b.1 2025-06-16 00:00:02.901 a 2025-06-16-00:00:01 226 090 339 0.2 0.9 1.7 20.9 19.6 732.7 0.00 0 0.0 34.0 24.1 24.4 3.626  -39.8   29.4    2.2  17    1.9   5 0 0 1 1 2 0 22.5 19.7 22.6 19.7 80.0 100 100 20 408 0 144 0 402 401 400 0 0 0 59 50 WAIT_ACK 0 
b.1 2025-06-16 00:01:01.263 a 2025-06-16-00:00:59 149 034 308 0.1 1.2 3.0 20.9 19.3 732.7 0.00 0 0.0 33.8 24.1 24.4 3.624  -40.7   29.4    2.2  17    1.8   0 0 0 1 1 2 0 22.4 19.7 22.6 19.7 80.0 100 100 20 408 0 144 0 401 401 400 0 0 0 59 50 WAIT_ACK 0 
b.1 2025-06-16 00:02:01.627 a 2025-06-16-00:01:59 219 075 275 0.1 0.9 2.4 20.8 19.8 732.7 0.00 0 0.0 33.9 24.1 24.4 3.626  -41.3   29.4    0.0  17    1.8   5 0 0 1 1 2 0 22.5 19.7 22.6 19.7 80.0 100 100 20 408 0 143 0 401 402 399 0 0 0 60 50 WAIT_ACK 0 
b.1 2025-06-16 00:03:01.665 a 2025-06-16-00:02:59 247 139 282 0.1 0.8 2.8 20.8 19.9 732.7 0.00 0 0.0 34.0 24.1 24.4 3.626  -40.2   29.4    2.2  17    1.9   5 0 0 1 1 2 0 22.4 19.7 22.6 19.7 80.0 100 100 20 408 0 144 0 401 401 399 0 0 0 60 50 WAIT_ACK 0 
b.1 2025-06-16 00:04:00.582 a 2025-06-16-00:03:58 242 135 270 0.1 0.7 2.0 21.0 19.9 732.7 0.00 0 0.0 34.2 24.1 24.4 3.632  -39.2   29.4    0.0  17    1.9   0 0 0 1 1 2 0 22.5 19.7 22.6 19.7 80.0 100 100 20 408 0 144 0 401 401 400 0 0 0 59 50 WAIT_ACK 0 
b.1 2025-06-16 00:05:01.825 a 2025-06-16-00:05:00 054 070 081 0.1 0.8 1.9 21.2 19.1 732.7 0.00 0 0.0 34.4 24.1 24.4 3.626  -39.3   29.3    2.2  17    1.9   0 0 0 1 1 2 0 22.5 19.6 22.6 19.7 80.0 100 100 20 408 0 144 0 402 401 400 0 0 0 59 50 WAIT_ACK 0 
b.1 2025-06-16 00:06:01.148 a 2025-06-16-00:05:59 060 199 265 0.1 0.5 2.0 21.3 18.9 732.8 0.00 0 0.0 34.8 24.1 24.4 3.626  -41.8   29.3    2.1  17    1.9   5 0 0 1 1 2 0 22.5 19.6 22.7 19.6 80.0 100 100 20 408 0 144 0 401 401 400 0 0 0 59 50 WAIT_ACK 0 
b.1 2025-06-16 00:07:01.687 a 2025-06-16-00:06:59 140 034 321 0.0 0.7 1.8 21.4 19.1 732.8 0.00 0 0.0 34.7 24.1 24.4 3.633  -41.1   29.3    0.0  17    1.9   0 0 0 1 1 2 0 22.5 19.6 22.7 19.6 80.0 100 100 20 408 0 144 0 401 401 400 0 0 0 60 50 WAIT_ACK 0 
b.1 2025-06-16 00:08:01.848 a 2025-06-16-00:08:00 130 353 225 0.1 0.6 1.8 21.5 18.9 732.8 0.00 0 0.0 34.9 24.1 24.4 3.626  -39.8   29.4    0.0  17    1.8   0 0 0 1 1 2 0 22.5 19.6 22.6 19.6 80.0 100 100 20 408 0 144 0 401 401 399 0 0 0 59 50 WAIT_ACK 0 
b.1 2025-06-16 00:09:02.029 a 2025-06-16-00:09:00 111 033 312 0.1 0.9 2.1 21.6 18.7 732.8 0.00 0 0.0 35.0 24.1 24.4 3.626  -40.6   29.4    2.2  17    1.8   0 0 0 1 1 2 0 22.5 19.5 22.7 19.6 80.0 100 100 20 408 0 144 0 401 401 399 0 0 0 59 50 WAIT_ACK 0 
b.1 2025-06-16 00:10:02.051 a 2025-06-16-00:10:00 103 069 305 0.1 0.8 1.6 21.5 18.8 732.7 0.00 0 0.0 34.9 24.1 24.4 3.631  -40.4   29.4    0.0  17    1.9   0 0 0 1 1 2 0 22.5 19.6 22.7 19.5 80.0 100 100 20 408 0 144 0 401 401 399 0 0 0 60 50 WAIT_ACK 0 
b.1 2025-06-16 00:11:00.989 a 2025-06-16-00:10:59 063 101 146 0.3 1.1 1.8 21.4 19.0 732.7 0.00 0 0.0 34.8 24.1 24.4 3.626  -40.4   29.5    0.0  17    1.9   0 0 0 1 1 2 0 22.5 19.5 22.7 19.5 80.0 100 100 20 408 0 144 0 401 401 399 0 0 0 59 50 WAIT_ACK 0 
b.1 2025-06-16 00:12:01.848 a 2025-06-16-00:12:00 016 088 199 0.3 1.7 3.0 21.3 18.7 732.7 0.00 0 0.0 34.2 24.1 24.4 3.624  -43.6   29.5    2.3  17    1.8   5 0 0 1 1 2 0 22.5 19.5 22.7 19.4 80.0 100 100 20 408 0 144 0 400 401 399 0 0 0 60 50 WAIT_ACK 0 
b.1 2025-06-16 00:13:01.469 a 2025-06-16-00:12:59 019 091 150 0.7 1.6 2.7 21.0 19.0 732.7 0.00 0 0.0 33.6 24.1 24.4 3.626  -43.0   29.5    2.3  17    1.7   5 0 0 1 1 2 0 22.5 19.5 22.6 19.4 80.0 100 100 20 408 0 144 0 401 401 399 0 0 0 59 50 WAIT_ACK 0 
b.1 2025-06-16 00:14:00.529 a 2025-06-16-00:13:58 027 090 151 0.4 1.6 2.8 20.9 19.2 732.7 0.00 0 0.0 33.3 24.1 24.4 3.628  -41.8   29.4    2.4  17    1.6   5 0 0 1 1 2 0 22.5 19.5 22.6 19.4 80.0 100 100 20 408 0 144 0 401 401 400 0 0 0 59 50 WAIT_ACK 0 
b.1 2025-06-16 00:15:00.750 a 2025-06-16-00:14:58 154 052 312 0.1 0.7 2.2 20.8 19.3 732.7 0.00 0 0.0 33.3 24.1 24.4 3.626  -39.2   29.3    0.0  17    1.6   0 0 0 1 1 2 0 22.5 19.5 22.5 19.5 80.0 100 100 20 408 0 143 0 401 401 400 0 0 0 59 50 WAIT_ACK 0 
b.1 2025-06-16 00:16:01.130 a 2025-06-16-00:15:59 107 339 235 0.1 1.1 2.6 20.9 19.7 732.7 0.00 0 0.0 33.4 24.1 24.4 3.626  -40.6   29.2    2.1  17    1.6   5 0 0 1 1 2 0 22.5 19.5 22.6 19.5 80.0 100 100 20 408 0 144 0 401 401 400 0 0 0 59 50 WAIT_ACK 0 
b.1 2025-06-16 00:17:00.690 a 2025-06-16-00:16:58 110 029 132 0.1 0.8 2.3 20.9 19.5 732.7 0.00 0 0.0 33.3 24.1 24.4 3.626  -40.5   29.2    0.0  17    1.6   0 0 0 1 1 2 0 22.4 19.5 22.5 19.4 80.0 100 100 20 408 0 144 0 401 401 399 0 0 0 59 50 WAIT_ACK 0 
b.1 2025-06-16 00:18:01.267 a 2025-06-16-00:17:59 125 078 232 0.0 0.6 2.2 20.9 19.7 732.7 0.00 0 0.0 33.5 24.1 24.4 3.626  -39.2   29.2    0.0  17    1.7   0 0 0 1 1 2 0 22.4 19.5 22.5 19.5 80.0 100 100 20 408 0 144 0 401 401 399 0 0 0 59 50 WAIT_ACK 0 
b.1 2025-06-16 00:19:01.351 a 2025-06-16-00:18:59 112 050 265 0.1 0.6 1.5 21.0 19.7 732.7 0.00 0 0.0 33.7 24.1 24.4 3.626  -40.8   29.1    2.2  17    1.6   0 0 0 1 1 2 0 22.4 19.5 22.5 19.5 80.0 100 100 20 408 0 144 0 401 401 399 0 0 0 60 50 WAIT_ACK 0 
b.1 2025-06-16 00:20:02.036 a 2025-06-16-00:20:00 142 057 302 0.0 0.8 2.4 21.1 19.7 732.7 0.00 0 0.0 33.8 24.1 24.5 3.633  -39.6   29.1    0.0  17    1.6   0 0 0 1 1 2 0 22.4 19.5 22.5 19.5 80.0 100 100 20 408 0 144 0 401 401 399 0 0 0 59 50 WAIT_ACK 0 
b.1 2025-06-16 00:21:01.609 a 2025-06-16-00:20:59 120 179 305 0.0 0.4 1.1 21.1 19.7 732.7 0.00 0 0.0 34.0 24.1 24.4 3.624  -39.8   29.1    0.0  17    1.8   0 0 0 1 1 2 0 22.4 19.5 22.5 19.5 80.0 100 100 20 408 0 144 0 401 401 400 0 0 0 59 50 WAIT_ACK 0 
b.1 2025-06-16 00:22:01.029 a 2025-06-16-00:21:59 055 025 144 0.1 0.3 1.7 21.2 19.3 732.7 0.00 0 0.0 34.4 24.1 24.4 3.626  -41.3   29.0    0.0  17    1.7   0 0 0 1 1 2 0 22.4 19.6 22.5 19.4 80.0 100 100 20 408 0 144 0 401 401 399 0 0 0 59 50 WAIT_ACK 0 
b.1 2025-06-16 00:23:00.553 a 2025-06-16-00:22:58 166 089 232 0.1 0.6 1.7 21.4 19.3 732.7 0.00 0 0.0 34.5 24.1 24.4 3.632  -40.8   29.0    0.0  17    1.7   5 0 0 1 1 2 0 22.4 19.6 22.5 19.5 80.0 100 100 20 408 0 144 0 401 402 399 0 0 0 59 50 WAIT_ACK 0 
b.1 2025-06-16 00:24:00.711 a 2025-06-16-00:23:58 055 039 270 0.0 0.7 1.9 21.5 18.9 732.7 0.00 0 0.0 34.5 24.1 24.4 3.624  -41.0   29.0    0.0  17    1.8   0 0 0 1 1 2 0 22.4 19.6 22.5 19.5 80.0 100 100 20 408 0 144 0 401 401 399 0 0 0 59 50 WAIT_ACK 0 
b.1 2025-06-16 00:25:01.673 a 2025-06-16-00:24:59 140 043 251 0.1 0.9 2.4 21.5 18.9 732.7 0.00 0 0.0 34.4 24.1 24.4 3.626  -41.7   29.1    2.2  17    1.8   5 0 0 1 1 2 0 22.4 19.5 22.5 19.5 80.0 100 100 20 408 0 144 0 402 401 400 0 0 0 59 50 WAIT_ACK 0 
b.1 2025-06-16 00:26:01.332 a 2025-06-16-00:25:59 003 068 221 0.0 0.4 1.9 21.5 19.1 732.7 0.00 0 0.0 34.5 24.1 24.4 3.624  -41.3   29.2    0.0  17    1.9   5 0 0 1 1 2 0 22.4 19.5 22.5 19.4 80.0 100 100 20 408 0 144 0 401 401 400 0 0 0 59 50 WAIT_ACK 0 
b.1 2025-06-16 00:27:01.029 a 2025-06-16-00:26:59 121 071 295 0.2 0.9 1.9 21.5 18.8 732.7 0.00 0 0.0 34.2 24.1 24.4 3.624  -42.2   29.2    2.2  17    1.8   5 0 0 1 1 2 0 22.4 19.5 22.5 19.4 80.0 100 100 20 408 0 144 0 401 401 399 0 0 0 59 50 WAIT_ACK 0 
b.1 2025-06-16 00:28:01.910 a 2025-06-16-00:28:00 175 037 241 0.1 0.8 1.8 21.4 19.3 732.7 0.00 0 0.0 34.2 24.1 24.4 3.624  -41.9   29.2    2.2  17    1.9   5 0 0 1 1 2 0 22.4 19.5 22.4 19.5 80.0 100 100 20 408 0 144 0 401 401 400 0 0 0 59 50 WAIT_ACK 0 
b.1 2025-06-16 00:29:00.374 a 2025-06-16-00:28:58 135 018 220 0.0 0.8 1.6 21.4 19.3 732.7 0.00 0 0.0 34.0 24.1 24.4 3.623  -42.0   29.3    2.2  17    1.8   5 0 0 1 1 2 0 22.4 19.5 22.4 19.5 80.0 100 100 20 408 0 144 0 401 401 400 0 0 0 59 50 WAIT_ACK 0 
b.1 2025-06-16 00:30:01.437 a 2025-06-16-00:29:59 027 072 123 0.5 1.3 2.3 21.3 18.8 732.7 0.00 0 0.0 33.7 24.1 24.4 3.626  -43.1   29.3    2.3  17    1.8   5 0 0 1 1 2 0 22.4 19.5 22.5 19.5 80.0 100 100 20 408 0 144 0 401 401 399 0 0 0 59 50 WAIT_ACK 0 
b.1 2025-06-16 00:31:01.377 a 2025-06-16-00:30:59 036 091 130 0.2 1.2 2.2 21.1 19.0 732.7 0.00 0 0.0 33.2 24.1 24.4 3.624  -41.0   29.3    2.2  17    1.7   5 0 0 1 1 2 0 22.3 19.5 22.4 19.5 80.0 100 100 20 408 0 144 0 401 401 399 0 0 0 60 50 WAIT_ACK 0 
b.1 2025-06-16 00:32:00.430 a 2025-06-16-00:31:58 129 050 270 0.1 0.5 1.4 20.8 19.3 732.6 0.00 0 0.0 33.3 24.1 24.4 3.626  -43.2   29.3    0.0  17    1.7   5 0 0 1 1 2 0 22.3 19.4 22.4 19.5 80.0 100 100 20 408 0 144 0 401 401 400 0 0 0 59 50 WAIT_ACK 0 
b.1 2025-06-16 00:33:01.595 a 2025-06-16-00:32:59 178 042 240 0.1 1.5 3.3 20.8 19.3 732.6 0.00 0 0.0 32.8 24.1 24.4 3.626  -43.8   29.3    2.3  17    1.7   5 0 0 1 1 2 0 22.3 19.4 22.4 19.4 80.0 100 100 20 408 0 143 0 401 401 400 0 0 0 60 50 WAIT_ACK 0 
b.1 2025-06-16 00:34:01.617 a 2025-06-16-00:33:59 138 030 220 0.1 1.2 3.2 20.6 20.0 732.6 0.00 0 0.0 32.2 24.1 24.4 3.626  -42.9   29.2    2.3  17    1.7   5 0 0 1 1 2 0 22.3 19.5 22.4 19.4 80.0 100 100 20 408 0 144 0 402 401 400 0 0 0 59 50 WAIT_ACK 0 
b.1 2025-06-16 00:35:01.280 a 2025-06-16-00:34:59 175 093 345 0.3 1.4 3.3 20.5 19.9 732.6 0.00 0 0.0 31.9 24.2 24.4 3.624  -43.0   29.2    2.3  17    1.6   5 0 0 1 1 2 0 22.3 19.3 22.4 19.4 80.0 100 100 20 408 0 144 0 401 401 400 0 0 0 60 50 WAIT_ACK 0 
b.1 2025-06-16 00:36:01.493 a 2025-06-16-00:35:59 149 087 264 0.1 0.7 2.5 20.4 19.8 732.6 0.00 0 0.0 31.9 24.1 24.4 3.633  -41.3   29.1    2.1  17    1.5   5 0 0 1 1 2 0 22.3 19.4 22.4 19.3 80.0 100 100 20 408 0 144 0 401 401 400 0 0 0 59 50 WAIT_ACK 0 
b.1 2025-06-16 00:37:01.493 a 2025-06-16-00:36:59 167 068 238 0.2 1.1 2.5 20.5 19.6 732.6 0.00 0 0.0 31.9 24.1 24.4 3.626  -43.1   29.0    2.2  17    1.6   5 0 0 1 1 2 0 22.2 19.3 22.3 19.4 80.0 100 100 20 408 0 144 0 401 402 399 0 0 0 59 50 WAIT_ACK 0 
b.1 2025-06-16 00:38:02.180 a 2025-06-16-00:38:00 097 035 270 0.1 1.6 3.2 20.5 19.4 732.6 0.00 0 0.0 31.3 24.1 24.4 3.624  -43.5   29.0    2.3  17    1.5   5 0 0 1 1 2 0 22.2 19.4 22.3 19.4 80.0 100 100 20 408 0 144 0 401 401 400 0 0 0 59 50 WAIT_ACK 0 
b.1 2025-06-16 00:39:01.276 a 2025-06-16-00:38:59 151 030 258 0.1 1.4 3.3 20.4 19.4 732.6 0.00 0 0.0 30.9 24.1 24.4 3.632  -42.2   28.9    2.3  17    1.5   5 0 0 1 1 2 0 22.2 19.3 22.3 19.3 80.0 100 100 20 408 0 144 0 401 401 400 0 0 0 59 50 WAIT_ACK 0 
b.1 2025-06-16 00:40:02.668 a 2025-06-16-00:40:00 103 046 310 0.0 0.8 1.7 20.3 19.9 732.6 0.00 0 0.0 31.0 24.1 24.4 3.626  -42.2   28.9    2.1  17    1.5   5 0 0 1 1 2 0 22.2 19.3 22.3 19.2 80.0 100 100 20 408 0 144 0 401 401 400 0 0 0 60 50 WAIT_ACK 0 
b.1 2025-06-16 00:41:01.016 a 2025-06-16-00:40:59 158 050 300 0.1 0.6 1.5 20.4 20.0 732.6 0.00 0 0.0 31.3 24.1 24.4 3.626  -41.7   28.9    0.0  17    1.4   5 0 0 1 1 2 0 22.2 19.3 22.3 19.2 80.0 100 100 20 408 0 144 0 402 401 400 0 0 0 60 50 WAIT_ACK 0 
b.1 2025-06-16 00:42:01.657 a 2025-06-16-00:41:59 018 028 139 0.1 1.0 2.3 20.6 19.3 732.6 0.00 0 0.0 31.3 24.1 24.4 3.626  -41.4   28.9    2.2  17    1.5   5 0 0 1 1 2 0 22.2 19.3 22.3 19.2 80.0 100 100 20 408 0 144 0 401 402 399 0 0 0 59 50 WAIT_ACK 0 
b.1 2025-06-16 00:43:01.678 a 2025-06-16-00:42:59 129 039 291 0.1 0.9 2.2 20.6 19.7 732.6 0.00 0 0.0 31.3 24.1 24.4 3.626  -45.2   28.9    2.2  17    1.5   5 0 0 1 1 2 0 22.2 19.2 22.3 19.2 80.0 100 100 20 408 0 144 0 401 401 400 0 0 0 60 50 WAIT_ACK 0 
b.1 2025-06-16 00:44:01.055 a 2025-06-16-00:43:59 187 082 313 0.1 1.0 1.7 20.6 19.0 732.5 0.00 0 0.0 31.2 24.1 24.4 3.626  -42.4   28.9    2.2  17    1.5   5 0 0 1 1 2 0 22.2 19.2 22.3 19.2 80.0 100 100 20 408 0 144 0 401 401 399 0 0 0 59 50 WAIT_ACK 0 
b.1 2025-06-16 00:45:01.596 a 2025-06-16-00:44:59 026 084 124 0.5 1.2 2.0 20.5 19.1 732.5 0.00 0 0.0 31.0 24.1 24.4 3.626  -45.2   28.9    2.2  17    1.4   5 0 0 1 1 2 0 22.2 19.1 22.3 19.2 80.0 100 100 20 408 0 144 0 401 401 400 0 0 0 59 50 WAIT_ACK 0 
b.1 2025-06-16 00:46:01.536 a 2025-06-16-00:45:59 147 100 315 0.1 0.7 1.4 20.4 19.3 732.5 0.00 0 0.0 31.0 24.1 24.4 3.628  -41.8   28.9    0.0  17    1.4   5 0 0 1 1 2 0 22.2 19.2 22.3 19.2 80.0 100 100 20 408 0 144 0 401 401 399 0 0 0 59 50 WAIT_ACK 0 
b.1 2025-06-16 00:47:00.836 a 2025-06-16-00:46:58 180 355 257 0.1 0.5 1.3 20.4 19.6 732.5 0.00 0 0.0 31.3 24.1 24.4 3.626  -41.7   28.9    0.0  17    1.4   5 0 0 1 1 2 0 22.2 19.1 22.3 19.1 80.0 100 100 20 408 0 144 0 401 401 399 0 0 0 59 50 WAIT_ACK 0 
b.1 2025-06-16 00:48:00.144 a 2025-06-16-00:47:58 093 332 234 0.1 0.8 1.7 20.5 19.4 732.5 0.00 0 0.0 31.5 24.1 24.5 3.626  -41.0   28.9    0.0  17    1.4   5 0 0 1 1 2 0 22.2 19.1 22.3 19.2 80.0 100 100 20 408 0 144 0 401 401 399 0 0 0 59 50 WAIT_ACK 0 
b.1 2025-06-16 00:49:01.578 a 2025-06-16-00:48:59 031 333 195 0.0 0.8 1.7 20.7 18.9 732.5 0.00 0 0.0 31.3 24.1 24.4 3.624  -42.9   28.9    2.2  17    1.4   5 0 0 1 1 2 0 22.2 19.0 22.4 19.2 80.0 100 100 20 408 0 144 0 401 401 399 0 0 0 59 50 WAIT_ACK 0 
b.1 2025-06-16 00:50:02.223 a 2025-06-16-00:50:00 130 013 227 0.1 0.8 1.8 20.8 18.6 732.5 0.00 0 0.0 31.2 24.1 24.4 3.626  -42.6   28.9    2.2  17    1.3   5 0 0 1 1 2 0 22.3 19.0 22.4 19.0 80.0 100 100 20 408 0 144 0 401 401 400 0 0 0 60 50 WAIT_ACK 0 
b.1 2025-06-16 00:51:02.479 a 2025-06-16-00:51:00 121 044 301 0.2 1.7 3.4 20.7 18.6 732.5 0.00 0 0.0 30.5 24.1 24.4 3.626  -45.9   28.9    2.3  17    1.3   5 0 0 1 1 2 0 22.3 18.9 22.4 18.9 80.0 100 100 20 408 0 144 0 401 401 400 0 0 0 60 50 WAIT_ACK 0 
b.1 2025-06-16 00:52:00.641 a 2025-06-16-00:51:58 120 027 302 0.2 1.2 2.9 20.7 18.6 732.5 0.00 0 0.0 30.0 24.1 24.4 3.632  -42.1   28.8    2.2  17    1.1   5 0 0 1 1 2 0 22.2 18.8 22.4 18.8 80.0 100 100 20 408 0 144 0 401 401 399 0 0 0 59 50 WAIT_ACK 0 
b.1 2025-06-16 00:53:00.104 a 2025-06-16-00:52:58 018 247 222 0.0 0.4 1.0 20.5 19.3 732.5 0.00 0 0.0 30.3 24.1 24.4 3.626  -41.7   28.8    0.0  17    1.2   5 0 0 1 1 2 0 22.2 18.8 22.4 18.7 80.0 100 100 20 408 0 144 0 401 402 399 0 0 0 59 50 WAIT_ACK 0 
b.1 2025-06-16 00:54:00.921 a 2025-06-16-00:53:59 021 087 152 0.1 1.1 2.5 20.5 19.3 732.5 0.00 0 0.0 30.5 24.1 24.4 3.628  -43.6   28.7    2.2  17    1.2   5 0 0 1 1 2 0 22.2 18.7 22.3 18.7 80.0 100 100 20 408 0 144 0 401 402 399 0 0 0 60 50 WAIT_ACK 0 
b.1 2025-06-16 00:55:00.845 a 2025-06-16-00:54:59 012 059 132 0.5 1.5 2.5 20.5 18.2 732.5 0.00 0 0.0 30.0 24.1 24.4 3.626  -44.7   28.7    2.4  17    1.0   5 0 0 1 1 2 0 22.3 18.5 22.3 18.5 80.0 100 100 20 408 0 144 0 401 402 400 0 0 0 59 50 WAIT_ACK 0 
b.1 2025-06-16 00:56:00.963 a 2025-06-16-00:55:59 012 077 124 0.3 1.2 2.2 20.4 18.4 732.5 0.00 0 0.0 29.7 24.1 24.4 3.624  -43.0   28.7    2.3  17    1.0   5 0 0 1 1 2 0 22.3 18.5 22.3 18.5 80.0 100 100 20 408 0 144 0 401 401 400 0 0 0 60 50 WAIT_ACK 0 
b.1 2025-06-16 00:57:01.163 a 2025-06-16-00:56:59 155 034 311 0.1 1.5 3.4 20.2 19.1 732.5 0.00 0 0.0 29.5 24.1 24.4 3.626  -44.1   28.6    2.4  17    0.9   5 0 0 1 1 2 0 22.2 18.4 22.3 18.4 80.0 100 100 20 408 0 144 0 401 401 400 0 0 0 59 50 WAIT_ACK 0 
b.1 2025-06-16 00:58:01.164 a 2025-06-16-00:57:59 082 006 224 0.0 1.2 3.1 20.1 18.8 732.4 0.00 0 0.0 29.1 24.1 24.4 3.626  -42.0   28.5    2.3  17    0.8   5 0 0 1 1 2 0 22.2 18.4 22.3 18.3 80.0 100 100 20 408 0 144 0 401 401 399 0 0 0 60 50 WAIT_ACK 0 
b.1 2025-06-16 00:59:00.726 a 2025-06-16-00:58:58 110 022 232 0.2 1.1 2.4 20.0 19.0 732.5 0.00 0 0.0 29.1 24.1 24.4 3.626  -44.4   28.4    2.3  17    0.8   5 0 0 1 1 2 0 22.2 18.4 22.3 18.3 80.0 100 100 20 408 0 144 0 401 401 399 0 0 0 59 50 WAIT_ACK 0 
b.1 2025-06-16 01:00:01.127 a 2025-06-16-00:59:59 129 044 214 0.1 0.7 2.5 20.0 19.1 732.5 0.00 0 0.0 29.1 24.1 24.4 3.626  -43.5   28.4    2.1  17    0.8   5 0 0 1 1 2 0 22.2 18.5 22.2 18.4 80.0 100 100 20 408 0 144 0 400 401 399 0 0 0 60 50 WAIT_ACK 0 
b.1 2025-06-16 01:01:02.125 a 2025-06-16-01:01:00 128 037 270 0.0 0.8 1.8 20.1 19.6 732.5 0.00 0 0.0 29.3 24.1 24.4 3.624  -42.9   28.4    2.2  17    0.9   5 0 0 1 1 2 0 22.1 18.4 22.2 18.4 80.0 100 100 20 408 0 144 0 401 401 400 0 0 0 60 50 WAIT_ACK 0 
b.1 2025-06-16 01:02:01.924 a 2025-06-16-01:02:00 121 033 331 0.2 1.3 2.1 20.1 18.8 732.5 0.00 0 0.0 29.0 24.1 24.4 3.626  -42.9   28.4    2.3  17    0.8   5 0 0 1 1 2 0 22.1 18.4 22.2 18.3 80.0 100 100 20 408 0 144 0 401 401 400 0 0 0 59 50 WAIT_ACK 0 
b.1 2025-06-16 01:03:01.523 a 2025-06-16-01:02:59 009 040 092 0.6 1.8 2.9 20.1 18.8 732.5 0.00 0 0.0 28.5 24.1 24.4 3.624  -43.3   28.3    2.6  17    0.7   5 0 0 1 1 2 0 22.0 18.4 22.2 18.3 80.0 100 100 20 408 0 144 0 401 402 400 0 0 0 60 50 WAIT_ACK 0 
b.1 2025-06-16 01:04:00.588 a 2025-06-16-01:03:58 009 041 119 0.4 2.0 2.9 19.8 19.1 732.5 0.00 0 0.0 28.0 24.1 24.4 3.626  -45.6   28.2    3.0  17    0.6   5 0 0 1 1 2 0 22.0 18.4 22.2 18.3 80.0 100 100 20 408 0 143 0 401 401 400 0 0 0 59 50 WAIT_ACK 0 
b.1 2025-06-16 01:05:01.763 a 2025-06-16-01:04:59 002 029 054 0.7 2.0 2.9 19.6 19.1 732.5 0.00 0 0.0 27.4 24.1 24.4 3.626  -43.0   28.1    3.3  17    0.5   5 0 0 1 1 2 0 22.0 18.4 22.1 18.3 80.0 100 100 20 408 0 143 0 401 401 400 0 0 0 60 50 WAIT_ACK 0 
b.1 2025-06-16 01:06:01.387 a 2025-06-16-01:05:59 016 032 057 1.1 1.9 2.8 19.5 19.5 732.4 0.00 0 0.0 27.1 24.1 24.4 3.626  -44.3   27.9    3.6  17    0.4   5 0 0 1 1 2 0 22.0 18.3 22.1 18.3 80.0 100 100 20 408 0 144 0 401 401 400 0 0 0 60 50 WAIT_ACK 0 
b.1 2025-06-16 01:06:59.825 a 2025-06-16-01:06:57 140 075 310 0.2 1.4 3.0 19.3 19.7 732.4 0.00 0 0.0 26.8 24.1 24.4 3.626  -43.4   27.7    3.0  17    0.3   5 0 0 1 1 2 0 21.9 18.4 22.1 18.2 80.0 100 100 20 408 0 143 0 401 401 400 0 0 0 59 50 WAIT_ACK 0 
b.1 2025-06-16 01:08:00.286 a 2025-06-16-01:07:58 146 091 300 0.2 1.2 2.8 19.3 19.8 732.4 0.00 0 0.0 26.9 24.1 24.4 3.633  -43.5   27.6    2.6  17    0.3   5 0 0 1 1 2 0 21.9 18.4 22.1 18.2 80.0 100 100 20 408 0 144 0 401 401 400 0 0 0 60 50 WAIT_ACK 0 
b.1 2025-06-16 01:09:00.947 a 2025-06-16-01:08:59 122 089 314 0.1 0.7 1.3 19.3 19.7 732.4 0.00 0 0.0 27.2 24.1 24.4 3.626  -44.2   27.4    2.2  17    0.2   5 0 0 1 1 2 0 21.9 18.4 22.1 18.3 80.0 100 100 20 408 0 144 0 401 401 399 0 0 0 60 50 WAIT_ACK 0 
b.1 2025-06-16 01:10:01.809 a 2025-06-16-01:09:59 129 082 289 0.1 0.7 1.3 19.4 19.7 732.5 0.00 0 0.0 27.5 24.1 24.4 3.626  -44.6   27.3    2.1  17    0.2   5 0 0 1 1 2 0 21.9 18.4 22.1 18.3 80.0 100 100 20 408 0 144 0 401 401 400 0 0 0 59 50 WAIT_ACK 0 
b.1 2025-06-16 01:11:01.506 a 2025-06-16-01:10:59 129 069 289 0.2 0.6 1.2 19.4 19.7 732.5 0.00 0 0.0 27.7 24.1 24.4 3.626  -42.5   27.4    0.0  17    0.3   5 0 0 1 1 2 0 21.9 18.4 22.0 18.3 80.0 100 100 20 408 0 144 0 401 401 400 0 0 0 60 50 WAIT_ACK 0 
b.1 2025-06-16 01:12:01.688 a 2025-06-16-01:11:59 008 042 110 0.4 1.0 1.7 19.5 19.1 732.5 0.00 0 0.0 27.7 24.1 24.4 3.626  -42.6   27.4    2.2  17    0.3   5 0 0 1 1 2 0 22.0 18.2 22.0 18.3 80.0 100 100 20 408 0 144 0 401 401 399 0 0 0 59 50 WAIT_ACK 0 
b.1 2025-06-16 01:13:00.391 a 2025-06-16-01:12:58 019 053 099 0.4 1.4 2.9 19.5 19.2 732.4 0.00 0 0.0 27.6 24.1 24.4 3.626  -43.7   27.5    2.3  17    0.3   5 0 0 1 1 2 0 22.0 18.2 22.1 18.1 80.0 100 100 20 408 0 144 0 401 401 399 0 0 0 60 50 WAIT_ACK 0 
b.1 2025-06-16 01:14:00.688 a 2025-06-16-01:13:58 082 024 227 0.3 2.1 3.0 19.4 19.2 732.4 0.00 0 0.0 27.0 24.1 24.4 3.624  -45.6   27.5    2.7  17    0.3   5 0 0 1 1 2 0 22.0 18.1 22.1 18.1 80.0 100 100 20 408 0 143 0 401 401 400 0 0 0 59 50 WAIT_ACK 0 
b.1 2025-06-16 01:15:01.434 a 2025-06-16-01:14:59 151 023 282 0.1 1.6 2.9 19.2 19.6 732.4 0.00 0 0.0 26.6 24.1 24.4 3.626  -43.3   27.5    2.6  17    0.3   7 0 0 1 1 2 0 22.0 18.1 22.1 18.1 80.0 100 100 20 408 0 143 0 401 401 399 0 0 0 59 50 WAIT_ACK 0 
b.1 2025-06-16 01:16:01.647 a 2025-06-16-01:15:59 164 023 233 0.2 1.7 3.0 19.2 19.6 732.4 0.00 0 0.0 26.4 24.1 24.5 3.627  -45.1   27.5    2.7  17    0.2   7 0 0 1 1 2 0 22.0 18.1 22.1 18.0 80.0 100 100 20 408 0 143 0 401 401 399 0 0 0 60 50 WAIT_ACK 0 
b.1 2025-06-16 01:17:01.072 a 2025-06-16-01:16:59 151 051 306 0.0 1.7 2.9 19.1 19.7 732.4 0.00 0 0.0 26.1 24.1 24.4 3.626  -44.4   27.5    2.6  17    0.2   7 0 0 1 1 2 0 21.9 18.1 22.0 18.0 80.0 100 100 20 408 0 144 0 401 401 400 0 0 0 59 50 WAIT_ACK 0 
b.1 2025-06-16 01:18:01.272 a 2025-06-16-01:17:59 053 122 249 0.2 1.3 2.8 19.1 19.8 732.4 0.00 0 0.0 26.2 24.1 24.4 3.628  -43.4   27.4    2.4  17    0.1   7 0 0 1 1 2 0 21.9 18.0 22.0 18.1 80.0 100 100 20 408 0 144 0 401 401 399 0 0 0 60 50 WAIT_ACK 0 
b.1 2025-06-16 01:19:01.030 a 2025-06-16-01:18:59 080 042 348 0.3 1.2 1.7 19.1 19.2 732.5 0.00 0 0.0 26.3 24.1 24.4 3.626  -43.8   27.3    2.4  17    0.1   7 0 0 1 1 2 0 21.9 18.1 22.0 18.0 80.0 100 100 20 408 0 144 0 401 401 400 0 0 0 59 50 AUTO_PARK 0 
b.1 2025-06-16 01:20:02.138 a 2025-06-16-01:20:00 095 026 238 0.2 1.3 2.3 19.2 19.2 732.4 0.00 0 0.0 26.3 24.1 24.4 3.626  -43.7   27.3    2.5  17    0.1   5 0 0 1 1 2 0 21.9 18.0 22.0 17.9 80.0 100 100 20 408 0 144 0 401 401 400 0 0 0 59 50 AUTO_PARK 0 
b.1 2025-06-16 01:21:00.509 a 2025-06-16-01:20:58 017 024 036 1.5 2.2 2.7 19.1 18.9 732.4 0.00 0 0.0 25.9 24.1 24.4 3.627  -45.1   27.3    3.0  17    0.0   5 0 0 1 1 2 0 21.8 17.9 21.9 17.8 80.0 100 100 20 408 0 144 0 401 401 399 0 0 0 59 50 AUTO_PARK 0 
b.1 2025-06-16 01:22:00.710 a 2025-06-16-01:21:58 044 017 244 0.2 1.9 2.5 19.0 19.0 732.4 0.00 0 0.0 25.7 24.1 24.4 3.626  -44.7   27.2    3.2  17   -0.1   6 0 0 1 1 2 0 21.8 17.7 21.9 17.6 80.0 100 100 20 408 0 144 0 400 401 399 0 0 0 59 50 AUTO_PARK 0 
b.1 2025-06-16 01:23:00.713 a 2025-06-16-01:22:58 073 024 202 0.2 1.4 2.9 18.9 19.3 732.4 0.00 0 0.0 25.5 24.1 24.4 3.632  -45.2   27.2    2.9  17   -0.2   7 0 0 1 1 2 0 21.8 17.7 21.9 17.6 80.0 100 100 20 408 0 143 0 401 401 400 0 0 0 59 50 AUTO_PARK 0 
b.1 2025-06-16 01:24:01.494 a 2025-06-16-01:23:59 133 026 202 0.2 1.2 2.2 18.9 19.3 732.4 0.00 0 0.0 25.4 24.1 24.4 3.633  -44.3   27.1    2.7  17   -0.2   7 0 0 1 1 2 0 21.8 17.6 21.9 17.5 80.0 100 100 20 408 0 143 0 401 401 400 0 0 0 59 50 AUTO_PARK 0 
b.1 2025-06-16 01:25:00.214 a 2025-06-16-01:24:58 107 030 228 0.3 1.3 2.1 18.9 19.0 732.4 0.00 0 0.0 25.5 24.1 24.4 3.626  -44.2   27.1    2.6  17   -0.3   7 0 0 1 1 2 0 21.8 17.6 21.9 17.5 80.0 100 100 20 408 0 143 0 401 402 399 0 0 0 59 50 AUTO_PARK 0 
b.1 2025-06-16 01:26:01.493 a 2025-06-16-01:25:59 114 032 341 0.4 1.7 2.9 18.9 19.0 732.4 0.00 0 0.0 25.3 24.1 24.4 3.628  -45.0   27.0    2.7  17   -0.3   7 0 0 1 1 2 0 21.8 17.5 21.9 17.4 80.0 100 100 20 408 0 144 0 401 401 399 0 0 0 60 50 AUTO_PARK 0 
b.1 2025-06-16 01:27:01.335 a 2025-06-16-01:26:59 095 037 354 0.2 1.9 3.3 18.8 18.7 732.4 0.00 0 0.0 24.9 24.1 24.4 3.627  -45.1   27.0    3.1  17   -0.5   7 0 0 1 1 2 0 21.8 17.3 21.9 17.2 80.0 100 100 20 408 0 144 0 401 401 399 0 0 0 59 50 AUTO_PARK 0 
b.1 2025-06-16 01:28:02.151 a 2025-06-16-01:28:00 012 036 083 1.0 2.5 3.6 18.8 18.7 732.4 0.00 0 0.0 24.5 24.1 24.4 3.624  -45.8   26.8    4.0  17   -0.6   7 0 0 1 1 2 0 21.7 17.3 21.9 17.2 80.0 100 100 20 408 0 144 0 401 401 399 0 0 0 59 50 AUTO_PARK 0 
b.1 2025-06-16 01:29:01.115 a 2025-06-16-01:28:59 121 069 321 0.3 1.4 3.4 18.7 18.9 732.4 0.00 0 0.0 24.3 24.1 24.4 3.624  -43.3   26.6    3.1  17   -0.7   7 0 0 1 1 2 0 21.7 17.3 21.9 17.2 80.0 100 100 20 408 0 144 0 402 401 400 0 0 0 59 50 AUTO_PARK 0 
b.1 2025-06-16 01:30:02.576 a 2025-06-16-01:30:00 175 105 340 0.1 0.7 1.8 18.7 19.4 732.4 0.00 0 0.0 24.7 24.1 24.4 3.627  -42.7   26.5    2.3  17   -0.7   5 0 0 1 1 2 0 21.7 17.3 21.8 17.1 80.0 100 100 20 408 0 144 0 401 400 400 0 0 0 59 50 AUTO_PARK 0 
b.1 2025-06-16 01:31:01.572 a 2025-06-16-01:30:59 151 061 326 0.1 0.9 2.3 18.7 19.3 732.5 0.00 0 0.0 24.8 24.1 24.4 3.626  -44.6   26.5    2.3  17   -0.7   5 0 0 1 1 2 0 21.7 17.3 21.8 17.2 80.0 100 100 20 408 0 144 0 401 401 400 0 0 0 59 50 AUTO_PARK 0 
b.1 2025-06-16 01:32:00.535 a 2025-06-16-01:31:58 113 035 178 0.1 1.2 2.5 18.8 18.8 732.5 0.00 0 0.0 24.8 24.1 24.4 3.626  -42.9   26.5    2.2  17   -0.6   5 0 0 1 1 2 0 21.7 17.2 21.8 17.2 80.0 100 100 20 408 0 144 0 401 401 400 0 0 0 59 50 AUTO_PARK 0 
b.1 2025-06-16 01:33:02.117 a 2025-06-16-01:33:00 130 020 228 0.2 1.2 2.4 18.8 18.8 732.5 0.00 0 0.0 24.9 24.1 24.4 3.626  -44.6   26.5    2.3  17   -0.6   5 0 0 1 1 2 0 21.7 17.2 21.8 17.1 80.0 100 100 20 408 0 143 0 401 401 400 0 0 0 59 50 AUTO_PARK 0 
b.1 2025-06-16 01:34:01.073 a 2025-06-16-01:33:59 130 040 218 0.0 0.7 1.7 18.9 18.8 732.5 0.00 0 0.0 25.0 24.1 24.4 3.627  -43.5   26.5    2.1  17   -0.6   5 0 0 1 1 2 0 21.7 17.1 21.8 17.1 80.0 100 100 20 408 0 144 0 401 401 399 0 0 0 60 50 AUTO_PARK 0 
b.1 2025-06-16 01:35:01.687 a 2025-06-16-01:34:59 113 020 132 0.1 0.7 1.6 18.9 18.8 732.5 0.00 0 0.0 25.2 24.1 24.4 3.627  -44.4   26.5    0.0  17   -0.6   5 0 0 1 1 2 0 21.7 17.1 21.8 17.1 80.0 100 100 20 408 0 143 0 401 401 400 0 0 0 59 50 AUTO_PARK 0 
b.1 2025-06-16 01:35:59.801 a 2025-06-16-01:35:57 153 000 199 0.1 0.4 1.2 19.0 18.8 732.5 0.00 0 0.0 25.4 24.1 24.4 3.626  -44.3   26.6    0.0  17   -0.6   6 0 0 1 1 2 0 21.6 17.2 21.8 17.1 80.0 100 100 20 408 0 143 0 400 402 399 0 0 0 60 50 AUTO_PARK 0 
b.1 2025-06-16 01:37:01.500 a 2025-06-16-01:36:59 047 030 245 0.0 0.9 1.9 19.1 18.6 732.5 0.00 0 0.0 25.3 24.1 24.4 3.626  -45.3   26.7    0.0  17   -0.5   6 0 0 1 1 2 0 21.6 17.2 21.8 17.1 80.0 100 100 20 408 0 143 0 401 402 399 0 0 0 59 50 AUTO_PARK 0 
b.1 2025-06-16 01:38:00.177 a 2025-06-16-01:37:58 105 024 328 0.2 1.4 2.4 19.1 18.6 732.5 0.00 0 0.0 25.3 24.1 24.4 3.626  -46.0   26.8    2.2  17   -0.5   7 0 0 1 1 2 0 21.6 17.2 21.8 17.1 80.0 100 100 20 408 0 143 0 401 401 400 0 0 0 60 50 AUTO_PARK 0 
b.1 2025-06-16 01:39:00.861 a 2025-06-16-01:38:58 137 022 281 0.1 1.4 2.5 19.1 18.5 732.5 0.00 0 0.0 24.9 24.1 24.4 3.626  -45.5   26.8    2.3  17   -0.5   7 0 0 1 1 2 0 21.6 17.2 21.8 17.0 80.0 100 100 20 408 0 143 0 400 402 400 0 0 0 59 50 AUTO_PARK 0 
b.1 2025-06-16 01:40:02.464 a 2025-06-16-01:40:00 008 026 056 0.8 1.8 2.5 19.0 18.7 732.4 0.00 0 0.0 24.7 24.1 24.4 3.633  -45.4   26.8    2.6  17   -0.6   7 0 0 1 1 2 0 21.7 17.2 21.8 17.0 80.0 100 100 20 408 0 144 0 401 401 399 0 0 0 59 50 AUTO_PARK 0 
b.1 2025-06-16 01:41:02.177 a 2025-06-16-01:41:00 008 025 068 0.9 1.8 2.6 18.9 18.7 732.4 0.00 0 0.0 24.3 24.1 24.4 3.627  -45.7   26.8    2.8  17   -0.5   7 0 0 1 1 2 0 21.6 17.1 21.8 17.0 80.0 100 100 20 408 0 143 0 402 401 400 0 0 0 59 50 AUTO_PARK 0 
b.1 2025-06-16 01:42:01.982 a 2025-06-16-01:42:00 001 031 065 1.1 1.8 2.4 18.7 18.7 732.4 0.00 0 0.0 24.1 24.1 24.4 3.626  -45.5   26.8    3.0  17   -0.6   7 0 0 1 1 2 0 21.7 17.1 21.8 17.1 80.0 100 100 20 408 0 144 0 401 401 400 0 0 0 60 50 AUTO_PARK 0 
b.1 2025-06-16 01:43:01.398 a 2025-06-16-01:42:59 020 037 070 1.0 1.8 2.4 18.6 18.8 732.4 0.00 0 0.0 23.9 24.1 24.4 3.632  -46.5   26.7    3.1  16   -0.8   7 0 0 1 1 2 0 21.6 17.1 21.8 17.0 80.0 100 100 20 408 0 143 0 401 401 400 0 0 0 59 50 AUTO_PARK 0 
b.1 2025-06-16 01:44:01.382 a 2025-06-16-01:43:59 018 042 131 0.5 1.6 2.3 18.6 19.0 732.4 0.00 0 0.0 23.8 24.1 24.4 3.626  -45.7   26.6    3.0  16   -0.9   5 0 0 1 1 2 0 21.6 17.1 21.7 17.0 80.0 100 100 20 408 0 143 0 401 401 399 0 0 0 59 50 AUTO_PARK 0 
b.1 2025-06-16 01:45:02.088 a 2025-06-16-01:45:00 016 028 064 0.8 1.5 2.0 18.5 18.9 732.4 0.00 0 0.0 23.7 24.1 24.4 3.627  -44.8   26.5    3.0  17   -0.9   5 0 0 1 1 2 0 21.6 17.1 21.7 17.0 80.0 100 100 20 408 0 144 0 401 401 399 0 0 0 59 50 AUTO_PARK 0 
b.1 2025-06-16 01:46:00.944 a 2025-06-16-01:45:59 041 024 355 0.8 1.3 1.7 18.5 18.8 732.4 0.00 0 0.0 23.9 24.1 24.4 3.626  -45.6   26.4    2.7  17   -0.9   5 0 0 1 1 2 0 21.6 17.0 21.7 16.9 80.0 100 100 20 408 0 144 0 401 401 400 0 0 0 59 50 AUTO_PARK 0 
b.1 2025-06-16 01:47:01.661 a 2025-06-16-01:46:59 057 022 355 0.4 1.0 1.5 18.5 18.8 732.5 0.00 0 0.0 23.8 24.1 24.4 3.626  -44.1   26.4    2.4  17   -0.9   5 0 0 1 1 2 0 21.6 17.0 21.7 16.9 80.0 100 100 20 408 0 144 0 402 401 399 0 0 0 59 50 AUTO_PARK 0 
b.1 2025-06-16 01:48:00.421 a 2025-06-16-01:47:58 187 031 262 0.1 0.8 1.3 18.5 19.0 732.5 0.00 0 0.0 23.9 24.1 24.4 3.626  -44.7   26.4    2.2  17   -0.8   6 0 0 1 1 2 0 21.6 17.0 21.7 16.9 80.0 100 100 20 408 0 144 0 401 401 400 0 0 0 59 50 AUTO_PARK 0 
b.1 2025-06-16 01:49:00.680 a 2025-06-16-01:48:58 033 018 336 0.3 1.1 1.5 18.6 19.0 732.5 0.00 0 0.0 24.0 24.1 24.4 3.626  -45.6   26.5    2.2  17   -0.8   7 0 0 1 1 2 0 21.6 16.9 21.7 16.9 80.0 100 100 20 408 0 144 0 402 401 400 0 0 0 59 50 AUTO_PARK 0 
b.1 2025-06-16 01:50:01.410 a 2025-06-16-01:49:59 186 021 339 0.3 0.9 1.3 18.6 18.9 732.5 0.00 0 0.0 24.0 24.1 24.4 3.628  -45.0   26.5    2.2  17   -0.8   7 0 0 1 1 2 0 21.6 17.0 21.7 16.9 80.0 100 100 20 408 0 143 0 401 401 399 0 0 0 59 50 AUTO_PARK 0 
b.1 2025-06-16 01:51:02.229 a 2025-06-16-01:51:00 009 025 062 0.6 0.9 1.3 18.6 18.9 732.4 0.00 0 0.0 24.1 24.1 24.4 3.626  -45.2   26.6    2.2  17   -0.7   7 0 0 1 1 2 0 21.6 17.0 21.7 16.9 80.0 100 100 20 408 0 143 0 401 402 399 0 0 0 59 50 AUTO_PARK 0 
b.1 2025-06-16 01:52:00.062 a 2025-06-16-01:51:58 157 056 327 0.1 0.6 1.0 18.6 18.9 732.5 0.00 0 0.0 24.1 24.1 24.4 3.627  -45.0   26.7    0.0  17   -0.7   7 0 0 1 1 2 0 21.6 16.9 21.7 16.9 80.0 100 100 20 408 0 143 0 401 402 399 0 0 0 60 50 AUTO_PARK 0 
b.1 2025-06-16 01:53:01.582 a 2025-06-16-01:52:59 018 067 129 0.1 0.4 0.9 18.6 18.9 732.4 0.00 0 0.0 24.1 24.1 24.4 3.627  -46.7   26.7    2.1  17   -0.7   7 0 0 1 1 2 0 21.6 17.0 21.7 16.9 80.0 100 100 20 408 0 143 0 401 401 400 0 0 0 59 50 AUTO_PARK 0 
b.1 2025-06-16 01:54:01.526 a 2025-06-16-01:53:59 007 071 115 0.2 0.6 1.0 18.7 18.8 732.4 0.00 0 0.0 24.2 24.1 24.4 3.626  -45.7   26.8    0.0  17   -0.6   7 0 0 1 1 2 0 21.6 17.0 21.8 16.9 80.0 100 100 20 408 0 143 0 401 402 399 0 0 0 60 50 AUTO_PARK 0 
b.1 2025-06-16 01:55:01.144 a 2025-06-16-01:54:59 031 079 105 0.2 1.0 1.5 18.7 18.7 732.4 0.00 0 0.0 24.0 24.1 24.4 3.632  -46.9   26.8    2.2  16   -0.7   7 0 0 1 1 2 0 21.6 16.8 21.8 16.8 80.0 100 100 20 408 0 143 0 401 401 400 0 0 0 60 50 AUTO_PARK 0 
b.1 2025-06-16 01:56:02.045 a 2025-06-16-01:56:00 024 081 108 0.5 0.9 1.4 18.7 18.7 732.5 0.00 0 0.0 23.9 24.1 24.4 3.633  -47.7   26.9    2.2  16   -0.6   7 0 0 1 1 2 0 21.6 16.8 21.8 16.8 80.0 100 100 20 408 0 143 0 400 401 399 0 0 0 60 50 AUTO_PARK 0 
b.1 2025-06-16 01:57:01.645 a 2025-06-16-01:56:59 038 080 096 0.7 1.2 1.7 18.7 18.7 732.4 0.00 0 0.0 23.6 24.1 24.4 3.624  -47.9   26.9    2.3  16   -0.6   7 0 0 1 1 2 0 21.6 16.9 21.8 16.8 80.0 100 100 20 408 0 143 0 400 402 399 0 0 0 60 50 AUTO_PARK 0 
b.1 2025-06-16 01:58:01.684 a 2025-06-16-01:57:59 018 067 125 0.1 0.9 1.6 18.7 19.0 732.4 0.00 0 0.0 23.5 24.1 24.4 3.628  -46.6   26.9    2.2  16   -0.6   7 0 0 1 1 2 0 21.6 16.9 21.8 16.9 80.0 100 100 20 408 0 143 0 401 402 400 0 0 0 59 50 AUTO_PARK 0 
b.1 2025-06-16 01:59:01.805 a 2025-06-16-01:58:59 152 062 304 0.2 0.8 1.5 18.7 19.1 732.4 0.00 0 0.0 23.4 24.1 24.4 3.626  -45.8   26.9    2.2  16   -0.7   7 0 0 1 1 2 0 21.6 17.0 21.8 17.0 80.0 100 100 20 408 0 143 0 401 401 399 0 0 0 59 50 AUTO_PARK 0 
b.1 2025-06-16 02:00:01.045 a 2025-06-16-01:59:59 194 073 224 0.0 0.5 1.1 18.7 19.2 732.4 0.00 0 0.0 23.4 24.1 24.4 3.626  -45.9   26.8    0.0  16   -0.7   7 0 0 1 1 2 0 21.6 17.1 21.8 17.0 80.0 100 100 20 408 0 143 0 401 401 399 0 0 0 60 50 AUTO_PARK 0 
b.1 2025-06-16 02:01:01.404 a 2025-06-16-02:00:59 145 076 336 0.0 0.2 0.9 18.8 19.3 732.4 0.00 0 0.0 23.5 24.1 24.5 3.626  -46.0   26.8    0.0  17   -0.6   7 0 0 1 1 2 0 21.6 17.1 21.8 17.0 80.0 100 100 20 408 0 144 0 401 402 399 0 0 0 60 50 AUTO_PARK 0 
b.1 2025-06-16 02:02:00.187 a 2025-06-16-02:01:58 164 082 214 0.0 0.2 0.9 18.8 19.6 732.4 0.00 0 0.0 23.5 24.1 24.5 3.634  -45.8   26.7    0.0  17   -0.6   5 0 0 1 1 2 0 21.6 17.1 21.8 17.1 80.0 100 100 20 408 0 143 0 401 401 399 0 0 0 59 50 AUTO_PARK 0 
b.1 2025-06-16 02:03:00.233 a 2025-06-16-02:02:58 010 216 302 0.0 0.5 1.4 19.0 18.9 732.4 0.00 0 0.0 23.6 24.1 24.4 3.626  -45.6   26.7    2.1  17   -0.6   5 0 0 1 1 2 0 21.6 17.1 21.8 17.0 80.0 100 100 20 408 0 144 0 401 402 400 0 0 0 60 50 AUTO_PARK 0 
b.1 2025-06-16 02:04:00.446 a 2025-06-16-02:03:58 002 269 110 0.1 0.7 1.7 19.2 19.1 732.4 0.00 0 0.0 23.4 24.1 24.4 3.624  -45.5   26.6    2.1  17   -0.6   5 0 0 1 1 2 0 21.7 17.2 21.8 17.2 80.0 100 100 20 408 0 144 0 401 401 400 0 0 0 59 50 AUTO_PARK 0 
b.1 2025-06-16 02:04:59.969 a 2025-06-16-02:04:58 111 271 332 0.1 1.2 1.7 19.4 18.6 732.5 0.00 0 0.0 23.1 24.1 24.4 3.629  -45.4   26.6    2.2  17   -0.6   5 0 0 1 1 2 0 21.8 17.2 21.9 17.2 80.0 100 100 20 408 0 144 0 400 401 399 0 0 0 60 50 AUTO_PARK 0 
b.1 2025-06-16 02:06:01.667 a 2025-06-16-02:05:59 123 235 279 0.2 1.1 2.2 19.4 18.4 732.5 0.00 0 0.0 22.7 24.1 24.4 3.628  -46.2   26.6    2.2  17   -0.7   7 0 0 1 1 2 0 21.9 17.1 22.0 17.1 80.0 100 100 20 408 0 144 0 401 402 399 0 0 0 59 50 AUTO_PARK 0 
b.1 2025-06-16 02:07:00.529 a 2025-06-16-02:06:58 060 209 291 0.1 0.8 2.2 19.4 18.8 732.4 0.00 0 0.0 22.7 24.1 24.4 3.626  -47.0   26.6    2.2  17   -0.7   7 0 0 1 1 2 0 22.0 16.8 22.0 16.9 80.0 100 100 20 408 0 144 0 401 401 399 0 0 0 60 50 AUTO_PARK 0 
b.1 2025-06-16 02:08:01.032 a 2025-06-16-02:07:59 058 224 280 0.1 1.0 2.5 19.5 16.0 732.5 0.00 0 0.0 22.4 24.1 24.4 3.624  -45.9   26.6    2.2  16   -0.9   9 0 0 1 1 2 0 22.0 16.5 22.0 16.6 80.0 100 100 20 408 0 144 0 401 401 400 0 0 0 59 50 AUTO_PARK 0 
b.1 2025-06-16 02:09:01.130 a 2025-06-16-02:08:59 270 175 352 0.1 0.3 1.2 19.5 16.7 732.5 0.00 0 0.0 22.5 24.1 24.4 3.626  -45.9   26.6    0.0  16   -1.1   9 0 0 1 1 2 0 22.1 16.3 22.1 16.3 80.0 100 100 20 408 0 144 0 401 401 399 0 0 0 60 50 AUTO_PARK 0 
b.1 2025-06-16 02:10:00.653 a 2025-06-16-02:09:58 129 220 325 0.1 0.5 1.5 19.6 16.4 732.4 0.00 0 0.0 22.6 24.1 24.4 3.626  -45.9   26.5    0.0  16   -1.3   5 0 0 1 1 2 0 22.1 16.1 22.1 16.1 80.0 100 100 20 408 0 144 0 401 401 399 0 0 0 59 50 AUTO_PARK 0 
b.1 2025-06-16 02:11:01.555 a 2025-06-16-02:10:59 053 188 346 0.1 0.9 3.2 19.6 14.4 732.4 0.00 0 0.0 22.6 24.1 24.4 3.626  -45.5   26.4    0.0  16   -1.5   5 0 0 1 1 2 0 22.1 15.7 22.1 15.9 80.0 100 100 20 408 0 144 0 400 401 399 0 0 0 59 50 AUTO_PARK 0 
b.1 2025-06-16 02:12:01.730 a 2025-06-16-02:11:59 157 207 242 0.5 2.1 4.7 19.7 14.8 732.5 0.00 0 0.0 22.2 24.1 24.4 3.627  -47.8   26.3    2.3  16   -1.7   9 0 0 1 1 2 0 22.1 15.5 22.1 15.6 80.0 100 100 20 408 0 144 0 401 401 399 0 0 0 59 50 AUTO_PARK 0 
b.1 2025-06-16 02:13:01.349 a 2025-06-16-02:12:59 122 208 269 0.5 2.2 4.1 19.7 14.7 732.5 0.00 0 0.0 21.7 24.1 24.4 3.627  -47.8   26.2    2.5  16   -1.9   9 0 0 1 1 2 0 22.1 15.3 22.0 15.2 80.0 100 100 20 408 0 144 0 401 401 399 0 0 0 59 50 AUTO_PARK 0 
b.1 2025-06-16 02:14:01.832 a 2025-06-16-02:13:59 095 198 295 0.1 1.9 4.2 19.6 14.7 732.5 0.00 0 0.0 21.5 24.1 24.4 3.628  -51.3   26.1    2.5  16   -2.1   9 0 0 1 1 2 0 22.0 15.0 22.0 15.1 80.0 100 100 20 408 0 144 0 401 401 400 0 0 0 59 50 AUTO 0 
b.1 2025-06-16 02:15:01.957 a 2025-06-16-02:15:00 095 208 314 0.1 2.6 4.6 19.5 14.9 732.5 0.00 0 0.0 21.1 24.1 24.4 3.627  -48.2   26.0    2.9  16   -2.1   9 0 0 1 1 2 0 22.0 15.0 22.0 14.9 80.0 100 100 20 408 0 144 0 401 401 400 0 0 0 59 50 AUTO 0 
b.1 2025-06-16 02:16:01.150 a 2025-06-16-02:15:59 136 206 233 0.4 2.7 4.6 19.4 14.9 732.5 0.00 0 0.0 20.9 24.1 24.4 3.627  -46.5   25.9    3.2  16   -2.2   9 0 0 1 1 2 0 22.0 14.9 22.0 14.9 80.0 100 100 20 408 0 144 0 402 401 400 0 0 0 59 50 AUTO 0 
b.1 2025-06-16 02:17:02.049 a 2025-06-16-02:17:00 116 207 237 0.3 2.2 3.9 19.2 15.3 732.5 0.00 0 0.0 20.7 24.1 24.4 3.626  -46.6   25.8    3.0  16   -2.3   9 0 0 1 1 2 0 22.0 14.7 22.0 14.8 80.0 100 100 20 408 0 144 0 401 401 400 0 0 0 59 50 AUTO 0 
b.1 2025-06-16 02:18:01.114 a 2025-06-16-02:17:59 010 185 090 0.1 1.2 3.0 19.2 15.8 732.5 0.00 0 0.0 20.7 24.1 24.4 3.633  -45.7   25.7    2.5  16   -2.4   9 0 0 1 1 2 0 22.0 14.6 22.0 14.7 80.0 100 100 20 408 0 144 0 401 402 399 0 0 0 59 50 AUTO 0 
b.1 2025-06-16 02:19:01.713 a 2025-06-16-02:18:59 090 204 273 0.1 1.2 3.1 19.1 16.6 732.5 0.00 0 0.0 20.8 24.1 24.4 3.626  -45.1   25.6    2.2  16   -2.3   9 0 0 1 1 2 0 22.1 14.9 22.0 14.9 80.0 100 100 20 408 0 144 0 401 401 399 0 0 0 59 50 AUTO 0 
b.1 2025-06-16 02:20:01.894 a 2025-06-16-02:19:59 306 224 316 0.1 0.9 2.2 19.1 17.2 732.5 0.00 0 0.0 20.9 24.1 24.4 3.626  -45.3   25.6    0.0  16   -2.3   5 0 0 1 1 2 0 22.1 15.0 21.9 15.1 80.0 100 100 20 408 0 144 0 401 402 399 0 0 0 60 50 AUTO 0 
b.1 2025-06-16 02:21:02.259 a 2025-06-16-02:21:00 252 206 322 0.1 0.9 2.0 19.2 17.5 732.5 0.00 0 0.0 20.9 24.1 24.4 3.633  -45.4   25.5    0.0  16   -2.2   5 0 0 1 1 2 0 22.1 15.1 22.0 15.4 80.0 100 100 20 408 0 129 0 401 401 399 0 0 0 60 50 AUTO 0 
b.1 2025-06-16 02:22:00.095 a 2025-06-16-02:21:58 105 226 302 0.1 1.1 2.2 19.2 17.6 732.5 0.00 0 0.0 20.8 24.1 24.4 3.627  -44.7   25.5    2.1  16   -2.1   7 0 0 1 1 2 0 22.1 15.2 21.9 15.5 80.0 100 100 20 408 0 144 0 401 402 400 0 0 0 60 50 AUTO 0 
b.1 2025-06-16 02:23:00.413 a 2025-06-16-02:22:58 118 218 329 0.1 0.8 1.4 19.2 17.7 732.5 0.00 0 0.0 20.8 24.1 24.4 3.626  -45.0   25.4    0.0  16   -2.0   7 0 0 1 1 2 0 22.1 15.3 22.0 15.6 80.0 100 100 20 408 0 144 0 401 401 400 0 0 0 59 50 AUTO 0 
b.1 2025-06-16 02:24:00.993 a 2025-06-16-02:23:59 090 209 238 0.2 1.3 2.4 19.2 17.9 732.5 0.00 0 0.0 20.7 24.1 24.4 3.626  -45.3   25.4    2.2  16   -1.9   7 0 0 1 1 2 0 22.0 15.5 22.1 15.6 80.0 100 100 20 408 0 143 0 401 401 399 0 0 0 60 50 AUTO 0 
b.1 2025-06-16 02:25:02.094 a 2025-06-16-02:25:00 045 191 329 0.1 1.7 3.2 19.1 17.8 732.5 0.00 0 0.0 20.5 24.1 24.4 3.626  -44.6   25.3    2.2  16   -2.0   7 0 0 1 1 2 0 22.0 15.6 22.4 15.5 80.0 100 100 20 408 0 144 0 401 401 400 0 0 0 59 50 AUTO 0 
b.1 2025-06-16 02:26:01.154 a 2025-06-16-02:25:59 140 220 247 0.8 2.3 3.6 19.1 17.7 732.5 0.00 0 0.0 20.2 24.1 24.4 3.626  -47.3   25.3    2.5  16   -2.0   9 0 0 1 1 2 0 22.0 15.7 22.7 15.3 80.0 100 100 20 408 0 143 0 401 401 400 0 0 0 60 50 AUTO 0 
b.1 2025-06-16 02:27:00.259 a 2025-06-16-02:26:58 163 208 280 0.4 1.8 3.9 19.1 17.7 732.5 0.00 0 0.0 20.1 24.1 24.4 3.633  -48.4   25.3    2.5  16   -1.9   9 0 0 1 1 2 0 22.0 15.9 22.6 15.3 80.0 100 100 20 408 0 143 0 401 401 400 0 0 0 60 50 AUTO 0 
b.1 2025-06-16 02:28:00.976 a 2025-06-16-02:27:59 119 206 243 0.1 1.5 3.5 19.0 17.7 732.5 0.00 0 0.0 20.0 24.1 24.4 3.627  -45.6   25.2    2.4  16   -2.0   9 0 0 1 1 2 0 22.0 15.9 22.5 15.4 80.0 100 100 20 408 0 143 0 400 402 399 0 0 0 60 50 AUTO 0 
b.1 2025-06-16 02:29:01.058 a 2025-06-16-02:28:59 138 201 252 0.3 1.9 4.1 18.9 17.1 732.5 0.00 0 0.0 19.8 24.1 24.4 3.626  -47.5   25.1    2.4  16   -2.1   9 0 0 1 1 2 0 21.9 15.8 22.3 15.5 80.0 100 100 20 408 0 143 0 401 401 400 0 0 0 59 50 AUTO 0 
b.1 2025-06-16 02:30:02.075 a 2025-06-16-02:30:00 046 210 328 0.1 1.4 3.9 18.8 17.5 732.5 0.00 0 0.0 19.8 24.1 24.4 3.628  -45.4   25.1    2.4  16   -2.1   9 0 0 1 1 2 0 21.9 15.8 22.2 15.6 80.0 100 100 20 408 0 142 2 401 401 399 0 0 3 59 50 AUTO 0 
b.1 2025-06-16 02:31:01.138 a 2025-06-16-02:30:59 025 196 232 0.0 0.6 1.6 18.8 17.5 732.5 0.00 0 0.0 19.8 24.1 24.4 3.632  -45.5   25.0    2.1  16   -2.2   9 0 0 1 1 2 0 21.8 15.9 22.1 15.7 80.0 100 100 20 408 0 143 0 401 402 400 2 0 0 59 50 AUTO 0 
b.1 2025-06-16 02:32:01.757 a 2025-06-16-02:31:59 067 201 327 0.0 1.1 2.9 18.7 17.5 732.5 0.00 0 0.0 19.7 24.1 24.4 3.627  -46.0   24.9    2.2  16   -2.3   5 0 0 1 1 2 0 21.7 16.0 21.9 16.0 80.0 100 100 20 408 0 143 0 402 401 400 0 0 0 59 50 AUTO 0 
b.1 2025-06-16 02:33:01.676 a 2025-06-16-02:32:59 082 190 227 0.2 1.3 2.7 18.7 17.4 732.5 0.00 0 0.0 19.6 24.1 24.4 3.627  -46.1   24.8    2.2  17   -2.2  10 0 0 1 1 2 0 21.6 16.0 21.8 15.9 80.0 100 100 20 408 0 143 0 401 402 400 0 0 0 60 50 AUTO 0 
b.1 2025-06-16 02:34:01.901 a 2025-06-16-02:34:00 246 170 327 0.0 0.6 1.5 18.6 17.2 732.5 0.00 0 0.0 19.6 24.1 24.4 3.633  -45.6   24.8    0.0  17   -2.3   7 0 0 1 1 2 0 21.5 16.0 21.6 15.9 80.0 100 100 20 408 0 143 0 401 401 400 0 0 0 59 50 AUTO 0 
b.1 2025-06-16 02:35:02.058 a 2025-06-16-02:35:00 029 189 217 0.0 1.0 2.5 18.6 17.6 732.5 0.00 0 0.0 19.4 24.1 24.4 3.626  -46.2   24.7    2.1  17   -2.3   7 0 0 1 1 2 0 21.4 16.0 21.5 15.9 80.0 100 100 20 408 0 143 0 401 402 400 0 0 0 60 50 AUTO 0 
b.1 2025-06-16 02:36:00.101 a 2025-06-16-02:35:58 135 198 267 0.2 1.2 2.8 18.6 17.6 732.5 0.00 0 0.0 19.3 24.1 24.4 3.627  -46.4   24.7    2.2  17   -2.4   7 0 0 1 1 1 0 21.4 16.0 21.4 16.2 80.0 100 100 20 408 0 143 0 402 401 400 0 0 0 60 50 AUTO 0 
b.1 2025-06-16 02:37:01.197 a 2025-06-16-02:36:59 054 182 278 0.0 0.9 2.7 18.6 17.8 732.5 0.00 0 0.0 19.1 24.1 24.4 3.627  -48.8   24.6    0.0  17   -2.4   8 0 0 1 1 1 0 21.3 16.2 21.3 16.2 80.0 100 100 20 408 0 143 0 401 401 400 0 0 0 59 50 AUTO 0 
b.1 2025-06-16 02:38:01.785 a 2025-06-16-02:37:59 071 189 233 0.2 0.9 1.8 18.5 17.8 732.5 0.00 0 0.0 19.0 24.1 24.5 3.626  -47.0   24.5    0.0  17   -2.4   8 0 0 1 1 1 0 21.2 16.3 21.2 16.5 80.0 100 100 20 408 0 143 0 401 402 400 0 0 0 59 50 AUTO 0 
b.1 2025-06-16 02:39:01.259 a 2025-06-16-02:38:59 066 180 240 0.1 1.0 3.0 18.5 18.0 732.5 0.00 0 0.0 18.9 24.1 24.4 3.627  -46.0   24.4    0.0  17   -2.4   8 0 0 1 1 1 0 21.1 16.5 21.1 16.5 80.0 100 100 20 408 0 143 0 402 401 400 0 0 0 60 50 AUTO 0 
b.1 2025-06-16 02:40:00.039 a 2025-06-16-02:39:58 017 172 255 0.1 0.6 2.2 18.4 18.3 732.5 0.00 0 0.0 18.9 24.1 24.4 3.626  -45.7   24.4    2.2  17   -2.4   8 0 0 1 1 1 0 21.0 16.5 21.0 16.6 80.0 100 100 20 408 0 143 0 401 402 400 0 0 0 59 50 AUTO 0 
b.1 2025-06-16 02:41:01.459 a 2025-06-16-02:40:59 057 208 354 0.1 1.3 2.6 18.4 18.3 732.5 0.00 0 0.0 18.7 24.1 24.4 3.628  -48.8   24.3    2.2  17   -2.4   8 0 0 1 1 1 0 21.0 16.6 21.0 16.7 80.0 100 100 20 408 0 143 0 401 401 400 0 0 0 59 50 AUTO 0 
b.1 2025-06-16 02:42:01.198 a 2025-06-16-02:41:59 095 181 242 0.0 0.5 1.2 18.3 18.6 732.5 0.00 0 0.0 18.6 24.1 24.4 3.627  -47.2   24.2    0.0  17   -2.4   8 0 0 1 1 1 0 20.9 16.7 20.9 16.8 80.0 100 100 20 408 0 143 0 401 401 400 0 0 0 60 50 AUTO 0 
b.1 2025-06-16 02:43:02.121 a 2025-06-16-02:43:00 133 177 160 0.0 0.4 1.1 18.3 18.7 732.5 0.00 0 0.0 18.5 24.1 24.4 3.626  -46.4   24.2    0.0  17   -2.4   8 0 0 1 1 1 0 20.9 16.8 20.9 16.9 80.0 100 100 20 408 0 143 0 401 401 400 0 0 0 59 50 AUTO 0 
b.1 2025-06-16 02:44:00.380 a 2025-06-16-02:43:58 162 177 346 0.1 0.4 1.5 18.2 18.6 732.5 0.00 0 0.0 18.3 24.1 24.4 3.626  -46.3   24.1    0.0  17   -2.5   5 0 0 1 1 1 0 20.8 17.0 20.8 17.0 80.0 100 100 20 408 0 143 0 401 401 400 0 0 0 60 50 AUTO 0 
b.1 2025-06-16 02:45:02.006 a 2025-06-16-02:45:00 056 179 240 0.1 0.6 2.2 18.2 18.5 732.5 0.00 0 0.0 18.2 24.1 24.4 3.627  -47.5   24.0    0.0  17   -2.6   5 0 0 1 1 1 0 20.8 17.0 20.8 17.0 80.0 100 100 20 408 0 143 0 401 401 400 0 0 0 60 50 AUTO 0 
b.1 2025-06-16 02:46:01.105 a 2025-06-16-02:45:59 006 181 281 0.1 0.7 2.4 18.1 18.6 732.4 0.00 0 0.0 18.0 24.1 24.4 3.627  -46.8   23.9    0.0  17   -2.6   5 0 0 1 1 1 0 20.8 17.0 20.7 17.0 80.0 100 100 20 408 0 143 0 401 401 400 0 0 0 60 50 AUTO 0 
b.1 2025-06-16 02:47:01.040 a 2025-06-16-02:46:59 002 200 010 0.0 0.4 1.4 18.1 18.8 732.4 0.00 0 0.0 17.9 24.1 24.4 3.633  -46.0   23.8    0.0  17   -2.6   6 0 0 1 1 1 0 20.7 17.0 20.7 17.2 80.0 100 100 20 408 0 143 0 401 402 400 0 0 0 60 50 AUTO 0 
b.1 2025-06-16 02:48:00.700 a 2025-06-16-02:47:58 252 216 352 0.0 0.4 1.5 18.1 18.8 732.4 0.00 0 0.0 17.8 24.1 24.4 3.626  -46.2   23.6    0.0  17   -2.6   6 0 0 1 1 1 0 20.7 17.1 20.6 17.2 80.0 100 100 20 408 0 143 0 402 401 400 0 0 0 60 50 AUTO 0 
b.1 2025-06-16 02:49:01.065 a 2025-06-16-02:48:59 270 172 358 0.0 0.7 1.8 18.0 18.4 732.4 0.00 0 0.0 17.7 24.1 24.4 3.627  -45.2   23.5    0.0  17   -2.7   6 0 0 1 1 1 0 20.6 17.2 20.6 17.2 80.0 100 100 20 408 0 143 0 401 401 400 0 0 0 60 50 AUTO 0 
b.1 2025-06-16 02:50:01.184 a 2025-06-16-02:49:59 126 166 243 0.3 1.1 2.7 18.0 18.7 732.4 0.00 0 0.0 17.6 24.1 24.4 3.633  -45.3   23.4    2.1  17   -2.7   8 0 0 1 1 1 0 20.5 17.1 20.5 17.4 80.0 100 100 20 408 0 143 0 402 401 400 0 0 0 59 50 AUTO 0 
b.1 2025-06-16 02:51:01.865 a 2025-06-16-02:50:59 090 163 248 0.1 1.0 2.1 17.9 18.9 732.4 0.00 0 0.0 17.5 24.1 24.4 3.627  -45.6   23.3    0.0  17   -2.8   8 0 0 1 1 1 0 20.5 17.2 20.5 17.3 80.0 100 100 20 408 0 143 0 401 401 400 0 0 0 59 50 AUTO 0 
b.1 2025-06-16 02:52:01.244 a 2025-06-16-02:51:59 090 170 236 0.1 0.9 2.8 17.9 18.8 732.4 0.00 0 0.0 17.4 24.1 24.4 3.626  -45.1   23.2    0.0  17   -2.9   8 0 0 1 1 1 0 20.4 17.2 20.5 17.3 80.0 100 100 20 408 0 143 0 401 402 400 0 0 0 60 50 AUTO 0 
b.1 2025-06-16 02:53:01.263 a 2025-06-16-02:52:59 103 168 300 0.1 1.0 2.3 17.8 18.4 732.5 0.00 0 0.0 17.3 24.1 24.4 3.629  -44.8   23.1    2.2  17   -2.9   8 0 0 1 1 1 0 20.4 17.2 20.4 17.2 80.0 100 100 20 408 0 143 0 401 401 400 0 0 0 59 50 AUTO 0 
b.1 2025-06-16 02:54:00.964 a 2025-06-16-02:53:58 304 162 331 0.0 0.9 2.3 17.8 18.6 732.5 0.00 0 0.0 17.2 24.1 24.4 3.627  -45.2   22.9    0.0  18   -3.0   8 0 0 1 1 1 0 20.3 17.2 20.3 17.2 80.0 100 100 20 408 0 143 0 402 401 400 0 0 0 59 50 AUTO 0 
b.1 2025-06-16 02:55:01.641 a 2025-06-16-02:54:59 081 163 268 0.1 0.7 2.0 17.7 18.7 732.5 0.00 0 0.0 17.1 24.1 24.5 3.626  -44.9   22.8    0.0  18   -3.0   5 0 0 1 1 1 0 20.3 17.1 20.2 17.3 80.0 100 100 20 408 0 143 0 401 401 400 0 0 0 59 50 AUTO 0 
b.1 2025-06-16 02:56:01.267 a 2025-06-16-02:55:59 310 176 312 0.1 0.6 1.3 17.7 18.9 732.5 0.00 0 0.0 16.9 24.1 24.4 3.627  -45.3   22.7    0.0  18   -3.1   5 0 0 1 1 1 0 20.2 17.3 20.2 17.4 80.0 100 100 20 408 0 143 0 401 401 400 0 0 0 60 50 AUTO 0 
b.1 2025-06-16 02:57:01.844 a 2025-06-16-02:56:59 251 180 302 0.1 0.8 1.8 17.6 18.9 732.5 0.00 0 0.0 16.8 24.1 24.4 3.627  -45.7   22.5    0.0  18   -3.2   5 0 0 1 1 1 0 20.2 17.3 20.2 17.4 80.0 100 100 20 408 0 143 0 401 402 400 0 0 0 60 50 AUTO 0 
b.1 2025-06-16 02:58:01.125 a 2025-06-16-02:57:59 095 194 305 0.1 0.6 2.0 17.6 19.0 732.5 0.00 0 0.0 16.7 24.1 24.4 3.633  -45.5   22.4    0.0  18   -3.2   6 0 0 1 1 1 0 20.2 17.3 20.2 17.4 80.0 100 100 20 408 0 143 0 401 401 400 0 0 0 59 50 AUTO 0 
b.1 2025-06-16 02:59:01.668 a 2025-06-16-02:58:59 090 171 273 0.1 0.7 2.2 17.6 18.7 732.4 0.00 0 0.0 16.6 24.1 24.4 3.633  -45.5   22.3    2.2  18   -3.2   6 0 0 1 1 1 0 20.2 17.2 20.1 17.3 80.0 100 100 20 408 0 143 0 401 402 400 0 0 0 60 50 AUTO 0 
b.1 2025-06-16 03:00:02.420 a 2025-06-16-03:00:00 096 165 252 0.1 1.3 2.5 17.5 18.7 732.4 0.00 0 0.0 16.6 24.1 24.4 3.626  -45.2   22.2    2.1  18   -3.3   7 0 0 1 1 1 0 20.1 17.2 20.1 17.3 80.0 100 100 20 408 0 143 0 402 401 400 0 0 0 59 50 AUTO 0 
b.1 2025-06-16 03:01:01.464 a 2025-06-16-03:00:59 123 156 216 0.4 1.5 2.3 17.5 18.6 732.5 0.00 0 0.0 16.5 24.1 24.4 3.626  -44.9   22.1    2.1  18   -3.4   7 0 0 1 1 1 0 20.1 17.2 20.1 17.3 80.0 100 100 20 408 0 143 6 401 401 400 2 2 2 60 50 AUTO 0 
b.1 2025-06-16 03:02:01.549 a 2025-06-16-03:01:59 120 147 176 0.9 1.9 2.7 17.5 18.6 732.4 0.00 0 0.0 16.5 24.1 24.4 3.627  -44.9   22.0    2.2  18   -3.4   7 0 0 1 1 1 0 20.0 17.0 20.0 17.1 80.0 100 100 20 408 0 143 0 402 401 400 0 0 0 59 50 AUTO 0 
b.1 2025-06-16 03:03:00.749 a 2025-06-16-03:02:58 126 152 187 0.8 1.9 2.7 17.4 18.5 732.4 0.00 0 0.0 16.6 24.1 24.4 3.626  -44.5   21.9    2.3  18   -3.5   7 0 0 1 1 1 0 20.0 16.9 20.0 16.9 80.0 100 100 20 408 0 143 0 402 401 400 0 0 0 59 50 AUTO 0 
b.1 2025-06-16 03:04:01.246 a 2025-06-16-03:03:59 119 153 191 0.8 1.8 2.5 17.4 18.4 732.4 0.00 0 0.0 16.7 24.1 24.4 3.627  -44.6   21.9    2.3  18   -3.5   7 0 0 1 1 1 0 20.0 16.9 20.0 16.9 80.0 100 100 20 408 0 143 0 401 402 400 0 0 0 60 50 AUTO 0 
b.1 2025-06-16 03:05:02.114 a 2025-06-16-03:05:00 110 154 233 0.6 2.1 3.3 17.4 18.4 732.4 0.00 0 0.0 16.6 24.1 24.4 3.626  -44.6   21.8    2.4  18   -3.5   7 0 0 1 1 1 0 20.0 16.9 19.9 16.8 80.0 100 100 20 408 0 143 0 402 401 400 0 0 0 59 50 AUTO 0 
b.1 2025-06-16 03:06:01.733 a 2025-06-16-03:05:59 099 153 191 0.4 1.8 2.8 17.4 18.4 732.4 0.00 0 0.0 16.7 24.1 24.4 3.628  -44.6   21.7    2.4  18   -3.6   7 0 0 1 1 1 0 19.9 16.8 19.9 16.8 80.0 100 100 20 408 0 143 0 401 401 400 0 0 0 60 50 AUTO 0 
b.1 2025-06-16 03:07:01.569 a 2025-06-16-03:06:59 093 166 220 0.1 1.3 2.2 17.4 18.3 732.4 0.00 0 0.0 16.7 24.1 24.4 3.627  -43.8   21.7    2.3  18   -3.6   7 0 0 1 1 1 0 19.9 16.8 19.9 16.8 80.0 100 100 20 408 0 143 0 401 401 400 0 0 0 60 50 AUTO 0 
b.1 2025-06-16 03:08:01.828 a 2025-06-16-03:07:59 107 162 258 0.3 1.3 2.6 17.4 18.3 732.4 0.00 0 0.0 16.6 24.1 24.4 3.626  -44.1   21.7    2.2  18   -3.6   7 0 0 1 1 1 0 19.9 17.0 19.8 16.8 80.0 100 100 20 408 0 143 0 401 402 400 0 0 0 59 50 AUTO 0 
b.1 2025-06-16 03:09:00.653 a 2025-06-16-03:08:58 122 160 207 0.3 1.5 2.4 17.4 18.1 732.4 0.00 0 0.0 16.6 24.1 24.4 3.635  -44.4   21.6    2.2  18   -3.6   7 0 0 1 1 1 0 19.9 16.8 19.8 16.7 80.0 100 100 20 408 0 143 0 401 402 400 0 0 0 60 50 AUTO 0 
b.1 2025-06-16 03:09:59.750 a 2025-06-16-03:09:57 116 168 311 0.2 1.1 2.3 17.4 18.0 732.5 0.00 0 0.0 16.6 24.1 24.4 3.627  -44.2   21.6    2.2  18   -3.7   7 0 0 1 1 1 0 19.9 16.5 19.8 16.5 80.0 100 100 20 408 0 143 0 401 402 399 0 0 0 59 50 AUTO 0 
b.1 2025-06-16 03:11:00.992 a 2025-06-16-03:10:58 092 161 228 0.4 1.6 2.7 17.3 17.9 732.5 0.00 0 0.0 16.6 24.1 24.4 3.626  -44.5   21.6    2.2  18   -3.7   7 0 0 1 1 1 0 19.9 16.6 19.8 16.7 80.0 100 100 20 408 0 143 0 401 401 399 0 0 0 59 50 AUTO 0 
b.1 2025-06-16 03:12:00.849 a 2025-06-16-03:11:58 002 161 281 0.1 1.4 2.5 17.3 18.0 732.4 0.00 0 0.0 16.5 24.1 24.4 3.628  -43.8   21.5    2.2  18   -3.7   7 0 0 1 1 1 0 19.9 16.5 19.8 16.6 80.0 100 100 20 408 0 143 0 401 401 400 0 0 0 59 50 AUTO 0 
b.1 2025-06-16 03:13:01.069 a 2025-06-16-03:12:59 100 171 240 0.1 0.8 2.6 17.3 17.9 732.5 0.00 0 0.0 16.5 24.1 24.5 3.626  -43.9   21.5    0.0  18   -3.8   7 0 0 1 1 1 0 19.9 16.4 19.7 16.5 80.0 100 100 20 408 0 143 0 401 402 399 0 0 0 60 50 AUTO 0 
b.1 2025-06-16 03:14:01.292 a 2025-06-16-03:13:59 116 157 226 0.5 1.4 2.2 17.2 17.7 732.4 0.00 0 0.0 16.4 24.1 24.4 3.628  -44.0   21.4    2.2  18   -3.8   7 0 0 1 1 1 0 19.8 16.3 19.7 16.4 80.0 100 100 20 408 0 143 0 401 402 399 0 0 0 59 50 AUTO 0 
b.1 2025-06-16 03:15:01.930 a 2025-06-16-03:14:59 124 156 203 0.2 1.8 3.6 17.2 17.7 732.4 0.00 0 0.0 16.4 24.1 24.5 3.628  -44.1   21.4    2.2  18   -3.9   7 0 0 1 1 1 0 19.8 16.1 19.7 16.2 80.0 100 100 20 408 0 143 0 401 401 400 0 0 0 59 50 AUTO 0 
b.1 2025-06-16 03:16:01.690 a 2025-06-16-03:15:59 129 158 212 0.5 1.8 3.6 17.2 16.7 732.4 0.00 0 0.0 16.5 24.1 24.5 3.627  -44.3   21.4    2.2  18   -4.0   7 0 0 1 1 1 0 19.7 15.9 19.6 15.8 80.0 100 100 20 408 0 143 0 401 401 400 0 0 0 60 50 AUTO 0 
b.1 2025-06-16 03:17:02.096 a 2025-06-16-03:17:00 121 161 230 0.1 1.1 2.7 17.3 17.4 732.5 0.00 0 0.0 16.6 24.1 24.5 3.626  -44.5   21.3    2.1  18   -4.0   7 0 0 1 1 1 0 19.7 15.8 19.6 15.8 80.0 100 100 20 408 0 143 0 401 401 400 0 0 0 59 50 AUTO 0 
b.1 2025-06-16 03:18:01.657 a 2025-06-16-03:17:59 124 163 273 0.4 1.0 1.7 17.3 16.8 732.4 0.00 0 0.0 16.5 24.1 24.5 3.627  -44.3   21.3    0.0  18   -4.1   7 0 0 1 1 1 0 19.7 15.6 19.6 15.6 80.0 100 100 20 408 0 143 0 401 401 400 0 0 0 60 50 AUTO 0 
b.1 2025-06-16 03:19:01.494 a 2025-06-16-03:18:59 117 149 206 0.6 1.7 2.4 17.3 17.1 732.4 0.00 0 0.0 16.4 24.1 24.4 3.627  -43.8   21.3    2.2  18   -4.1   7 0 0 1 1 1 0 19.7 15.5 19.6 15.6 80.0 100 100 20 408 0 143 0 401 402 400 0 0 0 59 50 AUTO 0 
b.1 2025-06-16 03:20:01.756 a 2025-06-16-03:19:59 129 157 218 0.6 1.7 2.9 17.3 16.9 732.4 0.00 0 0.0 16.5 24.1 24.4 3.627  -44.7   21.2    2.2  18   -4.2   7 0 0 1 1 1 0 19.6 15.5 19.5 15.5 80.0 100 100 20 408 0 143 10 402 401 400 4 4 4 60 50 AUTO 0 
b.1 2025-06-16 03:21:00.211 a 2025-06-16-03:20:58 125 154 199 0.9 2.3 3.6 17.3 16.5 732.4 0.00 0 0.0 16.5 24.1 24.4 3.627  -44.2   21.2    2.3  18   -4.2   7 0 0 1 1 1 0 19.6 15.5 19.5 15.5 80.0 100 100 20 408 0 143 0 401 401 400 0 0 0 60 50 AUTO 0 
b.1 2025-06-16 03:22:00.812 a 2025-06-16-03:21:58 019 160 242 0.3 2.1 3.4 17.3 16.4 732.4 0.00 0 0.0 16.6 24.1 24.4 3.633  -43.7   21.2    2.4  18   -4.3   7 0 0 1 1 1 0 19.6 15.4 19.5 15.5 80.0 100 100 20 408 0 143 0 401 401 400 0 0 0 60 50 AUTO 0 
b.1 2025-06-16 03:23:00.957 a 2025-06-16-03:22:58 112 161 245 0.4 1.2 2.8 17.3 14.9 732.4 0.00 0 0.0 16.6 24.1 24.5 3.624  -44.1   21.2    2.2  18   -4.3   7 0 0 1 1 1 0 19.6 15.4 19.4 15.4 80.0 100 100 20 408 0 143 0 401 401 400 0 0 0 60 50 AUTO 0 
b.1 2025-06-16 03:24:01.578 a 2025-06-16-03:23:59 118 165 242 0.2 1.3 2.9 17.3 15.7 732.4 0.00 0 0.0 16.6 24.1 24.4 3.627  -43.7   21.2    2.2  18   -4.4   7 0 0 1 1 1 0 19.6 15.1 19.5 15.4 80.0 100 100 20 408 0 143 0 401 401 400 0 0 0 60 50 AUTO 0 
b.1 2025-06-16 03:25:01.976 a 2025-06-16-03:25:00 135 161 229 0.2 1.8 3.1 17.3 16.0 732.4 0.00 0 0.0 16.6 24.1 24.4 3.634  -43.7   21.2    2.2  17   -4.5   7 0 0 1 1 1 0 19.5 15.1 19.5 15.1 80.0 100 100 20 408 0 143 0 401 401 399 0 0 0 60 50 AUTO 0 
b.1 2025-06-16 03:26:00.773 a 2025-06-16-03:25:58 096 168 245 0.1 1.6 3.5 17.3 15.7 732.4 0.00 0 0.0 16.6 24.1 24.5 3.627  -43.9   21.1    2.2  17   -4.5   7 0 0 1 1 1 0 19.5 15.0 19.4 15.0 80.0 100 100 20 408 0 143 0 401 401 400 0 0 0 59 50 AUTO 0 
b.1 2025-06-16 03:27:00.634 a 2025-06-16-03:26:58 106 163 227 0.1 1.3 2.7 17.3 15.8 732.4 0.00 0 0.0 16.6 24.1 24.4 3.627  -43.6   21.1    2.2  17   -4.6   7 0 0 1 1 1 0 19.5 14.8 19.4 15.1 80.0 100 100 20 408 0 143 0 401 402 400 0 0 0 60 50 AUTO 0 
b.1 2025-06-16 03:28:01.273 a 2025-06-16-03:27:59 099 164 243 0.3 1.4 2.9 17.3 15.8 732.4 0.00 0 0.0 16.6 24.1 24.5 3.627  -44.4   21.1    2.2  17   -4.6   7 0 0 1 1 1 0 19.4 14.6 19.4 14.6 80.0 100 100 20 408 0 143 0 401 401 400 0 0 0 59 50 AUTO 0 
b.1 2025-06-16 03:29:00.335 a 2025-06-16-03:28:58 129 158 313 0.3 1.8 3.2 17.3 15.3 732.4 0.00 0 0.0 16.7 24.1 24.5 3.628  -44.0   21.1    2.2  17   -4.7   7 0 0 1 1 1 0 19.3 14.2 19.2 14.3 80.0 100 100 20 408 0 143 0 401 401 400 0 0 0 59 50 AUTO 0 
b.1 2025-06-16 03:30:02.035 a 2025-06-16-03:30:00 126 156 189 0.5 1.8 3.0 17.3 15.3 732.4 0.00 0 0.0 16.6 24.1 24.4 3.626  -44.8   21.1    2.2  17   -4.8   7 0 0 1 1 1 0 19.1 14.3 19.2 14.4 80.0 100 100 20 408 0 143 0 401 401 400 0 0 0 60 50 AUTO 0 
b.1 2025-06-16 03:31:00.855 a 2025-06-16-03:30:58 089 164 245 0.3 1.6 3.6 17.3 15.3 732.4 0.00 0 0.0 16.6 24.1 24.4 3.633  -44.1   21.1    2.2  17   -4.9   7 0 0 1 1 1 0 19.0 14.2 19.1 14.2 80.0 100 100 20 408 0 143 0 401 401 400 0 0 0 60 50 AUTO 0 
b.1 2025-06-16 03:32:00.835 a 2025-06-16-03:31:58 071 180 302 0.1 1.3 4.0 17.3 14.9 732.4 0.00 0 0.0 16.7 24.1 24.4 3.627  -44.0   21.1    2.1  17   -5.0   7 0 0 1 1 1 0 18.9 13.5 19.0 13.5 80.0 100 100 20 408 0 143 0 402 401 400 0 0 0 60 50 AUTO 0 
b.1 2025-06-16 03:32:59.979 a 2025-06-16-03:32:57 068 183 326 0.1 0.6 1.7 17.3 13.8 732.4 0.00 0 0.0 16.6 24.1 24.5 3.626  -43.3   21.1    2.1  17   -5.1   7 0 0 1 1 1 0 19.0 13.5 19.0 13.5 80.0 100 100 20 408 0 121 0 401 401 400 0 0 0 60 50 AUTO 0 
b.1 2025-06-16 03:34:01.075 a 2025-06-16-03:33:59 016 171 272 0.1 0.7 1.9 17.3 15.1 732.5 0.00 0 0.0 16.5 24.1 24.4 3.626  -43.8   21.0    2.2  17   -5.1   7 0 0 1 1 1 0 19.0 14.1 19.1 14.1 80.0 100 100 20 408 0 143 0 401 402 400 0 0 0 60 50 AUTO 0 
b.1 2025-06-16 03:35:02.316 a 2025-06-16-03:35:00 099 166 295 0.2 0.8 1.8 17.3 15.0 732.5 0.00 0 0.0 16.4 24.1 24.4 3.633  -43.4   21.0    0.0  17   -5.1   7 0 0 1 1 1 0 19.0 14.2 19.1 14.2 80.0 100 100 20 408 0 143 0 401 401 400 0 0 0 60 50 AUTO 0 
b.1 2025-06-16 03:36:00.398 a 2025-06-16-03:35:58 016 163 257 0.1 0.9 3.0 17.3 15.0 732.5 0.00 0 0.0 16.4 24.1 24.4 3.627  -43.5   21.0    0.0  17   -5.1   7 0 0 1 1 1 0 19.0 14.5 19.1 14.3 80.0 100 100 20 408 0 143 0 402 401 400 0 0 0 60 50 AUTO 0 
b.1 2025-06-16 03:37:00.480 a 2025-06-16-03:36:58 102 170 270 0.1 0.8 1.9 17.3 15.2 732.5 0.00 0 0.0 16.3 24.1 24.5 3.626  -43.5   20.9    0.0  17   -5.2   5 0 0 1 1 1 0 19.1 14.4 19.1 14.5 80.0 100 100 20 408 0 143 0 401 402 400 0 0 0 59 50 AUTO 0 
b.1 2025-06-16 03:38:00.341 a 2025-06-16-03:37:58 102 176 313 0.1 0.9 2.2 17.2 14.5 732.4 0.00 0 0.0 16.2 24.1 24.4 3.633  -44.1   20.9    0.0  17   -5.2   5 0 0 1 1 1 0 19.1 14.4 19.1 14.3 80.0 100 100 20 408 0 143 0 401 401 400 0 0 0 59 50 AUTO 0 
b.1 2025-06-16 03:39:01.721 a 2025-06-16-03:38:59 023 186 291 0.1 0.8 2.2 17.2 14.9 732.5 0.00 0 0.0 16.2 24.1 24.5 3.627  -43.5   20.9    0.0  17   -5.3   7 0 0 1 1 1 0 19.1 14.5 19.1 14.3 80.0 100 100 20 408 0 143 0 401 401 399 0 0 0 60 50 AUTO 0 
b.1 2025-06-16 03:40:01.061 a 2025-06-16-03:39:58 121 172 285 0.3 1.1 2.1 17.2 14.7 732.5 0.00 0 0.0 16.2 24.1 24.4 3.626  -43.4   20.9    0.0  17   -5.4  11 0 0 1 1 1 0 19.1 14.1 19.1 14.4 80.0 100 100 20 408 0 143 0 401 401 400 0 0 0 60 50 AUTO 0 
b.1 2025-06-16 03:41:01.285 a 2025-06-16-03:40:59 132 181 324 0.1 1.1 3.1 17.1 14.6 732.5 0.00 0 0.0 16.2 24.1 24.4 3.626  -44.1   20.8    2.2  17   -5.4   7 0 0 1 1 1 0 19.1 14.4 19.1 14.3 80.0 100 100 20 408 0 143 0 402 401 400 0 0 0 60 50 AUTO 0 
b.1 2025-06-16 03:41:59.778 a 2025-06-16-03:41:57 002 176 313 0.2 1.4 2.7 17.2 14.7 732.5 0.00 0 0.0 16.3 24.1 24.4 3.624  -43.7   20.8    2.1  17   -5.4   8 0 0 1 1 1 0 19.0 14.0 19.1 14.3 80.0 100 100 20 408 0 143 0 401 402 400 0 2 0 60 50 AUTO 0 
b.1 2025-06-16 03:43:01.019 a 2025-06-16-03:42:59 017 183 289 0.1 1.1 2.7 17.2 14.0 732.4 0.00 0 0.0 16.3 24.1 24.4 3.628  -43.4   20.8    0.0  17   -5.4   8 0 0 1 1 1 0 19.0 13.4 19.1 13.6 80.0 100 100 20 408 0 143 0 401 401 400 0 0 0 60 50 AUTO 0 
b.1 2025-06-16 03:44:01.719 a 2025-06-16-03:43:59 082 171 258 0.2 1.2 2.7 17.2 14.0 732.5 0.00 0 0.0 16.3 24.1 24.4 3.627  -44.0   20.8    2.1  16   -5.5   8 0 0 1 1 1 0 19.0 13.0 19.0 13.0 80.0 100 100 20 408 0 143 0 401 401 400 0 0 0 59 50 AUTO 0 
b.1 2025-06-16 03:45:02.270 a 2025-06-16-03:45:00 096 154 240 0.1 1.4 2.6 17.2 14.4 732.5 0.00 0 0.0 16.4 24.1 24.4 3.627  -43.4   20.8    2.1  16   -5.5   8 0 0 1 1 1 0 18.9 13.4 18.9 13.3 80.0 100 100 20 408 0 143 0 401 401 400 0 0 0 60 50 AUTO 0 
b.1 2025-06-16 03:46:01.644 a 2025-06-16-03:45:59 128 154 221 0.2 1.3 2.4 17.2 14.7 732.5 0.00 0 0.0 16.4 24.1 24.4 3.626  -43.2   20.8    0.0  16   -5.5   8 0 0 1 1 1 0 18.9 13.8 18.9 13.8 80.0 100 100 20 408 0 143 0 401 401 400 0 0 0 60 50 AUTO 0 
b.1 2025-06-16 03:47:01.801 a 2025-06-16-03:46:59 117 146 189 0.6 1.3 1.8 17.3 15.1 732.5 0.00 0 0.0 16.3 24.1 24.5 3.627  -43.5   20.8    2.1  17   -5.5   8 0 0 1 1 1 0 18.9 14.0 18.9 14.0 80.0 100 100 20 408 0 143 0 402 401 400 0 0 0 60 50 AUTO 0 
b.1 2025-06-16 03:48:00.823 a 2025-06-16-03:47:58 091 152 180 0.4 1.8 2.7 17.3 14.6 732.5 0.00 0 0.0 16.4 24.1 24.5 3.627  -43.7   20.8    2.2  17   -5.5   8 0 0 1 1 1 0 18.8 14.0 18.9 14.0 80.0 100 100 20 408 0 143 0 401 402 400 0 0 0 60 50 AUTO 0 
b.1 2025-06-16 03:49:02.009 a 2025-06-16-03:49:00 083 155 220 0.2 1.8 2.8 17.3 14.4 732.5 0.00 0 0.0 16.4 24.1 24.4 3.626  -43.7   20.8    2.2  16   -5.5   8 0 0 1 1 1 0 18.8 13.7 18.8 13.8 80.0 100 100 20 408 0 143 0 401 401 400 0 0 0 59 50 AUTO 0 
b.1 2025-06-16 03:50:01.661 a 2025-06-16-03:49:59 083 148 187 0.3 2.4 3.5 17.3 14.1 732.5 0.00 0 0.0 16.5 24.1 24.5 3.628  -44.5   20.8    2.3  16   -5.5   8 0 0 1 1 1 0 18.7 13.4 18.8 13.4 80.0 100 100 20 408 0 143 0 401 401 400 0 0 0 60 50 AUTO 0 
b.1 2025-06-16 03:51:02.209 a 2025-06-16-03:51:00 096 147 226 0.6 2.0 2.9 17.4 13.9 732.5 0.00 0 0.0 16.6 24.1 24.5 3.626  -44.4   20.9    2.4  16   -5.5   8 0 0 1 1 1 0 18.7 13.3 18.9 13.3 80.0 100 100 20 408 0 143 0 401 401 400 0 0 0 60 50 AUTO 0 
b.1 2025-06-16 03:52:01.782 a 2025-06-16-03:51:59 094 141 235 0.5 1.5 2.5 17.4 14.1 732.5 0.00 0 0.0 16.6 24.1 24.5 3.628  -43.7   20.9    2.3  16   -5.5   8 0 0 1 1 1 0 18.7 13.5 18.8 13.4 80.0 100 100 20 408 0 143 0 401 401 399 0 0 0 59 50 AUTO 0 
b.1 2025-06-16 03:53:00.505 a 2025-06-16-03:52:58 127 160 225 0.3 1.6 2.9 17.4 14.0 732.5 0.00 0 0.0 16.6 24.1 24.4 3.626  -44.3   20.9    2.3  16   -5.6   8 0 0 1 1 1 0 18.7 13.5 18.8 13.5 80.0 100 100 20 408 0 143 0 402 401 400 0 0 0 59 50 AUTO 0 
b.1 2025-06-16 03:54:00.982 a 2025-06-16-03:53:58 106 154 232 0.2 1.4 2.4 17.4 13.8 732.5 0.00 0 0.0 16.7 24.1 24.4 3.633  -45.2   20.9    2.2  16   -5.6   8 0 0 1 1 1 0 18.7 13.2 18.8 13.2 80.0 100 100 20 408 0 143 0 401 401 400 0 0 0 60 50 AUTO 0 
b.1 2025-06-16 03:55:01.543 a 2025-06-16-03:54:59 116 153 215 0.5 1.2 1.9 17.4 13.8 732.5 0.00 0 0.0 16.6 24.1 24.4 3.627  -45.1   20.9    2.2  16   -5.6   8 0 0 1 1 1 0 18.7 13.2 18.8 13.1 80.0 100 100 20 408 0 143 0 401 402 400 0 0 0 60 50 AUTO 0 
b.1 2025-06-16 03:56:01.842 a 2025-06-16-03:55:59 020 155 217 0.1 1.3 2.7 17.4 13.6 732.5 0.00 0 0.0 16.6 24.1 24.5 3.628  -44.0   20.9    2.2  16   -5.6   8 0 0 1 1 1 0 18.7 13.2 18.8 13.2 80.0 100 100 20 408 0 143 0 401 401 400 0 0 0 59 50 AUTO 0 
b.1 2025-06-16 03:57:01.023 a 2025-06-16-03:56:58 270 191 315 0.0 0.5 1.8 17.4 13.8 732.5 0.00 0 0.0 16.5 24.1 24.4 3.635  -43.2   20.9    0.0  16   -5.7   8 0 0 1 1 1 0 18.7 13.1 18.8 13.1 80.0 100 100 20 408 0 143 0 401 401 400 0 0 0 59 50 AUTO 0 
b.1 2025-06-16 03:58:02.125 a 2025-06-16-03:58:00 135 109 300 0.0 0.6 1.6 17.3 14.0 732.5 0.00 0 0.0 16.3 24.1 24.5 3.628  -44.3   20.9    0.0  16   -5.7   8 0 0 1 1 1 0 18.7 13.2 18.8 13.1 80.0 100 100 20 408 0 143 0 401 401 400 0 0 0 59 50 AUTO 0 
b.1 2025-06-16 03:59:00.905 a 2025-06-16-03:58:58 079 123 221 0.4 1.5 2.3 17.3 14.5 732.5 0.00 0 0.0 16.3 24.1 24.4 3.627  -44.1   20.9    2.2  16   -5.7   5 0 0 1 1 1 0 18.7 13.5 18.7 13.5 80.0 100 100 20 408 0 143 0 402 401 400 0 0 0 60 50 AUTO 0 
b.1 2025-06-16 04:00:02.148 a 2025-06-16-04:00:00 068 112 188 0.4 1.3 2.6 17.2 14.3 732.5 0.00 0 0.0 16.3 24.1 24.5 3.627  -44.1   20.9    2.1  16   -5.7   5 0 0 1 1 1 0 18.8 13.6 18.7 13.6 80.0 100 100 20 408 0 143 0 401 402 400 0 0 0 59 50 AUTO 0 
b.1 2025-06-16 04:01:00.789 a 2025-06-16-04:00:58 085 140 205 0.5 2.0 3.1 17.2 13.5 732.5 0.00 0 0.0 16.3 24.1 24.5 3.626  -44.2   20.9    2.2  16   -5.7   7 0 0 1 1 1 0 18.8 13.6 18.7 13.7 80.0 100 100 20 408 0 143 0 401 401 400 0 0 0 59 50 AUTO 0 
b.1 2025-06-16 04:02:00.447 a 2025-06-16-04:01:58 104 147 198 0.6 1.7 2.8 17.3 13.6 732.6 0.00 0 0.0 16.4 24.1 24.4 3.633  -43.6   20.9    2.2  16   -5.7   7 0 0 1 1 1 0 18.7 13.2 18.7 13.3 80.0 100 100 20 408 0 143 0 401 401 400 0 0 0 59 50 AUTO 0 
b.1 2025-06-16 04:03:01.085 a 2025-06-16-04:02:58 086 147 242 0.2 1.2 2.8 17.3 13.6 732.6 0.00 0 0.0 16.4 24.1 24.5 3.633  -44.1   20.9    2.2  16   -5.7   7 0 0 1 1 1 0 18.7 13.3 18.7 13.4 80.0 100 100 20 408 0 143 0 401 401 400 0 0 0 59 50 AUTO 0 
b.1 2025-06-16 04:04:01.390 a 2025-06-16-04:03:59 028 115 179 0.5 1.3 2.1 17.3 13.8 732.6 0.00 0 0.0 16.4 24.1 24.4 3.626  -44.4   20.9    2.2  16   -5.8   7 0 0 1 1 1 0 18.7 13.1 18.7 13.2 80.0 100 100 20 408 0 143 0 401 401 400 0 0 0 59 50 AUTO 0 
b.1 2025-06-16 04:05:00.030 a 2025-06-16-04:04:57 071 149 220 0.1 0.9 2.4 17.3 13.8 732.5 0.00 0 0.0 16.4 24.1 24.5 3.626  -44.7   20.9    0.0  16   -5.8   7 0 0 1 1 1 0 18.7 13.2 18.7 13.2 80.0 100 100 20 408 0 143 0 401 402 400 0 0 0 59 50 AUTO 0 
b.1 2025-06-16 04:06:01.551 a 2025-06-16-04:05:59 084 117 163 0.5 1.2 2.4 17.3 13.7 732.5 0.00 0 0.0 16.3 24.1 24.5 3.627  -43.5   21.0    0.0  16   -5.8   7 0 0 1 1 1 0 18.7 13.2 18.7 13.2 80.0 100 100 20 408 0 143 0 401 401 400 0 0 0 59 50 AUTO 0 
b.1 2025-06-16 04:07:01.913 a 2025-06-16-04:06:59 075 112 159 0.3 1.5 2.7 17.3 14.1 732.6 0.00 0 0.0 16.3 24.1 24.5 3.626  -44.4   21.0    2.2  16   -5.8   7 0 0 1 1 1 0 18.7 13.4 18.7 13.4 80.0 100 100 20 408 0 143 0 401 401 400 0 0 0 59 50 AUTO 0 
b.1 2025-06-16 04:08:00.512 a 2025-06-16-04:07:58 051 159 212 0.1 0.9 2.1 17.3 14.4 732.6 0.00 0 0.0 16.3 24.1 24.4 3.627  -44.3   21.0    0.0  16   -5.7   7 0 0 1 1 1 0 18.7 13.6 18.7 13.6 80.0 100 100 20 408 0 143 0 401 402 400 0 0 0 59 50 AUTO 0 
b.1 2025-06-16 04:09:00.549 a 2025-06-16-04:08:58 052 133 327 0.0 1.1 2.3 17.3 14.2 732.6 0.00 0 0.0 16.3 24.1 24.4 3.626  -43.4   21.0    0.0  16   -5.7   7 0 0 1 1 1 0 18.7 13.6 18.7 13.7 80.0 100 100 20 408 0 143 0 401 401 399 0 0 0 59 50 AUTO 0 
b.1 2025-06-16 04:10:02.026 a 2025-06-16-04:09:59 144 143 320 0.1 0.9 2.6 17.3 14.5 732.6 0.00 0 0.0 16.3 24.1 24.4 3.627  -44.3   21.0    2.2  16   -5.7   7 0 0 1 1 1 0 18.7 13.7 18.7 13.8 80.0 100 100 20 408 0 143 0 401 402 400 0 0 0 59 50 AUTO 0 
b.1 2025-06-16 04:11:00.670 a 2025-06-16-04:10:58 048 116 173 0.3 1.1 2.0 17.3 14.5 732.6 0.00 0 0.0 16.3 24.1 24.4 3.627  -44.4   21.0    2.2  16   -5.7   7 0 0 1 1 1 0 18.7 13.8 18.7 13.9 80.0 100 100 20 408 0 143 0 402 401 400 0 0 0 60 50 AUTO 0 
b.1 2025-06-16 04:12:01.249 a 2025-06-16-04:11:59 064 057 083 0.1 1.1 2.7 17.3 14.5 732.6 0.00 0 0.0 16.3 24.1 24.5 3.627  -43.9   21.0    2.2  16   -5.6   7 0 0 1 1 1 0 18.7 13.8 18.7 13.9 80.0 100 100 20 408 0 143 0 401 402 400 0 0 0 60 50 AUTO 0 
b.1 2025-06-16 04:13:00.769 a 2025-06-16-04:12:58 223 100 321 0.1 1.5 2.5 17.3 14.3 732.6 0.00 0 0.0 16.3 24.1 24.4 3.633  -45.6   21.0    2.2  16   -5.7   7 0 0 1 1 1 0 18.7 13.8 18.7 13.8 80.0 100 100 20 408 0 143 0 401 402 400 0 0 0 60 50 AUTO 0 
b.1 2025-06-16 04:14:01.407 a 2025-06-16-04:13:59 079 108 146 1.1 2.2 2.8 17.3 14.6 732.6 0.00 0 0.0 16.3 24.1 24.4 3.627  -45.0   21.0    2.3  16   -5.6   7 0 0 1 1 1 0 18.7 13.9 18.7 14.0 80.0 100 100 20 408 0 143 0 402 401 400 0 0 0 59 50 AUTO 0 
b.1 2025-06-16 04:15:00.194 a 2025-06-16-04:14:58 039 098 132 1.0 1.9 2.8 17.3 14.9 732.6 0.00 0 0.0 16.4 24.1 24.4 3.627  -45.3   21.0    2.4  16   -5.6   7 0 0 1 1 1 0 18.7 14.1 18.7 14.1 80.0 100 100 20 408 0 143 0 401 401 399 0 0 0 60 50 AUTO 0 
b.1 2025-06-16 04:16:02.323 a 2025-06-16-04:16:00 020 092 154 0.1 1.5 2.7 17.3 14.9 732.7 0.00 0 0.0 16.4 24.1 24.5 3.629  -45.4   21.0    2.4  16   -5.5   7 0 0 1 1 1 0 18.7 14.2 18.7 14.4 80.0 100 100 20 408 0 143 0 402 401 400 0 0 0 60 50 AUTO 0 
b.1 2025-06-16 04:17:01.950 a 2025-06-16-04:16:59 172 074 343 0.2 1.1 2.3 17.3 15.0 732.7 0.00 0 0.0 16.4 24.1 24.4 3.627  -45.6   21.1    2.3  16   -5.5   7 0 0 1 1 1 0 18.7 14.4 18.6 14.4 80.0 100 100 20 408 0 143 0 402 401 400 0 0 0 60 50 AUTO 0 
b.1 2025-06-16 04:17:59.973 a 2025-06-16-04:17:57 012 081 130 0.5 1.7 2.8 17.3 15.3 732.7 0.00 0 0.0 16.4 24.1 24.4 3.626  -44.4   21.1    2.3  16   -5.4   7 0 0 1 1 1 0 18.7 14.4 18.6 14.5 80.0 100 100 20 408 0 143 0 401 401 400 0 0 0 59 50 AUTO 0 
b.1 2025-06-16 04:19:01.051 a 2025-06-16-04:18:59 152 072 351 0.0 1.2 2.6 17.3 15.4 732.7 0.00 0 0.0 16.4 24.1 24.5 3.626  -45.3   21.1    2.2  16   -5.4   7 0 0 1 1 1 0 18.7 14.6 18.6 14.8 80.0 100 100 20 408 0 143 0 401 402 400 0 0 0 60 50 AUTO 0 
b.1 2025-06-16 04:20:01.653 a 2025-06-16-04:19:59 079 107 132 1.1 2.0 2.9 17.3 15.7 732.7 0.00 0 0.0 16.4 24.1 24.4 3.628  -45.9   21.1    2.4  16   -5.3   8 0 0 1 1 1 0 18.7 15.0 18.6 15.1 80.0 100 100 20 408 0 143 0 401 401 400 0 0 0 59 50 AUTO 0 
b.1 2025-06-16 04:21:01.476 a 2025-06-16-04:20:59 224 063 296 0.0 1.0 2.1 17.3 15.7 732.7 0.00 0 0.0 16.4 24.1 24.5 3.631  -45.1   21.1    2.2  16   -5.3   8 0 0 1 1 1 0 18.6 15.1 18.6 15.1 80.0 100 100 20 408 0 143 0 401 401 400 0 0 0 59 50 AUTO 0 
b.1 2025-06-16 04:22:01.171 a 2025-06-16-04:21:59 113 083 354 1.0 2.5 3.7 17.3 17.3 732.7 0.00 0 0.0 16.5 24.1 24.4 3.626  -46.8   21.1    2.6  17   -5.0  13 0 0 1 1 1 0 18.6 15.4 18.6 15.5 80.0 100 100 20 408 0 143 0 401 401 399 0 0 0 60 50 AUTO 0 
b.1 2025-06-16 04:23:01.013 a 2025-06-16-04:22:58 060 094 118 1.6 2.7 3.6 17.3 17.1 732.7 0.00 0 0.0 16.5 24.1 24.5 3.627  -46.6   21.1    2.8  17   -5.0  10 0 0 1 1 1 0 18.6 15.8 18.7 15.8 80.0 100 100 20 408 0 143 0 401 401 400 0 0 0 59 50 AUTO 0 
b.1 2025-06-16 04:24:01.836 a 2025-06-16-04:23:59 034 089 118 1.1 2.4 3.5 17.3 17.1 732.7 0.00 0 0.0 16.6 24.1 24.4 3.628  -47.0   21.1    2.9  17   -4.8  10 0 0 1 1 1 0 18.6 16.1 18.7 16.1 80.0 100 100 20 408 0 143 0 401 401 400 0 0 0 60 50 AUTO 0 
b.1 2025-06-16 04:25:01.759 a 2025-06-16-04:24:59 038 085 109 1.1 2.8 3.8 17.3 17.9 732.7 0.00 0 0.0 16.6 24.1 24.4 3.626  -46.5   21.1    3.2  17   -4.6  10 0 0 1 1 1 0 18.6 16.4 18.7 16.3 80.0 100 100 20 408 0 143 0 401 401 400 0 0 0 59 50 AUTO 0 
b.1 2025-06-16 04:26:00.778 a 2025-06-16-04:25:58 126 067 320 0.4 2.1 4.1 17.3 17.9 732.7 0.00 0 0.0 16.7 24.1 24.5 3.634  -45.9   21.1    3.0  17   -4.5  10 0 0 1 1 1 0 18.6 16.8 18.7 16.6 80.0 100 100 20 408 0 143 0 401 401 400 0 0 0 60 50 AUTO 0 
b.1 2025-06-16 04:27:01.072 a 2025-06-16-04:26:58 106 088 289 0.1 1.6 3.5 17.3 18.8 732.8 0.00 0 0.0 16.6 24.1 24.5 3.627  -45.5   21.1    2.7  18   -4.4  10 0 0 1 1 1 0 18.6 17.4 18.7 17.3 80.0 100 100 20 408 0 143 0 401 401 400 0 0 0 59 50 AUTO 0 
b.1 2025-06-16 04:28:00.538 a 2025-06-16-04:27:58 237 081 329 0.1 2.0 3.6 17.2 19.3 732.8 0.00 0 0.0 16.6 24.1 24.5 3.628  -46.4   21.1    2.7  18   -4.2  10 0 0 1 1 1 0 18.5 18.0 18.6 17.8 80.0 100 100 20 408 0 144 0 401 401 399 0 0 0 60 50 AUTO 0 
b.1 2025-06-16 04:29:02.250 a 2025-06-16-04:29:00 019 090 126 0.3 2.4 3.7 17.2 19.1 732.8 0.00 0 0.0 16.6 24.1 24.5 3.634  -46.8   21.1    2.9  18   -4.0  10 0 0 1 1 1 0 18.5 18.3 18.6 18.3 80.0 100 100 20 408 0 144 0 401 402 400 0 0 0 59 50 AUTO 0 
b.1 2025-06-16 04:30:01.674 a 2025-06-16-04:29:59 069 100 124 1.9 3.0 4.2 17.2 19.6 732.7 0.00 0 0.0 16.6 24.1 24.4 3.627  -47.2   21.0    3.3  18   -3.9  10 0 0 1 1 1 0 18.5 18.6 18.6 18.6 80.0 100 100 20 408 0 144 0 401 402 400 0 0 0 60 50 AUTO 0 
b.1 2025-06-16 04:31:01.177 a 2025-06-16-04:30:59 133 084 343 0.2 2.2 4.0 17.2 19.4 732.8 0.00 0 0.0 16.6 24.1 24.5 3.626  -47.4   21.0    2.9  18   -3.9  10 0 0 1 1 1 0 18.5 18.7 18.5 18.7 80.0 100 100 20 408 0 144 0 401 401 400 0 0 0 59 50 AUTO 0 
b.1 2025-06-16 04:32:00.615 a 2025-06-16-04:31:58 043 088 132 1.1 2.4 4.6 17.2 19.2 732.8 0.00 0 0.0 16.7 24.1 24.5 3.628  -46.7   21.0    3.1  19   -3.8  10 0 0 1 1 1 0 18.5 18.7 18.5 18.7 80.0 100 100 20 408 0 144 0 401 401 400 0 0 0 59 50 AUTO 0 
b.1 2025-06-16 04:33:00.960 a 2025-06-16-04:32:58 034 101 130 1.2 3.2 5.0 17.2 19.9 732.8 0.00 0 0.0 16.7 24.1 24.4 3.633  -48.6   21.0    3.5  19   -3.6  10 0 0 1 1 1 0 18.4 19.0 18.5 19.1 80.0 100 100 20 408 0 144 0 401 401 400 0 0 0 60 50 AUTO 0 
b.1 2025-06-16 04:34:00.618 a 2025-06-16-04:33:58 078 099 126 1.8 3.3 4.7 17.2 19.7 732.8 0.00 0 0.0 16.7 24.1 24.5 3.633  -46.2   21.0    4.0  19   -3.5  10 0 0 1 1 1 0 18.4 19.0 18.4 19.2 80.0 100 100 20 408 0 144 0 401 401 399 0 0 0 59 50 AUTO 0 
b.1 2025-06-16 04:35:02.180 a 2025-06-16-04:35:00 133 087 298 0.2 2.1 3.7 17.2 20.2 732.8 0.00 0 0.0 16.7 24.1 24.4 3.633  -46.5   20.9    3.2  19   -3.5  10 0 0 1 1 1 0 18.4 19.2 18.4 19.3 80.0 100 100 20 408 0 144 0 401 401 400 0 0 0 59 50 AUTO 0 
b.1 2025-06-16 04:36:00.997 a 2025-06-16-04:35:58 049 103 215 0.6 2.7 4.4 17.2 20.2 732.8 0.00 0 0.0 16.7 24.1 24.5 3.628  -47.5   21.0    3.5  19   -3.4  10 0 0 1 1 1 0 18.5 19.5 18.4 19.6 80.0 100 100 20 408 0 144 0 401 401 400 0 0 0 60 50 AUTO 0 
b.1 2025-06-16 04:37:00.621 a 2025-06-16-04:36:58 027 095 129 1.1 2.8 4.0 17.2 20.3 732.8 0.00 0 0.0 16.7 24.1 24.5 3.627  -46.2   21.0    3.6  19   -3.2  10 0 0 1 1 1 0 18.4 20.0 18.4 20.1 80.0 100 100 20 408 0 144 0 401 401 400 0 0 0 60 50 AUTO 0 
b.1 2025-06-16 04:38:01.401 a 2025-06-16-04:37:59 068 097 119 1.7 2.8 3.9 17.2 21.0 732.8 0.00 0 0.0 16.7 24.1 24.5 3.627  -47.1   21.0    3.5  19   -3.2  10 0 0 1 1 1 0 18.4 20.2 18.4 20.4 80.0 100 100 20 408 0 144 0 402 401 400 0 0 0 60 50 AUTO 0 
b.1 2025-06-16 04:39:00.036 a 2025-06-16-04:38:57 018 090 125 1.1 2.4 3.3 17.2 20.6 732.8 0.00 0 0.0 16.7 24.1 24.5 3.631  -45.4   20.9    3.5  20   -3.2  10 0 0 1 1 1 0 18.4 20.0 18.4 20.2 80.0 100 100 20 408 0 144 0 401 402 400 0 0 0 59 50 AUTO 0 
b.1 2025-06-16 04:40:00.180 a 2025-06-16-04:39:58 036 089 122 0.6 2.3 3.6 17.2 20.3 732.8 0.00 0 0.0 16.7 24.1 24.4 3.627  -46.9   20.9    3.3  20   -3.1  10 0 0 1 1 1 0 18.4 19.9 18.4 20.1 80.0 100 100 20 408 0 144 0 401 401 400 0 0 0 59 50 AUTO 0 
b.1 2025-06-16 04:41:01.816 a 2025-06-16-04:40:59 045 085 119 1.4 2.9 4.4 17.2 20.4 732.8 0.00 0 0.0 16.7 24.1 24.4 3.627  -46.0   20.9    3.8  20   -2.9  10 0 0 1 1 1 0 18.4 20.0 18.4 20.1 80.0 100 100 20 408 0 144 0 401 402 400 0 0 0 60 50 AUTO 0 
b.1 2025-06-16 04:42:00.901 a 2025-06-16-04:41:58 019 087 115 1.1 2.9 4.1 17.2 21.2 732.8 0.00 0 0.0 16.8 24.1 24.4 3.633  -47.9   20.9    3.9  20   -2.8  10 0 0 1 1 1 0 18.4 20.4 18.3 20.5 80.0 100 100 20 408 0 144 0 401 401 400 0 0 0 59 50 AUTO 0 
b.1 2025-06-16 04:43:01.819 a 2025-06-16-04:42:59 137 076 261 0.3 2.2 3.9 17.2 21.2 732.8 0.00 0 0.0 16.7 24.1 24.5 3.627  -47.3   20.9    3.5  20   -2.7  10 0 0 1 1 1 0 18.3 20.6 18.3 20.6 80.0 100 100 20 408 0 144 0 402 401 400 0 0 0 59 50 AUTO 0 
b.1 2025-06-16 04:44:01.138 a 2025-06-16-04:43:59 010 088 126 0.2 2.7 3.8 17.2 21.2 732.8 0.00 0 0.0 16.7 24.1 24.5 3.627  -45.5   20.9    3.6  20   -2.7  10 0 0 1 1 1 0 18.3 20.7 18.3 20.8 80.0 100 100 20 408 0 144 0 402 401 400 0 0 0 60 50 AUTO 0 
b.1 2025-06-16 04:45:00.799 a 2025-06-16-04:44:58 040 093 119 0.7 3.0 3.9 17.1 21.3 732.8 0.00 0 0.0 16.7 24.1 24.4 3.627  -46.8   20.9    3.8  20   -2.6  10 0 0 1 1 1 0 18.3 20.7 18.3 20.8 80.0 100 100 20 408 0 144 0 401 402 400 0 0 0 60 50 AUTO 0 
b.1 2025-06-16 04:46:00.740 a 2025-06-16-04:45:58 041 093 147 0.6 2.7 4.0 17.1 21.5 732.8 0.00 0 0.0 16.6 24.1 24.5 3.627  -46.3   20.9    3.8  21   -2.5  10 0 0 1 1 1 0 18.3 20.9 18.3 21.0 80.0 100 100 20 408 0 144 0 401 402 400 0 0 0 60 50 AUTO 0 
b.1 2025-06-16 04:47:01.752 a 2025-06-16-04:46:59 003 089 133 1.0 2.8 4.1 17.1 21.8 732.8 0.00 0 0.0 16.7 24.1 24.4 3.627  -48.4   20.9    3.9  21   -2.5  10 0 0 1 1 1 0 18.3 21.0 18.3 21.0 80.0 100 100 20 408 0 143 2 401 401 399 0 0 3 59 50 AUTO 0 
b.1 2025-06-16 04:48:00.184 a 2025-06-16-04:47:58 029 093 139 1.6 2.9 3.9 17.1 22.1 732.8 0.00 0 0.0 16.7 24.1 24.5 3.627  -46.8   20.9    3.9  21   -2.4  10 0 0 1 1 1 0 18.4 21.1 18.3 21.2 80.0 100 100 20 408 0 126 5 401 402 400 2 2 2 60 50 AUTO 0 
b.1 2025-06-16 04:49:01.842 a 2025-06-16-04:48:59 040 103 149 1.6 3.1 4.5 17.1 22.1 732.8 0.00 0 0.0 16.7 24.1 24.4 3.628  -48.2   20.9    4.1  21   -2.3  10 0 0 1 1 1 0 18.4 21.3 18.3 21.4 80.0 100 100 20 408 0 144 0 401 401 400 0 0 0 59 50 AUTO 0 
b.1 2025-06-16 04:50:02.039 a 2025-06-16-04:49:59 060 099 128 0.9 3.1 4.2 17.1 22.1 732.8 0.00 0 0.0 16.7 24.1 24.5 3.627  -46.1   20.9    4.0  21   -2.3  10 0 0 1 1 1 0 18.3 21.5 18.4 21.4 80.0 100 100 20 408 0 144 0 401 401 400 0 0 0 59 50 AUTO 0 
b.1 2025-06-16 04:50:59.720 a 2025-06-16-04:50:57 055 098 123 1.3 3.3 4.6 17.1 22.1 732.8 0.00 0 0.0 16.7 24.1 24.5 3.627  -47.4   20.9    4.2  21   -2.3  10 0 0 1 1 1 0 18.3 21.5 18.4 21.5 80.0 100 100 20 408 0 144 0 401 402 399 0 0 0 60 50 AUTO 0 
b.1 2025-06-16 04:52:01.881 a 2025-06-16-04:51:59 091 103 117 2.9 3.9 4.4 17.2 22.1 732.9 0.00 0 0.0 16.8 24.1 24.4 3.627  -47.5   20.9    4.6  21   -2.4  10 0 0 1 1 1 0 18.3 21.6 18.4 21.7 80.0 100 100 20 408 0 144 0 402 401 400 0 0 0 59 50 AUTO 0 
b.1 2025-06-16 04:53:00.882 a 2025-06-16-04:52:58 068 102 133 1.0 3.0 4.1 17.2 21.8 732.8 0.00 0 0.0 16.8 24.1 24.4 3.627  -47.9   20.9    4.1  21   -2.4  10 0 0 1 1 1 0 18.3 21.6 18.3 21.7 80.0 100 100 20 408 0 144 0 401 401 400 0 0 0 60 50 AUTO 0 
b.1 2025-06-16 04:54:01.003 a 2025-06-16-04:53:58 084 102 131 0.6 3.2 4.1 17.2 21.4 732.8 0.00 0 0.0 16.8 24.1 24.4 3.627  -47.2   20.8    4.1  21   -2.4  10 0 0 1 1 1 0 18.4 21.3 18.3 21.5 80.0 100 100 20 408 0 144 0 401 401 400 0 0 0 60 50 AUTO 0 
b.1 2025-06-16 04:55:02.345 a 2025-06-16-04:55:00 069 097 127 1.6 2.9 3.9 17.2 21.3 732.8 0.00 0 0.0 16.8 24.1 24.5 3.627  -46.4   20.8    3.8  21   -2.4  10 0 0 1 1 1 0 18.4 21.2 18.4 21.3 80.0 100 100 20 408 0 144 0 401 401 400 0 0 0 60 50 AUTO 0 
b.1 2025-06-16 04:56:01.549 a 2025-06-16-04:55:59 028 088 119 1.3 3.1 4.9 17.2 21.6 732.8 0.00 0 0.0 16.8 24.1 24.4 3.627  -47.2   20.8    4.0  21   -2.4  10 0 0 1 1 1 0 18.4 21.1 18.4 21.2 80.0 100 100 20 408 0 144 0 401 401 400 0 0 0 60 50 AUTO 0 
b.1 2025-06-16 04:57:01.947 a 2025-06-16-04:56:59 054 089 116 0.7 3.7 4.9 17.2 21.9 732.8 0.00 0 0.0 16.8 24.1 24.5 3.626  -48.3   20.8    4.7  21   -2.1  10 0 0 1 1 1 0 18.3 21.2 18.4 21.3 80.0 100 100 20 408 0 144 0 401 401 400 0 0 0 59 50 AUTO 0 
b.1 2025-06-16 04:58:01.928 a 2025-06-16-04:57:59 018 079 113 1.0 2.7 4.1 17.2 21.9 732.8 0.00 0 0.0 16.8 24.1 24.4 3.634  -48.4   20.8    4.4  21   -2.1  10 0 0 1 1 1 0 18.4 21.3 18.4 21.3 80.0 100 100 20 408 0 144 0 401 401 400 0 0 0 59 50 AUTO 0 
b.1 2025-06-16 04:59:01.703 a 2025-06-16-04:58:59 132 082 324 0.3 2.2 4.0 17.2 21.8 732.8 0.00 0 0.0 16.7 24.1 24.4 3.626  -46.3   20.8    3.7  21   -2.1  10 0 0 1 1 1 0 18.3 21.3 18.4 21.3 80.0 100 100 20 408 0 144 0 401 401 400 0 0 0 59 50 AUTO 0 
b.1 2025-06-16 05:00:01.147 a 2025-06-16-04:59:58 005 077 111 0.9 2.5 3.5 17.1 21.8 732.8 0.00 0 0.0 16.7 24.1 24.5 3.627  -48.1   20.8    3.7  21   -2.1  10 0 0 1 1 1 0 18.3 21.3 18.5 21.2 80.0 100 100 20 408 0 144 0 401 401 400 0 0 0 59 50 AUTO 0 
b.1 2025-06-16 05:01:01.946 a 2025-06-16-05:00:59 062 083 232 0.1 2.5 5.1 17.1 21.7 732.8 0.00 0 0.0 16.7 24.1 24.4 3.633  -49.0   20.8    3.6  21   -2.0  10 0 0 1 1 1 0 18.3 21.3 18.4 21.2 80.0 100 100 20 408 0 144 0 401 401 400 0 0 0 59 50 AUTO 0 
b.1 2025-06-16 05:02:01.125 a 2025-06-16-05:01:58 009 088 121 1.0 3.1 5.0 17.1 21.7 732.8 0.00 0 0.0 16.7 24.1 24.4 3.627  -47.6   20.8    3.9  21   -2.0  10 0 0 1 1 1 0 18.3 21.4 18.5 21.2 80.0 100 100 20 408 0 144 0 402 401 400 0 0 0 60 50 AUTO 0 
b.1 2025-06-16 05:03:01.848 a 2025-06-16-05:02:59 030 087 129 1.5 2.9 4.0 17.1 21.6 732.8 0.00 0 0.0 16.7 24.1 24.5 3.628  -47.8   20.8    4.0  21   -2.0  10 0 0 1 1 1 0 18.3 21.4 18.5 21.2 80.0 100 100 20 408 0 144 0 401 401 399 0 0 0 59 50 AUTO 0 
b.1 2025-06-16 05:04:01.365 a 2025-06-16-05:03:59 025 089 117 1.3 3.4 4.7 17.1 21.6 732.8 0.00 0 0.0 16.7 24.1 24.5 3.627  -48.3   20.8    4.4  21   -2.1  10 0 0 1 1 1 0 18.3 21.3 18.5 21.2 80.0 100 100 20 408 0 144 0 401 401 400 0 0 0 59 50 AUTO 0 
b.1 2025-06-16 05:05:01.448 a 2025-06-16-05:04:59 032 089 136 1.0 3.9 5.4 17.1 21.9 732.8 0.00 0 0.0 16.9 24.1 24.5 3.627  -48.6   20.8    5.1  21   -2.0  10 0 0 1 1 1 0 18.3 21.4 18.5 21.3 80.0 100 100 20 408 0 144 0 401 401 399 0 0 0 59 50 AUTO 0 
b.1 2025-06-16 05:06:00.924 a 2025-06-16-05:05:58 021 086 113 1.0 3.8 5.5 17.2 22.2 732.8 0.00 0 0.0 16.8 24.1 24.4 3.633  -47.1   20.8    5.2  22   -1.9  11 0 0 1 1 1 0 18.3 21.6 18.4 21.5 80.0 100 100 20 408 0 144 0 401 401 400 0 0 0 59 50 AUTO 0 
b.1 2025-06-16 05:07:02.068 a 2025-06-16-05:06:59 126 076 295 0.3 2.2 4.6 17.2 22.2 732.8 0.00 0 0.0 16.8 24.1 24.5 3.633  -46.2   20.7    3.9  22   -1.8  11 0 0 1 1 1 0 18.2 21.7 18.4 21.6 80.0 100 100 20 408 0 144 0 401 401 400 0 0 0 60 50 AUTO 0 
b.1 2025-06-16 05:08:01.644 a 2025-06-16-05:07:59 129 086 348 0.5 2.9 5.1 17.2 22.2 732.8 0.00 0 0.0 16.8 24.1 24.4 3.627  -47.1   20.7    3.8  22   -1.7  11 0 0 1 1 1 0 18.2 21.8 18.4 21.6 80.0 100 100 20 408 0 144 0 401 401 400 0 0 0 60 50 AUTO 0 
b.1 2025-06-16 05:09:01.664 a 2025-06-16-05:08:59 129 092 313 0.2 3.0 5.5 17.2 22.2 732.8 0.00 0 0.0 16.8 24.1 24.5 3.627  -48.2   20.7    3.8  22   -1.7  11 0 0 1 1 1 0 18.2 21.8 18.4 21.7 80.0 100 100 20 408 0 144 0 401 401 400 0 0 0 59 50 AUTO 0 
b.1 2025-06-16 05:10:01.828 a 2025-06-16-05:09:59 128 082 295 0.3 2.7 4.9 17.2 22.3 732.8 0.00 0 0.0 16.8 24.1 24.4 3.627  -46.7   20.7    3.5  22   -1.7  11 0 0 1 1 1 0 18.2 21.9 18.4 21.7 80.0 100 100 20 408 0 144 0 401 402 400 0 0 0 59 50 AUTO 0 
b.1 2025-06-16 05:11:02.644 a 2025-06-16-05:11:00 021 087 141 0.4 3.2 5.5 17.1 22.5 732.8 0.00 0 0.0 16.8 24.1 24.4 3.627  -48.9   20.7    3.9  22   -1.6  11 0 0 1 1 1 0 18.2 21.9 18.4 21.6 80.0 100 100 20 408 0 144 0 401 401 400 0 0 0 59 50 AUTO 0 
b.1 2025-06-16 05:12:01.565 a 2025-06-16-05:11:59 128 085 000 0.8 3.5 5.3 17.1 22.0 732.8 0.00 0 0.0 16.8 24.1 24.4 3.627  -46.9   20.7    4.4  22   -1.6  11 0 0 1 1 1 0 18.1 21.9 18.4 21.7 80.0 100 100 20 408 0 144 0 401 401 399 0 0 0 59 50 AUTO 0 
b.1 2025-06-16 05:13:01.785 a 2025-06-16-05:12:59 008 086 121 0.4 3.6 6.1 17.2 22.2 732.8 0.00 0 0.0 16.8 24.1 24.5 3.628  -48.0   20.7    4.8  22   -1.6  11 0 0 1 1 1 0 18.1 22.2 18.4 21.9 80.0 100 100 20 408 0 144 0 402 401 400 0 0 0 59 50 AUTO 0 
b.1 2025-06-16 05:14:01.407 a 2025-06-16-05:13:59 171 087 315 0.1 2.0 4.6 17.2 22.7 732.8 0.00 0 0.0 16.8 24.1 24.4 3.628  -45.4   20.6    3.4  22   -1.5   5 0 0 1 1 1 0 18.1 22.3 18.3 22.1 80.0 100 100 20 408 0 144 0 401 401 400 0 0 0 60 50 AUTO 0 
b.1 2025-06-16 05:15:02.407 a 2025-06-16-05:15:00 138 089 195 0.1 2.1 5.0 17.1 22.8 732.8 0.00 0 0.0 16.7 24.1 24.5 3.628  -45.5   20.6    2.9  23   -1.5  10 0 0 1 1 1 0 18.1 22.4 18.3 22.2 80.0 100 100 20 408 0 144 0 400 401 399 0 0 0 60 50 AUTO 0 
b.1 2025-06-16 05:16:01.467 a 2025-06-16-05:15:59 138 084 320 0.1 2.8 5.9 17.1 23.0 732.8 0.00 0 0.0 16.7 24.1 24.4 3.627  -46.6   20.6    3.3  23   -1.4  10 0 0 1 1 1 0 18.1 22.5 18.3 22.4 80.0 100 100 20 408 0 144 0 401 402 400 0 0 0 59 50 AUTO 0 
b.1 2025-06-16 05:17:00.946 a 2025-06-16-05:16:58 129 091 311 0.2 2.9 5.3 17.1 23.0 732.8 0.00 0 0.0 16.6 24.1 24.5 3.626  -46.4   20.6    3.4  23   -1.4  10 0 0 1 1 1 0 18.1 22.5 18.3 22.3 80.0 100 100 20 408 0 144 0 401 401 400 0 0 0 60 50 AUTO 0 
b.1 2025-06-16 05:18:01.107 a 2025-06-16-05:17:58 147 084 321 0.2 1.9 3.8 17.1 22.9 732.8 0.00 0 0.0 16.6 24.1 24.5 3.627  -45.3   20.6    2.9  23   -1.4  10 0 0 1 1 1 0 18.1 22.6 18.3 22.4 80.0 100 100 20 408 0 144 0 401 401 399 0 0 0 60 50 AUTO 0 
b.1 2025-06-16 05:19:01.289 a 2025-06-16-05:18:59 018 074 120 0.6 2.7 4.5 17.0 23.0 732.8 0.00 0 0.0 16.5 24.1 24.5 3.627  -48.1   20.6    3.3  23   -1.4  10 0 0 1 1 1 0 18.1 22.6 18.3 22.5 80.0 100 100 20 408 0 144 0 401 401 400 0 0 0 59 50 AUTO 0 
b.1 2025-06-16 05:20:01.269 a 2025-06-16-05:19:59 138 079 235 0.2 1.5 3.6 17.0 23.1 732.8 0.00 0 0.0 16.5 24.1 24.5 3.627  -45.4   20.6    2.7  23   -1.4  10 0 0 1 1 1 0 18.1 22.7 18.3 22.5 80.0 100 100 20 408 0 144 0 401 401 400 0 0 0 59 50 AUTO 0 
b.1 2025-06-16 05:21:01.068 a 2025-06-16-05:20:58 139 085 358 0.4 2.0 5.5 17.0 23.1 732.8 0.00 0 0.0 16.5 24.1 24.5 3.627  -45.9   20.6    2.7  23   -1.4  10 0 0 1 1 1 0 18.1 22.7 18.2 22.6 80.0 100 100 20 408 0 144 0 401 401 399 0 0 0 59 50 AUTO 0 
b.1 2025-06-16 05:22:00.589 a 2025-06-16-05:21:58 133 073 322 0.2 1.9 4.7 16.9 23.2 732.8 0.00 0 0.0 16.5 24.1 24.5 3.626  -44.8   20.5    2.6  23   -1.3   5 0 0 1 1 1 0 18.1 22.7 18.2 22.7 80.0 100 100 20 408 0 144 0 401 401 400 0 0 0 59 50 AUTO 0 
b.1 2025-06-16 05:23:00.808 a 2025-06-16-05:22:58 157 071 217 0.1 1.0 2.7 16.9 23.2 732.8 0.00 0 0.0 16.4 24.1 24.5 3.627  -44.9   20.5    2.4  23   -1.5   5 0 0 1 1 1 0 18.1 22.8 18.2 22.7 80.0 100 100 20 408 0 144 0 401 401 400 0 0 0 60 50 AUTO 0 
b.1 2025-06-16 05:24:01.851 a 2025-06-16-05:23:59 156 076 324 0.2 1.5 4.0 16.9 23.4 732.8 0.00 0 0.0 16.3 24.1 24.5 3.627  -44.9   20.5    2.4  23   -1.5   8 0 0 1 1 1 0 18.0 22.8 18.1 22.8 80.0 100 100 20 408 0 144 0 401 401 399 0 0 0 59 50 AUTO 0 
b.1 2025-06-16 05:25:00.117 a 2025-06-16-05:24:57 028 090 254 0.4 1.7 3.4 16.8 23.4 732.8 0.00 0 0.0 16.2 24.1 24.4 3.627  -45.2   20.5    2.4  23   -1.5  13 0 0 1 1 1 0 18.0 22.8 18.1 22.8 80.0 100 100 20 408 0 144 0 401 401 400 0 0 0 60 50 AUTO 0 
b.1 2025-06-16 05:26:00.407 a 2025-06-16-05:25:58 251 061 275 0.1 1.6 3.3 16.8 23.2 732.8 0.00 0 0.0 16.2 24.1 24.4 3.627  -45.3   20.5    2.5  23   -1.4  10 0 0 1 1 1 0 18.0 22.7 18.2 22.6 80.0 100 100 20 408 0 144 0 401 401 400 0 0 0 60 50 AUTO 0 
b.1 2025-06-16 05:27:01.193 a 2025-06-16-05:26:59 133 065 348 0.2 1.7 4.0 16.8 22.7 732.8 0.00 0 0.0 16.3 24.1 24.4 3.627  -45.5   20.5    2.4  23   -1.5  10 0 0 1 1 1 0 18.0 22.4 18.2 22.4 80.0 100 100 20 408 0 144 0 401 401 400 0 0 0 59 50 AUTO 0 
b.1 2025-06-16 05:28:00.709 a 2025-06-16-05:27:58 188 086 250 0.2 2.3 6.2 16.8 22.8 732.8 0.00 0 0.0 16.3 24.1 24.5 3.626  -45.3   20.4    2.5  23   -1.5  10 0 0 1 1 1 0 18.0 22.4 18.2 22.3 80.0 100 100 20 408 0 144 0 401 401 400 0 0 0 59 50 AUTO 0 
b.1 2025-06-16 05:29:00.933 a 2025-06-16-05:28:58 131 075 261 0.1 1.6 4.8 16.9 23.0 732.8 0.00 0 0.0 16.3 24.1 24.5 3.626  -45.8   20.4    2.4  23   -1.5  10 0 0 1 1 1 0 18.0 22.5 18.2 22.4 80.0 100 100 20 408 0 144 0 401 401 399 0 0 0 60 50 AUTO 0 
b.1 2025-06-16 05:30:01.292 a 2025-06-16-05:29:59 000 070 129 0.4 1.7 3.4 16.9 23.1 732.8 0.00 0 0.0 16.2 24.1 24.4 3.634  -45.3   20.4    2.5  23   -1.5  10 0 0 1 1 1 0 18.0 22.5 18.1 22.4 80.0 100 100 20 408 0 144 0 401 402 400 0 0 0 59 50 AUTO 0 
b.1 2025-06-16 05:31:01.256 a 2025-06-16-05:30:59 145 092 308 0.3 1.8 4.0 16.8 23.0 732.8 0.00 0 0.0 16.2 24.1 24.4 3.628  -45.3   20.4    2.4  23   -1.4  10 0 0 1 1 1 0 18.0 22.5 18.1 22.4 80.0 100 100 20 408 0 144 0 401 401 400 0 0 0 60 50 AUTO 0 
b.1 2025-06-16 05:32:01.690 a 2025-06-16-05:31:59 240 086 321 0.2 2.1 4.8 16.8 23.2 732.8 0.00 0 0.0 16.2 24.1 24.5 3.626  -45.3   20.4    2.5  23   -1.4  10 0 0 1 1 1 0 18.0 22.6 18.1 22.5 80.0 100 100 20 408 0 144 0 401 401 400 0 0 0 60 50 AUTO 0 
b.1 2025-06-16 05:33:01.071 a 2025-06-16-05:32:58 171 085 270 0.1 2.3 4.6 16.8 23.3 732.8 0.00 0 0.0 16.3 24.1 24.4 3.633  -45.8   20.4    2.6  23   -1.4  10 0 0 1 1 1 0 18.0 22.6 18.1 22.6 80.0 100 100 20 408 0 144 0 401 401 400 0 0 0 59 50 AUTO 0 
b.1 2025-06-16 05:34:00.670 a 2025-06-16-05:33:58 119 085 260 0.1 1.7 3.9 16.8 23.4 732.8 0.00 0 0.0 16.2 24.1 24.5 3.627  -45.6   20.4    2.5  23   -1.3  10 0 0 1 1 1 0 18.0 22.7 18.1 22.7 80.0 100 100 20 408 0 144 0 402 401 400 0 0 0 59 50 AUTO 0 
b.1 2025-06-16 05:35:00.756 a 2025-06-16-05:34:58 231 089 301 0.1 1.8 4.6 16.8 23.6 732.8 0.00 0 0.0 16.2 24.1 24.4 3.627  -45.4   20.4    2.4  23   -1.3  10 0 0 1 1 1 0 18.0 22.8 18.2 22.7 80.0 100 100 20 408 0 144 0 402 401 400 0 0 0 59 50 AUTO 0 
b.1 2025-06-16 05:36:00.513 a 2025-06-16-05:35:58 125 080 307 0.3 1.5 3.3 16.9 23.7 732.8 0.00 0 0.0 16.2 24.1 24.4 3.627  -45.1   20.4    2.3  23   -1.3  10 0 0 1 1 1 0 18.0 22.9 18.2 22.7 80.0 100 100 20 408 0 144 0 401 402 399 0 0 0 60 50 AUTO 0 
b.1 2025-06-16 05:36:59.832 a 2025-06-16-05:36:57 178 091 347 0.2 2.0 4.0 16.8 23.8 732.8 0.00 0 0.0 16.2 24.1 24.4 3.634  -45.8   20.4    2.4  23   -1.2  10 0 0 1 1 1 0 18.0 23.1 18.2 22.9 80.0 100 100 20 408 0 144 0 401 402 400 0 0 0 60 50 AUTO 0 
b.1 2025-06-16 05:38:01.013 a 2025-06-16-05:37:58 152 082 319 0.2 1.7 4.2 16.8 23.8 732.8 0.00 0 0.0 16.2 24.1 24.4 3.633  -44.4   20.4    2.4  23   -1.2  10 0 0 1 1 1 0 18.0 23.3 18.1 23.1 80.0 100 100 20 408 0 144 0 401 401 400 0 0 0 60 50 AUTO 0 
b.1 2025-06-16 05:39:00.457 a 2025-06-16-05:38:58 129 059 273 0.2 2.2 5.6 16.8 24.1 732.8 0.00 0 0.0 16.3 24.1 24.5 3.627  -46.9   20.4    2.5  24   -1.1  10 0 0 1 1 1 0 17.9 23.4 18.1 23.2 80.0 100 100 20 408 0 144 0 401 401 400 0 0 0 60 50 AUTO 0 
b.1 2025-06-16 05:40:00.713 a 2025-06-16-05:39:58 233 084 270 0.1 2.1 5.4 16.8 24.0 732.8 0.00 0 0.0 16.3 24.1 24.5 3.629  -44.2   20.4    2.5  24   -1.1  10 0 0 1 1 1 0 17.9 23.5 18.2 23.2 80.0 100 100 20 408 0 144 0 401 401 400 0 0 0 59 50 AUTO 0 
b.1 2025-06-16 05:41:00.993 a 2025-06-16-05:40:58 121 070 350 0.3 2.2 4.5 16.9 24.0 732.8 0.00 0 0.0 16.3 24.1 24.5 3.628  -44.9   20.3    2.7  24   -1.1  10 0 0 1 1 1 0 17.9 23.5 18.1 23.3 80.0 100 100 20 408 0 144 0 402 401 400 0 0 0 59 50 AUTO 0 
b.1 2025-06-16 05:42:01.571 a 2025-06-16-05:41:59 147 068 219 0.2 1.7 3.9 16.9 24.1 732.8 0.00 0 0.0 16.3 24.1 24.5 3.627  -45.4   20.4    2.6  24   -1.1  10 0 0 1 1 1 0 17.9 23.5 18.1 23.4 80.0 100 100 20 408 0 144 0 401 402 399 0 0 0 59 50 AUTO 0 
b.1 2025-06-16 05:43:01.516 a 2025-06-16-05:42:59 141 079 321 0.0 2.3 5.2 16.9 24.1 732.8 0.00 0 0.0 16.3 24.1 24.4 3.627  -47.6   20.4    2.7  24   -1.0  10 0 0 1 1 1 0 17.9 23.6 18.1 23.5 80.0 100 100 20 408 0 144 0 401 401 400 0 0 0 59 50 AUTO 0 
b.1 2025-06-16 05:44:00.673 a 2025-06-16-05:43:58 152 082 319 0.3 2.6 5.0 16.8 24.1 732.8 0.00 0 0.0 16.3 24.1 24.4 3.627  -44.8   20.4    2.9  24   -1.0  10 0 0 1 1 1 0 17.9 23.6 18.0 23.6 80.0 100 100 20 408 0 144 0 401 401 400 0 0 0 60 50 AUTO 0 
b.1 2025-06-16 05:45:01.776 a 2025-06-16-05:44:59 188 083 354 0.3 1.8 3.3 16.9 24.1 732.8 0.00 0 0.0 16.3 24.1 24.5 3.626  -45.3   20.4    2.8  24   -1.0  10 0 0 1 1 1 0 17.9 23.6 18.0 23.6 80.0 100 100 20 408 0 144 0 401 401 400 0 0 0 59 50 AUTO 0 
b.1 2025-06-16 05:46:01.496 a 2025-06-16-05:45:59 124 081 324 0.3 2.0 3.9 16.9 24.0 732.8 0.00 0 0.0 16.3 24.1 24.4 3.628  -44.9   20.4    2.6  24   -1.0  10 0 0 1 1 1 0 17.9 23.6 18.0 23.6 80.0 100 100 20 408 0 144 0 401 402 399 0 0 0 60 50 AUTO 0 
b.1 2025-06-16 05:47:01.661 a 2025-06-16-05:46:59 207 093 307 0.1 1.7 4.7 16.9 23.9 732.7 0.00 0 0.0 16.3 24.1 24.5 3.627  -44.2   20.4    2.5  24   -1.0  10 0 0 1 1 1 0 17.9 23.6 18.0 23.5 80.0 100 100 20 408 0 144 0 401 401 400 0 0 0 59 50 AUTO 0 
b.1 2025-06-16 05:48:00.612 a 2025-06-16-05:47:58 155 080 320 0.1 1.1 2.5 16.8 23.8 732.7 0.00 0 0.0 16.2 24.1 24.5 3.629  -45.2   20.4    2.3  24   -1.0  10 0 0 1 1 1 0 17.9 23.3 18.0 23.4 80.0 100 100 20 408 0 144 0 401 402 399 0 0 0 59 50 AUTO 0 
b.1 2025-06-16 05:49:01.092 a 2025-06-16-05:48:58 133 066 279 0.7 1.8 3.8 16.8 23.6 732.7 0.00 0 0.0 16.2 24.1 24.4 3.634  -46.3   20.4    2.4  24   -1.1  10 0 0 1 1 1 0 17.9 23.3 18.0 23.3 80.0 100 100 20 408 0 144 0 401 401 400 0 0 0 60 50 AUTO 0 
b.1 2025-06-16 05:50:01.286 a 2025-06-16-05:49:59 127 093 303 0.1 1.5 3.9 16.8 23.6 732.7 0.00 0 0.0 16.2 24.1 24.4 3.627  -45.7   20.4    2.3  24   -1.1   5 0 0 1 1 1 0 17.9 23.3 18.0 23.3 80.0 100 100 20 408 0 144 0 401 401 400 0 0 0 59 50 AUTO 0 
b.1 2025-06-16 05:51:01.434 a 2025-06-16-05:50:59 136 080 318 0.2 1.9 4.4 16.8 23.6 732.8 0.00 0 0.0 16.2 24.1 24.4 3.628  -45.5   20.4    2.4  24   -1.1   9 0 0 1 1 1 0 17.9 23.2 18.0 23.3 80.0 100 100 20 408 0 144 2 401 401 400 3 0 0 60 50 AUTO 0 
b.1 2025-06-16 05:52:00.256 a 2025-06-16-05:51:58 247 078 275 0.0 0.7 2.1 16.8 23.6 732.7 0.00 0 0.0 16.1 24.1 24.5 3.628  -43.9   20.4    2.2  23   -1.2   7 0 0 1 1 1 0 17.9 23.2 18.0 23.3 80.0 100 100 20 408 0 144 0 401 401 400 0 0 0 60 50 AUTO 0 
b.1 2025-06-16 05:53:02.053 a 2025-06-16-05:52:59 156 054 260 0.2 1.3 3.5 16.8 23.6 732.7 0.00 0 0.0 16.0 24.1 24.5 3.627  -46.2   20.4    2.2  24   -1.1   8 0 0 1 1 1 0 17.9 23.1 18.0 23.2 80.0 100 100 20 408 0 144 0 401 401 400 0 0 0 59 50 AUTO 0 
b.1 2025-06-16 05:53:59.815 a 2025-06-16-05:53:57 136 069 229 0.1 1.6 3.6 16.7 23.6 732.7 0.00 0 0.0 16.1 24.1 24.5 3.627  -45.9   20.4    2.2  24   -1.1   9 0 0 1 1 1 0 17.9 23.1 18.0 23.1 80.0 100 100 20 408 0 144 0 401 401 400 0 0 0 60 50 AUTO 0 
b.1 2025-06-16 05:55:01.836 a 2025-06-16-05:54:59 127 102 305 0.0 0.8 2.5 16.7 23.6 732.7 0.00 0 0.0 16.0 24.1 24.4 3.628  -44.4   20.4    0.0  23   -1.2   9 0 0 1 1 1 0 17.9 22.9 17.9 23.0 80.0 100 100 20 408 0 144 0 401 401 400 0 0 0 59 50 AUTO 0 
b.1 2025-06-16 05:56:00.897 a 2025-06-16-05:55:58 151 036 291 0.1 1.2 2.7 16.7 23.3 732.7 0.00 0 0.0 15.9 24.1 24.5 3.629  -46.1   20.3    2.2  23   -1.2   9 0 0 1 1 1 0 17.9 22.9 17.9 23.0 80.0 100 100 20 408 0 144 0 401 402 399 0 0 0 60 50 AUTO 0 
b.1 2025-06-16 05:57:00.473 a 2025-06-16-05:56:58 119 013 315 0.1 1.5 4.7 16.7 23.5 732.7 0.00 0 0.0 16.0 24.1 24.5 3.627  -45.8   20.3    2.2  23   -1.2   9 0 0 1 1 1 0 17.9 22.9 18.0 23.0 80.0 100 100 20 408 0 144 0 401 401 400 0 0 0 60 50 AUTO 0 
b.1 2025-06-16 05:58:01.280 a 2025-06-16-05:57:59 105 053 307 0.3 1.9 3.4 16.7 23.6 732.7 0.00 0 0.0 16.0 24.1 24.5 3.627  -46.2   20.3    2.4  23   -1.2   9 0 0 1 1 1 0 17.9 22.9 18.0 23.0 80.0 100 100 20 408 0 144 0 401 401 399 0 0 0 59 50 AUTO 0 
b.1 2025-06-16 05:59:01.338 a 2025-06-16-05:58:59 147 070 316 0.3 1.7 3.5 16.7 23.4 732.7 0.00 0 0.0 16.0 24.1 24.4 3.633  -46.1   20.3    2.4  23   -1.3   9 0 0 1 1 1 0 17.9 22.9 18.0 23.0 80.0 100 100 20 408 0 144 0 402 401 400 0 0 0 60 50 AUTO 0 
b.1 2025-06-16 06:00:02.293 a 2025-06-16-06:00:00 119 059 354 0.7 2.6 4.1 16.7 23.7 732.7 0.00 0 0.0 16.0 24.1 24.5 3.626  -45.5   20.3    2.7  23   -1.2   9 0 0 1 1 1 0 17.9 22.9 17.9 23.0 80.0 100 100 20 408 0 144 0 402 401 400 0 0 0 59 50 AUTO 0 
b.1 2025-06-16 06:01:01.358 a 2025-06-16-06:00:59 003 082 165 0.2 1.6 3.5 16.7 23.4 732.7 0.00 0 0.0 16.1 24.1 24.5 3.628  -45.4   20.3    2.5  23   -1.2   9 0 0 1 1 1 0 17.9 22.8 18.0 22.9 80.0 100 100 20 408 0 144 0 401 401 400 0 0 0 60 50 AUTO 0 
b.1 2025-06-16 06:02:01.160 a 2025-06-16-06:01:59 132 098 291 0.0 0.8 2.6 16.7 23.3 732.7 0.00 0 0.0 16.0 24.1 24.4 3.637  -44.9   20.3    2.3  23   -1.2   9 0 0 1 1 1 0 17.9 22.8 17.9 22.8 80.0 100 100 20 408 0 144 0 401 401 400 0 0 0 59 50 AUTO 0 
b.1 2025-06-16 06:03:00.858 a 2025-06-16-06:02:58 156 054 349 0.4 1.6 2.9 16.7 23.5 732.7 0.00 0 0.0 16.0 24.1 24.5 3.627  -44.9   20.3    2.3  23   -1.3   9 0 0 1 1 1 0 17.9 22.8 17.9 23.0 80.0 100 100 20 408 0 144 0 401 401 400 0 0 0 60 50 AUTO 0 
b.1 2025-06-16 06:04:00.016 a 2025-06-16-06:03:57 149 045 306 0.2 2.4 5.7 16.7 23.0 732.7 0.00 0 0.0 16.1 24.1 24.4 3.626  -45.9   20.3    2.6  23   -1.3   9 0 0 1 1 1 0 17.9 22.7 17.9 22.9 80.0 100 100 20 408 0 144 0 401 401 400 0 0 0 60 50 AUTO 0 
b.1 2025-06-16 06:05:01.016 a 2025-06-16-06:04:58 146 078 255 0.1 1.2 2.8 16.7 23.5 732.7 0.00 0 0.0 16.1 24.1 24.4 3.627  -45.0   20.3    2.4  23   -1.3   9 0 0 1 1 1 0 17.9 22.9 17.9 23.0 80.0 100 100 20 408 0 144 0 401 401 400 0 0 0 60 50 AUTO 0 
b.1 2025-06-16 06:06:00.858 a 2025-06-16-06:05:58 118 025 258 0.1 1.1 3.1 16.7 23.5 732.7 0.00 0 0.0 16.0 24.1 24.5 3.628  -44.6   20.3    2.3  23   -1.3   9 0 0 1 1 1 0 17.8 22.9 17.9 23.0 80.0 100 100 20 408 0 144 0 401 401 400 0 0 0 60 50 AUTO 0 
b.1 2025-06-16 06:07:00.936 a 2025-06-16-06:06:58 140 052 270 0.3 2.0 4.2 16.7 23.2 732.7 0.00 0 0.0 16.0 24.1 24.5 3.627  -45.8   20.3    2.5  23   -1.3   9 0 0 1 1 1 0 17.8 23.0 17.9 23.0 80.0 100 100 20 408 0 144 0 401 401 400 0 0 0 60 50 AUTO 0 
b.1 2025-06-16 06:08:00.821 a 2025-06-16-06:07:58 183 056 312 0.2 1.6 3.9 16.7 23.7 732.7 0.00 0 0.0 16.1 24.1 24.4 3.627  -45.6   20.3    2.5  23   -1.3   9 0 0 1 1 1 0 17.8 22.9 17.9 23.0 80.0 100 100 20 408 0 144 0 401 401 399 0 0 0 60 50 AUTO 0 
b.1 2025-06-16 06:09:01.559 a 2025-06-16-06:08:59 050 059 138 0.3 2.1 5.0 16.7 22.3 732.6 0.00 0 0.0 16.1 24.1 24.5 3.633  -45.7   20.3    2.6  23   -1.3   9 0 0 1 1 1 0 17.8 22.6 17.9 22.7 80.0 100 100 20 408 0 144 0 401 401 400 0 0 0 60 50 AUTO 0 
b.1 2025-06-16 06:10:01.641 a 2025-06-16-06:09:59 136 060 300 0.5 2.0 5.0 16.7 22.4 732.6 0.00 0 0.0 16.2 24.1 24.5 3.633  -45.1   20.3    2.6  23   -1.4  10 0 0 1 1 1 0 17.8 22.7 17.9 22.8 80.0 100 100 20 408 0 144 0 401 401 400 0 0 0 60 50 AUTO 0 
b.1 2025-06-16 06:11:02.336 a 2025-06-16-06:11:00 153 074 306 0.3 1.7 4.1 16.7 23.1 732.7 0.00 0 0.0 16.1 24.1 24.4 3.633  -47.2   20.3    2.5  23   -1.3  10 0 0 1 1 1 0 17.8 22.7 17.9 22.7 80.0 100 100 20 408 0 144 0 401 401 400 0 0 0 60 50 AUTO 0 
b.1 2025-06-16 06:12:02.464 a 2025-06-16-06:12:00 136 046 291 0.2 1.9 4.3 16.7 22.9 732.7 0.00 0 0.0 16.1 24.1 24.5 3.627  -45.0   20.2    2.7  23   -1.4  10 0 0 1 1 1 0 17.8 22.5 17.9 22.7 80.0 100 100 20 408 0 144 0 401 401 400 0 0 0 60 50 AUTO 0 
b.1 2025-06-16 06:13:00.918 a 2025-06-16-06:12:58 115 051 353 0.5 2.4 4.3 16.7 23.0 732.7 0.00 0 0.0 16.2 24.1 24.5 3.627  -46.3   20.2    2.9  23   -1.4  10 0 0 1 1 1 0 17.8 22.6 17.9 22.7 80.0 100 100 20 408 0 144 0 401 401 400 0 0 0 60 50 AUTO 0 
b.1 2025-06-16 06:14:01.278 a 2025-06-16-06:13:59 190 059 355 0.1 2.7 5.0 16.7 23.0 732.6 0.00 0 0.0 16.2 24.1 24.5 3.628  -46.0   20.2    3.1  23   -1.3  10 0 0 1 1 1 0 17.8 22.7 17.9 22.7 80.0 100 100 20 408 0 144 0 401 401 400 0 0 0 60 50 AUTO 0 
b.1 2025-06-16 06:15:00.657 a 2025-06-16-06:14:58 115 018 143 0.1 2.0 5.1 16.7 23.1 732.6 0.00 0 0.0 16.2 24.1 24.5 3.627  -44.3   20.2    2.9  23   -1.3  10 0 0 1 1 1 0 17.8 22.7 17.9 22.8 80.0 100 100 20 408 0 144 0 401 401 400 0 0 0 59 50 AUTO 0 
b.1 2025-06-16 06:16:01.338 a 2025-06-16-06:15:59 104 040 300 0.2 2.5 5.1 16.7 23.2 732.6 0.00 0 0.0 16.3 24.1 24.5 3.627  -46.7   20.2    3.1  23   -1.3  10 0 0 1 1 1 0 17.8 22.8 17.9 22.9 80.0 100 100 20 408 0 144 0 402 401 400 0 0 0 60 50 AUTO 0 
b.1 2025-06-16 06:17:01.421 a 2025-06-16-06:16:59 123 009 228 0.1 1.6 5.0 16.7 23.1 732.6 0.00 0 0.0 16.3 24.1 24.5 3.627  -43.7   20.2    2.8  23   -1.3  10 0 0 1 1 1 0 17.8 22.7 17.8 22.8 80.0 100 100 20 408 0 144 0 401 401 400 0 0 0 59 50 AUTO 0 
b.1 2025-06-16 06:18:00.802 a 2025-06-16-06:17:58 104 031 307 0.1 2.5 4.9 16.7 23.1 732.6 0.00 0 0.0 16.3 24.1 24.4 3.633  -44.9   20.2    3.2  23   -1.3  10 0 0 1 1 1 0 17.8 22.8 17.9 22.8 80.0 100 100 20 408 0 144 0 401 401 400 0 0 0 60 50 AUTO 0 
b.1 2025-06-16 06:19:02.121 a 2025-06-16-06:18:59 135 046 243 0.1 1.9 4.0 16.7 23.1 732.6 0.00 0 0.0 16.3 24.1 24.4 3.627  -46.1   20.2    2.9  23   -1.3  10 0 0 1 1 1 0 17.7 22.7 17.8 22.7 80.0 100 100 20 408 0 144 0 401 401 400 0 0 0 59 50 AUTO 0 
b.1 2025-06-16 06:20:02.301 a 2025-06-16-06:20:00 140 068 316 0.5 2.0 4.0 16.7 22.9 732.7 0.00 0 0.0 16.3 24.1 24.5 3.628  -45.7   20.2    2.9  23   -1.3  10 0 0 1 1 1 0 17.8 22.6 17.8 22.7 80.0 100 100 20 408 0 144 0 401 401 400 0 0 0 59 50 AUTO 0 
b.1 2025-06-16 06:21:00.280 a 2025-06-16-06:20:58 093 026 279 0.1 1.5 4.8 16.7 22.9 732.7 0.00 0 0.0 16.3 24.1 24.5 3.634  -45.1   20.2    2.6  23   -1.3  10 0 0 1 1 1 0 17.8 22.6 17.8 22.6 80.0 100 100 20 408 0 144 0 401 401 400 0 0 0 60 50 AUTO 0 
b.1 2025-06-16 06:22:00.578 a 2025-06-16-06:21:58 116 063 229 0.1 2.0 3.9 16.7 22.7 732.7 0.00 0 0.0 16.2 24.1 24.4 3.627  -44.2   20.2    2.7  23   -1.3  10 0 0 1 1 1 0 17.8 22.5 17.8 22.6 80.0 100 100 20 408 0 144 0 401 401 400 0 0 0 59 50 AUTO 0 
b.1 2025-06-16 06:23:00.424 a 2025-06-16-06:22:58 148 052 310 0.4 1.7 4.3 16.7 22.9 732.6 0.00 0 0.0 16.2 24.1 24.4 3.627  -46.3   20.2    2.5  23   -1.4  10 0 0 1 1 1 0 17.8 22.5 17.8 22.6 80.0 100 100 20 408 0 144 0 401 401 400 0 0 0 60 50 AUTO 0 
b.1 2025-06-16 06:24:01.562 a 2025-06-16-06:23:59 204 066 313 0.1 1.7 4.9 16.7 23.0 732.6 0.00 0 0.0 16.2 24.1 24.4 3.627  -44.4   20.2    2.5  23   -1.4  10 0 0 1 1 1 0 17.8 22.5 17.8 22.6 80.0 100 100 20 408 0 144 0 401 401 400 0 0 0 60 50 AUTO 0 
b.1 2025-06-16 06:25:01.697 a 2025-06-16-06:24:59 136 036 309 0.4 2.2 4.6 16.7 22.8 732.6 0.00 0 0.0 16.2 24.1 24.5 3.627  -45.4   20.2    2.7  23   -1.4  10 0 0 1 1 1 0 17.7 22.5 17.8 22.5 80.0 100 100 20 408 0 144 0 401 401 400 0 0 0 60 50 AUTO 0 
b.1 2025-06-16 06:26:01.122 a 2025-06-16-06:25:58 163 060 353 0.3 2.2 4.3 16.7 22.8 732.6 0.00 0 0.0 16.2 24.1 24.5 3.627  -46.7   20.2    2.7  23   -1.4  10 0 0 1 1 1 0 17.7 22.5 17.8 22.6 80.0 100 100 20 408 0 144 1 402 401 400 0 0 2 59 50 AUTO 0 
b.1 2025-06-16 06:27:01.673 a 2025-06-16-06:26:59 129 048 293 0.3 1.9 3.9 16.7 22.8 732.6 0.00 0 0.0 16.2 24.1 24.5 3.627  -45.2   20.2    2.9  23   -1.4  10 0 0 1 1 1 0 17.7 22.6 17.8 22.6 80.0 100 100 20 408 0 144 0 401 401 400 0 0 0 60 50 AUTO 0 
b.1 2025-06-16 06:28:00.489 a 2025-06-16-06:27:58 097 036 291 0.3 1.8 5.3 16.7 22.9 732.6 0.00 0 0.0 16.2 24.1 24.4 3.626  -45.7   20.2    2.9  23   -1.4  10 0 0 1 1 1 0 17.7 22.6 17.8 22.7 80.0 100 100 20 408 0 144 0 401 401 399 0 0 0 59 50 AUTO 0 
b.1 2025-06-16 06:29:01.861 a 2025-06-16-06:28:59 131 021 329 0.1 1.7 5.7 16.7 22.8 732.6 0.00 0 0.0 16.2 24.1 24.4 3.627  -46.2   20.2    2.7  23   -1.4  10 0 0 1 1 1 0 17.7 22.6 17.8 22.7 80.0 100 100 20 408 0 144 0 401 401 400 0 0 0 60 50 AUTO 0 
b.1 2025-06-16 06:30:02.032 a 2025-06-16-06:29:59 195 352 322 0.1 2.3 5.1 16.7 23.0 732.6 0.00 0 0.0 16.2 24.1 24.5 3.627  -45.4   20.2    2.9  23   -1.4  10 0 0 1 1 1 0 17.7 22.6 17.7 22.7 80.0 100 100 20 408 0 144 3 401 402 400 0 0 0 60 50 AUTO 0 
b.1 2025-06-16 06:31:00.982 a 2025-06-16-06:30:58 131 340 232 0.1 1.1 4.6 16.7 23.1 732.6 0.00 0 0.0 16.2 24.1 24.5 3.626  -44.4   20.2    2.4  23   -1.4  10 0 0 1 1 1 0 17.7 22.8 17.7 22.9 80.0 100 100 20 408 0 144 0 401 401 400 0 0 0 59 50 AUTO 0 
b.1 2025-06-16 06:32:00.582 a 2025-06-16-06:31:58 109 038 209 0.1 2.1 5.4 16.7 23.2 732.6 0.00 0 0.0 16.1 24.1 24.5 3.627  -46.1   20.2    2.7  23   -1.3  10 0 0 1 1 1 0 17.7 22.8 17.7 22.9 80.0 100 100 20 408 0 144 0 401 401 400 0 0 0 60 50 AUTO 0 
b.1 2025-06-16 06:33:00.384 a 2025-06-16-06:32:58 149 046 241 0.1 2.0 4.5 16.7 23.3 732.6 0.00 0 0.0 16.2 24.1 24.5 3.627  -44.9   20.2    2.6  23   -1.3  10 0 0 1 1 1 0 17.7 22.9 17.8 22.9 80.0 100 100 20 408 0 144 0 401 401 400 0 0 0 60 50 AUTO 0 
b.1 2025-06-16 06:34:00.463 a 2025-06-16-06:33:58 134 018 218 0.1 1.3 3.9 16.6 23.2 732.6 0.00 0 0.0 16.1 24.1 24.4 3.634  -45.2   20.2    2.4  23   -1.3  10 0 0 1 1 1 0 17.7 22.8 17.8 22.9 80.0 100 100 20 408 0 144 0 402 401 400 0 0 0 59 50 AUTO 0 
b.1 2025-06-16 06:35:01.823 a 2025-06-16-06:34:59 115 046 299 0.2 2.3 4.6 16.6 22.9 732.5 0.00 0 0.0 16.2 24.1 24.4 3.627  -46.3   20.2    2.7  23   -1.3  10 0 0 1 1 1 0 17.7 22.6 17.7 22.7 80.0 100 100 20 408 0 144 0 401 401 400 0 0 0 60 50 AUTO 0 
b.1 2025-06-16 06:36:01.979 a 2025-06-16-06:35:59 136 042 266 0.2 2.8 5.8 16.7 22.7 732.6 0.00 0 0.0 16.2 24.1 24.5 3.628  -46.2   20.2    3.1  23   -1.4  10 0 0 1 1 1 0 17.7 22.5 17.7 22.7 80.0 100 100 20 408 0 144 0 401 401 400 0 0 0 59 50 AUTO 0 
b.1 2025-06-16 06:37:01.203 a 2025-06-16-06:36:59 116 025 254 0.2 1.9 4.6 16.7 22.8 732.6 0.00 0 0.0 16.3 24.1 24.4 3.634  -45.2   20.2    2.9  23   -1.4  10 0 0 1 1 1 0 17.7 22.5 17.7 22.7 80.0 100 100 20 408 0 144 0 401 401 400 0 0 0 60 50 AUTO 0 
b.1 2025-06-16 06:38:01.607 a 2025-06-16-06:37:59 138 047 251 0.2 1.6 3.8 16.7 22.8 732.6 0.00 0 0.0 16.2 24.1 24.5 3.627  -46.2   20.2    2.7  23   -1.4  10 0 0 1 1 1 0 17.7 22.6 17.7 22.7 80.0 100 100 20 408 0 144 0 401 401 399 0 0 0 60 50 AUTO 0 
b.1 2025-06-16 06:39:00.664 a 2025-06-16-06:38:58 063 040 221 0.4 2.5 4.7 16.7 21.9 732.6 0.00 0 0.0 16.2 24.1 24.5 3.628  -47.4   20.2    3.1  23   -1.4  10 0 0 1 1 1 0 17.7 22.1 17.7 22.2 80.0 100 100 20 408 0 144 0 401 402 400 0 0 0 59 50 AUTO 0 
b.1 2025-06-16 06:40:00.549 a 2025-06-16-06:39:58 048 037 192 0.1 1.5 4.2 16.7 22.1 732.6 0.00 0 0.0 16.3 24.1 24.5 3.628  -46.7   20.2    2.6  23   -1.5  10 0 0 1 1 1 0 17.7 22.1 17.8 22.1 80.0 100 100 20 408 0 144 0 401 401 400 0 0 0 59 50 AUTO 0 
b.1 2025-06-16 06:41:01.467 a 2025-06-16-06:40:59 177 052 267 0.2 2.0 4.0 16.7 22.5 732.6 0.00 0 0.0 16.3 24.1 24.5 3.634  -46.4   20.2    2.8  23   -1.5  10 0 0 1 1 1 0 17.8 22.2 17.8 22.3 80.0 100 100 20 408 0 144 0 401 401 400 0 0 0 59 50 AUTO 0 
b.1 2025-06-16 06:42:01.486 a 2025-06-16-06:41:59 103 039 314 0.8 2.4 4.7 16.7 22.5 732.6 0.00 0 0.0 16.3 24.1 24.4 3.633  -45.1   20.2    3.1  23   -1.5  10 0 0 1 1 1 0 17.8 22.1 17.8 22.3 80.0 100 100 20 408 0 144 0 401 401 400 0 0 0 59 50 AUTO 0 
b.1 2025-06-16 06:43:01.987 a 2025-06-16-06:42:59 131 036 261 0.2 2.0 4.3 16.7 22.4 732.6 0.00 0 0.0 16.2 24.1 24.5 3.627  -45.9   20.2    3.0  23   -1.5  10 0 0 1 1 1 0 17.7 22.0 17.7 22.3 80.0 100 100 20 408 0 144 0 401 401 400 0 0 0 60 50 AUTO 0 
b.1 2025-06-16 06:44:02.188 a 2025-06-16-06:43:59 130 033 244 0.1 2.1 5.0 16.7 22.3 732.6 0.00 0 0.0 16.2 24.1 24.5 3.629  -46.3   20.2    2.9  23   -1.6  10 0 0 1 1 1 0 17.7 22.1 17.7 22.3 80.0 100 100 20 408 0 144 0 401 401 400 0 0 0 59 50 AUTO 0 
b.1 2025-06-16 06:45:00.444 a 2025-06-16-06:44:58 119 351 220 0.2 1.3 4.0 16.7 22.4 732.6 0.00 0 0.0 16.1 24.1 24.5 3.627  -45.6   20.2    2.5  23   -1.6  10 0 0 1 1 1 0 17.7 22.0 17.8 22.2 80.0 100 100 20 408 0 144 0 401 401 400 0 0 0 60 50 AUTO 0 
b.1 2025-06-16 06:46:00.905 a 2025-06-16-06:45:58 143 064 225 0.1 0.9 2.8 16.6 22.3 732.6 0.00 0 0.0 16.1 24.1 24.5 3.627  -44.9   20.2    2.3  23   -1.6  10 0 0 1 1 1 0 17.7 22.0 17.7 22.1 80.0 100 100 20 408 0 144 0 401 401 400 0 0 0 60 50 AUTO 0 
b.1 2025-06-16 06:46:59.969 a 2025-06-16-06:46:57 134 059 260 0.3 1.8 4.3 16.6 22.3 732.5 0.00 0 0.0 16.0 24.1 24.5 3.628  -45.4   20.2    2.5  23   -1.6  10 0 0 1 1 1 0 17.7 22.0 17.7 22.1 80.0 100 100 20 408 0 144 0 401 401 399 0 0 0 60 50 AUTO 0 
b.1 2025-06-16 06:48:01.944 a 2025-06-16-06:47:59 099 046 155 0.1 1.7 4.8 16.6 22.5 732.5 0.00 0 0.0 16.0 24.1 24.5 3.627  -45.5   20.2    2.5  23   -1.6  10 0 0 1 1 1 0 17.7 22.0 17.7 22.1 80.0 100 100 20 408 0 144 0 401 401 400 0 0 0 60 50 AUTO 0 
b.1 2025-06-16 06:49:01.006 a 2025-06-16-06:48:58 111 264 202 0.0 0.7 2.4 16.5 22.5 732.5 0.00 0 0.0 15.9 24.1 24.5 3.627  -44.1   20.2    2.2  23   -1.7   5 0 0 1 1 1 0 17.6 21.9 17.7 22.0 80.0 100 100 20 408 0 144 0 401 402 400 0 0 0 60 50 AUTO 0 
b.1 2025-06-16 06:50:01.127 a 2025-06-16-06:49:58 108 066 222 0.1 1.5 3.9 16.5 22.3 732.5 0.00 0 0.0 15.9 24.1 24.5 3.633  -45.4   20.2    2.2  23   -1.6  11 0 0 1 1 1 0 17.6 22.0 17.6 22.1 80.0 100 100 20 408 0 144 0 401 401 400 0 0 0 59 50 AUTO 0 
b.1 2025-06-16 06:51:01.750 a 2025-06-16-06:50:59 016 005 357 0.1 1.1 3.1 16.5 22.5 732.5 0.00 0 0.0 15.8 24.1 24.5 3.627  -43.9   20.1    2.2  23   -1.7   8 0 0 1 1 1 0 17.6 22.0 17.6 22.1 80.0 100 100 20 408 0 144 0 401 402 400 0 0 0 60 50 AUTO 0 
b.1 2025-06-16 06:52:01.969 a 2025-06-16-06:51:59 184 058 265 0.2 1.3 3.1 16.5 22.5 732.5 0.00 0 0.0 15.8 24.1 24.5 3.628  -45.5   20.1    2.2  23   -1.7   8 0 0 1 1 1 0 17.6 22.0 17.6 22.2 80.0 100 100 20 408 0 144 0 401 401 400 0 0 0 60 50 AUTO 0 
b.1 2025-06-16 06:53:00.551 a 2025-06-16-06:52:58 225 024 341 0.1 1.4 3.8 16.4 22.7 732.5 0.00 0 0.0 15.8 24.1 24.4 3.634  -43.9   20.1    2.2  23   -1.7   8 0 0 1 1 1 0 17.6 22.1 17.6 22.2 80.0 100 100 20 408 0 144 0 401 401 399 0 0 0 59 50 AUTO 0 
b.1 2025-06-16 06:54:01.375 a 2025-06-16-06:53:59 130 077 324 0.1 2.0 4.1 16.4 22.7 732.5 0.00 0 0.0 15.8 24.1 24.4 3.627  -46.0   20.1    2.4  23   -1.7   8 0 0 1 1 1 0 17.6 22.1 17.6 22.2 80.0 100 100 20 408 0 144 0 401 401 400 0 0 0 60 50 AUTO 0 
b.1 2025-06-16 06:54:59.828 a 2025-06-16-06:54:57 161 036 258 0.4 1.7 3.8 16.4 22.7 732.5 0.00 0 0.0 15.8 24.1 24.4 3.627  -46.1   20.1    2.4  23   -1.7   8 0 0 1 1 1 0 17.6 22.1 17.6 22.3 80.0 100 100 20 408 0 144 0 401 401 400 0 0 0 60 50 AUTO 0 
b.1 2025-06-16 06:56:00.469 a 2025-06-16-06:55:58 140 057 294 0.1 1.3 3.7 16.4 22.7 732.5 0.00 0 0.0 15.8 24.1 24.5 3.627  -45.4   20.1    2.3  23   -1.7   8 0 0 1 1 1 0 17.7 22.1 17.6 22.3 80.0 100 100 20 408 0 144 0 401 401 400 0 0 0 60 50 AUTO 0 
b.1 2025-06-16 06:57:01.328 a 2025-06-16-06:56:59 131 041 257 0.3 1.3 2.6 16.4 22.8 732.5 0.00 0 0.0 15.8 24.1 24.4 3.627  -45.9   20.1    2.3  23   -1.7   8 0 0 1 1 1 0 17.7 22.2 17.6 22.3 80.0 100 100 20 408 0 144 0 401 401 399 0 0 0 59 50 AUTO 0 
b.1 2025-06-16 06:58:00.112 a 2025-06-16-06:57:57 121 055 315 0.5 1.6 3.1 16.4 22.9 732.5 0.00 0 0.0 15.7 24.1 24.5 3.628  -45.4   20.1    2.3  23   -1.7   8 0 0 1 1 1 0 17.6 22.2 17.6 22.4 80.0 100 100 20 408 0 144 0 401 401 399 0 0 0 60 50 AUTO 0 
b.1 2025-06-16 06:59:00.453 a 2025-06-16-06:58:58 149 073 221 0.1 1.5 3.7 16.4 23.0 732.5 0.00 0 0.0 15.7 24.1 24.4 3.627  -44.1   20.0    2.3  23   -1.7   8 0 0 1 1 1 0 17.6 22.3 17.6 22.4 80.0 100 100 20 408 0 144 0 401 401 400 0 0 0 60 50 AUTO 0 
b.1 2025-06-16 07:00:02.072 a 2025-06-16-06:59:59 183 064 303 0.3 1.7 3.5 16.4 23.1 732.5 0.00 0 0.0 15.7 24.1 24.5 3.629  -46.2   20.0    2.4  23   -1.7   8 0 0 1 1 1 0 17.6 22.3 17.6 22.5 80.0 100 100 20 408 0 144 0 401 401 400 0 0 0 59 50 AUTO 0 
b.1 2025-06-16 07:01:01.069 a 2025-06-16-07:00:58 008 067 167 0.6 1.9 3.3 16.4 23.1 732.5 0.00 0 0.0 15.7 24.1 24.5 3.627  -46.2   20.0    2.5  23   -1.7   8 0 0 1 1 1 0 17.6 22.4 17.6 22.5 80.0 100 100 20 408 0 144 0 401 401 400 0 0 0 59 50 AUTO 0 
b.1 2025-06-16 07:02:01.289 a 2025-06-16-07:01:59 105 055 338 0.5 1.8 3.4 16.4 23.1 732.5 0.00 0 0.0 15.7 24.1 24.4 3.627  -44.9   20.0    2.6  23   -1.6   8 0 0 1 1 1 0 17.6 22.4 17.6 22.6 80.0 100 100 20 408 0 144 0 402 401 400 0 0 0 59 50 AUTO 0 
b.1 2025-06-16 07:03:01.232 a 2025-06-16-07:02:58 203 074 292 0.2 1.4 4.4 16.4 23.1 732.5 0.00 0 0.0 15.7 24.1 24.4 3.628  -44.9   20.0    2.4  23   -1.6   8 0 0 1 1 1 0 17.6 22.4 17.6 22.6 80.0 100 100 20 408 0 144 0 401 401 400 0 0 0 59 50 AUTO 0 
b.1 2025-06-16 07:04:00.930 a 2025-06-16-07:03:58 007 066 203 0.2 1.8 3.4 16.3 23.2 732.5 0.00 0 0.0 15.8 24.1 24.4 3.628  -45.2   20.0    2.6  23   -1.7   8 0 0 1 1 1 0 17.6 22.4 17.6 22.5 80.0 100 100 20 408 0 144 0 401 401 400 0 0 0 60 50 AUTO 0 
b.1 2025-06-16 07:05:02.433 a 2025-06-16-07:05:00 151 077 353 0.2 1.6 3.3 16.3 23.1 732.5 0.00 0 0.0 15.7 24.1 24.5 3.627  -44.9   20.0    2.5  23   -1.7   8 0 0 1 1 1 0 17.6 22.4 17.6 22.5 80.0 100 100 20 408 0 144 0 401 401 400 0 0 0 60 50 AUTO 0 
b.1 2025-06-16 07:06:01.815 a 2025-06-16-07:05:59 153 077 350 0.2 1.8 3.9 16.3 23.0 732.5 0.00 0 0.0 15.7 24.1 24.5 3.627  -46.2   20.0    2.4  23   -1.7   8 0 0 1 1 1 0 17.6 22.4 17.6 22.5 80.0 100 100 20 408 0 144 0 401 401 400 0 0 0 59 50 AUTO 0 
b.1 2025-06-16 07:07:01.230 a 2025-06-16-07:06:58 146 081 206 0.1 1.8 4.1 16.3 22.9 732.5 0.00 0 0.0 15.7 24.1 24.5 3.627  -44.6   20.0    2.4  23   -1.6   8 0 0 1 1 1 0 17.5 22.4 17.6 22.4 80.0 100 100 20 408 0 144 0 401 401 400 0 0 0 59 50 AUTO 0 
b.1 2025-06-16 07:08:00.891 a 2025-06-16-07:07:58 216 075 354 0.3 1.8 3.4 16.3 22.8 732.5 0.00 0 0.0 15.8 24.1 24.5 3.627  -46.0   20.0    2.5  23   -1.7   8 0 0 1 1 1 0 17.5 22.3 17.6 22.3 80.0 100 100 20 408 0 144 0 401 402 400 0 0 0 59 50 AUTO 0 
b.1 2025-06-16 07:09:01.073 a 2025-06-16-07:08:58 183 075 253 0.1 1.5 2.9 16.4 22.5 732.4 0.00 0 0.0 15.7 24.1 24.4 3.633  -44.8   19.9    2.4  23   -1.7   9 0 0 1 1 1 0 17.5 22.2 17.6 22.3 80.0 100 100 20 408 0 144 0 401 401 400 0 0 0 59 50 AUTO 0 
b.1 2025-06-16 07:10:00.073 a 2025-06-16-07:09:57 200 084 296 0.2 1.8 4.3 16.4 22.3 732.4 0.00 0 0.0 15.8 24.1 24.5 3.627  -45.9   20.0    2.4  23   -1.7   9 0 0 1 1 1 0 17.5 22.2 17.6 22.2 80.0 100 100 20 408 0 144 0 401 402 400 0 0 0 59 50 AUTO 0 
b.1 2025-06-16 07:11:01.630 a 2025-06-16-07:10:59 132 082 156 0.1 2.0 5.1 16.4 22.0 732.4 0.00 0 0.0 15.8 24.1 24.5 3.627  -45.5   19.9    2.5  23   -1.8  10 0 0 1 1 1 0 17.5 22.1 17.5 22.1 80.0 100 100 20 408 0 144 0 401 401 400 0 0 0 60 50 AUTO 0 
b.1 2025-06-16 07:12:01.290 a 2025-06-16-07:11:59 119 086 306 0.1 2.5 5.0 16.5 21.7 732.4 0.00 0 0.0 15.9 24.1 24.5 3.634  -46.5   20.0    2.7  23   -1.8  10 0 0 1 1 1 0 17.5 22.0 17.5 22.0 80.0 100 100 20 408 0 144 0 401 401 400 0 0 0 59 50 AUTO 0 
b.1 2025-06-16 07:13:00.572 a 2025-06-16-07:12:58 124 078 306 0.2 2.3 5.3 16.5 21.7 732.4 0.00 0 0.0 16.0 24.1 24.5 3.633  -46.8   20.0    2.8  23   -1.9  10 0 0 1 1 1 0 17.5 21.9 17.5 21.9 80.0 100 100 20 408 0 144 0 402 401 400 0 0 0 60 50 AUTO 0 
b.1 2025-06-16 07:13:59.496 a 2025-06-16-07:13:57 146 085 292 0.1 2.3 4.7 16.6 21.7 732.4 0.00 0 0.0 16.0 24.1 24.5 3.626  -46.4   20.0    2.8  23   -1.9  10 0 0 1 1 1 0 17.4 21.8 17.5 21.8 80.0 100 100 20 408 0 144 0 401 402 400 0 0 0 60 50 AUTO 0 
b.1 2025-06-16 07:15:01.194 a 2025-06-16-07:14:58 181 080 303 0.2 2.2 5.0 16.6 21.2 732.4 0.00 0 0.0 16.1 24.1 24.5 3.633  -45.4   20.0    2.7  23   -1.9  10 0 0 1 1 1 0 17.4 21.7 17.5 21.8 80.0 100 100 20 408 0 144 0 401 401 400 0 0 0 59 50 AUTO 0 
b.1 2025-06-16 07:16:02.096 a 2025-06-16-07:15:59 136 079 319 0.4 2.7 5.4 16.6 20.9 732.4 0.00 0 0.0 16.2 24.1 24.5 3.629  -49.1   20.0    2.9  22   -2.1  10 0 0 1 1 1 0 17.4 21.4 17.5 21.4 80.0 100 100 20 408 0 144 0 401 401 400 0 0 0 59 50 AUTO 0 
b.1 2025-06-16 07:17:01.371 a 2025-06-16-07:16:59 184 082 287 0.4 2.7 5.5 16.7 20.6 732.4 0.00 0 0.0 16.2 24.1 24.5 3.627  -48.7   20.0    3.0  22   -2.1  11 0 0 1 1 1 0 17.4 21.2 17.5 21.3 80.0 100 100 20 408 0 144 0 401 402 400 0 0 0 60 50 AUTO 0 
b.1 2025-06-16 07:18:01.595 a 2025-06-16-07:17:59 181 078 252 0.2 2.1 4.8 16.7 20.5 732.4 0.00 0 0.0 16.2 24.1 24.5 3.628  -47.3   20.0    2.8  22   -2.2  11 0 0 1 1 1 0 17.4 21.1 17.5 21.0 80.0 100 100 20 408 0 144 0 401 402 400 0 0 0 60 50 AUTO 0 
b.1 2025-06-16 07:19:00.193 a 2025-06-16-07:18:57 140 083 301 0.4 2.5 5.4 16.8 20.6 732.4 0.00 0 0.0 16.2 24.1 24.5 3.627  -45.8   20.1    2.9  22   -2.2  11 0 0 1 1 1 0 17.4 21.2 17.5 21.1 80.0 100 100 20 408 0 144 0 401 401 399 0 0 0 60 50 AUTO 0 
b.1 2025-06-16 07:20:01.433 a 2025-06-16-07:19:59 147 083 295 0.2 1.8 5.1 16.8 20.9 732.4 0.00 0 0.0 16.2 24.1 24.4 3.627  -46.2   20.1    2.8  22   -2.1  11 0 0 1 1 1 0 17.4 21.3 17.5 21.2 80.0 100 100 20 408 0 144 0 401 401 400 0 0 0 60 50 AUTO 0 
b.1 2025-06-16 07:21:01.651 a 2025-06-16-07:20:59 167 100 225 0.2 1.8 5.3 16.8 21.0 732.4 0.00 0 0.0 16.2 24.1 24.5 3.627  -47.6   20.1    2.6  22   -2.1  11 0 0 1 1 1 0 17.4 21.3 17.5 21.2 80.0 100 100 20 408 0 144 0 401 401 400 0 0 0 59 50 AUTO 0 
b.1 2025-06-16 07:22:01.851 a 2025-06-16-07:21:59 196 083 326 0.1 1.7 3.6 16.7 21.3 732.4 0.00 0 0.0 16.1 24.1 24.5 3.628  -46.9   20.1    2.5  22   -2.1  11 0 0 1 1 1 0 17.4 21.3 17.5 21.3 80.0 100 100 20 408 0 144 0 401 401 400 0 0 0 60 50 AUTO 0 
b.1 2025-06-16 07:23:00.915 a 2025-06-16-07:22:58 016 087 185 0.3 2.8 4.8 16.7 20.9 732.4 0.00 0 0.0 16.1 24.1 24.4 3.627  -47.0   20.1    2.9  22   -2.1  11 0 0 1 1 1 0 17.4 21.3 17.5 21.2 80.0 100 100 20 408 0 144 0 401 401 400 0 0 0 60 50 AUTO 0 
b.1 2025-06-16 07:24:00.674 a 2025-06-16-07:23:58 230 078 323 0.2 2.3 4.7 16.7 21.1 732.3 0.00 0 0.0 16.1 24.1 24.5 3.627  -47.0   20.1    2.9  22   -2.1  11 0 0 1 1 1 0 17.4 21.3 17.5 21.2 80.0 100 100 20 408 0 144 0 401 401 399 0 0 0 60 50 AUTO 0 
b.1 2025-06-16 07:25:01.697 a 2025-06-16-07:24:59 139 081 208 0.1 2.3 4.8 16.7 20.9 732.4 0.00 0 0.0 16.1 24.1 24.5 3.627  -49.1   20.1    2.9  22   -2.1  11 0 0 1 1 1 0 17.4 21.3 17.5 21.2 80.0 100 100 20 408 0 144 0 401 401 400 0 0 0 59 50 AUTO 0 
b.1 2025-06-16 07:26:00.897 a 2025-06-16-07:25:58 218 081 309 0.2 2.3 5.4 16.7 20.7 732.4 0.00 0 0.0 16.1 24.1 24.5 3.628  -45.9   20.1    2.8  22   -2.2  11 0 0 1 1 1 0 17.3 21.3 17.5 21.2 80.0 100 100 20 408 0 144 2 401 402 399 0 0 3 60 50 AUTO 0 
b.1 2025-06-16 07:27:01.395 a 2025-06-16-07:26:59 129 080 355 0.4 2.4 4.4 16.7 20.7 732.4 0.00 0 0.0 16.2 24.1 24.5 3.627  -47.8   20.1    2.9  22   -2.2  11 0 0 1 1 1 0 17.3 21.3 17.5 21.1 80.0 100 100 20 408 0 144 0 401 401 400 0 0 0 59 50 AUTO 0 
b.1 2025-06-16 07:28:02.078 a 2025-06-16-07:27:59 232 084 348 0.3 2.5 4.9 16.7 21.1 732.4 0.00 0 0.0 16.1 24.1 24.5 3.628  -47.4   20.1    2.9  22   -2.1   5 0 0 1 1 1 0 17.3 21.3 17.5 21.2 80.0 100 100 20 408 0 144 0 401 401 399 0 0 0 60 50 AUTO 0 
b.1 2025-06-16 07:28:59.596 a 2025-06-16-07:28:57 141 083 290 0.1 2.3 4.5 16.7 20.8 732.4 0.00 0 0.0 16.2 24.1 24.4 3.628  -47.5   20.1    2.9  22   -2.1   9 0 0 1 1 1 0 17.3 21.4 17.5 21.2 80.0 100 100 20 408 0 144 0 401 401 400 0 0 0 59 50 AUTO 0 
b.1 2025-06-16 07:30:02.361 a 2025-06-16-07:30:00 170 082 322 0.2 2.3 5.0 16.7 20.9 732.4 0.00 0 0.0 16.1 24.1 24.5 3.627  -48.9   20.1    2.9  22   -2.1  14 0 0 1 1 1 0 17.3 21.4 17.5 21.3 80.0 100 100 20 408 0 144 0 401 401 400 0 0 0 60 50 AUTO 0 
b.1 2025-06-16 07:31:00.861 a 2025-06-16-07:30:58 183 088 296 0.3 2.4 5.0 16.6 20.7 732.4 0.00 0 0.0 16.1 24.1 24.4 3.633  -46.6   20.1    3.0  22   -2.2  11 0 0 1 1 1 0 17.4 21.2 17.4 21.0 80.0 100 100 20 408 0 144 0 401 401 399 0 0 0 59 50 AUTO 0 
b.1 2025-06-16 07:32:01.256 a 2025-06-16-07:31:58 158 087 293 0.3 2.4 5.4 16.6 20.6 732.4 0.00 0 0.0 16.2 24.1 24.4 3.627  -48.1   20.1    2.9  22   -2.3  11 0 0 1 1 1 0 17.3 21.1 17.4 21.0 80.0 100 100 20 408 0 144 0 401 401 400 0 0 0 59 50 AUTO 0 
b.1 2025-06-16 07:33:01.482 a 2025-06-16-07:32:59 126 080 357 0.2 2.9 4.8 16.6 20.8 732.3 0.00 0 0.0 16.1 24.1 24.4 3.627  -49.1   20.1    3.3  22   -2.2  11 0 0 1 1 1 0 17.3 21.1 17.4 21.1 80.0 100 100 20 408 0 144 0 401 401 400 0 0 0 59 50 AUTO 0 
b.1 2025-06-16 07:34:00.857 a 2025-06-16-07:33:58 131 079 353 0.3 2.3 4.4 16.6 21.0 732.3 0.00 0 0.0 16.1 24.1 24.5 3.628  -48.1   20.0    3.1  22   -2.3  11 0 0 1 1 1 0 17.3 21.2 17.4 21.2 80.0 100 100 20 408 0 144 0 401 401 400 0 0 0 59 50 AUTO 0 
b.1 2025-06-16 07:35:01.615 a 2025-06-16-07:34:59 150 082 350 0.4 2.4 4.8 16.6 21.0 732.3 0.00 0 0.0 16.1 24.1 24.4 3.627  -47.8   20.0    3.0  22   -2.2  11 0 0 1 1 1 0 17.3 21.2 17.4 21.2 80.0 100 100 20 408 0 144 0 401 401 400 0 0 0 60 50 AUTO 0 
b.1 2025-06-16 07:36:00.857 a 2025-06-16-07:35:58 128 081 310 0.2 2.4 5.9 16.6 20.8 732.3 0.00 0 0.0 16.1 24.1 24.5 3.627  -48.8   20.0    3.0  22   -2.3  11 0 0 1 1 1 0 17.3 21.1 17.4 21.2 80.0 100 100 20 408 0 144 0 401 401 400 0 0 0 59 50 AUTO 0 
b.1 2025-06-16 07:37:00.976 a 2025-06-16-07:36:58 012 080 117 0.5 2.9 5.3 16.6 20.5 732.3 0.00 0 0.0 16.2 24.1 24.5 3.628  -48.2   20.0    3.4  22   -2.3  11 0 0 1 1 1 0 17.3 20.9 17.4 20.9 80.0 100 100 20 408 0 144 0 401 401 399 0 0 0 59 50 AUTO 0 
b.1 2025-06-16 07:38:00.137 a 2025-06-16-07:37:57 018 081 133 0.2 3.1 5.7 16.6 20.5 732.3 0.00 0 0.0 16.2 24.1 24.5 3.627  -51.4   20.0    3.7  22   -2.3  11 0 0 1 1 1 0 17.3 20.8 17.4 20.9 80.0 100 100 20 408 0 144 0 401 401 400 0 0 0 60 50 AUTO 0 
b.1 2025-06-16 07:39:00.921 a 2025-06-16-07:38:58 137 082 354 0.1 1.9 4.5 16.6 20.6 732.2 0.00 0 0.0 16.1 24.1 24.5 3.627  -47.4   20.0    3.0  22   -2.4  11 0 0 1 1 1 0 17.3 20.9 17.4 20.9 80.0 100 100 20 408 0 144 0 401 401 400 0 0 0 59 50 AUTO 0 
b.1 2025-06-16 07:40:00.520 a 2025-06-16-07:39:58 126 086 313 0.2 2.4 5.0 16.6 20.6 732.2 0.00 0 0.0 16.2 24.1 24.5 3.627  -48.6   20.0    3.0  22   -2.3  11 0 0 1 1 1 0 17.3 20.9 17.4 20.9 80.0 100 100 20 408 0 144 0 402 401 400 0 0 0 60 50 AUTO 0 
b.1 2025-06-16 07:41:01.516 a 2025-06-16-07:40:59 135 083 325 0.6 2.3 4.9 16.6 20.6 732.2 0.00 0 0.0 16.1 24.1 24.5 3.628  -48.8   20.0    3.0  22   -2.3  11 0 0 1 1 1 0 17.2 21.0 17.3 20.9 80.0 100 100 20 408 0 144 0 401 402 400 0 0 0 60 50 AUTO 0 
b.1 2025-06-16 07:42:01.519 a 2025-06-16-07:41:59 168 081 345 0.3 1.9 4.5 16.6 20.8 732.2 0.00 0 0.0 16.1 24.1 24.5 3.627  -48.2   20.0    2.8  22   -2.4  11 0 0 1 1 1 0 17.2 21.0 17.3 21.0 80.0 100 100 20 408 0 144 0 401 401 400 0 0 0 60 50 AUTO 0 
b.1 2025-06-16 07:43:01.101 a 2025-06-16-07:42:58 134 062 309 0.1 1.9 3.9 16.5 20.9 732.2 0.00 0 0.0 16.0 24.1 24.5 3.627  -48.0   20.0    2.8  22   -2.4  11 0 0 1 1 1 0 17.2 21.0 17.3 21.0 80.0 100 100 20 408 0 144 0 401 401 400 0 0 0 60 50 AUTO 0 
b.1 2025-06-16 07:44:01.459 a 2025-06-16-07:43:59 009 071 236 0.3 1.8 3.4 16.5 21.1 732.2 0.00 0 0.0 15.9 24.1 24.5 3.633  -47.9   20.0    2.7  22   -2.3   5 0 0 1 1 1 0 17.2 21.0 17.2 21.2 80.0 100 100 20 408 0 144 0 401 401 400 0 0 0 60 50 AUTO 0 
b.1 2025-06-16 07:45:02.285 a 2025-06-16-07:44:59 009 072 111 0.8 2.4 4.7 16.4 21.2 732.2 0.00 0 0.0 15.9 24.1 24.5 3.633  -47.9   20.0    3.1  22   -2.4  12 0 0 1 1 1 0 17.2 21.1 17.2 21.2 80.0 100 100 20 408 0 144 0 401 401 400 0 0 0 59 50 AUTO 0 
b.1 2025-06-16 07:46:01.381 a 2025-06-16-07:45:59 105 055 285 0.3 1.8 5.0 16.4 21.2 732.2 0.00 0 0.0 15.8 24.1 24.5 3.627  -47.8   20.0    3.0  22   -2.4  10 0 0 1 1 1 0 17.2 21.1 17.2 21.2 80.0 100 100 20 408 0 144 0 401 401 400 0 0 0 60 50 AUTO 0 
b.1 2025-06-16 07:47:01.878 a 2025-06-16-07:46:59 139 052 323 0.3 2.9 5.2 16.3 21.2 732.2 0.00 0 0.0 16.0 24.1 24.5 3.634  -46.9   19.9    3.6  22   -2.4  10 0 0 1 1 1 0 17.2 21.0 17.2 21.2 80.0 100 100 20 408 0 144 0 401 401 400 0 0 0 60 50 AUTO 0 
b.1 2025-06-16 07:48:01.647 a 2025-06-16-07:47:59 133 055 327 0.1 2.2 4.8 16.3 21.0 732.2 0.00 0 0.0 15.9 24.1 24.5 3.627  -47.5   19.9    3.4  22   -2.4  10 0 0 1 1 1 0 17.2 20.8 17.2 20.9 80.0 100 100 20 408 0 144 0 402 401 400 0 0 0 60 50 AUTO 0 
b.1 2025-06-16 07:49:01.559 a 2025-06-16-07:48:59 131 059 353 0.8 2.4 3.8 16.4 20.7 732.1 0.00 0 0.0 15.9 24.1 24.5 3.627  -48.9   19.9    3.5  22   -2.5  10 0 0 1 1 1 0 17.2 20.7 17.2 20.9 80.0 100 100 20 408 0 144 0 401 402 400 0 0 0 59 50 AUTO 0 
b.1 2025-06-16 07:50:02.565 a 2025-06-16-07:50:00 162 069 321 0.3 2.0 5.3 16.4 20.7 732.2 0.00 0 0.0 15.9 24.1 24.4 3.633  -48.5   19.9    3.1  22   -2.5  10 0 0 1 1 1 0 17.2 20.7 17.2 20.8 80.0 100 100 20 408 0 144 0 401 401 400 0 0 0 60 50 AUTO 0 
b.1 2025-06-16 07:51:01.141 a 2025-06-16-07:50:58 024 077 121 0.7 3.0 4.8 16.4 20.7 732.2 0.00 0 0.0 16.0 24.1 24.5 3.627  -48.5   19.9    3.5  22   -2.5  10 0 0 1 1 1 0 17.2 20.7 17.2 20.8 80.0 100 100 20 408 0 144 0 401 401 400 0 0 0 59 50 AUTO 0 
b.1 2025-06-16 07:52:01.266 a 2025-06-16-07:51:59 131 074 318 0.4 1.9 3.7 16.4 20.8 732.2 0.00 0 0.0 15.9 24.1 24.5 3.627  -47.9   19.9    3.0  22   -2.5  10 0 0 1 1 1 0 17.2 20.8 17.2 21.0 80.0 100 100 20 408 0 144 0 402 401 400 0 0 0 59 50 AUTO 0 
b.1 2025-06-16 07:53:00.605 a 2025-06-16-07:52:58 005 066 128 0.4 2.0 3.9 16.4 20.9 732.2 0.00 0 0.0 15.9 24.1 24.4 3.627  -47.7   19.9    3.0  22   -2.5  10 0 0 1 1 1 0 17.2 20.8 17.2 21.0 80.0 100 100 20 408 0 144 12 401 401 400 0 0 0 59 50 AUTO 0 
b.1 2025-06-16 07:54:00.865 a 2025-06-16-07:53:58 012 073 143 0.5 2.4 4.9 16.4 21.0 732.2 0.00 0 0.0 15.9 24.1 24.5 3.628  -47.4   19.9    3.1  22   -2.5   5 0 0 1 1 1 0 17.2 20.9 17.1 21.0 80.0 100 100 20 408 0 144 0 401 402 400 0 0 0 60 50 AUTO 0 
b.1 2025-06-16 07:55:02.344 a 2025-06-16-07:55:00 104 059 285 0.5 2.2 4.9 16.3 20.6 732.2 0.00 0 0.0 15.9 24.1 24.5 3.626  -47.7   19.8    3.2  22   -2.6   9 0 0 1 1 1 0 17.1 20.6 17.1 20.8 80.0 100 100 20 408 0 144 0 402 401 400 0 0 0 60 50 AUTO 0 
b.1 2025-06-16 07:56:00.888 a 2025-06-16-07:55:58 164 070 312 0.2 2.2 4.7 16.3 20.6 732.2 0.00 0 0.0 15.8 24.1 24.5 3.627  -47.6   19.8    3.2  22   -2.6  10 0 0 1 1 1 0 17.2 20.6 17.1 20.9 80.0 100 100 20 408 0 144 0 401 401 400 0 0 0 60 50 AUTO 0 
b.1 2025-06-16 07:57:00.865 a 2025-06-16-07:56:58 015 071 140 1.0 2.4 4.2 16.3 20.6 732.1 0.00 0 0.0 15.9 24.1 24.5 3.627  -47.3   19.8    3.2  22   -2.6  10 0 0 1 1 1 0 17.2 20.6 17.1 20.8 80.0 100 100 20 408 0 144 0 402 401 400 2 2 2 60 50 AUTO 0 
b.1 2025-06-16 07:58:01.545 a 2025-06-16-07:57:59 023 075 200 0.2 2.3 4.5 16.3 20.7 732.1 0.00 0 0.0 15.8 24.1 24.5 3.626  -47.2   19.8    3.3  22   -2.6  10 0 0 1 1 1 0 17.2 20.6 17.1 20.8 80.0 100 100 20 408 0 144 0 401 401 400 0 0 0 60 50 AUTO 0 
b.1 2025-06-16 07:59:00.229 a 2025-06-16-07:58:57 016 068 111 0.3 1.8 3.5 16.3 20.7 732.1 0.00 0 0.0 15.8 24.1 24.5 3.627  -46.4   19.8    3.0  22   -2.6  10 0 0 1 1 1 0 17.1 20.5 17.1 20.7 80.0 100 100 20 408 0 144 0 402 401 400 0 0 0 60 50 AUTO 0 
b.1 2025-06-16 08:00:02.131 a 2025-06-16-07:59:59 109 055 324 0.3 1.9 3.9 16.3 20.3 732.1 0.00 0 0.0 15.8 24.1 24.5 3.627  -47.3   19.8    3.0  22   -2.7  10 0 0 1 1 1 0 17.1 20.3 17.1 20.5 80.0 100 100 20 408 0 144 0 401 401 400 0 0 0 60 50 AUTO 0 
b.1 2025-06-16 08:01:00.065 a 2025-06-16-08:00:57 005 058 121 0.7 2.0 3.2 16.2 20.3 732.1 0.00 0 0.0 15.8 24.1 24.4 3.627  -47.9   19.8    3.1  22   -2.7  10 0 0 1 1 1 0 17.2 20.2 17.1 20.3 80.0 100 100 20 408 0 144 0 401 401 400 0 0 0 59 50 AUTO 0 
b.1 2025-06-16 08:02:01.453 a 2025-06-16-08:01:59 122 061 350 0.4 2.2 4.4 16.2 20.3 732.1 0.00 0 0.0 15.7 24.1 24.5 3.627  -48.7   19.8    3.1  22   -2.8   5 0 0 1 1 1 0 17.1 20.1 17.1 20.4 80.0 100 100 20 408 0 144 0 402 401 400 0 0 0 59 50 AUTO 0 
b.1 2025-06-16 08:03:00.305 a 2025-06-16-08:02:57 125 054 329 0.8 2.1 4.5 16.2 20.4 732.1 0.00 0 0.0 15.7 24.1 24.5 3.628  -46.4   19.8    3.1  22   -2.8  11 0 0 1 1 1 0 17.1 20.2 17.1 20.5 80.0 100 100 20 408 0 144 0 402 401 400 0 0 0 60 50 AUTO 0 
b.1 2025-06-16 08:04:02.190 a 2025-06-16-08:03:59 142 053 299 0.2 1.5 3.2 16.2 20.6 732.1 0.00 0 0.0 15.7 24.1 24.5 3.627  -46.0   19.8    2.7  22   -2.8   9 0 0 1 1 1 0 17.1 20.4 17.1 20.6 80.0 100 100 20 408 0 144 0 401 401 400 0 0 0 59 50 AUTO 0 
b.1 2025-06-16 08:05:02.624 a 2025-06-16-08:05:00 147 062 341 0.2 2.1 4.1 16.2 20.7 732.1 0.00 0 0.0 15.7 24.1 24.5 3.627  -47.8   19.8    2.9  22   -2.7   9 0 0 1 1 1 0 17.1 20.5 17.1 20.6 80.0 100 100 20 408 0 144 0 401 401 400 0 0 0 59 50 AUTO 0 
b.1 2025-06-16 08:06:01.457 a 2025-06-16-08:05:59 127 045 299 0.4 2.3 4.4 16.2 21.1 732.1 0.00 0 0.0 15.7 24.1 24.5 3.628  -47.2   19.8    3.0  22   -2.7   9 0 0 1 1 1 0 17.1 20.7 17.1 20.9 80.0 100 100 20 408 0 144 0 401 401 400 0 0 0 60 50 AUTO 0 
b.1 2025-06-16 08:07:01.028 a 2025-06-16-08:06:58 123 030 285 0.1 2.1 4.0 16.3 21.1 732.1 0.00 0 0.0 15.8 24.1 24.5 3.627  -46.6   19.8    3.0  22   -2.6   9 0 0 1 1 1 0 17.1 20.7 17.1 20.9 80.0 100 100 20 408 0 144 0 401 402 400 0 0 0 59 50 AUTO 0 
b.1 2025-06-16 08:08:00.410 a 2025-06-16-08:07:58 001 072 124 0.6 2.2 4.2 16.3 20.7 732.0 0.00 0 0.0 15.8 24.1 24.5 3.627  -47.7   19.8    3.1  22   -2.6   9 0 0 1 1 1 0 17.1 20.6 17.1 20.8 80.0 100 100 20 408 0 144 0 401 401 400 0 0 0 59 50 AUTO 0 
b.1 2025-06-16 08:09:01.190 a 2025-06-16-08:08:58 163 083 340 0.5 2.6 5.3 16.3 20.5 732.0 0.00 0 0.0 15.8 24.1 24.4 3.634  -46.5   19.8    3.2  22   -2.7  10 0 0 1 1 1 0 17.1 20.6 17.1 20.7 80.0 100 100 20 408 0 144 0 401 401 400 0 0 0 60 50 AUTO 0 
b.1 2025-06-16 08:10:03.128 a 2025-06-16-08:10:00 221 079 310 0.2 1.9 4.5 16.3 20.6 732.1 0.00 0 0.0 15.8 24.1 24.5 3.627  -47.0   19.8    2.8  22   -2.7  10 0 0 1 1 1 0 17.1 20.5 17.1 20.7 80.0 100 100 20 408 0 144 0 401 401 400 0 0 0 60 50 AUTO 0 
b.1 2025-06-16 08:11:01.006 a 2025-06-16-08:10:58 151 074 272 0.2 2.2 4.4 16.3 20.6 732.0 0.00 0 0.0 15.8 24.1 24.5 3.629  -46.4   19.8    2.8  22   -2.7  10 0 0 1 1 1 0 17.1 20.6 17.1 20.7 80.0 100 100 20 408 0 144 0 401 401 400 0 0 0 59 50 AUTO 0 
b.1 2025-06-16 08:12:00.987 a 2025-06-16-08:11:58 125 074 345 0.3 2.0 4.0 16.3 20.7 732.0 0.00 0 0.0 15.8 24.1 24.4 3.633  -46.8   19.8    2.8  22   -2.7  10 0 0 1 1 1 0 17.1 20.7 17.0 20.8 80.0 100 100 20 408 0 144 0 401 401 400 0 0 0 59 50 AUTO 0 
b.1 2025-06-16 08:13:00.328 a 2025-06-16-08:12:57 115 073 345 0.5 2.2 4.4 16.3 20.4 732.0 0.00 0 0.0 15.7 24.1 24.5 3.627  -48.3   19.8    3.0  22   -2.7  10 0 0 1 1 1 0 17.0 20.6 17.0 20.8 80.0 100 100 20 408 0 144 0 401 402 399 0 0 0 59 50 AUTO 0 
b.1 2025-06-16 08:14:01.253 a 2025-06-16-08:13:58 007 077 183 0.7 2.0 4.4 16.3 20.3 732.0 0.00 0 0.0 15.8 24.1 24.5 3.627  -47.6   19.8    2.9  22   -2.7  10 0 0 1 1 1 0 17.0 20.4 17.0 20.6 80.0 100 100 20 408 0 144 0 401 401 400 0 0 0 60 50 AUTO 0 
b.1 2025-06-16 08:15:01.513 a 2025-06-16-08:14:59 111 067 322 1.0 2.2 3.7 16.3 20.2 732.0 0.00 0 0.0 15.8 24.1 24.5 3.627  -48.6   19.8    3.0  22   -2.8  10 0 0 1 1 1 0 17.0 20.3 17.0 20.5 80.0 100 100 20 408 0 144 0 401 401 400 0 0 0 60 50 AUTO 0 
b.1 2025-06-16 08:16:01.628 a 2025-06-16-08:15:59 131 066 356 0.8 2.2 4.3 16.2 20.0 731.9 0.00 0 0.0 15.7 24.1 24.5 3.634  -48.0   19.8    3.0  22   -2.8  10 0 0 1 1 1 0 17.1 20.2 17.0 20.5 80.0 100 100 20 408 0 144 0 401 401 400 0 0 0 59 50 AUTO 0 
b.1 2025-06-16 08:17:01.892 a 2025-06-16-08:16:59 190 054 270 0.2 2.2 4.0 16.2 20.3 732.0 0.00 0 0.0 15.7 24.1 24.4 3.634  -46.5   19.7    3.0  22   -2.8  10 0 0 1 1 1 0 17.1 20.1 17.0 20.3 80.0 100 100 20 408 0 144 0 401 401 400 0 0 0 60 50 AUTO 0 
b.1 2025-06-16 08:18:01.733 a 2025-06-16-08:17:59 152 053 284 0.1 1.5 3.7 16.2 20.2 732.0 0.00 0 0.0 15.6 24.1 24.5 3.627  -47.9   19.7    2.7  21   -2.9  10 0 0 1 1 1 0 17.1 20.1 17.0 20.3 80.0 100 100 20 408 0 144 0 401 401 400 0 0 0 59 50 AUTO 0 
b.1 2025-06-16 08:19:01.536 a 2025-06-16-08:18:59 186 041 304 0.2 1.7 4.2 16.2 20.2 732.0 0.00 0 0.0 15.7 24.1 24.5 3.629  -46.9   19.7    2.7  21   -2.9  10 0 0 1 1 1 0 17.1 20.1 17.0 20.3 80.0 100 100 20 408 0 144 0 401 402 400 0 0 0 59 50 AUTO 0 
b.1 2025-06-16 08:20:00.907 a 2025-06-16-08:19:58 123 038 270 0.1 1.9 4.2 16.2 20.3 731.9 0.00 0 0.0 15.6 24.1 24.5 3.628  -48.0   19.7    2.7  21   -2.9  10 0 0 1 1 1 0 17.0 20.2 17.0 20.5 80.0 100 100 20 408 0 144 0 401 401 400 0 0 0 59 50 AUTO 0 
b.1 2025-06-16 08:21:00.292 a 2025-06-16-08:20:57 082 031 302 0.6 2.9 4.8 16.1 20.6 731.9 0.00 0 0.0 15.6 24.1 24.4 3.626  -48.5   19.7    3.3  22   -2.8  10 0 0 1 1 1 0 17.0 20.4 17.0 20.6 80.0 100 100 20 408 0 144 0 401 401 400 0 0 0 59 50 AUTO 0 
b.1 2025-06-16 08:22:02.273 a 2025-06-16-08:21:59 107 050 307 0.3 2.9 5.2 16.2 20.8 732.0 0.00 0 0.0 15.7 24.1 24.5 3.626  -48.3   19.7    3.8  22   -2.8  10 0 0 1 1 1 0 17.0 20.6 17.0 20.8 80.0 100 100 20 408 0 144 0 401 401 400 0 0 0 59 50 AUTO 0 
b.1 2025-06-16 08:23:02.437 a 2025-06-16-08:23:00 147 059 000 0.8 2.6 4.6 16.2 21.2 732.0 0.00 0 0.0 15.8 24.1 24.5 3.627  -47.7   19.7    3.7  22   -2.7  10 0 0 1 1 1 0 17.0 20.8 17.0 21.0 80.0 100 100 20 408 0 144 0 401 401 400 0 0 0 59 50 AUTO 0 
b.1 2025-06-16 08:24:00.990 a 2025-06-16-08:23:58 131 065 317 0.4 1.8 3.1 16.3 21.3 732.0 0.00 0 0.0 15.8 24.1 24.5 3.627  -47.1   19.7    3.2  22   -2.6  10 0 0 1 1 1 0 17.1 20.8 17.0 21.0 80.0 100 100 20 408 0 144 0 400 402 400 0 0 0 60 50 AUTO 0 
b.1 2025-06-16 08:25:01.596 a 2025-06-16-08:24:59 005 065 113 0.6 2.2 4.2 16.3 21.6 732.0 0.00 0 0.0 15.7 24.1 24.5 3.628  -48.3   19.7    3.2  22   -2.6  10 0 0 1 1 1 0 17.1 21.1 17.0 21.2 80.0 100 100 20 408 0 144 0 401 402 400 0 0 0 60 50 AUTO 0 
b.1 2025-06-16 08:26:01.812 a 2025-06-16-08:25:59 007 076 200 0.3 1.4 3.6 16.2 21.8 732.0 0.00 0 0.0 15.7 24.1 24.5 3.626  -46.7   19.7    2.7  22   -2.6  10 0 0 1 1 1 0 17.1 21.3 17.0 21.4 80.0 100 100 20 408 0 144 0 401 401 400 0 0 0 59 50 AUTO 0 
b.1 2025-06-16 08:27:00.453 a 2025-06-16-08:26:58 000 066 115 0.4 1.9 3.8 16.2 22.0 731.9 0.00 0 0.0 15.7 24.1 24.4 3.631  -46.9   19.7    2.7  22   -2.5  10 0 0 1 1 1 0 17.1 21.5 17.0 21.6 80.0 100 100 20 408 0 144 0 401 401 400 0 0 0 59 50 AUTO 0 
b.1 2025-06-16 08:28:01.211 a 2025-06-16-08:27:58 170 094 322 0.1 1.3 4.8 16.1 22.3 731.9 0.00 0 0.0 15.6 24.1 24.5 3.634  -46.7   19.7    2.4  22   -2.5  10 0 0 1 1 1 0 17.0 21.7 17.0 21.8 80.0 100 100 20 408 0 144 0 402 401 400 0 0 0 59 50 AUTO 0 
b.1 2025-06-16 08:29:01.473 a 2025-06-16-08:28:59 124 080 194 0.1 0.8 2.4 16.0 22.3 731.9 0.00 0 0.0 15.4 24.1 24.5 3.627  -47.0   19.6    2.2  22   -2.5  10 0 0 1 1 1 0 17.0 21.9 17.0 21.9 80.0 100 100 20 408 0 144 0 402 401 400 0 0 0 59 50 AUTO 0 
b.1 2025-06-16 08:30:02.055 a 2025-06-16-08:29:59 159 075 286 0.1 1.6 4.2 16.0 22.5 731.9 0.00 0 0.0 15.3 24.1 24.4 3.627  -49.5   19.6    2.3  22   -2.5  10 0 0 1 1 1 0 17.0 22.1 17.0 22.1 80.0 100 100 20 408 0 144 0 401 401 400 0 0 0 59 50 AUTO 0 
b.1 2025-06-16 08:31:01.996 a 2025-06-16-08:30:59 130 073 328 0.7 2.6 4.9 15.9 22.8 731.9 0.00 0 0.0 15.4 24.1 24.4 3.633  -48.4   19.6    2.7  22   -2.4  10 0 0 1 1 1 0 17.0 21.9 17.0 22.1 80.0 100 100 20 408 0 144 0 402 401 400 0 0 0 60 50 AUTO 0 
b.1 2025-06-16 08:32:01.655 a 2025-06-16-08:31:59 006 070 230 0.3 2.1 4.1 15.9 21.8 731.9 0.00 0 0.0 15.4 24.1 24.4 3.627  -48.0   19.6    2.8  22   -2.4  10 0 0 1 1 1 0 17.0 21.9 17.0 22.0 80.0 100 100 20 408 0 144 0 401 401 400 0 0 0 59 50 AUTO 0 
b.1 2025-06-16 08:33:02.180 a 2025-06-16-08:32:59 192 068 291 0.3 1.9 4.0 16.0 22.8 731.9 0.00 0 0.0 15.4 24.1 24.5 3.628  -47.4   19.6    2.8  23   -2.3  10 0 0 1 1 1 0 17.0 22.1 17.0 22.2 80.0 100 100 20 408 0 144 0 401 402 400 0 0 0 60 50 AUTO 0 
b.1 2025-06-16 08:34:01.430 a 2025-06-16-08:33:59 218 070 223 0.2 1.7 4.9 16.0 23.0 731.9 0.00 0 0.0 15.4 24.1 24.4 3.626  -49.3   19.5    2.6  23   -2.3  10 0 0 1 1 1 0 16.9 22.4 17.0 22.4 80.0 100 100 20 408 0 144 0 402 401 400 0 0 0 60 50 AUTO 0 
b.1 2025-06-16 08:35:02.436 a 2025-06-16-08:35:00 006 048 131 0.6 2.7 4.6 15.9 22.6 731.9 0.00 0 0.0 15.4 24.1 24.5 3.627  -48.7   19.5    3.1  23   -2.3  10 0 0 1 1 1 0 16.9 22.1 16.9 22.1 80.0 100 100 20 408 0 144 0 401 402 399 0 0 0 59 50 AUTO 0 
b.1 2025-06-16 08:36:01.456 a 2025-06-16-08:35:59 192 059 316 0.4 3.0 5.5 16.0 20.0 731.9 0.00 0 0.0 15.6 24.1 24.5 3.628  -48.5   19.5    3.4  22   -2.6  10 0 0 1 1 1 0 16.9 21.0 16.9 21.1 80.0 100 100 20 408 0 144 0 401 401 400 0 0 0 59 50 AUTO 0 
b.1 2025-06-16 08:36:59.496 a 2025-06-16-08:36:57 123 062 325 0.4 2.4 5.1 16.0 20.8 731.9 0.00 0 0.0 15.5 24.1 24.4 3.628  -48.8   19.5    3.3  22   -2.7  10 0 0 1 1 1 0 16.9 21.0 16.9 21.0 80.0 100 100 20 408 0 144 0 401 401 400 0 0 0 60 50 AUTO 0 
b.1 2025-06-16 08:38:01.858 a 2025-06-16-08:37:59 101 048 287 0.1 1.8 4.2 16.1 19.2 731.9 0.00 0 0.0 15.6 24.1 24.5 3.627  -47.0   19.5    2.9  22   -2.9  10 0 0 1 1 1 0 16.9 20.0 16.9 19.9 80.0 100 100 20 408 0 144 0 401 401 400 0 0 0 59 50 AUTO 0 
b.1 2025-06-16 08:39:00.540 a 2025-06-16-08:38:58 136 049 334 0.4 2.9 5.4 16.1 19.0 731.8 0.00 0 0.0 15.6 24.1 24.4 3.627  -48.8   19.5    3.6  21   -3.1  10 0 0 1 1 1 0 16.9 19.9 16.9 20.0 80.0 100 100 20 408 0 144 0 402 401 400 0 0 0 59 50 AUTO 0 
b.1 2025-06-16 08:40:00.273 a 2025-06-16-08:39:57 107 058 231 0.2 1.9 4.1 16.1 19.8 731.9 0.00 0 0.0 15.6 24.1 24.5 3.626  -47.9   19.5    3.0  21   -3.2  10 0 0 1 1 1 0 16.9 19.7 16.8 19.9 80.0 100 100 20 408 0 144 0 401 402 400 0 0 0 60 50 AUTO 0 
b.1 2025-06-16 08:41:01.664 a 2025-06-16-08:40:59 117 049 250 0.3 2.0 3.9 16.1 19.2 731.8 0.00 0 0.0 15.6 24.1 24.5 3.627  -48.6   19.5    2.9  21   -3.3  10 0 0 1 1 1 0 16.9 19.2 16.8 19.4 80.0 100 100 20 408 0 144 0 401 401 400 0 0 0 60 50 AUTO 0 
b.1 2025-06-16 08:42:01.180 a 2025-06-16-08:41:58 113 040 324 0.8 3.1 5.9 16.1 16.8 731.8 0.00 0 0.0 15.7 24.1 24.5 3.627  -48.3   19.5    3.6  21   -3.7  10 0 0 1 1 1 0 16.9 18.8 16.8 19.3 80.0 100 100 20 408 0 144 0 401 402 399 0 0 0 59 50 AUTO 0 
b.1 2025-06-16 08:42:59.358 a 2025-06-16-08:42:56 137 033 270 0.3 2.1 4.8 16.2 17.1 731.8 0.00 0 0.0 15.7 24.1 24.4 3.627  -48.4   19.5    3.2  20   -3.8  10 0 0 1 1 1 0 16.8 18.4 16.7 18.6 80.0 100 100 20 408 0 144 0 401 401 400 0 0 0 60 50 AUTO 0 
b.1 2025-06-16 08:44:01.617 a 2025-06-16-08:43:59 000 053 124 0.7 2.9 5.1 16.2 16.7 731.8 0.00 0 0.0 15.7 24.1 24.5 3.626  -48.5   19.5    3.6  20   -4.0  10 0 0 1 1 1 0 16.8 18.2 16.7 18.2 80.0 100 100 20 408 0 144 0 401 401 400 0 0 0 60 50 AUTO 0 
b.1 2025-06-16 08:45:00.757 a 2025-06-16-08:44:58 003 059 109 0.4 3.3 5.1 16.3 17.0 731.7 0.00 0 0.0 15.8 24.1 24.4 3.627  -49.0   19.5    4.1  20   -4.1  10 0 0 1 1 1 0 16.8 18.0 16.7 18.2 80.0 100 100 20 408 0 144 0 401 401 400 0 0 0 60 50 AUTO 0 
b.1 2025-06-16 08:46:00.976 a 2025-06-16-08:45:58 101 031 293 0.9 3.4 5.1 16.3 17.1 731.8 0.00 0 0.0 16.0 24.1 24.5 3.627  -49.2   19.5    4.7  20   -4.1  11 0 0 1 1 1 0 16.8 17.8 16.7 18.1 80.0 100 100 20 408 0 144 0 401 401 400 0 0 0 60 50 AUTO 0 
b.1 2025-06-16 08:47:00.697 a 2025-06-16-08:46:58 089 017 132 0.2 1.7 4.6 16.3 17.1 731.7 0.00 0 0.0 15.9 24.1 24.5 3.633  -47.2   19.6    3.3  20   -4.1  11 0 0 1 1 1 0 16.8 17.6 16.7 17.8 80.0 100 100 20 408 0 144 0 401 401 399 0 0 0 60 50 AUTO 0 
b.1 2025-06-16 08:48:00.717 a 2025-06-16-08:47:58 130 051 263 0.5 2.6 5.0 16.3 16.4 731.7 0.00 0 0.0 15.9 24.1 24.4 3.634  -49.3   19.6    3.6  20   -4.3  11 0 0 1 1 1 0 16.8 17.2 16.7 17.4 80.0 100 100 20 408 0 144 0 401 401 400 0 0 0 60 50 AUTO 0 
b.1 2025-06-16 08:48:59.076 a 2025-06-16-08:48:56 122 058 295 0.4 2.0 5.4 16.3 16.4 731.7 0.00 0 0.0 15.9 24.1 24.5 3.627  -48.2   19.6    3.1  19   -4.5  11 0 0 1 1 1 0 16.8 16.8 16.7 16.9 80.0 100 100 20 408 0 144 0 401 401 400 0 0 0 59 50 AUTO 0 
b.1 2025-06-16 08:50:01.440 a 2025-06-16-08:49:59 002 057 112 0.2 3.1 5.6 16.3 16.3 731.7 0.00 0 0.0 15.9 24.1 24.5 3.633  -49.2   19.6    3.6  19   -4.7  11 0 0 1 1 1 0 16.7 16.4 16.6 16.6 80.0 100 100 20 408 0 144 0 401 401 400 0 0 0 59 50 AUTO 0 
b.1 2025-06-16 08:51:00.078 a 2025-06-16-08:50:57 102 039 339 0.4 2.9 4.9 16.3 15.3 731.7 0.00 0 0.0 16.0 24.1 24.4 3.627  -48.1   19.6    4.0  19   -4.8  11 0 0 1 1 1 0 16.7 16.3 16.6 16.5 80.0 100 100 20 408 0 144 0 401 401 400 0 0 0 59 50 AUTO 0 
b.1 2025-06-16 08:52:00.940 a 2025-06-16-08:51:58 125 040 252 0.4 2.3 4.2 16.4 15.4 731.7 0.00 0 0.0 15.9 24.1 24.5 3.628  -48.9   19.6    3.6  19   -4.8  11 0 0 1 1 1 0 16.7 15.9 16.6 16.1 80.0 100 100 20 408 0 144 0 401 401 400 0 0 0 59 50 AUTO 0 
b.1 2025-06-16 08:53:00.220 a 2025-06-16-08:52:57 131 072 353 0.4 2.4 5.8 16.4 15.2 731.7 0.00 0 0.0 15.9 24.1 24.5 3.627  -48.3   19.6    3.3  18   -5.1  11 0 0 1 1 1 0 16.8 16.0 16.7 16.3 80.0 100 100 20 408 0 144 0 401 401 399 0 0 0 60 50 AUTO 0 
b.1 2025-06-16 08:53:59.960 a 2025-06-16-08:53:57 236 067 258 0.4 2.3 3.9 16.4 14.9 731.7 0.00 0 0.0 15.9 24.1 24.4 3.627  -48.2   19.6    3.3  18   -5.1  11 0 0 1 1 1 0 16.7 15.7 16.7 15.9 80.0 100 100 20 408 0 144 0 401 401 400 0 0 0 59 50 AUTO 0 
b.1 2025-06-16 08:55:00.362 a 2025-06-16-08:54:57 130 053 250 0.3 2.1 5.1 16.4 14.5 731.7 0.00 0 0.0 15.9 24.1 24.5 3.628  -48.9   19.7    3.1  18   -5.2  11 0 0 1 1 1 0 16.7 15.2 16.7 15.7 80.0 100 100 20 408 0 144 0 401 401 400 0 0 0 59 50 AUTO 0 
b.1 2025-06-16 08:56:02.342 a 2025-06-16-08:55:59 082 044 267 0.2 2.1 5.2 16.3 14.3 731.7 0.00 0 0.0 15.9 24.1 24.4 3.627  -50.2   19.7    2.9  18   -5.3  11 0 0 1 1 1 0 16.7 14.9 16.7 15.2 80.0 100 100 20 408 0 144 0 401 401 400 0 0 0 60 50 AUTO 0 
b.1 2025-06-16 08:57:01.588 a 2025-06-16-08:56:59 171 042 292 0.2 3.6 6.3 16.3 13.7 731.6 0.00 0 0.0 15.9 24.1 24.5 3.627  -50.0   19.7    3.7  18   -5.6  11 0 0 1 1 1 0 16.7 14.5 16.7 14.7 80.0 100 100 20 408 0 144 0 401 401 400 0 0 0 60 50 AUTO 0 
b.1 2025-06-16 08:58:00.923 a 2025-06-16-08:57:58 149 047 217 0.1 2.2 6.3 16.3 14.2 731.6 0.00 0 0.0 15.9 24.1 24.5 3.627  -47.6   19.7    3.3  17   -5.7  11 0 0 1 1 1 0 16.8 14.5 16.7 14.5 80.0 100 100 20 408 0 144 0 401 401 400 0 0 0 60 50 AUTO 0 
b.1 2025-06-16 08:59:00.940 a 2025-06-16-08:58:58 094 017 242 0.3 2.7 6.0 16.4 14.0 731.6 0.00 0 0.0 15.9 24.1 24.4 3.631  -49.6   19.7    3.3  17   -5.7  11 0 0 1 1 1 0 16.8 14.0 16.7 14.1 80.0 100 100 20 408 0 144 0 401 401 400 0 0 0 60 50 AUTO 0 
b.1 2025-06-16 09:00:01.582 a 2025-06-16-08:59:59 174 040 288 0.2 3.2 5.4 16.4 13.2 731.6 0.00 0 0.0 16.0 24.1 24.5 3.626  -50.8   19.7    3.7  17   -6.0  11 0 0 1 1 1 0 16.8 13.6 16.7 13.7 80.0 100 100 20 408 0 144 0 401 401 400 0 0 0 59 50 AUTO 0 
b.1 2025-06-16 09:01:01.286 a 2025-06-16-09:00:58 112 023 248 0.3 2.8 5.2 16.4 13.0 731.6 0.00 0 0.0 16.1 24.1 24.5 3.627  -49.2   19.7    3.8  17   -6.1  11 0 0 1 1 1 0 16.8 13.4 16.8 13.6 80.0 100 100 20 408 0 144 0 401 401 399 0 0 0 59 50 AUTO 0 
b.1 2025-06-16 09:02:01.545 a 2025-06-16-09:01:59 120 034 345 0.5 2.8 5.4 16.4 13.0 731.6 0.00 0 0.0 16.0 24.1 24.5 3.626  -49.5   19.7    3.7  17   -6.1  11 0 0 1 1 1 0 16.8 13.4 16.7 13.6 80.0 100 100 20 408 0 144 0 401 401 400 0 0 0 60 50 AUTO 0 
b.1 2025-06-16 09:03:01.002 a 2025-06-16-09:02:58 125 056 308 0.2 2.2 4.6 16.4 13.2 731.6 0.00 0 0.0 16.0 24.1 24.5 3.628  -49.3   19.7    3.4  17   -6.1  11 0 0 1 1 1 0 16.9 13.4 16.7 13.7 80.0 100 100 20 408 0 144 0 401 401 400 0 0 0 59 50 AUTO 0 
b.1 2025-06-16 09:04:00.723 a 2025-06-16-09:03:58 143 057 244 0.3 2.2 5.1 16.4 13.2 731.6 0.00 0 0.0 16.0 24.1 24.5 3.627  -49.8   19.7    3.2  17   -6.3  11 0 0 1 1 1 0 16.8 13.4 16.7 13.7 80.0 100 100 20 408 0 144 0 401 401 400 0 0 0 60 50 AUTO 0 
b.1 2025-06-16 09:05:00.565 a 2025-06-16-09:04:58 112 047 283 0.4 1.9 4.4 16.4 13.1 731.6 0.00 0 0.0 15.9 24.1 24.5 3.627  -49.4   19.7    3.2  17   -6.3  11 0 0 1 1 1 0 16.8 13.2 16.7 13.5 80.0 100 100 20 408 0 144 0 401 401 400 0 0 0 59 50 AUTO 0 
b.1 2025-06-16 09:05:59.667 a 2025-06-16-09:05:57 009 066 127 1.1 2.7 5.3 16.3 12.9 731.6 0.00 0 0.0 15.9 24.1 24.4 3.634  -49.5   19.7    3.5  16   -6.4  11 0 0 1 1 1 0 16.8 13.3 16.7 13.5 80.0 100 100 20 408 0 144 0 401 401 400 0 0 0 60 50 AUTO 0 
b.1 2025-06-16 09:07:01.325 a 2025-06-16-09:06:58 002 074 137 0.3 2.5 5.2 16.3 12.8 731.6 0.00 0 0.0 15.9 24.1 24.5 3.628  -50.9   19.7    3.4  16   -6.5  11 0 0 1 1 1 0 16.8 13.3 16.7 13.5 80.0 100 100 20 408 0 144 0 401 401 399 0 0 0 59 50 AUTO 0 
b.1 2025-06-16 09:08:01.165 a 2025-06-16-09:07:58 137 086 319 0.2 2.0 4.7 16.4 13.5 731.6 0.00 0 0.0 15.9 24.1 24.5 3.627  -49.3   19.7    3.0  16   -6.5  11 0 0 1 1 1 0 16.8 13.5 16.7 13.7 80.0 100 100 20 408 0 144 0 400 401 399 0 0 0 60 50 AUTO 0 
b.1 2025-06-16 09:09:02.029 a 2025-06-16-09:08:59 108 073 291 0.2 2.2 4.8 16.4 13.9 731.6 0.00 0 0.0 15.9 24.1 24.5 3.633  -50.0   19.7    3.0  16   -6.4  11 0 0 1 1 1 0 16.7 13.9 16.6 14.1 80.0 100 100 20 408 0 144 0 401 401 400 0 0 0 59 50 AUTO 0 
b.1 2025-06-16 09:10:02.328 a 2025-06-16-09:09:59 124 064 348 0.4 3.4 6.3 16.3 14.1 731.6 0.00 0 0.0 15.9 24.1 24.4 3.627  -51.7   19.7    3.8  17   -6.3  11 0 0 1 1 1 0 16.7 14.1 16.6 14.3 80.0 100 100 20 408 0 144 0 401 401 400 0 0 0 59 50 AUTO 0 
b.1 2025-06-16 09:11:00.367 a 2025-06-16-09:10:57 040 052 196 0.2 2.3 6.0 16.4 14.3 731.6 0.00 0 0.0 15.9 24.1 24.5 3.627  -50.3   19.7    3.5  17   -6.3  11 0 0 1 1 1 0 16.7 14.3 16.6 14.5 80.0 100 100 20 408 0 144 0 401 401 400 0 0 0 59 50 AUTO 0 
b.1 2025-06-16 09:12:02.572 a 2025-06-16-09:12:00 120 049 000 0.7 2.3 4.5 16.4 14.3 731.6 0.00 0 0.0 15.9 24.1 24.5 3.628  -49.0   19.7    3.5  17   -6.2  11 0 0 1 1 1 0 16.7 14.4 16.6 14.6 80.0 100 100 20 408 0 144 0 401 401 400 0 0 0 59 50 AUTO 0 
b.1 2025-06-16 09:13:00.369 a 2025-06-16-09:12:57 017 055 137 0.7 3.0 5.1 16.3 14.5 731.6 0.00 0 0.0 15.9 24.1 24.5 3.627  -50.0   19.7    4.0  17   -6.2  11 0 0 1 1 1 0 16.7 14.6 16.6 14.8 80.0 100 100 20 408 0 144 0 401 401 400 0 0 0 59 50 AUTO 0 
b.1 2025-06-16 09:14:01.426 a 2025-06-16-09:13:58 124 044 262 0.1 2.8 5.6 16.4 14.3 731.6 0.00 0 0.0 16.0 24.1 24.5 3.627  -47.6   19.7    3.8  17   -6.2  11 0 0 1 1 1 0 16.8 14.6 16.6 14.8 80.0 100 100 20 408 0 144 0 401 401 400 0 0 0 60 50 AUTO 0 
b.1 2025-06-16 09:15:01.729 a 2025-06-16-09:14:59 111 031 205 0.2 2.6 5.9 16.4 14.4 731.5 0.00 0 0.0 16.0 24.1 24.5 3.629  -49.5   19.7    3.6  17   -6.2  11 0 0 1 1 1 0 16.7 14.6 16.6 14.8 80.0 100 100 20 408 0 144 0 402 401 400 0 0 0 59 50 AUTO 0 
b.1 2025-06-16 09:15:58.948 a 2025-06-16-09:15:56 164 060 294 0.1 2.7 5.7 16.4 14.5 731.5 0.00 0 0.0 16.0 24.1 24.4 3.631  -48.9   19.7    3.8  17   -6.1  11 0 0 1 1 1 0 16.8 14.7 16.6 14.9 80.0 100 100 20 408 0 144 0 401 401 400 0 0 0 59 50 AUTO 0 
b.1 2025-06-16 09:17:00.471 a 2025-06-16-09:16:58 113 042 222 0.3 3.4 6.2 16.4 14.8 731.5 0.00 0 0.0 16.0 24.1 24.5 3.627  -50.7   19.7    4.4  17   -6.1  11 0 0 1 1 1 0 16.7 14.8 16.6 15.0 80.0 100 100 20 408 0 144 0 401 401 400 0 0 0 59 50 AUTO 0 
b.1 2025-06-16 09:18:01.190 a 2025-06-16-09:17:58 126 053 358 0.5 3.5 6.9 16.4 14.9 731.5 0.00 0 0.0 16.1 24.1 24.4 3.627  -48.7   19.7    4.8  17   -6.0  11 0 0 1 1 1 0 16.7 15.0 16.6 15.2 80.0 100 100 20 408 0 144 0 401 401 400 0 0 0 59 50 AUTO 0 
b.1 2025-06-16 09:19:01.950 a 2025-06-16-09:18:59 132 052 347 0.6 3.0 5.6 16.4 14.8 731.5 0.00 0 0.0 16.1 24.1 24.5 3.632  -49.9   19.7    4.9  17   -5.9  11 0 0 1 1 1 0 16.7 15.1 16.6 15.3 80.0 100 100 20 408 0 144 0 401 401 400 0 0 0 60 50 AUTO 0 
b.1 2025-06-16 09:20:01.012 a 2025-06-16-09:19:58 108 038 240 0.3 2.8 4.7 16.5 14.9 731.5 0.00 0 0.0 16.1 24.1 24.5 3.634  -48.6   19.7    4.3  17   -5.9  11 0 0 1 1 1 0 16.7 15.1 16.6 15.3 80.0 100 100 20 408 0 144 0 401 402 400 0 0 0 60 50 AUTO 0 
b.1 2025-06-16 09:21:00.930 a 2025-06-16-09:20:58 191 072 352 0.4 2.4 5.0 16.5 14.9 731.5 0.00 0 0.0 16.1 24.1 24.5 3.628  -50.5   19.7    3.9  17   -5.9  11 0 0 1 1 1 0 16.7 15.2 16.6 15.4 80.0 100 100 20 408 0 144 0 401 401 400 0 0 0 60 50 AUTO 0 
b.1 2025-06-16 09:22:00.730 a 2025-06-16-09:21:58 152 054 358 0.2 2.3 4.9 16.5 15.1 731.5 0.00 0 0.0 16.0 24.1 24.5 3.626  -48.8   19.8    3.6  17   -5.9  11 0 0 1 1 1 0 16.7 15.2 16.6 15.4 80.0 100 100 20 408 0 144 0 401 401 399 0 0 0 60 50 AUTO 0 
b.1 2025-06-16 09:23:00.492 a 2025-06-16-09:22:58 131 053 251 0.2 2.1 5.2 16.4 15.0 731.4 0.00 0 0.0 16.0 24.1 24.5 3.626  -49.1   19.8    3.2  17   -5.8  11 0 0 1 1 1 0 16.7 15.3 16.6 15.5 80.0 100 100 20 408 0 144 0 400 401 400 0 0 0 59 50 AUTO 0 
b.1 2025-06-16 09:24:00.994 a 2025-06-16-09:23:58 178 044 304 0.5 2.8 6.4 16.4 15.2 731.5 0.00 0 0.0 15.9 24.1 24.5 3.627  -50.1   19.8    3.7  17   -5.8  11 0 0 1 1 1 0 16.8 15.3 16.6 15.5 80.0 100 100 20 408 0 144 0 401 401 399 0 0 0 60 50 AUTO 0 
b.1 2025-06-16 09:25:02.476 a 2025-06-16-09:25:00 091 046 284 0.3 2.6 6.1 16.3 15.1 731.5 0.00 0 0.0 16.0 24.1 24.5 3.627  -50.5   19.8    3.9  17   -5.8  11 0 0 1 1 1 0 16.7 15.3 16.6 15.6 80.0 100 100 20 408 0 144 0 401 401 400 0 0 0 59 50 AUTO 0 
b.1 2025-06-16 09:26:01.012 a 2025-06-16-09:25:58 157 057 294 0.1 2.0 5.2 16.3 15.1 731.5 0.00 0 0.0 15.9 24.1 24.4 3.627  -49.7   19.8    3.1  17   -5.8  11 0 0 1 1 1 0 16.7 15.4 16.6 15.6 80.0 100 100 20 408 0 144 0 401 401 400 0 0 0 59 50 AUTO 0 
b.1 2025-06-16 09:27:00.115 a 2025-06-16-09:26:57 116 051 350 0.6 2.7 5.2 16.4 15.0 731.5 0.00 0 0.0 15.9 24.1 24.4 3.628  -50.0   19.8    3.5  17   -5.8  11 0 0 1 1 1 0 16.7 15.4 16.5 15.7 80.0 100 100 20 408 0 144 0 401 401 399 0 0 0 59 50 AUTO 0 
b.1 2025-06-16 09:28:01.673 a 2025-06-16-09:27:59 206 050 247 0.1 2.7 5.5 16.4 15.2 731.5 0.00 0 0.0 15.9 24.1 24.5 3.628  -50.2   19.8    3.8  17   -5.8  11 0 0 1 1 1 0 16.7 15.5 16.5 15.7 80.0 100 100 20 408 0 144 0 401 402 400 0 0 0 59 50 AUTO 0 
b.1 2025-06-16 09:29:01.654 a 2025-06-16-09:28:59 209 042 240 0.1 3.1 5.5 16.4 15.2 731.5 0.00 0 0.0 16.0 24.1 24.5 3.627  -50.5   19.8    4.1  17   -5.7  11 0 0 1 1 1 0 16.7 15.6 16.5 15.8 80.0 100 100 20 408 0 144 0 401 401 400 0 0 0 60 50 AUTO 0 
b.1 2025-06-16 09:30:00.117 a 2025-06-16-09:29:57 099 044 310 0.7 3.2 6.2 16.4 15.3 731.5 0.00 0 0.0 16.1 24.1 24.5 3.628  -50.0   19.7    4.5  17   -5.7  11 0 0 1 1 1 0 16.6 15.7 16.5 15.8 80.0 100 100 20 408 0 144 0 401 401 399 0 0 0 60 50 AUTO 0 
b.1 2025-06-16 09:31:01.717 a 2025-06-16-09:30:59 092 041 343 0.4 3.4 6.1 16.4 15.3 731.5 0.00 0 0.0 16.1 24.1 24.5 3.629  -49.1   19.8    5.0  17   -5.7  11 0 0 1 1 1 0 16.6 15.7 16.5 15.9 80.0 100 100 20 408 0 144 0 401 401 400 0 0 0 60 50 AUTO 0 
b.1 2025-06-16 09:32:01.194 a 2025-06-16-09:31:58 161 066 336 0.5 2.5 4.4 16.4 15.4 731.4 0.00 0 0.0 16.1 24.1 24.4 3.633  -50.7   19.8    3.9  17   -5.7  11 0 0 1 1 1 0 16.6 15.9 16.5 16.1 80.0 100 100 20 408 0 144 0 401 401 399 0 0 0 60 50 AUTO 0 
b.1 2025-06-16 09:33:01.773 a 2025-06-16-09:32:59 006 051 113 0.1 3.0 5.0 16.4 15.6 731.4 0.00 0 0.0 16.0 24.1 24.5 3.627  -51.5   19.8    4.1  17   -5.6  11 0 0 1 1 1 0 16.6 15.9 16.5 16.1 80.0 100 100 20 408 0 144 0 401 401 400 0 0 0 60 50 AUTO 0 
b.1 2025-06-16 09:34:02.040 a 2025-06-16-09:33:59 115 055 342 0.4 2.8 5.3 16.4 15.7 731.4 0.00 0 0.0 16.1 24.1 24.5 3.627  -51.1   19.8    4.3  18   -5.6  11 0 0 1 1 1 0 16.6 16.0 16.5 16.1 80.0 100 100 20 408 0 144 0 401 401 400 0 0 0 60 50 AUTO 0 
b.1 2025-06-16 09:35:01.801 a 2025-06-16-09:34:59 008 042 094 1.1 3.1 4.7 16.4 15.8 731.4 0.00 0 0.0 16.0 24.1 24.4 3.633  -49.3   19.8    4.7  18   -5.5  11 0 0 1 1 1 0 16.6 16.1 16.5 16.3 80.0 100 100 20 408 0 144 0 401 401 400 0 0 0 59 50 AUTO 0 
b.1 2025-06-16 09:36:01.878 a 2025-06-16-09:35:59 017 056 106 0.7 2.5 5.3 16.4 15.9 731.4 0.00 0 0.0 16.0 24.1 24.5 3.628  -48.9   19.7    4.3  18   -5.5  11 0 0 1 1 1 0 16.6 16.2 16.5 16.4 80.0 100 100 20 408 0 144 0 401 402 400 0 0 0 59 50 AUTO 0 
b.1 2025-06-16 09:37:00.696 a 2025-06-16-09:36:58 149 054 355 0.3 2.5 4.6 16.4 16.1 731.4 0.00 0 0.0 16.0 24.1 24.5 3.627  -51.0   19.7    3.9  18   -5.5  11 0 0 1 1 1 0 16.6 16.2 16.5 16.4 80.0 100 100 20 408 0 144 0 401 401 400 0 0 0 59 50 AUTO 0 
b.1 2025-06-16 09:38:01.154 a 2025-06-16-09:37:58 006 041 088 1.1 2.9 4.1 16.4 16.2 731.4 0.00 0 0.0 15.9 24.1 24.5 3.627  -50.0   19.7    4.4  18   -5.4  11 0 0 1 1 1 0 16.6 16.3 16.5 16.5 80.0 100 100 20 408 0 144 0 401 401 400 0 0 0 59 50 AUTO 0 
b.1 2025-06-16 09:39:00.815 a 2025-06-16-09:38:58 005 056 151 0.6 2.5 4.3 16.3 16.4 731.4 0.00 0 0.0 15.9 24.1 24.5 3.627  -49.7   19.7    3.8  18   -5.4  11 0 0 1 1 1 0 16.6 16.4 16.4 16.7 80.0 100 100 20 408 0 144 0 401 401 400 0 0 0 60 50 AUTO 0 
b.1 2025-06-16 09:40:01.036 a 2025-06-16-09:39:58 164 061 294 0.2 1.9 4.2 16.3 16.5 731.4 0.00 0 0.0 15.8 24.1 24.5 3.628  -48.8   19.7    3.3  18   -5.3  11 0 0 1 1 1 0 16.6 16.5 16.4 16.7 80.0 100 100 20 408 0 144 0 401 401 399 0 0 0 59 50 AUTO 0 
b.1 2025-06-16 09:41:01.900 a 2025-06-16-09:40:59 010 064 135 0.7 2.2 4.1 16.2 16.7 731.4 0.00 0 0.0 15.7 24.1 24.5 3.627  -49.5   19.7    3.3  18   -5.3  11 0 0 1 1 1 0 16.5 16.7 16.4 16.9 80.0 100 100 20 408 0 144 0 401 401 400 0 0 0 60 50 AUTO 0 
b.1 2025-06-16 09:42:01.036 a 2025-06-16-09:41:58 135 069 000 0.4 2.0 4.4 16.1 16.9 731.4 0.00 0 0.0 15.6 24.1 24.5 3.628  -49.5   19.7    3.2  18   -5.3  11 0 0 1 1 1 0 16.5 16.8 16.4 17.0 80.0 100 100 20 408 0 144 0 401 402 399 0 0 0 59 50 AUTO 0 
b.1 2025-06-16 09:43:01.894 a 2025-06-16-09:42:59 165 063 311 0.6 2.2 4.4 16.0 16.9 731.4 0.00 0 0.0 15.6 24.1 24.5 3.627  -49.0   19.6    3.2  18   -5.2  11 0 0 1 1 1 0 16.5 16.9 16.4 17.0 80.0 100 100 20 408 0 144 0 401 401 400 0 0 0 59 50 AUTO 0 
b.1 2025-06-16 09:44:01.336 a 2025-06-16-09:43:58 116 063 329 0.3 1.8 3.5 16.0 16.9 731.4 0.00 0 0.0 15.5 24.1 24.4 3.627  -48.5   19.6    3.0  18   -5.2   5 0 0 1 1 1 0 16.5 16.8 16.4 17.1 80.0 100 100 20 408 0 144 0 401 401 400 0 0 0 60 50 AUTO 0 
b.1 2025-06-16 09:45:02.128 a 2025-06-16-09:44:59 015 071 129 0.6 1.6 3.1 15.9 17.1 731.4 0.00 0 0.0 15.5 24.1 24.4 3.627  -49.7   19.6    2.7  18   -5.2   5 0 0 1 1 1 0 16.5 16.9 16.3 17.2 80.0 100 100 20 408 0 144 0 401 401 400 0 0 0 60 50 AUTO 0 
b.1 2025-06-16 09:46:01.395 a 2025-06-16-09:45:58 135 074 246 0.2 1.8 3.9 15.9 17.2 731.4 0.00 0 0.0 15.3 24.1 24.5 3.627  -49.1   19.5    2.8  18   -5.2   9 0 0 1 1 1 0 16.5 17.0 16.3 17.3 80.0 100 100 20 408 0 144 0 402 401 400 0 0 0 59 50 AUTO 0 
b.1 2025-06-16 09:47:01.339 a 2025-06-16-09:46:58 124 069 320 0.2 1.6 3.8 15.8 17.4 731.4 0.00 0 0.0 15.3 24.1 24.5 3.627  -49.9   19.5    2.6  18   -5.2   9 0 0 1 1 1 0 16.4 17.2 16.3 17.4 80.0 100 100 20 408 0 144 0 401 401 400 0 0 0 59 50 AUTO 0 
b.1 2025-06-16 09:48:00.540 a 2025-06-16-09:47:58 157 087 313 0.2 1.6 3.8 15.8 17.4 731.3 0.00 0 0.0 15.2 24.1 24.4 3.633  -48.8   19.5    2.5  18   -5.2   9 0 0 1 1 1 0 16.4 17.3 16.3 17.6 80.0 100 100 20 408 0 144 0 401 401 400 0 0 0 60 50 AUTO 0 
b.1 2025-06-16 09:49:00.661 a 2025-06-16-09:48:58 121 067 284 0.2 2.2 5.6 15.8 15.8 731.3 0.00 0 0.0 15.3 24.1 24.5 3.627  -50.9   19.4    2.7  18   -5.2   9 0 0 1 1 1 0 16.4 17.3 16.3 17.5 80.0 100 100 20 408 0 144 0 401 401 400 0 0 0 59 50 AUTO 0 
b.1 2025-06-16 09:49:59.836 a 2025-06-16-09:49:57 152 070 230 0.2 2.4 5.1 15.8 16.1 731.3 0.00 0 0.0 15.4 24.1 24.5 3.627  -50.0   19.4    2.9  18   -5.5   9 0 0 1 1 1 0 16.4 17.0 16.3 17.2 80.0 100 100 20 408 0 144 0 401 401 400 0 0 0 60 50 AUTO 0 
b.1 2025-06-16 09:51:00.655 a 2025-06-16-09:50:58 142 060 351 0.7 2.1 4.3 15.9 17.2 731.3 0.00 0 0.0 15.4 24.1 24.5 3.631  -49.9   19.4    2.8  18   -5.4   9 0 0 1 1 1 0 16.4 17.2 16.3 17.5 80.0 100 100 20 408 0 144 0 401 401 400 0 0 0 60 50 AUTO 0 
b.1 2025-06-16 09:52:00.325 a 2025-06-16-09:51:57 104 043 329 0.3 2.4 4.5 15.9 17.2 731.3 0.00 0 0.0 15.4 24.1 24.4 3.634  -49.8   19.4    3.2  18   -5.3   9 0 0 1 1 1 0 16.4 17.3 16.2 17.6 80.0 100 100 20 408 0 144 0 401 402 400 0 0 0 60 50 AUTO 0 
b.1 2025-06-16 09:53:00.262 a 2025-06-16-09:52:57 144 055 352 0.5 2.2 4.1 16.0 17.3 731.3 0.00 0 0.0 15.4 24.1 24.5 3.628  -48.6   19.4    3.3  19   -5.1   9 0 0 1 1 1 0 16.4 17.6 16.2 17.8 80.0 100 100 20 408 0 144 0 401 401 400 0 0 0 59 50 AUTO 0 
b.1 2025-06-16 09:53:59.881 a 2025-06-16-09:53:57 127 052 345 0.5 2.6 4.6 16.0 18.0 731.3 0.00 0 0.0 15.5 24.1 24.5 3.628  -48.9   19.4    3.5  19   -5.0   9 0 0 1 1 1 0 16.4 17.6 16.2 17.9 80.0 100 100 20 408 0 144 0 401 401 399 0 0 0 60 50 AUTO 0 
b.1 2025-06-16 09:55:00.020 a 2025-06-16-09:54:57 012 059 116 1.0 2.7 4.9 16.0 17.9 731.4 0.00 0 0.0 15.5 24.1 24.4 3.627  -50.4   19.4    3.7  19   -5.0  10 0 0 1 1 1 0 16.4 17.6 16.2 17.9 80.0 100 100 20 408 0 144 0 401 401 400 0 0 0 59 50 AUTO 0 
b.1 2025-06-16 09:56:02.224 a 2025-06-16-09:55:59 139 057 333 0.3 2.5 4.6 16.0 17.2 731.4 0.00 0 0.0 15.6 24.1 24.5 3.628  -49.6   19.4    3.6  19   -5.1  11 0 0 1 1 1 0 16.4 17.4 16.2 17.7 80.0 100 100 20 408 0 144 0 401 401 400 0 0 0 59 50 AUTO 0 
b.1 2025-06-16 09:57:01.365 a 2025-06-16-09:56:58 117 057 314 0.6 2.8 4.6 16.0 17.1 731.3 0.00 0 0.0 15.6 24.1 24.5 3.627  -49.6   19.4    3.7  19   -5.1  11 0 0 1 1 1 0 16.4 17.3 16.2 17.5 80.0 100 100 20 408 0 144 0 401 401 400 0 0 0 60 50 AUTO 0 
b.1 2025-06-16 09:58:02.220 a 2025-06-16-09:57:59 133 061 343 0.6 3.0 5.3 16.0 16.4 731.3 0.00 0 0.0 15.6 24.1 24.5 3.626  -49.6   19.4    4.0  18   -5.2  11 0 0 1 1 1 0 16.4 17.3 16.2 17.5 80.0 100 100 20 408 0 144 0 401 401 400 0 0 0 59 50 AUTO 0 
b.1 2025-06-16 09:59:01.420 a 2025-06-16-09:58:58 141 053 305 0.4 2.3 4.0 16.1 16.8 731.3 0.00 0 0.0 15.6 24.1 24.5 3.628  -49.7   19.4    3.6  18   -5.2  11 0 0 1 1 1 0 16.4 17.1 16.2 17.3 80.0 100 100 20 408 0 144 0 401 402 400 0 0 0 60 50 AUTO 0 
b.1 2025-06-16 10:00:02.822 a 2025-06-16-10:00:00 014 067 138 0.4 2.9 5.2 16.1 16.3 731.3 0.00 0 0.0 15.7 24.1 24.4 3.627  -49.8   19.4    3.9  18   -5.2  11 0 0 1 1 1 0 16.4 17.2 16.2 17.4 80.0 100 100 20 408 0 144 0 401 401 400 0 0 0 59 50 AUTO 0 
b.1 2025-06-16 10:01:01.565 a 2025-06-16-10:00:59 098 058 357 0.4 2.7 4.8 16.1 16.0 731.3 0.00 0 0.0 15.7 24.1 24.5 3.627  -49.7   19.4    3.8  18   -5.2  11 0 0 1 1 1 0 16.4 17.3 16.2 17.5 80.0 100 100 20 408 0 144 0 402 401 400 0 0 0 59 50 AUTO 0 
b.1 2025-06-16 10:02:01.282 a 2025-06-16-10:01:58 139 059 258 0.2 1.6 4.6 16.1 17.0 731.3 0.00 0 0.0 15.6 24.1 24.4 3.627  -48.5   19.4    3.0  18   -5.2  11 0 0 1 1 1 0 16.4 17.4 16.2 17.6 80.0 100 100 20 408 0 144 0 401 401 400 0 0 0 60 50 AUTO 0 
b.1 2025-06-16 10:03:01.480 a 2025-06-16-10:02:59 134 061 289 0.2 1.8 4.0 16.1 16.9 731.3 0.00 0 0.0 15.6 24.1 24.5 3.626  -49.6   19.4    2.9  19   -5.1  11 0 0 1 1 1 0 16.4 17.5 16.2 17.7 80.0 100 100 20 408 0 144 0 401 401 400 0 0 0 59 50 AUTO 0 
b.1 2025-06-16 10:04:00.680 a 2025-06-16-10:03:58 122 052 282 0.1 1.6 3.3 16.0 17.1 731.3 0.00 0 0.0 15.5 24.1 24.5 3.626  -49.3   19.4    2.6  19   -5.1  11 0 0 1 1 1 0 16.4 17.4 16.3 17.6 80.0 100 100 20 408 0 144 0 401 401 400 0 0 0 60 50 AUTO 0 
b.1 2025-06-16 10:05:02.480 a 2025-06-16-10:05:00 128 072 307 0.4 1.7 3.3 16.0 17.1 731.3 0.00 0 0.0 15.4 24.1 24.5 3.627  -49.0   19.4    2.6  19   -5.1  11 0 0 1 1 1 0 16.4 17.4 16.3 17.5 80.0 100 100 20 408 0 144 0 401 401 400 0 0 0 60 50 AUTO 0 
b.1 2025-06-16 10:06:00.703 a 2025-06-16-10:05:58 139 093 236 0.1 1.4 4.8 15.9 17.2 731.3 0.00 0 0.0 15.3 24.1 24.4 3.627  -50.1   19.4    2.4  19   -5.1   5 0 0 1 1 1 0 16.4 17.4 16.4 17.6 80.0 100 100 20 408 0 144 0 401 401 400 0 0 0 60 50 AUTO 0 
b.1 2025-06-16 10:07:01.464 a 2025-06-16-10:06:58 114 058 347 0.3 2.5 4.8 15.9 17.1 731.3 0.00 0 0.0 15.4 24.1 24.4 3.634  -50.3   19.4    2.7  19   -5.1  14 0 0 1 1 1 0 16.4 17.3 16.4 17.5 80.0 100 100 20 408 0 144 0 401 401 399 0 0 0 59 50 AUTO 0 
b.1 2025-06-16 10:08:00.703 a 2025-06-16-10:07:58 009 053 113 1.1 2.5 4.2 15.9 16.8 731.3 0.00 0 0.0 15.4 24.1 24.5 3.627  -50.0   19.4    3.1  18   -5.2  10 0 0 1 1 1 0 16.5 16.9 16.4 17.1 80.0 100 100 20 408 0 144 0 401 402 400 0 0 0 60 50 AUTO 0 
b.1 2025-06-16 10:09:01.384 a 2025-06-16-10:08:58 155 061 333 0.2 2.6 5.2 15.9 15.8 731.3 0.00 0 0.0 15.6 24.1 24.5 3.626  -49.7   19.3    3.4  18   -5.4  10 0 0 1 1 1 0 16.5 16.8 16.3 17.0 80.0 100 100 20 408 0 144 0 401 401 400 0 0 0 59 50 AUTO 0 
b.1 2025-06-16 10:10:01.750 a 2025-06-16-10:09:59 190 063 251 0.1 1.9 4.3 16.0 15.8 731.3 0.00 0 0.0 15.6 24.1 24.5 3.633  -50.2   19.4    3.0  18   -5.5  10 0 0 1 1 1 0 16.4 16.6 16.3 17.0 80.0 100 100 20 408 0 144 0 401 401 400 0 0 0 59 50 AUTO 0 
b.1 2025-06-16 10:11:02.286 a 2025-06-16-10:10:59 127 057 205 0.4 2.3 4.7 16.0 15.9 731.3 0.00 0 0.0 15.5 24.1 24.5 3.628  -49.2   19.3    3.1  18   -5.5  10 0 0 1 1 1 0 16.4 16.6 16.3 16.9 80.0 100 100 20 408 0 144 0 401 401 400 0 0 0 60 50 AUTO 0 
b.1 2025-06-16 10:12:02.042 a 2025-06-16-10:11:59 135 058 205 0.3 2.0 4.4 16.0 16.5 731.3 0.00 0 0.0 15.5 24.1 24.5 3.627  -49.9   19.4    3.0  18   -5.5  10 0 0 1 1 1 0 16.4 16.8 16.2 17.1 80.0 100 100 20 408 0 144 0 401 401 400 0 0 0 60 50 AUTO 0 
b.1 2025-06-16 10:13:02.203 a 2025-06-16-10:12:59 133 051 341 0.7 2.6 6.1 16.0 16.6 731.3 0.00 0 0.0 15.5 24.1 24.5 3.626  -49.2   19.3    3.1  18   -5.4  10 0 0 1 1 1 0 16.4 16.9 16.3 17.1 80.0 100 100 20 408 0 144 0 401 401 399 0 0 0 59 50 AUTO 0 
b.1 2025-06-16 10:14:01.384 a 2025-06-16-10:13:58 004 046 103 0.9 2.7 4.9 16.0 16.5 731.3 0.00 0 0.0 15.6 24.1 24.5 3.626  -49.9   19.4    3.3  18   -5.5  10 0 0 1 1 1 0 16.4 16.8 16.3 17.1 80.0 100 100 20 408 0 144 0 401 401 400 0 0 0 59 50 AUTO 0 
b.1 2025-06-16 10:15:01.325 a 2025-06-16-10:14:58 124 051 245 0.3 2.4 4.8 16.0 16.7 731.3 0.00 0 0.0 15.6 24.1 24.5 3.626  -49.7   19.3    3.3  18   -5.4  10 0 0 1 1 1 0 16.4 17.0 16.2 17.3 80.0 100 100 20 408 0 144 0 401 401 400 0 0 0 60 50 AUTO 0 
b.1 2025-06-16 10:16:01.328 a 2025-06-16-10:15:58 178 045 227 0.2 1.4 4.0 16.0 17.0 731.3 0.00 0 0.0 15.6 24.1 24.5 3.627  -49.7   19.4    2.7  18   -5.3  10 0 0 1 1 1 0 16.4 17.3 16.2 17.5 80.0 100 100 20 408 0 144 0 401 401 400 0 0 0 60 50 AUTO 0 
b.1 2025-06-16 10:17:01.964 a 2025-06-16-10:16:59 131 062 358 0.6 2.9 5.7 16.0 16.6 731.3 0.00 0 0.0 15.5 24.1 24.5 3.627  -50.5   19.3    3.3  18   -5.3  10 0 0 1 1 1 0 16.4 16.9 16.2 17.2 80.0 100 100 20 408 0 144 0 401 401 400 0 0 0 60 50 AUTO 0 
b.1 2025-06-16 10:18:01.987 a 2025-06-16-10:17:59 153 057 275 0.3 2.4 4.7 16.0 15.1 731.3 0.00 0 0.0 15.6 24.1 24.5 3.627  -50.1   19.4    3.3  18   -5.6  10 0 0 1 1 1 0 16.4 16.2 16.2 16.7 80.0 100 100 20 408 0 144 0 401 401 400 0 0 0 59 50 AUTO 0 
b.1 2025-06-16 10:19:00.933 a 2025-06-16-10:18:58 145 057 330 0.5 2.2 4.6 16.1 16.8 731.3 0.00 0 0.0 15.6 24.1 24.5 3.627  -49.2   19.4    3.3  18   -5.5  10 0 0 1 1 1 0 16.4 16.9 16.2 17.2 80.0 100 100 20 408 0 144 0 401 401 400 0 0 0 60 50 AUTO 0 
b.1 2025-06-16 10:20:01.529 a 2025-06-16-10:19:59 165 067 269 0.3 1.4 3.2 16.0 17.4 731.3 0.00 0 0.0 15.5 24.1 24.4 3.627  -49.5   19.4    2.8  18   -5.4  10 0 0 1 1 1 0 16.4 17.2 16.2 17.6 80.0 100 100 20 408 0 144 0 402 401 400 0 0 0 59 50 AUTO 0 
b.1 2025-06-16 10:21:01.226 a 2025-06-16-10:20:58 124 060 217 0.2 1.6 4.1 15.9 17.8 731.3 0.00 0 0.0 15.4 24.1 24.4 3.627  -50.8   19.4    2.7  18   -5.2   5 0 0 1 1 1 0 16.4 17.6 16.1 17.9 80.0 100 100 20 408 0 144 0 401 402 400 0 0 0 60 50 AUTO 0 
b.1 2025-06-16 10:22:00.687 a 2025-06-16-10:21:58 010 051 096 0.9 2.4 4.4 15.9 18.5 731.3 0.00 0 0.0 15.4 24.1 24.4 3.626  -50.7   19.4    3.0  19   -5.1  12 0 0 1 1 1 0 16.4 17.8 16.1 18.2 80.0 100 100 20 408 0 144 0 401 401 400 0 0 0 59 50 AUTO 0 
b.1 2025-06-16 10:23:01.976 a 2025-06-16-10:22:59 161 059 316 0.3 1.9 3.6 15.9 18.7 731.3 0.00 0 0.0 15.4 24.1 24.4 3.633  -49.3   19.3    2.9  19   -5.0   9 0 0 1 1 1 0 16.3 18.2 16.1 18.5 80.0 100 100 20 408 0 144 0 401 401 400 0 0 0 60 50 AUTO 0 
b.1 2025-06-16 10:24:01.770 a 2025-06-16-10:23:59 117 077 236 0.2 1.3 3.5 15.8 18.7 731.3 0.00 0 0.0 15.3 24.1 24.4 3.634  -50.1   19.3    2.6  19   -4.9   9 0 0 1 1 1 0 16.3 18.3 16.2 18.6 80.0 100 100 20 408 0 144 0 401 401 400 0 0 0 60 50 AUTO 0 
b.1 2025-06-16 10:25:01.888 a 2025-06-16-10:24:59 134 072 289 0.1 1.4 4.2 15.8 18.7 731.3 0.00 0 0.0 15.2 24.1 24.4 3.627  -48.2   19.3    2.4  19   -4.8   9 0 0 1 1 1 0 16.4 18.5 16.2 18.8 80.0 100 100 20 408 0 144 0 401 401 400 0 0 0 60 50 AUTO 0 
b.1 2025-06-16 10:26:00.961 a 2025-06-16-10:25:58 167 055 316 0.1 0.8 2.6 15.8 18.6 731.3 0.00 0 0.0 15.1 24.1 24.4 3.637  -48.9   19.3    2.2  19   -4.8   9 0 0 1 1 1 0 16.3 18.6 16.2 18.8 80.0 100 100 20 408 0 144 0 401 401 400 0 0 0 59 50 AUTO 0 
b.1 2025-06-16 10:27:01.351 a 2025-06-16-10:26:58 184 027 300 0.1 0.7 2.6 15.7 18.8 731.3 0.00 0 0.0 15.0 24.1 24.5 3.627  -49.1   19.3    0.0  19   -4.8   9 0 0 1 1 1 0 16.4 18.8 16.2 19.0 80.0 100 100 20 408 0 144 0 401 401 399 0 0 0 60 50 AUTO 0 
b.1 2025-06-16 10:28:01.148 a 2025-06-16-10:27:58 153 073 295 0.1 1.3 3.2 15.6 19.0 731.3 0.00 0 0.0 15.0 24.1 24.5 3.628  -49.2   19.3    2.2  19   -4.8   9 0 0 1 1 1 0 16.4 18.8 16.1 19.2 80.0 100 100 20 408 0 144 0 401 401 400 0 0 0 60 50 AUTO 0 
b.1 2025-06-16 10:29:01.971 a 2025-06-16-10:28:59 179 091 222 0.1 1.2 2.6 15.6 19.3 731.3 0.00 0 0.0 15.0 24.1 24.4 3.633  -47.9   19.3    2.2  19   -4.7   5 0 0 1 1 1 0 16.4 19.0 16.1 19.4 80.0 100 100 20 408 0 144 0 401 401 400 0 0 0 60 50 AUTO 0 
b.1 2025-06-16 10:30:01.595 a 2025-06-16-10:29:59 131 069 274 0.2 1.3 3.2 15.5 19.5 731.3 0.00 0 0.0 15.0 24.1 24.5 3.626  -49.2   19.2    2.2  19   -4.6   5 0 0 1 1 1 0 16.4 19.4 16.1 19.8 80.0 100 100 20 408 0 144 0 401 401 400 0 0 0 60 50 AUTO 0 
b.1 2025-06-16 10:31:01.448 a 2025-06-16-10:30:58 157 066 335 0.2 1.9 3.5 15.5 20.0 731.3 0.00 0 0.0 14.9 24.1 24.5 3.627  -49.9   19.2    2.4  20   -4.4  12 0 0 1 1 1 0 16.4 20.0 16.1 20.1 80.0 100 100 20 408 0 144 0 401 402 400 0 0 0 59 50 AUTO 0 
b.1 2025-06-16 10:32:01.713 a 2025-06-16-10:31:59 012 063 127 0.3 2.1 4.1 15.4 21.0 731.3 0.00 0 0.0 15.0 24.1 24.5 3.627  -49.3   19.1    2.5  20   -4.3  10 0 0 1 1 1 0 16.4 20.2 16.1 20.7 80.0 100 100 20 408 0 144 0 401 401 400 0 0 0 60 50 AUTO 0 
b.1 2025-06-16 10:33:00.753 a 2025-06-16-10:32:58 140 067 352 0.3 1.5 3.2 15.4 21.3 731.3 0.00 0 0.0 14.9 24.1 24.5 3.627  -48.7   19.1    2.5  20   -4.2  10 0 0 1 1 1 0 16.4 20.7 16.1 21.0 80.0 100 100 20 408 0 144 0 401 401 400 0 0 0 59 50 AUTO 0 
b.1 2025-06-16 10:33:59.657 a 2025-06-16-10:33:57 121 070 318 0.3 1.7 3.4 15.4 22.2 731.3 0.00 0 0.0 15.0 24.1 24.5 3.627  -48.7   19.0    2.5  20   -4.1  10 0 0 1 1 1 0 16.3 20.9 16.0 21.6 80.0 100 100 20 408 0 144 0 401 401 400 0 0 0 59 50 AUTO 0 
b.1 2025-06-16 10:35:00.632 a 2025-06-16-10:34:58 151 070 305 0.3 1.7 3.2 15.3 22.7 731.3 0.00 0 0.0 14.9 24.1 24.4 3.627  -48.9   19.0    2.5  21   -4.0  10 0 0 1 1 1 0 16.3 21.6 16.1 22.1 80.0 100 100 20 408 0 144 0 401 401 400 0 0 0 59 50 AUTO 0 
b.1 2025-06-16 10:36:00.612 a 2025-06-16-10:35:58 180 061 300 0.2 1.4 3.3 15.3 22.8 731.3 0.00 0 0.0 14.9 23.9 23.4 3.633  -49.5   19.0    2.4  21   -3.8  10 0 0 1 1 1 0 16.4 21.8 16.0 22.2 80.0 100 100 20 408 0 144 0 401 401 400 0 0 0 60 50 AUTO 0 
b.1 2025-06-16 10:37:01.496 a 2025-06-16-10:36:59 009 055 097 0.7 2.1 3.3 15.2 23.6 731.3 0.00 0 0.0 15.0 24.1 24.5 3.626  -48.7   18.9    2.6  21   -3.6  10 0 0 1 1 1 0 16.4 22.2 16.0 22.6 80.0 100 100 20 408 0 144 0 401 401 400 0 0 0 59 50 AUTO 0 
b.1 2025-06-16 10:38:02.697 a 2025-06-16-10:38:00 000 043 095 1.3 2.6 3.8 15.2 24.0 731.3 0.00 0 0.0 15.0 24.1 24.5 3.627  -49.1   18.9    3.0  22   -3.4  10 0 0 1 1 1 0 16.3 22.5 16.0 23.0 80.0 100 100 20 408 0 144 0 401 402 399 0 0 0 59 50 AUTO 0 
b.1 2025-06-16 10:39:00.836 a 2025-06-16-10:38:58 023 047 081 1.5 2.6 3.9 15.2 24.1 731.2 0.00 0 0.0 15.1 24.1 24.4 3.635  -49.1   18.8    3.5  22   -3.1  10 0 0 1 1 1 0 16.2 22.7 16.0 23.2 80.0 100 100 20 408 0 144 0 402 401 400 0 0 0 60 50 AUTO 0 
b.1 2025-06-16 10:40:00.492 a 2025-06-16-10:39:58 001 051 088 1.2 2.6 3.9 15.2 24.2 731.3 0.00 0 0.0 14.9 24.1 24.5 3.628  -49.5   18.8    3.7  23   -3.0  10 0 0 1 1 1 0 16.2 23.0 16.0 23.3 80.0 100 100 20 408 0 144 0 401 401 399 0 0 0 60 50 AUTO 0 
b.1 2025-06-16 10:41:01.637 a 2025-06-16-10:40:59 022 058 101 1.0 2.4 3.9 15.2 24.3 731.3 0.00 0 0.0 15.0 24.1 24.5 3.627  -49.6   18.8    3.5  23   -2.9  10 0 0 1 1 1 0 16.2 23.3 16.0 23.7 80.0 100 100 20 408 0 144 0 401 401 400 0 0 0 60 50 AUTO 0 
b.1 2025-06-16 10:42:00.696 a 2025-06-16-10:41:58 112 063 284 0.1 1.8 3.8 15.2 24.2 731.3 0.00 0 0.0 15.0 24.1 24.5 3.631  -48.3   18.7    3.0  23   -2.9  10 0 0 1 1 1 0 16.2 23.5 16.0 23.9 80.0 100 100 20 408 0 144 0 402 401 400 0 0 0 60 50 AUTO 0 
b.1 2025-06-16 10:43:00.733 a 2025-06-16-10:42:58 002 058 116 0.3 2.2 3.9 15.2 24.3 731.3 0.00 0 0.0 15.0 24.1 24.4 3.627  -49.6   18.7    3.1  23   -2.8  10 0 0 1 1 1 0 16.2 23.5 16.0 23.9 80.0 100 100 20 408 0 144 0 401 402 400 0 0 0 60 50 AUTO 0 
b.1 2025-06-16 10:44:00.815 a 2025-06-16-10:43:58 024 066 123 0.9 2.3 4.3 15.2 24.4 731.2 0.00 0 0.0 15.0 24.1 24.4 3.626  -49.4   18.7    3.2  23   -2.8  10 0 0 1 1 1 0 16.1 23.7 16.0 24.1 80.0 100 100 20 408 0 144 0 401 401 400 0 0 0 60 50 AUTO 0 
b.1 2025-06-16 10:45:02.474 a 2025-06-16-10:44:59 103 059 326 0.5 2.1 3.7 15.2 24.4 731.2 0.00 0 0.0 15.0 24.1 24.5 3.627  -48.2   18.7    3.1  23   -2.8  10 0 0 1 1 1 0 16.2 23.7 16.0 24.1 80.0 100 100 20 408 0 144 0 401 401 400 0 0 0 59 50 AUTO 0 
b.1 2025-06-16 10:46:01.496 a 2025-06-16-10:45:58 103 061 356 0.7 2.2 3.8 15.2 24.4 731.2 0.00 0 0.0 14.9 24.0 24.4 3.628  -48.9   18.6    3.1  23   -2.7  10 0 0 1 1 1 0 16.1 23.8 16.0 24.1 80.0 100 100 20 408 0 144 0 401 401 400 0 0 0 59 50 AUTO 0 
b.1 2025-06-16 10:47:02.177 a 2025-06-16-10:46:59 001 058 103 0.3 2.3 4.0 15.1 24.5 731.2 0.00 0 0.0 15.0 24.1 24.5 3.627  -49.4   18.6    3.3  23   -2.7  10 0 0 1 1 1 0 16.1 23.8 16.0 24.2 80.0 100 100 20 408 0 144 3 401 401 400 0 0 0 59 50 AUTO 0 
b.1 2025-06-16 10:47:59.657 a 2025-06-16-10:47:57 124 062 345 0.5 2.1 4.5 15.1 24.6 731.2 0.00 0 0.0 15.0 24.1 24.5 3.627  -48.9   18.6    3.1  23   -2.6  10 0 0 1 1 1 0 16.1 23.9 16.0 24.3 80.0 100 100 20 408 0 144 0 401 401 400 0 0 0 60 50 AUTO 0 
b.1 2025-06-16 10:49:00.378 a 2025-06-16-10:48:57 178 064 324 0.2 1.6 3.0 15.1 24.6 731.2 0.00 0 0.0 15.0 24.1 24.5 3.627  -49.0   18.5    2.7  23   -2.7  10 0 0 1 1 1 0 16.1 23.9 16.0 24.3 80.0 100 100 20 408 0 144 0 402 401 400 0 0 0 60 50 AUTO 0 
b.1 2025-06-16 10:49:59.757 a 2025-06-16-10:49:57 112 061 356 0.3 1.7 3.4 15.0 24.6 731.2 0.00 0 0.0 15.0 24.1 24.5 3.627  -49.5   18.5    2.6  24   -2.7  10 0 0 1 1 1 0 16.1 24.0 16.0 24.4 80.0 100 100 20 408 0 144 0 400 401 399 0 0 0 59 50 AUTO 0 
b.1 2025-06-16 10:50:59.937 a 2025-06-16-10:50:57 019 064 107 0.6 2.1 3.8 15.0 24.7 731.2 0.00 0 0.0 15.0 24.1 24.5 3.627  -49.1   18.5    2.8  24   -2.6  10 0 0 1 1 1 0 16.1 24.0 16.0 24.4 80.0 100 100 20 408 0 144 3 401 402 399 4 4 5 59 50 AUTO 0 
b.1 2025-06-16 10:52:00.119 a 2025-06-16-10:51:57 128 062 338 0.2 1.9 3.4 15.0 24.7 731.2 0.00 0 0.0 14.9 24.1 24.5 3.627  -48.7   18.5    2.8  24   -2.6  10 0 0 1 1 1 0 16.1 24.0 15.9 24.4 80.0 100 100 20 408 0 144 0 401 401 399 0 0 0 59 50 AUTO 0 
b.1 2025-06-16 10:53:01.476 a 2025-06-16-10:52:58 093 055 323 0.4 2.5 3.6 15.0 24.6 731.2 0.00 0 0.0 15.0 24.1 24.5 3.627  -49.5   18.4    3.1  24   -2.6  10 0 0 1 1 1 0 16.1 24.0 15.9 24.4 80.0 100 100 20 408 0 144 0 401 402 399 0 0 0 59 50 AUTO 0 
b.1 2025-06-16 10:54:01.180 a 2025-06-16-10:53:58 014 057 133 0.8 2.4 4.3 15.0 24.5 731.2 0.00 0 0.0 15.0 24.1 24.4 3.628  -48.9   18.4    3.3  24   -2.6  10 0 0 1 1 1 0 16.1 23.9 15.9 24.4 80.0 100 100 20 408 0 144 0 401 401 400 0 0 0 60 50 AUTO 0 
b.1 2025-06-16 10:55:00.778 a 2025-06-16-10:54:58 016 068 111 0.3 1.7 2.9 15.0 24.6 731.2 0.00 0 0.0 15.1 24.1 24.5 3.633  -48.8   18.4    2.9  24   -2.6  10 0 0 1 1 1 0 16.1 23.9 15.9 24.4 80.0 100 100 20 408 0 144 0 401 401 400 0 0 0 60 50 AUTO 0 
b.1 2025-06-16 10:56:00.200 a 2025-06-16-10:55:57 134 058 330 0.2 1.9 3.9 15.0 24.6 731.2 0.00 0 0.0 14.9 24.1 24.5 3.627  -48.7   18.4    2.8  24   -2.6  10 0 0 1 1 1 0 16.2 23.9 15.9 24.3 80.0 100 100 20 408 0 144 0 401 401 400 0 0 0 59 50 AUTO 0 
b.1 2025-06-16 10:57:02.457 a 2025-06-16-10:56:59 014 059 092 1.0 2.4 3.9 15.0 24.5 731.2 0.00 0 0.0 15.0 24.1 24.5 3.627  -49.4   18.4    3.1  24   -2.5  10 0 0 1 1 1 0 16.2 23.9 16.0 24.3 80.0 100 100 20 408 0 144 0 402 401 400 0 0 0 60 50 AUTO 0 
b.1 2025-06-16 10:58:00.680 a 2025-06-16-10:57:58 023 054 102 0.9 2.4 4.1 15.0 24.4 731.2 0.00 0 0.0 14.9 24.0 23.4 3.633  -49.3   18.4    3.4  24   -2.5  10 0 0 1 1 1 0 16.1 23.8 15.9 24.2 80.0 100 100 20 408 0 144 0 401 402 400 0 0 0 60 50 AUTO 0 
b.1 2025-06-16 10:59:01.779 a 2025-06-16-10:58:59 004 056 111 1.0 2.5 4.0 15.0 24.4 731.2 0.00 0 0.0 15.0 24.1 24.4 3.634  -49.5   18.4    3.5  24   -2.5  10 0 0 1 1 1 0 16.1 23.8 15.9 24.3 80.0 100 100 20 408 0 144 0 401 401 400 0 0 0 60 50 AUTO 0 
b.1 2025-06-16 10:59:59.345 a 2025-06-16-10:59:56 094 058 328 0.8 2.3 3.5 15.0 24.4 731.2 0.00 0 0.0 14.9 24.1 24.5 3.627  -48.9   18.4    3.3  24   -2.5  10 0 0 1 1 1 0 16.1 23.8 15.9 24.2 80.0 100 100 20 408 0 144 0 401 401 400 0 0 0 59 50 AUTO 0 
b.1 2025-06-16 11:01:01.505 a 2025-06-16-11:00:59 002 062 124 0.4 2.1 3.7 15.0 24.4 731.2 0.00 0 0.0 15.0 24.1 24.5 3.627  -50.3   18.4    3.1  24   -2.5  10 0 0 1 1 1 0 16.1 23.8 15.9 24.3 80.0 100 100 20 408 0 144 0 401 401 400 0 0 0 60 50 AUTO 0 
b.1 2025-06-16 11:02:00.319 a 2025-06-16-11:01:57 015 063 125 0.7 1.8 3.1 15.0 24.4 731.2 0.00 0 0.0 15.0 24.0 23.4 3.633  -48.7   18.4    2.9  24   -2.5  10 0 0 1 1 1 0 16.1 23.7 15.9 24.3 80.0 100 100 20 408 0 144 0 402 401 400 0 0 0 59 50 AUTO 0 
b.1 2025-06-16 11:03:02.101 a 2025-06-16-11:02:59 008 059 102 0.6 2.0 3.2 15.0 24.4 731.2 0.00 0 0.0 15.0 24.1 24.5 3.627  -48.8   18.3    2.9  24   -2.5  10 0 0 1 1 1 0 16.1 23.7 15.9 24.3 80.0 100 100 20 408 0 144 0 401 401 400 0 0 0 60 50 AUTO 0 
b.1 2025-06-16 11:04:00.821 a 2025-06-16-11:03:58 004 067 116 0.2 1.9 3.3 14.9 24.4 731.2 0.00 0 0.0 14.9 23.9 23.4 3.633  -48.9   18.3    2.8  24   -2.5  10 0 0 1 1 1 0 16.1 23.7 15.9 24.3 80.0 100 100 20 408 0 144 0 401 401 400 0 0 0 59 50 AUTO 0 
b.1 2025-06-16 11:05:01.043 a 2025-06-16-11:04:58 004 058 112 0.2 2.0 3.7 14.9 24.4 731.2 0.00 0 0.0 15.1 24.1 24.5 3.627  -49.6   18.3    2.9  24   -2.5  10 0 0 1 1 1 0 16.1 23.7 15.9 24.1 80.0 100 100 20 408 0 144 0 401 401 400 0 0 0 59 50 AUTO 0 
b.1 2025-06-16 11:06:00.819 a 2025-06-16-11:05:58 016 062 106 1.1 2.2 3.6 14.9 24.4 731.2 0.00 0 0.0 15.0 24.1 24.5 3.629  -49.8   18.3    3.0  24   -2.5  10 0 0 1 1 1 0 16.2 23.7 15.9 24.2 80.0 100 100 20 408 0 144 0 401 401 400 0 0 0 60 50 AUTO 0 
b.1 2025-06-16 11:07:01.082 a 2025-06-16-11:06:58 009 054 090 1.3 2.7 3.8 14.9 24.3 731.2 0.00 0 0.0 15.0 24.1 24.5 3.627  -49.8   18.3    3.4  24   -2.5  10 0 0 1 1 1 0 16.1 23.7 15.9 24.2 80.0 100 100 20 408 0 144 0 401 401 400 0 0 0 59 50 AUTO 0 
b.1 2025-06-16 11:08:01.703 a 2025-06-16-11:07:59 018 066 102 0.7 2.3 4.1 15.0 24.3 731.2 0.00 0 0.0 14.9 24.1 24.5 3.628  -50.0   18.3    3.2  24   -2.5  10 0 0 1 1 1 0 16.1 23.7 15.8 24.3 80.0 100 100 20 408 0 144 0 401 401 399 0 0 0 59 50 AUTO 0 
b.1 2025-06-16 11:09:00.061 a 2025-06-16-11:08:57 110 066 308 0.8 2.5 4.1 15.0 24.2 731.2 0.00 0 0.0 15.0 24.1 24.5 3.633  -50.1   18.3    3.3  24   -2.5  10 0 0 1 1 1 0 16.1 23.7 15.8 24.3 80.0 100 100 20 408 0 144 0 402 401 400 0 0 0 59 50 AUTO 0 
b.1 2025-06-16 11:10:01.881 a 2025-06-16-11:09:59 111 062 358 0.8 2.6 4.3 15.1 24.1 731.2 0.00 0 0.0 15.0 24.1 24.5 3.627  -49.4   18.3    3.5  24   -2.4  10 0 0 1 1 1 0 16.1 23.6 15.8 24.2 80.0 100 100 20 408 0 144 0 401 401 400 0 0 0 60 50 AUTO 0 
b.1 2025-06-16 11:11:01.464 a 2025-06-16-11:10:58 117 066 357 0.7 2.4 3.7 15.1 23.9 731.2 0.00 0 0.0 15.0 24.1 24.5 3.627  -49.4   18.4    3.4  24   -2.5  10 0 0 1 1 1 0 16.1 23.6 15.8 24.3 80.0 100 100 20 408 0 144 0 401 401 400 0 0 0 60 50 AUTO 0 
b.1 2025-06-16 11:12:00.904 a 2025-06-16-11:11:58 120 070 323 0.8 2.3 3.7 15.2 23.5 731.2 0.00 0 0.0 15.0 24.0 23.4 3.633  -50.6   18.4    3.3  24   -2.5  10 0 0 1 1 1 0 16.0 23.6 15.8 24.1 80.0 100 100 20 408 0 144 0 401 401 400 0 0 0 59 50 AUTO 0 
b.1 2025-06-16 11:13:00.082 a 2025-06-16-11:12:57 163 069 357 0.4 2.1 3.7 15.2 23.8 731.2 0.00 0 0.0 14.9 24.0 23.4 3.633  -50.1   18.4    3.0  24   -2.4  10 0 0 1 1 1 0 16.1 23.6 15.8 24.0 80.0 100 100 20 408 0 144 0 401 401 400 0 0 0 59 50 AUTO 0 
b.1 2025-06-16 11:14:01.523 a 2025-06-16-11:13:58 133 069 320 0.4 2.0 3.8 15.2 23.6 731.2 0.00 0 0.0 15.0 24.1 24.5 3.627  -49.6   18.4    2.8  24   -2.4  10 0 0 1 1 1 0 16.0 23.6 15.8 24.1 80.0 100 100 20 408 0 144 0 401 402 400 0 0 0 59 50 AUTO 0 
b.1 2025-06-16 11:15:01.819 a 2025-06-16-11:14:59 014 067 117 0.4 2.2 3.9 15.2 23.8 731.2 0.00 0 0.0 14.9 24.0 24.5 3.628  -49.9   18.4    2.9  24   -2.4  10 0 0 1 1 1 0 16.0 23.0 15.8 23.5 80.0 100 100 20 408 0 144 0 401 401 400 0 0 0 59 50 AUTO 0 
b.1 2025-06-16 11:16:01.128 a 2025-06-16-11:15:58 125 064 314 0.4 2.2 4.3 15.2 23.2 731.2 0.00 0 0.0 15.0 24.1 24.5 3.627  -50.0   18.4    3.0  24   -2.5  10 0 0 1 1 1 0 16.0 23.1 15.8 23.5 80.0 100 100 20 408 0 144 0 401 401 400 0 0 0 59 50 AUTO 0 
b.1 2025-06-16 11:17:00.927 a 2025-06-16-11:16:58 140 067 325 0.4 1.9 4.1 15.2 23.4 731.2 0.00 0 0.0 14.9 24.0 24.4 3.628  -49.7   18.4    2.8  24   -2.5  10 0 0 1 1 1 0 16.0 23.0 15.8 23.6 80.0 100 100 20 408 0 144 0 401 401 400 0 0 0 60 50 AUTO 0 
b.1 2025-06-16 11:18:00.703 a 2025-06-16-11:17:58 006 066 119 0.4 2.1 4.0 15.2 22.4 731.1 0.00 0 0.0 15.0 24.1 24.5 3.628  -50.4   18.4    2.8  24   -2.6  10 0 0 1 1 1 0 16.1 22.4 15.8 23.0 80.0 100 100 20 408 0 144 0 401 402 400 0 0 0 59 50 AUTO 0 
b.1 2025-06-16 11:19:01.601 a 2025-06-16-11:18:59 024 054 095 1.1 2.4 3.8 15.2 22.7 731.1 0.00 0 0.0 15.0 24.0 23.4 3.633  -49.2   18.5    3.2  24   -2.6   5 0 0 1 1 1 0 16.1 22.3 15.8 22.8 80.0 100 100 20 408 0 144 0 401 401 399 0 0 0 59 50 AUTO 0 
b.1 2025-06-16 11:20:01.625 a 2025-06-16-11:19:59 016 060 099 0.9 2.4 3.9 15.2 23.4 731.1 0.00 0 0.0 14.9 24.0 23.4 3.633  -50.3   18.5    3.2  24   -2.6   9 0 0 1 1 1 0 16.2 22.4 15.9 22.9 80.0 100 100 20 408 0 144 0 401 401 399 0 0 0 59 50 AUTO 0 
b.1 2025-06-16 11:21:00.802 a 2025-06-16-11:20:58 105 065 297 0.4 2.2 3.4 15.2 23.1 731.1 0.00 0 0.0 15.0 24.1 24.5 3.627  -49.9   18.5    3.2  24   -2.6  10 0 0 1 1 1 0 16.2 22.4 15.9 23.0 80.0 100 100 20 408 0 144 0 401 400 400 0 0 0 60 50 AUTO 0 
b.1 2025-06-16 11:22:01.203 a 2025-06-16-11:21:58 006 050 091 0.9 2.7 4.0 15.2 23.1 731.1 0.00 0 0.0 15.1 24.1 24.5 3.629  -50.3   18.5    3.5  24   -2.6  10 0 0 1 1 1 0 16.2 22.5 16.0 23.1 80.0 100 100 20 408 0 144 0 402 401 400 0 0 0 59 50 AUTO 0 
b.1 2025-06-16 11:23:01.924 a 2025-06-16-11:22:59 019 058 106 0.7 2.3 3.8 15.2 23.3 731.1 0.00 0 0.0 15.0 24.1 24.4 3.626  -50.1   18.5    3.4  24   -2.5  10 0 0 1 1 1 0 16.2 22.6 16.0 23.1 80.0 100 100 20 408 0 144 0 400 401 399 0 0 0 59 50 AUTO 0 
b.1 2025-06-16 11:24:01.542 a 2025-06-16-11:23:59 024 052 085 1.3 2.7 4.1 15.2 21.9 731.1 0.00 0 0.0 15.0 24.1 24.4 3.627  -50.3   18.5    3.7  24   -2.5  10 0 0 1 1 1 0 16.2 22.7 16.0 23.1 80.0 100 100 20 408 0 144 0 401 401 400 0 0 0 59 50 AUTO 0 
b.1 2025-06-16 11:25:02.203 a 2025-06-16-11:24:59 015 057 096 1.2 2.6 3.6 15.3 23.1 731.1 0.00 0 0.0 15.0 24.1 24.4 3.628  -50.1   18.5    3.8  24   -2.6  10 0 0 1 1 1 0 16.2 22.5 16.0 22.9 80.0 100 100 20 408 0 143 0 401 400 400 0 0 0 59 50 AUTO 0 
b.1 2025-06-16 11:26:02.286 a 2025-06-16-11:25:59 021 053 095 1.3 2.7 3.7 15.3 23.1 731.1 0.00 0 0.0 15.0 24.1 24.4 3.627  -50.6   18.5    3.9  24   -2.6  11 0 0 1 1 1 0 16.2 22.5 16.0 22.9 80.0 100 100 20 408 0 144 0 401 401 399 0 0 0 59 50 AUTO 0 
b.1 2025-06-16 11:27:01.424 a 2025-06-16-11:26:58 023 054 096 1.5 2.7 3.9 15.3 22.6 731.1 0.00 0 0.0 15.0 24.1 24.5 3.634  -50.2   18.5    3.9  23   -2.8  11 0 0 1 1 1 0 16.2 22.2 16.1 22.6 80.0 100 100 20 408 0 144 0 401 401 399 0 0 0 60 50 AUTO 0 
b.1 2025-06-16 11:28:02.105 a 2025-06-16-11:27:59 020 059 097 1.0 2.6 4.2 15.3 22.6 731.1 0.00 0 0.0 15.0 24.1 24.4 3.633  -50.5   18.5    4.0  23   -2.8  11 0 0 1 1 1 0 16.2 21.8 16.1 22.2 80.0 100 100 20 408 0 144 0 401 400 400 0 0 0 59 50 AUTO 0 
b.1 2025-06-16 11:29:01.249 a 2025-06-16-11:28:58 005 055 094 1.3 2.7 4.2 15.3 20.9 731.1 0.00 0 0.0 15.0 24.1 24.5 3.628  -50.9   18.5    4.0  23   -2.9  11 0 0 1 1 1 0 16.3 21.3 16.1 21.7 80.0 100 100 20 408 0 144 0 402 401 400 0 0 0 60 50 AUTO 0 
b.1 2025-06-16 11:30:02.384 a 2025-06-16-11:29:59 006 072 151 0.6 1.9 3.2 15.3 21.7 731.1 0.00 0 0.0 15.0 24.1 24.5 3.627  -50.5   18.5    3.2  23   -2.9  11 0 0 1 1 1 0 16.3 21.5 16.1 21.8 80.0 100 100 20 408 0 144 0 401 401 400 0 0 0 59 50 AUTO 0 
b.1 2025-06-16 11:31:00.848 a 2025-06-16-11:30:58 127 073 316 0.3 1.8 4.0 15.3 21.9 731.2 0.00 0 0.0 15.0 24.1 24.4 3.627  -50.2   18.5    2.9  23   -3.0  11 0 0 1 1 1 0 16.3 20.9 16.2 21.4 80.0 100 100 20 408 0 144 0 401 401 400 0 0 0 59 50 AUTO 0 
b.1 2025-06-16 11:32:01.161 a 2025-06-16-11:31:58 118 064 327 0.5 2.4 4.2 15.3 19.2 731.1 0.00 0 0.0 15.1 24.1 24.5 3.632  -50.3   18.5    3.0  22   -3.8  11 0 0 1 1 1 0 16.3 18.5 16.1 19.1 80.0 100 100 20 408 0 144 0 400 401 399 0 0 0 60 50 AUTO 0 
b.1 2025-06-16 11:33:01.325 a 2025-06-16-11:32:58 005 067 104 0.9 2.3 3.9 15.3 12.8 731.1 0.00 0 0.0 15.1 24.1 24.4 3.627  -50.1   18.6    3.1  20   -4.5  11 0 0 1 1 1 0 16.3 16.5 16.2 17.0 80.0 100 100 20 408 0 144 0 401 401 400 0 0 0 60 50 AUTO 0 
b.1 2025-06-16 11:34:00.825 a 2025-06-16-11:33:58 010 068 116 0.7 2.3 3.8 15.4 15.2 731.2 0.00 0 0.0 15.0 24.1 24.5 3.626  -51.0   18.6    3.1  20   -4.5  11 0 0 1 1 1 0 16.3 17.1 16.2 17.2 80.0 100 100 20 408 0 144 0 401 401 399 0 0 0 60 50 AUTO 0 
b.1 2025-06-16 11:35:01.789 a 2025-06-16-11:34:59 010 066 114 0.5 2.3 4.1 15.5 19.1 731.1 0.00 0 0.0 15.0 24.1 24.4 3.633  -50.0   18.6    3.1  21   -4.2  11 0 0 1 1 1 0 16.3 17.9 16.2 18.0 80.0 100 100 20 408 0 144 0 401 402 399 0 0 0 60 50 AUTO 0 
b.1 2025-06-16 11:36:00.747 a 2025-06-16-11:35:58 126 069 350 0.3 1.7 3.4 15.5 19.3 731.1 0.00 0 0.0 15.0 24.0 24.4 3.626  -50.0   18.6    2.8  21   -4.1   5 0 0 1 1 1 0 16.4 18.1 16.2 18.3 80.0 100 100 20 408 0 144 0 401 401 400 0 0 0 59 50 AUTO 0 
b.1 2025-06-16 11:37:01.186 a 2025-06-16-11:36:58 014 050 114 1.1 2.6 4.0 15.4 18.1 731.1 0.00 0 0.0 15.0 24.1 24.5 3.627  -50.2   18.6    3.1  21   -4.2  11 0 0 1 1 1 0 16.4 17.4 16.2 17.6 80.0 100 100 20 408 0 144 0 401 401 399 0 0 0 60 50 AUTO 0 
b.1 2025-06-16 11:38:00.065 a 2025-06-16-11:37:57 109 054 000 0.8 2.4 3.5 15.4 18.8 731.1 0.00 0 0.0 15.0 24.1 24.5 3.628  -50.6   18.6    3.3  21   -4.1  10 0 0 1 1 1 0 16.4 17.8 16.2 18.0 80.0 100 100 20 408 0 144 0 401 401 400 0 0 0 59 50 AUTO 0 
b.1 2025-06-16 11:39:01.308 a 2025-06-16-11:38:58 086 052 000 1.4 2.9 4.0 15.4 21.6 731.1 0.00 0 0.0 15.0 24.1 24.5 3.626  -50.3   18.6    3.7  22   -3.6  10 0 0 1 1 1 0 16.4 18.9 16.3 19.4 80.0 100 100 20 408 0 144 0 402 401 400 0 0 0 60 50 AUTO 0 
b.1 2025-06-16 11:40:02.632 a 2025-06-16-11:40:00 025 048 086 1.6 2.8 4.0 15.4 22.3 731.2 0.00 0 0.0 15.0 24.1 24.5 3.627  -50.4   18.7    4.0  22   -3.3  10 0 0 1 1 1 0 16.4 19.8 16.3 19.6 80.0 100 100 20 408 0 144 0 401 401 399 0 0 0 59 50 AUTO 0 
b.1 2025-06-16 11:41:01.670 a 2025-06-16-11:40:59 084 050 333 0.8 2.5 3.7 15.4 22.2 731.2 0.00 0 0.0 15.0 24.1 24.4 3.626  -50.2   18.6    3.9  22   -3.2  10 0 0 1 1 1 0 16.4 20.3 16.3 20.5 80.0 100 100 20 408 0 144 0 401 401 399 0 0 0 59 50 AUTO 0 
b.1 2025-06-16 11:42:01.608 a 2025-06-16-11:41:59 027 049 084 1.6 2.8 4.0 15.4 22.6 731.2 0.00 0 0.0 15.1 24.1 24.5 3.626  -50.8   18.6    4.2  23   -3.1  10 0 0 1 1 1 0 16.4 20.8 16.3 21.0 80.0 100 100 20 408 0 144 0 401 401 399 0 0 0 59 50 AUTO 0 
b.1 2025-06-16 11:43:01.266 a 2025-06-16-11:42:58 020 047 078 1.4 2.9 4.1 15.4 22.6 731.2 0.00 0 0.0 15.1 24.1 24.5 3.627  -50.7   18.6    4.5  23   -2.9  10 0 0 1 1 1 0 16.4 21.2 16.3 21.4 80.0 100 100 20 408 0 144 0 401 401 400 0 0 0 60 50 AUTO 0 
b.1 2025-06-16 11:44:01.427 a 2025-06-16-11:43:58 025 049 088 1.5 2.9 4.4 15.4 22.5 731.2 0.00 0 0.0 15.1 24.1 24.5 3.627  -50.5   18.6    4.5  23   -2.9  10 0 0 1 1 1 0 16.4 21.5 16.3 21.6 80.0 100 100 20 408 0 144 0 401 401 400 0 0 0 60 50 AUTO 0 
b.1 2025-06-16 11:45:01.305 a 2025-06-16-11:44:58 024 049 085 1.4 2.9 4.1 15.4 22.5 731.2 0.00 0 0.0 15.0 24.1 24.5 3.626  -51.0   18.6    4.6  23   -2.9  10 0 0 1 1 1 0 16.4 21.6 16.3 21.8 80.0 100 100 20 408 0 144 0 401 401 399 0 0 0 60 50 AUTO 0 
b.1 2025-06-16 11:46:01.108 a 2025-06-16-11:45:58 025 049 095 1.5 2.9 4.4 15.4 22.6 731.1 0.00 0 0.0 15.1 24.1 24.4 3.628  -51.2   18.6    4.7  23   -2.8  10 0 0 1 1 1 0 16.4 21.7 16.3 22.0 80.0 100 100 20 408 0 144 0 401 401 399 0 0 0 59 50 AUTO 0 
b.1 2025-06-16 11:47:02.269 a 2025-06-16-11:46:59 022 051 084 1.1 3.0 4.2 15.4 22.5 731.2 0.00 0 0.0 15.0 24.1 24.5 3.627  -50.7   18.6    4.7  23   -2.8  10 0 0 1 1 1 0 16.4 21.8 16.3 22.1 80.0 100 100 20 408 0 144 0 400 401 399 0 0 0 60 50 AUTO 0 
b.1 2025-06-16 11:48:01.825 a 2025-06-16-11:47:59 014 045 092 1.2 2.8 4.0 15.4 22.4 731.2 0.00 0 0.0 15.1 24.1 24.5 3.629  -50.3   18.6    4.6  23   -2.8  10 0 0 1 1 1 0 16.4 21.8 16.3 22.2 80.0 100 100 20 408 0 144 0 402 401 400 0 0 0 59 50 AUTO 0 
b.1 2025-06-16 11:49:00.273 a 2025-06-16-11:48:57 021 047 070 1.5 2.9 4.0 15.4 22.4 731.2 0.00 0 0.0 15.1 24.1 24.5 3.627  -50.2   18.6    4.6  23   -2.8  10 0 0 1 1 1 0 16.4 21.8 16.3 22.2 80.0 100 100 20 408 0 144 0 401 401 399 0 0 0 59 50 AUTO 0 
b.1 2025-06-16 11:50:02.230 a 2025-06-16-11:49:59 023 050 084 1.3 2.8 4.1 15.4 22.3 731.2 0.00 0 0.0 15.0 24.1 24.5 3.626  -50.5   18.6    4.5  23   -2.8  10 0 0 1 1 1 0 16.4 21.8 16.3 22.2 80.0 100 100 20 408 0 144 0 401 401 400 0 0 0 59 50 AUTO 0 
b.1 2025-06-16 11:51:01.247 a 2025-06-16-11:50:58 023 049 083 1.4 2.8 3.9 15.4 22.2 731.2 0.00 0 0.0 15.0 24.1 24.5 3.628  -51.3   18.6    4.5  23   -2.8  10 0 0 1 1 1 0 16.4 21.7 16.3 22.1 80.0 100 100 20 408 0 144 0 401 401 400 0 0 0 59 50 AUTO 0 
b.1 2025-06-16 11:52:01.229 a 2025-06-16-11:51:58 023 040 085 1.3 2.7 3.6 15.4 22.2 731.2 0.00 0 0.0 15.0 24.1 24.4 3.627  -50.9   18.6    4.4  23   -2.8  10 0 0 1 1 1 0 16.4 21.6 16.3 21.9 80.0 100 100 20 408 0 144 0 401 401 399 0 0 0 59 50 AUTO 0 
b.1 2025-06-16 11:53:01.486 a 2025-06-16-11:52:58 025 043 085 1.4 2.9 4.3 15.4 22.2 731.1 0.00 0 0.0 15.0 24.1 24.5 3.628  -50.8   18.6    4.4  23   -2.8  10 0 0 1 1 1 0 16.4 21.7 16.4 21.9 80.0 100 100 20 408 0 144 0 401 401 400 0 0 0 60 50 AUTO 0 
b.1 2025-06-16 11:54:01.292 a 2025-06-16-11:53:58 022 042 069 1.5 2.6 3.5 15.4 22.3 731.1 0.00 0 0.0 15.0 24.1 24.5 3.627  -51.1   18.6    4.3  23   -2.8  10 0 0 1 1 1 0 16.5 21.6 16.4 21.9 80.0 100 100 20 408 0 144 0 401 401 400 0 0 0 59 50 AUTO 0 
b.1 2025-06-16 11:55:02.250 a 2025-06-16-11:54:59 024 045 081 1.4 2.7 3.9 15.4 22.3 731.1 0.00 0 0.0 15.0 24.1 24.5 3.627  -50.5   18.6    4.3  23   -2.8  10 0 0 1 1 1 0 16.5 21.6 16.4 21.9 80.0 100 100 20 408 0 144 0 401 401 399 0 0 0 60 50 AUTO 0 
b.1 2025-06-16 11:56:00.986 a 2025-06-16-11:55:58 023 044 082 1.6 2.7 3.8 15.4 21.9 731.1 0.00 0 0.0 15.0 24.1 24.4 3.627  -49.9   18.6    4.3  23   -2.8   5 0 0 1 1 1 0 16.5 21.5 16.4 21.8 80.0 100 100 20 408 0 144 0 401 401 399 0 0 0 59 50 AUTO 0 
b.1 2025-06-16 11:57:00.887 a 2025-06-16-11:56:58 023 044 076 1.8 2.8 3.8 15.4 21.8 731.2 0.00 0 0.0 15.0 24.1 24.5 3.626  -50.4   18.6    4.4  23   -2.9   9 0 0 1 1 1 0 16.5 21.4 16.4 21.7 80.0 100 100 20 408 0 144 0 401 401 400 0 0 0 60 50 AUTO 0 
b.1 2025-06-16 11:58:01.188 a 2025-06-16-11:57:58 021 044 070 1.3 2.9 4.1 15.4 22.0 731.2 0.00 0 0.0 15.0 24.1 24.5 3.628  -50.9   18.6    4.5  23   -2.9  10 0 0 1 1 1 0 16.5 21.4 16.4 21.7 80.0 100 100 20 408 0 144 0 401 402 399 0 0 0 59 50 AUTO 0 
b.1 2025-06-16 11:59:01.549 a 2025-06-16-11:58:59 021 041 071 1.3 2.8 3.9 15.4 21.9 731.2 0.00 0 0.0 15.0 24.1 24.4 3.634  -50.8   18.6    4.4  23   -2.9  10 0 0 1 1 1 0 16.5 21.3 16.4 21.6 80.0 100 100 20 408 0 144 0 401 401 399 0 0 0 59 50 AUTO 0 
b.1 2025-06-16 12:00:01.213 a 2025-06-16-11:59:58 024 044 089 1.1 3.0 4.3 15.4 21.9 731.2 0.00 0 0.0 15.0 24.1 24.4 3.633  -50.2   18.6    4.5  23   -2.9  10 0 0 1 1 1 0 16.5 21.3 16.4 21.6 80.0 100 100 20 408 0 144 0 400 401 399 0 0 0 60 50 AUTO 0 
b.1 2025-06-16 12:01:00.411 a 2025-06-16-12:00:57 023 047 084 1.7 2.8 4.1 15.4 22.0 731.2 0.00 0 0.0 15.0 24.1 24.5 3.624  -50.7   18.6    4.6  23   -2.9  10 0 0 1 1 1 0 16.5 21.3 16.4 21.6 80.0 100 100 20 408 0 144 0 401 401 400 0 0 0 60 50 AUTO 0 
b.1 2025-06-16 12:02:01.128 a 2025-06-16-12:01:58 023 050 088 1.5 2.8 4.6 15.4 22.0 731.2 0.00 0 0.0 15.0 24.1 24.5 3.629  -50.5   18.6    4.5  23   -2.9  10 0 0 1 1 1 0 16.5 21.3 16.4 21.6 80.0 100 100 20 408 0 144 0 401 401 399 0 0 0 59 50 AUTO 0 
b.1 2025-06-16 12:03:01.209 a 2025-06-16-12:02:58 026 051 084 1.2 2.7 4.2 15.4 21.9 731.2 0.00 0 0.0 15.0 24.1 24.5 3.627  -50.2   18.6    4.5  23   -3.0  10 0 0 1 1 1 0 16.5 21.3 16.4 21.6 80.0 100 100 20 408 0 144 0 401 402 399 0 0 0 60 50 AUTO 0 
b.1 2025-06-16 12:04:01.246 a 2025-06-16-12:03:58 087 048 352 0.9 2.6 3.6 15.3 21.6 731.2 0.00 0 0.0 15.1 24.1 24.5 3.628  -50.7   18.6    4.2  23   -3.0  10 0 0 1 1 1 0 16.5 21.2 16.4 21.5 80.0 100 100 20 408 0 144 0 402 401 400 0 0 0 60 50 AUTO 0 
b.1 2025-06-16 12:05:00.391 a 2025-06-16-12:04:57 021 049 086 1.0 2.6 4.0 15.3 21.8 731.2 0.00 0 0.0 15.0 24.1 24.5 3.627  -50.7   18.5    4.2  23   -3.0  10 0 0 1 1 1 0 16.5 21.1 16.4 21.4 80.0 100 100 20 408 0 144 0 401 401 400 0 0 0 60 50 AUTO 0 
b.1 2025-06-16 12:06:00.588 a 2025-06-16-12:05:58 011 047 090 1.5 2.5 3.7 15.3 21.6 731.2 0.00 0 0.0 15.0 24.1 24.5 3.628  -50.5   18.5    4.1  23   -3.0  10 0 0 1 1 1 0 16.5 21.1 16.4 21.4 80.0 100 100 20 408 0 144 0 401 401 399 0 0 0 60 50 AUTO 0 
b.1 2025-06-16 12:07:00.851 a 2025-06-16-12:06:58 018 049 084 1.0 2.7 4.0 15.3 21.6 731.2 0.00 0 0.0 15.0 24.1 24.5 3.633  -50.7   18.5    4.2  23   -3.0  10 0 0 1 1 1 0 16.5 21.1 16.4 21.3 80.0 100 100 20 408 0 144 0 401 401 400 0 0 0 59 50 AUTO 0 
b.1 2025-06-16 12:08:01.648 a 2025-06-16-12:07:59 011 056 092 1.1 2.6 3.6 15.3 21.8 731.2 0.00 0 0.0 15.0 24.1 24.4 3.628  -50.3   18.5    4.1  23   -3.0  10 0 0 1 1 1 0 16.5 21.1 16.4 21.4 80.0 100 100 20 408 0 144 0 401 401 400 0 0 0 59 50 AUTO 0 
b.1 2025-06-16 12:09:00.990 a 2025-06-16-12:08:58 127 060 318 0.5 2.0 3.5 15.3 21.8 731.2 0.00 0 0.0 15.0 24.1 24.4 3.626  -49.9   18.5    3.4  23   -3.0  10 0 0 1 1 1 0 16.5 21.1 16.4 21.3 80.0 100 100 20 408 0 144 0 401 401 399 0 0 0 60 50 AUTO 0 
b.1 2025-06-16 12:10:02.259 a 2025-06-16-12:09:59 000 062 108 0.7 1.9 3.5 15.2 21.8 731.2 0.00 0 0.0 15.0 24.1 24.5 3.633  -49.8   18.5    3.2  23   -3.1   0 0 0 1 1 1 0 16.5 21.1 16.4 21.3 80.0 100 100 20 408 0 144 0 401 401 400 0 0 0 60 50 AUTO 0 
b.1 2025-06-16 12:11:01.427 a 2025-06-16-12:10:58 103 053 352 0.7 2.3 4.0 15.2 21.9 731.2 0.00 0 0.0 14.9 24.1 24.4 3.628  -49.5   18.5    3.3  23   -3.0   9 0 0 1 1 1 0 16.5 21.0 16.4 21.3 80.0 100 100 20 408 0 144 0 401 401 399 0 0 0 59 50 AUTO 0 
b.1 2025-06-16 12:12:00.849 a 2025-06-16-12:11:58 123 062 301 0.5 2.2 4.4 15.1 22.0 731.2 0.00 0 0.0 15.0 24.1 24.5 3.626  -50.5   18.5    3.3  23   -3.1  10 0 0 1 1 1 0 16.5 21.1 16.4 21.3 80.0 100 100 20 408 0 144 0 402 401 400 0 0 0 59 50 AUTO 0 
b.1 2025-06-16 12:13:01.071 a 2025-06-16-12:12:58 108 063 328 0.8 2.4 3.8 15.1 22.3 731.2 0.00 0 0.0 14.9 23.9 23.4 3.633  -50.1   18.5    3.3  23   -3.1  10 0 0 1 1 1 0 16.5 21.2 16.4 21.5 80.0 100 100 20 408 0 144 0 401 401 400 0 0 0 60 50 AUTO 0 
b.1 2025-06-16 12:14:00.493 a 2025-06-16-12:13:57 018 060 090 0.5 2.4 3.6 15.1 22.4 731.2 0.00 0 0.0 15.0 24.1 24.5 3.628  -50.1   18.4    3.5  23   -3.0  10 0 0 1 1 1 0 16.5 21.3 16.4 21.6 80.0 100 100 20 408 0 144 0 401 401 400 0 0 0 60 50 AUTO 0 
b.1 2025-06-16 12:15:00.933 a 2025-06-16-12:14:58 012 059 109 0.8 2.5 4.3 15.0 22.5 731.2 0.00 0 0.0 15.0 24.0 24.5 3.627  -49.9   18.4    3.5  23   -3.0  10 0 0 1 1 1 0 16.5 21.4 16.4 21.6 80.0 100 100 20 408 0 144 0 401 401 400 0 0 0 60 50 AUTO 0 
b.1 2025-06-16 12:16:00.631 a 2025-06-16-12:15:58 007 057 101 1.0 2.5 3.5 15.0 22.5 731.2 0.00 0 0.0 15.0 24.1 24.4 3.627  -49.9   18.4    3.7  23   -3.0  10 0 0 1 1 1 0 16.5 21.4 16.3 21.7 80.0 100 100 20 408 0 144 0 401 401 400 0 0 0 60 50 AUTO 0 
b.1 2025-06-16 12:17:00.532 a 2025-06-16-12:16:57 103 059 310 0.6 2.1 3.3 15.0 22.5 731.2 0.00 0 0.0 15.0 24.1 24.4 3.634  -49.8   18.4    3.4  23   -3.0  10 0 0 1 1 1 0 16.5 21.5 16.4 21.8 80.0 100 100 20 408 0 144 0 401 402 399 0 0 0 59 50 AUTO 0 
b.1 2025-06-16 12:18:02.190 a 2025-06-16-12:17:59 001 050 090 0.9 2.4 3.5 15.0 22.6 731.2 0.00 0 0.0 15.0 24.1 24.5 3.626  -50.6   18.4    3.7  23   -3.0  10 0 0 1 1 1 0 16.5 21.5 16.3 21.8 80.0 100 100 20 408 0 144 0 401 402 399 0 0 0 60 50 AUTO 0 
b.1 2025-06-16 12:19:00.592 a 2025-06-16-12:18:57 098 050 348 0.8 2.3 3.8 15.0 22.7 731.2 0.00 0 0.0 14.9 24.1 24.5 3.628  -50.7   18.4    3.7  23   -3.0  10 0 0 1 1 1 0 16.5 21.6 16.4 21.8 80.0 100 100 20 408 0 144 0 401 401 399 0 0 0 59 50 AUTO 0 
b.1 2025-06-16 12:20:01.130 a 2025-06-16-12:19:58 009 058 119 1.0 2.4 3.9 15.0 22.7 731.2 0.00 0 0.0 15.0 24.1 24.4 3.633  -50.3   18.4    3.7  23   -3.0  10 0 0 1 1 1 0 16.5 21.6 16.4 21.8 80.0 100 100 20 408 0 144 0 401 401 399 0 0 0 60 50 AUTO 0 
b.1 2025-06-16 12:21:00.753 a 2025-06-16-12:20:58 093 054 354 1.3 2.7 3.9 15.0 22.8 731.2 0.00 0 0.0 15.0 24.1 24.4 3.627  -50.0   18.4    3.9  23   -2.9  10 0 0 1 1 1 0 16.5 21.6 16.4 21.9 80.0 100 100 20 408 0 144 0 401 401 400 0 0 0 60 50 AUTO 0 
b.1 2025-06-16 12:22:01.157 a 2025-06-16-12:21:58 020 062 110 0.9 2.5 4.1 15.0 22.7 731.2 0.00 0 0.0 15.0 24.1 24.5 3.628  -49.4   18.3    3.8  23   -2.9  10 0 0 1 1 1 0 16.5 21.7 16.4 21.9 80.0 100 100 20 408 0 144 0 401 401 399 0 0 0 60 50 AUTO 0 
b.1 2025-06-16 12:23:00.812 a 2025-06-16-12:22:58 019 058 096 1.0 2.5 3.8 15.0 22.7 731.2 0.00 0 0.0 15.0 24.1 24.5 3.627  -50.0   18.3    3.8  23   -2.9  10 0 0 1 1 1 0 16.5 21.6 16.4 21.9 80.0 100 100 20 408 0 144 0 401 401 400 0 0 0 60 50 AUTO 0 
b.1 2025-06-16 12:24:01.411 a 2025-06-16-12:23:58 000 045 095 0.9 2.1 3.4 15.0 22.7 731.2 0.00 0 0.0 15.0 24.1 24.5 3.628  -49.5   18.3    3.5  23   -2.9  10 0 0 1 1 1 0 16.5 21.7 16.4 21.9 80.0 100 100 20 408 0 144 0 402 401 400 0 0 0 60 50 AUTO 0 
b.1 2025-06-16 12:25:01.536 a 2025-06-16-12:24:58 019 054 104 0.9 2.2 3.6 15.0 22.8 731.3 0.00 0 0.0 15.0 24.1 24.5 3.626  -50.2   18.3    3.5  23   -2.9  10 0 0 1 1 1 0 16.5 21.7 16.4 22.0 80.0 100 100 20 408 0 144 0 401 401 399 0 0 0 60 50 AUTO 0 
b.1 2025-06-16 12:26:00.834 a 2025-06-16-12:25:58 018 054 087 0.6 2.4 3.5 15.0 22.6 731.2 0.00 0 0.0 15.0 24.1 24.5 3.629  -50.5   18.3    3.6  23   -2.9  10 0 0 1 1 1 0 16.5 21.6 16.4 21.9 80.0 100 100 20 408 0 144 0 400 402 399 0 0 0 60 50 AUTO 0 
b.1 2025-06-16 12:27:01.233 a 2025-06-16-12:26:58 024 052 085 1.0 2.6 4.0 15.0 22.6 731.2 0.00 0 0.0 15.0 24.1 24.5 3.627  -50.2   18.3    3.8  23   -2.9  10 0 0 1 1 1 0 16.5 21.6 16.4 21.8 80.0 100 100 20 408 0 144 0 401 401 399 0 0 0 60 50 AUTO 0 
b.1 2025-06-16 12:28:01.312 a 2025-06-16-12:27:58 025 058 099 0.9 2.5 4.1 15.0 22.6 731.2 0.00 0 0.0 15.0 24.1 24.4 3.627  -50.3   18.3    3.6  23   -2.9  10 0 0 1 1 1 0 16.5 21.6 16.4 21.8 80.0 100 100 20 408 0 144 0 400 402 399 0 0 0 60 50 AUTO 0 
b.1 2025-06-16 12:29:00.312 a 2025-06-16-12:28:57 110 058 357 1.2 2.5 3.9 15.0 22.6 731.2 0.00 0 0.0 15.0 24.1 24.5 3.628  -50.6   18.3    3.6  23   -2.9  10 0 0 1 1 1 0 16.5 21.6 16.4 21.8 80.0 100 100 20 408 0 144 0 401 401 400 0 0 0 60 50 AUTO 0 
b.1 2025-06-16 12:30:01.414 a 2025-06-16-12:29:58 002 053 092 0.9 2.6 4.1 15.0 22.5 731.3 0.00 0 0.0 15.0 24.1 24.5 3.628  -50.4   18.3    3.8  23   -2.9  10 0 0 1 1 1 0 16.5 21.5 16.3 21.8 80.0 100 100 20 408 0 144 0 401 401 400 0 0 0 60 50 AUTO 0 
b.1 2025-06-16 12:31:00.141 a 2025-06-16-12:30:57 003 054 103 0.7 2.4 3.9 15.0 22.5 731.3 0.00 0 0.0 15.0 24.1 24.4 3.633  -50.3   18.3    3.8  23   -2.9  10 0 0 1 1 1 0 16.4 21.5 16.4 21.7 80.0 100 100 20 408 0 144 0 401 401 400 0 0 0 59 50 AUTO 0 
b.1 2025-06-16 12:32:01.592 a 2025-06-16-12:31:58 021 049 099 1.4 2.4 3.5 15.0 22.3 731.2 0.00 0 0.0 15.0 24.1 24.4 3.633  -49.6   18.3    3.6  23   -3.0   5 0 0 1 1 1 0 16.4 21.4 16.4 21.6 80.0 100 100 20 408 0 144 0 401 401 400 0 0 0 59 50 AUTO 0 
b.1 2025-06-16 12:33:00.733 a 2025-06-16-12:32:58 008 051 094 0.5 2.6 3.9 15.0 22.4 731.3 0.00 0 0.0 15.0 24.1 24.5 3.631  -49.1   18.3    3.8  23   -3.0  11 0 0 1 1 1 0 16.4 21.3 16.3 21.6 80.0 100 100 20 408 0 144 0 401 401 399 0 0 0 59 50 AUTO 0 
b.1 2025-06-16 12:34:00.720 a 2025-06-16-12:33:58 103 055 352 0.5 2.3 3.9 15.0 22.2 731.2 0.00 0 0.0 15.0 24.1 24.5 3.628  -49.3   18.3    3.5  23   -3.0  10 0 0 1 1 1 0 16.4 21.3 16.4 21.5 80.0 100 100 20 408 0 144 0 401 401 400 0 0 0 60 50 AUTO 0 
b.1 2025-06-16 12:35:01.252 a 2025-06-16-12:34:58 010 054 094 0.7 2.7 4.1 14.9 22.2 731.3 0.00 0 0.0 15.0 24.1 24.5 3.627  -49.7   18.3    3.8  23   -3.0  10 0 0 1 1 1 0 16.4 21.2 16.3 21.4 80.0 100 100 20 408 0 144 0 402 401 400 0 0 0 59 50 AUTO 0 
b.1 2025-06-16 12:36:00.855 a 2025-06-16-12:35:58 021 054 096 0.9 2.7 4.8 14.9 22.2 731.2 0.00 0 0.0 15.0 23.9 23.4 3.633  -49.8   18.3    4.1  23   -3.0  10 0 0 1 1 1 0 16.4 21.1 16.4 21.3 80.0 100 100 20 408 0 144 0 401 401 400 0 0 0 60 50 AUTO 0 
b.1 2025-06-16 12:37:01.076 a 2025-06-16-12:36:58 004 056 097 1.2 2.5 4.1 15.0 22.0 731.2 0.00 0 0.0 15.0 24.1 24.5 3.626  -50.3   18.4    3.9  23   -3.0  10 0 0 1 1 1 0 16.4 21.0 16.3 21.3 80.0 100 100 20 408 0 144 0 401 401 399 0 0 0 60 50 AUTO 0 
b.1 2025-06-16 12:38:00.555 a 2025-06-16-12:37:57 019 057 109 0.9 2.6 3.7 15.0 22.0 731.2 0.00 0 0.0 15.0 24.1 24.5 3.627  -50.3   18.4    4.0  23   -3.0  10 0 0 1 1 1 0 16.4 21.0 16.3 21.2 80.0 100 100 20 408 0 144 0 400 401 399 0 0 0 60 50 AUTO 0 
b.1 2025-06-16 12:39:00.773 a 2025-06-16-12:38:58 012 058 100 0.8 2.5 4.2 15.0 22.0 731.2 0.00 0 0.0 15.0 24.1 24.5 3.626  -50.6   18.4    3.8  23   -3.0  10 0 0 1 1 1 0 16.4 20.9 16.4 21.2 80.0 100 100 20 408 0 144 0 401 401 400 0 0 0 60 50 AUTO 0 
b.1 2025-06-16 12:40:01.917 a 2025-06-16-12:39:59 022 050 087 1.6 2.9 4.2 15.0 21.8 731.2 0.00 0 0.0 15.0 24.1 24.4 3.627  -50.5   18.4    4.2  23   -3.0  10 0 0 1 1 1 0 16.4 20.9 16.3 21.1 80.0 100 100 20 408 0 144 0 401 402 399 0 0 0 60 50 AUTO 0 
b.1 2025-06-16 12:41:01.996 a 2025-06-16-12:40:59 022 052 084 0.8 2.8 4.2 15.0 21.9 731.2 0.00 0 0.0 15.0 24.1 24.5 3.627  -50.3   18.5    4.3  23   -3.0  10 0 0 1 1 1 0 16.5 20.9 16.4 21.1 80.0 100 100 20 408 0 144 0 401 401 399 0 0 0 59 50 AUTO 0 
b.1 2025-06-16 12:42:01.194 a 2025-06-16-12:41:58 015 052 090 1.5 2.9 4.2 15.1 21.8 731.2 0.00 0 0.0 15.0 24.1 24.5 3.629  -49.8   18.5    4.4  23   -3.0  10 0 0 1 1 1 0 16.5 20.9 16.4 21.1 80.0 100 100 20 408 0 144 0 401 401 400 0 0 0 59 50 AUTO 0 
b.1 2025-06-16 12:43:00.812 a 2025-06-16-12:42:58 097 056 354 0.5 2.6 3.8 15.1 21.9 731.2 0.00 0 0.0 15.0 24.1 24.5 3.631  -50.2   18.5    4.2  23   -3.0  10 0 0 1 1 1 0 16.4 20.8 16.4 21.0 80.0 100 100 20 408 0 144 0 401 401 400 0 0 0 60 50 AUTO 0 
b.1 2025-06-16 12:44:01.115 a 2025-06-16-12:43:58 008 054 102 0.7 2.5 3.9 15.1 21.9 731.3 0.00 0 0.0 15.0 24.1 24.4 3.627  -50.0   18.6    4.0  23   -3.0  10 0 0 1 1 1 0 16.5 20.8 16.4 21.0 80.0 100 100 20 408 0 144 0 401 401 400 0 0 0 60 50 AUTO 0 
b.1 2025-06-16 12:45:00.778 a 2025-06-16-12:44:58 013 053 102 0.5 2.6 3.9 15.1 21.9 731.3 0.00 0 0.0 15.0 24.1 24.5 3.628  -50.4   18.6    4.0  23   -3.0  10 0 0 1 1 2 0 16.5 20.8 16.4 21.1 80.0 100 100 20 408 0 144 0 401 401 399 0 0 0 59 50 AUTO_PARK 0 
b.1 2025-06-16 12:46:00.638 a 2025-06-16-12:45:58 018 052 093 1.0 2.6 4.2 15.1 21.9 731.3 0.00 0 0.0 15.0 24.1 24.5 3.628  -50.3   18.6    4.0  23   -2.9  10 0 0 1 1 2 0 16.5 20.8 16.4 21.1 80.0 100 100 20 408 0 144 0 401 401 400 0 0 0 59 50 AUTO_PARK 0 
b.1 2025-06-16 12:47:01.464 a 2025-06-16-12:46:58 120 054 329 0.4 2.0 3.4 15.1 22.0 731.3 0.00 0 0.0 15.0 24.1 24.5 3.627  -48.9   18.7    3.2  23   -2.9  10 0 0 1 1 2 0 16.5 20.8 16.4 21.0 80.0 100 100 20 408 0 144 0 401 401 400 0 0 0 60 50 AUTO_PARK 0 
b.1 2025-06-16 12:48:00.516 a 2025-06-16-12:47:57 005 060 124 0.7 2.2 3.6 15.1 22.0 731.3 0.00 0 0.0 15.0 24.1 24.5 3.628  -49.7   18.7    3.1  23   -2.8  10 0 0 1 1 2 0 16.5 20.8 16.4 21.1 80.0 100 100 20 408 0 144 0 401 401 400 0 0 0 60 50 AUTO_PARK 0 
b.1 2025-06-16 12:49:01.321 a 2025-06-16-12:48:58 002 064 126 0.1 1.7 3.4 15.2 22.0 731.3 0.00 0 0.0 15.0 24.1 24.5 3.627  -49.4   18.8    2.8  23   -2.8  10 0 0 1 1 2 0 16.5 20.8 16.4 21.1 80.0 100 100 20 408 0 144 0 401 401 400 0 0 0 60 50 AUTO_PARK 0 
b.1 2025-06-16 12:50:02.313 a 2025-06-16-12:49:59 120 065 295 0.2 1.4 3.3 15.2 22.0 731.3 0.00 0 0.0 14.9 24.1 24.5 3.628  -49.5   18.8    2.5  23   -2.8  10 0 0 1 1 2 0 16.6 20.8 16.5 21.0 80.0 100 100 20 408 0 144 0 401 401 400 0 0 0 60 50 AUTO_PARK 0 
b.1 2025-06-16 12:51:02.259 a 2025-06-16-12:50:59 133 074 315 0.1 1.4 3.1 15.2 21.9 731.3 0.00 0 0.0 15.0 24.1 24.5 3.627  -49.4   18.9    2.4  23   -2.7   5 0 0 1 1 2 0 16.5 20.8 16.5 21.0 80.0 100 100 20 408 0 144 0 401 401 399 0 0 0 59 50 AUTO_PARK 0 
b.1 2025-06-16 12:52:01.536 a 2025-06-16-12:51:58 117 067 297 0.4 1.9 3.4 15.3 21.9 731.4 0.00 0 0.0 15.0 24.1 24.4 3.627  -49.4   19.0    2.4  23   -2.7  11 0 0 1 1 2 0 16.6 20.8 16.5 21.0 80.0 100 100 20 408 0 144 0 401 401 400 0 0 0 60 50 AUTO_PARK 0 
b.1 2025-06-16 12:53:01.101 a 2025-06-16-12:52:58 177 063 262 0.2 1.7 3.2 15.3 21.9 731.4 0.00 0 0.0 15.1 24.1 24.5 3.633  -49.4   19.0    2.4  23   -2.7   9 0 0 1 1 2 0 16.6 20.7 16.5 21.0 80.0 100 100 20 408 0 144 0 401 401 400 0 0 0 60 50 AUTO_PARK 0 
b.1 2025-06-16 12:54:00.940 a 2025-06-16-12:53:58 144 066 334 0.3 1.6 3.3 15.4 21.9 731.4 0.00 0 0.0 15.1 24.1 24.5 3.627  -48.4   19.1    2.4  23   -2.6   9 0 0 1 1 2 0 16.6 20.7 16.5 20.9 80.0 100 100 20 408 0 144 0 401 401 400 0 0 0 59 50 AUTO_PARK 0 
b.1 2025-06-16 12:55:00.835 a 2025-06-16-12:54:58 173 066 310 0.2 1.3 3.6 15.4 22.1 731.4 0.00 0 0.0 15.0 24.1 24.5 3.627  -49.2   19.2    2.2  23   -2.6   9 0 0 1 1 2 0 16.6 20.7 16.6 20.9 80.0 100 100 20 408 0 144 0 400 401 399 0 0 0 59 50 AUTO_PARK 0 
b.1 2025-06-16 12:56:02.219 a 2025-06-16-12:55:59 002 062 136 0.3 1.7 3.5 15.4 21.7 731.4 0.00 0 0.0 15.0 24.1 24.4 3.634  -49.8   19.2    2.3  23   -2.5   9 0 0 1 1 2 0 16.6 20.6 16.6 20.9 80.0 100 100 20 408 0 144 0 401 402 399 0 0 0 59 50 AUTO_PARK 0 
b.1 2025-06-16 12:57:01.318 a 2025-06-16-12:56:58 113 059 325 0.4 1.8 3.5 15.5 21.9 731.4 0.00 0 0.0 15.1 24.1 24.5 3.628  -49.9   19.3    2.4  23   -2.5   9 0 0 1 1 2 0 16.7 20.6 16.6 20.9 80.0 100 100 20 408 0 144 0 400 401 400 0 0 0 60 50 AUTO_PARK 0 
b.1 2025-06-16 12:58:00.296 a 2025-06-16-12:57:57 003 058 108 0.6 2.0 3.5 15.5 21.7 731.4 0.00 0 0.0 15.2 24.1 24.5 3.628  -50.1   19.3    2.5  23   -2.5   9 0 0 1 1 2 0 16.7 20.5 16.6 20.8 80.0 100 100 20 408 0 144 0 401 401 399 0 0 0 59 50 AUTO_PARK 0 
b.1 2025-06-16 12:59:01.589 a 2025-06-16-12:58:58 020 057 106 0.9 2.5 3.9 15.6 21.5 731.4 0.00 0 0.0 15.2 24.1 24.5 3.627  -50.8   19.4    2.7  23   -2.5   9 0 0 1 1 2 0 16.8 20.5 16.7 20.7 80.0 100 100 20 408 0 144 0 401 401 399 0 0 0 60 50 AUTO_PARK 0 
b.1 2025-06-16 13:00:01.798 a 2025-06-16-12:59:59 005 055 098 0.8 2.4 4.2 15.6 21.2 731.4 0.00 0 0.0 15.3 24.1 24.4 3.628  -50.2   19.4    3.0  22   -2.5  10 0 0 1 1 2 0 16.8 20.5 16.7 20.7 80.0 100 100 20 408 0 144 0 401 401 400 0 0 0 60 50 AUTO_PARK 0 
b.1 2025-06-16 13:01:01.457 a 2025-06-16-13:00:58 004 057 100 1.1 2.6 3.8 15.7 21.3 731.4 0.00 0 0.0 15.4 24.1 24.4 3.627  -49.8   19.5    3.3  22   -2.5  10 0 0 1 1 2 0 16.8 20.4 16.7 20.7 80.0 100 100 20 408 0 144 0 401 402 399 0 0 0 60 50 AUTO_PARK 0 
b.1 2025-06-16 13:02:01.920 a 2025-06-16-13:01:59 005 058 108 0.9 2.3 3.5 15.7 21.6 731.4 0.00 0 0.0 15.5 24.1 24.5 3.627  -50.1   19.5    3.2  22   -2.5  10 0 0 1 1 2 0 16.8 20.5 16.7 20.8 80.0 100 100 20 408 0 144 0 401 401 400 0 0 0 60 50 AUTO_PARK 0 
b.1 2025-06-16 13:03:01.016 a 2025-06-16-13:02:58 105 054 322 0.3 2.1 3.9 15.8 21.6 731.4 0.00 0 0.0 15.6 24.1 24.4 3.634  -49.7   19.6    3.0  22   -2.5  10 0 0 1 1 2 0 16.9 20.5 16.8 20.8 80.0 100 100 20 408 0 144 0 401 402 399 0 0 0 59 50 AUTO_PARK 0 
b.1 2025-06-16 13:04:00.816 a 2025-06-16-13:03:58 117 057 343 0.3 2.3 3.9 15.8 21.6 731.4 0.00 0 0.0 15.6 24.1 24.5 3.627  -50.9   19.6    3.1  22   -2.4  10 0 0 1 1 2 0 16.9 20.5 16.8 20.7 80.0 100 100 20 408 0 144 0 402 401 400 0 0 0 59 50 AUTO_PARK 0 
b.1 2025-06-16 13:05:00.338 a 2025-06-16-13:04:57 012 058 106 0.8 2.5 4.5 15.8 21.3 731.4 0.00 0 0.0 15.7 24.1 24.5 3.627  -50.7   19.7    3.3  22   -2.4  10 0 0 1 1 2 0 16.9 20.4 16.8 20.7 80.0 100 100 20 408 0 144 0 401 401 399 0 0 0 59 50 AUTO_PARK 0 
b.1 2025-06-16 13:06:02.138 a 2025-06-16-13:05:59 106 052 000 0.6 2.4 4.2 15.9 20.9 731.4 0.00 0 0.0 15.8 24.1 24.5 3.628  -50.5   19.7    3.5  22   -2.5  10 0 0 1 1 2 0 16.9 20.4 16.8 20.7 80.0 100 100 20 408 0 144 0 401 401 399 0 0 0 59 50 AUTO_PARK 0 
b.1 2025-06-16 13:07:00.976 a 2025-06-16-13:06:58 106 053 356 0.4 2.3 4.0 15.9 21.3 731.4 0.00 0 0.0 15.8 24.1 24.5 3.628  -50.0   19.8    3.3  22   -2.5  10 0 0 1 1 2 0 17.0 20.4 16.9 20.7 80.0 100 100 20 408 0 144 0 401 401 399 0 0 0 59 50 AUTO_PARK 0 
b.1 2025-06-16 13:08:01.460 a 2025-06-16-13:07:58 128 073 352 0.1 1.7 4.2 15.9 21.4 731.4 0.00 0 0.0 15.8 24.1 24.4 3.627  -49.9   19.8    2.8  22   -2.4  10 0 0 1 1 2 0 17.0 20.4 16.9 20.6 80.0 100 100 20 408 0 144 0 401 401 400 0 0 0 59 50 AUTO_PARK 0 
b.1 2025-06-16 13:09:01.578 a 2025-06-16-13:08:58 004 045 102 1.2 2.9 4.3 16.0 20.7 731.5 0.00 0 0.0 15.9 24.1 24.5 3.627  -51.2   19.9    3.3  22   -2.4  10 0 0 1 1 2 0 17.0 20.3 16.9 20.6 80.0 100 100 20 408 0 144 0 401 401 400 0 0 0 59 50 AUTO_PARK 0 
b.1 2025-06-16 13:10:02.546 a 2025-06-16-13:09:59 089 048 352 0.9 2.6 3.9 16.0 20.6 731.5 0.00 0 0.0 15.9 24.1 24.5 3.627  -50.4   19.9    3.5  22   -2.5  10 0 0 1 1 2 0 17.0 20.2 16.9 20.5 80.0 100 100 20 408 0 144 0 401 401 399 0 0 0 60 50 AUTO_PARK 0 
b.1 2025-06-16 13:11:01.141 a 2025-06-16-13:10:58 113 054 348 0.8 2.5 4.5 16.0 20.9 731.4 0.00 0 0.0 16.0 24.1 24.5 3.626  -50.7   20.0    3.3  22   -2.4  10 0 0 1 1 2 0 17.1 20.2 17.0 20.6 80.0 100 100 20 408 0 144 0 401 401 400 0 0 0 60 50 AUTO_PARK 0 
b.1 2025-06-16 13:12:01.578 a 2025-06-16-13:11:58 114 053 358 1.0 2.9 4.7 16.1 21.5 731.5 0.00 0 0.0 16.1 24.1 24.5 3.627  -51.0   20.0    3.8  22   -2.4  10 0 0 1 1 2 0 17.1 20.3 17.0 20.5 80.0 100 100 20 408 0 144 0 401 401 399 0 0 0 59 50 AUTO_PARK 0 
b.1 2025-06-16 13:13:00.203 a 2025-06-16-13:12:57 122 059 357 0.7 2.3 3.9 16.2 21.3 731.5 0.00 0 0.0 16.2 24.1 24.5 3.629  -50.2   20.1    3.4  22   -2.3  10 0 0 1 1 2 0 17.1 20.3 17.0 20.5 80.0 100 100 20 408 0 144 0 401 401 400 0 0 0 60 50 AUTO_PARK 0 
b.1 2025-06-16 13:14:00.920 a 2025-06-16-13:13:58 247 069 339 0.2 1.8 3.4 16.2 21.1 731.5 0.00 0 0.0 16.3 24.1 24.4 3.627  -49.7   20.1    2.8  22   -2.2  10 0 0 1 1 2 0 17.1 20.2 17.0 20.5 80.0 100 100 20 408 0 144 0 401 401 400 0 0 0 60 50 AUTO_PARK 0 
b.1 2025-06-16 13:15:01.723 a 2025-06-16-13:14:59 010 060 103 0.2 2.0 3.7 16.3 21.1 731.5 0.00 0 0.0 16.3 24.1 24.5 3.633  -50.3   20.2    2.8  22   -2.2  10 0 0 1 1 2 0 17.2 20.2 17.1 20.5 80.0 100 100 20 408 0 144 0 401 401 399 0 0 0 59 50 AUTO_PARK 0 
b.1 2025-06-16 13:16:01.622 a 2025-06-16-13:15:58 013 048 117 0.6 2.7 4.3 16.4 20.5 731.5 0.00 0 0.0 16.4 24.1 24.4 3.627  -49.8   20.3    3.2  22   -2.2  10 0 0 1 1 2 0 17.2 20.1 17.1 20.5 80.0 100 100 20 408 0 144 0 401 401 400 0 0 0 59 50 AUTO_PARK 0 
b.1 2025-06-16 13:17:00.921 a 2025-06-16-13:16:58 122 058 345 0.6 2.3 3.7 16.4 20.5 731.5 0.00 0 0.0 16.4 24.1 24.4 3.628  -50.8   20.3    3.1  22   -2.2  10 0 0 1 1 2 0 17.3 20.0 17.1 20.3 80.0 100 100 20 408 0 144 0 401 401 400 0 0 0 60 50 AUTO_PARK 0 
b.1 2025-06-16 13:18:00.983 a 2025-06-16-13:17:58 014 055 107 0.5 2.4 3.6 16.4 20.5 731.5 0.00 0 0.0 16.5 24.1 24.5 3.626  -49.2   20.4    3.1  22   -2.2  10 0 0 1 1 2 0 17.3 20.0 17.2 20.3 80.0 100 100 20 408 0 144 0 401 401 400 0 0 0 60 50 AUTO_PARK 0 
b.1 2025-06-16 13:19:00.882 a 2025-06-16-13:18:58 107 047 358 1.0 2.4 4.2 16.4 20.6 731.5 0.00 0 0.0 16.5 24.1 24.5 3.627  -50.1   20.4    3.5  22   -2.2  10 0 0 1 1 2 0 17.3 19.9 17.2 20.3 80.0 100 100 20 408 0 144 0 401 401 399 0 0 0 59 50 AUTO_PARK 0 
b.1 2025-06-16 13:20:02.585 a 2025-06-16-13:19:59 111 046 336 0.4 2.2 4.3 16.5 20.5 731.5 0.00 0 0.0 16.6 24.1 24.5 3.628  -50.1   20.5    3.2  22   -2.2  10 0 0 1 1 2 0 17.4 19.9 17.2 20.2 80.0 100 100 20 408 0 144 0 401 401 399 0 0 0 60 50 AUTO_PARK 0 
b.1 2025-06-16 13:21:00.904 a 2025-06-16-13:20:58 131 060 323 0.3 2.4 4.1 16.5 20.4 731.5 0.00 0 0.0 16.6 24.1 24.4 3.626  -50.3   20.5    3.2  22   -2.2  10 0 0 1 1 2 0 17.4 19.8 17.2 20.1 80.0 100 100 20 408 0 144 0 401 401 400 0 0 0 60 50 AUTO_PARK 0 
b.1 2025-06-16 13:22:01.960 a 2025-06-16-13:21:59 013 051 100 0.8 2.7 4.3 16.5 20.4 731.5 0.00 0 0.0 16.7 24.1 24.5 3.631  -50.9   20.5    3.5  22   -2.1  10 0 0 1 1 2 0 17.4 19.6 17.3 20.0 80.0 100 100 20 408 0 144 0 400 401 399 0 0 0 60 50 AUTO_PARK 0 
b.1 2025-06-16 13:23:01.002 a 2025-06-16-13:22:58 013 045 096 0.7 2.8 4.3 16.6 19.4 731.5 0.00 0 0.0 16.7 24.1 24.4 3.626  -50.7   20.6    3.7  21   -2.3  10 0 0 1 1 2 0 17.5 18.9 17.3 19.7 80.0 100 100 20 408 0 144 0 402 401 400 0 0 0 59 50 AUTO_PARK 0 
b.1 2025-06-16 13:24:00.940 a 2025-06-16-13:23:58 125 054 324 0.3 2.4 4.6 16.6 20.3 731.6 0.00 0 0.0 16.8 24.1 24.4 3.627  -49.6   20.6    3.3  21   -2.3  10 0 0 1 1 2 0 17.5 19.1 17.3 19.5 80.0 100 100 20 408 0 144 0 401 401 400 0 0 0 60 50 AUTO_PARK 0 
b.1 2025-06-16 13:25:02.280 a 2025-06-16-13:24:59 143 071 314 0.2 1.3 3.2 16.6 20.7 731.6 0.00 0 0.0 16.7 24.1 24.5 3.627  -50.3   20.7    2.5  21   -2.1  10 0 0 1 1 2 0 17.5 19.4 17.3 19.7 80.0 100 100 20 408 0 144 0 401 401 399 0 0 0 60 50 AUTO_PARK 0 
b.1 2025-06-16 13:26:00.821 a 2025-06-16-13:25:58 001 062 120 0.3 1.9 3.5 16.7 20.5 731.6 0.00 0 0.0 16.8 24.1 24.5 3.626  -49.7   20.7    2.6  21   -2.1  10 0 0 1 1 2 0 17.6 19.5 17.4 19.8 80.0 100 100 20 408 0 144 0 401 401 399 0 0 0 59 50 AUTO_PARK 0 
b.1 2025-06-16 13:27:01.144 a 2025-06-16-13:26:58 111 063 331 0.4 2.0 4.3 16.8 20.3 731.6 0.00 0 0.0 16.9 24.1 24.5 3.627  -52.1   20.8    2.7  22   -2.0  10 0 0 1 1 2 0 17.6 19.6 17.4 19.9 80.0 100 100 20 408 0 144 0 401 401 399 0 0 0 60 50 AUTO_PARK 0 
b.1 2025-06-16 13:28:01.345 a 2025-06-16-13:27:58 123 054 244 0.2 1.7 3.8 16.9 20.4 731.6 0.00 0 0.0 17.0 24.1 24.5 3.627  -51.0   20.8    2.5  21   -2.0  10 0 0 1 1 2 0 17.6 19.8 17.4 20.2 80.0 100 100 20 408 0 144 0 401 401 399 0 0 0 60 50 AUTO_PARK 0 
b.1 2025-06-16 13:29:01.744 a 2025-06-16-13:28:59 132 055 273 0.4 1.9 3.9 16.9 20.5 731.6 0.00 0 0.0 17.0 24.1 24.5 3.626  -50.1   20.9    2.6  21   -2.0  10 0 0 1 1 2 0 17.6 19.9 17.5 20.2 80.0 100 100 20 408 0 144 0 401 401 400 0 0 0 59 50 AUTO_PARK 0 
b.1 2025-06-16 13:30:01.369 a 2025-06-16-13:29:58 005 051 095 1.0 2.5 4.3 16.9 17.8 731.6 0.00 0 0.0 17.0 24.1 24.5 3.628  -50.7   20.9    2.9  21   -2.0  10 0 0 1 1 2 0 17.6 19.5 17.5 20.0 80.0 100 100 20 408 0 144 0 401 401 400 0 0 0 60 50 AUTO_PARK 0 
b.1 2025-06-16 13:31:00.746 a 2025-06-16-13:30:58 171 058 353 0.2 2.0 4.2 16.9 19.9 731.6 0.00 0 0.0 17.1 24.1 24.5 3.632  -49.4   21.0    2.6  21   -2.1  10 0 0 1 1 2 0 17.7 19.5 17.5 19.8 80.0 100 100 20 408 0 144 0 401 401 400 0 0 0 59 50 AUTO_PARK 0 
b.1 2025-06-16 13:32:01.948 a 2025-06-16-13:31:59 108 062 296 0.1 1.9 4.0 16.9 20.1 731.6 0.00 0 0.0 17.2 24.1 24.5 3.624  -51.9   21.0    2.6  21   -2.1   5 0 0 1 1 2 0 17.7 19.4 17.6 19.8 80.0 100 100 20 408 0 144 0 401 401 400 0 0 0 59 50 AUTO_PARK 0 
b.1 2025-06-16 13:33:01.641 a 2025-06-16-13:32:58 102 054 351 1.1 3.1 4.9 17.0 18.3 731.6 0.00 0 0.0 17.2 24.1 24.5 3.628  -51.7   21.1    3.2  21   -2.0  13 0 0 1 1 2 0 17.7 19.3 17.6 19.7 80.0 100 100 20 408 0 144 0 401 401 399 0 0 0 60 50 AUTO_PARK 0 
b.1 2025-06-16 13:34:00.104 a 2025-06-16-13:33:57 106 051 301 0.3 2.1 4.7 17.0 19.8 731.6 0.00 0 0.0 17.2 24.1 24.5 3.633  -51.3   21.1    2.9  21   -2.1  11 0 0 1 1 2 0 17.8 19.4 17.6 19.7 80.0 100 100 20 408 0 144 0 401 401 400 0 0 0 59 50 AUTO_PARK 0 
b.1 2025-06-16 13:35:02.043 a 2025-06-16-13:34:59 117 053 357 0.4 2.5 3.7 16.9 20.1 731.6 0.00 0 0.0 17.3 24.1 24.4 3.633  -51.6   21.1    3.0  21   -2.1  11 0 0 1 1 2 0 17.8 19.4 17.7 19.7 80.0 100 100 20 408 0 144 0 402 401 400 0 0 0 59 50 AUTO_PARK 0 
b.1 2025-06-16 13:36:00.729 a 2025-06-16-13:35:58 007 051 102 0.5 2.3 4.1 16.9 20.1 731.6 0.00 0 0.0 17.3 24.1 24.5 3.627  -50.3   21.2    3.2  21   -2.1  11 0 0 1 1 2 0 17.8 19.3 17.7 19.6 80.0 100 100 20 408 0 144 0 401 401 399 0 0 0 59 50 AUTO_PARK 0 
b.1 2025-06-16 13:37:00.711 a 2025-06-16-13:36:58 084 046 104 0.4 2.2 4.1 17.0 20.2 731.6 0.00 0 0.0 17.4 24.1 24.4 3.627  -51.5   21.2    3.1  21   -2.0  11 0 0 1 1 2 0 17.8 19.5 17.7 19.8 80.0 100 100 20 408 0 144 0 401 401 399 0 0 0 60 50 AUTO_PARK 0 
b.1 2025-06-16 13:38:00.684 a 2025-06-16-13:37:58 116 052 314 0.4 2.5 4.8 17.0 19.7 731.6 0.00 0 0.0 17.4 24.1 24.4 3.627  -50.1   21.2    3.2  21   -2.1  11 0 0 1 1 2 0 17.9 19.6 17.7 19.8 80.0 100 100 20 408 0 144 0 401 401 399 0 0 0 59 50 AUTO_PARK 0 
b.1 2025-06-16 13:39:01.865 a 2025-06-16-13:38:59 146 042 348 0.4 2.7 4.6 17.0 20.0 731.6 0.00 0 0.0 17.4 24.1 24.5 3.627  -50.8   21.3    3.5  21   -2.1  11 0 0 1 1 2 0 17.9 19.2 17.8 19.6 80.0 100 100 20 408 0 144 0 401 401 400 0 0 0 59 50 AUTO_PARK 0 
b.1 2025-06-16 13:40:01.565 a 2025-06-16-13:39:58 129 047 263 0.2 2.0 4.2 17.0 19.9 731.6 0.00 0 0.0 17.4 24.1 24.5 3.627  -49.4   21.3    3.0  21   -2.0  11 0 0 1 1 2 0 17.9 19.5 17.8 19.8 80.0 100 100 20 408 0 144 0 400 401 399 0 0 0 59 50 AUTO_PARK 0 
b.1 2025-06-16 13:41:00.904 a 2025-06-16-13:40:58 183 048 263 0.2 2.2 4.2 17.0 20.1 731.6 0.00 0 0.0 17.5 24.1 24.4 3.628  -50.8   21.3    3.1  21   -2.0  11 0 0 1 1 2 0 17.9 19.5 17.8 19.7 80.0 100 100 20 408 0 144 0 401 401 400 0 0 0 60 50 AUTO_PARK 0 
b.1 2025-06-16 13:42:02.142 a 2025-06-16-13:41:59 137 052 215 0.1 1.6 4.2 17.0 20.3 731.6 0.00 0 0.0 17.6 24.1 24.5 3.626  -51.0   21.4    2.6  21   -1.9  11 0 0 1 1 2 0 18.0 19.4 17.8 19.7 80.0 100 100 20 408 0 144 0 401 401 399 0 0 0 60 50 AUTO_PARK 0 
b.1 2025-06-16 13:43:01.523 a 2025-06-16-13:42:58 107 053 330 0.5 2.7 4.5 17.1 18.8 731.6 0.00 0 0.0 17.6 24.1 24.5 3.627  -49.9   21.4    3.0  20   -2.2  11 0 0 1 1 2 0 18.0 19.1 17.9 19.4 80.0 100 100 20 408 0 144 0 401 401 399 0 0 0 59 50 AUTO_PARK 0 
b.1 2025-06-16 13:44:01.148 a 2025-06-16-13:43:58 107 042 309 0.5 2.2 4.0 17.1 18.8 731.6 0.00 0 0.0 17.7 24.1 24.5 3.632  -50.8   21.4    2.9  20   -2.1  11 0 0 1 1 2 0 18.0 19.0 17.9 19.3 80.0 100 100 20 408 0 144 0 401 401 399 0 0 0 60 50 AUTO_PARK 0 
b.1 2025-06-16 13:45:02.348 a 2025-06-16-13:44:59 007 046 102 0.6 2.3 4.3 17.1 19.8 731.6 0.00 0 0.0 17.7 24.1 24.5 3.627  -51.1   21.5    3.1  21   -2.0  11 0 0 1 1 2 0 18.0 18.8 17.9 19.3 80.0 100 100 20 408 0 144 0 401 401 399 0 0 0 59 50 AUTO_PARK 0 
b.1 2025-06-16 13:46:01.545 a 2025-06-16-13:45:58 081 042 324 1.1 2.7 4.1 17.2 17.1 731.6 0.00 0 0.0 17.8 24.1 24.4 3.627  -51.0   21.5    3.3  20   -2.2  11 0 0 1 1 2 0 18.0 18.7 17.9 18.9 80.0 100 100 20 408 0 144 0 401 401 400 0 0 0 60 50 AUTO_PARK 0 
b.1 2025-06-16 13:47:01.244 a 2025-06-16-13:46:58 110 049 357 0.6 2.1 3.3 17.2 19.4 731.6 0.00 0 0.0 17.8 24.1 24.5 3.634  -50.6   21.5    3.0  20   -2.1  11 0 0 1 1 2 0 18.1 18.9 18.0 19.1 80.0 100 100 20 408 0 144 0 401 401 400 0 0 0 59 50 AUTO_PARK 0 
b.1 2025-06-16 13:48:01.426 a 2025-06-16-13:47:58 148 056 224 0.1 1.5 4.1 17.3 19.3 731.7 0.00 0 0.0 17.8 24.1 24.4 3.627  -49.0   21.6    2.5  20   -2.0  11 0 0 1 1 2 0 18.1 18.9 18.0 19.4 80.0 100 100 20 408 0 144 0 401 401 400 0 0 0 59 50 AUTO_PARK 0 
b.1 2025-06-16 13:49:01.608 a 2025-06-16-13:48:58 011 065 131 0.4 2.4 4.2 17.3 19.5 731.7 0.00 0 0.0 17.9 24.1 24.5 3.627  -53.5   21.6    2.7  20   -2.0  11 0 0 1 1 2 0 18.1 19.0 18.0 19.3 80.0 100 100 20 408 0 144 0 401 401 400 0 0 0 60 50 AUTO_PARK 0 
b.1 2025-06-16 13:50:02.105 a 2025-06-16-13:49:59 123 051 232 0.2 1.9 3.7 17.3 19.9 731.7 0.00 0 0.0 18.0 24.1 24.5 3.635  -50.4   21.6    2.6  21   -1.9  11 0 0 1 1 2 0 18.1 19.1 18.0 19.4 80.0 100 100 20 408 0 143 0 401 402 399 0 0 0 59 50 AUTO_PARK 0 
b.1 2025-06-16 13:51:01.265 a 2025-06-16-13:50:58 135 040 280 0.2 3.0 4.4 17.4 18.6 731.7 0.00 0 0.0 18.0 24.1 24.4 3.627  -51.6   21.7    3.1  20   -2.0  11 0 0 1 1 2 0 18.2 18.6 18.1 19.0 80.0 100 100 20 408 0 143 0 401 402 399 0 0 0 59 50 AUTO_PARK 0 
b.1 2025-06-16 13:52:02.003 a 2025-06-16-13:51:59 010 058 125 0.5 2.1 4.6 17.4 18.0 731.7 0.00 0 0.0 18.1 24.1 24.4 3.627  -50.5   21.7    2.9  20   -2.2  11 0 0 1 1 2 0 18.2 18.5 18.1 18.7 80.0 100 100 20 408 0 143 0 401 401 400 0 0 0 59 50 AUTO_PARK 0 
b.1 2025-06-16 13:53:01.328 a 2025-06-16-13:52:58 202 053 292 0.2 1.2 3.0 17.4 19.1 731.8 0.00 0 0.0 18.1 24.1 24.5 3.626  -49.8   21.7    2.4  20   -2.0   5 0 0 1 1 2 0 18.2 18.5 18.1 18.8 80.0 100 100 20 408 0 143 0 400 401 399 0 0 0 59 50 AUTO_PARK 0 
b.1 2025-06-16 13:54:00.368 a 2025-06-16-13:53:57 202 045 252 0.4 2.5 4.2 17.4 18.8 731.8 0.00 0 0.0 18.1 24.1 24.4 3.626  -51.7   21.8    2.7  20   -2.1  13 0 0 1 1 2 0 18.2 18.6 18.1 18.7 80.0 100 100 20 408 0 143 0 401 401 400 0 0 0 60 50 AUTO_PARK 0 
b.1 2025-06-16 13:55:00.865 a 2025-06-16-13:54:58 165 066 312 0.1 1.8 4.0 17.4 19.3 731.7 0.00 0 0.0 18.2 24.1 24.5 3.626  -49.6   21.8    2.6  20   -2.0  10 0 0 1 1 2 0 18.2 18.6 18.1 18.8 80.0 100 100 20 408 0 143 0 401 401 399 0 0 0 60 50 AUTO_PARK 0 
b.1 2025-06-16 13:56:00.206 a 2025-06-16-13:55:57 181 082 228 0.1 1.3 3.7 17.5 20.0 731.8 0.00 0 0.0 18.3 24.1 24.5 3.627  -49.8   21.8    2.3  20   -1.9  10 0 0 1 1 2 0 18.2 18.8 18.2 19.3 80.0 100 100 20 408 0 143 0 401 401 400 0 0 0 59 50 AUTO_PARK 0 
b.1 2025-06-16 13:57:00.328 a 2025-06-16-13:56:57 162 065 302 0.1 1.7 3.7 17.5 19.5 731.8 0.00 0 0.0 18.4 24.1 24.4 3.627  -51.0   21.9    2.3  20   -1.8  10 0 0 1 1 2 0 18.3 19.0 18.2 19.2 80.0 100 100 20 408 0 143 0 401 401 400 0 0 0 60 50 AUTO_PARK 0 
b.1 2025-06-16 13:58:00.868 a 2025-06-16-13:57:58 133 048 316 0.4 2.2 3.9 17.6 20.1 731.8 0.00 0 0.0 18.4 24.1 24.4 3.627  -51.1   21.9    2.5  20   -1.7  10 0 0 1 1 2 0 18.3 19.2 18.2 19.4 80.0 100 100 20 408 0 143 0 401 401 399 0 0 0 60 50 AUTO_PARK 0 
b.1 2025-06-16 13:59:01.588 a 2025-06-16-13:58:58 009 053 124 0.4 2.3 4.0 17.6 19.7 731.8 0.00 0 0.0 18.5 24.1 24.5 3.627  -50.4   22.0    2.7  20   -1.7  10 0 0 1 1 2 0 18.3 19.2 18.2 19.4 80.0 100 100 20 408 0 143 0 401 401 400 0 0 0 60 50 AUTO_PARK 0 
b.1 2025-06-16 14:00:00.513 a 2025-06-16-13:59:57 118 061 251 0.2 1.6 3.7 17.6 19.9 731.8 0.00 0 0.0 18.6 24.1 24.4 3.627  -51.6   22.0    2.5  21   -1.6   5 0 0 1 1 2 0 18.3 19.4 18.3 19.5 80.0 100 100 20 408 0 143 0 401 401 400 0 0 0 60 50 AUTO_PARK 0 
b.1 2025-06-16 14:01:00.729 a 2025-06-16-14:00:58 016 057 109 0.4 2.1 4.1 17.7 19.8 731.8 0.00 0 0.0 18.6 24.1 24.5 3.629  -48.8   22.0    2.6  21   -1.6   9 0 0 1 1 2 0 18.3 19.4 18.3 19.6 80.0 100 100 20 408 0 143 0 401 401 399 0 0 0 59 50 AUTO_PARK 0 
b.1 2025-06-16 14:02:00.049 a 2025-06-16-14:01:57 154 048 270 0.1 0.8 1.8 17.7 19.8 731.8 0.00 0 0.0 18.7 24.1 24.5 3.627  -48.0   22.1    2.2  21   -1.6   9 0 0 1 1 2 0 18.4 19.6 18.3 19.7 80.0 100 100 20 408 0 143 0 401 401 399 0 0 0 59 50 AUTO_PARK 0 
b.1 2025-06-16 14:03:01.328 a 2025-06-16-14:02:58 187 038 300 0.1 1.0 2.1 17.7 19.6 731.8 0.00 0 0.0 18.8 24.1 24.5 3.631  -48.9   22.1    0.0  21   -1.5   9 0 0 1 1 2 0 18.4 19.6 18.3 19.7 80.0 100 100 20 408 0 143 0 402 401 400 0 0 0 59 50 AUTO_PARK 0 
b.1 2025-06-16 14:03:59.828 a 2025-06-16-14:03:57 109 022 167 0.1 1.2 3.2 17.7 19.5 731.8 0.00 0 0.0 18.8 24.1 24.4 3.627  -49.4   22.2    2.2  20   -1.5   9 0 0 1 1 2 0 18.4 19.5 18.4 19.7 80.0 100 100 20 408 0 143 0 401 402 399 0 0 0 60 50 AUTO_PARK 0 
b.1 2025-06-16 14:05:01.250 a 2025-06-16-14:04:58 122 043 312 0.3 1.8 3.3 17.7 19.5 731.8 0.00 0 0.0 18.9 24.1 24.5 3.626  -48.2   22.2    2.3  20   -1.5   9 0 0 1 1 2 0 18.5 19.5 18.4 19.7 80.0 100 100 20 408 0 143 0 401 401 399 0 0 0 60 50 AUTO_PARK 0 
b.1 2025-06-16 14:06:00.730 a 2025-06-16-14:05:58 116 036 196 0.1 0.9 3.1 17.7 19.5 731.8 0.00 0 0.0 18.9 24.1 24.4 3.633  -49.7   22.3    2.1  20   -1.5   9 0 0 1 1 2 0 18.5 19.5 18.4 19.6 80.0 100 100 20 408 0 143 0 400 401 399 0 0 0 60 50 AUTO_PARK 0 
b.1 2025-06-16 14:07:01.447 a 2025-06-16-14:06:58 029 057 141 0.1 1.2 3.2 17.7 19.5 731.8 0.00 0 0.0 19.0 24.1 24.4 3.634  -50.1   22.3    2.2  20   -1.5   9 0 0 1 1 2 0 18.5 19.4 18.4 19.6 80.0 100 100 20 408 0 143 0 401 401 400 0 0 0 60 50 AUTO_PARK 0 
b.1 2025-06-16 14:08:00.749 a 2025-06-16-14:07:58 157 069 270 0.1 1.9 4.8 17.7 19.6 731.8 0.00 0 0.0 19.0 24.1 24.5 3.627  -49.0   22.3    2.3  20   -1.6   9 0 0 1 1 2 0 18.5 19.0 18.5 19.3 80.0 100 100 20 408 0 143 0 401 401 400 0 0 0 60 50 AUTO_PARK 0 
b.1 2025-06-16 14:09:01.051 a 2025-06-16-14:08:58 019 059 030 0.1 1.2 3.2 17.7 19.2 731.8 0.00 0 0.0 19.1 24.1 24.5 3.633  -49.1   22.3    2.2  20   -1.5   9 0 0 1 1 2 0 18.5 19.1 18.4 19.4 80.0 100 100 20 408 0 143 0 401 401 400 0 0 0 59 50 AUTO_PARK 0 
b.1 2025-06-16 14:10:01.278 a 2025-06-16-14:09:58 131 078 293 0.1 1.0 3.6 17.7 19.2 731.9 0.00 0 0.0 19.2 24.1 24.5 3.626  -49.6   22.3    2.1  20   -1.5   9 0 0 1 1 2 0 18.5 18.7 18.5 19.0 80.0 100 100 20 408 0 143 0 401 401 400 0 0 0 59 50 AUTO_PARK 0 
b.1 2025-06-16 14:11:00.890 a 2025-06-16-14:10:58 171 052 179 0.1 1.4 4.3 17.8 17.9 731.9 0.00 0 0.0 19.2 24.1 24.5 3.626  -50.4   22.3    2.1  20   -1.7   9 0 0 1 1 2 0 18.6 18.6 18.5 18.8 80.0 100 100 20 408 0 143 0 401 402 399 0 0 0 60 50 AUTO_PARK 0 
b.1 2025-06-16 14:12:01.709 a 2025-06-16-14:11:58 080 040 343 0.7 3.1 4.9 17.8 18.1 731.9 0.00 0 0.0 19.2 24.1 24.5 3.626  -50.1   22.4    2.6  20   -1.7   9 0 0 1 1 2 0 18.6 18.5 18.5 18.8 80.0 100 100 20 408 0 143 0 401 401 400 0 0 0 60 50 AUTO_PARK 0 
b.1 2025-06-16 14:13:01.148 a 2025-06-16-14:12:58 128 053 337 0.9 2.5 4.6 17.7 18.4 731.9 0.00 0 0.0 19.2 24.1 24.5 3.626  -49.6   22.4    2.6  20   -1.7   9 0 0 1 1 2 0 18.6 18.4 18.5 18.6 80.0 100 100 20 408 0 143 0 401 401 399 0 0 0 60 50 AUTO_PARK 0 
b.1 2025-06-16 14:14:00.608 a 2025-06-16-14:13:57 178 024 253 0.3 2.3 5.2 17.8 18.5 731.8 0.00 0 0.0 19.2 24.1 24.5 3.627  -50.6   22.4    2.7  20   -1.7   9 0 0 1 1 2 0 18.6 18.5 18.5 18.7 80.0 100 100 20 408 0 143 0 400 402 399 0 0 0 60 50 AUTO_PARK 0 
b.1 2025-06-16 14:15:02.497 a 2025-06-16-14:14:59 110 051 236 0.2 1.9 4.6 17.7 19.4 731.8 0.00 0 0.0 19.2 24.1 24.5 3.627  -49.9   22.4    2.6  20   -1.7   9 0 0 1 1 2 0 18.7 18.2 18.5 18.6 80.0 100 100 20 408 0 143 0 401 401 400 0 0 0 59 50 AUTO_PARK 0 
b.1 2025-06-16 14:16:01.130 a 2025-06-16-14:15:58 121 036 236 0.4 2.6 4.8 17.7 19.0 731.8 0.00 0 0.0 19.0 24.1 24.5 3.626  -50.0   22.4    2.9  20   -1.8   9 0 0 1 1 2 0 18.7 18.3 18.5 18.6 80.0 100 100 20 408 0 143 0 401 401 399 0 0 0 59 50 AUTO_PARK 0 
b.1 2025-06-16 14:17:00.476 a 2025-06-16-14:16:57 133 054 234 0.3 1.3 3.6 17.6 19.4 731.8 0.00 0 0.0 19.1 24.1 24.5 3.626  -48.2   22.4    2.4  20   -1.8   9 0 0 1 1 2 0 18.6 18.5 18.5 18.6 80.0 100 100 20 408 0 143 0 400 401 399 0 0 0 59 50 AUTO_PARK 0 
b.1 2025-06-16 14:18:01.088 a 2025-06-16-14:17:58 113 050 272 0.5 2.2 4.8 17.6 19.8 731.9 0.00 0 0.0 19.3 24.1 24.5 3.626  -49.9   22.4    2.5  20   -1.7   9 0 0 1 1 2 0 18.6 18.5 18.6 18.7 80.0 100 100 20 408 0 143 0 401 401 400 0 0 0 59 50 AUTO_PARK 0 
b.1 2025-06-16 14:19:01.253 a 2025-06-16-14:18:58 131 056 343 0.7 2.4 4.8 17.7 18.9 731.9 0.00 0 0.0 19.4 24.1 24.4 3.628  -48.8   22.4    2.6  20   -1.7   9 0 0 1 1 2 0 18.7 18.4 18.6 18.6 80.0 100 100 20 408 0 143 0 401 401 400 0 0 0 60 50 AUTO_PARK 0 
b.1 2025-06-16 14:20:01.832 a 2025-06-16-14:19:59 097 029 244 0.4 2.8 5.8 17.8 19.2 731.9 0.00 0 0.0 19.3 24.1 24.5 3.626  -51.2   22.4    3.0  20   -1.8   9 0 0 1 1 2 0 18.7 18.3 18.6 18.6 80.0 100 100 20 408 0 143 0 401 401 400 0 0 0 60 50 AUTO_PARK 0 
b.1 2025-06-16 14:21:00.851 a 2025-06-16-14:20:58 113 037 294 0.5 2.3 5.7 17.8 18.5 731.9 0.00 0 0.0 19.2 24.1 24.4 3.628  -50.2   22.4    2.9  20   -1.9   9 0 0 1 1 2 0 18.7 18.2 18.6 18.3 80.0 100 100 20 408 0 143 0 401 401 400 0 0 0 60 50 AUTO_PARK 0 
b.1 2025-06-16 14:22:00.273 a 2025-06-16-14:21:57 113 041 215 0.1 1.6 3.4 17.7 18.7 731.9 0.00 0 0.0 19.4 24.1 24.5 3.633  -49.0   22.4    2.5  20   -1.8   9 0 0 1 1 2 0 18.7 18.2 18.6 18.4 80.0 100 100 20 408 0 143 0 400 401 399 0 0 0 60 50 AUTO_PARK 0 
b.1 2025-06-16 14:23:01.094 a 2025-06-16-14:22:58 119 050 302 0.3 2.2 4.2 17.8 18.8 731.9 0.00 0 0.0 19.5 24.1 24.5 3.624  -48.9   22.4    2.6  20   -1.8   9 0 0 1 1 2 0 18.7 18.1 18.6 18.3 80.0 100 100 20 408 0 143 0 401 401 399 0 0 0 59 50 AUTO_PARK 0 
b.1 2025-06-16 14:24:01.592 a 2025-06-16-14:23:58 109 046 269 0.5 2.5 4.3 17.9 18.6 731.9 0.00 0 0.0 19.6 24.1 24.5 3.626  -49.9   22.4    2.7  20   -1.9   9 0 0 1 1 2 0 18.7 18.0 18.7 18.2 80.0 100 100 20 408 0 143 0 401 401 399 0 0 0 60 50 AUTO_PARK 0 
b.1 2025-06-16 14:25:01.196 a 2025-06-16-14:24:58 141 050 318 0.4 2.2 4.4 17.9 18.3 731.9 0.00 0 0.0 19.7 24.1 24.5 3.633  -49.5   22.5    2.8  19   -1.9   9 0 0 1 1 2 0 18.7 17.9 18.7 18.0 80.0 100 100 20 408 0 143 0 401 401 399 0 0 0 60 50 AUTO_PARK 0 
b.1 2025-06-16 14:26:00.776 a 2025-06-16-14:25:57 113 040 333 0.5 2.6 5.3 18.0 18.1 731.9 0.00 0 0.0 19.7 24.1 24.5 3.627  -49.9   22.5    3.0  19   -1.9   9 0 0 1 1 2 0 18.7 17.9 18.7 18.0 80.0 100 100 20 408 0 143 0 401 401 400 0 0 0 60 50 AUTO_PARK 0 
b.1 2025-06-16 14:27:01.311 a 2025-06-16-14:26:58 124 038 290 0.3 2.6 5.5 17.9 18.3 731.9 0.00 0 0.0 19.6 24.1 24.5 3.627  -49.0   22.5    3.0  19   -2.0   9 0 0 1 1 2 0 18.7 17.8 18.7 17.8 80.0 100 100 20 408 0 143 0 402 401 400 0 0 0 59 50 AUTO_PARK 0 
b.1 2025-06-16 14:28:01.157 a 2025-06-16-14:27:58 120 043 295 0.1 2.3 4.5 17.9 18.0 731.9 0.00 0 0.0 19.6 24.1 24.5 3.627  -49.9   22.5    2.9  19   -2.0   9 0 0 1 1 2 0 18.7 17.6 18.8 17.8 80.0 100 100 20 408 0 143 0 401 401 400 0 0 0 59 50 AUTO_PARK 0 
b.1 2025-06-16 14:29:00.191 a 2025-06-16-14:28:57 096 028 277 0.3 2.5 4.7 17.9 17.7 731.9 0.00 0 0.0 19.5 24.1 24.5 3.624  -50.2   22.5    3.0  19   -2.1   9 0 0 1 1 2 0 18.7 17.5 18.7 17.6 80.0 100 100 20 408 0 143 0 401 402 400 0 0 0 60 50 AUTO_PARK 0 
b.1 2025-06-16 14:30:01.854 a 2025-06-16-14:29:59 120 046 328 0.3 2.6 4.7 17.8 18.3 731.9 0.00 0 0.0 19.5 24.1 24.4 3.627  -50.0   22.5    3.0  19   -2.1   9 0 0 1 1 2 0 18.7 17.5 18.8 17.6 80.0 100 100 20 408 0 143 0 401 401 400 0 0 0 59 50 AUTO_PARK 0 
b.1 2025-06-16 14:31:00.292 a 2025-06-16-14:30:57 174 036 287 0.3 2.1 3.8 17.8 18.1 732.0 0.00 0 0.0 19.6 24.1 24.5 3.626  -49.0   22.5    2.8  19   -2.1   9 0 0 1 1 2 0 18.8 17.6 18.7 17.6 80.0 100 100 20 408 0 143 0 401 401 400 0 0 0 60 50 AUTO_PARK 0 
b.1 2025-06-16 14:32:01.151 a 2025-06-16-14:31:58 230 276 295 0.1 1.1 4.0 17.8 18.1 732.0 0.00 0 0.0 19.8 24.1 24.5 3.627  -48.2   22.5    2.3  19   -2.0   5 0 0 1 1 2 0 18.8 17.6 18.8 17.6 80.0 100 100 20 408 0 143 0 401 401 400 0 0 0 59 50 AUTO_PARK 0 
b.1 2025-06-16 14:33:01.174 a 2025-06-16-14:32:58 180 048 217 0.2 1.1 3.3 18.0 18.4 732.0 0.00 0 0.0 20.0 24.1 24.5 3.629  -47.2   22.6    2.2  19   -2.0   9 0 0 1 1 2 0 18.8 17.6 18.8 17.7 80.0 100 100 20 408 0 143 0 401 401 400 0 0 0 60 50 AUTO_PARK 0 
b.1 2025-06-16 14:34:01.292 a 2025-06-16-14:33:58 104 025 313 0.6 3.1 5.5 18.0 17.6 732.0 0.00 0 0.0 20.0 24.1 24.5 3.627  -49.5   22.6    2.6  19   -2.1  10 0 0 1 1 2 0 18.8 17.4 18.8 17.6 80.0 100 100 20 408 0 143 0 401 401 399 0 0 0 59 50 AUTO_PARK 0 
b.1 2025-06-16 14:35:01.233 a 2025-06-16-14:34:58 176 056 269 0.2 2.0 5.2 17.9 18.2 732.0 0.00 0 0.0 19.9 24.1 24.5 3.626  -48.1   22.6    2.5  19   -2.1  10 0 0 1 1 2 0 18.8 17.4 18.8 17.6 80.0 100 100 20 408 0 143 0 402 401 400 0 0 0 60 50 AUTO_PARK 0 
b.1 2025-06-16 14:36:01.953 a 2025-06-16-14:35:59 155 083 310 0.1 1.8 4.0 17.9 18.2 732.0 0.00 0 0.0 20.2 24.1 24.5 3.626  -49.4   22.7    2.4  19   -2.0  10 0 0 1 1 2 0 18.8 17.4 18.8 17.5 80.0 100 100 20 408 0 143 0 401 401 399 0 0 0 59 50 AUTO_PARK 0 
b.1 2025-06-16 14:37:00.734 a 2025-06-16-14:36:57 124 028 244 0.1 1.7 4.9 18.0 17.7 732.0 0.00 0 0.0 20.4 24.1 24.5 3.626  -49.8   22.7    2.3  19   -1.9  10 0 0 1 1 2 0 18.8 17.4 18.8 17.6 80.0 100 100 20 408 0 143 0 401 402 399 0 0 0 60 50 AUTO_PARK 0 
b.1 2025-06-16 14:38:00.815 a 2025-06-16-14:37:58 103 048 350 0.6 2.4 4.4 18.1 17.7 732.0 0.00 0 0.0 20.4 24.1 24.4 3.632  -47.8   22.7    2.5  19   -2.0   5 0 0 1 1 2 0 18.8 17.4 18.8 17.5 80.0 100 100 20 408 0 143 0 401 401 400 0 0 0 60 50 AUTO_PARK 0 
b.1 2025-06-16 14:39:00.997 a 2025-06-16-14:38:58 116 000 173 0.1 0.6 1.9 18.1 17.7 732.0 0.00 0 0.0 20.6 24.1 24.5 3.626  -46.5   22.8    0.0  19   -1.9   5 0 0 1 1 2 0 18.9 17.4 18.8 17.6 80.0 100 100 20 408 0 143 0 401 401 400 0 0 0 60 50 AUTO_PARK 0 
b.1 2025-06-16 14:40:01.733 a 2025-06-16-14:39:59 232 016 315 0.0 1.1 4.0 18.2 18.4 732.1 0.00 0 0.0 20.8 24.1 24.5 3.627  -48.5   22.9    2.2  19   -1.8   5 0 0 1 1 2 0 18.9 17.4 18.9 17.5 80.0 100 100 20 408 0 143 0 401 401 400 0 0 0 60 50 AUTO_PARK 0 
b.1 2025-06-16 14:41:01.517 a 2025-06-16-14:40:58 095 040 295 0.2 1.9 3.9 18.2 17.4 732.1 0.00 0 0.0 20.8 24.1 24.4 3.633  -48.4   22.9    2.3  19   -1.8  11 0 0 1 1 2 0 18.9 17.3 18.9 17.5 80.0 100 100 20 408 0 143 0 401 402 399 0 0 0 59 50 AUTO_PARK 0 
b.1 2025-06-16 14:42:01.217 a 2025-06-16-14:41:58 153 034 215 0.1 1.4 3.9 18.3 17.4 732.1 0.00 0 0.0 21.0 24.1 24.4 3.627  -47.9   23.0    2.2  19   -1.9   8 0 0 1 1 2 0 18.9 17.3 18.9 17.4 80.0 100 100 20 408 0 143 0 401 401 399 0 0 0 59 50 AUTO_PARK 0 
b.1 2025-06-16 14:43:00.976 a 2025-06-16-14:42:58 124 049 306 0.3 1.7 3.5 18.4 17.6 732.1 0.00 0 0.0 21.1 24.1 24.5 3.626  -47.6   23.1    2.2  19   -1.8   8 0 0 1 1 2 0 18.9 17.2 18.9 17.4 80.0 100 100 20 408 0 143 0 401 401 400 0 0 0 60 50 AUTO_PARK 0 
b.1 2025-06-16 14:44:01.197 a 2025-06-16-14:43:58 304 137 346 0.1 0.9 3.2 18.4 17.8 732.1 0.00 0 0.0 21.3 24.1 24.5 3.627  -49.0   23.1    0.0  19   -1.7   8 0 0 1 1 2 0 19.0 17.3 18.9 17.5 80.0 100 100 20 408 0 143 0 401 401 400 0 0 0 60 50 AUTO_PARK 0 
b.1 2025-06-16 14:45:02.058 a 2025-06-16-14:44:59 153 067 230 0.1 1.3 5.4 18.5 17.8 732.1 0.00 0 0.0 21.5 24.1 24.4 3.627  -49.8   23.2    2.2  19   -1.6   8 0 0 1 1 2 0 19.0 17.1 18.9 17.3 80.0 100 100 20 408 0 143 0 401 401 399 0 0 0 59 50 AUTO_PARK 0 
b.1 2025-06-16 14:46:00.619 a 2025-06-16-14:45:57 004 022 139 0.4 2.4 4.9 18.6 16.9 732.1 0.00 0 0.0 21.2 24.1 24.5 3.627  -48.8   23.2    2.3  19   -1.9   8 0 0 1 1 2 0 19.0 17.0 18.9 17.1 80.0 100 100 20 408 0 143 0 401 401 400 0 0 0 60 50 AUTO_PARK 0 
b.1 2025-06-16 14:47:02.078 a 2025-06-16-14:46:59 139 064 271 0.1 1.5 3.9 18.4 17.3 732.1 0.00 0 0.0 21.3 24.1 24.4 3.626  -49.0   23.3    2.2  19   -1.8   8 0 0 1 1 2 0 19.0 17.0 18.9 17.2 80.0 100 100 20 408 0 143 0 400 402 399 0 0 0 59 50 AUTO_PARK 0 
b.1 2025-06-16 14:48:01.076 a 2025-06-16-14:47:58 105 039 343 0.4 2.7 4.4 18.4 17.3 732.1 0.00 0 0.0 21.2 24.1 24.5 3.626  -49.9   23.3    2.5  19   -1.9   8 0 0 1 1 2 0 19.0 17.0 18.9 17.2 80.0 100 100 20 408 0 143 0 401 401 399 0 0 0 60 50 AUTO_PARK 0 
b.1 2025-06-16 14:49:01.540 a 2025-06-16-14:48:58 102 044 329 0.4 2.9 5.4 18.4 16.8 732.1 0.00 0 0.0 21.2 24.1 24.4 3.629  -50.3   23.3    2.9  18   -2.0   8 0 0 1 1 2 0 19.0 16.9 19.0 17.1 80.0 100 100 20 408 0 143 0 402 401 400 0 0 0 59 50 AUTO_PARK 0 
b.1 2025-06-16 14:50:01.138 a 2025-06-16-14:49:58 171 037 304 0.2 2.8 5.9 18.4 16.9 732.1 0.00 0 0.0 21.0 24.1 24.4 3.626  -50.2   23.3    3.1  18   -2.1   9 0 0 1 1 2 0 19.0 16.8 19.0 17.0 80.0 100 100 20 408 0 143 0 401 401 399 0 0 0 59 50 AUTO_PARK 0 
b.1 2025-06-16 14:51:00.561 a 2025-06-16-14:50:57 010 093 193 0.0 1.5 4.9 18.3 17.4 732.1 0.00 0 0.0 21.1 24.1 24.5 3.627  -47.8   23.3    2.3  18   -2.1   9 0 0 1 1 2 0 19.0 16.9 19.0 17.1 80.0 100 100 20 408 0 143 0 401 401 400 0 0 0 59 50 AUTO_PARK 0 
b.1 2025-06-16 14:52:00.585 a 2025-06-16-14:51:57 241 040 307 0.0 1.8 3.9 18.3 17.3 732.1 0.00 0 0.0 21.3 24.1 24.5 3.626  -46.9   23.3    2.4  19   -1.9   5 0 0 1 1 2 0 19.0 17.0 19.0 17.1 80.0 100 100 20 408 0 143 0 401 402 400 0 0 0 60 50 AUTO_PARK 0 
b.1 2025-06-16 14:53:00.740 a 2025-06-16-14:52:58 010 050 111 1.4 2.8 5.2 18.4 17.1 732.1 0.00 0 0.0 21.3 24.1 24.5 3.626  -49.4   23.3    2.7  18   -2.0   5 0 0 1 1 2 0 19.0 16.8 19.0 17.0 80.0 100 100 20 408 0 143 0 401 401 399 0 0 0 60 50 AUTO_PARK 0 
b.1 2025-06-16 14:54:01.138 a 2025-06-16-14:53:58 173 048 340 0.3 2.4 6.5 18.4 17.7 732.1 0.00 0 0.0 21.3 24.1 24.5 3.627  -49.6   23.3    2.8  18   -2.0   9 0 0 1 1 2 0 19.0 16.8 19.0 17.0 80.0 100 100 20 408 0 143 0 400 402 400 0 0 0 60 50 AUTO_PARK 0 
b.1 2025-06-16 14:55:01.861 a 2025-06-16-14:54:59 173 079 220 0.1 1.4 4.1 18.4 18.1 732.2 0.00 0 0.0 21.5 24.1 24.4 3.626  -47.9   23.4    2.3  18   -1.9   9 0 0 1 1 2 0 19.0 17.0 19.0 17.2 80.0 100 100 20 408 0 143 0 401 401 400 0 0 0 59 50 AUTO_PARK 0 
b.1 2025-06-16 14:56:01.657 a 2025-06-16-14:55:58 186 232 196 0.1 0.5 1.8 18.5 17.5 732.2 0.00 0 0.0 21.9 24.1 24.5 3.626  -46.8   23.4    0.0  19   -1.7   0 0 0 1 1 2 0 19.0 17.1 19.0 17.2 80.0 100 100 20 408 0 143 0 401 402 399 0 0 0 59 50 AUTO_PARK 0 
b.1 2025-06-16 14:57:00.657 a 2025-06-16-14:56:57 068 085 113 0.1 1.1 4.5 18.5 18.1 732.2 0.00 0 0.0 22.1 24.1 24.4 3.633  -50.1   23.4    2.2  19   -1.7   5 0 0 1 1 2 0 19.1 17.0 19.0 17.2 80.0 100 100 20 408 0 143 0 402 401 400 0 0 0 60 50 AUTO_PARK 0 
b.1 2025-06-16 14:57:59.799 a 2025-06-16-14:57:57 138 054 281 0.1 2.3 5.3 18.5 16.8 732.2 0.00 0 0.0 22.0 24.1 24.5 3.626  -47.5   23.5    2.4  18   -1.9   7 0 0 1 1 2 0 19.1 16.8 19.0 17.0 80.0 100 100 20 408 0 143 0 401 401 399 0 0 0 60 50 AUTO_PARK 0 
b.1 2025-06-16 14:59:01.121 a 2025-06-16-14:58:58 118 060 198 0.0 1.4 4.0 18.5 17.1 732.1 0.00 0 0.0 22.2 24.1 24.5 3.627  -49.4   23.6    2.2  18   -1.8   7 0 0 1 1 2 0 19.1 16.8 19.0 16.9 80.0 100 100 20 408 0 143 0 401 401 399 0 0 0 60 50 AUTO_PARK 0 
b.1 2025-06-16 15:00:02.040 a 2025-06-16-14:59:59 123 032 291 0.0 0.9 3.3 18.5 17.5 732.1 0.00 0 0.0 22.3 24.1 24.5 3.634  -47.5   23.6    0.0  18   -1.8   7 0 0 1 1 2 0 19.1 16.9 19.0 17.1 80.0 100 100 20 408 0 143 0 401 401 400 0 0 0 60 50 AUTO_PARK 0 
b.1 2025-06-16 15:01:00.401 a 2025-06-16-15:00:57 151 034 221 0.1 1.3 3.3 18.6 16.7 732.2 0.00 0 0.0 22.7 24.1 24.5 3.626  -48.8   23.6    2.2  18   -1.8   7 0 0 1 1 2 0 19.1 16.7 19.0 16.9 80.0 100 100 20 408 0 143 0 401 401 400 0 0 0 59 50 WAIT_ACK 0 
b.1 2025-06-16 15:02:00.540 a 2025-06-16-15:01:57 111 031 262 0.2 2.8 5.7 18.6 15.6 732.2 0.00 0 0.0 22.3 24.1 24.5 3.627  -50.6   23.7    2.5  18   -2.0   9 0 0 1 1 2 0 19.2 16.4 19.1 16.6 80.0 100 100 20 408 0 143 0 401 401 400 0 0 0 60 50 WAIT_ACK 0 
b.1 2025-06-16 15:03:01.082 a 2025-06-16-15:02:58 130 062 321 0.2 2.2 4.2 18.5 16.7 732.1 0.00 0 0.0 22.3 24.1 24.5 3.627  -48.3   23.7    2.5  18   -2.1   9 0 0 1 1 2 0 19.2 16.3 19.1 16.5 80.0 100 100 20 408 0 143 0 401 402 399 0 0 0 59 50 WAIT_ACK 0 
b.1 2025-06-16 15:04:01.803 a 2025-06-16-15:03:58 107 039 311 0.2 2.2 4.1 18.5 16.3 732.2 0.00 0 0.0 22.3 24.1 24.5 3.627  -50.0   23.7    2.6  18   -2.2   9 0 0 1 1 2 0 19.2 16.1 19.1 16.4 80.0 100 100 20 408 0 143 0 401 401 399 0 0 0 59 50 WAIT_ACK 0 
b.1 2025-06-16 15:05:00.802 a 2025-06-16-15:04:58 133 046 187 0.1 1.2 3.3 18.5 16.9 732.2 0.00 0 0.0 22.5 24.1 24.5 3.626  -47.8   23.7    2.3  18   -2.1   9 0 0 1 1 2 0 19.2 16.0 19.1 16.3 80.0 100 100 20 408 0 143 0 401 402 400 0 0 0 60 50 WAIT_ACK 0 
b.1 2025-06-16 15:06:01.441 a 2025-06-16-15:05:58 149 063 218 0.1 1.2 3.8 18.6 16.6 732.2 0.00 0 0.0 22.7 24.1 24.4 3.626  -49.3   23.8    2.2  18   -2.1   5 0 0 1 1 2 0 19.2 15.7 19.1 15.9 80.0 100 100 20 408 0 143 0 401 401 399 0 0 0 60 50 WAIT_ACK 0 
b.1 2025-06-16 15:07:01.424 a 2025-06-16-15:06:58 151 028 270 0.1 2.4 5.2 18.6 15.8 732.1 0.00 0 0.0 22.6 24.1 24.5 3.627  -50.7   23.8    2.4  18   -2.2   5 0 0 1 1 2 0 19.2 15.8 19.1 16.0 80.0 100 100 20 408 0 143 0 401 401 399 0 0 0 60 50 WAIT_ACK 0 
b.1 2025-06-16 15:08:01.042 a 2025-06-16-15:07:58 165 054 242 0.1 1.4 4.1 18.6 17.0 732.2 0.00 0 0.0 22.7 24.1 24.5 3.627  -47.7   23.8    2.2  18   -2.1   7 0 0 1 1 2 0 19.2 15.9 19.2 16.1 80.0 100 100 20 408 0 143 0 402 401 400 0 0 0 60 50 WAIT_ACK 0 
b.1 2025-06-16 15:09:01.910 a 2025-06-16-15:08:59 130 037 263 0.2 1.8 5.5 18.7 16.0 732.2 0.00 0 0.0 22.9 24.1 24.5 3.626  -50.0   23.9    2.3  18   -2.1   7 0 0 1 1 2 0 19.3 15.8 19.2 16.0 80.0 100 100 20 408 0 143 0 401 401 400 0 0 0 59 50 WAIT_ACK 0 
b.1 2025-06-16 15:10:01.667 a 2025-06-16-15:09:58 122 042 332 0.7 3.2 6.3 18.6 16.1 732.2 0.00 0 0.0 22.5 24.1 24.4 3.633  -50.3   23.9    2.8  17   -2.3   9 0 0 1 1 2 0 19.3 15.6 19.2 15.8 80.0 100 100 20 408 0 143 0 400 401 399 0 0 0 60 50 WAIT_ACK 0 
b.1 2025-06-16 15:11:01.707 a 2025-06-16-15:10:58 122 056 292 0.2 2.3 4.4 18.6 16.1 732.2 0.00 0 0.0 22.6 24.1 24.4 3.633  -49.3   23.9    2.8  17   -2.2   9 0 0 1 1 2 0 19.2 15.8 19.1 16.0 80.0 100 100 20 408 0 143 0 401 401 400 0 0 0 60 50 WAIT_ACK 0 
b.1 2025-06-16 15:12:00.285 a 2025-06-16-15:11:57 127 040 227 0.2 2.0 4.3 18.6 16.5 732.2 0.00 0 0.0 22.7 24.1 24.5 3.626  -49.4   24.0    2.6  17   -2.3   9 0 0 1 1 2 0 19.3 15.9 19.2 16.1 80.0 100 100 20 408 0 143 0 401 401 399 0 0 0 59 50 WAIT_ACK 0 
b.1 2025-06-16 15:13:00.825 a 2025-06-16-15:12:58 113 038 318 0.6 3.0 4.9 18.7 15.6 732.2 0.00 0 0.0 22.5 24.1 24.5 3.626  -51.0   24.0    3.1  17   -2.4   9 0 0 1 1 2 0 19.3 15.7 19.2 15.9 80.0 100 100 20 408 0 143 0 401 401 400 0 0 0 59 50 WAIT_ACK 0 
b.1 2025-06-16 15:14:00.384 a 2025-06-16-15:13:57 151 039 255 0.2 1.7 3.5 18.7 16.1 732.2 0.00 0 0.0 22.7 24.1 24.4 3.626  -48.5   24.0    2.6  17   -2.4   9 0 0 1 1 2 0 19.3 15.8 19.2 16.0 80.0 100 100 20 408 0 143 0 401 401 399 0 0 0 60 50 WAIT_ACK 0 
b.1 2025-06-16 15:15:01.490 a 2025-06-16-15:14:58 207 060 296 0.3 1.3 3.1 18.7 16.6 732.2 0.00 0 0.0 23.1 24.1 24.5 3.626  -47.7   24.0    2.3  17   -2.2   0 0 0 1 1 2 0 19.3 16.0 19.2 16.2 80.0 100 100 20 408 0 143 0 401 401 399 0 0 0 60 50 WAIT_ACK 0 
b.1 2025-06-16 15:16:00.726 a 2025-06-16-15:15:57 168 070 310 0.1 1.1 3.3 18.7 16.9 732.2 0.00 0 0.0 23.5 24.1 24.4 3.632  -49.2   24.0    2.2  17   -2.1   5 0 0 1 1 2 0 19.3 15.9 19.2 16.1 80.0 100 100 20 408 0 143 0 400 402 399 0 0 0 59 50 WAIT_ACK 0 
b.1 2025-06-16 15:17:00.388 a 2025-06-16-15:16:57 167 117 229 0.1 1.4 3.5 18.9 15.9 732.2 0.00 0 0.0 23.6 24.1 24.5 3.626  -48.6   24.1    0.0  17   -2.1   5 0 0 1 1 2 0 19.4 15.9 19.2 16.1 80.0 100 100 20 408 0 143 0 401 401 399 0 0 0 60 50 WAIT_ACK 0 
b.1 2025-06-16 15:18:02.124 a 2025-06-16-15:17:59 107 043 129 0.1 0.7 2.7 18.9 16.7 732.2 0.00 0 0.0 24.1 24.1 24.5 3.627  -48.8   24.2    2.2  18   -1.9   6 0 0 1 1 2 0 19.4 16.0 19.2 16.2 80.0 100 100 20 408 0 143 0 400 402 399 0 0 0 60 50 WAIT_ACK 0 
b.1 2025-06-16 15:18:59.789 a 2025-06-16-15:18:56 176 051 227 0.1 1.2 3.7 19.0 16.1 732.2 0.00 0 0.0 24.4 24.1 24.4 3.626  -49.9   24.2    2.2  18   -1.9  10 0 0 1 1 2 0 19.4 15.4 19.2 15.6 80.0 100 100 20 408 0 143 0 401 401 399 0 0 0 60 50 WAIT_ACK 0 
b.1 2025-06-16 15:20:01.424 a 2025-06-16-15:19:58 131 052 232 0.2 2.1 4.6 19.1 15.1 732.3 0.00 0 0.0 24.3 24.2 24.4 3.626  -51.4   24.3    2.4  17   -2.2   8 0 0 1 1 2 0 19.4 15.1 19.3 15.4 80.0 100 100 20 408 0 143 0 401 401 400 0 0 0 60 50 WAIT_ACK 0 
b.1 2025-06-16 15:21:02.009 a 2025-06-16-15:20:59 095 035 236 0.4 2.9 4.9 19.1 14.6 732.3 0.00 0 0.0 23.9 24.1 24.4 3.628  -51.8   24.4    2.8  17   -2.4   9 0 0 1 1 2 0 19.4 14.9 19.3 15.1 80.0 100 100 20 408 0 143 0 401 401 399 0 0 0 59 50 WAIT_ACK 0 
b.1 2025-06-16 15:22:00.369 a 2025-06-16-15:21:57 115 044 260 0.4 2.5 4.9 19.0 15.3 732.3 0.00 0 0.0 23.7 24.1 24.4 3.626  -51.3   24.4    2.9  17   -2.5   9 0 0 1 1 2 0 19.4 14.8 19.3 15.0 80.0 100 100 20 408 0 143 0 401 401 399 0 0 0 59 50 WAIT_ACK 0 
b.1 2025-06-16 15:23:01.007 a 2025-06-16-15:22:58 123 045 316 0.5 2.4 4.8 18.8 15.3 732.2 0.00 0 0.0 23.5 24.1 24.4 3.626  -50.7   24.4    3.0  17   -2.6   9 0 0 1 1 2 0 19.4 14.8 19.3 15.0 80.0 100 100 20 408 0 143 0 401 401 399 0 0 0 60 50 WAIT_ACK 0 
b.1 2025-06-16 15:24:00.767 a 2025-06-16-15:23:57 112 107 272 0.1 0.9 2.3 18.7 16.3 732.3 0.00 0 0.0 23.7 24.1 24.5 3.627  -49.6   24.4    2.3  17   -2.5   9 0 0 1 1 2 0 19.4 15.1 19.3 15.3 80.0 100 100 20 408 0 141 0 401 401 400 0 0 0 59 50 WAIT_ACK 0 
b.1 2025-06-16 15:25:00.969 a 2025-06-16-15:24:58 111 066 315 0.2 1.3 3.8 18.8 15.7 732.3 0.00 0 0.0 24.1 24.1 24.4 3.626  -48.1   24.4    2.2  17   -2.4   5 0 0 1 1 2 0 19.4 15.2 19.3 15.4 80.0 100 100 20 408 0 143 0 400 401 399 0 0 0 59 50 WAIT_ACK 0 
b.1 2025-06-16 15:25:59.651 a 2025-06-16-15:25:56 136 036 241 0.1 0.7 2.5 18.9 16.2 732.3 0.00 0 0.0 24.5 24.1 24.5 3.626  -47.1   24.4    0.0  17   -2.3   5 0 0 1 1 2 0 19.4 15.3 19.3 15.6 80.0 100 100 20 408 0 143 0 401 401 400 0 0 0 60 50 WAIT_ACK 0 
b.1 2025-06-16 15:27:01.772 a 2025-06-16-15:26:58 152 064 302 0.1 1.5 5.4 19.0 15.7 732.3 0.00 0 0.0 24.7 24.1 24.4 3.626  -48.4   24.5    2.2  17   -2.2   5 0 0 1 1 2 0 19.4 15.2 19.3 15.5 80.0 100 100 20 408 0 143 0 400 402 399 0 0 0 60 50 WAIT_ACK 0 
b.1 2025-06-16 15:28:01.148 a 2025-06-16-15:27:58 061 111 313 0.0 0.4 1.1 19.1 16.3 732.3 0.00 0 0.0 25.2 24.1 24.5 3.626  -47.1   24.5    0.0  17   -2.1   5 0 0 1 1 2 0 19.5 15.5 19.3 15.6 80.0 100 100 20 408 0 143 0 401 401 400 0 0 0 60 50 WAIT_ACK 0 
b.1 2025-06-16 15:29:01.769 a 2025-06-16-15:28:58 157 070 292 0.1 1.5 3.7 19.2 15.3 732.3 0.00 0 0.0 25.4 24.1 24.4 3.624  -50.2   24.6    2.2  17   -2.1  10 0 0 1 1 2 0 19.5 15.5 19.4 15.7 80.0 100 100 20 408 0 143 0 401 401 399 0 0 0 59 50 WAIT_ACK 0 
b.1 2025-06-16 15:30:01.953 a 2025-06-16-15:29:59 111 040 310 0.4 2.4 5.0 19.3 15.6 732.4 0.00 0 0.0 25.3 24.1 24.5 3.626  -50.9   24.7    2.5  17   -2.1   8 0 0 1 1 2 0 19.5 15.3 19.4 15.6 80.0 100 100 20 408 0 143 0 402 401 399 0 0 0 59 50 WAIT_ACK 0 
b.1 2025-06-16 15:31:01.088 a 2025-06-16-15:30:58 103 031 235 0.3 2.4 5.0 19.3 15.2 732.4 0.00 0 0.0 24.8 24.1 24.4 3.626  -49.8   24.7    2.6  17   -2.3   9 0 0 1 1 2 0 19.5 15.3 19.5 15.5 80.0 100 100 20 408 0 143 0 402 401 400 0 0 0 60 50 WAIT_ACK 0 
b.1 2025-06-16 15:32:00.013 a 2025-06-16-15:31:57 147 052 270 0.1 1.4 4.0 19.2 15.4 732.4 0.00 0 0.0 24.9 24.1 24.5 3.626  -48.4   24.8    2.4  17   -2.2   9 0 0 1 1 2 0 19.6 15.2 19.5 15.4 80.0 100 100 20 408 0 143 0 402 401 400 0 0 0 60 50 WAIT_ACK 0 
b.1 2025-06-16 15:33:01.891 a 2025-06-16-15:32:59 167 079 313 0.1 1.1 5.3 19.2 16.1 732.4 0.00 0 0.0 25.4 24.1 24.5 3.626  -51.4   24.8    2.1  17   -2.1   5 0 0 1 1 2 0 19.6 15.4 19.5 15.5 80.0 100 100 20 408 0 143 0 401 401 399 0 0 0 59 50 WAIT_ACK 0 
b.1 2025-06-16 15:34:01.413 a 2025-06-16-15:33:58 062 040 134 0.0 1.4 4.2 19.2 15.7 732.4 0.00 0 0.0 25.3 24.1 24.5 3.626  -49.3   24.9    2.2  17   -2.0   5 0 0 1 1 2 0 19.6 15.2 19.4 15.4 80.0 100 100 20 408 0 143 0 401 401 400 0 0 0 60 50 WAIT_ACK 0 
b.1 2025-06-16 15:35:00.552 a 2025-06-16-15:34:57 118 033 284 0.0 0.7 2.9 19.3 16.1 732.4 0.00 0 0.0 25.6 24.1 24.5 3.628  -47.6   25.0    0.0  17   -1.9   5 0 0 1 1 2 0 19.6 15.3 19.5 15.5 80.0 100 100 20 408 0 141 0 401 401 400 0 0 0 59 50 WAIT_ACK 0 
b.1 2025-06-16 15:36:00.453 a 2025-06-16-15:35:57 187 041 304 0.0 1.3 4.4 19.3 16.3 732.4 0.00 0 0.0 25.9 24.2 24.4 3.628  -49.1   25.0    2.2  17   -1.9   6 0 0 1 1 2 0 19.6 15.4 19.5 15.6 80.0 100 100 20 408 0 141 0 400 402 399 0 0 0 59 50 WAIT_ACK 0 
b.1 2025-06-16 15:37:01.273 a 2025-06-16-15:36:58 204 357 218 0.1 0.8 2.5 19.4 16.7 732.4 0.00 0 0.0 26.3 24.2 24.4 3.627  -48.8   25.1    0.0  17   -1.7   6 0 0 1 1 2 0 19.6 15.5 19.5 15.7 80.0 100 100 20 408 0 141 0 402 401 400 0 0 0 59 50 WAIT_ACK 0 
b.1 2025-06-16 15:38:01.073 a 2025-06-16-15:37:58 143 067 295 0.2 1.2 2.5 19.5 15.7 732.4 0.00 0 0.0 26.4 24.1 24.5 3.634  -50.3   25.2    2.2  17   -1.6   6 0 0 1 1 2 0 19.6 15.5 19.5 15.7 80.0 100 100 20 408 0 143 0 400 402 399 0 0 0 60 50 WAIT_ACK 0 
b.1 2025-06-16 15:39:01.194 a 2025-06-16-15:38:58 152 100 240 0.0 0.3 1.8 19.6 17.2 732.4 0.00 0 0.0 27.0 24.1 24.5 3.624  -48.3   25.3    0.0  17   -1.5   6 0 0 1 1 2 0 19.7 15.7 19.6 15.9 80.0 100 100 20 408 0 142 0 401 401 400 0 0 0 59 50 WAIT_ACK 0 
b.1 2025-06-16 15:40:01.094 a 2025-06-16-15:39:58 025 185 281 0.1 0.3 2.1 19.7 16.2 732.4 0.00 0 0.0 27.6 24.1 24.5 3.626  -48.5   25.4    0.0  17   -1.3   6 0 0 1 1 2 0 19.7 15.7 19.6 15.9 80.0 100 100 20 408 0 143 0 401 401 400 0 0 0 60 50 WAIT_ACK 0 
b.1 2025-06-16 15:41:00.194 a 2025-06-16-15:40:57 089 011 155 0.1 1.2 5.8 19.7 14.0 732.4 0.00 0 0.0 27.7 24.1 24.4 3.633  -53.0   25.5    2.2  17   -1.4   6 0 0 1 1 2 0 19.8 15.5 19.6 15.8 80.0 100 100 20 408 0 143 0 400 402 399 0 0 0 60 50 WAIT_ACK 0 
b.1 2025-06-16 15:42:02.081 a 2025-06-16-15:41:59 126 055 222 0.2 2.0 5.0 19.6 15.2 732.4 0.00 0 0.0 27.1 24.1 24.4 3.631  -50.9   25.6    2.4  16   -1.7  10 0 0 1 1 2 0 19.8 15.2 19.6 15.5 80.0 100 100 20 408 0 141 0 401 401 400 0 0 0 59 50 WAIT_ACK 0 
b.1 2025-06-16 15:43:01.173 a 2025-06-16-15:42:58 151 058 304 0.1 1.4 3.8 19.6 15.2 732.4 0.00 0 0.0 27.0 24.1 24.4 3.627  -50.1   25.6    2.3  16   -1.8   7 0 0 1 1 2 0 19.8 15.0 19.6 15.3 80.0 100 100 20 408 0 140 0 401 401 399 0 0 0 59 50 WAIT_ACK 0 
b.1 2025-06-16 15:44:01.354 a 2025-06-16-15:43:58 253 114 334 0.1 0.9 3.8 19.5 14.4 732.4 0.00 0 0.0 27.0 24.1 24.5 3.626  -50.3   25.6    0.0  16   -1.7   7 0 0 1 1 2 0 19.8 15.2 19.6 15.4 80.0 100 100 20 408 0 140 0 401 401 399 0 0 0 60 50 WAIT_ACK 0 
b.1 2025-06-16 15:45:01.013 a 2025-06-16-15:44:58 151 064 296 0.1 1.6 4.1 19.5 15.7 732.4 0.00 0 0.0 27.1 24.1 24.4 3.624  -51.4   25.7    2.4  16   -1.6   7 0 0 1 1 2 0 19.8 15.0 19.7 15.3 80.0 100 100 20 408 0 142 0 401 401 400 0 0 0 60 50 WAIT_ACK 0 
b.1 2025-06-16 15:46:00.397 a 2025-06-16-15:45:57 145 059 303 0.1 1.8 5.8 19.5 14.8 732.4 0.00 0 0.0 26.7 24.1 24.4 3.626  -49.7   25.7    2.3  16   -1.9   7 0 0 1 1 2 0 19.8 15.0 19.7 15.2 80.0 100 100 20 408 0 143 0 401 402 400 0 0 0 60 50 WAIT_ACK 0 
b.1 2025-06-16 15:47:00.055 a 2025-06-16-15:46:57 167 066 306 0.2 1.7 3.8 19.5 14.8 732.4 0.00 0 0.0 26.6 24.1 24.5 3.626  -49.1   25.7    2.3  16   -1.9   7 0 0 1 1 2 0 19.8 15.0 19.7 15.2 80.0 100 100 20 408 0 143 0 400 401 399 0 0 0 59 50 WAIT_ACK 0 
b.1 2025-06-16 15:48:00.780 a 2025-06-16-15:47:57 122 013 175 0.1 1.4 3.5 19.4 16.0 732.4 0.00 0 0.0 26.8 24.1 24.5 3.626  -51.5   25.8    2.3  16   -1.7   7 0 0 1 1 2 0 19.8 15.1 19.7 15.2 80.0 100 100 20 408 0 143 0 401 401 399 0 0 0 59 50 WAIT_ACK 0 
b.1 2025-06-16 15:49:01.036 a 2025-06-16-15:48:58 127 043 149 0.1 1.7 4.1 19.5 15.0 732.4 0.00 0 0.0 26.6 24.1 24.5 3.626  -49.9   25.8    2.3  16   -1.8   7 0 0 1 1 2 0 19.9 15.0 19.7 15.2 80.0 100 100 20 408 0 143 0 401 401 399 0 0 0 60 50 WAIT_ACK 0 
b.1 2025-06-16 15:50:01.661 a 2025-06-16-15:49:58 036 020 229 0.3 2.2 5.1 19.5 14.7 732.4 0.00 0 0.0 26.3 24.1 24.4 3.626  -50.4   25.9    2.4  16   -1.9   8 0 0 1 1 2 0 19.9 14.8 19.7 15.0 80.0 100 100 20 408 0 143 0 402 401 400 0 0 0 59 50 WAIT_ACK 0 
b.1 2025-06-16 15:51:02.496 a 2025-06-16-15:50:59 114 038 284 0.3 2.2 4.3 19.5 15.0 732.4 0.00 0 0.0 26.1 24.1 24.4 3.626  -52.5   25.9    2.6  16   -2.0   8 0 0 1 1 2 0 19.9 14.8 19.8 15.1 80.0 100 100 20 408 0 143 0 401 401 399 0 0 0 60 50 WAIT_ACK 0 
b.1 2025-06-16 15:52:01.460 a 2025-06-16-15:51:58 154 085 231 0.1 0.9 2.8 19.4 15.5 732.5 0.00 0 0.0 26.5 24.1 24.5 3.626  -49.8   25.9    2.2  16   -1.9   8 0 0 1 1 2 0 19.9 15.0 19.8 15.2 80.0 100 100 20 408 0 143 0 401 401 400 0 0 0 59 50 WAIT_ACK 0 
b.1 2025-06-16 15:53:01.197 a 2025-06-16-15:52:58 015 022 346 0.1 1.1 3.3 19.5 14.6 732.5 0.00 0 0.0 26.9 24.1 24.5 3.626  -49.5   25.9    2.1  16   -1.8   8 0 0 1 1 2 0 19.9 15.0 19.7 15.2 80.0 100 100 20 408 0 143 0 401 401 400 0 0 0 60 50 WAIT_ACK 0 
b.1 2025-06-16 15:54:00.801 a 2025-06-16-15:53:57 107 036 297 0.1 1.8 4.3 19.6 14.8 732.4 0.00 0 0.0 26.8 24.1 24.4 3.629  -51.0   25.9    2.3  16   -1.9   5 0 0 1 1 2 0 19.9 14.8 19.7 15.0 80.0 100 100 20 408 0 143 0 401 402 399 0 0 0 59 50 WAIT_ACK 0 
b.1 2025-06-16 15:55:01.063 a 2025-06-16-15:54:58 118 034 247 0.1 0.8 2.1 19.5 15.3 732.4 0.00 0 0.0 27.1 24.1 24.5 3.626  -50.8   25.9    0.0  16   -1.9   5 0 0 1 1 2 0 19.9 15.0 19.7 15.1 80.0 100 100 20 408 0 143 0 400 401 399 0 0 0 60 50 WAIT_ACK 0 
b.1 2025-06-16 15:56:01.082 a 2025-06-16-15:55:58 153 084 233 0.2 1.1 2.8 19.5 15.2 732.4 0.00 0 0.0 27.5 24.1 24.4 3.627  -51.1   26.0    2.2  16   -1.8   5 0 0 1 1 2 0 19.9 15.0 19.8 15.1 80.0 100 100 20 408 0 143 0 401 401 400 0 0 0 59 50 WAIT_ACK 0 
b.1 2025-06-16 15:57:01.476 a 2025-06-16-15:56:58 218 034 244 0.1 1.0 2.1 19.7 15.2 732.4 0.00 0 0.0 27.8 24.1 24.5 3.635  -50.1   26.0    0.0  16   -1.7   5 0 0 1 1 2 0 19.9 14.9 19.8 15.2 80.0 100 100 20 408 0 143 0 401 401 400 0 0 0 60 50 WAIT_ACK 0 
b.1 2025-06-16 15:58:01.180 a 2025-06-16-15:57:58 070 096 324 0.0 0.6 2.0 19.8 15.7 732.5 0.00 0 0.0 28.2 24.1 24.4 3.626  -49.3   26.1    0.0  16   -1.7   5 0 0 1 1 2 0 20.0 15.0 19.8 15.2 80.0 100 100 20 408 0 142 0 401 401 399 0 0 0 60 50 WAIT_ACK 0 
b.1 2025-06-16 15:59:00.779 a 2025-06-16-15:58:57 202 086 275 0.1 0.5 1.5 19.9 15.7 732.5 0.00 0 0.0 28.8 24.1 24.4 3.624  -49.1   26.1    0.0  16   -1.5   5 0 0 1 1 2 0 20.0 14.9 19.8 15.1 80.0 100 100 20 408 0 140 0 400 401 399 0 0 0 59 50 WAIT_ACK 0 
b.1 2025-06-16 16:00:01.684 a 2025-06-16-15:59:58 055 025 225 0.1 1.3 2.8 20.0 14.6 732.5 0.00 0 0.0 28.9 24.1 24.5 3.627  -50.7   26.2    2.2  16   -1.4   5 0 0 1 1 2 0 20.0 14.8 19.9 15.1 80.0 100 100 20 408 0 140 0 401 401 399 0 0 0 60 50 WAIT_ACK 0 
b.1 2025-06-16 16:01:01.700 a 2025-06-16-16:00:58 185 092 292 0.1 0.8 2.7 20.1 14.4 732.5 0.00 0 0.0 29.1 24.1 24.5 3.624  -49.8   26.3    0.0  16   -1.6   5 0 0 1 1 2 0 20.1 14.7 19.9 14.9 80.0 100 100 20 408 0 141 0 401 401 400 0 0 0 59 50 WAIT_ACK 0 
b.1 2025-06-16 16:02:01.605 a 2025-06-16-16:01:58 295 203 334 0.0 0.4 1.5 20.1 15.2 732.5 0.00 0 0.0 29.7 24.1 24.5 3.626  -51.3   26.3    0.0  16   -1.4   5 0 0 1 1 2 0 20.1 14.7 19.9 14.9 80.0 100 100 20 408 0 141 0 401 401 400 0 0 0 60 50 WAIT_ACK 0 
b.1 2025-06-16 16:03:01.545 a 2025-06-16-16:02:58 020 097 305 0.0 0.4 1.6 20.2 14.9 732.5 0.00 0 0.0 30.2 24.1 24.4 3.623  -51.7   26.4    2.2  16   -1.3   5 0 0 1 1 2 0 20.1 14.6 19.9 14.8 80.0 100 100 20 408 0 141 0 401 401 399 0 0 0 60 50 WAIT_ACK 0 
b.1 2025-06-16 16:04:01.302 a 2025-06-16-16:03:58 177 094 320 0.3 1.9 3.8 20.3 14.2 732.5 0.00 0 0.0 29.9 24.1 24.5 3.626  -52.5   26.5    2.3  16   -1.5  10 0 0 1 1 2 0 20.1 14.2 20.0 14.6 80.0 100 100 20 408 0 142 0 401 401 400 0 0 0 60 50 WAIT_ACK 0 
b.1 2025-06-16 16:05:02.023 a 2025-06-16-16:04:59 106 053 295 0.0 0.7 1.9 20.2 14.9 732.5 0.00 0 0.0 30.0 24.1 24.5 3.624  -53.7   26.6    2.1  16   -1.3   6 0 0 1 1 2 0 20.1 14.4 20.0 14.5 80.0 100 100 20 408 0 142 0 401 401 399 0 0 0 60 50 WAIT_ACK 0 
b.1 2025-06-16 16:06:01.161 a 2025-06-16-16:05:58 256 087 318 0.0 0.7 2.7 20.2 14.1 732.5 0.00 0 0.0 30.2 24.1 24.5 3.624  -51.6   26.7    2.1  16   -1.3   6 0 0 1 1 2 0 20.1 14.4 20.0 14.5 80.0 100 100 20 408 0 143 0 402 401 400 0 0 0 60 50 WAIT_ACK 0 
b.1 2025-06-16 16:07:01.605 a 2025-06-16-16:06:58 090 106 327 0.0 0.9 2.5 20.3 14.8 732.5 0.00 0 0.0 30.3 24.1 24.4 3.626  -51.0   26.8    0.0  16   -1.3   6 0 0 1 1 2 0 20.1 14.4 20.1 14.5 80.0 100 100 20 408 0 143 0 401 401 400 0 0 0 60 50 WAIT_ACK 0 
b.1 2025-06-16 16:08:01.302 a 2025-06-16-16:07:58 011 120 090 0.0 0.4 1.5 20.3 14.1 732.5 0.00 0 0.0 30.9 24.1 24.5 3.626  -53.2   26.9    0.0  16   -1.1   6 0 0 1 1 2 0 20.1 14.4 20.1 14.5 80.0 100 100 20 408 0 143 0 401 401 400 0 0 0 59 50 WAIT_ACK 0 
b.1 2025-06-16 16:09:01.423 a 2025-06-16-16:08:58 136 038 228 0.2 1.8 4.0 20.3 12.6 732.5 0.00 0 0.0 30.2 24.1 24.4 3.626  -53.1   27.0    2.2  15   -1.6   6 0 0 1 1 2 0 20.1 14.4 20.1 14.5 80.0 100 100 20 408 0 143 0 400 401 399 0 0 0 59 50 WAIT_ACK 0 
b.1 2025-06-16 16:10:02.005 a 2025-06-16-16:09:59 007 052 016 0.0 0.8 3.3 20.1 13.6 732.5 0.00 0 0.0 30.2 24.1 24.5 3.627  -50.4   27.1    0.0  15   -1.5   6 0 0 1 1 2 0 20.1 14.3 20.1 14.5 80.0 100 100 20 408 0 143 0 401 402 399 0 0 0 59 50 WAIT_ACK 0 
b.1 2025-06-16 16:11:01.326 a 2025-06-16-16:10:58 270 093 279 0.0 1.1 3.7 20.1 13.4 732.5 0.00 0 0.0 30.5 24.1 24.4 3.624  -53.5   27.2    2.3  15   -1.6   6 0 0 1 1 2 0 20.0 14.4 20.1 14.4 80.0 100 100 20 408 0 143 0 401 401 399 0 0 0 60 50 WAIT_ACK 0 
b.1 2025-06-16 16:12:01.444 a 2025-06-16-16:11:58 118 042 240 0.1 1.0 2.9 20.1 14.0 732.5 0.00 0 0.0 30.4 24.1 24.4 3.626  -51.2   27.2    2.2  15   -1.6   6 0 0 1 1 2 0 20.1 14.5 20.1 14.4 80.0 100 100 20 408 0 140 0 400 401 399 0 0 0 60 50 WAIT_ACK 0 
b.1 2025-06-16 16:12:59.864 a 2025-06-16-16:12:56 144 022 206 0.1 1.1 3.1 20.1 14.0 732.5 0.00 0 0.0 30.5 24.1 24.4 3.632  -52.1   27.2    2.2  15   -1.5   6 0 0 1 1 2 0 20.1 14.5 20.1 14.5 80.0 100 100 20 408 0 142 0 401 401 399 0 0 0 59 50 WAIT_ACK 0 
b.1 2025-06-16 16:14:01.706 a 2025-06-16-16:13:58 122 039 282 0.1 1.2 3.6 20.2 13.4 732.5 0.00 0 0.0 30.5 24.1 24.5 3.633  -53.4   27.3    2.1  15   -1.7   6 0 0 1 1 2 0 20.1 14.4 20.1 14.4 80.0 100 100 20 408 0 140 0 401 401 399 0 0 0 59 50 WAIT_ACK 0 
b.1 2025-06-16 16:15:00.065 a 2025-06-16-16:14:57 171 074 299 0.1 1.6 3.7 20.2 13.4 732.5 0.00 0 0.0 30.2 24.1 24.4 3.626  -58.0   27.3    2.2  15   -2.0   6 0 0 1 1 2 0 20.1 14.3 20.1 14.3 80.0 100 100 20 408 0 143 0 401 401 400 0 0 0 59 50 WAIT_ACK 0 
b.1 2025-06-16 16:16:01.487 a 2025-06-16-16:15:58 195 083 278 0.1 1.0 3.3 20.3 11.8 732.5 0.00 0 0.0 30.0 24.2 24.5 3.633  -51.3   27.3    0.0  14   -2.1   6 0 0 1 1 2 0 20.1 14.2 20.1 14.3 80.0 100 100 20 408 0 143 0 401 401 400 0 0 0 59 50 WAIT_ACK 0 
b.1 2025-06-16 16:16:59.845 a 2025-06-16-16:16:56 188 102 329 0.0 1.4 4.6 20.2 13.3 732.5 0.00 0 0.0 30.4 24.1 24.4 3.626  -56.2   27.3    2.3  15   -2.0   6 0 0 1 1 2 0 20.1 14.1 20.2 14.3 80.0 100 100 20 408 0 142 0 402 401 400 0 0 0 60 50 WAIT_ACK 0 
b.1 2025-06-16 16:18:01.713 a 2025-06-16-16:17:58 108 029 315 0.1 1.6 4.1 20.2 10.3 732.5 0.00 0 0.0 29.8 24.1 24.5 3.627  -52.5   27.3    2.4  14   -2.5   6 0 0 1 1 2 0 20.1 13.7 20.2 14.3 80.0 100 100 20 408 0 140 0 401 401 399 0 0 0 59 50 WAIT_ACK 0 
b.1 2025-06-16 16:19:01.197 a 2025-06-16-16:18:58 094 032 328 0.8 2.7 4.3 20.1 11.6 732.5 0.00 0 0.0 29.0 24.1 24.4 3.626  -54.8   27.3    3.0  14   -2.8   7 0 0 1 1 2 0 20.1 13.8 20.2 14.2 80.0 100 100 20 408 0 139 0 401 401 400 0 0 0 59 50 WAIT_ACK 0 
b.1 2025-06-16 16:20:02.296 a 2025-06-16-16:19:59 058 017 199 0.0 1.1 3.2 19.8 11.5 732.5 0.00 0 0.0 28.9 24.1 24.4 3.626  -51.6   27.2    2.4  14   -2.9   7 0 0 1 1 2 0 20.1 13.8 20.3 13.6 80.0 100 100 20 408 0 140 0 401 401 399 0 0 0 60 50 WAIT_ACK 0 
b.1 2025-06-16 16:20:59.891 a 2025-06-16-16:20:57 032 007 106 0.2 1.5 3.6 19.6 11.8 732.6 0.00 0 0.0 28.6 24.1 24.4 3.626  -51.8   27.2    2.4  14   -3.0   7 0 0 1 1 2 0 20.1 13.7 20.3 13.9 80.0 100 100 20 408 0 139 0 401 401 399 0 0 0 60 50 WAIT_ACK 0 
b.1 2025-06-16 16:22:01.071 a 2025-06-16-16:21:58 117 000 124 0.1 0.8 3.2 19.4 12.8 732.5 0.00 0 0.0 29.1 24.1 24.4 3.626  -52.7   27.1    2.1  14   -2.8   5 0 0 1 1 2 0 20.2 13.5 20.3 13.5 80.0 100 100 20 408 0 138 0 401 401 400 0 0 0 59 50 WAIT_ACK 0 
b.1 2025-06-16 16:23:01.509 a 2025-06-16-16:22:58 177 046 221 0.1 1.4 4.7 19.4 12.4 732.5 0.00 0 0.0 29.1 24.1 24.4 3.626  -50.4   27.1    2.2  14   -3.0   5 0 0 1 1 2 0 20.2 13.3 20.3 13.4 80.0 100 100 20 408 0 141 0 401 401 400 0 0 0 59 50 WAIT_ACK 0 
b.1 2025-06-16 16:24:01.690 a 2025-06-16-16:23:58 141 075 270 0.1 1.1 2.7 19.5 13.4 732.5 0.00 0 0.0 29.4 24.1 24.4 3.624  -52.6   27.1    2.2  14   -3.0   5 0 0 1 1 2 0 20.3 13.1 20.4 13.2 80.0 100 100 20 408 0 141 0 401 402 399 0 0 0 59 50 WAIT_ACK 0 
b.1 2025-06-16 16:25:01.391 a 2025-06-16-16:24:58 152 062 160 0.1 1.1 2.8 19.7 12.9 732.5 0.00 0 0.0 29.7 24.1 24.5 3.626  -54.0   27.0    2.2  14   -2.8   5 0 0 1 1 2 0 20.3 13.0 20.4 13.1 80.0 100 100 20 408 0 133 0 401 401 399 0 0 0 59 50 WAIT_ACK 0 
b.1 2025-06-16 16:26:01.051 a 2025-06-16-16:25:58 075 021 267 0.2 1.3 2.8 19.9 12.8 732.5 0.00 0 0.0 29.9 24.1 24.5 3.627  -51.1   27.1    0.0  14   -2.7   5 0 0 1 1 2 0 20.3 12.8 20.4 12.9 80.0 100 100 20 408 0 143 0 401 401 399 0 0 0 60 50 WAIT_ACK 0 
b.1 2025-06-16 16:27:01.453 a 2025-06-16-16:26:58 131 031 286 0.2 2.0 5.1 20.0 12.2 732.5 0.00 0 0.0 29.8 24.1 24.4 3.626  -53.3   27.1    2.3  14   -2.8   5 0 0 1 1 2 0 20.4 12.6 20.4 12.7 80.0 100 100 20 408 0 143 0 401 401 400 0 0 0 59 50 WAIT_ACK 0 
b.1 2025-06-16 16:28:01.434 a 2025-06-16-16:27:58 128 052 286 0.1 1.0 2.8 20.1 11.6 732.5 0.00 0 0.0 30.0 24.1 24.5 3.626  -51.9   27.2    2.2  14   -2.7   6 0 0 1 1 2 0 20.4 12.4 20.4 12.6 80.0 100 100 20 408 0 143 0 401 401 400 0 0 0 60 50 WAIT_ACK 0 
b.1 2025-06-16 16:29:01.415 a 2025-06-16-16:28:58 121 026 259 0.4 2.1 4.3 20.1 12.0 732.5 0.00 0 0.0 29.7 24.1 24.4 3.632  -53.6   27.2    2.3  14   -2.9   6 0 0 1 1 2 0 20.4 12.7 20.4 12.6 80.0 100 100 20 408 0 143 0 400 401 399 0 0 0 59 50 WAIT_ACK 0 
b.1 2025-06-16 16:30:02.137 a 2025-06-16-16:29:59 183 054 232 0.1 1.4 3.9 19.9 12.5 732.5 0.00 0 0.0 29.5 24.1 24.4 3.626  -52.2   27.2    2.2  14   -3.0   6 0 0 1 1 2 0 20.4 12.7 20.4 12.8 80.0 100 100 20 408 0 142 0 401 401 400 0 0 0 59 50 WAIT_ACK 0 
b.1 2025-06-16 16:31:00.674 a 2025-06-16-16:30:57 151 068 298 0.1 1.5 4.6 19.9 12.5 732.5 0.00 0 0.0 29.6 24.1 24.4 3.626  -50.8   27.2    2.2  14   -3.0   6 0 0 1 1 2 0 20.4 12.8 20.4 12.9 80.0 100 100 20 408 0 143 0 401 401 399 0 0 0 60 50 WAIT_ACK 0 
b.1 2025-06-16 16:32:01.358 a 2025-06-16-16:31:58 140 076 254 0.0 0.7 3.0 20.0 13.3 732.5 0.00 0 0.0 30.1 24.1 24.5 3.628  -51.0   27.2    0.0  14   -2.8   6 0 0 1 1 2 0 20.4 12.9 20.4 12.9 80.0 100 100 20 408 0 143 0 401 402 399 0 0 0 59 50 WAIT_ACK 0 
b.1 2025-06-16 16:33:01.398 a 2025-06-16-16:32:58 099 043 254 0.2 2.5 4.7 20.2 11.3 732.5 0.00 0 0.0 29.8 24.1 24.4 3.626  -53.6   27.2    2.5  13   -3.2   6 0 0 1 1 2 0 20.5 12.2 20.4 12.4 80.0 100 100 20 408 0 143 0 401 401 399 0 0 0 60 50 WAIT_ACK 0 
b.1 2025-06-16 16:34:01.654 a 2025-06-16-16:33:58 093 045 280 0.2 2.1 4.6 20.2 11.7 732.5 0.00 0 0.0 29.5 24.1 24.5 3.626  -53.6   27.2    2.7  13   -3.4   6 0 0 1 1 2 0 20.5 12.2 20.4 12.3 80.0 100 100 20 408 0 143 0 401 401 399 0 0 0 60 50 WAIT_ACK 0 
b.1 2025-06-16 16:35:01.644 a 2025-06-16-16:34:58 175 060 270 0.1 1.2 3.0 20.1 12.2 732.5 0.00 0 0.0 29.5 24.1 24.4 3.626  -50.3   27.1    2.3  13   -3.5   6 0 0 1 1 2 0 20.4 12.2 20.4 12.3 80.0 100 100 20 408 0 143 0 401 401 399 0 0 0 60 50 WAIT_ACK 0 
b.1 2025-06-16 16:36:02.134 a 2025-06-16-16:35:59 234 128 313 0.0 0.9 2.8 20.1 12.6 732.5 0.00 0 0.0 29.9 24.1 24.4 3.624  -50.6   27.1    2.2  13   -3.2   6 0 0 1 1 2 0 20.4 12.4 20.4 12.4 80.0 100 100 20 408 0 142 0 402 401 400 0 0 0 60 50 WAIT_ACK 0 
b.1 2025-06-16 16:37:01.134 a 2025-06-16-16:36:58 088 164 285 0.0 0.5 1.4 20.2 13.3 732.5 0.00 0 0.0 30.6 24.1 24.4 3.626  -49.9   27.1    0.0  14   -3.0   5 0 0 1 1 2 0 20.4 12.8 20.4 12.7 80.0 100 100 20 408 0 143 0 401 401 399 0 0 0 59 50 WAIT_ACK 0 
b.1 2025-06-16 16:38:00.480 a 2025-06-16-16:37:57 093 292 198 0.1 0.4 1.1 20.3 13.3 732.5 0.00 0 0.0 31.4 24.1 24.5 3.626  -49.4   27.1    0.0  14   -2.7   5 0 0 1 1 2 0 20.4 12.8 20.4 12.7 80.0 100 100 20 408 0 142 0 401 402 400 0 0 0 59 50 WAIT_ACK 0 
b.1 2025-06-16 16:39:01.256 a 2025-06-16-16:38:58 093 336 166 0.0 0.5 1.4 20.4 13.1 732.5 0.00 0 0.0 32.1 24.2 24.5 3.627  -49.1   27.2    2.1  14   -2.5   5 0 0 1 1 2 0 20.5 13.0 20.5 13.0 80.0 100 100 20 408 0 142 0 401 401 400 0 0 0 59 50 WAIT_ACK 0 
b.1 2025-06-16 16:40:01.905 a 2025-06-16-16:39:59 133 335 213 0.1 0.5 1.4 20.5 13.2 732.5 0.00 0 0.0 32.5 24.1 24.4 3.624  -49.7   27.3    2.1  14   -2.3   5 0 0 1 1 2 0 20.5 13.1 20.5 13.1 80.0 100 100 20 408 0 143 0 401 401 399 0 0 0 59 50 WAIT_ACK 0 
b.1 2025-06-16 16:41:02.025 a 2025-06-16-16:40:59 147 054 288 0.1 1.4 3.5 20.5 11.9 732.5 0.00 0 0.0 32.5 24.1 24.5 3.624  -53.2   27.5    2.2  14   -2.5   5 0 0 1 1 2 0 20.6 12.7 20.6 12.9 80.0 100 100 20 408 0 143 0 401 401 400 0 0 0 59 50 WAIT_ACK 0 
b.1 2025-06-16 16:42:01.861 a 2025-06-16-16:41:58 137 038 244 0.1 1.1 2.8 20.4 12.5 732.5 0.00 0 0.0 32.2 24.1 24.5 3.626  -51.5   27.6    0.0  14   -2.7   5 0 0 1 1 2 0 20.6 12.7 20.6 12.8 80.0 100 100 20 408 0 142 0 401 401 399 0 0 0 59 50 WAIT_ACK 0 
b.1 2025-06-16 16:43:01.141 a 2025-06-16-16:42:58 068 029 116 0.1 0.8 2.8 20.4 12.5 732.6 0.00 0 0.0 32.4 24.1 24.5 3.626  -51.2   27.6    0.0  13   -2.8   5 0 0 1 1 2 0 20.6 12.7 20.6 12.8 80.0 100 100 20 408 0 143 0 401 401 400 0 0 0 59 50 WAIT_ACK 0 
b.1 2025-06-16 16:44:01.865 a 2025-06-16-16:43:58 123 013 253 0.1 1.0 2.2 20.4 11.3 732.6 0.00 0 0.0 32.6 24.1 24.5 3.626  -51.5   27.7    2.2  14   -2.7   5 0 0 1 1 2 0 20.6 12.6 20.6 12.8 80.0 100 100 20 408 0 143 0 401 401 399 0 0 0 59 50 WAIT_ACK 0 
b.1 2025-06-16 16:45:00.644 a 2025-06-16-16:44:57 148 055 253 0.1 0.9 2.8 20.4 12.2 732.6 0.00 0 0.0 32.7 24.1 24.4 3.633  -50.5   27.7    0.0  14   -2.6   5 0 0 1 1 2 0 20.6 12.7 20.7 12.7 80.0 100 100 20 408 0 143 0 402 401 400 0 0 0 59 50 WAIT_ACK 0 
b.1 2025-06-16 16:45:59.921 a 2025-06-16-16:45:56 126 107 311 0.1 1.1 3.0 20.4 12.2 732.6 0.00 0 0.0 32.8 24.1 24.5 3.626  -52.1   27.8    2.2  13   -2.8   5 0 0 1 1 2 0 20.6 12.6 20.7 12.7 80.0 100 100 20 408 0 143 0 401 401 400 0 0 0 59 50 WAIT_ACK 0 
b.1 2025-06-16 16:47:01.164 a 2025-06-16-16:46:58 157 010 248 0.1 1.7 4.4 20.4 12.1 732.6 0.00 0 0.0 32.3 24.1 24.4 3.627  -52.6   27.8    2.3  13   -2.9   5 0 0 1 1 2 0 20.7 12.4 20.7 12.5 80.0 100 100 20 408 0 143 0 400 402 399 0 0 0 59 50 WAIT_ACK 0 
b.1 2025-06-16 16:48:02.026 a 2025-06-16-16:47:59 124 018 290 0.4 1.7 4.2 20.3 12.1 732.6 0.00 0 0.0 31.8 24.1 24.4 3.633  -51.5   27.8    2.3  13   -2.9   5 0 0 1 1 2 0 20.7 12.3 20.7 12.4 80.0 100 100 20 408 0 143 0 402 401 400 0 0 0 60 50 WAIT_ACK 0 
b.1 2025-06-16 16:49:02.421 a 2025-06-16-16:48:59 137 078 329 0.2 1.4 3.6 20.2 12.1 732.6 0.00 0 0.0 31.7 24.1 24.5 3.626  -52.0   27.8    2.3  13   -2.9   5 0 0 1 1 2 0 20.7 12.2 20.7 12.3 80.0 100 100 20 408 0 143 0 402 401 400 0 0 0 59 50 WAIT_ACK 0 
b.1 2025-06-16 16:50:01.648 a 2025-06-16-16:49:58 050 025 240 0.1 1.6 3.7 20.2 11.5 732.6 0.00 0 0.0 31.5 24.1 24.4 3.624  -54.8   27.8    2.3  13   -2.9   6 0 0 1 1 2 0 20.6 12.3 20.7 12.3 80.0 100 100 20 408 0 143 0 400 401 399 0 0 0 59 50 WAIT_ACK 0 
b.1 2025-06-16 16:51:00.846 a 2025-06-16-16:50:57 091 018 146 0.2 1.3 3.7 20.1 12.5 732.6 0.00 0 0.0 31.5 24.1 24.4 3.626  -51.0   27.8    2.2  13   -2.7   6 0 0 1 1 2 0 20.6 12.6 20.7 12.6 80.0 100 100 20 408 0 143 0 401 401 399 0 0 0 59 50 WAIT_ACK 0 
b.1 2025-06-16 16:52:01.523 a 2025-06-16-16:51:58 148 034 215 0.1 1.0 2.5 20.1 13.1 732.6 0.00 0 0.0 32.0 24.1 24.5 3.626  -51.8   27.9    0.0  13   -2.6   6 0 0 1 1 2 0 20.6 12.7 20.6 12.7 80.0 100 100 20 408 0 143 0 402 401 400 0 0 0 60 50 WAIT_ACK 0 
b.1 2025-06-16 16:53:00.627 a 2025-06-16-16:52:57 123 055 295 0.1 1.6 4.0 20.3 13.0 732.6 0.00 0 0.0 32.1 24.1 24.4 3.626  -56.3   28.0    2.2  13   -2.6   6 0 0 1 1 2 0 20.6 12.5 20.7 12.6 80.0 100 100 20 408 0 143 0 401 401 399 0 0 0 59 50 WAIT_ACK 0 
b.1 2025-06-16 16:54:01.063 a 2025-06-16-16:53:58 131 030 331 0.0 1.3 3.4 20.4 11.7 732.6 0.00 0 0.0 31.9 24.1 24.4 3.626  -50.1   28.0    2.2  13   -2.6   6 0 0 1 1 2 0 20.6 12.6 20.7 12.6 80.0 100 100 20 408 0 143 0 401 401 400 0 0 0 59 50 WAIT_ACK 0 
b.1 2025-06-16 16:55:02.230 a 2025-06-16-16:54:59 118 066 149 0.1 0.6 2.6 20.4 13.1 732.6 0.00 0 0.0 32.6 24.1 24.4 3.626  -49.6   28.1    2.2  13   -2.5   0 0 0 1 1 2 0 20.7 12.7 20.7 12.7 80.0 100 100 20 408 0 143 0 401 402 399 0 0 0 59 50 WAIT_ACK 0 
b.1 2025-06-16 16:56:01.707 a 2025-06-16-16:55:58 118 000 151 0.0 0.6 1.8 20.5 13.2 732.6 0.00 0 0.0 33.2 24.1 24.5 3.627  -50.3   28.2    0.0  13   -2.3   5 0 0 1 1 2 0 20.7 12.7 20.7 12.8 80.0 100 100 20 408 0 142 0 401 401 400 0 0 0 59 50 WAIT_ACK 0 
b.1 2025-06-16 16:57:01.128 a 2025-06-16-16:56:58 110 028 235 0.1 0.6 1.8 20.6 13.4 732.6 0.00 0 0.0 33.8 24.1 24.4 3.624  -50.8   28.3    2.2  14   -2.2   5 0 0 1 1 2 0 20.7 12.8 20.7 12.8 80.0 100 100 20 408 0 143 0 401 402 399 0 0 0 59 50 WAIT_ACK 0 
b.1 2025-06-16 16:58:01.427 a 2025-06-16-16:57:58 149 031 208 0.2 0.9 2.5 20.7 12.6 732.6 0.00 0 0.0 34.1 24.2 24.4 3.626  -52.1   28.4    0.0  14   -1.9   5 0 0 1 1 2 0 20.7 12.9 20.7 13.0 80.0 100 100 20 408 0 141 0 401 401 399 0 0 0 60 50 WAIT_ACK 0 
b.1 2025-06-16 16:59:00.117 a 2025-06-16-16:58:57 329 033 351 0.1 0.7 2.5 20.8 14.1 732.7 0.00 0 0.0 34.3 24.1 24.4 3.624  -50.5   28.5    2.2  14   -1.9   5 0 0 1 1 2 0 20.7 13.0 20.7 13.0 80.0 100 100 20 408 0 143 0 401 401 399 0 0 0 60 50 WAIT_ACK 0 
b.1 2025-06-16 17:00:01.549 a 2025-06-16-16:59:58 188 343 349 0.1 0.9 4.3 20.8 13.3 732.7 0.00 0 0.0 34.6 24.1 24.4 3.624  -50.3   28.6    2.2  13   -2.1   5 0 0 1 1 2 0 20.7 12.9 20.7 13.0 80.0 100 100 20 408 0 143 0 402 402 400 0 0 0 59 50 WAIT_ACK 0 
b.1 2025-06-16 17:01:01.671 a 2025-06-16-17:00:58 145 040 272 0.1 1.1 2.5 21.1 11.9 732.7 0.00 0 0.0 34.5 24.1 24.4 3.624  -52.8   28.6    2.1  13   -2.1   5 0 0 1 1 2 0 20.7 12.6 20.8 12.8 80.0 100 100 20 408 0 143 0 402 402 400 0 0 0 59 50 WAIT_ACK 0 
b.1 2025-06-16 17:02:00.450 a 2025-06-16-17:01:57 093 034 313 0.2 1.9 3.9 21.2 11.4 732.6 0.00 0 0.0 33.8 24.1 24.4 3.626  -54.9   28.7    2.3  13   -2.2   5 0 0 1 1 2 0 20.7 12.6 20.8 12.6 80.0 100 100 20 408 0 143 0 401 401 399 0 0 0 59 50 WAIT_ACK 0 
b.1 2025-06-16 17:03:02.290 a 2025-06-16-17:02:59 126 032 226 0.2 1.7 4.0 21.0 11.9 732.6 0.00 0 0.0 33.5 24.1 24.4 3.624  -53.3   28.7    2.4  13   -2.4   5 0 0 1 1 2 0 20.7 12.6 20.8 12.6 80.0 100 100 20 408 0 143 0 401 401 400 0 0 0 60 50 WAIT_ACK 0 
b.1 2025-06-16 17:04:00.509 a 2025-06-16-17:03:57 150 048 316 0.4 2.4 4.5 20.8 11.4 732.7 0.00 0 0.0 32.7 24.1 24.4 3.634  -55.3   28.7    2.9  13   -2.7  10 0 0 1 1 2 0 20.7 12.7 20.8 12.6 80.0 100 100 20 408 0 143 0 401 401 400 0 0 0 59 50 WAIT_ACK 0 
b.1 2025-06-16 17:05:01.167 a 2025-06-16-17:04:58 130 033 218 0.1 1.7 4.0 20.6 11.9 732.6 0.00 0 0.0 32.0 24.2 24.4 3.626  -50.4   28.6    2.7  13   -2.8   7 0 0 1 1 2 0 20.7 12.7 20.8 12.6 80.0 100 100 20 408 0 143 0 401 401 400 0 0 0 60 50 WAIT_ACK 0 
b.1 2025-06-16 17:06:02.072 a 2025-06-16-17:05:59 010 012 270 0.0 0.6 1.7 20.4 12.5 732.6 0.00 0 0.0 32.5 24.1 24.4 3.626  -50.2   28.5    2.2  13   -2.7   5 0 0 1 1 2 0 20.7 12.7 20.9 12.6 80.0 100 100 20 408 0 143 0 400 401 399 0 0 0 60 50 WAIT_ACK 0 
b.1 2025-06-16 17:07:01.811 a 2025-06-16-17:06:58 095 000 098 0.1 1.7 4.0 20.4 12.0 732.6 0.00 0 0.0 32.5 24.1 24.4 3.624  -52.7   28.5    2.3  13   -2.7   5 0 0 1 1 2 0 20.7 12.7 20.8 12.6 80.0 100 100 20 408 0 143 0 401 401 399 0 0 0 60 50 WAIT_ACK 0 
b.1 2025-06-16 17:08:01.661 a 2025-06-16-17:07:58 270 087 302 0.1 1.1 4.0 20.4 12.6 732.6 0.00 0 0.0 32.6 24.1 24.4 3.624  -49.8   28.5    0.0  13   -2.7   5 0 0 1 1 2 0 20.7 12.7 20.8 12.6 80.0 100 100 20 408 0 143 0 402 401 399 0 0 0 59 50 WAIT_ACK 0 
b.1 2025-06-16 17:09:00.789 a 2025-06-16-17:08:57 114 033 237 0.2 1.4 3.7 20.6 12.5 732.7 0.00 0 0.0 32.8 24.1 24.5 3.626  -52.2   28.5    2.2  13   -2.7   5 0 0 1 1 2 0 20.7 12.7 20.9 12.6 80.0 100 100 20 408 0 143 0 402 401 400 0 0 0 59 50 WAIT_ACK 0 
b.1 2025-06-16 17:10:00.490 a 2025-06-16-17:09:57 078 033 237 0.2 2.1 4.7 20.7 11.9 732.7 0.00 0 0.0 32.3 24.1 24.4 3.626  -52.7   28.4    2.6  13   -2.9   5 0 0 1 1 2 0 20.8 12.7 20.9 12.7 80.0 100 100 20 408 0 143 0 401 401 399 0 0 0 59 50 WAIT_ACK 0 
b.1 2025-06-16 17:11:02.009 a 2025-06-16-17:10:59 110 044 351 0.7 2.9 4.6 20.6 11.1 732.7 0.00 0 0.0 31.4 24.1 24.4 3.626  -52.3   28.4    4.0  12   -3.3  10 0 0 1 1 2 0 20.8 12.5 20.9 12.5 80.0 100 100 20 408 0 143 0 401 401 399 0 0 0 59 50 WAIT_ACK 0 
b.1 2025-06-16 17:12:01.151 a 2025-06-16-17:11:58 122 040 283 0.4 1.7 3.2 20.2 11.5 732.7 0.00 0 0.0 31.1 24.1 24.4 3.628  -51.9   28.2    3.4  12   -3.4   7 0 0 1 1 2 0 20.8 12.4 20.9 12.5 80.0 100 100 20 408 0 143 0 401 401 400 0 0 0 59 50 WAIT_ACK 0 
b.1 2025-06-16 17:13:01.132 a 2025-06-16-17:12:58 194 029 216 0.0 0.7 1.6 20.0 12.6 732.7 0.00 0 0.0 31.6 24.2 24.4 3.624  -48.8   28.1    2.4  13   -3.3   0 0 0 1 1 2 0 20.7 12.6 20.9 12.6 80.0 100 100 20 408 0 143 0 401 401 399 0 0 0 60 50 WAIT_ACK 0 
b.1 2025-06-16 17:14:01.250 a 2025-06-16-17:13:58 107 354 215 0.1 1.0 5.6 20.0 12.7 732.7 0.00 0 0.0 32.0 24.1 24.4 3.626  -49.3   28.1    2.2  13   -3.1   0 0 0 1 1 2 0 20.8 12.6 20.9 12.6 80.0 100 100 20 408 0 142 0 401 401 399 0 0 0 60 50 WAIT_ACK 0 
b.1 2025-06-16 17:15:01.618 a 2025-06-16-17:14:58 122 031 307 0.1 2.0 3.9 20.0 12.0 732.8 0.00 0 0.0 31.7 24.1 24.4 3.627  -52.5   28.1    2.4  13   -3.1   5 0 0 1 1 2 0 20.8 12.6 20.9 12.5 80.0 100 100 20 408 0 143 0 402 401 400 0 0 0 60 50 WAIT_ACK 0 
b.1 2025-06-16 17:16:01.910 a 2025-06-16-17:15:58 020 088 144 0.8 1.9 3.0 20.1 12.0 732.7 0.00 0 0.0 31.6 24.1 24.4 3.624  -51.5   28.1    2.5  13   -3.2   5 0 0 1 1 2 0 20.8 12.6 20.9 12.7 80.0 100 100 20 408 0 143 0 401 401 399 0 0 0 60 50 WAIT_ACK 0 
b.1 2025-06-16 17:17:00.450 a 2025-06-16-17:16:57 110 068 216 0.1 0.7 2.1 20.1 12.1 732.7 0.00 0 0.0 32.2 24.1 24.4 3.632  -48.6   28.1    2.2  13   -3.1   5 0 0 1 1 2 0 20.8 12.7 20.9 12.7 80.0 100 100 20 408 0 143 0 401 401 400 0 0 0 60 50 WAIT_ACK 0 
b.1 2025-06-16 17:18:01.351 a 2025-06-16-17:17:58 141 042 216 0.0 1.0 4.7 20.2 13.1 732.7 0.00 0 0.0 32.9 24.1 24.4 3.626  -49.2   28.1    2.2  13   -3.0   5 0 0 1 1 2 0 20.8 12.8 20.8 12.8 80.0 100 100 20 408 0 142 0 400 401 399 0 0 0 59 50 WAIT_ACK 0 
b.1 2025-06-16 17:19:00.868 a 2025-06-16-17:18:57 141 016 230 0.2 2.3 5.0 20.3 12.6 732.8 0.00 0 0.0 32.0 24.1 24.4 3.626  -51.4   28.0    2.6  13   -3.1   5 0 0 1 1 2 0 20.8 12.5 20.9 12.7 80.0 100 100 20 408 0 142 0 401 401 399 0 0 0 60 50 WAIT_ACK 0 
b.1 2025-06-16 17:20:01.414 a 2025-06-16-17:19:58 125 036 238 0.1 1.7 4.3 20.3 12.6 732.7 0.00 0 0.0 31.7 24.1 24.4 3.633  -49.1   28.0    2.4  13   -3.0   5 0 0 1 1 2 0 20.8 12.6 20.9 12.6 80.0 100 100 20 408 0 143 0 401 401 399 0 0 0 59 50 WAIT_ACK 0 
b.1 2025-06-16 17:21:00.790 a 2025-06-16-17:20:57 270 024 341 0.1 0.6 3.0 20.2 12.9 732.7 0.00 0 0.0 32.4 24.1 24.4 3.626  -49.0   28.0    0.0  13   -3.0   5 0 0 1 1 2 0 20.8 12.8 20.8 12.7 80.0 100 100 20 408 0 143 0 400 401 399 0 0 0 60 50 WAIT_ACK 0 
b.1 2025-06-16 17:22:01.515 a 2025-06-16-17:21:58 231 127 317 0.1 0.7 2.8 20.3 13.6 732.8 0.00 0 0.0 33.3 24.1 24.4 3.624  -49.0   28.0    2.2  13   -2.7   5 0 0 1 1 2 0 20.8 12.8 20.8 12.8 80.0 100 100 20 408 0 143 0 401 401 400 0 0 0 60 50 WAIT_ACK 0 
b.1 2025-06-16 17:23:01.691 a 2025-06-16-17:22:58 189 067 257 0.1 0.8 2.2 20.6 12.5 732.8 0.00 0 0.0 33.7 24.1 24.4 3.633  -48.2   28.1    0.0  13   -2.8   0 0 0 1 1 2 0 20.9 12.7 20.9 12.7 80.0 100 100 20 408 0 143 0 401 401 399 0 0 0 60 50 WAIT_ACK 0 
b.1 2025-06-16 17:24:01.453 a 2025-06-16-17:23:58 176 070 324 0.1 1.5 3.7 20.9 13.9 732.8 0.00 0 0.0 34.0 24.1 24.4 3.626  -50.1   28.1    2.4  13   -2.7   5 0 0 1 1 2 0 20.8 12.4 20.8 12.4 80.0 100 100 20 408 0 143 0 401 401 400 0 0 0 59 50 WAIT_ACK 0 
b.1 2025-06-16 17:25:00.513 a 2025-06-16-17:24:57 100 061 282 0.2 1.4 3.4 21.0 11.6 732.8 0.00 0 0.0 33.8 24.1 24.4 3.626  -52.6   28.1    2.3  13   -3.0   5 0 0 1 1 2 0 20.8 12.4 20.8 12.5 80.0 100 100 20 408 0 143 0 400 401 399 0 0 0 59 50 WAIT_ACK 0 
b.1 2025-06-16 17:26:00.717 a 2025-06-16-17:25:57 019 085 130 0.4 1.8 3.0 21.0 11.5 732.8 0.00 0 0.0 33.7 24.1 24.4 3.626  -49.2   28.2    2.4  13   -3.0   5 0 0 1 1 2 0 20.8 12.5 20.8 12.5 80.0 100 100 20 408 0 143 0 401 401 400 0 0 0 59 50 WAIT_ACK 0 
b.1 2025-06-16 17:27:00.334 a 2025-06-16-17:26:57 173 047 237 0.1 1.0 2.7 20.8 11.4 732.8 0.00 0 0.0 33.6 24.1 24.4 3.628  -48.9   28.2    2.2  13   -3.0   5 0 0 1 1 2 0 20.8 12.6 20.8 12.6 80.0 100 100 20 408 0 143 0 401 401 399 0 0 0 60 50 WAIT_ACK 0 
b.1 2025-06-16 17:27:59.733 a 2025-06-16-17:27:56 143 046 292 0.1 1.6 4.0 20.7 11.9 732.8 0.00 0 0.0 33.4 24.1 24.4 3.626  -50.1   28.2    2.3  13   -3.0   5 0 0 1 1 2 0 20.7 12.6 20.8 12.5 80.0 100 100 20 408 0 143 0 401 401 399 0 0 0 59 50 WAIT_ACK 0 
b.1 2025-06-16 17:29:01.614 a 2025-06-16-17:28:58 177 078 298 0.2 1.4 3.6 20.6 12.0 732.8 0.00 0 0.0 33.5 24.1 24.5 3.624  -50.0   28.2    2.3  13   -2.9   5 0 0 1 1 2 0 20.8 12.6 20.9 12.6 80.0 100 100 20 408 0 143 0 401 401 400 0 0 0 60 50 WAIT_ACK 0 
b.1 2025-06-16 17:29:59.792 a 2025-06-16-17:29:56 086 034 332 0.4 3.0 4.9 20.5 11.8 732.8 0.00 0 0.0 32.4 24.1 24.4 3.626  -51.3   28.2    3.1  13   -3.1   5 0 0 1 1 2 0 20.7 12.7 20.9 12.5 80.0 100 100 20 408 0 143 0 401 401 400 0 0 0 59 50 WAIT_ACK 0 
b.1 2025-06-16 17:30:59.913 a 2025-06-16-17:30:57 166 031 292 0.2 2.3 4.4 20.2 12.4 732.8 0.00 0 0.0 31.7 24.1 24.4 3.626  -51.2   28.2    3.5  13   -3.3   5 0 0 1 1 2 0 20.7 12.7 20.9 12.5 80.0 100 100 20 408 0 143 0 401 401 400 0 0 0 59 50 WAIT_ACK 0 
b.1 2025-06-16 17:32:01.750 a 2025-06-16-17:31:58 005 036 078 0.6 2.1 4.3 20.1 12.0 732.8 0.00 0 0.0 31.4 24.1 24.4 3.623  -50.3   28.1    3.9  13   -3.1   5 0 0 1 1 2 0 20.8 12.6 20.9 12.6 80.0 100 100 20 408 0 143 0 401 402 400 0 0 0 60 50 WAIT_ACK 0 
b.1 2025-06-16 17:33:01.351 a 2025-06-16-17:32:58 065 003 251 0.1 1.1 2.9 19.9 12.9 732.9 0.00 0 0.0 31.8 24.1 24.4 3.627  -49.8   28.0    2.5  13   -3.1   5 0 0 1 1 2 0 20.8 12.8 20.9 12.7 80.0 100 100 20 408 0 143 0 400 401 399 0 0 0 60 50 WAIT_ACK 0 
b.1 2025-06-16 17:34:01.151 a 2025-06-16-17:33:58 182 354 208 0.1 1.1 3.1 19.9 12.8 732.9 0.00 0 0.0 32.3 24.1 24.4 3.624  -47.4   28.1    2.3  13   -2.9   5 0 0 1 1 2 0 20.8 12.8 21.0 12.7 80.0 100 100 20 408 0 143 0 401 402 399 0 0 0 60 50 WAIT_ACK 0 
b.1 2025-06-16 17:35:01.835 a 2025-06-16-17:34:58 093 048 289 0.1 0.8 2.4 20.0 13.3 732.9 0.00 0 0.0 33.0 24.1 24.4 3.626  -49.0   28.1    0.0  13   -2.9   5 0 0 1 1 2 0 20.8 12.8 21.0 12.7 80.0 100 100 20 408 0 143 0 401 401 400 0 0 0 59 50 WAIT_ACK 0 
b.1 2025-06-16 17:36:01.532 a 2025-06-16-17:35:58 104 039 242 0.1 1.8 4.1 20.2 12.2 732.9 0.00 0 0.0 32.8 24.1 24.4 3.632  -48.4   28.2    2.3  13   -3.0   5 0 0 1 1 2 0 20.8 12.8 21.0 12.7 80.0 100 100 20 408 0 143 0 400 401 399 0 0 0 59 50 WAIT_ACK 0 
b.1 2025-06-16 17:37:01.572 a 2025-06-16-17:36:58 151 023 260 0.1 1.6 3.9 20.4 12.6 732.9 0.00 0 0.0 32.8 24.1 24.4 3.626  -49.8   28.2    2.3  13   -3.0   5 0 0 1 1 2 0 20.8 12.8 21.0 12.7 80.0 100 100 20 408 0 143 0 401 401 399 0 0 0 59 50 WAIT_ACK 0 
b.1 2025-06-16 17:38:01.552 a 2025-06-16-17:37:58 152 060 257 0.1 1.3 3.2 20.5 12.7 732.9 0.00 0 0.0 33.0 24.1 24.4 3.626  -45.9   28.2    2.2  13   -3.0   0 0 0 1 1 2 0 20.9 12.9 21.0 12.8 80.0 100 100 20 408 0 143 0 401 401 400 0 0 0 59 50 WAIT_ACK 0 
b.1 2025-06-16 17:39:01.073 a 2025-06-16-17:38:58 102 054 163 0.0 0.9 3.3 20.6 12.2 732.9 0.00 0 0.0 33.5 24.1 24.4 3.633  -48.2   28.2    2.1  13   -3.0   0 0 0 1 1 2 0 20.9 12.8 21.0 12.8 80.0 100 100 20 408 0 143 0 401 401 400 0 0 0 60 50 WAIT_ACK 0 
b.1 2025-06-16 17:40:00.493 a 2025-06-16-17:39:57 119 034 282 0.0 1.7 4.9 20.7 12.4 732.9 0.00 0 0.0 33.4 24.1 24.4 3.624  -48.6   28.3    2.3  13   -2.9   5 0 0 1 1 2 0 20.9 12.8 21.0 12.8 80.0 100 100 20 408 0 143 0 401 401 400 0 0 0 59 50 WAIT_ACK 0 
b.1 2025-06-16 17:41:01.151 a 2025-06-16-17:40:58 073 020 262 0.1 1.9 3.6 20.8 12.0 732.9 0.00 0 0.0 32.9 24.1 24.4 3.624  -48.4   28.3    2.5  13   -3.0   5 0 0 1 1 2 0 21.0 12.8 21.1 12.8 80.0 100 100 20 408 0 143 0 401 402 400 0 0 0 59 50 WAIT_ACK 0 
b.1 2025-06-16 17:42:01.734 a 2025-06-16-17:41:58 117 047 128 0.1 0.9 3.6 20.8 12.5 732.9 0.00 0 0.0 33.2 24.1 24.4 3.626  -45.1   28.3    2.2  13   -3.0   5 0 0 1 1 2 0 21.0 12.8 21.1 12.8 80.0 100 100 20 408 0 143 0 401 401 400 0 0 0 59 50 WAIT_ACK 0 
b.1 2025-06-16 17:43:01.015 a 2025-06-16-17:42:58 104 039 261 0.1 0.8 2.7 20.9 12.7 732.9 0.00 0 0.0 34.0 24.1 24.4 3.626  -46.7   28.3    2.2  13   -2.9   5 0 0 1 1 2 0 21.0 12.8 21.1 12.8 80.0 100 100 20 408 0 143 0 401 401 400 0 0 0 60 50 WAIT_ACK 0 
b.1 2025-06-16 17:44:01.137 a 2025-06-16-17:43:58 262 250 326 0.1 0.9 2.8 21.0 12.5 732.9 0.00 0 0.0 34.5 24.1 24.4 3.626  -47.0   28.3    2.1  13   -2.7   5 0 0 1 1 2 0 21.0 12.8 21.1 12.8 80.0 100 100 20 408 0 143 0 401 401 400 0 0 0 60 50 WAIT_ACK 0 
b.1 2025-06-16 17:45:01.217 a 2025-06-16-17:44:58 215 027 231 0.0 1.6 3.8 21.1 13.2 732.9 0.00 0 0.0 34.4 24.1 24.4 3.626  -45.9   28.4    2.2  13   -2.7   5 0 0 1 1 2 0 21.0 12.8 21.1 12.8 80.0 100 100 20 408 0 143 0 401 401 399 0 0 0 60 50 WAIT_ACK 0 
b.1 2025-06-16 17:46:01.293 a 2025-06-16-17:45:58 093 356 148 0.1 1.5 3.3 21.1 12.6 732.9 0.00 0 0.0 34.1 24.1 24.4 3.627  -45.1   28.5    2.2  13   -2.7   5 0 0 1 1 2 0 20.9 12.9 21.1 12.8 80.0 100 100 20 408 0 143 0 401 401 399 0 0 0 60 50 WAIT_ACK 0 
b.1 2025-06-16 17:47:00.835 a 2025-06-16-17:46:57 138 040 253 0.1 2.4 5.7 21.1 11.2 732.9 0.00 0 0.0 33.8 24.1 24.5 3.626  -47.1   28.5    2.7  13   -2.9   5 0 0 1 1 2 0 21.0 12.8 21.1 12.8 80.0 100 100 20 408 0 143 0 401 401 399 0 0 0 59 50 WAIT_ACK 0 
b.1 2025-06-16 17:48:00.713 a 2025-06-16-17:47:57 077 027 353 1.0 2.5 4.2 20.7 11.3 732.9 0.00 0 0.0 32.8 24.1 24.4 3.626  -50.1   28.5    3.7  13   -3.1  10 0 0 1 1 2 0 21.0 12.8 21.1 12.8 80.0 100 100 20 408 0 143 0 401 401 400 0 0 0 60 50 WAIT_ACK 0 
b.1 2025-06-16 17:48:59.914 a 2025-06-16-17:48:56 088 020 289 0.5 2.2 3.9 20.7 11.3 732.9 0.00 0 0.0 32.4 24.1 24.4 3.627  -46.2   28.4    3.8  13   -3.0   9 0 0 1 1 2 0 20.9 12.7 21.1 12.6 80.0 100 100 20 408 0 143 0 401 402 399 0 0 0 59 50 WAIT_ACK 0 
b.1 2025-06-16 17:50:02.414 a 2025-06-16-17:49:59 132 021 221 0.1 1.8 4.2 20.3 12.2 732.9 0.00 0 0.0 32.3 24.1 24.4 3.633  -46.8   28.4    3.0  13   -2.9   5 0 0 1 1 2 0 20.9 12.7 21.1 12.7 80.0 100 100 20 408 0 143 0 401 402 399 0 0 0 59 50 WAIT_ACK 0 
b.1 2025-06-16 17:51:01.898 a 2025-06-16-17:50:58 113 355 249 0.1 1.1 3.1 20.2 12.2 732.9 0.00 0 0.0 32.5 24.1 24.4 3.626  -44.0   28.4    2.5  13   -2.9   0 0 0 1 1 2 0 20.9 13.0 21.1 12.9 80.0 100 100 20 408 0 143 0 401 401 400 0 0 0 59 50 WAIT_ACK 0 
b.1 2025-06-16 17:52:01.137 a 2025-06-16-17:51:58 055 358 351 0.1 0.6 2.0 20.2 13.6 732.9 0.00 0 0.0 33.4 24.1 24.4 3.633  -43.8   28.4    2.1  13   -2.8   5 0 0 1 1 2 0 21.0 13.0 21.1 12.9 80.0 100 100 20 408 0 143 0 401 401 400 0 0 0 60 50 WAIT_ACK 0 
b.1 2025-06-16 17:53:00.657 a 2025-06-16-17:52:57 111 060 275 0.1 1.3 2.9 20.5 13.4 732.9 0.00 0 0.0 33.9 24.1 24.4 3.624  -45.0   28.4    2.2  13   -2.7   5 0 0 1 1 2 0 21.0 12.9 21.1 12.9 80.0 100 100 20 408 0 143 0 400 402 400 0 0 0 60 50 WAIT_ACK 0 
b.1 2025-06-16 17:54:00.836 a 2025-06-16-17:53:57 185 042 270 0.1 1.9 3.6 20.7 12.4 732.9 0.00 0 0.0 33.6 24.1 24.4 3.624  -43.4   28.5    2.3  13   -2.8   0 0 0 1 1 2 0 21.0 13.1 21.2 12.9 80.0 100 100 20 408 0 143 0 401 401 399 0 0 0 59 50 WAIT_ACK 0 
b.1 2025-06-16 17:55:02.076 a 2025-06-16-17:54:59 120 036 251 0.2 1.4 3.0 20.8 12.5 732.9 0.00 0 0.0 33.5 24.1 24.5 3.632  -43.4   28.5    2.3  13   -2.8   0 0 0 1 1 2 0 21.0 12.9 21.2 12.9 80.0 100 100 20 408 0 143 0 401 401 399 0 0 0 59 50 WAIT_ACK 0 
b.1 2025-06-16 17:56:01.740 a 2025-06-16-17:55:58 118 034 287 0.2 1.7 3.8 21.0 12.1 732.9 0.00 0 0.0 33.4 24.1 24.4 3.626  -46.2   28.5    2.4  13   -2.9   5 0 0 1 1 2 0 21.1 12.8 21.2 12.8 80.0 100 100 20 408 0 143 0 401 402 399 0 0 0 59 50 WAIT_ACK 0 
b.1 2025-06-16 17:57:01.677 a 2025-06-16-17:56:58 087 033 349 0.6 1.9 3.6 21.1 12.0 732.9 0.00 0 0.0 33.4 24.1 24.4 3.623  -44.4   28.5    2.6  13   -2.9   5 0 0 1 1 2 0 21.0 12.8 21.2 12.7 80.0 100 100 20 408 0 143 0 401 401 399 0 0 0 59 50 WAIT_ACK 0 
b.1 2025-06-16 17:58:00.779 a 2025-06-16-17:57:57 131 041 278 0.1 1.1 3.1 21.0 12.0 732.9 0.00 0 0.0 33.6 24.1 24.4 3.626  -43.5   28.5    2.3  13   -2.8   0 0 0 1 1 2 0 21.0 12.9 21.2 12.8 80.0 100 100 20 408 0 143 0 401 401 400 0 0 0 59 50 WAIT_ACK 0 
b.1 2025-06-16 17:59:01.736 a 2025-06-16-17:58:58 093 035 162 0.1 1.0 3.1 21.0 12.5 732.9 0.00 0 0.0 34.2 24.1 24.4 3.626  -42.6   28.5    2.2  13   -2.8   0 0 0 1 1 2 0 21.0 12.9 21.2 12.8 80.0 100 100 20 408 0 143 0 401 401 399 0 0 0 60 50 WAIT_ACK 0 
b.1 2025-06-16 18:00:00.976 a 2025-06-16-17:59:57 162 033 215 0.2 1.8 4.2 21.0 12.1 732.9 0.00 0 0.0 34.2 24.1 24.5 3.626  -44.5   28.5    2.3  13   -2.8   5 0 0 1 1 2 0 21.0 13.0 21.1 13.0 80.0 100 100 20 408 0 143 0 402 401 400 0 0 0 59 50 WAIT_ACK 0 
b.1 2025-06-16 18:01:01.976 a 2025-06-16-18:00:59 130 049 250 0.2 1.9 4.9 21.0 11.5 732.9 0.00 0 0.0 33.9 24.1 24.4 3.626  -45.4   28.6    2.5  13   -2.8   5 0 0 1 1 2 0 21.0 12.9 21.1 12.9 80.0 100 100 20 408 0 143 0 401 401 400 0 0 0 59 50 WAIT_ACK 0 
b.1 2025-06-16 18:02:00.937 a 2025-06-16-18:01:57 090 013 250 0.1 0.9 2.6 20.9 12.5 732.9 0.00 0 0.0 34.2 24.1 24.4 3.624  -44.0   28.6    2.2  13   -2.8   5 0 0 1 1 2 0 21.0 13.1 21.1 13.0 80.0 100 100 20 408 0 143 0 401 401 399 0 0 0 59 50 WAIT_ACK 0 
b.1 2025-06-16 18:03:01.489 a 2025-06-16-18:02:58 115 031 270 0.1 1.7 3.9 21.0 12.8 732.9 0.00 0 0.0 34.2 24.1 24.4 3.624  -46.8   28.6    2.3  13   -2.7   5 0 0 1 1 2 0 21.0 13.0 21.1 13.0 80.0 100 100 20 408 0 143 0 400 401 399 0 0 0 59 50 WAIT_ACK 0 
b.1 2025-06-16 18:04:01.980 a 2025-06-16-18:03:58 095 012 268 0.2 1.7 3.5 20.9 12.2 732.9 0.00 0 0.0 34.0 24.1 24.4 3.624  -43.6   28.6    2.3  13   -2.7   5 0 0 1 1 2 0 21.0 13.1 21.1 13.0 80.0 100 100 20 408 0 143 0 401 401 400 0 0 0 60 50 WAIT_ACK 0 
b.1 2025-06-16 18:05:01.918 a 2025-06-16-18:04:58 124 028 265 0.3 1.9 4.6 21.1 12.4 732.9 0.00 0 0.0 33.9 24.1 24.4 3.629  -43.6   28.6    2.4  13   -2.8   0 0 0 1 1 2 0 21.1 13.0 21.2 13.0 80.0 100 100 20 408 0 143 0 401 401 399 0 0 0 59 50 WAIT_ACK 0 
b.1 2025-06-16 18:06:01.042 a 2025-06-16-18:05:58 112 049 305 0.3 2.5 4.9 21.2 11.9 732.9 0.00 0 0.0 33.5 24.1 24.4 3.626  -45.0   28.7    3.0  13   -2.9   5 0 0 1 1 2 0 21.1 13.0 21.2 13.0 80.0 100 100 20 408 0 143 0 401 401 399 0 0 0 60 50 WAIT_ACK 0 
b.1 2025-06-16 18:07:00.598 a 2025-06-16-18:06:57 158 054 241 0.0 0.7 4.8 21.1 12.9 732.9 0.00 0 0.0 33.7 24.1 24.4 3.628  -41.3   28.6    2.2  13   -2.9   0 0 0 1 1 2 0 21.1 13.0 21.2 13.0 80.0 100 100 20 408 0 143 0 401 401 400 0 0 0 60 50 WAIT_ACK 0 
b.1 2025-06-16 18:08:01.361 a 2025-06-16-18:07:58 108 042 109 0.1 0.9 4.1 21.1 12.8 732.9 0.00 0 0.0 34.4 24.1 24.4 3.633  -44.8   28.6    2.1  13   -2.7   5 0 0 1 1 2 0 21.1 13.0 21.2 12.9 80.0 100 100 20 408 0 143 0 401 402 399 0 0 0 60 50 WAIT_ACK 0 
b.1 2025-06-16 18:09:01.220 a 2025-06-16-18:08:58 119 040 273 0.2 2.1 4.4 21.2 12.1 733.0 0.00 0 0.0 34.2 24.1 24.4 3.627  -45.1   28.6    2.5  13   -2.8   5 0 0 1 1 2 0 21.1 12.9 21.2 12.8 80.0 100 100 20 408 0 143 0 401 401 400 0 0 0 60 50 WAIT_ACK 0 
b.1 2025-06-16 18:10:01.342 a 2025-06-16-18:09:58 142 345 208 0.1 1.4 3.4 21.2 11.2 733.0 0.00 0 0.0 33.6 24.1 24.4 3.623  -42.2   28.6    2.4  13   -2.9   0 0 0 1 1 2 0 21.1 13.0 21.2 12.9 80.0 100 100 20 408 0 143 0 401 401 399 0 0 0 60 50 WAIT_ACK 0 
b.1 2025-06-16 18:11:00.641 a 2025-06-16-18:10:57 105 019 271 0.1 1.2 2.2 21.1 11.6 733.0 0.00 0 0.0 33.9 24.1 24.4 3.626  -42.9   28.6    2.4  13   -2.9   0 0 0 1 1 2 0 21.1 12.9 21.2 12.9 80.0 100 100 20 408 0 142 0 400 401 400 0 0 0 60 50 WAIT_ACK 0 
b.1 2025-06-16 18:12:00.762 a 2025-06-16-18:11:57 105 093 118 0.1 1.0 2.8 20.9 12.0 733.0 0.00 0 0.0 34.4 24.1 24.4 3.624  -41.2   28.6    2.2  13   -2.9   0 0 0 1 1 2 0 21.0 13.2 21.2 13.0 80.0 100 100 20 408 0 143 0 401 401 400 0 0 0 60 50 WAIT_ACK 0 
b.1 2025-06-16 18:13:01.582 a 2025-06-16-18:12:58 121 042 327 0.1 1.9 4.1 20.9 12.2 733.0 0.00 0 0.0 34.6 24.1 24.4 3.626  -43.9   28.7    2.3  13   -2.9   5 0 0 1 1 2 0 21.1 12.9 21.2 13.0 80.0 100 100 20 408 0 143 0 401 401 399 0 0 0 59 50 WAIT_ACK 0 
b.1 2025-06-16 18:14:00.960 a 2025-06-16-18:13:57 081 014 277 0.1 2.0 3.6 20.8 12.4 733.0 0.00 0 0.0 34.0 24.1 24.4 3.624  -40.7   28.6    2.5  13   -3.0   0 0 0 1 1 2 0 21.1 12.8 21.2 12.9 80.0 100 100 20 408 0 143 0 401 401 399 0 0 0 60 50 WAIT_ACK 0 
b.1 2025-06-16 18:15:00.203 a 2025-06-16-18:14:57 127 029 243 0.1 1.1 2.7 20.8 12.4 733.0 0.00 0 0.0 34.2 24.1 24.4 3.626  -41.5   28.6    2.3  13   -2.8   5 0 0 1 1 2 0 21.1 12.8 21.2 12.8 80.0 100 100 20 408 0 143 0 402 401 400 0 0 0 60 50 WAIT_ACK 0 
b.1 2025-06-16 18:16:00.285 a 2025-06-16-18:15:57 172 021 339 0.1 1.7 3.8 20.8 12.3 733.0 0.00 0 0.0 34.3 24.1 24.4 3.626  -44.3   28.7    2.3  13   -2.8   5 0 0 1 1 2 0 21.1 12.9 21.2 12.9 80.0 100 100 20 408 0 143 0 400 401 399 0 0 0 59 50 WAIT_ACK 0 
b.1 2025-06-16 18:17:01.382 a 2025-06-16-18:16:58 118 037 226 0.3 2.3 3.9 20.9 12.1 733.0 0.00 0 0.0 33.9 24.1 24.4 3.624  -45.6   28.7    2.8  13   -2.8   0 0 0 1 1 2 0 21.1 12.9 21.2 12.9 80.0 100 100 20 408 0 143 0 401 401 399 0 0 0 60 50 WAIT_ACK 0 
b.1 2025-06-16 18:18:00.980 a 2025-06-16-18:17:57 218 038 279 0.1 1.4 3.8 20.9 12.0 733.1 0.00 0 0.0 33.9 24.1 24.4 3.623  -42.2   28.7    2.5  12   -2.9   5 0 0 1 1 2 0 21.1 12.8 21.2 12.9 80.0 100 100 20 408 0 139 0 401 401 400 0 0 0 60 50 WAIT_ACK 0 
b.1 2025-06-16 18:19:01.203 a 2025-06-16-18:18:58 143 019 296 0.1 1.4 3.7 20.8 11.3 733.0 0.00 0 0.0 33.6 24.1 24.4 3.626  -46.7   28.7    2.6  13   -2.8   5 0 0 1 1 2 0 21.1 12.8 21.2 12.7 80.0 100 100 20 408 0 141 0 401 401 400 0 0 0 59 50 WAIT_ACK 0 
b.1 2025-06-16 18:20:01.145 a 2025-06-16-18:19:58 083 056 226 0.1 1.0 2.7 20.7 11.9 733.0 0.00 0 0.0 33.6 24.1 24.4 3.626  -41.4   28.7    2.4  13   -2.8   5 0 0 1 1 2 0 21.0 12.8 21.2 12.7 80.0 100 100 20 408 0 143 0 401 401 400 0 0 0 59 50 WAIT_ACK 0 
b.1 2025-06-16 18:21:00.384 a 2025-06-16-18:20:57 150 076 284 0.1 0.8 1.9 20.7 11.9 733.0 0.00 0 0.0 34.4 24.1 24.4 3.633  -41.0   28.8    2.1  13   -2.9   0 0 0 1 1 2 0 21.0 12.9 21.2 12.8 80.0 100 100 20 408 0 143 0 401 402 400 0 0 0 59 50 WAIT_ACK 0 
b.1 2025-06-16 18:22:01.003 a 2025-06-16-18:21:57 149 064 269 0.1 0.7 2.2 20.7 12.3 733.0 0.00 0 0.0 35.3 24.2 24.4 3.626  -41.2   28.8    0.0  13   -2.7   0 0 0 1 1 2 0 21.1 12.8 21.2 12.8 80.0 100 100 20 408 0 142 0 401 402 399 0 0 0 59 50 WAIT_ACK 0 
b.1 2025-06-16 18:23:01.525 a 2025-06-16-18:22:58 127 001 180 0.1 0.7 1.8 20.8 12.5 733.0 0.00 0 0.0 36.1 24.1 24.4 3.626  -41.1   28.9    0.0  13   -2.6   0 0 0 1 1 2 0 21.1 13.0 21.2 12.9 80.0 100 100 20 408 0 143 0 401 401 399 0 0 0 59 50 WAIT_ACK 0 
b.1 2025-06-16 18:24:00.545 a 2025-06-16-18:23:57 183 048 322 0.1 0.8 2.9 21.1 13.1 733.0 0.00 0 0.0 36.6 24.1 24.4 3.632  -41.5   28.9    0.0  13   -2.6   0 0 0 1 1 2 0 21.1 12.8 21.2 12.9 80.0 100 100 20 408 0 143 0 401 401 400 0 0 0 59 50 WAIT_ACK 0 
b.1 2025-06-16 18:25:01.846 a 2025-06-16-18:24:58 155 043 316 0.3 1.9 4.9 21.3 12.2 733.0 0.00 0 0.0 36.5 24.1 24.4 3.624  -44.0   29.0    2.3  13   -2.7   5 0 0 1 1 2 0 21.1 12.8 21.3 12.8 80.0 100 100 20 408 0 143 0 401 401 400 0 0 0 59 50 WAIT_ACK 0 
b.1 2025-06-16 18:26:01.441 a 2025-06-16-18:25:58 119 045 302 0.2 2.2 4.4 21.5 11.7 733.0 0.00 0 0.0 35.6 24.1 24.4 3.626  -45.1   29.0    2.5  12   -2.8   5 0 0 1 1 2 0 21.2 12.8 21.3 12.7 80.0 100 100 20 408 0 143 0 401 401 399 0 0 0 59 50 WAIT_ACK 0 
b.1 2025-06-16 18:27:00.744 a 2025-06-16-18:26:57 052 045 056 0.2 2.2 4.3 21.6 11.4 733.0 0.00 0 0.0 34.9 24.1 24.4 3.624  -44.5   29.0    2.8  12   -2.9   5 0 0 1 1 2 0 21.1 12.8 21.3 12.6 80.0 100 100 20 408 0 143 0 400 402 399 0 0 0 60 50 WAIT_ACK 0 
b.1 2025-06-16 18:28:00.405 a 2025-06-16-18:27:57 133 045 243 0.1 1.6 4.1 21.5 11.2 733.0 0.00 0 0.0 34.3 24.1 24.4 3.624  -41.8   28.9    2.5  12   -2.9   0 0 0 1 1 2 0 21.1 12.8 21.3 12.6 80.0 100 100 20 408 0 143 0 401 401 400 0 0 0 60 50 WAIT_ACK 0 
b.1 2025-06-16 18:29:01.421 a 2025-06-16-18:28:58 133 047 353 0.4 2.4 5.6 21.4 11.3 733.1 0.00 0 0.0 34.1 24.1 24.4 3.626  -43.5   28.9    2.9  12   -3.1   5 0 0 1 1 2 0 21.1 12.8 21.3 12.6 80.0 100 100 20 408 0 143 0 401 402 400 0 0 0 59 50 WAIT_ACK 0 
b.1 2025-06-16 18:30:02.206 a 2025-06-16-18:29:59 136 063 317 0.1 1.6 3.4 21.3 12.2 733.0 0.00 0 0.0 34.2 24.1 24.4 3.626  -45.7   28.8    2.7  12   -3.2   5 0 0 1 1 2 0 21.1 12.8 21.3 12.5 80.0 100 100 20 408 0 143 0 401 401 400 0 0 0 60 50 WAIT_ACK 0 
b.1 2025-06-16 18:31:01.124 a 2025-06-16-18:30:58 099 035 174 0.2 1.3 2.8 21.3 11.8 733.0 0.00 0 0.0 34.3 24.1 24.4 3.628  -41.7   28.8    2.3  12   -3.0   0 0 0 1 1 2 0 21.1 12.8 21.4 12.7 80.0 100 100 20 408 0 143 0 401 402 399 0 0 0 60 50 WAIT_ACK 0 
b.1 2025-06-16 18:32:00.467 a 2025-06-16-18:31:57 109 033 153 0.2 1.0 3.0 21.3 12.2 733.0 0.00 0 0.0 34.7 24.1 24.4 3.626  -42.5   28.7    2.2  12   -3.1   0 0 0 1 1 2 0 21.1 12.8 21.4 12.7 80.0 100 100 20 408 0 143 0 401 401 399 0 0 0 60 50 WAIT_ACK 0 
b.1 2025-06-16 18:33:01.285 a 2025-06-16-18:32:58 126 071 226 0.1 0.6 1.8 21.4 12.0 733.0 0.00 0 0.0 35.5 24.1 24.4 3.624  -41.4   28.7    0.0  12   -3.1   5 0 0 1 1 2 0 21.1 12.8 21.4 12.7 80.0 100 100 20 408 0 143 0 401 401 399 0 0 0 59 50 WAIT_ACK 0 
b.1 2025-06-16 18:34:02.005 a 2025-06-16-18:33:58 163 028 216 0.1 0.5 2.4 21.5 11.9 733.1 0.00 0 0.0 36.3 24.1 24.4 3.623  -42.8   28.7    0.0  13   -2.9   0 0 0 1 1 2 0 21.1 12.9 21.4 12.6 80.0 100 100 20 408 0 143 0 402 401 399 0 0 0 59 50 WAIT_ACK 0 
b.1 2025-06-16 18:35:02.125 a 2025-06-16-18:34:59 114 019 252 0.2 1.5 3.0 21.6 11.5 733.1 0.00 0 0.0 36.4 24.1 24.4 3.626  -43.2   28.7    2.2  12   -3.0   5 0 0 1 1 2 0 21.1 12.9 21.4 12.5 80.0 100 100 20 408 0 142 0 401 401 399 0 0 0 59 50 WAIT_ACK 0 
b.1 2025-06-16 18:36:00.826 a 2025-06-16-18:35:57 078 032 340 0.6 1.9 4.4 21.6 10.5 733.1 0.00 0 0.0 36.0 24.1 24.4 3.626  -44.4   28.8    2.6  12   -3.0   5 0 0 1 1 2 0 21.1 12.8 21.4 12.6 80.0 100 100 20 408 0 143 0 402 401 400 0 0 0 59 50 WAIT_ACK 0 
b.1 2025-06-16 18:37:01.566 a 2025-06-16-18:36:58 132 032 186 0.2 1.6 4.7 21.3 11.5 733.1 0.00 0 0.0 35.6 24.1 24.4 3.633  -41.4   28.8    2.3  12   -3.1   0 0 0 1 1 2 0 21.1 12.8 21.4 12.5 80.0 100 100 20 408 0 143 0 400 401 399 0 0 0 59 50 WAIT_ACK 0 
b.1 2025-06-16 18:38:01.684 a 2025-06-16-18:37:58 133 067 277 0.1 1.3 3.8 21.2 11.5 733.1 0.00 0 0.0 35.9 24.1 24.4 3.626  -42.3   28.8    2.3  12   -3.1   0 0 0 1 1 2 0 21.1 12.8 21.4 12.6 80.0 100 100 20 408 0 143 0 401 401 399 0 0 0 59 50 WAIT_ACK 0 
b.1 2025-06-16 18:39:00.407 a 2025-06-16-18:38:57 130 037 293 0.1 1.1 3.0 21.3 11.5 733.1 0.00 0 0.0 36.1 24.1 24.4 3.627  -40.9   28.8    2.1  12   -3.0   0 0 0 1 1 2 0 21.1 12.8 21.4 12.5 80.0 100 100 20 408 0 143 0 401 401 400 0 0 0 59 50 WAIT_ACK 0 
b.1 2025-06-16 18:40:02.009 a 2025-06-16-18:39:58 180 062 282 0.1 1.0 2.4 21.4 11.6 733.1 0.00 0 0.0 36.7 24.1 24.4 3.632  -41.4   28.9    2.1  12   -2.9   0 0 0 1 1 2 0 21.1 12.8 21.4 12.5 80.0 100 100 20 408 0 143 0 401 401 400 0 0 0 60 50 WAIT_ACK 0 
b.1 2025-06-16 18:40:59.392 a 2025-06-16-18:40:56 047 027 255 0.0 0.8 2.4 21.5 11.4 733.0 0.00 0 0.0 37.1 24.1 24.4 3.626  -40.8   28.9    2.2  12   -2.8   0 0 0 1 1 2 0 21.1 12.8 21.4 12.6 80.0 100 100 20 408 0 143 0 401 401 400 0 0 0 59 50 WAIT_ACK 0 
b.1 2025-06-16 18:42:00.987 a 2025-06-16-18:41:57 102 004 258 0.3 1.6 4.0 21.7 11.5 733.0 0.00 0 0.0 37.0 24.1 24.4 3.626  -40.9   29.0    2.2  12   -2.7   0 0 0 1 1 2 0 21.1 12.8 21.5 12.3 80.0 100 100 20 408 0 143 0 401 401 400 0 0 0 59 50 WAIT_ACK 0 
b.1 2025-06-16 18:42:59.905 a 2025-06-16-18:42:56 086 001 091 0.1 1.7 4.6 21.8 11.3 733.1 0.00 0 0.0 36.7 24.1 24.4 3.624  -46.3   29.1    2.3  12   -2.7   5 0 0 1 1 2 0 21.1 12.8 21.5 12.5 80.0 100 100 20 408 0 143 0 401 402 399 0 0 0 60 50 WAIT_ACK 0 
b.1 2025-06-16 18:44:01.048 a 2025-06-16-18:43:57 126 046 326 0.7 1.9 3.7 21.7 10.8 733.1 0.00 0 0.0 36.0 24.1 24.4 3.624  -43.8   29.2    2.5  12   -2.9   5 0 0 1 1 2 0 21.1 12.7 21.5 12.4 80.0 100 100 20 408 0 143 0 401 401 400 0 0 0 60 50 WAIT_ACK 0 
b.1 2025-06-16 18:45:02.539 a 2025-06-16-18:44:59 088 099 090 0.0 0.5 1.7 21.6 11.5 733.1 0.00 0 0.0 36.7 24.1 24.4 3.626  -40.7   29.2    0.0  12   -2.8   0 0 0 1 1 2 0 21.1 12.7 21.5 12.5 80.0 100 100 20 408 0 143 0 401 401 399 0 0 0 60 50 WAIT_ACK 0 
b.1 2025-06-16 18:46:01.627 a 2025-06-16-18:45:58 184 335 225 0.0 0.5 1.9 21.6 12.6 733.1 0.00 0 0.0 37.4 24.1 24.4 3.624  -40.7   29.2    0.0  12   -2.6   0 0 0 1 1 2 0 21.1 12.7 21.5 12.4 80.0 100 100 20 408 0 143 0 401 402 399 0 0 0 60 50 WAIT_ACK 0 
b.1 2025-06-16 18:47:01.950 a 2025-06-16-18:46:58 105 355 125 0.2 1.2 4.7 21.9 11.4 733.1 0.00 0 0.0 37.8 24.1 24.4 3.624  -43.0   29.3    2.2  12   -2.5   5 0 0 1 1 2 0 21.1 12.8 21.5 12.2 80.0 100 100 20 408 0 143 0 401 401 399 0 0 0 59 50 WAIT_ACK 0 
b.1 2025-06-16 18:48:00.490 a 2025-06-16-18:47:57 166 050 237 0.3 1.7 4.6 22.0 11.6 733.1 0.00 0 0.0 37.3 24.1 24.4 3.626  -41.7   29.3    2.3  12   -2.8   0 0 0 1 1 2 0 21.1 12.7 21.5 12.2 80.0 100 100 20 408 0 143 0 401 401 400 0 0 0 60 50 WAIT_ACK 0 
b.1 2025-06-16 18:49:01.229 a 2025-06-16-18:48:58 127 035 237 0.3 1.7 3.9 22.1 11.3 733.1 0.00 0 0.0 36.8 24.1 24.4 3.623  -42.9   29.3    2.4  12   -2.8   0 0 0 1 1 2 0 21.2 12.8 21.5 12.1 80.0 100 100 20 408 0 143 0 401 401 400 0 0 0 60 50 WAIT_ACK 0 
b.1 2025-06-16 18:50:01.816 a 2025-06-16-18:49:58 109 029 265 0.2 1.5 3.6 22.1 11.0 733.1 0.00 0 0.0 36.6 24.1 24.4 3.626  -42.9   29.3    2.4  12   -2.9   5 0 0 1 1 2 0 21.1 12.7 21.5 12.1 80.0 100 100 20 408 0 143 0 400 402 399 0 0 0 59 50 WAIT_ACK 0 
b.1 2025-06-16 18:51:00.913 a 2025-06-16-18:50:57 108 050 269 0.4 2.2 4.5 22.0 10.4 733.1 0.00 0 0.0 36.2 24.1 24.4 3.626  -44.8   29.3    2.8  12   -3.0   5 0 0 1 1 2 0 21.2 12.7 21.5 12.1 80.0 100 100 20 408 0 143 0 401 401 400 0 0 0 59 50 WAIT_ACK 0 
b.1 2025-06-16 18:52:00.890 a 2025-06-16-18:51:57 120 054 349 0.4 2.1 3.9 21.6 11.4 733.1 0.00 0 0.0 35.6 24.1 24.4 3.632  -44.9   29.3    3.3  12   -3.2   5 0 0 1 1 2 0 21.2 12.6 21.5 12.2 80.0 100 100 20 408 0 143 0 401 401 399 0 0 0 59 50 WAIT_ACK 0 
b.1 2025-06-16 18:53:01.313 a 2025-06-16-18:52:58 131 043 290 0.2 1.9 4.4 21.6 11.4 733.1 0.00 0 0.0 35.2 24.1 24.4 3.632  -43.5   29.2    3.1  12   -3.4   5 0 0 1 1 2 0 21.2 12.6 21.5 12.0 80.0 100 100 20 408 0 143 0 402 401 400 0 0 0 60 50 WAIT_ACK 0 
b.1 2025-06-16 18:54:00.828 a 2025-06-16-18:53:57 129 024 151 0.1 1.2 3.3 21.4 10.6 733.1 0.00 0 0.0 35.3 24.1 24.4 3.626  -43.3   29.1    2.6  12   -3.4   5 0 0 1 1 2 0 21.2 12.5 21.5 11.9 80.0 100 100 20 408 0 143 0 401 401 400 0 0 0 59 50 WAIT_ACK 0 
b.1 2025-06-16 18:55:00.535 a 2025-06-16-18:54:57 117 016 141 0.1 0.8 2.7 21.2 11.7 733.1 0.00 0 0.0 35.8 24.1 24.4 3.627  -41.6   29.0    2.2  12   -3.3   5 0 0 1 1 2 0 21.2 12.6 21.5 12.1 80.0 100 100 20 408 0 143 0 401 401 399 0 0 0 59 50 WAIT_ACK 0 
b.1 2025-06-16 18:56:01.960 a 2025-06-16-18:55:58 149 046 291 0.1 2.1 4.0 21.2 12.0 733.1 0.00 0 0.0 35.6 24.1 24.4 3.632  -44.9   29.0    2.5  12   -3.4   5 0 0 1 1 2 0 21.2 12.5 21.5 12.1 80.0 100 100 20 408 0 143 0 401 401 399 0 0 0 60 50 WAIT_ACK 0 
b.1 2025-06-16 18:57:00.874 a 2025-06-16-18:56:57 121 018 288 0.1 0.9 2.5 21.3 10.9 733.1 0.00 0 0.0 35.7 24.1 24.4 3.624  -41.0   28.9    2.3  12   -3.5   0 0 0 1 1 2 0 21.2 12.4 21.5 12.3 80.0 100 100 20 408 0 143 0 401 401 399 0 0 0 60 50 WAIT_ACK 0 
b.1 2025-06-16 18:58:01.213 a 2025-06-16-18:57:58 165 015 303 0.1 0.6 1.8 21.3 11.0 733.1 0.00 0 0.0 36.3 24.1 24.5 3.626  -41.6   28.9    0.0  12   -3.4   0 0 0 1 1 2 0 21.2 12.6 21.5 12.2 80.0 100 100 20 408 0 143 0 400 401 399 0 0 0 59 50 WAIT_ACK 0 
b.1 2025-06-16 18:59:01.290 a 2025-06-16-18:58:58 112 039 231 0.1 1.9 4.7 21.3 11.6 733.1 0.00 0 0.0 36.1 24.1 24.4 3.633  -42.4   28.9    2.3  12   -3.3   0 0 0 1 1 2 0 21.2 12.6 21.5 12.2 80.0 100 100 20 408 0 143 0 401 401 399 0 0 0 59 50 WAIT_ACK 0 
b.1 2025-06-16 19:00:01.371 a 2025-06-16-18:59:58 144 035 312 0.4 2.9 4.7 21.3 11.0 733.1 0.00 0 0.0 35.2 24.1 24.4 3.626  -43.4   28.8    3.4  12   -3.7   5 0 0 1 1 2 0 21.2 12.6 21.5 12.2 80.0 100 100 20 408 0 143 0 401 401 400 0 0 0 60 50 WAIT_ACK 0 
b.1 2025-06-16 19:01:01.155 a 2025-06-16-19:00:58 103 030 288 0.1 2.0 3.9 21.1 10.7 733.1 0.00 0 0.0 34.7 24.1 24.4 3.626  -40.8   28.7    3.6  12   -3.8   0 0 0 1 1 2 0 21.1 12.5 21.5 12.1 80.0 100 100 20 408 0 143 0 401 401 399 0 0 0 59 50 WAIT_ACK 0 
b.1 2025-06-16 19:02:02.075 a 2025-06-16-19:01:59 093 019 288 0.2 2.3 4.4 20.7 11.3 733.1 0.00 0 0.0 34.1 24.1 24.4 3.633  -44.9   28.6    3.9  12   -3.9   5 0 0 1 1 2 0 21.2 12.5 21.5 12.1 80.0 100 100 20 408 0 143 0 400 402 399 0 0 0 59 50 WAIT_ACK 0 
b.1 2025-06-16 19:03:01.812 a 2025-06-16-19:02:58 124 034 235 0.2 2.1 4.0 20.4 11.7 733.1 0.00 0 0.0 33.9 24.1 24.4 3.626  -43.3   28.4    3.5  12   -4.0   5 0 0 1 1 2 0 21.2 12.5 21.5 12.3 80.0 100 100 20 408 0 143 0 401 401 400 0 0 0 59 50 WAIT_ACK 0 
b.1 2025-06-16 19:04:00.953 a 2025-06-16-19:03:57 139 047 187 0.1 0.9 3.6 20.4 12.6 733.1 0.00 0 0.0 34.4 24.1 24.4 3.626  -42.0   28.4    2.5  12   -3.9   0 0 0 1 1 2 0 21.1 12.3 21.5 12.1 80.0 100 100 20 408 0 143 0 401 401 400 0 0 0 60 50 WAIT_ACK 0 
b.1 2025-06-16 19:05:01.818 a 2025-06-16-19:04:58 190 043 260 0.2 1.1 3.3 20.5 12.1 733.1 0.00 0 0.0 34.8 24.1 24.4 3.624  -39.5   28.3    2.3  12   -3.8   0 0 0 1 1 2 0 21.2 12.3 21.5 12.1 80.0 100 100 20 408 0 107 0 401 401 400 0 0 0 59 50 WAIT_ACK 0 
b.1 2025-06-16 19:06:01.617 a 2025-06-16-19:05:58 113 041 229 0.1 1.0 3.3 20.7 12.6 733.1 0.00 0 0.0 35.6 24.1 24.4 3.626  -42.3   28.3    2.2  12   -3.6   0 0 0 1 1 2 0 21.2 12.2 21.5 12.0 80.0 100 100 20 408 0 143 0 401 401 400 0 0 0 59 50 WAIT_ACK 0 
b.1 2025-06-16 19:07:00.575 a 2025-06-16-19:06:57 197 039 253 0.1 1.3 3.4 20.9 11.8 733.1 0.00 0 0.0 35.6 24.1 24.4 3.626  -39.0   28.3    2.2  12   -3.6   0 0 0 1 1 2 0 21.2 12.2 21.5 12.1 80.0 100 100 20 408 0 143 0 401 401 400 0 0 0 59 50 WAIT_ACK 0 
b.1 2025-06-16 19:08:01.075 a 2025-06-16-19:07:57 041 155 327 0.0 0.8 2.0 21.1 12.4 733.1 0.00 0 0.0 36.4 24.1 24.4 3.626  -38.8   28.4    0.0  12   -3.4   0 0 0 1 1 2 0 21.2 12.3 21.5 12.1 80.0 100 100 20 408 0 143 0 401 401 400 0 0 0 59 50 WAIT_ACK 0 
b.1 2025-06-16 19:09:00.276 a 2025-06-16-19:08:57 090 284 205 0.0 1.1 3.1 21.4 11.2 733.1 0.00 0 0.0 37.1 24.1 24.4 3.626  -40.8   28.5    2.3  12   -3.3   0 0 0 1 1 2 0 21.2 12.2 21.5 12.1 80.0 100 100 20 408 0 143 0 401 401 400 0 0 0 59 50 WAIT_ACK 0 
b.1 2025-06-16 19:10:01.697 a 2025-06-16-19:09:58 127 076 154 0.1 0.9 3.4 21.6 11.8 733.1 0.00 0 0.0 37.7 24.1 24.4 3.626  -39.2   28.6    0.0  12   -3.1   0 0 0 1 1 2 0 21.2 12.3 21.5 12.1 80.0 100 100 20 408 0 143 0 402 401 399 0 0 0 59 50 WAIT_ACK 0 
b.1 2025-06-16 19:11:00.280 a 2025-06-16-19:10:57 244 107 335 0.1 1.2 3.3 21.8 11.5 733.1 0.00 0 0.0 37.9 24.1 24.4 3.624  -43.2   28.7    0.0  12   -3.0   0 0 0 1 1 2 0 21.2 12.3 21.5 12.1 80.0 100 100 20 408 0 142 0 401 401 399 0 0 0 59 50 WAIT_ACK 0 
b.1 2025-06-16 19:12:01.338 a 2025-06-16-19:11:58 152 052 253 0.2 2.2 6.1 22.0 11.2 733.1 0.00 0 0.0 37.4 24.1 24.4 3.626  -42.8   28.8    2.3  12   -3.2   5 0 0 1 1 2 0 21.2 12.3 21.5 12.1 80.0 100 100 20 408 0 143 0 402 401 400 0 0 0 59 50 WAIT_ACK 0 
b.1 2025-06-16 19:13:00.357 a 2025-06-16-19:12:57 014 039 106 0.6 3.1 4.8 21.9 10.1 733.1 0.00 0 0.0 35.9 24.1 24.4 3.626  -41.5   28.8    3.9  12   -3.7   5 0 0 1 1 2 0 21.2 12.2 21.5 12.0 80.0 100 100 20 408 0 143 0 401 401 400 0 0 0 59 50 WAIT_ACK 0 
b.1 2025-06-16 19:14:00.898 a 2025-06-16-19:13:57 132 063 357 0.5 1.8 3.1 21.2 10.7 733.1 0.00 0 0.0 35.8 24.1 24.4 3.624  -41.6   28.7    3.4  12   -3.6   0 0 0 1 1 2 0 21.2 12.1 21.5 12.0 80.0 100 100 20 408 0 128 0 401 402 400 0 0 0 60 50 WAIT_ACK 0 
b.1 2025-06-16 19:14:59.957 a 2025-06-16-19:14:56 128 016 275 0.1 0.8 2.1 20.8 11.9 733.1 0.00 0 0.0 36.2 24.1 24.4 3.632  -40.0   28.7    2.3  12   -3.6   0 0 0 1 1 2 0 21.2 12.2 21.5 12.0 80.0 100 100 20 408 0 143 0 401 402 399 0 0 0 59 50 WAIT_ACK 0 
b.1 2025-06-16 19:16:02.157 a 2025-06-16-19:15:59 031 345 241 0.1 1.2 2.5 20.8 12.4 733.1 0.00 0 0.0 36.8 24.1 24.4 3.624  -39.7   28.7    2.2  12   -3.4   0 0 0 1 1 2 0 21.2 12.3 21.5 12.2 80.0 100 100 20 408 0 143 0 401 401 400 0 0 0 60 50 WAIT_ACK 0 
b.1 2025-06-16 19:17:02.236 a 2025-06-16-19:16:59 295 018 331 0.1 1.1 3.1 21.3 11.8 733.1 0.00 0 0.0 37.0 24.1 24.4 3.624  -40.0   28.7    2.2  12   -3.3   5 0 0 1 1 2 0 21.2 12.4 21.5 12.2 80.0 100 100 20 408 0 143 0 400 401 399 0 0 0 60 50 WAIT_ACK 0 
b.1 2025-06-16 19:18:01.660 a 2025-06-16-19:17:58 003 047 317 0.1 0.6 2.4 21.8 11.7 733.1 0.00 0 0.0 37.6 24.1 24.4 3.632  -40.0   28.8    2.2  12   -3.1   0 0 0 1 1 2 0 21.3 12.3 21.6 12.2 80.0 100 100 20 408 0 143 0 401 401 400 0 0 0 60 50 WAIT_ACK 0 
b.1 2025-06-16 19:19:01.540 a 2025-06-16-19:18:58 250 030 305 0.1 1.0 3.7 22.1 11.8 733.1 0.00 0 0.0 38.1 24.1 24.4 3.627  -42.1   28.9    0.0  12   -3.0   0 0 0 1 1 2 0 21.3 12.3 21.6 12.2 80.0 100 100 20 408 0 143 0 401 401 400 0 0 0 59 50 WAIT_ACK 0 
b.1 2025-06-16 19:20:00.921 a 2025-06-16-19:19:57 236 104 351 0.5 1.4 2.8 22.3 10.7 733.1 0.00 0 0.0 38.2 24.1 24.4 3.623  -44.5   29.0    2.2  12   -2.9   5 0 0 1 1 2 0 21.3 12.2 21.6 12.1 80.0 100 100 20 408 0 143 0 400 402 399 0 0 0 59 50 WAIT_ACK 0 
b.1 2025-06-16 19:21:00.341 a 2025-06-16-19:20:57 092 074 287 0.0 0.8 2.2 22.3 10.9 733.1 0.00 0 0.0 38.7 24.1 24.4 3.623  -40.7   29.1    2.2  12   -2.8   0 0 0 1 1 2 0 21.3 12.2 21.6 12.2 80.0 100 100 20 408 0 143 0 401 401 399 0 0 0 60 50 WAIT_ACK 0 
b.1 2025-06-16 19:21:59.960 a 2025-06-16-19:21:56 138 069 198 0.1 0.7 2.9 22.3 11.5 733.1 0.00 0 0.0 39.0 24.1 24.4 3.626  -40.4   29.3    0.0  12   -2.9   0 0 0 1 1 2 0 21.3 12.3 21.6 12.2 80.0 100 100 20 408 0 143 0 401 401 399 0 0 0 60 50 WAIT_ACK 0 
b.1 2025-06-16 19:23:01.240 a 2025-06-16-19:22:58 140 100 244 0.1 0.5 2.0 22.4 11.2 733.1 0.00 0 0.0 39.9 24.1 24.4 3.626  -43.2   29.3    0.0  12   -2.7   0 0 0 1 1 2 0 21.3 12.3 21.6 12.2 80.0 100 100 20 408 0 143 0 402 401 400 0 0 0 59 50 WAIT_ACK 0 
b.1 2025-06-16 19:23:59.742 a 2025-06-16-19:23:56 280 051 321 0.0 1.0 4.7 22.4 11.2 733.1 0.00 0 0.0 40.0 24.1 24.4 3.632  -41.0   29.4    2.1  12   -2.7   0 0 0 1 1 2 0 21.3 12.4 21.6 12.2 80.0 100 100 20 408 0 143 0 401 401 400 0 0 0 59 50 WAIT_ACK 0 
b.1 2025-06-16 19:25:01.441 a 2025-06-16-19:24:58 123 021 287 0.3 2.0 4.5 22.5 10.6 733.1 0.00 0 0.0 38.8 24.1 24.4 3.626  -40.0   29.5    2.4  12   -2.9   5 0 0 1 1 2 0 21.3 12.3 21.6 12.2 80.0 100 100 20 408 0 143 0 401 401 400 0 0 0 60 50 WAIT_ACK 0 
b.1 2025-06-16 19:26:00.923 a 2025-06-16-19:25:57 117 352 222 0.1 0.6 2.4 22.4 11.6 733.1 0.00 0 0.0 39.1 24.1 24.4 3.623  -39.5   29.5    0.0  12   -2.6   5 0 0 1 1 2 0 21.3 12.3 21.6 12.2 80.0 100 100 20 408 0 143 0 401 401 400 0 0 0 59 50 WAIT_ACK 0 
b.1 2025-06-16 19:27:00.621 a 2025-06-16-19:26:57 165 346 267 0.1 0.8 2.4 22.4 11.9 733.1 0.00 0 0.0 39.8 24.1 24.4 3.629  -42.3   29.6    2.2  12   -2.5   5 0 0 1 1 2 0 21.3 12.4 21.5 12.2 80.0 100 100 20 408 0 143 0 401 401 400 0 0 0 60 50 WAIT_ACK 0 
b.1 2025-06-16 19:28:00.980 a 2025-06-16-19:27:57 112 058 299 0.2 1.7 3.7 22.7 11.0 733.1 0.00 0 0.0 39.4 24.1 24.4 3.626  -41.7   29.7    2.3  12   -2.8   0 0 0 1 1 2 0 21.3 12.4 21.5 12.2 80.0 100 100 20 408 0 143 0 401 401 399 0 0 0 60 50 WAIT_ACK 0 
b.1 2025-06-16 19:29:01.744 a 2025-06-16-19:28:58 178 152 275 0.0 0.8 3.1 22.8 10.5 733.1 0.00 0 0.0 39.4 24.1 24.4 3.624  -40.6   29.7    0.0  12   -2.8   0 0 0 1 1 2 0 21.3 12.4 21.5 12.3 80.0 100 100 20 408 0 143 0 401 401 399 0 0 0 59 50 WAIT_ACK 0 
b.1 2025-06-16 19:30:01.301 a 2025-06-16-19:29:58 136 009 242 0.2 1.8 3.7 22.8 10.4 733.1 0.00 0 0.0 39.0 24.2 24.4 3.623  -41.8   29.7    2.2  12   -2.7   0 0 0 1 1 2 0 21.3 12.4 21.5 12.2 80.0 100 100 20 408 0 143 0 401 401 399 0 0 0 59 50 WAIT_ACK 0 
b.1 2025-06-16 19:31:01.940 a 2025-06-16-19:30:58 014 025 260 0.1 1.3 3.8 22.8 10.2 733.1 0.00 0 0.0 38.5 24.1 24.4 3.623  -41.7   29.8    2.1  12   -2.9   0 0 0 1 1 2 0 21.3 12.4 21.5 12.2 80.0 100 100 20 408 0 143 0 401 401 399 0 0 0 60 50 WAIT_ACK 0 
b.1 2025-06-16 19:32:01.362 a 2025-06-16-19:31:58 093 021 197 0.1 1.6 4.3 22.7 10.5 733.1 0.00 0 0.0 38.2 24.1 24.4 3.623  -42.2   29.8    2.2  12   -2.8   5 0 0 1 1 2 0 21.3 12.4 21.5 12.2 80.0 100 100 20 408 0 143 0 401 401 399 0 0 0 59 50 WAIT_ACK 0 
b.1 2025-06-16 19:33:01.563 a 2025-06-16-19:32:58 132 076 177 0.0 0.9 3.6 22.5 10.3 733.1 0.00 0 0.0 38.3 24.1 24.4 3.624  -40.1   29.8    0.0  12   -2.9   0 0 0 1 1 2 0 21.3 12.3 21.5 12.2 80.0 100 100 20 408 0 143 0 400 401 400 0 0 0 60 50 WAIT_ACK 0 
b.1 2025-06-16 19:34:01.423 a 2025-06-16-19:33:58 270 216 296 0.1 0.7 2.5 22.4 11.4 733.1 0.00 0 0.0 39.0 24.1 24.4 3.624  -40.5   29.8    0.0  12   -2.8   5 0 0 1 1 2 0 21.3 12.4 21.5 12.2 80.0 100 100 20 408 0 143 0 401 401 399 0 0 0 60 50 WAIT_ACK 0 
b.1 2025-06-16 19:35:01.101 a 2025-06-16-19:34:58 117 034 127 0.1 1.4 4.2 22.4 10.8 733.1 0.00 0 0.0 39.0 24.1 24.4 3.626  -40.5   29.8    2.1  12   -2.9   0 0 0 1 1 2 0 21.3 12.4 21.5 12.2 80.0 100 100 20 408 0 143 0 401 401 400 0 0 0 60 50 WAIT_ACK 0 
b.1 2025-06-16 19:36:01.348 a 2025-06-16-19:35:58 134 340 200 0.1 0.9 3.5 22.5 11.2 733.1 0.00 0 0.0 39.6 24.1 24.4 3.623  -42.6   29.8    2.1  12   -2.8   5 0 0 1 1 2 0 21.3 12.4 21.5 12.2 80.0 100 100 20 408 0 143 0 401 401 400 0 0 0 60 50 WAIT_ACK 0 
b.1 2025-06-16 19:37:00.726 a 2025-06-16-19:36:57 140 072 219 0.1 1.5 3.8 22.6 10.2 733.1 0.00 0 0.0 39.4 24.1 24.4 3.632  -43.6   29.8    2.2  12   -2.8   5 0 0 1 1 2 0 21.3 12.3 21.5 12.3 80.0 100 100 20 408 0 143 0 401 401 399 0 0 0 60 50 WAIT_ACK 0 
b.1 2025-06-16 19:38:01.063 a 2025-06-16-19:37:57 113 065 269 0.1 1.5 4.1 22.6 10.4 733.1 0.00 0 0.0 39.1 24.1 24.4 3.626  -40.2   29.8    2.2  12   -2.9   0 0 0 1 1 2 0 21.3 12.3 21.5 12.2 80.0 100 100 20 408 0 143 0 401 401 399 0 0 0 59 50 WAIT_ACK 0 
b.1 2025-06-16 19:39:01.642 a 2025-06-16-19:38:58 270 020 316 0.1 0.6 1.7 22.4 10.9 733.1 0.00 0 0.0 39.7 24.1 24.4 3.624  -40.3   29.8    0.0  12   -3.0   0 0 0 1 1 2 0 21.3 12.3 21.5 12.3 80.0 100 100 20 408 0 143 0 401 402 400 0 0 0 60 50 WAIT_ACK 0 
b.1 2025-06-16 19:40:01.546 a 2025-06-16-19:39:58 273 043 307 0.1 1.6 3.4 22.4 10.5 733.1 0.00 0 0.0 39.4 24.1 24.4 3.633  -42.2   29.8    2.4  12   -3.1   5 0 0 1 1 2 0 21.3 12.3 21.5 12.2 80.0 100 100 20 408 0 143 0 401 402 400 0 0 0 60 50 WAIT_ACK 0 
b.1 2025-06-16 19:41:01.563 a 2025-06-16-19:40:58 216 032 306 0.1 1.0 3.1 22.4 11.2 733.2 0.00 0 0.0 39.4 24.1 24.4 3.626  -40.7   29.8    2.2  12   -2.9   0 0 0 1 1 2 0 21.3 12.2 21.5 12.2 80.0 100 100 20 408 0 143 0 401 401 400 0 0 0 60 50 WAIT_ACK 0 
b.1 2025-06-16 19:42:01.226 a 2025-06-16-19:41:58 078 006 111 0.0 0.6 1.9 22.4 11.1 733.2 0.00 0 0.0 39.8 24.1 24.4 3.624  -40.1   29.8    0.0  12   -3.0   0 0 0 1 1 2 0 21.3 12.3 21.5 12.2 80.0 100 100 20 408 0 143 0 401 401 400 0 0 0 60 50 WAIT_ACK 0 
b.1 2025-06-16 19:43:00.844 a 2025-06-16-19:42:57 118 058 198 0.1 1.1 3.5 22.6 10.4 733.2 0.00 0 0.0 39.8 24.1 24.4 3.632  -40.3   29.8    0.0  12   -3.2   0 0 0 1 1 2 0 21.3 12.2 21.5 12.2 80.0 100 100 20 408 0 143 0 401 401 400 0 0 0 59 50 WAIT_ACK 0 
b.1 2025-06-16 19:44:01.345 a 2025-06-16-19:43:58 325 284 336 0.1 0.6 1.8 22.6 10.5 733.2 0.00 0 0.0 40.1 24.1 24.4 3.624  -40.5   29.8    0.0  12   -3.1   0 0 0 1 1 2 0 21.3 12.2 21.5 12.2 80.0 100 100 20 408 0 143 0 401 401 400 0 0 0 60 50 WAIT_ACK 0 
b.1 2025-06-16 19:45:02.305 a 2025-06-16-19:44:59 090 357 122 0.1 1.0 3.2 22.7 10.7 733.2 0.00 0 0.0 40.3 24.1 24.4 3.626  -40.9   29.8    0.0  12   -3.1   0 0 0 1 1 2 0 21.3 12.2 21.5 12.2 80.0 100 100 20 408 0 143 0 400 402 399 0 0 0 60 50 WAIT_ACK 0 
b.1 2025-06-16 19:46:01.404 a 2025-06-16-19:45:58 069 046 090 0.1 1.1 4.3 22.8 9.9 733.1 0.00 0 0.0 40.2 24.1 24.4 3.626  -40.5   29.8    2.2  11   -3.2   0 0 0 1 1 2 0 21.3 12.3 21.5 12.2 80.0 100 100 20 408 0 139 0 401 401 399 0 0 0 60 50 WAIT_ACK 0 
b.1 2025-06-16 19:47:01.805 a 2025-06-16-19:46:58 047 019 151 0.1 1.1 2.6 22.7 10.4 733.1 0.00 0 0.0 40.1 24.1 24.4 3.626  -41.8   29.8    0.0  11   -3.2   0 0 0 1 1 2 0 21.3 12.2 21.5 12.2 80.0 100 100 20 408 0 140 0 401 401 399 0 0 0 60 50 WAIT_ACK 0 
b.1 2025-06-16 19:48:01.184 a 2025-06-16-19:47:58 111 030 244 0.1 1.8 3.9 22.7 9.7 733.1 0.00 0 0.0 39.4 24.1 24.4 3.626  -40.9   29.8    2.3  11   -3.3   0 0 0 1 1 2 0 21.3 12.2 21.5 12.2 80.0 100 100 20 408 0 140 0 401 401 399 0 0 0 60 50 WAIT_ACK 0 
b.1 2025-06-16 19:49:01.828 a 2025-06-16-19:48:58 077 063 331 0.1 1.1 3.8 22.5 10.7 733.1 0.00 0 0.0 39.3 24.1 24.4 3.626  -42.0   29.8    2.2  11   -3.3   0 0 0 1 1 2 0 21.3 12.1 21.5 12.1 80.0 100 100 20 408 0 141 0 401 401 400 0 0 0 60 50 WAIT_ACK 0 
b.1 2025-06-16 19:50:01.305 a 2025-06-16-19:49:58 102 039 320 0.1 2.6 5.1 22.4 9.9 733.1 0.00 0 0.0 38.4 24.1 24.4 3.624  -43.5   29.8    2.7  11   -3.6   5 0 0 1 1 2 0 21.3 12.1 21.5 12.1 80.0 100 100 20 408 0 143 0 401 401 399 0 0 0 59 50 WAIT_ACK 0 
b.1 2025-06-16 19:51:00.309 a 2025-06-16-19:50:57 109 038 358 0.5 2.3 4.0 21.9 9.6 733.1 0.00 0 0.0 37.4 24.1 24.4 3.624  -42.4   29.7    3.3  11   -3.8   0 0 0 1 1 2 0 21.4 12.0 21.5 12.1 80.0 100 100 20 408 0 143 0 401 401 399 0 0 0 59 50 WAIT_ACK 0 
b.1 2025-06-16 19:52:01.128 a 2025-06-16-19:51:58 146 017 225 0.1 1.3 2.7 21.4 10.5 733.1 0.00 0 0.0 37.2 24.1 24.4 3.624  -40.8   29.5    2.7  11   -3.8   0 0 0 1 1 2 0 21.4 11.9 21.5 12.2 80.0 100 100 20 408 0 143 0 401 401 400 0 0 0 59 50 WAIT_ACK 0 
b.1 2025-06-16 19:53:00.825 a 2025-06-16-19:52:57 094 351 148 0.1 0.7 2.4 21.2 11.0 733.1 0.00 0 0.0 38.0 24.1 24.4 3.626  -39.7   29.5    2.2  11   -3.8   0 0 0 1 1 2 0 21.4 12.0 21.5 12.1 80.0 100 100 20 408 0 143 0 401 401 400 0 0 0 60 50 WAIT_ACK 0 
b.1 2025-06-16 19:54:01.586 a 2025-06-16-19:53:58 194 296 320 0.0 0.4 1.8 21.3 11.4 733.1 0.00 0 0.0 39.1 24.1 24.4 3.624  -38.8   29.5    0.0  11   -3.6   0 0 0 1 1 2 0 21.4 12.1 21.5 12.0 80.0 100 100 20 408 0 143 0 401 401 399 0 0 0 60 50 WAIT_ACK 0 
b.1 2025-06-16 19:55:02.026 a 2025-06-16-19:54:58 053 017 125 0.1 0.8 2.2 21.6 11.4 733.1 0.00 0 0.0 40.0 24.1 24.4 3.624  -39.5   29.5    0.0  12   -3.4   0 0 0 1 1 2 0 21.4 12.0 21.5 12.0 80.0 100 100 20 408 0 140 0 401 401 399 0 0 0 59 50 WAIT_ACK 0 
b.1 2025-06-16 19:56:01.069 a 2025-06-16-19:55:57 125 032 263 0.2 1.6 3.9 21.7 11.4 733.1 0.00 0 0.0 39.7 24.1 24.4 3.632  -42.7   29.6    2.2  12   -3.3   0 0 0 1 1 2 0 21.5 11.9 21.6 12.0 80.0 100 100 20 408 0 141 0 400 401 399 0 0 0 60 50 WAIT_ACK 0 
b.1 2025-06-16 19:57:01.028 a 2025-06-16-19:56:57 109 070 296 0.1 2.4 4.9 22.0 10.4 733.1 0.00 0 0.0 39.0 24.1 24.4 3.624  -43.3   29.7    2.5  11   -3.5   5 0 0 1 1 2 0 21.5 11.8 21.6 11.6 80.0 100 100 20 408 0 139 0 401 401 400 0 0 0 59 50 WAIT_ACK 0 
b.1 2025-06-16 19:58:01.770 a 2025-06-16-19:57:58 094 038 309 0.4 3.4 5.4 22.2 10.2 733.1 0.00 0 0.0 37.0 24.1 24.4 3.626  -44.6   29.7    4.2  11   -4.0   5 0 0 1 1 2 0 21.5 11.5 21.6 11.8 80.0 100 100 20 408 0 140 0 400 401 399 0 0 0 59 50 WAIT_ACK 0 
b.1 2025-06-16 19:59:00.308 a 2025-06-16-19:58:57 132 048 325 0.8 3.2 4.9 22.0 9.8 733.1 0.00 0 0.0 35.8 24.1 24.4 3.623  -43.6   29.5    5.1  11   -4.3   5 0 0 1 1 2 0 21.5 11.5 21.6 11.8 80.0 100 100 20 408 0 143 0 400 402 399 0 0 0 59 50 WAIT_ACK 0 
b.1 2025-06-16 20:00:01.561 a 2025-06-16-19:59:58 106 037 320 1.2 3.1 5.6 21.4 10.3 733.1 0.00 0 0.0 34.9 24.1 24.4 3.624  -41.4   29.2    6.3  11   -4.5   0 0 0 1 1 2 0 21.5 11.5 21.6 11.8 80.0 100 100 20 408 0 143 0 402 401 400 0 0 0 60 50 WAIT_ACK 0 
b.1 2025-06-16 20:01:00.971 a 2025-06-16-20:00:57 141 089 320 0.2 1.0 2.3 21.1 9.6 733.1 0.00 0 0.0 35.7 24.1 24.4 3.624  -40.6   29.0    3.3  11   -4.5   0 0 0 1 1 2 0 21.5 11.5 21.6 11.8 80.0 100 100 20 408 0 143 0 401 401 400 0 0 0 59 50 WAIT_ACK 0 
b.1 2025-06-16 20:02:01.759 a 2025-06-16-20:01:58 235 087 281 0.1 0.9 1.9 20.8 10.3 733.0 0.00 0 0.0 36.5 24.1 24.4 3.626  -38.8   28.9    2.4  11   -4.5   0 0 0 1 1 2 0 21.5 11.6 21.6 11.8 80.0 100 100 20 408 0 143 0 401 401 400 0 0 0 59 50 WAIT_ACK 0 
b.1 2025-06-16 20:03:01.410 a 2025-06-16-20:02:58 125 031 172 0.1 1.1 3.4 20.8 11.3 733.0 0.00 0 0.0 37.3 24.1 24.4 3.626  -40.6   28.9    2.3  11   -4.3   5 0 0 1 1 2 0 21.5 11.6 21.6 11.6 80.0 100 100 20 408 0 143 0 400 401 399 0 0 0 60 50 WAIT_ACK 0 
b.1 2025-06-16 20:04:01.573 a 2025-06-16-20:03:58 103 025 230 0.2 2.1 5.2 21.1 11.1 733.0 0.00 0 0.0 36.8 24.1 24.4 3.623  -42.9   28.9    2.6  11   -4.4   5 0 0 1 1 2 0 21.6 11.3 21.7 11.3 80.0 100 100 20 408 0 141 0 401 401 400 0 0 0 59 50 WAIT_ACK 0 
b.1 2025-06-16 20:05:01.657 a 2025-06-16-20:04:58 109 049 153 0.1 1.0 3.6 21.3 10.7 733.0 0.00 0 0.0 37.1 24.1 24.4 3.626  -40.4   28.9    2.2  11   -4.2   0 0 0 1 1 2 0 21.6 11.1 21.7 11.3 80.0 100 100 20 408 0 139 0 402 401 400 0 0 0 60 50 WAIT_ACK 0 
b.1 2025-06-16 20:06:00.792 a 2025-06-16-20:05:57 078 030 217 0.1 1.6 3.5 21.6 9.8 733.0 0.00 0 0.0 37.2 24.1 24.4 3.628  -39.7   28.9    2.3  11   -4.2   5 0 0 1 1 2 0 21.6 11.1 21.7 11.1 80.0 100 100 20 408 0 140 0 401 401 399 0 0 0 59 50 WAIT_ACK 0 
b.1 2025-06-16 20:07:01.572 a 2025-06-16-20:06:58 142 093 171 0.1 0.7 2.3 21.8 10.4 733.0 0.00 0 0.0 38.1 24.1 24.4 3.624  -998.   29.0    -2.  11   -4.2   0 1 2 0 0 2 1 21.6 11.1 21.7 11.1 80.0 100 100 20 408 0 140 0 401 401 399 0 0 0 59 50 WAIT_ACK 600 
b.1 2025-06-16 20:08:00.835 a 2025-06-16-20:07:57 241 171 300 0.1 0.6 1.7 22.0 10.5 733.0 0.00 0 0.0 39.0 24.1 24.4 3.624  -998.   29.1    -2.  11   -4.1   0 0 2 0 0 2 1 21.6 11.1 21.7 11.1 80.0 100 100 20 408 0 142 0 401 401 399 0 0 0 59 50 WAIT_ACK 600 
b.1 2025-06-16 20:09:01.474 a 2025-06-16-20:08:58 055 341 163 0.1 0.7 1.5 22.2 10.1 733.0 0.00 0 0.0 40.0 24.1 24.4 3.624  -998.   29.2    -2.  11   -3.9   0 0 2 0 0 2 1 21.6 11.1 21.7 11.1 80.0 100 100 20 408 0 142 0 401 401 399 0 0 0 60 50 WAIT_ACK 600 
b.1 2025-06-16 20:10:01.515 a 2025-06-16-20:09:58 067 057 331 0.1 0.9 3.6 22.4 10.5 733.0 0.00 0 0.0 40.4 24.1 24.4 3.626  -998.   29.3    -2.  11   -3.7   0 0 2 0 0 2 1 21.6 11.2 21.7 11.1 80.0 100 100 20 408 0 143 0 401 401 400 0 0 0 59 50 WAIT_ACK 600 
b.1 2025-06-16 20:11:01.171 a 2025-06-16-20:10:57 082 047 275 0.1 1.8 4.9 22.6 10.5 733.0 0.00 0 0.0 39.9 24.1 24.4 3.626  -998.   29.4    -2.  11   -3.9   0 0 2 0 0 2 1 21.5 11.2 21.7 11.1 80.0 100 100 20 408 0 143 0 401 401 399 0 0 0 60 50 WAIT_ACK 600 
b.1 2025-06-16 20:12:01.292 a 2025-06-16-20:11:58 088 046 099 0.4 3.0 5.1 22.7 9.3 733.0 0.00 0 0.0 38.4 24.1 24.4 3.632  -998.   29.4    -2.  11   -4.2   0 0 2 0 0 2 1 21.5 11.2 21.7 11.1 80.0 100 100 20 408 0 143 0 401 401 400 0 0 0 59 50 WAIT_ACK 600 
b.1 2025-06-16 20:13:01.374 a 2025-06-16-20:12:58 124 061 299 0.2 1.7 3.6 22.3 9.4 733.0 0.00 0 0.0 37.9 24.1 24.4 3.624  -998.   29.4    -2.  11   -4.3   0 0 2 0 0 2 1 21.5 11.1 21.6 11.1 80.0 100 100 20 408 0 139 0 401 401 399 0 0 0 59 50 WAIT_ACK 600 
b.1 2025-06-16 20:14:00.936 a 2025-06-16-20:13:57 080 049 137 0.0 1.1 3.6 22.0 9.9 733.0 0.00 0 0.0 37.9 24.1 24.4 3.626  -998.   29.3    -2.  11   -4.4   0 0 2 0 0 2 1 21.5 11.1 21.6 11.1 80.0 100 100 20 408 0 139 0 402 401 400 0 0 0 60 50 WAIT_ACK 600 
b.1 2025-06-16 20:15:02.013 a 2025-06-16-20:14:58 322 348 329 0.0 2.0 3.2 21.9 9.4 733.0 0.00 0 0.0 37.6 24.1 24.4 3.633  -998.   29.2    -2.  11   -4.3   0 0 2 0 0 2 1 21.5 11.1 21.6 11.1 80.0 100 100 20 408 0 141 0 401 401 400 0 0 0 60 50 WAIT_ACK 600 
b.1 2025-06-16 20:16:01.505 a 2025-06-16-20:15:58 127 020 238 0.2 2.0 4.0 21.6 9.8 733.0 0.00 0 0.0 36.7 24.1 24.4 3.624  -998.   29.2    -2.  11   -4.4   0 0 2 0 0 2 1 21.5 11.1 21.6 11.1 80.0 100 100 20 408 0 143 0 401 401 400 0 0 0 60 50 WAIT_ACK 600 
b.1 2025-06-16 20:17:01.894 a 2025-06-16-20:16:58 095 041 354 0.7 2.6 3.9 21.3 9.6 733.0 0.00 0 0.0 36.1 24.1 24.4 3.624  -998.   29.2    -2.  11   -4.7   0 0 2 0 0 2 1 21.5 11.1 21.6 11.1 80.0 100 100 20 408 0 143 0 401 401 400 0 0 0 59 50 WAIT_ACK 600 
b.1 2025-06-16 20:18:01.374 a 2025-06-16-20:17:58 225 038 240 0.1 1.0 3.7 20.9 10.9 733.0 0.00 0 0.0 36.8 24.1 24.4 3.626  -998.   29.0    -2.  11   -4.7   0 0 2 0 0 2 1 21.5 11.1 21.6 11.1 80.0 100 100 20 408 0 143 0 401 400 400 0 0 0 60 50 WAIT_ACK 600 
b.1 2025-06-16 20:18:59.875 a 2025-06-16-20:18:56 270 352 301 0.2 1.3 4.1 21.0 10.9 732.9 0.00 0 0.0 37.2 24.1 24.4 3.626  -998.   29.0    -2.  11   -4.5 100 0 2 0 0 2 1 21.5 11.2 21.6 11.1 80.0 100 100 20 408 0 143 0 401 401 400 0 0 0 59 50 WAIT_ACK 600 
b.1 2025-06-16 20:20:00.456 a 2025-06-16-20:19:57 131 038 240 0.2 1.3 3.3 21.2 10.5 732.9 0.00 0 0.0 37.0 24.1 24.4 3.623  -998.   29.0    -2.  11   -4.5   0 0 2 0 0 2 1 21.5 11.2 21.6 11.1 80.0 100 100 20 408 0 143 0 401 401 400 0 0 0 60 50 WAIT_ACK 600 
b.1 2025-06-16 20:21:01.016 a 2025-06-16-20:20:57 228 009 281 0.1 1.3 3.5 21.3 10.5 732.9 0.00 0 0.0 37.4 24.1 24.4 3.626  -998.   29.0    -2.  11   -4.3   0 0 2 0 0 2 1 21.5 11.2 21.6 11.1 80.0 100 100 20 408 0 143 0 401 401 399 0 0 0 60 50 WAIT_ACK 600 
b.1 2025-06-16 20:21:59.516 a 2025-06-16-20:21:56 329 005 338 0.1 0.9 3.4 21.6 10.7 732.9 0.00 0 0.0 37.8 24.1 24.4 3.624  -998.   29.0    -2.  11   -4.2   0 0 2 0 0 2 1 21.5 11.3 21.6 11.2 80.0 100 100 20 408 0 143 0 402 401 400 0 0 0 60 50 WAIT_ACK 600 
b.1 2025-06-16 20:23:01.459 a 2025-06-16-20:22:58 105 089 136 0.1 0.5 1.2 21.9 11.1 732.9 0.00 0 0.0 38.7 24.1 24.4 3.624  -998.   29.0    -2.  11   -4.0   0 0 2 0 0 2 1 21.5 11.3 21.6 11.2 80.0 100 100 20 408 0 143 0 401 401 400 0 0 0 59 50 WAIT_ACK 600 
b.1 2025-06-16 20:24:01.437 a 2025-06-16-20:23:58 081 318 298 0.2 0.7 2.4 22.3 11.0 733.0 0.00 0 0.0 39.2 24.1 24.4 3.626  -998.   29.1    -2.  12   -3.7   0 0 2 0 0 2 1 21.5 11.4 21.6 11.2 80.0 100 100 20 408 0 143 0 401 401 399 0 0 0 60 50 WAIT_ACK 600 
b.1 2025-06-16 20:25:00.719 a 2025-06-16-20:24:57 117 059 242 0.1 1.1 2.7 22.5 10.1 733.0 0.00 0 0.0 39.6 24.1 24.4 3.624  -998.   29.2    -2.  11   -3.8   0 0 2 0 0 2 1 21.5 11.3 21.6 11.2 80.0 100 100 20 408 0 143 0 401 401 400 0 0 0 59 50 WAIT_ACK 600 
b.1 2025-06-16 20:25:58.980 a 2025-06-16-20:25:55 180 022 335 0.1 0.8 2.4 22.6 10.3 733.0 0.00 0 0.0 39.9 24.1 24.4 3.633  -998.   29.3    -2.  11   -3.7   0 0 2 0 0 2 1 21.5 11.3 21.6 11.2 80.0 100 100 20 408 0 143 0 401 402 399 0 0 0 60 50 WAIT_ACK 600 
b.1 2025-06-16 20:27:01.421 a 2025-06-16-20:26:58 141 037 245 0.1 1.3 4.2 22.7 10.4 732.9 0.00 0 0.0 40.0 24.1 24.4 3.626  -998.   29.4    -2.  11   -3.6   0 0 2 0 0 2 1 21.5 11.4 21.7 11.2 80.0 100 100 20 408 0 143 0 402 401 400 0 0 0 59 50 WAIT_ACK 600 
b.1 2025-06-16 20:28:01.503 a 2025-06-16-20:27:58 132 040 309 0.2 1.9 4.2 22.7 10.4 733.0 0.00 0 0.0 39.5 24.1 24.4 3.633  -42.6   29.5    2.2  11   -3.7   0 0 0 1 1 2 0 21.5 11.4 21.7 11.3 80.0 100 100 20 408 0 143 0 401 401 400 0 0 0 60 50 WAIT_ACK 556 
b.1 2025-06-16 20:29:01.720 a 2025-06-16-20:28:58 176 039 205 0.1 1.4 3.8 22.6 9.9 732.9 0.00 0 0.0 39.1 24.1 24.4 3.624  -40.7   29.5    2.3  11   -3.8   0 0 0 1 1 2 0 21.5 11.4 21.7 11.3 80.0 100 100 20 408 0 143 0 401 401 399 0 0 0 60 50 WAIT_ACK 495 
b.1 2025-06-16 20:30:01.338 a 2025-06-16-20:29:58 146 237 163 0.1 0.6 1.8 22.5 9.8 732.9 0.00 0 0.0 39.8 24.1 24.4 3.626  -38.8   29.6    0.0  11   -3.8   0 0 0 1 1 2 0 21.5 11.3 21.7 11.3 80.0 100 100 20 408 0 143 0 401 402 399 0 0 0 59 50 WAIT_ACK 436 
b.1 2025-06-16 20:31:00.858 a 2025-06-16-20:30:57 270 114 279 0.0 0.4 1.5 22.3 10.7 732.9 0.00 0 0.0 40.8 24.1 24.4 3.623  -38.7   29.6    0.0  11   -3.6   0 0 0 1 1 2 0 21.5 11.4 21.7 11.3 80.0 100 100 20 408 0 143 0 401 401 400 0 0 0 59 50 WAIT_ACK 376 
b.1 2025-06-16 20:32:02.201 a 2025-06-16-20:31:58 125 023 218 0.0 0.4 1.9 22.5 10.5 732.9 0.00 0 0.0 41.8 24.1 24.4 3.623  -41.1   29.6    0.0  11   -3.6   0 0 0 1 1 2 0 21.5 11.5 21.7 11.3 80.0 100 100 20 408 0 143 0 401 402 399 0 0 0 60 50 WAIT_ACK 315 
b.1 2025-06-16 20:33:02.082 a 2025-06-16-20:32:58 070 000 297 0.1 0.6 1.9 22.7 10.7 732.9 0.00 0 0.0 42.3 24.1 24.4 3.624  -39.3   29.6    0.0  11   -3.4   0 0 0 1 1 2 0 21.5 11.6 21.7 11.5 80.0 100 100 20 408 0 143 0 400 401 399 0 0 0 60 50 WAIT_ACK 255 
b.1 2025-06-16 20:34:01.000 a 2025-06-16-20:33:57 070 096 303 0.0 0.6 1.9 22.9 10.7 732.9 0.00 0 0.0 42.7 24.1 24.4 3.623  -38.7   29.7    0.0  11   -3.3   0 0 0 1 1 2 0 21.6 11.6 21.7 11.3 80.0 100 100 20 408 0 144 0 401 402 399 0 0 0 60 50 WAIT_ACK 196 
b.1 2025-06-16 20:35:02.148 a 2025-06-16-20:34:58 274 121 295 0.1 1.1 3.6 23.2 10.7 732.9 0.00 0 0.0 42.5 24.1 24.4 3.623  -39.7   29.8    2.2  11   -3.2   0 0 0 1 1 2 0 21.6 11.7 21.7 11.3 80.0 100 100 20 408 0 144 0 401 401 399 0 0 0 60 50 WAIT_ACK 135 
b.1 2025-06-16 20:36:01.661 a 2025-06-16-20:35:58 315 065 356 0.1 1.0 3.3 23.4 10.9 733.0 0.00 0 0.0 42.3 24.1 24.4 3.623  -41.6   29.8    2.2  12   -3.1   0 0 0 1 1 2 0 21.6 11.8 21.7 11.4 80.0 100 100 20 408 0 144 0 401 401 399 0 0 0 59 50 WAIT_ACK 75 
b.1 2025-06-16 20:37:00.621 a 2025-06-16-20:36:57 119 020 239 0.1 1.3 3.3 23.5 11.3 733.0 0.00 0 0.0 42.2 24.1 24.4 3.626  -40.9   29.9    2.2  12   -2.9   0 0 0 1 1 2 0 21.6 12.1 21.7 11.7 80.0 100 100 20 408 0 144 0 401 401 400 0 0 0 60 50 WAIT_ACK 16 
b.1 2025-06-16 20:38:01.627 a 2025-06-16-20:37:58 163 146 227 0.1 0.5 1.6 23.3 11.9 733.0 0.00 0 0.0 42.5 24.1 24.4 3.623  -39.0   30.0    2.2  12   -2.6   0 0 0 1 1 2 0 21.6 12.3 21.7 11.6 80.0 100 100 20 408 0 144 0 402 401 400 0 0 0 60 50 WAIT_ACK 0 
b.1 2025-06-16 20:39:01.487 a 2025-06-16-20:38:58 223 172 270 0.0 0.5 1.8 23.3 12.4 733.0 0.00 0 0.0 43.2 24.1 24.4 3.626  -38.7   30.0    2.2  12   -2.4   5 0 0 1 1 2 0 21.6 12.4 21.7 11.7 80.0 100 100 20 408 0 144 0 401 401 400 0 0 0 60 50 WAIT_ACK 0 
b.1 2025-06-16 20:40:00.404 a 2025-06-16-20:39:57 242 324 306 0.0 0.4 1.4 23.4 12.0 732.9 0.00 0 0.0 43.7 24.1 24.4 3.623  -38.2   30.1    0.0  12   -2.1   0 0 0 1 1 2 0 21.6 12.5 21.7 11.7 80.0 100 100 20 408 0 144 0 401 401 399 0 0 0 59 50 WAIT_ACK 0 
b.1 2025-06-16 20:41:00.063 a 2025-06-16-20:40:56 147 051 282 0.2 1.4 3.7 23.6 12.3 732.9 0.00 0 0.0 43.7 24.1 24.4 3.627  -42.0   30.2    2.2  12   -1.9   0 0 0 1 1 2 0 21.6 13.0 21.8 12.0 80.0 100 100 20 408 0 144 0 401 401 400 0 0 0 60 50 WAIT_ACK 0 
b.1 2025-06-16 20:41:59.667 a 2025-06-16-20:41:56 103 018 199 0.2 0.9 3.0 23.6 13.1 733.0 0.00 0 0.0 43.2 24.1 24.4 3.624  -40.5   30.3    2.2  12   -1.8   5 0 0 1 1 2 0 21.6 12.8 21.8 11.9 80.0 100 100 20 408 0 144 0 401 401 400 0 0 0 60 50 WAIT_ACK 0 
b.1 2025-06-16 20:43:01.851 a 2025-06-16-20:42:58 130 075 350 0.1 1.5 3.9 23.5 12.4 732.9 0.00 0 0.0 42.6 24.1 24.4 3.626  -41.1   30.4    2.2  12   -1.7   0 0 0 1 1 2 0 21.6 12.9 21.8 11.9 80.0 100 100 20 408 0 144 0 401 401 400 0 0 0 60 50 WAIT_ACK 0 
b.1 2025-06-16 20:44:00.845 a 2025-06-16-20:43:57 171 040 187 0.1 0.7 3.4 23.5 12.1 732.9 0.00 0 0.0 42.4 24.1 24.4 3.632  -39.6   30.4    0.0  12   -1.7   5 0 0 1 1 2 0 21.7 13.1 21.8 12.1 80.0 100 100 20 408 0 144 0 401 401 399 0 0 0 59 50 WAIT_ACK 0 
b.1 2025-06-16 20:45:01.305 a 2025-06-16-20:44:58 157 046 162 0.1 1.2 3.0 23.5 12.2 732.9 0.00 0 0.0 42.4 24.1 24.4 3.624  -41.9   30.3    2.2  12   -1.7   0 0 0 1 1 2 0 21.7 13.2 21.8 12.0 80.0 100 100 20 408 0 144 0 401 401 400 0 0 0 60 50 WAIT_ACK 0 
b.1 2025-06-16 20:46:00.825 a 2025-06-16-20:45:57 129 032 216 0.1 1.6 2.9 23.4 11.3 732.9 0.00 0 0.0 41.5 24.1 24.4 3.628  -39.7   30.3    2.3  12   -1.9   0 0 0 1 1 2 0 21.7 13.1 21.8 12.2 80.0 100 100 20 408 0 143 0 401 401 399 0 0 0 59 50 WAIT_ACK 0 
b.1 2025-06-16 20:47:00.167 a 2025-06-16-20:46:56 116 254 193 0.1 0.6 2.1 22.9 12.4 732.9 0.00 0 0.0 41.8 24.1 24.4 3.626  -38.4   30.3    0.0  12   -1.7   0 0 0 1 1 2 0 21.7 13.2 21.8 12.1 80.0 100 100 20 408 0 144 0 401 401 400 0 0 0 59 50 WAIT_ACK 0 
b.1 2025-06-16 20:48:01.608 a 2025-06-16-20:47:58 000 087 340 0.1 0.8 2.5 22.8 13.2 732.9 0.00 0 0.0 42.3 24.1 24.4 3.624  -41.5   30.3    2.2  13   -1.6   5 0 0 1 1 2 0 21.7 13.3 21.8 12.3 80.0 100 100 20 408 0 144 0 401 401 399 0 0 0 59 50 WAIT_ACK 0 
b.1 2025-06-16 20:49:01.687 a 2025-06-16-20:48:58 052 048 299 0.0 0.4 2.5 23.0 13.5 732.9 0.00 0 0.0 42.9 24.1 24.4 3.624  -37.8   30.4    0.0  13   -1.2   0 0 0 1 1 2 0 21.7 13.2 21.8 12.4 80.0 100 100 20 408 0 143 0 401 401 399 0 0 0 60 50 WAIT_ACK 0 
b.1 2025-06-16 20:50:01.947 a 2025-06-16-20:49:58 117 077 149 0.0 0.2 0.6 23.3 13.2 732.9 0.00 0 0.0 43.8 24.1 24.4 3.624  -38.1   30.4    0.0  13   -1.1   0 0 0 1 1 2 0 21.7 13.1 21.8 12.5 80.0 100 100 20 408 0 143 0 401 401 400 0 0 0 60 50 WAIT_ACK 0 
b.1 2025-06-16 20:51:01.089 a 2025-06-16-20:50:57 128 035 241 0.1 1.1 2.9 23.6 14.5 732.9 0.00 0 0.0 43.7 24.1 24.4 3.626  -38.9   30.4    2.2  13   -1.0   0 0 0 1 1 2 0 21.7 14.1 21.8 13.1 80.0 100 100 20 408 0 143 0 401 402 399 0 0 0 60 50 WAIT_ACK 0 
b.1 2025-06-16 20:51:59.989 a 2025-06-16-20:51:56 224 169 300 0.0 0.7 3.4 23.6 13.1 732.9 0.00 0 0.0 43.8 24.1 24.4 3.624  -38.5   30.5    0.0  13   -0.8   0 0 0 1 1 2 0 21.7 14.4 21.9 12.9 80.0 100 100 20 408 0 144 0 401 401 400 0 0 0 60 50 WAIT_ACK 0 
b.1 2025-06-16 20:53:01.788 a 2025-06-16-20:52:58 042 351 092 0.1 0.8 2.6 23.7 15.0 732.9 0.00 0 0.0 43.8 24.1 24.4 3.624  -41.4   30.6    2.2  14   -0.2   0 0 0 1 1 2 0 21.7 14.2 21.8 13.1 80.0 100 100 20 408 0 144 0 401 401 400 0 0 0 59 50 WAIT_ACK 0 
b.1 2025-06-16 20:53:59.272 a 2025-06-16-20:53:56 135 051 323 0.3 2.0 4.7 23.7 13.7 732.9 0.00 0 0.0 42.8 24.1 24.4 3.624  -44.4   30.6    2.5  14   -0.3   5 0 0 1 1 2 0 21.8 14.6 21.9 13.6 80.0 100 100 20 408 0 144 0 401 402 399 0 0 0 59 50 WAIT_ACK 0 
b.1 2025-06-16 20:55:01.210 a 2025-06-16-20:54:58 137 056 274 0.1 2.0 3.9 23.3 13.9 732.9 0.00 0 0.0 41.4 24.1 24.4 3.626  -42.0   30.6    2.6  13   -0.5   5 0 0 1 1 2 0 21.8 14.8 21.9 13.2 80.0 100 100 20 408 0 143 0 401 401 400 0 0 0 60 50 WAIT_ACK 0 
b.1 2025-06-16 20:56:00.796 a 2025-06-16-20:55:57 041 045 132 0.2 1.5 3.6 22.9 15.0 732.9 0.00 0 0.0 40.5 24.1 24.4 3.624  -40.4   30.5    2.4  14   -0.4   0 0 0 1 1 2 0 21.7 14.5 21.9 13.6 80.0 100 100 20 408 0 144 0 401 401 399 0 0 0 60 50 WAIT_ACK 0 
b.1 2025-06-16 20:57:00.953 a 2025-06-16-20:56:57 154 061 248 0.1 2.2 4.6 22.7 14.8 732.9 0.00 0 0.0 39.5 24.1 24.4 3.627  -39.9   30.4    2.7  14   -0.4   0 0 0 1 1 2 0 21.8 14.6 21.9 13.7 80.0 100 100 20 408 0 143 0 400 401 399 0 0 0 60 50 WAIT_ACK 0 
b.1 2025-06-16 20:58:00.951 a 2025-06-16-20:57:57 093 075 105 0.1 0.7 2.6 22.6 15.2 732.9 0.00 0 0.0 39.8 24.1 24.4 3.624  -38.9   30.3    2.2  14   -0.4   0 0 0 1 1 2 0 21.8 14.7 21.9 13.6 80.0 100 100 20 408 0 144 0 402 401 400 0 0 0 60 50 WAIT_ACK 0 
b.1 2025-06-16 20:59:01.611 a 2025-06-16-20:58:58 148 092 270 0.1 1.2 3.7 22.8 15.1 732.9 0.00 0 0.0 40.3 24.1 24.4 3.626  -41.7   30.2    0.0  14   -0.3   0 0 0 1 1 2 0 21.8 14.8 21.9 14.0 80.0 100 100 20 408 0 144 0 401 401 400 0 0 0 60 50 WAIT_ACK 0 
b.1 2025-06-16 21:00:01.592 a 2025-06-16-20:59:58 113 054 253 0.1 1.4 3.7 22.8 15.1 732.9 0.00 0 0.0 40.4 24.1 24.4 3.632  -40.0   30.1    2.2  14   -0.2   0 0 0 1 1 2 0 21.8 14.9 21.9 14.0 80.0 100 100 20 408 0 144 0 402 401 400 0 0 0 60 50 WAIT_ACK 0 
b.1 2025-06-16 21:01:01.253 a 2025-06-16-21:00:58 152 005 211 0.2 1.5 4.4 22.8 15.4 732.9 0.00 0 0.0 40.2 24.1 24.4 3.624  -39.1   30.2    2.2  14   -0.1   5 0 0 1 1 2 0 21.8 15.2 21.9 14.5 80.0 100 100 20 408 0 144 0 401 401 399 0 0 0 59 50 WAIT_ACK 0 
b.1 2025-06-16 21:02:01.372 a 2025-06-16-21:01:58 123 035 150 0.1 1.8 5.0 23.0 14.7 732.9 0.00 0 0.0 39.0 24.1 24.4 3.623  -38.9   30.2    2.3  14   -0.1   0 0 0 1 1 2 0 21.8 15.1 21.9 14.1 80.0 100 100 20 408 0 144 0 401 401 400 0 0 0 60 50 WAIT_ACK 0 
b.1 2025-06-16 21:03:02.197 a 2025-06-16-21:02:58 180 046 271 0.2 2.1 5.3 22.7 14.9 732.9 0.00 0 0.0 38.8 24.1 24.4 3.632  -41.2   30.1    2.5  14   -0.3   5 0 0 1 1 2 0 21.8 15.1 21.9 14.4 80.0 100 100 20 408 0 144 0 401 401 400 0 0 0 59 50 WAIT_ACK 0 
b.1 2025-06-16 21:03:59.815 a 2025-06-16-21:03:56 111 045 286 0.4 2.5 4.7 22.6 14.1 732.9 0.00 0 0.0 37.8 24.1 24.4 3.624  -40.0   30.0    3.6  14   -0.5   5 0 0 1 1 2 0 21.8 14.9 21.9 14.4 80.0 100 100 20 408 0 144 0 401 401 399 0 0 0 60 50 WAIT_ACK 0 
b.1 2025-06-16 21:05:02.361 a 2025-06-16-21:04:59 134 031 211 0.1 1.0 3.6 22.1 14.9 732.9 0.00 0 0.0 38.0 24.1 24.4 3.626  -40.9   29.8    2.5  14   -0.6   5 0 0 1 1 2 0 21.8 15.2 21.9 14.3 80.0 100 100 20 408 0 144 0 400 402 399 0 0 0 60 50 WAIT_ACK 0 
b.1 2025-06-16 21:06:00.851 a 2025-06-16-21:05:57 095 037 253 0.1 1.3 3.6 21.8 15.8 732.9 0.00 0 0.0 38.0 24.1 24.4 3.623  -38.0   29.7    2.3  14   -0.4   0 0 0 1 1 2 0 21.8 15.1 21.9 14.3 80.0 100 100 20 408 0 144 0 401 401 400 0 0 0 60 50 WAIT_ACK 0 
b.1 2025-06-16 21:07:00.796 a 2025-06-16-21:06:57 136 083 166 0.1 0.6 2.1 21.7 16.4 732.9 0.00 0 0.0 38.7 24.1 24.4 3.624  -37.6   29.7    0.0  14   -0.2   0 0 0 1 1 2 0 21.8 15.0 22.0 14.8 80.0 100 100 20 408 0 144 0 401 401 399 0 0 0 60 50 WAIT_ACK 0 
b.1 2025-06-16 21:08:01.433 a 2025-06-16-21:07:58 166 325 241 0.1 0.9 3.0 21.9 16.2 732.8 0.00 0 0.0 39.0 24.1 24.4 3.626  -37.8   29.6    0.0  15    0.0   0 0 0 1 1 2 0 21.8 15.8 21.9 15.0 80.0 100 100 20 408 0 144 0 401 401 400 0 0 0 60 50 WAIT_ACK 0 
b.1 2025-06-16 21:09:00.913 a 2025-06-16-21:08:57 131 088 353 0.1 0.7 2.3 22.2 16.1 732.9 0.00 0 0.0 39.6 24.1 24.4 3.626  -39.0   29.6    0.0  15    0.1   0 0 0 1 1 2 0 21.8 15.9 21.9 15.0 80.0 100 100 20 408 0 144 0 401 401 399 0 0 0 60 50 WAIT_ACK 0 
b.1 2025-06-16 21:10:01.217 a 2025-06-16-21:09:57 082 051 230 0.5 1.9 3.7 22.5 15.4 732.9 0.00 0 0.0 39.6 24.1 24.4 3.627  -38.9   29.5    2.3  15    0.0   0 0 0 1 1 2 0 21.8 16.0 21.9 14.9 80.0 100 100 20 408 0 144 0 401 401 400 0 0 0 60 50 WAIT_ACK 0 
b.1 2025-06-16 21:11:01.894 a 2025-06-16-21:10:58 090 055 284 0.1 1.8 4.1 22.6 15.8 732.9 0.00 0 0.0 38.8 24.1 24.4 3.626  -37.4   29.5    2.4  15    0.1   0 0 0 1 1 2 0 21.8 15.8 22.0 14.9 80.0 100 100 20 408 0 144 0 401 401 400 0 0 0 59 50 WAIT_ACK 0 
b.1 2025-06-16 21:12:01.345 a 2025-06-16-21:11:58 102 054 212 0.1 2.0 4.3 22.5 16.1 732.9 0.00 0 0.0 38.4 24.1 24.4 3.626  -39.4   29.5    2.7  15    0.1   5 0 0 1 1 2 0 21.8 16.0 22.0 15.1 80.0 100 100 20 408 0 144 0 400 401 399 0 0 0 59 50 WAIT_ACK 0 
b.1 2025-06-16 21:13:01.078 a 2025-06-16-21:12:57 137 044 245 0.3 1.6 3.6 22.3 16.6 732.8 0.00 0 0.0 38.2 24.1 24.4 3.626  -37.2   29.5    2.4  15    0.2   0 0 0 1 1 2 0 21.8 16.2 22.0 15.2 80.0 100 100 20 408 0 144 0 401 401 399 0 0 0 60 50 WAIT_ACK 0 
b.1 2025-06-16 21:14:00.674 a 2025-06-16-21:13:57 200 045 238 0.0 0.8 2.5 22.2 16.9 732.8 0.00 0 0.0 38.7 24.2 24.4 3.624  -36.3   29.5    2.2  15    0.4   0 0 0 1 1 2 0 21.8 16.3 22.0 15.2 80.0 100 100 20 408 0 144 0 402 401 400 0 0 0 60 50 WAIT_ACK 0 
b.1 2025-06-16 21:15:00.898 a 2025-06-16-21:14:57 099 072 356 0.1 1.2 3.8 22.3 16.9 732.8 0.00 0 0.0 39.1 24.1 24.4 3.626  -43.0   29.5    0.0  15    0.6   0 0 0 1 1 2 0 21.8 16.3 22.0 15.6 80.0 100 100 20 408 0 144 0 402 401 400 0 0 0 60 50 WAIT_ACK 0 
b.1 2025-06-16 21:16:01.857 a 2025-06-16-21:15:58 148 039 296 0.4 2.5 4.2 22.6 16.1 732.8 0.00 0 0.0 38.1 24.1 24.4 3.632  -38.8   29.5    2.5  15    0.5   0 0 0 1 1 2 0 21.9 16.6 22.0 15.7 80.0 100 100 20 408 0 144 0 401 401 400 0 0 0 60 50 WAIT_ACK 0 
b.1 2025-06-16 21:16:59.818 a 2025-06-16-21:16:56 114 026 262 0.1 1.7 3.9 22.4 16.8 732.8 0.00 0 0.0 37.9 24.1 24.4 3.624  -40.0   29.5    2.5  15    0.6   0 0 0 1 1 2 0 21.8 16.6 22.0 15.6 80.0 100 100 20 408 0 144 0 400 402 399 0 0 0 59 50 WAIT_ACK 0 
b.1 2025-06-16 21:18:01.141 a 2025-06-16-21:17:57 113 016 308 0.1 2.4 4.7 22.3 16.3 732.8 0.00 0 0.0 36.9 24.1 24.4 3.627  -41.7   29.4    2.9  15    0.5   5 0 0 1 1 2 0 21.9 16.5 22.0 15.7 80.0 100 100 20 408 0 144 0 401 401 400 0 0 0 60 50 WAIT_ACK 0 
b.1 2025-06-16 21:19:01.177 a 2025-06-16-21:18:58 047 358 314 0.6 2.8 5.5 21.8 16.8 732.8 0.00 0 0.0 35.7 24.1 24.4 3.626  -41.3   29.4    3.7  15    0.4   5 0 0 1 1 2 0 21.9 16.5 22.0 15.6 80.0 100 100 20 408 0 144 0 400 401 399 0 0 0 59 50 WAIT_ACK 0 
b.1 2025-06-16 21:20:01.717 a 2025-06-16-21:19:58 091 351 173 0.2 1.8 3.7 21.5 17.5 732.8 0.00 0 0.0 35.9 24.1 24.4 3.623  -39.3   29.4    3.0  15    0.4   5 0 0 1 1 2 0 21.9 16.2 22.0 15.8 80.0 100 100 20 408 0 144 0 401 401 399 0 0 0 60 50 WAIT_ACK 0 
b.1 2025-06-16 21:21:01.996 a 2025-06-16-21:20:58 166 034 234 0.1 1.2 3.5 21.5 17.7 732.8 0.00 0 0.0 36.4 24.1 24.4 3.626  -37.4   29.3    2.4  15    0.4   0 0 0 1 1 2 0 21.9 16.6 22.0 16.4 80.0 100 100 20 408 0 144 0 401 401 399 0 0 0 59 50 WAIT_ACK 0 
b.1 2025-06-16 21:22:00.961 a 2025-06-16-21:21:57 132 018 250 0.1 0.8 2.8 21.6 17.9 732.8 0.00 0 0.0 37.5 24.1 24.4 3.624  -36.6   29.3    2.2  16    0.6   0 0 0 1 1 2 0 21.9 17.4 22.0 17.1 80.0 100 100 20 408 0 144 0 400 401 400 0 0 0 60 50 WAIT_ACK 0 
b.1 2025-06-16 21:23:00.461 a 2025-06-16-21:22:57 090 115 167 0.0 0.4 1.6 21.8 18.0 732.8 0.00 0 0.0 38.4 24.1 24.4 3.624  -36.2   29.4    0.0  16    0.8   0 0 0 1 1 2 0 21.9 17.5 22.0 17.1 80.0 100 100 20 408 0 144 0 401 401 400 0 0 0 59 50 WAIT_ACK 0 
b.1 2025-06-16 21:24:01.180 a 2025-06-16-21:23:57 083 044 288 0.1 1.0 3.7 22.2 17.6 732.8 0.00 0 0.0 39.1 24.1 24.4 3.626  -39.6   29.3    0.0  16    1.0   0 0 0 1 1 2 0 22.0 18.0 22.0 17.5 80.0 100 100 20 408 0 144 0 401 401 399 0 0 0 59 50 WAIT_ACK 0 
b.1 2025-06-16 21:25:00.740 a 2025-06-16-21:24:57 105 063 235 0.1 0.8 3.7 22.4 17.8 732.8 0.00 0 0.0 39.5 24.1 24.4 3.626  -38.1   29.4    0.0  16    1.0   0 0 0 1 1 2 0 22.0 17.9 22.0 17.7 80.0 100 100 20 408 0 144 0 401 402 399 0 0 0 60 50 WAIT_ACK 0 
b.1 2025-06-16 21:26:00.062 a 2025-06-16-21:25:56 217 102 296 0.0 0.6 1.6 22.6 17.9 732.8 0.00 0 0.0 40.2 24.1 24.4 3.626  -36.2   29.4    0.0  16    1.0   0 0 0 1 1 2 0 22.0 17.9 22.0 17.8 80.0 100 100 20 408 0 144 0 401 401 400 0 0 0 59 50 WAIT_ACK 0 
b.1 2025-06-16 21:27:01.522 a 2025-06-16-21:26:58 116 107 161 0.1 0.5 1.7 22.9 17.8 732.8 0.00 0 0.0 41.0 24.1 24.4 3.624  -36.6   29.4    0.0  16    1.3   0 0 0 1 1 2 0 22.0 18.0 22.0 17.8 80.0 100 100 20 408 0 144 0 401 401 399 0 0 0 60 50 WAIT_ACK 0 
b.1 2025-06-16 21:28:01.789 a 2025-06-16-21:27:58 201 085 294 0.0 0.9 2.1 23.1 16.8 732.8 0.00 0 0.0 41.5 24.1 24.4 3.626  -39.1   29.5    2.2  16    1.2   0 0 0 1 1 2 0 22.0 18.1 22.0 17.9 80.0 100 100 20 408 0 144 0 400 401 399 0 0 0 59 50 WAIT_ACK 0 
b.1 2025-06-16 21:29:01.680 a 2025-06-16-21:28:58 119 036 290 0.1 1.1 3.4 23.1 17.4 732.8 0.00 0 0.0 41.2 24.1 24.4 3.624  -37.2   29.6    2.2  16    1.4   0 0 0 1 1 2 0 22.0 18.2 22.0 18.0 80.0 100 100 20 408 0 144 0 401 401 399 0 0 0 59 50 WAIT_ACK 0 
b.1 2025-06-16 21:30:01.723 a 2025-06-16-21:29:58 038 007 167 0.1 0.6 1.9 23.1 17.8 732.9 0.00 0 0.0 41.6 24.1 24.4 3.624  -36.6   29.7    0.0  16    1.5   0 0 0 1 1 2 0 22.0 18.2 22.0 18.0 80.0 100 100 20 408 0 144 0 401 401 399 0 0 0 59 50 WAIT_ACK 0 
b.1 2025-06-16 21:31:01.101 a 2025-06-16-21:30:57 107 053 146 0.1 0.6 2.1 23.3 17.7 732.8 0.00 0 0.0 42.0 24.1 24.4 3.632  -36.7   29.7    0.0  16    1.6   0 0 0 1 1 2 0 22.0 18.8 22.0 18.1 80.0 100 100 20 408 0 144 0 402 401 400 0 0 0 60 50 WAIT_ACK 0 
b.1 2025-06-16 21:32:00.803 a 2025-06-16-21:31:57 302 349 346 0.1 0.5 1.7 23.3 17.7 732.8 0.00 0 0.0 42.4 24.1 24.4 3.632  -36.9   29.7    0.0  17    1.8   0 0 0 1 1 2 0 22.0 18.8 22.0 18.2 80.0 100 100 20 408 0 144 0 400 401 400 0 0 0 59 50 WAIT_ACK 0 
b.1 2025-06-16 21:33:00.188 a 2025-06-16-21:32:56 279 110 293 0.1 1.0 2.8 23.5 17.5 732.8 0.00 0 0.0 42.3 24.1 24.4 3.624  -36.4   29.7    2.1  17    1.8   0 0 0 1 1 2 0 22.0 18.7 22.0 18.1 80.0 100 100 20 408 0 144 0 401 401 399 0 0 0 59 50 WAIT_ACK 0 
b.1 2025-06-16 21:34:01.108 a 2025-06-16-21:33:57 146 027 157 0.0 0.6 2.7 23.6 17.5 732.8 0.00 0 0.0 42.4 24.1 24.4 3.628  -35.9   29.7    0.0  17    1.7   0 0 0 1 1 2 0 22.0 19.0 22.0 18.3 80.0 100 100 20 408 0 144 0 401 401 400 0 0 0 60 50 WAIT_ACK 0 
b.1 2025-06-16 21:35:02.029 a 2025-06-16-21:34:58 103 099 290 0.1 1.4 4.1 23.5 17.2 732.8 0.00 0 0.0 42.3 24.1 24.4 3.633  -42.8   29.8    2.2  17    1.8   5 0 0 1 1 2 0 22.0 18.7 22.1 18.1 80.0 100 100 20 408 0 144 0 401 401 399 0 0 0 59 50 WAIT_ACK 0 
b.1 2025-06-16 21:36:01.265 a 2025-06-16-21:35:58 230 100 295 0.1 0.8 2.1 23.5 16.6 732.8 0.00 0 0.0 42.2 24.1 24.4 3.626  -36.7   29.7    0.0  17    1.7   0 0 0 1 1 2 0 22.0 18.8 22.1 18.2 80.0 100 100 20 408 0 144 0 401 401 400 0 0 0 60 50 WAIT_ACK 0 
b.1 2025-06-16 21:37:01.163 a 2025-06-16-21:36:57 101 328 148 0.0 0.6 1.9 23.3 17.6 732.8 0.00 0 0.0 42.2 24.1 24.4 3.623  -39.4   29.8    2.2  16    1.7   5 0 0 1 1 2 0 22.0 19.1 22.1 18.2 80.0 100 100 20 408 0 144 0 400 401 399 0 0 0 60 50 WAIT_ACK 0 
b.1 2025-06-16 21:37:59.986 a 2025-06-16-21:37:56 023 308 087 0.0 0.7 2.0 23.3 17.7 732.8 0.00 0 0.0 42.2 24.1 24.4 3.624  -36.4   29.8    0.0  17    1.9   0 0 0 1 1 2 0 22.0 19.1 22.1 18.4 80.0 100 100 20 408 0 144 0 401 401 399 0 0 0 60 50 WAIT_ACK 0 
b.1 2025-06-16 21:39:00.483 a 2025-06-16-21:38:57 158 043 271 0.0 1.3 2.7 23.3 18.1 732.8 0.00 0 0.0 42.0 24.1 24.4 3.626  -37.1   29.9    2.2  17    2.0   5 0 0 1 1 2 0 22.0 18.9 22.1 18.6 80.0 100 100 20 408 0 144 0 401 401 400 0 0 0 60 50 WAIT_ACK 0 
b.1 2025-06-16 21:40:01.724 a 2025-06-16-21:39:58 140 048 179 0.1 0.7 3.5 23.3 17.8 732.8 0.00 0 0.0 41.9 24.1 24.4 3.624  -39.6   30.0    0.0  17    2.3   0 0 0 1 1 2 0 22.0 19.1 22.1 18.6 80.0 100 100 20 408 0 144 0 402 401 400 0 0 0 59 50 WAIT_ACK 0 
b.1 2025-06-16 21:41:01.104 a 2025-06-16-21:40:57 107 022 237 0.1 2.1 6.5 23.2 18.6 732.8 0.00 0 0.0 40.7 24.1 24.4 3.626  -41.1   30.1    2.4  17    2.2   5 0 0 1 1 2 0 22.0 19.1 22.1 18.5 80.0 100 100 20 408 0 144 0 401 401 399 0 0 0 59 50 WAIT_ACK 0 
b.1 2025-06-16 21:42:01.305 a 2025-06-16-21:41:58 139 047 309 0.1 2.4 4.5 22.9 18.0 732.8 0.00 0 0.0 39.0 24.1 24.4 3.627  -38.6   30.1    2.9  17    2.1   0 0 0 1 1 2 0 22.0 19.1 22.1 18.7 80.0 100 100 20 408 0 144 0 401 401 400 0 0 0 60 50 WAIT_ACK 0 
b.1 2025-06-16 21:43:02.032 a 2025-06-16-21:42:58 270 109 282 0.0 0.3 1.4 22.3 19.9 732.8 0.00 0 0.0 39.8 24.1 24.4 3.624  -36.2   30.0    0.0  17    2.2   0 0 0 1 1 2 0 22.0 19.3 22.1 18.5 80.0 100 100 20 408 0 144 0 401 401 400 0 0 0 60 50 WAIT_ACK 0 
b.1 2025-06-16 21:44:01.765 a 2025-06-16-21:43:58 130 063 194 0.0 0.8 4.7 22.3 19.8 732.8 0.00 0 0.0 40.7 24.1 24.4 3.624  -39.5   29.9    2.3  17    2.3   0 0 0 1 1 2 0 22.0 19.3 22.1 18.7 80.0 100 100 20 408 0 144 0 401 401 399 0 0 0 59 50 WAIT_ACK 0 
b.1 2025-06-16 21:45:00.447 a 2025-06-16-21:44:57 027 125 297 0.1 0.7 3.0 22.5 19.9 732.8 0.00 0 0.0 40.8 24.1 24.4 3.624  -36.7   29.9    0.0  17    2.5   0 0 0 1 1 2 0 22.0 19.6 22.1 18.8 80.0 100 100 20 408 0 144 0 401 401 399 0 0 0 59 50 WAIT_ACK 0 
b.1 2025-06-16 21:46:01.446 a 2025-06-16-21:45:58 139 075 284 0.0 0.8 2.7 22.7 19.1 732.8 0.00 0 0.0 41.0 24.1 24.4 3.624  -36.3   29.9    0.0  17    2.5   0 0 0 1 1 2 0 22.0 19.7 22.1 19.2 80.0 100 100 20 408 0 144 0 401 401 399 0 0 0 60 50 WAIT_ACK 0 
b.1 2025-06-16 21:47:01.145 a 2025-06-16-21:46:57 153 092 230 0.0 0.7 3.3 22.9 19.3 732.8 0.00 0 0.0 41.7 24.1 24.4 3.624  -40.0   30.0    2.2  17    2.6   0 0 0 1 1 2 0 22.0 19.8 22.1 18.7 80.0 100 100 20 408 0 144 0 401 401 399 0 0 0 59 50 WAIT_ACK 0 
b.1 2025-06-16 21:48:01.653 a 2025-06-16-21:47:58 139 084 223 0.1 0.9 3.6 23.1 18.7 732.8 0.00 0 0.0 41.4 24.1 24.4 3.626  -36.9   30.0    0.0  18    2.8   0 0 0 1 1 2 0 22.0 20.0 22.1 19.2 80.0 100 100 20 408 0 144 0 401 401 400 0 0 0 59 50 WAIT_ACK 0 
b.1 2025-06-16 21:49:00.848 a 2025-06-16-21:48:57 067 019 148 0.1 0.9 3.2 23.1 19.3 732.8 0.00 0 0.0 41.3 24.1 24.4 3.624  -36.9   30.0    0.0  18    2.9   0 0 0 1 1 2 0 22.0 19.9 22.1 19.1 80.0 100 100 20 408 0 144 0 401 401 399 0 0 0 59 50 WAIT_ACK 0 
b.1 2025-06-16 21:50:01.907 a 2025-06-16-21:49:58 155 041 201 0.1 1.0 4.4 23.2 19.4 732.8 0.00 0 0.0 41.6 24.1 24.4 3.626  -40.0   30.0    2.1  18    2.9   0 0 0 1 1 2 0 22.0 20.2 22.1 19.5 80.0 100 100 20 408 0 144 0 401 401 399 0 0 0 60 50 WAIT_ACK 0 
b.1 2025-06-16 21:51:01.849 a 2025-06-16-21:50:58 042 059 230 0.1 1.9 5.0 23.3 18.5 732.8 0.00 0 0.0 40.8 24.1 24.4 3.632  -41.7   30.1    2.3  18    2.9   5 0 0 1 1 2 0 22.0 20.0 22.2 19.3 80.0 100 100 20 408 0 144 0 402 401 400 0 0 0 59 50 WAIT_ACK 0 
b.1 2025-06-16 21:52:00.390 a 2025-06-16-21:51:57 149 043 303 0.2 2.3 4.4 23.0 17.7 732.8 0.00 0 0.0 39.6 24.1 24.4 3.626  -42.5   30.0    3.1  17    2.4   5 0 0 1 1 2 0 22.1 19.8 22.1 19.2 80.0 100 100 20 408 0 144 0 401 401 400 0 0 0 60 50 WAIT_ACK 0 
b.1 2025-06-16 21:53:01.812 a 2025-06-16-21:52:58 148 043 340 0.0 1.0 3.4 22.4 18.9 732.7 0.00 0 0.0 39.1 24.1 24.4 3.624  -36.7   29.9    2.5  17    2.3   0 0 0 1 1 2 0 22.0 20.0 22.1 19.5 80.0 100 100 20 408 0 144 0 401 401 399 0 0 0 59 50 WAIT_ACK 0 
b.1 2025-06-16 21:54:00.309 a 2025-06-16-21:53:57 129 037 143 0.0 0.5 1.8 22.0 19.8 732.7 0.00 0 0.0 39.8 24.1 24.4 3.623  -36.4   29.8    0.0  17    2.4   0 0 0 1 1 2 0 22.0 19.9 22.1 19.4 80.0 100 100 20 408 0 144 0 401 401 400 0 0 0 60 50 WAIT_ACK 0 
b.1 2025-06-16 21:55:01.588 a 2025-06-16-21:54:58 041 060 191 0.1 0.4 1.1 22.2 20.3 732.7 0.00 0 0.0 40.4 24.1 24.4 3.626  -35.8   29.8    0.0  18    2.7   0 0 0 1 1 2 0 22.0 20.2 22.1 19.5 80.0 100 100 20 408 0 144 0 401 401 400 0 0 0 60 50 WAIT_ACK 0 
b.1 2025-06-16 21:56:01.349 a 2025-06-16-21:55:58 142 102 186 0.1 0.8 2.1 22.6 19.4 732.7 0.00 0 0.0 40.9 24.1 24.4 3.624  -38.8   29.8    2.1  18    2.7   0 0 0 1 1 2 0 22.1 20.1 22.2 19.6 80.0 100 100 20 408 0 144 0 401 401 399 0 0 0 59 50 WAIT_ACK 0 
b.1 2025-06-16 21:57:01.230 a 2025-06-16-21:56:57 065 098 180 0.1 0.8 2.6 22.9 19.3 732.7 0.00 0 0.0 41.0 24.1 24.4 3.623  -38.5   29.8    2.1  18    2.8   0 0 0 1 1 2 0 22.1 20.0 22.2 19.8 80.0 100 100 20 408 0 144 0 400 402 399 0 0 0 60 50 WAIT_ACK 0 
b.1 2025-06-16 21:58:01.348 a 2025-06-16-21:57:58 229 048 296 0.1 0.7 2.5 23.2 18.8 732.7 0.00 0 0.0 41.2 24.1 24.4 3.626  -37.7   29.8    0.0  18    2.9   0 0 0 1 1 2 0 22.1 20.1 22.2 19.7 80.0 100 100 20 408 0 144 0 401 401 400 0 0 0 59 50 WAIT_ACK 0 
b.1 2025-06-16 21:59:01.351 a 2025-06-16-21:58:58 112 011 218 0.1 1.3 5.5 23.3 19.1 732.7 0.00 0 0.0 40.6 24.2 24.4 3.624  -37.1   29.8    2.2  18    2.9   0 0 0 1 1 2 0 22.0 20.2 22.1 19.6 80.0 100 100 20 408 0 144 0 400 401 399 0 0 0 60 50 WAIT_ACK 0 
b.1 2025-06-16 22:00:02.177 a 2025-06-16-21:59:58 037 333 065 0.2 1.2 3.1 23.2 20.0 732.7 0.00 0 0.0 40.3 24.1 24.4 3.624  -37.0   29.8    0.0  18    3.1   0 0 0 1 1 2 0 22.1 20.2 22.2 19.8 80.0 100 100 20 408 0 144 0 401 401 400 0 0 0 60 50 WAIT_ACK 0 
b.1 2025-06-16 22:01:01.032 a 2025-06-16-22:00:57 245 077 293 0.1 0.6 2.0 23.2 20.0 732.7 0.00 0 0.0 40.8 24.1 24.4 3.624  -36.4   29.9    0.0  18    3.1   0 0 0 1 1 2 0 22.1 20.4 22.2 19.9 80.0 100 100 20 408 0 144 0 401 401 399 0 0 0 59 50 WAIT_ACK 0 
b.1 2025-06-16 22:02:01.572 a 2025-06-16-22:01:58 241 145 297 0.0 0.6 1.9 23.4 19.3 732.7 0.00 0 0.0 41.6 24.1 24.4 3.626  -37.2   29.9    0.0  18    3.1   0 0 0 1 1 2 0 22.1 20.4 22.2 19.8 80.0 100 100 20 408 0 144 0 401 401 399 0 0 0 60 50 WAIT_ACK 0 
b.1 2025-06-16 22:03:00.657 a 2025-06-16-22:02:57 093 215 145 0.0 0.4 2.2 23.4 19.3 732.7 0.00 0 0.0 42.5 24.1 24.4 3.632  -36.5   30.0    2.1  18    3.3   0 0 0 1 1 2 0 22.1 20.5 22.2 20.2 80.0 100 100 20 408 0 144 0 401 401 399 0 0 0 60 50 WAIT_ACK 0 
b.1 2025-06-16 22:04:00.457 a 2025-06-16-22:03:57 253 035 312 0.1 0.7 2.7 23.7 19.0 732.6 0.00 0 0.0 42.5 24.1 24.4 3.632  -36.6   30.1    0.0  18    3.4   0 0 0 1 1 2 0 22.0 20.7 22.2 20.0 80.0 100 100 20 408 0 144 0 401 401 400 0 0 0 60 50 WAIT_ACK 0 
b.1 2025-06-16 22:05:02.117 a 2025-06-16-22:04:58 118 049 142 0.1 0.4 2.5 23.9 18.9 732.7 0.00 0 0.0 42.7 24.1 24.4 3.624  -37.8   30.1    0.0  18    3.5   0 0 0 1 1 2 0 22.1 20.6 22.2 20.0 80.0 100 100 20 408 0 144 0 401 401 399 0 0 0 60 50 WAIT_ACK 0 
b.1 2025-06-16 22:06:00.934 a 2025-06-16-22:05:57 179 198 306 0.1 0.6 2.5 24.0 18.9 732.7 0.00 0 0.0 42.8 24.1 24.4 3.626  -38.9   30.2    0.0  18    3.5   0 0 0 1 1 2 0 22.1 20.8 22.2 20.2 80.0 100 100 20 408 0 144 0 401 402 399 0 0 0 60 50 WAIT_ACK 0 
b.1 2025-06-16 22:06:59.898 a 2025-06-16-22:06:56 092 005 324 0.4 2.2 4.8 24.1 18.8 732.7 0.00 0 0.0 41.5 24.1 24.4 3.623  -41.1   30.2    2.5  18    3.3   5 0 0 1 1 2 0 22.1 20.6 22.2 20.2 80.0 100 100 20 408 0 144 0 401 401 399 0 0 0 59 50 WAIT_ACK 0 
b.1 2025-06-16 22:08:00.436 a 2025-06-16-22:07:57 142 015 280 0.2 2.5 5.1 23.7 18.6 732.7 0.00 0 0.0 39.1 24.1 24.4 3.624  -38.0   30.1    2.8  18    3.2   0 0 0 1 1 2 0 22.1 20.7 22.2 20.5 80.0 100 100 20 408 0 144 0 401 401 400 0 0 0 59 50 WAIT_ACK 0 
b.1 2025-06-16 22:08:59.996 a 2025-06-16-22:08:56 107 023 169 0.1 1.2 4.1 22.8 19.4 732.7 0.00 0 0.0 38.5 24.1 24.4 3.623  -38.1   30.0    2.4  18    3.0   0 0 0 1 1 2 0 22.1 20.7 22.2 20.3 80.0 100 100 20 408 0 144 0 401 401 399 0 0 0 60 50 WAIT_ACK 0 
b.1 2025-06-16 22:10:00.493 a 2025-06-16-22:09:57 212 097 219 0.1 0.7 2.6 22.3 20.1 732.6 0.00 0 0.0 39.0 24.1 24.4 3.624  -37.7   29.8    0.0  18    3.0   0 0 0 1 1 2 0 22.1 20.9 22.2 20.4 80.0 100 100 20 408 0 144 0 401 402 399 0 0 0 60 50 WAIT_ACK 0 
b.1 2025-06-16 22:11:00.940 a 2025-06-16-22:10:57 240 269 307 0.1 0.7 2.2 22.1 20.9 732.6 0.00 0 0.0 39.5 24.1 24.4 3.624  -38.4   29.7    0.0  18    3.0   0 0 0 1 1 2 0 22.1 21.0 22.2 20.4 80.0 100 100 20 408 0 144 0 400 402 399 0 0 0 60 50 WAIT_ACK 0 
b.1 2025-06-16 22:12:00.398 a 2025-06-16-22:11:57 040 237 206 0.1 0.7 2.7 22.3 20.7 732.6 0.00 0 0.0 40.0 24.1 24.4 3.624  -36.3   29.7    2.1  18    3.1   0 0 0 1 1 2 0 22.1 21.1 22.2 20.5 80.0 100 100 20 408 0 144 0 401 401 399 0 0 0 60 50 WAIT_ACK 0 
b.1 2025-06-16 22:13:00.934 a 2025-06-16-22:12:57 036 098 065 0.0 0.6 2.4 22.5 20.5 732.6 0.00 0 0.0 40.5 24.1 24.4 3.624  -37.1   29.7    0.0  18    3.2   0 0 0 1 1 2 0 22.1 21.1 22.2 20.5 80.0 100 100 20 408 0 144 0 401 401 399 0 0 0 60 50 WAIT_ACK 0 
b.1 2025-06-16 22:14:01.436 a 2025-06-16-22:13:58 118 036 264 0.1 0.6 1.8 22.8 20.2 732.6 0.00 0 0.0 41.0 24.1 24.4 3.624  -37.2   29.7    2.2  18    3.2   0 0 0 1 1 2 0 22.1 20.9 22.2 20.6 80.0 100 100 20 408 0 144 0 401 401 399 0 0 0 59 50 WAIT_ACK 0 
b.1 2025-06-16 22:15:02.118 a 2025-06-16-22:14:58 144 009 255 0.1 0.9 2.9 23.0 19.3 732.6 0.00 0 0.0 41.1 24.1 24.4 3.624  -36.7   29.8    0.0  18    3.3   0 0 0 1 1 2 0 22.1 21.0 22.2 20.7 80.0 100 100 20 408 0 144 0 401 401 399 0 0 0 60 50 WAIT_ACK 0 
b.1 2025-06-16 22:16:00.236 a 2025-06-16-22:15:56 119 007 175 0.1 0.9 1.8 23.1 20.1 732.6 0.00 0 0.0 41.2 24.1 24.4 3.624  -37.4   29.8    0.0  18    3.3   0 0 0 1 1 2 0 22.1 21.2 22.2 20.6 80.0 100 100 20 408 0 144 0 401 401 400 0 0 0 59 50 WAIT_ACK 0 
b.1 2025-06-16 22:17:01.197 a 2025-06-16-22:16:57 101 005 130 0.1 1.0 2.8 23.2 19.6 732.5 0.00 0 0.0 41.1 24.1 24.4 3.624  -37.9   29.9    2.1  19    3.4   0 0 0 1 1 2 0 22.1 21.1 22.2 20.9 80.0 100 100 20 408 0 144 0 402 401 400 0 0 0 59 50 WAIT_ACK 0 
b.1 2025-06-16 22:18:01.517 a 2025-06-16-22:17:58 144 038 288 0.1 1.4 4.4 23.2 20.2 732.6 0.00 0 0.0 40.8 24.1 24.4 3.626  -40.5   30.0    2.2  18    3.5   5 0 0 1 1 2 0 22.1 21.1 22.2 20.9 80.0 100 100 20 408 0 144 0 401 401 400 0 0 0 60 50 WAIT_ACK 0 
b.1 2025-06-16 22:19:00.796 a 2025-06-16-22:18:57 146 102 304 0.0 1.1 4.4 23.2 20.2 732.6 0.00 0 0.0 40.4 24.1 24.4 3.624  -37.7   30.0    2.1  19    3.5   0 0 0 1 1 2 0 22.1 21.3 22.2 21.0 80.0 100 100 20 408 0 144 0 401 401 399 0 0 0 60 50 WAIT_ACK 0 
b.1 2025-06-16 22:20:00.217 a 2025-06-16-22:19:56 176 080 330 0.2 1.6 4.2 23.2 20.2 732.6 0.00 0 0.0 40.0 24.1 24.4 3.632  -40.2   30.0    2.2  18    3.5   0 0 0 1 1 2 0 22.1 21.3 22.3 20.9 80.0 100 100 20 408 0 144 0 401 401 399 0 0 0 60 50 WAIT_ACK 0 
b.1 2025-06-16 22:21:00.598 a 2025-06-16-22:20:57 004 054 034 0.1 1.0 2.8 23.1 19.9 732.5 0.00 0 0.0 39.7 24.1 24.4 3.624  -39.5   30.0    2.1  18    3.4   0 0 0 1 1 2 0 22.1 21.2 22.3 21.1 80.0 100 100 20 408 0 144 0 401 401 399 0 0 0 60 50 WAIT_ACK 0 
b.1 2025-06-16 22:22:00.279 a 2025-06-16-22:21:56 151 062 238 0.1 0.8 2.3 23.1 19.7 732.5 0.00 0 0.0 39.8 24.1 24.4 3.624  -40.4   30.0    2.2  19    3.5   0 0 0 1 1 2 0 22.1 21.2 22.3 20.9 80.0 100 100 20 408 0 144 0 400 401 399 0 0 0 59 50 WAIT_ACK 0 
b.1 2025-06-16 22:23:01.417 a 2025-06-16-22:22:58 165 089 312 0.1 1.3 4.3 23.1 19.7 732.5 0.00 0 0.0 39.8 24.1 24.4 3.632  -40.4   30.0    2.2  18    3.5   5 0 0 1 1 2 0 22.1 21.4 22.2 21.0 80.0 100 100 20 408 0 144 0 401 401 400 0 0 0 59 50 WAIT_ACK 0 
b.1 2025-06-16 22:24:02.069 a 2025-06-16-22:23:58 211 077 355 0.4 1.8 3.6 23.0 19.6 732.5 0.00 0 0.0 39.2 24.1 24.4 3.626  -38.2   30.0    2.4  18    3.4   0 0 0 1 1 2 0 22.2 21.4 22.3 21.0 80.0 100 100 20 408 0 144 0 401 401 400 0 0 0 59 50 WAIT_ACK 0 
b.1 2025-06-16 22:25:01.125 a 2025-06-16-22:24:57 033 078 308 0.1 0.7 1.6 22.7 20.2 732.5 0.00 0 0.0 39.4 24.1 24.4 3.624  -36.8   30.0    2.1  18    3.4   0 0 0 1 1 2 0 22.1 21.4 22.3 21.2 80.0 100 100 20 408 0 144 0 401 401 399 0 0 0 60 50 WAIT_ACK 0 
b.1 2025-06-16 22:26:01.098 a 2025-06-16-22:25:57 191 130 255 0.1 0.5 2.1 22.7 20.8 732.5 0.00 0 0.0 40.0 24.2 24.4 3.623  -42.5   30.0    2.2  19    3.6   0 0 0 1 1 2 0 22.1 21.4 22.3 21.2 80.0 100 100 20 408 0 144 0 402 401 400 0 0 0 59 50 WAIT_ACK 0 
b.1 2025-06-16 22:27:00.799 a 2025-06-16-22:26:57 137 252 168 0.1 0.7 3.2 22.9 20.3 732.5 0.00 0 0.0 40.2 24.1 24.4 3.626  -38.8   29.9    2.1  19    3.6   0 0 0 1 1 2 0 22.2 21.5 22.3 21.2 80.0 100 100 20 408 0 144 0 401 401 400 0 0 0 59 50 WAIT_ACK 0 
b.1 2025-06-16 22:28:01.769 a 2025-06-16-22:27:58 147 029 255 0.2 1.8 3.6 22.9 19.8 732.5 0.00 0 0.0 39.2 24.1 24.4 3.624  -39.7   29.9    2.5  18    3.4   5 0 0 1 1 2 0 22.2 21.4 22.3 21.1 80.0 100 100 20 408 0 144 0 401 402 399 0 0 0 60 50 WAIT_ACK 0 
b.1 2025-06-16 22:29:01.888 a 2025-06-16-22:28:58 147 017 192 0.1 1.1 4.3 22.6 20.5 732.5 0.00 0 0.0 39.0 24.1 24.4 3.626  -37.2   29.9    2.2  18    3.4   0 0 0 1 1 2 0 22.2 21.3 22.3 21.3 80.0 100 100 20 408 0 144 0 401 401 400 0 0 0 59 50 WAIT_ACK 0 
b.1 2025-06-16 22:30:00.045 a 2025-06-16-22:29:56 270 272 341 0.1 0.5 2.8 22.6 20.8 732.5 0.00 0 0.0 39.4 24.1 24.4 3.626  -37.0   29.9    0.0  19    3.5   0 0 0 1 1 2 0 22.2 21.6 22.3 21.2 80.0 100 100 20 408 0 144 0 401 401 399 0 0 0 60 50 WAIT_ACK 0 
b.1 2025-06-16 22:31:00.161 a 2025-06-16-22:30:56 232 071 270 0.0 0.7 2.0 22.7 20.7 732.5 0.00 0 0.0 39.9 24.1 24.4 3.624  -37.8   29.9    0.0  19    3.6   0 0 0 1 1 2 0 22.2 21.7 22.3 21.4 80.0 100 100 20 408 0 144 0 402 401 400 0 0 0 59 50 WAIT_ACK 0 
b.1 2025-06-16 22:31:59.819 a 2025-06-16-22:31:56 099 012 241 0.2 1.7 4.1 22.8 20.1 732.5 0.00 0 0.0 39.7 24.1 24.4 3.623  -40.6   30.0    2.4  19    3.6   0 0 0 1 1 2 0 22.2 21.6 22.3 21.5 80.0 100 100 20 408 0 144 0 401 401 400 0 0 0 59 50 WAIT_ACK 0 
b.1 2025-06-16 22:33:00.743 a 2025-06-16-22:32:57 188 007 222 0.1 1.1 2.7 22.6 20.7 732.5 0.00 0 0.0 39.3 24.1 24.4 3.624  -39.6   30.0    2.3  19    3.6   5 0 0 1 1 2 0 22.2 21.7 22.3 21.6 80.0 100 100 20 408 0 144 0 401 401 399 0 0 0 60 50 WAIT_ACK 0 
b.1 2025-06-16 22:34:01.240 a 2025-06-16-22:33:57 121 002 244 0.1 1.2 2.5 22.7 20.6 732.5 0.00 0 0.0 39.3 24.1 24.4 3.624  -38.1   30.0    2.2  19    3.6   0 0 0 1 1 2 0 22.2 21.7 22.3 21.6 80.0 100 100 20 408 0 144 0 401 401 400 0 0 0 60 50 WAIT_ACK 0 
b.1 2025-06-16 22:35:00.665 a 2025-06-16-22:34:57 231 049 301 0.1 0.9 2.5 22.7 20.6 732.5 0.00 0 0.0 39.3 24.1 24.4 3.631  -37.6   30.1    0.0  19    3.8   0 0 0 1 1 2 0 22.2 21.8 22.3 21.6 80.0 100 100 20 408 0 144 0 401 401 400 0 0 0 59 50 WAIT_ACK 0 
b.1 2025-06-16 22:36:01.483 a 2025-06-16-22:35:58 163 060 257 0.1 2.0 4.4 22.8 20.6 732.5 0.00 0 0.0 38.8 24.1 24.4 3.624  -41.0   30.1    2.4  19    3.7   5 0 0 1 1 2 0 22.2 21.9 22.3 21.4 80.0 100 100 20 408 0 144 0 401 401 399 0 0 0 59 50 WAIT_ACK 0 
b.1 2025-06-16 22:37:00.084 a 2025-06-16-22:36:56 179 007 251 0.2 1.5 3.2 22.8 19.8 732.5 0.00 0 0.0 38.4 24.1 24.4 3.628  -41.3   30.1    2.4  19    3.6   5 0 0 1 1 2 0 22.2 21.8 22.3 21.5 80.0 100 100 20 408 0 144 0 401 401 399 0 0 0 60 50 WAIT_ACK 0 
b.1 2025-06-16 22:38:00.841 a 2025-06-16-22:37:57 110 020 214 0.1 1.4 3.7 22.4 20.8 732.5 0.00 0 0.0 37.9 24.1 24.4 3.626  -39.1   30.1    2.3  19    3.6   5 0 0 1 1 2 0 22.2 21.7 22.3 21.5 80.0 100 100 20 408 0 144 0 401 401 400 0 0 0 60 50 WAIT_ACK 0 
b.1 2025-06-16 22:39:00.822 a 2025-06-16-22:38:57 182 073 222 0.1 0.8 2.0 22.2 21.1 732.5 0.00 0 0.0 38.1 24.1 24.4 3.632  -37.3   30.1    2.2  19    3.6   0 0 0 1 1 2 0 22.2 21.7 22.3 21.6 80.0 100 100 20 408 0 144 0 402 401 400 0 0 0 60 50 WAIT_ACK 0 
b.1 2025-06-16 22:40:01.285 a 2025-06-16-22:39:57 168 133 355 0.1 0.8 2.4 22.2 21.8 732.4 0.00 0 0.0 38.5 24.1 24.4 3.626  -39.5   30.1    0.0  19    3.7   0 0 0 1 1 2 0 22.2 22.0 22.3 21.7 80.0 100 100 20 408 0 144 0 401 401 400 0 0 0 60 50 WAIT_ACK 0 
b.1 2025-06-16 22:41:01.582 a 2025-06-16-22:40:58 033 301 247 0.0 0.8 2.4 22.4 21.3 732.4 0.00 0 0.0 39.0 24.1 24.4 3.624  -37.6   30.1    0.0  19    3.8   0 0 0 1 1 2 0 22.2 22.2 22.3 21.7 80.0 100 100 20 408 0 144 0 401 401 400 0 0 0 60 50 WAIT_ACK 0 
b.1 2025-06-16 22:42:02.165 a 2025-06-16-22:41:58 132 084 302 0.2 1.2 2.7 22.7 20.9 732.4 0.00 0 0.0 39.1 24.1 24.4 3.624  -39.2   30.1    2.2  19    3.8   0 0 0 1 1 2 0 22.2 22.0 22.3 21.9 80.0 100 100 20 408 0 144 0 401 401 400 0 0 0 59 50 WAIT_ACK 0 
b.1 2025-06-16 22:43:00.384 a 2025-06-16-22:42:57 214 104 329 0.1 1.2 2.9 22.8 20.8 732.4 0.00 0 0.0 39.0 24.1 24.4 3.624  -37.2   30.1    0.0  19    3.8   5 0 0 1 1 2 0 22.2 22.0 22.3 21.7 80.0 100 100 20 408 0 144 0 400 401 399 0 0 0 59 50 WAIT_ACK 0 
b.1 2025-06-16 22:44:01.243 a 2025-06-16-22:43:57 248 140 304 0.1 0.6 2.0 22.9 21.8 732.4 0.00 0 0.0 39.5 24.1 24.4 3.623  -37.5   30.1    0.0  19    4.0   0 0 0 1 1 2 0 22.2 22.2 22.3 22.0 80.0 100 100 20 408 0 144 0 401 401 400 0 0 0 59 50 WAIT_ACK 0 
b.1 2025-06-16 22:45:01.726 a 2025-06-16-22:44:58 018 140 251 0.0 0.7 1.9 23.2 21.2 732.4 0.00 0 0.0 39.9 24.1 24.4 3.624  -36.8   30.2    0.0  19    4.2   0 0 0 1 1 2 0 22.2 22.4 22.3 22.0 80.0 100 100 20 408 0 144 0 401 401 399 0 0 0 59 50 WAIT_ACK 0 
b.1 2025-06-16 22:46:01.382 a 2025-06-16-22:45:58 051 192 357 0.1 0.7 1.6 23.6 21.1 732.5 0.00 0 0.0 40.4 24.1 24.4 3.624  -37.1   30.2    0.0  19    4.3   0 0 0 1 1 2 0 22.2 22.5 22.3 22.2 80.0 100 100 20 408 0 144 0 401 401 400 0 0 0 59 50 WAIT_ACK 0 
b.1 2025-06-16 22:47:00.983 a 2025-06-16-22:46:57 113 045 310 0.3 1.6 4.8 23.9 20.0 732.4 0.00 0 0.0 39.6 24.1 24.4 3.623  -40.5   30.3    2.4  19    4.2   0 0 0 1 1 2 0 22.2 22.5 22.3 22.3 80.0 100 100 20 408 0 144 0 400 401 399 0 0 0 59 50 WAIT_ACK 0 
b.1 2025-06-16 22:48:01.062 a 2025-06-16-22:47:57 106 322 108 0.1 0.4 1.8 23.5 21.0 732.4 0.00 0 0.0 39.7 24.1 24.4 3.624  -37.2   30.4    0.0  19    4.3   0 0 0 1 1 2 0 22.2 22.4 22.3 22.3 80.0 100 100 20 408 0 144 0 401 401 400 0 0 0 60 50 WAIT_ACK 0 
b.1 2025-06-16 22:49:01.464 a 2025-06-16-22:48:58 030 055 156 0.1 1.7 4.2 23.5 20.7 732.4 0.00 0 0.0 39.2 24.1 24.4 3.624  -38.2   30.4    2.3  19    4.4   0 0 0 1 1 2 0 22.2 22.6 22.4 22.4 80.0 100 100 20 408 0 144 0 401 401 399 0 0 0 59 50 WAIT_ACK 0 
b.1 2025-06-16 22:50:01.066 a 2025-06-16-22:49:57 261 125 295 0.0 0.7 2.5 23.4 20.6 732.4 0.00 0 0.0 39.1 24.1 24.4 3.624  -37.8   30.4    0.0  19    4.3   0 0 0 1 1 2 0 22.2 22.5 22.4 22.3 80.0 100 100 20 408 0 144 0 401 401 399 0 0 0 60 50 WAIT_ACK 0 
b.1 2025-06-16 22:51:01.365 a 2025-06-16-22:50:58 273 138 302 0.1 0.6 2.2 23.2 20.8 732.4 0.00 0 0.0 39.5 24.1 24.4 3.626  -37.2   30.4    0.0  19    4.3   0 0 0 1 1 2 0 22.2 22.6 22.3 22.5 80.0 100 100 20 408 0 144 0 400 401 399 0 0 0 59 50 WAIT_ACK 0 
b.1 2025-06-16 22:52:00.645 a 2025-06-16-22:51:57 100 018 192 0.1 1.0 3.3 23.2 21.1 732.4 0.00 0 0.0 39.1 24.1 24.4 3.632  -39.8   30.3    2.2  19    4.4   0 0 0 1 1 2 0 22.2 22.8 22.3 22.6 80.0 100 100 20 408 0 144 0 401 401 400 0 0 0 60 50 WAIT_ACK 0 
b.1 2025-06-16 22:53:02.345 a 2025-06-16-22:52:59 322 160 337 0.1 1.4 4.6 23.2 21.2 732.4 0.00 0 0.0 38.8 24.1 24.4 3.624  -40.9   30.3    2.2  19    4.3   5 0 0 1 1 2 0 22.2 22.9 22.4 22.7 80.0 100 100 20 408 0 144 0 401 402 400 0 0 0 59 50 WAIT_ACK 0 
b.1 2025-06-16 22:54:01.128 a 2025-06-16-22:53:57 136 031 269 0.2 1.7 4.2 23.0 21.0 732.4 0.00 0 0.0 37.9 24.1 24.4 3.626  -40.4   30.2    2.2  19    4.3   0 0 0 1 1 2 0 22.2 22.7 22.3 22.8 80.0 100 100 20 408 0 144 0 401 401 400 0 0 0 60 50 WAIT_ACK 0 
b.1 2025-06-16 22:55:02.305 a 2025-06-16-22:54:58 119 069 218 0.0 0.7 2.6 22.7 21.6 732.4 0.00 0 0.0 38.0 24.1 24.4 3.632  -38.1   30.2    0.0  19    4.2   0 0 0 1 1 2 0 22.2 23.1 22.3 22.8 80.0 100 100 20 408 0 144 0 401 401 399 0 0 0 59 50 WAIT_ACK 0 
b.1 2025-06-16 22:56:01.345 a 2025-06-16-22:55:58 226 123 302 0.1 0.7 2.3 22.6 22.5 732.4 0.00 0 0.0 38.4 24.1 24.4 3.626  -37.1   30.1    0.0  19    4.3   0 0 0 1 1 2 0 22.2 23.1 22.4 22.8 80.0 100 100 20 408 0 144 0 402 401 400 0 0 0 59 50 WAIT_ACK 0 
b.1 2025-06-16 22:57:01.427 a 2025-06-16-22:56:58 090 149 332 0.1 0.5 1.8 22.8 21.9 732.4 0.00 0 0.0 39.1 24.1 24.4 3.624  -37.3   30.0    0.0  20    4.4   0 0 0 1 1 2 0 22.2 22.9 22.4 22.7 80.0 100 100 20 408 0 144 0 401 401 400 0 0 0 60 50 WAIT_ACK 0 
b.1 2025-06-16 22:58:01.930 a 2025-06-16-22:57:58 059 192 326 0.0 0.7 2.7 23.0 21.6 732.4 0.00 0 0.0 39.3 24.1 24.4 3.626  -37.1   30.0    2.1  20    4.5   0 0 0 1 1 2 0 22.2 23.1 22.3 22.7 80.0 100 100 20 408 0 144 0 401 401 400 0 0 0 60 50 WAIT_ACK 0 
b.1 2025-06-16 22:59:02.229 a 2025-06-16-22:58:58 234 045 000 0.1 1.6 4.2 23.3 20.7 732.4 0.00 0 0.0 39.0 24.1 24.4 3.623  -41.1   30.0    2.4  20    4.4   5 0 0 1 1 2 0 22.2 22.9 22.4 22.8 80.0 100 100 20 408 0 144 0 401 401 400 0 0 0 60 50 WAIT_ACK 0 
b.1 2025-06-16 23:00:01.013 a 2025-06-16-22:59:57 104 041 353 0.6 2.0 3.6 22.8 21.2 732.4 0.00 0 0.0 37.7 24.1 24.4 3.626  -39.1   30.0    2.8  19    4.1   5 0 0 1 1 2 0 22.3 23.1 22.3 23.1 80.0 100 100 20 408 0 144 0 401 401 400 0 0 0 59 50 WAIT_ACK 0 
b.1 2025-06-16 23:01:01.930 a 2025-06-16-23:00:58 059 037 065 0.1 1.0 3.9 22.2 22.4 732.4 0.00 0 0.0 37.4 24.1 24.4 3.626  -37.7   29.9    2.3  19    4.1   0 0 0 1 1 2 0 22.3 23.2 22.4 23.1 80.0 100 100 20 408 0 144 0 401 401 399 0 0 0 59 50 WAIT_ACK 0 
b.1 2025-06-16 23:02:01.028 a 2025-06-16-23:01:57 111 042 160 0.1 0.9 4.2 22.0 23.0 732.4 0.00 0 0.0 37.6 24.2 24.4 3.624  -40.0   29.8    2.2  20    4.2   0 0 0 1 1 2 0 22.3 23.2 22.4 23.1 80.0 100 100 20 408 0 144 0 401 401 399 0 0 0 59 50 WAIT_ACK 0 
b.1 2025-06-16 23:03:00.907 a 2025-06-16-23:02:57 108 036 329 0.4 3.0 5.3 21.7 22.4 732.4 0.00 0 0.0 35.9 24.1 24.4 3.624  -40.9   29.7    3.0  20    4.1   0 0 0 1 1 2 0 22.3 22.9 22.4 22.9 80.0 100 100 20 408 0 144 0 401 401 399 0 0 0 60 50 WAIT_ACK 0 
b.1 2025-06-16 23:03:59.872 a 2025-06-16-23:03:56 046 012 200 0.2 1.6 4.1 21.2 23.7 732.4 0.00 0 0.0 35.1 24.1 24.4 3.624  -38.4   29.5    2.6  20    3.9   0 0 0 1 1 2 0 22.3 23.3 22.3 23.0 80.0 100 100 20 408 0 144 0 401 401 400 0 0 0 60 50 WAIT_ACK 0 
b.1 2025-06-16 23:05:01.572 a 2025-06-16-23:04:58 194 036 238 0.0 1.0 3.1 21.1 23.8 732.3 0.00 0 0.0 35.6 24.1 24.4 3.626  -40.3   29.3    2.2  20    3.9   0 0 0 1 1 2 0 22.2 23.6 22.3 23.6 80.0 100 100 20 408 0 144 0 401 401 399 0 0 0 60 50 WAIT_ACK 0 
b.1 2025-06-16 23:06:00.673 a 2025-06-16-23:05:57 181 045 303 0.5 2.7 5.2 21.1 23.7 732.3 0.00 0 0.0 34.7 24.1 24.4 3.633  -41.3   29.2    2.7  20    4.0   0 0 0 1 1 2 0 22.2 24.1 22.2 23.7 80.0 100 100 20 408 0 144 0 401 401 400 0 0 0 60 50 WAIT_ACK 0 
b.1 2025-06-16 23:07:01.921 a 2025-06-16-23:06:58 186 041 301 0.2 2.7 5.2 21.1 23.7 732.3 0.00 0 0.0 33.5 24.1 24.4 3.632  -38.9   29.0    3.4  20    3.9   5 0 0 1 1 2 0 22.1 24.1 22.2 24.1 80.0 100 100 20 408 0 144 0 402 401 400 0 0 0 60 50 WAIT_ACK 0 
b.1 2025-06-16 23:08:01.753 a 2025-06-16-23:07:58 145 078 291 0.0 1.0 2.7 20.7 24.5 732.3 0.00 0 0.0 33.9 24.1 24.4 3.624  -37.0   28.8    2.4  20    3.8   0 0 0 1 1 2 0 22.1 24.6 22.2 24.4 80.0 100 100 20 408 0 144 0 401 401 400 0 0 0 60 50 WAIT_ACK 0 
b.1 2025-06-16 23:09:00.992 a 2025-06-16-23:08:57 097 009 249 0.1 2.6 4.9 20.7 25.3 732.3 0.00 0 0.0 33.5 24.1 24.4 3.627  -39.8   28.6    3.2  20    3.7   5 0 0 1 1 2 0 22.0 24.6 22.1 24.6 80.0 100 100 20 408 0 144 0 400 401 399 0 0 0 59 50 WAIT_ACK 0 
b.1 2025-06-16 23:10:01.391 a 2025-06-16-23:09:58 073 037 306 0.9 3.1 5.0 20.7 24.6 732.3 0.00 0 0.0 32.5 24.1 24.4 3.623  -40.3   28.5    4.4  21    3.8   0 0 0 1 1 2 0 22.0 24.8 22.1 24.7 80.0 100 100 20 408 0 144 0 401 402 399 0 0 0 60 50 WAIT_ACK 0 
b.1 2025-06-16 23:11:00.594 a 2025-06-16-23:10:57 088 028 222 0.4 2.7 4.9 20.5 25.0 732.3 0.00 0 0.0 31.8 24.1 24.4 3.632  -40.3   28.3    4.8  21    3.6   5 0 0 1 1 2 0 21.9 25.0 22.1 24.9 80.0 100 100 20 408 0 144 0 401 401 400 0 0 0 59 50 WAIT_ACK 0 
b.1 2025-06-16 23:12:01.413 a 2025-06-16-23:11:58 027 344 102 0.1 1.1 3.3 20.2 25.2 732.3 0.00 0 0.0 32.1 24.1 24.4 3.626  -36.8   28.1    2.7  21    3.6   0 0 0 1 1 2 0 21.9 25.2 22.0 25.1 80.0 100 100 20 408 0 144 0 401 402 399 0 0 0 59 50 WAIT_ACK 0 
b.1 2025-06-16 23:13:01.535 a 2025-06-16-23:12:58 120 030 219 0.2 2.1 5.2 20.2 25.6 732.3 0.00 0 0.0 32.2 24.1 24.4 3.624  -41.0   28.0    3.0  21    3.7   5 0 0 1 1 2 0 21.8 25.3 22.0 25.3 80.0 100 100 20 408 0 144 0 401 401 400 0 0 0 59 50 WAIT_ACK 0 
b.1 2025-06-16 23:14:01.673 a 2025-06-16-23:13:58 142 050 172 0.1 1.4 5.0 20.3 25.3 732.3 0.00 0 0.0 32.3 24.1 24.4 3.631  -37.8   27.9    2.6  21    3.7   0 0 0 1 1 2 0 21.8 25.4 21.9 25.3 80.0 100 100 20 408 0 144 0 401 401 400 0 0 0 60 50 WAIT_ACK 0 
b.1 2025-06-16 23:15:01.482 a 2025-06-16-23:14:58 103 048 303 0.1 2.2 5.4 20.4 25.4 732.3 0.00 0 0.0 32.5 24.1 24.4 3.626  -39.8   27.9    2.9  21    3.8   5 0 0 1 1 2 0 21.7 25.5 21.9 25.4 80.0 100 100 20 408 0 144 0 402 401 400 0 0 0 59 50 WAIT_ACK 0 
b.1 2025-06-16 23:16:01.217 a 2025-06-16-23:15:57 074 035 343 0.5 3.4 6.6 20.5 25.0 732.3 0.00 0 0.0 31.5 24.1 24.4 3.626  -39.1   27.7    4.3  21    3.6   5 0 0 1 1 2 0 21.7 25.5 21.9 25.4 80.0 100 100 20 408 0 144 0 401 401 400 0 0 0 59 50 WAIT_ACK 0 
b.1 2025-06-16 23:17:00.673 a 2025-06-16-23:16:57 075 025 212 0.1 2.4 6.2 20.3 25.9 732.3 0.00 0 0.0 31.2 24.1 24.4 3.627  -39.7   27.6    3.8  21    3.6   5 0 0 1 1 2 0 21.7 25.6 21.9 25.5 80.0 100 100 20 408 0 144 0 401 401 399 0 0 0 60 50 WAIT_ACK 0 
b.1 2025-06-16 23:18:01.733 a 2025-06-16-23:17:58 118 027 290 0.1 1.9 5.4 20.2 26.3 732.3 0.00 0 0.0 31.0 24.1 24.4 3.624  -37.5   27.5    3.1  22    3.7   0 0 0 1 1 2 0 21.7 25.6 21.9 25.5 80.0 100 100 20 408 0 144 0 401 401 399 0 0 0 59 50 WAIT_ACK 0 
b.1 2025-06-16 23:19:00.832 a 2025-06-16-23:18:57 139 033 245 0.2 1.9 5.0 20.3 25.4 732.3 0.00 0 0.0 31.1 24.1 24.4 3.626  -39.2   27.4    2.9  22    3.7   5 0 0 1 1 2 0 21.6 25.6 21.8 25.6 80.0 100 100 20 408 0 144 0 402 401 400 0 0 0 60 50 WAIT_ACK 0 
b.1 2025-06-16 23:20:01.773 a 2025-06-16-23:19:58 131 017 266 0.2 2.4 4.8 20.3 25.5 732.3 0.00 0 0.0 30.9 24.1 24.4 3.626  -38.8   27.3    3.4  22    3.6   5 0 0 1 1 2 0 21.6 25.7 21.8 25.7 80.0 100 100 20 408 0 144 0 401 402 399 0 0 0 59 50 WAIT_ACK 0 
b.1 2025-06-16 23:20:59.894 a 2025-06-16-23:20:56 118 040 183 0.1 1.7 4.1 20.3 26.1 732.3 0.00 0 0.0 31.2 24.1 24.4 3.624  -38.5   27.3    2.8  22    3.6   5 0 0 1 1 2 0 21.6 25.8 21.7 25.7 80.0 100 100 20 408 0 144 0 401 401 400 0 0 0 59 50 WAIT_ACK 0 
b.1 2025-06-16 23:22:00.677 a 2025-06-16-23:21:57 113 065 211 0.1 0.9 3.4 20.3 26.2 732.3 0.00 0 0.0 31.9 24.1 24.4 3.626  -35.5   27.2    2.2  22    3.7   0 0 0 1 1 2 0 21.6 25.9 21.7 25.8 80.0 100 100 20 408 0 144 0 401 401 400 0 0 0 59 50 WAIT_ACK 0 
b.1 2025-06-16 23:24:00.762 a 2025-06-16-23:23:57 129 054 270 0.1 2.0 4.2 20.7 25.2 732.3 0.00 0 0.0 33.5 24.1 24.4 3.626  -39.6   27.3    2.4  22    3.9   5 0 0 1 1 2 0 21.6 25.9 21.7 25.9 80.0 100 100 20 408 0 144 0 401 401 400 0 0 0 60 50 WAIT_ACK 0 
b.1 2025-06-16 23:25:02.071 a 2025-06-16-23:24:58 068 014 078 0.1 1.5 3.9 20.8 25.1 732.2 0.00 0 0.0 33.0 24.1 24.4 3.624  -37.4   27.4    2.4  22    4.1   0 0 0 1 1 2 0 21.6 26.0 21.7 25.9 80.0 100 100 20 408 0 144 0 401 401 399 0 0 0 60 50 WAIT_ACK 0 
b.1 2025-06-16 23:26:01.607 a 2025-06-16-23:25:58 086 002 106 0.1 1.1 3.9 20.9 25.2 732.3 0.00 0 0.0 33.3 24.1 24.4 3.624  -38.1   27.5    2.2  22    4.1   0 0 0 1 1 2 0 21.6 26.0 21.7 26.0 80.0 100 100 20 408 0 144 0 401 402 399 0 0 0 59 50 WAIT_ACK 0 
b.1 2025-06-16 23:27:01.674 a 2025-06-16-23:26:58 079 066 229 0.1 1.0 4.1 21.0 25.4 732.3 0.00 0 0.0 33.7 24.1 24.4 3.626  -37.2   27.5    0.0  22    4.0   0 0 0 1 1 2 0 21.6 26.1 21.7 26.1 80.0 100 100 20 408 0 144 0 402 401 400 0 0 0 59 50 WAIT_ACK 0 
b.1 2025-06-16 23:28:01.118 a 2025-06-16-23:27:57 162 096 327 0.1 1.4 3.0 21.2 25.4 732.3 0.00 0 0.0 34.0 24.1 24.4 3.626  -39.1   27.5    0.0  22    4.1   5 0 0 1 1 2 0 21.6 26.1 21.7 26.1 80.0 100 100 20 408 0 144 0 401 401 400 0 0 0 60 50 WAIT_ACK 0 
b.1 2025-06-16 23:29:00.099 a 2025-06-16-23:28:56 106 068 218 0.2 1.2 2.3 21.3 24.9 732.3 0.00 0 0.0 34.3 24.1 24.4 3.626  -38.0   27.6    2.1  22    4.1   5 0 0 1 1 2 0 21.5 26.2 21.7 26.1 80.0 100 100 20 408 0 144 0 401 401 400 0 0 0 59 50 WAIT_ACK 0 
b.1 2025-06-16 23:30:01.717 a 2025-06-16-23:29:58 053 053 097 0.1 0.7 1.9 21.4 24.9 732.3 0.00 0 0.0 34.7 24.1 24.4 3.633  -35.8   27.6    0.0  22    4.2   0 0 0 1 1 2 0 21.5 26.2 21.7 26.2 80.0 100 100 20 408 0 144 0 402 401 400 0 0 0 59 50 WAIT_ACK 0 
b.1 2025-06-16 23:31:01.017 a 2025-06-16-23:30:57 098 003 264 0.1 1.5 2.9 21.5 24.3 732.3 0.00 0 0.0 34.7 24.1 24.4 3.626  -38.2   27.7    2.2  22    4.1   0 0 0 1 1 2 0 21.5 26.2 21.7 26.2 80.0 100 100 20 408 0 144 0 401 401 399 0 0 0 60 50 WAIT_ACK 0 
b.1 2025-06-16 23:32:00.276 a 2025-06-16-23:31:56 082 024 095 0.1 1.0 2.4 21.5 24.4 732.3 0.00 0 0.0 34.9 24.1 24.4 3.626  -36.4   27.8    0.0  22    4.2   5 0 0 1 1 2 0 21.5 26.2 21.7 26.1 80.0 100 100 20 408 0 144 0 402 401 400 0 0 0 59 50 WAIT_ACK 0 
b.1 2025-06-16 23:33:00.779 a 2025-06-16-23:32:57 107 029 196 0.1 1.6 4.5 21.5 24.3 732.3 0.00 0 0.0 34.7 24.1 24.4 3.632  -40.4   27.9    2.2  22    4.2   5 0 0 1 1 2 0 21.5 26.2 21.7 26.1 80.0 100 100 20 408 0 144 0 401 401 399 0 0 0 60 50 WAIT_ACK 0 
b.1 2025-06-16 23:34:00.878 a 2025-06-16-23:33:57 130 040 185 0.1 1.3 4.0 21.4 24.5 732.3 0.00 0 0.0 34.3 24.1 24.4 3.624  -38.1   28.0    2.2  22    4.3   5 0 0 1 1 2 0 21.5 26.1 21.7 26.1 80.0 100 100 20 408 0 144 0 401 401 399 0 0 0 59 50 WAIT_ACK 0 
b.1 2025-06-16 23:35:01.098 a 2025-06-16-23:34:57 087 044 152 0.1 1.4 5.1 21.3 24.3 732.3 0.00 0 0.0 34.4 24.1 24.4 3.624  -40.1   28.0    2.2  22    4.3   5 0 0 1 1 2 0 21.5 26.1 21.7 26.0 80.0 100 100 20 408 0 144 0 402 401 400 0 0 0 60 50 WAIT_ACK 0 
b.1 2025-06-16 23:36:01.275 a 2025-06-16-23:35:57 120 037 248 0.3 2.4 4.4 21.0 24.6 732.3 0.00 0 0.0 33.4 24.1 24.4 3.624  -38.6   27.9    2.7  22    4.2   5 0 0 1 1 2 0 21.6 26.0 21.7 25.9 80.0 100 100 20 408 0 144 0 402 401 401 0 0 0 60 50 WAIT_ACK 0 
b.1 2025-06-16 23:37:00.375 a 2025-06-16-23:36:57 203 038 285 0.2 1.6 3.9 20.8 25.0 732.3 0.00 0 0.0 33.0 24.1 24.4 3.626  -38.2   27.9    2.5  22    4.1   0 0 0 1 1 2 0 21.5 26.1 21.7 25.9 80.0 100 100 20 408 0 144 0 401 401 399 0 0 0 60 50 WAIT_ACK 0 
b.1 2025-06-16 23:38:01.226 a 2025-06-16-23:37:57 021 094 161 0.1 1.1 2.7 20.7 25.1 732.3 0.00 0 0.0 33.4 24.1 24.4 3.632  -39.1   27.8    2.3  22    4.1   5 0 0 1 1 2 0 21.5 26.1 21.6 26.1 80.0 100 100 20 408 0 144 0 402 401 400 0 0 0 59 50 WAIT_ACK 0 
b.1 2025-06-16 23:39:00.480 a 2025-06-16-23:38:57 235 059 299 0.1 1.4 3.6 20.7 25.1 732.3 0.00 0 0.0 33.3 24.1 24.4 3.632  -38.8   27.8    2.3  22    4.1   5 0 0 1 1 2 0 21.4 26.2 21.6 26.1 80.0 100 100 20 408 0 144 0 400 401 399 0 0 0 59 50 WAIT_ACK 0 
b.1 2025-06-16 23:40:02.240 a 2025-06-16-23:39:58 115 034 209 0.1 1.4 3.8 20.7 25.7 732.3 0.00 0 0.0 33.1 24.1 24.4 3.626  -38.5   27.8    2.3  22    4.1   0 0 0 1 1 2 0 21.5 26.1 21.6 26.1 80.0 100 100 20 408 0 144 0 400 401 399 0 0 0 59 50 WAIT_ACK 0 
b.1 2025-06-16 23:41:01.447 a 2025-06-16-23:40:58 120 045 230 0.1 1.6 3.6 20.7 25.1 732.3 0.00 0 0.0 33.0 24.1 24.4 3.628  -38.4   27.8    2.5  22    4.1   5 0 0 1 1 2 0 21.4 26.1 21.6 26.1 80.0 100 100 20 408 0 144 0 401 401 400 0 0 0 59 50 WAIT_ACK 0 
b.1 2025-06-16 23:42:00.259 a 2025-06-16-23:41:56 138 024 212 0.1 2.0 5.5 20.7 25.1 732.3 0.00 0 0.0 32.4 24.1 24.4 3.626  -40.7   27.8    2.7  22    4.1   5 0 0 1 1 2 0 21.4 26.2 21.6 26.1 80.0 100 100 20 408 0 144 0 401 401 399 0 0 0 59 50 WAIT_ACK 0 
b.1 2025-06-16 23:43:02.101 a 2025-06-16-23:42:58 116 000 307 0.1 1.3 2.9 20.6 25.2 732.3 0.00 0 0.0 32.3 24.1 24.4 3.627  -37.9   27.8    2.4  22    4.1   5 0 0 1 1 2 0 21.4 26.1 21.6 26.1 80.0 100 100 20 408 0 144 0 401 401 400 0 0 0 60 50 WAIT_ACK 0 
b.1 2025-06-16 23:44:01.440 a 2025-06-16-23:43:58 108 045 215 0.1 0.9 3.8 20.5 25.1 732.3 0.00 0 0.0 32.7 24.1 24.4 3.626  -38.0   27.8    2.2  22    4.1   0 0 0 1 1 2 0 21.4 26.2 21.6 26.2 80.0 100 100 20 408 0 144 0 401 401 399 0 0 0 59 50 WAIT_ACK 0 
b.1 2025-06-16 23:45:01.420 a 2025-06-16-23:44:58 140 045 195 0.1 1.0 3.4 20.5 25.6 732.3 0.00 0 0.0 33.2 24.1 24.4 3.626  -39.5   27.8    2.2  22    4.2   0 0 0 1 1 2 0 21.4 26.3 21.5 26.2 80.0 100 100 20 408 0 144 0 400 401 399 0 0 0 59 50 WAIT_ACK 0 
b.1 2025-06-16 23:46:01.355 a 2025-06-16-23:45:57 115 025 266 0.2 2.3 4.4 20.6 24.9 732.3 0.00 0 0.0 32.2 24.1 24.4 3.624  -38.1   27.8    2.6  22    4.1   5 0 0 1 1 2 0 21.4 26.2 21.5 26.2 80.0 100 100 20 408 0 144 0 401 401 400 0 0 0 60 50 WAIT_ACK 0 
b.1 2025-06-16 23:47:01.805 a 2025-06-16-23:46:58 107 033 238 0.1 1.5 2.8 20.4 25.2 732.3 0.00 0 0.0 32.0 24.1 24.4 3.626  -39.0   27.8    2.4  22    4.0   0 0 0 1 1 2 0 21.4 26.2 21.5 26.2 80.0 100 100 20 408 0 144 0 401 401 400 0 0 0 60 50 WAIT_ACK 0 
b.1 2025-06-16 23:48:01.321 a 2025-06-16-23:47:57 105 001 233 0.1 1.3 3.0 20.3 25.8 732.3 0.00 0 0.0 32.3 24.1 24.4 3.626  -39.4   27.8    2.3  22    4.1   5 0 0 1 1 2 0 21.4 26.2 21.5 26.3 80.0 100 100 20 408 0 144 0 401 401 399 0 0 0 60 50 WAIT_ACK 0 
b.1 2025-06-16 23:49:01.401 a 2025-06-16-23:48:57 125 027 181 0.2 1.4 3.3 20.3 25.7 732.3 0.00 0 0.0 32.3 24.1 24.4 3.632  -38.2   27.8    2.3  22    4.2   0 0 0 1 1 2 0 21.4 26.3 21.5 26.3 80.0 100 100 20 408 0 144 0 401 401 400 0 0 0 59 50 WAIT_ACK 0 
b.1 2025-06-16 23:50:01.944 a 2025-06-16-23:49:58 034 035 214 0.2 1.1 2.8 20.5 25.3 732.3 0.00 0 0.0 32.3 24.1 24.4 3.624  -39.9   27.8    2.2  22    4.2   5 0 0 1 1 2 0 21.4 26.3 21.5 26.2 80.0 100 100 20 408 0 144 0 401 401 400 0 0 0 59 50 WAIT_ACK 0 
b.1 2025-06-16 23:51:01.466 a 2025-06-16-23:50:58 021 013 208 0.2 1.5 3.5 20.6 25.4 732.3 0.00 0 0.0 32.0 24.1 24.4 3.624  -38.3   27.8    2.2  22    4.2   0 0 0 1 1 2 0 21.4 26.3 21.5 26.2 80.0 100 100 20 408 0 144 0 401 402 399 0 0 0 60 50 WAIT_ACK 0 
b.1 2025-06-16 23:52:00.921 a 2025-06-16-23:51:57 128 351 186 0.1 1.9 3.4 20.6 25.1 732.2 0.00 0 0.0 31.8 24.1 24.4 3.631  -39.6   27.9    2.4  22    4.1   5 0 0 1 1 2 0 21.4 26.3 21.5 26.2 80.0 100 100 20 408 0 144 0 401 401 400 0 0 0 59 50 WAIT_ACK 0 
b.1 2025-06-16 23:53:01.184 a 2025-06-16-23:52:57 137 027 285 0.2 2.0 5.0 20.5 25.4 732.2 0.00 0 0.0 31.6 24.1 24.4 3.624  -40.0   27.9    2.6  22    4.2   5 0 0 1 1 2 0 21.4 26.2 21.6 26.1 80.0 100 100 20 408 0 144 0 400 401 399 0 0 0 59 50 WAIT_ACK 0 
b.1 2025-06-16 23:54:01.046 a 2025-06-16-23:53:57 077 035 329 0.9 2.7 4.4 20.5 24.9 732.3 0.00 0 0.0 30.9 24.1 24.4 3.626  -40.2   27.9    3.4  22    4.1   5 0 0 1 1 2 0 21.4 26.1 21.6 26.0 80.0 100 100 20 408 0 144 0 402 401 400 0 0 0 59 50 WAIT_ACK 0 
b.1 2025-06-16 23:55:01.509 a 2025-06-16-23:54:58 131 023 215 0.1 1.9 3.4 20.2 25.4 732.3 0.00 0 0.0 30.6 24.1 24.4 3.624  -37.9   27.8    3.0  22    4.0   0 0 0 1 1 2 0 21.4 26.1 21.5 26.0 80.0 100 100 20 408 0 144 0 401 402 399 0 0 0 60 50 WAIT_ACK 0 
b.1 2025-06-16 23:56:00.585 a 2025-06-16-23:55:57 077 018 246 0.1 1.4 2.9 20.1 25.6 732.3 0.00 0 0.0 30.9 24.1 24.4 3.624  -39.7   27.8    2.7  22    4.0   0 0 0 1 1 2 0 21.4 26.2 21.5 26.0 80.0 100 100 20 408 0 144 0 401 401 399 0 0 0 59 50 WAIT_ACK 0 
b.1 2025-06-16 23:57:00.845 a 2025-06-16-23:56:57 152 067 332 0.2 1.3 2.9 20.0 25.8 732.3 0.00 0 0.0 31.2 24.1 24.4 3.627  -38.6   27.7    2.4  22    3.9   0 0 0 1 1 2 0 21.3 26.2 21.5 26.1 80.0 100 100 20 408 0 144 0 400 401 399 0 0 0 60 50 WAIT_ACK 0 
b.1 2025-06-16 23:58:01.151 a 2025-06-16-23:57:57 139 070 330 0.2 0.9 1.9 20.1 25.7 732.2 0.00 0 0.0 31.9 24.1 24.4 3.626  -38.5   27.7    2.2  22    3.9   5 0 0 1 1 2 0 21.3 26.2 21.5 26.1 80.0 100 100 20 408 0 144 0 401 401 400 0 0 0 59 50 WAIT_ACK 0 
b.1 2025-06-16 23:59:01.726 a 2025-06-16-23:58:58 226 102 281 0.1 0.5 1.9 20.2 26.1 732.2 0.00 0 0.0 32.7 24.1 24.4 3.626  -39.9   27.8    0.0  22    4.0   5 0 0 1 1 2 0 21.3 26.2 21.5 26.1 80.0 100 100 20 408 0 144 0 401 402 399 0 0 0 60 50 WAIT_ACK 0 
