b.1 2025-08-15 00:00:19.585 a 2025-08-15-00:00:11 222 105 318 0.1 0.7 2.4 21.1 36.6 731.5 0.00 0 0.0 36.8 24.1 24.4 3.624  -26.3   28.5    2.2  31    9.7   0 0 0 1 1 2 0 20.8 40.4 20.9 40.4 80.0 100 100 20 408 0 143 0 402 401 400 0 0 0 59 50 AUTO_PARK 0 
b.1 2025-08-15 00:01:13.867 a 2025-08-15-00:01:05 286 320 298 0.1 0.8 2.3 21.0 36.6 731.5 0.00 0 0.0 36.8 24.1 24.4 3.626  -26.3   28.5    0.0  31    9.8   0 0 0 1 1 2 0 20.8 40.4 21.0 40.4 80.0 100 100 20 408 0 143 0 401 401 399 0 0 0 59 50 AUTO_PARK 0 
b.1 2025-08-15 00:02:13.907 a 2025-08-15-00:02:05 192 081 276 0.0 0.8 3.7 21.1 37.1 731.5 0.00 0 0.0 37.0 24.1 24.4 3.624  -28.4   28.5    2.2  31    9.8   5 0 0 1 1 2 0 20.8 40.3 21.0 40.3 80.0 100 100 20 408 0 143 0 401 401 400 0 0 0 59 50 AUTO_PARK 0 
b.1 2025-08-15 00:03:13.145 a 2025-08-15-00:03:04 067 064 192 0.1 1.0 2.7 21.1 36.7 731.5 0.00 0 0.0 36.4 24.1 24.4 3.632  -24.8   28.5    0.0  31    9.8   0 0 0 2 1 2 0 20.9 40.3 21.0 40.3 80.0 100 100 20 408 0 143 0 401 401 400 0 0 0 59 50 AUTO_PARK 0 
b.1 2025-08-15 00:04:11.948 a 2025-08-15-00:04:03 081 290 123 0.0 0.6 1.5 21.0 36.7 731.5 0.00 0 0.0 36.7 24.1 24.4 3.623  -25.7   28.5    0.0  31    9.9   0 0 0 1 1 2 0 20.9 40.2 21.0 40.3 80.0 100 100 20 408 0 143 0 402 401 400 0 0 0 59 50 AUTO_PARK 0 
b.1 2025-08-15 00:05:14.563 a 2025-08-15-00:05:06 130 087 168 0.0 0.7 2.5 21.1 36.5 731.5 0.00 0 0.0 36.7 24.1 24.4 3.626  -22.9   28.6    2.2  31    9.9   5 0 0 2 1 2 0 20.9 40.2 21.0 40.3 80.0 100 100 20 408 0 143 0 400 401 399 0 0 0 59 50 AUTO_PARK 0 
b.1 2025-08-15 00:06:10.785 a 2025-08-15-00:06:02 128 044 182 0.1 1.2 4.0 21.2 36.6 731.5 0.00 0 0.0 36.2 24.1 24.4 3.626  -22.7   28.7    2.2  31   10.0   0 0 0 2 1 2 0 20.9 40.2 21.1 40.3 80.0 100 100 20 408 0 142 0 402 401 400 0 0 0 60 50 AUTO_PARK 0 
b.1 2025-08-15 00:07:13.667 a 2025-08-15-00:07:05 149 067 178 0.0 0.6 2.3 21.0 37.3 731.5 0.00 0 0.0 36.4 24.1 24.4 3.626  -21.1   28.7    0.0  31    9.9   0 0 0 2 1 2 0 20.9 40.1 21.1 40.2 80.0 100 100 20 408 0 143 0 401 401 399 0 0 0 60 50 AUTO_PARK 0 
b.1 2025-08-15 00:08:11.105 a 2025-08-15-00:08:02 122 042 288 0.2 1.8 3.5 20.9 36.6 731.5 0.00 0 0.0 35.7 24.1 24.4 3.624  -22.7   28.8    2.4  31    9.9   5 0 0 2 1 2 0 21.0 40.1 21.1 40.1 80.0 100 100 20 408 0 143 0 401 401 400 0 0 0 60 50 AUTO_PARK 0 
b.1 2025-08-15 00:09:12.670 a 2025-08-15-00:09:04 151 014 199 0.1 0.7 1.9 20.5 38.1 731.5 0.00 0 0.0 35.3 24.1 24.4 3.626  -19.9   28.8    2.2  31    9.8   0 0 0 2 1 2 0 21.0 40.1 21.1 40.1 80.0 100 100 20 408 0 143 0 401 401 400 0 0 0 59 50 AUTO_PARK 0 
b.1 2025-08-15 00:10:13.447 a 2025-08-15-00:10:05 113 045 234 0.1 0.5 1.6 20.5 38.5 731.5 0.00 0 0.0 35.6 24.1 24.4 3.626  -19.6   28.7    2.1  31    9.9   0 0 0 2 1 2 0 21.0 40.1 21.1 40.2 80.0 100 100 20 408 0 143 0 401 401 400 0 0 0 60 50 AUTO_PARK 600 
b.1 2025-08-15 00:11:13.668 a 2025-08-15-00:11:05 125 039 125 0.0 0.2 0.5 20.6 38.8 731.5 0.00 0 0.0 36.2 24.1 24.4 3.626  -18.2   28.7    0.0  31    9.9   0 0 0 2 1 2 0 21.0 40.3 21.2 40.4 80.0 100 100 20 408 0 143 0 400 401 399 0 0 0 59 50 AUTO_PARK 600 
b.1 2025-08-15 00:12:12.128 a 2025-08-15-00:12:03 129 056 297 0.1 0.9 3.3 20.9 37.7 731.5 0.00 0 0.0 36.1 24.1 24.4 3.626  -21.4   28.6    0.0  31    9.9   0 0 0 2 1 2 0 21.0 40.3 21.1 40.4 80.0 100 100 20 408 0 143 0 401 401 400 0 0 0 60 50 AUTO_PARK 569 
b.1 2025-08-15 00:13:13.552 a 2025-08-15-00:13:05 095 072 232 0.1 1.3 5.5 21.0 36.7 731.5 0.00 0 0.0 36.0 24.1 24.4 3.626  -22.2   28.6    2.4  31    9.9   5 0 0 2 1 2 0 21.0 40.5 21.1 40.7 80.0 100 100 20 408 0 143 0 401 401 399 0 0 0 59 50 AUTO_PARK 583 
b.1 2025-08-15 00:14:13.552 a 2025-08-15-00:14:05 131 031 307 0.2 2.2 4.2 20.6 38.0 731.5 0.00 0 0.0 34.4 24.1 24.4 3.631  -21.7   28.6    3.0  31    9.9   5 0 0 2 1 2 0 21.0 40.7 21.0 40.8 80.0 100 100 20 408 0 142 0 401 401 399 0 0 0 59 50 AUTO_PARK 523 
b.1 2025-08-15 00:15:12.572 a 2025-08-15-00:15:04 131 190 319 0.0 1.1 2.8 20.6 38.0 731.5 0.00 0 0.0 34.1 24.1 24.4 3.624  -22.2   28.6    2.5  31    9.8   5 0 0 2 1 2 0 20.9 40.7 21.0 40.9 80.0 100 100 20 408 0 143 0 402 401 400 0 0 0 59 50 AUTO_PARK 566 
b.1 2025-08-15 00:16:15.009 a 2025-08-15-00:16:06 110 051 227 0.1 1.0 2.7 20.3 38.6 731.5 0.00 0 0.0 34.0 24.1 24.4 3.626  -24.0   28.5    2.3  31    9.8   5 0 0 2 1 2 0 20.9 41.0 20.9 41.1 80.0 100 100 20 408 0 143 0 402 401 400 0 0 0 60 50 AUTO_PARK 591 
b.1 2025-08-15 00:17:11.552 a 2025-08-15-00:17:03 135 035 208 0.2 1.5 4.4 20.1 39.5 731.4 0.00 0 0.0 33.6 24.1 24.4 3.624  -21.3   28.5    2.4  31    9.8   0 0 0 2 1 2 0 20.8 41.1 20.9 41.2 80.0 100 100 20 408 0 143 0 401 402 399 0 0 0 60 50 AUTO_PARK 535 
b.1 2025-08-15 00:18:14.051 a 2025-08-15-00:18:05 096 001 220 0.2 1.7 3.8 19.9 39.6 731.4 0.00 0 0.0 33.0 24.1 24.4 3.626  -26.2   28.4    2.5  31    9.7   5 0 0 1 1 2 0 20.8 41.0 20.9 41.3 80.0 100 100 20 408 0 143 0 401 402 399 0 0 0 59 50 AUTO_PARK 472 
b.1 2025-08-15 00:19:10.430 a 2025-08-15-00:19:02 120 012 270 0.2 2.1 3.6 19.8 39.3 731.4 0.00 0 0.0 32.2 24.1 24.4 3.633  -24.8   28.4    2.9  31    9.6   5 0 0 2 1 2 0 20.7 40.7 20.8 41.0 80.0 100 100 20 408 0 143 0 401 401 399 0 0 0 59 50 AUTO_PARK 416 
b.1 2025-08-15 00:20:14.592 a 2025-08-15-00:20:06 060 014 223 0.1 1.1 3.2 19.6 38.1 731.4 0.00 0 0.0 32.0 24.1 24.4 3.624  -24.8   28.3    2.3  31    9.4   0 0 0 2 1 2 0 20.7 40.7 20.8 40.8 80.0 100 100 20 408 0 143 0 401 401 400 0 0 0 59 50 AUTO_PARK 351 
b.1 2025-08-15 00:21:12.773 a 2025-08-15-00:21:04 040 001 217 0.2 1.0 2.4 19.4 39.1 731.4 0.00 0 0.0 32.4 24.1 24.4 3.627  -25.9   28.2    2.2  31    9.4   0 0 0 1 1 2 0 20.7 40.6 20.8 40.6 80.0 100 100 20 408 0 143 0 402 401 400 0 0 0 59 50 AUTO_PARK 293 
b.1 2025-08-15 00:22:11.974 a 2025-08-15-00:22:03 140 021 263 0.2 1.4 2.4 19.5 37.7 731.4 0.00 0 0.0 32.3 24.1 24.4 3.626  -27.5   28.2    2.3  31    9.3   5 0 0 1 1 2 0 20.7 40.5 20.8 40.4 80.0 100 100 20 408 0 143 0 401 401 399 0 0 0 60 50 AUTO_PARK 234 
b.1 2025-08-15 00:23:11.773 a 2025-08-15-00:23:03 133 026 244 0.2 2.1 3.4 19.4 37.2 731.4 0.00 0 0.0 31.4 24.1 24.4 3.624  -29.5   28.1    2.6  31    9.2   5 0 0 1 1 2 0 20.6 39.7 20.8 40.0 80.0 100 100 20 408 0 143 0 401 401 399 0 0 0 59 50 AUTO_PARK 174 
b.1 2025-08-15 00:24:13.012 a 2025-08-15-00:24:04 129 023 323 0.2 1.4 2.7 19.3 37.6 731.4 0.00 0 0.0 31.1 24.1 24.4 3.626  -27.6   28.1    2.6  30    9.1   0 0 0 1 1 2 0 20.6 39.5 20.8 39.4 80.0 100 100 20 408 0 143 0 402 401 400 0 0 0 59 50 AUTO_PARK 113 
b.1 2025-08-15 00:25:11.894 a 2025-08-15-00:25:03 229 259 265 0.1 0.8 2.3 19.1 38.5 731.3 0.00 0 0.0 31.4 24.1 24.4 3.626  -28.1   28.0    2.2  30    9.0   5 0 0 1 1 2 0 20.6 39.6 20.8 39.4 80.0 100 100 20 408 0 143 0 401 401 399 0 0 0 59 50 AUTO_PARK 54 
b.1 2025-08-15 00:26:13.217 a 2025-08-15-00:26:04 132 092 295 0.0 0.5 2.0 19.1 39.3 731.3 0.00 0 0.0 32.0 24.1 24.4 3.626  -26.1   28.0    0.0  30    9.0   0 0 0 1 1 2 0 20.6 39.8 20.8 39.7 80.0 100 100 20 408 0 143 0 401 401 399 0 0 0 59 50 AUTO_PARK 0 
b.1 2025-08-15 00:27:13.154 a 2025-08-15-00:27:04 009 012 336 0.1 0.3 0.9 19.3 39.7 731.3 0.00 0 0.0 32.7 24.1 24.4 3.626  -26.4   27.9    0.0  31    9.1   0 0 0 1 1 2 0 20.6 40.2 20.7 40.2 80.0 100 100 20 408 0 143 0 401 401 400 0 0 0 60 50 AUTO_PARK 0 
b.1 2025-08-15 00:28:14.335 a 2025-08-15-00:28:05 049 093 187 0.1 0.3 1.0 19.6 39.6 731.3 0.00 0 0.0 33.4 24.1 24.4 3.626  -27.3   27.9    0.0  31    9.3   0 0 0 1 1 2 0 20.6 40.7 20.7 40.6 80.0 100 100 20 408 0 143 0 401 401 400 0 0 0 59 50 AUTO_PARK 0 
b.1 2025-08-15 00:29:10.756 a 2025-08-15-00:29:02 111 069 187 0.0 0.6 1.6 20.1 39.1 731.3 0.00 0 0.0 33.7 24.1 24.4 3.633  -27.7   27.8    0.0  31    9.3   0 0 0 1 1 2 0 20.6 40.9 20.7 40.8 80.0 100 100 20 408 0 143 0 401 401 400 0 0 0 59 50 AUTO_PARK 0 
b.1 2025-08-15 00:30:13.298 a 2025-08-15-00:30:04 184 075 233 0.1 1.1 4.0 20.3 39.2 731.3 0.00 0 0.0 33.5 24.1 24.4 3.626  -30.1   27.9    2.1  31    9.5   5 0 0 1 1 2 0 20.6 41.1 20.7 41.3 80.0 100 100 20 408 0 143 0 401 401 399 0 0 0 59 50 AUTO_PARK 0 
b.1 2025-08-15 00:31:13.660 a 2025-08-15-00:31:05 161 057 322 0.1 2.1 4.4 20.4 38.8 731.3 0.00 0 0.0 32.1 24.1 24.4 3.624  -29.7   27.9    2.4  31    9.4   5 0 0 1 1 2 0 20.6 41.4 20.7 41.4 80.0 100 100 20 408 0 143 0 401 402 399 0 0 0 59 50 AUTO_PARK 0 
b.1 2025-08-15 00:32:12.957 a 2025-08-15-00:32:04 207 117 328 0.1 1.0 2.6 20.1 38.8 731.3 0.00 0 0.0 31.9 24.1 24.4 3.633  -31.5   27.9    2.2  31    9.4   5 0 0 1 1 2 0 20.5 41.5 20.7 41.5 80.0 100 100 20 408 0 143 0 401 401 399 0 0 0 60 50 AUTO_PARK 0 
b.1 2025-08-15 00:33:15.467 a 2025-08-15-00:33:07 150 077 233 0.2 1.3 2.9 20.1 39.4 731.3 0.00 0 0.0 31.6 24.1 24.4 3.626  -31.1   27.9    2.2  31    9.4   0 0 0 1 1 2 0 20.5 41.7 20.7 41.7 80.0 100 100 20 408 0 143 0 401 401 400 0 0 0 60 50 AUTO_PARK 0 
b.1 2025-08-15 00:34:12.141 a 2025-08-15-00:34:03 115 055 240 0.1 1.3 3.3 20.1 39.5 731.3 0.00 0 0.0 31.2 24.1 24.4 3.626  -31.3   27.8    2.2  32    9.4   5 0 0 1 1 2 0 20.5 41.9 20.7 41.8 80.0 100 100 20 408 0 143 0 401 401 400 0 0 0 60 50 AUTO_PARK 0 
b.1 2025-08-15 00:35:11.838 a 2025-08-15-00:35:03 137 057 316 0.4 1.9 3.9 19.9 39.9 731.3 0.00 0 0.0 30.6 24.1 24.4 3.633  -32.5   27.8    2.5  32    9.4   5 0 0 1 1 2 0 20.5 42.1 20.6 41.9 80.0 100 100 20 408 0 143 0 401 401 400 0 0 0 59 50 AUTO_PARK 0 
b.1 2025-08-15 00:36:13.595 a 2025-08-15-00:36:05 076 048 181 0.1 1.0 3.0 19.6 40.8 731.3 0.00 0 0.0 30.3 24.1 24.4 3.626  -30.9   27.7    2.3  32    9.4   0 0 0 1 1 2 0 20.4 42.2 20.6 42.2 80.0 100 100 20 408 0 143 0 401 401 400 0 0 0 60 50 AUTO_PARK 0 
b.1 2025-08-15 00:37:12.239 a 2025-08-15-00:37:03 305 118 310 0.0 0.7 1.7 19.5 41.5 731.3 0.00 0 0.0 30.5 24.1 24.5 3.627  -31.2   27.7    0.0  32    9.4   0 0 0 1 1 2 0 20.4 42.4 20.6 42.4 80.0 100 100 20 408 0 143 0 401 401 399 0 0 0 59 50 AUTO_PARK 0 
b.1 2025-08-15 00:38:12.838 a 2025-08-15-00:38:04 067 213 231 0.1 0.4 2.0 19.6 42.0 731.3 0.00 0 0.0 30.8 24.1 24.4 3.626  -31.3   27.6    0.0  32    9.6   0 0 0 1 1 2 0 20.4 42.6 20.6 42.5 80.0 100 100 20 408 0 143 0 401 401 400 0 0 0 59 50 AUTO_PARK 0 
b.1 2025-08-15 00:39:12.085 a 2025-08-15-00:39:03 131 055 270 0.0 0.9 3.4 19.8 41.1 731.3 0.00 0 0.0 31.0 24.1 24.4 3.626  -33.3   27.5    2.2  32    9.5   0 0 0 1 1 2 0 20.4 42.7 20.6 42.7 80.0 100 100 20 408 0 143 0 402 401 400 0 0 0 59 50 AUTO_PARK 0 
b.1 2025-08-15 00:40:15.000 a 2025-08-15-00:40:06 142 045 288 0.2 1.9 4.1 19.8 40.6 731.2 0.00 0 0.0 30.0 24.1 24.4 3.626  -36.3   27.5    2.4  32    9.5   5 0 0 1 1 2 0 20.4 42.8 20.5 42.8 80.0 100 100 20 408 0 143 0 401 401 399 0 0 0 60 50 AUTO_PARK 0 
b.1 2025-08-15 00:41:12.098 a 2025-08-15-00:41:03 149 042 245 0.1 2.0 3.4 19.5 41.5 731.2 0.00 0 0.0 29.2 24.1 24.4 3.627  -34.3   27.3    2.7  32    9.4   5 0 0 1 1 2 0 20.4 42.9 20.5 42.9 80.0 100 100 20 408 0 143 0 401 402 399 0 0 0 60 50 AUTO_PARK 0 
b.1 2025-08-15 00:42:11.943 a 2025-08-15-00:42:03 134 034 237 0.1 0.8 2.3 19.1 42.5 731.3 0.00 0 0.0 29.1 24.1 24.4 3.626  -33.6   27.2    2.2  32    9.3   0 0 0 1 1 2 0 20.3 42.9 20.6 42.9 80.0 100 100 20 408 0 143 0 401 401 400 0 0 0 59 50 AUTO_PARK 0 
b.1 2025-08-15 00:43:12.082 a 2025-08-15-00:43:03 123 087 317 0.2 1.1 1.8 19.0 43.1 731.2 0.00 0 0.0 29.2 24.1 24.4 3.626  -35.5   27.2    2.2  33    9.3   5 0 0 1 1 2 0 20.3 43.0 20.5 42.9 80.0 100 100 20 408 0 143 0 401 401 400 0 0 0 59 50 AUTO_PARK 0 
b.1 2025-08-15 00:44:12.302 a 2025-08-15-00:44:03 270 150 289 0.0 0.4 1.6 19.0 43.2 731.2 0.00 0 0.0 29.4 24.1 24.4 3.626  -35.6   27.1    0.0  33    9.3   5 0 0 1 1 2 0 20.3 43.1 20.5 43.2 80.0 100 100 20 408 0 142 0 401 401 400 0 0 0 59 50 AUTO_PARK 0 
b.1 2025-08-15 00:45:13.401 a 2025-08-15-00:45:04 135 141 326 0.1 0.7 1.4 19.2 42.3 731.2 0.00 0 0.0 29.5 24.1 24.4 3.626  -37.1   27.0    0.0  33    9.3   5 0 0 1 1 2 0 20.3 43.2 20.5 43.2 80.0 100 100 20 408 0 143 0 401 401 399 0 0 0 59 50 AUTO_PARK 0 
b.1 2025-08-15 00:46:11.801 a 2025-08-15-00:46:03 123 085 231 0.0 0.3 1.0 19.2 42.3 731.2 0.00 0 0.0 29.8 24.1 24.4 3.632  -34.7   27.1    0.0  33    9.4   5 0 0 1 1 2 0 20.3 43.2 20.5 43.2 80.0 100 100 20 408 0 143 0 401 401 399 0 0 0 59 50 AUTO_PARK 0 
b.1 2025-08-15 00:47:10.040 a 2025-08-15-00:47:01 287 140 351 0.0 0.6 1.8 19.4 41.9 731.2 0.00 0 0.0 30.0 24.1 24.4 3.626  -35.8   27.1    2.2  33    9.4   5 0 0 1 1 2 0 20.3 43.2 20.5 43.2 80.0 100 100 20 408 0 143 0 401 401 399 0 0 0 60 50 AUTO_PARK 0 
b.1 2025-08-15 00:48:10.540 a 2025-08-15-00:48:02 121 030 213 0.1 1.3 4.0 19.6 41.6 731.2 0.00 0 0.0 29.4 24.1 24.4 3.633  -35.6   27.1    2.2  33    9.5   5 0 0 1 1 2 0 20.3 43.3 20.5 43.4 80.0 100 100 20 408 0 143 0 401 401 399 0 0 0 60 50 AUTO_PARK 0 
b.1 2025-08-15 00:49:11.641 a 2025-08-15-00:49:03 118 014 252 0.1 1.3 3.8 19.5 41.7 731.1 0.00 0 0.0 28.8 24.1 24.4 3.626  -36.0   27.1    2.2  33    9.5   5 0 0 1 1 2 0 20.3 43.3 20.4 43.4 80.0 100 100 20 408 0 143 0 401 401 399 0 0 0 59 50 AUTO_PARK 0 
b.1 2025-08-15 00:50:13.545 a 2025-08-15-00:50:05 016 065 271 0.1 1.2 2.8 19.4 42.3 731.2 0.00 0 0.0 28.6 24.1 24.4 3.626  -38.5   27.1    2.2  33    9.5   5 0 0 1 1 2 0 20.3 43.4 20.4 43.5 80.0 100 100 20 408 0 143 0 401 401 399 0 0 0 59 50 AUTO_PARK 0 
b.1 2025-08-15 00:51:12.984 a 2025-08-15-00:51:04 134 045 236 0.1 1.4 3.6 19.3 42.3 731.2 0.00 0 0.0 28.0 24.1 24.4 3.633  -36.3   27.0    2.2  33    9.4   5 0 0 1 1 2 0 20.3 43.4 20.4 43.4 80.0 100 100 20 408 0 143 0 401 401 400 0 0 0 60 50 AUTO_PARK 0 
b.1 2025-08-15 00:52:12.145 a 2025-08-15-00:52:03 220 078 291 0.1 1.0 2.7 19.0 42.9 731.2 0.00 0 0.0 27.9 24.1 24.4 3.626  -36.7   26.9    2.2  33    9.3   5 0 0 1 1 2 0 20.2 43.3 20.4 43.3 80.0 100 100 20 408 0 143 0 401 401 400 0 0 0 60 50 AUTO_PARK 0 
b.1 2025-08-15 00:53:12.364 a 2025-08-15-00:53:03 155 078 301 0.1 1.3 2.8 19.0 42.9 731.2 0.00 0 0.0 27.8 24.1 24.4 3.626  -36.4   26.8    2.2  33    9.3   5 0 0 1 1 2 0 20.2 43.3 20.4 43.3 80.0 100 100 20 408 0 143 0 400 402 399 0 0 0 59 50 AUTO_PARK 0 
b.1 2025-08-15 00:54:12.542 a 2025-08-15-00:54:04 259 124 294 0.1 0.6 2.3 19.0 42.7 731.2 0.00 0 0.0 27.9 24.1 24.4 3.632  -35.7   26.7    2.1  33    9.2   5 0 0 1 1 2 0 20.2 43.4 20.3 43.3 80.0 100 100 20 408 0 142 0 401 401 400 0 0 0 60 50 AUTO_PARK 0 
b.1 2025-08-15 00:55:12.523 a 2025-08-15-00:55:04 229 090 308 0.1 0.7 2.9 19.0 42.7 731.2 0.00 0 0.0 28.0 24.1 24.4 3.626  -35.9   26.6    0.0  33    9.2   0 0 0 1 1 2 0 20.2 43.4 20.3 43.5 80.0 100 100 20 408 0 143 0 402 401 400 0 0 0 59 50 AUTO_PARK 0 
b.1 2025-08-15 00:56:11.826 a 2025-08-15-00:56:03 149 029 227 0.1 0.9 3.5 19.1 43.0 731.2 0.00 0 0.0 27.9 24.1 24.4 3.626  -35.7   26.5    2.2  34    9.2   5 0 0 1 1 2 0 20.2 43.4 20.3 43.5 80.0 100 100 20 408 0 142 0 401 401 400 0 0 0 60 50 AUTO_PARK 0 
b.1 2025-08-15 00:57:11.104 a 2025-08-15-00:57:02 117 061 219 0.1 0.5 1.8 19.2 43.1 731.2 0.00 0 0.0 28.0 24.1 24.4 3.626  -34.9   26.5    0.0  34    9.2   5 0 0 1 1 2 0 20.1 43.3 20.3 43.4 80.0 100 100 20 408 0 143 0 401 401 399 0 0 0 59 50 AUTO_PARK 0 
b.1 2025-08-15 00:58:11.944 a 2025-08-15-00:58:03 132 275 263 0.1 1.0 4.1 19.3 42.2 731.2 0.00 0 0.0 27.9 24.1 24.4 3.626  -36.6   26.4    2.2  34    9.2   5 0 0 1 1 2 0 20.1 43.3 20.3 43.4 80.0 100 100 20 408 0 143 0 401 401 399 0 0 0 60 50 AUTO_PARK 0 
b.1 2025-08-15 00:59:11.525 a 2025-08-15-00:59:03 218 020 244 0.1 1.0 2.8 19.2 42.0 731.2 0.00 0 0.0 27.7 24.1 24.4 3.626  -36.9   26.4    2.1  34    9.1   5 0 0 1 1 2 0 20.1 43.2 20.2 43.4 80.0 100 100 20 408 0 143 0 401 401 400 0 0 0 59 50 AUTO_PARK 0 
b.1 2025-08-15 01:00:13.884 a 2025-08-15-01:00:05 069 357 145 0.1 0.7 1.7 19.1 41.1 731.2 0.00 0 0.0 27.7 24.1 24.4 3.626  -35.3   26.3    2.2  34    9.1   5 0 0 1 1 2 0 20.1 43.1 20.2 43.3 80.0 100 100 20 408 0 143 0 401 401 399 0 0 0 59 50 AUTO_PARK 0 
b.1 2025-08-15 01:01:10.805 a 2025-08-15-01:01:02 069 356 148 0.1 0.7 2.0 19.1 39.3 731.2 0.00 0 0.0 27.8 24.1 24.4 3.627  -36.4   26.3    0.0  33    8.9   5 0 0 1 1 2 0 20.1 43.1 20.2 43.2 80.0 100 100 20 408 0 143 0 400 401 399 0 0 0 60 50 AUTO_PARK 0 
b.1 2025-08-15 01:02:11.345 a 2025-08-15-01:02:02 148 011 290 0.1 0.9 2.0 19.0 40.5 731.2 0.00 0 0.0 27.7 24.1 24.4 3.626  -36.9   26.3    2.2  33    8.9   5 0 0 1 1 2 0 20.1 43.1 20.2 43.2 80.0 100 100 20 408 0 143 0 402 401 400 0 0 0 60 50 AUTO_PARK 0 
b.1 2025-08-15 01:03:11.766 a 2025-08-15-01:03:03 131 357 239 0.1 1.2 2.2 19.0 42.3 731.2 0.00 0 0.0 27.4 24.1 24.4 3.627  -37.8   26.3    2.1  33    8.9   5 0 0 1 1 2 0 20.1 43.2 20.2 43.2 80.0 100 100 20 408 0 143 0 402 401 399 0 0 0 59 50 AUTO_PARK 0 
b.1 2025-08-15 01:04:13.045 a 2025-08-15-01:04:04 092 348 270 0.2 1.2 3.4 18.9 41.0 731.2 0.00 0 0.0 27.2 24.1 24.4 3.628  -36.9   26.4    2.2  33    8.8   5 0 0 1 1 2 0 20.1 42.7 20.2 42.8 80.0 100 100 20 408 0 143 0 401 401 400 0 0 0 60 50 AUTO_PARK 0 
b.1 2025-08-15 01:05:13.427 a 2025-08-15-01:05:05 070 351 130 0.1 1.0 2.8 18.8 41.0 731.2 0.00 0 0.0 27.0 24.1 24.4 3.626  -38.2   26.4    2.2  33    8.8   5 0 0 1 1 2 0 20.1 42.7 20.3 42.7 80.0 100 100 20 408 0 143 0 401 401 400 0 0 0 59 50 AUTO_PARK 0 
b.1 2025-08-15 01:06:11.569 a 2025-08-15-01:06:03 076 017 213 0.1 0.7 1.9 18.8 42.0 731.2 0.00 0 0.0 26.9 24.1 24.4 3.626  -37.3   26.4    0.0  33    8.7   5 0 0 1 1 2 0 20.1 43.0 20.3 42.8 80.0 100 100 20 408 0 143 0 401 401 400 0 0 0 59 50 AUTO_PARK 0 
b.1 2025-08-15 01:07:10.730 a 2025-08-15-01:07:02 134 041 235 0.1 1.0 2.2 18.8 43.2 731.2 0.00 0 0.0 26.7 24.1 24.4 3.633  -38.3   26.4    2.1  33    8.8   5 0 0 1 1 2 0 20.1 43.1 20.3 43.1 80.0 100 100 20 408 0 143 0 402 401 400 0 0 0 60 50 AUTO_PARK 0 
b.1 2025-08-15 01:08:10.630 a 2025-08-15-01:08:02 134 062 329 0.3 1.1 2.3 18.7 43.3 731.2 0.00 0 0.0 26.4 24.1 24.4 3.626  -37.7   26.3    2.2  33    8.8   5 0 0 1 1 2 0 20.1 43.1 20.3 43.2 80.0 100 100 20 408 0 143 0 401 401 399 0 0 0 59 50 AUTO_PARK 0 
b.1 2025-08-15 01:09:13.969 a 2025-08-15-01:09:05 117 112 179 0.0 0.4 1.6 18.7 43.9 731.2 0.00 0 0.0 26.5 24.1 24.4 3.626  -36.8   26.3    0.0  33    8.9   5 0 0 1 1 2 0 20.2 43.3 20.3 43.3 80.0 100 100 20 408 0 143 0 401 401 400 0 0 0 60 50 AUTO_PARK 0 
b.1 2025-08-15 01:10:12.509 a 2025-08-15-01:10:04 256 024 329 0.0 0.2 0.7 18.8 43.7 731.2 0.00 0 0.0 26.7 24.1 24.4 3.633  -37.1   26.2    0.0  34    8.9   5 0 0 1 1 2 0 20.2 43.4 20.3 43.3 80.0 100 100 20 408 0 142 0 400 401 399 0 0 0 60 50 AUTO_PARK 0 
b.1 2025-08-15 01:11:15.325 a 2025-08-15-01:11:06 157 092 215 0.1 0.3 0.7 19.0 43.6 731.1 0.00 0 0.0 26.8 24.1 24.4 3.627  -36.3   26.1    0.0  34    9.0   5 0 0 1 1 2 0 20.2 43.4 20.3 43.3 80.0 100 100 20 408 0 142 0 401 401 400 0 0 0 59 50 AUTO_PARK 0 
b.1 2025-08-15 01:12:11.868 a 2025-08-15-01:12:03 138 043 242 0.0 1.0 2.3 19.1 43.3 731.1 0.00 0 0.0 26.6 24.1 24.4 3.626  -38.8   26.1    2.2  34    9.0   5 0 0 1 1 2 0 20.2 43.4 20.4 43.3 80.0 100 100 20 408 0 142 0 401 401 399 0 0 0 59 50 AUTO_PARK 0 
b.1 2025-08-15 01:13:12.229 a 2025-08-15-01:13:03 131 348 149 0.1 0.7 2.1 19.0 43.6 731.2 0.00 0 0.0 26.6 24.1 24.4 3.624  -38.2   26.1    0.0  34    9.0   5 0 0 1 1 2 0 20.2 43.5 20.4 43.3 80.0 100 100 20 408 0 143 0 401 401 400 0 0 0 60 50 AUTO_PARK 0 
b.1 2025-08-15 01:14:12.871 a 2025-08-15-01:14:04 101 339 168 0.1 1.1 2.6 18.9 34.5 731.2 0.00 0 0.0 26.3 24.1 24.4 3.626  -38.1   26.2    0.0  33    8.7   5 0 0 1 1 2 0 20.2 43.4 20.4 43.4 80.0 100 100 20 408 0 142 0 402 401 400 0 0 0 60 50 AUTO_PARK 0 
b.1 2025-08-15 01:15:13.368 a 2025-08-15-01:15:04 125 337 201 0.1 1.3 2.9 18.8 39.4 731.1 0.00 0 0.0 25.8 24.1 24.4 3.627  -41.1   26.2    2.1  32    8.3   5 0 0 1 1 2 0 20.2 42.8 20.4 41.7 80.0 100 100 20 408 0 143 0 402 401 400 0 0 0 60 50 AUTO_PARK 0 
b.1 2025-08-15 01:16:13.877 a 2025-08-15-01:16:05 033 007 070 0.1 0.7 1.8 18.7 42.9 731.1 0.00 0 0.0 25.7 24.1 24.4 3.626  -38.0   26.2    2.2  32    8.4   5 0 0 1 1 2 0 20.2 42.4 20.4 42.3 80.0 100 100 20 408 0 139 0 401 401 400 0 0 0 60 50 AUTO_PARK 0 
b.1 2025-08-15 01:17:13.589 a 2025-08-15-01:17:05 125 015 195 0.0 1.0 3.6 18.6 43.8 731.1 0.00 0 0.0 25.5 24.1 24.4 3.627  -38.0   26.1    2.2  33    8.5   5 0 0 1 1 2 0 20.2 42.9 20.4 42.6 80.0 100 100 20 408 0 143 0 401 401 399 0 0 0 60 50 AUTO_PARK 0 
b.1 2025-08-15 01:18:13.029 a 2025-08-15-01:18:04 125 033 224 0.0 1.7 3.0 18.5 36.6 731.1 0.00 0 0.0 25.0 24.1 24.4 3.632  -44.1   26.1    2.3  33    8.6   7 0 0 1 1 2 0 20.2 42.4 20.4 42.3 80.0 100 100 20 408 0 143 0 401 401 399 0 0 0 59 50 AUTO_PARK 0 
b.1 2025-08-15 01:19:13.578 a 2025-08-15-01:19:05 137 344 257 0.3 3.0 5.1 18.5 36.5 731.1 0.00 0 0.0 24.2 24.1 24.4 3.634  -45.1   26.0    3.0  32    7.9  13 0 0 1 1 2 0 20.2 40.1 20.4 40.4 80.0 100 99 20 408 0 143 0 401 401 400 0 0 0 60 50 AUTO_PARK 0 
b.1 2025-08-15 01:20:12.933 a 2025-08-15-01:20:04 002 330 287 2.0 3.7 5.3 18.3 31.8 731.1 0.00 0 0.0 23.3 24.1 24.4 3.626  -45.9   25.9    4.6  31    7.5  15 0 0 1 1 2 0 20.2 37.8 20.4 37.9 80.0 100 100 20 408 0 143 0 401 402 399 0 0 0 59 50 AUTO_PARK 0 
b.1 2025-08-15 01:21:13.256 a 2025-08-15-01:21:04 026 339 317 1.2 3.1 4.7 18.0 30.8 731.1 0.00 0 0.0 22.7 24.1 24.4 3.627  -43.9   25.9    5.1  30    7.0  13 0 0 1 1 2 0 20.2 36.2 20.4 36.0 80.0 100 100 20 408 0 143 0 401 401 400 0 0 0 60 50 AUTO_PARK 0 
b.1 2025-08-15 01:22:10.921 a 2025-08-15-01:22:02 307 334 358 2.8 3.9 5.0 17.8 32.5 731.1 0.00 0 0.0 22.1 24.1 24.4 3.626  -42.7   25.8    6.9  29    6.6  13 0 0 1 1 2 0 20.2 34.9 20.5 35.2 80.0 100 100 20 408 0 142 0 401 401 399 0 0 0 60 50 AUTO_PARK 0 
b.1 2025-08-15 01:23:13.631 a 2025-08-15-01:23:05 001 331 303 1.4 3.7 5.5 17.6 31.7 731.1 0.00 0 0.0 21.6 24.1 24.4 3.627  -45.1   25.7    8.0  29    6.4  14 0 0 1 1 2 0 20.2 33.7 20.4 33.9 80.0 100 100 20 408 0 142 0 402 401 400 0 0 0 59 50 AUTO_PARK 0 
b.1 2025-08-15 01:24:11.395 a 2025-08-15-01:24:02 269 324 350 0.5 2.8 4.5 17.5 31.8 731.0 0.00 0 0.0 21.5 24.1 24.4 3.627  -44.7   25.7    6.3  29    6.4  14 0 0 1 1 2 0 20.2 32.6 20.4 32.6 80.0 100 100 20 408 0 143 0 401 401 400 0 0 0 59 50 AUTO_PARK 0 
b.1 2025-08-15 01:25:15.792 a 2025-08-15-01:25:07 152 336 232 0.1 2.3 5.4 17.4 32.0 731.0 0.00 0 0.0 21.6 24.1 24.4 3.627  -42.8   25.6    4.7  29    6.2   5 0 0 1 1 2 0 20.2 32.2 20.4 32.2 80.0 100 100 20 408 0 142 0 401 401 400 0 0 0 60 50 AUTO_PARK 0 
b.1 2025-08-15 01:26:11.493 a 2025-08-15-01:26:03 263 334 355 1.0 4.0 5.4 17.4 31.7 731.0 0.00 0 0.0 21.2 24.1 24.4 3.634  -46.2   25.5    7.3  29    5.9  14 0 0 1 1 2 0 20.2 31.8 20.4 31.7 80.0 100 100 20 408 0 142 0 400 401 399 0 0 0 60 50 AUTO_PARK 0 
b.1 2025-08-15 01:27:14.134 a 2025-08-15-01:27:05 010 332 288 0.6 4.1 6.0 17.4 32.1 731.0 0.00 0 0.0 20.8 24.1 24.4 3.627  -43.1   25.4   10.4  28    5.6  14 0 0 1 1 2 0 20.2 31.2 20.4 31.2 80.0 100 100 20 408 0 143 0 401 401 400 0 0 0 59 50 AUTO_PARK 0 
b.1 2025-08-15 01:28:10.312 a 2025-08-15-01:28:01 057 322 270 0.1 3.2 5.4 17.3 32.3 731.0 0.00 0 0.0 20.7 24.1 24.4 3.627  -41.7   25.2    8.2  28    5.5  14 0 0 1 1 2 0 20.2 30.8 20.4 30.9 80.0 100 100 20 408 0 143 0 401 401 399 0 0 0 60 50 AUTO_PARK 0 
b.1 2025-08-15 01:29:14.273 a 2025-08-15-01:29:05 278 314 341 1.3 3.5 6.0 17.3 32.0 731.0 0.00 0 0.0 20.5 24.1 24.4 3.627  -41.8   25.0    8.7  28    5.4   5 0 0 1 1 2 0 20.2 30.2 20.3 30.6 80.0 100 100 20 408 0 143 0 401 401 400 0 0 0 59 50 AUTO_PARK 0 
b.1 2025-08-15 01:30:13.578 a 2025-08-15-01:30:05 068 309 227 0.2 3.1 4.7 17.3 32.4 731.0 0.00 0 0.0 20.5 24.1 24.4 3.627  -42.1   24.9    7.9  28    5.3  12 0 0 1 1 2 0 20.2 29.8 20.3 29.9 80.0 100 100 20 408 0 143 0 401 401 400 0 0 0 60 50 AUTO_PARK 0 
b.1 2025-08-15 01:31:13.798 a 2025-08-15-01:31:05 283 309 346 1.6 3.7 5.4 17.3 32.1 731.0 0.00 0 0.0 20.4 24.1 24.4 3.627  -41.1   24.8    8.4  28    5.3  10 0 0 1 1 2 0 20.2 29.7 20.3 29.7 80.0 100 100 20 408 0 143 0 401 401 399 0 0 0 60 50 AUTO_PARK 0 
b.1 2025-08-15 01:32:11.134 a 2025-08-15-01:32:02 100 313 162 0.3 3.4 5.0 17.3 31.8 731.0 0.00 0 0.0 20.2 24.1 24.4 3.633  -39.4   24.6    8.4  28    5.1  10 0 0 1 1 2 0 20.2 29.4 20.3 29.4 80.0 100 100 20 408 0 143 0 401 402 399 0 0 0 59 50 AUTO_PARK 0 
b.1 2025-08-15 01:33:13.614 a 2025-08-15-01:33:05 285 314 345 1.8 3.6 5.2 17.2 31.7 731.0 0.00 0 0.0 20.1 24.1 24.4 3.627  -39.7   24.5    8.1  28    5.0  10 0 0 1 1 2 0 20.2 29.3 20.3 29.3 80.0 100 100 20 408 0 143 0 401 401 399 0 0 0 59 50 AUTO_PARK 0 
b.1 2025-08-15 01:34:11.555 a 2025-08-15-01:34:03 282 319 354 0.6 2.8 4.8 17.2 31.8 731.0 0.00 0 0.0 20.1 24.1 24.4 3.627  -41.8   24.3    6.4  28    4.8  10 0 0 1 1 2 0 20.2 29.1 20.3 29.1 80.0 100 100 20 408 0 143 0 401 401 399 0 0 0 59 50 AUTO_PARK 0 
b.1 2025-08-15 01:35:16.096 a 2025-08-15-01:35:07 054 329 284 0.5 2.3 5.0 17.2 31.4 731.0 0.00 0 0.0 20.3 24.1 24.4 3.635  -41.6   24.2    4.7  28    4.7   5 0 0 1 1 2 0 20.1 28.9 20.3 29.0 80.0 100 100 20 408 0 143 0 401 401 400 0 0 0 59 50 AUTO_PARK 0 
b.1 2025-08-15 01:36:13.355 a 2025-08-15-01:36:04 290 328 356 0.5 2.9 5.0 17.2 31.5 731.0 0.00 0 0.0 20.2 24.1 24.4 3.627  -38.8   24.1    4.9  28    4.5   7 0 0 1 1 2 0 20.1 28.9 20.3 28.8 80.0 100 100 20 408 0 142 0 401 401 399 0 0 0 60 50 AUTO_PARK 0 
b.1 2025-08-15 01:37:11.154 a 2025-08-15-01:37:02 027 335 312 0.5 3.2 5.5 17.2 31.1 731.0 0.00 0 0.0 20.2 24.1 24.4 3.626  -41.8   24.0    5.8  28    4.5  15 0 0 1 1 2 0 20.1 28.8 20.2 28.7 80.0 100 100 20 408 0 143 0 401 401 400 0 0 0 59 50 AUTO_PARK 0 
b.1 2025-08-15 01:38:11.457 a 2025-08-15-01:38:03 032 318 285 0.9 3.4 5.3 17.1 30.8 731.0 0.00 0 0.0 20.0 24.1 24.4 3.626  -40.5   23.9    6.6  28    4.4  12 0 0 1 1 2 0 20.1 28.5 20.2 28.6 80.0 100 100 20 408 0 143 0 401 401 399 0 0 0 60 50 AUTO_PARK 0 
b.1 2025-08-15 01:39:11.996 a 2025-08-15-01:39:03 065 321 270 0.4 2.3 3.8 17.1 31.2 731.0 0.00 0 0.0 20.0 24.1 24.4 3.626  -38.8   23.9    4.7  28    4.3   0 0 0 1 1 2 0 20.1 28.4 20.2 28.5 80.0 100 100 20 408 0 143 0 401 401 399 0 0 0 60 50 AUTO_PARK 0 
b.1 2025-08-15 01:40:15.094 a 2025-08-15-01:40:06 279 313 352 1.0 2.8 4.3 17.1 31.2 731.0 0.00 0 0.0 20.0 24.1 24.4 3.627  -39.4   23.8    4.8  28    4.3   5 0 0 1 1 2 0 20.1 28.2 20.2 28.2 80.0 100 100 20 408 0 143 0 401 401 400 0 0 0 60 50 AUTO_PARK 0 
b.1 2025-08-15 01:41:10.197 a 2025-08-15-01:41:01 100 310 268 0.3 2.4 3.8 17.1 30.4 731.0 0.00 0 0.0 20.0 24.1 24.4 3.627  -39.3   23.7    4.5  28    4.2   8 0 0 1 1 2 0 20.0 28.2 20.2 28.1 80.0 100 100 20 408 0 142 0 402 401 400 0 0 0 59 50 AUTO_PARK 0 
b.1 2025-08-15 01:42:13.203 a 2025-08-15-01:42:04 065 315 293 0.1 2.0 2.9 17.1 31.0 731.0 0.00 0 0.0 20.0 24.1 24.4 3.626  -38.7   23.6    3.8  28    4.2   8 0 0 1 1 2 0 20.0 28.1 20.2 28.1 80.0 100 100 20 408 0 142 0 401 401 399 0 0 0 59 50 AUTO_PARK 0 
b.1 2025-08-15 01:43:11.016 a 2025-08-15-01:43:02 092 307 240 0.3 1.9 3.7 17.1 31.4 731.0 0.00 0 0.0 19.9 24.1 24.4 3.627  -38.4   23.6    3.4  28    4.2   8 0 0 1 1 2 0 20.0 28.1 20.2 28.1 80.0 100 100 20 408 0 142 0 402 401 400 0 0 0 59 50 AUTO_PARK 0 
b.1 2025-08-15 01:44:13.177 a 2025-08-15-01:44:04 047 300 175 0.1 1.5 3.3 17.2 31.4 731.0 0.00 0 0.0 20.0 24.1 24.4 3.627  -37.6   23.6    2.7  28    4.1   8 0 0 1 1 2 0 20.1 28.0 20.2 27.9 80.0 100 100 20 408 0 143 0 400 401 399 0 0 0 59 50 AUTO_PARK 0 
b.1 2025-08-15 01:45:13.690 a 2025-08-15-01:45:05 003 285 144 0.1 2.5 4.6 17.2 31.0 731.0 0.00 0 0.0 19.8 24.1 24.4 3.627  -40.3   23.5    3.6  28    4.1   8 0 0 1 1 2 0 20.0 28.1 20.2 28.1 80.0 100 100 20 408 0 142 0 401 401 399 0 0 0 59 50 AUTO_PARK 0 
b.1 2025-08-15 01:46:13.756 a 2025-08-15-01:46:05 100 303 146 0.2 3.3 6.1 17.2 31.0 731.0 0.00 0 0.0 19.6 24.1 24.4 3.627  -39.6   23.5    4.8  28    4.1   9 0 0 1 1 2 0 20.0 28.1 20.2 28.1 80.0 100 100 20 408 0 142 0 401 401 400 0 0 0 60 50 AUTO_PARK 0 
b.1 2025-08-15 01:47:13.038 a 2025-08-15-01:47:04 004 304 268 0.5 4.1 5.8 17.1 30.6 731.0 0.00 0 0.0 19.3 24.1 24.4 3.627  -39.2   23.4    7.7  28    4.0  10 0 0 1 1 2 0 20.0 28.0 20.1 28.0 80.0 100 100 20 408 0 142 0 400 401 399 0 0 0 60 50 AUTO_PARK 0 
b.1 2025-08-15 01:48:11.460 a 2025-08-15-01:48:02 068 305 268 0.6 3.9 5.6 17.0 31.5 731.0 0.00 0 0.0 19.0 24.1 24.4 3.635  -39.8   23.4    8.5  28    3.9  11 0 0 1 1 2 0 20.0 27.9 20.1 27.9 80.0 100 100 20 408 0 143 0 400 402 399 0 0 0 59 50 AUTO_PARK 0 
b.1 2025-08-15 01:49:12.418 a 2025-08-15-01:49:03 276 292 309 2.9 4.7 6.1 16.9 31.3 731.0 0.00 0 0.0 18.9 24.1 24.4 3.633  -39.8   23.3   11.4  28    3.9  11 0 0 1 1 2 0 19.9 28.0 20.0 28.1 80.0 100 100 20 408 0 142 0 401 401 400 0 0 0 60 50 AUTO_PARK 0 
b.1 2025-08-15 01:50:14.418 a 2025-08-15-01:50:05 004 284 149 0.2 2.8 4.6 16.8 31.9 731.0 0.00 0 0.0 18.8 24.1 24.4 3.633  -38.6   23.2    8.4  28    3.8  11 0 0 1 1 2 0 19.8 28.2 19.9 28.2 80.0 100 100 20 408 0 142 0 401 401 399 0 0 0 59 50 AUTO_PARK 0 
b.1 2025-08-15 01:51:09.765 a 2025-08-15-01:51:01 045 301 149 0.2 2.4 4.6 16.8 31.9 731.0 0.00 0 0.0 18.8 24.1 24.4 3.628  -39.1   23.1    5.8  28    3.8  11 0 0 1 1 2 0 19.8 28.3 19.9 28.3 80.0 100 100 20 408 0 142 0 401 401 400 0 0 0 60 50 AUTO 0 
b.1 2025-08-15 01:52:13.378 a 2025-08-15-01:52:04 046 298 266 0.2 2.3 4.5 16.8 32.5 731.0 0.00 0 0.0 18.9 24.1 24.4 3.627  -41.0   23.0    4.8  28    3.8   5 0 0 1 1 2 0 19.7 28.4 19.9 28.4 80.0 100 100 20 408 0 142 0 401 401 400 0 0 0 60 50 AUTO 0 
b.1 2025-08-15 01:53:11.164 a 2025-08-15-01:53:02 264 298 326 0.9 3.0 4.5 16.8 31.9 731.0 0.00 0 0.0 18.8 24.1 24.4 3.627  -40.1   23.0    5.3  29    3.8   8 0 0 1 1 2 0 19.7 28.5 19.8 28.4 80.0 100 100 20 408 0 142 0 401 401 400 0 0 0 59 50 AUTO 0 
b.1 2025-08-15 01:54:13.880 a 2025-08-15-01:54:05 259 298 356 0.5 2.8 5.0 16.8 31.5 731.0 0.00 0 0.0 18.7 24.1 24.4 3.627  -39.0   22.9    5.4  29    3.7   9 0 0 1 1 2 0 19.7 28.4 19.8 28.4 80.0 100 100 20 408 0 143 0 401 401 399 0 0 0 59 50 AUTO 0 
b.1 2025-08-15 01:55:13.780 a 2025-08-15-01:55:05 094 303 198 0.5 2.3 3.5 16.8 31.9 731.0 0.00 0 0.0 18.7 24.1 24.4 3.627  -38.7   22.9    4.3  28    3.7   9 0 0 1 1 2 0 19.6 28.4 19.8 28.4 80.0 100 100 20 408 0 142 0 401 401 399 0 0 0 59 50 AUTO 0 
b.1 2025-08-15 01:56:12.339 a 2025-08-15-01:56:03 276 302 319 3.0 4.3 5.3 16.8 31.7 731.0 0.00 0 0.0 18.5 24.1 24.4 3.626  -39.8   22.9    6.9  28    3.7   9 0 0 1 1 2 0 19.6 28.5 19.8 28.4 80.0 100 100 20 408 0 143 0 401 401 400 0 0 0 60 50 AUTO 0 
b.1 2025-08-15 01:57:12.325 a 2025-08-15-01:57:03 246 278 319 1.3 3.6 5.7 16.7 32.3 731.0 0.00 0 0.0 18.3 24.1 24.5 3.627  -39.7   22.8    8.2  29    3.7  10 0 0 1 1 2 0 19.5 28.7 19.7 28.6 80.0 100 100 20 408 0 143 0 401 401 400 0 0 0 59 50 AUTO 0 
b.1 2025-08-15 01:58:12.420 a 2025-08-15-01:58:03 165 269 300 0.4 3.9 6.1 16.7 32.1 731.0 0.00 0 0.0 18.1 24.1 24.4 3.626  -40.2   22.8   10.3  29    3.7  10 0 0 1 1 2 0 19.5 28.9 19.6 28.9 80.0 100 100 20 408 0 143 0 401 401 400 0 0 0 60 50 AUTO 0 
b.1 2025-08-15 01:59:10.723 a 2025-08-15-01:59:02 124 263 294 0.2 4.0 7.1 16.6 32.7 731.0 0.00 0 0.0 18.0 24.1 24.4 3.626  -40.5   22.7   11.9  29    3.6  12 0 0 1 1 2 0 19.5 29.0 19.5 29.1 80.0 100 100 20 408 0 143 0 401 401 400 0 0 0 60 50 AUTO 0 
b.1 2025-08-15 02:00:12.844 a 2025-08-15-02:00:04 125 261 351 0.5 3.2 5.3 16.6 32.5 731.0 0.00 0 0.0 17.9 24.1 24.4 3.627  -40.4   22.6    9.6  29    3.5  12 0 0 1 1 2 0 19.5 29.0 19.5 29.2 80.0 100 100 20 408 0 143 0 402 401 400 0 0 0 60 50 AUTO 0 
b.1 2025-08-15 02:01:12.082 a 2025-08-15-02:01:03 257 281 310 0.9 3.4 5.1 16.5 32.3 731.0 0.00 0 0.0 17.8 24.1 24.4 3.634  -40.5   22.6   10.1  29    3.5  12 0 0 1 1 2 0 19.4 29.1 19.4 29.3 80.0 100 100 20 408 0 142 0 401 402 400 0 0 0 60 50 AUTO 0 
b.1 2025-08-15 02:02:12.101 a 2025-08-15-02:02:03 265 288 313 2.0 4.6 6.5 16.5 32.1 731.0 0.00 0 0.0 17.7 24.1 24.4 3.627  -40.6   22.5   13.1  29    3.5  12 0 0 1 1 2 0 19.4 29.0 19.4 29.2 80.0 100 100 20 408 0 142 0 401 401 400 0 0 0 60 50 AUTO 0 
b.1 2025-08-15 02:03:12.323 a 2025-08-15-02:03:03 015 275 358 0.2 2.6 5.0 16.4 32.3 731.0 0.00 0 0.0 17.7 24.1 24.4 3.627  -39.0   22.4    7.4  29    3.4   5 0 0 1 1 2 0 19.3 29.0 19.4 29.2 80.0 100 100 20 408 0 142 0 401 401 399 0 0 0 60 50 AUTO 0 
b.1 2025-08-15 02:04:15.043 a 2025-08-15-02:04:06 151 268 000 0.2 2.4 4.5 16.4 32.7 731.0 0.00 0 0.0 17.7 24.1 24.4 3.627  -40.3   22.3    6.0  29    3.3  11 0 0 1 1 2 0 19.3 29.1 19.3 29.3 80.0 100 100 20 408 0 142 0 401 401 399 0 0 0 60 50 AUTO 0 
b.1 2025-08-15 02:05:12.164 a 2025-08-15-02:05:03 062 293 132 0.3 3.3 5.2 16.4 32.3 731.0 0.00 0 0.0 17.6 24.1 24.4 3.626  -43.1   22.2    7.1  29    3.3  10 0 0 1 1 2 0 19.2 29.1 19.3 29.2 80.0 100 100 20 408 0 142 0 401 401 399 0 0 0 60 50 AUTO 0 
b.1 2025-08-15 02:06:13.226 a 2025-08-15-02:06:04 219 272 312 0.6 3.0 5.9 16.4 33.1 731.0 0.00 0 0.0 17.5 24.1 24.4 3.628  -40.0   22.2    7.2  29    3.3  10 0 0 1 1 2 0 19.2 29.3 19.3 29.3 80.0 100 100 20 408 0 139 2 401 401 400 0 0 3 60 50 AUTO 0 
b.1 2025-08-15 02:07:12.990 a 2025-08-15-02:07:04 210 292 331 0.5 3.8 6.1 16.3 32.7 731.0 0.00 0 0.0 17.4 24.1 24.4 3.634  -39.9   22.1    8.4  29    3.2  10 0 0 1 1 1 0 19.2 29.5 19.2 29.6 80.0 100 100 20 408 0 139 0 402 401 400 0 0 0 59 50 AUTO 0 
b.1 2025-08-15 02:08:12.743 a 2025-08-15-02:08:04 243 284 326 0.5 3.6 5.7 16.3 32.8 731.0 0.00 0 0.0 17.3 24.1 24.4 3.626  -39.7   22.0    8.8  29    3.2  11 0 0 1 1 1 0 19.1 29.6 19.1 29.8 80.0 100 100 20 408 0 142 0 401 401 400 0 0 0 60 50 AUTO 0 
b.1 2025-08-15 02:09:12.967 a 2025-08-15-02:09:04 242 285 345 0.9 4.5 6.5 16.2 32.6 731.0 0.00 0 0.0 17.2 24.1 24.4 3.627  -39.9   21.9   12.0  29    3.1  15 0 0 1 1 1 0 19.1 29.7 19.0 30.1 80.0 100 100 20 408 0 142 0 401 401 400 0 0 0 60 50 AUTO 0 
b.1 2025-08-15 02:10:11.506 a 2025-08-15-02:10:02 020 285 251 0.8 4.4 6.4 16.2 32.9 730.9 0.00 0 0.0 17.0 24.1 24.4 3.628  -40.0   21.9   13.8  29    3.1  12 0 0 1 1 1 0 19.1 29.8 18.9 30.2 80.0 100 100 20 408 0 142 0 401 401 400 0 0 0 60 50 AUTO 0 
b.1 2025-08-15 02:11:12.288 a 2025-08-15-02:11:03 259 288 350 0.7 4.1 5.7 16.1 32.7 730.9 0.00 0 0.0 17.0 24.1 24.4 3.627  -40.4   21.8   11.5  29    3.0  12 0 0 1 1 1 0 19.0 29.5 18.9 30.4 80.0 100 100 20 408 0 142 0 401 402 400 0 0 0 60 50 AUTO 0 
b.1 2025-08-15 02:12:13.048 a 2025-08-15-02:12:04 262 284 311 1.8 4.9 6.9 16.1 32.8 730.9 0.00 0 0.0 16.9 24.1 24.4 3.627  -40.0   21.7   14.9  29    3.0  12 0 0 1 1 1 0 19.0 29.8 18.8 30.2 80.0 100 100 20 408 0 142 0 401 401 400 0 0 0 59 50 AUTO 0 
b.1 2025-08-15 02:13:12.667 a 2025-08-15-02:13:04 146 277 301 0.3 3.6 5.4 16.0 32.8 731.0 0.00 0 0.0 16.8 24.1 24.5 3.627  -41.1   21.6   10.7  29    2.9  12 0 0 1 1 1 0 18.9 29.9 18.8 30.2 80.0 100 100 20 408 0 142 0 401 401 400 0 0 0 60 50 AUTO 0 
b.1 2025-08-15 02:14:13.426 a 2025-08-15-02:14:04 105 266 319 0.5 3.6 5.9 16.0 32.5 731.0 0.00 0 0.0 16.8 24.1 24.4 3.627  -42.8   21.5   12.6  29    2.8  12 0 0 1 1 1 0 18.9 30.1 18.7 30.1 80.0 100 100 20 408 0 142 0 401 402 400 0 0 0 59 50 AUTO 0 
b.1 2025-08-15 02:15:13.463 a 2025-08-15-02:15:04 018 239 276 0.2 2.8 6.5 15.9 32.8 731.0 0.00 0 0.0 16.7 24.1 24.4 3.626  -39.4   21.4    7.7  29    2.8  12 0 0 1 1 1 0 18.9 29.6 18.6 30.1 80.0 100 100 20 408 0 142 0 401 401 400 0 0 0 59 50 AUTO 0 
b.1 2025-08-15 02:16:10.868 a 2025-08-15-02:16:02 099 263 279 0.4 2.9 4.7 15.9 32.8 731.0 0.00 0 0.0 16.7 24.1 24.4 3.627  -42.0   21.3    8.0  29    2.7  10 0 0 1 1 1 0 18.8 29.6 18.5 30.1 80.0 100 100 20 408 0 142 0 402 401 400 0 0 0 60 50 AUTO 0 
b.1 2025-08-15 02:17:10.428 a 2025-08-15-02:17:01 092 252 322 0.3 1.4 3.7 15.9 33.1 731.0 0.00 0 0.0 16.6 24.1 24.5 3.627  -38.9   21.3    4.7  29    2.7   9 0 0 1 1 1 0 18.8 29.6 18.5 30.3 80.0 100 100 20 408 0 142 0 401 401 400 0 0 0 60 50 AUTO 0 
b.1 2025-08-15 02:18:11.066 a 2025-08-15-02:18:02 112 269 316 0.6 3.8 7.3 15.9 32.7 731.0 0.00 0 0.0 16.5 24.1 24.4 3.627  -39.2   21.2    7.6  29    2.7  11 0 0 1 1 1 0 18.8 29.7 18.5 30.4 80.0 100 100 20 408 0 142 0 401 401 400 0 0 0 60 50 AUTO 0 
b.1 2025-08-15 02:19:12.789 a 2025-08-15-02:19:04 150 279 346 0.4 4.9 6.9 15.8 32.7 731.0 0.00 0 0.0 16.4 24.1 24.4 3.628  -39.5   21.1   11.3  30    2.6  13 0 0 1 1 1 0 18.7 29.5 18.4 30.2 80.0 100 100 20 408 0 142 0 401 401 399 0 0 0 60 50 AUTO 0 
b.1 2025-08-15 02:20:15.788 a 2025-08-15-02:20:07 253 280 342 0.5 4.1 6.5 15.8 32.8 731.0 0.00 0 0.0 16.3 24.1 24.4 3.628  -39.8   21.0   11.4  29    2.6  13 0 0 1 1 1 0 18.6 29.4 18.3 30.2 80.0 100 100 20 408 0 142 0 401 401 400 0 0 0 59 50 AUTO 0 
b.1 2025-08-15 02:21:11.275 a 2025-08-15-02:21:02 249 284 357 0.4 3.6 5.7 15.8 32.8 731.0 0.00 0 0.0 16.2 24.1 24.4 3.633  -38.9   21.0   10.0  29    2.5   5 0 0 1 1 1 0 18.5 29.6 18.3 30.3 80.0 100 100 20 408 0 142 0 402 401 400 0 0 0 59 50 AUTO 0 
b.1 2025-08-15 02:22:11.766 a 2025-08-15-02:22:03 145 267 357 0.2 3.3 5.2 15.7 33.1 731.0 0.00 0 0.0 16.1 24.1 24.4 3.627  -40.7   20.9    9.2  30    2.5  11 0 0 1 1 1 0 18.5 29.7 18.3 30.2 80.0 100 100 20 408 0 142 0 401 401 400 0 0 0 60 50 AUTO 0 
b.1 2025-08-15 02:23:13.569 a 2025-08-15-02:23:05 198 253 283 0.4 3.3 5.3 15.7 33.1 731.0 0.00 0 0.0 16.1 24.1 24.4 3.628  -39.3   20.8    8.9  30    2.4  17 0 0 1 1 1 0 18.5 29.9 18.2 31.0 80.0 100 100 20 408 0 142 0 401 401 400 0 0 0 60 50 AUTO 0 
b.1 2025-08-15 02:24:12.072 a 2025-08-15-02:24:03 058 260 194 0.3 3.0 5.5 15.6 33.1 731.0 0.00 0 0.0 16.0 24.1 24.4 3.627  -45.3   20.8    8.0  30    2.4  13 0 0 1 1 1 0 18.5 30.4 18.1 30.8 80.0 100 100 20 408 0 142 0 402 401 400 0 0 0 59 50 AUTO 0 
b.1 2025-08-15 02:25:15.394 a 2025-08-15-02:25:06 105 254 319 0.3 2.7 4.3 15.6 32.9 731.0 0.00 0 0.0 16.0 24.1 24.4 3.628  -40.5   20.7    6.6  30    2.4   5 0 0 1 1 1 0 18.5 30.0 18.1 30.6 80.0 100 100 20 408 0 142 0 401 401 400 0 0 0 59 50 AUTO 0 
b.1 2025-08-15 02:26:10.910 a 2025-08-15-02:26:02 224 263 334 0.6 3.6 7.1 15.6 33.3 731.0 0.00 0 0.0 15.9 24.1 24.4 3.633  -41.1   20.7    7.2  30    2.4  10 0 0 1 1 1 0 18.4 30.0 18.1 30.8 80.0 100 100 20 408 0 142 0 401 401 400 0 0 0 59 50 AUTO 0 
b.1 2025-08-15 02:27:12.808 a 2025-08-15-02:27:04 117 270 345 0.4 4.1 7.3 15.6 33.0 731.0 0.00 0 0.0 15.9 24.1 24.5 3.628  -38.8   20.6    9.2  30    2.4  11 0 0 1 1 1 0 18.4 29.9 18.0 30.8 80.0 100 100 20 408 0 142 0 401 401 400 0 0 0 59 50 AUTO 0 
b.1 2025-08-15 02:28:11.953 a 2025-08-15-02:28:03 071 282 150 0.5 4.0 7.2 15.5 32.8 731.0 0.00 0 0.0 15.8 24.1 24.4 3.626  -39.6   20.6    8.5  30    2.3  11 0 0 1 1 1 0 18.3 29.8 18.0 30.6 80.0 100 100 20 408 0 142 0 401 402 399 0 0 0 60 50 AUTO 0 
b.1 2025-08-15 02:29:12.451 a 2025-08-15-02:29:03 240 283 337 0.9 4.2 6.4 15.5 33.1 731.0 0.00 0 0.0 15.7 24.1 24.4 3.634  -39.0   20.5   10.6  30    2.3  11 0 0 1 1 1 0 18.3 29.7 17.9 30.9 80.0 100 100 20 408 0 142 0 402 401 400 0 0 0 60 50 AUTO 0 
b.1 2025-08-15 02:30:14.767 a 2025-08-15-02:30:06 075 270 129 0.5 3.3 6.1 15.4 33.0 731.0 0.00 0 0.0 15.7 24.1 24.4 3.628  -41.3   20.4    9.0  30    2.2  11 0 0 1 1 1 0 18.3 30.1 17.9 30.7 80.0 100 100 20 408 0 142 0 401 401 399 0 0 0 59 50 AUTO 0 
b.1 2025-08-15 02:31:11.933 a 2025-08-15-02:31:03 145 263 293 1.3 4.4 6.7 15.4 32.7 731.0 0.00 0 0.0 15.7 24.1 24.4 3.627  -38.5   20.4   10.9  30    2.2  12 0 0 1 1 1 0 18.2 29.9 17.8 30.4 80.0 100 100 20 408 0 142 0 401 401 400 0 0 0 60 50 AUTO 0 
b.1 2025-08-15 02:32:12.394 a 2025-08-15-02:32:03 204 265 289 0.7 4.4 6.5 15.4 32.6 731.0 0.00 0 0.0 15.6 24.1 24.4 3.627  -40.5   20.3   12.0  30    2.1  13 0 0 1 1 1 0 18.2 29.6 17.8 30.5 80.0 100 100 20 408 0 142 0 401 401 400 0 0 0 59 50 AUTO 0 
b.1 2025-08-15 02:33:11.273 a 2025-08-15-02:33:02 233 272 356 0.4 4.0 6.6 15.3 33.2 731.0 0.00 0 0.0 15.5 24.1 24.5 3.627  -41.1   20.2   12.5  30    2.0  13 0 0 1 1 1 0 18.1 29.8 17.7 30.7 80.0 100 100 20 408 0 142 0 401 401 400 0 0 0 60 50 AUTO 0 
b.1 2025-08-15 02:34:12.651 a 2025-08-15-02:34:04 073 251 294 0.3 3.2 5.4 15.3 32.3 731.0 0.00 0 0.0 15.4 24.1 24.4 3.627  -39.9   20.1    9.1  30    2.0  13 0 0 1 1 1 0 18.1 29.7 17.6 30.4 80.0 100 100 20 408 0 142 0 401 401 400 0 0 0 59 50 AUTO 0 
b.1 2025-08-15 02:35:13.710 a 2025-08-15-02:35:05 246 261 336 0.4 4.0 5.0 15.3 32.0 731.0 0.00 0 0.0 15.4 24.1 24.4 3.627  -39.9   20.1   10.0  30    1.9  13 0 0 1 1 1 0 18.1 29.8 17.6 30.5 80.0 100 100 20 408 0 142 0 401 401 400 0 0 0 60 50 AUTO 0 
b.1 2025-08-15 02:36:12.571 a 2025-08-15-02:36:03 191 229 260 2.6 3.5 4.8 15.2 31.8 731.0 0.00 0 0.0 15.4 24.1 24.5 3.626  -40.1   20.0    9.4  30    1.9  11 0 0 1 1 1 0 18.0 29.2 17.6 30.1 80.0 100 100 20 408 0 142 0 401 401 400 4 5 5 60 50 AUTO 0 
b.1 2025-08-15 02:37:10.654 a 2025-08-15-02:37:02 092 194 282 0.3 1.9 4.2 15.2 32.0 731.0 0.00 0 0.0 15.3 24.1 24.4 3.627  -39.6   20.0    4.7  30    1.9  10 0 0 1 1 1 0 18.0 29.2 17.7 30.0 80.0 100 100 20 408 0 142 0 401 401 400 0 0 0 59 50 AUTO 0 
b.1 2025-08-15 02:38:14.029 a 2025-08-15-02:38:05 162 218 277 0.8 2.9 4.4 15.2 32.6 730.9 0.00 0 0.0 15.2 24.1 24.5 3.627  -41.0   19.9    5.0  30    1.8  10 0 0 1 1 1 0 18.0 29.3 17.7 30.1 80.0 100 100 20 408 0 142 0 401 401 400 0 0 0 60 50 AUTO 0 
b.1 2025-08-15 02:39:15.049 a 2025-08-15-02:39:06 161 251 277 0.8 4.5 6.5 15.1 33.3 730.9 0.00 0 0.0 15.2 24.1 24.5 3.628  -41.4   19.9    8.3  30    1.8  12 0 0 1 1 1 0 17.9 29.9 17.7 30.6 80.0 100 100 20 408 0 142 0 401 401 400 0 0 0 59 50 AUTO 0 
b.1 2025-08-15 02:40:19.973 a 2025-08-15-02:40:11 045 260 111 0.3 3.5 6.5 15.1 33.5 730.9 0.00 0 0.0 15.2 24.1 24.4 3.627  -40.9   19.8    9.2  30    1.8  13 0 0 1 1 1 0 17.9 30.0 17.6 30.7 80.0 100 100 20 408 0 142 0 400 401 400 0 0 0 59 50 AUTO 0 
b.1 2025-08-15 02:41:18.190 a 2025-08-15-02:41:09 072 279 115 0.2 4.6 7.7 15.1 33.5 730.9 0.00 0 0.0 15.2 24.1 24.4 3.627  -40.1   19.8   12.9  30    1.8  13 0 0 1 1 1 0 17.9 30.3 17.6 31.0 80.0 100 100 20 408 0 142 0 401 402 400 0 0 0 60 50 AUTO 0 
b.1 2025-08-15 02:42:20.789 a 2025-08-15-02:42:12 256 286 309 0.8 5.8 7.2 15.0 34.1 731.0 0.00 0 0.0 15.2 24.1 24.4 3.627  -40.8   19.7   15.7  30    1.8  13 0 0 1 2 1 0 17.8 30.7 17.5 31.3 80.0 100 100 20 408 0 142 0 401 401 400 0 0 0 60 50 AUTO 0 
b.1 2025-08-15 02:43:16.657 a 2025-08-15-02:43:08 225 280 356 0.5 4.8 7.0 15.0 34.1 731.0 0.00 0 0.0 15.1 24.1 24.5 3.627  -39.7   19.7   15.1  30    1.8  13 0 0 1 2 1 0 17.7 30.9 17.5 31.6 80.0 100 100 20 408 0 142 0 401 401 400 0 0 0 59 50 AUTO 0 
b.1 2025-08-15 02:44:19.776 a 2025-08-15-02:44:11 192 274 332 0.4 4.1 6.8 15.0 34.3 731.0 0.00 0 0.0 15.1 24.1 24.4 3.627  -39.0   19.6   12.8  30    1.8  13 0 0 1 1 1 0 17.6 31.2 17.4 31.7 80.0 100 100 20 408 0 142 0 401 401 400 0 0 0 60 50 AUTO 0 
b.1 2025-08-15 02:45:23.388 a 2025-08-15-02:45:14 020 275 199 0.4 5.1 7.2 15.0 34.3 731.0 0.00 0 0.0 15.1 24.1 24.5 3.628  -40.3   19.6   15.5  31    1.8  13 0 0 1 2 1 0 17.6 31.3 17.3 31.9 80.0 100 100 20 408 0 142 0 401 401 400 0 0 0 60 50 AUTO 0 
b.1 2025-08-15 02:46:17.959 a 2025-08-15-02:46:09 224 277 302 0.8 4.9 7.4 14.9 34.5 731.0 0.00 0 0.0 15.1 24.1 24.5 3.627  -39.2   19.5   15.2  31    1.8  13 0 0 1 2 1 0 17.6 31.5 17.3 32.2 80.0 100 100 20 408 0 142 0 402 401 400 0 0 0 60 50 AUTO 0 
b.1 2025-08-15 02:47:13.825 a 2025-08-15-02:47:05 137 268 287 0.5 4.7 7.0 14.9 34.4 731.0 0.00 0 0.0 15.1 24.1 24.4 3.626  -42.0   19.5   17.9  31    1.7  13 0 0 1 2 1 0 17.5 31.6 17.2 32.3 80.0 100 100 20 408 0 142 0 402 401 400 0 0 0 60 50 AUTO 0 
b.1 2025-08-15 02:48:16.773 a 2025-08-15-02:48:08 248 267 281 1.6 4.7 6.4 14.9 34.3 731.0 0.00 0 0.0 15.0 24.1 24.4 3.635  -42.0   19.4   18.0  31    1.8  14 0 0 1 2 1 0 17.5 31.5 17.2 32.3 80.0 100 100 20 408 0 142 0 401 401 400 0 0 0 59 50 AUTO 0 
b.1 2025-08-15 02:49:18.032 a 2025-08-15-02:49:09 250 265 285 2.0 4.5 6.5 14.8 34.2 731.0 0.00 0 0.0 15.0 24.1 24.5 3.627  -41.5   19.3   18.3  31    1.8  14 0 0 1 2 1 0 17.5 31.3 17.1 32.2 80.0 100 100 20 408 0 142 0 401 401 399 0 0 0 60 50 AUTO 0 
b.1 2025-08-15 02:50:20.733 a 2025-08-15-02:50:12 233 260 280 1.7 4.7 6.3 14.8 34.6 731.0 0.00 0 0.0 15.0 24.1 24.5 3.627  -41.6   19.3   16.0  31    1.8  14 0 0 1 2 1 0 17.5 31.4 17.1 32.3 80.0 100 100 20 408 0 142 0 401 402 400 0 0 0 60 50 AUTO 0 
b.1 2025-08-15 02:51:14.453 a 2025-08-15-02:51:05 224 259 302 0.6 4.6 6.4 14.8 34.6 731.0 0.00 0 0.0 15.0 24.1 24.5 3.626  -41.2   19.2   14.1  31    1.7  14 0 0 1 1 1 0 17.5 31.4 17.1 32.4 80.0 100 100 20 408 0 142 0 401 401 400 0 0 0 59 50 AUTO 0 
b.1 2025-08-15 02:52:13.096 a 2025-08-15-02:52:04 140 257 301 0.5 4.2 6.4 14.8 35.0 731.0 0.00 0 0.0 15.0 24.1 24.4 3.627  -41.4   19.2   12.4  31    1.8  14 0 0 1 1 1 0 17.5 31.5 17.0 32.6 80.0 100 100 20 408 0 142 0 401 401 400 0 0 0 60 50 AUTO 0 
b.1 2025-08-15 02:53:16.759 a 2025-08-15-02:53:08 224 258 273 2.4 4.8 6.6 14.7 34.9 731.0 0.00 0 0.0 14.9 24.1 24.5 3.626  -41.0   19.2   13.8  31    1.8  14 0 0 1 1 1 0 17.5 32.1 16.9 33.2 80.0 100 100 20 408 0 142 0 401 402 400 0 0 0 59 50 AUTO 0 
b.1 2025-08-15 02:54:13.875 a 2025-08-15-02:54:05 229 252 273 1.6 5.0 6.8 14.7 34.9 731.0 0.00 0 0.0 15.0 24.1 24.5 3.633  -43.1   19.1   14.2  31    1.7  14 0 0 1 1 1 0 17.5 31.7 16.9 32.9 80.0 100 100 20 408 0 142 0 401 401 399 0 0 0 59 50 AUTO 0 
b.1 2025-08-15 02:55:21.180 a 2025-08-15-02:55:12 209 255 287 1.7 4.7 6.5 14.6 35.0 731.0 0.00 0 0.0 15.0 24.1 24.4 3.626  -47.3   19.1   14.5  31    1.7  14 0 0 1 1 1 0 17.4 31.7 17.0 33.1 80.0 100 99 20 408 0 142 0 401 402 399 0 0 0 59 50 AUTO 0 
b.1 2025-08-15 02:56:16.517 a 2025-08-15-02:56:07 159 259 289 0.9 4.7 7.6 14.6 35.0 731.0 0.00 0 0.0 14.9 24.1 24.4 3.627  -41.5   19.1   14.9  31    1.8  14 0 0 1 1 1 0 17.4 31.5 16.9 32.8 80.0 100 100 20 408 0 142 0 401 402 400 0 0 0 59 50 AUTO 0 
b.1 2025-08-15 02:57:10.563 a 2025-08-15-02:57:01 142 265 300 0.5 4.7 7.4 14.6 35.3 730.9 0.00 0 0.0 15.0 24.1 24.5 3.627  -42.4   19.1   15.7  31    1.8  14 0 0 1 2 1 0 17.4 31.6 16.9 32.8 80.0 100 100 20 408 0 142 0 401 401 400 0 0 0 60 50 AUTO 0 
b.1 2025-08-15 02:58:11.200 a 2025-08-15-02:58:02 122 275 308 0.4 4.8 7.2 14.5 34.7 731.0 0.00 0 0.0 15.0 24.1 24.4 3.633  -40.7   19.1   15.6  31    1.7  14 0 0 1 2 1 0 17.2 31.6 16.8 32.7 80.0 100 100 20 408 0 142 0 401 401 400 0 0 0 59 50 AUTO 0 
b.1 2025-08-15 02:59:10.259 a 2025-08-15-02:59:01 204 272 299 0.5 5.4 7.5 14.5 34.6 731.0 0.00 0 0.0 15.0 24.1 24.4 3.627  -40.8   19.0   17.8  31    1.7   5 0 0 1 2 1 0 17.1 31.5 16.7 32.5 80.0 100 100 20 408 0 142 0 401 401 400 0 0 0 60 50 AUTO 0 
b.1 2025-08-15 03:00:14.061 a 2025-08-15-03:00:05 207 269 315 0.6 4.9 7.3 14.5 33.6 731.0 0.00 0 0.0 15.0 24.1 24.4 3.628  -41.6   19.0   18.1  31    1.6  15 0 0 1 2 1 0 17.0 31.1 16.7 32.0 80.0 100 100 20 408 0 142 0 401 401 400 0 0 0 59 50 AUTO 0 
b.1 2025-08-15 03:01:11.500 a 2025-08-15-03:01:02 200 260 290 0.8 4.7 7.2 14.5 31.1 731.0 0.00 0 0.0 15.0 24.1 24.4 3.626  -40.6   18.9   15.0  31    1.5  14 0 0 1 1 1 0 16.9 30.1 16.7 30.8 80.0 100 100 20 408 0 142 0 401 401 400 0 0 0 60 50 AUTO 0 
b.1 2025-08-15 03:02:12.559 a 2025-08-15-03:02:04 195 268 338 0.7 4.4 7.3 14.5 33.5 731.0 0.00 0 0.0 15.0 24.0 24.5 3.628  -41.3   18.9   14.9  31    1.5  14 0 0 1 1 1 0 16.8 30.8 16.7 31.6 80.0 100 100 20 408 0 142 0 401 401 400 0 0 0 59 50 AUTO 0 
b.1 2025-08-15 03:03:11.516 a 2025-08-15-03:03:02 219 262 328 0.9 3.9 7.5 14.5 33.3 731.0 0.00 0 0.0 14.9 24.1 24.4 3.626  -41.2   18.8   11.7  31    1.4  14 0 0 1 1 1 0 16.7 30.6 16.6 31.1 80.0 100 100 20 408 0 142 0 400 401 399 0 0 0 59 50 AUTO 0 
b.1 2025-08-15 03:04:10.437 a 2025-08-15-03:04:01 183 262 327 0.4 4.8 8.2 14.4 33.1 731.0 0.00 0 0.0 15.0 24.1 24.4 3.628  -45.7   18.8   12.2  31    1.3  14 0 0 1 1 1 0 16.6 30.3 16.6 30.8 80.0 100 100 20 408 0 142 0 401 401 400 0 0 0 59 50 AUTO 0 
b.1 2025-08-15 03:05:14.519 a 2025-08-15-03:05:05 192 241 295 2.2 4.8 6.5 14.4 31.8 731.0 0.00 0 0.0 15.0 24.1 24.4 3.627  -41.5   18.8   12.4  31    1.3  14 0 0 1 1 1 0 16.6 29.4 16.5 29.7 80.0 100 100 20 408 0 142 0 402 401 400 0 0 0 59 50 AUTO 0 
b.1 2025-08-15 03:06:12.420 a 2025-08-15-03:06:03 129 249 295 0.3 3.8 6.2 14.4 32.9 731.0 0.00 0 0.0 15.0 24.1 24.5 3.628  -39.2   18.7   10.1  31    1.2  14 0 0 1 1 1 0 16.5 30.5 16.4 30.8 80.0 100 100 20 408 0 142 0 401 401 400 0 0 0 59 50 AUTO 0 
b.1 2025-08-15 03:07:12.980 a 2025-08-15-03:07:04 119 243 290 0.3 3.3 6.7 14.4 32.8 731.0 0.00 0 0.0 15.0 23.8 23.4 3.633  -41.7   18.7    8.9  31    1.2  14 0 0 1 1 1 0 16.5 30.7 16.4 31.2 80.0 100 100 20 408 0 142 1 401 401 400 0 0 2 59 50 AUTO 0 
b.1 2025-08-15 03:08:12.845 a 2025-08-15-03:08:04 242 276 345 0.5 6.0 8.7 14.3 32.2 731.0 0.00 0 0.0 15.1 24.1 24.5 3.634  -41.9   18.6   15.1  31    1.1  14 0 0 1 2 1 0 16.3 30.4 16.3 30.7 80.0 100 100 20 408 0 142 0 401 401 399 0 0 0 59 50 AUTO 0 
b.1 2025-08-15 03:09:22.915 a 2025-08-15-03:09:14 182 275 293 0.9 5.2 7.8 14.4 32.7 731.1 0.00 0 0.0 15.0 24.1 24.4 3.628  -41.2   18.6   16.3  31    1.1  14 0 0 1 2 1 0 16.2 30.6 16.2 30.8 80.0 100 100 20 408 0 142 0 401 401 400 0 0 0 59 50 AUTO 0 
b.1 2025-08-15 03:10:17.384 a 2025-08-15-03:10:08 232 274 337 0.6 5.4 7.7 14.4 32.6 731.1 0.00 0 0.0 14.9 24.1 24.5 3.628  -39.0   18.6   17.2  31    1.1  14 0 0 1 2 1 0 16.1 30.8 16.2 30.8 80.0 100 100 20 408 0 142 0 401 401 400 0 0 0 59 50 AUTO 0 
b.1 2025-08-15 03:11:21.984 a 2025-08-15-03:11:13 232 275 290 2.0 6.4 8.4 14.4 30.5 731.1 0.00 0 0.0 15.0 24.1 24.5 3.628  -40.6   18.6   20.4  31    1.1  14 0 0 1 2 1 0 16.0 30.2 16.1 30.3 80.0 100 100 20 408 0 142 0 401 401 400 0 0 0 59 50 AUTO 0 
b.1 2025-08-15 03:12:14.500 a 2025-08-15-03:12:05 232 273 346 0.4 5.5 8.5 14.4 32.6 731.0 0.00 0 0.0 15.0 24.1 24.5 3.627  -42.2   18.5   18.7  31    1.0  14 0 0 1 2 1 0 15.9 30.9 16.0 30.9 80.0 100 100 20 408 0 142 0 401 401 400 0 0 0 59 50 AUTO 0 
b.1 2025-08-15 03:13:19.792 a 2025-08-15-03:13:11 110 271 288 1.1 6.2 9.0 14.4 32.3 731.0 0.00 0 0.0 15.0 24.0 23.4 3.634  -42.8   18.5   20.2  31    1.0  14 0 0 1 2 1 0 15.9 31.0 16.0 31.0 80.0 100 100 20 408 0 142 0 401 401 400 0 0 0 59 50 AUTO 0 
b.1 2025-08-15 03:14:21.157 a 2025-08-15-03:14:12 040 273 195 1.2 5.2 7.6 14.4 32.5 731.0 0.00 0 0.0 15.0 24.1 24.4 3.626  -40.0   18.5   18.5  31    1.0  14 0 0 1 2 1 0 15.8 31.6 15.9 31.6 80.0 100 100 20 408 0 142 0 401 401 400 0 0 0 59 50 AUTO 0 
b.1 2025-08-15 03:15:20.737 a 2025-08-15-03:15:12 195 266 335 1.2 5.5 7.6 14.3 31.4 731.0 0.00 0 0.0 15.0 24.1 24.5 3.628  -40.8   18.5   19.4  31    0.9  14 0 0 1 2 1 0 15.7 31.0 15.8 31.1 80.0 100 100 20 408 0 142 0 401 401 400 0 0 0 59 50 AUTO 0 
b.1 2025-08-15 03:16:14.003 a 2025-08-15-03:16:05 110 265 295 0.9 5.6 7.6 14.4 32.3 731.0 0.00 0 0.0 15.0 24.1 24.5 3.627  -42.5   18.5   18.3  31    0.9  14 0 0 1 2 1 0 15.6 31.6 15.7 31.7 80.0 100 100 20 408 0 142 0 401 401 400 0 0 0 60 50 AUTO 0 
b.1 2025-08-15 03:17:19.582 a 2025-08-15-03:17:11 171 269 287 0.4 5.4 7.9 14.3 31.4 731.0 0.00 0 0.0 15.0 24.1 24.4 3.628  -43.1   18.5   18.8  31    0.9  14 0 0 1 2 1 0 15.6 30.1 15.6 30.2 80.0 100 100 20 408 0 142 0 401 401 400 0 0 0 59 50 AUTO 0 
b.1 2025-08-15 03:18:15.762 a 2025-08-15-03:18:07 192 251 349 1.1 4.9 7.8 14.4 32.3 731.0 0.00 0 0.0 15.0 24.1 24.5 3.629  -41.0   18.4   14.4  31    0.9  14 0 0 1 1 1 0 15.5 31.9 15.6 32.0 80.0 100 100 20 408 0 142 0 400 401 399 0 0 0 60 50 AUTO 0 
b.1 2025-08-15 03:19:16.430 a 2025-08-15-03:19:07 231 264 291 1.1 5.5 7.8 14.3 32.4 731.0 0.00 0 0.0 15.0 24.0 23.4 3.634  -41.0   18.4   16.1  31    0.9  14 0 0 1 2 1 0 15.4 31.4 15.5 31.6 80.0 100 100 20 408 0 142 0 401 401 400 0 0 0 60 50 AUTO 0 
b.1 2025-08-15 03:20:14.884 a 2025-08-15-03:20:06 191 262 290 0.6 5.2 8.2 14.3 32.2 731.1 0.00 0 0.0 15.0 24.1 24.4 3.627  -41.6   18.4   16.4  31    0.8  14 0 0 1 2 1 0 15.4 31.4 15.5 31.5 80.0 100 100 20 408 0 142 8 401 401 400 0 2 2 59 50 AUTO 0 
b.1 2025-08-15 03:21:12.221 a 2025-08-15-03:21:03 191 262 284 0.6 6.4 8.4 14.3 29.5 731.1 0.00 0 0.0 15.0 24.1 24.4 3.627  -42.7   18.4   19.1  30    0.7  14 0 0 1 2 1 0 15.5 30.7 15.5 30.6 80.0 100 100 20 408 0 142 0 401 401 400 0 0 0 59 50 AUTO 0 
b.1 2025-08-15 03:22:14.203 a 2025-08-15-03:22:05 197 257 279 1.6 5.6 8.2 14.3 31.1 731.1 0.00 0 0.0 15.0 24.0 23.4 3.635  -41.5   18.4   16.9  30    0.7  14 0 0 1 2 1 0 15.6 30.3 15.6 30.6 80.0 100 100 20 408 0 142 0 401 402 400 0 0 0 60 50 AUTO 0 
b.1 2025-08-15 03:23:11.864 a 2025-08-15-03:23:03 197 256 279 0.7 5.6 7.9 14.3 30.5 731.1 0.00 0 0.0 15.0 24.1 24.5 3.627  -42.9   18.4   17.9  30    0.6  14 0 0 1 2 1 0 15.8 29.9 15.7 30.3 80.0 100 100 20 408 0 142 0 401 401 400 0 0 0 60 50 AUTO 0 
b.1 2025-08-15 03:24:14.503 a 2025-08-15-03:24:05 143 259 334 0.7 5.1 7.8 14.3 32.0 731.1 0.00 0 0.0 15.0 24.0 24.5 3.628  -40.4   18.4   17.3  30    0.6  14 0 0 1 2 1 0 15.9 30.1 15.7 30.8 80.0 100 100 20 408 0 142 0 401 401 400 0 0 0 59 50 AUTO 0 
b.1 2025-08-15 03:25:21.305 a 2025-08-15-03:25:12 174 258 274 0.9 5.1 7.9 14.3 30.9 731.1 0.00 0 0.0 14.9 24.0 24.5 3.633  -40.6   18.4   16.3  30    0.6  14 0 0 1 2 1 0 16.0 30.0 15.7 30.7 80.0 100 100 20 408 0 142 0 401 402 400 0 0 0 59 50 AUTO 0 
b.1 2025-08-15 03:26:13.868 a 2025-08-15-03:26:05 225 258 293 1.3 4.9 7.9 14.3 31.0 731.1 0.00 0 0.0 15.0 24.1 24.5 3.633  -41.5   18.4   14.5  30    0.6  14 0 0 1 1 1 0 16.0 30.0 15.7 30.7 80.0 100 100 20 408 0 142 0 401 401 400 0 0 0 59 50 AUTO 0 
b.1 2025-08-15 03:27:13.365 a 2025-08-15-03:27:04 225 264 283 2.1 6.2 8.5 14.3 31.0 731.1 0.00 0 0.0 15.0 24.1 24.5 3.627  -41.5   18.4   18.8  30    0.6  14 0 0 1 2 1 0 16.0 29.4 15.7 30.1 80.0 100 100 20 408 0 142 0 401 402 400 0 0 0 59 50 AUTO 0 
b.1 2025-08-15 03:28:12.789 a 2025-08-15-03:28:04 239 260 279 1.4 4.8 7.3 14.2 30.9 731.1 0.00 0 0.0 14.9 24.0 23.4 3.633  -41.1   18.4   17.7  30    0.6  14 0 0 1 2 1 0 16.1 29.3 15.7 30.2 80.0 100 100 20 408 0 142 0 401 401 400 0 0 0 60 50 AUTO 0 
b.1 2025-08-15 03:29:12.308 a 2025-08-15-03:29:03 226 259 277 1.5 5.6 7.5 14.2 30.6 731.1 0.00 0 0.0 15.0 24.1 24.4 3.633  -42.2   18.3   17.7  30    0.5  14 0 0 1 2 1 0 16.1 29.0 15.7 29.9 80.0 100 100 20 408 0 142 0 401 401 400 0 0 0 60 50 AUTO 0 
b.1 2025-08-15 03:30:15.963 a 2025-08-15-03:30:07 226 259 350 1.1 5.4 8.6 14.2 30.7 731.1 0.00 0 0.0 15.0 24.1 24.5 3.628  -41.6   18.3   18.1  30    0.5  14 0 0 1 2 1 0 16.1 29.2 15.7 30.2 80.0 100 100 20 408 0 142 0 401 401 400 0 0 0 59 50 AUTO 0 
b.1 2025-08-15 03:31:19.483 a 2025-08-15-03:31:10 212 258 278 1.2 5.0 7.0 14.2 30.3 731.1 0.00 0 0.0 15.0 24.1 24.5 3.627  -41.7   18.3   15.6  30    0.5  14 0 0 1 2 1 0 16.2 29.2 15.7 30.3 80.0 100 100 20 408 0 142 0 401 402 400 0 0 0 60 50 AUTO 0 
b.1 2025-08-15 03:32:13.526 a 2025-08-15-03:32:04 214 257 278 1.3 5.3 7.7 14.2 31.2 731.1 0.00 0 0.0 14.9 24.1 24.5 3.626  -42.1   18.3   16.0  30    0.5  14 0 0 1 2 1 0 16.2 29.3 15.7 30.4 80.0 100 100 20 408 0 142 0 401 401 400 0 0 0 60 50 AUTO 0 
b.1 2025-08-15 03:33:13.565 a 2025-08-15-03:33:04 221 254 266 2.2 5.6 7.6 14.1 30.7 731.1 0.00 0 0.0 14.9 24.0 23.4 3.634  -43.4   18.3   16.3  30    0.5  14 0 0 1 2 1 0 16.1 29.1 15.6 30.2 80.0 100 100 20 408 0 142 0 401 401 400 0 0 0 60 50 AUTO 0 
b.1 2025-08-15 03:34:14.767 a 2025-08-15-03:34:06 150 251 270 1.6 5.4 7.7 14.1 31.1 731.0 0.00 0 0.0 15.0 24.1 24.5 3.627  -41.6   18.3   15.8  30    0.4  14 0 0 1 2 1 0 16.1 29.1 15.6 30.2 80.0 100 100 20 408 0 142 0 401 401 399 0 0 0 60 50 AUTO 0 
b.1 2025-08-15 03:35:14.625 a 2025-08-15-03:35:05 236 259 296 1.0 5.7 7.9 14.1 30.9 731.1 0.00 0 0.0 15.0 24.1 24.5 3.628  -42.1   18.3   17.7  30    0.4  14 0 0 1 2 1 0 16.1 29.0 15.6 30.1 80.0 100 100 20 408 0 142 0 401 401 400 0 0 0 60 50 AUTO 0 
b.1 2025-08-15 03:36:14.989 a 2025-08-15-03:36:06 230 258 276 1.8 6.1 7.6 14.1 31.1 731.1 0.00 0 0.0 15.0 24.0 24.4 3.627  -41.9   18.2   18.7  30    0.4  14 0 0 1 2 1 0 16.1 29.0 15.6 30.2 80.0 100 100 20 408 0 142 0 401 401 400 0 0 0 60 50 AUTO 0 
b.1 2025-08-15 03:37:18.948 a 2025-08-15-03:37:10 220 247 270 3.2 5.7 7.5 14.1 31.0 731.1 0.00 0 0.0 15.0 24.1 24.4 3.628  -43.2   18.3   17.7  30    0.4  14 0 0 1 2 1 0 16.1 29.2 15.6 30.2 80.0 100 100 20 408 0 142 0 401 401 400 0 0 0 60 50 AUTO 0 
b.1 2025-08-15 03:38:12.581 a 2025-08-15-03:38:03 192 247 284 1.2 4.5 6.8 14.1 31.4 731.1 0.00 0 0.0 14.9 23.6 23.4 3.634  -42.6   18.2   14.4  30    0.4  14 0 0 1 1 1 0 16.1 29.4 15.6 30.4 80.0 100 100 20 408 0 142 0 401 401 400 0 0 0 59 50 AUTO 0 
b.1 2025-08-15 03:39:14.551 a 2025-08-15-03:39:05 223 256 280 1.8 5.7 7.2 14.0 30.9 731.2 0.00 0 0.0 15.0 24.1 24.5 3.627  -42.1   18.2   16.5  30    0.4  14 0 0 1 2 1 0 16.1 29.3 15.6 30.5 80.0 100 100 20 408 0 143 0 401 401 399 0 0 0 60 50 AUTO 0 
b.1 2025-08-15 03:40:13.509 a 2025-08-15-03:40:04 210 252 277 0.6 5.1 7.8 14.0 31.8 731.1 0.00 0 0.0 15.0 24.1 24.4 3.628  -41.8   18.2   15.5  30    0.4  14 0 0 1 2 1 0 16.1 29.5 15.6 30.7 80.0 100 100 20 408 0 142 0 401 401 400 0 0 0 60 50 AUTO 0 
b.1 2025-08-15 03:41:15.691 a 2025-08-15-03:41:07 215 257 275 2.3 6.0 8.6 14.0 31.8 731.1 0.00 0 0.0 15.0 23.9 23.4 3.633  -42.9   18.2   17.5  30    0.5  14 0 0 1 2 1 0 16.1 29.6 15.6 30.9 80.0 100 100 20 408 0 142 0 401 401 400 0 0 0 59 50 AUTO 0 
b.1 2025-08-15 03:42:10.811 a 2025-08-15-03:42:02 215 259 307 0.5 5.2 8.6 14.0 32.0 731.1 0.00 0 0.0 15.0 24.0 24.4 3.626  -41.1   18.2   17.4  30    0.4  14 0 0 1 2 1 0 16.1 29.8 15.5 31.0 80.0 100 100 20 408 0 142 0 401 402 399 0 0 0 60 50 AUTO 0 
b.1 2025-08-15 03:43:13.250 a 2025-08-15-03:43:04 132 260 325 0.7 5.2 7.9 13.9 32.0 731.2 0.00 0 0.0 14.9 24.0 24.5 3.628  -42.1   18.2   18.5  30    0.5  14 0 0 1 2 1 0 16.0 29.9 15.5 31.1 80.0 100 100 20 408 0 142 0 401 401 400 0 0 0 60 50 AUTO 0 
b.1 2025-08-15 03:44:12.811 a 2025-08-15-03:44:04 219 267 309 1.8 4.9 7.9 13.9 32.0 731.2 0.00 0 0.0 14.9 23.9 23.4 3.633  -41.0   18.2   16.9  30    0.5  14 0 0 1 2 1 0 16.0 29.7 15.5 30.9 80.0 100 100 20 408 0 142 0 401 402 399 0 0 0 60 50 AUTO 0 
b.1 2025-08-15 03:45:13.270 a 2025-08-15-03:45:04 142 255 303 0.8 5.3 8.4 13.9 31.8 731.2 0.00 0 0.0 15.0 24.0 23.4 3.633  -40.5   18.2   17.3  30    0.5  14 0 0 1 2 1 0 16.0 29.7 15.5 31.0 80.0 100 100 20 408 0 142 0 401 401 400 0 0 0 59 50 AUTO 0 
b.1 2025-08-15 03:46:16.430 a 2025-08-15-03:46:07 203 260 279 2.2 6.2 8.0 13.9 31.8 731.3 0.00 0 0.0 15.0 24.1 24.5 3.627  -42.0   18.1   18.8  30    0.4  14 0 0 1 2 1 0 16.0 29.5 15.5 30.7 80.0 100 100 20 408 0 142 0 402 401 400 0 0 0 60 50 AUTO 0 
b.1 2025-08-15 03:47:17.289 a 2025-08-15-03:47:08 213 253 266 2.8 6.0 8.1 14.0 31.9 731.3 0.00 0 0.0 15.0 24.1 24.4 3.628  -41.4   18.1   18.7  30    0.4  14 0 0 1 2 1 0 16.0 29.6 15.5 30.7 80.0 100 100 20 408 0 142 0 402 401 400 0 0 0 59 50 AUTO 0 
b.1 2025-08-15 03:48:12.407 a 2025-08-15-03:48:03 198 245 281 1.2 4.5 6.4 14.0 30.1 731.2 0.00 0 0.0 14.8 23.9 23.4 3.633  -42.4   18.1   14.4  30    0.4  14 0 0 1 1 1 0 16.0 29.5 15.5 30.5 80.0 100 100 20 408 0 142 0 401 401 400 0 0 0 59 50 AUTO 0 
b.1 2025-08-15 03:49:13.051 a 2025-08-15-03:49:04 191 249 279 1.3 5.4 8.1 14.0 28.7 731.2 0.00 0 0.0 14.9 24.0 23.4 3.633  -43.2   18.1   15.6  30    0.2  14 0 0 1 2 1 0 16.0 28.8 15.5 30.0 80.0 100 100 20 408 0 142 0 401 401 400 0 0 0 60 50 AUTO 0 
b.1 2025-08-15 03:50:14.609 a 2025-08-15-03:50:06 136 253 282 0.8 4.9 7.9 14.0 28.4 731.2 0.00 0 0.0 14.9 24.1 24.4 3.628  -41.5   18.1   14.3  30    0.1  14 0 0 1 1 1 0 16.0 26.7 15.5 27.9 80.0 100 100 20 408 0 142 0 402 401 400 0 0 0 60 50 AUTO 0 
b.1 2025-08-15 03:51:15.450 a 2025-08-15-03:51:06 145 249 321 0.8 4.9 7.6 14.0 27.9 731.3 0.00 0 0.0 15.0 24.1 24.5 3.633  -41.4   18.1   13.6  30    0.1  14 0 0 1 1 1 0 16.0 26.8 15.5 27.8 80.0 100 100 20 408 0 142 0 401 401 400 0 0 0 60 50 AUTO 0 
b.1 2025-08-15 03:52:17.772 a 2025-08-15-03:52:09 124 259 284 0.4 4.7 8.3 14.0 25.6 731.3 0.00 0 0.0 15.1 24.1 24.5 3.628  -43.3   18.1   14.3  29   -0.1  14 0 0 1 1 1 0 16.0 25.5 15.5 26.7 80.0 100 100 20 408 0 142 0 401 401 400 0 0 0 59 50 AUTO 0 
b.1 2025-08-15 03:53:14.049 a 2025-08-15-03:53:05 094 250 297 1.3 5.6 10.0 14.0 26.1 731.3 0.00 0 0.0 14.9 23.9 23.4 3.633  -43.1   18.1   14.8  29   -0.2  14 0 0 1 1 1 0 16.0 25.7 15.5 26.4 80.0 100 100 20 408 0 142 0 401 401 400 0 0 0 59 50 AUTO 0 
b.1 2025-08-15 03:54:11.993 a 2025-08-15-03:54:03 205 258 293 1.8 5.3 8.2 14.1 26.0 731.3 0.00 0 0.0 14.9 23.9 23.4 3.634  -42.7   18.1   15.2  29   -0.2  14 0 0 1 2 1 0 16.0 25.5 15.5 26.3 80.0 100 100 20 408 0 142 0 401 401 400 0 0 0 59 50 AUTO 0 
b.1 2025-08-15 03:55:14.558 a 2025-08-15-03:55:05 154 254 328 0.4 3.5 6.1 14.1 25.4 731.3 0.00 0 0.0 14.9 24.0 23.4 3.633  -43.0   18.1   11.2  28   -0.4  14 0 0 1 1 1 0 16.0 25.5 15.5 26.3 80.0 100 100 20 408 0 142 0 401 401 399 0 0 0 60 50 AUTO 0 
b.1 2025-08-15 03:56:13.013 a 2025-08-15-03:56:04 205 243 280 1.6 5.2 7.5 14.1 25.9 731.3 0.00 0 0.0 14.9 24.0 23.4 3.634  -41.1   18.1   12.5  28   -0.5  14 0 0 1 1 1 0 16.0 25.0 15.5 25.6 80.0 100 100 20 408 0 142 0 401 401 400 0 0 0 60 50 AUTO 0 
b.1 2025-08-15 03:57:12.157 a 2025-08-15-03:57:03 123 247 282 0.9 4.4 6.3 14.1 25.3 731.3 0.00 0 0.0 15.0 24.1 24.4 3.633  -41.7   18.1   11.1  28   -0.5  14 0 0 1 1 1 0 16.0 24.4 15.5 25.3 80.0 100 100 20 408 0 141 0 401 401 400 0 0 0 60 50 AUTO 0 
b.1 2025-08-15 03:58:21.390 a 2025-08-15-03:58:12 216 245 275 1.1 4.3 6.4 14.1 25.3 731.3 0.00 0 0.0 15.0 24.0 23.4 3.634  -40.9   18.1   10.6  28   -0.5   5 0 0 1 1 1 0 16.0 24.4 15.5 25.2 80.0 100 100 20 408 0 142 0 401 401 400 0 0 0 60 50 AUTO 0 
b.1 2025-08-15 03:59:12.234 a 2025-08-15-03:59:03 198 240 285 1.4 4.2 6.4 14.1 25.3 731.3 0.00 0 0.0 15.0 24.1 24.4 3.626  -41.6   18.1    9.5  28   -0.5  12 0 0 1 1 1 0 16.0 24.4 15.5 25.3 80.0 100 100 20 408 0 142 0 401 401 400 0 0 0 60 50 AUTO 0 
b.1 2025-08-15 04:00:21.532 a 2025-08-15-04:00:12 146 244 295 0.3 3.1 5.3 14.1 24.5 731.4 0.00 0 0.0 14.9 24.0 24.4 3.627  -41.1   18.1    7.0  28   -0.7  12 0 0 1 1 1 0 16.0 24.0 15.5 24.9 80.0 100 100 20 408 0 142 0 401 402 400 0 0 0 60 50 AUTO 0 
b.1 2025-08-15 04:01:12.792 a 2025-08-15-04:01:04 085 248 293 0.6 4.1 6.7 14.1 24.5 731.4 0.00 0 0.0 14.9 23.8 23.4 3.633  -44.0   18.1    8.7  28   -0.8  12 0 0 1 1 1 0 15.7 23.2 15.3 24.1 80.0 100 100 20 408 0 142 0 401 401 399 0 0 0 60 50 AUTO 0 
b.1 2025-08-15 04:02:19.953 a 2025-08-15-04:02:11 118 258 304 0.6 5.2 8.0 14.1 25.1 731.3 0.00 0 0.0 14.9 24.0 23.4 3.633  -43.1   18.1   11.1  27   -0.9  14 0 0 1 1 1 0 15.4 22.5 15.2 23.0 80.0 100 100 20 408 0 142 0 402 401 400 0 0 0 59 50 AUTO 0 
b.1 2025-08-15 04:03:15.631 a 2025-08-15-04:03:06 115 249 294 0.4 3.7 6.0 14.1 23.0 731.4 0.00 0 0.0 15.0 24.1 24.5 3.627  -40.3   18.1    8.7  27   -1.0  14 0 0 1 1 1 0 15.3 23.7 15.1 24.0 80.0 100 100 20 408 0 142 0 401 401 400 0 0 0 60 50 AUTO 0 
b.1 2025-08-15 04:04:17.313 a 2025-08-15-04:04:08 044 270 127 0.3 3.7 6.9 14.1 25.0 731.4 0.00 0 0.0 15.0 24.1 24.5 3.627  -40.4   18.1    9.2  27   -1.1  14 0 0 1 1 1 0 15.2 22.8 15.1 23.1 80.0 100 100 20 408 0 142 0 401 401 400 0 0 0 60 50 AUTO 0 
b.1 2025-08-15 04:05:18.053 a 2025-08-15-04:05:09 031 270 134 0.5 3.4 6.9 14.1 23.9 731.4 0.00 0 0.0 15.0 24.0 23.4 3.634  -40.8   18.1    8.1  26   -1.5  14 0 0 1 1 1 0 15.2 22.6 15.1 22.7 80.0 100 100 20 408 0 142 0 401 401 400 0 0 0 60 50 AUTO 0 
b.1 2025-08-15 04:06:15.273 a 2025-08-15-04:06:06 124 257 317 0.3 4.6 7.3 14.1 23.9 731.4 0.00 0 0.0 14.8 23.9 23.4 3.634  -41.6   18.1   10.0  26   -1.5  14 0 0 1 1 1 0 15.1 22.0 15.0 22.5 80.0 100 100 20 408 0 142 0 401 401 400 0 0 0 60 50 AUTO 0 
b.1 2025-08-15 04:07:12.153 a 2025-08-15-04:07:03 103 243 279 0.9 4.3 7.8 14.2 21.9 731.4 0.00 0 0.0 15.0 24.1 24.4 3.627  -44.9   18.1    9.5  26   -1.5  14 0 0 1 1 1 0 15.1 22.4 15.1 22.5 80.0 100 100 20 408 0 142 0 401 401 400 0 0 0 60 50 AUTO 0 
b.1 2025-08-15 04:08:10.292 a 2025-08-15-04:08:01 140 225 286 0.4 2.8 4.4 14.2 22.5 731.4 0.00 0 0.0 15.0 24.1 24.4 3.628  -39.9   18.1    6.0  26   -1.6   5 0 0 1 1 1 0 15.1 22.8 15.1 22.8 80.0 100 100 20 408 0 142 0 401 401 400 0 0 0 60 50 AUTO 0 
b.1 2025-08-15 04:09:13.496 a 2025-08-15-04:09:04 195 243 279 0.4 2.4 5.0 14.2 23.7 731.5 0.00 0 0.0 14.9 23.9 23.4 3.634  -40.8   18.1    4.7  26   -1.6  11 0 0 1 1 1 0 15.3 23.3 15.2 23.3 80.0 100 100 20 408 0 142 0 401 401 400 0 0 0 59 50 AUTO 0 
b.1 2025-08-15 04:10:14.276 a 2025-08-15-04:10:05 001 254 108 0.1 3.3 5.9 14.2 24.6 731.5 0.00 0 0.0 14.9 24.1 24.5 3.628  -42.2   18.1    6.1  26   -1.5  15 0 0 1 1 1 0 15.4 23.8 15.2 23.7 80.0 100 100 20 408 0 142 0 401 401 399 0 0 0 60 50 AUTO 0 
b.1 2025-08-15 04:11:20.641 a 2025-08-15-04:11:11 193 230 269 1.2 4.0 6.6 14.1 24.8 731.4 0.00 0 0.0 14.9 24.0 23.4 3.634  -41.0   18.1    6.4  26   -1.5  12 0 0 1 1 1 0 15.5 24.0 15.3 24.1 80.0 100 100 20 408 0 142 0 402 401 400 0 0 0 60 50 AUTO 0 
b.1 2025-08-15 04:12:11.142 a 2025-08-15-04:12:02 094 250 333 0.1 3.6 6.7 14.1 24.3 731.5 0.00 0 0.0 15.0 24.1 24.5 3.627  -41.1   18.1    6.7  26   -1.4  12 0 0 1 1 1 0 15.5 24.0 15.3 24.4 80.0 100 100 20 408 0 142 0 401 401 400 0 0 0 59 50 AUTO 0 
b.1 2025-08-15 04:13:14.334 a 2025-08-15-04:13:05 135 262 334 0.6 3.7 7.0 14.1 23.8 731.5 0.00 0 0.0 15.0 24.1 24.4 3.627  -40.1   18.1    7.6  26   -1.5  12 0 0 1 1 1 0 15.6 23.1 15.3 23.6 80.0 100 100 20 408 0 142 0 402 401 400 0 0 0 60 50 AUTO 0 
b.1 2025-08-15 04:14:11.779 a 2025-08-15-04:14:03 172 270 304 0.2 4.0 7.8 14.1 23.3 731.5 0.00 0 0.0 14.9 24.1 24.4 3.628  -40.9   18.1    8.7  26   -1.5  12 0 0 1 1 1 0 15.6 23.0 15.3 23.5 80.0 100 100 20 408 0 142 0 401 401 400 0 0 0 60 50 AUTO 0 
b.1 2025-08-15 04:15:16.038 a 2025-08-15-04:15:07 145 264 312 0.3 4.8 8.8 14.1 23.2 731.5 0.00 0 0.0 15.0 24.1 24.5 3.627  -40.9   18.1   10.2  26   -1.5  12 0 0 1 1 1 0 15.6 23.1 15.3 23.4 80.0 100 100 20 408 0 142 0 401 401 399 0 0 0 59 50 AUTO 0 
b.1 2025-08-15 04:16:14.401 a 2025-08-15-04:16:05 149 273 325 0.5 4.8 8.1 14.1 22.4 731.5 0.00 0 0.0 15.0 24.1 24.5 3.627  -42.3   18.1   11.1  26   -1.6  12 0 0 1 1 1 0 15.6 22.2 15.3 22.6 80.0 100 100 20 408 0 142 0 401 401 400 0 0 0 60 50 AUTO 0 
b.1 2025-08-15 04:17:15.595 a 2025-08-15-04:17:06 250 279 309 1.0 6.3 8.5 14.2 22.4 731.5 0.00 0 0.0 14.9 24.0 23.4 3.633  -41.9   18.1   14.8  26   -1.6  12 0 0 1 1 1 0 15.6 20.7 15.3 21.6 80.0 100 100 20 408 0 142 0 401 401 400 0 0 0 59 50 AUTO 0 
b.1 2025-08-15 04:18:13.453 a 2025-08-15-04:18:04 031 276 226 0.4 6.0 8.3 14.3 19.6 731.5 0.00 0 0.0 15.0 24.1 24.4 3.627  -40.5   18.1   16.2  26   -1.8  12 0 0 1 2 1 0 15.6 20.0 15.4 20.5 80.0 100 100 20 408 0 142 0 401 401 400 0 0 0 59 50 AUTO 0 
b.1 2025-08-15 04:19:10.680 a 2025-08-15-04:19:02 221 275 307 1.2 5.6 8.4 14.4 24.4 731.5 0.00 0 0.0 14.9 24.1 24.4 3.627  -42.0   18.2   15.9  26   -1.9  14 0 0 1 2 1 0 15.7 21.5 15.4 22.1 80.0 100 100 20 408 0 142 0 401 401 399 0 0 0 59 50 AUTO 0 
b.1 2025-08-15 04:20:14.358 a 2025-08-15-04:20:05 194 274 307 1.1 5.5 8.0 14.4 23.7 731.5 0.00 0 0.0 14.9 23.8 23.4 3.633  -41.9   18.2   15.0  25   -1.9  14 0 0 1 2 1 0 15.7 21.5 15.4 22.0 80.0 100 100 20 408 0 142 0 401 401 400 0 0 0 60 50 AUTO 0 
b.1 2025-08-15 04:21:09.621 a 2025-08-15-04:21:00 016 275 227 1.2 5.0 7.7 14.4 23.1 731.5 0.00 0 0.0 15.0 24.1 24.4 3.627  -40.2   18.2   14.2  25   -1.9  14 0 0 1 1 1 0 15.7 21.6 15.4 22.1 80.0 100 100 20 408 0 142 0 401 401 400 0 0 0 60 50 AUTO 0 
b.1 2025-08-15 04:22:16.815 a 2025-08-15-04:22:08 269 287 280 0.0 5.2 8.3 14.4 23.2 731.5 0.00 0 0.0 15.0 24.1 24.4 3.628  -39.7   18.2   14.8  25   -2.0  14 0 0 1 1 1 0 15.7 22.0 15.4 22.5 80.0 100 100 20 408 0 142 0 401 401 400 0 0 0 59 50 AUTO 0 
b.1 2025-08-15 04:23:16.197 a 2025-08-15-04:23:07 127 283 310 0.0 5.3 8.9 14.4 22.8 731.5 0.00 0 0.0 15.0 24.1 24.5 3.627  -41.4   18.3   16.7  25   -2.0  14 0 0 1 2 1 0 15.7 22.9 15.4 23.5 80.0 100 100 20 408 0 142 0 401 402 400 0 0 0 60 50 AUTO 0 
b.1 2025-08-15 04:24:12.936 a 2025-08-15-04:24:04 137 277 309 1.1 6.2 9.1 14.4 24.1 731.5 0.00 0 0.0 15.0 24.1 24.5 3.627  -42.6   18.3   17.7  25   -2.0  14 0 0 1 2 1 0 15.7 22.2 15.4 22.8 80.0 100 100 20 408 0 142 0 401 402 400 0 0 0 59 50 AUTO 0 
b.1 2025-08-15 04:25:14.321 a 2025-08-15-04:25:05 137 257 295 0.4 4.4 7.2 14.4 24.1 731.5 0.00 0 0.0 15.0 24.1 24.4 3.627  -43.5   18.3   14.9  25   -2.0  14 0 0 1 1 1 0 15.8 22.6 15.4 23.1 80.0 100 100 20 408 0 142 0 401 401 399 0 0 0 60 50 AUTO 0 
b.1 2025-08-15 04:26:12.898 a 2025-08-15-04:26:04 079 271 301 0.2 5.1 9.2 14.4 24.5 731.6 0.00 0 0.0 14.9 24.0 23.4 3.633  -40.1   18.3   13.7  25   -2.0  14 0 0 1 1 1 0 15.8 22.7 15.4 23.3 80.0 100 100 20 408 0 142 0 401 401 400 0 0 0 59 50 AUTO 0 
b.1 2025-08-15 04:27:14.276 a 2025-08-15-04:27:05 192 278 353 0.7 5.8 8.4 14.4 23.9 731.6 0.00 0 0.0 15.0 24.0 23.4 3.634  -40.9   18.3   15.7  25   -2.0  14 0 0 1 2 1 0 15.7 22.9 15.4 23.6 80.0 100 100 20 408 0 142 0 401 401 400 0 0 0 59 50 AUTO 0 
b.1 2025-08-15 04:28:12.049 a 2025-08-15-04:28:03 110 274 288 0.4 5.5 8.1 14.4 24.2 731.6 0.00 0 0.0 15.0 24.1 24.5 3.627  -41.8   18.3   16.2  25   -2.0  14 0 0 1 2 1 0 15.7 22.5 15.4 23.1 80.0 100 100 20 408 0 142 0 401 401 400 0 0 0 60 50 AUTO 0 
b.1 2025-08-15 04:29:12.319 a 2025-08-15-04:29:03 110 275 313 0.3 5.7 8.1 14.4 23.9 731.6 0.00 0 0.0 15.0 24.1 24.5 3.634  -40.1   18.3   15.4  25   -2.0  14 0 0 1 2 1 0 15.7 22.9 15.4 23.6 80.0 100 100 20 408 0 142 0 401 402 400 0 0 0 60 50 AUTO 0 
b.1 2025-08-15 04:30:13.798 a 2025-08-15-04:30:05 024 276 170 0.4 3.9 6.6 14.4 24.5 731.6 0.00 0 0.0 14.9 24.1 24.4 3.633  -40.8   18.3   11.2  25   -2.0  11 0 0 1 1 1 0 15.7 23.1 15.4 23.8 80.0 100 100 20 408 0 142 0 401 402 399 0 0 0 60 50 AUTO 0 
b.1 2025-08-15 04:31:20.617 a 2025-08-15-04:31:11 091 262 355 0.1 4.2 7.2 14.4 23.1 731.6 0.00 0 0.0 15.0 24.1 24.5 3.627  -40.2   18.3   11.2  25   -2.0  17 0 0 1 1 1 0 15.7 23.4 15.4 24.0 80.0 100 100 20 408 0 142 0 401 402 400 0 0 0 60 50 AUTO 0 
b.1 2025-08-15 04:32:16.418 a 2025-08-15-04:32:07 188 268 301 0.8 4.6 7.0 14.4 23.1 731.6 0.00 0 0.0 14.9 24.1 24.5 3.633  -40.6   18.3   11.9  25   -2.0  14 0 0 1 1 1 0 15.7 22.7 15.4 23.2 80.0 100 100 20 408 0 142 0 401 401 400 0 0 0 60 50 AUTO 0 
b.1 2025-08-15 04:33:13.020 a 2025-08-15-04:33:04 135 263 000 0.7 4.6 6.8 14.4 22.6 731.6 0.00 0 0.0 15.0 24.1 24.5 3.628  -43.2   18.3   12.6  25   -2.1  14 0 0 1 1 1 0 15.7 22.7 15.4 23.2 80.0 100 100 20 408 0 142 0 402 401 400 0 0 0 60 50 AUTO 0 
b.1 2025-08-15 04:34:10.680 a 2025-08-15-04:34:01 199 246 290 0.7 4.2 6.7 14.4 24.1 731.6 0.00 0 0.0 15.0 24.1 24.4 3.632  -41.0   18.3   11.9  25   -2.1  14 0 0 1 1 1 0 15.7 23.0 15.4 23.5 80.0 100 100 20 408 0 142 0 401 402 400 0 0 0 59 50 AUTO 0 
b.1 2025-08-15 04:35:13.838 a 2025-08-15-04:35:05 149 269 294 0.8 4.8 7.9 14.4 23.7 731.6 0.00 0 0.0 15.0 23.7 23.4 3.633  -42.7   18.3   13.4  25   -2.0  14 0 0 1 1 1 0 15.7 23.0 15.4 23.4 80.0 100 100 20 408 0 142 0 401 401 400 0 0 0 59 50 AUTO 0 
b.1 2025-08-15 04:36:12.059 a 2025-08-15-04:36:03 219 269 305 0.6 5.4 7.4 14.4 23.1 731.6 0.00 0 0.0 15.0 24.1 24.4 3.627  -41.1   18.3   14.6  25   -2.0  14 0 0 1 1 1 0 15.8 22.4 15.4 23.0 80.0 100 100 20 408 0 142 0 401 401 400 0 0 0 60 50 AUTO 0 
b.1 2025-08-15 04:37:17.621 a 2025-08-15-04:37:08 068 282 169 0.6 4.8 7.5 14.4 23.9 731.6 0.00 0 0.0 15.0 24.0 23.4 3.633  -41.6   18.3   13.4  25   -2.1   5 0 0 1 1 1 0 15.7 21.8 15.4 22.3 80.0 100 100 20 408 0 143 0 401 401 400 0 0 0 60 50 AUTO 0 
b.1 2025-08-15 04:38:18.680 a 2025-08-15-04:38:09 243 276 354 0.5 5.5 8.0 14.4 23.4 731.6 0.00 0 0.0 15.0 24.1 24.5 3.628  -41.2   18.3   14.2  25   -2.1  14 0 0 1 1 1 0 15.7 21.6 15.4 22.1 80.0 100 100 20 408 0 142 0 401 401 399 0 0 0 59 50 AUTO 0 
b.1 2025-08-15 04:39:12.263 a 2025-08-15-04:39:03 232 277 306 0.5 5.0 7.6 14.4 23.5 731.7 0.00 0 0.0 15.0 24.1 24.5 3.627  -41.2   18.3   13.4  25   -2.1  12 0 0 1 1 1 0 15.7 22.2 15.4 22.9 80.0 100 100 20 408 0 142 0 401 401 400 0 0 0 60 50 AUTO 0 
b.1 2025-08-15 04:40:14.762 a 2025-08-15-04:40:06 206 274 348 0.6 5.1 7.4 14.4 22.2 731.6 0.00 0 0.0 15.1 24.1 24.5 3.628  -42.2   18.3   14.2  25   -2.1  12 0 0 1 1 1 0 15.7 22.3 15.4 22.9 80.0 100 100 20 408 0 143 0 401 401 400 0 0 0 60 50 AUTO 0 
b.1 2025-08-15 04:41:11.540 a 2025-08-15-04:41:02 244 275 316 1.4 5.7 7.7 14.4 23.8 731.6 0.00 0 0.0 14.9 24.1 24.5 3.628  -40.6   18.3   15.6  25   -2.1  13 0 0 1 2 1 0 15.7 22.8 15.4 23.3 80.0 100 100 20 408 0 142 0 401 401 400 0 0 0 60 50 AUTO 0 
b.1 2025-08-15 04:42:11.861 a 2025-08-15-04:42:03 145 269 299 0.4 4.0 7.0 14.5 24.2 731.6 0.00 0 0.0 15.0 24.1 24.5 3.628  -40.7   18.3   12.1  25   -2.0  13 0 0 1 1 1 0 15.8 23.3 15.4 24.1 80.0 100 100 20 408 0 142 0 401 401 400 0 0 0 60 50 AUTO 0 
b.1 2025-08-15 04:43:20.441 a 2025-08-15-04:43:11 131 273 310 0.5 5.3 8.3 14.4 23.6 731.7 0.00 0 0.0 15.1 24.1 24.5 3.627  -39.3   18.3   14.0  25   -2.1  13 0 0 1 1 1 0 15.7 22.5 15.4 23.2 80.0 100 100 20 408 0 142 0 401 401 400 0 0 0 60 50 AUTO 0 
b.1 2025-08-15 04:44:13.421 a 2025-08-15-04:44:04 105 265 297 0.4 4.2 8.3 14.4 23.5 731.7 0.00 0 0.0 15.0 24.1 24.5 3.634  -41.7   18.4   12.2  25   -2.1  13 0 0 1 1 1 0 15.7 22.7 15.4 23.3 80.0 100 100 20 408 0 142 0 402 401 400 0 0 0 60 50 AUTO 0 
b.1 2025-08-15 04:45:15.743 a 2025-08-15-04:45:07 227 272 308 1.1 5.4 7.5 14.5 23.6 731.6 0.00 0 0.0 15.0 24.1 24.5 3.627  -40.5   18.4   12.9  25   -2.1  13 0 0 1 1 1 0 15.7 23.1 15.4 23.6 80.0 100 100 20 408 0 142 0 401 401 400 0 0 0 59 50 AUTO 0 
b.1 2025-08-15 04:46:11.785 a 2025-08-15-04:46:03 068 279 099 0.3 5.0 8.5 14.5 23.5 731.7 0.00 0 0.0 15.0 24.1 24.5 3.628  -40.3   18.3   12.5  25   -2.1  13 0 0 1 1 1 0 15.7 22.5 15.4 22.9 80.0 100 100 20 408 0 142 0 401 402 399 0 0 0 60 50 AUTO 0 
b.1 2025-08-15 04:47:14.200 a 2025-08-15-04:47:05 177 276 344 0.4 5.1 7.0 14.5 24.0 731.7 0.00 0 0.0 14.9 24.1 24.5 3.627  -43.2   18.4   12.9  25   -2.2  13 0 0 1 1 1 0 15.7 22.5 15.4 23.0 80.0 100 100 20 408 0 142 0 401 401 400 0 0 0 59 50 AUTO 0 
b.1 2025-08-15 04:48:11.368 a 2025-08-15-04:48:02 237 284 314 0.8 5.2 7.7 14.5 23.2 731.7 0.00 0 0.0 15.0 24.1 24.5 3.627  -43.5   18.4   13.7  25   -2.1  13 0 0 1 1 1 0 15.7 22.8 15.4 23.4 80.0 100 100 20 408 0 142 0 402 401 400 0 0 0 59 50 AUTO 0 
b.1 2025-08-15 04:49:17.221 a 2025-08-15-04:49:08 165 275 293 0.3 5.1 7.2 14.5 25.1 731.7 0.00 0 0.0 15.0 24.1 24.4 3.627  -39.2   18.4   14.1  25   -2.0  13 0 0 1 1 1 0 15.7 23.4 15.4 23.9 80.0 100 100 20 408 0 143 0 401 401 400 0 0 0 60 50 AUTO 0 
b.1 2025-08-15 04:50:12.424 a 2025-08-15-04:50:03 265 282 301 2.8 5.8 7.4 14.5 24.7 731.7 0.00 0 0.0 15.0 24.0 23.4 3.634  -40.6   18.4   13.8  25   -2.0  13 0 0 1 1 1 0 15.7 23.3 15.4 23.8 80.0 100 100 20 408 0 143 0 402 401 400 0 0 0 60 50 AUTO 0 
b.1 2025-08-15 04:51:23.000 a 2025-08-15-04:51:14 243 278 306 0.3 4.7 6.7 14.5 25.9 731.7 0.00 0 0.0 15.0 24.1 24.4 3.628  -41.8   18.4   13.1  25   -1.9  13 0 0 1 1 1 0 15.7 24.3 15.4 24.9 80.0 100 100 20 408 0 143 0 401 401 400 0 0 0 60 50 AUTO 0 
b.1 2025-08-15 04:52:18.019 a 2025-08-15-04:52:09 107 270 290 0.5 4.5 6.8 14.5 23.4 731.7 0.00 0 0.0 15.0 24.1 24.5 3.628  -40.1   18.4   11.7  25   -1.9   5 0 0 1 1 1 0 15.6 23.6 15.4 24.0 80.0 100 100 20 408 0 143 0 401 401 400 0 0 0 60 50 AUTO 0 
b.1 2025-08-15 04:53:19.744 a 2025-08-15-04:53:11 118 273 309 0.3 3.8 6.3 14.5 25.4 731.7 0.00 0 0.0 14.9 23.8 23.4 3.634  -40.5   18.4    9.6  25   -1.9  13 0 0 1 1 1 0 15.5 24.2 15.4 24.5 80.0 100 100 20 408 0 143 0 401 401 400 0 0 0 59 50 AUTO 0 
b.1 2025-08-15 04:54:20.108 a 2025-08-15-04:54:11 115 284 150 0.3 4.1 6.4 14.5 21.8 731.7 0.00 0 0.0 15.0 24.1 24.5 3.633  -39.7   18.4    9.4  25   -1.9  14 0 0 1 1 1 0 15.4 23.5 15.4 23.6 80.0 100 100 20 408 0 143 0 401 401 400 0 0 0 60 50 AUTO 0 
b.1 2025-08-15 04:55:21.582 a 2025-08-15-04:55:12 095 265 299 0.7 3.3 5.5 14.5 24.2 731.7 0.00 0 0.0 15.0 24.1 24.5 3.627  -42.6   18.4    8.2  25   -1.8  14 0 0 1 1 1 0 15.4 24.0 15.4 24.2 80.0 100 100 20 408 0 143 0 401 401 400 0 0 0 60 50 AUTO 0 
b.1 2025-08-15 04:56:13.723 a 2025-08-15-04:56:04 109 266 308 0.2 3.7 6.1 14.5 23.7 731.7 0.00 0 0.0 14.9 24.1 24.5 3.627  -39.0   18.4    8.0  25   -1.8  14 0 0 1 1 1 0 15.3 23.1 15.3 23.8 80.0 100 100 20 408 0 143 0 401 401 400 0 0 0 60 50 AUTO 0 
b.1 2025-08-15 04:57:21.025 a 2025-08-15-04:57:12 105 267 283 0.4 4.3 7.0 14.5 23.5 731.7 0.00 0 0.0 15.0 24.1 24.5 3.631  -42.4   18.5    9.5  25   -1.8  14 0 0 1 1 1 0 15.3 22.8 15.4 23.3 80.0 100 100 20 408 0 143 0 401 401 400 0 0 0 59 50 AUTO 0 
b.1 2025-08-15 04:58:14.565 a 2025-08-15-04:58:05 105 272 285 0.4 5.0 6.7 14.5 24.0 731.8 0.00 0 0.0 14.9 23.8 23.4 3.635  -40.8   18.5   11.2  25   -1.9   5 0 0 1 1 1 0 15.4 23.0 15.4 22.9 80.0 100 100 20 408 0 143 0 401 401 400 0 0 0 59 50 AUTO 0 
b.1 2025-08-15 04:59:11.905 a 2025-08-15-04:59:03 112 273 301 0.5 4.0 5.9 14.5 22.7 731.8 0.00 0 0.0 15.0 24.1 24.5 3.627  -42.0   18.5   10.4  25   -1.9  11 0 0 1 1 1 0 15.4 22.2 15.5 22.4 80.0 100 100 20 408 0 143 0 401 402 400 0 0 0 59 50 AUTO 0 
b.1 2025-08-15 05:00:14.444 a 2025-08-15-05:00:05 235 273 290 0.9 4.3 6.4 14.5 23.9 731.8 0.00 0 0.0 15.0 24.1 24.5 3.627  -42.0   18.5    9.9  25   -1.9  12 0 0 1 1 1 0 15.5 22.8 15.5 22.8 80.0 100 100 20 408 0 143 0 401 401 400 0 0 0 59 50 AUTO 0 
b.1 2025-08-15 05:01:11.605 a 2025-08-15-05:01:02 197 271 304 0.3 4.4 6.9 14.5 24.3 731.8 0.00 0 0.0 14.9 23.9 23.4 3.633  -40.9   18.5    9.9  25   -1.9  12 0 0 1 1 1 0 15.5 23.0 15.5 23.6 80.0 100 100 20 408 0 143 0 401 401 400 0 0 0 60 50 AUTO 0 
b.1 2025-08-15 05:02:15.545 a 2025-08-15-05:02:06 109 270 301 0.5 4.2 6.1 14.5 24.8 731.8 0.00 0 0.0 15.1 24.1 24.5 3.628  -40.5   18.5   10.2  25   -1.8  12 0 0 1 1 1 0 15.5 24.0 15.4 24.4 80.0 100 100 20 408 0 143 0 400 401 399 0 0 0 59 50 AUTO 0 
b.1 2025-08-15 05:03:13.969 a 2025-08-15-05:03:05 170 267 307 0.4 3.4 6.0 14.5 24.8 731.8 0.00 0 0.0 15.0 24.1 24.5 3.633  -40.2   18.5    8.8  25   -1.9  12 0 0 1 1 1 0 15.5 24.2 15.4 24.4 80.0 100 100 20 408 0 143 0 401 401 400 0 0 0 60 50 AUTO 0 
b.1 2025-08-15 05:04:11.167 a 2025-08-15-05:04:02 190 269 294 0.5 4.3 6.4 14.5 24.4 731.8 0.00 0 0.0 15.0 24.1 24.5 3.628  -41.2   18.5    9.9  25   -1.9  12 0 0 1 1 1 0 15.5 23.9 15.4 24.2 80.0 100 100 20 408 0 143 0 402 401 400 0 0 0 59 50 AUTO 0 
b.1 2025-08-15 05:05:15.026 a 2025-08-15-05:05:06 149 263 300 0.7 3.8 5.9 14.5 22.1 731.8 0.00 0 0.0 15.0 24.1 24.5 3.628  -40.4   18.5    8.8  25   -1.9  12 0 0 1 1 1 0 15.6 23.7 15.4 24.1 80.0 100 100 20 408 0 143 0 402 401 400 0 0 0 59 50 AUTO 0 
b.1 2025-08-15 05:06:10.710 a 2025-08-15-05:06:02 066 268 286 0.2 3.0 6.7 14.5 24.7 731.8 0.00 0 0.0 15.0 24.1 24.5 3.628  -40.4   18.5    7.1  25   -1.9  12 0 0 1 1 1 0 15.6 23.8 15.4 24.1 80.0 100 100 20 408 0 143 0 402 401 400 0 0 0 59 50 AUTO 0 
b.1 2025-08-15 05:07:16.229 a 2025-08-15-05:07:07 115 262 298 0.5 4.0 6.2 14.4 23.8 731.8 0.00 0 0.0 15.0 24.1 24.5 3.627  -40.8   18.5    8.8  25   -1.8  12 0 0 1 1 1 0 15.6 23.6 15.4 24.0 80.0 100 100 20 408 0 143 0 401 401 400 0 0 0 60 50 AUTO 0 
b.1 2025-08-15 05:08:17.569 a 2025-08-15-05:08:08 098 271 314 0.3 3.8 6.0 14.4 24.4 731.8 0.00 0 0.0 15.0 24.1 24.5 3.627  -40.7   18.5    9.3  25   -1.9  12 0 0 1 1 1 0 15.6 23.8 15.4 24.1 80.0 100 100 20 408 0 142 0 401 401 400 0 0 0 60 50 AUTO 0 
b.1 2025-08-15 05:09:12.490 a 2025-08-15-05:09:03 190 276 000 0.7 3.8 6.9 14.5 24.5 731.8 0.00 0 0.0 15.0 23.8 23.4 3.634  -40.6   18.5    9.1  25   -1.8  12 0 0 1 1 1 0 15.6 23.7 15.4 24.1 80.0 100 100 20 408 0 143 0 401 401 400 0 0 0 60 50 AUTO 0 
b.1 2025-08-15 05:10:16.211 a 2025-08-15-05:10:07 037 282 175 0.5 3.6 5.7 14.5 23.3 731.8 0.00 0 0.0 15.0 24.1 24.4 3.627  -39.9   18.5    8.6  25   -2.0  12 0 0 1 1 1 0 15.6 23.4 15.4 23.6 80.0 100 100 20 408 0 142 0 402 401 400 0 0 0 60 50 AUTO 0 
b.1 2025-08-15 05:11:10.671 a 2025-08-15-05:11:01 002 273 112 0.2 3.9 6.6 14.5 22.0 731.8 0.00 0 0.0 15.0 24.1 24.5 3.627  -39.0   18.5    8.2  25   -2.0   5 0 0 1 1 1 0 15.6 23.2 15.4 23.6 80.0 100 100 20 408 0 142 0 401 401 400 0 0 0 60 50 AUTO 0 
b.1 2025-08-15 05:12:11.092 a 2025-08-15-05:12:02 141 274 350 0.5 3.5 6.6 14.5 25.0 731.9 0.00 0 0.0 15.0 24.1 24.5 3.627  -38.9   18.5    7.5  25   -1.9  14 0 0 1 1 1 0 15.6 23.4 15.4 24.1 80.0 100 100 20 408 0 142 0 401 401 400 0 0 0 60 50 AUTO 0 
b.1 2025-08-15 05:13:16.930 a 2025-08-15-05:13:08 208 261 291 1.1 3.8 5.4 14.5 22.7 731.9 0.00 0 0.0 15.0 23.9 23.4 3.633  -43.5   18.5    8.1  25   -1.9  13 0 0 1 1 1 0 15.7 23.3 15.4 23.6 80.0 100 100 20 408 0 142 0 401 401 400 0 0 0 59 50 AUTO 0 
b.1 2025-08-15 05:14:15.891 a 2025-08-15-05:14:07 218 265 296 2.0 3.9 5.6 14.5 23.4 731.9 0.00 0 0.0 14.9 24.1 24.5 3.627  -40.4   18.5    8.9  25   -1.9  13 0 0 1 1 1 0 15.6 23.0 15.4 23.5 80.0 100 100 20 408 0 143 0 401 402 399 0 0 0 60 50 AUTO 0 
b.1 2025-08-15 05:15:13.750 a 2025-08-15-05:15:04 102 267 353 0.2 3.4 6.2 14.5 23.1 731.9 0.00 0 0.0 15.0 24.1 24.5 3.627  -40.0   18.6    7.2  25   -2.0  13 0 0 1 1 1 0 15.7 22.8 15.4 23.3 80.0 100 100 20 408 0 142 0 401 401 400 0 0 0 59 50 AUTO 0 
b.1 2025-08-15 05:16:13.890 a 2025-08-15-05:16:05 177 268 306 0.6 4.3 6.0 14.6 23.2 731.9 0.00 0 0.0 14.9 24.0 24.5 3.627  -40.5   18.6    8.7  25   -2.0  13 0 0 1 1 1 0 15.6 22.8 15.4 23.2 80.0 100 100 20 408 0 142 0 401 401 400 0 0 0 60 50 AUTO 0 
b.1 2025-08-15 05:17:10.890 a 2025-08-15-05:17:02 146 264 292 1.0 4.0 5.6 14.6 23.2 731.9 0.00 0 0.0 15.0 24.1 24.5 3.628  -41.1   18.6    8.7  25   -2.0  13 0 0 1 1 1 0 15.7 23.1 15.4 23.6 80.0 100 100 20 408 0 143 0 402 401 400 0 0 0 60 50 AUTO 0 
b.1 2025-08-15 05:18:13.119 a 2025-08-15-05:18:04 019 265 203 0.5 4.0 5.5 14.6 23.5 731.9 0.00 0 0.0 15.1 24.1 24.4 3.634  -42.4   18.6    9.6  25   -1.9  10 0 0 1 1 1 0 15.7 23.2 15.3 23.6 80.0 100 100 20 408 0 143 0 401 401 400 0 0 0 59 50 AUTO 0 
b.1 2025-08-15 05:19:19.490 a 2025-08-15-05:19:10 206 269 324 0.6 4.3 6.3 14.6 24.6 731.9 0.00 0 0.0 15.0 24.1 24.5 3.626  -39.9   18.7   10.2  25   -1.9  16 0 0 1 1 1 0 15.6 23.2 15.3 23.8 80.0 100 100 20 408 0 143 0 401 401 400 0 0 0 60 50 AUTO 0 
b.1 2025-08-15 05:20:14.154 a 2025-08-15-05:20:05 230 276 294 0.9 4.8 6.3 14.6 22.9 731.9 0.00 0 0.0 15.0 24.1 24.5 3.627  -41.0   18.7   11.2  25   -1.8  13 0 0 1 1 1 0 15.5 22.1 15.3 22.5 80.0 100 100 20 408 0 143 0 401 401 399 0 0 0 59 50 AUTO 0 
b.1 2025-08-15 05:21:17.210 a 2025-08-15-05:21:08 176 275 302 0.5 4.9 6.6 14.6 24.0 731.9 0.00 0 0.0 15.0 24.1 24.5 3.634  -39.9   18.7   12.5  25   -1.8  13 0 0 1 1 1 0 15.4 22.5 15.3 22.7 80.0 100 100 20 408 0 143 0 401 401 400 0 0 0 60 50 AUTO 0 
b.1 2025-08-15 05:22:11.851 a 2025-08-15-05:22:03 197 273 342 1.0 4.3 6.5 14.6 22.4 731.9 0.00 0 0.0 15.0 24.1 24.5 3.626  -41.9   18.7   11.2  25   -1.9  13 0 0 1 1 1 0 15.3 22.0 15.3 22.1 80.0 100 100 20 408 0 143 0 401 401 399 0 0 0 59 50 AUTO 0 
b.1 2025-08-15 05:23:16.813 a 2025-08-15-05:23:08 114 276 291 0.4 4.9 6.7 14.6 22.7 731.9 0.00 0 0.0 14.9 24.1 24.5 3.627  -38.1   18.7   11.9  25   -1.9   0 0 0 1 1 1 0 15.3 22.2 15.3 22.3 80.0 100 100 20 408 0 143 0 402 401 400 0 0 0 59 50 AUTO 0 
b.1 2025-08-15 05:24:12.812 a 2025-08-15-05:24:04 257 278 295 0.8 5.9 6.7 14.6 21.9 731.9 0.00 0 0.0 15.0 24.1 24.4 3.627  -39.6   18.7   13.4  25   -1.9  10 0 0 1 1 1 0 15.3 21.5 15.4 21.7 80.0 100 100 20 408 0 143 0 401 401 400 0 0 0 59 50 AUTO 0 
b.1 2025-08-15 05:25:15.171 a 2025-08-15-05:25:06 246 275 292 1.7 5.3 6.8 14.7 23.1 731.9 0.00 0 0.0 15.0 24.1 24.5 3.627  -39.4   18.7   14.2  25   -1.9  16 0 0 1 1 1 0 15.3 22.4 15.3 22.3 80.0 100 100 20 408 0 142 0 401 401 400 0 0 0 60 50 AUTO 0 
b.1 2025-08-15 05:26:14.930 a 2025-08-15-05:26:06 140 275 289 0.6 4.8 6.6 14.7 23.1 731.9 0.00 0 0.0 15.0 24.1 24.4 3.627  -39.7   18.7   12.6  24   -2.0  14 0 0 1 1 1 0 15.3 22.8 15.3 22.8 80.0 100 100 20 408 0 142 0 402 401 400 0 0 0 60 50 AUTO 0 
b.1 2025-08-15 05:27:13.542 a 2025-08-15-05:27:04 251 274 290 1.1 5.1 6.6 14.8 22.2 731.9 0.00 0 0.0 15.0 24.1 24.5 3.628  -41.0   18.7   13.4  25   -1.9  14 0 0 1 1 1 0 15.3 21.9 15.3 22.0 80.0 100 100 20 408 0 142 0 402 401 400 0 0 0 60 50 AUTO 0 
b.1 2025-08-15 05:28:11.013 a 2025-08-15-05:28:02 242 273 297 1.0 4.9 6.5 14.8 22.1 731.9 0.00 0 0.0 15.0 24.1 24.5 3.628  -39.1   18.7   13.0  24   -2.0   5 0 0 1 1 1 0 15.3 21.9 15.3 21.9 80.0 100 100 20 408 0 143 0 401 401 400 0 0 0 60 50 AUTO 0 
b.1 2025-08-15 05:29:14.073 a 2025-08-15-05:29:05 168 273 297 0.6 4.7 6.2 14.8 22.8 731.9 0.00 0 0.0 15.0 24.1 24.5 3.628  -40.2   18.7   12.0  24   -2.0  11 0 0 1 1 1 0 15.2 22.5 15.3 22.5 80.0 100 100 20 408 0 142 0 401 401 400 0 0 0 59 50 AUTO 0 
b.1 2025-08-15 05:30:12.532 a 2025-08-15-05:30:03 245 274 294 3.7 5.5 6.7 14.8 22.9 731.9 0.00 0 0.0 15.0 24.1 24.5 3.628  -40.8   18.7   13.9  24   -2.0  12 0 0 1 1 1 0 15.2 23.3 15.3 23.4 80.0 100 100 20 408 0 142 12 401 401 399 4 4 5 60 50 AUTO 0 
b.1 2025-08-15 05:31:14.013 a 2025-08-15-05:31:05 213 257 320 0.3 4.3 6.8 14.8 24.3 731.8 0.00 0 0.0 15.0 24.1 24.4 3.628  -40.5   18.7   11.7  24   -2.0  13 0 0 1 1 1 0 15.2 23.9 15.3 24.0 80.0 100 100 20 408 0 142 0 401 401 400 0 0 0 60 50 AUTO 0 
b.1 2025-08-15 05:32:12.996 a 2025-08-15-05:32:04 219 268 297 1.4 4.5 6.1 14.7 23.4 731.8 0.00 0 0.0 15.0 24.1 24.5 3.628  -42.1   18.7   11.7  24   -2.0  13 0 0 1 1 1 0 15.2 23.7 15.2 23.9 80.0 100 100 20 408 0 142 0 401 401 400 0 0 0 59 50 AUTO 0 
b.1 2025-08-15 05:33:17.553 a 2025-08-15-05:33:08 150 275 329 0.5 4.6 6.9 14.7 23.9 731.9 0.00 0 0.0 15.0 24.1 24.5 3.627  -40.9   18.8   12.1  24   -2.0  13 0 0 1 1 1 0 15.2 23.5 15.3 23.6 80.0 100 100 20 408 0 142 0 401 401 400 0 0 0 60 50 AUTO 0 
b.1 2025-08-15 05:34:12.825 a 2025-08-15-05:34:04 025 279 161 0.7 3.6 6.9 14.7 24.0 731.9 0.00 0 0.0 14.9 24.0 23.6 3.633  -39.0   18.8    9.1  24   -2.0  13 0 0 1 1 1 0 15.3 24.0 15.3 24.1 80.0 100 100 20 408 0 142 0 402 401 400 0 0 0 59 50 AUTO 0 
b.1 2025-08-15 05:35:19.456 a 2025-08-15-05:35:10 257 278 296 1.5 5.5 7.4 14.7 24.2 731.8 0.00 0 0.0 15.0 24.1 24.5 3.626  -39.1   18.8   11.5  25   -1.9  13 0 0 1 1 1 0 15.3 23.6 15.4 23.7 80.0 100 100 20 408 0 143 0 401 401 399 0 0 0 59 50 AUTO 0 
b.1 2025-08-15 05:36:19.736 a 2025-08-15-05:36:11 031 280 331 0.7 4.1 6.9 14.7 24.3 731.8 0.00 0 0.0 15.0 24.1 24.5 3.627  -39.0   18.8    9.7  24   -1.9   5 0 0 1 1 1 0 15.4 24.0 15.4 24.1 80.0 100 100 20 408 0 138 0 402 401 400 0 0 0 60 50 AUTO 0 
b.1 2025-08-15 05:37:17.236 a 2025-08-15-05:37:08 114 273 309 0.3 4.0 6.9 14.7 24.3 731.8 0.00 0 0.0 15.0 24.0 23.4 3.637  -40.5   18.8    9.5  25   -1.9  14 0 0 1 1 1 0 15.3 24.3 15.4 24.4 80.0 100 100 20 408 0 143 0 401 401 400 0 0 0 60 50 AUTO 0 
b.1 2025-08-15 05:38:12.540 a 2025-08-15-05:38:03 123 261 297 0.3 3.6 6.9 14.7 24.3 731.8 0.00 0 0.0 15.0 24.1 24.5 3.627  -41.8   18.8    8.5  25   -1.8  16 0 0 1 1 1 0 15.3 24.3 15.3 24.4 80.0 100 100 20 408 0 142 0 401 401 400 0 0 0 60 50 AUTO 0 
b.1 2025-08-15 05:39:13.016 a 2025-08-15-05:39:04 236 278 342 0.7 4.2 6.3 14.7 24.4 731.8 0.00 0 0.0 15.0 24.1 24.5 3.628  -38.5   18.8    9.0  25   -1.8  13 0 0 1 1 1 0 15.3 24.0 15.3 24.3 80.0 100 100 20 408 0 142 0 401 401 400 0 0 0 60 50 AUTO 0 
b.1 2025-08-15 05:40:21.173 a 2025-08-15-05:40:12 049 278 203 0.4 3.8 6.5 14.7 24.3 731.8 0.00 0 0.0 15.0 24.1 24.5 3.631  -40.7   18.8    9.5  25   -1.8  13 0 0 1 1 1 0 15.3 24.1 15.3 24.1 80.0 100 100 20 408 0 142 0 401 401 400 0 0 0 59 50 AUTO 0 
b.1 2025-08-15 05:41:10.818 a 2025-08-15-05:41:02 219 270 302 0.8 4.1 6.5 14.7 24.1 731.8 0.00 0 0.0 15.0 24.1 24.5 3.633  -41.9   18.8    9.7  25   -1.8  13 0 0 1 1 1 0 15.2 24.4 15.3 24.4 80.0 100 100 20 408 0 142 0 401 401 400 0 0 0 59 50 AUTO 0 
b.1 2025-08-15 05:42:15.118 a 2025-08-15-05:42:06 131 257 293 0.6 3.7 6.0 14.7 24.1 731.8 0.00 0 0.0 15.0 24.1 24.5 3.627  -44.7   18.8    9.0  25   -1.8  13 0 0 1 1 1 0 15.2 24.7 15.3 24.7 80.0 100 100 20 408 0 143 0 401 401 400 0 0 0 59 50 AUTO 0 
b.1 2025-08-15 05:43:18.744 a 2025-08-15-05:43:10 099 254 299 0.4 3.6 5.7 14.6 23.7 731.8 0.00 0 0.0 15.0 24.0 24.5 3.628  -39.5   18.8    8.5  25   -1.8  13 0 0 1 1 1 0 15.3 24.1 15.3 24.3 80.0 100 100 20 408 0 143 0 402 401 400 0 0 0 60 50 AUTO 0 
b.1 2025-08-15 05:44:11.437 a 2025-08-15-05:44:02 180 260 352 0.2 3.1 5.8 14.6 23.6 731.8 0.00 0 0.0 14.9 24.1 24.4 3.635  -40.8   18.8    7.9  25   -1.9  13 0 0 1 1 1 0 15.3 23.7 15.3 23.9 80.0 100 100 20 408 0 143 0 402 401 400 0 0 0 59 50 AUTO 0 
b.1 2025-08-15 05:45:12.918 a 2025-08-15-05:45:04 203 254 296 0.6 3.6 6.2 14.6 23.5 731.8 0.00 0 0.0 15.0 24.1 24.5 3.628  -39.8   18.8    7.8  25   -1.8  13 0 0 1 1 1 0 15.2 23.6 15.3 23.6 80.0 100 100 20 408 0 143 0 401 401 400 0 0 0 60 50 AUTO 0 
b.1 2025-08-15 05:46:18.540 a 2025-08-15-05:46:09 215 270 308 0.3 4.0 5.9 14.6 23.5 731.8 0.00 0 0.0 14.9 23.8 23.4 3.635  -39.2   18.8    9.0  25   -1.9  13 0 0 1 1 1 0 15.3 23.6 15.3 23.7 80.0 100 100 20 408 0 143 0 401 401 400 0 0 0 59 50 AUTO 0 
b.1 2025-08-15 05:47:12.719 a 2025-08-15-05:47:03 198 266 332 0.7 3.1 5.1 14.7 23.6 731.8 0.00 0 0.0 15.0 24.1 24.4 3.627  -39.6   18.8    7.6  25   -1.9  13 0 0 1 1 1 0 15.2 23.6 15.3 23.6 80.0 100 100 20 408 0 143 9 401 401 400 0 0 0 60 50 AUTO 0 
b.1 2025-08-15 05:48:12.657 a 2025-08-15-05:48:03 114 263 306 0.4 3.8 5.7 14.7 23.8 731.8 0.00 0 0.0 15.0 24.1 24.5 3.628  -43.5   18.8    8.3  25   -1.9  13 0 0 1 1 1 0 15.2 23.4 15.3 23.5 80.0 100 100 20 408 0 142 0 402 401 400 0 0 0 60 50 AUTO 0 
b.1 2025-08-15 05:49:17.719 a 2025-08-15-05:49:08 111 265 287 0.5 4.4 6.6 14.7 23.8 731.8 0.00 0 0.0 15.0 24.1 24.5 3.627  -40.5   18.8   10.4  25   -1.9  13 0 0 1 1 1 0 15.2 23.4 15.3 23.5 80.0 100 100 20 408 0 143 0 401 401 399 0 0 0 60 50 AUTO 0 
b.1 2025-08-15 05:50:13.940 a 2025-08-15-05:50:05 227 264 281 2.7 4.8 6.5 14.7 23.5 731.8 0.00 0 0.0 15.0 24.1 24.5 3.628  -41.3   18.8   11.0  25   -1.9  13 0 0 1 1 1 0 15.2 23.4 15.3 23.5 80.0 100 100 20 408 0 142 0 401 401 400 0 0 0 59 50 AUTO 0 
b.1 2025-08-15 05:51:13.563 a 2025-08-15-05:51:04 205 249 344 0.6 4.0 5.8 14.7 24.4 731.8 0.00 0 0.0 15.0 24.1 24.5 3.628  -40.4   18.9    9.9  25   -1.8  13 0 0 1 1 1 0 15.3 24.4 15.3 24.4 80.0 100 100 20 408 0 142 0 401 401 400 0 0 0 60 50 AUTO 0 
b.1 2025-08-15 05:52:12.257 a 2025-08-15-05:52:03 117 264 290 0.3 4.0 6.4 14.7 29.0 731.8 0.00 0 0.0 15.0 24.1 24.5 3.628  -41.3   18.9   10.2  25   -1.7  13 0 0 1 1 1 0 15.3 28.6 15.2 28.4 80.0 100 100 20 408 0 142 0 401 402 400 0 0 0 59 50 AUTO 0 
b.1 2025-08-15 05:53:17.461 a 2025-08-15-05:53:08 140 261 291 0.3 3.7 5.9 14.7 26.3 731.8 0.00 0 0.0 14.9 24.0 23.4 3.633  -39.7   18.9   10.3  25   -1.6  13 0 0 1 1 1 0 15.3 26.4 15.2 26.9 80.0 100 100 20 408 0 143 0 401 402 400 0 0 0 59 50 AUTO 0 
b.1 2025-08-15 05:54:12.519 a 2025-08-15-05:54:03 188 265 303 0.5 4.1 7.2 14.7 25.3 731.8 0.00 0 0.0 15.0 24.1 24.4 3.633  -41.0   18.9   10.3  25   -1.5  13 0 0 1 1 1 0 15.2 28.4 15.1 28.2 80.0 100 100 20 408 0 142 0 401 401 400 0 0 0 60 50 AUTO 0 
b.1 2025-08-15 05:55:12.180 a 2025-08-15-05:55:03 133 261 279 1.6 5.5 7.2 14.7 28.1 731.8 0.00 0 0.0 15.0 24.1 24.5 3.628  -41.4   18.9   13.7  25   -1.3  14 0 0 1 1 1 0 15.2 28.0 15.1 28.4 80.0 100 100 20 408 0 142 0 401 401 400 0 0 0 60 50 AUTO 0 
b.1 2025-08-15 05:56:21.098 a 2025-08-15-05:56:12 240 270 334 1.0 4.4 6.7 14.7 27.5 731.8 0.00 0 0.0 15.0 24.1 24.5 3.628  -39.1   18.9   13.6  25   -1.3  14 0 0 1 1 1 0 15.2 27.4 15.1 27.7 80.0 100 100 20 408 0 143 0 401 402 399 0 0 0 60 50 AUTO 0 
b.1 2025-08-15 05:57:17.464 a 2025-08-15-05:57:08 156 262 302 0.6 3.9 6.8 14.7 28.5 731.8 0.00 0 0.0 15.0 24.1 24.5 3.626  -40.4   18.9   11.5  26   -1.2  14 0 0 1 1 1 0 15.2 27.9 15.1 28.2 80.0 100 100 20 408 0 143 0 401 401 400 0 0 0 59 50 AUTO 0 
b.1 2025-08-15 05:58:13.822 a 2025-08-15-05:58:05 093 256 283 0.4 4.3 6.8 14.7 26.7 731.8 0.00 0 0.0 15.0 24.1 24.5 3.626  -41.2   18.9   11.8  26   -1.2  14 0 0 1 1 1 0 15.2 26.9 15.1 27.1 80.0 100 100 20 408 0 142 0 401 401 399 0 0 0 59 50 AUTO 0 
b.1 2025-08-15 05:59:15.799 a 2025-08-15-05:59:07 195 260 348 0.7 4.9 6.9 14.7 27.1 731.8 0.00 0 0.0 15.0 24.1 24.5 3.627  -41.3   18.9   12.8  26   -1.2  14 0 0 1 1 1 0 15.2 27.8 15.1 28.2 80.0 100 100 20 408 0 143 0 401 402 400 0 0 0 60 50 AUTO 0 
b.1 2025-08-15 06:00:13.000 a 2025-08-15-06:00:04 015 257 085 0.3 4.1 6.5 14.7 27.1 731.8 0.00 0 0.0 15.0 24.1 24.5 3.628  -41.6   18.9   12.7  26   -1.2  14 0 0 1 1 1 0 15.2 28.1 15.1 28.4 80.0 100 100 20 408 0 143 0 401 402 400 0 0 0 59 50 AUTO 0 
b.1 2025-08-15 06:01:10.121 a 2025-08-15-06:01:01 239 265 284 1.3 4.2 6.6 14.6 27.1 731.7 0.00 0 0.0 15.0 23.9 23.4 3.633  -40.8   18.8   13.4  26   -1.2  14 0 0 1 1 1 0 15.1 27.3 15.1 27.6 80.0 100 100 20 408 0 143 0 401 402 400 0 0 0 59 50 AUTO 0 
b.1 2025-08-15 06:02:11.088 a 2025-08-15-06:02:02 212 267 286 0.5 5.1 7.1 14.6 28.9 731.7 0.00 0 0.0 15.0 24.1 24.5 3.628  -41.8   18.8   15.0  26   -1.2  14 0 0 1 1 1 0 15.2 27.7 15.1 28.1 80.0 100 100 20 408 0 143 0 401 401 399 0 0 0 59 50 AUTO 0 
b.1 2025-08-15 06:03:17.019 a 2025-08-15-06:03:08 199 261 283 1.2 4.6 6.6 14.6 28.3 731.7 0.00 0 0.0 14.9 24.1 24.5 3.628  -42.7   18.8   13.3  26   -1.1  14 0 0 1 1 1 0 15.2 27.9 15.1 28.3 80.0 100 100 20 408 0 143 0 401 401 400 0 0 0 59 50 AUTO 0 
b.1 2025-08-15 06:04:14.144 a 2025-08-15-06:04:05 200 263 282 1.7 5.2 7.0 14.6 29.4 731.7 0.00 0 0.0 15.0 24.1 24.4 3.627  -40.0   18.8   16.8  26   -1.0  14 0 0 1 2 1 0 15.2 28.2 15.1 28.6 80.0 100 100 20 408 0 143 0 401 401 399 0 0 0 60 50 AUTO 0 
b.1 2025-08-15 06:05:14.464 a 2025-08-15-06:05:05 200 261 283 1.7 5.2 7.0 14.6 29.4 731.7 0.00 0 0.0 15.0 24.1 24.5 3.627  -39.9   18.8   16.2  26   -0.9  14 0 0 1 2 1 0 15.3 28.7 15.1 29.2 80.0 100 100 20 408 0 143 0 401 401 399 0 0 0 60 50 AUTO 0 
b.1 2025-08-15 06:06:19.878 a 2025-08-15-06:06:11 172 263 339 0.4 5.0 6.9 14.6 28.5 731.7 0.00 0 0.0 15.0 24.1 24.5 3.627  -40.9   18.8   15.3  27   -0.8  14 0 0 1 2 1 0 15.3 29.2 15.2 29.6 80.0 100 100 20 408 0 143 0 401 401 400 0 0 0 60 50 AUTO 0 
b.1 2025-08-15 06:07:17.500 a 2025-08-15-06:07:08 238 264 293 0.8 4.8 6.6 14.6 29.9 731.7 0.00 0 0.0 15.1 24.1 24.5 3.627  -41.6   18.8   16.2  27   -0.8  14 0 0 1 2 1 0 15.3 29.1 15.2 29.7 80.0 100 100 20 408 0 143 0 401 401 400 0 0 0 60 50 AUTO 0 
b.1 2025-08-15 06:08:13.460 a 2025-08-15-06:08:04 128 259 278 0.6 5.1 6.9 14.6 29.9 731.7 0.00 0 0.0 15.0 24.1 24.5 3.627  -40.9   18.8   15.7  27   -0.7  14 0 0 1 2 1 0 15.3 29.4 15.2 29.9 80.0 100 100 20 408 0 142 0 402 401 400 0 0 0 60 50 AUTO 0 
b.1 2025-08-15 06:09:14.661 a 2025-08-15-06:09:05 186 257 321 0.6 4.3 6.1 14.6 29.5 731.7 0.00 0 0.0 15.0 24.1 24.5 3.627  -40.5   18.8   13.1  27   -0.6  14 0 0 1 1 1 0 15.3 29.6 15.2 30.2 80.0 100 100 20 408 0 142 0 401 401 400 0 0 0 59 50 AUTO 0 
b.1 2025-08-15 06:10:15.540 a 2025-08-15-06:10:06 119 256 279 0.9 5.0 6.5 14.6 29.6 731.7 0.00 0 0.0 15.0 24.1 24.4 3.635  -40.8   18.8   13.1  27   -0.6  14 0 0 1 1 1 0 15.3 29.4 15.2 29.9 80.0 100 100 20 408 0 142 0 401 402 399 0 0 0 60 50 AUTO 0 
b.1 2025-08-15 06:11:13.904 a 2025-08-15-06:11:05 228 256 279 1.2 5.0 6.7 14.6 29.4 731.7 0.00 0 0.0 15.0 24.1 24.5 3.627  -40.8   18.7   13.1  27   -0.6  14 0 0 1 1 1 0 15.3 28.6 15.2 29.1 80.0 100 100 20 408 0 142 0 401 401 399 0 0 0 60 50 AUTO 0 
b.1 2025-08-15 06:12:18.441 a 2025-08-15-06:12:09 205 259 284 0.7 5.3 6.7 14.7 28.1 731.7 0.00 0 0.0 15.0 24.1 24.5 3.627  -40.5   18.7   13.4  27   -0.6  14 0 0 1 1 1 0 15.2 28.0 15.1 28.3 80.0 100 100 20 408 0 142 0 401 402 399 0 0 0 59 50 AUTO 0 
b.1 2025-08-15 06:13:14.690 a 2025-08-15-06:13:05 236 258 268 1.6 5.2 6.5 14.7 27.8 731.7 0.00 0 0.0 15.0 24.1 24.5 3.627  -40.8   18.7   13.8  27   -0.7  14 0 0 1 1 1 0 15.2 27.6 15.1 27.9 80.0 100 100 20 408 0 142 0 401 402 400 0 0 0 59 50 AUTO 0 
b.1 2025-08-15 06:14:20.065 a 2025-08-15-06:14:11 228 256 270 0.7 4.3 6.6 14.7 27.2 731.7 0.00 0 0.0 15.0 24.1 24.5 3.627  -41.0   18.7   12.2  27   -0.8  14 0 0 1 1 1 0 15.1 27.2 15.1 27.4 80.0 100 100 20 408 0 142 0 401 401 400 0 0 0 60 50 AUTO 0 
b.1 2025-08-15 06:15:18.243 a 2025-08-15-06:15:09 124 257 283 0.8 4.8 6.7 14.7 27.0 731.7 0.00 0 0.0 15.0 24.0 23.4 3.633  -40.7   18.7   12.6  27   -0.8  14 0 0 1 1 1 0 15.1 27.1 15.1 27.3 80.0 100 100 20 408 0 142 0 401 401 400 0 0 0 59 50 AUTO 0 
b.1 2025-08-15 06:16:16.634 a 2025-08-15-06:16:07 218 254 272 1.4 4.5 6.1 14.7 26.4 731.7 0.00 0 0.0 15.0 24.1 24.5 3.628  -40.7   18.7   10.7  27   -0.8  14 0 0 1 1 1 0 15.1 27.4 15.1 27.6 80.0 100 99 20 408 0 142 0 400 401 400 0 0 0 60 50 AUTO 0 
b.1 2025-08-15 06:17:16.865 a 2025-08-15-06:17:08 216 258 333 0.8 4.8 6.7 14.7 27.2 731.7 0.00 0 0.0 15.0 24.1 24.5 3.626  -40.0   18.7   12.2  27   -0.8  14 0 0 1 1 1 0 15.1 27.8 15.1 28.0 80.0 100 100 20 408 0 142 0 401 401 400 0 0 0 60 50 AUTO 0 
b.1 2025-08-15 06:18:13.506 a 2025-08-15-06:18:04 173 259 282 0.3 4.7 7.1 14.7 27.6 731.7 0.00 0 0.0 15.0 24.1 24.5 3.628  -40.8   18.7   13.4  27   -0.8  14 0 0 1 1 1 0 15.1 28.3 15.1 28.4 80.0 100 100 20 408 0 143 0 402 401 400 0 0 0 60 50 AUTO 0 
b.1 2025-08-15 06:19:19.301 a 2025-08-15-06:19:10 158 258 283 0.6 4.7 6.4 14.7 27.8 731.7 0.00 0 0.0 15.0 24.1 24.5 3.628  -40.4   18.7   12.9  27   -0.8  14 0 0 1 1 1 0 15.1 28.2 15.1 28.5 80.0 100 100 20 408 0 143 0 401 401 400 0 0 0 60 50 AUTO 0 
b.1 2025-08-15 06:20:12.743 a 2025-08-15-06:20:03 130 258 288 1.0 4.4 6.3 14.7 27.9 731.6 0.00 0 0.0 15.0 24.1 24.4 3.626  -40.9   18.7   12.2  27   -0.7  14 0 0 1 1 1 0 15.2 28.3 15.2 28.5 80.0 100 100 20 408 0 143 0 401 401 400 0 0 0 60 50 AUTO 0 
b.1 2025-08-15 06:21:11.105 a 2025-08-15-06:21:02 212 261 284 0.8 5.2 7.2 14.7 27.9 731.7 0.00 0 0.0 15.0 24.1 24.4 3.627  -41.3   18.7   15.0  27   -0.7  14 0 0 1 1 1 0 15.2 28.2 15.2 28.6 80.0 100 99 20 401 0 142 0 401 401 400 0 0 0 60 50 AUTO 0 
b.1 2025-08-15 06:22:13.503 a 2025-08-15-06:22:04 246 264 281 1.4 4.7 6.5 14.7 27.2 731.7 0.00 0 0.0 15.0 24.1 24.5 3.626  -41.3   18.7   15.4  27   -0.8  14 0 0 1 2 1 0 15.2 28.0 15.1 28.3 80.0 100 100 20 408 0 143 0 401 401 400 0 0 0 60 50 AUTO 0 
b.1 2025-08-15 06:23:12.388 a 2025-08-15-06:23:03 163 260 280 0.6 4.7 6.8 14.7 27.8 731.7 0.00 0 0.0 15.0 24.1 24.5 3.626  -41.8   18.7   14.1  27   -0.7  14 0 0 1 1 1 0 15.3 28.1 15.1 28.6 80.0 100 100 20 408 0 143 0 401 402 400 0 0 0 60 50 AUTO 0 
b.1 2025-08-15 06:24:15.285 a 2025-08-15-06:24:06 022 268 094 0.3 3.9 6.8 14.7 28.1 731.6 0.00 0 0.0 14.9 24.0 24.5 3.628  -39.9   18.7   11.5  27   -0.7  14 0 0 1 1 1 0 15.3 28.3 15.2 28.7 80.0 100 100 20 408 0 143 0 401 401 400 0 0 0 59 50 AUTO 0 
b.1 2025-08-15 06:25:21.084 a 2025-08-15-06:25:12 231 252 268 1.8 4.7 6.2 14.7 28.3 731.6 0.00 0 0.0 15.0 24.1 24.5 3.628  -40.2   18.7   11.5  27   -0.7  14 0 0 1 1 1 0 15.3 28.5 15.1 28.9 80.0 100 100 20 408 0 143 0 401 401 400 0 0 0 59 50 AUTO 0 
b.1 2025-08-15 06:26:13.045 a 2025-08-15-06:26:04 234 249 270 2.0 4.9 5.9 14.7 27.8 731.6 0.00 0 0.0 15.0 24.0 24.5 3.626  -40.1   18.7   11.5  27   -0.7  14 0 0 1 1 1 0 15.3 28.6 15.2 28.9 80.0 100 100 20 408 0 143 0 402 401 400 0 0 0 60 50 AUTO 0 
b.1 2025-08-15 06:27:14.282 a 2025-08-15-06:27:05 218 247 266 2.7 4.7 5.9 14.6 28.1 731.6 0.00 0 0.0 14.9 24.1 24.5 3.627  -41.0   18.7   11.4  27   -0.8  14 0 0 1 1 1 0 15.3 28.4 15.2 28.9 80.0 100 100 20 408 0 143 0 401 401 400 0 0 0 60 50 AUTO 0 
b.1 2025-08-15 06:28:12.966 a 2025-08-15-06:28:04 234 248 266 3.7 5.5 6.4 14.6 28.2 731.6 0.00 0 0.0 15.0 24.1 24.5 3.627  -40.1   18.6   12.4  27   -0.7  14 0 0 1 1 1 0 15.3 28.5 15.2 28.9 80.0 100 100 20 408 0 143 0 401 401 399 0 0 0 60 50 AUTO 0 
b.1 2025-08-15 06:29:12.904 a 2025-08-15-06:29:04 203 248 268 1.0 4.7 6.0 14.6 28.4 731.6 0.00 0 0.0 15.0 24.1 24.4 3.627  -40.6   18.6   11.7  27   -0.7  14 0 0 1 1 1 0 15.3 28.7 15.2 29.1 80.0 100 100 20 408 0 143 0 401 401 400 0 0 0 59 50 AUTO 0 
b.1 2025-08-15 06:30:18.644 a 2025-08-15-06:30:09 232 252 267 2.5 5.4 7.1 14.6 28.2 731.5 0.00 0 0.0 15.0 24.0 24.4 3.627  -40.9   18.6   12.7  27   -0.7  14 0 0 1 1 1 0 15.3 28.6 15.2 29.1 80.0 100 100 20 408 0 143 0 402 401 400 0 0 0 59 50 AUTO 0 
b.1 2025-08-15 06:31:19.947 a 2025-08-15-06:31:11 231 255 271 2.1 5.5 7.0 14.6 28.5 731.5 0.00 0 0.0 15.0 24.1 24.5 3.627  -40.2   18.6   13.5  27   -0.7  14 0 0 1 1 1 0 15.3 28.7 15.1 29.1 80.0 100 100 20 408 0 143 0 401 401 400 0 0 0 60 50 AUTO 0 
b.1 2025-08-15 06:32:14.365 a 2025-08-15-06:32:05 228 254 266 1.0 5.3 6.4 14.6 28.3 731.6 0.00 0 0.0 15.0 24.1 24.5 3.627  -39.7   18.6   13.1  27   -0.6  14 0 0 1 1 1 0 15.3 28.8 15.1 29.3 80.0 100 100 20 408 0 142 0 401 401 400 0 0 0 60 50 AUTO 0 
b.1 2025-08-15 06:33:11.976 a 2025-08-15-06:33:03 232 256 267 2.6 5.2 6.6 14.6 28.2 731.6 0.00 0 0.0 15.0 24.1 24.5 3.628  -40.7   18.6   13.1  27   -0.6  14 0 0 1 1 1 0 15.3 28.9 15.1 29.3 80.0 100 100 20 408 0 143 0 401 401 400 0 0 0 60 50 AUTO 0 
b.1 2025-08-15 06:34:13.568 a 2025-08-15-06:34:04 188 255 282 1.1 5.0 6.8 14.6 28.1 731.5 0.00 0 0.0 15.0 24.1 24.5 3.628  -40.5   18.7   12.1  27   -0.6  14 0 0 1 1 1 0 15.3 28.8 15.1 29.1 80.0 100 100 20 408 0 142 0 401 401 400 0 0 0 59 50 AUTO 0 
b.1 2025-08-15 06:35:15.507 a 2025-08-15-06:35:06 178 258 280 1.8 5.5 7.1 14.6 28.2 731.5 0.00 0 0.0 15.0 24.0 23.4 3.634  -39.9   18.7   14.4  27   -0.6  14 0 0 1 1 1 0 15.3 28.4 15.1 28.9 80.0 100 100 20 408 0 143 0 401 401 400 0 0 0 59 50 AUTO 0 
b.1 2025-08-15 06:36:18.528 a 2025-08-15-06:36:09 227 260 285 1.1 5.3 6.8 14.6 28.4 731.5 0.00 0 0.0 15.0 24.1 24.5 3.627  -40.2   18.7   15.2  27   -0.6  14 0 0 1 2 1 0 15.3 28.3 15.1 28.8 80.0 100 100 20 408 0 134 0 401 401 400 0 0 0 60 50 AUTO 0 
b.1 2025-08-15 06:37:14.289 a 2025-08-15-06:37:05 200 259 272 1.3 5.6 7.1 14.6 28.6 731.5 0.00 0 0.0 14.9 24.1 24.5 3.627  -41.1   18.7   16.2  27   -0.6  14 0 0 1 2 1 0 15.3 28.4 15.1 29.0 80.0 100 100 20 408 0 143 0 401 401 400 0 0 0 59 50 AUTO 0 
b.1 2025-08-15 06:38:12.892 a 2025-08-15-06:38:04 141 257 356 0.9 5.4 7.1 14.6 28.3 731.5 0.00 0 0.0 15.0 24.1 24.5 3.633  -41.5   18.7   15.8  27   -0.5  14 0 0 1 2 1 0 15.3 28.6 15.1 29.1 80.0 100 100 20 408 0 143 0 401 401 400 0 0 0 59 50 AUTO 0 
b.1 2025-08-15 06:39:15.950 a 2025-08-15-06:39:07 232 263 285 1.3 5.5 7.3 14.6 27.5 731.5 0.00 0 0.0 15.0 24.1 24.5 3.634  -39.7   18.7   16.2  27   -0.6  14 0 0 1 2 1 0 15.3 28.2 15.1 28.6 80.0 100 100 20 408 0 143 0 401 401 400 0 0 0 59 50 AUTO 0 
b.1 2025-08-15 06:40:21.190 a 2025-08-15-06:40:12 218 262 278 0.9 5.6 7.2 14.7 27.1 731.5 0.00 0 0.0 15.0 24.1 24.5 3.628  -40.3   18.7   16.2  27   -0.7  14 0 0 1 2 1 0 15.3 27.6 15.1 28.1 80.0 100 100 20 408 0 143 0 401 401 399 0 0 0 59 50 AUTO 0 
b.1 2025-08-15 06:41:12.390 a 2025-08-15-06:41:03 214 260 310 0.7 4.9 7.6 14.7 27.1 731.5 0.00 0 0.0 15.0 24.1 24.5 3.628  -40.4   18.7   15.4  27   -0.7  14 0 0 1 2 1 0 15.3 27.6 15.1 28.1 80.0 100 100 20 408 0 143 0 401 401 400 0 0 0 59 50 AUTO 0 
b.1 2025-08-15 06:42:13.411 a 2025-08-15-06:42:04 161 254 278 0.9 4.3 6.7 14.7 27.1 731.5 0.00 0 0.0 15.0 24.1 24.4 3.627  -41.1   18.7   12.9  27   -0.7  14 0 0 1 1 1 0 15.3 27.7 15.1 28.2 80.0 100 100 20 408 0 143 0 401 401 400 0 0 0 60 50 AUTO 0 
b.1 2025-08-15 06:43:12.811 a 2025-08-15-06:43:03 188 256 273 0.8 4.8 6.6 14.7 27.6 731.5 0.00 0 0.0 15.0 24.1 24.5 3.633  -39.7   18.7   12.9  27   -0.7  14 0 0 1 1 1 0 15.3 27.8 15.1 28.4 80.0 100 100 20 408 0 143 0 401 401 399 0 0 0 60 50 AUTO 0 
b.1 2025-08-15 06:44:14.068 a 2025-08-15-06:44:05 039 250 113 0.2 3.8 6.4 14.7 27.4 731.5 0.00 0 0.0 15.0 24.1 24.5 3.626  -40.6   18.7   10.5  27   -0.7   0 0 0 1 1 1 0 15.3 28.0 15.1 28.5 80.0 100 100 20 408 0 143 0 401 401 400 0 0 0 59 50 AUTO 0 
b.1 2025-08-15 06:45:16.907 a 2025-08-15-06:45:08 200 252 269 0.6 4.5 6.7 14.6 27.3 731.5 0.00 0 0.0 15.0 24.0 24.5 3.628  -40.3   18.7   10.2  27   -0.7  11 0 0 1 1 1 0 15.3 28.0 15.1 28.4 80.0 100 100 20 408 0 143 0 401 401 400 0 0 0 60 50 AUTO 0 
b.1 2025-08-15 06:46:13.091 a 2025-08-15-06:46:04 214 248 268 1.1 5.0 6.7 14.6 27.8 731.5 0.00 0 0.0 14.9 24.0 23.4 3.633  -41.0   18.6   11.7  27   -0.7  17 0 0 1 1 1 0 15.3 28.1 15.1 28.6 80.0 100 100 20 408 0 143 0 401 401 400 0 0 0 59 50 AUTO 0 
b.1 2025-08-15 06:47:15.414 a 2025-08-15-06:47:06 203 248 273 1.1 4.4 6.3 14.6 27.9 731.5 0.00 0 0.0 14.9 24.1 24.5 3.628  -40.4   18.6   11.0  27   -0.7  15 0 0 1 1 1 0 15.3 28.2 15.1 28.8 80.0 100 100 20 408 0 143 0 401 401 400 0 0 0 60 50 AUTO 0 
b.1 2025-08-15 06:48:13.171 a 2025-08-15-06:48:04 234 250 265 3.7 5.4 6.3 14.5 28.1 731.5 0.00 0 0.0 15.0 24.1 24.5 3.627  -41.4   18.6   12.9  27   -0.7  15 0 0 1 1 1 0 15.3 28.5 15.1 29.0 80.0 100 100 20 408 0 143 0 401 401 400 0 0 0 60 50 AUTO 0 
b.1 2025-08-15 06:49:14.141 a 2025-08-15-06:49:05 223 250 271 1.9 4.8 6.8 14.5 28.2 731.5 0.00 0 0.0 15.0 23.8 23.4 3.633  -40.2   18.6   11.8  27   -0.7  15 0 0 1 1 1 0 15.2 28.6 15.1 29.1 80.0 100 100 20 408 0 143 0 401 401 400 0 0 0 60 50 AUTO 0 
b.1 2025-08-15 06:50:14.259 a 2025-08-15-06:50:05 187 251 269 1.1 4.8 6.5 14.5 27.9 731.5 0.00 0 0.0 15.0 24.0 24.5 3.628  -41.2   18.6   11.2  27   -0.7  15 0 0 1 1 1 0 15.3 28.5 15.1 29.0 80.0 100 100 20 408 0 143 0 401 402 400 0 0 0 59 50 AUTO 0 
b.1 2025-08-15 06:51:17.028 a 2025-08-15-06:51:08 233 253 271 1.9 5.3 6.9 14.5 28.0 731.5 0.00 0 0.0 15.0 23.9 23.4 3.633  -40.7   18.6   12.1  27   -0.7  10 0 0 1 1 1 0 15.2 28.4 15.0 28.9 80.0 100 100 20 408 0 143 0 401 401 400 0 0 0 60 50 AUTO 0 
b.1 2025-08-15 06:52:13.493 a 2025-08-15-06:52:04 232 252 281 1.9 4.9 6.4 14.5 28.1 731.5 0.00 0 0.0 15.0 24.1 24.4 3.627  -40.4   18.6   11.1  27   -0.7  15 0 0 1 1 1 0 15.2 28.4 15.0 29.0 80.0 100 100 20 408 0 143 0 401 401 400 0 0 0 60 50 AUTO 0 
b.1 2025-08-15 06:53:12.374 a 2025-08-15-06:53:03 219 253 275 0.3 4.9 6.5 14.5 28.3 731.5 0.00 0 0.0 15.0 24.1 24.5 3.627  -40.9   18.5   11.4  27   -0.7  13 0 0 1 1 1 0 15.2 28.5 15.0 29.0 80.0 100 100 20 408 0 143 0 401 401 400 0 0 0 59 50 AUTO 0 
b.1 2025-08-15 06:54:13.493 a 2025-08-15-06:54:04 188 252 274 1.6 4.5 6.2 14.5 28.3 731.5 0.00 0 0.0 15.0 24.1 24.5 3.628  -40.0   18.5   10.8  27   -0.7  13 0 0 1 1 1 0 15.2 28.5 15.0 29.1 80.0 100 100 20 408 0 142 0 402 401 400 0 0 0 59 50 AUTO 0 
b.1 2025-08-15 06:55:12.561 a 2025-08-15-06:55:03 197 255 279 1.1 5.0 7.2 14.5 28.3 731.5 0.00 0 0.0 15.0 24.1 24.5 3.627  -40.8   18.5   11.7  27   -0.7  13 0 0 1 1 1 0 15.2 28.5 15.0 29.1 80.0 100 100 20 408 0 143 0 401 401 400 0 0 0 60 50 AUTO 0 
b.1 2025-08-15 06:56:13.111 a 2025-08-15-06:56:04 209 252 270 1.0 4.9 7.0 14.5 28.4 731.5 0.00 0 0.0 14.9 24.1 24.5 3.627  -40.5   18.5   11.4  27   -0.6  13 0 0 1 1 1 0 15.2 28.7 15.0 29.2 80.0 100 100 20 408 0 143 0 401 401 400 0 0 0 60 50 AUTO 0 
b.1 2025-08-15 06:57:17.756 a 2025-08-15-06:57:08 110 249 285 1.3 4.4 6.8 14.5 28.5 731.5 0.00 0 0.0 15.0 24.0 24.4 3.627  -41.2   18.5   10.1  27   -0.6  13 0 0 1 1 1 0 15.2 28.7 15.0 29.2 80.0 100 100 20 408 0 143 0 402 401 400 0 0 0 60 50 AUTO 0 
b.1 2025-08-15 06:58:11.933 a 2025-08-15-06:58:03 110 248 269 1.0 4.7 6.8 14.5 28.6 731.4 0.00 0 0.0 14.9 24.0 24.4 3.627  -39.9   18.5   10.1  27   -0.6  13 0 0 1 1 1 0 15.2 28.8 15.0 29.4 80.0 100 100 20 408 0 143 0 401 401 400 0 0 0 60 50 AUTO 0 
b.1 2025-08-15 06:59:19.569 a 2025-08-15-06:59:10 220 253 270 2.0 5.1 6.8 14.5 28.8 731.4 0.00 0 0.0 15.0 24.1 24.5 3.628  -40.9   18.5   11.3  27   -0.6  13 0 0 1 1 1 0 15.1 28.9 15.0 29.4 80.0 100 100 20 408 0 143 0 401 401 400 0 0 0 59 50 AUTO 0 
b.1 2025-08-15 07:00:19.115 a 2025-08-15-07:00:10 198 255 277 1.5 5.2 7.5 14.5 28.7 731.4 0.00 0 0.0 15.0 24.1 24.5 3.633  -39.6   18.5   11.5  28   -0.6  13 0 0 1 1 1 0 15.1 29.0 15.0 29.3 80.0 100 100 20 408 0 143 0 401 401 400 0 0 0 59 50 AUTO 0 
b.1 2025-08-15 07:01:17.430 a 2025-08-15-07:01:08 232 254 268 1.1 4.8 7.5 14.5 28.7 731.4 0.00 0 0.0 15.0 24.1 24.4 3.627  -39.5   18.5   10.9  28   -0.6  13 0 0 1 1 1 0 15.0 29.2 15.0 29.5 80.0 100 100 20 408 0 143 0 401 401 400 0 0 0 59 50 AUTO 0 
b.1 2025-08-15 07:02:13.611 a 2025-08-15-07:02:04 196 255 276 1.4 5.1 7.0 14.5 28.7 731.4 0.00 0 0.0 15.0 24.1 24.5 3.627  -40.9   18.5   11.9  28   -0.5  13 0 0 1 1 1 0 15.0 29.0 15.0 29.3 80.0 100 100 20 408 0 143 0 401 401 400 0 0 0 59 50 AUTO 0 
b.1 2025-08-15 07:03:19.052 a 2025-08-15-07:03:10 194 253 292 0.8 5.2 7.3 14.5 28.7 731.4 0.00 0 0.0 14.9 24.1 24.5 3.627  -40.4   18.5   12.6  28   -0.5  13 0 0 1 1 1 0 15.0 29.1 15.0 29.3 80.0 100 100 20 408 0 143 0 401 401 400 0 0 0 59 50 AUTO 0 
b.1 2025-08-15 07:04:11.154 a 2025-08-15-07:04:02 223 250 269 2.1 5.2 7.4 14.5 28.7 731.4 0.00 0 0.0 14.9 24.1 24.5 3.633  -40.4   18.5   12.5  28   -0.5  13 0 0 1 1 1 0 15.0 29.2 15.0 29.4 80.0 100 100 20 408 0 143 0 401 401 400 0 0 0 59 50 AUTO 0 
b.1 2025-08-15 07:05:26.575 a 2025-08-15-07:05:17 222 250 266 2.1 5.6 7.3 14.5 28.8 731.4 0.00 0 0.0 14.9 23.9 23.4 3.633  -41.4   18.5   13.3  28   -0.5  13 0 0 1 1 1 0 14.9 29.4 14.9 29.6 80.0 100 100 20 408 0 143 0 401 401 400 0 0 0 60 50 AUTO 0 
b.1 2025-08-15 07:06:11.654 a 2025-08-15-07:06:02 224 251 271 1.5 5.7 7.3 14.5 28.8 731.4 0.00 0 0.0 15.0 24.1 24.5 3.627  -41.1   18.5   13.6  28   -0.5  13 0 0 1 1 1 0 14.9 29.4 14.9 29.6 80.0 100 100 20 408 0 143 3 401 401 400 4 4 4 59 50 AUTO 0 
b.1 2025-08-15 07:07:11.637 a 2025-08-15-07:07:02 227 251 268 1.3 5.3 7.5 14.5 28.5 731.4 0.00 0 0.0 15.0 24.1 24.4 3.631  -41.0   18.5   12.5  28   -0.5  13 0 0 1 1 1 0 14.9 29.5 14.9 29.7 80.0 100 100 20 408 0 143 0 402 401 400 0 0 0 60 50 AUTO 0 
b.1 2025-08-15 07:08:13.374 a 2025-08-15-07:08:04 232 252 271 1.5 5.3 7.5 14.5 28.8 731.3 0.00 0 0.0 15.0 24.1 24.5 3.626  -41.2   18.4   12.5  28   -0.5  13 0 0 1 1 1 0 14.9 29.5 14.9 29.7 80.0 100 100 20 408 0 143 0 402 401 400 0 0 0 59 50 AUTO 0 
b.1 2025-08-15 07:09:14.496 a 2025-08-15-07:09:05 142 253 278 0.5 5.0 7.2 14.5 28.5 731.3 0.00 0 0.0 15.0 24.1 24.4 3.627  -40.5   18.4   12.1  28   -0.5  13 0 0 1 1 1 0 15.0 29.3 14.9 29.6 80.0 100 100 20 408 0 143 0 401 401 400 0 0 0 59 50 AUTO 0 
b.1 2025-08-15 07:10:14.061 a 2025-08-15-07:10:05 200 253 273 0.9 5.1 7.1 14.5 28.4 731.4 0.00 0 0.0 15.0 24.1 24.5 3.633  -41.0   18.4   12.4  28   -0.5  13 0 0 1 1 1 0 15.0 29.3 14.9 29.6 80.0 100 100 20 408 0 143 0 401 402 400 0 0 0 59 50 AUTO 0 
b.1 2025-08-15 07:11:16.415 a 2025-08-15-07:11:07 222 253 274 0.6 4.9 7.3 14.5 28.7 731.3 0.00 0 0.0 15.0 24.1 24.4 3.634  -40.9   18.4   11.4  28   -0.6  13 0 0 1 1 1 0 15.0 29.2 14.9 29.5 80.0 100 100 20 408 0 143 0 401 401 399 0 0 0 60 50 AUTO 0 
b.1 2025-08-15 07:12:12.694 a 2025-08-15-07:12:03 222 253 328 0.7 5.4 7.4 14.5 28.7 731.3 0.00 0 0.0 15.0 24.1 24.4 3.627  -41.4   18.4   12.4  28   -0.6  13 0 0 1 1 1 0 15.0 29.2 14.9 29.6 80.0 100 100 20 408 0 143 0 401 401 400 0 0 0 59 50 AUTO 0 
b.1 2025-08-15 07:13:11.776 a 2025-08-15-07:13:02 178 252 290 0.8 4.8 7.3 14.5 28.6 731.3 0.00 0 0.0 15.0 24.1 24.4 3.627  -40.8   18.4   11.7  28   -0.5  13 0 0 1 1 1 0 15.0 29.3 14.9 29.7 80.0 100 100 20 408 0 143 0 401 401 400 0 0 0 59 50 AUTO 0 
b.1 2025-08-15 07:14:11.835 a 2025-08-15-07:14:02 136 253 290 0.5 5.4 8.0 14.5 28.6 731.3 0.00 0 0.0 15.0 24.1 24.5 3.637  -41.0   18.4   12.0  28   -0.5  13 0 0 1 1 1 0 15.0 29.2 14.9 29.6 80.0 100 100 20 408 0 143 0 401 401 400 0 0 0 60 50 AUTO 0 
b.1 2025-08-15 07:15:15.818 a 2025-08-15-07:15:06 192 252 279 0.6 5.2 7.7 14.5 28.6 731.3 0.00 0 0.0 15.0 24.1 24.5 3.628  -41.8   18.4   12.3  28   -0.5  13 0 0 1 1 1 0 15.0 29.2 14.9 29.6 80.0 100 100 20 408 0 143 0 401 401 400 0 0 0 60 50 AUTO 0 
b.1 2025-08-15 07:16:12.039 a 2025-08-15-07:16:03 165 252 272 0.9 5.1 7.7 14.5 28.7 731.3 0.00 0 0.0 14.9 23.9 23.4 3.633  -40.9   18.4   12.0  28   -0.5  13 0 0 1 1 1 0 15.0 29.2 14.9 29.7 80.0 100 100 20 408 0 143 0 401 401 400 0 0 0 59 50 AUTO 0 
b.1 2025-08-15 07:17:18.375 a 2025-08-15-07:17:09 197 254 275 0.5 5.2 7.9 14.5 28.7 731.3 0.00 0 0.0 15.0 24.1 24.4 3.633  -41.4   18.4   12.6  28   -0.5  13 0 0 1 1 1 0 15.0 29.3 14.9 29.7 80.0 100 100 20 408 0 143 0 401 402 400 0 0 0 60 50 AUTO 0 
b.1 2025-08-15 07:18:12.657 a 2025-08-15-07:18:03 132 251 286 1.2 5.2 7.8 14.5 28.7 731.3 0.00 0 0.0 15.0 24.1 24.4 3.628  -40.7   18.4   12.6  28   -0.5  13 0 0 1 1 1 0 15.0 29.3 14.9 29.7 80.0 100 100 20 408 0 143 0 402 401 400 0 0 0 59 50 AUTO 0 
b.1 2025-08-15 07:19:12.078 a 2025-08-15-07:19:03 196 251 274 1.7 5.3 7.6 14.5 28.8 731.3 0.00 0 0.0 15.0 24.1 24.5 3.627  -40.6   18.4   13.3  28   -0.5  13 0 0 1 1 1 0 15.0 29.4 14.9 29.8 80.0 100 100 20 408 0 143 0 401 402 399 0 0 0 60 50 AUTO 0 
b.1 2025-08-15 07:20:12.118 a 2025-08-15-07:20:03 153 251 283 0.5 5.0 8.3 14.5 28.9 731.3 0.00 0 0.0 14.9 23.9 23.4 3.633  -40.2   18.4   12.2  28   -0.5  13 0 0 1 1 1 0 15.0 29.4 14.9 29.8 80.0 100 100 20 408 0 143 0 401 401 400 0 0 0 59 50 AUTO 0 
b.1 2025-08-15 07:21:14.015 a 2025-08-15-07:21:05 223 250 265 1.9 5.6 8.2 14.5 28.9 731.3 0.00 0 0.0 15.0 24.0 23.4 3.633  -42.3   18.3   13.2  28   -0.5  13 0 0 1 1 1 0 15.0 29.5 14.9 29.9 80.0 100 100 20 408 0 142 0 401 401 400 0 0 0 60 50 AUTO 0 
b.1 2025-08-15 07:22:15.821 a 2025-08-15-07:22:06 207 249 338 1.3 5.1 7.5 14.5 29.0 731.3 0.00 0 0.0 14.9 23.8 23.4 3.634  -41.7   18.3   12.8  28   -0.5  13 0 0 1 1 1 0 15.0 29.6 14.9 30.0 80.0 100 100 20 408 0 143 0 401 401 400 0 0 0 59 50 AUTO 0 
b.1 2025-08-15 07:23:19.016 a 2025-08-15-07:23:10 198 250 276 1.2 5.4 8.1 14.4 28.9 731.3 0.00 0 0.0 15.0 24.1 24.5 3.626  -39.9   18.3   12.7  28   -0.5  13 0 0 1 1 1 0 15.0 29.6 14.9 29.9 80.0 100 100 20 408 0 143 0 401 401 400 0 0 0 60 50 AUTO 0 
b.1 2025-08-15 07:24:13.763 a 2025-08-15-07:24:04 192 250 274 1.2 5.3 7.7 14.4 28.9 731.3 0.00 0 0.0 15.1 24.1 24.4 3.627  -40.7   18.3   12.7  28   -0.5  13 0 0 1 1 1 0 15.0 29.6 14.9 29.9 80.0 100 100 20 408 0 143 0 401 401 400 0 0 0 60 50 AUTO 0 
b.1 2025-08-15 07:25:12.957 a 2025-08-15-07:25:04 188 251 282 0.7 4.9 7.3 14.4 29.1 731.3 0.00 0 0.0 15.0 23.9 23.4 3.634  -41.8   18.3   11.9  28   -0.5  13 0 0 1 1 1 0 15.0 29.6 14.9 30.0 80.0 100 100 20 408 0 143 0 401 401 400 0 0 0 59 50 AUTO 0 
b.1 2025-08-15 07:26:12.341 a 2025-08-15-07:26:03 188 250 305 0.5 5.1 7.5 14.4 29.1 731.3 0.00 0 0.0 15.0 24.1 24.4 3.626  -40.8   18.3   11.9  28   -0.5  13 0 0 1 1 1 0 15.0 29.7 14.9 30.1 80.0 100 100 20 408 0 143 0 401 401 400 0 0 0 59 50 AUTO 0 
b.1 2025-08-15 07:27:15.552 a 2025-08-15-07:27:06 186 251 279 1.3 5.5 7.8 14.4 29.2 731.3 0.00 0 0.0 14.9 24.0 23.4 3.634  -41.6   18.3   12.9  28   -0.5  13 0 0 1 1 1 0 15.0 29.7 14.8 30.2 80.0 100 100 20 408 0 143 0 401 401 400 0 0 0 60 50 AUTO 0 
b.1 2025-08-15 07:28:13.298 a 2025-08-15-07:28:04 136 251 306 1.0 5.0 7.5 14.4 29.3 731.2 0.00 0 0.0 14.9 23.9 23.4 3.637  -42.1   18.3   12.2  28   -0.5  13 0 0 1 1 1 0 14.9 29.8 14.9 30.2 80.0 100 100 20 408 0 142 0 401 401 400 0 0 0 60 50 AUTO 0 
b.1 2025-08-15 07:29:12.680 a 2025-08-15-07:29:03 189 249 268 0.9 5.1 8.1 14.4 29.4 731.2 0.00 0 0.0 15.0 24.1 24.5 3.627  -41.1   18.3   12.2  28   -0.5  13 0 0 1 1 1 0 14.9 29.8 14.8 30.2 80.0 100 100 20 408 0 143 0 401 401 400 0 0 0 59 50 AUTO 0 
b.1 2025-08-15 07:30:14.957 a 2025-08-15-07:30:06 150 248 269 1.3 5.7 7.5 14.4 29.5 731.2 0.00 0 0.0 15.0 24.1 24.5 3.626  -40.6   18.2   13.6  28   -0.5  13 0 0 1 1 1 0 14.9 30.0 14.8 30.5 80.0 100 100 20 408 0 143 0 401 401 399 0 0 0 60 50 AUTO 0 
b.1 2025-08-15 07:31:11.480 a 2025-08-15-07:31:02 217 251 278 2.7 5.3 7.8 14.3 29.5 731.2 0.00 0 0.0 14.9 23.9 23.4 3.633  -41.2   18.2   12.8  28   -0.5  13 0 0 1 1 1 0 14.9 30.0 14.8 30.4 80.0 100 100 20 408 0 143 0 401 401 400 0 0 0 60 50 AUTO 0 
b.1 2025-08-15 07:32:13.878 a 2025-08-15-07:32:04 219 253 267 1.8 5.5 8.3 14.3 29.6 731.2 0.00 0 0.0 15.0 24.1 24.5 3.628  -40.6   18.2   13.5  28   -0.4  13 0 0 1 1 1 0 14.9 30.1 14.8 30.4 80.0 100 100 20 408 0 142 0 402 401 400 0 0 0 60 50 AUTO 0 
b.1 2025-08-15 07:33:13.836 a 2025-08-15-07:33:04 220 249 278 1.9 5.4 7.8 14.3 29.6 731.2 0.00 0 0.0 15.0 24.1 24.5 3.627  -40.5   18.2   13.0  28   -0.5  13 0 0 1 1 1 0 14.9 30.2 14.8 30.5 80.0 100 100 20 408 0 143 0 401 401 400 0 0 0 60 50 AUTO 0 
b.1 2025-08-15 07:34:12.757 a 2025-08-15-07:34:03 196 251 268 1.1 5.9 8.4 14.3 29.5 731.2 0.00 0 0.0 14.9 24.1 24.5 3.627  -41.2   18.2   14.6  28   -0.4  13 0 0 1 1 1 0 14.9 30.2 14.8 30.5 80.0 100 100 20 408 0 143 0 402 401 400 0 0 0 59 50 AUTO 0 
b.1 2025-08-15 07:35:13.901 a 2025-08-15-07:35:05 205 253 272 0.9 5.9 8.0 14.3 29.6 731.2 0.00 0 0.0 15.0 24.1 24.4 3.634  -40.9   18.2   14.6  28   -0.4  13 0 0 1 1 1 0 14.9 30.2 14.8 30.5 80.0 100 100 20 408 0 143 0 401 401 400 0 0 0 60 50 AUTO 0 
b.1 2025-08-15 07:36:12.638 a 2025-08-15-07:36:03 221 253 281 1.1 6.0 8.4 14.4 29.3 731.2 0.00 0 0.0 15.1 24.1 24.5 3.627  -40.7   18.2   15.4  28   -0.4  17 0 0 1 2 1 0 14.9 30.1 14.8 30.4 80.0 100 100 20 408 0 143 0 401 401 400 0 0 0 60 50 AUTO 0 
b.1 2025-08-15 07:37:12.762 a 2025-08-15-07:37:03 150 251 278 1.1 5.7 8.1 14.4 29.3 731.2 0.00 0 0.0 14.9 23.8 23.4 3.634  -41.6   18.2   15.0  28   -0.4  13 0 0 1 2 1 0 14.9 30.0 14.8 30.4 80.0 100 100 20 408 0 143 0 401 402 400 0 0 0 59 50 AUTO 0 
b.1 2025-08-15 07:38:17.401 a 2025-08-15-07:38:08 204 250 274 0.7 5.6 8.4 14.4 29.3 731.2 0.00 0 0.0 15.0 24.1 24.4 3.633  -41.5   18.2   14.2  28   -0.4  13 0 0 1 1 1 0 14.9 30.0 14.8 30.3 80.0 100 100 20 408 0 142 0 401 401 400 0 0 0 60 50 AUTO 0 
b.1 2025-08-15 07:39:16.052 a 2025-08-15-07:39:07 230 250 271 1.7 5.9 8.5 14.4 29.3 731.2 0.00 0 0.0 15.0 24.1 24.5 3.627  -41.3   18.2   14.2  28   -0.4  13 0 0 1 1 1 0 14.9 30.1 14.8 30.3 80.0 100 100 20 408 0 143 0 402 401 400 0 0 0 59 50 AUTO 0 
b.1 2025-08-15 07:40:14.598 a 2025-08-15-07:40:05 196 248 271 2.2 5.5 7.9 14.4 29.4 731.2 0.00 0 0.0 15.0 24.1 24.4 3.627  -41.0   18.2   14.2  28   -0.4  14 0 0 1 1 1 0 14.8 30.1 14.8 30.4 80.0 100 100 20 408 0 143 0 401 401 399 0 0 0 59 50 AUTO 0 
b.1 2025-08-15 07:41:12.121 a 2025-08-15-07:41:03 226 246 267 2.4 5.8 8.0 14.4 29.5 731.1 0.00 0 0.0 15.0 24.0 23.4 3.633  -41.1   18.2   14.5  28   -0.4  14 0 0 1 1 1 0 14.8 30.2 14.8 30.5 80.0 100 100 20 408 0 143 0 401 401 400 0 0 0 59 50 AUTO 0 
b.1 2025-08-15 07:42:13.219 a 2025-08-15-07:42:04 144 243 269 0.8 5.9 7.9 14.4 29.5 731.2 0.00 0 0.0 15.0 24.1 24.5 3.634  -41.8   18.2   15.4  28   -0.4  14 0 0 1 2 1 0 14.8 30.3 14.8 30.5 80.0 100 100 20 408 0 143 0 401 401 400 0 0 0 60 50 AUTO 0 
b.1 2025-08-15 07:43:11.301 a 2025-08-15-07:43:02 218 246 267 2.1 6.1 8.0 14.4 29.5 731.2 0.00 0 0.0 14.9 23.9 23.4 3.633  -41.9   18.2   15.8  28   -0.4  14 0 0 1 2 1 0 14.8 30.4 14.8 30.6 80.0 100 100 20 408 0 143 0 401 401 400 0 0 0 60 50 AUTO 0 
b.1 2025-08-15 07:44:16.224 a 2025-08-15-07:44:07 224 246 263 2.6 6.1 8.1 14.3 29.6 731.1 0.00 0 0.0 14.9 24.0 24.5 3.633  -40.8   18.2   15.8  28   -0.4  14 0 0 1 2 1 0 14.8 30.4 14.8 30.6 80.0 100 100 20 408 0 143 0 401 401 400 0 0 0 60 50 AUTO 0 
b.1 2025-08-15 07:45:21.036 a 2025-08-15-07:45:12 216 248 274 1.9 5.5 8.0 14.3 29.7 731.1 0.00 0 0.0 14.9 24.1 24.5 3.626  -42.4   18.1   14.8  28   -0.4  14 0 0 1 1 1 0 14.8 30.4 14.8 30.6 80.0 100 100 20 408 0 143 0 401 401 400 0 0 0 59 50 AUTO 0 
b.1 2025-08-15 07:46:22.336 a 2025-08-15-07:46:13 176 247 269 1.5 6.1 8.0 14.3 29.6 731.1 0.00 0 0.0 15.0 24.1 24.5 3.627  -41.9   18.1   15.7  28   -0.4  14 0 0 1 2 1 0 14.8 30.4 14.8 30.6 80.0 100 100 20 408 0 143 0 401 402 400 0 0 0 60 50 AUTO 0 
b.1 2025-08-15 07:47:15.187 a 2025-08-15-07:47:06 180 250 270 1.2 5.6 8.0 14.3 29.6 731.1 0.00 0 0.0 15.0 24.1 24.4 3.628  -40.0   18.1   14.4  28   -0.4  14 0 0 1 1 1 0 14.8 30.2 14.8 30.5 80.0 100 100 20 408 0 143 0 401 401 400 0 0 0 60 50 AUTO 0 
b.1 2025-08-15 07:48:13.082 a 2025-08-15-07:48:04 146 249 268 0.8 5.4 7.9 14.3 29.5 731.1 0.00 0 0.0 14.9 24.0 23.4 3.634  -40.8   18.1   13.9  28   -0.4  14 0 0 1 1 1 0 14.8 30.1 14.8 30.4 80.0 100 100 20 408 0 143 0 401 401 400 0 0 0 59 50 AUTO 0 
b.1 2025-08-15 07:49:18.085 a 2025-08-15-07:49:09 214 250 287 1.2 5.7 8.2 14.3 29.3 731.1 0.00 0 0.0 15.0 24.0 24.4 3.628  -42.0   18.1   14.4  28   -0.4  14 0 0 1 1 1 0 14.8 29.9 14.8 30.2 80.0 100 100 20 408 0 143 0 401 402 400 0 0 0 59 50 AUTO 0 
b.1 2025-08-15 07:50:20.186 a 2025-08-15-07:50:11 183 250 282 0.4 6.0 8.5 14.3 29.4 731.1 0.00 0 0.0 15.0 24.1 24.5 3.626  -41.3   18.1   14.8  28   -0.4  14 0 0 1 1 1 0 14.9 29.8 14.8 30.2 80.0 100 100 20 408 0 143 0 401 401 400 0 0 0 60 50 AUTO 0 
b.1 2025-08-15 07:51:13.723 a 2025-08-15-07:51:04 219 249 344 1.2 5.8 8.2 14.3 29.3 731.1 0.00 0 0.0 15.1 24.1 24.5 3.627  -41.1   18.1   14.3  28   -0.4  14 0 0 1 1 1 0 14.9 29.8 14.8 30.2 80.0 100 100 20 408 0 143 0 401 401 400 0 0 0 60 50 AUTO 0 
b.1 2025-08-15 07:52:22.461 a 2025-08-15-07:52:13 212 244 277 1.5 5.6 7.7 14.3 29.4 731.1 0.00 0 0.0 14.9 23.9 24.5 3.634  -42.5   18.1   14.8  28   -0.4  14 0 0 1 1 1 0 14.9 30.0 14.8 30.4 80.0 100 100 20 408 0 143 0 401 402 400 0 0 0 60 50 AUTO 0 
b.1 2025-08-15 07:53:12.982 a 2025-08-15-07:53:04 224 242 266 2.9 6.6 8.5 14.3 29.5 731.1 0.00 0 0.0 15.0 24.1 24.5 3.628  -42.4   18.1   17.5  28   -0.4  14 0 0 1 2 1 0 14.9 30.1 14.7 30.5 80.0 100 100 20 408 0 143 10 401 401 399 0 0 0 59 50 AUTO 0 
b.1 2025-08-15 07:54:11.585 a 2025-08-15-07:54:02 220 244 265 2.8 6.1 7.9 14.3 29.5 731.1 0.00 0 0.0 15.0 24.1 24.4 3.627  -41.5   18.1   17.1  28   -0.4  14 0 0 1 2 1 0 14.9 30.1 14.7 30.5 80.0 100 100 20 408 0 143 0 401 401 400 0 0 0 59 50 AUTO 0 
b.1 2025-08-15 07:55:15.240 a 2025-08-15-07:55:06 216 242 272 2.8 6.8 8.2 14.3 29.5 731.1 0.00 0 0.0 15.0 24.1 24.5 3.627  -41.8   18.1   18.6  28   -0.4  14 0 0 1 2 1 0 14.9 30.1 14.7 30.5 80.0 100 100 20 408 0 143 0 401 401 400 0 0 0 59 50 AUTO 0 
b.1 2025-08-15 07:56:13.463 a 2025-08-15-07:56:04 199 244 268 2.4 6.3 8.3 14.3 29.4 731.1 0.00 0 0.0 15.0 24.1 24.5 3.627  -42.4   18.1   18.2  28   -0.4  14 0 0 1 2 1 0 14.8 30.1 14.7 30.5 80.0 100 100 20 408 0 142 0 401 402 400 0 0 0 60 50 AUTO 0 
b.1 2025-08-15 07:57:13.683 a 2025-08-15-07:57:04 228 246 269 1.9 6.4 8.6 14.3 29.4 731.1 0.00 0 0.0 14.9 23.9 23.4 3.634  -41.7   18.1   18.2  28   -0.4  14 0 0 1 2 1 0 14.8 30.0 14.7 30.5 80.0 100 100 20 408 0 143 0 401 401 400 0 0 0 59 50 AUTO 0 
b.1 2025-08-15 07:58:13.581 a 2025-08-15-07:58:04 221 245 273 1.8 5.4 8.7 14.3 29.4 731.1 0.00 0 0.0 14.9 24.1 24.4 3.627  -40.2   18.2   15.8  29   -0.4  15 0 0 1 2 1 0 14.8 30.2 14.7 30.6 80.0 100 100 20 408 0 143 0 401 401 400 0 0 0 60 50 AUTO 0 
b.1 2025-08-15 07:59:17.289 a 2025-08-15-07:59:08 226 248 283 3.2 6.5 8.6 14.3 29.3 731.1 0.00 0 0.0 15.0 24.1 24.5 3.628  -41.9   18.2   17.2  29   -0.4  15 0 0 1 2 1 0 14.8 30.1 14.6 30.6 80.0 100 100 20 408 0 143 0 401 401 400 0 0 0 59 50 AUTO 0 
b.1 2025-08-15 08:00:14.223 a 2025-08-15-08:00:05 200 244 267 1.1 6.0 8.5 14.3 29.2 731.1 0.00 0 0.0 15.0 24.1 24.5 3.634  -41.0   18.1   17.1  28   -0.4  15 0 0 1 2 1 0 14.8 30.0 14.7 30.5 80.0 100 100 20 408 0 143 0 402 401 400 0 0 0 60 50 AUTO 0 
b.1 2025-08-15 08:01:13.562 a 2025-08-15-08:01:04 200 246 267 1.6 5.4 7.8 14.3 29.2 731.1 0.00 0 0.0 14.9 23.8 23.4 3.633  -42.4   18.1   14.8  28   -0.4  15 0 0 1 1 1 0 14.8 30.0 14.6 30.5 80.0 100 100 20 408 0 143 0 402 401 400 0 0 0 59 50 AUTO 0 
b.1 2025-08-15 08:02:12.263 a 2025-08-15-08:02:03 223 246 265 2.8 6.1 8.8 14.3 29.2 731.1 0.00 0 0.0 15.0 24.1 24.5 3.626  -42.4   18.2   15.8  29   -0.4  15 0 0 1 2 1 0 14.7 30.0 14.6 30.4 80.0 100 100 20 408 0 143 0 400 402 400 0 0 0 59 50 AUTO 0 
b.1 2025-08-15 08:03:13.928 a 2025-08-15-08:03:05 218 245 265 1.2 6.3 8.2 14.3 29.2 731.1 0.00 0 0.0 15.1 24.1 24.5 3.627  -42.4   18.1   16.7  28   -0.4  15 0 0 1 2 1 0 14.7 30.1 14.6 30.4 80.0 100 100 20 408 0 139 0 401 401 400 0 0 0 59 50 AUTO 0 
b.1 2025-08-15 08:04:16.345 a 2025-08-15-08:04:07 206 243 266 2.7 6.2 8.7 14.3 29.1 731.0 0.00 0 0.0 15.0 24.0 24.5 3.627  -41.9   18.1   16.7  28   -0.4  15 0 0 1 2 1 0 14.7 30.0 14.6 30.4 80.0 100 100 20 408 0 143 0 401 401 400 0 0 0 60 50 AUTO 0 
b.1 2025-08-15 08:05:19.048 a 2025-08-15-08:05:10 219 245 273 2.0 6.3 8.9 14.3 29.1 731.0 0.00 0 0.0 15.0 24.0 24.5 3.628  -40.9   18.1   17.7  28   -0.4  15 0 0 1 2 1 0 14.7 30.0 14.6 30.4 80.0 100 100 20 408 0 143 0 401 401 399 0 0 0 59 50 AUTO 0 
b.1 2025-08-15 08:06:09.848 a 2025-08-15-08:06:00 166 245 274 0.6 6.1 8.9 14.3 29.1 731.0 0.00 0 0.0 14.9 24.0 23.4 3.633  -42.3   18.1   17.1  28   -0.4  15 0 0 1 2 1 0 14.7 30.0 14.6 30.4 80.0 100 100 20 408 0 143 0 401 401 399 0 0 0 60 50 AUTO 0 
b.1 2025-08-15 08:07:11.384 a 2025-08-15-08:07:02 206 248 274 1.8 6.1 9.0 14.3 29.1 731.0 0.00 0 0.0 15.0 24.1 24.5 3.627  -41.3   18.1   17.1  28   -0.4  15 0 0 1 2 1 0 14.7 29.9 14.6 30.5 80.0 100 100 20 408 0 143 0 401 401 399 0 0 0 60 50 AUTO 0 
b.1 2025-08-15 08:08:16.065 a 2025-08-15-08:08:07 222 243 264 2.9 6.1 7.8 14.3 29.1 731.0 0.00 0 0.0 15.0 24.1 24.5 3.627  -42.2   18.1   17.1  28   -0.4  15 0 0 1 2 1 0 14.7 30.0 14.6 30.4 80.0 100 100 20 408 0 143 0 401 401 400 0 0 0 59 50 AUTO 0 
b.1 2025-08-15 08:09:12.244 a 2025-08-15-08:09:03 213 241 268 2.9 5.8 7.7 14.3 29.1 731.0 0.00 0 0.0 15.0 24.0 24.4 3.627  -41.0   18.1   16.1  28   -0.4  15 0 0 1 2 1 0 14.7 29.8 14.6 30.2 80.0 100 100 20 408 0 143 0 401 401 400 0 0 0 59 50 AUTO 0 
b.1 2025-08-15 08:10:17.289 a 2025-08-15-08:10:08 217 242 264 2.4 6.1 8.2 14.3 29.1 731.0 0.00 0 0.0 15.0 24.1 24.5 3.633  -42.7   18.1   16.1  28   -0.4  15 0 0 1 2 1 0 14.7 29.9 14.6 30.2 80.0 100 100 20 408 0 143 0 402 401 400 0 0 0 60 50 AUTO 0 
b.1 2025-08-15 08:11:12.865 a 2025-08-15-08:11:03 117 242 270 1.6 5.8 8.7 14.3 29.1 731.0 0.00 0 0.0 14.9 23.9 23.4 3.634  -41.7   18.1   14.8  28   -0.4   5 0 0 1 1 1 0 14.7 29.8 14.6 30.2 80.0 100 100 20 408 0 143 0 401 402 399 0 0 0 60 50 AUTO 0 
b.1 2025-08-15 08:12:10.428 a 2025-08-15-08:12:01 216 244 266 1.9 6.0 8.3 14.3 29.1 731.0 0.00 0 0.0 15.0 24.1 24.5 3.627  -41.5   18.1   15.6  28   -0.4  12 0 0 1 2 1 0 14.6 29.9 14.6 30.2 80.0 100 100 20 408 0 143 0 401 401 400 0 0 0 59 50 AUTO 0 
b.1 2025-08-15 08:13:14.128 a 2025-08-15-08:13:05 219 245 276 2.5 5.7 9.4 14.3 29.2 731.0 0.00 0 0.0 15.0 24.1 24.5 3.628  -40.3   18.1   14.8  28   -0.4  16 0 0 1 1 1 0 14.6 30.0 14.6 30.3 80.0 100 100 20 408 0 142 0 401 401 400 0 0 0 59 50 AUTO 0 
b.1 2025-08-15 08:14:18.065 a 2025-08-15-08:14:09 217 246 271 1.3 5.7 8.8 14.3 29.3 731.0 0.00 0 0.0 15.0 24.1 24.5 3.627  -41.2   18.1   15.6  28   -0.4  14 0 0 1 2 1 0 14.6 30.1 14.6 30.4 80.0 100 100 20 408 0 143 0 401 401 400 0 0 0 59 50 AUTO 0 
b.1 2025-08-15 08:15:14.065 a 2025-08-15-08:15:05 214 247 268 1.8 6.1 8.3 14.3 29.3 731.0 0.00 0 0.0 15.0 24.1 24.5 3.633  -40.8   18.1   16.2  28   -0.4  14 0 0 1 2 1 0 14.6 30.1 14.6 30.5 80.0 100 100 20 408 0 143 0 401 401 399 0 0 0 59 50 AUTO 0 
b.1 2025-08-15 08:16:12.894 a 2025-08-15-08:16:03 176 243 273 2.4 5.7 7.7 14.3 29.3 731.0 0.00 0 0.0 14.9 23.8 23.4 3.634  -41.7   18.1   15.2  28   -0.4  14 0 0 1 2 1 0 14.6 30.1 14.6 30.5 80.0 100 100 20 408 0 143 0 401 401 400 0 0 0 60 50 AUTO 0 
b.1 2025-08-15 08:17:11.296 a 2025-08-15-08:17:02 191 245 276 0.8 5.5 8.0 14.3 29.2 731.0 0.00 0 0.0 14.9 23.9 23.4 3.634  -40.6   18.1   14.8  28   -0.4  14 0 0 1 1 1 0 14.6 30.2 14.6 30.5 80.0 100 100 20 408 0 143 0 401 401 400 0 0 0 60 50 AUTO 0 
b.1 2025-08-15 08:18:13.831 a 2025-08-15-08:18:04 200 241 262 1.3 5.8 8.3 14.3 29.2 731.0 0.00 0 0.0 14.9 24.1 24.5 3.627  -40.9   18.1   15.6  28   -0.4  14 0 0 1 2 1 0 14.6 30.2 14.5 30.5 80.0 100 100 20 408 0 142 0 401 401 400 0 0 0 60 50 AUTO 0 
b.1 2025-08-15 08:19:12.609 a 2025-08-15-08:19:03 221 241 270 2.5 6.2 8.0 14.2 29.4 730.9 0.00 0 0.0 14.9 24.1 24.5 3.627  -41.5   18.1   16.6  28   -0.4  14 0 0 1 2 1 0 14.6 30.1 14.5 30.4 80.0 100 100 20 408 0 142 0 401 401 400 0 0 0 59 50 AUTO 0 
b.1 2025-08-15 08:20:18.867 a 2025-08-15-08:20:09 217 244 271 1.6 6.4 8.1 14.2 29.4 731.0 0.00 0 0.0 15.1 24.1 24.5 3.628  -41.3   18.1   17.6  28   -0.4  14 0 0 1 2 1 0 14.6 30.3 14.5 30.6 80.0 100 100 20 408 0 142 0 401 401 400 0 0 0 59 50 AUTO 0 
b.1 2025-08-15 08:21:13.190 a 2025-08-15-08:21:04 221 245 271 2.6 5.8 8.2 14.2 29.5 730.9 0.00 0 0.0 14.9 24.1 24.5 3.635  -41.8   18.1   16.1  28   -0.4  14 0 0 1 2 1 0 14.6 30.4 14.6 30.7 80.0 100 100 20 408 0 143 0 402 401 400 0 0 0 59 50 AUTO 0 
b.1 2025-08-15 08:22:14.066 a 2025-08-15-08:22:05 208 243 265 2.3 6.1 8.6 14.3 29.7 730.9 0.00 0 0.0 15.0 24.1 24.4 3.627  -41.2   18.1   16.7  29   -0.4  14 0 0 1 2 1 0 14.6 30.5 14.6 30.7 80.0 100 100 20 408 0 143 0 401 401 400 0 0 0 60 50 AUTO 0 
b.1 2025-08-15 08:23:13.269 a 2025-08-15-08:23:04 161 244 266 2.2 5.8 8.0 14.3 29.4 730.9 0.00 0 0.0 15.0 24.1 24.5 3.627  -40.9   18.1   16.2  29   -0.4  14 0 0 1 2 1 0 14.6 30.3 14.6 30.6 80.0 100 100 20 408 0 143 0 400 401 400 0 0 0 59 50 AUTO 0 
b.1 2025-08-15 08:24:12.191 a 2025-08-15-08:24:03 216 248 267 1.9 5.7 8.4 14.3 29.3 730.9 0.00 0 0.0 14.9 24.0 23.4 3.633  -40.7   18.1   15.3  29   -0.4  14 0 0 1 2 1 0 14.6 30.3 14.6 30.6 80.0 100 100 20 408 0 142 0 401 401 400 0 0 0 59 50 AUTO 0 
b.1 2025-08-15 08:25:19.388 a 2025-08-15-08:25:10 223 247 267 3.5 6.1 8.0 14.3 29.4 730.9 0.00 0 0.0 15.0 23.9 23.4 3.634  -41.3   18.1   15.8  29   -0.4  14 0 0 1 2 1 0 14.6 30.5 14.5 30.6 80.0 100 100 20 408 0 142 0 401 401 400 0 0 0 60 50 AUTO 0 
b.1 2025-08-15 08:26:13.091 a 2025-08-15-08:26:04 181 245 267 1.1 5.5 7.4 14.3 29.6 730.9 0.00 0 0.0 15.0 23.9 23.4 3.634  -42.0   18.2   14.5  29   -0.3  14 0 0 1 1 1 0 14.5 30.5 14.6 30.7 80.0 100 100 20 408 0 142 0 401 401 400 0 0 0 59 50 AUTO 0 
b.1 2025-08-15 08:27:12.891 a 2025-08-15-08:27:03 138 249 278 1.3 5.6 8.2 14.3 29.7 730.9 0.00 0 0.0 15.0 23.9 23.4 3.634  -41.3   18.1   15.3  29   -0.3  14 0 0 1 2 1 0 14.5 30.7 14.5 30.8 80.0 100 100 20 408 0 142 0 401 401 400 0 0 0 60 50 AUTO 0 
b.1 2025-08-15 08:28:13.608 a 2025-08-15-08:28:04 116 247 297 0.8 5.9 8.3 14.2 29.7 730.9 0.00 0 0.0 15.0 24.1 24.5 3.635  -41.3   18.1   15.7  29   -0.3  14 0 0 1 2 1 0 14.5 30.7 14.5 30.8 80.0 100 100 20 408 0 142 0 401 401 400 0 0 0 60 50 AUTO 0 
b.1 2025-08-15 08:29:12.351 a 2025-08-15-08:29:03 219 247 269 2.1 6.0 8.4 14.2 29.6 730.9 0.00 0 0.0 15.0 24.1 24.5 3.627  -41.1   18.1   15.6  29   -0.3  14 0 0 1 2 1 0 14.5 30.6 14.5 30.7 80.0 100 100 20 408 0 143 0 401 401 400 0 0 0 59 50 AUTO 0 
b.1 2025-08-15 08:30:14.230 a 2025-08-15-08:30:05 213 248 276 0.8 5.1 7.9 14.2 29.5 730.8 0.00 0 0.0 14.9 23.9 23.4 3.633  -41.0   18.1   13.9  29   -0.3  14 0 0 1 1 1 0 14.5 30.6 14.5 30.7 80.0 100 100 20 408 0 143 0 401 401 400 0 0 0 60 50 AUTO 0 
b.1 2025-08-15 08:31:17.332 a 2025-08-15-08:31:08 224 249 272 1.5 6.3 9.1 14.2 29.5 730.9 0.00 0 0.0 15.0 24.1 24.5 3.629  -41.2   18.1   15.6  29   -0.3  14 0 0 1 2 1 0 14.5 30.5 14.5 30.6 80.0 100 100 20 408 0 143 0 402 401 400 0 0 0 60 50 AUTO 0 
b.1 2025-08-15 08:32:15.299 a 2025-08-15-08:32:06 175 246 267 1.0 6.1 7.9 14.3 29.4 730.9 0.00 0 0.0 15.1 24.1 24.5 3.627  -41.5   18.1   15.9  29   -0.4  14 0 0 1 2 1 0 14.5 30.4 14.5 30.6 80.0 100 100 20 408 0 143 0 401 401 400 0 0 0 59 50 AUTO 0 
b.1 2025-08-15 08:33:22.665 a 2025-08-15-08:33:13 222 246 275 1.5 6.4 8.7 14.3 29.3 730.8 0.00 0 0.0 15.0 24.1 24.4 3.627  -41.7   18.1   17.4  29   -0.4  14 0 0 1 2 1 0 14.5 30.4 14.5 30.7 80.0 100 100 20 408 0 143 0 401 401 400 0 0 0 60 50 AUTO 0 
b.1 2025-08-15 08:34:18.211 a 2025-08-15-08:34:09 180 247 272 1.1 6.7 9.0 14.3 29.4 730.9 0.00 0 0.0 15.0 24.1 24.4 3.627  -41.1   18.1   17.9  29   -0.4  14 0 0 1 2 1 0 14.5 30.5 14.5 30.7 80.0 100 100 20 408 0 143 0 401 402 399 0 0 0 60 50 AUTO 0 
b.1 2025-08-15 08:35:17.513 a 2025-08-15-08:35:08 137 243 270 1.1 5.7 8.4 14.3 29.3 730.9 0.00 0 0.0 15.1 24.1 24.4 3.633  -41.7   18.1   16.0  29   -0.4  14 0 0 1 2 1 0 14.6 30.6 14.5 30.9 80.0 100 100 20 408 0 143 0 401 401 399 0 0 0 59 50 AUTO 0 
b.1 2025-08-15 08:36:12.776 a 2025-08-15-08:36:03 219 246 269 2.9 6.4 8.4 14.3 29.2 730.9 0.00 0 0.0 15.0 24.1 24.4 3.627  -41.2   18.1   18.0  29   -0.4  14 0 0 1 2 1 0 14.6 30.5 14.5 30.8 80.0 100 100 20 408 0 143 0 401 401 400 0 0 0 59 50 AUTO 0 
b.1 2025-08-15 08:37:19.571 a 2025-08-15-08:37:10 214 244 274 2.0 6.9 9.2 14.3 29.2 730.9 0.00 0 0.0 15.0 24.1 24.5 3.626  -42.1   18.1   18.4  29   -0.4  14 0 0 1 2 1 0 14.6 30.4 14.5 30.6 80.0 100 100 20 408 0 143 0 401 401 400 0 0 0 60 50 AUTO 0 
b.1 2025-08-15 08:38:12.832 a 2025-08-15-08:38:03 221 245 274 2.2 6.8 8.6 14.3 29.1 730.9 0.00 0 0.0 14.9 24.1 24.5 3.628  -41.5   18.1   20.1  29   -0.4  14 0 0 1 2 1 0 14.6 30.3 14.5 30.6 80.0 100 100 20 408 0 143 0 401 401 400 0 0 0 59 50 AUTO 0 
b.1 2025-08-15 08:39:22.769 a 2025-08-15-08:39:13 224 244 274 3.4 6.2 8.3 14.3 29.1 730.8 0.00 0 0.0 14.9 24.0 23.4 3.634  -42.7   18.1   18.5  29   -0.4  15 0 0 1 2 1 0 14.6 30.2 14.5 30.6 80.0 100 100 20 408 0 143 0 401 401 400 0 0 0 59 50 AUTO 0 
b.1 2025-08-15 08:40:13.371 a 2025-08-15-08:40:04 123 242 267 1.0 6.5 9.4 14.2 29.0 730.8 0.00 0 0.0 15.1 24.1 24.5 3.627  -41.3   18.1   18.0  29   -0.4  15 0 0 1 2 1 0 14.6 30.2 14.5 30.6 80.0 100 100 20 408 0 143 0 401 402 400 0 0 0 60 50 AUTO 0 
b.1 2025-08-15 08:41:12.813 a 2025-08-15-08:41:03 199 244 268 1.3 6.3 9.5 14.2 28.9 730.8 0.00 0 0.0 15.0 24.1 24.5 3.627  -42.3   18.1   18.0  29   -0.4  15 0 0 1 2 1 0 14.6 29.5 14.5 30.0 80.0 100 100 20 408 0 143 0 401 401 400 0 0 0 59 50 AUTO 0 
b.1 2025-08-15 08:42:13.351 a 2025-08-15-08:42:04 176 245 272 0.8 5.8 9.2 14.2 28.9 730.8 0.00 0 0.0 15.0 24.0 23.4 3.634  -41.3   18.1   16.4  28   -0.5  15 0 0 1 2 1 0 14.6 29.5 14.5 29.9 80.0 100 100 20 408 0 143 0 401 401 400 0 0 0 59 50 AUTO 0 
b.1 2025-08-15 08:43:11.953 a 2025-08-15-08:43:03 126 245 274 1.6 6.5 9.3 14.2 28.9 730.8 0.00 0 0.0 14.9 23.9 23.4 3.633  -42.9   18.1   18.3  28   -0.5  15 0 0 1 2 1 0 14.5 29.5 14.5 29.8 80.0 100 100 20 408 0 143 0 401 401 400 0 0 0 59 50 AUTO 0 
b.1 2025-08-15 08:44:14.631 a 2025-08-15-08:44:05 212 246 277 2.7 6.6 9.2 14.2 28.8 730.8 0.00 0 0.0 14.9 24.1 24.5 3.628  -43.2   18.0   18.7  28   -0.5  15 0 0 1 2 1 0 14.5 29.3 14.5 29.6 80.0 100 100 20 408 0 143 0 402 401 400 0 0 0 59 50 AUTO 0 
b.1 2025-08-15 08:45:16.851 a 2025-08-15-08:45:07 134 247 356 1.0 6.4 9.6 14.2 28.6 730.8 0.00 0 0.0 15.0 24.1 24.5 3.627  -41.8   18.0   18.2  28   -0.5  15 0 0 1 2 1 0 14.5 29.4 14.4 29.7 80.0 100 100 20 408 0 143 0 401 401 400 0 0 0 59 50 AUTO 0 
b.1 2025-08-15 08:46:18.934 a 2025-08-15-08:46:09 218 245 271 2.5 7.1 10.5 14.2 28.3 730.8 0.00 0 0.0 15.0 24.1 24.5 3.627  -41.8   18.0   20.3  28   -0.6  15 0 0 1 2 1 0 14.5 29.0 14.4 29.4 80.0 100 100 20 408 0 143 0 401 401 400 0 0 0 59 50 AUTO 0 
b.1 2025-08-15 08:47:12.372 a 2025-08-15-08:47:03 209 246 270 3.2 6.8 9.4 14.2 28.3 730.8 0.00 0 0.0 14.9 23.9 23.4 3.634  -41.8   18.0   19.7  28   -0.6  15 0 0 1 2 1 0 14.5 29.0 14.5 29.4 80.0 100 100 20 408 0 143 0 401 401 400 0 0 0 60 50 AUTO 0 
b.1 2025-08-15 08:48:13.673 a 2025-08-15-08:48:04 217 246 265 2.2 7.0 9.4 14.3 28.3 730.7 0.00 0 0.0 14.9 23.9 23.4 3.634  -42.4   18.0   20.3  28   -0.6  15 0 0 1 2 1 0 14.5 29.0 14.5 29.4 80.0 100 100 20 408 0 143 0 401 401 400 0 0 0 60 50 AUTO 0 
b.1 2025-08-15 08:49:11.713 a 2025-08-15-08:49:02 207 244 268 2.1 6.0 9.0 14.3 28.3 730.7 0.00 0 0.0 15.0 24.1 24.5 3.627  -42.0   18.0   17.5  28   -0.6  15 0 0 1 2 1 0 14.5 29.1 14.5 29.4 80.0 100 100 20 408 0 143 0 402 401 400 0 0 0 59 50 AUTO 0 
b.1 2025-08-15 08:50:15.832 a 2025-08-15-08:50:06 167 243 264 0.7 6.6 10.0 14.2 28.2 730.7 0.00 0 0.0 15.0 24.1 24.5 3.628  -41.1   18.0   18.5  28   -0.6  15 0 0 1 2 1 0 14.5 29.0 14.4 29.3 80.0 100 100 20 408 0 143 0 401 401 400 0 0 0 60 50 AUTO 0 
b.1 2025-08-15 08:51:18.433 a 2025-08-15-08:51:09 183 246 278 1.3 6.7 9.2 14.2 28.2 730.7 0.00 0 0.0 14.9 24.1 24.5 3.627  -40.6   18.0   18.5  28   -0.6  15 0 0 1 2 1 0 14.5 28.9 14.5 29.2 80.0 100 100 20 408 0 143 0 401 401 400 0 0 0 59 50 AUTO 0 
b.1 2025-08-15 08:52:16.525 a 2025-08-15-08:52:07 172 246 269 1.0 5.9 8.9 14.2 28.2 730.7 0.00 0 0.0 14.9 24.1 24.5 3.628  -40.6   18.0   16.4  28   -0.6  15 0 0 1 2 1 0 14.5 29.0 14.4 29.4 80.0 100 100 20 408 0 143 0 401 401 400 0 0 0 59 50 AUTO 0 
b.1 2025-08-15 08:53:13.423 a 2025-08-15-08:53:04 225 249 273 1.6 7.0 10.3 14.2 28.1 730.7 0.00 0 0.0 15.0 24.1 24.5 3.633  -42.2   18.0   18.9  28   -0.7  15 0 0 1 2 1 0 14.5 28.5 14.4 28.8 80.0 100 100 20 408 0 143 0 401 401 400 0 0 0 59 50 AUTO 0 
b.1 2025-08-15 08:54:14.161 a 2025-08-15-08:54:05 181 246 272 0.8 6.5 9.3 14.2 28.1 730.7 0.00 0 0.0 15.0 24.1 24.5 3.627  -42.8   18.0   18.9  28   -0.7  15 0 0 1 2 1 0 14.5 28.5 14.4 28.8 80.0 100 100 20 408 0 143 0 401 401 400 0 0 0 60 50 AUTO 0 
b.1 2025-08-15 08:55:13.275 a 2025-08-15-08:55:04 216 246 266 2.1 7.0 9.8 14.2 27.8 730.7 0.00 0 0.0 14.9 23.7 23.4 3.633  -41.7   18.0   20.0  28   -0.8  15 0 0 1 2 1 0 14.5 28.5 14.4 28.8 80.0 100 100 20 408 0 143 0 401 401 399 0 0 0 59 50 AUTO 0 
b.1 2025-08-15 08:56:11.875 a 2025-08-15-08:56:02 199 243 272 1.7 6.7 9.7 14.2 28.1 730.7 0.00 0 0.0 15.0 24.1 24.5 3.627  -41.2   17.9   19.9  28   -0.8  15 0 0 1 2 1 0 14.5 28.6 14.4 29.0 80.0 100 100 20 408 0 143 0 402 401 400 0 0 0 59 50 AUTO 0 
b.1 2025-08-15 08:57:19.444 a 2025-08-15-08:57:10 215 247 276 2.3 7.0 9.5 14.2 28.0 730.7 0.00 0 0.0 15.0 24.1 24.5 3.628  -42.4   17.9   20.4  28   -0.8  15 0 0 1 2 1 0 14.4 28.6 14.4 28.9 80.0 100 100 20 408 0 143 0 401 401 399 0 0 0 60 50 AUTO 0 
b.1 2025-08-15 08:58:10.740 a 2025-08-15-08:58:01 218 244 266 2.3 7.4 10.0 14.2 28.1 730.7 0.00 0 0.0 15.0 24.1 24.4 3.627  -42.6   17.9   21.1  28   -0.8  15 0 0 1 2 1 0 14.4 28.7 14.4 29.0 80.0 100 100 20 408 0 143 0 402 401 400 0 0 0 59 50 AUTO 0 
b.1 2025-08-15 08:59:13.897 a 2025-08-15-08:59:04 194 242 268 2.1 6.6 9.6 14.2 28.0 730.7 0.00 0 0.0 14.9 24.1 24.4 3.627  -41.4   17.9   18.2  28   -0.8  15 0 0 1 2 1 0 14.4 28.7 14.4 29.0 80.0 100 100 20 408 0 143 0 401 401 400 0 0 0 59 50 AUTO 0 
b.1 2025-08-15 09:00:16.117 a 2025-08-15-09:00:07 214 243 278 1.3 7.2 9.8 14.2 28.0 730.7 0.00 0 0.0 15.0 24.1 24.5 3.633  -42.5   17.9   21.0  28   -0.8  15 0 0 1 2 1 0 14.4 28.6 14.4 28.9 80.0 100 100 20 408 0 143 0 401 401 399 0 0 0 59 50 AUTO 0 
b.1 2025-08-15 09:01:21.078 a 2025-08-15-09:01:12 187 246 274 1.6 6.5 9.2 14.2 28.1 730.7 0.00 0 0.0 15.0 24.1 24.5 3.628  -41.4   17.9   19.2  28   -0.8  15 0 0 1 2 1 0 14.4 28.7 14.4 29.1 80.0 100 100 20 408 0 143 0 401 401 400 0 0 0 59 50 AUTO 0 
b.1 2025-08-15 09:02:11.779 a 2025-08-15-09:02:02 226 248 270 2.4 6.5 9.4 14.2 28.0 730.7 0.00 0 0.0 14.9 24.0 23.4 3.634  -41.6   17.9   18.1  28   -0.9  15 0 0 1 2 1 0 14.4 28.5 14.3 28.9 80.0 100 100 20 408 0 143 0 401 401 400 0 0 0 60 50 AUTO 0 
b.1 2025-08-15 09:03:12.979 a 2025-08-15-09:03:04 225 247 277 3.0 7.1 10.0 14.1 27.9 730.7 0.00 0 0.0 14.9 24.0 24.5 3.628  -42.6   17.9   19.2  28   -0.9  15 0 0 1 2 1 0 14.4 28.3 14.4 28.7 80.0 100 100 20 408 0 143 0 401 401 400 0 0 0 59 50 AUTO 0 
b.1 2025-08-15 09:04:10.601 a 2025-08-15-09:04:01 218 247 266 2.8 7.1 9.4 14.1 27.7 730.7 0.00 0 0.0 15.0 24.1 24.5 3.634  -42.4   17.9   20.2  28   -0.9  15 0 0 1 2 1 0 14.4 28.4 14.4 28.7 80.0 100 100 20 408 0 143 0 401 401 399 0 0 0 59 50 AUTO 0 
b.1 2025-08-15 09:05:16.259 a 2025-08-15-09:05:07 145 243 279 1.1 5.9 9.0 14.2 27.9 730.6 0.00 0 0.0 15.0 24.1 24.5 3.628  -43.5   17.9   17.5  28   -0.9  15 0 0 1 2 1 0 14.4 28.5 14.3 28.9 80.0 100 100 20 408 0 143 0 401 401 400 0 0 0 60 50 AUTO 0 
b.1 2025-08-15 09:06:16.578 a 2025-08-15-09:06:07 149 245 273 1.5 6.6 9.1 14.1 28.0 730.6 0.00 0 0.0 15.0 24.1 24.5 3.628  -41.9   17.9   18.5  28   -0.9  15 0 0 1 2 1 0 14.3 28.6 14.3 28.9 80.0 100 100 20 408 0 143 0 401 401 399 0 0 0 60 50 AUTO 0 
b.1 2025-08-15 09:07:18.657 a 2025-08-15-09:07:09 217 246 269 2.0 7.4 10.2 14.1 27.8 730.6 0.00 0 0.0 15.0 24.1 24.5 3.634  -43.0   17.9   20.7  28   -0.9  15 0 0 1 2 1 0 14.3 28.3 14.3 28.7 80.0 100 100 20 408 0 143 0 401 402 399 0 0 0 60 50 AUTO 0 
b.1 2025-08-15 09:08:11.601 a 2025-08-15-09:08:02 217 246 262 0.9 7.5 10.2 14.1 27.5 730.6 0.00 0 0.0 15.0 23.9 23.4 3.633  -42.5   17.9   21.2  28   -1.0  15 0 0 1 2 1 0 14.3 28.2 14.3 28.5 80.0 100 100 20 408 0 143 0 402 401 400 0 0 0 59 50 AUTO 0 
b.1 2025-08-15 09:09:14.240 a 2025-08-15-09:09:05 212 247 269 2.1 7.5 10.6 14.1 27.4 730.7 0.00 0 0.0 14.9 24.0 24.4 3.628  -43.4   17.9   21.8  28   -1.0  15 0 0 1 2 1 0 14.4 27.9 14.3 28.2 80.0 100 100 20 408 0 143 0 401 401 400 0 0 0 60 50 AUTO 0 
b.1 2025-08-15 09:10:13.858 a 2025-08-15-09:10:04 199 248 265 2.2 7.0 9.8 14.2 27.5 730.7 0.00 0 0.0 15.0 24.1 24.4 3.626  -40.5   17.9   20.6  28   -1.0  15 0 0 1 2 1 0 14.4 27.9 14.4 28.3 80.0 100 100 20 408 0 143 0 401 401 400 0 0 0 59 50 AUTO 0 
b.1 2025-08-15 09:11:13.404 a 2025-08-15-09:11:04 218 246 269 2.8 7.1 9.6 14.2 27.4 730.7 0.00 0 0.0 15.0 24.1 24.5 3.635  -42.5   17.9   20.1  28   -1.0  15 0 0 1 2 1 0 14.4 28.0 14.4 28.2 80.0 100 100 20 408 0 143 0 401 402 400 0 0 0 60 50 AUTO 0 
b.1 2025-08-15 09:12:16.000 a 2025-08-15-09:12:06 179 245 278 2.3 7.0 9.6 14.2 27.3 730.7 0.00 0 0.0 15.0 24.1 24.5 3.628  -42.2   17.9   20.7  28   -1.0  15 0 0 1 2 1 0 14.4 28.0 14.3 28.3 80.0 100 100 20 408 0 143 0 401 401 400 0 0 0 59 50 AUTO 0 
b.1 2025-08-15 09:13:16.121 a 2025-08-15-09:13:07 219 244 268 2.5 7.1 9.8 14.2 27.0 730.7 0.00 0 0.0 15.0 24.1 24.4 3.627  -43.1   17.9   20.6  28   -1.1  15 0 0 1 2 1 0 14.4 27.5 14.3 27.8 80.0 100 100 20 408 0 143 0 401 401 400 0 0 0 59 50 AUTO 0 
b.1 2025-08-15 09:14:11.000 a 2025-08-15-09:14:02 201 245 271 2.8 7.3 10.2 14.2 26.9 730.7 0.00 0 0.0 14.9 24.0 23.4 3.633  -42.8   17.9   21.3  28   -1.1  15 0 0 1 2 1 0 14.4 27.4 14.4 27.7 80.0 100 100 20 408 0 143 0 401 401 400 0 0 0 59 50 AUTO 0 
b.1 2025-08-15 09:15:14.342 a 2025-08-15-09:15:05 133 242 271 1.0 6.8 9.3 14.2 27.0 730.6 0.00 0 0.0 14.9 23.9 23.4 3.634  -42.0   17.9   20.1  27   -1.1  15 0 0 1 2 1 0 14.4 27.4 14.4 27.8 80.0 100 100 20 408 0 143 0 400 401 400 0 0 0 59 50 AUTO 0 
b.1 2025-08-15 09:16:12.082 a 2025-08-15-09:16:03 189 248 353 1.4 6.5 10.0 14.2 27.0 730.7 0.00 0 0.0 15.0 24.1 24.5 3.628  -42.5   17.9   19.5  27   -1.1  15 0 0 1 2 1 0 14.4 27.4 14.4 27.7 80.0 100 100 20 408 0 143 0 401 401 400 0 0 0 60 50 AUTO 0 
b.1 2025-08-15 09:17:13.563 a 2025-08-15-09:17:04 223 247 285 1.9 7.0 10.0 14.2 26.9 730.7 0.00 0 0.0 15.1 24.1 24.5 3.626  -43.2   17.9   20.1  27   -1.1  15 0 0 1 2 1 0 14.4 27.4 14.3 27.7 80.0 100 100 20 408 0 143 0 401 401 400 0 0 0 59 50 AUTO 0 
b.1 2025-08-15 09:18:18.319 a 2025-08-15-09:18:09 184 245 268 1.9 6.8 9.0 14.2 26.7 730.7 0.00 0 0.0 14.9 23.9 23.4 3.634  -42.3   17.9   19.5  27   -1.1  15 0 0 1 2 1 0 14.4 27.3 14.3 27.6 80.0 100 100 20 408 0 143 0 401 401 400 0 0 0 59 50 AUTO 0 
b.1 2025-08-15 09:19:12.224 a 2025-08-15-09:19:03 114 245 288 0.5 6.0 9.4 14.2 26.7 730.7 0.00 0 0.0 15.0 24.1 24.5 3.634  -42.0   17.9   17.4  27   -1.2  15 0 0 1 2 1 0 14.4 27.1 14.3 27.4 80.0 100 100 20 408 0 143 0 401 401 400 0 0 0 60 50 AUTO 0 
b.1 2025-08-15 09:20:27.555 a 2025-08-15-09:20:18 187 247 281 1.6 7.0 10.1 14.2 26.6 730.7 0.00 0 0.0 14.9 24.1 24.5 3.628  -42.7   17.9   18.4  27   -1.3  15 0 0 1 2 1 0 14.4 27.5 14.3 27.7 80.0 100 100 20 408 0 143 0 401 401 400 0 0 0 60 50 AUTO 0 
b.1 2025-08-15 09:21:18.500 a 2025-08-15-09:21:09 218 248 268 3.3 6.9 9.9 14.2 26.8 730.6 0.00 0 0.0 14.9 24.1 24.4 3.628  -43.1   17.9   17.9  27   -1.3  15 0 0 1 2 1 0 14.4 27.4 14.3 27.6 80.0 100 100 20 408 0 143 0 401 401 400 0 0 0 60 50 AUTO 0 
b.1 2025-08-15 09:22:15.621 a 2025-08-15-09:22:06 211 247 265 1.9 7.2 10.2 14.2 26.8 730.6 0.00 0 0.0 14.9 24.0 23.4 3.633  -42.3   17.8   19.4  27   -1.3  15 0 0 1 2 1 0 14.4 27.7 14.3 27.9 80.0 100 100 20 408 0 143 0 402 401 400 0 0 0 59 50 AUTO 0 
b.1 2025-08-15 09:23:16.325 a 2025-08-15-09:23:07 222 242 283 1.9 6.6 9.1 14.2 27.0 730.6 0.00 0 0.0 15.0 24.1 24.5 3.628  -42.4   17.9   18.9  27   -1.3  15 0 0 1 2 1 0 14.4 27.8 14.3 28.0 80.0 100 100 20 408 0 143 0 401 401 400 0 0 0 60 50 AUTO 0 
b.1 2025-08-15 09:24:17.480 a 2025-08-15-09:24:08 223 244 277 3.3 7.0 9.3 14.2 27.1 730.6 0.00 0 0.0 15.1 24.1 24.5 3.628  -43.5   17.9   20.6  27   -1.3  15 0 0 1 2 1 0 14.4 27.8 14.3 28.0 80.0 100 100 20 408 0 143 0 401 401 400 0 0 0 59 50 AUTO 0 
b.1 2025-08-15 09:25:17.160 a 2025-08-15-09:25:08 211 239 276 1.8 7.1 10.1 14.1 26.8 730.6 0.00 0 0.0 14.9 23.8 23.4 3.633  -42.3   17.9   20.6  27   -1.3  15 0 0 1 2 1 0 14.3 27.8 14.3 28.0 80.0 100 100 20 408 0 143 0 401 401 400 0 0 0 59 50 AUTO 0 
b.1 2025-08-15 09:26:23.065 a 2025-08-15-09:26:14 217 240 268 3.0 6.6 8.9 14.1 26.9 730.6 0.00 0 0.0 14.9 24.0 24.4 3.627  -42.6   17.8   19.9  27   -1.3  15 0 0 1 2 1 0 14.3 27.8 14.3 28.0 80.0 100 100 20 408 0 143 0 401 401 400 0 0 0 60 50 AUTO 0 
b.1 2025-08-15 09:27:10.484 a 2025-08-15-09:27:01 216 242 268 2.5 7.3 9.9 14.1 26.9 730.5 0.00 0 0.0 15.0 24.1 24.5 3.627  -42.6   17.8   21.8  27   -1.3  15 0 0 1 2 1 0 14.3 27.7 14.3 27.9 80.0 100 100 20 408 0 143 0 402 401 400 4 3 4 60 50 AUTO 0 
b.1 2025-08-15 09:28:16.025 a 2025-08-15-09:28:07 213 239 272 2.0 7.3 10.2 14.1 27.1 730.6 0.00 0 0.0 15.0 24.1 24.5 3.626  -42.6   17.9   22.5  27   -1.3  15 0 0 1 2 1 0 14.3 27.7 14.3 28.0 80.0 100 100 20 408 0 142 0 402 401 400 0 0 0 60 50 AUTO 0 
b.1 2025-08-15 09:29:12.944 a 2025-08-15-09:29:03 214 243 276 3.3 7.4 10.2 14.1 27.1 730.6 0.00 0 0.0 14.9 23.8 23.4 3.634  -42.4   17.9   22.5  27   -1.3  15 0 0 1 2 1 0 14.4 27.3 14.3 27.7 80.0 100 100 20 408 0 142 0 401 401 400 0 0 0 59 50 AUTO 0 
b.1 2025-08-15 09:30:16.286 a 2025-08-15-09:30:07 215 242 264 3.9 6.9 9.5 14.1 27.1 730.6 0.00 0 0.0 14.9 23.9 23.4 3.633  -41.1   17.9   21.8  27   -1.3  15 0 0 1 2 1 0 14.3 27.6 14.3 27.9 80.0 100 100 20 408 0 142 0 401 401 400 0 0 0 60 50 AUTO 0 
b.1 2025-08-15 09:31:12.101 a 2025-08-15-09:31:03 213 239 266 3.8 7.3 9.4 14.1 27.1 730.5 0.00 0 0.0 15.0 24.1 24.4 3.627  -43.5   17.9   23.1  27   -1.3  15 0 0 1 2 1 0 14.3 27.5 14.2 27.8 80.0 100 100 20 408 0 143 0 401 401 400 0 0 0 60 50 AUTO 0 
b.1 2025-08-15 09:32:18.279 a 2025-08-15-09:32:09 148 242 267 0.9 6.6 9.0 14.0 27.2 730.5 0.00 0 0.0 15.0 24.1 24.5 3.626  -42.0   17.8   19.9  27   -1.3  16 0 0 1 2 1 0 14.3 27.5 14.2 27.8 80.0 100 100 20 408 0 143 0 401 401 400 0 0 0 60 50 AUTO 0 
b.1 2025-08-15 09:33:13.707 a 2025-08-15-09:33:04 148 240 266 1.5 7.2 9.6 14.0 27.2 730.5 0.00 0 0.0 14.9 23.9 23.4 3.633  -42.7   17.8   21.1  27   -1.3  16 0 0 1 2 1 0 14.3 27.5 14.2 27.9 80.0 100 100 20 408 0 143 0 401 402 400 0 0 0 59 50 AUTO 0 
b.1 2025-08-15 09:34:13.605 a 2025-08-15-09:34:04 217 240 262 2.2 6.7 9.2 14.0 27.2 730.5 0.00 0 0.0 14.9 23.9 23.4 3.633  -40.5   17.8   19.8  27   -1.3  16 0 0 1 2 1 0 14.3 27.6 14.2 27.9 80.0 100 100 20 408 0 142 0 401 401 400 0 0 0 59 50 AUTO 0 
b.1 2025-08-15 09:35:13.642 a 2025-08-15-09:35:04 212 242 266 0.6 7.4 10.7 14.0 27.9 730.5 0.00 0 0.0 15.0 24.0 24.4 3.628  -41.2   17.8   22.2  27   -1.3  16 0 0 1 2 1 0 14.2 27.9 14.2 28.2 80.0 100 100 20 408 0 143 0 401 401 399 0 0 0 60 50 AUTO 0 
b.1 2025-08-15 09:36:13.963 a 2025-08-15-09:36:04 217 246 275 2.0 7.0 10.5 14.0 27.6 730.5 0.00 0 0.0 15.0 24.1 24.5 3.628  -43.4   17.8   21.5  27   -1.3  16 0 0 1 2 1 0 14.3 27.9 14.2 28.2 80.0 100 100 20 408 0 142 0 401 401 400 0 0 0 59 50 AUTO 0 
b.1 2025-08-15 09:37:12.365 a 2025-08-15-09:37:03 204 242 265 1.6 7.3 10.1 14.0 27.5 730.5 0.00 0 0.0 15.0 24.1 24.5 3.634  -41.3   17.8   22.0  27   -1.3  16 0 0 1 2 1 0 14.3 27.8 14.2 28.2 80.0 100 100 20 408 0 143 0 401 401 399 0 0 0 60 50 AUTO 0 
b.1 2025-08-15 09:38:16.986 a 2025-08-15-09:38:07 221 243 268 3.8 7.0 10.1 14.0 27.2 730.5 0.00 0 0.0 15.0 24.1 24.5 3.628  -42.4   17.8   22.0  27   -1.3  16 0 0 1 2 1 0 14.3 27.7 14.2 28.0 80.0 100 100 20 408 0 143 0 401 401 400 0 0 0 60 50 AUTO 0 
b.1 2025-08-15 09:39:12.147 a 2025-08-15-09:39:03 216 241 261 2.6 7.5 10.2 14.0 27.3 730.5 0.00 0 0.0 14.9 23.9 23.4 3.633  -42.8   17.8   22.5  27   -1.4  16 0 0 1 2 1 0 14.3 27.6 14.2 28.0 80.0 100 100 20 408 0 143 0 402 401 400 0 0 0 60 50 AUTO 0 
b.1 2025-08-15 09:40:14.782 a 2025-08-15-09:40:05 217 241 261 3.6 7.5 10.2 14.0 27.3 730.5 0.00 0 0.0 15.0 24.1 24.5 3.627  -43.4   17.8   23.9  27   -1.3  16 0 0 1 2 1 0 14.3 27.5 14.2 27.8 80.0 100 100 20 408 0 143 0 401 401 400 0 0 0 59 50 AUTO 0 
b.1 2025-08-15 09:41:13.145 a 2025-08-15-09:41:04 198 241 263 2.8 7.1 10.8 14.0 27.1 730.5 0.00 0 0.0 15.0 24.0 24.5 3.628  -40.8   17.8   22.5  27   -1.4  16 0 0 1 2 1 0 14.3 27.5 14.2 27.8 80.0 100 100 20 408 0 143 0 401 401 400 0 0 0 60 50 AUTO 0 
b.1 2025-08-15 09:42:13.007 a 2025-08-15-09:42:03 217 242 268 2.4 7.4 10.7 14.1 27.3 730.5 0.00 0 0.0 14.9 23.9 23.4 3.633  -43.0   17.8   22.5  27   -1.4  16 0 0 1 2 1 0 14.3 27.5 14.3 27.8 80.0 100 100 20 408 0 143 0 401 401 400 0 0 0 59 50 AUTO 0 
b.1 2025-08-15 09:43:14.029 a 2025-08-15-09:43:05 194 238 266 1.3 6.6 10.1 14.1 27.1 730.5 0.00 0 0.0 15.0 24.1 24.4 3.628  -43.0   17.8   20.6  27   -1.4  16 0 0 1 2 1 0 14.3 27.5 14.2 27.8 80.0 100 100 20 408 0 143 0 401 401 399 0 0 0 60 50 AUTO 0 
b.1 2025-08-15 09:44:16.805 a 2025-08-15-09:44:07 215 241 268 0.9 7.5 10.4 14.1 27.0 730.5 0.00 0 0.0 15.1 24.1 24.5 3.629  -41.6   17.7   21.7  27   -1.4  16 0 0 1 2 1 0 14.3 27.4 14.3 27.8 80.0 100 100 20 408 0 143 0 401 401 400 0 0 0 60 50 AUTO 0 
b.1 2025-08-15 09:45:16.153 a 2025-08-15-09:45:07 218 241 270 1.9 7.4 10.4 14.1 27.0 730.5 0.00 0 0.0 15.0 24.0 24.5 3.627  -42.8   17.7   21.7  27   -1.4  16 0 0 1 2 1 0 14.3 27.2 14.3 27.5 80.0 100 100 20 408 0 143 0 401 401 400 0 0 0 59 50 AUTO 0 
b.1 2025-08-15 09:46:12.088 a 2025-08-15-09:46:03 199 241 266 3.7 7.8 10.3 14.1 26.9 730.5 0.00 0 0.0 14.9 24.0 23.4 3.634  -43.0   17.7   23.7  27   -1.4  16 0 0 1 2 1 0 14.3 27.1 14.3 27.5 80.0 100 100 20 408 0 143 0 401 401 400 0 0 0 59 50 AUTO 0 
b.1 2025-08-15 09:47:15.121 a 2025-08-15-09:47:06 203 242 273 3.7 8.1 11.0 14.1 26.9 730.5 0.00 0 0.0 15.1 24.1 24.5 3.627  -42.9   17.8   25.2  27   -1.4  16 0 0 1 2 1 0 14.3 27.1 14.3 27.4 80.0 100 100 20 408 0 143 0 401 401 400 0 0 0 59 50 AUTO 0 
b.1 2025-08-15 09:48:18.832 a 2025-08-15-09:48:09 214 240 261 2.2 7.8 11.2 14.1 27.2 730.4 0.00 0 0.0 15.0 24.1 24.5 3.627  -43.4   17.8   25.2  27   -1.4  16 0 0 1 2 1 0 14.4 27.3 14.3 27.6 80.0 100 100 20 408 0 143 0 401 402 400 0 0 0 60 50 AUTO 0 
b.1 2025-08-15 09:49:14.407 a 2025-08-15-09:49:05 189 243 265 1.9 7.6 11.0 14.1 27.2 730.5 0.00 0 0.0 14.9 24.0 24.5 3.628  -41.2   17.8   23.8  27   -1.4  16 0 0 1 2 1 0 14.4 27.5 14.3 27.8 80.0 100 100 20 408 0 143 0 401 401 400 0 0 0 59 50 AUTO 0 
b.1 2025-08-15 09:50:14.549 a 2025-08-15-09:50:05 216 244 271 2.8 6.8 10.4 14.1 27.1 730.4 0.00 0 0.0 14.9 23.9 23.4 3.633  -42.5   17.8   21.3  27   -1.4  16 0 0 1 2 1 0 14.4 27.4 14.3 27.7 80.0 100 100 20 408 0 143 0 401 401 399 0 0 0 60 50 AUTO 0 
b.1 2025-08-15 09:51:12.269 a 2025-08-15-09:51:03 219 240 267 2.0 6.9 10.0 14.0 27.3 730.4 0.00 0 0.0 14.9 23.9 23.4 3.633  -42.7   17.8   20.7  27   -1.4  16 0 0 1 2 1 0 14.3 27.5 14.3 27.9 80.0 100 100 20 408 0 143 0 401 401 400 0 0 0 59 50 AUTO 0 
b.1 2025-08-15 09:52:13.571 a 2025-08-15-09:52:04 219 239 266 3.0 7.6 10.1 14.0 27.4 730.4 0.00 0 0.0 15.0 24.1 24.5 3.634  -42.9   17.7   23.7  27   -1.4  16 0 0 1 2 1 0 14.3 27.5 14.3 27.8 80.0 100 100 20 408 0 143 0 402 401 400 0 0 0 59 50 AUTO 0 
b.1 2025-08-15 09:53:15.232 a 2025-08-15-09:53:06 219 241 267 4.0 7.4 10.5 14.0 27.5 730.5 0.00 0 0.0 15.0 24.1 24.5 3.634  -43.1   17.7   23.7  27   -1.4  16 0 0 1 2 1 0 14.3 27.6 14.3 27.9 80.0 100 100 20 408 0 143 0 401 402 400 0 0 0 60 50 AUTO 0 
b.1 2025-08-15 09:54:17.948 a 2025-08-15-09:54:08 215 240 264 4.8 8.1 10.6 14.0 27.5 730.4 0.00 0 0.0 14.9 23.9 23.4 3.633  -43.3   17.7   25.8  27   -1.4  16 0 0 1 2 1 0 14.3 27.7 14.3 27.9 80.0 100 100 20 408 0 143 0 401 401 400 0 0 0 60 50 AUTO 0 
b.1 2025-08-15 09:55:13.153 a 2025-08-15-09:55:04 210 237 262 4.6 7.8 10.5 14.0 27.5 730.4 0.00 0 0.0 14.9 23.8 23.4 3.635  -42.8   17.7   25.8  27   -1.4  16 0 0 1 2 1 0 14.4 27.6 14.3 27.9 80.0 100 100 20 408 0 143 0 401 401 399 0 0 0 60 50 AUTO 0 
b.1 2025-08-15 09:56:13.473 a 2025-08-15-09:56:04 203 237 260 2.0 8.2 10.7 14.0 27.4 730.5 0.00 0 0.0 14.9 24.0 24.4 3.627  -42.8   17.8   26.7  27   -1.4  16 0 0 1 2 1 0 14.4 27.6 14.3 27.9 80.0 100 100 20 408 0 143 0 401 401 399 0 0 0 60 50 AUTO 0 
b.1 2025-08-15 09:57:10.809 a 2025-08-15-09:57:01 216 240 269 2.5 6.9 10.0 14.0 27.3 730.4 0.00 0 0.0 15.1 24.1 24.4 3.628  -42.7   17.8   23.2  27   -1.3  16 0 0 1 2 1 0 14.4 27.9 14.3 28.1 80.0 100 100 20 408 0 143 0 401 401 400 0 0 0 60 50 AUTO 0 
b.1 2025-08-15 09:58:12.542 a 2025-08-15-09:58:03 219 243 277 2.8 8.0 10.8 14.0 27.7 730.4 0.00 0 0.0 15.0 24.1 24.5 3.627  -41.4   17.7   24.4  27   -1.4  16 0 0 1 2 1 0 14.3 27.9 14.3 28.2 80.0 100 100 20 408 0 143 0 401 401 399 0 0 0 60 50 AUTO 0 
b.1 2025-08-15 09:59:18.470 a 2025-08-15-09:59:09 185 240 280 1.9 7.1 9.8 14.0 27.5 730.4 0.00 0 0.0 15.0 24.0 24.5 3.628  -41.9   17.7   21.1  27   -1.3  16 0 0 1 2 1 0 14.4 27.8 14.3 28.1 80.0 100 100 20 408 0 143 0 401 401 399 0 0 0 59 50 AUTO 0 
b.1 2025-08-15 10:00:19.009 a 2025-08-15-10:00:09 130 241 267 1.7 7.5 10.6 14.0 27.5 730.4 0.00 0 0.0 14.9 23.8 23.4 3.634  -42.9   17.7   21.7  27   -1.4  16 0 0 1 2 1 0 14.3 27.9 14.3 28.2 80.0 100 100 20 408 0 143 0 402 401 399 0 0 0 60 50 AUTO 0 
b.1 2025-08-15 10:01:15.012 a 2025-08-15-10:01:05 192 238 278 1.8 8.4 10.7 14.0 27.6 730.4 0.00 0 0.0 15.0 24.1 24.5 3.627  -42.7   17.7   25.8  27   -1.3  16 0 0 1 2 1 0 14.3 28.0 14.3 28.3 80.0 100 100 20 408 0 143 0 402 401 400 0 0 0 59 50 AUTO 0 
b.1 2025-08-15 10:02:12.812 a 2025-08-15-10:02:03 149 240 278 2.1 6.7 9.5 14.0 27.6 730.4 0.00 0 0.0 15.0 24.1 24.5 3.627  -41.4   17.7   22.3  27   -1.3  16 0 0 1 2 1 0 14.3 28.0 14.3 28.3 80.0 100 100 20 408 0 143 0 401 401 400 0 0 0 59 50 AUTO 0 
b.1 2025-08-15 10:03:12.332 a 2025-08-15-10:03:03 150 242 267 2.0 7.5 10.9 14.0 27.7 730.4 0.00 0 0.0 14.9 23.9 23.4 3.633  -43.1   17.7   23.0  27   -1.3  16 0 0 1 2 1 0 14.3 28.1 14.3 28.4 80.0 100 99 20 408 0 143 0 402 401 400 0 0 0 60 50 AUTO 0 
b.1 2025-08-15 10:04:11.993 a 2025-08-15-10:04:02 206 239 268 2.1 7.6 10.9 14.0 27.8 730.4 0.00 0 0.0 14.9 24.0 23.4 3.634  -43.5   17.7   23.0  27   -1.3  16 0 0 1 2 1 0 14.4 28.0 14.3 28.3 80.0 100 100 20 408 0 143 0 400 401 400 0 0 0 60 50 AUTO 0 
b.1 2025-08-15 10:05:17.654 a 2025-08-15-10:05:08 140 239 278 1.4 7.2 11.6 14.1 27.6 730.3 0.00 0 0.0 14.9 23.9 23.4 3.635  -43.4   17.7   21.0  27   -1.3  16 0 0 1 2 1 0 14.3 27.8 14.3 28.1 80.0 100 100 20 408 0 143 0 401 401 399 0 0 0 60 50 AUTO 0 
b.1 2025-08-15 10:06:16.072 a 2025-08-15-10:06:07 211 237 258 2.7 8.2 10.4 14.1 27.5 730.3 0.00 0 0.0 15.0 24.1 24.4 3.628  -42.6   17.7   24.3  27   -1.3  16 0 0 1 2 1 0 14.3 27.8 14.3 28.1 80.0 100 100 20 408 0 143 0 401 401 400 0 0 0 59 50 AUTO 0 
b.1 2025-08-15 10:07:21.417 a 2025-08-15-10:07:12 208 242 267 1.7 6.7 10.3 14.1 27.6 730.3 0.00 0 0.0 15.1 24.1 24.5 3.626  -43.3   17.7   20.5  27   -1.3  16 0 0 1 2 1 0 14.3 28.0 14.3 28.3 80.0 100 100 20 408 0 143 0 401 401 400 0 0 0 59 50 AUTO 0 
b.1 2025-08-15 10:08:16.838 a 2025-08-15-10:08:07 208 237 267 2.2 7.3 10.3 14.0 27.6 730.4 0.00 0 0.0 14.9 23.8 23.4 3.633  -41.6   17.7   21.0  27   -1.3  16 0 0 1 2 1 0 14.3 28.0 14.2 28.3 80.0 100 100 20 408 0 143 0 401 401 400 0 0 0 60 50 AUTO 0 
b.1 2025-08-15 10:09:15.154 a 2025-08-15-10:09:06 223 241 266 2.7 6.3 10.1 14.0 27.5 730.4 0.00 0 0.0 14.9 23.8 23.4 3.633  -42.7   17.7   19.3  27   -1.3  16 0 0 1 2 1 0 14.2 28.2 14.2 28.5 80.0 100 100 20 408 0 143 0 401 401 400 0 0 0 59 50 AUTO 0 
b.1 2025-08-15 10:10:19.892 a 2025-08-15-10:10:10 183 239 293 2.0 6.7 9.8 13.9 27.7 730.4 0.00 0 0.0 14.9 23.9 23.4 3.634  -43.6   17.7   19.2  27   -1.3  16 0 0 1 2 1 0 14.2 28.3 14.2 28.5 80.0 100 100 20 408 0 143 0 401 401 399 0 0 0 59 50 AUTO 0 
b.1 2025-08-15 10:11:15.236 a 2025-08-15-10:11:06 148 236 275 1.5 8.1 11.6 13.9 27.9 730.3 0.00 0 0.0 15.0 24.1 24.5 3.628  -44.4   17.7   24.2  27   -1.3  16 0 0 1 2 1 0 14.2 28.3 14.1 28.5 80.0 100 100 20 408 0 143 0 401 401 400 0 0 0 60 50 AUTO 0 
b.1 2025-08-15 10:12:13.473 a 2025-08-15-10:12:04 217 236 267 4.5 8.5 10.7 13.9 27.9 730.4 0.00 0 0.0 15.0 24.1 24.5 3.627  -43.3   17.7   26.5  27   -1.3  16 0 0 1 2 1 0 14.2 28.2 14.2 28.5 80.0 100 100 20 408 0 143 0 402 401 400 0 0 0 59 50 AUTO 0 
b.1 2025-08-15 10:13:21.553 a 2025-08-15-10:13:12 191 243 353 1.7 7.1 9.9 14.0 27.6 730.3 0.00 0 0.0 15.0 24.1 24.5 3.635  -42.5   17.7   23.5  27   -1.3  16 0 0 1 2 1 0 14.2 28.0 14.2 28.3 80.0 100 100 20 408 0 143 0 401 401 400 0 0 0 60 50 AUTO 0 
b.1 2025-08-15 10:14:12.676 a 2025-08-15-10:14:03 213 236 266 3.0 8.0 10.6 14.0 27.6 730.4 0.00 0 0.0 14.9 24.0 24.5 3.628  -43.0   17.7   25.5  27   -1.3  16 0 0 1 2 1 0 14.2 28.1 14.2 28.4 80.0 100 100 20 408 0 143 0 401 402 399 4 4 5 60 50 AUTO 0 
b.1 2025-08-15 10:15:14.194 a 2025-08-15-10:15:05 212 238 268 4.9 8.1 10.0 14.0 27.6 730.3 0.00 0 0.0 14.9 23.8 23.4 3.633  -42.3   17.7   27.3  27   -1.3  16 0 0 1 2 1 0 14.2 28.1 14.2 28.4 80.0 100 100 20 408 0 143 0 401 401 400 0 0 0 60 50 AUTO 0 
b.1 2025-08-15 10:16:13.313 a 2025-08-15-10:16:04 212 241 278 2.0 6.9 10.2 14.0 27.5 730.4 0.00 0 0.0 15.0 24.1 24.5 3.628  -41.4   17.7   22.9  27   -1.3  16 0 0 1 2 1 0 14.2 28.0 14.2 28.2 80.0 100 100 20 408 0 143 0 402 401 400 0 0 0 60 50 AUTO 0 
b.1 2025-08-15 10:17:12.058 a 2025-08-15-10:17:02 214 241 273 2.8 7.4 10.6 14.0 27.6 730.3 0.00 0 0.0 15.0 24.1 24.5 3.627  -43.4   17.7   22.9  27   -1.3  16 0 0 1 2 1 0 14.2 28.0 14.2 28.2 80.0 100 100 20 408 0 143 0 401 401 400 0 0 0 60 50 AUTO 0 
b.1 2025-08-15 10:18:12.694 a 2025-08-15-10:18:03 214 239 263 1.1 7.0 10.2 14.0 27.4 730.3 0.00 0 0.0 14.9 23.8 23.4 3.633  -41.6   17.7   21.7  27   -1.3  16 0 0 1 2 1 0 14.2 27.8 14.3 28.1 80.0 100 100 20 408 0 143 0 402 401 400 0 0 0 60 50 AUTO 0 
b.1 2025-08-15 10:19:18.545 a 2025-08-15-10:19:09 212 246 273 1.7 7.2 10.7 14.0 27.4 730.3 0.00 0 0.0 14.9 24.1 24.4 3.627  -43.0   17.7   21.6  27   -1.3  16 0 0 1 2 1 0 14.3 27.9 14.3 28.1 80.0 100 100 20 408 0 143 0 402 401 400 0 0 0 59 50 AUTO 0 
b.1 2025-08-15 10:20:20.191 a 2025-08-15-10:20:11 210 243 276 1.8 7.4 10.4 14.0 27.5 730.3 0.00 0 0.0 15.0 24.1 24.5 3.626  -43.0   17.7   22.9  27   -1.3  16 0 0 1 2 1 0 14.2 27.9 14.2 28.1 80.0 100 100 20 408 0 143 0 401 401 400 0 0 0 60 50 AUTO 0 
b.1 2025-08-15 10:21:12.059 a 2025-08-15-10:21:03 215 242 269 2.7 7.2 10.0 14.0 27.4 730.3 0.00 0 0.0 14.9 23.9 23.4 3.633  -44.8   17.7   22.9  27   -1.3  16 0 0 1 2 1 0 14.3 27.8 14.3 28.1 80.0 100 100 20 408 0 143 0 401 402 399 0 0 0 60 50 AUTO 0 
b.1 2025-08-15 10:22:12.937 a 2025-08-15-10:22:03 144 240 335 0.6 6.3 9.8 14.0 27.2 730.3 0.00 0 0.0 15.0 24.0 24.5 3.626  -42.7   17.7   18.7  27   -1.4  16 0 0 1 2 1 0 14.3 27.6 14.3 27.9 80.0 100 100 20 408 0 143 0 401 401 400 0 0 0 60 50 AUTO 0 
b.1 2025-08-15 10:23:13.398 a 2025-08-15-10:23:04 210 241 267 1.2 6.9 10.5 14.0 27.4 730.3 0.00 0 0.0 15.0 24.1 24.5 3.626  -43.4   17.7   19.1  27   -1.4  16 0 0 1 2 1 0 14.3 27.8 14.3 28.0 80.0 100 100 20 408 0 142 0 401 401 399 0 0 0 59 50 AUTO 0 
b.1 2025-08-15 10:24:12.403 a 2025-08-15-10:24:03 215 235 263 3.7 8.2 10.9 14.0 27.5 730.3 0.00 0 0.0 15.0 24.1 24.5 3.633  -44.6   17.7   24.1  27   -1.4  16 0 0 1 2 1 0 14.3 27.8 14.3 28.0 80.0 100 100 20 408 0 143 0 401 401 399 0 0 0 59 50 AUTO 0 
b.1 2025-08-15 10:25:21.052 a 2025-08-15-10:25:11 211 240 271 2.6 7.9 10.9 14.0 27.5 730.3 0.00 0 0.0 14.9 24.1 24.5 3.628  -43.4   17.7   24.8  27   -1.4  16 0 0 1 2 1 0 14.2 27.8 14.2 28.0 80.0 100 100 20 408 0 143 0 401 401 400 0 0 0 59 50 AUTO 0 
b.1 2025-08-15 10:26:11.138 a 2025-08-15-10:26:02 201 240 274 1.9 7.7 10.7 14.0 27.5 730.3 0.00 0 0.0 14.9 23.9 23.4 3.633  -41.4   17.7   24.2  27   -1.4  16 0 0 1 2 1 0 14.2 27.6 14.2 27.9 80.0 100 100 20 408 0 143 0 401 401 400 0 0 0 59 50 AUTO 0 
b.1 2025-08-15 10:27:13.839 a 2025-08-15-10:27:04 218 241 265 1.6 6.5 9.5 14.0 27.3 730.3 0.00 0 0.0 14.9 23.9 23.4 3.634  -41.5   17.7   21.0  27   -1.4  16 0 0 1 2 1 0 14.3 27.9 14.2 28.1 80.0 100 100 20 408 0 143 0 401 401 400 0 0 0 59 50 AUTO 0 
b.1 2025-08-15 10:28:12.055 a 2025-08-15-10:28:02 211 243 278 2.0 7.0 10.3 14.0 27.3 730.2 0.00 0 0.0 14.9 24.1 24.5 3.627  -42.2   17.7   20.9  27   -1.4  16 0 0 1 2 1 0 14.2 27.5 14.2 27.8 80.0 100 100 20 408 0 143 0 401 401 400 0 0 0 60 50 AUTO 0 
b.1 2025-08-15 10:29:15.575 a 2025-08-15-10:29:06 217 240 269 1.3 6.3 9.6 13.9 27.1 730.2 0.00 0 0.0 15.0 24.1 24.5 3.634  -42.9   17.7   19.7  27   -1.4  16 0 0 1 2 1 0 14.2 27.6 14.2 27.8 80.0 100 100 20 408 0 143 0 401 402 399 0 0 0 60 50 AUTO 0 
b.1 2025-08-15 10:30:13.318 a 2025-08-15-10:30:04 219 240 263 1.5 6.9 10.3 13.9 27.1 730.2 0.00 0 0.0 15.1 24.1 24.4 3.626  -44.0   17.7   20.9  27   -1.4  16 0 0 1 2 1 0 14.2 27.3 14.2 27.6 80.0 100 100 20 408 0 143 0 401 401 400 0 0 0 59 50 AUTO 0 
b.1 2025-08-15 10:31:17.220 a 2025-08-15-10:31:08 192 243 295 1.0 6.4 9.4 13.9 27.0 730.2 0.00 0 0.0 14.9 24.0 24.5 3.627  -43.7   17.7   18.6  27   -1.4  16 0 0 1 2 1 0 14.2 27.2 14.2 27.5 80.0 100 100 20 408 0 143 0 401 401 399 0 0 0 60 50 AUTO 0 
b.1 2025-08-15 10:32:14.617 a 2025-08-15-10:32:05 213 241 266 2.7 7.0 10.3 13.9 26.9 730.2 0.00 0 0.0 14.9 24.1 24.5 3.627  -41.6   17.7   19.1  27   -1.5   5 0 0 1 2 1 0 14.2 27.0 14.2 27.3 80.0 100 100 20 408 0 143 0 401 402 400 0 0 0 59 50 AUTO 0 
b.1 2025-08-15 10:33:11.957 a 2025-08-15-10:33:02 198 241 268 0.7 7.0 10.3 13.9 26.7 730.2 0.00 0 0.0 15.1 24.1 24.5 3.626  -42.6   17.7   19.7  27   -1.4  43 0 0 1 2 1 0 14.2 27.0 14.3 27.3 80.0 100 100 20 408 0 143 0 401 401 400 0 0 0 60 50 AUTO 0 
b.1 2025-08-15 10:34:12.877 a 2025-08-15-10:34:03 212 241 270 2.7 6.6 9.3 13.9 26.8 730.2 0.00 0 0.0 15.0 24.0 24.4 3.627  -42.2   17.7   19.5  27   -1.5  16 0 0 1 2 1 0 14.2 27.2 14.2 27.5 80.0 100 100 20 408 0 143 0 401 401 399 0 0 0 59 50 AUTO 0 
b.1 2025-08-15 10:35:20.216 a 2025-08-15-10:35:11 208 242 268 2.9 6.8 9.5 13.9 26.8 730.2 0.00 0 0.0 15.0 23.9 23.4 3.634  -43.3   17.7   18.5  27   -1.5  15 0 0 1 2 1 0 14.2 26.9 14.2 27.2 80.0 100 100 20 408 0 143 0 401 401 400 0 0 0 59 50 AUTO 0 
b.1 2025-08-15 10:36:13.943 a 2025-08-15-10:36:04 216 242 273 3.6 6.9 9.8 13.9 26.4 730.2 0.00 0 0.0 14.9 23.9 23.4 3.634  -41.8   17.7   18.5  27   -1.5  15 0 0 1 2 1 0 14.2 26.6 14.2 26.8 80.0 100 100 20 408 0 143 0 401 401 400 0 0 0 60 50 AUTO 0 
b.1 2025-08-15 10:37:14.257 a 2025-08-15-10:37:05 203 241 310 1.3 6.5 9.1 13.9 26.5 730.2 0.00 0 0.0 14.9 23.9 23.4 3.633  -44.5   17.7   19.6  27   -1.6  15 0 0 1 2 1 0 14.2 26.7 14.2 27.0 80.0 100 100 20 408 0 143 0 401 401 400 0 0 0 59 50 AUTO 0 
b.1 2025-08-15 10:38:13.841 a 2025-08-15-10:38:04 206 240 269 1.4 6.7 8.8 13.9 26.5 730.2 0.00 0 0.0 14.9 24.1 24.5 3.627  -44.1   17.7   20.1  27   -1.6  15 0 0 1 2 1 0 14.2 26.8 14.2 27.0 80.0 100 100 20 408 0 143 0 401 401 400 0 0 0 59 50 AUTO 0 
b.1 2025-08-15 10:39:11.680 a 2025-08-15-10:39:02 217 238 267 4.8 7.4 9.7 13.9 26.4 730.2 0.00 0 0.0 15.0 24.1 24.5 3.627  -43.2   17.7   22.6  27   -1.6  15 0 0 1 2 1 0 14.2 26.4 14.1 26.6 80.0 100 100 20 408 0 143 0 401 401 399 0 0 0 59 50 AUTO 0 
b.1 2025-08-15 10:40:14.220 a 2025-08-15-10:40:05 211 239 266 3.5 7.2 9.8 13.9 26.4 730.2 0.00 0 0.0 15.0 24.1 24.5 3.627  -43.0   17.7   21.3  27   -1.6  16 0 0 1 2 1 0 14.2 26.5 14.2 26.8 80.0 100 100 20 408 0 143 0 401 401 400 0 0 0 60 50 AUTO 0 
b.1 2025-08-15 10:41:18.657 a 2025-08-15-10:41:09 215 238 269 1.2 6.5 9.3 13.9 26.1 730.2 0.00 0 0.0 15.0 24.1 24.5 3.628  -43.3   17.7   20.9  27   -1.6  16 0 0 1 2 1 0 14.2 26.4 14.2 26.7 80.0 100 100 20 408 0 142 0 401 401 400 0 0 0 59 50 AUTO 0 
b.1 2025-08-15 10:42:12.339 a 2025-08-15-10:42:03 135 237 275 0.5 6.0 8.8 13.9 26.2 730.2 0.00 0 0.0 14.9 23.9 23.4 3.633  -40.3   17.7   17.1  27   -1.6  16 0 0 1 2 1 0 14.2 26.5 14.2 26.8 80.0 100 100 20 408 0 143 0 401 401 399 0 0 0 60 50 AUTO 0 
b.1 2025-08-15 10:43:12.881 a 2025-08-15-10:43:03 180 240 273 1.3 7.1 9.3 13.9 26.3 730.2 0.00 0 0.0 14.9 23.9 23.4 3.634  -42.5   17.7   20.1  27   -1.7  16 0 0 1 2 1 0 14.2 26.5 14.1 26.7 80.0 100 100 20 408 0 143 0 401 401 400 0 0 0 60 50 AUTO 0 
b.1 2025-08-15 10:44:11.480 a 2025-08-15-10:44:02 208 242 264 1.7 6.6 8.7 13.9 26.2 730.2 0.00 0 0.0 14.9 24.0 23.4 3.634  -43.5   17.7   19.6  27   -1.7  16 0 0 1 2 1 0 14.2 26.4 14.2 26.6 80.0 100 100 20 408 0 143 0 401 401 399 0 0 0 59 50 AUTO 0 
b.1 2025-08-15 10:45:12.822 a 2025-08-15-10:45:03 190 243 274 1.7 6.3 8.8 13.9 26.2 730.2 0.00 0 0.0 14.9 23.8 23.4 3.633  -43.7   17.7   18.5  27   -1.7  16 0 0 1 2 1 0 14.2 26.5 14.2 26.7 80.0 100 100 20 408 0 143 0 401 401 399 0 0 0 59 50 AUTO 0 
b.1 2025-08-15 10:46:18.144 a 2025-08-15-10:46:09 218 245 270 2.1 6.6 9.1 13.8 26.2 730.2 0.00 0 0.0 14.9 23.9 23.4 3.633  -40.2   17.7   18.5  27   -1.7   5 0 0 1 2 1 0 14.2 26.2 14.2 26.5 80.0 100 100 20 408 0 143 0 401 401 400 0 0 0 59 50 AUTO 0 
b.1 2025-08-15 10:47:17.381 a 2025-08-15-10:47:08 211 236 268 1.8 6.5 9.0 13.8 26.2 730.2 0.00 0 0.0 14.9 24.1 24.5 3.627  -42.0   17.7   18.9  27   -1.8  13 0 0 1 2 1 0 14.2 26.3 14.1 26.5 80.0 100 100 20 408 0 143 0 402 401 400 0 0 0 60 50 AUTO 0 
b.1 2025-08-15 10:48:11.559 a 2025-08-15-10:48:02 211 237 268 2.5 6.8 9.4 13.8 26.3 730.2 0.00 0 0.0 15.0 24.0 24.5 3.628  -43.8   17.7   21.2  27   -1.8  18 0 0 1 2 1 0 14.1 26.4 14.1 26.7 80.0 100 100 20 408 0 143 0 401 401 399 0 0 0 60 50 AUTO 0 
b.1 2025-08-15 10:49:12.342 a 2025-08-15-10:49:03 210 238 270 1.0 6.7 10.0 13.8 26.2 730.2 0.00 0 0.0 15.0 24.0 24.5 3.634  -43.5   17.6   20.0  27   -1.8  16 0 0 1 2 1 0 14.1 26.4 14.1 26.7 80.0 100 100 20 408 0 143 0 401 402 400 0 0 0 59 50 AUTO 0 
b.1 2025-08-15 10:50:12.881 a 2025-08-15-10:50:03 210 227 246 3.1 6.8 10.4 13.9 26.1 730.2 0.00 0 0.0 14.9 24.1 24.5 3.626  -43.8   17.6   18.3  27   -1.8  16 0 0 1 2 1 0 14.1 26.5 14.1 26.7 80.0 100 100 20 408 0 143 0 401 401 400 0 0 0 59 50 AUTO 0 
b.1 2025-08-15 10:51:13.144 a 2025-08-15-10:51:04 132 233 263 1.0 5.3 8.6 13.9 26.3 730.2 0.00 0 0.0 14.9 24.1 24.4 3.627  -42.6   17.7   15.0  27   -1.8  16 0 0 1 2 1 0 14.1 26.7 14.1 26.9 80.0 100 100 20 408 0 143 0 401 401 400 0 0 0 59 50 AUTO 0 
b.1 2025-08-15 10:52:16.940 a 2025-08-15-10:52:07 184 240 277 0.8 5.9 9.0 13.8 26.3 730.2 0.00 0 0.0 15.0 24.1 24.4 3.632  -42.1   17.6   15.4  27   -1.8   5 0 0 1 2 1 0 14.1 26.7 14.1 26.9 80.0 100 100 20 408 0 143 0 401 401 400 0 0 0 60 50 AUTO 0 
b.1 2025-08-15 10:53:18.285 a 2025-08-15-10:53:09 215 239 266 3.3 7.1 10.0 13.8 26.4 730.2 0.00 0 0.0 15.0 24.1 24.5 3.628  -42.2   17.6   19.4  27   -1.8  13 0 0 1 2 1 0 14.1 26.6 14.1 26.8 80.0 100 100 20 408 0 143 0 401 401 400 0 0 0 60 50 AUTO 0 
b.1 2025-08-15 10:54:21.171 a 2025-08-15-10:54:12 206 238 266 3.4 7.1 10.8 13.8 26.5 730.2 0.00 0 0.0 15.0 24.1 24.5 3.627  -42.6   17.6   21.0  27   -1.8  19 0 0 1 2 1 0 14.0 26.8 14.1 26.9 80.0 100 100 20 408 0 143 0 401 401 400 0 0 0 59 50 AUTO 0 
b.1 2025-08-15 10:55:21.802 a 2025-08-15-10:55:12 215 237 266 2.4 7.0 10.1 13.8 26.5 730.2 0.00 0 0.0 14.9 23.8 23.4 3.635  -41.4   17.6   22.3  27   -1.8  16 0 0 1 2 1 0 14.0 26.8 14.0 27.0 80.0 100 100 20 408 0 143 0 401 402 399 0 0 0 59 50 AUTO 0 
b.1 2025-08-15 10:56:16.500 a 2025-08-15-10:56:07 143 235 261 2.4 6.5 9.1 13.8 26.5 730.2 0.00 0 0.0 14.9 23.7 23.4 3.633  -44.0   17.6   20.5  27   -1.8  16 0 0 1 2 1 0 14.0 26.8 14.0 27.0 80.0 100 100 20 408 0 143 0 401 401 400 0 0 0 60 50 AUTO 0 
b.1 2025-08-15 10:57:22.263 a 2025-08-15-10:57:13 207 240 280 1.7 7.0 9.8 13.8 26.3 730.2 0.00 0 0.0 14.9 24.1 24.5 3.628  -44.8   17.6   19.8  27   -1.8  16 0 0 1 2 1 0 14.1 26.7 14.0 26.9 80.0 100 100 20 408 0 143 0 401 401 399 0 0 0 59 50 AUTO 0 
b.1 2025-08-15 10:58:14.263 a 2025-08-15-10:58:05 216 240 281 3.7 6.9 9.4 13.8 26.5 730.2 0.00 0 0.0 15.0 24.1 24.5 3.633  -44.2   17.6   21.0  27   -1.8  16 0 0 1 2 1 0 14.1 26.8 14.1 27.0 80.0 100 100 20 408 0 143 0 401 401 400 0 0 0 59 50 AUTO 0 
b.1 2025-08-15 10:59:15.244 a 2025-08-15-10:59:06 213 236 267 3.7 7.6 10.4 13.8 26.5 730.2 0.00 0 0.0 15.0 24.1 24.5 3.634  -45.7   17.6   22.2  27   -1.8  16 0 0 1 2 1 0 14.1 26.8 14.0 27.0 80.0 100 100 20 408 0 143 0 401 401 400 0 0 0 59 50 AUTO 0 
b.1 2025-08-15 11:00:23.282 a 2025-08-15-11:00:14 207 233 269 3.8 6.7 8.9 13.8 26.5 730.2 0.00 0 0.0 15.0 24.0 23.4 3.633  -43.1   17.6   20.9  27   -1.8  16 0 0 1 2 1 0 14.0 27.0 14.0 27.2 80.0 100 100 20 408 0 143 0 401 401 400 0 0 0 59 50 AUTO 0 
b.1 2025-08-15 11:01:11.483 a 2025-08-15-11:01:02 209 236 269 3.2 7.5 10.2 13.8 26.5 730.2 0.00 0 0.0 14.9 23.9 23.4 3.634  -44.3   17.6   23.4  27   -1.8  16 0 0 1 2 1 0 14.0 27.0 14.0 27.2 80.0 100 100 20 408 0 143 0 401 401 400 0 0 0 59 50 AUTO 0 
b.1 2025-08-15 11:02:19.388 a 2025-08-15-11:02:10 211 237 269 2.3 6.6 9.0 13.8 26.7 730.1 0.00 0 0.0 15.0 23.7 23.4 3.633  -44.0   17.6   21.5  27   -1.8  16 0 0 1 2 1 0 14.0 27.2 14.0 27.4 80.0 100 100 20 408 0 143 0 401 401 400 0 0 0 59 50 AUTO 0 
b.1 2025-08-15 11:03:10.025 a 2025-08-15-11:03:00 205 237 272 1.2 6.7 10.3 13.8 26.6 730.1 0.00 0 0.0 14.9 23.9 23.4 3.633  -42.2   17.6   21.5  27   -1.8  16 0 0 1 2 1 0 14.0 27.3 13.9 27.5 80.0 100 100 20 408 0 143 0 401 401 400 0 0 0 59 50 AUTO 0 
b.1 2025-08-15 11:04:13.825 a 2025-08-15-11:04:04 175 238 267 1.1 6.0 8.5 13.8 26.5 730.1 0.00 0 0.0 14.9 24.0 23.4 3.634  -44.0   17.6   18.0  27   -1.8  16 0 0 1 2 1 0 13.9 27.3 13.9 27.6 80.0 100 100 20 408 0 142 0 401 401 400 0 0 0 60 50 AUTO 0 
b.1 2025-08-15 11:05:17.582 a 2025-08-15-11:05:08 214 236 281 3.6 7.4 9.7 13.7 26.5 730.1 0.00 0 0.0 15.0 24.1 24.5 3.628  -43.9   17.6   22.6  27   -1.8  16 0 0 1 2 1 0 13.9 27.3 13.9 27.6 80.0 100 100 20 408 0 143 0 401 402 400 0 0 0 59 50 AUTO 0 
b.1 2025-08-15 11:06:12.105 a 2025-08-15-11:06:03 216 236 264 3.6 8.1 10.7 13.7 26.6 730.1 0.00 0 0.0 15.0 24.1 24.5 3.626  -44.3   17.6   26.1  27   -1.8  16 0 0 1 2 1 0 13.9 27.3 13.9 27.5 80.0 100 100 20 408 0 143 0 401 401 399 0 0 0 60 50 AUTO 0 
b.1 2025-08-15 11:07:13.484 a 2025-08-15-11:07:04 192 231 274 0.9 6.8 9.7 13.7 26.5 730.1 0.00 0 0.0 14.9 24.0 23.4 3.633  -42.8   17.6   22.5  27   -1.9  16 0 0 1 2 1 0 13.9 27.4 13.8 27.6 80.0 100 100 20 408 0 143 0 401 401 399 0 0 0 60 50 AUTO 0 
b.1 2025-08-15 11:08:18.253 a 2025-08-15-11:08:09 217 238 267 4.1 7.5 10.2 13.7 26.6 730.1 0.00 0 0.0 15.0 24.0 24.5 3.628  -44.6   17.6   23.8  27   -1.9  16 0 0 1 2 1 0 13.8 27.5 13.8 27.7 80.0 100 100 20 408 0 143 0 401 401 400 0 0 0 59 50 AUTO 0 
b.1 2025-08-15 11:09:11.726 a 2025-08-15-11:09:02 202 235 264 3.7 7.1 9.3 13.7 26.6 730.1 0.00 0 0.0 14.8 23.9 23.4 3.633  -45.2   17.6   21.9  27   -1.9  16 0 0 1 2 1 0 13.8 27.5 13.8 27.7 80.0 100 100 20 408 0 143 0 402 401 400 0 0 0 59 50 AUTO 0 
b.1 2025-08-15 11:10:13.305 a 2025-08-15-11:10:04 218 238 260 2.3 7.3 9.4 13.7 26.7 730.1 0.00 0 0.0 14.9 23.9 23.4 3.634  -44.7   17.5   23.1  27   -1.9  16 0 0 1 2 1 0 13.8 27.5 13.8 27.8 80.0 100 100 20 408 0 143 0 401 401 400 0 0 0 60 50 AUTO 0 
b.1 2025-08-15 11:11:17.944 a 2025-08-15-11:11:08 218 237 260 2.3 6.8 9.4 13.6 26.5 730.1 0.00 0 0.0 14.9 24.1 24.4 3.627  -43.1   17.5   21.7  27   -1.9  16 0 0 1 2 1 0 13.8 27.4 13.8 27.7 80.0 100 100 20 408 0 143 0 401 401 399 0 0 0 59 50 AUTO 0 
b.1 2025-08-15 11:12:12.747 a 2025-08-15-11:12:03 212 237 264 1.2 6.2 8.4 13.6 26.6 730.0 0.00 0 0.0 15.0 24.1 24.4 3.632  -43.2   17.5   19.9  27   -1.9  16 0 0 1 2 1 0 13.8 27.6 13.8 27.8 80.0 100 100 20 408 0 143 0 400 402 400 0 0 0 59 50 AUTO 0 
b.1 2025-08-15 11:13:13.947 a 2025-08-15-11:13:04 213 235 260 1.8 7.7 10.0 13.6 26.6 730.0 0.00 0 0.0 15.0 24.1 24.5 3.627  -45.3   17.5   23.5  27   -1.9  16 0 0 1 2 1 0 13.8 27.6 13.8 27.7 80.0 100 100 20 408 0 143 0 401 401 400 0 0 0 59 50 AUTO 0 
b.1 2025-08-15 11:14:19.108 a 2025-08-15-11:14:09 190 236 278 1.5 6.1 9.3 13.6 26.5 730.0 0.00 0 0.0 14.9 23.9 23.4 3.633  -43.5   17.5   19.6  27   -1.9  16 0 0 1 2 1 0 13.8 27.5 13.7 27.7 80.0 100 100 20 408 0 143 0 401 401 400 0 0 0 59 50 AUTO 0 
b.1 2025-08-15 11:15:12.229 a 2025-08-15-11:15:03 194 235 270 1.5 6.7 10.1 13.6 26.5 730.1 0.00 0 0.0 14.8 23.9 23.4 3.633  -44.7   17.5   20.2  27   -1.9  16 0 0 1 2 1 0 13.7 27.5 13.7 27.7 80.0 100 100 20 408 0 143 0 401 401 399 0 0 0 60 50 AUTO 0 
b.1 2025-08-15 11:16:19.388 a 2025-08-15-11:16:10 217 236 266 2.4 7.6 10.0 13.6 26.6 730.1 0.00 0 0.0 14.8 23.8 23.4 3.633  -44.9   17.5   23.2  26   -2.0  16 0 0 1 2 1 0 13.7 27.4 13.7 27.6 80.0 100 100 20 408 0 143 0 401 401 400 0 0 0 60 50 AUTO 0 
b.1 2025-08-15 11:17:14.023 a 2025-08-15-11:17:04 218 236 258 5.2 7.9 10.1 13.6 26.3 730.1 0.00 0 0.0 15.0 24.1 24.5 3.626  -45.4   17.4   25.2  26   -2.0  16 0 0 1 2 1 0 13.7 27.2 13.7 27.5 80.0 100 100 20 408 0 143 0 401 402 400 0 0 0 59 50 AUTO 0 
b.1 2025-08-15 11:18:20.009 a 2025-08-15-11:18:10 205 235 258 3.7 7.6 9.9 13.6 26.3 730.0 0.00 0 0.0 15.0 24.1 24.5 3.627  -44.9   17.4   24.3  26   -2.0  16 0 0 1 2 1 0 13.7 27.2 13.7 27.5 80.0 100 100 20 408 0 143 0 401 401 399 0 0 0 60 50 AUTO 0 
b.1 2025-08-15 11:19:10.368 a 2025-08-15-11:19:01 205 234 260 1.9 8.0 11.0 13.5 26.4 730.0 0.00 0 0.0 15.0 24.0 23.4 3.633  -45.7   17.4   25.9  26   -2.0  16 0 0 1 2 1 0 13.7 27.3 13.7 27.4 80.0 100 100 20 408 0 143 0 401 401 399 0 0 0 60 50 AUTO 0 
b.1 2025-08-15 11:20:15.286 a 2025-08-15-11:20:06 218 237 272 3.9 7.2 10.4 13.5 26.2 730.0 0.00 0 0.0 14.9 23.9 23.4 3.634  -45.7   17.4   24.4  26   -2.0  16 0 0 1 2 1 0 13.7 27.2 13.7 27.4 80.0 100 100 20 408 0 143 0 401 401 399 0 0 0 59 50 AUTO 0 
b.1 2025-08-15 11:21:12.405 a 2025-08-15-11:21:03 216 236 273 3.3 6.9 9.8 13.5 26.3 730.0 0.00 0 0.0 14.9 23.8 23.4 3.634  -44.6   17.4   22.4  26   -2.0  16 0 0 1 2 1 0 13.7 27.3 13.7 27.5 80.0 100 100 20 408 0 143 0 401 401 400 0 0 0 60 50 AUTO 0 
b.1 2025-08-15 11:22:13.507 a 2025-08-15-11:22:04 216 235 253 6.0 8.1 10.3 13.5 26.4 730.0 0.00 0 0.0 14.8 23.8 23.4 3.633  -45.5   17.4   26.5  26   -2.1  16 0 0 1 2 1 0 13.6 27.3 13.6 27.4 80.0 100 100 20 408 0 143 0 401 401 400 0 0 0 60 50 AUTO 0 
b.1 2025-08-15 11:23:13.305 a 2025-08-15-11:23:04 210 237 272 3.8 7.8 11.2 13.5 26.1 730.0 0.00 0 0.0 14.9 23.9 23.4 3.633  -45.6   17.4   26.5  26   -2.1  16 0 0 1 2 1 0 13.7 27.2 13.7 27.3 80.0 100 100 20 408 0 143 0 401 402 400 0 0 0 59 50 AUTO 0 
b.1 2025-08-15 11:24:11.887 a 2025-08-15-11:24:02 169 238 265 1.6 6.9 9.0 13.5 26.0 730.0 0.00 0 0.0 15.0 23.9 23.4 3.633  -43.1   17.4   22.9  26   -2.1  16 0 0 1 2 1 0 13.7 27.2 13.7 27.2 80.0 100 100 20 408 0 143 0 401 401 399 0 0 0 59 50 AUTO 0 
b.1 2025-08-15 11:25:14.905 a 2025-08-15-11:25:05 214 236 257 5.2 7.7 9.7 13.5 26.0 730.0 0.00 0 0.0 14.9 24.1 24.5 3.627  -45.6   17.4   24.7  26   -2.1  16 0 0 1 2 1 0 13.7 27.1 13.7 27.3 80.0 100 100 20 408 0 143 0 401 401 400 0 0 0 60 50 AUTO 0 
b.1 2025-08-15 11:26:11.868 a 2025-08-15-11:26:02 216 235 278 5.1 7.9 9.9 13.5 25.9 730.0 0.00 0 0.0 15.0 24.1 24.5 3.627  -45.5   17.4   26.2  26   -2.1  16 0 0 1 2 1 0 13.7 26.9 13.7 27.3 80.0 100 100 20 408 0 143 0 402 401 400 0 0 0 59 50 AUTO 0 
b.1 2025-08-15 11:27:11.588 a 2025-08-15-11:27:02 213 235 264 4.5 8.2 10.8 13.5 25.8 730.0 0.00 0 0.0 15.0 24.1 24.5 3.628  -46.1   17.4   28.4  26   -2.2  21 0 0 1 2 1 0 13.8 26.8 13.7 27.0 80.0 100 100 20 408 0 141 0 402 401 400 0 0 3 60 50 AUTO 0 
b.1 2025-08-15 11:28:19.112 a 2025-08-15-11:28:10 205 234 266 3.3 7.8 10.7 13.5 25.4 730.0 0.00 0 0.0 15.0 24.1 24.4 3.632  -45.3   17.4   26.8  26   -2.2  17 0 0 1 2 1 0 13.8 26.6 13.7 26.8 80.0 100 100 20 408 0 143 0 401 402 400 0 0 0 60 50 AUTO 0 
b.1 2025-08-15 11:29:12.726 a 2025-08-15-11:29:03 214 237 266 2.7 7.8 10.4 13.5 25.7 730.0 0.00 0 0.0 14.9 23.7 23.4 3.634  -45.9   17.3   25.9  26   -2.3  17 0 0 1 2 1 0 13.8 26.4 13.7 26.5 80.0 100 100 20 408 0 143 0 401 401 400 0 0 0 59 50 AUTO 0 
b.1 2025-08-15 11:30:23.684 a 2025-08-15-11:30:14 214 234 257 4.1 7.5 9.5 13.5 25.6 730.0 0.00 0 0.0 14.9 23.9 23.4 3.633  -44.5   17.3   23.6  26   -2.3  17 0 0 1 2 1 0 13.8 26.4 13.7 26.5 80.0 100 100 20 408 0 132 0 401 401 400 0 0 0 59 50 AUTO 0 
b.1 2025-08-15 11:31:16.848 a 2025-08-15-11:31:07 214 234 269 2.9 7.5 10.4 13.5 25.6 730.0 0.00 0 0.0 14.9 23.7 23.4 3.634  -45.1   17.3   25.1  26   -2.3  17 0 0 1 2 1 0 13.8 26.4 13.7 26.5 80.0 100 100 20 408 0 143 0 402 401 400 0 0 0 60 50 AUTO 0 
b.1 2025-08-15 11:32:12.849 a 2025-08-15-11:32:03 217 235 262 2.3 7.9 10.3 13.5 25.6 730.0 0.00 0 0.0 14.9 23.8 23.4 3.633  -45.0   17.3   25.7  26   -2.3  17 0 0 1 2 1 0 13.8 26.4 13.7 26.5 80.0 100 100 20 408 0 143 0 401 401 400 0 0 0 59 50 AUTO 0 
b.1 2025-08-15 11:33:19.765 a 2025-08-15-11:33:10 214 236 264 4.6 7.6 10.4 13.6 25.2 730.0 0.00 0 0.0 14.9 24.0 23.4 3.633  -44.8   17.3   25.0  26   -2.4  17 0 0 1 2 1 0 13.8 26.1 13.7 26.4 80.0 100 100 20 408 0 143 0 401 401 400 0 0 0 59 50 AUTO 0 
b.1 2025-08-15 11:34:12.888 a 2025-08-15-11:34:03 150 233 263 2.5 7.6 9.8 13.6 25.2 730.0 0.00 0 0.0 15.0 24.1 24.5 3.627  -46.9   17.3   24.3  26   -2.4  17 0 0 1 2 1 0 13.8 26.1 13.7 26.2 80.0 100 100 20 408 0 143 0 401 401 400 0 0 0 60 50 AUTO 0 
b.1 2025-08-15 11:35:15.526 a 2025-08-15-11:35:06 217 232 257 2.9 8.6 11.0 13.6 25.2 730.0 0.00 0 0.0 14.9 23.8 23.4 3.633  -47.2   17.3   27.4  26   -2.4  17 0 0 1 2 1 0 13.8 26.0 13.7 26.3 80.0 100 100 20 408 0 143 0 402 401 400 0 0 0 59 50 AUTO 0 
b.1 2025-08-15 11:36:13.888 a 2025-08-15-11:36:04 216 234 260 5.1 7.8 10.4 13.6 25.4 730.0 0.00 0 0.0 14.9 24.1 24.5 3.627  -44.6   17.4   26.8  26   -2.4  17 0 0 1 2 1 0 13.8 26.1 13.7 26.4 80.0 100 100 20 408 0 143 0 401 402 399 0 0 0 59 50 AUTO 0 
b.1 2025-08-15 11:37:13.108 a 2025-08-15-11:37:03 217 233 256 4.2 7.7 9.9 13.6 25.2 730.0 0.00 0 0.0 15.0 24.0 24.4 3.634  -45.0   17.3   25.2  26   -2.4  17 0 0 1 2 1 0 13.8 26.2 13.7 26.2 80.0 100 100 20 408 0 143 0 401 402 400 0 0 0 60 50 AUTO 0 
b.1 2025-08-15 11:38:13.990 a 2025-08-15-11:38:04 212 234 262 6.0 8.1 9.9 13.5 25.3 730.0 0.00 0 0.0 15.0 24.0 24.5 3.626  -46.3   17.3   27.4  26   -2.4  17 0 0 1 2 1 0 13.8 26.2 13.7 26.2 80.0 100 100 20 408 0 143 0 401 401 400 0 0 0 59 50 AUTO 0 
b.1 2025-08-15 11:39:11.609 a 2025-08-15-11:39:02 217 233 256 6.2 8.7 10.0 13.5 25.4 730.0 0.00 0 0.0 14.9 23.7 23.4 3.633  -46.9   17.3   30.0  26   -2.4  17 0 0 1 2 1 0 13.8 26.1 13.7 26.3 80.0 100 100 20 408 0 143 0 401 401 399 0 0 0 59 50 AUTO 0 
b.1 2025-08-15 11:40:14.569 a 2025-08-15-11:40:05 212 233 266 1.6 8.4 10.7 13.5 25.2 730.0 0.00 0 0.0 14.8 23.7 23.4 3.633  -46.9   17.3   29.1  26   -2.5  17 0 0 1 2 1 0 13.8 25.9 13.7 26.2 80.0 100 100 20 408 0 143 0 401 401 400 0 0 0 60 50 AUTO 0 
b.1 2025-08-15 11:41:12.750 a 2025-08-15-11:41:03 218 236 266 3.1 8.1 10.7 13.5 25.0 730.0 0.00 0 0.0 14.9 23.7 23.4 3.633  -45.5   17.4   26.8  26   -2.5  17 0 0 1 2 1 0 13.8 25.7 13.7 26.0 80.0 100 100 20 408 0 143 0 402 401 400 0 0 0 59 50 AUTO 0 
b.1 2025-08-15 11:42:12.197 a 2025-08-15-11:42:03 148 232 258 3.4 7.7 9.6 13.6 25.2 730.0 0.00 0 0.0 15.0 24.1 24.4 3.626  -44.8   17.4   26.0  26   -2.5  17 0 0 1 2 1 0 13.8 25.9 13.7 26.1 80.0 100 100 20 408 0 143 0 401 401 400 0 0 0 59 50 AUTO 0 
b.1 2025-08-15 11:43:13.249 a 2025-08-15-11:43:04 212 233 257 5.5 8.2 9.9 13.5 25.1 730.0 0.00 0 0.0 15.1 24.1 24.5 3.627  -45.6   17.4   27.5  26   -2.5  17 0 0 1 2 1 0 13.8 25.9 13.7 26.0 80.0 100 100 20 408 0 143 0 401 401 400 0 0 0 59 50 AUTO 0 
b.1 2025-08-15 11:44:10.930 a 2025-08-15-11:44:01 212 231 251 6.0 8.5 10.3 13.5 25.1 729.9 0.00 0 0.0 14.9 24.0 23.4 3.634  -48.2   17.4   28.4  26   -2.5  17 0 0 1 2 1 0 13.7 25.7 13.7 25.9 80.0 100 100 20 408 0 143 0 401 402 400 4 4 4 59 50 AUTO 0 
b.1 2025-08-15 11:45:16.125 a 2025-08-15-11:45:07 201 232 256 3.5 7.5 10.6 13.5 24.9 729.9 0.00 0 0.0 14.8 23.7 23.4 3.633  -47.1   17.3   25.9  26   -2.6  17 0 0 1 2 1 0 13.6 25.0 13.6 25.3 80.0 100 100 20 408 0 143 0 401 401 400 0 0 0 59 50 AUTO 0 
b.1 2025-08-15 11:46:21.325 a 2025-08-15-11:46:12 211 235 257 4.3 7.2 9.5 13.5 24.9 729.9 0.00 0 0.0 14.8 23.8 23.4 3.633  -44.1   17.3   24.3  26   -2.6  17 0 0 1 2 1 0 13.6 24.8 13.7 24.9 80.0 100 100 20 408 0 143 0 402 401 400 0 0 0 60 50 AUTO 0 
b.1 2025-08-15 11:47:12.312 a 2025-08-15-11:47:03 211 232 256 4.3 8.0 10.6 13.5 25.0 729.9 0.00 0 0.0 14.9 23.9 23.4 3.633  -46.5   17.3   26.5  25   -2.6  17 0 0 1 2 1 0 13.6 25.1 13.7 25.2 80.0 100 100 20 408 0 143 0 401 402 399 0 0 0 60 50 AUTO 0 
b.1 2025-08-15 11:48:22.332 a 2025-08-15-11:48:13 213 232 258 6.2 8.9 11.4 13.4 25.0 729.9 0.00 0 0.0 15.0 23.8 23.4 3.634  -48.1   17.3   31.3  25   -2.7  17 0 0 1 3 1 1 13.6 24.9 13.6 25.0 80.0 100 100 20 408 0 142 0 402 401 400 0 0 0 59 50 AUTO 0 
b.1 2025-08-15 11:49:11.312 a 2025-08-15-11:49:02 213 234 261 5.8 8.8 11.2 13.5 24.7 729.9 0.00 0 0.0 15.0 24.1 24.4 3.633  -46.0   17.3   30.4  25   -2.7  17 0 0 1 3 1 1 13.6 24.9 13.7 25.0 80.0 100 100 20 408 0 143 0 401 401 400 0 0 0 60 50 AUTO 0 
b.1 2025-08-15 11:50:22.368 a 2025-08-15-11:50:13 211 233 265 4.0 7.4 9.6 13.5 24.6 729.9 0.00 0 0.0 14.9 24.0 23.4 3.633  -46.4   17.3   26.3  25   -2.7  17 0 0 1 2 1 0 13.6 24.8 13.7 24.8 80.0 100 100 20 408 0 143 0 401 401 400 0 0 0 59 50 AUTO 0 
b.1 2025-08-15 11:51:19.608 a 2025-08-15-11:51:10 211 232 257 5.0 8.2 11.2 13.5 24.7 729.9 0.00 0 0.0 14.9 23.9 23.4 3.634  -44.7   17.3   27.9  25   -2.7  17 0 0 1 2 1 0 13.6 24.8 13.7 24.8 80.0 100 100 20 408 0 143 0 401 402 400 0 0 0 60 50 AUTO 0 
b.1 2025-08-15 11:52:13.569 a 2025-08-15-11:52:04 218 234 267 3.7 7.8 10.6 13.4 24.7 729.9 0.00 0 0.0 15.0 24.1 24.5 3.627  -46.5   17.3   27.7  25   -2.7  17 0 0 1 2 1 0 13.6 24.8 13.6 24.9 80.0 100 100 20 408 0 108 0 401 401 400 0 0 0 59 50 AUTO 0 
b.1 2025-08-15 11:53:15.507 a 2025-08-15-11:53:06 209 231 251 5.1 8.7 10.9 13.4 24.8 729.9 0.00 0 0.0 15.0 24.1 24.5 3.634  -47.5   17.3   29.4  25   -2.8  17 0 0 1 2 1 0 13.6 24.8 13.6 24.9 80.0 100 100 20 408 0 143 0 401 401 400 0 0 0 59 50 AUTO 0 
b.1 2025-08-15 11:54:12.296 a 2025-08-15-11:54:03 200 234 257 4.7 7.9 10.6 13.4 24.8 729.9 0.00 0 0.0 14.9 23.9 23.4 3.633  -46.8   17.3   28.5  25   -2.8  17 0 0 1 2 1 0 13.6 24.7 13.6 24.9 80.0 100 100 20 408 0 143 0 402 401 400 0 0 0 60 50 AUTO 0 
b.1 2025-08-15 11:55:14.555 a 2025-08-15-11:55:05 213 232 250 4.5 8.4 10.6 13.4 24.7 729.9 0.00 0 0.0 14.9 23.9 23.4 3.633  -47.1   17.3   28.4  25   -2.8  17 0 0 1 2 1 0 13.6 24.5 13.5 24.8 80.0 100 100 20 408 0 143 0 401 401 400 0 0 0 59 50 AUTO 0 
b.1 2025-08-15 11:56:11.930 a 2025-08-15-11:56:02 213 231 266 4.3 8.6 12.0 13.4 24.6 729.9 0.00 0 0.0 14.8 23.7 23.4 3.634  -47.2   17.2   29.9  25   -2.8  17 0 0 1 2 1 0 13.6 24.6 13.5 24.8 80.0 100 100 20 408 0 143 0 402 401 400 0 0 0 60 50 AUTO 0 
b.1 2025-08-15 11:57:13.134 a 2025-08-15-11:57:04 208 233 262 5.1 8.8 11.4 13.5 24.5 729.9 0.00 0 0.0 14.9 23.9 23.4 3.634  -46.7   17.2   30.7  25   -2.9  17 0 0 1 3 1 1 13.6 24.8 13.6 25.0 80.0 100 100 20 408 0 143 0 401 402 400 0 0 0 60 50 AUTO 0 
b.1 2025-08-15 11:58:12.371 a 2025-08-15-11:58:03 212 232 262 5.3 8.9 10.9 13.5 24.5 729.9 0.00 0 0.0 15.0 24.1 24.5 3.628  -47.0   17.2   30.6  25   -2.9  17 0 0 1 3 1 1 13.6 24.7 13.6 24.8 80.0 100 100 20 408 0 143 0 401 401 400 0 0 0 59 50 AUTO 0 
b.1 2025-08-15 11:59:13.671 a 2025-08-15-11:59:04 184 232 256 4.3 8.5 11.3 13.5 24.3 729.9 0.00 0 0.0 15.0 24.1 24.5 3.627  -47.2   17.2   29.7  25   -2.9  17 0 0 1 2 1 0 13.6 24.6 13.6 24.8 80.0 100 100 20 408 0 143 0 401 400 400 0 0 0 60 50 AUTO 0 
b.1 2025-08-15 12:00:16.270 a 2025-08-15-12:00:07 218 233 253 5.8 9.5 12.2 13.5 24.4 729.8 0.00 0 0.0 15.0 24.1 24.5 3.627  -45.0   17.2   33.5  25   -3.0  17 0 0 1 3 1 1 13.7 24.4 13.7 24.6 80.0 100 100 20 408 0 143 0 400 401 399 0 0 0 59 50 AUTO 0 
b.1 2025-08-15 12:01:09.957 a 2025-08-15-12:01:00 214 233 266 5.2 9.4 12.1 13.6 24.1 729.8 0.00 0 0.0 14.9 23.9 23.4 3.633  -46.5   17.2   32.6  25   -3.0  17 0 0 1 3 1 1 13.7 24.1 13.7 24.3 80.0 100 100 20 408 0 143 0 401 401 400 0 0 0 59 50 AUTO 0 
b.1 2025-08-15 12:02:13.051 a 2025-08-15-12:02:03 210 232 264 5.2 8.8 11.0 13.6 24.0 729.8 0.00 0 0.0 14.9 23.9 23.4 3.634  -45.8   17.2   31.6  25   -3.0  18 0 0 1 3 1 1 13.7 24.0 13.7 24.1 80.0 100 100 20 408 0 143 0 401 401 399 0 0 0 60 50 AUTO 0 
b.1 2025-08-15 12:03:12.394 a 2025-08-15-12:03:03 210 233 268 6.1 9.9 11.8 13.7 24.0 729.9 0.00 0 0.0 14.9 23.8 23.4 3.633  -46.8   17.3   35.6  25   -3.0  18 0 0 1 3 1 1 13.7 23.8 13.7 24.0 80.0 100 100 20 408 0 143 0 401 401 399 0 0 0 59 50 AUTO 0 
b.1 2025-08-15 12:04:13.109 a 2025-08-15-12:04:03 214 232 260 4.4 9.2 11.7 13.6 24.2 729.9 0.00 0 0.0 14.9 23.9 23.4 3.634  -46.4   17.3   33.7  25   -3.1  18 0 0 1 3 1 1 13.8 23.8 13.8 23.9 80.0 100 100 20 408 0 143 0 401 401 400 0 0 0 60 50 AUTO 0 
b.1 2025-08-15 12:05:14.173 a 2025-08-15-12:05:05 128 232 274 2.1 9.2 12.2 13.6 23.9 729.9 0.00 0 0.0 14.9 24.1 24.4 3.635  -46.2   17.3   32.7  25   -3.1  18 0 0 1 3 1 1 13.8 23.6 13.8 23.8 80.0 100 100 20 408 0 143 0 401 401 400 0 0 0 60 50 AUTO 0 
b.1 2025-08-15 12:06:11.253 a 2025-08-15-12:06:02 211 231 248 5.5 9.4 12.4 13.6 23.7 729.9 0.00 0 0.0 15.0 24.1 24.5 3.626  -47.7   17.3   33.8  25   -3.1  18 0 0 1 3 1 1 13.8 23.5 13.8 23.7 80.0 100 100 20 408 0 143 0 401 401 399 0 0 0 60 50 AUTO 0 
b.1 2025-08-15 12:07:10.732 a 2025-08-15-12:07:01 210 231 250 5.4 10.2 12.9 13.6 23.7 729.8 0.00 0 0.0 15.0 24.1 24.5 3.627  -47.7   17.3   37.0  25   -3.2  18 0 0 1 3 1 1 13.8 23.4 13.8 23.6 80.0 100 100 20 408 0 143 0 401 401 400 0 0 0 60 50 AUTO 0 
b.1 2025-08-15 12:08:11.933 a 2025-08-15-12:08:02 210 231 251 5.3 9.4 12.0 13.6 23.6 729.9 0.00 0 0.0 15.0 24.1 24.4 3.626  -47.9   17.3   35.9  24   -3.2  18 0 0 1 3 1 1 13.8 23.3 13.8 23.4 80.0 100 100 20 408 0 143 0 401 401 399 0 0 0 59 50 AUTO 0 
b.1 2025-08-15 12:09:09.694 a 2025-08-15-12:09:00 215 230 241 7.9 10.9 12.7 13.6 23.5 729.9 0.00 0 0.0 14.9 23.9 23.4 3.634  -49.0   17.3   40.5  24   -3.2  18 0 0 1 3 1 1 13.8 23.1 13.8 23.2 80.0 100 100 20 408 0 143 0 401 401 400 0 0 0 59 50 AUTO 0 
b.1 2025-08-15 12:10:12.892 a 2025-08-15-12:10:03 210 230 250 5.1 8.8 11.7 13.7 23.3 729.9 0.00 0 0.0 14.9 23.6 23.4 3.634  -47.1   17.3   34.1  24   -3.2  18 0 0 1 3 1 1 13.8 23.1 13.8 23.2 80.0 100 100 20 408 0 143 0 401 401 399 0 0 0 59 50 AUTO 0 
b.1 2025-08-15 12:11:11.032 a 2025-08-15-12:11:01 215 232 244 5.8 10.0 13.0 13.6 23.4 729.9 0.00 0 0.0 14.8 23.7 23.4 3.634  -47.1   17.3   38.3  24   -3.3  18 0 0 1 3 1 1 13.8 23.0 13.8 23.2 80.0 100 100 20 408 0 143 0 401 401 399 0 0 0 59 50 AUTO 0 
b.1 2025-08-15 12:12:12.276 a 2025-08-15-12:12:03 203 231 255 6.9 9.2 11.7 13.6 23.6 729.9 0.00 0 0.0 14.8 23.9 23.4 3.634  -47.5   17.3   36.1  24   -3.3  18 0 0 1 3 1 1 13.8 23.0 13.8 23.1 80.0 100 100 20 408 0 143 0 401 401 400 0 0 0 60 50 AUTO 0 
b.1 2025-08-15 12:13:11.740 a 2025-08-15-12:13:02 211 230 255 6.0 9.5 11.7 13.6 23.2 729.9 0.00 0 0.0 14.9 24.1 24.5 3.627  -47.7   17.3   34.1  24   -3.3  18 0 0 1 3 1 1 13.8 22.8 13.8 23.0 80.0 100 100 20 408 0 143 0 401 402 399 0 0 0 59 50 AUTO 0 
b.1 2025-08-15 12:14:12.411 a 2025-08-15-12:14:03 199 228 253 5.7 9.7 12.9 13.5 23.2 729.9 0.00 0 0.0 15.0 24.1 24.5 3.626  -47.8   17.3   34.8  24   -3.4  18 0 0 1 3 1 1 13.8 22.6 13.8 22.7 80.0 100 100 20 408 0 143 0 401 401 399 0 0 0 59 50 AUTO 0 
b.1 2025-08-15 12:15:12.865 a 2025-08-15-12:15:03 210 230 248 7.2 10.0 13.0 13.5 23.1 729.8 0.00 0 0.0 15.0 24.1 24.5 3.627  -49.5   17.3   36.7  24   -3.4  18 0 0 1 3 1 1 13.8 22.4 13.8 22.6 80.0 100 100 20 408 0 143 0 401 401 400 0 0 0 60 50 AUTO 0 
b.1 2025-08-15 12:16:10.394 a 2025-08-15-12:16:01 212 230 249 6.7 10.3 13.3 13.5 22.9 729.9 0.00 0 0.0 14.9 23.9 23.4 3.633  -47.5   17.3   35.7  24   -3.5  18 0 0 1 3 1 1 13.8 22.2 13.9 22.4 80.0 100 100 20 408 0 143 0 401 401 399 0 0 0 59 50 AUTO 0 
b.1 2025-08-15 12:17:10.713 a 2025-08-15-12:17:01 205 228 247 5.4 9.4 12.2 13.6 22.6 729.9 0.00 0 0.0 14.9 24.0 23.4 3.634  -47.9   17.3   34.7  24   -3.5  18 0 0 1 3 1 1 13.8 22.1 13.9 22.3 80.0 100 100 20 408 0 143 0 401 401 400 0 0 0 60 50 AUTO 0 
b.1 2025-08-15 12:18:13.634 a 2025-08-15-12:18:04 201 226 243 6.5 9.6 12.2 13.6 22.7 729.9 0.00 0 0.0 14.9 23.9 23.4 3.634  -46.4   17.3   31.9  24   -3.6   5 0 0 1 3 1 1 13.8 22.1 13.9 22.2 80.0 100 100 20 408 0 143 0 402 401 400 0 0 0 59 50 AUTO 0 
b.1 2025-08-15 12:19:10.176 a 2025-08-15-12:19:01 206 227 245 6.4 9.6 12.8 13.7 22.5 729.9 0.00 0 0.0 15.0 23.8 23.4 3.634  -45.3   17.3   31.9  24   -3.6  13 0 0 1 3 1 1 13.9 22.1 13.9 22.2 80.0 100 100 20 408 0 143 0 401 401 399 0 0 0 59 50 AUTO 0 
b.1 2025-08-15 12:20:15.076 a 2025-08-15-12:20:05 138 226 268 1.6 9.3 12.3 13.7 22.5 729.9 0.00 0 0.0 14.9 23.9 23.4 3.633  -46.9   17.3   30.9  24   -3.7  14 0 0 1 3 1 1 13.9 22.1 13.9 22.3 80.0 100 100 20 408 0 143 0 401 401 399 0 0 0 60 50 AUTO 0 
b.1 2025-08-15 12:21:13.717 a 2025-08-15-12:21:04 213 228 245 6.2 9.6 12.7 13.7 22.9 729.9 0.00 0 0.0 14.9 23.9 23.4 3.633  -46.8   17.3   32.9  24   -3.7  17 0 0 1 3 1 1 13.9 22.2 13.9 22.3 80.0 100 100 20 408 0 143 0 401 401 400 0 0 0 59 50 AUTO 0 
b.1 2025-08-15 12:22:12.637 a 2025-08-15-12:22:03 213 228 250 7.3 10.8 14.0 13.7 22.8 729.8 0.00 0 0.0 15.0 23.8 23.4 3.633  -47.7   17.3   37.0  24   -3.7  18 0 0 1 3 1 1 13.9 22.1 13.9 22.3 80.0 100 100 20 408 0 143 0 402 401 400 0 0 0 60 50 AUTO 0 
b.1 2025-08-15 12:23:13.598 a 2025-08-15-12:23:04 210 229 257 5.3 9.3 12.5 13.7 22.8 729.8 0.00 0 0.0 14.9 24.1 24.5 3.628  -47.5   17.3   35.1  24   -3.7  18 0 0 1 3 1 1 13.9 22.1 13.9 22.3 80.0 100 100 20 408 0 143 0 401 401 400 0 0 0 60 50 AUTO 0 
b.1 2025-08-15 12:24:13.036 a 2025-08-15-12:24:03 193 229 250 6.4 10.0 12.8 13.7 22.7 729.8 0.00 0 0.0 14.9 24.0 24.5 3.626  -45.9   17.3   36.0  24   -3.7  18 0 0 1 3 1 1 13.9 22.1 13.9 22.2 80.0 100 100 20 408 0 143 0 401 402 399 0 0 0 60 50 AUTO 0 
b.1 2025-08-15 12:25:12.596 a 2025-08-15-12:25:03 194 229 252 6.3 10.1 13.3 13.7 22.5 729.8 0.00 0 0.0 15.0 24.1 24.4 3.627  -47.4   17.3   37.3  23   -3.7  18 0 0 1 3 1 1 13.9 22.0 13.9 22.1 80.0 100 100 20 408 0 143 0 401 401 400 0 0 0 59 50 AUTO 0 
b.1 2025-08-15 12:26:11.516 a 2025-08-15-12:26:02 203 226 245 6.4 10.1 13.1 13.6 22.6 729.9 0.00 0 0.0 15.0 24.0 23.4 3.634  -47.4   17.3   36.2  23   -3.8  18 0 0 1 3 1 1 13.9 22.0 13.9 22.1 80.0 100 100 20 408 0 143 0 401 401 399 0 0 0 60 50 AUTO 0 
b.1 2025-08-15 12:27:11.676 a 2025-08-15-12:27:02 209 228 259 2.5 9.3 12.1 13.7 22.2 729.8 0.00 0 0.0 14.9 23.9 23.4 3.633  -46.7   17.3   35.2  23   -3.8  18 0 0 1 3 1 1 13.9 22.0 13.9 22.0 80.0 100 100 20 408 0 143 0 400 401 399 0 0 0 60 50 AUTO 0 
b.1 2025-08-15 12:28:11.818 a 2025-08-15-12:28:02 210 228 243 6.1 9.5 12.2 13.6 22.5 729.8 0.00 0 0.0 14.9 23.9 23.4 3.633  -46.5   17.3   34.1  23   -3.8  18 0 0 1 3 1 1 13.9 21.9 13.9 22.0 80.0 100 100 20 408 0 143 0 401 401 400 0 0 0 59 50 AUTO 0 
b.1 2025-08-15 12:29:12.595 a 2025-08-15-12:29:03 207 225 239 6.5 10.0 13.6 13.7 22.5 729.8 0.00 0 0.0 14.9 23.9 23.4 3.634  -47.8   17.3   34.1  23   -3.8  18 0 0 1 3 1 1 13.9 21.8 13.9 21.9 80.0 100 100 20 408 0 143 0 401 401 399 0 0 0 60 50 AUTO 0 
b.1 2025-08-15 12:30:13.835 a 2025-08-15-12:30:04 185 227 249 5.7 9.6 13.1 13.7 22.0 729.8 0.00 0 0.0 14.9 23.9 23.4 3.634  -49.1   17.3   34.1  23   -3.9  18 0 0 1 3 1 1 13.9 21.8 13.9 21.9 80.0 100 100 20 408 0 143 0 401 401 400 0 0 0 60 50 AUTO 0 
b.1 2025-08-15 12:31:12.157 a 2025-08-15-12:31:02 203 228 241 7.1 10.0 13.0 13.6 22.2 729.8 0.00 0 0.0 14.9 24.1 24.5 3.628  -47.9   17.3   36.1  23   -3.9  18 0 0 1 3 1 1 13.9 21.6 13.9 21.8 80.0 100 100 20 408 0 143 0 402 401 400 0 0 0 59 50 AUTO 0 
b.1 2025-08-15 12:32:11.996 a 2025-08-15-12:32:02 207 226 251 6.2 9.6 12.4 13.6 22.1 729.8 0.00 0 0.0 15.0 24.1 24.5 3.628  -48.2   17.3   34.1  23   -3.9  18 0 0 1 3 1 1 13.9 21.6 13.9 21.7 80.0 100 100 20 408 0 143 0 401 401 400 0 0 0 59 50 AUTO 0 
b.1 2025-08-15 12:33:15.801 a 2025-08-15-12:33:06 207 227 245 6.7 10.1 13.3 13.6 22.0 729.8 0.00 0 0.0 15.0 24.1 24.5 3.627  -48.3   17.3   37.0  23   -4.0  18 0 0 1 3 1 1 13.9 21.4 13.9 21.6 80.0 100 100 20 408 0 143 0 402 401 400 0 0 0 59 50 AUTO 0 
b.1 2025-08-15 12:34:10.637 a 2025-08-15-12:34:01 208 227 245 6.7 10.1 13.6 13.6 22.1 729.8 0.00 0 0.0 15.0 24.1 24.5 3.627  -47.1   17.3   37.0  23   -4.0  18 0 0 1 3 1 1 13.9 21.3 13.9 21.5 80.0 100 100 20 408 0 143 0 400 401 400 0 0 0 60 50 AUTO 0 
b.1 2025-08-15 12:35:13.536 a 2025-08-15-12:35:04 211 229 247 6.5 9.7 12.3 13.7 21.8 729.8 0.00 0 0.0 15.0 23.9 23.4 3.633  -47.9   17.3   34.0  23   -4.0  18 0 0 1 3 1 1 13.9 21.1 14.0 21.2 80.0 100 100 20 408 0 143 0 401 401 400 0 0 0 59 50 AUTO 0 
b.1 2025-08-15 12:36:10.318 a 2025-08-15-12:36:01 205 229 254 6.0 9.6 12.6 13.7 21.8 729.8 0.00 0 0.0 14.9 23.9 23.4 3.634  -48.3   17.3   32.0  23   -4.1  18 0 0 1 3 1 1 13.9 21.0 14.0 21.1 80.0 100 100 20 408 0 143 0 401 401 399 0 0 0 59 50 AUTO 0 
b.1 2025-08-15 12:37:12.500 a 2025-08-15-12:37:03 196 228 256 4.6 10.0 12.9 13.7 21.9 729.8 0.00 0 0.0 14.9 23.9 23.4 3.634  -48.1   17.3   35.2  23   -4.1  18 0 0 1 3 1 1 13.9 21.1 14.0 21.1 80.0 100 100 20 408 0 143 0 401 401 399 0 0 0 59 50 AUTO 0 
b.1 2025-08-15 12:38:12.318 a 2025-08-15-12:38:03 207 229 250 4.2 9.6 13.0 13.7 21.8 729.8 0.00 0 0.0 15.0 23.9 23.4 3.634  -48.4   17.3   33.1  23   -4.1  18 0 0 1 3 1 1 13.9 20.8 14.0 20.9 80.0 100 100 20 408 0 143 0 400 401 399 0 0 0 59 50 AUTO 0 
b.1 2025-08-15 12:39:12.118 a 2025-08-15-12:39:02 191 229 270 1.8 9.5 12.0 13.7 21.6 730.0 0.00 0 0.0 14.9 23.9 23.4 3.635  -47.5   17.3   33.3  23   -4.2  18 0 0 1 3 1 1 14.0 20.8 14.0 20.8 80.0 100 100 20 408 0 143 0 401 401 400 0 0 0 60 50 AUTO 0 
b.1 2025-08-15 12:40:14.799 a 2025-08-15-12:40:05 212 229 246 7.4 10.3 13.1 13.7 21.4 729.9 0.00 0 0.0 14.9 23.8 23.4 3.633  -49.0   17.3   37.3  23   -4.3  18 0 0 1 3 1 1 13.9 20.6 14.0 20.7 80.0 100 100 20 408 0 143 0 401 402 399 0 0 0 59 50 AUTO 0 
b.1 2025-08-15 12:41:11.960 a 2025-08-15-12:41:02 208 228 247 6.8 9.8 12.2 13.7 21.4 729.9 0.00 0 0.0 14.9 24.1 24.5 3.627  -48.9   17.3   36.5  23   -4.2  18 0 0 1 3 1 1 13.9 20.6 14.0 20.7 80.0 100 100 20 408 0 143 0 401 401 400 0 0 0 60 50 AUTO 0 
b.1 2025-08-15 12:42:12.081 a 2025-08-15-12:42:02 213 231 248 6.9 9.4 12.2 13.7 21.2 729.8 0.00 0 0.0 15.0 24.1 24.5 3.628  -47.7   17.3   34.4  23   -4.2  18 0 0 1 3 1 1 13.9 20.4 14.0 20.5 80.0 100 100 20 408 0 143 0 402 401 400 0 0 0 59 50 AUTO 0 
b.1 2025-08-15 12:43:12.825 a 2025-08-15-12:43:03 208 228 247 6.2 10.0 12.6 13.7 21.1 729.9 0.00 0 0.0 14.9 24.1 24.5 3.635  -48.2   17.3   34.5  22   -4.3  18 0 0 1 3 1 1 14.0 20.3 14.0 20.4 80.0 100 100 20 408 0 143 0 401 401 399 0 0 0 59 50 AUTO 0 
b.1 2025-08-15 12:44:11.920 a 2025-08-15-12:44:02 209 229 251 4.6 9.2 12.3 13.7 20.5 729.9 0.00 0 0.0 15.0 24.1 24.5 3.628  -48.8   17.3   32.6  22   -4.3  18 0 0 1 3 1 1 13.9 20.1 14.0 20.2 80.0 100 100 20 408 0 143 0 400 402 399 0 0 0 60 50 AUTO 0 
b.1 2025-08-15 12:45:10.976 a 2025-08-15-12:45:01 209 228 248 4.8 10.0 12.1 13.8 20.8 729.9 0.00 0 0.0 14.9 24.0 23.4 3.634  -49.6   17.4   34.7  22   -4.4  18 0 0 1 3 1 1 14.0 19.9 14.0 19.9 80.0 100 100 20 408 0 143 0 401 401 399 0 0 0 59 50 AUTO 0 
b.1 2025-08-15 12:46:14.118 a 2025-08-15-12:46:04 206 228 251 5.7 10.0 12.8 13.8 20.6 729.9 0.00 0 0.0 14.9 24.0 23.4 3.633  -51.7   17.4   34.8  22   -4.5  18 0 0 1 3 1 1 14.0 19.8 14.0 19.9 80.0 100 100 20 408 0 143 0 400 401 399 0 0 0 60 50 AUTO 0 
b.1 2025-08-15 12:47:12.660 a 2025-08-15-12:47:03 204 226 242 6.5 9.2 11.4 13.8 20.7 729.9 0.00 0 0.0 15.0 24.0 24.5 3.627  -48.0   17.4   32.1  22   -4.4  18 0 0 1 3 1 1 14.0 19.7 14.0 19.8 80.0 100 100 20 408 0 143 0 401 401 399 0 0 0 60 50 AUTO 0 
b.1 2025-08-15 12:48:13.237 a 2025-08-15-12:48:04 195 227 245 6.3 9.1 12.2 13.8 20.3 729.9 0.00 0 0.0 15.0 24.1 24.5 3.627  -49.2   17.4   32.1  22   -4.5  18 0 0 1 3 1 1 14.0 19.6 14.0 19.7 80.0 100 100 20 408 0 143 0 401 401 400 0 0 0 59 50 AUTO 0 
b.1 2025-08-15 12:49:11.957 a 2025-08-15-12:49:02 206 230 261 4.5 9.0 11.6 13.8 20.2 730.0 0.00 0 0.0 14.9 23.9 23.4 3.633  -48.8   17.4   30.4  22   -4.5  18 0 0 1 3 1 1 14.0 19.4 14.1 19.5 80.0 100 100 20 408 0 143 0 401 401 400 0 0 0 59 50 AUTO 0 
b.1 2025-08-15 12:50:15.278 a 2025-08-15-12:50:06 210 229 250 6.1 9.3 11.7 13.8 20.4 729.9 0.00 0 0.0 14.9 23.9 23.4 3.633  -50.7   17.4   32.2  22   -4.6  18 0 0 1 3 1 1 14.0 19.4 14.0 19.5 80.0 100 100 20 408 0 143 0 401 401 400 0 0 0 59 50 AUTO 0 
b.1 2025-08-15 12:51:11.322 a 2025-08-15-12:51:02 112 227 258 1.2 9.5 12.4 13.8 19.9 730.0 0.00 0 0.0 14.8 23.7 23.4 3.634  -48.1   17.4   32.2  22   -4.7  18 0 0 1 3 1 1 14.0 18.9 14.1 19.0 80.0 100 100 20 408 0 143 0 401 401 399 0 0 0 60 50 AUTO 0 
b.1 2025-08-15 12:52:13.785 a 2025-08-15-12:52:04 207 229 249 4.9 9.2 11.9 13.8 20.0 730.0 0.00 0 0.0 14.9 23.6 23.4 3.634  -49.6   17.4   32.4  22   -4.7  18 0 0 1 3 1 1 14.0 18.9 14.1 19.0 80.0 100 100 20 408 0 143 0 401 401 400 0 0 0 60 50 AUTO 0 
b.1 2025-08-15 12:53:11.861 a 2025-08-15-12:53:02 209 226 242 5.8 8.9 11.3 13.8 19.6 730.0 0.00 0 0.0 14.8 23.9 23.4 3.634  -49.1   17.4   30.6  22   -4.7  18 0 0 1 3 1 1 14.0 18.8 14.1 18.9 80.0 100 100 20 408 0 143 0 401 401 400 0 0 0 59 50 AUTO 0 
b.1 2025-08-15 12:54:13.858 a 2025-08-15-12:54:04 209 229 248 5.8 9.4 11.8 13.8 19.1 730.0 0.00 0 0.0 15.0 24.1 24.5 3.628  -50.5   17.4   30.8  22   -4.7  18 0 0 1 3 1 1 14.0 18.3 14.0 18.4 80.0 100 100 20 408 0 143 0 401 402 399 0 0 0 59 50 AUTO 0 
b.1 2025-08-15 12:55:12.502 a 2025-08-15-12:55:03 210 230 244 6.4 9.5 11.5 13.8 19.5 730.0 0.00 0 0.0 15.1 24.1 24.5 3.633  -49.4   17.5   32.8  21   -4.8  18 0 0 1 3 1 1 14.0 18.2 14.1 18.3 80.0 100 100 20 408 0 143 0 401 401 400 0 0 0 59 50 AUTO 0 
b.1 2025-08-15 12:56:15.506 a 2025-08-15-12:56:06 205 227 253 6.4 9.4 11.9 13.9 19.5 730.0 0.00 0 0.0 14.9 23.9 23.4 3.633  -50.7   17.5   33.0  21   -4.9  18 0 0 1 3 1 1 14.1 18.1 14.1 18.2 80.0 100 100 20 408 0 143 0 401 401 400 0 0 0 60 50 AUTO 0 
b.1 2025-08-15 12:57:11.043 a 2025-08-15-12:57:01 207 226 253 6.4 9.0 11.1 13.9 19.0 730.0 0.00 0 0.0 14.9 24.1 24.5 3.627  -50.4   17.5   31.4  21   -4.9  18 0 0 1 3 1 1 14.1 17.8 14.1 17.9 80.0 100 100 20 408 0 143 0 401 401 399 0 0 0 60 50 AUTO 0 
b.1 2025-08-15 12:58:12.599 a 2025-08-15-12:58:03 201 227 255 4.5 8.9 10.7 13.9 18.9 730.0 0.00 0 0.0 15.0 24.1 24.4 3.627  -50.3   17.5   30.6  21   -4.9  18 0 0 1 3 1 1 14.1 18.0 14.1 18.0 80.0 100 100 20 408 0 143 0 401 402 399 0 0 0 59 50 AUTO 0 
b.1 2025-08-15 12:59:11.604 a 2025-08-15-12:59:02 204 223 239 5.6 8.5 10.7 13.9 18.3 730.1 0.00 0 0.0 15.0 24.1 24.5 3.633  -49.6   17.5   28.9  21   -4.9  18 0 0 1 2 1 0 14.1 17.9 14.1 17.9 80.0 100 100 20 408 0 143 0 401 401 399 0 0 0 59 50 AUTO 0 
b.1 2025-08-15 13:00:16.003 a 2025-08-15-13:00:06 204 227 245 6.1 8.3 10.4 13.9 18.4 730.1 0.00 0 0.0 15.0 24.1 24.5 3.627  -50.3   17.6   27.6  21   -5.0  18 0 0 1 2 1 0 14.1 17.8 14.1 17.9 80.0 100 100 20 408 0 142 0 401 401 399 0 0 0 60 50 AUTO 0 
b.1 2025-08-15 13:01:11.828 a 2025-08-15-13:01:02 207 226 244 5.8 8.6 11.2 13.9 18.8 730.1 0.00 0 0.0 15.0 23.8 23.4 3.633  -50.6   17.6   26.8  21   -5.0  18 0 0 1 2 1 0 14.1 17.9 14.1 18.0 80.0 100 100 20 408 0 143 0 401 402 399 0 0 0 59 50 AUTO 0 
b.1 2025-08-15 13:02:13.243 a 2025-08-15-13:02:03 199 226 248 5.8 8.4 11.3 13.9 18.7 730.1 0.00 0 0.0 14.9 23.9 23.4 3.632  -51.1   17.6   26.8  21   -5.1  18 0 0 1 2 1 0 14.1 18.0 14.1 18.0 80.0 100 100 20 408 0 143 0 400 401 399 0 0 0 59 50 AUTO 0 
b.1 2025-08-15 13:03:11.042 a 2025-08-15-13:03:01 203 226 253 6.6 9.1 11.1 13.9 18.8 730.1 0.00 0 0.0 14.9 23.9 23.4 3.634  -51.4   17.6   29.4  21   -5.1  18 0 0 1 2 1 0 14.1 17.8 14.1 17.9 80.0 100 100 20 408 0 143 0 401 401 400 0 0 0 59 50 AUTO 0 
b.1 2025-08-15 13:04:12.605 a 2025-08-15-13:04:03 204 224 243 5.3 8.0 10.7 13.9 18.6 730.1 0.00 0 0.0 14.9 23.9 23.4 3.634  -51.1   17.6   26.3  21   -5.1  18 0 0 1 2 1 0 14.1 17.8 14.1 17.9 80.0 100 100 20 408 0 143 0 401 401 400 0 0 0 59 50 AUTO 0 
b.1 2025-08-15 13:05:13.005 a 2025-08-15-13:05:03 205 227 239 6.7 8.6 10.2 13.9 18.6 730.1 0.00 0 0.0 15.0 24.1 24.5 3.627  -49.8   17.6   28.0  21   -5.1  18 0 0 1 2 1 0 14.1 17.6 14.1 17.7 80.0 100 100 20 408 0 143 0 401 402 399 0 0 0 60 50 AUTO 0 
b.1 2025-08-15 13:06:12.624 a 2025-08-15-13:06:03 205 228 245 5.5 8.1 11.1 13.9 18.1 730.1 0.00 0 0.0 15.0 24.1 24.5 3.628  -51.5   17.6   27.4  21   -5.2  18 0 0 1 2 1 0 14.1 17.5 14.1 17.6 80.0 100 100 20 408 0 143 0 401 400 400 0 0 0 59 50 AUTO 0 
b.1 2025-08-15 13:07:12.749 a 2025-08-15-13:07:03 207 226 245 5.7 8.1 10.5 13.9 18.0 730.2 0.00 0 0.0 14.9 23.9 23.4 3.634  -50.7   17.7   26.8  20   -5.2  18 0 0 1 2 1 0 14.1 17.4 14.1 17.4 80.0 100 100 20 408 0 143 0 401 401 400 0 0 0 60 50 AUTO 0 
b.1 2025-08-15 13:08:12.403 a 2025-08-15-13:08:03 204 225 236 5.1 7.5 9.7 13.9 18.5 730.2 0.00 0 0.0 14.9 23.9 23.4 3.633  -49.8   17.7   24.8  20   -5.2  42 0 0 1 2 1 0 14.1 17.3 14.1 17.4 80.0 100 100 20 408 0 143 0 401 401 400 0 0 0 60 50 AUTO 0 
b.1 2025-08-15 13:09:12.625 a 2025-08-15-13:09:03 206 228 243 5.0 8.1 10.4 13.9 18.2 730.2 0.00 0 0.0 15.0 24.1 24.5 3.633  -49.3   17.7   25.6  20   -5.2  17 0 0 1 2 1 0 14.1 17.5 14.1 17.5 80.0 100 100 20 408 0 143 0 401 401 400 0 0 0 59 50 AUTO 0 
b.1 2025-08-15 13:10:14.382 a 2025-08-15-13:10:05 209 227 243 5.3 7.6 9.1 13.9 18.2 730.2 0.00 0 0.0 15.0 24.1 24.5 3.634  -49.7   17.7   25.1  20   -5.2  17 0 0 1 2 1 0 14.1 17.4 14.1 17.5 80.0 100 100 20 408 0 143 0 400 401 400 0 0 0 59 50 AUTO 0 
b.1 2025-08-15 13:11:11.903 a 2025-08-15-13:11:02 212 226 239 5.6 8.3 10.0 13.9 17.8 730.2 0.00 0 0.0 15.0 24.0 24.4 3.627  -51.2   17.8   27.0  20   -5.2  18 0 0 1 2 1 0 14.1 17.2 14.1 17.3 80.0 100 100 20 408 0 143 0 401 401 400 0 0 0 60 50 AUTO 0 
b.1 2025-08-15 13:12:13.526 a 2025-08-15-13:12:04 201 225 249 4.6 8.0 10.2 13.9 17.9 730.2 0.00 0 0.0 15.0 24.0 23.4 3.633  -51.7   17.8   26.4  20   -5.2  18 0 0 1 2 1 0 14.1 16.9 14.2 17.0 80.0 100 100 20 408 0 143 0 401 401 399 0 0 0 60 50 AUTO 0 
b.1 2025-08-15 13:13:10.964 a 2025-08-15-13:13:01 195 230 255 6.1 8.5 10.4 13.9 17.9 730.2 0.00 0 0.0 15.0 24.1 24.4 3.626  -50.3   17.9   27.5  20   -5.4  18 0 0 1 2 1 0 14.1 16.6 14.2 16.7 80.0 100 100 20 408 0 143 0 401 401 400 0 0 0 60 50 AUTO 0 
b.1 2025-08-15 13:14:10.387 a 2025-08-15-13:14:01 207 226 243 5.2 8.2 10.1 13.9 17.7 730.2 0.00 0 0.0 15.1 24.1 24.4 3.627  -51.9   17.9   27.1  20   -5.3  18 0 0 1 2 1 0 14.1 16.6 14.2 16.6 80.0 100 100 20 408 0 143 0 401 401 399 0 0 0 60 50 AUTO 0 
b.1 2025-08-15 13:15:11.543 a 2025-08-15-13:15:02 206 227 239 5.2 7.6 9.1 14.0 17.4 730.2 0.00 0 0.0 14.9 24.1 24.5 3.628  -51.1   18.0   26.8  20   -5.3  18 0 0 1 2 2 0 14.2 16.5 14.2 16.5 80.0 100 100 20 408 0 143 0 401 402 399 0 0 0 59 50 AUTO_PARK 0 
b.1 2025-08-15 13:16:12.825 a 2025-08-15-13:16:03 208 225 240 5.4 7.7 9.6 14.0 17.7 730.2 0.00 0 0.0 14.9 23.9 23.4 3.633  -53.0   18.0   24.9  20   -5.3  18 0 0 1 2 2 0 14.2 16.5 14.2 16.5 80.0 100 100 20 408 0 143 0 401 401 400 0 0 0 60 50 AUTO_PARK 0 
b.1 2025-08-15 13:17:11.744 a 2025-08-15-13:17:02 206 228 240 5.6 8.2 10.2 14.0 17.4 730.2 0.00 0 0.0 15.0 24.1 24.5 3.627  -50.6   18.1   26.7  20   -5.3  18 0 0 1 2 2 0 14.2 16.3 14.2 16.4 80.0 100 100 20 408 0 143 0 401 401 400 0 0 0 59 50 AUTO_PARK 0 
b.1 2025-08-15 13:18:12.625 a 2025-08-15-13:18:03 206 227 241 6.2 8.8 10.6 14.0 16.7 730.2 0.00 0 0.0 14.9 24.0 23.4 3.634  -50.5   18.1   29.6  20   -5.4  18 0 0 1 2 2 0 14.2 16.0 14.2 16.0 80.0 100 100 20 408 0 143 0 401 401 399 0 0 0 60 50 AUTO_PARK 0 
b.1 2025-08-15 13:19:12.005 a 2025-08-15-13:19:02 205 231 252 5.7 8.2 10.1 14.0 16.9 730.3 0.00 0 0.0 14.9 23.9 23.4 3.634  -50.4   18.2   30.1  20   -5.4  18 0 0 1 3 2 1 14.2 16.0 14.2 16.1 80.0 100 100 20 408 0 143 0 401 401 400 0 0 0 60 50 AUTO_PARK 0 
b.1 2025-08-15 13:20:14.125 a 2025-08-15-13:20:04 216 229 243 5.1 8.0 9.8 14.1 17.0 730.3 0.00 0 0.0 14.9 24.0 24.5 3.628  -51.1   18.2   28.8  20   -5.4  18 0 0 1 2 2 0 14.2 15.9 14.2 15.9 80.0 100 100 20 408 0 143 0 401 401 400 0 0 0 60 50 AUTO_PARK 0 
b.1 2025-08-15 13:21:11.368 a 2025-08-15-13:21:02 213 229 248 5.1 8.0 9.8 14.1 17.0 730.2 0.00 0 0.0 15.0 24.1 24.5 3.628  -51.1   18.3   28.2  19   -5.5  18 0 0 1 2 2 0 14.2 15.9 14.3 16.0 80.0 100 100 20 408 0 143 0 400 401 399 0 0 0 60 50 AUTO_PARK 0 
b.1 2025-08-15 13:22:13.249 a 2025-08-15-13:22:04 213 230 244 6.1 8.0 9.2 14.0 17.3 730.2 0.00 0 0.0 15.0 24.1 24.5 3.628  -50.9   18.3   29.4  19   -5.4  18 0 0 1 2 2 0 14.2 16.0 14.3 16.0 80.0 100 100 20 408 0 143 0 400 401 399 0 0 0 59 50 AUTO_PARK 0 
b.1 2025-08-15 13:23:11.323 a 2025-08-15-13:23:02 210 228 248 6.1 8.0 10.2 14.0 17.1 730.2 0.00 0 0.0 14.9 24.1 24.5 3.627  -51.7   18.3   28.0  19   -5.4  18 0 0 1 2 2 0 14.2 16.0 14.3 16.1 80.0 100 100 20 408 0 143 0 401 401 400 0 0 0 60 50 AUTO_PARK 0 
b.1 2025-08-15 13:24:12.247 a 2025-08-15-13:24:03 210 230 243 5.6 8.0 10.0 14.0 17.1 730.2 0.00 0 0.0 15.0 23.9 23.4 3.634  -50.0   18.3   28.2  19   -5.5  18 0 0 1 2 2 0 14.2 15.9 14.3 15.9 80.0 100 100 20 408 0 143 0 401 401 400 0 0 0 59 50 AUTO_PARK 0 
b.1 2025-08-15 13:25:13.028 a 2025-08-15-13:25:03 217 231 246 6.1 8.0 10.1 14.0 17.0 730.2 0.00 0 0.0 15.0 23.9 23.4 3.633  -52.5   18.4   29.2  19   -5.6  18 0 0 1 2 2 0 14.2 15.9 14.2 16.0 80.0 100 100 20 408 0 143 0 401 401 399 0 0 0 59 50 AUTO_PARK 0 
b.1 2025-08-15 13:26:12.186 a 2025-08-15-13:26:02 213 230 243 6.4 8.3 10.0 14.0 17.0 730.2 0.00 0 0.0 14.9 23.9 23.4 3.634  -51.7   18.4   28.7  19   -5.6  18 0 0 1 2 2 0 14.2 15.7 14.3 15.8 80.0 100 100 20 408 0 143 0 401 401 399 0 0 0 60 50 AUTO_PARK 0 
b.1 2025-08-15 13:27:11.565 a 2025-08-15-13:27:02 214 231 245 6.8 8.4 10.2 14.0 16.8 730.2 0.00 0 0.0 15.0 24.1 24.5 3.627  -52.1   18.5   30.9  19   -5.6  18 0 0 1 3 2 1 14.3 15.7 14.3 15.8 80.0 100 100 20 408 0 143 0 402 401 400 0 0 0 60 50 AUTO_PARK 0 
b.1 2025-08-15 13:28:14.611 a 2025-08-15-13:28:05 215 230 252 5.7 8.1 9.8 14.1 16.6 730.2 0.00 0 0.0 15.0 24.1 24.4 3.628  -50.9   18.5   30.3  19   -5.6  18 0 0 1 3 2 1 14.3 15.5 14.3 15.6 80.0 100 100 20 408 0 143 0 401 402 400 0 0 0 60 50 AUTO_PARK 0 
b.1 2025-08-15 13:29:12.368 a 2025-08-15-13:29:03 211 232 246 5.0 8.1 9.8 14.1 16.7 730.2 0.00 0 0.0 15.0 24.1 24.4 3.633  -51.7   18.5   30.6  19   -5.7  18 0 0 1 3 2 1 14.3 15.5 14.3 15.5 80.0 100 100 20 408 0 143 0 402 401 399 0 0 0 60 50 AUTO_PARK 0 
b.1 2025-08-15 13:30:12.867 a 2025-08-15-13:30:03 210 230 244 5.7 8.2 9.9 14.1 16.6 730.2 0.00 0 0.0 14.9 24.0 24.5 3.626  -51.8   18.6   31.0  19   -5.6  18 0 0 1 3 2 1 14.3 15.4 14.3 15.5 80.0 100 100 20 408 0 143 0 401 401 400 0 0 0 59 50 AUTO_PARK 0 
b.1 2025-08-15 13:31:11.058 a 2025-08-15-13:31:01 211 230 243 5.7 7.8 9.6 14.1 16.8 730.2 0.00 0 0.0 14.9 24.1 24.5 3.626  -51.0   18.6   29.3  19   -5.6  18 0 0 1 2 2 0 14.3 15.5 14.3 15.6 80.0 100 100 20 408 0 143 0 401 401 400 0 0 0 59 50 AUTO_PARK 0 
b.1 2025-08-15 13:32:11.687 a 2025-08-15-13:32:02 223 234 263 3.1 8.3 9.9 14.1 16.6 730.3 0.00 0 0.0 15.0 24.1 24.4 3.627  -51.3   18.6   30.5  19   -5.7  18 0 0 1 3 2 1 14.3 15.4 14.3 15.4 80.0 100 100 20 408 0 143 0 400 402 399 0 0 0 59 50 AUTO_PARK 0 
b.1 2025-08-15 13:33:10.568 a 2025-08-15-13:33:01 212 234 264 3.1 7.9 10.2 14.1 16.5 730.2 0.00 0 0.0 15.0 24.1 24.5 3.628  -50.9   18.6   29.8  19   -5.7  18 0 0 1 2 2 0 14.3 15.0 14.3 15.0 80.0 100 100 20 408 0 143 0 401 401 400 0 0 0 59 50 AUTO_PARK 0 
b.1 2025-08-15 13:34:13.910 a 2025-08-15-13:34:04 210 231 255 4.6 8.4 10.4 14.1 15.9 730.3 0.00 0 0.0 15.0 24.1 24.5 3.627  -51.4   18.7   30.9  18   -5.9  18 0 0 1 3 2 1 14.3 15.0 14.3 15.0 80.0 100 100 20 408 0 143 0 401 401 400 0 0 0 60 50 AUTO_PARK 0 
b.1 2025-08-15 13:35:11.630 a 2025-08-15-13:35:02 221 234 261 4.6 7.5 9.3 14.1 16.2 730.3 0.00 0 0.0 14.9 24.0 23.4 3.633  -50.3   18.7   27.6  18   -5.7  18 0 0 1 2 2 0 14.3 14.9 14.3 15.0 80.0 100 100 20 408 0 143 0 401 401 399 0 0 0 59 50 AUTO_PARK 0 
b.1 2025-08-15 13:36:14.755 a 2025-08-15-13:36:05 213 234 257 3.6 7.6 10.2 14.1 16.3 730.3 0.00 0 0.0 14.9 23.9 23.4 3.634  -50.3   18.7   26.2  18   -5.8  18 0 0 1 2 2 0 14.3 15.0 14.3 15.0 80.0 100 100 20 408 0 143 0 401 401 399 0 0 0 60 50 AUTO_PARK 0 
b.1 2025-08-15 13:37:11.631 a 2025-08-15-13:37:02 207 235 262 4.9 8.5 10.0 14.1 15.9 730.3 0.00 0 0.0 15.0 24.1 24.5 3.626  -50.8   18.7   30.4  18   -5.9  18 0 0 1 3 2 1 14.3 14.8 14.3 14.8 80.0 100 100 20 408 0 143 0 401 401 399 0 0 0 59 50 AUTO_PARK 0 
b.1 2025-08-15 13:38:13.433 a 2025-08-15-13:38:04 208 234 254 4.3 8.0 10.0 14.1 16.1 730.3 0.00 0 0.0 15.0 24.1 24.5 3.627  -51.4   18.7   29.6  18   -6.0  18 0 0 1 2 2 0 14.3 14.6 14.3 14.6 80.0 100 100 20 408 0 143 0 401 401 399 0 0 0 60 50 AUTO_PARK 0 
b.1 2025-08-15 13:39:10.490 a 2025-08-15-13:39:01 214 234 258 3.8 8.2 10.1 14.1 16.3 730.3 0.00 0 0.0 15.0 24.1 24.5 3.627  -51.2   18.7   31.6  18   -5.9  18 0 0 1 3 2 1 14.3 14.6 14.3 14.6 80.0 100 100 20 408 0 143 0 401 401 399 0 0 0 59 50 AUTO_PARK 0 
b.1 2025-08-15 13:40:15.069 a 2025-08-15-13:40:05 212 234 256 5.5 8.6 10.3 14.1 15.9 730.3 0.00 0 0.0 15.0 24.0 23.4 3.635  -50.9   18.7   32.5  18   -6.1  18 0 0 1 3 2 1 14.4 14.6 14.3 14.7 80.0 100 100 20 408 0 143 0 401 401 400 0 0 0 60 50 AUTO_PARK 0 
b.1 2025-08-15 13:41:12.308 a 2025-08-15-13:41:03 219 233 264 5.4 8.4 9.9 14.1 16.2 730.3 0.00 0 0.0 15.0 24.1 24.4 3.634  -52.2   18.7   32.6  18   -6.1  18 0 0 1 3 2 1 14.3 14.5 14.4 14.5 80.0 100 100 20 408 0 143 0 401 401 400 0 0 0 60 50 AUTO_PARK 0 
b.1 2025-08-15 13:42:13.131 a 2025-08-15-13:42:03 214 232 243 5.9 8.4 9.7 14.1 16.2 730.3 0.00 0 0.0 15.0 24.1 24.4 3.634  -51.7   18.8   33.7  18   -6.2  18 0 0 1 3 2 1 14.3 14.6 14.4 14.7 80.0 100 100 20 408 0 143 0 401 401 399 0 0 0 59 50 AUTO_PARK 0 
b.1 2025-08-15 13:43:11.448 a 2025-08-15-13:43:02 216 231 247 5.7 9.0 10.4 14.1 16.4 730.3 0.00 0 0.0 15.0 24.1 24.4 3.627  -52.9   18.8   33.8  18   -6.2  18 0 0 1 3 2 1 14.3 14.5 14.4 14.6 80.0 100 100 20 408 0 143 0 401 400 400 0 0 0 60 50 AUTO_PARK 0 
b.1 2025-08-15 13:44:12.367 a 2025-08-15-13:44:03 214 233 253 5.8 8.7 10.6 14.0 15.8 730.3 0.00 0 0.0 14.9 24.1 24.5 3.628  -51.5   18.8   33.8  18   -6.2  18 0 0 1 3 2 1 14.3 14.0 14.4 14.1 80.0 100 100 20 408 0 143 0 401 401 399 0 0 0 60 50 AUTO_PARK 0 
b.1 2025-08-15 13:45:13.331 a 2025-08-15-13:45:04 206 228 249 6.6 8.9 10.7 14.1 14.5 730.3 0.00 0 0.0 15.0 24.1 24.5 3.628  -51.8   18.8   33.0  18   -6.3  18 0 0 1 3 2 1 14.4 13.3 14.4 13.4 80.0 100 100 20 408 0 143 0 401 401 400 0 0 0 60 50 AUTO_PARK 0 
b.1 2025-08-15 13:46:11.730 a 2025-08-15-13:46:02 212 230 241 6.6 8.6 10.4 14.2 15.1 730.3 0.00 0 0.0 15.0 24.1 24.5 3.627  -50.5   18.8   33.4  17   -6.4  18 0 0 1 3 2 1 14.4 13.4 14.4 13.4 80.0 100 100 20 408 0 143 0 400 402 399 0 0 0 59 50 AUTO_PARK 0 
b.1 2025-08-15 13:47:12.749 a 2025-08-15-13:47:03 217 231 242 6.6 8.5 10.3 14.2 15.1 730.3 0.00 0 0.0 15.0 24.1 24.5 3.628  -51.5   18.8   32.4  17   -6.4  18 0 0 1 3 2 1 14.4 13.6 14.4 13.6 80.0 100 100 20 408 0 143 0 401 401 399 0 0 0 59 50 AUTO_PARK 0 
b.1 2025-08-15 13:48:12.447 a 2025-08-15-13:48:03 220 232 244 6.9 9.1 10.4 14.2 15.3 730.3 0.00 0 0.0 14.9 24.1 24.5 3.626  -51.9   18.8   34.6  17   -6.5  18 0 0 1 3 2 1 14.4 13.4 14.4 13.5 80.0 100 100 20 408 0 143 0 401 401 399 0 0 0 59 50 AUTO_PARK 0 
b.1 2025-08-15 13:49:10.809 a 2025-08-15-13:49:01 219 232 254 6.9 9.1 10.8 14.2 15.1 730.3 0.00 0 0.0 15.0 24.1 24.5 3.627  -51.7   18.9   36.0  17   -6.6  18 0 0 1 3 2 1 14.4 13.3 14.5 13.3 80.0 100 100 20 408 0 143 0 401 401 400 0 0 0 59 50 AUTO_PARK 0 
b.1 2025-08-15 13:50:13.628 a 2025-08-15-13:50:04 219 230 242 7.7 9.3 10.3 14.2 14.4 730.3 0.00 0 0.0 15.0 24.1 24.4 3.634  -52.2   18.9   36.3  17   -6.8  18 0 0 1 3 2 1 14.4 13.0 14.5 13.0 80.0 100 100 20 408 0 143 0 401 401 400 0 0 0 60 50 AUTO_PARK 0 
b.1 2025-08-15 13:51:11.569 a 2025-08-15-13:51:02 218 232 258 5.9 8.7 10.4 14.3 14.6 730.3 0.00 0 0.0 15.0 24.1 24.5 3.626  -50.6   18.9   33.4  17   -6.7  18 0 0 1 3 2 1 14.5 12.9 14.5 12.9 80.0 100 100 20 408 0 143 0 400 401 399 0 0 0 59 50 AUTO_PARK 0 
b.1 2025-08-15 13:52:12.213 a 2025-08-15-13:52:02 210 232 247 5.9 9.0 10.2 14.3 14.7 730.3 0.00 0 0.0 15.0 24.1 24.5 3.624  -52.0   18.9   35.6  17   -6.8  18 0 0 1 3 2 1 14.5 13.0 14.5 13.0 80.0 100 100 20 408 0 143 0 401 401 399 0 0 0 60 50 AUTO_PARK 0 
b.1 2025-08-15 13:53:10.990 a 2025-08-15-13:53:01 216 232 249 5.9 9.1 10.8 14.2 14.3 730.4 0.00 0 0.0 15.0 24.1 24.5 3.627  -51.1   19.0   34.9  17   -6.8  18 0 0 1 3 2 1 14.5 12.7 14.5 12.8 80.0 100 100 20 408 0 143 0 400 401 399 0 0 0 59 50 AUTO_PARK 0 
b.1 2025-08-15 13:54:12.190 a 2025-08-15-13:54:02 216 231 249 7.0 9.1 10.8 14.3 14.8 730.4 0.00 0 0.0 15.1 24.1 24.5 3.627  -51.8   19.0   35.2  17   -6.9  18 0 0 1 3 2 1 14.5 12.7 14.5 12.8 80.0 100 100 20 408 0 143 0 401 401 400 0 0 0 59 50 AUTO_PARK 0 
b.1 2025-08-15 13:55:13.621 a 2025-08-15-13:55:04 206 229 243 5.7 8.7 10.5 14.3 13.8 730.4 0.00 0 0.0 15.1 24.1 24.5 3.626  -52.2   19.0   33.3  16   -7.1  18 0 0 1 3 2 1 14.5 12.3 14.5 12.3 80.0 100 100 20 408 0 143 0 401 402 399 0 0 0 60 50 AUTO_PARK 0 
b.1 2025-08-15 13:56:11.940 a 2025-08-15-13:56:02 213 230 243 6.5 8.6 10.1 14.3 14.0 730.4 0.00 0 0.0 15.0 24.1 24.5 3.627  -51.7   19.0   32.5  16   -7.0  18 0 0 1 3 2 1 14.5 12.3 14.5 12.4 80.0 100 100 20 408 0 143 0 401 401 400 0 0 0 59 50 AUTO_PARK 0 
b.1 2025-08-15 13:57:13.453 a 2025-08-15-13:57:04 221 230 247 6.9 8.9 10.6 14.3 13.9 730.4 0.00 0 0.0 15.0 24.1 24.5 3.633  -52.0   19.1   33.7  16   -7.1  18 0 0 1 3 2 1 14.5 12.2 14.5 12.3 80.0 100 100 20 408 0 143 0 401 401 400 0 0 0 60 50 AUTO_PARK 0 
b.1 2025-08-15 13:58:11.694 a 2025-08-15-13:58:02 220 231 241 6.1 8.5 9.7 14.3 14.3 730.4 0.00 0 0.0 15.0 24.1 24.5 3.627  -50.9   19.1   32.9  16   -7.1  18 0 0 1 3 2 1 14.5 12.3 14.5 12.4 80.0 100 100 20 408 0 143 0 401 401 400 0 0 0 59 50 AUTO_PARK 0 
b.1 2025-08-15 13:59:13.351 a 2025-08-15-13:59:04 216 231 244 6.1 8.4 10.1 14.3 13.8 730.4 0.00 0 0.0 15.0 24.0 24.5 3.627  -51.6   19.1   32.2  16   -7.1  18 0 0 1 3 2 1 14.5 12.3 14.5 12.4 80.0 100 100 20 408 0 143 0 400 401 399 0 0 0 59 50 AUTO_PARK 0 
b.1 2025-08-15 14:00:12.051 a 2025-08-15-14:00:02 214 231 244 7.3 8.8 10.0 14.3 13.1 730.4 0.00 0 0.0 15.0 24.1 24.5 3.628  -50.8   19.1   32.4  16   -7.3  18 0 0 1 3 2 1 14.5 12.1 14.6 12.1 80.0 100 100 20 408 0 143 0 401 401 400 0 0 0 60 50 AUTO_PARK 0 
b.1 2025-08-15 14:01:09.713 a 2025-08-15-14:01:00 216 231 240 6.7 8.5 9.9 14.3 14.0 730.4 0.00 0 0.0 14.9 24.1 24.5 3.627  -51.4   19.2   32.7  16   -7.2  18 0 0 1 3 2 1 14.5 11.9 14.6 11.9 80.0 100 100 20 408 0 143 0 401 401 400 0 0 0 59 50 AUTO_PARK 0 
b.1 2025-08-15 14:02:12.713 a 2025-08-15-14:02:03 221 232 239 6.6 8.8 10.2 14.3 13.3 730.4 0.00 0 0.0 15.0 24.1 24.5 3.628  -50.3   19.2   32.9  16   -7.2  18 0 0 1 3 2 1 14.6 11.5 14.6 11.5 80.0 100 100 20 408 0 117 0 401 401 400 0 0 0 59 50 AUTO_PARK 0 
b.1 2025-08-15 14:03:10.332 a 2025-08-15-14:03:01 219 231 245 6.7 9.0 10.1 14.3 12.6 730.4 0.00 0 0.0 15.0 24.1 24.5 3.627  -52.9   19.2   32.9  16   -7.4  18 0 0 1 3 2 1 14.6 11.3 14.6 11.3 80.0 100 100 20 408 0 143 0 401 401 400 0 0 0 60 50 AUTO_PARK 0 
b.1 2025-08-15 14:04:13.076 a 2025-08-15-14:04:03 211 232 248 5.8 8.4 10.5 14.4 12.7 730.4 0.00 0 0.0 15.0 24.1 24.5 3.627  -50.8   19.2   31.4  16   -7.4  18 0 0 1 3 2 1 14.6 11.0 14.6 11.0 80.0 100 100 20 408 0 143 0 401 401 400 0 0 0 59 50 AUTO_PARK 0 
b.1 2025-08-15 14:05:16.029 a 2025-08-15-14:05:06 213 231 248 5.9 8.2 10.2 14.4 12.1 730.5 0.00 0 0.0 15.0 24.1 24.5 3.627  -50.6   19.2   29.7  16   -7.5  18 0 0 1 2 2 0 14.6 10.7 14.6 10.7 80.0 100 100 20 408 0 143 0 401 401 399 0 0 0 59 50 AUTO_PARK 0 
b.1 2025-08-15 14:06:10.953 a 2025-08-15-14:06:01 217 231 248 5.9 8.5 9.8 14.4 12.8 730.5 0.00 0 0.0 15.0 24.1 24.5 3.627  -51.2   19.3   31.7  15   -7.6  18 0 0 1 3 2 1 14.6 10.7 14.6 10.7 80.0 100 100 20 408 0 143 0 401 401 399 0 0 0 60 50 AUTO_PARK 0 
b.1 2025-08-15 14:07:11.490 a 2025-08-15-14:07:02 220 233 253 6.3 8.3 9.8 14.4 12.6 730.5 0.00 0 0.0 15.0 24.1 24.5 3.633  -51.9   19.3   31.0  16   -7.5  18 0 0 1 3 2 1 14.6 10.6 14.6 10.6 80.0 100 100 20 408 0 143 0 401 401 399 0 0 0 60 50 AUTO_PARK 0 
b.1 2025-08-15 14:08:12.730 a 2025-08-15-14:08:03 216 230 246 5.5 8.4 9.8 14.4 12.3 730.5 0.00 0 0.0 15.0 24.1 24.5 3.626  -51.7   19.3   31.2  15   -7.6  18 0 0 1 3 2 1 14.6 10.6 14.7 10.6 80.0 100 100 20 408 0 143 0 401 401 400 0 0 0 59 50 AUTO_PARK 0 
b.1 2025-08-15 14:09:10.915 a 2025-08-15-14:09:01 216 231 253 6.5 8.5 9.7 14.4 12.3 730.5 0.00 0 0.0 15.0 24.1 24.5 3.626  -51.3   19.3   31.3  15   -7.9  18 0 0 1 3 2 1 14.6 10.6 14.7 10.6 80.0 100 100 20 408 0 143 0 401 401 400 0 0 0 60 50 AUTO_PARK 0 
b.1 2025-08-15 14:10:15.075 a 2025-08-15-14:10:05 215 230 249 6.0 8.4 10.1 14.4 12.5 730.5 0.00 0 0.0 15.0 24.1 24.5 3.635  -51.7   19.3   30.6  15   -7.9  18 0 0 1 3 2 1 14.6 10.5 14.7 10.4 80.0 100 100 20 408 0 143 0 401 401 400 0 0 0 59 50 AUTO_PARK 0 
b.1 2025-08-15 14:11:10.796 a 2025-08-15-14:11:01 219 231 243 4.9 8.0 9.6 14.4 12.4 730.5 0.00 0 0.0 15.0 24.1 24.5 3.627  -51.5   19.4   30.0  15   -7.8  18 0 0 1 3 2 1 14.7 10.6 14.7 10.5 80.0 100 100 20 408 0 143 0 400 402 399 0 0 0 59 50 AUTO_PARK 0 
b.1 2025-08-15 14:12:12.214 a 2025-08-15-14:12:02 219 231 241 6.2 8.7 10.3 14.4 12.3 730.5 0.00 0 0.0 15.0 24.1 24.4 3.626  -51.8   19.4   32.1  15   -8.0  18 0 0 1 3 2 1 14.7 10.4 14.7 10.4 80.0 100 100 20 408 0 143 0 401 401 399 0 0 0 60 50 AUTO_PARK 0 
b.1 2025-08-15 14:13:11.740 a 2025-08-15-14:13:02 214 230 244 6.5 8.5 9.9 14.4 12.3 730.5 0.00 0 0.0 15.1 24.1 24.5 3.634  -50.3   19.4   31.2  15   -8.0  18 0 0 1 3 2 1 14.7 10.2 14.7 10.2 80.0 100 100 20 408 0 142 0 401 401 400 0 0 0 59 50 AUTO_PARK 0 
b.1 2025-08-15 14:14:12.197 a 2025-08-15-14:14:02 218 230 247 6.1 8.3 9.8 14.4 11.6 730.5 0.00 0 0.0 15.1 24.1 24.5 3.627  -51.4   19.4   31.5  15   -8.2  18 0 0 1 3 2 1 14.7 10.2 14.7 10.2 80.0 100 100 20 408 0 143 0 401 402 400 0 0 0 59 50 AUTO_PARK 0 
b.1 2025-08-15 14:15:14.414 a 2025-08-15-14:15:05 218 230 243 6.7 8.2 9.5 14.4 12.1 730.5 0.00 0 0.0 15.1 24.1 24.5 3.633  -51.3   19.5   31.8  15   -8.2  18 0 0 1 3 2 1 14.7 10.2 14.7 10.2 80.0 100 100 20 408 0 143 0 401 401 399 0 0 0 60 50 AUTO_PARK 0 
b.1 2025-08-15 14:16:10.973 a 2025-08-15-14:16:01 214 229 237 5.9 8.4 9.5 14.4 12.2 730.6 0.00 0 0.0 15.1 24.1 24.5 3.627  -50.6   19.5   32.0  14   -8.3  18 0 0 1 3 2 1 14.7 10.2 14.7 10.2 80.0 100 100 20 408 0 143 0 400 401 399 0 0 0 60 50 AUTO_PARK 0 
b.1 2025-08-15 14:17:11.552 a 2025-08-15-14:17:02 217 230 243 5.0 8.2 9.3 14.4 11.6 730.6 0.00 0 0.0 15.1 24.1 24.4 3.627  -52.1   19.5   30.5  14   -8.2  18 0 0 1 3 2 1 14.7 10.1 14.7 10.1 80.0 100 100 20 408 0 143 0 401 401 400 0 0 0 59 50 AUTO_PARK 0 
b.1 2025-08-15 14:18:10.381 a 2025-08-15-14:18:01 213 230 243 6.2 8.1 9.3 14.4 11.9 730.6 0.00 0 0.0 15.1 24.1 24.5 3.627  -51.9   19.6   30.8  15   -8.1  18 0 0 1 3 2 1 14.7 10.0 14.8 10.0 80.0 100 100 20 408 0 143 0 401 401 400 0 0 0 59 50 AUTO_PARK 0 
b.1 2025-08-15 14:19:13.341 a 2025-08-15-14:19:04 207 230 241 5.7 7.9 9.3 14.4 11.6 730.6 0.00 0 0.0 15.1 24.1 24.5 3.627  -51.3   19.6   29.1  15   -8.1  18 0 0 1 2 2 0 14.7 9.7 14.8 9.8 80.0 100 100 20 408 0 143 0 401 401 400 0 0 0 60 50 AUTO_PARK 0 
b.1 2025-08-15 14:20:11.513 a 2025-08-15-14:20:02 218 230 242 5.9 8.1 9.8 14.4 11.0 730.6 0.00 0 0.0 15.2 24.1 24.5 3.626  -52.0   19.6   30.1  14   -8.2  18 0 0 1 3 2 1 14.8 9.5 14.8 9.5 80.0 100 100 20 408 0 143 0 400 401 399 0 0 0 59 50 AUTO_PARK 0 
b.1 2025-08-15 14:21:12.196 a 2025-08-15-14:21:02 221 231 240 5.9 8.1 9.5 14.5 11.2 730.6 0.00 0 0.0 15.2 24.1 24.5 3.627  -51.6   19.6   29.4  14   -8.3  18 0 0 1 2 2 0 14.8 9.2 14.8 9.2 80.0 100 100 20 408 0 143 0 401 401 400 0 0 0 59 50 AUTO_PARK 0 
b.1 2025-08-15 14:22:12.315 a 2025-08-15-14:22:03 215 229 240 5.5 7.8 9.2 14.5 11.2 730.6 0.00 0 0.0 15.2 24.1 24.5 3.628  -51.7   19.6   27.9  14   -8.3  18 0 0 1 2 2 0 14.8 9.1 14.8 9.1 80.0 100 100 20 408 0 143 0 401 401 399 0 0 0 59 50 AUTO_PARK 0 
b.1 2025-08-15 14:23:14.493 a 2025-08-15-14:23:05 214 230 240 6.5 8.0 9.1 14.5 11.1 730.7 0.00 0 0.0 15.2 24.1 24.5 3.626  -51.3   19.7   28.3  14   -8.4  18 0 0 1 2 2 0 14.8 9.1 14.9 9.1 80.0 100 100 20 408 0 143 0 401 401 400 0 0 0 59 50 AUTO_PARK 0 
b.1 2025-08-15 14:24:11.874 a 2025-08-15-14:24:02 211 230 241 6.1 8.3 9.6 14.5 10.7 730.7 0.00 0 0.0 15.3 24.1 24.5 3.627  -52.5   19.7   29.4  14   -8.5  18 0 0 1 2 2 0 14.9 8.9 14.9 8.9 80.0 100 100 20 408 0 143 0 401 401 400 0 0 0 59 50 AUTO_PARK 0 
b.1 2025-08-15 14:25:14.053 a 2025-08-15-14:25:04 214 229 239 5.7 7.8 9.1 14.6 11.1 730.7 0.00 0 0.0 15.3 24.1 24.4 3.627  -51.5   19.8   27.9  14   -8.5  18 0 0 1 2 2 0 14.9 8.8 14.9 8.9 80.0 100 100 20 408 0 143 0 401 401 400 0 0 0 60 50 AUTO_PARK 0 
b.1 2025-08-15 14:26:09.917 a 2025-08-15-14:26:00 215 229 240 5.5 7.6 8.8 14.6 10.8 730.7 0.00 0 0.0 15.4 24.1 24.4 3.635  -51.6   19.8   27.1  14   -8.4  18 0 0 1 2 2 0 14.9 9.0 14.9 9.0 80.0 100 100 20 408 0 143 0 401 402 399 0 0 0 59 50 AUTO_PARK 0 
b.1 2025-08-15 14:27:12.316 a 2025-08-15-14:27:03 214 229 240 6.5 7.8 9.2 14.6 10.8 730.7 0.00 0 0.0 15.3 24.1 24.5 3.627  -52.7   19.8   27.5  14   -8.6  18 0 0 1 2 2 0 14.9 9.0 14.9 9.1 80.0 100 100 20 408 0 143 0 401 401 399 0 0 0 60 50 AUTO_PARK 0 
b.1 2025-08-15 14:28:09.934 a 2025-08-15-14:28:00 212 229 244 4.6 7.7 9.2 14.6 10.8 730.7 0.00 0 0.0 15.4 24.1 24.5 3.627  -51.6   19.8   27.0  14   -8.4  18 0 0 1 2 2 0 14.9 8.8 15.0 8.9 80.0 100 100 20 408 0 143 0 401 401 400 0 0 0 59 50 AUTO_PARK 0 
b.1 2025-08-15 14:29:12.625 a 2025-08-15-14:29:03 211 227 244 5.2 7.5 8.8 14.6 10.5 730.7 0.00 0 0.0 15.4 24.1 24.4 3.633  -52.1   19.9   26.4  14   -8.4  18 0 0 1 2 2 0 14.9 8.9 15.0 8.8 80.0 100 100 20 408 0 143 0 401 401 400 0 0 0 60 50 AUTO_PARK 0 
b.1 2025-08-15 14:30:14.355 a 2025-08-15-14:30:05 208 228 239 5.8 7.8 8.8 14.6 10.4 730.7 0.00 0 0.0 15.4 24.1 24.4 3.628  -52.9   19.9   26.7  14   -8.5  18 0 0 1 2 2 0 15.0 8.8 15.0 8.7 80.0 100 100 20 408 0 143 0 401 401 400 0 0 0 59 50 AUTO_PARK 0 
b.1 2025-08-15 14:31:13.601 a 2025-08-15-14:31:04 205 229 243 5.0 7.3 8.7 14.6 10.5 730.7 0.00 0 0.0 15.4 24.1 24.5 3.627  -51.5   19.9   25.3  14   -8.4   5 0 0 1 2 2 0 15.0 8.8 15.0 8.8 80.0 100 100 20 408 0 143 0 401 402 399 0 0 0 59 50 AUTO_PARK 0 
b.1 2025-08-15 14:32:12.059 a 2025-08-15-14:32:02 215 229 239 5.6 7.6 8.7 14.6 10.6 730.7 0.00 0 0.0 15.4 24.1 24.5 3.629  -50.3   20.0   25.5  14   -8.7  13 0 0 1 2 2 0 15.0 8.7 15.0 8.7 80.0 100 100 20 408 0 143 0 401 401 399 0 0 0 59 50 AUTO_PARK 0 
b.1 2025-08-15 14:33:11.196 a 2025-08-15-14:33:01 212 228 244 6.2 7.6 9.0 14.6 10.6 730.7 0.00 0 0.0 15.4 24.1 24.5 3.627  -52.1   20.0   27.4  14   -8.6  18 0 0 1 2 2 0 15.0 8.7 15.0 8.7 80.0 100 100 20 408 0 143 0 401 401 400 0 0 0 60 50 AUTO_PARK 0 
b.1 2025-08-15 14:34:11.555 a 2025-08-15-14:34:02 218 230 241 5.4 7.6 8.8 14.7 10.5 730.7 0.00 0 0.0 15.6 24.1 24.4 3.627  -51.6   20.0   26.7  14   -8.6  18 0 0 1 2 2 0 15.0 8.7 15.0 8.6 80.0 100 100 20 408 0 143 0 401 401 400 0 0 0 59 50 AUTO_PARK 0 
b.1 2025-08-15 14:35:14.105 a 2025-08-15-14:35:04 208 229 241 5.8 7.8 9.4 14.7 10.4 730.7 0.00 0 0.0 15.6 24.1 24.5 3.628  -52.0   20.1   27.1  13   -8.9  18 0 0 1 2 2 0 15.0 8.5 15.1 8.5 80.0 100 100 20 408 0 143 0 401 401 400 0 0 0 59 50 AUTO_PARK 0 
b.1 2025-08-15 14:36:11.917 a 2025-08-15-14:36:02 215 230 248 4.9 6.9 8.3 14.7 10.5 730.7 0.00 0 0.0 15.6 24.1 24.5 3.627  -52.3   20.1   25.1  13   -8.8  18 0 0 1 2 2 0 15.1 8.5 15.1 8.5 80.0 100 100 20 408 0 143 0 401 401 400 0 0 0 59 50 AUTO_PARK 0 
b.1 2025-08-15 14:37:13.216 a 2025-08-15-14:37:03 211 229 241 5.4 7.4 8.7 14.7 9.8 730.7 0.00 0 0.0 15.6 24.1 24.5 3.627  -51.6   20.1   25.2  13   -8.9  18 0 0 1 2 2 0 15.1 8.5 15.1 8.5 80.0 100 100 20 408 0 143 0 402 401 400 0 0 0 59 50 AUTO_PARK 0 
b.1 2025-08-15 14:38:10.559 a 2025-08-15-14:38:01 216 230 240 5.3 7.5 9.3 14.8 9.8 730.7 0.00 0 0.0 15.7 24.1 24.5 3.627  -51.5   20.2   26.3  13   -9.0  18 0 0 1 2 2 0 15.1 8.7 15.1 8.6 80.0 100 100 20 408 0 143 0 401 401 400 0 0 0 60 50 AUTO_PARK 0 
b.1 2025-08-15 14:39:13.378 a 2025-08-15-14:39:03 218 230 244 6.3 7.6 9.0 14.8 9.8 730.7 0.00 0 0.0 15.6 24.1 24.5 3.627  -52.6   20.2   26.8  13   -8.9  18 0 0 1 2 2 0 15.1 8.4 15.1 8.4 80.0 100 100 20 408 0 143 0 401 401 399 0 0 0 59 50 AUTO_PARK 0 
b.1 2025-08-15 14:40:11.917 a 2025-08-15-14:40:02 213 228 241 5.7 8.0 9.0 14.9 9.5 730.7 0.00 0 0.0 15.8 24.1 24.5 3.627  -51.2   20.3   27.9  13   -9.1  18 0 0 1 2 2 0 15.1 7.9 15.1 8.0 80.0 100 100 20 408 0 143 0 401 401 399 0 0 0 60 50 AUTO_PARK 0 
b.1 2025-08-15 14:41:13.578 a 2025-08-15-14:41:04 213 229 241 5.0 7.6 9.0 14.9 9.6 730.7 0.00 0 0.0 15.8 24.1 24.4 3.628  -51.9   20.3   26.6  13   -9.1  18 0 0 1 2 2 0 15.1 7.9 15.2 7.9 80.0 100 100 20 408 0 143 0 402 401 400 0 0 0 59 50 AUTO_PARK 0 
b.1 2025-08-15 14:42:12.378 a 2025-08-15-14:42:03 204 228 246 5.1 7.5 8.8 14.9 9.4 730.7 0.00 0 0.0 15.8 24.1 24.5 3.627  -52.2   20.4   26.1  13   -9.0  18 0 0 1 2 2 0 15.2 7.8 15.2 7.8 80.0 100 100 20 408 0 143 0 401 401 400 0 0 0 59 50 AUTO_PARK 0 
b.1 2025-08-15 14:43:11.857 a 2025-08-15-14:43:02 213 228 240 5.1 7.2 8.9 15.0 9.1 730.7 0.00 0 0.0 15.9 24.1 24.5 3.628  -51.8   20.4   24.9  13   -8.9  18 0 0 1 2 2 0 15.2 7.7 15.2 7.7 80.0 100 100 20 408 0 143 0 402 401 400 0 0 0 59 50 AUTO_PARK 0 
b.1 2025-08-15 14:44:10.638 a 2025-08-15-14:44:01 208 226 246 4.7 6.9 9.0 15.0 8.9 730.7 0.00 0 0.0 16.0 24.1 24.4 3.634  -52.1   20.4   22.2  13   -8.9  18 0 0 1 2 2 0 15.2 7.5 15.2 7.5 80.0 100 100 20 408 0 143 0 401 401 400 0 0 0 60 50 AUTO_PARK 0 
b.1 2025-08-15 14:45:15.315 a 2025-08-15-14:45:06 213 228 252 4.8 7.1 9.1 15.0 9.2 730.7 0.00 0 0.0 16.0 24.1 24.4 3.627  -53.6   20.5   23.1  13   -9.0  18 0 0 1 2 2 0 15.2 7.4 15.3 7.4 80.0 100 100 20 408 0 143 0 401 401 400 0 0 0 59 50 AUTO_PARK 0 
b.1 2025-08-15 14:46:11.319 a 2025-08-15-14:46:01 212 228 260 3.7 7.2 8.8 15.0 9.2 730.7 0.00 0 0.0 16.0 24.1 24.4 3.627  -52.4   20.5   23.9  13   -9.1  18 0 0 1 2 2 0 15.3 7.4 15.3 7.4 80.0 100 100 20 408 0 143 0 401 401 400 0 0 0 60 50 AUTO_PARK 0 
b.1 2025-08-15 14:47:13.861 a 2025-08-15-14:47:04 207 227 244 5.0 7.2 8.6 15.0 9.6 730.7 0.00 0 0.0 16.0 24.1 24.5 3.628  -51.6   20.5   23.5  13   -9.0  18 0 0 1 2 2 0 15.3 7.4 15.3 7.4 80.0 100 100 20 408 0 143 0 401 401 399 0 0 0 59 50 AUTO_PARK 0 
b.1 2025-08-15 14:48:10.003 a 2025-08-15-14:48:00 207 225 242 5.0 7.0 8.7 15.1 9.3 730.7 0.00 0 0.0 16.1 24.1 24.5 3.628  -51.3   20.5   22.2  13   -9.0  18 0 0 1 2 2 0 15.3 7.5 15.3 7.5 80.0 100 100 20 408 0 143 0 401 401 399 0 0 0 59 50 AUTO_PARK 0 
b.1 2025-08-15 14:49:12.960 a 2025-08-15-14:49:03 209 227 241 4.8 6.9 8.5 15.1 8.9 730.7 0.00 0 0.0 16.1 24.1 24.5 3.627  -52.5   20.6   21.8  13   -9.0  18 0 0 1 2 2 0 15.3 7.4 15.4 7.4 80.0 100 100 20 408 0 143 0 401 401 399 0 0 0 60 50 AUTO_PARK 0 
b.1 2025-08-15 14:50:12.721 a 2025-08-15-14:50:03 207 226 236 5.5 7.3 9.0 15.1 8.9 730.8 0.00 0 0.0 16.1 24.1 24.5 3.627  -52.7   20.6   23.2  13   -9.1  18 0 0 1 2 2 0 15.4 7.3 15.4 7.3 80.0 100 100 20 408 0 143 0 400 401 399 0 0 0 59 50 AUTO_PARK 0 
b.1 2025-08-15 14:51:12.342 a 2025-08-15-14:51:03 210 227 246 4.8 7.2 8.7 15.2 8.9 730.8 0.00 0 0.0 16.2 24.1 24.4 3.627  -53.4   20.6   22.7  12   -9.2  18 0 0 1 2 2 0 15.4 7.3 15.4 7.2 80.0 100 100 20 408 0 143 0 401 401 400 0 0 0 59 50 AUTO_PARK 0 
b.1 2025-08-15 14:52:11.023 a 2025-08-15-14:52:01 196 225 245 4.4 6.7 8.7 15.2 9.0 730.8 0.00 0 0.0 16.2 24.1 24.5 3.627  -52.3   20.7   21.0  13   -9.1   5 0 0 1 2 2 0 15.4 7.3 15.4 7.3 80.0 100 100 20 408 0 143 0 401 402 399 0 0 0 59 50 AUTO_PARK 0 
b.1 2025-08-15 14:53:12.503 a 2025-08-15-14:53:03 211 228 239 5.9 7.4 8.4 15.2 9.0 730.8 0.00 0 0.0 16.2 24.1 24.5 3.628  -51.9   20.7   23.3  12   -9.2  13 0 0 1 2 2 0 15.4 7.3 15.4 7.3 80.0 100 100 20 408 0 143 0 401 401 400 0 0 0 59 50 AUTO_PARK 0 
b.1 2025-08-15 14:54:10.201 a 2025-08-15-14:54:00 208 226 240 5.9 7.3 8.6 15.2 9.0 730.8 0.00 0 0.0 16.2 24.1 24.5 3.627  -53.0   20.8   25.0  12   -9.4  19 0 0 1 2 2 0 15.4 7.2 15.5 7.2 80.0 100 100 20 408 0 143 0 401 401 399 0 0 0 60 50 AUTO_PARK 0 
b.1 2025-08-15 14:55:11.720 a 2025-08-15-14:55:02 199 226 246 3.9 6.8 8.2 15.2 8.7 730.8 0.00 0 0.0 16.3 24.1 24.5 3.627  -51.8   20.8   22.3  12   -9.3  17 0 0 1 2 2 0 15.5 7.2 15.5 7.2 80.0 100 100 20 408 0 143 0 401 401 399 0 0 0 59 50 AUTO_PARK 0 
b.1 2025-08-15 14:56:11.881 a 2025-08-15-14:56:02 212 230 239 5.3 7.0 8.0 15.2 9.1 730.8 0.00 0 0.0 16.3 24.1 24.4 3.627  -50.9   20.8   23.2  12   -9.4  17 0 0 1 2 2 0 15.5 7.1 15.5 7.0 80.0 100 100 20 408 0 143 0 400 402 399 0 0 0 59 50 AUTO_PARK 0 
b.1 2025-08-15 14:57:13.920 a 2025-08-15-14:57:04 202 226 240 4.9 6.9 8.8 15.2 8.6 730.8 0.00 0 0.0 16.3 24.1 24.5 3.628  -51.6   20.9   23.5  12   -9.4  17 0 0 1 2 2 0 15.5 7.1 15.5 7.1 80.0 100 100 20 408 0 143 0 401 401 400 0 0 0 59 50 AUTO_PARK 0 
b.1 2025-08-15 14:58:12.325 a 2025-08-15-14:58:02 209 229 253 4.5 6.0 8.0 15.2 8.8 730.7 0.00 0 0.0 16.3 24.1 24.4 3.627  -50.8   20.9   19.1  12   -9.3  17 0 0 1 2 2 0 15.5 7.3 15.5 7.3 80.0 100 100 20 408 0 143 0 401 401 399 0 0 0 59 50 AUTO_PARK 0 
b.1 2025-08-15 14:59:13.523 a 2025-08-15-14:59:04 210 229 263 4.0 6.3 8.5 15.2 8.6 730.8 0.00 0 0.0 16.5 24.1 24.5 3.626  -50.8   20.9   18.5  12   -9.3  17 0 0 1 2 2 0 15.5 7.2 15.5 7.2 80.0 100 100 20 408 0 143 0 402 401 399 0 0 0 59 50 AUTO_PARK 0 
b.1 2025-08-15 15:00:13.520 a 2025-08-15-15:00:04 201 228 243 4.0 6.4 8.1 15.2 8.8 730.8 0.00 0 0.0 16.4 24.1 24.5 3.627  -51.5   20.9   19.8  12   -9.4  17 0 0 1 2 2 0 15.5 7.3 15.5 7.3 80.0 100 100 20 408 0 143 0 401 401 399 0 0 0 59 50 WAIT_ACK 0 
b.1 2025-08-15 15:01:11.523 a 2025-08-15-15:01:02 209 229 249 3.6 6.6 8.2 15.2 9.2 730.8 0.00 0 0.0 16.4 24.1 24.4 3.634  -52.9   20.9   21.2  12   -9.4  17 0 0 1 2 2 0 15.5 7.2 15.5 7.2 80.0 100 100 20 408 0 143 0 401 401 400 0 0 0 59 50 WAIT_ACK 0 
b.1 2025-08-15 15:02:12.622 a 2025-08-15-15:02:03 209 228 247 3.0 6.3 8.3 15.2 8.5 730.8 0.00 0 0.0 16.5 24.1 24.5 3.627  -52.9   21.0   18.9  12   -9.4  17 0 0 1 2 2 0 15.5 7.1 15.5 7.1 80.0 100 100 20 408 0 143 0 401 401 400 0 0 0 60 50 WAIT_ACK 0 
b.1 2025-08-15 15:03:12.884 a 2025-08-15-15:03:03 211 230 245 5.0 6.8 8.1 15.2 8.5 730.8 0.00 0 0.0 16.5 24.1 24.4 3.628  -53.2   21.0   21.5  12   -9.3  17 0 0 1 2 2 0 15.6 6.9 15.5 7.0 80.0 100 100 20 408 0 143 0 401 401 399 0 0 0 59 50 WAIT_ACK 0 
b.1 2025-08-15 15:04:11.812 a 2025-08-15-15:04:02 191 223 240 3.9 6.1 8.1 15.2 7.9 730.8 0.00 0 0.0 16.6 24.1 24.4 3.634  -52.0   21.0   18.5  12   -9.5  17 0 0 1 2 2 0 15.6 6.9 15.6 6.9 80.0 100 100 20 408 0 143 0 400 401 400 0 0 0 59 50 WAIT_ACK 0 
b.1 2025-08-15 15:05:11.845 a 2025-08-15-15:05:02 204 225 238 4.7 6.5 8.2 15.2 8.8 730.8 0.00 0 0.0 16.5 24.1 24.5 3.626  -52.8   21.0   19.2  12   -9.4  17 0 0 1 2 2 0 15.6 7.0 15.6 7.0 80.0 100 100 20 408 0 143 0 401 401 399 0 0 0 59 50 WAIT_ACK 0 
b.1 2025-08-15 15:06:12.266 a 2025-08-15-15:06:02 207 227 244 3.9 5.9 7.3 15.3 8.9 730.8 0.00 0 0.0 16.6 24.1 24.5 3.627  -51.6   21.1   18.3  12   -9.4   5 0 0 1 2 2 0 15.6 7.2 15.6 7.2 80.0 100 100 20 408 0 143 0 401 401 400 0 0 0 60 50 WAIT_ACK 0 
b.1 2025-08-15 15:07:11.282 a 2025-08-15-15:07:01 201 223 240 3.2 4.6 6.7 15.3 9.0 730.8 0.00 0 0.0 16.7 24.1 24.5 3.627  -49.6   21.1   12.4  12   -9.3  11 0 0 1 1 2 0 15.6 7.5 15.6 7.4 80.0 100 100 20 408 0 143 0 401 401 400 0 0 0 59 50 WAIT_ACK 0 
b.1 2025-08-15 15:08:11.509 a 2025-08-15-15:08:02 203 224 242 3.6 5.9 7.9 15.3 8.6 730.8 0.00 0 0.0 16.7 24.1 24.5 3.627  -52.5   21.1   15.0  12   -9.3  15 0 0 1 1 2 0 15.7 7.6 15.6 7.6 80.0 100 100 20 408 0 143 0 402 401 399 0 0 0 60 50 WAIT_ACK 0 
b.1 2025-08-15 15:09:10.717 a 2025-08-15-15:09:01 209 225 241 4.2 6.0 7.8 15.3 8.3 730.8 0.00 0 0.0 16.7 24.1 24.5 3.628  -50.9   21.2   15.1  12   -9.3  15 0 0 1 2 2 0 15.7 7.3 15.6 7.3 80.0 100 100 20 408 0 143 0 400 401 399 0 0 0 60 50 WAIT_ACK 0 
b.1 2025-08-15 15:10:15.065 a 2025-08-15-15:10:05 191 220 244 3.4 5.8 7.5 15.3 8.7 730.8 0.00 0 0.0 16.7 24.1 24.5 3.633  -51.0   21.2   16.3  12   -9.3  15 0 0 1 2 2 0 15.7 7.4 15.7 7.4 80.0 100 100 20 408 0 142 0 401 401 399 0 0 0 59 50 WAIT_ACK 0 
b.1 2025-08-15 15:11:10.384 a 2025-08-15-15:11:01 191 221 246 3.4 5.6 7.4 15.3 8.7 730.8 0.00 0 0.0 16.7 24.1 24.5 3.628  -49.7   21.2   14.9  12   -9.3  15 0 0 1 1 2 0 15.7 7.5 15.7 7.5 80.0 100 100 20 408 0 143 0 401 401 400 0 0 0 59 50 WAIT_ACK 0 
b.1 2025-08-15 15:12:13.525 a 2025-08-15-15:12:04 204 224 241 4.1 5.6 6.7 15.3 8.8 730.8 0.00 0 0.0 16.7 24.1 24.5 3.627  -53.3   21.3   15.1  12   -9.3  15 0 0 1 2 2 0 15.7 7.5 15.7 7.5 80.0 100 100 20 408 0 143 0 401 401 400 0 0 0 60 50 WAIT_ACK 0 
b.1 2025-08-15 15:13:12.627 a 2025-08-15-15:13:03 195 221 242 2.8 5.4 7.0 15.3 8.6 730.8 0.00 0 0.0 16.8 24.1 24.5 3.626  -50.4   21.3   14.2  12   -9.3  15 0 0 1 1 2 0 15.7 7.5 15.7 7.5 80.0 100 100 20 408 0 143 0 401 401 399 0 0 0 60 50 AUTO 0 
b.1 2025-08-15 15:14:13.226 a 2025-08-15-15:14:03 199 223 249 3.0 4.9 6.4 15.3 8.3 730.8 0.00 0 0.0 16.9 24.1 24.4 3.627  -48.7   21.3   11.9  12   -9.3  15 0 0 1 1 2 0 15.8 7.4 15.7 7.4 80.0 100 100 20 408 0 143 0 401 401 400 0 0 0 59 50 AUTO 0 
b.1 2025-08-15 15:15:12.367 a 2025-08-15-15:15:02 193 222 238 3.3 5.2 6.7 15.4 8.6 730.8 0.00 0 0.0 17.0 24.1 24.5 3.628  -50.8   21.3   12.3  12   -9.3  15 0 0 1 1 2 0 15.8 7.4 15.7 7.5 80.0 100 100 20 408 0 143 0 401 401 400 0 0 0 60 50 AUTO 0 
b.1 2025-08-15 15:16:12.266 a 2025-08-15-15:16:02 188 216 245 3.0 4.9 6.2 15.4 8.4 730.9 0.00 0 0.0 17.0 24.1 24.4 3.634  -48.3   21.3   11.3  12   -9.4   5 0 0 1 1 2 0 15.8 7.6 15.8 7.6 80.0 100 100 20 408 0 143 0 401 401 400 0 0 0 59 50 AUTO 0 
b.1 2025-08-15 15:17:16.163 a 2025-08-15-15:17:06 189 212 245 2.0 5.0 7.3 15.5 8.0 730.9 0.00 0 0.0 17.1 24.1 24.4 3.627  -51.0   21.3   10.0  11   -9.8  14 0 0 1 1 2 0 15.8 7.7 15.8 7.6 80.0 100 100 20 408 0 143 0 402 401 399 0 0 0 60 50 AUTO 0 
b.1 2025-08-15 15:18:13.325 a 2025-08-15-15:18:03 200 218 242 2.9 5.3 7.0 15.5 8.0 730.9 0.00 0 0.0 17.1 24.1 24.5 3.628  -48.1   21.4   11.0  12   -9.6  15 0 0 1 1 2 0 15.9 7.5 15.8 7.6 80.0 100 100 20 408 0 143 0 401 401 400 0 0 0 59 50 AUTO 0 
b.1 2025-08-15 15:19:12.249 a 2025-08-15-15:19:02 148 220 257 0.7 4.4 6.2 15.5 8.5 730.9 0.00 0 0.0 17.3 24.1 24.5 3.628  -53.0   21.4    9.8  12   -9.5  15 0 0 1 1 2 0 15.9 7.6 15.8 7.6 80.0 100 100 20 408 0 143 0 401 401 400 0 0 0 59 50 AUTO 0 
b.1 2025-08-15 15:20:14.145 a 2025-08-15-15:20:04 197 226 250 2.6 4.8 6.4 15.6 9.2 730.9 0.00 0 0.0 17.3 24.1 24.4 3.627  -47.3   21.4    9.7  12   -9.4  15 0 0 1 1 2 0 15.9 7.9 15.9 7.9 80.0 100 100 20 408 0 143 0 401 402 400 0 0 0 59 50 AUTO 0 
b.1 2025-08-15 15:21:10.411 a 2025-08-15-15:21:01 146 225 250 1.1 4.2 5.6 15.6 9.2 730.9 0.00 0 0.0 17.5 24.1 24.5 3.628  -51.5   21.5    9.0  12   -9.3  11 0 0 1 1 2 0 15.9 8.1 15.9 8.1 80.0 100 100 20 408 0 143 0 401 401 400 0 0 0 60 50 AUTO 0 
b.1 2025-08-15 15:22:14.726 a 2025-08-15-15:22:05 197 225 249 3.0 4.6 5.9 15.6 9.4 730.9 0.00 0 0.0 17.5 24.1 24.5 3.627  -49.2   21.6    9.2  12   -9.1  11 0 0 1 1 2 0 16.0 8.3 15.9 8.3 80.0 100 100 20 408 0 143 0 401 401 400 0 0 0 59 50 AUTO 0 
b.1 2025-08-15 15:23:13.710 a 2025-08-15-15:23:04 204 224 250 1.6 4.5 6.2 15.6 9.4 730.9 0.00 0 0.0 17.5 24.1 24.4 3.634  -49.4   21.7    9.1  12   -8.9  13 0 0 1 1 2 0 16.0 8.4 15.9 8.4 80.0 100 100 20 408 0 143 0 401 401 400 0 0 0 59 50 AUTO 0 
b.1 2025-08-15 15:24:10.571 a 2025-08-15-15:24:01 193 226 248 1.9 3.7 5.2 15.6 9.6 731.0 0.00 0 0.0 17.8 24.1 24.5 3.626  -50.8   21.7    7.3  12   -8.9  13 0 0 1 1 2 0 16.0 8.6 15.9 8.6 80.0 100 100 20 408 0 143 0 402 401 400 0 0 0 59 50 AUTO 0 
b.1 2025-08-15 15:25:14.789 a 2025-08-15-15:25:05 187 221 238 3.0 4.6 5.8 15.6 8.8 731.0 0.00 0 0.0 17.7 24.1 24.5 3.627  -50.8   21.8    8.3  12   -8.8  13 0 0 1 1 2 0 16.1 8.6 16.0 8.6 80.0 100 100 20 408 0 143 0 401 401 400 0 0 0 59 50 AUTO 0 
b.1 2025-08-15 15:26:13.332 a 2025-08-15-15:26:03 194 221 240 2.5 4.1 5.3 15.6 8.8 731.0 0.00 0 0.0 17.7 24.1 24.4 3.628  -49.1   21.8    8.2  12   -8.7  13 0 0 1 1 2 0 16.1 8.4 16.0 8.5 80.0 100 100 20 408 0 143 0 401 401 400 0 0 0 59 50 AUTO 0 
b.1 2025-08-15 15:27:11.871 a 2025-08-15-15:27:02 194 223 287 0.7 3.3 5.4 15.6 9.2 730.9 0.00 0 0.0 18.0 24.1 24.5 3.627  -48.5   21.9    6.3  12   -8.7   5 0 0 1 1 2 0 16.1 8.4 16.0 8.5 80.0 100 100 20 408 0 143 0 402 401 400 0 0 0 60 50 AUTO 0 
b.1 2025-08-15 15:28:13.766 a 2025-08-15-15:28:04 157 217 287 0.3 3.0 5.3 15.7 9.2 731.0 0.00 0 0.0 18.1 24.1 24.5 3.626  -46.8   22.0    5.1  12   -8.7  12 0 0 1 1 2 0 16.2 8.5 16.0 8.6 80.0 100 100 20 408 0 143 0 401 401 400 0 0 0 59 50 AUTO 0 
b.1 2025-08-15 15:29:12.769 a 2025-08-15-15:29:03 189 219 263 0.5 2.4 3.4 15.7 9.2 731.0 0.00 0 0.0 18.5 24.1 24.5 3.627  -46.4   22.0    3.7  12   -8.7   9 0 0 1 1 2 0 16.2 8.7 16.1 8.7 80.0 100 100 20 408 0 143 0 401 401 400 0 0 0 59 50 AUTO 0 
b.1 2025-08-15 15:30:15.466 a 2025-08-15-15:30:06 092 219 266 0.4 3.2 6.2 15.8 9.3 731.0 0.00 0 0.0 18.7 24.1 24.5 3.626  -50.2   22.1    4.2  12   -8.6  14 0 0 1 1 2 0 16.2 9.0 16.1 8.9 80.0 100 100 20 408 0 143 0 401 402 399 0 0 0 59 50 AUTO 0 
b.1 2025-08-15 15:31:10.209 a 2025-08-15-15:31:00 190 226 257 1.6 4.2 5.8 15.8 9.5 731.0 0.00 0 0.0 18.4 24.1 24.5 3.627  -48.3   22.2    5.5  12   -8.3  13 0 0 1 1 2 0 16.3 8.9 16.1 9.0 80.0 100 100 20 408 0 142 2 402 401 400 0 0 3 59 50 AUTO 0 
b.1 2025-08-15 15:32:12.812 a 2025-08-15-15:32:03 199 230 250 2.5 4.5 6.6 15.9 8.7 731.0 0.00 0 0.0 18.3 24.1 24.5 3.627  -50.2   22.3    7.5  12   -8.3  13 0 0 1 1 2 0 16.3 8.8 16.1 8.9 80.0 100 100 20 408 0 143 0 401 401 400 0 0 0 60 50 AUTO 0 
b.1 2025-08-15 15:33:12.290 a 2025-08-15-15:33:02 197 226 261 1.5 3.4 5.8 15.9 8.9 731.0 0.00 0 0.0 18.5 24.1 24.5 3.628  -48.6   22.4    6.9  12   -8.2  13 0 0 1 1 2 0 16.3 8.8 16.2 8.8 80.0 100 100 20 408 0 143 0 401 401 400 0 0 0 60 50 AUTO 0 
b.1 2025-08-15 15:34:13.351 a 2025-08-15-15:34:03 188 224 264 1.5 2.5 3.8 15.9 9.1 731.0 0.00 0 0.0 18.8 24.1 24.5 3.627  -49.2   22.5    4.7  12   -8.2   5 0 0 1 1 2 0 16.3 8.8 16.2 8.9 80.0 100 100 20 408 0 143 0 401 401 400 0 0 0 60 50 AUTO 0 
b.1 2025-08-15 15:35:14.055 a 2025-08-15-15:35:04 085 231 258 0.2 2.8 4.1 15.9 9.3 731.0 0.00 0 0.0 18.9 24.1 24.5 3.627  -50.2   22.6    4.3  12   -8.0  11 0 0 1 1 2 0 16.4 8.8 16.2 9.0 80.0 100 100 20 408 0 143 0 401 402 400 0 0 0 59 50 AUTO 0 
b.1 2025-08-15 15:36:12.930 a 2025-08-15-15:36:03 036 219 309 0.2 1.9 3.6 16.0 9.5 731.1 0.00 0 0.0 19.2 24.1 24.4 3.633  -45.7   22.7    3.1  12   -8.1  11 0 0 1 1 2 0 16.4 8.9 16.2 9.1 80.0 100 100 20 408 0 143 0 401 401 399 0 0 0 60 50 AUTO 0 
b.1 2025-08-15 15:37:13.568 a 2025-08-15-15:37:04 083 238 304 0.1 1.9 3.1 16.0 9.4 731.1 0.00 0 0.0 19.7 24.1 24.4 3.627  -47.9   22.8    2.9  12   -7.9  11 0 0 1 1 2 0 16.5 9.0 16.3 9.1 80.0 100 100 20 408 0 143 0 400 401 400 0 0 0 59 50 AUTO 0 
b.1 2025-08-15 15:38:10.687 a 2025-08-15-15:38:01 117 233 267 1.1 2.2 3.6 16.1 9.7 731.1 0.00 0 0.0 19.9 24.1 24.4 3.627  -47.5   22.9    3.1  12   -7.7  11 0 0 1 1 2 0 16.5 9.2 16.3 9.2 80.0 100 100 20 408 0 143 0 402 401 400 0 0 0 60 50 AUTO 0 
b.1 2025-08-15 15:39:11.270 a 2025-08-15-15:39:01 076 262 308 0.2 1.6 3.2 16.1 8.7 731.1 0.00 0 0.0 20.1 24.1 24.5 3.627  -46.5   23.1    2.8  12   -7.7   5 0 0 1 1 2 0 16.5 9.3 16.4 9.3 80.0 100 100 20 408 0 143 0 401 401 400 0 0 0 59 50 AUTO 0 
b.1 2025-08-15 15:40:12.710 a 2025-08-15-15:40:03 135 215 273 0.2 2.6 4.4 16.1 9.0 731.1 0.00 0 0.0 20.0 24.1 24.5 3.626  -48.3   23.2    3.0  12   -7.6  11 0 0 1 1 2 0 16.6 9.1 16.4 9.4 80.0 100 100 20 408 0 143 0 401 401 400 0 0 0 60 50 AUTO 0 
b.1 2025-08-15 15:41:13.171 a 2025-08-15-15:41:03 072 238 283 0.1 1.7 3.5 16.1 9.9 731.1 0.00 0 0.0 20.1 24.1 24.5 3.626  -48.2   23.3    2.8  12   -7.7  11 0 0 1 1 2 0 16.6 9.0 16.4 9.3 80.0 100 100 20 408 0 143 0 401 401 400 0 0 0 60 50 AUTO 0 
b.1 2025-08-15 15:42:10.874 a 2025-08-15-15:42:01 010 238 029 0.1 1.3 3.1 16.2 9.3 731.1 0.00 0 0.0 20.4 24.1 24.5 3.626  -46.3   23.4    2.6  12   -7.5  11 0 0 1 1 2 0 16.6 9.3 16.5 9.2 80.0 100 100 20 408 0 143 0 401 401 400 0 0 0 60 50 AUTO 0 
b.1 2025-08-15 15:43:12.608 a 2025-08-15-15:43:03 071 209 251 0.1 1.2 2.4 16.2 9.5 731.1 0.00 0 0.0 21.0 24.1 24.5 3.627  -46.4   23.5    2.3  12   -7.4   5 0 0 1 1 2 0 16.7 9.0 16.5 9.3 80.0 100 100 20 408 0 143 0 402 401 400 0 0 0 59 50 AUTO 0 
b.1 2025-08-15 15:44:10.890 a 2025-08-15-15:44:01 246 210 327 0.1 0.7 1.9 16.3 9.8 731.1 0.00 0 0.0 21.5 24.1 24.5 3.626  -45.5   23.6    2.1  12   -7.4   5 0 0 1 1 2 0 16.7 9.1 16.6 9.4 80.0 100 100 20 408 0 142 0 401 401 400 0 0 0 60 50 AUTO 0 
b.1 2025-08-15 15:45:15.351 a 2025-08-15-15:45:05 006 258 215 0.2 2.5 4.9 16.4 8.8 731.1 0.00 0 0.0 21.3 24.1 24.5 3.626  -49.9   23.7    2.6  12   -7.5  12 0 0 1 1 2 0 16.7 9.2 16.6 9.2 80.0 100 100 20 408 0 143 0 401 402 399 0 0 0 60 50 AUTO 0 
b.1 2025-08-15 15:46:09.855 a 2025-08-15-15:46:00 134 253 335 0.1 2.5 4.2 16.4 8.8 731.1 0.00 0 0.0 21.1 24.1 24.4 3.634  -50.4   23.8    2.8  12   -7.7  10 0 0 1 1 2 0 16.7 8.8 16.6 9.0 80.0 100 100 20 408 0 143 0 401 402 400 0 0 0 60 50 AUTO 0 
b.1 2025-08-15 15:47:11.753 a 2025-08-15-15:47:02 039 250 123 0.2 1.8 3.4 16.4 8.5 731.2 0.00 0 0.0 21.1 24.1 24.5 3.627  -47.4   23.8    2.7  12   -7.7  10 0 0 1 1 2 0 16.8 8.7 16.7 8.8 80.0 100 100 20 408 0 143 0 401 401 400 0 0 0 60 50 AUTO 0 
b.1 2025-08-15 15:48:13.653 a 2025-08-15-15:48:04 213 244 274 0.4 1.9 2.6 16.4 8.6 731.2 0.00 0 0.0 21.3 24.1 24.5 3.627  -46.9   23.8    2.8  12   -7.3  10 0 0 1 1 2 0 16.8 8.6 16.8 8.6 80.0 100 100 20 408 0 143 0 401 401 400 0 0 0 60 50 AUTO 0 
b.1 2025-08-15 15:49:09.776 a 2025-08-15-15:49:00 078 223 329 0.1 1.1 2.5 16.4 8.6 731.2 0.00 0 0.0 21.7 24.1 24.4 3.634  -46.2   23.9    2.3  12   -7.3  10 0 0 1 1 2 0 16.9 8.6 16.8 8.6 80.0 100 100 20 408 0 143 0 401 401 400 0 0 0 59 50 AUTO 0 
b.1 2025-08-15 15:50:14.269 a 2025-08-15-15:50:04 136 200 341 0.1 1.2 2.7 16.4 9.4 731.2 0.00 0 0.0 22.2 24.1 24.4 3.633  -46.2   24.0    2.2  12   -7.3   5 0 0 1 1 2 0 16.9 8.7 16.8 8.7 80.0 100 100 20 408 0 143 0 401 401 399 0 0 0 60 50 AUTO 0 
b.1 2025-08-15 15:51:10.957 a 2025-08-15-15:51:01 107 188 318 0.0 0.5 1.3 16.5 9.1 731.2 0.00 0 0.0 22.8 24.1 24.5 3.626  -45.4   24.1    0.0  12   -7.2   5 0 0 1 1 2 0 16.9 8.8 16.8 8.8 80.0 100 100 20 408 0 143 0 401 401 400 0 0 0 60 50 AUTO 0 
b.1 2025-08-15 15:52:12.334 a 2025-08-15-15:52:02 026 198 326 0.0 0.7 2.0 16.6 9.1 731.2 0.00 0 0.0 23.5 24.1 24.4 3.633  -47.3   24.2    0.0  12   -7.1   5 0 0 1 1 2 0 17.0 8.9 16.9 8.9 80.0 100 100 20 408 0 143 0 402 401 400 0 0 0 59 50 AUTO 0 
b.1 2025-08-15 15:53:14.694 a 2025-08-15-15:53:05 195 227 258 0.3 1.6 2.9 16.7 8.8 731.2 0.00 0 0.0 23.5 24.1 24.5 3.627  -46.5   24.3    2.2  12   -6.9   7 0 0 1 1 2 0 17.0 8.9 16.9 8.9 80.0 100 100 20 408 0 143 0 401 401 400 0 0 0 60 50 AUTO 0 
b.1 2025-08-15 15:54:12.174 a 2025-08-15-15:54:02 090 215 348 0.2 1.3 2.7 16.8 8.7 731.2 0.00 0 0.0 23.5 24.1 24.5 3.628  -47.7   24.4    2.2  12   -7.0   7 0 0 1 1 2 0 17.1 9.0 16.9 8.8 80.0 100 100 20 408 0 143 0 401 402 400 0 0 0 59 50 AUTO 0 
b.1 2025-08-15 15:55:16.032 a 2025-08-15-15:55:06 198 227 270 0.2 2.3 3.1 16.8 8.2 731.3 0.00 0 0.0 23.0 24.1 24.4 3.633  -48.4   24.5    2.4  12   -6.7  13 0 0 1 1 2 0 17.1 9.2 17.0 8.9 80.0 100 100 20 408 0 143 0 401 401 400 0 0 0 60 50 AUTO 0 
b.1 2025-08-15 15:56:12.081 a 2025-08-15-15:56:02 092 259 350 0.2 1.8 2.9 16.8 8.5 731.2 0.00 0 0.0 22.9 24.1 24.5 3.627  -51.3   24.6    2.6  12   -6.7   9 0 0 1 1 2 0 17.1 9.0 17.0 9.0 80.0 100 100 20 408 0 143 0 401 401 399 0 0 0 59 50 AUTO 0 
b.1 2025-08-15 15:57:12.752 a 2025-08-15-15:57:03 107 239 319 0.1 1.1 2.0 16.8 8.1 731.3 0.00 0 0.0 23.0 24.1 24.5 3.627  -46.3   24.8    2.4  12   -6.5  10 0 0 1 1 2 0 17.2 9.0 17.1 8.9 80.0 100 100 20 408 0 143 0 401 401 399 0 0 0 60 50 AUTO 0 
b.1 2025-08-15 15:58:11.355 a 2025-08-15-15:58:01 138 232 321 0.1 1.6 2.9 16.8 8.8 731.3 0.00 0 0.0 23.2 24.1 24.5 3.627  -48.1   24.9    2.4  12   -6.4  10 0 0 1 1 2 0 17.2 8.9 17.1 8.9 80.0 100 100 20 408 0 143 0 401 401 400 0 0 0 59 50 AUTO 0 
b.1 2025-08-15 15:59:12.773 a 2025-08-15-15:59:03 196 230 268 0.2 1.9 2.9 16.8 8.6 731.3 0.00 0 0.0 23.0 24.1 24.4 3.628  -49.2   25.1    2.6  12   -6.2  10 0 0 1 1 2 0 17.3 8.8 17.1 8.9 80.0 100 100 20 408 0 143 0 401 401 399 0 0 0 59 50 AUTO 0 
b.1 2025-08-15 16:00:14.295 a 2025-08-15-16:00:04 151 215 280 0.3 1.5 3.2 16.8 8.2 731.2 0.00 0 0.0 23.2 24.1 24.5 3.628  -49.2   25.2    2.4  12   -6.1  10 0 0 1 1 2 0 17.3 8.8 17.2 8.9 80.0 100 100 20 408 0 143 0 401 401 400 0 0 0 60 50 AUTO 0 
b.1 2025-08-15 16:01:11.538 a 2025-08-15-16:01:02 160 227 266 0.8 1.7 3.4 16.9 8.2 731.3 0.00 0 0.0 23.0 24.1 24.5 3.626  -47.9   25.4    2.5  12   -5.7  10 0 0 1 1 2 0 17.3 8.9 17.2 8.9 80.0 100 100 20 408 0 143 0 402 401 400 0 0 0 60 50 AUTO 0 
b.1 2025-08-15 16:02:11.940 a 2025-08-15-16:02:02 124 227 310 0.3 1.5 2.6 16.9 8.9 731.3 0.00 0 0.0 23.3 24.1 24.5 3.627  -48.3   25.5    2.4  12   -5.9   5 0 0 1 1 2 0 17.3 8.7 17.3 8.9 80.0 100 100 20 408 0 143 0 401 401 400 0 0 0 60 50 AUTO 0 
b.1 2025-08-15 16:03:11.456 a 2025-08-15-16:03:01 124 232 286 0.2 1.8 3.6 16.9 9.6 731.3 0.00 0 0.0 23.5 24.1 24.5 3.628  -48.4   25.6    2.5  12   -5.9   5 0 0 1 1 2 0 17.3 8.9 17.3 9.0 80.0 100 100 20 408 0 143 0 401 401 399 0 0 0 60 50 AUTO 0 
b.1 2025-08-15 16:04:12.000 a 2025-08-15-16:04:02 054 292 244 0.1 1.5 3.2 16.9 8.4 731.3 0.00 0 0.0 23.3 24.1 24.5 3.626  -48.0   25.7    2.5  11   -6.4   8 0 0 1 1 2 0 17.4 8.6 17.3 8.7 80.0 100 100 20 408 0 143 0 401 401 399 0 0 0 60 50 AUTO 0 
b.1 2025-08-15 16:05:13.980 a 2025-08-15-16:05:04 175 273 346 0.5 2.2 3.5 16.9 8.2 731.3 0.00 0 0.0 23.2 24.1 24.5 3.628  -47.3   25.7    3.1  11   -6.4   8 0 0 1 1 2 0 17.4 8.7 17.3 8.6 80.0 100 100 20 408 0 143 0 402 401 400 0 0 0 60 50 AUTO 0 
b.1 2025-08-15 16:06:13.878 a 2025-08-15-16:06:04 006 261 098 0.1 1.8 2.8 16.9 8.2 731.3 0.00 0 0.0 23.2 24.1 24.5 3.627  -47.8   25.8    3.1  12   -6.2   8 0 0 1 1 2 0 17.4 8.5 17.3 8.6 80.0 100 100 20 408 0 143 0 402 401 400 0 0 0 60 50 AUTO 0 
b.1 2025-08-15 16:07:11.078 a 2025-08-15-16:07:01 095 259 316 0.2 2.0 3.1 16.9 8.3 731.3 0.00 0 0.0 23.3 24.1 24.4 3.627  -47.9   25.8    3.3  12   -6.1   8 0 0 1 1 2 0 17.4 8.7 17.4 8.5 80.0 100 100 20 408 0 143 0 401 401 399 0 0 0 59 50 AUTO 0 
b.1 2025-08-15 16:08:11.895 a 2025-08-15-16:08:02 041 292 109 0.1 1.4 3.7 16.9 8.6 731.3 0.00 0 0.0 23.5 24.1 24.5 3.633  -50.4   25.9    2.8  11   -6.6   8 0 0 1 1 2 0 17.4 8.6 17.4 8.5 80.0 100 100 20 408 0 143 0 401 401 400 0 0 0 59 50 AUTO 0 
b.1 2025-08-15 16:09:13.555 a 2025-08-15-16:09:04 094 260 347 0.1 2.3 4.4 16.9 8.3 731.3 0.00 0 0.0 23.2 24.1 24.5 3.627  -46.8   25.9    3.3  11   -6.5   8 0 0 1 1 2 0 17.3 8.4 17.4 8.4 80.0 100 100 20 408 0 143 0 401 401 399 0 0 0 59 50 AUTO 0 
b.1 2025-08-15 16:10:11.920 a 2025-08-15-16:10:02 148 260 339 0.1 1.5 3.1 16.9 8.4 731.3 0.00 0 0.0 23.6 24.1 24.4 3.627  -46.6   25.9    2.6  11   -6.6   8 0 0 1 1 2 0 17.4 8.4 17.4 8.4 80.0 100 100 20 408 0 143 0 400 401 399 0 0 0 60 50 AUTO 0 
b.1 2025-08-15 16:11:10.976 a 2025-08-15-16:11:01 104 241 280 0.2 1.8 4.3 16.9 9.0 731.3 0.00 0 0.0 23.7 24.1 24.5 3.627  -48.4   25.9    2.6  11   -6.8   5 0 0 1 1 2 0 17.3 8.4 17.4 8.5 80.0 100 100 20 408 0 143 0 401 401 400 0 0 0 59 50 AUTO 0 
b.1 2025-08-15 16:12:10.878 a 2025-08-15-16:12:01 063 265 090 0.5 2.7 4.3 17.0 8.7 731.4 0.00 0 0.0 23.1 24.1 24.5 3.627  -46.7   25.9    3.4  11   -6.7  10 0 0 1 1 2 0 17.4 8.3 17.4 8.3 80.0 100 100 20 408 0 143 0 400 401 399 0 0 0 60 50 AUTO 0 
b.1 2025-08-15 16:13:13.520 a 2025-08-15-16:13:04 144 269 306 0.4 2.2 3.2 16.9 8.1 731.4 0.00 0 0.0 23.2 24.1 24.5 3.628  -47.9   25.8    3.6  11   -6.5  11 0 0 1 1 2 0 17.4 8.4 17.5 8.5 80.0 100 100 20 408 0 143 0 401 401 400 0 0 0 59 50 AUTO 0 
b.1 2025-08-15 16:14:09.877 a 2025-08-15-16:14:00 108 217 286 0.2 1.3 2.3 16.9 8.7 731.4 0.00 0 0.0 23.6 24.1 24.5 3.627  -48.0   25.8    2.7  11   -6.6   8 0 0 1 1 2 0 17.4 8.5 17.5 8.4 80.0 100 100 20 408 0 143 0 401 401 400 0 0 0 60 50 AUTO 0 
b.1 2025-08-15 16:15:14.641 a 2025-08-15-16:15:05 129 212 259 0.4 1.6 2.5 17.0 8.5 731.4 0.00 0 0.0 24.0 24.1 24.5 3.627  -47.0   25.8    2.5  11   -6.4   8 0 0 1 1 2 0 17.5 8.6 17.6 8.5 80.0 100 100 20 408 0 143 0 401 401 399 0 0 0 59 50 AUTO 0 
b.1 2025-08-15 16:16:11.979 a 2025-08-15-16:16:02 129 221 254 0.4 1.9 3.4 17.1 8.7 731.4 0.00 0 0.0 23.9 24.1 24.4 3.627  -49.0   25.8    2.7  11   -6.3   8 0 0 1 1 2 0 17.5 8.8 17.6 8.5 80.0 100 100 20 408 0 143 0 401 401 399 0 0 0 60 50 AUTO 0 
b.1 2025-08-15 16:17:12.516 a 2025-08-15-16:17:03 039 210 299 0.2 1.4 2.7 17.1 9.0 731.4 0.00 0 0.0 24.1 24.1 24.4 3.627  -47.0   25.8    2.5  12   -6.2   8 0 0 1 1 2 0 17.6 8.6 17.6 8.6 80.0 100 100 20 408 0 143 0 402 401 400 0 0 0 59 50 AUTO 0 
b.1 2025-08-15 16:18:10.838 a 2025-08-15-16:18:01 299 223 357 0.1 1.0 3.0 17.2 9.4 731.4 0.00 0 0.0 24.6 24.1 24.4 3.627  -46.4   25.8    2.3  11   -6.5   8 0 0 1 1 2 0 17.6 8.8 17.6 8.7 80.0 100 100 20 408 0 143 0 401 401 399 0 0 0 60 50 AUTO 0 
b.1 2025-08-15 16:19:12.138 a 2025-08-15-16:19:02 214 224 263 0.2 3.0 4.4 17.3 8.1 731.4 0.00 0 0.0 23.8 24.1 24.4 3.627  -49.4   25.8    3.1  11   -6.4   8 0 0 1 1 2 0 17.6 8.6 17.6 8.7 80.0 100 100 20 408 0 143 0 401 401 400 0 0 0 60 50 AUTO 0 
b.1 2025-08-15 16:20:13.898 a 2025-08-15-16:20:04 102 238 305 0.0 1.5 3.2 17.2 8.1 731.4 0.00 0 0.0 23.9 24.1 24.5 3.627  -46.8   25.8    2.6  11   -6.6   8 0 0 1 1 2 0 17.7 8.5 17.6 8.6 80.0 100 100 20 408 0 143 0 401 401 400 0 0 0 59 50 AUTO 0 
b.1 2025-08-15 16:21:12.361 a 2025-08-15-16:21:02 107 264 319 0.2 2.4 4.4 17.2 8.1 731.4 0.00 0 0.0 23.7 24.1 24.5 3.627  -48.4   25.9    3.1  11   -6.9   8 0 0 1 1 2 0 17.7 8.4 17.6 8.4 80.0 100 100 20 408 0 143 0 401 401 399 0 0 0 60 50 AUTO 0 
b.1 2025-08-15 16:22:10.441 a 2025-08-15-16:22:01 040 288 146 0.1 1.8 3.9 17.2 8.1 731.4 0.00 0 0.0 23.8 24.1 24.4 3.627  -47.0   25.9    2.9  11   -6.8   8 0 0 1 1 2 0 17.7 8.3 17.6 8.3 80.0 100 100 20 408 0 143 0 402 401 400 0 0 0 60 50 AUTO 0 
b.1 2025-08-15 16:23:14.657 a 2025-08-15-16:23:05 008 246 302 0.1 1.5 3.5 17.1 8.5 731.5 0.00 0 0.0 24.2 24.1 24.4 3.627  -46.9   25.9    2.7  11   -6.9   8 0 0 1 1 2 0 17.7 8.4 17.7 8.5 80.0 100 100 20 408 0 143 0 401 401 399 0 0 0 59 50 AUTO 0 
b.1 2025-08-15 16:24:12.240 a 2025-08-15-16:24:02 103 206 289 0.1 1.9 3.6 17.2 9.2 731.4 0.00 0 0.0 24.2 24.1 24.5 3.627  -48.9   25.9    2.7  11   -7.2   5 0 0 1 1 2 0 17.7 8.3 17.7 8.3 80.0 100 100 20 408 0 141 0 400 401 399 0 0 0 59 50 AUTO 0 
b.1 2025-08-15 16:25:14.463 a 2025-08-15-16:25:05 039 249 081 0.3 1.8 3.2 17.2 6.6 731.5 0.00 0 0.0 24.2 24.1 24.5 3.627  -45.8   25.8    2.7  11   -7.1   5 0 0 1 1 2 0 17.7 7.9 17.7 8.0 80.0 100 100 20 408 0 143 0 401 401 399 0 0 0 60 50 AUTO 0 
b.1 2025-08-15 16:26:12.365 a 2025-08-15-16:26:02 111 235 319 0.1 1.6 3.3 17.2 7.4 731.5 0.00 0 0.0 24.5 24.1 24.4 3.627  -46.0   25.8    2.6  11   -7.1   7 0 0 1 1 2 0 17.7 7.7 17.7 7.8 80.0 100 100 20 408 0 143 0 401 401 400 0 0 0 60 50 AUTO 0 
b.1 2025-08-15 16:27:12.565 a 2025-08-15-16:27:03 090 248 311 0.2 2.6 5.9 17.3 8.5 731.5 0.00 0 0.0 24.0 24.1 24.5 3.634  -49.7   25.8    3.4  11   -7.3   9 0 0 1 1 2 0 17.7 7.9 17.8 7.9 80.0 100 100 20 408 0 143 0 400 402 399 0 0 0 59 50 AUTO 0 
b.1 2025-08-15 16:28:11.000 a 2025-08-15-16:28:01 080 219 328 0.4 3.3 5.8 17.3 8.9 731.5 0.00 0 0.0 23.3 24.1 24.4 3.627  -51.6   25.8    4.5  11   -7.3  14 0 0 1 1 2 0 17.8 7.9 17.8 7.9 80.0 100 100 20 408 0 143 0 401 401 399 0 0 0 59 50 AUTO 0 
b.1 2025-08-15 16:29:12.720 a 2025-08-15-16:29:03 198 231 337 0.3 2.8 4.0 17.4 6.9 731.5 0.00 0 0.0 23.0 24.1 24.5 3.627  -46.5   25.8    4.6  11   -7.0  11 0 0 1 1 2 0 17.8 7.9 17.8 7.9 80.0 100 100 20 408 0 143 0 401 401 399 0 0 0 60 50 AUTO 0 
b.1 2025-08-15 16:30:14.105 a 2025-08-15-16:30:04 066 207 000 0.1 0.9 2.4 17.3 7.1 731.5 0.00 0 0.0 23.9 24.1 24.5 3.633  -45.4   25.8    2.4  11   -7.3   5 0 0 1 1 2 0 17.9 7.9 17.8 7.8 80.0 100 100 20 408 0 143 0 402 401 400 0 0 0 59 50 AUTO 0 
b.1 2025-08-15 16:31:12.421 a 2025-08-15-16:31:02 023 258 068 0.0 0.6 1.9 17.3 8.3 731.5 0.00 0 0.0 24.9 24.1 24.5 3.627  -45.6   25.8    2.2  11   -7.3   5 0 0 1 1 2 0 17.9 8.0 17.8 7.8 80.0 100 100 20 408 0 143 0 401 401 400 0 0 0 59 50 AUTO 0 
b.1 2025-08-15 16:32:11.005 a 2025-08-15-16:32:01 017 219 090 0.0 1.8 4.4 17.4 8.0 731.5 0.00 0 0.0 25.2 24.1 24.5 3.627  -48.4   25.8    2.4  11   -7.2   5 0 0 1 1 2 0 17.9 7.9 17.9 7.9 80.0 100 100 20 408 0 143 0 401 401 399 0 0 0 60 50 AUTO 0 
b.1 2025-08-15 16:33:13.782 a 2025-08-15-16:33:04 118 221 282 0.1 2.6 4.6 17.5 7.8 731.5 0.00 0 0.0 24.5 24.1 24.4 3.635  -52.2   25.8    2.8  11   -7.2  10 0 0 1 1 2 0 17.9 7.8 17.9 7.8 80.0 100 100 20 408 0 143 0 401 401 400 0 0 0 59 50 AUTO 0 
b.1 2025-08-15 16:34:10.743 a 2025-08-15-16:34:01 127 198 234 0.5 1.5 2.8 17.5 7.6 731.5 0.00 0 0.0 24.7 24.1 24.5 3.627  -47.9   25.8    2.5  11   -7.0   7 0 0 1 1 2 0 17.9 8.0 17.9 7.8 80.0 100 100 20 408 0 143 0 401 401 400 0 0 0 59 50 AUTO 0 
b.1 2025-08-15 16:35:15.161 a 2025-08-15-16:35:05 248 163 322 0.1 0.5 1.2 17.5 8.2 731.5 0.00 0 0.0 25.9 24.1 24.5 3.626  -45.4   25.8    0.0  11   -7.1   0 0 0 1 1 2 0 17.9 7.9 17.9 7.9 80.0 100 100 20 408 0 143 0 401 401 400 0 0 0 60 50 AUTO 0 
b.1 2025-08-15 16:36:12.786 a 2025-08-15-16:36:03 066 200 288 0.1 0.8 3.9 17.6 8.0 731.5 0.00 0 0.0 26.8 24.1 24.5 3.627  -49.8   25.8    2.2  11   -7.2   5 0 0 1 1 2 0 18.0 8.0 18.0 7.9 80.0 100 100 20 408 0 143 0 401 401 399 0 0 0 60 50 AUTO 0 
b.1 2025-08-15 16:37:12.345 a 2025-08-15-16:37:02 101 229 198 0.1 1.8 3.7 17.7 7.8 731.5 0.00 0 0.0 26.2 24.1 24.5 3.626  -50.1   25.9    2.3  10   -7.4   5 0 0 1 1 2 0 18.0 7.9 18.0 7.9 80.0 100 100 20 408 0 143 0 401 401 400 0 0 0 60 50 AUTO 0 
b.1 2025-08-15 16:38:10.243 a 2025-08-15-16:38:00 090 204 348 0.2 2.0 3.3 17.7 8.3 731.6 0.00 0 0.0 25.7 24.1 24.4 3.627  -50.3   25.9    2.4  11   -7.1  10 0 0 1 1 2 0 18.0 8.1 18.0 8.1 80.0 100 100 20 408 0 143 0 401 401 400 0 0 0 60 50 AUTO 0 
b.1 2025-08-15 16:39:11.244 a 2025-08-15-16:39:01 100 237 279 0.2 1.9 3.9 17.7 8.0 731.6 0.00 0 0.0 25.1 24.1 24.4 3.627  -46.6   26.0    2.6  10   -7.5   9 0 0 1 1 2 0 18.0 8.0 18.1 8.1 80.0 100 100 20 408 0 143 0 400 401 399 0 0 0 59 50 AUTO 0 
b.1 2025-08-15 16:40:14.345 a 2025-08-15-16:40:04 217 237 262 1.4 2.5 3.6 17.6 6.4 731.6 0.00 0 0.0 24.8 24.1 24.5 3.627  -47.3   26.0    3.1  11   -7.1   9 0 0 1 1 2 0 18.0 7.7 18.1 7.9 80.0 100 100 20 408 0 143 0 401 401 400 0 0 0 60 50 AUTO 0 
b.1 2025-08-15 16:41:10.904 a 2025-08-15-16:41:01 090 193 302 0.1 1.6 3.5 17.5 7.2 731.6 0.00 0 0.0 25.1 24.1 24.4 3.626  -48.2   26.0    2.7  11   -7.1   9 0 0 1 1 2 0 18.0 7.8 18.1 7.8 80.0 100 100 20 408 0 143 0 401 401 400 0 0 0 60 50 AUTO 0 
b.1 2025-08-15 16:42:13.785 a 2025-08-15-16:42:04 121 219 348 0.4 1.9 3.4 17.5 6.9 731.6 0.00 0 0.0 25.1 24.1 24.5 3.626  -46.8   26.1    2.7  11   -7.2   9 0 0 1 1 2 0 18.0 7.6 18.1 7.6 80.0 100 100 20 408 0 143 0 401 401 400 0 0 0 60 50 AUTO 0 
b.1 2025-08-15 16:43:10.947 a 2025-08-15-16:43:01 044 232 348 0.2 1.5 3.3 17.5 7.5 731.6 0.00 0 0.0 25.1 24.1 24.4 3.632  -49.5   26.1    2.6  10   -7.8   5 0 0 1 1 2 0 18.0 7.4 18.1 7.4 80.0 100 100 20 408 0 142 0 401 401 399 0 0 0 60 50 AUTO 0 
b.1 2025-08-15 16:44:12.969 a 2025-08-15-16:44:03 097 237 288 0.2 1.5 2.9 17.5 6.8 731.6 0.00 0 0.0 25.5 24.1 24.4 3.626  -45.7   26.1    2.5  10   -7.6   5 0 0 1 1 2 0 18.0 7.5 18.1 7.5 80.0 100 100 20 408 0 143 0 400 401 399 0 0 0 60 50 AUTO 0 
b.1 2025-08-15 16:45:11.786 a 2025-08-15-16:45:02 093 214 257 0.1 1.3 2.4 17.5 7.0 731.6 0.00 0 0.0 25.8 24.1 24.5 3.626  -46.3   26.1    2.4  10   -7.5   5 0 0 1 1 2 0 18.0 7.3 18.1 7.4 80.0 100 100 20 408 0 143 0 401 401 400 0 0 0 59 50 AUTO 0 
b.1 2025-08-15 16:46:11.964 a 2025-08-15-16:46:02 189 212 317 0.1 1.3 3.4 17.6 6.9 731.6 0.00 0 0.0 26.2 24.1 24.5 3.626  -46.4   26.1    2.3  10   -7.4   5 0 0 1 1 2 0 18.1 7.5 18.1 7.4 80.0 100 100 20 408 0 143 0 401 401 400 0 0 0 59 50 AUTO 0 
b.1 2025-08-15 16:47:11.687 a 2025-08-15-16:47:02 171 203 286 0.1 1.6 3.1 17.6 6.7 731.6 0.00 0 0.0 26.1 24.1 24.5 3.627  -47.7   26.2    2.3  10   -7.2  10 0 0 1 1 2 0 18.0 7.7 18.1 7.5 80.0 100 100 20 408 0 143 0 401 401 400 0 0 0 59 50 AUTO 0 
b.1 2025-08-15 16:48:11.167 a 2025-08-15-16:48:01 257 240 342 0.1 1.6 3.4 17.6 7.0 731.6 0.00 0 0.0 26.1 24.1 24.5 3.627  -46.6   26.2    2.5  10   -7.4   7 0 0 1 1 2 0 18.0 7.6 18.2 7.4 80.0 100 100 20 408 0 143 0 401 401 399 0 0 0 60 50 AUTO 0 
b.1 2025-08-15 16:49:13.285 a 2025-08-15-16:49:03 111 295 289 0.0 0.9 2.4 17.6 7.0 731.6 0.00 0 0.0 26.3 24.1 24.5 3.627  -45.8   26.3    2.3  10   -7.4   7 0 0 1 1 2 0 18.1 7.7 18.3 7.7 80.0 100 100 20 408 0 143 0 401 402 399 0 0 0 59 50 AUTO 0 
b.1 2025-08-15 16:50:15.089 a 2025-08-15-16:50:05 106 172 344 0.1 0.6 1.3 17.6 7.4 731.6 0.00 0 0.0 27.1 24.1 24.5 3.627  -46.1   26.3    0.0  10   -7.5   5 0 0 1 1 2 0 18.1 7.8 18.3 7.6 80.0 100 100 20 408 0 143 0 401 401 400 0 0 0 59 50 AUTO 0 
b.1 2025-08-15 16:51:10.430 a 2025-08-15-16:51:00 066 230 313 0.0 0.4 1.1 17.8 8.4 731.6 0.00 0 0.0 28.1 24.1 24.4 3.632  -45.0   26.3    0.0  10   -7.6   5 0 0 1 1 2 0 18.1 7.7 18.3 7.5 80.0 100 100 20 408 0 143 0 402 401 400 0 0 0 60 50 AUTO 0 
b.1 2025-08-15 16:52:10.687 a 2025-08-15-16:52:01 198 199 346 0.1 0.8 2.6 17.8 8.4 731.7 0.00 0 0.0 28.8 24.1 24.4 3.633  -46.6   26.3    0.0  10   -7.8   5 0 0 1 1 2 0 18.1 7.6 18.4 7.6 80.0 100 100 20 408 0 143 0 401 402 399 0 0 0 60 50 AUTO 0 
b.1 2025-08-15 16:53:12.168 a 2025-08-15-16:53:02 057 245 302 0.2 1.9 4.0 17.9 7.2 731.6 0.00 0 0.0 28.0 24.1 24.4 3.626  -48.1   26.3    2.3  10   -8.1   5 0 0 1 1 2 0 18.1 7.7 18.4 7.6 80.0 100 100 20 408 0 143 0 401 401 399 0 0 0 60 50 AUTO 0 
b.1 2025-08-15 16:54:11.588 a 2025-08-15-16:54:02 105 247 279 0.1 1.7 3.5 18.0 6.9 731.7 0.00 0 0.0 27.2 24.1 24.4 3.626  -45.6   26.2    2.4  10   -8.1   5 0 0 1 1 2 0 18.2 7.7 18.4 7.3 80.0 100 100 20 408 0 143 0 401 401 400 0 0 0 59 50 AUTO 0 
b.1 2025-08-15 16:55:13.950 a 2025-08-15-16:55:04 055 264 161 0.3 2.8 4.7 17.9 6.6 731.7 0.00 0 0.0 26.1 24.1 24.5 3.626  -46.5   26.2    3.0  10   -8.3   5 0 0 1 1 2 0 18.1 7.0 18.4 7.1 80.0 100 100 20 408 0 143 0 401 401 399 0 0 0 60 50 AUTO 0 
b.1 2025-08-15 16:56:09.289 a 2025-08-15-16:55:59 282 259 288 0.3 2.0 4.5 17.8 6.8 731.7 0.00 0 0.0 25.8 24.1 24.4 3.633  -46.3   26.2    3.1   9   -8.5   6 0 0 1 1 2 0 18.1 7.0 18.3 6.9 80.0 100 100 20 408 0 143 0 401 401 400 0 0 0 59 50 AUTO 0 
b.1 2025-08-15 16:57:12.348 a 2025-08-15-16:57:02 053 264 124 0.3 2.3 4.6 17.8 7.1 731.7 0.00 0 0.0 25.6 24.1 24.5 3.624  -47.9   26.2    3.4   9   -8.5   6 0 0 1 1 2 0 18.1 7.1 18.3 6.8 80.0 100 100 20 408 0 143 0 400 401 399 0 0 0 60 50 AUTO 0 
b.1 2025-08-15 16:58:11.407 a 2025-08-15-16:58:01 095 245 341 0.2 1.9 4.1 17.7 6.6 731.7 0.00 0 0.0 25.6 24.1 24.5 3.626  -49.5   26.2    3.2   9   -8.6   7 0 0 1 1 2 0 18.1 6.7 18.3 6.7 80.0 100 100 20 408 0 143 0 401 401 400 0 0 0 60 50 AUTO 0 
b.1 2025-08-15 16:59:15.348 a 2025-08-15-16:59:05 116 238 281 0.3 2.2 4.7 17.6 6.8 731.7 0.00 0 0.0 25.3 24.1 24.5 3.627  -46.7   26.1    3.4  10   -8.4   7 0 0 1 1 2 0 18.1 6.7 18.3 6.7 80.0 100 100 20 408 0 143 0 401 401 400 0 0 0 59 50 AUTO 0 
b.1 2025-08-15 17:00:12.971 a 2025-08-15-17:00:03 115 256 318 0.1 2.3 5.0 17.6 6.5 731.7 0.00 0 0.0 25.2 24.1 24.4 3.627  -47.6   26.1    3.6   9   -8.6   7 0 0 1 1 2 0 18.2 6.7 18.3 6.7 80.0 100 100 20 408 0 143 0 401 401 399 0 0 0 59 50 AUTO 0 
b.1 2025-08-15 17:01:13.236 a 2025-08-15-17:01:03 077 257 103 0.2 2.6 4.6 17.5 6.4 731.7 0.00 0 0.0 25.0 24.1 24.5 3.627  -46.4   26.1    4.2  10   -8.4   7 0 0 1 1 2 0 18.2 6.5 18.3 6.5 80.0 100 100 20 408 0 143 0 401 401 400 0 0 0 59 50 AUTO 0 
b.1 2025-08-15 17:02:12.390 a 2025-08-15-17:02:02 001 274 107 0.3 2.4 4.0 17.4 6.6 731.7 0.00 0 0.0 24.9 24.1 24.4 3.633  -46.3   26.1    4.5   9   -8.8   7 0 0 1 1 2 0 18.2 6.6 18.3 6.6 80.0 100 100 20 408 0 143 0 400 402 399 0 0 0 59 50 AUTO 0 
b.1 2025-08-15 17:03:12.673 a 2025-08-15-17:03:03 074 228 251 0.1 1.3 3.8 17.4 7.3 731.7 0.00 0 0.0 25.4 24.1 24.5 3.627  -45.2   26.1    2.8   9   -8.9   7 0 0 1 1 2 0 18.1 6.7 18.3 6.6 80.0 100 100 20 408 0 143 0 401 401 399 0 0 0 60 50 AUTO 0 
b.1 2025-08-15 17:04:13.213 a 2025-08-15-17:04:03 029 187 264 0.1 0.8 1.6 17.4 6.6 731.7 0.00 0 0.0 26.4 24.1 24.5 3.627  -45.3   26.0    2.3   9   -8.8   5 0 0 1 1 2 0 18.1 6.8 18.3 6.7 80.0 100 100 20 408 0 143 0 401 402 399 0 0 0 60 50 AUTO 0 
b.1 2025-08-15 17:05:12.072 a 2025-08-15-17:05:02 234 133 340 0.1 0.3 0.8 17.5 6.5 731.7 0.00 0 0.0 27.5 24.1 24.4 3.631  -44.2   26.0    0.0   9   -8.9   0 0 0 1 1 2 0 18.1 6.9 18.3 6.6 80.0 100 100 20 408 0 143 0 401 401 399 0 0 0 59 50 AUTO 0 
b.1 2025-08-15 17:06:13.030 a 2025-08-15-17:06:03 072 204 270 0.1 0.8 1.5 17.7 6.8 731.7 0.00 0 0.0 28.2 24.1 24.5 3.626  -44.0   25.9    2.1  10   -8.6   0 0 0 1 1 2 0 18.2 6.7 18.3 6.6 80.0 100 100 20 408 0 143 0 401 401 400 0 0 0 60 50 AUTO 0 
b.1 2025-08-15 17:07:11.213 a 2025-08-15-17:07:01 126 239 331 0.3 1.1 2.1 17.8 6.2 731.7 0.00 0 0.0 28.3 24.1 24.4 3.626  -45.4   26.0    2.2  10   -8.1   5 0 0 1 1 2 0 18.2 7.0 18.4 6.6 80.0 100 100 20 408 0 143 0 401 401 399 0 0 0 60 50 AUTO 0 
b.1 2025-08-15 17:08:13.154 a 2025-08-15-17:08:03 131 268 320 0.2 1.8 4.7 17.9 6.9 731.7 0.00 0 0.0 27.8 24.1 24.4 3.627  -46.2   26.1    2.3   9   -8.5   5 0 0 1 1 2 0 18.2 7.1 18.5 6.8 80.0 100 100 20 408 0 143 0 401 401 399 0 0 0 59 50 AUTO 0 
b.1 2025-08-15 17:09:10.496 a 2025-08-15-17:09:00 090 224 266 0.2 1.4 3.6 17.9 6.9 731.7 0.00 0 0.0 27.4 24.1 24.4 3.626  -44.9   26.1    2.3   9   -8.8   5 0 0 1 1 2 0 18.3 6.7 18.4 6.9 80.0 100 100 20 408 0 143 0 401 401 400 0 0 0 59 50 AUTO 0 
b.1 2025-08-15 17:10:14.513 a 2025-08-15-17:10:05 067 274 142 0.2 1.4 2.8 17.9 6.4 731.7 0.00 0 0.0 27.5 24.1 24.4 3.627  -44.8   26.1    2.3  10   -8.3   6 0 0 1 1 2 0 18.3 6.8 18.5 6.8 80.0 100 100 20 408 0 143 0 401 401 400 0 0 0 60 50 AUTO 0 
b.1 2025-08-15 17:11:14.092 a 2025-08-15-17:11:04 007 273 280 0.4 1.9 3.8 17.9 6.6 731.7 0.00 0 0.0 27.4 24.1 24.4 3.627  -48.1   26.2    2.6  10   -8.0   6 0 0 1 1 2 0 18.3 6.7 18.5 6.7 80.0 100 100 20 408 0 143 0 401 401 399 0 0 0 60 50 AUTO 0 
b.1 2025-08-15 17:12:12.936 a 2025-08-15-17:12:03 088 285 341 0.1 1.9 5.2 17.9 7.0 731.7 0.00 0 0.0 27.1 24.1 24.4 3.626  -49.1   26.3    2.6   9   -8.8   6 0 0 1 1 2 0 18.3 6.9 18.5 6.8 80.0 100 100 20 408 0 143 0 401 402 399 0 0 0 60 50 AUTO 0 
b.1 2025-08-15 17:13:11.714 a 2025-08-15-17:13:02 094 268 322 0.3 2.5 4.6 17.9 6.5 731.7 0.00 0 0.0 26.5 24.1 24.4 3.626  -45.3   26.3    3.2   9   -8.5   6 0 0 1 1 2 0 18.3 6.9 18.5 6.9 80.0 100 100 20 408 0 143 0 402 401 400 0 0 0 60 50 AUTO 0 
b.1 2025-08-15 17:14:12.174 a 2025-08-15-17:14:02 097 282 186 0.1 2.4 4.7 17.8 6.5 731.7 0.00 0 0.0 26.0 24.1 24.4 3.627  -45.3   26.3    3.4   9   -8.6   8 0 0 1 1 2 0 18.3 6.8 18.5 6.7 80.0 100 100 20 408 0 142 0 401 402 399 0 0 0 60 50 AUTO 0 
b.1 2025-08-15 17:15:13.493 a 2025-08-15-17:15:03 005 335 225 0.1 2.0 3.6 17.7 6.5 731.7 0.00 0 0.0 26.2 24.1 24.4 3.633  -46.2   26.3    3.2   9   -8.6   8 0 0 1 1 2 0 18.3 6.8 18.5 6.8 80.0 100 100 20 408 0 142 0 401 401 400 0 0 0 60 50 AUTO 0 
b.1 2025-08-15 17:16:12.460 a 2025-08-15-17:16:02 128 286 306 0.1 1.4 2.6 17.8 6.7 731.7 0.00 0 0.0 26.8 24.1 24.4 3.626  -46.3   26.3    2.7   9   -8.8   0 0 0 1 1 2 0 18.3 6.9 18.5 6.8 80.0 100 100 20 408 0 142 0 401 401 399 0 0 0 59 50 AUTO 0 
b.1 2025-08-15 17:17:13.776 a 2025-08-15-17:17:04 066 253 082 0.3 1.9 3.6 17.8 6.6 731.7 0.00 0 0.0 26.6 24.1 24.5 3.627  -45.9   26.3    2.9   9   -9.2   5 0 0 1 1 2 0 18.3 6.8 18.6 6.8 80.0 100 100 20 408 0 142 0 401 401 400 0 0 0 60 50 AUTO 0 
b.1 2025-08-15 17:18:10.312 a 2025-08-15-17:18:00 070 282 092 0.1 1.0 2.9 17.9 7.4 731.8 0.00 0 0.0 27.2 24.1 24.5 3.627  -44.9   26.3    2.3   9   -9.4   5 0 0 1 1 2 0 18.3 6.8 18.6 6.7 80.0 100 100 20 408 0 142 0 401 401 399 0 0 0 60 50 AUTO 0 
b.1 2025-08-15 17:19:14.194 a 2025-08-15-17:19:04 024 294 105 0.2 1.5 3.0 18.0 6.9 731.7 0.00 0 0.0 27.5 24.1 24.5 3.627  -44.7   26.2    2.3   9   -9.3   5 0 0 1 1 2 0 18.3 6.9 18.6 6.8 80.0 100 100 20 408 0 142 0 401 401 399 0 0 0 60 50 AUTO 0 
b.1 2025-08-15 17:20:12.894 a 2025-08-15-17:20:03 147 274 343 0.3 2.1 3.3 18.0 6.8 731.7 0.00 0 0.0 27.2 24.1 24.5 3.626  -44.5   26.2    2.7   9   -8.9   5 0 0 1 1 2 0 18.3 6.8 18.6 6.7 80.0 100 100 20 408 0 142 0 401 401 400 0 0 0 60 50 AUTO 0 
b.1 2025-08-15 17:21:13.894 a 2025-08-15-17:21:04 309 301 356 0.1 1.7 4.5 18.1 6.4 731.7 0.00 0 0.0 27.3 24.1 24.5 3.627  -45.4   26.2    2.7   9   -9.2   5 0 0 1 1 2 0 18.3 6.9 18.6 6.8 80.0 100 100 20 408 0 142 0 400 402 399 0 0 0 60 50 AUTO 0 
b.1 2025-08-15 17:22:12.436 a 2025-08-15-17:22:02 090 282 234 0.1 2.6 5.1 18.1 6.3 731.8 0.00 0 0.0 26.7 24.1 24.5 3.627  -44.9   26.2    3.2   9   -9.0   5 0 0 1 1 2 0 18.3 6.8 18.6 6.7 80.0 100 100 20 408 0 142 0 401 401 399 0 0 0 60 50 AUTO 0 
b.1 2025-08-15 17:23:13.875 a 2025-08-15-17:23:04 075 274 096 0.1 2.2 3.6 18.0 6.8 731.7 0.00 0 0.0 26.6 24.1 24.5 3.627  -44.3   26.2    3.4   9   -8.5   5 0 0 1 1 2 0 18.3 6.8 18.6 6.6 80.0 100 100 20 408 0 142 0 401 400 400 0 0 0 60 50 AUTO 0 
b.1 2025-08-15 17:24:13.295 a 2025-08-15-17:24:03 087 306 149 0.1 1.2 2.4 17.9 6.7 731.7 0.00 0 0.0 27.5 24.1 24.4 3.632  -44.4   26.3    2.6   9   -8.8   5 0 0 1 1 2 0 18.3 6.8 18.7 6.6 80.0 100 100 20 408 0 142 0 401 401 399 0 0 0 59 50 AUTO 0 
b.1 2025-08-15 17:25:13.898 a 2025-08-15-17:25:04 107 270 116 0.1 0.5 2.1 18.0 6.7 731.7 0.00 0 0.0 28.3 24.1 24.4 3.632  -43.5   26.3    2.2   9   -8.9   5 0 0 1 1 2 0 18.3 6.8 18.7 6.8 80.0 100 100 20 408 0 142 0 401 401 400 0 0 0 60 50 AUTO 0 
b.1 2025-08-15 17:26:11.516 a 2025-08-15-17:26:01 187 014 265 0.1 1.0 2.4 18.0 7.3 731.7 0.00 0 0.0 29.1 24.1 24.5 3.627  -44.0   26.3    2.2   9   -8.8   5 0 0 1 1 2 0 18.3 6.9 18.8 6.8 80.0 100 100 20 408 0 142 0 401 400 399 0 0 0 60 50 AUTO 0 
b.1 2025-08-15 17:27:14.020 a 2025-08-15-17:27:04 104 328 200 0.1 1.5 3.4 18.1 7.8 731.8 0.00 0 0.0 29.2 24.1 24.4 3.627  -44.9   26.3    2.2   9   -9.0   5 0 0 1 1 2 0 18.3 7.1 18.8 7.0 80.0 100 100 20 408 0 142 0 401 401 400 0 0 0 59 50 AUTO 0 
b.1 2025-08-15 17:28:13.157 a 2025-08-15-17:28:03 112 298 244 0.6 2.8 4.8 18.3 7.4 731.8 0.00 0 0.0 28.2 24.1 24.4 3.628  -46.7   26.3    2.7   9   -9.1   5 0 0 1 1 2 0 18.3 7.2 18.8 7.0 80.0 100 100 20 408 0 142 0 401 401 399 0 0 0 59 50 AUTO 0 
b.1 2025-08-15 17:29:13.796 a 2025-08-15-17:29:04 035 259 072 0.1 1.8 4.8 18.3 7.0 731.8 0.00 0 0.0 27.5 24.1 24.4 3.626  -44.0   26.3    2.7   9   -8.8   5 0 0 1 1 2 0 18.3 7.1 18.8 7.0 80.0 100 100 20 408 0 142 0 401 401 399 0 0 0 60 50 AUTO 0 
b.1 2025-08-15 17:30:13.180 a 2025-08-15-17:30:03 092 241 353 0.1 1.4 3.2 18.2 7.4 731.8 0.00 0 0.0 27.7 24.1 24.4 3.626  -43.7   26.3    2.6   9   -8.9   5 0 0 1 1 2 0 18.3 7.3 18.8 7.3 80.0 100 100 20 408 0 142 0 401 401 400 0 0 0 59 50 AUTO 0 
b.1 2025-08-15 17:31:12.096 a 2025-08-15-17:31:02 242 235 306 0.2 0.6 1.6 18.2 7.4 731.8 0.00 0 0.0 28.5 24.1 24.5 3.633  -44.5   26.3    2.2   9   -8.9   5 0 0 1 1 2 0 18.3 7.4 18.8 7.3 80.0 100 100 20 408 0 142 0 401 401 400 0 0 0 60 50 AUTO 0 
b.1 2025-08-15 17:32:12.828 a 2025-08-15-17:32:03 107 322 245 0.2 1.7 3.5 18.2 7.8 731.8 0.00 0 0.0 28.9 24.1 24.4 3.626  -45.1   26.3    2.3   9   -8.8   5 0 0 1 1 2 0 18.3 7.6 18.8 7.4 80.0 100 100 20 408 0 142 0 401 401 400 0 0 0 59 50 AUTO 0 
b.1 2025-08-15 17:33:09.318 a 2025-08-15-17:32:59 056 305 275 0.5 2.2 4.0 18.2 7.5 731.8 0.00 0 0.0 28.4 24.1 24.4 3.626  -43.6   26.3    2.5   9   -8.4   5 0 0 1 1 2 0 18.3 7.6 18.8 7.4 80.0 100 100 20 408 0 142 0 400 402 399 0 0 0 59 50 AUTO 0 
b.1 2025-08-15 17:34:12.936 a 2025-08-15-17:34:03 080 300 171 0.2 2.0 4.0 18.1 7.1 731.8 0.00 0 0.0 28.2 24.1 24.5 3.631  -44.7   26.4    2.5   9   -8.4   5 0 0 1 1 2 0 18.3 7.7 18.8 7.5 80.0 100 100 20 408 0 142 0 401 401 400 0 0 0 59 50 AUTO 0 
b.1 2025-08-15 17:35:11.717 a 2025-08-15-17:35:02 278 221 291 0.1 1.2 3.0 18.1 7.2 731.8 0.00 0 0.0 28.2 24.1 24.4 3.627  -46.1   26.4    2.3   9   -8.9   5 0 0 1 1 2 0 18.3 7.7 18.8 7.5 80.0 100 100 20 408 0 142 0 400 401 399 0 0 0 60 50 AUTO 0 
b.1 2025-08-15 17:36:14.256 a 2025-08-15-17:36:04 044 193 250 0.1 1.2 2.9 18.2 6.4 731.8 0.00 0 0.0 28.5 24.1 24.4 3.626  -43.1   26.3    2.2   9   -9.0   5 0 0 1 1 2 0 18.3 7.8 18.7 7.5 80.0 100 100 20 408 0 142 0 401 401 400 0 0 0 60 50 AUTO 0 
b.1 2025-08-15 17:37:12.020 a 2025-08-15-17:37:02 050 273 337 0.1 1.1 2.6 18.2 6.9 731.8 0.00 0 0.0 29.1 24.1 24.5 3.627  -43.9   26.3    2.2   9   -8.8   5 0 0 1 1 2 0 18.3 7.7 18.8 7.5 80.0 100 100 20 408 0 142 0 401 401 400 0 0 0 59 50 AUTO 0 
b.1 2025-08-15 17:38:10.250 a 2025-08-15-17:38:00 095 310 265 0.5 1.5 2.6 18.2 8.0 731.8 0.00 0 0.0 29.3 24.1 24.4 3.626  -43.5   26.3    2.2   9   -8.6   0 0 0 1 1 2 0 18.3 7.8 18.8 7.6 80.0 100 100 20 408 0 142 0 401 401 400 0 0 0 59 50 AUTO 0 
b.1 2025-08-15 17:39:10.638 a 2025-08-15-17:39:01 281 310 355 0.1 2.1 3.4 18.2 7.2 731.8 0.00 0 0.0 28.8 24.1 24.4 3.626  -45.5   26.3    2.5   9   -8.6   5 0 0 1 1 2 0 18.3 7.9 18.8 7.6 80.0 100 100 20 408 0 142 0 401 401 400 0 0 0 60 50 AUTO 0 
b.1 2025-08-15 17:40:13.979 a 2025-08-15-17:40:04 108 322 235 0.2 2.0 4.1 18.2 7.3 731.8 0.00 0 0.0 28.2 24.1 24.4 3.626  -43.7   26.4    2.6   9   -8.6   5 0 0 1 1 2 0 18.3 7.8 18.8 7.5 80.0 100 100 20 408 0 142 0 402 401 400 0 0 0 60 50 AUTO 0 
b.1 2025-08-15 17:41:12.319 a 2025-08-15-17:41:02 235 276 336 0.2 1.8 3.7 18.0 8.0 731.8 0.00 0 0.0 28.2 24.1 24.5 3.627  -44.3   26.4    2.6   9   -8.7   5 0 0 1 1 2 0 18.3 7.7 18.8 7.5 80.0 100 100 20 408 0 142 0 400 401 399 0 0 0 60 50 AUTO 0 
b.1 2025-08-15 17:42:12.960 a 2025-08-15-17:42:03 186 280 351 0.4 2.3 4.4 18.0 7.2 731.8 0.00 0 0.0 27.7 24.1 24.5 3.626  -43.5   26.4    3.0   9   -8.6   5 0 0 1 1 2 0 18.2 7.9 18.8 7.7 80.0 100 100 20 408 0 142 0 401 401 400 0 0 0 59 50 AUTO 0 
b.1 2025-08-15 17:43:11.460 a 2025-08-15-17:43:01 047 302 243 0.2 1.9 3.5 18.0 7.7 731.8 0.00 0 0.0 27.8 24.1 24.4 3.626  -44.3   26.5    2.9   9   -8.5   5 0 0 1 1 2 0 18.3 8.0 18.8 7.8 80.0 100 100 20 408 0 142 0 401 401 399 0 0 0 59 50 AUTO 0 
b.1 2025-08-15 17:44:13.240 a 2025-08-15-17:44:03 072 312 246 0.2 2.3 4.1 18.0 7.2 731.8 0.00 0 0.0 27.7 24.1 24.4 3.626  -44.0   26.5    3.1   9   -8.5   5 0 0 1 1 2 0 18.3 8.1 18.8 7.9 80.0 100 100 20 408 0 142 0 401 401 399 0 0 0 59 50 AUTO 0 
b.1 2025-08-15 17:45:12.842 a 2025-08-15-17:45:03 007 284 189 0.3 2.5 4.0 18.1 6.8 731.8 0.00 0 0.0 27.2 24.1 24.4 3.626  -44.8   26.5    3.7   9   -8.8   5 0 0 1 1 2 0 18.3 8.1 18.8 7.8 80.0 100 100 20 408 0 142 0 402 401 400 0 0 0 60 50 AUTO 0 
b.1 2025-08-15 17:46:12.321 a 2025-08-15-17:46:02 090 265 113 0.2 1.7 3.4 18.1 6.6 731.8 0.00 0 0.0 27.5 24.1 24.5 3.626  -44.1   26.4    3.2   9   -8.9   5 0 0 1 1 2 0 18.3 7.9 18.9 7.6 80.0 100 100 20 408 0 142 0 401 401 399 0 0 0 59 50 AUTO 0 
b.1 2025-08-15 17:47:12.921 a 2025-08-15-17:47:03 254 295 346 0.5 2.2 3.8 18.1 6.0 731.9 0.00 0 0.0 27.5 24.1 24.5 3.633  -45.1   26.4    3.3   9   -8.8   5 0 0 1 1 2 0 18.3 7.4 18.9 7.1 80.0 100 100 20 408 0 142 0 401 401 399 0 0 0 59 50 AUTO 0 
b.1 2025-08-15 17:48:09.782 a 2025-08-15-17:48:00 253 283 325 0.1 2.3 4.0 18.0 7.3 731.8 0.00 0 0.0 27.1 24.1 24.4 3.626  -45.1   26.4    3.5   9   -8.9   5 0 0 1 1 2 0 18.3 7.1 18.9 7.0 80.0 100 100 20 408 0 142 0 401 401 400 0 0 0 60 50 AUTO 0 
b.1 2025-08-15 17:49:13.500 a 2025-08-15-17:49:03 053 283 083 0.0 1.8 3.7 18.1 7.0 731.9 0.00 0 0.0 27.3 24.1 24.4 3.628  -46.7   26.4    3.1   9   -8.9   5 0 0 1 1 2 0 18.3 7.5 18.9 7.3 80.0 100 100 20 408 0 142 0 401 401 400 0 0 0 59 50 AUTO 0 
b.1 2025-08-15 17:50:13.542 a 2025-08-15-17:50:03 088 319 249 0.1 1.0 2.2 18.1 7.4 731.9 0.00 0 0.0 28.3 24.1 24.4 3.633  -43.3   26.4    2.5   9   -8.8   5 0 0 1 1 2 0 18.3 8.1 18.9 7.3 80.0 100 100 20 408 0 142 0 401 401 400 0 0 0 60 50 AUTO 0 
b.1 2025-08-15 17:51:13.664 a 2025-08-15-17:51:04 006 306 270 0.2 2.2 3.7 18.1 8.3 731.9 0.00 0 0.0 28.6 24.1 24.5 3.627  -44.9   26.4    2.8   9   -8.6   5 0 0 1 1 2 0 18.3 8.1 18.9 7.7 80.0 100 100 20 408 0 142 0 401 401 400 0 0 0 59 50 AUTO 0 
b.1 2025-08-15 17:52:09.802 a 2025-08-15-17:52:00 037 300 245 0.3 2.0 3.4 18.1 8.3 731.9 0.00 0 0.0 28.3 24.1 24.4 3.626  -43.4   26.5    2.7   9   -8.4   5 0 0 1 1 2 0 18.3 8.3 18.9 8.1 80.0 100 100 20 408 0 142 0 401 401 400 0 0 0 60 50 AUTO 0 
b.1 2025-08-15 17:53:13.342 a 2025-08-15-17:53:03 077 320 261 0.2 1.4 3.2 18.1 8.5 731.9 0.00 0 0.0 28.7 24.1 24.4 3.627  -45.9   26.5    2.4   9   -8.5   5 0 0 1 1 2 0 18.3 8.5 18.9 8.2 80.0 100 100 20 408 0 142 0 401 401 400 0 0 0 60 50 AUTO 0 
b.1 2025-08-15 17:54:10.484 a 2025-08-15-17:54:00 090 303 187 0.1 1.3 2.3 18.1 9.1 731.9 0.00 0 0.0 28.9 24.1 24.4 3.633  -43.4   26.5    2.3   9   -8.5   5 0 0 1 1 2 0 18.3 8.6 18.9 8.4 80.0 100 100 20 408 0 142 0 401 401 400 0 0 0 60 50 AUTO 0 
b.1 2025-08-15 17:55:14.243 a 2025-08-15-17:55:04 044 306 121 0.3 1.1 2.4 18.2 7.6 731.9 0.00 0 0.0 29.1 24.1 24.4 3.627  -43.8   26.4    2.3  10   -8.1   5 0 0 1 1 2 0 18.3 8.9 18.9 8.5 80.0 100 100 20 408 0 142 0 400 401 399 0 0 0 59 50 AUTO 0 
b.1 2025-08-15 17:56:12.605 a 2025-08-15-17:56:02 236 309 344 0.9 1.7 2.8 18.2 8.7 731.9 0.00 0 0.0 29.2 24.1 24.4 3.632  -45.7   26.5    2.6  10   -7.9   5 0 0 1 1 2 0 18.3 8.9 18.9 8.7 80.0 100 100 20 408 0 142 0 401 401 400 0 0 0 59 50 AUTO 0 
b.1 2025-08-15 17:57:13.948 a 2025-08-15-17:57:04 065 316 271 0.2 1.8 3.3 18.2 8.7 731.9 0.00 0 0.0 29.2 24.1 24.4 3.633  -43.6   26.5    2.5  10   -7.8   5 0 0 1 1 2 0 18.3 9.1 18.8 8.8 80.0 100 100 20 408 0 142 0 401 401 399 0 0 0 60 50 AUTO 0 
b.1 2025-08-15 17:58:11.987 a 2025-08-15-17:58:02 030 317 294 0.3 2.1 3.4 18.2 8.7 731.9 0.00 0 0.0 29.1 24.1 24.5 3.628  -47.3   26.6    2.7  10   -7.8   5 0 0 1 1 2 0 18.3 9.2 18.8 8.9 80.0 100 100 20 408 0 142 0 401 401 399 0 0 0 59 50 AUTO 0 
b.1 2025-08-15 17:59:13.607 a 2025-08-15-17:59:04 132 346 222 0.1 0.9 2.3 18.1 8.5 731.9 0.00 0 0.0 29.6 24.1 24.4 3.627  -43.8   26.6    2.3  10   -7.9   5 0 0 1 1 2 0 18.3 9.2 18.8 8.9 80.0 100 100 20 408 0 142 0 401 401 400 0 0 0 60 50 AUTO 0 
b.1 2025-08-15 18:00:19.063 a 2025-08-15-18:00:09 006 295 341 0.1 1.4 3.2 18.1 7.8 731.9 0.00 0 0.0 29.7 24.1 24.5 3.626  -44.1   26.6    2.3  10   -8.1   5 0 0 1 1 2 0 18.3 9.1 18.9 8.8 80.0 100 100 20 408 0 142 0 401 401 400 0 0 0 59 50 AUTO 0 
b.1 2025-08-15 18:01:12.506 a 2025-08-15-18:01:02 007 215 077 0.2 2.0 3.5 18.1 5.9 731.9 0.00 0 0.0 29.1 24.1 24.4 3.626  -44.0   26.6    2.5   9   -8.2   5 0 0 1 1 2 0 18.3 8.8 18.9 8.4 80.0 100 100 20 408 0 142 0 401 401 399 0 0 0 60 50 AUTO 0 
b.1 2025-08-15 18:02:10.868 a 2025-08-15-18:02:01 132 107 178 0.0 0.6 2.8 18.1 6.8 731.9 0.00 0 0.0 30.0 24.1 24.4 3.626  -43.0   26.6    0.0   9   -8.6   0 0 0 1 1 2 0 18.4 8.7 19.0 8.2 80.0 100 100 20 408 0 142 0 401 402 399 0 0 0 60 50 AUTO 0 
b.1 2025-08-15 18:03:12.069 a 2025-08-15-18:03:02 068 286 229 0.2 2.0 3.5 18.2 6.5 731.9 0.00 0 0.0 29.6 24.1 24.5 3.633  -44.9   26.6    2.3   9   -8.4   5 0 0 1 1 2 0 18.4 8.7 19.1 8.2 80.0 100 100 20 408 0 142 0 401 401 399 0 0 0 59 50 AUTO 0 
b.1 2025-08-15 18:04:10.670 a 2025-08-15-18:04:01 013 284 205 0.2 1.1 3.2 18.2 6.9 731.9 0.00 0 0.0 29.6 24.1 24.4 3.626  -45.2   26.6    2.4  10   -8.1   5 0 0 1 1 2 0 18.5 8.7 19.1 8.0 80.0 100 100 20 408 0 142 0 401 401 399 0 0 0 59 50 AUTO 0 
b.1 2025-08-15 18:05:11.628 a 2025-08-15-18:05:02 050 325 130 0.1 1.0 2.5 18.2 6.6 731.9 0.00 0 0.0 30.3 24.1 24.4 3.627  -43.2   26.7    2.2  10   -7.9   0 0 0 1 1 2 0 18.5 11.0 19.1 8.4 80.0 100 100 20 408 0 142 0 401 401 399 0 0 0 59 50 AUTO 0 
b.1 2025-08-15 18:06:11.948 a 2025-08-15-18:06:02 285 321 357 0.5 1.9 2.7 18.2 9.3 731.9 0.00 0 0.0 30.1 24.1 24.4 3.634  -44.7   26.8    2.4  10   -7.8   5 0 0 1 1 2 0 18.5 9.4 19.2 8.4 80.0 100 100 20 408 0 142 0 401 401 400 0 0 0 59 50 AUTO 0 
b.1 2025-08-15 18:07:12.828 a 2025-08-15-18:07:03 051 321 278 0.3 1.6 2.9 18.1 9.0 731.9 0.00 0 0.0 30.4 24.1 24.4 3.627  -42.7   26.9    2.4  10   -7.6   5 0 0 1 1 2 0 18.5 9.7 19.2 8.9 80.0 100 100 20 408 0 142 0 400 402 399 0 0 0 59 50 AUTO 0 
b.1 2025-08-15 18:08:12.871 a 2025-08-15-18:08:03 125 322 246 0.2 1.6 3.1 18.1 9.7 731.9 0.00 0 0.0 30.7 24.1 24.4 3.626  -43.8   26.9    2.3  10   -7.5   5 0 0 1 1 2 0 18.5 10.2 19.2 9.6 80.0 100 100 20 408 0 142 0 401 401 399 0 0 0 60 50 AUTO 0 
b.1 2025-08-15 18:09:13.009 a 2025-08-15-18:09:03 280 331 000 1.1 2.2 3.0 18.2 9.9 731.9 0.00 0 0.0 30.3 24.1 24.4 3.628  -46.1   27.0    2.6  10   -7.3   5 0 0 1 1 2 0 18.5 10.2 19.2 9.7 80.0 100 100 20 408 0 142 0 401 401 400 0 0 0 59 50 AUTO 0 
b.1 2025-08-15 18:10:13.927 a 2025-08-15-18:10:04 091 327 193 0.3 2.4 4.4 18.2 9.7 731.9 0.00 0 0.0 29.6 24.1 24.4 3.626  -43.5   27.0    2.9  10   -7.3   5 0 0 1 1 2 0 18.5 11.4 19.2 10.1 80.0 100 100 20 408 0 142 0 401 401 399 0 0 0 60 50 AUTO 0 
b.1 2025-08-15 18:11:11.089 a 2025-08-15-18:11:01 288 304 339 0.2 2.6 3.9 18.1 10.2 731.9 0.00 0 0.0 28.8 24.1 24.4 3.628  -43.5   27.1    3.7  10   -7.1   5 0 0 1 1 2 0 18.6 11.1 19.2 10.5 80.0 100 100 20 408 0 142 0 401 401 400 0 0 0 59 50 AUTO 0 
b.1 2025-08-15 18:12:11.690 a 2025-08-15-18:12:02 292 321 350 0.4 1.5 2.8 18.0 9.5 731.9 0.00 0 0.0 29.1 24.1 24.4 3.627  -42.9   27.1    2.9  10   -7.0   5 0 0 1 1 2 0 18.6 10.8 19.2 10.3 80.0 100 100 20 408 0 142 0 401 401 399 0 0 0 60 50 AUTO 0 
b.1 2025-08-15 18:13:11.628 a 2025-08-15-18:13:02 106 342 195 0.1 0.6 1.3 17.9 10.2 731.9 0.00 0 0.0 30.0 24.1 24.5 3.626  -43.4   27.1    2.3  10   -6.8   5 0 0 1 1 2 0 18.6 10.7 19.2 10.3 80.0 100 100 20 408 0 142 0 401 401 400 0 0 0 59 50 AUTO 0 
b.1 2025-08-15 18:14:12.588 a 2025-08-15-18:14:02 101 329 114 0.1 0.8 1.7 17.9 10.5 731.9 0.00 0 0.0 30.9 24.1 24.4 3.626  -42.1   27.1    2.2  10   -6.7   5 0 0 1 1 2 0 18.6 10.9 19.1 10.5 80.0 100 100 20 408 0 142 0 402 401 400 0 0 0 60 50 AUTO 0 
b.1 2025-08-15 18:15:13.088 a 2025-08-15-18:15:03 071 324 132 0.2 1.4 2.5 17.9 11.8 731.9 0.00 0 0.0 31.3 24.1 24.4 3.626  -42.6   27.2    2.2  10   -6.4   0 0 0 1 1 2 0 18.6 13.1 19.1 11.4 80.0 100 100 20 408 0 142 0 401 401 400 0 0 0 59 50 AUTO 0 
b.1 2025-08-15 18:16:13.775 a 2025-08-15-18:16:04 075 327 279 0.2 2.0 4.6 18.1 13.8 731.9 0.00 0 0.0 30.6 24.1 24.5 3.624  -43.5   27.3    2.3  11   -5.8   5 0 0 1 1 2 0 18.6 13.8 19.1 11.9 80.0 100 100 20 408 0 142 0 401 401 399 0 0 0 60 50 AUTO 0 
b.1 2025-08-15 18:17:12.611 a 2025-08-15-18:17:03 102 004 107 0.1 1.1 3.5 18.2 13.8 731.9 0.00 0 0.0 31.1 24.2 24.5 3.626  -42.6   27.3    2.2  11   -5.5   5 0 0 1 1 2 0 18.6 14.1 19.2 13.3 80.0 100 100 20 408 0 142 0 400 401 399 0 0 0 60 50 AUTO 0 
b.1 2025-08-15 18:18:13.713 a 2025-08-15-18:18:04 063 259 116 0.1 1.1 2.3 18.3 10.0 731.9 0.00 0 0.0 31.5 24.1 24.5 3.627  -44.7   27.3    2.2  11   -5.9   5 0 0 1 1 2 0 18.7 13.7 19.2 12.9 80.0 100 100 20 408 0 142 0 401 402 399 0 0 0 59 50 AUTO 0 
b.1 2025-08-15 18:19:11.096 a 2025-08-15-18:19:01 139 261 338 0.2 1.1 2.2 18.5 8.2 731.9 0.00 0 0.0 31.5 24.1 24.4 3.633  -41.8   27.3    2.2  11   -5.9   0 0 0 1 1 2 0 18.7 13.1 19.2 12.6 80.0 100 100 20 408 0 142 0 401 401 400 0 0 0 59 50 AUTO 0 
b.1 2025-08-15 18:20:12.809 a 2025-08-15-18:20:03 071 357 098 0.1 0.8 3.0 18.6 11.0 731.9 0.00 0 0.0 32.2 24.1 24.4 3.626  -43.3   27.3    2.2  10   -6.4   5 0 0 1 1 2 0 18.7 14.0 19.2 12.6 80.0 100 100 20 408 0 142 0 401 401 400 0 0 0 59 50 AUTO 0 
b.1 2025-08-15 18:21:13.773 a 2025-08-15-18:21:04 109 323 140 0.1 0.8 2.0 18.6 20.2 731.9 0.00 0 0.0 32.6 24.1 24.4 3.624  -41.6   27.3    2.2  11   -5.6   5 0 0 1 1 2 0 18.7 15.7 19.2 13.5 80.0 100 100 20 408 0 142 0 401 401 400 0 0 0 59 50 AUTO 0 
b.1 2025-08-15 18:22:12.654 a 2025-08-15-18:22:03 095 303 163 0.1 1.5 3.0 18.6 10.7 731.9 0.00 0 0.0 31.9 24.1 24.4 3.633  -42.6   27.2    2.2  11   -5.9   0 0 0 1 1 2 0 18.7 15.3 19.3 14.7 80.0 100 100 20 408 0 142 0 401 401 400 0 0 0 59 50 AUTO 0 
b.1 2025-08-15 18:23:11.535 a 2025-08-15-18:23:01 087 277 172 0.1 2.6 5.5 18.7 11.5 731.9 0.00 0 0.0 30.5 24.1 24.5 3.626  -41.5   27.2    2.7  11   -6.0   5 0 0 1 1 2 0 18.8 14.9 19.3 13.8 80.0 100 100 20 408 0 142 0 401 401 400 0 0 0 59 50 AUTO 0 
b.1 2025-08-15 18:24:11.851 a 2025-08-15-18:24:02 154 300 233 0.1 0.9 2.6 18.8 10.3 731.9 0.00 0 0.0 31.1 24.1 24.4 3.627  -42.6   27.2    2.3  11   -6.1   5 0 0 1 1 2 0 18.8 14.4 19.3 13.6 80.0 100 100 20 408 0 142 0 401 402 399 0 0 0 59 50 AUTO 0 
b.1 2025-08-15 18:25:13.273 a 2025-08-15-18:25:03 094 290 342 0.2 2.1 4.5 18.9 9.9 731.9 0.00 0 0.0 30.2 24.1 24.4 3.626  -43.1   27.1    2.7  11   -6.3   5 0 0 1 1 2 0 18.8 13.1 19.3 12.6 80.0 100 100 20 408 0 142 0 400 401 399 0 0 0 60 50 AUTO 0 
b.1 2025-08-15 18:26:12.572 a 2025-08-15-18:26:02 019 278 077 0.1 1.1 3.2 19.0 9.5 731.9 0.00 0 0.0 30.2 24.1 24.4 3.626  -42.6   27.0    2.3  10   -6.6   0 0 0 1 1 2 0 18.8 12.6 19.3 12.1 80.0 100 100 20 408 0 142 0 401 401 400 0 0 0 59 50 AUTO 0 
b.1 2025-08-15 18:27:10.832 a 2025-08-15-18:27:01 107 323 335 0.2 1.8 4.5 19.0 9.8 731.9 0.00 0 0.0 29.9 24.1 24.4 3.632  -42.3   26.9    2.4  10   -6.8   0 0 0 1 1 2 0 18.8 12.0 19.4 11.6 80.0 100 100 20 408 0 142 0 401 401 399 0 0 0 60 50 AUTO 0 
b.1 2025-08-15 18:28:13.134 a 2025-08-15-18:28:03 170 296 335 0.1 1.4 2.8 19.0 9.4 732.0 0.00 0 0.0 30.0 24.1 24.4 3.633  -42.6   26.8    2.4  10   -6.8   5 0 0 1 1 2 0 18.8 11.9 19.4 11.6 80.0 100 100 20 408 0 142 0 401 402 399 0 0 0 60 50 AUTO 0 
b.1 2025-08-15 18:29:12.275 a 2025-08-15-18:29:02 110 246 286 0.1 1.2 3.2 19.0 9.4 732.0 0.00 0 0.0 30.4 24.1 24.4 3.626  -42.6   26.8    2.3  10   -7.1   5 0 0 1 1 2 0 18.8 11.9 19.4 11.6 80.0 100 100 20 408 0 142 0 401 401 400 0 0 0 59 50 AUTO 0 
b.1 2025-08-15 18:30:14.315 a 2025-08-15-18:30:04 042 295 243 0.2 1.8 4.0 19.0 8.8 731.9 0.00 0 0.0 30.1 24.1 24.4 3.628  -42.3   26.7    2.4  10   -7.0   0 0 0 1 1 2 0 18.9 12.0 19.4 11.6 80.0 100 100 20 408 0 142 0 401 401 399 0 0 0 60 50 AUTO 0 
b.1 2025-08-15 18:31:11.473 a 2025-08-15-18:31:01 009 285 082 0.2 1.8 3.6 19.0 9.5 732.0 0.00 0 0.0 30.0 24.1 24.4 3.624  -41.7   26.7    2.6  10   -7.1   0 0 0 1 1 2 0 18.9 12.0 19.5 11.7 80.0 100 100 20 408 0 142 0 401 401 400 0 0 0 60 50 AUTO 0 
b.1 2025-08-15 18:32:13.280 a 2025-08-15-18:32:03 094 340 144 0.1 1.8 3.6 18.8 9.7 731.9 0.00 0 0.0 30.2 24.1 24.4 3.626  -42.8   26.7    2.5  10   -6.9   5 0 0 1 1 2 0 18.9 12.0 19.4 11.6 80.0 100 100 20 408 0 142 0 401 402 399 0 0 0 59 50 AUTO 0 
b.1 2025-08-15 18:33:14.732 a 2025-08-15-18:33:05 126 308 127 0.1 1.3 2.7 18.7 11.9 731.9 0.00 0 0.0 30.5 24.1 24.5 3.626  -42.2   26.7    2.4  11   -6.5   0 0 0 1 1 2 0 18.9 12.1 19.4 11.6 80.0 100 100 20 408 0 142 0 401 401 400 0 0 0 60 50 AUTO 0 
b.1 2025-08-15 18:34:11.696 a 2025-08-15-18:34:02 260 272 358 0.1 2.0 4.0 18.7 9.2 731.9 0.00 0 0.0 30.0 24.1 24.5 3.627  -43.5   26.6    2.6  11   -6.7   5 0 0 1 1 2 0 18.9 12.0 19.4 11.6 80.0 100 100 20 408 0 142 0 401 401 399 0 0 0 60 50 AUTO 0 
b.1 2025-08-15 18:35:12.335 a 2025-08-15-18:35:02 088 320 111 0.2 2.1 4.7 18.7 9.3 731.9 0.00 0 0.0 29.8 24.1 24.4 3.633  -43.2   26.6    2.8  10   -7.1   5 0 0 1 1 2 0 18.9 11.8 19.4 11.4 80.0 100 100 20 408 0 142 0 401 401 399 0 0 0 60 50 AUTO 0 
b.1 2025-08-15 18:36:12.595 a 2025-08-15-18:36:03 223 283 345 0.3 2.4 4.9 18.6 8.7 732.0 0.00 0 0.0 28.9 24.1 24.4 3.626  -42.6   26.5    3.2  10   -7.1   5 0 0 1 1 2 0 18.9 11.6 19.4 11.1 80.0 100 100 20 408 0 142 0 401 401 400 0 0 0 59 50 AUTO 0 
b.1 2025-08-15 18:37:11.476 a 2025-08-15-18:37:01 010 323 284 0.5 2.0 3.1 18.6 10.6 731.9 0.00 0 0.0 29.4 24.1 24.4 3.626  -43.0   26.5    3.0  11   -6.9   0 0 0 1 1 2 0 18.9 11.2 19.4 11.0 80.0 100 100 20 408 0 142 0 401 402 399 0 0 0 60 50 AUTO 0 
b.1 2025-08-15 18:38:12.256 a 2025-08-15-18:38:02 098 317 283 0.3 2.5 4.1 18.5 10.6 731.9 0.00 0 0.0 29.0 24.1 24.4 3.634  -48.7   26.5    3.8  11   -6.8   5 0 0 1 1 2 0 18.9 11.4 19.4 11.0 80.0 100 100 20 408 0 142 0 401 401 399 0 0 0 59 50 AUTO 0 
b.1 2025-08-15 18:39:12.378 a 2025-08-15-18:39:02 098 310 262 0.3 2.8 4.1 18.4 10.3 731.9 0.00 0 0.0 28.2 24.1 24.4 3.626  -43.4   26.5    4.9  11   -6.7   5 0 0 1 1 2 0 18.8 11.4 19.4 11.0 80.0 100 100 20 408 0 141 0 401 401 400 0 0 0 59 50 AUTO 0 
b.1 2025-08-15 18:40:10.976 a 2025-08-15-18:40:01 041 341 268 0.7 3.3 5.6 18.1 10.8 731.9 0.00 0 0.0 27.7 24.1 24.4 3.626  -44.6   26.5    5.6  11   -6.7   5 0 0 1 1 2 0 18.8 11.5 19.4 11.0 80.0 100 100 20 408 0 142 0 401 401 399 0 0 0 60 50 AUTO 0 
b.1 2025-08-15 18:41:12.737 a 2025-08-15-18:41:03 107 336 272 0.1 1.6 3.4 17.8 12.4 731.9 0.00 0 0.0 28.3 24.1 24.4 3.635  -44.6   26.5    3.4  11   -6.6   5 0 0 1 1 2 0 18.7 12.1 19.4 11.5 80.0 100 100 20 408 0 142 0 400 401 400 0 0 0 60 50 AUTO 0 
b.1 2025-08-15 18:42:12.217 a 2025-08-15-18:42:02 016 326 087 0.1 2.1 4.3 17.8 11.4 731.9 0.00 0 0.0 28.4 24.1 24.4 3.627  -44.1   26.4    3.5  11   -6.6   5 0 0 1 1 2 0 18.7 11.9 19.4 11.5 80.0 100 100 20 408 0 142 0 401 402 399 0 0 0 60 50 AUTO 0 
b.1 2025-08-15 18:43:13.742 a 2025-08-15-18:43:04 288 311 339 1.0 3.7 5.1 17.8 11.1 731.9 0.00 0 0.0 27.3 24.1 24.4 3.627  -44.9   26.3    6.2  11   -6.8   5 0 0 1 1 2 0 18.7 11.7 19.3 11.3 80.0 100 100 20 408 0 142 0 401 401 400 0 0 0 60 50 AUTO 0 
b.1 2025-08-15 18:44:10.941 a 2025-08-15-18:44:01 285 314 356 0.6 2.8 5.1 17.7 11.1 731.9 0.00 0 0.0 27.0 24.1 24.4 3.626  -42.1   26.2    5.4  11   -6.8   5 0 0 1 1 2 0 18.7 11.5 19.3 11.2 80.0 100 100 20 408 0 142 0 401 401 400 0 0 0 60 50 AUTO 0 
b.1 2025-08-15 18:45:15.536 a 2025-08-15-18:45:05 085 322 262 0.2 2.1 4.1 17.6 11.5 731.9 0.00 0 0.0 27.2 24.1 24.4 3.628  -41.6   26.1    4.4  11   -6.9   5 0 0 1 1 2 0 18.6 11.5 19.2 11.1 80.0 100 100 20 408 0 142 0 401 401 400 0 0 0 60 50 AUTO 0 
b.1 2025-08-15 18:46:11.305 a 2025-08-15-18:46:01 255 302 348 0.5 1.8 4.2 17.6 11.7 731.9 0.00 0 0.0 27.7 24.1 24.4 3.626  -44.2   26.0    3.2  11   -6.9   0 0 0 1 1 2 0 18.6 11.5 19.2 11.1 80.0 100 100 20 408 0 142 0 401 401 399 0 0 0 59 50 AUTO 0 
b.1 2025-08-15 18:47:11.757 a 2025-08-15-18:47:02 283 320 358 0.6 2.0 3.8 17.6 11.5 731.9 0.00 0 0.0 28.2 24.1 24.4 3.627  -43.7   26.0    3.2  11   -6.7   5 0 0 1 1 2 0 18.6 11.5 19.2 11.2 80.0 100 100 20 408 0 142 0 401 401 400 0 0 0 60 50 AUTO 0 
b.1 2025-08-15 18:48:11.601 a 2025-08-15-18:48:02 108 286 344 0.1 1.2 3.0 17.7 11.5 731.9 0.00 0 0.0 28.8 24.1 24.4 3.626  -40.2   25.9    2.7  11   -6.7   0 0 0 1 1 2 0 18.6 11.7 19.2 11.3 80.0 100 100 20 408 0 142 0 401 401 400 0 0 0 60 50 AUTO 0 
b.1 2025-08-15 18:49:10.342 a 2025-08-15-18:49:00 018 245 273 0.1 1.3 5.0 17.7 11.1 731.9 0.00 0 0.0 29.1 24.1 24.4 3.626  -40.0   25.9    2.3  11   -6.9   0 0 0 1 1 2 0 18.6 12.0 19.2 11.1 80.0 100 100 20 408 0 142 0 401 401 400 0 0 0 59 50 AUTO 0 
b.1 2025-08-15 18:50:14.619 a 2025-08-15-18:50:04 091 288 186 0.2 1.6 5.1 17.9 12.3 731.9 0.00 0 0.0 29.4 24.1 24.4 3.627  -39.9   25.8    2.3  11   -6.8   0 0 0 1 1 2 0 18.6 11.7 19.2 11.2 80.0 100 100 20 408 0 142 0 401 401 400 0 0 0 59 50 AUTO 0 
b.1 2025-08-15 18:51:12.099 a 2025-08-15-18:51:02 021 311 305 0.3 2.5 5.2 18.1 12.5 731.9 0.00 0 0.0 29.3 24.1 24.4 3.627  -40.0   25.8    2.6  11   -6.6   0 0 0 1 1 2 0 18.6 12.2 19.2 11.8 80.0 100 100 20 408 0 142 0 401 401 400 0 0 0 60 50 AUTO 0 
b.1 2025-08-15 18:52:12.642 a 2025-08-15-18:52:03 141 230 175 0.2 1.6 4.0 18.2 11.5 731.9 0.00 0 0.0 29.1 24.1 24.4 3.627  -39.8   25.7    2.6  11   -6.8   0 0 0 1 1 2 0 18.7 12.4 19.2 12.0 80.0 100 100 20 408 0 142 0 401 401 400 0 0 0 59 50 AUTO 0 
b.1 2025-08-15 18:53:09.201 a 2025-08-15-18:52:59 045 263 171 0.2 2.4 4.3 18.3 10.2 731.9 0.00 0 0.0 28.9 24.1 24.4 3.626  -40.8   25.7    3.2  11   -6.7   5 0 0 1 1 2 0 18.7 12.3 19.2 12.0 80.0 100 100 20 408 0 142 0 401 401 400 0 0 0 60 50 AUTO 0 
b.1 2025-08-15 18:54:11.563 a 2025-08-15-18:54:01 077 262 343 0.1 1.7 3.6 18.3 11.2 731.9 0.00 0 0.0 29.0 24.1 24.4 3.632  -40.9   25.7    2.8  11   -6.9   0 0 0 1 1 2 0 18.7 12.2 19.3 11.8 80.0 100 100 20 408 0 142 0 401 401 399 0 0 0 60 50 AUTO 0 
b.1 2025-08-15 18:55:11.020 a 2025-08-15-18:55:01 092 275 125 0.1 1.2 3.1 18.3 10.8 731.9 0.00 0 0.0 29.6 24.1 24.4 3.626  -41.0   25.7    2.4  11   -6.9   5 0 0 1 1 2 0 18.8 12.1 19.3 11.6 80.0 100 100 20 408 0 142 0 400 401 399 0 0 0 60 50 AUTO 0 
b.1 2025-08-15 18:56:10.865 a 2025-08-15-18:56:01 001 310 337 0.1 1.6 4.8 18.4 10.9 731.9 0.00 0 0.0 29.7 24.1 24.5 3.626  -40.3   25.6    2.5  11   -7.0   0 0 0 1 1 2 0 18.8 11.8 19.3 11.4 80.0 100 100 20 408 0 142 0 401 401 400 0 0 0 60 50 AUTO 0 
b.1 2025-08-15 18:57:12.061 a 2025-08-15-18:57:02 106 324 116 0.2 1.7 3.3 18.5 11.2 731.9 0.00 0 0.0 29.7 24.1 24.4 3.628  -41.4   25.6    2.6  11   -6.8   0 0 0 1 1 2 0 18.8 11.7 19.3 11.4 80.0 100 100 20 408 0 142 0 401 401 399 0 0 0 60 50 AUTO 0 
b.1 2025-08-15 18:58:11.269 a 2025-08-15-18:58:01 113 277 353 0.2 3.0 5.0 18.4 10.9 731.9 0.00 0 0.0 28.7 24.1 24.4 3.634  -41.2   25.6    3.6  11   -6.8   5 0 0 1 1 2 0 18.8 11.8 19.3 11.4 80.0 100 100 20 408 0 142 0 401 401 399 0 0 0 59 50 AUTO 0 
b.1 2025-08-15 18:59:11.904 a 2025-08-15-18:59:02 074 300 090 0.1 1.5 3.6 18.3 11.9 731.9 0.00 0 0.0 28.9 24.1 24.4 3.633  -40.0   25.6    2.8  11   -6.7   5 0 0 1 1 2 0 18.8 11.7 19.2 11.5 80.0 100 100 20 408 0 143 0 402 401 400 0 0 0 59 50 AUTO 0 
b.1 2025-08-15 19:00:13.921 a 2025-08-15-19:00:04 100 285 173 0.2 1.5 2.6 18.3 11.8 731.9 0.00 0 0.0 29.5 24.1 24.4 3.633  -39.9   25.6    2.7  11   -6.5   0 0 0 1 1 2 0 18.8 11.9 19.2 11.6 80.0 100 100 20 408 0 142 0 401 401 400 0 0 0 59 50 AUTO 0 
b.1 2025-08-15 19:01:13.762 a 2025-08-15-19:01:04 164 292 341 0.2 1.5 3.5 18.3 10.9 731.9 0.00 0 0.0 29.7 24.1 24.4 3.626  -39.8   25.6    2.6  11   -6.6   5 0 0 1 1 2 0 18.7 11.9 19.2 11.6 80.0 100 100 20 408 0 142 0 402 401 399 0 0 0 60 50 AUTO 0 
b.1 2025-08-15 19:02:12.963 a 2025-08-15-19:02:03 080 322 210 0.1 1.6 3.3 18.3 11.1 731.9 0.00 0 0.0 30.3 24.1 24.4 3.626  -39.7   25.7    2.5  12   -6.3   0 0 0 1 1 2 0 18.7 12.1 19.2 11.6 80.0 100 100 20 408 0 142 0 401 401 399 0 0 0 60 50 AUTO 0 
b.1 2025-08-15 19:03:12.342 a 2025-08-15-19:03:02 001 290 183 0.3 2.1 4.0 18.3 12.3 731.9 0.00 0 0.0 30.0 24.1 24.5 3.624  -41.4   25.7    2.7  12   -6.3   5 0 0 1 1 2 0 18.7 12.5 19.2 11.9 80.0 100 100 20 408 0 142 0 401 401 399 0 0 0 60 50 AUTO 0 
b.1 2025-08-15 19:04:13.065 a 2025-08-15-19:04:03 192 299 357 0.3 2.1 5.9 18.4 10.8 731.9 0.00 0 0.0 29.9 24.1 24.4 3.627  -42.6   25.8    2.7  12   -6.2   5 0 0 1 1 2 0 18.8 12.5 19.2 12.2 80.0 100 100 20 408 0 142 0 401 401 400 0 0 0 59 50 AUTO 0 
b.1 2025-08-15 19:05:15.062 a 2025-08-15-19:05:05 117 288 348 0.1 2.5 5.8 18.4 11.5 731.9 0.00 0 0.0 29.5 24.1 24.5 3.626  -40.8   25.8    2.9  11   -6.4   0 0 0 1 1 2 0 18.8 12.3 19.2 12.1 80.0 100 100 20 408 0 142 0 401 401 399 0 0 0 59 50 AUTO 0 
b.1 2025-08-15 19:06:09.568 a 2025-08-15-19:05:59 168 303 338 0.2 1.9 3.6 18.3 11.3 731.9 0.00 0 0.0 29.5 24.1 24.4 3.627  -40.3   25.8    2.8  11   -6.4   0 0 0 1 1 2 0 18.8 12.3 19.2 12.0 80.0 100 100 20 408 0 142 0 401 401 400 0 0 0 59 50 AUTO 0 
b.1 2025-08-15 19:07:12.266 a 2025-08-15-19:07:02 135 327 249 0.2 2.0 3.9 18.3 11.7 731.9 0.00 0 0.0 30.0 24.1 24.5 3.626  -41.4   25.8    2.8  11   -6.3   5 0 0 1 1 2 0 18.8 12.6 19.2 12.3 80.0 100 100 20 408 0 142 0 401 401 400 0 0 0 60 50 AUTO 0 
b.1 2025-08-15 19:08:11.148 a 2025-08-15-19:08:01 116 337 266 0.1 1.1 2.8 18.2 11.9 731.9 0.00 0 0.0 30.6 24.1 24.4 3.626  -40.1   25.8    2.5  12   -6.2   5 0 0 1 1 2 0 18.8 14.1 19.2 12.7 80.0 100 100 20 408 0 142 0 401 401 400 0 0 0 60 50 AUTO 0 
b.1 2025-08-15 19:09:14.842 a 2025-08-15-19:09:05 054 328 289 0.3 2.0 3.2 18.2 14.6 731.9 0.00 0 0.0 30.6 24.1 24.5 3.626  -44.9   25.8    2.7  12   -5.8   5 0 0 1 1 2 0 18.9 14.9 19.3 13.1 80.0 100 100 20 408 0 142 0 401 402 400 0 0 0 60 50 AUTO 0 
b.1 2025-08-15 19:10:13.066 a 2025-08-15-19:10:03 114 343 260 0.4 2.7 5.2 18.2 13.0 731.9 0.00 0 0.0 30.4 24.1 24.4 3.627  -45.6   25.8    3.1  12   -5.7   5 0 0 1 1 2 0 18.9 15.5 19.3 14.9 80.0 100 100 20 408 0 142 0 401 401 399 0 0 0 59 50 AUTO 0 
b.1 2025-08-15 19:11:12.085 a 2025-08-15-19:11:02 111 320 245 0.1 1.5 5.2 18.2 12.6 731.9 0.00 0 0.0 30.1 24.1 24.5 3.626  -39.8   25.8    2.6  12   -5.8   0 0 0 1 1 2 0 18.9 15.8 19.3 15.1 80.0 100 100 20 408 0 142 0 400 401 399 0 0 0 60 50 AUTO 0 
b.1 2025-08-15 19:12:13.707 a 2025-08-15-19:12:04 140 342 263 0.2 1.4 4.6 18.2 18.9 731.9 0.00 0 0.0 31.2 24.1 24.4 3.627  -40.9   25.8    2.3  12   -5.4   5 0 0 1 1 2 0 18.9 17.6 19.3 14.9 80.0 100 100 20 408 0 142 0 401 401 399 0 0 0 59 50 AUTO 0 
b.1 2025-08-15 19:13:11.190 a 2025-08-15-19:13:01 080 332 233 0.2 1.8 4.6 18.4 12.8 731.9 0.00 0 0.0 31.2 24.1 24.4 3.633  -39.9   25.8    2.3  12   -5.4   5 0 0 1 1 2 0 19.0 17.5 19.4 16.4 80.0 100 100 20 408 0 142 0 402 401 400 0 0 0 60 50 AUTO 0 
b.1 2025-08-15 19:14:14.387 a 2025-08-15-19:14:04 096 322 132 0.2 2.2 4.3 18.7 13.0 731.9 0.00 0 0.0 31.3 24.1 24.4 3.626  -42.0   25.8    2.5  12   -5.5   5 0 0 1 1 2 0 19.0 16.8 19.4 16.7 80.0 100 100 20 408 0 142 0 402 401 400 0 0 0 60 50 AUTO 0 
b.1 2025-08-15 19:15:11.905 a 2025-08-15-19:15:02 035 321 204 0.4 1.8 4.0 18.8 12.2 731.9 0.00 0 0.0 30.7 24.1 24.4 3.626  -40.4   25.8    2.4  12   -5.6   0 0 0 1 1 2 0 19.0 16.5 19.4 15.5 80.0 100 100 20 408 0 142 0 401 401 399 0 0 0 59 50 AUTO 0 
b.1 2025-08-15 19:16:12.512 a 2025-08-15-19:16:02 116 336 129 0.1 1.0 2.5 18.8 12.2 731.9 0.00 0 0.0 31.7 24.1 24.4 3.626  -39.3   25.7    2.2  12   -5.7   0 0 0 1 1 2 0 19.0 18.7 19.4 16.6 80.0 100 100 20 408 0 142 0 401 401 400 0 0 0 59 50 AUTO 0 
b.1 2025-08-15 19:17:11.566 a 2025-08-15-19:17:01 095 303 192 0.2 1.7 4.1 18.8 13.8 731.9 0.00 0 0.0 31.8 24.1 24.4 3.626  -40.5   25.7    2.3  12   -5.5   0 0 0 1 1 2 0 19.0 17.4 19.4 16.9 80.0 100 100 20 408 0 142 0 401 401 399 0 0 0 60 50 AUTO 0 
b.1 2025-08-15 19:18:11.969 a 2025-08-15-19:18:02 061 328 199 0.2 1.9 4.5 18.8 12.9 731.9 0.00 0 0.0 31.2 24.1 24.4 3.627  -39.8   25.7    2.4  12   -5.4   0 0 0 1 1 2 0 19.1 17.9 19.4 17.3 80.0 100 100 20 408 0 142 0 401 401 399 0 0 0 59 50 AUTO 0 
b.1 2025-08-15 19:19:13.729 a 2025-08-15-19:19:04 069 308 118 0.4 1.5 3.0 18.8 12.0 731.9 0.00 0 0.0 31.3 24.1 24.5 3.626  -39.6   25.6    2.3  12   -5.5   5 0 0 1 1 2 0 19.1 18.5 19.4 16.9 80.0 100 100 20 408 0 142 0 400 401 399 0 0 0 60 50 AUTO 0 
b.1 2025-08-15 19:20:14.647 a 2025-08-15-19:20:04 080 321 275 0.3 2.0 4.2 18.8 12.9 731.9 0.00 0 0.0 31.5 24.1 24.4 3.624  -39.8   25.6    2.5  12   -5.4   5 0 0 1 1 2 0 19.1 17.1 19.5 16.7 80.0 100 100 20 408 0 142 0 401 401 400 0 0 0 59 50 AUTO 0 
b.1 2025-08-15 19:21:11.993 a 2025-08-15-19:21:02 007 312 196 0.3 2.3 5.6 18.8 12.1 731.9 0.00 0 0.0 31.3 24.1 24.4 3.626  -41.9   25.6    2.7  12   -5.5   5 0 0 1 1 2 0 19.1 16.5 19.5 16.2 80.0 100 100 20 408 0 142 0 401 401 400 0 0 0 59 50 AUTO 0 
b.1 2025-08-15 19:22:11.828 a 2025-08-15-19:22:02 203 324 356 0.5 3.8 6.9 18.6 13.3 731.9 0.00 0 0.0 29.7 24.1 24.4 3.626  -41.8   25.6    3.7  12   -5.5   5 0 0 1 1 2 0 19.1 15.3 19.5 15.3 80.0 100 100 20 408 0 142 0 401 401 399 0 0 0 60 50 AUTO 0 
b.1 2025-08-15 19:23:13.210 a 2025-08-15-19:23:03 270 317 344 0.2 2.9 4.7 18.3 12.2 731.9 0.00 0 0.0 28.8 24.1 24.4 3.626  -39.8   25.6    3.9  12   -5.6   5 0 0 1 1 2 0 19.1 14.8 19.5 14.9 80.0 100 100 20 408 0 142 0 401 401 400 0 0 0 60 50 AUTO 0 
b.1 2025-08-15 19:24:10.792 a 2025-08-15-19:24:01 029 306 281 0.5 3.7 5.5 18.1 11.7 731.9 0.00 0 0.0 28.2 24.1 24.5 3.627  -43.0   25.6    5.9  12   -5.7   5 0 0 1 1 2 0 19.0 14.2 19.4 13.8 80.0 100 100 20 408 0 142 0 401 401 399 0 0 0 59 50 AUTO 0 
b.1 2025-08-15 19:25:15.013 a 2025-08-15-19:25:05 098 322 182 0.2 2.1 3.7 18.0 12.3 731.9 0.00 0 0.0 28.5 24.1 24.4 3.626  -42.6   25.6    4.1  12   -5.8   5 0 0 1 1 2 0 19.0 15.1 19.4 14.0 80.0 100 100 20 408 0 142 0 401 401 399 0 0 0 59 50 AUTO 0 
b.1 2025-08-15 19:26:12.069 a 2025-08-15-19:26:02 061 353 205 0.1 1.6 3.7 18.0 20.3 731.9 0.00 0 0.0 29.2 24.1 24.4 3.637  -41.3   25.6    3.0  13   -5.4   5 0 0 1 1 2 0 19.0 16.4 19.4 15.0 80.0 100 100 20 408 0 142 0 401 401 399 0 0 0 60 50 AUTO 0 
b.1 2025-08-15 19:27:12.671 a 2025-08-15-19:27:03 070 338 284 0.5 2.6 4.6 18.2 14.3 731.9 0.00 0 0.0 29.6 24.1 24.4 3.624  -41.0   25.6    3.3  13   -5.1   5 0 0 1 1 2 0 19.0 16.8 19.4 16.4 80.0 100 100 20 408 0 142 0 400 401 399 0 0 0 59 50 AUTO 0 
b.1 2025-08-15 19:28:12.752 a 2025-08-15-19:28:03 090 330 154 0.2 1.8 3.5 18.3 12.6 731.8 0.00 0 0.0 30.2 24.1 24.4 3.626  -42.6   25.6    2.8  13   -5.3   5 0 0 1 1 2 0 19.1 17.7 19.4 17.2 80.0 100 100 20 408 0 142 0 401 401 399 0 0 0 60 50 AUTO 0 
b.1 2025-08-15 19:29:12.368 a 2025-08-15-19:29:02 123 324 281 0.4 3.2 4.6 18.3 11.3 731.9 0.00 0 0.0 29.5 24.1 24.4 3.631  -42.0   25.6    3.9  12   -5.4   5 0 0 1 1 2 0 19.1 15.4 19.4 16.0 80.0 100 100 20 408 0 142 0 401 402 399 0 0 0 59 50 AUTO 0 
b.1 2025-08-15 19:30:12.549 a 2025-08-15-19:30:02 092 307 176 0.3 1.9 4.2 18.2 11.1 731.9 0.00 0 0.0 29.5 24.1 24.4 3.627  -39.7   25.6    3.2  12   -5.7   0 0 0 1 1 2 0 19.1 14.5 19.4 14.9 80.0 100 100 20 408 0 142 0 402 401 400 0 0 0 59 50 AUTO 0 
b.1 2025-08-15 19:31:11.509 a 2025-08-15-19:31:01 032 322 132 0.5 2.3 5.6 18.2 11.2 731.9 0.00 0 0.0 29.7 24.1 24.4 3.633  -40.0   25.6    3.0  12   -5.6   0 0 0 1 1 2 0 19.1 15.9 19.3 15.1 80.0 100 100 20 408 0 142 0 401 401 399 0 0 0 59 50 AUTO 0 
b.1 2025-08-15 19:32:12.713 a 2025-08-15-19:32:03 102 341 179 0.1 1.3 5.0 18.1 12.1 731.9 0.00 0 0.0 31.0 24.1 24.4 3.632  -40.4   25.6    2.3  12   -5.6   0 0 0 1 1 2 0 19.1 16.7 19.3 15.0 80.0 100 100 20 408 0 142 0 401 401 399 0 0 0 60 50 AUTO 0 
b.1 2025-08-15 19:33:11.351 a 2025-08-15-19:33:01 018 319 281 0.7 3.0 5.1 18.2 12.5 731.9 0.00 0 0.0 30.1 24.1 24.4 3.627  -40.5   25.5    3.0  12   -5.7   0 0 0 1 1 2 0 19.0 15.7 19.3 15.5 80.0 100 100 20 408 0 142 0 401 401 400 0 0 0 60 50 AUTO 0 
b.1 2025-08-15 19:34:12.878 a 2025-08-15-19:34:03 053 335 296 0.5 2.2 3.6 18.2 11.5 731.9 0.00 0 0.0 30.3 24.1 24.4 3.626  -41.9   25.5    3.0  12   -5.6   5 0 0 1 1 2 0 19.0 15.9 19.3 15.4 80.0 100 100 20 408 0 142 0 401 401 400 0 0 0 60 50 AUTO 0 
b.1 2025-08-15 19:35:13.128 a 2025-08-15-19:35:03 074 342 231 0.1 1.2 3.0 18.3 12.5 731.8 0.00 0 0.0 31.2 24.1 24.4 3.627  -39.2   25.6    2.5  12   -5.4   0 0 0 1 1 2 0 19.1 17.0 19.3 16.0 80.0 100 100 20 408 0 142 0 401 401 400 0 0 0 59 50 AUTO 0 
b.1 2025-08-15 19:36:12.973 a 2025-08-15-19:36:03 082 328 282 0.5 3.0 7.7 18.4 12.3 731.9 0.00 0 0.0 30.8 24.1 24.4 3.626  -41.9   25.6    3.1  12   -5.5   5 0 0 1 1 2 0 19.1 16.5 19.4 16.2 80.0 100 100 20 408 0 142 0 401 401 400 0 0 0 59 50 AUTO 0 
b.1 2025-08-15 19:37:11.471 a 2025-08-15-19:37:01 067 301 176 0.1 2.0 4.4 18.5 11.4 731.9 0.00 0 0.0 29.9 24.1 24.4 3.626  -39.3   25.6    2.9  12   -5.7   0 0 0 1 1 2 0 19.1 15.3 19.4 15.1 80.0 100 100 20 408 0 142 0 402 401 400 0 0 0 59 50 AUTO 0 
b.1 2025-08-15 19:38:13.693 a 2025-08-15-19:38:03 090 326 154 0.1 1.1 3.2 18.5 11.9 731.9 0.00 0 0.0 31.1 24.1 24.4 3.627  -39.7   25.6    2.3  13   -5.2   0 0 0 1 1 2 0 19.1 16.6 19.4 15.1 80.0 100 100 20 408 0 142 0 401 401 400 0 0 0 60 50 AUTO 0 
b.1 2025-08-15 19:39:12.234 a 2025-08-15-19:39:02 096 344 244 0.1 2.2 4.0 18.6 16.2 731.9 0.00 0 0.0 31.6 24.1 24.4 3.627  -43.9   25.6    2.5  13   -4.8   5 0 0 1 1 2 0 19.1 18.1 19.4 17.6 80.0 100 100 20 408 0 142 0 401 401 399 0 0 0 60 50 AUTO 0 
b.1 2025-08-15 19:40:13.013 a 2025-08-15-19:40:03 115 339 268 0.1 1.5 2.6 18.8 9.8 731.8 0.00 0 0.0 32.0 24.1 24.4 3.626  -39.5   25.7    2.5  13   -4.9   0 0 0 1 1 2 0 19.2 17.9 19.4 17.4 80.0 100 100 20 408 0 142 0 401 401 399 0 0 0 60 50 AUTO 0 
b.1 2025-08-15 19:41:12.160 a 2025-08-15-19:41:02 145 333 318 0.1 1.0 2.4 18.7 12.2 731.8 0.00 0 0.0 32.6 24.1 24.5 3.627  -39.0   25.7    2.2  13   -4.7   0 0 0 1 1 2 0 19.2 18.5 19.4 17.6 80.0 100 100 20 408 0 142 0 402 401 399 0 0 0 59 50 AUTO 0 
b.1 2025-08-15 19:42:10.621 a 2025-08-15-19:42:00 160 011 255 0.1 1.1 2.6 18.8 17.7 731.8 0.00 0 0.0 33.1 24.1 24.4 3.634  -40.9   25.8    2.2  14   -4.0   0 0 0 1 1 2 0 19.2 18.7 19.4 18.3 80.0 100 100 20 408 0 142 0 402 401 400 0 0 0 60 50 AUTO 0 
b.1 2025-08-15 19:43:13.581 a 2025-08-15-19:43:03 133 008 183 0.1 0.9 2.3 18.8 19.4 731.8 0.00 0 0.0 34.1 24.1 24.4 3.626  -41.0   25.8    0.0  14   -3.2   5 0 0 1 1 2 0 19.2 19.3 19.4 19.0 80.0 100 100 20 408 0 142 0 401 401 399 0 0 0 60 50 AUTO 0 
b.1 2025-08-15 19:44:11.897 a 2025-08-15-19:44:02 205 001 335 0.1 0.9 2.4 18.9 18.6 731.8 0.00 0 0.0 34.7 24.1 24.4 3.626  -38.9   25.9    2.1  15   -2.9   0 0 0 1 1 2 0 19.2 19.4 19.4 19.0 80.0 100 100 20 408 0 142 0 401 401 400 0 0 0 59 50 AUTO 0 
b.1 2025-08-15 19:45:15.914 a 2025-08-15-19:45:06 126 055 279 0.1 0.8 2.0 18.9 19.4 731.8 0.00 0 0.0 35.4 24.1 24.4 3.634  -39.4   25.9    2.2  15   -2.5   5 0 0 1 1 2 0 19.1 19.7 19.4 19.5 80.0 100 100 20 408 0 142 0 401 401 400 0 0 0 60 50 AUTO 0 
b.1 2025-08-15 19:46:13.341 a 2025-08-15-19:46:03 170 042 265 0.1 0.7 2.2 19.0 19.9 731.9 0.00 0 0.0 35.9 24.1 24.4 3.626  -37.9   26.0    0.0  16   -2.0   0 0 0 1 1 2 0 19.1 19.7 19.3 19.6 80.0 100 100 20 408 0 142 0 401 401 400 0 0 0 59 50 AUTO 0 
b.1 2025-08-15 19:47:11.316 a 2025-08-15-19:47:01 119 356 274 0.2 1.3 4.5 19.2 19.5 731.9 0.00 0 0.0 36.1 24.1 24.4 3.627  -41.1   26.0    2.2  16   -1.6   0 0 0 1 1 2 0 19.1 20.0 19.3 19.8 80.0 100 100 20 408 0 142 0 401 402 400 0 0 0 59 50 AUTO 0 
b.1 2025-08-15 19:48:12.414 a 2025-08-15-19:48:02 050 332 278 0.7 2.3 4.5 19.2 14.7 731.9 0.00 0 0.0 34.8 24.1 24.4 3.627  -43.4   26.0    2.4  15   -2.2   5 0 0 1 1 2 0 19.1 20.1 19.3 19.9 80.0 100 100 20 408 0 142 0 401 401 400 0 0 0 60 50 AUTO 0 
b.1 2025-08-15 19:49:11.193 a 2025-08-15-19:49:01 042 353 197 0.1 1.0 3.5 19.0 16.4 731.9 0.00 0 0.0 34.6 24.1 24.4 3.627  -40.8   26.1    2.2  15   -2.4   5 0 0 1 1 2 0 19.1 20.1 19.2 19.8 80.0 100 100 20 408 0 142 0 401 401 400 0 0 0 60 50 AUTO 0 
b.1 2025-08-15 19:50:14.674 a 2025-08-15-19:50:04 089 324 204 0.2 1.8 3.5 18.9 13.7 731.9 0.00 0 0.0 33.4 24.1 24.4 3.626  -41.2   26.1    2.4  14   -3.3   0 0 0 1 1 2 0 19.0 19.7 19.2 19.6 80.0 100 100 20 408 0 142 0 401 401 400 0 0 0 59 50 AUTO 0 
b.1 2025-08-15 19:51:11.174 a 2025-08-15-19:51:01 035 316 276 0.2 2.0 3.3 18.8 13.2 731.9 0.00 0 0.0 33.0 24.1 24.4 3.626  -42.1   26.0    2.5  14   -3.7   0 0 0 1 1 2 0 19.0 19.6 19.2 19.6 80.0 100 100 20 408 0 142 0 401 401 400 0 0 0 59 50 AUTO 0 
b.1 2025-08-15 19:52:14.594 a 2025-08-15-19:52:04 045 033 151 0.1 1.5 5.8 18.7 14.4 731.9 0.00 0 0.0 32.9 24.1 24.4 3.623  -39.6   26.0    2.4  14   -3.7   0 0 0 1 1 2 0 19.0 19.4 19.2 18.7 80.0 100 100 20 408 0 142 0 400 402 399 0 0 0 59 50 AUTO 0 
b.1 2025-08-15 19:53:12.576 a 2025-08-15-19:53:02 138 030 274 0.1 1.4 2.5 18.6 17.6 731.9 0.00 0 0.0 33.2 24.1 24.4 3.627  -41.4   25.9    2.3  14   -3.2   0 0 0 1 1 2 0 19.1 19.5 19.2 18.6 80.0 100 100 20 408 0 142 0 401 402 400 0 0 0 60 50 AUTO 0 
b.1 2025-08-15 19:54:13.680 a 2025-08-15-19:54:04 175 050 217 0.1 1.5 4.0 18.4 16.8 731.9 0.00 0 0.0 33.5 24.1 24.4 3.626  -41.3   25.8    2.3  15   -2.9   0 0 0 1 1 2 0 19.1 19.9 19.2 19.4 80.0 100 99 20 400 -4 142 0 401 402 399 0 0 0 60 50 AUTO 0 
b.1 2025-08-15 19:55:12.137 a 2025-08-15-19:55:02 181 033 195 0.1 1.1 3.7 18.2 19.5 731.9 0.00 0 0.0 34.1 24.1 24.5 3.628  -38.9   25.7    2.1  15   -2.6   0 0 0 1 1 2 0 19.1 20.6 19.2 19.7 80.0 100 99 20 408 0 142 0 401 401 399 0 0 0 59 50 AUTO 0 
b.1 2025-08-15 19:56:12.315 a 2025-08-15-19:56:02 137 041 204 0.1 0.8 3.0 18.2 22.3 731.9 0.00 0 0.0 34.8 24.1 24.4 3.626  -38.8   25.7    0.0  17   -1.5   0 0 0 1 1 2 0 19.1 20.9 19.2 20.4 80.0 100 100 20 408 0 142 0 402 401 400 0 0 0 59 50 AUTO 0 
b.1 2025-08-15 19:57:11.519 a 2025-08-15-19:57:01 137 025 269 0.1 1.2 3.1 18.6 21.4 731.9 0.00 0 0.0 35.1 24.1 24.4 3.627  -40.9   25.6    2.1  17   -1.2   0 0 0 1 1 2 0 19.1 21.0 19.2 20.8 80.0 100 100 20 408 0 142 0 401 401 399 0 0 0 59 50 AUTO 0 
b.1 2025-08-15 19:58:11.318 a 2025-08-15-19:58:01 093 339 119 0.2 1.4 3.0 18.8 20.1 731.9 0.00 0 0.0 35.0 24.1 24.4 3.627  -38.6   25.7    2.2  17   -1.5   0 0 0 1 1 2 0 19.1 21.4 19.2 21.0 80.0 100 100 20 408 0 142 0 402 401 400 0 0 0 60 50 AUTO 0 
b.1 2025-08-15 19:59:13.259 a 2025-08-15-19:59:03 174 030 248 0.1 0.6 1.7 19.0 20.0 731.9 0.00 0 0.0 35.7 24.2 24.4 3.626  -38.0   25.7    2.2  16   -1.9   0 0 0 1 1 2 0 19.1 21.5 19.2 21.3 80.0 100 100 20 408 0 141 0 401 401 399 0 0 0 59 50 AUTO 0 
b.1 2025-08-15 20:00:13.301 a 2025-08-15-20:00:03 146 339 277 0.1 1.0 2.0 19.1 19.6 731.9 0.00 0 0.0 36.2 24.1 24.4 3.627  -41.7   25.8    0.0  16   -1.5   5 0 0 1 1 2 0 19.0 21.7 19.2 21.6 80.0 100 100 20 408 0 141 0 401 401 400 0 0 0 60 50 AUTO 0 
b.1 2025-08-15 20:01:12.319 a 2025-08-15-20:01:02 055 026 069 0.1 0.8 2.0 19.1 18.9 731.9 0.00 0 0.0 36.4 24.1 24.4 3.633  -39.0   25.8    0.0  16   -1.7   0 0 0 1 1 2 0 19.0 21.8 19.2 21.7 80.0 100 100 20 408 0 142 0 400 402 399 0 0 0 59 50 AUTO 0 
b.1 2025-08-15 20:02:10.964 a 2025-08-15-20:02:01 130 348 178 0.1 1.1 2.9 19.2 21.2 731.9 0.00 0 0.0 36.8 24.1 24.4 3.633  -39.3   25.9    0.0  17   -1.1   0 0 0 1 1 2 0 19.1 22.4 19.2 22.0 80.0 100 100 20 408 0 142 0 401 401 399 0 0 0 59 50 AUTO 0 
b.1 2025-08-15 20:03:14.805 a 2025-08-15-20:03:05 083 310 157 0.3 2.9 5.1 19.2 12.0 731.9 0.00 0 0.0 34.5 24.1 24.5 3.626  -40.2   26.0    2.7  16   -1.9   5 0 0 1 1 2 0 19.1 22.3 19.2 21.8 80.0 100 100 20 408 0 142 0 401 402 400 0 0 0 59 50 AUTO 0 
b.1 2025-08-15 20:04:11.081 a 2025-08-15-20:04:01 119 319 135 0.3 2.0 3.4 19.2 12.0 731.9 0.00 0 0.0 33.3 24.1 24.4 3.628  -39.0   26.0    2.6  15   -2.6   5 0 0 1 1 2 0 19.1 22.0 19.3 21.9 80.0 100 100 20 408 0 142 0 401 401 400 0 0 0 59 50 AUTO 0 
b.1 2025-08-15 20:05:16.322 a 2025-08-15-20:05:06 145 003 296 0.0 1.3 3.5 19.0 12.9 732.0 0.00 0 0.0 34.1 24.1 24.4 3.633  -42.6   26.0    2.3  15   -3.0   5 0 0 1 1 2 0 19.1 21.9 19.3 21.6 80.0 100 100 20 408 0 142 0 400 401 399 0 0 0 59 50 AUTO 0 
b.1 2025-08-15 20:06:10.460 a 2025-08-15-20:06:00 085 005 186 0.1 0.9 2.5 18.9 20.6 732.0 0.00 0 0.0 34.6 24.1 24.4 3.626  -38.4   26.0    0.0  16   -1.8   0 0 0 1 1 2 0 19.2 21.7 19.3 21.4 80.0 100 100 20 408 0 142 0 401 401 400 0 0 0 59 50 AUTO 0 
b.1 2025-08-15 20:07:11.362 a 2025-08-15-20:07:01 129 039 181 0.0 1.0 2.4 18.9 18.7 731.9 0.00 0 0.0 35.3 24.1 24.4 3.627  -39.0   26.0    2.3  16   -1.8   0 0 0 1 1 2 0 19.1 21.8 19.3 21.5 80.0 100 100 20 408 0 142 0 402 401 400 0 0 0 60 50 AUTO 0 
b.1 2025-08-15 20:08:12.285 a 2025-08-15-20:08:02 164 029 233 0.1 1.4 3.3 18.9 21.0 731.9 0.00 0 0.0 35.0 24.1 24.4 3.626  -39.5   26.0    2.3  17   -1.2   0 0 0 1 1 2 0 19.2 21.9 19.3 21.7 80.0 100 100 20 408 0 142 0 400 402 399 0 0 0 59 50 AUTO 0 
b.1 2025-08-15 20:09:11.983 a 2025-08-15-20:09:02 105 345 224 0.1 1.2 3.2 18.7 22.1 731.9 0.00 0 0.0 35.3 24.1 24.4 3.627  -44.2   26.0    2.2  17   -0.9   5 0 0 1 1 2 0 19.1 21.8 19.3 21.8 80.0 100 100 20 408 0 142 0 400 401 399 0 0 0 59 50 AUTO 0 
b.1 2025-08-15 20:10:17.638 a 2025-08-15-20:10:07 147 350 313 0.1 1.4 3.7 18.6 15.0 731.9 0.00 0 0.0 35.4 24.1 24.4 3.634  -39.9   25.9    2.2  16   -1.5   5 0 0 1 1 2 0 19.1 21.4 19.3 21.7 80.0 100 100 20 408 0 142 0 400 402 399 0 0 0 59 50 AUTO 0 
b.1 2025-08-15 20:11:12.619 a 2025-08-15-20:11:02 130 348 172 0.1 1.4 3.7 18.7 15.4 731.9 0.00 0 0.0 35.5 24.1 24.4 3.627  -40.3   26.0    2.2  16   -2.0   0 0 0 1 1 2 0 19.1 21.5 19.3 21.3 80.0 100 100 20 408 0 142 0 401 401 399 0 0 0 59 50 AUTO 0 
b.1 2025-08-15 20:12:12.421 a 2025-08-15-20:12:02 107 327 178 0.5 2.9 6.2 18.8 13.9 731.9 0.00 0 0.0 34.0 24.1 24.4 3.626  -39.8   26.0    2.6  15   -2.4   5 0 0 1 1 2 0 19.1 20.1 19.3 21.1 80.0 100 100 20 408 0 142 0 401 401 399 0 0 0 59 50 AUTO 0 
b.1 2025-08-15 20:13:15.582 a 2025-08-15-20:13:05 072 358 223 0.2 1.4 3.0 18.9 14.2 732.0 0.00 0 0.0 34.2 24.1 24.4 3.626  -40.8   26.0    2.4  15   -2.7   5 0 0 1 1 2 0 19.2 19.7 19.3 19.7 80.0 100 100 20 408 0 142 0 401 401 400 0 0 0 60 50 AUTO 0 
b.1 2025-08-15 20:14:13.404 a 2025-08-15-20:14:03 129 009 259 0.1 1.4 3.0 19.0 14.3 731.9 0.00 0 0.0 34.6 24.1 24.4 3.626  -39.0   26.0    2.3  15   -2.5   0 0 0 1 1 2 0 19.2 19.4 19.4 19.6 80.0 100 100 20 408 0 142 0 402 401 400 0 0 0 59 50 AUTO 0 
b.1 2025-08-15 20:15:14.862 a 2025-08-15-20:15:05 131 000 243 0.2 1.4 3.8 19.2 19.1 731.9 0.00 0 0.0 34.7 24.1 24.4 3.626  -39.4   26.1    2.4  15   -2.1   5 0 0 1 1 2 0 19.2 20.7 19.4 20.1 80.0 100 100 20 408 0 142 0 401 401 399 0 0 0 59 50 AUTO 0 
b.1 2025-08-15 20:16:13.163 a 2025-08-15-20:16:03 123 338 235 0.4 1.9 6.5 19.3 19.1 732.0 0.00 0 0.0 34.1 24.1 24.4 3.626  -39.9   26.1    2.4  16   -1.9   0 0 0 1 1 2 0 19.2 21.0 19.4 20.7 80.0 100 100 20 408 0 142 0 401 401 400 0 0 0 59 50 AUTO 0 
b.1 2025-08-15 20:17:11.601 a 2025-08-15-20:17:01 093 319 276 0.7 2.9 4.7 19.3 13.4 732.0 0.00 0 0.0 33.0 24.1 24.4 3.626  -42.1   26.1    2.9  15   -2.4   5 0 0 1 1 2 0 19.2 19.8 19.4 20.1 80.0 100 100 20 408 0 142 0 401 401 400 0 0 0 59 50 AUTO 0 
b.1 2025-08-15 20:18:12.744 a 2025-08-15-20:18:03 285 319 349 1.3 3.3 6.0 19.0 13.6 732.0 0.00 0 0.0 31.7 24.1 24.4 3.626  -42.1   26.1    4.0  15   -2.7   5 0 0 1 1 2 0 19.2 18.0 19.4 18.8 80.0 100 100 20 408 0 142 0 402 401 400 0 0 0 59 50 AUTO 0 
b.1 2025-08-15 20:19:13.703 a 2025-08-15-20:19:03 289 314 346 0.9 3.3 5.8 18.8 12.3 732.0 0.00 0 0.0 30.3 24.1 24.4 3.627  -40.9   26.1    5.1  15   -2.9   5 0 0 1 1 2 0 19.2 16.5 19.4 16.9 80.0 100 100 20 408 0 142 0 401 401 399 0 0 0 59 50 AUTO 0 
b.1 2025-08-15 20:20:15.960 a 2025-08-15-20:20:06 286 018 294 0.1 1.3 3.5 18.4 13.6 732.0 0.00 0 0.0 31.0 24.1 24.4 3.624  -38.2   26.1    2.9  14   -3.3   0 0 0 1 1 2 0 19.2 16.1 19.4 16.1 80.0 100 100 20 408 0 142 0 401 401 399 0 0 0 59 50 AUTO 0 
b.1 2025-08-15 20:21:13.486 a 2025-08-15-20:21:03 109 333 122 0.3 2.6 6.8 18.3 14.5 731.9 0.00 0 0.0 30.7 24.1 24.5 3.626  -42.6   26.0    3.6  14   -3.3   5 0 0 1 1 2 0 19.2 15.9 19.4 15.8 80.0 100 100 20 408 0 142 0 401 401 400 0 0 0 59 50 AUTO 0 
b.1 2025-08-15 20:22:14.759 a 2025-08-15-20:22:04 075 325 208 0.4 2.6 7.3 18.4 13.7 731.9 0.00 0 0.0 30.4 24.1 24.4 3.626  -41.3   25.9    3.8  14   -3.5   5 0 0 1 1 2 0 19.2 15.4 19.4 15.5 80.0 100 100 20 408 0 142 0 401 401 400 0 0 0 59 50 AUTO 0 
b.1 2025-08-15 20:23:15.546 a 2025-08-15-20:23:05 102 341 313 0.6 3.8 5.4 18.4 12.4 731.9 0.00 0 0.0 29.6 24.1 24.4 3.626  -42.8   25.8    5.3  14   -3.9   5 0 0 1 1 2 0 19.2 14.8 19.4 15.0 80.0 100 100 20 408 0 142 0 401 401 399 0 0 0 60 50 AUTO 0 
b.1 2025-08-15 20:24:12.184 a 2025-08-15-20:24:02 056 350 198 0.0 2.1 4.8 18.1 14.7 731.9 0.00 0 0.0 29.9 24.1 24.4 3.626  -40.5   25.7    3.8  14   -3.9   5 0 0 1 1 2 0 19.2 15.9 19.4 15.3 80.0 100 100 20 408 0 142 0 400 401 399 0 0 0 59 50 AUTO 0 
b.1 2025-08-15 20:25:15.888 a 2025-08-15-20:25:06 071 311 252 0.5 2.8 5.5 18.1 13.6 731.9 0.00 0 0.0 29.6 24.1 24.5 3.626  -40.6   25.7    4.4  14   -3.9   5 0 0 1 1 2 0 19.2 15.1 19.4 15.0 80.0 100 100 20 408 0 142 0 402 401 400 0 0 0 60 50 AUTO 0 
b.1 2025-08-15 20:26:11.046 a 2025-08-15-20:26:01 071 327 279 0.2 2.5 5.1 18.1 14.2 731.9 0.00 0 0.0 29.8 24.1 24.4 3.626  -44.1   25.6    4.0  14   -4.0   5 0 0 1 1 2 0 19.2 14.9 19.4 14.9 80.0 100 100 20 408 0 142 0 400 401 400 0 0 0 60 50 AUTO 0 
b.1 2025-08-15 20:27:12.467 a 2025-08-15-20:27:02 114 327 262 0.4 2.4 5.2 18.1 15.3 731.9 0.00 0 0.0 29.8 24.1 24.4 3.626  -41.0   25.6    4.0  14   -3.8   5 0 0 1 1 2 0 19.2 15.2 19.3 14.9 80.0 100 100 20 408 0 142 0 401 401 400 0 0 0 60 50 AUTO 0 
b.1 2025-08-15 20:28:12.128 a 2025-08-15-20:28:02 213 321 348 0.4 2.9 5.9 18.2 15.1 731.9 0.00 0 0.0 29.6 24.1 24.4 3.624  -41.6   25.5    4.6  14   -3.8   5 0 0 1 1 2 0 19.2 15.1 19.3 15.1 80.0 100 100 20 408 0 142 0 401 401 399 0 0 0 59 50 AUTO 0 
b.1 2025-08-15 20:29:14.563 a 2025-08-15-20:29:04 103 346 181 0.1 0.8 2.0 18.2 17.4 731.9 0.00 0 0.0 30.6 24.1 24.4 3.633  -37.5   25.4    2.6  15   -3.5   0 0 0 1 1 2 0 19.2 15.9 19.3 15.2 80.0 100 100 20 408 0 140 0 401 401 400 0 0 0 60 50 AUTO 0 
b.1 2025-08-15 20:30:14.003 a 2025-08-15-20:30:04 175 350 355 0.1 1.1 3.8 18.5 18.1 731.9 0.00 0 0.0 32.0 24.1 24.4 3.627  -40.2   25.4    2.4  15   -2.8   5 0 0 1 1 2 0 19.2 17.6 19.3 15.8 80.0 100 100 20 408 0 142 0 401 401 400 0 0 0 59 50 AUTO 0 
b.1 2025-08-15 20:31:13.844 a 2025-08-15-20:31:04 092 320 291 0.7 2.7 4.2 18.6 14.1 731.9 0.00 0 0.0 31.3 24.1 24.4 3.626  -39.9   25.4    3.0  15   -3.1   0 0 0 1 1 2 0 19.2 17.2 19.3 17.1 80.0 100 100 20 408 0 142 0 401 401 399 0 0 0 59 50 AUTO 0 
b.1 2025-08-15 20:32:14.207 a 2025-08-15-20:32:04 094 322 262 0.2 1.3 3.2 18.5 15.1 731.9 0.00 0 0.0 31.8 24.1 24.4 3.629  -38.5   25.5    2.5  15   -3.3   0 0 0 1 1 2 0 19.2 16.3 19.3 16.5 80.0 100 100 20 408 0 142 0 401 401 400 0 0 0 59 50 AUTO 0 
b.1 2025-08-15 20:33:13.989 a 2025-08-15-20:33:04 042 322 287 0.7 2.5 4.0 18.4 14.2 731.9 0.00 0 0.0 31.5 24.1 24.4 3.626  -38.4   25.5    3.1  15   -3.4   5 0 0 1 1 2 0 19.2 16.0 19.3 16.0 80.0 100 100 20 408 0 142 0 401 401 399 0 0 0 59 50 AUTO 0 
b.1 2025-08-15 20:34:12.630 a 2025-08-15-20:34:02 268 304 358 1.4 2.5 4.4 18.2 15.7 731.9 0.00 0 0.0 30.9 24.1 24.4 3.633  -40.0   25.5    3.4  15   -3.4   0 0 0 1 1 2 0 19.1 15.7 19.3 15.7 80.0 100 100 20 408 0 142 0 402 401 400 0 0 0 60 50 AUTO 0 
b.1 2025-08-15 20:35:14.744 a 2025-08-15-20:35:04 111 009 288 0.1 1.8 3.2 18.1 19.1 731.9 0.00 0 0.0 31.2 24.1 24.4 3.627  -37.9   25.5    3.2  15   -3.1   0 0 0 1 1 2 0 19.1 16.6 19.3 16.0 80.0 100 100 20 408 0 142 0 401 401 399 0 0 0 59 50 AUTO 0 
b.1 2025-08-15 20:36:14.226 a 2025-08-15-20:36:04 056 214 274 0.1 0.9 2.3 18.1 19.3 731.9 0.00 0 0.0 32.2 24.1 24.4 3.627  -42.0   25.5    2.4  15   -2.8   5 0 0 1 1 2 0 19.1 17.1 19.3 16.6 80.0 100 100 20 408 0 142 0 401 401 399 0 0 0 59 50 AUTO 0 
b.1 2025-08-15 20:37:12.447 a 2025-08-15-20:37:02 166 327 196 0.1 1.2 3.6 18.3 19.1 731.9 0.00 0 0.0 32.2 24.1 24.4 3.624  -37.3   25.5    2.5  16   -2.5   0 0 0 1 1 2 0 19.2 18.6 19.3 17.5 80.0 100 100 20 408 0 142 0 401 401 399 0 0 0 60 50 AUTO 0 
b.1 2025-08-15 20:38:13.046 a 2025-08-15-20:38:03 315 282 330 0.1 1.8 5.1 18.4 16.9 731.9 0.00 0 0.0 31.8 24.1 24.4 3.626  -37.3   25.6    2.6  16   -2.4   0 0 0 1 1 2 0 19.2 19.6 19.3 18.7 80.0 100 100 20 408 0 142 0 400 401 399 0 0 0 60 50 AUTO 0 
b.1 2025-08-15 20:39:12.052 a 2025-08-15-20:39:02 104 326 278 0.2 1.6 3.3 18.6 17.9 731.9 0.00 0 0.0 32.2 24.1 24.4 3.631  -38.0   25.6    2.4  16   -2.3   0 0 0 1 1 2 0 19.2 19.9 19.3 19.3 80.0 100 100 20 408 0 142 0 401 401 400 0 0 0 60 50 AUTO 0 
b.1 2025-08-15 20:40:15.092 a 2025-08-15-20:40:05 102 310 238 0.4 2.3 5.3 18.7 17.7 731.9 0.00 0 0.0 31.6 24.1 24.4 3.627  -38.3   25.5    2.8  16   -2.3   0 0 0 1 1 2 0 19.2 19.4 19.4 19.5 80.0 100 100 20 408 0 142 0 400 401 399 0 0 0 59 50 AUTO 0 
b.1 2025-08-15 20:41:13.029 a 2025-08-15-20:41:03 075 325 119 0.2 1.6 4.1 18.9 16.7 731.9 0.00 0 0.0 31.9 24.1 24.4 3.624  -38.6   25.5    2.5  16   -2.5   5 0 0 1 1 2 0 19.3 18.8 19.4 19.0 80.0 100 100 20 408 0 142 0 402 401 399 0 0 0 60 50 AUTO 0 
b.1 2025-08-15 20:42:11.993 a 2025-08-15-20:42:02 279 306 338 1.1 3.7 6.0 18.8 16.5 731.9 0.00 0 0.0 30.2 24.1 24.4 3.635  -43.8   25.5    4.2  16   -2.5   5 0 0 1 1 2 0 19.3 18.3 19.4 18.1 80.0 100 100 20 408 0 142 0 401 401 400 0 0 0 59 50 AUTO 0 
b.1 2025-08-15 20:43:14.150 a 2025-08-15-20:43:04 094 305 277 0.6 3.6 6.1 18.7 16.2 731.9 0.00 0 0.0 29.2 24.1 24.5 3.626  -39.1   25.5    5.6  15   -2.6   5 0 0 1 1 2 0 19.3 17.8 19.5 17.7 80.0 100 100 20 408 0 142 0 401 401 399 0 0 0 60 50 AUTO 0 
b.1 2025-08-15 20:44:13.111 a 2025-08-15-20:44:03 065 307 225 0.4 2.7 4.5 18.3 16.5 731.8 0.00 0 0.0 29.0 24.1 24.4 3.627  -39.1   25.5    5.1  15   -2.7   0 0 0 1 1 2 0 19.3 17.4 19.5 17.3 80.0 100 100 20 408 0 142 0 401 401 400 0 0 0 59 50 AUTO 0 
b.1 2025-08-15 20:45:14.709 a 2025-08-15-20:45:04 034 308 094 0.3 2.5 5.5 18.1 16.7 731.9 0.00 0 0.0 29.1 24.1 24.4 3.633  -39.5   25.4    4.3  15   -2.6   0 0 0 1 1 2 0 19.3 17.3 19.5 17.2 80.0 100 100 20 408 0 142 0 401 401 400 0 0 0 59 50 AUTO 0 
b.1 2025-08-15 20:46:13.910 a 2025-08-15-20:46:04 009 329 294 0.6 2.9 5.0 17.9 17.3 731.9 0.00 0 0.0 29.4 24.1 24.4 3.626  -41.8   25.4    4.6  15   -2.7   5 0 0 1 1 2 0 19.3 17.6 19.5 17.3 80.0 100 100 20 408 0 142 0 401 401 399 0 0 0 60 50 AUTO 0 
b.1 2025-08-15 20:47:13.509 a 2025-08-15-20:47:03 001 329 292 2.0 3.9 5.9 17.9 17.3 731.8 0.00 0 0.0 28.8 24.1 24.4 3.626  -41.1   25.3    5.9  15   -2.7   5 0 0 1 1 2 0 19.3 17.8 19.4 17.5 80.0 100 100 20 408 0 142 0 401 401 399 0 0 0 60 50 AUTO 0 
b.1 2025-08-15 20:48:13.128 a 2025-08-15-20:48:03 068 332 261 0.2 2.7 5.7 17.8 16.6 731.8 0.00 0 0.0 28.6 24.1 24.4 3.627  -40.2   25.3    4.9  15   -2.9   5 0 0 1 1 2 0 19.3 17.4 19.5 17.4 80.0 100 100 20 408 0 142 0 402 401 400 0 0 0 59 50 AUTO 0 
b.1 2025-08-15 20:49:12.269 a 2025-08-15-20:49:02 296 326 349 0.4 4.0 6.9 17.8 15.9 731.8 0.00 0 0.0 28.2 24.1 24.4 3.627  -40.1   25.2    7.1  15   -3.0   5 0 0 1 1 2 0 19.3 17.0 19.5 16.9 80.0 100 100 20 408 0 142 0 401 401 400 0 0 0 59 50 AUTO 0 
b.1 2025-08-15 20:50:15.130 a 2025-08-15-20:50:05 099 331 281 0.3 2.6 5.4 17.6 16.8 731.8 0.00 0 0.0 28.5 24.1 24.4 3.627  -39.4   25.2    4.7  15   -3.0   5 0 0 1 1 2 0 19.3 16.9 19.5 16.7 80.0 100 99 20 408 -4 142 0 402 401 400 0 0 0 59 50 AUTO 0 
b.1 2025-08-15 20:51:13.874 a 2025-08-15-20:51:04 113 334 187 0.2 1.7 4.2 17.7 17.4 731.8 0.00 0 0.0 29.6 24.1 24.5 3.626  -38.0   25.1    3.1  15   -2.9   5 0 0 1 1 2 0 19.3 17.3 19.4 16.9 80.0 100 99 20 408 0 142 0 401 401 400 0 0 0 59 50 AUTO 0 
b.1 2025-08-15 20:52:12.414 a 2025-08-15-20:52:02 033 334 299 0.5 2.2 4.3 18.0 18.7 731.9 0.00 0 0.0 30.5 24.1 24.4 3.626  -41.5   25.1    3.0  16   -2.7   5 0 0 1 1 2 0 19.3 17.9 19.4 17.3 80.0 100 100 20 408 0 142 0 400 401 399 0 0 0 59 50 AUTO 0 
b.1 2025-08-15 20:53:12.411 a 2025-08-15-20:53:02 073 325 195 0.2 2.7 4.8 18.2 17.7 731.8 0.00 0 0.0 30.1 24.1 24.4 3.627  -37.9   25.1    3.7  16   -2.6   5 0 0 1 1 2 0 19.3 18.1 19.4 17.7 80.0 100 100 20 408 0 142 0 401 401 400 0 0 0 60 50 AUTO 0 
b.1 2025-08-15 20:54:12.630 a 2025-08-15-20:54:02 085 316 277 0.2 2.9 5.5 18.2 16.5 731.8 0.00 0 0.0 29.7 24.1 24.4 3.627  -38.0   25.2    3.8  16   -2.6   5 0 0 1 1 2 0 19.3 18.1 19.4 18.1 80.0 100 100 20 408 0 142 0 401 401 400 0 0 0 60 50 AUTO 0 
b.1 2025-08-15 20:55:11.355 a 2025-08-15-20:55:01 130 003 146 0.2 1.9 4.4 18.3 22.4 731.9 0.00 0 0.0 30.2 24.1 24.4 3.634  -41.3   25.2    3.1  16   -2.3   0 0 0 1 1 2 0 19.3 19.4 19.4 18.8 80.0 100 100 20 408 0 142 0 401 401 400 0 0 0 60 50 AUTO 0 
b.1 2025-08-15 20:56:14.575 a 2025-08-15-20:56:04 118 348 000 0.2 2.6 5.8 18.3 20.7 731.9 0.00 0 0.0 30.1 24.1 24.4 3.627  -40.1   25.2    3.2  17   -1.8   0 0 0 1 1 2 0 19.3 19.6 19.5 19.4 80.0 100 100 20 408 0 142 0 402 401 400 0 0 0 59 50 AUTO 0 
b.1 2025-08-15 20:57:13.875 a 2025-08-15-20:57:04 010 329 295 2.0 3.7 6.3 18.2 18.4 731.9 0.00 0 0.0 29.6 24.1 24.4 3.627  -41.5   25.1    4.9  17   -2.0   5 0 0 1 1 2 0 19.3 19.4 19.5 19.2 80.0 100 100 20 408 0 142 0 402 401 400 0 0 0 60 50 AUTO 0 
b.1 2025-08-15 20:58:14.413 a 2025-08-15-20:58:04 075 323 143 0.3 2.8 6.6 18.0 19.6 731.8 0.00 0 0.0 28.8 24.1 24.4 3.628  -38.1   25.1    4.2  17   -1.9   5 0 0 1 1 2 0 19.2 19.2 19.5 19.0 80.0 100 100 20 408 0 142 0 401 401 399 0 0 0 60 50 AUTO 0 
b.1 2025-08-15 20:59:12.072 a 2025-08-15-20:59:02 033 339 143 0.2 1.6 4.0 18.0 19.6 731.8 0.00 0 0.0 29.9 24.1 24.4 3.626  -40.9   25.1    3.1  17   -1.8   5 0 0 1 1 2 0 19.2 19.2 19.5 19.1 80.0 100 100 20 408 0 142 0 400 401 399 0 0 0 59 50 AUTO 0 
b.1 2025-08-15 21:00:17.953 a 2025-08-15-21:00:08 022 323 275 0.3 2.6 4.3 18.0 17.7 731.8 0.00 0 0.0 29.6 24.1 24.4 3.627  -38.9   25.0    3.6  17   -2.0   5 0 0 1 1 2 0 19.2 19.4 19.5 19.5 80.0 100 100 20 408 0 142 0 400 401 400 0 0 0 60 50 AUTO 0 
b.1 2025-08-15 21:01:11.112 a 2025-08-15-21:01:01 047 320 279 0.4 1.9 3.5 17.8 18.3 731.8 0.00 0 0.0 30.0 24.1 24.4 3.632  -37.6   25.0    3.3  17   -2.1   5 0 0 1 1 2 0 19.2 19.2 19.5 19.0 80.0 100 100 20 408 0 142 0 401 401 399 0 0 0 60 50 AUTO 0 
b.1 2025-08-15 21:02:13.058 a 2025-08-15-21:02:03 054 313 276 0.4 2.2 3.1 17.7 18.6 731.8 0.00 0 0.0 30.2 24.1 24.4 3.627  -36.6   25.0    3.2  16   -2.1   0 0 0 1 1 2 0 19.2 18.9 19.4 18.8 80.0 100 100 20 408 0 142 0 401 401 399 0 0 0 60 50 AUTO 0 
b.1 2025-08-15 21:03:13.552 a 2025-08-15-21:03:03 080 296 103 0.1 1.0 3.1 17.7 19.7 731.8 0.00 0 0.0 30.9 24.1 24.4 3.627  -36.6   25.1    2.4  17   -1.9   0 0 0 1 1 2 0 19.2 19.0 19.4 18.8 80.0 100 100 20 408 0 142 0 402 401 400 0 0 0 59 50 AUTO 0 
b.1 2025-08-15 21:04:15.137 a 2025-08-15-21:04:05 104 334 180 0.1 1.2 3.2 17.9 21.7 731.8 0.00 0 0.0 32.0 24.1 24.4 3.633  -36.3   25.0    2.3  18   -1.3   0 0 0 1 1 2 0 19.2 19.2 19.4 19.0 80.0 100 100 20 408 0 142 0 401 401 399 0 0 0 59 50 AUTO 0 
b.1 2025-08-15 21:05:14.095 a 2025-08-15-21:05:04 036 318 266 0.2 3.2 6.4 18.3 19.8 731.8 0.00 0 0.0 31.1 24.1 24.4 3.627  -44.2   25.0    3.0  17   -1.4   5 0 0 1 1 2 0 19.2 20.1 19.5 19.7 80.0 100 100 20 408 0 142 0 401 402 399 0 0 0 59 50 AUTO 0 
b.1 2025-08-15 21:06:12.959 a 2025-08-15-21:06:03 282 316 353 1.6 3.5 6.1 18.2 19.9 731.8 0.00 0 0.0 29.7 24.1 24.4 3.634  -37.5   25.0    4.2  17   -1.4   5 0 0 1 1 2 0 19.2 20.1 19.5 19.9 80.0 100 100 20 408 0 142 0 401 401 399 0 0 0 59 50 AUTO 0 
b.1 2025-08-15 21:07:13.996 a 2025-08-15-21:07:04 068 324 268 0.5 2.5 5.3 18.2 19.9 731.8 0.00 0 0.0 29.7 24.1 24.4 3.633  -37.9   25.0    3.7  17   -1.4   5 0 0 1 1 2 0 19.3 20.1 19.5 19.9 80.0 100 100 20 408 0 142 0 402 401 400 0 0 0 60 50 AUTO 0 
b.1 2025-08-15 21:08:12.678 a 2025-08-15-21:08:02 110 322 281 0.4 2.7 4.5 18.1 19.9 731.8 0.00 0 0.0 29.6 24.1 24.4 3.626  -40.0   25.0    4.0  17   -1.5   5 0 0 1 1 2 0 19.3 20.0 19.5 19.9 80.0 100 100 20 408 0 142 0 401 401 400 0 0 0 60 50 AUTO 0 
b.1 2025-08-15 21:09:13.634 a 2025-08-15-21:09:03 012 298 154 0.2 2.3 4.0 18.1 18.8 731.8 0.00 0 0.0 29.2 24.1 24.4 3.627  -37.2   25.0    4.0  17   -1.7   5 0 0 1 1 2 0 19.3 19.7 19.5 19.5 80.0 100 100 20 408 0 142 0 400 401 399 0 0 0 60 50 AUTO 0 
b.1 2025-08-15 21:10:13.078 a 2025-08-15-21:10:03 067 312 116 0.3 1.8 4.3 17.9 19.4 731.8 0.00 0 0.0 29.7 24.1 24.4 3.627  -40.0   25.0    3.1  17   -1.7   5 0 0 1 1 2 0 19.2 19.5 19.4 19.4 80.0 100 100 20 408 0 142 0 401 402 400 0 0 0 60 50 AUTO 0 
b.1 2025-08-15 21:11:14.641 a 2025-08-15-21:11:04 100 307 186 0.3 2.9 4.8 17.8 19.5 731.8 0.00 0 0.0 29.5 24.1 24.4 3.627  -38.7   25.0    3.7  17   -1.6   5 0 0 1 1 2 0 19.2 19.5 19.5 19.4 80.0 100 100 20 408 0 142 0 401 401 399 0 0 0 60 50 AUTO 0 
b.1 2025-08-15 21:12:13.456 a 2025-08-15-21:12:03 083 318 155 0.1 2.2 5.2 17.9 19.4 731.8 0.00 0 0.0 29.2 24.1 24.4 3.626  -36.7   25.0    3.3  17   -1.5   0 0 0 1 1 2 0 19.3 19.5 19.5 19.3 80.0 100 100 20 408 0 142 0 400 401 399 0 0 0 59 50 AUTO 0 
b.1 2025-08-15 21:13:14.799 a 2025-08-15-21:13:05 043 313 245 0.3 2.0 4.1 18.0 19.4 731.8 0.00 0 0.0 30.0 24.1 24.4 3.626  -39.2   24.9    3.0  17   -1.5   5 0 0 1 1 2 0 19.3 19.4 19.5 19.3 80.0 100 100 20 408 0 142 0 401 401 400 0 0 0 59 50 AUTO 0 
b.1 2025-08-15 21:14:12.677 a 2025-08-15-21:14:02 092 312 105 0.2 1.7 3.9 18.2 19.4 731.8 0.00 0 0.0 30.4 24.1 24.4 3.626  -36.8   24.9    2.7  17   -1.6   0 0 0 1 1 2 0 19.3 19.4 19.5 19.3 80.0 100 100 20 408 0 142 0 401 402 399 0 0 0 59 50 AUTO 0 
b.1 2025-08-15 21:15:15.076 a 2025-08-15-21:15:05 081 331 286 0.4 2.9 5.6 18.3 18.4 731.8 0.00 0 0.0 30.2 24.1 24.4 3.626  -37.6   24.9    3.1  17   -1.6   5 0 0 1 1 2 0 19.3 19.3 19.5 19.2 80.0 100 100 20 408 0 142 0 401 401 400 0 0 0 60 50 AUTO 0 
b.1 2025-08-15 21:16:13.019 a 2025-08-15-21:16:03 004 338 304 0.3 2.8 5.8 18.3 18.2 731.8 0.00 0 0.0 30.0 24.1 24.4 3.626  -37.7   24.9    3.3  17   -1.7   5 0 0 1 1 2 0 19.3 19.0 19.5 19.0 80.0 100 100 20 408 0 142 0 400 401 399 0 0 0 59 50 AUTO 0 
b.1 2025-08-15 21:17:14.539 a 2025-08-15-21:17:04 092 335 194 0.1 1.7 3.9 18.1 18.7 731.8 0.00 0 0.0 30.3 24.1 24.4 3.626  -36.9   24.9    2.8  17   -1.6   5 0 0 1 1 2 0 19.3 19.2 19.5 19.0 80.0 100 100 20 408 0 142 0 401 401 400 0 0 0 60 50 AUTO 0 
b.1 2025-08-15 21:18:14.157 a 2025-08-15-21:18:04 123 340 194 0.2 3.2 6.9 18.1 20.9 731.8 0.00 0 0.0 30.4 24.1 24.4 3.627  -44.1   24.9    3.6  17   -1.6   5 0 0 1 1 2 0 19.3 20.0 19.5 19.6 80.0 100 100 20 408 0 142 0 401 401 399 0 0 0 59 50 AUTO 0 
b.1 2025-08-15 21:19:15.020 a 2025-08-15-21:19:05 161 322 357 0.1 2.9 5.3 18.0 18.5 731.8 0.00 0 0.0 29.5 24.1 24.4 3.627  -40.2   24.9    4.0  17   -1.7   5 0 0 1 1 2 0 19.3 19.4 19.5 19.4 80.0 100 100 20 408 0 142 0 401 402 399 0 0 0 60 50 AUTO 0 
b.1 2025-08-15 21:20:12.979 a 2025-08-15-21:20:03 279 316 351 0.7 3.3 5.2 17.7 18.9 731.8 0.00 0 0.0 29.2 24.1 24.5 3.628  -40.7   24.9    4.6  17   -1.7   5 0 0 1 1 2 0 19.3 19.4 19.4 19.3 80.0 100 100 20 408 0 142 0 402 401 400 0 0 0 60 50 AUTO 0 
b.1 2025-08-15 21:21:13.799 a 2025-08-15-21:21:03 003 331 302 0.7 3.7 6.2 17.7 19.0 731.7 0.00 0 0.0 28.7 24.1 24.4 3.627  -44.4   24.9    5.3  17   -1.7   5 0 0 1 1 2 0 19.3 19.2 19.5 19.1 80.0 100 100 20 408 0 142 0 401 401 400 0 0 0 60 50 AUTO 0 
b.1 2025-08-15 21:22:16.125 a 2025-08-15-21:22:06 016 322 275 1.4 4.0 5.9 17.7 19.6 731.7 0.00 0 0.0 28.0 24.1 24.4 3.626  -39.6   24.8    6.3  17   -1.7   5 0 0 1 1 2 0 19.2 19.2 19.5 19.1 80.0 100 100 20 408 0 142 0 401 401 399 0 0 0 59 50 AUTO 0 
b.1 2025-08-15 21:23:12.420 a 2025-08-15-21:23:02 074 327 262 0.4 2.7 5.5 17.6 20.8 731.7 0.00 0 0.0 28.4 24.1 24.4 3.633  -39.2   24.8    4.3  17   -1.6   5 0 0 1 1 2 0 19.2 19.2 19.4 19.1 80.0 100 100 20 408 0 142 0 401 401 400 0 0 0 59 50 AUTO 0 
b.1 2025-08-15 21:24:13.661 a 2025-08-15-21:24:03 015 321 235 0.6 3.0 4.9 17.6 20.3 731.7 0.00 0 0.0 28.6 24.1 24.4 3.626  -38.1   24.8    4.6  17   -1.6   5 0 0 1 1 2 0 19.2 19.3 19.4 19.2 80.0 100 100 20 408 0 142 0 400 401 399 0 0 0 59 50 AUTO 0 
b.1 2025-08-15 21:25:14.542 a 2025-08-15-21:25:04 091 341 232 0.4 3.5 5.3 17.7 20.9 731.7 0.00 0 0.0 28.3 24.1 24.4 3.627  -39.2   24.8    5.5  18   -1.3   5 0 0 1 1 2 0 19.2 19.7 19.4 19.6 80.0 100 100 20 408 0 142 0 400 402 399 0 0 0 59 50 AUTO 0 
b.1 2025-08-15 21:26:14.244 a 2025-08-15-21:26:04 108 348 261 0.1 1.5 5.3 17.6 21.8 731.7 0.00 0 0.0 29.1 24.1 24.4 3.633  -38.0   24.7    3.2  18   -1.2   0 0 0 1 1 2 0 19.2 20.5 19.4 20.0 80.0 100 100 20 408 0 141 0 401 401 400 0 0 0 60 50 AUTO 0 
b.1 2025-08-15 21:27:13.063 a 2025-08-15-21:27:03 261 321 000 0.7 4.9 7.0 17.6 20.7 731.7 0.00 0 0.0 27.7 24.1 24.4 3.626  -39.4   24.7    6.7  18   -1.3   5 0 0 1 1 2 0 19.2 20.4 19.4 20.2 80.0 100 100 20 408 0 142 0 401 401 399 0 0 0 60 50 AUTO 0 
b.1 2025-08-15 21:28:13.601 a 2025-08-15-21:28:03 099 318 176 0.5 3.7 5.8 17.5 21.6 731.7 0.00 0 0.0 27.4 24.1 24.4 3.626  -40.9   24.6    7.0  18   -1.2   5 0 0 1 1 2 0 19.2 20.4 19.4 20.3 80.0 100 100 20 408 0 142 0 402 401 400 0 0 0 59 50 AUTO 0 
b.1 2025-08-15 21:29:12.322 a 2025-08-15-21:29:02 085 320 254 0.7 2.8 4.5 17.3 21.4 731.7 0.00 0 0.0 27.3 24.1 24.4 3.626  -38.2   24.5    5.3  18   -1.3   5 0 0 1 1 2 0 19.2 20.5 19.4 20.4 80.0 100 100 20 408 0 142 0 402 401 400 0 0 0 59 50 AUTO 0 
b.1 2025-08-15 21:30:15.743 a 2025-08-15-21:30:05 069 343 258 0.3 3.1 6.8 17.3 21.0 731.7 0.00 0 0.0 27.6 24.1 24.4 3.626  -36.8   24.5    4.6  18   -1.2   5 0 0 1 1 2 0 19.1 20.7 19.3 20.6 80.0 100 100 20 408 0 142 0 401 401 399 0 0 0 60 50 AUTO 0 
b.1 2025-08-15 21:31:12.903 a 2025-08-15-21:31:03 076 345 258 0.7 3.5 5.6 17.3 21.5 731.7 0.00 0 0.0 27.7 24.1 24.4 3.627  -40.5   24.4    5.5  18   -1.2   5 0 0 1 1 2 0 19.1 20.9 19.3 20.7 80.0 100 100 20 408 0 142 0 401 401 400 0 0 0 59 50 AUTO 0 
b.1 2025-08-15 21:32:11.167 a 2025-08-15-21:32:01 035 342 309 1.0 3.5 5.6 17.2 21.9 731.7 0.00 0 0.0 27.7 24.1 24.4 3.626  -39.5   24.4    5.9  18   -1.2   5 0 0 1 1 2 0 19.0 20.9 19.2 20.8 80.0 100 100 20 408 0 142 0 401 401 399 0 0 0 60 50 AUTO 0 
b.1 2025-08-15 21:33:14.404 a 2025-08-15-21:33:04 122 330 297 0.5 3.0 5.2 17.0 21.6 731.7 0.00 0 0.0 27.7 24.1 24.4 3.627  -38.1   24.4    4.7  18   -1.2   5 0 0 1 1 2 0 19.0 21.0 19.2 20.9 80.0 100 100 20 408 0 142 0 401 401 399 0 0 0 60 50 AUTO 0 
b.1 2025-08-15 21:34:13.107 a 2025-08-15-21:34:03 141 326 226 0.4 2.5 5.2 17.2 23.0 731.7 0.00 0 0.0 28.1 24.1 24.4 3.627  -36.9   24.3    4.0  19   -1.1   5 0 0 1 1 2 0 19.0 21.1 19.2 20.9 80.0 100 100 20 408 0 142 0 401 401 400 0 0 0 59 50 AUTO 0 
b.1 2025-08-15 21:35:14.703 a 2025-08-15-21:35:04 088 328 090 0.1 0.8 3.1 17.5 25.7 731.7 0.00 0 0.0 29.6 24.1 24.4 3.626  -35.4   24.3    2.5  19   -0.5   0 0 0 1 1 2 0 19.0 22.8 19.2 22.3 80.0 100 100 20 408 0 142 0 401 401 399 0 0 0 59 50 AUTO 0 
b.1 2025-08-15 21:36:13.006 a 2025-08-15-21:36:03 136 000 228 0.1 1.0 3.6 17.8 26.4 731.7 0.00 0 0.0 30.8 24.1 24.4 3.626  -34.6   24.3    2.2  20    0.0   0 0 0 1 1 2 0 19.1 23.7 19.2 23.0 80.0 100 100 20 408 0 142 0 402 401 400 0 0 0 60 50 AUTO 0 
b.1 2025-08-15 21:37:12.805 a 2025-08-15-21:37:02 130 350 205 0.2 1.0 2.6 18.3 25.6 731.7 0.00 0 0.0 32.2 24.1 24.4 3.626  -35.5   24.4    2.2  21    0.5   0 0 0 1 1 2 0 19.1 24.5 19.3 23.7 80.0 100 100 20 408 0 142 0 401 401 400 0 0 0 60 50 AUTO 0 
b.1 2025-08-15 21:38:13.025 a 2025-08-15-21:38:03 099 333 220 0.1 2.2 4.3 18.6 20.5 731.7 0.00 0 0.0 32.5 24.1 24.4 3.632  -37.8   24.5    2.3  20    0.4   0 0 0 1 1 2 0 19.1 23.9 19.3 23.8 80.0 100 100 20 408 0 142 0 400 401 399 0 0 0 59 50 AUTO 0 
b.1 2025-08-15 21:39:15.229 a 2025-08-15-21:39:05 080 320 241 0.4 3.0 5.1 18.6 19.5 731.7 0.00 0 0.0 31.1 24.1 24.4 3.633  -38.4   24.6    2.9  20   -0.1   5 0 0 1 1 2 0 19.1 22.8 19.3 22.8 80.0 100 100 20 408 0 142 0 401 401 400 0 0 0 59 50 AUTO 0 
b.1 2025-08-15 21:40:15.565 a 2025-08-15-21:40:05 095 302 270 0.2 1.7 3.6 18.6 19.6 731.8 0.00 0 0.0 30.8 24.1 24.4 3.633  -37.0   24.6    2.7  19   -0.3   0 0 0 1 1 2 0 19.1 22.2 19.3 22.2 80.0 100 100 20 408 0 142 0 402 401 400 0 0 0 59 50 AUTO 0 
b.1 2025-08-15 21:41:14.069 a 2025-08-15-21:41:04 223 310 351 0.3 2.2 4.9 18.3 20.2 731.7 0.00 0 0.0 30.5 24.1 24.4 3.627  -38.7   24.6    2.7  19   -0.5   0 0 0 1 1 2 0 19.1 22.0 19.3 21.9 80.0 100 100 20 408 0 142 0 401 401 399 0 0 0 60 50 AUTO 0 
b.1 2025-08-15 21:42:14.046 a 2025-08-15-21:42:04 082 330 266 0.1 1.7 4.0 17.9 20.3 731.7 0.00 0 0.0 30.5 24.1 24.4 3.632  -36.3   24.7    2.5  19   -0.5   0 0 0 1 1 2 0 19.1 21.7 19.3 21.7 80.0 100 100 20 408 0 142 0 401 401 400 0 0 0 60 50 AUTO 0 
b.1 2025-08-15 21:43:12.407 a 2025-08-15-21:43:02 082 332 228 0.2 2.3 5.4 17.9 20.3 731.7 0.00 0 0.0 30.7 24.1 24.4 3.626  -37.0   24.7    2.8  19   -0.6   0 0 0 1 1 2 0 19.1 21.3 19.3 21.4 80.0 100 100 20 408 0 142 0 401 401 400 0 0 0 60 50 AUTO 0 
b.1 2025-08-15 21:44:13.884 a 2025-08-15-21:44:04 277 308 347 0.5 3.1 5.1 18.0 19.6 731.7 0.00 0 0.0 29.9 24.1 24.4 3.626  -38.5   24.7    3.6  19   -0.7   5 0 0 1 1 2 0 19.1 20.8 19.3 20.7 80.0 100 100 20 408 0 142 0 401 401 400 0 0 0 60 50 AUTO 0 
b.1 2025-08-15 21:45:13.825 a 2025-08-15-21:45:03 096 312 254 0.3 2.4 3.6 18.0 19.2 731.7 0.00 0 0.0 29.5 24.1 24.4 3.626  -36.2   24.8    3.7  19   -0.7   0 0 0 1 1 2 0 19.1 20.3 19.3 20.2 80.0 100 100 20 408 0 142 0 401 401 400 0 0 0 60 50 AUTO 0 
b.1 2025-08-15 21:46:15.625 a 2025-08-15-21:46:05 075 298 130 0.1 1.6 3.7 18.0 20.1 731.7 0.00 0 0.0 29.9 24.1 24.4 3.624  -36.8   24.8    2.9  18   -0.8   0 0 0 1 1 2 0 19.1 20.4 19.3 20.2 80.0 100 100 20 408 0 142 0 401 401 400 0 0 0 59 50 AUTO 0 
b.1 2025-08-15 21:47:12.549 a 2025-08-15-21:47:02 113 319 326 0.1 1.2 3.6 18.1 20.2 731.7 0.00 0 0.0 30.6 24.1 24.4 3.627  -35.6   24.8    2.4  19   -0.6   0 0 0 1 1 2 0 19.1 20.6 19.3 20.2 80.0 100 100 20 408 0 142 0 401 401 399 0 0 0 60 50 AUTO 0 
b.1 2025-08-15 21:48:14.529 a 2025-08-15-21:48:04 103 290 295 0.2 1.8 5.1 18.3 20.8 731.7 0.00 0 0.0 30.6 24.1 24.4 3.626  -37.9   24.8    2.5  19   -0.1   5 0 0 1 1 2 0 19.2 20.7 19.3 20.7 80.0 100 100 20 408 0 140 0 401 401 400 0 0 0 59 50 AUTO 0 
b.1 2025-08-15 21:49:13.812 a 2025-08-15-21:49:04 021 326 254 0.5 3.5 5.6 18.5 22.0 731.7 0.00 0 0.0 30.0 24.1 24.4 3.624  -37.8   24.8    3.0  19   -0.1   5 0 0 1 1 2 0 19.3 21.3 19.4 21.0 80.0 100 100 20 408 0 142 0 401 402 399 0 0 0 59 50 AUTO 0 
b.1 2025-08-15 21:50:15.427 a 2025-08-15-21:50:05 009 331 304 1.0 2.5 4.1 18.5 20.1 731.7 0.00 0 0.0 29.8 24.1 24.4 3.627  -40.6   24.8    3.4  19   -0.3   5 0 0 1 1 2 0 19.3 21.3 19.5 21.2 80.0 100 100 20 408 0 142 0 401 401 399 0 0 0 59 50 AUTO 0 
b.1 2025-08-15 21:51:13.872 a 2025-08-15-21:51:04 043 298 125 0.1 1.2 2.7 18.2 19.8 731.7 0.00 0 0.0 30.2 24.1 24.4 3.626  -37.0   24.8    2.7  19   -0.5   0 0 0 1 1 2 0 19.3 21.0 19.5 21.0 80.0 100 100 20 408 0 142 0 401 401 400 0 0 0 60 50 AUTO 0 
b.1 2025-08-15 21:52:13.530 a 2025-08-15-21:52:03 000 337 258 0.1 0.5 1.4 18.0 24.2 731.7 0.00 0 0.0 31.7 24.1 24.4 3.627  -36.0   24.8    2.2  19   -0.2   0 0 0 1 1 2 0 19.3 21.7 19.4 21.2 80.0 100 100 20 408 0 142 0 401 401 399 0 0 0 59 50 AUTO 0 
b.1 2025-08-15 21:53:14.311 a 2025-08-15-21:53:04 200 206 309 0.0 0.3 1.1 18.0 23.0 731.7 0.00 0 0.0 33.3 24.1 24.4 3.626  -36.1   24.9    0.0  19    0.0   0 0 0 1 1 2 0 19.3 22.6 19.4 21.6 80.0 100 100 20 408 0 142 0 401 401 399 0 0 0 59 50 AUTO 0 
b.1 2025-08-15 21:54:13.052 a 2025-08-15-21:54:03 013 280 062 0.1 0.4 1.6 18.3 23.9 731.7 0.00 0 0.0 34.7 24.1 24.4 3.626  -35.3   24.8    0.0  20    0.0   0 0 0 1 1 2 0 19.3 23.9 19.4 23.4 80.0 100 100 20 408 0 142 0 402 401 400 0 0 0 59 50 AUTO 0 
b.1 2025-08-15 21:55:15.849 a 2025-08-15-21:55:06 104 285 131 0.1 0.6 1.9 18.6 26.2 731.7 0.00 0 0.0 35.4 24.1 24.4 3.626  -34.7   24.9    0.0  21    0.9   0 0 0 1 1 2 0 19.3 24.8 19.4 23.7 80.0 100 100 20 408 0 142 0 401 401 400 0 0 0 59 50 AUTO 0 
b.1 2025-08-15 21:56:12.871 a 2025-08-15-21:56:03 126 043 220 0.1 0.5 1.7 19.0 26.3 731.7 0.00 0 0.0 35.7 24.1 24.4 3.626  -34.8   25.0    0.0  22    1.8   0 0 0 1 1 2 0 19.3 24.7 19.4 24.2 80.0 100 100 20 408 0 142 0 401 401 399 0 0 0 60 50 AUTO 0 
b.1 2025-08-15 21:57:14.392 a 2025-08-15-21:57:04 156 255 264 0.2 1.1 3.1 19.3 26.5 731.7 0.00 0 0.0 36.0 24.1 24.4 3.626  -35.3   25.0    2.1  22    1.8   0 0 0 1 1 2 0 19.3 25.6 19.5 24.8 80.0 100 100 20 408 0 142 0 401 401 399 0 0 0 59 50 AUTO 0 
b.1 2025-08-15 21:58:12.752 a 2025-08-15-21:58:02 201 357 274 0.1 0.7 3.1 19.5 21.7 731.7 0.00 0 0.0 35.9 24.1 24.4 3.632  -35.0   25.1    0.0  21    1.5   0 0 0 1 1 2 0 19.3 25.4 19.5 25.5 80.0 100 100 20 408 0 142 0 401 401 400 0 0 0 59 50 AUTO 0 
b.1 2025-08-15 21:59:15.191 a 2025-08-15-21:59:05 112 051 168 0.1 0.5 1.4 19.7 19.9 731.7 0.00 0 0.0 36.8 24.1 24.4 3.624  -34.8   25.1    0.0  21    1.3   0 0 0 1 1 2 0 19.4 25.2 19.5 25.1 80.0 100 100 20 408 0 142 0 402 401 400 0 0 0 59 50 AUTO 0 
b.1 2025-08-15 22:00:13.877 a 2025-08-15-22:00:04 225 127 287 0.0 0.5 1.5 19.9 21.4 731.7 0.00 0 0.0 37.5 24.1 24.4 3.626  -35.5   25.2    0.0  20    1.0   0 0 0 1 1 2 0 19.4 24.8 19.6 25.2 80.0 100 100 20 408 0 142 0 401 402 399 0 0 0 60 50 AUTO 0 
b.1 2025-08-15 22:01:13.253 a 2025-08-15-22:01:03 157 062 243 0.0 0.7 2.2 20.0 23.0 731.7 0.00 0 0.0 38.0 24.1 24.4 3.628  -36.4   25.3    2.2  21    1.3   0 0 0 1 1 2 0 19.4 25.3 19.6 25.4 80.0 100 100 20 408 0 142 0 401 401 399 0 0 0 60 50 AUTO 0 
b.1 2025-08-15 22:02:13.430 a 2025-08-15-22:02:03 131 049 284 0.1 1.4 2.7 20.0 24.7 731.7 0.00 0 0.0 37.8 24.1 24.4 3.626  -37.6   25.3    2.3  21    1.6   0 0 0 1 1 2 0 19.4 25.8 19.6 25.9 80.0 100 100 20 408 0 142 0 401 401 400 0 0 0 60 50 AUTO 0 
b.1 2025-08-15 22:03:13.173 a 2025-08-15-22:03:03 132 025 238 0.1 0.9 2.8 19.7 25.4 731.7 0.00 0 0.0 37.4 24.1 24.4 3.627  -35.9   25.4    2.1  22    1.9   0 0 0 1 1 2 0 19.4 26.3 19.6 25.8 80.0 100 100 20 408 0 142 0 401 401 399 0 0 0 59 50 AUTO 0 
b.1 2025-08-15 22:04:14.513 a 2025-08-15-22:04:04 120 344 146 0.1 1.5 3.4 19.4 23.3 731.7 0.00 0 0.0 37.2 24.1 24.4 3.627  -38.2   25.5    2.1  21    1.9   0 0 0 1 1 2 0 19.4 26.4 19.5 26.3 80.0 100 100 20 408 0 142 0 401 401 400 0 0 0 60 50 AUTO 0 
b.1 2025-08-15 22:05:13.756 a 2025-08-15-22:05:03 103 322 116 0.2 1.6 3.7 19.4 19.8 731.7 0.00 0 0.0 36.2 24.1 24.4 3.626  -37.4   25.6    2.2  21    1.5   0 0 0 1 1 2 0 19.3 26.3 19.5 26.3 80.0 100 100 20 408 0 141 0 401 402 399 0 0 0 60 50 AUTO 0 
b.1 2025-08-15 22:06:13.177 a 2025-08-15-22:06:03 009 320 280 0.4 2.1 3.5 19.3 19.3 731.7 0.00 0 0.0 35.2 24.1 24.4 3.624  -38.1   25.7    2.3  20    1.2   0 0 0 1 1 2 0 19.3 25.7 19.5 25.8 80.0 100 100 20 408 0 142 0 401 402 399 0 0 0 59 50 AUTO 0 
b.1 2025-08-15 22:07:13.576 a 2025-08-15-22:07:03 061 311 151 0.2 2.1 3.7 19.1 19.0 731.7 0.00 0 0.0 33.9 24.1 24.4 3.626  -38.5   25.7    2.5  20    0.9   5 0 0 1 1 2 0 19.3 24.5 19.5 25.0 80.0 100 100 20 408 0 139 0 402 401 400 0 0 0 59 50 AUTO 0 
b.1 2025-08-15 22:08:13.494 a 2025-08-15-22:08:03 004 313 237 0.3 2.2 3.4 18.9 19.6 731.7 0.00 0 0.0 33.2 24.1 24.4 3.626  -40.0   25.7    2.8  20    0.8   0 0 0 1 1 2 0 19.4 23.7 19.5 24.3 80.0 100 100 20 408 0 142 0 401 401 400 0 0 0 60 50 AUTO 0 
b.1 2025-08-15 22:09:13.154 a 2025-08-15-22:09:03 079 357 215 0.1 1.6 4.1 18.8 20.4 731.6 0.00 0 0.0 33.3 24.1 24.4 3.626  -43.8   25.8    2.4  20    0.8   5 0 0 1 1 2 0 19.4 23.9 19.6 23.7 80.0 100 100 20 408 0 142 0 401 401 399 0 0 0 59 50 AUTO 0 
b.1 2025-08-15 22:10:15.654 a 2025-08-15-22:10:05 105 329 124 0.1 1.8 4.6 18.6 23.9 731.7 0.00 0 0.0 32.6 24.1 24.4 3.624  -37.1   25.8    2.4  20    1.0   0 0 0 1 1 2 0 19.5 25.0 19.6 24.2 80.0 100 100 20 408 0 142 0 402 401 400 0 0 0 60 50 AUTO 0 
b.1 2025-08-15 22:11:11.918 a 2025-08-15-22:11:02 038 347 226 0.1 1.8 5.6 18.6 23.9 731.7 0.00 0 0.0 33.0 24.1 24.4 3.632  -41.3   25.8    2.5  20    1.4   5 0 0 1 1 2 0 19.4 25.1 19.6 25.0 80.0 100 100 20 408 0 142 0 401 402 399 0 0 0 60 50 AUTO 0 
b.1 2025-08-15 22:12:12.838 a 2025-08-15-22:12:02 085 295 232 0.1 2.4 5.0 18.7 21.3 731.7 0.00 0 0.0 31.5 24.1 24.4 3.624  -37.0   25.8    2.6  20    1.3   0 0 0 1 1 2 0 19.4 25.1 19.6 24.6 80.0 100 100 20 408 0 142 0 401 401 400 0 0 0 60 50 AUTO 0 
b.1 2025-08-15 22:13:13.875 a 2025-08-15-22:13:03 237 237 268 0.0 1.1 3.3 18.6 23.9 731.7 0.00 0 0.0 32.0 24.1 24.4 3.626  -37.0   25.8    2.4  20    1.5   0 0 0 1 1 2 0 19.4 25.8 19.6 25.1 80.0 100 100 20 408 0 142 0 401 401 400 0 0 0 59 50 AUTO 0 
b.1 2025-08-15 22:14:13.055 a 2025-08-15-22:14:03 030 323 153 0.1 1.5 3.2 18.7 23.1 731.7 0.00 0 0.0 32.0 24.1 24.4 3.632  -36.6   25.8    2.3  20    1.2   0 0 0 1 1 2 0 19.4 26.3 19.6 25.4 80.0 100 100 20 408 0 142 0 401 401 399 0 0 0 60 50 AUTO 0 
b.1 2025-08-15 22:15:16.058 a 2025-08-15-22:15:06 088 338 354 0.1 0.6 1.9 18.7 20.3 731.6 0.00 0 0.0 33.1 24.1 24.4 3.627  -36.2   25.7    0.0  20    1.2   0 0 0 1 1 2 0 19.4 26.7 19.6 26.1 80.0 100 100 20 408 0 142 0 401 401 400 0 0 0 59 50 AUTO 0 
b.1 2025-08-15 22:16:12.776 a 2025-08-15-22:16:02 199 332 253 0.0 0.7 1.8 18.8 24.7 731.6 0.00 0 0.0 34.0 24.1 24.4 3.626  -36.8   25.7    0.0  21    1.7   0 0 0 1 1 2 0 19.4 27.1 19.6 27.2 80.0 100 100 20 408 0 142 0 401 401 400 0 0 0 60 50 AUTO 0 
b.1 2025-08-15 22:17:14.101 a 2025-08-15-22:17:04 114 003 247 0.2 0.9 2.4 18.9 28.1 731.6 0.00 0 0.0 34.7 24.1 24.4 3.633  -35.9   25.7    0.0  21    1.9   0 0 0 1 1 2 0 19.4 27.9 19.6 27.6 80.0 100 100 20 408 0 142 0 401 401 399 0 0 0 59 50 AUTO 0 
b.1 2025-08-15 22:18:12.884 a 2025-08-15-22:18:03 132 343 230 0.1 1.0 2.4 18.9 28.3 731.6 0.00 0 0.0 35.3 24.1 24.4 3.626  -36.6   25.7    0.0  22    2.5   0 0 0 1 1 2 0 19.4 28.7 19.6 28.4 80.0 100 100 20 408 0 142 0 401 401 400 0 0 0 60 50 AUTO 0 
b.1 2025-08-15 22:19:11.737 a 2025-08-15-22:19:01 147 326 293 0.0 0.8 2.1 19.0 24.5 731.7 0.00 0 0.0 35.7 24.1 24.4 3.627  -36.5   25.8    0.0  22    2.5   0 0 0 1 1 2 0 19.4 28.9 19.6 28.4 80.0 100 100 20 408 0 142 0 401 401 400 0 0 0 60 50 AUTO 0 
b.1 2025-08-15 22:20:13.957 a 2025-08-15-22:20:04 174 357 316 0.1 0.6 1.4 19.2 27.4 731.6 0.00 0 0.0 36.3 24.1 24.4 3.626  -36.5   25.8    0.0  22    2.7   0 0 0 1 1 2 0 19.3 28.9 19.6 28.4 80.0 100 100 20 408 0 142 0 400 402 399 0 0 0 59 50 AUTO 0 
b.1 2025-08-15 22:21:15.522 a 2025-08-15-22:21:05 090 349 304 0.1 1.4 2.2 19.4 27.8 731.6 0.00 0 0.0 35.8 24.1 24.4 3.627  -38.0   25.7    2.2  22    2.6   0 0 0 1 1 2 0 19.3 28.8 19.5 28.6 80.0 100 100 20 408 0 142 0 401 401 400 0 0 0 59 50 AUTO 0 
b.1 2025-08-15 22:22:11.464 a 2025-08-15-22:22:01 141 095 304 0.1 1.0 2.3 19.3 28.1 731.6 0.00 0 0.0 36.2 24.1 24.4 3.626  -36.9   25.8    2.2  22    2.6   0 0 0 1 1 2 0 19.3 29.1 19.6 29.0 80.0 100 100 20 408 0 142 0 402 401 399 0 0 0 59 50 AUTO 0 
b.1 2025-08-15 22:23:12.601 a 2025-08-15-22:23:02 103 021 302 0.0 0.5 1.6 19.1 28.8 731.6 0.00 0 0.0 36.7 24.1 24.4 3.626  -36.6   25.9    0.0  23    3.0   0 0 0 1 1 2 0 19.4 29.4 19.5 29.1 80.0 100 100 20 408 0 142 0 401 401 399 0 0 0 59 50 AUTO 0 
b.1 2025-08-15 22:24:14.717 a 2025-08-15-22:24:04 090 021 184 0.0 0.7 2.4 19.1 28.8 731.6 0.00 0 0.0 37.0 24.1 24.4 3.626  -35.2   25.9    0.0  23    3.2   0 0 0 1 1 2 0 19.4 29.6 19.5 29.4 80.0 100 100 20 408 0 142 0 401 402 399 0 0 0 59 50 AUTO 0 
b.1 2025-08-15 22:25:13.539 a 2025-08-15-22:25:03 182 023 205 0.1 0.8 2.3 19.1 28.8 731.6 0.00 0 0.0 37.0 24.1 24.4 3.627  -37.2   26.0    2.2  23    3.2   5 0 0 1 1 2 0 19.4 30.0 19.5 29.6 80.0 100 100 20 408 0 142 0 401 402 400 0 0 0 60 50 AUTO 0 
b.1 2025-08-15 22:26:13.599 a 2025-08-15-22:26:03 047 356 094 0.1 0.9 2.2 19.1 29.7 731.6 0.00 0 0.0 37.0 24.1 24.4 3.626  -36.6   26.0    0.0  23    3.4   0 0 0 1 1 2 0 19.3 30.2 19.5 29.9 80.0 100 100 20 408 0 142 0 401 401 399 0 0 0 59 50 AUTO 0 
b.1 2025-08-15 22:27:10.562 a 2025-08-15-22:27:00 115 351 170 0.1 1.0 2.3 19.0 29.8 731.6 0.00 0 0.0 36.9 24.1 24.4 3.632  -36.4   26.1    0.0  23    3.6   0 0 0 1 1 2 0 19.3 30.7 19.5 30.5 80.0 100 99 20 408 0 142 0 401 401 399 0 0 0 59 50 AUTO 0 
b.1 2025-08-15 22:28:12.604 a 2025-08-15-22:28:02 044 357 212 0.1 1.2 3.5 19.1 29.4 731.6 0.00 0 0.0 36.8 24.1 24.4 3.627  -41.4   26.2    2.1  24    3.9   5 0 0 1 1 2 0 19.3 31.1 19.5 30.9 80.0 100 100 20 408 0 142 0 401 401 400 0 0 0 59 50 AUTO 0 
b.1 2025-08-15 22:29:11.904 a 2025-08-15-22:29:01 063 001 139 0.1 0.5 2.1 19.2 29.1 731.6 0.00 0 0.0 36.6 24.1 24.4 3.626  -35.9   26.2    0.0  24    4.0   0 0 0 1 1 2 0 19.3 30.8 19.5 30.6 80.0 100 100 20 408 0 142 0 402 401 400 0 0 0 59 50 AUTO 0 
b.1 2025-08-15 22:30:14.023 a 2025-08-15-22:30:04 107 355 110 0.0 0.4 1.2 19.3 27.8 731.6 0.00 0 0.0 37.0 24.1 24.4 3.626  -35.7   26.1    0.0  24    3.9   0 0 0 1 1 2 0 19.4 31.3 19.5 30.9 80.0 100 100 20 408 0 142 0 401 401 399 0 0 0 60 50 AUTO 0 
b.1 2025-08-15 22:31:14.040 a 2025-08-15-22:31:04 038 138 089 0.1 0.3 1.1 19.5 28.5 731.6 0.00 0 0.0 37.6 24.1 24.4 3.624  -35.8   26.1    0.0  24    4.1   0 0 0 1 1 2 0 19.4 31.4 19.6 31.3 80.0 100 100 20 408 0 142 0 401 401 400 0 0 0 59 50 AUTO 0 
b.1 2025-08-15 22:32:13.003 a 2025-08-15-22:32:03 116 072 180 0.1 1.1 3.0 19.7 28.5 731.6 0.00 0 0.0 37.3 24.1 24.4 3.627  -36.5   26.0    2.3  24    4.1   0 0 0 1 1 2 0 19.3 31.5 19.5 31.4 80.0 100 100 20 408 0 142 0 401 401 399 0 0 0 60 50 AUTO 0 
b.1 2025-08-15 22:33:17.019 a 2025-08-15-22:33:07 105 059 231 0.0 1.0 2.1 19.6 28.8 731.6 0.00 0 0.0 37.2 24.1 24.4 3.627  -36.6   26.0    2.2  24    4.0   0 0 0 1 1 2 0 19.3 31.5 19.5 31.5 80.0 100 100 20 408 0 142 0 401 401 400 0 0 0 60 50 AUTO 0 
b.1 2025-08-15 22:34:13.325 a 2025-08-15-22:34:03 211 096 231 0.1 0.7 2.5 19.4 29.2 731.6 0.00 0 0.0 37.1 24.1 24.4 3.626  -36.6   26.0    0.0  24    4.1   0 0 0 1 1 2 0 19.3 31.7 19.4 31.5 80.0 100 100 20 408 0 142 0 401 401 399 0 0 0 59 50 AUTO 0 
b.1 2025-08-15 22:35:15.839 a 2025-08-15-22:35:05 091 003 153 0.1 0.6 1.7 19.3 29.1 731.6 0.00 0 0.0 37.3 24.1 24.4 3.626  -36.2   26.0    0.0  25    4.2   0 0 0 1 1 2 0 19.3 31.7 19.4 31.5 80.0 100 100 20 408 0 142 0 400 401 399 0 0 0 60 50 AUTO 0 
b.1 2025-08-15 22:36:13.262 a 2025-08-15-22:36:03 105 330 239 0.1 1.0 2.4 19.3 29.7 731.6 0.00 0 0.0 37.5 24.1 24.4 3.626  -37.8   25.9    2.2  25    4.1   0 0 0 1 1 2 0 19.3 31.8 19.4 31.7 80.0 100 100 20 408 0 142 0 401 401 400 0 0 0 59 50 AUTO 0 
b.1 2025-08-15 22:37:11.164 a 2025-08-15-22:37:01 067 330 241 0.3 1.7 2.8 19.2 29.8 731.6 0.00 0 0.0 36.7 24.1 24.4 3.626  -37.3   26.0    2.2  25    4.3   5 0 0 1 1 2 0 19.3 32.0 19.5 32.0 80.0 100 100 20 408 0 142 0 400 401 399 0 0 0 59 50 AUTO 0 
b.1 2025-08-15 22:38:16.164 a 2025-08-15-22:38:06 138 343 303 0.2 2.4 4.0 19.1 29.2 731.6 0.00 0 0.0 35.5 24.1 24.4 3.627  -41.3   26.0    2.5  25    4.2   5 0 0 1 1 2 0 19.3 31.9 19.5 31.7 80.0 100 100 20 408 0 142 0 401 401 400 0 0 0 59 50 AUTO 0 
b.1 2025-08-15 22:39:12.944 a 2025-08-15-22:39:03 097 336 280 0.5 1.7 2.9 18.8 26.6 731.6 0.00 0 0.0 34.0 24.1 24.4 3.626  -38.2   26.0    2.7  24    3.9   5 0 0 1 1 2 0 19.3 30.9 19.5 31.5 80.0 100 100 20 408 0 142 0 401 401 399 0 0 0 59 50 AUTO 0 
b.1 2025-08-15 22:40:13.868 a 2025-08-15-22:40:04 248 055 270 0.1 1.0 2.5 18.5 30.0 731.5 0.00 0 0.0 34.1 24.1 24.4 3.626  -37.8   26.1    2.4  24    3.8   0 0 0 1 1 2 0 19.3 30.9 19.5 30.9 80.0 100 100 20 408 0 142 0 401 401 400 0 0 0 59 50 AUTO 0 
b.1 2025-08-15 22:41:12.928 a 2025-08-15-22:41:03 149 026 270 0.1 0.7 2.1 18.4 28.9 731.5 0.00 0 0.0 34.2 24.1 24.4 3.632  -35.4   26.1    2.1  24    3.8   0 0 0 1 1 2 0 19.3 31.3 19.5 30.9 80.0 100 100 20 408 0 142 0 402 401 400 0 0 0 60 50 AUTO 0 
b.1 2025-08-15 22:42:14.726 a 2025-08-15-22:42:04 005 321 219 0.0 0.6 1.8 18.4 29.3 731.5 0.00 0 0.0 35.1 24.1 24.4 3.624  -35.5   26.1    0.0  24    3.7   0 0 0 1 1 2 0 19.3 31.4 19.5 31.2 80.0 100 100 20 408 0 142 0 401 401 399 0 0 0 59 50 AUTO 0 
b.1 2025-08-15 22:43:12.565 a 2025-08-15-22:43:02 121 017 170 0.1 0.6 1.9 18.4 29.3 731.5 0.00 0 0.0 35.6 24.1 24.4 3.624  -35.7   26.1    0.0  24    4.0   0 0 0 1 1 2 0 19.3 31.5 19.5 31.5 80.0 100 100 20 408 0 142 0 401 401 399 0 0 0 60 50 AUTO 0 
b.1 2025-08-15 22:44:14.266 a 2025-08-15-22:44:04 101 028 265 0.1 0.8 1.8 18.7 31.0 731.5 0.00 0 0.0 35.7 24.1 24.4 3.626  -36.0   26.0    2.2  24    4.0   0 0 0 1 1 2 0 19.3 31.7 19.5 31.6 80.0 100 100 20 408 0 142 0 401 401 400 0 0 0 60 50 AUTO 0 
b.1 2025-08-15 22:45:15.785 a 2025-08-15-22:45:05 045 345 270 0.5 1.9 3.2 18.8 30.2 731.5 0.00 0 0.0 35.2 24.1 24.4 3.626  -40.8   26.1    2.3  24    4.1   5 0 0 1 1 2 0 19.3 31.7 19.5 31.5 80.0 100 100 20 408 0 142 0 400 401 399 0 0 0 59 50 AUTO 0 
b.1 2025-08-15 22:46:13.805 a 2025-08-15-22:46:03 037 042 239 0.1 0.8 2.2 18.6 29.9 731.5 0.00 0 0.0 35.3 24.1 24.4 3.626  -37.5   26.2    2.1  24    4.1   0 0 0 1 1 2 0 19.3 31.7 19.5 31.6 80.0 100 100 20 408 0 142 0 401 401 400 0 0 0 60 50 AUTO 0 
b.1 2025-08-15 22:47:11.388 a 2025-08-15-22:47:01 251 077 280 0.1 0.7 2.1 18.4 30.7 731.5 0.00 0 0.0 35.6 24.1 24.4 3.626  -35.6   26.2    0.0  24    4.3   0 0 0 1 1 2 0 19.3 31.8 19.4 31.7 80.0 100 100 20 408 0 143 0 401 401 399 0 0 0 60 50 AUTO 0 
b.1 2025-08-15 22:48:14.484 a 2025-08-15-22:48:04 247 356 328 0.0 0.5 1.9 18.4 31.0 731.5 0.00 0 0.0 36.3 24.1 24.4 3.626  -36.4   26.1    2.2  25    4.3   0 0 0 1 1 2 0 19.3 31.9 19.4 31.8 80.0 100 100 20 408 0 142 0 401 402 399 0 0 0 59 50 AUTO 0 
b.1 2025-08-15 22:49:11.627 a 2025-08-15-22:49:01 167 076 326 0.1 0.7 1.4 18.6 30.5 731.5 0.00 0 0.0 36.5 24.1 24.4 3.632  -36.6   26.1    0.0  25    4.3   0 0 0 1 1 2 0 19.3 32.0 19.4 31.9 80.0 100 100 20 408 0 142 0 401 401 400 0 0 0 60 50 AUTO 0 
b.1 2025-08-15 22:50:14.565 a 2025-08-15-22:50:04 009 192 212 0.2 0.6 1.7 18.7 30.2 731.5 0.00 0 0.0 36.6 24.1 24.4 3.624  -36.2   26.2    0.0  24    4.2   0 0 0 1 1 2 0 19.3 32.0 19.5 32.0 80.0 100 100 20 408 0 142 0 401 401 399 0 0 0 59 50 AUTO 0 
b.1 2025-08-15 22:51:14.088 a 2025-08-15-22:51:04 172 070 303 0.1 1.0 2.8 18.9 30.2 731.5 0.00 0 0.0 36.7 24.1 24.4 3.626  -36.7   26.2    2.3  25    4.4   0 0 0 1 1 2 0 19.3 32.1 19.4 32.0 80.0 100 100 20 408 0 142 0 402 401 400 0 0 0 59 50 AUTO 0 
b.1 2025-08-15 22:52:12.528 a 2025-08-15-22:52:02 133 092 279 0.0 0.3 1.0 19.0 30.0 731.5 0.00 0 0.0 36.8 24.1 24.4 3.631  -34.9   26.2    0.0  25    4.5   0 0 0 1 1 2 0 19.3 32.1 19.4 32.1 80.0 100 100 20 408 0 142 0 402 400 400 0 0 0 60 50 AUTO 0 
b.1 2025-08-15 22:53:12.891 a 2025-08-15-22:53:03 132 029 140 0.1 0.9 2.7 19.1 30.1 731.5 0.00 0 0.0 36.9 24.1 24.4 3.626  -39.6   26.2    2.2  25    4.4   5 0 0 1 1 2 0 19.3 32.1 19.4 32.1 80.0 100 100 20 408 0 142 0 401 401 399 0 0 0 59 50 AUTO 0 
b.1 2025-08-15 22:54:12.792 a 2025-08-15-22:54:02 205 069 313 0.1 1.2 2.9 19.2 29.8 731.5 0.00 0 0.0 36.5 24.1 24.4 3.626  -37.6   26.3    2.2  25    4.5   0 0 0 1 1 2 0 19.3 32.2 19.4 32.2 80.0 100 100 20 408 0 142 0 401 401 400 0 0 0 60 50 AUTO 0 
b.1 2025-08-15 22:55:14.907 a 2025-08-15-22:55:05 073 031 337 0.1 0.6 1.8 19.1 30.4 731.6 0.00 0 0.0 36.2 24.1 24.4 3.627  -36.4   26.3    0.0  25    4.6   0 0 0 1 1 2 0 19.3 32.4 19.4 32.3 80.0 100 100 20 408 0 142 0 401 401 399 0 0 0 59 50 AUTO 0 
b.1 2025-08-15 22:56:12.674 a 2025-08-15-22:56:02 129 045 222 0.1 1.1 3.5 19.0 30.6 731.6 0.00 0 0.0 36.3 24.1 24.4 3.624  -37.3   26.2    2.2  25    4.4   0 0 0 1 1 2 0 19.3 32.5 19.4 32.3 80.0 100 100 20 408 0 142 0 401 401 399 0 0 0 59 50 AUTO 0 
b.1 2025-08-15 22:57:15.253 a 2025-08-15-22:57:05 037 023 069 0.1 0.9 2.4 18.9 30.3 731.6 0.00 0 0.0 35.6 24.1 24.4 3.626  -36.0   26.2    0.0  25    4.6   0 0 0 1 1 2 0 19.2 32.6 19.4 32.4 80.0 100 100 20 408 0 142 0 401 401 400 0 0 0 59 50 AUTO 0 
b.1 2025-08-15 22:58:11.111 a 2025-08-15-22:58:01 179 093 255 0.1 0.8 1.9 18.7 30.3 731.5 0.00 0 0.0 35.5 24.1 24.4 3.626  -36.1   26.1    2.2  25    4.4   5 0 0 1 1 2 0 19.2 32.6 19.4 32.4 80.0 100 100 20 408 0 142 0 401 401 400 0 0 0 59 50 AUTO 0 
b.1 2025-08-15 22:59:11.892 a 2025-08-15-22:59:01 102 099 139 0.0 0.3 1.2 18.6 31.2 731.5 0.00 0 0.0 35.9 24.1 24.4 3.626  -35.1   26.1    0.0  25    4.6   0 0 0 1 1 2 0 19.2 32.7 19.4 32.5 80.0 100 100 20 408 0 142 0 401 401 400 0 0 0 60 50 AUTO 0 
b.1 2025-08-15 23:00:16.990 a 2025-08-15-23:00:07 238 100 315 0.0 0.6 2.3 18.6 31.3 731.5 0.00 0 0.0 36.2 24.1 24.4 3.627  -34.9   26.1    0.0  25    4.6   0 0 0 1 1 2 0 19.2 32.7 19.4 32.7 80.0 100 100 20 408 0 142 0 400 402 399 0 0 0 60 50 AUTO 0 
b.1 2025-08-15 23:01:13.770 a 2025-08-15-23:01:03 103 040 116 0.0 0.6 2.1 18.7 31.1 731.5 0.00 0 0.0 36.5 24.1 24.4 3.626  -35.9   26.0    2.1  25    4.7   0 0 0 1 1 2 0 19.2 32.8 19.4 32.7 80.0 100 100 20 408 0 142 0 401 401 400 0 0 0 60 50 AUTO 0 
b.1 2025-08-15 23:02:14.770 a 2025-08-15-23:02:04 100 115 161 0.1 1.0 3.2 18.9 31.0 731.5 0.00 0 0.0 36.3 24.1 24.4 3.626  -36.9   26.1    0.0  25    4.7   0 0 0 1 1 2 0 19.2 32.9 19.4 32.8 80.0 100 100 20 408 0 142 0 400 402 399 0 0 0 59 50 AUTO 0 
b.1 2025-08-15 23:03:12.295 a 2025-08-15-23:03:02 189 010 297 0.1 0.8 2.2 18.9 31.0 731.5 0.00 0 0.0 36.0 24.1 24.4 3.626  -35.8   26.1    0.0  25    4.8   0 0 0 1 1 2 0 19.2 32.9 19.4 32.9 80.0 100 100 20 408 0 142 0 401 401 399 0 0 0 60 50 AUTO 0 
b.1 2025-08-15 23:04:12.895 a 2025-08-15-23:04:02 332 245 354 0.1 0.9 2.1 18.9 30.2 731.5 0.00 0 0.0 35.8 24.1 24.4 3.626  -36.4   26.1    2.1  25    4.7   0 0 0 1 1 2 0 19.2 32.9 19.4 32.8 80.0 100 100 20 408 0 142 0 402 401 400 0 0 0 59 50 AUTO 0 
b.1 2025-08-15 23:05:13.676 a 2025-08-15-23:05:03 101 324 189 0.0 0.8 1.9 19.0 30.4 731.5 0.00 0 0.0 36.0 24.1 24.4 3.633  -35.3   26.1    0.0  25    4.7   0 0 0 1 1 2 0 19.1 33.0 19.4 32.8 80.0 100 100 20 408 0 142 0 401 401 400 0 0 0 59 50 AUTO 0 
b.1 2025-08-15 23:06:13.052 a 2025-08-15-23:06:03 237 043 291 0.1 0.2 0.6 19.1 30.6 731.5 0.00 0 0.0 36.5 24.1 24.4 3.626  -35.1   26.0    0.0  25    4.7   0 0 0 1 1 2 0 19.2 33.0 19.4 32.8 80.0 100 100 20 408 0 142 0 401 401 400 0 0 0 59 50 AUTO 0 
b.1 2025-08-15 23:07:13.875 a 2025-08-15-23:07:03 213 069 288 0.1 0.4 0.9 19.2 29.3 731.5 0.00 0 0.0 37.0 24.1 24.4 3.626  -35.2   26.0    0.0  25    4.7   0 0 0 1 1 2 0 19.2 33.0 19.4 32.9 80.0 100 100 20 408 0 142 0 401 401 400 0 0 0 60 50 AUTO 0 
b.1 2025-08-15 23:08:13.720 a 2025-08-15-23:08:03 074 016 079 0.1 0.4 1.6 19.4 28.4 731.5 0.00 0 0.0 37.4 24.1 24.4 3.632  -35.1   26.0    0.0  25    4.6   0 0 0 1 1 2 0 19.2 33.0 19.4 32.9 80.0 100 100 20 408 0 142 0 401 401 399 0 0 0 59 50 AUTO 0 
b.1 2025-08-15 23:09:13.838 a 2025-08-15-23:09:03 252 309 354 0.1 1.1 2.3 19.6 26.2 731.5 0.00 0 0.0 36.9 24.1 24.4 3.624  -37.1   26.0    2.2  25    4.4   0 0 0 1 1 2 0 19.2 33.0 19.5 32.8 80.0 100 100 20 408 0 142 0 401 401 400 0 0 0 59 50 AUTO 0 
b.1 2025-08-15 23:10:13.816 a 2025-08-15-23:10:03 092 329 128 0.2 1.6 3.3 19.6 28.1 731.5 0.00 0 0.0 36.0 24.1 24.4 3.626  -37.3   26.1    2.2  25    4.4   0 0 0 1 1 2 0 19.2 33.0 19.5 32.8 80.0 100 100 20 408 0 142 0 401 401 400 0 0 0 59 50 AUTO 0 
b.1 2025-08-15 23:11:13.598 a 2025-08-15-23:11:03 071 337 268 0.1 1.3 2.8 19.3 29.5 731.5 0.00 0 0.0 34.8 24.1 24.4 3.626  -37.0   26.2    2.2  25    4.4   0 0 0 1 1 2 0 19.2 33.0 19.5 32.8 80.0 100 100 20 408 0 142 0 402 401 400 0 0 0 59 50 AUTO 0 
b.1 2025-08-15 23:12:14.220 a 2025-08-15-23:12:04 118 325 226 0.1 0.7 2.2 19.1 30.0 731.5 0.00 0 0.0 34.7 24.1 24.4 3.626  -35.7   26.2    0.0  25    4.6   0 0 0 1 1 2 0 19.2 33.0 19.5 32.8 80.0 100 100 20 408 0 142 0 401 402 399 0 0 0 59 50 AUTO 0 
b.1 2025-08-15 23:13:13.157 a 2025-08-15-23:13:03 091 355 110 0.1 0.9 2.4 19.0 30.5 731.5 0.00 0 0.0 35.0 24.1 24.4 3.632  -36.4   26.2    0.0  25    4.7   0 0 0 1 1 2 0 19.2 33.0 19.4 32.9 80.0 100 100 20 408 0 142 0 401 401 400 0 0 0 60 50 AUTO 0 
b.1 2025-08-15 23:14:11.941 a 2025-08-15-23:14:02 018 024 176 0.1 0.8 2.0 19.0 30.5 731.5 0.00 0 0.0 35.1 24.1 24.4 3.626  -37.0   26.2    2.2  25    4.9   5 0 0 1 1 2 0 19.1 33.0 19.4 33.0 80.0 100 100 20 408 0 142 0 401 401 400 0 0 0 60 50 AUTO 0 
b.1 2025-08-15 23:15:14.203 a 2025-08-15-23:15:04 152 039 304 0.2 1.3 3.6 19.0 30.7 731.5 0.00 0 0.0 34.8 24.1 24.4 3.624  -37.0   26.2    2.2  25    4.7   5 0 0 1 1 2 0 19.1 33.1 19.3 33.0 80.0 100 100 20 408 0 142 0 402 401 399 0 0 0 60 50 AUTO 0 
b.1 2025-08-15 23:16:14.559 a 2025-08-15-23:16:04 132 215 259 0.1 0.8 2.0 19.0 30.7 731.5 0.00 0 0.0 34.8 24.1 24.4 3.627  -37.0   26.1    2.2  25    4.7   0 0 0 1 1 2 0 19.1 33.2 19.3 33.1 80.0 100 100 20 408 0 142 0 401 401 400 0 0 0 59 50 AUTO 0 
b.1 2025-08-15 23:17:14.002 a 2025-08-15-23:17:04 212 077 329 0.1 1.2 2.4 18.8 30.9 731.4 0.00 0 0.0 34.6 24.1 24.4 3.626  -36.9   26.1    2.2  25    4.7   0 0 0 1 1 2 0 19.1 33.2 19.3 33.1 80.0 100 100 20 408 0 142 0 401 401 399 0 0 0 59 50 AUTO 0 
b.1 2025-08-15 23:18:16.121 a 2025-08-15-23:18:06 208 031 295 0.1 0.8 2.1 18.8 31.0 731.5 0.00 0 0.0 34.5 24.1 24.4 3.626  -36.7   26.0    0.0  25    4.7   0 0 0 1 1 2 0 19.0 33.3 19.2 33.1 80.0 100 100 20 408 0 142 0 401 401 399 0 0 0 59 50 AUTO 0 
b.1 2025-08-15 23:19:11.701 a 2025-08-15-23:19:01 107 014 252 0.1 0.7 2.7 18.7 31.0 731.5 0.00 0 0.0 34.7 24.1 24.4 3.627  -36.9   26.0    0.0  25    4.7   0 0 0 1 1 2 0 19.0 33.2 19.3 33.1 80.0 100 100 20 408 0 142 0 400 402 399 0 0 0 59 50 AUTO 0 
b.1 2025-08-15 23:20:16.061 a 2025-08-15-23:20:06 141 064 225 0.1 0.8 2.7 18.7 30.7 731.5 0.00 0 0.0 34.6 24.1 24.4 3.626  -35.5   26.0    0.0  25    4.8   0 0 0 1 1 2 0 19.0 33.2 19.2 33.1 80.0 100 100 20 408 0 142 0 401 401 399 0 0 0 59 50 AUTO 0 
b.1 2025-08-15 23:21:12.661 a 2025-08-15-23:21:02 096 091 332 0.1 0.6 1.9 18.6 31.8 731.4 0.00 0 0.0 34.9 24.1 24.4 3.626  -36.7   26.0    0.0  26    4.8   0 0 0 1 1 2 0 19.0 33.2 19.2 33.1 80.0 100 100 20 408 0 142 0 401 401 400 0 0 0 60 50 AUTO 0 
b.1 2025-08-15 23:22:14.141 a 2025-08-15-23:22:04 117 076 194 0.1 0.5 1.4 18.8 30.9 731.4 0.00 0 0.0 35.2 24.1 24.4 3.626  -35.1   25.9    0.0  26    4.8   0 0 0 1 1 2 0 19.0 33.2 19.2 33.1 80.0 100 100 20 408 0 142 0 400 402 399 0 0 0 59 50 AUTO 0 
b.1 2025-08-15 23:23:12.469 a 2025-08-15-23:23:02 201 106 300 0.1 1.4 3.3 18.9 30.7 731.4 0.00 0 0.0 34.7 24.1 24.4 3.626  -37.6   25.9    2.2  26    4.7   5 0 0 1 1 2 0 19.0 33.2 19.2 33.2 80.0 100 100 20 408 0 142 0 401 402 400 0 0 0 60 50 AUTO 0 
b.1 2025-08-15 23:24:12.651 a 2025-08-15-23:24:02 108 070 230 0.1 0.7 2.3 18.9 30.7 731.4 0.00 0 0.0 34.5 24.1 24.4 3.632  -36.3   26.0    0.0  26    4.9   0 0 0 1 1 2 0 19.0 33.2 19.2 33.1 80.0 100 100 20 408 0 142 0 402 401 400 0 0 0 60 50 AUTO 0 
b.1 2025-08-15 23:25:15.285 a 2025-08-15-23:25:05 023 039 348 0.0 0.4 1.4 18.9 30.8 731.4 0.00 0 0.0 35.0 24.1 24.4 3.626  -37.8   26.0    0.0  26    4.9   0 0 0 1 1 2 0 19.0 33.2 19.2 33.1 80.0 100 99 20 404 0 142 0 401 401 400 0 0 0 60 50 AUTO 0 
b.1 2025-08-15 23:26:11.302 a 2025-08-15-23:26:01 135 033 261 0.1 0.7 2.6 19.0 30.3 731.4 0.00 0 0.0 34.9 24.1 24.4 3.626  -35.8   26.0    0.0  26    4.9   0 0 0 1 1 2 0 19.0 33.2 19.1 33.1 80.0 100 99 20 408 0 142 0 401 402 399 0 0 0 60 50 AUTO 0 
b.1 2025-08-15 23:27:14.444 a 2025-08-15-23:27:04 062 020 085 0.2 1.7 4.1 19.1 29.9 731.4 0.00 0 0.0 33.9 24.1 24.4 3.633  -37.1   26.0    2.3  26    4.8   5 0 0 1 1 2 0 18.9 33.2 19.1 33.1 80.0 100 100 20 408 0 142 0 402 401 400 0 0 0 60 50 AUTO 0 
b.1 2025-08-15 23:28:12.983 a 2025-08-15-23:28:03 145 037 222 0.1 0.9 3.1 18.8 30.6 731.4 0.00 0 0.0 33.6 24.1 24.4 3.626  -38.3   26.0    2.2  26    4.8   5 0 0 1 1 2 0 18.9 33.1 19.1 33.1 80.0 100 100 20 408 0 142 0 401 401 400 0 0 0 60 50 AUTO 0 
b.1 2025-08-15 23:29:14.043 a 2025-08-15-23:29:04 132 058 171 0.1 1.0 3.3 18.5 31.2 731.4 0.00 0 0.0 33.2 24.1 24.4 3.626  -37.1   26.0    0.0  26    4.8   0 0 0 1 1 2 0 18.9 33.2 19.1 33.1 80.0 100 100 20 408 0 142 0 401 401 400 0 0 0 60 50 AUTO 0 
b.1 2025-08-15 23:30:14.503 a 2025-08-15-23:30:04 180 108 239 0.1 0.6 2.6 18.4 31.8 731.4 0.00 0 0.0 33.4 24.1 24.4 3.633  -35.8   25.9    0.0  26    4.8   0 0 0 1 1 2 0 18.9 33.2 19.0 33.2 80.0 100 100 20 408 0 142 0 401 401 400 0 0 0 60 50 AUTO 0 
b.1 2025-08-15 23:31:12.487 a 2025-08-15-23:31:02 134 089 283 0.1 1.0 2.2 18.5 31.5 731.3 0.00 0 0.0 33.6 24.1 24.4 3.626  -37.4   25.9    2.1  26    4.7   5 0 0 1 1 2 0 18.9 33.3 19.0 33.3 80.0 100 100 20 408 0 142 0 402 401 400 0 0 0 59 50 AUTO 0 
b.1 2025-08-15 23:32:13.023 a 2025-08-15-23:32:03 029 161 322 0.1 0.5 1.3 18.6 31.3 731.4 0.00 0 0.0 33.6 24.1 24.4 3.626  -35.5   25.9    0.0  26    4.9   0 0 0 1 1 2 0 18.9 33.3 19.0 33.3 80.0 100 100 20 408 0 142 0 401 401 400 0 0 0 60 50 AUTO 0 
b.1 2025-08-15 23:33:13.105 a 2025-08-15-23:33:03 218 133 231 0.1 0.5 1.4 18.8 31.5 731.3 0.00 0 0.0 34.0 24.1 24.4 3.628  -36.7   25.9    0.0  26    5.0   0 0 0 1 1 2 0 18.9 33.6 19.0 33.4 80.0 100 100 20 408 0 142 0 400 401 399 0 0 0 59 50 AUTO 0 
b.1 2025-08-15 23:34:14.484 a 2025-08-15-23:34:04 108 050 160 0.0 0.9 3.2 19.0 31.1 731.3 0.00 0 0.0 33.9 24.1 24.4 3.626  -36.2   25.9    0.0  26    4.9   0 0 0 1 1 2 0 18.9 33.7 19.0 33.6 80.0 100 100 20 408 0 142 0 401 401 400 0 0 0 59 50 AUTO 0 
b.1 2025-08-15 23:35:14.921 a 2025-08-15-23:35:04 197 055 269 0.1 1.2 3.4 19.0 31.3 731.3 0.00 0 0.0 33.5 24.1 24.4 3.626  -38.5   25.9    2.2  26    5.0   5 0 0 1 1 2 0 18.9 34.0 19.0 33.9 80.0 100 100 20 408 0 142 0 401 401 400 0 0 0 59 50 AUTO 0 
b.1 2025-08-15 23:36:14.723 a 2025-08-15-23:36:04 095 072 285 0.1 1.4 3.1 18.9 31.8 731.3 0.00 0 0.0 32.9 24.1 24.4 3.626  -36.7   25.9    2.2  26    5.1   0 0 0 1 1 2 0 18.9 34.2 19.0 34.2 80.0 100 100 20 408 0 142 0 401 401 400 0 0 0 59 50 AUTO 0 
b.1 2025-08-15 23:37:13.028 a 2025-08-15-23:37:03 132 040 218 0.1 1.6 4.4 18.7 31.9 731.3 0.00 0 0.0 32.4 24.1 24.4 3.626  -38.7   25.8    2.3  26    5.0   5 0 0 1 1 2 0 18.8 34.4 19.0 34.3 80.0 100 100 20 408 0 142 0 401 401 399 0 0 0 59 50 AUTO 0 
b.1 2025-08-15 23:38:12.823 a 2025-08-15-23:38:02 132 058 189 0.0 1.2 3.6 18.3 32.8 731.3 0.00 0 0.0 31.8 24.1 24.4 3.626  -36.8   25.8    2.2  26    5.0   0 0 0 1 1 2 0 18.8 34.5 19.0 34.4 80.0 100 100 20 408 0 142 0 401 402 399 0 0 0 60 50 AUTO 0 
b.1 2025-08-15 23:39:12.628 a 2025-08-15-23:39:02 069 059 247 0.0 0.5 2.5 18.2 33.4 731.3 0.00 0 0.0 32.4 24.1 24.4 3.627  -38.2   25.7    2.2  26    5.0   5 0 0 1 1 2 0 18.8 34.7 18.9 34.6 80.0 100 100 20 408 0 142 0 401 401 399 0 0 0 60 50 AUTO 0 
b.1 2025-08-15 23:40:15.101 a 2025-08-15-23:40:05 132 074 317 0.1 1.2 2.6 18.2 33.3 731.3 0.00 0 0.0 32.2 24.1 24.4 3.627  -39.4   25.6    2.2  27    5.0   0 0 0 1 1 2 0 18.7 34.8 18.9 34.7 80.0 100 100 20 408 0 142 0 401 401 399 0 0 0 59 50 AUTO 0 
b.1 2025-08-15 23:41:11.707 a 2025-08-15-23:41:01 134 075 198 0.2 1.1 2.3 18.2 33.3 731.3 0.00 0 0.0 32.2 24.1 24.4 3.626  -37.3   25.6    2.2  27    5.0   5 0 0 1 1 2 0 18.7 34.9 18.9 34.8 80.0 100 100 20 408 0 142 0 401 401 400 0 0 0 60 50 AUTO 0 
b.1 2025-08-15 23:42:14.046 a 2025-08-15-23:42:04 123 046 302 0.1 1.6 2.8 18.0 33.2 731.3 0.00 0 0.0 31.7 24.1 24.4 3.627  -40.2   25.6    2.3  27    5.0   5 0 0 1 1 2 0 18.7 34.9 18.9 34.8 80.0 100 100 20 408 0 142 0 401 401 400 0 0 0 60 50 AUTO 0 
b.1 2025-08-15 23:43:12.805 a 2025-08-15-23:43:02 104 027 298 0.5 2.0 3.7 17.7 33.2 731.3 0.00 0 0.0 30.7 24.1 24.4 3.633  -39.7   25.6    2.6  27    4.9   5 0 0 1 1 2 0 18.7 34.8 18.9 34.8 80.0 100 100 20 408 0 142 0 401 402 400 0 0 0 59 50 AUTO 0 
b.1 2025-08-15 23:44:12.605 a 2025-08-15-23:44:02 110 017 224 0.2 1.5 3.8 17.4 34.3 731.3 0.00 0 0.0 30.0 24.1 24.4 3.627  -38.0   25.5    2.5  27    4.9   0 0 0 1 1 2 0 18.7 34.9 18.9 34.7 80.0 100 100 20 408 0 142 0 401 401 399 0 0 0 60 50 AUTO 0 
b.1 2025-08-15 23:45:15.846 a 2025-08-15-23:45:05 157 047 252 0.1 0.7 2.2 17.4 34.7 731.3 0.00 0 0.0 30.4 24.1 24.4 3.627  -36.3   25.5    2.2  27    4.9   0 0 0 1 1 2 0 18.7 34.9 18.9 34.7 80.0 100 100 20 408 0 142 0 401 401 399 0 0 0 59 50 AUTO 0 
b.1 2025-08-15 23:46:13.506 a 2025-08-15-23:46:03 030 069 276 0.1 0.9 2.6 17.4 34.7 731.3 0.00 0 0.0 30.8 24.1 24.4 3.633  -38.7   25.5    0.0  27    5.0   5 0 0 1 1 2 0 18.7 35.0 18.9 34.9 80.0 100 100 20 408 0 143 0 401 401 399 0 0 0 60 50 AUTO 0 
b.1 2025-08-15 23:47:14.984 a 2025-08-15-23:47:05 122 069 318 0.2 1.2 2.6 17.5 34.2 731.3 0.00 0 0.0 31.0 24.1 24.4 3.626  -37.5   25.5    2.2  27    4.9   0 0 0 1 1 2 0 18.6 35.0 18.8 34.9 80.0 100 100 20 408 0 143 0 401 401 400 0 0 0 60 50 AUTO 0 
b.1 2025-08-15 23:48:11.388 a 2025-08-15-23:48:01 116 032 319 0.1 1.0 2.5 17.5 34.4 731.3 0.00 0 0.0 31.0 24.1 24.4 3.626  -37.9   25.5    2.2  27    5.0   5 0 0 1 1 2 0 18.6 35.1 18.8 35.0 80.0 100 100 20 408 0 143 0 401 401 400 0 0 0 59 50 AUTO 0 
b.1 2025-08-15 23:49:15.187 a 2025-08-15-23:49:05 082 041 358 0.7 1.6 3.3 17.5 34.1 731.3 0.00 0 0.0 30.5 24.1 24.4 3.632  -38.0   25.4    2.3  27    4.9   5 0 0 1 1 2 0 18.6 35.0 18.8 34.9 80.0 100 100 20 408 0 143 0 401 401 400 0 0 0 59 50 AUTO 0 
b.1 2025-08-15 23:50:12.109 a 2025-08-15-23:50:02 143 042 309 0.1 1.2 2.1 17.4 34.1 731.3 0.00 0 0.0 30.5 24.1 24.4 3.626  -37.2   25.4    2.3  27    4.9   0 0 0 1 1 2 0 18.7 35.0 18.8 34.9 80.0 100 100 20 408 0 142 0 401 401 400 0 0 0 59 50 AUTO 0 
b.1 2025-08-15 23:51:13.766 a 2025-08-15-23:51:03 150 070 304 0.1 0.9 3.0 17.3 35.0 731.3 0.00 0 0.0 30.6 24.1 24.4 3.627  -38.7   25.4    2.2  27    4.9   5 0 0 1 1 2 0 18.6 35.1 18.8 35.0 80.0 100 100 20 408 0 142 0 401 401 399 0 0 0 59 50 AUTO 0 
b.1 2025-08-15 23:52:11.746 a 2025-08-15-23:52:01 118 115 302 0.1 0.7 1.8 17.3 35.0 731.3 0.00 0 0.0 30.9 24.1 24.4 3.627  -38.3   25.3    0.0  27    5.0   0 0 0 1 1 2 0 18.6 35.1 18.8 35.0 80.0 100 100 20 408 0 142 0 401 401 399 0 0 0 60 50 AUTO 0 
b.1 2025-08-15 23:53:10.808 a 2025-08-15-23:53:00 101 086 225 0.1 1.0 2.8 17.5 34.8 731.3 0.00 0 0.0 31.0 24.1 24.4 3.626  -37.2   25.3    2.1  27    5.0   5 0 0 1 1 2 0 18.6 35.1 18.8 35.1 80.0 100 100 20 408 0 142 0 401 401 400 0 0 0 59 50 AUTO 0 
b.1 2025-08-15 23:54:12.790 a 2025-08-15-23:54:02 157 093 000 0.0 0.8 2.1 17.7 34.8 731.2 0.00 0 0.0 31.2 24.1 24.4 3.626  -37.6   25.3    2.1  27    5.1   5 0 0 1 1 2 0 18.6 35.1 18.8 35.1 80.0 100 100 20 408 0 142 0 401 401 400 0 0 0 59 50 AUTO 0 
b.1 2025-08-15 23:55:16.312 a 2025-08-15-23:55:06 135 109 300 0.1 0.5 1.8 17.9 33.9 731.2 0.00 0 0.0 31.4 24.1 24.4 3.624  -36.5   25.4    0.0  27    5.2   0 0 0 1 1 2 0 18.6 35.1 18.7 35.1 80.0 100 100 20 408 0 142 0 401 401 400 0 0 0 59 50 AUTO 0 
b.1 2025-08-15 23:56:14.568 a 2025-08-15-23:56:04 120 034 132 0.1 1.3 4.1 18.2 33.0 731.3 0.00 0 0.0 31.2 24.1 24.4 3.627  -39.3   25.4    2.2  27    5.2   0 0 0 1 1 2 0 18.6 35.1 18.7 35.1 80.0 100 100 20 408 0 142 0 402 401 400 0 0 0 60 50 AUTO 0 
b.1 2025-08-15 23:57:11.569 a 2025-08-15-23:57:01 264 035 294 0.1 1.2 3.9 18.3 33.1 731.3 0.00 0 0.0 30.8 24.1 24.4 3.627  -39.5   25.4    2.2  27    5.2   0 0 0 1 1 2 0 18.6 35.1 18.7 35.1 80.0 100 100 20 408 0 142 0 401 401 400 0 0 0 60 50 AUTO 0 
b.1 2025-08-15 23:58:14.529 a 2025-08-15-23:58:04 114 025 131 0.1 1.2 3.9 18.1 33.8 731.3 0.00 0 0.0 30.4 24.1 24.4 3.627  -37.1   25.4    2.1  27    5.2   0 0 0 1 1 2 0 18.6 35.2 18.7 35.1 80.0 100 100 20 408 0 142 0 401 401 399 0 0 0 60 50 AUTO 0 
b.1 2025-08-15 23:59:11.687 a 2025-08-15-23:59:01 116 023 233 0.1 1.5 3.8 18.0 33.4 731.2 0.00 0 0.0 29.9 24.1 24.4 3.634  -39.0   25.3    2.3  27    5.1   5 0 0 1 1 2 0 18.5 35.2 18.7 35.2 80.0 100 100 20 408 0 142 0 400 401 399 0 0 0 59 50 AUTO 0 
