b.1 2025-09-26 00:00:17.302 a 2025-09-26-00:00:15 300 224 355 0.2 10.0 15.9 15.5 16.4 729.8 0.00 0 0.0 18.3 24.1 24.4 3.634  -45.2   20.3   33.8  15   -6.9  15 0 0 1 3 2 1 16.9 13.3 16.9 13.3 80.0 100 100 28 430 0 334 0 231 232 232 2 3 1 60.0 50.0 AUTO_PARK 0 
b.1 2025-09-26 00:01:15.207 a 2025-09-26-00:01:13 190 226 257 2.0 8.6 13.2 15.4 17.7 729.8 0.00 0 0.0 18.2 24.1 24.4 3.626  -43.5   20.2   29.0  15   -6.9  15 0 0 1 2 2 0 16.8 13.3 16.8 13.3 80.0 100 100 28 432 0 324 0 232 232 232 2 3 2 59.9 50.0 AUTO_PARK 0 
b.1 2025-09-26 00:02:11.928 a 2025-09-26-00:02:09 083 223 277 1.3 6.2 11.0 15.3 15.8 729.8 0.00 0 0.0 18.6 24.1 24.4 3.627  -47.3   20.1   19.7  15   -6.9  15 0 0 1 2 2 0 16.8 13.4 16.8 13.4 80.0 100 100 28 432 0 335 0 232 231 232 2 3 1 59.9 50.0 AUTO_PARK 0 
b.1 2025-09-26 00:03:14.552 a 2025-09-26-00:03:12 178 224 272 0.9 4.9 8.5 15.3 15.5 729.8 0.00 0 0.0 18.9 24.1 24.4 3.627  -44.8   20.1   11.6  16   -6.9   5 0 0 1 1 2 0 16.8 13.5 16.8 13.5 80.0 100 100 28 433 0 323 0 231 232 232 2 3 2 59.9 50.0 AUTO_PARK 0 
b.1 2025-09-26 00:04:14.252 a 2025-09-26-00:04:12 088 220 319 0.3 4.7 10.4 15.4 15.9 729.8 0.00 0 0.0 19.4 24.1 24.4 3.628  -47.0   20.0    8.9  16   -6.8  11 0 0 1 1 2 0 16.8 13.7 16.8 13.7 80.0 100 100 28 431 0 329 0 231 232 232 2 3 2 59.9 50.0 AUTO_PARK 0 
b.1 2025-09-26 00:05:15.568 a 2025-09-26-00:05:13 133 226 266 0.6 7.2 13.4 15.5 16.9 729.9 0.00 0 0.0 18.9 24.1 24.4 3.628  -42.8   20.0   13.8  16   -6.7  17 0 0 1 1 2 0 16.8 13.9 16.8 13.9 80.0 100 100 28 433 0 330 0 231 232 232 2 3 1 59.9 50.0 AUTO_PARK 0 
b.1 2025-09-26 00:06:13.407 a 2025-09-26-00:06:11 132 234 286 0.6 6.6 11.2 15.6 16.3 729.8 0.00 0 0.0 18.9 24.1 24.5 3.627  -45.6   20.1   15.2  16   -6.8  14 0 0 1 2 2 0 16.8 13.5 16.8 13.6 80.0 100 100 28 433 0 325 0 231 231 232 2 3 2 59.9 50.0 AUTO_PARK 0 
b.1 2025-09-26 00:07:12.986 a 2025-09-26-00:07:11 131 223 271 0.8 6.7 11.3 15.5 15.8 729.8 0.00 0 0.0 18.8 24.1 24.4 3.628  -43.1   20.1   14.7  16   -6.9  14 0 0 1 1 2 0 16.8 13.4 16.9 13.5 80.0 100 100 28 432 0 320 0 231 232 232 2 3 2 59.9 50.0 AUTO_PARK 0 
b.1 2025-09-26 00:08:13.986 a 2025-09-26-00:08:12 082 239 282 0.6 5.7 10.9 15.5 15.6 729.8 0.00 0 0.0 18.7 24.1 24.4 3.627  -46.8   20.1   15.2  15   -7.0  14 0 0 1 2 2 0 16.8 13.3 16.9 13.4 80.0 100 100 28 433 0 333 0 231 232 232 2 3 2 59.9 50.0 AUTO_PARK 0 
b.1 2025-09-26 00:09:10.671 a 2025-09-26-00:09:08 137 224 269 1.6 8.0 12.0 15.4 16.9 729.8 0.00 0 0.0 18.5 24.1 24.5 3.627  -46.3   20.0   21.0  16   -6.9  14 0 0 1 2 2 0 16.8 13.3 16.8 13.3 80.0 100 100 28 433 0 333 0 231 232 232 2 3 2 59.9 50.0 AUTO_PARK 0 
b.1 2025-09-26 00:10:15.851 a 2025-09-26-00:10:13 162 226 336 0.8 6.9 11.4 15.4 15.4 729.8 0.00 0 0.0 18.4 24.1 24.4 3.627  -44.0   20.0   16.0  15   -7.0  14 0 0 1 2 2 0 16.8 13.3 16.8 13.3 80.0 100 100 28 432 0 320 0 231 232 232 2 3 2 59.9 50.0 AUTO_PARK 0 
b.1 2025-09-26 00:11:13.267 a 2025-09-26-00:11:11 130 230 276 0.5 7.1 12.5 15.4 15.8 729.9 0.00 0 0.0 18.6 24.1 24.4 3.627  -49.6   20.0   18.5  15   -7.0  14 0 0 1 2 2 0 16.8 13.1 16.8 13.1 80.0 100 100 28 433 0 319 0 231 232 232 2 3 2 59.9 50.0 AUTO_PARK 0 
b.1 2025-09-26 00:12:12.328 a 2025-09-26-00:12:10 200 236 295 0.7 7.3 12.8 15.3 16.6 729.7 0.00 0 0.0 18.4 24.1 24.4 3.627  -46.1   20.0   19.6  15   -7.1  14 0 0 1 2 2 0 16.8 13.0 16.8 13.0 80.0 100 100 28 431 0 336 0 231 232 232 2 3 2 59.9 50.0 AUTO_PARK 0 
b.1 2025-09-26 00:13:14.779 a 2025-09-26-00:13:12 201 233 272 1.5 8.7 12.5 15.3 17.2 729.8 0.00 0 0.0 18.3 24.1 24.4 3.634  -47.8   20.0   27.2  15   -7.1  17 0 0 1 2 2 0 16.7 12.9 16.8 12.9 80.0 100 100 28 432 0 331 0 232 232 232 2 3 2 59.9 50.0 AUTO_PARK 0 
b.1 2025-09-26 00:14:12.154 a 2025-09-26-00:14:10 203 228 248 4.5 8.0 11.6 15.2 15.6 729.8 0.00 0 0.0 18.1 24.1 24.5 3.628  -46.9   19.9   24.5  15   -7.1  15 0 0 1 2 2 0 16.7 12.9 16.8 12.9 80.0 100 100 28 432 0 323 0 231 232 232 2 3 2 59.9 50.0 AUTO_PARK 0 
b.1 2025-09-26 00:15:15.055 a 2025-09-26-00:15:13 179 232 290 0.6 5.9 10.3 15.2 15.4 729.8 0.00 0 0.0 18.4 24.1 24.4 3.628  -45.4   19.9   15.5  15   -7.1  15 0 0 1 2 2 0 16.7 12.9 16.8 12.9 80.0 100 100 28 432 0 337 0 231 232 232 2 3 1 59.9 50.0 AUTO_PARK 0 
b.1 2025-09-26 00:16:14.711 a 2025-09-26-00:16:12 205 227 268 3.5 7.5 11.5 15.3 15.9 729.8 0.00 0 0.0 18.3 24.1 24.4 3.627  -47.0   20.0   19.4  16   -7.0  11 0 0 1 2 2 0 16.7 12.9 16.7 12.9 80.0 100 100 28 432 0 322 0 232 232 232 2 3 2 60.0 50.0 AUTO_PARK 0 
b.1 2025-09-26 00:17:13.328 a 2025-09-26-00:17:11 188 223 298 0.4 7.1 11.5 15.3 16.3 729.8 0.00 0 0.0 18.3 24.1 24.4 3.628  -49.2   20.0   16.2  15   -7.0  11 0 0 1 2 2 0 16.7 12.9 16.7 13.0 80.0 100 100 28 433 0 335 0 232 232 232 2 3 2 59.9 50.0 AUTO_PARK 0 
b.1 2025-09-26 00:18:12.996 a 2025-09-26-00:18:11 195 224 245 4.0 8.6 11.1 15.3 16.3 729.8 0.00 0 0.0 18.1 24.1 24.4 3.634  -49.1   20.0   22.7  16   -7.0  15 0 0 1 2 2 0 16.7 12.9 16.7 12.9 80.0 100 100 29 431 0 319 0 232 231 232 2 3 2 60.0 50.0 AUTO_PARK 0 
b.1 2025-09-26 00:19:15.051 a 2025-09-26-00:19:13 175 218 244 3.0 8.3 12.0 15.3 16.1 729.7 0.00 0 0.0 17.9 24.1 24.4 3.634  -50.1   20.0   25.6  15   -7.0  15 0 0 1 2 2 0 16.7 12.9 16.8 12.9 80.0 100 100 28 432 0 324 0 231 232 232 2 3 2 59.9 50.0 AUTO_PARK 0 
b.1 2025-09-26 00:20:15.448 a 2025-09-26-00:20:13 151 215 251 1.9 7.3 10.8 15.3 16.0 729.7 0.00 0 0.0 18.0 24.1 24.4 3.633  -48.3   20.0   21.9  15   -7.1  15 0 0 1 2 2 0 16.7 12.9 16.8 12.9 80.0 100 100 29 430 0 334 0 232 232 232 2 3 1 59.9 50.0 AUTO_PARK 0 
b.1 2025-09-26 00:21:13.671 a 2025-09-26-00:21:11 194 225 250 2.9 9.0 13.7 15.2 15.9 729.7 0.00 0 0.0 17.8 24.1 24.4 3.628  -50.0   19.9   26.1  15   -7.2  15 0 0 1 2 2 0 16.7 12.6 16.7 12.7 80.0 100 100 28 431 0 327 0 231 232 232 2 3 1 60.0 50.0 AUTO_PARK 0 
b.1 2025-09-26 00:22:13.756 a 2025-09-26-00:22:11 181 219 251 5.3 9.7 14.9 15.2 15.3 729.7 0.00 0 0.0 17.6 24.1 24.5 3.628  -48.2   19.9   32.0  15   -7.3  16 0 0 1 3 2 1 16.6 12.3 16.7 12.4 80.0 100 100 28 433 0 324 0 232 232 232 2 3 1 59.9 50.0 AUTO_PARK 0 
b.1 2025-09-26 00:23:13.411 a 2025-09-26-00:23:11 112 219 265 0.4 8.6 13.7 15.2 15.6 729.6 0.00 0 0.0 17.6 24.1 24.4 3.627  -48.9   19.8   28.7  15   -7.5  16 0 0 1 2 2 0 16.6 12.3 16.7 12.3 80.0 100 100 28 432 0 326 0 231 232 232 2 3 2 59.9 50.0 AUTO_PARK 0 
b.1 2025-09-26 00:24:13.092 a 2025-09-26-00:24:11 174 219 253 3.5 7.5 11.4 15.1 15.0 729.6 0.00 0 0.0 17.6 24.1 24.4 3.628  -53.1   19.8   23.4  15   -7.6  16 0 0 1 2 2 0 16.6 12.2 16.6 12.2 80.0 100 100 28 431 0 331 0 231 232 232 2 3 2 59.9 50.0 AUTO_PARK 0 
b.1 2025-09-26 00:25:15.776 a 2025-09-26-00:25:13 167 214 241 1.9 7.0 11.8 15.0 14.8 729.7 0.00 0 0.0 17.6 24.1 24.4 3.627  -48.9   19.7   17.6  15   -7.7   5 0 0 1 2 2 0 16.5 12.1 16.6 12.1 80.0 100 100 28 432 0 336 0 231 232 232 2 3 2 59.9 50.0 AUTO_PARK 0 
b.1 2025-09-26 00:26:13.494 a 2025-09-26-00:26:11 140 216 263 2.1 8.0 12.7 14.9 14.6 729.6 0.00 0 0.0 17.5 24.1 24.4 3.635  -49.2   19.7   22.0  15   -7.8  14 0 0 1 2 2 0 16.6 12.1 16.6 12.1 80.0 100 100 28 432 0 335 0 231 232 232 2 3 2 59.9 50.0 AUTO_PARK 0 
b.1 2025-09-26 00:27:13.019 a 2025-09-26-00:27:11 205 229 261 2.7 9.2 13.2 14.9 15.8 729.6 0.00 0 0.0 17.4 24.1 24.4 3.628  -50.5   19.6   29.6  15   -7.8  19 0 0 1 2 2 0 16.5 12.0 16.6 12.1 80.0 100 100 28 433 0 318 0 231 232 232 2 3 2 59.9 50.0 AUTO_PARK 0 
b.1 2025-09-26 00:28:12.953 a 2025-09-26-00:28:11 192 223 242 2.9 7.4 11.2 14.9 15.4 729.7 0.00 0 0.0 17.4 24.1 24.4 3.627  -45.0   19.6   22.9  15   -7.7  16 0 0 1 2 2 0 16.5 12.1 16.5 12.1 80.0 100 100 28 432 0 327 0 231 232 232 2 3 2 59.9 50.0 AUTO_PARK 0 
b.1 2025-09-26 00:29:13.496 a 2025-09-26-00:29:11 177 222 251 3.0 7.8 11.5 14.9 14.9 729.6 0.00 0 0.0 17.5 24.1 24.4 3.627  -50.3   19.6   23.5  15   -7.7  16 0 0 1 2 2 0 16.5 12.2 16.6 12.2 80.0 100 100 28 433 0 327 0 231 232 232 2 3 2 59.9 50.0 AUTO_PARK 0 
b.1 2025-09-26 00:30:15.792 a 2025-09-26-00:30:13 171 224 259 3.4 8.3 14.1 14.9 14.7 729.6 0.00 0 0.0 17.5 24.1 24.5 3.628  -49.2   19.6   24.2  15   -7.7  10 0 0 1 2 2 0 16.5 12.3 16.6 12.2 80.0 100 100 28 433 0 325 0 231 232 232 2 3 2 59.9 50.0 AUTO_PARK 0 
b.1 2025-09-26 00:31:14.115 a 2025-09-26-00:31:12 206 233 260 4.7 11.2 15.0 15.0 17.4 729.7 0.00 0 0.0 17.1 24.1 24.5 3.627  -51.2   19.6   41.8  15   -7.9  15 0 0 1 3 2 1 16.5 12.2 16.6 12.2 80.0 100 100 28 433 0 320 0 232 232 232 2 3 2 59.9 50.0 AUTO_PARK 0 
b.1 2025-09-26 00:32:11.599 a 2025-09-26-00:32:09 189 226 271 2.0 6.3 9.3 14.9 15.0 729.6 0.00 0 0.0 17.4 24.1 24.5 3.628  -47.4   19.6   22.8  15   -7.8  12 0 0 1 2 2 0 16.5 12.3 16.5 12.2 80.0 100 100 28 432 0 327 0 232 231 232 2 3 2 59.9 50.0 AUTO_PARK 0 
b.1 2025-09-26 00:33:15.019 a 2025-09-26-00:33:13 016 225 138 0.5 6.7 11.0 14.9 15.1 729.6 0.00 0 0.0 17.6 24.1 24.4 3.627  -47.3   19.6   18.4  15   -7.9  17 0 0 1 2 2 0 16.5 12.4 16.5 12.4 80.0 100 100 28 433 0 320 0 231 232 232 2 3 2 59.9 50.0 AUTO_PARK 0 
b.1 2025-09-26 00:34:12.316 a 2025-09-26-00:34:10 193 228 265 5.5 9.4 13.6 15.0 16.1 729.5 0.00 0 0.0 17.3 24.1 24.4 3.628  -51.1   19.5   28.8  15   -7.9  16 0 0 1 2 2 0 16.5 12.5 16.5 12.5 80.0 100 100 28 433 0 324 0 231 232 232 2 3 1 60.0 50.0 AUTO_PARK 0 
b.1 2025-09-26 00:35:14.076 a 2025-09-26-00:35:12 149 225 257 1.8 7.3 12.4 15.0 16.4 729.5 0.00 0 0.0 17.3 24.1 24.4 3.628  -46.5   19.5   21.8  15   -7.8  16 0 0 1 2 2 0 16.5 12.8 16.5 12.8 80.0 100 100 28 432 0 334 0 231 232 232 2 3 2 59.9 50.0 AUTO_PARK 0 
b.1 2025-09-26 00:36:14.836 a 2025-09-26-00:36:12 199 227 267 2.7 8.6 13.4 15.0 16.6 729.5 0.00 0 0.0 17.2 24.1 24.4 3.626  -48.9   19.5   27.6  15   -7.7  16 0 0 1 2 2 0 16.5 13.1 16.5 13.1 80.0 100 100 28 433 0 333 0 232 232 232 2 3 2 60.0 50.0 AUTO_PARK 0 
b.1 2025-09-26 00:37:14.016 a 2025-09-26-00:37:12 193 224 254 2.7 7.7 11.8 14.9 17.0 729.6 0.00 0 0.0 17.2 24.1 24.4 3.628  -49.2   19.5   25.1  15   -7.6  16 0 0 1 2 2 0 16.5 13.3 16.5 13.3 80.0 100 100 28 432 0 337 0 231 232 232 2 3 2 59.9 50.0 AUTO_PARK 0 
b.1 2025-09-26 00:38:12.380 a 2025-09-26-00:38:10 184 222 271 1.0 7.8 12.6 14.9 16.7 729.6 0.00 0 0.0 17.2 24.1 24.4 3.634  -48.1   19.5   25.0  15   -7.6  16 0 0 1 2 2 0 16.4 13.4 16.5 13.4 80.0 100 100 28 432 0 335 0 232 232 232 2 3 2 59.9 50.0 AUTO_PARK 0 
b.1 2025-09-26 00:39:13.101 a 2025-09-26-00:39:11 144 224 266 1.7 8.3 13.8 14.9 16.8 729.6 0.00 0 0.0 17.1 24.1 24.4 3.628  -48.5   19.5   24.2  15   -7.5  16 0 0 1 2 2 0 16.4 13.5 16.5 13.5 80.0 100 100 28 432 0 334 0 231 232 232 2 3 2 59.9 50.0 AUTO_PARK 0 
b.1 2025-09-26 00:40:15.779 a 2025-09-26-00:40:13 186 228 268 1.8 6.6 12.5 14.9 16.1 729.5 0.00 0 0.0 17.3 24.1 24.4 3.626  -47.0   19.4   18.9  15   -7.5  10 0 0 1 2 2 0 16.4 13.5 16.5 13.5 80.0 100 100 28 432 0 319 0 232 232 232 2 3 2 59.9 50.0 AUTO_PARK 0 
b.1 2025-09-26 00:41:13.058 a 2025-09-26-00:41:11 185 224 259 2.3 8.3 14.8 14.9 18.2 729.5 0.00 0 0.0 17.3 24.1 24.4 3.635  -50.3   19.4   23.2  15   -7.4  12 0 0 1 2 2 0 16.4 13.6 16.4 13.7 80.0 100 100 28 432 0 324 0 232 231 232 2 3 2 59.9 50.0 AUTO_PARK 0 
b.1 2025-09-26 00:42:12.476 a 2025-09-26-00:42:10 127 219 259 1.3 9.0 16.3 14.9 17.3 729.5 0.00 0 0.0 17.0 24.1 24.4 3.627  -51.3   19.4   26.0  15   -7.5  17 0 0 1 2 2 0 16.4 13.6 16.4 13.6 80.0 100 100 28 432 0 330 0 231 231 232 2 3 2 59.9 50.0 AUTO_PARK 0 
b.1 2025-09-26 00:43:11.500 a 2025-09-26-00:43:09 183 224 255 4.2 11.1 14.8 14.8 17.2 729.5 0.00 0 0.0 16.7 24.1 24.4 3.627  -50.2   19.4   39.1  15   -7.5  18 0 0 1 3 2 1 16.4 13.6 16.4 13.6 80.0 100 100 28 431 0 334 0 232 232 232 2 3 2 59.9 50.0 AUTO_PARK 0 
b.1 2025-09-26 00:44:13.480 a 2025-09-26-00:44:11 196 224 255 5.2 10.4 14.8 14.7 17.7 729.4 0.00 0 0.0 16.6 24.1 24.4 3.628  -49.9   19.3   42.3  15   -7.5  18 0 0 1 3 2 1 16.3 13.6 16.4 13.6 80.0 100 100 28 430 0 319 0 231 231 232 2 3 2 59.9 50.0 AUTO_PARK 0 
b.1 2025-09-26 00:45:14.338 a 2025-09-26-00:45:12 105 216 292 0.2 8.9 15.7 14.7 17.7 729.4 0.00 0 0.0 16.5 24.1 24.5 3.628  -45.0   19.3   34.9  15   -7.5  18 0 0 1 3 2 1 16.3 13.6 16.3 13.6 80.0 100 100 28 424 0 335 0 232 232 232 2 3 2 59.9 50.0 AUTO_PARK 0 
b.1 2025-09-26 00:46:12.640 a 2025-09-26-00:46:10 152 209 275 0.2 6.6 13.7 14.7 16.6 729.4 0.00 0 0.0 16.7 24.1 24.4 3.626  -49.8   19.2   24.1  16   -7.5   5 0 0 1 2 2 0 16.3 13.7 16.3 13.7 80.0 100 100 28 431 0 332 0 232 232 232 2 3 2 59.9 50.0 AUTO_PARK 0 
b.1 2025-09-26 00:47:13.279 a 2025-09-26-00:47:11 187 221 323 1.6 8.7 13.5 14.6 16.4 729.5 0.00 0 0.0 16.5 24.1 24.4 3.628  -50.6   19.2   25.9  15   -7.6  14 0 0 1 2 2 0 16.3 13.5 16.3 13.5 80.0 100 100 28 432 0 326 0 232 232 232 2 3 2 59.9 50.0 AUTO_PARK 0 
b.1 2025-09-26 00:48:14.841 a 2025-09-26-00:48:12 186 219 247 3.7 8.9 13.1 14.5 16.6 729.5 0.00 0 0.0 16.4 24.1 24.4 3.627  -52.5   19.1   27.8  15   -7.7  16 0 0 1 2 2 0 16.3 13.4 16.3 13.4 80.0 100 100 28 433 0 322 0 232 232 232 2 3 1 60.0 50.0 AUTO_PARK 0 
b.1 2025-09-26 00:49:11.441 a 2025-09-26-00:49:09 171 215 241 3.1 9.3 14.1 14.5 16.6 729.5 0.00 0 0.0 16.3 24.1 24.4 3.634  -53.6   19.1   30.1  15   -7.7  16 0 0 1 3 2 1 16.2 13.5 16.2 13.5 80.0 100 100 28 431 0 337 0 231 232 232 2 3 2 60.0 50.0 AUTO_PARK 0 
b.1 2025-09-26 00:50:14.160 a 2025-09-26-00:50:12 162 225 331 2.1 7.4 12.8 14.5 16.3 729.4 0.00 0 0.0 16.4 24.1 24.4 3.634  -49.2   19.0   25.3  15   -7.8  16 0 0 1 2 2 0 16.2 13.5 16.2 13.5 80.0 100 100 28 432 0 334 0 232 232 232 2 3 2 59.9 50.0 AUTO_PARK 0 
b.1 2025-09-26 00:51:11.861 a 2025-09-26-00:51:09 174 220 277 0.9 7.2 11.4 14.5 16.3 729.4 0.00 0 0.0 16.4 24.1 24.5 3.627  -48.3   19.0   21.6  16   -7.8  16 0 0 1 2 2 0 16.2 13.5 16.2 13.5 80.0 100 100 28 433 0 317 0 232 231 232 2 3 2 59.9 50.0 AUTO_PARK 0 
b.1 2025-09-26 00:52:13.568 a 2025-09-26-00:52:11 198 225 267 4.8 8.5 11.3 14.5 16.3 729.4 0.00 0 0.0 16.5 24.1 24.5 3.628  -49.4   18.9   27.1  16   -7.7  16 0 0 1 2 2 0 16.2 13.5 16.2 13.6 80.0 100 100 28 433 0 334 0 232 232 232 2 3 2 59.9 50.0 AUTO_PARK 0 
b.1 2025-09-26 00:53:12.519 a 2025-09-26-00:53:10 152 224 263 2.9 6.8 10.7 14.5 16.4 729.4 0.00 0 0.0 16.5 24.1 24.4 3.628  -51.8   18.9   21.4  16   -7.7  16 0 0 1 2 2 0 16.1 13.6 16.2 13.6 80.0 100 100 28 432 0 336 0 231 232 232 2 3 2 60.0 50.0 AUTO_PARK 0 
b.1 2025-09-26 00:54:12.263 a 2025-09-26-00:54:10 081 225 286 1.3 7.7 11.7 14.5 17.3 729.4 0.00 0 0.0 16.4 24.1 24.4 3.635  -49.5   18.9   22.6  16   -7.7  16 0 0 1 2 2 0 16.1 13.6 16.2 13.6 80.0 100 100 28 433 0 317 0 231 232 232 2 3 2 59.9 50.0 AUTO_PARK 0 
b.1 2025-09-26 00:55:14.878 a 2025-09-26-00:55:12 195 226 263 3.5 9.9 14.7 14.5 16.6 729.4 0.00 0 0.0 16.2 24.1 24.5 3.628  -50.0   18.9   30.3  16   -7.7  16 0 0 1 3 2 1 16.1 13.6 16.2 13.6 80.0 100 100 28 433 0 327 0 232 232 232 2 3 1 59.9 50.0 AUTO_PARK 0 
b.1 2025-09-26 00:56:12.881 a 2025-09-26-00:56:10 193 218 243 4.8 9.4 14.6 14.4 17.1 729.4 0.00 0 0.0 16.1 24.1 24.4 3.627  -58.6   18.9   33.8  16   -7.7  16 0 0 1 3 2 1 16.1 13.6 16.2 13.6 80.0 100 100 28 432 0 326 0 232 232 232 2 3 2 59.9 50.0 AUTO_PARK 0 
b.1 2025-09-26 00:57:09.982 a 2025-09-26-00:57:08 188 218 254 2.9 10.2 14.6 14.4 16.8 729.3 0.00 0 0.0 15.9 24.1 24.4 3.628  -48.5   18.8   34.4  16   -7.8  16 0 0 1 3 2 1 16.1 13.6 16.1 13.6 80.0 100 100 28 433 0 330 0 232 231 232 2 3 2 60.0 50.0 AUTO_PARK 0 
b.1 2025-09-26 00:58:13.924 a 2025-09-26-00:58:11 130 220 242 1.0 9.8 14.4 14.3 17.1 729.3 0.00 0 0.0 15.9 24.1 24.5 3.628  -49.8   18.8   34.9  16   -7.8  17 0 0 1 3 2 1 16.0 13.7 16.1 13.7 80.0 100 100 28 433 0 329 0 231 232 232 2 3 2 60.0 50.0 AUTO_PARK 0 
b.1 2025-09-26 00:59:13.701 a 2025-09-26-00:59:11 183 217 239 5.1 10.2 14.8 14.3 18.4 729.3 0.00 0 0.0 15.7 24.1 24.4 3.627  -50.3   18.7   34.4  16   -7.8  17 0 0 1 3 2 1 16.0 13.8 16.1 13.8 80.0 100 100 28 432 0 321 0 232 231 232 2 3 1 59.9 50.0 AUTO_PARK 0 
b.1 2025-09-26 01:00:14.042 a 2025-09-26-01:00:12 180 217 243 3.6 9.2 13.6 14.2 16.9 729.3 0.00 0 0.0 15.8 24.1 24.4 3.635  -48.2   18.7   32.8  16   -7.8  17 0 0 1 3 2 1 16.0 13.8 16.0 13.8 80.0 100 100 28 433 0 325 0 231 232 232 2 3 2 60.0 50.0 AUTO 0 
b.1 2025-09-26 01:01:11.844 a 2025-09-26-01:01:09 180 214 253 2.0 5.8 10.3 14.2 16.0 729.2 0.00 0 0.0 15.9 24.1 24.4 3.628  -46.3   18.6   17.9  16   -7.8   5 0 0 1 2 2 0 16.0 13.8 16.0 13.8 80.0 100 100 28 433 0 329 0 232 232 232 2 3 1 59.9 50.0 AUTO 0 
b.1 2025-09-26 01:02:15.262 a 2025-09-26-01:02:13 196 220 265 1.7 6.9 11.7 14.2 16.0 729.2 0.00 0 0.0 16.0 24.1 24.5 3.627  -49.5   18.6   18.9  16   -7.8  12 0 0 1 2 2 0 16.0 13.9 16.0 13.9 80.0 100 100 28 433 0 325 0 232 232 232 2 3 2 60.0 50.0 AUTO 0 
b.1 2025-09-26 01:03:13.042 a 2025-09-26-01:03:11 018 223 188 2.2 6.9 10.3 14.2 16.4 729.2 0.00 0 0.0 16.0 24.1 24.4 3.628  -48.7   18.6   18.4  16   -7.8  15 0 0 1 2 2 0 16.0 13.9 16.0 13.9 80.0 100 100 28 432 0 328 0 231 232 232 2 3 2 60.0 50.0 AUTO 0 
b.1 2025-09-26 01:04:12.507 a 2025-09-26-01:04:10 192 225 252 4.2 8.1 13.5 14.3 16.6 729.2 0.00 0 0.0 16.0 24.1 24.4 3.628  -50.8   18.6   23.2  16   -7.7  20 0 0 1 2 2 0 16.0 13.9 16.0 13.9 80.0 100 100 28 432 0 317 0 231 232 232 2 3 2 60.0 50.0 AUTO 0 
b.1 2025-09-26 01:05:13.503 a 2025-09-26-01:05:11 136 212 248 1.6 7.4 10.9 14.3 16.4 729.2 0.00 0 0.0 15.8 24.1 24.5 3.627  -46.5   18.6   20.1  16   -7.7  17 0 0 1 2 2 0 16.0 14.0 16.0 14.0 80.0 100 100 28 432 0 326 0 232 232 232 2 3 2 60.0 50.0 AUTO 0 
b.1 2025-09-26 01:06:13.723 a 2025-09-26-01:06:11 120 223 245 1.4 8.7 13.3 14.3 16.8 729.1 0.00 0 0.0 15.7 24.1 24.5 3.628  -53.0   18.6   24.5  16   -7.7  17 0 0 1 2 2 0 16.0 14.0 16.0 14.0 80.0 100 100 28 431 0 321 0 231 232 232 2 3 2 60.0 50.0 AUTO 0 
b.1 2025-09-26 01:07:13.528 a 2025-09-26-01:07:11 175 222 250 5.4 9.0 13.1 14.2 17.1 729.2 0.00 0 0.0 15.6 24.1 24.5 3.627  -51.8   18.6   30.3  16   -7.6  17 0 0 1 3 2 1 15.9 14.1 16.0 14.1 80.0 100 100 28 433 0 318 0 232 232 232 2 3 1 60.0 50.0 AUTO 0 
b.1 2025-09-26 01:08:13.368 a 2025-09-26-01:08:11 180 217 247 2.0 8.3 12.7 14.1 17.6 729.2 0.00 0 0.0 15.5 24.1 24.4 3.628  -47.0   18.5   26.5  16   -7.7  17 0 0 1 2 2 0 15.9 14.2 16.0 14.2 80.0 100 100 28 432 0 320 0 232 232 232 2 3 1 60.0 50.0 AUTO 0 
b.1 2025-09-26 01:09:14.667 a 2025-09-26-01:09:12 187 223 256 0.9 9.3 13.7 14.1 18.9 729.1 0.00 0 0.0 15.4 24.1 24.5 3.628  -48.1   18.5   30.4  16   -7.7  17 0 0 1 3 2 1 15.9 14.3 15.9 14.3 80.0 100 100 28 432 0 335 0 231 232 232 2 3 2 60.0 50.0 AUTO 0 
b.1 2025-09-26 01:10:14.223 a 2025-09-26-01:10:12 197 224 264 2.2 7.8 14.6 14.0 17.5 729.0 0.00 0 0.0 15.4 24.1 24.5 3.631  -54.0   18.5   28.3  16   -7.6  17 0 0 1 2 2 0 15.8 14.5 15.9 14.5 80.0 100 100 28 432 0 332 0 232 232 232 2 3 2 60.0 50.0 AUTO 0 
b.1 2025-09-26 01:11:10.543 a 2025-09-26-01:11:08 108 220 310 0.8 10.1 15.1 14.0 18.2 729.0 0.00 0 0.0 15.2 24.1 24.4 3.628  -50.4   18.4   36.6  16   -7.6  17 0 0 1 3 2 1 15.8 14.5 15.9 14.5 80.0 100 100 28 432 0 328 0 231 232 232 2 3 1 60.0 50.0 AUTO 0 
b.1 2025-09-26 01:12:13.467 a 2025-09-26-01:12:11 108 228 291 1.0 8.1 14.3 13.9 19.3 729.1 0.00 0 0.0 15.1 24.1 24.4 3.627  -46.4   18.4   32.0  16   -7.6  17 0 0 1 3 2 1 15.8 14.6 15.8 14.6 80.0 100 100 28 433 0 327 0 231 232 232 2 3 2 60.0 50.0 AUTO 0 
b.1 2025-09-26 01:13:13.305 a 2025-09-26-01:13:11 191 222 249 3.8 10.2 15.6 13.8 17.5 729.1 0.00 0 0.0 15.0 24.1 24.5 3.628  -55.0   18.3   37.6  16   -7.6  17 0 0 1 3 2 1 15.7 14.6 15.8 14.6 80.0 100 100 28 433 0 323 0 232 231 232 2 3 1 60.0 50.0 AUTO 0 
b.1 2025-09-26 01:14:12.265 a 2025-09-26-01:14:10 176 228 287 2.7 10.7 15.5 13.8 18.7 729.2 0.00 0 0.0 15.0 24.1 24.4 3.627  -53.0   18.2   43.8  16   -7.7  18 0 0 1 3 2 1 15.7 14.4 15.7 14.5 80.0 100 100 28 432 0 337 0 231 231 232 2 3 2 60.0 50.0 AUTO 0 
b.1 2025-09-26 01:15:16.507 a 2025-09-26-01:15:14 176 225 253 3.7 10.9 15.7 13.7 18.1 729.1 0.00 0 0.0 15.0 24.1 24.5 3.628  -52.7   18.2   46.9  16   -7.8  20 0 0 1 3 2 1 15.6 14.1 15.7 14.2 80.0 100 100 28 432 0 44 0 232 232 232 11 12 16 60.0 50.0 AUTO 0 
b.1 2025-09-26 01:16:12.664 a 2025-09-26-01:16:10 132 223 281 1.4 9.3 14.2 13.6 18.1 729.1 0.00 0 0.0 14.9 24.1 24.5 3.628  -51.4   18.1   39.6  16   -7.9  20 0 0 1 3 2 1 15.6 14.1 15.6 14.1 80.0 100 100 28 433 0 56 0 231 231 231 11 12 11 60.0 50.0 AUTO 0 
b.1 2025-09-26 01:17:15.088 a 2025-09-26-01:17:13 166 223 251 3.4 10.1 14.8 13.6 18.2 729.1 0.00 0 0.0 14.9 23.9 23.4 3.634  -53.3   18.0   41.1  16   -7.9  10 0 0 1 3 2 1 15.5 14.1 15.6 14.1 80.0 100 100 28 432 0 56 0 231 231 231 11 12 11 59.9 50.0 AUTO 0 
b.1 2025-09-26 01:18:12.424 a 2025-09-26-01:18:10 167 218 252 2.5 9.5 13.6 13.5 16.5 729.0 0.00 0 0.0 15.0 24.1 24.4 3.627  -46.7   17.9   32.7  16   -8.0  15 0 0 1 3 2 1 15.5 14.2 15.5 14.2 80.0 100 100 28 431 0 57 0 232 232 232 11 12 11 60.0 50.0 AUTO 0 
b.1 2025-09-26 01:19:14.467 a 2025-09-26-01:19:12 151 212 295 0.4 6.9 13.1 13.5 16.8 729.0 0.00 0 0.0 15.0 24.1 24.4 3.628  -50.3   17.9   23.2  16   -8.1  16 0 0 1 2 2 0 15.4 14.5 15.5 14.5 80.0 100 100 28 432 0 56 0 231 231 232 11 12 11 60.0 50.0 AUTO 0 
b.1 2025-09-26 01:20:14.808 a 2025-09-26-01:20:12 162 221 246 4.0 8.5 13.2 13.5 17.7 728.9 0.00 0 0.0 15.0 23.9 23.4 3.635  -48.5   17.8   28.8  16   -8.1  16 0 0 1 2 2 0 15.4 14.6 15.4 14.7 80.0 100 100 28 432 0 56 0 231 231 231 11 12 11 60.0 50.0 AUTO 0 
b.1 2025-09-26 01:21:13.950 a 2025-09-26-01:21:11 189 222 252 5.4 9.5 14.0 13.5 18.0 728.9 0.00 0 0.0 14.9 24.0 24.4 3.628  -48.9   17.8   33.0  16   -8.1  17 0 0 1 3 2 1 15.4 14.6 15.3 14.6 80.0 100 100 28 433 0 55 0 231 231 232 11 11 11 60.0 50.0 AUTO 0 
b.1 2025-09-26 01:22:12.569 a 2025-09-26-01:22:10 164 218 249 2.5 8.3 14.2 13.5 18.0 728.9 0.00 0 0.0 14.9 24.0 23.4 3.634  -50.7   17.7   29.7  16   -8.1  17 0 0 1 2 1 0 15.3 14.7 15.3 14.8 80.0 100 100 28 433 0 56 0 231 231 231 11 12 11 59.9 50.0 AUTO 0 
b.1 2025-09-26 01:23:15.148 a 2025-09-26-01:23:13 199 224 251 5.0 10.4 14.8 13.5 18.2 728.9 0.00 0 0.0 15.0 24.1 24.4 3.634  -52.3   17.7   36.0  16   -8.1  17 0 0 1 3 1 1 15.2 15.0 15.2 15.0 80.0 100 100 28 433 0 56 0 231 231 232 11 12 11 60.0 50.0 AUTO 0 
b.1 2025-09-26 01:24:12.171 a 2025-09-26-01:24:10 172 217 249 2.0 9.7 13.8 13.4 18.5 728.8 0.00 0 0.0 15.0 24.1 24.4 3.628  -52.8   17.6   35.6  16   -8.1  17 0 0 1 3 1 1 15.1 15.0 15.2 15.0 80.0 100 100 28 432 0 56 0 231 231 232 11 12 10 59.9 50.0 AUTO 0 
b.1 2025-09-26 01:25:14.528 a 2025-09-26-01:25:12 187 220 238 3.0 9.9 13.9 13.4 18.3 728.7 0.00 0 0.0 15.0 24.0 23.4 3.635  -50.9   17.6   38.4  17   -8.1  18 0 0 1 3 1 1 15.0 15.1 15.2 15.0 80.0 100 100 28 433 0 56 0 231 232 232 11 12 10 59.9 50.0 AUTO 0 
b.1 2025-09-26 01:26:12.789 a 2025-09-26-01:26:10 174 213 247 2.7 9.1 14.0 13.4 18.4 728.7 0.00 0 0.0 14.9 24.1 24.5 3.628  -48.4   17.6   30.9  17   -8.1  18 0 0 1 3 1 1 15.0 15.2 15.1 15.1 80.0 100 100 28 433 0 56 0 232 232 232 11 12 11 59.9 50.0 AUTO 0 
b.1 2025-09-26 01:27:11.332 a 2025-09-26-01:27:09 185 216 247 2.2 8.8 14.6 13.3 18.0 728.7 0.00 0 0.0 14.9 24.1 24.5 3.628  -50.8   17.5   29.5  17   -8.1  18 0 0 1 2 1 0 14.9 15.4 15.1 15.1 80.0 100 100 28 433 0 56 0 231 231 232 11 12 11 59.9 50.0 AUTO 0 
b.1 2025-09-26 01:28:11.875 a 2025-09-26-01:28:09 180 221 276 4.4 10.0 15.6 13.3 18.8 728.7 0.00 0 0.0 14.9 23.9 23.4 3.635  -53.0   17.4   35.5  17   -8.2  18 0 0 1 3 1 1 14.9 15.2 15.0 15.2 80.0 100 100 28 432 0 56 0 232 232 232 11 12 11 59.9 50.0 AUTO 0 
b.1 2025-09-26 01:29:12.450 a 2025-09-26-01:29:10 184 222 250 4.7 8.9 13.2 13.3 17.5 728.8 0.00 0 0.0 14.9 23.8 23.4 3.634  -53.5   17.4   35.1  17   -8.1  18 0 0 1 3 1 1 14.8 15.2 15.0 15.0 80.0 100 100 28 432 0 55 0 231 231 232 11 12 11 59.9 50.0 AUTO 0 
b.1 2025-09-26 01:30:14.651 a 2025-09-26-01:30:12 164 220 290 2.4 9.2 16.1 13.2 17.5 728.6 0.00 0 0.0 14.9 23.6 23.4 3.635  -54.8   17.3   36.7  17   -8.2  18 0 0 1 3 1 1 14.8 15.2 15.0 15.0 80.0 100 100 28 433 0 57 0 231 232 231 11 12 10 59.9 50.0 AUTO 0 
b.1 2025-09-26 01:31:14.112 a 2025-09-26-01:31:12 168 222 293 1.2 8.8 14.4 13.2 18.6 728.7 0.00 0 0.0 14.9 24.0 23.4 3.634  -52.8   17.3   29.5  17   -8.3  18 0 0 1 2 1 0 14.7 15.0 15.0 14.8 80.0 100 100 28 432 0 56 0 231 231 232 11 12 11 59.9 50.0 AUTO 0 
b.1 2025-09-26 01:32:14.973 a 2025-09-26-01:32:13 194 221 246 3.2 10.6 16.0 13.1 17.9 728.6 0.00 0 0.0 14.8 23.8 23.4 3.634  -50.2   17.2   41.0  16   -8.4  18 0 0 1 3 1 1 14.7 14.9 14.9 14.7 80.0 100 100 28 433 0 56 0 231 231 231 11 12 11 59.9 50.0 AUTO 0 
b.1 2025-09-26 01:33:13.233 a 2025-09-26-01:33:11 188 220 253 6.0 11.1 15.4 13.1 18.5 728.6 0.00 0 0.0 14.9 23.8 23.4 3.633  -52.2   17.2   42.6  16   -8.4  18 0 0 1 3 1 1 14.6 14.9 14.9 14.7 80.0 100 100 28 433 0 57 0 232 231 232 11 11 11 59.9 50.0 AUTO 0 
b.1 2025-09-26 01:34:12.332 a 2025-09-26-01:34:10 200 225 246 6.3 10.7 15.2 13.0 18.4 728.6 0.00 0 0.0 15.0 23.9 23.4 3.635  -54.0   17.1   44.5  16   -8.5  22 0 0 1 3 1 1 14.5 14.9 14.8 14.7 80.0 100 100 28 432 0 56 0 231 231 232 11 12 11 59.9 50.0 AUTO 0 
b.1 2025-09-26 01:35:14.589 a 2025-09-26-01:35:12 197 221 261 6.2 11.5 15.4 13.0 18.2 728.7 0.00 0 0.0 14.9 23.8 23.4 3.634  -54.3   17.1   51.7  16   -8.5  23 0 0 1 3 1 1 14.5 15.0 14.7 14.6 80.0 100 100 28 433 0 57 0 231 231 231 11 12 11 59.9 50.0 AUTO 0 
b.1 2025-09-26 01:36:13.834 a 2025-09-26-01:36:11 185 218 255 4.4 10.4 15.1 13.0 17.9 728.6 0.00 0 0.0 14.9 23.7 23.4 3.634  -52.6   17.0   40.4  16   -8.6  20 0 0 1 3 1 1 14.4 15.0 14.7 14.7 80.0 100 100 28 433 0 56 0 231 231 232 11 12 11 59.9 50.0 AUTO 0 
b.1 2025-09-26 01:37:11.776 a 2025-09-26-01:37:09 190 220 256 3.7 10.6 15.3 12.9 17.7 728.6 0.00 0 0.0 15.0 24.1 24.4 3.627  -53.3   16.9   41.8  16   -8.7  20 0 0 1 3 1 1 14.4 14.9 14.7 14.6 80.0 100 100 28 433 0 56 0 231 231 232 11 12 11 59.9 50.0 AUTO 0 
b.1 2025-09-26 01:38:14.171 a 2025-09-26-01:38:12 190 220 258 5.5 10.7 15.7 12.9 18.4 728.6 0.00 0 0.0 14.9 24.0 24.4 3.634  -52.2   16.9   38.8  16   -8.8  20 0 0 1 3 1 1 14.3 14.8 14.6 14.5 80.0 100 100 28 433 0 56 0 232 231 231 11 12 11 59.9 50.0 AUTO 0 
b.1 2025-09-26 01:39:13.351 a 2025-09-26-01:39:11 199 221 243 7.4 12.4 17.4 12.9 18.8 728.7 0.00 0 0.0 14.9 23.9 23.4 3.633  -52.8   16.8   47.6  16   -8.8  20 0 0 1 3 1 1 14.3 15.0 14.6 14.6 80.0 100 100 28 433 0 57 0 231 232 232 11 12 11 59.9 50.0 AUTO 0 
b.1 2025-09-26 01:40:15.572 a 2025-09-26-01:40:13 197 227 253 6.3 12.5 17.8 12.8 18.8 728.7 0.00 0 0.0 14.9 23.6 23.4 3.634  -52.8   16.7   51.9  16   -8.9  20 0 0 1 3 1 1 14.2 14.9 14.6 14.5 80.0 100 100 28 432 0 56 0 231 232 232 11 12 11 59.9 50.0 AUTO 0 
b.1 2025-09-26 01:41:12.996 a 2025-09-26-01:41:11 116 227 258 2.7 11.3 17.2 12.8 18.8 728.6 0.00 0 0.0 14.8 23.6 23.4 3.634  -48.5   16.6   50.7  16   -8.9  20 0 0 1 3 1 1 14.2 15.0 14.5 14.7 80.0 100 100 28 432 0 57 0 232 231 231 11 12 10 60.0 50.0 AUTO 0 
b.1 2025-09-26 01:42:14.732 a 2025-09-26-01:42:12 180 221 257 5.4 11.1 15.3 12.7 18.2 728.6 0.00 0 0.0 14.8 23.7 23.4 3.634  -51.5   16.5   45.3  17   -8.9  20 0 0 1 3 1 1 14.2 15.1 14.5 14.9 80.0 100 100 28 433 0 56 0 231 231 232 11 12 11 59.9 50.0 AUTO 0 
b.1 2025-09-26 01:43:13.276 a 2025-09-26-01:43:11 171 215 241 3.5 11.5 16.0 12.7 18.3 728.7 0.00 0 0.0 14.7 23.3 23.4 3.635  -54.9   16.5   44.6  17   -8.9  20 0 0 1 3 1 1 14.1 15.5 14.4 15.2 80.0 100 100 28 431 0 56 0 231 232 232 11 12 11 59.9 50.0 AUTO 0 
b.1 2025-09-26 01:44:13.634 a 2025-09-26-01:44:11 195 225 251 4.3 11.5 17.9 12.6 19.9 728.6 0.00 0 0.0 14.8 23.7 23.4 3.633  -50.6   16.4   42.3  17   -8.9  20 0 0 1 3 1 1 14.1 15.8 14.4 15.5 80.0 100 100 28 433 0 56 0 231 232 232 11 12 11 59.9 50.0 AUTO 0 
b.1 2025-09-26 01:45:15.979 a 2025-09-26-01:45:13 200 228 263 4.0 8.7 16.9 12.6 18.2 728.5 0.00 0 0.0 15.0 24.1 24.5 3.628  -49.9   16.3   28.9  17   -8.8   5 0 0 1 2 1 0 14.0 16.2 14.3 15.9 80.0 100 100 29 430 0 57 0 232 231 231 11 12 11 59.9 50.0 AUTO 0 
b.1 2025-09-26 01:46:13.773 a 2025-09-26-01:46:11 178 221 246 2.8 9.2 13.9 12.6 18.3 728.5 0.00 0 0.0 15.0 24.1 24.4 3.627  -46.2   16.3   28.5  17   -8.8  14 0 0 1 2 1 0 14.0 15.9 14.3 15.6 80.0 100 100 28 432 0 56 0 232 231 232 11 12 11 59.9 50.0 AUTO 0 
b.1 2025-09-26 01:47:11.897 a 2025-09-26-01:47:09 184 217 246 2.5 9.9 15.6 12.6 19.2 728.5 0.00 0 0.0 15.0 23.9 23.4 3.634  -52.9   16.3   33.4  17   -8.7  19 0 0 1 3 1 1 13.9 16.0 14.3 15.7 80.0 100 100 28 435 0 49 0 232 231 231 12 12 11 59.9 50.0 AUTO 0 
b.1 2025-09-26 01:48:12.335 a 2025-09-26-01:48:10 195 223 257 5.8 13.4 19.6 12.6 21.0 728.6 0.00 0 0.0 14.9 23.8 23.4 3.633  -52.7   16.2   48.5  17   -8.6  20 0 0 1 3 1 1 14.0 16.9 14.2 16.6 80.0 100 100 28 432 0 56 0 231 231 232 11 12 11 59.9 50.0 AUTO 0 
b.1 2025-09-26 01:49:14.816 a 2025-09-26-01:49:12 196 227 260 2.4 11.3 17.7 12.6 21.3 728.4 0.00 0 0.0 14.9 23.7 23.4 3.633  -49.9   16.1   45.3  18   -8.4  20 0 0 1 3 1 1 14.0 17.1 14.1 17.0 80.0 100 100 28 431 0 57 0 231 232 232 11 12 11 59.9 50.0 AUTO 0 
b.1 2025-09-26 01:50:14.095 a 2025-09-26-01:50:12 188 220 249 4.5 11.1 15.7 12.6 20.9 728.3 0.00 0 0.0 14.8 23.2 23.4 3.633  -50.9   16.1   41.1  18   -8.3  20 0 0 1 3 1 1 14.0 17.2 14.0 17.3 80.0 100 100 28 432 0 56 0 231 231 232 11 12 11 59.9 50.0 AUTO 0 
b.1 2025-09-26 01:51:23.973 a 2025-09-26-01:51:21 187 223 250 5.2 11.5 15.9 12.6 20.3 728.3 0.00 0 0.0 14.8 23.3 23.4 3.635  -51.8   16.1   44.2  18   -8.2  20 0 0 1 3 1 1 13.9 16.9 14.0 17.1 80.0 100 100 28 432 0 56 0 231 232 232 11 12 10 59.9 50.0 AUTO 0 
b.1 2025-09-26 01:52:21.355 a 2025-09-26-01:52:19 195 220 259 5.0 10.4 16.9 12.5 20.9 728.4 0.00 0 0.0 14.7 22.6 23.4 3.634  -47.3   16.0   40.4  18   -8.3  20 0 0 1 3 1 1 13.8 17.1 13.9 17.1 80.0 100 100 28 433 0 56 0 231 232 232 11 12 11 59.9 50.0 AUTO 0 
b.1 2025-09-26 01:53:23.539 a 2025-09-26-01:53:21 185 221 255 4.2 11.9 17.4 12.5 20.6 728.4 0.00 0 0.0 14.7 23.3 23.4 3.635  -51.7   16.0   42.2  18   -8.2   5 0 0 1 3 1 1 13.8 17.3 13.9 17.2 80.0 100 100 28 433 0 56 0 231 231 232 11 12 11 59.9 50.0 AUTO 0 
b.1 2025-09-26 01:54:24.776 a 2025-09-26-01:54:22 206 223 245 7.3 12.5 16.7 12.5 20.1 728.3 0.00 0 0.0 14.8 23.6 23.4 3.633  -50.7   16.0   46.8  18   -8.2  14 0 0 1 3 1 1 13.7 16.9 13.8 16.9 80.0 100 100 28 433 0 57 0 231 231 231 11 11 11 60.0 50.0 AUTO 0 
b.1 2025-09-26 01:55:29.815 a 2025-09-26-01:55:27 189 220 256 4.1 9.3 14.2 12.5 19.7 728.4 0.00 0 0.0 14.8 23.6 23.4 3.634  -50.5   15.9   34.2  18   -8.3  20 0 0 1 3 1 1 13.6 16.8 13.8 16.8 80.0 100 100 28 433 0 56 0 231 232 232 11 12 11 59.9 50.0 AUTO 0 
b.1 2025-09-26 01:56:26.496 a 2025-09-26-01:56:24 134 212 289 0.7 9.5 15.4 12.3 18.3 728.3 0.00 0 0.0 14.8 23.7 23.4 3.633  -50.5   15.9   30.3  18   -8.4  18 0 0 1 3 1 1 13.6 16.5 13.8 16.5 80.0 100 100 28 432 0 56 0 231 231 232 11 12 11 59.9 50.0 AUTO 0 
b.1 2025-09-26 01:57:25.316 a 2025-09-26-01:57:23 152 218 250 1.3 11.4 15.4 12.3 18.9 728.3 0.00 0 0.0 14.9 23.9 23.4 3.633  -50.5   15.9   36.4  18   -8.5  18 0 0 1 3 1 1 13.6 16.5 13.7 16.4 80.0 100 100 28 432 0 57 0 231 231 232 11 12 10 59.9 50.0 AUTO 0 
b.1 2025-09-26 01:58:24.325 a 2025-09-26-01:58:22 186 222 251 6.8 12.6 17.7 12.4 19.0 728.3 0.00 0 0.0 14.8 23.9 23.4 3.634  -53.4   15.9   44.2  18   -8.6  23 0 0 1 3 1 1 13.5 16.2 13.7 16.1 80.0 100 100 28 432 0 56 0 231 232 232 11 12 10 60.0 50.0 AUTO 0 
b.1 2025-09-26 01:59:17.839 a 2025-09-26-01:59:15 176 219 253 5.4 11.4 18.1 12.4 19.0 728.3 0.00 0 0.0 14.9 24.0 23.4 3.633  -48.5   15.8   41.5  18   -8.6  20 0 0 1 3 1 1 13.5 16.4 13.7 16.3 80.0 100 100 28 433 0 56 0 232 231 231 11 12 11 60.0 50.0 AUTO 0 
b.1 2025-09-26 02:00:19.359 a 2025-09-26-02:00:17 115 212 256 0.7 8.7 16.5 12.4 18.3 728.3 0.00 0 0.0 14.9 23.9 23.4 3.633  -51.1   15.8   28.0  18   -8.7  20 0 0 1 2 1 0 13.5 16.3 13.7 16.2 80.0 100 100 28 433 0 57 0 232 231 231 11 12 11 60.0 50.0 AUTO 0 
b.1 2025-09-26 02:01:21.661 a 2025-09-26-02:01:19 159 219 255 4.1 10.7 16.0 12.4 17.6 728.3 0.00 0 0.0 14.9 24.0 24.4 3.633  -52.4   15.8   31.1  17   -8.8   8 0 0 1 3 1 1 13.5 16.1 13.6 15.9 80.0 100 100 28 433 0 57 0 231 232 232 11 11 11 59.9 50.0 AUTO 0 
b.1 2025-09-26 02:02:21.082 a 2025-09-26-02:02:19 166 215 238 4.7 9.9 15.2 12.4 17.4 728.3 0.00 0 0.0 14.9 23.8 23.4 3.635  -48.9   15.8   30.1  17   -8.9  13 0 0 1 3 1 1 13.5 15.8 13.6 15.8 80.0 100 100 28 433 0 57 0 232 231 231 11 12 11 59.9 50.0 AUTO 0 
b.1 2025-09-26 02:03:19.576 a 2025-09-26-02:03:17 195 218 242 6.1 11.2 15.6 12.4 17.6 728.3 0.00 0 0.0 14.8 23.7 23.4 3.633  -48.8   15.8   33.6  17   -8.9  21 0 0 1 3 1 1 13.4 15.9 13.6 15.7 80.0 100 100 28 432 0 57 0 232 231 232 11 11 11 60.0 50.0 AUTO 0 
b.1 2025-09-26 02:04:24.655 a 2025-09-26-02:04:22 179 214 244 4.9 10.0 15.5 12.3 18.0 728.3 0.00 0 0.0 14.9 23.9 23.4 3.634  -51.3   15.8   33.4  17   -9.0  17 0 0 1 3 1 1 13.4 16.0 13.6 15.8 80.0 100 100 28 433 0 56 0 231 232 232 11 12 11 60.0 50.0 AUTO 0 
b.1 2025-09-26 02:05:24.078 a 2025-09-26-02:05:22 150 212 251 4.3 10.2 16.0 12.3 17.6 728.1 0.00 0 0.0 14.8 23.9 23.4 3.634  -53.5   15.7   30.4  17   -9.1  17 0 0 1 3 1 1 13.3 15.8 13.5 15.6 80.0 100 100 28 432 0 57 0 231 232 232 11 12 10 59.9 50.0 AUTO 0 
b.1 2025-09-26 02:06:13.562 a 2025-09-26-02:06:11 150 218 251 4.4 11.5 16.2 12.3 17.9 728.2 0.00 0 0.0 14.7 23.3 23.4 3.633  -47.9   15.7   37.8  17   -9.0  19 0 0 1 3 1 1 13.3 15.5 13.5 15.3 80.0 100 100 28 433 0 56 0 232 231 231 11 12 11 60.0 50.0 AUTO 0 
b.1 2025-09-26 02:07:13.867 a 2025-09-26-02:07:11 177 214 237 3.9 11.1 17.5 12.3 18.0 728.2 0.00 0 0.0 14.8 23.3 23.4 3.633  -49.1   15.7   38.7  17   -9.1  19 0 0 1 3 1 1 13.3 14.8 13.3 14.9 80.0 100 100 28 433 0 57 0 231 231 231 11 11 10 60.0 50.0 AUTO 0 
b.1 2025-09-26 02:08:14.891 a 2025-09-26-02:08:12 179 219 256 1.2 9.9 15.4 12.3 17.9 728.2 0.00 0 0.0 14.8 23.7 23.4 3.633  -49.2   15.7   32.5  17   -9.1  19 0 0 1 3 1 1 13.3 14.2 13.2 14.3 80.0 100 100 28 432 0 57 0 232 231 231 11 11 10 60.0 50.0 AUTO 0 
b.1 2025-09-26 02:09:11.808 a 2025-09-26-02:09:09 175 216 244 1.2 10.8 16.7 12.3 18.1 728.2 0.00 0 0.0 14.8 23.8 23.4 3.634  -50.5   15.7   35.3  17   -9.2  19 0 0 1 3 1 1 13.2 14.8 13.1 14.9 80.0 100 100 28 432 0 57 0 231 231 232 11 11 10 60.0 50.0 AUTO 0 
b.1 2025-09-26 02:10:14.657 a 2025-09-26-02:10:12 188 217 243 5.4 11.2 19.3 12.3 17.6 728.2 0.00 0 0.0 14.8 23.7 23.4 3.633  -50.3   15.7   37.2  17   -9.2  19 0 0 1 3 1 1 13.2 15.1 13.0 15.1 80.0 100 100 29 432 0 57 0 231 231 231 11 12 11 60.0 50.0 AUTO 0 
b.1 2025-09-26 02:11:13.765 a 2025-09-26-02:11:11 199 217 237 6.0 12.0 17.7 12.3 17.9 728.3 0.00 0 0.0 14.9 23.9 23.4 3.634  -51.4   15.7   38.2  17   -9.2  19 0 0 1 3 1 1 13.1 15.1 13.0 15.3 80.0 100 100 28 431 0 57 0 232 232 232 11 11 11 60.0 50.0 AUTO 0 
b.1 2025-09-26 02:12:12.901 a 2025-09-26-02:12:10 191 219 247 6.5 11.1 16.9 12.3 18.6 728.2 0.00 0 0.0 14.8 23.9 23.4 3.634  -53.0   15.6   36.8  17   -9.2  19 0 0 1 3 1 1 13.1 15.2 12.9 15.5 80.0 100 100 29 432 0 57 0 231 232 232 11 11 10 60.0 50.0 AUTO 0 
b.1 2025-09-26 02:13:14.095 a 2025-09-26-02:13:12 201 223 245 6.8 13.2 17.0 12.2 19.1 728.2 0.00 0 0.0 14.9 23.9 23.4 3.634  -51.2   15.6   47.3  17   -9.1  19 0 0 1 3 1 1 13.1 15.9 12.9 16.0 80.0 100 100 28 432 0 56 0 231 231 232 11 12 11 60.0 50.0 AUTO 0 
b.1 2025-09-26 02:14:14.545 a 2025-09-26-02:14:12 192 214 241 7.7 12.7 16.9 12.2 19.1 728.2 0.00 0 0.0 14.8 23.9 23.4 3.634  -50.8   15.6   45.8  17   -9.0  19 0 0 1 3 1 1 13.0 16.8 12.9 16.9 80.0 100 100 28 431 0 56 0 231 232 232 11 12 11 60.0 50.0 AUTO 0 
b.1 2025-09-26 02:15:16.424 a 2025-09-26-02:15:14 188 218 241 6.1 11.4 18.8 12.3 17.9 728.2 0.00 0 0.0 14.8 23.7 23.4 3.634  -52.2   15.6   42.2  17   -9.0  19 0 0 1 3 1 1 13.0 16.5 12.9 16.6 80.0 100 100 28 433 0 57 0 231 231 232 11 12 11 60.0 50.0 AUTO 0 
b.1 2025-09-26 02:16:13.065 a 2025-09-26-02:16:11 195 221 242 7.4 11.9 16.3 12.2 18.6 728.2 0.00 0 0.0 14.8 23.6 23.4 3.633  -51.4   15.6   40.8  18   -9.0  19 0 0 1 3 1 1 12.9 16.0 12.9 16.1 80.0 100 100 28 432 0 57 0 231 232 232 11 12 10 60.0 50.0 AUTO 0 
b.1 2025-09-26 02:17:14.444 a 2025-09-26-02:17:12 121 215 253 1.0 10.6 16.7 12.2 17.8 728.2 0.00 0 0.0 14.8 23.3 23.4 3.634  -51.9   15.6   36.6  18   -8.9  19 0 0 1 3 1 1 12.9 15.8 12.8 15.9 80.0 100 100 28 433 0 57 0 232 232 232 11 11 11 60.0 50.0 AUTO 0 
b.1 2025-09-26 02:18:18.680 a 2025-09-26-02:18:16 159 215 238 3.7 10.9 16.5 12.1 18.0 728.2 0.00 0 0.0 14.9 23.8 23.4 3.633  -48.3   15.6   35.2  18   -9.0  19 0 0 1 3 1 1 12.9 15.8 12.8 15.8 80.0 100 100 28 432 0 57 0 231 232 232 11 11 10 60.0 50.0 AUTO 0 
b.1 2025-09-26 02:19:14.845 a 2025-09-26-02:19:12 181 219 262 1.8 10.0 15.0 12.1 18.0 728.2 0.00 0 0.0 14.8 23.9 23.4 3.633  -50.2   15.6   33.1  17   -9.0  19 0 0 1 3 1 1 12.8 15.7 12.8 15.8 80.0 100 100 28 433 0 58 0 232 231 231 11 11 10 60.0 50.0 AUTO 0 
b.1 2025-09-26 02:20:22.480 a 2025-09-26-02:20:20 179 221 251 6.0 13.8 21.2 12.1 20.1 728.2 0.00 0 0.0 14.8 23.7 23.4 3.634  -54.6   15.5   44.8  18   -8.9  19 0 0 1 3 1 1 12.8 16.9 12.8 16.9 80.0 100 100 28 432 0 57 0 232 231 232 11 12 11 60.0 50.0 AUTO 0 
b.1 2025-09-26 02:21:15.323 a 2025-09-26-02:21:13 176 214 246 3.8 11.4 17.1 12.2 17.6 728.2 0.00 0 0.0 14.8 23.9 23.4 3.633  -52.4   15.5   40.0  18   -9.0  19 0 0 1 3 1 1 12.8 15.9 12.8 16.0 80.0 100 100 28 432 0 57 0 232 232 231 11 12 10 60.0 50.0 AUTO 0 
b.1 2025-09-26 02:22:13.463 a 2025-09-26-02:22:11 185 216 247 5.1 11.6 16.9 12.2 17.7 728.2 0.00 0 0.0 14.8 23.9 23.4 3.634  -51.6   15.5   37.8  18   -9.0  19 0 0 1 3 1 1 12.8 15.4 12.8 15.5 80.0 100 100 28 432 0 57 0 231 232 232 11 12 11 60.0 50.0 AUTO 0 
b.1 2025-09-26 02:23:17.641 a 2025-09-26-02:23:15 168 216 251 2.2 10.6 15.8 12.1 17.6 728.1 0.00 0 0.0 14.8 23.7 23.4 3.634  -49.7   15.5   35.6  17   -9.1  19 0 0 1 3 1 1 12.8 15.3 12.8 15.4 80.0 100 100 28 432 0 56 0 231 232 232 11 11 11 60.0 50.0 AUTO 0 
b.1 2025-09-26 02:24:13.450 a 2025-09-26-02:24:11 156 211 246 4.1 10.4 15.8 12.1 17.2 728.1 0.00 0 0.0 14.9 24.1 24.4 3.626  -49.2   15.5   30.8  17   -9.2  19 0 0 1 3 1 1 12.7 15.3 12.7 15.2 80.0 100 100 28 433 0 56 0 231 231 232 11 12 11 60.0 50.0 AUTO 0 
b.1 2025-09-26 02:25:14.582 a 2025-09-26-02:25:12 170 218 244 3.3 10.3 16.0 12.1 18.4 728.1 0.00 0 0.0 14.9 23.9 23.4 3.633  -50.6   15.5   34.2  17   -9.2  11 0 0 1 3 1 1 12.7 15.1 12.7 15.1 80.0 100 100 28 432 0 57 0 231 231 231 11 11 11 60.0 50.0 AUTO 0 
b.1 2025-09-26 02:26:15.042 a 2025-09-26-02:26:12 193 216 246 4.6 10.5 15.2 12.0 17.5 727.9 0.00 0 0.0 14.8 23.8 23.4 3.634  -46.9   15.5   33.1  17   -9.3  17 0 0 1 3 1 1 12.7 15.3 12.6 15.3 80.0 100 100 28 432 0 57 0 232 231 231 11 12 11 60.0 50.0 AUTO 0 
b.1 2025-09-26 02:27:13.267 a 2025-09-26-02:27:11 141 214 249 1.0 9.0 16.5 12.0 16.9 727.9 0.00 0 0.0 14.8 23.6 23.4 3.633  -46.8   15.4   27.1  17   -9.4  16 0 0 1 2 1 0 12.6 15.1 12.6 15.1 80.0 100 100 28 433 0 57 0 231 231 232 11 11 10 59.9 50.0 AUTO 0 
b.1 2025-09-26 02:28:16.684 a 2025-09-26-02:28:14 190 222 261 5.1 10.8 15.9 12.0 17.9 728.1 0.00 0 0.0 14.9 23.8 23.4 3.633  -49.6   15.4   34.6  17   -9.4  18 0 0 1 3 1 1 12.6 15.3 12.6 15.4 80.0 100 100 28 432 0 57 0 231 232 232 11 12 10 59.9 50.0 AUTO 0 
b.1 2025-09-26 02:29:16.247 a 2025-09-26-02:29:14 175 216 239 5.7 10.2 15.2 12.0 17.9 728.0 0.00 0 0.0 14.7 23.6 23.4 3.633  -49.7   15.4   33.4  17   -9.4  18 0 0 1 3 1 1 12.6 14.7 12.6 14.7 80.0 100 100 28 433 0 57 0 231 232 232 11 12 10 60.0 50.0 AUTO 0 
b.1 2025-09-26 02:30:15.346 a 2025-09-26-02:30:13 189 219 239 6.1 11.7 16.4 11.8 17.7 728.0 0.00 0 0.0 14.7 23.3 23.4 3.633  -50.5   15.4   38.2  17   -9.5  18 0 0 1 3 1 1 12.6 14.3 12.6 14.4 80.0 100 100 28 432 0 57 0 232 232 231 11 11 10 60.0 50.0 AUTO 0 
b.1 2025-09-26 02:31:20.144 a 2025-09-26-02:31:18 196 219 241 3.6 10.5 15.2 11.9 16.5 728.2 0.00 0 0.0 14.8 23.7 23.4 3.633  -48.1   15.4   34.9  17   -9.6  19 0 0 1 3 1 1 12.5 14.4 12.5 14.3 80.0 100 100 28 432 0 58 0 231 231 231 11 11 10 60.0 50.0 AUTO 0 
b.1 2025-09-26 02:32:13.904 a 2025-09-26-02:32:11 184 220 258 4.5 10.0 14.3 11.9 16.5 728.2 0.00 0 0.0 14.8 23.6 23.4 3.633  -48.6   15.3   33.9  17   -9.7  19 0 0 1 3 1 1 12.5 14.1 12.5 14.2 80.0 100 100 28 433 0 58 0 231 231 232 11 11 10 60.0 50.0 AUTO 0 
b.1 2025-09-26 02:33:21.082 a 2025-09-26-02:33:19 173 221 243 4.3 12.3 20.3 11.9 17.3 728.0 0.00 0 0.0 14.7 23.4 23.6 3.634  -53.6   15.3   43.2  17   -9.8  19 0 0 1 3 1 1 12.5 14.3 12.5 14.2 80.0 100 100 29 431 0 57 0 231 232 232 11 12 10 60.0 50.0 AUTO 0 
b.1 2025-09-26 02:34:15.362 a 2025-09-26-02:34:13 106 210 279 1.0 9.3 18.4 11.9 17.3 728.0 0.00 0 0.0 14.8 23.9 23.4 3.633  -47.7   15.3   26.8  17   -9.9   5 0 0 1 2 1 0 12.5 14.3 12.5 14.2 80.0 100 100 29 433 0 57 0 231 231 231 11 11 10 60.0 50.0 AUTO 0 
b.1 2025-09-26 02:35:15.483 a 2025-09-26-02:35:13 175 214 244 3.8 10.0 15.0 11.9 16.4 727.9 0.00 0 0.0 15.0 24.1 24.5 3.627  -52.8   15.3   29.9  17   -9.9  12 0 0 1 2 1 0 12.5 13.9 12.5 13.9 80.0 100 100 28 433 0 57 0 232 231 231 11 11 11 60.0 50.0 AUTO 0 
b.1 2025-09-26 02:36:13.665 a 2025-09-26-02:36:11 186 214 240 4.9 10.2 15.2 11.9 16.5 727.9 0.00 0 0.0 14.9 24.0 23.4 3.633  -51.0   15.3   31.2  16  -10.0  13 0 0 1 3 1 1 12.5 13.5 12.4 13.5 80.0 100 100 28 433 0 57 0 231 231 232 11 11 11 60.0 50.0 AUTO 0 
b.1 2025-09-26 02:37:12.505 a 2025-09-26-02:37:10 187 218 248 4.8 10.5 16.3 11.8 15.7 728.0 0.00 0 0.0 14.8 23.6 23.4 3.633  -51.1   15.3   33.8  16  -10.1  20 0 0 1 3 1 1 12.4 13.5 12.4 13.4 80.0 100 100 28 432 0 58 0 231 231 232 11 11 10 60.0 50.0 AUTO 0 
b.1 2025-09-26 02:38:13.404 a 2025-09-26-02:38:11 167 217 253 3.8 10.2 16.2 11.7 17.4 728.0 0.00 0 0.0 14.8 23.8 23.4 3.634  -47.9   15.2   33.7  16  -10.1  18 0 0 1 3 1 1 12.4 13.6 12.4 13.6 80.0 100 100 28 432 0 58 0 232 231 231 11 11 10 59.9 50.0 AUTO 0 
b.1 2025-09-26 02:39:20.023 a 2025-09-26-02:39:17 190 220 244 8.2 12.4 17.7 11.8 17.4 728.0 0.00 0 0.0 14.8 23.9 23.4 3.635  -48.9   15.2   39.6  16  -10.2  18 0 0 1 3 1 1 12.4 13.5 12.3 13.5 80.0 100 100 28 432 0 57 0 231 231 231 11 11 11 60.0 50.0 AUTO 0 
b.1 2025-09-26 02:40:15.584 a 2025-09-26-02:40:13 185 216 250 6.1 11.1 17.9 11.8 16.3 728.0 0.00 0 0.0 14.7 23.7 23.4 3.634  -51.0   15.2   38.3  16  -10.3  18 0 0 1 3 1 1 12.3 13.4 12.3 13.4 80.0 100 100 28 433 0 57 0 231 232 232 11 11 10 60.0 50.0 AUTO 0 
b.1 2025-09-26 02:41:22.342 a 2025-09-26-02:41:20 186 214 251 4.1 11.4 16.6 11.7 16.6 728.0 0.00 0 0.0 14.8 23.7 23.4 3.634  -50.0   15.2   38.0  16  -10.4  18 0 0 1 3 1 1 12.3 13.2 12.3 13.2 80.0 100 100 28 431 0 58 0 231 232 232 11 11 10 60.0 50.0 AUTO 0 
b.1 2025-09-26 02:42:12.805 a 2025-09-26-02:42:10 181 217 250 4.9 10.5 14.5 11.7 16.1 727.9 0.00 0 0.0 14.7 23.6 23.4 3.634  -49.3   15.1   36.7  16  -10.4  18 0 0 1 3 1 1 12.3 13.1 12.3 13.0 80.0 100 100 28 432 0 57 0 232 231 232 11 11 11 60.0 50.0 AUTO 0 
b.1 2025-09-26 02:43:14.365 a 2025-09-26-02:43:12 188 213 235 5.0 10.1 15.3 11.7 15.9 727.9 0.00 0 0.0 14.8 23.3 23.4 3.634  -48.8   15.1   33.7  16  -10.6  18 0 0 1 3 1 1 12.3 13.0 12.2 13.0 80.0 100 100 28 432 0 58 0 231 231 232 11 11 10 60.0 50.0 AUTO 0 
b.1 2025-09-26 02:44:27.404 a 2025-09-26-02:44:25 188 213 236 5.9 10.0 14.8 11.7 15.4 727.9 0.00 0 0.0 14.8 23.7 23.4 3.634  -48.7   15.1   32.3  16  -10.6  10 0 0 1 3 1 1 12.2 13.0 12.2 13.0 80.0 100 100 28 432 0 57 0 232 231 231 11 11 11 60.0 50.0 AUTO 0 
b.1 2025-09-26 02:45:15.867 a 2025-09-26-02:45:13 181 215 236 6.1 10.8 15.5 11.6 15.7 727.9 0.00 0 0.0 14.9 23.7 23.4 3.633  -51.0   15.1   32.9  16  -10.6  13 0 0 1 3 1 1 12.2 13.2 12.2 13.1 80.0 100 100 28 432 0 54 0 232 231 231 11 12 11 60.0 50.0 AUTO 0 
b.1 2025-09-26 02:46:14.128 a 2025-09-26-02:46:12 107 213 254 2.4 11.4 18.9 11.6 16.3 728.0 0.00 0 0.0 14.9 23.7 23.4 3.633  -48.9   15.0   33.7  16  -10.7  18 0 0 1 3 1 1 12.2 13.9 12.2 13.9 80.0 100 100 28 432 0 56 0 231 232 232 11 12 11 59.9 50.0 AUTO 0 
b.1 2025-09-26 02:47:22.068 a 2025-09-26-02:47:19 175 213 249 6.7 13.0 18.7 11.6 17.2 728.0 0.00 0 0.0 14.9 23.9 23.4 3.633  -48.3   15.0   37.4  16  -10.7  19 0 0 1 3 1 1 12.3 14.3 12.3 14.4 80.0 100 100 28 432 0 57 0 231 231 232 11 11 10 60.0 50.0 AUTO 0 
b.1 2025-09-26 02:48:22.647 a 2025-09-26-02:48:20 174 220 247 5.5 12.5 17.6 11.8 17.1 728.2 0.00 0 0.0 14.9 23.7 23.4 3.634  -49.6   15.0   39.8  16  -10.6  19 0 0 1 3 1 1 12.3 13.9 12.4 14.0 80.0 100 100 28 432 0 57 0 231 232 232 11 11 11 59.9 50.0 AUTO 0 
b.1 2025-09-26 02:49:12.470 a 2025-09-26-02:49:10 160 210 241 4.1 10.6 17.0 11.8 15.4 728.1 0.00 0 0.0 14.8 23.7 23.4 3.633  -50.5   15.1   34.7  16  -10.7  19 0 0 1 3 1 1 12.4 13.9 12.5 13.9 80.0 100 100 28 433 0 58 0 231 232 232 11 11 10 60.0 50.0 AUTO 0 
b.1 2025-09-26 02:50:16.767 a 2025-09-26-02:50:14 182 214 244 5.9 10.6 15.3 11.8 15.6 728.1 0.00 0 0.0 14.7 23.6 23.4 3.635  -51.2   15.1   34.7  16  -10.8  19 0 0 1 3 1 1 12.4 13.7 12.5 13.7 80.0 100 100 28 432 0 57 0 231 232 232 11 11 10 59.9 50.0 AUTO 0 
b.1 2025-09-26 02:51:26.503 a 2025-09-26-02:51:24 181 213 243 4.2 12.1 17.2 11.7 16.2 728.0 0.00 0 0.0 14.7 23.3 23.4 3.634  -50.2   15.1   39.0  16  -10.7  19 0 0 1 3 1 1 12.4 13.6 12.5 13.6 80.0 100 100 28 433 0 57 0 231 232 232 11 11 10 60.0 50.0 AUTO 0 
b.1 2025-09-26 02:52:13.707 a 2025-09-26-02:52:11 162 213 243 1.5 9.6 17.2 11.7 14.5 728.0 0.00 0 0.0 14.9 24.1 24.5 3.627  -48.8   15.1   29.5  16  -10.9  19 0 0 1 2 1 0 12.4 13.6 12.6 13.6 80.0 100 100 28 433 0 57 0 232 232 232 11 12 11 60.0 50.0 AUTO 0 
b.1 2025-09-26 02:53:13.269 a 2025-09-26-02:53:11 191 217 241 2.1 10.2 15.5 11.7 16.7 728.1 0.00 0 0.0 14.8 23.7 23.4 3.633  -52.0   15.1   32.9  16  -10.8  12 0 0 1 3 1 1 12.4 13.3 12.6 13.4 80.0 100 100 28 433 0 57 0 232 231 231 11 12 11 60.0 50.0 AUTO 0 
b.1 2025-09-26 02:54:17.046 a 2025-09-26-02:54:14 180 217 249 2.7 10.4 16.2 11.7 17.2 728.1 0.00 0 0.0 14.8 23.9 23.4 3.633  -48.1   15.1   32.0  16  -10.8  11 0 0 1 3 1 1 12.4 13.7 12.6 13.6 80.0 100 100 28 433 0 57 0 231 231 231 11 11 10 60.0 50.0 AUTO 0 
b.1 2025-09-26 02:55:16.608 a 2025-09-26-02:55:14 187 216 243 5.1 11.1 17.7 11.7 15.7 728.0 0.00 0 0.0 14.8 23.6 23.4 3.634  -51.7   15.1   33.8  16  -10.8  20 0 0 1 3 1 1 12.4 13.7 12.5 13.6 80.0 100 100 28 431 0 58 0 231 231 232 11 11 10 60.0 50.0 AUTO 0 
b.1 2025-09-26 02:56:13.747 a 2025-09-26-02:56:11 188 215 241 6.0 12.1 17.7 11.7 16.3 728.0 0.00 0 0.0 14.9 23.7 23.4 3.633  -53.0   15.0   39.8  16  -10.8  19 0 0 1 3 1 1 12.4 13.5 12.6 13.5 80.0 100 100 29 433 0 57 0 231 231 231 11 12 10 60.0 50.0 AUTO 0 
b.1 2025-09-26 02:57:13.032 a 2025-09-26-02:57:10 179 220 255 2.1 11.3 17.9 11.7 16.1 728.1 0.00 0 0.0 14.8 23.7 23.4 3.634  -50.9   15.0   36.5  16  -10.8  19 0 0 1 3 1 1 12.4 13.5 12.6 13.5 80.0 100 100 28 433 0 58 0 231 232 232 11 11 10 60.0 50.0 AUTO 0 
b.1 2025-09-26 02:58:15.286 a 2025-09-26-02:58:13 156 217 239 1.3 11.2 15.7 11.6 16.5 727.8 0.00 0 0.0 14.8 23.7 23.4 3.633  -51.0   15.0   36.5  16  -10.8  19 0 0 1 3 1 1 12.4 13.5 12.6 13.5 80.0 100 100 29 432 0 58 0 231 232 232 11 11 11 59.9 50.0 AUTO 0 
b.1 2025-09-26 02:59:12.891 a 2025-09-26-02:59:10 178 215 247 5.3 11.6 16.3 11.6 16.6 727.9 0.00 0 0.0 14.8 23.7 23.4 3.634  -49.3   15.0   37.3  16  -10.8  19 0 0 1 3 1 1 12.4 13.9 12.6 13.9 80.0 100 100 29 430 0 57 0 232 231 231 11 11 11 59.9 50.0 AUTO 0 
b.1 2025-09-26 03:00:14.450 a 2025-09-26-03:00:12 182 215 245 3.7 9.2 15.0 11.6 15.4 728.0 0.00 0 0.0 14.8 23.7 23.4 3.634  -47.2   15.0   28.5  16  -10.8   0 0 0 1 2 1 0 12.4 13.7 12.6 13.6 80.0 100 100 28 431 0 58 0 231 232 232 11 11 10 59.9 50.0 AUTO 0 
b.1 2025-09-26 03:01:14.588 a 2025-09-26-03:01:12 187 216 241 5.9 12.6 18.9 11.6 16.8 728.0 0.00 0 0.0 14.8 23.6 23.4 3.633  -49.7   15.0   38.2  16  -10.8   8 0 0 1 3 1 1 12.4 14.0 12.6 13.9 80.0 100 100 28 432 0 56 0 232 232 232 11 11 10 60.0 50.0 AUTO 0 
b.1 2025-09-26 03:02:14.148 a 2025-09-26-03:02:12 195 220 254 6.2 11.0 18.4 11.6 16.7 728.0 0.00 0 0.0 14.8 23.7 23.4 3.633  -51.8   15.0   38.0  16  -10.8  13 0 0 1 3 1 1 12.4 14.0 12.5 13.9 80.0 100 100 28 437 0 57 0 232 231 231 11 12 11 59.9 50.0 AUTO 0 
b.1 2025-09-26 03:03:11.676 a 2025-09-26-03:03:09 195 219 251 6.2 10.8 15.8 11.6 16.7 728.0 0.00 0 0.0 14.8 23.7 23.4 3.634  -47.2   15.0   34.9  16  -10.8  21 0 0 1 3 1 1 12.4 13.9 12.5 13.9 80.0 100 100 28 430 0 57 0 232 232 232 11 12 11 59.9 50.0 AUTO 0 
b.1 2025-09-26 03:04:22.428 a 2025-09-26-03:04:20 164 216 239 5.2 11.7 17.0 11.5 16.9 728.0 0.00 0 0.0 14.9 23.9 23.4 3.634  -50.1   15.0   36.6  16  -10.8  19 0 0 1 3 1 1 12.3 14.0 12.5 13.9 80.0 100 100 28 441 0 58 0 231 232 232 11 11 11 60.0 50.0 AUTO 0 
b.1 2025-09-26 03:05:16.608 a 2025-09-26-03:05:14 167 217 249 4.2 11.0 16.7 11.5 16.2 728.0 0.00 0 0.0 15.0 23.9 23.4 3.634  -47.2   15.0   35.6  16  -10.7  19 0 0 1 3 1 1 12.3 14.2 12.5 14.1 80.0 100 100 28 428 0 57 0 231 232 232 11 11 10 59.9 50.0 AUTO 0 
b.1 2025-09-26 03:06:14.131 a 2025-09-26-03:06:12 192 217 240 6.0 11.4 17.5 11.5 16.2 728.0 0.00 0 0.0 14.8 23.6 23.4 3.634  -52.9   14.9   36.5  16  -10.7  19 0 0 1 3 1 1 12.3 14.3 12.5 14.3 80.0 100 100 28 432 0 58 0 231 231 231 11 11 10 59.9 50.0 AUTO 0 
b.1 2025-09-26 03:07:25.733 a 2025-09-26-03:07:23 194 219 242 7.0 11.8 17.5 11.6 17.4 728.1 0.00 0 0.0 14.9 23.7 23.4 3.633  -49.1   15.0   38.7  16  -10.6  19 0 0 1 3 1 1 12.3 14.6 12.5 14.5 80.0 100 100 28 432 0 58 0 231 231 231 11 11 10 60.0 50.0 AUTO 0 
b.1 2025-09-26 03:08:18.969 a 2025-09-26-03:08:16 196 216 242 4.7 11.9 15.2 11.6 17.4 728.1 0.00 0 0.0 14.8 23.6 23.4 3.634  -50.0   15.0   38.7  16  -10.6  19 0 0 1 3 1 1 12.3 14.5 12.5 14.5 80.0 100 100 28 433 0 57 0 231 232 232 11 12 10 59.9 50.0 AUTO 0 
b.1 2025-09-26 03:09:15.569 a 2025-09-26-03:09:13 193 219 249 6.1 11.4 18.0 11.6 16.7 728.1 0.00 0 0.0 14.7 23.3 23.4 3.634  -50.7   15.0   40.9  16  -10.5  19 0 0 1 3 1 1 12.3 14.5 12.5 14.5 80.0 100 100 28 432 0 57 0 231 232 232 11 11 10 60.0 50.0 AUTO 0 
b.1 2025-09-26 03:10:13.914 a 2025-09-26-03:10:11 183 219 258 7.7 13.3 19.0 11.6 17.2 728.0 0.00 0 0.0 14.7 23.7 23.4 3.633  -53.6   15.0   44.6  16  -10.4  19 0 0 1 3 1 1 12.3 15.1 12.5 15.0 80.0 100 100 28 433 0 58 0 231 232 232 11 11 10 60.0 50.0 AUTO 0 
b.1 2025-09-26 03:11:13.430 a 2025-09-26-03:11:11 190 218 252 4.2 11.6 17.3 11.7 17.8 728.0 0.00 0 0.0 14.8 23.3 23.4 3.633  -50.6   15.0   37.9  16  -10.4  19 0 0 1 3 1 1 12.3 14.8 12.5 14.9 80.0 100 100 28 432 0 57 0 231 231 232 11 11 10 60.0 50.0 AUTO 0 
b.1 2025-09-26 03:12:13.413 a 2025-09-26-03:12:11 188 215 239 4.5 11.5 17.6 11.7 17.6 728.0 0.00 0 0.0 14.8 23.6 23.4 3.635  -49.8   15.0   37.1  16  -10.3  19 0 0 1 3 1 1 12.3 14.8 12.5 14.7 80.0 100 100 28 431 0 58 0 231 231 232 11 11 10 60.0 50.0 AUTO 0 
b.1 2025-09-26 03:13:15.151 a 2025-09-26-03:13:13 190 220 245 5.5 11.2 17.2 11.7 16.8 728.0 0.00 0 0.0 14.9 23.6 23.4 3.633  -50.7   15.0   38.1  16  -10.3  19 0 0 1 3 1 1 12.3 14.5 12.5 14.5 80.0 100 100 28 433 0 58 0 232 231 231 11 11 10 60.0 50.0 AUTO 0 
b.1 2025-09-26 03:14:13.233 a 2025-09-26-03:14:11 190 217 246 5.5 10.9 16.8 11.6 16.2 728.1 0.00 0 0.0 14.8 23.3 23.4 3.633  -52.0   15.0   38.1  16  -10.4  19 0 0 1 3 1 1 12.3 14.3 12.5 14.3 80.0 100 100 28 432 0 57 0 231 232 232 11 12 11 60.0 50.0 AUTO 0 
b.1 2025-09-26 03:15:15.496 a 2025-09-26-03:15:13 186 218 247 7.0 12.2 17.6 11.6 16.4 728.2 0.00 0 0.0 14.7 23.3 23.4 3.634  -53.2   15.0   41.4  16  -10.5  19 0 0 1 3 1 1 12.3 14.3 12.5 14.2 80.0 100 100 28 433 0 57 0 232 231 231 11 11 10 60.0 50.0 AUTO 0 
b.1 2025-09-26 03:16:23.372 a 2025-09-26-03:16:21 181 214 245 3.9 10.6 15.6 11.6 16.0 728.2 0.00 0 0.0 14.7 23.3 23.4 3.634  -49.9   15.0   35.9  16  -10.5  19 0 0 1 3 1 1 12.3 14.4 12.5 14.3 80.0 100 100 28 432 0 58 0 231 232 231 11 11 11 59.9 50.0 AUTO 0 
b.1 2025-09-26 03:17:13.694 a 2025-09-26-03:17:11 179 214 242 2.8 10.3 14.2 11.6 16.5 728.1 0.00 0 0.0 14.7 23.3 23.4 3.634  -52.4   15.0   34.9  16  -10.5  19 0 0 1 3 1 1 12.3 14.4 12.5 14.3 80.0 100 100 28 433 0 58 0 231 231 231 11 11 10 60.0 50.0 AUTO 0 
b.1 2025-09-26 03:18:13.776 a 2025-09-26-03:18:11 170 215 261 3.6 11.9 16.3 11.6 16.7 728.1 0.00 0 0.0 14.7 23.6 23.4 3.633  -50.7   15.0   37.7  16  -10.6  19 0 0 1 3 1 1 12.3 14.3 12.5 14.3 80.0 100 100 28 432 0 57 0 231 232 232 11 12 10 60.0 50.0 AUTO 0 
b.1 2025-09-26 03:19:24.391 a 2025-09-26-03:19:22 167 215 252 4.5 12.4 17.4 11.6 16.7 728.1 0.00 0 0.0 14.8 23.6 23.4 3.633  -52.8   14.9   40.8  16  -10.6  19 0 0 1 3 1 1 12.3 14.2 12.5 14.2 80.0 100 100 29 432 0 57 0 231 232 232 11 11 10 60.0 50.0 AUTO 0 
b.1 2025-09-26 03:20:19.736 a 2025-09-26-03:20:17 170 222 258 1.6 11.0 16.8 11.5 16.7 728.1 0.00 0 0.0 14.7 23.3 23.4 3.633  -48.6   14.9   36.4  16  -10.7  19 0 0 1 3 1 1 12.2 14.0 12.5 13.9 80.0 100 100 29 431 0 58 0 232 231 231 11 11 11 60.0 50.0 AUTO 0 
b.1 2025-09-26 03:21:13.312 a 2025-09-26-03:21:11 164 213 247 6.4 10.5 15.4 11.5 15.7 728.1 0.00 0 0.0 14.8 23.7 23.4 3.633  -54.7   14.9   34.5  16  -10.7  19 0 0 1 3 1 1 12.2 13.7 12.5 13.6 80.0 100 100 29 431 0 58 0 231 232 232 11 11 10 60.0 50.0 AUTO 0 
b.1 2025-09-26 03:22:21.930 a 2025-09-26-03:22:19 188 218 248 3.2 12.1 18.4 11.5 16.8 728.2 0.00 0 0.0 14.8 23.7 23.4 3.633  -49.9   14.9   38.4  16  -10.7  19 0 0 1 3 1 1 12.2 14.1 12.5 13.9 80.0 100 100 29 432 0 58 0 232 231 231 11 11 10 60.0 50.0 AUTO 0 
b.1 2025-09-26 03:23:24.653 a 2025-09-26-03:23:22 183 221 244 5.3 11.7 17.9 11.6 16.7 728.2 0.00 0 0.0 14.8 23.6 23.4 3.633  -50.6   14.9   38.3  16  -10.6  19 0 0 1 3 1 1 12.2 14.5 12.5 14.3 80.0 100 100 28 432 0 57 0 231 231 231 11 11 11 60.0 50.0 AUTO 0 
b.1 2025-09-26 03:24:12.895 a 2025-09-26-03:24:10 198 224 250 5.3 12.5 18.7 11.6 17.4 728.1 0.00 0 0.0 14.7 23.3 23.4 3.633  -49.0   14.9   42.7  16  -10.6  19 0 0 1 3 1 1 12.2 14.4 12.4 14.2 80.0 100 100 28 433 0 57 0 232 231 231 11 11 11 60.0 50.0 AUTO 0 
b.1 2025-09-26 03:25:18.394 a 2025-09-26-03:25:16 195 222 255 4.9 12.4 16.6 11.6 17.2 728.2 0.00 0 0.0 14.7 23.3 23.4 3.633  -53.6   14.9   44.2  16  -10.6  19 0 0 1 3 1 1 12.2 14.3 12.4 14.2 80.0 100 100 28 433 0 56 0 231 232 232 11 11 11 60.0 50.0 AUTO 0 
b.1 2025-09-26 03:26:19.539 a 2025-09-26-03:26:17 189 219 247 6.3 10.6 15.6 11.5 15.6 728.1 0.00 0 0.0 14.7 23.3 23.4 3.634  -48.6   14.9   38.3  16  -10.7  19 0 0 1 3 1 1 12.2 13.9 12.4 13.9 80.0 100 100 28 432 0 57 0 232 231 231 11 11 11 60.0 50.0 AUTO 0 
b.1 2025-09-26 03:27:12.496 a 2025-09-26-03:27:10 178 218 247 4.4 10.3 15.0 11.5 16.0 728.1 0.00 0 0.0 14.7 23.3 23.4 3.634  -50.3   14.9   35.3  16  -10.7  19 0 0 1 3 1 1 12.2 13.7 12.4 13.7 80.0 100 100 28 430 0 56 0 231 232 232 11 11 10 59.9 50.0 AUTO 0 
b.1 2025-09-26 03:28:13.417 a 2025-09-26-03:28:11 175 215 242 0.9 9.4 13.9 11.4 15.8 728.1 0.00 0 0.0 14.8 23.6 23.4 3.633  -50.9   14.9   29.9  16  -10.8  19 0 0 1 2 1 0 12.2 13.8 12.4 13.8 80.0 100 100 28 436 0 57 0 231 231 231 11 12 11 60.0 50.0 AUTO 0 
b.1 2025-09-26 03:29:15.117 a 2025-09-26-03:29:12 193 220 242 4.9 11.4 17.2 11.4 16.2 728.3 0.00 0 0.0 14.8 23.8 23.4 3.634  -51.3   14.9   36.0  16  -10.9   5 0 0 1 3 1 1 12.2 13.6 12.4 13.7 80.0 100 100 28 432 0 57 0 231 232 232 11 11 10 60.0 50.0 AUTO 0 
b.1 2025-09-26 03:30:14.539 a 2025-09-26-03:30:12 192 217 243 3.5 11.0 16.0 11.4 15.9 728.2 0.00 0 0.0 14.8 23.7 23.4 3.633  -48.2   14.9   36.8  16  -10.9  14 0 0 1 3 1 1 12.2 13.5 12.4 13.5 80.0 100 100 28 432 0 58 0 231 231 231 11 11 10 59.9 50.0 AUTO 0 
b.1 2025-09-26 03:31:12.019 a 2025-09-26-03:31:09 187 216 245 6.6 12.4 17.3 11.4 16.3 728.1 0.00 0 0.0 14.7 23.3 23.4 3.633  -50.2   14.9   41.1  16  -11.0  18 0 0 1 3 1 1 12.2 13.6 12.4 13.5 80.0 100 100 28 432 0 58 0 232 231 231 11 11 10 60.0 50.0 AUTO 0 
b.1 2025-09-26 03:32:15.937 a 2025-09-26-03:32:13 163 216 251 3.1 11.4 16.7 11.5 16.0 728.2 0.00 0 0.0 14.7 23.3 23.4 3.634  -49.4   14.9   40.0  16  -11.0  18 0 0 1 3 1 1 12.2 13.5 12.4 13.4 80.0 100 100 28 433 0 57 0 232 231 231 11 12 11 60.0 50.0 AUTO 0 
b.1 2025-09-26 03:33:22.278 a 2025-09-26-03:33:20 183 214 244 5.2 11.0 18.3 11.5 16.1 728.2 0.00 0 0.0 14.6 23.2 23.4 3.634  -49.9   14.9   36.8  15  -11.1  18 0 0 1 3 1 1 12.1 12.4 12.2 12.4 80.0 100 100 28 432 0 57 0 231 232 232 11 12 10 59.9 50.0 AUTO 0 
b.1 2025-09-26 03:34:13.994 a 2025-09-26-03:34:11 176 216 244 4.6 11.2 18.3 11.5 15.0 728.2 0.00 0 0.0 14.8 23.7 23.4 3.633  -48.8   14.9   35.6  15  -11.2  18 0 0 1 3 1 1 12.0 12.0 12.1 12.0 80.0 100 100 28 433 0 56 0 231 231 231 11 12 11 59.9 50.0 AUTO 0 
b.1 2025-09-26 03:35:21.075 a 2025-09-26-03:35:18 171 213 245 2.0 10.6 17.9 11.4 13.9 728.2 0.00 0 0.0 14.7 23.7 23.4 3.634  -52.5   14.8   34.5  15  -11.3  18 0 0 1 3 1 1 11.9 12.0 12.0 11.9 80.0 100 100 28 433 0 57 0 231 231 232 11 11 10 60.0 50.0 AUTO 0 
b.1 2025-09-26 03:36:17.015 a 2025-09-26-03:36:14 197 219 241 8.1 12.9 17.8 11.3 15.0 728.1 0.00 0 0.0 14.8 23.7 23.4 3.633  -50.5   14.8   40.5  15  -11.3  18 0 0 1 3 1 1 11.9 11.7 12.0 11.8 80.0 100 100 28 433 0 58 0 231 231 231 11 11 10 59.9 50.0 AUTO 0 
b.1 2025-09-26 03:37:14.168 a 2025-09-26-03:37:11 171 214 238 6.4 11.6 16.7 11.4 14.5 728.2 0.00 0 0.0 14.8 23.6 23.4 3.634  -52.0   14.8   39.3  15  -11.5  18 0 0 1 3 1 1 11.9 11.2 12.0 11.1 80.0 100 100 28 432 0 58 0 231 232 232 11 11 10 60.0 50.0 AUTO 0 
b.1 2025-09-26 03:38:16.875 a 2025-09-26-03:38:14 190 216 240 5.8 11.4 16.6 11.4 15.1 728.1 0.00 0 0.0 14.7 23.3 23.4 3.633  -53.5   14.8   39.3  15  -11.7  18 0 0 1 3 1 1 11.8 11.3 11.9 11.3 80.0 100 100 28 433 0 57 0 231 231 231 11 11 11 59.9 50.0 AUTO 0 
b.1 2025-09-26 03:39:14.970 a 2025-09-26-03:39:12 190 211 233 6.2 12.6 18.3 11.4 15.1 728.1 0.00 0 0.0 14.7 23.6 23.4 3.634  -51.4   14.8   39.1  15  -11.8  18 0 0 1 3 1 1 11.9 11.3 11.9 11.1 80.0 100 100 28 432 0 57 0 232 232 232 11 11 11 59.9 50.0 AUTO 0 
b.1 2025-09-26 03:40:20.000 a 2025-09-26-03:40:17 188 214 238 3.6 10.6 16.1 11.4 13.1 728.2 0.00 0 0.0 14.7 23.3 23.4 3.633  -51.6   14.8   38.8  14  -12.0  18 0 0 1 3 1 1 11.8 10.1 11.8 10.1 80.0 100 100 28 433 0 58 0 232 231 231 11 11 10 59.9 50.0 AUTO 0 
b.1 2025-09-26 03:41:12.278 a 2025-09-26-03:41:10 186 217 242 7.3 11.9 16.9 11.4 13.1 728.2 0.00 0 0.0 14.8 23.7 23.4 3.633  -52.2   14.8   38.5  14  -12.1  18 0 0 1 3 1 1 11.7 11.0 11.8 10.9 80.0 100 100 28 430 0 58 0 231 232 232 11 11 10 59.9 50.0 AUTO 0 
b.1 2025-09-26 03:42:19.874 a 2025-09-26-03:42:17 174 216 259 7.9 14.1 19.9 11.3 14.2 728.2 0.00 0 0.0 14.8 23.7 23.4 3.633  -51.9   14.7   49.0  14  -12.1  18 0 0 1 3 1 1 11.8 12.0 11.9 12.0 80.0 100 100 28 432 0 58 0 231 231 231 11 11 10 59.9 50.0 AUTO 0 
b.1 2025-09-26 03:43:27.801 a 2025-09-26-03:43:25 187 219 245 4.8 12.1 17.6 11.3 14.9 728.3 0.00 0 0.0 14.7 23.3 23.4 3.633  -53.2   14.7   45.2  14  -12.2  18 0 0 1 3 1 1 11.8 11.0 11.8 10.9 80.0 100 100 29 430 0 57 0 231 232 232 11 11 11 59.9 50.0 AUTO 0 
b.1 2025-09-26 03:44:24.434 a 2025-09-26-03:44:22 177 215 245 5.4 11.7 17.8 11.3 14.9 728.3 0.00 0 0.0 14.8 23.7 23.4 3.634  -47.8   14.7   37.3  14  -12.2  18 0 0 1 3 1 1 11.8 11.4 11.8 11.4 80.0 100 100 28 432 0 58 0 232 231 231 11 11 10 59.9 50.0 AUTO 0 
b.1 2025-09-26 03:45:14.019 a 2025-09-26-03:45:11 177 216 246 5.4 11.5 16.1 11.3 13.6 728.3 0.00 0 0.0 14.8 23.7 23.4 3.633  -51.8   14.7   41.5  14  -12.3  18 0 0 1 3 1 1 11.7 11.2 11.8 11.1 80.0 100 100 28 431 0 56 0 231 231 231 11 12 10 59.9 50.0 AUTO 0 
b.1 2025-09-26 03:46:12.180 a 2025-09-26-03:46:09 195 219 243 6.9 13.1 17.3 11.3 15.1 728.3 0.00 0 0.0 14.7 23.6 23.4 3.634  -52.2   14.7   45.2  14  -12.1  18 0 0 1 3 1 1 11.8 12.2 11.8 12.1 80.0 100 100 28 430 0 57 0 231 232 232 11 11 11 59.9 50.0 AUTO 0 
b.1 2025-09-26 03:47:15.119 a 2025-09-26-03:47:12 173 218 245 5.2 13.2 18.4 11.3 15.0 728.1 0.00 0 0.0 14.7 23.3 23.4 3.635  -53.7   14.7   49.0  15  -12.0  23 0 0 1 3 1 1 11.8 12.5 11.9 12.5 80.0 100 100 28 438 0 58 0 231 231 231 11 12 11 60.0 50.0 AUTO 0 
b.1 2025-09-26 03:48:21.217 a 2025-09-26-03:48:19 178 215 246 2.8 11.9 17.4 11.3 15.2 728.1 0.00 0 0.0 14.8 23.6 23.4 3.634  -48.6   14.7   38.3  15  -12.0  19 0 0 1 3 1 1 11.8 12.6 11.9 12.6 80.0 100 100 28 433 0 57 0 231 231 232 11 11 10 59.9 50.0 AUTO 0 
b.1 2025-09-26 03:49:15.078 a 2025-09-26-03:49:12 190 214 235 6.4 11.3 16.8 11.2 14.5 728.1 0.00 0 0.0 14.7 23.3 23.4 3.634  -49.3   14.7   37.0  14  -12.2  19 0 0 1 3 1 1 11.8 11.6 11.9 11.7 80.0 100 100 28 432 0 57 0 232 232 231 11 11 11 59.9 50.0 AUTO 0 
b.1 2025-09-26 03:50:15.898 a 2025-09-26-03:50:13 188 213 239 5.6 11.3 17.1 11.2 13.9 728.0 0.00 0 0.0 14.7 23.3 23.4 3.634  -51.4   14.7   37.0  14  -12.3  19 0 0 1 3 1 1 11.8 11.1 11.9 11.2 80.0 100 100 28 433 0 58 0 231 232 232 11 11 10 60.0 50.0 AUTO 0 
b.1 2025-09-26 03:51:14.634 a 2025-09-26-03:51:12 164 214 245 4.1 11.8 19.5 11.2 14.1 728.1 0.00 0 0.0 14.8 23.7 23.4 3.634  -52.7   14.7   37.6  14  -12.5  19 0 0 1 3 1 1 11.8 11.0 12.0 11.1 80.0 100 100 28 432 0 58 0 231 231 232 11 11 10 59.9 50.0 AUTO 0 
b.1 2025-09-26 03:52:14.444 a 2025-09-26-03:52:12 179 217 247 5.5 11.6 16.1 11.2 14.7 728.1 0.00 0 0.0 14.8 23.7 23.4 3.634  -51.7   14.6   38.1  14  -12.5  19 0 0 1 3 1 1 11.8 11.4 12.0 11.4 80.0 100 100 28 432 0 57 0 231 232 232 11 11 10 60.0 50.0 AUTO 0 
b.1 2025-09-26 03:53:13.957 a 2025-09-26-03:53:11 194 214 238 7.1 12.5 17.8 11.2 14.3 728.1 0.00 0 0.0 14.8 23.3 23.4 3.633  -50.9   14.6   42.7  14  -12.5  19 0 0 1 3 1 1 11.8 11.1 12.0 11.0 80.0 100 100 28 432 0 58 0 231 231 232 11 11 10 59.9 50.0 AUTO 0 
b.1 2025-09-26 03:54:13.020 a 2025-09-26-03:54:10 187 216 244 6.4 11.5 18.4 11.2 14.6 728.0 0.00 0 0.0 14.8 23.7 23.4 3.633  -48.0   14.6   38.0  14  -12.6  19 0 0 1 3 1 1 11.8 11.1 12.0 11.0 80.0 100 100 28 433 0 57 0 231 231 231 11 11 10 59.9 50.0 AUTO 0 
b.1 2025-09-26 03:55:14.217 a 2025-09-26-03:55:12 185 215 245 4.6 12.4 17.3 11.2 14.9 728.1 0.00 0 0.0 14.8 23.7 23.4 3.635  -52.5   14.6   42.3  14  -12.7  19 0 0 1 3 1 1 11.8 11.2 12.0 11.1 80.0 100 100 28 433 0 57 0 231 232 232 11 11 10 59.9 50.0 AUTO 0 
b.1 2025-09-26 03:56:14.201 a 2025-09-26-03:56:12 199 221 247 8.4 12.7 17.4 11.2 13.7 728.1 0.00 0 0.0 14.8 23.7 23.4 3.633  -53.1   14.6   45.8  14  -12.8  19 0 0 1 3 1 1 11.8 10.7 12.0 10.7 80.0 100 100 28 433 0 57 0 232 231 231 11 11 11 59.9 50.0 AUTO 0 
b.1 2025-09-26 03:57:13.161 a 2025-09-26-03:57:10 195 217 240 7.6 13.2 17.9 11.2 14.0 728.0 0.00 0 0.0 14.7 23.3 23.4 3.633  -52.2   14.6   48.3  14  -12.9  19 0 0 1 3 1 1 11.8 10.8 12.0 10.7 80.0 100 100 28 432 0 58 0 231 231 232 11 11 10 59.9 50.0 AUTO 0 
b.1 2025-09-26 03:58:17.187 a 2025-09-26-03:58:15 145 211 242 2.0 11.4 17.7 11.1 14.1 728.0 0.00 0 0.0 14.7 23.3 23.4 3.633  -50.7   14.6   39.6  14  -13.0  19 0 0 1 3 1 1 11.8 11.0 12.0 11.0 80.0 100 100 28 432 0 57 0 231 231 232 11 11 11 59.9 50.0 AUTO 0 
b.1 2025-09-26 03:59:13.084 a 2025-09-26-03:59:10 156 216 247 4.4 11.0 18.9 11.0 12.6 728.1 0.00 0 0.0 14.7 23.3 23.4 3.633  -54.1   14.6   39.5  14  -13.0  19 0 0 1 3 1 1 11.8 11.0 12.0 10.9 80.0 100 100 28 433 0 57 0 232 231 231 11 11 11 59.9 50.0 AUTO 0 
b.1 2025-09-26 04:00:16.540 a 2025-09-26-04:00:14 185 212 238 7.6 12.1 16.9 11.0 13.8 727.9 0.00 0 0.0 14.7 23.3 23.4 3.634  -50.6   14.5   40.5  14  -13.0  19 0 0 1 3 1 1 11.8 11.0 12.0 11.1 80.0 100 100 28 432 0 57 0 231 231 232 11 11 10 59.9 50.0 AUTO 0 
b.1 2025-09-26 04:01:23.404 a 2025-09-26-04:01:20 170 216 249 5.8 12.3 17.5 11.1 13.4 728.2 0.00 0 0.0 14.7 23.7 23.4 3.635  -55.7   14.5   41.2  14  -13.0  19 0 0 1 3 1 1 11.8 11.0 12.0 11.0 80.0 100 100 28 432 0 59 0 232 232 232 11 11 10 59.9 50.0 AUTO 0 
b.1 2025-09-26 04:02:16.740 a 2025-09-26-04:02:14 177 216 239 7.3 13.0 16.6 11.0 13.5 727.9 0.00 0 0.0 14.8 23.7 23.4 3.633  -52.8   14.5   45.8  14  -13.0  19 0 0 1 3 1 1 11.8 10.6 12.0 10.6 80.0 100 100 28 433 0 57 0 231 231 232 11 11 11 59.9 50.0 AUTO 0 
b.1 2025-09-26 04:03:14.543 a 2025-09-26-04:03:12 180 214 244 5.4 12.2 16.8 11.1 13.7 728.0 0.00 0 0.0 14.8 23.6 23.4 3.634  -48.1   14.5   42.1  13  -13.1  19 0 0 1 3 1 1 11.8 10.8 12.0 10.7 80.0 100 100 28 432 0 58 0 231 232 232 11 11 10 59.9 50.0 AUTO 0 
b.1 2025-09-26 04:04:20.559 a 2025-09-26-04:04:18 185 217 240 4.0 12.0 17.6 11.1 13.3 727.9 0.00 0 0.0 14.7 23.2 23.4 3.633  -50.4   14.5   42.1  13  -13.2  19 0 0 1 3 1 1 11.7 10.4 12.0 10.3 80.0 100 100 28 432 0 58 0 231 232 231 11 11 10 59.9 50.0 AUTO 0 
b.1 2025-09-26 04:05:25.799 a 2025-09-26-04:05:23 186 214 239 6.0 13.0 17.5 11.0 13.3 727.9 0.00 0 0.0 14.7 23.3 23.4 3.633  -51.6   14.5   45.7  13  -13.4  19 0 0 1 3 1 1 11.7 10.1 12.0 10.0 80.0 100 100 28 431 0 58 0 231 231 231 11 11 10 59.9 50.0 AUTO 0 
b.1 2025-09-26 04:06:14.160 a 2025-09-26-04:06:11 190 217 238 8.6 12.9 16.8 11.0 13.5 727.9 0.00 0 0.0 14.7 23.6 23.4 3.633  -51.6   14.5   46.8  13  -13.5  23 0 0 1 3 1 1 11.7 10.0 12.0 9.9 80.0 100 100 28 432 0 58 0 231 231 231 11 11 10 59.9 50.0 AUTO 0 
b.1 2025-09-26 04:07:15.782 a 2025-09-26-04:07:13 185 213 237 4.1 11.8 15.5 11.0 13.1 728.0 0.00 0 0.0 14.8 23.7 23.4 3.634  -52.2   14.5   40.7  13  -13.5  19 0 0 1 3 1 1 11.7 10.1 12.0 10.0 80.0 100 100 28 433 0 58 0 232 231 231 11 11 10 59.9 50.0 AUTO 0 
b.1 2025-09-26 04:08:22.638 a 2025-09-26-04:08:20 188 220 241 7.9 12.8 18.8 11.0 13.5 727.9 0.00 0 0.0 14.8 23.7 23.4 3.633  -52.8   14.5   41.7  13  -13.5  19 0 0 1 3 1 1 11.7 10.7 12.0 10.6 80.0 100 100 28 433 0 58 0 231 231 232 11 11 10 59.9 50.0 AUTO 0 
b.1 2025-09-26 04:09:12.088 a 2025-09-26-04:09:09 171 220 245 7.6 12.1 17.3 11.0 12.6 728.1 0.00 0 0.0 14.7 23.7 23.4 3.633  -52.4   14.4   42.6  13  -13.6  19 0 0 1 3 1 1 11.7 10.2 11.9 10.0 80.0 100 100 28 433 0 58 0 231 232 232 11 11 10 59.9 50.0 AUTO 0 
b.1 2025-09-26 04:10:26.697 a 2025-09-26-04:10:24 185 217 246 6.5 12.0 19.2 11.0 12.4 728.0 0.00 0 0.0 14.8 23.7 23.4 3.633  -51.6   14.4   43.8  13  -13.6  19 0 0 1 3 1 1 11.7 10.2 11.9 10.2 80.0 100 100 28 432 0 57 0 231 231 232 11 11 10 60.0 50.0 AUTO 0 
b.1 2025-09-26 04:11:12.148 a 2025-09-26-04:11:09 185 216 246 6.6 13.1 17.8 11.0 13.1 728.1 0.00 0 0.0 14.7 23.3 23.4 3.634  -52.7   14.4   44.8  13  -13.7  19 0 0 1 3 1 1 11.7 10.3 11.9 10.3 80.0 100 100 28 432 0 58 0 231 232 232 11 11 10 60.0 50.0 AUTO 0 
b.1 2025-09-26 04:12:13.321 a 2025-09-26-04:12:11 185 216 237 6.0 10.7 15.4 11.0 13.4 728.1 0.00 0 0.0 14.8 23.3 23.4 3.633  -52.8   14.4   36.8  13  -13.7  19 0 0 1 3 1 1 11.7 10.5 11.9 10.5 80.0 100 100 29 431 0 58 0 231 231 231 11 11 10 60.0 50.0 AUTO 0 
b.1 2025-09-26 04:13:23.243 a 2025-09-26-04:13:21 169 216 242 4.1 11.7 16.4 10.9 13.5 728.0 0.00 0 0.0 14.7 23.6 23.4 3.633  -51.0   14.4   39.9  13  -13.7  12 0 0 1 3 1 1 11.7 10.3 11.9 10.3 80.0 100 100 29 433 0 57 0 231 231 232 11 12 11 60.0 50.0 AUTO 0 
b.1 2025-09-26 04:14:20.161 a 2025-09-26-04:14:18 193 217 244 5.4 12.4 16.7 10.9 13.8 728.0 0.00 0 0.0 14.7 23.3 23.4 3.633  -54.3   14.4   44.5  13  -13.7  18 0 0 1 3 1 1 11.6 10.1 11.9 10.0 80.0 100 100 28 432 0 59 0 232 231 231 11 11 10 60.0 50.0 AUTO 0 
b.1 2025-09-26 04:15:15.184 a 2025-09-26-04:15:12 181 218 244 6.6 12.0 17.6 10.9 13.8 728.0 0.00 0 0.0 14.7 23.6 23.4 3.635  -54.2   14.4   42.9  13  -13.8  23 0 0 1 3 1 1 11.6 10.2 11.9 10.1 80.0 100 100 29 432 0 58 0 231 232 232 11 11 10 60.0 50.0 AUTO 0 
b.1 2025-09-26 04:16:20.280 a 2025-09-26-04:16:18 194 217 248 8.3 12.4 16.8 10.9 12.5 728.1 0.00 0 0.0 14.7 23.3 23.4 3.633  -51.3   14.4   44.4  13  -13.8  20 0 0 1 3 1 1 11.6 10.1 11.9 9.9 80.0 100 100 29 431 0 59 0 231 232 232 11 11 10 60.0 50.0 AUTO 0 
b.1 2025-09-26 04:17:26.641 a 2025-09-26-04:17:24 190 218 257 5.0 11.9 17.1 10.9 13.7 728.0 0.00 0 0.0 14.8 23.7 23.4 3.633  -55.9   14.4   38.2  13  -13.9  20 0 0 1 3 1 1 11.6 10.3 11.9 10.1 80.0 100 100 28 432 0 58 0 231 232 232 11 11 10 60.0 50.0 AUTO 0 
b.1 2025-09-26 04:18:13.424 a 2025-09-26-04:18:11 185 216 257 5.0 11.9 17.1 10.9 13.7 728.0 0.00 0 0.0 14.6 22.7 23.4 3.633  -52.1   14.4   42.7  13  -13.9  20 0 0 1 3 1 1 11.6 10.5 11.9 10.3 80.0 100 100 28 427 0 56 0 232 232 231 11 11 10 59.9 50.0 AUTO 0 
b.1 2025-09-26 04:19:15.744 a 2025-09-26-04:19:13 187 217 240 7.4 11.7 17.7 10.9 13.5 728.0 0.00 0 0.0 14.7 23.3 23.4 3.634  -49.7   14.4   39.3  13  -13.9   9 0 0 1 3 1 1 11.6 10.1 11.9 10.0 80.0 100 100 28 432 0 58 0 231 231 232 11 11 10 60.0 50.0 AUTO 0 
b.1 2025-09-26 04:20:26.344 a 2025-09-26-04:20:24 195 215 243 5.3 12.4 19.0 10.8 13.0 728.1 0.00 0 0.0 14.7 23.6 23.4 3.634  -50.3   14.4   42.7  13  -14.0  15 0 0 1 3 1 1 11.6 9.9 11.8 9.9 80.0 100 100 28 433 0 57 0 231 231 232 11 11 11 60.0 50.0 AUTO 0 
b.1 2025-09-26 04:21:14.244 a 2025-09-26-04:21:12 164 215 244 4.8 12.8 18.2 10.9 12.8 728.0 0.00 0 0.0 14.7 23.3 23.4 3.633  -52.9   14.3   47.0  13  -14.1  19 0 0 1 3 1 1 11.5 9.6 11.8 9.6 80.0 100 100 28 433 0 58 0 231 231 231 11 11 11 60.0 50.0 AUTO 0 
b.1 2025-09-26 04:22:12.183 a 2025-09-26-04:22:09 164 216 244 4.8 12.1 16.6 10.9 12.4 728.0 0.00 0 0.0 14.7 23.6 23.4 3.633  -52.1   14.3   43.2  12  -14.3  18 0 0 1 3 1 1 11.5 9.5 11.8 9.5 80.0 100 100 28 432 0 57 0 231 231 232 11 11 10 60.0 50.0 AUTO 0 
b.1 2025-09-26 04:23:17.323 a 2025-09-26-04:23:15 192 219 248 5.3 13.1 18.8 10.9 12.5 728.0 0.00 0 0.0 14.8 23.3 23.4 3.633  -51.0   14.3   44.5  12  -14.4  20 0 0 1 3 1 1 11.5 9.3 11.8 9.2 80.0 100 100 28 433 0 58 0 232 231 231 11 11 10 60.0 50.0 AUTO 0 
b.1 2025-09-26 04:24:14.384 a 2025-09-26-04:24:12 194 218 243 8.2 13.2 17.6 10.9 12.6 727.9 0.00 0 0.0 14.8 23.7 23.4 3.633  -53.7   14.3   46.9  12  -14.5  20 0 0 1 3 1 1 11.6 9.1 11.8 9.0 80.0 100 100 28 433 0 57 0 231 232 232 11 11 11 59.9 50.0 AUTO 0 
b.1 2025-09-26 04:25:15.305 a 2025-09-26-04:25:13 188 218 252 8.3 13.0 17.7 10.9 12.3 728.1 0.00 0 0.0 14.8 23.3 23.4 3.634  -54.8   14.3   45.5  12  -14.7  20 0 0 1 3 1 1 11.6 8.9 11.8 8.9 80.0 100 100 28 432 0 58 0 231 232 232 11 11 11 60.0 50.0 AUTO 0 
b.1 2025-09-26 04:26:14.084 a 2025-09-26-04:26:11 183 217 239 4.5 10.9 15.6 10.9 11.3 727.9 0.00 0 0.0 14.8 23.6 23.4 3.633  -51.5   14.3   36.5  12  -14.8  20 0 0 1 3 1 1 11.6 8.9 11.8 8.7 80.0 100 100 28 433 0 57 0 232 231 232 11 11 10 60.0 50.0 AUTO 0 
b.1 2025-09-26 04:27:14.549 a 2025-09-26-04:27:12 194 214 241 6.4 12.4 17.1 10.8 12.1 728.0 0.00 0 0.0 14.8 23.9 23.4 3.633  -51.3   14.3   40.6  12  -14.9  20 0 0 1 3 1 1 11.5 8.8 11.8 8.6 80.0 100 100 28 433 0 58 0 231 232 232 11 11 10 60.0 50.0 AUTO 0 
b.1 2025-09-26 04:28:13.007 a 2025-09-26-04:28:10 179 217 237 4.6 12.1 16.7 10.8 11.3 728.0 0.00 0 0.0 14.8 23.3 23.4 3.634  -53.0   14.3   40.8  12  -14.9  20 0 0 1 3 1 1 11.5 8.5 11.8 8.5 80.0 100 100 28 433 0 58 0 231 232 232 11 11 10 60.0 50.0 AUTO 0 
b.1 2025-09-26 04:29:12.565 a 2025-09-26-04:29:10 163 212 241 2.0 11.7 17.0 10.8 11.7 727.9 0.00 0 0.0 14.8 23.6 23.4 3.633  -54.1   14.3   37.3  12  -15.1  20 0 0 1 3 1 1 11.5 8.7 11.8 8.6 80.0 100 100 28 432 0 58 0 232 232 231 11 11 10 60.0 50.0 AUTO 0 
b.1 2025-09-26 04:30:21.184 a 2025-09-26-04:30:19 187 219 239 8.7 13.5 18.7 10.7 12.3 727.9 0.00 0 0.0 14.7 23.3 23.4 3.633  -59.6   14.3   45.1  12  -15.0  20 0 0 1 3 1 1 11.5 8.7 11.8 8.6 80.0 100 100 28 433 0 58 0 231 231 231 11 11 10 60.0 50.0 AUTO 0 
b.1 2025-09-26 04:31:13.744 a 2025-09-26-04:31:11 187 215 237 5.0 11.9 17.2 10.8 11.5 727.9 0.00 0 0.0 14.9 23.6 23.4 3.633  -53.7   14.3   38.4  12  -15.2  20 0 0 1 3 1 1 11.5 8.8 11.8 8.7 80.0 100 100 28 432 0 58 0 231 231 232 11 11 10 60.0 50.0 AUTO 0 
b.1 2025-09-26 04:32:13.668 a 2025-09-26-04:32:11 180 216 244 8.2 12.9 17.5 10.9 12.2 727.9 0.00 0 0.0 14.8 23.2 23.4 3.633  -52.7   14.3   43.9  12  -15.2  20 0 0 1 3 1 1 11.5 8.8 11.8 8.7 80.0 100 100 29 432 0 57 0 232 232 232 11 12 10 59.9 50.0 AUTO 0 
b.1 2025-09-26 04:33:17.609 a 2025-09-26-04:33:15 172 217 241 6.4 12.1 16.4 10.9 12.5 727.6 0.00 0 0.0 14.7 23.3 23.4 3.634  -50.6   14.3   42.8  12  -15.1  20 0 0 1 3 1 1 11.5 8.9 11.8 8.8 80.0 100 100 28 431 0 58 0 231 232 232 11 11 10 59.9 50.0 AUTO 0 
b.1 2025-09-26 04:34:14.244 a 2025-09-26-04:34:12 181 215 240 5.7 11.7 16.1 10.7 12.0 727.7 0.00 0 0.0 14.7 22.6 23.4 3.633  -54.6   14.3   40.5  12  -15.2  20 0 0 1 3 1 1 11.5 8.9 11.7 8.7 80.0 100 100 28 432 0 57 0 231 231 231 11 11 11 59.9 50.0 AUTO 0 
b.1 2025-09-26 04:35:14.608 a 2025-09-26-04:35:12 181 218 242 6.3 11.8 17.0 10.9 12.0 728.0 0.00 0 0.0 14.7 23.3 23.4 3.633  -58.2   14.3   40.5  12  -15.2  20 0 0 1 3 1 1 11.4 8.9 11.7 8.8 80.0 100 100 28 432 0 58 0 231 231 232 11 11 10 59.9 50.0 AUTO 0 
b.1 2025-09-26 04:36:15.026 a 2025-09-26-04:36:12 182 219 264 5.1 11.3 16.3 10.8 11.6 727.9 0.00 0 0.0 14.7 23.3 23.4 3.633  -52.9   14.3   39.3  12  -15.2  41 0 0 1 3 1 1 11.4 8.9 11.6 8.7 80.0 100 100 28 433 0 56 0 231 232 232 11 11 11 59.9 50.0 AUTO 0 
b.1 2025-09-26 04:37:16.765 a 2025-09-26-04:37:14 185 217 245 8.4 12.7 16.9 10.8 12.2 727.9 0.00 0 0.0 14.8 23.3 23.4 3.634  -52.9   14.3   44.0  11  -15.3  16 0 0 1 3 1 1 11.4 8.9 11.6 8.8 80.0 100 100 28 433 0 56 0 231 231 232 11 11 11 59.9 50.0 AUTO 0 
b.1 2025-09-26 04:38:13.667 a 2025-09-26-04:38:11 185 221 248 5.7 11.4 17.3 10.8 11.2 728.0 0.00 0 0.0 14.8 23.7 23.4 3.633  -52.3   14.3   40.3  11  -15.4  21 0 0 1 3 1 1 11.4 8.7 11.6 8.6 80.0 100 100 28 433 0 57 0 231 232 232 11 11 11 60.0 50.0 AUTO 0 
b.1 2025-09-26 04:39:20.063 a 2025-09-26-04:39:17 187 215 242 4.9 12.4 18.7 10.8 11.4 727.6 0.00 0 0.0 14.7 23.3 23.4 3.633  -54.4   14.3   41.4  11  -15.4  19 0 0 1 3 1 1 11.4 8.8 11.5 8.8 80.0 100 100 29 433 0 57 0 231 231 231 11 11 10 60.0 50.0 AUTO 0 
b.1 2025-09-26 04:40:14.805 a 2025-09-26-04:40:12 185 214 237 5.2 11.8 18.7 10.8 11.4 727.9 0.00 0 0.0 14.8 23.6 23.4 3.633  -54.9   14.2   36.8  11  -15.4  19 0 0 1 3 1 1 11.3 8.8 11.5 8.7 80.0 100 100 29 431 0 58 0 231 231 231 11 11 10 60.0 50.0 AUTO 0 
b.1 2025-09-26 04:41:22.305 a 2025-09-26-04:41:20 171 215 243 6.6 12.0 17.2 10.8 11.9 728.0 0.00 0 0.0 14.7 23.3 23.4 3.634  -53.4   14.2   39.9  11  -15.4  19 0 0 1 3 1 1 11.3 8.7 11.5 8.6 80.0 100 100 29 432 0 57 0 231 231 231 11 11 10 60.0 50.0 AUTO 0 
b.1 2025-09-26 04:42:12.167 a 2025-09-26-04:42:10 183 218 249 6.6 11.9 16.6 10.8 12.1 728.0 0.00 0 0.0 14.8 23.7 23.4 3.634  -55.3   14.2   39.8  11  -15.4  19 0 0 1 3 1 1 11.3 8.8 11.5 8.8 80.0 100 100 29 432 0 57 0 231 231 232 11 11 10 60.0 50.0 AUTO 0 
b.1 2025-09-26 04:43:26.933 a 2025-09-26-04:43:24 180 214 237 4.8 11.7 17.2 10.8 11.8 727.9 0.00 0 0.0 14.8 23.7 23.4 3.633  -54.6   14.2   39.7  11  -15.4  19 0 0 1 3 1 1 11.3 8.7 11.5 8.6 80.0 100 100 29 432 0 57 0 231 232 232 11 11 10 60.0 50.0 AUTO 0 
b.1 2025-09-26 04:44:25.426 a 2025-09-26-04:44:23 194 216 242 6.9 11.8 17.4 10.8 10.9 728.0 0.00 0 0.0 14.8 23.3 23.4 3.633  -56.3   14.2   38.5  11  -15.5  19 0 0 1 3 1 1 11.3 8.5 11.5 8.3 80.0 100 100 29 432 0 57 0 232 231 232 11 11 11 60.0 50.0 AUTO 0 
b.1 2025-09-26 04:45:14.170 a 2025-09-26-04:45:12 188 215 244 5.0 12.3 17.5 10.8 11.0 728.0 0.00 0 0.0 14.7 23.3 23.4 3.633  -55.3   14.2   42.9  11  -15.6  19 0 0 1 3 1 1 11.3 8.3 11.5 8.2 80.0 100 100 29 432 0 57 0 231 232 231 11 12 10 60.0 50.0 AUTO 0 
b.1 2025-09-26 04:46:14.068 a 2025-09-26-04:46:11 183 215 237 6.0 11.4 16.8 10.7 11.1 727.9 0.00 0 0.0 14.8 23.3 23.4 3.634  -51.5   14.2   39.5  11  -15.7  19 0 0 1 3 1 1 11.3 8.0 11.5 8.0 80.0 100 100 29 432 0 58 0 231 232 232 11 11 10 60.0 50.0 AUTO 0 
b.1 2025-09-26 04:47:16.006 a 2025-09-26-04:47:13 183 214 235 5.9 11.0 16.0 10.7 10.3 727.9 0.00 0 0.0 14.7 23.6 23.4 3.634  -51.6   14.2   36.3  11  -15.7  19 0 0 1 3 1 1 11.3 8.0 11.5 7.9 80.0 100 100 29 431 0 58 0 231 232 232 11 11 10 60.0 50.0 AUTO 0 
b.1 2025-09-26 04:48:12.888 a 2025-09-26-04:48:10 189 215 239 5.9 11.4 16.2 10.7 10.3 727.9 0.00 0 0.0 14.8 23.7 23.4 3.633  -53.4   14.1   36.9  11  -15.8  19 0 0 1 3 1 1 11.3 8.0 11.5 7.9 80.0 100 100 28 431 0 59 0 232 231 232 11 11 10 60.0 50.0 AUTO 0 
b.1 2025-09-26 04:49:16.226 a 2025-09-26-04:49:14 184 217 238 5.0 12.2 17.7 10.5 11.5 727.7 0.00 0 0.0 14.8 23.8 23.4 3.633  -54.9   14.1   37.8  11  -15.9  19 0 0 1 3 1 1 11.3 8.2 11.6 8.1 80.0 100 100 29 436 0 58 0 231 231 232 11 12 11 60.0 50.0 AUTO 0 
b.1 2025-09-26 04:50:23.549 a 2025-09-26-04:50:21 191 215 246 5.3 11.9 18.0 10.7 11.8 728.0 0.00 0 0.0 14.8 23.7 23.4 3.633  -53.3   14.1   41.1  11  -15.8  19 0 0 1 3 1 1 11.3 8.5 11.6 8.3 80.0 100 100 29 427 0 57 0 231 231 232 11 11 10 59.9 50.0 AUTO 0 
b.1 2025-09-26 04:51:14.888 a 2025-09-26-04:51:12 170 213 245 5.3 10.8 16.5 10.7 11.8 728.0 0.00 0 0.0 14.6 22.6 23.4 3.633  -53.5   14.1   35.8  11  -15.8  19 0 0 1 3 1 1 11.3 8.5 11.6 8.5 80.0 100 100 28 435 0 58 0 231 231 231 11 11 10 59.9 50.0 AUTO 0 
b.1 2025-09-26 04:52:13.851 a 2025-09-26-04:52:11 191 215 241 6.2 10.2 16.0 10.7 11.2 728.0 0.00 0 0.0 14.6 22.7 23.4 3.634  -56.4   14.1   33.0  11  -15.8  19 0 0 1 3 1 1 11.3 8.4 11.6 8.4 80.0 100 100 28 428 0 57 0 232 232 231 11 11 10 59.9 50.0 AUTO 0 
b.1 2025-09-26 04:53:11.930 a 2025-09-26-04:53:09 186 213 237 6.2 12.1 16.9 10.7 11.4 728.1 0.00 0 0.0 14.7 23.3 23.4 3.633  -55.1   14.1   36.6  11  -15.8  19 0 0 1 3 1 1 11.3 8.3 11.6 8.3 80.0 100 100 28 429 0 58 0 231 232 232 11 11 10 59.9 50.0 AUTO 0 
b.1 2025-09-26 04:54:16.430 a 2025-09-26-04:54:14 182 215 239 6.5 11.6 16.1 10.6 11.2 728.0 0.00 0 0.0 14.7 23.3 23.4 3.634  -51.8   14.1   37.6  11  -15.9  19 0 0 1 3 1 1 11.3 8.1 11.6 8.2 80.0 100 100 28 430 0 58 0 231 231 232 11 11 10 60.0 50.0 AUTO 0 
b.1 2025-09-26 04:55:15.950 a 2025-09-26-04:55:13 186 217 245 6.0 10.7 14.7 10.6 11.2 728.0 0.00 0 0.0 14.8 23.7 23.4 3.634  -53.0   14.1   33.7  11  -15.9  19 0 0 1 3 1 1 11.2 7.9 11.6 7.9 80.0 100 100 28 432 0 57 0 232 231 232 11 11 10 59.9 50.0 AUTO 0 
b.1 2025-09-26 04:56:12.809 a 2025-09-26-04:56:10 187 215 241 5.1 9.9 14.1 10.7 10.4 728.1 0.00 0 0.0 14.8 23.9 23.4 3.633  -50.7   14.1   31.1  11  -16.0   5 0 0 1 3 1 1 11.2 8.0 11.6 7.9 80.0 100 100 28 432 0 57 0 231 232 232 11 11 10 59.9 50.0 AUTO 0 
b.1 2025-09-26 04:57:14.247 a 2025-09-26-04:57:11 195 216 242 7.1 11.4 17.0 10.6 10.5 728.1 0.00 0 0.0 14.8 23.7 23.4 3.633  -54.5   14.1   36.4  11  -16.1  46 0 0 1 3 1 1 11.2 7.9 11.5 7.9 80.0 100 100 28 433 0 58 0 231 232 232 11 11 10 59.9 50.0 AUTO 0 
b.1 2025-09-26 04:58:23.470 a 2025-09-26-04:58:21 167 214 236 5.5 11.3 16.3 10.6 10.2 728.0 0.00 0 0.0 14.8 23.7 23.4 3.633  -55.5   14.1   35.4  11  -16.1  20 0 0 1 3 1 1 11.2 7.8 11.5 7.7 80.0 100 100 28 433 0 58 0 231 231 232 11 11 10 59.9 50.0 AUTO 0 
b.1 2025-09-26 04:59:23.089 a 2025-09-26-04:59:20 188 213 233 6.1 10.7 16.2 10.6 10.8 728.0 0.00 0 0.0 14.8 23.3 23.4 3.635  -53.4   14.1   33.2  11  -16.2  18 0 0 1 3 1 1 11.2 7.8 11.5 7.7 80.0 100 100 28 432 0 58 0 231 232 232 11 11 10 59.9 50.0 AUTO 0 
b.1 2025-09-26 05:00:15.592 a 2025-09-26-05:00:13 180 215 240 5.5 10.6 16.5 10.7 10.4 728.1 0.00 0 0.0 14.7 23.3 23.4 3.634  -50.8   14.1   33.5  11  -16.3  18 0 0 1 3 1 1 11.2 7.7 11.5 7.7 80.0 100 100 28 433 0 57 0 231 231 232 11 11 11 59.9 50.0 AUTO 0 
b.1 2025-09-26 05:01:13.628 a 2025-09-26-05:01:11 166 214 237 3.5 10.3 16.4 10.7 9.8 728.1 0.00 0 0.0 14.6 23.2 23.4 3.633  -54.0   14.1   32.6  11  -16.3  18 0 0 1 3 1 1 11.2 7.6 11.5 7.6 80.0 100 100 29 431 0 57 0 231 232 232 11 11 10 60.0 50.0 AUTO 0 
b.1 2025-09-26 05:02:12.415 a 2025-09-26-05:02:10 199 219 255 7.7 11.9 16.2 10.7 10.8 728.0 0.00 0 0.0 14.7 23.3 23.4 3.634  -53.2   14.1   36.2  11  -16.4  18 0 0 1 3 1 1 11.2 7.3 11.5 7.4 80.0 100 100 28 431 0 59 0 231 231 231 11 11 10 59.9 50.0 AUTO 0 
b.1 2025-09-26 05:03:14.072 a 2025-09-26-05:03:11 182 213 239 5.4 10.6 15.8 10.7 9.6 728.0 0.00 0 0.0 14.7 23.3 23.4 3.634  -55.9   14.1   33.3  10  -16.5  18 0 0 1 3 1 1 11.2 7.3 11.5 7.3 80.0 100 100 29 431 0 58 0 231 232 232 11 11 10 59.9 50.0 AUTO 0 
b.1 2025-09-26 05:04:17.716 a 2025-09-26-05:04:15 188 215 240 7.0 11.2 15.0 10.7 10.2 728.1 0.00 0 0.0 14.7 23.3 23.4 3.634  -53.7   14.1   33.4  10  -16.7  18 0 0 1 3 1 1 11.2 7.2 11.6 7.2 80.0 100 100 28 431 0 59 0 231 231 232 11 11 10 60.0 50.0 AUTO 0 
b.1 2025-09-26 05:05:23.865 a 2025-09-26-05:05:21 187 214 246 7.0 10.5 14.7 10.7 9.8 728.1 0.00 0 0.0 14.8 23.7 23.4 3.633  -52.2   14.1   32.4  10  -16.7  18 0 0 1 3 1 1 11.2 7.1 11.5 7.2 80.0 100 100 29 430 0 58 0 231 232 232 11 11 10 59.9 50.0 AUTO 0 
b.1 2025-09-26 05:06:20.313 a 2025-09-26-05:06:18 196 215 232 6.1 10.4 15.2 10.5 9.6 728.0 0.00 0 0.0 14.7 22.6 23.4 3.633  -52.7   14.1   33.3  10  -16.7  18 0 0 1 3 1 1 11.2 7.0 11.5 7.0 80.0 100 100 29 430 0 58 0 231 232 232 11 11 10 59.9 50.0 AUTO 0 
b.1 2025-09-26 05:07:13.233 a 2025-09-26-05:07:11 183 215 241 5.7 10.9 14.2 10.5 9.9 728.0 0.00 0 0.0 14.7 23.3 23.4 3.634  -53.7   14.1   34.3  10  -16.7  18 0 0 1 3 1 1 11.2 6.8 11.5 6.8 80.0 100 100 29 432 0 58 0 231 232 232 11 11 10 59.9 50.0 AUTO 0 
b.1 2025-09-26 05:08:13.631 a 2025-09-26-05:08:11 173 212 240 5.6 10.5 16.0 10.6 8.5 728.1 0.00 0 0.0 14.7 23.3 23.4 3.633  -55.0   14.1   31.4  10  -17.0  18 0 0 1 3 1 1 11.2 6.6 11.5 6.6 80.0 100 100 29 431 0 57 0 231 232 231 11 11 11 59.9 50.0 AUTO 0 
b.1 2025-09-26 05:09:11.713 a 2025-09-26-05:09:09 178 213 243 5.1 10.9 15.9 10.6 8.8 728.1 0.00 0 0.0 14.7 23.3 23.4 3.633  -55.4   14.1   33.1  10  -17.0  18 0 0 1 3 1 1 11.2 6.6 11.5 6.6 80.0 100 100 29 432 0 58 0 232 231 231 11 11 10 59.9 50.0 AUTO 0 
b.1 2025-09-26 05:10:14.630 a 2025-09-26-05:10:12 181 214 238 4.5 10.8 16.2 10.6 8.6 728.1 0.00 0 0.0 14.7 23.7 23.4 3.634  -55.4   14.1   33.1  10  -17.2  18 0 0 1 3 1 1 11.2 6.5 11.5 6.4 80.0 100 100 29 432 0 58 0 231 232 232 11 11 10 59.9 50.0 AUTO 0 
b.1 2025-09-26 05:11:12.391 a 2025-09-26-05:11:10 194 214 239 5.3 11.1 14.1 10.6 9.5 728.1 0.00 0 0.0 14.8 23.7 23.4 3.633  -54.7   14.1   35.0  10  -17.2  18 0 0 1 3 1 1 11.2 6.4 11.5 6.4 80.0 100 100 29 432 0 57 0 231 232 232 11 11 10 59.9 50.0 AUTO 0 
b.1 2025-09-26 05:12:15.213 a 2025-09-26-05:12:12 192 212 242 6.3 12.0 16.9 10.5 9.5 728.1 0.00 0 0.0 14.8 23.7 23.4 3.633  -51.9   14.0   36.7  10  -17.4  18 0 0 1 3 1 1 11.1 6.5 11.4 6.3 80.0 100 100 28 432 0 58 0 231 231 231 11 11 10 59.9 50.0 AUTO 0 
b.1 2025-09-26 05:13:12.875 a 2025-09-26-05:13:10 194 214 234 6.8 10.2 14.2 10.5 8.8 728.1 0.00 0 0.0 14.7 23.3 23.4 3.633  -55.2   14.0   34.7  10  -17.4  18 0 0 1 3 1 1 11.1 6.5 11.4 6.3 80.0 100 100 28 432 0 59 0 231 231 231 11 11 10 59.9 50.0 AUTO 0 
b.1 2025-09-26 05:14:22.233 a 2025-09-26-05:14:20 193 216 241 6.3 10.3 13.6 10.5 8.9 728.0 0.00 0 0.0 14.7 23.2 23.4 3.634  -56.3   14.0   34.6  10  -17.4  18 0 0 1 3 1 1 11.1 6.3 11.4 6.5 80.0 100 100 28 432 0 58 0 232 231 232 11 11 10 59.9 50.0 AUTO 0 
b.1 2025-09-26 05:15:28.809 a 2025-09-26-05:15:26 193 214 233 7.7 11.9 15.8 10.5 9.6 728.0 0.00 0 0.0 14.6 22.6 23.4 3.633  -56.1   14.0   39.5  10  -17.6  18 0 0 1 3 1 1 11.1 6.1 11.4 6.1 80.0 100 100 28 432 0 57 0 231 232 232 11 11 11 59.9 50.0 AUTO 0 
b.1 2025-09-26 05:16:13.892 a 2025-09-26-05:16:11 175 213 249 7.4 10.4 14.3 10.5 8.6 728.0 0.00 0 0.0 14.7 23.3 23.4 3.633  -56.9   14.0   34.4  10  -17.6  18 0 0 1 3 1 1 11.1 6.0 11.4 6.1 80.0 100 100 28 431 0 58 0 231 231 231 11 11 10 59.9 50.0 AUTO 0 
b.1 2025-09-26 05:17:13.236 a 2025-09-26-05:17:10 194 214 236 6.4 11.4 14.6 10.5 9.5 728.0 0.00 0 0.0 14.8 23.7 23.4 3.635  -55.3   14.0   37.4   9  -17.8  18 0 0 1 3 1 1 11.1 6.1 11.4 6.1 80.0 100 100 28 432 0 57 0 231 231 232 11 12 11 59.9 50.0 AUTO 0 
b.1 2025-09-26 05:18:14.834 a 2025-09-26-05:18:12 188 215 244 5.0 9.6 13.4 10.5 9.1 728.1 0.00 0 0.0 14.8 23.6 23.4 3.634  -54.8   14.0   32.4   9  -17.8  18 0 0 1 3 1 1 11.1 6.3 11.3 6.2 80.0 100 100 28 432 0 57 0 231 232 232 11 11 11 59.9 50.0 AUTO 0 
b.1 2025-09-26 05:19:12.315 a 2025-09-26-05:19:10 185 213 242 4.3 10.0 16.0 10.4 8.8 728.0 0.00 0 0.0 14.7 23.3 23.4 3.633  -54.1   14.0   32.4   9  -17.8  18 0 0 1 3 1 1 11.1 6.4 11.3 6.3 80.0 100 100 28 432 0 57 0 231 231 232 11 11 10 59.9 50.0 AUTO 0 
b.1 2025-09-26 05:20:15.732 a 2025-09-26-05:20:13 180 213 240 5.4 9.6 13.6 10.3 8.3 728.0 0.00 0 0.0 14.7 23.6 23.4 3.633  -53.9   13.9   29.6   9  -17.8  18 0 0 1 2 1 0 11.0 6.3 11.3 6.1 80.0 100 100 28 432 0 58 0 231 232 231 11 11 11 59.9 50.0 AUTO 0 
b.1 2025-09-26 05:21:18.071 a 2025-09-26-05:21:15 189 219 243 5.6 10.6 14.0 10.3 9.5 728.0 0.00 0 0.0 14.8 23.6 23.4 3.633  -56.7   13.9   33.6   9  -17.9  18 0 0 1 3 1 1 11.0 6.2 11.2 6.1 80.0 100 100 28 432 0 57 0 231 232 232 11 11 11 60.0 50.0 AUTO 0 
b.1 2025-09-26 05:22:13.095 a 2025-09-26-05:22:10 193 215 234 6.7 11.0 14.8 10.3 9.5 728.0 0.00 0 0.0 14.7 23.3 23.4 3.634  -53.1   13.9   35.2   9  -18.0  18 0 0 1 3 1 1 11.0 6.2 11.2 6.0 80.0 100 100 28 433 0 57 0 231 232 232 11 11 10 59.9 50.0 AUTO 0 
b.1 2025-09-26 05:23:17.496 a 2025-09-26-05:23:15 189 216 241 6.4 11.3 15.0 10.4 9.0 727.9 0.00 0 0.0 14.7 23.3 23.4 3.634  -53.9   13.9   35.2   9  -18.1  18 0 0 1 3 1 1 10.9 6.2 11.2 5.9 80.0 100 100 28 432 0 57 0 231 231 231 11 11 11 60.0 50.0 AUTO 0 
b.1 2025-09-26 05:24:12.177 a 2025-09-26-05:24:09 195 214 235 5.8 10.4 15.0 10.4 9.0 727.9 0.00 0 0.0 14.7 23.3 23.4 3.634  -55.4   13.9   34.3   9  -18.2  18 0 0 1 3 1 1 11.0 6.1 11.1 6.0 80.0 100 100 28 433 0 57 0 232 231 231 11 11 10 59.9 50.0 AUTO 0 
b.1 2025-09-26 05:25:25.233 a 2025-09-26-05:25:23 184 215 254 7.2 11.2 15.6 10.4 9.6 728.0 0.00 0 0.0 14.8 23.3 23.4 3.634  -58.7   13.9   37.1   9  -18.2  18 0 0 1 3 1 1 10.9 6.1 11.1 5.9 80.0 100 100 28 433 0 57 0 231 231 231 11 11 11 60.0 50.0 AUTO 0 
b.1 2025-09-26 05:26:13.239 a 2025-09-26-05:26:11 178 216 238 5.4 10.1 15.6 10.4 9.6 728.0 0.00 0 0.0 14.6 22.7 23.4 3.633  -52.4   13.9   32.3   9  -18.2  18 0 0 1 3 1 1 10.9 6.1 11.1 5.9 80.0 100 100 28 433 0 58 0 231 232 232 11 11 11 59.9 50.0 AUTO 0 
b.1 2025-09-26 05:27:12.480 a 2025-09-26-05:27:10 187 215 243 7.0 11.3 17.3 10.4 8.8 727.9 0.00 0 0.0 14.7 23.3 23.4 3.633  -54.7   13.9   36.0   9  -18.3  18 0 0 1 3 1 1 10.9 5.9 11.1 5.8 80.0 100 100 28 432 0 57 0 231 231 232 11 11 10 59.9 50.0 AUTO 0 
b.1 2025-09-26 05:28:26.854 a 2025-09-26-05:28:24 189 217 240 7.5 10.6 14.6 10.4 8.9 728.0 0.00 0 0.0 14.7 23.4 23.6 3.633  -56.8   13.9   35.1   9  -18.3  18 0 0 1 3 1 1 10.9 5.9 11.1 5.8 80.0 100 100 28 433 0 57 0 232 231 232 11 11 11 59.9 50.0 AUTO 0 
b.1 2025-09-26 05:29:16.359 a 2025-09-26-05:29:14 183 215 246 5.4 10.5 14.9 10.4 8.9 727.9 0.00 0 0.0 14.7 23.3 23.4 3.633  -54.4   13.9   34.1   9  -18.4  18 0 0 1 3 1 1 10.9 5.8 11.1 5.8 80.0 100 100 28 432 0 57 0 231 231 232 11 11 10 59.9 50.0 AUTO 0 
b.1 2025-09-26 05:30:14.398 a 2025-09-26-05:30:12 172 214 241 5.4 10.7 15.4 10.4 8.9 727.9 0.00 0 0.0 14.7 22.7 23.4 3.633  -51.9   13.9   32.3   9  -18.5  18 0 0 1 3 1 1 10.9 5.5 11.1 5.7 80.0 100 100 28 432 0 58 0 231 232 232 11 11 10 59.9 50.0 AUTO 0 
b.1 2025-09-26 05:31:23.016 a 2025-09-26-05:31:20 202 220 259 6.9 11.4 16.0 10.4 10.0 727.9 0.00 0 0.0 14.7 23.3 23.4 3.634  -54.8   13.9   37.0   9  -18.5  18 0 0 1 3 1 1 11.0 5.4 11.1 5.7 80.0 100 100 28 433 0 57 0 232 232 231 11 11 10 60.0 50.0 AUTO 0 
b.1 2025-09-26 05:32:14.176 a 2025-09-26-05:32:11 177 215 250 4.2 10.6 15.8 10.4 8.3 728.0 0.00 0 0.0 14.7 22.6 23.4 3.633  -53.8   13.9   35.2   9  -18.6  18 0 0 1 3 1 1 11.0 5.4 11.2 5.8 80.0 100 100 28 432 0 58 0 231 231 232 11 11 10 59.9 50.0 AUTO 0 
b.1 2025-09-26 05:33:14.476 a 2025-09-26-05:33:12 190 215 240 7.0 11.0 16.8 10.4 8.7 728.0 0.00 0 0.0 14.6 22.6 23.4 3.634  -54.0   13.9   35.2   9  -18.7  18 0 0 1 3 1 1 11.0 5.4 11.2 5.6 80.0 100 100 28 432 0 57 0 231 232 232 11 11 10 59.9 50.0 AUTO 0 
b.1 2025-09-26 05:34:14.278 a 2025-09-26-05:34:12 188 215 239 4.8 10.1 13.4 10.3 8.4 728.0 0.00 0 0.0 14.8 23.3 23.4 3.634  -55.3   13.9   31.7   9  -18.7  18 0 0 1 3 1 1 11.1 5.4 11.2 5.5 80.0 100 100 29 432 0 58 0 231 232 231 11 11 10 60.0 50.0 AUTO 0 
b.1 2025-09-26 05:35:24.677 a 2025-09-26-05:35:22 171 218 247 5.5 10.5 15.2 10.3 8.3 728.0 0.00 0 0.0 14.7 23.7 23.4 3.633  -51.6   13.9   34.2   9  -18.8  18 0 0 1 3 1 1 11.1 5.4 11.2 5.5 80.0 100 100 28 432 0 58 0 231 232 232 11 11 10 59.9 50.0 AUTO 0 
b.1 2025-09-26 05:36:13.055 a 2025-09-26-05:36:10 171 217 247 5.8 9.9 15.4 10.3 8.4 728.0 0.00 0 0.0 14.6 23.3 23.4 3.633  -54.8   13.9   31.5   9  -18.8  18 0 0 1 3 1 1 11.1 5.3 11.2 5.4 80.0 100 100 29 431 0 58 0 231 231 232 11 11 10 60.0 50.0 AUTO 0 
b.1 2025-09-26 05:37:13.078 a 2025-09-26-05:37:10 192 216 250 6.9 10.0 15.4 10.2 8.5 727.8 0.00 0 0.0 14.6 23.3 23.4 3.633  -55.9   13.9   31.4   9  -18.8  18 0 0 1 3 1 1 11.0 5.3 11.2 5.4 80.0 100 100 29 432 0 57 0 231 232 232 11 11 10 60.0 50.0 AUTO 0 
b.1 2025-09-26 05:38:12.776 a 2025-09-26-05:38:10 198 216 237 5.4 10.2 13.5 10.2 8.5 727.9 0.00 0 0.0 14.6 22.6 23.4 3.633  -53.5   13.9   31.3   9  -18.8  18 0 0 1 3 1 1 11.0 5.2 11.1 5.3 80.0 100 100 28 432 0 58 0 231 231 232 11 11 10 60.0 50.0 AUTO 0 
b.1 2025-09-26 05:39:21.898 a 2025-09-26-05:39:19 191 215 243 5.4 9.7 13.5 10.4 8.3 727.9 0.00 0 0.0 14.7 23.7 23.4 3.634  -56.1   13.9   30.6   9  -18.8  18 0 0 1 3 1 1 11.0 5.2 11.2 5.4 80.0 100 100 28 433 0 57 0 232 231 232 11 11 11 60.0 50.0 AUTO 0 
b.1 2025-09-26 05:40:15.836 a 2025-09-26-05:40:13 198 218 240 6.3 10.5 14.3 10.2 9.1 727.9 0.00 0 0.0 14.8 23.6 23.4 3.633  -56.1   13.9   32.3   9  -18.9  18 0 0 1 3 1 1 11.0 5.1 11.1 5.2 80.0 100 100 28 432 0 58 0 231 231 232 11 11 10 60.0 50.0 AUTO 0 
b.1 2025-09-26 05:41:12.346 a 2025-09-26-05:41:10 194 220 245 6.2 10.7 16.3 10.3 8.9 727.9 0.00 0 0.0 14.7 23.6 23.4 3.634  -56.6   13.9   33.0   9  -18.9  18 0 0 1 3 1 1 11.0 5.1 11.1 5.3 80.0 100 100 28 433 0 57 0 231 232 232 11 11 11 60.0 50.0 AUTO 0 
b.1 2025-09-26 05:42:15.243 a 2025-09-26-05:42:12 193 219 239 6.4 11.2 14.8 10.4 8.8 727.9 0.00 0 0.0 14.7 23.3 23.4 3.633  -55.3   13.9   36.0   9  -19.0  18 0 0 1 3 1 1 11.1 5.1 11.1 5.2 80.0 100 100 28 432 0 57 0 231 232 232 11 11 11 60.0 50.0 AUTO 0 
b.1 2025-09-26 05:43:11.740 a 2025-09-26-05:43:09 168 218 242 4.2 9.9 15.5 10.4 8.5 727.9 0.00 0 0.0 14.6 22.6 23.4 3.633  -55.5   13.9   32.3   9  -19.0  18 0 0 1 3 1 1 11.1 5.2 11.1 5.4 80.0 100 100 28 433 0 58 0 231 232 232 11 11 10 60.0 50.0 AUTO 0 
b.1 2025-09-26 05:44:14.640 a 2025-09-26-05:44:12 194 219 236 8.1 11.6 15.8 10.4 9.3 727.9 0.00 0 0.0 14.8 23.3 23.4 3.633  -54.2   13.9   37.1   9  -19.0  18 0 0 1 3 1 1 11.1 5.1 11.1 5.3 80.0 100 100 28 432 0 45 0 232 231 231 11 12 16 59.9 50.0 AUTO 0 
b.1 2025-09-26 05:45:15.141 a 2025-09-26-05:45:12 194 217 237 5.8 10.9 14.6 10.4 8.9 727.8 0.00 0 0.0 14.7 23.3 23.4 3.633  -53.3   13.9   35.2   9  -19.1  18 0 0 1 3 1 1 11.1 5.2 11.1 5.3 80.0 100 100 28 432 0 58 0 231 231 232 11 11 10 59.9 50.0 AUTO 0 
b.1 2025-09-26 05:46:15.684 a 2025-09-26-05:46:13 188 217 242 5.2 10.9 15.1 10.4 9.1 727.8 0.00 0 0.0 14.7 23.3 23.4 3.633  -53.9   13.9   36.2   8  -19.2  18 0 0 1 3 1 1 11.1 5.1 11.1 5.4 80.0 100 100 28 432 0 57 0 231 232 232 11 12 10 60.0 50.0 AUTO 0 
b.1 2025-09-26 05:47:14.782 a 2025-09-26-05:47:12 185 218 244 6.2 10.8 15.6 10.4 8.8 727.9 0.00 0 0.0 14.7 23.2 23.4 3.633  -56.2   13.9   36.2   8  -19.2  18 0 0 1 3 1 1 11.0 5.1 11.1 5.3 80.0 100 100 28 433 0 58 0 231 231 232 11 11 10 59.9 50.0 AUTO 0 
b.1 2025-09-26 05:48:12.404 a 2025-09-26-05:48:10 183 217 241 6.0 11.1 15.4 10.4 9.0 727.9 0.00 0 0.0 14.7 22.6 23.4 3.633  -53.6   13.9   35.3   8  -19.3  18 0 0 1 3 1 1 11.0 5.1 11.1 5.2 80.0 100 100 28 432 0 57 0 232 231 231 11 11 10 59.9 50.0 AUTO 0 
b.1 2025-09-26 05:49:13.644 a 2025-09-26-05:49:11 193 220 249 6.6 10.8 14.9 10.5 8.7 727.8 0.00 0 0.0 14.6 23.3 23.4 3.633  -54.9   13.9   34.5   8  -19.3  18 0 0 1 3 1 1 11.1 5.3 11.1 5.1 80.0 100 100 28 431 0 58 0 231 231 231 11 11 10 59.9 50.0 AUTO 0 
b.1 2025-09-26 05:50:18.042 a 2025-09-26-05:50:15 187 220 243 7.1 10.4 13.6 10.5 8.9 727.9 0.00 0 0.0 14.7 23.3 23.4 3.633  -54.8   13.9   35.6   8  -19.3  18 0 0 1 3 1 1 11.1 5.2 11.0 5.1 80.0 100 100 28 432 0 58 0 231 232 232 11 11 10 59.9 50.0 AUTO 0 
b.1 2025-09-26 05:51:13.983 a 2025-09-26-05:51:11 197 219 243 7.2 11.6 16.1 10.5 8.5 727.8 0.00 0 0.0 14.7 23.3 23.4 3.633  -58.3   13.9   36.5   8  -19.4  19 0 0 1 3 1 1 11.1 5.1 11.0 5.0 80.0 100 100 28 432 0 57 0 231 231 232 11 11 10 60.0 50.0 AUTO 0 
b.1 2025-09-26 05:52:17.957 a 2025-09-26-05:52:15 181 219 249 7.8 11.3 15.7 10.5 9.3 727.8 0.00 0 0.0 14.6 23.3 23.4 3.633  -55.5   13.9   38.7   8  -19.3  19 0 0 1 3 1 1 11.1 5.1 11.0 5.1 80.0 100 100 28 433 0 58 0 232 231 231 11 11 10 60.0 50.0 AUTO 0 
b.1 2025-09-26 05:53:20.503 a 2025-09-26-05:53:18 157 214 248 5.2 9.8 14.1 10.5 8.1 727.9 0.00 0 0.0 14.7 23.3 23.4 3.633  -53.0   14.0   32.2   8  -19.3  19 0 0 1 3 1 1 11.1 5.1 11.0 5.1 80.0 100 100 28 432 0 57 0 232 231 232 11 11 10 60.0 50.0 AUTO 0 
b.1 2025-09-26 05:54:24.278 a 2025-09-26-05:54:21 190 218 245 6.4 10.4 14.5 10.4 8.9 727.8 0.00 0 0.0 14.7 23.3 23.4 3.634  -52.4   13.9   33.8   8  -19.5  19 0 0 1 3 1 1 11.1 5.1 11.0 5.1 80.0 100 100 28 433 0 58 0 231 232 232 11 11 10 60.0 50.0 AUTO 0 
b.1 2025-09-26 05:55:14.940 a 2025-09-26-05:55:12 196 219 238 6.6 10.2 14.2 10.4 8.8 727.7 0.00 0 0.0 14.7 23.3 23.4 3.633  -55.1   13.9   34.7   8  -19.3  19 0 0 1 3 1 1 11.1 5.2 11.0 5.2 80.0 100 100 28 433 0 57 0 231 232 232 11 12 10 60.0 50.0 AUTO 0 
b.1 2025-09-26 05:56:22.499 a 2025-09-26-05:56:20 194 219 238 6.7 10.9 16.0 10.4 8.4 727.9 0.00 0 0.0 14.7 23.3 23.4 3.634  -55.5   13.9   34.5   8  -19.4  19 0 0 1 3 1 1 11.1 5.2 10.9 5.1 80.0 100 100 28 433 0 57 0 231 231 231 11 11 10 60.0 50.0 AUTO 0 
b.1 2025-09-26 05:57:23.180 a 2025-09-26-05:57:20 199 218 239 6.2 10.5 14.2 10.3 9.1 727.7 0.00 0 0.0 14.7 22.6 23.4 3.633  -57.9   13.9   36.6   8  -19.3  19 0 0 1 3 1 1 11.1 5.3 10.9 5.2 80.0 100 100 28 432 0 58 0 231 232 231 11 11 10 60.0 50.0 AUTO 0 
b.1 2025-09-26 05:58:20.197 a 2025-09-26-05:58:17 190 219 235 6.2 10.6 14.2 10.3 8.8 727.7 0.00 0 0.0 14.6 22.6 23.4 3.633  -54.5   13.9   35.8   8  -19.4  19 0 0 1 3 1 1 11.1 5.2 10.9 5.1 80.0 100 100 28 432 0 58 0 231 231 232 11 11 10 60.0 50.0 AUTO 0 
b.1 2025-09-26 05:59:15.259 a 2025-09-26-05:59:12 189 219 246 6.2 10.5 13.2 10.3 8.8 727.7 0.00 0 0.0 14.8 23.7 23.4 3.633  -54.7   13.9   35.8   8  -19.3  19 0 0 1 3 1 1 11.1 5.2 10.9 5.1 80.0 100 100 28 432 0 57 0 231 232 232 11 11 10 60.0 50.0 AUTO 0 
b.1 2025-09-26 06:00:27.259 a 2025-09-26-06:00:24 186 219 248 7.0 10.9 14.2 10.4 8.8 727.8 0.00 0 0.0 14.7 23.3 23.4 3.635  -56.2   14.0   38.1   8  -19.4  19 0 0 1 3 1 1 11.1 5.1 10.9 5.2 80.0 100 100 28 433 0 57 0 231 231 231 11 11 10 59.9 50.0 AUTO 0 
b.1 2025-09-26 06:01:18.039 a 2025-09-26-06:01:15 186 219 248 5.9 10.3 14.5 10.4 8.8 727.8 0.00 0 0.0 14.8 23.3 23.4 3.633  -53.0   14.0   34.0   8  -19.4  19 0 0 1 3 1 1 11.1 5.2 10.9 5.1 80.0 100 100 28 432 0 58 0 231 231 232 11 11 10 59.9 50.0 AUTO 0 
b.1 2025-09-26 06:02:15.842 a 2025-09-26-06:02:13 192 216 242 6.3 10.5 14.2 10.4 8.5 727.8 0.00 0 0.0 14.7 23.7 23.4 3.635  -55.3   14.0   34.2   8  -19.4  19 0 0 1 3 1 1 11.1 5.1 10.9 5.1 80.0 100 100 29 430 0 57 0 231 231 232 11 11 10 59.9 50.0 AUTO 0 
b.1 2025-09-26 06:03:11.005 a 2025-09-26-06:03:08 195 219 246 8.0 10.5 13.7 10.4 8.9 727.8 0.00 0 0.0 14.7 23.7 23.4 3.635  -55.0   14.0   35.0   8  -19.4  19 0 0 1 3 1 1 11.1 5.2 10.9 5.1 80.0 100 100 29 431 0 57 0 231 232 232 11 11 10 59.9 50.0 AUTO 0 
b.1 2025-09-26 06:04:23.940 a 2025-09-26-06:04:21 184 221 245 6.4 10.1 13.8 10.4 8.5 727.8 0.00 0 0.0 14.8 23.7 23.4 3.634  -54.3   14.0   33.3   8  -19.5  19 0 0 1 3 1 1 11.1 5.0 10.9 5.1 80.0 100 100 29 430 0 58 0 231 231 232 11 11 10 59.9 50.0 AUTO 0 
b.1 2025-09-26 06:05:26.980 a 2025-09-26-06:05:24 196 218 242 6.9 10.4 14.4 10.4 8.4 727.8 0.00 0 0.0 14.9 23.9 23.4 3.633  -52.3   14.0   34.2   8  -19.5   5 0 0 1 3 1 1 11.1 5.1 10.9 5.1 80.0 100 100 29 432 0 58 0 231 231 231 11 11 10 59.9 50.0 AUTO 0 
b.1 2025-09-26 06:06:12.523 a 2025-09-26-06:06:10 199 219 239 6.4 10.4 14.1 10.4 8.5 727.8 0.00 0 0.0 14.7 22.6 23.4 3.633  -54.1   14.0   33.5   8  -19.5  12 0 0 1 3 1 1 11.0 5.1 10.9 5.1 80.0 100 100 29 432 0 57 0 231 231 232 11 11 10 59.9 50.0 AUTO 0 
b.1 2025-09-26 06:07:13.023 a 2025-09-26-06:07:10 190 222 252 7.0 10.4 13.9 10.4 8.8 727.8 0.00 0 0.0 14.7 23.3 23.4 3.634  -53.0   14.0   33.4   8  -19.5  13 0 0 1 3 1 1 11.1 5.0 10.9 4.9 80.0 100 100 29 432 0 58 0 231 231 231 11 11 10 59.9 50.0 AUTO 0 
b.1 2025-09-26 06:08:23.721 a 2025-09-26-06:08:21 176 217 236 7.5 9.9 14.8 10.5 8.3 727.8 0.00 0 0.0 14.7 23.3 23.4 3.635  -55.1   14.0   33.5   8  -19.5  17 0 0 1 3 1 1 11.0 5.1 10.9 5.1 80.0 100 100 29 431 0 58 0 231 231 232 11 11 10 59.9 50.0 AUTO 0 
b.1 2025-09-26 06:09:19.101 a 2025-09-26-06:09:16 191 219 241 5.3 9.9 13.2 10.4 8.6 727.7 0.00 0 0.0 14.6 22.6 23.4 3.633  -54.4   14.0   33.5   8  -19.5  17 0 0 1 3 1 1 11.0 5.2 10.9 5.2 80.0 100 100 29 433 0 58 0 231 231 232 11 11 10 59.9 50.0 AUTO 0 
b.1 2025-09-26 06:10:14.022 a 2025-09-26-06:10:11 197 223 253 5.1 10.1 14.1 10.4 9.0 727.8 0.00 0 0.0 14.7 23.6 23.4 3.634  -57.9   14.0   32.6   8  -19.5  18 0 0 1 3 1 1 11.0 5.1 10.9 5.1 80.0 100 100 28 432 0 57 0 231 232 231 11 11 11 59.9 50.0 AUTO 0 
b.1 2025-09-26 06:11:13.344 a 2025-09-26-06:11:11 189 221 247 4.6 10.5 14.9 10.3 8.4 727.8 0.00 0 0.0 14.8 23.7 23.4 3.633  -54.2   14.0   35.2   8  -19.5  18 0 0 1 3 1 1 11.0 5.3 10.9 5.2 80.0 100 100 29 433 0 57 0 231 232 231 11 11 11 59.9 50.0 AUTO 0 
b.1 2025-09-26 06:12:15.388 a 2025-09-26-06:12:13 204 224 250 6.2 10.5 14.2 10.3 9.0 727.8 0.00 0 0.0 14.8 23.3 23.4 3.634  -54.3   14.0   36.3   8  -19.5  18 0 0 1 3 1 1 10.9 5.3 10.9 5.4 80.0 100 100 28 432 0 57 0 231 232 231 11 11 10 60.0 50.0 AUTO 0 
b.1 2025-09-26 06:13:14.703 a 2025-09-26-06:13:12 197 220 234 5.4 10.0 13.5 10.4 9.2 727.8 0.00 0 0.0 14.7 23.2 23.4 3.633  -55.2   14.0   36.1   8  -19.5  18 0 0 1 3 1 1 10.9 5.4 10.9 5.5 80.0 100 100 28 432 0 57 0 231 232 231 11 11 10 59.9 50.0 AUTO 0 
b.1 2025-09-26 06:14:14.486 a 2025-09-26-06:14:12 197 219 242 6.4 9.9 13.4 10.4 8.3 727.7 0.00 0 0.0 14.7 23.3 23.4 3.634  -56.3   14.0   34.3   8  -19.5  18 0 0 1 3 1 1 10.9 5.4 10.9 5.5 80.0 100 100 28 433 0 57 0 231 232 232 11 11 10 60.0 50.0 AUTO 0 
b.1 2025-09-26 06:15:21.421 a 2025-09-26-06:15:19 195 219 244 5.8 10.0 13.6 10.2 9.0 727.7 0.00 0 0.0 14.6 23.3 23.4 3.633  -52.0   14.0   34.2   8  -19.4  18 0 0 1 3 1 1 10.8 5.6 10.8 5.5 80.0 100 100 28 432 0 58 0 232 231 231 11 11 10 59.9 50.0 AUTO 0 
b.1 2025-09-26 06:16:12.483 a 2025-09-26-06:16:10 191 221 252 3.1 9.3 12.6 10.2 8.7 727.7 0.00 0 0.0 14.7 23.4 23.4 3.633  -54.9   14.0   31.4   8  -19.5  18 0 0 1 3 1 1 10.8 5.6 10.8 5.6 80.0 100 100 28 432 0 58 0 232 231 231 11 11 11 59.9 50.0 AUTO 0 
b.1 2025-09-26 06:17:15.130 a 2025-09-26-06:17:12 192 219 253 6.2 9.7 13.6 10.3 7.9 727.7 0.00 0 0.0 14.7 23.3 23.4 3.633  -54.8   13.9   30.3   8  -19.6  18 0 0 1 3 1 1 10.8 5.4 10.8 5.5 80.0 100 100 28 432 0 57 0 231 232 232 11 11 10 60.0 50.0 AUTO 0 
b.1 2025-09-26 06:18:16.463 a 2025-09-26-06:18:14 191 221 237 5.8 10.2 14.3 10.3 8.7 727.8 0.00 0 0.0 14.8 23.9 23.4 3.634  -53.4   13.9   31.1   8  -19.6  18 0 0 1 3 1 1 10.8 5.4 10.8 5.4 80.0 100 100 28 432 0 57 0 231 231 232 11 11 10 59.9 50.0 AUTO 0 
b.1 2025-09-26 06:19:14.122 a 2025-09-26-06:19:11 190 218 240 5.5 9.6 14.5 10.2 8.8 727.7 0.00 0 0.0 14.8 23.7 23.4 3.633  -52.1   13.9   31.9   8  -19.6  18 0 0 1 3 1 1 10.8 5.5 10.8 5.5 80.0 100 100 28 432 0 57 0 231 232 232 11 11 10 59.9 50.0 AUTO 0 
b.1 2025-09-26 06:20:21.023 a 2025-09-26-06:20:18 190 220 254 5.1 9.7 14.1 10.2 9.3 727.7 0.00 0 0.0 14.8 23.3 23.4 3.634  -53.5   13.9   31.9   8  -19.6  18 0 0 1 3 1 1 10.8 5.5 10.8 5.5 80.0 100 100 28 435 0 57 0 232 231 231 11 11 10 59.9 50.0 AUTO 0 
b.1 2025-09-26 06:21:12.647 a 2025-09-26-06:21:10 193 220 242 5.3 9.8 14.5 10.2 8.8 727.7 0.00 0 0.0 14.7 23.3 23.4 3.633  -52.1   13.9   31.1   8  -19.6  18 0 0 1 3 1 1 10.7 5.5 10.8 5.4 80.0 100 100 28 434 0 56 0 231 232 231 11 11 10 59.9 50.0 AUTO 0 
b.1 2025-09-26 06:22:27.664 a 2025-09-26-06:22:25 192 222 247 5.8 9.2 12.4 10.3 8.8 727.8 0.00 0 0.0 14.7 23.3 23.4 3.634  -53.6   13.9   29.3   8  -19.5  18 0 0 1 2 1 0 10.7 5.6 10.8 5.6 80.0 100 100 28 433 0 56 0 231 232 232 11 11 10 59.9 50.0 AUTO 0 
b.1 2025-09-26 06:23:24.263 a 2025-09-26-06:23:21 202 221 243 6.0 9.5 13.2 10.3 8.5 727.7 0.00 0 0.0 14.7 23.6 23.4 3.634  -56.1   13.9   30.8   8  -19.5  18 0 0 1 3 1 1 10.7 5.7 10.8 5.7 80.0 100 100 28 433 0 58 0 232 232 232 11 11 11 59.9 50.0 AUTO 0 
b.1 2025-09-26 06:24:13.565 a 2025-09-26-06:24:11 194 221 248 4.4 9.5 13.1 10.2 9.0 727.7 0.00 0 0.0 14.6 22.7 23.4 3.633  -53.4   13.9   32.5   8  -19.5  18 0 0 1 3 1 1 10.7 5.7 10.8 5.6 80.0 100 100 28 441 0 57 0 231 232 232 11 12 11 60.0 50.0 AUTO 0 
b.1 2025-09-26 06:25:15.865 a 2025-09-26-06:25:13 176 219 244 4.6 9.4 12.5 10.2 8.9 727.8 0.00 0 0.0 14.7 23.2 23.4 3.633  -54.6   13.9   31.6   8  -19.4  18 0 0 1 3 1 1 10.7 5.6 10.7 5.6 80.0 100 100 28 434 0 57 0 231 232 232 11 12 10 59.9 50.0 AUTO 0 
b.1 2025-09-26 06:26:09.532 a 2025-09-26-06:26:07 176 223 250 6.3 10.2 13.6 10.2 9.4 727.8 0.00 0 0.0 14.7 23.3 23.4 3.633  -56.0   13.9   34.3   8  -19.4  18 0 0 1 3 1 1 10.7 5.6 10.7 5.5 80.0 100 100 28 428 0 57 0 231 232 232 11 11 10 59.9 50.0 AUTO 0 
b.1 2025-09-26 06:27:14.023 a 2025-09-26-06:27:11 199 223 244 6.7 10.6 14.0 10.2 9.1 727.8 0.00 0 0.0 14.8 23.6 23.4 3.634  -54.5   13.9   36.0   8  -19.4  18 0 0 1 3 1 1 10.7 5.6 10.7 5.5 80.0 100 100 28 430 0 56 0 231 231 232 11 12 11 59.9 50.0 AUTO 0 
b.1 2025-09-26 06:28:17.263 a 2025-09-26-06:28:15 186 220 242 6.7 10.1 14.1 10.3 9.1 727.6 0.00 0 0.0 14.8 23.7 23.4 3.633  -55.6   13.9   35.1   8  -19.4  18 0 0 1 3 1 1 10.7 5.6 10.7 5.6 80.0 100 100 28 431 0 57 0 231 232 232 11 11 10 59.9 50.0 AUTO 0 
b.1 2025-09-26 06:29:14.427 a 2025-09-26-06:29:12 199 220 244 6.1 9.6 13.3 10.1 8.5 727.7 0.00 0 0.0 14.8 23.7 23.4 3.633  -52.5   13.9   34.0   8  -19.4  18 0 0 1 3 1 1 10.7 5.7 10.7 5.6 80.0 100 100 28 437 0 57 0 231 231 232 11 12 11 60.0 50.0 AUTO 0 
b.1 2025-09-26 06:30:16.025 a 2025-09-26-06:30:13 194 219 247 5.4 9.5 12.5 10.1 8.9 727.7 0.00 0 0.0 14.8 23.3 23.4 3.633  -52.6   13.9   32.1   8  -19.4  18 0 0 1 3 1 1 10.7 5.8 10.7 5.7 80.0 100 100 28 432 0 57 0 232 231 232 11 11 10 59.9 50.0 AUTO 0 
b.1 2025-09-26 06:31:13.967 a 2025-09-26-06:31:11 194 222 244 5.5 10.2 13.6 10.1 8.9 727.7 0.00 0 0.0 14.7 23.3 23.4 3.634  -52.4   13.8   33.8   8  -19.4  18 0 0 1 3 1 1 10.6 5.8 10.6 5.7 80.0 100 100 28 430 0 56 0 232 231 232 11 11 10 59.9 50.0 AUTO 0 
b.1 2025-09-26 06:32:22.384 a 2025-09-26-06:32:20 185 218 241 6.1 10.3 13.4 10.1 9.0 727.6 0.00 0 0.0 14.7 23.3 23.4 3.634  -55.5   13.8   34.5   8  -19.4  18 0 0 1 3 1 1 10.6 5.8 10.7 5.8 80.0 100 100 29 430 0 57 0 231 232 232 11 11 10 59.9 50.0 AUTO 0 
b.1 2025-09-26 06:33:14.188 a 2025-09-26-06:33:11 198 218 241 7.2 10.6 14.8 10.1 9.0 727.6 0.00 0 0.0 14.6 22.7 23.4 3.633  -56.8   13.8   37.2   8  -19.3  18 0 0 1 3 1 1 10.6 6.0 10.7 5.9 80.0 100 100 29 430 0 57 0 232 231 232 11 11 10 60.0 50.0 AUTO 0 
b.1 2025-09-26 06:34:14.226 a 2025-09-26-06:34:11 195 219 247 6.5 9.8 13.5 10.1 9.8 727.6 0.00 0 0.0 14.6 23.3 23.4 3.634  -55.2   13.8   34.2   8  -19.4  18 0 0 1 3 1 1 10.6 6.1 10.6 6.0 80.0 100 100 29 433 0 56 0 231 231 232 11 11 10 60.0 50.0 AUTO 0 
b.1 2025-09-26 06:35:15.507 a 2025-09-26-06:35:13 200 220 243 6.2 10.5 15.8 10.1 8.7 727.6 0.00 0 0.0 14.7 23.6 23.4 3.633  -53.8   13.8   35.9   8  -19.4  18 0 0 1 3 1 1 10.6 6.2 10.6 6.1 80.0 100 100 29 429 0 56 0 231 232 232 11 11 10 60.0 50.0 AUTO 0 
b.1 2025-09-26 06:36:22.303 a 2025-09-26-06:36:20 199 218 252 6.6 10.0 13.8 10.1 9.6 727.5 0.00 0 0.0 14.7 23.3 23.4 3.635  -54.1   13.8   34.9   8  -19.3  18 0 0 1 3 1 1 10.6 6.1 10.6 6.0 80.0 100 100 29 435 0 57 0 231 231 231 11 11 11 60.0 50.0 AUTO 0 
b.1 2025-09-26 06:37:12.128 a 2025-09-26-06:37:09 185 217 247 6.6 10.3 13.8 10.1 9.1 727.5 0.00 0 0.0 14.6 23.3 23.4 3.633  -52.6   13.8   35.6   8  -19.3  18 0 0 1 3 1 1 10.6 6.2 10.6 6.1 80.0 100 100 29 431 0 58 0 231 231 231 11 11 10 60.0 50.0 AUTO 0 
b.1 2025-09-26 06:38:13.506 a 2025-09-26-06:38:11 195 216 243 5.6 9.8 13.3 10.0 9.2 727.4 0.00 0 0.0 14.6 22.6 23.4 3.633  -52.2   13.7   34.4   8  -19.3  18 0 0 1 3 1 1 10.6 6.2 10.6 6.2 80.0 100 100 29 431 0 57 0 231 232 232 11 11 10 60.0 50.0 AUTO 0 
b.1 2025-09-26 06:39:18.503 a 2025-09-26-06:39:16 192 217 238 6.3 9.7 14.1 10.0 8.9 727.5 0.00 0 0.0 14.6 22.6 23.4 3.634  -52.9   13.7   33.5   8  -19.2  18 0 0 1 3 1 1 10.6 6.2 10.6 6.2 80.0 100 100 29 432 0 57 0 231 232 232 11 11 10 60.0 50.0 AUTO 0 
b.1 2025-09-26 06:40:25.825 a 2025-09-26-06:40:23 179 219 241 6.2 10.3 13.7 10.0 9.0 727.5 0.00 0 0.0 14.6 22.6 23.4 3.634  -52.7   13.7   35.0   9  -19.1  18 0 0 1 3 1 1 10.6 6.2 10.6 6.2 80.0 100 100 28 440 0 57 0 231 231 231 11 11 10 60.0 50.0 AUTO 0 
b.1 2025-09-26 06:41:13.608 a 2025-09-26-06:41:11 198 220 247 7.1 10.0 13.8 9.9 9.8 727.5 0.00 0 0.0 14.7 23.3 23.4 3.633  -55.9   13.7   33.0   9  -19.2  18 0 0 1 3 1 1 10.6 6.2 10.6 6.2 80.0 100 100 29 434 0 56 0 231 232 232 11 11 11 60.0 50.0 AUTO 0 
b.1 2025-09-26 06:42:13.168 a 2025-09-26-06:42:10 202 221 247 7.0 9.7 12.8 9.9 9.4 727.5 0.00 0 0.0 14.7 23.7 23.4 3.633  -54.7   13.7   32.9   9  -19.2  18 0 0 1 3 1 1 10.6 6.2 10.6 6.2 80.0 100 100 28 435 0 57 0 232 232 231 11 12 10 60.0 50.0 AUTO 0 
b.1 2025-09-26 06:43:23.746 a 2025-09-26-06:43:21 183 220 241 5.8 9.4 14.1 10.0 9.5 727.5 0.00 0 0.0 14.7 23.3 23.4 3.633  -51.4   13.7   31.1   9  -19.2  18 0 0 1 3 1 1 10.6 6.3 10.5 6.3 80.0 100 100 28 441 0 57 0 231 231 232 11 12 11 60.0 50.0 AUTO 0 
b.1 2025-09-26 06:44:25.131 a 2025-09-26-06:44:22 195 221 245 6.6 10.4 13.4 9.8 9.8 727.5 0.00 0 0.0 14.7 23.3 23.4 3.633  -53.6   13.6   33.6   9  -19.1  18 0 0 1 3 1 1 10.6 6.4 10.5 6.4 80.0 100 100 28 432 0 56 0 232 232 232 11 11 11 60.0 50.0 AUTO 0 
b.1 2025-09-26 06:45:13.826 a 2025-09-26-06:45:11 195 221 245 6.5 10.0 13.4 9.8 9.9 727.5 0.00 0 0.0 14.7 23.3 23.4 3.633  -55.3   13.6   33.5   9  -19.1  18 0 0 1 3 1 1 10.5 6.5 10.5 6.4 80.0 100 100 29 431 0 57 0 231 232 232 11 11 10 60.0 50.0 AUTO 0 
b.1 2025-09-26 06:46:14.645 a 2025-09-26-06:46:12 196 220 241 5.7 9.4 12.5 9.9 9.8 727.5 0.00 0 0.0 14.7 23.3 23.4 3.634  -52.6   13.6   31.8   9  -19.0  18 0 0 1 3 1 1 10.6 6.5 10.5 6.5 80.0 100 100 28 433 0 57 0 231 231 232 11 11 11 60.0 50.0 AUTO 0 
b.1 2025-09-26 06:47:14.029 a 2025-09-26-06:47:11 195 218 262 5.5 9.8 14.1 9.9 9.6 727.4 0.00 0 0.0 14.8 23.3 23.4 3.634  -54.5   13.6   32.6   9  -19.0  18 0 0 1 3 1 1 10.5 6.6 10.5 6.5 80.0 100 100 28 433 0 57 0 231 231 231 11 11 10 60.0 50.0 AUTO 0 
b.1 2025-09-26 06:48:14.049 a 2025-09-26-06:48:11 200 224 245 5.2 10.5 14.0 9.9 9.7 727.4 0.00 0 0.0 14.7 23.6 23.4 3.634  -55.7   13.6   35.2   9  -19.0  18 0 0 1 3 1 1 10.5 6.6 10.5 6.6 80.0 100 100 28 432 0 58 0 231 231 232 11 11 10 60.0 50.0 AUTO 0 
b.1 2025-09-26 06:49:16.130 a 2025-09-26-06:49:13 194 221 255 5.4 10.1 13.6 9.9 10.2 727.4 0.00 0 0.0 14.7 23.3 23.4 3.634  -53.5   13.6   33.3   9  -18.9  18 0 0 1 3 1 1 10.5 6.7 10.5 6.6 80.0 100 100 28 432 0 57 0 231 232 232 11 11 10 60.0 50.0 AUTO 0 
b.1 2025-09-26 06:50:16.490 a 2025-09-26-06:50:14 203 223 245 6.2 9.7 13.3 9.9 10.7 727.5 0.00 0 0.0 14.7 23.3 23.4 3.632  -53.2   13.6   32.2   9  -18.9  18 0 0 1 3 1 1 10.5 6.7 10.5 6.7 80.0 100 100 28 433 0 57 0 231 232 232 11 11 11 60.0 50.0 AUTO 0 
b.1 2025-09-26 06:51:13.247 a 2025-09-26-06:51:10 198 220 256 5.6 10.0 14.1 9.8 9.7 727.4 0.00 0 0.0 14.8 23.3 23.4 3.634  -54.1   13.6   31.3   9  -18.9  18 0 0 1 3 1 1 10.6 6.7 10.5 6.8 80.0 100 100 29 433 0 57 0 231 232 232 11 11 11 60.0 50.0 AUTO 0 
b.1 2025-09-26 06:52:13.907 a 2025-09-26-06:52:11 196 222 246 6.1 10.4 13.3 9.8 10.3 727.4 0.00 0 0.0 14.8 23.3 23.4 3.634  -52.2   13.6   34.8   9  -18.8  18 0 0 1 3 1 1 10.6 6.8 10.5 6.7 80.0 100 100 28 433 0 58 0 231 231 231 11 11 10 60.0 50.0 AUTO 0 
b.1 2025-09-26 06:53:21.028 a 2025-09-26-06:53:18 193 218 251 5.8 10.4 14.8 9.8 10.3 727.4 0.00 0 0.0 14.7 23.3 23.4 3.634  -54.0   13.6   33.8   9  -18.8  18 0 0 1 3 1 1 10.6 6.8 10.5 6.8 80.0 100 100 29 432 0 57 0 231 231 232 11 11 10 60.0 50.0 AUTO 0 
b.1 2025-09-26 06:54:13.151 a 2025-09-26-06:54:10 171 218 245 6.1 9.8 15.4 9.9 9.8 727.4 0.00 0 0.0 14.7 23.3 23.4 3.633  -52.9   13.6   31.1   9  -18.8  18 0 0 1 3 1 1 10.6 6.9 10.5 6.9 80.0 100 100 29 432 0 57 0 231 231 231 11 11 10 60.0 50.0 AUTO 0 
b.1 2025-09-26 06:55:14.069 a 2025-09-26-06:55:11 194 219 242 5.2 10.0 13.9 10.0 9.5 727.4 0.00 0 0.0 14.7 23.3 23.4 3.634  -50.0   13.6   30.2   9  -18.7  18 0 0 1 3 1 1 10.6 6.9 10.5 6.9 80.0 100 100 29 432 0 58 0 231 232 232 11 11 10 60.0 50.0 AUTO 0 
b.1 2025-09-26 06:56:17.950 a 2025-09-26-06:56:15 199 219 255 6.4 9.2 12.9 10.0 9.9 727.4 0.00 0 0.0 14.7 23.6 23.4 3.633  -52.1   13.6   28.6   9  -18.6  18 0 0 1 2 1 0 10.6 6.9 10.5 6.9 80.0 100 100 29 430 0 57 0 231 231 232 11 11 11 60.0 50.0 AUTO 0 
b.1 2025-09-26 06:57:22.992 a 2025-09-26-06:57:20 189 218 241 6.0 10.0 14.5 9.9 10.4 727.3 0.00 0 0.0 14.7 23.3 23.4 3.634  -52.6   13.5   31.8   9  -18.6  18 0 0 1 3 1 1 10.6 7.0 10.5 7.0 80.0 100 100 29 430 0 58 0 231 231 231 11 11 10 60.0 50.0 AUTO 0 
b.1 2025-09-26 06:58:15.276 a 2025-09-26-06:58:12 189 216 237 6.6 9.4 12.6 9.9 9.9 727.4 0.00 0 0.0 14.7 22.7 23.4 3.634  -51.3   13.5   30.9   9  -18.7  18 0 0 1 3 1 1 10.6 7.0 10.5 7.0 80.0 100 100 29 432 0 57 0 231 231 231 11 11 10 60.0 50.0 AUTO 0 
b.1 2025-09-26 06:59:13.150 a 2025-09-26-06:59:10 198 218 244 5.7 9.4 13.2 9.9 10.0 727.3 0.00 0 0.0 14.5 22.6 23.4 3.633  -53.6   13.5   31.7   9  -18.6  18 0 0 1 3 1 1 10.5 7.0 10.5 6.9 80.0 100 100 29 432 0 58 0 232 232 231 11 11 10 60.0 50.0 AUTO 0 
b.1 2025-09-26 07:00:22.007 a 2025-09-26-07:00:19 193 216 239 6.1 9.6 14.3 9.9 9.9 727.3 0.00 0 0.0 14.6 22.6 23.4 3.635  -51.0   13.5   30.0   9  -18.7  18 0 0 1 2 1 0 10.5 6.9 10.4 6.9 80.0 100 100 29 432 0 57 0 231 232 232 11 11 10 59.9 50.0 AUTO 0 
b.1 2025-09-26 07:01:21.867 a 2025-09-26-07:01:19 188 221 238 6.2 9.3 13.7 9.9 10.3 727.3 0.00 0 0.0 14.5 22.6 23.4 3.633  -54.2   13.5   31.5   9  -18.6  18 0 0 1 3 1 1 10.5 7.0 10.4 7.0 80.0 100 100 29 431 0 57 0 231 232 232 11 11 11 59.9 50.0 AUTO 0 
b.1 2025-09-26 07:02:13.411 a 2025-09-26-07:02:11 184 218 242 6.6 9.8 13.2 9.8 9.8 727.3 0.00 0 0.0 14.8 23.9 23.4 3.633  -53.5   13.5   30.5   9  -18.6  18 0 0 1 3 1 1 10.5 7.0 10.4 7.0 80.0 100 100 29 432 0 58 0 231 231 232 11 11 10 59.9 50.0 AUTO 0 
b.1 2025-09-26 07:03:14.232 a 2025-09-26-07:03:11 193 218 239 7.4 9.8 13.3 9.8 10.1 727.3 0.00 0 0.0 14.8 23.6 23.4 3.633  -52.8   13.5   32.2   9  -18.6  18 0 0 1 3 1 1 10.5 7.1 10.4 7.1 80.0 100 100 29 432 0 57 0 231 231 231 11 11 10 59.9 50.0 AUTO 0 
b.1 2025-09-26 07:04:18.634 a 2025-09-26-07:04:16 187 218 236 6.6 10.0 13.4 9.8 10.4 727.2 0.00 0 0.0 14.6 23.3 23.4 3.633  -54.9   13.5   32.0   9  -18.5  18 0 0 1 3 1 1 10.5 7.2 10.4 7.2 80.0 100 100 29 432 0 57 0 231 232 232 11 12 10 59.9 50.0 AUTO 0 
b.1 2025-09-26 07:05:24.230 a 2025-09-26-07:05:21 198 220 245 7.2 10.0 13.8 9.8 10.7 727.2 0.00 0 0.0 14.7 22.6 23.4 3.634  -55.5   13.5   34.6   9  -18.5  18 0 0 1 3 1 1 10.5 7.2 10.4 7.2 80.0 100 100 29 432 0 57 0 231 232 232 11 11 10 59.9 50.0 AUTO 0 
b.1 2025-09-26 07:06:13.953 a 2025-09-26-07:06:11 198 219 248 6.3 10.0 13.8 9.8 10.7 727.2 0.00 0 0.0 14.8 23.7 23.4 3.633  -51.8   13.5   31.9   9  -18.5  18 0 0 1 3 1 1 10.5 7.0 10.4 7.0 80.0 100 100 29 431 0 57 0 231 231 232 11 12 10 59.9 50.0 AUTO 0 
b.1 2025-09-26 07:07:14.632 a 2025-09-26-07:07:12 200 219 246 6.5 9.8 13.6 9.8 9.9 727.3 0.00 0 0.0 14.7 23.3 23.4 3.634  -54.6   13.5   32.7   9  -18.4  18 0 0 1 3 1 1 10.4 7.2 10.3 7.1 80.0 100 100 29 435 0 57 0 231 231 232 11 11 11 60.0 50.0 AUTO 0 
b.1 2025-09-26 07:08:11.976 a 2025-09-26-07:08:09 188 219 244 6.3 9.9 13.8 9.6 10.3 727.4 0.00 0 0.0 14.7 23.6 23.4 3.634  -52.4   13.4   32.5   9  -18.4  18 0 0 1 3 1 1 10.4 7.2 10.3 7.3 80.0 100 100 29 433 0 57 0 231 232 231 11 11 11 59.9 50.0 AUTO 0 
b.1 2025-09-26 07:09:15.255 a 2025-09-26-07:09:12 196 221 242 5.8 9.9 13.5 9.7 10.4 727.4 0.00 0 0.0 14.7 23.3 23.4 3.634  -52.8   13.4   32.5   9  -18.4  18 0 0 1 3 1 1 10.4 7.4 10.3 7.4 80.0 100 100 28 430 0 56 0 232 231 231 11 11 10 60.0 50.0 AUTO 0 
b.1 2025-09-26 07:10:19.690 a 2025-09-26-07:10:17 203 221 246 6.9 9.8 12.0 9.7 10.4 727.4 0.00 0 0.0 14.7 22.6 23.4 3.634  -56.4   13.4   34.1   9  -18.4  18 0 0 1 3 1 1 10.4 7.4 10.3 7.4 80.0 100 100 28 430 0 57 0 231 232 232 11 11 10 60.0 50.0 AUTO 0 
b.1 2025-09-26 07:11:12.720 a 2025-09-26-07:11:10 188 220 246 6.1 10.0 13.1 9.6 10.8 727.3 0.00 0 0.0 14.6 22.7 23.4 3.633  -54.2   13.4   33.2   9  -18.4  18 0 0 1 3 1 1 10.3 7.4 10.3 7.5 80.0 100 100 28 430 0 58 0 231 232 232 10 11 10 59.9 50.0 AUTO 0 
b.1 2025-09-26 07:12:19.214 a 2025-09-26-07:12:16 188 219 240 3.1 9.7 12.6 9.6 10.7 727.3 0.00 0 0.0 14.6 22.6 23.4 3.634  -54.8   13.4   33.2   9  -18.3  18 0 0 1 3 1 1 10.3 7.3 10.3 7.3 80.0 100 100 28 432 0 58 0 231 232 232 11 11 10 59.9 50.0 AUTO 0 
b.1 2025-09-26 07:13:13.815 a 2025-09-26-07:13:11 174 218 247 3.1 8.9 13.9 9.7 10.1 727.3 0.00 0 0.0 14.6 23.3 23.4 3.633  -54.6   13.4   30.4   9  -18.3  18 0 0 1 3 1 1 10.3 7.3 10.2 7.4 80.0 100 100 28 429 0 58 0 231 232 232 11 11 10 60.0 50.0 AUTO 0 
b.1 2025-09-26 07:14:19.312 a 2025-09-26-07:14:16 196 218 237 6.0 9.4 13.3 9.5 10.2 727.3 0.00 0 0.0 14.7 23.3 23.4 3.634  -52.8   13.4   31.9   9  -18.2  18 0 0 1 3 1 1 10.3 7.4 10.2 7.4 80.0 100 100 28 432 0 58 0 231 231 231 11 11 10 60.0 50.0 AUTO 0 
b.1 2025-09-26 07:15:15.336 a 2025-09-26-07:15:12 201 219 245 6.0 9.6 12.7 9.5 11.0 727.3 0.00 0 0.0 14.7 23.6 23.4 3.633  -59.8   13.4   32.6   9  -18.2  18 0 0 1 3 1 1 10.3 7.5 10.2 7.5 80.0 100 100 28 429 0 58 0 231 231 231 11 11 10 59.9 50.0 AUTO 0 
b.1 2025-09-26 07:16:14.713 a 2025-09-26-07:16:12 190 220 239 6.0 10.2 13.0 9.4 11.0 727.3 0.00 0 0.0 14.7 23.3 23.4 3.633  -55.1   13.3   34.0  10  -18.2  18 0 0 1 3 1 1 10.3 7.8 10.1 7.8 80.0 100 100 28 430 0 58 0 231 232 232 11 11 10 59.9 50.0 AUTO 0 
b.1 2025-09-26 07:17:26.375 a 2025-09-26-07:17:24 176 220 240 5.4 9.0 13.0 9.5 11.0 727.2 0.00 0 0.0 14.6 22.6 23.4 3.633  -52.8   13.3   31.2  10  -18.1  18 0 0 1 3 1 1 10.2 7.7 10.0 7.8 80.0 100 100 28 429 0 57 0 231 232 231 11 11 10 59.9 50.0 AUTO 0 
b.1 2025-09-26 07:18:13.275 a 2025-09-26-07:18:10 200 222 241 6.8 9.9 12.8 9.3 10.6 727.2 0.00 0 0.0 14.7 23.3 23.4 3.633  -55.5   13.3   32.7  10  -18.1  18 0 0 1 3 1 1 10.2 8.3 10.0 8.3 80.0 100 100 28 440 0 57 0 231 231 232 11 12 11 60.0 50.0 AUTO 0 
b.1 2025-09-26 07:19:13.914 a 2025-09-26-07:19:11 203 224 246 5.2 10.1 13.1 9.3 11.6 727.2 0.00 0 0.0 14.7 23.2 23.4 3.633  -53.2   13.3   36.2  10  -18.0  18 0 0 1 3 1 1 10.2 8.5 10.0 8.6 80.0 100 100 28 432 0 57 0 231 232 232 11 11 11 59.9 50.0 AUTO 0 
b.1 2025-09-26 07:20:23.193 a 2025-09-26-07:20:20 195 221 248 7.1 10.1 13.9 9.3 11.8 727.2 0.00 0 0.0 14.6 23.3 23.4 3.633  -56.2   13.2   35.0  10  -17.9  18 0 0 1 3 1 1 10.1 8.6 10.0 8.7 80.0 100 100 28 433 0 58 0 231 232 232 11 11 10 59.9 50.0 AUTO 0 
b.1 2025-09-26 07:21:22.632 a 2025-09-26-07:21:20 199 221 239 6.2 9.4 12.6 9.3 11.8 727.1 0.00 0 0.0 14.6 22.7 23.4 3.634  -52.5   13.2   32.8  10  -17.8  18 0 0 1 3 1 1 10.2 8.8 10.1 8.9 80.0 100 100 29 433 0 57 0 231 232 232 11 11 11 59.9 50.0 AUTO 0 
b.1 2025-09-26 07:22:13.835 a 2025-09-26-07:22:11 199 222 252 6.1 9.6 13.6 9.3 11.9 727.1 0.00 0 0.0 14.7 23.3 23.4 3.633  -52.4   13.2   34.5  10  -17.7  18 0 0 1 3 1 1 10.2 8.9 10.1 9.0 80.0 100 100 28 432 0 58 0 231 231 232 11 12 11 60.0 50.0 AUTO 0 
b.1 2025-09-26 07:23:14.696 a 2025-09-26-07:23:12 191 218 242 6.3 9.8 14.5 9.3 12.2 727.1 0.00 0 0.0 14.7 23.3 23.4 3.633  -52.7   13.2   30.9  10  -17.7  18 0 0 1 3 1 1 10.1 9.1 10.1 9.2 80.0 100 100 28 432 0 57 0 231 232 232 11 11 11 59.9 50.0 AUTO 0 
b.1 2025-09-26 07:24:21.032 a 2025-09-26-07:24:18 202 221 242 6.6 10.9 13.5 9.3 13.0 727.1 0.00 0 0.0 14.7 23.3 23.4 3.633  -53.9   13.2   36.1  10  -17.5  18 0 0 1 3 1 1 10.2 9.3 10.1 9.3 80.0 100 100 29 432 0 57 0 232 231 231 11 11 10 59.9 50.0 AUTO 0 
b.1 2025-09-26 07:25:26.132 a 2025-09-26-07:25:23 179 218 250 5.5 9.8 13.1 9.3 12.3 727.0 0.00 0 0.0 14.8 23.3 23.4 3.633  -56.3   13.2   33.3  10  -17.4  18 0 0 1 3 1 1 10.2 9.3 10.1 9.4 80.0 100 100 29 432 0 57 0 231 232 232 11 11 11 60.0 50.0 AUTO 0 
b.1 2025-09-26 07:26:13.936 a 2025-09-26-07:26:11 179 221 242 5.6 10.3 13.7 9.3 12.4 727.1 0.00 0 0.0 14.8 22.7 23.4 3.634  -54.3   13.2   35.2  10  -17.3  18 0 0 1 3 1 1 10.2 9.4 10.1 9.5 80.0 100 100 29 432 0 57 0 231 231 231 11 11 11 59.9 50.0 AUTO 0 
b.1 2025-09-26 07:27:13.279 a 2025-09-26-07:27:10 197 225 247 7.2 10.6 14.6 9.3 13.0 727.1 0.00 0 0.0 14.8 23.3 23.4 3.634  -54.2   13.2   38.1  10  -17.2  18 0 0 1 3 1 1 10.2 9.6 10.1 9.7 80.0 100 100 29 432 0 58 0 231 231 231 11 11 10 59.9 50.0 AUTO 0 
b.1 2025-09-26 07:28:19.019 a 2025-09-26-07:28:16 201 223 248 6.1 10.9 14.3 9.3 13.7 727.1 0.00 0 0.0 14.7 23.2 23.4 3.633  -53.1   13.1   37.9  11  -17.1  18 0 0 1 3 1 1 10.2 10.2 10.1 10.3 80.0 100 100 29 432 0 58 0 231 232 232 11 11 10 60.0 50.0 AUTO 0 
b.1 2025-09-26 07:29:13.619 a 2025-09-26-07:29:11 198 223 239 7.9 11.2 14.4 9.3 14.2 727.1 0.00 0 0.0 14.5 22.7 23.4 3.633  -55.5   13.1   40.1  11  -16.8  18 0 0 1 3 1 1 10.2 10.6 10.1 10.7 80.0 100 100 29 432 0 57 0 231 232 232 11 11 10 59.9 50.0 AUTO 0 
b.1 2025-09-26 07:30:17.240 a 2025-09-26-07:30:14 205 222 252 7.5 10.8 14.2 9.4 14.4 727.1 0.00 0 0.0 14.6 23.2 23.4 3.633  -55.2   13.2   39.1  11  -16.7  18 0 0 1 3 1 1 10.2 11.1 10.1 11.3 80.0 100 100 29 432 0 57 0 231 232 231 11 11 11 59.9 50.0 AUTO 0 
b.1 2025-09-26 07:31:12.901 a 2025-09-26-07:31:10 205 224 240 7.1 10.8 14.1 9.4 14.5 727.0 0.00 0 0.0 14.6 23.3 23.4 3.633  -52.9   13.2   40.2  11  -16.5  18 0 0 1 3 1 1 10.2 11.3 10.1 11.4 80.0 100 100 29 431 0 58 0 231 231 231 11 11 10 60.0 50.0 AUTO 0 
b.1 2025-09-26 07:32:19.937 a 2025-09-26-07:32:17 204 224 249 7.0 10.8 15.2 9.4 16.2 727.1 0.00 0 0.0 14.6 23.2 23.4 3.633  -55.0   13.1   40.1  11  -16.2  18 0 0 1 3 1 1 10.2 11.9 10.1 12.1 80.0 100 100 29 432 0 57 0 232 231 232 11 11 10 59.9 50.0 AUTO 0 
b.1 2025-09-26 07:33:14.719 a 2025-09-26-07:33:12 202 223 245 7.3 11.5 14.3 9.4 15.8 727.1 0.00 0 0.0 14.7 23.3 23.4 3.634  -54.9   13.1   42.2  12  -16.0  18 0 0 1 3 1 1 10.2 12.4 10.1 12.7 80.0 100 100 29 431 0 58 0 231 232 232 11 11 10 59.9 50.0 AUTO 0 
b.1 2025-09-26 07:34:13.782 a 2025-09-26-07:34:11 194 223 243 6.0 11.4 15.1 9.4 16.1 727.0 0.00 0 0.0 14.7 23.2 23.4 3.633  -53.3   13.1   44.5  12  -15.7  18 0 0 1 3 1 1 10.2 12.7 10.1 12.9 80.0 100 100 29 432 0 58 0 231 232 232 11 11 10 59.9 50.0 AUTO 0 
b.1 2025-09-26 07:35:13.779 a 2025-09-26-07:35:11 199 224 244 6.6 11.2 15.7 9.3 17.0 727.0 0.00 0 0.0 14.7 23.3 23.4 3.633  -54.6   13.1   42.2  12  -15.4  18 0 0 1 3 1 1 10.2 13.2 10.1 13.4 80.0 100 100 29 431 0 58 0 231 231 232 11 11 10 59.9 50.0 AUTO 0 
b.1 2025-09-26 07:36:20.358 a 2025-09-26-07:36:18 186 225 242 6.3 11.5 15.4 9.2 17.7 727.0 0.00 0 0.0 14.7 23.3 23.4 3.633  -55.7   13.1   45.6  13  -14.9  18 0 0 1 3 1 1 10.2 14.4 10.1 14.6 80.0 100 100 29 431 0 57 0 231 232 232 11 11 11 60.0 50.0 AUTO 0 
b.1 2025-09-26 07:37:12.440 a 2025-09-26-07:37:10 201 222 247 6.9 10.7 14.3 9.2 17.6 727.0 0.00 0 0.0 14.6 22.6 23.4 3.633  -52.1   13.1   41.8  13  -14.8  18 0 0 1 3 1 1 10.1 14.9 10.1 15.2 80.0 100 100 29 431 0 58 0 231 231 231 11 11 10 60.0 50.0 AUTO 0 
b.1 2025-09-26 07:38:12.980 a 2025-09-26-07:38:10 205 223 246 6.5 10.1 13.7 9.2 17.5 727.0 0.00 0 0.0 14.7 22.7 23.4 3.633  -50.2   13.1   37.4  13  -14.6  18 0 0 1 3 1 1 10.1 15.0 10.1 15.4 80.0 100 100 29 432 0 58 0 231 231 232 11 11 11 60.0 50.0 AUTO 0 
b.1 2025-09-26 07:39:12.461 a 2025-09-26-07:39:10 195 223 251 6.7 10.7 14.9 9.2 17.3 727.0 0.00 0 0.0 14.7 22.6 23.4 3.633  -54.0   13.1   39.1  13  -14.3  18 0 0 1 3 1 1 10.1 15.2 10.0 15.4 80.0 100 100 29 430 0 58 0 231 232 232 11 11 10 60.0 50.0 AUTO 0 
b.1 2025-09-26 07:40:15.963 a 2025-09-26-07:40:13 193 225 248 6.4 11.1 14.4 9.1 17.4 726.9 0.00 0 0.0 14.5 22.6 23.4 3.633  -53.0   13.0   40.9  14  -14.1  18 0 0 1 3 1 1 10.1 15.0 10.0 15.4 80.0 100 100 29 431 0 57 0 231 231 232 11 11 11 60.0 50.0 AUTO 0 
b.1 2025-09-26 07:41:13.700 a 2025-09-26-07:41:11 206 224 244 8.6 11.5 15.4 9.1 17.6 727.0 0.00 0 0.0 14.5 22.6 23.4 3.633  -53.4   13.0   45.3  14  -14.0  18 0 0 1 3 1 1 10.1 15.5 10.0 15.6 80.0 100 100 29 432 0 57 0 231 232 231 11 11 10 60.0 50.0 AUTO 0 
b.1 2025-09-26 07:42:18.698 a 2025-09-26-07:42:16 201 223 242 8.8 11.4 14.9 9.1 18.2 727.0 0.00 0 0.0 14.6 22.6 23.4 3.633  -52.9   13.0   44.1  14  -13.8  18 0 0 1 3 1 1 10.1 15.3 10.0 15.6 80.0 100 100 29 432 0 58 0 232 231 232 11 11 10 60.0 50.0 AUTO 0 
b.1 2025-09-26 07:43:22.864 a 2025-09-26-07:43:20 201 224 251 6.8 10.6 14.2 9.2 17.9 727.0 0.00 0 0.0 14.7 23.3 23.4 3.633  -52.3   13.0   38.1  14  -13.7  18 0 0 1 3 1 1 10.1 15.6 10.0 15.8 80.0 100 100 29 430 0 58 0 231 232 232 11 11 10 60.0 50.0 AUTO 0 
b.1 2025-09-26 07:44:14.622 a 2025-09-26-07:44:12 146 221 255 2.4 11.0 14.5 9.1 18.1 726.9 0.00 0 0.0 14.5 22.6 23.4 3.634  -55.1   13.0   38.1  14  -13.5  18 0 0 1 3 1 1 10.1 15.8 10.0 16.1 80.0 100 100 29 431 0 57 0 231 232 232 11 11 11 59.9 50.0 AUTO 0 
b.1 2025-09-26 07:45:16.280 a 2025-09-26-07:45:13 185 222 245 4.5 10.3 14.5 8.9 18.3 726.8 0.00 0 0.0 14.6 23.3 23.4 3.633  -53.9   13.0   37.9  15  -13.3  18 0 0 1 3 1 1 10.1 15.9 10.0 16.2 80.0 100 100 29 432 0 57 0 231 231 231 11 12 10 59.9 50.0 AUTO 0 
b.1 2025-09-26 07:46:21.641 a 2025-09-26-07:46:19 198 222 239 6.4 10.5 14.1 9.0 18.4 726.8 0.00 0 0.0 14.7 23.3 23.4 3.634  -54.8   12.9   38.8  15  -13.3  18 0 0 1 3 1 1 10.0 16.1 9.9 16.4 80.0 100 100 29 432 0 57 0 232 231 232 11 11 11 60.0 50.0 AUTO 0 
b.1 2025-09-26 07:47:23.019 a 2025-09-26-07:47:20 208 224 248 7.7 12.0 16.0 9.0 18.6 726.8 0.00 0 0.0 14.6 23.2 23.4 3.634  -54.9   12.9   43.8  15  -13.2  18 0 0 1 3 1 1 10.0 16.1 10.0 16.3 80.0 100 100 29 431 0 58 0 231 232 232 11 11 10 60.0 50.0 AUTO 0 
b.1 2025-09-26 07:48:14.048 a 2025-09-26-07:48:11 190 220 245 7.4 11.0 15.4 9.0 18.3 726.8 0.00 0 0.0 14.7 22.6 23.4 3.633  -54.5   12.9   39.3  15  -13.1  18 0 0 1 3 1 1 10.0 16.3 10.0 16.5 80.0 100 100 29 431 0 57 0 231 232 232 11 11 10 60.0 50.0 AUTO 0 
b.1 2025-09-26 07:49:15.960 a 2025-09-26-07:49:13 174 221 240 5.6 10.1 14.3 9.0 18.5 726.8 0.00 0 0.0 14.6 22.6 23.4 3.633  -52.3   12.9   36.2  15  -12.9  18 0 0 1 3 1 1 10.0 16.6 10.0 16.7 80.0 100 100 29 431 0 58 0 231 232 232 11 11 10 60.0 50.0 AUTO 0 
b.1 2025-09-26 07:50:25.496 a 2025-09-26-07:50:23 194 220 240 7.3 11.3 15.6 9.0 18.1 726.7 0.00 0 0.0 14.7 23.3 23.4 3.633  -54.3   12.9   38.1  15  -12.9  18 0 0 1 3 1 1 10.0 16.1 9.9 16.4 80.0 100 100 29 430 0 58 0 231 231 232 11 11 11 60.0 50.0 AUTO 0 
b.1 2025-09-26 07:51:21.023 a 2025-09-26-07:51:18 199 218 251 7.1 11.9 15.7 9.1 18.3 726.8 0.00 0 0.0 14.7 23.3 23.4 3.633  -51.9   12.9   40.3  15  -12.8  18 0 0 1 3 1 1 10.0 16.0 10.0 16.2 80.0 100 100 29 432 0 58 0 231 232 232 11 11 10 60.0 50.0 AUTO 0 
b.1 2025-09-26 07:52:12.463 a 2025-09-26-07:52:10 200 224 251 7.3 11.7 16.1 9.2 17.9 726.8 0.00 0 0.0 14.8 23.3 23.4 3.633  -53.1   12.9   39.3  15  -12.8  18 0 0 1 3 1 1 10.1 15.8 10.0 16.0 80.0 100 100 29 430 0 58 0 231 231 232 11 11 10 59.9 50.0 AUTO 0 
b.1 2025-09-26 07:53:19.502 a 2025-09-26-07:53:17 197 223 242 5.6 12.0 15.4 9.2 17.4 726.7 0.00 0 0.0 14.7 23.6 23.4 3.633  -54.0   12.9   39.5  15  -12.9  18 0 0 1 3 1 1 10.1 15.2 10.0 15.4 80.0 100 100 29 432 0 57 0 231 231 232 11 11 10 59.9 50.0 AUTO 0 
b.1 2025-09-26 07:54:23.157 a 2025-09-26-07:54:20 196 221 250 5.5 10.8 14.2 9.3 15.9 726.8 0.00 0 0.0 14.7 23.2 23.4 3.635  -52.9   13.0   35.9  15  -12.9  18 0 0 1 3 1 1 10.1 15.1 10.0 15.2 80.0 100 100 29 432 0 58 0 231 231 231 11 11 10 59.9 50.0 AUTO 0 
b.1 2025-09-26 07:55:26.540 a 2025-09-26-07:55:24 193 221 244 6.6 11.0 15.2 9.5 16.8 726.9 0.00 0 0.0 14.6 22.6 23.4 3.633  -51.1   13.0   36.4  15  -12.8  18 0 0 1 3 1 1 10.1 15.3 10.0 15.3 80.0 100 100 29 431 0 58 0 231 232 232 11 11 10 59.9 50.0 AUTO 0 
b.1 2025-09-26 07:56:14.542 a 2025-09-26-07:56:12 193 223 241 7.0 10.8 16.5 9.5 15.9 726.9 0.00 0 0.0 14.7 23.3 23.4 3.633  -53.5   13.0   34.9  15  -12.9  18 0 0 1 3 1 1 10.1 14.6 10.0 14.6 80.0 100 100 29 431 0 58 0 232 231 231 11 11 10 59.9 50.0 AUTO 0 
b.1 2025-09-26 07:57:20.982 a 2025-09-26-07:57:18 193 225 245 7.4 12.1 16.3 9.5 15.9 726.9 0.00 0 0.0 14.7 23.6 23.4 3.633  -52.1   13.1   40.1  15  -13.0  18 0 0 1 3 1 1 10.1 14.5 10.1 14.5 80.0 100 100 29 431 0 57 0 231 231 232 11 12 10 59.9 50.0 AUTO 0 
b.1 2025-09-26 07:58:24.201 a 2025-09-26-07:58:21 198 225 253 5.3 10.2 14.1 9.7 16.6 726.9 0.00 0 0.0 14.7 23.3 23.4 3.633  -53.2   13.1   34.6  15  -12.9  18 0 0 1 3 1 1 10.1 15.3 10.1 15.2 80.0 100 100 29 432 0 57 0 232 231 231 11 11 10 59.9 50.0 AUTO 0 
b.1 2025-09-26 07:59:13.043 a 2025-09-26-07:59:10 192 226 253 5.3 11.2 15.7 9.6 17.1 726.9 0.00 0 0.0 14.6 22.6 23.4 3.633  -51.8   13.1   37.9  15  -12.8  18 0 0 1 3 1 1 10.1 15.4 10.1 15.4 80.0 100 100 29 430 0 58 0 231 232 232 11 11 10 60.0 50.0 AUTO 0 
b.1 2025-09-26 08:00:15.444 a 2025-09-26-08:00:13 203 228 254 5.5 11.8 15.9 9.6 16.6 726.9 0.00 0 0.0 14.5 22.6 23.4 3.633  -53.3   13.2   40.3  15  -12.8  18 0 0 1 3 1 1 10.1 14.8 10.1 14.9 80.0 100 99 29 413 0 62 0 232 231 231 11 11 10 59.9 50.0 AUTO 0 
b.1 2025-09-26 08:01:17.986 a 2025-09-26-08:01:15 193 221 252 4.0 10.3 14.3 9.6 17.1 726.9 0.00 0 0.0 14.6 22.6 23.4 3.633  -51.8   13.2   37.5  15  -12.7  18 0 0 1 3 1 1 10.0 15.8 10.0 15.9 80.0 100 98 29 435 0 55 0 231 231 232 11 11 11 59.9 50.0 AUTO 0 
b.1 2025-09-26 08:02:13.648 a 2025-09-26-08:02:11 172 226 253 4.3 10.7 15.9 9.6 17.1 726.8 0.00 0 0.0 14.6 22.6 23.4 3.633  -51.9   13.2   40.8  15  -12.7  18 0 0 1 3 1 1 10.0 15.3 10.0 15.5 80.0 100 98 29 446 0 53 0 231 231 232 11 12 11 59.9 50.0 AUTO 0 
b.1 2025-09-26 08:03:12.523 a 2025-09-26-08:03:10 198 223 251 5.8 11.0 15.5 9.5 17.4 726.8 0.00 0 0.0 14.7 22.6 23.4 3.633  -53.2   13.2   41.8  15  -12.6  18 0 0 1 3 1 1 9.9 15.6 10.0 15.7 80.0 100 99 29 446 0 53 0 231 232 232 11 12 11 59.9 50.0 AUTO 0 
b.1 2025-09-26 08:04:17.851 a 2025-09-26-08:04:15 200 224 255 6.5 10.7 15.0 9.5 17.1 726.8 0.00 0 0.0 14.5 22.6 23.4 3.634  -53.9   13.2   39.4  15  -12.6  18 0 0 1 3 1 1 10.0 15.4 10.0 15.4 80.0 100 99 29 446 0 43 0 231 231 231 11 18 11 59.9 50.0 AUTO 0 
b.1 2025-09-26 08:05:17.224 a 2025-09-26-08:05:14 203 226 246 6.8 11.2 14.5 9.5 17.7 726.7 0.00 0 0.0 14.6 23.3 23.4 3.633  -53.7   13.2   40.8  15  -12.5  18 0 0 1 3 1 1 10.0 16.6 10.0 16.6 80.0 100 99 29 446 0 42 0 231 231 231 11 18 11 59.9 50.0 AUTO 0 
b.1 2025-09-26 08:06:13.344 a 2025-09-26-08:06:10 130 227 253 1.0 9.7 14.5 9.4 18.0 726.8 0.00 0 0.0 14.7 23.3 23.4 3.633  -52.9   13.2   36.8  16  -12.4  18 0 0 1 3 1 1 9.9 17.2 9.9 17.2 80.0 100 99 29 446 0 41 0 231 231 232 11 19 11 60.0 50.0 AUTO 0 
b.1 2025-09-26 08:07:17.180 a 2025-09-26-08:07:14 204 229 249 5.1 12.5 16.3 9.3 19.1 726.8 0.00 0 0.0 14.6 22.6 23.4 3.633  -52.3   13.2   46.7  16  -12.1  18 0 0 1 3 1 1 9.9 17.8 9.9 17.7 80.0 100 99 29 446 0 41 0 231 231 232 11 19 11 59.9 50.0 AUTO 0 
b.1 2025-09-26 08:08:14.944 a 2025-09-26-08:08:12 182 222 246 5.9 12.8 17.4 9.5 19.5 726.7 0.00 0 0.0 14.7 23.3 23.4 3.632  -52.9   13.2   43.1  16  -11.9  19 0 0 1 3 1 1 10.0 19.2 10.1 19.2 80.0 100 99 29 445 0 41 0 231 231 232 11 19 11 60.0 50.0 AUTO 0 
b.1 2025-09-26 08:09:18.226 a 2025-09-26-08:09:15 165 221 260 1.3 9.5 15.0 9.6 19.1 726.8 0.00 0 0.0 14.7 23.2 23.4 3.634  -51.0   13.2   35.8  16  -11.7  19 0 0 1 3 1 1 10.0 18.6 10.0 18.7 80.0 100 99 29 446 0 41 0 231 231 231 11 19 11 60.0 50.0 AUTO 0 
b.1 2025-09-26 08:10:13.605 a 2025-09-26-08:10:11 181 225 253 2.9 10.1 14.3 9.5 19.9 726.8 0.00 0 0.0 14.7 23.7 23.4 3.633  -51.5   13.2   38.8  17  -11.6  19 0 0 1 3 1 1 9.9 19.0 9.9 19.1 80.0 100 99 29 446 0 41 0 231 231 232 11 19 11 60.0 50.0 AUTO 0 
b.1 2025-09-26 08:11:24.322 a 2025-09-26-08:11:21 192 223 253 5.2 10.4 14.1 9.3 21.8 726.6 0.00 0 0.0 14.8 23.7 23.4 3.634  -49.1   13.2   37.3  17  -11.4  19 0 0 1 3 1 1 9.9 21.6 9.9 21.3 80.0 100 99 29 445 0 52 0 231 232 232 11 12 11 60.0 50.0 AUTO 0 
b.1 2025-09-26 08:12:22.361 a 2025-09-26-08:12:19 192 227 259 5.4 10.8 15.9 9.3 22.0 726.8 0.00 0 0.0 14.7 23.6 23.4 3.633  -50.6   13.2   37.4  17  -11.1  19 0 0 1 3 1 1 9.9 22.4 10.0 22.2 80.0 100 99 29 446 0 53 0 231 232 232 11 12 11 60.0 50.0 AUTO 0 
b.1 2025-09-26 08:13:14.786 a 2025-09-26-08:13:12 203 227 250 7.7 11.2 15.1 9.4 22.0 726.8 0.00 0 0.0 14.7 23.3 23.4 3.633  -51.2   13.2   38.2  18  -10.9  19 0 0 1 3 1 1 9.9 21.7 10.0 22.0 80.0 100 99 29 445 0 52 0 231 231 231 11 12 11 60.0 50.0 AUTO 0 
b.1 2025-09-26 08:14:11.986 a 2025-09-26-08:14:09 139 223 261 0.8 10.4 14.9 9.3 21.7 726.8 0.00 0 0.0 14.7 23.2 23.4 3.634  -48.3   13.2   37.1  18  -10.6  19 0 0 1 3 1 1 9.9 20.8 9.9 21.0 80.0 100 99 29 446 0 53 0 231 232 232 11 12 11 60.0 50.0 AUTO 0 
b.1 2025-09-26 08:15:14.063 a 2025-09-26-08:15:11 204 227 259 3.2 11.2 16.6 9.4 24.4 726.7 0.00 0 0.0 14.7 22.6 23.4 3.634  -50.6   13.1   38.9  19  -10.2  19 0 0 1 3 1 1 9.9 22.8 10.0 22.9 80.0 100 99 29 446 0 53 0 231 232 232 11 12 11 60.0 50.0 AUTO 0 
b.1 2025-09-26 08:16:18.845 a 2025-09-26-08:16:16 198 225 260 4.1 9.6 13.1 9.3 23.2 726.7 0.00 0 0.0 14.8 23.7 23.4 3.633  -48.2   13.1   32.9  19  -10.1  19 0 0 1 3 1 1 9.9 22.6 10.0 22.7 80.0 100 99 29 445 0 53 0 232 232 232 11 12 11 60.0 50.0 AUTO 0 
b.1 2025-09-26 08:17:25.319 a 2025-09-26-08:17:22 207 230 267 1.3 12.9 17.5 9.2 24.9 726.7 0.00 0 0.0 14.7 22.6 23.4 3.633  -49.0   13.1   44.0  19   -9.7  19 0 0 1 3 1 1 9.9 24.3 10.0 24.2 80.0 100 99 29 446 0 54 0 231 231 232 11 12 11 60.0 50.0 AUTO 0 
b.1 2025-09-26 08:18:13.105 a 2025-09-26-08:18:10 195 226 258 7.3 12.7 16.2 9.2 24.9 726.7 0.00 0 0.0 14.6 22.6 23.4 3.633  -49.1   13.1   46.5  20   -9.4  19 0 0 1 3 1 1 9.9 24.8 10.0 25.2 80.0 100 99 29 446 0 53 0 231 232 232 11 12 11 60.0 50.0 AUTO 0 
b.1 2025-09-26 08:19:13.647 a 2025-09-26-08:19:11 183 223 245 5.1 11.8 17.7 9.3 24.8 726.5 0.00 0 0.0 14.7 22.7 23.4 3.633  -51.3   13.1   45.3  20   -9.2  19 0 0 1 3 1 1 9.9 23.8 10.0 24.2 80.0 100 99 29 445 0 53 0 232 231 231 11 12 11 60.0 50.0 AUTO 0 
b.1 2025-09-26 08:20:23.622 a 2025-09-26-08:20:21 204 227 253 6.1 11.0 13.8 9.4 24.9 726.7 0.00 0 0.0 14.7 23.3 23.4 3.633  -48.4   13.1   44.0  20   -9.1  19 0 0 1 3 1 1 9.9 24.1 10.0 24.3 80.0 100 99 29 446 0 54 0 232 231 231 11 12 11 60.0 50.0 AUTO 0 
b.1 2025-09-26 08:21:24.308 a 2025-09-26-08:21:21 202 227 249 6.3 11.1 15.8 9.4 24.7 726.7 0.00 0 0.0 14.9 23.7 23.4 3.633  -47.3   13.1   39.7  21   -9.0  19 0 0 1 3 1 1 10.0 24.1 10.0 24.6 80.0 100 99 29 445 0 53 0 232 232 231 11 11 11 60.0 50.0 AUTO 0 
b.1 2025-09-26 08:22:13.007 a 2025-09-26-08:22:10 204 226 247 4.7 10.2 14.2 9.3 25.0 726.7 0.00 0 0.0 14.5 22.6 23.4 3.634  -48.1   13.1   40.8  21   -8.9  19 0 0 1 3 1 1 10.0 24.5 10.0 24.9 80.0 100 99 29 445 0 53 0 231 232 232 11 12 11 60.0 50.0 AUTO 0 
b.1 2025-09-26 08:23:17.624 a 2025-09-26-08:23:15 204 225 248 6.8 11.8 16.0 9.3 25.2 726.7 0.00 0 0.0 14.6 22.7 23.4 3.633  -51.8   13.1   43.1  21   -8.6  19 0 0 1 3 1 1 10.0 25.3 10.0 25.7 80.0 100 99 29 445 0 53 0 231 232 232 11 12 11 60.0 50.0 AUTO 0 
b.1 2025-09-26 08:24:20.247 a 2025-09-26-08:24:17 208 226 252 7.3 11.2 15.3 9.4 25.8 726.6 0.00 0 0.0 14.7 22.6 23.4 3.633  -50.1   13.1   43.1  21   -8.5  19 0 0 1 3 1 1 10.0 25.7 10.0 26.0 80.0 100 99 29 446 0 52 0 231 231 232 11 12 11 59.9 50.0 AUTO 0 
b.1 2025-09-26 08:25:25.243 a 2025-09-26-08:25:22 202 228 252 7.0 11.7 14.9 9.4 25.2 726.7 0.00 0 0.0 14.6 22.6 23.4 3.633  -50.1   13.1   44.2  21   -8.4  19 0 0 1 3 1 1 10.0 24.9 10.0 25.4 80.0 100 99 29 446 0 53 0 232 231 231 11 12 11 59.9 50.0 AUTO 0 
b.1 2025-09-26 08:26:12.924 a 2025-09-26-08:26:10 183 227 310 2.9 10.4 14.8 9.3 26.1 726.7 0.00 0 0.0 14.8 23.6 23.4 3.633  -51.4   13.1   37.8  22   -8.3  19 0 0 1 3 1 1 10.0 25.8 10.0 26.0 80.0 100 99 29 445 0 54 0 231 231 231 11 12 11 59.9 50.0 AUTO 0 
b.1 2025-09-26 08:27:17.084 a 2025-09-26-08:27:14 195 225 252 4.3 11.3 15.6 9.3 25.8 726.7 0.00 0 0.0 14.8 23.7 23.4 3.633  -47.3   13.1   35.7  22   -8.2  19 0 0 1 3 1 1 10.0 25.9 10.1 26.2 80.0 100 99 29 445 0 53 0 231 231 232 11 12 11 59.9 50.0 AUTO 0 
b.1 2025-09-26 08:28:21.206 a 2025-09-26-08:28:18 171 223 252 5.6 10.6 15.3 9.4 26.9 726.7 0.00 0 0.0 14.8 23.6 23.4 3.633  -48.3   13.1   33.9  22   -8.0  19 0 0 1 3 1 1 10.0 26.6 10.1 26.9 80.0 100 99 29 445 0 53 0 231 232 232 11 12 11 60.0 50.0 AUTO 0 
b.1 2025-09-26 08:29:19.904 a 2025-09-26-08:29:17 200 223 253 5.3 11.3 15.3 9.6 26.1 726.7 0.00 0 0.0 14.6 22.6 23.4 3.637  -50.4   13.1   38.9  22   -7.9  19 0 0 1 3 1 1 10.0 26.6 10.1 26.9 80.0 100 99 29 445 0 54 0 231 231 231 11 12 11 60.0 50.0 AUTO 0 
b.1 2025-09-26 08:30:13.625 a 2025-09-26-08:30:11 202 225 256 3.7 11.1 15.1 9.6 25.8 726.7 0.00 0 0.0 14.7 23.6 23.4 3.633  -49.4   13.2   38.1  23   -7.7  19 0 0 1 3 1 1 10.0 26.4 10.1 26.9 80.0 100 100 29 432 0 56 0 231 231 231 11 12 11 60.0 50.0 AUTO 0 
b.1 2025-09-26 08:31:17.651 a 2025-09-26-08:31:15 195 221 241 4.7 9.4 13.5 9.6 26.3 726.7 0.00 0 0.0 14.7 23.7 23.4 3.634  -49.7   13.2   30.9  23   -7.6  19 0 0 1 3 1 1 10.0 26.9 10.1 27.1 80.0 100 100 29 431 0 58 0 231 231 231 11 11 10 60.0 50.0 AUTO 0 
b.1 2025-09-26 08:32:22.825 a 2025-09-26-08:32:20 183 225 257 3.3 8.4 12.0 9.5 26.4 726.7 0.00 0 0.0 14.8 23.7 23.4 3.633  -46.0   13.2   25.7  23   -7.5   9 0 0 1 2 1 0 10.1 26.8 10.1 27.0 80.0 100 100 29 432 0 57 0 231 232 232 11 11 10 60.0 50.0 AUTO 0 
b.1 2025-09-26 08:33:18.948 a 2025-09-26-08:33:16 179 224 246 5.0 9.2 13.3 9.4 27.0 726.8 0.00 0 0.0 14.7 22.6 23.4 3.633  -46.8   13.2   30.1  23   -7.5  10 0 0 1 3 1 1 10.1 27.3 10.1 27.4 80.0 100 100 29 431 0 57 0 231 231 231 11 11 10 60.0 50.0 AUTO 0 
b.1 2025-09-26 08:34:13.532 a 2025-09-26-08:34:11 201 224 249 5.0 8.9 12.8 9.4 26.5 726.8 0.00 0 0.0 14.6 22.6 23.4 3.633  -51.2   13.2   29.3  23   -7.5  18 0 0 1 2 1 0 10.1 27.1 10.1 27.4 80.0 100 100 29 431 0 58 0 231 231 231 11 11 10 60.0 50.0 AUTO 0 
b.1 2025-09-26 08:35:14.529 a 2025-09-26-08:35:12 191 226 259 1.8 8.0 13.1 9.3 25.7 726.8 0.00 0 0.0 14.5 22.6 23.4 3.635  -45.8   13.2   27.8  23   -7.5  20 0 0 1 2 1 0 10.1 26.6 10.1 26.8 80.0 100 100 29 431 0 58 0 231 232 232 11 11 10 59.9 50.0 AUTO 0 
b.1 2025-09-26 08:36:12.267 a 2025-09-26-08:36:09 181 229 262 4.1 9.3 13.1 9.1 26.8 726.8 0.00 0 0.0 14.8 23.7 23.4 3.634  -45.2   13.1   30.7  23   -7.5  18 0 0 1 3 1 1 10.0 27.0 10.1 27.1 80.0 100 100 29 431 0 58 0 232 231 231 11 11 10 60.0 50.0 AUTO 0 
b.1 2025-09-26 08:37:14.529 a 2025-09-26-08:37:12 193 227 264 2.6 8.8 13.6 9.1 26.8 726.8 0.00 0 0.0 14.8 23.6 23.4 3.633  -46.3   13.1   28.1  23   -7.3  18 0 0 1 2 1 0 10.0 27.7 10.0 27.7 80.0 100 100 29 431 0 57 0 231 232 232 11 11 10 60.0 50.0 AUTO 0 
b.1 2025-09-26 08:38:17.989 a 2025-09-26-08:38:15 200 229 257 4.1 9.7 13.1 9.1 26.6 726.8 0.00 0 0.0 14.7 23.3 23.4 3.634  -47.7   13.1   33.6  23   -7.4  18 0 0 1 3 1 1 10.0 27.0 10.0 27.2 80.0 100 100 29 432 0 57 0 231 231 231 11 11 10 60.0 50.0 AUTO 0 
b.1 2025-09-26 08:39:12.032 a 2025-09-26-08:39:09 195 227 256 4.7 8.7 12.2 9.0 27.0 726.7 0.00 0 0.0 14.8 23.3 23.4 3.633  -45.3   13.1   29.2  23   -7.4  18 0 0 1 2 1 0 10.0 27.5 10.0 27.5 80.0 100 100 29 431 0 57 0 232 231 231 11 11 10 60.0 50.0 AUTO 0 
b.1 2025-09-26 08:40:14.526 a 2025-09-26-08:40:12 208 232 260 4.2 11.0 15.3 9.0 28.8 726.9 0.00 0 0.0 14.6 22.6 23.4 3.634  -48.4   13.0   38.9  24   -7.2  18 0 0 1 3 1 1 9.9 28.5 10.0 28.5 80.0 100 100 29 431 0 57 0 231 232 232 11 11 10 59.9 50.0 AUTO 0 
b.1 2025-09-26 08:41:15.211 a 2025-09-26-08:41:12 182 228 266 2.6 10.6 14.4 9.1 27.7 726.8 0.00 0 0.0 14.6 22.6 23.4 3.633  -48.2   13.0   39.8  24   -7.0  18 0 0 1 3 1 1 9.9 28.6 10.0 28.7 80.0 100 100 29 431 0 57 0 232 232 232 11 12 11 59.9 50.0 AUTO 0 
b.1 2025-09-26 08:42:16.808 a 2025-09-26-08:42:14 207 234 266 1.8 9.7 15.2 9.1 27.0 726.8 0.00 0 0.0 14.6 22.6 23.4 3.633  -49.0   13.0   37.4  24   -7.0  18 0 0 1 3 1 1 9.9 27.8 10.0 27.9 80.0 100 100 29 432 0 57 0 231 231 232 11 12 11 59.9 50.0 AUTO 0 
b.1 2025-09-26 08:43:13.446 a 2025-09-26-08:43:10 204 231 256 5.3 10.8 15.2 9.1 27.1 726.7 0.00 0 0.0 14.7 23.3 23.4 3.633  -48.2   13.0   40.6  24   -7.1  18 0 0 1 3 1 1 9.9 27.9 9.9 28.0 80.0 100 100 29 432 0 58 0 231 231 231 11 11 10 59.9 50.0 AUTO 0 
b.1 2025-09-26 08:44:14.730 a 2025-09-26-08:44:12 160 232 277 1.3 8.9 15.0 8.9 28.2 726.8 0.00 0 0.0 14.6 22.6 23.4 3.633  -49.0   13.0   34.2  24   -7.0  18 0 0 1 3 1 1 9.9 28.6 9.9 28.6 80.0 100 100 29 432 0 58 0 231 231 232 11 11 10 59.9 50.0 AUTO 0 
b.1 2025-09-26 08:45:15.686 a 2025-09-26-08:45:13 213 232 254 6.1 12.3 15.7 9.0 28.1 726.8 0.00 0 0.0 14.7 23.6 23.4 3.633  -49.0   13.0   44.5  25   -6.8  19 0 0 1 3 1 1 9.9 29.1 9.9 29.4 80.0 100 100 29 432 0 57 0 232 232 232 11 11 10 59.9 50.0 AUTO 0 
b.1 2025-09-26 08:46:21.286 a 2025-09-26-08:46:18 187 233 279 2.3 9.9 14.1 9.0 28.5 726.7 0.00 0 0.0 14.7 23.3 23.4 3.632  -49.7   12.9   39.6  25   -6.9  19 0 0 1 3 1 1 9.9 29.0 9.9 29.1 80.0 100 100 29 431 0 57 0 231 232 232 11 11 11 59.9 50.0 AUTO 0 
b.1 2025-09-26 08:47:13.792 a 2025-09-26-08:47:11 207 233 259 3.1 9.5 14.1 9.0 28.5 726.7 0.00 0 0.0 14.8 23.3 23.4 3.634  -45.3   12.9   36.3  25   -6.8  19 0 0 1 3 1 1 9.8 29.1 9.9 29.2 80.0 100 100 29 432 0 57 0 231 232 232 11 12 11 59.9 50.0 AUTO 0 
b.1 2025-09-26 08:48:15.029 a 2025-09-26-08:48:12 206 232 271 2.9 10.3 14.4 9.0 28.5 726.7 0.00 0 0.0 14.6 22.6 23.4 3.633  -49.2   12.9   39.0  25   -6.7  19 0 0 1 3 1 1 9.8 29.3 9.9 29.5 80.0 100 100 28 432 0 58 0 231 232 232 11 11 11 59.9 50.0 AUTO 0 
b.1 2025-09-26 08:49:15.387 a 2025-09-26-08:49:12 186 229 265 3.4 10.1 14.1 8.9 28.5 726.6 0.00 0 0.0 14.5 22.6 23.4 3.633  -50.5   12.9   39.8  25   -6.6  19 0 0 1 3 1 1 9.8 29.6 9.9 29.6 80.0 100 100 29 432 0 58 0 232 232 232 11 11 10 59.9 50.0 AUTO 0 
b.1 2025-09-26 08:50:25.723 a 2025-09-26-08:50:23 194 227 250 6.7 11.8 15.0 8.8 29.1 726.6 0.00 0 0.0 14.6 23.2 23.4 3.634  -49.1   12.8   46.5  25   -6.6  19 0 0 1 3 1 1 9.8 30.0 9.8 30.1 80.0 100 100 29 432 0 58 0 231 231 231 11 11 11 59.9 50.0 AUTO 0 
b.1 2025-09-26 08:51:14.009 a 2025-09-26-08:51:11 212 231 258 8.2 12.0 15.3 8.8 29.1 726.6 0.00 0 0.0 14.6 22.6 23.4 3.632  -49.5   12.8   48.7  25   -6.4  19 0 0 1 3 1 1 9.8 30.1 9.8 30.4 80.0 100 100 29 432 0 58 0 231 231 232 11 11 10 59.9 50.0 AUTO 0 
b.1 2025-09-26 08:52:15.365 a 2025-09-26-08:52:12 194 227 251 5.5 9.6 15.6 8.8 28.8 726.5 0.00 0 0.0 14.8 23.7 23.4 3.633  -46.9   12.8   39.3  25   -6.5  19 0 0 1 3 1 1 9.8 29.3 9.8 29.4 80.0 100 100 29 431 0 58 0 231 231 232 11 11 10 59.9 50.0 AUTO 0 
b.1 2025-09-26 08:53:17.250 a 2025-09-26-08:53:14 210 230 262 4.3 10.2 14.1 8.8 28.4 726.5 0.00 0 0.0 14.6 22.7 23.4 3.633  -50.1   12.8   39.1  25   -6.5  19 0 0 1 3 1 1 9.8 29.4 9.8 29.5 80.0 100 100 29 431 0 58 0 231 231 232 11 11 10 59.9 50.0 AUTO 0 
b.1 2025-09-26 08:54:24.898 a 2025-09-26-08:54:22 215 232 260 7.5 12.0 15.2 8.7 29.0 726.5 0.00 0 0.0 14.6 22.6 23.4 3.633  -49.7   12.7   46.3  26   -6.4  19 0 0 1 3 1 1 9.7 30.8 9.8 30.7 80.0 100 100 29 430 0 58 0 231 232 232 11 11 10 60.0 50.0 AUTO 0 
b.1 2025-09-26 08:55:17.907 a 2025-09-26-08:55:15 211 231 256 5.4 11.3 15.6 8.6 29.8 726.5 0.00 0 0.0 14.5 22.6 23.4 3.633  -49.8   12.7   46.1  26   -6.2  19 0 0 1 3 1 1 9.6 33.0 9.6 33.1 80.0 100 100 29 432 0 58 0 231 232 231 11 11 10 60.0 50.0 AUTO 0 
b.1 2025-09-26 08:56:13.951 a 2025-09-26-08:56:11 203 230 253 3.7 10.1 15.6 8.7 30.2 726.5 0.00 0 0.0 14.8 23.7 23.4 3.634  -48.6   12.7   38.0  26   -6.2  19 0 0 1 3 1 1 9.5 31.4 9.5 31.7 80.0 100 100 29 431 0 57 0 231 231 232 11 11 10 60.0 50.0 AUTO 0 
b.1 2025-09-26 08:57:12.668 a 2025-09-26-08:57:10 212 231 262 5.8 13.1 17.1 8.6 30.5 726.5 0.00 0 0.0 14.2 22.6 23.4 3.633  -50.8   12.7   53.4  27   -6.0  19 0 0 1 3 1 1 9.4 32.8 9.4 32.9 80.0 100 100 29 430 0 58 0 231 231 231 11 11 10 60.0 50.0 AUTO 0 
b.1 2025-09-26 08:58:20.003 a 2025-09-26-08:58:17 186 226 248 7.1 11.9 15.3 8.6 31.0 726.5 0.00 0 0.0 14.5 22.6 23.4 3.633  -50.7   12.7   49.0  27   -6.0  20 0 0 1 3 1 1 9.3 34.6 9.4 34.8 80.0 100 100 29 432 0 58 0 231 232 232 11 11 10 60.0 50.0 AUTO 0 
b.1 2025-09-26 08:59:13.667 a 2025-09-26-08:59:11 186 226 244 7.1 11.1 15.3 8.6 32.5 726.4 0.00 0 0.0 14.7 23.3 23.4 3.633  -49.5   12.6   42.3  27   -5.9  20 0 0 1 3 1 1 9.3 37.0 9.3 36.6 80.0 100 100 29 432 0 57 0 231 232 232 11 11 10 60.0 50.0 AUTO 0 
b.1 2025-09-26 09:00:20.190 a 2025-09-26-09:00:17 205 228 255 6.1 12.2 15.6 8.6 31.6 726.4 0.00 0 0.0 14.4 22.6 23.4 3.634  -48.2   12.6   50.8  28   -5.6  20 0 0 1 3 1 1 9.3 35.0 9.3 35.3 80.0 100 100 29 432 0 58 0 231 231 231 11 11 10 60.0 50.0 AUTO 0 
b.1 2025-09-26 09:01:13.351 a 2025-09-26-09:01:10 206 232 266 6.1 11.4 15.2 8.6 31.9 726.4 0.00 0 0.0 14.6 22.6 23.4 3.633  -46.3   12.6   45.5  28   -5.5  20 0 0 1 3 1 1 9.2 37.6 9.3 37.5 80.0 100 100 29 432 0 57 0 231 232 231 11 11 11 60.0 50.0 AUTO 0 
b.1 2025-09-26 09:02:21.881 a 2025-09-26-09:02:19 188 226 272 6.0 11.1 14.4 8.7 32.8 726.4 0.00 0 0.0 14.5 22.6 23.4 3.633  -46.4   12.6   45.4  28   -5.4  20 0 0 1 3 1 1 9.2 34.1 9.2 34.7 80.0 100 100 29 431 0 57 0 231 232 232 11 11 11 60.0 50.0 AUTO 0 
b.1 2025-09-26 09:03:13.924 a 2025-09-26-09:03:11 212 229 294 6.0 10.9 14.8 8.6 32.5 726.3 0.00 0 0.0 14.6 22.6 23.4 3.633  -47.6   12.6   43.9  28   -5.4  20 0 0 1 3 1 1 9.2 36.3 9.2 36.4 80.0 100 100 29 432 0 57 0 231 232 232 11 11 10 60.0 50.0 AUTO 0 
b.1 2025-09-26 09:04:19.703 a 2025-09-26-09:04:17 212 230 255 5.3 11.5 14.9 8.5 31.7 726.3 0.00 0 0.0 14.5 22.6 23.4 3.633  -48.2   12.5   47.3  28   -5.3  20 0 0 1 3 1 1 9.2 35.5 9.2 35.8 80.0 100 100 29 432 0 57 0 231 232 232 11 11 11 60.0 50.0 AUTO 0 
b.1 2025-09-26 09:05:19.507 a 2025-09-26-09:05:17 204 231 249 6.9 11.3 15.4 8.5 33.8 726.3 0.00 0 0.0 14.6 22.6 23.4 3.634  -48.9   12.5   47.0  29   -5.2  20 0 0 1 3 1 1 9.1 36.2 9.1 36.5 80.0 100 100 29 433 0 57 0 231 232 232 11 11 11 60.0 50.0 AUTO 0 
b.1 2025-09-26 09:06:27.528 a 2025-09-26-09:06:25 199 229 258 6.6 11.6 16.0 8.5 34.1 726.3 0.00 0 0.0 14.6 22.6 23.4 3.633  -46.8   12.5   48.0  29   -5.1  20 0 0 1 3 1 1 9.1 37.4 9.2 37.7 80.0 100 100 29 431 0 58 0 232 231 231 11 11 10 60.0 50.0 AUTO 0 
b.1 2025-09-26 09:07:13.746 a 2025-09-26-09:07:11 199 228 254 4.2 11.7 15.9 8.5 33.2 726.2 0.00 0 0.0 14.5 22.6 23.4 3.633  -51.1   12.5   50.3  29   -5.1  20 0 0 1 3 1 1 9.1 35.4 9.1 35.9 80.0 100 100 29 432 0 56 0 231 231 231 11 12 11 60.0 50.0 AUTO 0 
b.1 2025-09-26 09:08:19.907 a 2025-09-26-09:08:17 212 232 249 5.8 12.4 15.5 8.4 32.6 726.2 0.00 0 0.0 14.6 22.6 23.4 3.633  -48.9   12.4   51.0  29   -5.1  20 0 0 1 3 1 1 9.1 35.6 9.1 35.9 80.0 100 100 29 431 0 57 0 231 232 232 11 11 10 60.0 50.0 AUTO 0 
b.1 2025-09-26 09:09:18.785 a 2025-09-26-09:09:16 206 229 253 7.2 12.0 15.5 8.3 33.0 726.2 0.00 0 0.0 14.6 22.6 23.4 3.633  -49.2   12.4   47.3  29   -5.0  20 0 0 1 3 1 1 9.2 35.8 9.2 36.2 80.0 100 100 29 427 0 57 0 231 231 231 11 11 10 59.9 50.0 AUTO 0 
b.1 2025-09-26 09:10:14.865 a 2025-09-26-09:10:12 215 234 254 4.7 10.9 14.0 8.5 33.0 726.3 0.00 0 0.0 14.6 22.6 23.4 3.633  -46.5   12.4   46.0  29   -5.0  20 0 0 1 3 1 1 9.2 35.7 9.1 36.2 80.0 100 100 29 430 0 56 0 232 231 231 11 11 11 60.0 50.0 AUTO 0 
b.1 2025-09-26 09:11:13.164 a 2025-09-26-09:11:10 203 228 253 5.7 11.0 14.7 8.4 33.0 726.2 0.00 0 0.0 14.4 22.6 23.4 3.633  -50.5   12.4   47.1  29   -5.0  20 0 0 1 3 1 1 9.2 35.4 9.1 36.0 80.0 100 100 28 430 0 58 0 232 232 232 11 11 10 59.9 50.0 AUTO 0 
b.1 2025-09-26 09:12:21.424 a 2025-09-26-09:12:18 205 231 253 7.7 12.2 15.8 8.4 32.6 726.2 0.00 0 0.0 14.5 22.6 23.4 3.633  -50.2   12.4   48.2  29   -5.0  20 0 0 1 3 1 1 9.2 35.0 9.1 35.5 80.0 100 100 28 432 0 57 0 231 232 232 11 12 11 60.0 50.0 AUTO 0 
b.1 2025-09-26 09:13:13.147 a 2025-09-26-09:13:10 201 225 243 7.7 13.0 17.6 8.6 32.1 726.2 0.00 0 0.0 14.6 22.6 23.4 3.633  -48.3   12.4   47.0  29   -4.9  20 0 0 1 3 1 1 9.2 34.7 9.2 35.2 80.0 100 100 28 436 0 57 0 232 231 232 11 12 11 60.0 50.0 AUTO 0 
b.1 2025-09-26 09:14:13.726 a 2025-09-26-09:14:11 211 231 264 5.2 12.1 17.4 8.7 31.9 726.2 0.00 0 0.0 14.7 23.6 23.4 3.633  -48.9   12.5   41.5  29   -4.9  20 0 0 1 3 1 1 9.4 34.5 9.3 35.0 80.0 100 100 28 438 0 58 0 232 231 231 11 11 10 60.0 50.0 AUTO 0 
b.1 2025-09-26 09:15:24.987 a 2025-09-26-09:15:22 204 228 269 2.5 9.9 14.5 8.8 31.6 726.2 0.00 0 0.0 14.6 23.3 23.4 3.633  -47.8   12.5   36.8  29   -4.9  20 0 0 1 3 1 1 9.4 34.3 9.3 34.8 80.0 100 100 28 439 0 58 0 231 231 231 11 11 10 60.0 50.0 AUTO 0 
b.1 2025-09-26 09:16:18.104 a 2025-09-26-09:16:15 202 222 242 4.6 10.5 14.5 8.8 31.5 726.2 0.00 0 0.0 14.7 23.3 23.4 3.633  -47.4   12.5   33.4  29   -4.9   5 0 0 1 3 1 1 9.4 33.9 9.3 34.4 80.0 100 100 28 430 0 57 0 231 232 232 11 11 10 60.0 50.0 AUTO 0 
b.1 2025-09-26 09:17:12.430 a 2025-09-26-09:17:09 206 234 264 1.2 10.7 15.9 8.8 31.1 726.2 0.00 0 0.0 14.7 23.3 23.4 3.634  -47.4   12.5   34.5  29   -4.8  13 0 0 1 3 1 1 9.4 33.4 9.3 33.8 80.0 100 100 28 429 0 58 0 231 232 231 11 11 10 59.9 50.0 AUTO 0 
b.1 2025-09-26 09:18:12.927 a 2025-09-26-09:18:10 126 232 262 1.2 10.3 14.5 9.0 31.4 726.3 0.00 0 0.0 14.6 22.7 23.4 3.634  -47.5   12.6   33.1  29   -4.8  16 0 0 1 3 1 1 9.5 34.3 9.4 34.7 80.0 100 100 28 432 0 58 0 231 231 231 11 11 10 60.0 50.0 AUTO 0 
b.1 2025-09-26 09:19:21.707 a 2025-09-26-09:19:19 206 229 259 2.4 9.7 13.9 9.1 31.5 726.3 0.00 0 0.0 14.7 23.3 23.4 3.634  -48.0   12.6   33.6  29   -4.8  18 0 0 1 3 1 1 9.5 34.4 9.4 34.9 80.0 100 100 28 427 0 58 0 232 232 232 11 11 10 60.0 50.0 AUTO 0 
b.1 2025-09-26 09:20:13.565 a 2025-09-26-09:20:11 209 231 264 2.8 9.8 13.3 9.1 31.6 726.3 0.00 0 0.0 14.7 23.3 23.4 3.633  -48.9   12.7   34.0  29   -4.8  18 0 0 1 3 1 1 9.5 34.4 9.4 34.9 80.0 100 100 28 437 0 58 0 231 232 232 11 12 11 60.0 50.0 AUTO 0 
b.1 2025-09-26 09:21:15.328 a 2025-09-26-09:21:12 202 232 269 4.6 9.4 13.0 9.0 31.9 726.3 0.00 0 0.0 14.7 22.6 23.4 3.634  -47.8   12.7   33.3  29   -4.7  18 0 0 1 3 1 1 9.4 34.5 9.4 35.0 80.0 100 100 28 428 0 58 0 232 231 232 11 11 10 60.0 50.0 AUTO 0 
b.1 2025-09-26 09:22:16.565 a 2025-09-26-09:22:14 211 233 257 1.6 10.4 15.6 8.9 32.2 726.3 0.00 0 0.0 14.6 22.6 23.4 3.633  -49.2   12.7   36.0  29   -4.7  18 0 0 1 3 1 1 9.5 34.7 9.4 35.2 80.0 100 100 28 430 0 57 0 231 232 232 11 12 11 60.0 50.0 AUTO 0 
b.1 2025-09-26 09:23:14.266 a 2025-09-26-09:23:11 133 230 257 0.8 10.1 14.2 8.7 32.2 726.3 0.00 0 0.0 14.5 22.6 23.4 3.633  -49.1   12.7   35.3  29   -4.7  18 0 0 1 3 1 1 9.5 34.7 9.4 35.2 80.0 100 100 29 436 0 57 0 231 232 232 11 11 10 59.9 50.0 AUTO 0 
b.1 2025-09-26 09:24:22.105 a 2025-09-26-09:24:19 209 230 250 6.9 10.4 12.8 8.9 31.7 726.3 0.00 0 0.0 14.6 22.6 23.4 3.633  -48.0   12.7   36.5  29   -4.6  18 0 0 1 3 1 1 9.5 34.7 9.4 35.3 80.0 100 100 29 429 0 57 0 231 232 232 11 11 10 59.9 50.0 AUTO 0 
b.1 2025-09-26 09:25:14.388 a 2025-09-26-09:25:11 211 231 248 7.2 11.2 13.6 8.9 31.7 726.3 0.00 0 0.0 14.7 23.6 23.4 3.634  -50.0   12.8   40.8  29   -4.6  18 0 0 1 3 1 1 9.5 34.4 9.4 34.9 80.0 100 100 29 426 0 57 0 232 231 231 11 11 10 59.9 50.0 AUTO 0 
b.1 2025-09-26 09:26:11.667 a 2025-09-26-09:26:09 204 231 267 2.8 9.6 13.4 8.9 31.7 726.3 0.00 0 0.0 14.8 23.6 23.4 3.633  -47.3   12.8   33.9  29   -4.6  18 0 0 1 3 1 1 9.5 34.4 9.4 35.0 80.0 100 100 29 431 0 57 0 231 232 232 11 12 11 59.9 50.0 AUTO 0 
b.1 2025-09-26 09:27:15.690 a 2025-09-26-09:27:13 207 231 258 4.2 9.5 13.8 8.9 31.8 726.3 0.00 0 0.0 14.7 23.3 23.4 3.634  -49.9   12.8   32.2  29   -4.6  18 0 0 1 3 1 1 9.5 34.5 9.4 35.0 80.0 100 100 29 429 0 57 0 231 232 232 11 11 10 59.9 50.0 AUTO 0 
b.1 2025-09-26 09:28:12.930 a 2025-09-26-09:28:10 207 232 251 6.6 10.8 14.2 9.0 31.8 726.3 0.00 0 0.0 14.7 23.3 23.4 3.633  -47.9   12.8   36.8  29   -4.6  18 0 0 1 3 1 1 9.5 34.0 9.4 34.6 80.0 100 100 29 432 0 56 0 231 231 231 11 12 11 60.0 50.0 AUTO 0 
b.1 2025-09-26 09:29:12.309 a 2025-09-26-09:29:09 200 229 255 1.9 9.2 12.9 9.0 31.8 726.3 0.00 0 0.0 14.7 22.6 23.4 3.634  -48.0   12.8   33.3  29   -4.6  18 0 0 1 3 1 1 9.5 34.2 9.4 34.7 80.0 100 100 29 431 0 57 0 232 231 232 11 12 10 59.9 50.0 AUTO 0 
b.1 2025-09-26 09:30:15.548 a 2025-09-26-09:30:13 199 226 246 4.9 8.9 12.5 9.0 32.0 726.3 0.00 0 0.0 14.7 23.3 23.4 3.634  -46.5   12.8   30.7  29   -4.6  18 0 0 1 3 1 1 9.5 34.5 9.4 35.0 80.0 100 100 29 430 0 58 0 231 232 232 11 11 10 60.0 50.0 AUTO 0 
b.1 2025-09-26 09:31:14.226 a 2025-09-26-09:31:11 200 228 246 5.2 8.8 11.9 8.8 32.4 726.3 0.00 0 0.0 14.6 22.6 23.4 3.634  -48.9   12.8   31.5  30   -4.5  18 0 0 1 3 1 1 9.4 34.6 9.4 35.0 80.0 100 100 29 432 0 57 0 231 232 232 11 11 11 60.0 50.0 AUTO 0 
b.1 2025-09-26 09:32:13.890 a 2025-09-26-09:32:11 205 231 282 3.7 9.3 13.7 8.9 31.9 726.3 0.00 0 0.0 14.7 22.6 23.4 3.633  -44.3   12.8   29.8  30   -4.5  18 0 0 1 2 1 0 9.4 34.6 9.4 34.9 80.0 100 100 28 437 0 56 0 231 232 231 11 12 11 60.0 50.0 AUTO 0 
b.1 2025-09-26 09:33:23.568 a 2025-09-26-09:33:21 178 231 268 0.9 6.9 12.0 8.9 32.4 726.4 0.00 0 0.0 14.8 23.7 23.4 3.634  -45.8   12.8   21.0  30   -4.5   5 0 0 1 2 1 0 9.4 34.7 9.4 35.0 80.0 100 100 28 430 0 57 0 231 231 232 11 11 11 60.0 50.0 AUTO 0 
b.1 2025-09-26 09:34:15.467 a 2025-09-26-09:34:12 200 229 265 4.0 8.7 12.6 8.8 33.0 726.3 0.00 0 0.0 14.5 22.6 23.4 3.633  -47.9   12.8   26.7  30   -4.5  12 0 0 1 2 1 0 9.4 34.9 9.4 35.2 80.0 100 100 28 430 0 57 0 231 231 232 11 11 11 60.0 50.0 AUTO 0 
b.1 2025-09-26 09:35:16.328 a 2025-09-26-09:35:13 206 233 263 1.8 9.1 12.4 8.8 33.1 726.3 0.00 0 0.0 14.7 23.6 23.4 3.634  -48.3   12.8   29.6  30   -4.5  18 0 0 1 2 1 0 9.4 35.3 9.4 35.6 80.0 100 100 28 429 0 57 0 232 232 232 11 11 10 59.9 50.0 AUTO 0 
b.1 2025-09-26 09:36:13.387 a 2025-09-26-09:36:10 210 232 254 6.0 10.3 12.7 8.8 33.2 726.4 0.00 0 0.0 14.7 22.7 23.4 3.633  -48.4   12.8   35.7  30   -4.4  18 0 0 1 3 1 1 9.4 35.5 9.4 35.9 80.0 100 100 28 440 0 58 0 232 231 231 11 12 10 60.0 50.0 AUTO 0 
b.1 2025-09-26 09:37:14.384 a 2025-09-26-09:37:11 213 233 260 2.1 9.1 12.4 8.8 33.3 726.4 0.00 0 0.0 14.6 22.6 23.4 3.633  -47.4   12.8   33.0  30   -4.4  18 0 0 1 3 1 1 9.4 35.7 9.4 35.9 80.0 100 100 28 435 0 57 0 231 232 232 11 12 11 60.0 50.0 AUTO 0 
b.1 2025-09-26 09:38:17.523 a 2025-09-26-09:38:15 214 235 277 1.6 7.7 10.6 8.8 33.4 726.4 0.00 0 0.0 14.5 22.6 23.4 3.634  -47.3   12.7   27.2  30   -4.4  18 0 0 1 2 1 0 9.4 35.6 9.4 36.0 80.0 100 100 28 431 0 57 0 231 231 232 11 11 10 60.0 50.0 AUTO 0 
b.1 2025-09-26 09:39:09.611 a 2025-09-26-09:39:07 206 229 250 5.8 9.2 13.6 8.7 33.9 726.4 0.00 0 0.0 14.7 23.3 23.4 3.633  -48.4   12.7   30.8  30   -4.4  18 0 0 1 3 1 1 9.4 35.8 9.4 36.1 80.0 100 100 28 440 0 57 0 231 231 232 11 12 11 59.9 50.0 AUTO 0 
b.1 2025-09-26 09:40:19.983 a 2025-09-26-09:40:17 134 232 271 1.7 8.9 12.4 8.7 34.1 726.4 0.00 0 0.0 14.8 23.6 23.4 3.633  -48.6   12.7   30.7  30   -4.3  18 0 0 1 3 1 1 9.4 36.1 9.4 36.4 80.0 100 100 28 437 0 58 0 231 232 232 11 11 10 59.9 50.0 AUTO 0 
b.1 2025-09-26 09:41:13.846 a 2025-09-26-09:41:11 112 235 272 1.1 8.1 12.4 8.7 32.7 726.3 0.00 0 0.0 14.7 23.7 23.4 3.633  -48.8   12.7   26.1  30   -4.3  18 0 0 1 2 1 0 9.4 35.5 9.4 35.9 80.0 100 100 28 438 0 58 0 231 232 232 11 11 10 60.0 50.0 AUTO 0 
b.1 2025-09-26 09:42:12.509 a 2025-09-26-09:42:10 211 233 269 1.3 8.9 12.4 8.7 32.6 726.4 0.00 0 0.0 14.7 23.3 23.4 3.633  -46.7   12.7   29.7  30   -4.3  42 0 0 1 2 1 0 9.4 35.5 9.4 35.8 80.0 100 100 28 441 0 58 0 231 231 232 11 11 11 60.0 50.0 AUTO 0 
b.1 2025-09-26 09:43:12.596 a 2025-09-26-09:43:10 152 234 284 0.7 8.6 12.5 8.8 33.5 726.4 0.00 0 0.0 14.6 22.6 23.4 3.634  -46.9   12.7   31.4  30   -4.3  16 0 0 1 3 1 1 9.4 35.6 9.4 35.8 80.0 100 100 28 429 0 57 0 232 231 231 11 11 10 59.9 50.0 AUTO 0 
b.1 2025-09-26 09:44:13.430 a 2025-09-26-09:44:10 144 234 266 1.2 7.9 11.3 8.8 34.4 726.4 0.00 0 0.0 14.6 23.3 23.4 3.635  -47.0   12.7   26.0  30   -4.2  16 0 0 1 2 1 0 9.4 36.4 9.4 36.6 80.0 100 100 28 428 0 57 0 232 232 232 11 11 11 59.9 50.0 AUTO 0 
b.1 2025-09-26 09:45:28.285 a 2025-09-26-09:45:25 197 225 253 4.9 9.4 12.6 8.7 34.4 726.2 0.00 0 0.0 14.7 23.2 23.4 3.633  -46.8   12.7   30.4  31   -4.2  18 0 0 1 3 1 1 9.4 37.0 9.4 37.2 80.0 100 100 28 437 0 58 0 231 231 231 11 11 10 60.0 50.0 AUTO 0 
b.1 2025-09-26 09:46:12.769 a 2025-09-26-09:46:10 192 225 255 5.4 8.3 10.7 8.6 34.7 726.2 0.00 0 0.0 14.7 23.3 23.4 3.633  -47.8   12.6   30.0  31   -4.2  18 0 0 1 3 1 1 9.4 37.0 9.4 37.2 80.0 100 100 28 428 0 57 0 231 232 232 11 12 10 59.9 50.0 AUTO 0 
b.1 2025-09-26 09:47:17.026 a 2025-09-26-09:47:14 212 232 277 3.6 9.1 11.3 8.6 34.9 726.2 0.00 0 0.0 14.7 23.3 23.4 3.633  -49.4   12.6   33.2  31   -4.2  18 0 0 1 3 1 1 9.3 37.0 9.4 37.2 80.0 100 100 29 430 0 57 0 232 232 232 11 11 10 60.0 50.0 AUTO 0 
b.1 2025-09-26 09:48:14.732 a 2025-09-26-09:48:12 217 235 267 4.0 10.7 14.7 8.4 34.0 726.2 0.00 0 0.0 14.6 22.6 23.4 3.633  -48.1   12.6   38.9  31   -4.1  18 0 0 1 3 1 1 9.3 36.8 9.3 37.1 80.0 100 100 28 438 0 56 0 231 232 232 11 11 11 60.0 50.0 AUTO 0 
b.1 2025-09-26 09:49:14.247 a 2025-09-26-09:49:11 191 225 253 4.5 9.5 12.5 8.6 34.4 726.1 0.00 0 0.0 14.8 23.3 23.4 3.633  -47.7   12.6   32.0  31   -4.1  18 0 0 1 3 1 1 9.3 36.3 9.3 36.7 80.0 100 100 29 432 0 58 0 231 232 232 11 11 10 60.0 50.0 AUTO 0 
b.1 2025-09-26 09:50:16.088 a 2025-09-26-09:50:13 200 228 262 5.0 8.7 12.6 8.5 35.5 726.1 0.00 0 0.0 14.6 23.2 23.4 3.633  -45.7   12.5   32.7  31   -4.1  18 0 0 1 3 1 1 9.3 37.3 9.3 37.4 80.0 100 100 29 432 0 57 0 231 232 231 11 11 11 60.0 50.0 AUTO 0 
b.1 2025-09-26 09:51:24.525 a 2025-09-26-09:51:22 215 231 252 4.5 10.1 12.6 8.4 36.0 726.1 0.00 0 0.0 14.4 22.6 23.4 3.633  -49.0   12.5   40.4  31   -4.1  18 0 0 1 3 1 1 9.3 38.0 9.3 38.2 80.0 100 100 29 433 0 57 0 231 231 232 11 11 10 60.0 50.0 AUTO 0 
b.1 2025-09-26 09:52:11.611 a 2025-09-26-09:52:09 185 230 334 2.0 9.4 13.1 8.3 36.2 726.1 0.00 0 0.0 14.7 22.6 23.4 3.633  -47.9   12.5   36.0  31   -4.0  18 0 0 1 3 1 1 9.2 38.2 9.3 38.4 80.0 100 100 29 431 0 57 0 231 232 232 11 11 11 60.0 50.0 AUTO 0 
b.1 2025-09-26 09:53:12.848 a 2025-09-26-09:53:10 199 225 253 5.0 9.8 13.3 8.2 36.1 726.1 0.00 0 0.0 14.5 22.6 23.4 3.633  -49.9   12.5   37.8  31   -4.0  18 0 0 1 3 1 1 9.2 38.3 9.2 38.6 80.0 100 100 29 431 0 58 0 231 231 232 11 11 11 60.0 50.0 AUTO 0 
b.1 2025-09-26 09:54:22.585 a 2025-09-26-09:54:20 206 231 257 2.6 9.1 11.5 8.3 36.0 726.1 0.00 0 0.0 14.6 22.6 23.4 3.633  -48.2   12.5   37.4  32   -3.9  18 0 0 1 3 1 1 9.2 38.2 9.2 38.5 80.0 100 100 29 431 0 58 0 231 231 232 11 11 10 60.0 50.0 AUTO 0 
b.1 2025-09-26 09:55:17.752 a 2025-09-26-09:55:15 164 232 273 1.0 9.3 12.7 8.3 36.1 726.1 0.00 0 0.0 14.7 23.3 23.4 3.634  -47.7   12.4   35.2  32   -3.9  18 0 0 1 3 1 1 9.2 38.2 9.2 38.5 80.0 100 100 28 432 0 58 0 231 232 231 11 11 11 60.0 50.0 AUTO 0 
b.1 2025-09-26 09:56:13.549 a 2025-09-26-09:56:11 214 233 257 4.2 9.9 13.6 8.3 36.1 726.1 0.00 0 0.0 14.5 22.6 23.4 3.633  -47.2   12.4   37.5  32   -3.9  18 0 0 1 3 1 1 9.2 38.2 9.2 38.5 80.0 100 100 28 432 0 58 0 231 231 232 11 11 10 60.0 50.0 AUTO 0 
b.1 2025-09-26 09:57:21.997 a 2025-09-26-09:57:19 212 233 261 2.7 8.9 14.6 8.2 35.6 726.1 0.00 0 0.0 14.5 22.6 23.4 3.634  -47.3   12.4   32.6  32   -3.9  18 0 0 1 3 1 1 9.1 38.2 9.2 38.3 80.0 100 100 28 432 0 58 0 231 231 231 11 11 10 60.0 50.0 AUTO 0 
b.1 2025-09-26 09:58:15.427 a 2025-09-26-09:58:12 206 234 268 2.1 8.3 11.7 8.2 35.6 726.1 0.00 0 0.0 14.6 23.2 23.4 3.633  -44.6   12.4   30.9  32   -3.9  18 0 0 1 3 1 1 9.2 38.0 9.2 38.3 80.0 100 100 28 431 0 57 0 231 232 232 11 11 10 60.0 50.0 AUTO 0 
b.1 2025-09-26 09:59:12.290 a 2025-09-26-09:59:09 180 234 272 1.9 8.6 12.8 8.2 36.0 726.0 0.00 0 0.0 14.8 23.3 23.4 3.633  -46.3   12.3   29.0  32   -3.9  18 0 0 1 2 1 0 9.2 38.2 9.2 38.4 80.0 100 100 28 432 0 57 0 232 231 231 11 11 10 59.9 50.0 AUTO 0 
b.1 2025-09-26 10:00:22.325 a 2025-09-26-10:00:19 207 233 268 4.1 7.8 10.4 8.2 36.3 726.0 0.00 0 0.0 14.8 23.3 23.4 3.634  -47.9   12.3   28.1  32   -3.9  18 0 0 1 2 1 0 9.1 38.2 9.2 38.5 80.0 100 100 28 431 0 57 0 231 232 232 11 11 11 59.9 50.0 AUTO 0 
b.1 2025-09-26 10:01:12.270 a 2025-09-26-10:01:09 205 230 259 1.2 8.8 12.2 8.2 36.3 726.0 0.00 0 0.0 14.5 22.6 23.4 3.633  -46.6   12.3   31.0  32   -3.9  18 0 0 1 3 1 1 9.1 38.2 9.1 38.6 80.0 100 100 28 433 0 57 0 231 232 232 11 12 10 59.9 50.0 AUTO 0 
b.1 2025-09-26 10:02:14.631 a 2025-09-26-10:02:12 213 233 269 2.5 9.0 12.8 8.1 36.3 725.9 0.00 0 0.0 14.5 22.6 23.4 3.633  -49.2   12.3   34.3  32   -3.9  18 0 0 1 3 1 1 9.0 38.4 8.9 38.7 80.0 100 100 28 431 0 58 0 231 231 232 11 11 10 59.9 50.0 AUTO 0 
b.1 2025-09-26 10:03:12.668 a 2025-09-26-10:03:10 195 237 269 0.9 9.0 14.4 8.1 35.8 725.9 0.00 0 0.0 14.7 23.3 23.4 3.634  -49.4   12.2   30.5  32   -3.8  18 0 0 1 3 1 1 8.9 38.2 8.9 38.5 80.0 100 100 28 432 0 57 0 231 231 231 11 11 10 59.9 50.0 AUTO 0 
b.1 2025-09-26 10:04:19.528 a 2025-09-26-10:04:16 211 233 266 1.7 9.8 13.4 8.2 35.6 726.0 0.00 0 0.0 14.7 22.6 23.4 3.633  -47.8   12.2   33.7  32   -3.9  18 0 0 1 3 1 1 8.9 38.3 8.9 38.6 80.0 100 100 28 432 0 58 0 231 232 232 11 11 10 59.9 50.0 AUTO 0 
b.1 2025-09-26 10:05:16.092 a 2025-09-26-10:05:13 206 232 266 3.3 9.1 12.6 8.2 35.0 726.0 0.00 0 0.0 14.7 23.6 23.4 3.633  -47.0   12.2   31.1  32   -3.9  18 0 0 1 3 1 1 8.9 38.5 8.9 38.8 80.0 100 100 28 433 0 57 0 231 231 232 11 11 10 59.9 50.0 AUTO 0 
b.1 2025-09-26 10:06:16.167 a 2025-09-26-10:06:13 202 229 256 3.1 9.2 12.9 8.3 35.8 725.9 0.00 0 0.0 14.4 22.6 23.4 3.634  -48.4   12.2   33.0  32   -3.9  18 0 0 1 3 1 1 8.8 38.9 8.8 39.2 80.0 100 100 28 432 0 57 0 231 231 231 11 11 10 59.9 50.0 AUTO 0 
b.1 2025-09-26 10:07:11.967 a 2025-09-26-10:07:09 205 227 254 4.8 8.5 12.0 8.3 35.6 725.9 0.00 0 0.0 14.8 23.7 23.4 3.633  -46.9   12.2   27.9  32   -3.9  18 0 0 1 2 1 0 8.8 38.6 8.8 38.9 80.0 100 100 28 433 0 57 0 231 231 232 11 11 10 60.0 50.0 AUTO 0 
b.1 2025-09-26 10:08:16.312 a 2025-09-26-10:08:13 208 230 258 2.5 7.8 11.6 8.1 35.8 725.9 0.00 0 0.0 14.8 23.3 23.4 3.633  -46.0   12.2   26.4  32   -3.9   9 0 0 1 2 1 0 8.7 38.8 8.7 39.1 80.0 100 100 28 432 0 58 0 231 232 232 11 11 10 60.0 50.0 AUTO 0 
b.1 2025-09-26 10:09:13.969 a 2025-09-26-10:09:11 210 232 269 4.0 8.2 12.1 8.1 36.1 725.9 0.00 0 0.0 14.7 23.3 23.4 3.634  -46.0   12.2   27.8  32   -3.9  14 0 0 1 2 1 0 8.7 39.1 8.7 39.4 80.0 100 100 28 433 0 57 0 231 231 232 11 11 11 60.0 50.0 AUTO 0 
b.1 2025-09-26 10:10:15.474 a 2025-09-26-10:10:12 201 236 267 2.9 9.7 13.7 8.0 35.1 725.9 0.00 0 0.0 14.7 23.3 23.4 3.634  -45.5   12.1   30.7  32   -3.9  15 0 0 1 3 1 1 8.8 35.2 8.9 35.7 80.0 100 100 28 433 0 57 0 231 231 232 11 11 10 60.0 50.0 AUTO 0 
b.1 2025-09-26 10:11:13.311 a 2025-09-26-10:11:10 199 228 263 5.1 10.2 13.5 8.2 33.9 725.9 0.00 0 0.0 14.6 22.6 23.4 3.633  -46.7   12.1   31.4  32   -4.0  17 0 0 1 3 1 1 8.9 36.2 9.0 36.3 80.0 100 100 28 433 0 58 0 232 231 232 11 11 10 60.0 50.0 AUTO 0 
b.1 2025-09-26 10:12:26.447 a 2025-09-26-10:12:23 204 230 261 5.7 9.2 12.4 8.5 34.1 725.9 0.00 0 0.0 14.6 22.6 23.4 3.634  -47.3   12.2   31.8  32   -4.0  17 0 0 1 3 1 1 8.9 37.3 9.0 37.4 80.0 100 100 28 433 0 57 0 231 232 232 11 11 11 60.0 50.0 AUTO 0 
b.1 2025-09-26 10:13:14.131 a 2025-09-26-10:13:11 204 233 264 2.7 8.5 13.7 8.4 34.4 725.9 0.00 0 0.0 14.8 23.7 23.4 3.634  -46.3   12.2   28.0  32   -3.9  17 0 0 1 2 1 0 8.8 37.6 8.9 37.8 80.0 100 100 28 433 0 57 0 231 232 232 11 12 11 60.0 50.0 AUTO 0 
b.1 2025-09-26 10:14:13.888 a 2025-09-26-10:14:11 212 231 270 5.0 9.9 13.1 8.3 34.1 725.9 0.00 0 0.0 14.5 22.6 23.4 3.633  -47.9   12.2   31.1  32   -4.0  17 0 0 1 3 1 1 8.8 37.2 8.9 37.5 80.0 100 100 28 430 0 57 0 231 231 232 11 11 10 60.0 50.0 AUTO 0 
b.1 2025-09-26 10:15:18.509 a 2025-09-26-10:15:16 208 229 266 6.3 11.1 14.4 8.3 33.3 725.9 0.00 0 0.0 14.6 22.6 23.4 3.633  -47.4   12.2   36.7  32   -4.0  18 0 0 1 3 1 1 8.9 37.1 8.9 37.3 80.0 100 100 28 432 0 58 0 231 231 231 11 11 10 59.9 50.0 AUTO 0 
b.1 2025-09-26 10:16:14.648 a 2025-09-26-10:16:12 207 234 255 5.9 10.5 13.9 8.3 33.4 725.9 0.00 0 0.0 14.6 22.6 23.4 3.633  -46.7   12.2   37.9  32   -3.9  18 0 0 1 3 1 1 8.9 36.8 8.9 37.1 80.0 100 100 28 433 0 57 0 232 232 232 11 12 11 59.9 50.0 AUTO 0 
b.1 2025-09-26 10:17:14.388 a 2025-09-26-10:17:11 211 232 251 4.2 10.1 13.0 8.4 34.5 725.9 0.00 0 0.0 14.6 22.6 23.4 3.633  -48.5   12.3   39.1  32   -3.9  18 0 0 1 3 1 1 8.9 37.1 8.9 37.3 80.0 100 100 28 433 0 57 0 231 232 232 11 11 10 59.9 50.0 AUTO 0 
b.1 2025-09-26 10:18:09.453 a 2025-09-26-10:18:06 208 232 247 1.7 10.1 13.9 8.4 35.1 725.9 0.00 0 0.0 14.6 23.3 23.4 3.633  -48.0   12.3   38.3  32   -3.9  19 0 0 1 3 1 1 8.9 37.8 8.9 37.9 80.0 100 100 28 433 0 57 0 231 231 232 11 11 11 59.9 50.0 AUTO 0 
b.1 2025-09-26 10:19:14.832 a 2025-09-26-10:19:12 206 231 274 3.2 9.8 13.0 8.3 35.0 725.9 0.00 0 0.0 14.6 22.6 23.4 3.633  -48.8   12.3   37.3  32   -3.9  19 0 0 1 3 1 1 8.9 37.8 8.9 38.0 80.0 100 100 28 432 0 45 0 231 232 232 11 11 17 59.9 50.0 AUTO 0 
b.1 2025-09-26 10:20:23.628 a 2025-09-26-10:20:21 188 232 264 2.5 9.3 12.8 8.3 35.1 725.9 0.00 0 0.0 14.6 22.6 23.4 3.633  -48.2   12.3   37.2  32   -3.8  19 0 0 1 3 1 1 8.9 38.0 9.0 38.1 80.0 100 100 28 432 0 57 0 231 232 232 11 12 11 59.9 50.0 AUTO 0 
b.1 2025-09-26 10:21:12.332 a 2025-09-26-10:21:09 188 234 264 2.5 9.0 13.2 8.2 35.3 725.8 0.00 0 0.0 14.6 22.6 23.4 3.634  -46.8   12.3   33.5  32   -3.8  19 0 0 1 3 1 1 8.9 37.9 8.9 38.1 80.0 100 100 28 432 0 57 0 231 231 232 11 11 10 59.9 50.0 AUTO 0 
b.1 2025-09-26 10:22:13.473 a 2025-09-26-10:22:10 203 232 273 3.1 9.4 12.1 8.1 35.7 725.8 0.00 0 0.0 14.4 22.6 23.4 3.633  -46.3   12.3   36.0  32   -3.8  19 0 0 1 3 1 1 8.9 38.2 8.9 38.4 80.0 100 100 28 432 0 57 0 231 232 232 11 11 11 59.9 50.0 AUTO 0 
b.1 2025-09-26 10:23:14.569 a 2025-09-26-10:23:12 209 232 264 3.3 8.8 11.9 8.2 35.9 725.8 0.00 0 0.0 14.7 23.3 23.4 3.633  -46.6   12.2   33.9  32   -3.9   5 0 0 1 3 1 1 8.9 38.1 8.9 38.3 80.0 100 100 28 432 0 57 0 231 232 232 11 11 11 59.9 50.0 AUTO 0 
b.1 2025-09-26 10:24:11.414 a 2025-09-26-10:24:08 217 237 268 2.0 8.1 11.3 8.1 36.2 725.8 0.00 0 0.0 14.7 23.3 23.4 3.633  -45.9   12.2   31.2  32   -3.8  13 0 0 1 3 1 1 8.9 38.3 8.9 38.5 80.0 100 100 28 433 0 57 0 232 231 232 11 11 10 59.9 50.0 AUTO 0 
b.1 2025-09-26 10:25:26.944 a 2025-09-26-10:25:24 004 235 196 2.1 9.2 12.4 7.9 35.2 725.8 0.00 0 0.0 14.6 23.3 23.4 3.633  -47.3   12.2   32.6  32   -3.9  20 0 0 1 3 1 1 8.9 37.7 8.9 37.9 80.0 100 100 28 432 0 58 0 231 231 232 11 11 10 59.9 50.0 AUTO 0 
b.1 2025-09-26 10:26:14.032 a 2025-09-26-10:26:11 218 233 260 5.2 9.5 12.4 8.1 34.9 725.8 0.00 0 0.0 14.7 23.3 23.4 3.633  -46.7   12.1   32.2  32   -3.9  17 0 0 1 3 1 1 8.9 37.3 8.9 37.6 80.0 100 100 28 433 0 58 0 231 232 232 11 11 10 59.9 50.0 AUTO 0 
b.1 2025-09-26 10:27:13.275 a 2025-09-26-10:27:10 211 234 260 2.0 8.7 12.0 8.1 35.0 725.8 0.00 0 0.0 14.6 23.2 23.4 3.633  -47.6   12.1   29.9  32   -3.9  17 0 0 1 2 1 0 8.9 37.3 8.9 37.5 80.0 100 100 28 432 0 57 0 231 232 232 11 11 11 59.9 50.0 AUTO 0 
b.1 2025-09-26 10:28:12.471 a 2025-09-26-10:28:09 174 236 275 0.9 9.1 12.3 8.2 35.5 725.8 0.00 0 0.0 14.7 23.3 23.4 3.633  -45.1   12.1   30.6  32   -3.9  17 0 0 1 3 1 1 8.9 37.6 8.9 37.7 80.0 100 100 28 432 0 57 0 231 231 232 11 11 10 59.9 50.0 AUTO 0 
b.1 2025-09-26 10:29:13.851 a 2025-09-26-10:29:11 154 236 268 1.5 7.6 10.9 8.2 35.8 725.8 0.00 0 0.0 14.7 22.7 23.4 3.634  -46.5   12.1   27.4  32   -3.9  17 0 0 1 2 1 0 8.9 38.0 8.9 38.1 80.0 100 100 28 432 0 57 0 231 231 231 11 11 11 59.9 50.0 AUTO 0 
b.1 2025-09-26 10:30:24.750 a 2025-09-26-10:30:22 209 231 254 5.6 8.5 11.1 8.0 35.7 725.8 0.00 0 0.0 14.7 22.6 23.4 3.633  -45.8   12.1   28.8  32   -3.9  17 0 0 1 2 1 0 8.9 38.1 8.9 38.3 80.0 100 100 28 432 0 57 0 231 231 231 11 11 10 59.9 50.0 AUTO 0 
b.1 2025-09-26 10:31:13.588 a 2025-09-26-10:31:11 207 229 250 5.6 8.6 12.1 8.0 35.7 725.8 0.00 0 0.0 14.6 22.6 23.4 3.633  -46.4   12.1   31.3  32   -3.9  17 0 0 1 3 1 1 8.9 38.0 8.9 38.2 80.0 100 100 28 433 0 57 0 231 232 232 11 11 10 59.9 50.0 AUTO 0 
b.1 2025-09-26 10:32:11.032 a 2025-09-26-10:32:08 209 231 258 5.8 10.3 13.2 8.0 35.9 725.8 0.00 0 0.0 14.6 22.6 23.4 3.633  -46.8   12.1   36.5  33   -3.8  17 0 0 1 3 1 1 8.9 37.8 8.9 38.0 80.0 100 100 28 432 0 58 0 231 231 232 11 11 10 59.9 50.0 AUTO 0 
b.1 2025-09-26 10:33:12.971 a 2025-09-26-10:33:10 208 234 261 4.0 8.6 11.6 8.0 35.9 725.8 0.00 0 0.0 14.6 22.6 23.4 3.634  -45.9   12.1   31.4  33   -3.8  17 0 0 1 3 1 1 8.9 38.0 8.9 38.2 80.0 100 100 28 432 0 57 0 231 231 231 11 11 10 59.9 50.0 AUTO 0 
b.1 2025-09-26 10:34:13.648 a 2025-09-26-10:34:11 213 233 265 3.8 9.6 12.8 8.0 35.0 725.8 0.00 0 0.0 14.7 22.6 23.4 3.635  -46.6   12.1   34.7  33   -3.8  21 0 0 1 3 1 1 8.9 37.8 8.9 37.9 80.0 100 100 28 433 0 57 0 231 231 232 11 12 11 60.0 50.0 AUTO 0 
b.1 2025-09-26 10:35:14.289 a 2025-09-26-10:35:11 220 235 257 3.9 8.8 11.3 8.1 35.4 725.8 0.00 0 0.0 14.7 23.3 23.4 3.633  -47.1   12.1   32.9  32   -3.9  18 0 0 1 3 1 1 8.9 37.9 8.9 38.1 80.0 100 100 28 433 0 57 0 231 232 232 11 11 11 59.9 50.0 AUTO 0 
b.1 2025-09-26 10:36:13.970 a 2025-09-26-10:36:11 215 235 260 3.7 9.4 12.5 8.1 35.4 725.8 0.00 0 0.0 14.7 23.3 23.4 3.634  -46.4   12.1   34.0  33   -3.8  18 0 0 1 3 1 1 8.9 38.1 8.9 38.2 80.0 100 100 28 432 0 57 0 231 231 232 11 11 11 60.0 50.0 AUTO 0 
b.1 2025-09-26 10:37:15.111 a 2025-09-26-10:37:12 212 234 262 3.1 9.7 12.8 8.1 34.4 725.7 0.00 0 0.0 14.6 22.6 23.4 3.634  -49.3   12.1   34.6  32   -3.9  18 0 0 1 3 1 1 8.9 37.3 8.9 37.6 80.0 100 100 28 433 0 57 0 231 232 231 11 11 11 60.0 50.0 AUTO 0 
b.1 2025-09-26 10:38:14.911 a 2025-09-26-10:38:12 201 227 252 6.6 9.9 13.7 8.1 34.4 725.7 0.00 0 0.0 14.6 22.6 23.4 3.634  -45.2   12.1   34.0  32   -3.9  18 0 0 1 3 1 1 8.9 36.6 8.9 36.8 80.0 100 100 28 431 0 58 0 231 231 232 11 11 10 60.0 50.0 AUTO 0 
b.1 2025-09-26 10:39:13.473 a 2025-09-26-10:39:10 203 231 283 3.8 9.1 12.8 8.2 33.9 725.7 0.00 0 0.0 14.7 23.3 23.4 3.633  -44.7   12.1   32.3  32   -3.9  18 0 0 1 3 1 1 8.9 36.6 8.9 36.7 80.0 100 100 28 432 0 58 0 231 232 232 11 11 10 59.9 50.0 AUTO 0 
b.1 2025-09-26 10:40:12.713 a 2025-09-26-10:40:10 216 232 248 2.7 9.3 11.8 8.3 34.0 725.7 0.00 0 0.0 14.6 22.6 23.4 3.634  -46.7   12.2   33.3  32   -3.9  18 0 0 1 3 1 1 8.9 36.9 8.9 37.0 80.0 100 100 28 433 0 57 0 231 232 232 11 12 10 59.9 50.0 AUTO 0 
b.1 2025-09-26 10:41:12.211 a 2025-09-26-10:41:09 210 233 265 4.2 9.3 12.2 8.3 34.8 725.8 0.00 0 0.0 14.5 22.6 23.4 3.635  -46.1   12.2   33.5  32   -3.9  18 0 0 1 3 1 1 8.9 37.2 8.9 37.4 80.0 100 100 28 433 0 57 0 231 231 232 11 11 11 60.0 50.0 AUTO 0 
b.1 2025-09-26 10:42:15.109 a 2025-09-26-10:42:12 212 234 259 5.4 9.5 12.3 8.3 34.8 725.8 0.00 0 0.0 14.7 23.3 23.4 3.634  -46.8   12.2   35.4  32   -3.8  18 0 0 1 3 1 1 8.8 37.8 8.8 38.1 80.0 100 100 28 432 0 58 0 231 232 231 11 11 11 59.9 50.0 AUTO 0 
b.1 2025-09-26 10:43:13.293 a 2025-09-26-10:43:10 212 235 269 1.8 8.6 11.6 8.1 35.2 725.8 0.00 0 0.0 14.8 23.7 23.4 3.634  -44.8   12.2   31.9  32   -3.8  18 0 0 1 3 1 1 8.7 37.2 8.8 37.5 80.0 100 100 28 432 0 56 0 231 232 232 11 12 11 60.0 50.0 AUTO 0 
b.1 2025-09-26 10:44:18.009 a 2025-09-26-10:44:15 208 233 264 3.8 7.8 10.8 8.0 35.3 725.7 0.00 0 0.0 14.8 23.2 23.4 3.633  -44.5   12.2   27.3  32   -3.8  18 0 0 1 2 1 0 8.7 38.2 8.7 38.4 80.0 100 100 28 432 0 58 0 231 231 232 11 11 10 60.0 50.0 AUTO 0 
b.1 2025-09-26 10:45:17.711 a 2025-09-26-10:45:15 179 239 264 2.1 9.1 12.7 8.1 34.7 725.7 0.00 0 0.0 14.5 22.6 23.4 3.633  -46.2   12.2   31.8  32   -3.8  18 0 0 1 3 1 1 8.7 38.1 8.7 38.2 80.0 100 100 28 433 0 57 0 231 232 232 11 11 11 59.9 50.0 AUTO 0 
b.1 2025-09-26 10:46:13.296 a 2025-09-26-10:46:10 220 238 273 4.4 8.7 11.5 8.2 35.3 725.8 0.00 0 0.0 14.7 22.6 23.4 3.633  -46.1   12.2   31.8  32   -3.8  18 0 0 1 3 1 1 8.7 38.2 8.7 38.3 80.0 100 100 28 432 0 58 0 231 232 232 11 11 10 59.9 50.0 AUTO 0 
b.1 2025-09-26 10:47:13.736 a 2025-09-26-10:47:11 209 235 262 5.0 8.8 11.1 8.1 35.7 725.7 0.00 0 0.0 14.6 22.6 23.4 3.633  -44.9   12.2   33.5  33   -3.8  18 0 0 1 3 1 1 8.6 38.8 8.6 39.0 80.0 100 100 29 432 0 58 0 231 231 231 11 11 10 59.9 50.0 AUTO 0 
b.1 2025-09-26 10:48:23.569 a 2025-09-26-10:48:20 203 235 260 4.0 8.7 12.3 8.1 36.0 725.8 0.00 0 0.0 14.6 22.6 23.4 3.633  -45.4   12.2   31.6  33   -3.8  18 0 0 1 3 1 1 8.5 39.4 8.6 39.6 80.0 100 100 28 432 0 57 0 231 231 231 11 11 10 59.9 50.0 AUTO 0 
b.1 2025-09-26 10:49:13.711 a 2025-09-26-10:49:11 203 235 258 4.0 8.6 11.4 7.9 36.4 725.7 0.00 0 0.0 14.6 22.6 23.4 3.633  -48.4   12.1   33.1  33   -3.8  18 0 0 1 3 1 1 8.4 39.4 8.5 39.8 80.0 100 100 28 433 0 58 0 231 232 232 11 11 10 60.0 50.0 AUTO 0 
b.1 2025-09-26 10:50:18.109 a 2025-09-26-10:50:15 203 234 264 3.5 9.2 12.4 7.9 36.2 725.7 0.00 0 0.0 14.7 23.3 23.4 3.633  -46.4   12.1   33.8  33   -3.7  18 0 0 1 3 1 1 8.4 39.6 8.5 39.8 80.0 100 100 28 432 0 57 0 232 231 231 11 11 11 60.0 50.0 AUTO 0 
b.1 2025-09-26 10:51:21.309 a 2025-09-26-10:51:18 153 239 261 1.2 8.3 11.7 7.8 36.5 725.7 0.00 0 0.0 14.7 23.2 23.4 3.633  -46.3   12.1   31.8  33   -3.7  18 0 0 1 3 1 1 8.4 39.2 8.5 39.4 80.0 100 100 28 432 0 57 0 231 232 232 11 11 10 60.0 50.0 AUTO 0 
b.1 2025-09-26 10:52:13.674 a 2025-09-26-10:52:11 216 240 270 3.7 8.0 11.0 7.8 36.7 725.7 0.00 0 0.0 14.6 23.3 23.4 3.633  -44.7   12.1   28.3  33   -3.7   5 0 0 1 2 1 0 8.4 39.7 8.5 39.9 80.0 100 100 28 433 0 57 0 231 231 232 11 11 10 59.9 50.0 AUTO 0 
b.1 2025-09-26 10:53:13.150 a 2025-09-26-10:53:10 209 238 264 4.1 8.9 11.7 7.8 36.7 725.7 0.00 0 0.0 14.7 23.3 23.4 3.633  -43.5   12.0   30.4  33   -3.7  14 0 0 1 3 1 1 8.4 39.7 8.4 40.0 80.0 100 100 28 432 0 58 0 231 231 232 11 11 10 60.0 50.0 AUTO 0 
b.1 2025-09-26 10:54:22.417 a 2025-09-26-10:54:19 217 234 258 5.7 9.6 12.0 7.8 36.7 725.7 0.00 0 0.0 14.6 22.6 23.4 3.633  -45.4   12.0   35.2  33   -3.7  21 0 0 1 3 1 1 8.4 40.0 8.4 40.2 80.0 100 100 28 432 0 57 0 231 231 231 11 11 10 60.0 50.0 AUTO 0 
b.1 2025-09-26 10:55:27.467 a 2025-09-26-10:55:24 215 234 271 2.7 8.6 11.5 7.7 37.0 725.6 0.00 0 0.0 14.7 23.2 23.4 3.633  -48.5   12.0   33.1  33   -3.8  18 0 0 1 3 1 1 8.3 40.4 8.3 40.6 80.0 100 100 28 433 0 58 0 232 231 232 11 11 10 60.0 50.0 AUTO 0 
b.1 2025-09-26 10:56:14.453 a 2025-09-26-10:56:11 216 237 261 5.6 8.9 11.9 7.7 37.0 725.6 0.00 0 0.0 14.7 23.2 23.4 3.633  -45.8   11.9   32.9  33   -3.8  18 0 0 1 3 1 1 8.3 40.3 8.3 40.6 80.0 100 100 28 432 0 58 0 231 232 231 11 11 10 60.0 50.0 AUTO 0 
b.1 2025-09-26 10:57:12.996 a 2025-09-26-10:57:10 141 238 279 2.0 7.9 11.3 7.7 37.2 725.6 0.00 0 0.0 14.7 23.3 23.4 3.633  -42.4   11.9   28.7  33   -3.7  18 0 0 1 2 1 0 8.3 40.5 8.3 40.8 80.0 100 100 28 431 0 58 0 231 231 232 11 11 10 60.0 50.0 AUTO 0 
b.1 2025-09-26 10:58:22.089 a 2025-09-26-10:58:19 217 237 268 4.5 8.5 11.2 7.6 37.2 725.6 0.00 0 0.0 14.4 22.6 23.4 3.633  -44.1   11.9   29.9  33   -3.7  18 0 0 1 2 1 0 8.3 40.7 8.3 41.0 80.0 100 100 28 433 0 57 0 231 232 231 11 11 11 60.0 50.0 AUTO 0 
b.1 2025-09-26 10:59:14.174 a 2025-09-26-10:59:11 218 240 267 3.4 8.3 11.7 7.7 37.6 725.6 0.00 0 0.0 14.7 23.3 23.4 3.633  -43.9   11.9   30.5  33   -3.7  18 0 0 1 3 1 1 8.2 40.9 8.2 41.2 80.0 100 100 28 432 0 57 0 231 231 232 11 11 10 60.0 50.0 AUTO 0 
b.1 2025-09-26 11:00:15.276 a 2025-09-26-11:00:12 213 236 261 6.1 9.2 12.0 7.5 37.4 725.6 0.00 0 0.0 14.5 22.6 23.4 3.634  -45.3   11.8   33.3  34   -3.7  11 0 0 1 3 1 1 8.2 40.7 8.2 41.0 80.0 100 100 28 433 0 58 0 232 231 231 11 11 10 59.9 50.0 AUTO 0 
b.1 2025-09-26 11:01:23.795 a 2025-09-26-11:01:21 215 236 259 5.1 8.9 11.3 7.5 37.6 725.6 0.00 0 0.0 14.7 23.3 23.4 3.633  -44.7   11.8   33.1  34   -3.7  18 0 0 1 3 1 1 8.1 40.7 8.2 41.0 80.0 100 100 28 428 0 58 0 231 232 232 11 11 10 59.9 50.0 AUTO 0 
b.1 2025-09-26 11:02:12.415 a 2025-09-26-11:02:09 215 238 270 3.2 8.2 10.8 7.5 37.9 725.6 0.00 0 0.0 14.6 22.6 23.4 3.633  -45.1   11.8   31.2  34   -3.7  16 0 0 1 3 1 1 8.2 41.1 8.2 41.3 80.0 100 100 28 437 0 55 0 231 232 232 11 12 11 60.0 50.0 AUTO 0 
b.1 2025-09-26 11:03:15.233 a 2025-09-26-11:03:12 213 237 271 2.0 8.7 11.4 7.5 37.8 725.5 0.00 0 0.0 14.6 23.2 23.4 3.633  -43.5   11.7   31.6  34   -3.7  17 0 0 1 3 1 1 8.1 40.9 8.1 41.2 80.0 100 100 28 430 0 57 0 231 232 232 11 12 11 59.9 50.0 AUTO 0 
b.1 2025-09-26 11:04:13.915 a 2025-09-26-11:04:11 216 236 261 5.7 9.4 11.9 7.5 37.8 725.5 0.00 0 0.0 14.6 23.2 23.4 3.633  -46.2   11.7   34.0  34   -3.7  17 0 0 1 3 1 1 8.1 40.9 8.2 41.2 80.0 100 100 28 432 0 57 0 232 231 231 11 12 11 59.9 50.0 AUTO 0 
b.1 2025-09-26 11:05:16.703 a 2025-09-26-11:05:14 213 233 253 4.6 9.1 11.8 7.5 37.8 725.5 0.00 0 0.0 14.5 22.6 23.4 3.632  -45.6   11.7   33.1  34   -3.7  18 0 0 1 3 1 1 8.1 41.0 8.1 41.3 80.0 100 100 28 429 0 58 0 232 231 232 11 11 10 59.9 50.0 AUTO 0 
b.1 2025-09-26 11:06:20.854 a 2025-09-26-11:06:18 218 236 253 4.7 8.8 11.3 7.4 37.8 725.5 0.00 0 0.0 14.6 22.6 23.4 3.633  -46.7   11.7   32.8  34   -3.7  18 0 0 1 3 1 1 8.1 41.1 8.1 41.4 80.0 100 100 28 439 0 57 0 231 232 232 11 11 10 59.9 50.0 AUTO 0 
b.1 2025-09-26 11:07:12.631 a 2025-09-26-11:07:10 211 235 267 2.7 9.3 12.2 7.4 37.8 725.5 0.00 0 0.0 14.7 23.3 23.4 3.634  -46.8   11.7   34.5  34   -3.7  18 0 0 1 3 1 1 8.1 40.7 8.1 41.1 80.0 100 100 28 430 0 57 0 231 231 232 11 11 11 59.9 50.0 AUTO 0 
b.1 2025-09-26 11:08:16.134 a 2025-09-26-11:08:13 212 233 256 3.7 8.9 11.5 7.4 37.2 725.5 0.00 0 0.0 14.6 22.6 23.4 3.634  -44.1   11.6   31.7  34   -3.7  18 0 0 1 3 1 1 8.1 40.7 8.1 41.0 80.0 100 100 28 433 0 56 0 232 232 232 11 11 10 59.9 50.0 AUTO 0 
b.1 2025-09-26 11:09:14.911 a 2025-09-26-11:09:12 217 238 273 2.0 8.5 11.9 7.4 37.8 725.5 0.00 0 0.0 14.5 22.6 23.4 3.633  -44.9   11.6   30.6  34   -3.7  18 0 0 1 3 1 1 8.0 40.1 8.1 40.5 80.0 100 100 28 434 0 57 0 232 231 231 11 12 11 60.0 50.0 AUTO 0 
b.1 2025-09-26 11:10:14.655 a 2025-09-26-11:10:12 212 237 266 2.0 9.5 12.0 7.4 36.7 725.5 0.00 0 0.0 14.6 22.6 23.4 3.633  -46.4   11.6   33.1  34   -3.7  18 0 0 1 3 1 1 8.1 40.0 8.2 40.2 80.0 100 100 28 433 0 56 0 232 231 231 11 11 10 60.0 50.0 AUTO 0 
b.1 2025-09-26 11:11:17.132 a 2025-09-26-11:11:14 217 236 262 6.5 9.7 13.1 7.5 36.8 725.4 0.00 0 0.0 14.6 22.7 23.4 3.633  -46.1   11.6   34.8  34   -3.7  18 0 0 1 3 1 1 8.1 40.0 8.1 40.3 80.0 100 100 29 432 0 58 0 232 231 232 11 11 10 60.0 50.0 AUTO 0 
b.1 2025-09-26 11:12:13.773 a 2025-09-26-11:12:11 221 238 260 4.5 9.3 12.1 7.5 36.6 725.5 0.00 0 0.0 14.6 22.6 23.4 3.633  -45.2   11.6   33.9  34   -3.7  18 0 0 1 3 1 1 8.1 39.8 8.1 40.1 80.0 100 100 29 432 0 58 0 231 232 232 11 11 11 60.0 50.0 AUTO 0 
b.1 2025-09-26 11:13:25.451 a 2025-09-26-11:13:22 220 236 260 3.7 10.2 13.4 7.5 37.0 725.4 0.00 0 0.0 14.5 22.6 23.4 3.634  -46.5   11.6   38.8  34   -3.7  18 0 0 1 3 1 1 8.1 38.9 8.2 39.2 80.0 100 100 28 433 0 57 0 231 231 231 11 11 11 60.0 50.0 AUTO 0 
b.1 2025-09-26 11:14:22.196 a 2025-09-26-11:14:19 213 237 264 4.0 9.2 12.2 7.5 36.6 725.4 0.00 0 0.0 14.6 22.6 23.4 3.633  -44.0   11.6   35.0  34   -3.7  18 0 0 1 3 1 1 8.2 39.4 8.3 39.4 80.0 100 100 28 430 0 56 0 231 232 231 11 11 10 60.0 50.0 AUTO 0 
b.1 2025-09-26 11:15:15.355 a 2025-09-26-11:15:12 213 237 264 3.2 9.4 12.7 7.6 36.3 725.3 0.00 0 0.0 14.6 22.6 23.4 3.633  -46.4   11.6   35.7  34   -3.7  18 0 0 1 3 1 1 8.2 38.2 8.2 38.5 80.0 100 100 28 430 0 56 0 232 232 231 11 12 11 60.0 50.0 AUTO 0 
b.1 2025-09-26 11:16:12.776 a 2025-09-26-11:16:10 214 233 249 6.5 10.8 12.7 7.6 35.3 725.4 0.00 0 0.0 14.5 22.6 23.4 3.633  -45.8   11.6   38.9  34   -3.7  18 0 0 1 3 1 1 8.2 38.5 8.2 38.7 80.0 100 100 28 428 0 58 0 232 231 232 11 12 11 59.9 50.0 AUTO 0 
b.1 2025-09-26 11:17:15.397 a 2025-09-26-11:17:12 213 235 258 4.2 9.4 12.9 7.7 35.8 725.3 0.00 0 0.0 14.6 22.6 23.4 3.634  -44.9   11.6   37.1  34   -3.7  18 0 0 1 3 1 1 8.2 38.9 8.2 39.1 80.0 100 100 28 432 0 57 0 231 232 232 11 11 11 60.0 50.0 AUTO 0 
b.1 2025-09-26 11:18:13.851 a 2025-09-26-11:18:11 216 236 262 5.2 9.2 12.3 7.7 35.8 725.4 0.00 0 0.0 14.7 23.3 23.4 3.633  -44.8   11.6   34.4  34   -3.7  18 0 0 1 3 1 1 8.1 39.1 8.2 39.2 80.0 100 100 28 432 0 57 0 231 232 232 11 11 10 60.0 50.0 AUTO 0 
b.1 2025-09-26 11:19:14.494 a 2025-09-26-11:19:11 213 235 264 4.7 10.2 12.6 7.6 35.2 725.4 0.00 0 0.0 14.4 22.6 23.4 3.633  -47.1   11.7   39.4  34   -3.7  18 0 0 1 3 1 1 8.1 38.8 8.2 39.0 80.0 100 100 28 433 0 57 0 231 231 232 11 11 11 60.0 50.0 AUTO 0 
b.1 2025-09-26 11:20:28.390 a 2025-09-26-11:20:25 211 237 260 2.4 9.8 12.8 7.6 34.7 725.4 0.00 0 0.0 14.5 22.6 23.4 3.633  -45.4   11.7   36.5  34   -3.8  18 0 0 1 3 1 1 8.1 37.4 8.2 37.7 80.0 100 100 28 432 0 57 0 231 232 232 11 11 10 60.0 50.0 AUTO 0 
b.1 2025-09-26 11:21:14.115 a 2025-09-26-11:21:11 208 234 271 5.2 10.3 13.4 7.6 34.7 725.4 0.00 0 0.0 14.6 22.6 23.4 3.633  -48.0   11.7   35.7  34   -3.8  18 0 0 1 3 1 1 8.1 37.3 8.2 37.5 80.0 100 100 28 433 0 57 0 232 231 232 11 12 11 60.0 50.0 AUTO 0 
b.1 2025-09-26 11:22:18.312 a 2025-09-26-11:22:15 215 235 254 5.8 10.1 13.1 7.8 34.7 725.3 0.00 0 0.0 14.5 22.6 23.4 3.634  -46.6   11.7   38.8  33   -3.8  18 0 0 1 3 1 1 8.2 37.7 8.2 37.8 80.0 100 100 28 432 0 57 0 231 231 232 11 11 11 60.0 50.0 AUTO 0 
b.1 2025-09-26 11:23:22.013 a 2025-09-26-11:23:19 209 239 264 0.6 9.2 13.0 7.7 34.7 725.3 0.00 0 0.0 14.6 22.6 23.4 3.634  -46.7   11.7   34.1  33   -3.9  18 0 0 1 3 1 1 8.2 36.7 8.2 37.0 80.0 100 100 28 432 0 57 0 231 231 232 11 11 11 60.0 50.0 AUTO 0 
b.1 2025-09-26 11:24:13.453 a 2025-09-26-11:24:10 217 238 266 3.7 9.9 13.0 7.7 33.5 725.3 0.00 0 0.0 14.4 22.6 23.4 3.633  -45.4   11.7   35.8  33   -3.9  18 0 0 1 3 1 1 8.2 36.2 8.2 36.5 80.0 100 100 28 433 0 57 0 231 231 232 11 11 10 60.0 50.0 AUTO 0 
b.1 2025-09-26 11:25:14.874 a 2025-09-26-11:25:12 211 235 268 4.1 9.0 11.7 7.7 34.0 725.3 0.00 0 0.0 14.7 23.3 23.4 3.632  -44.0   11.7   32.3  33   -4.0  18 0 0 1 3 1 1 8.2 36.7 8.2 36.8 80.0 100 100 28 433 0 57 0 231 231 231 11 11 10 59.9 50.0 AUTO 0 
b.1 2025-09-26 11:26:12.213 a 2025-09-26-11:26:09 216 233 268 4.7 8.8 12.0 7.7 34.5 725.3 0.00 0 0.0 14.6 22.6 23.4 3.633  -46.1   11.7   31.6  33   -4.0  18 0 0 1 3 1 1 8.2 37.5 8.2 37.7 80.0 100 100 28 432 0 57 0 231 231 231 11 11 11 60.0 50.0 AUTO 0 
b.1 2025-09-26 11:27:14.657 a 2025-09-26-11:27:12 214 236 264 4.1 9.6 12.5 7.6 34.0 725.3 0.00 0 0.0 14.7 23.2 23.4 3.633  -45.7   11.7   34.2  33   -4.0  18 0 0 1 3 1 1 8.2 36.9 8.2 37.1 80.0 100 100 28 432 0 57 0 231 231 232 11 12 10 60.0 50.0 AUTO 0 
b.1 2025-09-26 11:28:18.296 a 2025-09-26-11:28:15 215 239 268 5.6 9.1 11.9 7.6 33.6 725.3 0.00 0 0.0 14.7 23.3 23.4 3.633  -45.4   11.7   32.4  33   -4.1  18 0 0 1 3 1 1 8.2 35.6 8.2 35.9 80.0 100 100 28 433 0 57 0 231 232 232 11 11 10 59.9 50.0 AUTO 0 
b.1 2025-09-26 11:29:12.013 a 2025-09-26-11:29:09 215 234 258 5.7 10.0 12.0 7.7 33.5 725.2 0.00 0 0.0 14.5 22.6 23.4 3.634  -46.1   11.7   35.1  33   -4.1  18 0 0 1 3 1 1 8.2 35.7 8.3 35.8 80.0 100 100 28 432 0 57 0 231 232 232 11 11 10 60.0 50.0 AUTO 0 
b.1 2025-09-26 11:30:15.476 a 2025-09-26-11:30:12 214 232 249 5.8 9.7 11.9 7.6 33.5 725.2 0.00 0 0.0 14.6 22.7 23.4 3.634  -46.5   11.7   37.0  33   -4.1  18 0 0 1 3 1 1 8.1 36.0 8.2 36.1 80.0 100 100 28 432 0 57 0 231 231 231 11 12 11 60.0 50.0 AUTO 0 
b.1 2025-09-26 11:31:13.844 a 2025-09-26-11:31:11 219 232 261 5.2 9.6 12.2 7.6 32.9 725.2 0.00 0 0.0 14.6 22.6 23.4 3.634  -46.7   11.7   37.0  33   -4.2  18 0 0 1 3 1 1 8.1 35.7 8.2 35.8 80.0 100 100 28 433 0 57 0 231 231 231 11 11 10 60.0 50.0 AUTO 0 
b.1 2025-09-26 11:32:13.253 a 2025-09-26-11:32:10 218 237 274 4.5 9.0 12.0 7.7 33.0 725.3 0.00 0 0.0 14.7 23.3 23.4 3.634  -46.4   11.7   32.6  33   -4.2  18 0 0 1 3 1 1 8.1 35.1 8.2 35.2 80.0 100 100 28 433 0 58 0 231 231 232 11 11 11 60.0 50.0 AUTO 0 
b.1 2025-09-26 11:33:14.078 a 2025-09-26-11:33:11 218 235 268 3.9 9.7 12.5 7.6 32.4 725.3 0.00 0 0.0 14.5 22.6 23.4 3.633  -44.1   11.7   35.4  32   -4.2  18 0 0 1 3 1 1 8.1 35.1 8.2 35.2 80.0 100 100 28 433 0 57 0 231 231 232 11 11 10 59.9 50.0 AUTO 0 
b.1 2025-09-26 11:34:13.976 a 2025-09-26-11:34:11 212 234 253 5.7 9.4 11.6 7.6 32.9 725.3 0.00 0 0.0 14.6 23.2 23.4 3.633  -46.0   11.7   35.4  32   -4.3  18 0 0 1 3 1 1 8.1 35.2 8.2 35.4 80.0 100 100 29 432 0 56 0 231 232 232 11 12 11 59.9 50.0 AUTO 0 
b.1 2025-09-26 11:35:12.619 a 2025-09-26-11:35:10 213 234 250 6.2 9.8 11.9 7.6 32.8 725.3 0.00 0 0.0 14.6 22.6 23.4 3.634  -47.0   11.7   37.3  32   -4.3  18 0 0 1 3 1 1 8.1 35.5 8.2 35.6 80.0 100 100 28 432 0 56 0 231 232 232 11 12 11 59.9 50.0 AUTO 0 
b.1 2025-09-26 11:36:14.036 a 2025-09-26-11:36:11 217 236 257 4.5 8.9 10.8 7.6 33.0 725.3 0.00 0 0.0 14.6 22.6 23.4 3.633  -45.0   11.7   35.4  32   -4.3  18 0 0 1 3 1 1 8.2 35.5 8.3 35.6 80.0 100 100 28 433 0 57 0 231 231 231 11 12 11 59.9 50.0 AUTO 0 
b.1 2025-09-26 11:37:18.052 a 2025-09-26-11:37:15 213 237 264 5.9 9.2 12.2 7.7 32.2 725.3 0.00 0 0.0 14.7 23.3 23.4 3.634  -45.6   11.7   32.7  32   -4.4  18 0 0 1 3 1 1 8.2 35.2 8.3 35.2 80.0 100 100 28 432 0 58 0 231 232 232 11 11 10 59.9 50.0 AUTO 0 
b.1 2025-09-26 11:38:14.315 a 2025-09-26-11:38:11 216 235 254 4.7 9.1 11.5 7.8 32.4 725.3 0.00 0 0.0 14.7 23.2 23.4 3.634  -45.5   11.7   31.8  32   -4.4  18 0 0 1 3 1 1 8.2 34.7 8.3 34.8 80.0 100 100 28 432 0 58 0 231 232 232 11 11 10 60.0 50.0 AUTO 0 
b.1 2025-09-26 11:39:12.576 a 2025-09-26-11:39:09 209 235 270 2.4 9.0 11.9 7.7 32.4 725.3 0.00 0 0.0 14.6 22.6 23.4 3.634  -45.4   11.8   31.9  32   -4.4  18 0 0 1 3 1 1 8.2 35.0 8.4 35.0 80.0 100 100 28 434 0 57 0 231 231 232 11 12 11 60.0 50.0 AUTO 0 
b.1 2025-09-26 11:40:17.536 a 2025-09-26-11:40:14 219 234 254 6.8 9.3 11.6 7.7 32.6 725.3 0.00 0 0.0 14.6 22.6 23.4 3.633  -47.2   11.8   33.8  32   -4.4  18 0 0 1 3 1 1 8.3 35.1 8.4 35.2 80.0 100 100 29 439 0 58 0 231 231 231 11 12 11 60.0 50.0 AUTO 0 
b.1 2025-09-26 11:41:14.279 a 2025-09-26-11:41:11 213 234 258 5.6 9.1 11.6 7.7 32.7 725.3 0.00 0 0.0 14.7 23.2 23.4 3.633  -45.5   11.8   33.9  32   -4.4  18 0 0 1 3 1 1 8.3 35.2 8.4 35.4 80.0 100 100 29 426 0 57 0 232 232 232 11 11 10 59.9 50.0 AUTO 0 
b.1 2025-09-26 11:42:13.558 a 2025-09-26-11:42:10 211 236 260 2.5 8.2 10.9 7.7 32.9 725.3 0.00 0 0.0 14.8 23.3 23.4 3.633  -46.6   11.8   30.6  32   -4.5  18 0 0 1 3 1 1 8.3 35.5 8.4 35.6 80.0 100 100 29 431 0 58 0 231 231 232 11 11 10 59.9 50.0 AUTO 0 
b.1 2025-09-26 11:43:13.819 a 2025-09-26-11:43:11 219 236 254 5.2 9.2 11.2 7.7 33.2 725.3 0.00 0 0.0 14.5 22.6 23.4 3.633  -45.6   11.8   31.4  32   -4.5  18 0 0 1 3 1 1 8.3 35.0 8.4 35.0 80.0 100 100 29 431 0 57 0 231 232 232 11 11 11 59.9 50.0 AUTO 0 
b.1 2025-09-26 11:44:14.494 a 2025-09-26-11:44:11 215 230 244 6.0 9.4 11.6 7.6 32.0 725.3 0.00 0 0.0 14.6 22.6 23.4 3.634  -46.0   11.8   33.0  32   -4.5  18 0 0 1 3 1 1 8.3 34.5 8.4 34.7 80.0 100 100 29 431 0 57 0 231 231 231 11 11 11 60.0 50.0 AUTO 0 
b.1 2025-09-26 11:45:14.240 a 2025-09-26-11:45:11 215 234 254 5.9 9.1 12.1 7.7 32.4 725.3 0.00 0 0.0 14.6 23.2 23.4 3.633  -44.9   11.8   33.9  32   -4.5  18 0 0 1 3 1 1 8.3 34.7 8.4 34.8 80.0 100 100 29 431 0 57 0 232 231 231 11 11 11 60.0 50.0 AUTO 0 
b.1 2025-09-26 11:46:12.839 a 2025-09-26-11:46:10 217 237 265 4.7 8.6 11.4 7.7 32.5 725.3 0.00 0 0.0 14.6 22.7 23.4 3.633  -46.2   11.8   31.6  32   -4.5  18 0 0 1 3 1 1 8.3 34.9 8.4 35.0 80.0 100 100 29 432 0 57 0 232 231 231 11 11 10 59.9 50.0 AUTO 0 
b.1 2025-09-26 11:47:24.615 a 2025-09-26-11:47:22 215 236 270 3.4 9.0 11.6 7.7 32.6 725.3 0.00 0 0.0 14.6 22.7 23.4 3.633  -45.3   11.8   33.2  32   -4.5  18 0 0 1 3 1 1 8.3 34.6 8.4 34.7 80.0 100 100 29 432 0 57 0 231 231 232 11 11 10 59.9 50.0 AUTO 0 
b.1 2025-09-26 11:48:12.059 a 2025-09-26-11:48:09 219 233 260 5.7 8.8 11.1 7.5 32.9 725.3 0.00 0 0.0 14.6 22.6 23.4 3.634  -48.0   11.8   32.9  32   -4.6  18 0 0 1 3 1 1 8.3 34.7 8.4 34.9 80.0 100 100 29 431 0 57 0 231 232 232 11 11 11 59.9 50.0 AUTO 0 
b.1 2025-09-26 11:49:13.440 a 2025-09-26-11:49:10 215 234 261 2.2 8.2 10.4 7.5 32.9 725.3 0.00 0 0.0 14.7 22.7 23.4 3.633  -44.8   11.8   29.5  32   -4.6  18 0 0 1 2 1 0 8.3 34.4 8.3 34.6 80.0 100 100 29 432 0 57 0 232 231 231 11 11 11 59.9 50.0 AUTO 0 
b.1 2025-09-26 11:50:16.851 a 2025-09-26-11:50:14 201 235 257 1.8 8.4 11.6 7.5 32.9 725.3 0.00 0 0.0 14.7 23.3 23.4 3.634  -46.6   11.7   29.3  32   -4.6   5 0 0 1 2 1 0 8.2 34.5 8.3 34.7 80.0 100 100 29 431 0 57 0 231 231 232 11 11 10 59.9 50.0 AUTO 0 
b.1 2025-09-26 11:51:11.960 a 2025-09-26-11:51:09 212 235 262 2.2 8.3 11.1 7.5 33.1 725.3 0.00 0 0.0 14.7 23.3 23.4 3.633  -45.1   11.7   28.5  31   -4.6  13 0 0 1 2 1 0 8.1 34.8 8.2 34.9 80.0 100 100 29 432 0 58 0 231 232 232 11 11 10 59.9 50.0 AUTO 0 
b.1 2025-09-26 11:52:14.296 a 2025-09-26-11:52:11 203 236 274 1.4 8.0 11.3 7.6 33.1 725.3 0.00 0 0.0 14.6 22.6 23.4 3.633  -44.0   11.7   26.4  31   -4.6  19 0 0 1 2 1 0 8.1 33.7 8.2 34.1 80.0 100 100 29 431 0 57 0 231 232 232 11 11 10 59.9 50.0 AUTO 0 
b.1 2025-09-26 11:53:21.755 a 2025-09-26-11:53:19 215 232 248 6.3 8.9 10.8 7.6 32.3 725.3 0.00 0 0.0 14.6 22.6 23.4 3.633  -46.5   11.7   28.3  31   -4.7  18 0 0 1 2 1 0 8.2 34.0 8.3 34.1 80.0 100 100 29 431 0 58 0 231 231 231 11 11 10 60.0 50.0 AUTO 0 
b.1 2025-09-26 11:54:14.815 a 2025-09-26-11:54:12 199 233 264 1.1 7.3 10.8 7.6 32.6 725.3 0.00 0 0.0 14.8 23.3 23.4 3.633  -44.5   11.7   23.8  31   -4.7  18 0 0 1 2 1 0 8.2 34.5 8.2 34.6 80.0 100 100 29 432 0 57 0 231 231 232 11 11 11 60.0 50.0 AUTO 0 
b.1 2025-09-26 11:55:23.051 a 2025-09-26-11:55:20 217 239 263 5.7 9.4 11.9 7.6 31.7 725.3 0.00 0 0.0 14.6 22.6 23.4 3.634  -46.8   11.7   29.9  31   -4.7  18 0 0 1 2 1 0 8.2 33.6 8.2 33.8 80.0 100 100 29 432 0 57 0 231 232 232 11 11 11 60.0 50.0 AUTO 0 
b.1 2025-09-26 11:56:12.674 a 2025-09-26-11:56:10 215 236 263 3.6 9.0 10.9 7.6 32.0 725.3 0.00 0 0.0 14.5 22.6 23.4 3.633  -47.2   11.7   31.8  31   -4.7  18 0 0 1 3 1 1 8.2 33.9 8.3 34.0 80.0 100 100 29 432 0 58 0 231 231 232 11 11 10 60.0 50.0 AUTO 0 
b.1 2025-09-26 11:57:17.259 a 2025-09-26-11:57:14 211 241 272 3.1 8.3 11.6 7.8 32.1 725.3 0.00 0 0.0 14.5 22.6 23.4 3.633  -49.1   11.8   30.4  31   -4.7  18 0 0 1 3 1 1 8.2 33.5 8.2 33.8 80.0 100 100 29 432 0 58 0 231 232 232 11 11 10 60.0 50.0 AUTO 0 
b.1 2025-09-26 11:58:14.778 a 2025-09-26-11:58:12 139 240 289 2.5 7.3 11.0 7.8 32.4 725.3 0.00 0 0.0 14.7 23.3 23.4 3.633  -44.4   11.7   25.2  31   -4.7   5 0 0 1 2 1 0 8.1 33.9 8.2 34.0 80.0 100 100 29 431 0 57 0 232 231 232 11 12 11 60.0 50.0 AUTO 0 
b.1 2025-09-26 11:59:10.957 a 2025-09-26-11:59:08 188 240 267 1.6 8.5 11.7 7.6 33.1 725.3 0.00 0 0.0 14.6 22.6 23.4 3.633  -45.9   11.7   29.3  31   -4.7  14 0 0 1 2 1 0 8.1 35.5 8.2 35.5 80.0 100 100 29 427 0 57 0 232 231 232 11 11 10 60.0 50.0 AUTO 0 
b.1 2025-09-26 12:00:27.413 a 2025-09-26-12:00:24 207 238 261 2.1 8.1 12.3 7.7 33.3 725.3 0.00 0 0.0 14.5 22.6 23.4 3.633  -47.5   11.7   29.3  31   -4.7  17 0 0 1 2 1 0 8.1 34.9 8.2 35.1 80.0 100 100 28 430 0 57 0 232 231 231 11 12 10 59.9 50.0 AUTO 0 
b.1 2025-09-26 12:01:17.140 a 2025-09-26-12:01:14 213 233 254 3.9 9.3 12.3 7.7 33.3 725.1 0.00 0 0.0 14.5 22.6 23.4 3.633  -44.1   11.7   31.5  31   -4.7  17 0 0 1 3 1 1 8.1 35.3 8.2 35.5 80.0 100 100 29 432 0 56 0 231 232 232 11 12 10 59.9 50.0 AUTO 0 
b.1 2025-09-26 12:02:16.516 a 2025-09-26-12:02:13 212 234 258 3.9 8.2 10.4 7.5 33.8 725.2 0.00 0 0.0 14.7 23.3 23.4 3.633  -45.3   11.7   30.0  31   -4.7  17 0 0 1 3 1 1 8.1 35.7 8.2 35.9 80.0 100 100 29 432 0 56 0 232 231 231 11 11 10 59.9 50.0 AUTO 0 
b.1 2025-09-26 12:03:20.640 a 2025-09-26-12:03:17 220 240 274 3.4 8.1 11.3 7.5 33.4 725.3 0.00 0 0.0 14.7 23.3 23.4 3.634  -45.6   11.7   28.3  31   -4.7  17 0 0 1 2 1 0 8.1 35.5 8.1 35.8 80.0 100 100 29 430 0 56 0 231 232 232 11 11 11 59.9 50.0 AUTO 0 
b.1 2025-09-26 12:04:13.563 a 2025-09-26-12:04:10 217 240 266 2.1 8.4 11.3 7.5 34.2 725.2 0.00 0 0.0 14.6 22.7 23.4 3.633  -46.5   11.7   28.9  31   -4.7  17 0 0 1 2 1 0 8.1 36.2 8.1 36.4 80.0 100 100 28 430 0 58 0 232 232 232 11 11 10 59.9 50.0 AUTO 0 
b.1 2025-09-26 12:05:16.236 a 2025-09-26-12:05:13 206 241 262 4.3 8.5 11.7 7.5 34.7 725.3 0.00 0 0.0 14.7 22.6 23.4 3.634  -46.0   11.7   28.2  32   -4.6  17 0 0 1 2 1 0 8.1 36.9 8.1 37.0 80.0 100 100 28 433 0 56 0 232 232 232 11 11 11 59.9 50.0 AUTO 0 
b.1 2025-09-26 12:06:13.713 a 2025-09-26-12:06:11 221 239 267 1.9 7.6 10.8 7.5 34.7 725.3 0.00 0 0.0 14.6 22.6 23.4 3.634  -44.6   11.7   28.0  32   -4.6  17 0 0 1 2 1 0 8.0 37.2 8.1 37.3 80.0 100 100 28 431 0 57 0 231 231 231 11 11 10 59.9 50.0 AUTO 0 
b.1 2025-09-26 12:07:13.319 a 2025-09-26-12:07:10 146 239 266 1.9 8.3 11.4 7.5 35.8 725.2 0.00 0 0.0 14.7 23.2 23.4 3.633  -45.8   11.7   28.0  32   -4.5  17 0 0 1 2 1 0 8.0 38.0 8.1 38.1 80.0 100 100 29 429 0 57 0 231 231 231 11 12 11 59.9 50.0 AUTO 0 
b.1 2025-09-26 12:08:20.500 a 2025-09-26-12:08:17 215 236 280 4.2 8.3 11.2 7.5 35.6 725.2 0.00 0 0.0 14.8 23.3 23.4 3.633  -45.0   11.6   26.5  32   -4.5  17 0 0 1 2 1 0 8.0 38.2 8.1 38.5 80.0 100 100 28 436 0 58 0 231 231 231 11 11 10 59.9 50.0 AUTO 0 
b.1 2025-09-26 12:09:13.654 a 2025-09-26-12:09:11 216 241 280 4.3 7.5 10.7 7.4 36.2 725.2 0.00 0 0.0 14.6 23.3 23.4 3.633  -46.2   11.6   23.9  32   -4.4  17 0 0 1 2 1 0 8.0 38.8 8.1 39.0 80.0 100 100 29 438 0 58 0 231 232 232 11 11 10 59.9 50.0 AUTO 0 
b.1 2025-09-26 12:10:14.575 a 2025-09-26-12:10:11 214 241 300 2.4 7.7 10.8 7.5 36.0 725.3 0.00 0 0.0 14.7 22.7 23.4 3.634  -46.2   11.6   24.5  32   -4.3  17 0 0 1 2 1 0 8.0 38.9 8.1 39.2 80.0 100 100 28 429 0 57 0 231 232 232 11 11 10 59.9 50.0 AUTO 0 
b.1 2025-09-26 12:11:12.476 a 2025-09-26-12:11:09 221 238 265 4.1 8.0 11.0 7.5 36.2 725.3 0.00 0 0.0 14.5 22.6 23.4 3.633  -46.2   11.6   26.4  32   -4.3  17 0 0 1 2 1 0 8.0 38.8 8.1 39.1 80.0 100 100 29 439 0 57 0 231 231 232 11 12 11 59.9 50.0 AUTO 0 
b.1 2025-09-26 12:12:14.655 a 2025-09-26-12:12:12 204 242 262 2.2 8.2 11.2 7.5 36.3 725.3 0.00 0 0.0 14.6 23.2 23.4 3.633  -44.9   11.6   27.1  33   -4.3  17 0 0 1 2 1 0 8.0 39.4 8.0 39.6 80.0 100 100 29 428 0 59 0 232 232 231 11 11 10 59.9 50.0 AUTO 0 
b.1 2025-09-26 12:13:14.878 a 2025-09-26-12:13:12 220 241 280 4.4 8.3 10.8 7.5 36.3 725.3 0.00 0 0.0 14.7 23.3 23.4 3.633  -46.7   11.7   28.8  33   -4.2  17 0 0 1 2 1 0 8.0 39.3 8.0 39.5 80.0 100 100 28 430 0 57 0 231 232 232 11 11 11 59.9 50.0 AUTO 0 
b.1 2025-09-26 12:14:11.460 a 2025-09-26-12:14:08 225 244 270 3.6 7.8 10.4 7.6 36.1 725.3 0.00 0 0.0 14.8 23.3 23.4 3.633  -45.3   11.7   25.9  33   -4.2  17 0 0 1 2 1 0 8.0 39.4 8.0 39.6 80.0 100 100 29 440 0 58 0 231 232 232 11 11 11 60.0 50.0 AUTO 0 
b.1 2025-09-26 12:15:19.700 a 2025-09-26-12:15:17 222 241 259 4.5 8.2 10.7 7.7 37.0 725.4 0.00 0 0.0 14.7 23.3 23.4 3.634  -46.0   11.6   26.5  33   -4.2  17 0 0 1 2 1 0 8.0 40.0 8.0 40.2 80.0 100 100 29 427 0 58 0 231 232 232 11 11 10 59.9 50.0 AUTO 0 
b.1 2025-09-26 12:16:13.779 a 2025-09-26-12:16:11 220 241 258 4.3 7.9 10.7 7.7 37.0 725.4 0.00 0 0.0 14.6 23.2 23.4 3.633  -44.8   11.7   26.6  33   -4.1  17 0 0 1 2 1 0 7.9 40.1 8.0 40.3 80.0 100 100 29 429 0 57 0 231 232 232 11 11 11 59.9 50.0 AUTO 0 
b.1 2025-09-26 12:17:11.197 a 2025-09-26-12:17:08 148 242 260 1.6 7.5 10.6 7.7 36.8 725.3 0.00 0 0.0 14.5 22.6 23.4 3.633  -45.3   11.7   26.1  33   -4.0  17 0 0 1 2 1 0 8.0 40.2 8.0 40.4 80.0 100 100 29 437 0 57 0 231 232 231 11 12 11 59.9 50.0 AUTO 0 
b.1 2025-09-26 12:18:13.778 a 2025-09-26-12:18:11 222 242 269 3.6 7.8 10.2 7.6 37.0 725.3 0.00 0 0.0 14.5 22.6 23.4 3.633  -46.0   11.7   25.4  33   -4.0  17 0 0 1 2 1 0 8.0 40.3 8.0 40.5 80.0 100 100 29 432 0 57 0 232 232 232 11 11 10 59.9 50.0 AUTO 0 
b.1 2025-09-26 12:19:14.957 a 2025-09-26-12:19:12 214 244 275 2.4 7.9 10.7 7.6 37.0 725.3 0.00 0 0.0 14.7 23.6 23.4 3.634  -45.7   11.7   25.5  33   -3.9  17 0 0 1 2 1 0 8.0 39.5 8.0 39.8 80.0 100 100 29 434 0 57 0 231 232 232 11 11 10 59.9 50.0 AUTO 0 
b.1 2025-09-26 12:20:23.819 a 2025-09-26-12:20:21 215 240 268 3.8 7.1 9.9 7.6 34.6 725.4 0.00 0 0.0 14.6 23.2 23.4 3.633  -44.1   11.7   21.9  33   -3.9   5 0 0 1 2 1 0 8.0 39.5 8.1 39.5 80.0 100 100 29 429 0 57 0 231 231 232 11 11 11 59.9 50.0 AUTO 0 
b.1 2025-09-26 12:21:19.756 a 2025-09-26-12:21:17 210 242 269 2.6 6.8 9.6 7.7 36.4 725.3 0.00 0 0.0 14.7 23.3 23.4 3.634  -44.3   11.7   20.8  33   -3.9   9 0 0 1 2 1 0 8.0 39.9 8.1 40.0 80.0 100 100 29 438 0 35 0 231 231 232 19 17 16 60.0 50.0 AUTO 0 
b.1 2025-09-26 12:22:16.578 a 2025-09-26-12:22:13 221 244 269 4.9 7.6 10.3 7.6 36.6 725.3 0.00 0 0.0 14.8 23.6 23.4 3.633  -45.2   11.7   22.5  33   -3.9  18 0 0 1 2 1 0 8.0 39.7 8.1 39.8 80.0 100 100 29 435 0 56 0 231 231 232 11 12 11 59.9 50.0 AUTO 0 
b.1 2025-09-26 12:23:21.615 a 2025-09-26-12:23:19 222 244 259 4.4 7.8 10.0 7.8 36.7 725.3 0.00 0 0.0 14.7 22.6 23.4 3.633  -45.6   11.7   23.8  33   -3.9  17 0 0 1 2 1 0 8.1 39.8 8.1 40.1 80.0 100 100 29 440 0 59 0 231 231 232 11 11 10 60.0 50.0 AUTO 0 
b.1 2025-09-26 12:24:14.216 a 2025-09-26-12:24:11 222 243 275 4.7 7.3 10.0 7.8 36.5 725.4 0.00 0 0.0 14.5 22.6 23.4 3.634  -44.7   11.7   24.5  33   -3.9  17 0 0 1 2 1 0 8.1 39.5 8.1 40.0 80.0 100 100 29 432 0 58 0 231 232 232 11 11 10 59.9 50.0 AUTO 0 
b.1 2025-09-26 12:25:26.076 a 2025-09-26-12:25:23 222 244 265 2.3 7.3 9.7 7.7 36.1 725.3 0.00 0 0.0 14.7 22.6 23.4 3.634  -45.5   11.7   23.3  33   -3.9  17 0 0 1 2 1 0 8.1 38.9 8.1 39.4 80.0 100 100 29 431 0 58 0 231 231 232 11 11 11 59.9 50.0 AUTO 0 
b.1 2025-09-26 12:26:13.459 a 2025-09-26-12:26:10 217 244 272 2.3 7.4 9.5 7.7 35.4 725.4 0.00 0 0.0 14.7 23.3 23.4 3.634  -46.3   11.8   24.0  33   -3.8  17 0 0 1 2 1 0 8.1 39.2 8.1 39.6 80.0 100 100 29 431 0 57 0 232 231 231 11 11 11 59.9 50.0 AUTO 0 
b.1 2025-09-26 12:27:13.377 a 2025-09-26-12:27:10 224 245 259 2.3 7.6 9.1 7.8 36.5 725.4 0.00 0 0.0 14.7 22.6 23.4 3.633  -47.0   11.8   24.0  33   -3.8  17 0 0 1 2 1 0 8.2 39.7 8.1 40.1 80.0 100 100 29 432 0 58 0 231 231 232 11 11 10 59.9 50.0 AUTO 0 
b.1 2025-09-26 12:28:13.395 a 2025-09-26-12:28:10 220 245 269 4.3 7.1 9.6 7.8 36.8 725.3 0.00 0 0.0 14.6 22.6 23.4 3.633  -44.2   11.8   22.9  33   -3.8   9 0 0 1 2 1 0 8.1 39.9 8.1 40.4 80.0 100 100 29 432 0 55 0 231 232 232 11 12 11 59.9 50.0 AUTO 0 
b.1 2025-09-26 12:29:13.657 a 2025-09-26-12:29:10 228 246 266 3.0 7.5 9.7 7.7 35.2 725.3 0.00 0 0.0 14.6 23.2 23.4 3.633  -44.9   11.8   22.9  33   -3.8  14 0 0 1 2 1 0 8.1 39.8 8.1 40.2 80.0 100 100 29 432 0 57 0 231 232 232 11 11 10 59.9 50.0 AUTO 0 
b.1 2025-09-26 12:30:15.678 a 2025-09-26-12:30:12 224 246 265 3.9 7.6 9.2 7.7 36.6 725.4 0.00 0 0.0 14.6 22.6 23.4 3.633  -46.0   11.8   23.5  33   -3.8  15 0 0 1 2 1 0 8.2 39.4 8.1 40.0 80.0 100 100 29 430 0 321 0 231 232 232 2 3 2 59.9 50.0 AUTO 0 
b.1 2025-09-26 12:31:14.858 a 2025-09-26-12:31:12 224 248 269 3.2 7.5 10.3 7.8 34.4 725.4 0.00 0 0.0 14.7 23.3 23.4 3.634  -44.2   11.8   22.5  33   -3.8  15 0 0 1 2 1 0 8.2 38.7 8.1 39.3 80.0 100 100 29 429 0 337 0 231 232 232 2 3 2 60.0 50.0 AUTO 0 
b.1 2025-09-26 12:32:12.798 a 2025-09-26-12:32:10 230 247 267 2.3 7.3 10.1 7.7 34.4 725.4 0.00 0 0.0 14.7 23.3 23.4 3.633  -44.0   11.8   22.0  33   -3.8  15 0 0 1 2 1 0 8.2 38.0 8.2 38.5 80.0 100 100 29 430 0 337 0 231 232 232 2 3 2 59.9 50.0 AUTO 0 
b.1 2025-09-26 12:33:14.016 a 2025-09-26-12:33:11 225 246 265 3.1 6.8 9.0 7.8 34.4 725.4 0.00 0 0.0 14.8 23.6 23.4 3.634  -44.0   11.8   20.4  33   -3.8  15 0 0 1 2 1 0 8.2 37.8 8.2 38.2 80.0 100 100 29 431 0 332 0 232 232 232 2 3 2 59.9 50.0 AUTO 0 
b.1 2025-09-26 12:34:13.540 a 2025-09-26-12:34:10 229 245 267 2.0 6.8 9.2 7.8 34.9 725.4 0.00 0 0.0 14.7 23.3 23.4 3.633  -44.4   11.9   20.1  33   -3.8  15 0 0 1 2 1 0 8.2 37.8 8.3 38.1 80.0 100 100 29 431 0 337 0 232 232 232 2 3 2 59.9 50.0 AUTO 0 
b.1 2025-09-26 12:35:13.378 a 2025-09-26-12:35:10 231 245 279 3.6 7.3 9.1 7.9 34.5 725.4 0.00 0 0.0 14.6 22.6 23.4 3.634  -44.6   11.9   21.7  33   -3.9  15 0 0 1 2 1 0 8.3 37.6 8.3 37.9 80.0 100 100 28 433 0 326 0 231 232 232 2 3 2 59.9 50.0 AUTO 0 
b.1 2025-09-26 12:36:14.017 a 2025-09-26-12:36:11 218 247 274 4.7 7.3 9.3 7.9 34.5 725.4 0.00 0 0.0 14.7 23.2 23.4 3.633  -45.6   11.9   21.9  33   -3.8  15 0 0 1 2 1 0 8.3 37.5 8.3 37.8 80.0 100 100 29 432 0 337 0 231 232 232 2 3 2 59.9 50.0 AUTO 0 
b.1 2025-09-26 12:37:12.559 a 2025-09-26-12:37:09 217 246 275 1.3 7.0 9.7 7.9 34.9 725.4 0.00 0 0.0 14.7 23.3 23.4 3.633  -44.0   11.9   20.3  33   -3.8  15 0 0 1 2 1 0 8.3 37.6 8.4 37.8 80.0 100 100 28 432 0 337 0 231 232 232 2 3 2 59.9 50.0 AUTO 0 
b.1 2025-09-26 12:38:12.640 a 2025-09-26-12:38:09 232 246 269 4.3 7.3 8.8 7.9 35.1 725.4 0.00 0 0.0 14.7 22.7 23.4 3.634  -44.0   11.9   20.9  33   -3.8  15 0 0 1 2 1 0 8.3 37.8 8.4 38.0 80.0 100 100 29 433 0 337 0 232 231 232 2 3 2 59.9 50.0 AUTO 0 
b.1 2025-09-26 12:39:11.700 a 2025-09-26-12:39:09 223 246 269 3.5 7.0 9.4 8.0 35.5 725.4 0.00 0 0.0 14.6 23.2 23.4 3.633  -45.4   11.9   21.0  33   -3.8  15 0 0 1 2 1 0 8.3 38.0 8.4 38.2 80.0 100 100 29 432 0 337 0 232 231 232 2 3 2 59.9 50.0 AUTO 0 
b.1 2025-09-26 12:40:15.638 a 2025-09-26-12:40:13 228 247 280 2.3 6.7 9.1 8.0 35.9 725.4 0.00 0 0.0 14.6 22.6 23.4 3.633  -44.3   11.9   20.0  33   -3.8  15 0 0 1 2 1 0 8.3 38.4 8.4 38.7 80.0 100 100 28 432 0 334 0 231 231 232 2 3 2 59.9 50.0 AUTO 0 
b.1 2025-09-26 12:41:12.420 a 2025-09-26-12:41:09 225 247 273 2.9 6.6 9.2 7.9 36.1 725.4 0.00 0 0.0 14.7 23.3 23.4 3.633  -43.7   11.9   19.0  33   -3.8  15 0 0 1 2 1 0 8.4 38.5 8.4 38.8 80.0 100 100 28 432 0 322 0 232 231 232 2 3 2 59.9 50.0 AUTO 0 
b.1 2025-09-26 12:42:13.138 a 2025-09-26-12:42:10 232 249 263 3.2 6.9 9.3 7.8 36.4 725.4 0.00 0 0.0 14.7 22.6 23.4 3.633  -44.7   11.9   20.5  33   -3.7  15 0 0 1 2 1 0 8.4 38.7 8.4 39.1 80.0 100 100 29 432 0 324 0 232 232 232 2 3 2 59.9 50.0 AUTO 0 
b.1 2025-09-26 12:43:13.539 a 2025-09-26-12:43:10 221 249 266 2.5 7.2 9.7 7.6 36.4 725.4 0.00 0 0.0 14.7 22.7 23.4 3.633  -44.3   11.9   21.0  33   -3.7  15 0 0 1 2 1 0 8.4 38.8 8.4 39.1 80.0 100 100 29 432 0 327 0 232 231 232 2 3 2 59.9 50.0 AUTO 0 
b.1 2025-09-26 12:44:13.460 a 2025-09-26-12:44:10 183 250 274 0.7 7.0 10.3 7.7 36.5 725.4 0.00 0 0.0 14.6 22.6 23.4 3.634  -45.1   11.9   21.6  33   -3.7  15 0 0 1 2 1 0 8.4 38.9 8.4 39.1 80.0 100 100 29 432 0 335 0 231 232 232 2 3 2 59.9 50.0 AUTO 0 
b.1 2025-09-26 12:45:14.223 a 2025-09-26-12:45:11 206 247 276 0.7 6.3 8.9 7.8 36.7 725.4 0.00 0 0.0 14.7 22.6 23.4 3.634  -44.4   11.9   19.5  33   -3.7  15 0 0 1 2 1 0 8.4 38.9 8.4 39.3 80.0 100 100 29 432 0 334 0 232 232 232 2 3 2 59.9 50.0 AUTO 0 
b.1 2025-09-26 12:46:13.418 a 2025-09-26-12:46:10 225 250 265 1.8 7.1 9.7 8.0 36.7 725.4 0.00 0 0.0 14.6 22.6 23.4 3.633  -44.8   11.9   21.0  33   -3.7  15 0 0 1 2 1 0 8.4 39.0 8.4 39.4 80.0 100 100 29 431 0 334 0 231 232 232 2 3 2 59.9 50.0 AUTO 0 
b.1 2025-09-26 12:47:13.680 a 2025-09-26-12:47:11 216 250 270 1.5 6.2 9.0 7.8 36.6 725.4 0.00 0 0.0 14.6 23.3 23.4 3.634  -44.1   11.9   18.9  33   -3.7  15 0 0 1 2 1 0 8.4 39.4 8.4 39.7 80.0 100 100 29 432 0 334 0 232 232 232 2 3 2 59.9 50.0 AUTO 0 
b.1 2025-09-26 12:48:14.362 a 2025-09-26-12:48:11 229 251 266 2.6 6.8 9.8 7.7 37.2 725.4 0.00 0 0.0 14.6 22.6 23.4 3.633  -45.0   11.9   20.3  34   -3.6  15 0 0 1 2 1 0 8.4 39.5 8.4 39.8 80.0 100 100 29 432 0 334 0 231 231 232 2 3 2 59.9 50.0 AUTO 0 
b.1 2025-09-26 12:49:11.803 a 2025-09-26-12:49:09 208 251 267 1.7 6.7 9.7 7.6 37.2 725.4 0.00 0 0.0 14.7 23.3 23.4 3.634  -44.7   11.9   20.7  34   -3.6  15 0 0 1 2 1 0 8.4 39.6 8.4 40.0 80.0 100 100 29 432 0 322 0 231 232 232 2 3 2 59.9 50.0 AUTO 0 
b.1 2025-09-26 12:50:14.243 a 2025-09-26-12:50:11 227 252 271 2.9 6.8 8.8 7.7 37.6 725.4 0.00 0 0.0 14.7 23.3 23.4 3.634  -44.6   11.9   20.1  34   -3.6  15 0 0 1 2 1 0 8.3 39.8 8.4 40.2 80.0 100 100 29 431 0 337 0 231 232 232 2 3 2 59.9 50.0 AUTO 0 
b.1 2025-09-26 12:51:14.963 a 2025-09-26-12:51:12 226 251 271 2.7 6.9 9.2 7.7 37.5 725.4 0.00 0 0.0 14.7 23.2 23.4 3.633  -44.0   11.8   20.0  34   -3.6  15 0 0 1 2 1 0 8.4 39.9 8.4 40.2 80.0 100 100 29 432 0 327 0 231 232 232 2 3 2 59.9 50.0 AUTO 0 
b.1 2025-09-26 12:52:13.180 a 2025-09-26-12:52:10 220 251 269 2.1 6.9 10.0 7.7 37.6 725.4 0.00 0 0.0 14.7 23.2 23.4 3.633  -43.4   11.8   20.9  34   -3.6  15 0 0 1 2 1 0 8.3 39.7 8.4 40.1 80.0 100 100 29 432 0 335 0 231 232 232 2 3 2 59.9 50.0 AUTO 0 
b.1 2025-09-26 12:53:11.263 a 2025-09-26-12:53:08 202 249 266 2.6 6.8 9.6 7.7 36.9 725.4 0.00 0 0.0 14.7 23.3 23.4 3.633  -44.9   11.8   19.7  34   -3.6  15 0 0 1 2 1 0 8.4 39.6 8.4 40.0 80.0 100 100 28 433 0 330 0 231 232 232 2 3 2 59.9 50.0 AUTO 0 
b.1 2025-09-26 12:54:13.279 a 2025-09-26-12:54:10 216 253 272 1.3 6.8 10.2 7.7 36.6 725.4 0.00 0 0.0 14.8 23.3 23.4 3.633  -43.9   11.8   18.7  34   -3.6  15 0 0 1 2 1 0 8.4 39.1 8.4 39.4 80.0 100 100 28 441 0 330 0 232 232 232 2 3 2 59.9 50.0 AUTO 0 
b.1 2025-09-26 12:55:16.776 a 2025-09-26-12:55:14 220 251 296 0.7 6.7 9.4 7.7 36.7 725.4 0.00 0 0.0 14.6 23.2 23.4 3.634  -44.3   11.8   19.6  34   -3.6  15 0 0 1 2 1 0 8.4 39.0 8.4 39.4 80.0 100 100 28 430 0 337 0 231 232 232 2 3 2 59.9 50.0 AUTO 0 
b.1 2025-09-26 12:56:13.562 a 2025-09-26-12:56:10 217 253 284 2.2 6.9 10.3 7.6 36.3 725.4 0.00 0 0.0 14.6 22.6 23.4 3.634  -44.2   11.8   20.7  34   -3.6  15 0 0 1 2 1 0 8.4 38.2 8.4 38.6 80.0 100 100 28 433 0 320 0 231 231 232 2 3 1 59.9 50.0 AUTO 0 
b.1 2025-09-26 12:57:12.940 a 2025-09-26-12:57:10 227 253 271 2.1 6.7 9.9 7.7 36.0 725.4 0.00 0 0.0 14.7 23.3 23.4 3.633  -43.3   11.8   19.1  34   -3.6  15 0 0 1 2 1 0 8.4 37.8 8.4 38.3 80.0 100 100 28 432 0 337 0 231 232 232 2 3 1 59.9 50.0 AUTO 0 
b.1 2025-09-26 12:58:13.723 a 2025-09-26-12:58:11 144 250 279 1.3 6.5 9.5 7.7 34.5 725.4 0.00 0 0.0 14.7 23.3 23.4 3.633  -44.2   11.8   18.1  34   -3.7  15 0 0 1 2 1 0 8.4 37.5 8.4 37.8 80.0 100 100 28 432 0 331 0 231 232 232 2 3 2 60.0 50.0 AUTO 0 
b.1 2025-09-26 12:59:10.361 a 2025-09-26-12:59:07 147 250 274 1.2 6.3 9.5 7.7 35.8 725.4 0.00 0 0.0 14.7 23.3 23.4 3.633  -43.7   11.8   18.6  34   -3.7  15 0 0 1 2 1 0 8.4 37.7 8.4 38.0 80.0 100 100 28 433 0 335 0 232 232 232 2 3 2 59.9 50.0 AUTO 0 
b.1 2025-09-26 13:00:16.519 a 2025-09-26-13:00:13 130 250 273 0.8 6.2 9.6 7.8 36.3 725.4 0.00 0 0.0 14.8 23.3 23.4 3.634  -43.1   11.8   16.8  34   -3.6  15 0 0 1 2 1 0 8.4 38.2 8.4 38.5 80.0 100 100 28 431 0 336 0 232 232 232 2 3 2 59.9 50.0 AUTO 0 
b.1 2025-09-26 13:01:12.604 a 2025-09-26-13:01:09 213 253 290 2.0 6.7 9.9 7.8 35.8 725.4 0.00 0 0.0 14.6 23.2 23.4 3.633  -44.1   11.8   18.1  34   -3.6  15 0 0 1 2 1 0 8.4 38.2 8.5 38.5 80.0 100 100 28 433 0 331 0 231 232 232 2 3 2 59.9 50.0 AUTO 0 
b.1 2025-09-26 13:02:14.440 a 2025-09-26-13:02:11 146 250 267 1.5 6.7 9.4 7.8 35.9 725.4 0.00 0 0.0 14.7 23.3 23.4 3.633  -43.5   11.8   18.1  34   -3.6  15 0 0 1 2 1 0 8.4 38.0 8.4 38.3 80.0 100 100 28 433 0 326 0 231 232 232 2 3 2 59.9 50.0 AUTO 0 
b.1 2025-09-26 13:03:11.084 a 2025-09-26-13:03:08 143 252 270 2.1 6.6 9.7 7.7 35.5 725.4 0.00 0 0.0 14.6 23.6 23.4 3.632  -44.0   11.8   18.2  34   -3.7  15 0 0 1 2 1 0 8.4 37.9 8.5 38.2 80.0 100 100 28 433 0 337 0 232 232 232 2 3 2 59.9 50.0 AUTO 0 
b.1 2025-09-26 13:04:11.720 a 2025-09-26-13:04:09 226 252 278 1.6 6.8 9.6 7.9 33.5 725.4 0.00 0 0.0 14.8 23.4 23.4 3.634  -44.0   11.8   17.7  34   -3.7  15 0 0 1 2 1 0 8.4 37.5 8.5 37.8 80.0 100 100 28 432 0 337 0 232 232 232 2 3 2 59.9 50.0 AUTO 0 
b.1 2025-09-26 13:05:15.217 a 2025-09-26-13:05:12 224 252 267 2.0 6.5 8.9 7.9 35.0 725.5 0.00 0 0.0 14.7 23.6 23.4 3.634  -42.5   11.8   17.4  34   -3.7  11 0 0 1 2 1 0 8.5 37.2 8.5 37.5 80.0 100 100 28 433 0 323 0 231 232 232 2 3 1 59.9 50.0 AUTO 0 
b.1 2025-09-26 13:06:13.540 a 2025-09-26-13:06:10 221 249 267 2.5 5.8 8.6 8.0 35.0 725.5 0.00 0 0.0 14.7 23.3 23.4 3.633  -43.4   11.8   15.7  34   -3.7  17 0 0 1 2 1 0 8.5 37.6 8.5 37.9 80.0 100 100 28 432 0 337 0 231 231 232 2 3 2 59.9 50.0 AUTO 0 
b.1 2025-09-26 13:07:12.578 a 2025-09-26-13:07:09 195 251 279 1.5 6.1 8.6 8.0 35.0 725.5 0.00 0 0.0 14.7 23.3 23.4 3.633  -43.7   11.8   15.3  33   -3.7  13 0 0 1 2 1 0 8.5 37.6 8.5 38.0 80.0 100 100 28 432 0 325 0 231 232 232 2 3 2 59.9 50.0 AUTO 0 
b.1 2025-09-26 13:08:12.678 a 2025-09-26-13:08:10 183 251 277 0.9 5.7 8.1 7.9 35.5 725.5 0.00 0 0.0 14.6 22.6 23.4 3.634  -44.2   11.8   14.9  34   -3.7  14 0 0 1 1 1 0 8.5 37.4 8.5 37.8 80.0 100 100 28 432 0 322 0 231 232 232 2 3 2 59.9 50.0 AUTO 0 
b.1 2025-09-26 13:09:14.884 a 2025-09-26-13:09:12 233 253 281 1.8 5.9 8.4 7.9 35.1 725.5 0.00 0 0.0 14.7 23.3 23.4 3.635  -45.4   11.8   14.3  33   -3.7  14 0 0 1 1 1 0 8.5 37.6 8.5 37.9 80.0 100 100 29 433 0 329 0 232 232 232 2 3 2 59.9 50.0 AUTO 0 
b.1 2025-09-26 13:10:15.069 a 2025-09-26-13:10:12 185 252 273 0.9 6.6 9.0 7.9 34.5 725.5 0.00 0 0.0 14.7 23.3 23.4 3.634  -44.2   11.8   16.6  33   -3.7  14 0 0 1 2 1 0 8.5 37.3 8.5 37.7 80.0 100 100 28 433 0 337 0 231 232 232 2 3 2 59.9 50.0 AUTO 0 
b.1 2025-09-26 13:11:12.440 a 2025-09-26-13:11:09 155 255 274 2.3 6.9 9.0 7.9 35.1 725.5 0.00 0 0.0 14.8 23.3 23.4 3.633  -44.6   11.9   18.1  33   -3.7  14 0 0 1 2 1 0 8.5 37.3 8.5 37.6 80.0 100 100 29 433 0 327 0 231 232 232 2 3 2 59.9 50.0 AUTO 0 
b.1 2025-09-26 13:12:13.680 a 2025-09-26-13:12:11 187 251 302 1.0 5.6 9.3 8.0 35.3 725.5 0.00 0 0.0 14.9 23.9 23.4 3.633  -44.1   11.9   15.9  34   -3.6  14 0 0 1 2 1 0 8.5 37.4 8.5 37.8 80.0 100 100 29 432 0 333 0 231 232 232 2 3 1 59.9 50.0 AUTO 0 
b.1 2025-09-26 13:13:15.563 a 2025-09-26-13:13:12 124 252 275 0.7 6.5 8.9 7.9 35.2 725.5 0.00 0 0.0 14.7 23.3 23.4 3.634  -44.1   11.9   17.3  34   -3.6  14 0 0 1 2 1 0 8.5 37.4 8.5 37.7 80.0 100 100 29 432 0 331 0 231 232 232 2 3 2 59.9 50.0 AUTO 0 
b.1 2025-09-26 13:14:12.940 a 2025-09-26-13:14:10 217 248 275 1.9 5.9 8.8 7.7 35.2 725.4 0.00 0 0.0 14.5 22.6 23.4 3.635  -44.8   11.9   16.4  34   -3.7  14 0 0 1 2 1 0 8.5 37.4 8.5 37.8 80.0 100 100 29 432 0 334 0 231 232 232 2 3 2 59.9 50.0 AUTO 0 
b.1 2025-09-26 13:15:13.730 a 2025-09-26-13:15:11 224 255 279 1.6 6.3 8.9 7.9 35.3 725.5 0.00 0 0.0 14.8 23.6 23.4 3.633  -44.0   11.9   16.8  33   -3.7  14 0 0 1 2 1 0 8.6 37.4 8.5 37.7 80.0 100 100 28 432 0 337 0 231 232 232 2 3 1 59.9 50.0 AUTO 0 
b.1 2025-09-26 13:16:14.443 a 2025-09-26-13:16:11 218 251 268 2.8 6.7 8.7 7.9 35.0 725.5 0.00 0 0.0 14.8 23.3 23.4 3.633  -43.2   11.9   18.2  33   -3.7  14 0 0 1 2 1 0 8.5 36.9 8.5 37.2 80.0 100 100 28 432 0 327 0 232 232 232 2 3 2 59.9 50.0 AUTO 0 
b.1 2025-09-26 13:17:12.983 a 2025-09-26-13:17:10 203 251 272 1.4 6.4 8.6 7.8 35.9 725.5 0.00 0 0.0 14.7 23.2 23.4 3.633  -44.2   11.9   18.6  33   -3.7  14 0 0 1 2 1 0 8.5 37.2 8.5 37.5 80.0 100 100 28 432 0 337 0 231 232 232 2 3 2 59.9 50.0 AUTO 0 
b.1 2025-09-26 13:18:11.163 a 2025-09-26-13:18:08 225 250 302 1.2 6.1 8.7 7.9 35.7 725.4 0.00 0 0.0 14.5 22.6 23.4 3.634  -42.6   11.9   18.6  33   -3.7  14 0 0 1 2 1 0 8.5 37.7 8.5 38.0 80.0 100 100 28 432 0 337 0 232 232 232 2 3 2 59.9 50.0 AUTO 0 
b.1 2025-09-26 13:19:12.368 a 2025-09-26-13:19:09 225 254 276 2.0 6.4 9.0 7.8 31.3 725.4 0.00 0 0.0 14.6 22.7 23.4 3.634  -44.0   11.9   18.6  33   -3.7  14 0 0 1 2 1 0 8.5 37.6 8.5 37.9 80.0 100 100 28 433 0 324 0 231 232 232 2 3 2 59.9 50.0 AUTO 0 
b.1 2025-09-26 13:20:15.308 a 2025-09-26-13:20:12 134 254 280 1.6 6.6 9.5 7.9 32.9 725.5 0.00 0 0.0 14.8 23.7 23.4 3.633  -42.9   11.9   18.2  33   -3.8  14 0 0 1 2 1 0 8.5 35.6 8.5 36.0 80.0 100 100 28 432 0 337 0 231 232 232 2 3 1 59.9 50.0 AUTO 0 
b.1 2025-09-26 13:21:12.404 a 2025-09-26-13:21:09 196 253 272 1.1 6.0 9.3 7.9 32.9 725.5 0.00 0 0.0 14.8 23.7 23.4 3.633  -43.5   11.9   15.6  33   -3.9  14 0 0 1 2 1 0 8.5 35.2 8.6 35.5 80.0 100 100 28 432 0 337 0 231 232 232 2 3 2 59.9 50.0 AUTO 0 
b.1 2025-09-26 13:22:13.404 a 2025-09-26-13:22:10 226 251 265 2.3 6.1 8.4 7.9 34.2 725.5 0.00 0 0.0 14.7 23.3 23.4 3.633  -43.9   11.9   15.6  33   -3.9  14 0 0 1 2 1 0 8.5 35.8 8.5 36.0 80.0 100 100 28 432 0 332 0 232 232 232 2 3 2 60.0 50.0 AUTO 0 
b.1 2025-09-26 13:23:11.525 a 2025-09-26-13:23:08 224 250 265 2.3 6.1 8.5 7.9 35.1 725.5 0.00 0 0.0 14.5 22.6 23.4 3.633  -43.6   11.9   16.1  33   -3.9  14 0 0 1 2 1 0 8.5 36.6 8.5 36.8 80.0 100 100 28 432 0 320 0 231 232 232 2 3 1 59.9 50.0 AUTO 0 
b.1 2025-09-26 13:24:13.407 a 2025-09-26-13:24:10 220 251 267 1.1 6.2 8.5 7.9 33.7 725.5 0.00 0 0.0 14.7 23.2 23.4 3.633  -43.0   11.9   15.7  33   -3.9  14 0 0 1 2 1 0 8.5 36.3 8.5 36.6 80.0 100 100 28 432 0 337 0 232 232 232 2 3 2 60.0 50.0 AUTO 0 
b.1 2025-09-26 13:25:13.421 a 2025-09-26-13:25:10 227 252 267 3.3 6.6 8.9 7.9 30.4 725.5 0.00 0 0.0 14.8 23.7 23.4 3.633  -44.0   11.9   16.2  33   -4.0  14 0 0 1 2 1 0 8.5 35.1 8.5 35.4 80.0 100 100 28 433 0 317 0 231 232 232 2 3 2 59.9 50.0 AUTO 0 
b.1 2025-09-26 13:26:13.084 a 2025-09-26-13:26:10 224 253 276 0.8 6.6 8.9 7.9 31.7 725.4 0.00 0 0.0 14.7 23.6 23.4 3.633  -44.6   11.9   16.3  32   -4.1  14 0 0 1 2 1 0 8.5 34.2 8.6 34.6 80.0 100 100 28 432 0 335 0 231 232 232 2 3 2 60.0 50.0 AUTO 0 
b.1 2025-09-26 13:27:13.986 a 2025-09-26-13:27:11 219 250 269 1.1 6.2 8.8 8.1 29.4 725.5 0.00 0 0.0 14.6 22.6 23.4 3.633  -43.9   12.0   15.7  32   -4.1  14 0 0 1 2 1 0 8.6 33.3 8.6 33.8 80.0 100 100 28 433 0 335 0 232 232 232 2 3 1 60.0 50.0 AUTO 0 
b.1 2025-09-26 13:28:12.426 a 2025-09-26-13:28:09 212 251 268 2.9 5.9 8.8 8.3 28.9 725.4 0.00 0 0.0 14.6 22.6 23.4 3.634  -42.6   12.0   14.3  32   -4.2  14 0 0 1 1 1 0 8.6 32.4 8.6 32.6 80.0 100 100 28 432 0 332 0 231 232 232 2 3 2 60.0 50.0 AUTO 0 
b.1 2025-09-26 13:29:13.308 a 2025-09-26-13:29:10 221 251 267 1.8 6.2 8.3 8.3 29.5 725.4 0.00 0 0.0 14.7 23.7 23.4 3.634  -44.1   12.1   14.5  32   -4.2  14 0 0 1 1 1 0 8.6 33.0 8.7 33.3 80.0 100 100 28 432 0 332 0 232 232 232 2 3 2 60.0 50.0 AUTO 0 
b.1 2025-09-26 13:30:15.184 a 2025-09-26-13:30:12 222 251 271 2.4 6.0 8.5 8.3 30.1 725.4 0.00 0 0.0 14.8 23.9 23.4 3.634  -42.9   12.1   14.6  32   -4.2  14 0 0 1 1 1 0 8.7 32.7 8.7 32.9 80.0 100 100 28 433 0 337 0 231 232 232 2 3 2 60.0 50.0 AUTO 0 
b.1 2025-09-26 13:31:12.884 a 2025-09-26-13:31:10 223 252 267 1.4 6.1 9.0 8.4 29.1 725.4 0.00 0 0.0 14.6 22.6 23.4 3.634  -42.5   12.1   15.5  32   -4.3  14 0 0 1 2 1 0 8.7 32.3 8.7 32.6 80.0 100 100 28 433 0 323 0 232 232 232 2 3 2 60.0 50.0 AUTO 0 
b.1 2025-09-26 13:32:11.947 a 2025-09-26-13:32:09 223 252 294 1.0 5.7 8.6 8.4 29.1 725.4 0.00 0 0.0 14.6 22.6 23.4 3.634  -42.7   12.2   14.5  31   -4.3  14 0 0 1 1 1 0 8.7 31.7 8.7 32.0 80.0 100 100 28 433 0 323 0 231 232 232 2 3 2 60.0 50.0 AUTO 0 
b.1 2025-09-26 13:33:14.563 a 2025-09-26-13:33:11 149 249 271 0.3 5.9 8.4 8.4 29.1 725.5 0.00 0 0.0 14.6 22.6 23.4 3.633  -43.2   12.3   14.5  31   -4.3  14 0 0 1 1 1 0 8.7 31.2 8.7 31.4 80.0 100 100 28 433 0 327 0 231 231 232 2 3 2 60.0 50.0 AUTO 0 
b.1 2025-09-26 13:34:13.983 a 2025-09-26-13:34:11 190 253 296 1.4 5.7 8.7 8.5 28.3 725.5 0.00 0 0.0 14.8 23.3 23.4 3.634  -42.9   12.3   14.0  31   -4.4  14 0 0 1 1 1 0 8.7 30.8 8.8 30.9 80.0 100 100 28 433 0 326 0 231 232 232 2 3 2 59.9 50.0 AUTO 0 
b.1 2025-09-26 13:35:14.023 a 2025-09-26-13:35:11 099 249 320 0.4 5.3 8.5 8.5 28.8 725.5 0.00 0 0.0 14.7 23.3 23.4 3.634  -43.7   12.4   13.2  31   -4.4  14 0 0 1 1 1 0 8.8 30.6 8.8 30.7 80.0 100 100 28 433 0 331 0 232 232 232 2 3 2 60.0 50.0 AUTO 0 
b.1 2025-09-26 13:36:14.608 a 2025-09-26-13:36:11 199 253 277 1.7 6.1 8.5 8.5 28.8 725.5 0.00 0 0.0 14.8 23.6 23.4 3.634  -43.8   12.4   13.8  31   -4.4  14 0 0 1 1 2 0 8.8 30.4 8.8 30.6 80.0 100 100 28 432 0 332 0 231 232 232 2 3 1 60.0 50.0 AUTO_PARK 0 
b.1 2025-09-26 13:37:12.305 a 2025-09-26-13:37:09 195 252 279 1.6 5.7 8.2 8.6 28.5 725.4 0.00 0 0.0 14.8 23.7 23.4 3.634  -44.4   12.5   14.0  30   -4.4  14 0 0 1 1 2 0 8.8 30.4 8.9 30.6 80.0 100 100 28 432 0 318 0 231 231 232 2 3 2 59.9 50.0 AUTO_PARK 0 
b.1 2025-09-26 13:38:13.223 a 2025-09-26-13:38:10 105 252 271 0.4 5.9 8.1 8.6 28.5 725.4 0.00 0 0.0 14.8 23.8 23.4 3.633  -44.3   12.6   14.0  30   -4.4  14 0 0 1 1 2 0 8.8 30.5 8.9 30.7 80.0 100 100 28 433 0 322 0 231 232 232 2 3 2 59.9 50.0 AUTO_PARK 0 
b.1 2025-09-26 13:39:13.447 a 2025-09-26-13:39:10 198 254 289 1.1 5.9 8.3 8.6 27.1 725.4 0.00 0 0.0 14.8 23.6 23.4 3.634  -43.8   12.7   14.3  30   -4.4  14 0 0 1 1 2 0 8.9 30.1 8.9 30.3 80.0 100 100 28 432 0 336 0 232 232 232 2 3 1 59.9 50.0 AUTO_PARK 0 
b.1 2025-09-26 13:40:16.203 a 2025-09-26-13:40:13 212 255 285 1.4 5.5 8.2 8.6 28.0 725.4 0.00 0 0.0 14.8 23.3 23.4 3.633  -42.1   12.8   14.2  30   -4.4  14 0 0 1 1 2 0 8.9 30.3 8.9 30.5 80.0 100 100 28 433 0 317 0 231 232 232 2 3 2 59.9 50.0 AUTO_PARK 0 
b.1 2025-09-26 13:41:13.548 a 2025-09-26-13:41:10 071 258 336 1.0 4.9 7.7 8.6 29.5 725.4 0.00 0 0.0 14.7 23.3 23.4 3.633  -42.5   12.8   13.4  30   -4.4  14 0 0 1 1 2 0 8.9 30.5 8.9 30.6 80.0 100 100 28 432 0 337 0 231 232 232 2 3 1 59.9 50.0 AUTO_PARK 0 
b.1 2025-09-26 13:42:13.207 a 2025-09-26-13:42:10 226 257 274 2.3 5.6 8.2 8.6 29.1 725.5 0.00 0 0.0 14.7 23.3 23.4 3.633  -44.2   12.9   14.3  30   -4.3  14 0 0 1 1 2 0 8.9 30.2 8.9 30.5 80.0 100 100 28 432 0 321 0 231 232 232 2 3 2 59.9 50.0 AUTO_PARK 0 
b.1 2025-09-26 13:43:13.926 a 2025-09-26-13:43:11 221 258 274 1.4 5.9 8.6 8.5 29.2 725.5 0.00 0 0.0 14.6 22.6 23.4 3.633  -45.7   12.9   17.0  30   -4.3  14 0 0 1 2 2 0 8.9 31.0 8.9 31.2 80.0 100 100 28 432 0 330 0 232 232 232 2 3 2 59.9 50.0 AUTO_PARK 0 
b.1 2025-09-26 13:44:13.246 a 2025-09-26-13:44:10 230 258 272 1.4 6.2 8.4 8.5 31.3 725.4 0.00 0 0.0 14.7 23.3 23.4 3.633  -44.7   13.0   19.2  30   -4.2  14 0 0 1 2 2 0 8.9 31.8 8.9 32.0 80.0 100 100 28 432 0 336 0 231 232 232 2 3 2 60.0 50.0 AUTO_PARK 0 
b.1 2025-09-26 13:45:12.904 a 2025-09-26-13:45:10 105 260 303 0.8 5.0 8.9 8.3 33.4 725.4 0.00 0 0.0 14.9 23.9 23.4 3.634  -44.1   13.0   20.5  30   -4.1  14 0 0 1 2 2 0 8.9 33.7 8.9 33.9 80.0 100 100 28 432 0 337 0 231 232 232 2 3 1 59.9 50.0 AUTO_PARK 0 
b.1 2025-09-26 13:46:14.325 a 2025-09-26-13:46:11 123 258 289 0.4 4.9 7.6 8.1 34.1 725.4 0.00 0 0.0 14.7 23.3 23.4 3.633  -45.1   13.1   17.6  30   -3.9  14 0 0 1 2 2 0 8.8 34.7 8.8 35.0 80.0 100 100 28 432 0 325 0 231 232 232 2 3 1 59.9 50.0 AUTO_PARK 0 
b.1 2025-09-26 13:47:10.971 a 2025-09-26-13:47:08 177 259 280 1.1 6.3 8.7 8.0 36.5 725.4 0.00 0 0.0 14.5 22.6 23.4 3.635  -43.6   13.1   21.3  31   -3.8  19 0 0 1 2 2 0 8.8 35.7 8.8 36.1 80.0 100 100 28 433 0 330 0 232 232 232 2 3 2 60.0 50.0 AUTO_PARK 0 
b.1 2025-09-26 13:48:12.065 a 2025-09-26-13:48:09 224 257 290 0.7 5.1 8.5 7.9 36.4 725.4 0.00 0 0.0 14.8 24.2 24.5 3.627  -45.2   13.1   17.8  31   -3.6  15 0 0 1 2 2 0 8.8 37.1 8.7 37.4 80.0 100 100 28 432 0 337 0 231 232 232 2 3 2 59.9 50.0 AUTO_PARK 0 
b.1 2025-09-26 13:49:14.003 a 2025-09-26-13:49:11 003 256 115 0.5 4.5 7.9 7.9 35.9 725.4 0.00 0 0.0 14.8 23.7 23.4 3.633  -43.5   13.1   15.9  31   -3.6  15 0 0 1 2 2 0 8.8 37.2 8.7 37.6 80.0 100 100 28 432 0 337 0 232 232 232 2 3 1 60.0 50.0 AUTO_PARK 0 
b.1 2025-09-26 13:50:13.667 a 2025-09-26-13:50:10 219 252 269 0.8 5.7 8.2 7.8 36.8 725.4 0.00 0 0.0 14.9 23.7 23.4 3.633  -43.4   13.1   18.1  31   -3.6  15 0 0 1 2 2 0 8.7 37.4 8.7 37.8 80.0 100 100 28 432 0 337 0 231 231 232 2 3 1 59.9 50.0 AUTO_PARK 0 
b.1 2025-09-26 13:51:13.467 a 2025-09-26-13:51:10 214 253 275 2.0 6.0 8.0 7.6 38.0 725.4 0.00 0 0.0 14.6 22.6 23.4 3.633  -44.2   13.1   19.0  31   -3.5  15 0 0 1 2 2 0 8.7 37.9 8.7 38.3 80.0 100 100 28 432 0 326 0 231 232 232 2 3 2 60.0 50.0 AUTO_PARK 0 
b.1 2025-09-26 13:52:13.489 a 2025-09-26-13:52:10 224 255 273 2.4 5.6 7.7 7.6 38.5 725.4 0.00 0 0.0 14.7 23.2 23.4 3.633  -43.0   13.0   17.9  32   -3.4  15 0 0 1 2 2 0 8.7 38.8 8.6 39.3 80.0 100 100 28 433 0 327 0 231 232 232 2 3 2 60.0 50.0 AUTO_PARK 0 
b.1 2025-09-26 13:53:13.048 a 2025-09-26-13:53:10 224 257 284 1.5 5.4 7.9 7.6 38.8 725.4 0.00 0 0.0 14.7 23.2 23.4 3.633  -45.2   13.0   18.3  32   -3.4  15 0 0 1 2 2 0 8.6 39.4 8.6 39.9 80.0 100 100 28 432 0 332 0 231 232 232 2 3 2 60.0 50.0 AUTO_PARK 0 
b.1 2025-09-26 13:54:13.167 a 2025-09-26-13:54:10 198 252 267 0.7 6.2 8.5 7.6 39.1 725.4 0.00 0 0.0 14.8 23.7 23.4 3.633  -45.4   13.0   20.2  32   -3.3  15 0 0 1 2 2 0 8.6 40.3 8.6 40.7 80.0 100 100 28 433 0 320 0 232 232 232 2 3 2 60.0 50.0 AUTO_PARK 0 
b.1 2025-09-26 13:55:12.868 a 2025-09-26-13:55:10 189 251 285 1.1 5.5 8.4 7.6 39.1 725.4 0.00 0 0.0 14.7 23.3 23.4 3.634  -45.4   13.0   18.6  32   -3.2  15 0 0 1 2 2 0 8.6 40.1 8.6 40.6 80.0 100 100 28 432 0 337 0 231 232 232 2 3 2 59.9 50.0 AUTO_PARK 0 
b.1 2025-09-26 13:56:15.963 a 2025-09-26-13:56:13 225 255 280 1.4 5.4 8.3 7.4 39.1 725.3 0.00 0 0.0 14.8 23.3 23.4 3.635  -45.1   12.9   18.4  33   -3.1  15 0 0 1 2 2 0 8.6 40.2 8.6 40.6 80.0 100 100 28 433 0 331 0 231 232 232 2 3 2 60.0 50.0 AUTO_PARK 0 
b.1 2025-09-26 13:57:12.048 a 2025-09-26-13:57:09 225 252 267 1.5 5.8 7.9 7.5 39.7 725.3 0.00 0 0.0 14.8 23.7 23.4 3.633  -45.0   12.9   18.8  33   -3.1  15 0 0 1 2 2 0 8.6 40.5 8.5 41.0 80.0 100 100 28 432 0 337 0 231 232 232 2 3 2 59.9 50.0 AUTO_PARK 0 
b.1 2025-09-26 13:58:12.125 a 2025-09-26-13:58:09 209 249 266 2.0 6.0 8.0 7.5 39.7 725.3 0.00 0 0.0 14.6 22.6 23.4 3.633  -45.3   12.9   18.6  32   -3.2  15 0 0 1 2 2 0 8.6 40.8 8.6 41.2 80.0 100 100 28 432 0 337 0 232 232 232 2 3 2 60.0 50.0 AUTO_PARK 0 
b.1 2025-09-26 13:59:13.282 a 2025-09-26-13:59:10 210 252 273 1.5 5.3 8.0 7.5 39.9 725.3 0.00 0 0.0 14.5 22.6 23.4 3.633  -44.6   12.9   16.6  33   -3.1  15 0 0 1 2 2 0 8.5 41.2 8.5 41.6 80.0 100 100 28 432 0 335 0 232 232 232 2 3 1 60.0 50.0 AUTO_PARK 0 
b.1 2025-09-26 14:00:14.326 a 2025-09-26-14:00:11 227 252 268 3.1 6.0 7.8 7.3 39.9 725.3 0.00 0 0.0 14.7 23.3 23.4 3.633  -45.3   12.8   17.4  33   -3.1  15 0 0 1 2 2 0 8.5 41.3 8.5 41.8 80.0 100 100 28 432 0 321 0 232 232 232 2 3 2 59.9 50.0 AUTO_PARK 0 
b.1 2025-09-26 14:01:11.565 a 2025-09-26-14:01:08 219 254 269 0.9 6.0 7.9 7.3 40.5 725.3 0.00 0 0.0 14.8 23.3 23.4 3.634  -44.6   12.8   18.8  33   -3.0  15 0 0 1 2 2 0 8.5 41.7 8.5 42.1 80.0 100 100 28 432 0 330 0 232 232 232 2 3 2 59.9 50.0 AUTO_PARK 0 
b.1 2025-09-26 14:02:13.868 a 2025-09-26-14:02:11 122 252 275 1.2 5.3 8.1 7.3 40.7 725.3 0.00 0 0.0 14.6 22.6 23.4 3.634  -45.1   12.8   16.9  33   -3.0  15 0 0 1 2 2 0 8.5 41.9 8.5 42.3 80.0 100 100 28 432 0 335 0 232 232 232 2 3 2 59.9 50.0 AUTO_PARK 0 
b.1 2025-09-26 14:03:12.368 a 2025-09-26-14:03:09 093 253 271 0.3 5.5 8.5 7.2 40.7 725.3 0.00 0 0.0 14.8 23.7 23.4 3.633  -44.7   12.8   16.5  34   -2.8   5 0 0 1 2 2 0 8.5 42.0 8.5 42.5 80.0 100 100 28 432 0 337 0 231 232 232 2 3 2 59.9 50.0 AUTO_PARK 0 
b.1 2025-09-26 14:04:12.407 a 2025-09-26-14:04:09 232 256 280 1.6 6.5 8.6 7.2 40.5 725.3 0.00 0 0.0 14.7 23.2 23.4 3.633  -44.7   12.8   19.6  34   -2.8   9 0 0 1 2 2 0 8.5 42.1 8.5 42.6 80.0 100 100 28 431 0 336 0 231 232 232 2 3 2 59.9 50.0 AUTO_PARK 0 
b.1 2025-09-26 14:05:15.552 a 2025-09-26-14:05:12 207 252 275 1.5 6.1 8.0 7.2 40.5 725.3 0.00 0 0.0 14.4 22.6 23.4 3.634  -44.2   12.8   20.5  34   -2.9  17 0 0 1 2 2 0 8.5 42.4 8.4 42.9 80.0 100 100 28 432 0 337 0 232 232 232 2 3 2 59.9 50.0 AUTO_PARK 0 
b.1 2025-09-26 14:06:14.164 a 2025-09-26-14:06:11 209 250 274 0.5 5.2 7.6 7.2 41.5 725.3 0.00 0 0.0 14.6 22.6 23.4 3.633  -44.1   12.8   17.0  34   -2.9  15 0 0 1 2 2 0 8.5 42.7 8.4 43.2 80.0 100 100 28 433 0 325 0 232 232 232 2 3 2 59.9 50.0 AUTO_PARK 0 
b.1 2025-09-26 14:07:11.026 a 2025-09-26-14:07:08 215 251 267 1.6 6.0 8.1 7.1 41.5 725.3 0.00 0 0.0 14.8 23.7 23.4 3.633  -44.2   12.8   18.4  34   -2.8  15 0 0 1 2 2 0 8.4 42.8 8.4 43.4 80.0 100 100 28 431 0 335 0 231 232 232 2 3 2 59.9 50.0 AUTO_PARK 0 
b.1 2025-09-26 14:08:12.411 a 2025-09-26-14:08:09 211 248 269 3.0 6.1 8.0 7.1 42.2 725.3 0.00 0 0.0 14.6 22.6 23.4 3.633  -44.7   12.7   19.2  34   -2.8  15 0 0 1 2 2 0 8.4 43.1 8.4 43.6 80.0 100 100 28 433 0 322 0 231 232 232 2 3 2 59.9 50.0 AUTO_PARK 0 
b.1 2025-09-26 14:09:13.785 a 2025-09-26-14:09:11 225 250 276 1.5 5.9 8.2 7.1 42.4 725.3 0.00 0 0.0 14.6 22.6 23.4 3.633  -44.7   12.7   19.2  34   -2.8  15 0 0 1 2 2 0 8.4 43.3 8.4 43.8 80.0 100 100 28 431 0 334 0 232 232 232 2 3 2 59.9 50.0 AUTO_PARK 0 
b.1 2025-09-26 14:10:14.005 a 2025-09-26-14:10:11 227 250 271 2.3 5.7 8.0 7.1 43.0 725.3 0.00 0 0.0 14.7 23.4 23.4 3.633  -44.3   12.7   17.2  34   -2.8  15 0 0 1 2 2 0 8.4 43.6 8.4 44.1 80.0 100 100 28 432 0 330 0 231 231 232 2 3 2 59.9 50.0 AUTO_PARK 0 
b.1 2025-09-26 14:11:11.628 a 2025-09-26-14:11:08 228 249 268 3.3 5.9 8.0 7.0 43.7 725.3 0.00 0 0.0 14.8 23.7 23.4 3.634  -43.9   12.7   18.0  34   -2.8  15 0 0 1 2 2 0 8.4 44.2 8.4 44.7 80.0 100 100 28 432 0 333 0 231 232 232 2 3 2 59.9 50.0 AUTO_PARK 0 
b.1 2025-09-26 14:12:12.769 a 2025-09-26-14:12:10 222 249 267 1.9 6.0 7.6 7.0 44.3 725.3 0.00 0 0.0 14.7 23.3 23.4 3.633  -45.2   12.7   18.5  34   -2.8  15 0 0 1 2 2 0 8.4 44.7 8.3 45.1 80.0 100 100 28 432 0 337 0 231 232 232 2 3 1 60.0 50.0 AUTO_PARK 0 
b.1 2025-09-26 14:13:12.990 a 2025-09-26-14:13:10 217 252 354 0.9 5.5 8.2 7.0 44.7 725.3 0.00 0 0.0 14.6 23.3 23.4 3.634  -45.7   12.7   17.5  34   -2.6  15 0 0 1 2 2 0 8.4 45.0 8.3 45.5 80.0 100 100 28 432 0 337 0 231 232 232 2 3 2 60.0 50.0 AUTO_PARK 0 
b.1 2025-09-26 14:14:14.367 a 2025-09-26-14:14:11 181 249 267 1.7 5.8 7.6 7.0 44.7 725.3 0.00 0 0.0 14.6 22.7 23.4 3.634  -44.6   12.7   17.9  34   -2.6  15 0 0 1 2 2 0 8.3 45.2 8.3 45.8 80.0 100 100 28 433 0 317 0 232 232 232 2 3 2 59.9 50.0 AUTO_PARK 0 
b.1 2025-09-26 14:15:14.572 a 2025-09-26-14:15:11 181 250 269 1.5 5.6 8.2 6.9 44.9 725.3 0.00 0 0.0 14.6 22.6 23.4 3.634  -44.6   12.6   16.9  35   -2.6  15 0 0 1 2 2 0 8.3 45.6 8.3 46.2 80.0 100 100 28 432 0 337 0 231 231 232 2 3 2 60.0 50.0 AUTO_PARK 0 
b.1 2025-09-26 14:16:12.747 a 2025-09-26-14:16:10 220 247 272 1.6 5.8 8.1 6.9 45.2 725.3 0.00 0 0.0 14.6 23.3 23.4 3.633  -44.3   12.6   16.9  35   -2.5  15 0 0 1 2 2 0 8.3 45.8 8.3 46.3 80.0 100 100 28 433 0 326 0 231 231 232 2 3 1 59.9 50.0 AUTO_PARK 0 
b.1 2025-09-26 14:17:13.249 a 2025-09-26-14:17:10 221 249 274 1.2 5.4 7.8 6.9 45.1 725.3 0.00 0 0.0 14.6 22.6 23.4 3.633  -44.3   12.6   16.7  35   -2.5  15 0 0 1 2 2 0 8.3 45.8 8.2 46.4 80.0 100 100 28 432 0 332 0 231 232 232 2 3 1 60.0 50.0 AUTO_PARK 0 
b.1 2025-09-26 14:18:11.828 a 2025-09-26-14:18:09 217 249 266 1.2 5.6 7.7 6.7 46.2 725.3 0.00 0 0.0 14.6 22.6 23.4 3.634  -44.2   12.6   16.7  35   -2.4  15 0 0 1 2 2 0 8.3 46.0 8.2 46.6 80.0 100 100 28 432 0 337 0 232 232 232 2 3 1 60.0 50.0 AUTO_PARK 0 
b.1 2025-09-26 14:19:12.469 a 2025-09-26-14:19:09 231 252 270 2.7 6.2 8.3 6.8 46.0 725.4 0.00 0 0.0 14.7 23.3 23.4 3.633  -45.3   12.6   17.5  35   -2.4  15 0 0 1 2 2 0 8.3 46.3 8.2 46.8 80.0 100 100 28 433 0 322 0 231 231 232 2 3 2 60.0 50.0 AUTO_PARK 0 
b.1 2025-09-26 14:20:15.430 a 2025-09-26-14:20:12 136 249 277 0.8 5.7 7.6 6.8 45.6 725.4 0.00 0 0.0 14.8 23.6 23.4 3.634  -44.0   12.5   17.3  35   -2.3  15 0 0 1 2 2 0 8.2 46.4 8.2 46.9 80.0 100 100 28 431 0 335 0 231 232 232 2 3 1 60.0 50.0 AUTO_PARK 0 
b.1 2025-09-26 14:21:12.111 a 2025-09-26-14:21:09 223 248 267 2.3 5.4 7.5 6.8 46.0 725.4 0.00 0 0.0 14.9 23.7 23.4 3.633  -44.0   12.5   16.0  35   -2.4  15 0 0 1 2 2 0 8.2 46.4 8.2 47.0 80.0 100 100 28 433 0 327 0 232 232 232 2 3 2 60.0 50.0 AUTO_PARK 0 
b.1 2025-09-26 14:22:13.487 a 2025-09-26-14:22:10 229 246 264 3.9 6.6 8.2 6.7 45.8 725.3 0.00 0 0.0 14.5 22.6 23.4 3.633  -44.2   12.5   20.2  35   -2.4  15 0 0 1 2 2 0 8.2 46.6 8.2 47.1 80.0 100 100 28 432 0 336 0 231 231 232 2 3 2 60.0 50.0 AUTO_PARK 0 
b.1 2025-09-26 14:23:11.332 a 2025-09-26-14:23:08 227 246 265 3.2 6.5 8.3 6.8 45.9 725.4 0.00 0 0.0 14.6 22.7 23.4 3.634  -44.9   12.5   21.2  35   -2.4  15 0 0 1 2 2 0 8.2 46.1 8.2 46.7 80.0 100 100 28 432 0 337 0 232 232 232 2 3 2 60.0 50.0 AUTO_PARK 0 
b.1 2025-09-26 14:24:14.127 a 2025-09-26-14:24:11 218 243 262 3.5 6.3 8.1 6.8 46.4 725.3 0.00 0 0.0 14.8 23.6 23.4 3.634  -44.9   12.5   21.2  35   -2.4  15 0 0 1 2 2 0 8.2 46.8 8.2 47.2 80.0 100 100 28 433 0 329 0 231 232 232 2 3 2 59.9 50.0 AUTO_PARK 0 
b.1 2025-09-26 14:25:15.467 a 2025-09-26-14:25:12 218 242 259 4.9 6.6 7.7 6.8 46.8 725.3 0.00 0 0.0 14.8 23.3 23.4 3.633  -44.5   12.5   22.5  35   -2.3  15 0 0 1 2 2 0 8.2 47.5 8.2 47.9 80.0 100 100 28 433 0 318 0 232 232 232 2 3 2 60.0 50.0 AUTO_PARK 0 
b.1 2025-09-26 14:26:12.634 a 2025-09-26-14:26:09 220 238 253 4.3 6.2 7.5 6.7 46.4 725.3 0.00 0 0.0 14.6 22.6 23.4 3.634  -44.5   12.5   21.9  36   -2.2  19 0 0 1 2 2 0 8.2 47.4 8.2 47.9 80.0 100 100 28 432 0 336 0 232 232 232 2 3 2 60.0 50.0 AUTO_PARK 0 
b.1 2025-09-26 14:27:12.569 a 2025-09-26-14:27:09 226 244 270 4.2 6.1 7.9 6.6 46.6 725.3 0.00 0 0.0 14.6 22.6 23.4 3.634  -44.0   12.6   21.7  36   -2.2  16 0 0 1 2 2 0 8.1 47.5 8.2 47.9 80.0 100 100 28 433 0 328 0 231 232 232 2 3 2 60.0 50.0 AUTO_PARK 0 
b.1 2025-09-26 14:28:15.009 a 2025-09-26-14:28:12 223 244 270 2.2 5.8 7.1 6.6 46.3 725.3 0.00 0 0.0 14.6 22.6 23.4 3.634  -45.3   12.6   19.8  36   -2.1  16 0 0 1 2 2 0 8.2 46.9 8.2 47.4 80.0 100 100 28 433 0 334 0 231 232 232 2 3 2 60.0 50.0 AUTO_PARK 0 
b.1 2025-09-26 14:29:11.089 a 2025-09-26-14:29:08 222 248 270 3.2 5.9 7.9 6.6 46.3 725.3 0.00 0 0.0 14.7 23.3 23.4 3.634  -44.9   12.7   19.5  36   -2.1  16 0 0 1 2 2 0 8.2 46.9 8.2 47.4 80.0 100 100 28 432 0 327 0 231 232 232 2 3 2 60.0 50.0 AUTO_PARK 0 
b.1 2025-09-26 14:30:13.671 a 2025-09-26-14:30:10 229 249 272 3.6 5.9 7.7 6.6 40.9 725.3 0.00 0 0.0 14.7 23.3 23.4 3.633  -44.4   12.7   17.6  36   -2.1  16 0 0 1 2 2 0 8.2 45.6 8.2 46.2 80.0 100 100 28 432 0 322 0 231 232 232 2 3 2 60.0 50.0 AUTO_PARK 0 
b.1 2025-09-26 14:31:12.676 a 2025-09-26-14:31:09 230 250 272 3.5 5.6 7.4 6.6 42.6 725.4 0.00 0 0.0 14.7 23.3 23.4 3.633  -44.5   12.7   15.9  35   -2.2  16 0 0 1 2 2 0 8.2 44.3 8.2 44.8 80.0 100 100 28 432 0 337 0 231 231 232 2 3 1 60.0 50.0 AUTO_PARK 0 
b.1 2025-09-26 14:32:09.451 a 2025-09-26-14:32:06 230 251 268 1.7 5.9 7.7 6.8 37.1 725.4 0.00 0 0.0 14.7 23.3 23.4 3.633  -44.5   12.7   16.4  35   -2.3  16 0 0 1 2 2 0 8.2 42.6 8.2 43.1 80.0 100 100 28 432 0 327 0 231 232 232 2 3 2 60.0 50.0 AUTO_PARK 0 
b.1 2025-09-26 14:33:14.075 a 2025-09-26-14:33:11 221 251 267 2.1 5.8 8.2 6.8 41.5 725.4 0.00 0 0.0 14.7 23.2 23.4 3.633  -42.9   12.7   16.5  35   -2.3  10 0 0 1 2 2 0 8.3 41.3 8.2 41.8 80.0 100 100 28 432 0 325 0 232 231 232 2 3 2 60.0 50.0 AUTO_PARK 0 
b.1 2025-09-26 14:34:13.869 a 2025-09-26-14:34:11 209 248 273 1.2 5.6 7.9 6.9 38.5 725.4 0.00 0 0.0 14.6 23.2 23.4 3.633  -43.8   12.8   16.6  35   -2.4  15 0 0 1 2 2 0 8.3 40.8 8.3 41.3 80.0 100 100 28 432 0 335 0 231 232 232 2 3 2 60.0 50.0 AUTO_PARK 0 
b.1 2025-09-26 14:35:14.171 a 2025-09-26-14:35:11 219 247 269 2.3 5.5 7.6 7.0 40.4 725.4 0.00 0 0.0 14.7 23.3 23.4 3.633  -44.1   12.8   15.5  35   -2.4  14 0 0 1 2 2 0 8.3 41.8 8.3 42.1 80.0 100 100 28 432 0 335 0 231 231 232 2 3 2 60.0 50.0 AUTO_PARK 0 
b.1 2025-09-26 14:36:13.351 a 2025-09-26-14:36:10 211 251 269 2.9 6.1 8.6 7.0 40.4 725.4 0.00 0 0.0 14.6 22.6 23.4 3.633  -45.5   12.8   17.2  34   -2.5  15 0 0 1 2 2 0 8.3 41.5 8.3 42.1 80.0 100 100 28 432 0 337 0 231 232 232 2 3 2 60.0 50.0 AUTO_PARK 0 
b.1 2025-09-26 14:37:14.209 a 2025-09-26-14:37:11 184 249 278 0.8 5.5 7.8 7.1 38.3 725.4 0.00 0 0.0 14.6 22.6 23.4 3.635  -44.2   12.8   17.0  34   -2.4  15 0 0 1 2 2 0 8.3 40.8 8.3 40.9 80.0 100 100 28 432 0 334 0 232 232 232 2 3 2 60.0 50.0 AUTO_PARK 0 
b.1 2025-09-26 14:38:11.732 a 2025-09-26-14:38:08 182 248 278 2.2 6.0 8.2 7.1 38.6 725.4 0.00 0 0.0 14.6 22.7 23.4 3.633  -44.8   12.9   18.0  34   -2.4  15 0 0 1 2 2 0 8.3 40.8 8.3 41.4 80.0 100 100 28 432 0 337 0 232 232 232 2 3 1 60.0 50.0 AUTO_PARK 0 
b.1 2025-09-26 14:39:10.734 a 2025-09-26-14:39:08 218 249 273 2.6 6.0 8.9 7.0 37.9 725.4 0.00 0 0.0 14.7 23.3 23.4 3.634  -44.5   12.9   17.7  34   -2.5  15 0 0 1 2 2 0 8.3 39.4 8.3 39.9 80.0 100 100 28 432 0 318 0 231 232 232 2 3 1 60.0 50.0 AUTO_PARK 0 
b.1 2025-09-26 14:40:14.130 a 2025-09-26-14:40:11 230 248 270 1.8 6.3 8.5 7.0 38.9 725.4 0.00 0 0.0 14.7 23.3 23.4 3.633  -44.5   12.9   19.2  34   -2.6  15 0 0 1 2 2 0 8.3 39.5 8.3 39.9 80.0 100 100 28 432 0 320 0 231 231 232 2 3 1 60.0 50.0 AUTO_PARK 0 
b.1 2025-09-26 14:41:11.335 a 2025-09-26-14:41:08 216 249 271 1.8 5.6 7.8 7.2 35.7 725.4 0.00 0 0.0 14.7 22.6 23.4 3.634  -45.6   12.9   17.3  34   -2.6  15 0 0 1 2 2 0 8.3 38.7 8.3 39.3 80.0 100 100 28 433 0 320 0 231 231 232 2 3 2 60.0 50.0 AUTO_PARK 0 
b.1 2025-09-26 14:42:13.369 a 2025-09-26-14:42:10 231 249 269 2.4 6.4 8.4 7.2 34.2 725.4 0.00 0 0.0 14.7 22.6 23.4 3.633  -45.6   12.9   18.3  34   -2.7  15 0 0 1 2 2 0 8.3 38.2 8.3 38.6 80.0 100 100 28 432 0 336 0 232 232 232 2 3 2 60.0 50.0 AUTO_PARK 0 
b.1 2025-09-26 14:43:11.953 a 2025-09-26-14:43:09 151 247 282 1.1 6.0 8.4 7.2 36.8 725.4 0.00 0 0.0 14.7 23.3 23.4 3.634  -45.2   12.9   18.4  33   -2.7  15 0 0 1 2 2 0 8.3 38.2 8.3 38.6 80.0 100 100 28 433 0 323 0 232 232 232 2 3 2 60.0 50.0 AUTO_PARK 0 
b.1 2025-09-26 14:44:14.532 a 2025-09-26-14:44:11 224 249 265 2.1 6.5 9.0 7.1 35.7 725.4 0.00 0 0.0 14.8 23.9 23.4 3.633  -45.6   12.9   19.4  33   -2.9  15 0 0 1 2 2 0 8.4 37.1 8.3 37.6 80.0 100 100 28 431 0 337 0 231 232 232 2 3 2 60.0 50.0 AUTO_PARK 0 
b.1 2025-09-26 14:45:14.555 a 2025-09-26-14:45:11 098 247 269 0.8 5.4 8.5 7.2 38.1 725.4 0.00 0 0.0 14.7 23.7 23.4 3.634  -44.0   12.9   16.1  33   -2.9  15 0 0 1 2 2 0 8.4 37.3 8.3 37.7 80.0 100 100 28 432 0 337 0 232 232 232 2 3 1 59.9 50.0 AUTO_PARK 0 
b.1 2025-09-26 14:46:13.434 a 2025-09-26-14:46:10 007 251 218 0.8 6.2 8.8 7.2 35.6 725.4 0.00 0 0.0 14.9 23.9 23.4 3.633  -42.5   13.0   16.3  33   -3.0  15 0 0 1 2 2 0 8.4 36.7 8.4 37.1 80.0 100 100 28 432 0 331 0 231 232 232 2 3 2 60.0 50.0 AUTO_PARK 0 
b.1 2025-09-26 14:47:12.052 a 2025-09-26-14:47:09 194 249 288 1.0 5.9 8.8 7.3 35.6 725.4 0.00 0 0.0 14.6 23.2 23.4 3.633  -44.8   13.0   15.5  33   -3.0  15 0 0 1 2 2 0 8.4 36.0 8.4 36.2 80.0 100 100 28 432 0 333 0 231 231 232 2 3 2 60.0 50.0 AUTO_PARK 0 
b.1 2025-09-26 14:48:13.851 a 2025-09-26-14:48:11 145 248 274 1.3 5.6 8.6 7.4 33.6 725.5 0.00 0 0.0 14.6 22.6 23.4 3.634  -42.7   13.0   14.9  32   -3.1  15 0 0 1 1 2 0 8.5 35.1 8.4 35.5 80.0 100 100 28 433 0 319 0 232 232 232 2 3 1 60.0 50.0 AUTO_PARK 0 
b.1 2025-09-26 14:49:11.713 a 2025-09-26-14:49:08 215 248 274 1.5 5.7 8.6 7.5 34.8 725.5 0.00 0 0.0 14.6 22.6 23.4 3.633  -43.6   13.0   15.3  32   -3.1  15 0 0 1 2 2 0 8.5 35.5 8.5 35.7 80.0 100 100 28 432 0 329 0 231 231 232 2 3 1 60.0 50.0 AUTO_PARK 0 
b.1 2025-09-26 14:50:13.494 a 2025-09-26-14:50:10 158 251 353 0.3 5.4 8.1 7.5 34.8 725.5 0.00 0 0.0 14.7 23.3 23.4 3.634  -42.6   13.1   13.6  32   -3.1   5 0 0 1 1 2 0 8.5 35.7 8.5 36.0 80.0 100 100 28 432 0 324 0 232 232 232 2 3 1 59.9 50.0 AUTO_PARK 0 
b.1 2025-09-26 14:51:13.252 a 2025-09-26-14:51:10 188 252 341 0.4 5.5 8.6 7.6 33.7 725.5 0.00 0 0.0 14.8 23.9 23.4 3.634  -43.2   13.1   13.5  32   -3.2  13 0 0 1 1 2 0 8.5 35.1 8.5 35.4 80.0 100 100 28 432 0 331 0 232 232 232 2 3 1 59.9 50.0 AUTO_PARK 0 
b.1 2025-09-26 14:52:13.930 a 2025-09-26-14:52:11 221 248 280 1.5 5.7 8.5 7.6 34.0 725.5 0.00 0 0.0 14.9 23.9 23.4 3.634  -43.6   13.1   13.9  32   -3.2  15 0 0 1 1 2 0 8.6 34.7 8.5 35.1 80.0 100 100 28 432 0 331 0 231 231 232 2 3 2 59.9 50.0 AUTO_PARK 0 
b.1 2025-09-26 14:53:12.956 a 2025-09-26-14:53:10 205 251 285 0.6 5.3 8.5 7.6 32.6 725.5 0.00 0 0.0 14.7 23.3 23.4 3.633  -42.4   13.2   12.6  32   -3.2  15 0 0 1 1 2 0 8.6 35.1 8.6 35.3 80.0 100 100 28 433 0 319 0 231 232 232 2 3 1 59.9 50.0 AUTO_PARK 0 
b.1 2025-09-26 14:54:13.832 a 2025-09-26-14:54:11 120 248 290 0.6 5.7 7.8 7.6 34.5 725.5 0.00 0 0.0 14.6 22.6 23.4 3.633  -42.8   13.2   14.2  32   -3.2  15 0 0 1 1 2 0 8.6 34.8 8.6 35.1 80.0 100 100 28 432 0 320 0 231 232 232 2 3 1 60.0 50.0 AUTO_PARK 0 
b.1 2025-09-26 14:55:15.471 a 2025-09-26-14:55:12 003 250 217 1.4 5.2 7.8 7.6 33.4 725.4 0.00 0 0.0 14.6 22.6 23.4 3.634  -43.8   13.3   12.5  32   -3.2  15 0 0 1 1 2 0 8.6 35.0 8.6 35.2 80.0 100 100 28 432 0 327 0 232 232 232 2 3 2 60.0 50.0 AUTO_PARK 0 
b.1 2025-09-26 14:56:13.776 a 2025-09-26-14:56:11 193 247 275 1.8 5.9 9.0 7.7 33.6 725.5 0.00 0 0.0 14.8 23.7 23.4 3.633  -44.9   13.3   14.4  32   -3.2  15 0 0 1 1 2 0 8.6 35.1 8.6 35.3 80.0 100 100 28 432 0 331 0 231 232 232 2 3 2 60.0 50.0 AUTO_PARK 0 
b.1 2025-09-26 14:57:11.115 a 2025-09-26-14:57:08 219 248 269 1.4 5.6 8.5 7.8 33.1 725.5 0.00 0 0.0 14.9 23.9 23.4 3.634  -44.1   13.3   14.1  32   -3.2  15 0 0 1 1 2 0 8.6 35.0 8.6 35.2 80.0 100 100 28 432 0 318 0 231 232 232 2 3 2 60.0 50.0 AUTO_PARK 0 
b.1 2025-09-26 14:58:13.415 a 2025-09-26-14:58:10 215 251 307 1.3 5.7 8.4 7.8 34.4 725.5 0.00 0 0.0 15.0 24.0 24.5 3.629  -41.8   13.3   13.6  31   -3.2  15 0 0 1 1 2 0 8.6 35.0 8.7 35.2 80.0 100 100 28 433 0 328 0 231 232 232 2 3 1 60.0 50.0 AUTO_PARK 0 
b.1 2025-09-26 14:59:12.095 a 2025-09-26-14:59:09 207 242 269 2.0 5.0 7.0 7.7 33.9 725.4 0.00 0 0.0 14.5 22.6 23.4 3.633  -43.9   13.4   12.7  32   -3.1  15 0 0 1 1 2 0 8.7 35.2 8.7 35.5 80.0 100 100 28 432 0 318 0 232 232 232 2 3 1 60.0 50.0 AUTO_PARK 0 
b.1 2025-09-26 15:00:15.473 a 2025-09-26-15:00:12 140 249 279 1.4 5.1 7.3 7.7 34.2 725.5 0.00 0 0.0 14.5 22.6 23.4 3.633  -44.2   13.4   12.9  31   -3.1  15 0 0 1 1 2 0 8.7 35.0 8.7 35.3 80.0 100 100 28 431 0 330 0 231 231 232 2 3 2 60.0 50.0 WAIT_ACK 0 
b.1 2025-09-26 15:01:12.160 a 2025-09-26-15:01:09 197 251 325 0.5 4.7 7.0 7.7 34.3 725.5 0.00 0 0.0 14.9 24.1 24.5 3.634  -44.0   13.5   11.4  31   -3.1  15 0 0 1 1 2 0 8.7 35.1 8.7 35.4 80.0 100 100 28 432 0 334 0 231 232 232 2 3 1 60.0 50.0 WAIT_ACK 0 
b.1 2025-09-26 15:02:12.380 a 2025-09-26-15:02:09 138 250 344 0.8 4.4 7.5 7.7 34.4 725.5 0.00 0 0.0 15.0 24.2 24.4 3.633  -43.5   13.5   10.4  31   -3.1   5 0 0 1 1 2 0 8.7 35.2 8.7 35.5 80.0 100 100 28 433 0 323 0 232 232 232 2 3 1 60.0 50.0 WAIT_ACK 0 
b.1 2025-09-26 15:03:13.240 a 2025-09-26-15:03:10 223 251 278 1.5 5.8 7.8 7.7 35.5 725.5 0.00 0 0.0 14.5 22.6 23.4 3.633  -43.8   13.5   13.2  31   -3.1  14 0 0 1 1 2 0 8.7 35.6 8.8 35.9 80.0 100 100 28 432 0 328 0 232 232 232 2 3 2 60.0 50.0 WAIT_ACK 0 
b.1 2025-09-26 15:04:13.956 a 2025-09-26-15:04:11 136 247 273 0.4 4.7 8.5 7.7 34.7 725.5 0.00 0 0.0 14.7 23.3 23.4 3.634  -42.4   13.6   11.4  31   -3.0  13 0 0 1 1 2 0 8.8 35.9 8.8 36.2 80.0 100 100 28 433 0 329 0 232 232 232 2 3 1 60.0 50.0 WAIT_ACK 0 
b.1 2025-09-26 15:05:15.834 a 2025-09-26-15:05:12 137 251 283 0.7 4.5 7.5 7.7 33.9 725.6 0.00 0 0.0 14.9 24.0 23.4 3.633  -45.8   13.6   11.6  31   -3.0  13 0 0 1 1 2 0 8.8 35.7 8.8 36.0 80.0 100 100 28 433 0 332 0 231 232 232 2 3 2 60.0 50.0 WAIT_ACK 0 
b.1 2025-09-26 15:06:12.694 a 2025-09-26-15:06:09 125 247 279 0.4 4.3 6.7 7.8 35.1 725.6 0.00 0 0.0 15.1 24.1 24.5 3.628  -41.7   13.7   10.3  31   -3.0  13 0 0 1 1 2 0 8.8 35.9 8.8 36.2 80.0 100 100 28 432 0 318 0 231 232 232 2 3 1 60.0 50.0 WAIT_ACK 0 
b.1 2025-09-26 15:07:11.558 a 2025-09-26-15:07:08 162 252 341 0.2 4.2 6.8 7.8 35.8 725.6 0.00 0 0.0 14.8 23.3 23.4 3.633  -41.5   13.7    9.7  31   -2.9  13 0 0 1 1 2 0 8.8 36.3 8.8 36.6 80.0 100 100 28 432 0 322 0 231 232 232 2 3 2 60.0 50.0 WAIT_ACK 0 
b.1 2025-09-26 15:08:14.137 a 2025-09-26-15:08:11 110 249 288 0.3 3.5 6.5 7.8 35.3 725.6 0.00 0 0.0 14.6 22.6 23.4 3.635  -40.7   13.8    7.3  31   -2.9  13 0 0 1 1 2 0 8.8 36.3 8.8 36.6 80.0 100 100 28 433 0 327 0 231 232 232 2 3 1 60.0 50.0 WAIT_ACK 0 
b.1 2025-09-26 15:09:14.220 a 2025-09-26-15:09:11 179 249 271 1.0 4.5 8.3 7.8 35.6 725.5 0.00 0 0.0 14.6 22.6 23.4 3.634  -42.9   13.8    8.9  31   -2.9  10 0 0 1 1 2 0 8.8 36.4 8.8 36.7 80.0 100 100 28 432 0 335 0 231 232 232 2 3 2 60.0 50.0 WAIT_ACK 0 
b.1 2025-09-26 15:10:14.295 a 2025-09-26-15:10:11 013 253 105 0.3 3.3 7.8 7.9 35.4 725.6 0.00 0 0.0 14.9 24.1 24.4 3.628  -40.8   13.8    7.1  31   -2.8  12 0 0 1 1 2 0 8.9 36.6 8.9 36.9 80.0 100 100 28 432 0 328 0 231 231 232 2 3 2 60.0 50.0 WAIT_ACK 0 
b.1 2025-09-26 15:11:11.476 a 2025-09-26-15:11:08 073 265 287 0.1 3.1 5.9 7.9 37.0 725.6 0.00 0 0.0 15.1 24.1 24.5 3.628  -40.9   13.8    6.1  32   -2.7  12 0 0 1 1 2 0 8.9 37.1 8.9 37.4 80.0 100 100 28 433 0 337 0 231 232 232 2 3 2 60.0 50.0 WAIT_ACK 0 
b.1 2025-09-26 15:12:14.576 a 2025-09-26-15:12:11 185 246 271 1.0 3.9 5.8 7.9 38.6 725.6 0.00 0 0.0 15.0 24.0 23.4 3.633  -41.0   13.9    6.8  32   -2.6  12 0 0 1 1 2 0 8.9 38.3 8.9 38.3 80.0 100 100 28 433 0 332 0 231 231 232 2 3 2 60.0 50.0 WAIT_ACK 0 
b.1 2025-09-26 15:13:14.098 a 2025-09-26-15:13:11 069 261 289 0.6 4.2 7.7 7.9 38.3 725.6 0.00 0 0.0 14.9 24.0 24.4 3.627  -42.4   13.9    8.8  32   -2.4  12 0 0 1 1 2 0 8.9 38.9 8.9 39.2 80.0 100 100 28 432 0 334 0 231 231 232 2 3 2 60.0 50.0 WAIT_ACK 0 
b.1 2025-09-26 15:14:13.720 a 2025-09-26-15:14:10 143 249 282 0.6 4.1 6.1 7.9 37.5 725.6 0.00 0 0.0 15.0 24.0 24.5 3.627  -42.1   14.0    8.3  32   -2.4  12 0 0 1 1 2 0 8.9 38.8 8.9 39.2 80.0 100 100 28 432 0 328 0 231 232 232 2 3 1 60.0 50.0 WAIT_ACK 0 
b.1 2025-09-26 15:15:13.237 a 2025-09-26-15:15:10 176 250 353 0.3 3.8 6.9 7.8 38.6 725.6 0.00 0 0.0 14.8 23.3 23.4 3.634  -40.4   14.0    8.0  32   -2.4  12 0 0 1 1 2 0 8.9 39.0 9.0 39.3 80.0 100 100 28 431 0 320 0 232 232 232 2 3 1 60.0 50.0 WAIT_ACK 0 
b.1 2025-09-26 15:16:13.494 a 2025-09-26-15:16:10 092 253 267 0.4 3.5 5.5 7.9 38.6 725.6 0.00 0 0.0 14.7 23.3 23.4 3.634  -41.8   14.1    7.0  32   -2.3  12 0 0 1 1 2 0 9.0 39.1 9.0 39.5 80.0 100 100 28 433 0 337 0 231 232 232 2 3 2 60.0 50.0 WAIT_ACK 0 
b.1 2025-09-26 15:17:11.756 a 2025-09-26-15:17:08 140 259 335 0.2 3.7 7.1 7.9 37.6 725.6 0.00 0 0.0 15.0 24.1 24.5 3.634  -42.3   14.1    6.6  32   -2.3  12 0 0 1 1 2 0 9.0 38.9 9.0 39.2 80.0 100 100 28 432 0 331 0 232 231 232 2 3 1 60.0 50.0 WAIT_ACK 0 
b.1 2025-09-26 15:18:12.296 a 2025-09-26-15:18:09 108 238 280 0.2 2.6 4.8 7.9 39.3 725.6 0.00 0 0.0 15.0 24.1 24.5 3.627  -43.5   14.2    5.3  32   -2.2   0 0 0 1 1 2 0 9.0 39.0 9.0 39.4 80.0 100 100 28 432 0 318 0 232 231 232 2 3 1 60.0 50.0 WAIT_ACK 0 
b.1 2025-09-26 15:19:13.119 a 2025-09-26-15:19:10 006 246 197 0.6 4.2 6.6 8.0 38.6 725.6 0.00 0 0.0 14.6 22.6 23.4 3.633  -45.1   14.2    7.6  32   -2.1  12 0 0 1 1 2 0 9.0 39.5 9.0 39.8 80.0 100 100 28 431 0 331 0 231 232 232 2 3 1 60.0 50.0 WAIT_ACK 0 
b.1 2025-09-26 15:20:14.532 a 2025-09-26-15:20:11 219 256 310 0.9 4.4 6.9 7.9 39.6 725.6 0.00 0 0.0 14.4 22.6 23.4 3.634  -43.0   14.3    9.6  32   -2.1  17 0 0 1 1 2 0 9.0 39.8 9.0 40.0 80.0 100 100 28 433 0 334 0 231 231 232 2 3 1 60.0 50.0 WAIT_ACK 0 
b.1 2025-09-26 15:21:14.418 a 2025-09-26-15:21:11 214 260 280 1.5 5.1 8.4 7.9 37.6 725.6 0.00 0 0.0 14.6 23.3 23.4 3.633  -42.6   14.3   14.0  32   -2.0  14 0 0 1 1 2 0 9.0 39.7 9.0 40.0 80.0 100 100 28 432 0 327 0 231 232 232 2 3 1 60.0 50.0 WAIT_ACK 0 
b.1 2025-09-26 15:22:12.039 a 2025-09-26-15:22:09 178 251 348 0.4 3.7 6.5 7.9 40.3 725.6 0.00 0 0.0 15.0 24.1 24.5 3.628  -42.7   14.4   10.6  32   -2.0  14 0 0 1 1 2 0 9.0 40.1 9.0 40.4 80.0 100 100 28 433 0 319 0 231 232 232 2 3 1 60.0 50.0 WAIT_ACK 0 
b.1 2025-09-26 15:23:13.036 a 2025-09-26-15:23:10 126 244 334 0.5 2.9 4.8 7.9 40.8 725.6 0.00 0 0.0 15.1 24.1 24.5 3.627  -41.2   14.4    6.8  32   -1.9   5 0 0 1 1 2 0 9.0 40.5 9.1 40.8 80.0 100 100 28 433 0 321 0 232 231 232 2 3 1 60.0 50.0 WAIT_ACK 0 
b.1 2025-09-26 15:24:11.720 a 2025-09-26-15:24:08 207 255 351 0.6 2.9 5.2 7.9 41.5 725.7 0.00 0 0.0 15.0 24.0 24.4 3.627  -41.9   14.4    6.0  33   -1.8  13 0 0 1 1 2 0 9.0 41.2 9.1 41.5 80.0 100 100 28 432 0 320 0 231 232 232 2 3 2 60.0 50.0 WAIT_ACK 0 
b.1 2025-09-26 15:25:14.398 a 2025-09-26-15:25:11 124 239 268 0.6 3.3 6.4 7.9 41.5 725.7 0.00 0 0.0 14.7 22.6 23.4 3.634  -43.4   14.5    5.8  33   -1.7  11 0 0 1 1 2 0 9.0 41.6 9.1 41.9 80.0 100 100 28 433 0 333 0 232 232 232 2 3 2 59.9 50.0 WAIT_ACK 0 
b.1 2025-09-26 15:26:12.519 a 2025-09-26-15:26:09 142 246 299 0.6 3.8 6.7 7.9 42.5 725.7 0.00 0 0.0 14.6 23.3 23.4 3.633  -41.9   14.5    6.9  33   -1.7  11 0 0 1 1 2 0 9.0 42.0 9.1 42.4 80.0 100 100 28 432 0 337 0 231 232 232 2 3 2 60.0 50.0 WAIT_ACK 0 
b.1 2025-09-26 15:27:12.316 a 2025-09-26-15:27:09 096 242 271 0.4 3.5 6.2 7.9 42.2 725.7 0.00 0 0.0 14.9 24.1 24.5 3.628  -44.7   14.5    7.9  33   -1.6  16 0 0 1 1 2 0 9.1 42.5 9.1 42.8 80.0 100 100 28 432 0 332 0 231 232 232 2 3 1 60.0 50.0 WAIT_ACK 0 
b.1 2025-09-26 15:28:13.917 a 2025-09-26-15:28:11 131 253 325 0.6 3.9 7.5 7.9 39.6 725.7 0.00 0 0.0 14.6 22.6 23.4 3.634  -44.6   14.5    8.8  33   -1.5  13 0 0 1 1 2 0 9.1 42.9 9.1 43.1 80.0 100 100 28 433 0 321 0 231 232 232 2 3 2 60.0 50.0 WAIT_ACK 0 
b.1 2025-09-26 15:29:12.640 a 2025-09-26-15:29:09 102 253 297 0.6 4.3 7.6 7.8 42.3 725.7 0.00 0 0.0 15.1 24.1 24.4 3.627  -45.7   14.6    9.3  33   -1.4  13 0 0 1 1 2 0 9.1 42.4 9.1 42.7 80.0 100 100 28 432 0 333 0 231 232 232 2 3 2 59.9 50.0 WAIT_ACK 0 
b.1 2025-09-26 15:30:15.075 a 2025-09-26-15:30:12 093 241 299 0.2 3.7 6.4 7.8 41.5 725.7 0.00 0 0.0 15.3 24.1 24.5 3.628  -42.8   14.6    8.1  33   -1.5  13 0 0 1 1 2 0 9.1 42.5 9.1 42.8 80.0 100 100 28 433 0 322 0 232 232 232 2 3 2 59.9 50.0 WAIT_ACK 0 
b.1 2025-09-26 15:31:12.358 a 2025-09-26-15:31:09 117 247 283 0.6 3.6 5.9 7.8 40.2 725.7 0.00 0 0.0 14.6 23.2 23.4 3.634  -42.1   14.5    8.2  33   -1.6   5 0 0 1 1 2 0 9.1 41.9 9.1 42.2 80.0 100 100 28 432 0 337 0 231 232 232 2 3 1 59.9 50.0 WAIT_ACK 0 
b.1 2025-09-26 15:32:11.680 a 2025-09-26-15:32:08 177 242 312 0.8 4.2 6.4 7.8 40.7 725.7 0.00 0 0.0 14.8 23.7 23.4 3.633  -42.0   14.6    9.1  33   -1.5  14 0 0 1 1 2 0 9.1 41.7 9.1 41.9 80.0 100 100 28 432 0 331 0 231 232 232 2 3 2 60.0 50.0 WAIT_ACK 0 
b.1 2025-09-26 15:33:14.174 a 2025-09-26-15:33:11 213 240 264 2.2 4.0 5.3 7.8 38.8 725.7 0.00 0 0.0 15.0 24.1 24.5 3.627  -43.1   14.5    9.0  33   -1.6  12 0 0 1 1 2 0 9.1 41.4 9.1 41.7 80.0 100 100 28 432 0 337 0 232 232 232 2 3 2 59.9 50.0 WAIT_ACK 0 
b.1 2025-09-26 15:34:11.979 a 2025-09-26-15:34:09 198 240 284 1.2 4.4 6.5 7.8 39.5 725.7 0.00 0 0.0 15.2 24.1 24.5 3.626  -42.7   14.6    9.6  33   -1.6  14 0 0 1 1 2 0 9.1 40.8 9.1 41.1 80.0 100 100 28 433 0 327 0 232 232 232 2 3 2 60.0 50.0 WAIT_ACK 0 
b.1 2025-09-26 15:35:13.259 a 2025-09-26-15:35:10 149 246 270 1.2 5.0 10.0 7.8 35.2 725.8 0.00 0 0.0 14.5 22.6 23.4 3.633  -44.4   14.6   12.8  33   -1.7  14 0 0 1 1 2 0 9.1 40.5 9.1 40.5 80.0 100 100 28 432 0 336 0 231 232 232 2 3 2 59.9 50.0 WAIT_ACK 0 
b.1 2025-09-26 15:36:13.397 a 2025-09-26-15:36:10 208 246 272 1.6 4.5 8.1 7.8 35.2 725.8 0.00 0 0.0 14.8 23.9 23.4 3.634  -43.6   14.6   11.8  32   -1.8  14 0 0 1 1 2 0 9.1 38.3 9.1 38.4 80.0 100 100 28 432 0 327 0 232 231 232 2 3 2 60.0 50.0 WAIT_ACK 0 
b.1 2025-09-26 15:37:10.178 a 2025-09-26-15:37:07 213 241 283 1.2 4.3 6.1 7.9 37.7 725.8 0.00 0 0.0 15.0 24.1 24.5 3.627  -42.4   14.6   11.3  32   -1.8  14 0 0 1 1 2 0 9.1 38.2 9.1 38.4 80.0 100 100 28 432 0 337 0 231 232 232 2 3 2 60.0 50.0 WAIT_ACK 0 
b.1 2025-09-26 15:38:13.321 a 2025-09-26-15:38:10 142 240 278 0.6 3.6 6.1 7.9 38.5 725.7 0.00 0 0.0 15.1 24.1 24.5 3.627  -41.3   14.6    9.2  32   -1.7  14 0 0 1 1 2 0 9.1 38.7 9.2 38.8 80.0 100 100 28 432 0 323 0 232 232 232 2 3 1 60.0 50.0 WAIT_ACK 0 
b.1 2025-09-26 15:39:11.859 a 2025-09-26-15:39:09 179 244 273 0.2 3.6 6.7 8.0 39.2 725.7 0.00 0 0.0 14.7 22.6 23.4 3.633  -39.9   14.7    8.0  32   -1.7   5 0 0 1 1 2 0 9.1 39.0 9.2 39.1 80.0 100 100 28 432 0 325 0 232 232 232 2 3 1 60.0 50.0 WAIT_ACK 0 
b.1 2025-09-26 15:40:15.960 a 2025-09-26-15:40:13 189 244 290 1.8 4.5 7.3 8.0 39.3 725.7 0.00 0 0.0 14.6 23.2 23.4 3.633  -42.2   14.7    9.9  32   -1.7  13 0 0 1 1 2 0 9.1 39.1 9.2 39.3 80.0 100 100 28 432 0 336 0 232 232 232 2 3 2 60.0 50.0 WAIT_ACK 0 
b.1 2025-09-26 15:41:12.756 a 2025-09-26-15:41:09 174 250 338 0.4 3.8 6.6 8.0 37.6 725.7 0.00 0 0.0 15.0 24.1 24.5 3.628  -43.9   14.7    8.1  32   -1.7  12 0 0 1 1 2 0 9.2 38.9 9.2 39.0 80.0 100 100 28 432 0 336 0 231 231 232 2 3 2 60.0 50.0 WAIT_ACK 0 
b.1 2025-09-26 15:42:11.963 a 2025-09-26-15:42:09 184 253 280 0.4 3.7 6.3 8.0 37.1 725.8 0.00 0 0.0 15.2 24.1 24.4 3.627  -40.5   14.7    8.0  32   -1.8  12 0 0 1 1 2 0 9.1 39.0 9.2 39.1 80.0 100 100 28 432 0 326 0 232 232 232 2 3 2 60.0 50.0 WAIT_ACK 0 
b.1 2025-09-26 15:43:12.440 a 2025-09-26-15:43:09 085 244 344 0.2 2.8 5.4 8.0 39.8 725.8 0.00 0 0.0 14.7 23.7 23.4 3.634  -41.6   14.7    6.3  32   -1.7   5 0 0 1 1 2 0 9.2 39.4 9.2 39.4 80.0 100 100 28 432 0 330 0 231 232 232 2 3 1 60.0 50.0 WAIT_ACK 0 
b.1 2025-09-26 15:44:12.976 a 2025-09-26-15:44:10 118 249 286 0.2 3.1 7.1 8.0 39.9 725.8 0.00 0 0.0 15.0 24.1 24.5 3.627  -42.2   14.8    5.9  32   -1.6  10 0 0 1 1 2 0 9.2 39.9 9.2 40.1 80.0 100 100 28 432 0 322 0 232 232 232 2 3 2 59.9 50.0 WAIT_ACK 0 
b.1 2025-09-26 15:45:14.480 a 2025-09-26-15:45:11 129 251 332 0.8 4.6 7.2 8.1 37.4 725.8 0.00 0 0.0 15.1 24.1 24.5 3.628  -43.2   14.8    8.4  32   -1.7  12 0 0 1 1 2 0 9.2 39.3 9.2 39.3 80.0 100 100 28 433 0 328 0 231 232 232 2 3 1 60.0 50.0 WAIT_ACK 0 
b.1 2025-09-26 15:46:12.604 a 2025-09-26-15:46:09 131 249 288 0.4 4.2 6.7 8.1 37.4 725.8 0.00 0 0.0 15.1 24.1 24.5 3.628  -40.5   14.8    8.7  32   -1.7  12 0 0 1 1 2 0 9.2 38.9 9.3 39.1 80.0 100 100 28 433 0 337 0 232 232 232 2 3 2 60.0 50.0 WAIT_ACK 0 
b.1 2025-09-26 15:47:13.562 a 2025-09-26-15:47:10 008 251 107 0.3 3.4 6.0 8.1 38.1 725.8 0.00 0 0.0 14.9 23.6 23.4 3.634  -40.2   14.8    8.0  32   -1.7  12 0 0 1 1 2 0 9.2 38.8 9.3 38.9 80.0 100 100 28 433 0 333 0 231 232 232 2 3 1 59.9 50.0 WAIT_ACK 0 
b.1 2025-09-26 15:48:12.279 a 2025-09-26-15:48:09 136 239 298 0.2 2.4 5.3 8.1 38.3 725.8 0.00 0 0.0 15.1 24.1 24.5 3.628  -38.6   14.8    4.9  32   -1.7   5 0 0 1 1 2 0 9.2 38.7 9.3 38.9 80.0 100 100 28 432 0 327 0 232 232 232 2 3 2 59.9 50.0 WAIT_ACK 0 
b.1 2025-09-26 15:49:12.680 a 2025-09-26-15:49:09 135 248 298 0.4 3.4 5.5 8.1 38.8 725.8 0.00 0 0.0 15.1 24.1 24.5 3.628  -41.0   14.8    5.4  32   -1.7  11 0 0 1 1 2 0 9.2 39.1 9.3 39.3 80.0 100 100 28 432 0 322 0 232 231 232 2 3 1 59.9 50.0 WAIT_ACK 0 
b.1 2025-09-26 15:50:14.101 a 2025-09-26-15:50:11 131 245 285 0.4 3.8 6.0 8.1 39.0 725.8 0.00 0 0.0 14.7 23.2 23.4 3.637  -41.3   14.9    6.9  32   -1.6  11 0 0 1 1 2 0 9.2 39.4 9.4 39.4 80.0 100 100 28 432 0 336 0 232 231 232 2 3 2 59.9 50.0 WAIT_ACK 0 
b.1 2025-09-26 15:51:13.680 a 2025-09-26-15:51:10 180 247 287 0.8 3.6 5.6 8.2 40.2 725.8 0.00 0 0.0 14.8 23.7 23.4 3.634  -40.6   14.9    7.2  32   -1.5  12 0 0 1 1 2 0 9.2 40.1 9.3 40.1 80.0 100 100 28 433 0 329 0 231 231 232 2 3 2 59.9 50.0 WAIT_ACK 0 
b.1 2025-09-26 15:52:12.539 a 2025-09-26-15:52:09 214 246 290 0.9 3.2 4.7 8.1 40.4 725.8 0.00 0 0.0 15.0 24.1 24.4 3.627  -41.1   15.0    6.3  32   -1.5  12 0 0 1 1 2 0 9.3 40.3 9.4 40.5 80.0 100 100 28 432 0 327 0 231 232 232 2 3 2 59.9 50.0 WAIT_ACK 0 
b.1 2025-09-26 15:53:13.282 a 2025-09-26-15:53:10 180 236 266 0.6 3.5 6.0 8.2 40.8 725.8 0.00 0 0.0 14.7 23.3 23.4 3.634  -42.2   15.0    6.5  32   -1.4  12 0 0 1 1 2 0 9.3 40.8 9.4 40.8 80.0 100 100 28 433 0 334 0 231 231 232 2 3 2 59.9 50.0 WAIT_ACK 0 
b.1 2025-09-26 15:54:12.500 a 2025-09-26-15:54:09 167 243 297 0.7 4.0 5.9 8.3 40.6 725.8 0.00 0 0.0 14.8 23.8 23.4 3.633  -41.1   15.1    7.0  32   -1.3  12 0 0 1 1 2 0 9.3 41.2 9.4 41.2 80.0 100 100 28 432 0 337 0 231 231 232 2 3 1 60.0 50.0 WAIT_ACK 0 
b.1 2025-09-26 15:55:15.359 a 2025-09-26-15:55:12 136 243 271 1.2 3.9 5.7 8.3 38.5 725.8 0.00 0 0.0 15.2 24.1 24.4 3.628  -40.7   15.2    7.4  32   -1.3  12 0 0 1 1 2 0 9.4 40.7 9.4 40.9 80.0 100 100 28 432 0 331 0 231 232 232 2 3 2 60.0 50.0 WAIT_ACK 0 
b.1 2025-09-26 15:56:12.743 a 2025-09-26-15:56:09 183 242 272 0.9 4.1 6.0 8.4 38.2 725.8 0.00 0 0.0 14.8 23.3 23.4 3.634  -41.4   15.2    8.3  32   -1.3  12 0 0 1 1 2 0 9.3 40.4 9.4 40.5 80.0 100 100 28 432 0 335 0 232 232 232 2 3 2 60.0 50.0 WAIT_ACK 0 
b.1 2025-09-26 15:57:12.621 a 2025-09-26-15:57:09 131 242 332 0.4 3.9 5.7 8.4 38.2 725.8 0.00 0 0.0 14.7 23.3 23.4 3.634  -42.5   15.3    8.0  32   -1.3  12 0 0 1 1 2 0 9.3 40.1 9.5 40.2 80.0 100 100 28 432 0 337 0 232 232 232 2 3 2 60.0 50.0 WAIT_ACK 0 
b.1 2025-09-26 15:58:13.523 a 2025-09-26-15:58:10 118 259 332 0.2 4.4 6.7 8.5 38.4 725.8 0.00 0 0.0 14.7 22.6 23.4 3.635  -41.0   15.3   11.6  32   -1.3  12 0 0 1 1 2 0 9.4 39.7 9.5 39.7 80.0 100 100 28 432 0 337 0 232 232 232 2 3 2 60.0 50.0 WAIT_ACK 0 
b.1 2025-09-26 15:59:13.180 a 2025-09-26-15:59:10 100 242 280 0.4 4.3 6.2 8.4 39.2 725.8 0.00 0 0.0 14.7 23.3 23.4 3.634  -41.2   15.4   11.7  32   -1.2  12 0 0 1 1 2 0 9.3 39.8 9.5 39.9 80.0 100 100 28 432 0 337 0 231 231 232 2 3 2 60.0 50.0 WAIT_ACK 0 
b.1 2025-09-26 16:00:13.578 a 2025-09-26-16:00:10 207 244 280 0.6 4.1 6.0 8.4 40.2 725.8 0.00 0 0.0 14.9 24.0 23.4 3.634  -41.7   15.4   10.6  32   -1.2  12 0 0 1 1 2 0 9.4 40.2 9.5 40.2 80.0 100 100 28 432 0 335 0 232 232 232 2 3 2 60.0 50.0 WAIT_ACK 0 
b.1 2025-09-26 16:01:12.164 a 2025-09-26-16:01:09 192 246 279 0.8 3.6 6.4 8.4 39.5 725.8 0.00 0 0.0 15.2 24.1 24.5 3.628  -41.2   15.4    8.5  32   -1.2  12 0 0 1 1 2 0 9.4 40.5 9.5 40.6 80.0 100 100 28 433 0 322 0 231 232 232 2 3 1 60.0 50.0 WAIT_ACK 0 
b.1 2025-09-26 16:02:12.522 a 2025-09-26-16:02:09 133 245 278 0.5 4.0 6.3 8.4 37.3 725.8 0.00 0 0.0 14.7 22.6 23.4 3.635  -41.2   15.4    9.4  32   -1.2  12 0 0 1 1 2 0 9.4 40.3 9.5 40.2 80.0 100 100 28 432 0 337 0 232 232 232 2 3 1 60.0 50.0 WAIT_ACK 0 
b.1 2025-09-26 16:03:12.523 a 2025-09-26-16:03:09 198 242 273 0.6 3.9 6.2 8.4 39.4 725.9 0.00 0 0.0 15.0 24.1 24.4 3.628  -43.5   15.5    9.0  32   -1.2  12 0 0 1 1 2 0 9.4 39.8 9.6 40.0 80.0 100 100 28 432 0 326 0 232 232 232 2 3 2 60.0 50.0 WAIT_ACK 0 
b.1 2025-09-26 16:04:12.184 a 2025-09-26-16:04:09 197 247 282 0.4 3.8 6.0 8.4 39.2 725.9 0.00 0 0.0 15.0 24.1 24.5 3.627  -42.3   15.5    8.8  32   -1.2  12 0 0 1 1 2 0 9.4 40.2 9.6 40.2 80.0 100 100 28 432 0 336 0 231 232 232 2 3 2 60.0 50.0 WAIT_ACK 0 
b.1 2025-09-26 16:05:15.601 a 2025-09-26-16:05:12 099 256 338 0.2 2.9 5.6 8.4 39.2 725.9 0.00 0 0.0 15.1 24.1 24.5 3.628  -41.4   15.5    6.9  32   -1.1  12 0 0 1 1 2 0 9.4 40.2 9.5 40.2 80.0 100 100 28 433 0 335 0 231 231 232 2 3 2 60.0 50.0 WAIT_ACK 0 
b.1 2025-09-26 16:06:12.144 a 2025-09-26-16:06:09 114 243 285 0.4 2.8 5.4 8.5 39.0 725.9 0.00 0 0.0 14.8 23.6 23.4 3.635  -39.6   15.5    5.8  32   -1.2   5 0 0 1 1 2 0 9.5 40.2 9.6 40.2 80.0 100 100 28 431 0 337 0 231 232 232 2 3 2 60.0 50.0 WAIT_ACK 0 
b.1 2025-09-26 16:07:12.061 a 2025-09-26-16:07:09 123 237 285 0.6 3.7 7.4 8.6 39.2 725.9 0.00 0 0.0 14.7 23.2 23.4 3.634  -42.5   15.5    6.6  32   -1.1  11 0 0 1 1 2 0 9.5 40.3 9.6 40.2 80.0 100 100 28 432 0 337 0 232 231 232 2 3 2 59.9 50.0 WAIT_ACK 0 
b.1 2025-09-26 16:08:14.180 a 2025-09-26-16:08:11 079 241 258 0.3 3.7 6.6 8.6 39.0 725.9 0.00 0 0.0 15.3 24.1 24.5 3.628  -42.7   15.5    7.2  32   -1.2  11 0 0 1 1 2 0 9.5 40.4 9.6 40.4 80.0 100 100 28 432 0 319 0 231 232 232 2 3 1 59.9 50.0 WAIT_ACK 0 
b.1 2025-09-26 16:09:12.631 a 2025-09-26-16:09:09 107 246 294 0.5 3.9 7.6 8.6 39.0 725.9 0.00 0 0.0 14.9 23.6 23.4 3.633  -39.9   15.4    7.7  32   -1.2  11 0 0 1 1 2 0 9.5 40.2 9.6 40.2 80.0 100 100 28 432 0 337 0 231 232 232 2 3 2 59.9 50.0 WAIT_ACK 0 
b.1 2025-09-26 16:10:14.362 a 2025-09-26-16:10:11 132 247 296 0.6 3.8 7.2 8.5 39.2 725.9 0.00 0 0.0 14.9 23.7 23.4 3.633  -41.1   15.4    7.5  32   -1.2  11 0 0 1 1 2 0 9.5 40.1 9.6 40.1 80.0 100 100 28 433 0 332 0 231 231 232 2 3 2 59.9 50.0 WAIT_ACK 0 
b.1 2025-09-26 16:11:11.667 a 2025-09-26-16:11:08 148 244 315 0.9 4.2 6.4 8.5 39.2 725.9 0.00 0 0.0 14.8 23.3 23.4 3.635  -44.0   15.4    8.6  32   -1.2  11 0 0 1 1 2 0 9.5 40.2 9.6 40.3 80.0 100 100 28 432 0 337 0 231 232 232 2 3 2 59.9 50.0 WAIT_ACK 0 
b.1 2025-09-26 16:12:12.631 a 2025-09-26-16:12:09 133 244 344 0.5 4.1 7.4 8.5 39.5 725.9 0.00 0 0.0 14.7 23.6 23.4 3.635  -41.2   15.4    8.8  32   -1.2  11 0 0 1 1 2 0 9.5 40.5 9.6 40.5 80.0 100 100 28 432 0 329 0 231 231 232 2 3 2 59.9 50.0 WAIT_ACK 0 
b.1 2025-09-26 16:13:12.322 a 2025-09-26-16:13:09 195 244 275 0.4 4.7 7.3 8.5 39.0 725.9 0.00 0 0.0 14.9 24.1 24.4 3.628  -42.1   15.3   10.5  32   -1.2  11 0 0 1 1 2 0 9.5 40.6 9.6 40.5 80.0 100 100 28 432 0 337 0 231 232 232 2 3 2 59.9 50.0 WAIT_ACK 0 
b.1 2025-09-26 16:14:12.825 a 2025-09-26-16:14:09 195 235 266 3.4 4.8 6.5 8.6 40.1 725.9 0.00 0 0.0 15.1 24.1 24.4 3.628  -42.0   15.3   11.2  32   -1.2  11 0 0 1 1 2 0 9.5 41.1 9.7 40.9 80.0 100 100 28 433 0 334 0 231 232 232 2 3 2 59.9 50.0 WAIT_ACK 0 
b.1 2025-09-26 16:15:15.825 a 2025-09-26-16:15:12 083 248 341 0.4 4.5 8.8 8.5 40.7 725.8 0.00 0 0.0 14.9 23.7 23.4 3.634  -41.6   15.3   11.3  32   -1.1  11 0 0 1 1 2 0 9.5 41.3 9.7 41.2 80.0 100 100 28 432 0 337 0 231 231 232 2 3 2 59.9 50.0 WAIT_ACK 0 
b.1 2025-09-26 16:16:13.842 a 2025-09-26-16:16:11 003 241 059 0.3 3.8 7.9 8.6 40.5 725.8 0.00 0 0.0 14.9 23.9 23.4 3.634  -40.3   15.3    9.4  32   -1.0  11 0 0 1 1 2 0 9.5 41.3 9.7 41.3 80.0 100 100 28 432 0 336 0 231 231 232 2 3 2 59.9 50.0 WAIT_ACK 0 
b.1 2025-09-26 16:17:12.825 a 2025-09-26-16:17:09 109 244 299 0.4 3.8 7.2 8.6 40.0 725.8 0.00 0 0.0 15.0 24.1 24.5 3.627  -42.5   15.3    8.3  33   -1.0  11 0 0 1 1 2 0 9.6 41.4 9.7 41.4 80.0 100 100 28 433 0 334 0 231 232 232 2 3 1 60.0 50.0 WAIT_ACK 0 
b.1 2025-09-26 16:18:12.907 a 2025-09-26-16:18:10 109 242 291 0.8 5.2 10.4 8.8 39.7 725.8 0.00 0 0.0 15.0 24.1 24.4 3.628  -45.1   15.4   11.7  33   -0.9  11 0 0 1 1 2 0 9.6 41.6 9.8 41.5 80.0 100 100 28 433 0 327 0 231 232 232 2 3 1 60.0 50.0 WAIT_ACK 0 
b.1 2025-09-26 16:19:14.520 a 2025-09-26-16:19:11 118 255 305 0.3 5.0 8.9 8.9 39.6 725.9 0.00 0 0.0 15.0 24.1 24.5 3.628  -43.5   15.3   12.2  33   -0.9  11 0 0 1 1 2 0 9.6 41.7 9.8 41.5 80.0 100 100 28 432 0 334 0 232 232 232 2 3 2 60.0 50.0 WAIT_ACK 0 
b.1 2025-09-26 16:20:13.763 a 2025-09-26-16:20:10 209 252 325 0.6 4.9 9.0 9.0 38.8 725.8 0.00 0 0.0 15.0 24.1 24.5 3.627  -41.5   15.3   12.4  33   -1.0  11 0 0 1 1 2 0 9.6 41.4 9.8 41.3 80.0 100 100 28 432 0 321 0 231 232 232 2 3 2 60.0 50.0 WAIT_ACK 0 
b.1 2025-09-26 16:21:12.221 a 2025-09-26-16:21:09 149 239 286 0.5 4.4 9.4 9.0 38.7 725.8 0.00 0 0.0 14.7 22.7 23.4 3.634  -41.1   15.3   11.7  33   -1.0  11 0 0 1 1 2 0 9.6 40.9 9.8 40.9 80.0 100 100 28 432 0 337 0 231 232 232 2 3 1 60.0 50.0 WAIT_ACK 0 
b.1 2025-09-26 16:22:12.904 a 2025-09-26-16:22:10 080 249 351 0.2 5.2 10.1 9.0 39.1 725.8 0.00 0 0.0 14.8 23.8 23.4 3.635  -42.3   15.3   12.6  33   -1.0  11 0 0 1 1 2 0 9.7 41.0 9.8 40.8 80.0 100 100 28 433 0 328 0 231 231 232 2 3 2 60.0 50.0 WAIT_ACK 0 
b.1 2025-09-26 16:23:15.901 a 2025-09-26-16:23:13 086 255 312 0.4 3.4 8.5 9.0 38.9 725.8 0.00 0 0.0 15.1 24.1 24.5 3.628  -39.2   15.2    9.2  33   -1.0  11 0 0 1 1 2 0 9.7 41.0 9.8 40.8 80.0 100 100 28 432 0 330 0 232 232 232 2 3 2 60.0 50.0 WAIT_ACK 0 
b.1 2025-09-26 16:24:13.463 a 2025-09-26-16:24:10 178 245 274 1.0 4.6 9.2 9.0 37.7 725.8 0.00 0 0.0 14.7 23.3 23.4 3.633  -40.5   15.2    9.6  33   -1.1  11 0 0 1 1 2 0 9.7 40.8 9.9 40.6 80.0 100 100 28 433 0 331 0 231 232 232 2 3 2 60.0 50.0 WAIT_ACK 0 
b.1 2025-09-26 16:25:13.384 a 2025-09-26-16:25:10 171 258 357 0.8 4.5 7.3 9.1 37.6 725.9 0.00 0 0.0 14.9 23.9 23.4 3.635  -44.7   15.2   11.1  33   -1.1  11 0 0 1 1 2 0 9.7 40.2 9.9 40.1 80.0 100 100 28 432 0 327 0 232 231 232 2 3 1 60.0 50.0 WAIT_ACK 0 
b.1 2025-09-26 16:26:13.604 a 2025-09-26-16:26:10 182 246 282 0.8 4.5 7.8 9.1 37.2 725.9 0.00 0 0.0 14.9 23.9 23.4 3.634  -41.6   15.2    9.5  33   -1.2  11 0 0 1 1 2 0 9.7 40.0 9.9 40.0 80.0 100 100 28 431 0 329 0 231 231 232 2 3 2 60.0 50.0 WAIT_ACK 0 
b.1 2025-09-26 16:27:12.687 a 2025-09-26-16:27:09 194 240 268 1.4 5.5 8.6 9.1 36.6 725.9 0.00 0 0.0 15.0 23.9 23.4 3.635  -41.9   15.2   12.6  32   -1.2  11 0 0 1 1 2 0 9.7 39.5 9.8 39.4 80.0 100 100 28 433 0 334 0 232 232 232 2 3 2 60.0 50.0 WAIT_ACK 0 
b.1 2025-09-26 16:28:12.249 a 2025-09-26-16:28:09 114 237 271 0.6 4.9 7.1 9.0 36.9 725.9 0.00 0 0.0 14.8 23.7 23.4 3.634  -42.3   15.2   11.2  32   -1.2  11 0 0 1 1 2 0 9.7 39.3 9.9 39.1 80.0 100 100 28 432 0 335 0 231 232 232 2 3 1 60.0 50.0 WAIT_ACK 0 
b.1 2025-09-26 16:29:10.645 a 2025-09-26-16:29:07 140 242 277 1.3 4.8 8.5 9.0 37.6 725.9 0.00 0 0.0 14.8 23.7 23.4 3.634  -42.1   15.2   11.3  32   -1.2  11 0 0 1 1 2 0 9.7 39.3 9.9 39.2 80.0 100 100 28 432 0 333 0 232 232 232 2 3 2 60.0 50.0 WAIT_ACK 0 
b.1 2025-09-26 16:30:15.667 a 2025-09-26-16:30:12 211 242 297 1.2 6.1 9.8 9.1 36.1 725.9 0.00 0 0.0 14.8 23.6 23.4 3.633  -43.5   15.3   15.3  32   -1.2  11 0 0 1 2 2 0 9.8 38.9 9.9 38.9 80.0 100 100 28 432 0 327 0 232 232 232 2 3 2 60.0 50.0 WAIT_ACK 0 
b.1 2025-09-26 16:31:10.568 a 2025-09-26-16:31:07 108 250 000 0.6 4.8 7.9 9.0 36.1 725.9 0.00 0 0.0 14.9 24.0 23.4 3.634  -40.7   15.3   13.4  32   -1.3  11 0 0 1 1 2 0 9.8 38.4 9.9 38.4 80.0 100 100 28 432 0 336 0 232 232 232 2 3 1 59.9 50.0 WAIT_ACK 0 
b.1 2025-09-26 16:32:12.967 a 2025-09-26-16:32:10 145 244 303 1.0 4.9 8.1 9.0 36.9 725.9 0.00 0 0.0 15.1 24.1 24.5 3.628  -41.9   15.3   11.2  32   -1.3  11 0 0 1 1 2 0 9.8 38.2 9.9 38.2 80.0 100 100 28 432 0 337 0 232 232 232 2 3 1 59.9 50.0 WAIT_ACK 0 
b.1 2025-09-26 16:33:13.924 a 2025-09-26-16:33:11 096 242 292 0.6 5.4 9.2 9.0 35.5 725.9 0.00 0 0.0 14.9 23.7 23.4 3.634  -42.3   15.3   13.4  32   -1.4  11 0 0 1 1 2 0 9.8 38.1 9.9 38.1 80.0 100 100 28 432 0 330 0 232 232 232 2 3 2 59.9 50.0 WAIT_ACK 0 
b.1 2025-09-26 16:34:14.184 a 2025-09-26-16:34:11 028 254 082 0.6 5.0 8.0 9.1 35.1 725.9 0.00 0 0.0 15.0 24.0 23.4 3.634  -42.6   15.3   13.1  32   -1.5  11 0 0 1 1 2 0 9.8 37.6 10.0 37.5 80.0 100 100 28 432 0 335 0 232 232 232 2 3 2 59.9 50.0 WAIT_ACK 0 
b.1 2025-09-26 16:35:14.483 a 2025-09-26-16:35:11 137 248 301 0.7 4.6 8.7 9.1 37.3 725.9 0.00 0 0.0 15.2 24.1 24.5 3.627  -41.1   15.3   10.3  32   -1.4  11 0 0 1 1 2 0 9.8 38.1 9.9 38.1 80.0 100 100 28 432 0 327 0 232 232 232 2 3 1 59.9 50.0 WAIT_ACK 0 
b.1 2025-09-26 16:36:11.967 a 2025-09-26-16:36:09 099 244 294 0.1 4.5 8.4 9.2 36.2 725.9 0.00 0 0.0 14.7 23.3 23.4 3.635  -41.7   15.3   11.1  32   -1.4  11 0 0 1 1 2 0 9.8 38.3 10.0 38.2 80.0 100 100 28 433 0 337 0 231 232 232 2 3 2 59.9 50.0 WAIT_ACK 0 
b.1 2025-09-26 16:37:12.746 a 2025-09-26-16:37:09 160 248 275 0.9 6.0 10.2 9.2 36.8 725.9 0.00 0 0.0 14.8 23.8 23.4 3.634  -42.0   15.2   14.0  32   -1.4  11 0 0 1 1 2 0 9.8 38.5 10.0 38.3 80.0 100 100 28 433 0 330 0 231 231 232 2 3 2 59.9 50.0 WAIT_ACK 0 
b.1 2025-09-26 16:38:12.348 a 2025-09-26-16:38:09 099 252 308 0.9 4.8 7.6 9.2 36.4 725.9 0.00 0 0.0 14.9 24.0 24.5 3.628  -41.2   15.3   12.9  32   -1.4  11 0 0 1 1 2 0 9.8 39.0 10.0 38.7 80.0 100 100 28 432 0 323 0 231 232 232 2 3 2 59.9 50.0 WAIT_ACK 0 
b.1 2025-09-26 16:39:12.467 a 2025-09-26-16:39:09 123 255 290 0.4 4.8 8.0 9.2 39.1 725.9 0.00 0 0.0 14.8 23.9 23.4 3.635  -38.6   15.3   13.4  32   -1.3  11 0 0 1 1 2 0 9.8 39.0 10.0 38.9 80.0 100 100 28 431 0 335 0 232 231 232 2 3 1 59.9 50.0 WAIT_ACK 0 
b.1 2025-09-26 16:40:13.984 a 2025-09-26-16:40:11 093 248 320 0.5 4.7 7.7 9.2 37.7 725.9 0.00 0 0.0 14.9 23.8 23.4 3.635  -39.9   15.3   11.2  32   -1.2  11 0 0 1 1 2 0 9.8 39.9 10.0 39.8 80.0 100 100 28 433 0 337 0 231 232 232 2 3 2 59.9 50.0 WAIT_ACK 0 
b.1 2025-09-26 16:41:14.905 a 2025-09-26-16:41:12 119 252 342 0.2 3.7 7.3 9.2 39.0 725.9 0.00 0 0.0 15.1 24.1 24.5 3.628  -38.3   15.3    7.9  32   -1.1   0 0 0 1 1 2 0 9.9 40.5 10.0 40.3 80.0 100 100 28 434 0 320 0 232 232 232 2 3 1 59.9 50.0 WAIT_ACK 0 
b.1 2025-09-26 16:42:12.188 a 2025-09-26-16:42:09 029 248 119 0.2 3.4 6.4 9.2 39.0 725.9 0.00 0 0.0 14.9 24.1 24.5 3.628  -39.9   15.3    6.8  32   -1.1   5 0 0 1 1 2 0 9.8 40.5 10.0 40.4 80.0 100 100 28 432 0 334 0 231 232 232 2 3 1 59.9 50.0 WAIT_ACK 0 
b.1 2025-09-26 16:43:13.325 a 2025-09-26-16:43:10 003 244 102 0.2 3.7 8.6 9.4 38.7 725.9 0.00 0 0.0 14.9 23.8 23.4 3.633  -40.0   15.3    7.0  33   -1.0  12 0 0 1 1 2 0 9.8 40.7 10.1 40.5 80.0 100 100 28 433 0 320 0 231 232 232 2 3 1 60.0 50.0 WAIT_ACK 0 
b.1 2025-09-26 16:44:14.145 a 2025-09-26-16:44:11 003 241 082 0.4 3.5 7.6 9.5 39.2 725.9 0.00 0 0.0 14.9 23.8 23.4 3.633  -39.0   15.3    6.8  33   -0.9   9 0 0 1 1 2 0 9.9 41.0 10.1 40.8 80.0 100 100 28 432 0 331 0 232 232 232 2 3 2 59.9 50.0 WAIT_ACK 0 
b.1 2025-09-26 16:45:15.849 a 2025-09-26-16:45:12 114 241 351 0.5 4.6 8.2 9.5 38.0 725.9 0.00 0 0.0 14.7 23.6 23.4 3.633  -41.7   15.3    8.1  33   -0.9   9 0 0 1 1 2 0 9.9 41.0 10.1 40.9 80.0 100 100 28 433 0 318 0 231 232 232 2 3 2 59.9 50.0 WAIT_ACK 0 
b.1 2025-09-26 16:46:12.631 a 2025-09-26-16:46:09 053 238 272 0.5 4.2 8.3 9.6 39.0 725.9 0.00 0 0.0 15.3 24.1 24.5 3.627  -42.1   15.3    7.5  33   -0.8  10 0 0 1 1 2 0 9.9 41.3 10.1 41.0 80.0 100 100 28 432 0 335 0 231 232 232 2 3 2 59.9 50.0 WAIT_ACK 0 
b.1 2025-09-26 16:47:13.203 a 2025-09-26-16:47:10 112 252 343 0.4 4.2 8.0 9.6 37.9 725.9 0.00 0 0.0 15.1 24.1 24.5 3.628  -39.9   15.3    7.5  33   -0.9  10 0 0 1 1 2 0 9.9 40.8 10.2 40.6 80.0 100 100 28 432 0 319 0 231 232 232 2 3 1 59.9 50.0 WAIT_ACK 0 
b.1 2025-09-26 16:48:13.007 a 2025-09-26-16:48:10 147 249 343 0.6 4.4 7.3 9.6 39.4 725.9 0.00 0 0.0 14.9 23.8 23.4 3.634  -43.6   15.3    8.1  33   -0.9  10 0 0 1 1 2 0 9.9 41.2 10.1 41.1 80.0 100 100 28 433 0 327 0 232 232 232 2 3 2 59.9 50.0 WAIT_ACK 0 
b.1 2025-09-26 16:49:12.605 a 2025-09-26-16:49:09 093 236 271 0.4 3.8 9.1 9.6 39.4 725.9 0.00 0 0.0 15.1 24.1 24.5 3.627  -44.5   15.4    7.3  33   -0.8  10 0 0 1 1 2 0 9.9 41.6 10.2 41.3 80.0 100 100 28 433 0 321 0 231 232 232 2 3 2 59.9 50.0 WAIT_ACK 0 
b.1 2025-09-26 16:50:14.766 a 2025-09-26-16:50:11 101 244 283 0.7 4.9 7.2 9.6 37.5 725.9 0.00 0 0.0 15.0 24.1 24.5 3.628  -39.4   15.4    8.9  33   -0.8  10 0 0 1 1 2 0 10.0 40.9 10.2 40.7 80.0 100 100 28 433 0 327 0 231 232 232 2 3 1 59.9 50.0 WAIT_ACK 0 
b.1 2025-09-26 16:51:11.905 a 2025-09-26-16:51:08 142 257 354 0.5 4.4 9.6 9.5 38.4 725.9 0.00 0 0.0 15.0 24.0 24.5 3.635  -37.4   15.4    9.2  33   -0.7  10 0 0 1 1 2 0 10.0 41.5 10.2 41.5 80.0 100 100 28 433 0 322 0 231 232 232 2 3 1 59.9 50.0 WAIT_ACK 0 
b.1 2025-09-26 16:52:13.786 a 2025-09-26-16:52:10 004 247 093 0.7 3.9 7.6 9.4 41.4 725.9 0.00 0 0.0 15.0 24.1 24.5 3.628  -38.7   15.4    9.7  34   -0.5  10 0 0 1 1 2 0 10.0 42.8 10.2 42.5 80.0 100 100 28 433 0 336 0 231 232 232 2 3 2 59.9 50.0 WAIT_ACK 0 
b.1 2025-09-26 16:53:11.947 a 2025-09-26-16:53:09 121 258 300 0.3 3.1 7.3 9.4 42.2 725.9 0.00 0 0.0 15.1 24.1 24.5 3.631  -40.8   15.4    6.4  34   -0.3  10 0 0 1 1 2 0 10.0 43.7 10.2 43.5 80.0 100 100 28 432 0 322 0 232 231 232 2 3 1 59.9 50.0 WAIT_ACK 0 
b.1 2025-09-26 16:54:14.250 a 2025-09-26-16:54:11 020 250 070 0.5 4.4 8.4 9.4 43.8 725.9 0.00 0 0.0 14.9 23.9 23.4 3.635  -39.0   15.4    7.9  34   -0.3   5 0 0 1 1 2 0 10.0 44.8 10.2 44.6 80.0 100 100 28 432 0 336 0 232 232 232 2 3 2 59.9 50.0 WAIT_ACK 0 
b.1 2025-09-26 16:55:14.526 a 2025-09-26-16:55:11 026 252 105 0.9 4.9 8.1 9.4 44.3 725.9 0.00 0 0.0 14.9 23.6 23.4 3.634  -39.1   15.4   11.0  34   -0.2  13 0 0 1 1 2 0 10.0 45.7 10.2 45.5 80.0 100 100 28 432 0 334 0 232 232 232 2 3 2 59.9 50.0 WAIT_ACK 0 
b.1 2025-09-26 16:56:11.528 a 2025-09-26-16:56:08 073 274 216 0.4 5.0 8.8 9.4 44.0 726.0 0.00 0 0.0 15.1 23.8 23.4 3.634  -39.2   15.4   13.5  35    0.0  11 0 0 1 1 2 0 10.0 46.1 10.2 45.9 80.0 100 100 28 432 0 334 0 232 232 232 2 3 2 59.9 50.0 WAIT_ACK 0 
b.1 2025-09-26 16:57:12.286 a 2025-09-26-16:57:09 006 266 091 0.3 3.5 7.9 9.2 45.2 725.9 0.00 0 0.0 15.2 24.1 24.5 3.628  -37.8   15.4    7.5  35    0.0  11 0 0 1 1 2 0 10.0 46.5 10.2 46.4 80.0 100 100 28 432 0 336 0 232 232 232 2 3 2 59.9 50.0 WAIT_ACK 0 
b.1 2025-09-26 16:58:13.351 a 2025-09-26-16:58:10 136 258 308 0.4 3.5 6.1 9.3 45.4 726.0 0.00 0 0.0 15.0 24.1 24.5 3.628  -38.6   15.4    6.4  35    0.1   5 0 0 1 1 2 0 10.0 46.7 10.2 46.5 80.0 100 100 28 433 0 322 0 231 231 232 2 3 2 59.9 50.0 WAIT_ACK 0 
b.1 2025-09-26 16:59:11.665 a 2025-09-26-16:59:08 113 242 308 0.2 3.3 6.5 9.4 45.7 726.0 0.00 0 0.0 15.1 24.1 24.5 3.628  -37.5   15.5    5.9  35    0.3   5 0 0 1 1 2 0 10.0 46.8 10.3 46.7 80.0 100 100 28 433 0 337 0 231 232 232 2 3 2 59.9 50.0 WAIT_ACK 0 
b.1 2025-09-26 17:00:14.588 a 2025-09-26-17:00:11 096 248 312 0.3 3.5 6.3 9.6 45.8 726.0 0.00 0 0.0 15.1 24.1 24.5 3.627  -37.5   15.5    5.8  36    0.4   8 0 0 1 1 2 0 10.1 47.2 10.3 46.9 80.0 100 100 28 432 0 327 0 232 231 232 2 3 1 59.9 50.0 WAIT_ACK 0 
b.1 2025-09-26 17:01:13.648 a 2025-09-26-17:01:10 108 256 351 0.2 2.5 6.5 9.7 45.8 726.0 0.00 0 0.0 15.4 24.1 24.5 3.627  -36.3   15.6    3.9  36    0.5   8 0 0 1 1 2 0 10.1 47.1 10.3 46.9 80.0 100 100 28 432 0 329 0 232 232 232 2 3 2 59.9 50.0 WAIT_ACK 0 
b.1 2025-09-26 17:02:13.207 a 2025-09-26-17:02:10 105 243 293 0.1 3.4 7.7 9.8 45.6 726.0 0.00 0 0.0 15.3 24.1 24.5 3.628  -40.3   15.7    5.0  36    0.7   8 0 0 1 1 2 0 10.1 47.4 10.4 47.0 80.0 100 100 28 432 0 323 0 231 232 232 2 3 1 59.9 50.0 WAIT_ACK 0 
b.1 2025-09-26 17:03:12.627 a 2025-09-26-17:03:09 080 282 180 0.4 3.3 6.6 9.8 45.3 726.0 0.00 0 0.0 15.1 24.1 24.5 3.627  -37.9   15.7    5.2  36    0.7   8 0 0 1 1 2 0 10.2 47.6 10.4 47.2 80.0 100 100 28 432 0 334 0 232 231 232 2 3 2 59.9 50.0 WAIT_ACK 0 
b.1 2025-09-26 17:04:12.707 a 2025-09-26-17:04:09 169 258 332 0.5 4.7 7.1 9.8 45.3 726.0 0.00 0 0.0 14.9 23.7 23.4 3.634  -40.7   15.8    9.3  36    0.7  12 0 0 1 1 2 0 10.2 47.7 10.4 47.4 80.0 100 100 28 432 0 337 0 231 232 232 2 3 2 59.9 50.0 WAIT_ACK 0 
b.1 2025-09-26 17:05:16.484 a 2025-09-26-17:05:13 204 252 351 0.2 3.6 6.2 9.6 46.9 726.0 0.00 0 0.0 15.1 24.1 24.5 3.635  -37.3   15.9    8.1  36    0.7  10 0 0 1 1 2 0 10.2 48.2 10.4 47.9 80.0 100 100 28 432 0 331 0 231 232 232 2 3 2 59.9 50.0 WAIT_ACK 0 
b.1 2025-09-26 17:06:13.229 a 2025-09-26-17:06:10 126 243 280 0.2 4.0 7.2 9.6 47.0 726.0 0.00 0 0.0 14.9 23.7 23.4 3.634  -39.4   15.9    8.4  36    0.9  10 0 0 1 1 2 0 10.2 48.7 10.4 48.4 80.0 100 100 28 432 0 337 0 231 232 232 2 3 2 59.9 50.0 WAIT_ACK 0 
b.1 2025-09-26 17:07:13.349 a 2025-09-26-17:07:10 103 254 287 0.1 3.0 6.3 9.6 47.3 726.0 0.00 0 0.0 15.4 24.1 24.5 3.628  -37.6   15.9    6.3  36    1.0   5 0 0 1 1 2 0 10.2 49.0 10.4 48.8 80.0 100 100 28 432 0 335 0 231 232 232 2 3 2 59.9 50.0 WAIT_ACK 0 
b.1 2025-09-26 17:08:12.726 a 2025-09-26-17:08:09 182 233 263 1.2 4.0 5.9 9.6 47.5 726.0 0.00 0 0.0 15.0 24.1 24.5 3.628  -37.5   15.9    6.4  36    1.0  10 0 0 1 1 2 0 10.2 49.3 10.4 49.0 80.0 100 100 28 432 0 337 0 231 232 232 2 3 2 59.9 50.0 WAIT_ACK 0 
b.1 2025-09-26 17:09:14.528 a 2025-09-26-17:09:11 112 241 333 0.3 4.1 7.4 9.6 47.0 726.0 0.00 0 0.0 15.0 24.1 24.5 3.634  -38.0   15.9    7.0  36    1.0   9 0 0 1 1 2 0 10.2 49.2 10.4 49.0 80.0 100 100 28 433 0 319 0 231 232 232 2 3 2 59.9 50.0 WAIT_ACK 0 
b.1 2025-09-26 17:10:14.351 a 2025-09-26-17:10:11 121 243 294 0.2 4.2 7.0 9.6 46.5 726.0 0.00 0 0.0 14.9 24.0 24.4 3.628  -37.1   15.9    8.4  36    1.0   9 0 0 1 1 2 0 10.2 49.0 10.4 48.8 80.0 100 100 28 432 0 332 0 231 231 232 2 3 2 59.9 50.0 WAIT_ACK 0 
b.1 2025-09-26 17:11:12.805 a 2025-09-26-17:11:09 121 269 357 0.2 3.5 7.4 9.5 48.2 726.0 0.00 0 0.0 15.0 23.8 23.4 3.635  -37.3   15.9    8.4  36    1.0   9 0 0 1 1 2 0 10.2 49.1 10.4 48.9 80.0 100 100 28 432 0 330 0 231 232 232 2 3 1 59.9 50.0 WAIT_ACK 0 
b.1 2025-09-26 17:12:12.891 a 2025-09-26-17:12:09 147 244 307 0.3 4.7 7.6 9.4 47.6 726.0 0.00 0 0.0 15.0 24.1 24.5 3.628  -39.5   15.9    9.3  37    1.1   9 0 0 1 1 2 0 10.2 49.4 10.5 49.1 80.0 100 100 28 433 0 332 0 232 232 232 2 3 2 59.9 50.0 WAIT_ACK 0 
b.1 2025-09-26 17:13:12.407 a 2025-09-26-17:13:09 125 250 337 0.4 3.6 6.6 9.4 49.1 726.0 0.00 0 0.0 15.2 24.1 24.5 3.633  -37.7   15.9    7.8  37    1.1   9 0 0 1 1 2 0 10.2 49.4 10.4 49.1 80.0 100 100 28 433 0 329 0 232 232 232 2 3 2 59.9 50.0 WAIT_ACK 0 
b.1 2025-09-26 17:14:14.069 a 2025-09-26-17:14:11 002 245 208 0.5 4.2 6.7 9.5 49.0 726.1 0.00 0 0.0 15.0 23.8 23.4 3.635  -37.3   15.9    8.4  37    1.1   9 0 0 1 1 2 0 10.2 49.8 10.5 49.4 80.0 100 100 28 432 0 327 0 231 232 232 2 3 2 59.9 50.0 WAIT_ACK 0 
b.1 2025-09-26 17:15:15.489 a 2025-09-26-17:15:12 003 245 098 0.3 3.0 5.9 9.5 49.3 726.1 0.00 0 0.0 15.5 24.1 24.5 3.634  -35.7   15.9    6.0  37    1.2   5 0 0 1 1 2 0 10.2 50.1 10.5 49.7 80.0 100 100 28 433 0 330 0 232 232 232 2 3 2 59.9 50.0 WAIT_ACK 0 
b.1 2025-09-26 17:16:14.627 a 2025-09-26-17:16:11 083 247 292 0.4 3.3 5.9 9.5 49.3 726.1 0.00 0 0.0 15.2 24.1 24.5 3.628  -38.0   16.0    6.2  37    1.3  10 0 0 1 1 2 0 10.2 50.3 10.5 49.9 80.0 100 100 28 433 0 327 0 231 232 232 2 3 2 59.9 50.0 WAIT_ACK 0 
b.1 2025-09-26 17:17:12.951 a 2025-09-26-17:17:09 190 244 316 0.4 3.5 5.4 9.5 49.9 726.1 0.00 0 0.0 15.2 24.1 24.5 3.628  -36.0   16.0    6.2  37    1.4   8 0 0 1 1 2 0 10.3 50.7 10.5 50.3 80.0 100 100 28 433 0 333 0 232 231 232 2 3 2 60.0 50.0 WAIT_ACK 0 
b.1 2025-09-26 17:18:12.928 a 2025-09-26-17:18:09 088 235 281 0.3 3.7 6.9 9.5 47.4 726.0 0.00 0 0.0 15.0 23.8 23.4 3.634  -37.8   16.1    7.2  37    1.4   8 0 0 1 1 2 0 10.3 50.0 10.5 49.7 80.0 100 100 28 433 0 335 0 232 232 232 2 3 1 59.9 50.0 WAIT_ACK 0 
b.1 2025-09-26 17:19:13.713 a 2025-09-26-17:19:10 108 239 315 0.3 2.6 4.4 9.6 48.2 726.0 0.00 0 0.0 15.5 24.1 24.5 3.633  -38.2   16.1    5.1  37    1.4   8 0 0 1 1 2 0 10.3 49.9 10.5 49.6 80.0 100 100 28 433 0 320 0 231 232 232 2 3 2 59.9 50.0 WAIT_ACK 0 
b.1 2025-09-26 17:20:16.194 a 2025-09-26-17:20:13 148 256 333 0.3 3.1 5.7 9.6 48.7 726.0 0.00 0 0.0 15.3 24.1 24.5 3.628  -36.1   16.2    5.0  37    1.5   8 0 0 1 1 2 0 10.3 50.2 10.6 49.6 80.0 100 100 28 432 0 330 0 232 232 232 2 3 2 59.9 50.0 WAIT_ACK 0 
b.1 2025-09-26 17:21:11.915 a 2025-09-26-17:21:08 210 265 312 0.6 3.1 5.2 9.6 47.7 726.0 0.00 0 0.0 15.6 24.1 24.5 3.628  -39.8   16.2    4.9  37    1.5   5 0 0 1 1 2 0 10.3 50.0 10.6 49.6 80.0 100 100 28 433 0 328 0 231 232 232 2 3 2 59.9 50.0 WAIT_ACK 0 
b.1 2025-09-26 17:22:11.668 a 2025-09-26-17:22:08 208 240 286 0.4 2.9 5.0 9.7 48.9 726.0 0.00 0 0.0 15.8 24.1 24.5 3.628  -35.9   16.3    4.8  37    1.5   5 0 0 1 1 2 0 10.3 50.1 10.6 49.5 80.0 100 100 28 433 0 335 0 231 232 232 2 3 1 59.9 50.0 WAIT_ACK 0 
b.1 2025-09-26 17:23:15.328 a 2025-09-26-17:23:12 107 246 284 0.3 3.6 6.3 9.7 48.9 726.0 0.00 0 0.0 15.5 24.1 24.5 3.627  -36.0   16.4    5.9  37    1.7  11 0 0 1 1 2 0 10.4 50.1 10.7 49.4 80.0 100 100 28 433 0 335 0 231 232 232 2 3 2 59.9 50.0 WAIT_ACK 0 
b.1 2025-09-26 17:24:13.790 a 2025-09-26-17:24:10 092 238 303 0.3 3.5 5.7 9.8 46.3 726.0 0.00 0 0.0 15.3 24.1 24.5 3.627  -35.9   16.5    6.1  37    1.7   9 0 0 1 1 2 0 10.4 49.4 10.7 49.0 80.0 100 100 28 432 0 337 0 232 232 232 2 3 2 60.0 50.0 WAIT_ACK 0 
b.1 2025-09-26 17:25:12.371 a 2025-09-26-17:25:09 143 236 355 0.7 4.3 7.5 9.8 47.6 726.0 0.00 0 0.0 15.1 24.1 24.5 3.628  -39.5   16.5    7.5  37    1.6   9 0 0 1 1 2 0 10.4 49.4 10.7 48.9 80.0 100 100 28 433 0 332 0 231 232 232 2 3 2 60.0 50.0 WAIT_ACK 0 
b.1 2025-09-26 17:26:15.551 a 2025-09-26-17:26:12 117 238 333 0.2 3.0 6.7 9.8 47.3 726.0 0.00 0 0.0 15.3 24.1 24.5 3.628  -39.7   16.5    6.1  37    1.7   9 0 0 1 1 2 0 10.4 49.6 10.7 49.1 80.0 100 100 28 432 0 331 0 232 232 232 2 3 2 60.0 50.0 WAIT_ACK 0 
b.1 2025-09-26 17:27:12.292 a 2025-09-26-17:27:09 142 235 299 0.4 3.0 5.6 9.8 48.6 726.0 0.00 0 0.0 15.5 24.1 24.5 3.628  -37.1   16.5    5.2  37    1.7   9 0 0 1 1 2 0 10.4 49.5 10.7 49.0 80.0 100 100 28 433 0 328 0 231 232 232 2 3 2 59.9 50.0 WAIT_ACK 0 
b.1 2025-09-26 17:28:12.990 a 2025-09-26-17:28:09 132 239 288 0.2 3.0 5.7 9.8 48.8 726.0 0.00 0 0.0 15.6 24.1 24.5 3.628  -36.6   16.6    4.9  37    1.8   5 0 0 1 1 2 0 10.4 49.7 10.7 49.2 80.0 100 100 28 432 0 335 0 231 231 232 2 3 2 60.0 50.0 WAIT_ACK 0 
b.1 2025-09-26 17:29:12.614 a 2025-09-26-17:29:09 118 241 282 0.6 3.5 5.6 9.8 48.2 726.0 0.00 0 0.0 15.6 24.1 24.5 3.628  -35.8   16.6    5.4  37    1.8   5 0 0 1 1 2 0 10.5 49.7 10.7 49.2 80.0 100 100 28 432 0 325 0 231 232 232 2 3 2 60.0 50.0 WAIT_ACK 0 
b.1 2025-09-26 17:30:15.812 a 2025-09-26-17:30:12 198 235 358 0.2 2.5 4.8 9.8 47.3 726.0 0.00 0 0.0 15.9 24.1 24.4 3.628  -36.0   16.6    4.5  37    1.7   7 0 0 1 1 2 0 10.5 49.4 10.8 49.1 80.0 100 100 28 433 0 331 0 231 232 232 2 3 1 60.0 50.0 WAIT_ACK 0 
b.1 2025-09-26 17:31:12.516 a 2025-09-26-17:31:09 254 225 259 0.1 1.5 4.9 9.8 48.0 726.0 0.00 0 0.0 16.5 24.1 24.4 3.628  -34.9   16.7    3.1  37    1.8   7 0 0 1 1 2 0 10.5 49.1 10.8 48.6 80.0 100 100 28 431 0 337 0 232 232 232 2 3 2 60.0 50.0 WAIT_ACK 0 
b.1 2025-09-26 17:32:12.634 a 2025-09-26-17:32:09 111 270 263 0.1 1.1 2.5 9.9 49.5 726.0 0.00 0 0.0 17.5 24.1 24.5 3.634  -34.1   16.7    2.5  37    1.9   5 0 0 1 1 2 0 10.5 49.1 10.8 48.7 80.0 100 100 28 433 0 320 0 232 232 232 2 3 1 60.0 50.0 WAIT_ACK 0 
b.1 2025-09-26 17:33:12.711 a 2025-09-26-17:33:09 014 239 324 0.1 1.1 3.8 10.0 48.0 726.0 0.00 0 0.0 18.1 24.1 24.5 3.631  -35.2   16.7    2.3  37    2.0   0 0 0 1 1 2 0 10.5 49.6 10.9 48.9 80.0 100 100 28 429 0 323 0 232 232 232 2 3 2 59.9 50.0 WAIT_ACK 0 
b.1 2025-09-26 17:34:12.371 a 2025-09-26-17:34:09 117 238 356 0.1 2.3 5.2 10.2 46.9 726.0 0.00 0 0.0 18.4 24.1 24.5 3.628  -36.8   16.7    2.5  37    2.0   5 0 0 1 1 2 0 10.5 49.8 11.0 48.8 80.0 100 100 28 432 0 322 0 231 232 232 2 3 2 60.0 50.0 WAIT_ACK 0 
b.1 2025-09-26 17:35:14.451 a 2025-09-26-17:35:11 017 224 069 0.1 1.2 3.6 10.3 48.4 726.0 0.00 0 0.0 18.6 24.1 24.5 3.634  -33.4   16.8    2.2  37    2.1   5 0 0 1 1 2 0 10.6 49.7 11.0 48.7 80.0 100 100 28 432 0 332 0 231 232 232 2 3 2 60.0 50.0 WAIT_ACK 0 
b.1 2025-09-26 17:36:13.835 a 2025-09-26-17:36:10 307 244 335 0.1 1.0 2.3 10.3 48.0 726.0 0.00 0 0.0 19.4 24.1 24.5 3.627  -33.2   17.0    2.2  37    2.2   0 0 0 1 1 2 0 10.6 49.6 11.1 48.6 80.0 100 100 28 433 0 335 0 231 232 232 2 3 1 60.0 50.0 WAIT_ACK 0 
b.1 2025-09-26 17:37:13.638 a 2025-09-26-17:37:10 104 269 352 0.0 1.3 3.7 10.4 48.7 726.0 0.00 0 0.0 19.9 24.1 24.5 3.628  -34.5   17.1    2.2  37    2.4   5 0 0 1 1 2 0 10.6 49.7 11.1 48.7 80.0 100 100 28 432 0 325 0 232 232 232 2 3 1 60.0 50.0 WAIT_ACK 0 
b.1 2025-09-26 17:38:12.036 a 2025-09-26-17:38:09 112 268 245 0.1 1.5 5.3 10.5 47.0 726.0 0.00 0 0.0 19.8 24.1 24.5 3.628  -34.7   17.3    2.2  37    2.5   5 0 0 1 1 2 0 10.7 49.9 11.1 48.9 80.0 100 100 28 433 0 337 0 231 231 232 2 3 1 60.0 50.0 WAIT_ACK 0 
b.1 2025-09-26 17:39:12.859 a 2025-09-26-17:39:09 029 249 135 0.2 1.8 6.0 10.6 46.2 726.0 0.00 0 0.0 19.8 24.1 24.5 3.628  -38.3   17.3    2.3  37    2.5   5 0 0 1 1 2 0 10.7 49.9 11.1 48.8 80.0 100 100 28 432 0 324 0 231 232 232 2 3 2 60.0 50.0 WAIT_ACK 0 
b.1 2025-09-26 17:40:15.451 a 2025-09-26-17:40:12 124 238 284 0.1 2.9 5.9 10.6 45.0 725.9 0.00 0 0.0 18.5 24.1 24.4 3.628  -40.3   17.4    2.9  37    2.4   5 0 0 1 1 2 0 10.7 49.7 11.2 48.7 80.0 100 100 28 432 0 332 0 231 231 232 2 3 2 60.0 50.0 WAIT_ACK 0 
b.1 2025-09-26 17:41:11.496 a 2025-09-26-17:41:08 020 252 110 0.2 2.3 5.3 10.5 45.0 725.9 0.00 0 0.0 18.3 24.1 24.4 3.631  -37.9   17.4    2.9  36    2.4   5 0 0 1 1 2 0 10.8 49.6 11.2 48.3 80.0 100 100 28 432 0 330 0 232 232 232 2 3 2 60.0 50.0 WAIT_ACK 0 
b.1 2025-09-26 17:42:12.835 a 2025-09-26-17:42:09 198 243 295 2.0 3.5 4.9 10.4 45.8 726.0 0.00 0 0.0 17.6 24.1 24.5 3.627  -38.1   17.5    4.2  36    2.3   8 0 0 1 1 2 0 10.8 48.8 11.3 47.9 80.0 100 100 28 432 0 326 0 232 231 232 2 3 2 60.0 50.0 WAIT_ACK 0 
b.1 2025-09-26 17:43:12.256 a 2025-09-26-17:43:09 180 227 352 0.4 3.1 5.2 10.3 47.8 726.0 0.00 0 0.0 17.0 24.1 24.5 3.628  -37.9   17.5    4.3  36    2.4   8 0 0 1 1 2 0 10.8 48.4 11.3 47.5 80.0 100 100 28 433 0 333 0 231 231 232 2 3 1 60.0 50.0 WAIT_ACK 0 
b.1 2025-09-26 17:44:14.976 a 2025-09-26-17:44:12 100 218 276 0.1 1.5 4.4 10.3 48.5 726.0 0.00 0 0.0 17.8 24.1 24.5 3.628  -33.9   17.6    2.9  36    2.4   0 0 0 1 1 2 0 10.9 48.6 11.3 47.6 80.0 100 100 28 433 0 326 0 232 232 232 2 3 2 60.0 50.0 WAIT_ACK 0 
b.1 2025-09-26 17:45:14.273 a 2025-09-26-17:45:11 288 223 351 0.2 2.2 4.6 10.4 45.4 726.0 0.00 0 0.0 18.1 24.1 24.5 3.628  -35.8   17.6    3.0  36    2.5   5 0 0 1 1 2 0 10.9 48.6 11.4 47.5 80.0 100 100 28 433 0 329 0 231 232 232 2 3 2 59.9 50.0 WAIT_ACK 0 
b.1 2025-09-26 17:46:12.318 a 2025-09-26-17:46:09 121 228 273 0.3 2.2 4.8 10.4 45.4 726.0 0.00 0 0.0 18.2 24.1 24.4 3.634  -36.0   17.6    2.9  36    2.5   5 0 0 1 1 2 0 10.9 48.4 11.4 47.3 80.0 100 100 28 433 0 337 0 232 231 232 2 3 2 59.9 50.0 WAIT_ACK 0 
b.1 2025-09-26 17:47:12.960 a 2025-09-26-17:47:09 105 233 284 0.5 3.2 4.8 10.4 47.0 726.0 0.00 0 0.0 17.7 24.1 24.5 3.628  -37.1   17.6    3.8  36    2.4   5 0 0 1 1 2 0 10.9 48.5 11.4 47.3 80.0 100 100 28 432 0 337 0 232 232 232 2 3 1 59.9 50.0 WAIT_ACK 0 
b.1 2025-09-26 17:48:15.535 a 2025-09-26-17:48:12 021 206 294 0.1 2.2 5.1 10.3 43.2 725.9 0.00 0 0.0 17.6 24.1 24.5 3.626  -34.3   17.6    3.0  36    2.3   6 0 0 1 1 2 0 10.9 48.3 11.5 47.3 80.0 100 100 28 432 0 337 0 231 232 232 2 3 2 59.9 50.0 WAIT_ACK 0 
b.1 2025-09-26 17:49:13.334 a 2025-09-26-17:49:10 027 223 325 0.1 1.3 3.4 10.3 42.8 725.9 0.00 0 0.0 18.6 24.1 24.5 3.627  -36.0   17.6    2.6  36    2.2   6 0 0 1 1 2 0 11.0 47.9 11.5 46.7 80.0 100 100 28 433 0 333 0 232 232 232 2 3 2 59.9 50.0 WAIT_ACK 0 
b.1 2025-09-26 17:50:13.775 a 2025-09-26-17:50:10 042 258 065 0.2 1.5 4.0 10.3 46.9 725.9 0.00 0 0.0 19.0 24.1 24.5 3.631  -33.6   17.7    2.4  36    2.4   0 0 0 1 1 2 0 11.0 47.7 11.5 46.5 80.0 100 100 28 432 0 334 0 231 232 232 2 3 1 60.0 50.0 WAIT_ACK 0 
b.1 2025-09-26 17:51:14.038 a 2025-09-26-17:51:11 280 300 304 0.2 1.6 3.8 10.4 47.6 725.9 0.00 0 0.0 19.3 24.1 24.5 3.634  -34.0   17.8    2.5  36    2.6   5 0 0 1 1 2 0 11.0 48.2 11.6 47.1 80.0 100 100 28 432 0 337 0 231 232 232 2 3 2 59.9 50.0 WAIT_ACK 0 
b.1 2025-09-26 17:52:12.539 a 2025-09-26-17:52:09 116 325 241 0.1 1.4 3.4 10.6 49.1 725.9 0.00 0 0.0 19.8 24.1 24.5 3.627  -33.5   17.8    2.3  36    2.7   0 0 0 1 1 2 0 11.0 49.3 11.6 47.8 80.0 100 100 28 432 0 337 0 231 231 232 2 3 2 59.9 50.0 WAIT_ACK 0 
b.1 2025-09-26 17:53:12.196 a 2025-09-26-17:53:09 251 298 295 0.1 1.0 5.7 10.7 49.4 725.9 0.00 0 0.0 20.5 24.1 24.5 3.628  -34.2   17.8    2.2  37    2.8   0 0 0 1 1 2 0 11.0 49.8 11.6 48.2 80.0 100 100 28 432 0 317 0 232 232 232 2 3 2 59.9 50.0 WAIT_ACK 0 
b.1 2025-09-26 17:54:13.759 a 2025-09-26-17:54:10 004 316 249 0.3 3.2 5.7 10.8 49.2 725.9 0.00 0 0.0 19.9 24.1 24.4 3.634  -37.3   17.9    2.7  37    2.9   5 0 0 1 1 2 0 11.0 50.4 11.6 48.8 80.0 100 100 28 432 0 318 0 231 231 232 2 3 2 59.9 50.0 WAIT_ACK 0 
b.1 2025-09-26 17:55:14.536 a 2025-09-26-17:55:11 011 298 168 0.5 3.3 6.0 10.8 49.0 725.9 0.00 0 0.0 18.8 24.1 24.4 3.628  -34.9   18.0    3.5  36    2.8   5 0 0 1 1 2 0 11.0 50.6 11.6 49.1 80.0 100 100 28 432 0 319 0 232 232 232 2 3 2 59.9 50.0 WAIT_ACK 0 
b.1 2025-09-26 17:56:11.555 a 2025-09-26-17:56:08 043 293 168 0.2 2.7 4.1 10.6 50.0 726.0 0.00 0 0.0 18.7 24.1 24.5 3.627  -35.3   18.0    4.0  36    2.9   5 0 0 1 1 2 0 11.0 51.1 11.6 49.4 80.0 100 100 28 432 0 324 0 232 232 232 2 3 2 59.9 50.0 WAIT_ACK 0 
b.1 2025-09-26 17:57:14.563 a 2025-09-26-17:57:11 096 322 266 0.2 1.8 3.4 10.5 51.2 726.0 0.00 0 0.0 19.0 24.1 24.5 3.635  -35.0   18.1    2.9  37    3.1   5 0 0 1 1 2 0 11.0 51.5 11.6 49.7 80.0 100 100 28 430 0 328 0 231 231 232 2 3 2 60.0 50.0 WAIT_ACK 0 
b.1 2025-09-26 17:58:13.099 a 2025-09-26-17:58:10 061 291 094 0.1 1.7 3.3 10.5 50.2 726.0 0.00 0 0.0 19.4 24.1 24.5 3.628  -34.4   18.1    2.8  37    3.1   5 0 0 1 1 2 0 11.0 51.7 11.6 50.0 80.0 100 100 28 432 0 334 0 232 231 232 2 3 1 60.0 50.0 WAIT_ACK 0 
b.1 2025-09-26 17:59:12.796 a 2025-09-26-17:59:09 270 215 290 0.1 0.8 2.7 10.6 49.3 726.0 0.00 0 0.0 20.2 24.1 24.5 3.628  -34.4   18.2    2.3  37    3.2   0 0 0 1 1 2 0 11.0 51.6 11.7 49.9 80.0 100 100 28 432 0 335 0 231 232 232 2 3 1 60.0 50.0 WAIT_ACK 0 
b.1 2025-09-26 18:00:19.236 a 2025-09-26-18:00:16 112 227 295 0.1 2.4 4.7 10.8 48.6 726.0 0.00 0 0.0 20.0 24.1 24.4 3.635  -36.5   18.2    2.6  37    3.2   5 0 0 1 1 2 0 11.0 51.8 11.7 49.9 80.0 100 100 28 432 0 329 0 232 232 232 2 3 2 60.0 50.0 WAIT_ACK 0 
b.1 2025-09-26 18:01:13.516 a 2025-09-26-18:01:10 280 223 296 0.3 1.9 4.0 10.8 46.0 726.0 0.00 0 0.0 19.8 24.1 24.4 3.628  -35.2   18.1    2.6  36    3.0   5 0 0 1 1 2 0 11.0 51.3 11.7 49.4 80.0 100 100 28 432 0 337 0 232 232 232 2 3 2 59.9 50.0 WAIT_ACK 0 
b.1 2025-09-26 18:02:12.655 a 2025-09-26-18:02:09 013 247 059 0.2 2.7 6.4 10.8 46.1 726.0 0.00 0 0.0 18.9 24.1 24.4 3.628  -37.6   18.1    3.2  36    2.9   5 0 0 1 1 2 0 11.1 50.7 11.7 48.8 80.0 100 100 28 432 0 334 0 231 231 232 2 3 2 59.9 50.0 WAIT_ACK 0 
b.1 2025-09-26 18:03:11.400 a 2025-09-26-18:03:08 144 266 358 0.4 2.3 3.9 10.6 48.1 726.0 0.00 0 0.0 18.4 24.1 24.5 3.628  -34.7   18.0    3.5  36    2.8   5 0 0 1 1 2 0 11.1 50.4 11.7 48.8 80.0 100 100 28 432 0 334 0 231 232 232 2 3 1 60.0 50.0 WAIT_ACK 0 
b.1 2025-09-26 18:04:13.315 a 2025-09-26-18:04:10 035 270 070 0.1 1.7 3.5 10.4 49.1 726.0 0.00 0 0.0 18.8 24.1 24.5 3.628  -34.2   18.0    3.1  36    2.9   5 0 0 1 1 2 0 11.1 50.6 11.7 49.0 80.0 100 100 28 432 0 329 0 232 232 232 2 3 2 59.9 50.0 WAIT_ACK 0 
b.1 2025-09-26 18:05:15.956 a 2025-09-26-18:05:12 077 274 112 0.1 2.5 5.1 10.3 48.0 726.0 0.00 0 0.0 18.5 24.1 24.4 3.628  -34.4   18.0    3.7  36    2.9   5 0 0 1 1 2 0 11.1 50.8 11.7 49.2 80.0 100 100 28 433 0 331 0 232 232 232 2 3 2 59.9 50.0 WAIT_ACK 0 
b.1 2025-09-26 18:06:12.223 a 2025-09-26-18:06:09 045 299 103 0.1 1.4 2.8 10.2 49.4 726.0 0.00 0 0.0 19.3 24.1 24.5 3.628  -33.7   18.0    2.8  36    2.9   0 0 0 1 1 2 0 11.1 50.7 11.6 49.2 80.0 100 100 28 432 0 335 0 231 232 232 2 3 2 59.9 50.0 WAIT_ACK 0 
b.1 2025-09-26 18:07:11.559 a 2025-09-26-18:07:08 103 272 279 0.2 1.5 5.9 10.2 47.7 725.9 0.00 0 0.0 19.5 24.1 24.4 3.628  -36.3   18.0    2.8  36    2.9   5 0 0 1 1 2 0 11.0 50.8 11.6 49.3 80.0 100 100 28 432 0 335 0 231 232 232 2 3 2 59.9 50.0 WAIT_ACK 0 
b.1 2025-09-26 18:08:13.996 a 2025-09-26-18:08:10 075 227 308 0.1 1.0 3.1 10.3 49.2 725.9 0.00 0 0.0 20.1 24.1 24.5 3.628  -34.3   18.0    2.3  36    2.9   5 0 0 1 1 2 0 11.0 50.5 11.6 49.0 80.0 100 100 28 433 0 320 0 231 232 232 2 3 2 59.9 50.0 WAIT_ACK 0 
b.1 2025-09-26 18:09:11.259 a 2025-09-26-18:09:08 049 305 126 0.0 0.9 3.5 10.6 49.1 725.9 0.00 0 0.0 21.1 24.1 24.5 3.627  -34.1   18.0    2.2  37    3.0   0 0 0 1 1 2 0 11.0 50.5 11.6 49.0 80.0 100 100 28 433 0 317 0 231 232 232 2 3 2 59.9 50.0 WAIT_ACK 0 
b.1 2025-09-26 18:10:15.276 a 2025-09-26-18:10:12 017 283 070 0.1 2.1 4.4 10.8 49.1 725.9 0.00 0 0.0 20.6 24.1 24.4 3.626  -36.2   17.9    2.4  37    3.0   5 0 0 1 1 2 0 11.1 50.8 11.7 49.2 80.0 100 100 28 433 0 330 0 232 232 232 2 3 2 59.9 50.0 WAIT_ACK 0 
b.1 2025-09-26 18:11:13.540 a 2025-09-26-18:11:10 010 312 182 0.2 3.2 5.8 10.7 47.4 725.9 0.00 0 0.0 19.7 24.1 24.5 3.627  -34.6   17.9    3.1  37    2.9   5 0 0 1 1 2 0 11.1 50.7 11.7 49.2 80.0 100 100 28 432 0 326 0 231 232 232 2 3 2 59.9 50.0 WAIT_ACK 0 
b.1 2025-09-26 18:12:12.819 a 2025-09-26-18:12:09 211 286 348 0.3 2.7 5.4 10.5 49.9 725.9 0.00 0 0.0 19.3 24.1 24.5 3.628  -34.8   18.0    3.6  37    2.9   5 0 0 1 1 2 0 11.0 50.6 11.7 49.0 80.0 100 100 28 433 0 332 0 231 232 232 2 3 2 59.9 50.0 WAIT_ACK 0 
b.1 2025-09-26 18:13:12.799 a 2025-09-26-18:13:09 101 321 210 0.2 2.1 4.7 10.5 51.5 725.9 0.00 0 0.0 19.3 24.1 24.5 3.637  -36.3   18.0    3.2  37    3.1   0 0 0 1 1 2 0 11.1 51.0 11.7 49.5 80.0 100 100 28 432 0 322 0 231 232 232 2 3 2 59.9 50.0 WAIT_ACK 0 
b.1 2025-09-26 18:14:13.263 a 2025-09-26-18:14:10 066 292 228 0.3 2.1 4.7 10.5 50.9 725.9 0.00 0 0.0 19.2 24.1 24.5 3.628  -34.3   18.0    3.3  37    3.0   5 0 0 1 1 2 0 11.1 51.5 11.7 50.2 80.0 100 100 28 432 0 335 0 231 232 232 2 3 1 59.9 50.0 WAIT_ACK 0 
b.1 2025-09-26 18:15:14.357 a 2025-09-26-18:15:11 111 252 333 0.1 1.3 5.2 10.5 49.9 725.9 0.00 0 0.0 19.7 24.1 24.5 3.628  -37.0   18.0    2.6  37    3.2   5 0 0 1 1 2 0 11.1 52.0 11.7 50.3 80.0 100 100 28 433 0 335 0 232 232 232 2 3 2 59.9 50.0 WAIT_ACK 0 
b.1 2025-09-26 18:16:14.303 a 2025-09-26-18:16:11 094 292 191 0.2 1.4 4.7 10.6 50.0 725.9 0.00 0 0.0 19.9 24.1 24.5 3.634  -33.8   18.0    2.5  37    3.2   5 0 0 1 1 2 0 11.1 51.8 11.7 50.2 80.0 100 100 28 421 0 333 0 232 232 232 2 3 1 59.9 50.0 WAIT_ACK 0 
b.1 2025-09-26 18:17:12.559 a 2025-09-26-18:17:09 224 250 266 0.1 0.9 2.8 10.8 49.4 725.9 0.00 0 0.0 20.6 24.1 24.5 3.634  -34.8   18.0    2.2  37    3.3   5 0 0 1 1 2 0 11.1 51.7 11.8 50.0 80.0 100 100 28 433 0 321 0 231 232 232 2 3 2 59.9 50.0 WAIT_ACK 0 
b.1 2025-09-26 18:18:10.982 a 2025-09-26-18:18:07 090 243 282 0.2 1.4 3.2 10.8 49.4 725.9 0.00 0 0.0 20.8 24.1 24.5 3.628  -34.9   18.0    2.3  37    3.2   0 0 0 1 1 2 0 11.2 51.6 11.8 49.8 80.0 100 100 28 432 0 327 0 231 232 232 2 3 1 59.9 50.0 WAIT_ACK 0 
b.1 2025-09-26 18:19:14.861 a 2025-09-26-18:19:11 008 263 072 0.2 1.5 3.8 10.9 49.4 725.9 0.00 0 0.0 20.8 24.1 24.4 3.627  -33.6   17.9    2.3  37    3.2   5 0 0 1 1 2 0 11.2 51.7 11.9 49.9 80.0 100 100 28 432 0 337 0 231 232 232 2 3 1 59.9 50.0 WAIT_ACK 0 
b.1 2025-09-26 18:20:15.957 a 2025-09-26-18:20:12 093 225 288 0.1 2.2 3.6 11.0 48.4 725.9 0.00 0 0.0 20.3 24.1 24.5 3.628  -34.0   17.9    2.5  37    3.2   5 0 0 1 1 2 0 11.2 51.3 11.9 49.6 80.0 100 100 28 433 0 335 0 232 232 232 2 3 1 59.9 50.0 WAIT_ACK 0 
b.1 2025-09-26 18:21:12.538 a 2025-09-26-18:21:09 032 267 074 0.1 1.8 3.6 10.9 48.7 725.9 0.00 0 0.0 20.1 24.1 24.5 3.629  -33.2   17.9    2.5  37    3.2   0 0 0 1 1 2 0 11.2 51.4 11.9 49.6 80.0 100 100 28 432 0 324 0 232 232 232 2 3 2 59.9 50.0 WAIT_ACK 0 
b.1 2025-09-26 18:22:13.621 a 2025-09-26-18:22:10 317 258 336 0.1 1.2 4.0 10.8 50.4 725.9 0.00 0 0.0 20.5 24.1 24.5 3.628  -32.6   17.9    2.3  38    3.4   0 0 0 1 1 2 0 11.3 51.5 11.9 49.9 80.0 100 100 28 432 0 329 0 231 232 232 2 3 2 59.9 50.0 WAIT_ACK 0 
b.1 2025-09-26 18:23:14.700 a 2025-09-26-18:23:11 285 282 296 0.2 2.2 4.9 10.9 50.1 725.9 0.00 0 0.0 20.4 24.1 24.5 3.628  -35.7   18.0    2.6  38    3.4   5 0 0 1 1 2 0 11.3 51.9 11.9 50.4 80.0 100 100 28 432 0 322 0 231 232 232 2 3 2 60.0 50.0 WAIT_ACK 0 
b.1 2025-09-26 18:24:12.164 a 2025-09-26-18:24:09 025 283 111 0.2 1.4 4.3 11.0 48.3 725.9 0.00 0 0.0 20.5 24.1 24.5 3.627  -32.7   18.0    2.4  38    3.4   0 0 0 1 1 2 0 11.3 52.0 11.9 50.4 80.0 100 100 28 433 0 337 0 231 232 232 2 3 1 59.9 50.0 WAIT_ACK 0 
b.1 2025-09-26 18:25:14.940 a 2025-09-26-18:25:11 063 294 204 0.1 1.8 3.7 10.9 48.9 725.9 0.00 0 0.0 20.9 24.1 24.5 3.628  -33.8   18.1    2.4  38    3.4   0 0 0 1 1 2 0 11.3 51.8 11.9 50.2 80.0 100 100 28 432 0 336 0 231 231 232 2 3 2 60.0 50.0 WAIT_ACK 0 
b.1 2025-09-26 18:26:13.519 a 2025-09-26-18:26:10 219 284 342 0.2 2.4 3.7 11.0 48.8 725.9 0.00 0 0.0 20.4 24.1 24.5 3.627  -33.7   18.2    2.7  38    3.4   0 0 0 1 1 2 0 11.3 51.8 11.9 50.1 80.0 100 100 28 433 0 334 0 231 232 232 2 3 2 60.0 50.0 WAIT_ACK 0 
b.1 2025-09-26 18:27:14.382 a 2025-09-26-18:27:11 059 278 350 0.2 3.1 6.5 10.9 48.3 725.9 0.00 0 0.0 19.0 24.1 24.5 3.628  -37.5   18.2    3.9  37    3.4   5 0 0 1 1 2 0 11.3 51.7 11.9 50.0 80.0 100 100 28 433 0 324 0 231 231 232 2 3 2 59.9 50.0 WAIT_ACK 0 
b.1 2025-09-26 18:28:14.502 a 2025-09-26-18:28:11 047 269 101 0.3 3.6 6.4 10.8 47.1 725.9 0.00 0 0.0 17.3 24.1 24.4 3.627  -37.3   18.2    6.7  37    3.3  10 0 0 1 1 2 0 11.4 50.9 11.9 49.5 80.0 100 100 28 433 0 332 0 231 232 232 2 3 2 60.0 50.0 WAIT_ACK 0 
b.1 2025-09-26 18:29:12.721 a 2025-09-26-18:29:09 148 283 252 0.2 1.7 3.7 10.5 48.8 725.9 0.00 0 0.0 18.0 24.1 24.5 3.634  -33.3   18.2    3.7  37    3.3   7 0 0 1 1 2 0 11.3 50.8 11.8 49.6 80.0 100 100 28 433 0 335 0 231 232 232 2 3 2 59.9 50.0 WAIT_ACK 0 
b.1 2025-09-26 18:30:15.859 a 2025-09-26-18:30:12 080 284 127 0.2 2.0 3.8 10.4 49.5 725.8 0.00 0 0.0 18.8 24.1 24.5 3.628  -35.5   18.2    3.5  37    3.3   5 0 0 1 1 2 0 11.3 50.8 11.8 49.6 80.0 100 100 28 433 0 327 0 232 232 232 2 3 2 60.0 50.0 WAIT_ACK 0 
b.1 2025-09-26 18:31:12.184 a 2025-09-26-18:31:09 252 232 262 0.1 1.0 3.0 10.5 49.2 725.8 0.00 0 0.0 19.5 24.1 24.5 3.627  -33.1   18.2    2.6  37    3.3   0 0 0 1 1 2 0 11.3 50.7 11.8 49.5 80.0 100 100 28 432 0 327 0 231 232 232 2 3 1 60.0 50.0 WAIT_ACK 0 
b.1 2025-09-26 18:32:12.963 a 2025-09-26-18:32:09 058 244 077 0.2 2.6 6.8 10.5 49.4 725.9 0.00 0 0.0 19.2 24.1 24.4 3.634  -38.3   18.1    3.1  37    3.2   5 0 0 1 1 2 0 11.3 50.9 11.8 49.7 80.0 100 100 28 433 0 334 0 232 231 232 2 3 1 60.0 50.0 WAIT_ACK 0 
b.1 2025-09-26 18:33:14.618 a 2025-09-26-18:33:11 185 259 355 0.2 2.8 5.5 10.6 48.5 725.8 0.00 0 0.0 18.3 24.1 24.5 3.628  -33.3   18.0    4.4  37    3.1   5 0 0 1 1 2 0 11.3 50.9 11.8 49.7 80.0 100 100 28 433 0 334 0 231 232 232 2 3 2 59.9 50.0 WAIT_ACK 0 
b.1 2025-09-26 18:34:14.180 a 2025-09-26-18:34:11 107 275 287 0.2 2.9 7.0 10.5 46.9 725.9 0.00 0 0.0 17.9 24.1 24.5 3.628  -34.2   18.0    5.7  37    3.1   5 0 0 1 1 2 0 11.3 50.4 11.8 49.3 80.0 100 100 28 433 0 337 0 231 231 232 2 3 2 59.9 50.0 WAIT_ACK 0 
b.1 2025-09-26 18:35:13.803 a 2025-09-26-18:35:10 092 240 216 0.1 1.9 4.2 10.4 47.4 725.9 0.00 0 0.0 18.2 24.1 24.5 3.638  -33.2   18.0    4.1  37    3.0   5 0 0 1 1 2 0 11.3 50.1 11.7 49.1 80.0 100 100 28 433 0 321 0 232 231 232 2 3 1 60.0 50.0 WAIT_ACK 0 
b.1 2025-09-26 18:36:14.584 a 2025-09-26-18:36:11 065 313 130 0.1 1.3 3.9 10.3 49.0 725.8 0.00 0 0.0 19.1 24.1 24.5 3.627  -34.2   17.9    2.9  37    3.0   5 0 0 1 1 2 0 11.3 50.0 11.7 49.0 80.0 100 100 28 432 0 331 0 232 232 232 2 3 1 60.0 50.0 WAIT_ACK 0 
b.1 2025-09-26 18:37:13.585 a 2025-09-26-18:37:10 048 295 090 0.1 1.2 3.0 10.4 49.7 725.8 0.00 0 0.0 19.7 24.1 24.5 3.628  -34.2   17.9    2.5  37    3.0   5 0 0 1 1 2 0 11.3 50.2 11.7 49.2 80.0 100 100 28 433 0 322 0 232 232 232 2 3 2 60.0 50.0 WAIT_ACK 0 
b.1 2025-09-26 18:38:11.904 a 2025-09-26-18:38:08 019 233 071 0.1 1.5 3.7 10.6 49.7 725.8 0.00 0 0.0 20.3 24.1 24.5 3.627  -32.1   17.8    2.4  37    3.1   0 0 0 1 1 2 0 11.3 50.3 11.7 49.3 80.0 100 100 28 432 0 337 0 231 232 232 2 3 2 60.0 50.0 WAIT_ACK 0 
b.1 2025-09-26 18:39:12.206 a 2025-09-26-18:39:09 082 300 097 0.1 1.0 2.7 10.9 49.7 725.8 0.00 0 0.0 20.9 24.1 24.5 3.628  -32.1   17.8    2.2  38    3.2   0 0 0 1 1 2 0 11.3 50.6 11.8 49.5 80.0 100 100 28 432 0 337 0 231 232 232 2 3 2 60.0 50.0 WAIT_ACK 0 
b.1 2025-09-26 18:40:14.884 a 2025-09-26-18:40:11 260 297 291 0.1 1.0 3.5 11.2 48.2 725.8 0.00 0 0.0 21.9 24.1 24.5 3.628  -33.2   17.9    2.1  38    3.3   5 0 0 1 1 2 0 11.3 50.7 11.8 49.6 80.0 100 100 28 433 0 327 0 232 232 232 2 3 2 60.0 50.0 WAIT_ACK 0 
b.1 2025-09-26 18:41:14.125 a 2025-09-26-18:41:11 079 322 278 0.4 3.2 5.3 11.4 47.4 725.8 0.00 0 0.0 20.9 24.1 24.5 3.628  -34.3   17.9    2.6  38    3.3   5 0 0 1 1 2 0 11.4 50.8 11.8 49.7 80.0 100 100 28 433 0 335 0 231 232 232 2 3 2 60.0 50.0 WAIT_ACK 0 
b.1 2025-09-26 18:42:12.723 a 2025-09-26-18:42:09 094 313 266 0.2 2.6 4.1 11.1 48.3 725.8 0.00 0 0.0 20.3 24.1 24.5 3.628  -33.3   17.9    2.9  38    3.3   0 0 0 1 1 2 0 11.4 50.7 11.8 49.6 80.0 100 100 28 432 0 334 0 232 232 232 2 3 2 60.0 50.0 WAIT_ACK 0 
b.1 2025-09-26 18:43:11.826 a 2025-09-26-18:43:08 100 241 298 0.3 2.3 4.2 11.0 48.4 725.8 0.00 0 0.0 20.0 24.1 24.4 3.628  -33.5   17.9    2.8  38    3.3   0 0 0 1 1 2 0 11.4 50.8 11.8 49.8 80.0 100 100 28 433 0 336 0 232 231 232 2 3 2 59.9 50.0 WAIT_ACK 0 
b.1 2025-09-26 18:44:12.148 a 2025-09-26-18:44:09 077 239 343 0.1 1.7 4.8 10.9 48.8 725.8 0.00 0 0.0 20.5 24.1 24.5 3.628  -33.1   17.9    2.5  38    3.3   5 0 0 1 1 2 0 11.4 50.9 11.9 49.7 80.0 100 100 28 432 0 337 0 231 232 232 2 3 2 59.9 50.0 WAIT_ACK 0 
b.1 2025-09-26 18:45:15.523 a 2025-09-26-18:45:12 010 266 299 0.2 4.0 7.2 10.9 47.8 725.8 0.00 0 0.0 18.7 24.1 24.5 3.627  -35.0   17.9    5.2  38    3.2   5 0 0 1 1 2 0 11.4 51.2 11.9 50.0 80.0 100 100 28 433 0 334 0 232 232 232 2 3 2 59.9 50.0 WAIT_ACK 0 
b.1 2025-09-26 18:46:13.984 a 2025-09-26-18:46:11 080 269 184 0.4 4.0 7.2 10.4 49.2 725.8 0.00 0 0.0 17.5 24.1 24.4 3.628  -33.3   17.8    6.8  37    3.1   5 0 0 1 1 2 0 11.4 51.0 11.9 50.0 80.0 100 100 28 433 0 335 0 231 232 232 2 3 2 60.0 50.0 WAIT_ACK 0 
b.1 2025-09-26 18:47:11.888 a 2025-09-26-18:47:08 029 305 227 0.1 2.7 5.8 10.1 51.3 725.8 0.00 0 0.0 18.1 24.1 24.4 3.628  -34.3   17.8    5.1  37    3.1   5 0 0 1 1 2 0 11.4 51.0 11.8 50.1 80.0 100 100 28 433 0 327 0 231 231 232 2 3 2 59.9 50.0 WAIT_ACK 0 
b.1 2025-09-26 18:48:14.471 a 2025-09-26-18:48:11 099 295 130 0.2 2.3 4.1 10.1 51.9 725.8 0.00 0 0.0 18.3 24.1 24.5 3.634  -32.4   17.8    4.3  38    3.1   5 0 0 1 1 2 0 11.4 51.5 11.8 50.6 80.0 100 100 28 433 0 332 0 232 232 232 2 3 2 60.0 50.0 WAIT_ACK 0 
b.1 2025-09-26 18:49:12.226 a 2025-09-26-18:49:09 113 248 210 0.2 1.7 4.4 10.1 51.9 725.8 0.00 0 0.0 18.9 24.1 24.4 3.634  -34.0   17.8    3.1  38    3.3   5 0 0 1 1 2 0 11.3 51.8 11.8 50.8 80.0 100 100 28 433 0 334 0 231 232 232 2 3 1 60.0 50.0 WAIT_ACK 0 
b.1 2025-09-26 18:50:13.986 a 2025-09-26-18:50:10 129 233 357 0.3 2.3 6.3 10.4 50.9 725.7 0.00 0 0.0 19.0 24.1 24.4 3.634  -34.7   17.7    3.3  38    3.3   5 0 0 1 1 2 0 11.4 52.0 11.8 51.2 80.0 100 100 28 432 0 335 0 231 231 232 2 3 2 60.0 50.0 WAIT_ACK 0 
b.1 2025-09-26 18:51:13.687 a 2025-09-26-18:51:10 025 249 093 0.1 2.5 5.5 10.6 50.6 725.7 0.00 0 0.0 18.7 24.1 24.4 3.633  -41.8   17.7    3.8  38    3.3   5 0 0 1 1 2 0 11.4 52.3 11.8 51.2 80.0 100 100 28 432 0 318 0 231 232 232 2 3 2 60.0 50.0 WAIT_ACK 0 
b.1 2025-09-26 18:52:12.726 a 2025-09-26-18:52:09 112 262 309 0.5 3.2 5.7 10.8 49.6 725.7 0.00 0 0.0 17.8 24.1 24.4 3.628  -34.4   17.6    5.0  38    3.2   5 0 0 1 1 2 0 11.4 52.2 11.8 51.2 80.0 100 100 28 432 0 336 0 231 232 232 2 3 1 60.0 50.0 WAIT_ACK 0 
b.1 2025-09-26 18:53:12.767 a 2025-09-26-18:53:09 012 256 098 0.2 3.5 6.2 10.6 50.3 725.7 0.00 0 0.0 17.5 24.1 24.5 3.632  -35.1   17.6    6.9  38    3.2   5 0 0 1 1 2 0 11.4 52.1 11.8 51.2 80.0 100 100 28 433 0 319 0 231 232 232 2 3 1 60.0 50.0 WAIT_ACK 0 
b.1 2025-09-26 18:54:13.487 a 2025-09-26-18:54:10 044 327 118 0.1 1.8 5.2 10.5 50.8 725.7 0.00 0 0.0 18.0 24.1 24.4 3.628  -32.4   17.5    4.1  38    3.2   5 0 0 1 1 2 0 11.4 52.2 11.8 51.4 80.0 100 100 29 432 0 333 0 231 232 232 2 3 2 60.0 50.0 WAIT_ACK 0 
b.1 2025-09-26 18:55:14.605 a 2025-09-26-18:55:11 101 254 321 0.7 3.3 6.7 10.4 52.0 725.7 0.00 0 0.0 18.3 24.1 24.5 3.628  -35.0   17.5    4.8  39    3.3   5 0 0 1 1 2 0 11.4 52.4 11.7 51.6 80.0 100 100 28 432 0 323 0 231 232 232 2 3 1 60.0 50.0 WAIT_ACK 0 
b.1 2025-09-26 18:56:11.296 a 2025-09-26-18:56:08 135 240 281 0.3 3.5 6.2 10.5 50.7 725.7 0.00 0 0.0 17.5 24.1 24.5 3.627  -41.9   17.5    6.6  38    3.2   5 0 0 1 1 2 0 11.4 52.5 11.8 51.6 80.0 100 100 28 432 0 335 0 231 231 232 2 3 2 60.0 50.0 WAIT_ACK 0 
b.1 2025-09-26 18:57:14.049 a 2025-09-26-18:57:11 012 263 116 0.6 4.0 7.0 10.5 50.8 725.7 0.00 0 0.0 16.9 24.1 24.5 3.628  -35.6   17.4    9.6  38    3.1   5 0 0 1 1 2 0 11.4 52.4 11.7 51.7 80.0 100 100 28 432 0 337 0 231 232 232 2 3 2 60.0 50.0 WAIT_ACK 0 
b.1 2025-09-26 18:58:12.447 a 2025-09-26-18:58:09 279 256 331 0.3 2.5 5.4 10.2 52.1 725.7 0.00 0 0.0 17.0 24.1 24.4 3.627  -34.6   17.4    6.8  39    3.2   5 0 0 1 1 2 0 11.4 52.6 11.7 52.0 80.0 100 100 28 432 0 327 0 232 232 232 2 3 1 60.0 50.0 WAIT_ACK 0 
b.1 2025-09-26 18:59:14.369 a 2025-09-26-18:59:11 075 265 342 0.5 3.9 6.4 10.0 52.6 725.7 0.00 0 0.0 16.5 24.1 24.4 3.628  -36.8   17.3    9.9  39    3.2   6 0 0 1 1 2 0 11.3 53.3 11.6 52.7 80.0 100 100 28 433 0 327 0 231 232 232 2 3 2 60.0 50.0 WAIT_ACK 0 
b.1 2025-09-26 19:00:13.148 a 2025-09-26-19:00:10 020 254 116 0.2 2.9 6.1 9.7 53.1 725.7 0.00 0 0.0 16.6 24.1 24.5 3.628  -34.1   17.2    7.6  39    3.1   7 0 0 1 1 2 0 11.2 53.7 11.4 53.2 80.0 100 100 28 433 0 330 0 232 232 232 2 3 2 59.9 50.0 WAIT_ACK 0 
b.1 2025-09-26 19:01:12.391 a 2025-09-26-19:01:09 124 276 333 0.7 4.2 7.0 9.5 54.3 725.6 0.00 0 0.0 16.5 24.1 24.5 3.634  -41.0   17.1   11.3  39    3.0   7 0 0 1 1 2 0 11.1 54.3 11.3 53.9 80.0 100 100 28 433 0 322 0 231 232 232 2 3 2 59.9 50.0 WAIT_ACK 0 
b.1 2025-09-26 19:02:13.808 a 2025-09-26-19:02:10 054 268 226 0.2 3.1 5.6 9.5 55.9 725.6 0.00 0 0.0 16.5 24.1 24.5 3.628  -33.4   17.0    8.5  39    3.0   5 0 0 1 1 2 0 11.1 54.8 11.3 54.6 80.0 100 100 28 432 0 337 0 231 232 232 2 3 1 59.9 50.0 WAIT_ACK 0 
b.1 2025-09-26 19:03:13.052 a 2025-09-26-19:03:10 110 251 307 0.1 1.4 3.0 9.5 56.7 725.6 0.00 0 0.0 17.6 24.1 24.5 3.629  -30.7   17.0    4.4  39    3.0   0 0 0 1 1 2 0 11.1 55.1 11.3 54.6 80.0 100 100 28 432 0 328 0 231 232 232 2 3 2 59.9 50.0 WAIT_ACK 0 
b.1 2025-09-26 19:04:12.470 a 2025-09-26-19:04:09 026 281 134 0.2 4.3 7.2 9.6 55.8 725.6 0.00 0 0.0 17.3 24.1 24.4 3.635  -34.3   17.0    7.7  39    3.1   5 0 0 1 1 2 0 11.1 55.4 11.3 55.1 80.0 100 100 28 432 0 325 0 231 232 232 2 3 1 59.9 50.0 WAIT_ACK 0 
b.1 2025-09-26 19:05:14.792 a 2025-09-26-19:05:11 220 281 308 1.2 5.1 7.2 9.7 55.6 725.6 0.00 0 0.0 16.5 24.1 24.4 3.627  -33.0   16.9   11.7  39    2.9   5 0 0 1 1 2 0 11.1 55.7 11.3 55.4 80.0 100 100 28 433 0 320 0 231 232 232 2 3 2 59.9 50.0 WAIT_ACK 0 
b.1 2025-09-26 19:06:12.029 a 2025-09-26-19:06:09 091 258 285 0.1 2.8 5.0 9.6 55.7 725.6 0.00 0 0.0 16.4 24.1 24.4 3.627  -30.9   16.9    8.1  39    3.0   5 0 0 1 1 2 0 11.1 55.7 11.3 55.5 80.0 100 100 28 433 0 331 0 232 232 232 2 3 1 59.9 50.0 WAIT_ACK 0 
b.1 2025-09-26 19:07:12.226 a 2025-09-26-19:07:09 101 246 315 0.2 1.3 3.1 9.5 57.7 725.5 0.00 0 0.0 17.9 24.1 24.5 3.628  -32.8   16.9    3.7  40    3.2   5 0 0 1 1 2 0 11.1 55.9 11.3 55.5 80.0 100 100 28 432 0 322 0 232 232 232 2 3 2 59.9 50.0 WAIT_ACK 0 
b.1 2025-09-26 19:08:14.253 a 2025-09-26-19:08:11 090 256 344 0.2 2.2 5.4 9.7 57.2 725.5 0.00 0 0.0 18.6 24.1 24.4 3.627  -30.3   16.9    3.6  40    3.4   0 0 0 1 1 2 0 11.1 56.0 11.3 55.9 80.0 100 100 28 432 0 331 0 231 232 232 2 3 2 59.9 50.0 WAIT_ACK 0 
b.1 2025-09-26 19:09:14.430 a 2025-09-26-19:09:11 197 323 342 0.2 3.2 6.3 10.1 54.7 725.6 0.00 0 0.0 18.7 24.1 24.4 3.627  -34.2   17.0    3.9  40    3.4   5 0 0 1 1 2 0 11.1 55.9 11.4 55.7 80.0 100 100 28 432 0 327 0 232 232 232 2 3 2 59.9 50.0 WAIT_ACK 0 
b.1 2025-09-26 19:10:14.131 a 2025-09-26-19:10:11 280 202 327 0.2 2.5 6.3 10.4 54.8 725.6 0.00 0 0.0 18.7 24.1 24.5 3.628  -31.1   17.0    3.7  40    3.4   0 0 0 1 1 2 0 11.2 55.5 11.4 55.2 80.0 100 100 28 432 0 331 0 232 232 232 2 3 2 59.9 50.0 WAIT_ACK 0 
b.1 2025-09-26 19:11:14.812 a 2025-09-26-19:11:11 188 241 294 0.2 2.3 4.5 10.6 53.1 725.6 0.00 0 0.0 19.2 24.1 24.4 3.627  -36.5   17.0    3.5  41    3.5   5 0 0 1 1 2 0 11.3 55.5 11.6 54.9 80.0 100 100 28 433 0 335 0 231 232 232 2 3 2 59.9 50.0 WAIT_ACK 0 
b.1 2025-09-26 19:12:11.252 a 2025-09-26-19:12:08 092 269 349 0.2 2.7 5.2 10.7 52.6 725.5 0.00 0 0.0 19.3 24.1 24.5 3.628  -32.1   17.0    3.9  40    3.5   5 0 0 1 1 2 0 11.3 55.0 11.6 54.5 80.0 100 100 28 432 0 321 0 231 232 232 2 3 2 59.9 50.0 WAIT_ACK 0 
b.1 2025-09-26 19:13:13.328 a 2025-09-26-19:13:10 127 297 350 0.3 2.1 4.7 10.6 54.3 725.5 0.00 0 0.0 19.2 24.1 24.4 3.628  -31.1   17.1    3.6  40    3.5   5 0 0 1 1 2 0 11.3 54.9 11.6 54.3 80.0 100 100 28 433 0 329 0 231 232 232 2 3 2 59.9 50.0 WAIT_ACK 0 
b.1 2025-09-26 19:14:11.832 a 2025-09-26-19:14:08 060 278 091 0.2 1.8 3.7 10.5 54.2 725.5 0.00 0 0.0 19.7 24.1 24.5 3.628  -30.9   17.2    3.2  41    3.7   5 0 0 1 1 2 0 11.3 55.0 11.6 54.4 80.0 100 100 28 431 0 331 0 231 232 232 2 3 2 59.9 50.0 WAIT_ACK 0 
b.1 2025-09-26 19:15:13.349 a 2025-09-26-19:15:10 090 304 169 0.3 2.1 4.5 10.6 53.9 725.5 0.00 0 0.0 20.0 24.1 24.5 3.627  -32.4   17.2    3.1  41    3.9   0 0 0 1 1 2 0 11.3 55.1 11.6 54.5 80.0 100 100 28 432 0 317 0 232 232 232 2 3 2 59.9 50.0 WAIT_ACK 0 
b.1 2025-09-26 19:16:13.335 a 2025-09-26-19:16:10 107 295 145 0.2 2.4 4.3 10.8 53.1 725.5 0.00 0 0.0 19.8 24.1 24.4 3.628  -32.8   17.3    3.6  40    3.7   5 0 0 1 1 2 0 11.3 55.1 11.6 54.5 80.0 100 100 29 431 0 335 0 231 232 232 2 3 1 59.9 50.0 WAIT_ACK 0 
b.1 2025-09-26 19:17:13.072 a 2025-09-26-19:17:10 013 282 331 0.1 1.6 4.5 10.8 53.6 725.5 0.00 0 0.0 20.3 24.1 24.4 3.633  -32.0   17.4    3.0  41    3.9   5 0 0 1 1 2 0 11.3 55.1 11.7 54.4 80.0 100 100 28 432 0 337 0 231 232 232 2 3 2 59.9 50.0 WAIT_ACK 0 
b.1 2025-09-26 19:18:10.936 a 2025-09-26-19:18:07 031 287 109 0.3 1.9 4.4 10.9 53.3 725.5 0.00 0 0.0 20.7 24.1 24.4 3.627  -31.7   17.5    2.7  41    4.0   0 0 0 1 1 2 0 11.4 55.0 11.7 54.4 80.0 100 100 28 432 0 322 0 232 232 232 2 3 1 59.9 50.0 WAIT_ACK 0 
b.1 2025-09-26 19:19:11.474 a 2025-09-26-19:19:08 007 279 128 0.2 2.3 6.2 11.1 52.2 725.5 0.00 0 0.0 20.5 24.1 24.4 3.627  -33.5   17.5    3.0  41    4.0   5 0 0 1 1 2 0 11.4 55.0 11.7 54.3 80.0 100 100 28 433 0 337 0 231 232 232 2 3 2 59.9 50.0 WAIT_ACK 0 
b.1 2025-09-26 19:20:16.250 a 2025-09-26-19:20:13 125 265 343 0.2 2.5 6.0 11.3 51.4 725.5 0.00 0 0.0 20.1 24.1 24.4 3.635  -31.0   17.6    3.3  41    4.1   5 0 0 1 1 2 0 11.4 54.9 11.8 54.1 80.0 100 100 28 432 0 322 0 231 232 232 2 3 2 59.9 50.0 WAIT_ACK 0 
b.1 2025-09-26 19:21:14.230 a 2025-09-26-19:21:11 124 270 329 0.0 1.7 6.0 11.3 51.3 725.5 0.00 0 0.0 20.5 24.1 24.5 3.634  -30.7   17.6    2.7  41    4.1   0 0 0 1 1 2 0 11.5 54.4 11.8 53.8 80.0 100 100 28 432 0 337 0 231 231 232 2 3 1 59.9 50.0 WAIT_ACK 0 
b.1 2025-09-26 19:22:13.694 a 2025-09-26-19:22:10 115 274 335 0.2 2.4 5.6 11.3 51.3 725.5 0.00 0 0.0 20.6 24.1 24.4 3.635  -32.2   17.6    3.0  41    4.1   5 0 0 1 1 2 0 11.5 54.3 11.8 53.7 80.0 100 100 28 433 0 328 0 231 232 232 2 3 2 59.9 50.0 WAIT_ACK 0 
b.1 2025-09-26 19:23:14.632 a 2025-09-26-19:23:11 054 259 079 0.2 1.6 4.4 11.5 51.1 725.5 0.00 0 0.0 20.9 24.1 24.5 3.627  -32.6   17.7    2.8  41    4.1   5 0 0 1 1 2 0 11.6 54.3 11.9 53.8 80.0 100 100 28 431 0 321 0 231 231 232 2 3 2 60.0 50.0 WAIT_ACK 0 
b.1 2025-09-26 19:24:13.493 a 2025-09-26-19:24:10 011 298 048 0.0 1.9 4.3 11.6 50.6 725.5 0.00 0 0.0 21.1 24.1 24.5 3.628  -33.3   17.6    2.8  40    4.1   5 0 0 1 1 2 0 11.6 54.2 11.9 53.7 80.0 100 100 28 432 0 319 0 232 232 232 2 3 2 60.0 50.0 WAIT_ACK 0 
b.1 2025-09-26 19:25:14.072 a 2025-09-26-19:25:11 266 308 350 1.0 3.3 6.3 11.5 50.3 725.5 0.00 0 0.0 20.4 24.1 24.5 3.631  -33.3   17.7    3.9  40    4.0   5 0 0 1 1 2 0 11.6 54.2 11.9 53.6 80.0 100 100 28 433 0 322 0 232 232 232 2 3 2 60.0 50.0 WAIT_ACK 0 
b.1 2025-09-26 19:26:13.660 a 2025-09-26-19:26:10 289 303 346 0.0 2.9 5.6 11.3 51.5 725.5 0.00 0 0.0 19.9 24.1 24.5 3.628  -34.0   17.7    4.0  40    4.1   5 0 0 1 1 2 0 11.6 54.3 11.9 53.7 80.0 100 100 28 432 0 325 0 231 231 232 2 3 2 59.9 50.0 WAIT_ACK 0 
b.1 2025-09-26 19:27:13.871 a 2025-09-26-19:27:10 041 278 089 0.2 2.4 4.9 11.0 52.1 725.5 0.00 0 0.0 19.7 24.1 24.5 3.628  -31.8   17.7    4.0  40    4.0   0 0 0 1 1 2 0 11.6 54.5 11.9 53.8 80.0 100 100 28 432 0 325 0 232 232 232 2 3 2 60.0 50.0 WAIT_ACK 0 
b.1 2025-09-26 19:28:11.892 a 2025-09-26-19:28:08 057 304 198 0.2 2.0 5.7 10.9 53.0 725.5 0.00 0 0.0 20.6 24.1 24.4 3.628  -33.8   17.6    3.1  41    4.1   5 0 0 1 1 2 0 11.5 54.7 11.8 54.0 80.0 100 100 28 433 0 336 0 232 231 232 2 3 2 60.0 50.0 WAIT_ACK 0 
b.1 2025-09-26 19:29:12.112 a 2025-09-26-19:29:09 204 267 323 0.6 3.8 6.1 11.0 51.6 725.5 0.00 0 0.0 19.5 24.1 24.5 3.628  -35.2   17.6    5.0  40    4.0   5 0 0 1 1 2 0 11.5 54.7 11.8 54.1 80.0 100 100 28 433 0 320 0 232 232 232 2 3 1 60.0 50.0 WAIT_ACK 0 
b.1 2025-09-26 19:30:17.009 a 2025-09-26-19:30:13 053 269 131 0.2 2.2 5.7 10.8 52.5 725.5 0.00 0 0.0 19.2 24.1 24.5 3.627  -31.4   17.6    3.9  40    4.0   5 0 0 1 1 2 0 11.5 54.8 11.8 54.3 80.0 100 100 28 433 0 317 0 231 232 232 2 3 2 59.9 50.0 WAIT_ACK 0 
b.1 2025-09-26 19:31:13.713 a 2025-09-26-19:31:10 004 254 124 0.2 2.1 4.2 10.6 52.9 725.5 0.00 0 0.0 19.7 24.1 24.4 3.628  -36.1   17.5    3.7  40    4.0   5 0 0 1 1 2 0 11.5 54.7 11.8 54.1 80.0 100 100 28 433 0 321 0 232 232 232 2 3 2 60.0 50.0 WAIT_ACK 0 
b.1 2025-09-26 19:32:11.552 a 2025-09-26-19:32:08 060 277 122 0.1 1.1 2.5 10.6 51.3 725.4 0.00 0 0.0 20.7 24.1 24.5 3.631  -31.3   17.5    2.6  40    3.9   0 0 0 1 1 2 0 11.6 53.9 11.8 53.6 80.0 100 100 28 432 0 318 0 231 232 232 2 3 1 59.9 50.0 WAIT_ACK 0 
b.1 2025-09-26 19:33:11.736 a 2025-09-26-19:33:08 006 305 171 0.4 2.3 5.9 10.6 53.0 725.5 0.00 0 0.0 21.0 24.1 24.5 3.628  -33.1   17.6    3.0  40    4.0   5 0 0 1 1 2 0 11.6 53.8 11.8 53.4 80.0 100 100 28 433 0 327 0 232 232 232 2 3 1 60.0 50.0 WAIT_ACK 0 
b.1 2025-09-26 19:34:11.957 a 2025-09-26-19:34:08 004 257 110 0.1 2.0 5.0 10.7 54.5 725.4 0.00 0 0.0 20.9 24.1 24.5 3.628  -30.9   17.6    3.1  41    4.1   5 0 0 1 1 2 0 11.6 54.1 11.8 53.8 80.0 100 100 28 433 0 337 0 232 232 232 2 3 1 60.0 50.0 WAIT_ACK 0 
b.1 2025-09-26 19:35:14.595 a 2025-09-26-19:35:11 034 286 110 0.1 2.3 5.9 10.8 54.3 725.4 0.00 0 0.0 20.8 24.1 24.5 3.628  -34.1   17.6    3.2  41    4.2   5 0 0 1 1 2 0 11.6 54.6 11.9 54.2 80.0 100 100 28 433 0 325 0 232 232 232 2 3 1 60.0 50.0 WAIT_ACK 0 
b.1 2025-09-26 19:36:13.736 a 2025-09-26-19:36:10 027 253 169 0.3 2.3 5.5 11.0 50.6 725.4 0.00 0 0.0 20.3 24.1 24.5 3.628  -31.5   17.7    3.4  40    4.1   0 0 0 1 1 2 0 11.7 54.0 11.9 53.6 80.0 100 100 28 432 0 330 0 232 232 232 2 3 2 60.0 50.0 WAIT_ACK 0 
b.1 2025-09-26 19:37:13.676 a 2025-09-26-19:37:10 045 314 185 0.4 2.4 6.3 10.8 50.4 725.4 0.00 0 0.0 20.8 24.1 24.5 3.628  -32.0   17.7    3.5  40    4.1   5 0 0 1 1 2 0 11.7 53.3 11.9 53.1 80.0 100 100 28 433 0 317 0 232 232 232 2 3 2 60.0 50.0 WAIT_ACK 0 
b.1 2025-09-26 19:38:11.997 a 2025-09-26-19:38:08 073 285 208 0.2 2.5 5.5 10.8 52.5 725.4 0.00 0 0.0 20.4 24.1 24.5 3.628  -31.6   17.7    3.7  40    4.1   5 0 0 1 1 2 0 11.7 53.6 11.9 53.2 80.0 100 100 28 432 0 327 0 231 232 232 2 3 1 60.0 50.0 WAIT_ACK 0 
b.1 2025-09-26 19:39:12.918 a 2025-09-26-19:39:09 001 274 081 0.1 1.5 4.2 10.9 51.8 725.5 0.00 0 0.0 20.9 24.1 24.4 3.627  -31.0   17.7    2.8  40    4.1   0 0 0 1 1 2 0 11.7 53.6 11.9 53.2 80.0 100 100 28 431 0 318 0 232 232 232 2 3 1 60.0 50.0 WAIT_ACK 0 
b.1 2025-09-26 19:40:15.359 a 2025-09-26-19:40:12 018 242 113 0.3 2.5 4.6 11.1 50.5 725.4 0.00 0 0.0 21.0 24.1 24.5 3.627  -33.1   17.7    3.1  40    4.0   5 0 0 1 1 2 0 11.7 53.5 11.9 53.1 80.0 100 100 28 432 0 337 0 231 232 232 2 3 2 60.0 50.0 WAIT_ACK 0 
b.1 2025-09-26 19:41:11.759 a 2025-09-26-19:41:08 056 237 332 0.1 1.9 4.2 11.1 51.6 725.4 0.00 0 0.0 21.1 24.1 24.5 3.628  -31.5   17.7    2.9  40    4.0   5 0 0 1 1 2 0 11.7 53.5 11.9 53.2 80.0 100 100 28 433 0 332 0 231 231 232 2 3 2 60.0 50.0 WAIT_ACK 0 
b.1 2025-09-26 19:42:13.634 a 2025-09-26-19:42:10 089 299 330 0.1 1.7 4.8 11.1 51.5 725.4 0.00 0 0.0 21.5 24.1 24.4 3.627  -31.0   17.7    2.8  40    4.1   0 0 0 1 1 2 0 11.7 53.6 11.9 53.1 80.0 100 100 28 433 0 337 0 231 232 232 2 3 2 60.0 50.0 WAIT_ACK 0 
b.1 2025-09-26 19:43:15.855 a 2025-09-26-19:43:12 102 244 306 0.1 1.2 3.6 11.2 51.9 725.4 0.00 0 0.0 22.0 24.1 24.4 3.627  -30.3   17.7    2.3  41    4.2   0 0 0 1 1 2 0 11.7 53.7 11.9 53.5 80.0 100 100 28 433 0 322 0 232 232 232 2 3 1 60.0 50.0 WAIT_ACK 0 
b.1 2025-09-26 19:44:11.654 a 2025-09-26-19:44:08 240 237 285 0.2 2.4 6.1 11.3 50.2 725.4 0.00 0 0.0 22.0 24.1 24.5 3.627  -35.5   17.7    2.7  40    4.1   5 0 0 1 1 2 0 11.8 53.8 12.0 53.6 80.0 100 100 28 433 0 331 0 232 232 232 2 3 2 60.0 50.0 WAIT_ACK 0 
b.1 2025-09-26 19:45:14.657 a 2025-09-26-19:45:11 000 259 101 0.7 3.8 7.3 11.2 50.4 725.4 0.00 0 0.0 19.7 24.1 24.5 3.628  -34.6   17.7    5.2  40    4.0   5 0 0 1 1 2 0 11.8 53.4 12.0 53.2 80.0 100 100 28 432 0 331 0 232 232 232 2 3 1 60.0 50.0 WAIT_ACK 0 
b.1 2025-09-26 19:46:12.815 a 2025-09-26-19:46:09 078 262 240 0.2 2.6 4.9 10.7 52.2 725.3 0.00 0 0.0 19.5 24.1 24.5 3.635  -31.7   17.6    4.4  40    4.0   5 0 0 1 1 2 0 11.8 53.2 12.0 53.1 80.0 100 100 28 432 0 320 0 231 232 232 2 3 2 59.9 50.0 WAIT_ACK 0 
b.1 2025-09-26 19:47:13.039 a 2025-09-26-19:47:09 045 283 130 0.1 1.8 4.5 10.6 51.8 725.3 0.00 0 0.0 20.0 24.1 24.5 3.627  -32.1   17.6    3.5  40    4.0   0 0 0 1 1 2 0 11.8 53.4 12.0 53.2 80.0 100 100 28 433 0 331 0 232 232 232 2 3 2 60.0 50.0 WAIT_ACK 0 
b.1 2025-09-26 19:48:12.237 a 2025-09-26-19:48:09 005 236 112 0.2 2.4 5.3 10.6 52.1 725.3 0.00 0 0.0 20.0 24.1 24.5 3.629  -34.5   17.5    3.4  40    3.9   5 0 0 1 1 2 0 11.7 53.2 11.9 52.9 80.0 100 100 28 433 0 325 0 231 232 232 2 3 2 60.0 50.0 WAIT_ACK 0 
b.1 2025-09-26 19:49:12.740 a 2025-09-26-19:49:09 017 234 103 0.1 2.5 5.5 10.6 51.8 725.3 0.00 0 0.0 20.0 24.1 24.5 3.634  -33.0   17.5    3.5  40    3.8   0 0 0 1 1 2 0 11.8 53.0 11.9 52.8 80.0 100 100 28 432 0 335 0 232 232 232 2 3 2 60.0 50.0 WAIT_ACK 0 
b.1 2025-09-26 19:50:16.236 a 2025-09-26-19:50:13 001 229 049 0.2 2.3 4.7 10.7 51.3 725.3 0.00 0 0.0 20.3 24.1 24.4 3.631  -33.9   17.4    3.3  40    3.8   0 0 0 1 1 2 0 11.7 52.7 11.9 52.5 80.0 100 100 28 433 0 322 0 232 232 232 2 3 2 60.0 50.0 WAIT_ACK 0 
b.1 2025-09-26 19:51:12.980 a 2025-09-26-19:51:09 276 220 302 0.1 2.2 7.8 10.7 51.3 725.3 0.00 0 0.0 20.7 24.1 24.5 3.628  -30.8   17.3    2.8  40    3.8   0 0 0 1 1 2 0 11.7 52.7 11.9 52.6 80.0 100 100 28 432 0 333 0 231 231 232 2 3 2 60.0 50.0 WAIT_ACK 0 
b.1 2025-09-26 19:52:12.740 a 2025-09-26-19:52:09 114 254 341 0.4 3.5 7.8 10.7 51.3 725.3 0.00 0 0.0 19.8 24.1 24.5 3.633  -32.2   17.3    4.0  40    3.7   5 0 0 1 1 2 0 11.7 52.7 11.9 52.5 80.0 100 100 28 433 0 320 0 231 232 232 2 3 2 59.9 50.0 WAIT_ACK 0 
b.1 2025-09-26 19:53:09.700 a 2025-09-26-19:53:06 274 257 296 0.2 1.4 3.3 10.7 51.3 725.3 0.00 0 0.0 20.4 24.1 24.5 3.628  -30.0   17.3    3.2  40    3.7   0 0 0 1 1 2 0 11.8 52.5 11.9 52.3 80.0 100 100 28 432 0 325 0 231 232 232 2 3 2 60.0 50.0 WAIT_ACK 0 
b.1 2025-09-26 19:54:13.019 a 2025-09-26-19:54:09 038 278 093 0.1 1.8 4.7 10.7 52.2 725.2 0.00 0 0.0 21.1 24.1 24.4 3.628  -29.9   17.3    2.7  41    3.8   0 0 0 1 1 2 0 11.8 52.6 12.0 52.5 80.0 100 100 28 431 0 327 0 231 231 232 2 3 2 60.0 50.0 WAIT_ACK 0 
b.1 2025-09-26 19:55:16.295 a 2025-09-26-19:55:13 192 250 221 0.2 2.3 7.9 10.8 52.7 725.2 0.00 0 0.0 21.0 24.1 24.4 3.634  -35.1   17.3    3.0  41    4.0   5 0 0 1 1 2 0 11.8 53.0 12.0 52.7 80.0 100 100 28 432 0 331 0 232 231 232 2 3 2 59.9 50.0 WAIT_ACK 0 
b.1 2025-09-26 19:56:12.940 a 2025-09-26-19:56:09 058 277 140 0.2 3.5 8.7 10.9 50.9 725.3 0.00 0 0.0 19.8 24.1 24.4 3.627  -30.9   17.3    4.0  41    3.8   5 0 0 1 1 2 0 11.8 52.6 12.0 52.5 80.0 100 100 28 433 0 327 0 232 232 232 2 3 2 60.0 50.0 WAIT_ACK 0 
b.1 2025-09-26 19:57:13.197 a 2025-09-26-19:57:10 104 245 307 0.2 3.5 6.9 10.9 50.9 725.2 0.00 0 0.0 19.6 24.1 24.5 3.628  -35.3   17.3    4.9  41    3.8   5 0 0 1 1 2 0 11.8 52.4 12.0 52.2 80.0 100 100 28 432 0 335 0 232 232 232 2 3 2 60.0 50.0 WAIT_ACK 0 
b.1 2025-09-26 19:58:14.660 a 2025-09-26-19:58:11 142 251 350 0.6 2.9 5.7 10.9 49.4 725.2 0.00 0 0.0 19.4 24.1 24.5 3.627  -33.6   17.3    4.5  40    3.7   5 0 0 1 1 2 0 11.8 51.8 12.0 51.8 80.0 100 100 28 432 0 322 0 232 232 232 2 3 2 59.9 50.0 WAIT_ACK 0 
b.1 2025-09-26 19:59:11.756 a 2025-09-26-19:59:08 067 239 269 0.3 2.8 5.7 10.9 48.7 725.2 0.00 0 0.0 19.6 24.1 24.5 3.627  -30.1   17.2    3.8  40    3.6   5 0 0 1 1 2 0 11.9 51.5 12.0 51.4 80.0 100 100 28 432 0 326 0 231 232 232 2 3 1 59.9 50.0 WAIT_ACK 0 
b.1 2025-09-26 20:00:14.059 a 2025-09-26-20:00:10 034 268 123 0.1 3.5 8.2 10.9 49.4 725.2 0.00 0 0.0 19.5 24.1 24.5 3.628  -34.9   17.2    5.5  40    3.5   5 0 0 1 1 2 0 11.9 51.1 12.0 51.0 80.0 100 100 28 432 0 335 0 231 232 232 2 3 1 60.0 50.0 WAIT_ACK 0 
b.1 2025-09-26 20:01:13.078 a 2025-09-26-20:01:09 090 248 298 0.3 3.1 6.9 10.9 50.0 725.2 0.00 0 0.0 19.0 24.1 24.5 3.628  -32.1   17.2    5.5  40    3.6   5 0 0 1 1 2 0 11.9 51.1 12.1 50.9 80.0 100 100 28 431 0 329 0 232 232 232 2 3 2 59.9 50.0 WAIT_ACK 0 
b.1 2025-09-26 20:02:12.364 a 2025-09-26-20:02:09 077 283 181 0.2 2.7 5.1 10.9 49.5 725.1 0.00 0 0.0 19.6 24.1 24.4 3.627  -31.9   17.1    4.2  40    3.5   5 0 0 1 1 2 0 11.9 51.0 12.1 50.9 80.0 100 100 28 433 0 324 0 232 231 232 2 3 2 59.9 50.0 WAIT_ACK 0 
b.1 2025-09-26 20:03:14.200 a 2025-09-26-20:03:11 057 306 280 0.3 3.3 4.7 10.9 50.9 725.2 0.00 0 0.0 19.7 24.1 24.5 3.627  -29.7   17.1    4.5  40    3.5   5 0 0 1 1 2 0 11.8 51.3 12.1 51.2 80.0 100 100 28 432 0 337 0 232 232 232 2 3 2 59.9 50.0 WAIT_ACK 0 
b.1 2025-09-26 20:04:11.581 a 2025-09-26-20:04:08 057 314 267 0.3 3.3 5.9 10.9 51.6 725.2 0.00 0 0.0 19.9 24.1 24.5 3.629  -31.1   17.2    5.3  40    3.6   5 0 0 1 1 2 0 11.8 51.6 12.0 51.4 80.0 100 100 28 430 0 337 0 231 232 232 2 3 2 59.9 50.0 WAIT_ACK 0 
b.1 2025-09-26 20:05:12.117 a 2025-09-26-20:05:09 270 295 292 0.2 1.7 5.0 11.0 50.7 725.2 0.00 0 0.0 20.2 24.1 24.4 3.634  -29.5   17.2    3.3  41    3.7   0 0 0 1 1 2 0 11.7 51.9 12.0 51.7 80.0 100 100 28 432 0 333 0 231 232 232 2 3 1 59.9 50.0 WAIT_ACK 0 
b.1 2025-09-26 20:06:11.776 a 2025-09-26-20:06:08 035 329 232 0.2 2.3 5.6 11.1 51.7 725.2 0.00 0 0.0 21.3 24.1 24.4 3.628  -34.0   17.2    3.0  41    3.8   5 0 0 1 1 2 0 11.8 52.3 12.0 52.1 80.0 100 100 28 433 0 332 0 231 231 232 2 3 2 59.9 50.0 WAIT_ACK 0 
b.1 2025-09-26 20:07:13.756 a 2025-09-26-20:07:10 034 342 268 0.6 3.2 5.2 11.4 50.7 725.2 0.00 0 0.0 21.5 24.1 24.5 3.628  -35.8   17.3    3.3  41    3.9   5 0 0 1 1 2 0 11.8 52.6 12.0 52.3 80.0 100 100 28 432 0 322 0 231 232 232 2 3 2 59.9 50.0 WAIT_ACK 0 
b.1 2025-09-26 20:08:11.519 a 2025-09-26-20:08:08 113 351 240 0.3 2.7 6.4 11.5 51.3 725.2 0.00 0 0.0 21.8 24.1 24.5 3.634  -33.0   17.4    3.3  41    3.9   5 0 0 1 1 2 0 11.8 52.6 12.1 52.3 80.0 100 100 28 432 0 334 0 231 232 232 2 3 2 59.9 50.0 WAIT_ACK 0 
b.1 2025-09-26 20:09:12.796 a 2025-09-26-20:09:09 043 342 252 0.2 2.1 4.1 11.6 49.1 725.2 0.00 0 0.0 22.2 24.1 24.4 3.628  -30.3   17.5    2.9  41    4.0   5 0 0 1 1 2 0 11.9 52.6 12.1 52.4 80.0 100 100 28 432 0 323 0 231 232 232 2 3 1 59.9 50.0 WAIT_ACK 0 
b.1 2025-09-26 20:10:15.339 a 2025-09-26-20:10:12 013 346 115 0.2 1.2 2.6 11.7 50.4 725.2 0.00 0 0.0 23.3 24.1 24.5 3.628  -30.1   17.6    2.4  41    4.1   0 0 0 1 1 2 0 11.9 52.4 12.1 52.2 80.0 100 100 28 432 0 336 0 232 232 232 2 3 2 59.9 50.0 WAIT_ACK 0 
b.1 2025-09-26 20:11:12.200 a 2025-09-26-20:11:09 043 337 094 0.2 2.1 5.1 11.9 48.7 725.2 0.00 0 0.0 23.4 24.1 24.5 3.628  -31.8   17.7    2.5  41    4.2   0 0 0 1 1 2 0 11.9 52.3 12.2 52.0 80.0 100 100 28 433 0 317 0 232 232 232 2 3 2 59.9 50.0 WAIT_ACK 0 
b.1 2025-09-26 20:12:12.141 a 2025-09-26-20:12:08 115 329 204 0.1 3.0 6.3 12.0 47.4 725.1 0.00 0 0.0 23.1 24.1 24.4 3.629  -32.8   17.8    3.0  40    4.2   5 0 0 1 1 2 0 11.9 51.8 12.2 51.6 80.0 100 100 28 432 0 333 0 231 232 232 2 3 1 59.9 50.0 WAIT_ACK 0 
b.1 2025-09-26 20:13:14.543 a 2025-09-26-20:13:11 008 320 242 0.7 3.6 6.2 11.7 47.8 725.1 0.00 0 0.0 21.7 24.1 24.5 3.631  -32.3   17.8    4.2  40    4.1   5 0 0 1 1 2 0 11.9 51.6 12.1 51.4 80.0 100 100 28 432 0 337 0 231 232 232 2 3 1 59.9 50.0 WAIT_ACK 0 
b.1 2025-09-26 20:14:12.381 a 2025-09-26-20:14:09 093 333 226 0.2 3.1 5.7 11.4 48.9 725.1 0.00 0 0.0 21.2 24.1 24.4 3.628  -38.3   17.9    4.4  40    4.0   5 0 0 1 1 2 0 11.8 51.5 12.1 51.3 80.0 100 100 28 433 0 328 0 231 232 232 2 3 2 59.9 50.0 WAIT_ACK 0 
b.1 2025-09-26 20:15:15.063 a 2025-09-26-20:15:11 009 311 273 0.8 3.8 5.6 11.1 49.4 725.1 0.00 0 0.0 20.5 24.1 24.4 3.628  -33.6   17.9    5.8  40    4.0   5 0 0 1 1 2 0 11.8 51.5 12.1 51.2 80.0 100 100 28 432 0 317 0 232 232 232 2 3 1 59.9 50.0 WAIT_ACK 0 
b.1 2025-09-26 20:16:13.601 a 2025-09-26-20:16:10 269 298 325 2.3 4.4 7.0 10.9 49.7 725.1 0.00 0 0.0 19.4 24.1 24.4 3.628  -34.0   17.9    8.4  40    4.0   5 0 0 1 1 2 0 11.8 51.6 12.0 51.3 80.0 100 100 28 432 0 332 0 232 232 232 2 3 2 59.9 50.0 WAIT_ACK 0 
b.1 2025-09-26 20:17:11.963 a 2025-09-26-20:17:08 091 315 277 0.5 2.5 4.3 10.7 51.2 725.1 0.00 0 0.0 20.0 24.1 24.5 3.627  -31.0   17.9    4.9  40    4.0   5 0 0 1 1 2 0 11.8 51.7 12.0 51.4 80.0 100 100 28 433 0 336 0 231 232 232 2 3 2 59.9 50.0 WAIT_ACK 0 
b.1 2025-09-26 20:18:13.098 a 2025-09-26-20:18:09 287 318 349 2.0 5.3 8.0 10.7 51.1 725.1 0.00 0 0.0 19.1 24.1 24.5 3.627  -33.5   17.9   10.8  40    4.0   5 0 0 1 1 2 0 11.8 52.0 12.0 51.6 80.0 100 100 28 433 0 337 0 232 232 232 2 3 2 59.9 50.0 WAIT_ACK 0 
b.1 2025-09-26 20:19:13.500 a 2025-09-26-20:19:10 001 321 188 0.4 3.6 6.6 10.6 51.8 725.1 0.00 0 0.0 19.0 24.1 24.5 3.628  -33.5   17.8    8.1  40    3.9   5 0 0 1 1 2 0 11.8 52.1 12.0 51.7 80.0 100 100 28 431 0 337 0 231 232 232 2 3 2 59.9 50.0 WAIT_ACK 0 
b.1 2025-09-26 20:20:14.003 a 2025-09-26-20:20:10 124 347 289 0.3 2.8 4.8 10.6 51.4 725.0 0.00 0 0.0 19.8 24.1 24.5 3.628  -34.1   17.8    5.6  40    3.9   5 0 0 1 1 2 0 11.8 52.1 12.0 51.8 80.0 100 100 28 433 0 319 0 232 232 232 2 3 2 59.9 50.0 WAIT_ACK 0 
b.1 2025-09-26 20:21:13.737 a 2025-09-26-20:21:10 017 298 065 0.1 2.2 4.6 10.6 52.6 725.1 0.00 0 0.0 20.3 24.1 24.4 3.628  -31.5   17.7    4.4  40    3.9   5 0 0 1 1 2 0 11.7 52.2 12.0 51.9 80.0 100 100 28 433 0 326 0 232 231 232 2 3 2 60.0 50.0 WAIT_ACK 0 
b.1 2025-09-26 20:22:11.020 a 2025-09-26-20:22:07 038 261 309 0.1 1.4 4.8 10.8 51.6 725.0 0.00 0 0.0 21.2 24.1 24.4 3.627  -30.8   17.7    3.0  40    3.9   5 0 0 1 1 2 0 11.8 52.4 12.0 52.1 80.0 100 100 28 432 0 335 0 231 232 232 2 3 2 59.9 50.0 WAIT_ACK 0 
b.1 2025-09-26 20:23:11.243 a 2025-09-26-20:23:08 281 305 330 1.3 4.2 6.7 10.8 51.6 725.0 0.00 0 0.0 20.2 24.1 24.4 3.633  -33.3   17.7    5.5  40    3.9   5 0 0 1 1 2 0 11.8 52.2 12.0 52.0 80.0 100 100 28 432 0 326 0 231 232 232 2 3 2 60.0 50.0 WAIT_ACK 0 
b.1 2025-09-26 20:24:11.319 a 2025-09-26-20:24:08 072 300 191 0.1 1.6 3.7 10.8 51.6 725.0 0.00 0 0.0 20.5 24.1 24.5 3.634  -30.9   17.8    3.5  40    3.9   0 0 0 1 1 2 0 11.8 52.4 12.0 52.1 80.0 100 100 28 432 0 321 0 231 232 232 2 3 1 59.9 50.0 WAIT_ACK 0 
b.1 2025-09-26 20:25:15.380 a 2025-09-26-20:25:12 093 327 219 0.2 1.3 3.0 10.6 53.2 725.0 0.00 0 0.0 21.8 24.1 24.4 3.633  -30.5   17.7    2.6  40    4.0   0 0 0 1 1 2 0 11.8 52.7 12.0 52.5 80.0 100 100 28 432 0 329 0 231 232 232 2 3 2 59.9 50.0 WAIT_ACK 0 
b.1 2025-09-26 20:26:13.561 a 2025-09-26-20:26:10 040 305 126 0.1 1.9 3.5 10.6 53.2 725.0 0.00 0 0.0 22.2 24.1 24.5 3.628  -32.5   17.7    2.8  40    4.0   5 0 0 1 1 2 0 11.7 52.9 12.0 52.7 80.0 100 100 28 432 0 337 0 231 232 232 2 3 2 59.9 50.0 WAIT_ACK 0 
b.1 2025-09-26 20:27:11.259 a 2025-09-26-20:27:08 019 308 201 0.1 2.5 4.1 10.8 52.0 725.0 0.00 0 0.0 21.9 24.1 24.5 3.629  -31.7   17.8    3.0  40    4.0   5 0 0 1 1 2 0 11.8 53.0 12.0 52.8 80.0 100 100 28 433 0 335 0 232 232 232 2 3 2 59.9 50.0 WAIT_ACK 0 
b.1 2025-09-26 20:28:15.141 a 2025-09-26-20:28:11 094 315 149 0.1 2.9 4.8 10.8 52.5 724.9 0.00 0 0.0 21.3 24.1 24.4 3.628  -31.3   17.8    3.6  40    4.1   5 0 0 1 1 2 0 11.8 53.1 12.0 52.8 80.0 100 100 28 432 0 335 0 232 232 232 2 3 1 59.9 50.0 WAIT_ACK 0 
b.1 2025-09-26 20:29:13.640 a 2025-09-26-20:29:10 037 306 261 0.1 2.6 5.8 10.8 53.3 724.9 0.00 0 0.0 21.7 24.1 24.5 3.628  -32.7   17.8    3.4  40    4.2   5 0 0 1 1 2 0 11.8 53.5 12.1 53.0 80.0 100 100 28 432 0 320 0 232 232 232 2 3 2 60.0 50.0 WAIT_ACK 0 
b.1 2025-09-26 20:30:15.520 a 2025-09-26-20:30:12 262 290 354 0.5 2.3 4.2 10.9 49.5 725.0 0.00 0 0.0 21.1 24.1 24.4 3.634  -31.2   17.8    3.8  40    4.1   5 0 0 1 1 2 0 11.8 53.0 12.0 52.6 80.0 100 100 28 432 0 323 0 231 231 232 2 3 2 59.9 50.0 WAIT_ACK 0 
b.1 2025-09-26 20:31:12.901 a 2025-09-26-20:31:09 296 311 325 0.3 2.6 5.1 10.8 51.7 725.0 0.00 0 0.0 21.2 24.1 24.5 3.627  -32.2   17.9    3.9  40    4.1   5 0 0 1 1 2 0 11.8 52.9 12.0 52.6 80.0 100 100 28 431 0 332 0 232 231 232 2 3 2 60.0 50.0 WAIT_ACK 0 
b.1 2025-09-26 20:32:12.220 a 2025-09-26-20:32:09 101 307 254 0.3 3.0 6.0 10.7 54.1 724.9 0.00 0 0.0 21.2 24.1 24.4 3.627  -32.7   17.9    4.1  40    4.2   5 0 0 1 1 2 0 11.8 53.6 12.0 53.1 80.0 100 100 28 432 0 328 0 231 231 232 2 3 2 59.9 50.0 WAIT_ACK 0 
b.1 2025-09-26 20:33:12.063 a 2025-09-26-20:33:08 262 288 352 0.6 4.3 6.6 10.8 52.3 725.0 0.00 0 0.0 19.8 24.1 24.5 3.628  -33.7   17.9    7.5  40    4.1   5 0 0 1 1 2 0 11.8 53.8 12.1 53.5 80.0 100 100 28 431 0 332 0 232 232 232 2 3 1 59.9 50.0 WAIT_ACK 0 
b.1 2025-09-26 20:34:14.140 a 2025-09-26-20:34:11 005 305 272 1.1 3.2 5.8 10.8 53.2 725.0 0.00 0 0.0 19.7 24.1 24.5 3.627  -33.1   17.9    6.1  40    4.1   5 0 0 1 1 2 0 11.9 53.9 12.1 53.6 80.0 100 100 28 433 0 320 0 232 232 232 2 3 1 59.9 50.0 WAIT_ACK 0 
b.1 2025-09-26 20:35:14.043 a 2025-09-26-20:35:10 061 317 278 0.3 3.5 5.8 10.6 55.4 725.0 0.00 0 0.0 19.6 24.1 24.5 3.628  -36.8   17.9    6.7  40    4.2   5 0 0 1 1 2 0 11.9 54.3 12.1 54.0 80.0 100 100 28 432 0 325 0 231 232 232 2 3 2 59.9 50.0 WAIT_ACK 0 
b.1 2025-09-26 20:36:12.645 a 2025-09-26-20:36:09 061 313 154 0.2 1.9 3.9 10.5 55.7 725.0 0.00 0 0.0 19.9 24.1 24.4 3.629  -30.9   17.9    4.0  40    4.3   0 0 0 1 1 2 0 11.8 54.8 12.1 54.4 80.0 100 100 28 432 0 329 0 232 232 232 2 3 2 59.9 50.0 WAIT_ACK 0 
b.1 2025-09-26 20:37:11.703 a 2025-09-26-20:37:08 261 323 349 1.0 4.2 6.1 10.4 56.9 725.0 0.00 0 0.0 19.6 24.1 24.5 3.628  -35.3   17.8    6.1  41    4.3   5 0 0 1 1 2 0 11.8 55.4 12.1 55.0 80.0 100 100 28 432 0 317 0 231 232 232 2 3 2 60.0 50.0 WAIT_ACK 0 
b.1 2025-09-26 20:38:13.582 a 2025-09-26-20:38:10 003 318 289 1.9 3.7 5.6 10.3 56.0 725.0 0.00 0 0.0 18.9 24.1 24.5 3.627  -35.0   17.7    7.7  41    4.2   5 0 0 1 1 2 0 11.8 55.7 12.0 55.2 80.0 100 100 28 432 0 337 0 231 232 232 2 3 2 59.9 50.0 WAIT_ACK 0 
b.1 2025-09-26 20:39:12.801 a 2025-09-26-20:39:09 295 326 356 0.6 3.4 5.7 10.0 58.8 725.0 0.00 0 0.0 19.1 24.1 24.5 3.628  -34.4   17.7    7.3  41    4.2   5 0 0 1 1 2 0 11.7 56.1 12.0 55.6 80.0 100 100 28 432 0 335 0 232 232 232 2 3 2 59.9 50.0 WAIT_ACK 0 
b.1 2025-09-26 20:40:13.365 a 2025-09-26-20:40:10 004 325 291 0.7 3.2 5.3 9.9 57.5 725.0 0.00 0 0.0 19.3 24.1 24.5 3.627  -33.6   17.6    6.8  41    4.2   5 0 0 1 1 2 0 11.7 56.1 11.9 55.5 80.0 100 100 28 433 0 335 0 232 232 232 2 3 2 59.9 50.0 WAIT_ACK 0 
b.1 2025-09-26 20:41:15.124 a 2025-09-26-20:41:11 301 335 000 1.5 4.4 6.5 9.8 55.0 724.9 0.00 0 0.0 19.0 24.1 24.5 3.628  -38.6   17.6    8.7  41    4.1  10 0 0 1 1 2 0 11.6 55.6 11.9 55.3 80.0 100 100 28 432 0 321 0 232 232 232 2 3 1 59.9 50.0 WAIT_ACK 0 
b.1 2025-09-26 20:42:14.263 a 2025-09-26-20:42:11 009 334 293 2.1 4.7 9.4 9.6 58.4 725.0 0.00 0 0.0 18.2 24.1 24.5 3.628  -35.5   17.5   10.6  41    4.2  10 0 0 1 1 2 0 11.6 55.9 11.8 55.5 80.0 100 100 28 433 0 320 0 231 232 232 2 3 2 59.9 50.0 WAIT_ACK 0 
b.1 2025-09-26 20:43:13.164 a 2025-09-26-20:43:10 289 326 353 1.0 2.6 3.9 9.6 58.1 725.0 0.00 0 0.0 19.0 24.1 24.4 3.633  -32.1   17.5    5.8  41    4.1   5 0 0 1 1 2 0 11.6 55.9 11.8 55.7 80.0 100 100 28 432 0 332 0 231 232 232 2 3 2 59.9 50.0 WAIT_ACK 0 
b.1 2025-09-26 20:44:12.703 a 2025-09-26-20:44:09 145 314 352 0.1 1.3 3.0 9.7 58.8 725.0 0.00 0 0.0 20.2 24.1 24.5 3.631  -30.0   17.4    3.2  42    4.3   0 0 0 1 1 2 0 11.6 56.1 11.8 55.7 80.0 100 100 28 432 0 327 0 231 231 232 2 3 2 59.9 50.0 WAIT_ACK 0 
b.1 2025-09-26 20:45:15.063 a 2025-09-26-20:45:11 017 282 106 0.2 2.1 4.9 10.0 58.0 725.0 0.00 0 0.0 20.6 24.1 24.5 3.628  -30.0   17.4    3.1  42    4.3   0 0 0 1 1 2 0 11.6 56.1 11.8 55.8 80.0 100 100 28 432 0 333 0 232 232 232 2 3 2 60.0 50.0 WAIT_ACK 0 
b.1 2025-09-26 20:46:12.963 a 2025-09-26-20:46:09 097 268 350 0.1 1.3 3.7 10.3 55.2 725.0 0.00 0 0.0 21.5 24.1 24.5 3.635  -30.7   17.4    2.5  42    4.3   0 0 0 1 1 2 0 11.6 55.9 11.9 55.6 80.0 100 100 28 433 0 334 0 231 232 232 2 3 1 60.0 50.0 WAIT_ACK 0 
b.1 2025-09-26 20:47:11.746 a 2025-09-26-20:47:08 001 303 074 0.0 1.6 4.1 10.7 53.7 724.9 0.00 0 0.0 22.1 24.1 24.4 3.627  -30.0   17.4    2.4  42    4.3   0 0 0 1 1 2 0 11.6 55.6 11.9 55.1 80.0 100 100 28 432 0 334 0 231 232 232 2 3 1 60.0 50.0 WAIT_ACK 0 
b.1 2025-09-26 20:48:13.868 a 2025-09-26-20:48:10 003 220 093 0.1 1.9 5.2 11.0 51.0 724.9 0.00 0 0.0 21.9 24.1 24.5 3.627  -29.5   17.4    2.5  42    4.2   0 0 0 1 1 2 0 11.7 55.2 12.0 54.6 80.0 100 100 28 433 0 327 0 232 232 232 2 3 2 60.0 50.0 WAIT_ACK 0 
b.1 2025-09-26 20:49:12.032 a 2025-09-26-20:49:08 017 261 289 0.1 2.3 5.4 11.1 52.2 725.0 0.00 0 0.0 21.8 24.1 24.4 3.627  -31.9   17.4    2.8  41    4.2   5 0 0 1 1 2 0 11.7 54.4 12.0 54.1 80.0 100 100 28 432 0 331 0 231 232 232 2 3 1 60.0 50.0 WAIT_ACK 0 
b.1 2025-09-26 20:50:15.164 a 2025-09-26-20:50:12 120 303 132 0.3 1.8 4.4 11.2 52.6 725.0 0.00 0 0.0 21.9 24.1 24.5 3.628  -30.5   17.4    2.7  42    4.2   5 0 0 1 1 2 0 11.8 54.2 12.1 53.8 80.0 100 100 28 432 0 337 0 231 232 232 2 3 2 60.0 50.0 WAIT_ACK 0 
b.1 2025-09-26 20:51:12.263 a 2025-09-26-20:51:09 116 247 341 0.1 0.7 1.9 11.2 54.4 725.0 0.00 0 0.0 22.8 24.1 24.5 3.628  -29.3   17.4    2.2  42    4.2   0 0 0 1 1 2 0 11.8 54.2 12.1 53.8 80.0 100 100 28 433 0 320 0 232 232 232 2 3 2 60.0 50.0 WAIT_ACK 0 
b.1 2025-09-26 20:52:14.525 a 2025-09-26-20:52:11 052 315 244 0.3 2.9 5.5 11.2 57.1 725.0 0.00 0 0.0 22.7 24.1 24.4 3.628  -32.0   17.4    2.6  42    4.4   5 0 0 1 1 2 0 11.8 54.7 12.1 54.1 80.0 100 100 28 433 0 331 0 232 232 232 2 3 2 60.0 50.0 WAIT_ACK 0 
b.1 2025-09-26 20:53:13.487 a 2025-09-26-20:53:10 015 325 276 0.2 3.2 5.5 11.1 59.0 724.9 0.00 0 0.0 22.2 24.1 24.4 3.628  -32.5   17.5    3.3  43    4.6   5 0 0 1 1 2 0 11.8 56.2 12.1 55.7 80.0 100 100 28 433 0 335 0 231 232 232 2 3 1 60.0 50.0 WAIT_ACK 0 
b.1 2025-09-26 20:54:14.407 a 2025-09-26-20:54:11 085 314 253 0.2 2.8 5.2 10.9 59.0 724.9 0.00 0 0.0 21.5 24.1 24.4 3.628  -31.0   17.5    3.5  43    4.8   0 0 0 1 1 2 0 11.8 57.2 12.1 56.8 80.0 100 100 28 432 0 335 0 232 232 232 2 3 2 60.0 50.0 WAIT_ACK 0 
b.1 2025-09-26 20:55:14.588 a 2025-09-26-20:55:11 102 322 291 0.4 3.5 5.0 10.9 58.9 724.9 0.00 0 0.0 21.0 24.1 24.4 3.628  -35.8   17.5    4.7  43    4.7   5 0 0 1 1 2 0 11.9 57.8 12.1 57.5 80.0 100 100 28 433 0 328 0 232 231 232 2 3 2 59.9 50.0 WAIT_ACK 0 
b.1 2025-09-26 20:56:10.667 a 2025-09-26-20:56:07 098 335 194 0.2 1.9 4.2 10.9 58.9 724.9 0.00 0 0.0 21.3 24.1 24.4 3.628  -30.5   17.5    3.1  43    4.8   0 0 0 1 1 2 0 11.8 58.2 12.1 57.6 80.0 100 100 28 432 0 322 0 232 231 232 2 3 2 59.9 50.0 WAIT_ACK 0 
b.1 2025-09-26 20:57:12.045 a 2025-09-26-20:57:08 276 309 000 0.4 2.8 5.9 10.6 60.4 724.9 0.00 0 0.0 22.0 24.1 24.4 3.628  -34.5   17.6    3.2  43    4.8   5 0 0 1 1 2 0 11.8 58.4 12.1 58.1 80.0 100 100 28 433 0 319 0 231 232 232 2 3 2 59.9 50.0 WAIT_ACK 0 
b.1 2025-09-26 20:58:14.164 a 2025-09-26-20:58:11 052 295 253 0.3 3.6 6.3 10.6 57.7 724.9 0.00 0 0.0 20.8 24.1 24.5 3.629  -33.4   17.6    5.1  43    4.8   5 0 0 1 1 2 0 11.8 57.6 12.0 57.3 80.0 100 100 28 432 0 330 0 231 231 232 2 3 2 59.9 50.0 WAIT_ACK 0 
b.1 2025-09-26 20:59:12.151 a 2025-09-26-20:59:08 103 319 292 0.2 3.3 4.8 10.6 57.3 724.9 0.00 0 0.0 20.5 24.1 24.5 3.628  -34.9   17.6    5.5  43    4.8   5 0 0 1 1 2 0 11.8 57.6 12.0 57.2 80.0 100 100 28 431 0 324 0 232 232 232 2 3 1 59.9 50.0 WAIT_ACK 0 
b.1 2025-09-26 21:00:16.868 a 2025-09-26-21:00:13 089 320 229 0.2 2.0 3.5 10.4 55.6 724.9 0.00 0 0.0 20.8 24.1 24.4 3.628  -31.3   17.6    3.9  42    4.7   0 0 0 1 1 2 0 11.7 57.3 12.0 56.9 80.0 100 100 28 433 0 320 0 231 231 232 2 3 2 59.9 50.0 WAIT_ACK 0 
b.1 2025-09-26 21:01:13.928 a 2025-09-26-21:01:10 068 331 294 0.2 2.0 3.5 10.2 57.6 724.9 0.00 0 0.0 21.7 24.1 24.4 3.628  -31.5   17.6    3.1  42    4.7   0 0 0 1 1 2 0 11.7 57.6 11.9 57.1 80.0 100 100 28 432 0 337 0 231 232 232 2 3 2 59.9 50.0 WAIT_ACK 0 
b.1 2025-09-26 21:02:11.309 a 2025-09-26-21:02:08 046 304 254 0.4 2.3 4.1 10.2 61.1 724.8 0.00 0 0.0 21.5 24.1 24.5 3.633  -35.0   17.6    3.5  42    4.7   5 0 0 1 1 2 0 11.6 58.3 11.9 57.6 80.0 100 100 28 433 0 334 0 231 232 232 2 3 2 59.9 50.0 WAIT_ACK 0 
b.1 2025-09-26 21:03:12.648 a 2025-09-26-21:03:09 261 277 294 0.0 1.5 5.1 10.2 61.9 724.8 0.00 0 0.0 22.0 24.1 24.5 3.628  -35.0   17.6    2.7  43    5.0   0 0 0 1 1 2 0 11.7 59.2 11.9 58.5 80.0 100 100 28 433 0 334 0 232 232 232 2 3 1 59.9 50.0 WAIT_ACK 0 
b.1 2025-09-26 21:04:12.450 a 2025-09-26-21:04:09 290 230 348 0.4 2.6 5.1 10.3 56.5 724.8 0.00 0 0.0 21.4 24.1 24.5 3.628  -34.0   17.6    3.0  43    4.8   5 0 0 1 1 2 0 11.7 59.1 11.9 58.6 80.0 100 100 28 433 0 324 0 232 232 232 2 3 2 59.9 50.0 WAIT_ACK 0 
b.1 2025-09-26 21:05:12.207 a 2025-09-26-21:05:09 085 251 309 0.4 3.1 6.4 10.4 56.5 724.8 0.00 0 0.0 20.1 24.1 24.4 3.634  -32.4   17.4    4.9  42    4.6   5 0 0 1 1 2 0 11.7 58.0 12.0 57.6 80.0 100 100 28 432 0 330 0 232 232 232 2 3 2 59.9 50.0 WAIT_ACK 0 
b.1 2025-09-26 21:06:12.427 a 2025-09-26-21:06:09 097 271 135 0.3 2.2 4.8 10.2 58.3 724.8 0.00 0 0.0 20.3 24.1 24.5 3.627  -30.9   17.3    3.8  43    4.5   0 0 0 1 1 2 0 11.7 57.7 12.0 57.4 80.0 100 100 28 433 0 335 0 231 232 232 2 3 2 59.9 50.0 WAIT_ACK 0 
b.1 2025-09-26 21:07:13.107 a 2025-09-26-21:07:09 229 283 336 0.7 2.6 4.6 10.1 58.9 724.7 0.00 0 0.0 20.4 24.1 24.4 3.628  -32.2   17.3    4.0  43    4.5   5 0 0 1 1 2 0 11.8 57.8 12.0 57.5 80.0 100 100 28 433 0 326 0 232 232 232 2 3 2 59.9 50.0 WAIT_ACK 0 
b.1 2025-09-26 21:08:13.711 a 2025-09-26-21:08:10 044 268 080 0.2 2.3 4.7 10.0 59.7 724.8 0.00 0 0.0 20.3 24.1 24.4 3.631  -31.6   17.2    4.0  43    4.6   5 0 0 1 1 2 0 11.8 57.8 12.0 57.6 80.0 100 100 28 432 0 323 0 231 232 232 2 3 2 59.9 50.0 WAIT_ACK 0 
b.1 2025-09-26 21:09:12.769 a 2025-09-26-21:09:09 003 224 207 0.1 2.2 6.0 10.0 58.9 724.8 0.00 0 0.0 20.2 24.1 24.5 3.628  -30.8   17.1    3.3  43    4.6   0 0 0 1 1 2 0 11.8 57.9 12.0 57.7 80.0 100 100 28 432 0 321 0 231 231 232 2 3 2 59.9 50.0 WAIT_ACK 0 
b.1 2025-09-26 21:10:15.028 a 2025-09-26-21:10:11 120 283 321 0.1 1.7 5.9 10.1 58.7 724.8 0.00 0 0.0 20.8 24.1 24.4 3.628  -29.1   17.1    2.7  44    4.6   0 0 0 1 1 2 0 11.8 57.8 12.0 57.6 80.0 100 100 28 432 0 336 0 232 232 232 2 3 2 59.9 50.0 WAIT_ACK 0 
b.1 2025-09-26 21:11:14.448 a 2025-09-26-21:11:11 055 240 323 0.1 1.6 5.3 10.3 60.3 724.8 0.00 0 0.0 21.8 24.1 24.4 3.628  -35.2   17.0    2.5  44    4.7   0 0 0 1 1 2 0 11.8 58.1 12.1 57.7 80.0 100 100 28 433 0 336 0 232 231 232 2 3 2 59.9 50.0 WAIT_ACK 0 
b.1 2025-09-26 21:12:12.772 a 2025-09-26-21:12:09 025 299 071 0.1 2.0 5.3 10.5 57.1 724.8 0.00 0 0.0 21.5 24.1 24.5 3.628  -29.5   17.0    2.5  44    4.6   0 0 0 1 1 2 0 11.9 57.9 12.1 57.4 80.0 100 100 28 433 0 317 0 232 232 232 2 3 2 59.9 50.0 WAIT_ACK 0 
b.1 2025-09-26 21:13:13.032 a 2025-09-26-21:13:09 086 302 147 0.2 1.5 3.9 10.6 58.3 724.8 0.00 0 0.0 22.6 24.1 24.4 3.627  -31.4   17.0    2.3  44    4.7   5 0 0 1 1 2 0 11.9 57.7 12.1 57.4 80.0 100 100 28 433 0 336 0 231 232 232 2 3 2 59.9 50.0 WAIT_ACK 0 
b.1 2025-09-26 21:14:14.211 a 2025-09-26-21:14:11 059 277 106 0.2 2.0 3.8 10.9 57.4 724.8 0.00 0 0.0 22.7 24.1 24.4 3.627  -34.3   17.0    2.4  44    4.8   5 0 0 1 1 2 0 11.9 57.5 12.2 57.3 80.0 100 100 28 432 0 333 0 231 232 232 2 3 1 59.9 50.0 WAIT_ACK 0 
b.1 2025-09-26 21:15:16.085 a 2025-09-26-21:15:12 030 299 209 0.4 2.8 6.0 11.1 57.3 724.8 0.00 0 0.0 22.1 24.1 24.5 3.628  -31.5   17.1    3.1  44    4.8   5 0 0 1 1 2 0 12.0 57.5 12.2 57.3 80.0 100 100 28 433 0 335 0 231 232 232 2 3 2 59.9 50.0 WAIT_ACK 0 
b.1 2025-09-26 21:16:11.213 a 2025-09-26-21:16:07 092 315 115 0.2 2.0 4.8 11.1 56.9 724.8 0.00 0 0.0 22.3 24.1 24.5 3.628  -30.4   17.2    2.7  44    4.9   5 0 0 1 1 2 0 12.0 57.4 12.2 57.2 80.0 100 100 28 432 0 337 0 231 232 232 2 3 2 59.9 50.0 WAIT_ACK 0 
b.1 2025-09-26 21:17:13.651 a 2025-09-26-21:17:10 030 317 242 0.3 3.6 6.1 11.1 57.8 724.8 0.00 0 0.0 21.5 24.1 24.4 3.628  -32.9   17.3    3.8  44    4.9   5 0 0 1 1 2 0 12.0 57.6 12.2 57.3 80.0 100 100 28 432 0 330 0 232 232 232 2 3 2 59.9 50.0 WAIT_ACK 0 
b.1 2025-09-26 21:18:13.967 a 2025-09-26-21:18:10 039 319 195 0.4 3.0 5.1 10.8 58.2 724.8 0.00 0 0.0 20.8 24.1 24.5 3.628  -31.7   17.3    4.3  44    5.0   0 0 0 1 1 2 0 12.0 58.1 12.2 57.6 80.0 100 100 28 433 0 337 0 231 232 232 2 3 2 60.0 50.0 WAIT_ACK 0 
b.1 2025-09-26 21:19:12.851 a 2025-09-26-21:19:09 020 335 229 0.5 3.0 5.0 10.4 57.8 724.8 0.00 0 0.0 20.7 24.1 24.5 3.627  -35.8   17.3    4.2  44    4.9   5 0 0 1 1 2 0 12.0 57.9 12.2 57.7 80.0 100 100 28 433 0 325 0 231 232 232 2 3 2 59.9 50.0 WAIT_ACK 0 
b.1 2025-09-26 21:20:13.994 a 2025-09-26-21:20:10 047 304 243 0.4 3.4 5.1 10.2 59.0 724.8 0.00 0 0.0 19.6 24.1 24.5 3.628  -32.4   17.3    5.6  44    4.9   5 0 0 1 1 2 0 11.9 57.9 12.2 57.6 80.0 100 100 28 433 0 336 0 231 232 232 2 3 2 59.9 50.0 WAIT_ACK 0 
b.1 2025-09-26 21:21:13.608 a 2025-09-26-21:21:10 079 301 265 0.3 2.2 4.2 10.1 59.1 724.7 0.00 0 0.0 20.0 24.1 24.4 3.637  -30.5   17.3    4.2  44    4.8   0 0 0 1 1 2 0 11.9 58.1 12.1 57.7 80.0 100 100 28 433 0 337 0 231 232 232 2 3 2 60.0 50.0 WAIT_ACK 0 
b.1 2025-09-26 21:22:13.650 a 2025-09-26-21:22:10 039 317 280 0.5 3.3 6.4 10.0 59.9 724.7 0.00 0 0.0 20.1 24.1 24.4 3.628  -33.5   17.2    4.4  44    4.9   5 0 0 1 1 2 0 11.8 58.0 12.1 57.9 80.0 100 100 28 433 0 334 0 231 232 232 2 3 2 59.9 50.0 WAIT_ACK 0 
b.1 2025-09-26 21:23:14.151 a 2025-09-26-21:23:10 110 321 294 0.8 3.1 4.5 9.9 60.1 724.7 0.00 0 0.0 19.8 24.1 24.4 3.628  -31.2   17.2    4.8  44    4.8   5 0 0 1 1 2 0 11.8 57.9 12.1 57.6 80.0 100 100 28 432 0 336 0 231 231 232 2 3 2 59.9 50.0 WAIT_ACK 0 
b.1 2025-09-26 21:24:13.608 a 2025-09-26-21:24:10 016 323 276 0.6 3.0 5.6 9.8 59.8 724.7 0.00 0 0.0 20.1 24.1 24.4 3.634  -34.6   17.2    4.3  44    4.8   5 0 0 1 1 2 0 11.8 58.1 12.0 57.7 80.0 100 100 28 432 0 333 0 231 232 232 2 3 2 59.9 50.0 WAIT_ACK 0 
b.1 2025-09-26 21:25:14.950 a 2025-09-26-21:25:11 272 316 356 1.1 3.3 5.6 9.8 59.3 724.7 0.00 0 0.0 19.6 24.1 24.4 3.628  -31.7   17.2    4.9  44    4.7   5 0 0 1 1 2 0 11.7 57.9 12.0 57.6 80.0 100 100 28 433 0 334 0 231 232 232 2 3 1 59.9 50.0 WAIT_ACK 0 
b.1 2025-09-26 21:26:13.634 a 2025-09-26-21:26:10 067 309 256 0.3 2.2 4.8 9.8 61.1 724.7 0.00 0 0.0 20.1 24.1 24.4 3.627  -32.0   17.2    3.8  44    4.8   5 0 0 1 1 2 0 11.7 58.0 11.9 57.6 80.0 100 100 28 432 0 327 0 231 232 232 2 3 1 59.9 50.0 WAIT_ACK 0 
b.1 2025-09-26 21:27:12.911 a 2025-09-26-21:27:09 095 335 131 0.1 2.0 4.8 9.8 60.2 724.7 0.00 0 0.0 20.5 24.1 24.4 3.627  -29.4   17.2    3.0  44    4.8   0 0 0 1 1 2 0 11.7 58.3 11.9 57.8 80.0 100 100 28 431 0 335 0 232 231 232 2 3 1 60.0 50.0 WAIT_ACK 0 
b.1 2025-09-26 21:28:13.092 a 2025-09-26-21:28:09 027 288 109 0.1 1.5 3.8 9.9 61.0 724.7 0.00 0 0.0 21.3 24.1 24.4 3.633  -29.9   17.1    2.7  44    4.8   5 0 0 1 1 2 0 11.7 58.1 12.0 57.6 80.0 100 100 28 432 0 334 0 232 231 232 2 3 2 59.9 50.0 WAIT_ACK 0 
b.1 2025-09-26 21:29:13.732 a 2025-09-26-21:29:10 122 329 137 0.1 1.3 3.4 9.9 61.0 724.7 0.00 0 0.0 22.1 24.0 24.4 3.633  -35.3   17.1    2.4  44    5.0   5 0 0 1 1 2 0 11.8 58.3 12.0 57.9 80.0 100 100 28 432 0 333 0 231 231 232 2 3 2 59.9 50.0 WAIT_ACK 0 
b.1 2025-09-26 21:30:14.309 a 2025-09-26-21:30:11 087 258 292 0.1 1.7 4.6 10.2 60.4 724.7 0.00 0 0.0 21.6 24.1 24.4 3.628  -32.6   17.1    2.5  45    5.0   0 0 0 1 1 2 0 11.9 58.3 12.1 57.9 80.0 100 100 28 432 0 335 0 231 232 232 2 3 2 59.9 50.0 WAIT_ACK 0 
b.1 2025-09-26 21:31:12.571 a 2025-09-26-21:31:09 130 291 308 0.0 1.0 2.5 10.4 59.8 724.7 0.00 0 0.0 22.3 24.1 24.4 3.628  -29.2   17.1    2.2  45    4.9   0 0 0 1 1 2 0 11.9 58.0 12.1 57.8 80.0 100 100 28 432 0 335 0 232 232 232 2 3 1 59.9 50.0 WAIT_ACK 0 
b.1 2025-09-26 21:32:11.015 a 2025-09-26-21:32:07 012 320 263 0.0 2.1 3.8 10.4 60.5 724.7 0.00 0 0.0 22.6 24.1 24.4 3.628  -31.3   17.1    2.4  45    5.0   0 0 0 1 1 2 0 11.9 58.1 12.1 57.8 80.0 100 100 28 432 0 336 0 231 232 232 2 3 2 59.9 50.0 WAIT_ACK 0 
b.1 2025-09-26 21:33:13.311 a 2025-09-26-21:33:10 105 009 350 0.1 0.8 2.7 10.6 61.2 724.7 0.00 0 0.0 21.6 24.1 24.5 3.628  -31.2   17.1    2.2  45    5.1   5 0 0 1 1 2 0 11.9 58.4 12.1 58.0 80.0 100 100 28 433 0 330 0 231 232 232 2 3 2 59.9 50.0 WAIT_ACK 0 
b.1 2025-09-26 21:34:13.433 a 2025-09-26-21:34:10 014 270 100 0.2 2.5 6.4 10.7 60.5 724.7 0.00 0 0.0 20.9 24.1 24.5 3.628  -32.4   17.0    2.8  45    5.1   5 0 0 1 1 2 0 11.9 59.3 12.1 59.0 80.0 100 100 28 433 0 328 0 231 231 232 2 3 1 59.9 50.0 WAIT_ACK 0 
b.1 2025-09-26 21:35:14.216 a 2025-09-26-21:35:10 244 289 327 1.1 4.2 6.4 10.8 60.7 724.6 0.00 0 0.0 19.8 24.1 24.4 3.627  -34.1   17.0    4.4  45    5.0   5 0 0 1 1 2 0 11.9 59.5 12.1 59.3 80.0 100 100 28 433 0 333 0 232 232 232 2 3 2 59.9 50.0 WAIT_ACK 0 
b.1 2025-09-26 21:36:14.436 a 2025-09-26-21:36:11 067 272 191 0.3 3.3 6.0 10.6 58.9 724.7 0.00 0 0.0 19.1 24.1 24.5 3.627  -33.8   17.0    6.0  45    5.0   5 0 0 1 1 2 0 11.9 59.4 12.1 59.3 80.0 100 100 28 433 0 330 0 231 232 232 2 3 2 59.9 50.0 WAIT_ACK 0 
b.1 2025-09-26 21:37:15.029 a 2025-09-26-21:37:11 178 289 353 0.2 1.9 4.0 10.3 61.1 724.6 0.00 0 0.0 19.5 24.1 24.4 3.634  -30.7   17.0    4.3  45    4.9   5 0 0 1 1 2 0 11.9 59.7 12.1 59.5 80.0 100 100 28 433 0 333 0 231 232 232 2 3 2 59.9 50.0 WAIT_ACK 0 
b.1 2025-09-26 21:38:13.430 a 2025-09-26-21:38:10 062 325 266 0.2 2.3 4.5 10.1 62.6 724.6 0.00 0 0.0 20.3 24.1 24.4 3.628  -31.6   17.0    3.5  45    5.1   0 0 0 1 1 2 0 11.9 60.1 12.1 59.9 80.0 100 100 28 433 0 335 0 231 232 232 2 3 2 59.9 50.0 WAIT_ACK 0 
b.1 2025-09-26 21:39:12.354 a 2025-09-26-21:39:09 066 301 105 0.3 2.7 5.8 10.1 63.2 724.6 0.00 0 0.0 20.1 24.1 24.4 3.628  -30.7   17.0    4.1  46    5.1   5 0 0 1 1 2 0 11.9 60.5 12.0 60.2 80.0 100 100 28 432 0 337 0 232 232 232 2 3 2 59.9 50.0 WAIT_ACK 0 
b.1 2025-09-26 21:40:15.631 a 2025-09-26-21:40:12 072 308 261 0.4 3.3 5.8 10.2 64.0 724.6 0.00 0 0.0 19.8 24.1 24.4 3.634  -31.6   16.9    4.6  46    5.2   5 0 0 1 1 2 0 11.8 61.1 12.0 60.9 80.0 100 100 28 431 0 337 0 231 232 232 2 3 2 59.9 50.0 WAIT_ACK 0 
b.1 2025-09-26 21:41:11.676 a 2025-09-26-21:41:08 101 299 261 0.1 1.6 4.7 10.2 64.2 724.6 0.00 0 0.0 20.6 24.1 24.4 3.628  -30.0   16.9    2.9  46    5.3   0 0 0 1 1 2 0 11.8 61.4 12.0 61.1 80.0 100 100 28 432 0 335 0 232 232 232 2 3 1 59.9 50.0 WAIT_ACK 0 
b.1 2025-09-26 21:42:14.532 a 2025-09-26-21:42:11 292 304 298 0.1 1.6 4.0 10.3 64.1 724.6 0.00 0 0.0 21.3 24.1 24.5 3.627  -29.6   16.9    2.6  47    5.4   5 0 0 1 1 2 0 11.8 61.5 12.0 61.4 80.0 100 100 28 433 0 328 0 232 232 232 2 3 1 59.9 50.0 WAIT_ACK 0 
b.1 2025-09-26 21:43:14.190 a 2025-09-26-21:43:11 113 217 278 0.3 2.7 6.5 10.5 60.1 724.6 0.00 0 0.0 20.7 24.1 24.5 3.628  -28.0   16.9    2.9  47    5.4   5 0 0 1 1 2 0 11.8 61.5 12.1 61.3 80.0 100 100 28 433 0 318 0 231 232 232 2 3 2 59.9 50.0 WAIT_ACK 0 
b.1 2025-09-26 21:44:12.075 a 2025-09-26-21:44:08 024 073 322 0.1 2.1 6.5 10.6 60.1 724.6 0.00 0 0.0 20.2 24.1 24.4 3.627  -31.6   16.8    2.9  47    5.3   5 0 0 1 1 2 0 11.9 61.0 12.1 60.7 80.0 100 100 28 432 0 325 0 231 232 232 2 3 2 60.0 50.0 WAIT_ACK 0 
b.1 2025-09-26 21:45:14.655 a 2025-09-26-21:45:11 110 224 317 0.1 1.5 4.3 10.6 61.1 724.6 0.00 0 0.0 20.8 24.1 24.5 3.628  -29.9   16.8    2.5  47    5.3   0 0 0 1 1 2 0 11.9 60.7 12.1 60.4 80.0 100 100 28 433 0 330 0 232 232 232 2 3 2 60.0 50.0 WAIT_ACK 0 
b.1 2025-09-26 21:46:14.776 a 2025-09-26-21:46:11 016 253 096 0.2 1.4 4.8 10.7 61.0 724.6 0.00 0 0.0 21.6 24.1 24.4 3.627  -33.3   16.7    2.4  47    5.3   0 0 0 1 1 2 0 11.9 60.6 12.2 60.3 80.0 100 100 28 433 0 332 0 231 232 232 2 3 2 60.0 50.0 WAIT_ACK 0 
b.1 2025-09-26 21:47:12.335 a 2025-09-26-21:47:09 072 296 150 0.2 2.1 5.7 10.8 59.1 724.6 0.00 0 0.0 21.5 24.1 24.4 3.629  -31.5   16.7    2.5  47    5.3   0 0 0 1 1 2 0 12.0 60.3 12.2 60.1 80.0 100 100 28 433 0 335 0 232 232 232 2 3 2 60.0 50.0 WAIT_ACK 0 
b.1 2025-09-26 21:48:13.619 a 2025-09-26-21:48:10 168 270 347 0.3 4.4 7.3 10.8 58.8 724.6 0.00 0 0.0 18.9 24.1 24.4 3.631  -37.5   16.7    5.4  47    5.2   5 0 0 1 1 2 0 12.0 59.9 12.2 59.5 80.0 100 100 29 432 0 331 0 231 232 232 2 3 2 60.0 50.0 WAIT_ACK 0 
b.1 2025-09-26 21:49:13.095 a 2025-09-26-21:49:09 120 274 285 0.1 1.9 4.8 10.5 61.1 724.6 0.00 0 0.0 19.5 24.1 24.4 3.628  -28.2   16.6    3.5  47    5.2   5 0 0 1 1 2 0 12.0 59.9 12.2 59.7 80.0 100 100 28 432 0 333 0 232 232 232 2 3 1 60.0 50.0 WAIT_ACK 0 
b.1 2025-09-26 21:50:14.914 a 2025-09-26-21:50:11 083 311 199 0.1 1.8 4.6 10.4 61.8 724.6 0.00 0 0.0 20.5 24.1 24.4 3.628  -29.0   16.6    2.7  47    5.3   5 0 0 1 1 2 0 12.0 60.1 12.2 59.8 80.0 100 100 28 432 0 320 0 231 232 232 2 3 2 60.0 50.0 WAIT_ACK 0 
b.1 2025-09-26 21:51:11.776 a 2025-09-26-21:51:08 044 276 097 0.2 1.8 5.4 10.6 60.8 724.6 0.00 0 0.0 21.1 24.1 24.4 3.627  -31.5   16.6    2.6  47    5.4   0 0 0 1 1 2 0 11.9 60.4 12.2 60.1 80.0 100 100 28 432 0 337 0 231 231 232 2 3 2 60.0 50.0 WAIT_ACK 0 
b.1 2025-09-26 21:52:14.732 a 2025-09-26-21:52:11 004 294 143 0.3 3.4 6.0 10.8 60.2 724.6 0.00 0 0.0 20.1 24.1 24.4 3.627  -32.8   16.6    3.8  47    5.3   5 0 0 1 1 2 0 12.0 60.6 12.2 60.3 80.0 100 100 28 432 0 322 0 231 232 232 2 3 2 60.0 50.0 WAIT_ACK 0 
b.1 2025-09-26 21:53:13.793 a 2025-09-26-21:53:10 044 264 129 0.1 2.9 6.1 10.7 62.0 724.6 0.00 0 0.0 19.5 24.1 24.4 3.635  -31.4   16.6    4.2  47    5.3   5 0 0 1 1 2 0 11.9 60.7 12.2 60.4 80.0 100 100 28 432 0 332 0 231 232 232 2 3 2 59.9 50.0 WAIT_ACK 0 
b.1 2025-09-26 21:54:13.173 a 2025-09-26-21:54:09 063 278 347 0.2 2.0 5.0 10.5 63.4 724.6 0.00 0 0.0 20.0 24.1 24.4 3.628  -32.0   16.6    3.2  48    5.5   0 0 0 1 1 2 0 11.9 61.0 12.1 60.8 80.0 100 100 28 432 0 320 0 232 232 232 2 3 2 59.9 50.0 WAIT_ACK 0 
b.1 2025-09-26 21:55:13.433 a 2025-09-26-21:55:10 083 238 313 0.2 1.9 5.9 10.5 63.4 724.6 0.00 0 0.0 20.6 24.1 24.4 3.627  -24.4   16.6    2.9  48    5.5   0 0 0 2 1 2 0 11.9 61.3 12.1 61.2 80.0 100 100 28 433 0 322 0 231 232 232 2 3 1 59.9 50.0 WAIT_ACK 0 
b.1 2025-09-26 21:56:11.976 a 2025-09-26-21:56:08 028 251 182 0.4 3.9 6.3 10.3 61.6 724.6 0.00 0 0.0 19.7 24.1 24.4 3.633  -23.6   16.6    4.8  48    5.4   5 0 0 2 1 3 1 11.9 61.6 12.1 61.5 80.0 100 100 28 433 0 334 0 231 231 232 2 3 2 59.9 50.0 WAIT_ACK 0 
b.1 2025-09-26 21:57:13.433 a 2025-09-26-21:57:10 034 284 122 0.3 2.6 4.7 10.1 62.0 724.6 0.00 0 0.0 19.7 24.1 24.5 3.627  -28.5   16.5    4.2  48    5.4   5 0 0 1 1 2 0 11.9 61.4 12.1 61.3 80.0 100 100 28 432 0 337 0 231 232 232 2 3 2 59.9 50.0 WAIT_ACK 0 
b.1 2025-09-26 21:58:13.915 a 2025-09-26-21:58:10 031 296 196 0.4 2.8 5.4 9.8 62.7 724.6 0.00 0 0.0 19.5 24.1 24.4 3.627  -28.7   16.5    4.9  48    5.4   5 0 0 1 1 2 0 11.9 61.2 12.1 61.1 80.0 100 100 28 433 0 332 0 232 232 232 2 3 1 59.9 50.0 WAIT_ACK 0 
b.1 2025-09-26 21:59:11.757 a 2025-09-26-21:59:08 044 275 109 0.4 2.7 6.3 9.7 63.3 724.6 0.00 0 0.0 19.2 24.1 24.4 3.634  -31.9   16.5    4.9  48    5.3   5 0 0 1 1 2 0 11.9 60.9 12.1 60.7 80.0 100 100 28 433 0 332 0 232 232 232 2 3 2 59.9 50.0 WAIT_ACK 0 
b.1 2025-09-26 22:00:13.315 a 2025-09-26-22:00:10 068 269 186 0.1 3.3 7.5 9.7 64.3 724.6 0.00 0 0.0 18.8 24.1 24.4 3.634  -29.7   16.5    5.5  47    5.3   5 0 0 1 1 2 0 11.9 60.8 12.1 60.7 80.0 100 100 28 433 0 328 0 232 232 232 2 3 2 59.9 50.0 WAIT_ACK 0 
b.1 2025-09-26 22:01:14.838 a 2025-09-26-22:01:11 101 276 114 0.2 2.8 5.1 9.7 64.3 724.6 0.00 0 0.0 18.9 24.1 24.5 3.634  -30.4   16.4    5.1  48    5.3   5 0 0 1 1 2 0 11.9 61.1 12.1 60.9 80.0 100 100 28 433 0 327 0 232 232 232 2 3 2 60.0 50.0 WAIT_ACK 0 
b.1 2025-09-26 22:02:14.220 a 2025-09-26-22:02:10 133 298 349 0.4 5.0 8.3 9.8 63.9 724.6 0.00 0 0.0 18.0 24.1 24.4 3.628  -32.5   16.5    9.4  47    5.2   5 0 0 1 1 2 0 11.9 60.3 12.0 60.3 80.0 100 100 28 433 0 328 0 232 232 232 2 3 2 60.0 50.0 WAIT_ACK 0 
b.1 2025-09-26 22:03:12.375 a 2025-09-26-22:03:09 015 253 125 0.4 3.7 7.5 9.8 62.0 724.6 0.00 0 0.0 17.3 24.1 24.4 3.631  -32.5   16.5    9.4  47    5.2   9 0 0 1 1 2 0 11.8 60.4 12.0 60.5 80.0 100 100 28 433 0 327 0 232 232 232 2 3 2 60.0 50.0 WAIT_ACK 0 
b.1 2025-09-26 22:04:13.657 a 2025-09-26-22:04:10 214 291 333 1.2 4.7 7.8 9.6 64.8 724.5 0.00 0 0.0 16.7 24.1 24.5 3.631  -30.3   16.4   11.4  47    5.2  12 0 0 1 1 2 0 11.8 61.9 11.9 61.8 80.0 100 100 28 433 0 326 0 231 232 232 2 3 2 60.0 50.0 WAIT_ACK 0 
b.1 2025-09-26 22:05:15.176 a 2025-09-26-22:05:11 181 251 232 0.1 2.7 4.9 9.5 66.6 724.5 0.00 0 0.0 17.4 24.1 24.5 3.631  -30.2   16.3    6.7  48    5.3   0 0 0 1 1 2 0 11.7 62.7 11.8 62.7 80.0 100 100 28 433 0 329 0 232 232 232 2 3 1 60.0 50.0 WAIT_ACK 0 
b.1 2025-09-26 22:06:12.740 a 2025-09-26-22:06:09 051 231 095 0.2 2.8 6.1 9.5 68.3 724.5 0.00 0 0.0 17.7 24.1 24.4 3.628  -27.1   16.3    5.1  48    5.2   5 0 0 1 1 2 0 11.7 63.4 11.8 63.4 80.0 100 100 28 432 0 337 0 231 232 232 2 3 2 60.0 50.0 WAIT_ACK 0 
b.1 2025-09-26 22:07:13.640 a 2025-09-26-22:07:10 043 243 092 0.4 2.7 5.9 9.7 67.5 724.5 0.00 0 0.0 18.4 24.1 24.5 3.628  -24.9   16.2    4.3  49    5.4   5 0 0 2 1 2 0 11.7 63.7 11.9 63.6 80.0 100 100 28 433 0 328 0 231 232 232 2 3 2 59.9 50.0 WAIT_ACK 0 
b.1 2025-09-26 22:08:13.558 a 2025-09-26-22:08:10 190 253 322 0.5 4.4 7.7 10.0 66.4 724.5 0.00 0 0.0 18.0 24.1 24.4 3.628  -32.9   16.2    8.3  49    5.4   5 0 0 1 1 2 0 11.8 63.8 11.9 63.6 80.0 100 100 28 433 0 337 0 231 232 232 2 3 2 60.0 50.0 WAIT_ACK 0 
b.1 2025-09-26 22:09:12.239 a 2025-09-26-22:09:09 186 273 355 0.9 5.0 7.3 9.9 64.0 724.5 0.00 0 0.0 16.8 24.1 24.4 3.631  -31.6   16.2   14.9  49    5.3   6 0 0 1 1 2 0 11.8 63.4 11.9 63.5 80.0 100 100 28 432 0 331 0 232 232 232 2 3 2 59.9 50.0 WAIT_ACK 0 
b.1 2025-09-26 22:10:13.482 a 2025-09-26-22:10:10 099 269 331 0.3 3.8 7.2 9.3 65.2 724.5 0.00 0 0.0 16.7 24.1 24.5 3.628  -30.9   16.1   12.2  48    5.3   7 0 0 1 1 2 0 11.7 63.4 11.7 63.8 80.0 100 100 28 432 0 328 0 231 232 232 2 3 1 59.9 50.0 WAIT_ACK 0 
b.1 2025-09-26 22:11:12.859 a 2025-09-26-22:11:09 064 235 311 0.1 2.1 5.6 9.0 68.3 724.4 0.00 0 0.0 16.8 24.1 24.4 3.627  -42.8   16.1    6.0  49    5.3   7 0 0 1 1 2 0 11.6 63.4 11.6 63.7 80.0 100 100 29 430 0 325 0 231 232 232 2 3 1 59.9 50.0 WAIT_ACK 0 
b.1 2025-09-26 22:12:12.743 a 2025-09-26-22:12:09 041 248 092 0.3 3.3 6.1 9.1 67.4 724.4 0.00 0 0.0 15.0 24.1 24.4 3.634  -35.2   15.9    6.9  49    5.2   8 0 0 1 1 2 0 11.6 63.4 11.7 63.6 80.0 100 100 28 432 0 337 0 231 232 232 2 3 1 59.9 50.0 WAIT_ACK 0 
b.1 2025-09-26 22:13:15.020 a 2025-09-26-22:13:11 113 237 333 0.2 3.4 7.4 9.2 68.2 724.4 0.00 0 0.0 15.1 24.1 24.4 3.627  -32.4   15.7    7.3  49    5.1   8 0 0 1 1 2 0 11.6 63.4 11.7 63.7 80.0 100 100 28 432 0 331 0 232 231 232 2 3 1 59.9 50.0 WAIT_ACK 0 
b.1 2025-09-26 22:14:14.342 a 2025-09-26-22:14:11 039 258 123 0.2 3.8 6.9 9.0 66.7 724.4 0.00 0 0.0 15.6 24.1 24.5 3.628  -30.9   15.6    8.8  49    4.9   8 0 0 1 1 2 0 11.6 63.7 11.6 64.0 80.0 100 100 28 433 0 333 0 231 232 232 2 3 2 59.9 50.0 WAIT_ACK 0 
b.1 2025-09-26 22:15:14.786 a 2025-09-26-22:15:11 099 228 279 0.1 2.7 6.6 8.9 69.4 724.4 0.00 0 0.0 16.8 24.1 24.5 3.629  -32.0   15.5    5.4  50    5.0   5 0 0 1 1 2 0 11.5 64.0 11.6 64.3 80.0 100 100 28 432 0 336 0 231 232 232 2 3 2 59.9 50.0 WAIT_ACK 0 
b.1 2025-09-26 22:16:14.302 a 2025-09-26-22:16:11 098 244 312 0.4 3.7 6.0 8.9 67.8 724.4 0.00 0 0.0 16.8 24.1 24.4 3.628  -31.5   15.4    5.7  50    5.0   5 0 0 1 1 2 0 11.5 63.8 11.6 64.2 80.0 100 100 28 432 0 322 0 231 232 232 2 3 2 60.0 50.0 WAIT_ACK 0 
b.1 2025-09-26 22:17:12.243 a 2025-09-26-22:17:09 128 252 344 0.5 4.4 6.8 8.9 66.6 724.4 0.00 0 0.0 16.3 24.1 24.5 3.628  -33.0   15.3    8.5  50    5.0   5 0 0 1 1 2 0 11.6 63.4 11.6 63.7 80.0 100 100 28 432 0 333 0 232 232 232 2 3 1 59.9 50.0 WAIT_ACK 0 
b.1 2025-09-26 22:18:12.546 a 2025-09-26-22:18:09 145 251 304 0.4 4.1 7.7 8.9 66.1 724.4 0.00 0 0.0 16.2 24.1 24.4 3.628  -33.1   15.3    8.9  50    4.8   5 0 0 1 1 2 0 11.5 62.9 11.6 63.4 80.0 100 100 28 432 0 337 0 231 232 232 2 3 2 59.9 50.0 WAIT_ACK 0 
b.1 2025-09-26 22:19:14.523 a 2025-09-26-22:19:11 086 244 265 0.2 3.4 9.0 8.8 67.0 724.4 0.00 0 0.0 16.4 24.1 24.4 3.628  -29.8   15.3    6.9  50    4.8   7 0 0 1 1 2 0 11.5 62.6 11.5 62.9 80.0 100 100 28 433 0 317 0 232 232 232 2 3 2 59.9 50.0 WAIT_ACK 0 
b.1 2025-09-26 22:20:13.471 a 2025-09-26-22:20:10 104 260 287 0.2 2.5 5.6 8.9 67.4 724.4 0.00 0 0.0 17.1 24.1 24.5 3.627  -30.5   15.2    4.9  50    4.9   7 0 0 1 1 2 0 11.5 62.6 11.5 62.9 80.0 100 100 28 433 0 325 0 232 232 232 2 3 2 59.9 50.0 WAIT_ACK 0 
b.1 2025-09-26 22:21:11.966 a 2025-09-26-22:21:08 131 262 339 0.4 2.8 5.9 9.1 67.2 724.4 0.00 0 0.0 17.4 24.1 24.4 3.627  -32.5   15.2    5.3  50    4.9   5 0 0 1 1 2 0 11.5 62.7 11.6 63.0 80.0 100 100 28 433 0 329 0 232 232 232 2 3 2 60.0 50.0 WAIT_ACK 0 
b.1 2025-09-26 22:22:12.226 a 2025-09-26-22:22:09 093 280 332 0.3 3.2 6.8 9.2 66.6 724.4 0.00 0 0.0 17.6 24.1 24.4 3.635  -31.1   15.2    5.7  50    4.9   5 0 0 1 1 2 0 11.5 62.8 11.5 63.2 80.0 100 100 28 431 0 337 0 231 232 232 2 3 1 59.9 50.0 WAIT_ACK 0 
b.1 2025-09-26 22:23:14.065 a 2025-09-26-22:23:10 104 258 344 0.4 3.6 6.1 9.3 66.1 724.4 0.00 0 0.0 17.1 24.1 24.4 3.628  -30.4   15.3    6.3  50    5.0   5 0 0 1 1 2 0 11.5 62.8 11.5 63.0 80.0 100 100 28 432 0 321 0 231 232 232 2 3 2 59.9 50.0 WAIT_ACK 0 
b.1 2025-09-26 22:24:13.026 a 2025-09-26-22:24:09 034 265 117 0.3 3.5 5.9 9.2 67.6 724.4 0.00 0 0.0 17.2 24.1 24.4 3.628  -31.6   15.3    6.5  50    5.1   5 0 0 1 1 2 0 11.5 62.5 11.5 62.9 80.0 100 100 28 432 0 332 0 232 232 232 2 3 2 59.9 50.0 WAIT_ACK 0 
b.1 2025-09-26 22:25:13.812 a 2025-09-26-22:25:10 048 215 358 0.1 2.6 6.7 9.2 69.3 724.4 0.00 0 0.0 17.5 24.1 24.4 3.635  -31.0   15.4    4.5  50    5.1   5 0 0 1 1 2 0 11.5 63.0 11.5 63.2 80.0 100 100 28 432 0 334 0 232 232 232 2 3 2 59.9 50.0 WAIT_ACK 0 
b.1 2025-09-26 22:26:14.108 a 2025-09-26-22:26:10 057 290 202 0.8 4.3 7.2 9.2 67.3 724.4 0.00 0 0.0 16.3 24.1 24.4 3.628  -36.5   15.4    7.0  50    5.1  11 0 0 1 1 2 0 11.5 63.3 11.5 63.6 80.0 100 100 28 431 0 330 0 231 232 232 2 3 2 59.8 50.0 WAIT_ACK 0 
b.1 2025-09-26 22:27:11.486 a 2025-09-26-22:27:08 271 299 341 1.2 3.8 5.6 9.2 68.5 724.4 0.00 0 0.0 16.4 24.1 24.4 3.628  -29.7   15.4    7.0  50    5.0   7 0 0 1 1 2 0 11.5 63.4 11.5 63.7 80.0 100 100 28 432 0 318 0 231 231 232 2 3 2 59.9 50.0 WAIT_ACK 0 
b.1 2025-09-26 22:28:11.645 a 2025-09-26-22:28:08 081 284 122 0.3 2.2 4.2 9.2 69.0 724.4 0.00 0 0.0 17.3 24.1 24.5 3.628  -29.0   15.4    4.1  50    5.1   5 0 0 1 1 2 0 11.5 63.6 11.5 63.9 80.0 100 100 28 432 0 335 0 231 232 232 2 3 1 59.9 50.0 WAIT_ACK 0 
b.1 2025-09-26 22:29:11.907 a 2025-09-26-22:29:08 004 278 205 0.6 3.8 7.0 9.3 68.2 724.4 0.00 0 0.0 17.0 24.1 24.5 3.627  -32.8   15.4    6.5  50    5.1   5 0 0 1 1 2 0 11.5 63.8 11.6 64.0 80.0 100 100 28 433 0 335 0 231 232 232 2 3 1 59.9 50.0 WAIT_ACK 0 
b.1 2025-09-26 22:30:16.348 a 2025-09-26-22:30:13 118 240 340 0.3 2.9 6.3 9.4 66.9 724.3 0.00 0 0.0 17.2 24.1 24.4 3.627  -31.9   15.4    5.1  51    5.3   5 0 0 1 1 2 0 11.5 64.0 11.6 64.2 80.0 100 100 28 433 0 332 0 232 232 232 2 3 1 59.9 50.0 WAIT_ACK 0 
b.1 2025-09-26 22:31:12.368 a 2025-09-26-22:31:09 126 223 289 0.3 3.3 6.0 9.4 67.4 724.4 0.00 0 0.0 17.3 24.1 24.4 3.634  -32.4   15.5    4.4  51    5.3   5 0 0 1 1 2 0 11.5 63.8 11.6 64.0 80.0 100 100 28 433 0 327 0 231 232 232 2 3 2 59.9 50.0 WAIT_ACK 0 
b.1 2025-09-26 22:32:12.167 a 2025-09-26-22:32:08 096 244 335 0.4 3.3 8.9 9.4 67.4 724.4 0.00 0 0.0 16.9 24.1 24.5 3.628  -32.4   15.4    5.6  51    5.3   5 0 0 1 1 2 0 11.5 63.5 11.6 63.7 80.0 100 100 29 431 0 318 0 232 232 232 2 3 2 59.9 50.0 WAIT_ACK 0 
b.1 2025-09-26 22:33:14.709 a 2025-09-26-22:33:11 104 285 289 0.2 2.1 6.6 9.5 66.2 724.4 0.00 0 0.0 17.1 24.1 24.4 3.633  -31.9   15.4    4.7  51    5.3   5 0 0 1 1 2 0 11.5 63.4 11.6 63.6 80.0 100 100 29 433 0 336 0 231 232 232 2 3 1 59.9 50.0 WAIT_ACK 0 
b.1 2025-09-26 22:34:11.911 a 2025-09-26-22:34:08 137 288 312 0.3 2.3 4.9 9.4 67.1 724.4 0.00 0 0.0 16.6 24.1 24.4 3.628  -35.9   15.4    4.3  51    5.3   5 0 0 1 1 1 0 11.4 63.4 11.5 63.5 80.0 100 100 28 432 0 321 0 231 231 232 2 3 1 59.9 50.0 WAIT_ACK 0 
b.1 2025-09-26 22:35:14.128 a 2025-09-26-22:35:10 102 250 281 0.2 3.6 7.5 9.4 67.2 724.3 0.00 0 0.0 15.0 24.1 24.4 3.627  -38.6   15.4    6.9  51    5.2  13 0 0 1 1 2 0 11.4 63.3 11.5 63.5 80.0 100 100 28 432 0 327 0 232 231 232 2 3 1 59.9 50.0 WAIT_ACK 0 
b.1 2025-09-26 22:36:11.368 a 2025-09-26-22:36:08 035 252 097 0.1 3.3 6.3 9.5 65.5 724.3 0.00 0 0.0 16.0 24.1 24.5 3.627  -31.6   15.3    6.5  50    5.1   5 0 0 1 1 2 0 11.4 63.3 11.5 63.6 80.0 100 100 28 432 0 324 0 232 232 232 2 3 1 59.9 50.0 WAIT_ACK 0 
b.1 2025-09-26 22:37:12.888 a 2025-09-26-22:37:09 142 256 335 0.4 4.4 7.9 9.5 64.3 724.3 0.00 0 0.0 16.1 24.1 24.4 3.628  -31.6   15.3    9.4  50    5.1   5 0 0 1 1 2 0 11.4 62.1 11.5 62.1 80.0 100 100 28 432 0 334 0 232 232 232 2 3 1 59.9 50.0 WAIT_ACK 0 
b.1 2025-09-26 22:38:13.328 a 2025-09-26-22:38:10 035 275 183 0.4 3.8 6.6 9.4 60.6 724.3 0.00 0 0.0 14.7 23.6 23.4 3.634  -37.4   15.3   10.4  50    5.0  12 0 0 1 1 2 0 11.4 61.3 11.4 61.8 80.0 100 100 28 433 0 334 0 232 232 232 2 3 2 59.9 50.0 WAIT_ACK 0 
b.1 2025-09-26 22:39:12.950 a 2025-09-26-22:39:09 194 276 358 0.4 3.6 6.1 9.2 65.0 724.3 0.00 0 0.0 16.1 24.1 24.4 3.627  -32.5   15.3    7.4  50    5.0  10 0 0 1 1 2 0 11.3 61.7 11.3 62.3 80.0 100 100 28 433 0 335 0 231 231 232 2 3 1 59.9 50.0 WAIT_ACK 0 
b.1 2025-09-26 22:40:12.250 a 2025-09-26-22:40:09 008 239 097 0.3 3.3 6.5 9.2 68.4 724.2 0.00 0 0.0 16.5 24.1 24.5 3.628  -33.2   15.2    6.4  51    5.1   5 0 0 1 1 2 0 11.3 62.7 11.3 63.3 80.0 100 100 28 432 0 336 0 231 231 232 2 3 2 59.9 50.0 WAIT_ACK 0 
b.1 2025-09-26 22:41:14.971 a 2025-09-26-22:41:11 139 228 264 0.5 3.6 6.3 9.4 69.4 724.2 0.00 0 0.0 16.5 24.1 24.4 3.628  -37.4   15.2    5.9  51    5.1   5 0 0 1 1 2 0 11.3 63.4 11.4 63.9 80.0 100 100 28 431 0 337 0 231 232 232 2 3 2 59.9 50.0 WAIT_ACK 0 
b.1 2025-09-26 22:42:13.648 a 2025-09-26-22:42:10 103 250 341 0.3 3.5 7.9 9.5 68.7 724.2 0.00 0 0.0 16.5 24.1 24.4 3.628  -33.4   15.2    6.1  51    5.3   6 0 0 1 1 2 0 11.4 64.2 11.5 64.6 80.0 100 100 28 432 0 335 0 231 232 232 2 3 2 59.9 50.0 WAIT_ACK 0 
b.1 2025-09-26 22:43:12.907 a 2025-09-26-22:43:09 123 237 346 0.3 3.9 7.9 9.7 67.0 724.2 0.00 0 0.0 16.3 24.1 24.5 3.627  -31.5   15.2    6.5  52    5.3   6 0 0 1 1 2 0 11.5 64.5 11.6 64.9 80.0 100 100 28 432 0 337 0 231 231 232 2 3 2 59.9 50.0 WAIT_ACK 0 
b.1 2025-09-26 22:44:13.653 a 2025-09-26-22:44:10 093 239 331 0.3 3.7 7.2 9.8 66.4 724.1 0.00 0 0.0 16.5 24.1 24.5 3.631  -34.3   15.2    6.2  52    5.3   7 0 0 1 1 2 0 11.5 64.4 11.6 64.5 80.0 100 100 28 432 0 335 0 232 232 232 2 3 1 59.9 50.0 WAIT_ACK 0 
b.1 2025-09-26 22:45:15.036 a 2025-09-26-22:45:11 138 242 272 1.2 4.2 7.4 9.8 63.6 724.1 0.00 0 0.0 16.0 24.1 24.4 3.628  -39.0   15.2    7.7  51    5.2  11 0 0 1 1 2 0 11.5 63.2 11.6 63.5 80.0 100 100 28 433 0 327 0 231 232 232 2 3 1 59.9 50.0 WAIT_ACK 0 
b.1 2025-09-26 22:46:13.571 a 2025-09-26-22:46:10 140 250 302 0.5 4.1 7.5 9.7 61.7 724.1 0.00 0 0.0 15.6 24.1 24.4 3.627  -33.2   15.3    9.2  51    5.2   8 0 0 1 1 2 0 11.5 62.4 11.5 62.7 80.0 100 100 28 432 0 321 0 232 232 232 2 3 2 59.9 50.0 WAIT_ACK 0 
b.1 2025-09-26 22:47:11.611 a 2025-09-26-22:47:08 130 251 322 0.3 4.1 8.8 9.5 64.6 724.1 0.00 0 0.0 15.5 24.1 24.4 3.628  -34.5   15.3    9.0  51    5.2   8 0 0 1 1 2 0 11.4 62.2 11.5 62.6 80.0 100 100 28 432 0 329 0 231 232 232 2 3 1 59.9 50.0 WAIT_ACK 0 
b.1 2025-09-26 22:48:12.891 a 2025-09-26-22:48:09 060 253 099 0.4 3.6 6.8 9.4 67.3 724.1 0.00 0 0.0 15.7 24.1 24.5 3.628  -32.7   15.2    7.7  51    5.2   8 0 0 1 1 2 0 11.4 62.9 11.4 63.3 80.0 100 100 28 432 0 332 0 232 232 232 2 3 2 59.9 50.0 WAIT_ACK 0 
b.1 2025-09-26 22:49:13.688 a 2025-09-26-22:49:10 109 268 311 0.3 4.3 8.1 9.5 64.7 724.1 0.00 0 0.0 15.6 24.1 24.5 3.628  -31.8   15.2    9.7  51    5.1   8 0 0 1 1 2 0 11.4 62.4 11.4 62.9 80.0 100 100 28 433 0 325 0 232 231 232 2 3 1 60.0 50.0 WAIT_ACK 0 
b.1 2025-09-26 22:50:15.252 a 2025-09-26-22:50:11 015 260 099 0.5 4.7 8.5 9.5 63.5 724.1 0.00 0 0.0 15.4 24.1 24.5 3.628  -34.0   15.3   11.1  51    5.2   8 0 0 1 1 2 0 11.4 62.7 11.4 63.2 80.0 100 100 28 432 0 325 0 232 232 232 2 3 2 59.9 50.0 WAIT_ACK 0 
b.1 2025-09-26 22:51:13.415 a 2025-09-26-22:51:10 100 267 317 0.5 4.9 7.4 9.5 63.1 724.0 0.00 0 0.0 15.3 24.1 24.4 3.627  -35.5   15.3   14.1  51    5.1   8 0 0 1 1 2 0 11.4 62.5 11.4 62.9 80.0 100 100 28 430 0 334 0 232 232 232 2 3 2 59.9 50.0 WAIT_ACK 0 
b.1 2025-09-26 22:52:13.673 a 2025-09-26-22:52:10 034 250 202 1.3 4.3 6.1 9.4 66.6 724.1 0.00 0 0.0 15.4 24.1 24.4 3.628  -34.1   15.3   11.1  51    5.1   8 0 0 1 1 2 0 11.3 62.8 11.4 63.3 80.0 100 100 28 432 0 323 0 232 232 232 2 3 2 60.0 50.0 WAIT_ACK 0 
b.1 2025-09-26 22:53:13.930 a 2025-09-26-22:53:10 157 264 352 0.6 3.6 7.0 9.4 67.2 724.1 0.00 0 0.0 15.7 24.1 24.4 3.628  -36.1   15.2    9.0  51    5.2   8 0 0 1 1 2 0 11.3 63.6 11.4 64.1 80.0 100 100 28 432 0 337 0 231 232 232 2 3 1 59.9 50.0 WAIT_ACK 0 
b.1 2025-09-26 22:54:10.795 a 2025-09-26-22:54:07 065 230 350 0.2 2.7 5.9 9.5 67.9 724.1 0.00 0 0.0 16.2 24.1 24.5 3.628  -31.8   15.2    5.3  51    5.2   0 0 0 1 1 2 0 11.4 64.1 11.4 64.6 80.0 100 100 29 433 0 337 0 231 232 232 2 3 1 60.0 50.0 WAIT_ACK 0 
b.1 2025-09-26 22:55:14.592 a 2025-09-26-22:55:11 046 255 164 0.4 4.5 7.9 9.7 63.1 724.1 0.00 0 0.0 15.9 24.1 24.4 3.628  -35.8   15.3    8.6  52    5.4   9 0 0 1 1 2 0 11.4 62.9 11.4 63.3 80.0 100 100 28 433 0 332 0 231 232 232 2 3 1 59.9 50.0 WAIT_ACK 0 
b.1 2025-09-26 22:56:14.532 a 2025-09-26-22:56:11 109 252 326 0.4 4.2 7.8 9.8 62.5 724.0 0.00 0 0.0 15.6 24.1 24.5 3.628  -34.6   15.3    9.1  51    5.2   7 0 0 1 1 2 0 11.4 62.4 11.4 62.9 80.0 100 100 28 433 0 329 0 231 232 232 2 3 1 59.9 50.0 WAIT_ACK 0 
b.1 2025-09-26 22:57:12.792 a 2025-09-26-22:57:09 143 242 277 1.0 4.3 7.8 9.6 65.2 724.0 0.00 0 0.0 15.5 24.1 24.5 3.628  -33.7   15.3    8.8  51    5.2   9 0 0 1 1 2 0 11.3 62.5 11.3 62.9 80.0 100 100 28 433 0 336 0 232 232 232 2 3 2 59.9 50.0 WAIT_ACK 0 
b.1 2025-09-26 22:58:12.673 a 2025-09-26-22:58:09 068 251 296 0.4 4.1 7.7 9.6 63.4 724.0 0.00 0 0.0 15.6 24.1 24.4 3.629  -35.7   15.3    8.6  51    5.2   9 0 0 1 1 2 0 11.3 62.5 11.3 63.0 80.0 100 100 28 432 0 337 0 232 232 232 2 3 1 59.9 50.0 WAIT_ACK 0 
b.1 2025-09-26 22:59:14.411 a 2025-09-26-22:59:11 271 261 282 0.6 4.5 8.7 9.5 62.2 724.1 0.00 0 0.0 15.5 24.1 24.4 3.628  -35.6   15.3   10.8  51    5.2   9 0 0 1 1 2 0 11.3 62.4 11.4 62.8 80.0 100 100 28 433 0 322 0 232 232 232 2 3 2 59.9 50.0 WAIT_ACK 0 
b.1 2025-09-26 23:00:15.456 a 2025-09-26-23:00:12 086 259 103 0.2 3.6 6.4 9.4 66.0 724.1 0.00 0 0.0 15.4 24.1 24.5 3.627  -33.9   15.3    8.6  51    5.1   9 0 0 1 1 2 0 11.3 61.9 11.3 62.5 80.0 100 100 28 433 0 332 0 231 231 232 2 3 1 60.0 50.0 WAIT_ACK 0 
b.1 2025-09-26 23:01:12.700 a 2025-09-26-23:01:09 128 250 291 0.7 4.5 8.7 9.4 64.6 724.1 0.00 0 0.0 15.2 24.1 24.4 3.634  -35.2   15.3   10.0  51    5.2   9 0 0 1 1 2 0 11.3 62.4 11.3 62.9 80.0 100 100 28 433 0 317 0 231 231 232 2 3 1 59.9 50.0 WAIT_ACK 0 
b.1 2025-09-26 23:02:13.515 a 2025-09-26-23:02:10 182 266 289 0.8 5.0 9.1 9.3 65.1 724.0 0.00 0 0.0 14.9 23.6 23.4 3.633  -35.3   15.2   17.4  51    5.1   9 0 0 1 2 2 0 11.2 62.4 11.2 63.0 80.0 100 100 28 432 0 337 0 231 232 232 2 3 1 59.9 50.0 WAIT_ACK 0 
b.1 2025-09-26 23:03:13.532 a 2025-09-26-23:03:10 123 242 314 0.4 3.8 7.8 9.3 64.8 724.0 0.00 0 0.0 15.7 24.1 24.4 3.628  -35.9   15.2   11.3  51    5.1   9 0 0 1 1 2 0 11.2 63.0 11.1 63.7 80.0 100 100 28 433 0 336 0 232 231 232 2 3 2 59.9 50.0 WAIT_ACK 0 
b.1 2025-09-26 23:04:12.036 a 2025-09-26-23:04:08 137 235 302 0.5 4.3 8.0 9.3 64.8 724.0 0.00 0 0.0 15.7 24.1 24.4 3.633  -36.7   15.2    8.2  51    5.0   9 0 0 1 1 2 0 11.2 62.5 11.2 63.3 80.0 100 100 28 433 0 325 0 231 232 232 2 3 2 59.9 50.0 WAIT_ACK 0 
b.1 2025-09-26 23:05:14.716 a 2025-09-26-23:05:11 204 245 328 0.5 5.1 9.0 9.4 63.9 724.1 0.00 0 0.0 15.3 24.1 24.5 3.633  -34.9   15.1   11.5  51    5.0   9 0 0 1 1 2 0 11.2 62.4 11.2 63.0 80.0 100 100 28 431 0 336 0 231 232 232 2 3 1 59.9 50.0 WAIT_ACK 0 
b.1 2025-09-26 23:06:12.553 a 2025-09-26-23:06:09 198 242 350 1.1 5.5 9.0 9.4 64.2 724.1 0.00 0 0.0 14.9 23.8 23.4 3.635  -35.1   15.1   13.1  51    5.0   9 0 0 1 1 2 0 11.2 62.7 11.2 63.3 80.0 100 100 28 432 0 336 0 231 232 232 2 3 2 59.9 50.0 WAIT_ACK 0 
b.1 2025-09-26 23:07:12.596 a 2025-09-26-23:07:09 223 261 297 0.9 5.0 10.5 9.4 63.5 724.1 0.00 0 0.0 15.2 24.1 24.4 3.631  -36.5   15.0   15.1  51    5.0   9 0 0 1 2 2 0 11.3 62.8 11.3 63.3 80.0 100 100 28 432 0 327 0 232 231 232 2 3 2 59.9 50.0 WAIT_ACK 0 
b.1 2025-09-26 23:08:14.196 a 2025-09-26-23:08:10 050 252 102 0.3 4.2 7.7 9.3 65.4 724.1 0.00 0 0.0 15.0 24.1 24.5 3.631  -35.6   15.0   12.1  51    5.0   9 0 0 1 1 2 0 11.2 63.0 11.2 63.6 80.0 100 100 28 432 0 337 0 231 232 232 2 3 2 59.9 50.0 WAIT_ACK 0 
b.1 2025-09-26 23:09:14.835 a 2025-09-26-23:09:11 215 249 277 2.5 6.2 10.4 9.3 67.1 724.1 0.00 0 0.0 14.8 23.6 23.4 3.634  -37.0   15.0   18.0  51    5.0   9 0 0 1 2 2 0 11.2 63.5 11.2 64.1 80.0 100 100 28 432 0 324 0 232 232 232 2 3 1 59.9 50.0 WAIT_ACK 0 
b.1 2025-09-26 23:10:14.216 a 2025-09-26-23:10:10 114 250 351 0.5 6.1 9.5 9.2 63.4 724.1 0.00 0 0.0 14.9 23.8 23.4 3.634  -37.2   14.9   22.2  51    5.0  10 0 0 1 2 2 0 11.2 63.1 11.1 63.8 80.0 100 100 28 433 0 329 0 232 232 232 2 3 1 59.9 50.0 WAIT_ACK 0 
b.1 2025-09-26 23:11:14.296 a 2025-09-26-23:11:10 054 249 062 0.3 4.5 7.4 9.0 66.3 724.0 0.00 0 0.0 15.1 24.1 24.4 3.628  -37.8   14.9   16.1  51    4.9  10 0 0 1 2 2 0 11.1 63.8 11.0 64.7 80.0 100 100 28 432 0 327 0 231 232 232 2 3 1 60.0 50.0 WAIT_ACK 0 
b.1 2025-09-26 23:12:13.657 a 2025-09-26-23:12:10 198 279 303 0.7 5.4 8.5 8.8 64.0 723.9 0.00 0 0.0 15.0 23.6 23.4 3.634  -33.9   14.8   18.5  51    4.8  10 0 0 1 2 2 0 11.0 63.3 10.9 64.1 80.0 100 100 28 433 0 336 0 231 232 232 2 3 2 59.9 50.0 WAIT_ACK 0 
b.1 2025-09-26 23:13:13.858 a 2025-09-26-23:13:10 112 261 298 0.9 5.3 10.4 8.8 66.4 724.0 0.00 0 0.0 14.7 23.2 23.4 3.635  -35.6   14.8   21.1  51    4.8  10 0 0 1 2 2 0 11.0 63.4 11.0 64.2 80.0 100 100 28 432 0 321 0 231 232 232 2 3 2 59.9 50.0 WAIT_ACK 0 
b.1 2025-09-26 23:14:12.259 a 2025-09-26-23:14:08 003 268 215 1.0 5.4 9.4 8.8 65.5 724.0 0.00 0 0.0 14.8 23.7 23.4 3.635  -36.5   14.7   22.0  51    4.7  10 0 0 1 2 2 0 11.0 63.8 10.9 64.5 80.0 100 100 28 433 0 337 0 232 232 232 2 3 2 60.0 50.0 WAIT_ACK 0 
b.1 2025-09-26 23:15:15.917 a 2025-09-26-23:15:12 208 245 334 0.5 5.6 9.3 8.8 67.6 723.9 0.00 0 0.0 15.1 24.1 24.4 3.635  -38.0   14.7   18.5  51    4.7  10 0 0 1 2 2 0 11.0 64.4 10.9 65.0 80.0 100 100 28 431 0 332 0 232 232 232 2 3 1 59.9 50.0 WAIT_ACK 0 
b.1 2025-09-26 23:16:13.400 a 2025-09-26-23:16:10 049 248 098 0.7 4.8 10.1 8.9 68.4 723.9 0.00 0 0.0 15.2 24.1 24.4 3.628  -32.8   14.6   13.3  52    4.8  10 0 0 1 1 2 0 11.0 64.8 11.0 65.5 80.0 100 100 29 432 0 325 0 232 232 232 2 3 1 59.9 50.0 WAIT_ACK 0 
b.1 2025-09-26 23:17:13.000 a 2025-09-26-23:17:09 113 242 279 0.9 5.6 10.0 9.0 68.2 724.0 0.00 0 0.0 14.9 24.1 24.4 3.627  -41.1   14.6   13.9  52    4.9  10 0 0 1 1 2 0 11.0 65.4 11.0 65.9 80.0 100 100 29 431 0 325 0 232 232 232 2 3 1 59.9 50.0 WAIT_ACK 0 
b.1 2025-09-26 23:18:13.220 a 2025-09-26-23:18:09 088 236 266 0.6 5.1 9.7 9.2 68.3 724.0 0.00 0 0.0 14.5 22.6 23.4 3.635  -38.6   14.6   14.6  53    5.0  10 0 0 1 1 2 0 11.1 65.9 11.1 66.5 80.0 100 100 28 432 0 337 0 231 232 232 2 3 1 59.9 50.0 WAIT_ACK 0 
b.1 2025-09-26 23:19:12.496 a 2025-09-26-23:19:09 167 247 323 0.5 5.1 9.7 9.2 68.4 724.0 0.00 0 0.0 15.3 24.1 24.4 3.633  -33.0   14.5   14.0  53    5.1  10 0 0 1 1 2 0 11.0 66.5 11.1 67.0 80.0 100 100 28 432 0 336 0 231 232 232 2 3 1 60.0 50.0 WAIT_ACK 0 
b.1 2025-09-26 23:20:16.076 a 2025-09-26-23:20:12 064 249 312 0.4 4.9 9.7 9.1 67.5 724.0 0.00 0 0.0 14.9 23.8 23.4 3.635  -39.2   14.5   15.8  53    5.2  10 0 0 1 2 2 0 11.0 66.8 11.0 67.3 80.0 100 100 28 432 0 336 0 231 232 232 2 3 2 59.9 50.0 WAIT_ACK 0 
b.1 2025-09-26 23:21:13.974 a 2025-09-26-23:21:10 027 243 064 0.5 4.8 7.8 9.0 65.8 724.0 0.00 0 0.0 14.7 23.6 23.4 3.633  -36.9   14.4   13.9  53    5.1  10 0 0 1 1 1 0 11.0 66.2 11.0 66.8 80.0 100 100 28 433 0 322 0 232 232 232 2 3 2 59.9 50.0 WAIT_ACK 0 
b.1 2025-09-26 23:22:13.460 a 2025-09-26-23:22:10 092 235 272 0.6 4.6 7.4 8.9 69.2 723.9 0.00 0 0.0 15.0 24.1 24.4 3.628  -21.1   14.3   13.3  54    5.0  10 0 0 2 1 2 0 11.0 66.4 11.0 66.9 80.0 100 100 28 432 0 331 0 232 232 232 2 3 2 60.0 50.0 WAIT_ACK 0 
b.1 2025-09-26 23:23:13.859 a 2025-09-26-23:23:10 092 236 272 0.4 4.0 7.5 8.9 70.4 724.0 0.00 0 0.0 14.9 24.1 24.5 3.634  -30.9   14.3   11.2  53    5.0  10 0 0 1 1 2 0 11.0 66.7 11.0 67.1 80.0 100 100 28 432 0 332 0 232 232 232 2 3 2 59.9 50.0 WAIT_ACK 0 
b.1 2025-09-26 23:24:13.516 a 2025-09-26-23:24:10 056 262 270 0.2 4.4 9.2 8.8 69.9 724.0 0.00 0 0.0 15.5 24.1 24.4 3.628  -14.5   14.2   12.8  54    5.1  10 0 0 2 1 3 1 11.0 67.5 11.0 68.0 80.0 100 100 28 433 0 319 0 231 231 232 2 3 2 59.9 50.0 WAIT_ACK 0 
b.1 2025-09-26 23:25:15.276 a 2025-09-26-23:25:11 067 253 340 0.3 2.9 6.2 8.6 72.4 724.0 0.00 0 0.0 16.0 24.1 24.5 3.631  -37.1   14.1    7.8  55    5.1   5 0 0 1 1 1 0 10.9 68.0 10.9 68.5 80.0 100 100 28 433 0 322 0 232 232 232 2 3 1 59.9 50.0 WAIT_ACK 11 
b.1 2025-09-26 23:26:10.697 a 2025-09-26-23:26:07 047 251 169 0.4 4.4 9.2 8.6 68.9 724.0 0.00 0 0.0 14.5 22.5 23.4 3.634  -35.6   14.1   10.9  54    5.0  13 0 0 1 1 2 0 10.9 67.6 10.9 68.0 80.0 100 100 28 433 0 319 0 232 232 232 2 3 2 59.9 50.0 WAIT_ACK 0 
b.1 2025-09-26 23:27:12.956 a 2025-09-26-23:27:09 081 239 291 0.4 3.4 7.0 8.6 68.4 724.0 0.00 0 0.0 15.4 24.1 24.4 3.628  -28.9   14.0    7.8  54    5.0  10 0 0 1 1 2 0 10.8 66.6 10.9 67.1 80.0 100 100 28 432 0 328 0 232 231 232 2 3 2 59.9 50.0 WAIT_ACK 0 
b.1 2025-09-26 23:28:10.584 a 2025-09-26-23:28:07 082 246 350 0.1 2.9 7.0 8.7 69.4 724.0 0.00 0 0.0 15.1 24.1 24.5 3.628  -30.9   14.0    5.9  55    5.0  10 0 0 1 1 2 0 10.8 66.3 10.9 66.8 80.0 100 100 28 432 0 337 0 231 231 232 2 3 2 59.9 50.0 WAIT_ACK 0 
b.1 2025-09-26 23:29:12.637 a 2025-09-26-23:29:09 025 213 060 0.1 1.4 4.5 8.8 69.8 724.0 0.00 0 0.0 15.8 24.1 24.4 3.628  -26.8   14.0    3.3  55    5.1   5 0 0 1 1 2 0 10.9 66.2 10.9 66.7 80.0 100 100 28 432 0 330 0 232 232 232 2 3 1 59.9 50.0 WAIT_ACK 0 
b.1 2025-09-26 23:30:14.839 a 2025-09-26-23:30:11 052 237 076 0.3 1.8 4.6 9.1 70.4 724.0 0.00 0 0.0 16.4 24.1 24.5 3.631  -31.9   14.0    2.8  55    5.2   5 0 0 1 1 2 0 10.9 66.4 11.0 66.8 80.0 100 100 28 433 0 335 0 231 232 232 2 3 2 59.9 50.0 WAIT_ACK 0 
b.1 2025-09-26 23:31:11.697 a 2025-09-26-23:31:08 076 239 274 0.8 4.8 7.8 9.3 68.9 724.0 0.00 0 0.0 14.7 23.2 23.4 3.635  -25.0   14.0    5.5  56    5.3  11 0 0 1 1 2 0 10.9 66.9 11.0 67.2 80.0 100 100 28 432 0 325 0 231 232 232 2 3 2 59.9 50.0 WAIT_ACK 0 
b.1 2025-09-26 23:32:14.138 a 2025-09-26-23:32:10 092 260 305 0.8 5.3 9.1 9.2 69.1 724.0 0.00 0 0.0 15.4 24.1 24.5 3.628  -32.0   14.0   10.3  55    5.3   9 0 0 1 1 2 0 10.9 67.7 11.0 68.1 80.0 100 100 28 438 0 337 0 231 232 232 2 3 2 59.9 50.0 WAIT_ACK 0 
b.1 2025-09-26 23:33:10.823 a 2025-09-26-23:33:07 112 247 290 0.3 4.2 7.9 9.0 68.6 724.1 0.00 0 0.0 14.9 24.0 23.4 3.633  -34.1   14.1    9.2  55    5.3   9 0 0 1 1 2 0 10.9 68.1 11.0 68.5 80.0 100 100 28 432 0 317 0 232 232 232 2 3 2 59.9 50.0 WAIT_ACK 0 
b.1 2025-09-26 23:34:12.200 a 2025-09-26-23:34:08 093 247 347 0.4 3.8 8.5 8.8 71.2 724.0 0.00 0 0.0 15.1 24.1 24.5 3.628  -38.1   14.1    8.1  56    5.4   9 0 0 1 1 2 0 10.9 68.2 10.9 68.6 80.0 100 100 28 433 0 327 0 231 232 232 2 3 2 59.9 50.0 WAIT_ACK 0 
b.1 2025-09-26 23:35:16.259 a 2025-09-26-23:35:12 089 245 285 0.7 5.2 9.2 8.8 69.1 724.0 0.00 0 0.0 14.8 23.6 23.4 3.635  -37.9   14.1   10.7  56    5.5   9 0 0 1 1 2 0 10.8 69.0 10.9 69.5 80.0 100 100 28 432 0 321 0 232 232 232 2 3 2 59.9 50.0 WAIT_ACK 0 
b.1 2025-09-26 23:36:13.918 a 2025-09-26-23:36:10 194 248 315 0.4 5.3 9.1 8.7 68.4 724.0 0.00 0 0.0 15.0 24.1 24.4 3.635  -36.2   14.1   13.2  56    5.5   9 0 0 1 1 2 0 10.8 68.8 10.9 69.3 80.0 100 100 28 432 0 326 0 231 231 232 2 3 2 59.9 50.0 WAIT_ACK 0 
b.1 2025-09-26 23:37:13.700 a 2025-09-26-23:37:10 136 252 349 0.7 5.0 9.2 8.7 68.4 724.0 0.00 0 0.0 15.1 24.1 24.4 3.634  -36.6   14.1   13.8  56    5.4  10 0 0 1 1 2 0 10.8 68.1 10.8 68.7 80.0 100 100 28 432 0 331 0 231 232 232 2 3 1 59.9 50.0 WAIT_ACK 0 
b.1 2025-09-26 23:38:12.019 a 2025-09-26-23:38:08 144 251 341 0.6 5.1 9.9 8.6 67.1 724.0 0.00 0 0.0 14.8 23.6 23.4 3.635  -36.8   14.0   13.6  55    5.3  10 0 0 1 1 2 0 10.7 66.8 10.7 67.5 80.0 100 100 29 433 0 324 0 232 232 232 2 3 2 59.9 50.0 WAIT_ACK 0 
b.1 2025-09-26 23:39:11.500 a 2025-09-26-23:39:08 199 252 330 0.8 5.9 10.2 8.5 67.1 724.0 0.00 0 0.0 14.7 23.2 23.4 3.633  -38.7   14.0   17.5  55    5.2  10 0 0 1 2 2 0 10.7 66.2 10.6 67.0 80.0 100 100 28 432 0 321 0 232 232 232 2 3 2 59.9 50.0 WAIT_ACK 0 
b.1 2025-09-26 23:40:15.716 a 2025-09-26-23:40:12 084 249 310 0.3 3.7 7.6 8.3 69.4 723.9 0.00 0 0.0 15.3 24.1 24.4 3.628  -40.6   14.0   10.0  56    5.2  10 0 0 1 1 2 0 10.6 67.0 10.6 67.9 80.0 100 100 28 432 0 332 0 232 232 232 2 3 2 59.9 50.0 WAIT_ACK 0 
b.1 2025-09-26 23:41:13.200 a 2025-09-26-23:41:09 112 242 296 0.5 5.0 8.1 8.3 71.0 724.0 0.00 0 0.0 15.2 24.1 24.4 3.627  -35.2   13.9   12.1  56    5.2  10 0 0 1 1 2 0 10.7 67.9 10.6 68.7 80.0 100 100 28 432 0 335 0 231 232 232 2 3 2 59.9 50.0 WAIT_ACK 0 
b.1 2025-09-26 23:42:14.198 a 2025-09-26-23:42:10 099 237 303 0.6 5.5 8.9 8.4 71.5 724.0 0.00 0 0.0 14.9 24.0 23.4 3.635  -36.8   13.9   13.3  56    5.2  10 0 0 1 1 2 0 10.6 68.5 10.6 69.5 80.0 100 100 28 432 0 335 0 231 232 232 2 3 2 59.9 50.0 WAIT_ACK 0 
b.1 2025-09-26 23:43:13.338 a 2025-09-26-23:43:09 129 247 313 0.8 5.0 7.7 8.4 71.6 723.9 0.00 0 0.0 15.1 24.1 24.5 3.628  -36.4   13.8   13.1  56    5.2  10 0 0 1 1 2 0 10.6 69.3 10.6 70.2 80.0 100 100 28 432 0 329 0 232 232 232 2 3 2 59.9 50.0 WAIT_ACK 0 
b.1 2025-09-26 23:44:12.578 a 2025-09-26-23:44:09 158 250 296 0.5 4.5 9.2 8.3 74.1 723.9 0.00 0 0.0 15.0 24.1 24.4 3.628  -37.2   13.8   11.1  56    5.2   5 0 0 1 1 2 0 10.6 70.2 10.5 71.2 80.0 100 100 28 432 0 327 0 232 232 232 2 3 2 59.9 50.0 WAIT_ACK 0 
b.1 2025-09-26 23:45:14.321 a 2025-09-26-23:45:11 124 249 301 0.3 4.8 8.7 8.2 71.5 723.9 0.00 0 0.0 14.9 23.8 23.4 3.634  -36.6   13.7   12.6  57    5.3  13 0 0 1 1 1 0 10.6 70.1 10.5 71.0 80.0 100 100 28 433 0 325 0 232 232 232 2 3 1 59.9 50.0 WAIT_ACK 0 
b.1 2025-09-26 23:46:12.301 a 2025-09-26-23:46:08 093 259 345 0.4 4.7 9.3 8.3 70.3 724.0 0.00 0 0.0 14.8 23.7 23.4 3.634  -25.5   13.7   16.6  56    5.2  13 0 0 1 2 2 0 10.5 69.8 10.5 70.7 80.0 100 100 28 432 0 327 0 231 232 232 2 3 2 59.9 50.0 WAIT_ACK 0 
b.1 2025-09-26 23:47:15.259 a 2025-09-26-23:47:11 107 241 277 0.7 5.0 8.9 8.1 74.1 724.0 0.00 0 0.0 14.9 23.8 23.4 3.634  -33.7   13.6   13.1  57    5.1  13 0 0 1 1 2 0 10.5 70.8 10.4 71.8 80.0 100 100 28 433 0 329 0 232 232 232 2 3 2 59.9 50.0 WAIT_ACK 0 
b.1 2025-09-26 23:48:12.779 a 2025-09-26-23:48:09 101 242 274 0.7 4.8 8.8 8.1 75.5 724.0 0.00 0 0.0 15.3 24.1 24.4 3.631  -30.6   13.6   12.9  57    5.1  13 0 0 1 1 2 0 10.5 71.6 10.4 72.4 80.0 100 100 28 433 0 329 0 232 232 232 2 3 2 59.9 50.0 WAIT_ACK 0 
b.1 2025-09-26 23:49:11.460 a 2025-09-26-23:49:08 106 265 290 0.3 4.4 9.3 8.0 75.9 724.0 0.00 0 0.0 15.1 24.1 24.5 3.627  -39.3   13.5   11.3  58    5.3   5 0 0 1 1 1 0 10.5 71.8 10.4 72.8 80.0 100 100 28 431 0 337 0 232 232 232 2 3 2 59.9 50.0 WAIT_ACK 0 
b.1 2025-09-26 23:50:16.243 a 2025-09-26-23:50:12 099 239 276 0.4 4.4 9.4 8.0 74.9 724.0 0.00 0 0.0 15.5 24.1 24.4 3.635  -33.2   13.5   10.1  58    5.3   9 0 0 1 1 2 0 10.5 71.9 10.4 72.8 80.0 100 100 28 432 0 337 0 231 232 232 2 3 2 59.9 50.0 WAIT_ACK 0 
b.1 2025-09-26 23:51:13.858 a 2025-09-26-23:51:10 190 253 298 0.4 5.3 9.1 8.2 72.4 724.0 0.00 0 0.0 14.8 23.2 23.4 3.634  -34.5   13.5   12.0  58    5.4  11 0 0 1 1 2 0 10.5 71.2 10.4 72.0 80.0 100 100 28 433 0 322 0 232 232 232 2 3 2 59.9 50.0 WAIT_ACK 0 
b.1 2025-09-26 23:52:14.119 a 2025-09-26-23:52:10 077 251 293 0.4 4.9 9.5 8.3 70.5 724.0 0.00 0 0.0 14.8 23.8 23.4 3.633  -36.2   13.5   11.4  58    5.3  11 0 0 1 1 2 0 10.5 70.1 10.4 70.9 80.0 100 100 28 433 0 335 0 231 232 232 2 3 2 59.9 50.0 WAIT_ACK 0 
b.1 2025-09-26 23:53:12.000 a 2025-09-26-23:53:08 127 244 298 0.6 4.8 8.9 8.3 71.0 724.0 0.00 0 0.0 14.9 23.9 23.4 3.634  -38.9   13.5   11.1  58    5.3  11 0 0 1 1 2 0 10.4 69.8 10.4 70.6 80.0 100 100 28 432 0 327 0 232 232 232 2 3 1 59.9 50.0 WAIT_ACK 0 
b.1 2025-09-26 23:54:14.217 a 2025-09-26-23:54:10 098 256 273 0.7 5.0 9.0 8.3 70.0 724.0 0.00 0 0.0 15.0 24.1 24.5 3.628  -37.5   13.5   12.6  58    5.3  11 0 0 1 1 2 0 10.4 69.3 10.4 70.1 80.0 100 100 28 433 0 331 0 232 232 232 2 3 2 59.9 50.0 WAIT_ACK 0 
b.1 2025-09-26 23:55:14.618 a 2025-09-26-23:55:11 158 251 299 0.7 5.2 9.1 8.3 66.2 724.0 0.00 0 0.0 15.0 24.0 24.4 3.633  -36.7   13.4   13.2  57    5.2  11 0 0 1 1 2 0 10.4 67.6 10.4 68.1 80.0 100 100 28 432 0 332 0 231 232 232 2 3 2 59.9 50.0 WAIT_ACK 0 
b.1 2025-09-26 23:56:12.463 a 2025-09-26-23:56:09 121 247 285 0.7 5.9 8.9 8.1 68.2 724.0 0.00 0 0.0 14.7 23.2 23.4 3.634  -39.0   13.4   16.1  57    5.2  11 0 0 1 2 2 0 10.4 67.4 10.3 68.2 80.0 100 100 28 433 0 322 0 231 232 232 2 3 2 59.9 50.0 WAIT_ACK 0 
b.1 2025-09-26 23:57:14.023 a 2025-09-26-23:57:10 186 249 313 0.3 5.1 9.1 8.0 70.1 724.0 0.00 0 0.0 14.7 23.3 23.4 3.634  -36.6   13.3   14.3  57    5.1  11 0 0 1 1 2 0 10.4 67.4 10.3 68.3 80.0 100 100 28 432 0 318 0 231 232 232 2 3 2 59.9 50.0 WAIT_ACK 0 
b.1 2025-09-26 23:58:12.101 a 2025-09-26-23:58:08 183 256 334 0.6 5.3 8.9 7.8 68.1 724.0 0.00 0 0.0 15.0 24.1 24.5 3.627  -36.1   13.3   18.8  57    5.0  11 0 0 1 2 2 0 10.3 67.2 10.2 68.1 80.0 100 100 28 432 0 318 0 232 232 232 2 3 2 59.9 50.0 WAIT_ACK 0 
b.1 2025-09-26 23:59:11.624 a 2025-09-26-23:59:08 107 249 291 0.8 4.9 8.5 7.8 70.7 724.0 0.00 0 0.0 15.1 24.1 24.4 3.628  -38.5   13.3   14.3  57    5.0  11 0 0 1 1 2 0 10.3 67.5 10.2 68.5 80.0 100 100 29 432 0 334 0 232 232 232 2 3 1 59.9 50.0 WAIT_ACK 0 
