b.1 2025-07-01 00:00:02.125 a 2025-06-30-23:59:58 091 208 256 0.2 2.5 5.7 20.7 26.1 730.6 0.00 0 0.0 29.2 24.1 24.4 3.626  -36.4   27.2    2.6  24    5.1   5 0 0 1 1 2 0 21.6 27.6 21.4 27.8 80.0 100 100 20 408 0 143 0 401 401 400 0 0 0 60 50 WAIT_ACK 0 
b.1 2025-07-01 00:01:00.348 a 2025-07-01-00:00:57 029 207 285 0.1 2.1 5.0 20.7 25.7 730.6 0.00 0 0.0 28.9 24.1 24.4 3.626  -34.8   27.1    2.4  24    5.0   5 0 0 1 1 2 0 21.7 27.3 21.5 27.9 80.0 100 100 20 408 0 143 0 400 401 399 0 0 0 59 50 WAIT_ACK 0 
b.1 2025-07-01 00:02:00.513 a 2025-07-01-00:01:57 048 194 260 0.3 2.2 6.3 20.6 26.4 730.5 0.00 0 0.0 28.4 24.1 24.4 3.624  -35.6   27.1    2.5  24    5.0   5 0 0 1 1 2 0 21.7 27.2 21.5 27.7 80.0 100 100 20 408 0 143 0 402 401 400 0 0 0 60 50 WAIT_ACK 0 
b.1 2025-07-01 00:03:01.105 a 2025-07-01-00:02:57 089 186 243 0.6 2.1 5.1 20.6 26.9 730.6 0.00 0 0.0 28.4 24.1 24.4 3.624  -38.5   27.1    2.5  24    5.0   5 0 0 1 1 2 0 21.6 27.4 21.5 28.0 80.0 100 100 20 408 0 143 0 400 401 399 0 0 0 59 50 WAIT_ACK 0 
b.1 2025-07-01 00:04:00.407 a 2025-07-01-00:03:57 063 147 184 0.6 2.6 5.2 20.4 26.7 730.6 0.00 0 0.0 27.3 24.1 24.4 3.632  -39.5   27.0    2.9  24    5.0   6 0 0 1 1 2 0 21.7 27.4 21.4 28.1 80.0 100 100 20 408 0 143 0 401 401 400 0 0 0 59 50 WAIT_ACK 0 
b.1 2025-07-01 00:05:01.009 a 2025-07-01-00:04:57 101 153 242 0.5 2.0 4.0 20.3 26.7 730.5 0.00 0 0.0 26.8 24.1 24.4 3.624  -43.7   26.9    2.9  24    4.8   6 0 0 1 1 1 0 21.6 27.4 21.4 28.1 80.0 100 100 20 408 0 143 0 401 401 400 0 0 0 59 50 WAIT_ACK 0 
b.1 2025-07-01 00:06:02.250 a 2025-07-01-00:05:58 249 221 334 0.1 0.5 1.7 20.0 26.9 730.5 0.00 0 0.0 27.4 24.1 24.4 3.626  -34.7   26.8    2.2  24    4.7   0 0 0 1 1 2 0 21.6 27.4 21.4 28.1 80.0 100 100 20 408 0 143 0 401 401 400 0 0 0 60 50 WAIT_ACK 0 
b.1 2025-07-01 00:07:00.752 a 2025-07-01-00:06:57 286 205 327 0.0 1.5 4.6 20.0 27.1 730.5 0.00 0 0.0 28.3 24.1 24.4 3.627  -37.7   26.7    2.3  25    4.8   5 0 0 1 1 2 0 21.6 27.5 21.3 28.1 80.0 100 100 20 408 0 143 0 401 401 399 0 0 0 59 50 WAIT_ACK 0 
b.1 2025-07-01 00:08:00.770 a 2025-07-01-00:07:57 150 171 168 0.1 1.7 4.3 19.9 27.2 730.5 0.00 0 0.0 28.4 24.1 24.4 3.626  -36.4   26.7    2.3  25    4.8   5 0 0 1 1 2 0 21.5 27.6 21.3 28.2 80.0 100 100 20 408 0 143 0 401 401 399 0 0 0 60 50 WAIT_ACK 0 
b.1 2025-07-01 00:09:01.592 a 2025-07-01-00:08:58 261 226 316 0.4 3.6 7.8 20.0 26.1 730.5 0.00 0 0.0 27.5 24.1 24.4 3.624  -36.9   26.7    3.1  25    4.8   5 0 0 1 1 2 0 21.5 27.4 21.3 28.1 80.0 100 100 20 408 0 143 0 401 401 399 0 0 0 59 50 WAIT_ACK 0 
b.1 2025-07-01 00:10:01.250 a 2025-07-01-00:09:57 085 218 291 0.2 3.3 6.6 20.0 25.7 730.5 0.00 0 0.0 26.8 24.1 24.4 3.626  -35.9   26.7    3.4  24    4.6   7 0 0 1 1 2 0 21.6 27.0 21.3 27.4 80.0 100 100 20 408 0 143 0 401 401 399 0 0 0 60 50 WAIT_ACK 0 
b.1 2025-07-01 00:11:00.453 a 2025-07-01-00:10:57 076 187 300 0.2 1.6 5.2 20.0 26.4 730.5 0.00 0 0.0 27.4 24.1 24.4 3.626  -35.9   26.7    2.7  24    4.6   7 0 0 1 1 2 0 21.6 26.7 21.3 27.3 80.0 100 100 20 408 0 143 0 401 401 400 0 0 0 59 50 WAIT_ACK 0 
b.1 2025-07-01 00:12:00.993 a 2025-07-01-00:11:57 092 190 259 0.1 2.4 4.7 20.0 27.1 730.4 0.00 0 0.0 27.4 24.1 24.4 3.626  -38.5   26.7    2.8  24    4.7   5 0 0 1 1 2 0 21.6 27.0 21.3 27.6 80.0 100 100 20 408 0 143 0 401 401 400 0 0 0 59 50 WAIT_ACK 0 
b.1 2025-07-01 00:13:01.174 a 2025-07-01-00:12:57 040 157 298 0.1 1.9 3.6 20.0 27.4 730.4 0.00 0 0.0 27.8 24.1 24.4 3.626  -36.5   26.6    2.6  24    4.7   5 0 0 1 1 2 0 21.6 27.1 21.3 27.6 80.0 100 100 20 408 0 143 0 401 402 400 0 0 0 59 50 WAIT_ACK 0 
b.1 2025-07-01 00:14:01.150 a 2025-07-01-00:13:57 218 158 350 0.1 1.3 3.1 20.0 27.4 730.5 0.00 0 0.0 28.5 24.1 24.4 3.626  -38.8   26.6    2.3  25    4.7   5 0 0 1 1 2 0 21.6 27.1 21.3 27.7 80.0 100 100 20 408 0 143 0 402 401 400 0 0 0 60 50 WAIT_ACK 0 
b.1 2025-07-01 00:15:01.970 a 2025-07-01-00:14:58 267 191 329 0.1 1.0 2.8 20.1 27.2 730.5 0.00 0 0.0 29.0 24.1 24.4 3.627  -35.5   26.6    2.2  25    4.8   0 0 0 1 1 2 0 21.6 27.0 21.3 27.6 80.0 100 100 20 408 0 143 0 402 401 400 0 0 0 60 50 WAIT_ACK 0 
b.1 2025-07-01 00:16:01.634 a 2025-07-01-00:15:58 254 176 310 0.1 0.7 2.8 20.1 27.6 730.5 0.00 0 0.0 29.8 24.1 24.4 3.626  -34.9   26.6    2.2  25    4.8   5 0 0 1 1 2 0 21.6 27.1 21.3 27.7 80.0 100 100 20 408 0 143 0 401 401 399 0 0 0 60 50 WAIT_ACK 0 
b.1 2025-07-01 00:17:01.892 a 2025-07-01-00:16:58 026 187 300 0.1 1.0 3.7 20.4 26.8 730.5 0.00 0 0.0 30.1 24.1 24.4 3.626  -36.2   26.6    0.0  25    4.9   5 0 0 1 1 2 0 21.6 27.2 21.4 27.9 80.0 100 100 20 408 0 143 0 401 401 400 0 0 0 59 50 WAIT_ACK 0 
b.1 2025-07-01 00:18:00.934 a 2025-07-01-00:17:57 010 160 177 0.1 0.8 2.0 20.6 26.6 730.5 0.00 0 0.0 30.5 24.1 24.4 3.626  -35.5   26.7    0.0  25    4.9   5 0 0 1 1 2 0 21.6 27.2 21.4 27.7 80.0 100 100 20 408 0 143 0 402 401 400 0 0 0 60 50 WAIT_ACK 0 
b.1 2025-07-01 00:19:01.775 a 2025-07-01-00:18:58 025 080 105 0.1 0.5 1.4 20.7 26.2 730.4 0.00 0 0.0 31.2 24.1 24.4 3.626  -35.0   26.7    0.0  25    4.9   0 0 0 1 1 2 0 21.6 27.0 21.4 27.7 80.0 100 100 20 408 0 143 0 401 401 400 0 0 0 59 50 WAIT_ACK 0 
b.1 2025-07-01 00:20:01.375 a 2025-07-01-00:19:58 129 058 147 0.0 0.6 1.5 20.8 26.5 730.5 0.00 0 0.0 31.7 24.1 24.4 3.626  -34.4   26.8    0.0  25    4.9   5 0 0 1 1 2 0 21.7 27.1 21.4 27.5 80.0 100 100 20 408 0 143 0 401 401 399 0 0 0 60 50 WAIT_ACK 0 
b.1 2025-07-01 00:21:00.753 a 2025-07-01-00:20:57 202 163 308 0.1 0.8 1.9 20.8 26.5 730.5 0.00 0 0.0 32.0 24.1 24.4 3.632  -35.7   26.8    0.0  25    4.9   5 0 0 1 1 2 0 21.7 27.0 21.4 27.6 80.0 100 100 20 408 0 143 0 400 401 399 0 0 0 59 50 WAIT_ACK 0 
b.1 2025-07-01 00:22:01.996 a 2025-07-01-00:21:58 008 089 074 0.0 0.5 1.2 20.9 26.1 730.5 0.00 0 0.0 32.4 24.1 24.4 3.632  -35.9   26.8    0.0  25    4.9   0 0 0 1 1 2 0 21.6 27.2 21.4 27.7 80.0 100 100 20 408 0 143 0 401 401 400 0 0 0 60 50 WAIT_ACK 0 
b.1 2025-07-01 00:23:01.473 a 2025-07-01-00:22:58 224 145 299 0.0 0.5 1.1 20.9 26.0 730.4 0.00 0 0.0 32.7 24.1 24.4 3.626  -35.5   26.8    0.0  25    5.0   5 0 0 1 1 2 0 21.6 27.1 21.4 27.8 80.0 100 100 20 408 0 143 0 401 401 400 0 0 0 59 50 WAIT_ACK 0 
b.1 2025-07-01 00:24:01.036 a 2025-07-01-00:23:57 270 147 278 0.0 0.3 1.0 21.0 26.2 730.4 0.00 0 0.0 33.3 24.1 24.4 3.624  -35.1   27.0    0.0  25    5.1   0 0 0 1 1 2 0 21.6 27.1 21.4 27.7 80.0 100 100 20 408 0 143 0 402 401 400 0 0 0 60 50 WAIT_ACK 0 
b.1 2025-07-01 00:25:02.276 a 2025-07-01-00:24:58 117 237 346 0.1 1.3 3.0 21.1 25.9 730.4 0.00 0 0.0 33.1 24.1 24.4 3.626  -37.8   27.1    0.0  25    5.2   5 0 0 1 1 2 0 21.6 27.3 21.4 28.0 80.0 100 100 20 408 0 143 0 402 401 400 0 0 0 60 50 WAIT_ACK 0 
b.1 2025-07-01 00:26:01.895 a 2025-07-01-00:25:58 025 193 240 0.1 1.3 4.0 21.1 25.9 730.5 0.00 0 0.0 32.6 24.1 24.4 3.631  -38.2   27.3    2.1  25    5.2   5 0 0 1 1 2 0 21.6 27.3 21.4 28.0 80.0 100 100 20 408 0 143 0 402 401 399 0 0 0 60 50 WAIT_ACK 0 
b.1 2025-07-01 00:27:00.677 a 2025-07-01-00:26:57 063 191 270 0.0 2.1 6.1 21.2 25.9 730.5 0.00 0 0.0 31.7 24.1 24.4 3.624  -40.6   27.3    2.2  24    5.2   5 0 0 1 1 2 0 21.6 27.3 21.4 27.8 80.0 100 100 20 408 0 143 0 401 401 400 0 0 0 60 50 WAIT_ACK 0 
b.1 2025-07-01 00:28:00.618 a 2025-07-01-00:27:57 123 206 336 0.4 2.9 6.1 21.1 24.9 730.4 0.00 0 0.0 29.6 24.1 24.4 3.626  -38.8   27.4    2.6  24    5.1   5 0 0 1 1 2 0 21.6 27.0 21.4 27.6 80.0 100 100 20 408 0 143 0 401 401 400 0 0 0 59 50 WAIT_ACK 0 
b.1 2025-07-01 00:29:01.858 a 2025-07-01-00:28:58 110 208 320 0.1 2.1 3.8 21.0 25.3 730.4 0.00 0 0.0 29.0 24.1 24.4 3.631  -36.9   27.4    2.5  24    5.1   5 0 0 1 1 2 0 21.7 27.0 21.5 27.4 80.0 100 100 20 408 0 143 0 401 401 400 0 0 0 60 50 WAIT_ACK 0 
b.1 2025-07-01 00:30:01.244 a 2025-07-01-00:29:57 151 179 160 0.1 0.8 2.7 20.7 25.4 730.4 0.00 0 0.0 29.5 24.1 24.4 3.626  -36.5   27.3    2.2  24    5.0   5 0 0 1 1 2 0 21.7 27.1 21.5 27.6 80.0 100 100 20 408 0 143 0 400 401 399 0 0 0 59 50 WAIT_ACK 0 
b.1 2025-07-01 00:31:01.676 a 2025-07-01-00:30:58 237 193 345 0.1 0.7 1.8 20.7 25.5 730.5 0.00 0 0.0 30.1 24.1 24.4 3.624  -36.7   27.3    0.0  24    5.0   5 0 0 1 1 2 0 21.6 27.0 21.4 27.5 80.0 100 100 20 408 0 143 0 401 401 399 0 0 0 60 50 WAIT_ACK 0 
b.1 2025-07-01 00:32:01.940 a 2025-07-01-00:31:58 004 338 158 0.1 0.7 2.1 20.8 25.0 730.5 0.00 0 0.0 30.5 24.1 24.4 3.624  -36.7   27.3    0.0  24    5.0   5 0 0 1 1 2 0 21.6 27.2 21.5 27.4 80.0 100 100 20 408 0 143 0 401 401 400 0 0 0 60 50 WAIT_ACK 0 
b.1 2025-07-01 00:33:00.437 a 2025-07-01-00:32:57 303 103 314 0.1 1.4 4.0 20.8 25.0 730.4 0.00 0 0.0 30.5 24.1 24.4 3.626  -38.4   27.3    2.1  24    4.9   0 0 0 1 1 2 0 21.6 26.8 21.4 27.6 80.0 100 100 20 408 0 143 0 401 401 400 0 0 0 59 50 WAIT_ACK 0 
b.1 2025-07-01 00:34:01.299 a 2025-07-01-00:33:57 100 173 294 0.3 1.6 3.5 20.8 25.4 730.4 0.00 0 0.0 29.9 24.1 24.4 3.624  -38.3   27.3    2.2  24    4.9   0 0 0 1 1 2 0 21.6 26.9 21.4 27.3 80.0 100 100 20 408 0 143 0 401 402 400 0 0 0 59 50 WAIT_ACK 0 
b.1 2025-07-01 00:35:00.259 a 2025-07-01-00:34:56 122 203 252 0.2 2.2 4.7 20.6 25.9 730.4 0.00 0 0.0 29.1 24.1 24.4 3.624  -38.1   27.3    2.3  24    4.9   5 0 0 1 1 2 0 21.6 26.8 21.4 27.3 80.0 100 100 20 408 0 143 0 401 401 399 0 0 0 59 50 WAIT_ACK 0 
b.1 2025-07-01 00:36:02.101 a 2025-07-01-00:35:58 038 160 295 0.0 1.3 3.6 20.5 25.5 730.4 0.00 0 0.0 28.9 24.1 24.4 3.626  -37.4   27.3    2.2  24    4.8   5 0 0 1 1 2 0 21.7 26.8 21.4 27.2 80.0 100 100 20 408 0 143 0 401 401 399 0 0 0 60 50 WAIT_ACK 0 
b.1 2025-07-01 00:37:01.062 a 2025-07-01-00:36:57 306 168 338 0.1 1.1 3.2 20.4 25.8 730.4 0.00 0 0.0 29.2 24.1 24.4 3.624  -37.6   27.2    2.1  24    4.8   0 0 0 1 1 2 0 21.7 26.8 21.5 27.2 80.0 100 100 20 408 0 143 0 400 401 399 0 0 0 59 50 WAIT_ACK 0 
b.1 2025-07-01 00:38:01.101 a 2025-07-01-00:37:57 052 143 240 0.2 2.2 4.9 20.4 26.1 730.4 0.00 0 0.0 28.9 24.1 24.4 3.626  -40.4   27.2    2.3  24    4.8   5 0 0 1 1 2 0 21.7 26.6 21.4 27.3 80.0 100 100 20 408 0 143 0 401 401 400 0 0 0 59 50 WAIT_ACK 0 
b.1 2025-07-01 00:39:00.624 a 2025-07-01-00:38:57 020 133 261 0.1 1.7 4.4 20.3 26.4 730.4 0.00 0 0.0 28.6 24.1 24.4 3.626  -40.3   27.0    2.3  24    4.7   5 0 0 1 1 2 0 21.7 26.7 21.4 27.3 80.0 100 100 20 408 0 143 0 402 401 399 0 0 0 60 50 WAIT_ACK 0 
b.1 2025-07-01 00:40:01.762 a 2025-07-01-00:39:58 251 191 348 0.1 1.4 3.8 20.1 26.8 730.4 0.00 0 0.0 28.7 24.1 24.4 3.624  -38.1   26.9    2.2  24    4.7   5 0 0 1 1 2 0 21.7 26.8 21.4 27.4 80.0 100 100 20 408 0 143 0 401 401 399 0 0 0 59 50 WAIT_ACK 0 
b.1 2025-07-01 00:41:01.983 a 2025-07-01-00:40:58 300 146 319 0.1 0.6 2.3 20.1 27.1 730.4 0.00 0 0.0 29.0 24.1 24.4 3.626  -37.3   26.9    0.0  24    4.7   5 0 0 1 1 2 0 21.7 27.0 21.4 27.7 80.0 100 100 20 408 0 143 0 401 401 400 0 0 0 59 50 WAIT_ACK 0 
b.1 2025-07-01 00:42:01.023 a 2025-07-01-00:41:57 075 192 241 0.1 1.2 3.9 20.1 26.3 730.3 0.00 0 0.0 29.2 24.1 24.4 3.632  -37.9   26.8    2.2  24    4.7   5 0 0 1 1 2 0 21.6 27.1 21.4 27.8 80.0 100 100 20 408 0 143 0 400 402 399 0 0 0 59 50 WAIT_ACK 0 
b.1 2025-07-01 00:43:01.141 a 2025-07-01-00:42:57 100 221 265 0.2 2.6 4.9 20.3 25.6 730.4 0.00 0 0.0 28.4 24.1 24.4 3.624  -40.2   26.8    2.5  24    4.7   5 0 0 1 1 2 0 21.6 26.9 21.4 27.2 80.0 100 100 20 408 0 143 0 401 401 399 0 0 0 59 50 WAIT_ACK 0 
b.1 2025-07-01 00:44:01.604 a 2025-07-01-00:43:58 012 201 240 0.2 2.2 4.5 20.2 25.6 730.4 0.00 0 0.0 27.4 24.1 24.4 3.626  -37.1   26.8    2.4  24    4.6   5 0 0 1 1 2 0 21.7 26.5 21.4 27.3 80.0 100 100 20 408 0 143 0 402 401 399 0 0 0 60 50 WAIT_ACK 0 
b.1 2025-07-01 00:45:02.421 a 2025-07-01-00:44:59 101 218 242 0.1 2.0 3.4 20.1 25.6 730.4 0.00 0 0.0 27.2 24.1 24.4 3.633  -38.7   26.8    2.5  24    4.6   5 0 0 1 1 2 0 21.7 26.4 21.4 27.0 80.0 100 100 20 408 0 143 0 401 401 400 0 0 0 60 50 WAIT_ACK 0 
b.1 2025-07-01 00:46:00.923 a 2025-07-01-00:45:57 175 171 211 0.1 0.9 2.9 20.0 26.7 730.4 0.00 0 0.0 27.6 24.1 24.4 3.626  -37.5   26.8    2.2  24    4.5   5 0 0 1 1 2 0 21.7 26.3 21.4 27.0 80.0 100 100 20 408 0 143 0 402 401 400 0 0 0 60 50 WAIT_ACK 0 
b.1 2025-07-01 00:47:02.122 a 2025-07-01-00:46:58 145 168 154 0.1 1.7 5.4 20.1 26.1 730.4 0.00 0 0.0 28.1 24.1 24.5 3.626  -41.4   26.8    2.3  24    4.6   5 0 0 1 1 2 0 21.7 26.3 21.4 27.0 80.0 100 100 20 408 0 143 0 401 401 400 0 0 0 60 50 WAIT_ACK 0 
b.1 2025-07-01 00:48:00.622 a 2025-07-01-00:47:57 111 173 274 0.1 1.8 5.4 20.1 26.1 730.4 0.00 0 0.0 27.8 24.1 24.4 3.626  -38.8   26.7    2.3  24    4.5   5 0 0 1 1 2 0 21.7 26.4 21.4 26.9 80.0 100 100 20 408 0 143 0 400 401 399 0 0 0 59 50 WAIT_ACK 0 
b.1 2025-07-01 00:49:00.664 a 2025-07-01-00:48:57 053 168 305 0.1 1.2 3.7 20.0 26.3 730.4 0.00 0 0.0 27.8 24.1 24.4 3.626  -38.1   26.7    2.2  24    4.4   5 0 0 1 1 2 0 21.7 26.4 21.4 27.0 80.0 100 100 20 408 0 143 0 401 402 399 0 0 0 59 50 WAIT_ACK 0 
b.1 2025-07-01 00:50:01.252 a 2025-07-01-00:49:57 100 178 298 0.3 1.4 4.0 19.9 26.3 730.4 0.00 0 0.0 27.8 24.1 24.4 3.626  -39.0   26.6    2.2  24    4.3   5 0 0 1 1 2 0 21.7 26.4 21.4 27.0 80.0 100 100 20 408 0 143 0 401 402 400 0 0 0 60 50 WAIT_ACK 0 
b.1 2025-07-01 00:51:00.726 a 2025-07-01-00:50:57 064 175 298 0.2 0.9 2.5 19.9 26.8 730.4 0.00 0 0.0 28.0 24.1 24.4 3.626  -39.5   26.5    0.0  24    4.3   5 0 0 1 1 2 0 21.7 26.4 21.4 26.8 80.0 100 100 20 408 0 143 0 402 401 399 0 0 0 59 50 WAIT_ACK 0 
b.1 2025-07-01 00:52:00.627 a 2025-07-01-00:51:57 041 174 290 0.1 1.3 3.8 19.8 27.3 730.4 0.00 0 0.0 27.9 24.1 24.4 3.632  -37.3   26.3    0.0  24    4.3   0 0 0 1 1 2 0 21.7 26.3 21.4 26.9 80.0 100 100 20 408 0 143 0 401 401 399 0 0 0 59 50 WAIT_ACK 0 
b.1 2025-07-01 00:53:01.825 a 2025-07-01-00:52:58 059 183 321 0.2 0.9 2.7 19.9 27.3 730.4 0.00 0 0.0 28.2 24.1 24.4 3.631  -38.0   26.3    0.0  24    4.4   5 0 0 1 1 2 0 21.7 26.4 21.4 27.1 80.0 100 100 20 408 0 143 0 401 402 399 0 0 0 59 50 WAIT_ACK 0 
b.1 2025-07-01 00:54:01.987 a 2025-07-01-00:53:58 300 167 329 0.0 1.0 2.5 19.9 27.3 730.4 0.00 0 0.0 28.2 24.1 24.4 3.633  -38.1   26.3    2.1  25    4.4   0 0 0 1 1 2 0 21.7 26.6 21.4 27.1 80.0 100 100 20 408 0 143 0 401 401 399 0 0 0 59 50 WAIT_ACK 0 
b.1 2025-07-01 00:55:01.467 a 2025-07-01-00:54:58 161 156 291 0.1 1.4 5.0 19.9 27.3 730.4 0.00 0 0.0 28.3 24.1 24.5 3.626  -40.9   26.3    2.1  25    4.5   5 0 0 1 1 2 0 21.6 26.6 21.4 27.2 80.0 100 100 20 408 0 143 0 401 401 399 0 0 0 59 50 WAIT_ACK 0 
b.1 2025-07-01 00:55:59.867 a 2025-07-01-00:55:56 092 164 295 0.1 1.6 5.0 20.0 27.0 730.4 0.00 0 0.0 28.0 24.1 24.4 3.626  -38.1   26.3    2.2  25    4.5   5 0 0 1 1 2 0 21.6 26.6 21.4 27.2 80.0 100 100 20 408 0 143 0 402 401 399 0 0 0 60 50 WAIT_ACK 0 
b.1 2025-07-01 00:57:01.565 a 2025-07-01-00:56:58 217 151 350 0.1 1.4 3.5 19.9 27.2 730.4 0.00 0 0.0 27.5 24.1 24.4 3.626  -37.2   26.3    2.2  25    4.5   5 0 0 1 1 2 0 21.7 26.8 21.4 27.3 80.0 100 100 20 408 0 143 0 401 401 400 0 0 0 60 50 WAIT_ACK 0 
b.1 2025-07-01 00:58:01.548 a 2025-07-01-00:57:58 217 174 272 0.1 1.0 2.8 19.9 27.6 730.4 0.00 0 0.0 27.7 24.1 24.5 3.627  -38.4   26.3    0.0  25    4.6   5 0 0 1 1 2 0 21.7 26.9 21.4 27.3 80.0 100 100 20 408 0 143 0 401 401 400 0 0 0 60 50 WAIT_ACK 0 
b.1 2025-07-01 00:59:00.926 a 2025-07-01-00:58:57 147 200 240 0.3 1.7 3.2 19.9 27.6 730.4 0.00 0 0.0 27.1 24.1 24.4 3.626  -38.2   26.3    2.3  25    4.6   5 0 0 1 1 2 0 21.6 26.9 21.4 27.5 80.0 100 100 20 408 0 144 0 401 401 399 0 0 0 60 50 WAIT_ACK 0 
b.1 2025-07-01 01:00:00.867 a 2025-07-01-00:59:57 274 142 350 0.1 1.1 2.7 19.8 27.7 730.4 0.00 0 0.0 27.4 24.1 24.4 3.626  -39.4   26.4    2.2  25    4.7   5 0 0 1 1 2 0 21.6 27.1 21.4 27.7 80.0 100 100 20 408 0 144 0 400 401 399 0 0 0 60 50 WAIT_ACK 0 
b.1 2025-07-01 01:01:00.388 a 2025-07-01-01:00:57 085 132 224 0.6 2.3 4.1 19.7 27.7 730.4 0.00 0 0.0 27.1 24.1 24.4 3.628  -39.9   26.4    2.4  25    4.7   5 0 0 1 1 2 0 21.6 27.1 21.3 27.8 80.0 100 100 20 408 0 143 0 401 401 399 0 0 0 60 50 WAIT_ACK 0 
b.1 2025-07-01 01:02:00.989 a 2025-07-01-01:01:57 037 143 213 0.1 1.7 4.2 19.6 27.7 730.4 0.00 0 0.0 26.9 24.1 24.4 3.626  -38.5   26.5    2.3  25    4.7   6 0 0 1 1 2 0 21.6 27.1 21.3 27.9 80.0 100 100 20 408 0 143 0 400 401 399 0 0 0 59 50 WAIT_ACK 0 
b.1 2025-07-01 01:03:01.667 a 2025-07-01-01:02:58 090 129 219 0.1 2.1 3.7 19.5 27.5 730.4 0.00 0 0.0 26.8 24.1 24.4 3.626  -44.0   26.4    2.5  25    4.6   6 0 0 1 1 2 0 21.5 27.1 21.2 27.9 80.0 100 100 20 408 0 143 0 401 401 399 0 0 0 60 50 WAIT_ACK 0 
b.1 2025-07-01 01:04:00.447 a 2025-07-01-01:03:57 270 112 304 0.1 1.5 2.5 19.4 28.1 730.4 0.00 0 0.0 26.8 24.1 24.4 3.626  -38.3   26.4    2.4  25    4.6   6 0 0 1 1 2 0 21.5 27.3 21.2 28.1 80.0 100 100 20 408 0 143 0 402 400 400 0 0 0 60 50 WAIT_ACK 0 
b.1 2025-07-01 01:05:00.809 a 2025-07-01-01:04:57 047 071 220 0.1 0.7 1.3 19.3 28.0 730.4 0.00 0 0.0 27.1 24.1 24.4 3.626  -39.4   26.4    2.2  25    4.7   6 0 0 1 1 2 0 21.5 27.3 21.2 28.0 80.0 100 100 20 408 0 143 0 400 402 399 0 0 0 59 50 WAIT_ACK 0 
b.1 2025-07-01 01:06:01.391 a 2025-07-01-01:05:57 270 291 289 0.0 0.3 0.8 19.3 28.8 730.4 0.00 0 0.0 27.7 24.1 24.4 3.626  -37.8   26.5    0.0  25    4.8   5 0 0 1 1 2 0 21.4 27.6 21.2 28.2 80.0 100 100 20 408 0 143 0 401 401 399 0 0 0 59 50 WAIT_ACK 0 
b.1 2025-07-01 01:07:00.888 a 2025-07-01-01:06:57 239 102 295 0.0 0.5 1.6 19.4 29.2 730.4 0.00 0 0.0 28.1 24.1 24.4 3.626  -38.3   26.6    0.0  25    4.9   5 0 0 1 1 2 0 21.4 27.9 21.1 28.6 80.0 100 100 20 408 0 143 0 401 402 399 0 0 0 60 50 WAIT_ACK 0 
b.1 2025-07-01 01:08:01.009 a 2025-07-01-01:07:57 160 046 206 0.0 0.3 1.0 19.7 29.6 730.4 0.00 0 0.0 28.4 24.1 24.4 3.626  -38.3   26.6    2.1  25    5.1   5 0 0 1 1 2 0 21.3 28.2 21.1 28.8 80.0 100 100 20 408 0 143 0 401 401 400 0 0 0 59 50 WAIT_ACK 0 
b.1 2025-07-01 01:09:00.392 a 2025-07-01-01:08:56 187 139 333 0.1 0.4 1.2 19.9 28.2 730.4 0.00 0 0.0 28.8 24.1 24.4 3.627  -38.9   26.6    0.0  25    5.1   5 0 0 1 1 2 0 21.3 28.3 21.1 28.9 80.0 100 100 20 408 0 143 0 401 401 400 0 0 0 59 50 WAIT_ACK 0 
b.1 2025-07-01 01:10:02.187 a 2025-07-01-01:09:58 196 160 322 0.1 0.8 2.1 20.1 27.5 730.5 0.00 0 0.0 28.9 24.1 24.4 3.626  -38.4   26.7    0.0  25    5.0   5 0 0 1 1 2 0 21.3 28.2 21.1 28.8 80.0 100 100 20 408 0 143 0 401 401 400 0 0 0 59 50 WAIT_ACK 0 
b.1 2025-07-01 01:10:59.990 a 2025-07-01-01:10:56 187 125 331 0.1 1.0 2.0 20.2 26.7 730.4 0.00 0 0.0 28.7 24.1 24.4 3.627  -41.1   26.8    2.2  25    5.0   5 0 0 1 1 2 0 21.3 27.8 21.1 28.6 80.0 100 100 20 408 0 143 0 402 401 399 0 0 0 60 50 WAIT_ACK 0 
b.1 2025-07-01 01:12:01.131 a 2025-07-01-01:11:57 244 161 280 0.1 0.7 1.9 20.2 26.8 730.4 0.00 0 0.0 28.7 24.1 24.4 3.626  -39.1   26.8    0.0  25    4.9   0 0 0 1 1 2 0 21.4 27.9 21.1 28.6 80.0 100 100 20 408 0 143 0 401 401 400 0 0 0 60 50 WAIT_ACK 0 
b.1 2025-07-01 01:13:00.614 a 2025-07-01-01:12:57 118 112 127 0.1 1.1 2.2 20.2 27.3 730.4 0.00 0 0.0 28.6 24.1 24.5 3.626  -40.7   26.8    2.2  25    4.9   5 0 0 1 1 2 0 21.4 28.2 21.1 28.7 80.0 100 100 20 408 0 143 0 400 401 399 0 0 0 59 50 WAIT_ACK 0 
b.1 2025-07-01 01:14:00.773 a 2025-07-01-01:13:57 002 107 149 0.3 1.3 2.1 20.1 28.6 730.4 0.00 0 0.0 28.2 24.1 24.5 3.626  -39.1   26.8    2.2  25    5.0   5 0 0 1 1 2 0 21.3 28.2 21.1 29.0 80.0 100 100 20 408 0 143 0 401 401 400 0 0 0 60 50 WAIT_ACK 0 
b.1 2025-07-01 01:15:01.415 a 2025-07-01-01:14:58 063 182 302 0.1 0.7 1.6 19.9 27.8 730.4 0.00 0 0.0 28.3 24.1 24.4 3.626  -38.5   26.9    0.0  25    5.1   5 0 0 1 1 2 0 21.3 28.2 21.1 28.9 80.0 100 100 20 408 0 143 0 401 401 400 0 0 0 60 50 WAIT_ACK 0 
b.1 2025-07-01 01:16:00.730 a 2025-07-01-01:15:57 063 185 302 0.0 1.0 2.6 19.9 27.5 730.4 0.00 0 0.0 28.1 24.1 24.4 3.626  -38.9   26.9    2.2  25    5.1   5 0 0 1 1 2 0 21.4 28.0 21.1 28.7 80.0 100 100 20 408 0 143 0 401 401 400 0 0 0 60 50 WAIT_ACK 0 
b.1 2025-07-01 01:17:00.953 a 2025-07-01-01:16:57 034 212 347 0.1 1.6 5.4 20.0 26.7 730.4 0.00 0 0.0 27.8 24.1 24.4 3.631  -43.6   27.0    2.2  25    5.1   5 0 0 1 1 2 0 21.4 27.6 21.1 28.3 80.0 100 100 20 408 0 144 0 401 401 399 0 0 0 59 50 WAIT_ACK 0 
b.1 2025-07-01 01:18:00.812 a 2025-07-01-01:17:57 028 185 222 0.1 0.9 2.6 20.1 26.4 730.5 0.00 0 0.0 27.3 24.1 24.4 3.626  -39.3   27.0    2.2  24    4.9   5 0 0 1 1 2 0 21.4 27.5 21.2 27.9 80.0 100 100 20 408 0 144 0 401 401 399 0 0 0 59 50 WAIT_ACK 0 
b.1 2025-07-01 01:19:00.756 a 2025-07-01-01:18:57 018 238 346 0.0 0.8 2.9 20.2 26.4 730.4 0.00 0 0.0 27.3 24.1 24.4 3.626  -39.3   27.0    0.0  24    4.8   5 0 0 1 1 2 0 21.5 27.4 21.2 28.1 80.0 100 100 20 408 0 143 0 401 401 400 0 0 0 59 50 WAIT_ACK 0 
b.1 2025-07-01 01:20:02.315 a 2025-07-01-01:19:58 002 188 346 0.0 0.9 2.7 20.2 25.8 730.4 0.00 0 0.0 27.3 24.1 24.4 3.633  -40.2   26.9    2.2  24    4.8   5 0 0 1 1 2 0 21.5 27.1 21.2 27.9 80.0 100 100 20 408 0 143 0 401 401 400 0 0 0 59 50 WAIT_ACK 0 
b.1 2025-07-01 01:21:02.134 a 2025-07-01-01:20:58 291 177 302 0.1 0.7 2.1 20.2 26.1 730.4 0.00 0 0.0 27.2 24.1 24.4 3.626  -40.2   26.9    0.0  24    4.7   5 0 0 1 1 2 0 21.5 27.0 21.3 27.8 80.0 100 100 20 408 0 143 0 400 401 400 0 0 0 59 50 WAIT_ACK 0 
b.1 2025-07-01 01:22:01.193 a 2025-07-01-01:21:57 213 013 306 0.1 0.6 2.4 20.2 26.5 730.4 0.00 0 0.0 27.5 24.1 24.4 3.627  -42.6   26.9    0.0  24    4.7   5 0 0 1 1 2 0 21.5 26.9 21.3 27.6 80.0 100 100 20 408 0 143 0 401 401 400 0 0 0 59 50 AUTO_PARK 0 
b.1 2025-07-01 01:23:01.206 a 2025-07-01-01:22:57 053 238 265 0.1 0.6 2.2 20.3 27.5 730.4 0.00 0 0.0 27.6 24.1 24.5 3.629  -39.4   26.8    0.0  24    4.7   0 0 0 1 1 2 0 21.5 26.9 21.3 27.7 80.0 100 100 20 408 0 143 0 401 401 400 0 0 0 60 50 AUTO_PARK 0 
b.1 2025-07-01 01:24:01.177 a 2025-07-01-01:23:57 096 196 330 0.3 1.6 3.7 20.3 27.0 730.4 0.00 0 0.0 27.1 24.1 24.4 3.626  -40.0   26.8    2.3  24    4.8   5 0 0 1 1 2 0 21.5 27.1 21.3 27.8 80.0 100 100 20 408 0 143 0 401 402 399 0 0 0 60 50 AUTO_PARK 0 
b.1 2025-07-01 01:25:02.792 a 2025-07-01-01:24:59 270 189 318 0.1 0.4 1.8 20.3 26.5 730.4 0.00 0 0.0 27.2 24.1 24.4 3.626  -39.3   26.9    0.0  24    4.7   5 0 0 1 1 2 0 21.5 27.1 21.3 28.0 80.0 100 100 20 408 0 143 0 401 401 399 0 0 0 60 50 AUTO_PARK 0 
b.1 2025-07-01 01:26:01.619 a 2025-07-01-01:25:58 228 341 284 0.1 0.6 2.3 20.3 26.5 730.4 0.00 0 0.0 27.4 24.1 24.4 3.626  -41.9   26.8    0.0  24    4.8   5 0 0 1 1 2 0 21.5 27.2 21.3 28.3 80.0 100 100 20 408 0 144 0 401 401 400 0 0 0 60 50 AUTO_PARK 0 
b.1 2025-07-01 01:27:00.875 a 2025-07-01-01:26:57 269 148 354 0.1 0.6 1.8 20.3 27.8 730.4 0.00 0 0.0 27.5 24.1 24.4 3.627  -39.6   26.8    0.0  24    4.9   5 0 0 1 1 2 0 21.5 27.9 21.3 28.1 80.0 100 100 20 408 0 143 0 401 401 399 0 0 0 60 50 AUTO_PARK 0 
b.1 2025-07-01 01:28:01.598 a 2025-07-01-01:27:58 332 192 355 0.0 0.6 2.0 20.3 27.5 730.4 0.00 0 0.0 27.6 24.1 24.5 3.626  -40.8   26.8    0.0  24    4.9   5 0 0 1 1 2 0 21.4 27.5 21.2 28.2 80.0 100 100 20 408 0 144 0 401 401 399 0 0 0 59 50 AUTO_PARK 0 
b.1 2025-07-01 01:29:01.117 a 2025-07-01-01:28:57 055 136 196 0.5 1.5 2.9 20.4 26.6 730.4 0.00 0 0.0 27.2 24.1 24.4 3.626  -40.9   26.8    2.2  24    4.9   5 0 0 1 1 2 0 21.4 27.6 21.2 28.2 80.0 100 100 20 408 0 144 0 401 401 400 0 0 0 60 50 AUTO_PARK 0 
b.1 2025-07-01 01:30:01.697 a 2025-07-01-01:29:58 107 085 149 0.1 0.4 1.3 20.3 26.5 730.4 0.00 0 0.0 27.1 24.1 24.4 3.626  -39.0   26.8    0.0  24    4.8   5 0 0 1 1 2 0 21.4 27.6 21.2 28.2 80.0 100 100 20 408 0 144 0 401 401 400 0 0 0 60 50 AUTO_PARK 0 
b.1 2025-07-01 01:31:00.617 a 2025-07-01-01:30:57 090 177 295 0.1 0.7 1.5 20.2 27.1 730.4 0.00 0 0.0 27.1 24.1 24.4 3.626  -39.5   26.8    2.2  24    4.8   5 0 0 1 1 2 0 21.4 27.8 21.2 28.3 80.0 100 100 20 408 0 144 0 401 402 400 0 0 0 59 50 AUTO_PARK 0 
b.1 2025-07-01 01:32:00.696 a 2025-07-01-01:31:57 021 107 161 0.4 0.8 1.4 20.2 27.8 730.4 0.00 0 0.0 27.0 24.1 24.4 3.627  -40.1   26.8    0.0  24    4.8   5 0 0 1 1 2 0 21.4 27.9 21.2 28.3 80.0 100 100 20 408 0 143 0 401 402 399 0 0 0 59 50 AUTO_PARK 0 
b.1 2025-07-01 01:33:01.299 a 2025-07-01-01:32:57 006 105 174 0.1 0.8 1.7 20.1 29.1 730.4 0.00 0 0.0 26.7 24.1 24.4 3.626  -42.1   26.9    0.0  25    5.0   5 0 0 1 1 2 0 21.4 28.5 21.2 28.4 80.0 100 100 20 408 0 143 2 401 401 399 0 0 3 59 50 AUTO_PARK 0 
b.1 2025-07-01 01:34:00.655 a 2025-07-01-01:33:57 137 038 325 0.0 0.8 1.3 20.0 29.2 730.4 0.00 0 0.0 26.6 24.1 24.4 3.626  -40.1   27.0    0.0  25    5.2   6 0 0 1 1 2 0 21.3 28.3 21.2 28.7 80.0 100 100 20 408 0 143 0 401 401 400 0 0 0 60 50 AUTO_PARK 0 
b.1 2025-07-01 01:35:01.197 a 2025-07-01-01:34:57 021 079 121 0.6 1.3 1.9 19.8 29.6 730.4 0.00 0 0.0 26.4 24.1 24.5 3.627  -40.6   27.2    2.2  25    5.3   6 0 0 1 1 2 0 21.3 28.5 21.2 28.7 80.0 100 100 20 408 0 143 0 401 402 400 0 0 0 60 50 AUTO_PARK 0 
b.1 2025-07-01 01:36:01.039 a 2025-07-01-01:35:57 039 095 135 0.5 1.5 2.7 19.6 29.8 730.4 0.00 0 0.0 26.0 24.1 24.4 3.626  -43.4   27.2    2.3  25    5.4   7 0 0 1 1 2 0 21.3 28.4 21.2 28.8 80.0 100 100 20 408 0 144 0 401 401 399 0 0 0 60 50 AUTO_PARK 0 
b.1 2025-07-01 01:37:00.380 a 2025-07-01-01:36:56 008 089 118 0.9 2.1 3.2 19.4 30.1 730.4 0.00 0 0.0 25.5 24.1 24.5 3.627  -43.2   27.2    2.7  25    5.3   8 0 0 1 1 2 0 21.3 28.5 21.2 28.7 80.0 100 100 20 408 0 144 0 401 402 400 0 0 0 60 50 AUTO_PARK 0 
b.1 2025-07-01 01:38:00.460 a 2025-07-01-01:37:57 052 094 098 0.0 0.4 2.0 19.1 30.1 730.4 0.00 0 0.0 25.6 24.1 24.4 3.626  -40.3   27.1    0.0  25    5.2   8 0 0 1 1 2 0 21.3 28.3 21.2 28.8 80.0 100 100 20 408 0 143 0 402 401 400 0 0 0 59 50 AUTO_PARK 0 
b.1 2025-07-01 01:39:00.960 a 2025-07-01-01:38:57 245 202 327 0.0 0.8 2.3 19.1 30.1 730.4 0.00 0 0.0 25.6 24.1 24.4 3.633  -40.3   27.0    2.2  25    5.2   5 0 0 1 1 2 0 21.3 28.2 21.2 28.7 80.0 100 100 20 408 0 143 0 401 401 399 0 0 0 59 50 AUTO_PARK 0 
b.1 2025-07-01 01:40:01.081 a 2025-07-01-01:39:57 189 235 211 0.1 0.5 1.5 19.1 29.2 730.4 0.00 0 0.0 25.6 24.1 24.4 3.626  -40.6   26.9    0.0  25    5.1   5 0 0 1 1 2 0 21.4 28.2 21.2 28.6 80.0 100 100 20 408 0 143 0 401 402 399 0 0 0 59 50 AUTO_PARK 0 
b.1 2025-07-01 01:41:01.660 a 2025-07-01-01:40:58 247 120 310 0.1 0.5 1.4 19.3 29.4 730.4 0.00 0 0.0 25.6 24.1 24.5 3.626  -39.3   26.8    0.0  25    5.1   5 0 0 1 1 2 0 21.4 28.2 21.2 28.6 80.0 100 100 20 408 0 143 0 401 401 400 0 0 0 60 50 AUTO_PARK 0 
b.1 2025-07-01 01:42:00.628 a 2025-07-01-01:41:57 050 328 333 0.0 0.3 0.9 19.4 29.7 730.4 0.00 0 0.0 25.8 24.1 24.4 3.632  -39.5   26.7    0.0  25    5.1   5 0 0 1 1 2 0 21.4 28.2 21.2 28.7 80.0 100 100 20 408 0 143 0 401 401 399 0 0 0 60 50 AUTO_PARK 0 
b.1 2025-07-01 01:43:00.601 a 2025-07-01-01:42:57 222 092 318 0.0 0.6 1.3 19.7 29.3 730.4 0.00 0 0.0 25.9 24.1 24.4 3.626  -40.2   26.7    0.0  25    5.1   5 0 0 1 1 2 0 21.4 28.2 21.2 28.7 80.0 100 100 20 408 0 143 0 400 401 399 0 0 0 60 50 AUTO_PARK 0 
b.1 2025-07-01 01:44:01.740 a 2025-07-01-01:43:58 149 040 214 0.3 1.0 1.7 19.7 29.5 730.4 0.00 0 0.0 25.7 24.1 24.5 3.627  -41.4   26.6    2.2  25    5.1   5 0 0 1 1 2 0 21.4 28.2 21.3 28.7 80.0 100 100 20 408 0 143 0 402 401 400 0 0 0 60 50 AUTO_PARK 0 
b.1 2025-07-01 01:45:00.561 a 2025-07-01-01:44:57 125 050 224 0.1 0.9 1.9 19.6 29.7 730.3 0.00 0 0.0 25.5 24.1 24.4 3.623  -43.6   26.6    2.2  25    5.1   5 0 0 1 1 2 0 21.4 28.2 21.2 28.7 80.0 100 100 20 408 0 143 0 400 402 399 0 0 0 60 50 AUTO_PARK 0 
b.1 2025-07-01 01:46:01.078 a 2025-07-01-01:45:57 126 087 309 0.2 1.1 1.7 19.5 30.2 730.3 0.00 0 0.0 25.2 24.1 24.5 3.626  -40.9   26.6    2.2  25    5.1   5 0 0 1 1 2 0 21.4 28.2 21.3 28.7 80.0 100 100 20 408 0 143 0 401 401 400 0 0 0 59 50 AUTO_PARK 0 
b.1 2025-07-01 01:47:00.601 a 2025-07-01-01:46:57 153 100 246 0.1 1.0 2.1 19.3 30.5 730.3 0.00 0 0.0 25.1 24.1 24.4 3.626  -43.3   26.5    2.1  25    5.1   5 0 0 1 1 2 0 21.4 28.3 21.2 28.9 80.0 100 100 20 408 0 143 0 401 401 400 0 0 0 60 50 AUTO_PARK 0 
b.1 2025-07-01 01:48:01.183 a 2025-07-01-01:47:57 068 140 293 0.1 0.7 1.7 19.2 30.7 730.3 0.00 0 0.0 25.0 24.1 24.4 3.626  -40.4   26.5    0.0  25    5.1   5 0 0 1 1 2 0 21.4 28.2 21.2 28.7 80.0 100 100 20 408 0 143 0 400 401 399 0 0 0 59 50 AUTO_PARK 0 
b.1 2025-07-01 01:49:02.282 a 2025-07-01-01:48:58 173 057 198 0.1 0.5 1.2 19.1 30.8 730.4 0.00 0 0.0 25.0 24.1 24.4 3.626  -40.3   26.4    0.0  25    5.1   5 0 0 1 1 2 0 21.4 28.3 21.2 28.7 80.0 100 100 20 408 0 143 0 401 401 399 0 0 0 59 50 AUTO_PARK 0 
b.1 2025-07-01 01:50:01.023 a 2025-07-01-01:49:57 064 024 186 0.0 0.6 1.9 19.1 31.0 730.4 0.00 0 0.0 25.1 24.1 24.4 3.626  -41.2   26.4    0.0  26    5.2   5 0 0 1 1 2 0 21.4 28.3 21.3 28.8 80.0 100 100 20 408 0 143 0 401 401 400 0 0 0 60 50 AUTO_PARK 0 
b.1 2025-07-01 01:51:01.145 a 2025-07-01-01:50:57 103 044 219 0.1 1.1 2.1 19.1 30.7 730.3 0.00 0 0.0 24.9 24.1 24.4 3.626  -42.4   26.4    2.2  26    5.2   5 0 0 1 1 2 0 21.4 28.3 21.2 28.8 80.0 100 100 20 408 0 143 0 401 401 400 0 0 0 60 50 AUTO_PARK 0 
b.1 2025-07-01 01:52:00.782 a 2025-07-01-01:51:57 238 133 290 0.0 0.4 1.2 19.1 31.2 730.4 0.00 0 0.0 24.9 24.1 24.4 3.626  -39.9   26.5    0.0  26    5.2   5 0 0 1 1 2 0 21.4 28.4 21.3 28.9 80.0 100 100 20 408 0 143 0 401 401 399 0 0 0 60 50 AUTO_PARK 0 
b.1 2025-07-01 01:53:01.361 a 2025-07-01-01:52:57 192 113 270 0.0 0.4 1.1 19.2 30.8 730.4 0.00 0 0.0 24.9 24.1 24.4 3.626  -40.5   26.4    0.0  26    5.2   5 0 0 1 1 2 0 21.4 28.3 21.2 28.8 80.0 100 100 20 408 0 143 0 401 401 400 0 0 0 59 50 AUTO_PARK 0 
b.1 2025-07-01 01:54:00.842 a 2025-07-01-01:53:57 131 088 276 0.1 0.3 0.8 19.3 30.7 730.4 0.00 0 0.0 25.0 24.1 24.4 3.627  -40.9   26.4    0.0  26    5.2   5 0 0 1 1 2 0 21.4 28.3 21.3 28.8 80.0 100 100 20 408 0 143 0 401 401 400 0 0 0 60 50 AUTO_PARK 0 
b.1 2025-07-01 01:55:01.309 a 2025-07-01-01:54:57 053 167 232 0.0 0.7 1.5 19.4 29.5 730.4 0.00 0 0.0 24.9 24.1 24.4 3.626  -42.8   26.3    0.0  26    5.2   5 0 0 1 1 2 0 21.4 28.3 21.2 28.8 80.0 100 100 20 408 0 143 0 401 401 399 0 0 0 60 50 AUTO_PARK 0 
b.1 2025-07-01 01:56:01.381 a 2025-07-01-01:55:57 095 146 260 0.1 1.2 3.0 19.5 29.9 730.4 0.00 0 0.0 24.6 24.1 24.4 3.633  -42.6   26.3    2.2  26    5.2   5 0 0 1 1 2 0 21.4 28.3 21.3 28.9 80.0 100 100 20 408 0 143 0 401 401 400 0 0 0 60 50 AUTO_PARK 0 
b.1 2025-07-01 01:57:01.384 a 2025-07-01-01:56:58 142 108 314 0.1 1.0 2.7 19.5 29.9 730.4 0.00 0 0.0 24.2 24.1 24.4 3.632  -41.3   26.3    2.1  26    5.1   9 0 0 1 1 2 0 21.4 28.3 21.2 28.7 80.0 100 100 20 408 0 143 0 402 401 400 0 0 0 59 50 AUTO_PARK 0 
b.1 2025-07-01 01:58:00.765 a 2025-07-01-01:57:57 008 187 105 0.0 0.6 1.4 19.3 29.4 730.4 0.00 0 0.0 24.1 24.1 24.4 3.628  -40.7   26.3    0.0  25    5.0   6 0 0 1 1 2 0 21.4 28.3 21.2 28.8 80.0 100 100 20 408 0 143 0 401 401 400 0 0 0 60 50 AUTO_PARK 0 
b.1 2025-07-01 01:59:02.003 a 2025-07-01-01:58:58 041 199 321 0.1 0.9 4.4 19.2 29.1 730.4 0.00 0 0.0 24.0 24.1 24.4 3.626  -41.3   26.2    0.0  25    4.9   6 0 0 1 1 2 0 21.4 28.3 21.2 28.9 80.0 100 100 20 408 0 143 0 401 401 399 0 0 0 59 50 AUTO_PARK 0 
b.1 2025-07-01 02:00:01.706 a 2025-07-01-01:59:58 067 005 298 0.1 0.6 4.3 19.2 29.1 730.4 0.00 0 0.0 23.7 24.1 24.4 3.626  -40.4   26.2    0.0  25    4.8   6 0 0 1 1 2 0 21.4 28.3 21.2 28.9 80.0 100 100 20 408 0 143 0 401 401 399 0 0 0 60 50 AUTO_PARK 0 
b.1 2025-07-01 02:01:00.484 a 2025-07-01-02:00:57 304 192 322 0.1 0.7 2.7 19.2 29.1 730.4 0.00 0 0.0 23.7 24.1 24.4 3.632  -41.0   26.2    2.1  25    4.8   6 0 0 1 1 2 0 21.4 28.3 21.3 28.8 80.0 100 100 20 408 0 143 0 401 401 399 0 0 0 59 50 AUTO_PARK 0 
b.1 2025-07-01 02:02:00.184 a 2025-07-01-02:01:56 060 155 165 0.1 0.6 1.8 19.3 29.1 730.4 0.00 0 0.0 23.6 24.1 24.4 3.626  -40.4   26.2    0.0  25    4.8   6 0 0 1 1 2 0 21.4 28.3 21.2 28.9 80.0 100 100 20 408 0 143 0 402 401 400 0 0 0 60 50 AUTO_PARK 0 
b.1 2025-07-01 02:03:00.825 a 2025-07-01-02:02:57 010 167 079 0.1 0.5 2.5 19.4 29.2 730.4 0.00 0 0.0 23.5 24.1 24.4 3.626  -41.3   26.1    2.1  25    4.8   6 0 0 1 1 2 0 21.4 28.3 21.2 28.9 80.0 100 100 20 408 0 143 0 401 401 400 0 0 0 59 50 AUTO_PARK 0 
b.1 2025-07-01 02:04:02.005 a 2025-07-01-02:03:58 058 198 281 0.1 0.9 2.7 19.4 28.7 730.4 0.00 0 0.0 23.3 24.1 24.4 3.633  -43.8   26.1    2.2  25    4.7   6 0 0 1 1 2 0 21.4 28.4 21.3 28.9 80.0 100 100 20 408 0 143 0 400 401 399 0 0 0 60 50 AUTO_PARK 0 
b.1 2025-07-01 02:05:01.986 a 2025-07-01-02:04:58 176 166 302 0.1 0.7 1.7 19.4 28.7 730.4 0.00 0 0.0 23.2 24.1 24.4 3.626  -42.4   26.0    0.0  25    4.7   6 0 0 1 1 2 0 21.4 28.3 21.3 28.9 80.0 100 100 20 408 0 143 0 401 401 400 0 0 0 59 50 AUTO_PARK 0 
b.1 2025-07-01 02:06:00.947 a 2025-07-01-02:05:57 270 174 275 0.0 0.3 0.8 19.4 28.7 730.4 0.00 0 0.0 23.2 24.1 24.4 3.626  -40.7   26.0    2.1  25    4.6   6 0 0 1 1 2 0 21.4 28.3 21.3 28.9 80.0 100 100 20 408 0 143 0 401 401 400 0 0 0 60 50 AUTO_PARK 0 
b.1 2025-07-01 02:07:01.444 a 2025-07-01-02:06:58 010 170 270 0.0 0.6 1.6 19.4 28.7 730.4 0.00 0 0.0 23.1 24.1 24.4 3.626  -41.1   25.9    0.0  25    4.6   6 0 0 1 1 2 0 21.4 28.3 21.3 28.8 80.0 100 100 20 408 0 143 0 401 401 400 0 0 0 59 50 AUTO_PARK 0 
b.1 2025-07-01 02:08:01.565 a 2025-07-01-02:07:58 250 153 302 0.1 0.5 1.8 19.4 28.7 730.4 0.00 0 0.0 23.1 24.1 24.5 3.627  -40.9   25.9    0.0  25    4.6   6 0 0 1 1 2 0 21.4 28.3 21.3 28.8 80.0 100 100 20 408 0 143 0 401 401 400 0 0 0 59 50 AUTO_PARK 0 
b.1 2025-07-01 02:09:00.987 a 2025-07-01-02:08:57 294 174 329 0.1 0.8 2.0 19.4 28.8 730.4 0.00 0 0.0 23.0 24.1 24.4 3.626  -41.7   25.8    2.1  25    4.6   6 0 0 1 1 2 0 21.4 28.3 21.3 28.9 80.0 100 100 20 408 0 143 0 401 401 399 0 0 0 60 50 AUTO_PARK 0 
b.1 2025-07-01 02:10:01.388 a 2025-07-01-02:09:57 020 172 352 0.1 0.9 2.9 19.4 29.0 730.4 0.00 0 0.0 22.7 24.1 24.4 3.626  -41.0   25.8    0.0  25    4.5   6 0 0 1 1 2 0 21.4 28.3 21.3 28.8 80.0 100 100 20 408 0 143 0 400 401 399 0 0 0 59 50 AUTO_PARK 0 
b.1 2025-07-01 02:11:01.009 a 2025-07-01-02:10:57 047 094 273 0.0 0.6 1.7 19.3 29.0 730.3 0.00 0 0.0 22.5 24.1 24.4 3.624  -40.8   25.7    2.2  26    4.5   6 0 0 1 1 2 0 21.4 28.4 21.3 28.9 80.0 100 100 20 408 0 143 0 401 401 399 0 0 0 60 50 AUTO_PARK 0 
b.1 2025-07-01 02:11:59.966 a 2025-07-01-02:11:56 001 162 287 0.1 1.2 2.9 19.3 29.2 730.3 0.00 0 0.0 22.4 24.1 24.4 3.626  -42.4   25.6    2.2  26    4.5   6 0 0 1 1 2 0 21.4 28.4 21.3 28.9 80.0 100 100 20 408 0 143 0 401 401 399 0 0 0 60 50 AUTO_PARK 0 
b.1 2025-07-01 02:13:00.588 a 2025-07-01-02:12:57 023 184 300 0.2 1.0 2.4 19.2 29.5 730.3 0.00 0 0.0 22.0 24.1 24.5 3.627  -42.1   25.5    0.0  26    4.4   6 0 0 1 1 2 0 21.4 28.3 21.3 28.8 80.0 100 100 20 408 0 143 0 401 401 400 0 0 0 60 50 AUTO_PARK 0 
b.1 2025-07-01 02:13:59.930 a 2025-07-01-02:13:56 145 173 265 0.0 0.5 1.6 19.1 29.9 730.3 0.00 0 0.0 22.0 24.1 24.4 3.626  -40.5   25.5    0.0  26    4.4   6 0 0 1 1 2 0 21.4 28.4 21.3 28.8 80.0 100 100 20 408 0 143 0 401 402 399 0 0 0 59 50 AUTO_PARK 0 
b.1 2025-07-01 02:15:00.608 a 2025-07-01-02:14:57 268 165 294 0.1 0.6 1.8 19.0 30.5 730.3 0.00 0 0.0 22.0 24.1 24.4 3.626  -42.2   25.4    0.0  26    4.4   6 0 0 1 1 2 0 21.4 28.3 21.3 28.8 80.0 100 100 20 408 0 144 0 402 401 400 0 0 0 60 50 AUTO_PARK 0 
b.1 2025-07-01 02:16:00.726 a 2025-07-01-02:15:57 090 178 268 0.1 0.5 1.7 18.9 30.6 730.3 0.00 0 0.0 21.9 24.1 24.4 3.626  -40.7   25.3    0.0  26    4.4   6 0 0 1 1 2 0 21.4 28.3 21.3 28.8 80.0 100 100 20 408 0 144 0 401 401 399 0 0 0 60 50 AUTO_PARK 0 
b.1 2025-07-01 02:17:01.766 a 2025-07-01-02:16:58 236 134 349 0.1 1.5 5.5 18.9 30.6 730.3 0.00 0 0.0 21.5 24.1 24.4 3.627  -41.9   25.3    2.3  26    4.5   6 0 0 1 1 2 0 21.4 28.3 21.3 28.8 80.0 100 100 20 408 0 143 0 401 401 399 0 0 0 60 50 AUTO 0 
b.1 2025-07-01 02:18:01.831 a 2025-07-01-02:17:58 296 146 325 0.0 0.7 2.3 18.8 30.8 730.3 0.00 0 0.0 21.4 24.1 24.4 3.626  -42.2   25.2    0.0  26    4.5   6 0 0 1 1 2 0 21.4 28.3 21.2 28.7 80.0 100 100 20 408 0 143 0 401 401 399 0 0 0 60 50 AUTO 0 
b.1 2025-07-01 02:19:01.247 a 2025-07-01-02:18:57 035 185 287 0.1 0.6 1.3 18.7 31.1 730.3 0.00 0 0.0 21.4 24.1 24.4 3.624  -40.2   25.2    0.0  26    4.4   6 0 0 1 1 2 0 21.4 28.3 21.2 28.8 80.0 100 100 20 408 0 143 0 402 401 400 0 0 0 60 50 AUTO 0 
b.1 2025-07-01 02:20:01.328 a 2025-07-01-02:19:57 086 133 341 0.1 0.3 0.7 18.7 30.9 730.3 0.00 0 0.0 21.3 24.1 24.4 3.633  -40.5   25.1    0.0  26    4.5   6 0 0 1 1 2 0 21.4 28.4 21.2 28.8 80.0 100 100 20 408 0 143 0 401 401 400 0 0 0 60 50 AUTO 0 
b.1 2025-07-01 02:21:00.211 a 2025-07-01-02:20:56 194 129 220 0.1 0.3 0.8 18.7 31.2 730.3 0.00 0 0.0 21.3 24.1 24.5 3.626  -40.4   25.0    0.0  26    4.4   6 0 0 1 1 2 0 21.4 28.4 21.2 28.8 80.0 100 100 20 408 0 143 0 401 401 400 0 0 0 60 50 AUTO 0 
b.1 2025-07-01 02:22:01.871 a 2025-07-01-02:21:58 257 083 316 0.0 0.4 1.4 18.8 31.7 730.3 0.00 0 0.0 21.3 24.1 24.4 3.627  -40.2   24.9    0.0  27    4.5   6 0 0 1 1 2 0 21.4 28.4 21.3 28.9 80.0 100 100 20 408 0 143 0 401 401 400 0 0 0 60 50 AUTO 0 
b.1 2025-07-01 02:23:01.769 a 2025-07-01-02:22:58 179 151 327 0.0 0.5 1.6 18.8 31.6 730.3 0.00 0 0.0 21.2 24.1 24.4 3.635  -42.6   24.8    0.0  27    4.4   5 0 0 1 1 2 0 21.4 28.4 21.2 28.9 80.0 100 100 20 408 0 143 0 401 402 399 0 0 0 60 50 AUTO 0 
b.1 2025-07-01 02:24:01.108 a 2025-07-01-02:23:57 280 108 327 0.0 1.0 2.3 18.7 31.8 730.3 0.00 0 0.0 21.0 24.1 24.5 3.627  -40.7   24.8    0.0  27    4.5   5 0 0 1 1 2 0 21.4 28.5 21.3 28.9 80.0 100 100 20 408 0 143 0 401 401 400 0 0 0 60 50 AUTO 0 
b.1 2025-07-01 02:25:01.194 a 2025-07-01-02:24:57 042 098 144 0.6 1.9 3.3 18.6 32.2 730.3 0.00 0 0.0 20.7 24.1 24.4 3.627  -44.1   24.8    2.3  27    4.4  11 0 0 1 1 2 0 21.3 28.5 21.2 28.9 80.0 100 100 20 408 0 143 0 401 401 400 0 0 0 59 50 AUTO 0 
b.1 2025-07-01 02:26:00.233 a 2025-07-01-02:25:56 069 116 186 0.4 1.5 3.2 18.4 32.6 730.3 0.00 0 0.0 20.4 24.1 24.5 3.627  -41.4   24.7    2.3  27    4.4   9 0 0 1 1 2 0 21.4 28.5 21.2 29.0 80.0 100 100 20 408 0 143 0 401 401 399 0 0 0 59 50 AUTO 0 
b.1 2025-07-01 02:27:01.892 a 2025-07-01-02:26:58 018 103 161 0.3 1.3 2.1 18.2 33.0 730.4 0.00 0 0.0 20.2 24.1 24.5 3.626  -41.6   24.7    2.3  27    4.4   9 0 0 1 1 2 0 21.3 28.5 21.2 29.0 80.0 100 100 20 408 0 143 0 400 401 400 0 0 0 60 50 AUTO 0 
b.1 2025-07-01 02:28:01.417 a 2025-07-01-02:27:57 003 085 233 0.0 0.3 1.1 18.1 33.0 730.3 0.00 0 0.0 20.1 24.1 24.4 3.633  -41.5   24.6    0.0  27    4.4   5 0 0 1 1 2 0 21.3 28.6 21.2 29.0 80.0 100 100 20 408 0 143 0 401 401 400 0 0 0 60 50 AUTO 0 
b.1 2025-07-01 02:29:00.515 a 2025-07-01-02:28:57 018 144 214 0.1 1.0 2.8 18.1 33.0 730.3 0.00 0 0.0 19.9 24.1 24.4 3.633  -43.6   24.6    2.2  27    4.4  10 0 0 1 1 2 0 21.3 28.6 21.2 29.0 80.0 100 100 20 408 0 143 0 401 401 400 0 0 0 59 50 AUTO 0 
b.1 2025-07-01 02:30:01.974 a 2025-07-01-02:29:58 239 130 327 0.1 0.6 2.1 18.1 33.2 730.3 0.00 0 0.0 19.8 24.1 24.4 3.627  -40.7   24.6    0.0  27    4.5   7 0 0 1 1 2 0 21.3 28.6 21.2 29.0 80.0 100 100 20 408 0 143 0 401 401 400 0 0 0 60 50 AUTO 0 
b.1 2025-07-01 02:31:00.296 a 2025-07-01-02:30:56 025 153 237 0.1 1.4 3.2 18.1 33.2 730.4 0.00 0 0.0 19.5 24.1 24.4 3.626  -41.6   24.6    2.2  27    4.5   8 0 0 1 1 2 0 21.3 28.6 21.2 29.0 80.0 100 100 20 408 0 143 0 402 401 400 0 0 0 59 50 AUTO 0 
b.1 2025-07-01 02:32:00.674 a 2025-07-01-02:31:57 010 127 229 0.0 0.8 2.0 18.0 33.3 730.4 0.00 0 0.0 19.4 24.1 24.4 3.627  -41.0   24.6    0.0  27    4.5   8 0 0 1 1 2 0 21.3 28.6 21.2 29.0 80.0 100 100 20 408 0 143 0 401 401 400 0 0 0 60 50 AUTO 0 
b.1 2025-07-01 02:33:01.615 a 2025-07-01-02:32:58 044 175 270 0.0 0.9 2.7 17.9 33.2 730.3 0.00 0 0.0 19.3 24.1 24.4 3.627  -40.6   24.5    0.0  27    4.4   8 0 0 1 1 1 0 21.2 28.9 21.1 29.3 80.0 100 100 20 408 0 143 0 401 401 400 0 0 0 60 50 AUTO 0 
b.1 2025-07-01 02:34:00.572 a 2025-07-01-02:33:57 065 141 278 0.1 0.9 2.6 17.9 33.1 730.3 0.00 0 0.0 19.1 24.1 24.5 3.627  -41.0   24.3    0.0  27    4.4   5 0 0 1 1 1 0 21.0 29.3 20.9 29.6 80.0 100 100 20 408 0 143 0 401 401 400 0 0 0 60 50 AUTO 0 
b.1 2025-07-01 02:35:00.414 a 2025-07-01-02:34:56 257 149 327 0.1 1.4 2.7 17.8 33.1 730.3 0.00 0 0.0 19.0 24.1 24.4 3.626  -41.5   24.2    2.2  27    4.3   5 0 0 1 1 1 0 20.8 29.6 20.7 29.9 80.0 100 100 20 408 0 143 0 401 401 399 0 0 0 60 50 AUTO 0 
b.1 2025-07-01 02:36:01.095 a 2025-07-01-02:35:57 026 145 281 0.1 1.0 3.5 17.8 33.2 730.3 0.00 0 0.0 18.9 24.1 24.4 3.633  -39.4   24.1    0.0  28    4.3   5 0 0 1 1 1 0 20.7 29.6 20.6 30.1 80.0 100 100 20 408 0 143 0 401 401 400 0 0 0 60 50 AUTO 0 
b.1 2025-07-01 02:37:00.694 a 2025-07-01-02:36:57 090 147 230 0.1 1.1 2.3 17.7 33.3 730.3 0.00 0 0.0 18.7 24.1 24.4 3.627  -40.0   23.9    2.1  28    4.1   6 0 0 1 1 1 0 20.6 29.9 20.4 30.3 80.0 100 100 20 408 0 143 0 401 401 400 0 0 0 60 50 AUTO 0 
b.1 2025-07-01 02:38:00.598 a 2025-07-01-02:37:57 078 146 242 0.1 1.0 2.1 17.7 33.6 730.3 0.00 0 0.0 18.6 24.1 24.4 3.627  -40.8   23.8    0.0  28    4.1   7 0 0 1 1 1 0 20.4 30.1 20.3 30.5 80.0 100 100 20 408 0 143 0 401 401 400 0 0 0 60 50 AUTO 0 
b.1 2025-07-01 02:39:00.535 a 2025-07-01-02:38:57 268 143 297 0.0 0.8 2.1 17.6 33.7 730.3 0.00 0 0.0 18.5 24.1 24.4 3.632  -40.6   23.7    2.2  28    4.1   7 0 0 1 1 1 0 20.3 30.4 20.2 30.8 80.0 100 100 20 408 0 143 0 401 401 400 0 0 0 59 50 AUTO 0 
b.1 2025-07-01 02:40:01.598 a 2025-07-01-02:39:58 036 152 289 0.1 1.2 2.3 17.6 33.8 730.3 0.00 0 0.0 18.3 24.1 24.4 3.627  -40.4   23.6    2.1  28    4.1   7 0 0 1 1 1 0 20.2 30.5 20.1 30.9 80.0 100 100 20 408 0 143 0 401 401 399 0 0 0 60 50 AUTO 0 
b.1 2025-07-01 02:41:02.196 a 2025-07-01-02:40:58 095 174 169 0.1 0.7 2.5 17.5 33.8 730.3 0.00 0 0.0 18.2 24.1 24.5 3.627  -39.9   23.5    0.0  28    4.0   7 0 0 1 1 1 0 20.2 30.7 20.1 31.1 80.0 100 100 20 408 0 143 0 401 401 400 0 0 0 60 50 AUTO 0 
b.1 2025-07-01 02:42:00.415 a 2025-07-01-02:41:56 102 158 230 0.2 0.9 2.7 17.5 33.9 730.3 0.00 0 0.0 18.1 24.1 24.4 3.627  -40.4   23.4    0.0  28    3.9   7 0 0 1 1 1 0 20.1 30.8 20.0 31.3 80.0 100 100 20 408 0 143 0 402 401 400 0 0 0 60 50 AUTO 0 
b.1 2025-07-01 02:43:01.134 a 2025-07-01-02:42:57 077 155 287 0.1 1.2 3.9 17.4 34.2 730.3 0.00 0 0.0 17.9 24.1 24.4 3.627  -40.4   23.4    2.2  28    4.0   7 0 0 1 1 1 0 20.0 31.0 19.9 31.5 80.0 100 100 20 408 0 143 0 401 401 400 0 0 0 60 50 AUTO 0 
b.1 2025-07-01 02:44:01.078 a 2025-07-01-02:43:57 001 151 223 0.1 1.4 3.1 17.4 34.5 730.3 0.00 0 0.0 17.8 24.1 24.4 3.626  -40.0   23.3    2.2  28    4.0   7 0 0 1 1 1 0 19.9 31.2 19.8 31.6 80.0 100 100 20 408 0 143 0 401 401 400 0 0 0 60 50 AUTO 0 
b.1 2025-07-01 02:45:01.203 a 2025-07-01-02:44:57 270 148 323 0.1 1.3 3.0 17.3 34.7 730.3 0.00 0 0.0 17.7 24.1 24.4 3.626  -39.9   23.1    2.2  29    3.9   7 0 0 1 1 1 0 19.9 31.4 19.8 31.9 80.0 100 100 20 408 0 143 0 401 401 400 0 0 0 60 50 AUTO 0 
b.1 2025-07-01 02:46:00.976 a 2025-07-01-02:45:57 113 123 147 0.1 0.8 1.6 17.3 34.9 730.3 0.00 0 0.0 17.5 24.1 24.4 3.627  -39.6   23.0    2.2  29    3.9   7 0 0 1 1 1 0 19.8 31.6 19.7 32.1 80.0 100 100 20 408 0 143 0 401 401 400 0 0 0 60 50 AUTO 0 
b.1 2025-07-01 02:47:00.460 a 2025-07-01-02:46:56 139 170 231 0.0 0.2 0.8 17.2 34.9 730.3 0.00 0 0.0 17.4 24.1 24.4 3.626  -39.4   23.0    0.0  29    3.9   7 0 0 1 1 1 0 19.7 31.8 19.6 32.2 80.0 100 100 20 408 0 143 0 401 401 400 0 0 0 59 50 AUTO 0 
b.1 2025-07-01 02:48:01.601 a 2025-07-01-02:47:58 016 140 207 0.1 0.5 0.9 17.2 35.0 730.3 0.00 0 0.0 17.3 24.1 24.4 3.627  -39.1   22.9    0.0  29    3.8   7 0 0 1 1 1 0 19.7 31.9 19.6 32.4 80.0 100 100 20 408 0 143 0 401 401 400 0 0 0 60 50 AUTO 0 
b.1 2025-07-01 02:49:01.200 a 2025-07-01-02:48:57 265 144 302 0.0 0.6 1.4 17.2 35.2 730.3 0.00 0 0.0 17.2 24.1 24.5 3.627  -39.6   22.8    2.2  29    3.8   5 0 0 1 1 1 0 19.7 32.0 19.5 32.5 80.0 100 100 20 408 0 143 0 401 402 400 0 0 0 59 50 AUTO 0 
b.1 2025-07-01 02:50:00.180 a 2025-07-01-02:49:56 143 167 218 0.0 0.5 1.0 17.1 35.3 730.3 0.00 0 0.0 17.1 24.1 24.4 3.627  -39.3   22.8    2.1  29    3.8   5 0 0 1 1 1 0 19.7 32.1 19.5 32.6 80.0 100 100 20 408 0 143 0 401 401 400 0 0 0 59 50 AUTO 0 
b.1 2025-07-01 02:51:01.660 a 2025-07-01-02:50:58 270 212 300 0.0 0.3 1.0 17.1 35.4 730.3 0.00 0 0.0 17.0 24.1 24.4 3.628  -39.2   22.7    2.1  29    3.8   5 0 0 1 1 1 0 19.6 32.2 19.5 32.7 80.0 100 100 20 408 0 143 2 401 401 400 0 0 3 60 50 AUTO 0 
b.1 2025-07-01 02:52:00.480 a 2025-07-01-02:51:56 015 128 227 0.1 0.6 1.1 17.1 35.4 730.3 0.00 0 0.0 16.9 24.1 24.4 3.633  -39.2   22.6    0.0  29    3.8   5 0 0 1 1 1 0 19.6 32.2 19.4 32.8 80.0 100 100 20 408 0 143 0 401 402 400 0 0 0 60 50 AUTO 0 
b.1 2025-07-01 02:53:01.160 a 2025-07-01-02:52:57 156 101 317 0.1 0.9 1.6 17.0 35.7 730.3 0.00 0 0.0 16.8 24.1 24.4 3.626  -39.5   22.5    2.2  29    3.7   7 0 0 1 1 1 0 19.5 32.4 19.4 32.9 80.0 100 100 20 408 0 143 0 401 401 400 0 0 0 59 50 AUTO 0 
b.1 2025-07-01 02:54:01.698 a 2025-07-01-02:53:58 205 132 350 0.0 0.9 1.7 17.0 36.1 730.3 0.00 0 0.0 16.8 24.1 24.4 3.626  -39.1   22.5    0.0  29    3.6   7 0 0 1 1 1 0 19.4 32.7 19.3 33.1 80.0 100 100 20 408 0 143 0 401 402 400 0 0 0 60 50 AUTO 0 
b.1 2025-07-01 02:55:02.164 a 2025-07-01-02:54:58 186 109 329 0.2 0.9 2.0 16.9 36.2 730.3 0.00 0 0.0 16.6 24.1 24.4 3.634  -39.6   22.4    2.2  29    3.6   7 0 0 1 1 1 0 19.3 32.9 19.3 33.2 80.0 100 100 20 408 0 143 0 401 402 400 0 0 0 60 50 AUTO 0 
b.1 2025-07-01 02:56:00.657 a 2025-07-01-02:55:57 103 150 224 0.3 1.2 1.9 16.9 36.3 730.3 0.00 0 0.0 16.6 24.1 24.5 3.627  -39.4   22.4    2.2  29    3.6   7 0 0 1 1 1 0 19.3 32.9 19.2 33.3 80.0 100 100 20 408 0 143 0 401 401 400 0 0 0 59 50 AUTO 0 
b.1 2025-07-01 02:57:01.203 a 2025-07-01-02:56:57 090 149 235 0.0 1.5 2.6 16.8 37.0 730.3 0.00 0 0.0 16.4 24.1 24.4 3.627  -43.4   22.3    2.2  30    3.7   7 0 0 1 1 1 0 19.3 33.0 19.2 33.5 80.0 100 100 20 408 0 143 0 401 402 400 0 0 0 60 50 AUTO 0 
b.1 2025-07-01 02:58:01.782 a 2025-07-01-02:57:58 107 172 274 0.2 1.0 2.3 16.7 37.2 730.3 0.00 0 0.0 16.4 24.1 24.4 3.628  -40.0   22.2    0.0  30    3.7   7 0 0 1 1 1 0 19.2 33.3 19.2 33.8 80.0 100 100 20 408 0 143 0 401 401 400 0 0 0 59 50 AUTO 0 
b.1 2025-07-01 02:59:01.763 a 2025-07-01-02:58:58 020 166 260 0.1 1.0 3.1 16.7 37.4 730.3 0.00 0 0.0 16.3 24.1 24.5 3.627  -39.8   22.1    0.0  30    3.8   7 0 0 1 1 1 0 19.2 33.5 19.1 33.9 80.0 100 100 20 408 0 143 0 402 401 400 0 0 0 59 50 AUTO 0 
b.1 2025-07-01 03:00:02.305 a 2025-07-01-02:59:58 090 173 294 0.0 0.8 1.8 16.6 37.5 730.3 0.00 0 0.0 16.2 24.1 24.4 3.627  -38.7   22.0    0.0  30    3.7   7 0 0 1 1 1 0 19.1 33.7 19.1 34.0 80.0 100 100 20 408 0 143 0 402 401 400 0 0 0 59 50 AUTO 0 
b.1 2025-07-01 03:01:01.262 a 2025-07-01-03:00:57 035 162 223 0.1 0.7 2.0 16.6 37.5 730.3 0.00 0 0.0 16.1 24.1 24.5 3.626  -38.6   21.9    0.0  30    3.7   7 0 0 1 1 1 0 19.1 33.9 19.1 34.1 80.0 100 100 20 408 0 143 0 401 401 400 0 0 0 59 50 AUTO 0 
b.1 2025-07-01 03:02:00.740 a 2025-07-01-03:01:57 068 165 299 0.0 0.8 2.0 16.6 37.6 730.3 0.00 0 0.0 16.0 24.1 24.5 3.627  -38.6   21.7    2.2  30    3.6   7 0 0 1 1 1 0 19.1 34.0 19.1 34.2 80.0 100 100 20 408 0 143 5 401 401 400 0 0 0 60 50 AUTO 0 
b.1 2025-07-01 03:03:00.121 a 2025-07-01-03:02:56 127 153 216 0.6 1.9 2.7 16.6 37.7 730.3 0.00 0 0.0 15.9 24.1 24.5 3.627  -38.1   21.6    2.3  31    3.6   7 0 0 1 1 1 0 19.1 34.0 19.0 34.4 80.0 100 100 20 408 0 143 0 401 402 400 0 0 0 59 50 AUTO 0 
b.1 2025-07-01 03:04:00.823 a 2025-07-01-03:03:57 135 159 202 0.5 1.3 2.5 16.5 38.2 730.3 0.00 0 0.0 15.9 24.1 24.4 3.634  -38.7   21.5    2.2  31    3.6   7 0 0 1 1 1 0 19.0 34.1 19.0 34.7 80.0 100 100 20 408 0 143 0 401 401 400 0 0 0 59 50 AUTO 0 
b.1 2025-07-01 03:05:01.082 a 2025-07-01-03:04:57 090 105 278 0.1 0.9 1.9 16.5 38.3 730.3 0.00 0 0.0 15.9 24.1 24.4 3.628  -38.7   21.4    0.0  31    3.6   7 0 0 1 1 1 0 19.0 34.3 18.9 34.8 80.0 100 100 20 408 0 143 0 401 401 400 0 0 0 60 50 AUTO 0 
b.1 2025-07-01 03:06:01.947 a 2025-07-01-03:05:58 076 163 270 0.1 0.8 1.9 16.4 38.3 730.2 0.00 0 0.0 15.8 24.1 24.4 3.627  -38.9   21.3    0.0  31    3.6   7 0 0 1 1 1 0 19.0 34.4 18.9 34.9 80.0 100 100 20 408 0 143 0 401 402 400 0 0 0 60 50 AUTO 0 
b.1 2025-07-01 03:07:00.486 a 2025-07-01-03:06:57 057 174 221 0.0 0.5 1.3 16.4 38.5 730.3 0.00 0 0.0 15.7 24.1 24.5 3.632  -37.5   21.2    0.0  31    3.5   7 0 0 1 1 1 0 19.0 34.5 18.8 35.0 80.0 100 100 20 408 0 143 0 401 401 399 0 0 0 60 50 AUTO 0 
b.1 2025-07-01 03:08:01.707 a 2025-07-01-03:07:58 230 158 327 0.1 0.5 1.3 16.4 38.5 730.3 0.00 0 0.0 15.6 24.1 24.4 3.627  -37.6   21.1    0.0  31    3.5   5 0 0 1 1 1 0 18.9 34.6 18.8 35.1 80.0 100 100 20 408 0 143 0 402 401 400 0 0 0 60 50 AUTO 0 
b.1 2025-07-01 03:09:02.003 a 2025-07-01-03:08:58 077 184 302 0.1 0.6 1.5 16.4 38.6 730.3 0.00 0 0.0 15.6 24.1 24.5 3.628  -37.6   21.0    0.0  31    3.5   5 0 0 1 1 1 0 18.9 34.6 18.8 35.1 80.0 100 100 20 408 0 143 0 401 402 399 0 0 0 60 50 AUTO 0 
b.1 2025-07-01 03:10:01.667 a 2025-07-01-03:09:58 097 201 282 0.1 0.8 1.6 16.3 38.8 730.2 0.00 0 0.0 15.5 24.1 24.4 3.629  -38.7   21.0    0.0  31    3.4   5 0 0 1 1 1 0 18.9 34.7 18.8 35.1 80.0 100 100 20 408 0 143 0 401 402 400 0 0 0 60 50 AUTO 0 
b.1 2025-07-01 03:10:59.467 a 2025-07-01-03:10:55 052 170 282 0.1 0.7 1.6 16.3 38.9 730.2 0.00 0 0.0 15.5 24.1 24.5 3.628  -37.6   20.9    0.0  32    3.5   6 0 0 1 1 1 0 18.9 34.8 18.8 35.3 80.0 100 100 20 408 0 143 0 401 402 400 0 0 0 60 50 AUTO 0 
b.1 2025-07-01 03:12:00.849 a 2025-07-01-03:11:57 079 154 224 0.2 0.9 1.6 16.2 38.9 730.2 0.00 0 0.0 15.5 24.1 24.4 3.627  -38.0   20.9    0.0  32    3.5   6 0 0 1 1 1 0 18.8 34.9 18.7 35.5 80.0 100 100 20 408 0 143 0 402 401 400 0 0 0 60 50 AUTO 0 
b.1 2025-07-01 03:13:00.924 a 2025-07-01-03:12:57 062 173 291 0.1 0.7 1.8 16.2 39.0 730.3 0.00 0 0.0 15.4 24.1 24.4 3.628  -38.4   20.8    0.0  32    3.5   6 0 0 1 1 1 0 18.8 35.1 18.6 35.6 80.0 100 100 20 408 0 143 0 401 402 399 0 0 0 60 50 AUTO 0 
b.1 2025-07-01 03:14:00.625 a 2025-07-01-03:13:57 237 164 302 0.1 0.6 1.5 16.1 39.1 730.3 0.00 0 0.0 15.3 24.1 24.4 3.628  -37.8   20.7    0.0  32    3.5   6 0 0 1 1 1 0 18.7 35.3 18.6 35.7 80.0 100 100 20 408 0 143 0 401 402 400 0 0 0 60 50 AUTO 0 
b.1 2025-07-01 03:15:02.884 a 2025-07-01-03:14:59 082 136 289 0.2 1.0 2.0 16.1 38.9 730.3 0.00 0 0.0 15.3 24.1 24.5 3.627  -37.9   20.7    0.0  32    3.5   6 0 0 1 1 1 0 18.6 35.3 18.6 35.8 80.0 100 100 20 408 0 143 0 402 401 400 0 0 0 59 50 AUTO 0 
b.1 2025-07-01 03:16:01.427 a 2025-07-01-03:15:57 270 144 329 0.1 0.5 1.2 16.1 39.2 730.3 0.00 0 0.0 15.2 24.1 24.5 3.627  -36.8   20.6    0.0  32    3.5   6 0 0 1 1 1 0 18.6 35.3 18.6 35.7 80.0 100 100 20 408 0 143 0 401 401 400 0 0 0 59 50 AUTO 0 
b.1 2025-07-01 03:17:00.857 a 2025-07-01-03:16:57 002 150 231 0.2 0.8 2.0 16.0 39.4 730.3 0.00 0 0.0 15.2 24.1 24.5 3.628  -37.4   20.5    0.0  32    3.4   6 0 0 1 1 1 0 18.6 35.3 18.5 35.8 80.0 100 100 20 408 0 143 0 402 401 400 0 0 0 60 50 AUTO 0 
b.1 2025-07-01 03:18:01.529 a 2025-07-01-03:17:57 084 139 235 0.3 1.1 2.1 16.0 39.6 730.3 0.00 0 0.0 15.2 24.1 24.4 3.627  -38.4   20.5    0.0  32    3.4   6 0 0 1 1 1 0 18.6 35.4 18.5 35.9 80.0 100 100 20 408 0 143 0 402 401 400 0 0 0 60 50 AUTO 0 
b.1 2025-07-01 03:19:01.507 a 2025-07-01-03:18:57 022 148 302 0.0 0.6 2.0 16.0 39.7 730.3 0.00 0 0.0 15.1 24.1 24.5 3.627  -36.8   20.4    2.1  33    3.5   6 0 0 1 1 1 0 18.6 35.4 18.4 36.0 80.0 100 100 20 408 0 143 0 401 401 400 0 0 0 60 50 AUTO 0 
b.1 2025-07-01 03:20:00.605 a 2025-07-01-03:19:57 026 158 196 0.0 0.4 1.4 16.0 39.8 730.3 0.00 0 0.0 15.1 24.1 24.4 3.628  -37.9   20.3    0.0  33    3.5   6 0 0 1 1 1 0 18.6 35.4 18.4 36.0 80.0 100 100 20 408 0 143 0 402 401 400 0 0 0 59 50 AUTO 0 
b.1 2025-07-01 03:21:02.348 a 2025-07-01-03:20:58 230 168 333 0.0 0.3 0.8 15.9 39.9 730.3 0.00 0 0.0 15.0 24.1 24.5 3.628  -37.3   20.3    0.0  33    3.4   6 0 0 1 1 1 0 18.6 35.5 18.5 36.1 80.0 100 100 20 408 0 143 0 401 401 399 0 0 0 60 50 AUTO 0 
b.1 2025-07-01 03:22:00.664 a 2025-07-01-03:21:57 045 164 280 0.0 0.5 1.4 15.9 39.9 730.3 0.00 0 0.0 15.0 24.0 23.4 3.633  -37.3   20.3    0.0  33    3.4   6 0 0 1 1 1 0 18.6 35.6 18.4 36.1 80.0 100 100 20 408 0 143 0 401 401 400 0 0 0 59 50 AUTO 0 
b.1 2025-07-01 03:23:01.627 a 2025-07-01-03:22:58 227 149 353 0.0 0.6 1.6 15.8 40.2 730.3 0.00 0 0.0 15.0 24.1 24.5 3.633  -37.3   20.2    2.2  33    3.4   6 0 0 1 1 1 0 18.5 35.7 18.4 36.2 80.0 100 100 20 408 0 143 0 401 402 400 0 0 0 59 50 AUTO 0 
b.1 2025-07-01 03:24:01.388 a 2025-07-01-03:23:57 109 158 357 0.0 0.4 0.9 15.8 40.3 730.3 0.00 0 0.0 14.9 24.1 24.5 3.627  -37.6   20.1    2.1  33    3.4   6 0 0 1 1 1 0 18.4 36.2 18.3 36.6 80.0 100 100 20 408 0 143 0 401 401 399 0 0 0 60 50 AUTO 0 
b.1 2025-07-01 03:25:02.457 a 2025-07-01-03:24:58 071 174 237 0.0 0.6 1.6 15.8 40.4 730.3 0.00 0 0.0 15.0 24.1 24.4 3.627  -37.0   20.1    0.0  33    3.4   6 0 0 1 1 1 0 18.3 36.4 18.2 36.8 80.0 100 100 20 408 0 143 0 401 402 400 0 0 0 60 50 AUTO 0 
b.1 2025-07-01 03:26:02.009 a 2025-07-01-03:25:58 021 168 278 0.1 0.6 1.8 15.7 40.6 730.3 0.00 0 0.0 15.0 24.1 24.4 3.628  -37.2   20.0    0.0  33    3.4   6 0 0 1 1 1 0 18.2 36.5 18.1 37.1 80.0 100 100 20 408 0 143 0 401 402 400 0 0 0 60 50 AUTO 0 
b.1 2025-07-01 03:27:01.430 a 2025-07-01-03:26:57 229 187 317 0.0 0.4 1.0 15.7 40.6 730.3 0.00 0 0.0 14.9 24.1 24.4 3.627  -36.9   19.9    0.0  34    3.4   6 0 0 1 1 1 0 18.2 36.6 18.1 37.3 80.0 100 100 20 408 0 143 0 401 401 400 0 0 0 60 50 AUTO 0 
b.1 2025-07-01 03:28:02.190 a 2025-07-01-03:27:58 041 165 204 0.1 0.4 1.0 15.7 40.7 730.3 0.00 0 0.0 14.9 24.0 23.4 3.633  -37.3   19.9    0.0  34    3.4   6 0 0 1 1 1 0 18.2 36.7 18.0 37.3 80.0 100 100 20 408 0 143 0 401 402 399 0 0 0 60 50 AUTO 0 
b.1 2025-07-01 03:29:00.766 a 2025-07-01-03:28:57 036 164 245 0.0 0.5 1.1 15.6 40.8 730.4 0.00 0 0.0 15.0 24.1 24.4 3.627  -36.8   19.8    0.0  34    3.4   6 0 0 1 1 1 0 18.1 36.8 18.0 37.4 80.0 100 100 20 408 0 143 0 401 401 400 0 0 0 60 50 AUTO 0 
b.1 2025-07-01 03:30:01.273 a 2025-07-01-03:29:57 078 165 238 0.1 0.5 1.4 15.6 40.9 730.4 0.00 0 0.0 15.0 24.1 24.5 3.627  -37.2   19.8    0.0  34    3.4   6 0 0 1 1 1 0 18.1 37.1 17.9 37.7 80.0 100 100 20 408 0 143 0 402 401 400 0 0 0 60 50 AUTO 0 
b.1 2025-07-01 03:31:01.009 a 2025-07-01-03:30:57 015 180 276 0.1 0.6 1.9 15.6 41.0 730.4 0.00 0 0.0 15.0 24.1 24.4 3.634  -36.4   19.8    0.0  34    3.4   6 0 0 1 1 1 0 17.9 37.3 17.9 37.9 80.0 100 100 20 408 0 143 0 402 401 400 0 0 0 60 50 AUTO 0 
b.1 2025-07-01 03:32:01.187 a 2025-07-01-03:31:57 065 182 303 0.1 0.3 0.8 15.6 41.0 730.4 0.00 0 0.0 15.0 24.1 24.4 3.634  -36.5   19.7    0.0  34    3.4   6 0 0 1 1 1 0 17.9 37.5 17.8 38.0 80.0 100 100 20 408 0 143 0 401 402 399 0 0 0 60 50 AUTO 0 
b.1 2025-07-01 03:33:02.371 a 2025-07-01-03:32:58 290 174 000 0.1 0.6 1.6 15.6 41.1 730.4 0.00 0 0.0 15.0 24.1 24.4 3.634  -36.9   19.6    0.0  34    3.4   6 0 0 1 1 1 0 17.8 37.6 17.8 38.0 80.0 100 100 20 408 0 143 0 401 401 400 0 0 0 60 50 AUTO 0 
b.1 2025-07-01 03:34:01.290 a 2025-07-01-03:33:57 088 188 243 0.1 0.7 2.1 15.5 41.1 730.4 0.00 0 0.0 15.0 24.0 24.5 3.627  -36.6   19.6    0.0  34    3.4   6 0 0 1 1 1 0 17.8 37.7 17.7 38.2 80.0 100 100 20 408 0 143 0 401 401 400 0 0 0 60 50 AUTO 0 
b.1 2025-07-01 03:35:01.792 a 2025-07-01-03:34:58 124 187 221 0.3 1.1 2.1 15.5 41.2 730.4 0.00 0 0.0 15.0 24.1 24.5 3.627  -37.7   19.6    0.0  34    3.4   6 0 0 1 1 1 0 17.7 37.9 17.6 38.4 80.0 100 100 20 408 0 143 0 401 401 400 0 0 0 60 50 AUTO 0 
b.1 2025-07-01 03:36:01.628 a 2025-07-01-03:35:58 123 192 242 0.3 1.1 2.7 15.5 41.3 730.4 0.00 0 0.0 15.0 24.1 24.5 3.633  -36.6   19.6    2.2  34    3.4   6 0 0 1 1 1 0 17.7 37.9 17.6 38.5 80.0 100 100 20 408 0 143 0 401 401 400 0 0 0 60 50 AUTO 0 
b.1 2025-07-01 03:37:01.753 a 2025-07-01-03:36:58 121 193 239 0.2 0.9 1.8 15.5 41.3 730.3 0.00 0 0.0 15.0 24.1 24.4 3.627  -36.9   19.5    0.0  34    3.4   6 0 0 1 1 1 0 17.8 37.7 17.6 38.4 80.0 100 100 20 408 0 143 0 401 401 400 0 0 0 60 50 AUTO 0 
b.1 2025-07-01 03:38:00.849 a 2025-07-01-03:37:57 108 194 285 0.2 1.2 2.7 15.5 41.3 730.4 0.00 0 0.0 15.1 24.1 24.4 3.627  -36.9   19.5    2.2  34    3.4   7 0 0 1 1 1 0 17.8 37.6 17.6 38.3 80.0 100 100 20 408 0 143 0 401 401 399 0 0 0 59 50 AUTO 0 
b.1 2025-07-01 03:39:00.592 a 2025-07-01-03:38:57 151 196 278 0.4 1.1 2.9 15.5 41.3 730.4 0.00 0 0.0 15.0 24.1 24.4 3.629  -37.9   19.5    0.0  35    3.5   7 0 0 1 1 1 0 17.8 37.4 17.6 38.3 80.0 100 100 20 408 0 143 0 401 401 400 0 0 0 60 50 AUTO 0 
b.1 2025-07-01 03:40:00.851 a 2025-07-01-03:39:57 134 195 225 0.4 1.3 2.4 15.5 41.3 730.4 0.00 0 0.0 15.0 24.1 24.5 3.627  -37.8   19.5    0.0  35    3.6   7 0 0 1 1 1 0 17.9 37.5 17.6 38.3 80.0 100 100 20 408 0 143 0 401 401 400 0 0 0 59 50 AUTO 0 
b.1 2025-07-01 03:41:01.250 a 2025-07-01-03:40:57 154 199 223 0.6 1.4 2.7 15.5 41.4 730.4 0.00 0 0.0 15.0 24.1 24.5 3.626  -37.1   19.5    0.0  35    3.6   7 0 0 1 1 1 0 17.9 37.5 17.6 38.4 80.0 100 100 20 408 0 143 0 401 402 399 0 0 0 60 50 AUTO 0 
b.1 2025-07-01 03:42:00.250 a 2025-07-01-03:41:56 166 202 227 0.9 1.9 3.0 15.5 41.3 730.4 0.00 0 0.0 15.1 24.1 24.4 3.628  -38.7   19.5    2.2  35    3.6   8 0 0 1 1 1 0 17.8 37.6 17.6 38.5 80.0 100 100 20 408 0 143 0 401 402 400 0 0 0 60 50 AUTO 0 
b.1 2025-07-01 03:43:00.832 a 2025-07-01-03:42:57 140 199 240 0.4 1.6 2.8 15.5 41.3 730.4 0.00 0 0.0 15.1 24.1 24.5 3.627  -38.9   19.5    2.2  35    3.6   8 0 0 1 1 1 0 17.8 37.6 17.5 38.6 80.0 100 100 20 408 0 143 0 401 401 400 0 0 0 59 50 AUTO 0 
b.1 2025-07-01 03:44:00.453 a 2025-07-01-03:43:56 152 197 235 0.3 1.5 3.4 15.5 41.3 730.4 0.00 0 0.0 15.1 24.1 24.5 3.627  -37.9   19.5    2.2  35    3.7   8 0 0 1 1 1 0 17.8 37.6 17.5 38.6 80.0 100 100 20 408 0 143 0 401 401 400 0 0 0 59 50 AUTO 0 
b.1 2025-07-01 03:45:01.634 a 2025-07-01-03:44:58 103 187 251 0.2 1.0 3.1 15.5 41.3 730.4 0.00 0 0.0 15.1 24.1 24.5 3.628  -37.6   19.5    0.0  35    3.8   8 0 0 1 1 1 0 17.8 37.5 17.5 38.5 80.0 100 100 20 408 0 143 0 401 401 400 0 0 0 60 50 AUTO 0 
b.1 2025-07-01 03:46:01.438 a 2025-07-01-03:45:57 103 192 275 0.2 1.1 2.9 15.5 41.4 730.4 0.00 0 0.0 15.0 24.1 24.5 3.626  -36.9   19.5    0.0  35    3.8   5 0 0 1 1 1 0 17.8 37.5 17.5 38.5 80.0 100 100 20 408 0 143 0 401 401 399 0 0 0 60 50 AUTO 0 
b.1 2025-07-01 03:47:02.634 a 2025-07-01-03:46:59 070 195 285 0.3 1.2 2.8 15.5 41.4 730.4 0.00 0 0.0 15.0 24.1 24.5 3.628  -36.7   19.4    0.0  36    3.8   5 0 0 1 1 1 0 17.8 37.5 17.5 38.5 80.0 100 100 20 408 0 143 0 401 401 400 0 0 0 60 50 AUTO 0 
b.1 2025-07-01 03:48:01.555 a 2025-07-01-03:47:57 071 191 295 0.3 1.4 3.1 15.5 41.4 730.4 0.00 0 0.0 15.1 24.1 24.5 3.633  -37.2   19.4    0.0  36    3.8   7 0 0 1 1 1 0 17.8 37.5 17.5 38.6 80.0 100 100 20 408 0 143 0 401 401 400 0 0 0 60 50 AUTO 0 
b.1 2025-07-01 03:49:01.532 a 2025-07-01-03:48:57 063 193 240 0.3 1.2 3.4 15.4 41.5 730.4 0.00 0 0.0 15.0 24.1 24.4 3.627  -37.2   19.4    0.0  36    3.8   7 0 0 1 1 1 0 17.8 37.5 17.5 38.5 80.0 100 100 20 408 0 143 0 402 401 400 0 0 0 60 50 AUTO 0 
b.1 2025-07-01 03:50:01.980 a 2025-07-01-03:49:58 068 193 291 0.2 1.1 2.7 15.4 41.5 730.4 0.00 0 0.0 15.0 24.1 24.5 3.627  -37.0   19.4    0.0  36    3.9   7 0 0 1 1 1 0 17.8 37.5 17.5 38.6 80.0 100 100 20 408 0 143 0 401 401 400 0 0 0 60 50 AUTO 0 
b.1 2025-07-01 03:51:01.757 a 2025-07-01-03:50:58 083 197 240 0.1 1.2 2.9 15.4 41.5 730.4 0.00 0 0.0 15.0 24.1 24.4 3.635  -36.8   19.4    0.0  36    3.9   7 0 0 1 1 1 0 17.8 37.6 17.5 38.6 80.0 100 100 20 408 0 143 0 401 401 400 0 0 0 59 50 AUTO 0 
b.1 2025-07-01 03:52:01.494 a 2025-07-01-03:51:57 131 196 312 0.2 1.2 3.0 15.4 41.5 730.4 0.00 0 0.0 15.0 24.1 24.5 3.627  -37.0   19.3    0.0  36    3.9   7 0 0 1 1 1 0 17.8 37.5 17.5 38.6 80.0 100 100 20 408 0 143 0 401 402 400 0 0 0 60 50 AUTO 0 
b.1 2025-07-01 03:52:59.994 a 2025-07-01-03:52:56 098 193 292 0.3 1.1 3.3 15.4 41.6 730.4 0.00 0 0.0 15.0 24.1 24.5 3.627  -36.7   19.3    0.0  36    3.9   7 0 0 1 1 1 0 17.8 37.5 17.5 38.6 80.0 100 100 20 408 0 143 0 401 401 400 0 0 0 60 50 AUTO 0 
b.1 2025-07-01 03:54:01.892 a 2025-07-01-03:53:58 113 191 270 0.2 1.2 3.4 15.4 41.6 730.4 0.00 0 0.0 14.9 24.0 24.4 3.633  -38.2   19.3    0.0  36    3.9   7 0 0 1 1 1 0 17.8 37.6 17.5 38.5 80.0 100 100 20 408 0 143 0 401 401 400 0 0 0 59 50 AUTO 0 
b.1 2025-07-01 03:55:02.055 a 2025-07-01-03:54:58 294 193 355 0.1 0.9 3.0 15.3 41.9 730.5 0.00 0 0.0 15.0 24.1 24.4 3.627  -37.1   19.3    0.0  36    3.9   7 0 0 1 1 1 0 17.7 37.6 17.5 38.6 80.0 100 100 20 408 0 143 0 402 401 400 0 0 0 60 50 AUTO 0 
b.1 2025-07-01 03:56:00.979 a 2025-07-01-03:55:57 048 188 282 0.1 0.8 2.5 15.3 42.2 730.5 0.00 0 0.0 15.0 24.1 24.5 3.627  -37.8   19.2    0.0  36    3.9   7 0 0 1 1 1 0 17.7 37.6 17.6 38.4 80.0 100 100 20 408 0 144 0 401 401 400 0 0 0 60 50 AUTO 0 
b.1 2025-07-01 03:57:01.398 a 2025-07-01-03:56:57 089 189 242 0.1 1.1 3.1 15.3 42.0 730.5 0.00 0 0.0 15.0 24.1 24.5 3.627  -36.9   19.2    0.0  36    4.0   7 0 0 1 1 1 0 17.8 37.6 17.6 38.3 80.0 100 100 20 408 0 144 0 401 401 400 0 0 0 60 50 AUTO 0 
b.1 2025-07-01 03:58:01.558 a 2025-07-01-03:57:57 080 185 238 0.1 1.1 3.1 15.3 42.0 730.5 0.00 0 0.0 15.0 24.1 24.4 3.629  -36.7   19.2    0.0  37    4.0   7 0 0 1 1 1 0 17.8 37.6 17.7 38.2 80.0 100 100 20 408 0 144 0 400 401 400 0 0 0 60 50 AUTO 0 
b.1 2025-07-01 03:59:00.378 a 2025-07-01-03:58:56 120 194 310 0.2 1.1 2.6 15.3 42.3 730.5 0.00 0 0.0 15.0 24.1 24.5 3.627  -37.2   19.2    0.0  37    4.1   5 0 0 1 1 1 0 17.8 37.6 17.7 38.2 80.0 100 100 20 408 0 144 0 401 401 400 0 0 0 59 50 AUTO 0 
b.1 2025-07-01 04:00:02.045 a 2025-07-01-03:59:58 062 198 347 0.1 1.3 3.3 15.3 42.8 730.5 0.00 0 0.0 15.0 24.1 24.5 3.628  -36.7   19.2    0.0  37    4.1   5 0 0 1 1 1 0 17.8 37.6 17.8 38.1 80.0 100 100 20 408 0 144 0 400 401 399 0 0 0 59 50 AUTO 0 
b.1 2025-07-01 04:01:01.921 a 2025-07-01-04:00:58 105 193 315 0.1 1.3 3.8 15.3 42.9 730.5 0.00 0 0.0 15.1 24.1 24.4 3.627  -36.8   19.1    2.1  37    4.2   7 0 0 1 1 1 0 17.8 37.6 17.8 38.1 80.0 100 100 20 408 0 144 0 401 401 400 0 0 0 59 50 AUTO 0 
b.1 2025-07-01 04:02:01.519 a 2025-07-01-04:01:57 046 188 222 0.1 1.5 3.9 15.3 42.7 730.5 0.00 0 0.0 15.1 24.1 24.5 3.627  -37.9   19.1    0.0  37    4.2   8 0 0 1 1 1 0 17.8 37.7 17.8 38.1 80.0 100 100 20 408 0 143 0 400 401 399 0 0 0 60 50 AUTO 0 
b.1 2025-07-01 04:03:01.036 a 2025-07-01-04:02:57 096 194 287 0.4 1.6 3.3 15.3 42.3 730.5 0.00 0 0.0 15.0 24.1 24.4 3.633  -37.1   19.1    2.2  37    4.2   8 0 0 1 1 1 0 17.9 37.8 17.9 38.1 80.0 100 100 20 408 0 144 0 401 401 399 0 0 0 59 50 AUTO 0 
b.1 2025-07-01 04:04:00.696 a 2025-07-01-04:03:57 099 198 308 0.2 1.1 2.8 15.3 42.3 730.5 0.00 0 0.0 15.0 24.1 24.5 3.627  -38.1   19.1    0.0  37    4.2   8 0 0 1 1 1 0 17.9 37.7 17.9 38.0 80.0 100 100 20 408 0 143 0 401 401 400 0 0 0 60 50 AUTO 0 
b.1 2025-07-01 04:05:00.736 a 2025-07-01-04:04:57 081 192 285 0.2 1.2 3.4 15.3 42.5 730.5 0.00 0 0.0 15.0 24.1 24.4 3.627  -37.6   19.1    0.0  37    4.3   8 0 0 1 1 1 0 17.9 37.7 17.9 37.9 80.0 100 100 20 408 0 143 2 401 402 400 0 0 3 59 50 AUTO 0 
b.1 2025-07-01 04:06:01.634 a 2025-07-01-04:05:58 109 190 286 0.2 1.2 2.8 15.3 42.5 730.5 0.00 0 0.0 15.0 24.1 24.4 3.626  -36.5   19.1    0.0  37    4.3   8 0 0 1 1 1 0 17.9 37.6 17.9 38.0 80.0 100 100 20 408 0 143 0 401 401 400 0 0 0 60 50 AUTO 0 
b.1 2025-07-01 04:07:00.838 a 2025-07-01-04:06:57 110 193 274 0.2 1.4 3.7 15.3 42.4 730.5 0.00 0 0.0 15.0 24.1 24.4 3.627  -37.0   19.1    0.0  37    4.3   8 0 0 1 1 1 0 17.9 37.9 17.8 38.4 80.0 100 100 20 408 0 143 0 401 401 399 0 0 0 59 50 AUTO 0 
b.1 2025-07-01 04:08:02.082 a 2025-07-01-04:07:58 004 193 300 0.2 1.3 3.4 15.3 42.9 730.5 0.00 0 0.0 15.0 24.1 24.5 3.627  -36.8   19.1    0.0  37    4.2   8 0 0 1 1 1 0 17.8 38.0 17.7 38.9 80.0 100 100 20 408 0 143 0 401 401 400 0 0 0 59 50 AUTO 0 
b.1 2025-07-01 04:09:01.558 a 2025-07-01-04:08:58 062 185 244 0.2 1.1 2.6 15.3 43.0 730.5 0.00 0 0.0 15.0 24.1 24.5 3.627  -36.5   19.1    0.0  38    4.4   8 0 0 1 1 1 0 17.8 38.4 17.6 39.4 80.0 100 100 20 408 0 143 0 401 401 400 0 0 0 59 50 AUTO 0 
b.1 2025-07-01 04:10:00.941 a 2025-07-01-04:09:57 124 197 279 0.4 1.6 3.5 15.3 43.0 730.5 0.00 0 0.0 15.0 24.1 24.4 3.633  -36.7   19.1    0.0  38    4.3   8 0 0 1 1 1 0 17.7 38.6 17.4 39.6 80.0 100 100 20 408 0 143 0 401 401 400 0 0 0 60 50 AUTO 0 
b.1 2025-07-01 04:11:00.701 a 2025-07-01-04:10:57 122 192 244 0.2 1.4 3.0 15.3 42.8 730.5 0.00 0 0.0 15.0 24.1 24.5 3.627  -36.4   19.1    0.0  38    4.4   8 0 0 1 1 1 0 17.7 38.6 17.4 40.0 80.0 100 100 20 408 0 143 0 401 401 399 0 0 0 60 50 AUTO 0 
b.1 2025-07-01 04:12:01.559 a 2025-07-01-04:11:57 115 192 256 0.4 1.8 4.2 15.3 43.3 730.5 0.00 0 0.0 15.0 24.1 24.4 3.627  -37.2   19.1    2.2  38    4.4   8 0 0 1 1 1 0 17.6 39.1 17.3 40.3 80.0 100 100 20 408 0 143 0 401 402 399 0 0 0 59 50 AUTO 0 
b.1 2025-07-01 04:13:00.802 a 2025-07-01-04:12:57 056 193 312 0.1 1.5 3.6 15.3 43.3 730.5 0.00 0 0.0 15.0 24.1 24.5 3.627  -37.1   19.1    2.2  38    4.5   8 0 0 1 1 1 0 17.6 39.1 17.3 40.5 80.0 100 100 20 408 0 143 0 401 401 400 0 0 0 59 50 AUTO 0 
b.1 2025-07-01 04:14:00.500 a 2025-07-01-04:13:56 059 195 239 0.5 1.8 3.8 15.3 43.3 730.5 0.00 0 0.0 15.0 24.1 24.5 3.628  -37.2   19.0    2.2  38    4.5   8 0 0 1 1 1 0 17.6 39.3 17.2 40.7 80.0 100 100 20 408 0 143 0 401 401 400 0 0 0 59 50 AUTO 0 
b.1 2025-07-01 04:15:01.644 a 2025-07-01-04:14:58 118 193 240 0.3 1.5 4.1 15.3 43.5 730.5 0.00 0 0.0 15.1 24.1 24.5 3.627  -37.0   19.0    2.2  38    4.6   8 0 0 1 1 1 0 17.5 39.4 17.1 40.9 80.0 100 100 20 408 0 143 0 401 401 400 0 0 0 60 50 AUTO 0 
b.1 2025-07-01 04:16:01.160 a 2025-07-01-04:15:57 110 193 255 0.2 1.6 4.0 15.3 43.2 730.5 0.00 0 0.0 15.0 24.1 24.4 3.628  -37.5   19.0    2.2  38    4.5   8 0 0 1 1 1 0 17.5 39.4 17.1 41.0 80.0 100 100 20 408 0 143 0 401 401 400 0 0 0 60 50 AUTO 0 
b.1 2025-07-01 04:17:01.841 a 2025-07-01-04:16:58 122 200 327 0.2 1.9 4.4 15.3 43.3 730.5 0.00 0 0.0 15.1 24.1 24.5 3.628  -37.8   19.0    2.2  38    4.5   8 0 0 1 1 1 0 17.4 39.7 17.1 41.2 80.0 100 100 20 408 0 143 0 401 401 400 0 0 0 60 50 AUTO 0 
b.1 2025-07-01 04:18:01.822 a 2025-07-01-04:17:58 073 194 233 0.5 1.8 4.3 15.3 43.4 730.5 0.00 0 0.0 15.1 24.1 24.5 3.628  -36.8   19.0    2.2  38    4.6   8 0 0 1 1 1 0 17.4 39.8 17.0 41.3 80.0 100 100 20 408 0 143 0 401 401 400 0 0 0 59 50 AUTO 0 
b.1 2025-07-01 04:19:00.542 a 2025-07-01-04:18:56 143 199 226 0.2 1.9 3.7 15.3 43.4 730.5 0.00 0 0.0 15.1 24.1 24.5 3.628  -37.0   19.0    2.2  38    4.6   8 0 0 1 1 1 0 17.4 40.0 17.0 41.4 80.0 100 100 20 408 0 143 0 402 401 400 0 0 0 60 50 AUTO 0 
b.1 2025-07-01 04:20:01.125 a 2025-07-01-04:19:57 140 197 273 0.2 1.7 3.7 15.3 43.3 730.5 0.00 0 0.0 15.1 24.1 24.5 3.627  -37.1   19.0    2.2  38    4.5   8 0 0 1 1 1 0 17.3 40.0 17.0 41.3 80.0 100 100 20 408 0 143 0 402 401 400 0 0 0 59 50 AUTO 0 
b.1 2025-07-01 04:21:01.382 a 2025-07-01-04:20:57 107 197 224 0.5 1.9 3.7 15.3 43.3 730.5 0.00 0 0.0 15.0 24.1 24.5 3.628  -37.5   19.0    2.2  38    4.5   8 0 0 1 1 1 0 17.3 39.9 17.0 41.2 80.0 100 100 20 408 0 143 0 401 402 400 0 0 0 60 50 AUTO 0 
b.1 2025-07-01 04:22:02.243 a 2025-07-01-04:21:58 151 199 277 0.4 1.9 4.3 15.2 43.6 730.5 0.00 0 0.0 15.0 24.1 24.5 3.628  -37.9   19.0    2.3  39    4.6   8 0 0 1 1 1 0 17.3 39.9 17.1 41.0 80.0 100 100 20 408 0 143 0 401 401 400 0 0 0 59 50 AUTO 0 
b.1 2025-07-01 04:23:01.063 a 2025-07-01-04:22:57 133 201 280 0.7 2.4 5.8 15.2 43.7 730.5 0.00 0 0.0 15.1 24.1 24.5 3.627  -38.1   19.0    2.4  39    4.6   9 0 0 1 1 1 0 17.3 39.9 17.1 41.0 80.0 100 100 20 408 0 143 0 401 401 399 0 0 0 59 50 AUTO 0 
b.1 2025-07-01 04:24:00.723 a 2025-07-01-04:23:57 159 203 242 0.8 2.5 5.8 15.2 43.6 730.5 0.00 0 0.0 15.2 24.1 24.5 3.628  -36.6   19.0    2.5  39    4.6   9 0 0 1 1 1 0 17.3 40.0 17.1 41.1 80.0 100 100 20 408 0 143 0 401 401 400 0 0 0 59 50 AUTO 0 
b.1 2025-07-01 04:25:01.730 a 2025-07-01-04:24:58 125 201 228 0.6 2.8 5.5 15.2 43.7 730.5 0.00 0 0.0 15.1 24.1 24.5 3.627  -38.8   19.0    2.7  39    4.6   9 0 0 1 1 1 0 17.3 40.0 17.1 41.1 80.0 100 100 20 408 0 143 0 401 401 400 0 0 0 59 50 AUTO 0 
b.1 2025-07-01 04:26:00.822 a 2025-07-01-04:25:57 158 200 232 0.8 2.6 5.0 15.2 43.6 730.5 0.00 0 0.0 15.2 24.1 24.4 3.634  -37.6   19.0    2.8  39    4.6   9 0 0 1 1 1 0 17.3 40.0 17.1 41.1 80.0 100 100 20 408 0 143 0 401 401 400 0 0 0 59 50 AUTO 0 
b.1 2025-07-01 04:27:01.282 a 2025-07-01-04:26:57 127 201 249 0.5 2.7 6.2 15.2 43.7 730.5 0.00 0 0.0 15.2 24.1 24.5 3.627  -37.5   19.0    2.8  39    4.5   9 0 0 1 1 1 0 17.3 40.2 17.1 41.2 80.0 100 100 20 408 0 143 0 401 401 400 0 0 0 59 50 AUTO 0 
b.1 2025-07-01 04:28:01.507 a 2025-07-01-04:27:57 150 202 229 1.1 3.4 6.5 15.2 43.7 730.5 0.00 0 0.0 15.3 24.1 24.4 3.627  -37.0   19.0    3.2  39    4.6   9 0 0 1 1 1 0 17.3 40.2 17.1 41.3 80.0 100 100 20 408 0 143 0 401 401 400 0 0 0 60 50 AUTO 0 
b.1 2025-07-01 04:29:01.404 a 2025-07-01-04:28:57 110 201 240 0.7 3.0 5.7 15.2 43.8 730.5 0.00 0 0.0 15.3 24.1 24.5 3.631  -38.6   19.0    3.2  39    4.6   9 0 0 1 1 1 0 17.2 40.3 17.0 41.4 80.0 100 100 20 408 0 143 0 401 401 399 0 0 0 59 50 AUTO 0 
b.1 2025-07-01 04:29:59.943 a 2025-07-01-04:29:56 090 197 284 0.2 2.5 5.6 15.2 43.9 730.5 0.00 0 0.0 15.3 24.1 24.4 3.627  -37.0   19.0    3.0  39    4.7   9 0 0 1 1 1 0 17.2 40.3 17.0 41.5 80.0 100 100 20 408 0 143 0 401 401 400 0 0 0 59 50 AUTO 0 
b.1 2025-07-01 04:31:01.665 a 2025-07-01-04:30:58 133 196 231 0.6 2.6 5.8 15.2 43.9 730.5 0.00 0 0.0 15.3 24.1 24.5 3.627  -37.7   19.0    2.9  39    4.7   9 0 0 1 1 1 0 17.2 40.6 17.0 41.7 80.0 100 100 20 408 0 143 0 402 401 400 0 0 0 60 50 AUTO 0 
b.1 2025-07-01 04:32:00.545 a 2025-07-01-04:31:56 159 201 222 0.8 2.9 5.2 15.3 43.9 730.5 0.00 0 0.0 15.2 24.1 24.5 3.627  -37.5   19.0    3.0  39    4.7   9 0 0 1 1 1 0 17.2 40.6 17.0 41.7 80.0 100 100 20 408 0 143 0 401 401 400 0 0 0 60 50 AUTO 0 
b.1 2025-07-01 04:33:02.165 a 2025-07-01-04:32:58 107 201 229 0.5 3.2 5.6 15.2 43.7 730.5 0.00 0 0.0 15.2 24.1 24.4 3.627  -38.7   19.0    3.3  39    4.7   9 0 0 1 1 1 0 17.2 40.6 16.9 41.8 80.0 100 100 20 408 0 143 0 401 401 400 0 0 0 60 50 AUTO 0 
b.1 2025-07-01 04:34:00.388 a 2025-07-01-04:33:56 137 205 233 0.6 3.6 6.0 15.2 43.7 730.5 0.00 0 0.0 15.3 24.1 24.4 3.627  -39.0   19.0    3.8  39    4.7   9 0 0 1 1 1 0 17.2 40.6 16.9 41.8 80.0 100 100 20 408 0 143 0 400 401 400 0 0 0 60 50 AUTO 0 
b.1 2025-07-01 04:35:00.365 a 2025-07-01-04:34:56 080 197 286 0.4 2.8 6.4 15.2 43.7 730.5 0.00 0 0.0 15.3 24.1 24.4 3.633  -38.7   18.9    3.6  39    4.7   9 0 0 1 1 1 0 17.2 40.7 16.9 41.9 80.0 100 100 20 408 0 143 0 401 402 400 0 0 0 60 50 AUTO 0 
b.1 2025-07-01 04:36:01.267 a 2025-07-01-04:35:57 161 203 294 0.4 2.8 5.2 15.2 44.0 730.5 0.00 0 0.0 15.3 24.1 24.4 3.626  -38.6   18.9    3.3  39    4.8   9 0 0 1 1 1 0 17.2 40.7 16.9 42.0 80.0 100 100 20 408 0 143 0 401 401 399 0 0 0 60 50 AUTO 0 
b.1 2025-07-01 04:37:00.747 a 2025-07-01-04:36:57 132 200 239 0.9 3.2 6.9 15.2 43.9 730.5 0.00 0 0.0 15.3 24.1 24.5 3.627  -37.5   18.9    3.4  39    4.8   9 0 0 1 1 1 0 17.2 40.9 16.9 42.0 80.0 100 100 20 408 0 143 0 401 401 400 0 0 0 60 50 AUTO 0 
b.1 2025-07-01 04:38:00.788 a 2025-07-01-04:37:57 146 202 228 1.3 3.5 6.9 15.2 44.2 730.5 0.00 0 0.0 15.3 24.1 24.5 3.629  -37.7   18.9    3.5  39    4.8   9 0 0 1 1 1 0 17.1 40.9 16.9 42.1 80.0 100 100 20 408 0 143 0 401 401 400 0 0 0 60 50 AUTO 0 
b.1 2025-07-01 04:39:00.868 a 2025-07-01-04:38:57 073 204 325 0.3 3.4 6.6 15.2 43.8 730.5 0.00 0 0.0 15.3 24.1 24.5 3.633  -38.2   18.9    3.6  39    4.8   9 0 0 1 1 1 0 17.1 40.9 16.9 42.0 80.0 100 100 20 408 0 143 0 401 401 400 0 0 0 60 50 AUTO 0 
b.1 2025-07-01 04:40:02.499 a 2025-07-01-04:39:58 113 199 256 0.3 2.3 5.5 15.2 44.0 730.5 0.00 0 0.0 15.3 24.1 24.5 3.627  -37.1   18.9    3.2  40    4.9   9 0 0 1 1 1 0 17.1 40.9 16.9 42.0 80.0 100 100 20 408 0 143 0 401 402 400 0 0 0 60 50 AUTO 0 
b.1 2025-07-01 04:41:01.170 a 2025-07-01-04:40:57 136 198 229 0.5 2.3 6.8 15.2 43.9 730.5 0.00 0 0.0 15.2 24.1 24.4 3.624  -38.5   18.9    2.9  39    4.8   9 0 0 1 1 1 0 17.1 40.9 16.9 41.9 80.0 100 100 20 408 0 143 0 401 401 400 0 0 0 60 50 AUTO 0 
b.1 2025-07-01 04:42:02.269 a 2025-07-01-04:41:58 158 201 230 1.0 3.1 5.3 15.2 44.0 730.5 0.00 0 0.0 15.3 24.1 24.4 3.633  -37.4   18.9    3.1  40    4.9   9 0 0 1 1 1 0 17.1 40.9 16.9 42.0 80.0 100 100 20 408 0 143 0 402 401 400 0 0 0 60 50 AUTO 0 
b.1 2025-07-01 04:43:01.226 a 2025-07-01-04:42:57 161 202 298 0.5 2.7 5.6 15.2 43.7 730.5 0.00 0 0.0 15.2 24.1 24.5 3.626  -37.5   18.9    3.0  39    4.8   9 0 0 1 1 1 0 17.1 40.9 16.9 41.8 80.0 100 100 20 408 0 143 0 401 401 400 0 0 0 59 50 AUTO 0 
b.1 2025-07-01 04:44:01.507 a 2025-07-01-04:43:57 151 204 268 0.7 3.2 8.0 15.2 43.8 730.5 0.00 0 0.0 15.2 24.1 24.4 3.627  -38.5   18.9    3.2  39    4.8   9 0 0 1 1 1 0 17.1 40.9 16.9 41.9 80.0 100 100 20 408 0 143 0 401 402 400 0 0 0 60 50 AUTO 0 
b.1 2025-07-01 04:44:59.927 a 2025-07-01-04:44:56 060 198 296 0.5 2.8 5.5 15.1 44.0 730.5 0.00 0 0.0 15.2 24.1 24.5 3.627  -37.9   18.9    3.1  40    4.8   9 0 0 1 1 1 0 17.1 40.9 16.8 42.1 80.0 100 100 20 408 0 143 0 401 401 400 0 0 0 59 50 AUTO 0 
b.1 2025-07-01 04:46:02.088 a 2025-07-01-04:45:58 150 200 273 0.8 3.1 6.1 15.1 44.4 730.5 0.00 0 0.0 15.2 24.1 24.5 3.629  -37.9   18.8    3.2  40    4.9   9 0 0 1 1 1 0 17.1 41.1 16.8 42.4 80.0 100 100 20 408 0 143 0 402 401 400 0 0 0 60 50 AUTO 0 
b.1 2025-07-01 04:47:01.151 a 2025-07-01-04:46:57 170 202 244 0.4 3.1 5.6 15.1 45.0 730.5 0.00 0 0.0 15.2 24.1 24.4 3.627  -38.2   18.8    3.3  40    4.9   9 0 0 1 1 1 0 17.0 41.4 16.8 42.7 80.0 100 100 20 408 0 143 0 401 401 399 0 0 0 60 50 AUTO 0 
b.1 2025-07-01 04:48:00.611 a 2025-07-01-04:47:56 166 203 229 1.2 3.8 7.0 15.2 44.8 730.5 0.00 0 0.0 15.3 24.1 24.5 3.627  -38.7   18.8    3.7  40    5.0   9 0 0 1 1 1 0 17.0 41.5 16.8 42.8 80.0 100 100 20 408 0 143 0 401 401 399 0 0 0 60 50 AUTO 0 
b.1 2025-07-01 04:49:00.128 a 2025-07-01-04:48:56 155 206 231 2.1 4.5 8.1 15.2 44.4 730.5 0.00 0 0.0 15.3 24.1 24.4 3.627  -39.6   18.8    4.7  40    4.9  10 0 0 1 1 1 0 17.0 41.6 16.7 42.8 80.0 100 100 20 408 0 143 0 401 401 400 0 0 0 60 50 AUTO 0 
b.1 2025-07-01 04:50:02.571 a 2025-07-01-04:49:58 131 202 292 1.0 3.3 6.2 15.2 44.4 730.4 0.00 0 0.0 15.3 24.1 24.5 3.627  -39.3   18.8    4.0  40    5.0  11 0 0 1 1 1 0 16.8 42.3 16.6 43.3 80.0 100 100 20 408 0 143 0 401 401 400 0 0 0 60 50 AUTO 0 
b.1 2025-07-01 04:51:00.848 a 2025-07-01-04:50:57 160 205 236 1.5 4.5 8.8 15.2 44.2 730.4 0.00 0 0.0 15.3 24.1 24.4 3.627  -38.5   18.8    4.8  40    4.9  11 0 0 1 1 1 0 16.8 42.3 16.6 43.3 80.0 100 100 20 408 0 143 0 401 401 399 0 0 0 60 50 AUTO 0 
b.1 2025-07-01 04:52:01.611 a 2025-07-01-04:51:57 167 204 225 2.3 4.7 7.7 15.2 44.2 730.4 0.00 0 0.0 15.4 24.1 24.4 3.626  -39.5   18.8    5.8  40    4.9  11 0 0 1 1 1 0 16.7 42.3 16.5 43.3 80.0 100 100 20 408 0 143 0 401 401 400 0 0 0 60 50 AUTO 0 
b.1 2025-07-01 04:53:00.711 a 2025-07-01-04:52:57 140 204 233 1.0 4.6 8.6 15.2 44.3 730.4 0.00 0 0.0 15.5 24.1 24.4 3.627  -39.6   18.8    5.9  40    5.0  12 0 0 1 1 1 0 16.7 42.6 16.5 43.5 80.0 100 100 20 408 0 143 0 401 401 399 0 0 0 60 50 AUTO 0 
b.1 2025-07-01 04:54:00.614 a 2025-07-01-04:53:56 151 206 228 1.6 5.6 8.6 15.2 44.2 730.4 0.00 0 0.0 15.5 24.1 24.4 3.627  -39.7   18.8    7.6  40    4.9  12 0 0 1 1 1 0 16.7 42.6 16.5 43.5 80.0 100 100 20 408 0 143 0 401 401 399 0 0 0 59 50 AUTO 0 
b.1 2025-07-01 04:55:02.233 a 2025-07-01-04:54:58 169 209 228 1.3 5.9 8.9 15.2 44.1 730.4 0.00 0 0.0 15.5 24.1 24.5 3.626  -41.1   18.8    8.7  40    4.8  12 0 0 1 1 1 0 16.7 42.8 16.5 43.6 80.0 100 100 20 408 0 143 0 401 401 400 0 0 0 60 50 AUTO 0 
b.1 2025-07-01 04:56:01.009 a 2025-07-01-04:55:57 152 209 230 2.8 6.3 9.0 15.2 44.3 730.4 0.00 0 0.0 15.5 24.1 24.5 3.627  -42.2   18.8    9.7  40    4.8  13 0 0 1 1 1 0 16.7 42.8 16.5 43.6 80.0 100 100 20 408 0 143 0 401 401 399 0 0 0 59 50 AUTO 0 
b.1 2025-07-01 04:57:00.911 a 2025-07-01-04:56:57 164 206 226 0.6 5.4 9.4 15.2 44.3 730.4 0.00 0 0.0 15.5 24.1 24.5 3.626  -39.2   18.8    9.5  40    4.9  13 0 0 1 1 1 0 16.7 42.8 16.5 43.7 80.0 100 100 20 408 0 143 0 400 401 400 0 0 0 60 50 AUTO 0 
b.1 2025-07-01 04:58:01.691 a 2025-07-01-04:57:58 184 209 227 3.2 6.0 9.2 15.2 44.0 730.3 0.00 0 0.0 15.5 24.1 24.5 3.633  -39.1   18.8   10.0  40    4.9  13 0 0 1 1 1 0 16.6 42.8 16.5 43.7 80.0 100 100 20 408 0 143 0 402 401 400 0 0 0 60 50 AUTO 0 
b.1 2025-07-01 04:59:01.155 a 2025-07-01-04:58:57 172 209 287 0.9 6.6 9.0 15.2 43.9 730.3 0.00 0 0.0 15.5 24.1 24.5 3.626  -40.7   18.8   11.8  40    4.8  14 0 0 1 1 1 0 16.6 42.8 16.5 43.6 80.0 100 100 20 408 0 143 0 401 401 400 0 0 0 60 50 AUTO 0 
b.1 2025-07-01 05:00:00.611 a 2025-07-01-04:59:56 173 208 226 2.4 7.3 10.2 15.2 44.0 730.2 0.00 0 0.0 15.5 24.1 24.5 3.627  -42.0   18.8   14.5  40    4.8  14 0 0 1 1 1 0 16.6 42.7 16.5 43.6 80.0 100 100 20 408 0 143 0 402 401 400 0 0 0 59 50 AUTO 0 
b.1 2025-07-01 05:01:00.234 a 2025-07-01-05:00:56 170 205 227 2.4 6.4 9.8 15.2 44.3 730.2 0.00 0 0.0 15.6 24.1 24.5 3.628  -38.4   18.8   12.9  40    4.9  14 0 0 1 1 1 0 16.6 43.0 16.4 43.8 80.0 100 100 20 408 0 143 0 401 402 400 0 0 0 59 50 AUTO 0 
b.1 2025-07-01 05:02:01.930 a 2025-07-01-05:01:58 167 208 240 2.5 6.6 9.8 15.3 44.1 730.3 0.00 0 0.0 15.6 24.1 24.5 3.629  -43.6   18.8   13.3  40    4.9  14 0 0 1 1 1 0 16.6 43.3 16.4 44.1 80.0 100 100 20 408 0 143 0 401 401 400 0 0 0 59 50 AUTO 0 
b.1 2025-07-01 05:03:01.381 a 2025-07-01-05:02:57 184 207 225 2.4 5.8 9.2 15.3 44.7 730.2 0.00 0 0.0 15.6 24.1 24.5 3.627  -40.0   18.8   11.6  40    5.0  14 0 0 1 1 1 0 16.5 43.4 16.4 44.1 80.0 100 100 20 408 0 143 0 401 401 399 0 0 0 59 50 AUTO 0 
b.1 2025-07-01 05:04:01.312 a 2025-07-01-05:03:57 150 205 275 1.1 5.9 10.0 15.3 44.6 730.3 0.00 0 0.0 15.6 24.1 24.4 3.627  -40.2   18.8   10.9  40    5.0  14 0 0 1 1 1 0 16.5 43.6 16.4 44.4 80.0 100 100 20 408 0 143 0 401 401 399 0 0 0 60 50 AUTO 0 
b.1 2025-07-01 05:05:02.276 a 2025-07-01-05:04:58 172 206 229 1.1 6.4 10.0 15.3 44.4 730.3 0.00 0 0.0 15.6 24.1 24.4 3.627  -42.2   18.8   11.2  40    5.1  14 0 0 1 1 1 0 16.5 43.8 16.4 44.5 80.0 100 100 20 408 0 143 0 401 401 400 0 0 0 60 50 AUTO 0 
b.1 2025-07-01 05:06:01.711 a 2025-07-01-05:05:58 161 206 231 3.0 6.0 9.0 15.3 44.4 730.2 0.00 0 0.0 15.5 24.1 24.4 3.627  -41.4   18.8   11.2  40    5.0  14 0 0 1 1 1 0 16.5 43.9 16.4 44.5 80.0 100 100 20 408 0 143 0 401 401 400 0 0 0 60 50 AUTO 0 
b.1 2025-07-01 05:07:01.278 a 2025-07-01-05:06:57 178 208 219 3.6 6.7 9.8 15.3 44.6 730.2 0.00 0 0.0 15.6 24.1 24.5 3.633  -40.2   18.8   12.9  40    5.0  14 0 0 1 1 1 0 16.4 43.7 16.3 44.4 80.0 100 100 20 408 0 143 0 401 401 400 0 0 0 59 50 AUTO 0 
b.1 2025-07-01 05:08:00.756 a 2025-07-01-05:07:57 172 206 271 1.3 5.9 9.2 15.3 44.6 730.2 0.00 0 0.0 15.6 24.1 24.5 3.627  -39.5   18.8   11.2  41    5.1   5 0 0 1 1 1 0 16.4 43.9 16.3 44.6 80.0 100 100 20 408 0 143 0 401 401 400 0 0 0 60 50 AUTO 0 
b.1 2025-07-01 05:09:01.392 a 2025-07-01-05:08:57 171 206 226 1.9 6.1 9.4 15.3 44.6 730.3 0.00 0 0.0 15.6 24.1 24.4 3.628  -38.8   18.8   12.1  40    5.1  13 0 0 1 1 1 0 16.4 43.9 16.3 44.7 80.0 100 100 20 408 0 143 0 401 401 399 0 0 0 59 50 AUTO 0 
b.1 2025-07-01 05:10:02.503 a 2025-07-01-05:09:58 164 205 223 2.3 6.0 9.5 15.3 44.4 730.3 0.00 0 0.0 15.6 24.1 24.4 3.626  -41.8   18.8   11.5  40    5.1  15 0 0 1 1 1 0 16.4 43.9 16.3 44.7 80.0 100 100 20 408 0 143 0 402 401 400 0 0 0 60 50 AUTO 0 
b.1 2025-07-01 05:11:00.572 a 2025-07-01-05:10:56 162 206 227 3.0 6.2 9.6 15.3 44.6 730.3 0.00 0 0.0 15.5 24.1 24.5 3.633  -40.8   18.8   12.1  41    5.1  15 0 0 1 1 1 0 16.4 43.9 16.3 44.6 80.0 100 100 20 408 0 143 0 402 401 400 0 0 0 60 50 AUTO 0 
b.1 2025-07-01 05:12:02.276 a 2025-07-01-05:11:58 180 207 227 2.7 6.5 10.2 15.3 44.5 730.2 0.00 0 0.0 15.5 24.1 24.4 3.628  -39.9   18.8   12.8  40    5.1  15 0 0 1 1 1 0 16.4 43.9 16.3 44.6 80.0 100 100 20 408 0 143 0 401 401 400 0 0 0 59 50 AUTO 0 
b.1 2025-07-01 05:13:00.039 a 2025-07-01-05:12:56 169 205 224 2.2 6.7 11.2 15.2 44.2 730.2 0.00 0 0.0 15.6 24.1 24.5 3.627  -40.2   18.8   13.5  41    5.1  15 0 0 1 1 1 0 16.4 44.0 16.3 44.6 80.0 100 100 20 408 0 143 0 401 401 400 0 0 0 59 50 AUTO 0 
b.1 2025-07-01 05:14:01.275 a 2025-07-01-05:13:57 174 207 235 3.4 7.3 10.2 15.2 44.6 730.3 0.00 0 0.0 15.6 24.1 24.5 3.635  -42.9   18.8   14.8  41    5.1  15 0 0 1 1 1 0 16.3 44.1 16.3 44.8 80.0 100 100 20 408 0 143 0 401 401 400 0 0 0 59 50 AUTO 0 
b.1 2025-07-01 05:15:01.217 a 2025-07-01-05:14:57 174 207 234 3.1 6.4 9.8 15.2 44.6 730.3 0.00 0 0.0 15.6 24.1 24.5 3.626  -40.2   18.8   13.1  41    5.1  15 0 0 1 1 1 0 16.3 44.1 16.3 44.7 80.0 100 100 20 408 0 143 0 401 402 400 0 0 0 60 50 AUTO 0 
b.1 2025-07-01 05:16:00.676 a 2025-07-01-05:15:56 184 209 227 2.9 6.5 10.0 15.2 44.6 730.3 0.00 0 0.0 15.6 24.1 24.5 3.627  -41.2   18.8   13.5  41    5.1  15 0 0 1 1 1 0 16.3 44.3 16.3 44.8 80.0 100 100 20 408 0 143 0 401 401 399 0 0 0 60 50 AUTO 0 
b.1 2025-07-01 05:17:01.496 a 2025-07-01-05:16:57 176 208 225 3.0 7.0 10.4 15.2 44.8 730.3 0.00 0 0.0 15.6 24.1 24.5 3.627  -41.0   18.8   13.9  41    5.1  15 0 0 1 1 1 0 16.3 44.4 16.3 44.9 80.0 100 100 20 408 0 143 0 401 401 400 0 0 0 59 50 AUTO 0 
b.1 2025-07-01 05:18:00.319 a 2025-07-01-05:17:56 178 208 225 3.4 7.1 10.0 15.3 44.5 730.3 0.00 0 0.0 15.6 24.1 24.5 3.627  -41.0   18.8   13.9  41    5.1  15 0 0 1 1 1 0 16.3 44.3 16.3 44.9 80.0 100 100 20 408 0 143 0 401 401 400 0 0 0 59 50 AUTO 0 
b.1 2025-07-01 05:19:00.578 a 2025-07-01-05:18:56 184 209 232 3.6 7.2 10.2 15.3 44.4 730.3 0.00 0 0.0 15.6 24.1 24.4 3.627  -41.5   18.8   15.2  41    5.1  15 0 0 1 2 1 0 16.3 44.3 16.3 44.9 80.0 100 100 20 408 0 143 0 402 401 400 0 0 0 59 50 AUTO 0 
b.1 2025-07-01 05:20:01.117 a 2025-07-01-05:19:57 180 207 223 2.9 6.2 9.5 15.3 44.6 730.3 0.00 0 0.0 15.6 24.1 24.5 3.628  -41.3   18.8   13.2  41    5.2  15 0 0 1 1 1 0 16.3 44.3 16.2 45.0 80.0 100 100 20 408 0 143 0 401 402 400 0 0 0 59 50 AUTO 0 
b.1 2025-07-01 05:20:59.937 a 2025-07-01-05:20:56 174 207 228 2.6 7.0 10.1 15.3 44.9 730.3 0.00 0 0.0 15.6 24.1 24.4 3.627  -44.3   18.8   14.3  41    5.2  15 0 0 1 1 1 0 16.3 44.6 16.2 45.2 80.0 100 100 20 408 0 143 0 401 401 400 0 0 0 59 50 AUTO 0 
b.1 2025-07-01 05:22:01.137 a 2025-07-01-05:21:57 182 208 229 2.9 7.3 10.7 15.3 44.7 730.3 0.00 0 0.0 15.6 24.1 24.5 3.626  -43.6   18.8   15.7  41    5.2  15 0 0 1 2 1 0 16.3 44.7 16.2 45.3 80.0 100 100 20 408 0 143 0 401 401 400 0 0 0 60 50 AUTO 0 
b.1 2025-07-01 05:23:01.634 a 2025-07-01-05:22:58 184 209 225 2.3 6.9 10.4 15.3 44.5 730.3 0.00 0 0.0 15.6 24.1 24.5 3.628  -42.1   18.8   14.4  41    5.2  15 0 0 1 1 1 0 16.3 44.8 16.2 45.3 80.0 100 100 20 408 0 143 0 401 401 399 0 0 0 60 50 AUTO 0 
b.1 2025-07-01 05:24:01.236 a 2025-07-01-05:23:57 155 207 228 1.9 6.4 9.9 15.3 44.4 730.3 0.00 0 0.0 15.6 24.1 24.5 3.627  -40.4   18.8   13.3  41    5.2  15 0 0 1 1 1 0 16.2 44.6 16.2 45.1 80.0 100 100 20 408 0 143 0 401 402 400 0 0 0 59 50 AUTO 0 
b.1 2025-07-01 05:25:01.884 a 2025-07-01-05:24:58 171 206 225 4.0 6.7 10.0 15.3 44.3 730.3 0.00 0 0.0 15.7 24.1 24.5 3.628  -41.3   18.8   13.7  41    5.2  15 0 0 1 1 1 0 16.2 44.5 16.2 45.0 80.0 100 100 20 408 0 143 0 401 401 399 0 0 0 60 50 AUTO 0 
b.1 2025-07-01 05:26:00.841 a 2025-07-01-05:25:57 173 206 227 3.2 6.7 9.6 15.3 44.2 730.3 0.00 0 0.0 15.7 24.1 24.5 3.628  -41.9   18.8   13.3  41    5.2  15 0 0 1 1 1 0 16.2 44.5 16.2 45.0 80.0 100 100 20 408 0 143 0 401 401 400 0 0 0 59 50 AUTO 0 
b.1 2025-07-01 05:27:01.223 a 2025-07-01-05:26:57 181 208 228 3.2 7.3 10.8 15.4 44.3 730.3 0.00 0 0.0 15.7 24.1 24.5 3.627  -40.1   18.8   15.0  41    5.2  15 0 0 1 2 1 0 16.2 44.7 16.2 45.1 80.0 100 100 20 408 0 143 0 401 401 400 0 0 0 59 50 AUTO 0 
b.1 2025-07-01 05:28:01.336 a 2025-07-01-05:27:57 180 208 236 2.0 6.8 10.4 15.4 43.8 730.4 0.00 0 0.0 15.6 24.1 24.5 3.626  -40.0   18.8   13.8  41    5.3  15 0 0 1 1 1 0 16.2 44.5 16.2 44.9 80.0 100 100 20 408 0 143 0 401 401 400 0 0 0 59 50 AUTO 0 
b.1 2025-07-01 05:29:00.618 a 2025-07-01-05:28:56 179 208 227 3.3 6.5 10.1 15.4 43.6 730.3 0.00 0 0.0 15.6 24.1 24.5 3.627  -41.5   18.8   13.8  41    5.2  15 0 0 1 1 1 0 16.2 44.3 16.2 44.8 80.0 100 100 20 408 0 143 0 401 402 400 0 0 0 59 50 AUTO 0 
b.1 2025-07-01 05:30:02.365 a 2025-07-01-05:29:58 173 207 232 2.6 6.2 9.5 15.3 43.7 730.3 0.00 0 0.0 15.6 24.1 24.4 3.633  -40.1   18.8   12.3  41    5.2  15 0 0 1 1 1 0 16.2 44.3 16.2 44.7 80.0 100 100 20 408 0 143 0 401 401 400 0 0 0 60 50 AUTO 0 
b.1 2025-07-01 05:31:00.638 a 2025-07-01-05:30:57 142 205 235 1.3 6.5 10.5 15.3 43.8 730.2 0.00 0 0.0 15.7 24.1 24.4 3.626  -42.2   18.8   13.0  41    5.2  15 0 0 1 1 1 0 16.2 44.3 16.2 44.7 80.0 100 100 20 408 0 143 0 401 401 400 0 0 0 60 50 AUTO 0 
b.1 2025-07-01 05:32:01.101 a 2025-07-01-05:31:57 175 207 228 3.5 7.5 11.0 15.4 43.5 730.3 0.00 0 0.0 15.7 24.1 24.5 3.627  -42.4   18.8   15.0  41    5.2  15 0 0 1 2 1 0 16.2 44.2 16.2 44.6 80.0 100 100 20 408 0 143 0 401 402 400 0 0 0 59 50 AUTO 0 
b.1 2025-07-01 05:33:01.858 a 2025-07-01-05:32:58 175 208 225 3.3 7.0 10.3 15.4 43.5 730.3 0.00 0 0.0 15.8 24.1 24.4 3.634  -41.0   18.8   14.2  41    5.2  15 0 0 1 1 1 0 16.2 44.2 16.2 44.6 80.0 100 100 20 408 0 143 0 401 401 400 0 0 0 60 50 AUTO 0 
b.1 2025-07-01 05:34:00.082 a 2025-07-01-05:33:56 184 208 229 3.9 7.6 11.1 15.4 42.9 730.3 0.00 0 0.0 15.8 24.1 24.4 3.627  -39.6   18.8   16.0  41    5.2  15 0 0 1 2 1 0 16.2 43.9 16.2 44.2 80.0 100 100 20 408 0 143 0 401 401 400 0 0 0 59 50 AUTO 0 
b.1 2025-07-01 05:35:00.121 a 2025-07-01-05:34:56 173 208 229 2.0 7.5 10.5 15.5 42.8 730.3 0.00 0 0.0 15.8 24.1 24.5 3.627  -43.0   18.8   16.0  41    5.2  15 0 0 1 2 1 0 16.2 43.7 16.2 44.1 80.0 100 100 20 408 0 143 0 401 401 400 0 0 0 59 50 AUTO 0 
b.1 2025-07-01 05:36:01.019 a 2025-07-01-05:35:57 172 207 227 3.2 6.9 10.3 15.5 42.7 730.3 0.00 0 0.0 15.8 24.1 24.5 3.633  -41.0   18.9   15.2  41    5.2  15 0 0 1 2 1 0 16.2 43.5 16.2 43.9 80.0 100 100 20 408 0 143 0 401 401 399 0 0 0 60 50 AUTO 0 
b.1 2025-07-01 05:37:01.562 a 2025-07-01-05:36:57 165 204 282 1.9 6.7 10.6 15.5 42.1 730.3 0.00 0 0.0 15.9 24.1 24.4 3.627  -43.0   18.9   13.6  40    5.2  15 0 0 1 1 1 0 16.2 43.3 16.2 43.6 80.0 100 100 20 408 0 143 0 401 402 399 0 0 0 60 50 AUTO 0 
b.1 2025-07-01 05:38:02.141 a 2025-07-01-05:37:58 173 206 228 3.4 6.9 10.8 15.5 42.0 730.3 0.00 0 0.0 15.9 24.1 24.5 3.628  -40.5   18.9   14.0  40    5.1  15 0 0 1 1 1 0 16.2 43.0 16.2 43.4 80.0 100 100 20 408 0 143 0 402 401 400 0 0 0 59 50 AUTO 0 
b.1 2025-07-01 05:39:00.121 a 2025-07-01-05:38:56 125 206 230 2.1 6.6 10.7 15.5 42.0 730.3 0.00 0 0.0 15.9 24.1 24.5 3.633  -41.4   18.9   12.9  40    5.1  15 0 0 1 1 1 0 16.2 43.1 16.2 43.4 80.0 100 100 20 408 0 143 0 401 401 400 0 0 0 59 50 AUTO 0 
b.1 2025-07-01 05:40:01.900 a 2025-07-01-05:39:58 162 205 228 2.6 5.8 10.2 15.6 42.5 730.3 0.00 0 0.0 15.8 24.1 24.4 3.626  -42.6   18.9   11.3  40    5.1  15 0 0 1 1 1 0 16.2 43.4 16.2 43.7 80.0 100 100 20 408 0 143 0 401 402 400 0 0 0 59 50 AUTO 0 
b.1 2025-07-01 05:41:00.423 a 2025-07-01-05:40:56 181 206 233 2.5 5.8 10.0 15.5 42.7 730.3 0.00 0 0.0 15.7 24.1 24.4 3.629  -41.2   18.9   10.3  40    5.2  15 0 0 1 1 1 0 16.2 43.7 16.2 44.1 80.0 100 100 20 408 0 143 0 401 401 399 0 0 0 60 50 AUTO 0 
b.1 2025-07-01 05:42:01.523 a 2025-07-01-05:41:57 172 206 234 2.1 5.4 9.6 15.5 42.9 730.3 0.00 0 0.0 15.7 24.1 24.5 3.628  -38.9   18.9    9.8  40    5.2  10 0 0 1 1 1 0 16.2 43.8 16.2 44.2 80.0 100 100 20 408 0 143 0 401 401 400 0 0 0 60 50 AUTO 0 
b.1 2025-07-01 05:43:01.546 a 2025-07-01-05:42:57 175 207 229 3.4 6.0 9.7 15.5 43.2 730.4 0.00 0 0.0 15.7 24.1 24.5 3.627  -40.3   18.9   10.6  40    5.2  15 0 0 1 1 1 0 16.2 43.8 16.2 44.2 80.0 100 100 20 408 0 143 0 401 402 400 0 0 0 60 50 AUTO 0 
b.1 2025-07-01 05:44:01.203 a 2025-07-01-05:43:57 176 206 226 2.4 5.7 9.4 15.4 43.2 730.4 0.00 0 0.0 15.7 24.1 24.4 3.628  -40.0   18.9   10.0  40    5.2  14 0 0 1 1 1 0 16.2 43.8 16.2 44.2 80.0 100 100 20 408 0 143 0 401 401 400 0 0 0 60 50 AUTO 0 
b.1 2025-07-01 05:45:01.726 a 2025-07-01-05:44:58 159 204 230 2.4 5.5 9.0 15.4 42.9 730.4 0.00 0 0.0 15.7 24.1 24.4 3.627  -42.7   18.9    9.5  40    5.2  14 0 0 1 1 1 0 16.2 43.6 16.1 44.1 80.0 100 100 20 408 0 143 0 401 401 399 0 0 0 60 50 AUTO 0 
b.1 2025-07-01 05:46:01.328 a 2025-07-01-05:45:57 152 203 226 1.4 4.9 9.0 15.4 42.8 730.4 0.00 0 0.0 15.8 24.1 24.5 3.627  -39.5   18.9    8.2  40    5.2  14 0 0 1 1 1 0 16.2 43.8 16.2 44.2 80.0 100 100 20 408 0 143 0 401 401 400 0 0 0 59 50 AUTO 0 
b.1 2025-07-01 05:47:00.388 a 2025-07-01-05:46:56 169 204 225 1.9 5.4 8.7 15.4 43.2 730.4 0.00 0 0.0 15.7 24.1 24.5 3.628  -39.3   18.9    8.3  40    5.2   9 0 0 1 1 1 0 16.1 43.9 16.1 44.4 80.0 100 100 20 408 0 143 0 401 401 400 0 0 0 59 50 AUTO 0 
b.1 2025-07-01 05:48:00.368 a 2025-07-01-05:47:56 173 205 229 2.3 5.4 9.8 15.4 43.1 730.4 0.00 0 0.0 15.7 24.1 24.4 3.627  -39.9   18.9    9.2  40    5.2  15 0 0 1 1 1 0 16.1 43.8 16.1 44.3 80.0 100 100 20 408 0 143 0 401 401 400 0 0 0 60 50 AUTO 0 
b.1 2025-07-01 05:49:00.868 a 2025-07-01-05:48:57 174 205 229 1.9 4.7 8.8 15.4 43.2 730.4 0.00 0 0.0 15.6 24.1 24.5 3.634  -38.2   18.9    7.6  40    5.2  13 0 0 1 1 1 0 16.1 43.9 16.1 44.4 80.0 100 100 20 408 0 132 0 401 401 400 0 0 0 60 50 AUTO 0 
b.1 2025-07-01 05:50:01.967 a 2025-07-01-05:49:58 161 204 225 2.2 5.3 10.2 15.4 43.1 730.4 0.00 0 0.0 15.7 24.1 24.5 3.629  -40.3   18.9    7.6  41    5.2  13 0 0 1 1 1 0 16.1 43.9 16.1 44.4 80.0 100 100 20 408 0 143 0 401 402 400 0 0 0 59 50 AUTO 0 
b.1 2025-07-01 05:51:01.848 a 2025-07-01-05:50:58 171 203 236 1.2 5.3 9.9 15.4 43.3 730.4 0.00 0 0.0 15.7 24.1 24.5 3.627  -39.0   18.9    8.4  40    5.2  13 0 0 1 1 1 0 16.1 43.9 16.1 44.4 80.0 100 100 20 408 0 143 0 401 401 400 0 0 0 60 50 AUTO 0 
b.1 2025-07-01 05:52:00.667 a 2025-07-01-05:51:56 178 204 236 2.3 5.0 9.1 15.4 43.3 730.3 0.00 0 0.0 15.7 24.1 24.5 3.633  -38.2   18.9    8.0  41    5.2  13 0 0 1 1 1 0 16.1 43.9 16.1 44.5 80.0 100 100 20 408 0 143 0 401 401 400 0 0 0 59 50 AUTO 0 
b.1 2025-07-01 05:53:01.349 a 2025-07-01-05:52:57 160 204 226 2.4 5.4 8.8 15.4 43.1 730.3 0.00 0 0.0 15.7 24.1 24.5 3.627  -38.8   18.9    8.4  40    5.2  13 0 0 1 1 1 0 16.1 43.9 16.0 44.4 80.0 100 100 20 408 0 143 0 401 401 400 0 0 0 59 50 AUTO 0 
b.1 2025-07-01 05:54:00.128 a 2025-07-01-05:53:56 149 205 244 2.3 5.0 8.7 15.4 43.1 730.3 0.00 0 0.0 15.7 24.1 24.5 3.627  -40.7   18.9    8.2  40    5.2   9 0 0 1 1 1 0 16.1 43.8 16.0 44.4 80.0 100 100 20 408 0 143 0 401 401 400 0 0 0 60 50 AUTO 0 
b.1 2025-07-01 05:55:01.469 a 2025-07-01-05:54:57 150 202 263 1.1 4.4 7.6 15.4 43.2 730.3 0.00 0 0.0 15.7 24.1 24.4 3.627  -38.8   18.9    7.0  40    5.2  15 0 0 1 1 1 0 16.1 43.8 16.0 44.4 80.0 100 100 20 408 0 143 0 401 401 400 0 0 0 60 50 AUTO 0 
b.1 2025-07-01 05:56:01.092 a 2025-07-01-05:55:57 150 202 263 1.1 4.7 8.6 15.4 43.1 730.3 0.00 0 0.0 15.7 24.1 24.5 3.627  -38.4   18.9    7.2  41    5.2  12 0 0 1 1 1 0 16.1 43.8 16.0 44.3 80.0 100 100 20 408 0 143 0 402 401 400 0 0 0 60 50 AUTO 0 
b.1 2025-07-01 05:57:01.726 a 2025-07-01-05:56:58 165 204 230 1.7 4.8 9.7 15.4 43.1 730.4 0.00 0 0.0 15.6 24.1 24.5 3.628  -40.1   18.9    6.7  41    5.2  12 0 0 1 1 1 0 16.1 43.6 16.0 44.2 80.0 100 100 20 408 0 143 0 400 401 399 0 0 0 60 50 AUTO 0 
b.1 2025-07-01 05:58:01.256 a 2025-07-01-05:57:57 157 203 232 1.5 4.5 7.7 15.4 42.9 730.4 0.00 0 0.0 15.6 24.1 24.5 3.627  -39.0   18.9    6.3  41    5.2  12 0 0 1 1 1 0 16.1 43.6 16.0 44.1 80.0 100 100 20 408 0 143 0 401 401 400 0 0 0 60 50 AUTO 0 
b.1 2025-07-01 05:59:01.190 a 2025-07-01-05:58:57 146 202 278 0.6 4.4 7.3 15.4 43.0 730.4 0.00 0 0.0 15.6 24.1 24.4 3.627  -39.9   18.9    6.0  41    5.2  12 0 0 1 1 1 0 16.1 43.7 16.0 44.2 80.0 100 100 20 408 0 143 0 401 402 400 0 0 0 60 50 AUTO 0 
b.1 2025-07-01 06:00:01.956 a 2025-07-01-05:59:58 170 204 221 1.3 4.9 8.8 15.4 43.1 730.4 0.00 0 0.0 15.7 24.1 24.4 3.628  -40.4   18.9    6.8  41    5.2  12 0 0 1 1 1 0 16.1 43.8 16.0 44.3 80.0 100 100 20 408 0 143 2 402 401 400 0 0 3 59 50 AUTO 0 
b.1 2025-07-01 06:01:00.631 a 2025-07-01-06:00:56 138 204 233 1.1 4.5 9.0 15.4 43.1 730.4 0.00 0 0.0 15.7 24.1 24.5 3.627  -38.6   18.9    6.1  41    5.2  12 0 0 1 1 1 0 16.1 43.9 16.0 44.4 80.0 100 100 20 408 0 143 0 401 401 400 0 0 0 59 50 AUTO 0 
b.1 2025-07-01 06:02:01.171 a 2025-07-01-06:01:57 142 200 226 1.0 4.5 8.9 15.4 43.0 730.4 0.00 0 0.0 15.6 24.1 24.5 3.626  -39.5   18.9    6.3  41    5.2   5 0 0 1 1 1 0 16.1 43.7 16.0 44.4 80.0 100 100 20 408 0 143 0 401 401 400 0 0 0 59 50 AUTO 0 
b.1 2025-07-01 06:03:01.051 a 2025-07-01-06:02:57 166 202 231 1.1 4.3 8.7 15.4 43.4 730.4 0.00 0 0.0 15.6 24.1 24.5 3.627  -39.6   18.9    6.1  41    5.2  13 0 0 1 1 1 0 16.1 44.0 16.0 44.6 80.0 100 100 20 408 0 143 0 402 401 400 0 0 0 59 50 AUTO 0 
b.1 2025-07-01 06:04:01.914 a 2025-07-01-06:03:58 140 202 243 1.1 3.9 8.6 15.4 43.3 730.4 0.00 0 0.0 15.6 24.1 24.5 3.627  -39.4   18.9    5.3  41    5.2  11 0 0 1 1 1 0 16.1 44.0 16.0 44.6 80.0 100 100 20 408 0 143 0 401 402 400 0 0 0 59 50 AUTO 0 
b.1 2025-07-01 06:05:01.055 a 2025-07-01-06:04:57 112 200 276 0.6 4.1 8.3 15.4 43.4 730.4 0.00 0 0.0 15.6 24.1 24.4 3.633  -37.9   18.9    5.3  41    5.2  11 0 0 1 1 1 0 16.0 44.0 16.0 44.6 80.0 100 100 20 408 0 143 0 402 401 400 0 0 0 60 50 AUTO 0 
b.1 2025-07-01 06:06:02.319 a 2025-07-01-06:05:58 157 200 225 1.3 4.4 8.6 15.4 43.1 730.4 0.00 0 0.0 15.6 24.1 24.5 3.628  -39.1   18.9    5.6  41    5.2  11 0 0 1 1 1 0 16.1 43.9 16.0 44.6 80.0 100 100 20 408 0 143 0 402 401 400 0 0 0 59 50 AUTO 0 
b.1 2025-07-01 06:07:00.194 a 2025-07-01-06:06:56 159 204 280 1.6 4.4 9.3 15.4 43.2 730.4 0.00 0 0.0 15.6 24.1 24.5 3.628  -38.4   18.9    5.8  41    5.2  11 0 0 1 1 1 0 16.1 44.0 16.0 44.7 80.0 100 100 20 408 0 143 0 401 401 400 0 0 0 60 50 AUTO 0 
b.1 2025-07-01 06:08:00.773 a 2025-07-01-06:07:57 111 202 223 1.7 4.4 8.0 15.4 43.1 730.5 0.00 0 0.0 15.6 24.1 24.5 3.626  -39.7   18.9    6.0  41    5.2  11 0 0 1 1 1 0 16.0 43.8 15.9 44.5 80.0 100 100 20 408 0 143 0 401 401 400 0 0 0 59 50 AUTO 0 
b.1 2025-07-01 06:09:00.614 a 2025-07-01-06:08:56 147 202 224 1.6 4.4 7.5 15.4 43.2 730.4 0.00 0 0.0 15.6 24.1 24.5 3.627  -42.3   18.8    5.8  41    5.2  11 0 0 1 1 1 0 16.0 43.9 15.9 44.6 80.0 100 100 20 408 0 143 0 401 401 400 0 0 0 59 50 AUTO 0 
b.1 2025-07-01 06:10:01.994 a 2025-07-01-06:09:58 148 204 226 1.6 4.9 8.5 15.4 43.1 730.4 0.00 0 0.0 15.7 24.1 24.5 3.626  -39.1   18.9    6.4  41    5.2  11 0 0 1 1 1 0 16.0 44.1 15.9 44.8 80.0 100 100 20 408 0 143 0 401 402 399 0 0 0 60 50 AUTO 0 
b.1 2025-07-01 06:11:01.099 a 2025-07-01-06:10:57 156 200 232 1.0 4.4 8.9 15.4 43.1 730.4 0.00 0 0.0 15.6 24.1 24.5 3.633  -38.1   18.8    6.4  41    5.2  11 0 0 1 1 1 0 16.0 43.9 15.9 44.6 80.0 100 100 20 408 0 143 0 401 402 399 0 0 0 60 50 AUTO 0 
b.1 2025-07-01 06:12:02.217 a 2025-07-01-06:11:58 147 203 232 1.0 4.7 9.4 15.4 43.0 730.4 0.00 0 0.0 15.6 24.1 24.5 3.627  -38.5   18.9    6.4  41    5.2  11 0 0 1 1 1 0 16.0 43.8 15.9 44.5 80.0 100 100 20 408 0 143 0 401 401 400 0 0 0 59 50 AUTO 0 
b.1 2025-07-01 06:13:01.417 a 2025-07-01-06:12:57 171 206 238 2.2 4.6 9.2 15.4 43.0 730.4 0.00 0 0.0 15.6 24.1 24.4 3.627  -38.2   18.8    6.8  41    5.2  11 0 0 1 1 1 0 16.0 44.0 15.9 44.7 80.0 100 100 20 408 0 143 0 401 402 399 0 0 0 60 50 AUTO 0 
b.1 2025-07-01 06:14:01.536 a 2025-07-01-06:13:57 168 202 223 1.7 4.0 8.7 15.4 43.1 730.4 0.00 0 0.0 15.5 24.1 24.5 3.627  -38.3   18.8    5.7  41    5.2  11 0 0 1 1 1 0 15.9 44.0 15.9 44.7 80.0 100 100 20 408 0 143 0 401 401 400 0 0 0 60 50 AUTO 0 
b.1 2025-07-01 06:15:00.457 a 2025-07-01-06:14:56 166 205 309 0.8 4.7 10.6 15.4 43.1 730.4 0.00 0 0.0 15.6 24.1 24.5 3.626  -41.6   18.8    6.4  41    5.1  11 0 0 1 1 1 0 15.9 43.7 15.9 44.5 80.0 100 100 20 408 0 143 0 401 401 400 0 0 0 59 50 AUTO 0 
b.1 2025-07-01 06:16:01.655 a 2025-07-01-06:15:57 145 202 234 1.7 4.8 10.0 15.3 42.8 730.4 0.00 0 0.0 15.6 24.1 24.5 3.628  -40.0   18.8    6.4  40    5.1  11 0 0 1 1 1 0 16.0 43.7 15.9 44.3 80.0 100 100 20 408 0 143 0 401 402 400 0 0 0 59 50 AUTO 0 
b.1 2025-07-01 06:17:01.459 a 2025-07-01-06:16:57 141 201 239 1.6 4.2 7.3 15.4 42.8 730.4 0.00 0 0.0 15.6 24.1 24.5 3.627  -40.4   18.8    6.1  41    5.1  11 0 0 1 1 1 0 15.9 43.7 15.9 44.4 80.0 100 100 20 408 0 143 0 401 401 400 0 0 0 59 50 AUTO 0 
b.1 2025-07-01 06:18:02.178 a 2025-07-01-06:17:58 170 203 225 1.8 5.3 8.6 15.4 42.8 730.3 0.00 0 0.0 15.6 24.1 24.4 3.626  -41.0   18.8    6.9  40    5.1  11 0 0 1 1 1 0 15.9 43.8 15.8 44.5 80.0 100 100 20 408 0 143 0 401 401 399 0 0 0 60 50 AUTO 0 
b.1 2025-07-01 06:19:00.259 a 2025-07-01-06:18:56 160 202 227 1.1 4.4 8.6 15.4 42.8 730.4 0.00 0 0.0 15.6 24.1 24.5 3.626  -38.4   18.9    6.3  40    5.1  11 0 0 1 1 1 0 15.9 43.8 15.8 44.5 80.0 100 100 20 408 0 143 0 401 401 400 0 0 0 59 50 AUTO 0 
b.1 2025-07-01 06:20:01.637 a 2025-07-01-06:19:57 159 201 233 1.1 4.0 6.9 15.4 42.5 730.4 0.00 0 0.0 15.6 24.1 24.5 3.627  -38.3   18.9    5.4  40    5.1  11 0 0 1 1 1 0 15.9 43.7 15.8 44.5 80.0 100 100 20 408 0 143 0 401 401 400 0 0 0 59 50 AUTO 0 
b.1 2025-07-01 06:21:01.661 a 2025-07-01-06:20:57 170 206 276 0.8 4.4 8.2 15.4 43.0 730.4 0.00 0 0.0 15.6 24.1 24.4 3.635  -41.9   18.8    5.7  40    5.1  11 0 0 1 1 1 0 15.9 44.0 15.8 44.6 80.0 100 100 20 408 0 143 0 401 402 400 0 0 0 59 50 AUTO 0 
b.1 2025-07-01 06:22:00.200 a 2025-07-01-06:21:56 149 202 241 1.8 4.8 8.5 15.4 42.7 730.4 0.00 0 0.0 15.5 24.1 24.5 3.627  -42.4   18.8    6.3  40    5.1  11 0 0 1 1 1 0 15.9 43.9 15.8 44.6 80.0 100 100 20 408 0 143 0 401 401 400 0 0 0 59 50 AUTO 0 
b.1 2025-07-01 06:23:01.937 a 2025-07-01-06:22:58 141 201 239 1.1 4.2 8.5 15.4 43.0 730.4 0.00 0 0.0 15.5 24.1 24.5 3.627  -41.2   18.8    5.8  40    5.1  11 0 0 1 1 1 0 15.9 43.9 15.8 44.5 80.0 100 100 20 408 0 143 0 401 401 400 0 0 0 60 50 AUTO 0 
b.1 2025-07-01 06:24:01.177 a 2025-07-01-06:23:57 143 200 227 1.2 4.7 9.1 15.3 42.9 730.3 0.00 0 0.0 15.6 24.1 24.5 3.635  -39.1   18.8    6.3  40    5.1  11 0 0 1 1 1 0 15.9 43.9 15.8 44.5 80.0 100 100 20 408 0 143 0 401 401 400 0 0 0 59 50 AUTO 0 
b.1 2025-07-01 06:25:02.976 a 2025-07-01-06:24:59 143 202 232 1.3 4.3 8.3 15.3 42.8 730.3 0.00 0 0.0 15.6 24.1 24.5 3.627  -38.2   18.8    5.7  40    5.1  11 0 0 1 1 1 0 15.9 43.9 15.8 44.6 80.0 100 100 20 408 0 143 0 401 401 400 0 0 0 59 50 AUTO 0 
b.1 2025-07-01 06:26:01.259 a 2025-07-01-06:25:57 155 203 244 0.8 4.7 8.2 15.3 42.8 730.3 0.00 0 0.0 15.6 24.1 24.5 3.627  -40.8   18.8    5.8  40    5.1  11 0 0 1 1 1 0 15.9 43.9 15.8 44.6 80.0 100 100 20 408 0 143 0 401 401 400 0 0 0 59 50 AUTO 0 
b.1 2025-07-01 06:27:00.880 a 2025-07-01-06:26:57 175 206 232 1.2 5.6 9.2 15.4 43.0 730.4 0.00 0 0.0 15.6 24.1 24.5 3.627  -38.5   18.8    7.3  40    5.1  11 0 0 1 1 1 0 15.9 44.3 15.9 44.9 80.0 100 100 20 408 0 143 0 401 401 399 0 0 0 59 50 AUTO 0 
b.1 2025-07-01 06:28:02.157 a 2025-07-01-06:27:58 141 201 224 1.2 4.0 7.9 15.4 43.2 730.4 0.00 0 0.0 15.6 24.1 24.5 3.628  -41.3   18.8    6.0  41    5.2  11 0 0 1 1 1 0 15.9 44.3 15.8 44.9 80.0 100 100 20 408 0 143 0 401 402 399 0 0 0 60 50 AUTO 0 
b.1 2025-07-01 06:29:01.640 a 2025-07-01-06:28:57 171 201 222 1.3 3.9 7.2 15.4 43.3 730.4 0.00 0 0.0 15.6 24.1 24.5 3.627  -39.3   18.8    5.4  41    5.2  11 0 0 1 1 1 0 15.9 44.4 15.8 45.1 80.0 100 100 20 408 0 143 0 401 401 400 0 0 0 59 50 AUTO 0 
b.1 2025-07-01 06:30:02.121 a 2025-07-01-06:29:58 152 202 236 1.0 4.0 7.4 15.4 43.4 730.4 0.00 0 0.0 15.5 24.1 24.5 3.628  -40.3   18.8    5.2  41    5.2  11 0 0 1 1 1 0 15.9 44.4 15.8 45.1 80.0 100 100 20 408 0 143 0 401 401 400 0 0 0 60 50 AUTO 0 
b.1 2025-07-01 06:31:00.282 a 2025-07-01-06:30:56 159 200 236 1.7 3.8 7.7 15.4 43.5 730.4 0.00 0 0.0 15.5 24.1 24.4 3.626  -39.9   18.8    5.1  41    5.2  11 0 0 1 1 1 0 15.9 44.6 15.8 45.2 80.0 100 100 20 408 0 143 0 401 401 400 0 0 0 59 50 AUTO 0 
b.1 2025-07-01 06:32:00.403 a 2025-07-01-06:31:56 145 203 235 1.2 4.8 9.5 15.3 43.5 730.4 0.00 0 0.0 15.5 24.1 24.4 3.627  -40.8   18.8    5.4  41    5.2  11 0 0 1 1 1 0 15.9 44.4 15.8 45.1 80.0 100 100 20 408 0 143 0 401 401 400 0 0 0 60 50 AUTO 0 
b.1 2025-07-01 06:33:01.085 a 2025-07-01-06:32:57 153 204 232 1.6 4.2 8.0 15.4 43.4 730.4 0.00 0 0.0 15.6 24.1 24.5 3.633  -41.0   18.8    5.4  41    5.2  11 0 0 1 1 1 0 15.9 44.5 15.8 45.2 80.0 100 100 20 408 0 143 0 401 402 400 0 0 0 59 50 AUTO 0 
b.1 2025-07-01 06:34:00.322 a 2025-07-01-06:33:56 142 202 229 0.6 3.9 7.6 15.4 43.6 730.4 0.00 0 0.0 15.5 24.1 24.5 3.628  -38.6   18.8    5.2  41    5.2  11 0 0 1 1 1 0 15.9 44.8 15.8 45.5 80.0 100 100 20 408 0 143 0 401 401 400 0 0 0 59 50 AUTO 0 
b.1 2025-07-01 06:35:00.759 a 2025-07-01-06:34:56 105 202 229 0.9 3.6 8.1 15.3 43.9 730.4 0.00 0 0.0 15.5 24.1 24.4 3.627  -38.3   18.8    4.7  41    5.3  11 0 0 1 1 1 0 15.8 44.9 15.8 45.5 80.0 100 100 20 408 0 143 0 401 401 400 0 0 0 60 50 AUTO 0 
b.1 2025-07-01 06:36:01.963 a 2025-07-01-06:35:58 168 207 226 1.1 5.3 9.1 15.3 43.2 730.4 0.00 0 0.0 15.6 24.1 24.5 3.627  -39.8   18.8    5.9  41    5.2  11 0 0 1 1 1 0 15.9 44.6 15.8 45.2 80.0 100 100 20 408 0 143 0 401 401 400 0 0 0 59 50 AUTO 0 
b.1 2025-07-01 06:37:00.121 a 2025-07-01-06:36:56 143 204 227 0.9 4.2 8.9 15.3 43.5 730.4 0.00 0 0.0 15.5 24.1 24.4 3.628  -41.5   18.8    5.5  41    5.2  11 0 0 1 1 1 0 15.8 44.6 15.8 45.3 80.0 100 100 20 408 0 143 0 401 401 400 0 0 0 59 50 AUTO 0 
b.1 2025-07-01 06:38:00.803 a 2025-07-01-06:37:57 123 199 229 0.5 4.2 8.5 15.3 43.5 730.4 0.00 0 0.0 15.6 24.1 24.5 3.627  -38.8   18.8    5.3  41    5.2  11 0 0 1 1 1 0 15.8 44.5 15.8 45.2 80.0 100 100 20 408 0 143 0 401 402 400 0 0 0 60 50 AUTO 0 
b.1 2025-07-01 06:39:01.065 a 2025-07-01-06:38:57 113 203 248 1.1 4.8 8.4 15.3 43.2 730.4 0.00 0 0.0 15.5 24.1 24.5 3.626  -40.3   18.8    6.1  41    5.2  11 0 0 1 1 1 0 15.9 44.3 15.8 45.0 80.0 100 100 20 408 0 143 0 401 401 400 0 0 0 59 50 AUTO 0 
b.1 2025-07-01 06:40:02.721 a 2025-07-01-06:39:58 168 203 225 1.5 4.4 9.0 15.3 43.2 730.3 0.00 0 0.0 15.5 24.1 24.5 3.627  -38.9   18.8    5.6  41    5.2  11 0 0 1 1 1 0 15.9 44.0 15.8 44.6 80.0 100 100 20 408 0 143 0 401 402 400 0 0 0 60 50 AUTO 0 
b.1 2025-07-01 06:41:01.921 a 2025-07-01-06:40:58 169 201 236 1.9 4.9 8.7 15.3 42.9 730.4 0.00 0 0.0 15.6 24.1 24.5 3.628  -40.4   18.8    6.2  41    5.2  11 0 0 1 1 1 0 15.8 44.0 15.8 44.7 80.0 100 100 20 408 0 143 0 401 402 400 0 0 0 60 50 AUTO 0 
b.1 2025-07-01 06:42:01.484 a 2025-07-01-06:41:57 091 202 271 1.4 4.1 8.4 15.3 42.9 730.4 0.00 0 0.0 15.6 24.1 24.4 3.633  -38.3   18.8    5.9  41    5.2  11 0 0 1 1 1 0 15.9 44.0 15.8 44.7 80.0 100 100 20 408 0 143 0 401 401 400 0 0 0 60 50 AUTO 0 
b.1 2025-07-01 06:43:02.585 a 2025-07-01-06:42:58 155 200 232 0.9 3.5 7.2 15.4 43.4 730.4 0.00 0 0.0 15.6 24.1 24.4 3.633  -40.4   18.8    4.8  41    5.2  11 0 0 1 1 1 0 15.8 44.2 15.8 44.9 80.0 100 100 20 408 0 143 0 401 401 400 0 0 0 60 50 AUTO 0 
b.1 2025-07-01 06:44:02.108 a 2025-07-01-06:43:58 160 200 236 0.7 3.5 6.8 15.4 43.4 730.4 0.00 0 0.0 15.5 24.1 24.4 3.626  -38.6   18.8    4.5  41    5.2  11 0 0 1 1 1 0 15.9 44.2 15.8 44.7 80.0 100 100 20 408 0 143 0 401 402 400 0 0 0 60 50 AUTO 0 
b.1 2025-07-01 06:45:02.226 a 2025-07-01-06:44:58 074 197 248 0.7 3.6 6.9 15.3 42.8 730.4 0.00 0 0.0 15.5 24.1 24.5 3.627  -37.7   18.8    4.3  41    5.2  11 0 0 1 1 1 0 15.9 44.1 15.8 44.7 80.0 100 100 20 408 0 143 0 401 401 400 0 0 0 60 50 AUTO 0 
b.1 2025-07-01 06:46:01.746 a 2025-07-01-06:45:57 144 199 227 0.9 3.5 7.0 15.4 43.1 730.4 0.00 0 0.0 15.5 24.1 24.5 3.634  -37.9   18.8    3.9  41    5.2   0 0 0 1 1 1 0 15.8 44.3 15.8 44.9 80.0 100 100 20 408 0 143 0 401 401 400 0 0 0 59 50 AUTO 0 
b.1 2025-07-01 06:47:00.207 a 2025-07-01-06:46:56 151 203 226 1.1 4.0 7.0 15.3 43.3 730.4 0.00 0 0.0 15.4 24.1 24.4 3.627  -38.8   18.8    4.5  41    5.2  10 0 0 1 1 1 0 15.8 44.5 15.8 45.1 80.0 100 100 20 408 0 143 0 402 401 400 0 0 0 60 50 AUTO 0 
b.1 2025-07-01 06:48:00.966 a 2025-07-01-06:47:57 129 198 232 1.2 4.1 7.6 15.3 43.4 730.4 0.00 0 0.0 15.5 24.1 24.5 3.627  -38.8   18.8    4.9  41    5.2  16 0 0 1 1 1 0 15.8 44.3 15.7 44.9 80.0 100 100 20 408 0 143 0 401 401 400 0 0 0 60 50 AUTO 0 
b.1 2025-07-01 06:49:00.407 a 2025-07-01-06:48:56 159 200 226 1.4 3.9 7.1 15.3 43.3 730.4 0.00 0 0.0 15.5 24.1 24.5 3.633  -38.7   18.8    4.9  41    5.2  12 0 0 1 1 1 0 15.8 44.0 15.7 44.7 80.0 100 100 20 408 0 143 0 401 401 400 0 0 0 60 50 AUTO 0 
b.1 2025-07-01 06:49:59.788 a 2025-07-01-06:49:55 121 198 232 1.3 3.9 7.3 15.3 42.7 730.4 0.00 0 0.0 15.6 24.1 24.5 3.628  -40.4   18.8    4.8  41    5.2  12 0 0 1 1 1 0 15.8 44.0 15.8 44.6 80.0 100 100 20 408 0 143 0 401 401 400 0 0 0 59 50 AUTO 0 
b.1 2025-07-01 06:51:00.467 a 2025-07-01-06:50:56 136 197 245 0.8 3.7 7.8 15.3 42.9 730.3 0.00 0 0.0 15.6 24.1 24.4 3.627  -40.1   18.8    4.5  41    5.2  12 0 0 1 1 1 0 15.8 44.1 15.8 44.8 80.0 100 100 20 408 0 143 0 401 402 399 0 0 0 59 50 AUTO 0 
b.1 2025-07-01 06:52:02.246 a 2025-07-01-06:51:58 142 201 230 0.8 3.9 7.3 15.4 43.0 730.4 0.00 0 0.0 15.6 24.1 24.5 3.633  -37.6   18.8    4.5  41    5.2   9 0 0 1 1 1 0 15.8 43.9 15.7 44.6 80.0 100 100 20 408 0 143 0 401 401 400 0 0 0 59 50 AUTO 0 
b.1 2025-07-01 06:53:02.325 a 2025-07-01-06:52:58 167 202 226 1.6 4.2 7.3 15.4 42.7 730.4 0.00 0 0.0 15.5 24.1 24.4 3.627  -41.1   18.8    5.0  41    5.1  15 0 0 1 1 1 0 15.8 43.5 15.7 44.2 80.0 100 100 20 408 0 143 0 402 401 400 0 0 0 60 50 AUTO 0 
b.1 2025-07-01 06:54:01.229 a 2025-07-01-06:53:57 166 202 229 1.1 3.9 9.0 15.4 42.2 730.3 0.00 0 0.0 15.6 24.1 24.5 3.627  -39.1   18.8    4.8  40    5.1  12 0 0 1 1 1 0 15.8 43.4 15.8 44.0 80.0 100 100 20 408 0 143 0 401 402 400 0 0 0 59 50 AUTO 0 
b.1 2025-07-01 06:55:01.269 a 2025-07-01-06:54:57 132 200 231 1.2 4.2 8.9 15.4 42.2 730.4 0.00 0 0.0 15.6 24.1 24.5 3.627  -38.9   18.8    5.3  40    5.1  12 0 0 1 1 1 0 15.9 43.2 15.8 43.9 80.0 100 100 20 408 0 143 0 401 401 399 0 0 0 59 50 AUTO 0 
b.1 2025-07-01 06:56:00.334 a 2025-07-01-06:55:56 129 197 226 0.5 3.4 7.5 15.4 42.2 730.4 0.00 0 0.0 15.6 24.1 24.5 3.627  -40.5   18.8    4.4  40    5.1  12 0 0 1 1 1 0 15.9 43.2 15.8 43.8 80.0 100 100 20 408 0 143 0 401 401 400 0 0 0 59 50 AUTO 0 
b.1 2025-07-01 06:57:01.846 a 2025-07-01-06:56:58 114 199 274 0.6 3.9 8.6 15.4 42.3 730.3 0.00 0 0.0 15.6 24.1 24.5 3.627  -38.8   18.8    4.5  40    5.1  12 0 0 1 1 1 0 15.8 43.2 15.8 43.8 80.0 100 100 20 408 0 143 0 401 401 400 0 0 0 59 50 AUTO 0 
b.1 2025-07-01 06:58:00.726 a 2025-07-01-06:57:56 142 196 241 0.5 3.8 6.9 15.4 41.7 730.3 0.00 0 0.0 15.6 24.1 24.4 3.626  -37.7   18.8    4.4  40    5.0  12 0 0 1 1 1 0 15.9 42.3 15.8 42.9 80.0 100 100 20 408 0 143 0 401 401 400 0 0 0 60 50 AUTO 0 
b.1 2025-07-01 06:59:00.772 a 2025-07-01-06:58:56 144 199 238 0.8 3.4 6.4 15.4 42.0 730.3 0.00 0 0.0 15.6 24.1 24.5 3.626  -39.7   18.8    4.2  40    5.0  12 0 0 1 1 1 0 15.9 43.3 15.8 43.8 80.0 100 100 20 408 0 143 0 402 401 400 0 0 0 59 50 AUTO 0 
b.1 2025-07-01 07:00:01.869 a 2025-07-01-06:59:58 141 199 224 1.1 3.6 7.9 15.5 41.5 730.3 0.00 0 0.0 15.6 24.1 24.5 3.627  -39.5   18.8    4.1  40    5.0   5 0 0 1 1 1 0 15.9 42.5 15.8 43.3 80.0 100 100 20 408 0 143 0 401 401 400 0 0 0 59 50 AUTO 0 
b.1 2025-07-01 07:01:02.009 a 2025-07-01-07:00:58 064 196 236 0.3 3.3 6.2 15.4 41.6 730.4 0.00 0 0.0 15.6 24.1 24.5 3.626  -38.4   18.8    3.9  40    5.0  10 0 0 1 1 1 0 15.9 42.7 15.8 43.4 80.0 100 100 20 408 0 143 0 401 401 400 0 0 0 59 50 AUTO 0 
b.1 2025-07-01 07:02:02.052 a 2025-07-01-07:01:58 153 197 284 0.2 3.6 7.7 15.4 41.4 730.4 0.00 0 0.0 15.6 24.1 24.4 3.631  -38.2   18.8    4.2  40    5.0  11 0 0 1 1 1 0 15.9 42.7 15.8 43.3 80.0 100 100 20 408 0 143 0 402 401 400 0 0 0 59 50 AUTO 0 
b.1 2025-07-01 07:03:01.927 a 2025-07-01-07:02:58 138 198 274 0.8 3.1 7.4 15.4 41.4 730.4 0.00 0 0.0 15.6 24.1 24.5 3.627  -39.3   18.8    3.7  40    5.0  11 0 0 1 1 1 0 15.8 42.7 15.8 43.3 80.0 100 100 20 408 0 143 0 401 401 400 0 0 0 59 50 AUTO 0 
b.1 2025-07-01 07:04:00.150 a 2025-07-01-07:03:56 135 196 227 0.6 3.2 8.9 15.4 41.2 730.3 0.00 0 0.0 15.6 24.1 24.5 3.628  -38.1   18.8    3.6  40    4.9  11 0 0 1 1 1 0 15.9 42.4 15.8 43.1 80.0 100 100 20 408 0 143 0 401 402 400 0 0 0 59 50 AUTO 0 
b.1 2025-07-01 07:05:00.769 a 2025-07-01-07:04:56 149 199 236 1.0 3.3 6.8 15.5 41.6 730.3 0.00 0 0.0 15.6 24.1 24.4 3.634  -38.8   18.8    3.6  40    4.9  11 0 0 1 1 1 0 15.9 42.8 15.8 43.5 80.0 100 100 20 408 0 143 0 401 402 400 0 0 0 59 50 AUTO 0 
b.1 2025-07-01 07:06:02.007 a 2025-07-01-07:05:58 151 197 307 0.7 3.1 6.8 15.5 41.6 730.3 0.00 0 0.0 15.6 24.1 24.5 3.627  -38.0   18.9    3.5  40    4.9  11 0 0 1 1 1 0 15.9 42.7 15.8 43.3 80.0 100 100 20 408 0 143 0 401 401 400 0 0 0 60 50 AUTO 0 
b.1 2025-07-01 07:06:59.630 a 2025-07-01-07:06:55 138 197 242 0.4 2.8 6.8 15.5 41.8 730.3 0.00 0 0.0 15.6 24.1 24.5 3.627  -38.8   18.9    3.2  40    5.0  11 0 0 1 1 1 0 15.9 42.9 15.8 43.5 80.0 100 100 20 408 0 143 0 401 402 400 0 0 0 60 50 AUTO 0 
b.1 2025-07-01 07:08:01.289 a 2025-07-01-07:07:57 156 201 233 1.0 3.4 7.2 15.5 41.4 730.3 0.00 0 0.0 15.6 24.1 24.5 3.626  -39.2   18.9    3.5  40    4.9  11 0 0 1 1 1 0 15.9 42.4 15.8 43.0 80.0 100 100 20 408 0 143 0 401 401 400 0 0 0 59 50 AUTO 0 
b.1 2025-07-01 07:08:59.691 a 2025-07-01-07:08:55 156 200 278 0.7 3.0 6.8 15.5 41.4 730.3 0.00 0 0.0 15.6 24.1 24.5 3.627  -40.3   18.9    3.3  40    4.9  11 0 0 1 1 1 0 15.9 42.6 15.8 43.3 80.0 100 100 20 408 0 143 0 401 401 399 0 0 0 60 50 AUTO 0 
b.1 2025-07-01 07:10:01.049 a 2025-07-01-07:09:57 080 192 238 0.7 2.6 6.3 15.5 41.1 730.3 0.00 0 0.0 15.6 24.1 24.5 3.628  -38.5   18.9    3.1  40    5.0  11 0 0 1 1 1 0 15.9 42.5 15.8 43.2 80.0 100 100 20 408 0 143 0 401 401 400 0 0 0 59 50 AUTO 0 
b.1 2025-07-01 07:11:00.891 a 2025-07-01-07:10:57 147 197 226 0.9 3.1 6.2 15.5 41.4 730.3 0.00 0 0.0 15.6 24.1 24.5 3.626  -38.2   18.9    3.2  40    5.0  11 0 0 1 1 1 0 15.9 42.7 15.8 43.3 80.0 100 100 20 408 0 143 0 401 401 400 0 0 0 59 50 AUTO 0 
b.1 2025-07-01 07:12:00.415 a 2025-07-01-07:11:56 077 195 236 0.6 3.2 6.2 15.5 41.4 730.3 0.00 0 0.0 15.6 24.1 24.4 3.627  -38.2   18.9    3.3  40    5.0  11 0 0 1 1 1 0 15.9 42.7 15.8 43.3 80.0 100 100 20 408 0 143 0 401 401 399 0 0 0 60 50 AUTO 0 
b.1 2025-07-01 07:13:01.470 a 2025-07-01-07:12:57 151 196 249 0.7 2.7 5.5 15.5 41.5 730.3 0.00 0 0.0 15.6 24.1 24.4 3.627  -38.5   18.9    3.1  40    5.0  11 0 0 1 1 1 0 15.9 42.7 15.8 43.3 80.0 100 100 20 408 0 143 0 401 401 399 0 0 0 59 50 AUTO 0 
b.1 2025-07-01 07:14:00.911 a 2025-07-01-07:13:57 103 198 274 0.2 3.4 7.7 15.5 41.1 730.3 0.00 0 0.0 15.6 24.1 24.5 3.633  -38.6   18.9    3.5  40    5.0  11 0 0 1 1 1 0 15.9 42.4 15.8 43.1 80.0 100 100 20 408 0 143 0 401 401 400 0 0 0 59 50 AUTO 0 
b.1 2025-07-01 07:15:01.171 a 2025-07-01-07:14:57 118 197 293 0.5 3.3 9.1 15.5 41.1 730.3 0.00 0 0.0 15.6 24.1 24.5 3.628  -39.8   18.9    3.4  40    4.9  11 0 0 1 1 1 0 15.9 42.2 15.8 42.8 80.0 100 100 20 408 0 143 0 402 401 400 0 0 0 59 50 AUTO 0 
b.1 2025-07-01 07:16:00.551 a 2025-07-01-07:15:56 152 198 287 0.9 3.9 7.7 15.5 40.7 730.4 0.00 0 0.0 15.8 24.1 24.4 3.627  -38.8   18.9    4.0  40    4.9  11 0 0 1 1 1 0 15.9 41.7 15.9 42.4 80.0 100 100 20 408 0 143 0 401 401 400 0 0 0 60 50 AUTO 0 
b.1 2025-07-01 07:16:59.790 a 2025-07-01-07:16:56 083 192 230 1.1 3.2 6.7 15.6 40.4 730.3 0.00 0 0.0 15.7 24.1 24.5 3.627  -41.0   18.9    3.8  40    4.9  11 0 0 1 1 1 0 15.9 42.0 15.9 42.5 80.0 100 100 20 408 0 143 0 401 401 400 0 0 0 60 50 AUTO 0 
b.1 2025-07-01 07:18:01.032 a 2025-07-01-07:17:57 145 197 228 1.3 3.8 7.4 15.6 40.7 730.3 0.00 0 0.0 15.7 24.1 24.5 3.628  -39.2   18.9    4.1  39    4.9  11 0 0 1 1 1 0 15.9 41.9 15.9 42.4 80.0 100 100 20 408 0 143 0 401 401 400 0 0 0 59 50 AUTO 0 
b.1 2025-07-01 07:19:00.871 a 2025-07-01-07:18:57 113 198 309 0.7 3.6 8.3 15.6 40.3 730.3 0.00 0 0.0 15.7 24.1 24.5 3.626  -39.7   19.0    4.0  39    4.9  11 0 0 1 1 1 0 15.9 42.0 15.9 42.5 80.0 100 100 20 408 0 143 0 402 401 400 0 0 0 60 50 AUTO 0 
b.1 2025-07-01 07:20:01.553 a 2025-07-01-07:19:57 156 197 232 1.1 3.0 6.9 15.6 40.7 730.3 0.00 0 0.0 15.7 24.1 24.5 3.627  -38.0   19.0    3.7  39    4.8  11 0 0 1 1 1 0 15.9 42.0 15.9 42.4 80.0 100 100 20 408 0 143 12 401 401 400 5 5 5 59 50 AUTO 0 
b.1 2025-07-01 07:21:00.615 a 2025-07-01-07:20:56 159 197 242 1.4 3.3 6.2 15.6 40.7 730.3 0.00 0 0.0 15.7 24.1 24.4 3.633  -37.7   19.0    3.6  39    4.8  11 0 0 1 1 1 0 15.9 42.1 15.9 42.6 80.0 100 100 20 408 0 143 0 401 402 400 0 0 0 59 50 AUTO 0 
b.1 2025-07-01 07:22:02.414 a 2025-07-01-07:21:58 136 200 289 0.7 3.1 7.1 15.6 40.5 730.3 0.00 0 0.0 15.6 24.1 24.5 3.626  -38.5   19.0    3.5  39    4.8  11 0 0 1 1 1 0 15.9 42.1 15.9 42.6 80.0 100 100 20 408 0 143 0 401 401 400 0 0 0 59 50 AUTO 0 
b.1 2025-07-01 07:23:01.733 a 2025-07-01-07:22:57 073 197 276 0.5 3.0 7.6 15.6 40.8 730.3 0.00 0 0.0 15.6 24.1 24.5 3.627  -37.5   19.0    3.5  39    4.8  11 0 0 1 1 1 0 15.9 42.2 15.9 42.7 80.0 100 100 20 408 0 143 0 401 401 400 0 0 0 60 50 AUTO 0 
b.1 2025-07-01 07:24:00.697 a 2025-07-01-07:23:56 125 198 252 0.7 3.5 8.2 15.5 40.8 730.3 0.00 0 0.0 15.6 24.1 24.5 3.633  -38.6   19.0    3.5  39    4.9  11 0 0 1 1 1 0 15.9 42.2 15.9 42.7 80.0 100 100 20 408 0 143 0 401 401 400 0 0 0 60 50 AUTO 0 
b.1 2025-07-01 07:25:01.753 a 2025-07-01-07:24:57 151 201 324 0.7 4.0 8.2 15.5 40.8 730.3 0.00 0 0.0 15.6 24.1 24.4 3.627  -38.9   18.9    4.1  39    4.8  11 0 0 1 1 1 0 15.9 42.2 15.9 42.8 80.0 100 100 20 408 0 143 0 401 401 400 0 0 0 59 50 AUTO 0 
b.1 2025-07-01 07:26:00.292 a 2025-07-01-07:25:56 118 196 233 0.5 3.5 7.5 15.5 40.5 730.3 0.00 0 0.0 15.6 24.1 24.5 3.627  -39.9   18.9    4.0  39    4.8  11 0 0 1 1 1 0 15.9 42.2 15.9 42.8 80.0 100 100 20 408 0 143 0 401 401 400 0 0 0 60 50 AUTO 0 
b.1 2025-07-01 07:27:01.776 a 2025-07-01-07:26:57 128 195 238 0.3 2.9 6.4 15.5 40.9 730.3 0.00 0 0.0 15.6 24.1 24.5 3.627  -39.4   18.9    3.6  39    4.8  11 0 0 1 1 1 0 15.9 42.2 15.9 42.8 80.0 100 100 20 408 0 143 0 402 401 400 0 0 0 59 50 AUTO 0 
b.1 2025-07-01 07:28:01.430 a 2025-07-01-07:27:57 155 197 218 1.1 3.7 6.6 15.5 41.0 730.2 0.00 0 0.0 15.6 24.1 24.5 3.627  -37.9   18.9    3.9  39    4.8  11 0 0 1 1 1 0 15.9 42.2 15.9 42.7 80.0 100 100 20 408 0 143 0 401 401 400 0 0 0 60 50 AUTO 0 
b.1 2025-07-01 07:29:00.637 a 2025-07-01-07:28:56 156 200 240 1.2 3.6 7.0 15.5 40.8 730.2 0.00 0 0.0 15.6 24.1 24.5 3.628  -39.3   18.9    4.0  39    4.8  11 0 0 1 1 1 0 15.9 42.1 15.9 42.6 80.0 100 100 20 408 0 143 0 401 401 400 0 0 0 59 50 AUTO 0 
b.1 2025-07-01 07:30:01.877 a 2025-07-01-07:29:58 154 197 225 1.2 4.1 7.9 15.5 40.8 730.2 0.00 0 0.0 15.6 24.1 24.5 3.627  -38.8   18.9    4.5  39    4.8  11 0 0 1 1 1 0 16.0 42.0 15.9 42.6 80.0 100 100 20 408 0 143 0 401 401 400 0 0 0 59 50 AUTO 0 
b.1 2025-07-01 07:31:02.500 a 2025-07-01-07:30:58 137 197 232 1.4 3.6 7.9 15.5 40.6 730.2 0.00 0 0.0 15.7 24.1 24.5 3.627  -37.9   18.9    4.1  39    4.8  11 0 0 1 1 1 0 15.9 41.8 15.9 42.4 80.0 100 100 20 408 0 143 0 401 401 400 0 0 0 60 50 AUTO 0 
b.1 2025-07-01 07:32:01.076 a 2025-07-01-07:31:57 160 200 236 1.6 4.0 7.6 15.5 40.6 730.2 0.00 0 0.0 15.7 24.1 24.5 3.627  -40.2   18.9    4.4  39    4.8  11 0 0 1 1 1 0 16.0 41.8 15.9 42.4 80.0 100 100 20 408 0 143 0 401 401 400 0 0 0 59 50 AUTO 0 
b.1 2025-07-01 07:33:00.493 a 2025-07-01-07:32:56 159 202 232 0.8 3.8 6.9 15.5 40.8 730.2 0.00 0 0.0 15.6 24.1 24.5 3.627  -37.7   18.9    4.6  39    4.7  11 0 0 1 1 1 0 16.0 41.9 15.9 42.4 80.0 100 100 20 408 0 143 0 401 401 400 0 0 0 59 50 AUTO 0 
b.1 2025-07-01 07:34:01.776 a 2025-07-01-07:33:57 152 198 226 1.3 3.6 7.0 15.5 40.7 730.2 0.00 0 0.0 15.6 24.1 24.4 3.627  -38.2   18.9    4.3  39    4.7  11 0 0 1 1 1 0 16.0 41.8 15.9 42.4 80.0 100 100 20 408 0 143 0 402 401 400 0 0 0 59 50 AUTO 0 
b.1 2025-07-01 07:35:01.095 a 2025-07-01-07:34:57 157 199 224 1.1 3.8 8.2 15.5 41.0 730.2 0.00 0 0.0 15.6 24.1 24.5 3.627  -39.8   18.9    4.6  39    4.8  11 0 0 1 1 1 0 15.9 41.9 15.9 42.5 80.0 100 100 20 408 0 143 0 401 401 399 0 0 0 60 50 AUTO 0 
b.1 2025-07-01 07:36:01.776 a 2025-07-01-07:35:58 139 197 236 1.1 4.0 7.0 15.4 40.7 730.2 0.00 0 0.0 15.6 24.1 24.5 3.627  -38.3   18.9    4.8  39    4.7  11 0 0 1 1 1 0 15.9 41.9 15.9 42.4 80.0 100 100 20 408 0 143 0 401 401 400 0 0 0 59 50 AUTO 0 
b.1 2025-07-01 07:37:01.295 a 2025-07-01-07:36:57 161 200 237 1.9 4.1 8.0 15.5 40.3 730.2 0.00 0 0.0 15.7 24.1 24.5 3.633  -40.6   18.9    4.9  39    4.7  11 0 0 1 1 1 0 15.9 42.0 15.9 42.2 80.0 100 100 20 408 0 143 0 402 401 400 0 0 0 60 50 AUTO 0 
b.1 2025-07-01 07:38:01.278 a 2025-07-01-07:37:57 113 202 293 0.7 4.7 8.6 15.5 40.0 730.1 0.00 0 0.0 15.7 24.1 24.5 3.627  -39.3   18.9    5.4  39    4.7  12 0 0 1 1 1 0 15.9 41.6 15.9 42.0 80.0 100 100 20 408 0 143 0 401 401 400 0 0 0 59 50 AUTO 0 
b.1 2025-07-01 07:39:01.855 a 2025-07-01-07:38:58 141 199 226 1.0 4.3 7.7 15.5 40.5 730.2 0.00 0 0.0 15.7 24.1 24.5 3.626  -39.7   18.9    5.5  39    4.7  12 0 0 1 1 1 0 16.0 41.7 15.9 42.2 80.0 100 100 20 408 0 143 0 401 402 400 0 0 0 60 50 AUTO 0 
b.1 2025-07-01 07:40:01.835 a 2025-07-01-07:39:58 167 201 222 1.5 3.9 7.5 15.5 40.8 730.1 0.00 0 0.0 15.7 24.1 24.4 3.633  -38.1   18.9    4.9  39    4.7  12 0 0 1 1 1 0 15.9 41.8 15.9 42.4 80.0 100 100 20 408 0 143 0 401 401 400 0 0 0 59 50 AUTO 0 
b.1 2025-07-01 07:41:01.915 a 2025-07-01-07:40:58 162 201 237 1.9 4.6 8.3 15.5 40.9 730.1 0.00 0 0.0 15.7 24.1 24.5 3.627  -39.7   18.9    5.6  39    4.7  12 0 0 1 1 1 0 15.9 41.9 15.9 42.4 80.0 100 100 20 408 0 143 0 401 401 400 0 0 0 59 50 AUTO 0 
b.1 2025-07-01 07:42:01.256 a 2025-07-01-07:41:57 136 201 231 0.8 4.3 8.7 15.5 40.3 730.1 0.00 0 0.0 15.7 24.1 24.5 3.626  -39.9   18.9    5.7  39    4.7  12 0 0 1 1 1 0 15.9 42.0 15.9 42.4 80.0 100 100 20 408 0 143 0 401 401 400 0 0 0 60 50 AUTO 0 
b.1 2025-07-01 07:42:59.835 a 2025-07-01-07:42:56 135 202 225 1.3 4.1 8.0 15.5 40.8 730.1 0.00 0 0.0 15.6 24.1 24.4 3.627  -39.1   18.9    5.4  39    4.7  12 0 0 1 1 1 0 16.0 41.9 15.9 42.4 80.0 100 100 20 408 0 143 0 401 401 399 0 0 0 60 50 AUTO 0 
b.1 2025-07-01 07:43:59.957 a 2025-07-01-07:43:56 159 199 229 1.9 4.8 9.5 15.4 40.5 730.1 0.00 0 0.0 15.7 24.1 24.5 3.626  -40.2   18.9    5.9  39    4.7  12 0 0 1 1 1 0 15.9 41.9 15.9 42.4 80.0 100 100 20 408 0 143 0 401 401 400 0 0 0 60 50 AUTO 0 
b.1 2025-07-01 07:45:01.660 a 2025-07-01-07:44:57 162 200 229 1.0 4.3 8.5 15.4 40.9 730.1 0.00 0 0.0 15.6 24.1 24.5 3.627  -38.2   18.9    5.9  39    4.7  12 0 0 1 1 1 0 15.9 41.9 15.9 42.4 80.0 100 100 20 408 0 143 0 402 401 400 0 0 0 59 50 AUTO 0 
b.1 2025-07-01 07:46:01.815 a 2025-07-01-07:45:58 160 202 229 1.3 4.4 8.0 15.4 41.1 730.1 0.00 0 0.0 15.6 24.1 24.4 3.634  -40.2   18.9    5.7  39    4.7  12 0 0 1 1 1 0 15.9 41.9 15.9 42.5 80.0 100 100 20 408 0 143 0 401 401 400 0 0 0 59 50 AUTO 0 
b.1 2025-07-01 07:47:00.558 a 2025-07-01-07:46:56 157 202 276 1.3 4.6 10.0 15.4 41.1 730.1 0.00 0 0.0 15.6 24.1 24.4 3.627  -37.9   18.9    5.7  39    4.7  12 0 0 1 1 1 0 15.9 42.0 15.9 42.6 80.0 100 100 20 408 0 143 0 401 402 400 0 0 0 60 50 AUTO 0 
b.1 2025-07-01 07:48:02.196 a 2025-07-01-07:47:58 070 197 227 0.3 4.1 10.8 15.4 41.1 730.2 0.00 0 0.0 15.7 24.1 24.4 3.627  -39.6   18.9    5.2  39    4.7  12 0 0 1 1 1 0 15.9 41.9 15.9 42.4 80.0 100 100 20 408 0 143 0 401 401 400 0 0 0 59 50 AUTO 0 
b.1 2025-07-01 07:49:00.539 a 2025-07-01-07:48:56 144 200 246 0.7 4.1 8.2 15.4 40.7 730.1 0.00 0 0.0 15.7 24.1 24.4 3.626  -37.4   18.9    5.3  39    4.7  12 0 0 1 1 1 0 15.9 41.9 15.9 42.4 80.0 100 100 20 408 0 143 0 401 401 400 0 0 0 59 50 AUTO 0 
b.1 2025-07-01 07:50:01.920 a 2025-07-01-07:49:58 144 201 232 0.7 3.7 7.0 15.4 40.8 730.1 0.00 0 0.0 15.6 24.1 24.5 3.628  -37.9   18.9    4.7  39    4.7  12 0 0 1 1 1 0 15.9 42.0 15.9 42.5 80.0 100 100 20 408 0 143 0 401 401 400 0 0 0 59 50 AUTO 0 
b.1 2025-07-01 07:50:59.904 a 2025-07-01-07:50:56 153 200 226 0.8 4.2 7.6 15.4 40.9 730.1 0.00 0 0.0 15.6 24.1 24.5 3.626  -40.0   18.9    5.1  39    4.7  12 0 0 1 1 1 0 15.9 42.0 15.9 42.5 80.0 100 100 20 408 0 143 0 401 402 400 0 0 0 60 50 AUTO 0 
b.1 2025-07-01 07:52:01.519 a 2025-07-01-07:51:57 164 202 228 0.9 4.6 9.6 15.4 40.9 730.1 0.00 0 0.0 15.6 24.1 24.5 3.627  -38.5   18.9    5.7  39    4.7  12 0 0 1 1 1 0 15.9 42.0 15.9 42.5 80.0 100 100 20 408 0 143 0 401 401 400 0 0 0 60 50 AUTO 0 
b.1 2025-07-01 07:53:02.002 a 2025-07-01-07:52:58 149 204 231 2.3 5.1 8.9 15.4 40.9 730.1 0.00 0 0.0 15.6 24.1 24.4 3.628  -38.3   18.9    6.4  39    4.7  12 0 0 1 1 1 0 15.9 42.0 15.9 42.5 80.0 100 100 20 408 0 143 0 402 401 400 0 0 0 59 50 AUTO 0 
b.1 2025-07-01 07:54:02.259 a 2025-07-01-07:53:58 160 203 231 1.4 5.0 8.4 15.4 39.9 730.1 0.00 0 0.0 15.7 24.1 24.5 3.626  -38.8   18.9    6.8  39    4.7  12 0 0 1 1 1 0 15.9 41.6 15.9 42.1 80.0 100 100 20 408 0 143 0 401 402 399 0 0 0 60 50 AUTO 0 
b.1 2025-07-01 07:55:01.358 a 2025-07-01-07:54:57 141 199 279 1.2 3.9 7.2 15.4 40.4 730.2 0.00 0 0.0 15.7 24.1 24.5 3.627  -38.4   18.9    5.6  39    4.7  12 0 0 1 1 1 0 15.9 41.5 15.9 42.0 80.0 100 100 20 408 0 143 0 401 402 400 0 0 0 60 50 AUTO 0 
b.1 2025-07-01 07:56:01.161 a 2025-07-01-07:55:57 173 202 231 1.5 4.3 8.4 15.4 40.6 730.2 0.00 0 0.0 15.6 24.1 24.5 3.633  -39.3   18.9    5.6  39    4.7  12 0 0 1 1 1 0 15.9 41.6 15.9 42.2 80.0 100 100 20 408 0 143 0 401 401 400 0 0 0 60 50 AUTO 0 
b.1 2025-07-01 07:57:01.380 a 2025-07-01-07:56:57 133 204 271 1.1 4.7 8.6 15.5 40.6 730.2 0.00 0 0.0 15.6 24.1 24.5 3.628  -38.8   18.9    6.0  39    4.7  12 0 0 1 1 1 0 15.9 41.7 15.9 42.3 80.0 100 100 20 408 0 143 0 401 401 400 0 0 0 59 50 AUTO 0 
b.1 2025-07-01 07:58:01.878 a 2025-07-01-07:57:58 153 199 226 0.9 4.3 7.7 15.5 40.6 730.1 0.00 0 0.0 15.6 24.1 24.5 3.627  -41.4   18.9    5.5  39    4.7  12 0 0 1 1 1 0 15.9 41.7 15.9 42.3 80.0 100 100 20 408 0 143 0 401 401 400 0 0 0 60 50 AUTO 0 
b.1 2025-07-01 07:59:00.839 a 2025-07-01-07:58:57 153 200 235 2.0 5.0 9.3 15.5 40.5 730.2 0.00 0 0.0 15.7 24.1 24.5 3.632  -40.2   18.9    6.2  39    4.7  12 0 0 1 1 1 0 15.9 41.9 15.9 42.4 80.0 100 100 20 408 0 143 0 401 402 399 0 0 0 59 50 AUTO 0 
b.1 2025-07-01 08:00:01.664 a 2025-07-01-07:59:57 134 200 232 0.9 4.6 9.4 15.5 40.7 730.1 0.00 0 0.0 15.7 24.1 24.4 3.627  -39.5   18.9    6.5  39    4.7  12 0 0 1 1 1 0 15.9 41.8 15.8 42.4 80.0 100 100 20 408 0 143 0 401 402 400 0 0 0 60 50 AUTO 0 
b.1 2025-07-01 08:01:00.243 a 2025-07-01-08:00:56 161 200 220 1.2 4.5 8.0 15.5 40.6 730.1 0.00 0 0.0 15.7 24.1 24.4 3.626  -38.5   18.9    6.3  39    4.7  12 0 0 1 1 1 0 15.9 41.8 15.8 42.3 80.0 100 100 20 408 0 143 0 401 401 400 0 0 0 59 50 AUTO 0 
b.1 2025-07-01 08:02:00.960 a 2025-07-01-08:01:57 161 201 236 1.6 4.5 7.5 15.5 40.5 730.1 0.00 0 0.0 15.7 24.1 24.5 3.631  -38.0   18.9    6.0  39    4.7  12 0 0 1 1 1 0 15.8 41.8 15.8 42.4 80.0 100 100 20 408 0 143 0 401 401 400 0 0 0 59 50 AUTO 0 
b.1 2025-07-01 08:03:01.740 a 2025-07-01-08:02:57 152 202 225 2.1 4.6 8.6 15.5 40.7 730.1 0.00 0 0.0 15.8 24.1 24.5 3.626  -37.6   18.9    6.3  39    4.7  12 0 0 1 1 1 0 15.8 42.2 15.8 42.7 80.0 100 100 20 408 0 143 2 401 402 399 0 0 3 60 50 AUTO 0 
b.1 2025-07-01 08:04:00.180 a 2025-07-01-08:03:56 147 201 231 1.5 3.9 8.8 15.5 40.7 730.2 0.00 0 0.0 15.7 24.1 24.4 3.627  -39.8   18.9    5.4  39    4.7  12 0 0 1 1 1 0 15.8 42.3 15.8 42.7 80.0 100 100 20 408 0 143 3 401 401 400 0 2 2 59 50 AUTO 0 
b.1 2025-07-01 08:05:02.500 a 2025-07-01-08:04:58 150 200 228 1.4 4.7 8.5 15.5 39.5 730.1 0.00 0 0.0 15.7 24.1 24.5 3.627  -39.2   18.9    5.9  39    4.6  12 0 0 1 1 1 0 15.8 41.9 15.8 42.2 80.0 100 100 20 408 0 143 0 401 402 400 0 0 0 60 50 AUTO 0 
b.1 2025-07-01 08:06:01.562 a 2025-07-01-08:05:57 154 204 228 1.7 5.2 9.5 15.5 40.3 730.1 0.00 0 0.0 15.8 24.1 24.5 3.627  -40.0   18.9    6.7  39    4.7  12 0 0 1 1 1 0 15.8 41.8 15.8 42.3 80.0 100 100 20 408 0 143 0 401 401 400 0 0 0 60 50 AUTO 0 
b.1 2025-07-01 08:07:01.480 a 2025-07-01-08:06:57 175 203 222 2.0 4.2 7.7 15.5 40.8 730.1 0.00 0 0.0 15.7 24.1 24.5 3.627  -37.5   18.9    6.3  39    4.7  12 0 0 1 1 1 0 15.8 42.0 15.8 42.5 80.0 100 100 20 408 0 143 0 401 402 399 0 0 0 59 50 AUTO 0 
b.1 2025-07-01 08:08:01.382 a 2025-07-01-08:07:57 167 202 224 1.1 5.0 10.3 15.5 40.6 730.1 0.00 0 0.0 15.7 24.1 24.5 3.627  -39.5   18.9    6.9  39    4.7  12 0 0 1 1 1 0 15.9 42.0 15.8 42.5 80.0 100 100 20 408 0 143 0 402 401 400 0 0 0 60 50 AUTO 0 
b.1 2025-07-01 08:09:02.003 a 2025-07-01-08:08:58 155 202 232 1.7 4.6 8.9 15.5 40.0 730.0 0.00 0 0.0 15.7 24.1 24.5 3.627  -40.0   18.9    6.3  39    4.7  12 0 0 1 1 1 0 15.9 41.7 15.8 42.2 80.0 100 100 20 408 0 143 0 401 401 400 0 0 0 59 50 AUTO 0 
b.1 2025-07-01 08:10:01.565 a 2025-07-01-08:09:57 141 200 242 1.6 4.1 7.6 15.5 40.0 730.1 0.00 0 0.0 15.7 24.1 24.5 3.627  -38.2   18.9    5.8  39    4.6  12 0 0 1 1 1 0 15.9 41.5 15.8 42.0 80.0 100 100 20 408 0 143 0 401 401 400 0 0 0 59 50 AUTO 0 
b.1 2025-07-01 08:11:01.720 a 2025-07-01-08:10:57 134 198 223 1.4 3.6 6.5 15.5 39.8 730.1 0.00 0 0.0 15.7 24.1 24.5 3.628  -40.1   18.9    4.9  39    4.6  12 0 0 1 1 1 0 15.9 41.2 15.8 41.7 80.0 100 100 20 408 0 143 0 401 401 399 0 0 0 59 50 AUTO 0 
b.1 2025-07-01 08:12:00.022 a 2025-07-01-08:11:56 169 199 234 1.5 4.3 6.7 15.5 40.0 730.1 0.00 0 0.0 15.7 24.1 24.4 3.633  -39.0   18.9    5.0  39    4.6  12 0 0 1 1 1 0 15.9 41.3 15.8 41.8 80.0 100 100 20 408 0 143 0 401 402 400 0 0 0 59 50 AUTO 0 
b.1 2025-07-01 08:13:01.203 a 2025-07-01-08:12:57 166 199 224 1.2 4.1 9.0 15.5 40.1 730.1 0.00 0 0.0 15.7 24.1 24.4 3.627  -38.3   18.9    5.0  39    4.6  12 0 0 1 1 1 0 15.9 41.4 15.8 42.0 80.0 100 100 20 408 0 143 0 402 401 400 0 0 0 59 50 AUTO 0 
b.1 2025-07-01 08:14:01.604 a 2025-07-01-08:13:57 160 199 311 0.4 3.9 9.2 15.5 40.7 730.1 0.00 0 0.0 15.8 24.1 24.5 3.627  -38.1   18.9    4.8  39    4.7  12 0 0 1 1 1 0 15.9 41.7 15.8 42.4 80.0 100 100 20 408 0 143 0 401 401 400 0 0 0 59 50 AUTO 0 
b.1 2025-07-01 08:15:01.173 a 2025-07-01-08:14:57 125 197 289 1.1 4.1 7.2 15.5 41.0 730.0 0.00 0 0.0 15.7 24.1 24.5 3.633  -41.0   18.9    5.0  39    4.7  12 0 0 1 1 1 0 15.9 42.0 15.8 42.7 80.0 100 100 20 408 0 143 0 402 401 400 0 0 0 59 50 AUTO 0 
b.1 2025-07-01 08:16:01.703 a 2025-07-01-08:15:57 136 199 236 0.9 4.4 8.0 15.5 41.1 730.0 0.00 0 0.0 15.7 24.1 24.5 3.627  -41.4   18.9    5.2  39    4.7  12 0 0 1 1 1 0 15.9 42.2 15.8 42.9 80.0 100 100 20 408 0 143 0 401 401 400 0 0 0 60 50 AUTO 0 
b.1 2025-07-01 08:17:00.664 a 2025-07-01-08:16:56 157 199 226 1.3 3.9 7.7 15.5 39.5 730.0 0.00 0 0.0 15.7 24.1 24.5 3.634  -38.8   18.9    5.1  39    4.7  12 0 0 1 1 1 0 15.9 42.2 15.8 42.8 80.0 100 100 20 408 0 143 0 401 401 400 0 0 0 60 50 AUTO 0 
b.1 2025-07-01 08:18:01.063 a 2025-07-01-08:17:57 115 201 297 1.0 3.6 7.2 15.5 39.5 730.0 0.00 0 0.0 15.7 24.1 24.4 3.635  -40.3   18.9    4.6  39    4.6  12 0 0 1 1 1 0 15.9 41.6 15.8 42.2 80.0 100 100 20 408 0 143 0 402 401 400 0 0 0 59 50 AUTO 0 
b.1 2025-07-01 08:19:02.207 a 2025-07-01-08:18:58 106 197 320 0.4 3.5 7.0 15.5 39.4 730.0 0.00 0 0.0 15.7 24.1 24.5 3.627  -38.2   18.9    4.3  39    4.6  12 0 0 1 1 1 0 15.9 41.4 15.8 41.9 80.0 100 100 20 408 0 143 0 401 401 400 0 0 0 60 50 AUTO 0 
b.1 2025-07-01 08:20:01.262 a 2025-07-01-08:19:57 143 196 238 0.5 3.9 9.2 15.5 39.7 730.0 0.00 0 0.0 15.7 24.1 24.4 3.627  -40.0   18.9    4.6  39    4.6  12 0 0 1 1 1 0 15.9 41.4 15.8 41.8 80.0 100 100 20 408 0 144 0 401 402 400 0 0 0 59 50 AUTO 0 
b.1 2025-07-01 08:21:01.605 a 2025-07-01-08:20:57 154 198 224 0.8 3.6 7.6 15.6 39.8 730.0 0.00 0 0.0 15.8 24.1 24.5 3.628  -38.5   18.9    4.3  39    4.6  12 0 0 1 1 1 0 15.9 41.4 15.8 42.0 80.0 100 100 20 408 0 144 0 401 402 400 0 0 0 60 50 AUTO 0 
b.1 2025-07-01 08:22:00.947 a 2025-07-01-08:21:57 154 199 224 0.8 3.4 6.8 15.6 40.1 730.0 0.00 0 0.0 15.7 24.1 24.5 3.627  -38.3   18.9    4.2  39    4.6  10 0 0 1 1 1 0 15.9 41.5 15.8 42.1 80.0 100 100 20 408 0 144 0 401 401 399 0 0 0 59 50 AUTO 0 
b.1 2025-07-01 08:23:00.503 a 2025-07-01-08:22:56 149 200 246 1.4 3.6 6.0 15.5 39.9 730.0 0.00 0 0.0 15.6 24.1 24.5 3.626  -39.8   18.9    4.2  39    4.6  11 0 0 1 1 1 0 15.9 41.5 15.8 42.1 80.0 100 100 20 408 0 144 0 401 401 400 0 0 0 60 50 AUTO 0 
b.1 2025-07-01 08:24:01.464 a 2025-07-01-08:23:57 134 203 307 0.7 3.3 7.2 15.5 39.9 730.0 0.00 0 0.0 15.6 24.1 24.5 3.628  -38.7   18.9    4.1  39    4.6  11 0 0 1 1 1 0 15.9 41.5 15.8 42.1 80.0 100 100 20 408 0 144 0 400 401 399 0 0 0 60 50 AUTO 0 
b.1 2025-07-01 08:24:59.865 a 2025-07-01-08:24:56 093 197 243 0.7 3.4 6.3 15.5 39.9 730.0 0.00 0 0.0 15.7 24.1 24.5 3.627  -38.6   18.9    3.8  39    4.5  11 0 0 1 1 1 0 15.9 41.3 15.8 41.7 80.0 100 100 20 408 0 144 0 401 401 400 0 0 0 59 50 AUTO 0 
b.1 2025-07-01 08:26:01.282 a 2025-07-01-08:25:57 148 199 234 1.2 4.4 7.6 15.5 38.5 729.9 0.00 0 0.0 15.8 24.1 24.5 3.627  -39.9   18.9    4.5  38    4.5  11 0 0 1 1 1 0 15.8 41.0 15.8 41.5 80.0 100 100 20 408 0 144 0 401 401 400 0 0 0 60 50 AUTO 0 
b.1 2025-07-01 08:27:01.187 a 2025-07-01-08:26:57 160 201 242 1.2 4.0 8.0 15.6 39.8 730.0 0.00 0 0.0 15.8 24.1 24.5 3.627  -39.8   18.9    4.6  38    4.5  11 0 0 1 1 1 0 15.8 41.2 15.8 41.6 80.0 100 100 20 408 0 144 0 401 401 400 0 0 0 59 50 AUTO 0 
b.1 2025-07-01 08:28:01.411 a 2025-07-01-08:27:57 119 201 229 1.3 3.9 7.0 15.6 38.8 730.0 0.00 0 0.0 15.8 24.1 24.5 3.627  -39.8   19.0    4.6  38    4.5  11 0 0 1 1 1 0 15.9 40.9 15.8 41.3 80.0 100 100 20 408 0 144 0 401 402 400 0 0 0 60 50 AUTO 0 
b.1 2025-07-01 08:29:01.344 a 2025-07-01-08:28:57 160 201 228 1.2 3.8 7.2 15.6 39.0 730.0 0.00 0 0.0 15.8 24.1 24.5 3.627  -39.0   18.9    4.3  38    4.5  11 0 0 1 1 1 0 15.8 41.0 15.8 41.4 80.0 100 100 20 408 0 144 0 401 401 400 0 0 0 59 50 AUTO 0 
b.1 2025-07-01 08:30:01.845 a 2025-07-01-08:29:57 138 201 235 0.3 3.7 8.1 15.6 39.4 729.9 0.00 0 0.0 15.7 24.1 24.5 3.627  -37.8   19.0    4.2  38    4.5  11 0 0 1 1 1 0 15.8 41.1 15.8 41.6 80.0 100 100 20 408 0 144 0 401 401 399 0 0 0 60 50 AUTO 0 
b.1 2025-07-01 08:31:01.588 a 2025-07-01-08:30:57 150 202 272 1.0 4.6 10.3 15.6 40.1 729.8 0.00 0 0.0 15.8 24.1 24.5 3.627  -37.5   19.0    4.8  39    4.6  12 0 0 1 1 1 0 15.9 41.5 15.8 42.1 80.0 100 100 20 408 0 143 0 401 401 399 0 0 0 59 50 AUTO 0 
b.1 2025-07-01 08:32:01.282 a 2025-07-01-08:31:57 157 202 236 1.6 4.3 8.9 15.6 39.7 729.9 0.00 0 0.0 15.8 24.1 24.5 3.627  -38.3   19.0    5.0  38    4.5  12 0 0 1 1 1 0 15.8 41.1 15.8 41.3 80.0 100 100 20 408 0 144 0 401 401 400 0 0 0 59 50 AUTO 0 
b.1 2025-07-01 08:33:01.368 a 2025-07-01-08:32:57 173 204 222 1.1 3.9 8.0 15.6 39.1 729.9 0.00 0 0.0 15.7 24.1 24.5 3.626  -39.6   19.0    4.7  38    4.4  12 0 0 1 1 1 0 15.8 40.6 15.8 41.2 80.0 100 100 20 408 0 144 0 401 401 400 0 0 0 60 50 AUTO 0 
b.1 2025-07-01 08:34:01.165 a 2025-07-01-08:33:57 158 201 226 1.3 4.7 8.9 15.6 39.1 729.9 0.00 0 0.0 15.9 24.1 24.5 3.627  -40.5   19.0    5.7  38    4.5  12 0 0 1 1 1 0 15.8 40.9 15.8 41.4 80.0 100 100 20 408 0 144 0 401 401 400 0 0 0 59 50 AUTO 0 
b.1 2025-07-01 08:35:01.930 a 2025-07-01-08:34:58 160 202 226 0.8 4.6 9.1 15.6 39.5 729.8 0.00 0 0.0 15.8 24.1 24.5 3.628  -40.2   19.0    6.0  38    4.5  12 0 0 1 1 1 0 15.8 41.1 15.8 41.6 80.0 100 100 20 408 0 144 0 401 401 400 0 0 0 59 50 AUTO 0 
b.1 2025-07-01 08:36:01.684 a 2025-07-01-08:35:57 123 200 277 1.3 4.8 9.0 15.6 38.8 729.9 0.00 0 0.0 15.8 24.1 24.5 3.627  -40.6   19.0    6.3  38    4.4  12 0 0 1 1 1 0 15.8 41.0 15.8 41.4 80.0 100 100 20 408 0 143 0 401 401 400 0 0 0 60 50 AUTO 0 
b.1 2025-07-01 08:37:01.246 a 2025-07-01-08:36:57 153 201 232 1.3 4.4 9.0 15.6 39.0 729.9 0.00 0 0.0 15.8 24.1 24.4 3.633  -39.6   19.0    6.1  38    4.4  12 0 0 1 1 1 0 15.8 40.8 15.8 41.2 80.0 100 99 20 408 0 143 0 401 401 400 0 0 0 59 50 AUTO 0 
b.1 2025-07-01 08:38:01.568 a 2025-07-01-08:37:57 158 201 227 1.8 4.4 9.3 15.6 38.8 729.9 0.00 0 0.0 15.8 24.1 24.5 3.627  -40.9   19.0    5.7  38    4.4  12 0 0 1 1 1 0 15.8 40.8 15.8 41.3 80.0 100 100 20 408 0 144 0 402 401 400 0 0 0 60 50 AUTO 0 
b.1 2025-07-01 08:39:01.265 a 2025-07-01-08:38:57 107 198 236 0.6 4.0 9.3 15.6 38.8 729.8 0.00 0 0.0 15.8 24.1 24.5 3.627  -38.7   19.0    5.3  38    4.4  12 0 0 1 1 1 0 15.8 40.6 15.8 41.0 80.0 100 100 20 408 0 144 0 401 401 399 0 0 0 59 50 AUTO 0 
b.1 2025-07-01 08:40:00.789 a 2025-07-01-08:39:56 139 200 302 0.5 4.2 8.6 15.6 38.4 729.9 0.00 0 0.0 15.8 24.1 24.4 3.634  -40.0   19.0    5.3  38    4.4  12 0 0 1 1 1 0 15.9 40.5 15.8 41.0 80.0 100 100 20 408 0 144 0 401 401 400 0 0 0 59 50 AUTO 0 
b.1 2025-07-01 08:41:01.085 a 2025-07-01-08:40:57 162 199 231 1.6 4.9 9.0 15.6 38.3 729.8 0.00 0 0.0 15.8 24.1 24.5 3.627  -39.5   19.0    6.2  38    4.3  12 0 0 1 1 1 0 15.8 40.4 15.8 40.9 80.0 100 100 20 408 0 144 0 401 401 400 0 0 0 59 50 AUTO 0 
b.1 2025-07-01 08:42:01.309 a 2025-07-01-08:41:57 130 201 232 1.4 5.2 9.3 15.7 37.9 729.8 0.00 0 0.0 15.9 24.1 24.5 3.627  -40.5   19.0    6.2  38    4.3  12 0 0 1 1 1 0 15.8 40.4 15.8 40.8 80.0 100 100 20 408 0 144 0 402 401 400 0 0 0 59 50 AUTO 0 
b.1 2025-07-01 08:43:01.249 a 2025-07-01-08:42:57 149 201 230 1.6 4.2 7.2 15.7 38.7 729.9 0.00 0 0.0 15.9 24.1 24.5 3.628  -39.5   19.0    5.6  38    4.4  12 0 0 1 1 1 0 15.8 40.4 15.8 40.9 80.0 100 100 20 408 0 144 0 401 402 400 0 0 0 60 50 AUTO 0 
b.1 2025-07-01 08:44:00.407 a 2025-07-01-08:43:56 135 199 231 1.4 4.1 8.1 15.7 37.8 729.9 0.00 0 0.0 16.0 24.1 24.5 3.627  -38.2   19.0    5.2  38    4.3  12 0 0 1 1 1 0 15.9 40.1 15.8 40.5 80.0 100 100 20 408 0 144 0 401 401 400 0 0 0 59 50 AUTO 0 
b.1 2025-07-01 08:45:01.507 a 2025-07-01-08:44:57 170 202 227 1.3 4.0 7.4 15.7 38.1 729.9 0.00 0 0.0 15.9 24.1 24.5 3.627  -38.0   19.0    5.0  38    4.3  12 0 0 1 1 1 0 15.9 40.1 15.8 40.5 80.0 100 100 20 408 0 144 0 401 401 400 0 0 0 59 50 AUTO 0 
b.1 2025-07-01 08:46:00.066 a 2025-07-01-08:45:56 159 200 236 1.1 3.5 6.8 15.7 37.6 729.9 0.00 0 0.0 15.9 24.1 24.5 3.627  -40.1   19.1    4.6  38    4.3  12 0 0 1 1 1 0 15.8 39.8 15.8 40.1 80.0 100 100 20 408 0 143 0 401 401 400 0 0 0 59 50 AUTO 0 
b.1 2025-07-01 08:47:00.828 a 2025-07-01-08:46:56 154 199 245 0.3 3.6 7.7 15.7 37.6 729.9 0.00 0 0.0 15.9 24.1 24.4 3.627  -39.0   19.1    4.2  37    4.3  12 0 0 1 1 1 0 15.8 39.8 15.9 40.0 80.0 100 100 20 408 0 144 0 401 401 400 0 0 0 59 50 AUTO 0 
b.1 2025-07-01 08:48:00.631 a 2025-07-01-08:47:56 144 200 312 1.0 3.0 6.7 15.7 37.8 730.0 0.00 0 0.0 15.9 24.1 24.5 3.628  -38.6   19.1    3.8  37    4.2   0 0 0 1 1 1 0 15.8 40.0 15.9 40.2 80.0 100 100 20 408 0 143 0 401 402 399 0 0 0 59 50 AUTO 0 
b.1 2025-07-01 08:49:00.707 a 2025-07-01-08:48:56 106 198 233 0.3 3.0 6.4 15.7 37.3 729.9 0.00 0 0.0 15.8 24.1 24.5 3.633  -38.1   19.1    3.6  37    4.2  10 0 0 1 1 1 0 15.8 39.9 15.9 40.2 80.0 100 100 20 408 0 143 0 401 401 400 0 0 0 60 50 AUTO 0 
b.1 2025-07-01 08:50:02.407 a 2025-07-01-08:49:58 105 195 227 0.5 3.5 7.0 15.7 36.7 729.9 0.00 0 0.0 15.9 24.1 24.5 3.633  -38.7   19.1    3.9  37    4.1  11 0 0 1 1 1 0 15.8 39.5 15.8 39.8 80.0 100 100 20 408 0 143 0 401 401 400 0 0 0 59 50 AUTO 0 
b.1 2025-07-01 08:51:01.286 a 2025-07-01-08:50:57 022 196 234 0.4 3.2 7.8 15.7 36.7 729.9 0.00 0 0.0 16.0 24.1 24.4 3.627  -39.5   19.1    3.6  37    4.0  11 0 0 1 1 1 0 15.8 39.0 15.8 39.2 80.0 100 100 20 408 0 144 0 401 402 400 0 0 0 59 50 AUTO 0 
b.1 2025-07-01 08:52:01.688 a 2025-07-01-08:51:57 122 196 275 0.5 3.3 6.8 15.8 36.1 729.9 0.00 0 0.0 16.0 24.1 24.4 3.627  -40.3   19.1    3.7  37    4.0  11 0 0 1 1 1 0 15.8 38.9 15.8 39.1 80.0 100 100 20 408 0 143 0 401 401 400 0 0 0 60 50 AUTO 0 
b.1 2025-07-01 08:53:01.805 a 2025-07-01-08:52:57 124 201 312 0.5 3.1 8.2 15.8 36.3 729.9 0.00 0 0.0 16.0 24.1 24.5 3.627  -40.4   19.1    3.4  37    4.0  11 0 0 1 1 1 0 15.8 39.0 15.8 39.2 80.0 100 100 20 408 0 144 0 401 401 399 0 0 0 60 50 AUTO 0 
b.1 2025-07-01 08:54:01.740 a 2025-07-01-08:53:57 121 195 326 0.2 2.8 8.2 15.8 36.0 730.0 0.00 0 0.0 15.9 24.1 24.4 3.627  -37.1   19.1    3.2  36    3.9  11 0 0 1 1 1 0 15.9 38.8 15.8 38.8 80.0 100 100 20 408 0 144 0 401 401 400 0 0 0 60 50 AUTO 0 
b.1 2025-07-01 08:55:01.918 a 2025-07-01-08:54:58 066 188 236 0.2 2.2 5.8 15.8 36.0 729.9 0.00 0 0.0 15.8 24.1 24.5 3.627  -38.5   19.2    2.9  36    3.9  11 0 0 1 1 1 0 15.8 38.5 15.8 38.8 80.0 100 100 20 408 0 143 0 401 402 400 0 0 0 60 50 AUTO 0 
b.1 2025-07-01 08:56:00.312 a 2025-07-01-08:55:56 109 188 267 0.6 2.0 5.0 15.8 35.8 729.9 0.00 0 0.0 15.9 24.1 24.5 3.631  -37.8   19.2    2.6  36    3.9  11 0 0 1 1 1 0 15.9 38.7 15.8 38.9 80.0 100 100 20 408 0 144 0 402 401 400 0 0 0 59 50 AUTO 0 
b.1 2025-07-01 08:57:00.529 a 2025-07-01-08:56:56 044 193 218 0.6 2.8 6.1 15.8 36.9 729.9 0.00 0 0.0 15.8 24.1 24.5 3.626  -37.8   19.2    2.8  36    4.0   5 0 0 1 1 1 0 15.9 38.7 15.8 39.1 80.0 100 100 20 408 0 144 0 401 401 400 0 0 0 60 50 AUTO 0 
b.1 2025-07-01 08:58:00.588 a 2025-07-01-08:57:56 123 197 322 0.4 2.3 5.4 15.8 36.4 730.0 0.00 0 0.0 15.8 24.1 24.5 3.627  -37.5   19.2    2.7  36    3.9  10 0 0 1 1 1 0 15.9 38.8 15.8 39.1 80.0 100 100 20 408 0 144 0 401 401 400 0 0 0 59 50 AUTO 0 
b.1 2025-07-01 08:59:01.834 a 2025-07-01-08:58:57 093 196 284 0.5 2.2 5.8 15.8 36.9 730.0 0.00 0 0.0 15.8 24.1 24.5 3.632  -38.1   19.2    2.6  37    4.0  10 0 0 1 1 1 0 15.9 38.9 15.8 39.4 80.0 100 100 20 408 0 144 0 401 401 400 0 0 0 60 50 AUTO 0 
b.1 2025-07-01 09:00:02.789 a 2025-07-01-08:59:58 114 194 302 0.4 2.2 5.7 15.8 37.3 730.0 0.00 0 0.0 15.8 24.1 24.5 3.627  -37.4   19.2    2.6  37    4.0  10 0 0 1 1 1 0 15.8 39.1 15.9 39.6 80.0 100 100 20 408 0 144 0 401 401 400 0 0 0 59 50 AUTO 0 
b.1 2025-07-01 09:01:01.171 a 2025-07-01-09:00:57 104 196 326 0.3 1.7 5.4 15.8 37.5 730.0 0.00 0 0.0 15.8 24.1 24.5 3.627  -38.3   19.2    2.5  37    4.1  10 0 0 1 1 1 0 15.9 39.3 15.8 39.8 80.0 100 100 20 408 0 144 0 401 401 399 0 0 0 59 50 AUTO 0 
b.1 2025-07-01 09:02:02.091 a 2025-07-01-09:01:58 123 192 292 0.2 1.8 4.3 15.8 37.2 730.0 0.00 0 0.0 15.7 24.1 24.5 3.627  -37.5   19.2    2.4  37    4.1  10 0 0 1 1 1 0 15.9 39.4 15.8 39.8 80.0 100 100 20 408 0 144 0 401 402 400 0 0 0 60 50 AUTO 0 
b.1 2025-07-01 09:03:02.131 a 2025-07-01-09:02:58 092 188 302 0.2 1.5 5.2 15.8 37.3 730.0 0.00 0 0.0 15.7 24.1 24.5 3.627  -39.3   19.2    2.3  37    4.1  10 0 0 1 1 1 0 15.9 39.4 15.8 39.8 80.0 100 100 20 408 0 143 0 401 401 400 0 0 0 59 50 AUTO 0 
b.1 2025-07-01 09:03:59.831 a 2025-07-01-09:03:55 063 194 244 0.2 1.8 4.8 15.8 37.3 730.0 0.00 0 0.0 15.7 24.1 24.5 3.628  -37.3   19.2    2.3  37    4.1  10 0 0 1 1 1 0 15.9 39.4 15.8 39.8 80.0 100 100 20 408 0 143 0 401 401 400 0 0 0 59 50 AUTO 0 
b.1 2025-07-01 09:05:01.457 a 2025-07-01-09:04:57 071 190 289 0.2 2.2 4.9 15.8 37.4 730.0 0.00 0 0.0 15.7 24.1 24.4 3.627  -37.2   19.2    2.4  37    4.1   0 0 0 1 1 1 0 15.9 39.4 15.9 39.8 80.0 100 100 20 408 0 144 0 402 401 400 0 0 0 60 50 AUTO 0 
b.1 2025-07-01 09:06:02.030 a 2025-07-01-09:05:58 107 194 290 0.4 1.6 4.1 15.8 37.6 730.0 0.00 0 0.0 15.6 24.1 24.5 3.627  -37.8   19.2    2.3  37    4.1   5 0 0 1 1 1 0 15.9 39.4 15.9 39.9 80.0 100 100 20 408 0 144 0 402 401 400 0 0 0 59 50 AUTO 0 
b.1 2025-07-01 09:07:00.391 a 2025-07-01-09:06:56 053 195 288 0.4 2.1 5.1 15.7 37.6 730.0 0.00 0 0.0 15.6 24.1 24.5 3.627  -38.6   19.2    2.3  37    4.1  12 0 0 1 1 1 0 15.9 39.5 15.9 39.9 80.0 100 100 20 408 0 144 0 401 401 400 0 0 0 59 50 AUTO 0 
b.1 2025-07-01 09:08:00.973 a 2025-07-01-09:07:57 109 190 352 0.4 2.2 5.1 15.7 37.6 730.0 0.00 0 0.0 15.6 24.1 24.5 3.628  -38.5   19.2    2.4  37    4.1   9 0 0 1 1 1 0 15.9 39.4 15.8 39.9 80.0 100 100 20 408 0 144 0 401 401 400 0 0 0 60 50 AUTO 0 
b.1 2025-07-01 09:09:00.456 a 2025-07-01-09:08:56 057 189 231 0.3 2.0 4.8 15.7 37.7 730.0 0.00 0 0.0 15.6 24.1 24.5 3.626  -37.5   19.2    2.4  37    4.1   9 0 0 1 1 1 0 15.9 39.4 15.9 39.9 80.0 100 100 20 408 0 144 0 401 401 399 0 0 0 59 50 AUTO 0 
b.1 2025-07-01 09:10:01.911 a 2025-07-01-09:09:57 093 241 309 0.2 2.2 5.6 15.7 37.6 730.0 0.00 0 0.0 15.6 24.1 24.5 3.627  -37.5   19.2    2.5  37    4.1   9 0 0 1 1 1 0 15.9 39.4 15.8 39.8 80.0 100 100 20 408 0 143 0 401 402 400 0 0 0 60 50 AUTO 0 
b.1 2025-07-01 09:11:00.989 a 2025-07-01-09:10:57 079 191 290 0.4 1.9 5.2 15.7 37.6 730.0 0.00 0 0.0 15.6 24.1 24.5 3.627  -37.3   19.2    2.4  37    4.1   9 0 0 1 1 1 0 15.9 39.4 15.8 39.8 80.0 100 100 20 408 0 143 0 401 401 400 0 0 0 60 50 AUTO 0 
b.1 2025-07-01 09:12:01.430 a 2025-07-01-09:11:57 114 190 283 0.1 2.2 5.1 15.7 37.4 730.0 0.00 0 0.0 15.6 24.1 24.5 3.627  -38.6   19.2    2.4  37    4.0   9 0 0 1 1 1 0 15.9 39.1 15.8 39.5 80.0 100 99 20 403 0 143 0 401 402 400 0 0 0 60 50 AUTO 0 
b.1 2025-07-01 09:13:01.094 a 2025-07-01-09:12:57 114 191 275 0.3 1.9 5.7 15.7 37.6 730.0 0.00 0 0.0 15.6 24.1 24.5 3.627  -37.5   19.2    2.4  37    4.1   9 0 0 1 1 1 0 15.9 39.1 15.8 39.5 80.0 100 100 20 408 0 144 0 401 401 400 0 0 0 59 50 AUTO 0 
b.1 2025-07-01 09:14:00.529 a 2025-07-01-09:13:56 112 196 308 0.4 1.8 4.9 15.7 37.3 730.0 0.00 0 0.0 15.5 24.1 24.5 3.627  -37.6   19.1    2.4  37    4.0   9 0 0 1 1 1 0 15.9 39.1 15.8 39.5 80.0 100 100 20 408 0 143 0 401 401 400 0 0 0 59 50 AUTO 0 
b.1 2025-07-01 09:15:02.369 a 2025-07-01-09:14:58 033 187 223 0.2 1.9 5.1 15.7 37.1 730.0 0.00 0 0.0 15.6 24.1 24.5 3.633  -38.4   19.1    2.4  37    4.0   9 0 0 1 1 1 0 15.9 38.9 15.8 39.4 80.0 100 100 20 408 0 143 0 401 401 400 0 0 0 59 50 AUTO 0 
b.1 2025-07-01 09:16:00.696 a 2025-07-01-09:15:56 097 186 250 0.3 2.0 5.3 15.6 36.6 730.0 0.00 0 0.0 15.6 24.1 24.4 3.627  -37.7   19.1    2.4  37    3.9   9 0 0 1 1 1 0 15.9 38.7 15.8 39.0 80.0 100 100 20 408 0 143 0 401 401 400 0 0 0 60 50 AUTO 0 
b.1 2025-07-01 09:17:00.892 a 2025-07-01-09:16:56 133 195 301 0.4 2.1 5.8 15.7 37.2 730.0 0.00 0 0.0 15.6 24.1 24.5 3.627  -39.2   19.1    2.4  37    3.9   9 0 0 1 1 1 0 15.9 38.7 15.8 39.1 80.0 100 100 20 408 0 144 0 401 401 400 0 0 0 60 50 AUTO 0 
b.1 2025-07-01 09:18:01.790 a 2025-07-01-09:17:57 097 195 312 0.3 2.0 5.1 15.7 37.2 730.0 0.00 0 0.0 15.6 24.1 24.5 3.634  -37.7   19.1    2.4  37    3.9   9 0 0 1 1 1 0 15.9 38.8 15.8 39.2 80.0 100 100 20 408 0 143 0 401 401 400 0 0 0 60 50 AUTO 0 
b.1 2025-07-01 09:19:00.993 a 2025-07-01-09:18:57 044 195 249 0.3 1.9 5.4 15.7 37.1 730.0 0.00 0 0.0 15.6 24.1 24.5 3.628  -37.1   19.1    2.4  36    3.9   9 0 0 1 1 1 0 15.9 38.7 15.8 39.1 80.0 100 100 20 408 0 143 0 402 401 400 0 0 0 60 50 AUTO 0 
b.1 2025-07-01 09:20:02.273 a 2025-07-01-09:19:58 252 191 347 0.1 1.9 4.9 15.7 36.9 730.0 0.00 0 0.0 15.5 24.1 24.5 3.626  -38.4   19.1    2.4  36    3.9   9 0 0 1 1 1 0 15.8 38.8 15.8 39.2 80.0 100 100 20 408 0 143 0 401 401 400 0 0 0 59 50 AUTO 0 
b.1 2025-07-01 09:21:01.456 a 2025-07-01-09:20:57 100 191 307 0.1 2.6 7.1 15.7 36.8 730.0 0.00 0 0.0 15.6 24.1 24.4 3.633  -38.2   19.1    2.5  36    3.8   9 0 0 1 1 1 0 15.8 38.7 15.8 39.0 80.0 100 100 20 408 0 143 0 401 401 400 0 0 0 60 50 AUTO 0 
b.1 2025-07-01 09:22:01.155 a 2025-07-01-09:21:57 054 185 232 0.3 2.4 5.4 15.7 36.8 730.0 0.00 0 0.0 15.6 24.1 24.4 3.627  -38.5   19.1    2.6  36    3.9   9 0 0 1 1 1 0 15.8 38.6 15.8 39.0 80.0 100 100 20 408 0 143 0 401 401 400 0 0 0 59 50 AUTO 0 
b.1 2025-07-01 09:23:00.674 a 2025-07-01-09:22:56 069 194 248 0.3 2.3 5.3 15.6 36.8 730.0 0.00 0 0.0 15.6 24.1 24.5 3.628  -37.4   19.1    2.6  36    3.8   9 0 0 1 1 1 0 15.9 38.5 15.8 39.0 80.0 100 100 20 408 0 143 0 401 401 400 0 0 0 60 50 AUTO 0 
b.1 2025-07-01 09:24:01.831 a 2025-07-01-09:23:57 078 193 243 0.4 2.1 5.3 15.6 36.5 730.0 0.00 0 0.0 15.6 24.1 24.5 3.628  -37.3   19.1    2.5  36    3.8   9 0 0 1 1 1 0 15.8 38.4 15.8 38.8 80.0 100 100 20 408 0 143 0 401 401 400 0 0 0 59 50 AUTO 0 
b.1 2025-07-01 09:25:02.160 a 2025-07-01-09:24:58 070 194 322 0.3 2.3 7.1 15.6 35.5 730.0 0.00 0 0.0 15.6 24.1 24.5 3.626  -40.2   19.1    2.4  36    3.7   9 0 0 1 1 1 0 15.8 38.2 15.8 38.5 80.0 100 100 20 408 0 144 0 402 401 400 0 0 0 60 50 AUTO 0 
b.1 2025-07-01 09:26:01.256 a 2025-07-01-09:25:57 060 192 298 0.3 1.9 4.6 15.7 36.3 730.0 0.00 0 0.0 15.6 24.1 24.4 3.627  -38.9   19.1    2.5  36    3.7   9 0 0 1 1 1 0 15.8 38.2 15.8 38.6 80.0 100 100 20 408 0 144 0 402 401 400 0 0 0 60 50 AUTO 0 
b.1 2025-07-01 09:27:01.430 a 2025-07-01-09:26:57 088 193 289 0.5 2.1 4.6 15.7 36.8 730.0 0.00 0 0.0 15.6 24.1 24.5 3.627  -37.3   19.1    2.4  36    3.8   9 0 0 1 1 1 0 15.9 38.4 15.8 38.8 80.0 100 100 20 408 0 144 0 401 402 399 0 0 0 60 50 AUTO 0 
b.1 2025-07-01 09:28:00.598 a 2025-07-01-09:27:56 057 193 279 0.4 2.1 4.8 15.7 36.7 730.0 0.00 0 0.0 15.6 24.1 24.5 3.627  -38.0   19.1    2.5  36    3.8   9 0 0 1 1 1 0 15.8 38.4 15.8 38.8 80.0 100 100 20 408 0 143 0 400 401 399 0 0 0 60 50 AUTO 0 
b.1 2025-07-01 09:29:00.595 a 2025-07-01-09:28:56 120 192 241 0.4 2.0 6.0 15.7 36.8 730.0 0.00 0 0.0 15.6 24.1 24.5 3.628  -38.4   19.1    2.4  36    3.8   9 0 0 1 1 1 0 15.8 38.4 15.8 38.8 80.0 100 100 20 408 0 144 0 401 402 400 0 0 0 59 50 AUTO 0 
b.1 2025-07-01 09:30:01.934 a 2025-07-01-09:29:58 065 187 274 0.3 2.1 5.5 15.7 36.0 730.0 0.00 0 0.0 15.6 24.1 24.4 3.627  -37.6   19.1    2.4  36    3.7   9 0 0 1 1 1 0 15.8 38.2 15.8 38.5 80.0 100 100 20 408 0 143 0 401 401 400 0 0 0 59 50 AUTO 0 
b.1 2025-07-01 09:31:00.516 a 2025-07-01-09:30:56 020 189 274 0.2 1.7 4.1 15.7 36.5 730.0 0.00 0 0.0 15.6 24.1 24.4 3.633  -38.1   19.1    2.4  36    3.8   9 0 0 1 1 1 0 15.8 38.3 15.8 38.7 80.0 100 100 20 408 0 143 0 401 402 400 0 0 0 60 50 AUTO 0 
b.1 2025-07-01 09:32:01.200 a 2025-07-01-09:31:57 107 186 268 0.3 2.2 5.3 15.7 36.6 730.0 0.00 0 0.0 15.6 24.1 24.5 3.627  -38.7   19.1    2.4  36    3.8   9 0 0 1 1 1 0 15.8 38.4 15.8 38.8 80.0 100 100 20 408 0 144 0 401 402 400 0 0 0 59 50 AUTO 0 
b.1 2025-07-01 09:33:01.953 a 2025-07-01-09:32:57 056 185 249 0.2 2.1 5.9 15.7 36.0 730.0 0.00 0 0.0 15.6 24.1 24.5 3.628  -36.8   19.1    2.5  36    3.7   9 0 0 1 1 1 0 15.8 38.2 15.8 38.7 80.0 100 100 20 408 0 144 0 401 401 400 0 0 0 59 50 AUTO 0 
b.1 2025-07-01 09:34:01.660 a 2025-07-01-09:33:57 125 190 307 0.4 1.9 4.4 15.7 36.4 730.0 0.00 0 0.0 15.6 24.1 24.5 3.634  -38.4   19.1    2.4  36    3.7   9 0 0 1 1 1 0 15.8 38.3 15.8 38.7 80.0 100 100 20 408 0 144 0 401 402 399 0 0 0 59 50 AUTO 0 
b.1 2025-07-01 09:35:02.234 a 2025-07-01-09:34:58 048 189 285 0.2 1.8 4.4 15.7 37.2 730.0 0.00 0 0.0 15.6 24.1 24.4 3.627  -38.8   19.1    2.3  36    3.8   5 0 0 1 1 1 0 15.8 38.5 15.8 39.0 80.0 100 100 20 408 0 144 0 401 401 400 0 0 0 59 50 AUTO 0 
b.1 2025-07-01 09:36:01.019 a 2025-07-01-09:35:57 090 192 288 0.3 2.2 5.7 15.7 37.2 730.0 0.00 0 0.0 15.5 24.1 24.5 3.627  -36.4   19.1    2.4  36    3.8   5 0 0 1 1 1 0 15.8 38.7 15.8 39.1 80.0 100 100 20 408 0 144 0 401 401 400 0 0 0 59 50 AUTO 0 
b.1 2025-07-01 09:37:01.740 a 2025-07-01-09:36:57 066 187 302 0.4 1.9 4.1 15.6 36.8 730.0 0.00 0 0.0 15.5 24.1 24.5 3.633  -37.8   19.1    2.4  36    3.8   8 0 0 1 1 1 0 15.8 38.7 15.8 39.2 80.0 100 100 20 408 0 144 0 401 401 400 0 0 0 60 50 AUTO 0 
b.1 2025-07-01 09:38:00.555 a 2025-07-01-09:37:56 099 190 277 0.3 2.3 5.9 15.6 37.2 729.9 0.00 0 0.0 15.5 24.1 24.5 3.626  -36.7   19.1    2.5  36    3.8   9 0 0 1 1 1 0 15.8 38.8 15.8 39.2 80.0 100 100 20 408 0 144 0 402 401 400 0 0 0 60 50 AUTO 0 
b.1 2025-07-01 09:39:01.058 a 2025-07-01-09:38:57 068 190 282 0.4 2.0 4.8 15.6 37.2 730.0 0.00 0 0.0 15.5 24.1 24.5 3.627  -37.4   19.1    2.4  36    3.8   9 0 0 1 1 1 0 15.8 38.8 15.8 39.3 80.0 100 100 20 408 0 144 0 402 401 400 0 0 0 60 50 AUTO 0 
b.1 2025-07-01 09:40:00.676 a 2025-07-01-09:39:56 239 188 302 0.2 1.6 4.0 15.5 37.0 730.0 0.00 0 0.0 15.4 24.1 24.5 3.627  -36.9   19.0    2.3  36    3.8   9 0 0 1 1 1 0 15.8 38.5 15.7 39.1 80.0 100 100 20 408 0 144 0 401 401 400 0 0 0 60 50 AUTO 0 
b.1 2025-07-01 09:41:00.799 a 2025-07-01-09:40:56 091 185 300 0.2 1.7 5.1 15.5 37.0 730.0 0.00 0 0.0 15.4 24.1 24.5 3.627  -36.9   19.0    2.3  36    3.7   9 0 0 1 1 1 0 15.8 38.5 15.8 38.9 80.0 100 100 20 408 0 144 0 402 401 400 0 0 0 60 50 AUTO 0 
b.1 2025-07-01 09:42:01.483 a 2025-07-01-09:41:57 080 182 281 0.3 1.6 4.3 15.5 36.5 730.0 0.00 0 0.0 15.4 24.1 24.5 3.628  -37.0   19.0    2.3  36    3.7   9 0 0 1 1 1 0 15.8 38.2 15.8 38.7 80.0 100 100 20 408 0 144 0 401 401 400 0 0 0 60 50 AUTO 0 
b.1 2025-07-01 09:43:01.278 a 2025-07-01-09:42:57 001 180 244 0.1 1.5 4.0 15.5 36.6 730.0 0.00 0 0.0 15.4 24.1 24.5 3.627  -37.2   19.0    2.3  36    3.7   9 0 0 1 1 1 0 15.8 38.3 15.8 38.7 80.0 100 100 20 408 0 144 0 401 401 400 0 0 0 60 50 AUTO 0 
b.1 2025-07-01 09:44:00.460 a 2025-07-01-09:43:56 041 184 275 0.2 1.8 4.3 15.5 36.7 730.0 0.00 0 0.0 15.4 24.1 24.5 3.627  -37.9   19.0    2.3  36    3.7   9 0 0 1 1 1 0 15.8 38.2 15.8 38.6 80.0 100 100 20 408 0 144 0 401 401 400 0 0 0 60 50 AUTO 0 
b.1 2025-07-01 09:45:01.082 a 2025-07-01-09:44:57 055 189 227 0.1 1.4 3.2 15.5 36.6 730.0 0.00 0 0.0 15.4 24.1 24.5 3.628  -36.7   19.0    2.2  36    3.7   9 0 0 1 1 1 0 15.8 38.1 15.8 38.7 80.0 100 100 20 408 0 144 0 401 401 400 0 0 0 60 50 AUTO 0 
b.1 2025-07-01 09:46:00.358 a 2025-07-01-09:45:56 092 184 245 0.2 1.4 5.7 15.5 36.7 730.0 0.00 0 0.0 15.3 24.1 24.5 3.626  -36.7   19.0    2.2  36    3.7   9 0 0 1 1 1 0 15.8 38.1 15.8 38.6 80.0 100 100 20 408 0 144 0 401 401 399 0 0 0 60 50 AUTO 0 
b.1 2025-07-01 09:47:00.618 a 2025-07-01-09:46:56 056 187 292 0.2 1.3 3.9 15.5 36.8 730.0 0.00 0 0.0 15.3 24.1 24.5 3.627  -36.3   19.0    2.2  36    3.7   9 0 0 1 1 1 0 15.8 38.1 15.8 38.6 80.0 100 100 20 408 0 144 0 402 401 400 0 0 0 60 50 AUTO 0 
b.1 2025-07-01 09:48:00.976 a 2025-07-01-09:47:57 079 183 312 0.1 1.5 3.8 15.5 36.2 730.0 0.00 0 0.0 15.3 24.1 24.5 3.627  -37.5   19.0    2.2  36    3.7   5 0 0 1 1 1 0 15.8 38.1 15.8 38.5 80.0 100 99 20 408 0 144 0 402 401 400 0 0 0 60 50 AUTO 0 
b.1 2025-07-01 09:49:00.460 a 2025-07-01-09:48:56 065 180 270 0.1 1.2 3.0 15.5 36.4 730.0 0.00 0 0.0 15.3 24.1 24.4 3.628  -36.9   19.0    0.0  36    3.6   5 0 0 1 1 1 0 15.8 37.8 15.8 38.3 80.0 100 100 20 408 0 144 0 401 401 400 0 0 0 59 50 AUTO 0 
b.1 2025-07-01 09:50:01.914 a 2025-07-01-09:49:57 096 177 290 0.4 1.7 5.2 15.5 36.5 730.0 0.00 0 0.0 15.3 24.1 24.4 3.626  -36.6   19.0    2.2  36    3.6   8 0 0 1 1 1 0 15.8 37.8 15.8 38.2 80.0 100 100 20 408 0 144 0 401 401 400 0 0 0 59 50 AUTO 0 
b.1 2025-07-01 09:51:00.480 a 2025-07-01-09:50:56 075 171 243 0.3 1.6 4.5 15.5 36.5 730.0 0.00 0 0.0 15.3 24.1 24.4 3.627  -37.1   19.0    2.2  36    3.6   8 0 0 1 1 1 0 15.8 37.8 15.8 38.2 80.0 100 100 20 408 0 144 0 401 402 399 0 0 0 60 50 AUTO 0 
b.1 2025-07-01 09:52:00.880 a 2025-07-01-09:51:56 169 175 353 0.3 1.4 4.1 15.6 36.4 730.0 0.00 0 0.0 15.3 24.1 24.5 3.627  -37.2   19.0    2.2  36    3.6   9 0 0 1 1 1 0 15.8 37.8 15.8 38.2 80.0 100 100 20 408 0 144 0 401 401 400 0 0 0 59 50 AUTO 0 
b.1 2025-07-01 09:53:01.828 a 2025-07-01-09:52:57 054 183 312 0.2 1.5 4.9 15.6 36.4 730.0 0.00 0 0.0 15.3 24.1 24.4 3.634  -37.0   19.1    2.2  36    3.6   9 0 0 1 1 1 0 15.8 37.8 15.8 38.2 80.0 100 100 20 408 0 144 0 401 401 400 0 0 0 59 50 AUTO 0 
b.1 2025-07-01 09:54:01.523 a 2025-07-01-09:53:57 054 180 237 0.1 1.5 3.9 15.6 36.4 730.0 0.00 0 0.0 15.4 24.1 24.5 3.628  -39.4   19.1    2.2  36    3.6   9 0 0 1 1 1 0 15.8 37.8 15.8 38.2 80.0 100 100 20 408 0 144 0 401 401 400 0 0 0 60 50 AUTO 0 
b.1 2025-07-01 09:55:01.663 a 2025-07-01-09:54:57 298 189 355 0.3 1.4 3.9 15.6 36.3 730.0 0.00 0 0.0 15.3 24.1 24.5 3.627  -36.8   19.1    2.2  36    3.6   9 0 0 1 1 1 0 15.8 37.8 15.8 38.2 80.0 100 100 20 408 0 143 0 401 401 400 0 0 0 60 50 AUTO 0 
b.1 2025-07-01 09:56:01.101 a 2025-07-01-09:55:57 088 180 289 0.1 1.5 4.3 15.6 36.4 730.0 0.00 0 0.0 15.3 24.1 24.5 3.631  -37.2   19.1    2.2  36    3.6   9 0 0 1 1 1 0 15.8 37.8 15.8 38.2 80.0 100 100 20 408 0 144 0 401 401 399 0 0 0 60 50 AUTO 0 
b.1 2025-07-01 09:57:01.286 a 2025-07-01-09:56:57 075 176 241 0.2 1.7 3.8 15.6 36.2 730.0 0.00 0 0.0 15.3 24.1 24.5 3.627  -37.6   19.1    2.2  36    3.6   9 0 0 1 1 1 0 15.8 37.7 15.8 38.1 80.0 100 100 20 408 0 143 0 401 402 400 0 0 0 60 50 AUTO 0 
b.1 2025-07-01 09:58:00.322 a 2025-07-01-09:57:56 078 172 255 0.3 1.6 4.1 15.6 36.3 730.0 0.00 0 0.0 15.4 24.1 24.5 3.627  -37.5   19.1    2.2  36    3.6   9 0 0 1 1 1 0 15.8 37.8 15.8 38.2 80.0 100 100 20 408 0 144 0 401 401 400 0 0 0 59 50 AUTO 0 
b.1 2025-07-01 09:59:01.180 a 2025-07-01-09:58:57 005 179 321 0.1 1.4 3.9 15.6 36.5 730.0 0.00 0 0.0 15.4 24.1 24.5 3.627  -38.4   19.1    2.2  36    3.6   9 0 0 1 1 1 0 15.8 37.9 15.8 38.3 80.0 100 100 20 408 0 144 0 401 401 400 0 0 0 59 50 AUTO 0 
b.1 2025-07-01 10:00:02.348 a 2025-07-01-09:59:58 083 170 242 0.1 1.8 4.1 15.6 36.0 729.9 0.00 0 0.0 15.4 24.1 24.5 3.627  -36.7   19.1    2.2  36    3.6   9 0 0 1 1 1 0 15.8 37.8 15.8 38.2 80.0 100 100 20 408 0 144 0 401 402 400 0 0 0 59 50 AUTO 0 
b.1 2025-07-01 10:01:00.842 a 2025-07-01-10:00:56 055 179 287 0.1 1.2 2.9 15.6 36.1 730.0 0.00 0 0.0 15.4 24.1 24.5 3.627  -37.2   19.1    2.2  36    3.6   9 0 0 1 1 1 0 15.8 37.7 15.8 38.1 80.0 100 100 20 408 0 143 2 401 401 399 0 0 3 60 50 AUTO 0 
b.1 2025-07-01 10:02:02.161 a 2025-07-01-10:01:58 101 181 331 0.3 1.6 5.1 15.6 36.2 730.0 0.00 0 0.0 15.4 24.1 24.5 3.628  -37.0   19.1    2.2  36    3.6   0 0 0 1 1 1 0 15.8 37.8 15.8 38.2 80.0 100 100 20 408 0 144 0 401 402 400 0 0 0 59 50 AUTO 0 
b.1 2025-07-01 10:03:01.404 a 2025-07-01-10:02:57 290 178 317 0.1 1.4 3.5 15.6 36.1 730.0 0.00 0 0.0 15.3 24.1 24.5 3.628  -37.5   19.1    2.1  36    3.6   5 0 0 1 1 1 0 15.8 37.8 15.8 38.2 80.0 100 100 20 408 0 144 0 401 401 400 0 0 0 59 50 AUTO 0 
b.1 2025-07-01 10:04:00.226 a 2025-07-01-10:03:56 290 171 321 0.1 1.8 4.7 15.6 36.1 730.0 0.00 0 0.0 15.4 24.1 24.5 3.627  -37.4   19.1    2.2  36    3.6   7 0 0 1 1 1 0 15.8 37.8 15.8 38.2 80.0 100 100 20 408 0 144 0 401 401 400 0 0 0 60 50 AUTO 0 
b.1 2025-07-01 10:05:01.927 a 2025-07-01-10:04:57 078 162 297 0.1 1.6 4.2 15.6 36.2 730.0 0.00 0 0.0 15.4 24.1 24.5 3.628  -36.5   19.1    2.2  36    3.6   8 0 0 1 1 1 0 15.8 37.8 15.8 38.2 80.0 100 100 20 408 0 144 0 401 401 400 0 0 0 60 50 AUTO 0 
b.1 2025-07-01 10:06:01.944 a 2025-07-01-10:05:57 081 171 233 0.3 1.7 4.3 15.6 36.5 730.0 0.00 0 0.0 15.4 24.1 24.5 3.628  -37.0   19.1    2.2  36    3.6   8 0 0 1 1 1 0 15.8 37.9 15.8 38.3 80.0 100 100 20 408 0 144 0 402 401 400 0 0 0 60 50 AUTO 0 
b.1 2025-07-01 10:07:02.063 a 2025-07-01-10:06:58 002 159 035 0.2 1.4 3.6 15.7 36.6 730.0 0.00 0 0.0 15.4 24.1 24.5 3.628  -37.4   19.1    2.2  36    3.6   8 0 0 1 1 1 0 15.8 37.9 15.8 38.4 80.0 100 100 20 408 0 143 0 401 401 400 0 0 0 59 50 AUTO 0 
b.1 2025-07-01 10:08:01.766 a 2025-07-01-10:07:57 069 176 245 0.2 1.4 4.3 15.7 36.9 730.0 0.00 0 0.0 15.4 24.1 24.5 3.627  -36.7   19.1    2.2  36    3.7   8 0 0 1 1 1 0 15.8 38.1 15.8 38.5 80.0 100 100 20 408 0 144 0 401 401 400 0 0 0 60 50 AUTO 0 
b.1 2025-07-01 10:09:01.325 a 2025-07-01-10:08:57 080 171 294 0.2 2.0 6.0 15.7 36.7 730.0 0.00 0 0.0 15.4 24.1 24.4 3.631  -36.7   19.1    2.2  36    3.7   8 0 0 1 1 1 0 15.8 38.1 15.8 38.6 80.0 100 100 20 408 0 144 0 401 401 400 0 0 0 60 50 AUTO 0 
b.1 2025-07-01 10:10:01.864 a 2025-07-01-10:09:57 047 167 277 0.1 1.0 4.2 15.7 36.9 730.0 0.00 0 0.0 15.4 24.1 24.4 3.627  -36.9   19.1    0.0  36    3.7   8 0 0 1 1 1 0 15.8 38.3 15.8 38.8 80.0 100 100 20 408 0 144 0 401 402 399 0 0 0 60 50 AUTO 0 
b.1 2025-07-01 10:11:00.545 a 2025-07-01-10:10:56 088 161 313 0.3 2.3 4.4 15.7 37.0 730.0 0.00 0 0.0 15.4 24.1 24.5 3.627  -38.3   19.2    2.2  36    3.7   8 0 0 1 1 1 0 15.8 38.4 15.8 38.9 80.0 100 100 20 408 0 144 0 401 402 399 0 0 0 60 50 AUTO 0 
b.1 2025-07-01 10:11:59.684 a 2025-07-01-10:11:55 050 168 308 0.1 1.4 3.7 15.7 37.0 730.0 0.00 0 0.0 15.4 24.1 24.5 3.633  -37.0   19.2    2.2  36    3.7   8 0 0 1 1 1 0 15.8 38.5 15.8 39.0 80.0 100 100 20 408 0 144 0 401 401 400 0 0 0 60 50 AUTO 0 
b.1 2025-07-01 10:13:00.865 a 2025-07-01-10:12:56 020 172 283 0.1 1.3 3.1 15.7 37.0 730.0 0.00 0 0.0 15.4 24.1 24.5 3.627  -36.5   19.2    2.2  36    3.8   8 0 0 1 1 1 0 15.8 38.6 15.8 39.1 80.0 100 100 20 408 0 144 0 401 401 400 0 0 0 60 50 AUTO 0 
b.1 2025-07-01 10:14:02.006 a 2025-07-01-10:13:58 072 171 305 0.2 1.3 2.9 15.6 37.0 730.0 0.00 0 0.0 15.4 24.1 24.4 3.628  -36.7   19.2    0.0  36    3.7   8 0 0 1 1 1 0 15.8 38.6 15.7 39.1 80.0 100 100 20 408 0 144 0 401 401 400 0 0 0 59 50 AUTO 0 
b.1 2025-07-01 10:15:01.427 a 2025-07-01-10:14:57 040 179 287 0.0 1.3 3.8 15.6 37.0 730.0 0.00 0 0.0 15.3 24.1 24.4 3.633  -36.6   19.2    0.0  36    3.8   5 0 0 1 1 1 0 15.8 38.5 15.7 39.1 80.0 100 100 20 408 0 123 5 402 401 399 2 2 2 60 50 AUTO 0 
b.1 2025-07-01 10:16:01.930 a 2025-07-01-10:15:57 029 170 195 0.1 1.4 4.4 15.6 36.9 730.0 0.00 0 0.0 15.3 24.1 24.5 3.626  -37.3   19.2    2.1  36    3.7   5 0 0 1 1 1 0 15.8 38.5 15.7 39.1 80.0 100 100 20 408 0 144 0 402 401 400 0 0 0 59 50 AUTO 0 
b.1 2025-07-01 10:17:00.470 a 2025-07-01-10:16:56 099 166 247 0.2 1.6 4.3 15.6 37.1 730.0 0.00 0 0.0 15.3 24.1 24.4 3.627  -37.3   19.2    2.1  36    3.8   7 0 0 1 1 1 0 15.8 38.5 15.7 39.1 80.0 100 100 20 408 0 144 0 402 401 400 0 0 0 59 50 AUTO 0 
b.1 2025-07-01 10:18:00.492 a 2025-07-01-10:17:56 035 172 309 0.2 1.5 4.4 15.6 36.4 729.9 0.00 0 0.0 15.3 24.1 24.5 3.626  -37.3   19.2    2.2  36    3.7   7 0 0 1 1 1 0 15.8 38.6 15.7 39.2 80.0 100 100 20 408 0 144 0 401 401 399 0 0 0 60 50 AUTO 0 
b.1 2025-07-01 10:19:01.269 a 2025-07-01-10:18:57 084 177 283 0.1 1.0 3.0 15.6 36.3 730.0 0.00 0 0.0 15.3 24.1 24.5 3.627  -36.8   19.2    0.0  36    3.7   7 0 0 1 1 1 0 15.7 38.5 15.7 39.1 80.0 100 100 20 408 0 144 0 401 402 400 0 0 0 60 50 AUTO 0 
b.1 2025-07-01 10:20:01.630 a 2025-07-01-10:19:57 066 177 322 0.1 1.2 4.7 15.6 36.2 730.0 0.00 0 0.0 15.3 24.1 24.5 3.628  -36.4   19.2    0.0  36    3.7   7 0 0 1 1 1 0 15.7 38.4 15.7 38.9 80.0 100 100 20 408 0 144 0 401 401 400 0 0 0 60 50 AUTO 0 
b.1 2025-07-01 10:21:01.328 a 2025-07-01-10:20:57 072 166 300 0.1 1.7 3.8 15.6 36.3 730.0 0.00 0 0.0 15.3 24.1 24.5 3.627  -37.7   19.2    2.2  36    3.7   7 0 0 1 1 1 0 15.7 38.4 15.7 38.8 80.0 100 100 20 408 0 144 0 401 401 400 0 0 0 60 50 AUTO 0 
b.1 2025-07-01 10:22:01.628 a 2025-07-01-10:21:57 014 151 250 0.1 1.4 3.7 15.7 36.4 730.0 0.00 0 0.0 15.3 24.1 24.5 3.628  -36.8   19.2    2.2  36    3.7   7 0 0 1 1 1 0 15.7 38.3 15.7 38.8 80.0 100 100 20 408 0 144 0 401 401 400 0 0 0 60 50 AUTO 0 
b.1 2025-07-01 10:23:00.125 a 2025-07-01-10:22:56 010 174 293 0.1 1.2 3.6 15.6 36.7 730.0 0.00 0 0.0 15.2 24.1 24.5 3.627  -37.4   19.2    2.2  36    3.7   7 0 0 1 1 1 0 15.7 38.4 15.7 38.8 80.0 100 100 20 408 0 143 0 401 402 400 0 0 0 60 50 AUTO 0 
b.1 2025-07-01 10:24:01.447 a 2025-07-01-10:23:57 040 165 296 0.1 1.2 2.7 15.6 36.7 730.0 0.00 0 0.0 15.3 24.1 24.5 3.627  -37.0   19.2    2.1  36    3.7   7 0 0 1 1 1 0 15.7 38.4 15.7 38.8 80.0 100 100 20 408 0 144 0 401 402 400 0 0 0 59 50 AUTO 0 
b.1 2025-07-01 10:25:02.348 a 2025-07-01-10:24:58 278 154 313 0.1 1.5 3.3 15.6 36.7 730.0 0.00 0 0.0 15.3 24.1 24.5 3.633  -36.9   19.2    2.2  36    3.7   7 0 0 1 1 1 0 15.7 38.4 15.7 38.9 80.0 100 100 20 408 0 144 10 401 401 399 3 4 4 59 50 AUTO 0 
b.1 2025-07-01 10:26:00.811 a 2025-07-01-10:25:56 105 161 238 0.5 2.2 4.5 15.6 36.7 730.0 0.00 0 0.0 15.3 24.1 24.4 3.627  -37.6   19.2    2.3  36    3.7   7 0 0 1 1 1 0 15.7 38.4 15.6 38.9 80.0 100 100 20 408 0 144 0 402 401 400 0 0 0 59 50 AUTO 0 
b.1 2025-07-01 10:27:01.687 a 2025-07-01-10:26:57 086 159 268 0.3 2.2 4.4 15.6 36.7 730.0 0.00 0 0.0 15.3 24.1 24.5 3.626  -37.4   19.2    2.4  36    3.7   7 0 0 1 1 1 0 15.7 38.4 15.7 38.9 80.0 100 100 20 408 0 144 9 401 402 400 4 4 4 59 50 AUTO 0 
b.1 2025-07-01 10:28:01.627 a 2025-07-01-10:27:57 015 163 282 0.1 1.5 3.0 15.6 36.7 730.0 0.00 0 0.0 15.4 24.1 24.5 3.628  -37.4   19.1    2.2  36    3.7   7 0 0 1 1 1 0 15.7 38.4 15.7 38.9 80.0 100 100 20 408 0 144 0 401 401 399 0 0 0 59 50 AUTO 0 
b.1 2025-07-01 10:29:01.789 a 2025-07-01-10:28:57 105 147 235 0.3 1.7 2.9 15.6 36.7 730.0 0.00 0 0.0 15.3 24.1 24.5 3.628  -37.8   19.2    2.2  36    3.7   7 0 0 1 1 1 0 15.7 38.4 15.7 38.9 80.0 100 100 20 408 0 141 0 401 402 400 4 4 4 59 50 AUTO 0 
b.1 2025-07-01 10:30:02.289 a 2025-07-01-10:29:58 111 163 302 0.2 1.4 3.4 15.6 36.8 730.0 0.00 0 0.0 15.3 24.1 24.4 3.627  -36.6   19.2    2.2  36    3.7   7 0 0 1 1 1 0 15.7 38.4 15.7 38.8 80.0 100 100 20 408 0 144 0 402 401 400 0 0 0 60 50 AUTO 0 
b.1 2025-07-01 10:31:01.448 a 2025-07-01-10:30:57 067 162 279 0.1 1.0 2.1 15.6 36.8 730.0 0.00 0 0.0 15.2 24.1 24.5 3.627  -36.7   19.2    0.0  36    3.7   7 0 0 1 1 1 0 15.7 38.4 15.7 38.9 80.0 100 100 20 408 0 143 10 401 401 399 3 4 4 60 50 AUTO 0 
b.1 2025-07-01 10:32:00.750 a 2025-07-01-10:31:56 027 161 224 0.2 1.7 4.3 15.6 36.9 730.0 0.00 0 0.0 15.2 24.1 24.5 3.627  -36.7   19.2    2.2  36    3.7   7 0 0 1 1 1 0 15.7 38.6 15.7 39.1 80.0 100 100 20 408 0 144 0 401 401 400 0 0 0 59 50 AUTO 0 
b.1 2025-07-01 10:33:01.390 a 2025-07-01-10:32:57 062 172 289 0.2 1.1 3.0 15.6 37.2 730.0 0.00 0 0.0 15.2 24.1 24.5 3.627  -36.7   19.2    0.0  36    3.7   7 0 0 1 1 1 0 15.7 38.6 15.7 39.1 80.0 100 100 20 408 0 144 0 401 401 400 2 3 3 60 50 AUTO 0 
b.1 2025-07-01 10:34:01.648 a 2025-07-01-10:33:57 038 162 281 0.1 1.4 3.8 15.5 36.9 730.0 0.00 0 0.0 15.2 24.1 24.5 3.628  -36.7   19.2    2.2  36    3.7   7 0 0 1 1 1 0 15.7 38.7 15.7 39.2 80.0 100 100 20 408 0 144 0 401 401 400 0 0 0 60 50 AUTO 0 
b.1 2025-07-01 10:35:01.351 a 2025-07-01-10:34:57 006 162 275 0.2 1.3 3.4 15.5 37.5 730.0 0.00 0 0.0 15.1 24.1 24.5 3.628  -37.1   19.2    2.1  36    3.7   7 0 0 1 1 1 0 15.7 38.7 15.7 39.2 80.0 100 100 20 408 0 144 0 401 401 400 2 2 2 59 50 AUTO 0 
b.1 2025-07-01 10:36:01.509 a 2025-07-01-10:35:57 023 169 251 0.1 1.4 4.5 15.5 37.5 729.9 0.00 0 0.0 15.2 24.1 24.5 3.627  -36.4   19.2    0.0  36    3.7   7 0 0 1 1 1 0 15.7 38.8 15.6 39.3 80.0 100 100 20 408 0 144 0 401 401 400 0 0 0 59 50 AUTO 0 
b.1 2025-07-01 10:37:00.648 a 2025-07-01-10:36:56 055 170 286 0.1 1.3 3.7 15.5 38.0 729.9 0.00 0 0.0 15.2 24.1 24.5 3.631  -37.9   19.2    0.0  36    3.8   7 0 0 1 1 1 0 15.7 39.0 15.6 39.4 80.0 100 100 20 408 0 144 0 401 401 400 0 0 0 59 50 AUTO 0 
b.1 2025-07-01 10:38:01.938 a 2025-07-01-10:37:57 083 173 286 0.2 1.3 3.0 15.5 38.2 729.9 0.00 0 0.0 15.2 24.1 24.5 3.627  -36.7   19.2    0.0  36    3.8   7 0 0 1 1 1 0 15.7 39.2 15.6 39.7 80.0 100 100 20 408 0 144 0 401 401 400 0 0 0 59 50 AUTO 0 
b.1 2025-07-01 10:39:01.213 a 2025-07-01-10:38:57 291 168 352 0.2 1.3 4.3 15.5 38.0 729.9 0.00 0 0.0 15.2 24.1 24.5 3.628  -36.8   19.1    2.2  36    3.8   7 0 0 1 1 1 0 15.7 39.5 15.6 40.0 80.0 100 100 20 408 0 144 0 401 401 400 0 0 0 60 50 AUTO 0 
b.1 2025-07-01 10:40:02.507 a 2025-07-01-10:39:58 010 171 287 0.1 1.3 4.2 15.5 38.2 729.9 0.00 0 0.0 15.2 24.1 24.5 3.628  -37.5   19.1    2.1  36    3.8   7 0 0 1 1 1 0 15.7 39.5 15.6 40.1 80.0 100 100 20 408 0 144 0 401 401 400 0 0 0 59 50 AUTO 0 
b.1 2025-07-01 10:41:01.631 a 2025-07-01-10:40:57 280 182 323 0.2 1.1 3.2 15.5 38.0 729.9 0.00 0 0.0 15.2 24.1 24.4 3.626  -36.9   19.1    2.1  36    3.9   7 0 0 1 1 1 0 15.7 39.5 15.6 40.1 80.0 100 100 20 408 0 144 0 402 401 400 0 0 0 59 50 AUTO 0 
b.1 2025-07-01 10:41:59.673 a 2025-07-01-10:41:55 049 172 291 0.1 1.1 2.8 15.5 37.9 729.9 0.00 0 0.0 15.2 24.1 24.4 3.627  -36.4   19.1    0.0  36    3.9   7 0 0 1 1 1 0 15.7 39.5 15.7 40.1 80.0 100 100 20 408 0 144 0 401 401 400 0 0 0 59 50 AUTO 0 
b.1 2025-07-01 10:43:01.552 a 2025-07-01-10:42:57 026 179 248 0.2 1.1 2.8 15.5 37.9 729.9 0.00 0 0.0 15.1 24.1 24.5 3.627  -37.0   19.1    2.1  36    3.8   7 0 0 1 1 1 0 15.7 39.5 15.7 40.0 80.0 100 100 20 408 0 144 0 401 401 400 0 0 0 60 50 AUTO 0 
b.1 2025-07-01 10:44:02.055 a 2025-07-01-10:43:58 087 178 309 0.2 1.3 2.8 15.5 37.9 729.9 0.00 0 0.0 15.2 24.1 24.5 3.628  -37.1   19.1    0.0  36    3.9   7 0 0 1 1 1 0 15.7 39.5 15.7 39.9 80.0 100 100 20 408 0 144 0 401 401 400 0 0 0 60 50 AUTO 0 
b.1 2025-07-01 10:45:01.792 a 2025-07-01-10:44:57 062 167 281 0.3 1.3 2.8 15.5 37.9 729.9 0.00 0 0.0 15.1 24.1 24.5 3.627  -37.8   19.1    2.2  36    3.9   7 0 0 1 1 1 0 15.7 39.5 15.7 39.9 80.0 100 100 20 408 0 144 0 401 401 400 0 0 0 60 50 AUTO 0 
b.1 2025-07-01 10:46:00.934 a 2025-07-01-10:45:56 072 169 308 0.2 1.3 3.8 15.5 37.9 729.9 0.00 0 0.0 15.1 24.1 24.4 3.627  -36.7   19.1    0.0  36    3.8   7 0 0 1 1 1 0 15.7 39.5 15.7 39.8 80.0 100 100 20 408 0 144 0 401 401 400 0 0 0 60 50 AUTO 0 
b.1 2025-07-01 10:47:02.055 a 2025-07-01-10:46:57 074 166 244 0.3 1.5 3.8 15.5 37.6 729.9 0.00 0 0.0 15.1 24.1 24.5 3.627  -37.9   19.1    0.0  36    3.8   7 0 0 1 1 1 0 15.7 39.3 15.7 39.7 80.0 100 100 20 408 0 144 0 401 401 400 0 0 0 60 50 AUTO 0 
b.1 2025-07-01 10:48:01.575 a 2025-07-01-10:47:57 127 172 282 0.3 1.7 4.0 15.5 37.2 729.9 0.00 0 0.0 15.2 24.1 24.5 3.627  -37.4   19.1    2.2  36    3.8   7 0 0 1 1 1 0 15.7 39.0 15.7 39.4 80.0 100 100 20 408 0 144 0 401 401 400 0 0 0 59 50 AUTO 0 
b.1 2025-07-01 10:49:01.611 a 2025-07-01-10:48:57 043 164 287 0.3 1.7 4.6 15.5 37.0 729.9 0.00 0 0.0 15.2 24.1 24.5 3.627  -37.5   19.1    2.2  36    3.8   7 0 0 1 1 1 0 15.7 38.7 15.7 39.2 80.0 100 100 20 408 0 144 0 401 401 399 0 0 0 60 50 AUTO 0 
b.1 2025-07-01 10:50:02.374 a 2025-07-01-10:49:58 074 172 341 0.2 1.6 4.0 15.5 37.2 729.9 0.00 0 0.0 15.3 24.1 24.4 3.633  -37.9   19.1    2.2  36    3.8   7 0 0 1 1 1 0 15.7 38.7 15.7 39.2 80.0 100 100 20 408 0 144 0 401 401 400 0 0 0 59 50 AUTO 0 
b.1 2025-07-01 10:51:01.055 a 2025-07-01-10:50:57 108 174 279 0.5 1.6 3.4 15.5 37.0 729.9 0.00 0 0.0 15.3 24.1 24.5 3.627  -37.0   19.1    2.2  36    3.8   7 0 0 1 1 1 0 15.8 38.7 15.7 39.3 80.0 100 100 20 408 0 143 0 401 401 399 0 0 0 59 50 AUTO 0 
b.1 2025-07-01 10:52:00.540 a 2025-07-01-10:51:56 066 164 282 0.1 1.9 4.2 15.6 37.8 729.9 0.00 0 0.0 15.3 24.1 24.5 3.627  -37.5   19.1    2.2  36    3.8   7 0 0 1 1 1 0 15.7 38.9 15.6 39.4 80.0 100 100 20 408 0 144 0 401 401 400 0 0 0 60 50 AUTO 0 
b.1 2025-07-01 10:53:01.415 a 2025-07-01-10:52:57 053 176 313 0.1 1.5 3.8 15.6 37.8 729.9 0.00 0 0.0 15.2 24.1 24.4 3.634  -37.4   19.1    2.2  36    3.8   7 0 0 1 1 1 0 15.7 39.1 15.6 39.6 80.0 100 100 20 408 0 144 0 400 402 399 0 0 0 60 50 AUTO 0 
b.1 2025-07-01 10:54:01.815 a 2025-07-01-10:53:57 094 167 313 0.3 1.6 3.6 15.6 37.9 729.9 0.00 0 0.0 15.3 24.1 24.5 3.627  -36.5   19.1    2.2  36    3.8   7 0 0 1 1 1 0 15.7 39.3 15.6 39.8 80.0 100 100 20 408 0 144 0 401 402 400 0 0 0 60 50 AUTO 0 
b.1 2025-07-01 10:55:02.217 a 2025-07-01-10:54:58 050 180 287 0.2 1.3 3.2 15.5 38.2 729.8 0.00 0 0.0 15.2 24.1 24.4 3.628  -37.7   19.1    2.2  36    3.8   7 0 0 1 1 1 0 15.7 39.4 15.7 40.0 80.0 100 100 20 408 0 144 0 402 401 400 0 0 0 59 50 AUTO 0 
b.1 2025-07-01 10:56:01.780 a 2025-07-01-10:55:57 113 167 291 0.1 2.0 4.1 15.5 38.1 729.9 0.00 0 0.0 15.3 24.1 24.4 3.634  -36.9   19.1    2.2  37    3.9   7 0 0 1 1 1 0 15.7 39.6 15.7 40.2 80.0 100 100 20 408 0 144 0 402 401 400 0 0 0 59 50 AUTO 0 
b.1 2025-07-01 10:57:02.293 a 2025-07-01-10:56:58 059 161 229 0.3 1.8 4.8 15.6 38.3 729.9 0.00 0 0.0 15.3 24.1 24.4 3.634  -36.6   19.1    2.3  37    3.9   7 0 0 1 1 1 0 15.8 39.7 15.7 40.3 80.0 100 100 20 408 0 144 0 401 402 400 0 0 0 59 50 AUTO 0 
b.1 2025-07-01 10:58:02.095 a 2025-07-01-10:57:58 010 153 310 0.2 1.7 4.0 15.6 38.3 729.8 0.00 0 0.0 15.3 24.1 24.5 3.628  -37.2   19.1    2.2  37    3.9   7 0 0 1 1 1 0 15.8 39.8 15.7 40.3 80.0 100 100 20 408 0 144 0 401 401 400 0 0 0 60 50 AUTO 0 
b.1 2025-07-01 10:59:00.719 a 2025-07-01-10:58:56 129 162 221 0.4 1.8 3.7 15.6 38.4 729.9 0.00 0 0.0 15.3 24.1 24.5 3.627  -37.0   19.1    2.3  37    3.9   7 0 0 1 1 1 0 15.8 39.8 15.7 40.4 80.0 100 100 20 408 0 144 0 401 402 400 0 0 0 60 50 AUTO 0 
b.1 2025-07-01 11:00:02.698 a 2025-07-01-10:59:58 073 159 275 0.2 2.1 4.2 15.6 38.2 729.9 0.00 0 0.0 15.3 24.1 24.5 3.626  -36.7   19.1    2.4  37    3.9   7 0 0 1 1 1 0 15.8 39.8 15.7 40.4 80.0 100 100 20 408 0 144 0 401 402 400 0 0 0 59 50 AUTO 0 
b.1 2025-07-01 11:01:00.697 a 2025-07-01-11:00:56 044 158 275 0.1 1.6 4.3 15.6 38.4 729.9 0.00 0 0.0 15.3 24.1 24.5 3.626  -37.4   19.1    2.3  37    4.0   7 0 0 1 1 1 0 15.8 39.8 15.7 40.4 80.0 100 100 20 408 0 144 0 401 401 400 0 0 0 59 50 AUTO 0 
b.1 2025-07-01 11:01:59.796 a 2025-07-01-11:01:55 116 157 234 0.4 2.2 4.1 15.5 38.3 729.9 0.00 0 0.0 15.4 24.1 24.5 3.628  -37.5   19.1    2.4  37    3.9   7 0 0 1 1 1 0 15.7 39.9 15.7 40.4 80.0 100 100 20 408 0 144 0 401 401 400 0 0 0 60 50 AUTO 0 
b.1 2025-07-01 11:03:00.838 a 2025-07-01-11:02:56 075 153 200 0.2 1.5 3.4 15.5 38.4 729.9 0.00 0 0.0 15.3 24.1 24.4 3.628  -37.0   19.1    2.3  37    3.9   7 0 0 1 1 1 0 15.7 39.9 15.7 40.4 80.0 100 100 20 408 0 144 0 401 401 400 0 0 0 60 50 AUTO 0 
b.1 2025-07-01 11:04:01.058 a 2025-07-01-11:03:57 076 154 233 0.0 1.9 3.4 15.5 38.4 729.9 0.00 0 0.0 15.3 24.1 24.4 3.627  -37.0   19.1    2.3  37    4.0   7 0 0 1 1 1 0 15.7 39.9 15.7 40.4 80.0 100 100 20 408 0 143 0 401 401 400 0 0 0 59 50 AUTO 0 
b.1 2025-07-01 11:05:02.096 a 2025-07-01-11:04:58 080 151 227 0.2 1.7 4.0 15.5 38.3 729.9 0.00 0 0.0 15.2 24.1 24.5 3.627  -35.9   19.1    2.3  37    3.9   7 0 0 1 1 1 0 15.7 39.9 15.6 40.5 80.0 100 100 20 408 0 144 0 401 401 400 0 0 0 59 50 AUTO 0 
b.1 2025-07-01 11:06:01.377 a 2025-07-01-11:05:57 090 161 231 0.1 1.2 3.8 15.5 38.3 729.9 0.00 0 0.0 15.2 24.1 24.5 3.627  -37.4   19.1    2.2  37    4.0   7 0 0 1 1 1 0 15.7 39.9 15.6 40.5 80.0 100 100 20 408 0 144 0 401 401 400 0 0 0 60 50 AUTO 0 
b.1 2025-07-01 11:07:02.278 a 2025-07-01-11:06:58 097 153 256 0.2 1.7 3.2 15.5 38.3 729.9 0.00 0 0.0 15.2 24.1 24.5 3.627  -36.3   19.1    2.2  37    4.0   7 0 0 1 1 1 0 15.7 39.9 15.6 40.5 80.0 100 100 20 408 0 144 0 401 401 400 0 0 0 59 50 AUTO 0 
b.1 2025-07-01 11:07:59.798 a 2025-07-01-11:07:55 081 144 248 0.2 1.5 2.8 15.5 38.2 730.0 0.00 0 0.0 15.2 24.1 24.5 3.628  -36.2   19.1    2.2  37    4.0   7 0 0 1 1 1 0 15.7 39.9 15.6 40.5 80.0 100 100 20 408 0 144 0 401 402 400 0 0 0 60 50 AUTO 0 
b.1 2025-07-01 11:09:00.796 a 2025-07-01-11:08:56 084 143 198 0.4 2.0 3.6 15.5 38.2 729.9 0.00 0 0.0 15.2 24.1 24.5 3.635  -37.3   19.1    2.3  37    4.0   7 0 0 1 1 1 0 15.7 39.8 15.6 40.3 80.0 100 100 20 408 0 144 0 401 401 399 0 0 0 59 50 AUTO 0 
b.1 2025-07-01 11:10:03.062 a 2025-07-01-11:09:59 076 135 197 0.4 2.0 3.5 15.5 38.1 730.0 0.00 0 0.0 15.3 24.1 24.5 3.627  -36.4   19.2    2.3  37    4.0   7 0 0 1 1 1 0 15.7 39.6 15.6 40.2 80.0 100 100 20 408 0 144 10 401 401 400 4 4 5 60 50 AUTO 0 
b.1 2025-07-01 11:11:01.499 a 2025-07-01-11:10:57 060 128 177 0.7 1.8 3.2 15.5 37.8 729.9 0.00 0 0.0 15.3 24.1 24.5 3.627  -37.1   19.1    2.3  37    3.9   7 0 0 1 1 1 0 15.7 39.5 15.6 40.1 80.0 100 100 20 408 0 144 0 401 401 400 0 0 0 60 50 AUTO 0 
b.1 2025-07-01 11:12:01.020 a 2025-07-01-11:11:56 046 128 203 0.6 1.4 2.4 15.5 38.0 730.0 0.00 0 0.0 15.2 24.1 24.5 3.634  -36.9   19.2    2.3  37    4.0   7 0 0 1 1 1 0 15.7 39.3 15.6 39.8 80.0 100 100 20 408 0 144 0 401 401 400 2 2 2 59 50 AUTO 0 
b.1 2025-07-01 11:13:01.657 a 2025-07-01-11:12:57 168 108 306 0.3 1.6 2.7 15.6 37.9 730.0 0.00 0 0.0 15.2 24.1 24.4 3.627  -37.1   19.2    2.3  36    4.0   7 0 0 1 1 1 0 15.7 39.2 15.7 39.8 80.0 100 100 20 408 0 144 0 401 401 400 0 0 0 59 50 AUTO 0 
b.1 2025-07-01 11:14:01.858 a 2025-07-01-11:13:57 000 157 329 0.0 0.9 2.5 15.6 37.9 730.0 0.00 0 0.0 15.2 24.1 24.5 3.626  -36.2   19.2    0.0  36    4.0   7 0 0 1 1 1 0 15.7 39.4 15.7 39.9 80.0 100 100 20 408 0 144 0 402 401 400 4 4 4 60 50 AUTO 0 
b.1 2025-07-01 11:15:01.941 a 2025-07-01-11:14:57 078 136 180 0.6 1.8 3.5 15.6 37.5 730.0 0.00 0 0.0 15.2 24.1 24.4 3.633  -36.8   19.3    2.2  36    4.0   7 0 0 1 1 1 0 15.7 39.3 15.7 39.8 80.0 100 100 20 408 0 144 0 401 401 400 0 0 0 59 50 AUTO 0 
b.1 2025-07-01 11:16:00.301 a 2025-07-01-11:15:56 049 130 219 0.1 1.5 3.3 15.6 37.5 730.0 0.00 0 0.0 15.2 24.1 24.4 3.628  -36.6   19.3    2.2  36    4.0   7 0 0 1 1 1 0 15.8 39.2 15.7 39.8 80.0 100 100 20 408 0 144 0 401 401 399 3 3 3 60 50 AUTO 0 
b.1 2025-07-01 11:17:01.500 a 2025-07-01-11:16:57 178 112 287 0.1 1.1 2.6 15.6 37.3 730.0 0.00 0 0.0 15.2 24.1 24.5 3.627  -36.3   19.3    2.2  36    4.0   7 0 0 1 1 1 0 15.7 39.1 15.7 39.7 80.0 100 100 20 408 0 144 0 401 401 400 0 0 0 59 50 AUTO 0 
b.1 2025-07-01 11:18:02.279 a 2025-07-01-11:17:58 164 018 270 0.1 0.5 1.1 15.6 37.2 730.1 0.00 0 0.0 15.1 24.1 24.5 3.633  -36.3   19.3    0.0  36    4.0   7 0 0 1 1 1 0 15.7 38.9 15.7 39.5 80.0 100 100 20 408 0 144 0 402 401 400 0 0 0 60 50 AUTO 0 
b.1 2025-07-01 11:19:02.025 a 2025-07-01-11:18:57 013 114 185 0.4 1.4 2.7 15.5 37.1 730.0 0.00 0 0.0 15.1 24.1 24.5 3.628  -37.0   19.3    2.2  36    4.0   7 0 0 1 1 1 0 15.7 38.9 15.7 39.4 80.0 100 100 20 408 0 144 0 401 401 400 0 0 0 60 50 AUTO 0 
b.1 2025-07-01 11:20:01.901 a 2025-07-01-11:19:57 116 070 203 0.1 0.7 1.5 15.5 37.0 730.0 0.00 0 0.0 15.1 24.1 24.4 3.627  -37.1   19.4    0.0  36    4.0   7 0 0 1 1 1 0 15.7 38.8 15.6 39.3 80.0 100 100 20 408 0 144 6 401 402 400 2 2 2 59 50 AUTO 0 
b.1 2025-07-01 11:21:00.622 a 2025-07-01-11:20:56 044 127 090 0.1 0.8 1.9 15.5 37.0 730.0 0.00 0 0.0 15.0 24.1 24.5 3.627  -36.7   19.4    2.2  36    4.0   5 0 0 1 1 1 0 15.7 38.8 15.7 39.3 80.0 100 100 20 408 0 144 0 401 401 400 0 0 0 60 50 AUTO 0 
b.1 2025-07-01 11:22:00.621 a 2025-07-01-11:21:56 016 126 197 0.1 1.1 2.8 15.5 37.0 730.0 0.00 0 0.0 15.0 24.1 24.5 3.627  -37.8   19.4    2.1  36    3.9   5 0 0 1 1 1 0 15.7 38.7 15.7 39.1 80.0 100 100 20 408 0 144 0 401 401 400 0 0 0 59 50 AUTO 0 
b.1 2025-07-01 11:23:00.923 a 2025-07-01-11:22:56 127 060 317 0.2 0.9 2.1 15.5 37.1 730.0 0.00 0 0.0 15.0 24.1 24.4 3.627  -36.9   19.4    0.0  36    3.9   7 0 0 1 1 1 0 15.7 38.5 15.7 39.1 80.0 100 100 20 408 0 144 0 401 402 400 0 0 0 59 50 AUTO 0 
b.1 2025-07-01 11:24:00.420 a 2025-07-01-11:23:56 116 074 312 0.1 0.8 1.6 15.5 37.0 730.1 0.00 0 0.0 15.0 24.1 24.5 3.627  -36.4   19.4    0.0  36    3.9   7 0 0 1 1 1 0 15.7 38.5 15.7 39.0 80.0 100 100 20 408 0 144 0 401 401 400 0 0 0 60 50 AUTO 0 
b.1 2025-07-01 11:25:01.740 a 2025-07-01-11:24:57 015 252 243 0.2 1.1 2.4 15.4 36.9 730.0 0.00 0 0.0 15.0 24.1 24.5 3.627  -36.2   19.4    0.0  36    3.9   7 0 0 1 1 1 0 15.8 38.4 15.7 39.0 80.0 100 100 20 408 0 144 0 401 401 400 0 0 0 60 50 AUTO 0 
b.1 2025-07-01 11:26:01.441 a 2025-07-01-11:25:57 062 127 201 0.9 2.2 3.6 15.5 36.8 730.0 0.00 0 0.0 15.1 24.1 24.5 3.628  -38.3   19.4    2.3  36    3.9  12 0 0 1 1 1 0 15.8 38.4 15.7 39.0 80.0 100 100 20 408 0 144 0 400 401 399 0 0 0 60 50 AUTO 0 
b.1 2025-07-01 11:27:01.599 a 2025-07-01-11:26:57 087 135 222 0.5 2.6 4.9 15.5 36.5 730.0 0.00 0 0.0 15.1 24.1 24.4 3.627  -37.4   19.4    2.4  36    3.8   9 0 0 1 1 1 0 15.8 38.4 15.7 39.0 80.0 100 100 20 408 0 144 0 401 400 400 0 0 0 59 50 AUTO 0 
b.1 2025-07-01 11:28:01.483 a 2025-07-01-11:27:57 051 104 139 0.8 2.2 4.1 15.5 36.5 730.1 0.00 0 0.0 15.2 24.1 24.5 3.633  -39.5   19.4    2.5  36    3.8   9 0 0 1 1 1 0 15.8 38.3 15.7 38.8 80.0 100 100 20 408 0 144 0 400 402 399 0 0 0 60 50 AUTO 0 
b.1 2025-07-01 11:29:01.723 a 2025-07-01-11:28:57 075 116 171 0.6 2.3 4.0 15.5 36.5 730.1 0.00 0 0.0 15.3 24.1 24.4 3.633  -37.9   19.4    2.6  36    3.8   9 0 0 1 1 1 0 15.8 38.3 15.7 38.8 80.0 100 100 20 408 0 144 0 401 401 400 0 0 0 59 50 AUTO 0 
b.1 2025-07-01 11:30:01.483 a 2025-07-01-11:29:57 166 097 313 0.2 1.6 2.7 15.5 36.3 730.1 0.00 0 0.0 15.2 24.1 24.4 3.627  -37.0   19.4    2.4  35    3.7   9 0 0 1 1 1 0 15.8 38.2 15.7 38.7 80.0 100 100 20 408 0 144 0 402 401 399 0 0 0 59 50 AUTO 0 
b.1 2025-07-01 11:31:00.904 a 2025-07-01-11:30:56 060 137 292 0.1 2.3 4.9 15.6 36.3 730.1 0.00 0 0.0 15.3 24.1 24.5 3.633  -36.3   19.4    2.5  35    3.7   9 0 0 1 1 1 0 15.8 38.1 15.7 38.7 80.0 100 100 20 408 0 144 0 401 401 400 0 0 0 59 50 AUTO 0 
b.1 2025-07-01 11:32:01.128 a 2025-07-01-11:31:57 084 132 184 1.1 2.1 3.9 15.6 36.0 730.1 0.00 0 0.0 15.3 24.1 24.5 3.627  -37.7   19.4    2.6  35    3.7   9 0 0 1 1 1 0 15.8 38.1 15.7 38.6 80.0 100 100 20 408 0 144 0 401 402 399 0 0 0 60 50 AUTO 0 
b.1 2025-07-01 11:33:00.622 a 2025-07-01-11:32:56 085 124 173 1.2 2.1 3.0 15.6 36.0 730.1 0.00 0 0.0 15.3 24.1 24.4 3.628  -36.9   19.4    2.6  35    3.7   9 0 0 1 1 1 0 15.8 38.1 15.7 38.5 80.0 100 100 20 408 0 144 0 400 401 399 0 0 0 60 50 AUTO 0 
b.1 2025-07-01 11:34:00.622 a 2025-07-01-11:33:56 092 135 182 0.3 2.1 3.6 15.6 35.8 730.1 0.00 0 0.0 15.3 24.1 24.5 3.627  -37.4   19.5    2.6  35    3.7   9 0 0 1 1 1 0 15.8 38.0 15.7 38.5 80.0 100 100 20 408 0 144 0 401 401 399 0 0 0 60 50 AUTO 0 
b.1 2025-07-01 11:35:01.746 a 2025-07-01-11:34:57 113 148 220 1.0 2.4 3.7 15.6 35.7 730.1 0.00 0 0.0 15.4 24.1 24.4 3.628  -37.1   19.4    2.7  35    3.7   9 0 0 1 1 1 0 15.8 38.0 15.7 38.4 80.0 100 100 20 408 0 144 0 401 401 400 0 0 0 59 50 AUTO 0 
b.1 2025-07-01 11:36:00.342 a 2025-07-01-11:35:56 061 142 221 0.3 1.5 3.0 15.6 35.7 730.1 0.00 0 0.0 15.4 24.1 24.5 3.627  -36.8   19.5    2.5  35    3.7   9 0 0 1 1 1 0 15.8 37.9 15.7 38.4 80.0 100 100 20 408 0 144 0 401 401 400 0 0 0 60 50 AUTO 0 
b.1 2025-07-01 11:37:01.025 a 2025-07-01-11:36:56 090 134 169 1.0 1.8 2.8 15.7 35.8 730.1 0.00 0 0.0 15.4 24.1 24.4 3.627  -36.6   19.5    2.5  35    3.7   9 0 0 1 1 1 0 15.8 37.8 15.7 38.3 80.0 100 100 20 408 0 144 0 401 401 400 0 0 0 59 50 AUTO 0 
b.1 2025-07-01 11:38:01.144 a 2025-07-01-11:37:57 089 126 162 0.5 1.6 2.8 15.7 35.8 730.1 0.00 0 0.0 15.4 24.1 24.5 3.628  -38.1   19.5    2.4  35    3.7   9 0 0 1 1 1 0 15.8 37.8 15.7 38.2 80.0 100 100 20 408 0 144 0 401 401 400 0 0 0 59 50 AUTO 0 
b.1 2025-07-01 11:39:01.165 a 2025-07-01-11:38:57 081 130 177 0.3 1.9 3.5 15.7 35.8 730.1 0.00 0 0.0 15.3 24.1 24.5 3.627  -37.0   19.5    2.4  35    3.7   5 0 0 1 1 1 0 15.8 37.7 15.8 38.2 80.0 100 100 20 408 0 144 0 401 401 400 0 0 0 59 50 AUTO 0 
b.1 2025-07-01 11:40:01.717 a 2025-07-01-11:39:57 028 116 214 0.2 1.2 2.3 15.6 35.6 730.1 0.00 0 0.0 15.3 24.1 24.5 3.627  -36.2   19.5    2.3  35    3.7   6 0 0 1 1 1 0 15.8 37.6 15.8 38.1 80.0 100 100 20 408 0 144 0 401 401 400 0 0 0 60 50 AUTO 0 
b.1 2025-07-01 11:41:00.286 a 2025-07-01-11:40:56 028 122 167 0.2 1.6 3.1 15.6 35.7 730.1 0.00 0 0.0 15.3 24.1 24.5 3.628  -38.4   19.5    2.3  35    3.7   7 0 0 1 1 1 0 15.8 37.6 15.8 38.0 80.0 100 100 20 408 0 144 0 401 402 400 0 0 0 60 50 AUTO 0 
b.1 2025-07-01 11:42:00.963 a 2025-07-01-11:41:56 157 097 296 0.1 1.2 2.3 15.6 35.6 730.1 0.00 0 0.0 15.3 24.1 24.5 3.627  -36.4   19.5    2.2  35    3.7   7 0 0 1 1 1 0 15.9 37.6 15.8 38.0 80.0 100 100 20 408 0 144 0 401 402 399 0 0 0 59 50 AUTO 0 
b.1 2025-07-01 11:43:01.642 a 2025-07-01-11:42:57 194 088 335 0.1 1.0 3.0 15.6 35.7 730.1 0.00 0 0.0 15.2 24.1 24.5 3.627  -37.1   19.5    2.2  35    3.7   7 0 0 1 1 1 0 15.8 37.5 15.8 37.9 80.0 100 100 20 408 0 144 0 401 401 400 0 0 0 60 50 AUTO 0 
b.1 2025-07-01 11:44:02.104 a 2025-07-01-11:43:57 151 120 000 0.1 1.4 3.4 15.6 35.6 730.1 0.00 0 0.0 15.2 24.1 24.4 3.631  -36.7   19.5    2.2  35    3.6   7 0 0 1 1 1 0 15.9 37.4 15.8 37.9 80.0 100 100 20 408 0 144 0 400 401 399 0 0 0 60 50 AUTO 0 
b.1 2025-07-01 11:45:01.105 a 2025-07-01-11:44:57 195 119 326 0.4 1.7 2.9 15.6 35.5 730.1 0.00 0 0.0 15.2 24.1 24.5 3.627  -37.8   19.5    2.3  35    3.6   7 0 0 1 1 1 0 15.9 37.4 15.8 37.9 80.0 100 100 20 408 0 144 0 401 402 400 0 0 0 59 50 AUTO 0 
b.1 2025-07-01 11:46:01.645 a 2025-07-01-11:45:57 038 124 183 0.6 1.8 3.5 15.6 35.5 730.2 0.00 0 0.0 15.2 24.1 24.5 3.627  -39.3   19.5    2.3  35    3.6   7 0 0 1 1 1 0 15.9 37.3 15.8 37.7 80.0 100 100 20 408 0 144 0 401 401 399 0 0 0 59 50 AUTO 0 
b.1 2025-07-01 11:47:01.207 a 2025-07-01-11:46:57 202 126 309 0.1 0.9 1.7 15.6 35.5 730.2 0.00 0 0.0 15.2 24.1 24.4 3.634  -36.4   19.5    2.2  35    3.6   7 0 0 1 1 1 0 15.9 37.2 15.8 37.7 80.0 100 100 20 408 0 144 0 402 401 400 0 0 0 60 50 AUTO 0 
b.1 2025-07-01 11:48:02.365 a 2025-07-01-11:47:58 268 110 289 0.1 1.5 3.0 15.6 35.6 730.2 0.00 0 0.0 15.2 24.1 24.4 3.628  -36.8   19.6    2.2  35    3.6   7 0 0 1 1 1 0 15.9 37.1 15.8 37.6 80.0 100 100 20 408 0 144 0 401 401 400 0 0 0 59 50 AUTO 0 
b.1 2025-07-01 11:49:01.710 a 2025-07-01-11:48:57 084 109 159 0.7 2.1 3.8 15.6 35.5 730.2 0.00 0 0.0 15.2 24.1 24.5 3.628  -37.6   19.5    2.3  35    3.6   7 0 0 1 1 1 0 15.9 37.1 15.8 37.6 80.0 100 100 20 408 0 144 0 401 401 400 0 0 0 60 50 AUTO 0 
b.1 2025-07-01 11:50:01.828 a 2025-07-01-11:49:57 085 121 181 0.8 2.3 3.9 15.6 35.4 730.2 0.00 0 0.0 15.3 24.1 24.5 3.634  -37.8   19.5    2.4  35    3.6   7 0 0 1 1 1 0 15.9 37.1 15.9 37.6 80.0 100 100 20 408 0 144 0 402 401 400 0 0 0 59 50 AUTO 0 
b.1 2025-07-01 11:51:01.947 a 2025-07-01-11:50:57 082 121 242 0.7 2.1 3.5 15.7 35.4 730.2 0.00 0 0.0 15.3 24.1 24.5 3.626  -36.3   19.5    2.4  35    3.5   7 0 0 1 1 1 0 15.9 37.1 15.8 37.5 80.0 100 100 20 408 0 144 0 401 402 399 0 0 0 60 50 AUTO 0 
b.1 2025-07-01 11:52:01.467 a 2025-07-01-11:51:57 005 142 270 0.1 1.8 3.1 15.7 35.4 730.2 0.00 0 0.0 15.3 24.1 24.4 3.628  -37.5   19.5    2.4  35    3.5   7 0 0 1 1 1 0 15.9 36.9 15.9 37.5 80.0 100 100 20 408 0 144 0 401 401 400 0 0 0 60 50 AUTO 0 
b.1 2025-07-01 11:53:00.346 a 2025-07-01-11:52:56 083 123 193 0.3 1.9 3.4 15.7 35.2 730.2 0.00 0 0.0 15.3 24.1 24.5 3.627  -36.7   19.5    2.4  35    3.5   7 0 0 1 1 1 0 15.9 36.9 15.8 37.4 80.0 100 100 20 408 0 144 0 401 401 400 0 0 0 60 50 AUTO 0 
b.1 2025-07-01 11:54:00.890 a 2025-07-01-11:53:56 072 123 166 0.7 2.0 3.0 15.7 35.2 730.2 0.00 0 0.0 15.3 24.1 24.4 3.628  -37.6   19.5    2.5  35    3.5   7 0 0 1 1 1 0 15.9 36.9 15.8 37.4 80.0 100 100 20 408 0 144 0 402 401 400 0 0 0 60 50 AUTO 0 
b.1 2025-07-01 11:55:01.997 a 2025-07-01-11:54:57 079 113 146 1.3 2.4 3.3 15.7 35.4 730.2 0.00 0 0.0 15.4 24.1 24.5 3.628  -36.6   19.5    2.7  35    3.5   7 0 0 1 1 1 0 15.9 36.9 15.9 37.4 80.0 100 100 20 408 0 144 0 401 402 399 0 0 0 60 50 AUTO 0 
b.1 2025-07-01 11:56:01.065 a 2025-07-01-11:55:57 078 121 177 0.9 2.4 3.9 15.7 35.4 730.2 0.00 0 0.0 15.4 24.1 24.5 3.627  -38.3   19.6    2.8  35    3.5  12 0 0 1 1 1 0 15.9 36.9 15.9 37.4 80.0 100 100 20 408 0 144 0 401 401 399 0 0 0 60 50 AUTO 0 
b.1 2025-07-01 11:57:01.630 a 2025-07-01-11:56:57 092 120 159 1.1 2.0 3.0 15.8 35.3 730.2 0.00 0 0.0 15.4 24.1 24.5 3.627  -36.6   19.6    2.6  35    3.6   8 0 0 1 1 1 0 15.9 36.8 15.8 37.4 80.0 100 100 20 408 0 144 0 401 401 400 0 0 0 60 50 AUTO 0 
b.1 2025-07-01 11:58:00.967 a 2025-07-01-11:57:56 076 116 163 0.9 1.9 3.0 15.8 35.4 730.2 0.00 0 0.0 15.4 24.1 24.5 3.627  -36.9   19.6    2.5  35    3.6   8 0 0 1 1 1 0 16.0 36.8 15.8 37.4 80.0 100 100 20 408 0 144 0 401 401 399 0 0 0 60 50 AUTO 0 
b.1 2025-07-01 11:59:01.308 a 2025-07-01-11:58:57 049 101 133 1.0 1.9 3.2 15.8 35.4 730.3 0.00 0 0.0 15.4 24.1 24.5 3.627  -37.2   19.6    2.6  35    3.6   8 0 0 1 1 1 0 15.9 36.8 15.9 37.4 80.0 100 100 20 408 0 144 0 401 401 399 0 0 0 59 50 AUTO 0 
b.1 2025-07-01 12:00:02.210 a 2025-07-01-11:59:58 066 112 161 0.5 1.9 3.1 15.7 35.5 730.3 0.00 0 0.0 15.4 24.1 24.5 3.633  -37.1   19.6    2.6  35    3.6   8 0 0 1 1 1 0 15.9 36.8 15.9 37.4 80.0 100 100 20 408 0 144 0 401 401 400 0 0 0 59 50 AUTO 0 
b.1 2025-07-01 12:01:02.506 a 2025-07-01-12:00:58 065 108 161 0.5 1.7 2.9 15.7 35.5 730.3 0.00 0 0.0 15.3 24.1 24.5 3.633  -36.4   19.6    2.5  35    3.6   8 0 0 1 1 1 0 16.0 36.8 15.9 37.4 80.0 100 100 20 408 0 144 0 401 401 399 0 0 0 59 50 AUTO 0 
b.1 2025-07-01 12:02:01.407 a 2025-07-01-12:01:57 024 117 187 0.3 1.6 3.0 15.7 35.2 730.3 0.00 0 0.0 15.4 24.1 24.5 3.627  -38.4   19.6    2.4  35    3.6   8 0 0 1 1 1 0 16.0 36.8 15.9 37.3 80.0 100 100 20 408 0 144 0 401 401 399 0 0 0 59 50 AUTO 0 
b.1 2025-07-01 12:03:01.671 a 2025-07-01-12:02:57 077 119 173 0.2 1.6 2.5 15.7 35.3 730.3 0.00 0 0.0 15.3 24.1 24.5 3.627  -37.7   19.6    2.3  34    3.6   8 0 0 1 1 1 0 16.0 36.7 15.9 37.3 80.0 100 100 20 408 0 144 0 401 401 399 0 0 0 60 50 AUTO 0 
b.1 2025-07-01 12:04:01.571 a 2025-07-01-12:03:57 077 122 201 0.3 1.6 2.9 15.7 35.5 730.3 0.00 0 0.0 15.3 24.1 24.5 3.627  -37.1   19.6    2.3  35    3.6   8 0 0 1 1 1 0 16.0 36.8 15.9 37.3 80.0 100 100 20 408 0 144 0 401 402 399 0 0 0 59 50 AUTO 0 
b.1 2025-07-01 12:05:01.792 a 2025-07-01-12:04:57 085 132 206 0.4 1.7 3.2 15.7 35.5 730.3 0.00 0 0.0 15.3 24.1 24.4 3.627  -37.1   19.6    2.3  34    3.6   8 0 0 1 1 1 0 16.0 36.8 15.9 37.3 80.0 100 100 20 408 0 144 0 402 401 400 0 0 0 60 50 AUTO 0 
b.1 2025-07-01 12:06:00.930 a 2025-07-01-12:05:56 086 132 189 0.9 2.3 4.2 15.7 35.4 730.3 0.00 0 0.0 15.4 24.1 24.5 3.634  -37.4   19.6    2.5  34    3.5   5 0 0 1 1 1 0 16.0 36.7 15.9 37.3 80.0 100 100 20 408 0 144 0 402 401 399 0 0 0 60 50 AUTO 0 
b.1 2025-07-01 12:07:00.913 a 2025-07-01-12:06:56 076 127 189 0.3 2.0 4.2 15.7 35.4 730.2 0.00 0 0.0 15.4 24.1 24.4 3.626  -36.6   19.6    2.4  34    3.5   7 0 0 1 1 1 0 16.0 36.7 15.9 37.3 80.0 100 100 20 408 0 144 0 401 401 400 0 0 0 60 50 AUTO 0 
b.1 2025-07-01 12:08:01.552 a 2025-07-01-12:07:57 053 142 236 0.2 1.2 3.2 15.7 35.5 730.3 0.00 0 0.0 15.3 24.1 24.4 3.628  -36.9   19.6    2.2  34    3.5   7 0 0 1 1 1 0 16.0 36.7 15.9 37.3 80.0 100 100 20 408 0 144 0 401 402 399 0 0 0 59 50 AUTO 0 
b.1 2025-07-01 12:09:01.130 a 2025-07-01-12:08:56 073 151 317 0.2 2.6 5.1 15.7 35.6 730.3 0.00 0 0.0 15.4 24.1 24.4 3.633  -37.8   19.6    2.5  34    3.5   7 0 0 1 1 1 0 16.0 36.8 15.9 37.2 80.0 100 100 20 408 0 144 0 401 401 399 0 0 0 60 50 AUTO 0 
b.1 2025-07-01 12:10:02.270 a 2025-07-01-12:09:58 204 137 289 0.1 1.9 4.4 15.7 35.5 730.3 0.00 0 0.0 15.4 24.1 24.5 3.627  -37.0   19.6    2.5  34    3.5   8 0 0 1 1 1 0 16.0 36.7 15.9 37.3 80.0 100 100 20 408 0 144 0 402 401 400 0 0 0 59 50 AUTO 0 
b.1 2025-07-01 12:11:01.611 a 2025-07-01-12:10:57 075 152 214 0.4 1.8 4.7 15.7 35.5 730.3 0.00 0 0.0 15.4 24.1 24.5 3.627  -38.5   19.6    2.4  34    3.5   8 0 0 1 1 1 0 16.0 36.7 15.9 37.3 80.0 100 100 20 408 0 144 0 400 402 399 0 0 0 59 50 AUTO 0 
b.1 2025-07-01 12:12:01.134 a 2025-07-01-12:11:57 231 142 327 0.1 1.5 3.2 15.7 35.6 730.3 0.00 0 0.0 15.4 24.1 24.5 3.628  -36.8   19.6    2.3  34    3.5   8 0 0 1 1 1 0 16.0 36.8 15.9 37.3 80.0 100 100 20 408 0 144 0 401 401 399 0 0 0 59 50 AUTO 0 
b.1 2025-07-01 12:13:01.953 a 2025-07-01-12:12:57 128 133 333 0.1 1.4 3.6 15.7 35.7 730.3 0.00 0 0.0 15.4 24.1 24.5 3.627  -36.7   19.5    2.2  34    3.5   8 0 0 1 1 1 0 16.0 36.8 15.9 37.3 80.0 100 100 20 408 0 144 0 401 401 399 0 0 0 59 50 AUTO 0 
b.1 2025-07-01 12:14:01.851 a 2025-07-01-12:13:57 071 122 183 0.4 2.3 4.3 15.6 35.8 730.3 0.00 0 0.0 15.4 24.1 24.5 3.626  -37.1   19.5    2.4  34    3.5   8 0 0 1 1 1 0 16.0 36.8 15.9 37.3 80.0 100 100 20 408 0 144 0 401 401 399 0 0 0 60 50 AUTO 0 
b.1 2025-07-01 12:15:00.671 a 2025-07-01-12:14:56 221 129 317 0.3 1.6 3.5 15.6 35.8 730.3 0.00 0 0.0 15.4 24.1 24.5 3.627  -37.0   19.5    2.4  35    3.5   8 0 0 1 1 1 0 16.0 36.9 15.9 37.3 80.0 100 100 20 408 0 144 0 401 401 399 0 0 0 59 50 AUTO 0 
b.1 2025-07-01 12:16:00.755 a 2025-07-01-12:15:56 085 145 229 0.3 1.2 3.2 15.6 35.9 730.3 0.00 0 0.0 15.3 24.1 24.4 3.627  -36.5   19.5    2.2  35    3.5   8 0 0 1 1 1 0 16.0 36.9 15.9 37.3 80.0 100 100 20 408 0 144 0 401 401 400 0 0 0 60 50 AUTO 0 
b.1 2025-07-01 12:16:59.634 a 2025-07-01-12:16:55 232 157 352 0.1 1.2 2.9 15.6 36.1 730.3 0.00 0 0.0 15.3 24.1 24.5 3.627  -36.8   19.5    2.2  35    3.5   8 0 0 1 1 1 0 16.0 36.9 15.9 37.3 80.0 100 100 20 408 0 144 0 401 401 400 0 0 0 59 50 AUTO 0 
b.1 2025-07-01 12:18:02.035 a 2025-07-01-12:17:57 102 158 245 0.2 1.5 3.4 15.6 36.1 730.3 0.00 0 0.0 15.2 24.1 24.5 3.627  -38.6   19.5    2.2  35    3.5   8 0 0 1 1 1 0 16.0 36.9 15.9 37.4 80.0 100 100 20 408 0 144 0 401 401 400 0 0 0 60 50 AUTO 0 
b.1 2025-07-01 12:19:00.474 a 2025-07-01-12:18:56 070 163 289 0.2 1.1 3.1 15.5 36.2 730.3 0.00 0 0.0 15.2 24.1 24.4 3.627  -37.5   19.5    2.1  35    3.5   8 0 0 1 1 1 0 16.0 36.9 15.9 37.4 80.0 100 100 20 408 0 144 0 401 401 399 0 0 0 59 50 AUTO 0 
b.1 2025-07-01 12:20:00.553 a 2025-07-01-12:19:56 174 160 355 0.1 1.2 3.2 15.5 36.3 730.3 0.00 0 0.0 15.2 24.1 24.5 3.627  -36.4   19.5    2.1  35    3.5   8 0 0 1 1 1 0 16.0 37.0 15.9 37.4 80.0 100 100 20 408 0 144 0 401 402 400 0 0 0 59 50 AUTO 0 
b.1 2025-07-01 12:21:00.536 a 2025-07-01-12:20:56 012 156 163 0.2 1.6 3.6 15.5 36.5 730.3 0.00 0 0.0 15.2 24.1 24.5 3.627  -36.5   19.4    2.2  35    3.4   8 0 0 1 1 1 0 16.0 37.0 15.9 37.5 80.0 100 100 20 408 0 144 0 401 401 400 0 0 0 60 50 AUTO 0 
b.1 2025-07-01 12:22:01.473 a 2025-07-01-12:21:57 019 163 234 0.3 1.4 2.8 15.4 36.6 730.3 0.00 0 0.0 15.1 24.1 24.5 3.633  -36.5   19.4    2.2  35    3.4   8 0 0 1 1 1 0 15.9 37.1 15.9 37.6 80.0 100 100 20 408 0 144 0 400 401 399 0 0 0 60 50 AUTO 0 
b.1 2025-07-01 12:23:01.451 a 2025-07-01-12:22:57 065 160 238 0.3 2.1 4.5 15.4 36.7 730.3 0.00 0 0.0 15.2 24.1 24.5 3.628  -38.4   19.4    2.3  35    3.4   8 0 0 1 1 1 0 16.0 37.1 15.9 37.7 80.0 100 100 20 408 0 144 0 401 401 400 0 0 0 59 50 AUTO 0 
b.1 2025-07-01 12:24:01.154 a 2025-07-01-12:23:57 021 154 197 0.4 2.9 5.4 15.4 36.8 730.3 0.00 0 0.0 15.3 24.1 24.5 3.627  -38.0   19.3    2.5  35    3.5   8 0 0 1 1 1 0 15.9 37.2 15.9 37.8 80.0 100 100 20 408 0 144 0 401 401 399 0 0 0 59 50 AUTO 0 
b.1 2025-07-01 12:25:02.371 a 2025-07-01-12:24:58 062 163 300 0.2 2.1 6.0 15.5 36.8 730.3 0.00 0 0.0 15.4 24.1 24.5 3.634  -36.2   19.3    2.5  35    3.5   8 0 0 1 1 1 0 15.9 37.3 15.9 37.8 80.0 100 100 20 408 0 144 0 401 401 399 0 0 0 60 50 AUTO 0 
b.1 2025-07-01 12:26:00.775 a 2025-07-01-12:25:56 045 166 253 0.1 2.1 5.7 15.5 36.8 730.3 0.00 0 0.0 15.4 24.1 24.5 3.627  -37.4   19.3    2.5  35    3.5   9 0 0 1 1 1 0 15.9 37.3 15.9 37.9 80.0 100 100 20 408 0 144 0 400 401 399 0 0 0 59 50 AUTO 0 
b.1 2025-07-01 12:27:01.415 a 2025-07-01-12:26:57 090 159 271 0.5 2.1 5.1 15.5 36.8 730.3 0.00 0 0.0 15.4 24.1 24.5 3.627  -36.7   19.3    2.5  35    3.5   9 0 0 1 1 1 0 15.9 37.4 15.9 37.9 80.0 100 100 20 408 0 144 0 401 401 399 0 0 0 60 50 AUTO 0 
b.1 2025-07-01 12:28:01.536 a 2025-07-01-12:27:57 293 169 320 0.2 2.0 5.1 15.5 36.9 730.2 0.00 0 0.0 15.3 24.1 24.5 3.627  -38.0   19.3    2.5  35    3.5   9 0 0 1 1 1 0 15.9 37.5 15.9 37.9 80.0 100 100 20 408 0 144 0 401 401 399 0 0 0 60 50 AUTO 0 
b.1 2025-07-01 12:29:01.714 a 2025-07-01-12:28:57 121 162 306 0.4 2.6 5.1 15.5 36.9 730.2 0.00 0 0.0 15.4 24.1 24.5 3.628  -35.9   19.2    2.5  35    3.5   9 0 0 1 1 1 0 15.9 37.6 15.9 38.0 80.0 100 100 20 408 0 144 0 401 401 400 0 0 0 60 50 AUTO 0 
b.1 2025-07-01 12:30:00.078 a 2025-07-01-12:29:55 322 163 354 0.1 1.5 4.3 15.5 36.8 730.3 0.00 0 0.0 15.3 24.1 24.5 3.628  -36.8   19.2    2.4  35    3.5   9 0 0 1 1 1 0 15.9 37.6 15.9 38.0 80.0 100 100 20 408 0 144 0 401 401 399 0 0 0 59 50 AUTO 0 
b.1 2025-07-01 12:31:01.313 a 2025-07-01-12:30:57 117 166 284 0.3 2.2 5.7 15.5 36.9 730.3 0.00 0 0.0 15.4 24.1 24.5 3.626  -37.0   19.2    2.5  35    3.5   9 0 0 1 1 1 0 15.9 37.7 15.9 38.1 80.0 100 100 20 408 0 144 0 400 401 399 0 0 0 59 50 AUTO 0 
b.1 2025-07-01 12:32:00.321 a 2025-07-01-12:31:56 049 161 227 0.3 1.6 4.1 15.5 36.9 730.3 0.00 0 0.0 15.3 24.1 24.5 3.627  -37.0   19.2    2.3  35    3.5   9 0 0 1 1 1 0 15.9 37.7 15.9 38.1 80.0 100 100 20 408 0 144 0 401 401 400 0 0 0 59 50 AUTO 0 
b.1 2025-07-01 12:33:00.917 a 2025-07-01-12:32:56 223 158 335 0.6 2.2 5.2 15.5 36.7 730.3 0.00 0 0.0 15.4 24.1 24.4 3.626  -36.9   19.2    2.4  35    3.5   9 0 0 1 1 1 0 15.9 37.7 15.9 38.1 80.0 100 100 20 408 0 144 0 401 402 399 0 0 0 60 50 AUTO 0 
b.1 2025-07-01 12:34:01.415 a 2025-07-01-12:33:57 293 165 328 0.4 2.1 5.5 15.5 36.9 730.3 0.00 0 0.0 15.3 24.1 24.5 3.627  -37.1   19.1    2.5  35    3.5   9 0 0 1 1 1 0 15.9 37.7 15.9 38.1 80.0 100 100 20 408 0 144 0 401 401 400 0 0 0 60 50 AUTO 0 
b.1 2025-07-01 12:35:01.882 a 2025-07-01-12:34:57 244 158 317 0.3 2.0 4.3 15.5 36.7 730.3 0.00 0 0.0 15.4 24.1 24.4 3.627  -37.2   19.1    2.4  35    3.5   9 0 0 1 1 1 0 15.9 37.7 15.9 38.1 80.0 100 100 20 408 0 144 0 401 401 399 0 0 0 59 50 AUTO 0 
b.1 2025-07-01 12:36:01.953 a 2025-07-01-12:35:57 140 166 341 0.1 2.0 5.0 15.5 36.9 730.3 0.00 0 0.0 15.4 24.1 24.5 3.627  -37.2   19.1    2.4  35    3.5   9 0 0 1 1 1 0 15.9 37.8 15.9 38.2 80.0 100 100 20 408 0 144 0 400 402 399 0 0 0 60 50 AUTO 0 
b.1 2025-07-01 12:37:00.960 a 2025-07-01-12:36:56 104 164 256 0.5 2.0 4.7 15.4 36.9 730.3 0.00 0 0.0 15.4 24.1 24.5 3.627  -36.2   19.1    2.4  35    3.5   9 0 0 1 1 1 0 15.9 37.8 15.9 38.1 80.0 100 100 20 408 0 144 0 402 401 400 0 0 0 59 50 AUTO 0 
b.1 2025-07-01 12:38:01.539 a 2025-07-01-12:37:57 120 173 297 0.1 2.1 5.9 15.4 36.9 730.2 0.00 0 0.0 15.4 24.1 24.5 3.633  -35.9   19.1    2.5  35    3.5   9 0 0 1 1 1 0 15.9 37.8 15.9 38.2 80.0 100 100 20 408 0 144 0 401 401 400 0 0 0 60 50 AUTO 0 
b.1 2025-07-01 12:39:01.480 a 2025-07-01-12:38:57 066 164 343 0.1 1.6 4.0 15.4 36.9 730.2 0.00 0 0.0 15.3 24.1 24.5 3.627  -35.6   19.1    2.4  35    3.5   9 0 0 1 1 1 0 15.9 37.8 15.9 38.2 80.0 100 100 20 408 0 144 0 402 401 400 0 0 0 60 50 AUTO 0 
b.1 2025-07-01 12:40:01.177 a 2025-07-01-12:39:57 048 159 265 0.2 2.0 5.1 15.4 37.0 730.2 0.00 0 0.0 15.3 24.1 24.5 3.628  -36.3   19.1    2.4  36    3.5   9 0 0 1 1 1 0 15.9 37.8 15.9 38.2 80.0 100 100 20 408 0 144 0 401 401 400 0 0 0 59 50 AUTO 0 
b.1 2025-07-01 12:41:01.157 a 2025-07-01-12:40:57 059 172 270 0.2 1.6 4.2 15.4 37.1 730.2 0.00 0 0.0 15.3 24.1 24.4 3.633  -36.1   19.0    2.3  36    3.5   9 0 0 1 1 1 0 15.9 37.8 15.9 38.2 80.0 100 100 20 408 0 144 0 401 401 400 0 0 0 59 50 AUTO 0 
b.1 2025-07-01 12:42:00.720 a 2025-07-01-12:41:56 066 172 298 0.4 2.0 6.3 15.4 37.2 730.3 0.00 0 0.0 15.3 24.1 24.5 3.627  -37.6   19.0    2.3  36    3.5   9 0 0 1 1 1 0 15.9 37.9 15.9 38.3 80.0 100 100 20 408 0 144 0 401 402 399 0 0 0 60 50 AUTO 0 
b.1 2025-07-01 12:43:01.821 a 2025-07-01-12:42:57 230 176 000 0.2 1.5 4.2 15.4 37.2 730.3 0.00 0 0.0 15.2 24.1 24.5 3.628  -37.1   19.0    2.3  36    3.5   9 0 0 1 1 1 0 15.9 37.9 15.9 38.3 80.0 100 100 20 408 0 144 0 401 401 400 0 0 0 59 50 AUTO 0 
b.1 2025-07-01 12:44:01.240 a 2025-07-01-12:43:57 072 184 236 0.1 1.3 3.6 15.4 37.4 730.3 0.00 0 0.0 15.2 24.1 24.5 3.629  -36.0   19.0    2.2  36    3.5   9 0 0 1 1 1 0 15.9 37.9 15.9 38.4 80.0 100 100 20 408 0 144 0 401 401 400 0 0 0 60 50 AUTO 0 
b.1 2025-07-01 12:45:02.378 a 2025-07-01-12:44:58 056 168 279 0.2 2.1 4.7 15.4 37.4 730.3 0.00 0 0.0 15.3 24.1 24.5 3.627  -36.4   19.0    2.3  36    3.5   9 0 0 1 1 1 0 15.9 38.0 15.9 38.4 80.0 100 100 20 408 0 144 0 402 401 400 0 0 0 60 50 AUTO 0 
b.1 2025-07-01 12:46:00.960 a 2025-07-01-12:45:56 037 179 254 0.2 1.7 6.3 15.4 37.7 730.3 0.00 0 0.0 15.2 24.1 24.4 3.627  -37.1   19.0    2.3  36    3.5   9 0 0 1 1 1 0 15.9 38.0 15.9 38.4 80.0 100 100 20 408 0 144 0 401 401 399 0 0 0 60 50 AUTO 0 
b.1 2025-07-01 12:47:01.500 a 2025-07-01-12:46:57 157 155 344 0.2 2.3 6.4 15.3 37.8 730.3 0.00 0 0.0 15.3 24.1 24.5 3.627  -37.1   19.0    2.4  36    3.6   9 0 0 1 1 1 0 15.9 38.1 15.9 38.5 80.0 100 100 20 408 0 144 0 400 401 399 0 0 0 59 50 AUTO 0 
b.1 2025-07-01 12:48:01.480 a 2025-07-01-12:47:57 084 181 329 0.3 2.0 5.0 15.3 37.9 730.3 0.00 0 0.0 15.3 24.1 24.4 3.627  -37.5   19.0    2.4  36    3.6   9 0 0 1 1 1 0 15.9 38.2 15.9 38.5 80.0 100 100 20 408 0 144 0 401 401 400 0 0 0 59 50 AUTO 0 
b.1 2025-07-01 12:49:01.178 a 2025-07-01-12:48:56 057 185 329 0.1 1.5 4.9 15.4 37.9 730.3 0.00 0 0.0 15.3 24.1 24.4 3.627  -36.2   19.0    2.3  36    3.6   9 0 0 1 1 1 0 15.9 38.3 15.9 38.6 80.0 100 100 20 408 0 144 0 401 401 400 0 0 0 59 50 AUTO 0 
b.1 2025-07-01 12:50:01.220 a 2025-07-01-12:49:57 103 175 285 0.2 1.5 4.4 15.3 38.1 730.2 0.00 0 0.0 15.3 24.1 24.5 3.627  -36.5   18.9    2.3  36    3.7   9 0 0 1 1 1 0 15.9 38.3 15.9 38.7 80.0 100 100 20 408 0 144 0 400 401 399 0 0 0 59 50 AUTO 0 
b.1 2025-07-01 12:51:01.903 a 2025-07-01-12:50:57 056 172 278 0.1 2.0 4.9 15.3 38.2 730.3 0.00 0 0.0 15.3 24.1 24.5 3.628  -36.7   18.9    2.3  36    3.7   9 0 0 1 1 1 0 15.9 38.4 15.9 38.8 80.0 100 100 20 408 0 144 0 401 401 399 0 0 0 59 50 AUTO 0 
b.1 2025-07-01 12:52:00.778 a 2025-07-01-12:51:56 078 179 247 0.3 1.9 5.0 15.3 38.2 730.2 0.00 0 0.0 15.3 24.1 24.5 3.627  -37.1   18.9    2.4  36    3.7   9 0 0 1 1 1 0 15.9 38.4 15.9 38.8 80.0 100 100 20 408 0 144 0 401 401 399 0 0 0 60 50 AUTO 0 
b.1 2025-07-01 12:53:01.539 a 2025-07-01-12:52:57 298 184 340 0.4 1.9 5.2 15.3 38.2 730.2 0.00 0 0.0 15.3 24.1 24.5 3.627  -37.4   18.9    2.3  36    3.7   9 0 0 1 1 1 0 15.9 38.5 15.9 38.9 80.0 100 100 20 408 0 144 0 401 401 400 0 0 0 59 50 AUTO 0 
b.1 2025-07-01 12:54:00.361 a 2025-07-01-12:53:56 022 180 273 0.1 2.1 6.7 15.3 38.3 730.2 0.00 0 0.0 15.3 24.1 24.4 3.627  -37.0   18.9    2.4  36    3.7   9 0 0 1 1 1 0 15.9 38.6 15.9 38.9 80.0 100 100 20 408 0 144 0 401 401 400 0 0 0 60 50 AUTO 0 
b.1 2025-07-01 12:55:00.619 a 2025-07-01-12:54:56 111 190 284 0.2 1.9 5.1 15.3 38.4 730.2 0.00 0 0.0 15.3 24.1 24.5 3.628  -36.6   18.9    2.3  37    3.7   9 0 0 1 1 1 0 15.9 38.7 15.9 39.0 80.0 100 100 20 408 0 144 0 401 402 399 0 0 0 60 50 AUTO 0 
b.1 2025-07-01 12:56:00.842 a 2025-07-01-12:55:56 115 183 288 0.3 1.8 5.5 15.3 38.4 730.2 0.00 0 0.0 15.3 24.1 24.5 3.627  -37.3   18.9    2.3  37    3.7   9 0 0 1 1 1 0 15.9 38.8 15.9 39.1 80.0 100 100 20 408 0 144 0 401 401 400 0 0 0 60 50 AUTO 0 
b.1 2025-07-01 12:56:59.661 a 2025-07-01-12:56:55 055 186 254 0.2 1.7 5.1 15.3 38.5 730.2 0.00 0 0.0 15.3 24.1 24.4 3.633  -36.3   18.9    2.3  37    3.7   9 0 0 1 1 1 0 15.9 38.8 15.9 39.2 80.0 100 100 20 408 0 144 0 401 401 400 0 0 0 59 50 AUTO 0 
b.1 2025-07-01 12:58:00.864 a 2025-07-01-12:57:56 099 188 285 0.5 2.1 6.0 15.3 38.6 730.2 0.00 0 0.0 15.3 24.1 24.5 3.628  -37.0   18.9    2.4  37    3.8   9 0 0 1 1 1 0 15.9 38.9 15.9 39.2 80.0 100 100 20 408 0 144 0 401 401 400 0 0 0 60 50 AUTO 0 
b.1 2025-07-01 12:59:01.601 a 2025-07-01-12:58:57 002 181 290 0.1 1.8 4.8 15.2 38.6 730.2 0.00 0 0.0 15.3 24.1 24.5 3.627  -35.7   18.9    2.3  37    3.8   9 0 0 1 1 1 0 15.9 39.0 15.9 39.3 80.0 100 100 20 408 0 144 0 401 401 400 0 0 0 60 50 AUTO 0 
b.1 2025-07-01 13:00:01.420 a 2025-07-01-12:59:57 083 185 313 0.4 1.6 4.4 15.2 38.7 730.2 0.00 0 0.0 15.2 24.1 24.5 3.633  -36.6   18.9    2.3  37    3.8   9 0 0 1 1 1 0 15.9 38.9 15.9 39.3 80.0 100 100 20 408 0 144 0 401 401 399 0 0 0 60 50 AUTO 0 
b.1 2025-07-01 13:01:01.720 a 2025-07-01-13:00:57 064 184 287 0.6 1.9 4.8 15.2 38.7 730.2 0.00 0 0.0 15.2 24.1 24.5 3.627  -35.9   18.8    2.3  37    3.8   9 0 0 1 1 1 0 15.9 39.0 15.9 39.4 80.0 100 100 20 408 0 144 0 401 401 400 0 0 0 59 50 AUTO 0 
b.1 2025-07-01 13:02:00.601 a 2025-07-01-13:01:56 093 181 233 0.4 2.1 5.2 15.2 38.8 730.2 0.00 0 0.0 15.3 24.1 24.4 3.627  -36.4   18.8    2.4  37    3.8   9 0 0 1 1 1 0 15.9 39.0 15.9 39.4 80.0 100 100 20 408 0 144 0 401 401 400 0 0 0 59 50 AUTO 0 
b.1 2025-07-01 13:03:01.220 a 2025-07-01-13:02:57 100 183 297 0.2 2.1 5.7 15.2 38.9 730.2 0.00 0 0.0 15.3 24.1 24.4 3.634  -36.5   18.8    2.4  37    3.8   9 0 0 1 1 1 0 15.9 39.1 15.9 39.4 80.0 100 100 20 408 0 144 0 402 401 400 0 0 0 60 50 AUTO 0 
b.1 2025-07-01 13:04:01.901 a 2025-07-01-13:03:57 007 186 301 0.1 1.9 5.2 15.2 38.9 730.3 0.00 0 0.0 15.3 24.1 24.5 3.633  -38.1   18.8    2.4  37    3.8   9 0 0 1 1 1 0 15.9 39.1 15.9 39.5 80.0 100 100 20 408 0 144 0 401 401 399 0 0 0 60 50 AUTO 0 
b.1 2025-07-01 13:05:00.082 a 2025-07-01-13:04:55 063 190 309 0.2 1.8 3.9 15.2 38.9 730.2 0.00 0 0.0 15.3 24.1 24.5 3.627  -36.7   18.8    2.4  37    3.8   9 0 0 1 1 1 0 15.9 39.1 15.9 39.5 80.0 100 100 20 408 0 144 0 400 401 399 0 0 0 60 50 AUTO 0 
b.1 2025-07-01 13:06:00.864 a 2025-07-01-13:05:56 109 203 308 0.2 1.8 4.3 15.2 39.0 730.2 0.00 0 0.0 15.3 24.1 24.5 3.628  -37.7   18.8    2.4  37    3.9   9 0 0 1 1 1 0 15.9 39.2 15.9 39.6 80.0 100 99 20 408 0 144 0 400 402 399 0 0 0 59 50 AUTO 0 
b.1 2025-07-01 13:07:01.063 a 2025-07-01-13:06:56 309 176 351 0.2 1.5 3.4 15.2 39.2 730.2 0.00 0 0.0 15.3 24.1 24.5 3.627  -36.3   18.8    2.3  37    3.9   9 0 0 1 1 1 0 15.9 39.2 15.9 39.6 80.0 100 100 20 408 0 144 0 402 401 400 0 0 0 59 50 AUTO 0 
b.1 2025-07-01 13:08:00.026 a 2025-07-01-13:07:55 068 182 228 0.2 1.9 5.4 15.2 39.3 730.2 0.00 0 0.0 15.3 24.1 24.4 3.626  -36.2   18.8    2.3  37    3.9   9 0 0 1 1 1 0 15.9 39.3 15.9 39.7 80.0 100 100 20 408 0 144 0 401 401 400 0 0 0 60 50 AUTO 0 
b.1 2025-07-01 13:09:01.223 a 2025-07-01-13:08:57 049 181 228 0.3 2.0 6.9 15.2 39.3 730.2 0.00 0 0.0 15.3 24.1 24.5 3.627  -37.1   18.8    2.3  37    3.9   9 0 0 1 1 1 0 15.9 39.4 15.9 39.8 80.0 100 100 20 408 0 144 0 401 401 400 0 0 0 60 50 AUTO 0 
b.1 2025-07-01 13:10:01.864 a 2025-07-01-13:09:57 082 177 317 0.3 1.9 4.9 15.2 39.4 730.3 0.00 0 0.0 15.3 24.1 24.5 3.628  -36.9   18.9    2.4  37    4.0   9 0 0 1 1 1 0 15.9 39.4 15.9 39.8 80.0 100 100 20 408 0 144 0 401 402 399 0 0 0 60 50 AUTO 0 
b.1 2025-07-01 13:11:01.022 a 2025-07-01-13:10:56 035 178 286 0.4 2.1 5.9 15.2 39.5 730.3 0.00 0 0.0 15.4 24.1 24.5 3.627  -37.0   18.9    2.4  37    4.0   9 0 0 1 1 1 0 15.9 39.5 15.9 39.9 80.0 100 100 20 408 0 144 0 401 401 399 0 0 0 60 50 AUTO 0 
b.1 2025-07-01 13:12:01.525 a 2025-07-01-13:11:57 301 174 352 0.2 2.0 6.7 15.2 39.6 730.3 0.00 0 0.0 15.4 24.1 24.5 3.627  -36.7   18.9    2.4  37    4.0   9 0 0 1 1 1 0 15.9 39.5 15.9 39.9 80.0 100 100 20 408 0 144 0 402 401 400 0 0 0 60 50 AUTO 0 
b.1 2025-07-01 13:13:00.901 a 2025-07-01-13:12:56 010 172 298 0.3 1.9 3.9 15.2 39.5 730.4 0.00 0 0.0 15.4 24.1 24.4 3.635  -37.2   18.9    2.4  37    4.0   9 0 0 1 1 1 0 15.9 39.6 15.9 40.0 80.0 100 100 20 408 0 144 0 401 401 399 0 0 0 60 50 AUTO 0 
b.1 2025-07-01 13:14:01.365 a 2025-07-01-13:13:57 101 168 274 0.3 2.3 5.5 15.2 39.6 730.4 0.00 0 0.0 15.5 24.1 24.5 3.627  -36.6   18.9    2.5  37    4.1   9 0 0 1 1 1 0 15.9 39.6 15.9 40.0 80.0 100 100 20 408 0 144 0 400 401 399 0 0 0 59 50 AUTO 0 
b.1 2025-07-01 13:15:00.746 a 2025-07-01-13:14:56 004 173 295 0.3 2.0 4.5 15.2 39.5 730.4 0.00 0 0.0 15.5 24.1 24.4 3.627  -36.6   18.9    2.5  37    4.1   9 0 0 1 1 1 0 15.9 39.7 15.9 40.1 80.0 100 100 20 408 0 144 0 400 402 399 0 0 0 60 50 AUTO 0 
b.1 2025-07-01 13:16:00.865 a 2025-07-01-13:15:56 083 164 236 0.3 2.2 6.1 15.2 39.6 730.4 0.00 0 0.0 15.5 24.1 24.5 3.628  -36.0   18.9    2.5  37    4.1   9 0 0 1 1 1 0 15.9 39.8 15.9 40.1 80.0 100 100 20 408 0 144 0 401 401 400 0 0 0 60 50 AUTO 0 
b.1 2025-07-01 13:17:01.448 a 2025-07-01-13:16:57 082 159 245 0.4 2.6 5.3 15.3 39.5 730.4 0.00 0 0.0 15.5 24.1 24.5 3.628  -36.5   18.9    2.7  37    4.1   9 0 0 1 1 1 0 15.9 39.8 15.9 40.1 80.0 100 100 20 408 0 144 0 401 401 400 0 0 0 60 50 AUTO 0 
b.1 2025-07-01 13:17:59.848 a 2025-07-01-13:17:55 056 165 284 0.2 1.8 7.1 15.3 39.5 730.4 0.00 0 0.0 15.5 24.1 24.5 3.628  -37.5   19.0    2.4  37    4.1   9 0 0 1 1 1 0 15.9 39.8 15.9 40.2 80.0 100 100 20 408 0 144 0 401 401 400 0 0 0 60 50 AUTO 0 
b.1 2025-07-01 13:19:00.464 a 2025-07-01-13:18:56 221 165 000 0.1 2.2 4.6 15.3 39.4 730.4 0.00 0 0.0 15.5 24.1 24.4 3.627  -36.4   19.0    2.5  37    4.1   9 0 0 1 1 2 0 15.9 39.8 15.9 40.1 80.0 100 100 20 408 0 144 0 401 401 400 0 0 0 59 50 AUTO_PARK 0 
b.1 2025-07-01 13:20:01.848 a 2025-07-01-13:19:57 122 163 309 0.4 2.8 5.9 15.3 39.5 730.4 0.00 0 0.0 15.6 24.1 24.4 3.627  -37.2   19.0    2.7  37    4.2   9 0 0 1 1 2 0 15.9 39.8 15.9 40.1 80.0 100 100 20 408 0 144 0 401 401 400 0 0 0 60 50 AUTO_PARK 0 
b.1 2025-07-01 13:21:00.805 a 2025-07-01-13:20:56 105 165 316 0.2 2.2 5.4 15.3 39.5 730.4 0.00 0 0.0 15.7 24.1 24.5 3.627  -36.0   19.1    2.6  37    4.3   9 0 0 1 1 2 0 16.0 39.8 15.9 40.1 80.0 100 100 20 408 0 144 0 401 401 400 0 0 0 59 50 AUTO_PARK 0 
b.1 2025-07-01 13:22:02.009 a 2025-07-01-13:21:57 022 164 338 0.1 2.1 5.6 15.4 39.4 730.4 0.00 0 0.0 15.7 24.1 24.5 3.627  -37.0   19.1    2.5  37    4.3   9 0 0 1 1 2 0 16.0 39.7 16.0 40.1 80.0 100 100 20 408 0 144 0 401 401 400 0 0 0 60 50 AUTO_PARK 0 
b.1 2025-07-01 13:23:00.586 a 2025-07-01-13:22:56 108 166 234 0.3 1.6 4.4 15.4 39.4 730.5 0.00 0 0.0 15.8 24.1 24.5 3.627  -35.7   19.2    2.3  37    4.3   9 0 0 1 1 2 0 16.0 39.7 16.0 40.1 80.0 100 100 20 408 0 144 0 401 401 400 0 0 0 59 50 AUTO_PARK 0 
b.1 2025-07-01 13:24:01.165 a 2025-07-01-13:23:56 317 209 329 0.1 1.7 4.6 15.5 39.4 730.5 0.00 0 0.0 15.8 24.1 24.5 3.627  -38.5   19.3    2.3  37    4.4   9 0 0 1 1 2 0 16.0 39.7 16.0 40.1 80.0 100 100 20 408 0 144 0 400 402 399 0 0 0 59 50 AUTO_PARK 0 
b.1 2025-07-01 13:25:02.456 a 2025-07-01-13:24:58 078 160 271 0.4 2.1 5.1 15.5 39.2 730.5 0.00 0 0.0 15.9 24.1 24.5 3.633  -36.0   19.4    2.4  37    4.5   9 0 0 1 1 2 0 16.1 39.7 16.0 40.1 80.0 100 100 20 408 0 144 0 401 401 400 0 0 0 59 50 AUTO_PARK 0 
b.1 2025-07-01 13:26:00.812 a 2025-07-01-13:25:56 078 156 200 0.3 2.3 4.5 15.5 39.1 730.5 0.00 0 0.0 15.9 24.1 24.5 3.627  -36.3   19.4    2.4  37    4.5   9 0 0 1 1 2 0 16.1 39.7 16.0 40.1 80.0 100 100 20 408 0 144 0 401 401 400 0 0 0 60 50 AUTO_PARK 0 
b.1 2025-07-01 13:27:01.869 a 2025-07-01-13:26:57 047 159 280 0.3 2.3 5.5 15.6 39.0 730.5 0.00 0 0.0 16.0 24.1 24.5 3.628  -37.7   19.5    2.4  37    4.5   9 0 0 1 1 2 0 16.1 39.6 16.0 40.2 80.0 100 99 20 408 0 144 0 400 402 399 0 0 0 60 50 AUTO_PARK 0 
b.1 2025-07-01 13:28:00.769 a 2025-07-01-13:27:56 236 170 315 0.2 2.5 6.0 15.6 38.9 730.5 0.00 0 0.0 16.0 24.1 24.5 3.627  -37.6   19.5    2.5  37    4.5   9 0 0 1 1 2 0 16.1 39.6 16.0 40.2 80.0 100 100 20 408 0 144 0 401 401 400 0 0 0 59 50 AUTO_PARK 0 
b.1 2025-07-01 13:29:01.272 a 2025-07-01-13:28:57 007 165 294 0.2 2.4 6.1 15.6 39.0 730.5 0.00 0 0.0 16.1 24.1 24.4 3.627  -37.2   19.6    2.6  37    4.5  10 0 0 1 1 2 0 16.2 39.5 16.1 40.1 80.0 100 100 20 408 0 144 0 401 401 399 0 0 0 59 50 AUTO_PARK 0 
b.1 2025-07-01 13:30:01.989 a 2025-07-01-13:29:57 050 189 299 0.1 1.9 6.1 15.6 38.9 730.5 0.00 0 0.0 16.1 24.1 24.4 3.628  -35.9   19.6    2.4  37    4.5  10 0 0 1 1 2 0 16.2 39.5 16.1 40.1 80.0 100 100 20 408 0 144 0 401 401 400 0 0 0 60 50 AUTO_PARK 0 
b.1 2025-07-01 13:31:00.528 a 2025-07-01-13:30:56 023 162 219 0.3 2.4 6.2 15.7 38.7 730.5 0.00 0 0.0 16.2 24.1 24.5 3.626  -36.9   19.7    2.6  37    4.6  10 0 0 1 1 2 0 16.2 39.5 16.1 40.1 80.0 100 99 20 408 0 144 0 401 401 399 0 0 0 59 50 AUTO_PARK 0 
b.1 2025-07-01 13:32:02.372 a 2025-07-01-13:31:58 015 169 310 0.4 1.8 3.9 15.7 38.8 730.5 0.00 0 0.0 16.2 24.1 24.5 3.627  -36.8   19.7    2.4  37    4.6  10 0 0 1 1 2 0 16.3 39.4 16.1 40.0 80.0 100 100 20 408 0 144 0 400 401 399 0 0 0 59 50 AUTO_PARK 0 
b.1 2025-07-01 13:33:01.407 a 2025-07-01-13:32:57 283 160 326 0.2 2.1 4.8 15.7 38.7 730.6 0.00 0 0.0 16.2 24.1 24.5 3.628  -37.0   19.8    2.4  37    4.6  10 0 0 1 1 2 0 16.3 39.3 16.2 39.9 80.0 100 100 20 408 0 144 0 401 401 399 0 0 0 60 50 AUTO_PARK 0 
b.1 2025-07-01 13:34:01.388 a 2025-07-01-13:33:57 084 163 286 0.2 1.9 4.4 15.7 38.8 730.6 0.00 0 0.0 16.3 24.1 24.5 3.627  -36.2   19.8    2.3  37    4.6  10 0 0 1 1 2 0 16.3 39.3 16.2 39.9 80.0 100 100 20 408 0 144 0 401 401 400 0 0 0 59 50 AUTO_PARK 0 
b.1 2025-07-01 13:35:01.710 a 2025-07-01-13:34:57 096 159 300 0.3 2.5 6.7 15.7 38.7 730.5 0.00 0 0.0 16.3 24.1 24.4 3.634  -37.0   19.9    2.5  37    4.6  10 0 0 1 1 2 0 16.4 39.2 16.2 39.9 80.0 100 100 20 408 0 144 0 401 401 400 0 0 0 59 50 AUTO_PARK 0 
b.1 2025-07-01 13:36:02.150 a 2025-07-01-13:35:57 095 167 300 0.2 2.3 6.7 15.7 38.7 730.5 0.00 0 0.0 16.3 24.1 24.5 3.633  -38.9   19.9    2.4  37    4.6  10 0 0 1 1 2 0 16.4 39.1 16.2 39.8 80.0 100 100 20 408 0 144 0 400 401 399 0 0 0 60 50 AUTO_PARK 0 
b.1 2025-07-01 13:37:00.430 a 2025-07-01-13:36:56 087 173 237 0.2 2.2 5.3 15.7 38.4 730.6 0.00 0 0.0 16.3 24.1 24.4 3.627  -38.6   20.0    2.5  36    4.7  10 0 0 1 1 2 0 16.4 39.1 16.3 39.8 80.0 100 100 20 408 0 144 0 401 401 399 0 0 0 60 50 AUTO_PARK 0 
b.1 2025-07-01 13:38:02.230 a 2025-07-01-13:37:58 110 171 244 0.4 2.3 5.6 15.8 38.5 730.6 0.00 0 0.0 16.4 24.1 24.4 3.627  -38.1   20.0    2.5  36    4.7  10 0 0 1 1 2 0 16.4 39.0 16.3 39.8 80.0 100 100 20 408 0 144 0 401 401 400 0 0 0 60 50 AUTO_PARK 0 
b.1 2025-07-01 13:39:00.693 a 2025-07-01-13:38:56 061 170 284 0.2 2.2 5.5 15.8 38.3 730.6 0.00 0 0.0 16.5 24.1 24.4 3.627  -39.2   20.0    2.5  36    4.6  10 0 0 1 1 2 0 16.5 38.9 16.3 39.7 80.0 100 100 20 408 0 144 0 402 401 400 0 0 0 59 50 AUTO_PARK 0 
b.1 2025-07-01 13:40:01.974 a 2025-07-01-13:39:57 051 166 232 0.1 2.2 4.8 15.8 38.4 730.6 0.00 0 0.0 16.5 24.1 24.4 3.628  -38.3   20.1    2.5  36    4.7  10 0 0 1 1 2 0 16.5 38.9 16.3 39.6 80.0 100 100 20 408 0 144 0 401 401 400 0 0 0 59 50 AUTO_PARK 0 
b.1 2025-07-01 13:41:01.992 a 2025-07-01-13:40:57 267 160 291 0.1 1.4 4.0 15.8 38.4 730.6 0.00 0 0.0 16.6 24.1 24.5 3.634  -37.0   20.1    2.3  36    4.7   5 0 0 1 1 2 0 16.5 38.8 16.4 39.6 80.0 100 100 20 408 0 144 0 401 401 399 0 0 0 59 50 AUTO_PARK 0 
b.1 2025-07-01 13:42:00.990 a 2025-07-01-13:41:56 271 164 327 0.3 1.7 4.9 15.9 38.3 730.6 0.00 0 0.0 16.6 24.1 24.4 3.627  -38.6   20.1    2.3  36    4.7  10 0 0 1 1 2 0 16.5 38.8 16.4 39.5 80.0 100 100 20 408 0 144 0 400 401 399 0 0 0 59 50 AUTO_PARK 0 
b.1 2025-07-01 13:43:01.851 a 2025-07-01-13:42:57 001 163 288 0.2 1.8 6.5 15.9 38.0 730.6 0.00 0 0.0 16.7 24.1 24.5 3.628  -36.9   20.2    2.2  36    4.7  10 0 0 1 1 2 0 16.6 38.7 16.4 39.5 80.0 100 100 20 408 0 144 0 401 401 399 0 0 0 60 50 AUTO_PARK 0 
b.1 2025-07-01 13:44:01.232 a 2025-07-01-13:43:57 300 171 309 0.1 1.7 5.5 15.9 38.1 730.6 0.00 0 0.0 16.7 24.1 24.4 3.633  -36.9   20.2    2.2  36    4.7  10 0 0 1 1 2 0 16.6 38.6 16.4 39.4 80.0 100 100 20 408 0 144 0 401 401 400 0 0 0 59 50 AUTO_PARK 0 
b.1 2025-07-01 13:45:01.964 a 2025-07-01-13:44:57 011 159 175 0.1 2.0 5.6 15.9 38.1 730.6 0.00 0 0.0 16.7 24.1 24.4 3.627  -36.4   20.3    2.3  36    4.8  10 0 0 1 1 2 0 16.6 38.6 16.5 39.4 80.0 100 100 20 408 0 144 0 401 401 399 0 0 0 59 50 AUTO_PARK 0 
b.1 2025-07-01 13:46:01.473 a 2025-07-01-13:45:57 174 153 350 0.3 1.9 4.5 15.9 38.1 730.6 0.00 0 0.0 16.8 24.1 24.4 3.627  -37.7   20.3    2.3  36    4.7  10 0 0 1 1 2 0 16.7 38.5 16.5 39.3 80.0 100 100 20 408 0 144 0 401 402 399 0 0 0 59 50 AUTO_PARK 0 
b.1 2025-07-01 13:47:01.115 a 2025-07-01-13:46:56 068 165 271 0.1 2.5 6.6 16.0 38.1 730.6 0.00 0 0.0 16.8 24.1 24.4 3.627  -38.2   20.3    2.4  36    4.7  10 0 0 1 1 2 0 16.7 38.4 16.5 39.3 80.0 100 100 20 408 0 144 0 401 401 400 0 0 0 60 50 AUTO_PARK 0 
b.1 2025-07-01 13:48:01.414 a 2025-07-01-13:47:57 122 181 240 0.3 2.3 6.6 16.0 38.2 730.7 0.00 0 0.0 16.8 24.1 24.5 3.627  -36.6   20.3    2.4  36    4.8  10 0 0 1 1 2 0 16.7 38.3 16.5 39.2 80.0 100 100 20 408 0 144 0 402 401 400 0 0 0 60 50 AUTO_PARK 0 
b.1 2025-07-01 13:49:01.612 a 2025-07-01-13:48:57 048 171 257 0.3 2.3 7.2 16.0 37.9 730.7 0.00 0 0.0 16.8 24.1 24.5 3.626  -38.3   20.3    2.4  36    4.8  10 0 0 1 1 2 0 16.8 38.3 16.6 39.2 80.0 100 100 20 408 0 144 0 401 401 400 0 0 0 59 50 AUTO_PARK 0 
b.1 2025-07-01 13:50:02.792 a 2025-07-01-13:49:58 064 166 324 0.2 1.7 5.5 16.0 38.1 730.7 0.00 0 0.0 16.8 24.1 24.5 3.627  -37.9   20.3    2.3  36    4.7   5 0 0 1 1 2 0 16.8 38.3 16.6 39.1 80.0 100 100 20 408 0 144 0 401 401 400 0 0 0 59 50 AUTO_PARK 0 
b.1 2025-07-01 13:51:00.812 a 2025-07-01-13:50:56 030 176 250 0.1 1.8 5.4 16.0 38.1 730.7 0.00 0 0.0 16.9 24.1 24.5 3.627  -37.0   20.4    2.3  36    4.8   6 0 0 1 1 2 0 16.8 38.2 16.6 39.0 80.0 100 100 20 408 0 144 0 401 401 399 0 0 0 59 50 AUTO_PARK 0 
b.1 2025-07-01 13:52:00.937 a 2025-07-01-13:51:56 033 165 286 0.2 2.1 4.3 16.0 38.2 730.7 0.00 0 0.0 17.0 24.1 24.5 3.628  -37.9   20.4    2.3  36    4.8   8 0 0 1 1 2 0 16.8 38.2 16.6 39.0 80.0 100 100 20 408 0 144 0 402 401 400 0 0 0 60 50 AUTO_PARK 0 
b.1 2025-07-01 13:53:00.913 a 2025-07-01-13:52:56 303 167 337 0.2 1.6 4.3 16.0 38.0 730.7 0.00 0 0.0 17.0 24.1 24.5 3.627  -37.2   20.4    2.3  36    4.8   9 0 0 1 1 2 0 16.9 38.2 16.7 39.0 80.0 100 100 20 408 0 144 0 400 402 399 0 0 0 59 50 AUTO_PARK 0 
b.1 2025-07-01 13:54:01.457 a 2025-07-01-13:53:57 012 167 220 0.1 1.8 5.6 16.1 37.8 730.7 0.00 0 0.0 17.0 24.1 24.5 3.627  -36.8   20.4    2.2  36    4.8   9 0 0 1 1 2 0 16.9 38.1 16.7 38.9 80.0 100 100 20 408 0 144 0 401 401 399 0 0 0 59 50 AUTO_PARK 0 
b.1 2025-07-01 13:55:01.723 a 2025-07-01-13:54:57 067 171 265 0.1 1.3 3.0 16.1 38.3 730.7 0.00 0 0.0 17.1 24.1 24.5 3.628  -37.7   20.4    2.2  36    4.8   9 0 0 1 1 2 0 16.9 38.1 16.7 38.9 80.0 100 100 20 408 0 144 0 401 401 400 0 0 0 60 50 AUTO_PARK 0 
b.1 2025-07-01 13:56:01.094 a 2025-07-01-13:55:56 077 184 282 0.1 1.0 2.5 16.1 38.2 730.7 0.00 0 0.0 17.2 24.1 24.5 3.627  -36.3   20.5    0.0  36    4.8   9 0 0 1 1 2 0 17.0 38.0 16.7 38.9 80.0 100 100 20 408 0 144 0 402 401 400 0 0 0 60 50 AUTO_PARK 0 
b.1 2025-07-01 13:57:01.137 a 2025-07-01-13:56:56 078 171 251 0.3 2.4 6.6 16.1 38.2 730.7 0.00 0 0.0 17.2 24.1 24.5 3.627  -38.4   20.5    2.3  36    4.9   9 0 0 1 1 2 0 17.0 38.0 16.8 38.9 80.0 100 100 20 408 0 144 0 401 402 399 0 0 0 59 50 AUTO_PARK 0 
b.1 2025-07-01 13:58:01.157 a 2025-07-01-13:57:56 232 165 337 0.3 2.8 5.5 16.1 37.8 730.7 0.00 0 0.0 17.2 24.1 24.4 3.627  -36.8   20.5    2.4  36    4.9   9 0 0 1 1 2 0 17.0 37.9 16.7 38.9 80.0 100 100 20 408 0 144 0 401 401 399 0 0 0 59 50 AUTO_PARK 0 
b.1 2025-07-01 13:59:00.757 a 2025-07-01-13:58:56 068 155 293 0.2 2.2 6.5 16.1 37.8 730.7 0.00 0 0.0 17.2 24.1 24.5 3.627  -37.6   20.5    2.4  36    4.8   9 0 0 1 1 2 0 17.0 37.9 16.8 38.9 80.0 100 100 20 408 0 144 0 401 401 400 0 0 0 59 50 AUTO_PARK 0 
b.1 2025-07-01 14:00:02.035 a 2025-07-01-13:59:57 017 162 248 0.2 1.9 5.2 16.1 38.0 730.7 0.00 0 0.0 17.3 24.1 24.4 3.633  -36.9   20.5    2.4  36    4.9   9 0 0 1 1 2 0 17.0 37.9 16.8 38.9 80.0 100 100 20 408 0 144 0 401 401 400 0 0 0 59 50 AUTO_PARK 0 
b.1 2025-07-01 14:01:00.776 a 2025-07-01-14:00:56 033 181 305 0.1 2.2 6.1 16.1 37.9 730.7 0.00 0 0.0 17.2 24.1 24.4 3.628  -37.4   20.6    2.4  36    4.9   9 0 0 1 1 2 0 17.1 37.9 16.8 38.8 80.0 100 100 20 408 0 144 0 401 401 399 0 0 0 60 50 AUTO_PARK 0 
b.1 2025-07-01 14:02:01.276 a 2025-07-01-14:01:57 273 155 000 0.2 2.0 5.2 16.1 38.1 730.7 0.00 0 0.0 17.3 24.1 24.5 3.627  -36.5   20.6    2.3  36    4.9   9 0 0 1 1 2 0 17.1 37.9 16.8 38.8 80.0 100 100 20 408 0 144 0 401 401 400 0 0 0 59 50 AUTO_PARK 0 
b.1 2025-07-01 14:03:00.799 a 2025-07-01-14:02:56 043 163 262 0.4 2.1 5.4 16.1 38.0 730.8 0.00 0 0.0 17.3 24.1 24.5 3.633  -37.7   20.6    2.3  36    4.9   9 0 0 1 1 2 0 17.1 37.8 16.9 38.8 80.0 100 100 20 408 0 144 0 401 401 400 0 0 0 59 50 AUTO_PARK 0 
b.1 2025-07-01 14:04:00.915 a 2025-07-01-14:03:56 043 172 306 0.3 2.0 4.9 16.2 38.0 730.8 0.00 0 0.0 17.3 24.1 24.5 3.627  -39.3   20.6    2.3  36    4.9   9 0 0 1 1 2 0 17.1 37.8 16.9 38.8 80.0 100 100 20 408 0 144 0 401 401 399 0 0 0 60 50 AUTO_PARK 0 
b.1 2025-07-01 14:05:00.858 a 2025-07-01-14:04:56 050 176 244 0.3 2.1 5.0 16.2 37.9 730.8 0.00 0 0.0 17.3 24.1 24.5 3.626  -37.6   20.6    2.3  36    4.9   9 0 0 1 1 2 0 17.1 37.8 16.9 38.8 80.0 100 100 20 408 0 144 0 401 401 399 0 0 0 59 50 AUTO_PARK 0 
b.1 2025-07-01 14:06:01.680 a 2025-07-01-14:05:57 276 180 333 0.4 2.0 5.4 16.2 38.0 730.8 0.00 0 0.0 17.4 24.1 24.5 3.626  -36.8   20.6    2.3  36    4.9   9 0 0 1 1 2 0 17.2 37.7 16.9 38.7 80.0 100 100 20 408 0 144 0 401 401 400 0 0 0 59 50 AUTO_PARK 0 
b.1 2025-07-01 14:06:59.757 a 2025-07-01-14:06:55 042 169 241 0.4 2.0 5.6 16.2 38.0 730.8 0.00 0 0.0 17.4 24.1 24.5 3.633  -37.6   20.6    2.3  36    4.9   9 0 0 1 1 2 0 17.2 37.7 16.9 38.7 80.0 100 100 20 408 0 144 0 401 402 400 0 0 0 60 50 AUTO_PARK 0 
b.1 2025-07-01 14:08:00.821 a 2025-07-01-14:07:56 277 176 341 0.2 1.3 4.8 16.2 37.9 730.8 0.00 0 0.0 17.5 24.1 24.5 3.627  -36.6   20.6    2.2  36    4.9   9 0 0 1 1 2 0 17.2 37.6 17.0 38.7 80.0 100 100 20 408 0 144 0 401 401 399 0 0 0 59 50 AUTO_PARK 0 
b.1 2025-07-01 14:09:01.437 a 2025-07-01-14:08:57 257 171 325 0.2 2.0 5.9 16.2 38.0 730.8 0.00 0 0.0 17.5 24.1 24.5 3.627  -37.4   20.6    2.2  36    4.9   9 0 0 1 1 2 0 17.2 37.5 17.0 38.6 80.0 100 100 20 408 0 144 0 401 401 400 0 0 0 59 50 AUTO_PARK 0 
b.1 2025-07-01 14:10:01.421 a 2025-07-01-14:09:57 281 202 352 0.1 1.6 4.1 16.2 37.8 730.8 0.00 0 0.0 17.6 24.1 24.4 3.627  -36.5   20.6    2.2  36    4.9   5 0 0 1 1 2 0 17.3 37.5 17.0 38.5 80.0 100 100 20 408 0 144 0 401 401 400 0 0 0 60 50 AUTO_PARK 0 
b.1 2025-07-01 14:11:00.937 a 2025-07-01-14:10:56 072 184 234 0.1 1.2 2.5 16.2 37.7 730.8 0.00 0 0.0 17.7 24.1 24.5 3.627  -36.2   20.7    0.0  36    4.9   5 0 0 1 1 2 0 17.3 37.5 17.0 38.5 80.0 100 100 20 408 0 144 0 400 401 399 0 0 0 59 50 AUTO_PARK 0 
b.1 2025-07-01 14:12:01.400 a 2025-07-01-14:11:57 064 173 315 0.2 1.8 5.1 16.3 37.7 730.8 0.00 0 0.0 17.8 24.1 24.4 3.626  -35.7   20.7    2.2  36    4.9   8 0 0 1 1 2 0 17.3 37.4 17.0 38.5 80.0 100 100 20 408 0 144 0 402 401 399 0 0 0 60 50 AUTO_PARK 0 
b.1 2025-07-01 14:13:01.000 a 2025-07-01-14:12:56 114 177 273 0.2 1.5 3.9 16.3 38.0 730.8 0.00 0 0.0 17.8 24.1 24.5 3.626  -36.4   20.7    0.0  36    5.0   8 0 0 1 1 2 0 17.3 37.4 17.0 38.5 80.0 100 100 20 408 0 144 0 401 401 400 0 0 0 60 50 AUTO_PARK 0 
b.1 2025-07-01 14:14:01.180 a 2025-07-01-14:13:56 006 185 293 0.2 1.9 5.6 16.3 37.7 730.8 0.00 0 0.0 17.8 24.1 24.5 3.627  -36.2   20.8    2.2  36    5.0   8 0 0 1 1 2 0 17.4 37.4 17.0 38.5 80.0 100 100 20 408 0 144 0 401 402 400 0 0 0 60 50 AUTO_PARK 0 
b.1 2025-07-01 14:15:01.918 a 2025-07-01-14:14:57 021 180 287 0.2 2.1 6.0 16.3 37.6 730.8 0.00 0 0.0 17.9 24.1 24.5 3.627  -37.4   20.8    2.2  35    5.0   8 0 0 1 1 2 0 17.4 37.4 17.1 38.5 80.0 100 100 20 408 0 144 0 401 402 399 0 0 0 60 50 AUTO_PARK 0 
b.1 2025-07-01 14:16:01.898 a 2025-07-01-14:15:57 286 167 330 0.2 1.2 3.7 16.4 37.4 730.8 0.00 0 0.0 17.9 24.1 24.5 3.627  -35.9   20.8    0.0  35    5.0   8 0 0 1 1 2 0 17.4 37.3 17.1 38.4 80.0 100 100 20 408 0 144 0 401 401 399 0 0 0 59 50 AUTO_PARK 0 
b.1 2025-07-01 14:17:01.802 a 2025-07-01-14:16:57 065 180 269 0.2 2.0 5.9 16.4 37.5 730.8 0.00 0 0.0 18.0 24.1 24.4 3.627  -37.3   20.9    2.2  35    5.0   8 0 0 1 1 2 0 17.4 37.3 17.1 38.4 80.0 100 100 20 408 0 144 0 401 401 400 0 0 0 59 50 AUTO_PARK 0 
b.1 2025-07-01 14:18:00.763 a 2025-07-01-14:17:56 252 155 309 0.5 2.7 6.3 16.4 37.3 730.8 0.00 0 0.0 18.0 24.1 24.5 3.627  -36.6   20.9    2.4  35    5.0   8 0 0 1 1 2 0 17.5 37.2 17.1 38.3 80.0 100 100 20 408 0 143 0 401 402 400 0 0 0 59 50 AUTO_PARK 0 
b.1 2025-07-01 14:19:01.339 a 2025-07-01-14:18:57 008 161 186 0.3 2.2 6.3 16.4 37.5 730.8 0.00 0 0.0 18.0 24.1 24.5 3.628  -36.9   20.9    2.4  35    5.0   8 0 0 1 1 2 0 17.5 37.1 17.2 38.3 80.0 100 100 20 408 0 144 0 401 401 399 0 0 0 59 50 AUTO_PARK 0 
b.1 2025-07-01 14:20:01.319 a 2025-07-01-14:19:57 063 155 259 0.4 3.2 6.8 16.4 37.3 730.9 0.00 0 0.0 17.9 24.1 24.4 3.627  -37.2   20.9    2.6  35    5.0   9 0 0 1 1 2 0 17.5 37.0 17.2 38.2 80.0 100 100 20 408 0 144 0 401 401 399 0 0 0 59 50 AUTO_PARK 0 
b.1 2025-07-01 14:21:01.400 a 2025-07-01-14:20:57 060 167 283 0.3 2.8 6.9 16.4 37.1 730.9 0.00 0 0.0 17.9 24.1 24.4 3.627  -37.2   20.9    2.8  35    4.9  13 0 0 1 1 2 0 17.6 37.0 17.2 38.1 80.0 100 100 20 408 0 144 0 401 401 400 0 0 0 60 50 AUTO_PARK 0 
b.1 2025-07-01 14:22:01.785 a 2025-07-01-14:21:57 278 166 327 0.1 2.7 6.4 16.4 37.1 730.8 0.00 0 0.0 17.9 24.1 24.5 3.634  -35.4   20.9    2.6  35    4.9  10 0 0 1 1 2 0 17.6 36.9 17.2 38.1 80.0 100 100 20 408 0 144 0 401 401 399 0 0 0 59 50 AUTO_PARK 0 
b.1 2025-07-01 14:23:01.862 a 2025-07-01-14:22:57 069 174 303 0.2 1.5 3.2 16.4 37.5 730.9 0.00 0 0.0 18.0 24.1 24.5 3.627  -36.3   20.9    2.3  35    5.0  10 0 0 1 1 2 0 17.6 36.9 17.3 38.0 80.0 100 100 20 408 0 144 0 401 401 399 0 0 0 59 50 AUTO_PARK 0 
b.1 2025-07-01 14:24:00.921 a 2025-07-01-14:23:56 051 161 221 0.1 1.0 3.9 16.5 38.0 730.9 0.00 0 0.0 18.3 24.1 24.5 3.627  -36.0   20.9    2.1  35    5.1   5 0 0 1 1 2 0 17.7 36.8 17.3 38.0 80.0 100 100 20 408 0 143 0 401 401 399 0 0 0 60 50 AUTO_PARK 0 
b.1 2025-07-01 14:25:02.619 a 2025-07-01-14:24:58 085 160 259 0.3 2.5 5.9 16.5 37.4 730.9 0.00 0 0.0 18.3 24.1 24.5 3.626  -35.9   21.0    2.2  35    5.1  10 0 0 1 1 2 0 17.7 36.8 17.3 37.9 80.0 100 100 20 408 0 144 0 401 401 400 0 0 0 59 50 AUTO_PARK 0 
b.1 2025-07-01 14:26:00.842 a 2025-07-01-14:25:56 067 163 260 0.2 2.0 5.9 16.5 37.4 730.9 0.00 0 0.0 18.4 24.1 24.5 3.628  -37.0   21.1    2.3  35    5.1   8 0 0 1 1 2 0 17.7 36.8 17.3 37.9 80.0 100 100 20 408 0 144 0 400 401 399 0 0 0 60 50 AUTO_PARK 0 
b.1 2025-07-01 14:27:01.282 a 2025-07-01-14:26:56 049 153 253 0.3 2.5 4.8 16.6 37.2 731.0 0.00 0 0.0 18.4 24.1 24.5 3.627  -36.2   21.1    2.3  35    5.1   8 0 0 1 1 2 0 17.7 36.7 17.3 38.0 80.0 100 100 20 408 0 144 0 401 401 399 0 0 0 60 50 AUTO_PARK 0 
b.1 2025-07-01 14:28:01.303 a 2025-07-01-14:27:57 078 106 230 0.0 2.0 5.5 16.6 37.4 731.0 0.00 0 0.0 18.5 24.1 24.5 3.626  -37.3   21.1    2.3  35    5.2   8 0 0 1 1 2 0 17.7 36.7 17.4 38.0 80.0 100 100 20 408 0 144 0 401 401 400 0 0 0 59 50 AUTO_PARK 0 
b.1 2025-07-01 14:29:00.964 a 2025-07-01-14:28:56 123 140 229 0.2 2.8 6.6 16.6 37.0 731.0 0.00 0 0.0 18.5 24.1 24.4 3.626  -38.7   21.2    2.5  35    5.2   8 0 0 1 1 2 0 17.8 36.7 17.4 37.9 80.0 100 100 20 408 0 144 0 400 402 399 0 0 0 60 50 AUTO_PARK 0 
b.1 2025-07-01 14:30:01.642 a 2025-07-01-14:29:57 233 164 325 0.3 2.5 5.3 16.6 37.0 731.0 0.00 0 0.0 18.5 24.1 24.5 3.627  -37.6   21.2    2.5  35    5.1   9 0 0 1 1 2 0 17.8 36.6 17.4 37.8 80.0 100 100 20 408 0 144 0 401 401 399 0 0 0 60 50 AUTO_PARK 0 
b.1 2025-07-01 14:31:01.063 a 2025-07-01-14:30:56 298 148 345 0.2 3.3 6.8 16.7 36.8 731.0 0.00 0 0.0 18.4 24.1 24.5 3.627  -36.8   21.2    2.8  35    5.1   9 0 0 1 1 2 0 17.8 36.5 17.4 37.8 80.0 100 100 20 408 0 144 0 401 401 399 0 0 0 60 50 AUTO_PARK 0 
b.1 2025-07-01 14:31:59.805 a 2025-07-01-14:31:55 102 154 215 0.5 2.7 5.6 16.7 36.7 730.9 0.00 0 0.0 18.4 24.1 24.5 3.627  -36.8   21.3    2.8  35    5.1   9 0 0 1 1 2 0 17.8 36.4 17.5 37.8 80.0 100 100 20 408 0 144 0 401 401 400 0 0 0 60 50 AUTO_PARK 0 
b.1 2025-07-01 14:33:01.045 a 2025-07-01-14:32:56 023 147 210 1.3 3.8 6.4 16.7 36.8 731.0 0.00 0 0.0 18.4 24.1 24.4 3.626  -37.4   21.3    3.4  35    5.1   9 0 0 1 1 2 0 17.9 36.4 17.5 37.7 80.0 100 100 20 408 0 143 0 401 401 400 0 0 0 59 50 AUTO_PARK 0 
b.1 2025-07-01 14:34:01.203 a 2025-07-01-14:33:56 078 130 208 1.2 2.9 5.9 16.7 37.1 731.0 0.00 0 0.0 18.5 24.1 24.5 3.627  -35.8   21.3    3.0  35    5.1   9 0 0 1 1 2 0 17.9 36.2 17.5 37.6 80.0 100 100 20 408 0 143 0 401 401 400 0 0 0 59 50 AUTO_PARK 0 
b.1 2025-07-01 14:35:01.967 a 2025-07-01-14:34:57 036 151 251 0.1 2.5 5.2 16.7 36.8 731.0 0.00 0 0.0 18.7 24.1 24.5 3.624  -37.1   21.3    2.8  35    5.2   9 0 0 1 1 2 0 17.9 36.2 17.6 37.5 80.0 100 100 20 408 0 144 0 401 401 399 0 0 0 59 50 AUTO_PARK 0 
b.1 2025-07-01 14:36:00.926 a 2025-07-01-14:35:56 102 160 310 0.2 2.8 6.2 16.8 36.3 731.0 0.00 0 0.0 18.6 24.1 24.5 3.626  -37.9   21.4    2.8  35    5.1   9 0 0 1 1 2 0 18.0 36.2 17.6 37.4 80.0 100 100 20 408 0 144 0 401 401 400 0 0 0 60 50 AUTO_PARK 0 
b.1 2025-07-01 14:37:00.446 a 2025-07-01-14:36:56 243 290 350 0.1 1.8 4.6 16.8 36.0 731.0 0.00 0 0.0 18.8 24.1 24.4 3.627  -35.9   21.4    2.5  34    5.1   5 0 0 1 1 2 0 18.0 36.0 17.6 37.4 80.0 100 100 20 408 0 144 0 401 401 399 0 0 0 59 50 AUTO_PARK 0 
b.1 2025-07-01 14:38:01.023 a 2025-07-01-14:37:56 058 151 260 0.4 2.7 8.8 16.8 35.4 731.0 0.00 0 0.0 18.9 24.1 24.5 3.634  -36.4   21.4    2.5  34    5.1   7 0 0 1 1 2 0 18.0 35.8 17.6 37.2 80.0 100 100 20 408 0 144 0 400 401 399 0 0 0 60 50 AUTO_PARK 0 
b.1 2025-07-01 14:39:01.687 a 2025-07-01-14:38:57 064 151 267 0.4 3.1 6.2 16.8 35.4 731.0 0.00 0 0.0 18.8 24.1 24.4 3.633  -36.5   21.5    2.7  34    5.0   9 0 0 1 1 2 0 18.0 35.7 17.6 37.0 80.0 100 100 20 408 0 144 0 401 401 400 0 0 0 59 50 AUTO_PARK 0 
b.1 2025-07-01 14:40:01.799 a 2025-07-01-14:39:57 065 155 310 0.5 3.3 7.6 16.8 35.7 731.1 0.00 0 0.0 18.8 24.1 24.5 3.633  -41.2   21.5    3.1  34    4.9   9 0 0 1 1 2 0 18.0 35.5 17.6 36.9 80.0 100 100 20 408 0 144 0 401 401 400 0 0 0 59 50 AUTO_PARK 0 
b.1 2025-07-01 14:41:00.148 a 2025-07-01-14:40:55 085 137 235 0.1 3.1 6.7 16.8 35.1 731.0 0.00 0 0.0 18.8 24.1 24.5 3.635  -36.7   21.5    2.9  34    4.9  10 0 0 1 1 2 0 18.0 35.4 17.7 36.6 80.0 100 100 20 408 0 144 0 401 401 400 0 0 0 59 50 AUTO_PARK 0 
b.1 2025-07-01 14:42:00.786 a 2025-07-01-14:41:56 064 143 239 0.9 3.1 5.9 16.9 34.0 731.1 0.00 0 0.0 18.9 24.1 24.4 3.627  -37.1   21.5    3.1  33    4.7  10 0 0 1 1 2 0 18.1 35.1 17.7 36.5 80.0 100 100 20 408 0 144 0 401 401 399 0 0 0 59 50 AUTO_PARK 0 
b.1 2025-07-01 14:43:01.367 a 2025-07-01-14:42:57 055 146 207 0.4 2.8 5.7 16.9 33.9 731.1 0.00 0 0.0 19.1 24.1 24.5 3.626  -37.2   21.5    3.0  33    4.7  10 0 0 1 1 2 0 18.1 34.8 17.7 36.1 80.0 100 100 20 408 0 144 0 402 401 400 0 0 0 60 50 AUTO_PARK 0 
b.1 2025-07-01 14:44:02.088 a 2025-07-01-14:43:57 274 158 352 0.2 2.0 5.0 17.1 33.0 731.1 0.00 0 0.0 19.3 24.1 24.5 3.633  -36.4   21.6    2.6  33    4.7  10 0 0 1 1 2 0 18.1 34.4 17.8 35.7 80.0 100 100 20 408 0 144 0 400 402 399 0 0 0 59 50 AUTO_PARK 0 
b.1 2025-07-01 14:45:01.006 a 2025-07-01-14:44:56 054 146 274 0.2 3.4 7.2 17.1 34.0 731.0 0.00 0 0.0 19.1 24.1 24.5 3.626  -39.1   21.7    3.1  33    4.7  10 0 0 1 1 2 0 18.2 34.3 17.8 35.4 80.0 100 100 20 408 0 144 0 401 401 400 0 0 0 59 50 AUTO_PARK 0 
b.1 2025-07-01 14:46:01.767 a 2025-07-01-14:45:57 081 164 288 0.7 3.1 6.4 17.1 34.1 731.0 0.00 0 0.0 19.1 24.1 24.5 3.627  -37.6   21.7    3.0  33    4.8  10 0 0 1 1 2 0 18.2 34.2 17.8 35.4 80.0 100 100 20 408 0 144 0 401 401 399 0 0 0 60 50 AUTO_PARK 0 
b.1 2025-07-01 14:47:01.430 a 2025-07-01-14:46:57 079 160 241 0.5 3.5 7.1 17.1 34.1 731.0 0.00 0 0.0 19.0 24.1 24.5 3.626  -38.6   21.7    3.2  33    4.7  10 0 0 1 1 2 0 18.2 34.1 17.8 35.2 80.0 100 100 20 408 0 144 0 401 401 400 0 0 0 59 50 AUTO_PARK 0 
b.1 2025-07-01 14:47:59.930 a 2025-07-01-14:47:55 100 146 223 0.7 3.6 7.4 17.1 33.6 731.0 0.00 0 0.0 19.0 24.1 24.5 3.626  -39.7   21.7    3.6  33    4.6  10 0 0 1 1 2 0 18.3 33.9 17.8 35.1 80.0 100 100 20 408 0 144 0 402 401 400 0 0 0 60 50 AUTO_PARK 0 
b.1 2025-07-01 14:49:01.588 a 2025-07-01-14:48:57 084 133 188 1.2 4.4 8.9 17.0 31.6 731.0 0.00 0 0.0 19.0 24.1 24.5 3.626  -40.9   21.7    4.5  32    4.3  10 0 0 1 1 2 0 18.3 33.6 17.9 34.9 80.0 100 100 20 408 0 144 0 401 401 399 0 0 0 60 50 AUTO_PARK 0 
b.1 2025-07-01 14:50:02.456 a 2025-07-01-14:49:58 068 156 257 0.1 2.4 5.6 17.0 32.3 731.0 0.00 0 0.0 19.1 24.1 24.5 3.626  -36.5   21.7    3.0  32    4.3  10 0 0 1 1 2 0 18.4 33.4 17.9 34.7 80.0 100 100 20 408 0 144 0 401 401 399 0 0 0 59 50 AUTO_PARK 0 
b.1 2025-07-01 14:51:00.187 a 2025-07-01-14:50:55 240 210 280 0.2 2.2 6.5 17.0 33.6 731.0 0.00 0 0.0 19.2 24.1 24.5 3.627  -38.1   21.7    2.7  32    4.4  10 0 0 1 1 2 0 18.4 33.1 18.0 34.3 80.0 100 100 20 408 0 144 0 401 401 400 0 0 0 59 50 AUTO_PARK 0 
b.1 2025-07-01 14:52:01.467 a 2025-07-01-14:51:57 065 166 305 0.4 3.9 7.7 17.1 33.1 731.0 0.00 0 0.0 19.1 24.1 24.5 3.627  -36.3   21.7    3.2  32    4.4  10 0 0 1 1 2 0 18.4 33.2 17.9 34.4 80.0 100 100 20 408 0 144 0 401 401 399 0 0 0 60 50 AUTO_PARK 0 
b.1 2025-07-01 14:53:01.730 a 2025-07-01-14:52:57 246 143 328 0.1 3.8 8.0 17.1 32.8 731.0 0.00 0 0.0 19.1 24.1 24.5 3.627  -36.4   21.7    3.6  32    4.4  10 0 0 1 1 2 0 18.4 33.1 17.9 34.4 80.0 100 100 20 408 0 144 0 402 401 400 0 0 0 59 50 AUTO_PARK 0 
b.1 2025-07-01 14:54:01.808 a 2025-07-01-14:53:57 079 135 210 0.6 3.5 6.7 17.1 33.2 731.0 0.00 0 0.0 19.2 24.1 24.5 3.626  -36.0   21.7    3.5  32    4.4  10 0 0 1 1 2 0 18.4 33.0 17.9 34.3 80.0 100 100 20 408 0 144 0 401 401 400 0 0 0 59 50 AUTO_PARK 0 
b.1 2025-07-01 14:55:01.068 a 2025-07-01-14:54:56 085 180 293 0.4 2.1 4.7 17.1 34.0 731.1 0.00 0 0.0 19.4 24.1 24.5 3.626  -35.5   21.7    2.8  33    4.5   0 0 0 1 1 2 0 18.4 33.0 17.9 34.3 80.0 100 100 20 408 0 144 0 401 402 400 0 0 0 59 50 AUTO_PARK 0 
b.1 2025-07-01 14:56:01.711 a 2025-07-01-14:55:57 078 164 276 0.3 1.9 5.1 17.2 33.8 731.0 0.00 0 0.0 19.6 24.1 24.5 3.627  -35.4   21.8    2.4  33    4.6   5 0 0 1 1 2 0 18.4 33.2 18.0 34.4 80.0 100 100 20 408 0 144 0 401 401 400 0 0 0 60 50 AUTO_PARK 0 
b.1 2025-07-01 14:57:00.631 a 2025-07-01-14:56:56 043 167 292 0.2 1.9 4.7 17.2 34.1 731.1 0.00 0 0.0 19.6 24.1 24.4 3.633  -37.1   21.8    2.4  33    4.7  10 0 0 1 1 1 0 18.4 33.2 18.0 34.3 80.0 100 100 20 408 0 144 0 401 401 400 0 0 0 60 50 AUTO 0 
b.1 2025-07-01 14:58:01.071 a 2025-07-01-14:57:56 048 172 301 0.5 2.7 6.0 17.2 34.1 731.0 0.00 0 0.0 19.2 24.1 24.5 3.627  -37.5   21.8    2.7  33    4.7   9 0 0 1 1 1 0 18.4 33.3 18.0 34.5 80.0 100 100 20 408 0 144 0 401 401 400 0 0 0 60 50 AUTO 0 
b.1 2025-07-01 14:59:01.151 a 2025-07-01-14:58:56 057 152 275 0.1 2.4 5.8 17.1 34.7 731.0 0.00 0 0.0 19.0 24.1 24.5 3.627  -36.9   21.8    2.7  33    4.7   9 0 0 1 1 1 0 18.3 33.5 17.9 34.7 80.0 100 100 20 408 0 144 0 401 401 399 0 0 0 59 50 AUTO 0 
b.1 2025-07-01 15:00:02.391 a 2025-07-01-14:59:58 038 154 285 0.2 2.4 5.9 17.0 34.3 731.0 0.00 0 0.0 19.0 24.1 24.5 3.626  -36.8   21.8    2.7  33    4.6   9 0 0 1 1 2 0 18.3 33.7 17.9 35.0 80.0 100 100 20 408 0 144 0 401 401 400 0 0 0 60 50 AUTO_PARK 0 
b.1 2025-07-01 15:01:01.490 a 2025-07-01-15:00:57 072 194 300 0.1 1.5 4.5 17.0 34.6 731.1 0.00 0 0.0 19.3 24.1 24.5 3.627  -36.3   21.7    2.3  33    4.6   5 0 0 1 1 2 0 18.3 33.8 17.9 34.9 80.0 100 100 20 408 0 143 0 401 401 399 0 0 0 59 50 WAIT_ACK 0 
b.1 2025-07-01 15:02:01.555 a 2025-07-01-15:01:57 081 146 279 0.1 3.1 7.0 17.0 34.5 731.1 0.00 0 0.0 19.5 24.1 24.5 3.627  -38.1   21.7    2.6  33    4.7   5 0 0 1 1 2 0 18.4 33.7 17.9 35.0 80.0 100 100 20 408 0 143 0 401 401 400 0 0 0 59 50 WAIT_ACK 0 
b.1 2025-07-01 15:03:02.309 a 2025-07-01-15:02:58 225 171 319 0.2 2.4 6.0 17.1 34.9 731.1 0.00 0 0.0 19.6 24.1 24.5 3.627  -37.0   21.7    2.5  33    4.7   8 0 0 1 1 2 0 18.3 33.6 17.9 35.0 80.0 100 100 20 408 0 143 0 402 401 400 0 0 0 59 50 WAIT_ACK 0 
b.1 2025-07-01 15:04:01.891 a 2025-07-01-15:03:57 094 148 273 0.2 2.3 6.5 17.1 34.3 731.1 0.00 0 0.0 19.8 24.1 24.5 3.626  -34.7   21.8    2.5  33    4.7   8 0 0 1 1 2 0 18.4 33.6 17.9 34.9 80.0 100 100 20 408 0 143 0 401 401 399 0 0 0 60 50 WAIT_ACK 0 
b.1 2025-07-01 15:05:01.914 a 2025-07-01-15:04:57 003 176 058 0.1 1.2 4.5 17.2 34.4 731.1 0.00 0 0.0 20.1 24.1 24.5 3.627  -35.3   21.8    2.2  33    4.8   8 0 0 1 1 2 0 18.4 33.6 18.0 34.8 80.0 100 100 20 408 0 143 0 401 401 400 0 0 0 59 50 WAIT_ACK 0 
b.1 2025-07-01 15:06:00.451 a 2025-07-01-15:05:56 275 156 327 0.2 1.7 4.5 17.2 34.4 731.1 0.00 0 0.0 20.4 24.1 24.5 3.627  -37.0   21.9    2.2  33    4.8   8 0 0 1 1 2 0 18.4 33.6 18.0 34.8 80.0 100 100 20 408 0 143 0 401 401 400 0 0 0 60 50 WAIT_ACK 0 
b.1 2025-07-01 15:07:01.674 a 2025-07-01-15:06:57 254 173 339 0.3 2.0 5.0 17.3 34.2 731.1 0.00 0 0.0 20.4 24.1 24.4 3.627  -36.0   21.9    2.2  33    4.8   8 0 0 1 1 2 0 18.4 33.6 18.0 34.8 80.0 100 100 20 408 0 143 0 401 401 399 0 0 0 59 50 WAIT_ACK 0 
b.1 2025-07-01 15:08:01.553 a 2025-07-01-15:07:57 009 173 312 0.2 3.2 8.4 17.3 33.8 731.1 0.00 0 0.0 20.2 24.1 24.5 3.627  -36.1   22.0    2.5  33    4.8   8 0 0 1 1 2 0 18.4 33.6 18.0 34.8 80.0 100 100 20 408 0 143 0 401 401 399 0 0 0 60 50 WAIT_ACK 0 
b.1 2025-07-01 15:09:01.496 a 2025-07-01-15:08:57 025 163 244 0.4 2.4 5.8 17.3 34.6 731.1 0.00 0 0.0 20.2 24.1 24.4 3.627  -35.6   22.0    2.5  33    4.8   8 0 0 1 1 2 0 18.4 33.6 18.0 34.9 80.0 100 100 20 408 0 143 0 401 401 400 0 0 0 60 50 WAIT_ACK 0 
b.1 2025-07-01 15:10:01.397 a 2025-07-01-15:09:57 279 168 318 0.3 2.1 6.3 17.3 34.5 731.0 0.00 0 0.0 20.6 24.1 24.4 3.633  -37.2   22.0    2.4  33    4.9   8 0 0 1 1 2 0 18.5 33.7 18.0 34.8 80.0 100 100 20 408 0 143 0 401 401 399 0 0 0 59 50 WAIT_ACK 0 
b.1 2025-07-01 15:11:01.052 a 2025-07-01-15:10:56 097 158 249 0.1 3.3 6.4 17.3 34.5 731.0 0.00 0 0.0 20.4 24.1 24.5 3.633  -37.4   22.0    2.7  33    4.9   8 0 0 1 1 2 0 18.5 33.7 18.1 34.8 80.0 100 100 20 408 0 143 0 401 401 399 0 0 0 59 50 WAIT_ACK 0 
b.1 2025-07-01 15:12:00.355 a 2025-07-01-15:11:56 092 175 287 0.4 1.8 4.2 17.3 34.4 731.1 0.00 0 0.0 20.5 24.1 24.5 3.627  -35.7   22.1    2.4  33    4.9   8 0 0 1 1 2 0 18.5 33.7 18.1 34.9 80.0 100 100 20 408 0 143 0 401 401 400 0 0 0 60 50 WAIT_ACK 0 
b.1 2025-07-01 15:13:00.996 a 2025-07-01-15:12:56 239 175 327 0.3 1.8 5.6 17.3 34.5 731.1 0.00 0 0.0 20.7 24.1 24.5 3.629  -35.6   22.1    2.3  33    5.0   8 0 0 1 1 2 0 18.5 33.7 18.1 34.8 80.0 100 100 20 408 0 143 0 401 401 400 0 0 0 59 50 WAIT_ACK 0 
b.1 2025-07-01 15:14:01.855 a 2025-07-01-15:13:57 062 173 229 0.1 1.9 5.3 17.3 34.2 731.1 0.00 0 0.0 20.8 24.1 24.4 3.627  -37.1   22.2    2.3  32    4.9   8 0 0 1 1 2 0 18.5 33.7 18.2 34.9 80.0 100 100 20 408 0 143 0 401 401 400 0 0 0 59 50 WAIT_ACK 0 
b.1 2025-07-01 15:15:01.976 a 2025-07-01-15:14:57 017 157 113 0.1 2.4 7.9 17.3 33.4 731.0 0.00 0 0.0 20.7 24.1 24.5 3.626  -36.7   22.2    2.3  32    4.8   8 0 0 1 1 2 0 18.5 33.6 18.1 34.7 80.0 100 100 20 408 0 143 0 401 401 399 0 0 0 60 50 WAIT_ACK 0 
b.1 2025-07-01 15:16:00.414 a 2025-07-01-15:15:56 000 162 167 0.1 2.7 6.5 17.4 33.1 731.1 0.00 0 0.0 20.7 24.1 24.4 3.626  -35.8   22.2    2.4  32    4.8   8 0 0 1 1 2 0 18.6 33.5 18.2 34.6 80.0 100 100 20 408 0 143 0 401 401 400 0 0 0 59 50 WAIT_ACK 0 
b.1 2025-07-01 15:17:01.654 a 2025-07-01-15:16:57 051 159 313 0.1 2.9 6.6 17.4 33.8 731.1 0.00 0 0.0 20.8 24.1 24.5 3.626  -38.4   22.2    2.7  32    4.8   8 0 0 1 1 2 0 18.6 33.4 18.2 34.6 80.0 100 100 20 408 0 143 0 402 401 400 0 0 0 59 50 WAIT_ACK 0 
b.1 2025-07-01 15:18:00.994 a 2025-07-01-15:17:56 044 165 292 0.1 2.1 6.4 17.3 32.5 731.1 0.00 0 0.0 20.8 24.1 24.5 3.626  -36.3   22.2    2.5  32    4.7   8 0 0 1 1 2 0 18.6 33.2 18.2 34.4 80.0 100 100 20 408 0 143 0 401 401 400 0 0 0 60 50 WAIT_ACK 0 
b.1 2025-07-01 15:19:01.717 a 2025-07-01-15:18:57 025 155 297 0.2 3.4 7.3 17.3 32.5 731.1 0.00 0 0.0 20.6 24.1 24.5 3.627  -37.8   22.2    2.9  32    4.6   8 0 0 1 1 2 0 18.6 33.1 18.3 34.2 80.0 100 100 20 408 0 143 0 401 401 400 0 0 0 59 50 WAIT_ACK 0 
b.1 2025-07-01 15:20:01.279 a 2025-07-01-15:19:56 136 140 271 0.3 3.3 6.7 17.3 33.1 731.1 0.00 0 0.0 20.7 24.1 24.5 3.627  -42.5   22.2    3.3  32    4.6   8 0 0 1 1 2 0 18.6 32.9 18.3 34.0 80.0 100 100 20 408 0 143 0 400 401 399 0 0 0 60 50 WAIT_ACK 0 
b.1 2025-07-01 15:21:01.499 a 2025-07-01-15:20:57 133 124 260 0.1 2.1 6.7 17.3 33.5 731.1 0.00 0 0.0 21.0 24.1 24.5 3.627  -35.3   22.2    2.6  32    4.7   8 0 0 1 1 2 0 18.7 32.9 18.3 34.0 80.0 100 100 20 408 0 143 0 401 401 400 0 0 0 59 50 WAIT_ACK 0 
b.1 2025-07-01 15:22:00.736 a 2025-07-01-15:21:56 181 131 276 0.2 2.8 5.0 17.4 33.2 731.2 0.00 0 0.0 21.2 24.1 24.5 3.628  -38.5   22.3    2.8  32    4.7   8 0 0 1 1 2 0 18.7 32.8 18.3 34.0 80.0 100 100 20 408 0 143 0 401 401 399 0 0 0 60 50 WAIT_ACK 0 
b.1 2025-07-01 15:23:00.598 a 2025-07-01-15:22:56 285 145 305 0.2 1.8 3.8 17.5 32.4 731.1 0.00 0 0.0 21.5 24.1 24.5 3.627  -36.7   22.4    2.4  32    4.7   8 0 0 1 1 2 0 18.8 32.7 18.3 33.9 80.0 100 100 20 408 0 143 0 402 401 400 0 0 0 60 50 WAIT_ACK 0 
b.1 2025-07-01 15:24:01.740 a 2025-07-01-15:23:57 066 153 276 0.3 2.2 6.1 17.6 32.6 731.1 0.00 0 0.0 21.8 24.1 24.4 3.627  -38.3   22.5    2.5  32    4.8   8 0 0 1 1 2 0 18.8 32.6 18.4 33.7 80.0 100 100 20 408 0 143 0 401 401 400 0 0 0 60 50 WAIT_ACK 0 
b.1 2025-07-01 15:25:01.872 a 2025-07-01-15:24:57 059 161 219 0.1 1.5 5.5 17.6 32.9 731.1 0.00 0 0.0 22.1 24.1 24.4 3.627  -37.8   22.6    2.3  32    4.9   8 0 0 1 1 2 0 18.8 32.5 18.4 33.7 80.0 100 100 20 408 0 143 0 401 401 399 0 0 0 60 50 WAIT_ACK 0 
b.1 2025-07-01 15:26:01.038 a 2025-07-01-15:25:56 266 176 341 0.4 2.2 5.4 17.7 32.7 731.1 0.00 0 0.0 22.1 24.1 24.5 3.633  -36.7   22.7    2.3  32    5.0   8 0 0 1 1 2 0 18.8 32.5 18.4 33.7 80.0 100 100 20 408 0 143 0 401 401 399 0 0 0 59 50 WAIT_ACK 0 
b.1 2025-07-01 15:27:02.319 a 2025-07-01-15:26:58 021 176 295 0.2 1.4 4.4 17.8 32.9 731.1 0.00 0 0.0 22.3 24.1 24.5 3.627  -37.5   22.8    2.2  31    5.0   8 0 0 1 1 2 0 18.8 32.6 18.4 33.6 80.0 100 100 20 408 0 143 0 401 401 400 0 0 0 60 50 WAIT_ACK 0 
b.1 2025-07-01 15:28:01.621 a 2025-07-01-15:27:57 080 192 266 0.0 1.6 4.8 17.8 32.3 731.1 0.00 0 0.0 22.4 24.1 24.5 3.626  -35.8   22.9    2.2  31    5.0   5 0 0 1 1 2 0 18.9 32.5 18.4 33.6 80.0 100 100 20 408 0 143 0 401 401 400 0 0 0 59 50 WAIT_ACK 0 
b.1 2025-07-01 15:29:01.779 a 2025-07-01-15:28:57 055 189 292 0.1 1.3 5.9 17.8 32.4 731.1 0.00 0 0.0 22.7 24.1 24.5 3.634  -36.6   22.9    0.0  31    5.0   5 0 0 1 1 2 0 18.9 32.5 18.4 33.6 80.0 100 100 20 408 0 143 0 401 401 400 0 0 0 59 50 WAIT_ACK 0 
b.1 2025-07-01 15:30:01.160 a 2025-07-01-15:29:56 055 176 270 0.1 1.6 5.2 17.9 32.6 731.1 0.00 0 0.0 22.7 24.1 24.4 3.627  -37.4   23.0    2.2  31    5.1   5 0 0 1 1 2 0 18.8 32.5 18.4 33.6 80.0 100 100 20 408 0 143 0 401 401 400 0 0 0 60 50 WAIT_ACK 0 
b.1 2025-07-01 15:31:00.743 a 2025-07-01-15:30:56 047 162 296 0.1 1.4 3.0 17.9 32.0 731.1 0.00 0 0.0 22.9 24.1 24.5 3.626  -36.2   23.0    0.0  31    5.0   6 0 0 1 1 2 0 18.9 32.4 18.4 33.6 80.0 100 100 20 408 0 143 0 401 401 399 0 0 0 59 50 WAIT_ACK 0 
b.1 2025-07-01 15:32:01.321 a 2025-07-01-15:31:56 089 146 252 0.4 3.1 5.7 17.9 32.4 731.2 0.00 0 0.0 22.7 24.1 24.4 3.626  -40.3   23.1    2.4  31    5.1  10 0 0 1 1 2 0 18.9 32.4 18.4 33.5 80.0 100 100 20 408 0 143 0 401 401 400 0 0 0 59 50 WAIT_ACK 0 
b.1 2025-07-01 15:33:01.483 a 2025-07-01-15:32:57 091 145 197 0.7 2.9 5.3 17.8 32.5 731.1 0.00 0 0.0 22.4 24.1 24.4 3.626  -36.5   23.1    2.5  31    5.1   9 0 0 1 1 2 0 18.9 32.4 18.4 33.6 80.0 100 100 20 408 0 143 0 401 401 400 0 0 0 60 50 WAIT_ACK 0 
b.1 2025-07-01 15:34:02.122 a 2025-07-01-15:33:57 022 152 270 0.1 2.4 5.2 17.8 32.8 731.1 0.00 0 0.0 22.4 24.1 24.5 3.627  -36.4   23.2    2.5  31    5.1   9 0 0 1 1 2 0 18.9 32.6 18.5 33.6 80.0 100 100 20 408 0 143 0 401 401 399 0 0 0 59 50 WAIT_ACK 0 
b.1 2025-07-01 15:35:01.608 a 2025-07-01-15:34:57 079 153 223 0.3 2.6 4.8 17.8 33.0 731.1 0.00 0 0.0 22.3 24.1 24.4 3.626  -38.9   23.2    2.5  31    5.1   5 0 0 1 1 2 0 18.9 32.6 18.5 33.7 80.0 100 100 20 408 0 143 0 401 401 400 0 0 0 59 50 WAIT_ACK 0 
b.1 2025-07-01 15:36:01.584 a 2025-07-01-15:35:57 014 141 232 0.6 2.1 5.3 17.8 32.9 731.1 0.00 0 0.0 22.6 24.1 24.4 3.627  -37.6   23.2    2.4  31    5.2   5 0 0 1 1 2 0 18.9 32.6 18.5 33.7 80.0 100 100 20 408 0 143 0 401 401 400 0 0 0 59 50 WAIT_ACK 0 
b.1 2025-07-01 15:37:02.002 a 2025-07-01-15:36:57 071 140 222 0.6 2.3 4.6 17.9 32.6 731.1 0.00 0 0.0 22.6 24.1 24.4 3.627  -37.1   23.3    2.4  31    5.2   5 0 0 1 1 2 0 19.0 32.5 18.6 33.6 80.0 100 100 20 408 0 143 0 401 401 400 0 0 0 60 50 WAIT_ACK 0 
b.1 2025-07-01 15:38:01.983 a 2025-07-01-15:37:57 301 157 348 0.0 1.2 4.8 18.0 32.6 731.1 0.00 0 0.0 23.1 24.1 24.5 3.626  -40.5   23.4    2.2  31    5.3   5 0 0 1 1 1 0 19.0 32.5 18.6 33.5 80.0 100 100 20 408 0 143 0 400 401 399 0 0 0 60 50 WAIT_ACK 0 
b.1 2025-07-01 15:39:01.724 a 2025-07-01-15:38:57 221 132 225 0.1 1.5 4.5 18.1 32.3 731.1 0.00 0 0.0 23.3 24.1 24.5 3.627  -36.8   23.5    2.2  31    5.4   7 0 0 1 1 2 0 19.1 32.4 18.7 33.6 80.0 100 100 20 408 0 143 0 401 401 399 0 0 0 59 50 WAIT_ACK 0 
b.1 2025-07-01 15:40:02.484 a 2025-07-01-15:39:58 217 140 355 0.1 1.6 4.9 18.2 32.3 731.1 0.00 0 0.0 23.6 24.1 24.5 3.626  -38.2   23.6    2.2  31    5.4   7 0 0 1 1 2 0 19.1 32.3 18.7 33.6 80.0 100 100 20 408 0 143 0 401 401 399 0 0 0 60 50 WAIT_ACK 0 
b.1 2025-07-01 15:40:59.946 a 2025-07-01-15:40:55 146 154 290 0.2 2.0 5.2 18.3 32.4 731.1 0.00 0 0.0 23.7 24.1 24.5 3.626  -35.9   23.7    2.2  31    5.4   7 0 0 1 1 2 0 19.2 32.3 18.7 33.5 80.0 100 100 20 408 0 143 0 401 401 400 0 0 0 60 50 WAIT_ACK 0 
b.1 2025-07-01 15:42:02.325 a 2025-07-01-15:41:57 019 180 329 0.1 1.4 3.2 18.3 31.6 731.1 0.00 0 0.0 24.0 24.1 24.5 3.627  -39.2   23.8    0.0  31    5.5   5 0 0 1 1 2 0 19.2 32.3 18.8 33.4 80.0 100 100 20 408 0 143 0 402 401 400 0 0 0 59 50 WAIT_ACK 0 
b.1 2025-07-01 15:43:00.025 a 2025-07-01-15:42:55 061 179 297 0.2 2.3 6.4 18.3 31.6 731.1 0.00 0 0.0 23.6 24.1 24.5 3.626  -40.6   23.8    2.2  30    5.3   5 0 0 1 1 2 0 19.2 32.3 18.8 33.4 80.0 100 100 20 408 0 143 0 401 401 400 0 0 0 60 50 WAIT_ACK 0 
b.1 2025-07-01 15:44:01.122 a 2025-07-01-15:43:56 095 152 221 0.3 2.4 5.4 18.3 31.6 731.1 0.00 0 0.0 23.3 24.1 24.4 3.626  -38.0   23.8    2.4  30    5.3   7 0 0 1 1 2 0 19.2 32.3 18.8 33.4 80.0 100 100 20 408 0 143 0 401 401 400 0 0 0 60 50 WAIT_ACK 0 
b.1 2025-07-01 15:45:02.444 a 2025-07-01-15:44:58 075 155 252 0.6 2.5 6.1 18.1 32.3 731.1 0.00 0 0.0 23.2 24.1 24.4 3.633  -37.9   23.8    2.5  30    5.3   7 0 0 1 1 2 0 19.2 32.2 18.8 33.4 80.0 100 100 20 408 0 143 0 401 401 399 0 0 0 60 50 WAIT_ACK 0 
b.1 2025-07-01 15:46:01.584 a 2025-07-01-15:45:57 248 165 329 0.1 1.9 5.5 18.1 32.5 731.1 0.00 0 0.0 23.2 24.1 24.5 3.627  -37.0   23.8    2.3  30    5.3   7 0 0 1 1 2 0 19.2 32.4 18.8 33.4 80.0 100 100 20 408 0 143 0 401 401 400 0 0 0 60 50 WAIT_ACK 0 
b.1 2025-07-01 15:47:01.766 a 2025-07-01-15:46:57 078 166 286 0.3 1.9 5.2 18.0 32.4 731.1 0.00 0 0.0 23.3 24.1 24.4 3.626  -39.2   23.8    2.3  30    5.3   7 0 0 1 1 2 0 19.3 32.3 18.8 33.3 80.0 100 100 20 408 0 143 0 401 401 400 0 0 0 59 50 WAIT_ACK 0 
b.1 2025-07-01 15:48:01.405 a 2025-07-01-15:47:57 250 171 357 0.2 1.4 4.2 18.0 31.9 731.1 0.00 0 0.0 23.6 24.1 24.5 3.624  -38.3   23.8    2.2  30    5.3   7 0 0 1 1 2 0 19.3 32.2 18.9 33.4 80.0 100 100 20 408 0 143 0 401 401 400 0 0 0 59 50 WAIT_ACK 0 
b.1 2025-07-01 15:49:00.427 a 2025-07-01-15:48:56 262 175 326 0.2 2.1 7.7 18.1 32.2 731.1 0.00 0 0.0 23.6 24.1 24.4 3.627  -37.4   23.8    2.3  30    5.2   7 0 0 1 1 2 0 19.3 32.2 18.8 33.3 80.0 100 100 20 408 0 143 0 401 401 399 0 0 0 59 50 WAIT_ACK 0 
b.1 2025-07-01 15:50:01.285 a 2025-07-01-15:49:56 121 159 225 0.7 3.3 5.8 18.1 31.8 731.1 0.00 0 0.0 23.2 24.1 24.5 3.626  -39.6   23.8    2.7  30    5.1   7 0 0 1 1 2 0 19.3 32.2 18.9 33.2 80.0 100 100 20 408 0 143 0 401 401 400 0 0 0 60 50 WAIT_ACK 0 
b.1 2025-07-01 15:51:00.944 a 2025-07-01-15:50:56 067 163 243 0.3 2.5 5.6 18.1 31.6 731.1 0.00 0 0.0 22.9 24.1 24.5 3.626  -38.7   23.7    2.7  30    5.0   7 0 0 1 1 2 0 19.3 32.2 18.9 33.1 80.0 100 100 20 408 0 143 0 401 401 400 0 0 0 60 50 WAIT_ACK 0 
b.1 2025-07-01 15:52:00.927 a 2025-07-01-15:51:56 068 150 287 0.5 2.9 6.2 18.0 32.0 731.1 0.00 0 0.0 22.8 24.1 24.5 3.626  -38.3   23.6    2.8  30    5.0   7 0 0 1 1 2 0 19.3 32.1 18.9 33.2 80.0 100 100 20 408 0 143 0 401 401 400 0 0 0 60 50 WAIT_ACK 0 
b.1 2025-07-01 15:53:00.209 a 2025-07-01-15:52:55 077 170 302 0.1 2.3 6.2 17.9 32.0 731.1 0.00 0 0.0 22.8 24.1 24.4 3.626  -37.7   23.6    2.6  30    4.9   7 0 0 1 1 2 0 19.3 32.0 18.9 33.2 80.0 100 100 20 408 0 143 0 401 401 399 0 0 0 60 50 WAIT_ACK 0 
b.1 2025-07-01 15:54:01.665 a 2025-07-01-15:53:57 058 150 278 0.1 2.8 6.7 17.8 32.0 731.0 0.00 0 0.0 22.9 24.1 24.4 3.626  -42.3   23.6    2.7  30    5.0   7 0 0 1 1 2 0 19.3 32.1 18.9 33.1 80.0 100 100 20 408 0 143 0 402 401 400 0 0 0 60 50 WAIT_ACK 0 
b.1 2025-07-01 15:55:00.907 a 2025-07-01-15:54:56 185 136 353 0.2 2.1 5.3 17.9 32.8 731.1 0.00 0 0.0 23.4 24.1 24.5 3.627  -38.2   23.6    2.5  30    5.1   7 0 0 1 1 2 0 19.3 32.0 18.9 33.1 80.0 100 100 20 408 0 143 0 401 401 400 0 0 0 60 50 WAIT_ACK 0 
b.1 2025-07-01 15:56:01.545 a 2025-07-01-15:55:57 290 158 317 0.1 1.6 5.4 18.0 32.7 731.1 0.00 0 0.0 23.8 24.1 24.5 3.626  -38.1   23.6    2.3  30    5.2   5 0 0 1 1 2 0 19.3 32.1 18.9 33.1 80.0 100 100 20 408 0 143 0 401 401 399 0 0 0 60 50 WAIT_ACK 0 
b.1 2025-07-01 15:57:01.089 a 2025-07-01-15:56:56 094 168 249 0.4 2.1 5.8 18.2 32.1 731.1 0.00 0 0.0 23.8 24.1 24.5 3.627  -37.8   23.7    2.3  30    5.1   5 0 0 1 1 2 0 19.3 32.0 19.0 33.1 80.0 100 100 20 408 0 143 0 401 401 400 0 0 0 59 50 WAIT_ACK 0 
b.1 2025-07-01 15:58:01.766 a 2025-07-01-15:57:57 022 188 325 0.2 2.0 7.5 18.2 31.9 731.0 0.00 0 0.0 23.9 24.1 24.4 3.626  -37.1   23.7    2.3  30    5.2   5 0 0 1 1 2 0 19.4 32.1 19.0 32.9 80.0 100 100 20 408 0 143 0 401 401 399 0 0 0 60 50 WAIT_ACK 0 
b.1 2025-07-01 15:59:01.746 a 2025-07-01-15:58:57 238 142 325 0.2 3.4 8.6 18.2 31.9 731.0 0.00 0 0.0 23.5 24.1 24.5 3.626  -37.7   23.7    2.7  30    5.2   9 0 0 1 1 2 0 19.4 32.0 19.0 33.1 80.0 100 100 20 408 0 143 0 400 401 399 0 0 0 60 50 WAIT_ACK 0 
b.1 2025-07-01 16:00:02.328 a 2025-07-01-15:59:57 008 173 281 0.4 2.5 7.2 18.2 32.3 731.0 0.00 0 0.0 23.4 24.1 24.5 3.627  -40.1   23.7    2.6  30    5.1   9 0 0 1 1 2 0 19.4 32.0 19.0 33.1 80.0 100 100 20 408 0 143 0 401 401 400 0 0 0 60 50 WAIT_ACK 0 
b.1 2025-07-01 16:01:01.250 a 2025-07-01-16:00:56 029 163 215 0.3 3.2 9.6 18.1 32.7 731.0 0.00 0 0.0 23.3 24.1 24.5 3.633  -38.7   23.7    3.0  30    5.1   9 0 0 1 1 2 0 19.4 32.1 19.0 33.1 80.0 100 100 20 408 0 143 0 401 401 400 0 0 0 60 50 WAIT_ACK 0 
b.1 2025-07-01 16:02:01.411 a 2025-07-01-16:01:57 078 156 221 0.2 2.9 7.2 18.1 32.7 731.0 0.00 0 0.0 23.1 24.1 24.5 3.627  -39.4   23.7    3.0  30    5.1   9 0 0 1 1 2 0 19.4 32.1 19.0 33.1 80.0 100 100 20 408 0 143 0 401 401 399 0 0 0 59 50 WAIT_ACK 0 
b.1 2025-07-01 16:03:01.305 a 2025-07-01-16:02:56 079 166 245 0.3 2.4 5.6 18.1 32.6 731.1 0.00 0 0.0 23.2 24.1 24.5 3.626  -38.1   23.6    2.6  30    5.2   5 0 0 1 1 2 0 19.5 32.1 19.1 33.2 80.0 100 100 20 408 0 143 0 401 401 399 0 0 0 59 50 WAIT_ACK 0 
b.1 2025-07-01 16:04:01.569 a 2025-07-01-16:03:57 286 161 299 0.2 1.5 4.6 18.1 32.8 731.1 0.00 0 0.0 23.7 24.1 24.5 3.627  -37.3   23.6    2.3  30    5.2   5 0 0 1 1 2 0 19.5 32.1 19.1 33.2 80.0 100 100 20 408 0 143 0 401 401 399 0 0 0 59 50 WAIT_ACK 0 
b.1 2025-07-01 16:05:01.028 a 2025-07-01-16:04:56 035 175 274 0.1 1.5 4.0 18.2 32.8 731.1 0.00 0 0.0 24.1 24.1 24.5 3.626  -39.0   23.6    2.3  30    5.3   5 0 0 1 1 2 0 19.5 32.1 19.1 33.2 80.0 100 100 20 408 0 143 0 401 401 399 0 0 0 60 50 WAIT_ACK 0 
b.1 2025-07-01 16:06:01.150 a 2025-07-01-16:05:56 069 179 276 0.3 2.6 6.2 18.2 32.7 731.1 0.00 0 0.0 23.9 24.1 24.5 3.626  -37.9   23.7    2.4  30    5.3  10 0 0 1 1 2 0 19.5 32.1 19.1 33.2 80.0 100 100 20 408 0 143 0 401 401 399 0 0 0 60 50 WAIT_ACK 0 
b.1 2025-07-01 16:07:01.651 a 2025-07-01-16:06:57 066 187 333 0.3 2.6 7.0 18.2 32.5 731.0 0.00 0 0.0 23.6 24.1 24.5 3.626  -37.3   23.7    2.5  30    5.3   8 0 0 1 1 2 0 19.5 32.2 19.1 33.2 80.0 100 100 20 408 0 143 0 401 401 399 0 0 0 60 50 WAIT_ACK 0 
b.1 2025-07-01 16:08:00.608 a 2025-07-01-16:07:56 054 171 233 0.3 2.3 5.6 18.3 32.9 731.1 0.00 0 0.0 23.8 24.1 24.5 3.626  -37.7   23.8    2.5  30    5.4   8 0 0 1 1 2 0 19.5 32.2 19.1 33.3 80.0 100 100 20 408 0 143 0 401 401 400 0 0 0 59 50 WAIT_ACK 0 
b.1 2025-07-01 16:09:01.190 a 2025-07-01-16:08:56 255 143 306 0.2 2.2 5.0 18.3 33.1 731.1 0.00 0 0.0 23.9 24.1 24.4 3.627  -37.6   23.8    2.5  30    5.4   8 0 0 1 1 2 0 19.5 32.2 19.1 33.3 80.0 100 100 20 408 0 143 0 401 401 400 0 0 0 59 50 WAIT_ACK 0 
b.1 2025-07-01 16:10:01.917 a 2025-07-01-16:09:57 074 156 316 0.4 3.1 6.4 18.3 33.0 731.1 0.00 0 0.0 23.8 24.1 24.5 3.626  -38.4   23.8    2.7  30    5.4   8 0 0 1 1 2 0 19.5 32.3 19.1 33.4 80.0 100 100 20 408 0 143 0 401 401 399 0 0 0 59 50 WAIT_ACK 0 
b.1 2025-07-01 16:11:00.835 a 2025-07-01-16:10:56 023 157 279 0.2 1.5 4.4 18.2 33.4 731.1 0.00 0 0.0 24.1 24.1 24.5 3.626  -37.6   23.8    2.3  30    5.4   0 0 0 1 1 2 0 19.6 32.4 19.2 33.5 80.0 100 100 20 408 0 143 0 401 401 400 0 0 0 59 50 WAIT_ACK 0 
b.1 2025-07-01 16:12:01.089 a 2025-07-01-16:11:56 054 158 284 0.2 1.4 3.8 18.2 33.5 731.1 0.00 0 0.0 24.6 24.1 24.5 3.626  -36.1   23.8    2.2  31    5.5   5 0 0 1 1 2 0 19.6 32.4 19.2 33.4 80.0 100 100 20 408 0 143 0 401 402 399 0 0 0 59 50 WAIT_ACK 0 
b.1 2025-07-01 16:13:01.634 a 2025-07-01-16:12:57 001 193 082 0.1 0.5 2.0 18.3 34.0 731.1 0.00 0 0.0 25.6 24.1 24.4 3.627  -35.9   23.9    0.0  31    5.7   5 0 0 1 1 2 0 19.6 32.4 19.2 33.4 80.0 100 100 20 408 0 143 0 401 402 399 0 0 0 60 50 WAIT_ACK 0 
b.1 2025-07-01 16:14:00.354 a 2025-07-01-16:13:55 113 169 278 0.2 2.6 5.9 18.4 32.8 731.1 0.00 0 0.0 25.4 24.1 24.4 3.632  -39.6   24.0    2.4  31    5.7   5 0 0 1 1 2 0 19.6 32.6 19.2 33.5 80.0 100 100 20 408 0 143 0 401 401 399 0 0 0 59 50 WAIT_ACK 0 
b.1 2025-07-01 16:15:02.015 a 2025-07-01-16:14:57 058 175 308 0.1 1.7 5.0 18.4 32.8 731.1 0.00 0 0.0 25.3 24.1 24.5 3.633  -40.0   24.1    2.3  30    5.6   5 0 0 1 1 2 0 19.6 32.5 19.2 33.6 80.0 100 100 20 408 0 143 0 401 401 400 0 0 0 59 50 WAIT_ACK 0 
b.1 2025-07-01 16:16:00.655 a 2025-07-01-16:15:56 238 179 346 0.4 1.8 4.9 18.4 32.4 731.1 0.00 0 0.0 25.2 24.1 24.5 3.627  -38.3   24.1    2.3  30    5.6   6 0 0 1 1 2 0 19.6 32.6 19.2 33.5 80.0 100 100 20 408 0 143 0 402 401 400 0 0 0 59 50 WAIT_ACK 0 
b.1 2025-07-01 16:17:01.834 a 2025-07-01-16:16:57 272 176 324 0.2 1.6 5.8 18.5 32.8 731.1 0.00 0 0.0 25.6 24.1 24.4 3.626  -39.1   24.2    2.2  30    5.6   6 0 0 1 1 2 0 19.6 32.5 19.2 33.5 80.0 100 100 20 408 0 143 0 401 401 400 0 0 0 59 50 WAIT_ACK 0 
b.1 2025-07-01 16:18:00.716 a 2025-07-01-16:17:56 058 210 329 0.2 1.6 4.9 18.5 32.5 731.1 0.00 0 0.0 25.6 24.1 24.5 3.626  -37.2   24.2    2.2  30    5.7   6 0 0 1 1 2 0 19.6 32.4 19.2 33.5 80.0 100 100 20 408 0 143 0 400 401 399 0 0 0 59 50 WAIT_ACK 0 
b.1 2025-07-01 16:19:00.095 a 2025-07-01-16:18:55 072 166 258 0.1 1.0 2.5 18.6 32.8 731.1 0.00 0 0.0 26.2 24.1 24.4 3.627  -37.2   24.3    0.0  30    5.8   6 0 0 1 1 2 0 19.7 32.4 19.2 33.5 80.0 100 100 20 408 0 143 0 401 401 399 0 0 0 59 50 WAIT_ACK 0 
b.1 2025-07-01 16:20:00.733 a 2025-07-01-16:19:56 245 137 295 0.2 1.8 4.1 18.7 32.5 731.1 0.00 0 0.0 26.4 24.1 24.5 3.634  -39.6   24.3    2.2  30    5.8   6 0 0 1 1 2 0 19.7 32.3 19.3 33.5 80.0 100 100 20 408 0 143 0 401 401 399 0 0 0 59 50 WAIT_ACK 0 
b.1 2025-07-01 16:21:01.134 a 2025-07-01-16:20:56 160 175 348 0.1 1.5 2.8 18.8 32.4 731.1 0.00 0 0.0 26.5 24.1 24.5 3.627  -37.3   24.5    2.2  30    5.9   6 0 0 1 1 2 0 19.7 32.3 19.3 33.4 80.0 100 100 20 408 0 143 0 400 401 399 0 0 0 60 50 WAIT_ACK 0 
b.1 2025-07-01 16:22:00.993 a 2025-07-01-16:21:56 021 175 247 0.1 1.4 3.3 18.9 32.4 731.1 0.00 0 0.0 26.8 24.1 24.4 3.626  -37.3   24.6    0.0  30    6.0   6 0 0 1 1 2 0 19.7 32.3 19.4 33.3 80.0 100 100 20 408 0 143 0 401 401 400 0 0 0 60 50 WAIT_ACK 0 
b.1 2025-07-01 16:23:01.578 a 2025-07-01-16:22:57 048 193 294 0.2 1.9 4.8 19.0 32.1 731.1 0.00 0 0.0 26.5 24.1 24.5 3.633  -39.5   24.7    2.2  30    6.0   6 0 0 1 1 2 0 19.7 32.4 19.4 33.3 80.0 100 100 20 408 0 143 0 401 401 400 0 0 0 59 50 WAIT_ACK 0 
b.1 2025-07-01 16:24:01.739 a 2025-07-01-16:23:57 099 187 285 0.2 1.2 4.8 19.1 31.9 731.1 0.00 0 0.0 27.1 24.1 24.5 3.626  -40.1   24.8    0.0  30    6.0   6 0 0 1 1 2 0 19.8 32.3 19.5 33.3 80.0 100 100 20 408 0 143 0 401 402 399 0 0 0 60 50 WAIT_ACK 0 
b.1 2025-07-01 16:25:00.657 a 2025-07-01-16:24:56 059 200 327 0.1 1.8 5.9 19.1 31.3 731.1 0.00 0 0.0 27.0 24.1 24.4 3.626  -38.8   24.9    2.1  30    6.0   6 0 0 1 1 2 0 19.8 32.4 19.5 33.2 80.0 100 100 20 408 0 143 0 401 401 399 0 0 0 60 50 WAIT_ACK 0 
b.1 2025-07-01 16:26:00.256 a 2025-07-01-16:25:55 023 180 303 0.1 1.2 3.0 19.2 31.5 731.1 0.00 0 0.0 27.1 24.1 24.5 3.624  -37.4   25.0    0.0  30    6.1   0 0 0 1 1 2 0 19.8 32.3 19.5 33.2 80.0 100 100 20 408 0 143 0 401 401 399 0 0 0 59 50 WAIT_ACK 0 
b.1 2025-07-01 16:27:01.355 a 2025-07-01-16:26:57 077 214 346 0.1 1.9 5.4 19.2 31.1 731.1 0.00 0 0.0 27.0 24.1 24.5 3.626  -39.2   25.0    2.2  30    6.1   5 0 0 1 1 2 0 19.9 32.2 19.5 33.1 80.0 100 100 20 408 0 143 0 401 401 400 0 0 0 59 50 WAIT_ACK 0 
b.1 2025-07-01 16:28:01.255 a 2025-07-01-16:27:56 042 192 236 0.2 1.7 4.4 19.2 31.3 731.1 0.00 0 0.0 26.7 24.1 24.5 3.626  -38.3   25.1    2.2  29    6.0   5 0 0 1 1 2 0 19.9 32.1 19.5 33.1 80.0 100 100 20 408 0 143 0 401 401 400 0 0 0 60 50 WAIT_ACK 0 
b.1 2025-07-01 16:29:01.957 a 2025-07-01-16:28:57 099 197 243 0.3 2.5 5.3 19.1 30.9 731.0 0.00 0 0.0 26.0 24.1 24.5 3.627  -41.1   25.1    2.3  29    6.0   6 0 0 1 1 2 0 19.9 32.1 19.6 33.0 80.0 100 100 20 408 0 143 0 401 401 399 0 0 0 59 50 WAIT_ACK 0 
b.1 2025-07-01 16:30:02.496 a 2025-07-01-16:29:58 090 195 329 0.1 2.0 5.4 19.1 31.5 731.1 0.00 0 0.0 26.0 24.1 24.4 3.626  -39.2   25.2    2.3  29    6.0   6 0 0 1 1 2 0 19.9 32.1 19.6 32.9 80.0 100 100 20 408 0 143 0 401 401 400 0 0 0 60 50 WAIT_ACK 0 
b.1 2025-07-01 16:31:00.938 a 2025-07-01-16:30:56 091 181 260 0.3 1.9 5.6 19.0 31.0 731.1 0.00 0 0.0 26.1 24.1 24.4 3.624  -40.0   25.2    2.3  29    6.0   6 0 0 1 1 2 0 19.9 32.1 19.6 32.8 80.0 100 100 20 408 0 143 0 401 401 400 0 0 0 60 50 WAIT_ACK 0 
b.1 2025-07-01 16:32:01.555 a 2025-07-01-16:31:57 236 166 348 0.4 3.0 7.1 19.0 31.2 731.0 0.00 0 0.0 25.8 24.1 24.5 3.626  -41.1   25.2    2.6  29    5.9   6 0 0 1 1 2 0 19.9 32.1 19.6 32.8 80.0 100 100 20 408 0 143 0 401 401 399 0 0 0 59 50 WAIT_ACK 0 
b.1 2025-07-01 16:33:01.539 a 2025-07-01-16:32:57 083 165 235 0.4 1.6 5.0 18.9 32.0 731.0 0.00 0 0.0 26.0 24.1 24.4 3.624  -39.3   25.1    2.3  29    5.8   7 0 0 1 1 2 0 19.9 32.0 19.6 32.9 80.0 100 100 20 408 0 143 0 401 401 399 0 0 0 59 50 WAIT_ACK 0 
b.1 2025-07-01 16:34:00.796 a 2025-07-01-16:33:56 099 190 327 0.1 1.8 5.1 18.9 31.3 731.0 0.00 0 0.0 26.1 24.1 24.5 3.627  -38.4   25.0    2.3  29    5.8   7 0 0 1 1 2 0 19.9 32.1 19.6 32.9 80.0 100 100 20 408 0 143 0 401 401 399 0 0 0 60 50 WAIT_ACK 0 
b.1 2025-07-01 16:35:01.301 a 2025-07-01-16:34:56 021 181 271 0.2 1.9 5.6 18.9 31.7 731.0 0.00 0 0.0 26.4 24.1 24.5 3.626  -40.5   25.0    2.3  29    5.8   5 0 0 1 1 2 0 19.9 32.0 19.7 32.9 80.0 100 100 20 408 0 143 0 401 401 400 0 0 0 59 50 WAIT_ACK 0 
b.1 2025-07-01 16:36:00.539 a 2025-07-01-16:35:56 028 183 287 0.3 2.4 7.3 19.0 31.5 731.1 0.00 0 0.0 26.2 24.1 24.4 3.632  -40.2   25.0    2.3  29    5.8   5 0 0 1 1 2 0 20.0 32.0 19.7 32.9 80.0 100 100 20 408 0 143 0 400 402 399 0 0 0 60 50 WAIT_ACK 0 
b.1 2025-07-01 16:37:01.180 a 2025-07-01-16:36:56 085 167 296 0.1 1.7 5.3 19.0 31.6 731.1 0.00 0 0.0 26.3 24.1 24.5 3.626  -37.4   25.0    2.2  29    5.8   5 0 0 1 1 2 0 20.0 32.0 19.7 32.9 80.0 100 100 20 408 0 143 0 401 402 399 0 0 0 59 50 WAIT_ACK 0 
b.1 2025-07-01 16:38:01.316 a 2025-07-01-16:37:56 052 192 229 0.2 1.4 3.7 19.1 31.7 731.1 0.00 0 0.0 26.9 24.1 24.4 3.626  -40.9   25.0    2.1  29    5.9   5 0 0 1 1 2 0 20.0 31.9 19.7 32.8 80.0 100 100 20 408 0 143 0 401 401 399 0 0 0 59 50 WAIT_ACK 0 
b.1 2025-07-01 16:39:01.398 a 2025-07-01-16:38:56 084 187 314 0.1 1.4 3.7 19.2 31.4 731.1 0.00 0 0.0 27.4 24.1 24.4 3.632  -38.7   25.1    2.1  29    6.0   5 0 0 1 1 2 0 20.0 31.9 19.7 32.8 80.0 100 100 20 408 0 143 0 401 401 399 0 0 0 59 50 WAIT_ACK 0 
b.1 2025-07-01 16:40:02.437 a 2025-07-01-16:39:58 058 127 323 0.1 1.7 5.7 19.3 31.5 731.1 0.00 0 0.0 27.9 24.1 24.4 3.626  -40.5   25.2    2.2  29    6.2   5 0 0 1 1 2 0 20.1 31.8 19.7 32.8 80.0 100 100 20 408 0 143 0 400 402 399 0 0 0 59 50 WAIT_ACK 0 
b.1 2025-07-01 16:41:00.157 a 2025-07-01-16:40:55 297 166 329 0.1 2.3 5.8 19.5 30.9 731.1 0.00 0 0.0 27.7 24.1 24.5 3.624  -37.6   25.4    2.3  29    6.2   5 0 0 1 1 2 0 20.1 31.8 19.8 32.7 80.0 100 100 20 408 0 143 0 401 401 400 0 0 0 60 50 WAIT_ACK 0 
b.1 2025-07-01 16:42:01.819 a 2025-07-01-16:41:57 021 188 298 0.2 1.8 4.9 19.5 30.9 731.1 0.00 0 0.0 27.8 24.1 24.4 3.626  -38.7   25.5    2.2  29    6.2   5 0 0 1 1 2 0 20.2 31.8 19.8 32.7 80.0 100 100 20 408 0 143 0 401 401 399 0 0 0 59 50 WAIT_ACK 0 
b.1 2025-07-01 16:43:02.400 a 2025-07-01-16:42:57 073 175 229 0.1 2.2 6.0 19.6 30.8 731.1 0.00 0 0.0 27.5 24.1 24.5 3.624  -36.6   25.6    2.3  29    6.3   7 0 0 1 1 2 0 20.2 31.8 19.8 32.7 80.0 100 100 20 408 0 143 0 402 401 400 0 0 0 60 50 WAIT_ACK 0 
b.1 2025-07-01 16:44:01.720 a 2025-07-01-16:43:57 011 167 331 0.1 1.1 4.1 19.8 30.3 731.1 0.00 0 0.0 28.4 24.1 24.4 3.624  -37.8   25.7    0.0  29    6.3   7 0 0 1 1 2 0 20.2 31.8 19.9 32.6 80.0 100 100 20 408 0 143 0 401 401 400 0 0 0 60 50 WAIT_ACK 0 
b.1 2025-07-01 16:45:01.198 a 2025-07-01-16:44:56 084 186 257 0.1 1.6 5.0 19.9 30.0 731.1 0.00 0 0.0 28.6 24.1 24.5 3.624  -35.9   25.8    2.2  29    6.4   5 0 0 1 1 2 0 20.2 31.7 19.9 32.6 80.0 100 100 20 408 0 143 0 401 402 399 0 0 0 59 50 WAIT_ACK 0 
b.1 2025-07-01 16:46:00.723 a 2025-07-01-16:45:56 091 182 278 0.2 1.8 7.8 19.9 30.0 731.1 0.00 0 0.0 28.7 24.1 24.4 3.632  -34.4   25.9    2.2  29    6.3   5 0 0 1 1 2 0 20.2 31.5 20.0 32.4 80.0 100 100 20 408 0 143 0 401 401 400 0 0 0 60 50 WAIT_ACK 0 
b.1 2025-07-01 16:47:01.859 a 2025-07-01-16:46:57 067 197 247 0.1 2.8 7.9 19.9 30.0 731.2 0.00 0 0.0 27.8 24.1 24.4 3.632  -35.4   25.9    2.3  28    6.3   5 0 0 1 1 2 0 20.3 31.5 20.0 32.4 80.0 100 100 20 408 0 143 0 401 401 399 0 0 0 60 50 WAIT_ACK 0 
b.1 2025-07-01 16:48:01.438 a 2025-07-01-16:47:57 266 219 347 0.1 2.2 5.3 19.8 29.8 731.2 0.00 0 0.0 27.2 24.1 24.5 3.626  -36.2   26.0    2.4  28    6.1   5 0 0 1 1 2 0 20.3 31.4 20.0 32.2 80.0 100 100 20 408 0 143 0 401 402 399 0 0 0 60 50 WAIT_ACK 0 
b.1 2025-07-01 16:49:00.302 a 2025-07-01-16:48:55 297 170 328 0.2 1.7 3.3 19.6 30.1 731.2 0.00 0 0.0 27.1 24.1 24.4 3.627  -36.4   25.9    2.3  28    6.1   5 0 0 1 1 2 0 20.3 31.2 20.0 32.2 80.0 100 100 20 408 0 143 0 401 401 399 0 0 0 59 50 WAIT_ACK 0 
b.1 2025-07-01 16:50:01.542 a 2025-07-01-16:49:57 017 182 249 0.1 1.5 7.3 19.4 30.7 731.2 0.00 0 0.0 27.1 24.1 24.5 3.626  -43.0   25.9    2.2  28    6.1   5 0 0 1 1 2 0 20.4 31.2 20.0 32.2 80.0 100 100 20 408 0 143 0 400 401 399 0 0 0 60 50 WAIT_ACK 0 
b.1 2025-07-01 16:51:01.480 a 2025-07-01-16:50:57 061 180 284 0.1 2.0 5.9 19.4 30.1 731.2 0.00 0 0.0 26.3 24.1 24.4 3.627  -39.5   25.8    2.3  28    6.0   7 0 0 1 1 2 0 20.3 31.2 20.0 32.2 80.0 100 100 20 408 0 143 0 401 402 399 0 0 0 59 50 WAIT_ACK 0 
b.1 2025-07-01 16:52:01.183 a 2025-07-01-16:51:56 070 180 351 0.3 2.4 8.4 19.4 30.7 731.2 0.00 0 0.0 24.9 24.1 24.4 3.632  -38.3   25.8    2.6  28    5.8  11 0 0 1 1 2 0 20.3 31.2 19.9 32.2 80.0 100 100 20 408 0 143 0 401 401 400 0 0 0 60 50 WAIT_ACK 0 
b.1 2025-07-01 16:53:01.382 a 2025-07-01-16:52:56 090 170 280 0.2 2.6 5.4 19.2 30.4 731.3 0.00 0 0.0 24.0 24.1 24.5 3.626  -37.2   25.6    2.8  28    5.6  10 0 0 1 1 2 0 20.3 31.1 20.0 32.1 80.0 100 100 20 408 0 143 0 401 401 400 0 0 0 60 50 WAIT_ACK 0 
b.1 2025-07-01 16:54:01.460 a 2025-07-01-16:53:57 110 171 282 0.3 2.4 5.5 19.0 30.7 731.3 0.00 0 0.0 24.7 24.1 24.4 3.624  -38.3   25.3    2.6  28    5.5   5 0 0 1 1 2 0 20.3 31.1 19.9 32.1 80.0 100 100 20 408 0 143 0 401 401 400 0 0 0 60 50 WAIT_ACK 0 
b.1 2025-07-01 16:55:02.348 a 2025-07-01-16:54:57 093 190 297 0.1 2.0 4.4 18.8 31.1 731.3 0.00 0 0.0 25.5 24.1 24.5 3.633  -37.0   25.2    2.5  28    5.5   5 0 0 1 1 2 0 20.3 31.2 19.9 32.1 80.0 100 100 20 408 0 143 0 401 401 399 0 0 0 59 50 WAIT_ACK 0 
b.1 2025-07-01 16:56:01.581 a 2025-07-01-16:55:57 076 200 332 0.1 2.5 5.3 18.8 31.4 731.2 0.00 0 0.0 25.6 24.1 24.5 3.626  -36.8   25.1    2.5  29    5.6   5 0 0 1 1 2 0 20.2 31.3 19.9 32.2 80.0 100 100 20 408 0 143 0 401 401 399 0 0 0 60 50 WAIT_ACK 0 
b.1 2025-07-01 16:57:00.963 a 2025-07-01-16:56:56 037 195 328 0.1 1.8 5.4 18.8 31.1 731.2 0.00 0 0.0 25.8 24.1 24.4 3.626  -36.0   25.1    2.3  29    5.6   5 0 0 1 1 2 0 20.2 31.4 19.9 32.2 80.0 100 100 20 408 0 143 0 402 401 400 0 0 0 60 50 WAIT_ACK 0 
b.1 2025-07-01 16:58:01.045 a 2025-07-01-16:57:56 327 178 350 0.1 1.5 4.3 18.8 31.3 731.2 0.00 0 0.0 26.7 24.1 24.4 3.624  -36.2   25.1    2.2  29    5.7   5 0 0 1 1 2 0 20.2 31.3 19.9 32.2 80.0 100 100 20 408 0 143 0 401 402 399 0 0 0 60 50 WAIT_ACK 0 
b.1 2025-07-01 16:59:00.605 a 2025-07-01-16:58:56 240 182 311 0.2 1.9 7.3 18.9 31.8 731.3 0.00 0 0.0 27.1 24.1 24.4 3.626  -38.2   25.2    2.2  29    5.7   5 0 0 1 1 2 0 20.2 31.4 20.0 32.2 80.0 100 100 20 408 0 143 0 401 401 400 0 0 0 60 50 WAIT_ACK 0 
b.1 2025-07-01 17:00:02.446 a 2025-07-01-16:59:57 046 199 098 0.3 2.3 7.1 19.1 30.4 731.2 0.00 0 0.0 26.8 24.1 24.4 3.626  -37.3   25.2    2.3  28    5.7   5 0 0 1 1 2 0 20.3 31.3 20.0 32.2 80.0 100 100 20 408 0 143 0 401 401 399 0 0 0 59 50 WAIT_ACK 0 
b.1 2025-07-01 17:01:01.861 a 2025-07-01-17:00:57 008 171 309 0.4 2.0 3.7 19.0 30.8 731.2 0.00 0 0.0 26.9 24.1 24.4 3.626  -39.0   25.2    2.3  28    5.6   5 0 0 1 1 2 0 20.3 31.2 20.0 32.0 80.0 100 100 20 408 0 143 0 402 401 400 0 0 0 60 50 WAIT_ACK 0 
b.1 2025-07-01 17:02:00.680 a 2025-07-01-17:01:56 008 176 293 0.3 2.1 6.0 19.0 31.1 731.1 0.00 0 0.0 27.0 24.1 24.4 3.624  -37.3   25.2    2.3  29    5.7   5 0 0 1 1 2 0 20.3 31.2 20.0 32.0 80.0 100 100 20 408 0 143 0 402 401 400 0 0 0 60 50 WAIT_ACK 0 
b.1 2025-07-01 17:03:01.226 a 2025-07-01-17:02:56 122 123 283 0.2 2.0 5.6 19.1 31.3 731.2 0.00 0 0.0 27.2 24.1 24.5 3.628  -38.2   25.2    2.3  29    5.7   5 0 0 1 1 2 0 20.3 31.2 20.0 32.1 80.0 100 100 20 408 0 143 0 400 401 399 0 0 0 60 50 WAIT_ACK 0 
b.1 2025-07-01 17:04:02.322 a 2025-07-01-17:03:57 035 142 283 0.2 4.1 8.1 19.2 30.9 731.2 0.00 0 0.0 26.2 24.1 24.4 3.624  -45.1   25.2    3.2  28    5.6  11 0 0 1 1 2 0 20.3 31.3 20.0 32.1 80.0 100 100 20 408 0 143 0 401 401 400 0 0 0 60 50 WAIT_ACK 0 
b.1 2025-07-01 17:05:01.463 a 2025-07-01-17:04:57 234 115 340 0.1 2.1 6.2 19.2 30.9 731.2 0.00 0 0.0 26.4 24.1 24.5 3.626  -34.5   25.2    2.7  28    5.6   9 0 0 1 1 2 0 20.4 31.1 20.1 32.0 80.0 100 100 20 408 0 143 0 401 401 400 0 0 0 60 50 WAIT_ACK 0 
b.1 2025-07-01 17:06:01.842 a 2025-07-01-17:05:57 234 154 309 0.2 2.3 6.6 19.2 31.1 731.3 0.00 0 0.0 26.7 24.1 24.5 3.626  -35.3   25.2    2.7  28    5.6   5 0 0 1 1 2 0 20.4 31.1 20.1 32.0 80.0 100 100 20 408 0 143 0 401 401 400 0 0 0 60 50 WAIT_ACK 0 
b.1 2025-07-01 17:07:01.865 a 2025-07-01-17:06:57 252 112 291 0.1 1.6 6.2 19.3 31.2 731.3 0.00 0 0.0 27.1 24.1 24.5 3.626  -34.3   25.2    2.3  29    5.7   5 0 0 1 1 2 0 20.4 31.0 20.1 31.9 80.0 100 100 20 408 0 143 0 402 401 400 0 0 0 60 50 WAIT_ACK 0 
b.1 2025-07-01 17:08:01.528 a 2025-07-01-17:07:57 087 167 247 0.2 1.0 2.2 19.4 31.4 731.3 0.00 0 0.0 27.7 24.1 24.4 3.632  -35.4   25.2    2.2  29    5.8   5 0 0 1 1 2 0 20.4 31.1 20.1 31.9 80.0 100 100 20 408 0 143 0 401 401 400 0 0 0 60 50 WAIT_ACK 0 
b.1 2025-07-01 17:09:00.546 a 2025-07-01-17:08:56 029 156 247 0.2 1.3 3.7 19.5 31.4 731.3 0.00 0 0.0 27.4 24.1 24.4 3.624  -34.7   25.3    2.1  29    6.0   5 0 0 1 1 2 0 20.4 31.1 20.2 31.9 80.0 100 100 20 408 0 143 0 401 401 400 0 0 0 59 50 WAIT_ACK 0 
b.1 2025-07-01 17:10:00.586 a 2025-07-01-17:09:56 062 183 237 0.3 1.9 4.3 19.6 31.0 731.3 0.00 0 0.0 27.4 24.1 24.4 3.626  -34.9   25.4    2.2  29    6.0   5 0 0 1 1 2 0 20.4 31.2 20.2 32.0 80.0 100 100 20 408 0 143 0 401 401 400 0 0 0 59 50 WAIT_ACK 0 
b.1 2025-07-01 17:11:01.403 a 2025-07-01-17:10:56 027 191 311 0.3 2.5 8.2 19.6 30.8 731.3 0.00 0 0.0 27.1 24.1 24.4 3.631  -36.2   25.5    2.3  29    6.1   6 0 0 1 1 2 0 20.4 31.3 20.2 32.0 80.0 100 100 20 408 0 143 0 401 401 399 0 0 0 60 50 WAIT_ACK 0 
b.1 2025-07-01 17:12:00.743 a 2025-07-01-17:11:56 249 183 298 0.2 1.9 4.5 19.6 30.4 731.3 0.00 0 0.0 27.5 24.1 24.4 3.626  -37.6   25.6    2.3  29    6.1   6 0 0 1 1 2 0 20.5 31.2 20.2 32.0 80.0 100 100 20 408 0 143 0 401 401 400 0 0 0 60 50 WAIT_ACK 0 
b.1 2025-07-01 17:13:01.844 a 2025-07-01-17:12:57 047 189 291 0.1 2.4 6.7 19.6 30.2 731.2 0.00 0 0.0 27.1 24.1 24.4 3.626  -37.8   25.7    2.5  28    6.1   7 0 0 1 1 2 0 20.5 31.2 20.3 32.0 80.0 100 100 20 408 0 143 0 400 401 399 0 0 0 60 50 WAIT_ACK 0 
b.1 2025-07-01 17:14:01.144 a 2025-07-01-17:13:56 038 193 348 0.4 3.5 11.6 19.5 30.6 731.2 0.00 0 0.0 26.5 24.1 24.5 3.626  -42.8   25.8    2.9  28    6.0  11 0 0 1 1 2 0 20.5 31.1 20.3 31.8 80.0 100 100 20 408 0 143 0 401 402 399 0 0 0 60 50 WAIT_ACK 0 
b.1 2025-07-01 17:15:02.348 a 2025-07-01-17:14:57 055 203 315 0.2 2.3 8.5 19.3 30.9 731.3 0.00 0 0.0 26.4 24.1 24.4 3.624  -38.6   25.8    2.6  28    6.0   8 0 0 1 1 2 0 20.6 31.1 20.3 31.8 80.0 100 100 20 408 0 143 0 401 402 400 0 0 0 60 50 WAIT_ACK 0 
b.1 2025-07-01 17:16:02.244 a 2025-07-01-17:15:57 023 180 278 0.0 1.1 3.1 19.3 31.5 731.3 0.00 0 0.0 27.5 24.1 24.4 3.626  -36.2   25.7    2.2  28    6.0   0 0 0 1 1 2 0 20.6 31.1 20.3 31.8 80.0 100 100 20 408 0 143 0 402 401 400 0 0 0 60 50 WAIT_ACK 0 
b.1 2025-07-01 17:17:01.266 a 2025-07-01-17:16:56 249 165 350 0.2 1.9 4.8 19.3 30.9 731.3 0.00 0 0.0 27.9 24.1 24.4 3.626  -37.4   25.7    2.3  28    5.9   5 0 0 1 1 2 0 20.6 31.1 20.3 31.8 80.0 100 100 20 408 0 143 0 401 401 399 0 0 0 59 50 WAIT_ACK 0 
b.1 2025-07-01 17:18:01.305 a 2025-07-01-17:17:56 327 204 000 0.3 2.5 5.4 19.4 30.9 731.3 0.00 0 0.0 27.6 24.1 24.4 3.632  -36.9   25.6    2.4  28    5.9   5 0 0 1 1 2 0 20.6 31.1 20.3 31.8 80.0 100 100 20 408 0 143 0 400 401 400 0 0 0 59 50 WAIT_ACK 0 
b.1 2025-07-01 17:19:01.509 a 2025-07-01-17:18:56 111 135 130 0.1 1.1 3.7 19.4 31.3 731.4 0.00 0 0.0 28.4 24.1 24.4 3.626  -37.4   25.6    2.2  28    6.0   5 0 0 1 1 2 0 20.6 31.2 20.3 32.0 80.0 100 100 20 408 0 143 0 401 401 399 0 0 0 60 50 WAIT_ACK 0 
b.1 2025-07-01 17:20:01.487 a 2025-07-01-17:19:56 005 162 275 0.1 2.4 8.6 19.4 31.1 731.3 0.00 0 0.0 28.2 24.1 24.4 3.624  -37.9   25.6    2.3  28    5.9   5 0 0 1 1 2 0 20.6 31.2 20.3 31.9 80.0 100 100 20 408 0 143 0 401 401 399 0 0 0 59 50 WAIT_ACK 0 
b.1 2025-07-01 17:21:00.971 a 2025-07-01-17:20:56 255 206 341 0.1 1.6 4.6 19.6 30.5 731.3 0.00 0 0.0 28.5 24.1 24.4 3.624  -37.1   25.6    2.2  28    6.0   5 0 0 1 1 2 0 20.6 31.1 20.3 31.9 80.0 100 100 20 408 0 143 0 401 401 400 0 0 0 60 50 WAIT_ACK 0 
b.1 2025-07-01 17:22:01.470 a 2025-07-01-17:21:57 037 193 255 0.2 1.8 6.8 19.6 31.2 731.3 0.00 0 0.0 28.4 24.1 24.5 3.627  -36.5   25.7    2.2  28    6.0   5 0 0 1 1 2 0 20.6 31.2 20.4 32.0 80.0 100 100 20 408 0 143 0 400 401 399 0 0 0 59 50 WAIT_ACK 0 
b.1 2025-07-01 17:23:01.509 a 2025-07-01-17:22:57 060 257 286 0.1 1.1 2.9 19.6 31.1 731.3 0.00 0 0.0 29.0 24.1 24.4 3.627  -35.5   25.7    0.0  29    6.1   0 0 0 1 1 2 0 20.6 31.2 20.4 32.0 80.0 100 100 20 408 0 143 0 400 401 399 0 0 0 60 50 WAIT_ACK 0 
b.1 2025-07-01 17:24:00.532 a 2025-07-01-17:23:56 091 193 346 0.1 1.0 3.6 19.7 31.2 731.3 0.00 0 0.0 30.1 24.1 24.4 3.632  -36.1   25.8    0.0  29    6.2   0 0 0 1 1 2 0 20.6 31.1 20.4 32.0 80.0 100 100 20 408 0 143 0 401 401 400 0 0 0 59 50 WAIT_ACK 0 
b.1 2025-07-01 17:25:02.229 a 2025-07-01-17:24:57 051 153 327 0.2 1.6 3.7 19.8 31.2 731.3 0.00 0 0.0 30.4 24.1 24.4 3.626  -35.8   25.9    2.1  29    6.3   5 0 0 1 1 2 0 20.6 31.3 20.4 32.0 80.0 100 100 20 408 0 143 0 401 401 399 0 0 0 59 50 WAIT_ACK 0 
b.1 2025-07-01 17:26:00.532 a 2025-07-01-17:25:56 112 201 263 0.2 2.6 6.3 19.9 31.1 731.3 0.00 0 0.0 29.5 24.1 24.5 3.626  -37.5   26.0    2.3  29    6.4   5 0 0 1 1 2 0 20.7 31.3 20.4 32.1 80.0 100 100 20 408 0 143 0 401 401 400 0 0 0 59 50 WAIT_ACK 0 
b.1 2025-07-01 17:27:01.776 a 2025-07-01-17:26:57 041 187 314 0.2 2.3 6.4 20.0 30.0 731.3 0.00 0 0.0 28.8 24.1 24.4 3.633  -37.5   26.1    2.4  28    6.3   5 0 0 1 1 2 0 20.7 31.3 20.4 32.1 80.0 100 100 20 408 0 143 0 402 401 400 0 0 0 60 50 WAIT_ACK 0 
b.1 2025-07-01 17:28:01.573 a 2025-07-01-17:27:57 041 200 309 0.1 2.1 4.9 19.9 30.0 731.3 0.00 0 0.0 27.5 24.1 24.4 3.626  -37.9   26.1    2.5  28    6.3   7 0 0 1 1 2 0 20.7 31.2 20.4 32.1 80.0 100 100 20 408 0 143 0 401 401 400 0 0 0 59 50 WAIT_ACK 0 
b.1 2025-07-01 17:29:00.052 a 2025-07-01-17:28:55 115 208 263 0.3 2.8 5.6 19.6 30.4 731.4 0.00 0 0.0 25.4 24.1 24.5 3.626  -35.7   26.1    3.0  28    6.2  10 0 0 1 1 2 0 20.8 31.1 20.4 32.0 80.0 100 100 20 408 0 143 0 401 401 400 0 0 0 60 50 WAIT_ACK 0 
b.1 2025-07-01 17:30:01.793 a 2025-07-01-17:29:57 172 182 206 0.1 1.1 2.9 19.4 30.8 731.3 0.00 0 0.0 25.5 24.1 24.4 3.626  -33.3   26.0    2.3  28    6.1   0 0 0 1 1 2 0 20.7 31.1 20.4 32.0 80.0 100 100 20 408 0 143 0 401 401 399 0 0 0 59 50 WAIT_ACK 0 
b.1 2025-07-01 17:31:00.532 a 2025-07-01-17:30:56 077 195 314 0.6 2.2 6.1 19.2 31.1 731.3 0.00 0 0.0 26.0 24.1 24.4 3.624  -37.8   25.9    2.5  28    6.0   5 0 0 1 1 2 0 20.7 31.2 20.4 32.0 80.0 100 100 20 408 0 143 0 401 401 399 0 0 0 60 50 WAIT_ACK 0 
b.1 2025-07-01 17:32:01.211 a 2025-07-01-17:31:56 101 197 291 0.3 2.4 9.0 19.2 31.2 731.3 0.00 0 0.0 26.3 24.1 24.4 3.626  -39.7   25.9    2.4  28    6.0   5 0 0 1 1 2 0 20.7 31.2 20.4 32.1 80.0 100 100 20 408 0 143 0 401 401 400 0 0 0 59 50 WAIT_ACK 0 
b.1 2025-07-01 17:33:01.434 a 2025-07-01-17:32:56 069 215 327 0.2 3.2 7.6 19.2 30.8 731.3 0.00 0 0.0 25.0 24.1 24.4 3.626  -34.9   25.9    3.1  28    6.1   7 0 0 1 1 2 0 20.7 31.1 20.4 32.0 80.0 100 100 20 408 0 144 0 401 401 400 0 0 0 59 50 WAIT_ACK 0 
b.1 2025-07-01 17:34:00.397 a 2025-07-01-17:33:55 099 207 353 0.2 1.8 5.8 19.2 31.2 731.3 0.00 0 0.0 25.3 24.1 24.5 3.626  -35.9   25.8    2.7  28    6.0   7 0 0 1 1 2 0 20.6 31.1 20.4 32.0 80.0 100 100 20 408 0 143 0 401 401 399 0 0 0 59 50 WAIT_ACK 0 
b.1 2025-07-01 17:35:02.053 a 2025-07-01-17:34:57 280 190 309 0.2 2.4 5.6 19.3 31.1 731.3 0.00 0 0.0 24.9 24.1 24.4 3.626  -35.7   25.8    2.8  28    5.9   7 0 0 1 1 2 0 20.7 31.1 20.4 31.9 80.0 100 100 20 408 0 143 0 401 401 399 0 0 0 59 50 WAIT_ACK 0 
b.1 2025-07-01 17:36:01.017 a 2025-07-01-17:35:56 069 198 276 0.4 2.6 8.4 19.3 31.5 731.3 0.00 0 0.0 24.2 24.1 24.4 3.626  -35.1   25.7    2.7  28    5.8   7 0 0 1 1 2 0 20.6 31.1 20.4 31.9 80.0 100 100 20 408 0 143 0 401 401 400 0 0 0 59 50 WAIT_ACK 0 
b.1 2025-07-01 17:37:01.516 a 2025-07-01-17:36:56 069 202 257 0.2 5.0 10.2 19.3 30.9 731.2 0.00 0 0.0 22.7 24.1 24.4 3.626  -33.1   25.5    4.5  28    5.8  11 0 0 1 1 2 0 20.7 31.0 20.4 31.7 80.0 100 100 20 408 0 143 0 401 401 400 0 0 0 59 50 WAIT_ACK 0 
b.1 2025-07-01 17:38:01.598 a 2025-07-01-17:37:57 222 152 296 0.2 1.5 3.7 19.1 31.7 731.3 0.00 0 0.0 22.9 24.1 24.4 3.626  -32.8   25.4    3.0  28    5.7   5 0 0 1 1 2 0 20.6 31.1 20.4 31.7 80.0 100 100 20 408 0 143 0 401 401 400 0 0 0 59 50 WAIT_ACK 0 
b.1 2025-07-01 17:39:01.535 a 2025-07-01-17:38:57 260 156 335 0.1 1.8 4.5 19.1 31.3 731.2 0.00 0 0.0 23.8 24.1 24.4 3.626  -31.0   25.3    2.8  28    5.7   5 0 0 1 1 2 0 20.6 31.1 20.4 31.7 80.0 100 100 20 408 0 143 0 402 401 399 0 0 0 59 50 WAIT_ACK 0 
b.1 2025-07-01 17:40:01.055 a 2025-07-01-17:39:56 230 179 324 0.1 1.7 3.9 19.1 31.7 731.3 0.00 0 0.0 25.5 24.1 24.4 3.624  -30.4   25.2    2.4  28    5.7   5 0 0 1 1 2 0 20.6 31.1 20.4 31.7 80.0 100 100 20 408 0 143 0 401 402 399 0 0 0 59 50 WAIT_ACK 0 
b.1 2025-07-01 17:41:01.358 a 2025-07-01-17:40:56 247 154 313 0.2 1.4 2.9 19.2 31.8 731.3 0.00 0 0.0 26.8 24.1 24.4 3.627  -31.2   25.2    2.2  29    5.8   5 0 0 1 1 2 0 20.6 31.2 20.4 31.8 80.0 100 100 20 408 0 143 0 401 401 400 0 0 0 59 50 WAIT_ACK 0 
b.1 2025-07-01 17:42:01.296 a 2025-07-01-17:41:56 070 128 089 0.1 0.5 1.9 19.4 32.0 731.3 0.00 0 0.0 28.1 24.1 24.4 3.624  -31.0   25.3    2.1  29    6.0   5 0 0 1 1 2 0 20.6 31.2 20.4 31.8 80.0 100 100 20 408 0 143 0 401 402 399 0 0 0 59 50 WAIT_ACK 0 
b.1 2025-07-01 17:43:02.496 a 2025-07-01-17:42:58 128 159 164 0.1 0.8 3.2 19.6 31.3 731.3 0.00 0 0.0 28.9 24.1 24.5 3.632  -31.6   25.4    2.2  29    6.1   5 0 0 1 1 2 0 20.6 31.2 20.4 31.9 80.0 100 100 20 408 0 143 0 401 401 399 0 0 0 60 50 WAIT_ACK 0 
b.1 2025-07-01 17:44:00.200 a 2025-07-01-17:43:55 034 166 267 0.1 2.0 6.0 19.8 30.9 731.2 0.00 0 0.0 28.6 24.1 24.4 3.626  -31.6   25.5    2.2  29    6.1   5 0 0 1 1 2 0 20.6 31.3 20.4 31.9 80.0 100 100 20 408 0 143 0 401 401 400 0 0 0 59 50 WAIT_ACK 0 
b.1 2025-07-01 17:45:01.440 a 2025-07-01-17:44:56 061 187 282 0.3 2.6 9.5 19.8 30.3 731.2 0.00 0 0.0 27.8 24.1 24.4 3.626  -31.2   25.6    2.4  29    6.0   5 0 0 1 1 2 0 20.6 31.2 20.5 31.8 80.0 100 100 20 408 0 143 0 401 401 400 0 0 0 59 50 WAIT_ACK 0 
b.1 2025-07-01 17:46:01.220 a 2025-07-01-17:45:56 203 212 327 0.2 1.6 4.5 19.7 30.4 731.2 0.00 0 0.0 27.5 24.1 24.4 3.632  -35.8   25.6    2.3  28    6.0   5 0 0 1 1 2 0 20.7 31.1 20.5 31.7 80.0 100 100 20 408 0 143 0 401 402 399 0 0 0 60 50 WAIT_ACK 0 
b.1 2025-07-01 17:47:01.338 a 2025-07-01-17:46:56 049 190 253 0.3 3.7 8.9 19.7 30.2 731.2 0.00 0 0.0 26.0 24.1 24.5 3.626  -34.8   25.6    2.9  28    5.9  10 0 0 1 1 2 0 20.7 31.0 20.5 31.6 80.0 100 100 20 408 0 143 0 401 401 399 0 0 0 60 50 WAIT_ACK 0 
b.1 2025-07-01 17:48:00.338 a 2025-07-01-17:47:55 150 206 233 1.0 4.0 8.4 19.5 30.6 731.2 0.00 0 0.0 23.8 24.1 24.5 3.626  -33.8   25.5    3.9  28    5.8  11 0 0 1 1 2 0 20.7 30.9 20.5 31.6 80.0 100 100 20 408 0 143 0 401 401 399 0 0 0 60 50 WAIT_ACK 0 
b.1 2025-07-01 17:49:01.164 a 2025-07-01-17:48:56 078 187 239 0.2 3.0 7.6 19.3 30.6 731.2 0.00 0 0.0 23.0 24.1 24.4 3.624  -33.3   25.4    4.0  28    5.7  11 0 0 1 1 2 0 20.7 30.9 20.5 31.6 80.0 100 100 20 408 0 143 0 401 401 400 0 0 0 60 50 WAIT_ACK 0 
b.1 2025-07-01 17:50:00.503 a 2025-07-01-17:49:55 061 170 235 0.1 2.5 6.7 19.3 30.6 731.2 0.00 0 0.0 22.5 24.1 24.5 3.626  -31.0   25.3    3.8  28    5.5   0 0 0 1 1 2 0 20.7 30.8 20.4 31.6 80.0 100 100 20 408 0 143 0 401 401 400 0 0 0 59 50 WAIT_ACK 0 
b.1 2025-07-01 17:51:02.140 a 2025-07-01-17:50:57 271 171 318 0.3 2.3 5.5 19.1 30.6 731.2 0.00 0 0.0 22.2 24.1 24.4 3.632  -32.1   25.0    3.3  28    5.3   5 0 0 1 1 2 0 20.6 30.8 20.4 31.5 80.0 100 100 20 408 0 143 0 401 401 399 0 0 0 60 50 WAIT_ACK 0 
b.1 2025-07-01 17:52:00.328 a 2025-07-01-17:51:55 046 174 313 0.2 1.6 4.5 18.9 31.2 731.2 0.00 0 0.0 22.3 24.1 24.5 3.626  -29.2   24.8    2.6  28    5.2   5 0 0 1 1 2 0 20.6 30.9 20.3 31.6 80.0 100 100 20 408 0 143 0 401 401 399 0 0 0 59 50 WAIT_ACK 0 
b.1 2025-07-01 17:53:01.562 a 2025-07-01-17:52:57 092 165 203 0.2 2.5 6.2 18.8 31.5 731.3 0.00 0 0.0 22.9 24.1 24.4 3.626  -27.5   24.5    2.9  29    5.1   5 0 0 1 1 2 0 20.6 30.9 20.3 31.6 80.0 100 100 20 408 0 143 0 401 401 400 0 0 0 60 50 WAIT_ACK 0 
b.1 2025-07-01 17:54:02.062 a 2025-07-01-17:53:57 096 151 244 0.3 2.1 4.7 18.8 31.1 731.3 0.00 0 0.0 24.7 24.1 24.4 3.626  -26.5   24.4    2.6  29    5.1   0 0 0 1 1 2 0 20.6 30.8 20.3 31.7 80.0 100 100 20 408 0 144 0 401 401 400 0 0 0 60 50 WAIT_ACK 0 
b.1 2025-07-01 17:55:01.348 a 2025-07-01-17:54:56 017 109 202 0.4 2.0 3.9 18.8 31.9 731.2 0.00 0 0.0 26.7 24.1 24.4 3.624  -26.5   24.4    2.4  29    5.3   0 0 0 1 1 2 0 20.6 30.9 20.3 31.7 80.0 100 100 20 408 0 144 0 402 401 400 0 0 0 60 50 WAIT_ACK 0 
b.1 2025-07-01 17:56:02.164 a 2025-07-01-17:55:57 047 181 348 0.1 1.2 3.5 19.1 31.9 731.2 0.00 0 0.0 28.4 24.1 24.5 3.626  -27.5   24.5    2.2  29    5.6   5 0 0 1 1 2 0 20.6 30.9 20.4 31.6 80.0 100 100 20 408 0 143 0 402 401 400 0 0 0 60 50 WAIT_ACK 0 
b.1 2025-07-01 17:57:01.546 a 2025-07-01-17:56:57 068 205 330 0.1 0.8 2.1 19.5 31.9 731.2 0.00 0 0.0 29.9 24.1 24.5 3.626  -29.5   24.7    0.0  30    5.8   0 0 0 1 1 2 0 20.7 31.1 20.4 31.7 80.0 100 100 20 408 0 143 0 401 401 400 0 0 0 59 50 WAIT_ACK 0 
b.1 2025-07-01 17:58:00.624 a 2025-07-01-17:57:56 026 154 240 0.2 2.0 6.7 19.8 29.7 731.2 0.00 0 0.0 29.8 24.1 24.4 3.626  -30.9   25.0    2.2  29    5.7   0 0 0 1 1 2 0 20.7 31.0 20.5 31.6 80.0 100 100 20 408 0 143 0 402 401 400 0 0 0 60 50 WAIT_ACK 0 
b.1 2025-07-01 17:59:00.924 a 2025-07-01-17:58:56 018 182 242 0.1 1.8 4.5 20.0 29.4 731.3 0.00 0 0.0 30.0 24.1 24.4 3.633  -33.7   25.2    2.2  29    5.8   5 0 0 1 1 2 0 20.8 30.6 20.5 31.4 80.0 100 100 20 408 0 143 0 401 401 400 0 0 0 59 50 WAIT_ACK 0 
b.1 2025-07-01 18:00:02.030 a 2025-07-01-17:59:57 248 164 329 0.2 1.9 4.7 20.0 29.3 731.3 0.00 0 0.0 30.0 24.1 24.4 3.624  -31.4   25.3    2.2  29    5.8   5 0 0 1 1 2 0 20.8 30.5 20.5 31.3 80.0 100 100 20 408 0 143 0 400 402 400 0 0 0 60 50 WAIT_ACK 0 
b.1 2025-07-01 18:01:00.707 a 2025-07-01-18:00:56 066 160 249 0.1 1.6 4.0 20.0 29.7 731.3 0.00 0 0.0 30.2 24.1 24.4 3.626  -32.2   25.4    2.2  28    5.8   0 0 0 1 1 2 0 20.8 30.5 20.5 31.3 80.0 100 100 20 408 0 143 0 400 402 399 0 0 0 59 50 WAIT_ACK 0 
b.1 2025-07-01 18:02:00.808 a 2025-07-01-18:01:56 022 179 308 0.1 1.1 3.9 20.0 29.4 731.2 0.00 0 0.0 30.7 24.1 24.4 3.629  -31.9   25.5    0.0  28    5.9   0 0 0 1 1 2 0 20.8 30.4 20.5 31.3 80.0 100 100 20 408 0 143 0 401 401 399 0 0 0 60 50 WAIT_ACK 0 
b.1 2025-07-01 18:03:00.365 a 2025-07-01-18:02:55 255 151 352 0.1 1.2 2.4 19.9 29.7 731.2 0.00 0 0.0 31.5 24.2 24.4 3.624  -31.0   25.6    0.0  28    6.0   0 0 0 1 1 2 0 20.8 30.4 20.5 31.3 80.0 100 100 20 408 0 143 0 401 401 400 0 0 0 59 50 WAIT_ACK 0 
b.1 2025-07-01 18:04:01.984 a 2025-07-01-18:03:57 090 182 308 0.3 1.9 6.9 20.0 29.7 731.2 0.00 0 0.0 31.6 24.1 24.4 3.626  -31.6   25.7    2.2  28    6.1   0 0 0 1 1 2 0 20.8 30.5 20.5 31.3 80.0 100 100 20 408 0 143 0 401 402 399 0 0 0 60 50 WAIT_ACK 0 
b.1 2025-07-01 18:04:59.927 a 2025-07-01-18:04:55 036 196 336 0.2 1.6 5.4 20.1 29.7 731.2 0.00 0 0.0 31.1 24.1 24.5 3.626  -32.5   25.9    2.1  28    6.1   0 0 0 1 1 2 0 20.8 30.5 20.6 31.3 80.0 100 100 20 408 0 143 0 401 401 399 0 0 0 59 50 WAIT_ACK 0 
b.1 2025-07-01 18:06:00.648 a 2025-07-01-18:05:56 279 140 357 0.2 1.5 3.4 20.1 30.0 731.2 0.00 0 0.0 31.6 24.1 24.4 3.626  -33.5   26.0    2.1  28    6.1   5 0 0 1 1 2 0 20.9 30.5 20.6 31.2 80.0 100 100 20 408 0 143 0 401 401 400 0 0 0 59 50 WAIT_ACK 0 
b.1 2025-07-01 18:07:02.226 a 2025-07-01-18:06:57 083 145 184 1.3 2.3 5.8 20.2 28.2 731.2 0.00 0 0.0 31.5 24.1 24.4 3.626  -36.4   26.1    2.3  28    6.2   5 0 0 1 1 2 0 20.9 30.3 20.7 31.1 80.0 100 100 20 408 0 143 0 401 401 400 0 0 0 60 50 WAIT_ACK 0 
b.1 2025-07-01 18:08:01.006 a 2025-07-01-18:07:56 240 124 329 0.1 2.8 5.3 20.0 28.9 731.2 0.00 0 0.0 31.0 24.1 24.4 3.627  -32.8   26.3    2.6  28    6.1   5 0 0 1 1 2 0 20.9 30.2 20.7 31.0 80.0 100 100 20 408 0 143 0 401 401 400 0 0 0 60 50 WAIT_ACK 0 
b.1 2025-07-01 18:09:01.651 a 2025-07-01-18:08:57 240 110 329 0.1 1.7 3.6 20.0 29.5 731.1 0.00 0 0.0 31.4 24.1 24.4 3.626  -32.4   26.3    2.4  28    6.2   0 0 0 1 1 2 0 20.9 30.2 20.7 31.0 80.0 100 100 20 408 0 143 0 401 401 399 0 0 0 59 50 WAIT_ACK 0 
b.1 2025-07-01 18:10:02.474 a 2025-07-01-18:09:57 142 008 308 0.2 1.5 3.4 20.1 29.3 731.2 0.00 0 0.0 31.5 24.1 24.4 3.626  -31.2   26.4    2.2  28    6.2   5 0 0 1 1 2 0 21.0 30.1 20.8 30.9 80.0 100 100 20 408 0 143 0 401 401 399 0 0 0 59 50 WAIT_ACK 0 
b.1 2025-07-01 18:11:01.497 a 2025-07-01-18:10:56 270 165 309 0.2 1.6 6.1 20.2 28.6 731.2 0.00 0 0.0 31.4 24.1 24.4 3.626  -38.1   26.5    2.2  28    6.3   5 0 0 1 1 1 0 21.0 30.1 20.8 30.8 80.0 100 100 20 408 0 143 0 401 401 399 0 0 0 60 50 WAIT_ACK 0 
b.1 2025-07-01 18:12:01.471 a 2025-07-01-18:11:56 021 121 286 0.1 0.9 1.7 20.3 28.4 731.3 0.00 0 0.0 31.7 24.1 24.4 3.626  -31.4   26.6    0.0  28    6.5   0 0 0 1 1 2 0 21.0 30.0 20.8 30.8 80.0 100 100 20 408 0 143 0 401 401 400 0 0 0 59 50 WAIT_ACK 0 
b.1 2025-07-01 18:13:01.132 a 2025-07-01-18:12:56 239 109 297 0.1 2.0 3.9 20.3 28.5 731.3 0.00 0 0.0 32.2 24.1 24.5 3.626  -33.8   26.8    2.4  28    6.5   5 0 0 1 1 2 0 21.0 29.9 20.8 30.7 80.0 100 100 20 408 0 143 0 401 402 400 0 0 0 60 50 WAIT_ACK 0 
b.1 2025-07-01 18:14:02.453 a 2025-07-01-18:13:57 135 182 346 0.1 1.5 3.3 20.3 28.8 731.3 0.00 0 0.0 32.0 24.1 24.4 3.626  -36.7   26.9    2.2  27    6.5   5 0 0 1 1 2 0 21.1 29.9 20.8 30.6 80.0 100 100 20 408 0 143 0 401 401 400 0 0 0 59 50 WAIT_ACK 0 
b.1 2025-07-01 18:15:01.371 a 2025-07-01-18:14:56 038 172 300 0.2 1.6 3.7 20.3 28.7 731.3 0.00 0 0.0 30.7 24.1 24.4 3.631  -38.9   27.0    2.3  27    6.5   5 0 0 1 1 1 0 21.1 29.9 20.9 30.6 80.0 100 100 20 408 0 143 0 401 401 400 0 0 0 59 50 WAIT_ACK 0 
b.1 2025-07-01 18:16:01.552 a 2025-07-01-18:15:57 090 160 295 0.3 2.1 5.1 20.3 28.3 731.3 0.00 0 0.0 29.4 24.1 24.4 3.624  -31.9   27.0    2.5  27    6.4   5 0 0 1 1 2 0 21.1 29.8 20.9 30.5 80.0 100 100 20 408 0 143 0 401 401 400 0 0 0 59 50 WAIT_ACK 0 
b.1 2025-07-01 18:17:01.173 a 2025-07-01-18:16:56 168 122 219 0.1 1.5 3.7 20.1 28.7 731.3 0.00 0 0.0 30.0 24.1 24.4 3.626  -32.5   27.0    2.4  27    6.5   5 0 0 1 1 2 0 21.1 29.8 20.9 30.5 80.0 100 100 20 408 0 143 0 401 401 399 0 0 0 60 50 WAIT_ACK 0 
b.1 2025-07-01 18:18:01.812 a 2025-07-01-18:17:57 263 183 303 0.0 0.7 1.6 20.1 29.3 731.3 0.00 0 0.0 31.4 24.1 24.4 3.632  -31.2   27.0    0.0  27    6.5   0 0 0 1 1 2 0 21.1 29.8 20.9 30.5 80.0 100 100 20 408 0 143 0 401 401 399 0 0 0 60 50 WAIT_ACK 0 
b.1 2025-07-01 18:19:00.914 a 2025-07-01-18:18:56 288 236 305 0.1 1.0 3.3 20.2 28.7 731.3 0.00 0 0.0 32.2 24.1 24.5 3.624  -34.0   27.1    2.1  27    6.4   5 0 0 1 1 2 0 21.1 29.8 20.9 30.5 80.0 100 100 20 408 0 143 0 401 401 400 0 0 0 60 50 WAIT_ACK 0 
b.1 2025-07-01 18:20:00.894 a 2025-07-01-18:19:56 179 011 204 0.2 1.3 3.5 20.3 28.6 731.3 0.00 0 0.0 32.2 24.1 24.4 3.624  -29.7   27.2    2.1  27    6.4   0 0 0 1 1 2 0 21.1 29.8 20.9 30.5 80.0 100 100 20 408 0 143 0 401 401 399 0 0 0 60 50 WAIT_ACK 0 
b.1 2025-07-01 18:21:01.049 a 2025-07-01-18:20:56 243 173 319 0.2 1.4 3.9 20.4 28.1 731.3 0.00 0 0.0 31.8 24.1 24.4 3.633  -39.0   27.2    2.2  27    6.4   5 0 0 1 1 2 0 21.1 29.8 20.9 30.5 80.0 100 100 20 408 0 143 0 401 402 400 0 0 0 60 50 WAIT_ACK 0 
b.1 2025-07-01 18:22:02.232 a 2025-07-01-18:21:57 089 165 320 0.2 2.0 4.5 20.4 28.1 731.3 0.00 0 0.0 29.5 24.1 24.4 3.631  -35.9   27.2    2.4  26    6.3   7 0 0 1 1 2 0 21.1 29.8 20.9 30.5 80.0 100 100 20 408 0 143 0 401 401 400 0 0 0 60 50 WAIT_ACK 0 
b.1 2025-07-01 18:23:00.634 a 2025-07-01-18:22:56 023 182 357 0.1 1.3 5.0 20.3 28.7 731.3 0.00 0 0.0 28.9 24.1 24.4 3.626  -38.1   27.1    2.3  26    6.2   7 0 0 1 1 2 0 21.1 29.8 20.9 30.5 80.0 100 100 20 408 0 143 0 401 401 400 0 0 0 59 50 WAIT_ACK 0 
b.1 2025-07-01 18:24:00.095 a 2025-07-01-18:23:55 308 199 354 0.1 1.3 4.0 20.2 29.0 731.3 0.00 0 0.0 27.9 24.1 24.5 3.626  -36.8   27.0    2.2  26    6.0   7 0 0 1 1 2 0 21.1 29.8 20.9 30.3 80.0 100 100 20 408 0 143 0 401 401 399 0 0 0 60 50 WAIT_ACK 0 
b.1 2025-07-01 18:25:01.775 a 2025-07-01-18:24:57 060 190 253 0.2 1.6 6.2 20.2 28.5 731.3 0.00 0 0.0 28.5 24.1 24.4 3.624  -31.2   26.9    2.2  26    5.9   5 0 0 1 1 2 0 21.0 29.7 20.9 30.3 80.0 100 100 20 408 0 143 0 401 401 400 0 0 0 60 50 WAIT_ACK 0 
b.1 2025-07-01 18:26:00.693 a 2025-07-01-18:25:56 110 210 260 0.4 3.3 8.7 20.1 28.4 731.2 0.00 0 0.0 27.9 24.1 24.5 3.626  -35.1   26.8    2.8  26    6.0   5 0 0 1 1 2 0 21.0 29.8 20.8 30.3 80.0 100 100 20 408 0 143 0 401 401 399 0 0 0 60 50 WAIT_ACK 0 
b.1 2025-07-01 18:27:01.857 a 2025-07-01-18:26:57 068 203 349 0.2 1.7 4.7 20.0 29.0 731.3 0.00 0 0.0 27.8 24.1 24.4 3.626  -34.6   26.7    2.5  26    5.9   5 0 0 1 1 2 0 21.0 29.8 20.8 30.4 80.0 100 100 20 408 0 143 0 401 401 399 0 0 0 59 50 WAIT_ACK 0 
b.1 2025-07-01 18:28:00.855 a 2025-07-01-18:27:56 081 192 250 0.2 2.2 5.8 19.9 28.9 731.2 0.00 0 0.0 27.7 24.1 24.4 3.626  -32.2   26.6    2.6  27    5.9   5 0 0 1 1 2 0 21.0 29.8 20.8 30.4 80.0 100 100 20 408 0 144 0 400 402 399 0 0 0 59 50 WAIT_ACK 0 
b.1 2025-07-01 18:29:01.154 a 2025-07-01-18:28:56 069 192 291 0.2 1.6 4.6 19.8 29.2 731.2 0.00 0 0.0 28.5 24.1 24.4 3.626  -29.7   26.6    2.4  27    5.9   5 0 0 1 1 2 0 21.0 29.8 20.8 30.3 80.0 100 100 20 408 0 143 0 401 402 399 0 0 0 59 50 WAIT_ACK 0 
b.1 2025-07-01 18:30:01.038 a 2025-07-01-18:29:56 070 182 279 0.1 1.1 4.7 19.8 30.0 731.2 0.00 0 0.0 29.4 24.1 24.5 3.626  -33.3   26.6    2.2  27    6.0   5 0 0 1 1 2 0 21.0 29.8 20.8 30.3 80.0 100 100 20 408 0 143 0 401 401 400 0 0 0 59 50 WAIT_ACK 0 
b.1 2025-07-01 18:31:00.937 a 2025-07-01-18:30:56 258 138 318 0.1 1.5 4.7 19.9 28.9 731.2 0.00 0 0.0 30.0 24.1 24.4 3.623  -30.6   26.7    2.1  27    5.9   5 0 0 1 1 2 0 21.0 29.9 20.8 30.3 80.0 100 100 20 408 0 143 0 401 401 399 0 0 0 59 50 WAIT_ACK 0 
b.1 2025-07-01 18:32:01.624 a 2025-07-01-18:31:57 017 175 280 0.1 1.7 6.2 19.9 29.1 731.2 0.00 0 0.0 29.7 24.1 24.4 3.626  -32.1   26.7    2.2  27    5.9   5 0 0 1 1 2 0 21.0 29.8 20.8 30.4 80.0 100 100 20 408 0 143 0 401 401 399 0 0 0 59 50 WAIT_ACK 0 
b.1 2025-07-01 18:33:01.561 a 2025-07-01-18:32:57 315 172 350 0.2 1.7 4.7 20.0 28.7 731.2 0.00 0 0.0 30.5 24.1 24.5 3.626  -29.7   26.6    2.2  26    5.8   0 0 0 1 1 2 0 21.0 29.8 20.8 30.3 80.0 100 100 20 408 0 143 0 402 401 400 0 0 0 59 50 WAIT_ACK 0 
b.1 2025-07-01 18:34:01.719 a 2025-07-01-18:33:57 009 160 316 0.1 1.4 4.7 20.1 29.3 731.2 0.00 0 0.0 31.3 24.1 24.5 3.628  -29.6   26.6    0.0  27    5.9   0 0 0 1 1 2 0 21.1 29.8 20.9 30.3 80.0 100 100 20 408 0 143 0 401 401 399 0 0 0 59 50 WAIT_ACK 0 
b.1 2025-07-01 18:35:01.940 a 2025-07-01-18:34:57 302 120 328 0.2 2.3 6.3 20.2 28.9 731.2 0.00 0 0.0 31.9 24.1 24.4 3.626  -32.2   26.6    2.3  27    5.9   5 0 0 1 1 2 0 21.1 29.8 20.9 30.3 80.0 100 100 20 408 0 143 0 401 401 400 0 0 0 59 50 WAIT_ACK 0 
b.1 2025-07-01 18:36:00.818 a 2025-07-01-18:35:56 053 134 256 0.1 1.9 5.2 20.4 28.5 731.1 0.00 0 0.0 30.7 24.1 24.4 3.626  -30.2   26.7    2.3  26    5.8   5 0 0 1 1 2 0 21.1 29.6 20.9 30.2 80.0 100 100 20 408 0 143 0 401 401 400 0 0 0 59 50 WAIT_ACK 0 
b.1 2025-07-01 18:37:02.250 a 2025-07-01-18:36:57 202 134 319 0.2 1.3 3.5 20.4 28.5 731.1 0.00 0 0.0 30.6 24.1 24.4 3.632  -31.4   26.6    2.2  27    5.8   0 0 0 1 1 2 0 21.2 29.6 21.0 30.2 80.0 100 100 20 408 0 143 0 401 401 399 0 0 0 59 50 WAIT_ACK 0 
b.1 2025-07-01 18:38:02.078 a 2025-07-01-18:37:57 114 188 278 0.1 1.9 4.8 20.5 28.3 731.2 0.00 0 0.0 30.2 24.1 24.5 3.626  -30.8   26.6    2.2  27    5.8   5 0 0 1 1 2 0 21.2 29.6 21.0 30.2 80.0 100 100 20 408 0 143 0 401 401 399 0 0 0 59 50 WAIT_ACK 0 
b.1 2025-07-01 18:39:01.000 a 2025-07-01-18:38:56 015 182 274 0.1 1.3 3.4 20.5 28.3 731.2 0.00 0 0.0 30.7 24.2 24.4 3.626  -30.1   26.6    2.2  27    5.8   0 0 0 1 1 2 0 21.1 29.6 21.0 30.2 80.0 100 100 20 408 0 143 0 401 401 400 0 0 0 60 50 WAIT_ACK 0 
b.1 2025-07-01 18:40:00.421 a 2025-07-01-18:39:55 132 192 329 0.0 0.9 3.4 20.5 28.6 731.2 0.00 0 0.0 31.7 24.1 24.4 3.633  -29.5   26.6    0.0  27    5.9   0 0 0 1 1 2 0 21.1 29.7 21.0 30.2 80.0 100 100 20 408 0 143 0 400 402 399 0 0 0 59 50 WAIT_ACK 0 
b.1 2025-07-01 18:41:00.964 a 2025-07-01-18:40:56 078 134 294 0.3 2.4 4.8 20.5 28.5 731.3 0.00 0 0.0 32.0 24.1 24.5 3.626  -33.0   26.6    2.4  27    5.9   5 0 0 1 1 2 0 21.1 29.7 21.0 30.2 80.0 100 100 20 408 0 143 0 400 401 399 0 0 0 59 50 WAIT_ACK 0 
b.1 2025-07-01 18:42:02.180 a 2025-07-01-18:41:57 186 137 271 0.0 0.8 3.1 20.6 28.2 731.2 0.00 0 0.0 32.6 24.1 24.4 3.624  -30.2   26.7    0.0  27    5.9   0 0 0 1 1 2 0 21.1 29.6 21.0 30.2 80.0 100 100 20 408 0 143 0 401 401 399 0 0 0 59 50 WAIT_ACK 0 
b.1 2025-07-01 18:43:00.960 a 2025-07-01-18:42:56 279 140 286 0.1 1.1 3.9 20.6 28.2 731.2 0.00 0 0.0 33.5 24.1 24.4 3.626  -29.7   26.8    0.0  27    6.0   0 0 0 1 1 2 0 21.2 29.6 21.0 30.1 80.0 100 100 20 408 0 143 0 401 401 400 0 0 0 60 50 WAIT_ACK 0 
b.1 2025-07-01 18:44:01.622 a 2025-07-01-18:43:57 105 142 341 0.1 0.8 3.7 20.6 28.8 731.2 0.00 0 0.0 34.5 24.1 24.4 3.626  -31.2   26.8    0.0  27    6.1   0 0 0 1 1 2 0 21.2 29.6 21.0 30.0 80.0 100 100 20 408 0 143 0 401 401 399 0 0 0 59 50 WAIT_ACK 0 
b.1 2025-07-01 18:45:01.880 a 2025-07-01-18:44:57 272 124 328 0.0 0.8 3.1 20.7 28.0 731.2 0.00 0 0.0 34.9 24.1 24.4 3.626  -30.5   26.9    0.0  27    6.2   0 0 0 1 1 2 0 21.2 29.6 21.0 30.1 80.0 100 100 20 408 0 143 0 401 401 399 0 0 0 60 50 WAIT_ACK 0 
b.1 2025-07-01 18:46:01.582 a 2025-07-01-18:45:56 171 106 206 0.2 0.9 2.4 20.8 27.9 731.2 0.00 0 0.0 35.5 24.1 24.4 3.623  -31.5   27.0    0.0  27    6.2   0 0 0 1 1 2 0 21.2 29.6 21.1 30.0 80.0 100 100 20 408 0 143 0 401 401 399 0 0 0 59 50 WAIT_ACK 0 
b.1 2025-07-01 18:47:00.184 a 2025-07-01-18:46:55 052 214 191 0.2 1.0 2.8 20.9 27.2 731.2 0.00 0 0.0 35.8 24.1 24.4 3.624  -31.9   27.2    0.0  27    6.4   5 0 0 1 1 2 0 21.1 29.7 21.1 30.0 80.0 100 100 20 408 0 143 0 402 401 400 0 0 0 60 50 WAIT_ACK 0 
b.1 2025-07-01 18:48:00.726 a 2025-07-01-18:47:56 122 035 131 0.1 1.0 3.3 21.0 27.2 731.2 0.00 0 0.0 36.4 24.1 24.4 3.627  -33.0   27.3    2.2  27    6.4   0 0 0 1 1 2 0 21.2 29.6 21.1 30.0 80.0 100 100 20 408 0 143 0 401 401 399 0 0 0 60 50 WAIT_ACK 0 
b.1 2025-07-01 18:49:00.707 a 2025-07-01-18:48:56 069 195 236 0.2 2.6 7.6 20.9 27.3 731.2 0.00 0 0.0 34.1 24.1 24.4 3.624  -32.6   27.4    2.4  26    6.3   5 0 0 1 1 2 0 21.2 29.5 21.1 29.9 80.0 100 100 20 408 0 143 0 401 401 400 0 0 0 60 50 WAIT_ACK 0 
b.1 2025-07-01 18:50:01.963 a 2025-07-01-18:49:57 053 197 234 0.2 2.2 6.0 20.9 27.2 731.3 0.00 0 0.0 32.3 24.1 24.4 3.623  -37.1   27.5    2.5  26    6.3   5 0 0 1 1 2 0 21.2 29.3 21.1 29.8 80.0 100 100 20 408 0 143 0 402 401 400 0 0 0 60 50 WAIT_ACK 0 
b.1 2025-07-01 18:51:02.023 a 2025-07-01-18:50:57 090 175 286 0.1 1.2 3.9 20.6 27.3 731.3 0.00 0 0.0 30.8 24.1 24.4 3.626  -33.1   27.5    2.3  26    6.2   5 0 0 1 1 2 0 21.3 29.2 21.1 29.8 80.0 100 100 20 408 0 143 0 401 401 399 0 0 0 60 50 WAIT_ACK 0 
b.1 2025-07-01 18:52:00.947 a 2025-07-01-18:51:56 018 294 346 0.0 0.4 1.8 20.5 27.6 731.3 0.00 0 0.0 30.7 24.1 24.4 3.626  -33.9   27.4    0.0  26    6.1   5 0 0 1 1 2 0 21.3 29.2 21.1 29.7 80.0 100 100 20 408 0 143 0 402 401 400 0 0 0 60 50 WAIT_ACK 0 
b.1 2025-07-01 18:53:01.026 a 2025-07-01-18:52:56 305 226 339 0.1 1.0 3.8 20.5 27.2 731.2 0.00 0 0.0 30.2 24.1 24.4 3.632  -29.5   27.4    2.1  26    6.0   5 0 0 1 1 2 0 21.2 29.2 21.1 29.6 80.0 100 100 20 408 0 143 0 401 401 399 0 0 0 59 50 WAIT_ACK 0 
b.1 2025-07-01 18:54:02.226 a 2025-07-01-18:53:57 061 162 238 0.4 3.0 6.9 20.5 27.2 731.2 0.00 0 0.0 29.0 24.1 24.4 3.633  -35.2   27.3    2.6  26    5.9   5 0 0 1 1 2 0 21.2 29.1 21.1 29.5 80.0 100 100 20 408 0 143 0 401 401 400 0 0 0 60 50 WAIT_ACK 0 
b.1 2025-07-01 18:55:02.523 a 2025-07-01-18:54:57 164 123 312 0.1 1.5 6.1 20.4 27.1 731.2 0.00 0 0.0 29.3 24.1 24.4 3.626  -27.2   27.1    2.3  26    5.7   0 0 0 1 1 2 0 21.2 29.1 21.1 29.5 80.0 100 100 20 408 0 143 0 401 402 399 0 0 0 60 50 WAIT_ACK 0 
b.1 2025-07-01 18:56:00.884 a 2025-07-01-18:55:56 236 132 326 0.1 1.3 5.4 20.3 27.8 731.2 0.00 0 0.0 30.8 24.1 24.5 3.632  -29.2   27.0    2.2  26    5.7   5 0 0 1 1 2 0 21.2 29.1 21.1 29.5 80.0 100 100 20 408 0 143 0 402 401 400 0 0 0 60 50 WAIT_ACK 0 
b.1 2025-07-01 18:57:01.424 a 2025-07-01-18:56:56 013 191 150 0.2 2.1 7.0 20.3 27.5 731.2 0.00 0 0.0 31.2 24.1 24.4 3.624  -29.0   26.9    2.3  26    5.7   0 0 0 1 1 2 0 21.2 29.1 21.1 29.5 80.0 100 100 20 408 0 143 0 400 401 400 0 0 0 59 50 WAIT_ACK 0 
b.1 2025-07-01 18:58:00.948 a 2025-07-01-18:57:56 161 150 288 0.1 1.2 5.0 20.4 27.6 731.2 0.00 0 0.0 31.7 24.1 24.4 3.624  -29.6   26.9    2.2  26    5.7   0 0 0 1 1 2 0 21.2 29.1 21.1 29.4 80.0 100 100 20 408 0 143 0 401 401 399 0 0 0 60 50 WAIT_ACK 0 
b.1 2025-07-01 18:59:00.467 a 2025-07-01-18:58:55 155 255 320 0.1 1.1 3.4 20.5 27.4 731.2 0.00 0 0.0 32.1 24.1 24.4 3.624  -27.4   26.9    2.2  26    5.7   0 0 0 1 1 2 0 21.2 29.0 21.1 29.4 80.0 100 100 20 408 0 143 0 401 401 399 0 0 0 59 50 WAIT_ACK 0 
b.1 2025-07-01 19:00:01.528 a 2025-07-01-18:59:56 073 094 327 0.1 0.4 1.2 20.5 27.8 731.2 0.00 0 0.0 33.9 24.1 24.4 3.626  -25.7   26.9    0.0  26    5.7   0 0 0 1 1 2 0 21.2 29.1 21.1 29.4 80.0 100 100 20 408 0 143 0 401 401 400 0 0 0 60 50 WAIT_ACK 0 
b.1 2025-07-01 19:01:01.086 a 2025-07-01-19:00:56 062 033 092 0.1 0.9 2.6 20.7 28.1 731.2 0.00 0 0.0 35.4 24.1 24.4 3.624  -27.7   26.9    2.2  26    5.9   0 0 0 1 1 2 0 21.2 29.1 21.1 29.4 80.0 100 100 20 408 0 143 0 401 401 400 0 0 0 59 50 WAIT_ACK 0 
b.1 2025-07-01 19:02:01.805 a 2025-07-01-19:01:57 010 221 312 0.0 0.9 2.0 20.9 27.1 731.2 0.00 0 0.0 36.3 24.1 24.4 3.624  -27.4   27.1    0.0  26    6.1   0 0 0 1 1 2 0 21.2 29.0 21.1 29.4 80.0 100 100 20 408 0 143 0 400 402 399 0 0 0 59 50 WAIT_ACK 0 
b.1 2025-07-01 19:03:00.846 a 2025-07-01-19:02:56 004 218 332 0.0 1.8 5.6 20.9 27.0 731.2 0.00 0 0.0 35.6 24.1 24.4 3.626  -27.2   27.2    2.3  26    6.0   0 0 0 1 1 2 0 21.2 29.1 21.2 29.4 80.0 100 100 20 408 0 143 0 401 401 400 0 0 0 59 50 WAIT_ACK 0 
b.1 2025-07-01 19:04:00.407 a 2025-07-01-19:03:55 260 185 299 0.2 1.5 4.7 21.0 26.6 731.2 0.00 0 0.0 35.1 24.1 24.4 3.623  -27.2   27.3    2.2  26    6.1   0 0 0 1 1 2 0 21.2 29.1 21.2 29.4 80.0 100 100 20 408 0 143 0 401 401 399 0 0 0 59 50 WAIT_ACK 0 
b.1 2025-07-01 19:05:01.737 a 2025-07-01-19:04:57 075 194 346 0.1 1.0 3.7 21.0 26.8 731.2 0.00 0 0.0 35.8 24.1 24.4 3.626  -28.9   27.5    0.0  26    6.2   0 0 0 1 1 2 0 21.2 29.1 21.2 29.4 80.0 100 100 20 408 0 143 0 401 401 399 0 0 0 59 50 WAIT_ACK 0 
b.1 2025-07-01 19:06:01.430 a 2025-07-01-19:05:56 035 062 125 0.1 0.9 2.3 21.1 27.0 731.2 0.00 0 0.0 36.8 24.1 24.4 3.627  -28.6   27.6    2.1  26    6.3   0 0 0 1 1 2 0 21.2 29.1 21.2 29.3 80.0 100 100 20 408 0 143 0 401 401 399 0 0 0 59 50 WAIT_ACK 0 
b.1 2025-07-01 19:07:02.234 a 2025-07-01-19:06:57 040 184 336 0.1 1.6 5.5 21.1 26.7 731.3 0.00 0 0.0 35.8 24.1 24.4 3.626  -28.8   27.7    2.2  26    6.3   5 0 0 1 1 2 0 21.2 29.1 21.3 29.3 80.0 100 100 20 408 0 143 0 401 401 399 0 0 0 59 50 WAIT_ACK 0 
b.1 2025-07-01 19:08:02.069 a 2025-07-01-19:07:57 026 184 286 0.2 1.6 3.6 21.1 26.0 731.3 0.00 0 0.0 35.0 24.1 24.4 3.624  -35.3   27.8    2.2  26    6.3   5 0 0 1 1 2 0 21.3 29.1 21.3 29.2 80.0 100 100 20 408 0 143 0 401 401 400 0 0 0 59 50 WAIT_ACK 0 
b.1 2025-07-01 19:09:00.391 a 2025-07-01-19:08:55 244 189 310 0.1 1.6 4.8 21.0 26.7 731.3 0.00 0 0.0 32.8 24.1 24.4 3.632  -35.9   27.9    2.3  25    6.2   5 0 0 1 1 2 0 21.3 28.9 21.3 29.2 80.0 100 100 20 408 0 143 0 401 401 399 0 0 0 59 50 WAIT_ACK 0 
b.1 2025-07-01 19:10:02.349 a 2025-07-01-19:09:57 069 204 267 0.2 2.1 5.2 20.8 26.5 731.3 0.00 0 0.0 30.2 24.1 24.4 3.626  -34.0   27.8    2.4  25    5.9   8 0 0 1 1 2 0 21.3 28.9 21.3 29.0 80.0 100 100 20 408 0 143 0 401 401 400 0 0 0 60 50 WAIT_ACK 0 
b.1 2025-07-01 19:11:01.913 a 2025-07-01-19:10:57 285 166 321 0.1 1.2 3.7 20.6 27.2 731.3 0.00 0 0.0 29.3 24.1 24.4 3.626  -30.6   27.6    2.3  25    5.8   8 0 0 1 1 2 0 21.3 28.8 21.2 29.1 80.0 100 100 20 408 0 143 0 401 401 400 0 0 0 60 50 WAIT_ACK 0 
b.1 2025-07-01 19:12:01.430 a 2025-07-01-19:11:56 061 185 342 0.2 1.8 4.1 20.4 26.7 731.2 0.00 0 0.0 29.9 24.1 24.4 3.633  -28.4   27.5    2.3  25    5.7   5 0 0 1 1 2 0 21.2 28.7 21.2 29.1 80.0 100 100 20 408 0 143 0 402 401 399 0 0 0 59 50 WAIT_ACK 0 
b.1 2025-07-01 19:13:00.851 a 2025-07-01-19:12:56 053 131 194 0.1 1.4 2.3 20.2 27.6 731.2 0.00 0 0.0 30.8 24.1 24.4 3.624  -29.0   27.3    2.3  25    5.7   0 0 0 1 1 2 0 21.3 28.7 21.2 29.1 80.0 100 100 20 408 0 143 0 401 401 400 0 0 0 60 50 WAIT_ACK 0 
b.1 2025-07-01 19:14:02.131 a 2025-07-01-19:13:57 067 234 295 0.1 2.0 5.3 20.2 27.5 731.2 0.00 0 0.0 30.0 24.1 24.4 3.626  -28.8   27.3    2.4  25    5.8   5 0 0 1 1 2 0 21.2 28.7 21.2 29.0 80.0 100 100 20 408 0 143 0 401 401 400 0 0 0 60 50 WAIT_ACK 0 
b.1 2025-07-01 19:15:01.615 a 2025-07-01-19:14:56 132 155 152 0.1 0.9 2.8 20.1 28.1 731.2 0.00 0 0.0 31.0 24.1 24.4 3.632  -25.0   27.3    2.2  25    5.8   0 0 0 1 1 2 0 21.2 28.8 21.2 29.0 80.0 100 100 20 408 0 143 0 402 401 400 0 0 0 60 50 WAIT_ACK 0 
b.1 2025-07-01 19:16:00.536 a 2025-07-01-19:15:55 074 319 100 0.2 1.1 3.3 20.3 27.7 731.3 0.00 0 0.0 32.6 24.1 24.4 3.623  -25.5   27.3    2.2  26    5.8   0 0 0 1 1 2 0 21.2 28.8 21.2 29.1 80.0 100 100 20 408 0 143 0 401 401 400 0 0 0 59 50 WAIT_ACK 0 
b.1 2025-07-01 19:17:01.076 a 2025-07-01-19:16:56 090 203 286 0.2 1.8 4.8 20.5 27.6 731.3 0.00 0 0.0 33.1 24.1 24.4 3.624  -25.3   27.3    2.2  26    6.0   0 0 0 1 1 2 0 21.3 28.8 21.2 29.0 80.0 100 100 20 408 0 143 0 402 401 400 0 0 0 60 50 WAIT_ACK 0 
b.1 2025-07-01 19:18:01.615 a 2025-07-01-19:17:57 025 165 268 0.2 1.4 3.6 20.7 27.3 731.3 0.00 0 0.0 34.2 24.2 24.4 3.624  -23.5   27.5    2.2  25    6.0   0 0 0 2 1 2 0 21.3 28.8 21.3 29.0 80.0 100 100 20 408 0 143 0 400 402 399 0 0 0 59 50 WAIT_ACK 0 
b.1 2025-07-01 19:19:01.032 a 2025-07-01-19:18:56 056 175 281 0.2 1.6 4.9 20.9 26.6 731.3 0.00 0 0.0 33.5 24.1 24.4 3.624  -36.1   27.6    2.2  25    5.9   5 0 0 1 1 2 0 21.3 28.8 21.3 29.0 80.0 100 100 20 408 0 143 0 401 401 400 0 0 0 59 50 WAIT_ACK 0 
b.1 2025-07-01 19:20:02.657 a 2025-07-01-19:19:58 064 356 317 0.2 1.3 3.7 20.9 26.2 731.2 0.00 0 0.0 31.4 24.1 24.4 3.626  -31.0   27.6    2.3  25    5.8   7 0 0 1 1 2 0 21.3 28.7 21.3 29.0 80.0 100 100 20 408 0 143 0 401 401 399 0 0 0 59 50 WAIT_ACK 0 
b.1 2025-07-01 19:21:02.000 a 2025-07-01-19:20:57 096 330 217 0.3 2.1 3.9 20.9 26.7 731.1 0.00 0 0.0 29.8 24.1 24.4 3.626  -32.1   27.5    2.6  25    5.8   9 0 0 1 1 2 0 21.3 28.6 21.3 28.9 80.0 100 100 20 408 0 143 0 400 401 399 0 0 0 60 50 WAIT_ACK 0 
b.1 2025-07-01 19:22:02.174 a 2025-07-01-19:21:57 221 161 284 0.0 1.1 2.6 20.8 27.8 731.2 0.00 0 0.0 29.2 24.1 24.4 3.626  -32.6   27.5    2.3  25    5.8   0 0 0 1 1 2 0 21.3 28.6 21.3 28.9 80.0 100 100 20 408 0 143 0 400 401 399 0 0 0 59 50 WAIT_ACK 0 
b.1 2025-07-01 19:23:00.960 a 2025-07-01-19:22:56 094 177 249 0.1 1.2 3.8 20.8 26.4 731.2 0.00 0 0.0 28.8 24.1 24.5 3.624  -27.7   27.4    2.2  25    5.7   0 0 0 1 1 2 0 21.4 28.6 21.3 28.9 80.0 100 100 20 408 0 143 0 401 401 399 0 0 0 59 50 WAIT_ACK 0 
b.1 2025-07-01 19:24:01.575 a 2025-07-01-19:23:56 103 299 125 0.1 0.9 3.1 20.7 26.1 731.2 0.00 0 0.0 30.4 24.1 24.4 3.626  -29.1   27.3    2.2  25    5.6   0 0 0 1 1 2 0 21.3 28.6 21.3 28.9 80.0 100 100 20 408 0 143 0 402 401 400 0 0 0 60 50 WAIT_ACK 0 
b.1 2025-07-01 19:25:01.178 a 2025-07-01-19:24:56 108 298 191 0.1 1.3 3.1 20.7 26.1 731.2 0.00 0 0.0 30.5 24.1 24.4 3.633  -31.1   27.3    2.3  25    5.6   5 0 0 1 1 2 0 21.3 28.5 21.3 28.7 80.0 100 100 20 408 0 143 0 402 401 400 0 0 0 59 50 WAIT_ACK 0 
b.1 2025-07-01 19:26:01.818 a 2025-07-01-19:25:57 077 228 322 0.2 1.4 3.4 20.7 26.8 731.2 0.00 0 0.0 30.0 24.1 24.5 3.632  -28.6   27.3    2.3  25    5.5   5 0 0 1 1 2 0 21.3 28.3 21.3 28.7 80.0 100 100 20 408 0 143 0 401 401 400 0 0 0 59 50 WAIT_ACK 0 
b.1 2025-07-01 19:27:01.055 a 2025-07-01-19:26:56 093 302 232 0.2 2.3 5.3 20.7 26.4 731.2 0.00 0 0.0 28.9 24.1 24.5 3.626  -34.6   27.2    2.6  25    5.5   5 0 0 1 1 2 0 21.2 28.3 21.2 28.5 80.0 100 100 20 408 0 143 0 402 401 400 0 0 0 60 50 WAIT_ACK 0 
b.1 2025-07-01 19:28:01.776 a 2025-07-01-19:27:57 025 200 351 0.1 1.8 4.1 20.7 26.4 731.2 0.00 0 0.0 27.7 24.1 24.4 3.626  -27.2   27.1    2.6  25    5.3   5 0 0 1 1 2 0 21.2 28.3 21.2 28.5 80.0 100 100 20 408 0 143 0 401 401 399 0 0 0 59 50 WAIT_ACK 0 
b.1 2025-07-01 19:29:01.020 a 2025-07-01-19:28:56 291 142 325 0.1 0.8 2.6 20.7 26.5 731.2 0.00 0 0.0 29.8 24.1 24.5 3.626  -24.6   26.9    2.1  25    5.2   0 0 0 2 1 2 0 21.2 28.3 21.2 28.6 80.0 100 100 20 408 0 143 0 402 401 400 0 0 0 59 50 WAIT_ACK 0 
b.1 2025-07-01 19:30:01.140 a 2025-07-01-19:29:56 012 251 301 0.1 1.1 3.2 20.6 26.7 731.2 0.00 0 0.0 31.7 24.1 24.4 3.626  -26.1   26.9    2.3  25    5.4   0 0 0 1 1 2 0 21.2 28.4 21.2 28.5 80.0 100 100 20 408 0 143 0 401 401 399 0 0 0 60 50 WAIT_ACK 0 
b.1 2025-07-01 19:31:01.862 a 2025-07-01-19:30:57 182 019 192 0.1 1.0 2.8 20.7 26.6 731.2 0.00 0 0.0 33.0 24.1 24.4 3.624  -26.7   26.9    0.0  25    5.5   0 0 0 1 1 2 0 21.2 28.5 21.2 28.6 80.0 100 100 20 408 0 143 0 400 401 399 0 0 0 60 50 WAIT_ACK 0 
b.1 2025-07-01 19:32:01.239 a 2025-07-01-19:31:56 113 014 164 0.1 0.8 2.1 20.9 26.9 731.2 0.00 0 0.0 34.4 24.1 24.4 3.624  -27.4   27.0    0.0  25    5.5   0 0 0 1 1 2 0 21.2 28.4 21.2 28.6 80.0 100 100 20 408 0 143 0 401 401 400 0 0 0 59 50 WAIT_ACK 0 
b.1 2025-07-01 19:33:01.381 a 2025-07-01-19:32:56 228 212 261 0.1 0.8 2.4 21.1 26.8 731.2 0.00 0 0.0 35.4 24.1 24.5 3.624  -26.8   27.1    0.0  25    5.5   0 0 0 1 1 2 0 21.2 28.4 21.2 28.5 80.0 100 100 20 408 0 143 0 401 401 399 0 0 0 60 50 WAIT_ACK 0 
b.1 2025-07-01 19:34:01.839 a 2025-07-01-19:33:57 013 167 022 0.1 0.9 2.5 21.3 25.4 731.1 0.00 0 0.0 36.4 24.1 24.4 3.633  -26.4   27.2    0.0  25    5.6   0 0 0 1 1 2 0 21.3 28.2 21.3 28.5 80.0 100 100 20 408 0 143 0 400 401 399 0 0 0 59 50 WAIT_ACK 0 
b.1 2025-07-01 19:35:01.262 a 2025-07-01-19:34:56 020 142 054 0.1 1.3 3.2 21.4 25.2 731.2 0.00 0 0.0 37.0 24.1 24.4 3.624  -27.9   27.3    2.1  25    5.7   0 0 0 1 1 2 0 21.3 28.3 21.3 28.4 80.0 100 100 20 408 0 143 0 401 401 400 0 0 0 60 50 WAIT_ACK 0 
b.1 2025-07-01 19:36:02.640 a 2025-07-01-19:35:57 281 101 328 0.1 0.6 1.8 21.5 26.5 731.2 0.00 0 0.0 38.0 24.1 24.4 3.626  -30.2   27.5    2.1  25    5.9   0 0 0 1 1 2 0 21.3 28.4 21.3 28.6 80.0 100 100 20 408 0 143 0 401 401 400 0 0 0 59 50 WAIT_ACK 0 
b.1 2025-07-01 19:37:00.476 a 2025-07-01-19:36:55 062 122 310 0.1 1.2 2.6 21.7 26.5 731.2 0.00 0 0.0 38.0 24.1 24.4 3.626  -27.6   27.7    2.2  25    6.0   0 0 0 1 1 2 0 21.4 28.3 21.4 28.6 80.0 100 100 20 408 0 143 0 402 401 400 0 0 0 59 50 WAIT_ACK 0 
b.1 2025-07-01 19:38:00.421 a 2025-07-01-19:37:55 077 179 291 0.1 1.2 2.8 21.8 24.2 731.2 0.00 0 0.0 38.0 24.1 24.4 3.624  -26.8   27.8    0.0  25    5.9   0 0 0 1 1 2 0 21.4 28.4 21.4 28.6 80.0 100 100 20 408 0 143 0 401 401 400 0 0 0 60 50 WAIT_ACK 0 
b.1 2025-07-01 19:39:00.782 a 2025-07-01-19:38:56 187 106 285 0.2 1.6 2.8 21.8 25.2 731.2 0.00 0 0.0 38.4 24.1 24.4 3.624  -27.3   27.9    2.2  25    5.9   0 0 0 1 1 2 0 21.4 28.4 21.4 28.6 80.0 100 100 20 408 0 143 0 401 401 400 0 0 0 59 50 WAIT_ACK 0 
b.1 2025-07-01 19:40:01.841 a 2025-07-01-19:39:57 076 078 131 0.3 1.9 3.9 21.8 25.3 731.2 0.00 0 0.0 38.4 24.1 24.4 3.623  -27.1   28.0    2.3  25    6.0   5 0 0 1 1 2 0 21.4 28.5 21.4 28.6 80.0 100 100 20 408 0 143 0 401 401 400 0 0 0 59 50 WAIT_ACK 0 
b.1 2025-07-01 19:41:01.161 a 2025-07-01-19:40:56 070 125 187 1.9 3.3 5.6 21.5 24.1 731.2 0.00 0 0.0 37.1 24.1 24.4 3.624  -27.4   28.1    3.1  25    6.0   5 0 0 1 1 2 0 21.4 28.5 21.3 28.6 80.0 100 100 20 408 0 143 0 401 401 400 0 0 0 59 50 WAIT_ACK 0 
b.1 2025-07-01 19:42:01.244 a 2025-07-01-19:41:56 244 104 260 0.0 0.8 3.6 21.1 25.2 731.2 0.00 0 0.0 35.9 24.1 24.4 3.624  -31.2   28.1    2.3  24    5.9   5 0 0 1 1 2 0 21.3 28.5 21.3 28.7 80.0 100 100 20 408 0 143 0 400 401 400 0 0 0 60 50 WAIT_ACK 0 
b.1 2025-07-01 19:43:01.198 a 2025-07-01-19:42:56 228 128 253 0.1 0.8 2.5 20.9 25.4 731.2 0.00 0 0.0 34.4 24.1 24.4 3.624  -33.1   28.2    2.1  24    5.7   5 0 0 1 1 2 0 21.3 28.5 21.3 28.7 80.0 100 100 20 408 0 143 0 401 401 400 0 0 0 60 50 WAIT_ACK 0 
b.1 2025-07-01 19:44:02.223 a 2025-07-01-19:43:57 023 162 233 0.1 1.0 2.7 20.9 25.6 731.2 0.00 0 0.0 32.7 24.1 24.4 3.623  -33.4   28.1    2.2  24    5.7   5 0 0 1 1 2 0 21.3 28.5 21.3 28.7 80.0 100 100 20 408 0 143 0 402 401 400 0 0 0 59 50 WAIT_ACK 0 
b.1 2025-07-01 19:45:02.206 a 2025-07-01-19:44:57 134 053 239 0.1 1.1 2.8 20.9 26.2 731.2 0.00 0 0.0 32.0 24.1 24.4 3.624  -27.6   28.0    2.2  24    5.7   5 0 0 1 1 2 0 21.3 28.4 21.3 28.6 80.0 100 100 20 408 0 143 0 401 401 400 0 0 0 59 50 WAIT_ACK 0 
b.1 2025-07-01 19:46:00.940 a 2025-07-01-19:45:56 111 256 257 0.1 0.6 1.8 20.8 26.2 731.1 0.00 0 0.0 32.1 24.1 24.4 3.626  -27.2   28.0    2.2  24    5.7   5 0 0 1 1 2 0 21.3 28.4 21.3 28.6 80.0 100 100 20 408 0 143 0 401 401 400 0 0 0 59 50 WAIT_ACK 0 
b.1 2025-07-01 19:47:01.519 a 2025-07-01-19:46:56 092 321 209 0.3 1.4 4.1 20.8 25.3 731.1 0.00 0 0.0 33.6 24.1 24.4 3.626  -31.4   27.9    2.2  24    5.7   0 0 0 1 1 2 0 21.3 28.1 21.3 28.5 80.0 100 100 20 408 0 143 0 402 401 400 0 0 0 59 50 WAIT_ACK 0 
b.1 2025-07-01 19:48:01.503 a 2025-07-01-19:47:56 036 349 300 0.9 3.5 5.4 20.7 26.3 731.0 0.00 0 0.0 32.9 24.1 24.4 3.626  -30.2   28.0    2.9  24    5.6   5 0 0 1 1 2 0 21.3 28.1 21.2 28.4 80.0 100 100 20 408 0 143 0 402 401 400 0 0 0 59 50 WAIT_ACK 0 
b.1 2025-07-01 19:49:00.842 a 2025-07-01-19:48:56 125 351 230 0.2 1.4 3.0 20.5 26.9 731.1 0.00 0 0.0 34.2 24.1 24.5 3.626  -27.7   28.0    2.4  24    5.7   0 0 0 1 1 2 0 21.3 28.3 21.3 28.5 80.0 100 100 20 408 0 143 0 400 402 399 0 0 0 60 50 WAIT_ACK 0 
b.1 2025-07-01 19:50:01.384 a 2025-07-01-19:49:56 080 004 326 1.2 2.2 3.5 20.5 26.8 731.0 0.00 0 0.0 34.2 24.1 24.4 3.633  -26.6   28.0    2.9  24    5.8   0 0 0 1 1 2 0 21.3 28.3 21.3 28.5 80.0 100 100 20 408 0 143 0 401 401 400 0 0 0 59 50 WAIT_ACK 0 
b.1 2025-07-01 19:51:00.865 a 2025-07-01-19:50:56 106 332 280 0.4 2.2 4.0 20.1 26.8 731.0 0.00 0 0.0 32.4 24.1 24.4 3.624  -35.2   28.1    3.4  24    5.8   9 0 0 1 1 2 0 21.3 28.2 21.4 28.4 80.0 100 100 20 408 0 143 0 401 402 399 0 0 0 60 50 WAIT_ACK 0 
b.1 2025-07-01 19:52:00.842 a 2025-07-01-19:51:56 139 343 258 0.4 1.8 3.3 19.9 27.3 731.0 0.00 0 0.0 29.4 24.1 24.4 3.624  -31.4   28.0    3.7  24    5.9   9 0 0 1 1 2 0 21.2 27.9 21.3 28.2 80.0 100 100 20 408 0 143 0 401 401 400 0 0 0 60 50 WAIT_ACK 0 
b.1 2025-07-01 19:53:00.921 a 2025-07-01-19:52:56 237 052 282 0.2 1.3 3.0 19.8 27.8 731.0 0.00 0 0.0 28.2 24.1 24.5 3.631  -30.2   28.0    3.1  24    5.6   9 0 0 1 1 2 0 21.2 28.1 21.2 28.2 80.0 100 100 20 408 0 143 0 401 401 399 0 0 0 60 50 WAIT_ACK 0 
b.1 2025-07-01 19:54:00.822 a 2025-07-01-19:53:56 006 276 176 0.1 1.0 2.3 19.7 28.0 731.0 0.00 0 0.0 27.6 24.1 24.4 3.626  -30.1   27.8    2.6  24    5.4   0 0 0 1 1 2 0 21.1 28.2 21.2 28.3 80.0 100 100 20 408 0 143 0 401 401 399 0 0 0 59 50 WAIT_ACK 0 
b.1 2025-07-01 19:55:01.601 a 2025-07-01-19:54:56 124 009 148 0.1 0.7 2.0 19.8 28.1 731.0 0.00 0 0.0 29.7 24.1 24.4 3.623  -22.0   27.7    2.2  24    5.4   0 0 0 2 1 2 0 21.1 28.3 21.2 28.3 80.0 100 100 20 408 0 143 0 401 401 400 0 0 0 60 50 WAIT_ACK 0 
b.1 2025-07-01 19:56:00.522 a 2025-07-01-19:55:55 136 014 257 0.1 0.4 1.1 20.0 28.2 731.1 0.00 0 0.0 32.3 24.1 24.4 3.631  -22.6   27.6    0.0  25    5.6   0 0 0 2 1 2 0 21.1 28.4 21.2 28.5 80.0 100 100 20 408 0 143 0 401 402 399 0 0 0 60 50 WAIT_ACK 0 
b.1 2025-07-01 19:57:01.805 a 2025-07-01-19:56:57 132 047 152 0.0 0.3 1.1 20.0 28.2 731.1 0.00 0 0.0 34.8 24.1 24.4 3.631  -24.1   27.6    0.0  25    5.7   0 0 0 2 1 2 0 21.1 28.4 21.2 28.6 80.0 100 100 20 408 0 143 0 402 401 400 0 0 0 60 50 WAIT_ACK 0 
b.1 2025-07-01 19:58:01.342 a 2025-07-01-19:57:56 138 043 224 0.1 0.7 2.4 20.3 28.1 731.1 0.00 0 0.0 36.3 24.1 24.4 3.626  -26.7   27.7    0.0  25    5.8   0 0 0 1 1 2 0 21.1 28.5 21.1 28.6 80.0 100 100 20 408 0 143 0 401 401 400 0 0 0 60 50 WAIT_ACK 0 
b.1 2025-07-01 19:59:01.565 a 2025-07-01-19:58:56 116 040 151 0.1 0.8 3.0 20.5 27.3 731.0 0.00 0 0.0 37.3 24.1 24.4 3.624  -25.3   27.8    2.1  25    5.9   0 0 0 1 1 2 0 21.1 28.6 21.1 28.7 80.0 100 100 20 408 0 143 0 401 401 399 0 0 0 60 50 WAIT_ACK 0 
b.1 2025-07-01 19:59:59.966 a 2025-07-01-19:59:55 278 149 310 0.1 0.5 2.1 20.8 27.2 731.0 0.00 0 0.0 36.7 24.1 24.4 3.633  -32.5   27.9    0.0  25    6.0   5 0 0 1 1 2 0 21.1 28.6 21.1 28.7 80.0 100 100 20 408 0 143 0 401 401 399 0 0 0 60 50 WAIT_ACK 0 
b.1 2025-07-01 20:01:01.303 a 2025-07-01-20:00:56 149 023 290 0.1 0.3 0.9 21.0 27.3 731.1 0.00 0 0.0 36.8 24.1 24.4 3.626  -26.8   27.9    0.0  25    5.9   0 0 0 1 1 2 0 21.1 28.5 21.1 28.8 80.0 100 100 20 408 0 143 0 401 401 399 0 0 0 59 50 WAIT_ACK 0 
b.1 2025-07-01 20:02:01.387 a 2025-07-01-20:01:56 124 350 170 0.1 0.9 2.3 21.2 26.3 731.1 0.00 0 0.0 35.8 24.1 24.4 3.624  -32.5   27.9    2.2  25    5.8   5 0 0 1 1 2 0 21.1 28.5 21.1 28.7 80.0 100 100 20 408 0 143 0 401 401 400 0 0 0 59 50 WAIT_ACK 0 
b.1 2025-07-01 20:03:00.805 a 2025-07-01-20:02:56 059 309 236 0.3 1.7 3.3 21.2 26.1 731.1 0.00 0 0.0 33.4 24.1 24.4 3.633  -32.6   27.9    2.3  25    5.8   5 0 0 1 1 2 0 21.0 28.6 21.0 28.8 80.0 100 100 20 408 0 143 0 401 402 399 0 0 0 59 50 WAIT_ACK 0 
b.1 2025-07-01 20:04:01.285 a 2025-07-01-20:03:56 137 314 228 0.2 2.0 3.3 21.0 24.6 731.1 0.00 0 0.0 30.7 24.1 24.4 3.624  -32.5   27.8    2.5  24    5.5   7 0 0 1 1 2 0 21.0 28.7 21.0 28.8 80.0 100 100 20 408 0 143 0 401 401 399 0 0 0 59 50 WAIT_ACK 0 
b.1 2025-07-01 20:05:01.994 a 2025-07-01-20:04:57 174 350 259 0.1 1.6 3.2 20.7 25.9 731.0 0.00 0 0.0 29.1 24.1 24.4 3.624  -30.5   27.8    2.6  24    5.5   9 0 0 1 1 2 0 21.0 28.7 21.0 28.8 80.0 100 100 20 408 0 143 0 402 401 399 0 0 0 60 50 WAIT_ACK 0 
b.1 2025-07-01 20:06:01.884 a 2025-07-01-20:05:57 278 253 358 0.2 1.1 2.7 20.4 26.5 731.0 0.00 0 0.0 29.8 24.1 24.4 3.626  -23.0   27.6    2.4  24    5.5   0 0 0 2 1 2 0 21.0 28.6 21.0 28.8 80.0 100 100 20 408 0 143 0 401 401 399 0 0 0 59 50 WAIT_ACK 0 
b.1 2025-07-01 20:07:01.484 a 2025-07-01-20:06:56 223 036 324 0.1 0.9 2.1 20.3 25.9 731.0 0.00 0 0.0 31.9 24.1 24.4 3.626  -26.4   27.6    2.3  25    5.6   5 0 0 1 1 2 0 21.0 28.5 21.0 28.7 80.0 100 100 20 408 0 143 0 401 401 400 0 0 0 59 50 WAIT_ACK 0 
b.1 2025-07-01 20:08:00.786 a 2025-07-01-20:07:56 155 070 263 0.1 1.3 2.7 20.2 27.3 731.0 0.00 0 0.0 31.8 24.1 24.4 3.626  -29.8   27.7    2.3  25    5.7   5 0 0 1 1 2 0 21.0 28.6 21.0 28.7 80.0 100 100 20 408 0 143 0 401 401 400 0 0 0 60 50 WAIT_ACK 0 
b.1 2025-07-01 20:09:01.467 a 2025-07-01-20:08:56 213 051 309 0.1 1.3 2.7 20.2 27.2 731.0 0.00 0 0.0 30.5 24.1 24.4 3.626  -30.3   27.7    2.2  24    5.5   5 0 0 1 1 2 0 21.0 28.5 21.1 28.7 80.0 100 100 20 408 0 143 0 401 402 400 0 0 0 60 50 WAIT_ACK 0 
b.1 2025-07-01 20:10:00.665 a 2025-07-01-20:09:55 106 051 195 0.1 0.7 2.2 20.3 27.2 731.0 0.00 0 0.0 29.7 24.1 24.4 3.626  -30.2   27.6    0.0  24    5.4   5 0 0 1 1 2 0 21.0 28.5 21.0 28.7 80.0 100 100 20 408 0 143 0 401 401 399 0 0 0 60 50 WAIT_ACK 0 
b.1 2025-07-01 20:11:00.305 a 2025-07-01-20:10:55 113 086 253 0.1 1.0 2.8 20.4 27.2 731.0 0.00 0 0.0 30.7 24.1 24.4 3.626  -21.9   27.5    0.0  24    5.4   0 0 0 2 1 2 0 21.0 28.6 21.0 28.8 80.0 100 100 20 408 0 143 0 401 401 399 0 0 0 60 50 WAIT_ACK 0 
b.1 2025-07-01 20:12:01.928 a 2025-07-01-20:11:57 293 289 349 0.0 0.5 1.1 20.4 27.1 731.0 0.00 0 0.0 32.8 24.1 24.4 3.626  -23.5   27.4    0.0  25    5.5   0 0 0 2 1 2 0 21.0 28.6 21.0 28.8 80.0 100 100 20 408 0 143 0 401 401 399 0 0 0 60 50 WAIT_ACK 0 
b.1 2025-07-01 20:13:00.848 a 2025-07-01-20:12:56 116 043 266 0.1 0.5 2.5 20.6 27.3 731.0 0.00 0 0.0 34.5 24.1 24.4 3.626  -29.8   27.4    0.0  25    5.7   0 0 0 1 1 2 0 20.9 28.7 21.0 28.9 80.0 100 100 20 408 0 143 0 401 401 400 0 0 0 59 50 WAIT_ACK 0 
b.1 2025-07-01 20:14:01.625 a 2025-07-01-20:13:56 021 146 325 0.1 0.5 2.5 20.8 27.4 730.9 0.00 0 0.0 33.6 24.1 24.4 3.626  -28.8   27.5    0.0  25    5.7   5 0 0 1 1 2 0 20.9 28.7 20.9 28.9 80.0 100 100 20 408 0 143 0 401 401 399 0 0 0 59 50 WAIT_ACK 0 
b.1 2025-07-01 20:15:01.048 a 2025-07-01-20:14:56 264 180 290 0.2 1.0 3.1 21.0 26.9 730.9 0.00 0 0.0 32.0 24.2 24.4 3.626  -29.8   27.5    0.0  25    5.7   5 0 0 1 1 2 0 20.9 28.7 21.0 29.0 80.0 100 100 20 408 0 143 0 401 401 400 0 0 0 60 50 WAIT_ACK 0 
b.1 2025-07-01 20:16:00.325 a 2025-07-01-20:15:55 084 019 304 0.5 2.2 4.4 21.0 26.4 730.9 0.00 0 0.0 30.2 24.2 24.4 3.632  -28.9   27.5    2.5  25    5.5  10 0 0 1 1 2 0 20.9 28.7 20.9 29.0 80.0 100 100 20 408 0 143 0 401 401 400 0 0 0 59 50 WAIT_ACK 0 
b.1 2025-07-01 20:17:00.789 a 2025-07-01-20:16:56 267 141 297 0.1 0.9 2.4 20.7 26.7 730.9 0.00 0 0.0 29.2 24.1 24.4 3.626  -28.5   27.4    2.2  25    5.5   7 0 0 1 1 2 0 20.9 28.7 20.9 28.9 80.0 100 100 20 408 0 143 0 401 401 399 0 0 0 60 50 WAIT_ACK 0 
b.1 2025-07-01 20:18:00.828 a 2025-07-01-20:17:56 120 143 217 0.1 0.4 1.1 20.5 27.1 730.9 0.00 0 0.0 28.7 24.1 24.4 3.626  -26.9   27.3    0.0  25    5.4   7 0 0 1 1 2 0 20.9 28.8 20.9 29.0 80.0 100 100 20 408 0 143 0 401 402 399 0 0 0 60 50 WAIT_ACK 0 
b.1 2025-07-01 20:19:02.072 a 2025-07-01-20:18:57 133 127 327 0.1 0.4 1.1 20.5 27.3 730.9 0.00 0 0.0 28.4 24.1 24.4 3.633  -27.2   27.2    0.0  25    5.3   5 0 0 1 1 2 0 20.8 28.9 20.9 29.0 80.0 100 100 20 408 0 143 0 401 401 400 0 0 0 59 50 WAIT_ACK 0 
b.1 2025-07-01 20:20:01.028 a 2025-07-01-20:19:56 282 162 308 0.1 0.6 1.3 20.5 27.2 731.0 0.00 0 0.0 27.8 24.1 24.4 3.626  -29.4   27.1    2.2  25    5.3   5 0 0 1 1 2 0 20.8 28.9 20.9 29.1 80.0 100 100 20 408 0 143 0 402 401 400 0 0 0 60 50 WAIT_ACK 0 
b.1 2025-07-01 20:21:02.168 a 2025-07-01-20:20:57 139 040 231 0.1 0.6 1.1 20.4 27.2 731.0 0.00 0 0.0 27.3 24.1 24.4 3.626  -26.9   27.0    0.0  25    5.3   5 0 0 1 1 2 0 20.8 28.9 20.9 29.1 80.0 100 100 20 408 0 143 0 401 401 400 0 0 0 60 50 WAIT_ACK 0 
b.1 2025-07-01 20:22:00.907 a 2025-07-01-20:21:56 161 049 174 0.0 1.0 2.0 20.3 27.1 730.9 0.00 0 0.0 26.8 24.1 24.4 3.626  -27.3   26.9    2.2  25    5.3   5 0 0 1 1 2 0 20.8 28.8 20.9 29.1 80.0 100 100 20 408 0 143 0 400 401 399 0 0 0 60 50 WAIT_ACK 0 
b.1 2025-07-01 20:23:01.207 a 2025-07-01-20:22:56 159 012 308 0.2 1.6 3.1 20.2 27.4 730.9 0.00 0 0.0 26.3 24.1 24.4 3.626  -28.3   26.9    2.3  25    5.2   5 0 0 1 1 2 0 20.8 28.9 20.8 29.1 80.0 100 100 20 408 0 143 0 401 401 399 0 0 0 59 50 WAIT_ACK 0 
b.1 2025-07-01 20:24:01.213 a 2025-07-01-20:23:56 060 042 130 0.0 0.6 2.2 19.9 27.9 730.9 0.00 0 0.0 26.2 24.1 24.4 3.624  -28.9   26.8    0.0  25    5.1   5 0 0 1 1 2 0 20.8 28.9 20.8 29.1 80.0 100 100 20 408 0 143 0 402 401 400 0 0 0 60 50 WAIT_ACK 0 
b.1 2025-07-01 20:25:02.549 a 2025-07-01-20:24:57 109 013 226 0.1 1.2 3.1 19.8 28.0 730.9 0.00 0 0.0 25.9 24.1 24.4 3.626  -31.5   26.7    2.2  25    5.1   5 0 0 1 1 2 0 20.7 28.9 20.7 29.1 80.0 100 100 20 408 0 143 0 401 402 400 0 0 0 60 50 WAIT_ACK 0 
b.1 2025-07-01 20:26:01.493 a 2025-07-01-20:25:56 152 048 226 0.1 1.0 2.9 19.7 28.1 730.9 0.00 0 0.0 25.7 24.1 24.4 3.626  -33.3   26.6    2.1  25    5.0   5 0 0 1 1 2 0 20.7 28.9 20.7 29.2 80.0 100 100 20 408 0 143 0 401 401 400 0 0 0 60 50 WAIT_ACK 0 
b.1 2025-07-01 20:26:59.753 a 2025-07-01-20:26:55 135 036 308 0.2 1.6 3.0 19.5 28.5 730.9 0.00 0 0.0 25.5 24.1 24.4 3.624  -31.9   26.5    2.2  25    5.0   5 0 0 1 1 2 0 20.6 29.0 20.7 29.2 80.0 100 100 20 408 0 143 0 401 401 400 0 0 0 59 50 WAIT_ACK 0 
b.1 2025-07-01 20:28:01.233 a 2025-07-01-20:27:56 132 079 354 0.1 1.2 3.3 19.4 28.7 730.9 0.00 0 0.0 27.9 24.1 24.4 3.633  -25.6   26.4    2.1  25    5.0   0 0 0 1 1 2 0 20.6 29.1 20.7 29.2 80.0 100 100 20 408 0 143 0 401 401 400 0 0 0 60 50 WAIT_ACK 0 
b.1 2025-07-01 20:29:01.252 a 2025-07-01-20:28:56 110 036 302 0.1 0.7 2.5 19.4 28.8 730.9 0.00 0 0.0 30.9 24.1 24.4 3.633  -23.9   26.4    2.2  26    5.2   0 0 0 2 1 2 0 20.6 29.2 20.7 29.3 80.0 100 100 20 408 0 143 0 401 401 399 0 0 0 60 50 WAIT_ACK 0 
b.1 2025-07-01 20:30:01.091 a 2025-07-01-20:29:56 148 104 308 0.1 0.6 2.0 19.5 28.9 730.9 0.00 0 0.0 33.5 24.1 24.4 3.626  -22.1   26.5    0.0  26    5.3   0 0 0 2 1 2 0 20.6 29.2 20.7 29.4 80.0 100 100 20 408 0 143 0 401 402 400 0 0 0 60 50 WAIT_ACK 0 
b.1 2025-07-01 20:31:01.630 a 2025-07-01-20:30:56 112 073 191 0.1 1.6 4.2 19.7 28.9 730.8 0.00 0 0.0 35.0 24.1 24.4 3.626  -22.9   26.6    2.2  26    5.5   0 0 0 2 1 2 0 20.6 29.2 20.6 29.4 80.0 100 100 20 408 0 143 0 401 401 400 0 0 0 60 50 WAIT_ACK 0 
b.1 2025-07-01 20:32:00.694 a 2025-07-01-20:31:55 110 044 191 0.3 1.9 3.7 20.1 28.0 730.8 0.00 0 0.0 35.5 24.1 24.4 3.626  -24.1   26.8    2.3  26    5.5   0 0 0 2 1 2 0 20.6 29.2 20.7 29.4 80.0 100 100 20 408 0 143 0 401 401 399 0 0 0 60 50 WAIT_ACK 0 
b.1 2025-07-01 20:33:01.371 a 2025-07-01-20:32:56 137 031 303 0.3 3.3 6.0 20.3 27.9 730.7 0.00 0 0.0 34.2 24.1 24.4 3.626  -29.0   26.9    3.2  26    5.5   5 0 0 1 1 2 0 20.7 29.1 20.7 29.3 80.0 100 100 20 408 0 143 0 401 401 399 0 0 0 59 50 WAIT_ACK 0 
b.1 2025-07-01 20:34:01.273 a 2025-07-01-20:33:56 121 056 265 0.1 1.7 4.3 20.2 27.9 730.7 0.00 0 0.0 32.9 24.1 24.4 3.626  -28.1   26.9    2.9  25    5.4   5 0 0 1 1 2 0 20.6 29.1 20.7 29.3 80.0 100 100 20 408 0 143 0 401 401 400 0 0 0 59 50 WAIT_ACK 0 
b.1 2025-07-01 20:35:02.457 a 2025-07-01-20:34:57 114 062 153 0.0 0.3 1.0 19.9 28.4 730.7 0.00 0 0.0 34.6 24.1 24.4 3.633  -23.3   26.9    0.0  25    5.5   0 0 0 2 1 2 0 20.6 29.3 20.7 29.4 80.0 100 100 20 408 0 143 0 401 401 399 0 0 0 59 50 WAIT_ACK 0 
b.1 2025-07-01 20:36:01.332 a 2025-07-01-20:35:56 152 015 239 0.1 0.9 2.4 19.9 28.9 730.8 0.00 0 0.0 36.5 24.1 24.4 3.626  -24.4   27.0    2.2  26    5.6   0 0 0 2 1 2 0 20.6 29.3 20.6 29.4 80.0 100 100 20 408 0 143 0 401 401 400 0 0 0 59 50 WAIT_ACK 0 
b.1 2025-07-01 20:37:01.275 a 2025-07-01-20:36:56 220 172 293 0.1 0.5 1.3 20.1 28.2 730.8 0.00 0 0.0 37.9 24.1 24.4 3.623  -24.1   27.1    2.2  26    5.7   0 0 0 2 1 2 0 20.6 29.2 20.7 29.4 80.0 100 100 20 408 0 143 0 402 401 400 0 0 0 59 50 WAIT_ACK 0 
b.1 2025-07-01 20:38:02.319 a 2025-07-01-20:37:57 107 356 204 0.1 0.9 2.8 20.4 28.1 730.8 0.00 0 0.0 38.6 24.1 24.4 3.633  -24.0   27.2    0.0  26    5.8   0 0 0 2 1 2 0 20.6 29.3 20.7 29.4 80.0 100 100 20 408 0 143 0 401 401 400 0 0 0 60 50 WAIT_ACK 0 
b.1 2025-07-01 20:39:01.315 a 2025-07-01-20:38:56 052 063 187 0.0 1.0 2.8 20.6 27.3 730.8 0.00 0 0.0 39.3 24.1 24.4 3.624  -23.7   27.4    2.2  26    6.0   0 0 0 2 1 2 0 20.6 29.2 20.7 29.4 80.0 100 100 20 408 0 143 0 401 401 399 0 0 0 60 50 WAIT_ACK 0 
b.1 2025-07-01 20:40:01.256 a 2025-07-01-20:39:56 281 128 299 0.1 0.6 2.0 20.9 27.4 730.8 0.00 0 0.0 38.4 24.1 24.4 3.626  -29.5   27.6    0.0  25    6.0   5 0 0 1 1 2 0 20.7 29.2 20.7 29.4 80.0 100 100 20 408 0 143 0 401 401 399 0 0 0 60 50 WAIT_ACK 0 
b.1 2025-07-01 20:41:01.437 a 2025-07-01-20:40:56 149 083 184 0.1 0.6 1.9 21.0 27.2 730.8 0.00 0 0.0 36.8 24.1 24.4 3.626  -30.0   27.7    2.2  25    6.0   5 0 0 1 1 2 0 20.7 29.3 20.8 29.4 80.0 100 100 20 408 0 143 0 402 401 400 0 0 0 60 50 WAIT_ACK 0 
b.1 2025-07-01 20:42:00.812 a 2025-07-01-20:41:56 289 193 339 0.1 0.8 3.6 21.1 27.0 730.8 0.00 0 0.0 35.5 24.1 24.4 3.624  -24.6   27.7    2.2  25    5.9   5 0 0 2 1 2 0 20.7 29.2 20.8 29.4 80.0 100 100 20 408 0 143 0 401 401 399 0 0 0 60 50 WAIT_ACK 0 
b.1 2025-07-01 20:43:00.196 a 2025-07-01-20:42:55 140 037 317 0.0 1.5 2.9 21.2 26.0 730.8 0.00 0 0.0 36.0 24.2 24.4 3.626  -26.0   27.8    2.2  25    5.9   0 0 0 1 1 2 0 20.7 29.2 20.8 29.4 80.0 100 100 20 408 0 143 0 402 401 399 0 0 0 60 50 WAIT_ACK 0 
b.1 2025-07-01 20:44:01.854 a 2025-07-01-20:43:57 141 358 255 0.2 0.8 1.8 21.1 25.9 730.8 0.00 0 0.0 34.9 24.1 24.4 3.626  -33.7   27.8    2.2  25    6.0   5 0 0 1 1 2 0 20.7 29.1 20.8 29.3 80.0 100 100 20 408 0 143 0 401 401 400 0 0 0 60 50 WAIT_ACK 0 
b.1 2025-07-01 20:45:01.096 a 2025-07-01-20:44:56 070 261 263 0.1 1.1 2.9 20.8 26.3 730.8 0.00 0 0.0 32.3 24.1 24.4 3.626  -31.2   27.9    2.4  25    6.1  10 0 0 1 1 2 0 20.7 29.2 20.8 29.3 80.0 100 100 20 408 0 143 0 401 401 400 0 0 0 60 50 WAIT_ACK 0 
b.1 2025-07-01 20:46:00.792 a 2025-07-01-20:45:56 113 082 152 0.1 0.7 2.1 20.7 26.7 730.8 0.00 0 0.0 31.4 24.1 24.4 3.626  -28.5   28.0    2.1  25    6.0  10 0 0 1 1 2 0 20.7 29.1 20.8 29.3 80.0 100 100 20 408 0 143 0 401 401 400 0 0 0 60 50 WAIT_ACK 0 
b.1 2025-07-01 20:47:01.332 a 2025-07-01-20:46:56 130 323 159 0.1 1.2 2.3 20.8 26.5 730.8 0.00 0 0.0 33.3 24.1 24.4 3.624  -25.8   28.0    2.1  25    6.0   0 0 0 1 1 2 0 20.8 29.1 20.8 29.3 80.0 100 100 20 408 0 143 0 402 401 400 0 0 0 60 50 WAIT_ACK 0 
b.1 2025-07-01 20:48:01.316 a 2025-07-01-20:47:56 130 327 171 0.2 0.9 2.3 20.8 26.8 730.8 0.00 0 0.0 35.0 24.1 24.4 3.627  -26.7   28.1    0.0  25    6.0   0 0 0 1 1 2 0 20.8 29.1 20.8 29.3 80.0 100 100 20 408 0 143 0 401 401 399 0 0 0 60 50 WAIT_ACK 0 
b.1 2025-07-01 20:49:01.055 a 2025-07-01-20:48:56 109 332 224 0.2 1.2 2.3 20.9 26.5 730.8 0.00 0 0.0 36.2 24.1 24.4 3.624  -27.2   28.1    2.2  25    6.1   0 0 0 1 1 2 0 20.8 29.1 20.9 29.2 80.0 100 100 20 408 0 143 0 401 401 400 0 0 0 59 50 WAIT_ACK 0 
b.1 2025-07-01 20:50:01.694 a 2025-07-01-20:49:57 124 347 139 0.1 1.0 2.7 21.0 26.6 730.8 0.00 0 0.0 36.9 24.1 24.4 3.624  -28.1   28.2    2.2  25    6.1   0 0 0 1 1 2 0 20.8 29.1 20.9 29.2 80.0 100 100 20 408 0 143 0 402 401 400 0 0 0 60 50 WAIT_ACK 0 
b.1 2025-07-01 20:51:01.072 a 2025-07-01-20:50:56 094 340 156 0.1 0.9 2.7 21.2 26.1 730.9 0.00 0 0.0 36.5 24.1 24.4 3.633  -33.3   28.3    0.0  24    6.1   5 0 0 1 1 2 0 20.8 29.1 20.9 29.2 80.0 100 100 20 408 0 143 0 401 401 399 0 0 0 60 50 WAIT_ACK 0 
b.1 2025-07-01 20:52:01.536 a 2025-07-01-20:51:56 099 345 129 0.0 0.6 1.7 21.3 26.1 730.9 0.00 0 0.0 36.0 24.1 24.4 3.626  -27.7   28.3    0.0  24    6.0   0 0 0 1 1 2 0 20.8 29.1 20.9 29.2 80.0 100 100 20 408 0 143 0 401 402 399 0 0 0 60 50 WAIT_ACK 0 
b.1 2025-07-01 20:53:01.697 a 2025-07-01-20:52:56 045 041 071 0.1 0.5 1.8 21.4 25.5 730.8 0.00 0 0.0 37.1 24.1 24.4 3.624  -25.9   28.3    0.0  24    6.0   0 0 0 1 1 2 0 20.8 29.1 20.9 29.2 80.0 100 100 20 408 0 143 0 401 401 400 0 0 0 60 50 WAIT_ACK 0 
b.1 2025-07-01 20:53:59.539 a 2025-07-01-20:53:54 159 026 277 0.0 0.5 1.9 21.5 25.3 730.8 0.00 0 0.0 37.6 24.1 24.4 3.626  -29.5   28.3    2.2  24    6.0   0 0 0 1 1 2 0 20.9 29.0 20.9 29.2 80.0 100 100 20 408 0 143 0 401 402 399 0 0 0 59 50 WAIT_ACK 0 
b.1 2025-07-01 20:54:59.598 a 2025-07-01-20:54:54 143 056 224 0.1 0.4 1.9 21.6 25.3 730.8 0.00 0 0.0 36.7 24.1 24.4 3.624  -25.0   28.3    0.0  24    5.9   0 0 0 1 1 2 0 20.8 29.0 20.9 29.2 80.0 100 100 20 408 0 143 0 401 401 399 0 0 0 59 50 WAIT_ACK 0 
b.1 2025-07-01 20:56:01.657 a 2025-07-01-20:55:56 149 089 171 0.1 1.0 2.9 21.7 25.3 730.8 0.00 0 0.0 38.0 24.1 24.4 3.626  -22.2   28.3    2.2  24    5.9   0 0 0 2 1 2 0 20.9 28.9 20.9 29.1 80.0 100 100 20 408 0 143 0 401 401 400 0 0 0 60 50 WAIT_ACK 0 
b.1 2025-07-01 20:56:59.976 a 2025-07-01-20:56:55 105 262 271 0.2 1.1 2.9 21.7 25.2 730.7 0.00 0 0.0 38.4 24.1 24.4 3.626  -24.2   28.3    2.1  24    5.9   0 0 0 2 1 2 0 20.9 28.9 20.9 29.1 80.0 100 100 20 408 0 143 0 401 401 399 0 0 0 59 50 WAIT_ACK 0 
b.1 2025-07-01 20:58:01.857 a 2025-07-01-20:57:57 133 336 242 0.2 1.0 2.3 21.7 25.3 730.7 0.00 0 0.0 37.2 24.1 24.4 3.626  -22.2   28.4    0.0  24    6.0   5 0 0 2 1 2 0 20.9 28.9 20.9 29.1 80.0 100 100 20 408 0 143 0 401 401 399 0 0 0 60 50 WAIT_ACK 0 
b.1 2025-07-01 20:59:01.359 a 2025-07-01-20:58:56 071 306 152 0.2 1.1 2.3 21.6 25.3 730.7 0.00 0 0.0 35.8 24.1 24.4 3.626  -25.3   28.4    0.0  24    6.0   5 0 0 1 1 2 0 20.9 28.9 21.0 29.1 80.0 100 100 20 408 0 143 0 400 401 399 0 0 0 59 50 WAIT_ACK 0 
b.1 2025-07-01 21:00:01.818 a 2025-07-01-20:59:57 093 354 136 0.1 1.2 2.8 21.6 25.3 730.7 0.00 0 0.0 33.9 24.1 24.4 3.626  -26.5   28.4    0.0  24    5.9   5 0 0 1 1 2 0 20.9 28.9 21.0 29.0 80.0 100 100 20 408 0 143 0 402 401 400 0 0 0 60 50 WAIT_ACK 0 
b.1 2025-07-01 21:01:00.180 a 2025-07-01-21:00:55 123 043 162 0.1 0.9 2.6 21.6 25.3 730.7 0.00 0 0.0 32.3 24.1 24.4 3.624  -25.3   28.4    0.0  24    5.8   5 0 0 1 1 2 0 20.9 28.8 21.0 29.0 80.0 100 100 20 408 0 143 0 402 401 400 0 0 0 60 50 WAIT_ACK 0 
b.1 2025-07-01 21:02:01.875 a 2025-07-01-21:01:57 120 117 131 0.0 0.5 1.8 21.4 25.6 730.7 0.00 0 0.0 31.4 24.1 24.4 3.624  -24.7   28.3    0.0  24    5.7   5 0 0 2 1 2 0 20.9 28.8 21.0 29.0 80.0 100 100 20 408 0 143 0 401 401 399 0 0 0 60 50 WAIT_ACK 0 
b.1 2025-07-01 21:03:01.256 a 2025-07-01-21:02:56 165 073 262 0.0 0.4 1.3 21.3 25.7 730.8 0.00 0 0.0 30.9 24.1 24.4 3.624  -24.8   28.1    0.0  24    5.6   0 0 0 2 1 2 0 20.9 28.8 21.0 29.0 80.0 100 100 20 408 0 143 0 401 401 400 0 0 0 59 50 WAIT_ACK 0 
b.1 2025-07-01 21:04:01.657 a 2025-07-01-21:03:56 230 122 291 0.1 0.6 2.2 21.2 25.8 730.7 0.00 0 0.0 30.8 24.1 24.4 3.626  -24.8   27.9    0.0  24    5.5   5 0 0 2 1 2 0 21.0 28.8 21.0 29.0 80.0 100 100 20 408 0 143 0 401 401 400 0 0 0 59 50 WAIT_ACK 0 
b.1 2025-07-01 21:05:01.687 a 2025-07-01-21:04:56 073 019 172 0.0 0.6 2.2 21.2 25.8 730.7 0.00 0 0.0 30.4 24.1 24.4 3.624  -26.8   27.8    2.2  24    5.5   5 0 0 1 1 2 0 20.9 28.7 21.0 28.9 80.0 100 100 20 408 0 143 0 401 402 399 0 0 0 60 50 WAIT_ACK 0 
b.1 2025-07-01 21:06:01.197 a 2025-07-01-21:05:56 136 026 200 0.1 0.6 2.5 21.2 25.8 730.7 0.00 0 0.0 31.1 24.1 24.4 3.624  -19.4   27.7    0.0  24    5.5   0 0 0 2 1 2 0 20.9 28.7 21.0 28.9 80.0 100 100 20 408 0 143 0 401 401 399 0 0 0 60 50 WAIT_ACK 600 
b.1 2025-07-01 21:07:00.757 a 2025-07-01-21:06:56 120 088 231 0.1 1.1 2.8 21.1 25.9 730.7 0.00 0 0.0 33.5 24.1 24.4 3.627  -19.9   27.7    0.0  24    5.5   0 0 0 2 1 2 0 21.0 28.7 21.0 28.9 80.0 100 100 20 408 0 143 0 401 401 400 0 0 0 59 50 WAIT_ACK 540 
b.1 2025-07-01 21:08:00.839 a 2025-07-01-21:07:56 127 032 148 0.0 0.6 1.7 21.1 25.7 730.7 0.00 0 0.0 35.6 24.1 24.4 3.626  -20.6   27.7    0.0  24    5.6   0 0 0 2 1 2 0 20.9 28.7 21.0 28.9 80.0 100 100 20 408 0 143 0 401 401 399 0 0 0 60 50 WAIT_ACK 480 
b.1 2025-07-01 21:09:00.818 a 2025-07-01-21:08:56 126 052 166 0.1 0.5 2.4 21.1 26.0 730.7 0.00 0 0.0 36.5 24.1 24.5 3.626  -26.4   27.7    0.0  24    5.6   0 0 0 1 1 2 0 21.0 28.7 21.0 28.9 80.0 100 100 20 408 0 143 0 401 402 400 0 0 0 60 50 WAIT_ACK 420 
b.1 2025-07-01 21:10:00.516 a 2025-07-01-21:09:55 140 042 178 0.1 1.0 3.6 21.1 25.8 730.7 0.00 0 0.0 35.1 24.1 24.4 3.632  -26.9   27.7    0.0  24    5.6   0 0 0 1 1 2 0 21.0 28.7 21.0 28.9 80.0 100 100 20 408 0 143 0 401 401 399 0 0 0 59 50 WAIT_ACK 360 
b.1 2025-07-01 21:11:01.282 a 2025-07-01-21:10:56 085 069 267 0.1 1.2 3.2 21.2 25.9 730.7 0.00 0 0.0 35.3 24.1 24.4 3.626  -22.7   27.8    2.1  24    5.6   0 0 0 2 1 2 0 21.0 28.6 21.0 28.8 80.0 100 100 20 408 0 143 0 401 401 400 0 0 0 59 50 WAIT_ACK 300 
b.1 2025-07-01 21:12:01.957 a 2025-07-01-21:11:57 165 074 326 0.1 1.4 3.1 21.2 25.5 730.7 0.00 0 0.0 36.3 24.1 24.4 3.624  -19.6   27.8    2.2  24    5.6   0 0 0 2 1 2 0 21.0 28.6 21.0 28.8 80.0 100 100 20 408 0 143 0 401 401 400 0 0 0 60 50 WAIT_ACK 239 
b.1 2025-07-01 21:13:01.559 a 2025-07-01-21:12:56 268 103 295 0.1 1.0 4.2 21.1 25.7 730.6 0.00 0 0.0 37.2 24.1 24.4 3.632  -24.6   27.8    0.0  24    5.7   0 0 0 2 1 2 0 21.0 28.6 21.0 28.8 80.0 100 100 20 408 0 143 0 401 402 399 0 0 0 60 50 WAIT_ACK 586 
b.1 2025-07-01 21:14:01.584 a 2025-07-01-21:13:56 009 063 327 0.0 1.1 4.5 21.2 26.0 730.6 0.00 0 0.0 35.5 24.1 24.4 3.624  -28.0   27.8    2.3  24    5.7   5 0 0 1 1 2 0 21.0 28.6 21.1 28.8 80.0 100 100 20 408 0 143 0 401 401 399 0 0 0 60 50 WAIT_ACK 526 
b.1 2025-07-01 21:15:01.220 a 2025-07-01-21:14:56 142 018 184 0.3 1.9 4.9 21.2 25.6 730.6 0.00 0 0.0 32.6 24.1 24.4 3.624  -25.6   27.8    2.5  24    5.6   5 0 0 1 1 2 0 21.0 28.6 21.1 28.8 80.0 100 100 20 408 0 143 0 402 401 400 0 0 0 60 50 WAIT_ACK 466 
b.1 2025-07-01 21:16:01.299 a 2025-07-01-21:15:56 129 014 181 0.3 1.5 3.8 21.0 26.0 730.6 0.00 0 0.0 30.7 24.1 24.4 3.626  -26.7   27.8    2.4  24    5.5   7 0 0 1 1 2 0 21.0 28.6 21.1 28.8 80.0 100 100 20 408 0 143 0 401 401 400 0 0 0 59 50 WAIT_ACK 406 
b.1 2025-07-01 21:17:01.279 a 2025-07-01-21:16:56 084 316 221 0.3 1.2 2.4 20.9 26.0 730.7 0.00 0 0.0 29.4 24.1 24.4 3.626  -22.5   27.7    2.4  24    5.5   7 0 0 2 1 2 0 21.0 28.5 21.1 28.7 80.0 100 100 20 408 0 143 0 401 401 400 0 0 0 59 50 WAIT_ACK 346 
b.1 2025-07-01 21:18:00.799 a 2025-07-01-21:17:56 136 020 273 0.1 1.6 4.6 20.8 26.4 730.7 0.00 0 0.0 28.5 24.1 24.4 3.624  -25.0   27.7    2.4  24    5.5   7 0 0 1 1 2 0 21.0 28.6 21.1 28.7 80.0 100 100 20 408 0 143 0 401 401 399 0 0 0 60 50 WAIT_ACK 286 
b.1 2025-07-01 21:19:01.288 a 2025-07-01-21:18:56 004 047 111 0.7 2.1 3.5 20.5 26.3 730.6 0.00 0 0.0 27.3 24.1 24.4 3.623  -24.2   27.6    2.9  24    5.3   7 0 0 2 1 2 0 21.0 28.6 21.1 28.6 80.0 100 100 20 408 0 143 0 402 401 400 0 0 0 60 50 WAIT_ACK 226 
b.1 2025-07-01 21:20:02.247 a 2025-07-01-21:19:57 203 080 233 0.1 1.2 3.2 20.2 27.1 730.6 0.00 0 0.0 26.8 24.1 24.4 3.626  -22.5   27.4    2.5  24    5.2   7 0 0 2 1 2 0 21.0 28.4 21.0 28.6 80.0 100 100 20 408 0 143 0 401 400 400 0 0 0 60 50 WAIT_ACK 165 
b.1 2025-07-01 21:21:00.684 a 2025-07-01-21:20:55 230 092 353 0.2 1.3 4.4 20.0 27.2 730.6 0.00 0 0.0 26.5 24.1 24.4 3.626  -23.0   27.2    2.3  24    5.1   7 0 0 2 1 2 0 21.0 28.4 21.0 28.6 80.0 100 100 20 408 0 143 0 401 401 400 0 0 0 60 50 WAIT_ACK 106 
b.1 2025-07-01 21:22:01.043 a 2025-07-01-21:21:56 127 042 319 0.1 2.0 5.1 19.9 27.3 730.6 0.00 0 0.0 26.0 24.1 24.4 3.627  -23.6   27.1    2.5  24    5.0   5 0 0 2 1 2 0 20.9 28.4 21.0 28.6 80.0 100 100 20 408 0 143 0 402 401 400 0 0 0 59 50 WAIT_ACK 46 
b.1 2025-07-01 21:23:01.502 a 2025-07-01-21:22:56 147 052 284 0.1 1.4 3.4 19.7 27.7 730.6 0.00 0 0.0 25.6 24.1 24.4 3.626  -19.1   26.9    2.4  24    4.9   5 0 0 2 1 2 0 20.8 28.4 20.9 28.6 80.0 100 100 20 408 0 143 0 402 401 400 0 0 0 60 50 WAIT_ACK 0 
b.1 2025-07-01 21:24:01.584 a 2025-07-01-21:23:56 036 148 301 0.1 1.3 2.3 19.7 28.2 730.6 0.00 0 0.0 27.4 24.1 24.4 3.626  -21.2   26.7    2.2  25    4.9   5 0 0 2 1 2 0 20.8 28.5 20.9 28.7 80.0 100 100 20 408 0 143 0 401 401 400 0 0 0 60 50 WAIT_ACK 581 
b.1 2025-07-01 21:25:02.142 a 2025-07-01-21:24:57 337 124 351 0.1 0.4 1.6 19.8 28.0 730.6 0.00 0 0.0 27.2 24.1 24.4 3.626  -20.1   26.6    0.0  25    5.0   5 0 0 2 1 2 0 20.8 28.6 20.8 28.8 80.0 100 100 20 408 0 143 0 401 401 400 0 0 0 59 50 WAIT_ACK 521 
b.1 2025-07-01 21:26:00.803 a 2025-07-01-21:25:56 170 050 287 0.0 0.4 2.1 20.0 27.8 730.6 0.00 0 0.0 27.2 24.1 24.4 3.633  -21.1   26.5    0.0  25    5.0   5 0 0 2 1 2 0 20.8 28.6 20.8 28.8 80.0 100 100 20 408 0 143 0 400 401 399 0 0 0 60 50 WAIT_ACK 462 
b.1 2025-07-01 21:27:01.947 a 2025-07-01-21:26:57 182 044 299 0.0 0.7 2.2 20.2 27.2 730.6 0.00 0 0.0 28.4 24.1 24.4 3.626  -13.7   26.5    0.0  25    4.9   0 0 0 2 1 2 0 20.8 28.5 20.8 28.7 80.0 100 100 20 408 0 143 0 401 402 399 0 0 0 60 50 WAIT_ACK 600 
b.1 2025-07-01 21:28:01.187 a 2025-07-01-21:27:56 023 002 090 0.0 0.3 1.0 20.2 27.6 730.6 0.00 0 0.0 29.1 24.1 24.4 3.624  -20.2   26.5    0.0  25    5.0   5 0 0 2 1 2 0 20.7 28.6 20.8 28.8 80.0 100 100 20 408 0 143 0 401 401 400 0 0 0 59 50 WAIT_ACK 565 
b.1 2025-07-01 21:29:01.767 a 2025-07-01-21:28:57 118 148 133 0.1 0.3 0.7 20.5 27.5 730.6 0.00 0 0.0 28.7 24.1 24.4 3.633  -20.9   26.5    0.0  25    5.0   5 0 0 2 1 2 0 20.7 28.6 20.8 28.8 80.0 100 100 20 408 0 143 0 402 401 399 0 0 0 60 50 WAIT_ACK 504 
b.1 2025-07-01 21:30:00.303 a 2025-07-01-21:29:55 284 090 347 0.1 0.4 1.3 20.6 27.0 730.6 0.00 0 0.0 28.5 24.1 24.4 3.624  -20.8   26.4    0.0  25    5.0   5 0 0 2 1 2 0 20.7 28.6 20.8 28.8 80.0 100 100 20 408 0 143 0 401 401 400 0 0 0 60 50 WAIT_ACK 445 
b.1 2025-07-01 21:31:02.665 a 2025-07-01-21:30:57 029 184 350 0.0 0.4 1.0 20.7 26.8 730.6 0.00 0 0.0 28.2 24.1 24.4 3.624  -21.1   26.4    0.0  25    5.0   5 0 0 2 1 2 0 20.7 28.6 20.7 28.8 80.0 100 100 20 408 0 143 0 401 401 399 0 0 0 59 50 WAIT_ACK 383 
b.1 2025-07-01 21:32:00.467 a 2025-07-01-21:31:55 094 006 245 0.1 0.6 1.6 20.8 26.8 730.6 0.00 0 0.0 27.9 24.1 24.4 3.633  -21.2   26.4    2.1  25    4.9   5 0 0 2 1 2 0 20.7 28.6 20.8 28.8 80.0 100 100 20 408 0 144 0 401 401 399 0 0 0 59 50 WAIT_ACK 325 
b.1 2025-07-01 21:33:00.928 a 2025-07-01-21:32:56 122 031 270 0.1 1.1 3.0 20.8 26.4 730.6 0.00 0 0.0 27.4 24.1 24.4 3.626  -22.6   26.4    2.2  25    4.9   5 0 0 2 1 2 0 20.7 28.6 20.7 28.7 80.0 100 100 20 408 0 143 0 401 401 400 0 0 0 60 50 WAIT_ACK 265 
b.1 2025-07-01 21:34:01.148 a 2025-07-01-21:33:56 125 021 220 0.1 1.0 2.6 20.7 26.6 730.6 0.00 0 0.0 26.7 24.1 24.4 3.626  -22.8   26.3    2.1  25    4.8   5 0 0 2 1 2 0 20.7 28.6 20.7 28.8 80.0 100 100 20 408 0 143 0 401 402 399 0 0 0 60 50 WAIT_ACK 204 
b.1 2025-07-01 21:35:00.492 a 2025-07-01-21:34:55 099 020 140 0.1 0.9 3.0 20.5 26.9 730.6 0.00 0 0.0 26.3 24.1 24.5 3.626  -20.4   26.3    0.0  25    4.8   5 0 0 2 1 2 0 20.6 28.6 20.7 28.8 80.0 100 100 20 408 0 143 0 401 401 399 0 0 0 59 50 WAIT_ACK 145 
b.1 2025-07-01 21:36:00.526 a 2025-07-01-21:35:55 192 081 306 0.1 0.6 1.9 20.2 27.3 730.6 0.00 0 0.0 26.3 24.1 24.4 3.626  -20.1   26.2    0.0  25    4.8   0 0 0 2 1 2 0 20.6 28.7 20.7 28.8 80.0 100 100 20 408 0 143 0 401 401 400 0 0 0 60 50 WAIT_ACK 85 
b.1 2025-07-01 21:37:01.209 a 2025-07-01-21:36:56 110 017 270 0.1 2.3 5.4 20.1 27.3 730.5 0.00 0 0.0 25.8 24.1 24.4 3.626  -22.1   26.1    2.5  25    4.7   5 0 0 2 1 2 0 20.6 28.7 20.6 28.8 80.0 100 100 20 408 0 143 0 401 401 399 0 0 0 60 50 WAIT_ACK 24 
b.1 2025-07-01 21:38:01.427 a 2025-07-01-21:37:56 139 035 228 0.3 1.8 3.6 19.9 27.3 730.5 0.00 0 0.0 25.3 24.1 24.4 3.626  -22.7   26.0    2.5  25    4.6   5 0 0 2 1 2 0 20.5 28.7 20.6 28.9 80.0 100 100 20 408 0 143 0 402 401 400 0 0 0 59 50 WAIT_ACK 0 
b.1 2025-07-01 21:39:02.009 a 2025-07-01-21:38:57 152 098 287 0.1 1.2 3.2 19.7 27.9 730.5 0.00 0 0.0 25.0 24.1 24.4 3.627  -20.8   25.9    2.3  25    4.6   5 0 0 2 1 2 0 20.5 28.7 20.6 28.9 80.0 100 100 20 408 0 143 0 401 401 400 0 0 0 60 50 WAIT_ACK 0 
b.1 2025-07-01 21:40:02.193 a 2025-07-01-21:39:57 237 094 302 0.0 0.3 1.2 19.6 28.4 730.5 0.00 0 0.0 25.2 24.1 24.4 3.626  -19.8   25.8    0.0  26    4.6   5 0 0 2 1 2 0 20.5 28.7 20.5 28.9 80.0 100 100 20 408 0 143 0 402 401 399 0 0 0 59 50 WAIT_ACK 600 
b.1 2025-07-01 21:41:00.490 a 2025-07-01-21:40:55 155 034 252 0.0 0.6 2.3 19.6 28.2 730.5 0.00 0 0.0 25.3 24.1 24.4 3.626  -20.4   25.8    0.0  26    4.6   5 0 0 2 1 2 0 20.5 28.8 20.5 29.0 80.0 100 100 20 408 0 143 0 400 401 399 0 0 0 60 50 WAIT_ACK 583 
b.1 2025-07-01 21:42:01.272 a 2025-07-01-21:41:56 149 074 281 0.0 0.3 1.3 19.8 28.3 730.5 0.00 0 0.0 25.5 24.1 24.4 3.633  -18.9   25.7    0.0  26    4.7   5 0 0 2 1 2 0 20.5 28.9 20.5 29.0 80.0 100 100 20 408 0 143 0 401 401 399 0 0 0 60 50 WAIT_ACK 600 
b.1 2025-07-01 21:43:01.732 a 2025-07-01-21:42:57 289 178 329 0.1 0.6 1.3 19.9 28.6 730.5 0.00 0 0.0 25.7 24.1 24.4 3.626  -18.4   25.7    0.0  26    4.7   5 0 0 2 1 2 0 20.4 28.9 20.5 29.1 80.0 100 100 20 408 0 143 0 401 401 400 0 0 0 59 50 WAIT_ACK 600 
b.1 2025-07-01 21:44:01.569 a 2025-07-01-21:43:56 071 150 138 0.1 0.7 1.8 20.0 28.1 730.5 0.00 0 0.0 25.7 24.1 24.4 3.626  -18.4   25.7    0.0  26    4.7   0 0 0 2 1 2 0 20.5 28.9 20.5 29.1 80.0 100 100 20 408 0 143 0 401 401 400 0 0 0 59 50 WAIT_ACK 600 
b.1 2025-07-01 21:45:01.132 a 2025-07-01-21:44:56 270 120 352 0.0 0.7 3.1 20.2 27.8 730.5 0.00 0 0.0 25.7 24.1 24.4 3.633  -19.5   25.7    0.0  26    4.7   5 0 0 2 1 2 0 20.4 28.9 20.5 29.1 80.0 100 100 20 408 0 143 0 401 401 400 0 0 0 59 50 WAIT_ACK 600 
b.1 2025-07-01 21:46:01.772 a 2025-07-01-21:45:56 268 077 296 0.1 0.5 1.6 20.2 27.8 730.5 0.00 0 0.0 25.7 24.1 24.4 3.626  -19.1   25.7    0.0  26    4.7   0 0 0 2 1 2 0 20.5 28.9 20.5 29.1 80.0 100 100 20 408 0 143 0 402 402 400 0 0 0 59 50 WAIT_ACK 585 
b.1 2025-07-01 21:47:01.753 a 2025-07-01-21:46:56 129 030 151 0.0 0.3 0.9 20.2 28.0 730.5 0.00 0 0.0 25.9 24.1 24.4 3.624  -20.2   25.7    0.0  26    4.7   5 0 0 2 1 2 0 20.4 28.9 20.5 29.1 80.0 100 100 20 408 0 143 0 401 401 400 0 0 0 59 50 WAIT_ACK 598 
b.1 2025-07-01 21:48:01.730 a 2025-07-01-21:47:56 185 274 302 0.1 0.4 1.5 20.3 27.8 730.5 0.00 0 0.0 25.9 24.1 24.4 3.624  -18.7   25.7    0.0  26    4.8   5 0 0 2 1 2 0 20.4 28.9 20.5 29.1 80.0 100 100 20 408 0 143 0 401 401 399 0 0 0 59 50 WAIT_ACK 600 
b.1 2025-07-01 21:49:01.121 a 2025-07-01-21:48:56 123 046 160 0.1 0.4 1.0 20.3 27.8 730.5 0.00 0 0.0 26.0 24.1 24.4 3.626  -20.2   25.7    2.1  26    4.8   5 0 0 2 1 2 0 20.4 28.9 20.4 29.2 80.0 100 100 20 408 0 143 0 400 402 399 0 0 0 60 50 WAIT_ACK 596 
b.1 2025-07-01 21:50:01.710 a 2025-07-01-21:49:56 042 190 280 0.1 0.3 1.1 20.4 27.7 730.5 0.00 0 0.0 26.2 24.1 24.4 3.627  -18.5   25.7    0.0  26    4.8   0 0 0 2 1 2 0 20.4 29.0 20.4 29.2 80.0 100 100 20 408 0 143 0 401 401 399 0 0 0 60 50 WAIT_ACK 600 
b.1 2025-07-01 21:51:01.233 a 2025-07-01-21:50:56 075 357 250 0.0 0.5 1.8 20.4 27.5 730.5 0.00 0 0.0 26.5 24.1 24.5 3.626  -19.6   25.7    0.0  26    4.8   0 0 0 2 1 2 0 20.4 29.0 20.4 29.2 80.0 100 100 20 408 0 143 0 401 401 399 0 0 0 60 50 WAIT_ACK 600 
b.1 2025-07-01 21:52:01.171 a 2025-07-01-21:51:56 135 002 189 0.2 1.0 2.6 20.4 27.3 730.5 0.00 0 0.0 26.3 24.1 24.4 3.626  -20.0   25.8    2.1  26    4.8   5 0 0 2 1 2 0 20.4 29.0 20.4 29.2 80.0 100 100 20 408 0 143 0 401 401 400 0 0 0 59 50 WAIT_ACK 542 
b.1 2025-07-01 21:53:00.594 a 2025-07-01-21:52:55 108 011 262 0.1 1.1 4.0 20.4 27.0 730.5 0.00 0 0.0 26.0 24.1 24.4 3.626  -20.5   25.8    2.1  26    4.8   5 0 0 2 1 2 0 20.4 28.9 20.4 29.2 80.0 100 100 20 408 0 143 0 401 401 399 0 0 0 60 50 WAIT_ACK 482 
b.1 2025-07-01 21:54:00.713 a 2025-07-01-21:53:55 006 003 008 0.1 1.8 5.0 20.2 27.2 730.4 0.00 0 0.0 25.6 24.1 24.5 3.626  -21.1   25.9    2.2  26    4.8   5 0 0 2 1 2 0 20.4 28.9 20.4 29.2 80.0 100 100 20 408 0 143 0 401 401 399 0 0 0 60 50 WAIT_ACK 422 
b.1 2025-07-01 21:55:02.075 a 2025-07-01-21:54:57 130 024 226 0.1 2.4 5.3 19.9 27.5 730.4 0.00 0 0.0 25.0 24.1 24.4 3.626  -22.0   25.8    2.6  26    4.7   9 0 0 2 1 2 0 20.4 28.9 20.4 29.1 80.0 100 100 20 408 0 143 0 400 401 399 0 0 0 59 50 WAIT_ACK 361 
b.1 2025-07-01 21:56:01.773 a 2025-07-01-21:55:56 134 050 293 0.1 1.4 4.0 19.6 28.1 730.4 0.00 0 0.0 24.7 24.1 24.4 3.626  -21.9   25.7    2.4  26    4.6   6 0 0 2 1 2 0 20.3 28.9 20.4 29.1 80.0 100 100 20 408 0 143 0 401 401 400 0 0 0 60 50 WAIT_ACK 301 
b.1 2025-07-01 21:57:01.933 a 2025-07-01-21:56:57 124 025 307 0.1 1.8 4.4 19.4 28.4 730.5 0.00 0 0.0 24.5 24.1 24.4 3.624  -20.8   25.6    2.5  26    4.5   6 0 0 2 1 2 0 20.3 28.9 20.3 29.1 80.0 100 100 20 408 0 143 0 401 401 400 0 0 0 59 50 WAIT_ACK 241 
b.1 2025-07-01 21:58:00.674 a 2025-07-01-21:57:55 124 000 135 0.1 2.1 4.1 19.3 28.5 730.4 0.00 0 0.0 25.6 24.1 24.4 3.632  -20.9   25.5    2.7  26    4.5   0 0 0 2 1 2 0 20.3 29.0 20.3 29.2 80.0 100 100 20 408 0 143 0 401 401 399 0 0 0 59 50 WAIT_ACK 598 
b.1 2025-07-01 21:59:00.835 a 2025-07-01-21:58:56 083 009 215 0.1 1.9 4.4 19.2 28.8 730.4 0.00 0 0.0 26.4 24.1 24.4 3.626  -20.2   25.4    2.6  26    4.5   5 0 0 2 1 2 0 20.2 29.1 20.3 29.2 80.0 100 100 20 408 0 143 0 401 401 400 0 0 0 60 50 WAIT_ACK 561 
b.1 2025-07-01 22:00:00.358 a 2025-07-01-21:59:55 124 007 244 0.2 1.2 3.1 19.2 28.7 730.4 0.00 0 0.0 26.9 24.1 24.4 3.626  -19.8   25.4    2.3  26    4.6   5 0 0 2 1 2 0 20.2 29.1 20.2 29.3 80.0 100 100 20 408 0 143 0 401 401 399 0 0 0 59 50 WAIT_ACK 577 
b.1 2025-07-01 22:01:01.134 a 2025-07-01-22:00:56 187 335 357 0.1 1.2 2.6 19.4 29.0 730.4 0.00 0 0.0 28.3 24.1 24.4 3.633  -12.1   25.5    2.2  26    4.7   0 0 0 2 1 2 0 20.2 29.2 20.2 29.4 80.0 100 100 20 408 0 143 0 401 401 399 0 0 0 60 50 WAIT_ACK 600 
b.1 2025-07-01 22:02:01.220 a 2025-07-01-22:01:56 074 062 149 0.1 0.5 2.0 19.6 29.2 730.4 0.00 0 0.0 29.8 24.1 24.5 3.624  -16.3   25.6    0.0  26    4.8   0 0 0 2 1 2 0 20.2 29.2 20.3 29.4 80.0 100 100 20 408 0 143 0 402 401 400 0 0 0 60 50 WAIT_ACK 600 
b.1 2025-07-01 22:03:00.957 a 2025-07-01-22:02:56 171 089 270 0.0 0.5 1.4 19.8 28.7 730.5 0.00 0 0.0 29.5 24.1 24.4 3.626  -17.9   25.6    0.0  26    4.9   5 0 0 2 1 2 0 20.2 29.3 20.3 29.4 80.0 100 100 20 408 0 143 0 401 401 399 0 0 0 60 50 WAIT_ACK 600 
b.1 2025-07-01 22:04:00.938 a 2025-07-01-22:03:56 261 118 290 0.1 0.4 1.2 19.8 28.7 730.5 0.00 0 0.0 28.9 24.1 24.4 3.633  -17.5   25.7    0.0  26    4.9   5 0 0 2 1 2 0 20.3 29.2 20.3 29.4 80.0 100 100 20 408 0 143 0 401 401 399 0 0 0 59 50 WAIT_ACK 600 
b.1 2025-07-01 22:05:01.500 a 2025-07-01-22:04:56 075 015 352 0.0 0.6 1.8 20.0 29.1 730.4 0.00 0 0.0 28.7 24.1 24.4 3.623  -15.3   25.8    0.0  26    4.9   0 0 0 2 1 2 0 20.3 29.1 20.3 29.3 80.0 100 100 20 408 0 143 0 401 401 400 0 0 0 59 50 WAIT_ACK 600 
b.1 2025-07-01 22:06:01.619 a 2025-07-01-22:05:56 139 263 354 0.1 0.5 1.2 20.2 28.3 730.4 0.00 0 0.0 28.9 24.1 24.4 3.626  -17.9   25.8    0.0  26    5.0   0 0 0 2 1 2 0 20.3 29.1 20.3 29.3 80.0 100 100 20 408 0 143 0 401 401 400 0 0 0 60 50 WAIT_ACK 600 
b.1 2025-07-01 22:07:01.180 a 2025-07-01-22:06:56 174 096 270 0.1 0.5 1.8 20.3 28.2 730.4 0.00 0 0.0 28.6 24.1 24.4 3.626  -19.3   25.9    2.1  26    5.1   5 0 0 2 1 2 0 20.3 29.1 20.3 29.3 80.0 100 100 20 408 0 143 0 400 401 399 0 0 0 59 50 WAIT_ACK 584 
b.1 2025-07-01 22:08:02.280 a 2025-07-01-22:07:57 260 272 295 0.1 0.8 4.1 20.4 27.4 730.4 0.00 0 0.0 28.0 24.1 24.4 3.626  -19.6   26.0    2.2  26    5.0   5 0 0 2 1 2 0 20.3 29.1 20.3 29.3 80.0 100 100 20 408 0 143 0 401 401 400 0 0 0 60 50 WAIT_ACK 600 
b.1 2025-07-01 22:09:01.657 a 2025-07-01-22:08:56 170 092 306 0.0 0.8 2.2 20.4 27.1 730.4 0.00 0 0.0 27.5 24.1 24.4 3.626  -18.4   26.0    0.0  26    5.0   5 0 0 2 1 2 0 20.3 29.1 20.3 29.2 80.0 100 100 20 408 0 143 0 401 401 400 0 0 0 60 50 WAIT_ACK 600 
b.1 2025-07-01 22:10:02.236 a 2025-07-01-22:09:57 174 078 232 0.2 1.1 2.7 20.4 27.3 730.4 0.00 0 0.0 27.0 24.1 24.4 3.626  -20.2   26.0    2.2  26    5.0   5 0 0 2 1 2 0 20.2 29.1 20.3 29.3 80.0 100 100 20 408 0 143 0 401 401 400 0 0 0 59 50 WAIT_ACK 598 
b.1 2025-07-01 22:11:01.336 a 2025-07-01-22:10:56 170 103 211 0.1 0.6 2.2 20.4 27.7 730.4 0.00 0 0.0 26.7 24.1 24.4 3.626  -19.1   26.0    0.0  26    5.0   5 0 0 2 1 2 0 20.2 29.1 20.3 29.2 80.0 100 100 20 408 0 143 0 400 401 399 0 0 0 60 50 WAIT_ACK 600 
b.1 2025-07-01 22:12:01.278 a 2025-07-01-22:11:56 285 234 306 0.1 0.4 1.2 20.4 27.6 730.4 0.00 0 0.0 26.7 24.1 24.5 3.626  -19.7   26.0    0.0  26    5.0   0 0 0 2 1 2 0 20.3 29.1 20.3 29.3 80.0 100 100 20 408 0 143 0 401 401 399 0 0 0 60 50 WAIT_ACK 600 
b.1 2025-07-01 22:13:01.359 a 2025-07-01-22:12:56 095 035 246 0.1 0.9 2.8 20.4 27.3 730.4 0.00 0 0.0 26.5 24.1 24.4 3.626  -22.1   26.0    0.0  26    5.0   5 0 0 2 1 2 0 20.3 29.1 20.3 29.2 80.0 100 100 20 408 0 143 0 402 401 400 0 0 0 59 50 WAIT_ACK 557 
b.1 2025-07-01 22:14:00.780 a 2025-07-01-22:13:55 128 021 180 0.1 1.9 5.4 20.4 26.9 730.3 0.00 0 0.0 25.7 24.1 24.4 3.633  -25.5   26.0    2.3  26    4.8   5 0 0 1 1 2 0 20.3 29.0 20.4 29.2 80.0 100 100 20 408 0 143 0 402 401 400 0 0 0 60 50 WAIT_ACK 498 
b.1 2025-07-01 22:15:01.401 a 2025-07-01-22:14:56 127 042 201 0.1 1.1 4.6 20.2 27.1 730.4 0.00 0 0.0 25.2 24.1 24.5 3.626  -23.8   25.9    2.2  26    4.8   5 0 0 2 1 2 0 20.3 29.0 20.4 29.1 80.0 100 100 20 408 0 143 0 402 401 400 0 0 0 59 50 WAIT_ACK 437 
b.1 2025-07-01 22:16:01.141 a 2025-07-01-22:15:56 180 137 297 0.1 1.0 1.9 19.9 27.9 730.3 0.00 0 0.0 25.0 24.1 24.5 3.626  -24.6   25.9    0.0  26    4.8   5 0 0 2 1 2 0 20.3 29.0 20.4 29.1 80.0 100 100 20 408 0 143 0 401 401 400 0 0 0 59 50 WAIT_ACK 378 
b.1 2025-07-01 22:17:01.358 a 2025-07-01-22:16:56 193 072 260 0.1 1.2 3.2 19.9 27.8 730.3 0.00 0 0.0 24.9 24.1 24.4 3.633  -27.5   25.8    2.2  26    4.7   5 0 0 1 1 2 0 20.3 29.0 20.4 29.0 80.0 100 100 20 408 0 143 0 401 401 399 0 0 0 60 50 WAIT_ACK 317 
b.1 2025-07-01 22:18:01.302 a 2025-07-01-22:17:56 028 068 073 0.1 1.1 4.1 19.8 27.8 730.3 0.00 0 0.0 24.7 24.1 24.4 3.626  -25.2   25.8    2.1  26    4.6   5 0 0 1 1 2 0 20.3 28.9 20.4 29.0 80.0 100 100 20 408 0 143 0 402 401 400 0 0 0 60 50 WAIT_ACK 257 
b.1 2025-07-01 22:19:01.279 a 2025-07-01-22:18:56 244 120 309 0.1 0.7 2.2 19.8 28.1 730.3 0.00 0 0.0 25.1 24.1 24.4 3.626  -24.8   25.7    2.1  26    4.7   5 0 0 2 1 2 0 20.3 28.9 20.4 29.0 80.0 100 100 20 408 0 143 0 400 402 399 0 0 0 60 50 WAIT_ACK 197 
b.1 2025-07-01 22:20:02.601 a 2025-07-01-22:19:57 020 198 299 0.0 0.5 1.3 19.8 28.1 730.3 0.00 0 0.0 25.2 24.1 24.4 3.633  -22.6   25.6    0.0  26    4.6   5 0 0 2 1 2 0 20.3 28.9 20.3 29.0 80.0 100 100 20 408 0 143 0 401 401 400 0 0 0 60 50 WAIT_ACK 136 
b.1 2025-07-01 22:21:02.081 a 2025-07-01-22:20:57 119 008 138 0.2 1.6 4.3 19.9 27.4 730.2 0.00 0 0.0 25.0 24.1 24.4 3.626  -23.8   25.5    2.3  26    4.6   5 0 0 2 1 2 0 20.3 28.9 20.3 29.0 80.0 100 100 20 408 0 143 0 401 401 400 0 0 0 60 50 WAIT_ACK 77 
b.1 2025-07-01 22:22:01.045 a 2025-07-01-22:21:56 065 090 327 0.0 0.4 1.6 19.8 27.9 730.3 0.00 0 0.0 24.9 24.1 24.5 3.626  -22.0   25.5    0.0  26    4.6   5 0 0 2 1 2 0 20.3 28.9 20.3 29.0 80.0 100 100 20 408 0 143 0 401 401 399 0 0 0 60 50 WAIT_ACK 18 
b.1 2025-07-01 22:23:01.200 a 2025-07-01-22:22:56 173 061 282 0.0 0.8 3.1 19.7 27.7 730.2 0.00 0 0.0 24.8 24.1 24.4 3.626  -22.5   25.5    0.0  26    4.6   5 0 0 2 1 2 0 20.2 28.8 20.3 28.9 80.0 100 100 20 408 0 143 0 401 401 400 0 0 0 59 50 WAIT_ACK 0 
b.1 2025-07-01 22:24:01.200 a 2025-07-01-22:23:56 173 010 215 0.2 1.3 3.8 19.7 28.2 730.2 0.00 0 0.0 24.5 24.1 24.4 3.626  -20.9   25.5    0.0  26    4.6   5 0 0 2 1 2 0 20.2 28.8 20.3 28.9 80.0 100 100 20 408 0 143 0 401 401 399 0 0 0 59 50 WAIT_ACK 0 
b.1 2025-07-01 22:25:02.026 a 2025-07-01-22:24:57 103 026 211 0.4 2.6 6.1 19.6 27.6 730.3 0.00 0 0.0 24.0 24.1 24.4 3.626  -22.1   25.4    2.5  26    4.5   5 0 0 2 1 2 0 20.2 28.8 20.3 28.9 80.0 100 100 20 408 0 143 0 401 401 400 0 0 0 59 50 WAIT_ACK 0 
b.1 2025-07-01 22:26:02.043 a 2025-07-01-22:25:57 095 037 295 0.1 2.7 6.4 19.3 28.1 730.3 0.00 0 0.0 23.5 24.1 24.4 3.626  -21.0   25.3    2.9  26    4.4   7 0 0 2 1 2 0 20.2 28.7 20.3 28.8 80.0 100 100 20 408 0 143 0 401 401 399 0 0 0 60 50 WAIT_ACK 0 
b.1 2025-07-01 22:27:00.582 a 2025-07-01-22:26:55 108 047 283 0.5 2.9 5.1 19.1 28.2 730.2 0.00 0 0.0 23.2 24.1 24.4 3.628  -21.1   25.2    3.7  26    4.3   7 0 0 2 1 2 0 20.2 28.7 20.2 28.8 80.0 100 100 20 408 0 143 0 401 401 399 0 0 0 59 50 WAIT_ACK 0 
b.1 2025-07-01 22:28:01.125 a 2025-07-01-22:27:56 130 053 289 0.1 1.8 4.3 19.0 28.7 730.2 0.00 0 0.0 23.0 24.1 24.4 3.626  -19.0   25.0    3.0  26    4.1   7 0 0 2 1 2 0 20.2 28.8 20.2 28.9 80.0 100 100 20 408 0 143 0 401 401 399 0 0 0 60 50 WAIT_ACK 0 
b.1 2025-07-01 22:29:00.542 a 2025-07-01-22:28:55 306 130 353 0.0 0.6 2.3 19.0 29.0 730.2 0.00 0 0.0 23.2 24.1 24.4 3.626  -18.2   24.9    2.3  26    4.1   5 0 0 2 1 2 0 20.1 28.8 20.2 28.9 80.0 100 100 20 408 0 143 0 401 401 399 0 0 0 60 50 WAIT_ACK 600 
b.1 2025-07-01 22:30:01.644 a 2025-07-01-22:29:56 232 064 263 0.1 1.0 4.8 19.1 28.7 730.2 0.00 0 0.0 23.5 24.1 24.4 3.632  -20.5   24.8    2.2  26    4.2   5 0 0 2 1 2 0 20.1 28.9 20.2 29.0 80.0 100 100 20 408 0 143 0 401 401 400 0 0 0 60 50 WAIT_ACK 593 
b.1 2025-07-01 22:31:01.164 a 2025-07-01-22:30:56 076 023 141 0.1 1.4 3.9 19.1 28.9 730.2 0.00 0 0.0 23.4 24.1 24.5 3.626  -19.0   24.8    2.2  26    4.2   5 0 0 2 1 2 0 20.1 28.9 20.1 29.0 80.0 100 100 20 408 0 143 0 401 401 399 0 0 0 59 50 WAIT_ACK 600 
b.1 2025-07-01 22:32:01.664 a 2025-07-01-22:31:56 270 181 282 0.0 0.4 1.2 19.2 29.0 730.2 0.00 0 0.0 23.7 24.1 24.4 3.626  -19.0   24.8    0.0  26    4.2   5 0 0 2 1 2 0 20.0 28.9 20.1 29.1 80.0 100 100 20 408 0 143 0 401 401 399 0 0 0 59 50 WAIT_ACK 600 
b.1 2025-07-01 22:33:00.549 a 2025-07-01-22:32:55 199 350 296 0.0 0.8 3.0 19.3 28.7 730.2 0.00 0 0.0 24.0 24.1 24.4 3.632  -20.9   24.8    0.0  27    4.3   5 0 0 2 1 2 0 20.0 29.0 20.1 29.1 80.0 100 100 20 408 0 143 0 401 401 400 0 0 0 60 50 WAIT_ACK 589 
b.1 2025-07-01 22:34:01.226 a 2025-07-01-22:33:56 087 054 222 0.1 0.9 4.1 19.4 28.3 730.1 0.00 0 0.0 24.2 24.1 24.4 3.627  -22.1   24.8    2.2  27    4.3   5 0 0 2 1 2 0 20.0 29.0 20.1 29.1 80.0 100 100 20 408 0 143 0 402 401 400 0 0 0 59 50 WAIT_ACK 591 
b.1 2025-07-01 22:35:00.286 a 2025-07-01-22:34:55 205 055 273 0.2 2.0 3.4 19.4 28.3 730.2 0.00 0 0.0 24.0 24.1 24.4 3.633  -20.3   24.8    2.5  26    4.3   5 0 0 2 1 2 0 20.0 28.9 20.1 29.1 80.0 100 100 20 408 0 143 0 401 402 399 0 0 0 59 50 WAIT_ACK 532 
b.1 2025-07-01 22:36:01.848 a 2025-07-01-22:35:56 225 044 249 0.1 1.7 4.3 19.3 28.7 730.2 0.00 0 0.0 23.9 24.1 24.4 3.632  -17.8   24.8    2.5  26    4.2   5 0 0 2 1 2 0 20.0 29.0 20.1 29.1 80.0 100 100 20 408 0 143 0 401 401 399 0 0 0 60 50 WAIT_ACK 600 
b.1 2025-07-01 22:37:01.645 a 2025-07-01-22:36:56 014 124 164 0.1 1.2 2.4 19.3 28.7 730.2 0.00 0 0.0 23.9 24.1 24.4 3.627  -17.9   24.7    2.3  27    4.2   5 0 0 2 1 2 0 20.0 29.0 20.1 29.1 80.0 100 100 20 408 0 143 0 401 401 399 0 0 0 60 50 WAIT_ACK 600 
b.1 2025-07-01 22:38:02.085 a 2025-07-01-22:37:57 182 110 251 0.0 0.5 1.6 19.3 29.1 730.2 0.00 0 0.0 24.1 24.1 24.5 3.626  -18.5   24.7    0.0  27    4.2   5 0 0 2 1 2 0 20.0 29.1 20.0 29.2 80.0 100 100 20 408 0 143 0 401 402 399 0 0 0 60 50 WAIT_ACK 600 
b.1 2025-07-01 22:39:01.348 a 2025-07-01-22:38:56 125 064 202 0.1 0.6 2.3 19.3 28.7 730.2 0.00 0 0.0 24.6 24.1 24.4 3.626  -18.5   24.7    0.0  27    4.3   5 0 0 2 1 2 0 19.9 29.0 20.0 29.2 80.0 100 100 20 408 0 143 0 401 401 400 0 0 0 59 50 WAIT_ACK 600 
b.1 2025-07-01 22:40:00.789 a 2025-07-01-22:39:55 103 358 324 0.1 1.2 3.2 19.4 28.7 730.2 0.00 0 0.0 24.6 24.1 24.4 3.626  -19.2   24.7    2.1  27    4.3   5 0 0 2 1 2 0 20.0 28.9 20.0 29.1 80.0 100 100 20 408 0 143 0 401 401 400 0 0 0 59 50 WAIT_ACK 600 
b.1 2025-07-01 22:41:00.951 a 2025-07-01-22:40:56 302 204 000 0.0 0.5 1.1 19.5 28.9 730.2 0.00 0 0.0 24.6 24.1 24.4 3.626  -19.0   24.7    0.0  27    4.3   5 0 0 2 1 2 0 20.0 28.9 20.0 29.1 80.0 100 100 20 408 0 143 0 401 401 400 0 0 0 59 50 WAIT_ACK 600 
b.1 2025-07-01 22:42:00.848 a 2025-07-01-22:41:56 042 320 116 0.1 0.8 2.6 19.6 28.5 730.2 0.00 0 0.0 24.6 24.1 24.4 3.626  -18.8   24.7    2.2  27    4.4   5 0 0 2 1 2 0 20.0 28.8 20.0 29.0 80.0 100 100 20 408 0 143 0 401 401 400 0 0 0 60 50 WAIT_ACK 600 
b.1 2025-07-01 22:42:59.950 a 2025-07-01-22:42:55 138 000 190 0.2 1.2 3.5 19.6 27.8 730.1 0.00 0 0.0 24.4 24.1 24.4 3.626  -20.1   24.8    2.2  27    4.3   5 0 0 2 1 2 0 20.0 28.8 20.1 28.9 80.0 100 100 20 408 0 143 0 400 401 399 0 0 0 60 50 WAIT_ACK 597 
b.1 2025-07-01 22:44:01.009 a 2025-07-01-22:43:56 144 086 188 0.1 0.6 2.3 19.6 27.6 730.1 0.00 0 0.0 24.5 24.1 24.4 3.624  -17.9   24.8    0.0  27    4.3   5 0 0 2 1 2 0 20.0 28.7 20.1 28.9 80.0 100 100 20 408 0 143 0 401 401 400 0 0 0 59 50 WAIT_ACK 600 
b.1 2025-07-01 22:45:02.226 a 2025-07-01-22:44:57 145 082 205 0.0 0.6 2.4 19.5 28.9 730.1 0.00 0 0.0 24.7 24.1 24.4 3.624  -18.8   24.8    2.2  27    4.3   5 0 0 2 1 2 0 19.9 28.7 20.0 28.9 80.0 100 100 20 408 0 143 0 401 401 400 0 0 0 60 50 WAIT_ACK 600 
b.1 2025-07-01 22:46:01.252 a 2025-07-01-22:45:56 162 107 214 0.1 0.9 2.9 19.5 27.6 730.0 0.00 0 0.0 25.2 24.1 24.4 3.627  -12.4   24.8    0.0  27    4.3   0 0 0 2 1 2 0 19.9 28.8 20.0 28.9 80.0 100 100 20 408 0 143 0 401 401 400 0 0 0 59 50 WAIT_ACK 600 
b.1 2025-07-01 22:47:00.812 a 2025-07-01-22:46:55 131 356 154 0.0 0.6 1.8 19.5 28.2 730.0 0.00 0 0.0 28.1 24.1 24.5 3.626  -12.9   24.8    0.0  27    4.4   0 0 0 2 1 2 0 20.0 28.8 20.0 28.9 80.0 100 100 20 408 0 143 0 402 401 400 0 0 0 60 50 WAIT_ACK 600 
b.1 2025-07-01 22:48:00.351 a 2025-07-01-22:47:55 231 249 248 0.1 0.7 2.4 19.6 28.0 730.1 0.00 0 0.0 30.0 24.1 24.4 3.626  -17.3   24.9    0.0  27    4.6   0 0 0 2 1 2 0 20.0 28.8 20.0 29.0 80.0 100 100 20 408 0 143 0 401 402 399 0 0 0 59 50 WAIT_ACK 600 
b.1 2025-07-01 22:49:00.256 a 2025-07-01-22:48:55 006 317 254 0.3 1.2 2.6 19.7 27.6 730.0 0.00 0 0.0 28.9 24.1 24.4 3.633  -20.0   25.1    2.1  27    4.6   5 0 0 2 1 2 0 20.0 28.7 20.0 28.9 80.0 100 100 20 408 0 143 0 401 401 400 0 0 0 59 50 WAIT_ACK 592 
b.1 2025-07-01 22:50:01.851 a 2025-07-01-22:49:57 009 319 065 0.2 1.0 2.6 19.9 27.8 730.0 0.00 0 0.0 27.8 24.1 24.4 3.626  -19.2   25.3    2.1  26    4.7   5 0 0 2 1 2 0 20.0 28.8 20.0 28.9 80.0 100 100 20 408 0 143 0 401 401 400 0 0 0 59 50 WAIT_ACK 588 
b.1 2025-07-01 22:51:00.292 a 2025-07-01-22:50:55 008 283 114 0.1 1.0 2.0 19.9 27.4 730.0 0.00 0 0.0 26.9 24.1 24.4 3.626  -20.2   25.4    2.2  26    4.7   5 0 0 2 1 2 0 20.0 28.8 20.1 28.9 80.0 100 100 20 408 0 143 0 401 401 399 0 0 0 59 50 WAIT_ACK 589 
b.1 2025-07-01 22:52:02.089 a 2025-07-01-22:51:57 093 287 330 0.0 1.2 2.2 20.0 27.3 730.1 0.00 0 0.0 25.9 24.1 24.4 3.635  -19.8   25.5    2.2  26    4.7   7 0 0 2 1 2 0 20.0 28.8 20.1 28.9 80.0 100 100 20 408 0 143 0 402 401 400 0 0 0 59 50 WAIT_ACK 600 
b.1 2025-07-01 22:53:00.414 a 2025-07-01-22:52:55 058 192 263 0.1 0.8 2.6 19.9 27.5 730.1 0.00 0 0.0 25.4 24.1 24.4 3.626  -19.8   25.5    2.1  26    4.7   7 0 0 2 1 2 0 20.0 28.7 20.1 28.9 80.0 100 100 20 408 0 144 0 402 401 400 0 0 0 59 50 WAIT_ACK 551 
b.1 2025-07-01 22:54:01.734 a 2025-07-01-22:53:56 067 269 327 0.1 0.7 2.7 19.9 27.3 730.1 0.00 0 0.0 25.1 24.1 24.4 3.626  -22.3   25.6    2.1  26    4.7   7 0 0 2 1 2 0 20.0 28.7 20.1 28.8 80.0 100 100 20 408 0 143 0 401 401 400 0 0 0 60 50 WAIT_ACK 549 
b.1 2025-07-01 22:55:02.423 a 2025-07-01-22:54:57 111 041 144 0.1 0.8 3.0 19.8 27.0 730.1 0.00 0 0.0 25.1 24.1 24.4 3.626  -19.3   25.6    0.0  26    4.6   7 0 0 2 1 2 0 20.0 28.6 20.1 28.7 80.0 100 100 20 408 0 143 0 401 401 399 0 0 0 59 50 WAIT_ACK 600 
b.1 2025-07-01 22:56:01.252 a 2025-07-01-22:55:56 153 162 253 0.1 0.4 1.1 19.8 27.9 730.1 0.00 0 0.0 26.8 24.1 24.4 3.626  -16.7   25.5    0.0  26    4.6   0 0 0 2 1 2 0 20.0 28.6 20.1 28.7 80.0 100 100 20 408 0 143 0 401 401 399 0 0 0 59 50 WAIT_ACK 600 
b.1 2025-07-01 22:57:01.411 a 2025-07-01-22:56:56 076 297 118 0.1 1.0 2.5 19.9 27.4 730.1 0.00 0 0.0 26.7 24.1 24.5 3.626  -22.0   25.5    2.2  26    4.6   5 0 0 2 1 2 0 20.0 28.5 20.1 28.7 80.0 100 100 20 408 0 143 0 401 401 399 0 0 0 60 50 WAIT_ACK 586 
b.1 2025-07-01 22:58:00.974 a 2025-07-01-22:57:56 046 003 238 0.1 1.2 3.9 19.9 27.0 730.1 0.00 0 0.0 26.0 24.1 24.5 3.626  -19.7   25.6    2.1  26    4.6   5 0 0 2 1 2 0 20.1 28.4 20.1 28.6 80.0 100 100 20 408 0 143 0 401 401 400 0 0 0 59 50 WAIT_ACK 557 
b.1 2025-07-01 22:59:00.634 a 2025-07-01-22:58:55 110 070 141 0.1 1.0 3.6 19.9 26.9 730.1 0.00 0 0.0 25.4 24.1 24.5 3.626  -19.2   25.6    0.0  26    4.5   5 0 0 2 1 2 0 20.1 28.4 20.1 28.6 80.0 100 100 20 408 0 143 0 401 401 400 0 0 0 59 50 WAIT_ACK 557 
b.1 2025-07-01 23:00:00.951 a 2025-07-01-22:59:56 006 190 268 0.1 0.5 1.7 19.9 27.4 730.1 0.00 0 0.0 25.2 24.1 24.4 3.626  -19.5   25.5    0.0  26    4.5   5 0 0 2 1 2 0 20.0 28.3 20.1 28.5 80.0 100 100 20 408 0 143 0 401 401 400 0 0 0 60 50 WAIT_ACK 600 
b.1 2025-07-01 23:01:01.592 a 2025-07-01-23:00:56 074 304 131 0.1 0.6 1.9 19.9 26.8 730.0 0.00 0 0.0 25.0 24.1 24.4 3.624  -19.3   25.5    0.0  26    4.5   5 0 0 2 1 2 0 20.0 28.3 20.1 28.5 80.0 100 100 20 408 0 143 0 400 402 399 0 0 0 60 50 WAIT_ACK 587 
b.1 2025-07-01 23:02:01.053 a 2025-07-01-23:01:56 060 066 080 0.0 0.8 3.3 19.9 27.4 730.0 0.00 0 0.0 24.7 24.1 24.4 3.626  -18.9   25.5    0.0  26    4.4   5 0 0 2 1 2 0 20.0 28.3 20.1 28.5 80.0 100 100 20 408 0 143 0 400 402 399 0 0 0 60 50 WAIT_ACK 600 
b.1 2025-07-01 23:03:01.315 a 2025-07-01-23:02:56 143 137 166 0.0 0.3 1.6 19.9 27.2 730.0 0.00 0 0.0 24.6 24.1 24.4 3.626  -19.9   25.4    0.0  26    4.4   5 0 0 2 1 2 0 20.0 28.3 20.1 28.4 80.0 100 100 20 408 0 143 0 401 401 400 0 0 0 60 50 WAIT_ACK 588 
b.1 2025-07-01 23:04:00.615 a 2025-07-01-23:03:55 020 332 343 0.1 0.7 2.3 19.9 27.4 730.0 0.00 0 0.0 24.3 24.1 24.4 3.626  -20.2   25.4    0.0  26    4.5   5 0 0 2 1 1 0 20.0 28.3 20.0 28.5 80.0 100 100 20 408 0 143 0 401 401 400 0 0 0 60 50 WAIT_ACK 528 
b.1 2025-07-01 23:05:01.233 a 2025-07-01-23:04:56 239 232 282 0.1 0.6 1.4 19.9 26.9 730.0 0.00 0 0.0 24.2 24.1 24.5 3.633  -21.2   25.4    0.0  26    4.4   5 0 0 2 1 1 0 20.0 28.3 20.0 28.5 80.0 100 100 20 408 0 143 0 401 401 400 0 0 0 59 50 WAIT_ACK 468 
b.1 2025-07-01 23:06:01.875 a 2025-07-01-23:05:56 113 022 152 0.0 0.7 2.0 19.9 27.0 730.0 0.00 0 0.0 24.0 24.1 24.4 3.626  -20.5   25.4    0.0  26    4.4   5 0 0 2 1 2 0 20.0 28.3 20.0 28.4 80.0 100 100 20 408 0 143 0 401 401 399 0 0 0 60 50 WAIT_ACK 407 
b.1 2025-07-01 23:07:01.819 a 2025-07-01-23:06:56 233 135 298 0.0 0.2 0.6 19.8 27.1 730.0 0.00 0 0.0 24.1 24.1 24.5 3.626  -18.8   25.3    0.0  26    4.3   5 0 0 2 1 2 0 20.0 28.3 20.0 28.5 80.0 100 100 20 408 0 143 0 401 401 400 0 0 0 59 50 WAIT_ACK 600 
b.1 2025-07-01 23:08:00.917 a 2025-07-01-23:07:56 286 266 298 0.0 0.5 1.6 19.8 27.1 730.0 0.00 0 0.0 24.2 24.1 24.4 3.634  -18.9   25.3    0.0  26    4.3   5 0 0 2 1 2 0 20.0 28.3 20.0 28.4 80.0 100 100 20 408 0 143 0 401 401 400 0 0 0 59 50 WAIT_ACK 600 
b.1 2025-07-01 23:09:02.016 a 2025-07-01-23:08:57 010 043 294 0.1 0.7 2.6 19.8 27.4 730.0 0.00 0 0.0 24.1 24.1 24.5 3.626  -18.4   25.3    0.0  26    4.3   5 0 0 2 1 2 0 20.0 28.2 20.0 28.4 80.0 100 100 20 408 0 143 0 401 401 400 0 0 0 60 50 WAIT_ACK 600 
b.1 2025-07-01 23:10:02.061 a 2025-07-01-23:09:57 192 054 237 0.0 0.7 2.7 19.8 27.1 730.0 0.00 0 0.0 24.2 24.1 24.5 3.626  -19.0   25.2    2.2  26    4.3   5 0 0 2 1 2 0 20.0 28.2 20.0 28.3 80.0 100 100 20 408 0 143 0 401 401 399 0 0 0 60 50 WAIT_ACK 576 
b.1 2025-07-01 23:11:01.755 a 2025-07-01-23:10:56 090 315 280 0.0 0.4 1.2 19.8 27.1 730.0 0.00 0 0.0 24.4 24.1 24.4 3.626  -14.9   25.2    0.0  26    4.3   0 0 0 2 1 2 0 20.0 28.2 20.0 28.3 80.0 100 100 20 408 0 143 0 401 401 399 0 0 0 59 50 WAIT_ACK 600 
b.1 2025-07-01 23:12:00.117 a 2025-07-01-23:11:55 090 047 142 0.1 0.6 1.8 19.7 27.1 730.0 0.00 0 0.0 25.0 24.1 24.4 3.626  -19.3   25.2    0.0  26    4.2   5 0 0 2 1 2 0 19.9 28.2 20.0 28.4 80.0 100 100 20 408 0 143 0 401 401 400 0 0 0 59 50 WAIT_ACK 587 
b.1 2025-07-01 23:13:01.779 a 2025-07-01-23:12:56 116 259 276 0.1 0.6 1.4 19.7 27.2 730.0 0.00 0 0.0 24.8 24.1 24.4 3.626  -20.6   25.2    0.0  26    4.2   5 0 0 2 1 2 0 20.0 28.2 20.0 28.3 80.0 100 100 20 408 0 143 0 401 401 400 0 0 0 60 50 WAIT_ACK 562 
b.1 2025-07-01 23:14:00.878 a 2025-07-01-23:13:55 010 304 109 0.1 0.8 2.1 19.7 26.9 730.0 0.00 0 0.0 24.4 24.1 24.5 3.626  -20.5   25.2    2.1  26    4.2   5 0 0 2 1 2 0 19.9 28.1 20.0 28.3 80.0 100 100 20 408 0 143 0 401 402 399 0 0 0 60 50 WAIT_ACK 503 
b.1 2025-07-01 23:15:02.016 a 2025-07-01-23:14:57 117 350 248 0.2 1.3 4.4 19.7 26.9 730.0 0.00 0 0.0 24.0 24.1 24.5 3.626  -21.4   25.2    2.2  26    4.2   5 0 0 2 1 2 0 19.9 28.1 20.0 28.2 80.0 100 100 20 408 0 143 0 401 401 399 0 0 0 59 50 WAIT_ACK 442 
b.1 2025-07-01 23:16:00.638 a 2025-07-01-23:15:55 129 028 140 0.1 0.9 4.3 19.5 26.8 730.0 0.00 0 0.0 23.6 24.1 24.4 3.624  -20.9   25.2    0.0  26    4.2   5 0 0 2 1 2 0 19.9 28.0 20.0 28.2 80.0 100 100 20 408 0 143 0 401 401 399 0 0 0 60 50 WAIT_ACK 383 
b.1 2025-07-01 23:17:01.819 a 2025-07-01-23:16:56 025 328 242 0.0 0.9 1.8 19.4 27.3 730.0 0.00 0 0.0 23.4 24.1 24.4 3.626  -20.9   25.2    2.2  26    4.1   5 0 0 2 1 2 0 19.9 28.0 20.0 28.3 80.0 100 100 20 408 0 143 0 401 401 400 0 0 0 60 50 WAIT_ACK 322 
b.1 2025-07-01 23:18:01.298 a 2025-07-01-23:17:56 095 316 232 0.2 0.9 1.4 19.3 27.3 730.0 0.00 0 0.0 23.4 24.1 24.4 3.626  -20.3   25.1    0.0  26    4.1   5 0 0 2 1 2 0 19.9 28.0 19.9 28.2 80.0 100 100 20 408 0 143 0 402 401 400 0 0 0 59 50 WAIT_ACK 262 
b.1 2025-07-01 23:19:01.417 a 2025-07-01-23:18:56 116 316 331 0.0 0.3 0.9 19.3 27.4 730.0 0.00 0 0.0 23.8 24.1 24.4 3.624  -20.2   25.1    0.0  26    4.1   5 0 0 2 1 2 0 19.9 28.1 20.0 28.3 80.0 100 100 20 408 0 143 0 400 402 399 0 0 0 59 50 WAIT_ACK 584 
b.1 2025-07-01 23:20:00.499 a 2025-07-01-23:19:55 271 281 315 0.0 0.5 1.2 19.3 27.4 730.0 0.00 0 0.0 24.3 24.1 24.5 3.626  -14.4   25.1    0.0  26    4.2   0 0 0 2 1 2 0 19.9 28.1 19.9 28.3 80.0 100 100 20 408 0 143 0 401 401 399 0 0 0 60 50 WAIT_ACK 600 
b.1 2025-07-01 23:21:00.697 a 2025-07-01-23:20:55 263 010 298 0.0 0.3 1.1 19.3 27.7 730.0 0.00 0 0.0 24.9 24.1 24.4 3.626  -16.1   25.1    0.0  26    4.2   5 0 0 2 1 2 0 19.9 28.1 19.9 28.3 80.0 100 100 20 408 0 143 0 402 401 400 0 0 0 60 50 WAIT_ACK 600 
b.1 2025-07-01 23:22:01.242 a 2025-07-01-23:21:56 138 120 320 0.0 0.4 1.1 19.4 27.9 730.0 0.00 0 0.0 25.3 24.1 24.4 3.627  -18.6   25.2    0.0  26    4.3   5 0 0 2 1 2 0 19.9 28.1 20.0 28.3 80.0 100 100 20 408 0 143 0 401 401 399 0 0 0 59 50 WAIT_ACK 600 
b.1 2025-07-01 23:23:01.220 a 2025-07-01-23:22:56 042 010 090 0.1 0.2 0.7 19.4 27.7 730.0 0.00 0 0.0 25.3 24.1 24.4 3.626  -18.3   25.2    0.0  26    4.3   0 0 0 2 1 2 0 19.9 28.1 19.9 28.2 80.0 100 100 20 408 0 143 0 401 401 400 0 0 0 60 50 WAIT_ACK 600 
b.1 2025-07-01 23:24:01.898 a 2025-07-01-23:23:57 133 315 149 0.1 0.5 1.6 19.5 27.4 730.0 0.00 0 0.0 25.2 24.1 24.4 3.633  -19.5   25.1    0.0  26    4.2   5 0 0 2 1 2 0 19.9 28.0 20.0 28.2 80.0 100 100 20 408 0 143 0 401 401 399 0 0 0 60 50 WAIT_ACK 582 
b.1 2025-07-01 23:25:01.338 a 2025-07-01-23:24:56 096 310 234 0.1 1.0 2.7 19.6 27.4 730.0 0.00 0 0.0 25.0 24.1 24.4 3.626  -22.3   25.2    2.2  26    4.3   5 0 0 2 1 2 0 19.9 28.0 20.0 28.2 80.0 100 100 20 408 0 143 0 401 401 400 0 0 0 60 50 WAIT_ACK 543 
b.1 2025-07-01 23:26:01.737 a 2025-07-01-23:25:56 077 209 281 0.0 0.4 0.9 19.6 27.4 730.0 0.00 0 0.0 24.9 24.1 24.4 3.624  -21.8   25.2    0.0  26    4.3   5 0 0 2 1 2 0 19.9 28.0 20.0 28.2 80.0 100 100 20 408 0 143 0 401 401 400 0 0 0 60 50 WAIT_ACK 483 
b.1 2025-07-01 23:27:01.161 a 2025-07-01-23:26:56 189 151 261 0.1 0.3 0.6 19.6 27.6 730.0 0.00 0 0.0 25.3 24.1 24.4 3.633  -21.2   25.2    0.0  26    4.3   5 0 0 2 1 2 0 20.0 28.0 20.0 28.2 80.0 100 100 20 408 0 143 0 401 401 400 0 0 0 59 50 WAIT_ACK 423 
b.1 2025-07-01 23:28:01.042 a 2025-07-01-23:27:56 250 116 310 0.1 0.8 2.4 19.7 26.7 730.0 0.00 0 0.0 25.1 24.1 24.5 3.626  -22.5   25.2    2.2  26    4.3   5 0 0 2 1 2 0 19.9 28.0 20.0 28.1 80.0 100 100 20 408 0 143 0 401 401 399 0 0 0 60 50 WAIT_ACK 364 
b.1 2025-07-01 23:29:01.059 a 2025-07-01-23:28:56 068 339 174 0.1 1.2 2.5 19.7 26.7 730.0 0.00 0 0.0 24.8 24.1 24.4 3.626  -21.5   25.3    2.2  26    4.3   5 0 0 2 1 2 0 19.9 27.9 20.0 28.1 80.0 100 100 20 408 0 143 0 400 401 399 0 0 0 60 50 WAIT_ACK 304 
b.1 2025-07-01 23:30:00.619 a 2025-07-01-23:29:55 019 294 101 0.0 0.7 2.2 19.6 27.1 730.0 0.00 0 0.0 24.7 24.1 24.4 3.626  -19.8   25.3    0.0  26    4.3   5 0 0 2 1 2 0 19.9 27.9 20.0 28.1 80.0 100 100 20 408 0 143 0 401 401 400 0 0 0 60 50 WAIT_ACK 600 
b.1 2025-07-01 23:31:01.198 a 2025-07-01-23:30:56 029 284 110 0.1 0.4 1.5 19.6 27.3 730.0 0.00 0 0.0 24.7 24.1 24.4 3.626  -18.6   25.3    0.0  26    4.3   5 0 0 2 1 2 0 19.9 27.9 19.9 28.2 80.0 100 100 20 408 0 143 0 401 401 400 0 0 0 59 50 WAIT_ACK 600 
b.1 2025-07-01 23:32:00.480 a 2025-07-01-23:31:55 020 334 058 0.1 0.5 1.3 19.6 27.2 730.0 0.00 0 0.0 24.7 24.1 24.4 3.624  -18.9   25.3    0.0  26    4.3   5 0 0 2 1 2 0 19.9 28.0 19.9 28.2 80.0 100 100 20 408 0 143 0 401 401 400 0 0 0 60 50 WAIT_ACK 600 
b.1 2025-07-01 23:33:00.461 a 2025-07-01-23:32:55 316 257 345 0.1 0.8 2.3 19.6 27.3 729.9 0.00 0 0.0 24.8 24.1 24.5 3.626  -22.2   25.3    0.0  26    4.3   5 0 0 2 1 2 0 19.9 28.1 19.9 28.3 80.0 100 100 20 408 0 143 0 401 401 399 0 0 0 59 50 WAIT_ACK 588 
b.1 2025-07-01 23:34:00.720 a 2025-07-01-23:33:55 173 141 240 0.1 0.7 2.9 19.6 27.2 729.9 0.00 0 0.0 24.7 24.1 24.5 3.626  -18.8   25.4    2.1  26    4.3   5 0 0 2 1 2 0 19.9 28.1 19.9 28.3 80.0 100 100 20 408 0 143 0 401 401 400 0 0 0 59 50 WAIT_ACK 528 
b.1 2025-07-01 23:35:02.424 a 2025-07-01-23:34:57 000 169 241 0.0 0.5 2.0 19.7 27.3 729.9 0.00 0 0.0 26.3 24.1 24.4 3.627  -19.1   25.3    2.2  26    4.3   0 0 0 2 1 2 0 19.9 28.1 19.9 28.3 80.0 100 100 20 408 0 143 0 401 402 400 0 0 0 60 50 WAIT_ACK 600 
b.1 2025-07-01 23:36:00.920 a 2025-07-01-23:35:55 134 003 216 0.1 0.6 2.2 19.7 27.6 729.9 0.00 0 0.0 26.3 24.1 24.4 3.626  -19.0   25.3    0.0  26    4.3   5 0 0 2 1 2 0 19.9 28.1 19.9 28.3 80.0 100 100 20 408 0 143 0 401 401 399 0 0 0 59 50 WAIT_ACK 600 
b.1 2025-07-01 23:37:01.460 a 2025-07-01-23:36:56 129 341 162 0.2 1.1 2.9 19.7 26.7 729.9 0.00 0 0.0 25.8 24.1 24.4 3.626  -21.3   25.4    2.2  26    4.3   5 0 0 2 1 2 0 19.9 28.1 20.0 28.3 80.0 100 100 20 408 0 143 0 401 401 399 0 0 0 60 50 WAIT_ACK 582 
b.1 2025-07-01 23:38:00.940 a 2025-07-01-23:37:56 128 027 206 0.1 1.3 2.8 19.7 26.9 729.9 0.00 0 0.0 25.1 24.1 24.4 3.626  -19.8   25.4    2.2  26    4.3   5 0 0 2 1 2 0 19.9 28.1 19.9 28.3 80.0 100 100 20 408 0 143 0 401 401 400 0 0 0 60 50 WAIT_ACK 522 
b.1 2025-07-01 23:39:01.561 a 2025-07-01-23:38:56 014 235 090 0.0 0.6 1.4 19.6 27.5 729.9 0.00 0 0.0 24.8 24.1 24.4 3.633  -20.7   25.4    0.0  26    4.3   5 0 0 2 1 2 0 19.9 28.1 19.9 28.3 80.0 100 100 20 408 0 143 0 400 402 399 0 0 0 60 50 WAIT_ACK 555 
b.1 2025-07-01 23:40:01.546 a 2025-07-01-23:39:56 253 300 309 0.0 0.8 3.0 19.6 27.5 729.9 0.00 0 0.0 24.5 24.1 24.4 3.633  -23.0   25.4    0.0  26    4.3   5 0 0 2 1 2 0 19.9 28.2 19.9 28.3 80.0 100 100 20 408 0 143 0 401 401 400 0 0 0 59 50 WAIT_ACK 495 
b.1 2025-07-01 23:41:01.562 a 2025-07-01-23:40:56 107 051 218 0.1 0.5 1.4 19.6 27.3 729.9 0.00 0 0.0 24.3 24.1 24.4 3.626  -21.6   25.4    0.0  25    4.3   5 0 0 2 1 2 0 19.9 28.2 19.9 28.4 80.0 100 100 20 408 0 143 0 401 402 399 0 0 0 59 50 WAIT_ACK 435 
b.1 2025-07-01 23:42:00.867 a 2025-07-01-23:41:55 108 007 181 0.0 1.1 3.3 19.6 27.3 729.9 0.00 0 0.0 24.3 24.1 24.4 3.626  -20.9   25.4    0.0  25    4.2   5 0 0 2 1 2 0 19.9 28.2 19.9 28.4 80.0 100 100 20 408 0 143 0 401 401 400 0 0 0 60 50 WAIT_ACK 375 
b.1 2025-07-01 23:43:01.322 a 2025-07-01-23:42:56 026 339 353 0.0 0.4 1.6 19.6 27.2 729.9 0.00 0 0.0 24.8 24.1 24.4 3.632  -21.6   25.4    0.0  26    4.2   5 0 0 2 1 2 0 19.9 28.3 19.9 28.4 80.0 100 100 20 408 0 143 0 401 401 400 0 0 0 59 50 WAIT_ACK 315 
b.1 2025-07-01 23:44:00.244 a 2025-07-01-23:43:55 011 072 077 0.0 0.4 1.4 19.6 27.4 729.9 0.00 0 0.0 25.4 24.1 24.5 3.626  -20.7   25.3    0.0  26    4.3   0 0 0 2 1 2 0 19.9 28.3 19.9 28.4 80.0 100 100 20 408 0 143 0 400 401 399 0 0 0 60 50 WAIT_ACK 599 
b.1 2025-07-01 23:45:01.562 a 2025-07-01-23:44:56 175 125 203 0.1 0.5 1.3 19.6 27.1 729.9 0.00 0 0.0 27.2 24.1 24.4 3.626  -17.9   25.3    2.1  26    4.3   0 0 0 2 1 2 0 19.9 28.4 19.9 28.5 80.0 100 100 20 408 0 143 0 401 401 399 0 0 0 60 50 WAIT_ACK 600 
b.1 2025-07-01 23:46:00.346 a 2025-07-01-23:45:55 234 235 306 0.1 0.6 1.3 19.8 27.2 729.9 0.00 0 0.0 27.6 24.1 24.4 3.626  -20.3   25.4    2.1  26    4.4   5 0 0 2 1 2 0 19.8 28.3 19.9 28.4 80.0 100 100 20 408 0 143 0 401 401 400 0 0 0 59 50 WAIT_ACK 560 
b.1 2025-07-01 23:47:01.746 a 2025-07-01-23:46:56 090 287 122 0.1 0.7 1.6 19.8 27.2 729.9 0.00 0 0.0 27.0 24.1 24.4 3.626  -21.1   25.5    0.0  26    4.5   5 0 0 2 1 2 0 19.8 28.3 19.9 28.4 80.0 100 100 20 408 0 144 0 400 401 399 0 0 0 60 50 WAIT_ACK 499 
b.1 2025-07-01 23:48:01.407 a 2025-07-01-23:47:56 130 352 236 0.1 1.1 4.9 20.0 26.8 729.9 0.00 0 0.0 26.5 24.1 24.5 3.626  -23.8   25.6    2.1  26    4.5   5 0 0 2 1 2 0 19.8 28.3 19.9 28.4 80.0 100 100 20 408 0 144 0 401 401 400 0 0 0 60 50 WAIT_ACK 439 
b.1 2025-07-01 23:49:00.828 a 2025-07-01-23:48:55 107 330 193 0.3 1.7 5.6 20.0 26.6 729.9 0.00 0 0.0 25.7 24.1 24.4 3.626  -19.4   25.6    2.2  26    4.5   5 0 0 2 1 2 0 19.9 28.2 19.9 28.4 80.0 100 100 20 408 0 144 0 401 401 400 0 0 0 59 50 WAIT_ACK 380 
b.1 2025-07-01 23:50:02.005 a 2025-07-01-23:49:57 117 349 277 0.3 1.7 5.8 19.9 26.6 729.9 0.00 0 0.0 25.5 24.1 24.5 3.627  -22.4   25.7    2.3  25    4.4   6 0 0 2 1 2 0 19.9 28.3 19.9 28.5 80.0 100 100 20 408 0 143 0 401 401 400 0 0 0 60 50 WAIT_ACK 318 
b.1 2025-07-01 23:51:00.746 a 2025-07-01-23:50:55 044 026 251 0.1 2.0 5.5 19.8 26.9 729.8 0.00 0 0.0 26.0 24.1 24.5 3.626  -22.1   25.7    2.5  25    4.4   6 0 0 2 1 2 0 19.9 28.4 19.9 28.5 80.0 100 100 20 408 0 143 0 401 401 399 0 0 0 59 50 WAIT_ACK 594 
b.1 2025-07-01 23:52:01.726 a 2025-07-01-23:51:56 206 041 000 0.1 2.1 4.9 19.5 27.3 729.8 0.00 0 0.0 25.9 24.1 24.4 3.627  -20.0   25.7    2.6  25    4.4   6 0 0 2 1 2 0 19.9 28.5 19.9 28.7 80.0 100 100 20 408 0 143 0 401 401 399 0 0 0 59 50 WAIT_ACK 533 
b.1 2025-07-01 23:53:01.767 a 2025-07-01-23:52:56 111 068 310 0.1 2.0 5.0 19.4 27.9 729.9 0.00 0 0.0 26.2 24.1 24.4 3.626  -27.1   25.6    2.6  25    4.3   6 0 0 1 1 2 0 19.8 28.6 19.9 28.7 80.0 100 100 20 408 0 143 0 401 401 399 0 0 0 60 50 WAIT_ACK 473 
b.1 2025-07-01 23:54:01.107 a 2025-07-01-23:53:56 128 041 349 0.4 2.9 5.2 19.2 27.8 729.9 0.00 0 0.0 25.6 24.1 24.4 3.626  -21.9   25.5    3.3  25    4.2   6 0 0 2 1 2 0 19.8 28.7 19.9 28.8 80.0 100 100 20 408 0 143 0 401 402 400 0 0 0 59 50 WAIT_ACK 413 
b.1 2025-07-01 23:55:02.805 a 2025-07-01-23:54:57 311 186 348 0.1 1.4 3.9 19.1 28.3 729.8 0.00 0 0.0 26.8 24.1 24.4 3.626  -23.2   25.3    2.4  26    4.2   5 0 0 2 1 2 0 19.7 28.8 19.8 28.9 80.0 100 100 20 408 0 143 0 401 401 400 0 0 0 59 50 WAIT_ACK 352 
b.1 2025-07-01 23:56:00.648 a 2025-07-01-23:55:55 143 044 288 0.6 3.2 5.5 19.1 27.8 729.8 0.00 0 0.0 26.3 24.1 24.4 3.633  -23.9   25.2    3.5  26    4.1   5 0 0 2 1 2 0 19.7 28.8 19.8 28.9 80.0 100 100 20 408 0 143 0 401 401 399 0 0 0 60 50 WAIT_ACK 294 
b.1 2025-07-01 23:57:01.187 a 2025-07-01-23:56:56 123 018 249 0.3 1.9 4.2 18.9 28.0 729.8 0.00 0 0.0 26.8 24.1 24.4 3.626  -21.4   25.1    3.0  26    4.0   0 0 0 2 1 2 0 19.7 28.9 19.8 29.0 80.0 100 100 20 408 0 143 0 402 401 400 0 0 0 60 50 WAIT_ACK 233 
b.1 2025-07-01 23:58:00.230 a 2025-07-01-23:57:55 164 026 239 0.1 1.2 2.9 18.9 28.3 729.8 0.00 0 0.0 28.0 24.1 24.5 3.626  -20.7   25.0    2.4  26    4.1   5 0 0 2 1 2 0 19.7 28.9 19.8 29.0 80.0 100 100 20 408 0 144 0 400 401 399 0 0 0 60 50 WAIT_ACK 174 
b.1 2025-07-01 23:59:01.368 a 2025-07-01-23:58:56 151 090 200 0.1 1.1 3.4 19.0 29.0 729.8 0.00 0 0.0 29.0 24.1 24.4 3.632  -19.5   25.0    2.2  26    4.2   0 0 0 2 1 2 0 19.7 28.9 19.8 29.0 80.0 100 100 20 408 0 144 0 401 401 399 0 0 0 60 50 WAIT_ACK 586 
