b.1 2025-06-02 00:00:00.688 a 2025-06-01-23:59:59 007 247 183 0.5 5.2 11.0 8.3 70.6 725.6 49.52 26700 0.0 15.3 24.1 24.5 3.627  -11.7   13.5   11.8  70    8.1   0 0 0 2 1 3 1 9.3 73.8 9.3 74.6 80.0 100 100 22 408 0 145 0 402 401 400 0 0 0 60 50 WAIT_ACK 600 
b.1 2025-06-02 00:01:00.628 a 2025-06-02-00:00:59 148 246 341 1.2 7.2 13.0 8.2 70.9 725.7 0.00 0 0.0 14.5 22.6 23.4 3.633  -15.0   13.5   19.1  70    8.0  11 0 0 2 2 2 0 9.3 74.0 9.3 74.6 80.0 100 100 22 408 0 145 0 402 401 400 0 0 0 60 50 WAIT_ACK 600 
b.1 2025-06-02 00:02:01.447 a 2025-06-02-00:01:59 090 244 307 0.4 5.9 10.0 8.2 71.8 725.7 0.00 0 0.0 15.0 24.0 23.4 3.633  -11.2   13.4   17.3  69    7.9  11 0 0 2 2 3 1 9.3 73.7 9.3 74.4 80.0 100 100 22 408 0 145 0 401 401 399 0 0 0 60 50 WAIT_ACK 600 
b.1 2025-06-02 00:03:00.588 a 2025-06-02-00:02:59 095 248 322 0.4 5.8 9.7 8.2 72.3 725.6 0.00 0 0.0 15.2 24.1 24.5 3.627  -12.8   13.3   13.2  70    7.9   0 0 0 2 1 3 1 9.2 73.8 9.2 74.7 80.0 100 100 22 408 0 145 0 401 401 399 0 0 0 60 50 WAIT_ACK 600 
b.1 2025-06-02 00:04:01.750 a 2025-06-02-00:04:00 022 251 139 0.4 5.1 11.1 8.2 72.4 725.7 0.00 0 0.0 14.9 24.1 24.5 3.627  -21.9   13.4   12.9  69    7.9   5 0 0 2 1 2 0 9.2 74.4 9.2 75.1 80.0 100 100 22 408 0 145 0 402 401 400 0 0 0 60 50 WAIT_ACK 582 
b.1 2025-06-02 00:05:01.730 a 2025-06-02-00:05:00 015 257 111 0.5 4.5 8.6 8.2 73.4 725.7 0.00 0 0.0 15.0 24.1 24.4 3.627  -20.5   13.4   12.3  70    7.9  14 0 0 2 1 2 0 9.3 74.5 9.3 75.3 80.0 100 100 22 408 0 145 0 401 401 400 0 0 0 60 50 WAIT_ACK 522 
b.1 2025-06-02 00:06:00.091 a 2025-06-02-00:05:58 110 265 287 0.3 3.5 8.1 8.2 72.8 725.6 0.00 0 0.0 14.5 22.6 23.4 3.634  -22.3   13.3    9.7  70    7.9  11 0 0 2 1 2 0 9.3 74.8 9.3 75.6 80.0 100 100 22 408 0 145 0 401 401 399 0 0 0 60 50 WAIT_ACK 554 
b.1 2025-06-02 00:07:02.128 a 2025-06-02-00:07:00 079 248 277 0.4 3.9 9.0 8.2 73.4 725.7 0.00 0 0.0 14.6 22.6 23.4 3.633  -10.9   13.3    9.6  69    7.8  11 0 0 2 1 2 0 9.3 75.1 9.3 76.0 80.0 100 100 22 408 0 145 0 401 401 399 0 0 0 60 50 WAIT_ACK 600 
b.1 2025-06-02 00:08:00.990 a 2025-06-02-00:07:59 121 239 289 0.4 3.9 8.3 8.2 74.2 725.8 0.00 0 0.0 15.0 24.1 24.4 3.627  -15.3   13.2    9.1  69    7.8  11 0 0 2 1 2 0 9.3 75.2 9.3 76.0 80.0 100 100 22 408 0 145 0 401 401 399 0 0 0 60 50 WAIT_ACK 600 
b.1 2025-06-02 00:09:00.726 a 2025-06-02-00:08:59 129 234 273 0.6 5.5 10.4 8.1 74.2 725.7 0.00 0 0.0 14.8 23.7 23.4 3.634  -16.0   13.2   12.7  70    7.9  11 0 0 2 1 2 0 9.3 75.6 9.3 76.2 80.0 100 100 22 408 0 145 0 402 401 400 0 0 0 60 50 WAIT_ACK 600 
b.1 2025-06-02 00:10:00.910 a 2025-06-02-00:09:59 135 224 327 0.4 3.9 7.9 8.1 74.3 725.7 0.00 0 0.0 14.7 23.3 23.4 3.633  -10.5   13.2    9.6  71    7.9  11 0 0 2 1 2 0 9.3 75.7 9.3 76.5 80.0 100 100 22 408 0 145 0 401 401 399 0 0 0 60 50 WAIT_ACK 600 
b.1 2025-06-02 00:11:00.173 a 2025-06-02-00:10:58 087 235 278 0.5 4.1 7.3 8.1 75.3 725.7 0.00 0 0.0 14.7 23.3 23.4 3.633  -12.3   13.1    9.0  71    7.9  11 0 0 2 1 2 0 9.3 75.7 9.3 76.6 80.0 100 100 22 408 0 145 0 402 401 400 0 0 0 60 50 WAIT_ACK 600 
b.1 2025-06-02 00:12:01.599 a 2025-06-02-00:12:00 099 257 327 0.7 3.9 7.6 8.1 75.3 725.7 0.00 0 0.0 14.7 23.6 23.4 3.633  -11.8   13.1    9.3  71    7.9   5 0 0 2 1 2 0 9.3 75.8 9.3 76.5 80.0 100 100 22 408 0 145 0 402 401 400 0 0 0 60 50 WAIT_ACK 600 
b.1 2025-06-02 00:13:00.411 a 2025-06-02-00:12:58 094 243 273 0.4 4.8 9.4 8.1 73.9 725.7 0.00 0 0.0 15.2 24.1 24.5 3.626  -10.5   13.1    9.9  71    8.0   7 0 0 2 1 3 1 9.3 75.6 9.3 76.4 80.0 100 100 22 408 0 145 0 401 401 399 0 0 0 60 50 WAIT_ACK 600 
b.1 2025-06-02 00:13:59.789 a 2025-06-02-00:13:58 004 230 115 0.2 5.3 8.2 8.1 73.9 725.7 0.00 0 0.0 14.4 22.6 23.4 3.633  -23.1   13.1   12.2  71    8.0  14 0 0 2 1 2 0 9.3 75.8 9.3 76.4 80.0 100 100 22 408 0 145 0 401 401 400 0 0 0 60 50 WAIT_ACK 564 
b.1 2025-06-02 00:15:01.532 a 2025-06-02-00:15:00 112 240 289 0.5 3.4 6.5 8.1 74.7 725.7 0.00 0 0.0 15.1 24.1 24.4 3.634  -10.0   13.1    8.2  71    8.0  11 0 0 3 1 2 1 9.3 75.7 9.3 76.5 80.0 100 100 21 408 0 145 0 401 401 400 0 0 0 60 50 WAIT_ACK 600 
b.1 2025-06-02 00:16:00.388 a 2025-06-02-00:15:58 305 239 355 0.2 2.9 7.9 8.1 74.7 725.7 0.00 0 0.0 15.2 24.1 24.5 3.627  -13.2   13.1    5.8  71    8.0   5 0 0 2 1 2 0 9.3 75.7 9.3 76.4 80.0 100 100 21 408 0 145 0 402 401 399 0 0 0 60 50 WAIT_ACK 600 
b.1 2025-06-02 00:17:00.233 a 2025-06-02-00:16:58 046 241 268 0.2 4.1 8.3 8.1 74.4 725.7 0.00 0 0.0 15.0 23.9 23.4 3.633  -14.1   13.1    6.4  71    8.0  11 0 0 2 1 2 0 9.3 75.9 9.3 76.6 80.0 100 100 21 408 0 145 0 402 401 399 0 0 0 60 50 WAIT_ACK 600 
b.1 2025-06-02 00:18:00.654 a 2025-06-02-00:17:59 017 224 081 0.2 4.9 9.9 8.2 76.6 725.7 0.00 0 0.0 14.4 22.6 23.4 3.633  -10.4   13.1    8.0  71    8.1  10 0 0 2 1 2 0 9.3 76.0 9.3 76.5 80.0 100 100 21 408 0 145 0 401 401 399 0 0 0 60 50 WAIT_ACK 600 
b.1 2025-06-02 00:19:00.776 a 2025-06-02-00:18:59 208 230 332 1.4 6.1 10.3 8.2 73.1 725.7 0.00 0 0.0 14.5 22.6 23.4 3.633  -14.3   13.1   12.5  72    8.2  12 0 0 2 1 2 0 9.3 75.2 9.3 76.0 80.0 100 100 21 408 0 145 0 402 401 400 0 0 0 60 50 WAIT_ACK 600 
b.1 2025-06-02 00:20:01.312 a 2025-06-02-00:19:59 130 236 277 0.4 5.3 9.3 8.2 71.4 725.7 0.00 0 0.0 15.1 24.1 24.5 3.627  -16.4   13.1   12.2  72    8.2  12 0 0 2 1 2 0 9.3 74.6 9.3 75.3 80.0 100 100 21 408 0 145 0 402 401 400 0 0 0 60 50 WAIT_ACK 600 
b.1 2025-06-02 00:21:01.693 a 2025-06-02-00:21:00 093 254 271 0.1 3.6 8.7 8.1 72.7 725.7 0.00 0 0.0 14.9 24.1 24.5 3.626  -14.2   13.1    9.2  71    8.1   0 0 0 2 1 2 0 9.3 74.1 9.3 74.9 80.0 100 100 21 408 0 145 0 401 401 399 0 0 0 60 50 WAIT_ACK 600 
b.1 2025-06-02 00:22:01.713 a 2025-06-02-00:22:00 007 258 088 0.5 4.6 8.4 8.2 71.3 725.8 0.00 0 0.0 14.9 24.1 24.5 3.628  -18.5   13.1   11.2  71    8.0  10 0 0 2 1 2 0 9.3 73.6 9.3 74.2 80.0 100 100 21 408 0 145 0 402 401 400 0 0 0 60 50 WAIT_ACK 600 
b.1 2025-06-02 00:23:00.532 a 2025-06-02-00:22:59 280 211 284 0.2 2.4 7.1 8.1 73.1 725.7 0.00 0 0.0 14.7 23.6 23.4 3.633  -11.0   13.1    6.5  71    7.9   8 0 0 2 1 2 0 9.2 73.6 9.2 74.2 80.0 100 100 21 408 0 145 0 401 401 399 0 0 0 60 50 WAIT_ACK 600 
b.1 2025-06-02 00:24:01.072 a 2025-06-02-00:23:59 086 232 296 0.2 3.7 7.9 8.1 73.0 725.7 0.00 0 0.0 14.8 23.7 23.4 3.633  -15.1   13.1    6.8  71    7.9  13 0 0 2 1 2 0 9.2 73.8 9.2 74.5 80.0 100 100 21 408 0 145 0 402 401 400 0 0 0 60 50 WAIT_ACK 600 
b.1 2025-06-02 00:25:01.013 a 2025-06-02-00:24:59 116 235 281 0.4 5.0 9.1 8.1 71.7 725.7 0.00 0 0.0 15.1 24.1 24.5 3.626  -16.0   13.1    8.3  71    7.9  11 0 0 2 1 2 0 9.3 73.7 9.2 74.6 80.0 100 100 21 408 0 145 0 401 401 399 0 0 0 60 50 WAIT_ACK 600 
b.1 2025-06-02 00:26:01.130 a 2025-06-02-00:25:59 064 237 000 0.5 4.2 7.3 8.2 72.5 725.8 0.00 0 0.0 14.8 23.8 23.4 3.633  -16.9   13.0    8.6  71    7.9  11 0 0 2 1 2 0 9.3 74.0 9.2 74.6 80.0 100 100 21 408 0 145 0 401 401 399 0 0 0 60 50 WAIT_ACK 600 
b.1 2025-06-02 00:27:01.614 a 2025-06-02-00:27:00 106 220 280 0.3 3.2 8.0 8.1 73.0 725.8 0.00 0 0.0 14.6 22.6 23.4 3.633  -19.5   13.0    6.1  71    7.9   0 0 0 2 1 2 0 9.3 74.3 9.3 74.9 80.0 100 100 21 408 0 145 0 401 401 400 0 0 0 60 50 WAIT_ACK 562 
b.1 2025-06-02 00:28:00.674 a 2025-06-02-00:27:59 143 223 280 0.6 5.5 9.0 8.1 72.6 725.8 0.00 0 0.0 14.4 22.6 23.4 3.633  -16.7   13.0    9.4  71    7.8  12 0 0 2 1 2 0 9.3 74.2 9.3 75.0 80.0 100 100 21 408 0 145 0 401 401 399 0 0 0 60 50 WAIT_ACK 600 
b.1 2025-06-02 00:29:01.114 a 2025-06-02-00:28:59 140 237 000 0.7 4.7 7.7 8.0 71.9 725.8 0.00 0 0.0 14.8 23.7 23.4 3.633  -10.5   13.0    9.5  71    7.8   9 0 0 2 1 3 1 9.3 73.8 9.3 74.6 80.0 100 100 21 408 0 145 0 401 401 400 0 0 0 60 50 WAIT_ACK 600 
b.1 2025-06-02 00:30:01.592 a 2025-06-02-00:30:00 130 232 277 0.5 4.0 6.6 8.0 71.8 725.8 0.00 0 0.0 15.3 24.1 24.5 3.627  -10.5   12.9    7.2  72    7.9   9 0 0 2 1 3 1 9.3 73.4 9.3 74.2 80.0 100 100 21 408 0 145 0 402 401 400 0 0 0 60 50 WAIT_ACK 600 
b.1 2025-06-02 00:31:01.256 a 2025-06-02-00:30:59 102 243 305 0.3 5.3 10.1 8.0 73.0 725.8 0.00 0 0.0 14.4 22.6 23.4 3.634  -18.6   13.0   11.1  72    7.9   9 0 0 2 1 2 0 9.3 73.4 9.3 74.2 80.0 100 100 21 408 0 145 0 401 401 399 0 0 0 60 50 WAIT_ACK 600 
b.1 2025-06-02 00:32:00.535 a 2025-06-02-00:31:58 102 270 269 0.3 5.2 10.3 8.0 72.4 725.8 0.00 0 0.0 15.0 24.1 24.5 3.626  -13.8   13.0   11.7  72    8.0   9 0 0 2 1 2 0 9.3 73.5 9.3 74.3 80.0 100 100 21 408 0 145 0 401 402 400 0 0 0 60 50 WAIT_ACK 600 
b.1 2025-06-02 00:33:02.114 a 2025-06-02-00:33:00 184 264 309 0.8 5.7 9.0 7.9 71.6 725.7 0.00 0 0.0 15.1 24.1 24.5 3.628   -9.7   13.0   15.5  72    8.0   9 0 0 3 2 3 1 9.3 73.0 9.3 73.8 80.0 100 100 21 408 0 145 0 401 401 400 0 0 0 60 50 WAIT_ACK 600 
b.1 2025-06-02 00:34:01.131 a 2025-06-02-00:33:59 074 266 184 0.1 4.6 9.0 8.0 70.8 725.8 0.00 0 0.0 14.9 23.9 23.4 3.633  -12.9   13.0   11.2  71    7.9   9 0 0 2 1 2 0 9.3 72.6 9.2 73.5 80.0 100 100 21 408 0 145 0 401 401 399 0 0 0 60 50 WAIT_ACK 600 
b.1 2025-06-02 00:35:00.232 a 2025-06-02-00:34:58 022 263 127 0.2 3.9 8.3 7.9 71.6 725.8 0.00 0 0.0 14.5 22.6 23.4 3.633  -23.5   13.0   11.5  71    7.9   9 0 0 2 1 2 0 9.2 72.7 9.2 73.6 80.0 100 100 21 408 0 145 0 401 401 399 0 0 0 60 50 WAIT_ACK 562 
b.1 2025-06-02 00:36:01.092 a 2025-06-02-00:35:59 010 253 095 0.2 3.5 6.4 7.9 72.4 725.7 0.00 0 0.0 15.2 24.1 24.5 3.633  -15.6   13.0    7.9  71    7.8   9 0 0 2 1 2 0 9.2 72.6 9.1 73.6 80.0 100 100 21 408 0 145 0 401 401 399 0 0 0 60 50 WAIT_ACK 600 
b.1 2025-06-02 00:37:00.772 a 2025-06-02-00:36:59 113 249 293 0.6 4.4 8.0 8.0 72.5 725.8 0.00 0 0.0 14.7 23.2 23.4 3.633  -11.8   13.0    9.1  71    7.8   9 0 0 2 1 2 0 9.2 73.1 9.1 73.9 80.0 100 100 21 408 0 145 0 401 401 399 0 0 0 60 50 WAIT_ACK 600 
b.1 2025-06-02 00:38:00.632 a 2025-06-02-00:37:59 108 246 354 0.4 3.6 8.3 8.0 73.2 725.8 0.00 0 0.0 14.6 23.2 23.4 3.633  -17.9   13.0    8.5  71    7.8   9 0 0 2 1 2 0 9.1 73.2 9.1 74.0 80.0 100 100 21 408 0 145 0 401 402 399 0 0 0 60 50 WAIT_ACK 600 
b.1 2025-06-02 00:39:01.032 a 2025-06-02-00:38:59 099 250 271 0.8 5.8 9.5 8.0 69.6 725.8 0.00 0 0.0 15.0 24.1 24.5 3.627  -13.2   12.9   12.2  71    7.7   9 0 0 2 1 2 0 9.1 73.5 9.1 74.2 80.0 100 100 21 408 0 145 0 401 401 399 0 0 0 60 50 WAIT_ACK 600 
b.1 2025-06-02 00:40:01.713 a 2025-06-02-00:40:00 106 247 280 0.4 3.3 6.8 8.0 72.1 725.8 0.00 0 0.0 15.5 24.1 24.5 3.635  -11.3   12.9    7.3  70    7.7   5 0 0 2 1 3 1 9.1 72.9 9.1 73.7 80.0 100 100 21 408 0 145 0 401 402 399 0 0 0 60 50 WAIT_ACK 600 
b.1 2025-06-02 00:41:00.951 a 2025-06-02-00:40:59 150 244 276 0.4 4.7 10.0 8.1 72.2 725.8 0.00 0 0.0 14.5 22.6 23.4 3.633  -28.5   13.0    8.5  71    7.7  10 0 0 1 1 2 0 9.1 73.3 9.1 74.1 80.0 100 100 21 408 0 145 0 401 401 399 0 0 0 60 50 WAIT_ACK 565 
b.1 2025-06-02 00:42:01.453 a 2025-06-02-00:41:59 127 254 288 0.3 4.6 8.2 8.1 71.7 725.8 0.00 0 0.0 14.7 23.7 23.4 3.632  -28.2   12.9   10.2  70    7.7  15 0 0 1 1 2 0 9.2 73.5 9.1 74.3 80.0 100 100 22 408 0 145 0 402 401 399 0 0 0 60 50 WAIT_ACK 504 
b.1 2025-06-02 00:42:59.894 a 2025-06-02-00:42:58 113 248 311 0.5 5.8 9.9 8.0 70.9 725.8 0.00 0 0.0 14.9 23.9 23.4 3.633  -21.5   12.9   14.2  70    7.7  13 0 0 2 1 2 0 9.2 73.6 9.1 74.3 80.0 100 100 22 408 0 145 0 402 401 400 0 0 0 60 50 WAIT_ACK 446 
b.1 2025-06-02 00:44:01.513 a 2025-06-02-00:43:59 072 256 120 0.2 4.1 9.8 7.7 72.8 725.8 0.00 0 0.0 14.8 23.6 23.4 3.632  -20.3   12.9   10.3  70    7.5  13 0 0 2 1 2 0 9.1 73.3 9.1 74.2 80.0 100 100 22 408 0 145 0 402 401 400 0 0 0 60 50 WAIT_ACK 384 
b.1 2025-06-02 00:45:01.674 a 2025-06-02-00:45:00 106 251 290 0.3 4.2 8.9 7.8 72.5 725.8 0.00 0 0.0 14.4 22.6 23.4 3.635  -17.7   12.8   10.2  70    7.4   5 0 0 2 1 2 0 9.1 73.5 9.1 74.3 80.0 100 100 22 408 0 145 0 401 401 400 0 0 0 60 50 WAIT_ACK 600 
b.1 2025-06-02 00:46:01.234 a 2025-06-02-00:45:59 006 248 067 0.4 4.7 8.8 7.8 71.8 725.8 0.00 0 0.0 15.5 24.1 24.5 3.627  -12.8   12.8   10.8  70    7.4   9 0 0 2 1 3 1 9.1 73.2 9.1 74.0 80.0 100 100 22 408 0 145 0 401 402 399 0 0 0 60 50 WAIT_ACK 600 
b.1 2025-06-02 00:47:01.651 a 2025-06-02-00:47:00 134 242 303 0.3 4.4 8.1 7.9 72.0 725.8 0.00 0 0.0 15.4 24.1 24.5 3.634  -24.7   12.8    8.7  70    7.4   9 0 0 2 1 3 1 9.1 73.2 9.0 73.9 80.0 100 100 22 408 0 145 0 402 401 400 0 0 0 60 50 WAIT_ACK 583 
b.1 2025-06-02 00:48:01.957 a 2025-06-02-00:48:00 036 248 097 0.4 4.0 7.8 7.9 72.0 725.8 0.00 0 0.0 15.0 23.9 23.4 3.633  -19.4   12.8    7.5  70    7.3   9 0 0 2 1 3 1 9.1 73.1 9.0 73.8 80.0 100 100 22 408 0 145 0 402 401 400 0 0 0 60 50 WAIT_ACK 523 
b.1 2025-06-02 00:49:00.776 a 2025-06-02-00:48:59 023 256 116 0.4 5.4 10.7 8.0 70.0 725.8 0.00 0 0.0 14.4 22.6 23.4 3.633  -18.5   12.8   10.6  70    7.4   9 0 0 2 1 2 0 9.1 72.4 9.1 73.1 80.0 100 100 22 408 0 145 0 401 402 399 0 0 0 60 50 WAIT_ACK 600 
b.1 2025-06-02 00:50:00.933 a 2025-06-02-00:49:59 116 261 304 0.4 5.4 10.3 8.0 70.0 725.8 0.00 0 0.0 14.7 23.7 23.4 3.633  -23.4   12.8   15.5  70    7.4  15 0 0 2 2 2 0 9.1 72.1 9.0 72.8 80.0 100 100 22 408 0 145 0 401 401 400 0 0 0 60 50 WAIT_ACK 567 
b.1 2025-06-02 00:51:01.239 a 2025-06-02-00:50:59 049 259 144 0.3 5.2 9.3 7.9 70.9 725.8 0.00 0 0.0 14.9 23.7 23.4 3.633  -28.1   12.8   15.9  69    7.4  11 0 0 1 2 2 0 9.0 72.4 9.0 73.2 80.0 100 100 22 408 0 145 0 401 401 399 0 0 0 60 50 WAIT_ACK 506 
b.1 2025-06-02 00:52:01.276 a 2025-06-02-00:51:59 013 256 118 0.7 6.3 10.2 7.7 70.9 725.8 0.00 0 0.0 14.9 23.9 23.4 3.633  -27.1   12.8   18.9  70    7.3  12 0 0 1 2 2 0 9.0 72.3 8.9 73.1 80.0 100 100 22 408 0 145 0 402 401 400 0 0 0 60 50 WAIT_ACK 446 
b.1 2025-06-02 00:53:01.536 a 2025-06-02-00:52:59 108 247 358 0.6 5.4 10.7 7.7 71.5 725.7 0.00 0 0.0 14.8 23.6 23.4 3.633  -24.5   12.7   16.4  69    7.3  12 0 0 2 2 2 0 9.0 72.5 8.9 73.1 80.0 100 100 22 408 0 145 0 401 401 399 0 0 0 60 50 WAIT_ACK 386 
b.1 2025-06-02 00:54:00.532 a 2025-06-02-00:53:58 103 257 355 0.7 5.9 10.7 7.7 72.0 725.7 0.00 0 0.0 14.6 22.6 23.4 3.633  -30.6   12.6   19.3  69    7.2  12 0 0 1 2 2 0 9.0 72.5 8.9 73.4 80.0 100 100 22 408 0 145 0 401 401 399 0 0 0 60 50 WAIT_ACK 327 
b.1 2025-06-02 00:55:01.734 a 2025-06-02-00:55:00 002 245 180 0.9 6.0 10.2 7.6 71.6 725.7 0.00 0 0.0 14.7 23.3 23.4 3.633  -29.8   12.6   17.6  70    7.2  12 0 0 1 2 2 0 9.0 72.4 8.9 73.2 80.0 100 100 22 408 0 145 0 401 401 399 0 0 0 60 50 WAIT_ACK 266 
b.1 2025-06-02 00:56:01.716 a 2025-06-02-00:56:00 082 237 271 0.9 6.1 10.9 7.6 71.7 725.8 0.00 0 0.0 14.8 23.9 23.4 3.633  -27.6   12.5   17.8  69    7.1  12 0 0 1 2 2 0 9.0 72.6 8.9 73.3 80.0 100 100 22 408 0 145 0 401 401 399 0 0 0 60 50 WAIT_ACK 206 
b.1 2025-06-02 00:57:01.532 a 2025-06-02-00:56:59 111 240 314 0.4 4.8 10.2 7.5 71.9 725.7 0.00 0 0.0 15.2 24.1 24.5 3.627  -23.9   12.5   12.9  70    7.1  12 0 0 2 1 2 0 9.0 72.4 8.9 73.2 80.0 100 100 22 408 0 145 0 401 401 399 0 0 0 60 50 WAIT_ACK 146 
b.1 2025-06-02 00:58:00.457 a 2025-06-02-00:57:58 126 253 297 0.5 5.0 10.0 7.5 72.2 725.7 0.00 0 0.0 15.0 24.1 24.5 3.626  -25.8   12.5   12.8  70    7.2  12 0 0 1 1 2 0 8.9 72.4 8.9 73.4 80.0 100 100 22 408 0 145 0 400 401 399 0 0 0 60 50 WAIT_ACK 87 
b.1 2025-06-02 00:59:00.072 a 2025-06-02-00:58:58 018 253 132 0.5 6.5 11.1 7.5 72.5 725.7 0.00 0 0.0 14.4 22.6 23.4 3.632  -29.6   12.5   18.3  70    7.1  12 0 0 1 2 2 0 8.9 72.6 8.9 73.4 80.0 100 100 22 408 0 145 0 402 401 400 0 0 0 60 50 WAIT_ACK 27 
b.1 2025-06-02 01:00:02.381 a 2025-06-02-01:00:00 084 236 332 0.3 4.5 9.7 7.6 71.1 725.7 0.00 0 0.0 14.6 22.6 23.4 3.633  -16.8   12.4   13.7  70    7.1  12 0 0 2 1 2 0 9.0 72.0 8.9 72.9 80.0 100 100 22 408 0 145 0 401 401 399 0 0 0 60 50 WAIT_ACK 600 
b.1 2025-06-02 01:01:00.634 a 2025-06-02-01:00:59 074 236 283 0.5 4.8 10.2 7.6 71.4 725.7 0.00 0 0.0 14.7 23.3 23.4 3.633  -18.0   12.4   12.9  69    7.0  12 0 0 2 1 2 0 8.9 71.9 8.9 72.8 80.0 100 100 21 408 0 145 0 401 402 399 0 0 0 60 50 WAIT_ACK 600 
b.1 2025-06-02 01:02:01.573 a 2025-06-02-01:02:00 125 258 287 0.3 5.2 8.5 7.6 71.7 725.7 0.00 0 0.0 14.7 23.3 23.4 3.633  -24.5   12.4   14.2  70    7.0  12 0 0 2 1 2 0 8.9 72.3 8.8 73.1 80.0 100 100 21 408 0 145 0 401 402 399 0 0 0 60 50 WAIT_ACK 547 
b.1 2025-06-02 01:03:00.993 a 2025-06-02-01:02:59 083 246 262 0.4 3.6 8.4 7.4 73.6 725.7 0.00 0 0.0 14.5 22.6 23.4 3.633  -23.8   12.4   10.5  70    7.0   5 0 0 2 1 2 0 8.9 72.7 8.8 73.6 80.0 100 100 21 408 0 145 0 402 401 400 0 0 0 60 50 WAIT_ACK 488 
b.1 2025-06-02 01:04:01.493 a 2025-06-02-01:03:59 207 251 293 0.4 6.1 9.8 7.4 72.5 725.7 0.00 0 0.0 14.7 23.3 23.4 3.633  -24.4   12.3   16.0  70    7.0  14 0 0 2 2 2 0 8.8 73.0 8.8 73.9 80.0 100 100 21 408 0 145 0 401 402 399 0 0 0 60 50 WAIT_ACK 427 
b.1 2025-06-02 01:05:02.176 a 2025-06-02-01:05:00 095 243 287 0.3 3.5 7.3 7.4 73.8 725.7 0.00 0 0.0 14.5 22.6 23.4 3.633  -15.6   12.3    9.9  70    7.0  11 0 0 2 1 2 0 8.8 73.2 8.8 74.1 80.0 100 100 21 408 0 145 0 401 401 400 0 0 0 60 50 WAIT_ACK 600 
b.1 2025-06-02 01:06:00.994 a 2025-06-02-01:05:59 108 234 286 0.4 3.5 7.4 7.4 74.5 725.7 0.00 0 0.0 14.8 23.6 23.4 3.633  -17.3   12.3    7.7  70    7.0  11 0 0 2 1 2 0 8.8 73.4 8.8 74.3 80.0 100 100 21 408 0 145 0 401 401 399 0 0 0 60 50 WAIT_ACK 600 
b.1 2025-06-02 01:07:01.354 a 2025-06-02-01:06:59 039 249 108 0.7 5.4 9.4 7.4 72.1 725.7 0.00 0 0.0 14.9 23.9 23.4 3.633  -14.4   12.3   11.6  70    7.0  11 0 0 2 1 2 0 8.8 73.0 8.7 74.0 80.0 100 100 21 408 0 145 0 402 401 400 0 0 0 60 50 WAIT_ACK 600 
b.1 2025-06-02 01:08:00.775 a 2025-06-02-01:07:59 114 238 282 0.7 5.3 9.4 7.4 72.7 725.7 0.00 0 0.0 14.9 23.9 23.4 3.633  -28.7   12.2   11.4  70    7.0  11 0 0 1 1 2 0 8.8 73.0 8.7 74.1 80.0 100 100 21 408 0 145 0 401 401 399 0 0 0 60 50 WAIT_ACK 582 
b.1 2025-06-02 01:08:59.980 a 2025-06-02-01:08:58 111 244 307 0.7 5.2 10.0 7.4 72.5 725.7 0.00 0 0.0 15.1 24.1 24.5 3.633  -31.9   12.2   11.6  70    6.9  11 0 0 1 1 3 1 8.8 72.7 8.7 73.7 80.0 100 100 21 408 0 145 0 401 402 399 0 0 0 60 50 WAIT_ACK 523 
b.1 2025-06-02 01:10:02.413 a 2025-06-02-01:10:00 023 249 115 0.3 6.6 11.6 7.4 71.0 725.7 0.00 0 0.0 14.8 23.6 23.4 3.633  -39.0   12.2   14.5  70    6.9  11 0 0 1 1 1 0 8.8 72.5 8.7 73.4 80.0 100 100 21 408 0 145 0 401 401 400 0 0 0 60 50 WAIT_ACK 460 
b.1 2025-06-02 01:11:00.417 a 2025-06-02-01:10:58 150 244 277 0.4 6.2 10.6 7.5 71.0 725.7 0.00 0 0.0 14.7 23.6 23.4 3.633  -33.6   12.2   17.3  71    7.0  15 0 0 1 2 1 0 8.8 72.3 8.7 73.3 80.0 100 100 21 408 0 145 0 401 401 399 0 0 0 60 50 WAIT_ACK 402 
b.1 2025-06-02 01:12:00.957 a 2025-06-02-01:11:59 133 244 276 1.0 6.5 9.9 7.4 69.3 725.7 0.00 0 0.0 14.7 23.6 23.4 3.632  -32.5   12.1   19.1  71    7.1  14 0 0 1 2 2 0 8.8 71.7 8.7 72.6 80.0 100 100 21 408 0 145 0 401 401 399 0 0 0 60 50 WAIT_ACK 342 
b.1 2025-06-02 01:13:01.776 a 2025-06-02-01:13:00 155 252 353 0.5 4.8 10.1 7.4 71.1 725.7 0.00 0 0.0 14.8 23.9 23.4 3.634  -37.8   12.1   13.2  71    7.0  14 0 0 1 1 3 1 8.8 71.1 8.7 72.0 80.0 100 100 21 408 0 145 0 401 401 399 0 0 0 60 50 WAIT_ACK 281 
b.1 2025-06-02 01:13:59.914 a 2025-06-02-01:13:58 110 244 273 0.7 6.1 10.1 7.4 70.4 725.6 0.00 0 0.0 15.1 24.1 24.5 3.628  -33.4   12.1   13.9  71    7.0   5 0 0 1 1 3 1 8.7 71.1 8.7 72.0 80.0 100 100 21 408 0 145 0 402 401 400 0 0 0 60 50 WAIT_ACK 223 
b.1 2025-06-02 01:15:00.940 a 2025-06-02-01:14:59 111 246 286 0.5 5.1 9.4 7.4 70.7 725.6 0.00 0 0.0 14.7 23.3 23.4 3.633  -40.4   12.1   12.4  71    7.0  13 0 0 1 1 2 0 8.7 71.1 8.7 72.0 80.0 100 100 21 408 0 145 0 401 401 399 0 0 0 60 50 WAIT_ACK 162 
b.1 2025-06-02 01:16:01.155 a 2025-06-02-01:15:59 018 247 095 0.7 6.2 10.1 7.4 70.4 725.7 0.00 0 0.0 14.8 23.7 23.4 3.633  -37.9   12.2   13.8  71    7.1  13 0 0 1 1 3 1 8.8 71.1 8.7 72.0 80.0 100 100 21 408 0 145 0 402 401 400 0 0 0 60 50 WAIT_ACK 102 
b.1 2025-06-02 01:17:01.134 a 2025-06-02-01:16:59 097 248 273 0.6 5.5 10.2 7.6 69.4 725.7 0.00 0 0.0 14.7 23.6 23.4 3.633  -39.2   12.2   14.3  71    7.1  13 0 0 1 1 3 1 8.8 70.9 8.7 71.7 80.0 100 100 21 408 0 145 0 401 402 399 0 0 0 60 50 WAIT_ACK 42 
b.1 2025-06-02 01:18:00.279 a 2025-06-02-01:17:58 038 249 084 0.5 4.8 8.5 7.5 69.3 725.6 0.00 0 0.0 14.5 22.6 23.4 3.633  -39.4   12.2   13.3  70    7.0  13 0 0 1 1 1 0 8.8 70.5 8.7 71.5 80.0 100 100 21 408 0 145 0 401 401 400 0 0 0 60 50 WAIT_ACK 0 
b.1 2025-06-02 01:19:01.940 a 2025-06-02-01:19:00 128 232 278 0.1 4.5 7.8 7.5 69.5 725.7 0.00 0 0.0 14.4 22.6 23.4 3.633  -39.7   12.2   11.5  70    7.0  10 0 0 1 1 2 0 8.8 70.6 8.7 71.5 80.0 100 100 21 408 0 145 0 401 401 400 0 0 0 60 50 WAIT_ACK 0 
b.1 2025-06-02 01:20:02.615 a 2025-06-02-01:20:01 126 236 357 0.3 3.9 7.2 7.6 70.8 725.7 0.00 0 0.0 15.3 24.1 24.5 3.627  -36.4   12.3    8.4  71    7.1  11 0 0 1 1 3 1 8.8 70.8 8.7 71.6 80.0 100 100 21 408 0 145 0 401 401 400 0 0 0 60 50 WAIT_ACK 0 
b.1 2025-06-02 01:21:01.536 a 2025-06-02-01:20:59 100 249 357 0.3 4.7 9.7 7.7 68.9 725.7 0.00 0 0.0 14.7 23.3 23.6 3.633  -37.3   12.3    9.3  71    7.1  11 0 0 1 1 2 0 8.8 70.8 8.7 71.6 80.0 100 100 21 408 0 145 0 401 401 400 0 0 0 60 50 WAIT_ACK 0 
b.1 2025-06-02 01:22:01.664 a 2025-06-02-01:22:00 005 246 118 0.5 5.7 11.8 7.7 68.8 725.7 0.00 0 0.0 14.9 23.7 23.4 3.633  -36.9   12.3    9.8  70    7.1  11 0 0 1 1 2 0 8.8 70.0 8.7 71.0 80.0 100 100 21 408 0 145 0 401 401 399 0 0 0 60 50 WAIT_ACK 0 
b.1 2025-06-02 01:23:01.176 a 2025-06-02-01:22:59 105 242 285 0.7 5.5 9.8 7.7 68.4 725.7 0.00 0 0.0 14.7 22.6 23.4 3.634  -38.3   12.3   10.9  70    7.1  11 0 0 1 1 2 0 8.8 69.9 8.8 70.7 80.0 100 100 21 408 0 145 0 402 401 399 0 0 0 60 50 WAIT_ACK 0 
b.1 2025-06-02 01:24:00.318 a 2025-06-02-01:23:58 092 251 267 0.4 4.7 9.1 7.9 67.5 725.7 0.00 0 0.0 14.6 23.3 23.4 3.633  -36.4   12.4   10.0  70    7.1  11 0 0 1 1 2 0 8.8 69.8 8.8 70.6 80.0 100 100 21 408 0 145 0 402 401 400 0 0 0 60 50 WAIT_ACK 0 
b.1 2025-06-02 01:25:01.618 a 2025-06-02-01:25:00 112 245 288 0.7 4.3 9.5 7.8 67.9 725.6 0.00 0 0.0 15.0 24.1 24.5 3.627  -40.0   12.4    9.3  69    7.0  11 0 0 1 1 2 0 8.8 69.8 8.8 70.6 80.0 100 100 21 408 0 145 0 401 401 399 0 0 0 60 50 WAIT_ACK 0 
b.1 2025-06-02 01:26:00.437 a 2025-06-02-01:25:58 009 253 101 0.6 6.1 10.1 7.9 66.4 725.7 0.00 0 0.0 15.0 24.0 24.5 3.626  -36.1   12.4   14.0  70    7.0  11 0 0 1 1 2 0 8.8 69.2 8.8 70.0 80.0 100 100 21 408 0 145 0 401 401 400 0 0 0 60 50 WAIT_ACK 0 
b.1 2025-06-02 01:27:01.257 a 2025-06-02-01:26:59 026 248 110 0.5 4.3 9.0 7.8 67.8 725.7 0.00 0 0.0 15.0 24.1 24.5 3.626  -35.4   12.4    9.5  69    7.0  11 0 0 1 1 2 0 8.8 69.2 8.8 70.1 80.0 100 100 21 408 0 145 0 401 401 400 0 0 0 60 50 WAIT_ACK 0 
b.1 2025-06-02 01:28:01.894 a 2025-06-02-01:28:00 062 241 294 0.4 5.0 9.5 7.9 68.2 725.7 0.00 0 0.0 14.6 22.6 23.4 3.635  -39.3   12.5   10.3  69    7.0  11 0 0 1 1 2 0 8.8 69.3 8.8 70.1 80.0 100 100 21 408 0 145 0 401 401 399 0 0 0 60 50 WAIT_ACK 0 
b.1 2025-06-02 01:29:00.999 a 2025-06-02-01:28:59 186 249 333 0.6 4.8 8.3 8.0 66.0 725.7 0.00 0 0.0 14.8 23.3 23.4 3.633  -35.6   12.5    9.8  69    7.0  11 0 0 1 1 2 0 8.9 68.8 8.8 69.6 80.0 100 100 21 408 0 145 0 402 401 400 0 0 0 60 50 WAIT_ACK 0 
b.1 2025-06-02 01:30:01.828 a 2025-06-02-01:30:00 119 252 325 0.4 5.0 8.8 8.0 66.4 725.7 0.00 0 0.0 14.7 23.3 23.4 3.633  -39.7   12.5   10.7  69    7.1  11 0 0 1 1 2 0 8.9 68.8 8.8 69.7 80.0 100 100 21 408 0 145 0 401 401 400 0 0 0 60 50 WAIT_ACK 0 
b.1 2025-06-02 01:31:01.476 a 2025-06-02-01:30:59 045 251 139 0.5 4.9 8.8 7.9 67.2 725.7 0.00 0 0.0 15.0 24.1 24.5 3.626  -38.6   12.5   10.5  69    7.1  11 0 0 1 1 2 0 8.9 68.9 8.8 69.7 80.0 100 100 21 408 0 145 0 402 401 400 0 0 0 60 50 WAIT_ACK 0 
b.1 2025-06-02 01:32:01.515 a 2025-06-02-01:31:59 101 249 350 0.6 5.1 8.7 7.9 66.8 725.7 0.00 0 0.0 15.0 24.0 24.5 3.633  -40.2   12.6   11.1  69    7.1  11 0 0 1 1 2 0 8.9 68.9 8.8 69.7 80.0 100 100 22 408 0 145 0 401 401 399 0 0 0 60 50 WAIT_ACK 0 
b.1 2025-06-02 01:33:01.674 a 2025-06-02-01:33:00 023 243 102 0.5 5.2 10.3 7.9 67.0 725.7 0.00 0 0.0 14.9 23.6 23.4 3.633  -42.4   12.6   11.2  69    7.1  11 0 0 1 1 2 0 8.9 68.8 8.8 69.6 80.0 100 100 22 408 0 145 0 401 401 400 0 0 0 60 50 WAIT_ACK 0 
b.1 2025-06-02 01:34:01.318 a 2025-06-02-01:33:59 111 234 350 0.6 5.4 7.6 7.8 67.5 725.7 0.00 0 0.0 14.5 22.6 23.4 3.633  -41.1   12.6   12.1  69    7.1  11 0 0 1 1 2 0 8.9 68.6 8.8 69.5 80.0 100 100 22 408 0 145 0 401 401 400 0 0 0 60 50 WAIT_ACK 0 
b.1 2025-06-02 01:35:01.400 a 2025-06-02-01:34:59 131 244 302 0.8 4.0 7.1 7.8 67.8 725.7 0.00 0 0.0 15.0 24.1 24.5 3.627  -38.6   12.6    9.0  70    7.3  11 0 0 1 1 2 0 8.9 68.7 8.9 69.5 80.0 100 100 22 408 0 145 0 401 401 399 0 0 0 60 50 WAIT_ACK 0 
b.1 2025-06-02 01:36:00.915 a 2025-06-02-01:35:59 095 254 284 0.3 4.1 8.1 7.8 67.3 725.7 0.00 0 0.0 15.2 24.1 24.5 3.627  -39.2   12.7    8.3  70    7.3  11 0 0 1 1 2 0 8.9 68.6 8.9 69.5 80.0 100 100 22 408 0 145 0 401 401 399 0 0 0 60 50 WAIT_ACK 0 
b.1 2025-06-02 01:37:01.937 a 2025-06-02-01:37:00 122 241 281 0.4 4.1 7.9 7.8 67.3 725.7 0.00 0 0.0 14.7 23.3 23.4 3.633  -41.7   12.7    8.1  69    7.2  11 0 0 1 1 2 0 8.9 68.6 8.9 69.5 80.0 100 100 22 408 0 145 0 402 401 400 0 0 0 60 50 WAIT_ACK 0 
b.1 2025-06-02 01:38:00.858 a 2025-06-02-01:37:59 205 246 335 0.6 4.3 7.0 7.9 67.5 725.7 0.00 0 0.0 14.7 23.3 23.4 3.633  -38.3   12.7    8.2  70    7.4  11 0 0 1 1 2 0 8.9 68.7 8.9 69.6 80.0 100 100 22 408 0 145 0 402 401 400 0 0 0 60 50 WAIT_ACK 0 
b.1 2025-06-02 01:39:00.881 a 2025-06-02-01:38:59 112 248 284 0.5 4.3 8.1 7.9 67.0 725.7 0.00 0 0.0 14.6 23.2 23.4 3.633  -40.6   12.8    8.9  70    7.4  11 0 0 1 1 2 0 8.9 68.4 8.9 69.2 80.0 100 100 22 408 0 145 0 400 401 399 0 0 0 60 50 WAIT_ACK 0 
b.1 2025-06-02 01:40:02.101 a 2025-06-02-01:40:00 209 245 286 1.2 4.9 8.0 7.9 65.5 725.7 0.00 0 0.0 14.9 24.0 23.4 3.632  -40.0   12.8   10.3  69    7.4  11 0 0 1 1 2 0 8.9 67.9 8.9 69.0 80.0 100 100 22 408 0 145 0 402 401 400 0 0 0 60 50 WAIT_ACK 0 
b.1 2025-06-02 01:41:01.040 a 2025-06-02-01:40:59 032 237 122 0.4 3.9 7.5 7.9 66.0 725.7 0.00 0 0.0 15.1 24.1 24.5 3.626  -39.4   12.8    8.5  70    7.4  11 0 0 1 1 2 0 8.9 67.7 8.9 68.6 80.0 100 100 22 408 0 145 0 401 401 399 0 0 0 60 50 WAIT_ACK 0 
b.1 2025-06-02 01:42:01.124 a 2025-06-02-01:41:59 097 236 278 0.2 3.4 6.6 7.9 66.7 725.7 0.00 0 0.0 14.7 23.3 23.4 3.633  -37.7   12.8    6.8  70    7.5   5 0 0 1 1 2 0 8.9 67.8 8.9 68.6 80.0 100 100 22 408 0 145 0 402 401 400 0 0 0 60 50 WAIT_ACK 0 
b.1 2025-06-02 01:43:01.680 a 2025-06-02-01:43:00 010 245 098 0.4 3.3 8.7 7.9 67.1 725.8 0.00 0 0.0 14.6 22.6 23.4 3.633  -38.3   12.8    6.1  70    7.4   9 0 0 1 1 2 0 9.0 68.0 8.9 68.8 80.0 100 100 22 408 0 145 0 401 401 399 0 0 0 60 50 WAIT_ACK 0 
b.1 2025-06-02 01:44:00.540 a 2025-06-02-01:43:58 110 251 331 0.8 4.5 8.4 7.9 65.9 725.7 0.00 0 0.0 14.7 23.7 23.4 3.634  -40.4   12.8    8.6  69    7.4  11 0 0 1 1 2 0 9.0 68.0 8.9 68.8 80.0 100 100 22 408 0 145 0 401 401 399 0 0 0 60 50 WAIT_ACK 0 
b.1 2025-06-02 01:45:01.923 a 2025-06-02-01:45:00 090 245 343 0.5 3.8 6.8 7.9 64.7 725.7 0.00 0 0.0 14.9 24.1 24.5 3.626  -40.4   12.9    8.5  69    7.3  12 0 0 1 1 2 0 9.0 67.5 8.9 68.4 80.0 100 100 22 408 0 145 0 401 401 400 0 0 0 60 50 WAIT_ACK 0 
b.1 2025-06-02 01:46:00.561 a 2025-06-02-01:45:58 116 246 280 0.5 4.2 7.5 7.8 65.4 725.7 0.00 0 0.0 14.9 23.9 23.4 3.634  -41.5   12.9    9.1  69    7.2  12 0 0 1 1 2 0 8.9 66.9 8.9 67.8 80.0 100 100 22 408 0 145 0 401 402 399 0 0 0 60 50 WAIT_ACK 0 
b.1 2025-06-02 01:47:00.157 a 2025-06-02-01:46:58 141 244 280 0.8 4.2 8.0 7.8 66.8 725.7 0.00 0 0.0 14.7 23.3 23.4 3.633  -41.4   12.9    8.5  68    7.2  12 0 0 1 1 2 0 8.9 67.2 8.9 68.0 80.0 100 100 22 408 0 145 0 401 401 400 0 0 0 60 50 WAIT_ACK 0 
b.1 2025-06-02 01:48:00.858 a 2025-06-02-01:47:59 017 252 103 0.4 4.0 6.9 7.8 67.1 725.7 0.00 0 0.0 14.7 23.3 23.4 3.633  -39.2   12.8    8.4  68    7.1  12 0 0 1 1 2 0 8.9 67.5 8.9 68.4 80.0 100 100 22 408 0 145 0 402 401 400 0 0 0 60 50 WAIT_ACK 0 
b.1 2025-06-02 01:49:01.819 a 2025-06-02-01:49:00 096 237 285 0.3 4.4 8.4 7.7 67.3 725.7 0.00 0 0.0 14.5 22.6 23.4 3.633  -40.0   12.8    9.4  69    7.2  12 0 0 1 1 2 0 8.9 68.0 8.9 68.8 80.0 100 100 22 408 0 145 0 401 401 400 0 0 0 60 50 WAIT_ACK 0 
b.1 2025-06-02 01:50:02.078 a 2025-06-02-01:50:00 200 250 338 0.9 4.6 8.7 7.6 65.3 725.7 0.00 0 0.0 14.6 22.7 23.4 3.634  -41.0   12.8    9.7  69    7.3  12 0 0 1 1 2 0 8.9 68.1 8.9 68.9 80.0 100 100 22 408 0 145 0 401 401 399 0 0 0 60 50 WAIT_ACK 0 
b.1 2025-06-02 01:51:01.861 a 2025-06-02-01:51:00 209 245 339 0.3 5.2 8.0 7.7 66.5 725.8 0.00 0 0.0 14.9 24.1 24.5 3.628  -40.6   12.8   11.2  69    7.3  12 0 0 1 1 2 0 8.9 67.6 8.9 68.4 80.0 100 100 22 408 0 145 0 401 401 400 0 0 0 60 50 WAIT_ACK 0 
b.1 2025-06-02 01:52:01.492 a 2025-06-02-01:51:59 200 243 277 0.8 4.3 7.1 7.7 66.5 725.7 0.00 0 0.0 15.1 24.1 24.5 3.626  -40.3   12.8    9.9  69    7.4  12 0 0 1 1 2 0 8.9 67.4 8.9 68.2 80.0 100 100 21 408 0 145 0 401 401 399 0 0 0 60 50 WAIT_ACK 0 
b.1 2025-06-02 01:53:00.401 a 2025-06-02-01:52:58 117 234 310 0.8 4.7 8.4 7.7 66.2 725.8 0.00 0 0.0 14.9 23.6 23.4 3.633  -42.6   12.8    9.6  70    7.4  12 0 0 1 1 2 0 8.9 67.3 8.9 68.1 80.0 100 100 21 408 0 145 0 402 401 400 0 0 0 60 50 WAIT_ACK 0 
b.1 2025-06-02 01:53:59.500 a 2025-06-02-01:53:57 210 238 265 2.2 5.9 9.6 7.7 66.2 725.8 0.00 0 0.0 14.7 22.7 23.4 3.633  -43.1   12.8   12.9  70    7.4  12 0 0 1 1 2 0 8.9 67.0 8.9 67.8 80.0 100 100 21 408 0 145 0 401 401 399 0 0 0 60 50 WAIT_ACK 0 
b.1 2025-06-02 01:55:00.598 a 2025-06-02-01:54:59 084 227 256 0.3 3.4 7.8 7.7 63.3 725.7 0.00 0 0.0 14.7 23.3 23.4 3.633  -37.9   12.8    8.3  70    7.3  12 0 0 1 1 2 0 8.9 66.4 8.8 67.2 80.0 100 100 21 408 0 145 0 401 401 399 0 0 0 60 50 WAIT_ACK 0 
b.1 2025-06-02 01:56:00.763 a 2025-06-02-01:55:59 084 233 275 0.4 5.1 9.4 7.7 67.1 725.7 0.00 0 0.0 14.6 22.6 23.4 3.633  -41.4   12.7    9.7  69    7.2  12 0 0 1 1 2 0 8.9 66.3 8.9 67.0 80.0 100 100 21 408 0 145 0 401 401 400 0 0 0 60 50 WAIT_ACK 0 
b.1 2025-06-02 01:57:00.882 a 2025-06-02-01:56:59 144 231 279 0.2 6.1 8.6 7.6 62.9 725.7 0.00 0 0.0 14.9 24.0 23.4 3.632  -41.3   12.7   13.7  70    7.3  12 0 0 1 1 2 0 8.9 65.6 8.9 66.4 80.0 100 100 21 408 0 145 0 402 401 400 0 0 0 60 50 WAIT_ACK 0 
b.1 2025-06-02 01:58:01.424 a 2025-06-02-01:57:59 077 238 268 0.4 4.9 8.7 7.6 64.8 725.7 0.00 0 0.0 14.8 23.6 23.4 3.633  -42.1   12.7   12.6  70    7.3  12 0 0 1 1 2 0 8.9 65.5 8.9 66.2 80.0 100 100 21 408 0 145 0 402 401 400 0 0 0 60 50 WAIT_ACK 0 
b.1 2025-06-02 01:59:01.819 a 2025-06-02-01:59:00 211 235 282 0.9 3.9 6.8 7.6 65.0 725.7 0.00 0 0.0 14.6 22.7 23.4 3.633  -40.0   12.7    9.6  70    7.4  12 0 0 1 1 2 0 8.9 65.4 8.9 66.1 80.0 100 100 21 408 0 145 0 401 401 399 0 0 0 60 50 WAIT_ACK 0 
b.1 2025-06-02 02:00:01.460 a 2025-06-02-01:59:59 191 234 287 0.9 3.8 6.2 7.5 65.0 725.7 0.00 0 0.0 15.3 24.1 24.5 3.628  -38.4   12.7    7.8  71    7.5  12 0 0 1 1 2 0 8.9 65.4 8.9 66.2 80.0 100 100 21 408 0 145 0 401 401 399 0 0 0 60 50 WAIT_ACK 0 
b.1 2025-06-02 02:01:01.338 a 2025-06-02-02:00:59 147 228 266 0.8 3.7 6.4 7.5 66.3 725.7 0.00 0 0.0 14.8 23.2 23.4 3.632  -39.2   12.7    7.3  71    7.6   9 0 0 1 1 2 0 8.9 65.8 8.9 66.4 80.0 100 100 21 408 0 145 0 401 401 400 0 0 0 60 50 WAIT_ACK 0 
b.1 2025-06-02 02:02:00.720 a 2025-06-02-02:01:59 139 229 265 0.5 4.4 6.7 7.5 64.1 725.7 0.00 0 0.0 14.5 22.6 23.4 3.633  -41.2   12.7    8.3  71    7.5  11 0 0 1 1 2 0 8.9 64.8 8.9 65.6 80.0 100 100 21 408 0 145 0 402 401 400 0 0 0 60 50 WAIT_ACK 0 
b.1 2025-06-02 02:03:01.865 a 2025-06-02-02:03:00 197 230 254 1.9 5.5 7.9 7.5 62.6 725.7 0.00 0 0.0 14.6 23.2 23.4 3.633  -43.9   12.7   11.4  71    7.6  13 0 0 1 1 2 0 8.9 64.3 8.9 65.0 80.0 100 100 21 408 0 145 0 402 401 400 0 0 0 60 50 WAIT_ACK 0 
b.1 2025-06-02 02:04:01.322 a 2025-06-02-02:03:59 116 235 342 0.3 3.8 7.1 7.6 62.8 725.7 0.00 0 0.0 14.9 24.1 24.4 3.627  -43.1   12.7    8.7  71    7.6  13 0 0 1 1 2 0 8.9 63.6 8.9 64.3 80.0 100 100 21 408 0 145 0 401 402 399 0 0 0 60 50 WAIT_ACK 0 
b.1 2025-06-02 02:05:01.938 a 2025-06-02-02:05:00 081 233 254 0.4 4.3 7.1 7.5 61.4 725.8 0.00 0 0.0 15.2 24.1 24.5 3.628  -42.5   12.7    8.3  71    7.6  13 0 0 1 1 2 0 8.9 62.6 8.9 63.3 80.0 100 100 21 408 0 145 0 401 401 399 0 0 0 60 50 WAIT_ACK 0 
b.1 2025-06-02 02:05:59.880 a 2025-06-02-02:05:58 197 240 279 0.8 4.1 6.2 7.5 61.5 725.8 0.00 0 0.0 14.6 22.6 23.4 3.633  -39.3   12.7    8.7  71    7.6   0 0 0 1 1 2 0 8.9 62.2 8.9 62.9 80.0 100 100 21 408 0 145 0 402 401 400 0 0 0 60 50 WAIT_ACK 0 
b.1 2025-06-02 02:07:01.582 a 2025-06-02-02:06:59 146 231 274 1.1 4.8 7.7 7.5 62.7 725.8 0.00 0 0.0 14.5 22.6 23.4 3.633  -42.9   12.7   10.6  71    7.6  11 0 0 1 1 2 0 8.9 62.4 8.9 63.0 80.0 100 100 21 408 0 145 0 401 402 399 0 0 0 60 50 WAIT_ACK 0 
b.1 2025-06-02 02:08:01.240 a 2025-06-02-02:07:59 182 216 245 2.9 5.7 8.2 7.4 61.5 725.8 0.00 0 0.0 14.6 22.6 23.4 3.633  -41.5   12.7   12.0  71    7.6  12 0 0 1 1 2 0 8.9 62.3 8.9 63.0 80.0 100 100 21 408 0 145 0 401 401 400 0 0 0 60 50 WAIT_ACK 0 
b.1 2025-06-02 02:09:01.661 a 2025-06-02-02:09:00 183 228 258 1.8 4.2 5.9 7.4 63.3 725.8 0.00 0 0.0 14.8 23.3 23.4 3.633  -40.6   12.7    9.5  71    7.5  12 0 0 1 1 2 0 8.9 62.5 8.9 63.2 80.0 100 100 21 408 0 145 0 401 401 400 0 0 0 60 50 WAIT_ACK 0 
b.1 2025-06-02 02:10:01.141 a 2025-06-02-02:09:59 137 232 276 0.4 3.4 5.9 7.4 64.4 725.8 0.00 0 0.0 14.6 22.6 23.4 3.634  -41.5   12.7    8.1  71    7.6  12 0 0 1 1 2 0 8.9 62.7 8.9 63.4 80.0 100 100 21 408 0 145 0 402 401 399 0 0 0 60 50 WAIT_ACK 0 
b.1 2025-06-02 02:11:00.844 a 2025-06-02-02:10:59 184 228 279 1.6 3.6 5.0 7.4 64.3 725.8 0.00 0 0.0 14.8 23.6 23.4 3.633  -40.6   12.7    7.4  72    7.7  12 0 0 1 1 2 0 8.9 63.2 8.9 63.7 80.0 100 100 21 408 0 145 0 401 401 400 0 0 0 60 50 WAIT_ACK 0 
b.1 2025-06-02 02:12:01.483 a 2025-06-02-02:11:59 207 227 255 2.7 4.9 6.4 7.4 62.3 725.9 0.00 0 0.0 14.8 23.3 23.4 3.633  -45.2   12.7   10.4  72    7.8  12 0 0 1 1 2 0 8.9 63.2 8.9 63.8 80.0 100 100 21 408 0 145 0 401 401 399 0 0 0 60 50 WAIT_ACK 0 
b.1 2025-06-02 02:13:01.361 a 2025-06-02-02:12:59 011 235 100 0.3 2.7 5.2 7.4 63.9 725.9 0.00 0 0.0 14.9 24.1 24.5 3.627  -39.6   12.7    6.3  72    7.8  12 0 0 1 1 2 0 8.9 63.0 8.9 63.6 80.0 100 100 21 408 0 145 0 401 401 400 0 0 0 60 50 WAIT_ACK 0 
b.1 2025-06-02 02:14:01.341 a 2025-06-02-02:13:59 206 232 337 0.4 3.1 4.6 7.4 62.9 725.9 0.00 0 0.0 15.2 24.1 24.5 3.627  -40.6   12.8    6.1  72    7.8  12 0 0 1 1 2 0 8.9 63.0 8.9 63.8 80.0 100 100 21 408 0 145 0 401 402 400 0 0 0 60 50 WAIT_ACK 0 
b.1 2025-06-02 02:15:01.500 a 2025-06-02-02:14:59 196 231 289 0.8 3.2 5.3 7.5 62.3 726.0 0.00 0 0.0 14.7 22.6 23.4 3.633  -39.9   12.8    5.9  72    7.9  12 0 0 1 1 2 0 9.0 63.2 8.9 63.8 80.0 100 100 21 408 0 145 0 401 401 400 0 0 0 60 50 WAIT_ACK 0 
b.1 2025-06-02 02:16:01.584 a 2025-06-02-02:15:59 293 242 349 0.3 3.0 6.5 7.5 62.8 726.0 0.00 0 0.0 14.5 22.6 23.4 3.633  -41.0   12.8    6.0  72    7.8  12 0 0 1 1 2 0 9.0 62.8 8.9 63.6 80.0 100 100 21 408 0 145 0 401 401 400 0 0 0 60 50 WAIT_ACK 0 
b.1 2025-06-02 02:17:01.384 a 2025-06-02-02:16:59 030 257 092 0.3 2.3 4.9 7.5 62.9 726.0 0.00 0 0.0 15.0 24.1 24.5 3.627  -38.7   12.8    5.6  71    7.6   5 0 0 1 1 2 0 8.9 62.7 8.9 63.3 80.0 100 100 21 408 0 145 0 402 401 400 0 0 0 60 50 WAIT_ACK 0 
b.1 2025-06-02 02:18:00.901 a 2025-06-02-02:17:59 097 241 279 0.4 3.2 5.2 7.5 61.6 726.0 0.00 0 0.0 15.0 24.1 24.5 3.627  -39.9   12.8    6.1  70    7.5  14 0 0 1 1 2 0 8.9 62.5 8.9 62.9 80.0 100 100 21 408 0 145 0 402 401 400 0 0 0 60 50 WAIT_ACK 0 
b.1 2025-06-02 02:19:01.401 a 2025-06-02-02:18:59 198 225 252 1.1 3.0 4.6 7.4 63.0 726.0 0.00 0 0.0 15.1 24.1 24.5 3.626  -38.2   12.8    5.3  71    7.6  12 0 0 1 1 2 0 8.9 62.3 9.2 62.5 80.0 100 100 21 408 0 145 0 401 401 399 0 0 0 60 50 WAIT_ACK 0 
b.1 2025-06-02 02:20:02.085 a 2025-06-02-02:20:00 212 236 259 1.9 3.7 5.3 7.4 62.0 726.0 0.00 0 0.0 14.5 22.6 23.4 3.634  -40.3   12.8    6.8  71    7.7  12 0 0 1 1 2 0 8.9 62.7 9.5 61.7 80.0 100 100 21 408 0 145 0 401 401 400 0 0 0 60 50 WAIT_ACK 0 
b.1 2025-06-02 02:20:59.983 a 2025-06-02-02:20:58 181 219 248 1.7 3.1 4.1 7.4 61.9 726.0 0.00 0 0.0 14.8 23.3 23.4 3.634  -42.8   12.8    5.9  71    7.8  12 0 0 1 1 2 0 8.9 62.7 9.6 61.0 80.0 100 100 21 408 0 145 0 401 401 399 0 0 0 60 50 WAIT_ACK 0 
b.1 2025-06-02 02:22:00.842 a 2025-06-02-02:21:59 118 233 270 1.1 3.7 5.1 7.4 62.4 726.0 0.00 0 0.0 15.0 24.1 24.5 3.634  -41.8   12.8    6.8  71    7.8  12 0 0 1 1 2 0 8.9 62.9 9.4 61.1 80.0 100 100 21 408 0 145 0 401 401 399 0 0 0 60 50 AUTO 0 
b.1 2025-06-02 02:23:00.703 a 2025-06-02-02:22:59 106 237 306 0.3 2.5 5.2 7.4 63.0 726.0 0.00 0 0.0 15.1 24.1 24.5 3.626  -44.8   12.8    5.2  71    7.7  12 0 0 1 1 2 0 8.9 62.2 9.3 61.1 80.0 100 100 21 408 0 145 0 402 401 400 0 0 0 60 50 AUTO 0 
b.1 2025-06-02 02:24:02.101 a 2025-06-02-02:24:00 138 239 282 0.5 3.6 5.1 7.4 61.1 726.0 0.00 0 0.0 14.7 23.2 23.4 3.633  -40.1   12.8    6.3  71    7.6  12 0 0 1 1 2 0 8.9 62.0 9.2 61.2 80.0 100 100 21 408 0 145 0 402 401 399 0 0 0 60 50 AUTO 0 
b.1 2025-06-02 02:25:01.112 a 2025-06-02-02:24:59 069 244 270 0.3 2.3 4.9 7.4 59.8 726.0 0.00 0 0.0 14.7 23.3 23.4 3.633  -39.7   12.8    5.1  70    7.5   0 0 0 1 1 2 0 8.9 61.6 9.0 61.4 80.0 100 100 21 408 0 144 2 402 401 401 0 0 3 60 50 AUTO 0 
b.1 2025-06-02 02:26:01.305 a 2025-06-02-02:25:59 140 235 273 0.6 3.2 5.3 7.4 61.4 726.0 0.00 0 0.0 14.9 24.1 24.5 3.626  -41.6   12.7    5.9  70    7.4  11 0 0 1 1 2 0 8.9 61.7 9.0 61.4 80.0 100 100 21 408 0 144 0 401 401 399 0 0 3 60 50 AUTO 0 
b.1 2025-06-02 02:27:01.506 a 2025-06-02-02:26:59 197 229 244 2.3 3.5 4.6 7.3 62.1 726.0 0.00 0 0.0 15.1 24.1 24.5 3.626  -41.1   12.7    6.3  71    7.5  12 0 0 1 1 1 0 8.8 61.9 8.9 61.8 80.0 100 100 22 408 0 144 8 401 401 400 3 3 3 60 50 AUTO 0 
b.1 2025-06-02 02:28:01.969 a 2025-06-02-02:28:00 195 233 268 1.9 3.3 4.6 7.3 62.3 726.0 0.00 0 0.0 14.7 23.2 23.4 3.633  -40.9   12.6    6.4  71    7.6  12 0 0 1 1 1 0 8.8 62.7 8.8 62.7 80.0 100 100 21 408 0 144 0 401 401 400 0 0 0 60 50 AUTO 0 
b.1 2025-06-02 02:29:01.345 a 2025-06-02-02:28:59 138 230 251 0.5 3.8 4.9 7.3 62.3 726.0 0.00 0 0.0 14.4 22.6 23.4 3.633  -41.4   12.6    7.5  71    7.6  12 0 0 1 1 1 0 8.8 63.9 8.8 63.2 80.0 100 100 21 408 0 144 0 401 401 400 0 0 0 60 50 AUTO 0 
b.1 2025-06-02 02:30:00.943 a 2025-06-02-02:29:59 198 224 239 2.4 4.2 5.8 7.2 62.5 726.0 0.00 0 0.0 14.7 23.7 23.4 3.633  -43.7   12.6    8.6  72    7.6  12 0 0 1 1 1 0 8.8 64.1 8.8 63.4 80.0 100 100 21 408 0 144 0 401 401 400 0 0 0 60 50 AUTO 0 
b.1 2025-06-02 02:31:01.864 a 2025-06-02-02:31:00 212 230 263 1.9 3.9 5.2 7.2 60.8 726.1 0.00 0 0.0 15.0 24.0 24.5 3.633  -43.0   12.6    8.7  72    7.6  13 0 0 1 1 1 0 8.8 63.9 8.7 63.2 80.0 100 100 21 408 0 144 0 401 401 400 0 0 0 60 50 AUTO 0 
b.1 2025-06-02 02:32:01.464 a 2025-06-02-02:31:59 196 228 257 1.9 4.3 5.9 7.2 61.2 726.1 0.00 0 0.0 14.4 22.6 23.4 3.633  -43.0   12.6    9.6  72    7.6  13 0 0 1 1 2 0 8.8 63.3 8.7 62.8 80.0 100 100 21 408 0 144 0 402 401 400 0 0 0 60 50 AUTO 0 
b.1 2025-06-02 02:33:00.765 a 2025-06-02-02:32:59 206 223 237 2.8 3.9 5.3 7.1 57.4 726.1 0.00 0 0.0 14.9 24.0 23.4 3.633  -42.1   12.6    9.3  72    7.6  13 0 0 1 1 1 0 8.7 63.4 8.6 62.4 80.0 100 100 21 408 0 144 0 401 401 400 0 0 0 60 50 AUTO 0 
b.1 2025-06-02 02:34:01.444 a 2025-06-02-02:33:59 199 219 253 2.0 3.5 4.7 7.2 60.3 726.1 0.00 0 0.0 15.0 24.1 24.5 3.626  -41.3   12.5    7.8  72    7.6  13 0 0 1 1 1 0 8.7 62.8 8.6 62.7 80.0 100 100 21 408 0 144 0 401 401 400 0 0 0 60 50 AUTO 0 
b.1 2025-06-02 02:35:01.805 a 2025-06-02-02:35:00 194 225 249 2.0 3.6 5.0 7.1 61.3 726.1 0.00 0 0.0 14.9 23.9 23.4 3.633  -42.2   12.5    7.8  72    7.6  10 0 0 1 1 1 0 8.7 63.3 8.6 63.2 80.0 100 100 21 408 0 144 0 401 401 400 0 0 0 60 50 AUTO 0 
b.1 2025-06-02 02:36:01.545 a 2025-06-02-02:35:59 193 234 271 1.4 4.3 5.9 7.1 60.7 726.1 0.00 0 0.0 14.7 23.3 23.4 3.634  -41.6   12.5    9.1  72    7.6  15 0 0 1 1 1 0 8.7 63.3 8.6 62.6 80.0 100 100 21 408 0 144 0 401 401 400 0 0 0 60 50 AUTO 0 
b.1 2025-06-02 02:37:01.249 a 2025-06-02-02:36:59 196 234 272 1.0 3.9 5.7 7.1 59.5 726.1 0.00 0 0.0 14.6 22.6 23.4 3.633  -40.2   12.4    9.2  72    7.6  14 0 0 1 1 1 0 8.6 62.7 8.6 62.4 80.0 100 100 21 408 0 144 0 401 401 400 0 0 0 60 50 AUTO 0 
b.1 2025-06-02 02:38:01.048 a 2025-06-02-02:37:59 215 238 262 2.1 3.9 5.3 7.0 61.1 726.1 0.00 0 0.0 14.6 22.7 23.4 3.633  -41.5   12.4    9.2  72    7.6  14 0 0 1 1 1 0 8.6 63.4 8.5 62.7 80.0 100 100 21 408 0 144 0 401 402 399 0 0 0 60 50 AUTO 0 
b.1 2025-06-02 02:39:01.203 a 2025-06-02-02:38:59 207 239 266 1.8 3.8 5.3 7.1 61.4 726.1 0.00 0 0.0 14.5 22.6 23.4 3.633  -42.5   12.4    9.3  73    7.6  14 0 0 1 1 1 0 8.6 62.7 8.5 63.1 80.0 100 100 21 408 0 144 0 401 401 400 0 0 0 60 50 AUTO 0 
b.1 2025-06-02 02:40:01.285 a 2025-06-02-02:39:59 217 241 267 2.2 4.2 5.7 6.9 61.2 726.1 0.00 0 0.0 14.7 23.2 23.4 3.633  -43.5   12.3    9.9  73    7.5   5 0 0 1 1 1 0 8.6 63.3 8.4 63.3 80.0 100 100 21 408 0 144 0 401 401 400 0 0 0 60 50 AUTO 0 
b.1 2025-06-02 02:41:01.789 a 2025-06-02-02:41:00 207 232 259 2.8 4.6 5.8 6.9 59.5 726.1 0.00 0 0.0 14.7 23.6 23.4 3.633  -43.4   12.2   11.7  73    7.4  14 0 0 1 1 1 0 8.5 62.7 8.4 62.7 80.0 100 100 21 408 0 144 0 401 401 400 0 0 0 60 50 AUTO 0 
b.1 2025-06-02 02:42:01.066 a 2025-06-02-02:41:59 207 224 242 2.8 4.1 5.2 6.9 60.4 726.1 0.00 0 0.0 15.0 24.0 23.4 3.633  -42.7   12.2   10.2  73    7.4  13 0 0 1 1 1 0 8.5 63.2 8.3 62.8 80.0 100 100 21 408 0 144 0 401 402 400 0 0 0 60 50 AUTO 0 
b.1 2025-06-02 02:43:00.584 a 2025-06-02-02:42:58 219 239 264 1.5 4.6 6.1 6.9 60.4 726.1 0.00 0 0.0 14.7 22.6 23.4 3.633  -43.1   12.1   11.5  73    7.4  14 0 0 1 1 1 0 8.5 63.4 8.3 63.5 80.0 100 100 21 408 0 144 0 401 401 400 0 0 0 60 50 AUTO 0 
b.1 2025-06-02 02:44:00.426 a 2025-06-02-02:43:58 214 237 263 0.8 4.2 5.6 6.9 61.8 726.1 0.00 0 0.0 14.5 22.6 23.4 3.634  -43.8   12.1   11.4  73    7.4  14 0 0 1 1 1 0 8.5 63.8 8.3 63.7 80.0 100 100 21 408 0 144 0 402 401 400 0 0 0 60 50 AUTO 0 
b.1 2025-06-02 02:45:01.424 a 2025-06-02-02:44:59 216 230 246 3.1 4.7 5.3 6.9 61.3 726.1 0.00 0 0.0 14.6 23.3 23.4 3.634  -43.5   12.1   12.5  73    7.4  14 0 0 1 1 1 0 8.5 63.6 8.3 63.8 80.0 100 100 21 408 0 144 0 401 401 400 0 0 0 60 50 AUTO 0 
b.1 2025-06-02 02:46:01.305 a 2025-06-02-02:45:59 212 232 259 3.0 4.2 5.2 6.9 60.9 726.1 0.00 0 0.0 14.8 23.9 23.4 3.634  -42.0   12.0   10.9  73    7.3  14 0 0 1 1 1 0 8.4 64.4 8.3 63.6 80.0 100 100 21 408 0 144 0 401 401 400 0 0 0 60 50 AUTO 0 
b.1 2025-06-02 02:47:01.148 a 2025-06-02-02:46:59 214 236 262 2.4 3.9 5.2 6.8 62.0 726.1 0.00 0 0.0 15.0 24.0 24.5 3.627  -43.8   12.0   10.0  73    7.3  14 0 0 1 1 1 0 8.4 63.9 8.2 63.9 80.0 100 100 21 408 0 144 0 401 401 400 0 0 0 60 50 AUTO 0 
b.1 2025-06-02 02:48:01.085 a 2025-06-02-02:47:59 214 238 267 1.9 3.9 5.3 6.8 62.5 726.1 0.00 0 0.0 14.9 23.9 23.4 3.633  -43.6   11.9    9.6  73    7.3  14 0 0 1 1 1 0 8.4 63.7 8.2 64.0 80.0 100 100 21 408 0 144 0 401 401 400 0 0 0 60 50 AUTO 0 
b.1 2025-06-02 02:49:01.628 a 2025-06-02-02:48:59 135 235 257 0.7 4.2 5.8 6.7 62.2 726.1 0.00 0 0.0 14.6 22.6 23.4 3.633  -41.8   11.8   10.4  73    7.2  14 0 0 1 1 1 0 8.4 63.7 8.1 64.3 80.0 100 100 21 408 0 144 0 401 401 400 0 0 0 60 50 AUTO 0 
b.1 2025-06-02 02:50:02.206 a 2025-06-02-02:50:00 213 240 267 1.7 4.5 6.6 6.7 58.9 726.1 0.00 0 0.0 14.5 22.6 23.4 3.633  -43.7   11.8   11.1  73    7.2  14 0 0 1 1 1 0 8.3 63.3 8.1 63.6 80.0 100 100 21 408 0 144 0 401 401 400 0 0 0 60 50 AUTO 0 
b.1 2025-06-02 02:51:01.588 a 2025-06-02-02:50:59 216 244 284 0.7 3.9 5.8 6.7 58.1 726.1 0.00 0 0.0 14.5 22.6 23.4 3.633  -41.7   11.7    9.4  73    7.1  14 0 0 1 1 1 0 8.3 62.7 8.0 62.8 80.0 100 100 21 408 0 144 0 401 402 400 0 0 0 60 50 AUTO 0 
b.1 2025-06-02 02:52:00.786 a 2025-06-02-02:51:59 213 238 265 2.4 4.3 5.8 6.9 59.7 726.1 0.00 0 0.0 14.9 23.9 23.4 3.633  -42.0   11.7   10.3  73    7.1  14 0 0 1 1 1 0 8.2 62.3 8.0 63.0 80.0 100 100 21 408 0 144 0 402 401 400 0 0 0 60 50 AUTO 0 
b.1 2025-06-02 02:53:00.726 a 2025-06-02-02:52:59 212 235 272 0.7 4.3 5.6 6.9 59.7 726.1 0.00 0 0.0 14.8 23.3 23.4 3.633  -43.1   11.6   10.4  73    7.0  14 0 0 1 1 1 0 8.2 62.5 8.1 62.6 80.0 100 100 21 408 0 144 0 401 402 400 0 0 0 60 50 AUTO 0 
b.1 2025-06-02 02:54:00.065 a 2025-06-02-02:53:58 213 234 261 1.8 4.2 5.3 6.8 60.4 726.1 0.00 0 0.0 14.4 22.6 23.4 3.633  -43.0   11.6   10.0  73    7.0  14 0 0 1 1 1 0 8.2 63.0 8.0 63.5 80.0 100 100 21 408 0 144 0 401 402 400 0 0 0 60 50 AUTO 0 
b.1 2025-06-02 02:55:02.684 a 2025-06-02-02:55:01 135 239 284 0.5 3.5 5.0 6.8 61.4 726.1 0.00 0 0.0 14.7 23.7 23.4 3.633  -42.3   11.6    8.6  73    7.0  14 0 0 1 1 1 0 8.2 62.5 8.0 63.4 80.0 100 100 21 408 0 144 0 401 402 400 0 0 0 60 50 AUTO 0 
b.1 2025-06-02 02:56:01.365 a 2025-06-02-02:55:59 146 239 338 0.7 3.6 5.2 6.8 60.2 726.1 0.00 0 0.0 14.9 24.0 23.4 3.634  -42.5   11.5    8.2  73    6.9   9 0 0 1 1 1 0 8.2 63.5 8.0 64.4 80.0 100 100 21 408 0 144 0 401 401 400 0 0 0 60 50 AUTO 0 
b.1 2025-06-02 02:57:01.009 a 2025-06-02-02:56:59 190 228 248 2.1 4.7 5.9 6.7 59.1 726.1 0.00 0 0.0 14.6 22.6 23.4 3.632  -43.1   11.5   10.0  73    6.9  15 0 0 1 1 1 0 8.2 64.2 7.9 64.6 80.0 100 100 21 408 0 144 0 401 401 400 0 0 0 60 50 AUTO 0 
b.1 2025-06-02 02:58:00.069 a 2025-06-02-02:57:58 214 232 246 3.5 4.9 6.1 6.7 58.7 726.1 0.00 0 0.0 14.5 22.6 23.4 3.633  -43.8   11.5   11.5  73    6.9  14 0 0 1 1 1 0 8.1 63.5 7.9 63.7 80.0 100 100 21 408 0 144 0 401 401 400 0 0 0 60 50 AUTO 0 
b.1 2025-06-02 02:59:00.466 a 2025-06-02-02:58:58 207 234 258 1.2 4.8 6.1 6.8 57.1 726.1 0.00 0 0.0 14.7 23.7 23.4 3.633  -40.8   11.5   11.4  73    6.8  14 0 0 1 1 1 0 8.1 63.1 7.9 62.8 80.0 100 100 21 408 0 144 0 401 402 400 0 0 0 60 50 AUTO 0 
b.1 2025-06-02 03:00:01.851 a 2025-06-02-03:00:00 210 232 248 2.4 4.6 5.4 6.8 60.3 726.1 0.00 0 0.0 14.6 22.6 23.4 3.633  -43.7   11.5   11.2  73    6.8  14 0 0 1 1 1 0 8.1 62.7 7.9 62.8 80.0 100 100 21 408 0 144 0 402 401 400 0 0 0 60 50 AUTO 0 
b.1 2025-06-02 03:01:00.726 a 2025-06-02-03:00:59 220 230 241 3.5 5.0 5.9 6.8 60.5 726.1 0.00 0 0.0 14.5 22.6 23.5 3.633  -44.0   11.5   12.7  73    6.7  14 0 0 1 1 1 0 8.1 63.1 7.9 63.4 80.0 100 100 21 408 0 144 0 401 401 400 0 0 0 60 50 AUTO 0 
b.1 2025-06-02 03:02:01.130 a 2025-06-02-03:01:59 222 235 251 4.0 5.1 6.0 6.8 60.5 726.1 0.00 0 0.0 14.8 23.8 23.4 3.633  -44.8   11.5   13.3  72    6.7  14 0 0 1 1 1 0 8.1 63.1 7.9 63.6 80.0 100 100 21 408 0 144 0 401 401 400 0 0 0 60 50 AUTO 0 
b.1 2025-06-02 03:03:01.917 a 2025-06-02-03:03:00 211 225 242 3.9 5.1 6.3 6.8 59.3 726.1 0.00 0 0.0 14.6 22.6 23.4 3.633  -44.1   11.5   13.4  73    6.7  14 0 0 1 1 1 0 8.1 62.9 7.9 63.4 80.0 100 100 21 408 0 144 0 402 401 400 0 0 0 60 50 AUTO 0 
b.1 2025-06-02 03:04:01.328 a 2025-06-02-03:03:59 217 233 248 3.8 5.0 5.9 6.7 59.4 726.1 0.00 0 0.0 14.6 22.6 23.4 3.633  -44.1   11.5   13.4  73    6.8  14 0 0 1 1 1 0 8.1 63.4 7.9 62.9 80.0 100 100 21 408 0 144 0 401 402 400 0 0 0 60 50 AUTO 0 
b.1 2025-06-02 03:05:01.848 a 2025-06-02-03:05:00 210 229 245 3.3 5.2 6.2 6.7 59.6 726.0 0.00 0 0.0 14.6 22.6 23.4 3.633  -44.4   11.5   13.7  73    6.8  14 0 0 1 1 1 0 8.1 62.2 7.9 62.8 80.0 100 100 21 408 0 144 0 402 401 400 0 0 0 60 50 AUTO 0 
b.1 2025-06-02 03:06:01.430 a 2025-06-02-03:05:59 217 229 245 3.8 5.1 6.3 6.7 59.3 726.1 0.00 0 0.0 14.7 23.3 23.4 3.633  -44.9   11.5   13.7  73    6.8  14 0 0 1 1 1 0 8.1 62.2 7.9 62.4 80.0 100 100 21 408 0 144 0 401 401 400 0 0 0 60 50 AUTO 0 
b.1 2025-06-02 03:07:01.473 a 2025-06-02-03:06:59 212 229 238 3.7 5.2 6.0 6.7 59.4 726.0 0.00 0 0.0 14.6 23.3 23.4 3.633  -44.9   11.5   13.7  73    6.8  14 0 0 1 1 1 0 8.1 62.8 7.9 63.1 80.0 100 100 21 408 0 144 0 401 401 400 0 0 0 60 50 AUTO 0 
b.1 2025-06-02 03:08:00.572 a 2025-06-02-03:07:58 214 230 245 3.9 5.3 6.1 6.7 58.6 726.0 0.00 0 0.0 14.8 23.3 23.4 3.632  -44.8   11.5   14.3  73    6.8  14 0 0 1 1 1 0 8.1 62.4 7.8 62.7 80.0 100 100 21 408 0 144 0 402 401 400 0 0 0 60 50 AUTO 0 
b.1 2025-06-02 03:09:01.348 a 2025-06-02-03:08:59 219 230 241 5.0 5.7 6.4 6.7 57.6 726.0 0.00 0 0.0 14.7 23.3 23.4 3.633  -45.0   11.5   15.9  73    6.8  14 0 0 1 2 1 0 8.1 61.9 7.8 62.4 80.0 100 100 21 408 0 144 0 401 401 400 0 0 0 60 50 AUTO 0 
b.1 2025-06-02 03:10:01.611 a 2025-06-02-03:09:59 221 233 248 4.3 5.7 6.2 6.7 56.7 726.0 0.00 0 0.0 14.6 22.6 23.4 3.633  -44.5   11.5   16.2  73    6.7  14 0 0 1 2 1 0 8.0 61.9 7.8 62.5 80.0 100 100 21 408 0 144 0 401 401 399 0 0 0 60 50 AUTO 0 
b.1 2025-06-02 03:11:01.549 a 2025-06-02-03:10:59 221 234 247 4.3 5.4 5.9 6.7 55.8 726.0 0.00 0 0.0 14.6 23.3 23.4 3.633  -45.0   11.5   15.8  72    6.7  14 0 0 1 2 1 0 8.0 61.5 7.8 62.0 80.0 100 100 21 408 0 144 0 401 401 400 0 0 0 60 50 AUTO 0 
b.1 2025-06-02 03:12:02.448 a 2025-06-02-03:12:00 222 235 248 4.2 5.3 6.4 6.8 56.2 726.0 0.00 0 0.0 14.7 23.3 23.4 3.633  -44.4   11.5   15.5  72    6.6  14 0 0 1 2 1 0 8.0 61.2 7.8 61.0 80.0 100 100 21 408 0 144 0 401 401 400 0 0 0 60 50 AUTO 0 
b.1 2025-06-02 03:13:00.446 a 2025-06-02-03:12:58 205 237 254 3.2 5.0 6.0 6.8 55.8 726.1 0.00 0 0.0 14.8 23.3 23.4 3.632  -44.4   11.5   14.3  72    6.6  14 0 0 1 1 1 0 8.0 60.6 7.8 61.3 80.0 100 100 21 408 0 144 0 401 401 400 0 0 0 60 50 AUTO 0 
b.1 2025-06-02 03:14:01.509 a 2025-06-02-03:13:59 216 236 252 3.3 5.1 5.9 6.8 55.7 726.1 0.00 0 0.0 14.6 22.7 23.4 3.633  -43.7   11.5   14.3  72    6.7  14 0 0 1 1 1 0 8.0 60.4 7.8 60.8 80.0 100 100 21 408 0 144 0 401 401 400 0 0 0 60 50 AUTO 0 
b.1 2025-06-02 03:15:00.190 a 2025-06-02-03:14:58 225 236 253 4.0 5.2 6.0 6.8 56.5 726.1 0.00 0 0.0 14.6 22.6 23.4 3.634  -44.4   11.5   15.0  72    6.7  14 0 0 1 2 1 0 8.0 60.0 7.8 60.5 80.0 100 100 21 408 0 144 0 401 402 400 0 0 0 60 50 AUTO 0 
b.1 2025-06-02 03:16:00.128 a 2025-06-02-03:15:58 218 236 256 3.0 5.2 6.0 6.9 55.4 726.1 0.00 0 0.0 14.6 23.3 23.4 3.634  -44.2   11.4   14.6  72    6.6  14 0 0 1 1 1 0 8.0 60.1 7.8 60.6 80.0 100 100 21 408 0 144 0 401 401 400 0 0 0 60 50 AUTO 0 
b.1 2025-06-02 03:17:01.648 a 2025-06-02-03:16:59 217 238 250 3.6 5.1 6.4 6.9 55.7 726.1 0.00 0 0.0 14.8 23.7 23.4 3.633  -44.0   11.5   14.3  72    6.7  14 0 0 1 1 1 0 7.9 59.4 7.8 60.0 80.0 100 100 21 408 0 144 0 401 401 400 0 0 0 60 50 AUTO 0 
b.1 2025-06-02 03:18:01.150 a 2025-06-02-03:17:59 213 237 256 3.4 5.0 6.1 6.8 54.6 726.1 0.00 0 0.0 14.9 23.9 23.4 3.633  -43.6   11.4   13.9  73    6.7  14 0 0 1 1 1 0 7.9 60.2 7.7 60.7 80.0 100 100 21 408 0 144 0 401 401 400 0 0 0 60 50 AUTO 0 
b.1 2025-06-02 03:19:01.773 a 2025-06-02-03:19:00 224 237 255 3.7 5.2 5.9 6.8 54.7 726.1 0.00 0 0.0 14.8 23.7 23.4 3.634  -44.2   11.4   14.2  73    6.7  14 0 0 1 1 1 0 7.9 60.2 7.7 60.1 80.0 100 100 21 408 0 144 0 402 401 400 0 0 0 60 50 AUTO 0 
b.1 2025-06-02 03:20:02.250 a 2025-06-02-03:20:00 219 238 278 3.1 4.7 5.9 6.9 53.7 726.1 0.00 0 0.0 14.8 23.2 23.4 3.633  -43.6   11.4   12.9  73    6.7  14 0 0 1 1 1 0 7.9 57.3 7.7 58.5 80.0 100 100 21 408 0 144 0 402 401 400 0 0 0 60 50 AUTO 0 
b.1 2025-06-02 03:21:01.401 a 2025-06-02-03:20:59 218 239 261 2.3 4.5 5.9 6.9 53.2 726.1 0.00 0 0.0 14.7 23.3 23.4 3.634  -43.8   11.4   11.6  73    6.7  14 0 0 1 1 1 0 7.8 55.6 7.6 56.6 80.0 100 100 21 408 0 144 0 401 401 399 0 0 0 60 50 AUTO 0 
b.1 2025-06-02 03:22:01.707 a 2025-06-02-03:21:59 216 234 250 3.7 4.8 5.5 6.9 53.1 726.2 0.00 0 0.0 14.6 22.6 23.4 3.633  -43.5   11.4   11.9  73    6.7  14 0 0 1 1 1 0 7.7 55.9 7.6 56.7 80.0 100 100 21 408 0 144 0 402 401 400 0 0 0 60 50 AUTO 0 
b.1 2025-06-02 03:23:01.730 a 2025-06-02-03:23:00 218 235 252 3.7 4.9 5.9 6.9 52.6 726.2 0.00 0 0.0 14.7 22.7 23.4 3.633  -43.8   11.4   12.5  73    6.7  14 0 0 1 1 1 0 7.6 56.0 7.5 56.9 80.0 100 100 21 408 0 144 0 401 401 400 0 0 0 60 50 AUTO 0 
b.1 2025-06-02 03:23:59.489 a 2025-06-02-03:23:57 217 236 255 3.2 4.7 5.6 6.9 54.8 726.2 0.00 0 0.0 14.8 23.4 23.4 3.633  -43.4   11.4   12.2  73    6.7  14 0 0 1 1 1 0 7.6 56.3 7.5 56.9 80.0 100 100 21 408 0 144 0 401 401 400 0 0 0 60 50 AUTO 0 
b.1 2025-06-02 03:25:01.434 a 2025-06-02-03:24:59 222 235 249 3.4 4.8 5.4 6.9 52.6 726.2 0.00 0 0.0 14.9 23.9 23.4 3.633  -43.7   11.4   12.2  73    6.7  14 0 0 1 1 1 0 7.6 55.3 7.5 56.0 80.0 100 100 22 408 0 144 0 401 401 400 0 0 0 60 50 AUTO 0 
b.1 2025-06-02 03:26:01.128 a 2025-06-02-03:25:59 223 237 258 2.5 4.4 5.4 6.9 53.5 726.2 0.00 0 0.0 14.9 23.7 23.4 3.633  -45.3   11.4   11.1  73    6.7  14 0 0 1 1 1 0 7.5 55.7 7.5 56.4 80.0 100 100 22 408 0 144 0 401 401 400 0 0 0 60 50 AUTO 0 
b.1 2025-06-02 03:27:01.631 a 2025-06-02-03:26:59 222 236 253 3.6 5.0 5.8 6.9 51.6 726.2 0.00 0 0.0 14.7 23.3 23.4 3.633  -43.2   11.4   12.3  73    6.7   9 0 0 1 1 1 0 7.5 54.6 7.5 55.5 80.0 100 100 22 408 0 144 0 401 401 399 0 0 0 60 50 AUTO 0 
b.1 2025-06-02 03:27:59.990 a 2025-06-02-03:27:58 219 237 251 2.5 4.7 5.8 6.9 52.7 726.2 0.00 0 0.0 14.6 22.6 23.4 3.633  -44.2   11.5   12.3  73    6.7  15 0 0 1 1 1 0 7.5 55.7 7.5 56.3 80.0 100 100 22 408 0 144 0 401 401 400 0 0 0 60 50 AUTO 0 
b.1 2025-06-02 03:29:00.489 a 2025-06-02-03:28:58 188 236 257 3.1 4.7 5.6 7.0 52.6 726.2 0.00 0 0.0 14.5 22.6 23.4 3.633  -43.0   11.4   12.0  73    6.7  13 0 0 1 1 1 0 7.5 54.9 7.5 55.3 80.0 100 100 22 408 0 144 0 402 401 400 0 0 0 60 50 AUTO 0 
b.1 2025-06-02 03:30:00.568 a 2025-06-02-03:29:58 227 236 249 3.4 5.1 6.1 7.0 50.3 726.3 0.00 0 0.0 14.7 23.3 23.4 3.633  -43.3   11.5   13.0  73    6.7  13 0 0 1 1 1 0 7.4 53.6 7.5 54.1 80.0 100 100 22 408 0 144 0 401 402 400 0 0 0 60 50 AUTO 0 
b.1 2025-06-02 03:31:01.809 a 2025-06-02-03:31:00 220 236 247 3.7 5.4 6.2 7.0 50.6 726.3 0.00 0 0.0 14.7 23.3 23.4 3.633  -44.2   11.5   14.0  72    6.7  14 0 0 1 1 1 0 7.4 53.5 7.5 53.7 80.0 100 100 22 408 0 144 0 401 401 399 0 0 0 60 50 AUTO 0 
b.1 2025-06-02 03:32:01.509 a 2025-06-02-03:31:59 223 234 260 4.2 5.3 5.9 7.0 51.2 726.3 0.00 0 0.0 14.7 23.3 23.4 3.633  -45.3   11.5   14.4  72    6.6  15 0 0 1 1 1 0 7.4 54.8 7.5 54.7 80.0 100 100 22 408 0 144 0 401 401 400 0 0 0 60 50 AUTO 0 
b.1 2025-06-02 03:33:00.989 a 2025-06-02-03:32:59 223 233 246 4.2 5.1 5.8 7.0 53.4 726.3 0.00 0 0.0 14.7 22.7 23.4 3.633  -43.9   11.5   14.1  71    6.5  15 0 0 1 1 1 0 7.4 55.9 7.5 56.0 80.0 100 100 22 408 0 144 0 401 401 399 0 0 0 60 50 AUTO 0 
b.1 2025-06-02 03:34:03.076 a 2025-06-02-03:34:01 222 234 253 3.9 5.2 6.0 6.9 52.7 726.3 0.00 0 0.0 14.7 23.2 23.4 3.633  -44.5   11.5   14.6  71    6.5  15 0 0 1 1 1 0 7.4 55.3 7.5 55.4 80.0 100 100 22 408 0 144 0 401 401 400 0 0 0 60 50 AUTO 0 
b.1 2025-06-02 03:35:00.371 a 2025-06-02-03:34:58 220 236 260 3.7 5.0 5.8 6.9 52.7 726.3 0.00 0 0.0 14.7 22.6 23.4 3.633  -44.6   11.5   13.9  71    6.5  15 0 0 1 1 1 0 7.4 56.6 7.4 56.5 80.0 100 100 22 408 0 144 0 401 401 400 0 0 0 60 50 AUTO 0 
b.1 2025-06-02 03:36:01.469 a 2025-06-02-03:35:59 225 235 252 3.6 4.8 5.6 6.9 50.3 726.2 0.00 0 0.0 14.7 22.7 23.4 3.633  -45.3   11.5   13.6  71    6.5  15 0 0 1 1 1 0 7.4 57.2 7.4 57.2 80.0 100 100 21 408 0 144 0 401 401 400 0 0 0 60 50 AUTO 0 
b.1 2025-06-02 03:37:01.028 a 2025-06-02-03:36:59 220 237 253 2.7 4.9 5.8 6.9 50.3 726.2 0.00 0 0.0 14.7 23.6 23.4 3.633  -43.9   11.5   12.9  71    6.5  15 0 0 1 1 1 0 7.4 56.2 7.4 56.1 80.0 100 100 21 408 0 144 0 401 401 400 0 0 0 60 50 AUTO 0 
b.1 2025-06-02 03:38:01.713 a 2025-06-02-03:37:59 219 232 242 3.6 5.0 5.6 7.0 50.4 726.2 0.00 0 0.0 14.8 23.6 23.4 3.633  -45.4   11.5   13.3  71    6.4  15 0 0 1 1 1 0 7.4 56.2 7.4 56.4 80.0 100 100 21 408 0 144 0 401 401 400 0 0 0 60 50 AUTO 0 
b.1 2025-06-02 03:39:00.012 a 2025-06-02-03:38:58 221 233 242 3.8 5.1 5.6 7.0 50.8 726.3 0.00 0 0.0 14.8 23.6 23.4 3.633  -45.6   11.6   13.6  70    6.3  15 0 0 1 1 1 0 7.4 56.7 7.4 56.9 80.0 100 100 21 408 0 144 0 401 402 400 0 0 0 60 50 AUTO 0 
b.1 2025-06-02 03:40:02.430 a 2025-06-02-03:40:00 213 232 240 3.9 5.0 5.7 7.0 51.5 726.3 0.00 0 0.0 14.7 23.3 23.4 3.632  -45.1   11.6   13.6  70    6.2  15 0 0 1 1 1 0 7.4 56.8 7.4 56.8 80.0 100 100 21 408 0 144 0 401 401 400 0 0 0 60 50 AUTO 0 
b.1 2025-06-02 03:41:00.747 a 2025-06-02-03:40:58 219 232 245 4.2 5.0 5.6 7.0 51.6 726.3 0.00 0 0.0 14.6 22.6 23.4 3.633  -45.1   11.6   13.7  70    6.2  15 0 0 1 1 1 0 7.4 57.4 7.4 57.6 80.0 100 100 21 408 0 144 0 401 401 400 0 0 0 60 50 AUTO 0 
b.1 2025-06-02 03:42:01.351 a 2025-06-02-03:41:59 223 233 242 4.1 5.0 5.5 6.9 51.5 726.3 0.00 0 0.0 14.6 22.6 23.4 3.633  -45.2   11.6   13.4  69    6.1  15 0 0 1 1 1 0 7.4 57.0 7.3 56.9 80.0 100 100 21 408 0 144 0 401 402 400 0 0 0 60 50 AUTO 0 
b.1 2025-06-02 03:43:01.088 a 2025-06-02-03:42:59 213 234 244 3.5 4.6 5.4 6.9 52.5 726.3 0.00 0 0.0 14.6 23.3 23.4 3.633  -45.5   11.6   12.4  69    6.1  15 0 0 1 1 1 0 7.3 57.2 7.3 57.2 80.0 100 100 21 408 0 144 0 401 401 400 0 0 0 60 50 AUTO 0 
b.1 2025-06-02 03:44:01.069 a 2025-06-02-03:43:59 222 235 253 2.8 4.6 5.3 6.8 49.8 726.3 0.00 0 0.0 14.7 23.7 23.4 3.633  -44.5   11.6   12.2  69    6.2  15 0 0 1 1 1 0 7.4 56.6 7.3 57.2 80.0 100 100 21 408 0 144 0 401 401 400 0 0 0 60 50 AUTO 0 
b.1 2025-06-02 03:45:03.187 a 2025-06-02-03:45:01 222 233 244 3.9 4.9 5.5 6.8 49.9 726.3 0.00 0 0.0 14.9 23.9 23.4 3.633  -45.3   11.6   12.9  69    6.2  15 0 0 1 1 1 0 7.3 56.7 7.3 56.8 80.0 100 100 21 408 0 144 0 402 401 400 0 0 0 60 50 AUTO 0 
b.1 2025-06-02 03:46:01.109 a 2025-06-02-03:45:59 221 233 244 4.3 5.1 6.0 6.9 50.4 726.3 0.00 0 0.0 14.7 23.2 23.4 3.633  -46.1   11.6   13.5  69    6.2  15 0 0 1 1 1 0 7.3 56.6 7.3 57.1 80.0 100 100 21 408 0 144 0 401 401 400 0 0 0 60 50 AUTO 0 
b.1 2025-06-02 03:47:01.230 a 2025-06-02-03:46:59 216 235 267 2.5 4.5 5.6 6.9 49.7 726.3 0.00 0 0.0 14.6 22.6 23.4 3.633  -45.4   11.6   12.5  69    6.2  15 0 0 1 1 1 0 7.3 57.1 7.3 56.7 80.0 100 100 21 408 0 144 0 401 401 400 0 0 0 60 50 AUTO 0 
b.1 2025-06-02 03:48:00.756 a 2025-06-02-03:47:59 211 231 242 3.5 4.8 5.5 7.0 50.2 726.3 0.00 0 0.0 14.5 22.6 23.4 3.633  -44.1   11.6   12.5  70    6.3  15 0 0 1 1 1 0 7.3 56.7 7.3 56.3 80.0 100 100 21 408 0 144 0 401 401 400 0 0 0 60 50 AUTO 0 
b.1 2025-06-02 03:49:01.052 a 2025-06-02-03:48:59 218 232 245 3.1 4.6 5.6 6.9 50.2 726.3 0.00 0 0.0 14.6 22.7 23.4 3.633  -46.0   11.6   12.2  70    6.3  15 0 0 1 1 1 0 7.3 56.0 7.3 56.3 80.0 100 100 21 408 0 144 0 401 401 400 0 0 0 60 50 AUTO 0 
b.1 2025-06-02 03:50:00.890 a 2025-06-02-03:49:59 220 234 246 3.4 4.7 5.4 6.9 50.8 726.3 0.00 0 0.0 14.7 23.6 23.4 3.633  -45.0   11.6   12.5  70    6.4  15 0 0 1 1 1 0 7.3 55.9 7.3 56.3 80.0 100 100 21 408 0 144 0 401 401 400 0 0 0 60 50 AUTO 0 
b.1 2025-06-02 03:51:01.196 a 2025-06-02-03:50:59 222 233 247 3.2 4.8 5.4 6.8 50.7 726.3 0.00 0 0.0 14.8 23.7 23.4 3.633  -45.7   11.6   12.5  70    6.4  15 0 0 1 1 1 0 7.3 55.9 7.3 56.3 80.0 100 100 21 408 0 144 0 401 401 400 0 0 0 60 50 AUTO 0 
b.1 2025-06-02 03:52:01.726 a 2025-06-02-03:51:59 218 232 250 3.5 4.6 5.5 6.8 50.9 726.3 0.00 0 0.0 14.8 23.3 23.4 3.633  -45.4   11.6   12.5  70    6.4  15 0 0 1 1 1 0 7.3 56.3 7.2 56.6 80.0 100 100 21 408 0 144 0 401 402 400 0 0 0 60 50 AUTO 0 
b.1 2025-06-02 03:53:01.115 a 2025-06-02-03:52:59 219 232 244 4.2 5.1 6.0 6.7 50.9 726.3 0.00 0 0.0 14.7 22.6 23.4 3.633  -44.8   11.6   13.4  71    6.4  15 0 0 1 1 1 0 7.3 55.8 7.2 56.3 80.0 100 100 21 408 0 144 0 401 402 400 0 0 0 60 50 AUTO 0 
b.1 2025-06-02 03:54:00.032 a 2025-06-02-03:53:58 220 234 246 3.5 4.9 5.9 6.8 50.6 726.3 0.00 0 0.0 14.5 22.6 23.4 3.633  -45.3   11.6   13.4  70    6.4  15 0 0 1 1 1 0 7.3 55.7 7.2 56.0 80.0 100 100 21 408 0 144 0 401 401 400 0 0 0 60 50 AUTO 0 
b.1 2025-06-02 03:55:00.990 a 2025-06-02-03:54:59 219 235 254 3.5 4.7 5.6 6.8 50.4 726.3 0.00 0 0.0 14.8 23.7 23.4 3.632  -45.8   11.6   12.7  70    6.4  15 0 0 1 1 1 0 7.2 55.3 7.2 55.9 80.0 100 100 21 408 0 144 0 401 401 400 0 0 0 60 50 AUTO 0 
b.1 2025-06-02 03:56:00.890 a 2025-06-02-03:55:59 216 235 251 2.5 4.5 5.2 6.7 50.7 726.4 0.00 0 0.0 14.8 23.7 23.4 3.633  -45.3   11.6   12.4  71    6.4  15 0 0 1 1 1 0 7.2 55.8 7.2 56.5 80.0 100 100 21 408 0 144 0 401 401 400 0 0 0 60 50 AUTO 0 
b.1 2025-06-02 03:57:00.653 a 2025-06-02-03:56:58 216 235 257 2.5 4.4 5.4 6.7 50.8 726.3 0.00 0 0.0 14.7 23.2 23.4 3.633  -46.1   11.6   11.7  71    6.4  15 0 0 1 1 1 0 7.2 56.0 7.2 56.6 80.0 100 100 21 408 0 144 0 401 401 400 0 0 0 60 50 AUTO 0 
b.1 2025-06-02 03:58:01.428 a 2025-06-02-03:57:59 219 235 255 2.1 4.5 5.5 6.7 50.1 726.3 0.00 0 0.0 14.6 22.6 23.4 3.633  -45.5   11.5   12.0  71    6.5  15 0 0 1 1 1 0 7.2 55.6 7.2 56.1 80.0 100 100 21 408 0 144 0 401 401 399 0 0 0 60 50 AUTO 0 
b.1 2025-06-02 03:59:00.769 a 2025-06-02-03:58:59 216 236 264 2.1 4.3 5.2 6.8 49.6 726.4 0.00 0 0.0 14.7 23.3 23.4 3.633  -44.5   11.5   11.1  71    6.4  15 0 0 1 1 1 0 7.2 55.9 7.2 56.2 80.0 100 100 21 408 0 144 0 401 401 400 0 0 0 60 50 AUTO 0 
b.1 2025-06-02 03:59:59.973 a 2025-06-02-03:59:58 214 235 258 1.4 4.0 5.1 6.8 49.5 726.4 0.00 0 0.0 14.6 23.3 23.4 3.633  -44.5   11.5   10.0  71    6.4  10 0 0 1 1 1 0 7.2 55.6 7.2 56.1 80.0 100 100 21 408 0 144 0 401 401 400 0 0 0 60 50 AUTO 0 
b.1 2025-06-02 04:01:00.292 a 2025-06-02-04:00:58 196 235 268 0.5 4.1 5.6 6.7 50.1 726.3 0.00 0 0.0 14.7 23.3 23.4 3.634  -42.7   11.5   10.0  71    6.4  16 0 0 1 1 1 0 7.2 55.6 7.2 56.3 80.0 100 100 21 408 0 144 0 402 401 400 0 0 0 60 50 AUTO 0 
b.1 2025-06-02 04:02:01.390 a 2025-06-02-04:01:59 205 233 250 1.8 4.2 5.1 6.7 49.8 726.3 0.00 0 0.0 14.7 23.3 23.4 3.635  -45.4   11.5    9.9  71    6.4  14 0 0 1 1 1 0 7.2 55.7 7.2 56.2 80.0 100 100 21 408 0 144 0 401 401 400 0 0 0 60 50 AUTO 0 
b.1 2025-06-02 04:03:01.148 a 2025-06-02-04:02:59 215 232 242 3.4 4.4 5.2 6.8 50.4 726.3 0.00 0 0.0 14.9 23.6 23.4 3.633  -44.7   11.5   10.6  71    6.4  14 0 0 1 1 1 0 7.2 56.7 7.2 56.4 80.0 100 100 21 408 0 144 0 402 401 400 0 0 0 60 50 AUTO 0 
b.1 2025-06-02 04:04:01.092 a 2025-06-02-04:03:59 216 231 244 3.4 4.3 5.3 6.7 50.2 726.3 0.00 0 0.0 14.7 23.3 23.4 3.632  -45.7   11.4   10.6  71    6.4  14 0 0 1 1 1 0 7.2 55.7 7.2 55.5 80.0 100 100 21 408 0 144 0 401 401 400 0 0 0 60 50 AUTO 0 
b.1 2025-06-02 04:05:01.529 a 2025-06-02-04:04:59 218 233 246 3.6 4.7 5.5 6.7 49.4 726.3 0.00 0 0.0 14.7 22.6 23.4 3.633  -44.4   11.4   11.3  71    6.4  14 0 0 1 1 1 0 7.2 55.2 7.2 55.5 80.0 100 100 21 408 0 144 0 401 401 399 0 0 0 60 50 AUTO 0 
b.1 2025-06-02 04:06:01.331 a 2025-06-02-04:05:59 215 233 252 2.8 4.9 5.6 6.7 49.4 726.3 0.00 0 0.0 14.6 22.6 23.4 3.633  -44.0   11.4   11.9  71    6.3  14 0 0 1 1 1 0 7.2 55.0 7.2 55.0 80.0 100 100 21 408 0 144 0 401 401 400 0 0 0 60 50 AUTO 0 
b.1 2025-06-02 04:07:01.309 a 2025-06-02-04:06:59 219 233 247 3.9 4.9 5.5 6.7 48.9 726.3 0.00 0 0.0 14.7 23.7 23.4 3.633  -45.9   11.4   12.5  71    6.3  14 0 0 1 1 1 0 7.2 54.8 7.2 55.7 80.0 100 100 21 408 0 144 0 401 401 399 0 0 0 60 50 AUTO 0 
b.1 2025-06-02 04:07:59.950 a 2025-06-02-04:07:58 216 234 253 3.4 4.8 5.6 6.7 49.2 726.3 0.00 0 0.0 14.8 23.8 23.4 3.633  -45.3   11.4   12.5  70    6.2  14 0 0 1 1 1 0 7.1 54.5 7.2 54.9 80.0 100 100 21 408 0 144 0 402 401 400 0 0 0 60 50 AUTO 0 
b.1 2025-06-02 04:09:02.130 a 2025-06-02-04:09:00 214 232 250 3.3 4.7 5.8 6.8 49.3 726.3 0.00 0 0.0 14.8 23.6 23.4 3.633  -45.6   11.4   12.3  70    6.3  14 0 0 1 1 1 0 7.1 54.4 7.1 54.5 80.0 100 100 21 408 0 144 0 401 401 400 0 0 0 60 50 AUTO 0 
b.1 2025-06-02 04:10:01.737 a 2025-06-02-04:09:59 225 234 245 4.0 5.0 5.6 6.7 49.4 726.3 0.00 0 0.0 14.6 22.7 23.4 3.633  -44.8   11.4   12.8  70    6.2  14 0 0 1 1 1 0 7.1 54.3 7.1 54.6 80.0 100 100 21 408 0 144 0 401 401 400 0 0 0 60 50 AUTO 0 
b.1 2025-06-02 04:11:01.069 a 2025-06-02-04:10:59 219 234 246 3.7 4.9 5.7 6.7 49.5 726.3 0.00 0 0.0 14.6 22.6 23.4 3.633  -46.4   11.4   13.2  70    6.2  14 0 0 1 1 1 0 7.1 52.7 7.2 53.1 80.0 100 100 21 408 0 144 0 401 401 400 0 0 0 60 50 AUTO 0 
b.1 2025-06-02 04:12:02.776 a 2025-06-02-04:12:00 219 234 241 3.8 5.4 6.1 6.7 49.5 726.3 0.00 0 0.0 14.7 23.3 23.4 3.633  -45.3   11.4   14.6  70    6.1  14 0 0 1 1 1 0 7.1 52.7 7.2 52.8 80.0 100 100 21 408 0 144 0 401 401 399 0 0 0 60 50 AUTO 0 
b.1 2025-06-02 04:13:01.651 a 2025-06-02-04:12:59 217 233 244 4.6 5.5 6.0 6.8 49.6 726.3 0.00 0 0.0 14.8 23.7 23.4 3.633  -47.2   11.4   15.3  69    6.0  15 0 0 1 2 1 0 7.1 52.3 7.2 52.5 80.0 100 100 21 408 0 144 0 401 402 399 0 0 0 60 50 AUTO 0 
b.1 2025-06-02 04:14:00.328 a 2025-06-02-04:13:58 220 232 240 4.8 5.8 6.2 6.8 49.3 726.3 0.00 0 0.0 14.7 23.3 23.4 3.633  -45.7   11.4   16.1  68    5.8  15 0 0 1 2 1 0 7.1 52.2 7.2 52.3 80.0 100 100 21 408 0 144 0 401 401 400 5 5 5 60 50 AUTO 0 
b.1 2025-06-02 04:15:02.210 a 2025-06-02-04:15:00 224 232 236 5.0 5.8 6.4 6.8 48.9 726.4 0.00 0 0.0 14.6 22.6 23.4 3.633  -47.5   11.5   17.1  67    5.6  15 0 0 1 2 1 0 7.1 51.8 7.2 51.9 80.0 100 100 21 408 0 144 0 401 401 400 0 0 0 60 50 AUTO 0 
b.1 2025-06-02 04:16:02.190 a 2025-06-02-04:16:00 223 231 238 3.8 5.5 6.1 6.8 48.9 726.3 0.00 0 0.0 14.6 22.6 23.4 3.633  -46.4   11.5   16.3  67    5.5  15 0 0 1 2 1 0 7.1 52.2 7.2 52.3 80.0 100 100 21 408 0 144 0 401 402 399 0 0 0 60 50 AUTO 0 
b.1 2025-06-02 04:17:01.391 a 2025-06-02-04:16:59 217 232 237 5.1 5.9 6.3 6.7 49.6 726.3 0.00 0 0.0 14.7 23.3 23.4 3.633  -47.0   11.5   17.1  66    5.4  15 0 0 1 2 1 0 7.1 52.3 7.2 52.6 80.0 100 100 21 408 0 144 0 401 401 400 0 0 0 60 50 AUTO 0 
b.1 2025-06-02 04:18:01.553 a 2025-06-02-04:17:59 223 232 239 5.0 5.9 6.4 6.7 49.7 726.3 0.00 0 0.0 14.7 23.3 23.4 3.633  -47.1   11.5   18.1  66    5.4  15 0 0 1 2 1 0 7.1 51.9 7.1 52.3 80.0 100 100 21 408 0 144 0 402 401 400 0 0 0 60 50 AUTO 0 
b.1 2025-06-02 04:19:00.612 a 2025-06-02-04:18:58 222 232 238 5.1 6.0 6.5 6.8 48.9 726.4 0.00 0 0.0 14.6 23.3 23.4 3.633  -46.4   11.5   18.6  66    5.3  15 0 0 1 2 1 0 7.1 51.9 7.2 52.2 80.0 100 100 21 408 0 144 0 401 401 400 0 0 0 60 50 AUTO 0 
b.1 2025-06-02 04:20:02.151 a 2025-06-02-04:20:00 218 231 244 4.6 5.9 6.5 6.8 49.3 726.4 0.00 0 0.0 14.7 23.3 23.4 3.633  -46.4   11.5   18.6  66    5.3  15 0 0 1 2 1 0 7.1 52.5 7.1 52.7 80.0 100 100 21 408 0 144 0 401 401 400 0 0 0 60 50 AUTO 0 
b.1 2025-06-02 04:21:00.930 a 2025-06-02-04:20:59 218 232 244 4.9 6.0 6.5 6.9 49.4 726.4 0.00 0 0.0 14.6 22.6 23.4 3.633  -46.4   11.5   19.0  66    5.3  15 0 0 1 2 1 0 7.1 52.2 7.1 52.5 80.0 100 100 21 408 0 144 0 401 401 400 0 0 0 60 50 AUTO 0 
b.1 2025-06-02 04:22:01.293 a 2025-06-02-04:21:59 218 232 249 4.6 6.0 6.5 6.8 50.3 726.4 0.00 0 0.0 14.7 22.6 23.4 3.633  -47.3   11.5   19.0  66    5.3  15 0 0 1 2 1 0 7.1 52.8 7.1 53.1 80.0 100 100 21 408 0 144 0 401 401 400 0 0 0 60 50 AUTO 0 
b.1 2025-06-02 04:23:01.730 a 2025-06-02-04:23:00 221 231 236 4.7 6.0 6.4 6.7 50.3 726.4 0.00 0 0.0 14.7 23.2 23.4 3.633  -47.2   11.5   19.1  65    5.2  15 0 0 1 2 1 0 7.1 52.8 7.1 53.2 80.0 100 100 21 408 0 144 0 401 401 400 0 0 0 60 50 AUTO 0 
b.1 2025-06-02 04:24:00.651 a 2025-06-02-04:23:58 218 232 244 4.3 5.9 6.5 6.7 50.1 726.4 0.00 0 0.0 14.7 23.3 23.4 3.633  -46.5   11.5   18.5  65    5.2  15 0 0 1 2 1 0 7.1 52.4 7.1 52.8 80.0 100 100 21 408 0 144 0 401 401 400 0 0 0 60 50 AUTO 0 
b.1 2025-06-02 04:25:01.403 a 2025-06-02-04:24:59 222 231 237 4.7 5.7 6.4 6.7 49.2 726.4 0.00 0 0.0 14.6 22.7 23.4 3.633  -45.5   11.5   17.6  65    5.1  15 0 0 1 2 1 0 7.1 52.0 7.1 52.4 80.0 100 100 21 408 0 144 0 401 401 400 0 0 0 60 50 AUTO 0 
b.1 2025-06-02 04:26:01.851 a 2025-06-02-04:26:00 211 233 248 4.5 5.7 6.2 6.7 48.8 726.4 0.00 0 0.0 14.7 22.7 23.4 3.633  -46.7   11.5   18.1  65    5.1  15 0 0 1 2 1 0 7.1 51.8 7.1 52.2 80.0 100 100 21 408 0 144 0 401 401 400 0 0 0 60 50 AUTO 0 
b.1 2025-06-02 04:27:01.736 a 2025-06-02-04:26:59 227 234 240 4.5 5.6 6.2 6.7 49.6 726.4 0.00 0 0.0 14.7 23.2 23.4 3.633  -46.8   11.5   17.5  64    4.9  15 0 0 1 2 1 0 7.1 52.4 7.1 52.7 80.0 100 100 21 408 0 144 0 402 401 400 0 0 0 60 50 AUTO 0 
b.1 2025-06-02 04:28:01.213 a 2025-06-02-04:27:59 223 235 245 3.6 5.5 6.2 6.8 48.2 726.4 0.00 0 0.0 14.7 22.6 23.4 3.633  -45.8   11.5   17.1  65    5.1  15 0 0 1 2 1 0 7.1 51.5 7.1 51.9 80.0 100 100 22 408 0 144 0 402 401 400 0 0 0 60 50 AUTO 0 
b.1 2025-06-02 04:29:01.752 a 2025-06-02-04:29:00 215 236 256 3.9 5.3 6.3 6.7 48.1 726.4 0.00 0 0.0 14.6 22.7 23.4 3.633  -46.2   11.5   16.2  66    5.3  15 0 0 1 2 1 0 7.1 51.1 7.1 51.4 80.0 100 100 22 408 0 144 0 401 401 400 0 0 0 60 50 AUTO 0 
b.1 2025-06-02 04:30:01.513 a 2025-06-02-04:29:59 218 237 255 4.3 5.3 6.3 6.8 48.6 726.4 0.00 0 0.0 14.6 22.7 23.4 3.633  -46.6   11.4   15.7  67    5.5  15 0 0 1 2 1 0 7.1 51.5 7.1 51.8 80.0 100 100 22 408 0 144 0 401 401 400 0 0 0 60 50 AUTO 0 
b.1 2025-06-02 04:31:01.572 a 2025-06-02-04:30:59 216 237 259 3.8 5.0 6.1 6.8 48.6 726.4 0.00 0 0.0 14.7 23.6 23.4 3.633  -46.3   11.4   14.5  68    5.7  15 0 0 1 1 1 0 7.1 52.0 7.1 52.3 80.0 100 100 22 408 0 144 0 401 402 400 0 0 0 60 50 AUTO 0 
b.1 2025-06-02 04:32:01.653 a 2025-06-02-04:31:59 226 239 255 3.2 5.0 5.9 6.9 48.2 726.4 0.00 0 0.0 14.8 23.7 23.4 3.633  -46.3   11.4   14.1  68    5.8  15 0 0 1 1 1 0 7.1 52.0 7.1 52.2 80.0 100 100 22 408 0 144 0 401 401 400 0 0 0 60 50 AUTO 0 
b.1 2025-06-02 04:33:02.101 a 2025-06-02-04:33:00 218 240 266 3.3 5.1 6.3 6.6 48.8 726.4 0.00 0 0.0 14.8 23.3 23.4 3.633  -45.7   11.4   13.9  69    5.9  12 0 0 1 1 1 0 7.1 52.5 7.1 52.8 80.0 100 100 22 408 0 144 0 401 401 400 0 0 0 60 50 AUTO 0 
b.1 2025-06-02 04:34:02.377 a 2025-06-02-04:34:00 226 243 261 3.8 5.2 6.3 6.6 49.2 726.5 0.00 0 0.0 14.7 22.6 23.4 3.633  -45.6   11.3   14.5  69    5.9  13 0 0 1 1 1 0 7.0 53.5 7.1 52.9 80.0 100 100 22 408 0 144 0 401 401 400 0 0 0 60 50 AUTO 0 
b.1 2025-06-02 04:35:00.394 a 2025-06-02-04:34:58 225 242 269 3.6 5.4 6.5 6.7 48.9 726.4 0.00 0 0.0 14.6 23.2 23.4 3.633  -45.8   11.3   15.1  70    6.0  13 0 0 1 2 1 0 7.0 52.7 7.0 52.3 80.0 100 100 22 408 0 144 0 401 401 400 0 0 0 60 50 AUTO 0 
b.1 2025-06-02 04:36:01.295 a 2025-06-02-04:35:59 221 243 259 2.0 5.3 6.3 6.6 48.2 726.5 0.00 0 0.0 14.6 23.3 23.4 3.632  -45.5   11.3   14.6  70    6.0  14 0 0 1 1 1 0 7.0 50.7 7.0 50.9 80.0 100 100 22 408 0 144 0 401 401 400 0 0 0 60 50 AUTO 0 
b.1 2025-06-02 04:37:01.874 a 2025-06-02-04:37:00 228 242 259 3.7 5.2 6.5 6.7 48.8 726.5 0.00 0 0.0 14.8 23.3 23.4 3.634  -45.8   11.2   14.4  70    6.0  14 0 0 1 1 1 0 7.0 52.3 7.0 51.5 80.0 100 100 22 408 0 144 0 401 401 400 0 0 0 60 50 AUTO 0 
b.1 2025-06-02 04:38:02.174 a 2025-06-02-04:38:00 226 242 269 2.4 5.0 5.9 6.6 48.4 726.4 0.00 0 0.0 14.8 23.6 23.4 3.633  -45.6   11.2   13.6  70    5.9  14 0 0 1 1 1 0 6.9 52.6 7.0 51.9 80.0 100 100 22 408 0 144 0 401 402 400 0 0 0 60 50 AUTO 0 
b.1 2025-06-02 04:39:01.493 a 2025-06-02-04:38:59 222 244 259 3.2 5.1 6.2 6.6 48.8 726.5 0.00 0 0.0 14.6 22.6 23.4 3.633  -45.7   11.2   13.5  70    5.9  14 0 0 1 1 1 0 6.9 52.4 7.0 52.0 80.0 100 100 22 408 0 144 0 401 401 400 0 0 0 60 50 AUTO 0 
b.1 2025-06-02 04:40:02.132 a 2025-06-02-04:40:00 225 243 262 2.9 5.2 6.4 6.6 48.7 726.4 0.00 0 0.0 14.6 22.6 23.4 3.633  -46.4   11.1   13.7  70    5.9  14 0 0 1 1 1 0 6.9 52.6 7.0 51.8 80.0 100 100 22 408 0 144 0 401 401 400 0 0 0 60 50 AUTO 0 
b.1 2025-06-02 04:41:01.612 a 2025-06-02-04:40:59 195 245 265 2.3 4.9 6.5 6.6 47.5 726.4 0.00 0 0.0 14.6 22.6 23.4 3.634  -45.4   11.1   12.7  70    5.9  14 0 0 1 1 1 0 6.9 51.7 7.0 51.4 80.0 100 100 22 408 0 144 0 401 401 400 0 0 0 60 50 AUTO 0 
b.1 2025-06-02 04:42:01.513 a 2025-06-02-04:41:59 223 245 268 2.3 4.8 6.5 6.6 47.4 726.5 0.00 0 0.0 14.6 23.2 23.4 3.633  -46.3   11.1   12.3  70    5.9  14 0 0 1 1 1 0 6.9 51.1 7.0 51.0 80.0 100 100 22 408 0 144 0 401 401 400 0 0 0 60 50 AUTO 0 
b.1 2025-06-02 04:43:00.436 a 2025-06-02-04:42:58 223 242 274 2.9 5.1 6.8 6.6 42.8 726.5 0.00 0 0.0 14.6 22.6 23.4 3.633  -46.0   11.0   12.8  70    5.9  14 0 0 1 1 1 0 6.9 49.5 7.0 49.3 80.0 100 100 22 408 0 144 0 401 401 399 0 0 0 60 50 AUTO 0 
b.1 2025-06-02 04:44:01.252 a 2025-06-02-04:43:59 226 243 263 3.3 5.2 6.1 6.7 48.1 726.5 0.00 0 0.0 14.7 23.3 23.4 3.633  -45.4   11.0   12.8  70    5.8  14 0 0 1 1 1 0 6.9 50.7 7.0 50.1 80.0 100 100 22 408 0 144 0 401 401 400 0 0 0 60 50 AUTO 0 
b.1 2025-06-02 04:45:01.095 a 2025-06-02-04:44:59 227 244 261 3.1 5.2 6.0 6.7 48.2 726.5 0.00 0 0.0 14.7 23.7 23.4 3.633  -45.9   11.0   13.1  70    5.9  14 0 0 1 1 1 0 6.9 52.0 7.0 51.5 80.0 100 100 22 408 0 144 0 401 401 400 0 0 0 60 50 AUTO 0 
b.1 2025-06-02 04:46:00.612 a 2025-06-02-04:45:58 219 243 266 3.6 5.1 6.3 6.8 48.4 726.5 0.00 0 0.0 14.7 23.7 23.4 3.633  -45.5   11.0   13.0  70    5.9  14 0 0 1 1 1 0 6.9 52.3 7.0 51.8 80.0 100 100 22 408 0 144 0 401 401 400 0 0 0 60 50 AUTO 0 
b.1 2025-06-02 04:47:00.917 a 2025-06-02-04:46:59 222 242 264 3.5 5.4 6.3 6.7 48.7 726.5 0.00 0 0.0 14.7 23.6 23.4 3.633  -45.8   11.0   13.7  71    5.9  14 0 0 1 1 1 0 6.9 52.5 7.0 52.0 80.0 100 100 22 408 0 144 0 401 401 400 0 0 0 60 50 AUTO 0 
b.1 2025-06-02 04:48:01.540 a 2025-06-02-04:47:59 217 243 259 2.1 5.4 6.5 6.7 48.9 726.5 0.00 0 0.0 14.6 22.6 23.4 3.633  -45.8   11.0   14.3  71    5.8  14 0 0 1 1 1 0 6.9 52.7 7.0 52.3 80.0 100 100 22 408 0 144 0 401 401 400 0 0 0 60 50 AUTO 0 
b.1 2025-06-02 04:49:02.036 a 2025-06-02-04:49:00 227 240 254 3.6 5.1 6.0 6.6 49.3 726.5 0.00 0 0.0 14.5 22.6 23.4 3.633  -45.6   11.0   14.0  71    5.9  14 0 0 1 1 1 0 6.9 52.7 7.0 52.6 80.0 100 100 22 408 0 144 0 401 402 400 0 0 0 60 50 AUTO 0 
b.1 2025-06-02 04:49:59.839 a 2025-06-02-04:49:58 211 240 268 1.5 5.2 6.2 6.5 49.5 726.5 0.00 0 0.0 14.7 23.3 23.4 3.633  -45.4   11.0   13.9  71    5.8  14 0 0 1 1 1 0 6.8 52.6 7.0 52.5 80.0 100 100 22 408 0 144 0 401 401 400 0 0 0 60 50 AUTO 0 
b.1 2025-06-02 04:51:01.078 a 2025-06-02-04:50:59 227 239 256 3.4 5.0 6.0 6.5 49.5 726.5 0.00 0 0.0 14.8 23.7 23.4 3.633  -45.9   11.0   13.9  70    5.8  14 0 0 1 1 1 0 6.8 52.5 6.9 52.6 80.0 100 100 22 408 0 144 0 401 401 400 0 0 0 60 50 AUTO 0 
b.1 2025-06-02 04:52:00.275 a 2025-06-02-04:51:58 215 239 259 3.5 5.0 6.0 6.5 49.2 726.5 0.00 0 0.0 14.8 23.7 23.4 3.633  -44.4   11.0   13.6  70    5.8  14 0 0 1 1 1 0 6.8 52.4 6.9 52.3 80.0 100 100 22 408 0 144 0 401 401 400 0 0 0 60 50 AUTO 0 
b.1 2025-06-02 04:53:00.915 a 2025-06-02-04:52:59 221 237 252 3.3 5.0 5.9 6.5 49.2 726.5 0.00 0 0.0 14.8 23.3 23.4 3.633  -45.9   11.0   13.3  70    5.8  14 0 0 1 1 1 0 6.9 51.7 6.9 51.9 80.0 100 100 22 408 0 144 0 401 401 400 0 0 0 60 50 AUTO 0 
b.1 2025-06-02 04:54:00.861 a 2025-06-02-04:53:59 221 236 252 3.5 5.1 5.9 6.5 48.6 726.6 0.00 0 0.0 14.6 23.2 23.4 3.632  -45.7   11.0   13.3  70    5.8  14 0 0 1 1 1 0 6.9 51.1 7.0 51.7 80.0 100 100 22 408 0 144 0 402 401 400 0 0 0 60 50 AUTO 0 
b.1 2025-06-02 04:55:00.655 a 2025-06-02-04:54:58 222 237 269 3.1 4.8 5.8 6.6 47.7 726.6 0.00 0 0.0 14.6 22.6 23.4 3.633  -45.3   11.0   12.4  70    5.8  14 0 0 1 1 1 0 6.9 51.0 7.0 51.2 80.0 100 100 22 408 0 144 0 401 401 400 0 0 0 60 50 AUTO 0 
b.1 2025-06-02 04:56:01.098 a 2025-06-02-04:55:59 212 236 251 3.6 4.7 5.6 6.5 48.1 726.6 0.00 0 0.0 14.8 23.7 23.4 3.633  -45.2   11.0   11.9  70    5.9  14 0 0 1 1 1 0 6.9 49.2 7.0 49.6 80.0 100 100 21 408 0 144 0 400 402 400 0 0 0 60 50 AUTO 0 
b.1 2025-06-02 04:57:02.286 a 2025-06-02-04:57:00 222 239 256 3.5 4.6 5.2 6.6 46.0 726.6 0.00 0 0.0 14.8 23.9 23.4 3.633  -45.6   11.1   11.4  70    5.9  14 0 0 1 1 1 0 7.0 48.2 7.1 48.2 80.0 100 100 21 408 0 144 0 401 402 400 4 5 5 60 50 AUTO 0 
b.1 2025-06-02 04:58:00.219 a 2025-06-02-04:57:58 225 237 249 3.5 4.5 5.3 6.7 47.2 726.6 0.00 0 0.0 14.8 23.3 23.4 3.633  -44.5   11.1   10.9  70    5.9  11 0 0 1 1 1 0 7.0 50.5 7.0 50.4 80.0 100 100 21 408 0 144 0 401 401 400 0 0 0 60 50 AUTO 0 
b.1 2025-06-02 04:59:01.216 a 2025-06-02-04:58:59 219 240 258 1.4 4.3 5.2 6.7 46.4 726.6 0.00 0 0.0 14.6 23.2 23.4 3.633  -45.0   11.1   10.4  70    5.9  17 0 0 1 1 1 0 7.0 49.9 7.0 50.3 80.0 100 100 21 408 0 144 0 401 401 400 0 0 0 60 50 AUTO 0 
b.1 2025-06-02 05:00:00.698 a 2025-06-02-04:59:58 227 244 260 1.8 4.1 5.2 6.7 47.1 726.6 0.00 0 0.0 14.6 22.6 23.4 3.633  -43.4   11.1    9.5  70    5.9  14 0 0 1 1 1 0 7.0 49.5 7.0 49.7 80.0 100 100 21 408 0 144 0 401 401 400 0 0 0 60 50 AUTO 0 
b.1 2025-06-02 05:01:01.654 a 2025-06-02-05:00:59 222 244 265 2.2 4.2 5.3 6.7 44.2 726.7 0.00 0 0.0 14.6 22.6 23.4 3.633  -44.7   11.1    9.5  70    6.0  14 0 0 1 1 1 0 7.0 48.8 7.0 49.3 80.0 100 100 21 408 0 144 0 401 401 400 0 0 0 60 50 AUTO 0 
b.1 2025-06-02 05:02:01.076 a 2025-06-02-05:01:59 217 242 265 2.4 4.1 5.0 6.7 45.0 726.7 0.00 0 0.0 14.8 23.7 23.4 3.633  -44.6   11.1    9.3  71    6.0  14 0 0 1 1 1 0 7.0 47.8 7.0 48.3 80.0 100 100 21 408 0 144 0 401 401 400 0 0 0 60 50 AUTO 0 
b.1 2025-06-02 05:03:01.016 a 2025-06-02-05:02:59 214 243 266 1.7 3.9 5.1 6.7 46.0 726.7 0.00 0 0.0 14.9 23.9 23.4 3.633  -43.8   11.1    8.7  70    6.0  14 0 0 1 1 1 0 7.0 48.3 6.9 48.7 80.0 100 100 21 408 0 144 0 401 401 400 0 0 0 60 50 AUTO 0 
b.1 2025-06-02 05:04:01.017 a 2025-06-02-05:03:59 214 240 262 1.7 3.9 4.9 6.6 44.5 726.7 0.00 0 0.0 14.9 23.9 23.4 3.634  -44.4   11.1    8.5  71    6.0   5 0 0 1 1 1 0 7.0 47.6 6.9 48.1 80.0 100 100 21 408 0 144 0 401 401 400 0 0 0 60 50 AUTO 0 
b.1 2025-06-02 05:05:01.535 a 2025-06-02-05:04:59 222 238 263 2.4 4.0 4.8 6.6 45.9 726.7 0.00 0 0.0 14.6 22.6 23.4 3.633  -43.5   11.1    8.7  70    6.0  13 0 0 1 1 1 0 7.0 47.9 6.9 48.4 80.0 100 100 21 408 0 144 0 401 401 399 0 0 0 60 50 AUTO 0 
b.1 2025-06-02 05:06:01.058 a 2025-06-02-05:05:59 219 237 252 2.7 3.9 4.7 6.7 46.8 726.7 0.00 0 0.0 14.5 22.6 23.4 3.633  -43.9   11.1    8.7  70    6.0  13 0 0 1 1 1 0 7.0 49.1 7.0 49.4 80.0 100 100 21 408 0 144 0 401 401 400 0 0 0 60 50 AUTO 0 
b.1 2025-06-02 05:07:00.836 a 2025-06-02-05:06:58 220 237 254 2.0 3.7 4.5 6.7 46.4 726.7 0.00 0 0.0 14.7 23.2 23.4 3.633  -44.3   11.1    8.3  71    6.0  13 0 0 1 1 1 0 7.0 48.8 7.0 49.2 80.0 100 100 21 408 0 144 0 401 402 400 0 0 0 60 50 AUTO 0 
b.1 2025-06-02 05:08:00.180 a 2025-06-02-05:07:58 220 235 251 2.9 4.0 4.8 6.6 45.5 726.7 0.00 0 0.0 14.9 24.0 23.4 3.632  -44.2   11.1    8.5  70    6.0  13 0 0 1 1 1 0 7.0 49.4 6.9 49.8 80.0 100 100 21 408 0 144 0 401 402 400 0 0 0 60 50 AUTO 0 
b.1 2025-06-02 05:09:01.841 a 2025-06-02-05:09:00 228 235 243 3.4 4.0 4.7 6.6 45.9 726.7 0.00 0 0.0 14.8 23.6 23.4 3.632  -44.1   11.2    8.8  70    5.9  13 0 0 1 1 1 0 7.0 48.9 6.9 49.5 80.0 100 100 21 408 0 144 0 401 402 400 0 0 0 60 50 AUTO 0 
b.1 2025-06-02 05:10:01.726 a 2025-06-02-05:09:59 225 236 255 2.6 3.8 4.7 6.6 46.4 726.7 0.00 0 0.0 14.6 22.6 23.4 3.633  -44.7   11.2    8.2  70    5.9  13 0 0 1 1 1 0 7.0 48.4 6.9 48.9 80.0 100 100 21 408 0 144 0 401 401 400 0 0 0 60 50 AUTO 0 
b.1 2025-06-02 05:11:01.096 a 2025-06-02-05:10:59 222 232 242 2.8 3.4 3.9 6.7 46.6 726.7 0.00 0 0.0 14.4 22.6 23.4 3.632  -42.5   11.2    7.6  70    5.9   5 0 0 1 1 1 0 6.9 49.7 6.9 50.1 80.0 100 100 21 408 0 144 0 401 401 399 0 0 0 60 50 AUTO 0 
b.1 2025-06-02 05:12:01.453 a 2025-06-02-05:11:59 220 232 242 2.9 3.5 4.2 6.7 44.3 726.7 0.00 0 0.0 14.9 23.7 23.4 3.633  -42.5   11.2    7.5  69    5.9  14 0 0 1 1 1 0 7.0 48.6 6.9 49.2 80.0 100 100 21 408 0 144 0 401 401 400 0 0 0 60 50 AUTO 0 
b.1 2025-06-02 05:13:00.698 a 2025-06-02-05:12:58 217 235 252 2.2 3.2 3.9 6.7 46.3 726.6 0.00 0 0.0 14.9 23.7 23.4 3.633  -42.9   11.3    6.9  69    5.9  12 0 0 1 1 1 0 7.0 49.3 6.9 49.9 80.0 100 100 21 408 0 144 0 401 401 400 0 0 0 60 50 AUTO 0 
b.1 2025-06-02 05:14:01.655 a 2025-06-02-05:13:59 222 240 262 2.2 3.2 3.8 6.6 45.0 726.7 0.00 0 0.0 14.9 23.9 23.4 3.633  -43.0   11.3    6.6  70    5.9  12 0 0 1 1 1 0 6.9 49.2 6.9 49.9 80.0 100 100 21 408 0 144 0 401 401 400 0 0 0 60 50 AUTO 0 
b.1 2025-06-02 05:15:02.144 a 2025-06-02-05:15:00 226 243 258 1.5 3.2 4.0 6.7 44.4 726.7 0.00 0 0.0 14.9 23.9 23.4 3.634  -42.9   11.3    6.4  70    6.0  12 0 0 1 1 1 0 6.9 47.6 6.9 48.3 80.0 100 100 21 408 0 144 0 401 402 400 0 0 0 60 50 AUTO 0 
b.1 2025-06-02 05:16:01.697 a 2025-06-02-05:15:59 229 248 262 1.0 3.3 4.2 6.7 42.7 726.7 0.00 0 0.0 14.7 23.3 23.4 3.633  -43.1   11.3    6.4  70    6.0  12 0 0 1 1 1 0 6.9 46.9 6.9 47.5 80.0 100 100 21 408 0 144 0 402 401 400 0 0 0 60 50 AUTO 0 
b.1 2025-06-02 05:17:02.013 a 2025-06-02-05:17:00 145 249 275 0.6 2.9 3.9 6.7 44.2 726.7 0.00 0 0.0 14.7 23.7 23.4 3.633  -43.2   11.3    5.6  70    6.0  12 0 0 1 1 1 0 6.9 46.9 6.9 47.0 80.0 100 100 21 408 0 144 0 401 401 400 0 0 0 60 50 AUTO 0 
b.1 2025-06-02 05:18:01.536 a 2025-06-02-05:17:59 221 249 269 1.5 2.9 4.2 6.7 43.9 726.7 0.00 0 0.0 14.7 23.3 23.4 3.634  -43.3   11.3    5.4  70    6.0  12 0 0 1 1 1 0 6.9 46.6 6.9 46.6 80.0 100 100 21 408 0 144 0 401 401 400 0 0 0 60 50 AUTO 0 
b.1 2025-06-02 05:19:00.219 a 2025-06-02-05:18:58 228 254 270 1.7 3.5 4.7 6.8 43.9 726.7 0.00 0 0.0 14.8 23.8 23.6 3.633  -43.0   11.3    6.1  69    5.9  12 0 0 1 1 1 0 6.9 43.9 6.9 44.4 80.0 100 100 21 408 0 144 0 401 401 400 0 0 0 60 50 AUTO 0 
b.1 2025-06-02 05:20:01.096 a 2025-06-02-05:19:59 228 242 260 2.5 3.2 4.0 6.7 40.9 726.7 0.00 0 0.0 14.8 24.2 24.5 3.626  -43.6   11.3    6.1  69    5.9  12 0 0 1 1 1 0 7.0 44.5 6.9 44.8 80.0 100 100 21 408 0 144 0 401 401 400 0 0 0 60 50 AUTO 0 
b.1 2025-06-02 05:21:01.875 a 2025-06-02-05:20:59 136 251 320 0.7 3.1 4.5 6.8 43.0 726.7 0.00 0 0.0 15.0 24.1 24.5 3.627  -44.1   11.3    6.0  69    5.9  12 0 0 1 1 1 0 7.0 45.5 6.9 45.7 80.0 100 100 21 408 0 144 0 402 401 400 0 0 0 60 50 AUTO 0 
b.1 2025-06-02 05:22:00.838 a 2025-06-02-05:21:59 009 248 090 0.5 2.9 4.2 6.8 42.8 726.7 0.00 0 0.0 14.8 23.7 23.4 3.633  -43.1   11.3    5.4  69    5.9  12 0 0 1 1 1 0 6.9 44.5 6.9 44.9 80.0 100 100 21 408 0 144 0 401 401 399 0 0 0 60 50 AUTO 0 
b.1 2025-06-02 05:23:00.319 a 2025-06-02-05:22:58 235 253 294 1.1 3.0 3.9 6.7 41.5 726.7 0.00 0 0.0 14.5 22.6 23.4 3.634  -42.4   11.3    5.2  69    5.8   0 0 0 1 1 1 0 6.9 44.9 6.9 45.0 80.0 100 100 21 408 0 144 0 401 401 400 0 0 0 60 50 AUTO 0 
b.1 2025-06-02 05:24:01.654 a 2025-06-02-05:23:59 226 252 273 1.4 2.9 4.0 6.7 40.8 726.7 0.00 0 0.0 14.7 23.4 23.4 3.634  -42.6   11.2    4.8  69    5.8   9 0 0 1 1 1 0 6.9 44.3 6.9 44.6 80.0 100 100 21 408 0 144 0 401 401 400 0 0 0 60 50 AUTO 0 
b.1 2025-06-02 05:25:01.917 a 2025-06-02-05:25:00 196 253 278 1.0 2.8 3.8 6.7 41.3 726.7 0.00 0 0.0 15.0 24.2 24.5 3.626  -43.2   11.2    4.7  69    5.8  13 0 0 1 1 1 0 6.9 44.4 6.9 44.6 80.0 100 100 21 408 0 144 0 402 401 400 0 0 0 60 50 AUTO 0 
b.1 2025-06-02 05:26:01.404 a 2025-06-02-05:25:59 196 252 266 0.4 2.8 4.2 6.8 41.3 726.7 0.00 0 0.0 15.0 24.1 24.5 3.627  -43.1   11.2    4.7  69    5.7  10 0 0 1 1 1 0 6.9 44.7 6.9 44.2 80.0 100 100 21 408 0 144 0 401 401 400 0 0 0 60 50 AUTO 0 
b.1 2025-06-02 05:27:00.956 a 2025-06-02-05:26:59 209 252 270 0.9 2.9 4.1 6.7 41.1 726.8 0.00 0 0.0 14.7 23.3 23.4 3.634  -43.1   11.2    4.6  69    5.7  10 0 0 1 1 1 0 6.9 44.0 6.9 44.0 80.0 100 100 21 408 0 144 0 401 401 400 0 0 0 60 50 AUTO 0 
b.1 2025-06-02 05:28:00.437 a 2025-06-02-05:27:58 207 248 268 0.7 3.1 4.2 6.7 39.9 726.7 0.00 0 0.0 14.5 22.6 23.4 3.634  -43.0   11.2    5.0  69    5.7  11 0 0 1 1 1 0 6.9 42.8 6.9 43.1 80.0 100 100 21 408 0 144 0 401 401 400 0 0 0 60 50 AUTO 0 
b.1 2025-06-02 05:29:01.638 a 2025-06-02-05:28:59 231 250 269 1.3 3.2 4.0 6.8 39.5 726.7 0.00 0 0.0 14.6 23.3 23.4 3.634  -42.8   11.2    5.2  69    5.7  11 0 0 1 1 1 0 6.9 43.0 7.0 43.3 80.0 100 100 21 408 0 144 0 401 401 399 0 0 0 60 50 AUTO 0 
b.1 2025-06-02 05:30:01.756 a 2025-06-02-05:29:59 192 249 271 0.7 3.1 4.1 6.8 40.8 726.7 0.00 0 0.0 15.0 24.1 24.5 3.627  -43.0   11.2    5.4  69    5.7  11 0 0 1 1 1 0 6.9 43.1 6.9 43.4 80.0 100 100 21 408 0 144 0 401 402 400 0 0 0 60 50 AUTO 0 
b.1 2025-06-02 05:31:02.216 a 2025-06-02-05:31:00 228 250 271 1.9 3.4 4.5 6.8 39.3 726.7 0.00 0 0.0 15.0 24.1 24.4 3.627  -43.1   11.1    5.7  69    5.7  11 0 0 1 1 1 0 6.9 42.9 6.9 43.2 80.0 100 100 21 408 0 144 0 402 401 400 0 0 0 60 50 AUTO 0 
b.1 2025-06-02 05:32:01.134 a 2025-06-02-05:31:59 229 252 271 1.1 3.3 4.6 6.8 40.8 726.7 0.00 0 0.0 14.6 22.6 23.4 3.635  -43.0   11.1    5.7  69    5.7  11 0 0 1 1 1 0 7.0 43.9 6.9 43.7 80.0 100 100 21 408 0 144 0 401 401 400 0 0 0 60 50 AUTO 0 
b.1 2025-06-02 05:33:01.213 a 2025-06-02-05:32:59 222 250 268 1.1 3.0 4.0 6.8 40.6 726.7 0.00 0 0.0 14.5 22.6 23.4 3.633  -43.4   11.1    5.3  69    5.6  11 0 0 1 1 1 0 6.9 43.4 7.0 43.7 80.0 100 100 21 408 0 144 0 401 401 400 0 0 0 60 50 AUTO 0 
b.1 2025-06-02 05:34:01.479 a 2025-06-02-05:33:59 231 249 269 1.5 3.3 4.1 6.9 39.7 726.7 0.00 0 0.0 14.8 24.1 24.5 3.626  -43.3   11.1    5.5  69    5.7  11 0 0 1 1 1 0 7.0 43.1 7.0 43.4 80.0 100 100 21 408 0 144 0 401 401 399 0 0 0 60 50 AUTO 0 
b.1 2025-06-02 05:35:02.483 a 2025-06-02-05:35:00 236 248 282 1.6 3.2 4.3 6.8 41.0 726.7 0.00 0 0.0 15.0 24.1 24.5 3.626  -42.9   11.1    5.6  69    5.7  11 0 0 1 1 1 0 7.0 43.8 7.0 44.1 80.0 100 100 22 408 0 144 0 400 401 399 0 0 0 60 50 AUTO 0 
b.1 2025-06-02 05:36:00.980 a 2025-06-02-05:35:59 188 248 274 1.2 3.0 3.8 6.8 40.8 726.8 0.00 0 0.0 14.9 23.9 23.4 3.634  -43.7   11.1    5.2  69    5.7  11 0 0 1 1 1 0 7.0 44.0 7.0 44.4 80.0 100 100 22 408 0 144 0 401 401 400 0 0 0 60 50 AUTO 0 
b.1 2025-06-02 05:37:00.739 a 2025-06-02-05:36:58 218 252 267 1.3 3.5 4.5 6.8 40.6 726.8 0.00 0 0.0 14.5 22.5 23.4 3.634  -43.0   11.1    5.7  69    5.7  11 0 0 1 1 1 0 7.0 43.3 7.0 43.8 80.0 100 100 22 408 0 144 0 401 401 400 0 0 0 60 50 AUTO 0 
b.1 2025-06-02 05:38:01.456 a 2025-06-02-05:37:59 222 248 271 1.9 3.7 4.9 6.8 41.6 726.8 0.00 0 0.0 14.5 22.6 23.4 3.634  -42.9   11.1    6.4  69    5.7  11 0 0 1 1 1 0 7.0 43.8 7.0 44.1 80.0 100 100 22 408 0 144 0 401 401 400 0 0 0 60 50 AUTO 0 
b.1 2025-06-02 05:39:00.697 a 2025-06-02-05:38:58 222 250 271 2.2 3.8 4.9 6.8 40.5 726.8 0.00 0 0.0 14.9 24.1 24.5 3.627  -43.7   11.1    6.9  70    5.7  11 0 0 1 1 1 0 7.0 43.1 7.1 43.5 80.0 100 100 22 408 0 144 0 401 401 400 0 0 0 60 50 AUTO 0 
b.1 2025-06-02 05:40:01.801 a 2025-06-02-05:39:59 232 249 267 1.8 3.8 4.6 6.8 40.4 726.8 0.00 0 0.0 14.9 23.9 23.4 3.633  -42.6   11.1    6.9  70    5.8  11 0 0 1 1 1 0 7.0 42.7 7.1 42.9 80.0 100 100 22 408 0 144 12 401 400 400 4 4 5 60 50 AUTO 0 
b.1 2025-06-02 05:41:00.535 a 2025-06-02-05:40:58 234 252 265 2.3 3.6 4.2 6.7 40.5 726.8 0.00 0 0.0 14.6 22.6 23.4 3.633  -43.5   11.1    6.6  70    5.8  11 0 0 1 1 1 0 7.0 42.6 7.1 42.9 80.0 100 100 22 408 0 144 0 401 402 399 0 0 0 60 50 AUTO 0 
b.1 2025-06-02 05:42:01.855 a 2025-06-02-05:42:00 239 254 264 2.2 3.6 4.3 6.8 38.9 726.7 0.00 0 0.0 14.4 22.6 23.4 3.634  -42.9   11.1    6.5  70    5.7  11 0 0 1 1 1 0 7.0 41.2 7.1 41.6 80.0 100 100 22 408 0 144 0 401 402 400 0 0 0 60 50 AUTO 0 
b.1 2025-06-02 05:43:01.096 a 2025-06-02-05:42:59 236 253 265 1.8 3.4 4.0 6.8 40.7 726.7 0.00 0 0.0 14.8 23.9 23.4 3.633  -42.5   11.1    6.1  69    5.7  11 0 0 1 1 1 0 7.0 42.8 7.0 42.9 80.0 100 100 22 408 0 144 0 401 401 400 0 0 0 60 50 AUTO 0 
b.1 2025-06-02 05:44:00.095 a 2025-06-02-05:43:58 243 258 265 2.0 3.3 4.0 6.8 37.2 726.7 0.00 0 0.0 15.0 24.1 24.5 3.627  -42.3   11.1    5.9  69    5.7  11 0 0 1 1 1 0 7.0 41.4 7.0 42.1 80.0 100 100 22 408 0 144 0 401 401 399 0 0 0 60 50 AUTO 0 
b.1 2025-06-02 05:45:01.897 a 2025-06-02-05:45:00 228 259 276 0.8 2.6 3.2 6.8 39.0 726.7 0.00 0 0.0 15.0 24.1 24.5 3.626  -41.1   11.1    4.8  69    5.7   5 0 0 1 1 1 0 7.0 40.8 7.0 41.1 80.0 100 100 22 408 0 144 0 401 402 400 0 0 0 60 50 AUTO 0 
b.1 2025-06-02 05:46:01.414 a 2025-06-02-05:45:59 239 262 274 0.8 2.6 3.4 6.8 38.2 726.7 0.00 0 0.0 14.6 22.6 23.4 3.633  -42.0   11.2    4.7  69    5.7  11 0 0 1 1 1 0 7.0 40.2 7.0 40.8 80.0 100 100 21 408 0 144 0 401 402 400 0 0 0 60 50 AUTO 0 
b.1 2025-06-02 05:47:01.078 a 2025-06-02-05:46:59 225 267 287 0.8 2.8 3.6 6.8 27.3 726.7 0.00 0 0.0 14.6 23.2 23.4 3.633  -41.4   11.2    4.7  69    5.7  13 0 0 1 1 1 0 7.1 38.6 7.0 40.2 80.0 100 100 21 408 0 144 0 401 401 400 0 0 0 60 50 AUTO 0 
b.1 2025-06-02 05:48:00.839 a 2025-06-02-05:47:58 187 266 275 0.7 2.6 3.7 7.0 36.1 726.7 0.00 0 0.0 14.8 23.7 23.4 3.634  -41.3   11.2    5.0  69    5.7  10 0 0 1 1 1 0 7.1 38.8 6.9 39.1 80.0 100 100 21 408 0 144 0 401 401 400 0 0 0 60 50 AUTO 0 
b.1 2025-06-02 05:49:01.538 a 2025-06-02-05:48:59 257 269 276 1.9 2.7 3.6 7.0 35.1 726.7 0.00 0 0.0 15.0 24.1 24.5 3.627  -41.7   11.2    5.1  68    5.6  10 0 0 1 1 1 0 7.0 38.6 7.0 39.0 80.0 100 100 21 408 0 144 0 401 401 400 0 0 0 60 50 AUTO 0 
b.1 2025-06-02 05:50:00.779 a 2025-06-02-05:49:58 258 271 284 1.8 2.6 3.3 7.0 36.8 726.7 0.00 0 0.0 15.0 24.1 24.5 3.626  -40.8   11.3    4.8  68    5.6  10 0 0 1 1 1 0 7.0 39.1 6.9 39.2 80.0 100 100 21 408 0 144 0 401 401 400 0 0 0 60 50 AUTO 0 
b.1 2025-06-02 05:51:00.617 a 2025-06-02-05:50:58 255 269 284 1.0 2.8 3.8 7.1 35.9 726.8 0.00 0 0.0 14.7 23.2 23.4 3.632  -42.2   11.3    5.0  68    5.6  10 0 0 1 1 1 0 7.0 38.0 6.9 38.4 80.0 100 100 21 408 0 144 0 401 401 400 0 0 0 60 50 AUTO 0 
b.1 2025-06-02 05:52:00.377 a 2025-06-02-05:51:58 205 266 273 1.5 2.8 3.8 7.1 36.4 726.8 0.00 0 0.0 14.6 22.6 23.4 3.634  -41.9   11.3    4.9  68    5.6  10 0 0 1 1 1 0 7.0 38.3 6.9 38.7 80.0 100 100 21 408 0 144 0 401 401 400 0 0 0 60 50 AUTO 0 
b.1 2025-06-02 05:53:01.598 a 2025-06-02-05:52:59 250 265 277 1.4 2.6 3.4 7.1 36.4 726.8 0.00 0 0.0 15.0 24.1 24.4 3.633  -41.0   11.3    5.1  68    5.6  10 0 0 1 1 1 0 7.0 38.8 6.9 39.3 80.0 100 100 21 408 0 144 0 401 401 400 0 0 0 60 50 AUTO 0 
b.1 2025-06-02 05:54:01.154 a 2025-06-02-05:53:59 253 263 271 1.3 2.9 3.7 7.1 35.8 726.7 0.00 0 0.0 15.1 24.1 24.5 3.626  -41.9   11.3    5.1  68    5.6  10 0 0 1 1 1 0 7.0 39.1 7.0 39.6 80.0 100 100 21 408 0 144 0 401 402 399 0 0 0 60 50 AUTO 0 
b.1 2025-06-02 05:55:02.157 a 2025-06-02-05:55:00 230 264 292 1.1 2.5 3.3 7.1 36.1 726.7 0.00 0 0.0 14.6 22.6 23.4 3.633  -41.7   11.3    4.7  68    5.6  10 0 0 1 1 1 0 7.1 39.3 7.0 39.6 80.0 100 100 21 408 0 144 0 401 401 400 0 0 0 60 50 AUTO 0 
b.1 2025-06-02 05:56:01.259 a 2025-06-02-05:55:59 244 263 278 0.6 2.7 3.7 7.1 36.5 726.7 0.00 0 0.0 14.7 23.3 23.4 3.633  -42.1   11.3    4.7  67    5.5  10 0 0 1 1 1 0 7.1 39.4 7.0 39.8 80.0 100 100 21 408 0 144 0 401 401 400 0 0 0 60 50 AUTO 0 
b.1 2025-06-02 05:56:59.200 a 2025-06-02-05:56:57 254 262 268 1.8 2.7 3.5 6.9 36.5 726.7 0.00 0 0.0 15.1 24.1 24.5 3.626  -41.9   11.3    5.1  67    5.5  10 0 0 1 1 1 0 7.1 38.8 7.0 39.4 80.0 100 100 21 408 0 144 0 401 401 400 0 0 0 60 50 AUTO 0 
b.1 2025-06-02 05:58:00.336 a 2025-06-02-05:57:58 253 263 290 1.9 2.8 3.6 7.0 36.0 726.7 0.00 0 0.0 15.0 23.9 23.4 3.633  -41.7   11.4    5.2  67    5.5  10 0 0 1 1 1 0 7.1 38.9 7.0 39.4 80.0 100 100 21 408 0 144 0 401 401 400 0 0 0 60 50 AUTO 0 
b.1 2025-06-02 05:59:01.119 a 2025-06-02-05:58:59 256 263 282 1.9 2.7 3.7 7.0 36.0 726.7 0.00 0 0.0 14.6 22.6 23.4 3.633  -41.6   11.4    5.2  67    5.5  10 0 0 1 1 1 0 7.1 38.7 7.0 39.2 80.0 100 100 21 408 0 144 0 401 401 400 0 0 0 60 50 AUTO 0 
b.1 2025-06-02 06:00:01.237 a 2025-06-02-05:59:59 253 265 287 1.2 2.6 3.4 7.0 35.5 726.7 0.00 0 0.0 14.6 23.3 23.4 3.634  -41.7   11.4    5.1  67    5.4  10 0 0 1 1 1 0 7.1 39.1 7.0 39.6 80.0 100 100 21 408 0 144 0 401 402 400 0 0 0 60 50 AUTO 0 
b.1 2025-06-02 06:01:01.637 a 2025-06-02-06:00:59 247 267 278 1.2 2.5 3.3 7.0 35.5 726.7 0.00 0 0.0 15.0 24.1 24.5 3.627  -40.6   11.4    5.0  67    5.4  10 0 0 1 1 1 0 7.0 40.1 7.0 40.0 80.0 100 100 21 408 0 144 0 401 402 400 0 0 0 60 50 AUTO 0 
b.1 2025-06-02 06:02:01.348 a 2025-06-02-06:01:59 224 269 312 0.5 2.3 3.5 7.0 35.5 726.7 0.00 0 0.0 15.1 24.1 24.5 3.627  -41.6   11.4    4.4  67    5.5  10 0 0 1 1 1 0 7.0 38.9 6.9 39.3 80.0 100 100 21 408 0 144 0 401 401 399 0 0 0 60 50 AUTO 0 
b.1 2025-06-02 06:03:00.957 a 2025-06-02-06:02:59 261 269 276 1.7 2.6 3.2 7.0 36.2 726.7 0.00 0 0.0 14.9 23.7 23.4 3.635  -42.2   11.4    4.7  67    5.5  10 0 0 1 1 1 0 7.0 38.6 6.9 39.4 80.0 100 100 21 408 0 144 0 402 401 400 0 0 0 60 50 AUTO 0 
b.1 2025-06-02 06:04:00.996 a 2025-06-02-06:03:59 263 271 286 0.9 2.5 3.1 7.1 35.6 726.7 0.00 0 0.0 14.6 22.6 23.4 3.634  -41.9   11.4    4.5  67    5.5  10 0 0 1 1 1 0 7.0 39.3 6.9 39.0 80.0 100 100 21 408 0 144 0 401 401 400 0 0 0 60 50 AUTO 0 
b.1 2025-06-02 06:05:01.480 a 2025-06-02-06:04:59 256 272 296 1.4 2.5 3.7 7.1 35.1 726.7 0.00 0 0.0 14.8 23.6 23.4 3.633  -41.0   11.4    4.5  67    5.5  10 0 0 1 1 1 0 7.0 38.4 6.9 39.0 80.0 100 100 21 408 0 144 0 401 401 400 0 0 0 60 50 AUTO 0 
b.1 2025-06-02 06:06:01.789 a 2025-06-02-06:05:59 256 275 300 0.9 2.6 3.6 7.1 30.7 726.7 0.00 0 0.0 15.1 24.1 24.5 3.627  -41.4   11.4    4.5  67    5.4  10 0 0 1 1 1 0 7.0 36.2 6.8 36.7 80.0 100 100 21 408 0 144 0 401 401 400 0 0 0 60 50 AUTO 0 
b.1 2025-06-02 06:07:01.719 a 2025-06-02-06:06:59 267 271 284 1.8 2.6 3.0 7.1 34.6 726.7 0.00 0 0.0 14.9 23.6 23.4 3.633  -40.4   11.4    4.5  67    5.4  10 0 0 1 1 1 0 7.0 38.8 6.9 38.9 80.0 100 100 21 408 0 144 0 401 402 399 0 0 0 60 50 AUTO 0 
b.1 2025-06-02 06:08:00.157 a 2025-06-02-06:07:58 261 273 282 2.1 2.7 3.2 7.2 35.0 726.7 0.00 0 0.0 14.5 22.6 23.4 3.634  -40.1   11.4    4.5  67    5.5   5 0 0 1 1 1 0 7.0 39.4 6.8 39.4 80.0 100 100 21 408 0 144 0 401 401 400 0 0 0 60 50 AUTO 0 
b.1 2025-06-02 06:09:01.736 a 2025-06-02-06:08:59 267 271 274 2.0 2.6 3.2 7.2 35.0 726.7 0.00 0 0.0 14.9 24.0 23.4 3.633  -41.1   11.4    4.8  67    5.5  10 0 0 1 1 1 0 6.9 39.1 6.8 39.3 80.0 100 100 21 408 0 144 0 401 401 400 0 0 0 60 50 AUTO 0 
b.1 2025-06-02 06:10:01.062 a 2025-06-02-06:09:59 264 269 273 1.8 2.6 3.5 7.1 35.8 726.7 0.00 0 0.0 15.1 24.1 24.4 3.627  -41.9   11.4    5.1  67    5.5   9 0 0 1 1 1 0 6.9 39.5 6.8 39.8 80.0 100 100 21 408 0 144 2 401 401 399 0 3 0 60 50 AUTO 0 
b.1 2025-06-02 06:11:01.279 a 2025-06-02-06:10:59 263 268 273 1.6 2.6 3.2 7.1 35.5 726.7 0.00 0 0.0 15.0 24.1 24.5 3.626  -41.6   11.4    5.2  67    5.4   9 0 0 1 1 1 0 6.9 39.5 6.8 40.0 80.0 100 100 21 408 0 144 2 401 401 400 0 3 0 60 50 AUTO 0 
b.1 2025-06-02 06:12:01.157 a 2025-06-02-06:11:59 260 268 294 0.7 2.6 3.5 7.1 35.4 726.7 0.00 0 0.0 14.5 22.6 23.4 3.633  -41.2   11.4    5.5  66    5.3   9 0 0 1 1 1 0 6.9 39.9 6.8 40.0 80.0 100 100 21 408 0 144 2 401 401 399 0 3 0 60 50 AUTO 0 
b.1 2025-06-02 06:13:01.880 a 2025-06-02-06:12:59 264 271 276 1.9 2.8 3.2 7.1 36.1 726.7 0.00 0 0.0 14.8 24.1 24.5 3.628  -40.8   11.4    5.3  66    5.3   9 0 0 1 1 1 0 6.9 39.9 6.8 40.2 80.0 100 100 21 408 0 144 2 401 401 400 0 3 0 60 50 AUTO 0 
b.1 2025-06-02 06:14:00.661 a 2025-06-02-06:13:58 268 272 274 1.8 2.6 3.0 7.1 34.7 726.7 0.00 0 0.0 15.2 24.1 24.4 3.627  -41.0   11.4    5.0  67    5.4   9 0 0 1 1 1 0 6.9 40.0 6.8 39.9 80.0 100 100 21 408 0 144 2 401 401 400 0 3 0 60 50 AUTO 0 
b.1 2025-06-02 06:15:01.459 a 2025-06-02-06:14:59 258 269 281 1.1 2.7 3.5 7.0 34.7 726.7 0.00 0 0.0 14.9 23.7 23.4 3.633  -42.3   11.4    5.2  67    5.4   9 0 0 1 1 1 0 6.9 38.0 6.7 38.8 80.0 100 100 21 408 0 144 2 400 401 400 0 3 0 60 50 AUTO 0 
b.1 2025-06-02 06:16:01.680 a 2025-06-02-06:15:59 256 265 281 1.4 2.8 3.4 7.1 34.4 726.7 0.00 0 0.0 14.5 22.6 23.4 3.633  -41.8   11.4    5.3  66    5.3   9 0 0 1 1 1 0 6.9 37.4 6.8 38.0 80.0 100 100 21 408 0 144 2 402 401 400 0 3 0 60 50 AUTO 0 
b.1 2025-06-02 06:17:01.480 a 2025-06-02-06:16:59 255 261 294 2.2 3.0 3.7 7.1 35.0 726.7 0.00 0 0.0 14.8 23.6 23.4 3.634  -42.3   11.4    5.6  66    5.3   9 0 0 1 1 1 0 7.0 37.6 6.8 38.2 80.0 100 100 21 408 0 144 2 401 401 400 0 3 0 60 50 AUTO 0 
b.1 2025-06-02 06:18:01.601 a 2025-06-02-06:17:59 234 259 274 1.4 3.5 4.5 7.1 34.6 726.7 0.00 0 0.0 15.0 24.1 24.4 3.627  -41.9   11.4    6.1  66    5.3   9 0 0 1 1 1 0 7.0 37.1 6.9 37.7 80.0 100 100 21 408 0 144 2 401 401 400 0 3 0 60 50 AUTO 0 
b.1 2025-06-02 06:19:00.841 a 2025-06-02-06:18:58 240 258 267 1.9 3.6 4.6 7.0 34.3 726.7 0.00 0 0.0 15.0 24.0 23.4 3.633  -42.7   11.4    6.2  66    5.2  10 0 0 1 1 1 0 7.1 36.6 7.0 37.3 80.0 100 100 21 408 0 144 1 401 401 400 0 2 0 60 50 AUTO 0 
b.1 2025-06-02 06:20:01.802 a 2025-06-02-06:19:59 124 258 278 0.4 3.6 4.4 7.0 35.3 726.7 0.00 0 0.0 14.6 22.5 23.4 3.633  -42.1   11.4    6.6  66    5.2  10 0 0 1 1 1 0 7.1 37.2 7.0 37.7 80.0 100 100 22 408 0 144 0 401 402 400 0 0 0 60 50 AUTO 0 
b.1 2025-06-02 06:21:00.802 a 2025-06-02-06:20:58 235 257 263 2.2 3.7 4.2 7.0 35.9 726.7 0.00 0 0.0 14.5 22.6 23.4 3.633  -42.5   11.3    6.5  66    5.1  11 0 0 1 1 1 0 7.1 37.3 7.1 37.6 80.0 100 100 22 408 0 144 0 401 402 400 0 0 0 60 50 AUTO 0 
b.1 2025-06-02 06:22:01.562 a 2025-06-02-06:21:59 244 257 267 2.7 3.8 4.5 7.0 35.3 726.7 0.00 0 0.0 14.7 23.3 23.4 3.634  -42.9   11.3    6.8  66    5.1  11 0 0 1 1 1 0 7.1 37.2 7.1 37.6 80.0 100 100 22 408 0 144 0 401 401 400 0 0 0 60 50 AUTO 0 
b.1 2025-06-02 06:23:01.259 a 2025-06-02-06:22:59 250 258 264 2.3 3.7 4.4 7.0 35.7 726.6 0.00 0 0.0 15.0 24.1 24.5 3.627  -42.4   11.3    6.8  65    5.1  11 0 0 1 1 1 0 7.1 37.6 7.2 37.8 80.0 100 100 22 408 0 144 0 402 401 400 2 2 2 60 50 AUTO 0 
b.1 2025-06-02 06:24:02.502 a 2025-06-02-06:24:00 222 254 268 1.5 3.2 4.0 7.0 36.3 726.7 0.00 0 0.0 15.0 24.1 24.5 3.627  -42.1   11.3    6.0  65    5.1  11 0 0 1 1 1 0 7.1 37.6 7.1 37.8 80.0 100 100 22 408 0 144 0 401 401 400 0 0 0 60 50 AUTO 0 
b.1 2025-06-02 06:25:01.562 a 2025-06-02-06:24:59 242 260 273 2.1 3.1 3.9 6.9 35.4 726.7 0.00 0 0.0 14.6 22.6 23.4 3.633  -41.8   11.3    5.9  66    5.1  11 0 0 1 1 1 0 7.1 37.3 7.1 37.8 80.0 100 100 22 408 0 144 0 401 401 400 0 0 0 60 50 AUTO 0 
b.1 2025-06-02 06:26:00.341 a 2025-06-02-06:25:58 246 257 265 2.2 3.0 3.7 6.9 35.4 726.7 0.00 0 0.0 14.7 23.3 23.4 3.633  -41.5   11.3    5.3  66    5.2  11 0 0 1 1 1 0 7.1 38.3 7.1 38.5 80.0 100 100 22 408 0 144 0 401 401 400 0 0 0 60 50 AUTO 0 
b.1 2025-06-02 06:27:01.858 a 2025-06-02-06:26:59 246 259 276 2.3 3.0 3.7 6.9 36.5 726.7 0.00 0 0.0 15.0 24.1 24.5 3.626  -41.6   11.3    5.2  66    5.2   5 0 0 1 1 1 0 7.1 38.9 7.0 39.2 80.0 100 100 21 408 0 144 0 401 401 400 0 0 0 60 50 AUTO 0 
b.1 2025-06-02 06:28:01.624 a 2025-06-02-06:27:59 250 259 270 1.4 2.8 3.5 6.9 36.5 726.6 0.00 0 0.0 15.1 24.1 24.5 3.624  -41.1   11.4    5.0  66    5.3  12 0 0 1 1 1 0 7.0 38.8 7.0 39.3 80.0 100 100 21 408 0 144 0 401 401 400 0 0 0 60 50 AUTO 0 
b.1 2025-06-02 06:29:00.818 a 2025-06-02-06:28:58 157 254 277 0.4 2.6 3.3 6.8 36.8 726.6 0.00 0 0.0 14.6 22.6 23.4 3.633  -41.3   11.4    4.7  66    5.3  10 0 0 1 1 1 0 7.0 39.5 7.0 39.8 80.0 100 100 21 408 0 144 0 401 401 400 0 0 0 60 50 AUTO 0 
b.1 2025-06-02 06:30:00.963 a 2025-06-02-06:29:59 222 257 272 1.4 2.7 3.4 6.8 36.7 726.6 0.00 0 0.0 14.5 22.6 23.4 3.633  -41.0   11.4    4.6  66    5.3  10 0 0 1 1 1 0 7.0 39.8 7.0 40.1 80.0 100 100 21 408 0 144 0 401 401 400 0 0 0 60 50 AUTO 0 
b.1 2025-06-02 06:31:02.101 a 2025-06-02-06:31:00 252 258 264 2.0 2.7 3.2 6.8 37.3 726.6 0.00 0 0.0 14.9 24.1 24.5 3.627  -41.3   11.4    4.6  66    5.3  10 0 0 1 1 1 0 7.0 39.5 6.9 40.1 80.0 100 100 21 408 0 144 0 401 401 400 0 0 0 60 50 AUTO 0 
b.1 2025-06-02 06:32:00.497 a 2025-06-02-06:31:58 255 260 265 1.9 2.5 3.2 6.8 37.1 726.6 0.00 0 0.0 15.2 24.1 24.5 3.626  -40.7   11.4    4.5  66    5.3  10 0 0 1 1 1 0 7.0 39.5 6.9 40.0 80.0 100 100 21 408 0 144 0 401 401 400 0 0 0 60 50 AUTO 0 
b.1 2025-06-02 06:33:01.138 a 2025-06-02-06:32:59 251 261 270 1.2 2.3 2.9 6.8 37.2 726.6 0.00 0 0.0 14.8 23.3 23.4 3.634  -40.4   11.4    4.1  66    5.4  10 0 0 1 1 1 0 7.0 39.6 6.9 40.1 80.0 100 100 21 408 0 144 0 401 401 400 0 0 0 60 50 AUTO 0 
b.1 2025-06-02 06:34:01.404 a 2025-06-02-06:33:59 259 266 286 1.5 2.4 3.1 6.8 36.2 726.5 0.00 0 0.0 14.6 22.6 23.4 3.633  -41.0   11.4    4.0  67    5.4  10 0 0 1 1 1 0 7.0 38.9 6.9 39.9 80.0 100 100 21 408 0 144 0 401 401 400 0 0 0 60 50 AUTO 0 
b.1 2025-06-02 06:35:00.882 a 2025-06-02-06:34:58 266 270 274 1.8 2.3 2.5 6.8 34.6 726.6 0.00 0 0.0 15.1 24.2 24.5 3.626  -39.8   11.4    4.0  67    5.5  10 0 0 1 1 1 0 7.0 37.1 6.9 37.9 80.0 100 100 21 408 0 144 0 401 401 399 0 0 0 60 50 AUTO 0 
b.1 2025-06-02 06:36:01.000 a 2025-06-02-06:35:59 270 275 280 2.0 2.4 2.7 6.8 33.8 726.6 0.00 0 0.0 15.1 24.1 24.4 3.627  -39.7   11.4    3.8  67    5.5   0 0 0 1 1 1 0 7.0 36.2 6.9 36.7 80.0 100 100 21 408 0 144 0 401 401 400 0 0 0 60 50 AUTO 0 
b.1 2025-06-02 06:37:01.257 a 2025-06-02-06:36:59 279 282 286 2.2 2.6 2.9 6.9 33.5 726.5 0.00 0 0.0 14.7 23.2 23.4 3.633  -40.4   11.5    3.8  67    5.6   5 0 0 1 1 1 0 7.0 36.3 6.9 36.5 80.0 100 100 21 408 0 144 0 401 401 400 0 0 0 60 50 AUTO 0 
b.1 2025-06-02 06:38:01.479 a 2025-06-02-06:37:59 284 286 288 2.4 2.7 2.9 7.0 32.8 726.5 0.00 0 0.0 14.6 22.6 23.4 3.633  -40.0   11.4    3.7  67    5.5   7 0 0 1 1 1 0 7.0 36.4 6.9 37.0 80.0 100 100 21 408 0 144 0 401 401 400 0 0 0 60 50 AUTO 0 
b.1 2025-06-02 06:39:01.664 a 2025-06-02-06:38:59 287 291 302 2.2 2.8 3.4 7.1 32.4 726.6 0.00 0 0.0 14.9 24.1 24.5 3.627  -40.7   11.4    3.8  67    5.4   8 0 0 1 1 1 0 7.0 36.7 6.9 37.5 80.0 100 100 21 408 0 144 0 401 401 400 0 0 0 60 50 AUTO 0 
b.1 2025-06-02 06:40:01.740 a 2025-06-02-06:39:59 283 291 301 2.1 2.5 2.8 7.1 31.8 726.6 0.00 0 0.0 15.1 24.1 24.5 3.627  -40.4   11.4    3.5  66    5.3   8 0 0 1 1 1 0 7.0 36.3 7.0 37.0 80.0 100 100 21 408 0 144 0 401 401 400 0 0 0 60 50 AUTO 0 
b.1 2025-06-02 06:41:00.941 a 2025-06-02-06:40:59 284 292 297 2.0 2.5 2.8 7.2 31.7 726.6 0.00 0 0.0 14.8 23.6 23.4 3.633  -40.7   11.4    3.5  66    5.3   8 0 0 1 1 1 0 7.0 36.5 7.0 36.8 80.0 100 100 21 408 0 144 0 401 401 400 0 0 0 60 50 AUTO 0 
b.1 2025-06-02 06:42:00.641 a 2025-06-02-06:41:58 279 291 294 2.6 2.8 3.0 7.2 32.2 726.5 0.00 0 0.0 14.5 22.6 23.4 3.633  -40.4   11.4    3.5  66    5.3   8 0 0 1 1 1 0 7.0 36.2 7.0 37.2 80.0 100 100 21 408 0 144 0 402 401 400 0 0 0 60 50 AUTO 0 
b.1 2025-06-02 06:43:00.585 a 2025-06-02-06:42:58 275 289 296 2.0 2.8 3.4 7.2 32.1 726.6 0.00 0 0.0 14.8 23.7 23.4 3.633  -40.4   11.4    3.6  66    5.3   8 0 0 1 1 1 0 7.0 35.5 7.0 36.2 80.0 100 100 21 408 0 144 0 401 402 400 0 0 0 60 50 AUTO 0 
b.1 2025-06-02 06:44:00.838 a 2025-06-02-06:43:58 280 285 291 2.8 3.2 3.8 7.2 32.1 726.6 0.00 0 0.0 15.1 24.1 24.4 3.627  -40.8   11.3    4.0  66    5.2   8 0 0 1 1 1 0 7.1 34.5 7.0 34.9 80.0 100 100 21 408 0 144 0 401 401 400 0 0 0 60 50 AUTO 0 
b.1 2025-06-02 06:45:01.242 a 2025-06-02-06:44:59 272 280 288 3.2 3.5 3.8 7.2 32.8 726.6 0.00 0 0.0 14.9 23.8 23.4 3.633  -40.6   11.3    4.6  66    5.3   8 0 0 1 1 1 0 7.1 34.6 7.1 34.9 80.0 100 100 21 408 0 144 0 401 401 400 0 0 0 60 50 AUTO 0 
b.1 2025-06-02 06:46:01.163 a 2025-06-02-06:45:59 273 278 281 3.3 3.6 3.9 7.2 33.2 726.6 0.00 0 0.0 14.5 22.6 23.4 3.634  -40.0   11.3    5.0  67    5.5   8 0 0 1 1 1 0 7.1 35.1 7.2 35.2 80.0 100 100 21 408 0 144 2 401 401 399 0 0 3 60 50 AUTO 0 
b.1 2025-06-02 06:47:01.559 a 2025-06-02-06:46:59 276 279 283 3.1 3.4 3.7 7.2 33.5 726.5 0.00 0 0.0 14.5 22.6 23.4 3.634  -40.1   11.3    5.2  68    5.6   8 0 0 1 1 1 0 7.1 35.5 7.2 35.6 80.0 100 100 21 408 0 144 0 401 401 400 0 0 0 60 50 AUTO 0 
b.1 2025-06-02 06:48:00.663 a 2025-06-02-06:47:58 274 278 285 3.1 3.4 3.9 7.2 33.8 726.5 0.00 0 0.0 14.9 24.1 24.5 3.627  -39.6   11.3    5.2  68    5.6   8 0 0 1 1 1 0 7.2 35.7 7.2 35.8 80.0 100 100 21 408 0 144 0 401 401 400 0 0 0 60 50 AUTO 0 
b.1 2025-06-02 06:49:01.339 a 2025-06-02-06:48:59 264 279 287 1.9 3.3 3.5 7.2 33.8 726.6 0.00 0 0.0 15.1 24.1 24.5 3.627  -40.6   11.3    5.2  68    5.7   8 0 0 1 1 1 0 7.2 35.8 7.2 35.8 80.0 100 100 21 408 0 144 0 401 401 400 0 0 0 60 50 AUTO 0 
b.1 2025-06-02 06:50:00.928 a 2025-06-02-06:49:58 276 280 286 2.9 3.3 3.6 7.1 33.8 726.5 0.00 0 0.0 14.7 23.2 23.4 3.633  -40.3   11.3    5.1  68    5.7   8 0 0 1 1 1 0 7.1 35.5 7.2 35.6 80.0 100 100 21 408 0 144 0 402 401 400 0 0 0 60 50 AUTO 0 
b.1 2025-06-02 06:51:01.740 a 2025-06-02-06:50:59 277 285 302 2.5 3.3 3.7 7.1 33.6 726.6 0.00 0 0.0 14.5 22.6 23.4 3.634  -40.3   11.3    4.9  68    5.6   8 0 0 1 1 1 0 7.1 34.8 7.3 35.0 80.0 100 100 21 408 0 144 0 401 401 400 0 0 0 60 50 AUTO 0 
b.1 2025-06-02 06:52:00.500 a 2025-06-02-06:51:58 280 282 286 2.9 3.2 3.5 7.1 33.7 726.5 0.00 0 0.0 14.9 23.9 23.4 3.633  -40.2   11.3    4.9  68    5.5   8 0 0 1 1 1 0 7.2 34.2 7.3 34.1 80.0 100 100 21 408 0 144 0 401 401 400 0 0 0 60 50 AUTO 0 
b.1 2025-06-02 06:53:01.505 a 2025-06-02-06:52:59 275 284 296 2.3 3.4 3.7 7.1 32.9 726.5 0.00 0 0.0 15.1 24.1 24.5 3.627  -40.2   11.2    4.8  68    5.5   8 0 0 1 1 1 0 7.2 34.4 7.3 34.3 80.0 100 100 21 408 0 144 0 401 402 400 0 0 0 60 50 AUTO 0 
b.1 2025-06-02 06:54:02.365 a 2025-06-02-06:54:00 279 287 298 2.5 3.4 3.8 7.1 32.3 726.5 0.00 0 0.0 14.9 23.7 23.4 3.633  -40.4   11.2    4.9  67    5.5   8 0 0 1 1 1 0 7.2 33.7 7.3 33.8 80.0 100 100 21 408 0 144 0 401 401 400 0 0 0 60 50 AUTO 0 
b.1 2025-06-02 06:55:01.848 a 2025-06-02-06:54:59 275 287 298 2.2 3.4 4.0 7.1 32.8 726.5 0.00 0 0.0 14.5 22.6 23.4 3.634  -39.9   11.2    4.9  67    5.3   9 0 0 1 1 1 0 7.2 34.5 7.3 34.3 80.0 100 100 21 408 0 144 0 402 401 400 0 0 0 60 50 AUTO 0 
b.1 2025-06-02 06:56:00.622 a 2025-06-02-06:55:58 284 289 300 2.4 3.3 3.8 7.2 33.5 726.6 0.00 0 0.0 14.7 23.3 23.4 3.634  -40.3   11.2    4.8  67    5.2   9 0 0 1 1 1 0 7.2 33.6 7.3 34.1 80.0 100 100 21 408 0 144 0 402 401 400 0 0 0 60 50 AUTO 0 
b.1 2025-06-02 06:57:01.407 a 2025-06-02-06:56:59 286 293 304 2.2 3.2 3.7 7.1 31.5 726.6 0.00 0 0.0 15.0 24.1 24.5 3.626  -40.3   11.2    4.8  66    5.1   9 0 0 1 1 1 0 7.2 34.8 7.3 34.9 80.0 100 100 21 408 0 144 0 401 401 400 0 0 0 60 50 AUTO 0 
b.1 2025-06-02 06:58:01.280 a 2025-06-02-06:57:59 285 290 295 2.5 3.1 3.5 7.1 29.7 726.5 0.00 0 0.0 15.0 24.1 24.5 3.627  -39.5   11.2    4.4  66    5.0   9 0 0 1 1 1 0 7.2 32.4 7.3 33.0 80.0 100 100 21 408 0 144 0 401 401 400 0 0 0 60 50 AUTO 0 
b.1 2025-06-02 06:59:01.545 a 2025-06-02-06:58:59 283 291 306 2.0 3.0 3.5 7.1 30.6 726.5 0.00 0 0.0 14.6 22.6 23.4 3.635  -40.2   11.1    4.4  66    4.9   9 0 0 1 1 1 0 7.3 32.2 7.3 32.7 80.0 100 100 21 408 0 144 0 401 401 400 0 0 0 60 50 AUTO 0 
b.1 2025-06-02 07:00:00.924 a 2025-06-02-06:59:59 287 293 299 2.4 2.9 3.2 7.1 30.6 726.5 0.00 0 0.0 14.6 23.3 23.4 3.634  -39.8   11.1    4.1  65    4.9   9 0 0 1 1 1 0 7.3 30.5 7.3 30.7 80.0 100 100 21 408 0 144 0 401 401 400 0 0 0 60 50 AUTO 0 
b.1 2025-06-02 07:01:00.966 a 2025-06-02-07:00:58 287 296 305 1.6 2.4 3.1 7.0 28.0 726.4 0.00 0 0.0 15.2 24.1 24.4 3.627  -39.7   11.1    3.6  65    4.9   9 0 0 1 1 1 0 7.3 27.9 7.4 28.8 80.0 100 100 22 408 0 144 0 401 402 400 0 0 0 60 50 AUTO 0 
b.1 2025-06-02 07:02:01.184 a 2025-06-02-07:01:59 286 301 311 1.6 2.0 2.6 7.2 25.9 726.5 0.00 0 0.0 15.1 24.2 24.5 3.626  -39.6   11.1    3.1  66    4.9   0 0 0 1 1 1 0 7.4 27.1 7.4 27.5 80.0 100 100 22 408 0 144 0 401 401 400 0 0 0 60 50 AUTO 0 
b.1 2025-06-02 07:03:01.345 a 2025-06-02-07:02:59 287 299 311 1.6 1.9 2.3 7.3 25.4 726.5 0.00 0 0.0 14.6 23.2 23.4 3.633  -39.5   11.1    2.8  66    5.0   5 0 0 1 1 1 0 7.4 26.3 7.5 26.9 80.0 100 100 22 408 0 144 0 401 401 400 0 0 0 60 50 AUTO 0 
b.1 2025-06-02 07:04:00.523 a 2025-06-02-07:03:58 292 302 309 1.6 2.1 2.4 7.4 24.0 726.4 0.00 0 0.0 15.0 24.1 24.4 3.627  -39.6   11.1    2.8  66    5.0   5 0 0 1 1 1 0 7.5 24.8 7.6 25.1 80.0 100 100 22 408 0 144 0 401 401 400 0 0 0 60 50 AUTO 0 
b.1 2025-06-02 07:05:01.424 a 2025-06-02-07:04:59 299 309 323 1.9 2.5 3.3 7.4 23.6 726.4 0.00 0 0.0 15.0 24.1 24.5 3.626  -41.1   11.1    2.8  66    5.0   7 0 0 1 1 1 0 7.6 24.4 7.6 24.5 80.0 100 100 22 408 0 144 0 401 401 400 0 0 0 60 50 AUTO 0 
b.1 2025-06-02 07:06:01.046 a 2025-06-02-07:05:59 316 332 340 2.4 2.8 3.5 7.6 22.3 726.4 0.00 0 0.0 15.2 24.1 24.5 3.627  -41.2   11.2    2.7  65    4.9   9 0 0 1 1 1 0 7.6 22.6 7.7 22.8 80.0 100 100 22 408 0 144 0 401 402 400 0 0 0 60 50 AUTO 0 
b.1 2025-06-02 07:07:01.168 a 2025-06-02-07:06:59 317 331 340 1.5 2.5 3.1 7.8 21.5 726.4 0.00 0 0.0 14.6 23.2 23.4 3.634  -40.6   11.2    2.7  65    4.9   9 0 0 1 1 1 0 7.7 22.7 7.7 22.8 80.0 100 100 22 408 0 144 0 401 401 400 0 0 0 60 50 AUTO 0 
b.1 2025-06-02 07:08:01.323 a 2025-06-02-07:07:59 323 331 341 2.2 2.6 3.3 7.9 21.5 726.4 0.00 0 0.0 14.9 24.1 24.5 3.626  -41.7   11.3    2.8  66    5.1  10 0 0 1 1 1 0 7.7 22.5 7.7 22.7 80.0 100 100 22 408 0 144 0 402 401 400 0 0 0 60 50 AUTO 0 
b.1 2025-06-02 07:09:00.933 a 2025-06-02-07:08:58 311 329 340 2.5 2.9 3.4 8.0 21.1 726.4 0.00 0 0.0 15.0 24.1 24.5 3.627  -41.7   11.3    2.9  66    5.2  10 0 0 1 1 1 0 7.7 22.5 7.7 22.6 80.0 100 100 22 408 0 144 0 401 402 400 0 0 0 60 50 AUTO 0 
b.1 2025-06-02 07:10:02.174 a 2025-06-02-07:10:00 319 331 342 2.6 3.1 3.6 8.0 21.5 726.4 0.00 0 0.0 14.7 23.6 23.4 3.634  -43.8   11.4    3.1  67    5.4  10 0 0 1 1 1 0 7.7 22.7 7.7 22.8 80.0 100 100 22 408 0 144 0 401 401 400 0 0 0 60 50 AUTO 0 
b.1 2025-06-02 07:11:01.026 a 2025-06-02-07:10:59 324 331 337 2.8 3.1 3.4 8.1 21.5 726.4 0.00 0 0.0 14.6 22.6 23.4 3.634  -41.6   11.4    3.3  65    5.1  11 0 0 1 1 1 0 7.7 22.6 7.7 22.8 80.0 100 100 22 408 0 144 0 401 401 399 0 0 0 60 50 AUTO 0 
b.1 2025-06-02 07:12:02.448 a 2025-06-02-07:12:00 316 327 339 2.3 3.2 3.8 8.1 22.0 726.4 0.00 0 0.0 14.5 22.6 23.4 3.633  -42.1   11.5    3.6  66    5.4  11 0 0 1 1 1 0 7.8 23.0 7.7 23.1 80.0 100 100 22 408 0 144 0 401 401 400 0 0 0 60 50 AUTO 0 
b.1 2025-06-02 07:13:01.009 a 2025-06-02-07:12:59 246 318 355 0.9 2.2 3.2 8.1 22.3 726.4 0.00 0 0.0 14.9 24.1 24.5 3.627  -40.9   11.6    3.3  66    5.5  11 0 0 1 1 1 0 7.7 24.0 7.7 23.8 80.0 100 100 22 408 0 144 0 401 401 400 0 0 0 60 50 AUTO 0 
b.1 2025-06-02 07:13:59.867 a 2025-06-02-07:13:57 002 312 218 0.1 1.4 2.9 8.1 23.4 726.4 0.00 0 0.0 15.1 24.1 24.5 3.627  -41.2   11.6    2.6  65    5.4  11 0 0 1 1 1 0 7.7 24.1 7.6 24.3 80.0 100 100 21 408 0 144 0 401 401 400 0 0 0 60 50 AUTO 0 
b.1 2025-06-02 07:15:01.664 a 2025-06-02-07:14:59 287 324 347 0.6 2.5 3.4 8.1 21.3 726.4 0.00 0 0.0 14.9 23.7 23.4 3.633  -41.9   11.7    2.8  66    5.5   9 0 0 1 1 1 0 7.7 22.8 7.6 23.2 80.0 100 100 21 408 0 144 0 401 401 400 0 0 0 60 50 AUTO 0 
b.1 2025-06-02 07:16:00.305 a 2025-06-02-07:15:58 003 337 323 1.5 2.3 3.4 8.0 21.3 726.5 0.00 0 0.0 14.7 23.6 23.4 3.633  -41.5   11.7    2.7  65    5.3   9 0 0 1 1 1 0 7.7 22.3 7.7 22.7 80.0 100 100 21 408 0 144 0 401 401 400 0 0 0 60 50 AUTO 0 
b.1 2025-06-02 07:17:01.128 a 2025-06-02-07:16:59 314 330 343 2.2 2.7 3.6 8.0 20.6 726.5 0.00 0 0.0 14.6 23.2 23.4 3.633  -41.8   11.7    2.9  65    5.3   9 0 0 1 1 1 0 7.8 22.2 7.7 22.4 80.0 100 100 21 408 0 144 0 401 401 400 0 0 0 60 50 AUTO 0 
b.1 2025-06-02 07:18:01.905 a 2025-06-02-07:17:59 298 332 354 1.2 2.2 2.9 8.1 21.0 726.5 0.00 0 0.0 14.8 23.9 23.4 3.634  -42.9   11.8    2.7  65    5.3   9 0 0 1 1 1 0 7.8 22.3 7.7 22.5 80.0 100 100 21 408 0 144 0 402 401 400 0 0 0 60 50 AUTO 0 
b.1 2025-06-02 07:19:02.266 a 2025-06-02-07:19:00 087 347 303 0.8 1.6 3.0 8.2 21.1 726.4 0.00 0 0.0 15.1 24.1 24.5 3.627  -41.4   11.8    2.4  64    5.2   9 0 0 1 1 1 0 7.8 22.4 7.8 22.5 80.0 100 100 21 408 0 144 0 401 401 400 0 0 0 60 50 AUTO 0 
b.1 2025-06-02 07:20:02.667 a 2025-06-02-07:20:00 004 342 322 0.6 1.8 3.0 8.2 20.8 726.4 0.00 0 0.0 15.0 23.9 23.4 3.633  -42.9   11.8    2.4  64    5.2   9 0 0 1 1 1 0 7.8 22.3 7.8 22.4 80.0 100 100 21 408 0 144 0 401 401 400 0 0 0 60 50 AUTO 0 
b.1 2025-06-02 07:20:59.947 a 2025-06-02-07:20:57 024 338 260 0.5 2.0 3.6 8.2 21.6 726.4 0.00 0 0.0 14.6 22.7 23.4 3.633  -43.3   11.8    2.4  64    5.2   9 0 0 1 1 1 0 7.8 22.6 7.8 22.7 80.0 100 100 21 408 0 144 0 401 401 400 0 0 0 60 50 AUTO 0 
b.1 2025-06-02 07:22:01.311 a 2025-06-02-07:21:59 032 348 320 0.6 2.1 3.0 8.2 21.5 726.4 0.00 0 0.0 15.0 24.1 24.5 3.627  -42.0   11.8    2.5  63    5.0   9 0 0 1 1 1 0 7.8 22.9 7.8 22.9 80.0 100 100 21 408 0 144 0 401 401 400 0 0 0 60 50 AUTO 0 
b.1 2025-06-02 07:23:01.006 a 2025-06-02-07:22:59 056 006 218 0.2 1.3 2.4 8.2 21.6 726.4 0.00 0 0.0 15.1 24.1 24.4 3.627  -41.7   11.8    2.4  63    5.0   9 0 0 1 1 1 0 7.9 22.8 7.8 22.8 80.0 100 100 21 408 0 144 0 401 402 400 0 0 0 60 50 AUTO 0 
b.1 2025-06-02 07:24:01.888 a 2025-06-02-07:23:59 019 340 319 1.0 2.3 3.3 8.1 21.6 726.4 0.00 0 0.0 14.9 23.9 23.4 3.633  -42.1   11.9    2.5  62    4.8   9 0 0 1 1 1 0 7.9 22.8 7.8 22.9 80.0 100 100 21 408 0 144 0 401 401 400 0 0 0 60 50 AUTO 0 
b.1 2025-06-02 07:25:00.888 a 2025-06-02-07:24:58 024 354 304 0.8 1.7 2.5 8.2 21.9 726.5 0.00 0 0.0 14.6 22.6 23.4 3.634  -41.6   11.9    2.4  62    4.8   5 0 0 1 1 1 0 7.9 23.2 7.8 23.3 80.0 100 100 21 408 0 144 0 401 401 400 0 0 0 60 50 AUTO 0 
b.1 2025-06-02 07:26:00.608 a 2025-06-02-07:25:58 073 351 324 0.9 2.4 3.4 8.0 22.7 726.4 0.00 0 0.0 14.7 23.6 23.4 3.634  -42.5   11.9    2.6  61    4.5   8 0 0 1 1 1 0 7.8 23.8 7.8 23.9 80.0 100 100 21 408 0 144 0 402 401 400 2 2 2 60 50 AUTO 0 
b.1 2025-06-02 07:27:01.190 a 2025-06-02-07:26:59 102 010 223 0.2 1.4 3.8 8.0 23.3 726.4 0.00 0 0.0 15.0 24.1 24.5 3.627  -41.3   11.8    2.4  60    4.4   9 0 0 1 1 1 0 7.8 24.2 7.8 24.3 80.0 100 100 21 408 0 144 0 401 401 400 0 0 0 60 50 AUTO 0 
b.1 2025-06-02 07:28:00.568 a 2025-06-02-07:27:58 092 016 223 0.2 1.7 2.9 7.9 23.7 726.4 0.00 0 0.0 15.1 24.1 24.5 3.633  -42.2   11.8    2.5  60    4.4   9 0 0 1 1 1 0 7.8 24.7 7.7 24.8 80.0 100 100 21 408 0 144 0 401 401 400 0 0 0 60 50 AUTO 0 
b.1 2025-06-02 07:29:01.569 a 2025-06-02-07:28:59 067 007 322 0.5 1.4 2.4 7.7 24.6 726.4 0.00 0 0.0 14.6 22.6 23.4 3.634  -42.0   11.8    2.4  60    4.4   9 0 0 1 1 1 0 7.8 25.5 7.7 25.5 80.0 100 100 21 408 0 144 0 402 401 400 0 0 0 60 50 AUTO 0 
b.1 2025-06-02 07:30:02.358 a 2025-06-02-07:30:00 038 347 318 0.9 2.5 3.6 7.7 24.5 726.4 0.00 0 0.0 14.7 23.6 23.4 3.633  -43.7   11.8    2.6  60    4.2   9 0 0 1 1 1 0 7.8 25.8 7.7 25.9 80.0 100 100 21 408 0 144 0 401 401 400 0 0 0 60 50 AUTO 0 
b.1 2025-06-02 07:31:00.809 a 2025-06-02-07:30:58 052 003 270 0.2 1.8 2.9 7.7 25.2 726.4 0.00 0 0.0 15.1 24.1 24.5 3.633  -42.5   11.8    2.6  59    4.1  10 0 0 1 1 1 0 7.8 26.2 7.7 26.4 80.0 100 100 21 408 0 144 0 401 402 399 0 0 0 60 50 AUTO 0 
b.1 2025-06-02 07:32:00.927 a 2025-06-02-07:31:58 035 017 354 1.2 2.0 2.6 7.7 25.2 726.4 0.00 0 0.0 15.1 24.1 24.4 3.634  -42.6   11.8    2.6  60    4.1  10 0 0 1 1 1 0 7.7 27.1 7.7 27.4 80.0 100 100 21 408 0 144 0 401 402 400 0 0 0 60 50 AUTO 0 
b.1 2025-06-02 07:33:01.148 a 2025-06-02-07:32:59 028 017 356 1.3 2.0 2.4 7.6 25.1 726.4 0.00 0 0.0 14.6 23.3 23.4 3.633  -42.1   11.7    2.6  60    4.1  10 0 0 1 1 1 0 7.7 27.1 7.6 27.7 80.0 100 100 21 408 0 144 0 401 402 400 0 0 0 60 50 AUTO 0 
b.1 2025-06-02 07:34:01.088 a 2025-06-02-07:33:59 025 014 339 1.3 1.9 2.4 7.6 24.0 726.4 0.00 0 0.0 14.9 24.1 24.5 3.627  -42.3   11.7    2.6  60    4.1  10 0 0 1 1 1 0 7.6 27.0 7.6 27.8 80.0 100 100 21 408 0 144 0 401 401 400 0 0 0 60 50 AUTO 0 
b.1 2025-06-02 07:35:01.688 a 2025-06-02-07:34:59 058 018 348 0.6 1.6 2.1 7.7 23.4 726.4 0.00 0 0.0 15.2 24.1 24.5 3.628  -41.6   11.7    2.5  60    4.2  10 0 0 1 1 1 0 7.6 27.1 7.5 27.6 80.0 100 100 21 408 0 144 0 401 401 400 0 0 0 60 50 AUTO 0 
b.1 2025-06-02 07:36:01.170 a 2025-06-02-07:35:59 099 015 311 0.2 1.1 1.7 7.7 23.2 726.4 0.00 0 0.0 14.8 23.6 23.4 3.633  -40.9   11.7    2.3  60    4.3   5 0 0 1 1 1 0 7.6 25.2 7.5 25.4 80.0 100 100 21 408 0 144 0 401 401 400 0 0 0 60 50 AUTO 0 
b.1 2025-06-02 07:37:00.831 a 2025-06-02-07:36:58 016 344 318 1.0 1.4 2.3 7.7 23.2 726.4 0.00 0 0.0 14.8 23.7 23.4 3.633  -41.9   11.7    2.2  60    4.3  10 0 0 1 1 1 0 7.6 25.2 7.6 25.3 80.0 100 100 21 408 0 144 0 401 401 400 0 0 0 60 50 AUTO 0 
b.1 2025-06-02 07:38:01.448 a 2025-06-02-07:37:59 021 329 298 0.7 1.2 1.8 7.8 23.7 726.4 0.00 0 0.0 15.0 24.1 24.5 3.626  -39.8   11.7    2.2  61    4.4   7 0 0 1 1 1 0 7.6 25.4 7.6 25.5 80.0 100 100 21 408 0 144 0 401 402 399 0 0 0 60 50 AUTO 0 
b.1 2025-06-02 07:39:01.670 a 2025-06-02-07:38:59 293 312 338 0.9 2.0 2.9 7.8 24.4 726.4 0.00 0 0.0 15.0 23.9 23.4 3.633  -40.9   11.7    2.4  61    4.5   7 0 0 1 1 1 0 7.7 25.2 7.6 25.4 80.0 100 100 21 408 0 144 0 401 401 400 0 0 0 60 50 AUTO 0 
b.1 2025-06-02 07:40:00.871 a 2025-06-02-07:39:58 286 307 332 1.2 2.1 3.1 7.8 24.2 726.3 0.00 0 0.0 14.6 22.6 23.4 3.637  -40.8   11.7    2.6  61    4.5   7 0 0 1 1 1 0 7.6 24.1 7.6 24.5 80.0 100 100 21 408 0 144 0 401 402 400 0 0 0 60 50 AUTO 0 
b.1 2025-06-02 07:41:00.394 a 2025-06-02-07:40:58 281 305 323 1.3 2.6 3.3 7.7 23.2 726.4 0.00 0 0.0 14.8 23.9 23.4 3.633  -40.9   11.7    2.9  61    4.5   7 0 0 1 1 1 0 7.7 24.0 7.7 24.1 80.0 100 100 21 408 0 144 0 402 401 400 0 0 0 60 50 AUTO 0 
b.1 2025-06-02 07:42:02.092 a 2025-06-02-07:42:00 281 299 314 1.5 2.6 3.3 7.7 23.4 726.4 0.00 0 0.0 15.0 24.1 24.4 3.628  -40.7   11.7    3.1  61    4.4   7 0 0 1 1 1 0 7.7 24.3 7.8 24.2 80.0 100 100 21 408 0 144 0 401 401 399 0 0 0 60 50 AUTO 0 
b.1 2025-06-02 07:43:01.710 a 2025-06-02-07:42:59 287 300 310 1.7 2.7 3.2 7.8 23.8 726.4 0.00 0 0.0 15.1 24.1 24.5 3.627  -40.7   11.7    3.3  61    4.4   7 0 0 1 1 1 0 7.7 24.4 7.8 24.3 80.0 100 100 21 408 0 144 0 401 401 400 0 0 0 60 50 AUTO 0 
b.1 2025-06-02 07:44:00.453 a 2025-06-02-07:43:58 286 300 311 2.2 2.9 3.3 7.7 23.7 726.3 0.00 0 0.0 14.6 22.6 23.4 3.634  -40.6   11.7    3.4  61    4.5   7 0 0 1 1 1 0 7.7 24.5 7.8 24.5 80.0 100 100 22 408 0 144 0 401 401 400 0 0 0 60 50 AUTO 0 
b.1 2025-06-02 07:45:01.631 a 2025-06-02-07:44:59 286 299 307 2.7 3.0 3.3 7.7 23.6 726.3 0.00 0 0.0 14.6 22.7 23.4 3.633  -40.4   11.7    3.7  61    4.4   7 0 0 1 1 1 0 7.7 24.9 7.8 24.7 80.0 100 100 22 408 0 144 0 401 401 400 0 0 0 60 50 AUTO 0 
b.1 2025-06-02 07:46:01.892 a 2025-06-02-07:45:59 287 295 302 2.7 3.2 3.5 7.7 23.7 726.3 0.00 0 0.0 14.9 24.1 24.5 3.626  -40.1   11.7    3.9  61    4.4   7 0 0 1 1 1 0 7.7 24.8 7.8 24.6 80.0 100 100 22 408 0 144 0 401 401 400 0 0 0 60 50 AUTO 0 
b.1 2025-06-02 07:47:00.390 a 2025-06-02-07:46:58 285 291 294 2.9 3.4 3.7 7.7 24.0 726.3 0.00 0 0.0 15.0 24.1 24.5 3.627  -40.2   11.7    4.2  61    4.3   7 0 0 1 1 1 0 7.7 25.1 7.8 24.9 80.0 100 100 22 408 0 144 0 400 401 400 0 0 0 60 50 AUTO 0 
b.1 2025-06-02 07:48:01.233 a 2025-06-02-07:47:59 280 290 309 2.3 3.4 3.8 7.8 24.2 726.3 0.00 0 0.0 14.7 23.3 23.4 3.633  -40.1   11.7    4.5  61    4.3   7 0 0 1 1 1 0 7.7 25.1 7.8 25.0 80.0 100 100 22 408 0 144 0 402 401 400 0 0 0 60 50 AUTO 0 
b.1 2025-06-02 07:49:01.230 a 2025-06-02-07:48:59 281 286 292 2.9 3.6 3.8 7.7 24.7 726.2 0.00 0 0.0 14.5 22.6 23.4 3.633  -40.3   11.7    4.8  61    4.4   7 0 0 1 1 1 0 7.7 25.3 7.8 25.3 80.0 100 100 22 408 0 144 0 401 401 399 0 0 0 60 50 AUTO 0 
b.1 2025-06-02 07:50:01.874 a 2025-06-02-07:49:59 272 283 294 2.9 3.5 3.8 7.7 24.5 726.2 0.00 0 0.0 14.8 24.1 24.5 3.627  -39.9   11.7    4.9  61    4.5   7 0 0 1 1 1 0 7.7 25.3 7.8 25.3 80.0 100 100 22 408 0 144 0 401 401 400 0 0 0 60 50 AUTO 0 
b.1 2025-06-02 07:51:01.957 a 2025-06-02-07:50:59 267 281 291 1.6 3.6 3.9 7.6 24.7 726.2 0.00 0 0.0 15.1 24.1 24.5 3.626  -40.0   11.7    5.2  62    4.7   8 0 0 1 1 1 0 7.7 25.1 7.8 24.9 80.0 100 100 22 408 0 144 0 401 401 400 0 0 0 60 50 AUTO 0 
b.1 2025-06-02 07:52:01.553 a 2025-06-02-07:51:59 265 279 284 1.9 3.6 3.8 7.6 24.7 726.2 0.00 0 0.0 14.9 23.7 23.4 3.633  -39.8   11.7    5.4  63    5.0   8 0 0 1 1 1 0 7.6 25.4 7.8 25.2 80.0 100 100 22 408 0 144 0 401 401 400 0 0 0 60 50 AUTO 0 
b.1 2025-06-02 07:53:01.296 a 2025-06-02-07:52:59 261 274 281 1.7 3.3 3.8 7.7 26.7 726.2 0.00 0 0.0 14.6 22.6 23.4 3.633  -40.3   11.7    5.5  64    5.1   9 0 0 1 1 1 0 7.6 27.0 7.7 26.7 80.0 100 100 22 408 0 144 0 401 401 400 0 0 0 60 50 AUTO 0 
b.1 2025-06-02 07:54:00.733 a 2025-06-02-07:53:58 261 271 281 1.7 2.8 3.6 7.6 30.6 726.2 0.00 0 0.0 14.5 22.6 23.4 3.633  -40.6   11.7    5.6  64    5.1   9 0 0 1 1 1 0 7.6 29.8 7.7 29.4 80.0 100 100 22 408 0 144 0 402 401 400 0 0 0 60 50 AUTO 0 
b.1 2025-06-02 07:55:00.812 a 2025-06-02-07:54:58 257 271 277 0.8 2.7 3.3 7.4 31.5 726.2 0.00 0 0.0 14.9 24.1 24.4 3.627  -39.8   11.7    5.7  64    5.1   9 0 0 1 1 1 0 7.5 32.1 7.6 31.8 80.0 100 100 22 408 0 144 0 401 402 400 0 0 0 60 50 AUTO 0 
b.1 2025-06-02 07:56:01.312 a 2025-06-02-07:55:59 263 270 278 0.9 2.6 3.4 7.3 33.6 726.2 0.00 0 0.0 15.1 24.1 24.5 3.627  -40.9   11.6    5.6  64    5.1   9 0 0 1 1 1 0 7.4 33.7 7.5 33.5 80.0 100 100 22 408 0 144 0 401 401 399 0 0 0 60 50 AUTO 0 
b.1 2025-06-02 07:57:01.793 a 2025-06-02-07:56:59 258 271 286 1.7 2.7 3.5 7.1 32.4 726.2 0.00 0 0.0 14.9 23.9 23.4 3.633  -40.1   11.6    5.6  64    5.1   9 0 0 1 1 1 0 7.4 33.7 7.5 33.6 80.0 100 100 21 408 0 144 0 401 402 400 0 0 0 60 50 AUTO 0 
b.1 2025-06-02 07:58:01.549 a 2025-06-02-07:57:59 258 270 286 1.2 2.6 3.4 7.1 35.1 726.2 0.00 0 0.0 14.5 22.6 23.4 3.633  -40.1   11.6    5.4  64    5.0   9 0 0 1 1 1 0 7.3 34.7 7.4 34.5 80.0 100 100 21 408 0 144 0 401 401 400 0 0 0 60 50 AUTO 0 
b.1 2025-06-02 07:59:01.674 a 2025-06-02-07:58:59 261 270 290 1.6 2.6 3.4 6.9 35.7 726.2 0.00 0 0.0 14.6 23.3 23.4 3.633  -40.7   11.5    5.3  64    5.0   9 0 0 1 1 1 0 7.3 36.5 7.4 36.3 80.0 100 100 21 408 0 144 0 401 401 400 0 0 0 60 50 AUTO 0 
b.1 2025-06-02 08:00:01.051 a 2025-06-02-07:59:59 256 270 285 0.9 2.7 3.7 6.8 36.3 726.2 0.00 0 0.0 15.0 24.1 24.5 3.627  -41.0   11.5    5.6  64    5.0   9 0 0 1 1 1 0 7.2 37.2 7.3 37.2 80.0 100 100 21 408 0 144 0 401 401 400 0 0 0 60 50 AUTO 0 
b.1 2025-06-02 08:00:59.775 a 2025-06-02-08:00:57 112 267 281 0.4 2.8 3.8 6.8 35.8 726.2 0.00 0 0.0 15.0 23.8 23.4 3.635  -42.1   11.5    6.1  64    4.9   9 0 0 1 1 1 0 7.2 37.3 7.3 37.4 80.0 100 100 21 408 0 144 0 401 401 400 0 0 0 60 50 AUTO 0 
b.1 2025-06-02 08:02:01.855 a 2025-06-02-08:01:59 158 266 280 0.3 2.8 3.9 6.7 36.5 726.2 0.00 0 0.0 14.6 22.6 23.4 3.634  -41.0   11.4    6.5  63    4.7   9 0 0 1 1 1 0 7.1 36.9 7.2 37.0 80.0 100 100 21 408 0 144 0 401 401 400 0 0 0 60 50 AUTO 0 
b.1 2025-06-02 08:03:00.671 a 2025-06-02-08:02:58 257 268 291 1.6 2.9 4.1 6.7 36.4 726.2 0.00 0 0.0 14.5 22.6 23.4 3.634  -41.8   11.4    7.1  63    4.6   9 0 0 1 1 1 0 7.1 37.6 7.2 37.5 80.0 100 100 21 408 0 144 0 401 401 400 0 0 0 60 50 AUTO 0 
b.1 2025-06-02 08:04:00.994 a 2025-06-02-08:03:58 254 267 285 1.7 3.1 4.2 6.7 37.0 726.2 0.00 0 0.0 14.9 24.2 24.5 3.627  -42.0   11.4    7.7  62    4.4  10 0 0 1 1 1 0 7.1 38.1 7.2 38.0 80.0 100 100 21 408 0 144 0 401 401 399 0 0 0 60 50 AUTO 0 
b.1 2025-06-02 08:05:00.592 a 2025-06-02-08:04:58 252 268 275 1.6 3.1 4.2 6.7 37.0 726.2 0.00 0 0.0 15.0 24.1 24.5 3.633  -42.1   11.3    8.1  62    4.3  11 0 0 1 1 1 0 7.0 38.2 7.2 38.2 80.0 100 100 21 408 0 144 0 402 401 400 0 0 0 60 50 AUTO 0 
b.1 2025-06-02 08:06:01.476 a 2025-06-02-08:05:59 261 268 275 2.0 3.2 4.1 6.6 36.9 726.1 0.00 0 0.0 14.7 23.3 23.4 3.633  -41.8   11.3    8.1  62    4.2  11 0 0 1 1 1 0 7.0 38.1 7.1 38.1 80.0 100 100 21 408 0 144 0 401 401 399 0 0 0 60 50 AUTO 0 
b.1 2025-06-02 08:07:00.575 a 2025-06-02-08:06:58 251 267 277 2.0 3.0 3.9 6.6 36.6 726.1 0.00 0 0.0 14.5 22.6 23.4 3.633  -40.7   11.3    7.5  62    4.1  11 0 0 1 1 1 0 7.0 38.0 7.1 38.0 80.0 100 100 21 408 0 144 5 401 401 400 5 4 5 60 50 AUTO 0 
b.1 2025-06-02 08:08:01.532 a 2025-06-02-08:07:59 259 265 270 1.3 2.8 4.0 6.6 36.5 726.1 0.00 0 0.0 14.8 24.1 24.5 3.627  -41.2   11.2    7.1  61    4.1  11 0 0 1 1 1 0 7.0 37.3 7.1 37.4 80.0 100 100 21 408 0 144 0 401 401 400 0 0 0 60 50 AUTO 0 
b.1 2025-06-02 08:09:00.773 a 2025-06-02-08:08:58 255 263 267 1.7 2.7 3.3 6.6 36.3 726.1 0.00 0 0.0 15.0 24.1 24.5 3.627  -41.1   11.2    6.8  61    4.0  11 0 0 1 1 1 0 7.0 37.6 7.1 37.7 80.0 100 100 21 408 0 144 0 401 401 400 0 0 0 60 50 AUTO 0 
b.1 2025-06-02 08:10:01.351 a 2025-06-02-08:09:59 255 263 268 1.9 2.8 3.6 6.6 36.0 726.1 0.00 0 0.0 14.9 23.9 23.4 3.633  -41.5   11.2    6.6  61    4.0  11 0 0 1 1 1 0 7.0 37.5 7.1 37.5 80.0 100 100 21 408 0 144 0 401 402 400 0 0 0 60 50 AUTO 0 
b.1 2025-06-02 08:11:01.855 a 2025-06-02-08:10:59 260 265 269 2.0 2.8 3.3 6.6 35.7 726.1 0.00 0 0.0 14.6 22.6 23.4 3.633  -41.3   11.2    6.6  61    4.0  11 0 0 1 1 1 0 7.0 36.6 7.1 36.8 80.0 100 100 21 408 0 144 0 401 402 400 0 2 0 60 50 AUTO 0 
b.1 2025-06-02 08:12:00.392 a 2025-06-02-08:11:58 262 266 281 2.2 3.0 3.8 6.6 35.7 726.1 0.00 0 0.0 14.5 22.6 23.4 3.633  -41.4   11.2    6.7  61    3.9  11 0 0 1 1 1 0 7.0 36.6 7.1 36.7 80.0 100 100 21 408 0 144 0 401 401 399 0 0 0 60 50 AUTO 0 
b.1 2025-06-02 08:13:00.897 a 2025-06-02-08:12:58 261 268 275 1.8 3.0 4.1 6.6 35.0 726.1 0.00 0 0.0 14.9 23.9 23.4 3.634  -41.5   11.2    7.2  61    3.9  11 0 0 1 1 1 0 7.0 36.4 7.1 36.4 80.0 100 100 21 408 0 144 0 401 401 400 0 0 0 60 50 AUTO 0 
b.1 2025-06-02 08:14:01.394 a 2025-06-02-08:13:59 254 268 279 1.6 3.3 4.4 6.7 34.8 726.1 0.00 0 0.0 14.9 24.0 24.5 3.634  -41.0   11.1    8.0  61    3.9  11 0 0 1 1 1 0 7.0 36.3 7.1 36.3 80.0 100 100 21 408 0 144 0 402 401 400 0 0 0 60 50 AUTO 0 
b.1 2025-06-02 08:15:02.473 a 2025-06-02-08:15:00 259 267 275 1.6 3.4 4.4 6.7 35.3 726.1 0.00 0 0.0 14.8 23.6 23.4 3.633  -41.4   11.1    8.5  61    3.9  11 0 0 1 1 1 0 6.9 36.4 7.1 36.2 80.0 100 100 21 408 0 144 0 401 401 400 0 0 0 60 50 AUTO 0 
b.1 2025-06-02 08:16:02.098 a 2025-06-02-08:16:00 255 265 289 1.8 3.1 4.4 6.7 35.7 726.1 0.00 0 0.0 14.6 22.6 23.4 3.634  -41.2   11.1    8.7  61    3.8  12 0 0 1 1 1 0 6.9 37.3 7.1 37.2 80.0 100 100 21 408 0 144 0 401 401 400 0 0 0 60 50 AUTO 0 
b.1 2025-06-02 08:17:00.674 a 2025-06-02-08:16:58 250 264 289 0.6 3.3 4.2 6.6 36.1 726.0 0.00 0 0.0 14.5 22.6 23.4 3.633  -41.5   11.1    8.1  61    3.8  12 0 0 1 1 1 0 6.9 37.6 7.0 37.5 80.0 100 100 21 408 0 144 0 402 401 400 0 0 0 60 50 AUTO 0 
b.1 2025-06-02 08:18:01.634 a 2025-06-02-08:17:59 249 262 277 1.1 3.2 4.1 6.6 36.6 726.1 0.00 0 0.0 14.9 24.1 24.5 3.627  -42.0   11.1    8.1  61    3.8  12 0 0 1 1 1 0 6.9 37.9 7.0 37.9 80.0 100 100 21 408 0 144 0 401 401 399 0 0 0 60 50 AUTO 0 
b.1 2025-06-02 08:19:02.312 a 2025-06-02-08:19:00 249 262 269 1.4 3.2 4.0 6.5 36.0 726.1 0.00 0 0.0 15.0 24.1 24.5 3.628  -41.9   11.1    7.7  61    3.9  12 0 0 1 1 1 0 6.9 37.5 7.0 37.5 80.0 100 100 21 408 0 144 0 402 401 400 0 0 0 60 50 AUTO 0 
b.1 2025-06-02 08:20:00.296 a 2025-06-02-08:19:58 256 263 271 1.5 3.1 3.9 6.6 36.3 726.1 0.00 0 0.0 14.8 23.3 23.4 3.633  -41.4   11.1    7.5  61    3.9  12 0 0 1 1 1 0 6.9 37.6 7.0 37.6 80.0 100 100 21 408 0 144 0 401 401 399 0 0 0 60 50 AUTO 0 
b.1 2025-06-02 08:21:01.592 a 2025-06-02-08:20:59 256 263 269 1.8 3.2 4.1 6.5 36.3 726.1 0.00 0 0.0 14.5 22.6 23.4 3.633  -41.6   11.1    7.3  61    3.9  12 0 0 1 1 1 0 6.8 37.6 7.0 37.6 80.0 100 100 21 408 0 144 0 401 402 400 0 0 0 60 50 AUTO 0 
b.1 2025-06-02 08:22:01.536 a 2025-06-02-08:21:59 248 264 273 1.1 3.3 4.2 6.5 36.3 726.1 0.00 0 0.0 14.7 23.7 23.4 3.633  -40.8   11.1    8.0  61    3.8  12 0 0 1 1 1 0 6.8 37.4 6.9 37.5 80.0 100 100 21 408 0 144 0 401 401 400 0 0 0 60 50 AUTO 0 
b.1 2025-06-02 08:23:01.230 a 2025-06-02-08:22:59 259 265 271 2.3 3.2 4.2 6.4 37.0 726.1 0.00 0 0.0 15.1 24.1 24.5 3.627  -41.8   11.1    8.2  61    3.8  12 0 0 1 1 1 0 6.8 38.0 6.9 38.0 80.0 100 100 21 408 0 144 0 401 402 400 0 0 0 60 50 AUTO 0 
b.1 2025-06-02 08:24:01.723 a 2025-06-02-08:23:59 252 266 340 1.0 3.1 4.3 6.4 36.5 726.1 0.00 0 0.0 15.0 23.9 23.4 3.633  -41.9   11.0    8.3  60    3.7  12 0 0 1 1 1 0 6.8 38.6 6.9 38.5 80.0 100 100 21 408 0 144 0 401 401 400 0 0 0 60 50 AUTO 0 
b.1 2025-06-02 08:25:02.319 a 2025-06-02-08:25:00 256 267 272 1.9 3.4 4.3 6.4 36.5 726.1 0.00 0 0.0 14.7 23.3 23.4 3.633  -42.2   11.0    8.7  60    3.6  12 0 0 1 1 1 0 6.8 38.5 6.9 38.5 80.0 100 100 21 408 0 144 0 401 401 400 0 0 0 60 50 AUTO 0 
b.1 2025-06-02 08:26:00.813 a 2025-06-02-08:25:58 263 269 274 1.6 3.5 4.6 6.3 36.7 726.0 0.00 0 0.0 14.5 22.6 23.4 3.634  -42.2   11.0    9.1  60    3.6  12 0 0 1 1 1 0 6.8 38.5 6.9 38.4 80.0 100 100 21 408 0 144 0 401 402 400 0 0 0 60 50 AUTO 0 
b.1 2025-06-02 08:27:00.013 a 2025-06-02-08:26:58 257 269 278 2.1 3.5 4.7 6.4 37.3 726.1 0.00 0 0.0 14.7 23.3 23.4 3.633  -42.0   11.0    9.7  61    3.7  12 0 0 1 1 1 0 6.8 38.4 6.9 38.4 80.0 100 100 21 408 0 144 0 401 401 400 0 0 0 60 50 AUTO 0 
b.1 2025-06-02 08:28:00.841 a 2025-06-02-08:27:58 254 267 276 1.0 3.2 5.0 6.4 36.0 726.1 0.00 0 0.0 14.8 23.6 23.4 3.633  -41.6   11.0   10.1  61    3.7  12 0 0 1 1 1 0 6.7 37.7 6.9 37.7 80.0 100 100 22 408 0 144 0 402 401 400 0 0 0 60 50 AUTO 0 
b.1 2025-06-02 08:29:01.940 a 2025-06-02-08:28:59 252 266 280 1.1 3.2 4.4 6.4 35.9 726.1 0.00 0 0.0 14.9 24.1 24.5 3.627  -40.8   11.0    9.4  61    3.6  12 0 0 1 1 1 0 6.7 37.2 6.8 37.1 80.0 100 100 22 408 0 144 0 401 401 400 0 0 0 60 50 AUTO 0 
b.1 2025-06-02 08:30:01.816 a 2025-06-02-08:29:59 250 265 276 1.6 3.3 4.7 6.3 35.8 726.0 0.00 0 0.0 15.0 23.9 23.4 3.633  -41.6   10.9    9.3  60    3.6  12 0 0 1 1 1 0 6.7 37.2 6.8 37.1 80.0 100 100 22 408 0 144 0 401 401 400 0 0 0 60 50 AUTO 0 
b.1 2025-06-02 08:31:00.815 a 2025-06-02-08:30:58 249 263 279 1.1 3.8 4.8 6.2 35.9 726.0 0.00 0 0.0 14.6 22.6 23.4 3.633  -42.0   10.9    9.5  60    3.5  12 0 0 1 1 1 0 6.7 37.0 6.7 37.0 80.0 100 100 22 408 0 144 0 401 401 400 0 0 0 60 50 AUTO 0 
b.1 2025-06-02 08:32:01.951 a 2025-06-02-08:31:59 252 261 269 1.9 3.9 4.7 6.2 36.8 726.0 0.00 0 0.0 14.4 22.6 23.4 3.633  -41.5   10.9    9.4  60    3.5  12 0 0 1 1 1 0 6.6 37.5 6.7 37.4 80.0 100 100 22 408 0 144 0 401 401 400 0 0 0 60 50 AUTO 0 
b.1 2025-06-02 08:33:01.338 a 2025-06-02-08:32:59 244 261 274 1.7 4.0 4.7 6.2 35.7 726.0 0.00 0 0.0 14.8 23.7 23.4 3.633  -41.6   10.8    9.4  60    3.5  12 0 0 1 1 1 0 6.6 36.8 6.7 36.9 80.0 100 100 22 408 0 144 2 401 401 400 0 0 0 60 50 AUTO 0 
b.1 2025-06-02 08:34:01.095 a 2025-06-02-08:33:59 245 262 272 2.1 3.7 4.5 6.2 35.8 726.0 0.00 0 0.0 15.0 24.1 24.5 3.627  -41.9   10.8    9.5  60    3.5  12 0 0 1 1 1 0 6.6 37.6 6.7 37.6 80.0 100 100 22 408 0 144 0 401 401 400 0 0 0 60 50 AUTO 0 
b.1 2025-06-02 08:35:01.951 a 2025-06-02-08:34:59 255 265 275 1.5 3.5 4.5 6.0 35.8 726.0 0.00 0 0.0 14.8 23.3 23.4 3.633  -42.0   10.8    9.9  60    3.4  12 0 0 1 1 1 0 6.5 37.5 6.6 37.5 80.0 100 100 22 408 0 144 0 401 402 400 0 0 0 60 50 AUTO 0 
b.1 2025-06-02 08:36:00.634 a 2025-06-02-08:35:58 261 266 271 2.1 3.4 4.7 6.0 36.2 726.0 0.00 0 0.0 14.5 22.6 23.4 3.633  -42.5   10.8   10.6  59    3.2  12 0 0 1 1 1 0 6.5 37.0 6.6 37.1 80.0 100 100 22 408 0 144 0 401 401 399 0 0 0 60 50 AUTO 0 
b.1 2025-06-02 08:37:01.280 a 2025-06-02-08:36:59 257 265 280 1.6 3.4 5.0 6.0 37.3 726.0 0.00 0 0.0 14.5 22.6 23.4 3.633  -41.9   10.7   11.0  59    3.1  12 0 0 1 1 1 0 6.5 37.4 6.6 37.3 80.0 100 100 22 408 0 144 0 401 402 400 0 0 0 60 50 AUTO 0 
b.1 2025-06-02 08:38:00.473 a 2025-06-02-08:37:58 255 264 270 1.9 3.4 5.0 6.0 37.1 726.0 0.00 0 0.0 14.8 24.0 23.6 3.633  -41.8   10.7   11.2  59    3.1  12 0 0 1 1 1 0 6.5 38.5 6.6 38.4 80.0 100 100 22 408 0 144 0 401 402 399 0 0 0 60 50 AUTO 0 
b.1 2025-06-02 08:38:59.773 a 2025-06-02-08:38:57 253 261 267 2.0 3.7 5.3 6.0 36.8 726.0 0.00 0 0.0 14.9 23.7 23.4 3.633  -42.4   10.7   11.4  59    3.1  12 0 0 1 1 1 0 6.5 38.3 6.6 38.3 80.0 100 100 22 408 0 144 0 401 401 399 0 0 0 60 50 AUTO 0 
b.1 2025-06-02 08:40:00.213 a 2025-06-02-08:39:58 251 260 267 2.7 4.2 5.2 6.0 36.9 726.0 0.00 0 0.0 14.6 22.6 23.4 3.633  -41.7   10.7   11.1  60    3.1  12 0 0 1 1 1 0 6.5 37.9 6.5 37.9 80.0 100 100 22 408 0 144 0 401 401 400 0 0 0 60 50 AUTO 0 
b.1 2025-06-02 08:40:59.875 a 2025-06-02-08:40:57 253 259 266 3.3 4.4 4.7 5.9 37.6 726.0 0.00 0 0.0 14.6 22.6 23.4 3.633  -41.7   10.6   10.4  60    3.2  12 0 0 1 1 1 0 6.4 38.6 6.5 38.5 80.0 100 100 22 408 0 144 0 401 401 400 0 0 0 60 50 AUTO 0 
b.1 2025-06-02 08:42:01.956 a 2025-06-02-08:41:59 235 256 264 2.9 4.2 4.5 5.9 37.6 725.9 0.00 0 0.0 14.6 22.7 23.4 3.633  -41.0   10.6    9.4  60    3.2  12 0 0 1 1 1 0 6.4 38.8 6.5 38.7 80.0 100 100 22 408 0 144 0 401 402 400 0 0 0 60 50 AUTO 0 
b.1 2025-06-02 08:43:01.256 a 2025-06-02-08:42:59 240 256 266 2.8 3.9 4.3 5.9 37.9 725.9 0.00 0 0.0 14.8 23.7 23.4 3.633  -41.1   10.6    8.5  61    3.3  12 0 0 1 1 1 0 6.4 38.9 6.5 38.9 80.0 100 100 21 408 0 144 11 401 401 400 0 0 0 60 50 AUTO 0 
b.1 2025-06-02 08:44:00.815 a 2025-06-02-08:43:58 249 257 264 2.8 3.9 4.3 5.9 37.4 725.9 0.00 0 0.0 14.8 23.7 23.4 3.633  -40.6   10.5    8.3  61    3.4   5 0 0 1 1 1 0 6.4 39.0 6.5 39.1 80.0 100 100 21 408 0 144 0 401 401 399 0 0 0 60 50 AUTO 0 
b.1 2025-06-02 08:45:01.424 a 2025-06-02-08:44:59 256 261 267 2.5 3.8 4.3 5.9 36.5 725.9 0.00 0 0.0 14.9 23.7 23.4 3.634  -40.6   10.5    8.5  61    3.4  12 0 0 1 1 1 0 6.4 37.5 6.4 37.6 80.0 100 100 21 408 0 144 0 401 401 400 0 0 0 60 50 AUTO 0 
b.1 2025-06-02 08:46:01.872 a 2025-06-02-08:45:59 254 264 272 2.3 3.6 4.6 5.9 37.0 726.0 0.00 0 0.0 14.9 23.9 23.4 3.633  -40.6   10.5    8.4  61    3.3  11 0 0 1 1 1 0 6.4 37.9 6.5 38.0 80.0 100 100 21 408 0 144 0 401 402 400 0 0 0 60 50 AUTO 0 
b.1 2025-06-02 08:47:01.392 a 2025-06-02-08:46:59 252 267 274 1.9 3.7 4.7 5.9 36.6 726.0 0.00 0 0.0 14.6 22.6 23.4 3.634  -40.4   10.5    8.6  60    3.2  11 0 0 1 1 1 0 6.4 38.4 6.5 38.5 80.0 100 100 21 408 0 144 0 401 401 400 0 0 0 60 50 AUTO 0 
b.1 2025-06-02 08:48:01.232 a 2025-06-02-08:47:59 259 269 278 2.4 3.4 4.3 6.0 37.8 726.0 0.00 0 0.0 14.6 22.6 23.4 3.633  -38.9   10.5    8.1  61    3.2  11 0 0 1 1 1 0 6.4 38.1 6.5 38.2 80.0 100 100 21 408 0 144 0 402 401 400 0 0 0 60 50 AUTO 0 
b.1 2025-06-02 08:49:02.375 a 2025-06-02-08:49:00 264 273 281 2.4 3.6 4.3 5.9 38.0 725.9 0.00 0 0.0 14.6 23.2 23.4 3.633  -39.4   10.5    7.8  61    3.4  11 0 0 1 1 1 0 6.4 39.0 6.5 39.0 80.0 100 100 21 408 0 144 0 401 401 400 0 0 0 60 50 AUTO 0 
b.1 2025-06-02 08:50:02.598 a 2025-06-02-08:50:00 270 275 281 2.1 3.8 4.4 5.9 37.9 725.9 0.00 0 0.0 14.7 23.7 23.4 3.633  -38.4   10.5    7.6  62    3.6  11 0 0 1 1 1 0 6.5 38.9 6.6 38.9 80.0 100 100 21 408 0 144 0 401 402 400 0 0 0 60 50 AUTO 0 
b.1 2025-06-02 08:51:02.115 a 2025-06-02-08:51:00 265 277 302 1.2 3.6 4.2 5.9 37.3 725.8 0.00 0 0.0 14.8 23.9 23.4 3.633  -39.3   10.6    6.8  63    3.9   5 0 0 1 1 1 0 6.5 38.4 6.6 38.4 80.0 100 100 21 408 0 144 0 401 401 400 0 0 0 60 50 AUTO 0 
b.1 2025-06-02 08:52:01.795 a 2025-06-02-08:51:59 258 275 281 1.6 3.7 4.3 6.1 37.3 725.9 0.00 0 0.0 14.9 23.9 23.4 3.631  -39.8   10.5    7.0  64    4.0   9 0 0 1 1 1 0 6.5 38.4 6.6 38.3 80.0 100 100 21 408 0 144 0 401 401 400 0 0 0 60 50 AUTO 0 
b.1 2025-06-02 08:53:01.375 a 2025-06-02-08:52:59 261 275 294 1.4 3.8 4.4 6.1 37.3 725.9 0.00 0 0.0 14.8 23.3 23.4 3.632  -38.8   10.5    7.3  65    4.1  10 0 0 1 1 1 0 6.5 38.6 6.7 38.5 80.0 100 100 21 408 0 144 0 401 401 400 0 0 0 60 50 AUTO 0 
b.1 2025-06-02 08:54:02.374 a 2025-06-02-08:54:00 253 275 286 1.1 3.9 5.1 6.3 37.1 725.9 0.00 0 0.0 14.6 22.6 23.4 3.634  -40.0   10.5    7.8  65    4.3  10 0 0 1 1 1 0 6.5 38.6 6.7 38.6 80.0 100 100 21 408 0 144 0 401 401 399 0 0 0 60 50 AUTO 0 
b.1 2025-06-02 08:55:01.937 a 2025-06-02-08:54:59 257 274 299 0.8 3.4 4.8 6.2 37.3 725.9 0.00 0 0.0 14.4 22.6 23.4 3.633  -40.3   10.5    7.4  65    4.3  10 0 0 1 1 1 0 6.5 38.6 6.7 38.6 80.0 100 100 21 408 0 144 0 401 401 400 0 0 0 60 50 AUTO 0 
b.1 2025-06-02 08:56:00.440 a 2025-06-02-08:55:58 260 275 284 1.9 4.2 4.8 6.2 37.5 725.9 0.00 0 0.0 14.9 23.9 23.4 3.633  -38.5   10.5    8.1  66    4.4  10 0 0 1 1 1 0 6.5 38.8 6.7 38.7 80.0 100 100 21 408 0 144 0 401 402 400 0 0 0 60 50 AUTO 0 
b.1 2025-06-02 08:57:02.134 a 2025-06-02-08:57:00 244 274 286 1.3 3.7 4.4 6.2 37.3 725.9 0.00 0 0.0 14.9 23.9 23.4 3.632  -39.0   10.5    7.6  66    4.4  10 0 0 1 1 1 0 6.5 38.9 6.6 38.8 80.0 100 100 21 408 0 144 0 401 401 400 0 0 0 60 50 AUTO 0 
b.1 2025-06-02 08:58:00.394 a 2025-06-02-08:57:58 268 275 285 2.0 3.7 4.2 6.2 37.2 725.9 0.00 0 0.0 14.9 23.7 23.4 3.633  -38.7   10.5    7.2  66    4.4  10 0 0 1 1 1 0 6.5 38.7 6.6 38.6 80.0 100 100 21 408 0 144 0 401 401 400 0 0 0 60 50 AUTO 0 
b.1 2025-06-02 08:59:01.714 a 2025-06-02-08:58:59 252 277 292 1.0 3.3 4.2 6.1 37.1 725.9 0.00 0 0.0 14.7 23.3 23.4 3.633  -38.8   10.5    6.5  66    4.5  10 0 0 1 1 1 0 6.5 38.4 6.7 38.3 80.0 100 100 21 408 0 144 0 401 401 400 0 0 0 60 50 AUTO 0 
b.1 2025-06-02 09:00:02.756 a 2025-06-02-09:00:00 272 279 296 2.6 3.5 3.8 6.2 36.4 725.9 0.00 0 0.0 14.5 22.6 23.4 3.633  -39.1   10.5    6.1  66    4.5   5 0 0 1 1 1 0 6.6 37.6 6.7 37.7 80.0 100 100 21 408 0 144 0 402 401 400 0 0 0 60 50 AUTO 0 
b.1 2025-06-02 09:01:00.796 a 2025-06-02-09:00:58 264 280 314 0.6 3.2 3.5 6.2 36.2 725.8 0.00 0 0.0 14.7 23.3 23.4 3.633  -37.9   10.5    5.6  66    4.5  10 0 0 1 1 1 0 6.6 36.0 6.7 36.3 80.0 100 100 21 408 0 144 0 401 401 400 0 0 0 60 50 AUTO 0 
b.1 2025-06-02 09:01:59.855 a 2025-06-02-09:01:57 274 281 287 2.9 3.1 3.3 6.2 34.4 725.8 0.00 0 0.0 15.1 24.1 24.5 3.627  -38.4   10.5    5.0  66    4.5   8 0 0 1 1 1 0 6.6 33.8 6.7 34.1 80.0 100 100 21 408 0 144 0 402 401 400 0 0 0 60 50 AUTO 0 
b.1 2025-06-02 09:03:01.375 a 2025-06-02-09:02:59 276 285 299 1.8 2.8 3.0 6.3 30.6 725.8 0.00 0 0.0 15.0 24.1 24.5 3.634  -38.1   10.5    4.3  66    4.4   8 0 0 1 1 1 0 6.7 30.2 6.8 31.0 80.0 100 100 21 408 0 144 0 401 401 400 0 0 0 60 50 AUTO 0 
b.1 2025-06-02 09:04:00.973 a 2025-06-02-09:03:58 276 289 298 1.9 2.9 3.2 6.3 27.8 725.8 0.00 0 0.0 14.6 22.6 23.4 3.633  -38.0   10.5    4.1  65    4.2   8 0 0 1 1 1 0 6.8 28.2 6.9 28.4 80.0 100 100 21 408 0 144 0 401 402 400 0 0 0 60 50 AUTO 0 
b.1 2025-06-02 09:05:01.151 a 2025-06-02-09:04:59 288 302 320 2.0 2.6 3.0 6.6 27.0 725.8 0.00 0 0.0 14.7 23.7 23.4 3.633  -38.6   10.5    3.6  65    4.1   8 0 0 1 1 1 0 6.9 28.4 7.0 28.1 80.0 100 100 21 408 0 144 0 401 401 400 0 0 0 60 50 AUTO 0 
b.1 2025-06-02 09:06:01.134 a 2025-06-02-09:05:59 295 312 316 1.5 2.5 2.8 6.8 26.1 725.9 0.00 0 0.0 15.1 24.1 24.5 3.628  -38.8   10.5    3.3  65    4.1   8 0 0 1 1 1 0 6.9 28.3 7.0 28.3 80.0 100 100 21 408 0 144 0 401 401 400 0 0 0 60 50 AUTO 0 
b.1 2025-06-02 09:07:02.132 a 2025-06-02-09:07:00 307 312 316 2.3 2.5 2.6 6.9 27.1 725.9 0.00 0 0.0 15.0 24.1 24.5 3.633  -39.1   10.5    3.1  65    4.1   8 0 0 1 1 1 0 6.9 29.6 7.0 29.2 80.0 100 100 21 408 0 144 0 401 401 399 0 0 0 60 50 AUTO 0 
b.1 2025-06-02 09:08:01.974 a 2025-06-02-09:07:59 308 317 329 2.1 2.4 2.6 6.9 26.0 725.9 0.00 0 0.0 14.8 23.3 23.4 3.633  -39.6   10.5    3.0  65    4.2   8 0 0 1 1 1 0 6.9 29.1 7.0 29.4 80.0 100 100 21 408 0 144 0 401 401 400 0 0 0 60 50 AUTO 0 
b.1 2025-06-02 09:08:59.555 a 2025-06-02-09:08:57 321 335 358 1.6 2.5 3.0 7.1 25.0 725.8 0.00 0 0.0 14.8 24.1 24.5 3.627  -41.6   10.6    2.8  65    4.3   8 0 0 1 1 1 0 7.0 26.6 7.0 26.8 80.0 100 100 21 408 0 144 0 401 401 400 0 0 0 60 50 AUTO 0 
b.1 2025-06-02 09:10:01.213 a 2025-06-02-09:09:59 004 341 309 1.0 2.2 3.0 7.1 25.2 725.8 0.00 0 0.0 15.1 24.1 24.5 3.626  -41.8   10.6    2.7  64    4.2  10 0 0 1 1 1 0 7.0 26.7 7.1 26.7 80.0 100 100 21 408 0 144 0 401 401 399 0 0 0 60 50 AUTO 0 
b.1 2025-06-02 09:10:59.354 a 2025-06-02-09:10:57 092 352 314 0.8 2.3 3.3 7.3 25.3 725.9 0.00 0 0.0 15.0 23.9 23.4 3.634  -40.1   10.6    2.7  63    4.0  10 0 0 1 1 1 0 7.0 26.8 7.1 26.7 80.0 100 100 21 408 0 144 0 402 401 400 0 0 0 60 50 AUTO 0 
b.1 2025-06-02 09:12:01.811 a 2025-06-02-09:11:59 090 019 267 0.4 1.8 3.1 7.1 25.4 725.8 0.00 0 0.0 14.6 22.6 23.4 3.634  -39.9   10.7    2.6  62    3.8  10 0 0 1 1 1 0 7.1 26.8 7.1 26.9 80.0 100 100 21 408 0 144 2 401 401 400 0 3 0 60 50 AUTO 0 
b.1 2025-06-02 09:13:02.216 a 2025-06-02-09:13:00 052 016 281 0.9 2.0 2.8 7.1 25.4 725.8 0.00 0 0.0 15.0 24.1 24.5 3.633  -39.7   10.7    2.7  62    3.7  10 0 0 1 1 1 0 7.1 26.3 7.1 26.3 80.0 100 100 21 408 0 144 2 401 401 399 0 3 0 60 50 AUTO 0 
b.1 2025-06-02 09:14:00.813 a 2025-06-02-09:13:58 089 016 322 0.6 1.5 2.5 7.1 25.1 725.8 0.00 0 0.0 15.2 24.1 24.5 3.628  -39.2   10.7    2.5  62    3.7  10 0 0 1 1 1 0 7.1 26.9 7.1 26.9 80.0 100 100 21 408 0 144 2 401 401 400 0 3 0 60 50 AUTO 0 
b.1 2025-06-02 09:15:01.780 a 2025-06-02-09:14:59 115 006 309 0.4 1.8 3.2 7.1 25.9 725.8 0.00 0 0.0 14.7 22.6 23.4 3.633  -40.3   10.8    2.5  62    3.7  10 0 0 1 1 1 0 7.1 26.6 7.1 26.6 80.0 100 100 21 408 0 144 2 401 401 399 0 3 0 60 50 AUTO 0 
b.1 2025-06-02 09:16:01.072 a 2025-06-02-09:15:59 079 020 340 0.6 2.0 2.8 7.1 25.4 725.8 0.00 0 0.0 14.6 23.2 23.4 3.634  -39.8   10.8    2.6  61    3.5  10 0 0 1 1 1 0 7.1 26.5 7.1 26.6 80.0 100 100 22 408 0 144 2 401 401 400 0 3 0 60 50 AUTO 0 
b.1 2025-06-02 09:17:01.851 a 2025-06-02-09:16:59 047 017 347 0.6 1.8 2.8 7.1 25.4 725.8 0.00 0 0.0 15.1 24.1 24.5 3.626  -40.0   10.8    2.5  61    3.6   5 0 0 1 1 1 0 7.1 26.7 7.1 26.8 80.0 100 100 22 408 0 144 2 401 401 400 0 3 0 60 50 AUTO 0 
b.1 2025-06-02 09:18:00.855 a 2025-06-02-09:17:58 096 014 317 0.5 1.9 2.7 7.1 25.8 725.8 0.00 0 0.0 14.9 23.7 23.4 3.634  -39.8   10.8    2.6  61    3.5   9 0 0 1 1 1 0 7.1 27.3 7.1 27.3 80.0 100 100 22 408 0 144 2 402 401 400 0 3 0 60 50 AUTO 0 
b.1 2025-06-02 09:18:59.874 a 2025-06-02-09:18:57 068 016 318 0.2 1.7 2.6 7.1 26.4 725.8 0.00 0 0.0 14.8 23.7 23.4 3.635  -39.6   10.8    2.5  61    3.5   9 0 0 1 1 1 0 7.1 26.8 7.1 27.0 80.0 100 100 22 408 0 144 2 401 401 400 0 3 0 60 50 AUTO 0 
b.1 2025-06-02 09:20:01.671 a 2025-06-02-09:19:59 063 015 331 0.4 1.7 2.6 7.1 26.2 725.8 0.00 0 0.0 15.2 24.1 24.5 3.627  -40.4   10.8    2.5  60    3.5   9 0 0 1 1 1 0 7.1 27.1 7.1 27.3 80.0 100 100 22 408 0 144 0 401 401 400 0 0 0 60 50 AUTO 0 
b.1 2025-06-02 09:21:01.552 a 2025-06-02-09:20:59 058 020 343 0.8 1.8 2.6 7.1 26.2 725.8 0.00 0 0.0 15.0 24.0 24.5 3.626  -39.5   10.8    2.5  61    3.5   9 0 0 1 1 1 0 7.1 27.4 7.1 27.4 80.0 100 100 22 408 0 144 0 401 401 400 0 0 0 60 50 AUTO 0 
b.1 2025-06-02 09:22:01.670 a 2025-06-02-09:21:59 079 023 355 0.8 1.8 2.5 7.1 26.8 725.7 0.00 0 0.0 14.6 22.6 23.4 3.633  -39.4   10.8    2.5  61    3.6   9 0 0 1 1 1 0 7.1 27.4 7.1 27.5 80.0 100 100 22 408 0 144 0 401 401 400 0 0 0 60 50 AUTO 0 
b.1 2025-06-02 09:23:01.213 a 2025-06-02-09:22:59 090 022 309 0.4 2.0 3.0 7.1 26.8 725.8 0.00 0 0.0 14.8 24.1 24.5 3.634  -40.1   10.9    2.6  61    3.6   9 0 0 1 1 1 0 7.1 27.8 7.1 28.0 80.0 100 100 22 408 0 144 0 401 402 400 0 0 0 60 50 AUTO 0 
b.1 2025-06-02 09:24:01.717 a 2025-06-02-09:23:59 071 019 338 0.3 1.5 2.5 7.0 26.6 725.8 0.00 0 0.0 15.2 24.1 24.5 3.628  -39.3   10.8    2.5  60    3.5   9 0 0 1 1 1 0 7.1 28.3 7.0 28.6 80.0 100 100 22 408 0 144 0 401 401 400 0 0 0 60 50 AUTO 0 
b.1 2025-06-02 09:25:01.234 a 2025-06-02-09:24:59 116 022 329 0.3 1.4 2.2 7.0 26.8 725.7 0.00 0 0.0 14.8 23.3 23.4 3.633  -39.1   10.8    2.4  60    3.5   9 0 0 1 1 1 0 7.1 28.9 7.0 29.3 80.0 100 100 22 408 0 144 0 401 401 400 0 0 0 60 50 AUTO 0 
b.1 2025-06-02 09:26:00.854 a 2025-06-02-09:25:58 054 017 330 0.8 1.8 2.8 6.9 27.7 725.8 0.00 0 0.0 14.5 22.7 23.4 3.634  -39.4   10.8    2.4  60    3.5   9 0 0 1 1 1 0 7.0 30.1 7.0 30.0 80.0 100 100 22 408 0 144 0 401 401 399 0 0 0 60 50 AUTO 0 
b.1 2025-06-02 09:27:01.253 a 2025-06-02-09:26:59 045 017 342 0.9 1.8 2.4 6.8 27.2 725.7 0.00 0 0.0 15.1 24.1 24.5 3.628  -39.7   10.8    2.4  61    3.5   9 0 0 1 1 1 0 7.0 30.0 7.0 30.8 80.0 100 100 21 408 0 144 0 401 402 400 0 0 0 60 50 AUTO 0 
b.1 2025-06-02 09:28:01.654 a 2025-06-02-09:27:59 032 008 330 0.6 1.5 2.3 6.8 27.0 725.7 0.00 0 0.0 15.1 24.1 24.5 3.628  -38.8   10.8    2.4  61    3.5   9 0 0 1 1 1 0 7.0 29.9 6.9 30.9 80.0 100 100 21 408 0 144 0 401 401 400 0 0 0 60 50 AUTO 0 
b.1 2025-06-02 09:29:01.032 a 2025-06-02-09:28:59 100 350 306 0.4 1.6 2.7 6.9 26.6 725.8 0.00 0 0.0 14.7 22.6 23.4 3.633  -39.7   10.8    2.3  61    3.5   9 0 0 1 1 1 0 7.0 29.0 7.0 29.3 80.0 100 100 21 408 0 144 0 401 401 400 0 0 0 60 50 AUTO 0 
b.1 2025-06-02 09:30:02.482 a 2025-06-02-09:30:00 099 350 306 0.4 1.8 2.7 7.0 26.9 725.8 0.00 0 0.0 14.8 23.9 23.5 3.633  -40.2   10.8    2.3  60    3.4   9 0 0 1 1 1 0 7.0 28.8 6.9 29.1 80.0 100 100 21 408 0 144 0 401 401 400 0 0 0 60 50 AUTO 0 
b.1 2025-06-02 09:31:00.611 a 2025-06-02-09:30:58 004 341 312 1.0 2.4 2.8 7.0 26.2 725.8 0.00 0 0.0 15.0 24.1 24.5 3.627  -41.1   10.8    2.4  60    3.4   9 0 0 1 1 1 0 7.0 28.2 6.9 28.5 80.0 100 100 21 408 0 144 0 401 401 399 0 0 0 60 50 AUTO 0 
b.1 2025-06-02 09:32:01.252 a 2025-06-02-09:31:59 321 337 351 2.3 2.6 3.1 7.1 26.1 725.8 0.00 0 0.0 15.0 24.1 24.5 3.628  -40.5   10.9    2.5  59    3.3   9 0 0 1 1 1 0 7.1 27.6 7.0 27.9 80.0 100 100 21 408 0 144 0 401 401 400 0 0 0 60 50 AUTO 0 
b.1 2025-06-02 09:33:01.112 a 2025-06-02-09:32:59 321 331 337 2.2 2.8 3.4 7.1 24.2 725.8 0.00 0 0.0 14.5 22.6 23.4 3.634  -39.9   10.9    2.8  60    3.4   9 0 0 1 1 1 0 7.1 26.0 7.0 26.5 80.0 100 100 21 408 0 144 0 401 401 400 0 0 0 60 50 AUTO 0 
b.1 2025-06-02 09:34:01.338 a 2025-06-02-09:33:59 321 328 338 2.8 3.0 3.4 7.2 24.2 725.8 0.00 0 0.0 15.0 24.1 24.5 3.627  -39.8   11.0    3.1  62    4.0  10 0 0 1 1 1 0 7.1 25.6 7.1 25.9 80.0 100 100 21 408 0 144 0 400 401 400 0 0 0 60 50 AUTO 0 
b.1 2025-06-02 09:35:00.515 a 2025-06-02-09:34:58 320 329 336 2.5 3.0 3.4 7.2 24.0 725.8 0.00 0 0.0 15.1 24.1 24.5 3.627  -39.7   11.1    3.4  63    4.4  10 0 0 1 1 1 0 7.2 25.5 7.1 25.7 80.0 100 100 21 408 0 144 0 402 401 400 0 0 0 60 50 AUTO 0 
b.1 2025-06-02 09:35:59.151 a 2025-06-02-09:35:57 318 327 340 2.3 3.0 3.5 7.2 24.4 725.7 0.00 0 0.0 14.5 22.6 23.4 3.633  -39.8   11.1    3.5  64    4.6  10 0 0 1 1 1 0 7.2 25.6 7.1 25.9 80.0 100 100 21 408 0 144 0 401 401 400 0 0 0 60 50 AUTO 0 
b.1 2025-06-02 09:37:00.953 a 2025-06-02-09:36:58 324 330 336 2.7 3.2 3.5 7.3 24.5 725.8 0.00 0 0.0 14.5 22.6 23.4 3.634  -40.5   11.2    3.8  65    4.8  10 0 0 1 1 1 0 7.2 25.9 7.1 26.2 80.0 100 100 21 408 0 144 0 401 401 399 0 0 0 60 50 AUTO 0 
b.1 2025-06-02 09:38:01.950 a 2025-06-02-09:37:59 332 336 343 3.0 3.2 3.5 7.3 24.2 725.8 0.00 0 0.0 14.7 23.3 23.4 3.634  -43.6   11.2    3.7  63    4.4  12 0 0 1 1 1 0 7.2 25.6 7.1 25.9 80.0 100 100 21 408 0 144 0 401 401 399 0 0 0 60 50 AUTO 0 
b.1 2025-06-02 09:39:01.415 a 2025-06-02-09:38:59 332 340 356 2.9 3.3 3.7 7.3 24.4 725.7 0.00 0 0.0 15.0 24.1 24.5 3.627  -44.0   11.3    3.8  60    3.9  12 0 0 1 1 1 0 7.2 25.9 7.1 26.0 80.0 100 100 21 408 0 144 0 401 401 400 0 0 0 60 50 AUTO 0 
b.1 2025-06-02 09:40:00.371 a 2025-06-02-09:39:58 331 339 355 2.8 3.2 4.0 7.2 24.4 725.8 0.00 0 0.0 14.9 23.8 24.5 3.626  -43.6   11.3    3.9  58    3.4  12 0 0 1 1 1 0 7.2 26.1 7.1 26.3 80.0 100 100 21 408 0 144 0 401 401 400 0 0 0 60 50 AUTO 0 
b.1 2025-06-02 09:41:01.328 a 2025-06-02-09:40:59 019 340 333 2.4 3.1 3.7 7.2 24.9 725.8 0.00 0 0.0 14.7 22.6 23.4 3.634  -43.8   11.4    3.8  57    3.2  12 0 0 1 1 1 0 7.2 26.1 7.1 26.3 80.0 100 100 21 408 0 144 0 401 401 400 0 0 0 60 50 AUTO 0 
b.1 2025-06-02 09:42:01.230 a 2025-06-02-09:41:59 331 336 353 2.9 3.4 3.8 7.2 24.8 725.7 0.00 0 0.0 14.5 22.6 23.4 3.634  -44.2   11.4    4.0  56    2.9  12 0 0 1 1 1 0 7.2 26.2 7.1 26.4 80.0 100 100 21 408 0 144 0 401 401 400 0 0 0 60 50 AUTO 0 
b.1 2025-06-02 09:43:02.055 a 2025-06-02-09:42:59 036 340 310 0.7 3.2 4.1 7.2 24.5 725.7 0.00 0 0.0 14.8 23.9 23.4 3.633  -41.7   11.4    4.1  54    2.5  12 0 0 1 1 1 0 7.2 25.9 7.1 26.2 80.0 100 100 21 408 0 144 0 401 401 400 0 0 0 60 50 AUTO 0 
b.1 2025-06-02 09:44:01.828 a 2025-06-02-09:43:59 005 341 332 2.0 3.1 3.6 7.2 24.3 725.7 0.00 0 0.0 15.0 24.1 24.5 3.627  -42.5   11.5    4.0  54    2.5  12 0 0 1 1 1 0 7.2 25.5 7.1 25.8 80.0 100 100 21 408 0 144 0 401 401 400 0 0 0 60 50 AUTO 0 
b.1 2025-06-02 09:45:01.956 a 2025-06-02-09:44:59 331 338 352 2.7 3.1 3.5 7.2 24.3 725.7 0.00 0 0.0 14.8 23.7 23.4 3.635  -42.4   11.5    3.9  54    2.5  12 0 0 1 1 1 0 7.2 25.7 7.1 25.9 80.0 100 100 21 408 0 144 0 401 401 399 0 0 0 60 50 AUTO 0 
b.1 2025-06-02 09:46:00.911 a 2025-06-02-09:45:58 299 329 345 1.3 3.0 3.7 7.2 24.3 725.7 0.00 0 0.0 14.5 22.6 23.4 3.633  -40.6   11.6    4.0  55    2.9  12 0 0 1 1 1 0 7.2 26.0 7.1 26.2 80.0 100 100 21 408 0 144 0 401 401 400 0 0 0 60 50 AUTO 0 
b.1 2025-06-02 09:47:01.029 a 2025-06-02-09:46:59 308 333 346 2.1 3.1 3.8 7.2 24.9 725.7 0.00 0 0.0 14.8 23.8 23.4 3.633  -40.7   11.6    4.0  55    2.9  12 0 0 1 1 1 0 7.2 25.9 7.1 26.1 80.0 100 100 21 408 0 144 0 401 401 399 0 0 0 60 50 AUTO 0 
b.1 2025-06-02 09:48:00.930 a 2025-06-02-09:47:58 312 328 339 2.4 3.2 4.1 7.1 24.7 725.7 0.00 0 0.0 15.1 24.2 24.5 3.627  -40.0   11.6    4.2  58    3.5   0 0 0 1 1 1 0 7.2 26.2 7.1 26.4 80.0 100 100 21 408 0 144 0 401 401 400 0 0 0 60 50 AUTO 0 
b.1 2025-06-02 09:49:00.450 a 2025-06-02-09:48:58 322 334 351 2.7 3.4 4.0 7.1 25.3 725.7 0.00 0 0.0 14.6 22.6 23.4 3.634  -43.2   11.6    4.3  57    3.3  11 0 0 1 1 1 0 7.2 26.5 7.1 26.8 80.0 100 100 21 408 0 144 0 401 401 400 0 0 0 60 50 AUTO 0 
b.1 2025-06-02 09:50:01.648 a 2025-06-02-09:49:59 314 332 345 2.6 3.3 3.9 7.1 25.1 725.7 0.00 0 0.0 14.5 22.6 23.4 3.634  -41.0   11.6    4.5  56    3.1  13 0 0 1 1 1 0 7.2 26.6 7.1 26.9 80.0 100 100 21 408 0 144 0 401 401 400 0 0 0 60 50 AUTO 0 
b.1 2025-06-02 09:51:02.049 a 2025-06-02-09:51:00 310 328 345 2.2 3.3 4.0 7.1 25.9 725.7 0.00 0 0.0 14.6 23.2 23.4 3.633  -40.5   11.6    4.7  57    3.3  13 0 0 1 1 1 0 7.2 27.1 7.1 27.4 80.0 100 100 21 408 0 144 0 401 401 400 0 0 0 60 50 AUTO 0 
b.1 2025-06-02 09:52:00.769 a 2025-06-02-09:51:58 298 322 339 2.0 3.2 4.1 7.0 26.1 725.7 0.00 0 0.0 14.9 24.1 24.5 3.627  -39.7   11.6    5.0  58    3.6  13 0 0 1 1 1 0 7.2 27.0 7.1 27.4 80.0 100 100 21 408 0 144 0 401 400 400 0 0 0 60 50 AUTO 0 
b.1 2025-06-02 09:53:00.851 a 2025-06-02-09:52:58 299 318 336 2.1 3.0 3.7 7.0 26.3 725.8 0.00 0 0.0 14.9 24.1 24.5 3.627  -39.5   11.6    5.0  59    3.8   5 0 0 1 1 1 0 7.2 27.5 7.1 27.7 80.0 100 100 21 408 0 144 0 401 402 399 0 0 0 60 50 AUTO 0 
b.1 2025-06-02 09:54:01.072 a 2025-06-02-09:53:58 295 314 332 2.1 3.2 3.9 7.0 26.7 725.8 0.00 0 0.0 14.8 23.3 23.4 3.634  -39.7   11.6    5.1  59    3.8   8 0 0 1 1 1 0 7.1 28.1 7.1 28.3 80.0 100 100 21 408 0 144 0 402 401 400 0 0 0 60 50 AUTO 0 
b.1 2025-06-02 09:55:01.232 a 2025-06-02-09:54:59 287 312 331 1.8 3.0 3.9 7.0 27.6 725.7 0.00 0 0.0 14.5 22.6 23.4 3.633  -39.2   11.6    4.9  59    3.8   8 0 0 1 1 1 0 7.1 28.4 7.0 28.8 80.0 100 100 21 408 0 144 0 401 401 400 0 0 0 60 50 AUTO 0 
b.1 2025-06-02 09:56:01.969 a 2025-06-02-09:55:59 004 309 274 0.3 2.8 3.8 6.9 27.7 725.8 0.00 0 0.0 14.8 23.9 23.4 3.633  -38.5   11.5    4.5  59    3.7   9 0 0 1 1 1 0 7.1 29.0 7.0 30.0 80.0 100 100 21 408 0 144 0 401 402 399 0 0 0 60 50 AUTO 0 
b.1 2025-06-02 09:57:00.713 a 2025-06-02-09:56:58 278 306 324 2.0 3.2 3.7 6.8 28.4 725.8 0.00 0 0.0 15.0 24.1 24.5 3.627  -39.2   11.5    4.8  59    3.7   9 0 0 1 1 1 0 7.1 30.1 7.0 30.8 80.0 100 100 21 408 0 144 0 402 401 400 0 0 0 60 50 AUTO 0 
b.1 2025-06-02 09:58:01.349 a 2025-06-02-09:57:59 282 302 358 0.2 2.5 3.8 6.9 29.6 725.8 0.00 0 0.0 14.9 23.8 23.4 3.633  -39.2   11.5    4.1  58    3.6   9 0 0 1 1 1 0 7.0 30.9 7.0 31.7 80.0 100 100 21 408 0 144 0 402 401 400 0 0 0 60 50 AUTO 0 
b.1 2025-06-02 09:59:00.910 a 2025-06-02-09:58:58 291 304 316 1.8 3.2 3.8 6.8 29.6 725.8 0.00 0 0.0 14.6 22.6 23.4 3.634  -38.5   11.4    4.6  59    3.6   9 0 0 1 1 1 0 7.0 31.5 6.9 32.4 80.0 100 100 22 408 0 144 0 402 401 400 0 0 0 60 50 AUTO 0 
b.1 2025-06-02 10:00:03.249 a 2025-06-02-10:00:01 291 305 321 1.8 2.8 3.3 6.7 30.7 725.7 0.00 0 0.0 14.5 22.6 23.4 3.633  -38.5   11.4    4.3  59    3.7   9 0 0 1 1 1 0 7.0 32.2 6.9 33.2 80.0 100 100 22 408 0 144 0 401 401 399 0 0 0 60 50 AUTO 0 
b.1 2025-06-02 10:01:01.009 a 2025-06-02-10:00:58 287 307 324 0.9 2.3 2.9 6.7 31.8 725.8 0.00 0 0.0 14.9 24.1 24.5 3.628  -38.4   11.3    3.7  60    3.8   9 0 0 1 1 1 0 7.0 32.9 6.9 33.6 80.0 100 100 22 408 0 144 0 402 401 400 0 0 0 60 50 AUTO 0 
b.1 2025-06-02 10:02:00.572 a 2025-06-02-10:01:58 296 308 320 1.8 2.5 2.8 6.6 30.3 725.7 0.00 0 0.0 15.1 24.1 24.4 3.627  -38.6   11.3    3.5  60    3.8   9 0 0 1 1 1 0 7.0 31.3 6.9 31.8 80.0 100 100 22 408 0 144 0 401 402 400 0 0 0 60 50 AUTO 0 
b.1 2025-06-02 10:03:01.648 a 2025-06-02-10:02:59 283 305 312 1.5 2.5 2.9 6.7 29.7 725.7 0.00 0 0.0 14.6 22.6 23.4 3.633  -37.8   11.3    3.4  60    3.9   5 0 0 1 1 1 0 7.0 31.1 6.9 31.8 80.0 100 100 22 408 0 144 0 401 401 400 0 0 0 60 50 AUTO 0 
b.1 2025-06-02 10:04:01.137 a 2025-06-02-10:03:59 290 307 317 1.6 2.5 2.8 6.6 31.2 725.7 0.00 0 0.0 14.6 22.6 23.4 3.633  -38.2   11.3    3.3  61    3.9   5 0 0 1 1 1 0 6.9 31.4 6.9 31.9 80.0 100 100 22 408 0 144 0 401 401 400 0 0 0 60 50 AUTO 0 
b.1 2025-06-02 10:05:01.638 a 2025-06-02-10:04:59 304 311 315 2.1 2.4 2.6 6.6 29.8 725.7 0.00 0 0.0 15.0 24.1 24.5 3.627  -38.2   11.2    3.1  61    4.0   7 0 0 1 1 1 0 6.9 31.6 6.9 31.8 80.0 100 100 22 408 0 144 0 401 401 400 0 0 0 60 50 AUTO 0 
b.1 2025-06-02 10:06:00.588 a 2025-06-02-10:05:58 306 312 318 2.2 2.4 2.7 6.6 29.8 725.7 0.00 0 0.0 15.1 24.1 24.5 3.627  -38.9   11.2    3.0  62    4.1   7 0 0 1 1 1 0 6.9 30.9 6.9 31.4 80.0 100 100 22 408 0 144 0 401 402 400 0 0 0 60 50 AUTO 0 
b.1 2025-06-02 10:06:59.750 a 2025-06-02-10:06:57 307 316 327 1.7 2.3 2.7 6.6 29.7 725.7 0.00 0 0.0 14.6 22.6 23.4 3.633  -38.8   11.2    3.0  62    4.2   8 0 0 1 1 1 0 6.9 30.9 6.9 31.2 80.0 100 100 22 408 0 144 0 401 401 399 0 0 0 60 50 AUTO 0 
b.1 2025-06-02 10:08:01.210 a 2025-06-02-10:07:59 307 319 326 1.6 2.2 2.4 6.6 29.4 725.7 0.00 0 0.0 14.9 24.1 24.5 3.627  -38.4   11.2    2.9  63    4.4   8 0 0 1 1 1 0 6.9 30.6 6.9 31.1 80.0 100 100 22 408 0 144 0 401 401 399 0 0 0 60 50 AUTO 0 
b.1 2025-06-02 10:09:01.713 a 2025-06-02-10:08:59 311 318 325 1.8 2.3 2.6 6.7 28.7 725.6 0.00 0 0.0 15.2 24.1 24.5 3.627  -38.9   11.2    2.9  63    4.5   8 0 0 1 1 1 0 6.9 30.3 6.9 30.8 80.0 100 100 22 408 0 144 0 401 402 400 0 0 0 60 50 AUTO 0 
b.1 2025-06-02 10:10:01.790 a 2025-06-02-10:09:59 314 320 327 2.1 2.4 2.7 6.7 29.8 725.7 0.00 0 0.0 14.7 23.3 23.4 3.633  -39.4   11.2    2.9  64    4.6   8 0 0 1 1 1 0 6.9 30.9 6.8 31.2 80.0 100 100 22 408 0 144 0 402 401 400 0 0 0 60 50 AUTO 0 
b.1 2025-06-02 10:11:01.828 a 2025-06-02-10:10:59 303 318 331 1.3 2.6 3.1 6.7 29.8 725.7 0.00 0 0.0 14.5 22.6 23.4 3.633  -39.6   11.2    3.1  64    4.7   8 0 0 1 1 1 0 6.9 31.9 6.8 32.2 80.0 100 100 22 408 0 144 0 401 402 400 0 0 0 60 50 AUTO 0 
b.1 2025-06-02 10:12:01.117 a 2025-06-02-10:11:58 309 324 336 1.5 2.6 3.1 6.7 30.0 725.7 0.00 0 0.0 15.1 24.1 24.5 3.627  -38.9   11.2    3.2  64    4.8   9 0 0 1 1 1 0 6.9 31.7 6.8 32.0 80.0 100 100 22 408 0 144 0 401 401 400 0 0 0 60 50 AUTO 0 
b.1 2025-06-02 10:13:01.109 a 2025-06-02-10:12:59 300 321 333 1.7 2.4 2.7 6.6 29.3 725.6 0.00 0 0.0 15.0 24.1 24.5 3.628  -39.5   11.3    3.2  65    4.9   9 0 0 1 1 1 0 6.9 31.5 6.8 31.9 80.0 100 100 22 408 0 144 0 401 401 400 4 4 5 60 50 AUTO 0 
b.1 2025-06-02 10:14:00.173 a 2025-06-02-10:13:58 318 323 328 2.4 2.6 2.8 6.6 28.1 725.6 0.00 0 0.0 14.7 22.6 23.4 3.633  -39.5   11.3    3.3  65    4.9   9 0 0 1 1 1 0 6.9 30.9 6.8 31.7 80.0 100 100 22 408 0 144 0 401 401 400 0 0 0 60 50 AUTO 0 
b.1 2025-06-02 10:15:01.688 a 2025-06-02-10:14:59 310 324 333 2.2 2.5 2.7 6.7 28.2 725.7 0.00 0 0.0 14.8 23.7 23.4 3.633  -39.7   11.3    3.3  65    5.1   9 0 0 1 1 1 0 6.9 30.4 6.8 31.7 80.0 100 100 21 408 0 144 0 401 401 400 0 0 0 60 50 AUTO 0 
b.1 2025-06-02 10:16:00.749 a 2025-06-02-10:15:58 316 322 327 2.1 2.3 2.5 6.7 28.0 725.7 0.00 0 0.0 15.2 24.1 24.5 3.627  -38.7   11.3    3.1  66    5.1   9 0 0 1 1 1 0 6.9 30.7 6.8 31.8 80.0 100 100 21 408 0 144 0 401 402 399 0 0 0 60 50 AUTO 0 
b.1 2025-06-02 10:17:00.467 a 2025-06-02-10:16:58 299 319 331 1.1 2.2 2.5 6.8 28.0 725.7 0.00 0 0.0 14.9 23.7 23.4 3.633  -38.7   11.3    2.9  66    5.2   9 0 0 1 1 1 0 6.9 30.8 6.8 32.0 80.0 100 100 21 408 0 144 0 401 401 400 0 0 0 60 50 AUTO 0 
b.1 2025-06-02 10:17:59.673 a 2025-06-02-10:17:57 308 318 331 2.1 2.3 2.7 6.8 28.0 725.7 0.00 0 0.0 14.6 22.6 23.4 3.633  -38.7   11.4    2.9  66    5.2   5 0 0 1 1 1 0 6.9 30.7 6.8 31.6 80.0 100 100 21 408 0 144 0 401 401 399 0 0 0 60 50 AUTO 0 
b.1 2025-06-02 10:19:00.812 a 2025-06-02-10:18:58 303 320 333 2.0 2.6 3.1 6.7 27.1 725.7 0.00 0 0.0 14.9 24.1 24.5 3.634  -39.7   11.4    3.1  66    5.2  10 0 0 1 1 1 0 6.9 30.3 6.8 31.3 80.0 100 100 21 408 0 144 0 401 401 400 0 0 0 60 50 AUTO 0 
b.1 2025-06-02 10:20:02.371 a 2025-06-02-10:20:00 314 323 330 2.2 2.7 3.1 6.8 26.5 725.7 0.00 0 0.0 15.0 24.1 24.5 3.627  -39.6   11.4    3.4  66    5.2   8 0 0 1 1 1 0 6.9 28.8 6.8 29.7 80.0 100 100 21 408 0 144 0 401 402 400 0 0 0 60 50 AUTO 0 
b.1 2025-06-02 10:20:59.848 a 2025-06-02-10:20:57 319 326 340 2.4 2.8 3.1 6.8 26.2 725.7 0.00 0 0.0 14.9 23.7 23.4 3.634  -39.8   11.4    3.5  66    5.3  10 0 0 1 1 1 0 6.9 27.7 6.8 28.2 80.0 100 100 21 408 0 144 0 401 402 400 0 0 0 60 50 AUTO 0 
b.1 2025-06-02 10:22:00.911 a 2025-06-02-10:21:58 318 328 338 1.4 2.6 2.9 6.8 26.1 725.7 0.00 0 0.0 14.6 22.6 23.4 3.633  -39.3   11.4    3.5  66    5.4  10 0 0 1 1 1 0 6.9 27.4 6.8 27.7 80.0 100 100 21 408 0 144 0 401 401 400 0 0 0 60 50 AUTO 0 
b.1 2025-06-02 10:23:01.608 a 2025-06-02-10:22:59 036 344 325 0.7 2.1 3.3 6.8 26.1 725.7 0.00 0 0.0 14.8 23.7 23.4 3.634  -39.5   11.4    3.0  66    5.3  10 0 0 1 1 1 0 6.9 27.8 6.9 28.1 80.0 100 100 21 408 0 144 0 401 401 400 0 0 0 60 50 AUTO 0 
b.1 2025-06-02 10:23:59.851 a 2025-06-02-10:23:57 019 343 318 0.8 1.8 2.3 6.8 26.3 725.7 0.00 0 0.0 15.0 24.2 24.5 3.627  -40.8   11.4    2.7  65    5.1  10 0 0 1 1 1 0 6.9 27.6 6.9 27.9 80.0 100 100 21 408 0 144 0 401 401 400 0 0 0 60 50 AUTO 0 
b.1 2025-06-02 10:25:01.779 a 2025-06-02-10:24:59 033 344 322 0.7 2.0 2.8 6.8 26.3 725.7 0.00 0 0.0 15.0 24.1 24.5 3.627  -40.5   11.4    2.6  64    4.8  10 0 0 1 1 1 0 7.0 27.7 6.8 27.9 80.0 100 100 21 408 0 144 0 401 401 399 0 0 0 60 50 AUTO 0 
b.1 2025-06-02 10:26:02.173 a 2025-06-02-10:26:00 000 337 309 0.9 2.2 3.2 6.8 26.5 725.7 0.00 0 0.0 14.7 22.6 23.4 3.633  -40.0   11.4    2.7  63    4.6  10 0 0 1 1 1 0 6.9 27.9 6.9 28.2 80.0 100 100 21 408 0 144 0 401 401 400 0 0 0 60 50 AUTO 0 
b.1 2025-06-02 10:27:02.253 a 2025-06-02-10:27:00 311 328 347 2.0 2.6 3.0 6.9 26.8 725.7 0.00 0 0.0 14.7 23.3 23.4 3.633  -39.6   11.4    3.0  63    4.6  10 0 0 1 1 1 0 7.0 27.7 6.9 28.0 80.0 100 100 21 408 0 144 0 401 401 400 0 0 0 60 50 AUTO 0 
b.1 2025-06-02 10:28:00.434 a 2025-06-02-10:27:58 328 336 344 2.5 2.8 3.3 6.8 26.2 725.7 0.00 0 0.0 14.9 24.1 24.5 3.628  -43.5   11.4    3.1  63    4.5  11 0 0 1 1 1 0 6.9 27.5 6.9 27.8 80.0 100 100 21 408 0 144 0 401 401 399 0 0 0 60 50 AUTO 0 
b.1 2025-06-02 10:29:00.749 a 2025-06-02-10:28:58 331 337 346 2.6 2.9 3.2 6.8 26.2 725.7 0.00 0 0.0 15.0 24.1 24.5 3.626  -42.1   11.4    3.2  61    4.1  11 0 0 1 1 1 0 7.0 27.3 6.9 27.7 80.0 100 100 21 408 0 144 0 401 401 399 0 0 0 60 50 AUTO 0 
b.1 2025-06-02 10:30:00.828 a 2025-06-02-10:29:58 328 339 357 2.5 2.9 3.4 6.8 26.0 725.7 0.00 0 0.0 14.8 23.7 23.4 3.633  -42.9   11.4    3.4  59    3.7  11 0 0 1 1 1 0 7.0 27.5 6.9 27.8 80.0 100 100 21 408 0 144 0 401 401 400 0 0 0 60 50 AUTO 0 
b.1 2025-06-02 10:31:01.309 a 2025-06-02-10:30:59 328 336 348 2.8 3.1 3.4 6.8 26.5 725.7 0.00 0 0.0 14.5 22.6 23.4 3.633  -42.9   11.4    3.6  58    3.5  11 0 0 1 1 1 0 7.0 27.9 6.9 28.1 80.0 100 100 21 408 0 144 0 401 402 399 0 0 0 60 50 AUTO 0 
b.1 2025-06-02 10:32:00.430 a 2025-06-02-10:31:58 325 335 343 2.7 3.2 3.5 6.8 26.5 725.7 0.00 0 0.0 14.7 23.6 23.4 3.633  -41.8   11.5    3.7  57    3.2  16 0 0 1 1 1 0 6.9 27.9 6.9 28.3 80.0 100 100 21 408 0 144 0 401 401 400 0 0 0 60 50 AUTO 0 
b.1 2025-06-02 10:33:01.710 a 2025-06-02-10:32:59 000 339 329 2.1 3.1 3.7 6.8 26.9 725.7 0.00 0 0.0 15.0 24.1 24.5 3.627  -43.1   11.5    3.8  56    3.0  12 0 0 1 1 1 0 6.9 28.1 6.9 28.4 80.0 100 100 21 408 0 144 0 401 401 400 0 0 0 60 50 AUTO 0 
b.1 2025-06-02 10:34:01.892 a 2025-06-02-10:33:59 333 341 354 3.0 3.3 3.6 6.8 26.5 725.7 0.00 0 0.0 14.9 23.7 23.4 3.634  -41.9   11.5    4.0  55    2.9  12 0 0 1 1 1 0 7.0 28.2 6.9 28.5 80.0 100 100 21 408 0 144 0 402 401 400 0 0 0 60 50 AUTO 0 
b.1 2025-06-02 10:35:02.638 a 2025-06-02-10:35:00 322 340 357 2.2 3.2 3.7 6.9 26.3 725.7 0.00 0 0.0 14.5 22.6 23.4 3.634  -43.5   11.5    4.2  55    2.7  12 0 0 1 1 1 0 6.9 28.3 6.8 28.6 80.0 100 100 21 408 0 144 0 401 401 400 0 0 0 60 50 AUTO 0 
b.1 2025-06-02 10:36:01.693 a 2025-06-02-10:35:59 013 342 309 2.0 3.2 3.9 6.8 26.8 725.7 0.00 0 0.0 14.5 22.6 23.4 3.634  -42.3   11.5    4.2  54    2.5  12 0 0 1 1 1 0 6.9 28.4 6.8 28.9 80.0 100 100 21 408 0 144 0 401 401 400 0 0 0 60 50 AUTO 0 
b.1 2025-06-02 10:37:01.346 a 2025-06-02-10:36:59 031 342 334 2.2 3.1 3.5 6.8 27.0 725.7 0.00 0 0.0 14.9 24.1 24.4 3.627  -42.3   11.5    4.1  54    2.5  12 0 0 1 1 1 0 6.9 28.9 6.8 29.3 80.0 100 100 21 408 0 144 0 401 401 399 0 0 0 60 50 AUTO 0 
b.1 2025-06-02 10:38:01.568 a 2025-06-02-10:37:59 334 339 345 2.7 3.1 3.3 6.8 26.9 725.7 0.00 0 0.0 15.0 24.2 24.4 3.627  -42.1   11.5    4.0  54    2.4  12 0 0 1 1 1 0 6.9 28.8 6.8 29.3 80.0 100 100 21 408 0 144 0 401 401 399 0 0 0 60 50 AUTO 0 
b.1 2025-06-02 10:39:00.573 a 2025-06-02-10:38:58 333 337 345 2.8 3.0 3.4 6.7 28.5 725.7 0.00 0 0.0 14.8 23.3 23.4 3.633  -40.0   11.5    3.9  53    2.3  12 0 0 1 1 1 0 6.9 29.7 6.8 30.1 80.0 100 100 21 408 0 144 0 401 401 400 0 0 0 60 50 AUTO 0 
b.1 2025-06-02 10:40:00.493 a 2025-06-02-10:39:58 330 336 348 2.3 3.1 3.4 6.7 27.9 725.7 0.00 0 0.0 14.5 22.6 23.4 3.633  -42.7   11.5    3.9  53    2.3  12 0 0 1 1 1 0 6.9 30.3 6.8 31.5 80.0 100 100 21 408 0 144 0 402 401 400 0 0 0 60 50 AUTO 0 
b.1 2025-06-02 10:41:01.091 a 2025-06-02-10:40:58 330 337 348 2.6 3.0 3.4 6.7 28.0 725.7 0.00 0 0.0 14.8 23.7 23.4 3.634  -42.9   11.5    3.8  53    2.1  12 0 0 1 1 1 0 6.9 30.6 6.8 31.8 80.0 100 100 21 408 0 144 0 401 401 400 0 0 0 60 50 AUTO 0 
b.1 2025-06-02 10:42:01.809 a 2025-06-02-10:41:59 327 337 350 2.5 3.0 3.6 6.8 27.6 725.7 0.00 0 0.0 15.0 24.1 24.5 3.628  -43.7   11.5    3.8  53    2.1  12 0 0 1 1 1 0 6.9 30.8 6.8 32.6 80.0 100 100 21 408 0 144 0 400 401 399 0 0 0 60 50 AUTO 0 
b.1 2025-06-02 10:43:00.448 a 2025-06-02-10:42:58 320 333 348 2.2 2.9 3.4 6.7 27.8 725.7 0.00 0 0.0 14.8 23.6 23.4 3.634  -41.5   11.5    3.9  54    2.4  12 0 0 1 1 1 0 6.9 30.7 6.8 31.8 80.0 100 100 21 408 0 144 0 401 401 400 0 0 0 60 50 AUTO 0 
b.1 2025-06-02 10:44:00.951 a 2025-06-02-10:43:58 323 331 347 2.5 3.2 3.6 6.7 28.1 725.7 0.00 0 0.0 14.5 22.6 23.4 3.634  -40.2   11.5    4.2  55    2.7  12 0 0 1 1 1 0 6.9 30.6 6.7 31.2 80.0 100 100 21 408 0 144 0 401 401 400 0 0 0 60 50 AUTO 0 
b.1 2025-06-02 10:45:02.151 a 2025-06-02-10:45:00 307 331 342 1.9 3.0 3.4 6.7 28.8 725.7 0.00 0 0.0 14.8 23.7 23.4 3.634  -39.7   11.5    4.1  56    3.1  12 0 0 1 1 1 0 6.9 31.1 6.7 31.5 80.0 100 100 21 408 0 144 0 401 402 400 0 0 0 60 50 AUTO 0 
b.1 2025-06-02 10:46:00.052 a 2025-06-02-10:45:57 322 332 339 2.4 2.8 3.1 6.7 30.5 725.7 0.00 0 0.0 15.1 24.1 24.5 3.627  -39.0   11.5    3.8  57    3.3   9 0 0 1 1 1 0 6.8 31.3 6.7 31.9 80.0 100 100 21 408 0 144 0 401 401 400 0 0 0 60 50 AUTO 0 
b.1 2025-06-02 10:47:00.311 a 2025-06-02-10:46:58 327 332 336 2.5 2.7 3.0 6.7 31.2 725.7 0.00 0 0.0 14.9 23.7 23.4 3.633  -39.6   11.5    3.8  58    3.5  10 0 0 1 1 1 0 6.8 32.1 6.7 34.6 80.0 100 100 21 408 0 144 0 401 401 399 0 0 0 60 50 AUTO 0 
b.1 2025-06-02 10:48:00.592 a 2025-06-02-10:47:58 320 329 337 2.1 2.6 3.0 6.7 33.7 725.7 0.00 0 0.0 14.6 22.6 23.4 3.634  -39.7   11.5    3.8  60    4.0  10 0 0 1 1 1 0 6.8 32.9 6.6 35.8 80.0 100 100 21 408 0 144 0 401 401 400 0 0 0 60 50 AUTO 0 
b.1 2025-06-02 10:49:00.190 a 2025-06-02-10:48:58 315 326 335 2.3 2.6 2.8 6.7 35.5 725.7 0.00 0 0.0 14.6 22.7 23.4 3.633  -39.4   11.5    3.8  61    4.2  10 0 0 1 1 1 0 6.8 33.9 6.6 36.0 80.0 100 100 21 408 0 144 0 402 401 400 0 0 0 60 50 AUTO 0 
b.1 2025-06-02 10:50:01.598 a 2025-06-02-10:49:59 316 328 333 2.0 2.5 2.9 6.7 42.5 725.7 0.00 0 0.0 15.0 24.1 24.5 3.627  -39.3   11.5    3.7  62    4.5  10 0 0 1 1 1 0 6.7 34.9 6.6 36.7 80.0 100 100 21 408 0 144 0 401 401 399 0 0 0 60 50 AUTO 0 
b.1 2025-06-02 10:51:01.809 a 2025-06-02-10:50:59 325 330 336 2.5 2.7 3.0 6.7 48.4 725.7 0.00 0 0.0 15.0 24.1 24.5 3.633  -40.0   11.5    3.7  63    4.7  10 0 0 1 1 1 0 6.7 36.9 6.6 38.9 80.0 100 100 21 408 0 144 0 401 401 399 0 0 0 60 50 AUTO 0 
b.1 2025-06-02 10:52:00.969 a 2025-06-02-10:51:58 322 331 336 2.0 2.8 3.1 6.7 49.1 725.7 0.00 0 0.0 14.7 23.3 23.4 3.633  -39.8   11.5    3.6  63    4.7  10 0 0 1 1 1 0 6.7 40.0 6.6 40.7 80.0 100 100 22 408 0 144 0 401 401 399 0 0 0 60 50 AUTO 0 
b.1 2025-06-02 10:53:00.729 a 2025-06-02-10:52:58 329 334 336 2.8 3.0 3.2 6.6 49.2 725.7 0.00 0 0.0 14.6 22.6 23.4 3.633  -40.2   11.5    3.7  63    4.7  10 0 0 1 1 1 0 6.8 43.1 6.6 44.3 80.0 100 100 22 408 0 144 0 401 401 399 0 0 0 60 50 AUTO 0 
b.1 2025-06-02 10:54:00.569 a 2025-06-02-10:53:58 331 334 337 2.9 3.1 3.3 6.6 54.3 725.6 0.00 0 0.0 14.7 23.7 23.4 3.634  -40.4   11.5    3.8  62    4.5  10 0 0 1 1 1 0 6.8 45.5 6.6 46.0 80.0 100 100 22 408 0 144 0 401 402 400 0 0 0 60 50 AUTO 0 
b.1 2025-06-02 10:55:01.630 a 2025-06-02-10:54:59 332 334 337 3.0 3.1 3.3 6.6 52.1 725.6 0.00 0 0.0 15.0 24.1 24.5 3.627  -41.5   11.4    3.9  61    4.3  11 0 0 1 1 1 0 6.8 47.2 6.7 48.0 80.0 100 100 22 408 0 144 0 401 401 400 0 0 0 60 50 AUTO 0 
b.1 2025-06-02 10:56:00.309 a 2025-06-02-10:55:58 330 335 337 3.0 3.1 3.3 6.6 50.8 725.7 0.00 0 0.0 14.8 23.6 23.4 3.634  -40.8   11.4    3.9  61    4.1  12 0 0 1 1 1 0 6.8 48.3 6.7 48.6 80.0 100 100 22 408 0 144 0 401 401 399 0 0 0 60 50 AUTO 0 
b.1 2025-06-02 10:57:00.911 a 2025-06-02-10:56:58 333 336 338 2.8 3.0 3.1 6.5 52.8 725.6 0.00 0 0.0 14.5 22.6 23.4 3.633  -43.7   11.4    3.9  60    4.0  13 0 0 1 1 1 0 6.8 49.1 6.7 49.7 80.0 100 100 22 408 0 144 2 401 402 400 3 2 2 60 50 AUTO 0 
b.1 2025-06-02 10:58:01.128 a 2025-06-02-10:57:58 333 336 339 2.7 2.9 3.1 6.5 51.5 725.6 0.00 0 0.0 14.6 22.6 23.4 3.634  -43.4   11.4    3.8  60    3.9  13 0 0 1 1 1 0 6.8 50.6 6.7 50.7 80.0 100 100 22 408 0 144 0 401 401 400 0 0 0 60 50 AUTO 0 
b.1 2025-06-02 10:59:01.109 a 2025-06-02-10:58:58 333 336 339 2.7 2.8 3.1 6.4 54.8 725.6 0.00 0 0.0 15.1 24.1 24.5 3.626  -42.5   11.4    3.7  60    4.0  13 0 0 1 1 1 0 6.8 53.1 6.7 53.1 80.0 100 100 22 408 0 144 0 401 401 400 0 0 0 60 50 AUTO 0 
b.1 2025-06-02 11:00:01.369 a 2025-06-02-10:59:59 329 336 340 2.4 2.8 3.0 6.4 60.2 725.7 0.00 0 0.0 14.9 23.6 23.4 3.634  -41.4   11.4    3.6  60    4.1  13 0 0 1 1 1 0 6.8 54.6 6.7 53.9 80.0 100 100 22 408 0 144 0 401 401 399 0 0 0 60 50 AUTO 0 
b.1 2025-06-02 11:01:01.490 a 2025-06-02-11:00:59 331 334 337 2.8 3.0 3.2 6.4 60.1 725.7 0.00 0 0.0 14.5 22.6 23.4 3.633  -40.0   11.5    3.8  61    4.2  13 0 0 1 1 1 0 6.8 57.0 6.7 57.4 80.0 100 100 22 408 0 144 0 401 401 400 0 0 0 60 50 AUTO 0 
b.1 2025-06-02 11:02:01.111 a 2025-06-02-11:01:58 318 331 335 2.7 3.0 3.3 6.4 54.9 725.7 0.00 0 0.0 14.6 23.3 23.4 3.633  -40.9   11.4    4.1  62    4.3  13 0 0 1 1 1 0 6.8 56.9 6.7 57.1 80.0 100 100 22 408 0 144 2 402 401 400 0 3 0 60 50 AUTO 0 
b.1 2025-06-02 11:03:01.973 a 2025-06-02-11:02:59 317 330 342 2.4 3.1 3.3 6.3 52.3 725.7 0.00 0 0.0 14.8 24.1 24.5 3.634  -40.2   11.4    4.3  63    4.6  13 0 0 1 1 1 0 6.8 55.4 6.7 56.3 80.0 100 100 22 408 0 144 2 401 402 400 2 4 3 60 50 AUTO 0 
b.1 2025-06-02 11:03:59.071 a 2025-06-02-11:03:56 321 328 337 2.1 3.0 3.3 6.3 49.4 725.7 0.00 0 0.0 15.1 24.0 24.5 3.627  -40.1   11.4    4.5  64    4.9   0 0 0 1 1 1 0 6.8 53.1 6.7 54.4 80.0 100 100 22 408 0 144 2 401 401 399 0 3 0 60 50 AUTO 0 
b.1 2025-06-02 11:05:01.190 a 2025-06-02-11:04:59 317 325 335 2.4 2.9 3.3 6.4 47.3 725.7 0.00 0 0.0 14.8 23.2 23.4 3.633  -39.5   11.4    4.6  65    5.0  11 0 0 1 1 1 0 6.8 52.0 6.7 52.8 80.0 100 100 22 408 0 144 2 401 401 400 0 3 0 60 50 AUTO 0 
b.1 2025-06-02 11:06:02.153 a 2025-06-02-11:05:59 301 322 337 2.3 2.6 2.9 6.4 55.4 725.7 0.00 0 0.0 14.5 22.6 23.4 3.633  -39.3   11.4    4.3  65    5.1   9 0 0 1 1 1 0 6.8 53.7 6.7 54.3 80.0 100 100 22 408 0 144 2 401 401 399 0 3 0 60 50 AUTO 0 
b.1 2025-06-02 11:07:02.509 a 2025-06-02-11:07:00 309 319 324 2.1 2.4 2.8 6.4 56.3 725.7 0.00 0 0.0 14.8 23.7 23.4 3.635  -38.9   11.4    3.8  65    5.2   9 0 0 1 1 1 0 6.8 55.6 6.7 56.3 80.0 100 100 22 408 0 144 2 402 401 400 0 3 0 60 50 AUTO 0 
b.1 2025-06-02 11:08:01.229 a 2025-06-02-11:07:59 313 321 328 1.8 2.1 2.4 6.4 57.1 725.7 0.00 0 0.0 15.2 24.1 24.5 3.627  -38.7   11.4    3.3  66    5.2   9 0 0 1 1 1 0 6.8 56.6 6.7 57.5 80.0 100 100 22 408 0 144 0 401 401 400 0 0 0 60 50 AUTO 0 
b.1 2025-06-02 11:09:00.289 a 2025-06-02-11:08:58 314 322 327 1.4 1.7 2.0 6.4 63.6 725.7 0.00 0 0.0 14.7 23.6 23.4 3.633  -38.4   11.4    2.8  66    5.3   9 0 0 1 1 1 0 6.8 58.4 6.6 59.8 80.0 100 100 22 408 0 144 11 401 401 400 0 0 0 60 50 AUTO 0 
b.1 2025-06-02 11:10:00.407 a 2025-06-02-11:09:58 317 324 330 1.2 1.4 1.6 6.4 62.4 725.7 0.00 0 0.0 14.9 24.1 24.5 3.628  -38.3   11.4    2.5  66    5.3   9 0 0 1 1 1 0 6.8 59.9 6.6 60.5 80.0 100 100 21 408 0 144 0 401 401 400 0 0 0 60 50 AUTO 0 
b.1 2025-06-02 11:11:00.588 a 2025-06-02-11:10:58 314 319 322 1.4 1.5 1.6 6.5 58.1 725.7 0.00 0 0.0 15.2 24.1 24.5 3.627  -37.9   11.3    2.4  67    5.4   9 0 0 1 1 1 0 6.7 60.7 6.6 62.1 80.0 100 100 21 408 0 144 0 401 401 400 0 0 0 60 50 AUTO 0 
b.1 2025-06-02 11:12:01.549 a 2025-06-02-11:11:59 304 311 319 1.4 1.7 2.1 6.4 55.3 725.7 0.00 0 0.0 14.8 23.7 23.4 3.633  -37.1   11.4    2.4  67    5.4   5 0 0 1 1 1 0 6.7 62.0 6.6 63.3 80.0 100 100 21 408 0 144 0 401 401 400 0 0 0 60 50 AUTO 0 
b.1 2025-06-02 11:13:00.371 a 2025-06-02-11:12:58 301 306 310 1.8 2.1 2.4 6.5 50.4 725.7 0.00 0 0.0 14.7 23.3 23.4 3.634  -37.0   11.3    2.5  67    5.4   5 0 0 1 1 1 0 6.7 61.8 6.6 62.8 80.0 100 100 21 408 0 144 0 401 401 400 0 0 0 60 50 AUTO 0 
b.1 2025-06-02 11:14:01.509 a 2025-06-02-11:13:59 302 306 310 2.0 2.2 2.4 6.6 50.6 725.7 0.00 0 0.0 14.9 24.1 24.5 3.628  -37.2   11.3    2.6  67    5.4   6 0 0 1 1 1 0 6.7 60.6 6.6 61.8 80.0 100 100 21 408 0 144 0 401 401 400 0 0 0 60 50 AUTO 0 
b.1 2025-06-02 11:15:01.947 a 2025-06-02-11:14:59 305 308 312 2.2 2.3 2.5 6.7 52.7 725.7 0.00 0 0.0 15.2 24.1 24.5 3.626  -37.8   11.3    2.7  67    5.4   7 0 0 1 1 1 0 6.7 60.7 6.6 62.0 80.0 100 100 21 408 0 144 0 401 401 399 0 0 0 60 50 AUTO 0 
b.1 2025-06-02 11:16:00.730 a 2025-06-02-11:15:58 300 309 324 2.2 2.6 3.2 6.7 62.3 725.7 0.00 0 0.0 14.7 22.7 23.4 3.633  -38.2   11.3    2.9  67    5.4   8 0 0 1 1 1 0 6.7 63.1 6.6 63.8 80.0 100 100 21 408 0 144 0 401 401 399 0 0 0 60 50 AUTO 0 
b.1 2025-06-02 11:17:01.549 a 2025-06-02-11:16:59 296 312 331 2.1 3.0 3.5 6.7 67.4 725.8 0.00 0 0.0 14.4 22.6 23.4 3.633  -38.8   11.3    3.3  67    5.4   8 0 0 1 1 1 0 6.8 66.1 6.6 66.6 80.0 100 100 21 408 0 144 0 401 401 400 0 0 0 60 50 AUTO 0 
b.1 2025-06-02 11:18:00.131 a 2025-06-02-11:17:57 306 312 329 2.1 3.3 3.5 6.7 62.5 725.8 0.00 0 0.0 14.7 23.3 23.4 3.633  -38.9   11.3    3.8  67    5.5   8 0 0 1 1 1 0 6.8 67.3 6.6 69.1 80.0 100 100 21 408 0 144 0 400 401 400 0 0 0 60 50 AUTO 0 
b.1 2025-06-02 11:19:00.088 a 2025-06-02-11:18:57 300 310 335 2.0 3.3 3.7 6.5 52.8 725.8 0.00 0 0.0 14.9 23.9 23.4 3.634  -38.6   11.3    4.2  68    5.5   8 0 0 1 1 1 0 6.8 64.2 6.6 66.2 80.0 100 100 21 408 0 144 11 401 401 400 4 4 5 60 50 AUTO 0 
b.1 2025-06-02 11:20:02.536 a 2025-06-02-11:20:00 290 307 324 2.4 3.1 3.6 6.4 55.7 725.8 0.00 0 0.0 14.9 23.9 23.4 3.633  -38.5   11.3    4.4  68    5.5   8 0 0 1 1 1 0 6.8 59.9 6.6 61.5 80.0 100 100 21 408 0 144 0 401 401 400 0 0 0 60 50 AUTO 0 
b.1 2025-06-02 11:21:01.673 a 2025-06-02-11:20:59 295 308 317 2.6 3.2 3.7 6.3 54.8 725.8 0.00 0 0.0 14.8 23.7 23.4 3.634  -38.4   11.2    4.5  67    5.4   8 0 0 1 1 1 0 6.8 57.9 6.7 59.0 80.0 100 100 21 408 0 145 0 401 401 399 0 0 0 60 50 AUTO 0 
b.1 2025-06-02 11:22:01.073 a 2025-06-02-11:21:58 279 307 336 2.0 3.0 3.6 6.2 57.7 725.8 0.00 0 0.0 14.7 23.3 23.4 3.633  -38.4   11.2    4.5  67    5.4   8 0 0 1 1 1 0 6.7 57.0 6.7 58.3 80.0 100 100 21 408 0 145 0 400 401 399 0 0 0 60 50 AUTO 0 
b.1 2025-06-02 11:23:01.811 a 2025-06-02-11:22:59 294 305 314 2.6 3.2 3.5 6.2 50.7 725.8 0.00 0 0.0 14.7 23.2 23.4 3.633  -38.7   11.2    4.7  67    5.3   8 0 0 1 1 1 0 6.8 55.9 6.8 57.1 80.0 100 100 21 408 0 145 0 401 401 399 0 0 0 60 50 AUTO 0 
b.1 2025-06-02 11:24:00.809 a 2025-06-02-11:23:58 292 301 310 2.6 3.3 3.6 6.2 55.5 725.8 0.00 0 0.0 14.7 23.3 23.4 3.633  -38.2   11.2    4.8  67    5.3   8 0 0 1 1 1 0 6.8 55.3 6.8 56.3 80.0 100 100 21 408 0 145 0 401 401 400 0 0 0 60 50 AUTO 0 
b.1 2025-06-02 11:25:02.513 a 2025-06-02-11:25:00 276 295 313 1.8 3.2 3.8 6.2 65.3 725.8 0.00 0 0.0 14.8 23.8 23.6 3.632  -38.1   11.1    4.8  67    5.2   8 0 0 1 1 1 0 6.9 56.0 6.8 56.6 80.0 100 100 21 408 0 145 0 401 401 399 0 0 0 60 50 AUTO 0 
b.1 2025-06-02 11:26:00.592 a 2025-06-02-11:25:58 275 288 302 2.6 3.6 3.9 6.2 65.3 725.8 0.00 0 0.0 14.9 24.0 23.4 3.633  -37.9   11.1    5.4  67    5.2   8 0 0 1 1 1 0 6.8 59.0 6.8 59.0 80.0 100 100 21 408 0 145 0 401 401 399 0 0 0 60 50 AUTO 0 
b.1 2025-06-02 11:27:01.809 a 2025-06-02-11:26:59 275 284 296 3.1 3.6 3.9 6.2 73.8 725.8 0.00 0 0.0 14.9 23.9 23.4 3.633  -37.6   11.0    5.9  67    5.2   8 0 0 1 1 1 0 6.8 63.2 6.8 62.3 80.0 100 100 21 408 0 145 0 401 401 399 0 0 0 60 50 AUTO 0 
b.1 2025-06-02 11:28:00.951 a 2025-06-02-11:27:58 278 281 286 3.5 3.7 3.9 6.2 67.2 725.8 0.00 0 0.0 14.7 22.6 23.4 3.634  -37.2   11.0    6.1  68    5.2   8 0 0 1 1 1 0 6.8 66.2 6.8 66.4 80.0 100 100 21 408 0 145 0 401 401 400 0 0 0 60 50 AUTO 0 
b.1 2025-06-02 11:29:01.457 a 2025-06-02-11:28:59 275 278 283 3.5 3.7 4.1 6.0 55.4 725.7 0.00 0 0.0 14.5 22.6 23.4 3.633  -37.2   11.0    6.1  68    5.3   8 0 0 1 1 1 0 6.8 67.0 6.7 67.6 80.0 100 100 21 408 0 145 0 400 401 399 0 0 0 60 50 AUTO 0 
b.1 2025-06-02 11:30:01.753 a 2025-06-02-11:29:59 278 279 282 3.6 3.8 4.0 6.2 55.4 725.8 0.00 0 0.0 14.6 22.6 23.4 3.634  -37.1   11.0    6.2  68    5.4   8 0 0 1 1 1 0 6.8 67.0 6.8 67.8 80.0 100 100 21 408 0 145 0 401 401 400 0 0 0 60 50 AUTO 0 
b.1 2025-06-02 11:31:00.194 a 2025-06-02-11:30:58 272 280 285 2.9 3.9 4.1 6.3 56.1 725.8 0.00 0 0.0 15.0 24.1 24.5 3.627  -37.2   10.9    6.4  69    5.4   8 0 0 1 1 1 0 6.8 67.4 6.7 68.1 80.0 100 100 21 408 0 145 0 401 401 400 0 0 0 60 50 AUTO 0 
b.1 2025-06-02 11:32:01.911 a 2025-06-02-11:31:59 277 280 282 3.7 3.9 4.1 6.4 63.6 725.8 0.00 0 0.0 14.9 23.9 23.4 3.633  -37.4   10.9    6.5  69    5.5   8 0 0 1 1 1 0 6.8 67.5 6.8 68.2 80.0 100 100 21 408 0 145 0 402 401 400 0 0 0 60 50 AUTO 0 
b.1 2025-06-02 11:33:01.555 a 2025-06-02-11:32:59 276 278 281 3.7 3.9 4.1 6.5 61.8 725.8 0.00 0 0.0 14.5 22.6 23.4 3.633  -37.3   10.9    6.6  69    5.5   8 0 0 1 1 1 0 6.8 67.8 6.8 68.7 80.0 100 100 21 408 0 145 0 401 401 399 0 0 0 60 50 AUTO 0 
b.1 2025-06-02 11:34:01.072 a 2025-06-02-11:33:58 270 277 279 2.8 3.8 4.2 6.5 63.0 725.8 0.00 0 0.0 14.5 22.6 23.4 3.633  -37.7   10.9    6.6  69    5.5   8 0 0 1 1 1 0 6.8 68.2 6.8 69.1 80.0 100 100 21 408 0 145 0 401 401 400 0 0 0 60 50 AUTO 0 
b.1 2025-06-02 11:35:00.933 a 2025-06-02-11:34:58 270 276 282 3.0 3.9 4.2 6.4 60.6 725.8 0.00 0 0.0 14.8 23.7 23.4 3.635  -37.3   10.9    6.7  70    5.6   8 0 0 1 1 1 0 6.8 68.1 6.8 69.1 80.0 100 100 21 408 0 145 0 401 401 399 0 0 0 60 50 AUTO 0 
b.1 2025-06-02 11:36:02.032 a 2025-06-02-11:35:59 273 276 278 2.6 3.9 4.1 6.4 61.4 725.8 0.00 0 0.0 14.9 24.1 24.5 3.626  -37.5   10.8    6.7  70    5.6   8 0 0 1 1 1 0 6.8 67.6 6.8 68.6 80.0 100 100 21 408 0 145 0 401 401 399 0 0 0 60 50 AUTO 0 
b.1 2025-06-02 11:37:00.914 a 2025-06-02-11:36:58 270 277 304 2.5 4.1 4.5 6.4 58.3 725.8 0.00 0 0.0 14.8 23.6 23.4 3.633  -37.6   10.8    7.0  70    5.6   8 0 0 1 1 1 0 6.8 67.1 6.8 67.9 80.0 100 100 21 408 0 145 0 401 401 400 0 0 0 60 50 AUTO 0 
b.1 2025-06-02 11:38:02.250 a 2025-06-02-11:38:00 275 278 281 4.1 4.3 4.5 6.6 48.6 725.8 0.00 0 0.0 14.5 22.6 23.4 3.633  -37.2   10.8    7.2  70    5.6   8 0 0 1 1 1 0 6.8 64.4 6.8 65.4 80.0 100 100 21 408 0 145 0 401 401 399 0 0 0 60 50 AUTO 0 
b.1 2025-06-02 11:39:01.130 a 2025-06-02-11:38:58 274 278 281 3.4 4.2 4.5 6.6 48.2 725.8 0.00 0 0.0 14.5 22.6 23.4 3.633  -37.0   10.8    7.2  70    5.6   8 0 0 1 1 1 0 6.9 62.1 6.8 63.2 80.0 100 100 21 408 0 145 0 401 401 399 0 0 0 60 50 AUTO 0 
b.1 2025-06-02 11:40:01.438 a 2025-06-02-11:39:59 274 277 280 3.6 4.3 4.6 6.6 34.2 725.8 0.00 0 0.0 14.9 23.9 23.4 3.633  -37.1   10.8    7.2  70    5.6   8 0 0 1 1 1 0 6.9 60.3 6.8 61.3 80.0 100 100 21 408 0 145 0 401 401 400 0 0 0 60 50 AUTO 0 
b.1 2025-06-02 11:41:02.069 a 2025-06-02-11:40:59 275 277 286 3.5 4.4 4.7 6.8 32.4 725.8 0.00 0 0.0 14.9 24.1 24.5 3.627  -36.9   10.8    7.1  70    5.7   9 0 0 1 1 1 0 6.9 56.5 6.8 58.0 80.0 100 100 21 408 0 145 0 401 401 400 0 0 0 60 50 AUTO 0 
b.1 2025-06-02 11:42:01.551 a 2025-06-02-11:41:59 274 278 289 3.9 4.5 4.7 7.0 25.5 725.8 0.00 0 0.0 14.8 23.3 23.4 3.633  -36.8   10.8    7.1  70    5.7  10 0 0 1 1 1 0 6.9 52.3 6.9 53.7 80.0 100 100 21 408 0 145 0 401 401 399 0 0 0 60 50 AUTO 0 
b.1 2025-06-02 11:43:00.874 a 2025-06-02-11:42:58 276 282 300 3.3 4.3 4.5 7.3 41.4 725.8 0.00 0 0.0 14.5 22.6 23.4 3.632  -37.0   10.9    7.0  70    5.7  10 0 0 1 1 1 0 7.0 56.0 6.9 55.2 80.0 100 100 22 408 0 145 0 401 402 399 0 0 0 60 50 AUTO 0 
b.1 2025-06-02 11:44:01.631 a 2025-06-02-11:43:59 272 282 355 0.7 3.9 4.5 7.2 42.9 725.8 0.00 0 0.0 14.6 22.6 23.4 3.633  -37.1   10.9    6.5  70    5.7  10 0 0 1 1 1 0 7.0 56.8 6.9 57.5 80.0 100 100 22 408 0 145 0 402 400 400 0 0 0 60 50 AUTO 0 
b.1 2025-06-02 11:45:00.493 a 2025-06-02-11:44:58 269 279 286 3.5 4.2 4.4 7.2 29.9 725.8 0.00 0 0.0 14.8 23.7 23.4 3.633  -37.0   10.9    6.7  70    5.7  10 0 0 1 1 1 0 7.0 57.2 7.0 57.7 80.0 100 100 22 408 0 145 0 402 401 400 0 0 0 60 50 AUTO 0 
b.1 2025-06-02 11:46:01.173 a 2025-06-02-11:45:59 270 276 285 2.9 4.0 4.5 7.2 23.3 725.8 0.00 0 0.0 14.9 24.1 24.5 3.633  -37.7   10.9    6.5  70    5.7  10 0 0 1 1 1 0 7.0 57.4 7.0 57.6 80.0 100 100 22 408 0 145 0 401 401 399 0 0 0 60 50 AUTO 0 
b.1 2025-06-02 11:47:00.030 a 2025-06-02-11:46:57 269 278 297 1.9 4.0 4.3 7.2 27.7 725.8 0.00 0 0.0 15.0 24.0 24.5 3.626  -38.0   11.0    6.7  70    5.7  10 0 0 1 1 1 0 7.1 57.3 7.0 57.6 80.0 100 100 22 408 0 145 0 401 402 399 0 0 0 60 50 AUTO 0 
b.1 2025-06-02 11:47:59.831 a 2025-06-02-11:47:57 270 287 310 1.2 4.0 4.8 7.2 60.9 725.8 0.00 0 0.0 14.7 23.2 23.4 3.633  -38.0   11.0    7.0  70    5.7  10 0 0 1 1 1 0 7.0 57.7 7.0 58.0 80.0 100 100 22 408 0 145 0 401 401 400 0 0 0 60 50 AUTO 0 
b.1 2025-06-02 11:49:01.450 a 2025-06-02-11:48:59 267 287 306 0.8 4.0 5.0 7.0 66.6 725.8 0.00 0 0.0 14.6 22.6 23.4 3.633  -38.4   11.0    7.5  70    5.7  10 0 0 1 1 1 0 7.0 57.8 7.0 58.5 80.0 100 100 22 408 0 145 0 401 401 399 0 0 0 60 50 AUTO 0 
b.1 2025-06-02 11:50:01.572 a 2025-06-02-11:49:59 255 285 301 1.6 3.9 4.8 6.8 66.7 725.8 0.00 0 0.0 14.6 22.6 23.4 3.634  -37.8   11.0    7.9  70    5.7  10 0 0 1 1 1 0 7.1 58.4 7.0 59.4 80.0 100 100 22 408 0 145 0 401 401 400 0 0 0 60 50 AUTO 0 
b.1 2025-06-02 11:51:00.632 a 2025-06-02-11:50:58 265 280 290 1.9 3.7 4.1 6.5 56.6 725.8 0.00 0 0.0 14.8 23.3 23.4 3.633  -36.6   11.0    7.2  70    5.7  10 0 0 1 1 1 0 7.1 58.0 7.0 58.7 80.0 100 100 22 408 0 145 0 401 401 399 0 0 0 60 50 AUTO 0 
b.1 2025-06-02 11:52:01.315 a 2025-06-02-11:51:59 273 277 284 2.9 3.6 3.8 6.5 40.5 725.8 0.00 0 0.0 14.9 24.1 24.5 3.633  -36.2   11.0    6.6  70    5.7  10 0 0 1 1 1 0 7.1 60.9 7.0 61.7 80.0 100 100 22 408 0 145 0 401 401 399 0 0 0 60 50 AUTO 0 
b.1 2025-06-02 11:53:00.411 a 2025-06-02-11:52:58 274 278 295 2.7 3.8 4.3 6.5 44.9 725.8 0.00 0 0.0 15.0 24.1 24.5 3.627  -36.8   10.9    6.3  70    5.7  10 0 0 1 1 1 0 7.1 59.8 7.0 60.8 80.0 100 100 22 408 0 145 0 402 401 400 0 0 0 60 50 AUTO 0 
b.1 2025-06-02 11:54:00.711 a 2025-06-02-11:53:58 274 290 311 2.2 4.3 5.2 6.7 66.2 725.8 0.00 0 0.0 14.6 22.6 23.4 3.633  -39.1   10.9    7.3  70    5.7  10 0 0 1 1 1 0 7.1 61.9 7.0 62.3 80.0 100 100 22 408 0 145 0 402 401 399 0 0 0 60 50 AUTO 0 
b.1 2025-06-02 11:55:02.141 a 2025-06-02-11:54:59 274 296 322 1.2 3.4 4.7 6.7 70.8 725.8 0.00 0 0.0 14.5 22.6 23.4 3.632  -37.9   10.9    6.2  70    5.7  10 0 0 1 1 1 0 7.1 65.4 7.0 66.2 80.0 100 100 22 408 0 145 0 400 401 399 0 0 0 60 50 AUTO 0 
b.1 2025-06-02 11:56:00.655 a 2025-06-02-11:55:58 278 298 322 1.7 3.5 4.3 6.5 72.8 725.8 0.00 0 0.0 14.7 23.8 23.4 3.634  -37.8   10.9    6.0  70    5.7  10 0 0 1 1 1 0 7.0 69.7 7.0 69.1 80.0 100 100 22 408 0 145 0 402 401 400 0 0 0 60 50 AUTO 0 
b.1 2025-06-02 11:57:01.433 a 2025-06-02-11:56:59 282 301 350 1.3 3.1 4.0 6.4 74.2 725.8 0.00 0 0.0 15.1 24.1 24.5 3.627  -37.1   10.9    5.4  70    5.6  10 0 0 1 1 1 0 7.0 71.2 7.0 71.6 80.0 100 100 22 408 0 145 0 401 401 399 0 0 0 60 50 AUTO 0 
b.1 2025-06-02 11:58:01.232 a 2025-06-02-11:57:59 272 299 317 1.0 3.8 4.8 6.2 74.0 725.8 0.00 0 0.0 14.5 22.6 23.4 3.633  -37.7   10.8    6.3  70    5.6  10 0 0 1 1 1 0 7.0 73.1 7.0 73.6 80.0 100 100 22 408 0 145 0 402 401 400 0 0 0 60 50 AUTO 0 
b.1 2025-06-02 11:59:01.398 a 2025-06-02-11:58:59 276 299 324 0.6 3.1 4.3 6.1 74.0 725.8 0.00 0 0.0 14.4 22.6 23.4 3.633  -37.6   10.8    5.8  70    5.5  10 0 0 1 1 1 0 7.0 73.7 7.0 74.2 80.0 100 100 22 408 0 145 0 401 401 399 0 0 0 60 50 AUTO 0 
b.1 2025-06-02 12:00:02.072 a 2025-06-02-11:59:59 276 303 339 1.1 2.5 3.8 6.1 73.8 725.8 0.00 0 0.0 14.9 24.2 24.5 3.633  -36.7   10.8    4.6  70    5.5  10 0 0 1 1 1 0 7.0 74.0 6.9 74.8 80.0 100 100 22 408 0 145 0 401 401 399 0 0 0 60 50 AUTO 0 
b.1 2025-06-02 12:01:00.934 a 2025-06-02-12:00:58 284 307 341 1.4 2.8 3.8 6.0 73.8 725.8 0.00 0 0.0 14.9 23.6 23.4 3.633  -36.8   10.7    4.7  70    5.5  10 0 0 1 1 1 0 7.0 74.6 6.9 75.2 80.0 100 100 22 408 0 145 0 400 402 399 0 0 0 60 50 AUTO 0 
b.1 2025-06-02 12:02:02.213 a 2025-06-02-12:02:00 290 306 341 1.4 2.5 3.5 6.0 73.8 725.8 0.00 0 0.0 14.4 22.6 23.4 3.633  -36.1   10.7    4.3  70    5.5   5 0 0 1 1 1 0 7.0 74.8 7.0 75.8 80.0 100 100 22 408 0 145 0 401 401 399 0 0 0 60 50 AUTO 0 
b.1 2025-06-02 12:03:01.315 a 2025-06-02-12:02:59 282 310 334 1.9 2.7 3.5 5.8 74.4 725.8 0.00 0 0.0 14.9 24.1 24.4 3.628  -36.4   10.7    4.3  70    5.5  11 0 0 1 1 1 0 7.0 74.7 6.9 75.8 80.0 100 100 21 408 0 145 0 401 401 399 0 0 0 60 50 AUTO 0 
b.1 2025-06-02 12:04:01.717 a 2025-06-02-12:03:59 281 307 347 0.5 2.4 3.7 5.8 74.0 725.8 0.00 0 0.0 15.0 24.1 24.5 3.627  -35.8   10.6    3.9  70    5.4   9 0 0 1 1 1 0 7.0 74.9 6.9 75.9 80.0 100 100 21 408 0 145 0 401 401 400 0 0 0 60 50 AUTO 0 
b.1 2025-06-02 12:05:01.538 a 2025-06-02-12:04:59 268 309 331 0.6 2.7 3.8 5.8 73.9 725.8 0.00 0 0.0 14.5 22.6 23.4 3.634  -36.4   10.6    3.9  70    5.4   9 0 0 1 1 1 0 7.0 74.7 6.9 75.6 80.0 100 100 21 408 0 145 0 401 401 400 0 0 0 60 50 AUTO 0 
b.1 2025-06-02 12:06:00.401 a 2025-06-02-12:05:58 040 310 281 0.6 2.7 3.8 5.7 73.9 725.9 0.00 0 0.0 14.7 23.3 23.4 3.633  -35.9   10.5    3.7  70    5.4   9 0 0 1 1 1 0 6.9 74.3 6.9 75.2 80.0 100 100 21 408 0 145 0 401 402 399 0 0 0 60 50 AUTO 0 
b.1 2025-06-02 12:07:01.036 a 2025-06-02-12:06:58 279 307 339 1.3 2.8 3.7 5.7 70.9 725.8 0.00 0 0.0 15.0 24.1 24.4 3.627  -36.6   10.5    3.9  70    5.4   9 0 0 1 1 1 0 6.9 73.6 6.9 74.4 80.0 100 100 21 408 0 145 0 401 401 399 0 0 0 60 50 AUTO 0 
b.1 2025-06-02 12:08:01.904 a 2025-06-02-12:07:59 278 304 327 1.4 2.5 3.7 5.7 68.2 725.9 0.00 0 0.0 14.8 23.6 23.4 3.633  -36.3   10.5    3.9  71    5.4   9 0 0 1 1 1 0 6.9 72.8 6.9 73.7 80.0 100 100 21 408 0 145 0 401 401 399 0 0 0 60 50 AUTO 0 
b.1 2025-06-02 12:09:00.578 a 2025-06-02-12:08:58 267 301 338 1.1 2.6 3.5 5.7 68.9 725.9 0.00 0 0.0 14.5 22.6 23.4 3.633  -35.3   10.5    3.9  71    5.3   9 0 0 1 1 1 0 6.9 71.7 6.9 73.0 80.0 100 100 21 408 0 145 0 401 402 399 0 0 0 60 50 AUTO 0 
b.1 2025-06-02 12:10:00.661 a 2025-06-02-12:09:58 280 303 329 1.3 2.8 3.5 5.7 67.2 725.9 0.00 0 0.0 14.6 22.7 23.4 3.634  -36.1   10.4    3.9  71    5.3   9 0 0 1 1 1 0 6.9 70.7 6.9 72.1 80.0 100 100 21 408 0 145 0 401 401 399 0 0 0 60 50 AUTO 0 
b.1 2025-06-02 12:11:01.055 a 2025-06-02-12:10:58 271 298 322 0.9 2.7 4.1 5.7 65.7 725.9 0.00 0 0.0 14.9 24.1 24.5 3.626  -35.9   10.4    3.9  70    5.3   9 0 0 1 1 1 0 7.0 69.3 6.9 71.3 80.0 100 100 21 408 0 145 0 401 401 400 0 0 0 60 50 AUTO 0 
b.1 2025-06-02 12:12:01.078 a 2025-06-02-12:11:58 232 292 312 0.8 3.2 4.3 5.7 66.1 725.9 0.00 0 0.0 14.7 23.6 23.4 3.633  -35.5   10.4    4.5  70    5.2   9 0 0 1 1 1 0 6.9 68.6 6.9 69.7 80.0 100 100 21 408 0 145 0 401 401 399 0 0 0 60 50 AUTO 0 
b.1 2025-06-02 12:13:01.897 a 2025-06-02-12:12:59 265 292 337 1.3 3.3 4.1 5.7 65.1 725.9 0.00 0 0.0 14.4 22.6 23.4 3.633  -35.5   10.4    5.1  70    5.2   9 0 0 1 1 1 0 6.9 67.8 6.9 68.7 80.0 100 100 21 408 0 145 0 402 401 400 0 0 0 60 50 AUTO 0 
b.1 2025-06-02 12:14:01.598 a 2025-06-02-12:13:59 102 291 259 0.3 2.6 3.8 5.7 64.5 725.9 0.00 0 0.0 14.6 23.3 23.4 3.633  -36.5   10.3    4.5  71    5.2   9 0 0 1 1 1 0 6.9 66.5 6.9 67.9 80.0 100 100 21 408 0 145 0 401 401 399 0 0 0 60 50 AUTO 0 
b.1 2025-06-02 12:15:00.559 a 2025-06-02-12:14:58 281 295 326 1.2 3.3 4.5 5.6 64.5 725.9 0.00 0 0.0 15.0 24.1 24.5 3.627  -35.7   10.3    4.9  70    5.2   9 0 0 1 1 1 0 6.9 64.8 6.8 66.1 80.0 100 100 21 408 0 145 0 401 401 400 0 0 0 60 50 AUTO 0 
b.1 2025-06-02 12:16:01.213 a 2025-06-02-12:15:59 238 292 315 0.3 3.2 4.3 5.6 60.1 725.9 0.00 0 0.0 14.8 22.6 23.4 3.634  -35.2   10.3    5.2  70    5.1   9 0 0 1 1 1 0 6.9 63.4 6.8 64.9 80.0 100 100 21 408 0 145 0 401 401 400 0 0 0 60 50 AUTO 0 
b.1 2025-06-02 12:17:01.397 a 2025-06-02-12:16:59 260 287 338 0.5 3.7 4.5 5.7 61.9 725.9 0.00 0 0.0 14.4 22.6 23.4 3.634  -35.3   10.3    5.7  70    5.0   9 0 0 1 1 1 0 6.9 62.7 6.8 63.6 80.0 100 100 21 408 0 145 0 401 401 399 0 0 0 60 50 AUTO 0 
b.1 2025-06-02 12:18:01.275 a 2025-06-02-12:17:59 203 287 304 0.9 3.8 4.4 5.8 60.8 726.0 0.00 0 0.0 14.6 22.7 23.4 3.633  -34.7   10.2    6.0  70    5.0   9 0 0 1 1 1 0 6.9 63.2 6.8 63.9 80.0 100 100 21 408 0 145 0 401 401 399 0 0 0 60 50 AUTO 0 
b.1 2025-06-02 12:19:01.178 a 2025-06-02-12:18:58 256 282 337 0.8 3.2 4.4 5.8 61.5 725.9 0.00 0 0.0 15.0 24.1 24.5 3.633  -36.1   10.2    5.5  70    5.1   9 0 0 1 1 1 0 6.9 63.4 6.8 64.2 80.0 100 100 21 408 0 145 0 401 401 399 0 0 0 60 50 AUTO 0 
b.1 2025-06-02 12:20:01.397 a 2025-06-02-12:19:59 252 281 307 1.0 3.7 4.6 5.7 63.9 725.9 0.00 0 0.0 14.6 22.6 23.4 3.633  -36.0   10.2    6.5  70    5.1   9 0 0 1 1 1 0 6.8 63.6 6.8 64.3 80.0 100 100 21 408 0 145 0 401 402 399 0 0 0 60 50 AUTO 0 
b.1 2025-06-02 12:21:01.700 a 2025-06-02-12:20:59 262 280 293 1.5 3.9 4.5 5.8 69.3 725.9 0.00 0 0.0 14.5 22.6 23.4 3.633  -34.2   10.2    6.8  71    5.1   9 0 0 1 1 1 0 6.8 65.0 6.8 65.6 80.0 100 100 21 408 0 145 0 401 402 399 0 0 0 60 50 AUTO 0 
b.1 2025-06-02 12:22:01.016 a 2025-06-02-12:21:58 262 277 283 1.5 4.0 4.4 5.8 70.1 725.9 0.00 0 0.0 14.8 23.3 23.4 3.633  -34.0   10.2    7.2  71    5.2   9 0 0 1 1 1 0 6.8 66.5 6.7 67.2 80.0 100 100 21 408 0 145 0 401 402 399 0 0 0 60 50 AUTO 0 
b.1 2025-06-02 12:23:02.082 a 2025-06-02-12:22:59 226 274 293 0.9 3.7 4.4 5.8 72.8 725.9 0.00 0 0.0 14.9 23.9 23.4 3.633  -34.9   10.2    7.2  71    5.3   9 0 0 1 1 1 0 6.8 68.5 6.7 69.2 80.0 100 100 21 408 0 145 0 402 401 400 0 0 0 60 50 AUTO 0 
b.1 2025-06-02 12:24:01.637 a 2025-06-02-12:23:59 257 271 284 1.6 3.5 4.2 5.7 78.2 725.9 0.00 0 0.0 14.9 23.7 23.4 3.634  -35.4   10.2    7.4  71    5.3  10 0 0 1 1 1 0 6.8 71.4 6.7 72.2 80.0 100 100 21 408 0 145 0 401 401 399 0 0 0 60 50 AUTO 0 
b.1 2025-06-02 12:25:01.441 a 2025-06-02-12:24:59 260 265 271 1.7 3.0 4.1 5.8 74.7 725.9 0.00 0 0.0 14.7 22.7 23.4 3.633  -36.1   10.2    7.5  71    5.3  11 0 0 1 1 1 0 6.8 73.9 6.7 74.9 80.0 100 100 21 408 0 145 0 401 401 399 0 0 0 60 50 AUTO 0 
b.1 2025-06-02 12:26:00.957 a 2025-06-02-12:25:58 255 262 269 2.1 2.9 3.8 5.9 67.2 726.0 0.00 0 0.0 14.5 22.6 23.4 3.634  -35.7   10.2    7.4  71    5.2  11 0 0 1 1 1 0 6.8 73.9 6.7 75.0 80.0 100 100 21 408 0 145 0 401 401 399 0 0 0 60 50 AUTO 0 
b.1 2025-06-02 12:27:00.897 a 2025-06-02-12:26:58 255 260 264 2.3 3.0 3.9 6.1 65.1 725.9 0.00 0 0.0 14.7 23.6 23.4 3.633  -35.4   10.2    6.9  71    5.3  11 0 0 1 1 1 0 6.9 71.5 6.8 72.7 80.0 100 100 21 408 0 145 0 402 401 400 0 0 0 60 50 AUTO 0 
b.1 2025-06-02 12:28:01.496 a 2025-06-02-12:27:59 256 260 269 2.1 3.0 4.2 6.2 63.6 726.0 0.00 0 0.0 15.0 24.1 24.5 3.626  -35.2   10.3    6.7  71    5.3  11 0 0 1 1 1 0 6.9 69.7 6.8 70.7 80.0 100 100 21 408 0 145 0 401 401 400 0 0 0 60 50 AUTO 0 
b.1 2025-06-02 12:29:00.778 a 2025-06-02-12:28:58 252 260 269 2.0 3.2 3.9 6.4 63.0 726.0 0.00 0 0.0 15.0 24.1 24.5 3.633  -34.9   10.3    6.3  71    5.3  11 0 0 1 1 1 0 6.9 68.2 6.9 69.2 80.0 100 100 21 408 0 145 0 401 401 399 0 0 0 60 50 AUTO 0 
b.1 2025-06-02 12:30:01.920 a 2025-06-02-12:29:59 256 261 288 2.2 3.1 4.1 6.4 62.1 726.0 0.00 0 0.0 14.8 23.3 23.4 3.633  -35.1   10.4    6.3  71    5.4  11 0 0 1 1 1 0 7.0 67.2 6.9 68.2 80.0 100 100 21 408 0 145 0 400 401 400 0 0 0 60 50 AUTO 0 
b.1 2025-06-02 12:31:01.496 a 2025-06-02-12:30:59 250 261 297 2.5 3.3 4.4 6.4 58.9 726.0 0.00 0 0.0 14.5 22.6 23.4 3.633  -35.3   10.4    6.2  71    5.4  11 0 0 1 1 1 0 7.0 66.3 7.0 67.2 80.0 100 100 21 408 0 145 0 401 401 399 0 0 0 60 50 AUTO 0 
b.1 2025-06-02 12:32:00.838 a 2025-06-02-12:31:58 253 262 269 1.9 3.1 4.2 6.7 59.2 726.1 0.00 0 0.0 14.8 23.7 23.4 3.633  -35.7   10.5    6.3  71    5.5  11 0 0 1 1 1 0 7.1 64.9 7.0 65.9 80.0 100 100 21 408 0 145 0 401 402 399 0 0 0 60 50 AUTO 0 
b.1 2025-06-02 12:33:01.476 a 2025-06-02-12:32:59 254 264 270 1.9 3.0 4.0 6.7 59.0 726.0 0.00 0 0.0 15.0 24.1 24.4 3.634  -35.2   10.6    6.3  71    5.5  11 0 0 1 1 1 0 7.1 64.3 7.0 65.3 80.0 100 100 21 408 0 145 0 401 401 400 0 0 0 60 50 AUTO 0 
b.1 2025-06-02 12:34:01.276 a 2025-06-02-12:33:58 258 265 278 1.5 2.8 3.7 6.7 58.1 726.0 0.00 0 0.0 15.0 24.1 24.5 3.627  -35.1   10.6    6.1  71    5.5  11 0 0 1 1 1 0 7.1 63.5 7.1 64.6 80.0 100 100 21 408 0 145 0 401 401 399 0 0 0 60 50 AUTO 0 
b.1 2025-06-02 12:35:00.937 a 2025-06-02-12:34:58 261 266 270 1.9 2.8 3.8 6.8 57.9 726.1 0.00 0 0.0 14.7 22.7 23.4 3.633  -35.2   10.7    6.1  70    5.5  11 0 0 1 1 1 0 7.1 61.2 7.1 62.3 80.0 100 100 21 408 0 145 0 401 401 400 0 0 0 60 50 AUTO 0 
b.1 2025-06-02 12:35:59.861 a 2025-06-02-12:35:57 257 267 288 1.5 2.7 3.6 6.8 42.9 726.1 0.00 0 0.0 14.6 23.3 23.4 3.633  -34.8   10.8    5.6  70    5.6  11 0 0 1 1 1 0 7.1 57.1 7.1 58.1 80.0 100 100 21 408 0 145 0 400 401 399 0 0 0 60 50 AUTO 0 
b.1 2025-06-02 12:37:01.141 a 2025-06-02-12:36:58 264 269 288 1.8 2.6 3.4 6.9 42.9 726.1 0.00 0 0.0 15.0 24.1 24.5 3.627  -34.8   10.9    5.4  70    5.6  11 0 0 1 1 1 0 7.1 55.4 7.1 56.5 80.0 100 100 21 408 0 145 0 400 401 399 0 0 0 60 50 AUTO 0 
b.1 2025-06-02 12:38:00.460 a 2025-06-02-12:37:58 261 277 296 1.0 3.1 3.8 7.1 53.8 726.1 0.00 0 0.0 15.0 24.1 24.5 3.634  -34.1   11.0    5.2  70    5.7   5 0 0 1 1 1 0 7.1 56.1 7.1 56.8 80.0 100 100 21 408 0 145 0 402 401 400 0 0 0 60 50 AUTO 0 
b.1 2025-06-02 12:39:01.039 a 2025-06-02-12:38:58 096 261 000 0.3 2.3 3.5 7.1 55.8 726.1 0.00 0 0.0 14.6 22.6 23.4 3.634  -35.1   11.0    4.5  70    5.8   5 0 0 1 1 1 0 7.1 58.7 7.1 59.5 80.0 100 100 21 408 0 145 0 401 401 399 0 0 0 60 50 AUTO 0 
b.1 2025-06-02 12:40:01.081 a 2025-06-02-12:39:58 256 267 279 1.4 2.7 3.9 7.1 53.7 726.2 0.00 0 0.0 14.6 22.6 23.4 3.633  -35.3   11.1    5.1  70    5.8  10 0 0 1 1 1 0 7.1 59.4 7.1 60.3 80.0 100 100 21 408 0 145 0 401 402 400 0 0 0 60 50 AUTO 0 
b.1 2025-06-02 12:41:01.279 a 2025-06-02-12:40:59 255 266 270 0.4 2.6 3.9 7.0 51.5 726.1 0.00 0 0.0 14.9 24.0 23.4 3.633  -35.4   11.1    5.5  70    5.8  10 0 0 1 1 1 0 7.1 58.6 7.1 59.4 80.0 100 100 21 408 0 145 0 402 401 400 0 0 0 60 50 AUTO 0 
b.1 2025-06-02 12:42:01.361 a 2025-06-02-12:41:59 258 267 295 1.7 2.8 4.2 7.0 53.4 726.2 0.00 0 0.0 15.1 24.1 24.5 3.635  -35.4   11.2    6.2  69    5.8  10 0 0 1 1 1 0 7.2 58.5 7.1 59.3 80.0 100 100 21 408 0 145 0 401 401 399 0 0 0 60 50 AUTO 0 
b.1 2025-06-02 12:43:02.598 a 2025-06-02-12:43:00 264 275 292 1.4 3.6 4.5 7.1 53.2 726.1 0.00 0 0.0 14.8 23.3 23.4 3.633  -34.4   11.3    6.4  70    5.9  10 0 0 1 1 1 0 7.2 58.5 7.2 58.9 80.0 100 100 21 408 0 145 0 401 401 399 0 0 0 60 50 AUTO 0 
b.1 2025-06-02 12:44:01.000 a 2025-06-02-12:43:58 257 277 296 1.1 3.7 4.5 7.0 55.2 726.1 0.00 0 0.0 14.6 22.6 23.4 3.633  -34.6   11.3    6.7  70    6.1  10 0 0 1 1 1 0 7.2 62.6 7.2 62.8 80.0 100 100 21 408 0 145 0 402 401 400 0 0 0 60 50 AUTO 0 
b.1 2025-06-02 12:45:01.505 a 2025-06-02-12:44:59 265 283 329 1.2 3.5 4.5 7.0 59.5 726.2 0.00 0 0.0 14.7 23.3 23.4 3.634  -35.8   11.4    6.3  71    6.2  10 0 0 1 1 1 0 7.2 65.8 7.1 66.5 80.0 100 100 21 408 0 145 0 401 401 399 0 0 0 60 50 AUTO 0 
b.1 2025-06-02 12:45:59.858 a 2025-06-02-12:45:57 269 293 329 1.2 3.2 4.3 6.9 70.7 726.2 0.00 0 0.0 14.9 24.1 24.5 3.627  -35.5   11.4    5.8  71    6.3  10 0 0 1 1 2 0 7.2 68.1 7.1 69.6 80.0 100 100 21 408 0 145 0 401 401 400 0 0 0 60 50 AUTO_PARK 0 
b.1 2025-06-02 12:47:00.582 a 2025-06-02-12:46:58 092 295 269 0.3 3.0 4.2 6.7 72.1 726.2 0.00 0 0.0 15.0 24.2 24.5 3.633  -35.6   11.4    5.1  71    6.3   5 0 0 1 1 2 0 7.2 69.9 7.1 71.0 80.0 100 100 21 408 0 145 0 401 401 399 0 0 0 60 50 AUTO_PARK 0 
b.1 2025-06-02 12:48:00.483 a 2025-06-02-12:47:58 039 295 144 0.2 2.8 4.0 6.6 73.4 726.2 0.00 0 0.0 14.9 23.9 23.4 3.633  -36.4   11.4    4.5  71    6.3   8 0 0 1 1 2 0 7.2 71.3 7.1 72.2 80.0 100 100 21 408 0 145 0 401 401 400 0 0 0 60 50 AUTO_PARK 0 
b.1 2025-06-02 12:49:01.019 a 2025-06-02-12:48:58 265 291 338 1.3 3.0 4.2 6.5 73.8 726.2 0.00 0 0.0 14.6 23.2 23.4 3.634  -36.0   11.4    4.7  71    6.3   9 0 0 1 1 2 0 7.2 73.0 7.1 73.7 80.0 100 100 22 408 0 145 0 401 401 399 0 0 0 60 50 AUTO_PARK 0 
b.1 2025-06-02 12:50:01.061 a 2025-06-02-12:49:58 017 297 203 0.1 2.9 4.3 6.4 75.1 726.2 0.00 0 0.0 14.5 22.6 23.4 3.633  -36.6   11.4    4.8  71    6.3   9 0 0 1 1 2 0 7.2 74.4 7.1 75.0 80.0 100 100 22 408 0 145 0 401 401 399 0 0 0 60 50 AUTO_PARK 0 
b.1 2025-06-02 12:51:02.065 a 2025-06-02-12:50:59 071 297 109 0.3 2.6 4.4 6.3 75.3 726.2 0.00 0 0.0 14.8 23.7 23.4 3.633  -35.4   11.4    4.4  71    6.3   9 0 0 1 1 2 0 7.2 75.1 7.1 76.2 80.0 100 100 22 408 0 145 0 401 401 400 0 0 0 60 50 AUTO_PARK 0 
b.1 2025-06-02 12:52:02.078 a 2025-06-02-12:51:59 024 295 196 0.3 2.4 3.9 6.3 76.4 726.2 0.00 0 0.0 14.8 23.3 23.4 3.634  -35.9   11.4    4.0  71    6.3   9 0 0 1 1 2 0 7.2 75.8 7.1 76.8 80.0 100 100 22 408 0 145 0 401 401 399 0 0 0 60 50 AUTO_PARK 0 
b.1 2025-06-02 12:53:02.201 a 2025-06-02-12:52:59 278 300 321 2.0 2.8 3.9 6.2 76.9 726.2 0.00 0 0.0 14.8 23.7 23.4 3.634  -36.0   11.4    4.1  71    6.3   9 0 0 1 1 2 0 7.2 76.1 7.1 77.3 80.0 100 100 22 408 0 145 0 401 401 400 0 0 0 60 50 AUTO_PARK 0 
b.1 2025-06-02 12:54:00.384 a 2025-06-02-12:53:58 272 300 334 1.5 3.0 4.0 6.2 76.6 726.2 0.00 0 0.0 14.7 23.3 23.4 3.634  -36.3   11.4    4.4  71    6.3   9 0 0 1 1 2 0 7.2 76.5 7.1 77.6 80.0 100 100 22 408 0 145 0 401 401 399 0 0 0 60 50 AUTO_PARK 0 
b.1 2025-06-02 12:55:01.700 a 2025-06-02-12:54:59 054 305 270 0.3 2.4 4.2 6.0 76.9 726.2 0.00 0 0.0 14.7 23.3 23.4 3.634  -35.6   11.3    4.1  71    6.3   9 0 0 1 1 2 0 7.2 76.7 7.1 77.8 80.0 100 100 22 408 0 145 0 401 401 399 0 0 0 60 50 AUTO_PARK 0 
b.1 2025-06-02 12:56:01.921 a 2025-06-02-12:55:59 275 298 358 0.7 2.8 4.1 6.0 76.0 726.2 0.00 0 0.0 14.8 23.9 23.4 3.633  -35.1   11.4    4.1  71    6.3   9 0 0 1 1 2 0 7.2 76.7 7.1 78.0 80.0 100 100 22 408 0 145 0 401 401 399 0 0 0 60 50 AUTO_PARK 0 
b.1 2025-06-02 12:57:01.907 a 2025-06-02-12:56:59 270 294 329 1.9 3.2 4.3 6.0 76.2 726.3 0.00 0 0.0 14.9 23.9 23.4 3.635  -36.0   11.4    4.9  71    6.3   9 0 0 1 1 2 0 7.2 76.6 7.1 77.9 80.0 100 100 22 408 0 145 0 400 401 399 0 0 0 60 50 AUTO_PARK 0 
b.1 2025-06-02 12:58:01.180 a 2025-06-02-12:57:58 254 289 342 0.4 3.0 4.1 5.9 75.9 726.2 0.00 0 0.0 14.7 23.3 23.4 3.633  -35.4   11.4    4.7  71    6.3   9 0 0 1 1 2 0 7.2 76.7 7.1 77.8 80.0 100 100 22 408 0 145 0 401 401 399 0 0 0 60 50 AUTO_PARK 0 
b.1 2025-06-02 12:59:01.384 a 2025-06-02-12:58:59 279 294 331 1.2 3.1 4.0 5.9 74.2 726.2 0.00 0 0.0 14.6 22.6 23.4 3.633  -35.1   11.3    4.7  71    6.3   9 0 0 1 1 2 0 7.2 76.7 7.1 78.0 80.0 100 100 22 408 0 145 0 401 401 399 0 0 0 60 50 AUTO_PARK 0 
b.1 2025-06-02 13:00:02.062 a 2025-06-02-12:59:59 275 296 318 2.3 3.5 4.1 6.0 76.7 726.3 0.00 0 0.0 14.6 23.3 23.4 3.633  -34.9   11.4    5.2  71    6.3   9 0 0 1 1 2 0 7.1 76.5 7.1 77.7 80.0 100 100 22 408 0 145 0 401 401 400 0 0 0 60 50 AUTO_PARK 0 
b.1 2025-06-02 13:01:01.825 a 2025-06-02-13:00:59 255 301 355 0.7 2.5 3.9 6.0 76.8 726.2 0.00 0 0.0 14.9 24.1 24.5 3.628  -35.1   11.4    4.2  71    6.4   9 0 0 1 1 2 0 7.2 76.4 7.1 77.7 80.0 100 100 22 408 0 145 0 402 401 399 0 0 0 60 50 AUTO_PARK 0 
b.1 2025-06-02 13:02:00.740 a 2025-06-02-13:01:58 287 299 315 1.2 2.9 3.6 6.1 75.7 726.2 0.00 0 0.0 15.0 24.0 24.5 3.628  -35.0   11.4    4.2  71    6.4   5 0 0 1 1 2 0 7.2 76.6 7.1 77.9 80.0 100 100 22 408 0 145 0 401 401 399 0 0 0 60 50 AUTO_PARK 0 
b.1 2025-06-02 13:03:01.463 a 2025-06-02-13:02:59 276 295 309 2.4 3.3 4.3 5.9 75.8 726.2 0.00 0 0.0 14.6 22.6 23.4 3.633  -35.3   11.4    4.6  71    6.4   8 0 0 1 1 2 0 7.2 76.8 7.1 78.0 80.0 100 100 22 408 0 145 0 402 401 400 0 0 0 60 50 AUTO_PARK 0 
b.1 2025-06-02 13:04:01.444 a 2025-06-02-13:03:59 273 292 316 1.1 3.2 3.9 6.0 73.4 726.2 0.00 0 0.0 14.5 22.6 23.4 3.634  -34.6   11.4    4.7  71    6.4   9 0 0 1 1 2 0 7.2 76.6 7.1 78.0 80.0 100 100 22 408 0 145 0 402 401 399 0 0 0 60 50 AUTO_PARK 0 
b.1 2025-06-02 13:05:01.381 a 2025-06-02-13:04:59 271 286 303 2.1 3.6 4.2 6.1 69.9 726.2 0.00 0 0.0 14.8 24.1 24.5 3.626  -34.8   11.4    5.0  71    6.5   9 0 0 1 1 2 0 7.2 75.2 7.1 77.1 80.0 100 100 22 408 0 145 0 401 401 400 0 0 0 60 50 AUTO_PARK 0 
b.1 2025-06-02 13:06:02.009 a 2025-06-02-13:05:59 267 284 321 1.1 4.0 4.4 6.2 65.4 726.2 0.00 0 0.0 15.0 24.1 24.5 3.633  -35.0   11.5    5.7  71    6.5   9 0 0 1 1 2 0 7.2 72.7 7.1 74.6 80.0 100 100 22 408 0 145 0 401 401 400 0 0 0 60 50 AUTO_PARK 0 
b.1 2025-06-02 13:07:01.042 a 2025-06-02-13:06:58 276 282 286 2.4 4.2 4.7 6.2 65.4 726.2 0.00 0 0.0 14.7 22.6 23.4 3.634  -34.0   11.5    6.2  72    6.6   9 0 0 1 1 2 0 7.2 71.5 7.1 72.9 80.0 100 100 22 408 0 145 0 401 402 399 0 0 0 60 50 AUTO_PARK 0 
b.1 2025-06-02 13:08:01.302 a 2025-06-02-13:07:59 272 284 298 1.6 4.0 4.6 6.4 61.1 726.3 0.00 0 0.0 14.5 22.6 23.4 3.633  -34.4   11.6    6.4  72    6.6   9 0 0 1 1 2 0 7.2 70.5 7.1 71.7 80.0 100 100 22 408 0 145 0 401 402 400 0 0 0 60 50 AUTO_PARK 0 
b.1 2025-06-02 13:09:01.081 a 2025-06-02-13:08:58 271 282 297 1.2 4.2 4.8 6.6 63.3 726.3 0.00 0 0.0 14.7 23.7 23.4 3.634  -34.6   11.6    6.8  72    6.7  13 0 0 1 1 2 0 7.2 70.1 7.2 71.1 80.0 100 100 21 408 0 145 0 401 401 400 0 0 0 60 50 AUTO_PARK 0 
b.1 2025-06-02 13:10:01.799 a 2025-06-02-13:09:59 273 283 301 1.0 4.2 4.9 6.6 65.7 726.3 0.00 0 0.0 14.9 23.9 23.4 3.633  -35.6   11.6    7.2  72    6.8  10 0 0 1 1 2 0 7.3 70.2 7.2 71.1 80.0 100 100 21 408 0 145 0 400 401 400 0 0 0 60 50 AUTO_PARK 0 
b.1 2025-06-02 13:11:00.125 a 2025-06-02-13:10:57 066 291 145 0.3 2.9 4.6 6.6 68.0 726.3 0.00 0 0.0 15.1 24.1 24.5 3.633  -36.2   11.7    5.5  72    6.8  10 0 0 1 1 2 0 7.3 71.0 7.2 71.9 80.0 100 100 21 408 0 145 0 402 401 400 0 0 0 60 50 AUTO_PARK 0 
b.1 2025-06-02 13:12:01.401 a 2025-06-02-13:11:59 254 292 340 0.7 3.0 4.4 6.7 70.7 726.3 0.00 0 0.0 14.9 23.9 23.4 3.633  -35.6   11.7    4.9  72    6.8  10 0 0 1 1 2 0 7.3 71.8 7.2 72.6 80.0 100 100 21 408 0 145 0 401 401 399 0 0 0 60 50 AUTO_PARK 0 
b.1 2025-06-02 13:13:01.621 a 2025-06-02-13:12:59 267 294 326 1.3 3.4 4.5 6.6 71.2 726.3 0.00 0 0.0 14.9 23.9 23.4 3.633  -36.0   11.8    5.0  72    6.8  10 0 0 1 1 2 0 7.3 72.2 7.3 73.3 80.0 100 100 21 408 0 145 0 401 401 400 0 0 0 60 50 AUTO_PARK 0 
b.1 2025-06-02 13:14:01.063 a 2025-06-02-13:13:58 277 305 334 1.0 2.7 3.9 6.6 71.1 726.4 0.00 0 0.0 14.6 23.3 23.4 3.633  -35.6   11.8    4.4  72    6.8  10 0 0 1 1 2 0 7.3 72.4 7.3 73.4 80.0 100 100 21 408 0 145 0 401 401 399 0 0 0 60 50 AUTO_PARK 0 
b.1 2025-06-02 13:15:01.584 a 2025-06-02-13:14:59 265 303 325 1.4 2.9 3.7 6.6 71.5 726.4 0.00 0 0.0 14.6 22.6 23.4 3.634  -36.5   11.8    4.3  72    6.9  10 0 0 1 1 2 0 7.4 72.6 7.3 73.6 80.0 100 100 21 408 0 145 0 400 401 399 0 0 0 60 50 AUTO_PARK 0 
b.1 2025-06-02 13:16:01.105 a 2025-06-02-13:15:58 277 306 330 0.3 2.6 4.1 6.5 71.8 726.4 0.00 0 0.0 15.1 24.1 24.5 3.634  -36.0   11.8    3.8  72    6.9  10 0 0 1 1 2 0 7.4 72.9 7.3 73.8 80.0 100 100 21 408 0 145 0 401 402 399 0 0 0 60 50 AUTO_PARK 0 
b.1 2025-06-02 13:17:01.749 a 2025-06-02-13:16:59 027 302 272 0.4 2.6 4.1 6.5 73.1 726.4 0.00 0 0.0 14.9 23.9 23.4 3.633  -36.0   11.9    3.5  72    7.0  10 0 0 1 1 2 0 7.4 73.3 7.4 74.3 80.0 100 100 21 408 0 145 0 401 401 400 0 0 0 60 50 AUTO_PARK 0 
b.1 2025-06-02 13:18:00.125 a 2025-06-02-13:17:57 027 298 268 0.4 2.8 3.5 6.5 71.0 726.4 0.00 0 0.0 14.7 22.6 23.4 3.633  -36.9   11.9    3.8  72    7.0  10 0 0 1 1 2 0 7.4 73.5 7.4 74.5 80.0 100 100 21 408 0 145 0 401 401 399 0 0 0 60 50 AUTO_PARK 0 
b.1 2025-06-02 13:19:00.882 a 2025-06-02-13:18:58 005 289 169 0.1 2.3 3.7 6.5 72.3 726.4 0.00 0 0.0 14.5 22.6 23.4 3.633  -35.3   11.9    3.4  72    7.0   0 0 0 1 1 2 0 7.5 73.6 7.4 74.7 80.0 100 100 21 408 0 145 0 401 401 400 0 0 0 60 50 AUTO_PARK 0 
b.1 2025-06-02 13:20:01.285 a 2025-06-02-13:19:58 061 295 206 0.3 2.8 3.8 6.6 72.6 726.5 0.00 0 0.0 14.7 24.0 23.4 3.633  -35.8   11.9    3.7  72    7.0   5 0 0 1 1 2 0 7.5 73.9 7.4 74.8 80.0 100 100 21 408 0 145 0 401 401 400 0 0 0 60 50 AUTO_PARK 0 
b.1 2025-06-02 13:21:01.085 a 2025-06-02-13:20:58 236 297 347 0.3 3.0 4.2 6.6 71.9 726.4 0.00 0 0.0 15.1 24.1 24.5 3.627  -36.0   12.0    3.9  72    7.0   9 0 0 1 1 2 0 7.5 73.7 7.4 75.0 80.0 100 100 21 408 0 145 0 401 401 400 0 0 0 60 50 AUTO_PARK 0 
b.1 2025-06-02 13:22:01.065 a 2025-06-02-13:21:58 275 301 326 2.0 3.0 4.2 6.5 71.4 726.4 0.00 0 0.0 14.7 23.3 23.4 3.632  -36.4   12.0    4.1  72    7.0  13 0 0 1 1 2 0 7.5 73.6 7.4 74.7 80.0 100 100 21 408 0 145 0 401 401 400 0 0 0 60 50 AUTO_PARK 0 
b.1 2025-06-02 13:23:02.069 a 2025-06-02-13:22:59 270 302 335 0.7 2.1 3.6 6.5 71.0 726.4 0.00 0 0.0 14.6 23.2 23.4 3.633  -35.8   12.0    3.7  72    7.0  10 0 0 1 1 2 0 7.5 73.3 7.4 74.4 80.0 100 100 21 408 0 145 0 401 401 400 0 0 0 60 50 AUTO_PARK 0 
b.1 2025-06-02 13:24:01.484 a 2025-06-02-13:23:59 011 318 264 0.4 1.9 2.8 6.5 72.4 726.4 0.00 0 0.0 15.3 24.1 24.5 3.633  -38.1   12.1    3.1  72    7.1  10 0 0 1 1 2 0 7.5 73.0 7.5 74.2 80.0 100 100 21 408 0 145 0 401 401 399 0 0 0 60 50 AUTO_PARK 0 
b.1 2025-06-02 13:25:01.463 a 2025-06-02-13:24:59 299 325 000 0.5 1.8 3.0 6.4 72.8 726.4 0.00 0 0.0 15.0 24.0 24.5 3.627  -37.3   12.1    2.7  72    7.2  10 0 0 1 1 2 0 7.5 73.2 7.5 74.1 80.0 100 100 21 408 0 145 0 402 401 400 0 0 0 60 50 AUTO_PARK 0 
b.1 2025-06-02 13:26:00.562 a 2025-06-02-13:25:58 032 322 252 0.4 2.1 3.1 6.4 70.9 726.5 0.00 0 0.0 14.6 22.6 23.4 3.633  -36.8   12.2    2.7  72    7.2  10 0 0 1 1 2 0 7.5 73.2 7.5 74.0 80.0 100 100 21 408 0 145 0 401 401 399 0 0 0 60 50 AUTO_PARK 0 
b.1 2025-06-02 13:27:01.384 a 2025-06-02-13:26:59 285 326 357 0.5 1.9 2.9 6.4 73.9 726.4 0.00 0 0.0 14.9 24.1 24.5 3.627  -36.8   12.2    2.6  72    7.3  10 0 0 1 1 2 0 7.6 73.0 7.5 73.8 80.0 100 100 21 408 0 145 0 401 401 399 0 0 0 60 50 AUTO_PARK 0 
b.1 2025-06-02 13:28:01.046 a 2025-06-02-13:27:58 301 321 356 1.0 2.4 3.5 6.4 71.7 726.4 0.00 0 0.0 15.1 24.1 24.5 3.633  -37.0   12.3    2.7  72    7.3  10 0 0 1 1 2 0 7.6 73.1 7.6 73.8 80.0 100 100 21 408 0 145 0 402 401 400 0 0 0 60 50 AUTO_PARK 0 
b.1 2025-06-02 13:29:00.604 a 2025-06-02-13:28:58 283 315 337 0.4 2.4 3.3 6.5 71.4 726.5 0.00 0 0.0 14.9 24.1 24.4 3.626  -36.3   12.3    2.9  72    7.4  10 0 0 1 1 2 0 7.6 73.1 7.6 73.7 80.0 100 100 21 408 0 145 0 401 401 399 0 0 0 60 50 AUTO_PARK 0 
b.1 2025-06-02 13:30:02.625 a 2025-06-02-13:30:00 284 312 343 1.8 3.0 4.1 6.5 68.7 726.4 0.00 0 0.0 14.6 22.6 23.4 3.633  -37.2   12.4    3.3  72    7.5  10 0 0 1 1 2 0 7.6 72.6 7.6 73.4 80.0 100 100 21 408 0 145 0 401 401 399 0 0 0 60 50 AUTO_PARK 0 
b.1 2025-06-02 13:31:01.585 a 2025-06-02-13:30:59 279 306 334 1.2 3.1 3.8 6.7 67.6 726.4 0.00 0 0.0 14.5 22.6 23.4 3.634  -36.3   12.4    3.6  72    7.5  10 0 0 1 1 2 0 7.7 72.0 7.7 72.9 80.0 100 100 21 408 0 145 0 401 401 400 0 0 0 60 50 AUTO_PARK 0 
b.1 2025-06-02 13:31:59.663 a 2025-06-02-13:31:57 272 306 330 1.5 2.9 3.8 6.7 68.4 726.4 0.00 0 0.0 15.0 24.1 24.5 3.627  -36.2   12.4    3.6  72    7.5  10 0 0 1 1 2 0 7.7 71.2 7.7 72.0 80.0 100 100 21 408 0 145 0 401 401 399 0 0 0 60 50 AUTO_PARK 0 
b.1 2025-06-02 13:33:01.503 a 2025-06-02-13:32:59 281 302 316 2.4 3.4 4.0 6.7 67.7 726.5 0.00 0 0.0 15.0 24.1 24.5 3.626  -36.7   12.5    4.3  71    7.5  10 0 0 1 1 2 0 7.7 70.4 7.7 71.1 80.0 100 100 21 408 0 145 0 400 401 399 0 0 0 60 50 AUTO_PARK 0 
b.1 2025-06-02 13:34:01.460 a 2025-06-02-13:33:59 284 302 325 1.5 3.5 4.4 6.8 67.5 726.5 0.00 0 0.0 14.5 22.6 23.4 3.633  -37.0   12.5    4.6  71    7.5  10 0 0 1 1 2 0 7.7 70.0 7.7 70.7 80.0 100 100 21 408 0 145 0 401 401 400 0 0 0 60 50 AUTO_PARK 0 
b.1 2025-06-02 13:35:00.684 a 2025-06-02-13:34:58 098 294 117 0.2 3.3 4.2 6.8 66.7 726.5 0.00 0 0.0 14.5 22.6 23.4 3.634  -35.8   12.6    4.7  71    7.5   5 0 0 1 1 2 0 7.7 69.9 7.7 70.6 80.0 100 100 21 408 0 145 0 402 401 400 0 0 0 60 50 AUTO_PARK 0 
b.1 2025-06-02 13:36:00.762 a 2025-06-02-13:35:58 276 301 328 1.8 3.5 4.7 6.9 68.6 726.5 0.00 0 0.0 15.1 24.1 24.5 3.627  -35.9   12.6    4.8  71    7.5   9 0 0 1 1 2 0 7.8 69.9 7.8 70.6 80.0 100 100 21 408 0 145 0 402 401 400 0 0 0 60 50 AUTO_PARK 0 
b.1 2025-06-02 13:37:02.223 a 2025-06-02-13:36:59 283 302 317 1.9 4.0 5.0 6.8 68.6 726.5 0.00 0 0.0 14.7 23.3 23.4 3.633  -37.4   12.6    5.6  71    7.5   9 0 0 1 1 2 0 7.8 69.8 7.7 70.6 80.0 100 100 21 408 0 145 0 401 401 400 0 0 0 60 50 AUTO_PARK 0 
b.1 2025-06-02 13:38:00.803 a 2025-06-02-13:37:58 275 299 323 1.0 3.5 4.9 6.9 67.4 726.5 0.00 0 0.0 14.5 22.6 23.4 3.633  -36.4   12.6    5.4  71    7.5   9 0 0 1 1 2 0 7.8 69.9 7.8 70.7 80.0 100 100 21 408 0 145 0 401 401 400 0 0 0 60 50 AUTO_PARK 0 
b.1 2025-06-02 13:39:01.246 a 2025-06-02-13:38:58 284 305 322 1.1 4.2 5.2 7.0 67.4 726.5 0.00 0 0.0 14.9 23.9 23.4 3.633  -36.9   12.7    6.2  71    7.5   9 0 0 1 1 2 0 7.8 70.0 7.8 70.8 80.0 100 100 21 408 0 145 0 401 401 399 0 0 0 60 50 AUTO_PARK 0 
b.1 2025-06-02 13:40:01.184 a 2025-06-02-13:39:58 280 307 341 0.6 4.1 5.0 7.0 67.4 726.5 0.00 0 0.0 14.9 24.0 23.6 3.633  -36.4   12.7    6.9  70    7.4  10 0 0 1 1 2 0 7.8 69.9 7.8 70.7 80.0 100 100 21 408 0 145 0 401 401 399 0 0 0 60 50 AUTO_PARK 0 
b.1 2025-06-02 13:41:00.523 a 2025-06-02-13:40:58 292 314 354 1.4 3.8 5.2 7.0 67.4 726.5 0.00 0 0.0 14.7 23.3 23.4 3.634  -37.9   12.7    6.3  70    7.4  10 0 0 1 1 2 0 7.8 69.8 7.8 70.6 80.0 100 100 21 408 0 145 0 401 401 399 0 0 0 60 50 AUTO_PARK 0 
b.1 2025-06-02 13:42:01.302 a 2025-06-02-13:41:59 275 311 341 2.2 3.5 4.8 7.0 67.2 726.5 0.00 0 0.0 14.5 22.6 23.4 3.633  -36.3   12.7    5.7  70    7.4  10 0 0 1 1 2 0 7.9 69.6 7.8 70.4 80.0 100 100 21 408 0 145 0 401 401 400 0 0 0 60 50 AUTO_PARK 0 
b.1 2025-06-02 13:43:01.187 a 2025-06-02-13:42:58 295 316 341 2.7 3.8 4.9 6.9 67.6 726.5 0.00 0 0.0 14.5 22.6 23.4 3.634  -37.7   12.7    5.8  70    7.4  10 0 0 1 1 2 0 7.8 69.5 7.9 70.2 80.0 100 100 21 408 0 145 0 401 401 399 0 0 0 60 50 AUTO_PARK 0 
b.1 2025-06-02 13:44:01.864 a 2025-06-02-13:43:59 004 324 302 1.6 3.1 4.4 7.0 66.5 726.5 0.00 0 0.0 14.9 24.1 24.5 3.627  -37.1   12.7    4.8  70    7.5  10 0 0 1 1 2 0 7.9 69.3 7.9 69.9 80.0 100 100 21 408 0 145 0 402 401 400 0 0 0 60 50 AUTO_PARK 0 
b.1 2025-06-02 13:45:01.203 a 2025-06-02-13:44:58 043 328 252 0.1 2.7 4.7 7.0 67.0 726.5 0.00 0 0.0 15.1 24.1 24.5 3.627  -38.9   12.7    3.9  70    7.4  10 0 0 1 1 2 0 7.9 69.5 7.9 69.8 80.0 100 100 21 408 0 145 0 401 401 399 0 0 0 60 50 AUTO_PARK 0 
b.1 2025-06-02 13:46:01.522 a 2025-06-02-13:45:59 005 336 304 1.3 2.9 4.3 7.0 68.7 726.5 0.00 0 0.0 14.6 22.7 23.4 3.634  -38.5   12.7    3.8  70    7.4  10 0 0 1 1 2 0 7.9 69.6 7.9 69.9 80.0 100 100 21 408 0 145 0 401 401 399 0 0 0 60 50 AUTO_PARK 0 
b.1 2025-06-02 13:47:01.088 a 2025-06-02-13:46:58 015 341 302 1.6 2.9 4.2 7.0 69.5 726.5 0.00 0 0.0 14.6 22.6 23.4 3.633  -39.1   12.8    3.7  70    7.4  15 0 0 1 1 2 0 7.9 69.8 8.0 70.1 80.0 100 100 21 408 0 145 0 401 401 400 0 0 0 60 50 AUTO_PARK 0 
b.1 2025-06-02 13:48:02.183 a 2025-06-02-13:47:59 122 001 223 0.1 2.1 3.9 7.0 70.5 726.5 0.00 0 0.0 15.4 24.1 24.5 3.627  -36.5   12.8    3.0  70    7.4  12 0 0 1 1 2 0 8.0 70.0 8.1 70.5 80.0 100 100 21 408 0 145 0 401 401 399 0 0 0 60 50 AUTO_PARK 0 
b.1 2025-06-02 13:49:01.608 a 2025-06-02-13:48:59 076 003 223 0.2 1.9 3.0 7.0 70.7 726.5 0.00 0 0.0 14.8 23.7 23.4 3.633  -37.0   12.9    2.8  70    7.4  12 0 0 1 1 2 0 8.1 70.2 8.1 70.7 80.0 100 100 22 408 0 145 0 401 401 399 0 0 0 60 50 AUTO_PARK 0 
b.1 2025-06-02 13:50:01.345 a 2025-06-02-13:49:59 074 348 229 0.2 1.5 2.5 7.2 68.5 726.6 0.00 0 0.0 14.9 24.1 24.5 3.633  -37.3   12.9    2.5  70    7.5   5 0 0 1 1 2 0 8.2 69.5 8.2 70.4 80.0 100 100 22 408 0 145 0 401 401 399 0 0 0 60 50 AUTO_PARK 0 
b.1 2025-06-02 13:51:00.644 a 2025-06-02-13:50:58 022 346 318 0.6 2.2 3.0 7.4 63.4 726.6 0.00 0 0.0 15.1 24.1 24.5 3.627  -37.6   13.0    2.6  70    7.6  14 0 0 1 1 2 0 8.3 68.7 8.2 69.5 80.0 100 100 22 408 0 145 0 402 401 399 0 0 0 60 50 AUTO_PARK 0 
b.1 2025-06-02 13:52:00.723 a 2025-06-02-13:51:58 063 008 318 0.7 1.7 3.0 7.3 66.7 726.5 0.00 0 0.0 14.8 23.6 23.4 3.633  -37.3   13.0    2.4  70    7.6  10 0 0 1 1 2 0 8.3 68.4 8.3 69.3 80.0 100 100 22 408 0 145 0 402 401 400 0 0 0 60 50 AUTO_PARK 0 
b.1 2025-06-02 13:53:00.803 a 2025-06-02-13:52:58 071 354 290 0.3 1.8 3.9 7.4 66.3 726.6 0.00 0 0.0 14.6 22.6 23.4 3.633  -38.0   13.1    2.5  70    7.7  10 0 0 1 1 2 0 8.4 68.0 8.3 68.9 80.0 100 100 22 408 0 145 0 401 401 400 0 0 0 60 50 AUTO_PARK 0 
b.1 2025-06-02 13:54:01.862 a 2025-06-02-13:53:59 101 015 337 0.3 1.8 3.2 7.4 65.3 726.6 0.00 0 0.0 15.2 24.1 24.5 3.627  -37.4   13.1    2.6  70    7.7  10 0 0 1 1 2 0 8.5 67.5 8.4 68.4 80.0 100 100 22 408 0 145 0 401 401 399 0 0 0 60 50 AUTO_PARK 0 
b.1 2025-06-02 13:55:01.426 a 2025-06-02-13:54:59 127 012 226 0.1 1.6 4.0 7.5 63.8 726.6 0.00 0 0.0 14.9 24.0 23.4 3.634  -38.7   13.2    2.4  70    7.7   5 0 0 1 1 2 0 8.6 66.5 8.5 67.7 80.0 100 100 22 408 0 145 0 401 401 400 0 0 0 60 50 AUTO_PARK 0 
b.1 2025-06-02 13:56:01.266 a 2025-06-02-13:55:58 066 000 273 0.1 1.5 3.4 7.6 63.8 726.7 0.00 0 0.0 15.0 24.1 24.5 3.627  -37.5   13.2    2.3  69    7.7  11 0 0 1 1 2 0 8.6 65.9 8.6 67.2 80.0 100 100 22 408 0 145 0 401 401 399 0 0 0 60 50 AUTO_PARK 0 
b.1 2025-06-02 13:57:01.904 a 2025-06-02-13:56:59 045 355 314 0.4 1.7 3.2 7.5 62.6 726.6 0.00 0 0.0 14.8 23.6 23.4 3.633  -37.7   13.3    2.4  69    7.7   9 0 0 1 1 2 0 8.7 65.8 8.6 66.8 80.0 100 100 22 408 0 145 0 401 401 399 0 0 0 60 50 AUTO_PARK 0 
b.1 2025-06-02 13:58:00.404 a 2025-06-02-13:57:58 127 010 286 0.2 1.9 3.5 7.5 62.4 726.6 0.00 0 0.0 14.8 23.9 23.4 3.633  -38.4   13.3    2.4  69    7.7   9 0 0 1 1 2 0 8.7 65.2 8.7 66.2 80.0 100 100 22 408 0 145 0 401 401 400 0 0 0 60 50 AUTO_PARK 0 
b.1 2025-06-02 13:59:00.605 a 2025-06-02-13:58:58 073 019 242 0.1 1.7 2.9 7.4 62.2 726.7 0.00 0 0.0 15.3 24.1 24.5 3.627  -37.2   13.3    2.4  68    7.7   9 0 0 1 1 2 0 8.7 64.4 8.7 65.5 80.0 100 100 22 408 0 145 0 401 401 400 0 0 0 60 50 AUTO_PARK 0 
b.1 2025-06-02 14:00:01.845 a 2025-06-02-13:59:59 072 004 325 1.3 2.2 3.1 7.5 60.6 726.7 0.00 0 0.0 14.7 23.3 23.4 3.633  -38.9   13.4    2.5  68    7.7   9 0 0 1 1 2 0 8.8 63.8 8.7 64.7 80.0 100 100 22 408 0 145 0 401 401 399 0 0 0 60 50 AUTO_PARK 0 
b.1 2025-06-02 14:01:00.944 a 2025-06-02-14:00:58 020 355 336 1.6 2.6 3.8 7.4 65.4 726.7 0.00 0 0.0 14.6 23.2 23.4 3.634  -37.8   13.4    2.8  68    7.6   9 0 0 1 1 2 0 8.8 63.4 8.7 64.2 80.0 100 100 22 408 0 145 0 401 401 400 0 0 0 60 50 AUTO_PARK 0 
b.1 2025-06-02 14:02:01.207 a 2025-06-02-14:01:58 082 350 325 1.0 2.5 3.5 7.2 64.5 726.7 0.00 0 0.0 15.1 24.1 24.5 3.628  -40.2   13.4    2.9  68    7.5   9 0 0 1 1 2 0 8.8 63.9 8.7 64.4 80.0 100 100 22 408 0 145 0 401 401 399 0 0 0 60 50 AUTO_PARK 0 
b.1 2025-06-02 14:03:02.305 a 2025-06-02-14:03:00 004 342 325 2.3 3.5 4.6 7.1 69.8 726.7 0.00 0 0.0 14.8 23.3 23.4 3.634  -43.5   13.4    3.6  67    7.5  16 0 0 1 1 2 0 8.8 64.3 8.7 64.8 80.0 100 100 22 408 0 145 0 401 401 400 0 0 0 60 50 AUTO_PARK 0 
b.1 2025-06-02 14:04:01.407 a 2025-06-02-14:03:59 002 336 314 1.3 3.6 4.6 7.0 68.0 726.7 0.00 0 0.0 14.7 23.2 23.4 3.633  -40.5   13.5    4.1  67    7.4  14 0 0 1 1 2 0 8.7 65.1 8.7 65.6 80.0 100 100 21 408 0 145 0 402 401 399 0 0 0 60 50 AUTO_PARK 0 
b.1 2025-06-02 14:05:02.984 a 2025-06-02-14:05:00 005 337 318 0.8 3.1 4.2 6.9 66.0 726.7 0.00 0 0.0 14.6 22.6 23.4 3.634  -41.2   13.5    3.9  67    7.5  14 0 0 1 1 2 0 8.7 65.6 8.7 66.1 80.0 100 100 21 408 0 145 0 402 401 400 0 0 0 60 50 AUTO_PARK 0 
b.1 2025-06-02 14:06:01.628 a 2025-06-02-14:05:59 303 331 348 1.8 3.7 4.3 6.8 70.5 726.7 0.00 0 0.0 15.0 24.1 24.5 3.627  -40.9   13.5    4.4  67    7.5  14 0 0 1 1 2 0 8.6 65.9 8.7 66.2 80.0 100 100 21 408 0 145 0 401 401 399 0 0 0 60 50 AUTO_PARK 0 
b.1 2025-06-02 14:07:01.144 a 2025-06-02-14:06:58 304 328 352 1.9 3.8 4.6 6.8 69.9 726.7 0.00 0 0.0 14.8 23.7 23.4 3.633  -39.4   13.5    5.3  67    7.6  14 0 0 1 1 2 0 8.6 66.9 8.6 67.0 80.0 100 100 21 408 0 145 0 401 401 399 0 0 0 60 50 AUTO_PARK 0 
b.1 2025-06-02 14:08:01.328 a 2025-06-02-14:07:58 305 333 355 0.7 3.3 4.6 6.7 72.5 726.7 0.00 0 0.0 14.5 22.6 23.4 3.634  -41.8   13.6    5.0  67    7.7  14 0 0 1 1 2 0 8.5 67.2 8.6 67.3 80.0 100 100 21 408 0 145 0 401 401 399 0 0 0 60 50 AUTO_PARK 0 
b.1 2025-06-02 14:09:00.328 a 2025-06-02-14:08:57 309 332 355 2.2 3.7 4.9 6.7 73.7 726.7 0.00 0 0.0 14.8 23.6 23.4 3.634  -39.3   13.6    5.2  67    7.6  11 0 0 1 1 2 0 8.5 68.0 8.6 68.0 80.0 100 100 21 408 0 145 0 400 401 400 0 0 0 60 50 AUTO_PARK 0 
b.1 2025-06-02 14:10:01.796 a 2025-06-02-14:09:59 045 327 292 0.2 3.7 5.6 6.7 72.7 726.7 0.00 0 0.0 15.0 24.1 24.5 3.627  -40.2   13.6    5.5  67    7.6  11 0 0 1 1 2 0 8.4 69.0 8.6 68.9 80.0 100 100 21 408 0 145 0 401 401 399 0 0 0 60 50 AUTO_PARK 0 
b.1 2025-06-02 14:11:00.244 a 2025-06-02-14:10:57 293 328 347 0.9 4.1 5.3 6.7 73.8 726.7 0.00 0 0.0 14.9 23.7 23.4 3.634  -39.8   13.5    5.9  67    7.6  13 0 0 1 1 2 0 8.4 69.4 8.6 69.4 80.0 100 100 21 408 0 145 0 401 401 399 0 0 0 60 50 AUTO_PARK 0 
b.1 2025-06-02 14:12:01.009 a 2025-06-02-14:11:58 309 329 349 2.9 4.4 5.6 6.6 74.3 726.7 0.00 0 0.0 14.5 22.6 23.4 3.633  -39.9   13.5    7.2  67    7.5  13 0 0 1 1 2 0 8.4 69.9 8.6 69.7 80.0 100 100 21 408 0 145 0 401 401 399 0 0 0 60 50 AUTO_PARK 0 
b.1 2025-06-02 14:13:01.687 a 2025-06-02-14:12:59 302 334 356 1.9 3.7 5.0 6.6 74.4 726.7 0.00 0 0.0 14.6 22.7 23.5 3.633  -38.2   13.4    6.2  67    7.5  13 0 0 1 1 2 0 8.4 70.4 8.6 70.2 80.0 100 100 21 408 0 145 0 401 401 400 0 0 0 60 50 AUTO_PARK 0 
b.1 2025-06-02 14:14:01.849 a 2025-06-02-14:13:59 317 332 355 2.9 4.0 4.9 6.5 75.2 726.7 0.00 0 0.0 14.8 23.9 23.4 3.633  -39.0   13.4    6.3  67    7.4  13 0 0 1 1 2 0 8.4 70.8 8.6 70.5 80.0 100 100 21 408 0 145 0 401 401 400 0 0 0 60 50 AUTO_PARK 0 
b.1 2025-06-02 14:15:01.605 a 2025-06-02-14:14:59 314 334 356 2.9 4.1 4.9 6.6 74.3 726.7 0.00 0 0.0 15.0 24.1 24.5 3.626  -40.4   13.4    6.3  67    7.3  13 0 0 1 1 2 0 8.4 71.1 8.5 71.0 80.0 100 100 21 408 0 145 0 401 401 400 0 0 0 60 50 AUTO_PARK 0 
b.1 2025-06-02 14:16:01.546 a 2025-06-02-14:15:59 311 333 358 1.7 3.9 5.3 6.7 74.8 726.7 0.00 0 0.0 14.8 23.4 23.4 3.634  -42.6   13.4    6.2  67    7.3  13 0 0 1 1 2 0 8.4 71.3 8.6 71.2 80.0 100 100 21 408 0 145 0 401 401 399 0 0 0 60 50 AUTO_PARK 0 
b.1 2025-06-02 14:17:01.670 a 2025-06-02-14:16:59 308 329 349 2.0 4.1 5.6 6.8 74.0 726.7 0.00 0 0.0 14.8 23.7 23.4 3.633  -39.9   13.4    6.4  67    7.4  13 0 0 1 1 2 0 8.4 71.6 8.6 71.3 80.0 100 100 21 408 0 145 0 402 401 399 0 0 0 60 50 AUTO_PARK 0 
b.1 2025-06-02 14:18:01.153 a 2025-06-02-14:17:58 005 327 295 2.0 3.9 5.2 6.8 72.7 726.7 0.00 0 0.0 15.0 24.1 24.5 3.627  -38.2   13.4    6.4  67    7.4  13 0 0 1 1 2 0 8.4 71.6 8.6 71.4 80.0 100 100 21 408 0 145 0 402 401 400 0 0 0 60 50 AUTO_PARK 0 
b.1 2025-06-02 14:19:01.368 a 2025-06-02-14:18:59 296 326 356 2.0 4.2 5.3 6.8 72.7 726.7 0.00 0 0.0 14.8 23.6 23.4 3.633  -38.3   13.4    6.7  67    7.5  13 0 0 1 1 2 0 8.4 71.4 8.6 71.2 80.0 100 100 21 408 0 145 0 402 401 399 0 0 0 60 50 AUTO_PARK 0 
b.1 2025-06-02 14:20:00.888 a 2025-06-02-14:19:58 296 324 352 1.7 4.1 5.6 6.9 72.9 726.7 0.00 0 0.0 14.5 22.5 23.4 3.634  -39.5   13.3    6.8  67    7.5   9 0 0 1 1 2 0 8.4 71.5 8.6 71.2 80.0 100 100 21 408 0 145 0 402 401 400 0 0 0 60 50 AUTO_PARK 0 
b.1 2025-06-02 14:21:01.430 a 2025-06-02-14:20:59 269 324 358 0.7 3.4 5.5 6.9 72.9 726.7 0.00 0 0.0 15.1 24.1 24.5 3.628  -38.9   13.3    5.4  67    7.4  10 0 0 1 1 2 0 8.3 71.6 8.6 71.2 80.0 100 100 21 408 0 145 0 401 401 400 0 0 0 60 50 AUTO_PARK 0 
b.1 2025-06-02 14:22:01.549 a 2025-06-02-14:21:59 292 326 358 2.1 3.9 5.4 6.9 72.6 726.7 0.00 0 0.0 15.0 24.1 24.5 3.627  -37.5   13.3    5.5  67    7.4  12 0 0 1 1 2 0 8.4 71.9 8.6 71.4 80.0 100 100 21 408 0 145 0 401 401 400 0 0 0 60 50 AUTO_PARK 0 
b.1 2025-06-02 14:23:00.332 a 2025-06-02-14:22:58 032 326 222 0.2 3.4 5.5 7.0 73.0 726.7 0.00 0 0.0 14.7 22.6 23.4 3.634  -38.4   13.3    5.0  67    7.3  12 0 0 1 1 2 0 8.4 71.9 8.6 71.6 80.0 100 100 21 408 0 145 0 401 401 399 0 0 0 60 50 AUTO_PARK 0 
b.1 2025-06-02 14:24:01.489 a 2025-06-02-14:23:59 308 328 354 2.0 3.4 5.2 7.0 73.8 726.7 0.00 0 0.0 14.6 22.6 23.4 3.633  -39.0   13.2    4.8  67    7.3  12 0 0 1 1 2 0 8.4 72.0 8.6 71.6 80.0 100 100 21 408 0 145 0 402 401 400 0 0 0 60 50 AUTO_PARK 0 
b.1 2025-06-02 14:25:02.112 a 2025-06-02-14:24:59 287 328 348 1.5 3.9 5.5 7.2 72.5 726.8 0.00 0 0.0 14.6 23.3 23.4 3.634  -38.4   13.2    5.2  68    7.4  12 0 0 1 1 2 0 8.4 72.2 8.6 71.8 80.0 100 100 21 408 0 145 0 401 401 399 0 0 0 60 50 AUTO_PARK 0 
b.1 2025-06-02 14:26:01.253 a 2025-06-02-14:25:58 044 325 201 0.4 3.8 5.5 7.1 72.3 726.8 0.00 0 0.0 15.0 24.1 24.5 3.626  -38.1   13.2    5.5  67    7.4  12 0 0 1 1 2 0 8.4 72.1 8.6 71.7 80.0 100 100 21 408 0 145 0 401 401 400 0 0 0 60 50 AUTO_PARK 0 
b.1 2025-06-02 14:27:01.470 a 2025-06-02-14:26:59 292 327 351 2.1 4.0 6.2 7.1 73.0 726.8 0.00 0 0.0 15.0 24.1 24.5 3.628  -37.7   13.2    6.1  67    7.3  12 0 0 1 1 2 0 8.4 72.0 8.6 71.7 80.0 100 100 21 408 0 145 0 401 401 399 0 0 0 60 50 AUTO_PARK 0 
b.1 2025-06-02 14:28:01.552 a 2025-06-02-14:27:59 012 339 308 2.6 3.9 5.9 7.1 73.0 726.8 0.00 0 0.0 14.9 23.9 23.4 3.633  -42.0   13.2    5.5  67    7.3  12 0 0 1 1 2 0 8.4 72.2 8.6 71.8 80.0 100 100 21 408 0 145 0 401 401 400 0 0 0 60 50 AUTO_PARK 0 
b.1 2025-06-02 14:29:01.111 a 2025-06-02-14:28:58 000 333 295 1.1 4.2 6.0 7.1 73.0 726.9 0.00 0 0.0 14.6 22.6 23.4 3.634  -43.3   13.2    6.0  67    7.3  12 0 0 1 1 2 0 8.4 72.4 8.6 72.0 80.0 100 100 21 408 0 145 0 402 401 400 0 0 0 60 50 AUTO_PARK 0 
b.1 2025-06-02 14:30:00.490 a 2025-06-02-14:29:58 008 341 314 0.5 4.0 6.1 7.1 71.0 726.8 0.00 0 0.0 14.6 23.2 23.4 3.633  -38.8   13.3    5.9  67    7.2  13 0 0 1 1 2 0 8.4 72.3 8.7 72.0 80.0 100 100 21 408 0 145 0 402 401 400 0 0 0 60 50 AUTO_PARK 0 
b.1 2025-06-02 14:31:00.930 a 2025-06-02-14:30:58 038 345 306 0.6 3.0 5.8 7.1 72.0 726.8 0.00 0 0.0 15.0 24.1 24.5 3.627  -35.6   13.3    4.6  67    7.2  13 0 0 1 1 2 0 8.5 71.9 8.7 71.6 80.0 100 100 21 408 0 145 0 401 401 399 0 0 0 60 50 AUTO_PARK 0 
b.1 2025-06-02 14:32:01.091 a 2025-06-02-14:31:58 042 344 238 0.3 3.1 4.7 7.1 71.9 726.8 0.00 0 0.0 15.1 24.1 24.5 3.627  -39.6   13.3    4.2  67    7.2  13 0 0 1 1 2 0 8.5 71.6 8.7 71.4 80.0 100 100 21 408 0 145 0 401 401 400 0 0 0 60 50 AUTO_PARK 0 
b.1 2025-06-02 14:33:00.911 a 2025-06-02-14:32:58 311 333 000 1.4 3.2 4.4 7.2 70.7 726.9 0.00 0 0.0 14.8 23.3 23.4 3.633  -36.7   13.4    4.1  67    7.3   5 0 0 1 1 2 0 8.6 71.2 8.8 71.3 80.0 100 100 22 408 0 145 0 402 401 400 0 0 0 60 50 AUTO_PARK 0 
b.1 2025-06-02 14:34:00.437 a 2025-06-02-14:33:58 004 335 282 1.7 3.3 5.4 7.2 71.9 726.8 0.00 0 0.0 14.7 23.3 23.4 3.633  -41.8   13.4    4.2  67    7.4  12 0 0 1 1 2 0 8.6 71.0 8.8 70.9 80.0 100 100 22 408 0 145 0 401 401 400 0 0 0 60 50 AUTO_PARK 0 
b.1 2025-06-02 14:35:01.536 a 2025-06-02-14:34:59 009 341 315 2.5 4.1 5.5 7.2 71.2 726.9 0.00 0 0.0 15.0 24.1 24.5 3.627  -40.9   13.4    5.1  67    7.4  14 0 0 1 1 2 0 8.7 70.8 8.8 70.7 80.0 100 100 22 408 0 145 0 402 401 399 0 0 0 60 50 AUTO_PARK 0 
b.1 2025-06-02 14:36:01.608 a 2025-06-02-14:35:59 024 342 321 1.2 3.7 5.0 7.2 71.7 726.9 0.00 0 0.0 14.9 24.1 24.5 3.627  -40.0   13.4    5.0  67    7.3  14 0 0 1 1 2 0 8.7 70.6 8.8 70.7 80.0 100 100 22 408 0 145 0 401 401 400 0 0 0 60 50 AUTO_PARK 0 
b.1 2025-06-02 14:37:01.913 a 2025-06-02-14:36:59 027 338 307 1.5 3.7 5.5 7.1 72.8 726.9 0.00 0 0.0 15.0 24.1 24.5 3.627  -42.0   13.5    5.2  66    7.3  14 0 0 1 1 2 0 8.7 70.6 8.8 70.6 80.0 100 100 22 408 0 145 0 401 401 400 0 0 0 60 50 AUTO_PARK 0 
b.1 2025-06-02 14:37:59.993 a 2025-06-02-14:37:57 025 338 316 1.5 3.5 4.8 7.0 72.8 726.9 0.00 0 0.0 14.7 22.6 23.5 3.634  -42.8   13.5    4.8  67    7.4  14 0 0 1 1 2 0 8.7 70.6 8.8 70.7 80.0 100 100 22 408 0 145 0 401 402 399 0 0 0 60 50 AUTO_PARK 0 
b.1 2025-06-02 14:39:00.614 a 2025-06-02-14:38:58 003 330 283 1.1 3.3 5.4 7.1 73.6 726.9 0.00 0 0.0 14.7 23.3 23.4 3.633  -37.6   13.5    4.6  67    7.4   5 0 0 1 1 2 0 8.7 70.7 8.9 70.7 80.0 100 100 22 408 0 145 0 401 401 399 0 0 0 60 50 AUTO_PARK 0 
b.1 2025-06-02 14:40:02.653 a 2025-06-02-14:40:00 019 338 301 1.1 3.1 5.3 7.1 72.7 726.9 0.00 0 0.0 14.7 23.3 23.4 3.633  -39.3   13.5    4.2  67    7.5  14 0 0 1 1 2 0 8.7 70.8 8.9 70.8 80.0 100 100 22 408 0 145 0 401 402 399 0 0 0 60 50 AUTO_PARK 0 
b.1 2025-06-02 14:41:00.413 a 2025-06-02-14:40:58 304 330 348 2.3 3.9 4.9 7.1 72.7 726.9 0.00 0 0.0 14.9 24.1 24.5 3.626  -39.3   13.6    5.0  67    7.6  12 0 0 1 1 2 0 8.7 70.7 8.9 70.8 80.0 100 100 22 408 0 145 0 401 401 400 0 0 0 60 50 AUTO_PARK 0 
b.1 2025-06-02 14:42:00.812 a 2025-06-02-14:41:58 311 335 353 2.1 4.1 5.3 7.1 73.2 726.9 0.00 0 0.0 15.1 24.1 24.5 3.627  -43.3   13.6    5.7  67    7.6  13 0 0 1 1 2 0 8.7 70.8 8.8 70.7 80.0 100 100 22 408 0 145 0 401 401 399 0 0 0 60 50 AUTO_PARK 0 
b.1 2025-06-02 14:43:00.749 a 2025-06-02-14:42:58 305 333 000 2.4 3.9 4.9 7.0 72.4 726.9 0.00 0 0.0 14.9 23.8 23.4 3.633  -41.9   13.6    5.8  67    7.5  13 0 0 1 1 2 0 8.7 71.0 8.8 70.9 80.0 100 100 22 408 0 145 0 401 401 400 0 0 0 60 50 AUTO_PARK 0 
b.1 2025-06-02 14:44:00.934 a 2025-06-02-14:43:58 020 335 265 0.7 3.6 5.1 6.9 72.8 726.9 0.00 0 0.0 14.7 23.6 23.4 3.633  -40.9   13.6    5.4  67    7.5  13 0 0 1 1 2 0 8.7 70.9 8.8 70.9 80.0 100 100 22 408 0 145 0 402 401 400 0 0 0 60 50 AUTO_PARK 0 
b.1 2025-06-02 14:45:01.753 a 2025-06-02-14:44:59 002 339 322 1.9 3.7 4.7 6.9 73.4 726.9 0.00 0 0.0 14.6 22.6 23.4 3.633  -40.4   13.6    5.4  67    7.5  13 0 0 1 1 2 0 8.7 70.8 8.8 70.7 80.0 100 100 22 408 0 145 0 401 401 399 0 0 0 60 50 AUTO_PARK 0 
b.1 2025-06-02 14:46:02.112 a 2025-06-02-14:45:59 007 336 299 1.9 3.4 4.7 7.1 71.6 726.9 0.00 0 0.0 14.8 23.9 23.4 3.633  -38.5   13.7    4.9  66    7.5  13 0 0 1 1 2 0 8.7 70.8 8.8 70.7 80.0 100 100 22 408 0 145 0 401 401 400 0 0 0 60 50 AUTO_PARK 0 
b.1 2025-06-02 14:47:01.450 a 2025-06-02-14:46:59 060 344 206 0.1 2.5 4.2 7.1 71.6 726.9 0.00 0 0.0 15.3 24.1 24.5 3.627  -38.4   13.7    3.7  66    7.5   0 0 0 1 1 2 0 8.7 70.6 8.8 70.7 80.0 100 100 22 408 0 145 0 402 401 400 0 0 0 60 50 AUTO_PARK 0 
b.1 2025-06-02 14:48:00.453 a 2025-06-02-14:47:58 007 339 317 1.0 3.1 4.5 7.2 71.6 726.8 0.00 0 0.0 14.8 23.6 23.4 3.633  -37.1   13.7    3.5  66    7.6  11 0 0 1 1 2 0 8.7 70.2 8.9 70.3 80.0 100 100 21 408 0 145 0 401 401 399 0 0 0 60 50 AUTO_PARK 0 
b.1 2025-06-02 14:49:01.693 a 2025-06-02-14:48:59 013 334 297 0.9 2.6 3.7 7.4 70.5 726.9 0.00 0 0.0 15.0 24.1 24.5 3.627  -41.3   13.8    3.3  67    7.8  13 0 0 1 1 2 0 8.8 69.5 8.9 69.9 80.0 100 100 21 408 0 145 0 402 401 399 0 0 0 60 50 AUTO_PARK 0 
b.1 2025-06-02 14:50:00.230 a 2025-06-02-14:49:57 029 347 236 0.4 2.2 3.2 7.6 70.2 727.0 0.00 0 0.0 15.1 24.1 24.4 3.627  -36.9   13.8    2.9  67    7.8  10 0 0 1 1 2 0 8.9 69.1 8.9 69.8 80.0 100 100 21 408 0 145 0 402 401 399 0 0 0 60 50 AUTO_PARK 0 
b.1 2025-06-02 14:51:01.013 a 2025-06-02-14:50:58 129 020 248 0.2 1.1 2.4 7.6 64.7 727.0 0.00 0 0.0 15.0 24.1 24.5 3.626  -36.7   13.9    2.4  67    7.9  10 0 0 1 1 2 0 9.0 67.9 9.0 68.9 80.0 100 100 21 408 0 145 0 401 402 399 0 0 0 60 50 AUTO_PARK 0 
b.1 2025-06-02 14:52:01.434 a 2025-06-02-14:51:59 110 004 299 0.2 1.5 2.4 7.8 62.5 726.9 0.00 0 0.0 15.0 24.0 24.5 3.627  -36.6   13.9    2.3  67    8.0   5 0 0 1 1 2 0 9.0 67.0 9.1 68.0 80.0 100 100 21 408 0 145 0 401 402 399 0 0 0 60 50 AUTO_PARK 0 
b.1 2025-06-02 14:53:00.851 a 2025-06-02-14:52:58 126 003 248 0.3 1.4 2.8 8.1 66.0 727.0 0.00 0 0.0 15.2 24.1 24.5 3.627  -36.0   14.0    2.2  68    8.1   5 0 0 1 1 2 0 9.1 65.5 9.2 66.1 80.0 100 100 21 408 0 145 0 401 401 400 0 0 0 60 50 AUTO_PARK 0 
b.1 2025-06-02 14:54:00.736 a 2025-06-02-14:53:58 108 336 311 0.2 1.8 3.1 8.4 63.8 727.0 0.00 0 0.0 15.0 24.1 24.5 3.633  -37.4   14.1    2.2  68    8.2   6 0 0 1 1 2 0 9.2 64.6 9.3 65.5 80.0 100 100 21 408 0 145 0 401 401 399 0 0 0 60 50 AUTO_PARK 0 
b.1 2025-06-02 14:55:01.433 a 2025-06-02-14:54:59 011 346 308 0.5 2.3 3.2 8.6 63.9 727.0 0.00 0 0.0 14.8 23.9 23.4 3.633  -37.2   14.2    2.3  68    8.3   8 0 0 1 1 2 0 9.3 64.6 9.3 65.0 80.0 100 100 21 408 0 145 0 402 401 400 0 0 0 60 50 AUTO_PARK 0 
b.1 2025-06-02 14:56:01.015 a 2025-06-02-14:55:58 095 008 318 0.9 2.2 4.1 8.5 61.8 727.0 0.00 0 0.0 15.2 24.1 24.5 3.628  -40.8   14.3    2.5  67    8.3   9 0 0 1 1 2 0 9.3 64.3 9.3 64.7 80.0 100 100 21 408 0 145 0 401 401 400 0 0 0 60 50 AUTO_PARK 0 
b.1 2025-06-02 14:57:01.693 a 2025-06-02-14:56:59 050 004 322 1.0 2.3 3.8 8.4 60.9 727.0 0.00 0 0.0 15.2 24.1 24.5 3.627  -37.5   14.3    2.7  67    8.2   9 0 0 1 1 2 0 9.4 63.6 9.4 64.3 80.0 100 100 21 408 0 145 0 401 401 399 0 0 0 60 50 AUTO_PARK 0 
b.1 2025-06-02 14:58:00.132 a 2025-06-02-14:57:57 113 011 298 0.4 1.7 3.6 8.3 60.1 727.0 0.00 0 0.0 15.4 24.1 24.5 3.628  -39.1   14.4    2.4  67    8.3   9 0 0 1 1 2 0 9.4 62.9 9.4 63.8 80.0 100 100 21 408 0 145 0 401 401 400 0 0 0 60 50 AUTO_PARK 0 
b.1 2025-06-02 14:59:00.315 a 2025-06-02-14:58:57 112 024 299 0.1 1.6 3.4 8.4 58.2 727.0 0.00 0 0.0 15.2 24.1 24.5 3.628  -36.1   14.4    2.3  66    8.2   9 0 0 1 1 2 0 9.4 62.0 9.4 62.9 80.0 100 100 21 408 0 145 0 401 402 400 0 0 0 60 50 AUTO_PARK 0 
b.1 2025-06-02 15:00:02.125 a 2025-06-02-14:59:59 100 341 309 0.1 1.6 2.7 8.6 60.7 727.0 0.00 0 0.0 15.2 24.1 24.5 3.627  -36.4   14.5    2.2  66    8.3   5 0 0 1 1 2 0 9.5 61.5 9.5 62.3 80.0 100 100 21 408 0 145 0 401 402 399 0 0 0 60 50 AUTO_PARK 0 
b.1 2025-06-02 15:01:00.674 a 2025-06-02-15:00:58 110 350 311 0.2 1.4 3.9 8.8 58.4 727.0 0.00 0 0.0 15.0 24.1 24.5 3.627  -36.5   14.6    2.2  66    8.4   5 0 0 1 1 2 0 9.5 60.2 9.6 61.1 80.0 100 100 21 408 0 145 0 401 401 399 0 0 0 60 50 WAIT_ACK 0 
b.1 2025-06-02 15:02:00.716 a 2025-06-02-15:01:58 132 051 270 0.1 1.7 3.4 8.8 58.2 727.0 0.00 0 0.0 14.9 24.0 24.5 3.628  -36.8   14.6    2.3  66    8.3   5 0 0 1 1 2 0 9.6 59.8 9.6 60.4 80.0 100 100 21 408 0 145 0 401 401 399 0 0 0 60 50 WAIT_ACK 0 
b.1 2025-06-02 15:03:02.305 a 2025-06-02-15:02:59 015 049 096 0.6 1.8 3.1 8.9 57.1 727.1 0.00 0 0.0 15.2 24.1 24.5 3.627  -38.5   14.7    2.4  66    8.3  10 0 0 1 1 2 0 9.6 59.3 9.6 59.9 80.0 100 100 21 408 0 145 0 402 401 400 0 0 0 60 50 WAIT_ACK 0 
b.1 2025-06-02 15:04:01.434 a 2025-06-02-15:03:59 114 095 297 0.1 1.3 3.0 9.0 57.7 727.1 0.00 0 0.0 15.2 24.1 24.5 3.627  -36.2   14.7    2.2  66    8.3   7 0 0 1 1 2 0 9.6 59.7 9.6 60.0 80.0 100 100 21 408 0 145 0 402 401 399 0 0 0 60 50 WAIT_ACK 0 
b.1 2025-06-02 15:05:01.417 a 2025-06-02-15:04:59 270 129 325 0.1 0.4 1.4 9.2 59.1 727.1 0.00 0 0.0 15.5 24.1 24.5 3.628  -35.6   14.8    0.0  66    8.4   7 0 0 1 1 2 0 9.7 59.3 9.7 59.9 80.0 100 100 21 408 0 145 0 401 401 399 0 0 0 60 50 WAIT_ACK 0 
b.1 2025-06-02 15:06:01.819 a 2025-06-02-15:05:59 114 106 151 0.1 0.4 1.7 9.4 59.9 727.1 0.00 0 0.0 15.8 24.1 24.5 3.627  -36.0   14.8    0.0  66    8.5   5 0 0 1 1 2 0 9.7 59.5 9.7 60.0 80.0 100 100 21 408 0 145 0 401 401 399 0 0 0 60 50 WAIT_ACK 0 
b.1 2025-06-02 15:07:01.433 a 2025-06-02-15:06:59 140 060 300 0.0 1.1 3.5 9.5 56.5 727.1 0.00 0 0.0 15.9 24.1 24.5 3.628  -37.2   14.9    2.2  66    8.7   5 0 0 1 1 2 0 9.8 59.1 9.7 59.7 80.0 100 100 21 408 0 145 0 401 401 399 0 0 0 60 50 WAIT_ACK 0 
b.1 2025-06-02 15:08:01.276 a 2025-06-02-15:07:58 107 026 309 0.1 1.5 3.5 9.5 56.2 727.2 0.00 0 0.0 15.7 24.1 24.5 3.628  -36.8   15.0    2.2  66    8.6   5 0 0 1 1 2 0 9.8 58.9 9.8 59.5 80.0 100 100 21 408 0 145 0 400 401 399 0 0 0 60 50 WAIT_ACK 0 
b.1 2025-06-02 15:09:00.032 a 2025-06-02-15:08:57 008 058 121 0.1 1.6 3.3 9.4 55.6 727.2 0.00 0 0.0 15.6 24.1 24.5 3.628  -36.7   15.0    2.3  65    8.6   5 0 0 1 1 2 0 9.8 58.9 9.8 59.4 80.0 100 100 21 408 0 145 0 402 401 400 0 0 0 60 50 WAIT_ACK 0 
b.1 2025-06-02 15:10:02.157 a 2025-06-02-15:09:59 243 065 273 0.0 0.4 2.1 9.4 57.4 727.1 0.00 0 0.0 15.9 24.1 24.5 3.627  -36.1   15.1    2.1  66    8.7   5 0 0 1 1 2 0 9.8 59.0 9.8 59.5 80.0 100 100 21 408 0 145 0 402 401 400 0 0 0 60 50 WAIT_ACK 0 
b.1 2025-06-02 15:11:00.798 a 2025-06-02-15:10:58 144 022 207 0.1 1.1 3.1 9.4 57.9 727.2 0.00 0 0.0 16.0 24.1 24.5 3.626  -35.4   15.1    0.0  66    8.7   5 0 0 1 1 2 0 9.9 59.0 9.8 59.4 80.0 100 100 22 408 0 145 0 400 401 399 0 0 0 60 50 WAIT_ACK 0 
b.1 2025-06-02 15:12:01.513 a 2025-06-02-15:11:59 090 020 324 0.1 1.3 2.9 9.4 55.1 727.2 0.00 0 0.0 15.9 24.1 24.5 3.628  -37.7   15.2    2.2  66    8.9   5 0 0 1 1 2 0 9.9 58.5 9.9 59.0 80.0 100 100 22 408 0 145 0 401 401 399 0 0 0 60 50 WAIT_ACK 0 
b.1 2025-06-02 15:13:00.696 a 2025-06-02-15:12:58 126 348 305 0.1 1.3 2.7 9.4 55.6 727.1 0.00 0 0.0 15.9 24.1 24.5 3.627  -38.3   15.3    2.2  66    9.0   6 0 0 1 1 2 0 9.9 58.5 9.9 58.9 80.0 100 100 22 408 0 145 0 402 401 400 0 0 0 60 50 WAIT_ACK 0 
b.1 2025-06-02 15:14:01.895 a 2025-06-02-15:13:59 009 080 129 0.4 1.7 2.7 9.3 56.3 727.1 0.00 0 0.0 15.9 24.1 24.5 3.628  -38.6   15.4    2.2  65    8.9   7 0 0 1 1 2 0 9.9 58.7 9.9 59.6 80.0 100 100 22 408 0 145 0 401 401 400 0 0 0 60 50 WAIT_ACK 0 
b.1 2025-06-02 15:15:02.437 a 2025-06-02-15:15:00 182 090 302 0.1 0.7 2.3 9.2 58.6 727.1 0.00 0 0.0 16.0 24.1 24.5 3.627  -36.3   15.4    0.0  65    8.8   7 0 0 1 1 2 0 9.9 58.7 10.0 58.6 80.0 100 100 22 408 0 145 0 401 401 399 0 0 0 60 50 WAIT_ACK 0 
b.1 2025-06-02 15:16:01.398 a 2025-06-02-15:15:58 060 052 126 0.1 1.2 2.6 9.3 56.2 727.1 0.00 0 0.0 16.1 24.1 24.5 3.628  -38.4   15.4    2.2  64    8.6   7 0 0 1 1 2 0 9.9 58.8 10.0 58.9 80.0 100 100 22 408 0 145 0 401 401 399 0 0 0 60 50 WAIT_ACK 0 
b.1 2025-06-02 15:17:00.118 a 2025-06-02-15:16:57 104 046 356 0.5 1.5 2.7 9.3 56.5 727.1 0.00 0 0.0 16.0 24.1 24.5 3.633  -36.4   15.4    2.2  64    8.7   7 0 0 1 1 2 0 10.0 58.7 10.1 58.9 80.0 100 100 22 408 0 145 0 402 401 400 0 0 0 60 50 WAIT_ACK 0 
b.1 2025-06-02 15:18:01.359 a 2025-06-02-15:17:58 167 013 270 0.0 0.5 1.7 9.4 57.5 727.1 0.00 0 0.0 16.3 24.1 24.5 3.633  -35.5   15.5    0.0  64    8.8   0 0 0 1 1 2 0 10.0 58.6 10.1 58.8 80.0 100 100 22 408 0 145 0 401 401 399 0 0 0 60 50 WAIT_ACK 0 
b.1 2025-06-02 15:19:00.773 a 2025-06-02-15:18:58 132 066 270 0.0 0.7 1.6 9.4 57.5 727.1 0.00 0 0.0 16.8 24.1 24.5 3.628  -37.1   15.5    0.0  65    8.9   5 0 0 1 1 2 0 10.0 58.9 10.1 58.8 80.0 100 100 22 408 0 145 0 402 401 400 0 0 0 60 50 WAIT_ACK 0 
b.1 2025-06-02 15:20:00.674 a 2025-06-02-15:19:58 101 345 280 0.1 0.8 1.6 9.6 58.1 727.1 0.00 0 0.0 17.1 24.1 24.5 3.634  -37.5   15.6    2.1  65    9.1   5 0 0 1 1 2 0 10.0 58.5 10.2 58.5 80.0 100 100 22 408 0 145 0 402 401 400 0 0 0 60 50 WAIT_ACK 0 
b.1 2025-06-02 15:21:00.836 a 2025-06-02-15:20:58 118 348 213 0.1 1.1 2.1 9.7 57.0 727.1 0.00 0 0.0 17.2 24.1 24.5 3.627  -36.7   15.7    0.0  66    9.4   5 0 0 1 1 2 0 10.1 58.5 10.2 58.5 80.0 100 100 22 408 0 145 0 401 401 399 0 0 0 60 50 WAIT_ACK 0 
b.1 2025-06-02 15:21:59.540 a 2025-06-02-15:21:57 126 065 215 0.1 1.5 3.6 9.7 58.1 727.1 0.00 0 0.0 17.1 24.1 24.4 3.627  -37.4   15.9    2.2  66    9.5   5 0 0 1 1 2 0 10.2 58.2 10.3 58.3 80.0 100 100 22 408 0 145 0 401 401 399 0 0 0 60 50 WAIT_ACK 0 
b.1 2025-06-02 15:23:00.654 a 2025-06-02-15:22:58 097 027 306 0.5 2.2 3.7 9.9 56.3 727.2 0.00 0 0.0 16.8 24.1 24.5 3.627  -39.8   16.0    2.4  65    9.5  10 0 0 1 1 2 0 10.2 57.8 10.3 58.0 80.0 100 100 22 408 0 145 0 401 401 400 0 0 0 60 50 WAIT_ACK 0 
b.1 2025-06-02 15:24:01.994 a 2025-06-02-15:23:59 046 020 352 0.6 2.3 4.1 9.9 53.9 727.2 0.00 0 0.0 16.2 24.1 24.5 3.627  -39.5   16.1    2.6  65    9.4   7 0 0 1 1 2 0 10.2 57.3 10.3 57.5 80.0 100 100 22 408 0 145 0 401 401 399 0 0 0 60 50 WAIT_ACK 0 
b.1 2025-06-02 15:25:01.598 a 2025-06-02-15:24:59 097 006 120 0.0 1.0 2.7 9.8 54.6 727.2 0.00 0 0.0 16.3 24.1 24.5 3.627  -36.5   16.2    2.2  65    9.6   7 0 0 1 1 2 0 10.3 57.6 10.4 57.6 80.0 100 100 22 408 0 145 0 401 401 399 0 0 0 60 50 WAIT_ACK 0 
b.1 2025-06-02 15:25:59.775 a 2025-06-02-15:25:57 259 117 327 0.1 1.3 2.5 9.7 57.3 727.2 0.00 0 0.0 16.6 24.1 24.5 3.626  -37.0   16.3    2.1  64    9.4   7 0 0 1 1 2 0 10.3 57.6 10.4 57.8 80.0 100 100 22 408 0 145 0 401 401 400 0 0 0 60 50 WAIT_ACK 0 
b.1 2025-06-02 15:27:01.615 a 2025-06-02-15:26:59 246 131 292 0.1 0.3 1.4 9.8 57.1 727.2 0.00 0 0.0 17.1 24.1 24.5 3.627  -37.0   16.3    0.0  64    9.4   5 0 0 1 1 2 0 10.3 57.6 10.4 57.8 80.0 100 100 22 408 0 145 0 401 401 399 0 0 0 60 50 WAIT_ACK 0 
b.1 2025-06-02 15:28:01.194 a 2025-06-02-15:27:58 118 104 182 0.0 0.4 0.8 9.9 57.1 727.3 0.00 0 0.0 17.7 24.1 24.5 3.628  -36.7   16.3    0.0  65    9.6   5 0 0 1 1 2 0 10.4 57.6 10.4 57.6 80.0 100 100 21 408 0 145 0 401 401 399 0 0 0 60 50 WAIT_ACK 0 
b.1 2025-06-02 15:29:00.157 a 2025-06-02-15:28:57 131 063 228 0.0 0.7 2.7 10.1 57.8 727.3 0.00 0 0.0 18.2 24.1 24.5 3.628  -37.8   16.4    2.2  65    9.9   5 0 0 1 1 2 0 10.4 57.6 10.4 57.9 80.0 100 100 21 408 0 145 0 400 401 400 0 0 0 60 50 WAIT_ACK 0 
b.1 2025-06-02 15:30:01.073 a 2025-06-02-15:29:58 114 041 303 0.3 2.1 3.7 10.3 55.4 727.3 0.00 0 0.0 17.8 24.1 24.4 3.627  -39.7   16.5    2.4  65    9.8   5 0 0 1 1 2 0 10.4 57.7 10.4 58.0 80.0 100 100 21 408 0 145 0 401 401 400 0 0 0 60 50 WAIT_ACK 0 
b.1 2025-06-02 15:31:01.394 a 2025-06-02-15:30:59 116 020 323 0.3 1.8 3.4 10.2 56.0 727.3 0.00 0 0.0 17.3 24.1 24.5 3.626  -38.9   16.6    2.4  64    9.7   6 0 0 1 1 2 0 10.4 57.8 10.4 58.0 80.0 100 100 21 408 0 145 0 401 402 399 0 0 0 60 50 WAIT_ACK 0 
b.1 2025-06-02 15:32:01.654 a 2025-06-02-15:31:59 123 354 198 0.1 1.0 2.1 10.0 56.5 727.3 0.00 0 0.0 17.3 24.1 24.5 3.628  -37.1   16.6    2.2  64    9.7   7 0 0 1 1 2 0 10.4 58.3 10.4 58.4 80.0 100 100 21 408 0 145 0 402 401 400 0 0 0 60 50 WAIT_ACK 0 
b.1 2025-06-02 15:33:01.598 a 2025-06-02-15:32:59 129 032 317 0.1 0.4 2.2 9.9 59.4 727.4 0.00 0 0.0 17.6 24.1 24.5 3.631  -38.0   16.7    0.0  62    9.4   0 0 0 1 1 2 0 10.4 58.5 10.4 58.6 80.0 100 100 21 408 0 145 0 401 401 400 0 0 0 60 50 WAIT_ACK 0 
b.1 2025-06-02 15:34:01.634 a 2025-06-02-15:33:59 206 353 309 0.1 0.8 2.2 9.9 58.0 727.3 0.00 0 0.0 17.9 24.1 24.5 3.627  -38.3   16.6    0.0  63    9.4   5 0 0 1 1 2 0 10.4 58.7 10.4 58.7 80.0 100 100 21 408 0 145 0 401 401 400 0 0 0 60 50 WAIT_ACK 0 
b.1 2025-06-02 15:35:00.517 a 2025-06-02-15:34:58 101 344 269 0.1 1.0 1.9 10.0 57.5 727.3 0.00 0 0.0 17.9 24.1 24.5 3.627  -38.2   16.7    0.0  64    9.8   5 0 0 1 1 2 0 10.4 58.9 10.5 58.8 80.0 100 100 21 408 0 145 0 401 401 400 0 0 0 60 50 WAIT_ACK 0 
b.1 2025-06-02 15:36:01.198 a 2025-06-02-15:35:58 114 357 245 0.1 1.3 2.8 9.9 57.3 727.3 0.00 0 0.0 18.1 24.1 24.4 3.634  -37.7   16.7    2.2  64    9.9   5 0 0 1 1 2 0 10.4 59.0 10.5 58.7 80.0 100 100 21 408 0 145 0 401 401 399 0 0 0 60 50 WAIT_ACK 0 
b.1 2025-06-02 15:37:00.680 a 2025-06-02-15:36:58 270 079 291 0.1 0.7 2.8 9.9 55.5 727.4 0.00 0 0.0 18.0 24.1 24.5 3.628  -37.3   16.8    0.0  65   10.2   5 0 0 1 1 2 0 10.4 59.3 10.5 59.1 80.0 100 100 21 408 0 145 0 402 401 400 0 0 0 60 50 WAIT_ACK 0 
b.1 2025-06-02 15:38:01.915 a 2025-06-02-15:37:59 070 050 214 0.1 0.9 2.3 9.8 58.0 727.4 0.00 0 0.0 18.3 24.1 24.5 3.627  -38.1   16.9    0.0  64   10.2   5 0 0 1 1 2 0 10.4 59.1 10.5 59.0 80.0 100 100 21 408 0 145 0 402 401 400 0 0 0 60 50 WAIT_ACK 0 
b.1 2025-06-02 15:39:01.378 a 2025-06-02-15:38:58 242 081 257 0.0 0.5 1.7 9.9 57.7 727.4 0.00 0 0.0 18.7 24.1 24.5 3.633  -37.9   17.0    0.0  64   10.2   5 0 0 1 1 2 0 10.5 58.9 10.6 59.1 80.0 100 100 21 408 0 145 0 401 401 399 0 0 0 60 50 WAIT_ACK 0 
b.1 2025-06-02 15:40:02.173 a 2025-06-02-15:39:59 248 184 292 0.0 0.3 0.8 10.1 58.2 727.4 0.00 0 0.0 19.3 24.1 24.5 3.628  -37.4   17.0    2.1  64   10.2   5 0 0 1 1 2 0 10.5 59.4 10.6 59.3 80.0 100 100 21 408 0 145 0 401 401 399 0 0 0 60 50 WAIT_ACK 0 
b.1 2025-06-02 15:41:01.756 a 2025-06-02-15:40:59 221 091 279 0.1 0.8 1.6 10.3 56.7 727.4 0.00 0 0.0 19.7 24.1 24.5 3.627  -38.7   17.0    0.0  64   10.2   5 0 0 1 1 2 0 10.5 59.0 10.6 59.2 80.0 100 100 21 408 0 145 0 402 401 400 0 0 0 60 50 WAIT_ACK 0 
b.1 2025-06-02 15:42:00.756 a 2025-06-02-15:41:58 152 084 339 0.2 1.0 2.2 10.4 56.6 727.4 0.00 0 0.0 19.9 24.1 24.5 3.626  -38.0   17.1    0.0  65   10.4   5 0 0 1 1 2 0 10.5 59.3 10.6 59.6 80.0 100 100 21 408 0 145 0 401 401 399 0 0 0 60 50 WAIT_ACK 0 
b.1 2025-06-02 15:43:02.039 a 2025-06-02-15:42:59 186 102 325 0.1 0.9 2.0 10.5 55.6 727.4 0.00 0 0.0 20.0 24.1 24.5 3.627  -38.0   17.2    0.0  65   10.6   5 0 0 1 1 2 0 10.6 59.7 10.7 59.2 80.0 100 100 21 408 0 145 0 402 401 400 0 0 0 60 50 WAIT_ACK 0 
b.1 2025-06-02 15:44:01.897 a 2025-06-02-15:43:59 232 045 243 0.0 0.5 1.2 10.5 55.6 727.4 0.00 0 0.0 20.3 24.1 24.5 3.627  -37.2   17.3    0.0  65   10.6   0 0 0 1 1 2 0 10.6 59.5 10.7 59.2 80.0 100 100 21 408 0 145 0 401 401 400 0 0 0 60 50 WAIT_ACK 0 
b.1 2025-06-02 15:45:01.319 a 2025-06-02-15:44:58 039 304 237 0.1 0.8 1.5 10.6 54.8 727.4 0.00 0 0.0 20.4 24.1 24.5 3.627  -37.3   17.3    0.0  65   10.7   0 0 0 1 1 2 0 10.6 59.3 10.7 59.4 80.0 100 100 22 408 0 145 0 402 401 400 0 0 0 60 50 WAIT_ACK 0 
b.1 2025-06-02 15:46:00.917 a 2025-06-02-15:45:58 243 300 348 0.3 0.7 1.2 10.6 55.2 727.4 0.00 0 0.0 20.5 24.1 24.5 3.627  -38.4   17.4    0.0  66   10.9   5 0 0 1 1 2 0 10.6 59.3 10.7 59.6 80.0 100 100 22 408 0 145 0 402 401 399 0 0 0 60 50 WAIT_ACK 0 
b.1 2025-06-02 15:47:01.157 a 2025-06-02-15:46:58 063 339 327 0.0 0.2 0.7 10.6 55.4 727.4 0.00 0 0.0 20.8 24.1 24.4 3.627  -37.5   17.6    0.0  66   11.1   0 0 0 1 1 2 0 10.6 59.4 10.7 59.7 80.0 100 100 22 408 0 145 0 401 401 399 0 0 0 60 50 WAIT_ACK 0 
b.1 2025-06-02 15:48:01.599 a 2025-06-02-15:47:59 048 293 237 0.1 0.6 1.2 10.7 55.2 727.4 0.00 0 0.0 21.2 24.1 24.5 3.627  -37.6   17.7    2.1  66   11.3   0 0 0 1 1 2 0 10.7 59.0 10.8 59.3 80.0 100 100 22 408 0 145 0 402 401 399 0 0 0 60 50 WAIT_ACK 0 
b.1 2025-06-02 15:49:00.062 a 2025-06-02-15:48:57 078 279 090 0.1 0.3 1.6 10.7 56.1 727.4 0.00 0 0.0 21.5 24.1 24.5 3.633  -37.7   17.9    0.0  66   11.4   5 0 0 1 1 2 0 10.7 58.9 10.8 59.2 80.0 100 100 22 408 0 145 0 401 401 399 0 0 0 60 50 WAIT_ACK 0 
b.1 2025-06-02 15:50:00.780 a 2025-06-02-15:49:58 107 319 264 0.1 1.0 3.2 10.7 56.1 727.4 0.00 0 0.0 21.4 24.1 24.5 3.633  -39.7   17.9    2.1  64   11.1   5 0 0 1 1 2 0 10.8 58.8 10.8 58.9 80.0 100 100 22 408 0 145 0 402 401 400 0 0 0 60 50 WAIT_ACK 0 
b.1 2025-06-02 15:51:00.960 a 2025-06-02-15:50:58 081 319 281 0.2 1.8 3.3 10.7 54.9 727.4 0.00 0 0.0 20.7 24.1 24.5 3.627  -39.6   18.0    2.2  63   10.9   5 0 0 1 1 2 0 10.8 59.0 10.8 59.0 80.0 100 100 22 408 0 145 0 402 401 400 0 0 0 60 50 WAIT_ACK 0 
b.1 2025-06-02 15:52:01.341 a 2025-06-02-15:51:58 127 333 270 0.1 1.6 3.7 10.6 50.8 727.4 0.00 0 0.0 20.0 24.1 24.5 3.628  -41.3   18.1    2.2  63   10.9   5 0 0 1 1 2 0 10.8 58.3 10.8 58.8 80.0 100 100 22 408 0 145 0 402 401 399 0 0 0 60 50 WAIT_ACK 0 
b.1 2025-06-02 15:52:59.880 a 2025-06-02-15:52:57 129 000 231 0.1 1.7 3.1 10.3 52.1 727.4 0.00 0 0.0 19.5 24.1 24.5 3.627  -39.2   18.1    2.2  63   10.9   5 0 0 1 1 2 0 10.8 58.2 10.9 58.6 80.0 100 100 22 408 0 145 0 401 401 400 0 0 0 60 50 WAIT_ACK 0 
b.1 2025-06-02 15:54:01.680 a 2025-06-02-15:53:59 103 346 179 0.1 1.4 2.7 10.1 52.9 727.4 0.00 0 0.0 19.5 24.1 24.4 3.627  -39.7   18.1    2.2  63   10.9   7 0 0 1 1 2 0 10.9 57.5 10.9 58.1 80.0 100 100 22 408 0 145 0 401 401 399 0 0 0 60 50 WAIT_ACK 0 
b.1 2025-06-02 15:55:01.441 a 2025-06-02-15:54:59 286 218 326 0.1 0.9 2.6 10.1 52.3 727.4 0.00 0 0.0 19.3 24.1 24.5 3.635  -38.7   18.2    0.0  63   11.0   7 0 0 1 1 2 0 10.9 57.5 10.9 58.2 80.0 100 100 22 408 0 145 0 402 401 400 0 0 0 60 50 WAIT_ACK 0 
b.1 2025-06-02 15:56:01.516 a 2025-06-02-15:55:59 020 347 285 0.1 1.7 3.7 10.0 54.1 727.4 0.00 0 0.0 19.4 24.1 24.5 3.628  -45.1   18.1    2.3  62   10.8   5 0 0 1 1 2 0 10.9 58.0 10.9 57.9 80.0 100 100 22 408 0 145 0 402 401 400 0 0 0 60 50 WAIT_ACK 0 
b.1 2025-06-02 15:57:01.121 a 2025-06-02-15:56:58 047 322 216 0.1 1.8 3.4 10.1 54.6 727.4 0.00 0 0.0 18.9 24.1 24.5 3.627  -39.8   18.2    2.4  61   10.6   5 0 0 1 1 2 0 10.9 57.4 10.9 58.0 80.0 100 100 22 408 0 145 0 401 401 399 0 0 0 60 50 WAIT_ACK 0 
b.1 2025-06-02 15:58:01.282 a 2025-06-02-15:57:58 107 323 179 0.2 1.7 3.4 10.0 52.0 727.5 0.00 0 0.0 18.5 24.1 24.5 3.627  -40.7   18.2    2.3  61   10.6   5 0 0 1 1 2 0 10.9 57.4 11.0 57.4 80.0 100 100 22 408 0 145 0 401 401 400 0 0 0 60 50 WAIT_ACK 0 
b.1 2025-06-02 15:59:01.265 a 2025-06-02-15:58:58 092 332 245 0.1 1.8 3.8 9.9 52.3 727.5 0.00 0 0.0 18.2 24.1 24.5 3.627  -40.9   18.2    2.3  60   10.2   6 0 0 1 1 2 0 10.9 57.2 11.0 57.3 80.0 100 100 22 408 0 145 0 401 401 400 0 0 0 60 50 WAIT_ACK 0 
b.1 2025-06-02 16:00:01.943 a 2025-06-02-15:59:59 094 345 187 0.2 1.7 3.7 9.9 52.2 727.5 0.00 0 0.0 17.9 24.1 24.5 3.627  -40.3   18.1    2.3  58    9.8   6 0 0 1 1 2 0 10.8 57.1 11.0 57.5 80.0 100 100 22 408 0 145 0 402 401 400 0 0 0 60 50 WAIT_ACK 0 
b.1 2025-06-02 16:01:00.759 a 2025-06-02-16:00:58 129 330 307 0.1 0.8 2.2 9.8 55.8 727.4 0.00 0 0.0 18.4 24.1 24.5 3.628  -40.1   18.0    0.0  58    9.6   6 0 0 1 1 2 0 10.9 57.7 11.0 57.7 80.0 100 100 22 408 0 145 0 401 401 399 0 0 0 60 50 WAIT_ACK 0 
b.1 2025-06-02 16:02:01.861 a 2025-06-02-16:01:59 034 343 225 0.1 1.0 2.2 9.8 57.5 727.5 0.00 0 0.0 18.9 24.1 24.5 3.627  -38.1   17.9    0.0  59    9.7   0 0 0 1 1 2 0 10.9 57.8 11.0 57.9 80.0 100 100 22 408 0 145 0 401 401 400 0 0 0 60 50 WAIT_ACK 0 
b.1 2025-06-02 16:03:01.338 a 2025-06-02-16:02:58 190 076 240 0.0 0.4 1.5 9.9 58.3 727.5 0.00 0 0.0 19.6 24.1 24.5 3.626  -39.0   17.8    0.0  59    9.7   5 0 0 1 1 2 0 11.0 57.9 11.0 58.2 80.0 100 100 21 408 0 145 0 402 401 399 0 0 0 60 50 WAIT_ACK 0 
b.1 2025-06-02 16:04:01.782 a 2025-06-02-16:03:59 122 020 237 0.1 1.0 2.0 10.0 56.5 727.5 0.00 0 0.0 19.8 24.1 24.4 3.627  -38.8   17.7    0.0  60    9.7   5 0 0 1 1 2 0 11.0 57.7 11.0 58.1 80.0 100 100 21 408 0 145 0 401 401 399 0 0 0 60 50 WAIT_ACK 0 
b.1 2025-06-02 16:05:01.622 a 2025-06-02-16:04:59 178 038 224 0.1 0.9 2.1 10.2 55.3 727.5 0.00 0 0.0 20.2 24.1 24.5 3.628  -39.9   17.6    2.2  60    9.9   5 0 0 1 1 2 0 11.0 57.7 11.0 58.4 80.0 100 100 21 408 0 145 0 401 401 400 0 0 0 60 50 WAIT_ACK 0 
b.1 2025-06-02 16:06:01.842 a 2025-06-02-16:05:59 040 051 212 0.1 1.1 3.2 10.2 56.3 727.4 0.00 0 0.0 20.2 24.1 24.4 3.628  -38.1   17.6    0.0  60    9.8   0 0 0 1 1 2 0 11.0 57.5 11.0 58.0 80.0 100 100 21 408 0 145 0 402 401 399 0 0 0 60 50 WAIT_ACK 0 
b.1 2025-06-02 16:07:01.502 a 2025-06-02-16:06:59 016 183 266 0.1 0.4 1.5 10.3 57.5 727.4 0.00 0 0.0 20.8 24.1 24.5 3.627  -37.8   17.6    0.0  61    9.9   0 0 0 1 1 2 0 11.0 57.6 11.1 58.0 80.0 100 100 21 408 0 145 0 401 402 399 0 0 0 60 50 WAIT_ACK 0 
b.1 2025-06-02 16:08:00.342 a 2025-06-02-16:07:57 122 325 141 0.1 0.4 1.1 10.4 57.1 727.4 0.00 0 0.0 21.5 24.1 24.4 3.634  -38.2   17.6    0.0  61    9.9   5 0 0 1 1 2 0 11.0 57.8 11.1 58.1 80.0 100 100 21 408 0 145 0 401 401 400 0 0 0 60 50 WAIT_ACK 0 
b.1 2025-06-02 16:09:00.262 a 2025-06-02-16:08:57 125 346 154 0.1 0.7 1.7 10.6 57.5 727.5 0.00 0 0.0 22.0 24.1 24.5 3.627  -39.2   17.6    0.0  62   10.3   5 0 0 1 1 2 0 11.1 57.8 11.1 58.5 80.0 100 100 21 408 0 145 0 402 401 400 0 0 0 60 50 WAIT_ACK 0 
b.1 2025-06-02 16:10:02.042 a 2025-06-02-16:09:59 218 028 321 0.0 0.7 2.0 10.7 57.1 727.4 0.00 0 0.0 22.3 24.1 24.4 3.628  -37.5   17.7    0.0  63   10.5   0 0 0 1 1 2 0 11.1 58.4 11.1 58.7 80.0 100 100 21 408 0 145 0 401 401 399 0 0 0 60 50 WAIT_ACK 0 
b.1 2025-06-02 16:11:01.463 a 2025-06-02-16:10:59 200 046 276 0.0 0.8 3.1 10.8 59.1 727.5 0.00 0 0.0 22.7 24.1 24.4 3.633  -41.0   17.8    2.2  62   10.4   5 0 0 1 1 2 0 11.1 58.3 11.2 58.5 80.0 100 100 21 408 0 145 0 402 401 400 0 0 0 60 50 WAIT_ACK 0 
b.1 2025-06-02 16:12:00.924 a 2025-06-02-16:11:58 198 032 255 0.1 1.4 2.9 10.8 56.4 727.5 0.00 0 0.0 22.3 24.1 24.4 3.627  -38.6   17.8    2.2  62   10.4   5 0 0 1 1 2 0 11.1 58.2 11.2 58.4 80.0 100 100 21 408 0 145 0 401 401 399 0 0 0 60 50 WAIT_ACK 0 
b.1 2025-06-02 16:13:00.819 a 2025-06-02-16:12:58 129 030 253 0.1 1.3 2.7 10.7 56.5 727.5 0.00 0 0.0 21.9 24.1 24.5 3.627  -39.6   17.9    2.2  62   10.4   5 0 0 1 1 2 0 11.2 58.1 11.2 58.3 80.0 100 100 21 408 0 145 0 401 401 400 0 0 0 60 50 WAIT_ACK 0 
b.1 2025-06-02 16:14:00.121 a 2025-06-02-16:13:57 090 193 123 0.0 0.4 1.8 10.5 56.8 727.5 0.00 0 0.0 22.2 24.1 24.5 3.627  -38.0   17.9    0.0  61   10.3   0 0 0 1 1 2 0 11.1 58.3 11.2 58.5 80.0 100 100 21 408 0 145 0 401 401 399 0 0 0 60 50 WAIT_ACK 0 
b.1 2025-06-02 16:15:00.762 a 2025-06-02-16:14:58 099 054 195 0.0 0.4 1.7 10.5 56.9 727.5 0.00 0 0.0 22.7 24.1 24.5 3.626  -37.5   17.9    2.1  61   10.4   0 0 0 1 1 2 0 11.1 58.5 11.2 58.8 80.0 100 100 21 408 0 145 0 400 402 399 0 0 0 60 50 WAIT_ACK 0 
b.1 2025-06-02 16:16:01.341 a 2025-06-02-16:15:58 123 332 241 0.1 0.8 2.1 10.6 57.2 727.5 0.00 0 0.0 22.8 24.1 24.5 3.628  -38.3   17.9    2.2  61   10.4   5 0 0 1 1 2 0 11.1 58.7 11.2 58.7 80.0 100 100 22 408 0 145 0 400 402 400 0 0 0 60 50 WAIT_ACK 0 
b.1 2025-06-02 16:17:00.424 a 2025-06-02-16:16:57 124 063 188 0.1 0.3 1.2 10.6 58.0 727.5 0.00 0 0.0 22.9 24.1 24.5 3.627  -37.9   18.0    0.0  60   10.1   0 0 0 1 1 2 0 11.1 58.7 11.2 58.9 80.0 100 100 22 408 0 145 0 401 401 399 0 0 0 60 50 WAIT_ACK 0 
b.1 2025-06-02 16:18:00.545 a 2025-06-02-16:17:58 104 343 234 0.1 0.7 1.8 10.7 56.7 727.5 0.00 0 0.0 23.3 24.1 24.5 3.628  -39.3   18.0    0.0  60   10.2   5 0 0 1 1 2 0 11.1 58.8 11.2 58.8 80.0 100 100 22 408 0 145 0 401 401 400 0 0 0 60 50 WAIT_ACK 0 
b.1 2025-06-02 16:19:02.289 a 2025-06-02-16:18:59 023 357 148 0.1 1.1 3.1 10.7 56.2 727.5 0.00 0 0.0 23.2 24.1 24.5 3.627  -40.3   18.0    2.2  61   10.5   5 0 0 1 1 2 0 11.2 58.9 11.3 58.9 80.0 100 100 22 408 0 145 0 401 401 400 0 0 0 60 50 WAIT_ACK 0 
b.1 2025-06-02 16:20:00.301 a 2025-06-02-16:19:57 060 012 262 0.3 1.5 2.7 10.6 56.9 727.5 0.00 0 0.0 22.5 24.1 24.5 3.627  -39.6   18.0    2.2  61   10.5   5 0 0 1 1 2 0 11.2 58.9 11.3 58.9 80.0 100 100 22 408 0 145 0 401 401 400 0 0 0 60 50 WAIT_ACK 0 
b.1 2025-06-02 16:21:00.989 a 2025-06-02-16:20:58 134 037 306 0.1 1.7 3.2 10.4 57.2 727.6 0.00 0 0.0 22.2 24.1 24.5 3.633  -40.3   18.1    2.4  61   10.5   5 0 0 1 1 2 0 11.2 58.8 11.3 59.0 80.0 100 100 22 408 0 145 0 401 401 400 0 0 0 60 50 WAIT_ACK 0 
b.1 2025-06-02 16:22:01.121 a 2025-06-02-16:21:58 158 066 244 0.1 1.2 2.3 10.4 57.2 727.6 0.00 0 0.0 22.0 24.1 24.5 3.634  -39.6   18.1    2.2  61   10.6   5 0 0 1 1 2 0 11.2 59.1 11.3 59.2 80.0 100 100 22 408 0 145 0 402 401 400 0 0 0 60 50 WAIT_ACK 0 
b.1 2025-06-02 16:23:01.706 a 2025-06-02-16:22:59 153 035 223 0.1 1.0 2.5 10.3 59.5 727.5 0.00 0 0.0 21.9 24.1 24.5 3.627  -40.1   18.1    2.1  61   10.6   5 0 0 1 1 2 0 11.2 58.9 11.3 59.2 80.0 100 100 22 408 0 145 0 401 402 399 0 0 0 60 50 WAIT_ACK 0 
b.1 2025-06-02 16:24:00.664 a 2025-06-02-16:23:58 294 355 317 0.0 0.4 1.9 10.3 58.6 727.5 0.00 0 0.0 22.4 24.1 24.5 3.634  -39.3   18.1    0.0  61   10.6   5 0 0 1 1 2 0 11.2 59.0 11.3 59.2 80.0 100 100 22 408 0 145 0 402 401 400 0 0 0 60 50 WAIT_ACK 0 
b.1 2025-06-02 16:25:00.744 a 2025-06-02-16:24:58 069 066 075 0.1 1.0 2.9 10.4 57.3 727.6 0.00 0 0.0 22.7 24.1 24.5 3.627  -39.0   18.1    0.0  62   10.7   5 0 0 1 1 2 0 11.2 58.9 11.3 59.3 80.0 100 100 22 408 0 145 0 402 401 400 0 0 0 60 50 WAIT_ACK 0 
b.1 2025-06-02 16:26:01.242 a 2025-06-02-16:25:58 116 336 270 0.1 0.9 1.8 10.5 58.2 727.6 0.00 0 0.0 23.0 24.1 24.5 3.628  -39.2   18.2    0.0  62   10.8   0 0 0 1 1 2 0 11.2 59.2 11.3 59.1 80.0 100 100 22 408 0 145 0 401 401 399 0 0 0 60 50 WAIT_ACK 0 
b.1 2025-06-02 16:27:01.144 a 2025-06-02-16:26:58 136 325 263 0.1 1.0 2.0 10.6 55.6 727.6 0.00 0 0.0 22.7 24.1 24.5 3.635  -38.6   18.3    0.0  62   10.8   0 0 0 1 1 2 0 11.2 59.1 11.3 59.1 80.0 100 100 22 408 0 145 0 401 401 399 0 0 0 60 50 WAIT_ACK 0 
b.1 2025-06-02 16:28:01.084 a 2025-06-02-16:27:58 041 321 290 0.1 0.5 2.0 10.6 56.8 727.6 0.00 0 0.0 22.7 24.1 24.4 3.628  -39.2   18.3    0.0  61   10.6   5 0 0 1 1 2 0 11.2 59.1 11.3 59.0 80.0 100 100 22 408 0 145 0 401 401 400 0 0 0 60 50 WAIT_ACK 0 
b.1 2025-06-02 16:29:00.463 a 2025-06-02-16:28:58 003 323 279 0.2 1.5 2.7 10.6 57.1 727.6 0.00 0 0.0 22.8 24.1 24.5 3.627  -39.6   18.3    2.2  61   10.6   5 0 0 1 1 2 0 11.2 58.9 11.3 58.8 80.0 100 100 22 408 0 145 0 401 401 399 0 0 0 60 50 WAIT_ACK 0 
b.1 2025-06-02 16:30:01.703 a 2025-06-02-16:29:59 025 299 241 0.4 1.4 2.5 10.5 56.5 727.6 0.00 0 0.0 21.8 24.1 24.5 3.627  -43.1   18.4    2.3  63   11.1   5 0 0 1 1 2 0 11.2 59.1 11.4 58.8 80.0 100 100 22 408 0 145 0 401 401 399 0 0 0 60 50 WAIT_ACK 0 
b.1 2025-06-02 16:31:01.128 a 2025-06-02-16:30:58 095 349 256 0.1 0.7 1.4 10.4 57.5 727.6 0.00 0 0.0 22.0 24.1 24.5 3.627  -38.8   18.5    2.2  64   11.6   5 0 0 1 1 2 0 11.2 59.2 11.4 58.8 80.0 100 100 22 408 0 145 0 401 401 400 0 0 0 60 50 WAIT_ACK 0 
b.1 2025-06-02 16:32:01.163 a 2025-06-02-16:31:58 224 316 332 0.1 0.6 1.4 10.4 58.6 727.6 0.00 0 0.0 22.5 24.1 24.5 3.628  -40.1   18.7    2.2  64   11.7   5 0 0 1 1 2 0 11.2 59.1 11.4 58.8 80.0 100 100 22 408 0 145 0 401 401 399 0 0 0 60 50 WAIT_ACK 0 
b.1 2025-06-02 16:33:00.085 a 2025-06-02-16:32:57 096 351 120 0.1 0.8 2.9 10.4 59.9 727.6 0.00 0 0.0 22.8 24.1 24.5 3.627  -40.2   18.7    2.2  62   11.2   5 0 0 1 1 2 0 11.3 59.4 11.4 58.9 80.0 100 100 22 408 0 145 0 401 401 399 0 0 0 60 50 WAIT_ACK 0 
b.1 2025-06-02 16:34:01.002 a 2025-06-02-16:33:58 094 303 310 0.3 1.6 3.3 10.5 57.8 727.6 0.00 0 0.0 21.7 24.1 24.5 3.627  -40.9   18.7    2.2  60   10.8   5 0 0 1 1 2 0 11.3 59.8 11.4 59.5 80.0 100 100 22 408 0 145 0 401 401 400 0 0 0 60 50 WAIT_ACK 0 
b.1 2025-06-02 16:35:01.309 a 2025-06-02-16:34:58 044 313 101 0.1 1.4 3.3 10.4 58.3 727.6 0.00 0 0.0 21.3 24.1 24.4 3.628  -39.4   18.7    2.2  60   10.7   5 0 0 1 1 2 0 11.3 59.8 11.4 59.7 80.0 100 100 21 408 0 145 0 402 401 400 0 0 0 60 50 WAIT_ACK 0 
b.1 2025-06-02 16:36:00.328 a 2025-06-02-16:35:57 131 023 218 0.0 0.6 2.2 10.3 58.6 727.6 0.00 0 0.0 22.0 24.1 24.5 3.627  -38.8   18.6    2.2  60   10.8   0 0 0 1 1 2 0 11.3 59.9 11.4 59.7 80.0 100 100 21 408 0 145 0 401 401 400 0 0 0 60 50 WAIT_ACK 0 
b.1 2025-06-02 16:37:00.706 a 2025-06-02-16:36:58 107 335 163 0.1 1.2 3.3 10.4 59.1 727.6 0.00 0 0.0 22.4 24.1 24.5 3.626  -41.4   18.6    2.2  59   10.5   5 0 0 1 1 2 0 11.3 59.7 11.5 59.7 80.0 100 100 21 408 0 145 0 401 402 399 0 0 0 60 50 WAIT_ACK 0 
b.1 2025-06-02 16:38:01.003 a 2025-06-02-16:37:58 009 326 294 0.3 2.1 3.2 10.4 58.3 727.6 0.00 0 0.0 21.6 24.1 24.5 3.627  -42.5   18.5    2.4  60   10.7   5 0 0 1 1 2 0 11.4 60.2 11.5 59.8 80.0 100 100 21 408 0 145 0 402 401 400 0 0 0 60 50 WAIT_ACK 0 
b.1 2025-06-02 16:39:01.085 a 2025-06-02-16:38:58 031 348 159 0.1 1.2 2.2 10.3 58.7 727.6 0.00 0 0.0 21.5 24.1 24.5 3.627  -38.4   18.6    2.2  62   11.1   5 0 0 1 1 2 0 11.4 59.9 11.6 59.7 80.0 100 100 21 408 0 145 0 402 401 400 0 0 0 60 50 WAIT_ACK 0 
b.1 2025-06-02 16:40:02.105 a 2025-06-02-16:39:59 055 337 159 0.1 1.3 3.2 10.3 58.8 727.6 0.00 0 0.0 21.5 24.1 24.5 3.627  -39.6   18.6    2.2  60   10.8   5 0 0 1 1 2 0 11.4 60.4 11.6 59.7 80.0 100 100 21 408 0 145 0 401 401 399 0 0 0 60 50 WAIT_ACK 0 
b.1 2025-06-02 16:41:01.585 a 2025-06-02-16:40:59 102 325 220 0.2 1.4 3.3 10.3 60.1 727.6 0.00 0 0.0 21.5 24.1 24.5 3.628  -41.1   18.6    0.0  59   10.4   5 0 0 1 1 2 0 11.4 60.5 11.6 60.2 80.0 100 100 21 408 0 145 0 401 401 399 0 0 0 60 50 WAIT_ACK 0 
b.1 2025-06-02 16:42:00.683 a 2025-06-02-16:41:58 004 321 270 0.3 1.8 3.6 10.2 59.3 727.6 0.00 0 0.0 21.2 24.1 24.5 3.627  -39.2   18.6    2.2  61   10.8   5 0 0 1 1 2 0 11.4 60.5 11.6 60.4 80.0 100 100 21 408 0 145 0 401 401 399 0 0 0 60 50 WAIT_ACK 0 
b.1 2025-06-02 16:43:00.802 a 2025-06-02-16:42:58 028 335 304 0.2 1.3 2.9 10.2 61.3 727.6 0.00 0 0.0 21.6 24.1 24.5 3.633  -40.5   18.6    2.1  61   10.9   5 0 0 1 1 2 0 11.4 60.2 11.6 60.1 80.0 100 100 21 408 0 145 0 401 401 399 0 0 0 60 50 WAIT_ACK 0 
b.1 2025-06-02 16:44:01.344 a 2025-06-02-16:43:58 129 323 168 0.1 1.1 2.7 10.3 58.6 727.6 0.00 0 0.0 21.9 24.1 24.5 3.627  -39.8   18.6    2.2  60   10.7   0 0 0 1 1 2 0 11.5 60.2 11.7 59.8 80.0 100 100 21 408 0 145 0 401 401 400 0 0 0 60 50 WAIT_ACK 0 
b.1 2025-06-02 16:45:02.101 a 2025-06-02-16:44:59 112 000 248 0.1 1.1 3.2 10.4 58.8 727.6 0.00 0 0.0 22.0 24.1 24.5 3.627  -38.9   18.5    2.2  59   10.3   0 0 0 1 1 2 0 11.5 60.0 11.7 59.9 80.0 100 100 22 408 0 145 0 401 401 399 0 0 0 60 50 WAIT_ACK 0 
b.1 2025-06-02 16:46:00.647 a 2025-06-02-16:45:58 107 101 214 0.1 1.2 2.7 10.5 60.3 727.6 0.00 0 0.0 22.1 24.1 24.5 3.635  -39.7   18.4    2.2  58   10.0   5 0 0 1 1 2 0 11.6 59.7 11.7 60.1 80.0 100 100 22 408 0 145 0 401 401 399 0 0 0 60 50 WAIT_ACK 0 
b.1 2025-06-02 16:47:01.365 a 2025-06-02-16:46:58 129 039 270 0.1 0.6 1.5 10.5 57.7 727.6 0.00 0 0.0 22.6 24.1 24.5 3.627  -38.2   18.3    0.0  60   10.3   5 0 0 1 1 2 0 11.6 59.5 11.7 59.9 80.0 100 100 22 408 0 145 0 401 401 399 0 0 0 60 50 WAIT_ACK 0 
b.1 2025-06-02 16:48:01.407 a 2025-06-02-16:47:58 038 016 151 0.1 0.5 1.6 10.7 60.1 727.6 0.00 0 0.0 23.4 24.1 24.5 3.628  -38.1   18.3    0.0  61   10.5   0 0 0 1 1 2 0 11.6 59.5 11.7 59.7 80.0 100 100 22 408 0 145 0 401 401 400 0 0 0 60 50 WAIT_ACK 0 
b.1 2025-06-02 16:49:01.148 a 2025-06-02-16:48:58 332 335 335 0.1 0.9 2.3 10.8 58.9 727.6 0.00 0 0.0 23.9 24.1 24.5 3.628  -38.2   18.3    0.0  59   10.1   0 0 0 1 1 2 0 11.6 59.5 11.7 59.7 80.0 100 100 22 408 0 145 0 402 401 400 0 0 0 60 50 WAIT_ACK 0 
b.1 2025-06-02 16:50:01.289 a 2025-06-02-16:49:58 118 329 257 0.1 0.9 2.1 10.9 60.6 727.7 0.00 0 0.0 24.1 24.1 24.5 3.627  -38.2   18.3    2.2  60   10.3   5 0 0 1 1 2 0 11.6 59.8 11.7 60.0 80.0 100 100 22 408 0 145 0 401 401 399 0 0 0 60 50 WAIT_ACK 0 
b.1 2025-06-02 16:51:01.085 a 2025-06-02-16:50:58 109 357 239 0.1 1.1 2.7 11.1 60.3 727.6 0.00 0 0.0 24.3 24.1 24.5 3.627  -37.9   18.3    0.0  61   10.5   5 0 0 1 1 2 0 11.7 59.8 11.8 59.9 80.0 100 100 22 408 0 145 0 401 401 399 0 0 0 60 50 WAIT_ACK 0 
b.1 2025-06-02 16:52:01.345 a 2025-06-02-16:51:58 279 072 295 0.1 0.6 2.2 11.3 59.6 727.6 0.00 0 0.0 24.5 24.1 24.4 3.628  -38.5   18.3    0.0  59   10.2   5 0 0 1 1 2 0 11.7 59.7 11.8 59.8 80.0 100 100 22 408 0 145 0 401 401 400 0 0 0 60 50 WAIT_ACK 0 
b.1 2025-06-02 16:53:00.825 a 2025-06-02-16:52:58 097 356 169 0.1 0.6 2.3 11.4 58.2 727.7 0.00 0 0.0 25.0 24.1 24.4 3.633  -38.2   18.3    0.0  59   10.3   0 0 0 1 1 2 0 11.7 59.7 11.8 59.9 80.0 100 100 22 408 0 145 0 401 401 399 0 0 0 60 50 WAIT_ACK 0 
b.1 2025-06-02 16:54:01.506 a 2025-06-02-16:53:58 118 024 201 0.1 1.4 3.6 11.4 58.1 727.7 0.00 0 0.0 24.6 24.1 24.5 3.633  -40.2   18.4    0.0  59   10.2   5 0 0 1 1 2 0 11.8 59.4 11.9 59.7 80.0 100 100 22 408 0 145 0 401 401 400 0 0 0 60 50 WAIT_ACK 0 
b.1 2025-06-02 16:55:02.608 a 2025-06-02-16:55:00 149 042 211 0.1 1.3 3.8 11.4 56.7 727.7 0.00 0 0.0 24.2 24.1 24.5 3.627  -37.5   18.4    0.0  59   10.2   5 0 0 1 1 2 0 11.8 59.6 11.9 59.6 80.0 100 100 22 408 0 145 0 401 401 400 0 0 0 60 50 WAIT_ACK 0 
b.1 2025-06-02 16:56:01.448 a 2025-06-02-16:55:58 160 018 249 0.1 1.1 2.7 11.4 56.6 727.7 0.00 0 0.0 24.2 24.1 24.5 3.627  -37.4   18.4    0.0  59   10.2   0 0 0 1 1 2 0 11.8 59.5 11.9 59.6 80.0 100 100 22 408 0 145 0 401 401 400 0 0 0 60 50 WAIT_ACK 0 
b.1 2025-06-02 16:57:00.645 a 2025-06-02-16:56:58 238 058 279 0.0 0.5 1.7 11.3 58.7 727.7 0.00 0 0.0 24.7 24.1 24.5 3.627  -37.7   18.4    0.0  59   10.2   5 0 0 1 1 2 0 11.8 59.4 11.9 59.7 80.0 100 100 22 408 0 145 0 402 401 400 0 0 0 60 50 WAIT_ACK 0 
b.1 2025-06-02 16:58:01.786 a 2025-06-02-16:57:59 182 322 291 0.1 0.7 2.3 11.4 58.6 727.7 0.00 0 0.0 24.9 24.1 24.5 3.635  -36.8   18.4    0.0  58   10.1   0 0 0 1 1 2 0 11.8 59.8 11.9 59.7 80.0 100 100 22 408 0 145 0 402 401 400 0 0 0 60 50 WAIT_ACK 0 
b.1 2025-06-02 16:59:01.489 a 2025-06-02-16:58:58 192 050 264 0.1 0.7 2.8 11.5 59.8 727.8 0.00 0 0.0 25.2 24.1 24.5 3.628  -37.5   18.4    0.0  59   10.2   0 0 0 1 1 2 0 11.8 59.2 11.9 59.6 80.0 100 100 22 408 0 145 0 401 401 400 0 0 0 60 50 WAIT_ACK 0 
b.1 2025-06-02 17:00:01.247 a 2025-06-02-16:59:58 333 347 342 0.1 0.8 2.2 11.6 56.8 727.7 0.00 0 0.0 25.6 24.1 24.5 3.627  -38.2   18.5    2.2  60   10.6   5 0 0 1 1 2 0 11.8 59.6 11.9 59.6 80.0 100 100 22 408 0 145 0 402 401 399 0 0 0 60 50 WAIT_ACK 0 
b.1 2025-06-02 17:01:00.206 a 2025-06-02-17:00:57 270 344 292 0.1 0.4 1.6 11.6 58.6 727.7 0.00 0 0.0 26.0 24.1 24.5 3.626  -36.7   18.5    0.0  60   10.6   5 0 0 1 1 2 0 11.8 59.7 11.9 59.8 80.0 100 99 22 401 -4 145 0 401 401 399 0 0 0 60 50 WAIT_ACK 0 
b.1 2025-06-02 17:02:00.507 a 2025-06-02-17:01:57 092 029 153 0.1 0.5 2.2 11.7 59.1 727.8 0.00 0 0.0 26.4 24.1 24.5 3.627  -37.9   18.6    2.1  59   10.5   0 0 0 1 1 2 0 11.9 59.7 12.0 59.7 80.0 100 100 22 407 0 144 0 401 401 399 0 0 0 59 50 WAIT_ACK 0 
b.1 2025-06-02 17:03:01.506 a 2025-06-02-17:02:59 085 079 097 0.1 0.8 1.9 11.8 56.8 727.8 0.00 0 0.0 26.5 24.1 24.5 3.626  -38.1   18.6    0.0  60   10.8   5 0 0 1 1 2 0 11.9 59.8 12.0 59.8 80.0 100 100 22 407 0 144 0 401 401 399 0 0 0 59 50 WAIT_ACK 0 
b.1 2025-06-02 17:04:01.545 a 2025-06-02-17:03:59 177 032 238 0.1 1.5 3.1 11.9 56.8 727.8 0.00 0 0.0 26.0 24.1 24.5 3.626  -38.2   18.7    2.2  60   10.9   0 0 0 1 1 2 0 11.9 59.6 12.0 59.6 80.0 100 100 22 407 0 144 0 402 401 400 0 0 0 60 50 WAIT_ACK 0 
b.1 2025-06-02 17:05:02.125 a 2025-06-02-17:04:59 136 027 210 0.1 1.1 3.0 11.8 55.9 727.7 0.00 0 0.0 25.8 24.1 24.5 3.626  -37.2   18.8    0.0  61   11.1   5 0 0 1 1 2 0 11.9 59.8 12.0 59.7 80.0 100 100 21 407 0 144 0 402 401 400 0 0 0 60 50 WAIT_ACK 0 
b.1 2025-06-02 17:06:01.226 a 2025-06-02-17:05:58 189 055 303 0.2 1.4 3.7 11.6 58.0 727.8 0.00 0 0.0 25.7 24.1 24.5 3.627  -40.4   18.9    2.2  60   11.0   5 0 0 1 1 2 0 11.9 60.1 12.0 60.2 80.0 100 100 21 407 0 144 0 401 401 400 0 0 0 60 50 WAIT_ACK 0 
b.1 2025-06-02 17:07:00.648 a 2025-06-02-17:06:58 156 064 212 0.1 1.0 2.8 11.6 59.3 727.7 0.00 0 0.0 25.7 24.1 24.4 3.627  -40.6   18.9    0.0  59   10.8   5 0 0 1 1 2 0 11.8 60.3 12.0 60.4 80.0 100 100 21 407 0 144 0 401 401 400 0 0 0 60 50 WAIT_ACK 0 
b.1 2025-06-02 17:08:00.270 a 2025-06-02-17:07:57 184 063 300 0.0 1.4 3.2 11.5 58.4 727.7 0.00 0 0.0 25.5 24.1 24.4 3.626  -36.9   18.9    0.0  60   11.0   0 0 0 1 1 2 0 11.8 60.6 11.9 60.8 80.0 100 100 21 407 0 144 0 401 401 399 0 0 0 59 50 WAIT_ACK 0 
b.1 2025-06-02 17:09:01.884 a 2025-06-02-17:08:59 136 351 318 0.0 0.3 1.0 11.5 60.3 727.7 0.00 0 0.0 26.3 24.1 24.5 3.627  -36.3   19.0    0.0  61   11.2   0 0 0 1 1 2 0 11.9 60.8 11.9 60.9 80.0 100 100 21 407 0 144 0 400 402 400 0 0 0 60 50 WAIT_ACK 0 
b.1 2025-06-02 17:10:01.744 a 2025-06-02-17:09:59 099 051 183 0.1 0.7 2.1 11.6 57.9 727.7 0.00 0 0.0 26.7 24.1 24.5 3.626  -36.3   19.0    0.0  61   11.2   0 0 0 1 1 2 0 11.9 60.9 12.0 60.9 80.0 100 100 21 407 0 144 0 401 401 399 0 0 0 60 50 WAIT_ACK 0 
b.1 2025-06-02 17:11:02.469 a 2025-06-02-17:10:59 169 043 299 0.1 1.1 3.2 11.7 57.9 727.7 0.00 0 0.0 26.8 24.1 24.4 3.626  -38.2   19.1    2.2  61   11.3   5 0 0 1 1 2 0 11.9 60.9 12.0 61.1 80.0 100 100 21 407 0 144 0 401 401 399 0 0 0 60 50 WAIT_ACK 0 
b.1 2025-06-02 17:12:00.688 a 2025-06-02-17:11:58 042 030 043 0.1 0.9 2.4 11.8 58.1 727.7 0.00 0 0.0 26.8 24.1 24.5 3.626  -37.9   19.2    0.0  61   11.6   5 0 0 1 1 2 0 11.9 60.8 12.0 61.0 80.0 100 100 21 407 0 144 0 400 401 399 0 0 0 59 50 WAIT_ACK 0 
b.1 2025-06-02 17:13:00.289 a 2025-06-02-17:12:57 094 034 275 0.2 1.4 3.1 11.8 56.3 727.7 0.00 0 0.0 26.3 24.1 24.5 3.627  -38.5   19.3    2.2  60   11.4   5 0 0 1 1 2 0 11.9 60.6 12.0 60.8 80.0 100 100 22 407 0 144 0 401 401 399 0 0 0 59 50 WAIT_ACK 0 
b.1 2025-06-02 17:14:01.145 a 2025-06-02-17:13:58 116 032 248 0.2 0.9 3.2 11.9 58.6 727.7 0.00 0 0.0 26.1 24.1 24.4 3.637  -37.1   19.4    0.0  59   11.1   5 0 0 1 1 2 0 11.9 60.5 12.0 60.9 80.0 100 100 22 407 0 144 0 401 401 400 0 0 0 60 50 WAIT_ACK 0 
b.1 2025-06-02 17:15:01.875 a 2025-06-02-17:14:59 134 051 186 0.2 1.2 3.3 12.0 56.9 727.7 0.00 0 0.0 26.1 24.1 24.5 3.627  -37.7   19.4    2.1  59   11.1   0 0 0 1 1 2 0 11.9 60.4 12.0 60.5 80.0 100 100 22 407 0 144 0 401 401 400 0 0 0 60 50 WAIT_ACK 0 
b.1 2025-06-02 17:16:00.367 a 2025-06-02-17:15:57 156 027 275 0.1 1.3 3.1 12.1 55.6 727.7 0.00 0 0.0 25.8 24.1 24.5 3.626  -38.3   19.4    2.2  59   11.3   5 0 0 1 1 2 0 11.9 60.3 12.0 60.5 80.0 100 100 22 407 0 144 0 401 401 400 0 0 0 59 50 WAIT_ACK 0 
b.1 2025-06-02 17:17:00.769 a 2025-06-02-17:16:58 245 353 336 0.1 1.0 3.1 12.0 55.6 727.7 0.00 0 0.0 26.1 24.1 24.5 3.626  -38.5   19.5    2.3  59   11.4   5 0 0 1 1 2 0 11.9 60.6 12.0 60.7 80.0 100 100 22 407 0 144 0 401 401 399 0 0 0 59 50 WAIT_ACK 0 
b.1 2025-06-02 17:18:01.670 a 2025-06-02-17:17:59 172 038 298 0.0 0.7 3.0 11.9 57.1 727.8 0.00 0 0.0 26.3 24.1 24.5 3.627  -35.5   19.5    0.0  60   11.4   0 0 0 1 1 2 0 11.9 60.6 12.1 60.5 80.0 100 100 22 407 0 144 0 401 401 399 0 0 0 59 50 WAIT_ACK 0 
b.1 2025-06-02 17:19:00.168 a 2025-06-02-17:18:57 146 034 267 0.1 1.3 3.5 11.9 57.8 727.8 0.00 0 0.0 26.3 24.1 24.5 3.626  -35.2   19.6    2.2  60   11.6   0 0 0 1 1 2 0 11.9 60.9 12.1 60.5 80.0 100 100 22 407 0 144 0 401 401 399 0 0 0 60 50 WAIT_ACK 0 
b.1 2025-06-02 17:20:01.927 a 2025-06-02-17:19:59 158 032 294 0.1 1.8 4.1 11.8 59.3 727.8 0.00 0 0.0 25.9 24.1 24.5 3.627  -36.8   19.6    2.2  59   11.3   0 0 0 1 1 2 0 11.9 61.3 12.1 60.7 80.0 100 100 22 407 0 144 0 401 401 400 0 0 0 60 50 WAIT_ACK 0 
b.1 2025-06-02 17:21:00.710 a 2025-06-02-17:20:58 158 017 237 0.1 2.2 3.5 11.6 57.8 727.8 0.00 0 0.0 25.1 24.1 24.5 3.624  -39.1   19.6    2.5  59   11.3   5 0 0 1 1 2 0 11.8 61.2 12.1 60.6 80.0 100 100 22 407 0 144 0 401 401 399 0 0 0 59 50 WAIT_ACK 0 
b.1 2025-06-02 17:22:01.013 a 2025-06-02-17:21:58 099 037 251 0.3 1.8 5.4 11.4 59.7 727.8 0.00 0 0.0 24.7 24.1 24.5 3.626  -38.0   19.6    2.5  59   11.3   0 0 0 1 1 2 0 11.8 61.1 12.1 60.7 80.0 100 100 22 407 0 144 0 401 401 399 0 0 0 60 50 WAIT_ACK 0 
b.1 2025-06-02 17:23:00.947 a 2025-06-02-17:22:58 198 054 275 0.2 1.5 3.7 11.4 61.6 727.8 0.00 0 0.0 24.5 24.1 24.5 3.627  -36.6   19.5    2.5  59   11.2   0 0 0 1 1 2 0 11.8 61.6 12.1 61.1 80.0 100 100 22 407 0 144 0 402 401 400 0 0 0 60 50 WAIT_ACK 0 
b.1 2025-06-02 17:24:01.625 a 2025-06-02-17:23:59 099 053 197 0.1 1.6 3.5 11.5 57.8 727.8 0.00 0 0.0 24.5 24.1 24.5 3.626  -37.2   19.5    2.4  58   10.9   5 0 0 1 1 2 0 11.9 62.0 12.1 61.4 80.0 100 100 22 407 0 144 0 401 401 399 0 0 0 60 50 WAIT_ACK 0 
b.1 2025-06-02 17:25:01.289 a 2025-06-02-17:24:58 133 026 308 0.3 2.2 4.0 11.4 59.8 727.8 0.00 0 0.0 24.1 24.1 24.4 3.633  -40.4   19.4    2.7  58   10.9   5 0 0 1 1 2 0 11.9 62.1 12.1 61.8 80.0 100 100 22 407 0 144 0 401 401 400 0 0 0 60 50 WAIT_ACK 0 
b.1 2025-06-02 17:26:00.812 a 2025-06-02-17:25:58 007 070 150 0.2 1.5 3.9 11.4 59.5 727.8 0.00 0 0.0 23.8 24.1 24.4 3.627  -36.1   19.3    2.6  58   11.0   5 0 0 1 1 2 0 11.9 61.9 12.1 61.7 80.0 100 100 22 407 0 144 0 401 401 400 0 0 0 59 50 WAIT_ACK 0 
b.1 2025-06-02 17:27:00.788 a 2025-06-02-17:26:58 117 028 248 0.1 1.2 3.7 11.1 59.8 727.8 0.00 0 0.0 23.9 24.1 24.4 3.634  -37.0   19.3    2.3  58   10.9   0 0 0 1 1 2 0 11.9 61.9 12.1 61.8 80.0 100 100 22 407 0 144 0 401 401 399 0 0 0 60 50 WAIT_ACK 0 
b.1 2025-06-02 17:27:59.930 a 2025-06-02-17:27:57 064 025 249 0.1 1.4 3.0 11.0 57.7 727.8 0.00 0 0.0 23.9 24.1 24.5 3.627  -36.6   19.2    2.3  59   10.9   0 0 0 1 1 2 0 11.9 61.6 12.1 61.6 80.0 100 100 22 407 0 144 0 401 401 399 0 0 0 59 50 WAIT_ACK 0 
b.1 2025-06-02 17:29:00.688 a 2025-06-02-17:28:58 197 050 281 0.1 1.8 3.3 11.0 61.7 727.8 0.00 0 0.0 24.1 24.1 24.5 3.627  -38.2   19.2    2.5  59   10.9   5 0 0 1 1 2 0 11.9 61.9 12.1 61.7 80.0 100 100 22 407 0 144 0 401 401 399 0 0 0 59 50 WAIT_ACK 0 
b.1 2025-06-02 17:30:01.299 a 2025-06-02-17:29:58 191 074 309 0.3 1.2 2.9 11.2 61.9 727.8 0.00 0 0.0 24.2 24.1 24.4 3.633  -36.0   19.2    2.3  58   10.8   0 0 0 1 1 2 0 11.9 62.1 12.1 61.9 80.0 100 100 22 407 0 144 0 400 401 399 0 0 0 59 50 WAIT_ACK 0 
b.1 2025-06-02 17:31:00.950 a 2025-06-02-17:30:58 149 069 212 0.1 0.6 2.3 11.4 62.9 727.8 0.00 0 0.0 24.7 24.1 24.5 3.626  -34.9   19.1    0.0  58   10.6   0 0 0 1 1 2 0 11.9 62.5 12.1 62.2 80.0 100 100 22 407 0 144 0 401 401 400 0 0 0 60 50 WAIT_ACK 0 
b.1 2025-06-02 17:32:00.369 a 2025-06-02-17:31:57 120 352 223 0.1 1.7 3.9 11.7 58.3 727.8 0.00 0 0.0 24.0 24.1 24.4 3.627  -37.6   19.1    2.3  58   10.8   5 0 0 1 1 2 0 11.8 61.6 12.1 61.6 80.0 100 100 22 407 0 144 0 401 401 400 0 0 0 59 50 WAIT_ACK 0 
b.1 2025-06-02 17:33:01.190 a 2025-06-02-17:32:58 118 092 119 0.1 0.5 1.4 11.6 55.3 727.8 0.00 0 0.0 24.8 24.1 24.5 3.633  -35.0   19.1    0.0  60   11.1   0 0 0 1 1 2 0 11.8 62.1 12.1 61.7 80.0 100 100 22 407 0 144 0 401 401 399 0 0 0 60 50 WAIT_ACK 0 
b.1 2025-06-02 17:34:01.915 a 2025-06-02-17:33:59 130 037 210 0.1 1.3 3.0 11.6 56.1 727.8 0.00 0 0.0 25.1 24.1 24.5 3.626  -34.4   19.1    2.2  60   11.2   0 0 0 1 1 2 0 11.8 61.2 12.1 61.1 80.0 100 100 22 407 0 144 0 401 401 399 0 0 0 59 50 WAIT_ACK 0 
b.1 2025-06-02 17:35:00.688 a 2025-06-02-17:34:58 144 021 258 0.1 2.0 4.5 11.6 61.0 727.8 0.00 0 0.0 25.0 24.1 24.5 3.627  -36.4   19.2    2.4  60   11.2   5 0 0 1 1 2 0 11.9 61.5 12.1 61.3 80.0 100 100 22 407 0 144 0 401 401 400 0 0 0 59 50 WAIT_ACK 0 
b.1 2025-06-02 17:36:01.088 a 2025-06-02-17:35:58 110 024 300 0.3 2.1 4.0 11.5 59.0 727.8 0.00 0 0.0 24.2 24.1 24.5 3.631  -35.9   19.2    2.5  59   11.1   5 0 0 1 1 2 0 11.8 62.1 12.1 61.4 80.0 100 100 22 407 0 144 0 401 401 399 0 0 0 60 50 WAIT_ACK 0 
b.1 2025-06-02 17:37:02.009 a 2025-06-02-17:36:59 123 063 130 0.1 0.8 3.5 11.3 63.3 727.8 0.00 0 0.0 24.9 24.1 24.5 3.627  -34.5   19.2    2.2  60   11.2   0 0 0 1 1 2 0 11.8 62.5 12.1 62.0 80.0 100 100 22 407 0 144 0 402 401 400 0 0 0 59 50 WAIT_ACK 0 
b.1 2025-06-02 17:38:00.788 a 2025-06-02-17:37:58 104 016 233 0.2 1.7 3.5 11.5 59.9 727.8 0.00 0 0.0 24.9 24.1 24.4 3.628  -33.8   19.2    2.3  60   11.3   0 0 0 1 1 2 0 11.8 62.7 12.1 62.2 80.0 100 100 22 407 0 144 0 401 401 400 0 0 0 59 50 WAIT_ACK 0 
b.1 2025-06-02 17:39:00.269 a 2025-06-02-17:38:57 143 053 150 0.1 1.1 3.9 11.7 59.1 727.8 0.00 0 0.0 25.1 24.1 24.4 3.626  -34.3   19.3    2.2  60   11.3   0 0 0 1 1 2 0 11.8 62.7 12.1 62.4 80.0 100 100 21 407 0 144 0 400 401 400 0 0 0 60 50 WAIT_ACK 0 
b.1 2025-06-02 17:40:02.217 a 2025-06-02-17:39:59 241 067 302 0.1 1.1 3.4 11.8 59.5 727.8 0.00 0 0.0 25.2 24.1 24.5 3.626  -34.5   19.3    2.2  60   11.3   0 0 0 1 1 2 0 11.9 63.5 12.1 62.8 80.0 100 100 21 407 0 144 0 401 401 400 0 0 0 60 50 WAIT_ACK 0 
b.1 2025-06-02 17:41:00.911 a 2025-06-02-17:40:58 151 056 273 0.1 1.3 3.0 11.9 61.1 727.9 0.00 0 0.0 25.3 24.1 24.5 3.626  -34.6   19.3    2.2  59   11.2   5 0 0 1 1 2 0 11.9 63.0 12.1 62.8 80.0 100 100 22 407 0 144 0 401 401 399 0 0 0 60 50 WAIT_ACK 0 
b.1 2025-06-02 17:42:01.210 a 2025-06-02-17:41:58 127 044 314 0.4 2.2 4.3 12.0 59.6 727.9 0.00 0 0.0 24.9 24.1 24.5 3.626  -37.4   19.3    2.4  59   11.1   0 0 0 1 1 2 0 11.9 63.2 12.1 62.8 80.0 100 100 22 407 0 144 0 401 401 400 0 0 0 60 50 WAIT_ACK 0 
b.1 2025-06-02 17:43:01.326 a 2025-06-02-17:42:58 101 032 287 0.3 2.4 4.1 11.9 60.2 727.9 0.00 0 0.0 24.2 24.1 24.5 3.626  -35.6   19.3    2.7  58   11.0   5 0 0 1 1 2 0 11.9 63.4 12.1 63.0 80.0 100 100 22 407 0 144 0 401 401 399 0 0 0 60 50 WAIT_ACK 0 
b.1 2025-06-02 17:44:00.348 a 2025-06-02-17:43:57 123 032 290 0.1 1.8 3.7 11.6 61.5 727.9 0.00 0 0.0 23.8 24.1 24.5 3.628  -35.5   19.3    2.6  59   10.9   5 0 0 1 1 2 0 11.9 63.5 12.1 63.2 80.0 100 100 22 407 0 144 0 401 402 400 0 0 0 59 50 WAIT_ACK 0 
b.1 2025-06-02 17:45:01.775 a 2025-06-02-17:44:59 123 184 292 0.1 2.0 4.2 11.6 61.9 727.9 0.00 0 0.0 23.8 24.1 24.5 3.627  -33.2   19.2    2.5  58   10.8   0 0 0 1 1 2 0 11.9 63.1 12.0 63.2 80.0 100 100 22 407 0 144 0 402 401 400 0 0 0 59 50 WAIT_ACK 0 
b.1 2025-06-02 17:46:01.467 a 2025-06-02-17:45:58 149 030 246 0.1 1.2 3.4 11.7 61.3 727.9 0.00 0 0.0 24.2 24.1 24.5 3.627  -34.8   19.1    2.3  58   10.8   5 0 0 1 1 2 0 11.9 63.1 12.0 63.1 80.0 100 100 22 407 0 144 0 401 401 400 0 0 0 59 50 WAIT_ACK 0 
b.1 2025-06-02 17:47:01.729 a 2025-06-02-17:46:59 141 042 250 0.3 1.4 3.2 11.9 57.7 727.9 0.00 0 0.0 24.3 24.1 24.5 3.627  -33.5   19.1    2.3  59   10.9   0 0 0 1 1 2 0 11.9 62.8 12.1 62.8 80.0 100 100 22 407 0 144 0 401 402 399 0 0 0 59 50 WAIT_ACK 0 
b.1 2025-06-02 17:48:01.288 a 2025-06-02-17:47:58 090 036 123 0.1 0.3 1.5 12.1 58.5 727.9 0.00 0 0.0 25.4 24.1 24.5 3.627  -32.0   19.2    0.0  59   11.1   0 0 0 1 1 2 0 11.9 62.9 12.0 62.8 80.0 100 100 22 407 0 144 0 402 401 400 0 0 0 60 50 WAIT_ACK 0 
b.1 2025-06-02 17:49:01.628 a 2025-06-02-17:48:59 063 030 254 0.0 1.4 3.5 12.2 56.5 727.9 0.00 0 0.0 25.8 24.1 24.4 3.632  -34.0   19.3    2.3  61   11.5   5 0 0 1 1 2 0 11.9 62.4 12.1 62.5 80.0 100 100 22 407 0 144 0 401 401 399 0 0 0 59 50 WAIT_ACK 0 
b.1 2025-06-02 17:50:01.388 a 2025-06-02-17:49:58 151 032 191 0.1 1.2 2.8 12.2 57.7 727.9 0.00 0 0.0 25.8 24.1 24.5 3.626  -33.3   19.3    2.2  60   11.5   0 0 0 1 1 2 0 11.9 62.3 12.1 62.2 80.0 100 100 22 407 0 144 0 401 401 400 0 0 0 60 50 WAIT_ACK 0 
b.1 2025-06-02 17:51:01.548 a 2025-06-02-17:50:58 183 063 351 0.1 1.1 2.9 12.3 58.4 727.9 0.00 0 0.0 26.1 24.1 24.5 3.631  -36.0   19.4    2.2  59   11.3   0 0 0 1 1 2 0 11.9 62.5 12.1 62.2 80.0 100 100 22 407 0 144 0 401 401 399 0 0 0 60 50 WAIT_ACK 0 
b.1 2025-06-02 17:52:01.448 a 2025-06-02-17:51:58 135 067 298 0.2 1.4 2.9 12.4 57.9 727.9 0.00 0 0.0 26.2 24.1 24.4 3.634  -33.3   19.4    2.2  60   11.4   0 0 0 1 1 2 0 11.9 62.6 12.1 62.1 80.0 100 100 22 407 0 144 0 401 401 400 0 0 0 59 50 WAIT_ACK 0 
b.1 2025-06-02 17:53:01.690 a 2025-06-02-17:52:59 129 076 273 0.1 1.0 3.0 12.4 58.5 727.9 0.00 0 0.0 26.6 24.1 24.4 3.626  -33.9   19.5    2.2  59   11.3   5 0 0 1 1 2 0 11.9 62.7 12.1 62.3 80.0 100 100 22 407 0 144 0 401 401 400 0 0 0 60 50 WAIT_ACK 0 
b.1 2025-06-02 17:54:00.428 a 2025-06-02-17:53:57 145 080 289 0.0 1.2 3.1 12.5 59.6 727.9 0.00 0 0.0 26.6 24.1 24.5 3.626  -32.7   19.5    2.2  59   11.2   0 0 0 1 1 2 0 11.8 63.1 12.1 62.4 80.0 100 100 22 407 0 144 0 401 401 399 0 0 0 60 50 WAIT_ACK 0 
b.1 2025-06-02 17:55:00.407 a 2025-06-02-17:54:57 117 048 229 0.0 1.6 5.0 12.5 55.5 727.9 0.00 0 0.0 26.7 24.1 24.4 3.627  -35.3   19.5    2.5  58   11.1   0 0 0 1 1 2 0 11.8 63.2 12.2 62.8 80.0 100 100 22 407 0 144 0 401 401 400 0 0 0 59 50 WAIT_ACK 0 
b.1 2025-06-02 17:56:00.770 a 2025-06-02-17:55:58 110 030 312 0.8 2.6 4.3 12.2 58.6 727.9 0.00 0 0.0 25.9 24.1 24.5 3.633  -35.0   19.4    2.9  58   11.0   0 0 0 1 1 2 0 11.8 63.3 12.2 62.3 80.0 100 100 22 407 0 144 0 402 401 400 0 0 0 60 50 WAIT_ACK 0 
b.1 2025-06-02 17:57:01.971 a 2025-06-02-17:56:59 126 044 340 0.5 2.4 4.4 12.0 59.9 727.9 0.00 0 0.0 25.1 24.1 24.5 3.633  -35.0   19.4    3.1  57   10.7   0 0 0 1 1 2 0 11.8 63.3 12.2 62.4 80.0 100 100 22 407 0 144 0 401 401 399 0 0 0 60 50 WAIT_ACK 0 
b.1 2025-06-02 17:58:01.348 a 2025-06-02-17:57:58 124 050 324 0.4 1.7 3.6 11.9 59.8 727.9 0.00 0 0.0 24.7 24.1 24.4 3.626  -34.8   19.3    2.8  58   10.8   5 0 0 1 1 3 1 11.8 63.4 12.2 63.2 80.0 100 100 22 407 0 144 0 401 401 399 0 0 0 60 50 WAIT_ACK 0 
b.1 2025-06-02 17:59:01.351 a 2025-06-02-17:58:58 133 048 276 0.5 2.0 3.9 11.8 61.9 727.9 0.00 0 0.0 24.5 24.1 24.4 3.627  -35.6   19.2    2.9  58   10.7   5 0 0 1 1 3 1 11.8 63.6 12.2 62.6 80.0 100 100 22 407 0 144 0 402 401 400 0 0 0 60 50 WAIT_ACK 0 
b.1 2025-06-02 18:00:02.769 a 2025-06-02-18:00:00 127 037 285 0.1 1.5 3.6 11.8 58.9 728.0 0.00 0 0.0 24.3 24.1 24.4 3.627  -32.2   19.2    2.5  58   10.7   0 0 0 1 1 3 1 11.8 63.4 12.2 62.1 80.0 100 100 22 407 0 144 0 401 401 399 0 0 0 59 50 WAIT_ACK 0 
b.1 2025-06-02 18:01:00.713 a 2025-06-02-18:00:58 099 078 296 0.1 1.1 3.0 11.7 60.1 728.0 0.00 0 0.0 24.9 24.1 24.4 3.627  -33.9   19.1    2.3  58   10.7   0 0 0 1 1 3 1 11.8 63.4 12.2 62.0 80.0 100 100 22 407 0 144 0 401 401 399 0 0 0 59 50 WAIT_ACK 0 
b.1 2025-06-02 18:02:01.190 a 2025-06-02-18:01:58 123 029 163 0.1 1.4 3.4 11.8 61.4 728.0 0.00 0 0.0 25.3 24.1 24.4 3.633  -34.1   19.1    2.2  59   10.9   0 0 0 1 1 3 1 11.8 63.1 12.2 61.9 80.0 100 100 22 407 0 144 0 401 401 400 0 0 0 60 50 WAIT_ACK 0 
b.1 2025-06-02 18:03:02.351 a 2025-06-02-18:02:59 152 034 236 0.1 1.9 3.6 12.0 59.6 728.0 0.00 0 0.0 24.9 24.1 24.5 3.627  -32.9   19.2    2.6  59   10.9   5 0 0 1 1 3 1 11.9 63.0 12.2 62.1 80.0 100 100 22 407 0 144 0 401 401 399 0 0 0 60 50 WAIT_ACK 0 
b.1 2025-06-02 18:04:01.072 a 2025-06-02-18:03:58 109 025 240 0.0 1.5 2.9 11.8 58.6 728.0 0.00 0 0.0 25.0 24.1 24.5 3.628  -32.1   19.2    2.5  60   11.2   5 0 0 1 1 3 1 11.9 63.1 12.2 62.2 80.0 100 100 22 407 0 144 0 401 401 400 0 0 0 60 50 WAIT_ACK 0 
b.1 2025-06-02 18:05:01.335 a 2025-06-02-18:04:58 110 034 267 0.0 1.8 4.3 11.6 62.0 728.0 0.00 0 0.0 25.2 24.1 24.5 3.626  -34.5   19.2    2.4  59   11.1   5 0 0 1 1 3 1 11.9 63.4 12.3 62.4 80.0 100 100 21 407 0 144 0 402 401 400 0 0 0 60 50 WAIT_ACK 0 
b.1 2025-06-02 18:06:00.433 a 2025-06-02-18:05:57 105 040 310 0.5 2.2 4.1 11.6 62.7 727.9 0.00 0 0.0 24.8 24.1 24.5 3.628  -34.1   19.3    2.6  59   11.1   5 0 0 1 1 3 1 11.9 63.5 12.3 62.6 80.0 100 100 21 407 0 144 0 402 401 400 0 0 0 60 50 WAIT_ACK 0 
b.1 2025-06-02 18:07:01.750 a 2025-06-02-18:06:59 173 081 307 0.3 1.5 3.0 11.9 60.0 727.9 0.00 0 0.0 25.0 24.1 24.4 3.629  -33.1   19.3    2.4  59   11.0   0 0 0 1 1 3 1 11.9 63.2 12.3 62.3 80.0 100 100 21 407 0 144 0 401 401 399 0 0 0 60 50 WAIT_ACK 0 
b.1 2025-06-02 18:08:00.891 a 2025-06-02-18:07:58 181 076 349 0.3 2.1 9.2 12.0 55.3 728.0 0.00 0 0.0 25.1 24.1 24.5 3.626  -36.5   19.3    2.7  59   11.0   5 0 0 1 1 3 1 12.0 62.7 12.3 62.1 80.0 100 100 21 407 0 144 0 401 401 400 0 0 0 60 50 WAIT_ACK 0 
b.1 2025-06-02 18:09:00.792 a 2025-06-02-18:08:58 151 057 258 0.1 1.6 4.1 11.9 58.8 728.0 0.00 0 0.0 25.1 24.1 24.5 3.624  -33.8   19.3    2.6  60   11.2   5 0 0 1 1 3 1 12.0 63.0 12.3 62.3 80.0 100 100 22 407 0 144 0 401 401 399 0 0 0 59 50 WAIT_ACK 0 
b.1 2025-06-02 18:10:02.226 a 2025-06-02-18:09:59 111 030 322 0.5 1.8 4.9 11.7 61.5 728.0 0.00 0 0.0 24.8 24.1 24.5 3.627  -33.4   19.2    2.6  60   11.2   0 0 0 1 1 3 1 12.0 63.4 12.3 62.7 80.0 100 100 22 407 0 144 0 401 401 399 0 0 0 59 50 WAIT_ACK 0 
b.1 2025-06-02 18:11:00.992 a 2025-06-02-18:10:58 125 048 355 0.6 1.9 4.0 11.7 61.3 728.0 0.00 0 0.0 24.7 24.1 24.5 3.627  -33.9   19.2    2.7  59   11.1   0 0 0 1 1 3 1 12.0 63.6 12.3 62.9 80.0 100 100 22 407 0 144 0 402 401 400 0 0 0 60 50 WAIT_ACK 0 
b.1 2025-06-02 18:12:01.151 a 2025-06-02-18:11:58 181 067 330 0.2 1.7 3.7 11.8 62.9 728.0 0.00 0 0.0 25.0 24.1 24.5 3.626  -32.9   19.3    2.6  60   11.3   0 0 0 1 1 3 1 12.1 63.6 12.3 63.2 80.0 100 100 22 407 0 144 0 401 401 399 0 0 0 59 50 WAIT_ACK 0 
b.1 2025-06-02 18:13:00.892 a 2025-06-02-18:12:58 091 014 137 0.2 1.7 4.6 12.0 60.5 728.0 0.00 0 0.0 25.0 24.1 24.5 3.626  -33.5   19.3    2.6  60   11.4   0 0 0 1 1 3 1 12.0 63.8 12.3 63.4 80.0 100 100 22 407 0 144 0 401 401 400 0 0 0 59 50 WAIT_ACK 0 
b.1 2025-06-02 18:14:00.553 a 2025-06-02-18:13:58 111 019 211 0.1 1.7 3.7 12.0 60.2 728.0 0.00 0 0.0 24.8 24.1 24.5 3.626  -32.5   19.3    2.4  60   11.3   0 0 0 1 1 3 1 12.1 63.9 12.3 63.4 80.0 100 100 22 407 0 144 0 402 401 400 0 0 0 60 50 WAIT_ACK 0 
b.1 2025-06-02 18:15:01.756 a 2025-06-02-18:14:59 149 028 231 0.1 1.8 4.1 11.9 60.9 728.0 0.00 0 0.0 24.7 24.1 24.5 3.627  -34.0   19.3    2.5  60   11.3   5 0 0 1 1 3 1 12.1 63.5 12.3 63.2 80.0 100 100 22 407 0 144 0 401 401 399 0 0 0 59 50 WAIT_ACK 0 
b.1 2025-06-02 18:16:00.851 a 2025-06-02-18:15:58 115 020 232 0.2 1.9 5.1 11.8 59.8 728.0 0.00 0 0.0 24.6 24.1 24.5 3.627  -33.8   19.3    2.7  59   11.1   5 0 0 1 1 3 1 12.1 63.6 12.3 63.3 80.0 100 100 22 407 0 144 0 401 401 399 0 0 0 60 50 WAIT_ACK 0 
b.1 2025-06-02 18:17:02.131 a 2025-06-02-18:16:59 116 037 221 0.1 1.2 3.3 11.8 61.7 728.0 0.00 0 0.0 24.8 24.1 24.5 3.628  -34.8   19.3    2.3  58   10.9   5 0 0 1 1 3 1 12.1 63.3 12.3 63.3 80.0 100 100 22 407 0 144 0 401 401 400 0 0 0 59 50 WAIT_ACK 0 
b.1 2025-06-02 18:18:01.569 a 2025-06-02-18:17:59 108 051 323 0.4 1.9 3.5 11.9 60.0 728.0 0.00 0 0.0 25.0 24.1 24.5 3.633  -33.0   19.3    2.6  59   11.0   0 0 0 1 1 3 1 12.0 63.3 12.3 63.1 80.0 100 100 22 407 0 144 0 401 401 400 0 0 0 59 50 WAIT_ACK 0 
b.1 2025-06-02 18:19:00.217 a 2025-06-02-18:18:57 129 034 229 0.1 1.2 2.7 12.0 61.3 728.0 0.00 0 0.0 25.2 24.1 24.5 3.627  -31.1   19.3    2.3  58   10.8   0 0 0 1 1 3 1 12.0 63.8 12.3 63.2 80.0 100 100 22 407 0 144 0 401 401 400 0 0 0 59 50 WAIT_ACK 0 
b.1 2025-06-02 18:20:01.914 a 2025-06-02-18:19:59 120 018 203 0.1 1.3 3.4 12.3 60.4 728.1 0.00 0 0.0 25.7 24.1 24.5 3.627  -32.4   19.2    2.2  58   10.9   5 0 0 1 1 3 1 12.0 64.3 12.3 63.4 80.0 100 100 22 407 0 144 0 401 401 399 0 0 0 60 50 WAIT_ACK 0 
b.1 2025-06-02 18:21:01.332 a 2025-06-02-18:20:58 091 031 339 0.7 2.4 4.1 12.4 56.8 728.1 0.00 0 0.0 25.3 24.1 24.4 3.635  -32.2   19.3    2.6  58   10.9   5 0 0 1 1 3 1 12.0 64.1 12.3 63.4 80.0 100 100 22 407 0 144 0 401 401 400 0 0 0 59 50 WAIT_ACK 0 
b.1 2025-06-02 18:22:00.855 a 2025-06-02-18:21:58 139 042 280 0.1 1.6 4.0 12.1 61.2 728.1 0.00 0 0.0 25.4 24.1 24.5 3.626  -32.2   19.3    2.4  58   10.8   0 0 0 1 1 3 1 12.0 64.2 12.3 63.7 80.0 100 100 22 407 0 144 0 401 402 399 0 0 0 60 50 WAIT_ACK 0 
b.1 2025-06-02 18:23:00.654 a 2025-06-02-18:22:58 129 039 284 0.4 2.6 5.5 12.1 58.7 728.1 0.00 0 0.0 25.0 24.1 24.4 3.626  -34.1   19.2    2.9  58   10.7   5 0 0 1 1 3 1 12.0 64.2 12.3 63.5 80.0 100 100 22 407 0 144 0 402 401 400 0 0 0 59 50 WAIT_ACK 0 
b.1 2025-06-02 18:24:00.950 a 2025-06-02-18:23:58 126 058 248 0.2 1.8 4.1 11.9 62.4 728.1 0.00 0 0.0 24.9 24.1 24.5 3.631  -30.5   19.2    2.5  58   10.7   0 0 0 1 1 3 1 12.0 64.3 12.3 63.5 80.0 100 100 22 407 0 144 0 402 401 400 0 0 0 59 50 WAIT_ACK 0 
b.1 2025-06-02 18:25:01.157 a 2025-06-02-18:24:58 132 070 252 0.1 0.6 2.1 12.1 60.2 728.1 0.00 0 0.0 25.7 24.1 24.5 3.627  -29.8   19.2    2.1  58   10.8   0 0 0 1 1 3 1 12.0 64.4 12.3 63.5 80.0 100 100 22 407 0 144 0 401 401 399 0 0 0 60 50 WAIT_ACK 0 
b.1 2025-06-02 18:26:00.536 a 2025-06-02-18:25:58 102 026 201 0.1 1.2 3.4 12.2 59.2 728.1 0.00 0 0.0 26.2 24.1 24.4 3.627  -32.6   19.2    2.2  58   10.9   5 0 0 1 1 3 1 12.0 64.5 12.3 63.6 80.0 100 100 22 407 0 144 0 401 401 399 0 0 0 59 50 WAIT_ACK 0 
b.1 2025-06-02 18:27:01.032 a 2025-06-02-18:26:58 095 016 288 0.1 2.1 3.8 12.3 58.2 728.1 0.00 0 0.0 25.7 24.1 24.5 3.627  -33.0   19.2    2.3  58   10.8   0 0 0 1 1 3 1 12.0 64.4 12.3 63.3 80.0 100 100 22 407 0 144 0 401 401 400 0 0 0 60 50 WAIT_ACK 0 
b.1 2025-06-02 18:28:00.513 a 2025-06-02-18:27:57 212 033 272 0.1 1.3 3.2 12.2 60.3 728.1 0.00 0 0.0 25.6 24.1 24.5 3.633  -30.8   19.2    2.2  59   11.0   5 0 0 1 1 3 1 12.0 64.4 12.3 63.4 80.0 100 100 22 407 0 144 0 401 401 400 0 0 0 59 50 WAIT_ACK 0 
b.1 2025-06-02 18:29:01.194 a 2025-06-02-18:28:58 127 040 261 0.1 1.8 4.1 12.2 60.2 728.1 0.00 0 0.0 25.9 24.1 24.5 3.633  -32.8   19.3    2.3  59   11.0   0 0 0 1 1 3 1 12.0 64.5 12.3 63.5 80.0 100 100 22 407 0 144 0 402 401 399 0 0 0 59 50 WAIT_ACK 0 
b.1 2025-06-02 18:30:01.032 a 2025-06-02-18:29:58 118 039 297 0.1 2.1 9.1 12.1 58.4 728.1 0.00 0 0.0 25.5 24.1 24.4 3.627  -30.7   19.2    2.5  59   11.0   0 0 0 1 1 3 1 12.0 64.4 12.3 63.2 80.0 100 100 22 407 0 144 0 401 401 400 0 0 0 60 50 WAIT_ACK 0 
b.1 2025-06-02 18:31:00.516 a 2025-06-02-18:30:57 107 048 134 0.1 0.6 1.6 11.9 63.0 728.1 0.00 0 0.0 26.4 24.1 24.5 3.627  -30.1   19.2    0.0  59   11.1   0 0 0 1 1 3 1 12.0 64.5 12.3 63.6 80.0 100 100 22 407 0 144 0 401 402 399 0 0 0 60 50 WAIT_ACK 0 
b.1 2025-06-02 18:32:00.453 a 2025-06-02-18:31:57 154 042 295 0.1 1.9 4.7 12.0 65.1 728.1 0.00 0 0.0 26.3 24.1 24.5 3.627  -30.9   19.3    2.4  59   11.2   0 0 0 1 1 3 1 12.0 64.7 12.3 63.6 80.0 100 100 21 407 0 144 0 401 401 399 0 0 0 60 50 WAIT_ACK 0 
b.1 2025-06-02 18:33:00.953 a 2025-06-02-18:32:58 088 038 278 0.1 1.9 4.6 12.1 62.5 728.1 0.00 0 0.0 26.2 24.1 24.5 3.627  -31.6   19.3    2.4  59   11.1   5 0 0 1 1 3 1 12.0 64.8 12.3 63.7 80.0 100 100 21 407 0 144 0 401 401 399 0 0 0 59 50 WAIT_ACK 0 
b.1 2025-06-02 18:34:00.795 a 2025-06-02-18:33:58 164 048 296 0.2 1.3 3.5 12.2 63.1 728.1 0.00 0 0.0 26.4 24.1 24.4 3.627  -33.5   19.3    2.3  59   11.1   0 0 0 1 1 3 1 12.0 64.9 12.3 63.9 80.0 100 100 21 407 0 144 0 401 401 399 0 0 0 59 50 WAIT_ACK 0 
b.1 2025-06-02 18:35:02.138 a 2025-06-02-18:34:59 069 068 329 0.1 1.9 4.4 12.3 61.1 728.1 0.00 0 0.0 26.5 24.1 24.5 3.627  -33.2   19.4    2.3  59   11.2   5 0 0 1 1 3 1 12.0 65.0 12.4 64.3 80.0 100 100 21 407 0 144 0 402 401 400 0 0 0 59 50 WAIT_ACK 0 
b.1 2025-06-02 18:36:00.632 a 2025-06-02-18:35:58 085 029 342 1.4 3.6 6.0 12.3 59.7 728.1 0.00 0 0.0 25.0 24.1 24.5 3.627  -32.8   19.3    3.7  58   10.8   0 0 0 1 1 3 1 12.0 64.9 12.4 64.1 80.0 100 100 22 407 0 144 0 401 402 399 0 0 0 59 50 WAIT_ACK 0 
b.1 2025-06-02 18:37:01.917 a 2025-06-02-18:36:59 011 052 086 1.1 2.7 4.3 11.9 61.4 728.1 0.00 0 0.0 24.5 24.1 24.5 3.627  -32.9   19.2    4.5  57   10.6   0 0 0 1 1 3 1 12.0 64.9 12.4 64.1 80.0 100 100 22 407 0 144 0 400 401 399 0 0 0 59 50 WAIT_ACK 0 
b.1 2025-06-02 18:38:01.197 a 2025-06-02-18:37:58 119 049 270 0.3 1.5 4.1 11.5 63.9 728.1 0.00 0 0.0 24.5 24.1 24.5 3.628  -30.8   19.0    2.8  57   10.4   0 0 0 1 1 3 1 12.0 64.8 12.4 63.5 80.0 100 100 22 407 0 144 0 401 401 399 0 0 0 59 50 WAIT_ACK 0 
b.1 2025-06-02 18:39:00.236 a 2025-06-02-18:38:57 252 027 279 0.1 1.6 3.4 11.5 64.8 728.1 0.00 0 0.0 24.9 24.1 24.5 3.627  -33.7   19.0    2.6  58   10.5   5 0 0 1 1 3 1 12.0 65.1 12.4 63.8 80.0 100 100 22 407 0 144 0 401 401 399 0 0 0 59 50 WAIT_ACK 0 
b.1 2025-06-02 18:40:01.851 a 2025-06-02-18:39:58 251 029 270 0.2 2.1 3.6 11.7 61.7 728.1 0.00 0 0.0 24.5 24.1 24.5 3.633  -31.1   18.9    2.8  58   10.4   5 0 0 1 1 3 1 12.0 65.2 12.3 64.2 80.0 100 100 22 407 0 144 0 401 401 400 0 0 0 59 50 WAIT_ACK 0 
b.1 2025-06-02 18:41:01.457 a 2025-06-02-18:40:58 170 049 232 0.2 1.8 4.1 11.6 62.6 728.2 0.00 0 0.0 24.6 24.1 24.5 3.627  -28.9   18.9    2.7  59   10.7   0 0 0 1 1 3 1 12.0 65.1 12.3 64.2 80.0 100 100 22 407 0 144 0 401 401 399 0 0 0 60 50 WAIT_ACK 0 
b.1 2025-06-02 18:42:01.434 a 2025-06-02-18:41:58 130 031 223 0.1 1.0 3.0 11.5 64.3 728.2 0.00 0 0.0 25.4 24.1 24.5 3.627  -29.9   18.8    2.3  60   10.8   0 0 0 1 1 3 1 12.0 65.6 12.4 64.5 80.0 100 100 22 407 0 144 0 402 401 400 0 0 0 59 50 WAIT_ACK 0 
b.1 2025-06-02 18:43:01.558 a 2025-06-02-18:42:58 107 045 298 0.3 2.1 4.9 11.7 63.9 728.2 0.00 0 0.0 25.6 24.1 24.5 3.631  -29.2   18.9    2.4  60   10.8   0 0 0 1 1 3 1 12.1 65.5 12.4 64.5 80.0 100 100 22 407 0 144 0 401 401 399 0 0 0 59 50 WAIT_ACK 0 
b.1 2025-06-02 18:44:01.361 a 2025-06-02-18:43:58 091 045 276 0.3 2.3 3.6 11.9 60.6 728.2 0.00 0 0.0 25.6 24.1 24.4 3.627  -28.9   18.9    2.8  60   10.9   0 0 0 1 1 3 1 12.1 65.4 12.4 64.6 80.0 100 100 22 407 0 144 0 401 401 400 0 0 0 59 50 WAIT_ACK 0 
b.1 2025-06-02 18:45:02.321 a 2025-06-02-18:44:59 292 062 341 0.1 1.3 2.7 11.9 63.4 728.2 0.00 0 0.0 26.0 24.1 24.4 3.626  -27.7   18.9    2.3  60   10.9   0 0 0 1 1 3 1 12.1 65.6 12.4 64.8 80.0 100 100 22 407 0 144 0 401 401 400 0 0 0 59 50 WAIT_ACK 0 
b.1 2025-06-02 18:46:01.749 a 2025-06-02-18:45:59 104 042 300 0.2 2.1 4.0 11.9 62.8 728.2 0.00 0 0.0 26.1 24.1 24.5 3.626  -30.5   19.0    2.5  60   11.0   5 0 0 1 1 3 1 12.1 65.8 12.4 65.1 80.0 100 100 22 407 0 144 0 401 401 400 0 0 0 59 50 WAIT_ACK 0 
b.1 2025-06-02 18:47:01.256 a 2025-06-02-18:46:58 149 071 329 0.3 2.1 4.0 12.1 63.2 728.2 0.00 0 0.0 26.3 24.1 24.5 3.627  -28.0   19.0    2.6  60   11.0   0 0 0 1 1 3 1 12.1 65.8 12.3 65.1 80.0 100 100 22 407 0 144 0 401 401 399 0 0 0 60 50 WAIT_ACK 0 
b.1 2025-06-02 18:48:00.838 a 2025-06-02-18:47:58 125 046 312 0.1 1.4 5.0 12.2 64.3 728.2 0.00 0 0.0 27.0 24.1 24.4 3.626  -29.7   19.0    2.3  60   11.1   0 0 0 1 1 3 1 12.1 65.8 12.3 65.3 80.0 100 100 22 407 0 144 0 401 401 399 0 0 0 60 50 WAIT_ACK 0 
b.1 2025-06-02 18:49:00.316 a 2025-06-02-18:48:57 117 012 252 0.2 1.8 6.1 12.1 64.5 728.2 0.00 0 0.0 27.0 24.1 24.4 3.624  -27.6   19.1    2.3  60   11.1   0 0 0 1 1 3 1 12.1 66.1 12.3 65.6 80.0 100 100 22 407 0 144 0 402 401 400 0 0 0 60 50 WAIT_ACK 0 
b.1 2025-06-02 18:50:02.082 a 2025-06-02-18:49:59 074 027 350 0.8 2.6 4.8 12.0 60.3 728.2 0.00 0 0.0 26.3 24.1 24.4 3.626  -26.5   19.1    2.9  59   11.0   5 0 0 1 1 3 1 12.1 65.8 12.3 65.5 80.0 100 100 22 407 0 144 0 401 401 399 0 0 0 60 50 WAIT_ACK 0 
b.1 2025-06-02 18:51:01.140 a 2025-06-02-18:50:58 139 053 301 0.1 1.2 2.6 11.9 65.2 728.2 0.00 0 0.0 26.7 24.1 24.5 3.627  -29.3   19.1    2.4  60   11.1   0 0 0 1 1 3 1 12.0 66.6 12.3 66.0 80.0 100 100 22 407 0 144 0 401 401 399 0 0 0 59 50 WAIT_ACK 0 
b.1 2025-06-02 18:52:01.217 a 2025-06-02-18:51:58 120 020 137 0.2 1.7 3.9 12.0 62.4 728.2 0.00 0 0.0 26.8 24.1 24.5 3.627  -26.0   19.1    2.4  60   11.2   0 0 0 1 1 3 1 12.0 66.9 12.3 66.2 80.0 100 100 22 407 0 144 0 401 401 399 0 0 0 60 50 WAIT_ACK 0 
b.1 2025-06-02 18:53:00.880 a 2025-06-02-18:52:58 149 021 261 0.2 1.3 3.4 12.0 63.2 728.3 0.00 0 0.0 27.2 24.1 24.5 3.627  -27.5   19.2    2.3  60   11.3   0 0 0 1 1 3 1 12.0 66.7 12.3 66.0 80.0 100 100 22 407 0 144 0 402 401 400 0 0 0 60 50 WAIT_ACK 0 
b.1 2025-06-02 18:54:01.417 a 2025-06-02-18:53:58 134 028 267 0.1 1.2 4.2 12.1 63.0 728.2 0.00 0 0.0 27.4 24.1 24.4 3.627  -24.8   19.3    2.2  60   11.5   0 0 0 2 1 3 1 12.0 66.9 12.3 66.1 80.0 100 100 22 407 0 144 0 401 401 400 0 0 0 60 50 WAIT_ACK 0 
b.1 2025-06-02 18:54:59.918 a 2025-06-02-18:54:57 106 021 248 0.2 1.2 3.2 12.2 63.7 728.2 0.00 0 0.0 28.0 24.1 24.5 3.627  -25.0   19.4    0.0  61   11.6   0 0 0 1 1 3 1 12.0 67.0 12.3 66.3 80.0 100 100 22 407 0 144 0 401 401 400 0 0 0 60 50 WAIT_ACK 0 
b.1 2025-06-02 18:56:01.000 a 2025-06-02-18:55:58 125 054 151 0.1 1.1 3.1 12.4 63.0 728.2 0.00 0 0.0 28.5 24.1 24.5 3.626  -23.8   19.5    0.0  60   11.6   0 0 0 2 1 3 1 12.0 67.0 12.3 66.2 80.0 100 100 22 407 0 144 0 402 401 400 0 0 0 60 50 WAIT_ACK 0 
b.1 2025-06-02 18:57:00.756 a 2025-06-02-18:56:58 126 062 240 0.2 1.3 2.9 12.5 61.5 728.3 0.00 0 0.0 28.9 24.1 24.5 3.626  -24.2   19.5    2.2  60   11.6   0 0 0 2 1 3 1 12.0 67.0 12.3 66.1 80.0 100 100 22 407 0 144 0 401 401 400 0 0 0 60 50 WAIT_ACK 0 
b.1 2025-06-02 18:58:00.838 a 2025-06-02-18:57:58 188 077 310 0.1 1.0 3.8 12.4 63.9 728.3 0.00 0 0.0 29.7 24.1 24.5 3.627  -22.8   19.6    0.0  61   11.9   0 0 0 2 1 3 1 12.0 67.0 12.3 66.1 80.0 100 100 22 407 0 144 0 401 402 399 0 0 0 60 50 WAIT_ACK 0 
b.1 2025-06-02 18:59:01.038 a 2025-06-02-18:58:58 229 016 289 0.0 0.6 1.7 12.6 61.6 728.3 0.00 0 0.0 30.7 24.1 24.5 3.634  -24.3   19.6    2.2  61   11.8   0 0 0 2 1 3 1 12.0 67.0 12.3 66.2 80.0 100 100 21 407 0 144 0 402 401 400 0 0 0 59 50 WAIT_ACK 0 
b.1 2025-06-02 19:00:02.780 a 2025-06-02-19:00:00 125 074 177 0.1 0.7 1.9 12.8 62.3 728.3 0.00 0 0.0 31.2 24.1 24.5 3.626  -25.4   19.7    0.0  60   11.6   0 0 0 1 1 3 1 12.0 67.0 12.3 66.1 80.0 100 100 21 407 0 144 0 401 401 399 0 0 0 59 50 WAIT_ACK 0 
b.1 2025-06-02 19:01:00.581 a 2025-06-02-19:00:58 132 034 280 0.2 1.8 6.8 12.8 62.3 728.3 0.00 0 0.0 30.6 24.1 24.4 3.627  -26.6   19.8    2.3  59   11.6   0 0 0 1 1 3 1 12.0 67.1 12.3 66.3 80.0 100 100 21 407 0 144 0 401 402 399 0 0 0 60 50 WAIT_ACK 0 
b.1 2025-06-02 19:02:01.119 a 2025-06-02-19:01:58 026 015 151 0.0 0.8 3.7 13.0 60.7 728.3 0.00 0 0.0 31.0 24.1 24.4 3.634  -27.4   19.8    0.0  59   11.7   0 0 0 1 1 3 1 12.0 67.2 12.3 66.4 80.0 100 100 21 407 0 144 0 401 401 399 0 0 0 59 50 WAIT_ACK 0 
b.1 2025-06-02 19:03:02.178 a 2025-06-02-19:02:59 125 032 263 0.1 1.9 4.2 13.0 58.1 728.3 0.00 0 0.0 30.6 24.1 24.4 3.626  -28.5   19.8    2.2  59   11.7   0 0 0 1 1 3 1 12.0 67.5 12.3 66.4 80.0 100 100 22 407 0 144 0 401 401 399 0 0 0 59 50 WAIT_ACK 0 
b.1 2025-06-02 19:04:01.519 a 2025-06-02-19:03:58 159 024 223 0.2 1.4 4.0 12.8 58.9 728.2 0.00 0 0.0 30.1 24.1 24.5 3.626  -28.9   19.9    2.2  59   11.7   0 0 0 1 1 3 1 12.0 67.4 12.3 66.4 80.0 100 100 22 407 0 144 0 402 401 400 0 0 0 59 50 WAIT_ACK 0 
b.1 2025-06-02 19:05:02.108 a 2025-06-02-19:04:59 123 036 304 0.2 2.0 4.4 12.6 61.3 728.2 0.00 0 0.0 29.6 24.1 24.5 3.628  -29.2   19.9    2.4  59   11.7   0 0 0 1 1 3 1 12.0 67.3 12.3 66.1 80.0 100 100 22 407 0 144 0 401 401 400 0 0 0 60 50 WAIT_ACK 0 
b.1 2025-06-02 19:06:02.188 a 2025-06-02-19:05:59 112 018 299 0.2 2.5 5.3 12.5 59.3 728.2 0.00 0 0.0 28.6 24.1 24.4 3.624  -29.4   19.9    2.7  59   11.7   0 0 0 1 1 3 1 12.0 67.3 12.3 66.2 80.0 100 100 22 407 0 144 0 401 401 399 0 0 0 59 50 WAIT_ACK 0 
b.1 2025-06-02 19:07:02.160 a 2025-06-02-19:06:59 112 043 330 0.2 2.2 4.3 12.4 61.3 728.2 0.00 0 0.0 27.9 24.1 24.5 3.626  -25.8   19.9    2.7  59   11.7   0 0 0 1 1 3 1 12.0 67.3 12.3 66.3 80.0 100 100 22 407 0 144 0 401 401 399 0 0 0 59 50 WAIT_ACK 0 
b.1 2025-06-02 19:08:01.301 a 2025-06-02-19:07:58 134 056 171 0.1 0.9 4.0 12.3 65.6 728.2 0.00 0 0.0 28.8 24.1 24.5 3.626  -24.6   19.9    2.2  59   11.6   0 0 0 2 1 3 1 12.0 67.4 12.3 66.2 80.0 100 100 22 407 0 144 0 402 401 400 0 0 0 59 50 WAIT_ACK 0 
b.1 2025-06-02 19:09:01.381 a 2025-06-02-19:08:58 134 029 276 0.5 2.9 4.8 12.5 60.5 728.2 0.00 0 0.0 27.6 24.1 24.5 3.626  -28.8   19.9    2.9  58   11.5   5 0 0 1 1 2 0 12.0 67.3 12.3 66.2 80.0 100 100 22 407 0 144 0 401 401 399 0 0 0 59 50 WAIT_ACK 0 
b.1 2025-06-02 19:10:01.503 a 2025-06-02-19:09:58 099 023 246 0.1 1.3 3.6 12.4 59.8 728.3 0.00 0 0.0 27.4 24.1 24.5 3.627  -23.6   19.8    2.4  59   11.5   0 0 0 2 1 3 1 12.0 67.1 12.3 66.1 80.0 100 100 22 407 0 144 0 402 401 400 0 0 0 59 50 WAIT_ACK 0 
b.1 2025-06-02 19:11:01.503 a 2025-06-02-19:10:58 109 059 287 0.1 1.4 3.9 12.1 63.4 728.2 0.00 0 0.0 28.6 24.1 24.5 3.626  -32.4   19.8    2.3  59   11.5   0 0 0 1 1 3 1 12.0 67.4 12.3 66.6 80.0 100 100 22 407 0 144 0 401 401 400 0 0 0 60 50 WAIT_ACK 0 
b.1 2025-06-02 19:12:00.779 a 2025-06-02-19:11:58 250 047 306 0.1 1.1 3.5 12.2 64.8 728.3 0.00 0 0.0 29.1 24.1 24.5 3.626  -27.8   19.8    0.0  59   11.5   0 0 0 1 1 3 1 12.0 67.3 12.3 66.3 80.0 100 100 22 407 0 144 0 401 401 399 0 0 0 60 50 WAIT_ACK 0 
b.1 2025-06-02 19:13:01.223 a 2025-06-02-19:12:58 117 024 317 0.2 1.8 3.7 12.3 62.4 728.3 0.00 0 0.0 29.0 24.1 24.5 3.627  -26.6   19.8    2.3  60   11.8   0 0 0 1 1 3 1 12.1 67.3 12.3 66.4 80.0 100 100 22 407 0 144 0 401 402 399 0 0 0 60 50 WAIT_ACK 0 
b.1 2025-06-02 19:14:00.641 a 2025-06-02-19:13:57 139 025 313 0.1 1.5 3.2 12.3 59.4 728.3 0.00 0 0.0 29.0 24.1 24.4 3.627  -23.4   19.8    2.3  60   11.8   0 0 0 2 1 3 1 12.1 67.1 12.4 65.9 80.0 100 100 22 407 0 144 0 402 401 400 0 0 0 60 50 WAIT_ACK 0 
b.1 2025-06-02 19:15:00.721 a 2025-06-02-19:14:58 139 031 300 0.1 0.7 2.4 12.0 59.7 728.2 0.00 0 0.0 30.0 24.1 24.4 3.633  -22.4   19.9    2.2  60   12.0   0 0 0 2 1 3 1 12.0 66.9 12.4 65.9 80.0 100 100 22 407 0 144 0 401 401 400 0 0 0 59 50 WAIT_ACK 0 
b.1 2025-06-02 19:16:00.801 a 2025-06-02-19:15:58 045 029 348 0.0 0.6 3.9 12.0 64.2 728.2 0.00 0 0.0 31.6 24.1 24.4 3.627  -25.1   19.9    2.2  61   12.3   0 0 0 1 1 3 1 12.1 67.3 12.4 66.0 80.0 100 100 22 407 0 144 0 401 401 400 0 0 0 59 50 WAIT_ACK 0 
b.1 2025-06-02 19:17:01.424 a 2025-06-02-19:16:58 294 353 308 0.1 1.6 4.2 12.2 63.7 728.2 0.00 0 0.0 31.2 24.1 24.5 3.626  -25.3   20.0    2.3  60   12.1   0 0 0 1 1 3 1 12.1 67.4 12.4 66.3 80.0 100 100 22 407 0 144 0 401 401 399 0 0 0 59 50 WAIT_ACK 0 
b.1 2025-06-02 19:18:00.063 a 2025-06-02-19:17:57 160 056 238 0.1 1.2 3.4 12.4 63.4 728.2 0.00 0 0.0 31.4 24.1 24.5 3.633  -25.8   20.1    2.2  59   11.8   0 0 0 1 1 3 1 12.1 67.5 12.4 66.3 80.0 100 100 22 407 0 144 0 401 401 399 0 0 0 60 50 WAIT_ACK 0 
b.1 2025-06-02 19:19:01.841 a 2025-06-02-19:18:59 131 042 219 0.2 2.0 4.7 12.7 63.4 728.2 0.00 0 0.0 31.0 24.1 24.5 3.626  -26.4   20.1    2.4  59   11.8   0 0 0 1 1 3 1 12.1 67.7 12.4 66.7 80.0 100 100 22 407 0 144 0 401 401 400 0 0 0 59 50 WAIT_ACK 0 
b.1 2025-06-02 19:20:00.061 a 2025-06-02-19:19:57 076 096 150 0.1 0.5 2.5 12.9 63.3 728.2 0.00 0 0.0 31.3 24.1 24.5 3.626  -25.5   20.1    0.0  59   11.8   0 0 0 1 1 3 1 12.1 67.6 12.4 67.1 80.0 100 100 22 407 0 144 0 402 401 400 0 0 0 59 50 WAIT_ACK 0 
b.1 2025-06-02 19:21:01.441 a 2025-06-02-19:20:58 096 023 189 0.1 0.8 3.5 13.2 64.1 728.2 0.00 0 0.0 31.7 24.1 24.4 3.627  -29.2   20.1    2.2  59   11.7   0 0 0 1 1 3 1 12.1 67.6 12.4 66.3 80.0 100 100 22 407 0 144 0 402 401 400 0 0 0 59 50 WAIT_ACK 0 
b.1 2025-06-02 19:22:01.282 a 2025-06-02-19:21:58 092 000 136 0.2 1.7 4.1 13.3 62.1 728.2 0.00 0 0.0 31.2 24.1 24.4 3.624  -30.5   20.1    2.2  59   11.9   0 0 0 1 1 3 1 12.2 67.6 12.4 66.2 80.0 100 100 22 407 0 144 0 401 401 400 0 0 0 59 50 WAIT_ACK 0 
b.1 2025-06-02 19:23:01.180 a 2025-06-02-19:22:58 076 354 151 0.2 1.8 4.0 13.3 60.9 728.2 0.00 0 0.0 30.7 24.1 24.5 3.626  -29.2   20.2    2.3  60   12.2   0 0 0 1 1 3 1 12.2 67.6 12.4 66.6 80.0 100 100 22 407 0 144 0 401 401 400 0 0 0 59 50 WAIT_ACK 0 
b.1 2025-06-02 19:24:00.842 a 2025-06-02-19:23:58 167 031 270 0.2 1.7 3.5 13.0 62.1 728.2 0.00 0 0.0 30.3 24.1 24.4 3.626  -27.3   20.3    2.3  60   12.3   0 0 0 1 1 3 1 12.2 67.7 12.4 66.6 80.0 100 100 22 407 0 144 0 401 401 399 0 0 0 60 50 WAIT_ACK 0 
b.1 2025-06-02 19:25:00.401 a 2025-06-02-19:24:57 139 048 317 0.8 2.4 4.6 12.9 62.3 728.2 0.00 0 0.0 29.9 24.1 24.5 3.626  -26.8   20.3    2.6  60   12.3   0 0 0 1 1 3 1 12.2 67.7 12.5 67.1 80.0 100 100 22 407 0 144 0 401 401 399 0 0 0 59 50 WAIT_ACK 0 
b.1 2025-06-02 19:26:00.982 a 2025-06-02-19:25:58 149 051 245 0.2 1.9 4.5 12.7 64.5 728.2 0.00 0 0.0 29.5 24.1 24.4 3.629  -23.9   20.3    2.5  59   12.1   0 0 0 2 1 3 1 12.2 67.6 12.5 66.3 80.0 100 100 22 407 0 144 0 402 401 400 0 0 0 60 50 WAIT_ACK 0 
b.1 2025-06-02 19:27:01.243 a 2025-06-02-19:26:58 117 035 195 0.1 1.1 3.2 12.8 61.1 728.2 0.00 0 0.0 30.1 24.1 24.5 3.626  -25.6   20.3    2.3  59   11.9   0 0 0 1 1 3 1 12.2 67.7 12.4 67.1 80.0 100 100 22 407 0 144 0 401 400 400 0 0 0 60 50 WAIT_ACK 0 
b.1 2025-06-02 19:28:01.265 a 2025-06-02-19:27:58 111 032 356 1.3 2.5 3.8 12.5 62.1 728.2 0.00 0 0.0 29.5 24.1 24.4 3.627  -25.7   20.2    2.9  59   11.8   0 0 0 1 1 3 1 12.2 67.5 12.4 66.7 80.0 100 100 22 407 0 144 0 401 402 399 0 0 0 59 50 WAIT_ACK 0 
b.1 2025-06-02 19:29:01.703 a 2025-06-02-19:28:59 122 056 298 0.2 2.0 4.0 12.0 66.1 728.2 0.00 0 0.0 29.3 24.1 24.4 3.626  -26.8   20.1    2.9  58   11.7   0 0 0 1 1 3 1 12.2 67.4 12.5 66.3 80.0 100 100 22 407 0 144 0 402 401 400 0 0 0 59 50 WAIT_ACK 0 
b.1 2025-06-02 19:30:02.502 a 2025-06-02-19:29:59 134 058 270 0.1 1.1 3.2 11.9 68.3 728.2 0.00 0 0.0 29.5 24.1 24.4 3.626  -24.4   20.0    2.3  59   11.7   0 0 0 2 1 3 1 12.2 67.5 12.5 66.8 80.0 100 100 22 407 0 144 0 401 401 399 0 0 0 59 50 WAIT_ACK 0 
b.1 2025-06-02 19:31:00.482 a 2025-06-02-19:30:57 141 033 270 0.1 1.4 4.1 12.1 64.3 728.2 0.00 0 0.0 29.8 24.1 24.4 3.634  -25.4   20.0    2.3  60   11.8   0 0 0 1 1 3 1 12.3 67.6 12.5 66.8 80.0 100 100 22 407 0 144 0 401 401 399 0 0 0 59 50 WAIT_ACK 0 
b.1 2025-06-02 19:32:00.187 a 2025-06-02-19:31:57 096 007 222 0.1 1.1 3.3 12.1 64.3 728.2 0.00 0 0.0 30.3 24.1 24.4 3.633  -24.4   20.0    2.2  59   11.8   0 0 0 2 1 3 1 12.3 67.9 12.5 67.1 80.0 100 100 22 407 0 144 0 401 401 399 0 0 0 60 50 WAIT_ACK 0 
b.1 2025-06-02 19:33:02.224 a 2025-06-02-19:32:59 164 043 176 0.1 1.3 7.0 12.3 65.4 728.2 0.00 0 0.0 30.0 24.1 24.4 3.633  -27.0   20.0    2.2  59   11.8   0 0 0 1 1 3 1 12.4 68.1 12.6 67.5 80.0 100 100 22 407 0 144 0 401 402 399 0 0 0 60 50 WAIT_ACK 0 
b.1 2025-06-02 19:34:01.384 a 2025-06-02-19:33:58 087 027 270 0.2 1.5 3.6 12.7 64.6 728.2 0.00 0 0.0 30.2 24.1 24.4 3.635  -29.6   20.1    2.2  59   11.9   0 0 0 1 1 3 1 12.4 68.2 12.6 67.6 80.0 100 100 22 407 0 144 0 401 401 399 0 0 0 60 50 WAIT_ACK 0 
b.1 2025-06-02 19:35:01.693 a 2025-06-02-19:34:59 133 033 300 0.4 2.3 3.7 12.9 63.0 728.2 0.00 0 0.0 29.7 24.1 24.4 3.626  -29.5   20.1    2.6  59   11.9   0 0 0 1 1 3 1 12.4 68.3 12.6 67.6 80.0 100 100 22 407 0 144 0 400 401 399 0 0 0 59 50 WAIT_ACK 0 
b.1 2025-06-02 19:36:01.342 a 2025-06-02-19:35:58 005 091 141 1.0 2.2 3.5 12.8 61.5 728.2 0.00 0 0.0 29.3 24.1 24.4 3.628  -32.7   20.1    3.0  60   12.2   5 0 0 1 1 3 1 12.4 68.2 12.6 67.5 80.0 100 100 22 407 0 144 0 402 401 400 0 0 0 59 50 WAIT_ACK 0 
b.1 2025-06-02 19:37:02.023 a 2025-06-02-19:36:59 249 095 290 0.0 1.4 3.8 12.3 62.3 728.2 0.00 0 0.0 29.2 24.1 24.5 3.626  -30.5   20.0    2.4  60   12.0   0 0 0 1 1 3 1 12.4 68.3 12.6 67.6 80.0 100 100 22 407 0 144 0 401 401 400 0 0 0 59 50 WAIT_ACK 0 
b.1 2025-06-02 19:38:02.046 a 2025-06-02-19:37:59 126 022 212 0.1 0.6 1.9 11.9 65.7 728.2 0.00 0 0.0 30.2 24.1 24.4 3.627  -28.7   20.0    0.0  60   11.9   0 0 0 1 1 3 1 12.4 68.4 12.6 67.7 80.0 100 100 22 407 0 144 0 402 401 400 0 0 0 59 50 WAIT_ACK 0 
b.1 2025-06-02 19:39:01.904 a 2025-06-02-19:38:59 248 274 278 0.1 0.8 3.5 12.1 66.6 728.2 0.00 0 0.0 30.8 24.1 24.4 3.627  -29.6   20.0    2.1  61   12.1   0 0 0 1 1 3 1 12.4 68.3 12.6 67.7 80.0 100 100 22 407 0 144 0 402 401 399 0 0 0 60 50 WAIT_ACK 0 
b.1 2025-06-02 19:40:02.766 a 2025-06-02-19:40:00 144 047 188 0.1 1.6 3.7 12.4 64.9 728.2 0.00 0 0.0 30.7 24.1 24.4 3.626  -30.5   20.0    2.3  61   12.3   0 0 0 1 1 3 1 12.4 68.0 12.6 67.7 80.0 100 100 22 407 0 144 0 402 401 400 0 0 0 59 50 WAIT_ACK 0 
b.1 2025-06-02 19:41:01.444 a 2025-06-02-19:40:58 135 040 188 0.3 2.6 5.0 12.6 64.2 728.2 0.00 0 0.0 29.7 24.1 24.4 3.627  -31.1   20.1    2.8  60   12.0   0 0 0 1 1 3 1 12.4 68.1 12.6 67.7 80.0 100 100 22 407 0 144 0 401 401 400 0 0 0 59 50 WAIT_ACK 0 
b.1 2025-06-02 19:42:00.868 a 2025-06-02-19:41:58 139 050 321 0.3 2.4 5.0 12.5 63.9 728.2 0.00 0 0.0 28.7 24.1 24.4 3.629  -30.7   20.0    2.9  59   11.7   0 0 0 1 1 3 1 12.4 67.9 12.6 67.6 80.0 100 100 22 407 0 144 0 401 401 400 0 0 0 60 50 WAIT_ACK 0 
b.1 2025-06-02 19:42:59.365 a 2025-06-02-19:42:56 149 051 305 0.2 1.8 4.3 12.4 64.3 728.2 0.00 0 0.0 28.4 24.1 24.5 3.626  -29.4   20.0    2.7  59   11.6   0 0 0 1 1 3 1 12.4 68.2 12.6 67.6 80.0 100 100 22 407 0 144 0 401 401 399 0 0 0 60 50 WAIT_ACK 0 
b.1 2025-06-02 19:44:01.066 a 2025-06-02-19:43:58 089 039 301 0.2 2.1 4.0 12.4 64.1 728.2 0.00 0 0.0 28.1 24.1 24.5 3.628  -32.7   19.9    2.8  58   11.5   5 0 0 1 1 3 1 12.4 68.3 12.6 67.7 80.0 100 100 22 407 0 144 0 401 402 399 0 0 0 59 50 WAIT_ACK 0 
b.1 2025-06-02 19:45:00.545 a 2025-06-02-19:44:57 106 040 350 0.7 2.6 4.3 12.4 62.8 728.2 0.00 0 0.0 27.8 24.1 24.5 3.626  -31.2   19.8    3.5  58   11.4   0 0 0 1 1 3 1 12.3 68.1 12.6 67.6 80.0 100 100 22 407 0 144 0 401 401 399 0 0 0 59 50 WAIT_ACK 0 
b.1 2025-06-02 19:46:00.884 a 2025-06-02-19:45:58 178 063 326 0.2 1.5 2.8 12.3 65.3 728.2 0.00 0 0.0 27.9 24.1 24.5 3.626  -32.4   19.7    2.9  59   11.3   5 0 0 1 1 3 1 12.3 68.1 12.5 67.7 80.0 100 100 22 407 0 144 0 402 401 400 0 0 0 60 50 WAIT_ACK 0 
b.1 2025-06-02 19:47:00.190 a 2025-06-02-19:46:57 113 106 331 0.1 1.0 2.5 12.2 66.2 728.2 0.00 0 0.0 28.6 24.1 24.4 3.633  -29.3   19.7    2.3  60   11.6   0 0 0 1 1 3 1 12.3 68.2 12.5 67.9 80.0 100 100 22 407 0 144 0 401 401 399 0 0 0 59 50 WAIT_ACK 0 
b.1 2025-06-02 19:48:01.466 a 2025-06-02-19:47:58 147 020 165 0.1 0.8 2.4 12.3 66.9 728.2 0.00 0 0.0 29.5 24.1 24.4 3.627  -28.0   19.7    2.2  60   11.8   0 0 0 1 1 3 1 12.3 68.5 12.5 68.1 80.0 100 100 22 407 0 144 0 401 401 399 0 0 0 60 50 WAIT_ACK 0 
b.1 2025-06-02 19:49:00.664 a 2025-06-02-19:48:57 022 335 084 0.1 0.6 3.4 12.5 67.5 728.2 0.00 0 0.0 30.7 24.1 24.5 3.627  -28.1   19.8    2.1  61   12.0   0 0 0 1 1 3 1 12.3 68.8 12.5 68.5 80.0 100 100 22 407 0 144 0 401 401 399 0 0 0 59 50 WAIT_ACK 0 
b.1 2025-06-02 19:50:01.664 a 2025-06-02-19:49:59 136 047 157 0.1 0.9 3.1 12.8 67.5 728.2 0.00 0 0.0 31.3 24.1 24.4 3.629  -27.6   19.9    2.1  60   11.9   0 0 0 1 1 3 1 12.4 68.8 12.5 68.7 80.0 100 100 22 407 0 144 0 401 401 399 0 0 0 60 50 WAIT_ACK 0 
b.1 2025-06-02 19:51:00.690 a 2025-06-02-19:50:58 160 040 279 0.2 1.7 3.7 13.2 63.8 728.2 0.00 0 0.0 31.2 24.1 24.4 3.626  -28.9   19.9    2.3  60   11.9   0 0 0 1 1 3 1 12.4 69.1 12.6 68.6 80.0 100 100 22 407 0 144 0 401 401 400 0 0 0 59 50 WAIT_ACK 0 
b.1 2025-06-02 19:52:01.188 a 2025-06-02-19:51:58 152 030 309 0.6 2.4 4.0 13.1 62.1 728.2 0.00 0 0.0 30.1 24.1 24.4 3.626  -27.3   20.0    2.6  60   12.1   0 0 0 1 1 3 1 12.4 68.9 12.6 68.6 80.0 100 100 22 407 0 144 0 401 401 399 0 0 0 60 50 WAIT_ACK 0 
b.1 2025-06-02 19:53:02.246 a 2025-06-02-19:52:59 153 038 314 0.3 1.9 3.7 12.7 61.6 728.2 0.00 0 0.0 29.9 24.1 24.5 3.626  -28.0   20.0    2.8  60   12.1   5 0 0 1 1 3 1 12.4 68.8 12.6 68.5 80.0 100 100 22 407 0 144 0 401 401 400 0 0 0 60 50 WAIT_ACK 0 
b.1 2025-06-02 19:54:00.749 a 2025-06-02-19:53:58 163 036 247 0.1 1.3 3.5 12.5 65.8 728.2 0.00 0 0.0 30.3 24.1 24.4 3.626  -24.2   20.1    2.4  60   12.1   0 0 0 2 1 3 1 12.4 68.7 12.6 68.7 80.0 100 100 22 407 0 144 0 401 401 400 0 0 0 60 50 WAIT_ACK 0 
b.1 2025-06-02 19:55:02.167 a 2025-06-02-19:54:59 163 051 248 0.1 0.7 2.2 12.5 65.5 728.2 0.00 0 0.0 31.1 24.1 24.5 3.626  -22.0   20.1    0.0  61   12.2   0 0 0 2 1 3 1 12.4 69.0 12.5 68.6 80.0 100 100 22 407 0 144 0 400 401 399 0 0 0 60 50 WAIT_ACK 0 
b.1 2025-06-02 19:56:00.548 a 2025-06-02-19:55:57 186 051 297 0.1 1.3 3.6 12.8 64.6 728.2 0.00 0 0.0 31.6 24.1 24.4 3.627  -21.5   20.2    2.1  60   12.1   0 0 0 2 1 3 1 12.4 69.2 12.5 68.7 80.0 100 100 22 407 0 144 0 402 402 399 0 0 0 60 50 WAIT_ACK 0 
b.1 2025-06-02 19:57:00.486 a 2025-06-02-19:56:57 186 088 270 0.1 0.9 3.4 13.0 64.9 728.3 0.00 0 0.0 32.5 24.1 24.4 3.627  -20.2   20.2    0.0  60   12.1   0 0 0 2 1 3 1 12.4 69.4 12.5 68.9 80.0 100 100 22 407 0 144 0 401 401 399 0 0 0 60 50 WAIT_ACK 599 
b.1 2025-06-02 19:58:01.631 a 2025-06-02-19:57:58 152 003 282 0.1 1.6 3.2 13.0 64.2 728.3 0.00 0 0.0 32.9 24.1 24.5 3.628  -14.9   20.3    2.3  60   12.3   0 0 0 2 1 3 1 12.4 69.3 12.5 68.7 80.0 100 100 22 407 0 144 0 402 401 399 0 0 0 60 50 WAIT_ACK 600 
b.1 2025-06-02 19:59:00.969 a 2025-06-02-19:58:58 122 063 175 0.1 1.0 2.9 13.0 65.7 728.3 0.00 0 0.0 34.2 24.1 24.5 3.627  -14.3   20.3    0.0  60   12.4   0 0 0 2 1 3 1 12.4 69.4 12.5 68.8 80.0 100 100 22 407 0 144 0 401 401 400 0 0 0 59 50 WAIT_ACK 600 
b.1 2025-06-02 20:00:01.551 a 2025-06-02-19:59:58 101 037 302 0.2 2.3 4.9 13.2 61.1 728.3 0.00 0 0.0 33.4 24.1 24.4 3.633  -19.0   20.4    2.4  60   12.4   0 0 0 2 1 3 1 12.4 69.4 12.5 69.1 80.0 100 100 22 407 0 144 0 401 401 400 0 0 0 59 50 WAIT_ACK 600 
b.1 2025-06-02 20:01:01.668 a 2025-06-02-20:00:59 131 029 272 0.3 2.5 4.5 12.8 63.5 728.3 0.00 0 0.0 31.2 24.1 24.5 3.627  -14.2   20.5    3.0  60   12.4   0 0 0 2 1 3 1 12.4 69.4 12.6 68.7 80.0 100 100 22 407 0 144 0 401 401 399 0 0 0 59 50 WAIT_ACK 600 
b.1 2025-06-02 20:02:01.092 a 2025-06-02-20:01:58 111 037 266 0.1 1.4 4.4 12.6 64.5 728.3 0.00 0 0.0 30.0 24.1 24.5 3.627  -18.2   20.4    2.6  58   12.0   5 0 0 2 1 2 0 12.4 69.4 12.6 69.3 80.0 100 100 22 407 0 144 0 401 401 399 0 0 0 59 50 WAIT_ACK 600 
b.1 2025-06-02 20:03:00.709 a 2025-06-02-20:02:58 172 047 231 0.2 1.5 4.4 12.6 65.5 728.3 0.00 0 0.0 27.8 24.1 24.4 3.632  -15.7   20.3    2.5  59   11.9   5 0 0 2 1 2 0 12.4 69.4 12.5 69.5 80.0 100 100 22 407 0 144 0 402 401 400 0 0 0 59 50 WAIT_ACK 600 
b.1 2025-06-02 20:04:01.848 a 2025-06-02-20:03:59 159 038 265 0.1 1.8 3.9 12.5 66.5 728.3 0.00 0 0.0 26.1 24.1 24.4 3.633  -12.9   20.2    2.5  58   11.7   0 0 0 2 1 2 0 12.4 69.3 12.6 69.3 80.0 100 100 22 407 0 144 0 401 401 399 0 0 0 60 50 WAIT_ACK 600 
b.1 2025-06-02 20:05:01.957 a 2025-06-02-20:04:59 113 062 134 0.2 1.1 3.4 12.5 66.5 728.3 0.00 0 0.0 25.2 24.1 24.4 3.626  -13.9   20.0    2.3  59   11.7   5 0 0 2 1 2 0 12.4 69.3 12.6 69.1 80.0 100 100 22 407 0 144 0 401 401 400 0 0 0 60 50 WAIT_ACK 600 
b.1 2025-06-02 20:06:00.608 a 2025-06-02-20:05:57 061 013 270 0.0 0.5 1.8 12.4 66.0 728.3 0.00 0 0.0 24.6 24.1 24.4 3.629  -13.1   19.9    0.0  60   11.8   0 0 0 2 1 2 0 12.4 69.2 12.6 69.0 80.0 100 100 22 407 0 144 0 401 401 400 0 0 0 60 50 WAIT_ACK 600 
b.1 2025-06-02 20:06:59.930 a 2025-06-02-20:06:57 127 055 228 0.1 0.6 2.0 12.4 67.4 728.3 0.00 0 0.0 24.1 24.1 24.4 3.626  -13.9   19.8    2.2  59   11.6   5 0 0 2 1 2 0 12.5 69.3 12.6 69.0 80.0 100 100 22 407 0 144 0 401 401 399 0 0 0 59 50 WAIT_ACK 600 
b.1 2025-06-02 20:07:59.493 a 2025-06-02-20:07:56 127 027 270 0.0 1.5 3.1 12.5 65.0 728.3 0.00 0 0.0 23.0 24.1 24.5 3.627  -12.2   19.7    2.3  60   11.7   5 0 0 2 1 2 0 12.5 69.2 12.6 69.0 80.0 100 100 22 407 0 144 0 401 402 399 0 0 0 60 50 WAIT_ACK 600 
b.1 2025-06-02 20:09:01.474 a 2025-06-02-20:08:58 094 040 341 0.4 1.9 3.8 12.4 65.1 728.2 0.00 0 0.0 21.8 24.1 24.5 3.627  -13.6   19.6    2.7  60   11.7   5 0 0 2 1 2 0 12.5 69.2 12.6 69.0 80.0 100 100 22 407 0 144 0 401 401 399 0 0 0 59 50 WAIT_ACK 600 
b.1 2025-06-02 20:10:02.009 a 2025-06-02-20:09:59 091 030 341 0.6 2.1 4.0 12.0 67.4 728.2 0.00 0 0.0 21.2 24.1 24.5 3.628  -16.2   19.5    3.1  60   11.4   5 0 0 2 1 2 0 12.5 69.2 12.6 69.0 80.0 100 100 22 407 0 144 0 401 401 399 0 0 0 60 50 WAIT_ACK 600 
b.1 2025-06-02 20:11:02.351 a 2025-06-02-20:10:59 112 024 258 0.3 1.7 4.5 11.7 67.7 728.2 0.00 0 0.0 22.6 24.1 24.5 3.628  -10.6   19.3    2.8  60   11.2   0 0 0 2 1 3 1 12.5 69.3 12.6 69.0 80.0 100 100 22 407 0 144 0 401 401 399 0 0 0 59 50 WAIT_ACK 600 
b.1 2025-06-02 20:12:00.354 a 2025-06-02-20:11:57 105 038 288 0.5 2.2 4.5 11.5 69.6 728.2 0.00 0 0.0 24.0 24.1 24.4 3.626  -20.2   19.2    3.0  60   11.3   0 0 0 2 1 2 0 12.5 69.4 12.6 69.2 80.0 100 100 22 407 0 144 0 401 401 399 0 0 0 59 50 WAIT_ACK 599 
b.1 2025-06-02 20:13:00.471 a 2025-06-02-20:12:57 121 063 302 0.2 1.2 3.0 11.5 69.9 728.2 0.00 0 0.0 23.4 24.1 24.4 3.633  -16.0   19.1    2.4  60   11.2   5 0 0 2 1 2 0 12.5 70.0 12.6 69.8 80.0 100 100 22 407 0 144 0 401 401 399 0 0 0 59 50 WAIT_ACK 600 
b.1 2025-06-02 20:14:00.969 a 2025-06-02-20:13:58 162 048 304 0.0 1.4 2.9 11.6 71.5 728.2 0.00 0 0.0 23.4 24.1 24.5 3.627  -15.4   19.1    2.4  60   11.2   5 0 0 2 1 2 0 12.5 70.2 12.7 70.0 80.0 100 100 22 407 0 144 0 401 401 399 0 0 0 59 50 WAIT_ACK 600 
b.1 2025-06-02 20:15:02.250 a 2025-06-02-20:14:59 232 088 265 0.1 0.9 2.9 11.9 70.0 728.3 0.00 0 0.0 22.9 24.1 24.5 3.628  -14.3   19.0    2.2  61   11.4   5 0 0 2 1 2 0 12.5 70.4 12.6 70.3 80.0 100 100 22 407 0 144 0 402 401 400 0 0 0 60 50 WAIT_ACK 600 
b.1 2025-06-02 20:16:00.654 a 2025-06-02-20:15:57 101 036 333 0.5 2.2 3.4 12.0 67.5 728.3 0.00 0 0.0 21.6 24.1 24.5 3.635  -14.0   19.0    2.6  61   11.4   5 0 0 2 1 2 0 12.5 70.5 12.6 70.5 80.0 100 100 22 407 0 144 0 402 401 400 0 0 0 59 50 WAIT_ACK 600 
b.1 2025-06-02 20:17:01.253 a 2025-06-02-20:16:58 145 035 336 0.2 2.2 4.0 11.9 68.0 728.3 0.00 0 0.0 20.8 24.1 24.4 3.626  -11.1   19.0    3.1  61   11.4   5 0 0 2 1 2 0 12.5 70.5 12.6 70.6 80.0 100 100 22 407 0 144 0 401 401 399 0 0 0 60 50 WAIT_ACK 600 
b.1 2025-06-02 20:18:02.259 a 2025-06-02-20:17:59 149 068 351 0.2 1.6 3.0 11.6 68.6 728.2 0.00 0 0.0 20.7 24.1 24.5 3.626  -14.1   18.9    2.8  61   11.2   5 0 0 2 1 2 0 12.4 70.6 12.5 70.7 80.0 100 100 22 407 0 144 0 402 401 400 0 0 0 60 50 WAIT_ACK 600 
b.1 2025-06-02 20:19:01.153 a 2025-06-02-20:18:58 000 040 149 0.1 0.9 3.1 11.4 71.1 728.3 0.00 0 0.0 20.4 24.1 24.5 3.633  -14.3   18.8    2.2  61   11.0   5 0 0 2 1 2 0 12.4 70.8 12.5 70.9 80.0 100 100 22 407 0 144 0 401 401 399 0 0 0 60 50 WAIT_ACK 600 
b.1 2025-06-02 20:20:01.744 a 2025-06-02-20:19:58 097 013 265 0.2 1.3 2.4 11.4 69.9 728.3 0.00 0 0.0 20.2 24.1 24.5 3.627  -14.7   18.7    2.3  62   11.2   5 0 0 2 1 2 0 12.4 71.0 12.5 71.2 80.0 100 100 22 407 0 144 0 401 401 399 0 0 0 59 50 WAIT_ACK 600 
b.1 2025-06-02 20:21:01.732 a 2025-06-02-20:20:59 108 028 145 0.1 0.9 3.1 11.6 70.3 728.3 0.00 0 0.0 20.2 24.1 24.5 3.627  -17.5   18.7    2.2  61   11.1   5 0 0 2 1 2 0 12.4 71.3 12.5 71.2 80.0 100 100 22 407 0 144 0 402 401 400 0 0 0 60 50 WAIT_ACK 600 
b.1 2025-06-02 20:22:01.891 a 2025-06-02-20:21:59 090 030 310 0.3 1.6 3.0 11.6 68.6 728.3 0.00 0 0.0 19.9 24.1 24.5 3.629  -17.2   18.6    2.4  62   11.2   5 0 0 2 1 2 0 12.3 71.4 12.5 71.4 80.0 100 100 22 407 0 144 0 401 401 399 0 0 0 59 50 WAIT_ACK 600 
b.1 2025-06-02 20:23:01.637 a 2025-06-02-20:22:58 122 070 302 0.2 1.3 2.5 11.5 69.9 728.2 0.00 0 0.0 19.6 24.1 24.4 3.627  -15.9   18.6    2.3  62   11.3   5 0 0 2 1 2 0 12.3 71.4 12.4 71.5 80.0 100 100 22 407 0 144 0 402 401 400 0 0 0 59 50 WAIT_ACK 600 
b.1 2025-06-02 20:24:02.137 a 2025-06-02-20:23:59 108 048 326 0.4 1.8 3.0 11.3 70.0 728.2 0.00 0 0.0 20.4 24.1 24.4 3.626  -13.3   18.6    2.5  62   11.2   0 0 0 2 1 2 0 12.3 71.5 12.4 71.4 80.0 100 100 22 407 0 144 0 401 401 400 0 0 0 60 50 WAIT_ACK 600 
b.1 2025-06-02 20:25:00.115 a 2025-06-02-20:24:57 121 030 227 0.1 0.9 2.5 11.3 71.7 728.2 0.00 0 0.0 21.2 24.1 24.5 3.627  -14.0   18.5    2.2  62   11.1   5 0 0 2 1 2 0 12.3 71.3 12.4 71.5 80.0 100 100 22 407 0 144 0 401 401 399 0 0 0 59 50 WAIT_ACK 600 
b.1 2025-06-02 20:26:01.953 a 2025-06-02-20:25:59 111 032 314 0.4 2.1 3.6 11.3 70.8 728.2 0.00 0 0.0 20.1 24.1 24.5 3.628  -15.9   18.4    2.5  62   11.0   5 0 0 2 1 2 0 12.3 71.5 12.4 71.4 80.0 100 100 22 407 0 144 0 401 401 399 0 0 0 60 50 WAIT_ACK 600 
b.1 2025-06-02 20:27:01.796 a 2025-06-02-20:26:59 115 067 220 0.0 1.1 2.6 11.2 71.1 728.2 0.00 0 0.0 19.3 24.1 24.4 3.627  -14.3   18.4    2.3  62   10.9   5 0 0 2 1 2 0 12.2 71.7 12.4 71.7 80.0 100 100 22 407 0 144 0 401 401 399 0 0 0 60 50 WAIT_ACK 600 
b.1 2025-06-02 20:28:01.276 a 2025-06-02-20:27:58 119 045 326 0.3 2.1 3.9 11.2 70.0 728.2 0.00 0 0.0 18.5 24.1 24.4 3.627  -15.9   18.3    2.7  62   10.8   5 0 0 2 1 2 0 12.2 71.8 12.4 71.7 80.0 100 100 22 407 0 144 0 401 401 400 0 0 0 60 50 WAIT_ACK 600 
b.1 2025-06-02 20:29:00.752 a 2025-06-02-20:28:58 015 082 148 0.4 1.7 2.9 11.1 70.4 728.2 0.00 0 0.0 19.7 24.1 24.4 3.633  -12.4   18.2    2.6  62   10.9   0 0 0 2 1 3 1 12.2 71.7 12.3 71.7 80.0 100 100 22 407 0 144 0 401 401 400 0 0 0 60 50 WAIT_ACK 600 
b.1 2025-06-02 20:30:01.292 a 2025-06-02-20:29:58 152 095 304 0.2 1.7 3.4 10.9 71.9 728.2 0.00 0 0.0 19.6 24.1 24.5 3.626  -16.8   18.1    2.5  62   10.7   0 0 0 2 1 2 0 12.2 71.8 12.3 72.1 80.0 100 100 22 407 0 144 0 401 401 399 0 0 0 60 50 WAIT_ACK 600 
b.1 2025-06-02 20:31:00.714 a 2025-06-02-20:30:58 149 013 186 0.1 0.6 2.0 10.9 73.9 728.2 0.00 0 0.0 19.3 24.1 24.5 3.627  -14.4   17.9    2.1  62   10.5   0 0 0 2 1 2 0 12.2 71.9 12.3 71.9 80.0 100 100 22 407 0 144 0 401 401 400 0 0 0 60 50 WAIT_ACK 600 
b.1 2025-06-02 20:32:00.555 a 2025-06-02-20:31:57 119 043 317 0.5 1.4 2.7 11.0 71.8 728.2 0.00 0 0.0 18.8 24.1 24.4 3.633  -14.3   17.8    2.3  62   10.6   5 0 0 2 1 2 0 12.2 72.0 12.3 72.1 80.0 100 100 22 407 0 144 0 401 401 399 0 0 0 59 50 WAIT_ACK 600 
b.1 2025-06-02 20:33:01.796 a 2025-06-02-20:32:59 136 033 285 0.3 1.5 3.1 11.0 72.7 728.2 0.00 0 0.0 18.0 24.1 24.5 3.627  -13.7   17.8    2.3  63   10.6   5 0 0 2 1 2 0 12.2 72.0 12.3 72.1 80.0 100 100 22 407 0 144 0 401 401 399 0 0 0 59 50 WAIT_ACK 600 
b.1 2025-06-02 20:34:01.453 a 2025-06-02-20:33:58 010 049 113 0.5 2.3 3.7 11.0 73.0 728.2 0.00 0 0.0 17.2 24.1 24.4 3.628  -11.2   17.7    2.8  62   10.4   5 0 0 2 1 2 0 12.1 72.0 12.3 72.0 80.0 100 100 22 407 0 144 0 402 401 400 0 0 0 59 50 WAIT_ACK 600 
b.1 2025-06-02 20:35:01.476 a 2025-06-02-20:34:58 139 047 306 0.1 1.4 3.2 11.0 73.7 728.2 0.00 0 0.0 17.0 24.1 24.4 3.633   -9.9   17.6    2.5  62   10.3   5 0 0 3 1 2 1 12.1 72.2 12.2 72.2 80.0 100 100 22 407 0 144 0 401 401 400 0 0 0 60 50 WAIT_ACK 600 
b.1 2025-06-02 20:36:01.776 a 2025-06-02-20:35:59 102 036 252 0.2 2.2 4.5 11.0 73.7 728.2 0.00 0 0.0 16.9 24.1 24.4 3.634  -11.3   17.5    2.8  62   10.2   5 0 0 2 1 2 0 12.1 72.2 12.2 72.4 80.0 100 100 22 407 0 144 0 401 401 399 0 0 0 60 50 WAIT_ACK 600 
b.1 2025-06-02 20:37:02.313 a 2025-06-02-20:36:59 113 056 330 0.5 2.2 4.0 11.0 73.5 728.1 0.00 0 0.0 16.9 24.1 24.5 3.627  -11.6   17.3    2.9  62   10.1   5 0 0 2 1 2 0 12.1 72.2 12.2 72.4 80.0 100 100 22 407 0 144 0 401 401 399 0 0 0 59 50 WAIT_ACK 600 
b.1 2025-06-02 20:38:00.677 a 2025-06-02-20:37:58 019 060 102 1.0 2.3 3.8 11.0 73.1 728.1 0.00 0 0.0 16.8 24.1 24.5 3.627  -10.3   17.3    3.1  63   10.0   5 0 0 2 1 2 0 12.1 72.3 12.2 72.4 80.0 100 100 22 407 0 144 0 402 401 400 0 0 0 60 50 WAIT_ACK 600 
b.1 2025-06-02 20:39:00.694 a 2025-06-02-20:38:57 100 037 249 0.6 1.9 2.9 11.0 73.7 728.2 0.00 0 0.0 16.8 24.1 24.5 3.628  -10.1   17.2    2.9  63   10.1   5 0 0 2 1 2 0 12.0 72.5 12.2 72.5 80.0 100 100 22 407 0 144 0 401 401 399 0 0 0 60 50 WAIT_ACK 600 
b.1 2025-06-02 20:40:02.582 a 2025-06-02-20:39:59 104 048 285 0.1 1.1 2.6 11.0 73.2 728.2 0.00 0 0.0 17.2 24.1 24.5 3.628  -10.2   17.1    2.4  63   10.1   5 0 0 2 1 2 0 12.0 72.6 12.1 72.6 80.0 100 100 22 407 0 144 0 401 402 399 0 0 0 60 50 WAIT_ACK 600 
b.1 2025-06-02 20:41:01.437 a 2025-06-02-20:40:58 163 027 253 0.1 1.4 3.2 11.1 75.1 728.2 0.00 0 0.0 17.4 24.1 24.4 3.626  -10.7   17.1    2.4  64   10.2   5 0 0 2 1 2 0 12.0 72.5 12.1 72.6 80.0 100 100 22 407 0 144 0 401 401 399 0 0 0 60 50 WAIT_ACK 600 
b.1 2025-06-02 20:42:01.318 a 2025-06-02-20:41:58 136 040 295 0.1 1.4 2.8 11.2 72.1 728.2 0.00 0 0.0 17.4 24.1 24.5 3.627  -12.9   17.1    2.5  64   10.2   5 0 0 2 1 2 0 12.0 72.5 12.1 72.6 80.0 100 100 22 407 0 144 0 401 401 400 0 0 0 60 50 WAIT_ACK 600 
b.1 2025-06-02 20:43:01.321 a 2025-06-02-20:42:58 113 020 279 0.1 1.3 3.0 11.1 71.5 728.2 0.00 0 0.0 17.7 24.1 24.5 3.627  -13.4   17.1    2.3  65   10.4   5 0 0 2 1 2 0 12.0 72.6 12.1 72.7 80.0 100 100 22 407 0 144 0 401 401 400 0 0 0 60 50 WAIT_ACK 600 
b.1 2025-06-02 20:44:01.657 a 2025-06-02-20:43:58 076 036 350 1.0 2.3 3.0 11.0 72.0 728.2 0.00 0 0.0 17.7 24.1 24.5 3.627  -15.7   17.2    2.8  65   10.5   5 0 0 2 1 2 0 11.9 72.5 12.1 72.5 80.0 100 100 22 407 0 144 0 402 401 400 0 0 0 59 50 WAIT_ACK 600 
b.1 2025-06-02 20:45:01.700 a 2025-06-02-20:44:58 140 045 222 0.3 1.5 2.8 10.7 74.3 728.2 0.00 0 0.0 17.7 24.1 24.4 3.632  -16.6   17.2    2.6  65   10.5   5 0 0 2 1 2 0 11.9 72.6 12.1 72.6 80.0 100 100 22 407 0 144 0 401 401 399 0 0 0 60 50 WAIT_ACK 600 
b.1 2025-06-02 20:46:00.937 a 2025-06-02-20:45:58 095 043 290 0.3 1.9 3.2 10.7 74.5 728.1 0.00 0 0.0 17.1 24.1 24.5 3.627  -19.1   17.1    2.8  65   10.5   5 0 0 2 1 2 0 11.9 72.7 12.0 72.7 80.0 100 100 22 407 0 144 0 401 401 399 0 0 0 59 50 WAIT_ACK 600 
b.1 2025-06-02 20:47:01.578 a 2025-06-02-20:46:58 134 026 242 0.1 1.3 3.1 10.7 74.9 728.2 0.00 0 0.0 16.6 24.1 24.5 3.628  -19.7   17.1    2.5  65   10.4   5 0 0 2 1 2 0 11.9 72.7 12.0 72.6 80.0 100 100 22 407 0 144 0 401 401 399 0 0 0 60 50 WAIT_ACK 600 
b.1 2025-06-02 20:48:00.638 a 2025-06-02-20:47:57 097 050 246 0.1 1.4 3.3 10.7 73.5 728.1 0.00 0 0.0 16.3 24.1 24.5 3.634  -18.8   17.0    2.3  65   10.3   5 0 0 2 1 2 0 11.9 72.7 12.0 72.6 80.0 100 100 22 407 0 144 0 401 401 400 0 0 0 59 50 WAIT_ACK 600 
b.1 2025-06-02 20:49:01.398 a 2025-06-02-20:48:58 074 078 329 0.0 0.5 1.5 10.6 75.7 728.1 0.00 0 0.0 17.8 24.1 24.4 3.628  -14.5   17.0    0.0  65   10.3   0 0 0 2 1 3 1 11.8 72.8 12.0 72.6 80.0 100 100 22 407 0 144 0 401 401 399 0 0 0 60 50 WAIT_ACK 600 
b.1 2025-06-02 20:50:02.648 a 2025-06-02-20:49:59 117 054 253 0.3 1.9 3.2 10.8 74.0 728.1 0.00 0 0.0 19.2 24.1 24.5 3.627  -23.6   17.0    2.4  65   10.4   5 0 0 2 1 2 0 11.9 72.5 12.0 72.5 80.0 100 100 22 407 0 144 0 401 401 400 0 0 0 60 50 WAIT_ACK 576 
b.1 2025-06-02 20:51:00.398 a 2025-06-02-20:50:57 062 011 112 0.1 1.4 3.1 10.8 73.4 728.1 0.00 0 0.0 20.3 24.1 24.5 3.628  -19.4   17.0    2.3  65   10.5   0 0 0 2 1 3 1 11.8 72.6 12.0 72.6 80.0 100 100 22 407 0 144 0 402 401 400 0 0 0 59 50 WAIT_ACK 519 
b.1 2025-06-02 20:52:00.697 a 2025-06-02-20:51:57 106 035 261 0.2 1.6 3.1 10.9 72.5 728.1 0.00 0 0.0 22.3 24.1 24.5 3.627  -25.3   17.1    2.4  65   10.6   0 0 0 1 1 3 1 11.9 72.3 12.0 72.5 80.0 100 100 22 407 0 144 0 401 401 400 0 0 0 59 50 WAIT_ACK 458 
b.1 2025-06-02 20:53:00.036 a 2025-06-02-20:52:57 159 054 182 0.1 1.1 3.0 11.0 73.6 728.1 0.00 0 0.0 24.0 24.1 24.5 3.631  -23.6   17.2    2.2  66   10.7   0 0 0 2 1 3 1 11.9 72.6 12.0 72.5 80.0 100 100 22 407 0 144 0 401 401 399 0 0 0 59 50 WAIT_ACK 399 
b.1 2025-06-02 20:54:01.421 a 2025-06-02-20:53:58 132 015 186 0.1 1.2 2.8 11.2 71.9 728.1 0.00 0 0.0 25.7 24.1 24.5 3.628  -23.3   17.3    2.1  66   10.9   0 0 0 2 1 3 1 11.9 72.5 12.0 72.4 80.0 100 100 22 407 0 144 0 401 401 400 0 0 0 59 50 WAIT_ACK 337 
b.1 2025-06-02 20:55:01.921 a 2025-06-02-20:54:59 138 045 266 0.0 1.0 2.6 11.4 72.8 728.1 0.00 0 0.0 27.3 24.1 24.5 3.626  -23.6   17.5    2.2  66   11.1   0 0 0 2 1 3 1 11.9 72.3 12.1 72.2 80.0 100 100 22 407 0 144 0 401 401 399 0 0 0 59 50 WAIT_ACK 277 
b.1 2025-06-02 20:56:00.836 a 2025-06-02-20:55:58 130 053 307 0.2 1.4 3.0 11.6 71.3 728.2 0.00 0 0.0 28.1 24.1 24.5 3.627  -23.8   17.6    2.2  66   11.2   0 0 0 2 1 3 1 11.9 72.3 12.1 72.2 80.0 100 100 22 407 0 144 0 401 401 399 0 0 0 59 50 WAIT_ACK 218 
b.1 2025-06-02 20:57:01.157 a 2025-06-02-20:56:58 227 340 309 0.0 0.6 1.8 11.7 70.1 728.2 0.00 0 0.0 29.0 24.1 24.4 3.627  -18.7   17.8    0.0  66   11.5   0 0 0 2 1 3 1 11.9 72.1 12.1 72.3 80.0 100 100 22 407 0 144 0 402 401 400 0 0 0 60 50 WAIT_ACK 600 
b.1 2025-06-02 20:58:00.680 a 2025-06-02-20:57:57 155 352 313 0.0 1.1 3.6 11.8 71.4 728.1 0.00 0 0.0 30.3 24.1 24.5 3.627  -19.2   18.0    2.2  66   11.5   0 0 0 2 1 3 1 11.9 72.2 12.1 72.2 80.0 100 100 22 407 0 144 0 401 401 400 0 0 0 60 50 WAIT_ACK 600 
b.1 2025-06-02 20:59:00.900 a 2025-06-02-20:58:58 154 026 257 0.1 1.0 3.7 12.0 69.7 728.2 0.00 0 0.0 30.0 24.1 24.4 3.627  -24.4   18.2    2.2  66   11.7   0 0 0 2 1 3 1 12.0 72.0 12.1 72.1 80.0 100 100 22 407 0 144 0 401 402 399 0 0 0 60 50 WAIT_ACK 559 
b.1 2025-06-02 20:59:59.924 a 2025-06-02-20:59:57 107 029 285 0.3 2.1 3.7 12.1 67.7 728.2 0.00 0 0.0 29.8 24.1 24.5 3.627  -21.2   18.3    2.4  65   11.7   0 0 0 2 1 3 1 12.0 71.8 12.1 71.8 80.0 100 100 22 407 0 144 0 401 401 400 0 0 0 59 50 WAIT_ACK 500 
b.1 2025-06-02 21:01:01.279 a 2025-06-02-21:00:58 123 054 249 0.1 1.4 3.1 12.2 68.7 728.1 0.00 0 0.0 29.7 24.1 24.4 3.627  -22.4   18.4    2.2  65   11.7   0 0 0 2 1 3 1 12.0 71.7 12.1 71.9 80.0 100 100 22 407 0 144 0 401 401 399 0 0 0 59 50 WAIT_ACK 438 
b.1 2025-06-02 21:02:01.821 a 2025-06-02-21:01:59 163 079 270 0.0 1.0 3.7 12.2 68.6 728.1 0.00 0 0.0 31.0 24.1 24.5 3.628  -19.9   18.5    2.2  65   11.9   0 0 0 2 1 3 1 12.0 71.7 12.2 71.9 80.0 100 100 22 407 0 144 0 401 401 400 0 0 0 59 50 WAIT_ACK 600 
b.1 2025-06-02 21:03:01.378 a 2025-06-02-21:02:58 148 036 260 0.1 1.6 3.9 12.5 68.5 728.1 0.00 0 0.0 31.1 24.1 24.5 3.627  -20.8   18.7    2.3  65   11.9   0 0 0 2 1 3 1 12.0 71.7 12.2 71.8 80.0 100 100 22 407 0 144 0 401 401 400 0 0 0 60 50 WAIT_ACK 556 
b.1 2025-06-02 21:04:00.259 a 2025-06-02-21:03:57 109 041 284 0.2 1.5 4.1 12.7 67.0 728.1 0.00 0 0.0 31.1 24.1 24.5 3.627  -19.3   18.8    2.2  64   11.8   0 0 0 2 1 3 1 12.0 71.7 12.2 71.7 80.0 100 100 22 407 0 144 0 402 401 400 0 0 0 59 50 WAIT_ACK 569 
b.1 2025-06-02 21:05:01.078 a 2025-06-02-21:04:58 148 042 246 0.2 1.5 4.6 12.8 65.5 728.1 0.00 0 0.0 31.5 24.1 24.5 3.626  -19.2   18.9    2.2  64   11.9   0 0 0 2 1 3 1 12.1 71.6 12.2 71.6 80.0 100 100 22 407 0 144 0 400 401 399 0 0 0 60 50 WAIT_ACK 600 
b.1 2025-06-02 21:06:00.421 a 2025-06-02-21:05:57 162 035 275 0.2 2.5 4.8 12.9 63.8 728.1 0.00 0 0.0 31.2 24.1 24.5 3.626  -20.5   19.1    2.5  64   12.0   0 0 0 2 1 3 1 12.1 71.4 12.2 71.4 80.0 100 100 22 407 0 144 0 401 401 400 0 0 0 60 50 WAIT_ACK 542 
b.1 2025-06-02 21:07:01.701 a 2025-06-02-21:06:58 156 037 290 0.2 1.9 4.4 12.6 65.2 728.2 0.00 0 0.0 31.1 24.1 24.5 3.633  -20.7   19.2    2.5  63   11.9   0 0 0 2 1 3 1 12.1 71.4 12.2 71.4 80.0 100 100 22 407 0 144 0 401 401 399 0 0 0 60 50 WAIT_ACK 592 
b.1 2025-06-02 21:08:00.164 a 2025-06-02-21:07:57 107 028 282 0.3 2.9 5.1 12.6 65.2 728.2 0.00 0 0.0 29.7 24.1 24.4 3.627  -23.7   19.2    3.2  62   11.7   0 0 0 2 1 3 1 12.1 71.3 12.2 71.2 80.0 100 100 22 407 0 144 0 401 401 400 0 0 0 59 50 WAIT_ACK 534 
b.1 2025-06-02 21:09:00.921 a 2025-06-02-21:08:58 181 056 240 0.3 2.4 5.5 12.3 66.0 728.1 0.00 0 0.0 28.5 24.1 24.5 3.626  -31.9   19.2    3.2  61   11.5   0 0 0 1 1 2 0 12.1 71.1 12.2 71.2 80.0 100 100 21 407 0 144 0 402 401 400 0 0 0 59 50 WAIT_ACK 473 
b.1 2025-06-02 21:10:01.502 a 2025-06-02-21:09:58 128 036 282 0.4 2.4 5.5 12.1 66.1 728.1 0.00 0 0.0 26.3 24.1 24.5 3.633  -30.8   19.1    3.3  61   11.3   0 0 0 1 1 3 1 12.1 70.8 12.3 71.1 80.0 100 100 21 407 0 144 0 401 401 400 0 0 0 60 50 WAIT_ACK 413 
b.1 2025-06-02 21:11:01.203 a 2025-06-02-21:10:58 133 027 167 0.2 1.8 6.0 11.8 67.7 728.1 0.00 0 0.0 26.4 24.1 24.5 3.626  -29.1   19.0    2.9  60   11.2   0 0 0 1 1 3 1 12.2 70.8 12.3 70.9 80.0 100 100 21 407 0 144 0 400 401 399 0 0 0 59 50 WAIT_ACK 353 
b.1 2025-06-02 21:12:00.680 a 2025-06-02-21:11:57 152 035 288 0.3 2.4 4.5 11.8 68.1 728.1 0.00 0 0.0 26.6 24.1 24.5 3.624  -29.3   18.9    3.1  60   11.0   0 0 0 1 1 3 1 12.2 70.5 12.3 70.6 80.0 100 100 22 407 0 144 0 401 401 399 0 0 0 60 50 WAIT_ACK 293 
b.1 2025-06-02 21:13:01.085 a 2025-06-02-21:12:58 139 034 300 0.2 2.9 4.8 11.7 66.8 728.1 0.00 0 0.0 26.3 24.1 24.5 3.633  -30.8   18.8    4.1  60   10.8   0 0 0 1 1 3 1 12.2 70.0 12.3 70.2 80.0 100 100 22 407 0 144 0 402 401 400 0 0 0 59 50 WAIT_ACK 233 
b.1 2025-06-02 21:14:01.944 a 2025-06-02-21:13:59 108 054 288 0.1 1.0 3.0 11.4 67.5 728.1 0.00 0 0.0 27.0 24.1 24.5 3.626  -28.5   18.6    2.5  60   10.8   0 0 0 1 1 3 1 12.2 70.3 12.3 70.3 80.0 100 100 22 407 0 144 0 401 401 399 0 0 0 60 50 WAIT_ACK 172 
b.1 2025-06-02 21:15:00.763 a 2025-06-02-21:14:57 189 026 253 0.0 1.5 5.0 11.2 70.6 728.1 0.00 0 0.0 27.5 24.1 24.5 3.626  -29.5   18.5    2.4  61   10.9   0 0 0 1 1 3 1 12.2 70.3 12.3 70.3 80.0 100 100 22 407 0 144 0 401 401 399 0 0 0 60 50 WAIT_ACK 113 
b.1 2025-06-02 21:16:00.864 a 2025-06-02-21:15:58 069 007 287 0.1 1.9 3.9 11.2 68.7 728.1 0.00 0 0.0 27.3 24.1 24.5 3.626  -30.6   18.5    2.4  62   11.1   0 0 0 1 1 3 1 12.1 70.2 12.3 70.3 80.0 100 100 22 407 0 144 0 401 401 400 0 0 0 60 50 WAIT_ACK 53 
b.1 2025-06-02 21:17:01.585 a 2025-06-02-21:16:58 111 026 227 0.2 1.6 3.9 11.2 69.0 728.1 0.00 0 0.0 27.7 24.1 24.5 3.626  -29.2   18.6    2.3  62   11.1   0 0 0 1 1 3 1 12.1 70.3 12.3 70.3 80.0 100 100 22 407 0 144 0 401 401 400 0 0 0 60 50 WAIT_ACK 0 
b.1 2025-06-02 21:18:01.101 a 2025-06-02-21:17:58 104 026 307 0.2 2.1 4.2 11.3 68.2 728.1 0.00 0 0.0 27.4 24.1 24.4 3.626  -28.4   18.6    2.4  62   11.1   0 0 0 1 1 3 1 12.1 70.3 12.3 70.2 80.0 100 100 22 407 0 144 0 402 401 400 0 0 0 60 50 WAIT_ACK 0 
b.1 2025-06-02 21:19:00.663 a 2025-06-02-21:18:57 123 030 237 0.1 1.3 3.4 11.4 68.9 728.1 0.00 0 0.0 28.0 24.1 24.4 3.626  -27.9   18.6    2.3  62   11.2   0 0 0 1 1 3 1 12.1 70.4 12.3 70.2 80.0 100 100 22 407 0 144 0 402 401 400 0 0 0 59 50 WAIT_ACK 0 
b.1 2025-06-02 21:20:01.105 a 2025-06-02-21:19:58 111 046 243 0.1 1.0 3.0 11.7 68.1 728.1 0.00 0 0.0 28.8 24.1 24.4 3.627  -26.1   18.7    0.0  62   11.4   0 0 0 1 1 3 1 12.2 70.4 12.3 70.2 80.0 100 100 22 407 0 144 0 402 401 400 0 0 0 60 50 WAIT_ACK 0 
b.1 2025-06-02 21:21:01.362 a 2025-06-02-21:20:58 113 096 133 0.1 1.7 4.8 12.2 68.2 728.1 0.00 0 0.0 29.5 24.1 24.4 3.626  -30.5   18.8    2.3  62   11.5   0 0 0 1 1 3 1 12.2 70.3 12.3 70.3 80.0 100 100 22 407 0 144 0 401 401 399 0 0 0 59 50 WAIT_ACK 0 
b.1 2025-06-02 21:22:00.282 a 2025-06-02-21:21:57 129 018 234 0.1 1.6 4.0 12.5 65.5 728.1 0.00 0 0.0 29.3 24.1 24.5 3.627  -33.3   18.9    2.2  62   11.4   0 0 0 1 1 3 1 12.2 70.1 12.3 70.1 80.0 100 100 22 407 0 144 0 401 402 399 0 0 0 59 50 WAIT_ACK 0 
b.1 2025-06-02 21:23:01.244 a 2025-06-02-21:22:58 126 038 314 0.1 2.3 4.9 12.4 65.4 728.1 0.00 0 0.0 29.1 24.1 24.4 3.626  -30.4   19.0    2.5  61   11.3   0 0 0 1 1 3 1 12.2 70.1 12.3 69.9 80.0 100 100 22 407 0 144 0 402 401 400 0 0 0 60 50 WAIT_ACK 0 
b.1 2025-06-02 21:24:01.107 a 2025-06-02-21:23:58 153 068 323 0.1 2.2 5.6 12.3 66.8 728.1 0.00 0 0.0 28.7 24.1 24.5 3.626  -31.6   19.0    2.6  60   11.1   0 0 0 1 1 3 1 12.1 70.0 12.3 69.8 80.0 100 100 22 407 0 144 0 402 401 399 0 0 0 59 50 WAIT_ACK 0 
b.1 2025-06-02 21:25:00.549 a 2025-06-02-21:24:57 108 029 339 1.1 2.5 4.6 12.1 64.9 728.1 0.00 0 0.0 28.0 24.1 24.4 3.629  -29.5   18.9    3.0  60   11.1   0 0 0 1 1 3 1 12.1 70.0 12.3 70.0 80.0 100 100 22 407 0 144 0 401 401 400 0 0 0 59 50 WAIT_ACK 0 
b.1 2025-06-02 21:26:00.562 a 2025-06-02-21:25:57 117 020 228 0.2 2.2 5.0 11.7 66.9 728.1 0.00 0 0.0 27.8 24.1 24.4 3.633  -30.6   18.8    3.0  60   11.0   0 0 0 1 1 3 1 12.2 69.9 12.3 69.9 80.0 100 100 22 407 0 144 0 400 401 400 0 0 0 59 50 WAIT_ACK 0 
b.1 2025-06-02 21:27:01.608 a 2025-06-02-21:26:58 135 061 294 0.1 1.3 4.6 11.6 67.9 728.1 0.00 0 0.0 28.2 24.1 24.4 3.626  -26.7   18.8    2.3  61   11.0   0 0 0 1 1 3 1 12.2 70.2 12.3 70.0 80.0 100 100 22 407 0 144 0 401 401 400 0 0 0 60 50 WAIT_ACK 0 
b.1 2025-06-02 21:28:00.887 a 2025-06-02-21:27:58 095 099 240 0.0 0.5 1.7 11.7 71.9 728.1 0.00 0 0.0 29.7 24.1 24.5 3.626  -25.0   18.8    0.0  61   11.2   0 0 0 2 1 3 1 12.2 70.0 12.4 70.0 80.0 100 100 22 407 0 144 0 401 402 399 0 0 0 60 50 WAIT_ACK 0 
b.1 2025-06-02 21:28:59.887 a 2025-06-02-21:28:57 144 119 158 0.1 1.0 3.3 12.2 68.4 728.1 0.00 0 0.0 30.9 24.1 24.5 3.624  -28.0   18.9    2.2  62   11.4   0 0 0 1 1 3 1 12.2 70.1 12.4 70.0 80.0 100 100 22 407 0 144 0 401 401 399 0 0 0 59 50 WAIT_ACK 0 
b.1 2025-06-02 21:30:02.226 a 2025-06-02-21:29:59 137 036 184 0.1 1.7 4.3 12.5 65.7 728.1 0.00 0 0.0 30.4 24.1 24.5 3.626  -29.5   19.0    2.3  61   11.4   0 0 0 1 1 3 1 12.2 70.1 12.4 70.0 80.0 100 100 22 407 0 144 0 401 402 399 0 0 0 60 50 WAIT_ACK 0 
b.1 2025-06-02 21:31:01.753 a 2025-06-02-21:30:58 118 038 277 0.2 1.8 4.0 12.6 64.9 728.1 0.00 0 0.0 30.2 24.1 24.4 3.626  -28.5   19.1    2.3  61   11.4   0 0 0 1 1 3 1 12.2 70.2 12.4 70.1 80.0 100 100 22 407 0 144 0 401 401 399 0 0 0 59 50 WAIT_ACK 0 
b.1 2025-06-02 21:32:01.625 a 2025-06-02-21:31:58 103 031 333 0.6 2.2 4.0 12.5 65.6 728.1 0.00 0 0.0 29.5 24.1 24.5 3.627  -27.6   19.1    2.5  62   11.5   0 0 0 1 1 3 1 12.2 70.3 12.4 70.2 80.0 100 100 22 407 0 144 0 401 401 400 0 0 0 59 50 WAIT_ACK 0 
b.1 2025-06-02 21:33:00.447 a 2025-06-02-21:32:57 084 004 230 0.1 1.0 3.6 12.5 64.6 728.1 0.00 0 0.0 30.0 24.1 24.4 3.627  -23.9   19.1    2.2  61   11.5   0 0 0 2 1 3 1 12.2 70.4 12.4 70.3 80.0 100 100 22 407 0 144 0 401 401 399 0 0 0 60 50 WAIT_ACK 0 
b.1 2025-06-02 21:34:00.625 a 2025-06-02-21:33:57 119 031 302 0.5 2.9 5.0 12.5 66.0 728.1 0.00 0 0.0 29.2 24.1 24.4 3.628  -26.4   19.2    2.7  61   11.4   0 0 0 1 1 3 1 12.2 70.3 12.4 70.3 80.0 100 100 22 407 0 144 0 401 401 399 0 0 0 59 50 WAIT_ACK 0 
b.1 2025-06-02 21:35:01.913 a 2025-06-02-21:34:59 121 031 254 0.1 1.5 3.4 12.3 65.2 728.1 0.00 0 0.0 29.2 24.1 24.4 3.627  -22.8   19.2    2.4  60   11.3   0 0 0 2 1 3 1 12.2 70.3 12.4 70.3 80.0 100 100 21 407 0 144 0 401 401 399 0 0 0 59 50 WAIT_ACK 0 
b.1 2025-06-02 21:36:01.648 a 2025-06-02-21:35:58 116 008 286 0.1 1.1 3.3 12.1 68.0 728.0 0.00 0 0.0 30.0 24.1 24.5 3.627  -24.2   19.2    2.2  61   11.4   0 0 0 2 1 3 1 12.2 70.5 12.3 70.4 80.0 100 100 21 407 0 144 0 401 401 400 0 0 0 60 50 WAIT_ACK 0 
b.1 2025-06-02 21:37:01.244 a 2025-06-02-21:36:58 134 044 180 0.2 2.0 4.9 12.3 66.7 728.0 0.00 0 0.0 30.5 24.1 24.5 3.627  -21.5   19.3    2.3  60   11.4   0 0 0 2 1 3 1 12.2 70.5 12.4 70.5 80.0 100 100 21 407 0 144 0 401 402 400 0 0 0 59 50 WAIT_ACK 0 
b.1 2025-06-02 21:38:01.509 a 2025-06-02-21:37:58 136 038 353 0.8 3.1 5.9 12.3 65.0 728.0 0.00 0 0.0 29.4 24.1 24.5 3.626  -26.6   19.3    3.2  60   11.4   0 0 0 1 1 3 1 12.3 70.1 12.4 70.3 80.0 100 100 22 407 0 144 0 401 401 400 0 0 0 59 50 WAIT_ACK 0 
b.1 2025-06-02 21:39:01.628 a 2025-06-02-21:38:58 133 059 186 0.2 1.4 4.1 11.8 68.8 728.0 0.00 0 0.0 29.5 24.1 24.4 3.633  -26.7   19.3    2.5  60   11.3   0 0 0 1 1 3 1 12.2 70.3 12.4 70.3 80.0 100 100 22 407 0 144 0 401 401 400 0 0 0 59 50 WAIT_ACK 0 
b.1 2025-06-02 21:40:01.145 a 2025-06-02-21:39:58 172 056 338 0.1 2.6 5.2 11.8 68.8 728.0 0.00 0 0.0 28.9 24.1 24.4 3.626  -34.2   19.2    3.1  60   11.2   0 0 0 1 1 2 0 12.2 70.2 12.3 70.1 80.0 100 100 22 407 0 144 0 401 401 399 0 0 0 59 50 WAIT_ACK 0 
b.1 2025-06-02 21:41:00.489 a 2025-06-02-21:40:57 086 028 118 0.2 2.4 4.8 11.8 66.1 728.0 0.00 0 0.0 28.0 24.1 24.4 3.628  -32.5   19.1    3.0  60   11.1   0 0 0 1 1 3 1 12.2 70.6 12.3 70.4 80.0 100 100 22 407 0 144 0 402 401 400 0 0 0 59 50 WAIT_ACK 0 
b.1 2025-06-02 21:42:01.549 a 2025-06-02-21:41:58 139 032 254 0.3 2.4 5.1 11.5 68.3 728.0 0.00 0 0.0 27.6 24.1 24.5 3.626  -27.6   19.0    3.1  60   11.1   0 0 0 1 1 3 1 12.1 70.7 12.3 70.5 80.0 100 100 22 407 0 144 0 401 401 399 0 0 0 60 50 WAIT_ACK 0 
b.1 2025-06-02 21:43:01.405 a 2025-06-02-21:42:58 126 026 147 0.2 1.5 4.0 11.3 70.8 728.0 0.00 0 0.0 28.0 24.1 24.5 3.626  -24.7   19.0    2.5  60   11.1   0 0 0 2 1 3 1 12.1 71.0 12.3 70.8 80.0 100 100 22 407 0 144 0 402 401 400 0 0 0 60 50 WAIT_ACK 0 
b.1 2025-06-02 21:44:01.427 a 2025-06-02-21:43:58 118 041 311 0.5 2.4 3.9 11.3 70.1 728.0 0.00 0 0.0 27.0 24.1 24.5 3.626  -25.9   19.0    2.8  60   11.1   0 0 0 1 1 2 0 12.1 71.2 12.3 71.0 80.0 100 100 22 407 0 144 0 401 401 399 0 0 0 60 50 WAIT_ACK 0 
b.1 2025-06-02 21:45:01.733 a 2025-06-02-21:44:58 067 034 263 0.1 1.9 5.2 11.4 70.4 728.0 0.00 0 0.0 25.9 24.1 24.5 3.627  -20.6   18.9    2.8  60   11.1   0 0 0 2 1 3 1 12.1 71.2 12.3 71.1 80.0 100 100 22 407 0 144 0 401 401 400 0 0 0 59 50 WAIT_ACK 599 
b.1 2025-06-02 21:46:01.069 a 2025-06-02-21:45:58 151 021 271 0.1 1.5 3.7 11.5 69.9 728.0 0.00 0 0.0 25.1 24.1 24.5 3.626  -22.8   18.9    2.6  60   11.1   5 0 0 2 1 2 0 12.1 71.2 12.3 71.1 80.0 100 100 22 407 0 144 0 402 401 400 0 0 0 60 50 WAIT_ACK 540 
b.1 2025-06-02 21:47:01.891 a 2025-06-02-21:46:59 115 037 295 0.3 2.7 5.7 11.6 69.0 728.0 0.00 0 0.0 22.9 24.1 24.5 3.627  -30.8   18.8    3.5  60   11.0   5 0 0 1 1 2 0 12.1 71.3 12.3 71.1 80.0 100 100 22 407 0 144 0 401 401 399 0 0 0 59 50 WAIT_ACK 479 
b.1 2025-06-02 21:48:02.046 a 2025-06-02-21:47:59 002 053 100 0.2 2.6 5.7 11.3 68.1 728.0 0.00 0 0.0 23.4 24.1 24.4 3.633  -22.2   18.7    3.8  60   10.7   0 0 0 2 1 3 1 12.1 71.1 12.2 70.9 80.0 100 100 22 407 0 144 0 402 401 400 0 0 0 60 50 WAIT_ACK 419 
b.1 2025-06-02 21:49:01.470 a 2025-06-02-21:48:58 196 089 270 0.1 0.7 1.6 11.0 72.9 728.1 0.00 0 0.0 23.5 24.1 24.4 3.629  -19.6   18.6    2.4  60   10.7   0 0 0 2 1 2 0 12.0 71.3 12.2 71.3 80.0 100 100 22 407 0 144 0 401 402 399 0 0 0 59 50 WAIT_ACK 359 
b.1 2025-06-02 21:50:02.069 a 2025-06-02-21:49:59 131 019 259 0.1 1.5 4.7 11.1 72.3 728.1 0.00 0 0.0 22.6 24.1 24.5 3.626  -17.1   18.5    2.4  61   10.8   5 0 0 2 1 2 0 12.0 71.5 12.2 71.3 80.0 100 100 22 407 0 144 0 401 401 400 0 0 0 60 50 WAIT_ACK 600 
b.1 2025-06-02 21:51:01.167 a 2025-06-02-21:50:58 157 059 314 0.1 1.8 4.3 11.2 70.3 728.0 0.00 0 0.0 21.7 24.1 24.5 3.634  -20.3   18.4    2.6  61   10.7   5 0 0 2 1 2 0 12.0 71.7 12.2 71.5 80.0 100 100 22 407 0 144 0 401 402 399 0 0 0 59 50 WAIT_ACK 598 
b.1 2025-06-02 21:52:01.709 a 2025-06-02-21:51:58 222 066 244 0.2 1.5 4.2 11.3 70.4 728.0 0.00 0 0.0 21.7 24.1 24.4 3.627  -19.4   18.3    2.5  61   10.6   5 0 0 2 1 2 0 12.0 71.6 12.2 71.4 80.0 100 100 22 407 0 144 0 401 401 399 0 0 0 60 50 WAIT_ACK 600 
b.1 2025-06-02 21:53:00.529 a 2025-06-02-21:52:57 168 009 349 0.1 1.3 3.2 11.3 71.0 728.0 0.00 0 0.0 22.3 24.1 24.4 3.627  -18.1   18.3    2.3  61   10.6   0 0 0 2 1 3 1 12.0 71.7 12.2 71.6 80.0 100 100 22 407 0 144 0 402 401 400 0 0 0 59 50 WAIT_ACK 600 
b.1 2025-06-02 21:54:01.729 a 2025-06-02-21:53:58 186 042 301 0.2 1.3 3.5 11.4 70.8 728.0 0.00 0 0.0 23.1 24.1 24.4 3.628  -17.7   18.2    2.2  61   10.7   0 0 0 2 1 3 1 12.0 72.1 12.2 71.9 80.0 100 100 22 407 0 144 0 402 401 399 0 0 0 60 50 WAIT_ACK 600 
b.1 2025-06-02 21:55:01.255 a 2025-06-02-21:54:58 117 039 304 0.2 2.9 5.6 11.5 68.7 728.0 0.00 0 0.0 22.9 24.1 24.4 3.627  -21.0   18.2    3.1  61   10.7   0 0 0 2 1 3 1 12.0 72.2 12.1 72.1 80.0 100 100 22 407 0 144 0 401 401 400 0 0 0 59 50 WAIT_ACK 595 
b.1 2025-06-02 21:56:01.371 a 2025-06-02-21:55:58 097 032 310 0.2 1.6 3.5 11.1 70.5 728.0 0.00 0 0.0 24.5 24.1 24.4 3.628  -14.1   18.2    2.7  62   10.8   0 0 0 2 1 3 1 12.0 72.4 12.1 72.3 80.0 100 100 22 407 0 144 0 401 401 399 0 0 0 60 50 WAIT_ACK 600 
b.1 2025-06-02 21:57:02.052 a 2025-06-02-21:56:59 129 016 180 0.1 1.4 5.1 11.0 73.0 728.0 0.00 0 0.0 24.4 24.1 24.5 3.628  -15.5   18.2    2.4  62   10.9   0 0 0 2 1 2 0 12.0 72.6 12.2 72.5 80.0 100 100 22 407 0 144 0 402 401 400 0 0 0 60 50 WAIT_ACK 600 
b.1 2025-06-02 21:58:01.612 a 2025-06-02-21:57:58 166 070 257 0.2 1.3 3.1 11.4 72.1 728.0 0.00 0 0.0 23.8 24.1 24.5 3.627  -18.3   18.3    2.4  62   11.0   5 0 0 2 1 3 1 12.0 72.6 12.2 72.5 80.0 100 100 22 407 0 144 0 400 401 400 0 0 0 60 50 WAIT_ACK 584 
b.1 2025-06-02 21:59:01.507 a 2025-06-02-21:58:58 146 027 175 0.2 2.2 4.6 11.7 69.1 728.0 0.00 0 0.0 24.8 24.1 24.4 3.627  -19.4   18.3    2.6  62   11.0   0 0 0 2 1 3 1 12.0 72.5 12.2 72.5 80.0 100 100 22 407 0 144 0 402 401 400 0 0 0 59 50 WAIT_ACK 578 
b.1 2025-06-02 22:00:00.509 a 2025-06-02-21:59:57 116 033 194 0.1 1.9 5.0 11.6 70.8 728.0 0.00 0 0.0 24.1 24.1 24.4 3.627  -27.9   18.4    2.6  62   10.9   5 0 0 1 1 2 0 12.0 72.8 12.2 72.6 80.0 100 100 22 407 0 144 0 401 401 399 0 0 0 59 50 WAIT_ACK 549 
b.1 2025-06-02 22:01:02.130 a 2025-06-02-22:00:59 105 050 298 0.2 1.9 4.2 11.6 70.8 728.0 0.00 0 0.0 22.0 24.1 24.4 3.627  -21.7   18.3    2.7  61   10.8   5 0 0 2 1 2 0 12.1 72.5 12.2 72.5 80.0 100 100 22 407 0 144 0 401 401 400 0 0 0 60 50 WAIT_ACK 487 
b.1 2025-06-02 22:02:00.911 a 2025-06-02-22:01:58 117 036 151 0.2 2.4 4.6 11.5 69.7 728.0 0.00 0 0.0 20.7 24.1 24.5 3.627  -22.6   18.3    3.4  61   10.6   5 0 0 2 1 2 0 12.0 72.6 12.1 72.6 80.0 100 100 22 407 0 144 0 402 401 400 0 0 0 60 50 WAIT_ACK 429 
b.1 2025-06-02 22:03:01.632 a 2025-06-02-22:02:58 132 029 241 0.2 1.4 3.3 11.3 71.5 728.0 0.00 0 0.0 20.0 24.1 24.4 3.628  -21.5   18.1    2.8  61   10.5   5 0 0 2 1 2 0 12.0 72.8 12.1 72.8 80.0 100 100 22 407 0 144 0 401 401 400 0 0 0 59 50 WAIT_ACK 368 
b.1 2025-06-02 22:04:00.691 a 2025-06-02-22:03:57 112 040 227 0.2 2.1 4.3 11.2 71.4 728.0 0.00 0 0.0 20.5 24.1 24.5 3.631  -17.1   18.0    3.0  61   10.4   0 0 0 2 1 3 1 12.0 72.8 12.1 72.8 80.0 100 100 22 407 0 144 0 401 401 399 0 0 0 59 50 WAIT_ACK 600 
b.1 2025-06-02 22:05:01.191 a 2025-06-02-22:04:58 141 064 225 0.0 1.4 4.2 11.2 72.3 728.0 0.00 0 0.0 22.3 24.1 24.5 3.628  -23.9   17.9    2.5  61   10.4   0 0 0 2 1 3 1 12.0 72.8 12.1 72.7 80.0 100 100 22 407 0 144 0 401 402 399 0 0 0 59 50 WAIT_ACK 561 
b.1 2025-06-02 22:06:00.894 a 2025-06-02-22:05:58 094 045 274 0.2 2.4 4.3 11.3 70.8 728.0 0.00 0 0.0 23.5 24.1 24.5 3.627  -25.3   17.9    2.7  61   10.4   0 0 0 1 1 3 1 12.0 72.9 12.1 72.8 80.0 100 100 22 407 0 144 0 402 401 400 0 0 0 60 50 WAIT_ACK 501 
b.1 2025-06-02 22:07:01.509 a 2025-06-02-22:06:58 120 029 331 0.5 2.1 3.8 11.2 71.2 728.0 0.00 0 0.0 23.7 24.1 24.5 3.633  -25.3   17.9    2.8  62   10.5   0 0 0 1 1 3 1 12.0 73.0 12.1 72.9 80.0 100 100 22 407 0 144 0 401 402 400 0 0 0 60 50 WAIT_ACK 441 
b.1 2025-06-02 22:08:01.732 a 2025-06-02-22:07:58 133 026 238 0.1 1.3 3.7 11.3 72.2 728.0 0.00 0 0.0 25.1 24.1 24.4 3.627  -24.3   17.9    2.4  62   10.5   0 0 0 2 1 3 1 12.0 73.2 12.2 72.9 80.0 100 100 22 407 0 144 0 401 401 399 0 0 0 59 50 WAIT_ACK 381 
b.1 2025-06-02 22:09:00.173 a 2025-06-02-22:08:57 077 022 331 0.5 3.0 4.4 11.3 72.2 728.0 0.00 0 0.0 25.3 24.1 24.4 3.627  -26.6   18.0    2.9  62   10.7   0 0 0 1 1 3 1 12.0 73.0 12.2 72.8 80.0 100 100 22 407 0 144 0 401 401 400 0 0 0 60 50 WAIT_ACK 322 
b.1 2025-06-02 22:10:00.892 a 2025-06-02-22:09:58 126 044 172 0.2 2.2 3.6 11.2 72.3 728.0 0.00 0 0.0 24.6 24.1 24.5 3.629  -33.7   18.0    2.9  62   10.7   5 0 0 1 1 2 0 12.0 73.1 12.1 72.9 80.0 100 100 22 407 0 144 0 401 401 399 0 0 0 60 50 WAIT_ACK 261 
b.1 2025-06-02 22:11:00.377 a 2025-06-02-22:10:57 141 058 319 0.4 1.9 3.6 11.2 72.3 728.0 0.00 0 0.0 24.1 24.1 24.4 3.628  -26.9   18.0    2.8  62   10.7   0 0 0 1 1 3 1 12.0 73.1 12.1 72.8 80.0 100 100 22 407 0 144 0 402 401 400 0 0 0 59 50 WAIT_ACK 202 
b.1 2025-06-02 22:12:01.516 a 2025-06-02-22:11:58 152 066 307 0.2 1.6 3.3 11.1 72.9 728.0 0.00 0 0.0 25.0 24.1 24.4 3.627  -26.6   18.0    2.6  62   10.6   0 0 0 1 1 3 1 12.0 73.0 12.1 72.7 80.0 100 100 22 407 0 144 0 401 401 400 0 0 0 59 50 WAIT_ACK 141 
b.1 2025-06-02 22:13:00.392 a 2025-06-02-22:12:57 094 052 185 0.1 1.4 3.2 11.2 71.2 728.0 0.00 0 0.0 25.2 24.1 24.5 3.628  -28.5   18.0    2.4  62   10.7   5 0 0 1 1 2 0 12.0 73.1 12.1 72.9 80.0 100 100 22 407 0 144 0 402 401 400 0 0 0 60 50 WAIT_ACK 82 
b.1 2025-06-02 22:14:01.756 a 2025-06-02-22:13:58 178 043 259 0.2 2.2 4.0 11.3 70.8 728.0 0.00 0 0.0 25.3 24.1 24.5 3.626  -24.8   18.0    2.6  63   10.8   0 0 0 2 1 3 1 11.9 73.1 12.1 72.9 80.0 100 100 22 407 0 144 0 402 401 400 0 0 0 59 50 WAIT_ACK 20 
b.1 2025-06-02 22:15:01.976 a 2025-06-02-22:14:59 120 032 310 0.3 2.7 4.8 11.3 71.9 728.0 0.00 0 0.0 24.5 24.1 24.4 3.627  -23.3   18.0    3.3  62   10.7   0 0 0 2 1 3 1 11.9 73.1 12.1 72.9 80.0 100 100 22 407 0 144 0 401 401 400 0 0 0 60 50 WAIT_ACK 0 
b.1 2025-06-02 22:16:01.355 a 2025-06-02-22:15:58 115 030 267 0.2 1.9 3.3 11.1 72.6 728.0 0.00 0 0.0 25.5 24.1 24.5 3.626  -24.5   18.0    2.8  62   10.7   0 0 0 2 1 3 1 11.9 73.2 12.1 73.0 80.0 100 100 22 407 0 144 0 402 401 400 0 0 0 59 50 WAIT_ACK 0 
b.1 2025-06-02 22:17:02.492 a 2025-06-02-22:16:59 179 071 296 0.2 1.6 3.2 11.0 72.9 728.0 0.00 0 0.0 24.7 24.1 24.5 3.627  -31.2   18.0    2.5  63   10.8   0 0 0 1 1 2 0 11.9 73.2 12.1 72.9 80.0 100 100 22 407 0 144 0 401 401 399 0 0 0 60 50 WAIT_ACK 0 
b.1 2025-06-02 22:18:00.851 a 2025-06-02-22:17:58 139 063 208 0.1 1.5 3.2 11.0 72.9 728.0 0.00 0 0.0 23.9 24.1 24.5 3.627  -29.0   18.0    2.4  62   10.7   5 0 0 1 1 2 0 11.9 73.0 12.1 72.7 80.0 100 100 22 407 0 144 0 401 401 399 0 0 0 59 50 WAIT_ACK 0 
b.1 2025-06-02 22:19:00.476 a 2025-06-02-22:18:57 155 048 282 0.1 1.7 3.5 11.1 72.5 727.9 0.00 0 0.0 22.6 24.1 24.5 3.628  -29.6   18.0    2.6  62   10.7   5 0 0 1 1 2 0 11.9 73.0 12.1 72.8 80.0 100 100 22 407 0 144 0 402 401 400 0 0 0 59 50 WAIT_ACK 0 
b.1 2025-06-02 22:20:00.973 a 2025-06-02-22:19:58 184 032 253 0.2 1.7 4.0 11.1 70.7 728.0 0.00 0 0.0 21.4 24.1 24.5 3.627  -25.2   18.0    2.6  62   10.7   5 0 0 1 1 2 0 11.9 73.1 12.1 72.7 80.0 100 100 22 407 0 144 0 401 401 400 0 0 0 60 50 WAIT_ACK 0 
b.1 2025-06-02 22:21:01.234 a 2025-06-02-22:20:58 141 076 274 0.2 1.7 4.1 11.0 72.0 727.9 0.00 0 0.0 20.8 24.1 24.4 3.629  -23.8   17.9    2.6  62   10.5   0 0 0 2 1 2 0 11.9 73.1 12.1 72.7 80.0 100 100 22 407 0 144 0 402 401 400 0 0 0 60 50 WAIT_ACK 0 
b.1 2025-06-02 22:22:01.778 a 2025-06-02-22:21:58 151 057 336 0.2 2.0 4.6 10.9 74.0 727.9 0.00 0 0.0 21.1 24.1 24.4 3.627  -29.0   17.8    2.6  62   10.4   0 0 0 1 1 3 1 11.8 73.3 12.1 72.8 80.0 100 100 22 407 0 144 0 402 401 400 0 0 0 59 50 WAIT_ACK 0 
b.1 2025-06-02 22:23:00.134 a 2025-06-02-22:22:57 098 025 327 0.3 2.2 4.4 10.9 74.9 727.9 0.00 0 0.0 22.2 24.1 24.4 3.628  -26.5   17.8    2.8  62   10.5   0 0 0 1 1 3 1 11.8 73.4 12.1 72.9 80.0 100 100 22 407 0 144 0 401 401 399 0 0 0 59 50 WAIT_ACK 0 
b.1 2025-06-02 22:24:00.858 a 2025-06-02-22:23:58 130 053 000 0.3 2.5 4.6 10.9 73.4 727.9 0.00 0 0.0 23.1 24.1 24.4 3.627  -25.0   17.7    3.0  62   10.4   0 0 0 2 1 3 1 11.9 73.7 12.1 73.2 80.0 100 100 22 407 0 144 0 401 401 400 0 0 0 60 50 WAIT_ACK 0 
b.1 2025-06-02 22:25:01.494 a 2025-06-02-22:24:58 137 063 222 0.0 1.1 3.3 11.0 73.6 727.9 0.00 0 0.0 23.6 24.1 24.4 3.627  -23.8   17.7    2.3  63   10.5   5 0 0 2 1 2 0 11.9 73.8 12.1 73.4 80.0 100 100 22 407 0 144 0 401 401 399 0 0 0 59 50 WAIT_ACK 0 
b.1 2025-06-02 22:26:01.201 a 2025-06-02-22:25:58 189 089 316 0.1 1.4 3.7 11.2 72.9 727.9 0.00 0 0.0 22.5 24.1 24.4 3.633  -18.1   17.8    2.4  63   10.6   5 0 0 2 1 2 0 11.8 73.7 12.1 73.4 80.0 100 100 22 407 0 144 0 402 401 400 0 0 0 60 50 WAIT_ACK 600 
b.1 2025-06-02 22:27:01.694 a 2025-06-02-22:26:58 107 356 232 0.0 1.3 3.9 11.4 72.6 727.9 0.00 0 0.0 21.6 24.1 24.5 3.628  -17.6   17.8    2.3  63   10.6   5 0 0 2 1 2 0 11.8 73.9 12.0 73.6 80.0 100 100 22 407 0 144 0 402 401 400 0 0 0 59 50 WAIT_ACK 600 
b.1 2025-06-02 22:28:01.857 a 2025-06-02-22:27:59 190 048 305 0.3 1.8 3.0 11.4 72.0 727.9 0.00 0 0.0 20.8 24.1 24.5 3.626  -14.9   17.8    2.5  63   10.7   5 0 0 2 1 2 0 11.8 74.0 12.0 73.7 80.0 100 100 22 407 0 144 0 401 402 399 0 0 0 59 50 WAIT_ACK 600 
b.1 2025-06-02 22:29:01.155 a 2025-06-02-22:28:58 190 058 307 0.3 1.8 3.9 11.4 72.6 727.9 0.00 0 0.0 21.4 24.1 24.5 3.634  -16.1   17.8    2.4  63   10.6   5 0 0 2 1 2 0 11.8 74.2 12.0 73.8 80.0 100 100 22 407 0 144 0 401 401 400 0 0 0 59 50 WAIT_ACK 600 
b.1 2025-06-02 22:30:01.234 a 2025-06-02-22:29:58 106 043 352 0.3 2.4 4.4 11.4 71.9 727.9 0.00 0 0.0 21.2 24.1 24.4 3.627  -16.7   17.8    2.9  63   10.5   5 0 0 2 1 2 0 11.8 74.2 12.1 73.7 80.0 100 100 22 407 0 144 0 402 401 400 0 0 0 59 50 WAIT_ACK 600 
b.1 2025-06-02 22:31:00.716 a 2025-06-02-22:30:57 082 063 270 0.1 1.8 4.0 11.1 72.5 727.9 0.00 0 0.0 20.5 24.1 24.4 3.627  -15.4   17.7    2.8  63   10.4   5 0 0 2 1 2 0 11.8 74.3 12.0 73.9 80.0 100 100 22 407 0 144 0 401 401 399 0 0 0 59 50 WAIT_ACK 600 
b.1 2025-06-02 22:32:00.660 a 2025-06-02-22:31:57 138 017 260 0.1 1.4 4.5 11.0 74.1 727.9 0.00 0 0.0 20.2 24.1 24.5 3.628  -16.0   17.6    2.4  63   10.5   5 0 0 2 1 2 0 11.8 74.5 12.0 74.2 80.0 100 100 22 407 0 144 0 402 401 400 0 0 0 60 50 WAIT_ACK 600 
b.1 2025-06-02 22:33:01.378 a 2025-06-02-22:32:58 021 049 102 0.8 2.5 4.0 10.8 73.4 727.9 0.00 0 0.0 19.4 24.1 24.5 3.627  -16.7   17.6    3.0  63   10.4   5 0 0 2 1 2 0 11.8 74.3 12.0 73.9 80.0 100 100 22 407 0 144 0 401 402 399 0 0 0 60 50 WAIT_ACK 600 
b.1 2025-06-02 22:34:00.937 a 2025-06-02-22:33:58 143 078 345 0.1 1.5 4.6 10.6 75.0 727.9 0.00 0 0.0 18.5 24.1 24.4 3.627  -16.4   17.5    2.6  62   10.2   5 0 0 2 1 2 0 11.8 74.3 12.0 73.9 80.0 100 100 22 407 0 144 0 401 401 399 0 0 0 59 50 WAIT_ACK 600 
b.1 2025-06-02 22:35:01.961 a 2025-06-02-22:34:59 132 105 315 0.2 1.4 2.4 10.6 73.5 727.9 0.00 0 0.0 17.8 24.1 24.4 3.627  -19.3   17.3    2.6  62   10.1   5 0 0 2 1 2 0 11.8 74.3 12.0 73.9 80.0 100 100 22 407 0 144 0 402 401 399 0 0 0 59 50 WAIT_ACK 600 
b.1 2025-06-02 22:36:00.538 a 2025-06-02-22:35:57 024 111 157 0.3 1.1 2.0 10.4 74.9 727.9 0.00 0 0.0 17.2 24.1 24.4 3.629  -13.5   17.2    2.4  63   10.2   5 0 0 2 1 2 0 11.8 74.3 11.9 74.1 80.0 100 100 22 407 0 144 0 401 401 399 0 0 0 59 50 WAIT_ACK 600 
b.1 2025-06-02 22:37:01.200 a 2025-06-02-22:36:58 067 048 090 0.1 1.2 2.8 10.3 76.1 727.9 0.00 0 0.0 16.8 24.1 24.4 3.627  -12.8   17.2    2.3  63   10.2   5 0 0 2 1 2 0 11.8 74.3 11.9 74.2 80.0 100 100 22 407 0 144 0 402 401 400 0 0 0 60 50 WAIT_ACK 600 
b.1 2025-06-02 22:38:01.137 a 2025-06-02-22:37:58 151 033 214 0.2 1.4 3.6 10.3 76.1 727.9 0.00 0 0.0 16.6 24.1 24.5 3.627  -15.9   17.1    2.3  63   10.1   5 0 0 2 1 2 0 11.8 74.4 11.9 74.3 80.0 100 100 22 407 0 144 0 401 401 399 0 0 0 59 50 WAIT_ACK 600 
b.1 2025-06-02 22:39:01.262 a 2025-06-02-22:38:58 114 034 226 0.3 2.1 3.9 10.3 76.7 727.9 0.00 0 0.0 16.3 24.1 24.5 3.627  -16.5   17.0    2.6  63   10.0   5 0 0 2 1 2 0 11.8 74.5 11.9 74.3 80.0 100 100 22 407 0 144 0 401 401 400 0 0 0 59 50 WAIT_ACK 600 
b.1 2025-06-02 22:40:01.938 a 2025-06-02-22:39:59 006 056 111 0.6 1.9 3.3 10.3 75.9 727.9 0.00 0 0.0 16.3 24.1 24.5 3.627  -16.6   16.9    2.7  63    9.9   5 0 0 2 1 2 0 11.8 74.5 11.9 74.2 80.0 100 100 22 407 0 144 0 401 401 399 0 0 0 60 50 WAIT_ACK 600 
b.1 2025-06-02 22:41:00.338 a 2025-06-02-22:40:57 146 046 237 0.2 1.5 3.1 10.3 77.0 727.9 0.00 0 0.0 16.2 24.1 24.4 3.627  -13.9   16.8    2.5  63    9.8   0 0 0 2 1 2 0 11.8 74.4 11.9 74.3 80.0 100 100 22 407 0 144 0 401 401 399 0 0 0 59 50 WAIT_ACK 600 
b.1 2025-06-02 22:42:02.082 a 2025-06-02-22:41:59 120 038 302 0.2 1.6 3.6 10.3 76.8 727.8 0.00 0 0.0 16.1 24.1 24.4 3.634  -13.7   16.7    2.5  64    9.8   5 0 0 2 1 2 0 11.8 74.4 11.9 74.3 80.0 100 100 22 407 0 144 0 401 401 399 0 0 0 59 50 WAIT_ACK 600 
b.1 2025-06-02 22:43:01.171 a 2025-06-02-22:42:58 176 054 310 0.2 2.0 4.1 10.3 76.8 727.8 0.00 0 0.0 15.6 24.1 24.4 3.633  -13.0   16.6    2.8  64    9.7   5 0 0 2 1 2 0 11.8 74.5 11.9 74.3 80.0 100 100 22 407 0 144 0 401 401 400 0 0 0 60 50 WAIT_ACK 600 
b.1 2025-06-02 22:44:01.881 a 2025-06-02-22:43:58 203 042 255 0.1 1.3 3.1 10.2 77.6 727.9 0.00 0 0.0 15.3 24.1 24.4 3.627  -11.6   16.5    2.4  64    9.6   5 0 0 2 1 2 0 11.7 74.7 11.9 74.4 80.0 100 100 22 407 0 144 0 402 401 400 0 0 0 60 50 WAIT_ACK 600 
b.1 2025-06-02 22:45:02.700 a 2025-06-02-22:44:59 100 033 343 0.9 2.5 4.1 10.2 78.2 727.9 0.00 0 0.0 15.4 24.1 24.4 3.633  -14.0   16.4    2.9  64    9.6   5 0 0 2 1 2 0 11.7 74.9 11.9 74.7 80.0 100 100 22 407 0 144 0 402 401 400 0 0 0 60 50 WAIT_ACK 600 
b.1 2025-06-02 22:46:02.045 a 2025-06-02-22:45:59 110 045 170 0.1 0.9 3.5 10.2 78.7 727.9 0.00 0 0.0 16.6 24.1 24.4 3.627  -14.7   16.4    2.3  64    9.6   5 0 0 2 1 2 0 11.7 75.2 11.9 75.1 80.0 100 100 22 407 0 144 0 401 401 399 0 0 0 59 50 WAIT_ACK 600 
b.1 2025-06-02 22:47:00.542 a 2025-06-02-22:46:57 165 064 348 0.3 2.0 4.1 10.3 79.8 727.8 0.00 0 0.0 16.5 24.1 24.5 3.627  -14.3   16.4    2.5  65    9.7   5 0 0 2 1 2 0 11.7 75.3 11.9 75.2 80.0 100 100 22 407 0 144 0 401 401 399 0 0 0 59 50 WAIT_ACK 600 
b.1 2025-06-02 22:48:01.601 a 2025-06-02-22:47:58 177 030 214 0.1 1.3 3.2 10.4 77.1 727.8 0.00 0 0.0 16.2 24.1 24.5 3.627  -14.9   16.4    2.3  65    9.7   5 0 0 2 1 2 0 11.7 75.3 11.9 75.2 80.0 100 100 22 407 0 144 0 401 401 399 0 0 0 59 50 WAIT_ACK 600 
b.1 2025-06-02 22:49:01.019 a 2025-06-02-22:48:58 134 021 219 0.1 1.7 3.5 10.4 77.9 727.8 0.00 0 0.0 15.8 24.1 24.5 3.627  -12.4   16.3    2.3  65    9.7   5 0 0 2 1 2 0 11.7 75.5 11.9 75.3 80.0 100 100 22 407 0 144 0 401 401 399 0 0 0 60 50 WAIT_ACK 600 
b.1 2025-06-02 22:50:01.882 a 2025-06-02-22:49:58 084 037 285 0.3 2.6 4.0 10.4 78.3 727.8 0.00 0 0.0 15.2 24.1 24.4 3.628  -13.0   16.3    3.0  65    9.6   5 0 0 2 1 2 0 11.7 75.4 11.8 75.3 80.0 100 100 22 407 0 144 0 401 402 399 0 0 0 60 50 WAIT_ACK 600 
b.1 2025-06-02 22:51:01.581 a 2025-06-02-22:50:58 004 035 093 0.5 2.5 4.2 10.3 77.5 727.8 0.00 0 0.0 14.9 23.8 23.4 3.633  -13.3   16.2    3.7  64    9.5   5 0 0 2 1 2 0 11.7 75.5 11.8 75.4 80.0 100 100 22 407 0 144 0 402 401 400 0 0 0 60 50 WAIT_ACK 600 
b.1 2025-06-02 22:52:00.900 a 2025-06-02-22:51:58 125 046 307 0.2 1.9 3.7 10.0 79.0 727.8 0.00 0 0.0 15.0 24.1 24.5 3.629  -14.0   16.0    3.2  64    9.3   5 0 0 2 1 2 0 11.7 75.6 11.8 75.4 80.0 100 100 22 407 0 144 0 401 401 400 0 0 0 60 50 WAIT_ACK 600 
b.1 2025-06-02 22:53:00.601 a 2025-06-02-22:52:57 123 059 266 0.1 1.5 2.9 9.9 80.1 727.8 0.00 0 0.0 15.1 24.1 24.4 3.627  -13.3   15.9    2.8  65    9.3   5 0 0 2 1 2 0 11.7 75.7 11.8 75.4 80.0 100 100 22 407 0 144 0 401 401 399 0 0 0 60 50 WAIT_ACK 600 
b.1 2025-06-02 22:54:01.703 a 2025-06-02-22:53:58 177 061 316 0.1 0.8 2.2 9.8 80.1 727.8 0.00 0 0.0 15.2 24.1 24.4 3.628  -10.1   15.8    2.3  65    9.3   5 0 0 2 1 2 0 11.6 75.7 11.8 75.4 80.0 100 100 21 407 0 144 0 401 401 400 0 0 0 59 50 WAIT_ACK 600 
b.1 2025-06-02 22:55:02.348 a 2025-06-02-22:54:59 131 052 309 0.1 1.1 3.5 9.9 81.8 727.8 0.00 0 0.0 15.4 24.1 24.5 3.628  -11.4   15.8    2.2  65    9.4   5 0 0 2 1 2 0 11.6 75.8 11.8 75.5 80.0 100 100 21 407 0 144 0 401 401 400 0 0 0 60 50 WAIT_ACK 600 
b.1 2025-06-02 22:56:01.443 a 2025-06-02-22:55:58 061 036 251 0.2 1.6 3.0 10.0 79.7 727.8 0.00 0 0.0 15.3 24.1 24.4 3.628  -12.4   15.8    2.3  66    9.4   5 0 0 2 1 2 0 11.6 75.9 11.8 75.5 80.0 100 100 21 407 0 144 0 401 401 400 0 0 0 59 50 WAIT_ACK 600 
b.1 2025-06-02 22:57:01.384 a 2025-06-02-22:56:58 177 049 262 0.0 0.7 2.0 10.2 81.2 727.8 0.00 0 0.0 15.7 24.1 24.5 3.626  -12.3   15.8    0.0  66    9.5   0 0 0 2 1 2 0 11.6 75.8 11.8 75.5 80.0 100 100 21 407 0 144 0 401 401 400 0 0 0 60 50 WAIT_ACK 600 
b.1 2025-06-02 22:58:01.444 a 2025-06-02-22:57:58 177 051 315 0.3 1.9 3.9 10.3 78.7 727.8 0.00 0 0.0 16.0 24.1 24.4 3.632  -13.8   15.9    2.4  66    9.6   5 0 0 2 1 2 0 11.6 75.8 11.8 75.5 80.0 100 100 22 407 0 144 0 401 401 399 0 0 0 59 50 WAIT_ACK 600 
b.1 2025-06-02 22:59:00.904 a 2025-06-02-22:58:58 133 065 258 0.1 1.4 3.4 10.5 78.3 727.8 0.00 0 0.0 16.5 24.1 24.4 3.628  -11.5   15.9    2.3  66    9.6   5 0 0 2 1 2 0 11.6 75.8 11.8 75.5 80.0 100 100 22 407 0 144 0 402 401 400 0 0 0 60 50 WAIT_ACK 600 
b.1 2025-06-02 23:00:00.845 a 2025-06-02-22:59:57 128 041 344 0.2 2.3 4.6 10.5 78.5 727.8 0.00 0 0.0 16.2 24.1 24.4 3.626  -15.4   15.9    2.6  66    9.6   5 0 0 2 1 2 0 11.6 75.8 11.8 75.5 80.0 100 100 22 407 0 144 0 401 401 400 0 0 0 60 50 WAIT_ACK 600 
b.1 2025-06-02 23:01:00.865 a 2025-06-02-23:00:58 191 052 270 0.1 1.2 3.5 10.3 78.8 727.8 0.00 0 0.0 15.8 24.1 24.4 3.628  -13.5   15.9    2.3  66    9.7   5 0 0 2 1 2 0 11.6 75.9 11.8 75.7 80.0 100 100 22 407 0 144 0 402 401 399 0 0 0 59 50 WAIT_ACK 600 
b.1 2025-06-02 23:02:02.105 a 2025-06-02-23:01:59 192 057 242 0.1 0.8 3.3 10.3 80.3 727.8 0.00 0 0.0 16.0 24.1 24.5 3.628  -11.8   15.9    2.2  66    9.7   5 0 0 2 1 2 0 11.6 76.2 11.8 75.8 80.0 100 100 22 407 0 144 0 401 401 399 0 0 0 60 50 WAIT_ACK 600 
b.1 2025-06-02 23:03:00.963 a 2025-06-02-23:02:58 192 044 214 0.2 1.2 3.0 10.4 79.3 727.8 0.00 0 0.0 15.8 24.1 24.5 3.627  -11.4   15.9    2.2  67    9.7   5 0 0 2 1 2 0 11.6 76.1 11.8 75.8 80.0 100 100 22 407 0 144 0 401 401 400 0 0 0 59 50 WAIT_ACK 600 
b.1 2025-06-02 23:04:01.084 a 2025-06-02-23:03:58 111 027 301 0.3 1.8 3.3 10.5 78.7 727.7 0.00 0 0.0 15.5 24.1 24.5 3.627  -10.0   16.0    2.3  67    9.8   5 0 0 2 1 2 0 11.6 76.1 11.8 75.8 80.0 100 100 22 407 0 144 0 401 401 399 0 0 0 60 50 WAIT_ACK 600 
b.1 2025-06-02 23:05:02.364 a 2025-06-02-23:04:59 138 021 217 0.2 1.2 2.7 10.5 78.9 727.7 0.00 0 0.0 15.5 24.1 24.5 3.627   -8.7   16.0    2.2  67    9.8   5 0 0 3 1 2 1 11.7 76.1 11.8 75.8 80.0 100 100 22 407 0 144 0 401 401 399 0 0 0 60 50 WAIT_ACK 600 
b.1 2025-06-02 23:06:01.924 a 2025-06-02-23:05:59 238 083 302 0.1 1.2 3.5 10.6 77.5 727.7 0.00 0 0.0 15.8 24.1 24.5 3.627   -9.1   16.0    2.2  67    9.9   5 0 0 3 1 2 1 11.6 75.7 11.8 75.5 80.0 100 100 22 407 0 144 0 401 401 399 0 0 0 60 50 WAIT_ACK 600 
b.1 2025-06-02 23:07:00.888 a 2025-06-02-23:06:58 165 073 199 0.1 0.8 1.9 10.6 78.6 727.7 0.00 0 0.0 16.1 24.1 24.5 3.627   -8.5   16.1    0.0  67    9.9   5 0 0 3 1 2 1 11.6 75.9 11.8 75.8 80.0 100 100 22 407 0 144 0 402 401 400 0 0 0 59 50 WAIT_ACK 600 
b.1 2025-06-02 23:08:01.346 a 2025-06-02-23:07:58 120 028 238 0.1 2.1 3.3 10.6 77.7 727.7 0.00 0 0.0 15.7 24.1 24.4 3.627   -9.0   16.1    2.4  67    9.9   5 0 0 3 1 2 1 11.6 76.0 11.8 75.8 80.0 100 100 22 407 0 144 0 402 401 399 0 0 0 60 50 WAIT_ACK 600 
b.1 2025-06-02 23:09:01.983 a 2025-06-02-23:08:59 134 057 354 0.2 1.9 3.5 10.5 78.3 727.7 0.00 0 0.0 15.2 24.1 24.5 3.631   -8.6   16.1    2.5  67    9.9   5 0 0 3 1 2 1 11.6 76.2 11.8 76.0 80.0 100 100 22 407 0 144 0 401 401 399 0 0 0 60 50 WAIT_ACK 600 
b.1 2025-06-02 23:10:00.766 a 2025-06-02-23:09:57 122 050 357 0.8 2.0 3.1 10.3 79.1 727.7 0.00 0 0.0 14.9 23.8 23.4 3.634   -9.3   16.0    2.7  67    9.8   5 0 0 3 1 2 1 11.6 76.5 11.8 76.2 80.0 100 100 22 407 0 144 0 402 401 399 0 0 0 60 50 WAIT_ACK 600 
b.1 2025-06-02 23:11:00.924 a 2025-06-02-23:10:58 126 030 235 0.1 1.2 2.7 10.2 80.5 727.7 0.00 0 0.0 15.1 24.1 24.4 3.634   -8.4   16.0    2.3  67    9.8   5 0 0 3 1 2 1 11.6 76.7 11.7 76.3 80.0 100 100 22 407 0 144 0 401 401 399 0 0 0 59 50 WAIT_ACK 600 
b.1 2025-06-02 23:12:01.563 a 2025-06-02-23:11:58 004 044 111 0.5 2.5 4.5 10.1 78.5 727.7 0.00 0 0.0 14.9 23.8 23.4 3.634   -8.6   15.9    2.9  67    9.7   5 0 0 3 1 2 1 11.6 76.5 11.7 76.3 80.0 100 100 22 407 0 144 0 401 401 400 0 0 0 60 50 WAIT_ACK 600 
b.1 2025-06-02 23:13:01.025 a 2025-06-02-23:12:58 116 008 257 0.1 0.9 2.7 10.0 80.5 727.7 0.00 0 0.0 15.3 24.1 24.5 3.628   -7.4   15.9    2.3  67    9.6   5 0 0 3 1 2 1 11.6 76.5 11.7 76.3 80.0 100 100 22 407 0 144 0 401 401 399 0 0 0 60 50 WAIT_ACK 600 
b.1 2025-06-02 23:14:00.966 a 2025-06-02-23:13:58 129 040 257 0.1 1.1 3.1 10.0 81.2 727.7 0.00 0 0.0 15.1 24.1 24.5 3.633   -8.1   15.8    2.2  67    9.7   5 0 0 3 1 2 1 11.5 76.7 11.7 76.4 80.0 100 100 22 407 0 144 0 401 401 399 0 0 0 60 50 WAIT_ACK 600 
b.1 2025-06-02 23:15:01.688 a 2025-06-02-23:14:58 215 121 272 0.0 0.7 2.2 10.0 81.2 727.7 0.00 0 0.0 15.0 24.1 24.5 3.633   -7.1   15.8    0.0  67    9.7   5 0 0 3 1 2 1 11.5 76.8 11.7 76.5 80.0 100 100 22 407 0 144 0 402 401 400 0 0 0 60 50 WAIT_ACK 600 
b.1 2025-06-02 23:16:00.686 a 2025-06-02-23:15:57 206 112 294 0.1 0.4 1.2 10.2 80.9 727.7 0.00 0 0.0 15.2 24.1 24.4 3.628   -7.7   15.8    0.0  67    9.8   5 0 0 3 1 2 1 11.6 77.0 11.7 76.7 80.0 100 100 22 407 0 144 0 401 401 399 0 0 0 60 50 WAIT_ACK 600 
b.1 2025-06-02 23:17:01.229 a 2025-06-02-23:16:58 133 082 183 0.0 0.5 1.5 10.4 80.5 727.7 0.00 0 0.0 15.2 24.1 24.4 3.627   -8.3   15.8    2.1  68    9.9   5 0 0 3 1 2 1 11.6 76.9 11.7 76.6 80.0 100 100 22 407 0 144 0 402 401 399 0 0 0 60 50 WAIT_ACK 600 
b.1 2025-06-02 23:18:00.746 a 2025-06-02-23:17:57 215 291 347 0.1 0.6 1.4 10.5 79.6 727.7 0.00 0 0.0 15.2 24.1 24.5 3.634   -7.4   15.9    0.0  68   10.0   5 0 0 3 1 2 1 11.6 76.9 11.7 76.7 80.0 100 100 22 407 0 144 0 402 401 400 0 0 0 60 50 WAIT_ACK 600 
b.1 2025-06-02 23:19:01.289 a 2025-06-02-23:18:58 158 076 222 0.1 0.7 2.3 10.6 79.0 727.7 0.00 0 0.0 15.1 24.1 24.4 3.628   -7.5   15.9    0.0  68   10.0   5 0 0 3 1 2 1 11.6 77.0 11.7 76.8 80.0 100 100 22 407 0 144 0 401 401 400 0 0 0 60 50 WAIT_ACK 600 
b.1 2025-06-02 23:20:00.710 a 2025-06-02-23:19:57 018 097 318 0.1 0.4 1.4 10.7 79.4 727.7 0.00 0 0.0 15.3 24.1 24.5 3.628   -7.9   15.9    0.0  68   10.0   5 0 0 3 1 2 1 11.6 77.0 11.7 76.8 80.0 100 100 21 407 0 144 0 401 401 399 0 0 0 59 50 WAIT_ACK 600 
b.1 2025-06-02 23:21:01.667 a 2025-06-02-23:20:58 160 060 302 0.2 1.3 2.8 10.8 78.0 727.7 0.00 0 0.0 15.1 24.1 24.5 3.633   -9.3   16.0    2.2  68   10.1   5 0 0 3 1 2 1 11.5 77.1 11.7 76.9 80.0 100 100 21 407 0 144 0 402 401 400 0 0 0 60 50 WAIT_ACK 600 
b.1 2025-06-02 23:22:01.686 a 2025-06-02-23:21:58 187 085 300 0.1 1.3 3.1 10.9 78.7 727.7 0.00 0 0.0 15.1 24.1 24.5 3.628   -9.1   16.0    2.2  68   10.1   5 0 0 3 1 2 1 11.5 77.1 11.7 76.9 80.0 100 100 21 407 0 144 0 401 401 399 0 0 0 59 50 WAIT_ACK 600 
b.1 2025-06-02 23:23:00.368 a 2025-06-02-23:22:57 240 085 279 0.1 1.3 3.6 10.9 78.2 727.7 0.00 0 0.0 15.2 24.1 24.5 3.627  -10.0   16.1    2.1  68   10.1   5 0 0 3 1 2 1 11.5 77.0 11.7 76.9 80.0 100 100 21 407 0 144 0 402 401 400 0 0 0 60 50 WAIT_ACK 600 
b.1 2025-06-02 23:24:01.473 a 2025-06-02-23:23:58 123 024 305 0.4 1.7 2.7 10.9 76.5 727.7 0.00 0 0.0 15.0 24.1 24.5 3.628  -10.0   16.1    2.3  68   10.2   5 0 0 3 1 2 1 11.5 77.1 11.7 76.9 80.0 100 100 21 407 0 144 0 401 402 399 0 0 0 60 50 WAIT_ACK 600 
b.1 2025-06-02 23:25:00.286 a 2025-06-02-23:24:57 036 049 094 0.1 1.1 2.8 10.7 78.2 727.7 0.00 0 0.0 15.1 24.1 24.5 3.627   -7.5   16.1    2.2  68   10.2   5 0 0 3 1 2 1 11.5 77.1 11.7 77.0 80.0 100 100 22 407 0 144 0 401 401 399 0 0 0 60 50 WAIT_ACK 600 
b.1 2025-06-02 23:26:01.532 a 2025-06-02-23:25:58 163 041 180 0.1 1.3 3.0 10.6 78.7 727.7 0.00 0 0.0 15.4 24.1 24.5 3.628   -9.2   16.1    2.2  68   10.2   5 0 0 3 1 2 1 11.5 77.1 11.7 77.1 80.0 100 100 22 407 0 144 0 401 401 399 0 0 0 59 50 WAIT_ACK 600 
b.1 2025-06-02 23:27:00.490 a 2025-06-02-23:26:57 130 071 318 0.1 1.2 3.2 10.5 78.9 727.7 0.00 0 0.0 15.4 24.1 24.5 3.627   -9.6   16.2    2.2  68   10.2   5 0 0 3 1 2 1 11.5 77.1 11.7 77.1 80.0 100 100 22 407 0 144 0 402 401 399 0 0 0 59 50 WAIT_ACK 600 
b.1 2025-06-02 23:28:01.549 a 2025-06-02-23:27:58 183 069 309 0.1 1.2 3.3 10.5 79.4 727.7 0.00 0 0.0 15.3 24.1 24.5 3.628  -10.9   16.2    0.0  68   10.2   5 0 0 2 1 2 0 11.5 77.2 11.7 77.0 80.0 100 100 22 407 0 144 0 402 401 399 0 0 0 59 50 WAIT_ACK 600 
b.1 2025-06-02 23:29:01.671 a 2025-06-02-23:28:58 120 033 327 0.3 1.9 3.4 10.5 77.7 727.7 0.00 0 0.0 14.9 23.9 23.4 3.633  -10.5   16.2    2.3  68   10.2   5 0 0 2 1 2 0 11.5 77.1 11.6 77.0 80.0 100 100 22 407 0 144 0 402 401 400 0 0 0 60 50 WAIT_ACK 600 
b.1 2025-06-02 23:30:01.091 a 2025-06-02-23:29:58 038 021 220 0.0 1.0 2.7 10.4 78.4 727.7 0.00 0 0.0 15.1 24.1 24.5 3.628   -8.5   16.2    2.2  68   10.2   5 0 0 3 1 2 1 11.5 77.1 11.7 77.0 80.0 100 100 22 407 0 144 0 402 401 400 0 0 0 59 50 WAIT_ACK 600 
b.1 2025-06-02 23:31:00.148 a 2025-06-02-23:30:57 109 049 257 0.2 1.7 4.1 10.3 79.7 727.7 0.00 0 0.0 14.9 23.9 23.4 3.633  -10.0   16.1    2.3  68   10.2   5 0 0 2 1 2 0 11.5 77.2 11.7 76.9 80.0 100 100 22 407 0 144 0 400 402 399 0 0 0 60 50 WAIT_ACK 600 
b.1 2025-06-02 23:32:02.029 a 2025-06-02-23:31:59 120 044 320 0.3 1.6 3.4 10.3 79.7 727.7 0.00 0 0.0 15.1 24.1 24.5 3.628  -11.1   16.1    2.3  68   10.2   5 0 0 2 1 2 0 11.5 77.3 11.7 77.0 80.0 100 100 22 407 0 144 0 401 402 399 0 0 0 59 50 WAIT_ACK 600 
b.1 2025-06-02 23:33:01.586 a 2025-06-02-23:32:58 087 029 311 0.4 1.6 3.2 10.2 78.7 727.6 0.00 0 0.0 14.9 24.1 24.5 3.629  -10.0   16.1    2.4  68   10.1   5 0 0 2 1 2 0 11.5 77.2 11.7 77.0 80.0 100 100 22 407 0 144 0 402 401 400 0 0 0 60 50 WAIT_ACK 600 
b.1 2025-06-02 23:34:01.009 a 2025-06-02-23:33:58 149 028 235 0.2 1.6 3.6 10.1 80.3 727.7 0.00 0 0.0 14.9 24.0 24.4 3.628   -9.3   16.0    2.5  68   10.0   5 0 0 3 1 2 1 11.5 77.3 11.7 77.0 80.0 100 100 22 407 0 144 0 400 401 399 0 0 0 60 50 WAIT_ACK 600 
b.1 2025-06-02 23:35:02.440 a 2025-06-02-23:34:59 116 013 244 0.1 1.4 3.3 10.0 81.1 727.6 0.00 0 0.0 15.0 24.1 24.5 3.628   -9.4   16.0    2.3  68   10.0   5 0 0 3 1 2 1 11.5 77.5 11.6 77.1 80.0 100 100 22 407 0 144 0 401 402 399 0 0 0 59 50 WAIT_ACK 600 
b.1 2025-06-02 23:36:00.628 a 2025-06-02-23:35:57 124 032 219 0.2 1.6 3.3 10.0 81.4 727.7 0.00 0 0.0 15.0 24.1 24.4 3.626  -11.9   15.9    2.3  68    9.9   5 0 0 2 1 2 0 11.5 77.5 11.6 77.2 80.0 100 100 22 407 0 144 0 401 401 399 0 0 0 59 50 WAIT_ACK 600 
b.1 2025-06-02 23:37:01.012 a 2025-06-02-23:36:58 119 040 357 0.6 1.9 2.7 9.8 80.8 727.6 0.00 0 0.0 15.0 23.8 23.4 3.634  -14.5   15.9    2.5  68    9.9   5 0 0 2 1 2 0 11.5 77.7 11.6 77.4 80.0 100 100 22 407 0 144 0 402 401 400 0 0 0 60 50 WAIT_ACK 600 
b.1 2025-06-02 23:38:01.549 a 2025-06-02-23:37:58 107 043 324 0.5 2.0 3.3 9.9 80.8 727.6 0.00 0 0.0 14.9 24.1 24.5 3.637  -13.7   15.8    2.8  68    9.8   5 0 0 2 1 2 0 11.5 77.6 11.6 77.4 80.0 100 100 22 407 0 144 0 402 401 400 0 0 0 60 50 WAIT_ACK 600 
b.1 2025-06-02 23:39:02.272 a 2025-06-02-23:38:59 005 046 118 0.8 2.2 3.6 9.8 81.1 727.6 0.00 0 0.0 15.1 24.1 24.5 3.627  -13.2   15.8    2.9  68    9.8   5 0 0 2 1 2 0 11.5 77.5 11.6 77.3 80.0 100 100 22 407 0 144 0 401 401 399 0 0 0 59 50 WAIT_ACK 600 
b.1 2025-06-02 23:40:01.651 a 2025-06-02-23:39:58 136 048 344 0.2 1.6 2.8 9.7 81.6 727.6 0.00 0 0.0 14.9 23.8 23.4 3.634  -12.2   15.7    2.7  68    9.7   5 0 0 2 1 2 0 11.5 77.5 11.6 77.2 80.0 100 100 22 407 0 144 0 401 401 399 0 0 0 59 50 WAIT_ACK 600 
b.1 2025-06-02 23:41:00.930 a 2025-06-02-23:40:58 142 069 235 0.1 1.0 2.7 9.9 81.5 727.6 0.00 0 0.0 15.2 24.1 24.5 3.627  -10.7   15.6    2.4  68    9.7   5 0 0 2 1 2 0 11.4 77.6 11.6 77.3 80.0 100 100 22 407 0 144 0 400 402 399 0 0 0 59 50 WAIT_ACK 600 
b.1 2025-06-02 23:42:00.950 a 2025-06-02-23:41:58 172 062 315 0.1 1.6 3.2 10.0 79.7 727.6 0.00 0 0.0 15.3 24.1 24.5 3.627  -10.9   15.6    2.4  68    9.7   5 0 0 2 1 2 0 11.4 77.2 11.6 77.0 80.0 100 100 22 407 0 144 0 401 401 400 0 0 0 60 50 WAIT_ACK 600 
b.1 2025-06-02 23:43:01.591 a 2025-06-02-23:42:58 118 026 222 0.2 1.7 2.8 10.0 79.5 727.6 0.00 0 0.0 15.2 24.1 24.5 3.627  -10.1   15.6    2.4  68    9.7   5 0 0 2 1 2 0 11.4 77.0 11.6 76.8 80.0 100 100 22 407 0 144 0 401 402 399 0 0 0 59 50 WAIT_ACK 600 
b.1 2025-06-02 23:44:01.667 a 2025-06-02-23:43:58 166 077 226 0.1 1.0 3.0 10.0 79.0 727.6 0.00 0 0.0 15.8 24.1 24.5 3.628  -17.6   15.6    2.2  68    9.7   5 0 0 2 1 2 0 11.4 77.1 11.6 76.9 80.0 100 100 22 407 0 144 0 401 401 399 0 0 0 60 50 WAIT_ACK 600 
b.1 2025-06-02 23:45:01.273 a 2025-06-02-23:44:58 109 041 301 0.4 1.7 2.8 10.1 79.4 727.6 0.00 0 0.0 15.6 24.1 24.4 3.633  -25.7   15.6    2.3  68    9.8   5 0 0 1 1 2 0 11.4 77.1 11.6 76.8 80.0 100 100 22 407 0 144 0 402 401 400 0 0 0 60 50 WAIT_ACK 555 
b.1 2025-06-02 23:46:00.493 a 2025-06-02-23:45:57 002 056 121 0.4 1.5 2.7 10.1 79.5 727.6 0.00 0 0.0 15.3 24.1 24.4 3.633  -26.7   15.6    2.3  68    9.8   5 0 0 1 1 2 0 11.4 76.9 11.6 76.7 80.0 100 100 22 407 0 144 0 402 401 400 0 0 0 59 50 WAIT_ACK 496 
b.1 2025-06-02 23:47:01.733 a 2025-06-02-23:46:58 101 079 289 0.1 1.0 2.4 10.1 79.2 727.6 0.00 0 0.0 15.4 24.1 24.4 3.634  -25.2   15.7    2.2  68    9.9   5 0 0 1 1 2 0 11.4 76.9 11.6 76.6 80.0 100 100 21 407 0 144 0 401 401 400 0 0 0 60 50 WAIT_ACK 435 
b.1 2025-06-02 23:48:01.190 a 2025-06-02-23:47:58 248 037 330 0.3 1.3 2.8 10.1 79.2 727.6 0.00 0 0.0 15.4 24.1 24.4 3.633  -20.2   15.7    2.2  69    9.9   5 0 0 2 1 2 0 11.4 77.0 11.6 76.7 80.0 100 100 21 407 0 144 0 401 401 400 0 0 0 59 50 WAIT_ACK 375 
b.1 2025-06-02 23:49:01.351 a 2025-06-02-23:48:58 161 032 312 0.2 1.3 2.4 10.1 79.7 727.6 0.00 0 0.0 15.2 24.1 24.5 3.626  -13.9   15.7    2.2  69   10.0   5 0 0 2 1 2 0 11.4 77.1 11.5 76.8 80.0 100 100 21 407 0 144 0 400 401 399 0 0 0 60 50 WAIT_ACK 600 
b.1 2025-06-02 23:50:01.948 a 2025-06-02-23:49:59 106 028 315 0.3 1.8 3.1 10.1 79.6 727.6 0.00 0 0.0 15.0 24.1 24.4 3.627  -10.5   15.7    2.3  69   10.0   5 0 0 2 1 2 0 11.4 77.2 11.6 76.9 80.0 100 100 21 407 0 144 0 401 401 399 0 0 0 59 50 WAIT_ACK 600 
b.1 2025-06-02 23:51:00.233 a 2025-06-02-23:50:57 145 045 309 0.3 1.8 3.3 10.1 80.0 727.6 0.00 0 0.0 15.0 24.1 24.5 3.627  -10.5   15.7    2.4  68    9.9   5 0 0 2 1 2 0 11.4 77.4 11.5 77.1 80.0 100 100 21 407 0 144 0 402 401 400 0 0 0 59 50 WAIT_ACK 600 
b.1 2025-06-02 23:52:01.233 a 2025-06-02-23:51:58 242 096 353 0.1 0.9 2.4 10.0 80.8 727.6 0.00 0 0.0 15.1 24.1 24.5 3.628   -7.9   15.7    2.2  68    9.9   5 0 0 3 1 2 1 11.4 77.5 11.5 77.3 80.0 100 100 21 407 0 144 0 401 401 399 0 0 0 59 50 WAIT_ACK 600 
b.1 2025-06-02 23:53:01.414 a 2025-06-02-23:52:58 207 063 312 0.1 0.9 2.9 10.0 82.4 727.6 0.00 0 0.0 15.1 24.1 24.4 3.627   -9.1   15.7    2.2  68    9.9   5 0 0 3 1 2 1 11.4 77.9 11.5 77.5 80.0 100 100 22 407 0 144 0 402 401 400 0 0 0 60 50 WAIT_ACK 600 
b.1 2025-06-02 23:54:00.790 a 2025-06-02-23:53:57 135 055 320 0.1 1.4 3.3 10.2 80.9 727.6 0.00 0 0.0 15.1 24.1 24.5 3.628   -7.1   15.7    2.2  68    9.9   5 0 0 3 1 2 1 11.4 77.8 11.5 77.6 80.0 100 100 22 407 0 144 0 401 401 400 0 0 0 59 50 WAIT_ACK 600 
b.1 2025-06-02 23:55:01.252 a 2025-06-02-23:54:58 018 095 164 0.1 0.8 2.2 10.1 80.9 727.6 0.00 0 0.0 15.1 24.1 24.4 3.634   -8.2   15.7    0.0  68    9.9   5 0 0 3 1 2 1 11.4 78.0 11.6 77.7 80.0 100 100 22 407 0 144 0 401 402 399 0 0 0 59 50 WAIT_ACK 600 
b.1 2025-06-02 23:56:01.331 a 2025-06-02-23:55:58 128 080 151 0.0 0.8 2.3 10.1 82.3 727.6 0.00 0 0.0 15.1 24.1 24.5 3.627   -7.7   15.7    2.2  69   10.0   5 0 0 3 1 2 1 11.4 78.1 11.5 77.7 80.0 100 100 22 407 0 144 0 402 401 400 0 0 0 60 50 WAIT_ACK 600 
b.1 2025-06-02 23:57:00.772 a 2025-06-02-23:56:57 002 049 138 0.0 0.8 2.2 10.2 81.5 727.6 0.00 0 0.0 15.0 24.1 24.4 3.628   -8.2   15.7    0.0  69   10.0   5 0 0 3 1 2 1 11.4 78.1 11.5 78.1 80.0 100 100 22 407 0 144 0 401 401 399 0 0 0 59 50 WAIT_ACK 600 
b.1 2025-06-02 23:58:01.576 a 2025-06-02-23:57:58 124 005 295 0.1 0.6 1.7 10.3 81.0 727.6 0.00 0 0.0 15.0 24.1 24.4 3.628   -7.6   15.8    0.0  69   10.1   5 0 0 3 1 2 1 11.4 78.3 11.5 78.3 80.0 100 100 22 407 0 144 0 401 401 400 0 0 0 59 50 WAIT_ACK 600 
b.1 2025-06-02 23:59:01.654 a 2025-06-02-23:58:58 135 039 222 0.1 0.9 2.4 10.3 81.6 727.6 0.00 0 0.0 14.9 23.9 23.4 3.634   -7.7   15.8    0.0  69   10.2   5 0 0 3 1 2 1 11.4 78.4 11.5 78.3 80.0 100 100 22 407 0 144 0 402 401 400 0 0 0 59 50 WAIT_ACK 600 
