b.1 2025-06-22 00:00:02.970 a 2025-06-21-23:59:51 002 212 067 0.2 2.5 5.5 16.3 12.8 725.7 0.00 0 0.0 24.3 24.1 24.5 3.626  -46.1   22.8    3.2  13   -7.5   5 0 0 1 1 2 0 17.3 12.5 17.2 12.6 80.0 100 100 20 408 0 143 0 401 401 400 0 0 0 60 50 AUTO_PARK 0 
b.1 2025-06-22 00:01:02.263 a 2025-06-22-00:00:50 098 243 349 0.5 3.4 6.0 16.2 13.5 725.7 0.00 0 0.0 23.6 24.1 24.4 3.633  -46.7   22.8    4.2  13   -7.4   5 0 0 1 1 2 0 17.3 12.6 17.2 12.9 80.0 100 100 20 408 0 143 0 401 402 399 0 0 0 59 50 AUTO_PARK 0 
b.1 2025-06-22 00:02:00.759 a 2025-06-22-00:01:49 107 245 315 0.3 2.7 4.9 16.1 14.1 725.7 0.00 0 0.0 23.3 24.1 24.4 3.626  -46.6   22.7    4.3  13   -7.3   7 0 0 1 1 2 0 17.4 13.0 17.3 13.1 80.0 100 100 20 408 0 143 0 402 401 400 0 0 0 60 50 AUTO_PARK 0 
b.1 2025-06-22 00:03:00.022 a 2025-06-22-00:02:48 051 264 266 0.1 3.0 5.8 16.0 14.3 725.7 0.00 0 0.0 23.0 24.1 24.4 3.626  -45.3   22.7    5.4  13   -7.2   7 0 0 1 1 2 0 17.3 13.2 17.2 13.3 80.0 100 100 20 408 0 143 0 401 401 400 0 0 0 60 50 AUTO_PARK 0 
b.1 2025-06-22 00:04:00.622 a 2025-06-22-00:03:49 009 248 117 0.2 2.8 5.6 15.9 14.9 725.7 0.00 0 0.0 23.1 24.1 24.4 3.627  -44.3   22.6    4.3  13   -7.0   7 0 0 1 1 2 0 17.3 13.5 17.2 13.6 80.0 100 100 20 408 0 143 0 400 402 399 0 0 0 59 50 AUTO_PARK 0 
b.1 2025-06-22 00:05:02.381 a 2025-06-22-00:04:51 291 185 307 0.1 0.5 2.2 15.9 14.6 725.7 0.00 0 0.0 24.4 24.1 24.4 3.627  -41.7   22.6    2.3  13   -6.9   5 0 0 1 1 2 0 17.3 13.7 17.2 13.8 80.0 100 100 20 408 0 143 0 401 401 400 0 0 0 60 50 AUTO_PARK 0 
b.1 2025-06-22 00:06:01.023 a 2025-06-22-00:05:49 058 196 269 0.1 1.1 3.1 16.1 14.5 725.7 0.00 0 0.0 25.4 24.1 24.4 3.626  -44.4   22.6    2.2  13   -6.8   5 0 0 1 1 2 0 17.2 13.8 17.2 13.9 80.0 100 100 20 408 0 143 0 401 401 400 0 0 0 59 50 AUTO_PARK 0 
b.1 2025-06-22 00:07:01.444 a 2025-06-22-00:06:50 164 050 198 0.1 2.4 6.2 16.4 13.6 725.7 0.00 0 0.0 24.8 24.1 24.4 3.627  -45.2   22.6    2.6  13   -6.8   5 0 0 1 1 2 0 17.3 13.9 17.2 13.9 80.0 100 100 20 408 0 143 0 401 401 400 0 0 0 59 50 AUTO_PARK 0 
b.1 2025-06-22 00:08:01.582 a 2025-06-22-00:07:50 110 295 326 0.4 3.3 6.4 16.4 12.9 725.7 0.00 0 0.0 23.7 24.1 24.4 3.626  -44.0   22.6    3.6  13   -6.9   5 0 0 1 1 2 0 17.3 13.6 17.2 13.8 80.0 100 100 20 408 0 143 0 401 401 400 0 0 0 59 50 AUTO_PARK 0 
b.1 2025-06-22 00:09:00.744 a 2025-06-22-00:08:49 115 270 278 0.1 2.2 4.6 16.1 13.0 725.7 0.00 0 0.0 23.5 24.1 24.4 3.627  -44.2   22.6    3.5  13   -7.0   5 0 0 1 1 2 0 17.3 13.5 17.2 13.5 80.0 100 100 20 408 0 143 0 401 401 399 0 0 0 60 50 AUTO_PARK 0 
b.1 2025-06-22 00:10:01.726 a 2025-06-22-00:09:50 053 264 284 0.1 2.1 4.0 15.9 14.3 725.7 0.00 0 0.0 23.4 24.1 24.5 3.626  -42.8   22.5    3.2  13   -7.0   5 0 0 1 1 2 0 17.3 13.5 17.2 13.5 80.0 100 100 20 408 0 143 0 401 401 399 0 0 0 59 50 AUTO_PARK 0 
b.1 2025-06-22 00:11:01.967 a 2025-06-22-00:10:50 128 248 296 0.2 3.1 5.8 15.8 13.8 725.7 0.00 0 0.0 23.1 24.1 24.4 3.627  -43.5   22.4    4.0  13   -7.1   5 0 0 1 1 2 0 17.3 13.6 17.2 13.7 80.0 100 100 20 408 0 143 0 401 401 400 0 0 0 60 50 AUTO_PARK 0 
b.1 2025-06-22 00:12:01.826 a 2025-06-22-00:11:50 107 255 331 0.1 2.2 4.9 15.7 13.6 725.7 0.00 0 0.0 23.3 24.1 24.4 3.626  -45.5   22.4    3.6  13   -7.1   5 0 0 1 1 2 0 17.2 13.7 17.2 13.8 80.0 100 100 20 408 0 143 0 401 401 400 0 0 0 60 50 AUTO_PARK 0 
b.1 2025-06-22 00:13:00.346 a 2025-06-22-00:12:48 173 216 248 1.6 3.0 4.5 15.7 14.7 725.7 0.00 0 0.0 22.8 24.1 24.4 3.627  -43.6   22.4    3.8  13   -7.1   5 0 0 1 1 2 0 17.2 13.9 17.2 13.7 80.0 100 100 20 408 0 143 0 401 401 400 0 0 0 60 50 AUTO_PARK 0 
b.1 2025-06-22 00:14:01.928 a 2025-06-22-00:13:50 191 239 326 0.3 2.8 4.2 15.6 14.9 725.7 0.00 0 0.0 22.5 24.1 24.5 3.627  -43.8   22.4    4.3  13   -7.0   8 0 0 1 1 2 0 17.2 14.3 17.2 14.0 80.0 100 100 20 408 0 143 0 401 401 400 0 0 0 59 50 AUTO_PARK 0 
b.1 2025-06-22 00:15:01.328 a 2025-06-22-00:14:49 090 246 271 0.1 1.2 2.4 15.6 16.0 725.7 0.00 0 0.0 23.2 24.1 24.4 3.626  -43.1   22.4    3.0  13   -6.9   8 0 0 1 1 2 0 17.2 14.3 17.2 14.1 80.0 100 100 20 408 0 143 0 401 402 399 0 0 0 60 50 AUTO_PARK 0 
b.1 2025-06-22 00:16:00.884 a 2025-06-22-00:15:49 260 253 279 0.1 1.9 3.9 15.7 16.2 725.6 0.00 0 0.0 23.5 24.1 24.4 3.627  -46.8   22.5    3.0  14   -6.5   5 0 0 1 1 2 0 17.2 14.2 17.2 14.5 80.0 100 100 20 408 0 143 0 401 401 399 0 0 0 59 50 AUTO_PARK 0 
b.1 2025-06-22 00:17:00.404 a 2025-06-22-00:16:48 003 259 100 0.1 2.6 5.3 15.7 16.2 725.7 0.00 0 0.0 23.0 24.1 24.4 3.632  -44.3   22.5    3.6  14   -6.2   5 0 0 1 1 2 0 17.2 14.7 17.2 14.9 80.0 100 100 20 408 0 143 0 401 401 400 0 0 0 59 50 AUTO_PARK 0 
b.1 2025-06-22 00:18:01.063 a 2025-06-22-00:17:49 099 291 277 0.1 1.8 4.3 15.7 16.7 725.7 0.00 0 0.0 23.2 24.1 24.4 3.627  -43.2   22.5    2.9  14   -6.0   5 0 0 1 1 2 0 17.2 15.1 17.2 15.2 80.0 100 100 20 408 0 143 0 401 401 400 0 0 0 60 50 AUTO_PARK 0 
b.1 2025-06-22 00:19:00.927 a 2025-06-22-00:18:49 109 263 311 0.1 2.1 4.8 15.6 16.6 725.6 0.00 0 0.0 23.3 24.1 24.4 3.627  -43.0   22.5    2.7  15   -5.8   5 0 0 1 1 2 0 17.2 15.2 17.1 15.4 80.0 100 100 20 408 0 143 0 401 401 400 0 0 0 60 50 AUTO_PARK 0 
b.1 2025-06-22 00:20:00.890 a 2025-06-22-00:19:49 052 207 278 0.2 1.4 4.0 15.6 17.1 725.6 0.00 0 0.0 23.8 24.1 24.5 3.627  -42.5   22.5    2.4  15   -5.8   5 0 0 1 1 2 0 17.2 15.5 17.1 15.8 80.0 100 100 20 408 0 118 0 401 401 400 0 0 0 60 50 AUTO_PARK 0 
b.1 2025-06-22 00:21:00.809 a 2025-06-22-00:20:49 090 265 353 0.1 1.8 3.8 15.8 16.5 725.6 0.00 0 0.0 23.7 24.1 24.4 3.627  -44.7   22.4    2.5  15   -5.9   5 0 0 1 1 2 0 17.2 15.6 17.1 15.8 80.0 100 100 20 408 0 143 0 401 401 399 0 0 0 60 50 AUTO_PARK 0 
b.1 2025-06-22 00:22:00.670 a 2025-06-22-00:21:49 309 199 323 0.0 0.8 3.9 15.9 16.0 725.6 0.00 0 0.0 24.5 24.1 24.4 3.627  -42.0   22.5    2.2  15   -5.7   5 0 0 1 1 2 0 17.2 15.5 17.1 15.7 80.0 100 100 20 408 0 144 0 401 401 400 0 0 0 59 50 AUTO_PARK 0 
b.1 2025-06-22 00:23:01.125 a 2025-06-22-00:22:49 068 212 352 0.2 1.7 3.5 16.0 16.0 725.6 0.00 0 0.0 24.8 24.1 24.4 3.627  -42.5   22.5    2.2  15   -5.6   5 0 0 1 1 2 0 17.2 15.7 17.1 15.8 80.0 100 100 20 408 0 144 0 401 401 399 0 0 0 60 50 AUTO_PARK 0 
b.1 2025-06-22 00:24:01.276 a 2025-06-22-00:23:49 093 251 262 0.2 1.7 5.3 16.1 16.3 725.6 0.00 0 0.0 24.6 24.1 24.4 3.627  -45.5   22.5    2.2  15   -5.3   5 0 0 1 1 2 0 17.2 15.9 17.1 16.2 80.0 100 100 20 408 0 144 0 401 401 399 0 0 0 59 50 AUTO_PARK 0 
b.1 2025-06-22 00:25:01.788 a 2025-06-22-00:24:50 111 254 270 0.2 2.9 5.5 16.2 16.9 725.6 0.00 0 0.0 23.5 24.1 24.5 3.627  -45.1   22.5    2.9  15   -5.3   5 0 0 1 1 2 0 17.2 16.2 17.1 16.4 80.0 100 100 20 408 0 143 0 401 401 400 0 0 0 60 50 AUTO_PARK 0 
b.1 2025-06-22 00:26:00.588 a 2025-06-22-00:25:49 087 247 301 0.1 1.9 6.1 16.2 17.4 725.6 0.00 0 0.0 23.4 24.1 24.4 3.627  -46.2   22.5    2.8  15   -5.2   5 0 0 1 1 2 0 17.3 16.5 17.1 16.7 80.0 100 100 20 408 0 144 0 402 401 400 0 0 0 60 50 AUTO_PARK 0 
b.1 2025-06-22 00:27:01.088 a 2025-06-22-00:26:49 125 241 279 0.5 3.5 5.4 16.1 16.8 725.6 0.00 0 0.0 22.4 24.1 24.4 3.627  -47.2   22.4    4.0  15   -5.3   7 0 0 1 1 2 0 17.3 16.5 17.1 16.6 80.0 100 100 20 408 0 143 0 401 401 400 0 0 0 59 50 AUTO_PARK 0 
b.1 2025-06-22 00:28:00.809 a 2025-06-22-00:27:49 186 228 251 0.6 2.6 4.3 15.9 17.1 725.5 0.00 0 0.0 22.2 24.1 24.4 3.626  -45.9   22.4    3.9  15   -5.5   8 0 0 1 1 2 0 17.2 16.4 17.1 16.6 80.0 100 100 20 408 0 144 0 401 401 400 0 0 0 60 50 AUTO_PARK 0 
b.1 2025-06-22 00:29:00.632 a 2025-06-22-00:28:49 112 233 283 0.2 1.6 3.8 15.6 17.9 725.5 0.00 0 0.0 22.6 24.1 24.4 3.627  -43.4   22.3    3.0  15   -5.3   8 0 0 1 1 2 0 17.2 16.5 17.1 16.9 80.0 100 100 20 408 0 143 0 401 401 400 0 0 0 60 50 AUTO_PARK 0 
b.1 2025-06-22 00:30:02.088 a 2025-06-22-00:29:50 290 212 341 0.1 1.7 4.5 15.5 17.8 725.5 0.00 0 0.0 22.8 24.1 24.4 3.626  -43.2   22.4    2.7  15   -5.1   5 0 0 1 1 2 0 17.2 16.6 17.1 16.8 80.0 100 100 20 408 0 144 0 401 401 400 0 0 0 59 50 AUTO_PARK 0 
b.1 2025-06-22 00:31:00.690 a 2025-06-22-00:30:49 063 242 348 0.1 1.2 4.0 15.6 17.6 725.5 0.00 0 0.0 23.4 24.1 24.5 3.626  -43.5   22.3    2.3  16   -5.0   5 0 0 1 1 2 0 17.2 16.5 17.1 16.7 80.0 100 100 20 408 0 143 0 401 401 400 0 0 0 59 50 AUTO_PARK 0 
b.1 2025-06-22 00:32:00.273 a 2025-06-22-00:31:48 101 236 352 0.3 3.1 6.3 15.9 16.6 725.5 0.00 0 0.0 22.5 24.1 24.5 3.626  -44.8   22.3    3.1  15   -5.2   5 0 0 1 1 2 0 17.2 16.5 17.1 16.7 80.0 100 100 20 408 0 144 0 401 402 399 0 0 0 60 50 AUTO_PARK 0 
b.1 2025-06-22 00:33:01.013 a 2025-06-22-00:32:49 042 237 083 0.3 3.1 5.4 15.9 16.4 725.5 0.00 0 0.0 22.0 24.1 24.4 3.627  -45.2   22.3    3.8  15   -5.3   7 0 0 1 1 2 0 17.2 16.4 17.1 16.5 80.0 100 100 20 408 0 143 0 400 401 399 0 0 0 59 50 AUTO_PARK 0 
b.1 2025-06-22 00:34:01.437 a 2025-06-22-00:33:49 119 240 336 0.3 2.2 5.0 15.8 16.2 725.5 0.00 0 0.0 22.1 24.1 24.5 3.626  -47.8   22.3    3.5  15   -5.4   7 0 0 1 1 2 0 17.2 16.0 17.1 16.2 80.0 100 100 20 408 0 143 0 401 401 399 0 0 0 60 50 AUTO_PARK 0 
b.1 2025-06-22 00:35:01.851 a 2025-06-22-00:34:50 073 245 301 0.1 2.1 4.7 15.6 15.8 725.5 0.00 0 0.0 21.9 24.1 24.4 3.627  -44.3   22.2    3.3  15   -5.5   7 0 0 1 1 2 0 17.2 15.8 17.1 16.0 80.0 100 100 20 408 0 143 0 401 401 399 0 0 0 59 50 AUTO_PARK 0 
b.1 2025-06-22 00:36:00.453 a 2025-06-22-00:35:49 023 234 301 0.2 2.4 5.6 15.4 15.7 725.5 0.00 0 0.0 21.9 24.1 24.4 3.632  -45.9   22.2    3.7  15   -5.7   7 0 0 1 1 2 0 17.1 15.6 17.0 15.8 80.0 100 100 20 408 0 143 0 401 401 400 0 0 0 59 50 AUTO_PARK 0 
b.1 2025-06-22 00:37:01.733 a 2025-06-22-00:36:50 099 252 344 0.1 2.9 5.7 15.3 15.6 725.5 0.00 0 0.0 21.4 24.1 24.4 3.626  -45.0   22.1    4.3  15   -5.8   7 0 0 1 1 2 0 17.0 15.5 16.9 15.6 80.0 100 100 20 408 0 144 0 401 401 400 0 0 0 60 50 AUTO_PARK 0 
b.1 2025-06-22 00:38:01.092 a 2025-06-22-00:37:49 126 245 286 0.3 2.9 5.4 15.3 15.7 725.5 0.00 0 0.0 21.3 24.1 24.4 3.628  -46.1   22.1    4.6  15   -5.9   7 0 0 1 1 2 0 17.0 15.2 16.9 15.4 80.0 100 100 20 408 0 143 0 401 401 399 0 0 0 59 50 AUTO_PARK 0 
b.1 2025-06-22 00:39:00.392 a 2025-06-22-00:38:48 147 245 314 0.4 3.2 5.2 15.2 14.9 725.5 0.00 0 0.0 21.0 24.1 24.5 3.634  -44.7   22.0    5.3  15   -6.0   7 0 0 1 1 2 0 17.0 15.1 16.9 15.3 80.0 100 100 20 408 0 144 0 402 401 400 0 0 0 60 50 AUTO_PARK 0 
b.1 2025-06-22 00:40:00.457 a 2025-06-22-00:39:48 119 242 353 0.1 1.4 4.0 15.2 15.7 725.5 0.00 0 0.0 21.4 24.1 24.4 3.626  -43.5   22.0    3.1  15   -6.1   7 0 0 1 1 2 0 17.0 15.0 16.9 15.1 80.0 100 100 20 408 0 144 0 401 401 399 0 0 0 60 50 AUTO_PARK 0 
b.1 2025-06-22 00:41:01.094 a 2025-06-22-00:40:49 061 258 345 0.1 2.1 5.3 15.2 14.8 725.5 0.00 0 0.0 21.6 24.1 24.4 3.628  -44.2   21.9    3.4  15   -6.1   7 0 0 1 1 2 0 17.0 14.8 16.9 15.0 80.0 100 100 20 408 0 143 0 401 401 399 0 0 0 59 50 AUTO_PARK 0 
b.1 2025-06-22 00:42:01.094 a 2025-06-22-00:41:49 125 258 340 0.6 3.3 6.0 15.3 14.7 725.5 0.00 0 0.0 21.3 24.1 24.4 3.633  -47.8   21.9    4.6  15   -6.2   7 0 0 1 1 2 0 17.0 14.6 16.9 14.7 80.0 100 100 20 408 0 144 0 401 401 400 0 0 0 60 50 AUTO_PARK 0 
b.1 2025-06-22 00:43:01.094 a 2025-06-22-00:42:49 102 255 282 0.2 2.6 5.4 15.3 14.1 725.5 0.00 0 0.0 21.1 24.1 24.5 3.626  -45.3   21.9    4.0  14   -6.4   7 0 0 1 1 2 0 17.0 14.0 16.9 14.2 80.0 100 100 20 408 0 143 0 401 401 399 0 0 0 60 50 AUTO_PARK 0 
b.1 2025-06-22 00:44:00.877 a 2025-06-22-00:43:49 106 243 280 0.6 2.9 4.6 15.3 13.8 725.5 0.00 0 0.0 21.0 24.1 24.4 3.627  -46.9   21.9    4.5  14   -6.5   7 0 0 1 1 2 0 17.0 14.0 16.9 14.1 80.0 100 100 20 408 0 144 0 402 401 400 0 0 0 60 50 AUTO_PARK 0 
b.1 2025-06-22 00:45:01.255 a 2025-06-22-00:44:49 123 251 309 0.5 3.4 6.6 15.2 13.5 725.5 0.00 0 0.0 20.5 24.1 24.4 3.627  -47.3   21.8    5.7  14   -6.7   8 0 0 1 1 2 0 17.0 13.5 16.9 13.8 80.0 100 100 20 408 0 143 0 401 401 400 0 0 0 60 50 AUTO_PARK 0 
b.1 2025-06-22 00:46:01.918 a 2025-06-22-00:45:50 196 233 269 1.8 4.5 6.8 15.1 13.3 725.5 0.00 0 0.0 19.9 24.1 24.5 3.627  -48.9   21.8    7.6  14   -6.8  11 0 0 1 1 2 0 16.9 13.5 16.9 13.5 80.0 100 100 20 408 0 143 0 401 401 399 0 0 0 60 50 AUTO_PARK 0 
b.1 2025-06-22 00:47:01.956 a 2025-06-22-00:46:50 028 236 340 0.1 3.2 5.9 15.1 13.7 725.5 0.00 0 0.0 20.0 24.1 24.5 3.627  -44.5   21.7    6.5  14   -6.9  11 0 0 1 1 2 0 16.9 13.1 16.8 13.2 80.0 100 100 20 408 0 143 0 401 401 400 0 0 0 60 50 AUTO_PARK 0 
b.1 2025-06-22 00:48:00.938 a 2025-06-22-00:47:49 107 233 352 0.2 2.9 4.6 15.1 13.5 725.5 0.00 0 0.0 20.1 24.1 24.5 3.626  -44.6   21.7    6.1  14   -6.9  11 0 0 1 1 2 0 16.9 13.3 16.9 13.3 80.0 100 100 20 408 0 144 0 401 401 400 0 0 0 59 50 AUTO_PARK 0 
b.1 2025-06-22 00:49:00.595 a 2025-06-22-00:48:49 110 266 344 0.2 3.2 6.2 15.1 13.5 725.5 0.00 0 0.0 20.1 24.1 24.4 3.633  -46.7   21.6    5.3  14   -7.2   5 0 0 1 1 2 0 16.9 12.7 16.9 13.0 80.0 100 100 20 408 0 144 0 401 401 399 0 0 0 59 50 AUTO_PARK 0 
b.1 2025-06-22 00:50:00.180 a 2025-06-22-00:49:48 295 245 331 0.6 3.9 5.9 15.1 12.5 725.5 0.00 0 0.0 19.9 24.1 24.4 3.627  -49.8   21.6    7.1  14   -7.5   8 0 0 1 1 2 0 16.9 12.3 16.9 12.5 80.0 100 100 20 408 0 144 0 401 401 399 0 0 0 59 50 AUTO_PARK 0 
b.1 2025-06-22 00:51:00.957 a 2025-06-22-00:50:49 130 252 306 0.5 3.0 5.6 15.1 11.8 725.5 0.00 0 0.0 20.0 24.1 24.5 3.627  -45.9   21.6    6.2  13   -7.7   9 0 0 1 1 2 0 16.9 11.7 16.8 11.9 80.0 100 100 20 408 0 144 0 401 401 399 0 0 0 60 50 AUTO_PARK 0 
b.1 2025-06-22 00:52:00.921 a 2025-06-22-00:51:49 253 265 262 0.2 2.7 4.6 15.2 11.8 725.5 0.00 0 0.0 20.2 24.1 24.5 3.627  -44.9   21.5    5.3  13   -7.8   9 0 0 1 1 2 0 16.9 11.6 16.8 11.7 80.0 100 100 20 408 0 144 0 402 401 400 0 0 0 59 50 AUTO_PARK 0 
b.1 2025-06-22 00:53:01.338 a 2025-06-22-00:52:49 070 298 255 0.2 2.2 5.1 15.2 10.4 725.5 0.00 0 0.0 20.4 24.1 24.5 3.627  -45.4   21.5    4.0  13   -8.4   9 0 0 1 1 2 0 16.9 11.3 16.8 11.4 80.0 100 100 20 408 0 143 0 401 402 399 0 0 0 60 50 AUTO_PARK 0 
b.1 2025-06-22 00:54:00.561 a 2025-06-22-00:53:49 116 225 342 0.3 3.0 5.0 15.2 11.3 725.5 0.00 0 0.0 20.5 24.1 24.5 3.628  -47.8   21.5    4.4  13   -8.3   5 0 0 1 1 2 0 16.9 11.2 16.8 11.2 80.0 100 100 20 408 0 143 0 400 402 399 0 0 0 60 50 AUTO_PARK 0 
b.1 2025-06-22 00:55:01.200 a 2025-06-22-00:54:49 123 226 269 0.3 3.5 5.3 15.3 11.6 725.4 0.00 0 0.0 20.0 24.1 24.4 3.633  -48.1   21.5    5.0  13   -8.2  12 0 0 1 1 2 0 16.9 11.2 16.8 11.3 80.0 100 100 20 408 0 143 0 401 401 399 0 0 0 60 50 AUTO_PARK 0 
b.1 2025-06-22 00:56:01.384 a 2025-06-22-00:55:49 104 245 336 0.2 3.2 6.0 15.2 11.6 725.4 0.00 0 0.0 20.0 24.1 24.4 3.626  -46.4   21.4    5.3  13   -8.2   9 0 0 1 1 2 0 16.9 11.1 16.8 11.2 80.0 100 100 20 408 0 143 0 400 401 399 0 0 0 60 50 AUTO_PARK 0 
b.1 2025-06-22 00:57:00.161 a 2025-06-22-00:56:48 297 257 342 0.2 2.7 6.0 15.2 10.6 725.5 0.00 0 0.0 19.8 24.1 24.4 3.624  -45.0   21.4    5.3  13   -8.4   9 0 0 1 1 2 0 17.0 10.7 16.9 10.8 80.0 100 100 20 408 0 117 0 401 401 399 0 0 0 59 50 AUTO_PARK 0 
b.1 2025-06-22 00:58:01.839 a 2025-06-22-00:57:50 090 270 308 0.4 2.4 4.6 15.1 10.6 725.5 0.00 0 0.0 20.1 24.1 24.4 3.633  -44.1   21.4    4.5  12   -8.6   5 0 0 1 1 2 0 16.9 10.4 16.8 10.6 80.0 100 100 20 408 0 117 0 401 401 399 0 0 0 60 50 AUTO_PARK 0 
b.1 2025-06-22 00:58:59.697 a 2025-06-22-00:58:48 092 259 304 0.2 3.1 6.2 15.1 11.3 725.5 0.00 0 0.0 19.9 24.1 24.4 3.627  -44.4   21.4    5.3  12   -8.6  10 0 0 1 1 2 0 16.9 10.4 16.8 10.5 80.0 100 100 20 408 0 105 0 401 401 399 0 0 0 60 50 AUTO_PARK 0 
b.1 2025-06-22 01:00:00.920 a 2025-06-22-00:59:49 297 217 356 0.1 0.9 3.0 15.1 11.8 725.5 0.00 0 0.0 20.5 24.1 24.4 3.627  -44.1   21.4    2.9  12   -8.7   6 0 0 1 1 2 0 16.9 10.5 16.8 10.6 80.0 100 100 20 408 0 108 0 402 401 400 0 0 0 59 50 AUTO_PARK 0 
b.1 2025-06-22 01:01:01.061 a 2025-06-22-01:01:00 128 242 324 0.4 3.1 4.9 15.2 12.0 725.5 0.00 0 0.0 20.4 24.1 24.4 3.631  -45.2   21.4    3.7  13   -8.5  11 0 0 1 1 2 0 16.9 10.7 16.8 10.8 80.0 100 100 20 408 0 109 0 401 401 400 0 0 0 60 50 AUTO_PARK 0 
b.1 2025-06-22 01:02:01.520 a 2025-06-22-01:02:01 100 240 352 0.2 2.7 5.6 15.3 12.3 725.4 0.00 0 0.0 20.2 24.1 24.5 3.626  -48.4   21.4    3.7  13   -8.5   8 0 0 1 1 2 0 16.9 11.4 16.8 11.2 80.0 100 100 20 408 0 144 0 401 401 400 0 0 0 60 50 AUTO_PARK 0 
b.1 2025-06-22 01:03:00.701 a 2025-06-22-01:03:00 212 242 358 0.9 4.3 6.0 15.3 12.9 725.4 0.00 0 0.0 19.6 24.1 24.4 3.626  -48.5   21.4    6.4  13   -8.4  11 0 0 1 1 2 0 16.9 11.3 16.8 11.4 80.0 100 100 20 408 0 144 0 401 401 399 0 0 0 59 50 AUTO_PARK 0 
b.1 2025-06-22 01:04:00.043 a 2025-06-22-01:03:59 052 243 350 0.4 3.3 6.3 15.1 13.9 725.4 0.00 0 0.0 19.4 24.1 24.4 3.627  -46.6   21.3    6.0  13   -8.2  11 0 0 1 1 2 0 16.8 11.9 16.8 12.0 80.0 100 100 20 408 0 143 0 400 401 399 0 0 0 59 50 AUTO_PARK 0 
b.1 2025-06-22 01:05:00.740 a 2025-06-22-01:05:00 101 245 299 0.3 2.9 6.6 15.0 14.3 725.4 0.00 0 0.0 19.3 24.1 24.4 3.626  -44.7   21.2    5.1  13   -8.1  11 0 0 1 1 2 0 16.8 12.4 16.7 12.5 80.0 100 100 20 408 0 144 0 401 401 399 0 0 0 60 50 AUTO_PARK 0 
b.1 2025-06-22 01:06:01.479 a 2025-06-22-01:06:01 106 236 270 0.2 2.7 5.6 14.9 14.6 725.4 0.00 0 0.0 19.5 24.1 24.4 3.627  -46.2   21.2    4.7  13   -7.9   5 0 0 1 1 2 0 16.8 12.7 16.7 13.0 80.0 100 100 20 408 0 143 0 401 401 400 0 0 0 59 50 AUTO_PARK 0 
b.1 2025-06-22 01:07:01.460 a 2025-06-22-01:07:01 139 243 270 1.0 4.0 5.6 14.9 15.2 725.4 0.00 0 0.0 19.1 24.1 24.5 3.626  -50.3   21.1    6.4  13   -7.9  13 0 0 1 1 2 0 16.8 13.1 16.7 13.1 80.0 100 100 20 408 0 143 0 401 401 399 0 0 0 60 50 AUTO_PARK 0 
b.1 2025-06-22 01:08:01.280 a 2025-06-22-01:08:01 113 240 298 0.2 2.8 5.3 14.8 15.9 725.4 0.00 0 0.0 19.1 24.1 24.4 3.626  -44.9   21.1    4.6  14   -7.6  11 0 0 1 1 2 0 16.8 13.5 16.7 13.5 80.0 100 100 20 408 0 143 0 400 401 399 0 0 0 60 50 AUTO_PARK 0 
b.1 2025-06-22 01:09:01.144 a 2025-06-22-01:09:00 123 225 296 0.4 3.3 5.5 14.8 16.2 725.4 0.00 0 0.0 19.1 24.1 24.5 3.627  -48.1   21.1    5.2  14   -7.5  11 0 0 1 1 2 0 16.8 13.7 16.7 13.9 80.0 100 100 20 408 0 143 0 401 401 400 0 0 0 60 50 AUTO_PARK 0 
b.1 2025-06-22 01:10:01.003 a 2025-06-22-01:10:00 129 237 313 0.6 3.5 6.4 14.8 16.6 725.4 0.00 0 0.0 18.8 24.1 24.5 3.626  -44.8   21.1    5.9  14   -7.5  11 0 0 1 1 2 0 16.8 14.2 16.7 14.3 80.0 100 100 20 408 0 143 0 401 401 400 0 0 0 60 50 AUTO_PARK 0 
b.1 2025-06-22 01:11:01.523 a 2025-06-22-01:11:01 291 262 319 0.2 2.0 5.2 14.8 17.1 725.4 0.00 0 0.0 19.2 24.1 24.4 3.633  -44.2   21.1    4.1  14   -7.0   5 0 0 1 1 2 0 16.8 14.6 16.7 14.8 80.0 100 100 20 408 0 143 0 401 401 400 0 0 0 60 50 AUTO_PARK 0 
b.1 2025-06-22 01:12:01.522 a 2025-06-22-01:12:01 116 247 300 0.3 2.2 4.6 14.9 17.7 725.4 0.00 0 0.0 19.5 24.1 24.4 3.627  -44.5   21.1    3.9  15   -6.8   5 0 0 1 1 2 0 16.8 15.1 16.7 15.4 80.0 100 100 20 408 0 143 0 401 401 400 0 0 0 60 50 AUTO_PARK 0 
b.1 2025-06-22 01:13:00.884 a 2025-06-22-01:13:00 099 230 278 0.1 2.3 5.2 14.9 17.6 725.4 0.00 0 0.0 19.5 24.1 24.4 3.626  -46.2   21.2    3.9  15   -6.4  12 0 0 1 1 2 0 16.8 15.7 16.6 15.8 80.0 100 100 20 408 0 143 0 401 401 399 0 0 0 60 50 AUTO_PARK 0 
b.1 2025-06-22 01:14:02.042 a 2025-06-22-01:14:01 158 244 283 0.6 3.3 5.6 14.9 17.5 725.4 0.00 0 0.0 19.1 24.1 24.4 3.633  -47.6   21.1    4.9  15   -6.5   9 0 0 1 1 2 0 16.7 15.8 16.6 16.0 80.0 100 100 20 408 0 143 0 401 401 399 0 0 0 60 50 AUTO_PARK 0 
b.1 2025-06-22 01:15:02.043 a 2025-06-22-01:15:01 113 261 290 0.3 3.5 5.7 14.8 18.2 725.4 0.00 0 0.0 18.8 24.1 24.4 3.627  -51.5   21.1    6.1  15   -6.4  10 0 0 1 1 2 0 16.7 16.1 16.6 16.4 80.0 100 100 20 408 0 143 0 401 401 400 0 0 0 59 50 AUTO_PARK 0 
b.1 2025-06-22 01:16:01.345 a 2025-06-22-01:16:01 115 273 280 0.4 2.6 5.4 14.7 18.9 725.4 0.00 0 0.0 18.7 24.1 24.4 3.627  -46.2   21.1    5.3  15   -6.2  11 0 0 1 1 2 0 16.7 16.6 16.6 16.8 80.0 100 100 20 408 0 143 0 401 401 399 0 0 0 60 50 AUTO_PARK 0 
b.1 2025-06-22 01:17:00.703 a 2025-06-22-01:17:00 199 270 354 0.7 3.5 5.9 14.6 20.4 725.4 0.00 0 0.0 18.6 24.1 24.4 3.627  -46.7   21.1    7.5  16   -6.1  11 0 0 1 1 2 0 16.6 17.0 16.5 17.3 80.0 100 100 20 408 0 143 0 401 401 400 0 0 0 60 50 AUTO_PARK 0 
b.1 2025-06-22 01:18:00.782 a 2025-06-22-01:18:00 072 254 349 0.3 2.5 5.1 14.5 20.8 725.4 0.00 0 0.0 18.5 24.1 24.5 3.627  -44.6   21.0    5.8  16   -5.7   0 0 0 1 1 2 0 16.6 17.8 16.5 18.0 80.0 100 100 20 408 0 103 0 402 401 400 0 0 0 59 50 AUTO_PARK 0 
b.1 2025-06-22 01:18:59.882 a 2025-06-22-01:18:59 013 243 074 0.1 1.8 4.9 14.5 21.2 725.4 0.00 0 0.0 18.9 24.1 24.4 3.626  -44.6   21.0    4.0  16   -5.4   5 0 0 1 1 2 0 16.6 18.4 16.5 18.6 80.0 100 100 20 408 0 118 0 401 401 400 0 0 0 59 50 AUTO_PARK 0 
b.1 2025-06-22 01:20:02.243 a 2025-06-22-01:20:02 088 255 351 0.2 3.2 6.7 14.4 21.5 725.4 0.00 0 0.0 18.5 24.1 24.4 3.627  -45.7   20.9    5.4  17   -5.3  12 0 0 1 1 2 0 16.6 19.0 16.5 19.3 80.0 100 100 20 408 0 128 0 401 401 400 0 0 0 59 50 AUTO_PARK 0 
b.1 2025-06-22 01:21:01.266 a 2025-06-22-01:21:01 206 256 295 0.6 3.2 6.5 14.4 21.5 725.4 0.00 0 0.0 18.4 24.1 24.5 3.633  -44.5   20.8    6.2  17   -5.3   9 0 0 1 1 2 0 16.5 19.4 16.4 19.6 80.0 100 100 20 408 0 143 0 401 401 399 0 0 0 59 50 AUTO_PARK 0 
b.1 2025-06-22 01:22:02.203 a 2025-06-22-01:22:02 104 251 310 0.4 3.5 6.5 14.4 21.5 725.4 0.00 0 0.0 18.1 24.1 24.4 3.633  -45.5   20.8    6.4  17   -5.2  10 0 0 1 1 2 0 16.5 19.7 16.4 19.9 80.0 100 100 20 408 0 143 0 400 402 399 0 0 0 60 50 AUTO_PARK 0 
b.1 2025-06-22 01:23:00.904 a 2025-06-22-01:23:00 123 234 310 0.2 1.9 4.1 14.3 22.3 725.4 0.00 0 0.0 18.3 24.1 24.5 3.627  -44.9   20.7    4.0  17   -4.9  10 0 0 1 1 2 0 16.5 19.9 16.4 20.1 80.0 100 100 20 408 0 143 0 401 401 399 0 0 0 59 50 AUTO_PARK 0 
b.1 2025-06-22 01:24:01.848 a 2025-06-22-01:24:01 113 219 347 0.3 2.3 4.2 14.3 23.0 725.3 0.00 0 0.0 18.6 24.1 24.4 3.633  -48.2   20.6    3.5  17   -4.9  10 0 0 1 1 2 0 16.5 20.1 16.4 20.4 80.0 100 100 20 408 0 143 0 400 402 399 0 0 0 59 50 AUTO_PARK 0 
b.1 2025-06-22 01:25:01.605 a 2025-06-22-01:25:01 028 192 256 0.2 2.3 5.1 14.4 22.4 725.4 0.00 0 0.0 18.6 24.1 24.4 3.627  -43.7   20.6    3.2  17   -4.9   5 0 0 1 1 2 0 16.5 20.3 16.4 20.6 80.0 100 100 20 408 0 143 0 401 402 399 0 0 0 59 50 AUTO_PARK 0 
b.1 2025-06-22 01:26:00.309 a 2025-06-22-01:26:00 075 198 271 0.3 2.2 6.6 14.5 22.5 725.4 0.00 0 0.0 18.8 24.1 24.5 3.627  -49.5   20.5    3.1  18   -4.3   5 0 0 1 1 2 0 16.5 20.6 16.5 20.8 80.0 100 100 20 408 0 143 0 401 401 400 0 0 0 60 50 AUTO_PARK 0 
b.1 2025-06-22 01:27:00.907 a 2025-06-22-01:27:00 110 250 000 0.3 3.0 5.8 14.6 22.2 725.4 0.00 0 0.0 18.6 24.1 24.5 3.633  -46.1   20.6    3.6  18   -4.4   8 0 0 1 1 2 0 16.6 20.6 16.5 20.9 80.0 100 100 20 408 0 143 0 401 401 400 0 0 0 59 50 AUTO_PARK 0 
b.1 2025-06-22 01:28:01.325 a 2025-06-22-01:28:01 096 245 283 0.4 3.0 5.4 14.7 21.9 725.4 0.00 0 0.0 18.5 24.1 24.4 3.627  -47.4   20.6    4.0  18   -4.3  10 0 0 1 1 2 0 16.6 20.6 16.5 20.8 80.0 100 100 20 408 0 143 0 400 401 399 0 0 0 59 50 AUTO_PARK 0 
b.1 2025-06-22 01:29:01.789 a 2025-06-22-01:29:01 129 247 310 0.7 3.7 7.1 14.7 21.3 725.4 0.00 0 0.0 18.1 24.1 24.4 3.627  -49.1   20.6    5.3  18   -4.4  10 0 0 1 1 2 0 16.6 20.5 16.5 20.8 80.0 100 100 20 408 0 143 0 401 401 400 0 0 0 59 50 AUTO_PARK 0 
b.1 2025-06-22 01:30:00.706 a 2025-06-22-01:30:00 107 242 289 0.3 2.4 5.0 14.6 21.3 725.4 0.00 0 0.0 18.2 24.1 24.5 3.627  -46.4   20.5    4.2  18   -4.4  10 0 0 1 1 2 0 16.5 20.4 16.4 20.7 80.0 100 100 20 408 0 143 0 401 401 400 0 0 0 59 50 AUTO_PARK 0 
b.1 2025-06-22 01:31:01.486 a 2025-06-22-01:31:01 077 242 249 0.2 2.1 4.3 14.6 21.3 725.4 0.00 0 0.0 18.3 24.1 24.5 3.627  -45.9   20.5    3.5  18   -4.4   0 0 0 1 1 2 0 16.5 20.3 16.4 20.6 80.0 100 100 20 408 0 143 0 401 401 400 0 0 0 59 50 AUTO_PARK 0 
b.1 2025-06-22 01:32:01.444 a 2025-06-22-01:32:01 090 255 329 0.2 2.4 5.3 14.5 21.9 725.4 0.00 0 0.0 18.3 24.1 24.4 3.627  -46.9   20.5    3.8  19   -4.2   5 0 0 1 1 2 0 16.5 20.4 16.4 20.7 80.0 100 100 20 408 0 143 0 401 402 399 0 0 0 59 50 AUTO_PARK 0 
b.1 2025-06-22 01:33:01.447 a 2025-06-22-01:33:01 112 247 355 0.3 2.3 6.6 14.6 22.2 725.4 0.00 0 0.0 18.4 24.1 24.5 3.626  -44.9   20.5    3.3  19   -4.0   7 0 0 1 1 2 0 16.5 20.6 16.3 20.9 80.0 100 100 20 408 0 143 0 401 401 400 0 0 0 59 50 AUTO_PARK 0 
b.1 2025-06-22 01:34:00.286 a 2025-06-22-01:34:00 074 232 343 0.1 2.4 5.5 14.7 22.3 725.3 0.00 0 0.0 18.5 24.1 24.5 3.627  -45.6   20.4    3.2  19   -4.0  11 0 0 1 1 2 0 16.5 20.8 16.3 21.1 80.0 100 100 20 408 0 143 0 401 401 400 0 0 0 59 50 AUTO_PARK 0 
b.1 2025-06-22 01:35:00.746 a 2025-06-22-01:35:00 108 229 295 0.1 2.1 5.0 14.8 22.7 725.4 0.00 0 0.0 18.5 24.1 24.4 3.628  -43.8   20.4    2.9  19   -4.0   8 0 0 1 1 2 0 16.5 20.9 16.4 21.3 80.0 100 100 20 408 0 143 0 401 401 400 0 0 0 59 50 AUTO_PARK 0 
b.1 2025-06-22 01:35:59.907 a 2025-06-22-01:35:59 026 225 063 0.2 2.7 5.1 14.8 22.8 725.4 0.00 0 0.0 18.5 24.1 24.5 3.627  -46.5   20.4    3.0  19   -3.8   8 0 0 1 1 2 0 16.5 21.2 16.4 21.5 80.0 100 100 20 408 0 143 0 401 401 400 0 0 0 59 50 AUTO_PARK 0 
b.1 2025-06-22 01:37:01.147 a 2025-06-22-01:37:00 046 256 287 0.4 3.3 6.6 14.9 22.5 725.4 0.00 0 0.0 18.3 24.1 24.4 3.633  -47.8   20.4    4.0  19   -3.7  13 0 0 1 1 2 0 16.5 21.3 16.4 21.6 80.0 100 100 20 408 0 143 0 402 401 400 0 0 0 59 50 AUTO_PARK 0 
b.1 2025-06-22 01:38:01.286 a 2025-06-22-01:38:01 099 247 344 0.4 3.2 6.8 14.9 21.3 725.4 0.00 0 0.0 17.9 24.1 24.4 3.626  -48.1   20.4    4.7  19   -3.8  10 0 0 1 1 2 0 16.5 21.0 16.4 21.3 80.0 100 100 20 408 0 143 0 401 401 400 0 0 0 59 50 AUTO_PARK 0 
b.1 2025-06-22 01:39:01.390 a 2025-06-22-01:39:01 110 258 324 0.4 4.2 6.8 14.7 21.7 725.4 0.00 0 0.0 17.4 24.1 24.5 3.626  -49.8   20.4    6.8  19   -3.9  11 0 0 1 1 2 0 16.5 20.8 16.4 21.1 80.0 100 100 20 408 0 144 0 400 401 399 0 0 0 59 50 AUTO_PARK 0 
b.1 2025-06-22 01:40:01.490 a 2025-06-22-01:40:01 002 261 092 0.3 3.1 6.4 14.5 21.6 725.3 0.00 0 0.0 17.2 24.1 24.4 3.635  -48.0   20.4    6.4  19   -3.9  11 0 0 1 1 2 0 16.4 20.6 16.3 21.0 80.0 100 100 20 408 0 144 0 401 401 399 0 0 0 59 50 AUTO_PARK 0 
b.1 2025-06-22 01:41:00.927 a 2025-06-22-01:41:00 064 235 305 0.4 3.4 5.6 14.3 22.2 725.3 0.00 0 0.0 17.1 24.1 24.5 3.627  -49.7   20.3    6.1  19   -4.0  11 0 0 1 1 2 0 16.4 20.7 16.2 21.0 80.0 100 100 20 408 0 144 0 401 401 400 0 0 0 59 50 AUTO_PARK 0 
b.1 2025-06-22 01:42:00.145 a 2025-06-22-01:41:59 088 232 337 0.2 2.9 5.9 14.2 22.8 725.3 0.00 0 0.0 17.3 24.1 24.4 3.627  -47.6   20.2    4.7  19   -4.0   5 0 0 1 1 2 0 16.3 20.9 16.2 21.1 80.0 100 100 20 408 0 144 0 400 401 399 0 0 0 59 50 AUTO_PARK 0 
b.1 2025-06-22 01:43:01.348 a 2025-06-22-01:43:01 106 224 259 0.3 4.6 6.9 14.2 22.6 725.3 0.00 0 0.0 16.9 24.1 24.4 3.632  -49.9   20.1    7.3  19   -4.2  12 0 0 1 1 2 0 16.3 21.0 16.2 21.3 80.0 100 100 20 408 0 143 0 401 401 400 0 0 0 59 50 AUTO_PARK 0 
b.1 2025-06-22 01:44:00.608 a 2025-06-22-01:44:00 126 226 269 0.4 4.7 7.1 14.1 23.1 725.3 0.00 0 0.0 16.5 24.1 24.4 3.628  -49.8   20.1    9.5  19   -4.3  18 0 0 1 1 2 0 16.3 21.0 16.2 21.3 80.0 100 100 20 408 0 143 0 401 401 400 0 0 0 59 50 AUTO_PARK 0 
b.1 2025-06-22 01:45:01.687 a 2025-06-22-01:45:01 106 246 288 0.4 4.4 7.9 14.0 23.1 725.3 0.00 0 0.0 16.3 24.1 24.5 3.627  -47.9   20.0   11.2  19   -4.1  14 0 0 1 1 2 0 16.3 21.3 16.2 21.6 80.0 100 100 20 408 0 143 0 401 401 399 0 0 0 59 50 AUTO_PARK 0 
b.1 2025-06-22 01:46:01.089 a 2025-06-22-01:46:00 161 246 291 0.4 3.8 7.4 13.9 24.0 725.3 0.00 0 0.0 16.3 24.1 24.5 3.627  -47.9   20.0    9.2  19   -4.1   5 0 0 1 1 2 0 16.3 21.5 16.1 21.8 80.0 100 100 20 408 0 143 0 401 401 399 0 0 0 59 50 AUTO_PARK 0 
b.1 2025-06-22 01:47:00.388 a 2025-06-22-01:47:00 140 238 282 0.3 4.4 7.3 13.8 24.2 725.3 0.00 0 0.0 16.1 24.1 24.5 3.627  -50.0   19.9   10.5  19   -4.1  12 0 0 1 1 2 0 16.2 21.8 16.1 22.2 80.0 100 100 20 408 0 143 0 401 401 400 0 0 0 59 50 AUTO_PARK 0 
b.1 2025-06-22 01:48:01.368 a 2025-06-22-01:48:01 118 239 347 0.5 3.8 6.3 13.8 24.0 725.3 0.00 0 0.0 16.2 24.1 24.4 3.626  -49.0   19.8    9.8  20   -4.1  13 0 0 1 1 2 0 16.2 22.0 16.1 22.3 80.0 100 100 20 408 0 143 0 401 401 399 0 0 0 60 50 AUTO_PARK 0 
b.1 2025-06-22 01:49:01.229 a 2025-06-22-01:49:00 121 229 269 0.2 2.6 6.1 13.8 24.4 725.3 0.00 0 0.0 16.5 24.1 24.4 3.634  -46.3   19.8    5.9  20   -4.0  13 0 0 1 1 2 0 16.2 22.1 16.0 22.4 80.0 100 100 20 408 0 143 0 401 401 399 0 0 0 59 50 AUTO_PARK 0 
b.1 2025-06-22 01:50:01.907 a 2025-06-22-01:50:01 066 219 239 0.1 2.4 6.8 13.9 24.8 725.2 0.00 0 0.0 16.6 24.1 24.5 3.628  -44.6   19.8    4.4  20   -3.8   5 0 0 1 1 2 0 16.2 22.2 16.1 22.5 80.0 100 100 20 408 0 143 0 401 401 399 0 0 0 60 50 AUTO_PARK 0 
b.1 2025-06-22 01:51:00.512 a 2025-06-22-01:51:00 002 231 104 0.2 4.0 8.1 14.0 24.1 725.2 0.00 0 0.0 16.5 24.1 24.4 3.627  -47.4   19.8    6.2  20   -3.5  12 0 0 1 1 2 0 16.2 22.4 16.0 22.7 80.0 100 100 20 408 0 143 0 401 401 400 0 0 0 59 50 AUTO_PARK 0 
b.1 2025-06-22 01:52:00.289 a 2025-06-22-01:52:00 165 238 291 0.2 3.9 7.0 14.0 24.1 725.2 0.00 0 0.0 16.4 24.1 24.4 3.635  -48.9   19.7    7.0  20   -3.7  11 0 0 1 1 2 0 16.1 22.5 16.0 22.8 80.0 100 100 20 408 0 143 0 401 401 399 0 0 0 59 50 AUTO_PARK 0 
b.1 2025-06-22 01:53:01.592 a 2025-06-22-01:53:01 115 235 273 0.7 5.0 7.9 14.0 24.1 725.2 0.00 0 0.0 16.1 24.1 24.4 3.633  -49.5   19.6    9.6  20   -3.9  14 0 0 1 1 2 0 16.1 22.6 16.0 22.9 80.0 100 100 20 408 0 143 0 402 401 400 0 0 0 59 50 AUTO_PARK 0 
b.1 2025-06-22 01:54:01.209 a 2025-06-22-01:54:01 115 240 297 0.1 3.6 6.5 14.0 23.7 725.3 0.00 0 0.0 16.1 24.1 24.4 3.627  -47.0   19.6    7.8  20   -3.9  14 0 0 1 1 2 0 16.1 22.4 16.0 22.8 80.0 100 100 20 408 0 143 0 401 401 400 0 0 0 60 50 AUTO_PARK 0 
b.1 2025-06-22 01:55:01.210 a 2025-06-22-01:55:00 211 236 273 0.8 5.5 8.3 13.9 24.0 725.2 0.00 0 0.0 15.9 24.1 24.4 3.627  -50.6   19.5   12.1  20   -4.0  14 0 0 1 1 2 0 16.1 22.4 16.0 22.7 80.0 100 100 20 408 0 143 0 401 401 400 0 0 0 60 50 AUTO_PARK 0 
b.1 2025-06-22 01:56:00.990 a 2025-06-22-01:56:00 115 239 273 1.1 4.6 7.1 13.8 23.8 725.2 0.00 0 0.0 15.8 24.1 24.4 3.626  -51.2   19.5   12.0  20   -4.1  14 0 0 1 1 2 0 16.1 22.4 16.0 22.7 80.0 100 100 20 408 0 143 0 401 401 400 0 0 0 60 50 AUTO_PARK 0 
b.1 2025-06-22 01:56:59.832 a 2025-06-22-01:56:59 119 238 291 0.5 3.6 7.3 13.8 23.7 725.2 0.00 0 0.0 15.9 24.1 24.4 3.627  -46.6   19.5    7.6  20   -3.9   0 0 0 1 1 2 0 16.1 22.4 16.0 22.7 80.0 100 100 20 408 0 143 0 401 401 400 0 0 0 60 50 AUTO_PARK 0 
b.1 2025-06-22 01:58:00.250 a 2025-06-22-01:57:59 101 243 282 0.7 4.6 8.5 13.8 24.3 725.2 0.00 0 0.0 15.9 24.1 24.5 3.627  -48.4   19.4   10.5  20   -3.9  11 0 0 1 1 2 0 16.1 22.4 16.0 22.7 80.0 100 100 20 408 0 143 0 401 401 399 0 0 0 60 50 AUTO_PARK 0 
b.1 2025-06-22 01:59:00.569 a 2025-06-22-01:59:00 190 238 279 0.7 4.9 6.9 13.8 24.0 725.2 0.00 0 0.0 15.8 24.1 24.4 3.626  -48.6   19.4   11.4  20   -4.0  17 0 0 1 1 2 0 16.0 22.4 16.0 22.7 80.0 100 100 20 408 0 143 0 401 401 400 0 0 0 60 50 AUTO_PARK 0 
b.1 2025-06-22 02:00:01.812 a 2025-06-22-02:00:01 099 243 266 0.4 3.9 7.6 13.8 24.1 725.2 0.00 0 0.0 15.7 24.1 24.4 3.627  -46.1   19.4    9.2  20   -3.9  14 0 0 1 1 2 0 16.1 22.4 16.0 22.7 80.0 100 100 20 408 0 143 0 401 401 400 0 0 0 59 50 AUTO_PARK 0 
b.1 2025-06-22 02:01:02.094 a 2025-06-22-02:01:01 005 241 127 0.3 4.1 8.0 13.8 24.2 725.2 0.00 0 0.0 15.7 24.1 24.5 3.627  -46.1   19.3    9.4  21   -3.7  14 0 0 1 1 2 0 16.0 22.5 15.9 22.8 80.0 100 100 20 408 0 143 0 401 401 400 0 0 0 59 50 AUTO_PARK 0 
b.1 2025-06-22 02:02:00.970 a 2025-06-22-02:02:00 134 239 308 0.4 4.4 7.1 13.8 24.2 725.2 0.00 0 0.0 15.6 24.1 24.4 3.627  -48.4   19.3    9.3  21   -3.7   5 0 0 1 1 2 0 16.0 22.6 15.9 22.9 80.0 100 100 20 408 0 143 0 402 401 400 0 0 0 60 50 AUTO_PARK 0 
b.1 2025-06-22 02:03:00.828 a 2025-06-22-02:03:00 107 246 273 0.3 3.7 6.9 13.7 24.3 725.2 0.00 0 0.0 15.6 24.1 24.4 3.628  -47.5   19.2    8.2  21   -3.6  12 0 0 1 1 2 0 16.0 22.6 15.9 22.9 80.0 100 100 20 408 0 143 0 401 401 399 0 0 0 59 50 AUTO_PARK 0 
b.1 2025-06-22 02:04:00.892 a 2025-06-22-02:04:00 092 253 293 0.4 3.3 7.8 13.7 24.3 725.2 0.00 0 0.0 15.6 24.1 24.4 3.627  -46.3   19.2    7.9  21   -3.6  10 0 0 1 1 2 0 16.0 22.6 15.9 22.9 80.0 100 100 20 408 0 143 0 401 401 399 0 0 0 60 50 AUTO_PARK 0 
b.1 2025-06-22 02:05:00.892 a 2025-06-22-02:05:00 156 258 303 0.3 3.8 6.6 13.7 24.0 725.2 0.00 0 0.0 15.5 24.1 24.4 3.634  -47.9   19.1    7.6  21   -3.6  12 0 0 1 1 2 0 15.9 22.6 15.8 22.9 80.0 100 100 20 408 0 143 0 401 401 399 0 0 0 59 50 AUTO_PARK 0 
b.1 2025-06-22 02:06:01.414 a 2025-06-22-02:06:01 041 251 077 0.3 3.6 6.5 13.7 24.2 725.2 0.00 0 0.0 15.5 24.1 24.5 3.627  -48.4   19.1    7.5  21   -3.6  12 0 0 1 1 2 0 15.8 22.6 15.7 22.9 80.0 100 100 20 408 0 143 0 401 401 400 0 0 0 59 50 AUTO_PARK 0 
b.1 2025-06-22 02:07:01.836 a 2025-06-22-02:07:01 040 240 056 0.3 3.7 6.9 13.6 24.4 725.2 0.00 0 0.0 15.5 24.1 24.4 3.626  -47.0   19.0    7.2  21   -3.6  12 0 0 1 1 2 0 15.8 22.7 15.7 23.1 80.0 100 100 20 408 0 143 0 401 401 400 0 0 0 60 50 AUTO_PARK 0 
b.1 2025-06-22 02:08:00.631 a 2025-06-22-02:08:00 114 239 308 0.4 3.0 6.5 13.6 24.8 725.2 0.00 0 0.0 15.6 24.1 24.4 3.633  -48.3   19.0    5.8  21   -3.6  12 0 0 1 1 2 0 15.8 22.8 15.7 23.1 80.0 100 100 20 408 0 143 0 401 401 399 0 0 0 60 50 AUTO_PARK 0 
b.1 2025-06-22 02:09:01.733 a 2025-06-22-02:09:01 101 233 274 0.2 3.8 8.0 13.7 25.0 725.1 0.00 0 0.0 15.5 24.1 24.5 3.628  -46.9   18.9    6.9  21   -3.8  12 0 0 1 1 2 0 15.8 22.9 15.7 23.2 80.0 100 100 20 408 0 143 0 401 401 400 0 0 0 60 50 AUTO_PARK 0 
b.1 2025-06-22 02:10:00.191 a 2025-06-22-02:09:59 143 245 277 0.7 4.2 7.4 13.7 24.4 725.1 0.00 0 0.0 15.4 24.1 24.4 3.626  -49.9   18.9    7.8  21   -3.6  12 0 0 1 1 2 0 15.8 22.9 15.7 23.2 80.0 100 100 20 408 0 143 0 401 401 400 0 0 0 60 50 AUTO_PARK 0 
b.1 2025-06-22 02:11:01.392 a 2025-06-22-02:11:01 112 239 291 0.5 4.2 7.8 13.7 24.6 725.1 0.00 0 0.0 15.3 24.1 24.4 3.628  -49.1   18.9    8.2  21   -3.7  12 0 0 1 1 2 0 15.8 22.9 15.7 23.2 80.0 100 100 20 408 0 143 0 401 402 399 0 0 0 60 50 AUTO_PARK 0 
b.1 2025-06-22 02:12:00.236 a 2025-06-22-02:12:00 202 236 267 1.1 5.8 7.8 13.7 24.7 725.1 0.00 0 0.0 15.1 24.1 24.4 3.628  -48.6   18.9   12.7  21   -3.9  13 0 0 1 1 2 0 15.8 23.0 15.7 23.3 80.0 100 100 20 408 0 143 0 401 402 399 0 0 0 60 50 AUTO_PARK 0 
b.1 2025-06-22 02:13:01.213 a 2025-06-22-02:13:00 120 237 294 0.8 4.1 7.4 13.6 25.0 725.2 0.00 0 0.0 15.0 24.1 24.5 3.627  -48.9   18.8   10.1  21   -3.9  13 0 0 1 1 2 0 15.7 23.1 15.7 23.4 80.0 100 100 20 408 0 143 0 402 401 400 0 0 0 60 50 AUTO_PARK 0 
b.1 2025-06-22 02:14:00.114 a 2025-06-22-02:13:59 205 238 283 0.7 5.2 8.8 13.5 23.8 725.1 0.00 0 0.0 15.0 24.1 24.5 3.627  -48.8   18.8   11.8  21   -3.9  13 0 0 1 1 2 0 15.8 23.1 15.7 23.3 80.0 100 100 20 408 0 143 0 401 402 400 0 0 0 60 50 AUTO_PARK 0 
b.1 2025-06-22 02:15:01.276 a 2025-06-22-02:15:01 191 240 267 1.3 5.7 8.8 13.4 24.2 725.1 0.00 0 0.0 14.9 24.0 24.5 3.627  -51.1   18.7   15.1  21   -4.0  14 0 0 1 2 2 0 15.7 22.9 15.7 23.1 80.0 100 100 20 408 0 144 0 401 401 400 0 0 0 60 50 AUTO_PARK 0 
b.1 2025-06-22 02:16:00.575 a 2025-06-22-02:16:00 166 239 299 0.5 5.2 8.8 13.4 24.3 725.1 0.00 0 0.0 14.9 24.0 24.5 3.628  -45.6   18.7   13.7  21   -4.0  14 0 0 1 1 2 0 15.7 22.8 15.6 23.1 80.0 100 100 20 408 0 144 0 401 401 399 0 0 0 60 50 AUTO 0 
b.1 2025-06-22 02:17:01.035 a 2025-06-22-02:17:00 074 244 354 0.6 4.5 7.3 13.3 24.1 725.1 0.00 0 0.0 15.0 24.1 24.5 3.626  -47.4   18.6   12.7  21   -4.0  14 0 0 1 1 2 0 15.7 22.8 15.6 23.0 80.0 100 100 20 408 0 144 0 401 401 400 0 0 0 60 50 AUTO 0 
b.1 2025-06-22 02:18:01.112 a 2025-06-22-02:18:00 175 241 278 1.2 5.6 8.6 13.2 24.0 725.1 0.00 0 0.0 14.9 23.8 23.4 3.633  -47.9   18.6   15.4  21   -4.1  14 0 0 1 2 2 0 15.6 22.7 15.6 23.0 80.0 100 100 20 408 0 144 0 401 401 400 0 0 0 60 50 AUTO 0 
b.1 2025-06-22 02:19:00.415 a 2025-06-22-02:19:00 175 237 293 0.6 4.5 8.4 13.3 24.6 725.1 0.00 0 0.0 15.0 24.1 24.5 3.627  -49.3   18.5   12.8  21   -4.0  14 0 0 1 1 2 0 15.6 22.7 15.5 23.0 80.0 100 100 20 408 0 143 0 401 401 399 0 0 0 59 50 AUTO 0 
b.1 2025-06-22 02:20:00.834 a 2025-06-22-02:20:00 138 242 280 0.7 5.8 8.4 13.3 24.1 725.1 0.00 0 0.0 15.0 24.1 24.5 3.628  -49.7   18.5   16.3  21   -4.1  14 0 0 1 2 2 0 15.6 22.8 15.5 23.0 80.0 100 100 20 408 0 143 0 401 402 400 0 0 0 60 50 AUTO 0 
b.1 2025-06-22 02:21:01.437 a 2025-06-22-02:21:01 139 244 286 0.8 4.7 8.6 13.3 24.7 725.1 0.00 0 0.0 15.0 24.1 24.4 3.627  -47.0   18.4   12.8  21   -4.1  14 0 0 1 1 2 0 15.6 22.8 15.5 23.0 80.0 100 100 20 408 0 143 0 401 402 400 0 0 0 59 50 AUTO 0 
b.1 2025-06-22 02:22:00.694 a 2025-06-22-02:22:00 176 241 278 1.1 4.8 7.7 13.2 24.8 725.0 0.00 0 0.0 15.0 23.9 23.4 3.634  -47.1   18.4   12.6  21   -4.1  14 0 0 1 1 2 0 15.5 22.8 15.5 23.1 80.0 100 100 20 408 0 143 0 401 402 399 0 0 0 59 50 AUTO 0 
b.1 2025-06-22 02:23:01.714 a 2025-06-22-02:23:01 105 240 286 0.8 4.2 7.2 13.2 24.6 725.0 0.00 0 0.0 14.9 24.1 24.5 3.627  -47.2   18.4   11.2  21   -4.0   5 0 0 1 1 2 0 15.5 22.9 15.4 23.2 80.0 100 100 20 408 0 143 0 400 401 399 0 0 0 59 50 AUTO 0 
b.1 2025-06-22 02:24:01.716 a 2025-06-22-02:24:01 202 239 279 0.7 5.0 8.1 13.2 24.0 725.0 0.00 0 0.0 15.0 24.1 24.4 3.626  -49.5   18.3   12.4  21   -4.1  13 0 0 1 1 2 0 15.5 22.9 15.4 23.3 80.0 100 100 20 408 0 143 0 400 402 399 0 0 0 60 50 AUTO 0 
b.1 2025-06-22 02:25:02.177 a 2025-06-22-02:25:01 147 238 281 0.5 6.1 8.3 13.2 24.0 725.0 0.00 0 0.0 14.9 24.1 24.4 3.634  -49.5   18.3   16.3  21   -4.2  15 0 0 1 2 2 0 15.5 22.9 15.4 23.2 80.0 100 100 20 408 0 143 0 401 401 400 0 0 0 60 50 AUTO 0 
b.1 2025-06-22 02:26:00.657 a 2025-06-22-02:26:00 219 239 268 1.3 4.8 6.9 13.2 24.0 725.0 0.00 0 0.0 14.9 24.0 23.4 3.633  -50.4   18.3   13.7  21   -4.2  15 0 0 1 1 2 0 15.5 22.8 15.6 23.0 80.0 100 100 20 408 0 143 0 401 402 400 0 0 0 59 50 AUTO 0 
b.1 2025-06-22 02:27:00.875 a 2025-06-22-02:27:00 150 239 268 1.1 4.9 8.2 13.2 24.6 725.0 0.00 0 0.0 14.9 24.1 24.4 3.628  -50.5   18.3   13.3  21   -4.2  15 0 0 1 1 2 0 15.5 22.9 15.9 22.7 80.0 100 100 20 408 0 143 0 401 401 400 0 0 0 60 50 AUTO 0 
b.1 2025-06-22 02:27:59.694 a 2025-06-22-02:27:59 072 235 283 0.7 5.2 8.2 13.2 24.4 725.0 0.00 0 0.0 15.0 24.1 24.4 3.627  -46.8   18.2   13.6  21   -4.2  15 0 0 1 1 2 0 15.5 22.9 16.0 22.4 80.0 100 100 20 408 0 143 0 400 401 399 0 0 0 59 50 AUTO 0 
b.1 2025-06-22 02:29:00.936 a 2025-06-22-02:29:00 189 238 278 0.6 3.7 6.7 13.2 24.6 725.0 0.00 0 0.0 15.1 24.1 24.5 3.627  -47.2   18.2    9.1  22   -4.1   5 0 0 1 1 2 0 15.4 23.0 15.8 22.5 80.0 100 100 20 408 0 143 0 401 401 400 0 0 0 59 50 AUTO 0 
b.1 2025-06-22 02:30:00.515 a 2025-06-22-02:30:00 149 233 265 0.6 5.0 7.1 13.2 25.1 725.0 0.00 0 0.0 14.9 24.0 24.5 3.627  -46.9   18.2   11.1  21   -4.2  11 0 0 1 1 2 0 15.4 23.1 15.7 22.8 80.0 100 100 20 408 0 144 0 401 401 400 0 0 0 59 50 AUTO 0 
b.1 2025-06-22 02:31:00.838 a 2025-06-22-02:31:00 192 241 284 0.9 4.7 7.3 13.2 24.9 725.0 0.00 0 0.0 14.9 23.9 23.4 3.633  -48.2   18.2   11.4  22   -4.1  13 0 0 1 1 2 0 15.4 23.2 15.5 23.1 80.0 100 100 20 408 0 143 0 401 401 400 0 0 0 59 50 AUTO 0 
b.1 2025-06-22 02:32:01.624 a 2025-06-22-02:32:01 208 241 262 0.7 5.3 7.4 13.2 25.0 725.0 0.00 0 0.0 15.0 23.9 23.4 3.633  -48.7   18.1   13.7  22   -4.2  14 0 0 1 1 2 0 15.4 23.3 15.4 23.4 80.0 100 100 20 408 0 143 2 401 401 399 0 0 3 60 50 AUTO 0 
b.1 2025-06-22 02:33:01.140 a 2025-06-22-02:33:00 212 238 266 0.9 5.1 7.4 13.1 25.0 725.0 0.00 0 0.0 14.9 23.8 23.4 3.633  -48.3   18.1   13.9  22   -4.2  14 0 0 1 1 2 0 15.4 23.4 15.3 23.6 80.0 100 100 20 408 0 143 0 401 401 400 0 0 0 59 50 AUTO 0 
b.1 2025-06-22 02:34:01.315 a 2025-06-22-02:34:01 215 233 259 1.7 5.6 7.4 13.0 24.9 725.0 0.00 0 0.0 14.9 24.0 23.4 3.633  -47.3   18.1   15.5  22   -4.2  14 0 0 1 2 2 0 15.4 23.4 15.3 23.6 80.0 100 100 20 408 0 143 0 401 401 400 0 0 0 59 50 AUTO 0 
b.1 2025-06-22 02:35:01.319 a 2025-06-22-02:35:00 213 237 265 1.9 4.8 6.9 13.0 25.2 725.0 0.00 0 0.0 14.9 23.9 23.4 3.634  -48.5   18.1   13.4  22   -4.1  14 0 0 1 1 2 0 15.3 23.4 15.2 23.7 80.0 100 100 20 408 0 143 0 401 401 400 0 0 0 59 50 AUTO 0 
b.1 2025-06-22 02:36:01.099 a 2025-06-22-02:36:00 176 238 267 0.6 4.0 6.9 13.0 25.5 725.0 0.00 0 0.0 14.9 23.8 23.4 3.633  -46.6   18.1   11.0  22   -4.1  14 0 0 1 1 2 0 15.3 23.6 15.2 23.9 80.0 100 100 20 408 0 143 0 401 401 400 0 0 0 60 50 AUTO 0 
b.1 2025-06-22 02:37:01.779 a 2025-06-22-02:37:01 150 241 290 0.6 4.5 6.9 13.0 25.5 725.0 0.00 0 0.0 14.9 23.8 23.4 3.633  -47.2   18.0   11.1  22   -4.0  14 0 0 1 1 2 0 15.2 23.7 15.1 24.1 80.0 100 100 20 408 0 143 0 402 401 400 0 0 0 60 50 AUTO 0 
b.1 2025-06-22 02:38:02.019 a 2025-06-22-02:38:01 145 245 304 0.6 4.4 7.4 13.0 25.3 725.0 0.00 0 0.0 14.9 23.8 23.4 3.633  -49.3   18.0   11.3  22   -4.0  14 0 0 1 1 2 0 15.2 23.8 15.0 24.1 80.0 100 100 20 408 0 143 0 402 401 400 0 0 0 60 50 AUTO 0 
b.1 2025-06-22 02:39:01.424 a 2025-06-22-02:39:01 194 244 298 0.5 4.9 8.0 12.9 25.4 725.0 0.00 0 0.0 14.9 23.9 23.4 3.633  -47.4   17.9   13.2  22   -4.1  14 0 0 1 1 2 0 15.1 23.7 15.0 24.1 80.0 100 100 20 408 0 143 0 401 401 400 0 0 0 60 50 AUTO 0 
b.1 2025-06-22 02:40:02.576 a 2025-06-22-02:40:02 197 240 280 0.5 5.8 8.2 12.9 25.2 725.0 0.00 0 0.0 14.9 24.1 24.5 3.627  -49.4   17.9   16.4  22   -4.1  14 0 0 1 2 1 0 15.1 23.8 14.9 24.2 80.0 100 100 20 408 0 143 0 401 401 400 0 0 0 59 50 AUTO 0 
b.1 2025-06-22 02:41:00.819 a 2025-06-22-02:41:00 187 235 262 1.3 5.8 8.4 12.8 25.2 725.0 0.00 0 0.0 15.0 24.1 24.4 3.627  -47.5   17.8   16.6  22   -4.2  14 0 0 1 2 1 0 15.0 23.9 14.9 24.3 80.0 100 100 20 408 0 143 0 401 401 400 0 0 0 60 50 AUTO 0 
b.1 2025-06-22 02:42:00.801 a 2025-06-22-02:42:00 206 236 267 0.9 5.7 8.3 12.8 25.3 725.0 0.00 0 0.0 15.0 24.1 24.4 3.627  -48.3   17.8   16.9  22   -4.2  14 0 0 1 2 1 0 15.0 23.9 14.8 24.3 80.0 100 100 20 408 0 143 0 401 402 400 0 0 0 59 50 AUTO 0 
b.1 2025-06-22 02:43:00.023 a 2025-06-22-02:42:59 211 238 268 1.8 6.0 8.3 12.8 25.3 724.9 0.00 0 0.0 14.8 23.3 23.4 3.633  -49.4   17.7   18.7  22   -4.2  18 0 0 1 2 1 0 15.0 23.9 14.8 24.4 80.0 100 100 20 408 0 143 0 401 401 400 0 0 0 60 50 AUTO 0 
b.1 2025-06-22 02:44:00.542 a 2025-06-22-02:44:00 173 240 274 2.1 5.3 8.1 12.8 25.4 724.9 0.00 0 0.0 14.9 23.8 23.4 3.633  -48.7   17.7   16.0  22   -4.1  15 0 0 1 2 1 0 15.0 23.9 14.8 24.4 80.0 100 100 20 408 0 143 0 401 401 400 0 0 0 60 50 AUTO 0 
b.1 2025-06-22 02:45:01.141 a 2025-06-22-02:45:00 212 237 273 1.7 5.4 8.0 12.8 25.6 724.9 0.00 0 0.0 14.9 24.1 24.5 3.627  -46.1   17.6   15.3  22   -4.2  15 0 0 1 2 1 0 14.9 24.0 14.7 24.4 80.0 100 100 20 408 0 143 0 401 402 400 0 0 0 60 50 AUTO 0 
b.1 2025-06-22 02:46:01.598 a 2025-06-22-02:46:01 210 239 268 0.8 5.6 8.1 12.6 25.5 724.9 0.00 0 0.0 15.0 24.1 24.5 3.627  -46.7   17.6   16.9  22   -4.2  15 0 0 1 2 1 0 14.9 24.1 14.7 24.5 80.0 100 100 20 408 0 143 0 401 401 400 0 0 0 59 50 AUTO 0 
b.1 2025-06-22 02:47:00.161 a 2025-06-22-02:46:59 104 241 278 0.5 4.8 7.2 12.6 26.0 724.9 0.00 0 0.0 15.0 24.0 24.5 3.627  -48.9   17.5   14.8  22   -4.2  15 0 0 1 1 1 0 14.8 24.2 14.6 24.7 80.0 100 100 20 408 0 143 0 401 401 400 0 0 0 59 50 AUTO 0 
b.1 2025-06-22 02:48:00.160 a 2025-06-22-02:47:59 205 240 283 1.0 5.2 7.7 12.6 25.8 724.9 0.00 0 0.0 14.9 23.8 23.4 3.633  -49.2   17.4   15.0  22   -4.3  15 0 0 1 1 1 0 14.8 24.3 14.6 24.9 80.0 100 100 20 408 0 143 0 402 401 400 0 0 0 60 50 AUTO 0 
b.1 2025-06-22 02:49:00.243 a 2025-06-22-02:48:59 198 240 272 1.6 5.4 8.2 12.5 25.9 724.9 0.00 0 0.0 14.9 23.9 23.4 3.633  -48.0   17.4   14.4  23   -4.2  15 0 0 1 1 1 0 14.8 24.4 14.5 24.9 80.0 100 100 20 408 0 143 0 401 401 400 0 0 0 60 50 AUTO 0 
b.1 2025-06-22 02:50:00.861 a 2025-06-22-02:50:00 212 235 265 1.5 6.5 9.4 12.5 25.6 724.8 0.00 0 0.0 14.9 23.7 23.4 3.633  -50.3   17.3   18.7  23   -4.2  15 0 0 1 2 1 0 14.7 24.4 14.5 24.9 80.0 100 100 20 408 0 143 0 401 401 399 0 0 0 60 50 AUTO 0 
b.1 2025-06-22 02:51:01.601 a 2025-06-22-02:51:01 188 238 277 1.8 6.2 9.2 12.4 25.9 724.8 0.00 0 0.0 14.8 23.8 23.4 3.633  -49.3   17.3   20.1  23   -4.3  15 0 0 1 2 1 0 14.7 24.5 14.5 25.0 80.0 100 100 20 408 0 143 0 401 401 400 0 0 0 60 50 AUTO 0 
b.1 2025-06-22 02:52:00.901 a 2025-06-22-02:52:00 215 240 263 3.2 6.1 7.8 12.4 26.3 724.8 0.00 0 0.0 14.8 23.6 23.4 3.633  -48.9   17.2   19.7  23   -4.3  15 0 0 1 2 1 0 14.7 24.8 14.4 25.3 80.0 100 100 20 408 0 143 0 402 401 400 0 0 0 60 50 AUTO 0 
b.1 2025-06-22 02:53:01.082 a 2025-06-22-02:53:00 211 240 267 3.6 6.2 8.3 12.4 26.2 724.9 0.00 0 0.0 14.9 23.9 23.4 3.634  -49.2   17.1   19.9  23   -4.2  15 0 0 1 2 1 0 14.6 24.9 14.4 25.4 80.0 100 100 20 408 0 143 0 401 401 400 0 0 0 59 50 AUTO 0 
b.1 2025-06-22 02:54:01.582 a 2025-06-22-02:54:01 191 240 272 2.1 6.3 9.6 12.3 25.8 724.9 0.00 0 0.0 14.9 23.9 23.4 3.633  -48.7   17.0   20.0  23   -4.2  15 0 0 1 2 1 0 14.6 25.0 14.4 25.4 80.0 100 100 20 408 0 143 0 401 402 400 0 0 0 59 50 AUTO 0 
b.1 2025-06-22 02:55:01.641 a 2025-06-22-02:55:01 192 238 269 1.6 6.4 8.6 12.3 26.1 724.9 0.00 0 0.0 14.9 23.9 23.4 3.633  -49.4   16.9   20.6  23   -4.2  15 0 0 1 2 1 0 14.5 25.0 14.4 25.4 80.0 100 100 20 408 0 143 0 401 401 400 0 0 0 59 50 AUTO 0 
b.1 2025-06-22 02:56:00.624 a 2025-06-22-02:56:00 218 239 268 2.3 6.9 9.0 12.3 26.4 724.8 0.00 0 0.0 14.9 24.0 23.4 3.633  -49.4   16.8   21.8  23   -4.2  15 0 0 1 2 1 0 14.5 25.1 14.3 25.5 80.0 100 100 20 408 0 143 0 401 401 400 0 0 0 60 50 AUTO 0 
b.1 2025-06-22 02:57:01.746 a 2025-06-22-02:57:01 215 237 260 3.2 6.5 8.9 12.3 26.4 724.8 0.00 0 0.0 14.9 24.0 24.4 3.626  -49.7   16.8   21.3  23   -4.2  15 0 0 1 2 1 0 14.4 25.2 14.3 25.7 80.0 100 100 20 408 0 143 0 402 401 400 0 0 0 60 50 AUTO 0 
b.1 2025-06-22 02:58:02.243 a 2025-06-22-02:58:01 212 240 276 2.9 6.8 9.3 12.2 26.3 724.8 0.00 0 0.0 14.9 24.0 23.4 3.633  -49.0   16.7   21.3  24   -4.2  15 0 0 1 2 1 0 14.4 25.3 14.2 25.7 80.0 100 100 20 408 0 143 0 401 401 400 0 0 0 60 50 AUTO 0 
b.1 2025-06-22 02:59:01.782 a 2025-06-22-02:59:01 215 237 263 5.3 7.9 9.8 12.2 26.3 724.8 0.00 0 0.0 14.9 23.8 23.4 3.633  -49.6   16.6   26.3  24   -4.2  20 0 0 1 2 1 0 14.4 25.0 14.2 25.5 80.0 100 100 20 408 0 143 0 402 402 400 0 0 0 59 50 AUTO 0 
b.1 2025-06-22 03:00:01.084 a 2025-06-22-03:00:00 214 238 259 2.3 7.3 9.6 12.1 26.0 724.8 0.00 0 0.0 14.9 23.8 23.4 3.634  -48.5   16.5   26.6  24   -4.2  17 0 0 1 2 1 0 14.3 25.2 14.1 25.7 80.0 100 100 20 408 0 143 0 401 401 400 0 0 0 60 50 AUTO 0 
b.1 2025-06-22 03:01:01.625 a 2025-06-22-03:01:01 214 238 268 2.8 7.9 10.7 12.1 25.5 724.8 0.00 0 0.0 14.8 23.7 23.4 3.634  -47.8   16.5   27.5  24   -4.2  17 0 0 1 2 1 0 14.3 24.8 14.1 25.3 80.0 100 100 20 408 0 143 0 401 401 400 0 0 0 60 50 AUTO 0 
b.1 2025-06-22 03:02:02.003 a 2025-06-22-03:02:01 214 232 250 2.8 7.7 9.3 12.1 25.5 724.8 0.00 0 0.0 14.8 23.7 23.4 3.633  -50.0   16.4   26.3  24   -4.3  17 0 0 1 2 1 0 14.3 24.8 14.0 25.3 80.0 100 100 20 408 0 143 0 401 401 400 0 0 0 60 50 AUTO 0 
b.1 2025-06-22 03:03:01.124 a 2025-06-22-03:03:00 212 234 255 4.4 7.7 10.0 12.1 25.9 724.8 0.00 0 0.0 14.8 23.8 23.4 3.632  -49.1   16.4   26.8  24   -4.2  17 0 0 1 2 1 0 14.3 25.1 14.0 25.7 80.0 100 100 20 408 0 143 0 401 401 400 0 0 0 60 50 AUTO 0 
b.1 2025-06-22 03:04:00.423 a 2025-06-22-03:04:00 199 232 254 3.7 7.8 11.3 12.1 25.0 724.7 0.00 0 0.0 14.9 23.9 23.4 3.632  -49.1   16.3   25.7  24   -4.2  17 0 0 1 2 1 0 14.3 25.0 14.0 25.7 80.0 100 100 20 408 0 143 0 401 401 400 0 0 0 59 50 AUTO 0 
b.1 2025-06-22 03:05:00.743 a 2025-06-22-03:05:00 201 237 266 3.1 8.5 10.6 12.1 25.9 724.8 0.00 0 0.0 14.9 23.9 23.4 3.633  -49.8   16.3   29.2  24   -4.2  17 0 0 1 2 1 0 14.2 25.1 14.0 25.6 80.0 100 100 20 408 0 143 0 402 401 400 0 0 0 59 50 AUTO 0 
b.1 2025-06-22 03:06:01.085 a 2025-06-22-03:06:00 197 239 268 1.5 8.0 10.6 12.0 24.8 724.7 0.00 0 0.0 14.9 23.8 23.4 3.633  -50.9   16.2   28.8  24   -4.2  17 0 0 1 2 1 0 14.2 24.9 13.9 25.5 80.0 100 100 20 408 0 143 0 401 402 400 0 0 0 59 50 AUTO 0 
b.1 2025-06-22 03:07:00.763 a 2025-06-22-03:07:00 195 239 291 1.1 7.6 11.0 12.0 25.8 724.7 0.00 0 0.0 14.9 23.6 23.4 3.633  -49.2   16.2   28.3  24   -4.3  17 0 0 1 2 1 0 14.1 25.0 13.9 25.6 80.0 100 100 20 408 0 143 0 401 402 400 0 0 0 60 50 AUTO 0 
b.1 2025-06-22 03:08:00.627 a 2025-06-22-03:08:00 215 235 253 5.3 8.9 11.1 12.0 25.5 724.7 0.00 0 0.0 14.8 23.7 23.4 3.633  -50.7   16.1   32.2  24   -4.2  17 0 0 1 3 1 1 14.1 24.9 13.9 25.4 80.0 100 100 20 408 0 143 0 401 401 400 0 0 0 60 50 AUTO 0 
b.1 2025-06-22 03:09:00.444 a 2025-06-22-03:09:00 209 240 274 3.9 7.8 10.6 12.0 26.0 724.7 0.00 0 0.0 14.8 23.7 23.4 3.633  -49.4   16.1   28.3  24   -4.3  17 0 0 1 2 1 0 14.1 25.2 13.8 25.9 80.0 100 100 20 408 0 143 0 401 401 399 0 0 0 60 50 AUTO 0 
b.1 2025-06-22 03:10:01.786 a 2025-06-22-03:10:01 214 238 263 5.9 8.6 10.9 11.9 25.1 724.7 0.00 0 0.0 14.7 23.9 23.4 3.633  -48.8   16.1   30.6  25   -4.2  17 0 0 1 3 1 1 14.1 25.2 13.8 25.8 80.0 100 100 20 408 0 143 0 401 401 400 0 0 0 59 50 AUTO 0 
b.1 2025-06-22 03:11:01.466 a 2025-06-22-03:11:01 213 238 259 3.2 8.4 10.7 11.9 25.2 724.7 0.00 0 0.0 14.8 23.7 23.4 3.633  -49.6   16.0   31.0  25   -4.2  17 0 0 1 3 1 1 14.1 25.1 13.8 25.8 80.0 100 100 20 408 0 143 0 401 401 400 0 0 0 60 50 AUTO 0 
b.1 2025-06-22 03:12:00.986 a 2025-06-22-03:12:00 195 240 267 1.6 8.5 12.1 11.9 25.1 724.7 0.00 0 0.0 14.9 24.1 24.4 3.627  -49.3   15.9   30.5  25   -4.2  17 0 0 1 3 1 1 14.0 25.1 13.7 25.7 80.0 100 100 20 408 0 143 0 401 401 400 0 0 0 60 50 AUTO 0 
b.1 2025-06-22 03:13:01.345 a 2025-06-22-03:13:01 218 238 254 4.1 8.9 11.2 11.8 25.7 724.7 0.00 0 0.0 14.9 23.9 23.4 3.632  -49.2   15.9   33.9  25   -4.2  17 0 0 1 3 1 1 14.0 25.3 13.7 25.9 80.0 100 100 20 408 0 143 0 402 401 400 0 0 0 60 50 AUTO 0 
b.1 2025-06-22 03:14:01.066 a 2025-06-22-03:14:00 215 238 259 5.1 8.3 10.8 11.8 25.9 724.7 0.00 0 0.0 14.9 23.6 23.4 3.634  -49.2   15.9   31.5  25   -4.2  17 0 0 1 3 1 1 14.0 25.3 13.7 26.0 80.0 100 100 20 408 0 143 0 402 401 400 0 0 0 60 50 AUTO 0 
b.1 2025-06-22 03:15:02.645 a 2025-06-22-03:15:02 217 238 262 2.6 8.9 12.4 11.8 25.7 724.8 0.00 0 0.0 14.8 23.6 23.4 3.633  -49.8   15.8   31.1  25   -4.2  17 0 0 1 3 1 1 13.9 25.3 13.6 25.9 80.0 100 100 20 408 0 143 0 402 401 400 0 0 0 60 50 AUTO 0 
b.1 2025-06-22 03:16:00.647 a 2025-06-22-03:16:00 214 238 259 2.2 8.7 11.6 11.8 25.3 724.8 0.00 0 0.0 14.8 23.7 23.4 3.635  -48.0   15.8   30.0  25   -4.2  17 0 0 1 2 1 0 13.9 25.2 13.6 25.8 80.0 100 100 20 408 0 143 0 402 401 400 0 0 0 59 50 AUTO 0 
b.1 2025-06-22 03:17:00.607 a 2025-06-22-03:17:00 212 239 266 2.6 8.6 11.7 11.8 25.1 724.8 0.00 0 0.0 14.8 23.7 23.4 3.634  -48.7   15.8   29.7  25   -4.2  17 0 0 1 2 1 0 13.8 25.3 13.6 25.8 80.0 100 100 20 408 0 143 0 402 401 400 0 0 0 60 50 AUTO 0 
b.1 2025-06-22 03:18:01.028 a 2025-06-22-03:18:00 215 239 270 2.0 8.2 11.2 11.8 25.7 724.7 0.00 0 0.0 14.9 23.7 23.4 3.633  -45.7   15.7   28.7  25   -4.2  17 0 0 1 2 1 0 13.8 25.5 13.6 26.1 80.0 100 100 20 408 0 143 0 401 402 400 0 0 0 60 50 AUTO 0 
b.1 2025-06-22 03:19:00.750 a 2025-06-22-03:19:00 218 238 263 4.5 8.5 11.2 11.7 25.7 724.8 0.00 0 0.0 14.8 23.7 23.4 3.633  -48.6   15.7   28.5  25   -4.2  17 0 0 1 2 1 0 13.8 25.6 13.5 26.2 80.0 100 100 20 408 0 143 0 401 401 400 0 0 0 59 50 AUTO 0 
b.1 2025-06-22 03:20:00.690 a 2025-06-22-03:20:00 220 237 267 6.7 9.3 11.5 11.7 25.4 724.7 0.00 0 0.0 14.9 23.7 23.4 3.633  -48.6   15.7   32.5  25   -4.2  17 0 0 1 3 1 1 13.8 25.6 13.5 26.2 80.0 100 100 20 408 0 143 0 401 401 400 0 0 0 60 50 AUTO 0 
b.1 2025-06-22 03:21:00.471 a 2025-06-22-03:21:00 222 233 250 7.2 9.2 10.7 11.7 25.8 724.8 0.00 0 0.0 14.8 23.8 23.4 3.633  -49.0   15.7   33.2  25   -4.2  18 0 0 1 3 1 1 13.8 25.6 13.5 26.2 80.0 100 100 20 408 0 143 11 402 401 400 3 3 3 60 50 AUTO 0 
b.1 2025-06-22 03:22:01.069 a 2025-06-22-03:22:00 216 235 254 6.6 9.2 11.3 11.5 25.9 724.7 0.00 0 0.0 14.8 23.8 23.4 3.633  -48.3   15.6   35.9  25   -4.2  18 0 0 1 3 1 1 13.8 25.7 13.4 26.4 80.0 100 100 20 408 0 143 0 402 401 400 0 0 0 60 50 AUTO 0 
b.1 2025-06-22 03:23:00.930 a 2025-06-22-03:23:00 216 235 253 3.3 8.9 11.6 11.5 26.1 724.8 0.00 0 0.0 14.8 23.7 23.4 3.632  -48.4   15.6   34.7  25   -4.1  18 0 0 1 3 1 1 13.7 25.8 13.4 26.6 80.0 100 100 21 408 0 143 0 402 401 400 0 0 0 60 50 AUTO 0 
b.1 2025-06-22 03:24:00.789 a 2025-06-22-03:24:00 215 234 264 5.6 8.4 10.4 11.5 26.3 724.8 0.00 0 0.0 14.8 23.8 23.4 3.633  -47.7   15.6   31.6  25   -4.1  18 0 0 1 3 1 1 13.7 25.9 13.3 26.8 80.0 100 100 21 408 0 143 0 402 401 400 0 0 0 60 50 AUTO 0 
b.1 2025-06-22 03:25:01.815 a 2025-06-22-03:25:01 220 237 263 3.7 8.9 11.4 11.4 26.7 724.8 0.00 0 0.0 14.8 23.7 23.4 3.633  -49.4   15.6   31.3  25   -4.1  18 0 0 1 3 1 1 13.7 26.1 13.3 27.0 80.0 100 100 21 408 0 143 0 401 401 400 0 0 0 60 50 AUTO 0 
b.1 2025-06-22 03:26:01.586 a 2025-06-22-03:26:01 218 232 244 6.0 9.1 11.0 11.5 26.7 724.7 0.00 0 0.0 14.8 23.6 23.4 3.633  -48.6   15.5   32.9  26   -4.1  18 0 0 1 3 1 1 13.7 26.2 13.2 27.2 80.0 100 100 21 408 0 143 0 402 401 400 0 0 0 59 50 AUTO 0 
b.1 2025-06-22 03:27:00.730 a 2025-06-22-03:27:00 215 235 259 4.9 9.0 11.1 11.4 26.8 724.7 0.00 0 0.0 14.8 23.6 23.4 3.633  -48.7   15.5   32.6  26   -4.0  18 0 0 1 3 1 1 13.6 26.4 13.2 27.3 80.0 100 100 21 408 0 143 0 401 401 400 0 0 0 59 50 AUTO 0 
b.1 2025-06-22 03:28:01.687 a 2025-06-22-03:28:01 223 234 252 5.4 9.4 11.5 11.4 26.9 724.7 0.00 0 0.0 14.9 23.7 23.4 3.634  -48.8   15.5   35.1  26   -4.0  18 0 0 1 3 1 1 13.6 26.6 13.2 27.5 80.0 100 100 21 408 0 143 0 401 401 400 0 0 0 59 50 AUTO 0 
b.1 2025-06-22 03:29:00.910 a 2025-06-22-03:29:00 218 237 257 3.8 9.1 11.7 11.3 27.0 724.8 0.00 0 0.0 14.8 23.6 23.4 3.633  -48.4   15.5   36.0  26   -4.0  18 0 0 1 3 1 1 13.2 27.4 12.9 28.1 80.0 100 100 21 408 0 143 0 401 401 400 0 0 0 60 50 AUTO 0 
b.1 2025-06-22 03:30:01.132 a 2025-06-22-03:30:00 217 236 257 5.0 9.3 11.2 11.3 27.1 724.7 0.00 0 0.0 14.8 23.9 23.4 3.633  -49.7   15.4   36.7  26   -4.0  18 0 0 1 3 1 1 12.9 28.0 12.7 28.6 80.0 100 100 21 408 0 143 0 401 401 400 0 0 0 60 50 AUTO 0 
b.1 2025-06-22 03:31:00.911 a 2025-06-22-03:31:00 211 235 261 2.8 8.9 11.0 11.3 27.3 724.7 0.00 0 0.0 14.9 23.7 23.4 3.633  -49.1   15.4   35.3  26   -3.9  18 0 0 1 3 1 1 12.7 28.5 12.6 28.9 80.0 100 100 21 408 0 143 0 401 402 400 0 0 0 59 50 AUTO 0 
b.1 2025-06-22 03:32:00.450 a 2025-06-22-03:32:00 214 234 254 5.3 9.3 11.7 11.3 27.3 724.8 0.00 0 0.0 14.8 23.2 23.4 3.633  -48.9   15.4   35.1  26   -3.9  18 0 0 1 3 1 1 12.6 28.8 12.4 29.2 80.0 100 100 21 408 0 143 0 402 401 400 0 0 0 59 50 AUTO 0 
b.1 2025-06-22 03:33:00.871 a 2025-06-22-03:33:00 222 236 271 4.9 9.2 11.9 11.2 27.2 724.7 0.00 0 0.0 14.7 23.4 23.6 3.633  -47.4   15.3   34.7  26   -3.9  18 0 0 1 3 1 1 12.5 29.0 12.4 29.4 80.0 100 100 21 408 0 143 0 401 401 400 0 0 0 60 50 AUTO 0 
b.1 2025-06-22 03:34:01.927 a 2025-06-22-03:34:01 219 234 280 3.8 9.3 11.2 11.3 27.4 724.8 0.00 0 0.0 14.7 23.3 23.4 3.633  -49.0   15.3   35.5  26   -3.8  18 0 0 1 3 1 1 12.4 29.2 12.3 29.6 80.0 100 100 21 408 0 143 0 401 401 400 0 0 0 59 50 AUTO 0 
b.1 2025-06-22 03:35:01.049 a 2025-06-22-03:35:00 215 235 250 6.4 9.1 11.0 11.2 27.4 724.7 0.00 0 0.0 14.7 23.3 23.4 3.633  -48.8   15.3   34.1  26   -3.8  18 0 0 1 3 1 1 12.3 29.4 12.3 29.7 80.0 100 100 21 408 0 143 0 401 401 400 0 0 0 60 50 AUTO 0 
b.1 2025-06-22 03:36:00.750 a 2025-06-22-03:36:00 207 234 254 6.2 9.3 11.4 11.2 27.6 724.8 0.00 0 0.0 14.8 23.7 23.4 3.633  -48.2   15.3   34.8  27   -3.8  18 0 0 1 3 1 1 12.3 29.5 12.2 29.9 80.0 100 100 21 408 0 143 0 401 401 400 0 0 0 60 50 AUTO 0 
b.1 2025-06-22 03:37:00.371 a 2025-06-22-03:37:00 219 235 250 6.4 10.1 11.6 11.1 27.5 724.7 0.00 0 0.0 14.9 23.9 23.4 3.633  -49.7   15.2   37.6  27   -3.8  18 0 0 1 3 1 1 12.2 29.7 12.2 30.0 80.0 100 100 21 408 0 143 0 401 401 400 0 0 0 60 50 AUTO 0 
b.1 2025-06-22 03:38:01.571 a 2025-06-22-03:38:01 219 234 251 6.6 9.4 11.2 11.1 27.6 724.7 0.00 0 0.0 14.9 23.8 23.4 3.633  -49.3   15.2   36.3  27   -3.7  18 0 0 1 3 1 1 12.2 29.9 12.2 30.2 80.0 100 100 21 408 0 143 0 401 401 400 0 0 0 59 50 AUTO 0 
b.1 2025-06-22 03:39:01.714 a 2025-06-22-03:39:01 217 236 257 5.2 9.0 11.3 11.1 27.8 724.7 0.00 0 0.0 14.9 23.9 23.4 3.633  -49.4   15.2   34.0  27   -3.7  18 0 0 1 3 1 1 12.2 30.0 12.1 30.3 80.0 100 100 20 408 0 143 0 401 401 400 0 0 0 60 50 AUTO 0 
b.1 2025-06-22 03:40:02.075 a 2025-06-22-03:40:01 215 236 262 6.3 9.7 11.7 11.1 27.6 724.7 0.00 0 0.0 14.9 23.9 23.4 3.633  -47.1   15.2   35.8  27   -3.8  18 0 0 1 3 1 1 12.1 30.1 12.1 30.4 80.0 100 100 20 408 0 143 0 401 401 399 0 0 0 60 50 AUTO 0 
b.1 2025-06-22 03:41:00.293 a 2025-06-22-03:40:59 224 235 253 6.7 10.2 11.9 11.2 27.7 724.7 0.00 0 0.0 14.8 23.7 23.4 3.633  -49.2   15.1   38.7  27   -3.7  18 0 0 1 3 1 1 12.1 30.2 12.1 30.5 80.0 100 100 20 408 0 143 0 401 401 400 0 0 0 59 50 AUTO 0 
b.1 2025-06-22 03:42:01.230 a 2025-06-22-03:42:00 214 234 261 6.4 10.0 11.6 11.2 27.7 724.7 0.00 0 0.0 14.8 23.8 23.4 3.633  -49.0   15.1   38.4  27   -3.7  18 0 0 1 3 1 1 12.1 30.2 12.0 30.5 80.0 100 100 20 408 0 143 0 401 401 400 0 0 0 59 50 AUTO 0 
b.1 2025-06-22 03:43:01.151 a 2025-06-22-03:43:00 223 233 253 8.5 9.9 11.3 11.2 27.6 724.7 0.00 0 0.0 14.7 23.6 23.4 3.632  -47.9   15.1   39.6  27   -3.7  19 0 0 1 3 1 1 12.0 30.3 12.0 30.6 80.0 100 100 20 408 0 143 0 401 401 400 0 0 0 59 50 AUTO 0 
b.1 2025-06-22 03:44:01.614 a 2025-06-22-03:44:01 218 232 251 6.9 9.7 11.7 11.1 27.8 724.7 0.00 0 0.0 14.8 23.7 23.4 3.633  -48.7   15.1   38.3  27   -3.7  19 0 0 1 3 1 1 11.9 30.4 11.9 30.7 80.0 100 100 20 408 0 143 0 401 401 400 0 0 0 59 50 AUTO 0 
b.1 2025-06-22 03:45:00.394 a 2025-06-22-03:45:00 216 233 252 6.1 9.2 11.1 11.0 28.0 724.7 0.00 0 0.0 14.7 23.3 23.4 3.634  -46.4   15.1   36.1  27   -3.6  19 0 0 1 3 1 1 11.9 30.5 11.9 30.9 80.0 100 100 20 408 0 143 0 401 401 400 0 0 0 59 50 AUTO 0 
b.1 2025-06-22 03:45:59.976 a 2025-06-22-03:45:59 222 235 261 4.3 9.2 10.9 11.0 28.2 724.7 0.00 0 0.0 14.7 23.2 23.4 3.633  -48.5   15.1   35.9  27   -3.6  19 0 0 1 3 1 1 11.9 30.6 11.9 31.0 80.0 100 100 20 408 0 143 0 402 401 400 0 0 0 59 50 AUTO 0 
b.1 2025-06-22 03:47:00.671 a 2025-06-22-03:47:00 217 235 261 4.3 8.9 11.2 10.9 28.4 724.7 0.00 0 0.0 14.8 23.3 23.4 3.633  -48.6   15.1   33.8  27   -3.6  19 0 0 1 3 1 1 11.9 30.8 11.8 31.2 80.0 100 100 20 408 0 143 0 401 401 400 0 0 0 60 50 AUTO 0 
b.1 2025-06-22 03:48:00.211 a 2025-06-22-03:47:59 218 234 260 5.2 9.5 11.6 10.9 28.3 724.8 0.00 0 0.0 14.7 23.3 23.4 3.633  -48.5   15.0   36.3  27   -3.6  19 0 0 1 3 1 1 11.9 30.9 11.8 31.3 80.0 100 100 20 408 0 143 0 401 401 400 0 0 0 60 50 AUTO 0 
b.1 2025-06-22 03:49:01.456 a 2025-06-22-03:49:01 218 236 254 6.1 9.0 11.2 10.9 28.5 724.7 0.00 0 0.0 14.7 23.2 23.4 3.634  -48.2   15.0   35.2  28   -3.5  19 0 0 1 3 1 1 11.8 31.1 11.8 31.4 80.0 100 100 20 408 0 143 0 401 401 400 0 0 0 60 50 AUTO 0 
b.1 2025-06-22 03:50:00.812 a 2025-06-22-03:50:00 214 236 260 5.9 9.9 12.0 11.0 28.5 724.7 0.00 0 0.0 14.6 23.2 23.4 3.633  -48.7   15.0   37.1  28   -3.5  19 0 0 1 3 1 1 11.8 31.2 11.8 31.5 80.0 100 100 21 408 0 143 0 401 402 400 0 0 0 60 50 AUTO 0 
b.1 2025-06-22 03:51:00.075 a 2025-06-22-03:50:59 216 234 254 2.1 9.5 12.2 10.9 28.7 724.8 0.00 0 0.0 14.8 23.2 23.4 3.633  -47.7   15.0   37.9  28   -3.5  19 0 0 1 3 1 1 11.8 31.2 11.7 31.5 80.0 100 100 21 408 0 143 0 401 401 400 0 0 0 60 50 AUTO 0 
b.1 2025-06-22 03:52:01.716 a 2025-06-22-03:52:01 211 232 249 5.9 9.2 11.1 10.9 28.7 724.7 0.00 0 0.0 14.7 23.7 23.4 3.633  -49.0   15.0   35.8  28   -3.5  19 0 0 1 3 1 1 11.7 31.3 11.7 31.7 80.0 100 100 21 408 0 143 0 401 402 400 0 0 0 60 50 AUTO 0 
b.1 2025-06-22 03:53:00.594 a 2025-06-22-03:53:00 219 236 251 4.9 9.6 11.6 10.8 28.7 724.8 0.00 0 0.0 14.7 23.3 23.4 3.633  -47.8   14.9   36.5  28   -3.5  19 0 0 1 3 1 1 11.7 31.5 11.7 31.8 80.0 100 100 21 408 0 143 0 401 401 400 0 0 0 59 50 AUTO 0 
b.1 2025-06-22 03:54:01.832 a 2025-06-22-03:54:01 214 235 256 5.1 9.4 11.5 10.8 28.9 724.8 0.00 0 0.0 14.7 23.7 23.4 3.633  -48.4   14.9   37.3  28   -3.4  19 0 0 1 3 1 1 11.7 31.6 11.6 31.9 80.0 100 100 21 408 0 143 0 402 401 400 0 0 0 60 50 AUTO 0 
b.1 2025-06-22 03:55:02.020 a 2025-06-22-03:55:01 223 237 257 4.9 8.8 11.0 10.8 29.1 724.8 0.00 0 0.0 14.8 23.6 23.4 3.634  -46.8   14.9   34.2  28   -3.4   5 0 0 1 3 1 1 11.6 31.8 11.6 32.1 80.0 100 100 21 408 0 143 0 402 401 400 0 0 0 60 50 AUTO 0 
b.1 2025-06-22 03:56:00.953 a 2025-06-22-03:56:00 219 236 253 6.4 9.2 11.0 10.7 29.1 724.8 0.00 0 0.0 14.8 23.7 23.4 3.633  -48.0   14.9   34.8  28   -3.4  14 0 0 1 3 1 1 11.6 31.8 11.6 32.2 80.0 100 100 21 408 0 143 0 401 401 400 0 0 0 60 50 AUTO 0 
b.1 2025-06-22 03:57:02.117 a 2025-06-22-03:57:01 221 236 252 4.4 9.7 11.6 10.7 29.1 724.8 0.00 0 0.0 14.8 23.6 23.4 3.632  -47.3   14.8   37.4  28   -3.4  20 0 0 1 3 1 1 11.6 31.9 11.5 32.4 80.0 100 100 20 408 0 143 0 400 402 400 0 0 0 60 50 AUTO 0 
b.1 2025-06-22 03:58:01.517 a 2025-06-22-03:58:01 219 236 262 3.8 9.4 11.5 10.7 29.3 724.8 0.00 0 0.0 14.8 23.6 23.4 3.633  -47.7   14.8   36.1  28   -3.4  17 0 0 1 3 1 1 11.6 32.0 11.5 32.4 80.0 100 100 20 408 0 143 0 401 401 400 0 0 0 59 50 AUTO 0 
b.1 2025-06-22 03:59:01.035 a 2025-06-22-03:59:00 215 237 257 3.9 9.5 12.1 10.6 29.5 724.8 0.00 0 0.0 14.8 23.3 23.4 3.633  -48.0   14.8   35.9  28   -3.4  18 0 0 1 3 1 1 11.6 32.2 11.5 32.6 80.0 100 100 20 408 0 143 0 401 401 400 0 0 0 60 50 AUTO 0 
b.1 2025-06-22 04:00:00.155 a 2025-06-22-03:59:59 217 236 257 4.0 9.3 11.3 10.7 29.4 724.8 0.00 0 0.0 14.8 23.6 23.4 3.633  -47.5   14.8   34.8  28   -3.4  18 0 0 1 3 1 1 11.5 32.2 11.5 32.6 80.0 100 100 20 408 0 143 0 401 401 400 0 0 0 60 50 AUTO 0 
b.1 2025-06-22 04:01:00.857 a 2025-06-22-04:01:00 221 238 259 6.2 9.6 11.8 10.7 29.2 724.8 0.00 0 0.0 14.7 23.6 23.4 3.633  -48.1   14.8   36.5  28   -3.4  18 0 0 1 3 1 1 11.5 32.4 11.5 32.8 80.0 100 100 20 408 0 143 0 401 401 399 0 0 0 60 50 AUTO 0 
b.1 2025-06-22 04:02:00.398 a 2025-06-22-04:02:00 223 238 263 5.3 9.0 11.9 10.7 29.5 724.8 0.00 0 0.0 14.8 23.7 23.4 3.632  -46.8   14.8   34.4  29   -3.3  18 0 0 1 3 1 1 11.5 32.4 11.5 32.8 80.0 100 100 20 408 0 143 0 401 401 399 0 0 0 59 50 AUTO 0 
b.1 2025-06-22 04:03:00.535 a 2025-06-22-04:03:00 219 236 264 6.6 9.1 10.7 10.6 29.7 724.8 0.00 0 0.0 14.8 23.7 23.4 3.633  -47.8   14.7   34.2  29   -3.3  18 0 0 1 3 1 1 11.5 32.5 11.4 32.9 80.0 100 100 20 408 0 143 0 401 401 400 0 0 0 60 50 AUTO 0 
b.1 2025-06-22 04:04:01.374 a 2025-06-22-04:04:01 220 238 263 3.1 8.4 10.4 10.6 29.7 724.8 0.00 0 0.0 14.8 23.9 23.4 3.633  -48.2   14.7   32.1  29   -3.3  18 0 0 1 3 1 1 11.4 32.6 11.4 33.0 80.0 100 100 20 408 0 143 0 401 401 400 0 0 0 59 50 AUTO 0 
b.1 2025-06-22 04:05:00.637 a 2025-06-22-04:05:00 223 238 253 4.8 9.1 12.1 10.5 29.8 724.8 0.00 0 0.0 14.8 23.7 23.4 3.633  -47.8   14.7   33.6  29   -3.3  18 0 0 1 3 1 1 11.4 32.7 11.3 33.0 80.0 100 100 20 408 0 143 0 401 401 400 0 0 0 60 50 AUTO 0 
b.1 2025-06-22 04:06:01.058 a 2025-06-22-04:06:00 221 238 264 6.2 9.2 11.4 10.5 30.0 724.9 0.00 0 0.0 14.7 23.6 23.4 3.633  -48.5   14.6   34.3  29   -3.3  18 0 0 1 3 1 1 11.4 33.1 11.3 33.4 80.0 100 100 20 408 0 143 0 401 401 400 0 0 0 60 50 AUTO 0 
b.1 2025-06-22 04:07:00.957 a 2025-06-22-04:07:00 221 238 265 6.9 9.5 12.1 10.5 29.9 724.9 0.00 0 0.0 14.8 23.3 23.4 3.633  -48.8   14.6   36.0  29   -3.2  18 0 0 1 3 1 1 11.3 33.2 11.3 33.5 80.0 100 100 20 408 0 143 0 401 401 400 0 0 0 60 50 AUTO 0 
b.1 2025-06-22 04:08:01.500 a 2025-06-22-04:08:01 221 238 261 4.9 8.5 11.3 10.5 30.1 724.8 0.00 0 0.0 14.8 23.7 23.4 3.634  -46.2   14.6   32.0  29   -3.2  18 0 0 1 3 1 1 11.3 33.2 11.2 33.5 80.0 100 100 20 408 0 143 0 401 401 400 0 0 0 60 50 AUTO 0 
b.1 2025-06-22 04:09:02.155 a 2025-06-22-04:09:01 220 240 263 5.9 9.4 11.8 10.4 30.1 724.9 0.00 0 0.0 14.9 23.9 23.4 3.633  -48.1   14.6   34.4  29   -3.2  18 0 0 1 3 1 1 11.3 33.4 11.2 33.8 80.0 100 100 20 408 0 143 0 401 402 400 0 0 0 60 50 AUTO 0 
b.1 2025-06-22 04:10:01.398 a 2025-06-22-04:10:01 223 240 255 5.4 9.3 12.2 10.4 30.3 724.9 0.00 0 0.0 14.8 23.6 23.4 3.634  -47.5   14.5   35.0  29   -3.2  18 0 0 1 3 1 1 11.2 33.5 11.2 33.9 80.0 100 100 20 408 0 143 0 401 401 399 0 0 0 60 50 AUTO 0 
b.1 2025-06-22 04:11:01.078 a 2025-06-22-04:11:00 220 239 266 5.8 9.8 12.0 10.4 30.2 724.9 0.00 0 0.0 14.8 23.6 23.4 3.634  -47.3   14.5   35.7  29   -3.2  18 0 0 1 3 1 1 11.3 33.4 11.2 33.8 80.0 100 100 20 408 0 143 0 402 401 400 0 0 0 59 50 AUTO 0 
b.1 2025-06-22 04:12:01.576 a 2025-06-22-04:12:01 219 237 253 5.3 8.9 11.0 10.4 30.2 724.9 0.00 0 0.0 14.8 23.3 23.4 3.633  -46.2   14.5   33.5  29   -3.2  18 0 0 1 3 1 1 11.2 33.5 11.2 33.9 80.0 100 100 20 408 0 143 0 401 402 400 0 0 0 59 50 AUTO 0 
b.1 2025-06-22 04:13:01.259 a 2025-06-22-04:13:00 217 237 259 6.8 9.1 11.2 10.4 30.7 724.8 0.00 0 0.0 14.8 23.6 23.4 3.633  -46.9   14.5   34.3  29   -3.2  18 0 0 1 3 1 1 11.1 33.5 11.1 33.9 80.0 100 100 20 408 0 143 0 401 402 399 0 0 0 59 50 AUTO 0 
b.1 2025-06-22 04:14:02.418 a 2025-06-22-04:14:02 221 242 270 4.6 9.7 12.4 10.3 30.4 724.9 0.00 0 0.0 14.7 23.3 23.4 3.633  -47.1   14.4   35.1  29   -3.2  18 0 0 1 3 1 1 11.1 33.6 11.1 34.0 80.0 100 100 20 408 0 143 0 401 401 400 0 0 0 59 50 AUTO 0 
b.1 2025-06-22 04:15:01.220 a 2025-06-22-04:15:00 221 239 256 6.5 9.8 11.6 10.3 30.3 724.9 0.00 0 0.0 14.8 23.7 23.4 3.633  -47.0   14.4   36.7  29   -3.2  18 0 0 1 3 1 1 11.2 33.6 11.1 34.0 80.0 100 100 21 408 0 122 0 401 401 399 0 0 0 60 50 AUTO 0 
b.1 2025-06-22 04:16:00.621 a 2025-06-22-04:16:00 221 238 252 7.2 9.3 11.3 10.4 30.4 724.9 0.00 0 0.0 14.9 23.6 23.4 3.633  -46.8   14.4   35.6  30   -3.1  18 0 0 1 3 1 1 11.1 33.8 11.1 34.2 80.0 100 100 21 408 0 115 0 402 401 400 0 0 0 59 50 AUTO 0 
b.1 2025-06-22 04:17:01.680 a 2025-06-22-04:17:01 222 241 264 6.2 9.8 11.8 10.4 30.4 725.0 0.00 0 0.0 14.8 23.9 23.4 3.633  -47.1   14.4   36.4  30   -3.1  18 0 0 1 3 1 1 11.1 34.0 11.0 34.4 80.0 100 100 21 408 0 143 0 401 402 400 0 0 0 60 50 AUTO 0 
b.1 2025-06-22 04:18:01.157 a 2025-06-22-04:18:00 184 240 269 2.5 9.7 12.2 10.3 30.5 724.9 0.00 0 0.0 14.8 23.7 23.4 3.632  -46.8   14.4   36.3  30   -3.1  18 0 0 1 3 1 1 11.1 34.0 11.0 34.4 80.0 100 100 21 408 0 143 0 401 401 400 0 0 0 60 50 AUTO 0 
b.1 2025-06-22 04:19:00.519 a 2025-06-22-04:19:00 188 242 287 2.5 8.5 12.1 10.3 31.0 724.9 0.00 0 0.0 14.8 23.8 23.4 3.633  -46.9   14.3   31.5  30   -3.1  18 0 0 1 3 1 1 11.1 34.1 11.0 34.5 80.0 100 100 20 408 0 143 0 401 402 400 0 0 0 59 50 AUTO 0 
b.1 2025-06-22 04:20:00.858 a 2025-06-22-04:20:00 222 241 259 4.9 9.3 11.8 10.3 30.8 725.0 0.00 0 0.0 14.8 23.6 23.4 3.633  -46.8   14.3   33.2  30   -3.0  18 0 0 1 3 1 1 11.1 34.3 11.1 34.6 80.0 100 100 20 408 0 143 0 401 402 400 0 0 0 59 50 AUTO 0 
b.1 2025-06-22 04:21:01.740 a 2025-06-22-04:21:01 219 240 268 4.3 8.9 11.7 10.3 30.8 724.9 0.00 0 0.0 14.7 23.3 23.4 3.634  -47.1   14.3   32.1  30   -3.0  18 0 0 1 3 1 1 11.1 34.2 11.1 34.6 80.0 100 100 20 408 0 143 0 401 401 400 0 0 0 60 50 AUTO 0 
b.1 2025-06-22 04:22:02.391 a 2025-06-22-04:22:02 214 240 260 5.4 9.5 12.6 10.3 30.9 724.9 0.00 0 0.0 14.7 23.3 23.4 3.632  -47.4   14.3   33.9  30   -3.0  18 0 0 1 3 1 1 11.1 34.5 11.1 34.9 80.0 100 100 20 408 0 143 0 401 401 400 0 0 0 59 50 AUTO 0 
b.1 2025-06-22 04:23:01.562 a 2025-06-22-04:23:01 225 239 262 7.5 10.0 11.6 10.3 30.9 724.9 0.00 0 0.0 14.8 23.6 23.4 3.633  -47.2   14.3   35.6  30   -3.0  18 0 0 1 3 1 1 11.1 34.7 11.0 35.1 80.0 100 100 20 408 0 143 0 401 401 400 0 0 0 59 50 AUTO 0 
b.1 2025-06-22 04:24:01.839 a 2025-06-22-04:24:01 226 241 265 4.2 10.0 12.4 10.3 30.2 724.9 0.00 0 0.0 14.8 23.7 23.4 3.634  -46.7   14.3   35.6  30   -2.9  18 0 0 1 3 1 1 11.0 34.6 11.1 34.9 80.0 100 100 20 408 0 143 0 401 402 399 0 0 0 60 50 AUTO 0 
b.1 2025-06-22 04:25:00.920 a 2025-06-22-04:25:00 227 240 266 4.6 9.7 12.3 10.4 30.7 724.9 0.00 0 0.0 14.8 23.7 23.4 3.633  -47.8   14.3   34.6  30   -2.9  18 0 0 1 3 1 1 11.1 34.7 11.1 35.0 80.0 100 100 20 408 0 143 0 401 402 400 0 0 0 60 50 AUTO 0 
b.1 2025-06-22 04:26:01.101 a 2025-06-22-04:26:00 225 242 270 5.0 9.8 12.1 10.4 30.8 724.9 0.00 0 0.0 14.8 23.9 23.4 3.633  -47.2   14.3   34.8  30   -2.9  18 0 0 1 3 1 1 11.1 34.7 11.1 34.9 80.0 100 100 20 408 0 143 3 401 401 399 0 2 0 60 50 AUTO 0 
b.1 2025-06-22 04:27:00.861 a 2025-06-22-04:27:00 217 240 260 6.5 9.8 12.5 10.4 31.1 725.0 0.00 0 0.0 14.8 23.7 23.4 3.633  -47.0   14.3   36.8  30   -2.8  18 0 0 1 3 1 1 11.0 35.0 11.1 35.2 80.0 100 100 20 408 0 143 0 401 401 400 0 0 0 60 50 AUTO 0 
b.1 2025-06-22 04:28:01.519 a 2025-06-22-04:28:01 214 239 262 5.9 9.4 12.3 10.4 30.7 724.9 0.00 0 0.0 14.7 23.3 23.4 3.633  -47.6   14.3   34.9  30   -2.8  18 0 0 1 3 1 1 11.1 34.7 11.0 35.0 80.0 100 100 20 408 0 143 0 401 401 400 0 0 0 60 50 AUTO 0 
b.1 2025-06-22 04:29:01.663 a 2025-06-22-04:29:01 219 239 258 4.3 9.8 12.8 10.4 30.8 725.0 0.00 0 0.0 14.9 23.6 23.4 3.634  -47.4   14.3   34.8  31   -2.8  18 0 0 1 3 1 1 11.0 34.8 11.0 35.2 80.0 100 100 20 408 0 143 0 401 401 400 0 0 0 59 50 AUTO 0 
b.1 2025-06-22 04:30:01.944 a 2025-06-22-04:30:01 220 240 262 5.3 9.6 11.4 10.4 31.0 725.0 0.00 0 0.0 14.8 23.7 23.4 3.633  -47.1   14.3   33.9  31   -2.8  18 0 0 1 3 1 1 11.1 34.9 11.0 35.3 80.0 100 100 20 408 0 143 0 401 401 400 0 0 0 59 50 AUTO 0 
b.1 2025-06-22 04:31:01.059 a 2025-06-22-04:31:00 217 240 259 4.3 9.0 11.6 10.4 31.0 725.0 0.00 0 0.0 14.8 23.7 23.4 3.633  -47.3   14.3   32.0  31   -2.8  18 0 0 1 3 1 1 11.1 34.8 11.1 35.2 80.0 100 100 20 408 0 143 0 401 401 399 0 0 0 60 50 AUTO 0 
b.1 2025-06-22 04:32:00.684 a 2025-06-22-04:32:00 212 239 258 5.8 9.5 12.3 10.4 31.2 725.0 0.00 0 0.0 14.8 23.9 23.4 3.633  -46.8   14.3   32.9  31   -2.7  18 0 0 1 3 1 1 11.1 34.9 11.0 35.3 80.0 100 100 20 408 0 143 0 401 402 399 0 0 0 59 50 AUTO 0 
b.1 2025-06-22 04:33:00.321 a 2025-06-22-04:32:59 224 241 268 3.9 9.7 12.1 10.4 31.1 725.0 0.00 0 0.0 14.8 23.7 23.4 3.633  -46.5   14.3   33.8  31   -2.7  18 0 0 1 3 1 1 11.1 34.7 11.0 35.2 80.0 100 100 20 408 0 143 0 401 401 400 0 0 0 60 50 AUTO 0 
b.1 2025-06-22 04:34:01.201 a 2025-06-22-04:34:00 218 240 260 5.1 9.2 11.9 10.4 31.2 725.0 0.00 0 0.0 14.7 23.3 23.4 3.633  -47.3   14.3   32.1  31   -2.7  18 0 0 1 3 1 1 11.1 34.7 11.1 35.1 80.0 100 100 20 408 0 143 0 402 401 400 0 0 0 60 50 AUTO 0 
b.1 2025-06-22 04:35:00.881 a 2025-06-22-04:35:00 218 242 265 5.1 9.4 12.1 10.6 30.6 725.0 0.00 0 0.0 14.7 23.3 23.4 3.633  -46.9   14.3   31.4  31   -2.6  18 0 0 1 3 1 1 11.2 34.2 11.2 34.7 80.0 100 100 20 408 0 143 0 401 402 400 0 0 0 59 50 AUTO 0 
b.1 2025-06-22 04:35:59.865 a 2025-06-22-04:35:59 212 241 260 7.3 9.8 11.7 10.6 30.3 725.0 0.00 0 0.0 14.8 23.3 23.4 3.632  -46.8   14.4   32.4  31   -2.6  18 0 0 1 3 1 1 11.2 34.0 11.2 34.4 80.0 100 100 20 408 0 143 0 401 402 399 0 0 0 59 50 AUTO 0 
b.1 2025-06-22 04:37:01.122 a 2025-06-22-04:37:00 226 242 264 4.4 9.7 11.8 10.7 30.3 725.0 0.00 0 0.0 14.8 23.3 23.4 3.633  -46.7   14.4   32.6  31   -2.6  18 0 0 1 3 1 1 11.3 33.9 11.2 34.3 80.0 100 100 20 408 0 143 0 401 401 400 0 0 0 59 50 AUTO 0 
b.1 2025-06-22 04:38:01.424 a 2025-06-22-04:38:01 221 242 259 6.5 9.8 12.1 10.7 30.5 725.0 0.00 0 0.0 14.9 24.0 23.4 3.634  -46.8   14.4   33.9  31   -2.6  18 0 0 1 3 1 1 11.2 34.3 11.2 34.7 80.0 100 100 20 408 0 142 0 402 401 400 0 0 0 59 50 AUTO 0 
b.1 2025-06-22 04:39:01.700 a 2025-06-22-04:39:01 212 241 264 6.4 9.1 12.1 10.7 30.6 725.0 0.00 0 0.0 14.8 24.0 24.5 3.626  -47.3   14.4   32.2  31   -2.6  18 0 0 1 3 1 1 11.2 34.6 11.2 35.0 80.0 100 100 21 408 0 139 0 401 401 400 0 0 0 60 50 AUTO 0 
b.1 2025-06-22 04:40:01.569 a 2025-06-22-04:40:01 224 243 255 6.4 9.7 11.5 10.7 31.0 725.0 0.00 0 0.0 14.8 23.7 23.4 3.633  -47.1   14.4   33.2  31   -2.6  18 0 0 1 3 1 1 11.2 35.1 11.2 35.4 80.0 100 100 21 408 0 95 0 401 401 399 0 0 0 60 50 AUTO 0 
b.1 2025-06-22 04:41:01.884 a 2025-06-22-04:41:01 229 244 261 7.3 9.8 11.9 10.7 31.2 725.0 0.00 0 0.0 14.8 23.7 23.4 3.632  -46.5   14.5   34.3  31   -2.5  18 0 0 1 3 1 1 11.2 35.2 11.1 35.6 80.0 100 100 21 408 0 143 0 401 401 399 0 0 0 60 50 AUTO 0 
b.1 2025-06-22 04:42:01.460 a 2025-06-22-04:42:01 223 245 278 3.9 9.6 11.9 10.7 31.0 725.0 0.00 0 0.0 14.9 23.7 23.4 3.633  -47.1   14.4   34.2  31   -2.5  18 0 0 1 3 1 1 11.1 35.1 11.1 35.4 80.0 100 100 21 408 0 142 0 401 401 400 0 0 0 60 50 AUTO 0 
b.1 2025-06-22 04:43:00.482 a 2025-06-22-04:43:00 228 244 262 6.8 10.2 12.6 10.6 30.9 725.0 0.00 0 0.0 14.8 23.6 23.4 3.632  -46.8   14.5   37.3  31   -2.5  18 0 0 1 3 1 1 11.1 35.1 11.1 35.5 80.0 100 100 21 408 0 143 0 401 401 400 0 0 0 59 50 AUTO 0 
b.1 2025-06-22 04:44:01.043 a 2025-06-22-04:44:00 214 243 266 4.4 9.3 12.0 10.6 31.2 725.0 0.00 0 0.0 14.8 23.6 23.4 3.633  -45.1   14.5   34.4  31   -2.4  18 0 0 1 3 1 1 11.1 35.4 11.1 35.7 80.0 100 100 21 408 0 143 0 401 401 400 0 0 0 59 50 AUTO 0 
b.1 2025-06-22 04:45:01.888 a 2025-06-22-04:45:01 227 244 267 3.2 8.9 11.5 10.5 31.2 725.1 0.00 0 0.0 14.7 23.3 23.4 3.633  -47.4   14.4   33.3  31   -2.4  18 0 0 1 3 1 1 11.1 35.5 11.1 35.8 80.0 100 100 20 408 0 143 0 401 401 399 0 0 0 60 50 AUTO 0 
b.1 2025-06-22 04:46:01.005 a 2025-06-22-04:46:00 226 243 262 2.9 9.4 12.2 10.4 32.1 725.1 0.00 0 0.0 14.7 23.3 23.4 3.633  -46.7   14.5   33.4  31   -2.4  18 0 0 1 3 1 1 11.0 35.7 11.0 36.1 80.0 100 100 20 408 0 143 0 401 401 399 0 0 0 59 50 AUTO 0 
b.1 2025-06-22 04:47:00.624 a 2025-06-22-04:47:00 226 243 259 6.2 9.2 11.8 10.4 32.0 725.1 0.00 0 0.0 14.8 23.6 23.4 3.634  -47.2   14.4   33.2  31   -2.4  18 0 0 1 3 1 1 11.0 35.7 11.0 36.2 80.0 100 100 20 408 0 143 0 402 401 400 0 0 0 60 50 AUTO 0 
b.1 2025-06-22 04:48:01.286 a 2025-06-22-04:48:00 224 244 257 5.5 9.6 11.6 10.3 32.0 725.1 0.00 0 0.0 14.8 23.7 23.4 3.632  -47.3   14.4   34.9  31   -2.4  18 0 0 1 3 1 1 11.0 35.8 11.0 36.2 80.0 100 100 20 408 0 143 0 402 401 400 0 0 0 60 50 AUTO 0 
b.1 2025-06-22 04:49:02.002 a 2025-06-22-04:49:01 224 244 261 3.8 9.4 11.4 10.3 31.8 725.1 0.00 0 0.0 14.8 23.3 23.4 3.633  -47.3   14.4   33.7  31   -2.4  18 0 0 1 3 1 1 11.0 35.8 11.0 36.2 80.0 100 100 20 408 0 143 0 401 401 400 0 0 0 60 50 AUTO 0 
b.1 2025-06-22 04:50:00.944 a 2025-06-22-04:50:00 221 245 266 5.4 10.1 12.8 10.4 31.7 725.1 0.00 0 0.0 14.8 23.7 23.4 3.633  -47.4   14.4   35.5  31   -2.4  18 0 0 1 3 1 1 11.0 35.9 11.0 36.2 80.0 100 100 20 408 0 143 0 401 401 400 0 0 0 59 50 AUTO 0 
b.1 2025-06-22 04:51:01.085 a 2025-06-22-04:51:00 228 248 267 3.3 9.6 12.1 10.5 31.9 725.1 0.00 0 0.0 14.8 23.6 23.4 3.633  -46.4   14.4   32.5  31   -2.3  18 0 0 1 3 1 1 11.0 35.9 11.0 36.2 80.0 100 100 20 408 0 143 0 401 401 399 0 0 0 59 50 AUTO 0 
b.1 2025-06-22 04:52:00.025 a 2025-06-22-04:51:59 225 244 269 5.9 9.1 11.4 10.4 32.0 725.1 0.00 0 0.0 14.8 23.3 23.4 3.633  -47.1   14.4   32.4  31   -2.3  18 0 0 1 3 1 1 11.0 35.8 11.0 36.2 80.0 100 100 20 408 0 143 0 400 401 399 0 0 0 59 50 AUTO 0 
b.1 2025-06-22 04:53:01.565 a 2025-06-22-04:53:01 227 245 263 6.7 9.7 12.0 10.5 32.0 725.1 0.00 0 0.0 14.8 23.3 23.4 3.634  -46.2   14.4   34.4  32   -2.3  18 0 0 1 3 1 1 11.0 36.1 11.0 36.4 80.0 100 100 20 408 0 143 0 402 401 400 0 0 0 59 50 AUTO 0 
b.1 2025-06-22 04:54:01.486 a 2025-06-22-04:54:01 226 243 258 4.4 9.6 11.8 10.4 31.9 725.1 0.00 0 0.0 14.8 23.3 23.4 3.633  -45.9   14.4   34.3  32   -2.3  18 0 0 1 3 1 1 11.0 36.0 11.0 36.4 80.0 100 100 20 408 0 143 0 401 401 400 0 0 0 60 50 AUTO 0 
b.1 2025-06-22 04:55:01.904 a 2025-06-22-04:55:01 224 243 265 3.9 9.0 12.2 10.4 32.3 725.1 0.00 0 0.0 14.7 23.6 23.4 3.633  -46.5   14.4   31.6  32   -2.3  18 0 0 1 3 1 1 11.0 36.1 11.0 36.4 80.0 100 100 20 408 0 143 0 401 401 400 0 0 0 59 50 AUTO 0 
b.1 2025-06-22 04:56:00.663 a 2025-06-22-04:56:00 229 245 261 6.3 9.6 11.8 10.4 32.1 725.1 0.00 0 0.0 14.8 23.6 23.4 3.633  -45.9   14.3   33.3  32   -2.3  18 0 0 1 3 1 1 11.0 36.1 11.0 36.5 80.0 100 100 20 408 0 143 0 401 401 400 0 0 0 59 50 AUTO 0 
b.1 2025-06-22 04:57:01.868 a 2025-06-22-04:57:01 226 247 267 2.8 9.2 11.8 10.4 32.1 725.1 0.00 0 0.0 14.8 23.8 23.4 3.633  -46.3   14.4   32.4  32   -2.2  18 0 0 1 3 1 1 11.0 36.1 11.0 36.5 80.0 100 100 20 408 0 143 0 401 401 400 0 0 0 59 50 AUTO 0 
b.1 2025-06-22 04:58:00.183 a 2025-06-22-04:57:59 225 248 268 4.5 9.3 12.0 10.5 32.0 725.1 0.00 0 0.0 14.9 23.9 23.4 3.633  -46.8   14.3   32.2  32   -2.2  18 0 0 1 3 1 1 11.0 36.2 11.0 36.6 80.0 100 100 20 408 0 143 0 401 401 400 0 0 0 59 50 AUTO 0 
b.1 2025-06-22 04:59:00.746 a 2025-06-22-04:59:00 144 246 273 1.8 9.6 12.1 10.5 32.0 725.1 0.00 0 0.0 14.8 23.8 23.4 3.635  -46.5   14.3   32.3  32   -2.2  18 0 0 1 3 1 1 11.0 36.2 11.0 36.6 80.0 100 100 20 408 0 143 0 401 402 400 0 0 0 60 50 AUTO 0 
b.1 2025-06-22 05:00:00.703 a 2025-06-22-05:00:00 216 245 260 6.0 9.9 12.5 10.5 31.8 725.2 0.00 0 0.0 14.9 23.7 23.4 3.633  -46.4   14.3   33.1  32   -2.2  18 0 0 1 3 1 1 11.0 36.1 11.0 36.5 80.0 100 100 20 408 0 143 0 401 401 400 0 0 0 60 50 AUTO 0 
b.1 2025-06-22 05:01:00.605 a 2025-06-22-05:01:00 226 246 265 3.9 9.3 11.6 10.6 31.8 725.2 0.00 0 0.0 14.8 23.7 23.4 3.633  -45.6   14.3   33.2  32   -2.2  18 0 0 1 3 1 1 11.0 36.2 11.0 36.5 80.0 100 100 20 408 0 143 0 401 401 399 0 0 0 60 50 AUTO 0 
b.1 2025-06-22 05:02:00.845 a 2025-06-22-05:02:00 220 247 262 5.1 10.0 12.5 10.5 31.9 725.1 0.00 0 0.0 14.7 23.3 23.4 3.633  -46.7   14.3   34.9  32   -2.2  18 0 0 1 3 1 1 11.0 36.1 11.0 36.5 80.0 100 100 20 408 0 143 0 401 401 399 0 0 0 60 50 AUTO 0 
b.1 2025-06-22 05:03:01.528 a 2025-06-22-05:03:01 226 246 268 4.5 10.0 12.3 10.5 31.9 725.1 0.00 0 0.0 14.8 23.2 23.4 3.633  -46.5   14.3   34.0  32   -2.2  18 0 0 1 3 1 1 11.0 36.1 11.0 36.5 80.0 100 100 20 408 0 143 0 401 402 400 0 0 0 59 50 AUTO 0 
b.1 2025-06-22 05:04:01.624 a 2025-06-22-05:04:01 222 248 269 5.7 10.2 12.4 10.6 31.8 725.2 0.00 0 0.0 14.8 23.3 23.4 3.634  -45.5   14.3   34.2  32   -2.1  18 0 0 1 3 1 1 11.0 36.1 11.0 36.5 80.0 100 100 21 408 0 143 0 401 401 400 0 0 0 60 50 AUTO 0 
b.1 2025-06-22 05:05:01.486 a 2025-06-22-05:05:01 222 246 262 5.6 9.4 12.3 10.6 31.8 725.2 0.00 0 0.0 14.8 23.3 23.4 3.633  -46.9   14.4   31.7  32   -2.1  18 0 0 1 3 1 1 11.1 36.0 11.1 36.4 80.0 100 100 21 408 0 143 0 401 401 400 0 0 0 60 50 AUTO 0 
b.1 2025-06-22 05:06:00.368 a 2025-06-22-05:05:59 233 247 260 5.5 10.0 12.4 10.7 31.6 725.2 0.00 0 0.0 14.8 23.7 23.4 3.633  -46.2   14.4   33.5  32   -2.1  18 0 0 1 3 1 1 11.1 35.9 11.1 36.3 80.0 100 100 21 408 0 143 0 401 401 400 0 0 0 60 50 AUTO 0 
b.1 2025-06-22 05:07:02.045 a 2025-06-22-05:07:01 225 247 264 6.5 10.0 13.0 10.7 31.8 725.1 0.00 0 0.0 14.9 24.0 23.4 3.633  -46.6   14.4   32.8  32   -2.1  18 0 0 1 3 1 1 11.2 35.8 11.2 36.1 80.0 100 100 21 408 0 143 0 401 401 400 0 0 0 60 50 AUTO 0 
b.1 2025-06-22 05:08:00.884 a 2025-06-22-05:08:00 232 249 265 3.2 9.7 12.3 10.8 31.4 725.2 0.00 0 0.0 14.9 23.9 23.4 3.633  -45.1   14.4   32.1  32   -2.0  18 0 0 1 3 1 1 11.2 35.7 11.2 35.9 80.0 100 100 21 408 0 143 0 401 401 399 0 0 0 60 50 AUTO 0 
b.1 2025-06-22 05:09:00.984 a 2025-06-22-05:09:00 225 250 272 2.7 9.1 12.0 10.8 31.4 725.2 0.00 0 0.0 14.9 23.8 23.4 3.633  -46.1   14.4   29.1  32   -2.0  18 0 0 1 2 1 0 11.2 35.6 11.2 35.8 80.0 100 100 21 408 0 143 0 401 401 400 0 0 0 59 50 AUTO 0 
b.1 2025-06-22 05:10:01.105 a 2025-06-22-05:10:00 204 251 275 3.0 9.7 12.4 10.9 30.8 725.2 0.00 0 0.0 14.9 23.9 23.4 3.633  -45.9   14.5   29.2  32   -2.0  18 0 0 1 2 1 0 11.3 35.1 11.3 35.4 80.0 100 100 21 408 0 143 0 401 402 399 0 0 0 59 50 AUTO 0 
b.1 2025-06-22 05:11:01.667 a 2025-06-22-05:11:01 194 249 269 2.6 8.8 12.2 10.9 31.0 725.2 0.00 0 0.0 14.9 23.9 23.4 3.633  -43.8   14.5   27.1  32   -2.0  11 0 0 1 2 1 0 11.3 35.1 11.3 35.3 80.0 100 100 21 408 0 143 0 401 401 400 0 0 0 60 50 AUTO 0 
b.1 2025-06-22 05:12:01.769 a 2025-06-22-05:12:01 228 248 265 4.0 9.9 12.8 11.0 30.9 725.2 0.00 0 0.0 14.8 23.9 23.4 3.633  -45.4   14.5   28.1  32   -2.1  16 0 0 1 2 1 0 11.4 34.9 11.4 35.2 80.0 100 100 21 408 0 143 0 401 401 400 0 0 0 59 50 AUTO 0 
b.1 2025-06-22 05:13:01.766 a 2025-06-22-05:13:01 232 248 268 3.3 9.6 11.9 11.0 30.7 725.2 0.00 0 0.0 14.8 23.7 23.4 3.633  -45.8   14.6   28.4  32   -2.0  17 0 0 1 2 1 0 11.4 34.9 11.4 35.2 80.0 100 100 20 408 0 143 0 401 401 400 0 0 0 59 50 AUTO 0 
b.1 2025-06-22 05:14:02.134 a 2025-06-22-05:14:01 198 245 269 3.6 9.6 11.9 11.2 30.5 725.2 0.00 0 0.0 14.9 23.8 23.4 3.634  -44.9   14.6   28.0  32   -2.0  17 0 0 1 2 1 0 11.5 34.6 11.5 35.0 80.0 100 100 20 408 0 143 0 402 401 400 0 0 0 59 50 AUTO 0 
b.1 2025-06-22 05:15:02.032 a 2025-06-22-05:15:01 220 247 263 2.8 8.9 11.5 11.3 30.6 725.2 0.00 0 0.0 14.9 23.7 23.4 3.632  -44.9   14.7   26.9  32   -2.0  17 0 0 1 2 1 0 11.5 34.6 11.5 35.0 80.0 100 100 20 408 0 143 0 401 401 400 0 0 0 59 50 AUTO 0 
b.1 2025-06-22 05:16:00.869 a 2025-06-22-05:16:00 228 247 262 6.2 9.5 11.7 11.3 30.6 725.2 0.00 0 0.0 14.8 23.7 23.4 3.633  -45.5   14.7   27.9  32   -2.0  17 0 0 1 2 1 0 11.5 34.5 11.5 34.9 80.0 100 100 20 408 0 143 0 401 401 399 0 0 0 60 50 AUTO 0 
b.1 2025-06-22 05:17:01.648 a 2025-06-22-05:17:01 216 246 263 3.5 9.0 11.8 11.3 30.0 725.3 0.00 0 0.0 14.8 23.7 23.4 3.633  -44.5   14.8   26.9  32   -1.9  17 0 0 1 2 1 0 11.6 33.9 11.5 34.5 80.0 100 100 20 408 0 143 0 401 402 399 0 0 0 59 50 AUTO 0 
b.1 2025-06-22 05:18:00.390 a 2025-06-22-05:17:59 233 247 269 5.4 9.6 11.8 11.3 29.9 725.3 0.00 0 0.0 14.8 23.6 23.4 3.632  -45.4   14.8   26.4  31   -2.0  17 0 0 1 2 1 0 11.6 33.6 11.6 34.1 80.0 100 100 20 408 0 143 0 401 401 400 0 0 0 60 50 AUTO 0 
b.1 2025-06-22 05:19:00.848 a 2025-06-22-05:19:00 216 245 265 3.6 9.4 11.7 11.3 29.4 725.3 0.00 0 0.0 14.8 23.3 23.4 3.633  -46.0   14.8   26.9  31   -1.9  17 0 0 1 2 1 0 11.7 33.7 11.7 34.1 80.0 100 100 20 408 0 143 0 401 401 400 0 0 0 60 50 AUTO 0 
b.1 2025-06-22 05:20:00.947 a 2025-06-22-05:20:00 228 246 268 6.7 9.4 11.3 11.8 29.4 725.3 0.00 0 0.0 14.9 23.9 23.4 3.633  -45.8   14.9   27.2  31   -1.9  17 0 0 1 2 1 0 11.7 33.4 11.7 33.8 80.0 100 100 20 408 0 143 0 400 402 400 0 0 0 59 50 AUTO 0 
b.1 2025-06-22 05:21:01.546 a 2025-06-22-05:21:01 223 246 266 5.0 9.0 11.8 11.5 29.8 725.3 0.00 0 0.0 14.9 23.9 23.4 3.633  -45.6   14.9   26.9  31   -1.9  17 0 0 1 2 1 0 11.8 33.2 11.7 33.6 80.0 100 100 20 408 0 143 0 401 401 400 0 0 0 59 50 AUTO 0 
b.1 2025-06-22 05:22:01.591 a 2025-06-22-05:22:01 231 247 265 4.5 9.0 11.2 11.7 29.1 725.3 0.00 0 0.0 14.8 23.7 23.4 3.633  -45.3   15.0   25.9  31   -1.9  17 0 0 1 2 1 0 11.8 32.9 11.7 33.4 80.0 100 100 20 408 0 143 0 401 401 399 0 0 0 60 50 AUTO 0 
b.1 2025-06-22 05:23:00.569 a 2025-06-22-05:23:00 228 247 267 2.0 9.1 11.8 11.7 29.4 725.3 0.00 0 0.0 14.8 23.6 23.4 3.633  -45.9   15.0   26.9  31   -2.0  17 0 0 1 2 1 0 11.8 33.0 11.8 33.4 80.0 100 100 20 408 0 143 0 401 401 400 0 0 0 59 50 AUTO 0 
b.1 2025-06-22 05:24:01.311 a 2025-06-22-05:24:00 145 246 268 0.9 8.5 11.4 11.7 29.0 725.3 0.00 0 0.0 14.8 23.7 23.4 3.633  -46.1   15.1   25.1  31   -1.9  17 0 0 1 2 1 0 11.8 32.8 11.8 33.2 80.0 100 100 20 408 0 143 0 401 402 400 0 0 0 60 50 AUTO 0 
b.1 2025-06-22 05:25:02.571 a 2025-06-22-05:25:02 225 247 267 4.2 8.8 11.4 11.7 29.0 725.3 0.00 0 0.0 14.7 23.2 23.4 3.633  -46.5   15.1   25.4  31   -1.9  17 0 0 1 2 1 0 11.8 32.9 11.8 33.3 80.0 100 100 20 408 0 143 0 401 402 400 0 0 0 60 50 AUTO 0 
b.1 2025-06-22 05:26:01.509 a 2025-06-22-05:26:01 227 247 266 4.3 9.1 11.6 11.7 28.9 725.3 0.00 0 0.0 14.7 23.6 23.4 3.633  -44.6   15.2   27.3  31   -1.9  17 0 0 1 2 1 0 11.8 32.9 11.8 33.3 80.0 100 100 20 408 0 143 0 401 401 400 0 0 0 60 50 AUTO 0 
b.1 2025-06-22 05:27:01.229 a 2025-06-22-05:27:00 223 247 270 2.6 9.2 11.2 11.7 28.9 725.3 0.00 0 0.0 14.9 23.8 23.4 3.633  -45.4   15.2   26.8  31   -1.9  17 0 0 1 2 1 0 11.9 32.4 11.8 32.9 80.0 100 100 20 408 0 143 0 402 401 400 0 0 0 60 50 AUTO 0 
b.1 2025-06-22 05:28:00.210 a 2025-06-22-05:27:59 231 244 273 4.4 8.7 10.9 11.7 29.0 725.3 0.00 0 0.0 15.0 24.0 24.5 3.627  -45.6   15.2   27.0  31   -2.0  17 0 0 1 2 1 0 11.9 32.7 11.9 33.1 80.0 100 100 21 408 0 143 0 402 401 400 0 0 0 59 50 AUTO 0 
b.1 2025-06-22 05:29:01.651 a 2025-06-22-05:29:01 225 242 274 3.7 8.6 11.6 11.8 28.6 725.4 0.00 0 0.0 15.0 24.1 24.4 3.626  -44.9   15.3   26.4  30   -2.0  17 0 0 1 2 1 0 11.9 32.7 11.9 33.1 80.0 100 100 21 408 0 143 0 401 401 400 0 0 0 59 50 AUTO 0 
b.1 2025-06-22 05:30:02.430 a 2025-06-22-05:30:02 190 245 268 2.9 8.8 11.2 11.7 28.8 725.3 0.00 0 0.0 14.9 23.9 23.4 3.633  -45.9   15.3   26.6  30   -2.0  17 0 0 1 2 1 0 11.9 32.7 11.9 33.1 80.0 100 100 20 408 0 143 0 401 401 400 0 0 0 59 50 AUTO 0 
b.1 2025-06-22 05:31:01.691 a 2025-06-22-05:31:01 216 243 266 5.0 8.9 11.3 11.7 29.0 725.3 0.00 0 0.0 14.8 23.6 23.4 3.633  -46.9   15.3   27.6  30   -2.0  17 0 0 1 2 1 0 11.9 32.7 11.9 33.1 80.0 100 100 20 408 0 143 0 401 401 400 0 0 0 59 50 AUTO 0 
b.1 2025-06-22 05:32:00.529 a 2025-06-22-05:32:00 221 244 262 4.1 9.2 11.9 11.8 28.9 725.3 0.00 0 0.0 14.7 23.3 23.4 3.633  -45.7   15.3   30.0  30   -2.0  17 0 0 1 3 1 1 11.8 32.8 11.8 33.2 80.0 100 100 20 408 0 143 0 401 401 400 0 0 0 60 50 AUTO 0 
b.1 2025-06-22 05:33:00.950 a 2025-06-22-05:33:00 225 246 265 2.9 8.6 11.9 11.8 29.1 725.4 0.00 0 0.0 14.7 23.2 23.4 3.633  -46.0   15.3   27.8  30   -2.0  17 0 0 1 2 1 0 11.8 32.8 11.8 33.2 80.0 100 100 20 408 0 143 0 401 401 400 0 0 0 60 50 AUTO 0 
b.1 2025-06-22 05:34:01.650 a 2025-06-22-05:34:01 221 243 263 3.9 8.4 11.2 11.7 29.2 725.4 0.00 0 0.0 14.7 23.2 23.4 3.633  -46.1   15.3   27.1  30   -2.0  17 0 0 1 2 1 0 11.8 32.9 11.8 33.2 80.0 100 100 20 408 0 143 0 401 401 400 0 0 0 59 50 AUTO 0 
b.1 2025-06-22 05:35:01.173 a 2025-06-22-05:35:00 201 243 261 2.3 8.6 11.2 11.7 29.3 725.3 0.00 0 0.0 14.8 24.0 23.4 3.633  -46.9   15.4   28.7  30   -2.0  17 0 0 1 2 1 0 11.8 32.9 11.8 33.3 80.0 100 100 20 408 0 143 0 401 402 399 0 0 0 59 50 AUTO 0 
b.1 2025-06-22 05:36:00.391 a 2025-06-22-05:35:59 218 242 261 5.8 8.8 10.9 11.6 29.2 725.3 0.00 0 0.0 15.0 24.1 24.4 3.627  -46.2   15.3   29.4  30   -2.0  17 0 0 1 2 1 0 11.8 33.0 11.8 33.3 80.0 100 100 20 408 0 143 0 402 401 400 0 0 0 59 50 AUTO 0 
b.1 2025-06-22 05:37:00.490 a 2025-06-22-05:37:00 225 242 262 3.9 8.9 11.4 11.6 29.2 725.3 0.00 0 0.0 15.0 24.1 24.5 3.627  -46.7   15.3   30.2  30   -2.0  17 0 0 1 3 1 1 11.8 33.0 11.8 33.4 80.0 100 100 20 408 0 143 0 402 401 400 0 0 0 59 50 AUTO 0 
b.1 2025-06-22 05:38:01.591 a 2025-06-22-05:38:01 200 242 260 4.7 8.7 11.4 11.6 29.2 725.3 0.00 0 0.0 15.0 24.1 24.5 3.627  -45.8   15.3   28.6  30   -2.0  17 0 0 1 2 1 0 11.8 32.9 11.8 33.3 80.0 100 100 20 408 0 143 0 401 402 400 0 0 0 60 50 AUTO 0 
b.1 2025-06-22 05:39:00.509 a 2025-06-22-05:39:00 223 242 259 4.7 8.4 10.5 11.6 29.4 725.3 0.00 0 0.0 15.0 23.9 23.4 3.634  -46.0   15.4   28.0  30   -2.0  17 0 0 1 2 1 0 11.8 32.9 11.8 33.3 80.0 100 100 20 408 0 143 0 401 402 400 0 0 0 60 50 AUTO 0 
b.1 2025-06-22 05:40:00.374 a 2025-06-22-05:39:59 222 242 295 2.4 8.7 11.2 11.7 29.1 725.3 0.00 0 0.0 14.8 23.8 23.4 3.633  -45.7   15.4   27.2  30   -2.0  17 0 0 1 2 1 0 11.8 32.9 11.8 33.2 80.0 100 100 20 408 0 143 0 401 401 399 0 0 0 59 50 AUTO 0 
b.1 2025-06-22 05:41:01.671 a 2025-06-22-05:41:01 220 241 256 5.6 8.8 11.1 11.7 29.1 725.3 0.00 0 0.0 14.7 23.2 23.4 3.633  -45.9   15.4   28.8  30   -2.0  17 0 0 1 2 1 0 11.8 32.9 11.8 33.2 80.0 100 100 20 408 0 143 0 401 401 399 0 0 0 60 50 AUTO 0 
b.1 2025-06-22 05:42:01.052 a 2025-06-22-05:42:00 222 241 257 5.9 8.8 11.2 11.7 28.8 725.4 0.00 0 0.0 14.7 23.2 23.4 3.633  -45.9   15.4   28.9  30   -2.0  17 0 0 1 2 1 0 11.8 32.8 11.8 33.2 80.0 100 100 20 408 0 143 0 402 401 400 0 0 0 60 50 AUTO 0 
b.1 2025-06-22 05:43:00.813 a 2025-06-22-05:43:00 220 241 262 4.4 8.3 10.7 11.7 29.2 725.3 0.00 0 0.0 14.7 23.3 23.4 3.633  -46.5   15.4   28.1  30   -2.1  17 0 0 1 2 1 0 11.8 32.8 11.8 33.1 80.0 100 100 20 408 0 143 0 401 401 400 0 0 0 60 50 AUTO 0 
b.1 2025-06-22 05:43:59.789 a 2025-06-22-05:43:59 221 240 258 5.9 8.6 11.1 11.8 29.2 725.3 0.00 0 0.0 14.8 23.8 23.4 3.633  -46.0   15.4   28.9  30   -2.1  17 0 0 1 2 1 0 11.8 32.8 11.9 33.0 80.0 100 100 20 408 0 143 0 401 401 400 0 0 0 59 50 AUTO 0 
b.1 2025-06-22 05:45:00.670 a 2025-06-22-05:45:00 218 239 260 6.2 8.9 11.2 11.7 29.0 725.3 0.00 0 0.0 14.9 24.1 24.5 3.626  -46.5   15.4   29.1  30   -2.1  17 0 0 1 2 1 0 11.8 32.6 11.9 32.8 80.0 100 100 20 408 0 143 0 402 401 400 0 0 0 60 50 AUTO 0 
b.1 2025-06-22 05:46:01.273 a 2025-06-22-05:46:00 221 241 260 5.8 9.0 11.3 11.7 29.1 725.3 0.00 0 0.0 15.0 24.1 24.5 3.626  -46.3   15.4   30.7  30   -2.1  17 0 0 1 3 1 1 11.9 32.7 11.9 32.8 80.0 100 100 20 408 0 143 0 401 401 400 0 0 0 59 50 AUTO 0 
b.1 2025-06-22 05:47:00.671 a 2025-06-22-05:47:00 216 242 261 4.5 8.9 11.5 11.7 29.1 725.3 0.00 0 0.0 15.0 24.1 24.5 3.626  -45.8   15.4   29.7  30   -2.1  17 0 0 1 2 1 0 11.8 32.7 11.9 32.9 80.0 100 100 20 408 0 143 0 401 402 400 0 0 0 60 50 AUTO 0 
b.1 2025-06-22 05:48:00.154 a 2025-06-22-05:47:59 222 242 267 6.4 9.2 11.2 11.7 29.1 725.3 0.00 0 0.0 14.9 23.8 23.4 3.634  -46.4   15.4   30.6  30   -2.1  17 0 0 1 3 1 1 11.8 32.7 11.9 32.9 80.0 100 100 20 408 0 143 0 401 402 400 0 0 0 60 50 AUTO 0 
b.1 2025-06-22 05:49:01.354 a 2025-06-22-05:49:00 222 242 258 6.3 9.2 11.1 11.6 29.1 725.3 0.00 0 0.0 14.8 23.7 23.6 3.632  -45.6   15.4   31.6  30   -2.1  17 0 0 1 3 1 1 11.8 32.7 11.8 32.9 80.0 100 100 20 408 0 143 0 401 401 400 0 0 0 60 50 AUTO 0 
b.1 2025-06-22 05:50:02.131 a 2025-06-22-05:50:01 205 242 268 1.8 8.5 11.1 11.6 29.1 725.3 0.00 0 0.0 14.7 23.3 23.4 3.633  -45.6   15.4   29.0  30   -2.1  17 0 0 1 2 1 0 11.8 32.7 11.9 32.9 80.0 100 100 20 408 0 143 0 401 401 400 0 0 0 60 50 AUTO 0 
b.1 2025-06-22 05:51:00.456 a 2025-06-22-05:51:00 217 240 262 5.6 9.0 11.5 11.6 29.1 725.3 0.00 0 0.0 14.7 23.3 23.4 3.633  -44.7   15.4   29.7  30   -2.1  17 0 0 1 2 1 0 11.8 32.6 11.8 32.8 80.0 100 100 20 408 0 143 0 402 401 400 0 0 0 59 50 AUTO 0 
b.1 2025-06-22 05:52:01.073 a 2025-06-22-05:52:00 217 241 265 3.1 8.8 11.1 11.6 28.9 725.3 0.00 0 0.0 14.7 23.3 23.4 3.633  -45.6   15.4   29.9  30   -2.1  17 0 0 1 2 1 0 11.8 32.5 11.8 32.8 80.0 100 100 20 408 0 143 0 402 402 400 0 0 0 59 50 AUTO 0 
b.1 2025-06-22 05:53:01.631 a 2025-06-22-05:53:01 216 241 264 5.0 9.2 11.1 11.6 28.4 725.3 0.00 0 0.0 14.8 23.7 23.4 3.633  -46.8   15.4   29.1  30   -2.1  17 0 0 1 2 1 0 11.8 32.4 11.8 32.6 80.0 100 100 20 408 0 143 0 401 401 400 0 0 0 60 50 AUTO 0 
b.1 2025-06-22 05:54:01.032 a 2025-06-22-05:54:00 218 239 253 6.8 9.2 11.3 11.7 28.4 725.3 0.00 0 0.0 14.9 24.0 23.4 3.633  -46.1   15.4   30.7  30   -2.2  17 0 0 1 3 1 1 11.8 32.3 11.8 32.5 80.0 100 100 21 408 0 143 0 401 401 400 0 0 0 60 50 AUTO 0 
b.1 2025-06-22 05:55:00.753 a 2025-06-22-05:55:00 221 240 255 4.1 8.8 10.9 11.7 28.5 725.3 0.00 0 0.0 14.9 24.1 24.5 3.626  -45.6   15.4   30.0  30   -2.2  17 0 0 1 2 1 0 11.8 32.4 11.8 32.6 80.0 100 100 21 408 0 143 0 401 401 399 0 0 0 59 50 AUTO 0 
b.1 2025-06-22 05:56:00.611 a 2025-06-22-05:56:00 217 241 260 4.5 8.7 10.5 11.7 28.8 725.3 0.00 0 0.0 15.0 24.1 24.5 3.627  -44.8   15.4   29.4  30   -2.1  17 0 0 1 2 1 0 11.8 32.6 11.8 32.8 80.0 100 100 21 408 0 143 0 401 402 399 0 0 0 60 50 AUTO 0 
b.1 2025-06-22 05:57:01.214 a 2025-06-22-05:57:00 220 242 261 5.9 8.6 10.8 11.6 28.7 725.3 0.00 0 0.0 14.9 23.9 23.4 3.633  -45.8   15.4   28.4  30   -2.2  17 0 0 1 2 1 0 11.8 32.6 11.8 32.9 80.0 100 100 21 408 0 143 0 401 401 400 0 0 0 60 50 AUTO 0 
b.1 2025-06-22 05:58:00.892 a 2025-06-22-05:58:00 222 240 261 5.2 8.6 10.9 11.7 29.2 725.3 0.00 0 0.0 14.9 23.7 23.4 3.633  -46.3   15.4   29.2  30   -2.2  17 0 0 1 2 1 0 11.8 32.7 11.8 33.0 80.0 100 100 21 408 0 143 0 401 401 400 0 0 0 59 50 AUTO 0 
b.1 2025-06-22 05:59:00.293 a 2025-06-22-05:58:59 220 241 264 4.7 8.3 10.4 11.7 29.2 725.3 0.00 0 0.0 14.7 23.3 23.4 3.633  -46.4   15.4   28.3  30   -2.2  17 0 0 1 2 1 0 11.8 32.6 11.8 32.9 80.0 100 100 21 408 0 143 0 401 401 400 0 0 0 60 50 AUTO 0 
b.1 2025-06-22 06:00:01.974 a 2025-06-22-06:00:01 226 240 262 6.5 8.7 10.8 11.6 29.2 725.3 0.00 0 0.0 14.6 23.3 23.4 3.633  -45.6   15.4   29.1  30   -2.2  17 0 0 1 2 1 0 11.8 32.7 11.8 33.0 80.0 100 100 21 408 0 143 0 401 401 400 0 0 0 59 50 AUTO 0 
b.1 2025-06-22 06:01:01.134 a 2025-06-22-06:01:00 222 240 263 6.1 8.8 10.3 11.6 29.5 725.3 0.00 0 0.0 14.7 23.3 23.4 3.633  -45.8   15.4   29.7  30   -2.2  17 0 0 1 2 1 0 11.8 32.9 11.8 33.2 80.0 100 100 21 408 0 143 0 401 401 400 0 0 0 60 50 AUTO 0 
b.1 2025-06-22 06:02:01.095 a 2025-06-22-06:02:00 198 242 262 5.9 8.7 10.6 11.5 29.5 725.3 0.00 0 0.0 14.7 23.3 23.4 3.633  -45.8   15.4   29.7  30   -2.2  17 0 0 1 2 1 0 11.8 33.0 11.7 33.3 80.0 100 100 21 408 0 143 0 401 401 399 0 0 0 60 50 AUTO 0 
b.1 2025-06-22 06:03:01.055 a 2025-06-22-06:03:00 221 241 259 6.1 8.6 10.6 11.5 29.4 725.3 0.00 0 0.0 14.8 24.0 23.4 3.633  -45.9   15.4   28.7  30   -2.2  17 0 0 1 2 1 0 11.8 33.0 11.7 33.3 80.0 100 100 21 408 0 143 0 401 401 400 0 0 0 59 50 AUTO 0 
b.1 2025-06-22 06:04:02.275 a 2025-06-22-06:04:01 222 238 258 4.3 8.5 10.7 11.5 29.6 725.3 0.00 0 0.0 14.9 24.1 24.5 3.626  -44.6   15.3   28.7  30   -2.2  17 0 0 1 2 1 0 11.8 32.9 11.7 33.2 80.0 100 100 21 408 0 143 0 401 401 400 0 0 0 60 50 AUTO 0 
b.1 2025-06-22 06:05:02.173 a 2025-06-22-06:05:01 217 240 267 5.8 8.6 11.2 11.4 29.6 725.3 0.00 0 0.0 15.0 24.1 24.5 3.627  -46.0   15.3   28.6  30   -2.2  17 0 0 1 2 1 0 11.7 33.2 11.7 33.5 80.0 100 100 21 408 0 143 0 401 401 399 0 0 0 59 50 AUTO 0 
b.1 2025-06-22 06:06:00.595 a 2025-06-22-06:06:00 216 241 264 4.6 8.5 10.6 11.5 29.9 725.3 0.00 0 0.0 15.0 24.0 24.5 3.633  -45.9   15.3   29.4  30   -2.1  17 0 0 1 2 1 0 11.7 33.2 11.7 33.6 80.0 100 100 21 408 0 143 0 401 401 400 0 0 0 60 50 AUTO 0 
b.1 2025-06-22 06:07:00.655 a 2025-06-22-06:07:00 224 241 257 5.4 8.5 10.5 11.4 29.8 725.3 0.00 0 0.0 14.9 23.3 23.4 3.633  -45.9   15.3   28.4  30   -2.1  17 0 0 1 2 1 0 11.7 33.2 11.7 33.6 80.0 100 100 21 408 0 143 0 401 401 399 0 0 0 60 50 AUTO 0 
b.1 2025-06-22 06:08:01.321 a 2025-06-22-06:08:00 222 242 260 5.2 8.6 10.9 11.5 29.9 725.3 0.00 0 0.0 14.6 23.2 23.4 3.633  -45.1   15.3   29.9  30   -2.1  17 0 0 1 2 1 0 11.7 33.3 11.7 33.7 80.0 100 100 21 408 0 143 0 401 401 400 0 0 0 60 50 AUTO 0 
b.1 2025-06-22 06:09:02.016 a 2025-06-22-06:09:01 222 243 266 4.4 8.4 10.3 11.5 30.0 725.3 0.00 0 0.0 14.6 22.6 23.4 3.633  -45.6   15.3   28.2  30   -2.1  17 0 0 1 2 1 0 11.7 33.3 11.7 33.7 80.0 100 100 21 408 0 143 0 401 401 400 0 0 0 60 50 AUTO 0 
b.1 2025-06-22 06:10:01.073 a 2025-06-22-06:10:00 220 242 263 5.0 8.3 10.2 11.5 29.7 725.3 0.00 0 0.0 14.8 23.3 23.4 3.634  -44.0   15.3   27.3  30   -2.1  17 0 0 1 2 1 0 11.7 33.1 11.7 33.4 80.0 100 100 21 408 0 143 0 401 401 400 0 0 0 59 50 AUTO 0 
b.1 2025-06-22 06:11:01.757 a 2025-06-22-06:11:01 228 243 263 5.4 9.0 10.6 11.5 29.8 725.3 0.00 0 0.0 14.9 24.0 23.4 3.633  -46.3   15.3   29.5  30   -2.2  17 0 0 1 2 1 0 11.7 33.4 11.7 33.8 80.0 100 100 21 408 0 143 0 402 401 400 0 0 0 60 50 AUTO 0 
b.1 2025-06-22 06:12:00.453 a 2025-06-22-06:11:59 222 243 266 4.9 8.7 10.2 11.5 29.7 725.3 0.00 0 0.0 15.1 24.1 24.5 3.626  -45.3   15.3   28.8  30   -2.1  17 0 0 1 2 1 0 11.7 33.4 11.7 33.8 80.0 100 100 21 408 0 143 0 402 401 400 0 0 0 59 50 AUTO 0 
b.1 2025-06-22 06:13:00.736 a 2025-06-22-06:13:00 215 241 259 5.4 8.6 10.2 11.5 30.0 725.3 0.00 0 0.0 15.0 24.1 24.5 3.626  -45.6   15.3   27.9  30   -2.1  17 0 0 1 2 1 0 11.7 33.5 11.7 33.9 80.0 100 100 21 408 0 143 0 401 401 400 0 0 0 60 50 AUTO 0 
b.1 2025-06-22 06:14:00.836 a 2025-06-22-06:14:00 223 242 266 5.5 8.2 10.0 11.5 30.0 725.3 0.00 0 0.0 14.9 23.9 23.4 3.634  -45.1   15.3   28.0  30   -2.1  17 0 0 1 2 1 0 11.7 33.5 11.6 33.9 80.0 100 100 20 408 0 143 0 401 401 400 0 0 0 59 50 AUTO 0 
b.1 2025-06-22 06:15:00.315 a 2025-06-22-06:14:59 229 242 264 6.6 8.3 10.2 11.5 30.0 725.4 0.00 0 0.0 14.8 23.6 23.4 3.633  -46.1   15.3   27.2  30   -2.1  17 0 0 1 2 1 0 11.7 33.5 11.6 33.9 80.0 100 100 20 408 0 143 0 402 401 400 0 0 0 60 50 AUTO 0 
b.1 2025-06-22 06:16:01.157 a 2025-06-22-06:16:00 222 244 264 5.3 8.4 10.2 11.5 29.9 725.4 0.00 0 0.0 14.8 23.6 23.4 3.633  -45.6   15.3   27.9  30   -2.1  17 0 0 1 2 1 0 11.7 33.4 11.7 33.8 80.0 100 100 20 408 0 143 0 401 401 400 0 0 0 59 50 AUTO 0 
b.1 2025-06-22 06:17:01.259 a 2025-06-22-06:17:00 219 243 257 4.1 8.4 10.2 11.3 29.9 725.3 0.00 0 0.0 14.8 23.3 23.4 3.634  -46.2   15.2   27.8  30   -2.1  17 0 0 1 2 1 0 11.7 33.4 11.7 33.8 80.0 100 100 20 408 0 143 0 401 401 400 0 0 0 60 50 AUTO 0 
b.1 2025-06-22 06:18:00.138 a 2025-06-22-06:17:59 222 243 264 4.7 8.4 10.4 11.3 29.8 725.3 0.00 0 0.0 14.8 23.7 23.4 3.634  -46.0   15.3   27.8  30   -2.1  17 0 0 1 2 1 0 11.7 33.4 11.6 33.8 80.0 100 100 20 408 0 143 0 401 401 399 0 0 0 59 50 AUTO 0 
b.1 2025-06-22 06:19:00.798 a 2025-06-22-06:19:00 221 245 259 3.3 8.7 10.6 11.4 29.5 725.3 0.00 0 0.0 14.9 23.8 23.4 3.633  -45.2   15.2   27.0  30   -2.1  17 0 0 1 2 1 0 11.7 33.2 11.6 33.5 80.0 100 100 20 408 0 143 0 401 401 400 0 0 0 59 50 AUTO 0 
b.1 2025-06-22 06:20:01.717 a 2025-06-22-06:20:01 225 244 264 4.3 8.3 10.1 11.4 29.6 725.3 0.00 0 0.0 14.9 23.9 23.4 3.633  -45.5   15.3   27.1  30   -2.1  17 0 0 1 2 1 0 11.7 33.1 11.7 33.4 80.0 100 100 20 408 0 143 0 401 402 399 0 0 0 59 50 AUTO 0 
b.1 2025-06-22 06:21:00.180 a 2025-06-22-06:20:59 227 245 266 5.8 8.7 10.4 11.4 29.6 725.3 0.00 0 0.0 14.8 23.9 23.4 3.633  -45.3   15.3   27.1  30   -2.1  17 0 0 1 2 1 0 11.7 33.0 11.7 33.4 80.0 100 100 20 408 0 143 0 401 401 399 0 0 0 60 50 AUTO 0 
b.1 2025-06-22 06:22:00.460 a 2025-06-22-06:21:59 231 246 267 4.7 8.3 10.4 11.4 29.6 725.3 0.00 0 0.0 14.9 23.9 23.4 3.633  -46.0   15.3   26.3  30   -2.1  17 0 0 1 2 1 0 11.7 32.6 11.7 33.0 80.0 100 100 20 408 0 143 0 401 402 400 0 0 0 59 50 AUTO 0 
b.1 2025-06-22 06:23:01.615 a 2025-06-22-06:23:01 225 246 275 4.0 8.4 10.0 11.4 29.2 725.3 0.00 0 0.0 14.9 23.9 23.4 3.634  -46.0   15.3   25.7  30   -2.2  17 0 0 1 2 1 0 11.7 32.6 11.8 32.8 80.0 100 100 20 408 0 143 0 401 401 400 0 0 0 60 50 AUTO 0 
b.1 2025-06-22 06:23:59.937 a 2025-06-22-06:23:59 229 246 261 3.8 8.2 10.3 11.5 29.1 725.3 0.00 0 0.0 14.9 23.9 23.4 3.633  -44.4   15.3   25.1  30   -2.2  17 0 0 1 2 1 0 11.8 32.4 11.8 32.6 80.0 100 100 21 408 0 144 0 401 401 400 0 0 0 59 50 AUTO 0 
b.1 2025-06-22 06:25:02.186 a 2025-06-22-06:25:01 232 247 267 3.3 8.2 10.1 11.5 29.1 725.3 0.00 0 0.0 14.9 23.9 23.4 3.633  -45.6   15.3   25.1  30   -2.2  17 0 0 1 2 1 0 11.8 32.5 11.8 32.7 80.0 100 100 21 408 0 143 0 401 402 400 0 0 0 59 50 AUTO 0 
b.1 2025-06-22 06:26:00.957 a 2025-06-22-06:26:00 217 247 264 3.3 8.4 10.5 11.6 29.0 725.3 0.00 0 0.0 14.9 23.7 23.4 3.633  -45.8   15.3   25.1  30   -2.2  17 0 0 1 2 1 0 11.8 32.9 11.9 33.0 80.0 100 100 21 408 0 143 3 401 402 400 0 2 2 59 50 AUTO 0 
b.1 2025-06-22 06:27:00.040 a 2025-06-22-06:26:59 227 247 264 4.7 8.4 9.9 11.6 29.4 725.4 0.00 0 0.0 14.8 23.6 23.4 3.634  -45.1   15.3   25.4  30   -2.2  17 0 0 1 2 1 0 11.8 32.7 11.8 33.0 80.0 100 100 21 408 0 143 0 401 401 400 0 0 0 60 50 AUTO 0 
b.1 2025-06-22 06:28:01.196 a 2025-06-22-06:28:00 231 247 264 5.0 8.1 9.8 11.6 29.3 725.3 0.00 0 0.0 14.8 23.6 23.4 3.633  -45.3   15.3   24.7  30   -2.2  17 0 0 1 2 1 0 11.8 32.7 11.8 33.0 80.0 100 100 21 408 0 143 0 401 401 400 0 0 0 59 50 AUTO 0 
b.1 2025-06-22 06:29:01.619 a 2025-06-22-06:29:01 226 247 268 3.6 7.7 9.5 11.6 29.4 725.4 0.00 0 0.0 14.9 23.7 23.4 3.633  -43.6   15.3   23.3  30   -2.2   5 0 0 1 2 1 0 11.8 32.7 11.7 33.0 80.0 100 100 20 408 0 143 0 401 401 399 0 0 0 60 50 AUTO 0 
b.1 2025-06-22 06:30:00.220 a 2025-06-22-06:29:59 231 247 265 4.8 7.9 9.7 11.6 28.9 725.4 0.00 0 0.0 14.9 23.7 23.4 3.633  -43.9   15.3   23.5  30   -2.2   9 0 0 1 2 1 0 11.7 32.6 11.7 32.9 80.0 100 100 20 408 0 143 0 401 401 400 0 0 0 59 50 AUTO 0 
b.1 2025-06-22 06:31:01.476 a 2025-06-22-06:31:00 232 246 263 4.0 7.7 9.6 11.6 29.1 725.3 0.00 0 0.0 14.9 23.9 23.4 3.633  -44.6   15.3   22.3  30   -2.2  18 0 0 1 2 1 0 11.8 32.6 11.7 32.9 80.0 100 100 20 408 0 143 0 401 401 400 0 0 0 59 50 AUTO 0 
b.1 2025-06-22 06:31:59.941 a 2025-06-22-06:31:59 231 248 266 3.9 7.8 9.4 11.6 29.0 725.3 0.00 0 0.0 14.9 23.9 23.4 3.633  -44.5   15.3   22.9  30   -2.2  17 0 0 1 2 1 0 11.7 32.5 11.7 32.9 80.0 100 100 20 408 0 143 0 401 402 400 0 0 0 59 50 AUTO 0 
b.1 2025-06-22 06:33:01.338 a 2025-06-22-06:33:00 234 249 263 4.5 7.4 9.7 11.6 29.0 725.4 0.00 0 0.0 15.0 23.9 23.4 3.637  -45.3   15.3   20.6  30   -2.2  17 0 0 1 2 1 0 11.8 32.4 11.8 32.7 80.0 100 100 20 408 0 143 0 401 401 400 0 0 0 60 50 AUTO 0 
b.1 2025-06-22 06:34:01.336 a 2025-06-22-06:34:00 235 249 266 5.1 7.9 9.6 11.6 29.4 725.4 0.00 0 0.0 14.9 24.0 23.4 3.633  -45.0   15.4   21.8  30   -2.2  17 0 0 1 2 1 0 11.8 32.4 11.8 32.7 80.0 100 100 20 408 0 143 0 402 401 400 0 0 0 59 50 AUTO 0 
b.1 2025-06-22 06:35:00.316 a 2025-06-22-06:34:59 232 248 265 5.6 8.0 9.9 11.6 29.2 725.4 0.00 0 0.0 14.9 23.9 23.4 3.633  -45.0   15.4   23.1  30   -2.2  17 0 0 1 2 1 0 11.8 32.4 11.8 32.8 80.0 100 100 20 408 0 143 0 402 401 400 0 0 0 59 50 AUTO 0 
b.1 2025-06-22 06:35:59.940 a 2025-06-22-06:35:59 223 248 264 2.2 7.5 9.8 11.6 29.0 725.4 0.00 0 0.0 14.8 23.7 23.4 3.633  -43.0   15.4   21.8  30   -2.2   5 0 0 1 2 1 0 11.8 32.4 11.8 32.7 80.0 100 100 20 408 0 143 0 401 402 399 0 0 0 59 50 AUTO 0 
b.1 2025-06-22 06:37:01.381 a 2025-06-22-06:37:00 227 249 273 4.0 7.4 9.4 11.6 28.8 725.4 0.00 0 0.0 14.8 23.8 23.4 3.633  -43.7   15.4   20.7  30   -2.2  14 0 0 1 2 1 0 11.8 32.1 11.8 32.5 80.0 100 100 20 408 0 143 0 401 401 400 0 0 0 59 50 AUTO 0 
b.1 2025-06-22 06:38:00.924 a 2025-06-22-06:38:00 221 248 265 4.7 7.5 9.4 11.6 29.2 725.4 0.00 0 0.0 14.8 23.7 23.4 3.633  -44.5   15.4   20.2  30   -2.3  15 0 0 1 2 1 0 11.8 32.2 11.8 32.6 80.0 100 100 20 408 0 143 0 401 401 400 0 0 0 60 50 AUTO 0 
b.1 2025-06-22 06:39:02.078 a 2025-06-22-06:39:01 225 248 262 4.0 7.5 9.5 11.6 29.1 725.4 0.00 0 0.0 14.8 23.9 23.4 3.633  -44.8   15.4   20.3  30   -2.2  15 0 0 1 2 1 0 11.8 32.3 11.8 32.7 80.0 100 100 20 408 0 143 0 401 401 400 0 0 0 60 50 AUTO 0 
b.1 2025-06-22 06:40:01.561 a 2025-06-22-06:40:01 224 247 274 3.6 7.5 9.6 11.6 29.1 725.4 0.00 0 0.0 14.9 23.7 23.4 3.633  -44.5   15.4   20.8  30   -2.3  15 0 0 1 2 1 0 11.8 32.2 11.8 32.6 80.0 100 100 20 408 0 143 0 401 402 399 0 0 0 59 50 AUTO 0 
b.1 2025-06-22 06:41:01.599 a 2025-06-22-06:41:01 220 245 272 3.6 7.7 9.6 11.6 28.6 725.4 0.00 0 0.0 14.9 23.9 23.4 3.633  -44.9   15.4   22.0  30   -2.3  16 0 0 1 2 1 0 11.8 32.2 11.8 32.5 80.0 100 100 20 408 0 143 0 401 401 400 0 0 0 59 50 AUTO 0 
b.1 2025-06-22 06:42:00.798 a 2025-06-22-06:42:00 225 246 265 4.8 7.8 9.3 11.6 29.0 725.4 0.00 0 0.0 15.0 23.9 23.4 3.633  -44.8   15.4   22.7  30   -2.3  16 0 0 1 2 1 0 11.8 32.3 11.8 32.7 80.0 100 100 20 408 0 143 0 401 401 400 0 0 0 59 50 AUTO 0 
b.1 2025-06-22 06:43:00.242 a 2025-06-22-06:42:59 228 248 263 4.5 8.0 9.7 11.6 28.8 725.4 0.00 0 0.0 14.9 23.9 23.4 3.633  -45.0   15.4   22.8  30   -2.3  16 0 0 1 2 1 0 11.8 32.3 11.7 32.6 80.0 100 100 20 408 0 143 0 401 402 400 0 0 0 59 50 AUTO 0 
b.1 2025-06-22 06:44:02.460 a 2025-06-22-06:44:01 209 246 275 2.0 7.9 9.8 11.6 28.8 725.3 0.00 0 0.0 14.9 23.9 23.4 3.633  -45.1   15.4   23.4  30   -2.3  16 0 0 1 2 1 0 11.8 32.4 11.7 32.8 80.0 100 100 20 408 0 143 0 401 401 400 0 0 0 60 50 AUTO 0 
b.1 2025-06-22 06:45:00.878 a 2025-06-22-06:45:00 230 247 265 4.3 7.5 9.1 11.5 29.4 725.3 0.00 0 0.0 14.9 23.9 23.4 3.633  -44.9   15.4   22.1  30   -2.3  16 0 0 1 2 1 0 11.8 32.4 11.7 32.8 80.0 100 100 20 408 0 143 0 401 401 399 0 0 0 60 50 AUTO 0 
b.1 2025-06-22 06:46:00.461 a 2025-06-22-06:45:59 234 248 263 5.1 7.6 9.2 11.5 29.3 725.3 0.00 0 0.0 14.9 23.9 23.4 3.633  -44.7   15.4   22.7  30   -2.3  16 0 0 1 2 1 0 11.7 32.4 11.7 32.8 80.0 100 100 20 408 0 143 0 401 401 400 0 0 0 60 50 AUTO 0 
b.1 2025-06-22 06:47:00.461 a 2025-06-22-06:46:59 229 248 261 4.5 7.5 9.0 11.5 29.4 725.3 0.00 0 0.0 14.8 23.6 23.4 3.633  -45.0   15.4   22.0  30   -2.3  16 0 0 1 2 1 0 11.7 32.5 11.7 32.9 80.0 100 100 20 408 0 143 0 401 401 400 0 0 0 60 50 AUTO 0 
b.1 2025-06-22 06:48:01.305 a 2025-06-22-06:48:00 228 248 264 4.8 7.8 9.1 11.5 29.2 725.3 0.00 0 0.0 14.8 23.7 23.4 3.633  -44.7   15.4   22.7  30   -2.3  16 0 0 1 2 1 0 11.7 32.6 11.7 33.0 80.0 100 100 20 408 0 143 0 401 401 400 0 0 0 60 50 AUTO 0 
b.1 2025-06-22 06:49:01.443 a 2025-06-22-06:49:00 230 248 266 4.8 7.4 9.2 11.5 29.0 725.3 0.00 0 0.0 14.8 23.6 23.4 3.633  -44.7   15.4   21.9  30   -2.3  16 0 0 1 2 1 0 11.7 32.3 11.7 32.7 80.0 100 100 20 408 0 143 0 401 401 400 0 0 0 59 50 AUTO 0 
b.1 2025-06-22 06:50:01.660 a 2025-06-22-06:50:01 235 248 266 3.7 7.2 8.9 11.5 29.2 725.3 0.00 0 0.0 14.8 23.6 23.4 3.634  -45.0   15.4   21.3  30   -2.3  16 0 0 1 2 1 0 11.7 32.3 11.7 32.7 80.0 100 100 20 408 0 143 0 401 402 400 0 0 0 60 50 AUTO 0 
b.1 2025-06-22 06:51:00.638 a 2025-06-22-06:51:00 230 249 270 4.8 7.3 9.4 11.5 29.1 725.3 0.00 0 0.0 14.8 23.9 23.4 3.634  -44.4   15.4   20.7  30   -2.3  16 0 0 1 2 1 0 11.7 32.4 11.6 32.8 80.0 100 100 20 408 0 143 0 401 401 400 0 0 0 59 50 AUTO 0 
b.1 2025-06-22 06:52:00.000 a 2025-06-22-06:51:59 231 249 265 5.4 7.6 8.8 11.5 29.1 725.3 0.00 0 0.0 14.8 23.9 23.4 3.633  -44.9   15.4   21.9  30   -2.3  16 0 0 1 2 1 0 11.7 32.5 11.6 32.8 80.0 100 100 20 408 0 143 0 401 401 400 0 0 0 60 50 AUTO 0 
b.1 2025-06-22 06:53:01.819 a 2025-06-22-06:53:01 234 249 264 4.2 7.6 9.1 11.5 28.7 725.3 0.00 0 0.0 14.9 23.7 23.4 3.633  -44.4   15.4   20.6  30   -2.3  16 0 0 1 2 1 0 11.7 31.8 11.7 32.3 80.0 100 100 20 408 0 143 0 401 402 400 0 0 0 60 50 AUTO 0 
b.1 2025-06-22 06:54:00.101 a 2025-06-22-06:53:59 239 250 268 5.0 7.4 9.2 11.6 28.5 725.3 0.00 0 0.0 14.9 23.8 23.4 3.634  -44.5   15.4   19.6  29   -2.3  16 0 0 1 2 1 0 11.7 31.7 11.7 32.1 80.0 100 100 20 408 0 143 0 401 402 400 0 0 0 60 50 AUTO 0 
b.1 2025-06-22 06:55:01.759 a 2025-06-22-06:55:01 234 249 265 3.5 7.3 9.2 11.8 28.1 725.3 0.00 0 0.0 14.9 24.1 24.5 3.633  -43.2   15.4   18.1  29   -2.3   9 0 0 1 2 1 0 11.8 31.0 11.8 31.4 80.0 100 100 20 408 0 143 0 401 401 400 0 0 0 59 50 AUTO 0 
b.1 2025-06-22 06:56:01.061 a 2025-06-22-06:56:00 237 250 263 4.9 7.6 8.9 11.8 28.1 725.3 0.00 0 0.0 15.0 24.1 24.5 3.634  -43.6   15.4   18.3  29   -2.4  14 0 0 1 2 1 0 11.9 30.8 11.9 31.2 80.0 100 100 20 408 0 143 0 402 401 400 0 0 0 60 50 AUTO 0 
b.1 2025-06-22 06:57:00.263 a 2025-06-22-06:56:59 235 249 272 4.0 7.1 8.9 12.0 27.7 725.3 0.00 0 0.0 15.0 24.1 24.5 3.627  -44.1   15.5   17.0  29   -2.4  15 0 0 1 2 1 0 12.0 30.6 11.9 31.0 80.0 100 100 20 408 0 143 0 401 401 400 0 0 0 60 50 AUTO 0 
b.1 2025-06-22 06:58:00.825 a 2025-06-22-06:58:00 234 250 268 2.5 7.0 8.8 12.1 27.2 725.3 0.00 0 0.0 14.9 23.7 23.4 3.633  -43.7   15.5   15.9  29   -2.4  15 0 0 1 2 1 0 12.0 29.8 12.0 30.3 80.0 100 100 20 408 0 143 0 401 401 399 0 0 0 60 50 AUTO 0 
b.1 2025-06-22 06:59:00.184 a 2025-06-22-06:58:59 237 250 271 4.1 7.4 8.8 12.2 26.5 725.3 0.00 0 0.0 14.9 23.9 23.4 3.633  -43.5   15.6   16.2  29   -2.4  15 0 0 1 2 1 0 12.2 29.3 12.3 29.6 80.0 100 100 20 408 0 143 0 401 401 400 0 0 0 60 50 AUTO 0 
b.1 2025-06-22 07:00:00.164 a 2025-06-22-06:59:59 235 250 270 2.0 6.8 8.6 12.4 26.5 725.3 0.00 0 0.0 14.8 23.6 23.4 3.633  -43.7   15.6   15.6  29   -2.4  15 0 0 1 2 1 0 12.3 29.5 12.4 29.7 80.0 100 100 20 408 0 132 0 401 401 400 0 0 0 60 50 AUTO 0 
b.1 2025-06-22 07:01:01.183 a 2025-06-22-07:01:00 234 251 266 4.1 6.9 8.6 12.4 26.6 725.3 0.00 0 0.0 14.8 23.6 23.4 3.633  -43.9   15.7   15.5  29   -2.4  15 0 0 1 2 1 0 12.4 29.2 12.5 29.3 80.0 100 100 20 408 0 143 0 401 401 400 0 0 0 60 50 AUTO 0 
b.1 2025-06-22 07:02:01.381 a 2025-06-22-07:02:00 228 249 268 2.4 6.8 8.9 12.5 26.3 725.3 0.00 0 0.0 14.9 23.9 23.4 3.633  -43.9   15.8   15.4  29   -2.4  15 0 0 1 2 1 0 12.4 29.2 12.5 29.3 80.0 100 100 20 408 0 143 12 401 401 399 0 2 2 59 50 AUTO 0 
b.1 2025-06-22 07:03:01.341 a 2025-06-22-07:03:00 231 250 262 4.7 7.0 8.5 12.5 26.5 725.3 0.00 0 0.0 15.0 24.1 24.5 3.627  -43.3   15.8   16.0  29   -2.4  15 0 0 1 2 1 0 12.4 29.5 12.4 29.6 80.0 100 100 20 408 0 109 0 401 401 400 0 0 0 60 50 AUTO 0 
b.1 2025-06-22 07:04:01.384 a 2025-06-22-07:04:00 228 251 268 4.6 6.6 8.2 12.6 26.4 725.3 0.00 0 0.0 15.0 24.1 24.5 3.626  -43.8   15.9   15.0  28   -2.4  15 0 0 1 1 1 0 12.3 29.6 12.4 29.8 80.0 100 100 20 408 0 119 0 402 401 400 0 0 0 59 50 AUTO 0 
b.1 2025-06-22 07:05:01.081 a 2025-06-22-07:05:00 228 250 268 3.0 6.3 8.1 12.6 26.3 725.3 0.00 0 0.0 14.9 23.9 23.4 3.633  -44.2   16.0   14.4  28   -2.3  15 0 0 1 1 1 0 12.3 29.8 12.3 30.0 80.0 100 100 20 408 0 123 0 402 401 400 0 0 0 59 50 AUTO 0 
b.1 2025-06-22 07:06:01.543 a 2025-06-22-07:06:00 223 251 270 2.1 6.0 7.9 12.7 26.4 725.3 0.00 0 0.0 14.9 23.6 23.4 3.633  -43.5   16.0   13.8  28   -2.3  15 0 0 1 1 1 0 12.2 29.8 12.3 30.0 80.0 100 99 20 408 0 127 0 402 401 400 0 0 0 60 50 AUTO 0 
b.1 2025-06-22 07:07:01.160 a 2025-06-22-07:07:00 221 249 265 1.6 5.8 8.1 12.7 26.6 725.3 0.00 0 0.0 14.7 23.6 23.4 3.633  -44.3   16.0   13.9  28   -2.3  15 0 0 1 1 1 0 12.2 29.9 12.3 30.2 80.0 100 100 20 408 0 120 0 401 401 400 0 0 0 60 50 AUTO 0 
b.1 2025-06-22 07:08:01.447 a 2025-06-22-07:08:00 180 252 268 0.9 6.3 8.5 12.5 26.4 725.3 0.00 0 0.0 14.8 23.7 23.4 3.633  -42.5   16.0   14.0  28   -2.3  11 0 0 1 1 1 0 12.2 29.9 12.2 30.1 80.0 100 100 20 408 0 122 0 401 401 400 0 0 0 60 50 AUTO 0 
b.1 2025-06-22 07:09:01.101 a 2025-06-22-07:09:00 225 252 268 2.1 6.2 8.5 12.6 26.5 725.3 0.00 0 0.0 14.9 24.1 24.4 3.627  -43.3   16.1   13.8  28   -2.4  16 0 0 1 1 1 0 12.2 29.9 12.2 30.1 80.0 100 100 20 408 0 119 0 401 401 400 0 0 0 59 50 AUTO 0 
b.1 2025-06-22 07:10:01.345 a 2025-06-22-07:10:00 145 253 269 1.3 6.4 8.1 12.6 26.4 725.4 0.00 0 0.0 15.0 24.1 24.5 3.627  -43.9   16.1   14.2  28   -2.4  14 0 0 1 1 1 0 12.2 29.9 12.2 30.1 80.0 100 100 20 408 0 119 0 401 401 399 0 0 0 59 50 AUTO 0 
b.1 2025-06-22 07:11:01.484 a 2025-06-22-07:11:00 237 253 266 2.1 6.4 8.4 12.6 26.4 725.3 0.00 0 0.0 15.0 24.1 24.5 3.626  -43.8   16.1   13.9  28   -2.4  14 0 0 1 1 1 0 12.1 29.9 12.1 30.2 80.0 100 100 20 408 0 118 0 400 402 400 0 0 0 60 50 AUTO 0 
b.1 2025-06-22 07:12:01.444 a 2025-06-22-07:12:00 224 255 267 2.7 6.8 8.2 12.6 26.4 725.3 0.00 0 0.0 14.9 24.0 23.4 3.633  -43.9   16.1   15.2  28   -2.4  14 0 0 1 2 1 0 12.1 30.0 12.1 30.3 80.0 100 100 20 408 0 120 0 401 401 400 0 0 0 59 50 AUTO 0 
b.1 2025-06-22 07:13:01.065 a 2025-06-22-07:13:00 239 257 281 2.9 6.7 8.3 12.7 26.5 725.4 0.00 0 0.0 14.8 23.6 23.4 3.634  -44.3   16.2   15.3  28   -2.4  14 0 0 1 2 1 0 12.2 30.0 12.1 30.3 80.0 100 100 20 408 0 120 0 401 401 400 0 0 0 59 50 AUTO 0 
b.1 2025-06-22 07:14:00.604 a 2025-06-22-07:14:00 227 256 281 2.6 6.5 8.3 12.6 26.6 725.3 0.00 0 0.0 14.7 23.6 23.4 3.633  -44.3   16.2   15.8  28   -2.4  14 0 0 1 2 1 0 12.1 30.0 12.1 30.3 80.0 100 100 20 408 0 118 0 401 401 400 0 0 0 59 50 AUTO 0 
b.1 2025-06-22 07:15:00.841 a 2025-06-22-07:15:00 090 256 280 1.0 6.7 8.4 12.6 26.5 725.3 0.00 0 0.0 14.9 23.9 23.4 3.635  -43.9   16.2   16.4  28   -2.4  14 0 0 1 2 1 0 12.1 30.0 12.1 30.3 80.0 100 100 20 408 0 118 0 402 401 400 0 0 0 60 50 AUTO 0 
b.1 2025-06-22 07:16:01.641 a 2025-06-22-07:16:01 238 256 272 1.8 6.5 8.4 12.6 26.6 725.3 0.00 0 0.0 14.9 24.1 24.5 3.634  -43.4   16.2   16.5  28   -2.4  14 0 0 1 2 1 0 12.1 30.0 12.1 30.2 80.0 100 100 20 408 0 116 0 401 401 400 0 0 0 60 50 AUTO 0 
b.1 2025-06-22 07:17:01.461 a 2025-06-22-07:17:00 183 256 288 1.9 6.2 7.9 12.6 26.6 725.3 0.00 0 0.0 15.0 24.1 24.5 3.628  -43.6   16.2   15.6  28   -2.4  14 0 0 1 2 1 0 12.2 29.9 12.1 30.3 80.0 100 100 20 408 0 118 0 401 401 400 0 0 0 59 50 AUTO 0 
b.1 2025-06-22 07:18:01.084 a 2025-06-22-07:18:00 232 256 273 3.1 6.7 8.1 12.5 26.6 725.3 0.00 0 0.0 14.9 23.9 23.4 3.634  -43.6   16.3   16.5  28   -2.4  14 0 0 1 2 1 0 12.1 30.0 12.1 30.3 80.0 100 100 20 408 0 118 0 401 401 399 0 0 0 60 50 AUTO 0 
b.1 2025-06-22 07:19:01.780 a 2025-06-22-07:19:01 192 257 274 1.4 6.2 8.3 12.5 26.6 725.3 0.00 0 0.0 14.9 23.9 23.4 3.633  -43.8   16.3   15.6  28   -2.4  14 0 0 1 2 1 0 12.2 30.0 12.1 30.3 80.0 100 100 20 408 0 118 0 402 401 400 0 0 0 60 50 AUTO 0 
b.1 2025-06-22 07:20:02.240 a 2025-06-22-07:20:01 116 257 275 1.5 6.7 7.9 12.5 26.6 725.3 0.00 0 0.0 14.9 23.9 23.4 3.633  -43.5   16.3   16.5  28   -2.4  14 0 0 1 2 1 0 12.2 30.0 12.1 30.3 80.0 100 100 20 408 0 119 0 401 401 400 0 0 0 60 50 AUTO 0 
b.1 2025-06-22 07:21:00.845 a 2025-06-22-07:21:00 228 259 277 2.0 6.6 7.8 12.6 26.6 725.3 0.00 0 0.0 14.7 23.3 23.4 3.633  -43.8   16.3   16.6  28   -2.4  14 0 0 1 2 1 0 12.2 30.0 12.1 30.3 80.0 100 100 20 408 0 120 0 401 401 400 0 0 0 60 50 AUTO 0 
b.1 2025-06-22 07:21:59.904 a 2025-06-22-07:21:59 217 258 267 1.6 6.5 7.8 12.7 26.6 725.3 0.00 0 0.0 14.8 24.0 24.5 3.626  -43.9   16.3   16.6  28   -2.4  14 0 0 1 2 1 0 12.2 29.9 12.2 30.3 80.0 100 100 20 408 0 117 0 401 401 400 0 0 0 60 50 AUTO 0 
b.1 2025-06-22 07:23:01.026 a 2025-06-22-07:23:00 239 258 267 2.1 6.6 7.8 12.7 26.6 725.3 0.00 0 0.0 14.9 24.1 24.5 3.627  -43.8   16.3   16.7  28   -2.4  14 0 0 1 2 1 0 12.2 29.9 12.2 30.2 80.0 100 100 20 408 0 116 0 401 401 399 0 0 0 59 50 AUTO 0 
b.1 2025-06-22 07:24:00.884 a 2025-06-22-07:24:00 247 259 270 3.1 6.6 7.7 12.7 26.4 725.3 0.00 0 0.0 15.0 24.1 24.5 3.627  -43.9   16.3   17.3  28   -2.4  14 0 0 1 2 1 0 12.2 29.9 12.2 30.2 80.0 100 100 20 408 0 117 0 401 402 400 0 0 0 60 50 AUTO 0 
b.1 2025-06-22 07:25:01.121 a 2025-06-22-07:25:00 236 260 293 1.4 6.4 7.7 12.7 26.5 725.3 0.00 0 0.0 15.0 24.1 24.4 3.628  -44.0   16.3   16.9  28   -2.4  14 0 0 1 2 1 0 12.2 29.9 12.2 30.2 80.0 100 100 20 408 0 122 0 402 401 400 0 0 0 60 50 AUTO 0 
b.1 2025-06-22 07:26:00.943 a 2025-06-22-07:26:00 144 258 273 0.8 6.5 7.6 12.7 26.5 725.3 0.00 0 0.0 14.8 23.7 23.4 3.633  -43.9   16.4   16.5  28   -2.4  14 0 0 1 2 1 0 12.2 29.9 12.2 30.2 80.0 100 100 20 408 0 122 0 401 402 399 0 0 0 59 50 AUTO 0 
b.1 2025-06-22 07:27:01.302 a 2025-06-22-07:27:00 202 260 268 3.5 6.3 7.5 12.6 24.9 725.3 0.00 0 0.0 14.9 23.9 23.4 3.633  -43.3   16.4   16.6  28   -2.4  14 0 0 1 2 1 0 12.2 29.7 12.2 29.9 80.0 100 100 20 408 0 123 0 401 401 400 0 0 0 59 50 AUTO 0 
b.1 2025-06-22 07:28:01.671 a 2025-06-22-07:28:01 239 260 268 1.7 6.0 7.6 12.9 24.9 725.4 0.00 0 0.0 14.9 24.1 24.4 3.627  -43.7   16.4   16.3  27   -2.4  14 0 0 1 2 1 0 12.3 29.4 12.3 29.6 80.0 100 100 20 408 0 117 0 402 401 400 0 0 0 60 50 AUTO 0 
b.1 2025-06-22 07:29:01.384 a 2025-06-22-07:29:00 241 261 280 1.2 6.0 7.6 13.0 24.5 725.4 0.00 0 0.0 15.1 24.1 24.5 3.634  -43.6   16.4   15.9  27   -2.4  14 0 0 1 2 1 0 12.3 29.3 12.3 29.5 80.0 100 100 20 408 0 120 0 401 401 400 0 0 0 59 50 AUTO 0 
b.1 2025-06-22 07:30:00.823 a 2025-06-22-07:30:00 247 260 266 3.9 6.4 7.2 13.0 24.5 725.4 0.00 0 0.0 14.9 23.8 23.4 3.633  -43.3   16.5   15.6  27   -2.4  14 0 0 1 2 1 0 12.3 29.2 12.3 29.5 80.0 100 100 20 408 0 120 0 401 401 400 0 0 0 60 50 AUTO 0 
b.1 2025-06-22 07:31:00.364 a 2025-06-22-07:30:59 235 260 277 3.1 6.0 7.6 13.0 24.7 725.4 0.00 0 0.0 14.9 23.7 23.4 3.633  -43.3   16.5   15.4  27   -2.4  14 0 0 1 2 1 0 12.3 29.1 12.3 29.3 80.0 100 100 20 408 0 119 0 401 402 400 0 0 0 59 50 AUTO 0 
b.1 2025-06-22 07:32:01.325 a 2025-06-22-07:32:00 246 260 266 3.5 6.3 7.0 13.0 24.7 725.4 0.00 0 0.0 14.9 23.6 23.4 3.634  -44.0   16.5   15.1  27   -2.5  14 0 0 1 2 1 0 12.3 29.0 12.3 29.2 80.0 100 100 20 408 0 119 0 401 401 400 0 0 0 59 50 AUTO 0 
b.1 2025-06-22 07:33:00.525 a 2025-06-22-07:32:59 240 259 270 2.6 6.1 7.0 13.0 24.0 725.4 0.00 0 0.0 14.9 23.7 23.4 3.634  -43.4   16.6   14.5  27   -2.5  14 0 0 1 1 1 0 12.4 29.1 12.4 29.2 80.0 100 100 20 408 0 118 0 401 401 400 0 0 0 60 50 AUTO 0 
b.1 2025-06-22 07:34:00.523 a 2025-06-22-07:33:59 249 259 270 2.0 5.8 6.8 13.1 24.8 725.3 0.00 0 0.0 14.9 23.9 23.4 3.633  -43.2   16.6   14.2  27   -2.5  14 0 0 1 1 1 0 12.4 29.2 12.4 29.3 80.0 100 100 20 408 0 119 0 401 401 400 0 0 0 60 50 AUTO 0 
b.1 2025-06-22 07:35:01.384 a 2025-06-22-07:35:00 242 259 267 3.8 6.2 7.0 13.1 24.8 725.3 0.00 0 0.0 15.0 24.1 24.5 3.628  -43.6   16.6   14.3  27   -2.5  14 0 0 1 1 1 0 12.3 29.3 12.4 29.5 80.0 100 100 20 408 0 119 0 402 401 400 0 0 0 60 50 AUTO 0 
b.1 2025-06-22 07:36:00.647 a 2025-06-22-07:36:00 244 260 270 3.3 5.9 6.7 13.2 24.7 725.3 0.00 0 0.0 15.1 24.1 24.5 3.626  -43.7   16.7   14.5  27   -2.5  14 0 0 1 1 1 0 12.4 29.5 12.4 29.6 80.0 100 100 20 408 0 118 0 401 401 400 0 0 0 59 50 AUTO 0 
b.1 2025-06-22 07:37:01.384 a 2025-06-22-07:37:00 190 259 282 0.8 5.6 6.8 13.2 24.7 725.4 0.00 0 0.0 14.9 23.6 23.4 3.634  -44.0   16.7   13.8  27   -2.5  14 0 0 1 1 1 0 12.4 29.4 12.4 29.3 80.0 100 100 20 408 0 118 0 401 401 400 0 0 0 59 50 AUTO 0 
b.1 2025-06-22 07:38:01.246 a 2025-06-22-07:38:00 231 260 282 1.1 5.5 6.6 13.2 25.4 725.4 0.00 0 0.0 14.8 23.3 23.4 3.633  -44.5   16.7   13.9  27   -2.5  14 0 0 1 1 1 0 12.4 29.5 12.4 29.7 80.0 100 100 20 408 0 119 0 401 402 400 0 0 0 60 50 AUTO 0 
b.1 2025-06-22 07:39:01.387 a 2025-06-22-07:39:00 245 259 268 2.1 5.6 6.4 13.1 25.3 725.3 0.00 0 0.0 14.9 23.9 23.4 3.633  -43.6   16.7   13.5  27   -2.5  14 0 0 1 1 1 0 12.4 29.6 12.3 29.8 80.0 100 100 20 408 0 118 0 401 401 399 0 0 0 60 50 AUTO 0 
b.1 2025-06-22 07:40:00.865 a 2025-06-22-07:40:00 235 260 272 1.5 5.4 6.9 13.1 26.1 725.3 0.00 0 0.0 15.0 24.1 24.5 3.626  -44.0   16.8   14.0  27   -2.4  14 0 0 1 1 1 0 12.4 29.8 12.3 30.1 80.0 100 100 20 408 0 118 0 402 401 400 0 0 0 59 50 AUTO 0 
b.1 2025-06-22 07:41:01.285 a 2025-06-22-07:41:00 249 262 274 2.4 5.2 6.8 12.9 24.7 725.3 0.00 0 0.0 15.1 24.1 24.5 3.635  -44.0   16.8   13.6  27   -2.5  14 0 0 1 1 1 0 12.4 28.5 12.3 28.4 80.0 100 100 20 408 0 117 0 401 401 400 0 0 0 60 50 AUTO 0 
b.1 2025-06-22 07:42:01.884 a 2025-06-22-07:42:01 234 260 275 3.0 4.9 6.5 13.1 25.6 725.3 0.00 0 0.0 14.8 23.6 23.4 3.633  -44.3   16.8   14.8  27   -2.5  14 0 0 1 1 1 0 12.4 28.5 12.3 28.7 80.0 100 100 20 408 0 116 0 401 401 400 0 0 0 59 50 AUTO 0 
b.1 2025-06-22 07:43:01.009 a 2025-06-22-07:43:00 213 265 281 1.8 4.8 6.6 13.2 21.6 725.3 0.00 0 0.0 15.0 24.1 24.5 3.627  -43.2   16.8   13.7  26   -2.6   5 0 0 1 1 1 0 12.6 24.3 12.6 24.5 80.0 100 100 20 408 0 120 0 401 401 400 0 0 0 60 50 AUTO 0 
b.1 2025-06-22 07:44:01.046 a 2025-06-22-07:44:00 209 261 280 1.2 4.7 6.7 13.2 21.5 725.3 0.00 0 0.0 15.0 24.1 24.5 3.627  -43.1   16.8   13.4  26   -2.7  13 0 0 1 1 1 0 12.8 25.8 12.9 25.7 80.0 100 100 20 408 0 122 0 401 401 400 0 0 0 59 50 AUTO 0 
b.1 2025-06-22 07:45:01.006 a 2025-06-22-07:45:00 194 262 280 0.7 4.3 6.4 13.2 25.4 725.3 0.00 0 0.0 15.0 24.0 23.4 3.634  -44.0   16.8   12.4  26   -2.7  14 0 0 1 1 1 0 12.8 26.2 12.9 26.5 80.0 100 100 20 408 0 120 0 401 401 399 0 0 0 60 50 AUTO 0 
b.1 2025-06-22 07:46:01.009 a 2025-06-22-07:46:00 240 266 281 1.1 4.7 7.3 13.2 20.9 725.3 0.00 0 0.0 14.8 23.7 23.4 3.633  -44.5   16.9   14.0  26   -2.8  14 0 0 1 1 1 0 12.8 24.0 12.9 24.1 80.0 100 100 20 408 0 123 6 402 401 400 0 0 0 59 50 AUTO 0 
b.1 2025-06-22 07:47:00.823 a 2025-06-22-07:47:00 240 267 282 1.1 4.5 6.5 13.2 20.6 725.3 0.00 0 0.0 14.9 24.1 24.5 3.626  -42.6   16.9   12.9  26   -2.8  14 0 0 1 1 1 0 12.8 24.9 12.8 24.8 80.0 100 100 20 408 0 117 0 402 401 400 0 0 0 59 50 AUTO 0 
b.1 2025-06-22 07:48:02.128 a 2025-06-22-07:48:01 159 261 288 0.6 4.1 6.5 13.2 24.0 725.3 0.00 0 0.0 15.0 24.1 24.4 3.627  -44.2   16.9   11.9  26   -2.9  14 0 0 1 1 1 0 12.8 25.4 12.8 25.8 80.0 100 100 20 408 0 120 0 401 401 400 0 0 0 59 50 AUTO 0 
b.1 2025-06-22 07:49:01.007 a 2025-06-22-07:49:00 205 264 286 0.9 4.2 5.9 13.1 23.2 725.3 0.00 0 0.0 15.0 24.1 24.5 3.626  -43.8   16.9   12.7  26   -2.8  14 0 0 1 1 1 0 12.7 26.8 12.7 27.2 80.0 100 100 20 408 0 119 0 401 402 400 0 0 0 59 50 AUTO 0 
b.1 2025-06-22 07:50:01.348 a 2025-06-22-07:50:00 144 260 271 0.8 4.4 5.8 13.0 25.8 725.3 0.00 0 0.0 15.0 24.1 24.5 3.627  -43.8   16.9   12.3  26   -2.8   5 0 0 1 1 1 0 12.7 28.0 12.6 28.4 80.0 100 100 20 408 0 118 0 402 401 400 0 0 0 59 50 AUTO 0 
b.1 2025-06-22 07:51:01.789 a 2025-06-22-07:51:01 235 263 289 1.3 4.2 5.9 12.8 26.0 725.3 0.00 0 0.0 15.0 23.9 23.4 3.633  -43.4   16.9   12.0  26   -2.7  12 0 0 1 1 1 0 12.6 28.6 12.6 28.8 80.0 100 100 20 408 0 118 0 401 402 400 0 0 0 59 50 AUTO 0 
b.1 2025-06-22 07:52:00.805 a 2025-06-22-07:52:00 207 264 280 1.3 4.1 6.2 12.8 25.6 725.3 0.00 0 0.0 14.8 23.3 23.4 3.633  -44.0   16.9   13.6  26   -2.8  11 0 0 1 1 1 0 12.6 28.6 12.5 28.8 80.0 100 100 20 408 0 118 0 401 401 400 0 0 0 60 50 AUTO 0 
b.1 2025-06-22 07:53:00.828 a 2025-06-22-07:53:00 241 266 294 1.3 4.4 6.3 12.6 25.8 725.3 0.00 0 0.0 14.8 23.7 23.4 3.634  -43.5   16.9   13.6  26   -2.8  13 0 0 1 1 1 0 12.5 28.4 12.5 28.9 80.0 100 100 20 408 0 119 0 401 401 400 0 0 0 60 50 AUTO 0 
b.1 2025-06-22 07:54:00.867 a 2025-06-22-07:54:00 244 265 277 1.2 4.3 6.2 12.6 25.3 725.3 0.00 0 0.0 14.9 24.1 24.4 3.626  -44.8   16.8   14.6  26   -2.8  14 0 0 1 1 1 0 12.5 28.6 12.4 28.8 80.0 100 100 20 408 0 115 2 402 401 400 0 0 3 59 50 AUTO 0 
b.1 2025-06-22 07:55:01.384 a 2025-06-22-07:55:00 238 267 326 0.4 4.1 6.4 12.5 25.9 725.3 0.00 0 0.0 15.0 24.1 24.5 3.627  -44.9   16.8   12.9  26   -2.8  14 0 0 1 1 1 0 12.5 28.4 12.4 28.7 80.0 100 100 20 408 0 117 0 401 401 400 0 0 0 60 50 AUTO 0 
b.1 2025-06-22 07:56:00.447 a 2025-06-22-07:55:59 242 264 277 2.1 5.0 6.6 12.5 24.9 725.3 0.00 0 0.0 15.0 24.1 24.5 3.626  -44.5   16.8   14.8  26   -2.9  14 0 0 1 1 1 0 12.4 28.0 12.3 28.4 80.0 100 100 20 408 0 120 0 401 401 400 0 0 0 59 50 AUTO 0 
b.1 2025-06-22 07:57:01.536 a 2025-06-22-07:57:00 208 262 280 1.1 4.5 6.7 12.4 25.0 725.3 0.00 0 0.0 15.0 24.1 24.5 3.626  -42.7   16.7   13.0  26   -3.0  14 0 0 1 1 1 0 12.4 27.5 12.3 27.9 80.0 100 100 20 408 0 118 0 401 401 400 0 0 0 60 50 AUTO 0 
b.1 2025-06-22 07:58:00.828 a 2025-06-22-07:58:00 125 263 294 0.3 4.3 7.1 12.4 22.7 725.2 0.00 0 0.0 14.9 23.7 23.4 3.633  -43.8   16.7   11.9  26   -3.0   5 0 0 1 1 1 0 12.4 27.0 12.3 27.3 80.0 100 100 20 408 0 118 0 402 401 400 0 0 0 59 50 AUTO 0 
b.1 2025-06-22 07:59:00.609 a 2025-06-22-07:58:59 160 264 289 0.4 3.8 6.3 12.4 19.5 725.3 0.00 0 0.0 14.8 23.6 23.4 3.633  -43.1   16.6   10.1  26   -3.2  12 0 0 1 1 1 0 12.4 25.7 12.3 26.0 80.0 100 100 20 408 0 117 0 401 401 400 0 0 0 59 50 AUTO 0 
b.1 2025-06-22 08:00:00.987 a 2025-06-22-08:00:00 153 265 290 0.6 5.0 6.7 12.5 15.9 725.3 0.00 0 0.0 14.9 23.9 23.4 3.634  -43.4   16.6   11.7  25   -3.4  17 0 0 1 1 1 0 12.4 22.7 12.3 22.2 80.0 100 100 20 408 0 116 0 401 401 400 0 0 0 59 50 AUTO 0 
b.1 2025-06-22 08:01:00.805 a 2025-06-22-08:01:00 162 265 288 0.7 4.4 6.5 12.7 15.2 725.2 0.00 0 0.0 15.1 24.1 24.5 3.626  -43.5   16.6   12.0  25   -3.7  14 0 0 1 1 1 0 12.4 20.2 12.3 19.9 80.0 100 100 20 408 0 119 0 401 401 400 0 0 0 60 50 AUTO 0 
b.1 2025-06-22 08:02:01.086 a 2025-06-22-08:02:00 185 264 291 1.3 4.9 6.7 12.8 15.7 725.3 0.00 0 0.0 15.1 24.1 24.5 3.634  -42.4   16.6   12.3  24   -4.0  14 0 0 1 1 1 0 12.4 18.3 12.3 18.3 80.0 100 100 20 408 0 118 0 401 401 399 0 0 0 60 50 AUTO 0 
b.1 2025-06-22 08:03:01.433 a 2025-06-22-08:03:00 190 263 304 0.9 4.1 5.9 12.8 15.7 725.3 0.00 0 0.0 14.9 24.0 24.5 3.633  -42.0   16.6   11.4  24   -4.2  14 0 0 1 1 1 0 12.4 17.7 12.3 17.4 80.0 100 100 20 408 0 123 0 401 401 400 0 0 0 59 50 AUTO 0 
b.1 2025-06-22 08:04:01.007 a 2025-06-22-08:04:00 238 263 280 1.7 4.9 6.7 12.8 13.4 725.3 0.00 0 0.0 14.8 23.7 23.4 3.634  -43.8   16.6   12.1  23   -4.5  14 0 0 1 1 1 0 12.4 15.9 12.3 15.8 80.0 100 100 20 408 0 123 0 402 401 400 0 0 0 59 50 AUTO 0 
b.1 2025-06-22 08:05:00.230 a 2025-06-22-08:04:59 234 263 307 1.1 4.4 6.3 12.8 11.9 725.3 0.00 0 0.0 15.0 24.1 24.5 3.626  -43.9   16.6   11.8  23   -4.7  14 0 0 1 1 1 0 12.4 13.8 12.3 13.9 80.0 100 100 20 408 0 124 0 401 401 400 0 0 0 60 50 AUTO 0 
b.1 2025-06-22 08:06:00.586 a 2025-06-22-08:05:59 235 261 283 1.5 4.3 6.5 13.0 9.9 725.3 0.00 0 0.0 15.0 24.1 24.5 3.634  -43.8   16.7   11.9  22   -4.9  14 0 0 1 1 1 0 12.4 13.3 12.3 13.0 80.0 100 100 20 408 0 118 0 401 401 400 0 0 0 60 50 AUTO 0 
b.1 2025-06-22 08:07:01.526 a 2025-06-22-08:07:00 235 263 284 1.0 4.3 6.5 13.0 11.0 725.3 0.00 0 0.0 14.9 24.0 24.5 3.626  -43.5   16.7   12.2  22   -5.2  14 0 0 1 1 1 0 12.4 12.4 12.3 12.2 80.0 100 100 20 408 0 123 0 401 401 400 0 0 0 60 50 AUTO 0 
b.1 2025-06-22 08:08:01.569 a 2025-06-22-08:08:01 221 261 289 1.3 4.6 6.7 13.0 10.9 725.3 0.00 0 0.0 14.8 23.6 23.4 3.633  -43.6   16.7   11.7  21   -5.4  14 0 0 1 1 1 0 12.4 11.6 12.3 11.7 80.0 100 100 20 408 0 120 0 401 402 399 0 0 0 60 50 AUTO 0 
b.1 2025-06-22 08:09:01.049 a 2025-06-22-08:09:00 133 259 306 0.6 4.3 6.4 13.0 11.6 725.2 0.00 0 0.0 15.0 23.9 23.4 3.634  -43.1   16.7   10.9  21   -5.6  14 0 0 1 1 1 0 12.4 12.3 12.3 12.1 80.0 100 100 20 408 0 118 0 402 401 400 0 0 0 60 50 AUTO 0 
b.1 2025-06-22 08:10:01.747 a 2025-06-22-08:10:01 233 261 277 1.3 4.4 6.2 13.0 11.9 725.2 0.00 0 0.0 15.1 24.1 24.5 3.633  -43.3   16.8   10.6  21   -5.7  14 0 0 1 1 1 0 12.4 12.0 12.3 11.7 80.0 100 100 20 408 0 116 0 401 401 400 0 0 0 59 50 AUTO 0 
b.1 2025-06-22 08:11:01.332 a 2025-06-22-08:11:00 228 262 281 0.8 4.6 6.6 13.1 14.0 725.3 0.00 0 0.0 14.9 23.9 23.4 3.634  -43.1   16.8   11.5  21   -5.9  14 0 0 1 1 1 0 12.4 11.8 12.3 11.6 80.0 100 100 20 408 0 115 0 401 401 400 0 0 0 60 50 AUTO 0 
b.1 2025-06-22 08:12:00.627 a 2025-06-22-08:11:59 236 265 288 1.3 4.5 6.6 13.2 8.9 725.3 0.00 0 0.0 14.8 23.9 23.4 3.633  -44.3   16.8   12.7  20   -6.1  14 0 0 1 1 1 0 12.4 10.3 12.4 9.8 80.0 100 100 20 408 0 118 0 402 401 400 0 0 0 60 50 AUTO 0 
b.1 2025-06-22 08:13:01.732 a 2025-06-22-08:13:01 257 268 287 2.3 4.4 6.1 13.2 9.1 725.2 0.00 0 0.0 15.0 24.1 24.4 3.626  -43.8   16.8   12.8  19   -6.7  14 0 0 1 1 1 0 12.4 8.7 12.4 8.1 80.0 100 100 20 408 0 118 0 401 401 399 0 0 0 59 50 AUTO 0 
b.1 2025-06-22 08:14:01.368 a 2025-06-22-08:14:00 097 255 288 0.5 3.7 5.5 13.2 6.9 725.2 0.00 0 0.0 15.0 24.1 24.5 3.629  -43.7   16.9   10.4  19   -6.7  14 0 0 1 1 1 0 12.4 7.6 12.4 7.6 80.0 100 100 20 408 0 117 0 401 402 400 0 0 0 60 50 AUTO 0 
b.1 2025-06-22 08:15:01.269 a 2025-06-22-08:15:00 247 268 282 1.1 4.1 6.2 13.3 8.3 725.2 0.00 0 0.0 15.0 23.8 23.4 3.633  -43.8   16.9   11.0  19   -6.6  14 0 0 1 1 1 0 12.4 7.9 12.4 7.7 80.0 100 100 20 408 0 118 0 401 401 400 0 0 0 60 50 AUTO 0 
b.1 2025-06-22 08:16:00.611 a 2025-06-22-08:15:59 173 270 290 0.4 4.5 6.2 13.3 8.2 725.3 0.00 0 0.0 14.8 23.8 23.4 3.633  -43.5   16.9   11.7  19   -6.7  14 0 0 1 1 1 0 12.4 8.0 12.4 7.5 80.0 100 100 20 408 0 117 0 401 402 400 0 0 0 60 50 AUTO 0 
b.1 2025-06-22 08:17:01.413 a 2025-06-22-08:17:00 245 272 285 1.5 4.9 6.3 13.3 6.0 725.3 0.00 0 0.0 15.0 24.1 24.5 3.627  -44.1   16.9   11.7  19   -6.6  14 0 0 1 1 1 0 12.4 6.8 12.4 6.5 80.0 100 100 20 408 0 118 0 401 401 400 0 0 0 60 50 AUTO 0 
b.1 2025-06-22 08:18:01.191 a 2025-06-22-08:18:00 239 273 288 2.1 5.3 6.5 13.3 5.9 725.2 0.00 0 0.0 15.0 24.1 24.5 3.627  -45.8   17.0   12.5  19   -6.6  14 0 0 1 1 1 0 12.5 6.4 12.5 5.9 80.0 100 100 20 408 0 118 0 402 401 400 0 0 0 60 50 AUTO 0 
b.1 2025-06-22 08:19:01.509 a 2025-06-22-08:19:00 089 272 337 0.4 4.5 6.3 13.3 5.5 725.2 0.00 0 0.0 15.0 24.1 24.5 3.627  -42.5   17.0   10.7  19   -7.1  14 0 0 1 1 1 0 12.5 5.4 12.5 5.3 80.0 100 100 20 408 0 117 0 401 401 400 0 0 0 60 50 AUTO 0 
b.1 2025-06-22 08:20:01.650 a 2025-06-22-08:20:00 185 275 343 1.1 4.7 5.9 13.4 4.3 725.2 0.00 0 0.0 14.8 23.7 23.4 3.634  -42.9   17.0   10.5  19   -7.1   5 0 0 1 1 1 0 12.5 4.8 12.5 4.5 80.0 100 100 20 408 0 117 0 401 402 400 0 0 0 60 50 AUTO 0 
b.1 2025-06-22 08:21:01.332 a 2025-06-22-08:21:00 263 278 286 3.5 5.6 6.1 13.4 3.5 725.3 0.00 0 0.0 15.0 24.0 24.5 3.627  -43.3   17.0   11.4  18   -7.1  13 0 0 1 1 1 0 12.5 4.2 12.4 3.9 80.0 100 100 20 408 0 117 0 402 401 400 0 0 0 59 50 AUTO 0 
b.1 2025-06-22 08:22:00.732 a 2025-06-22-08:22:00 171 279 295 1.2 5.1 6.4 13.3 3.3 725.3 0.00 0 0.0 15.0 24.1 24.5 3.628  -43.3   17.1   11.5  18   -7.3  12 0 0 1 1 1 0 12.5 3.7 12.5 3.5 80.0 100 100 20 408 0 122 0 402 401 400 0 0 0 60 50 AUTO 0 
b.1 2025-06-22 08:23:00.733 a 2025-06-22-08:23:00 265 281 293 2.1 5.5 6.1 13.3 3.1 725.2 0.00 0 0.0 15.1 24.1 24.5 3.627  -40.9   17.1   11.9  18   -7.6  12 0 0 1 1 1 0 12.5 3.3 12.5 3.2 80.0 100 100 20 408 0 121 0 401 401 400 0 0 0 59 50 AUTO 0 
b.1 2025-06-22 08:24:00.730 a 2025-06-22-08:24:00 255 281 334 0.9 5.1 6.4 13.3 2.9 725.2 0.00 0 0.0 14.9 23.9 23.4 3.633  -41.8   17.1   11.3  17   -7.9  12 0 0 1 1 1 0 12.6 3.0 12.5 2.9 80.0 100 100 20 408 0 121 0 401 401 400 0 0 0 60 50 AUTO 0 
b.1 2025-06-22 08:25:01.272 a 2025-06-22-08:25:00 273 281 291 3.1 5.5 6.2 13.4 2.9 725.2 0.00 0 0.0 14.9 23.9 23.4 3.633  -41.0   17.1   11.7  17   -8.1  12 0 0 1 1 1 0 12.6 2.7 12.5 2.6 80.0 100 100 20 408 0 119 0 401 401 399 0 0 0 59 50 AUTO 0 
b.1 2025-06-22 08:26:00.753 a 2025-06-22-08:26:00 162 279 328 0.7 4.8 6.1 13.5 2.6 725.2 0.00 0 0.0 14.9 23.9 23.4 3.633  -42.5   17.1   11.1  17   -8.4  12 0 0 1 1 1 0 12.6 2.7 12.5 2.5 80.0 100 100 20 408 0 102 0 402 402 400 0 0 0 60 50 AUTO 0 
b.1 2025-06-22 08:27:01.917 a 2025-06-22-08:27:01 259 280 304 1.7 4.5 5.9 13.5 2.2 725.2 0.00 0 0.0 15.0 24.0 23.4 3.633  -41.9   17.2   10.0  16   -8.6  12 0 0 1 1 1 0 12.6 1.5 12.5 1.5 80.0 100 100 20 408 0 120 0 401 401 400 0 0 0 60 50 AUTO 0 
b.1 2025-06-22 08:28:00.332 a 2025-06-22-08:27:59 269 280 291 2.3 5.2 5.8 13.5 2.3 725.2 0.00 0 0.0 15.0 24.1 24.5 3.627  -41.7   17.2   10.6  16   -8.7  12 0 0 1 1 1 0 12.7 1.4 12.7 1.4 80.0 100 100 20 408 0 119 0 401 402 400 0 0 0 60 50 AUTO 0 
b.1 2025-06-22 08:29:01.573 a 2025-06-22-08:29:00 260 280 294 2.3 4.9 5.9 13.5 3.9 725.2 0.00 0 0.0 15.0 24.1 24.4 3.627  -41.8   17.2   10.4  16   -8.9  12 0 0 1 1 1 0 12.9 2.0 12.9 2.0 80.0 100 100 20 408 0 119 0 401 401 400 0 0 0 60 50 AUTO 0 
b.1 2025-06-22 08:30:01.812 a 2025-06-22-08:30:01 264 281 289 2.9 5.1 5.9 13.5 2.2 725.2 0.00 0 0.0 14.8 23.7 23.4 3.633  -41.4   17.2   10.7  16   -9.0  12 0 0 1 1 1 0 13.0 1.3 13.0 1.3 80.0 100 100 20 408 0 121 0 400 401 400 0 0 0 59 50 AUTO 0 
b.1 2025-06-22 08:31:01.578 a 2025-06-22-08:31:00 267 281 292 2.1 5.1 6.1 13.6 2.1 725.2 0.00 0 0.0 14.9 23.9 23.4 3.633  -43.4   17.2   11.0  15   -9.2  12 0 0 1 1 1 0 12.9 1.3 12.9 1.2 80.0 100 100 20 408 0 118 0 401 401 400 0 0 0 59 50 AUTO 0 
b.1 2025-06-22 08:32:00.594 a 2025-06-22-08:31:59 271 282 296 3.3 5.1 5.5 13.6 1.9 725.2 0.00 0 0.0 15.1 24.1 24.4 3.627  -42.5   17.2   10.8  15   -9.4  12 0 0 1 1 1 0 12.9 1.6 12.9 1.4 80.0 100 100 20 408 0 119 0 401 401 400 0 0 0 60 50 AUTO 0 
b.1 2025-06-22 08:33:01.052 a 2025-06-22-08:33:00 272 282 295 3.9 5.0 5.6 13.6 2.0 725.2 0.00 0 0.0 15.1 24.1 24.4 3.628  -43.2   17.3   10.5  15   -9.6  12 0 0 1 1 1 0 12.9 1.5 12.8 1.6 80.0 100 100 20 408 0 120 0 401 402 399 0 0 0 59 50 AUTO 0 
b.1 2025-06-22 08:34:01.196 a 2025-06-22-08:34:00 006 281 209 0.5 4.5 5.5 13.4 2.1 725.2 0.00 0 0.0 14.9 23.7 23.4 3.633  -42.8   17.3    9.7  15   -9.9  12 0 0 1 1 1 0 12.8 1.5 12.7 1.6 80.0 100 100 20 408 0 120 0 401 402 400 0 0 0 59 50 AUTO 0 
b.1 2025-06-22 08:35:01.453 a 2025-06-22-08:35:00 248 283 347 1.4 4.8 5.6 13.4 2.1 725.2 0.00 0 0.0 14.9 23.9 23.4 3.633  -44.2   17.3   10.0  15   -9.9  12 0 0 1 1 1 0 12.8 1.6 12.7 1.7 80.0 100 100 20 408 0 118 0 401 401 400 0 0 0 60 50 AUTO 0 
b.1 2025-06-22 08:36:01.691 a 2025-06-22-08:36:01 272 286 331 1.2 4.8 5.6 13.4 1.8 725.2 0.00 0 0.0 15.1 24.1 24.4 3.633  -41.8   17.3    9.7  14  -10.2  12 0 0 1 1 1 0 12.8 1.6 12.7 1.7 80.0 100 100 20 408 0 116 0 401 401 400 0 0 0 59 50 AUTO 0 
b.1 2025-06-22 08:37:00.256 a 2025-06-22-08:36:59 270 283 290 3.8 5.0 5.8 13.5 1.4 725.2 0.00 0 0.0 15.1 24.1 24.5 3.626  -41.7   17.3   10.0  14  -10.3  12 0 0 1 1 1 0 12.8 1.4 12.6 1.5 80.0 100 100 20 408 0 118 0 401 401 400 0 0 0 60 50 AUTO 0 
b.1 2025-06-22 08:38:01.032 a 2025-06-22-08:38:00 014 285 271 1.3 4.9 5.9 13.5 2.4 725.2 0.00 0 0.0 14.8 23.8 23.4 3.633  -41.9   17.3    9.7  14  -10.7  12 0 0 1 1 1 0 12.8 1.8 12.6 1.8 80.0 100 100 20 408 0 118 0 401 401 399 0 0 0 59 50 AUTO 0 
b.1 2025-06-22 08:39:00.433 a 2025-06-22-08:38:59 271 282 295 4.0 5.0 5.5 13.4 1.7 725.2 0.00 0 0.0 15.1 24.1 24.5 3.626  -42.5   17.3    9.7  14  -10.7   5 0 0 1 1 1 0 12.8 1.6 12.6 1.7 80.0 100 100 20 408 0 118 0 401 401 400 0 0 0 60 50 AUTO 0 
b.1 2025-06-22 08:40:01.655 a 2025-06-22-08:40:01 265 285 297 1.5 4.9 5.8 13.5 1.6 725.2 0.00 0 0.0 15.0 24.1 24.5 3.626  -42.3   17.3    9.8  13  -10.9  12 0 0 1 1 1 0 12.8 1.2 12.6 1.6 80.0 100 100 20 408 0 118 0 402 401 400 0 0 0 60 50 AUTO 0 
b.1 2025-06-22 08:40:59.934 a 2025-06-22-08:40:59 269 281 287 2.2 4.8 5.4 13.5 2.7 725.2 0.00 0 0.0 14.9 23.9 23.4 3.633  -41.6   17.3   10.0  13  -11.0  11 0 0 1 1 1 0 12.8 1.5 12.6 1.3 80.0 100 100 20 408 0 118 0 401 401 400 0 0 0 60 50 AUTO 0 
b.1 2025-06-22 08:42:00.538 a 2025-06-22-08:41:59 275 280 284 4.5 5.0 5.5 13.5 1.4 725.2 0.00 0 0.0 14.9 23.9 23.4 3.633  -41.5   17.3   10.0  14  -10.9  11 0 0 1 1 1 0 12.7 1.3 12.6 1.3 80.0 100 100 20 408 0 122 0 401 401 400 0 0 0 60 50 AUTO 0 
b.1 2025-06-22 08:43:01.423 a 2025-06-22-08:43:00 276 280 290 3.4 4.8 5.5 13.5 2.2 725.2 0.00 0 0.0 14.9 24.0 23.4 3.634  -41.7   17.3   10.0  13  -10.9  11 0 0 1 1 1 0 12.7 1.6 12.6 1.5 80.0 100 100 20 408 0 123 0 401 401 400 0 0 0 60 50 AUTO 0 
b.1 2025-06-22 08:44:00.756 a 2025-06-22-08:44:00 265 280 285 2.6 4.9 5.4 13.5 3.7 725.2 0.00 0 0.0 14.9 23.9 23.4 3.634  -42.3   17.3   10.0  14  -10.9  11 0 0 1 1 1 0 12.7 1.8 12.5 1.5 80.0 100 100 20 408 0 123 0 401 401 400 0 0 0 60 50 AUTO 0 
b.1 2025-06-22 08:45:00.476 a 2025-06-22-08:44:59 269 278 288 3.2 4.9 5.5 13.5 1.8 725.2 0.00 0 0.0 14.9 23.8 23.4 3.633  -43.8   17.3   10.3  14  -10.9  11 0 0 1 1 1 0 12.7 1.7 12.5 1.5 80.0 100 100 20 408 0 119 0 401 401 400 0 0 0 60 50 AUTO 0 
b.1 2025-06-22 08:46:02.344 a 2025-06-22-08:46:01 274 278 287 3.3 5.0 5.8 13.5 1.6 725.1 0.00 0 0.0 15.0 24.1 24.5 3.627  -43.3   17.3   10.6  13  -10.9  11 0 0 1 1 1 0 12.7 1.7 12.5 1.4 80.0 100 100 20 408 0 118 0 401 402 399 0 0 0 60 50 AUTO 0 
b.1 2025-06-22 08:46:59.915 a 2025-06-22-08:46:59 268 278 289 3.3 5.3 5.9 13.5 3.1 725.2 0.00 0 0.0 15.1 24.1 24.4 3.627  -41.8   17.3   11.2  13  -10.9  11 0 0 1 1 1 0 12.7 2.3 12.5 2.0 80.0 100 100 20 408 0 118 0 401 402 400 0 0 0 60 50 AUTO 0 
b.1 2025-06-22 08:48:01.474 a 2025-06-22-08:48:00 274 279 285 5.1 5.7 6.2 13.5 7.3 725.2 0.00 0 0.0 15.0 24.1 24.5 3.627  -42.8   17.3   11.5  13  -11.0  11 0 0 1 1 1 0 12.7 3.6 12.5 3.3 80.0 100 100 20 408 0 118 0 401 401 400 0 0 0 59 50 AUTO 0 
b.1 2025-06-22 08:49:01.476 a 2025-06-22-08:49:00 273 278 282 5.0 5.7 6.2 13.6 8.7 725.2 0.00 0 0.0 15.0 24.1 24.5 3.627  -42.2   17.3   11.6  13  -10.9  11 0 0 1 1 1 0 12.7 5.3 12.5 5.2 80.0 100 100 20 408 0 117 0 401 401 400 0 0 0 60 50 AUTO 0 
b.1 2025-06-22 08:50:00.456 a 2025-06-22-08:49:59 272 279 284 4.3 5.7 6.1 13.8 8.5 725.2 0.00 0 0.0 15.1 24.1 24.5 3.627  -41.8   17.3   11.7  13  -10.9  11 0 0 1 1 1 0 12.7 6.4 12.6 6.2 80.0 100 100 20 408 0 118 0 401 401 399 0 0 0 60 50 AUTO 0 
b.1 2025-06-22 08:51:00.319 a 2025-06-22-08:50:59 276 279 282 4.4 5.6 6.4 13.9 8.4 725.2 0.00 0 0.0 14.9 24.0 24.5 3.627  -42.8   17.4   11.4  13  -10.9  11 0 0 1 1 1 0 12.7 7.0 12.6 6.9 80.0 100 100 20 408 0 118 0 402 401 400 0 0 0 60 50 AUTO 0 
b.1 2025-06-22 08:52:00.957 a 2025-06-22-08:52:00 272 278 282 4.4 5.6 6.2 14.0 8.7 725.2 0.00 0 0.0 14.9 24.1 24.4 3.626  -43.2   17.4   11.6  13  -10.8  11 0 0 1 1 1 0 12.8 7.4 12.6 7.1 80.0 100 100 20 408 0 118 0 402 401 400 0 0 0 59 50 AUTO 0 
b.1 2025-06-22 08:53:01.237 a 2025-06-22-08:53:00 271 277 281 3.1 5.3 5.8 14.0 8.5 725.1 0.00 0 0.0 15.0 24.1 24.5 3.628  -43.3   17.4   11.0  14  -10.7  11 0 0 1 1 1 0 12.8 7.4 12.6 7.4 80.0 100 100 20 408 0 120 0 402 401 400 0 0 0 60 50 AUTO 0 
b.1 2025-06-22 08:54:01.898 a 2025-06-22-08:54:01 273 278 281 3.9 5.4 5.9 14.1 8.5 725.1 0.00 0 0.0 14.9 23.8 23.4 3.634  -42.3   17.5   11.1  14  -10.7  11 0 0 1 1 1 0 12.8 7.0 12.7 7.2 80.0 100 100 20 408 0 120 0 401 402 400 0 0 0 60 50 AUTO 0 
b.1 2025-06-22 08:55:01.157 a 2025-06-22-08:55:00 273 279 286 4.1 5.4 6.0 14.1 8.4 725.2 0.00 0 0.0 15.0 24.1 24.5 3.627  -42.1   17.5   11.2  14  -10.7  11 0 0 1 1 1 0 12.8 6.8 12.7 7.0 80.0 100 100 20 408 0 120 0 401 401 400 0 0 0 60 50 AUTO 0 
b.1 2025-06-22 08:56:00.395 a 2025-06-22-08:55:59 274 278 282 5.0 5.3 5.6 14.1 7.7 725.2 0.00 0 0.0 15.1 24.1 24.5 3.627  -43.0   17.5   10.7  14  -10.6  11 0 0 1 1 1 0 12.8 6.7 12.7 6.7 80.0 100 100 20 408 0 119 0 401 401 400 0 0 0 60 50 AUTO 0 
b.1 2025-06-22 08:57:00.717 a 2025-06-22-08:57:00 272 277 280 3.1 5.1 5.5 14.1 5.9 725.1 0.00 0 0.0 15.0 23.9 23.4 3.634  -42.9   17.6   10.8  13  -10.7  11 0 0 1 1 1 0 12.8 6.0 12.7 5.7 80.0 100 100 20 408 0 120 0 402 401 400 0 0 0 59 50 AUTO 0 
b.1 2025-06-22 08:58:00.335 a 2025-06-22-08:57:59 272 277 287 3.1 4.9 5.4 14.1 5.0 725.1 0.00 0 0.0 14.9 24.1 24.5 3.627  -43.3   17.6   10.3  13  -10.7  11 0 0 1 1 1 0 12.8 5.3 12.7 5.3 80.0 100 100 20 408 0 119 0 401 401 400 0 0 0 60 50 AUTO 0 
b.1 2025-06-22 08:59:00.999 a 2025-06-22-08:59:00 270 277 284 2.9 4.9 5.6 14.1 5.5 725.1 0.00 0 0.0 15.1 24.1 24.5 3.628  -44.1   17.6   10.6  13  -10.8  11 0 0 1 1 1 0 12.8 4.1 12.7 3.9 80.0 100 100 20 408 0 117 0 401 401 400 0 0 0 60 50 AUTO 0 
b.1 2025-06-22 09:00:00.855 a 2025-06-22-09:00:00 268 275 286 2.2 4.6 5.3 13.9 2.0 725.1 0.00 0 0.0 14.8 23.7 23.4 3.633  -44.7   17.6   10.4  13  -11.0  11 0 0 1 1 1 0 12.8 3.8 12.7 3.4 80.0 100 100 20 408 0 123 0 401 402 399 0 0 0 60 50 AUTO 0 
b.1 2025-06-22 09:01:01.415 a 2025-06-22-09:01:00 269 275 281 3.6 4.7 5.2 13.9 5.0 725.1 0.00 0 0.0 15.0 24.1 24.5 3.626  -44.9   17.6   10.4  13  -11.1  11 0 0 1 1 1 0 12.8 2.7 12.7 2.6 80.0 100 100 20 408 0 121 0 401 401 400 0 0 0 59 50 AUTO 0 
b.1 2025-06-22 09:02:00.819 a 2025-06-22-09:02:00 270 275 281 2.2 4.7 5.2 13.8 5.0 725.1 0.00 0 0.0 15.0 24.1 24.5 3.627  -44.1   17.6   10.4  13  -11.3  11 0 0 1 1 1 0 12.7 2.6 12.6 2.3 80.0 100 100 20 408 0 122 0 401 401 400 0 0 0 59 50 AUTO 0 
b.1 2025-06-22 09:03:00.456 a 2025-06-22-09:02:59 269 276 285 3.8 5.1 5.6 13.8 5.7 725.1 0.00 0 0.0 15.0 24.1 24.5 3.627  -44.0   17.7   10.7  13  -11.2  11 0 0 1 1 1 0 12.8 2.6 12.6 2.6 80.0 100 100 20 408 0 120 0 401 401 400 0 0 0 60 50 AUTO 0 
b.1 2025-06-22 09:04:00.040 a 2025-06-22-09:03:59 267 276 284 3.4 5.3 5.9 13.9 5.5 725.1 0.00 0 0.0 14.9 23.9 23.4 3.633  -44.3   17.6   11.6  13  -11.2  12 0 0 1 1 1 0 12.8 3.1 12.6 3.0 80.0 100 100 20 408 0 118 0 401 401 399 0 0 0 59 50 AUTO 0 
b.1 2025-06-22 09:05:01.178 a 2025-06-22-09:05:00 271 278 286 3.6 5.5 6.1 14.0 5.5 725.1 0.00 0 0.0 15.0 24.1 24.5 3.627  -44.4   17.7   12.0  13  -11.1  12 0 0 1 1 1 0 12.8 3.9 12.6 3.8 80.0 100 100 20 408 0 117 0 401 401 400 0 0 0 59 50 AUTO 0 
b.1 2025-06-22 09:06:00.059 a 2025-06-22-09:05:59 252 276 287 2.1 5.1 6.1 14.0 2.1 725.1 0.00 0 0.0 15.0 24.1 24.5 3.627  -43.7   17.7   12.0  13  -11.2  12 0 0 1 1 1 0 12.8 3.7 12.7 3.6 80.0 100 100 20 408 0 118 0 401 401 400 0 0 0 59 50 AUTO 0 
b.1 2025-06-22 09:07:01.316 a 2025-06-22-09:07:00 266 276 283 2.8 5.1 6.2 14.0 3.7 725.1 0.00 0 0.0 15.0 24.0 24.5 3.627  -45.1   17.7   11.8  13  -11.2  12 0 0 1 1 1 0 12.8 3.0 12.6 2.9 80.0 100 100 20 408 0 117 0 401 401 400 0 0 0 60 50 AUTO 0 
b.1 2025-06-22 09:08:00.720 a 2025-06-22-09:07:59 269 276 282 3.4 5.4 6.3 14.0 3.7 725.1 0.00 0 0.0 14.9 23.9 23.4 3.634  -45.7   17.7   12.8  13  -11.3  12 0 0 1 1 1 0 12.8 2.9 12.7 2.9 80.0 100 100 20 408 0 118 0 401 402 400 0 0 0 60 50 AUTO 0 
b.1 2025-06-22 09:09:01.000 a 2025-06-22-09:09:00 254 276 296 0.5 5.0 6.0 13.9 2.2 725.0 0.00 0 0.0 14.9 23.8 23.4 3.634  -45.5   17.7   12.4  12  -11.5  12 0 0 1 1 1 0 12.8 2.4 12.7 2.1 80.0 100 100 20 408 0 117 0 401 401 400 0 0 0 59 50 AUTO 0 
b.1 2025-06-22 09:10:00.476 a 2025-06-22-09:09:59 262 277 288 1.3 5.1 6.3 13.8 2.2 725.0 0.00 0 0.0 14.9 24.1 24.4 3.627  -46.0   17.7   13.2  12  -11.6  12 0 0 1 1 1 0 12.8 1.5 12.7 1.4 80.0 100 100 20 408 0 119 11 401 401 399 4 4 4 60 50 AUTO 0 
b.1 2025-06-22 09:11:01.259 a 2025-06-22-09:11:00 262 277 288 1.9 5.1 6.4 13.8 1.5 725.0 0.00 0 0.0 15.0 24.1 24.4 3.627  -45.3   17.6   13.4  12  -11.8  12 0 0 1 1 1 0 12.8 0.5 12.7 0.5 80.0 100 100 20 408 0 117 0 401 401 400 0 0 0 59 50 AUTO 0 
b.1 2025-06-22 09:12:02.002 a 2025-06-22-09:12:01 267 276 285 1.9 5.2 6.2 13.7 2.0 725.0 0.00 0 0.0 15.0 24.1 24.4 3.627  -45.4   17.6   12.9  12  -12.0  12 0 0 1 1 1 0 13.0 0.2 13.0 0.2 80.0 100 100 20 408 0 117 0 401 401 400 0 0 0 59 50 AUTO 0 
b.1 2025-06-22 09:13:00.322 a 2025-06-22-09:12:59 201 276 289 0.7 4.9 6.2 13.7 1.4 725.0 0.00 0 0.0 15.0 23.9 23.4 3.634  -44.9   17.6   12.9  12  -12.2  12 0 0 1 1 1 0 13.0 0.0 13.0 0.0 80.0 100 100 20 408 0 118 0 401 401 400 0 0 0 60 50 AUTO 0 
b.1 2025-06-22 09:14:02.003 a 2025-06-22-09:14:01 235 275 292 1.1 5.0 6.2 13.5 1.5 725.0 0.00 0 0.0 14.8 23.9 23.4 3.633  -44.7   17.5   12.3  12  -12.4  12 0 0 1 1 1 0 13.1 0.1 13.1 0.1 80.0 100 100 20 408 0 118 0 401 401 400 0 0 0 59 50 AUTO 0 
b.1 2025-06-22 09:15:01.058 a 2025-06-22-09:15:00 263 276 289 2.1 4.9 5.9 13.5 1.6 725.0 0.00 0 0.0 15.0 24.1 24.5 3.627  -46.2   17.5   12.3  12  -12.6  12 0 0 1 1 1 0 13.1 0.4 13.2 0.3 80.0 100 100 20 408 0 119 0 401 401 400 0 0 0 60 50 AUTO 0 
b.1 2025-06-22 09:16:01.017 a 2025-06-22-09:16:00 265 275 283 1.4 5.1 6.2 13.5 1.5 725.0 0.00 0 0.0 15.1 24.1 24.5 3.626  -45.4   17.5   12.6  11  -12.8  12 0 0 1 1 1 0 13.1 0.5 13.1 0.4 80.0 100 100 20 408 0 119 0 401 402 400 0 0 0 60 50 AUTO 0 
b.1 2025-06-22 09:17:01.440 a 2025-06-22-09:17:00 259 274 285 1.1 4.9 6.3 13.5 1.6 725.0 0.00 0 0.0 15.0 24.0 24.5 3.628  -45.3   17.5   12.1  11  -13.0  12 0 0 1 1 1 0 13.0 0.6 13.0 0.4 80.0 100 100 20 408 0 118 0 401 401 400 0 0 0 60 50 AUTO 0 
b.1 2025-06-22 09:18:00.559 a 2025-06-22-09:17:59 253 274 287 1.1 4.8 6.3 13.5 1.5 725.0 0.00 0 0.0 14.9 23.6 23.4 3.633  -45.4   17.4   12.4  11  -13.2  12 0 0 1 1 1 0 13.0 0.6 12.9 0.4 80.0 100 100 20 408 0 123 0 401 401 400 0 0 0 60 50 AUTO 0 
b.1 2025-06-22 09:19:00.098 a 2025-06-22-09:18:59 199 272 325 0.8 4.4 5.9 13.5 1.3 725.0 0.00 0 0.0 14.9 24.1 24.5 3.627  -46.2   17.4   11.6  11  -13.5  12 0 0 1 1 1 0 12.9 0.6 12.9 0.4 80.0 100 100 20 408 0 123 0 401 401 400 0 0 0 60 50 AUTO 0 
b.1 2025-06-22 09:20:01.698 a 2025-06-22-09:20:01 260 274 289 1.8 4.8 6.3 13.6 1.6 725.0 0.00 0 0.0 15.0 24.1 24.4 3.628  -44.7   17.4   12.5  11  -13.5  12 0 0 1 1 1 0 12.9 0.6 12.8 0.4 80.0 100 100 20 408 0 122 0 401 401 400 0 0 0 60 50 AUTO 0 
b.1 2025-06-22 09:21:01.701 a 2025-06-22-09:21:01 262 273 291 1.1 4.8 6.0 13.5 1.5 725.0 0.00 0 0.0 15.0 24.1 24.4 3.627  -45.8   17.4   13.1  11  -13.7  12 0 0 1 1 1 0 12.9 0.7 12.8 0.4 80.0 100 100 20 408 0 118 0 401 401 400 0 0 0 60 50 AUTO 0 
b.1 2025-06-22 09:22:01.141 a 2025-06-22-09:22:00 250 271 280 1.8 4.6 5.9 13.5 1.6 725.0 0.00 0 0.0 15.0 23.9 23.4 3.633  -45.9   17.3   12.7  11  -13.9  12 0 0 1 1 1 0 12.9 0.5 12.8 0.4 80.0 100 100 20 408 0 118 0 401 401 400 0 0 0 59 50 AUTO 0 
b.1 2025-06-22 09:23:01.384 a 2025-06-22-09:23:00 246 271 296 0.9 4.4 5.7 13.5 1.4 725.0 0.00 0 0.0 14.9 24.1 24.5 3.626  -43.8   17.3   11.0  10  -14.1  12 0 0 1 1 1 0 12.8 0.4 12.7 0.4 80.0 100 100 20 408 0 117 0 401 401 400 0 0 0 60 50 AUTO 0 
b.1 2025-06-22 09:24:01.759 a 2025-06-22-09:24:01 250 273 286 2.3 4.7 6.1 13.5 1.4 725.0 0.00 0 0.0 15.0 24.1 24.4 3.627  -45.9   17.3   11.6  10  -14.1  12 0 0 1 1 1 0 12.8 0.5 12.7 0.4 80.0 100 100 20 408 0 118 0 401 401 400 0 0 0 59 50 AUTO 0 
b.1 2025-06-22 09:25:00.921 a 2025-06-22-09:25:00 266 275 286 2.3 4.8 5.9 13.5 1.4 724.9 0.00 0 0.0 15.0 24.1 24.5 3.628  -44.8   17.3   11.6  10  -14.1  12 0 0 1 1 1 0 12.8 0.6 12.7 0.5 80.0 100 100 20 408 0 117 0 401 401 400 0 0 0 59 50 AUTO 0 
b.1 2025-06-22 09:26:01.663 a 2025-06-22-09:26:00 263 273 280 2.2 4.8 5.8 13.5 1.4 724.9 0.00 0 0.0 14.9 23.9 23.4 3.633  -45.2   17.3   11.6  10  -14.3  12 0 0 1 1 1 0 12.8 0.6 12.7 0.6 80.0 100 100 20 408 0 117 0 401 401 400 0 0 0 60 50 AUTO 0 
b.1 2025-06-22 09:27:01.880 a 2025-06-22-09:27:01 238 273 336 1.0 4.3 5.6 13.5 1.3 724.9 0.00 0 0.0 14.8 23.9 23.4 3.633  -45.5   17.3   10.4  10  -14.5  12 0 0 1 1 1 0 12.8 0.9 12.7 0.5 80.0 100 100 20 408 0 118 0 401 401 400 0 0 0 60 50 AUTO 0 
b.1 2025-06-22 09:28:00.861 a 2025-06-22-09:28:00 254 274 288 1.5 4.6 5.6 13.6 1.3 724.9 0.00 0 0.0 14.9 24.0 23.4 3.634  -45.7   17.3   11.0  10  -14.5  12 0 0 1 1 1 0 12.8 0.7 12.7 0.5 80.0 100 100 20 408 0 120 0 402 401 400 0 0 0 59 50 AUTO 0 
b.1 2025-06-22 09:29:01.040 a 2025-06-22-09:29:00 254 275 305 1.6 4.3 5.9 13.5 1.3 724.9 0.00 0 0.0 15.0 24.1 24.5 3.628  -45.6   17.3   10.7  10  -14.4  12 0 0 1 1 1 0 12.8 0.6 12.7 0.5 80.0 100 100 20 408 0 118 0 401 401 400 0 0 0 60 50 AUTO 0 
b.1 2025-06-22 09:30:01.164 a 2025-06-22-09:30:00 250 275 304 1.1 4.5 5.6 13.4 1.1 724.9 0.00 0 0.0 15.1 24.1 24.5 3.627  -44.7   17.3   10.4  10  -14.5  12 0 0 1 1 1 0 12.7 0.7 12.6 0.5 80.0 100 100 20 408 0 118 0 401 401 400 0 0 0 59 50 AUTO 0 
b.1 2025-06-22 09:31:00.884 a 2025-06-22-09:31:00 239 275 289 1.1 4.3 5.3 13.4 1.2 724.9 0.00 0 0.0 14.9 23.9 23.4 3.633  -44.3   17.3   10.1  10  -14.6  12 0 0 1 1 1 0 12.7 0.7 12.6 0.5 80.0 100 100 20 408 0 118 0 401 401 400 0 0 0 60 50 AUTO 0 
b.1 2025-06-22 09:32:00.884 a 2025-06-22-09:32:00 234 276 327 0.6 4.2 5.3 13.4 1.1 724.9 0.00 0 0.0 14.8 23.7 23.4 3.633  -43.7   17.3    9.5  10  -14.6  12 0 0 1 1 1 0 12.7 0.6 12.6 0.5 80.0 100 100 20 408 0 120 0 401 402 400 0 0 0 59 50 AUTO 0 
b.1 2025-06-22 09:33:00.884 a 2025-06-22-09:33:00 269 278 285 1.5 4.8 5.4 13.4 1.1 724.9 0.00 0 0.0 15.0 24.1 24.5 3.627  -43.5   17.3   10.0  10  -14.5   5 0 0 1 1 1 0 12.7 0.5 12.6 0.5 80.0 100 100 20 408 0 119 0 401 401 400 0 0 0 60 50 AUTO 0 
b.1 2025-06-22 09:34:01.822 a 2025-06-22-09:34:01 262 277 286 1.6 4.6 5.2 13.3 1.0 725.0 0.00 0 0.0 15.0 24.1 24.4 3.627  -43.1   17.3    9.7  10  -14.6  12 0 0 1 1 1 0 12.7 0.6 12.6 0.5 80.0 100 100 20 408 0 119 0 401 401 400 0 0 0 60 50 AUTO 0 
b.1 2025-06-22 09:35:00.483 a 2025-06-22-09:34:59 270 277 290 1.6 4.6 5.2 13.2 1.1 724.9 0.00 0 0.0 15.0 24.1 24.5 3.627  -43.0   17.2    9.4  10  -14.6  11 0 0 1 1 1 0 12.7 0.6 12.6 0.6 80.0 100 100 20 408 0 118 0 401 402 400 0 0 0 60 50 AUTO 0 
b.1 2025-06-22 09:36:02.061 a 2025-06-22-09:36:01 163 275 295 0.4 4.2 5.3 13.2 1.1 724.9 0.00 0 0.0 14.9 23.8 23.4 3.633  -43.5   17.2    9.1  10  -14.8  11 0 0 1 1 1 0 12.6 0.8 12.5 0.6 80.0 100 100 20 408 0 119 0 401 402 400 0 0 0 60 50 AUTO 0 
b.1 2025-06-22 09:37:01.467 a 2025-06-22-09:37:00 260 279 295 2.4 4.6 5.5 13.1 1.1 724.9 0.00 0 0.0 14.8 23.7 23.4 3.633  -43.8   17.2    9.5  10  -14.9  11 0 0 1 1 1 0 12.6 0.8 12.5 0.7 80.0 100 100 20 408 0 123 0 401 401 400 0 0 0 59 50 AUTO 0 
b.1 2025-06-22 09:38:00.447 a 2025-06-22-09:37:59 254 279 294 1.3 4.4 5.2 13.1 1.2 724.9 0.00 0 0.0 14.9 24.0 23.4 3.635  -43.4   17.1    9.2  10  -15.0  11 0 0 1 1 1 0 12.6 0.7 12.5 0.6 80.0 100 100 20 408 0 124 0 401 401 400 0 0 0 59 50 AUTO 0 
b.1 2025-06-22 09:39:01.963 a 2025-06-22-09:39:01 249 277 287 2.4 4.6 5.3 13.1 1.2 724.9 0.00 0 0.0 15.1 24.1 24.5 3.626  -44.2   17.1    9.4  10  -15.1  11 0 0 1 1 1 0 12.6 0.8 12.5 0.6 80.0 100 100 20 408 0 125 0 401 401 400 0 0 0 59 50 AUTO 0 
b.1 2025-06-22 09:40:01.588 a 2025-06-22-09:40:00 259 278 300 1.0 4.3 5.4 13.0 1.2 724.9 0.00 0 0.0 15.0 24.1 24.4 3.633  -44.6   17.1    9.3  10  -15.1  11 0 0 1 1 1 0 12.6 0.7 12.4 0.6 80.0 100 100 20 408 0 120 0 401 401 400 0 0 0 59 50 AUTO 0 
b.1 2025-06-22 09:41:00.365 a 2025-06-22-09:40:59 244 276 287 1.0 4.3 5.3 13.0 1.2 724.9 0.00 0 0.0 14.9 23.8 23.4 3.633  -43.3   17.0    9.5  10  -15.2  11 0 0 1 1 1 0 12.6 0.7 12.4 0.6 80.0 100 100 20 408 0 119 0 401 401 400 0 0 0 60 50 AUTO 0 
b.1 2025-06-22 09:42:01.163 a 2025-06-22-09:42:00 231 275 300 0.9 4.4 5.1 12.9 1.5 724.9 0.00 0 0.0 14.8 23.7 23.4 3.633  -43.8   17.0    9.7   9  -15.4  11 0 0 1 1 1 0 12.6 0.9 12.4 0.7 80.0 100 100 20 408 0 120 0 401 401 400 0 0 0 60 50 AUTO 0 
b.1 2025-06-22 09:43:00.746 a 2025-06-22-09:42:59 242 271 281 1.8 4.2 5.2 12.9 1.5 724.8 0.00 0 0.0 14.8 23.9 23.4 3.633  -45.0   17.0    9.6   9  -15.7  11 0 0 1 1 1 0 12.5 0.8 12.4 0.7 80.0 100 100 20 408 0 120 0 401 402 400 0 0 0 60 50 AUTO 0 
b.1 2025-06-22 09:44:01.305 a 2025-06-22-09:44:00 235 270 287 1.6 3.8 5.2 12.9 1.5 724.8 0.00 0 0.0 15.0 24.1 24.5 3.632  -45.4   16.9    9.7   9  -16.0  11 0 0 1 1 1 0 12.5 1.0 12.4 0.8 80.0 100 100 20 408 0 119 0 401 402 400 0 0 0 60 50 AUTO 0 
b.1 2025-06-22 09:45:01.944 a 2025-06-22-09:45:01 258 268 277 2.1 3.9 5.5 12.9 1.5 724.9 0.00 0 0.0 15.0 24.1 24.5 3.627  -45.6   16.9   10.2   9  -16.4  11 0 0 1 1 1 0 12.5 0.8 12.4 0.7 80.0 100 100 20 408 0 120 0 401 401 401 0 0 0 60 50 AUTO 0 
b.1 2025-06-22 09:45:59.767 a 2025-06-22-09:45:59 252 268 278 1.9 3.7 5.0 13.0 1.5 724.9 0.00 0 0.0 15.0 24.1 24.5 3.626  -45.6   16.9   10.5   9  -16.7  12 0 0 1 1 1 0 12.5 1.0 12.4 0.8 80.0 100 100 20 408 0 122 0 401 402 400 0 0 0 59 50 AUTO 0 
b.1 2025-06-22 09:47:00.444 a 2025-06-22-09:46:59 262 266 271 2.2 3.5 4.8 13.0 1.5 724.9 0.00 0 0.0 15.0 24.0 23.4 3.633  -45.0   16.9   10.7   8  -17.3  13 0 0 1 1 1 0 12.5 0.9 12.3 0.8 80.0 100 100 20 408 0 119 0 401 401 400 0 0 0 59 50 AUTO 0 
b.1 2025-06-22 09:48:01.105 a 2025-06-22-09:48:00 254 266 275 1.5 3.8 4.9 13.1 1.6 724.8 0.00 0 0.0 14.9 23.8 23.4 3.632  -45.7   16.9   10.4   8  -17.5  13 0 0 1 1 1 0 12.5 0.9 12.3 0.9 80.0 100 100 20 408 0 120 0 401 402 400 0 0 0 59 50 AUTO 0 
b.1 2025-06-22 09:49:01.104 a 2025-06-22-09:49:00 255 267 276 1.6 4.0 5.4 13.1 1.7 724.8 0.00 0 0.0 14.8 23.8 23.4 3.633  -45.9   16.9   10.7   8  -17.6  13 0 0 1 1 1 0 12.5 0.9 12.3 0.9 80.0 100 100 20 408 0 119 0 401 401 400 0 0 0 60 50 AUTO 0 
b.1 2025-06-22 09:50:02.369 a 2025-06-22-09:50:01 262 268 272 2.7 4.0 5.4 13.1 1.4 724.8 0.00 0 0.0 14.9 24.0 23.4 3.633  -45.9   16.9   11.3   8  -18.0  13 0 0 1 1 1 0 12.5 0.9 12.3 0.8 80.0 100 100 20 408 0 117 0 402 401 400 0 0 0 60 50 AUTO 0 
b.1 2025-06-22 09:51:01.246 a 2025-06-22-09:51:00 257 267 272 2.7 3.8 5.6 13.1 1.4 724.9 0.00 0 0.0 15.0 24.1 24.5 3.627  -46.3   16.9   11.4   8  -18.2  13 0 0 1 1 1 0 12.5 0.8 12.4 0.7 80.0 100 100 20 408 0 117 0 401 401 400 0 0 0 60 50 AUTO 0 
b.1 2025-06-22 09:52:00.686 a 2025-06-22-09:51:59 258 266 270 2.6 3.7 4.8 13.2 1.4 724.9 0.00 0 0.0 15.1 24.1 24.5 3.631  -46.1   16.9   11.7   7  -18.6  13 0 0 1 1 1 0 12.5 0.7 12.4 0.7 80.0 100 100 20 408 0 118 0 402 401 400 0 0 0 59 50 AUTO 0 
b.1 2025-06-22 09:53:01.565 a 2025-06-22-09:53:00 257 266 278 2.3 4.0 5.2 13.3 1.3 724.9 0.00 0 0.0 14.9 23.9 23.4 3.634  -45.7   16.9   11.4   7  -18.8  13 0 0 1 1 1 0 12.5 0.7 12.4 0.6 80.0 100 100 20 408 0 116 0 401 401 400 0 0 0 59 50 AUTO 0 
b.1 2025-06-22 09:54:01.891 a 2025-06-22-09:54:01 255 264 275 2.3 3.8 5.2 13.4 1.3 724.9 0.00 0 0.0 14.9 23.9 23.4 3.633  -46.0   17.0   11.2   7  -19.0  13 0 0 1 1 1 0 12.5 0.6 12.4 0.5 80.0 100 100 20 408 0 117 0 401 401 400 0 0 0 60 50 AUTO 0 
b.1 2025-06-22 09:55:01.430 a 2025-06-22-09:55:00 258 265 268 2.7 3.8 5.1 13.4 1.3 724.8 0.00 0 0.0 15.0 24.1 24.4 3.628  -45.9   17.0   11.3   7  -19.1  13 0 0 1 1 1 0 12.6 0.1 12.6 0.1 80.0 100 100 20 408 0 117 0 401 402 400 0 0 0 59 50 AUTO 0 
b.1 2025-06-22 09:56:02.065 a 2025-06-22-09:56:01 259 266 272 1.9 4.0 5.3 13.4 1.4 724.8 0.00 0 0.0 15.1 24.1 24.4 3.627  -46.2   17.0   11.7   7  -19.2  13 0 0 1 1 1 0 12.8 0.0 12.8 0.0 80.0 100 100 20 408 0 122 0 401 402 399 0 0 0 59 50 AUTO 0 
b.1 2025-06-22 09:56:59.690 a 2025-06-22-09:56:58 239 267 276 2.1 4.3 6.0 13.4 1.5 724.8 0.00 0 0.0 14.9 23.8 23.4 3.633  -46.5   17.1   12.5   7  -19.2  13 0 0 1 1 1 0 12.9 0.1 13.0 0.0 80.0 100 100 20 408 0 121 0 401 401 400 0 0 0 60 50 AUTO 0 
b.1 2025-06-22 09:58:01.585 a 2025-06-22-09:58:00 210 266 276 1.8 4.2 5.8 13.5 1.7 724.8 0.00 0 0.0 14.9 24.1 24.4 3.627  -46.7   17.1   13.3   7  -19.3  13 0 0 1 1 1 0 13.0 0.0 13.1 0.0 80.0 100 100 20 408 0 122 0 401 401 400 0 0 0 59 50 AUTO 0 
b.1 2025-06-22 09:59:00.289 a 2025-06-22-09:58:59 245 267 276 1.5 4.4 6.1 13.4 1.7 724.8 0.00 0 0.0 15.1 24.1 24.5 3.628  -46.2   17.1   13.4   7  -19.3  13 0 0 1 1 1 0 13.0 0.2 13.1 0.2 80.0 100 100 20 408 0 124 0 401 401 399 0 0 0 60 50 AUTO 0 
b.1 2025-06-22 10:00:00.990 a 2025-06-22-10:00:00 245 268 301 0.6 3.9 5.9 13.4 1.8 724.8 0.00 0 0.0 15.0 24.1 24.5 3.627  -46.8   17.1   13.1   7  -19.2  13 0 0 1 1 1 0 13.0 0.5 13.0 0.3 80.0 100 100 20 408 0 120 0 401 401 400 0 0 0 59 50 AUTO 0 
b.1 2025-06-22 10:01:00.565 a 2025-06-22-10:00:59 260 268 292 2.3 4.0 5.8 13.5 1.9 724.9 0.00 0 0.0 14.8 23.7 23.4 3.633  -45.6   17.2   13.2   7  -19.0  13 0 0 1 1 1 0 12.9 0.5 12.9 0.4 80.0 100 100 20 408 0 120 0 401 401 400 0 0 0 59 50 AUTO 0 
b.1 2025-06-22 10:02:00.687 a 2025-06-22-10:01:59 250 267 334 0.8 3.8 6.0 13.6 1.9 724.9 0.00 0 0.0 15.0 24.1 24.5 3.627  -46.5   17.2   13.2   7  -19.0  13 0 0 1 1 1 0 12.9 0.6 12.9 0.5 80.0 100 100 20 408 0 118 0 401 401 400 0 0 0 59 50 AUTO 0 
b.1 2025-06-22 10:03:02.036 a 2025-06-22-10:03:01 188 266 307 0.7 4.1 6.0 13.6 1.8 724.9 0.00 0 0.0 15.1 24.1 24.5 3.632  -46.5   17.2   12.5   7  -19.0  13 0 0 1 1 1 0 12.8 0.8 12.8 0.6 80.0 100 100 20 408 0 117 0 401 401 400 0 0 0 59 50 AUTO 0 
b.1 2025-06-22 10:04:00.450 a 2025-06-22-10:03:59 232 268 303 1.2 4.0 5.9 13.5 1.7 724.8 0.00 0 0.0 14.9 23.9 23.4 3.634  -46.1   17.2   12.2   7  -19.0  13 0 0 1 1 1 0 12.8 0.8 12.8 0.6 80.0 100 100 20 408 0 118 0 401 401 400 0 0 0 60 50 AUTO 0 
b.1 2025-06-22 10:05:01.710 a 2025-06-22-10:05:00 149 266 280 0.6 4.0 6.0 13.6 1.8 724.9 0.00 0 0.0 14.9 23.7 23.4 3.633  -47.2   17.2   12.6   7  -18.9  13 0 0 1 1 1 0 12.8 0.7 12.7 0.7 80.0 100 100 20 408 0 116 0 401 401 400 0 0 0 60 50 AUTO 0 
b.1 2025-06-22 10:06:01.069 a 2025-06-22-10:06:00 254 267 294 1.9 4.2 5.9 13.6 1.7 724.9 0.00 0 0.0 14.9 24.1 24.5 3.626  -46.5   17.3   12.4   7  -18.7  13 0 0 1 1 1 0 12.8 0.8 12.7 0.7 80.0 100 100 20 408 0 116 0 401 401 400 0 0 0 60 50 AUTO 0 
b.1 2025-06-22 10:07:01.487 a 2025-06-22-10:07:00 242 267 280 1.7 4.0 5.9 13.7 1.6 724.9 0.00 0 0.0 14.9 24.1 24.4 3.633  -46.8   17.3   12.4   7  -18.7  13 0 0 1 1 1 0 12.7 0.9 12.7 0.7 80.0 100 100 20 408 0 116 0 401 401 400 0 0 0 59 50 AUTO 0 
b.1 2025-06-22 10:08:01.007 a 2025-06-22-10:08:00 259 267 281 1.5 3.9 5.9 13.7 1.6 724.9 0.00 0 0.0 14.9 24.1 24.5 3.626  -45.2   17.3   12.1   7  -18.6  13 0 0 1 1 1 0 12.7 0.9 12.7 0.7 80.0 100 100 20 408 0 116 0 401 401 400 0 0 0 60 50 AUTO 0 
b.1 2025-06-22 10:09:01.571 a 2025-06-22-10:09:00 191 269 299 0.7 4.0 6.2 13.7 1.8 724.9 0.00 0 0.0 15.0 24.1 24.5 3.627  -47.6   17.3   12.1   7  -18.5  13 0 0 1 1 1 0 12.7 0.7 12.6 0.7 80.0 100 100 20 408 0 116 0 401 402 400 0 0 0 60 50 AUTO 0 
b.1 2025-06-22 10:10:02.411 a 2025-06-22-10:10:01 246 269 291 1.0 4.0 5.9 13.6 1.9 724.9 0.00 0 0.0 15.0 24.1 24.5 3.627  -47.2   17.3   12.5   7  -18.3  13 0 0 1 1 1 0 12.7 0.8 12.6 0.7 80.0 100 100 20 408 0 118 0 401 401 400 0 0 0 60 50 AUTO 0 
b.1 2025-06-22 10:11:00.551 a 2025-06-22-10:10:59 184 268 292 0.8 3.8 6.2 13.5 1.7 724.9 0.00 0 0.0 14.9 23.8 23.4 3.633  -45.8   17.3   12.2   7  -18.3  13 0 0 1 1 1 0 12.7 0.9 12.6 0.7 80.0 100 100 20 408 0 116 0 401 401 400 0 0 0 59 50 AUTO 0 
b.1 2025-06-22 10:12:00.171 a 2025-06-22-10:11:59 187 270 288 0.7 4.2 6.3 13.5 1.6 724.9 0.00 0 0.0 14.8 23.7 23.4 3.633  -45.3   17.3   11.8   7  -18.0  13 0 0 1 1 1 0 12.7 1.0 12.6 0.7 80.0 100 100 20 408 0 118 0 401 401 400 0 0 0 59 50 AUTO 0 
b.1 2025-06-22 10:13:02.032 a 2025-06-22-10:13:01 222 268 283 0.6 4.0 6.2 13.5 1.8 724.9 0.00 0 0.0 14.9 24.1 24.4 3.627  -47.0   17.3   12.5   7  -18.3  13 0 0 1 1 1 0 12.7 0.9 12.6 0.7 80.0 100 100 20 408 0 118 0 401 401 400 0 0 0 60 50 AUTO 0 
b.1 2025-06-22 10:14:01.171 a 2025-06-22-10:14:00 235 268 286 1.2 4.2 6.1 13.5 1.8 724.9 0.00 0 0.0 15.0 24.1 24.4 3.633  -47.1   17.3   12.8   7  -18.4  13 0 0 1 1 1 0 12.7 0.9 12.6 0.7 80.0 100 100 20 408 0 118 0 401 402 400 0 0 0 59 50 AUTO 0 
b.1 2025-06-22 10:15:01.496 a 2025-06-22-10:15:00 221 267 290 0.9 3.9 6.1 13.5 1.7 724.9 0.00 0 0.0 15.0 24.1 24.4 3.634  -47.3   17.3   12.1   7  -18.4  13 0 0 1 1 1 0 12.7 0.8 12.6 0.8 80.0 100 100 20 408 0 117 0 401 401 400 0 0 0 60 50 AUTO 0 
b.1 2025-06-22 10:16:00.334 a 2025-06-22-10:15:59 232 267 285 1.2 4.0 5.9 13.5 1.8 724.9 0.00 0 0.0 14.9 24.1 24.5 3.627  -47.5   17.3   12.8   7  -18.5  13 0 0 1 1 1 0 12.7 0.9 12.6 0.7 80.0 100 100 20 408 0 125 0 401 401 400 0 0 0 59 50 AUTO 0 
b.1 2025-06-22 10:17:00.753 a 2025-06-22-10:16:59 203 263 285 1.6 3.8 6.2 13.5 1.8 724.9 0.00 0 0.0 14.9 23.9 23.4 3.634  -47.9   17.3   12.7   7  -18.5  13 0 0 1 1 1 0 12.7 0.7 12.5 0.6 80.0 100 100 20 408 0 106 0 402 401 400 0 0 0 59 50 AUTO 0 
b.1 2025-06-22 10:18:00.631 a 2025-06-22-10:17:59 207 261 280 1.5 3.8 6.0 13.4 1.8 724.9 0.00 0 0.0 14.9 23.7 23.4 3.633  -47.3   17.2   13.1   7  -18.8  13 0 0 1 1 1 0 12.7 0.7 12.6 0.6 80.0 100 100 20 408 0 111 0 401 401 400 0 0 0 59 50 AUTO 0 
b.1 2025-06-22 10:19:00.951 a 2025-06-22-10:19:00 242 262 311 1.0 3.9 5.7 13.4 1.8 724.9 0.00 0 0.0 15.0 24.0 23.4 3.635  -47.1   17.2   13.0   7  -18.9  13 0 0 1 1 1 0 12.7 0.6 12.6 0.6 80.0 100 100 20 408 0 120 2 401 401 399 0 0 3 59 50 AUTO 0 
b.1 2025-06-22 10:20:00.713 a 2025-06-22-10:19:59 244 263 319 1.1 4.1 5.9 13.4 1.7 724.9 0.00 0 0.0 15.0 23.8 23.4 3.633  -47.3   17.2   12.6   7  -18.9  13 0 0 1 1 1 0 12.7 0.6 12.6 0.5 80.0 100 99 20 408 0 127 0 401 401 400 0 0 0 60 50 AUTO 0 
b.1 2025-06-22 10:21:01.213 a 2025-06-22-10:21:00 226 261 283 1.3 4.2 6.0 13.4 1.8 724.9 0.00 0 0.0 14.8 23.6 23.4 3.633  -47.9   17.2   12.6   7  -19.0  13 0 0 1 1 1 0 12.6 0.6 12.6 0.6 80.0 100 100 20 408 0 121 0 402 401 400 0 0 0 59 50 AUTO 0 
b.1 2025-06-22 10:22:00.234 a 2025-06-22-10:21:59 244 261 272 2.3 4.6 5.9 13.3 1.9 724.9 0.00 0 0.0 14.9 24.1 24.5 3.627  -47.7   17.2   12.9   7  -18.8  13 0 0 1 1 1 0 12.6 0.6 12.6 0.6 80.0 100 100 20 408 0 122 0 401 401 400 0 0 0 59 50 AUTO 0 
b.1 2025-06-22 10:23:00.831 a 2025-06-22-10:23:00 239 261 289 1.3 4.6 6.1 13.2 1.8 724.9 0.00 0 0.0 15.1 24.1 24.5 3.633  -47.9   17.2   13.2   7  -19.0  13 0 0 1 1 1 0 12.6 0.7 12.6 0.6 80.0 100 100 20 408 0 117 0 401 401 400 0 0 0 60 50 AUTO 0 
b.1 2025-06-22 10:24:00.273 a 2025-06-22-10:23:59 244 261 289 1.6 4.3 6.0 13.2 1.9 724.9 0.00 0 0.0 15.0 24.1 24.5 3.626  -47.5   17.2   13.9   7  -19.1  13 0 0 1 1 1 0 12.6 0.7 12.6 0.6 80.0 100 100 20 408 0 116 0 401 401 400 0 0 0 60 50 AUTO 0 
b.1 2025-06-22 10:25:02.742 a 2025-06-22-10:25:01 247 262 298 0.7 4.7 6.3 13.2 1.9 724.9 0.00 0 0.0 15.0 24.1 24.5 3.626  -47.7   17.1   13.8   7  -19.1  13 0 0 1 1 1 0 12.6 0.7 12.6 0.6 80.0 100 100 20 408 0 118 0 401 402 400 0 0 0 60 50 AUTO 0 
b.1 2025-06-22 10:26:01.611 a 2025-06-22-10:26:00 229 261 276 1.1 4.5 6.5 13.1 1.9 724.9 0.00 0 0.0 14.8 23.6 23.4 3.633  -47.0   17.1   14.1   7  -19.0  13 0 0 1 1 1 0 12.6 0.7 12.5 0.6 80.0 100 100 20 408 0 118 0 401 401 400 0 0 0 59 50 AUTO 0 
b.1 2025-06-22 10:27:00.173 a 2025-06-22-10:26:59 213 260 273 1.1 4.6 6.3 13.1 1.8 724.9 0.00 0 0.0 14.8 23.7 23.4 3.634  -47.7   17.1   13.6   7  -19.2  13 0 0 1 1 1 0 12.6 0.7 12.5 0.6 80.0 100 100 20 408 0 119 0 401 401 400 0 0 0 59 50 AUTO 0 
b.1 2025-06-22 10:28:01.394 a 2025-06-22-10:28:00 246 262 279 1.8 4.9 6.4 13.0 1.8 724.8 0.00 0 0.0 14.9 23.9 23.4 3.633  -47.8   17.0   14.3   7  -19.1  13 0 0 1 1 1 0 12.6 0.7 12.5 0.7 80.0 100 100 20 408 0 117 0 401 401 400 0 0 0 59 50 AUTO 0 
b.1 2025-06-22 10:29:01.401 a 2025-06-22-10:29:00 247 261 274 2.1 4.6 6.4 13.0 2.0 724.9 0.00 0 0.0 14.9 24.1 24.5 3.628  -47.5   17.0   15.4   7  -19.1  13 0 0 1 2 1 0 12.6 0.7 12.5 0.7 80.0 100 100 20 408 0 117 0 401 401 400 0 0 0 59 50 AUTO 0 
b.1 2025-06-22 10:30:02.173 a 2025-06-22-10:30:01 253 263 274 2.4 4.5 6.6 13.0 2.2 724.8 0.00 0 0.0 15.0 24.1 24.5 3.627  -48.3   17.0   17.1   7  -19.1  14 0 0 1 2 1 0 12.6 0.7 12.5 0.6 80.0 100 99 20 408 0 116 0 401 401 400 0 0 0 60 50 AUTO 0 
b.1 2025-06-22 10:31:00.617 a 2025-06-22-10:30:59 250 264 281 2.9 5.0 7.5 13.0 2.3 724.8 0.00 0 0.0 15.0 24.1 24.4 3.633  -49.3   17.0   18.5   7  -19.1  15 0 0 1 2 1 0 12.6 0.7 12.5 0.6 80.0 100 100 20 408 0 118 0 401 401 399 0 0 0 60 50 AUTO 0 
b.1 2025-06-22 10:32:00.572 a 2025-06-22-10:31:59 253 264 273 2.1 4.5 7.0 13.0 2.4 724.8 0.00 0 0.0 15.0 23.8 23.4 3.632  -49.3   17.0   19.6   7  -19.0  15 0 0 1 2 1 0 12.5 0.7 12.5 0.6 80.0 100 100 20 408 0 118 0 401 401 400 0 0 0 60 50 AUTO 0 
b.1 2025-06-22 10:33:01.316 a 2025-06-22-10:33:00 254 265 275 2.3 5.0 6.9 13.0 2.2 724.8 0.00 0 0.0 14.8 23.7 23.4 3.633  -48.2   16.9   18.8   7  -19.1  15 0 0 1 2 1 0 12.6 0.7 12.5 0.6 80.0 100 100 20 408 0 119 0 401 401 400 0 0 0 59 50 AUTO 0 
b.1 2025-06-22 10:34:00.335 a 2025-06-22-10:33:59 209 263 277 1.3 4.7 6.9 13.0 2.3 724.8 0.00 0 0.0 14.8 23.9 23.4 3.633  -49.3   16.9   19.3   7  -19.1  15 0 0 1 2 1 0 12.5 0.7 12.4 0.6 80.0 100 100 20 408 0 117 0 401 401 400 0 0 0 60 50 AUTO 0 
b.1 2025-06-22 10:35:01.278 a 2025-06-22-10:35:00 251 263 287 2.5 4.7 7.1 13.0 2.3 724.8 0.00 0 0.0 14.9 23.9 23.4 3.633  -47.8   16.9   18.6   7  -19.1  15 0 0 1 2 1 0 12.5 0.7 12.5 0.7 80.0 100 100 20 408 0 95 0 401 401 400 0 0 0 60 50 AUTO 0 
b.1 2025-06-22 10:36:00.615 a 2025-06-22-10:35:59 168 261 278 0.7 4.6 7.0 13.0 2.0 724.8 0.00 0 0.0 14.9 24.0 24.5 3.626  -48.7   16.9   16.1   7  -19.2  15 0 0 1 2 1 0 12.5 0.6 12.4 0.5 80.0 100 99 20 408 0 113 0 401 401 400 0 0 0 59 50 AUTO 0 
b.1 2025-06-22 10:37:00.157 a 2025-06-22-10:36:59 225 261 274 2.0 4.9 7.3 13.0 2.2 724.8 0.00 0 0.0 15.0 24.1 24.5 3.627  -46.9   16.8   15.1   7  -19.1  15 0 0 1 2 1 0 12.5 0.5 12.5 0.5 80.0 100 100 20 408 0 120 0 402 401 400 0 0 0 59 50 AUTO 0 
b.1 2025-06-22 10:38:01.737 a 2025-06-22-10:38:00 163 260 282 1.4 5.0 6.9 13.0 2.1 724.8 0.00 0 0.0 15.0 24.1 24.5 3.627  -47.6   16.8   16.0   7  -19.3  11 0 0 1 2 1 0 12.5 0.5 12.5 0.4 80.0 100 100 20 408 0 121 0 401 401 400 0 0 0 60 50 AUTO 0 
b.1 2025-06-22 10:39:01.634 a 2025-06-22-10:39:00 245 262 280 2.4 5.3 7.1 13.0 2.2 724.8 0.00 0 0.0 15.0 24.1 24.5 3.626  -48.2   16.8   16.8   7  -19.1  15 0 0 1 2 1 0 12.6 0.1 12.6 0.1 80.0 100 100 20 408 0 123 0 401 401 400 0 0 0 60 50 AUTO 0 
b.1 2025-06-22 10:40:01.078 a 2025-06-22-10:40:00 209 261 275 1.1 5.0 7.2 13.1 2.1 724.8 0.00 0 0.0 14.8 23.6 23.4 3.633  -48.0   16.8   16.4   7  -19.1  14 0 0 1 2 1 0 12.8 0.1 12.8 0.1 80.0 100 100 20 408 0 118 0 402 401 400 0 0 0 60 50 AUTO 0 
b.1 2025-06-22 10:41:00.474 a 2025-06-22-10:40:59 204 261 284 2.2 4.9 7.2 13.0 2.1 724.8 0.00 0 0.0 14.8 23.7 23.4 3.633  -47.5   16.8   16.3   7  -19.4  14 0 0 1 2 1 0 12.8 0.1 12.9 0.0 80.0 100 100 20 408 0 117 0 401 401 400 0 0 0 60 50 AUTO 0 
b.1 2025-06-22 10:42:00.936 a 2025-06-22-10:42:00 241 262 306 0.8 5.0 7.2 13.1 1.9 724.8 0.00 0 0.0 14.9 24.0 23.4 3.633  -48.3   16.8   15.4   7  -19.4  14 0 0 1 2 1 0 12.8 0.1 12.9 0.0 80.0 100 100 20 408 0 117 0 402 401 400 0 0 0 60 50 AUTO 0 
b.1 2025-06-22 10:42:59.996 a 2025-06-22-10:42:59 239 262 278 1.0 5.1 7.1 13.1 2.0 724.8 0.00 0 0.0 14.9 24.1 24.5 3.626  -48.7   16.8   16.3   7  -19.4  14 0 0 1 2 1 0 12.8 0.3 12.9 0.2 80.0 100 100 20 408 0 115 0 401 402 399 0 0 0 60 50 AUTO 0 
b.1 2025-06-22 10:44:01.335 a 2025-06-22-10:44:00 241 262 286 1.3 4.8 7.1 13.1 1.6 724.8 0.00 0 0.0 15.0 24.1 24.5 3.627  -47.3   16.8   15.3   7  -19.3  14 0 0 1 2 1 0 12.8 0.4 12.8 0.3 80.0 100 100 20 408 0 116 0 401 402 400 0 0 0 59 50 AUTO 0 
b.1 2025-06-22 10:45:00.878 a 2025-06-22-10:45:00 206 263 295 1.1 5.4 7.2 13.0 2.0 724.9 0.00 0 0.0 15.1 24.1 24.5 3.628  -47.1   16.8   16.7   7  -19.3  14 0 0 1 2 1 0 12.7 0.5 12.7 0.5 80.0 100 100 20 408 0 118 0 401 401 400 0 0 0 59 50 AUTO 0 
b.1 2025-06-22 10:46:01.980 a 2025-06-22-10:46:01 119 259 309 0.9 4.9 6.8 12.9 1.9 724.9 0.00 0 0.0 15.0 24.0 23.4 3.633  -47.9   16.8   14.5   7  -19.5  14 0 0 1 1 1 0 12.7 0.6 12.7 0.5 80.0 100 100 20 408 0 117 0 401 401 400 0 0 0 59 50 AUTO 0 
b.1 2025-06-22 10:47:01.519 a 2025-06-22-10:47:00 206 258 282 0.3 5.2 7.7 13.0 1.9 724.9 0.00 0 0.0 14.8 23.8 23.6 3.632  -48.4   16.8   14.8   7  -19.8  14 0 0 1 1 1 0 12.6 0.5 12.6 0.4 80.0 100 100 20 408 0 115 0 402 401 400 0 0 0 60 50 AUTO 0 
b.1 2025-06-22 10:48:01.880 a 2025-06-22-10:48:01 196 258 304 0.5 4.9 7.4 12.9 1.8 724.8 0.00 0 0.0 14.9 23.9 23.4 3.634  -48.7   16.8   15.6   7  -19.9  14 0 0 1 2 1 0 12.6 0.6 12.6 0.5 80.0 100 100 20 408 0 115 0 401 401 400 0 0 0 60 50 AUTO 0 
b.1 2025-06-22 10:49:02.344 a 2025-06-22-10:49:01 193 263 332 0.7 5.4 7.1 12.8 2.2 724.8 0.00 0 0.0 15.0 24.1 24.5 3.626  -48.5   16.7   16.0   7  -19.9  14 0 0 1 2 1 0 12.6 0.5 12.6 0.4 80.0 100 100 20 408 0 114 0 401 401 400 0 0 0 60 50 AUTO 0 
b.1 2025-06-22 10:50:02.298 a 2025-06-22-10:50:01 124 261 280 1.0 5.3 7.7 12.8 2.1 724.9 0.00 0 0.0 15.0 24.1 24.4 3.627  -49.2   16.7   16.2   7  -19.9  14 0 0 1 2 1 0 12.6 0.6 12.6 0.5 80.0 100 100 20 408 0 115 0 401 401 399 0 0 0 60 50 AUTO 0 
b.1 2025-06-22 10:51:01.634 a 2025-06-22-10:51:00 205 261 282 0.9 5.8 8.1 12.9 2.4 724.9 0.00 0 0.0 15.0 24.0 24.5 3.627  -48.4   16.7   17.2   7  -19.8  14 0 0 1 2 1 0 12.6 0.6 12.6 0.5 80.0 100 100 20 408 0 114 0 401 401 400 0 0 0 59 50 AUTO 0 
b.1 2025-06-22 10:52:01.555 a 2025-06-22-10:52:00 114 261 326 0.7 4.8 8.3 13.0 2.0 724.8 0.00 0 0.0 14.9 23.6 23.4 3.634  -49.3   16.7   15.8   7  -20.0  14 0 0 1 2 1 0 12.6 0.6 12.6 0.6 80.0 100 100 20 408 0 114 0 402 401 400 0 0 0 59 50 AUTO 0 
b.1 2025-06-22 10:53:00.720 a 2025-06-22-10:52:59 238 261 278 1.7 5.7 7.7 13.0 2.5 724.9 0.00 0 0.0 14.8 23.6 23.4 3.634  -47.9   16.7   16.7   7  -20.0  14 0 0 1 2 1 0 12.6 0.6 12.6 0.6 80.0 100 100 20 408 0 117 0 401 401 400 0 0 0 59 50 AUTO 0 
b.1 2025-06-22 10:54:00.816 a 2025-06-22-10:54:00 230 261 271 1.8 6.5 8.1 12.9 2.6 724.8 0.00 0 0.0 14.9 23.8 23.4 3.634  -48.2   16.7   18.2   7  -20.0  14 0 0 1 2 1 0 12.6 0.6 12.6 0.6 80.0 100 100 20 408 0 116 0 401 401 400 0 0 0 60 50 AUTO 0 
b.1 2025-06-22 10:55:00.118 a 2025-06-22-10:54:59 188 260 283 0.7 5.5 8.2 13.0 2.4 724.8 0.00 0 0.0 15.0 24.1 24.5 3.627  -49.5   16.7   17.7   7  -19.9  14 0 0 1 2 1 0 12.6 0.6 12.6 0.6 80.0 100 100 20 408 0 118 0 401 401 400 0 0 0 60 50 AUTO 0 
b.1 2025-06-22 10:56:00.200 a 2025-06-22-10:55:59 233 258 272 0.8 5.1 7.7 13.0 2.4 724.8 0.00 0 0.0 15.0 24.1 24.5 3.627  -47.2   16.7   15.8   6  -20.3  14 0 0 1 2 1 0 12.6 0.5 12.6 0.5 80.0 100 100 20 408 0 120 0 401 401 400 0 0 0 59 50 AUTO 0 
b.1 2025-06-22 10:57:01.438 a 2025-06-22-10:57:00 164 261 319 0.9 5.2 8.1 13.1 2.3 724.9 0.00 0 0.0 15.0 24.1 24.5 3.627  -49.1   16.7   15.4   6  -20.4  14 0 0 1 2 1 0 12.6 0.5 12.6 0.5 80.0 100 100 20 408 0 119 0 401 401 399 0 0 0 60 50 AUTO 0 
b.1 2025-06-22 10:58:01.157 a 2025-06-22-10:58:00 024 261 174 0.7 5.8 8.1 13.1 2.4 724.9 0.00 0 0.0 14.9 23.7 23.4 3.633  -49.3   16.7   16.2   6  -20.4  14 0 0 1 2 1 0 12.6 0.6 12.6 0.5 80.0 100 100 20 408 0 123 0 402 401 400 0 0 0 59 50 AUTO 0 
b.1 2025-06-22 10:59:01.619 a 2025-06-22-10:59:00 208 259 333 1.5 5.4 8.0 13.1 2.3 724.9 0.00 0 0.0 14.8 23.9 23.4 3.634  -47.8   16.7   15.7   6  -20.3  14 0 0 1 2 1 0 12.6 0.5 12.6 0.5 80.0 100 100 20 408 0 113 0 401 401 400 0 0 0 60 50 AUTO 0 
b.1 2025-06-22 11:00:01.236 a 2025-06-22-11:00:00 224 258 272 2.1 5.7 7.8 13.0 2.1 724.9 0.00 0 0.0 14.8 23.6 23.4 3.633  -49.0   16.7   16.2   6  -20.4  14 0 0 1 2 1 0 12.6 0.5 12.5 0.5 80.0 100 100 20 408 0 108 0 401 401 400 0 0 0 59 50 AUTO 0 
b.1 2025-06-22 11:01:01.657 a 2025-06-22-11:01:00 221 258 288 2.2 5.8 8.0 12.9 2.2 724.9 0.00 0 0.0 14.9 23.8 23.4 3.633  -49.0   16.7   16.1   6  -20.5  14 0 0 1 2 1 0 12.6 0.7 12.5 0.5 80.0 100 100 20 408 0 112 0 401 401 400 0 0 0 59 50 AUTO 0 
b.1 2025-06-22 11:02:02.076 a 2025-06-22-11:02:01 189 258 281 0.5 5.0 7.7 12.7 2.1 724.8 0.00 0 0.0 15.0 24.1 24.5 3.627  -49.4   16.6   15.2   6  -20.9  14 0 0 1 2 1 0 12.6 0.6 12.5 0.5 80.0 100 100 20 408 0 113 0 402 401 400 0 0 0 59 50 AUTO 0 
b.1 2025-06-22 11:03:02.157 a 2025-06-22-11:03:01 154 258 275 0.7 5.3 7.6 12.7 2.1 724.8 0.00 0 0.0 15.0 24.1 24.4 3.627  -49.5   16.6   15.5   6  -21.2  14 0 0 1 2 1 0 12.5 0.6 12.5 0.5 80.0 100 100 20 408 0 113 0 401 401 400 0 0 0 60 50 AUTO 0 
b.1 2025-06-22 11:04:01.463 a 2025-06-22-11:04:00 237 260 294 1.5 6.0 7.7 12.7 2.3 724.9 0.00 0 0.0 15.0 24.1 24.5 3.627  -49.3   16.6   17.1   6  -21.1  14 0 0 1 2 1 0 12.5 0.5 12.5 0.5 80.0 100 100 20 408 0 113 0 402 401 400 0 0 0 59 50 AUTO 0 
b.1 2025-06-22 11:05:01.607 a 2025-06-22-11:05:00 160 254 278 0.5 5.0 7.7 12.7 2.0 724.9 0.00 0 0.0 14.9 23.9 23.4 3.633  -49.1   16.6   14.5   6  -21.2  14 0 0 1 1 1 0 12.5 0.6 12.5 0.6 80.0 100 100 20 408 0 113 0 402 401 400 0 0 0 60 50 AUTO 0 
b.1 2025-06-22 11:06:00.342 a 2025-06-22-11:05:59 219 256 280 1.9 5.8 7.8 12.7 2.1 724.9 0.00 0 0.0 14.7 23.6 23.4 3.634  -49.2   16.5   15.1   6  -21.3  14 0 0 1 2 1 0 12.5 0.7 12.4 0.6 80.0 100 100 20 408 0 114 0 401 402 400 0 0 0 60 50 AUTO 0 
b.1 2025-06-22 11:07:00.559 a 2025-06-22-11:06:59 200 257 281 1.8 6.1 8.0 12.7 2.1 724.9 0.00 0 0.0 14.8 23.7 23.4 3.634  -49.3   16.5   15.5   6  -21.3  14 0 0 1 2 1 0 12.5 0.6 12.4 0.6 80.0 100 100 20 408 0 112 0 402 401 400 0 0 0 59 50 AUTO 0 
b.1 2025-06-22 11:08:01.819 a 2025-06-22-11:08:00 219 257 276 0.8 5.4 7.9 12.7 1.7 724.9 0.00 0 0.0 14.8 23.7 23.4 3.633  -49.1   16.5   14.2   6  -21.3  14 0 0 1 1 1 0 12.5 0.7 12.4 0.6 80.0 100 100 20 408 0 112 0 401 401 400 0 0 0 60 50 AUTO 0 
b.1 2025-06-22 11:09:01.119 a 2025-06-22-11:09:00 223 258 280 0.8 5.6 8.0 12.7 2.0 724.9 0.00 0 0.0 14.9 24.1 24.5 3.627  -48.7   16.5   14.5   6  -21.2  14 0 0 1 1 1 0 12.5 0.6 12.4 0.6 80.0 100 100 20 408 0 114 0 401 401 400 0 0 0 60 50 AUTO 0 
b.1 2025-06-22 11:10:00.660 a 2025-06-22-11:09:59 184 256 280 0.7 5.7 7.7 12.6 2.1 724.9 0.00 0 0.0 15.0 24.1 24.5 3.627  -49.3   16.5   14.8   6  -21.5  14 0 0 1 1 1 0 12.5 0.6 12.4 0.5 80.0 100 100 20 408 0 114 0 401 401 400 0 0 0 59 50 AUTO 0 
b.1 2025-06-22 11:11:01.642 a 2025-06-22-11:11:00 210 257 290 1.7 5.6 8.0 12.7 2.0 724.9 0.00 0 0.0 15.0 24.1 24.5 3.627  -49.6   16.5   14.4   6  -21.5  14 0 0 1 1 1 0 12.5 0.6 12.4 0.5 80.0 100 100 20 408 0 111 0 401 401 399 0 0 0 60 50 AUTO 0 
b.1 2025-06-22 11:12:01.780 a 2025-06-22-11:12:01 126 258 305 1.0 5.8 7.9 12.7 2.1 724.9 0.00 0 0.0 15.0 24.1 24.5 3.627  -48.3   16.5   15.2   6  -21.6  14 0 0 1 2 1 0 12.5 0.6 12.4 0.6 80.0 100 100 20 408 0 112 0 401 401 400 0 0 0 59 50 AUTO 0 
b.1 2025-06-22 11:13:01.180 a 2025-06-22-11:13:00 235 257 271 2.6 6.6 8.3 12.7 2.4 724.9 0.00 0 0.0 14.9 23.9 23.4 3.633  -49.9   16.4   16.4   6  -21.5  14 0 0 1 2 1 0 12.5 0.6 12.4 0.6 80.0 100 100 20 408 0 112 0 401 401 400 0 0 0 59 50 AUTO 0 
b.1 2025-06-22 11:14:01.121 a 2025-06-22-11:14:00 229 257 305 2.0 5.9 8.0 12.7 2.0 724.9 0.00 0 0.0 14.9 23.9 23.4 3.634  -49.7   16.4   15.6   6  -21.6  14 0 0 1 2 1 0 12.5 0.6 12.4 0.5 80.0 100 100 20 408 0 112 0 401 401 400 0 0 0 60 50 AUTO 0 
b.1 2025-06-22 11:15:00.844 a 2025-06-22-11:14:59 219 259 283 1.0 5.9 8.5 12.7 2.4 724.9 0.00 0 0.0 14.8 23.6 23.4 3.633  -49.9   16.4   16.9   6  -21.7  14 0 0 1 2 1 0 12.5 0.6 12.4 0.6 80.0 100 100 20 408 0 111 0 402 401 400 0 0 0 60 50 AUTO 0 
b.1 2025-06-22 11:16:01.420 a 2025-06-22-11:16:00 149 257 298 0.7 6.1 8.2 12.6 2.1 724.8 0.00 0 0.0 14.8 23.6 23.4 3.634  -49.6   16.4   16.4   6  -21.8  14 0 0 1 2 1 0 12.4 0.6 12.4 0.6 80.0 100 100 20 408 0 115 0 401 401 400 0 0 0 59 50 AUTO 0 
b.1 2025-06-22 11:17:00.920 a 2025-06-22-11:17:00 179 255 292 1.2 6.1 8.2 12.7 2.2 724.8 0.00 0 0.0 14.9 24.0 23.4 3.633  -50.0   16.4   16.7   6  -21.8  14 0 0 1 2 1 0 12.5 0.6 12.3 0.6 80.0 100 100 20 408 0 118 0 401 401 400 0 0 0 59 50 AUTO 0 
b.1 2025-06-22 11:18:00.960 a 2025-06-22-11:18:00 230 256 276 2.4 6.4 8.4 12.6 2.3 724.9 0.00 0 0.0 14.9 24.0 24.5 3.626  -50.5   16.4   17.1   6  -21.8  14 0 0 1 2 1 0 12.4 0.6 12.4 0.6 80.0 100 100 20 408 0 119 0 401 401 400 0 0 0 59 50 AUTO 0 
b.1 2025-06-22 11:19:00.344 a 2025-06-22-11:18:59 188 257 331 1.2 6.0 8.7 12.7 2.3 724.9 0.00 0 0.0 15.0 24.1 24.4 3.633  -49.9   16.4   17.1   6  -21.8  14 0 0 1 2 1 0 12.4 0.8 12.3 0.7 80.0 100 100 20 408 0 117 0 401 402 400 0 0 0 59 50 AUTO 0 
b.1 2025-06-22 11:20:01.342 a 2025-06-22-11:20:00 193 256 286 0.9 6.3 8.1 12.7 2.4 724.9 0.00 0 0.0 15.0 24.1 24.5 3.633  -49.6   16.4   18.0   6  -22.0  18 0 0 1 2 1 0 12.4 0.7 12.3 0.7 80.0 100 100 20 408 0 116 0 401 400 400 0 0 0 60 50 AUTO 0 
b.1 2025-06-22 11:21:01.345 a 2025-06-22-11:21:00 229 254 281 1.1 6.3 8.3 12.6 2.4 724.9 0.00 0 0.0 14.9 23.9 23.4 3.633  -50.3   16.3   17.4   6  -21.9  15 0 0 1 2 1 0 12.4 0.7 12.3 0.7 80.0 100 100 20 408 0 116 0 401 401 399 0 0 0 59 50 AUTO 0 
b.1 2025-06-22 11:22:01.905 a 2025-06-22-11:22:01 122 255 279 0.9 6.5 8.4 12.5 2.5 724.9 0.00 0 0.0 14.8 23.3 23.4 3.633  -48.5   16.3   17.3   6  -21.9  15 0 0 1 2 1 0 12.4 0.8 12.4 0.8 80.0 100 100 20 408 0 116 0 401 401 400 0 0 0 60 50 AUTO 0 
b.1 2025-06-22 11:23:01.582 a 2025-06-22-11:23:00 224 255 273 1.8 5.6 8.1 12.4 2.5 724.9 0.00 0 0.0 14.7 23.3 23.4 3.633  -50.8   16.3   15.8   6  -22.1  15 0 0 1 2 1 0 12.4 0.9 12.3 0.8 80.0 100 100 20 408 0 117 0 401 401 400 0 0 0 59 50 AUTO 0 
b.1 2025-06-22 11:24:00.605 a 2025-06-22-11:23:59 203 254 340 1.1 5.7 7.8 12.4 2.4 724.9 0.00 0 0.0 14.9 24.0 23.4 3.633  -51.0   16.3   15.6   6  -22.1  15 0 0 1 2 1 0 12.4 0.9 12.4 0.9 80.0 100 100 20 408 0 115 0 400 401 399 0 0 0 59 50 AUTO 0 
b.1 2025-06-22 11:25:00.923 a 2025-06-22-11:25:00 189 254 325 1.2 6.0 7.9 12.3 2.5 724.9 0.00 0 0.0 15.0 24.1 24.4 3.633  -48.8   16.2   15.0   6  -22.3  15 0 0 1 2 1 0 12.4 0.9 12.3 0.9 80.0 100 100 20 408 0 117 0 401 401 400 0 0 0 59 50 AUTO 0 
b.1 2025-06-22 11:26:01.523 a 2025-06-22-11:26:00 145 252 278 1.0 5.8 8.0 12.3 2.4 724.9 0.00 0 0.0 15.1 24.1 24.5 3.627  -50.5   16.2   14.5   6  -22.3  15 0 0 1 1 1 0 12.4 0.9 12.4 0.8 80.0 100 100 20 408 0 118 0 401 401 399 0 0 0 59 50 AUTO 0 
b.1 2025-06-22 11:27:00.265 a 2025-06-22-11:26:59 210 254 272 1.4 6.4 8.2 12.3 2.2 724.9 0.00 0 0.0 15.0 24.1 24.5 3.627  -50.9   16.1   15.2   6  -22.3  15 0 0 1 2 1 0 12.4 0.9 12.4 0.9 80.0 100 100 20 408 0 117 0 401 401 400 0 0 0 59 50 AUTO 0 
b.1 2025-06-22 11:28:01.565 a 2025-06-22-11:28:00 148 253 289 1.2 6.3 8.3 12.3 2.5 724.9 0.00 0 0.0 14.9 23.8 23.4 3.634  -50.2   16.1   15.9   6  -22.2  15 0 0 1 2 1 0 12.4 1.0 12.4 0.9 80.0 100 100 20 408 0 116 0 401 401 400 0 0 0 60 50 AUTO 0 
b.1 2025-06-22 11:29:00.684 a 2025-06-22-11:28:59 222 254 281 1.1 5.9 8.1 12.4 2.5 724.9 0.00 0 0.0 14.7 23.3 23.4 3.633  -49.2   16.1   14.9   6  -22.2  15 0 0 1 1 1 0 12.4 1.0 12.4 0.9 80.0 100 100 20 408 0 116 0 401 401 400 0 0 0 60 50 AUTO 0 
b.1 2025-06-22 11:30:00.865 a 2025-06-22-11:30:00 230 255 281 1.6 6.3 8.3 12.3 2.8 724.9 0.00 0 0.0 14.7 23.6 23.4 3.633  -51.0   16.0   16.0   6  -22.3  15 0 0 1 2 1 0 12.4 1.1 12.4 1.0 80.0 100 100 20 408 0 117 0 401 401 400 0 0 0 59 50 AUTO 0 
b.1 2025-06-22 11:31:01.006 a 2025-06-22-11:31:00 225 254 268 1.3 6.8 8.7 12.2 2.7 724.9 0.00 0 0.0 14.9 23.7 23.4 3.633  -50.3   16.0   16.5   6  -22.3  15 0 0 1 2 1 0 12.5 1.1 12.4 1.0 80.0 100 100 20 408 0 117 0 400 401 399 0 0 0 60 50 AUTO 0 
b.1 2025-06-22 11:32:01.184 a 2025-06-22-11:32:00 201 253 270 1.3 6.7 9.0 12.2 2.6 724.9 0.00 0 0.0 15.0 24.1 24.5 3.626  -49.8   16.0   16.3   6  -22.3   5 0 0 1 2 1 0 12.5 1.1 12.4 1.0 80.0 100 100 20 408 0 117 0 400 401 399 0 0 0 59 50 AUTO 0 
b.1 2025-06-22 11:33:00.726 a 2025-06-22-11:32:59 207 252 282 0.8 6.0 8.8 12.3 2.5 724.9 0.00 0 0.0 14.9 24.0 24.5 3.626  -49.6   16.0   15.4   6  -22.1  13 0 0 1 2 1 0 12.4 1.0 12.4 1.0 80.0 100 100 20 408 0 116 0 401 401 400 0 0 0 60 50 AUTO 0 
b.1 2025-06-22 11:34:00.803 a 2025-06-22-11:33:59 225 253 273 2.2 6.6 8.9 12.2 2.4 724.9 0.00 0 0.0 14.9 23.9 23.4 3.633  -50.2   16.0   15.4   6  -22.2  14 0 0 1 2 1 0 12.4 0.9 12.4 0.9 80.0 100 100 20 408 0 117 0 401 401 399 0 0 0 60 50 AUTO 0 
b.1 2025-06-22 11:35:00.565 a 2025-06-22-11:34:59 229 252 271 1.6 6.2 8.6 12.3 2.5 724.9 0.00 0 0.0 14.9 23.9 23.4 3.634  -49.9   16.0   15.3   6  -22.2  14 0 0 1 2 1 0 12.4 0.9 12.4 0.8 80.0 100 100 20 408 0 117 0 401 401 399 0 0 0 60 50 AUTO 0 
b.1 2025-06-22 11:36:01.825 a 2025-06-22-11:36:00 216 254 276 2.4 6.9 8.8 12.3 2.6 724.9 0.00 0 0.0 14.8 23.6 23.4 3.633  -49.9   16.0   17.0   6  -22.5  14 0 0 1 2 1 0 12.5 0.8 12.4 0.8 80.0 100 100 20 408 0 119 0 401 401 399 0 0 0 60 50 AUTO 0 
b.1 2025-06-22 11:37:00.066 a 2025-06-22-11:36:59 226 254 269 2.9 6.8 8.9 12.4 2.4 724.9 0.00 0 0.0 14.8 23.3 23.4 3.633  -50.2   16.0   16.6   6  -22.3  19 0 0 1 2 1 0 12.5 0.8 12.5 0.8 80.0 100 100 20 408 0 120 0 401 401 400 0 0 0 60 50 AUTO 0 
b.1 2025-06-22 11:38:00.984 a 2025-06-22-11:38:00 221 253 273 1.1 6.4 9.1 12.4 2.7 724.9 0.00 0 0.0 14.8 23.6 23.4 3.633  -48.5   16.0   15.7   6  -22.5  15 0 0 1 2 1 0 12.4 0.8 12.4 0.8 80.0 100 100 20 408 0 120 0 401 402 400 0 0 0 60 50 AUTO 0 
b.1 2025-06-22 11:39:00.763 a 2025-06-22-11:38:59 222 253 278 1.0 6.4 9.4 12.4 2.5 724.9 0.00 0 0.0 14.9 24.1 24.5 3.627  -49.7   16.0   16.1   5  -22.6  15 0 0 1 2 1 0 12.5 0.8 12.4 0.8 80.0 100 100 20 408 0 117 0 401 401 399 0 0 0 60 50 AUTO 0 
b.1 2025-06-22 11:40:00.904 a 2025-06-22-11:40:00 193 252 270 2.2 6.3 8.6 12.2 2.6 724.9 0.00 0 0.0 15.0 24.1 24.5 3.627  -50.0   15.9   15.6   5  -22.8  15 0 0 1 2 1 0 12.5 0.8 12.4 0.8 80.0 100 100 20 408 0 118 0 401 401 399 0 0 0 60 50 AUTO 0 
b.1 2025-06-22 11:41:00.624 a 2025-06-22-11:40:59 200 252 275 1.1 6.5 8.8 12.3 2.8 725.0 0.00 0 0.0 15.0 24.1 24.5 3.626  -50.4   15.9   15.9   5  -22.8  15 0 0 1 2 1 0 12.5 0.9 12.4 0.9 80.0 100 100 20 408 0 118 0 401 401 400 0 0 0 59 50 AUTO 0 
b.1 2025-06-22 11:42:00.785 a 2025-06-22-11:41:59 206 252 287 1.1 6.1 8.3 12.2 2.6 725.0 0.00 0 0.0 14.8 23.7 23.4 3.633  -50.3   15.9   15.4   5  -22.8  15 0 0 1 2 1 0 12.5 1.0 12.4 1.0 80.0 100 100 20 408 0 115 0 401 401 400 0 0 0 60 50 AUTO 0 
b.1 2025-06-22 11:43:01.884 a 2025-06-22-11:43:01 233 253 267 2.5 6.6 8.5 12.1 2.9 724.9 0.00 0 0.0 14.7 23.3 23.4 3.633  -50.0   15.9   16.7   5  -22.7  15 0 0 1 2 1 0 12.4 1.1 12.4 1.0 80.0 100 100 20 408 0 114 0 401 401 399 0 0 0 59 50 AUTO 0 
b.1 2025-06-22 11:44:00.503 a 2025-06-22-11:43:59 192 253 276 1.7 6.2 8.4 12.1 2.8 724.9 0.00 0 0.0 14.7 23.3 23.4 3.633  -49.9   15.9   15.3   5  -22.7  15 0 0 1 2 1 0 12.4 1.1 12.4 1.1 80.0 100 100 20 408 0 115 0 401 401 400 0 0 0 60 50 AUTO 0 
b.1 2025-06-22 11:45:01.026 a 2025-06-22-11:45:00 222 253 273 2.6 6.5 8.1 12.1 2.7 724.9 0.00 0 0.0 14.8 24.0 23.4 3.634  -50.9   15.8   15.6   6  -22.6  15 0 0 1 2 1 0 12.4 1.1 12.4 1.1 80.0 100 100 20 408 0 112 0 401 401 400 0 0 0 60 50 AUTO 0 
b.1 2025-06-22 11:46:01.773 a 2025-06-22-11:46:00 224 252 273 2.3 6.7 8.6 12.1 2.6 725.0 0.00 0 0.0 15.0 24.1 24.5 3.626  -49.5   15.8   16.3   6  -22.5  15 0 0 1 2 1 0 12.4 1.1 12.4 1.1 80.0 100 100 20 408 0 115 0 401 401 400 0 0 0 59 50 AUTO 0 
b.1 2025-06-22 11:47:00.288 a 2025-06-22-11:46:59 229 252 270 3.5 6.7 8.6 12.1 2.6 725.0 0.00 0 0.0 15.0 24.1 24.5 3.634  -49.7   15.8   15.8   6  -22.5  15 0 0 1 2 1 0 12.4 1.1 12.3 1.1 80.0 100 100 20 408 0 115 0 401 401 399 0 0 0 60 50 AUTO 0 
b.1 2025-06-22 11:48:00.808 a 2025-06-22-11:48:00 234 252 271 1.8 6.7 8.5 12.0 2.8 725.0 0.00 0 0.0 15.0 24.0 23.4 3.633  -49.6   15.8   16.2   6  -22.5  15 0 0 1 2 1 0 12.4 1.0 12.3 1.0 80.0 100 100 20 408 0 113 0 400 401 399 0 0 0 60 50 AUTO 0 
b.1 2025-06-22 11:49:00.525 a 2025-06-22-11:48:59 229 250 267 2.2 6.7 8.5 12.1 2.5 725.0 0.00 0 0.0 14.9 23.7 23.4 3.633  -49.6   15.8   15.8   6  -22.5  15 0 0 1 2 1 0 12.4 1.0 12.4 1.0 80.0 100 100 20 408 0 117 0 401 402 399 0 0 0 59 50 AUTO 0 
b.1 2025-06-22 11:50:01.586 a 2025-06-22-11:50:00 229 251 276 2.7 6.6 8.5 12.2 2.7 725.0 0.00 0 0.0 14.8 23.3 23.4 3.634  -49.4   15.8   16.6   6  -22.3  15 0 0 1 2 1 0 12.4 1.0 12.4 0.9 80.0 100 100 20 408 0 118 0 401 401 399 0 0 0 59 50 AUTO 0 
b.1 2025-06-22 11:51:01.970 a 2025-06-22-11:51:01 222 251 271 3.0 6.9 8.4 12.1 3.0 725.0 0.00 0 0.0 14.7 23.6 23.4 3.633  -49.1   15.8   17.0   6  -22.3  15 0 0 1 2 1 0 12.4 1.0 12.4 1.0 80.0 100 100 20 408 0 117 0 401 401 399 0 0 0 60 50 AUTO 0 
b.1 2025-06-22 11:52:00.703 a 2025-06-22-11:51:59 234 252 269 3.5 6.6 8.3 12.2 3.0 725.0 0.00 0 0.0 14.9 24.1 24.4 3.633  -49.5   15.8   17.0   6  -22.3  15 0 0 1 2 1 0 12.3 1.1 12.3 1.0 80.0 100 100 20 408 0 119 0 401 401 400 0 0 0 59 50 AUTO 0 
b.1 2025-06-22 11:53:01.309 a 2025-06-22-11:53:00 227 252 268 3.6 6.8 8.4 12.1 2.8 725.0 0.00 0 0.0 15.0 24.1 24.4 3.633  -50.3   15.8   17.0   6  -22.3  15 0 0 1 2 1 0 12.3 1.1 12.4 1.1 80.0 100 100 20 408 0 118 0 401 401 400 0 0 0 60 50 AUTO 0 
b.1 2025-06-22 11:54:01.167 a 2025-06-22-11:54:00 234 253 268 3.9 6.6 8.4 12.1 2.9 725.0 0.00 0 0.0 15.0 24.1 24.5 3.626  -49.8   15.7   16.5   6  -22.3  15 0 0 1 2 1 0 12.3 1.1 12.3 1.0 80.0 100 100 20 408 0 118 0 401 401 400 0 0 0 60 50 AUTO 0 
b.1 2025-06-22 11:55:01.265 a 2025-06-22-11:55:00 198 252 275 1.3 6.5 8.7 12.1 2.9 725.0 0.00 0 0.0 15.0 23.9 23.4 3.634  -49.9   15.8   16.5   6  -22.5  15 0 0 1 2 1 0 12.3 1.1 12.3 1.1 80.0 100 100 20 408 0 118 0 401 401 400 0 0 0 60 50 AUTO 0 
b.1 2025-06-22 11:56:00.608 a 2025-06-22-11:55:59 237 252 265 2.9 6.8 8.9 12.1 3.0 725.0 0.00 0 0.0 14.8 23.3 23.4 3.632  -50.2   15.8   17.0   6  -22.5  15 0 0 1 2 1 0 12.3 1.1 12.3 1.1 80.0 100 100 20 408 0 122 0 401 401 399 0 0 0 60 50 AUTO 0 
b.1 2025-06-22 11:57:01.687 a 2025-06-22-11:57:00 207 252 282 2.3 7.0 8.7 12.0 3.0 725.0 0.00 0 0.0 14.7 23.3 23.4 3.633  -50.1   15.7   17.4   6  -22.7  15 0 0 1 2 1 0 12.4 1.1 12.3 1.1 80.0 100 100 20 408 0 122 0 401 401 400 0 0 0 59 50 AUTO 0 
b.1 2025-06-22 11:58:01.168 a 2025-06-22-11:58:00 229 252 268 1.7 6.7 9.0 12.0 2.9 725.0 0.00 0 0.0 14.7 23.7 23.4 3.633  -49.5   15.7   16.9   6  -22.7  15 0 0 1 2 1 0 12.4 1.1 12.4 1.1 80.0 100 100 20 408 0 122 0 401 401 400 0 0 0 60 50 AUTO 0 
b.1 2025-06-22 11:59:00.605 a 2025-06-22-11:58:59 229 252 269 2.6 6.9 8.9 12.1 3.0 725.0 0.00 0 0.0 14.9 24.1 24.5 3.627  -48.8   15.7   17.4   6  -22.7  15 0 0 1 2 1 0 12.4 1.1 12.4 1.1 80.0 100 100 20 408 0 124 0 401 401 399 0 0 0 60 50 AUTO 0 
b.1 2025-06-22 12:00:01.871 a 2025-06-22-12:00:00 148 252 274 0.8 6.7 8.7 12.1 2.8 725.0 0.00 0 0.0 15.0 24.1 24.5 3.631  -50.2   15.7   16.9   5  -22.8  15 0 0 1 2 1 0 12.4 1.1 12.4 1.0 80.0 100 100 20 408 0 118 0 401 401 400 0 0 0 59 50 AUTO 0 
b.1 2025-06-22 12:01:01.767 a 2025-06-22-12:01:00 231 252 271 3.0 6.9 8.8 12.0 2.9 725.0 0.00 0 0.0 15.0 24.1 24.5 3.626  -50.3   15.8   16.6   6  -22.6  15 0 0 1 2 1 0 12.4 1.0 12.3 1.0 80.0 100 100 20 408 0 118 0 401 401 400 0 0 0 59 50 AUTO 0 
b.1 2025-06-22 12:02:00.648 a 2025-06-22-12:01:59 234 251 271 3.1 6.9 9.2 12.2 2.7 725.0 0.00 0 0.0 14.9 23.8 23.4 3.633  -49.6   15.8   17.0   5  -22.8  15 0 0 1 2 1 0 12.4 1.0 12.4 1.0 80.0 100 100 20 408 0 120 0 401 402 399 0 0 0 60 50 AUTO 0 
b.1 2025-06-22 12:03:00.989 a 2025-06-22-12:03:00 208 252 273 1.7 6.5 9.0 12.2 2.8 725.0 0.00 0 0.0 14.7 23.3 23.4 3.633  -49.2   15.7   16.0   5  -22.8  15 0 0 1 2 1 0 12.4 1.0 12.4 1.0 80.0 100 100 20 408 0 118 0 401 401 400 0 0 0 59 50 AUTO 0 
b.1 2025-06-22 12:04:01.165 a 2025-06-22-12:04:00 148 251 275 1.2 6.7 8.9 12.2 3.0 725.0 0.00 0 0.0 14.7 23.3 23.4 3.633  -49.2   15.8   16.1   5  -23.0  15 0 0 1 2 1 0 12.4 1.1 12.4 1.0 80.0 100 100 20 408 0 118 0 401 401 399 0 0 0 59 50 AUTO 0 
b.1 2025-06-22 12:05:01.729 a 2025-06-22-12:05:00 195 250 266 1.4 6.4 8.6 12.1 2.8 725.1 0.00 0 0.0 14.9 23.7 23.4 3.633  -49.2   15.8   15.2   5  -22.8  15 0 0 1 2 1 0 12.4 1.1 12.4 1.0 80.0 100 100 20 408 0 120 0 401 402 399 0 0 0 59 50 AUTO 0 
b.1 2025-06-22 12:06:01.348 a 2025-06-22-12:06:00 221 250 275 1.3 6.3 8.7 12.2 3.0 725.1 0.00 0 0.0 15.0 24.1 24.4 3.628  -48.8   15.8   14.8   5  -23.0  15 0 0 1 1 1 0 12.4 1.1 12.4 1.0 80.0 100 100 20 408 0 122 0 401 401 399 0 0 0 60 50 AUTO 0 
b.1 2025-06-22 12:07:00.368 a 2025-06-22-12:06:59 229 251 271 1.6 6.2 8.7 12.2 2.9 725.0 0.00 0 0.0 15.0 24.1 24.5 3.627  -50.1   15.8   14.8   5  -23.0  15 0 0 1 1 1 0 12.4 1.1 12.4 1.0 80.0 100 100 20 408 0 123 0 401 401 399 0 0 0 60 50 AUTO 0 
b.1 2025-06-22 12:08:00.930 a 2025-06-22-12:08:00 179 251 272 1.6 6.4 8.7 12.2 2.6 725.0 0.00 0 0.0 15.0 24.0 23.4 3.633  -48.7   15.8   15.3   5  -23.1  15 0 0 1 2 1 0 12.4 1.0 12.4 1.0 80.0 100 100 20 408 0 122 0 401 401 400 0 0 0 60 50 AUTO 0 
b.1 2025-06-22 12:09:01.529 a 2025-06-22-12:09:00 220 252 332 1.2 6.5 8.6 12.2 2.8 725.1 0.00 0 0.0 14.9 23.9 23.4 3.633  -49.6   15.8   15.3   5  -23.1  15 0 0 1 2 1 0 12.4 1.0 12.5 1.0 80.0 100 100 20 408 0 123 0 401 401 400 0 0 0 59 50 AUTO 0 
b.1 2025-06-22 12:10:01.088 a 2025-06-22-12:10:00 226 250 268 2.7 6.5 9.0 12.2 2.6 725.1 0.00 0 0.0 14.8 23.6 23.4 3.633  -48.4   15.8   14.6   5  -23.1  15 0 0 1 1 1 0 12.4 1.0 12.4 0.9 80.0 100 100 20 408 0 122 0 401 401 399 0 0 0 60 50 AUTO 0 
b.1 2025-06-22 12:11:01.167 a 2025-06-22-12:11:00 226 251 277 2.8 6.7 9.0 12.3 2.6 725.1 0.00 0 0.0 14.7 23.6 23.4 3.633  -49.8   15.8   15.3   5  -23.1  15 0 0 1 2 1 0 12.5 1.0 12.4 0.9 80.0 100 100 20 408 0 120 0 401 401 400 0 0 0 60 50 AUTO 0 
b.1 2025-06-22 12:12:01.907 a 2025-06-22-12:12:01 188 250 299 1.0 6.3 8.8 12.3 2.6 725.1 0.00 0 0.0 14.7 23.6 23.4 3.634  -50.3   15.8   15.0   5  -23.1  15 0 0 1 2 1 0 12.5 0.9 12.4 0.9 80.0 100 100 20 408 0 120 0 401 401 399 0 0 0 59 50 AUTO 0 
b.1 2025-06-22 12:13:00.650 a 2025-06-22-12:12:59 221 251 281 2.0 6.6 8.9 12.3 2.7 725.1 0.00 0 0.0 14.8 23.9 23.4 3.633  -48.9   15.8   15.5   5  -23.1  15 0 0 1 2 1 0 12.4 0.9 12.5 0.9 80.0 100 100 20 408 0 119 0 400 402 399 0 0 0 59 50 AUTO 0 
b.1 2025-06-22 12:14:01.147 a 2025-06-22-12:14:00 089 249 277 1.5 6.9 8.8 12.2 2.8 725.1 0.00 0 0.0 14.9 23.9 23.4 3.633  -51.0   15.8   16.4   5  -23.1  15 0 0 1 2 1 0 12.5 0.9 12.5 0.9 80.0 100 100 20 408 0 121 0 401 402 399 0 0 0 60 50 AUTO 0 
b.1 2025-06-22 12:15:00.732 a 2025-06-22-12:14:59 227 251 268 3.1 6.6 9.0 12.3 2.6 725.1 0.00 0 0.0 14.9 23.9 23.4 3.633  -50.2   15.8   15.5   5  -23.1  15 0 0 1 2 1 0 12.5 0.9 12.5 0.9 80.0 100 100 20 408 0 120 0 401 401 400 0 0 0 60 50 AUTO 0 
b.1 2025-06-22 12:16:00.127 a 2025-06-22-12:15:59 227 251 269 3.5 6.5 8.8 12.3 2.5 725.1 0.00 0 0.0 14.9 23.9 23.4 3.633  -50.5   15.8   15.6   5  -23.1  15 0 0 1 2 1 0 12.5 0.9 12.5 0.9 80.0 100 100 20 408 0 117 0 401 401 400 0 0 0 59 50 AUTO 0 
b.1 2025-06-22 12:17:01.770 a 2025-06-22-12:17:00 200 252 332 1.3 6.1 8.9 12.3 2.6 725.1 0.00 0 0.0 14.9 23.7 23.4 3.634  -49.6   15.8   15.2   5  -23.4  15 0 0 1 2 1 0 12.5 0.9 12.5 0.9 80.0 100 100 20 408 0 125 0 401 401 400 0 0 0 60 50 AUTO 0 
b.1 2025-06-22 12:18:01.210 a 2025-06-22-12:18:00 216 250 277 2.2 6.6 9.1 12.3 2.7 725.1 0.00 0 0.0 14.9 23.7 23.4 3.633  -50.7   15.8   16.0   5  -23.2  15 0 0 1 2 1 0 12.5 0.9 12.5 0.9 80.0 100 100 20 408 0 122 0 401 402 399 0 0 0 60 50 AUTO 0 
b.1 2025-06-22 12:19:01.588 a 2025-06-22-12:19:00 192 251 283 0.9 7.1 9.3 12.2 2.7 725.1 0.00 0 0.0 14.8 23.7 23.4 3.633  -51.1   15.8   17.4   5  -23.2  15 0 0 1 2 1 0 12.5 0.9 12.5 0.9 80.0 100 100 20 408 0 123 0 401 402 399 0 0 0 60 50 AUTO 0 
b.1 2025-06-22 12:20:02.130 a 2025-06-22-12:20:01 222 251 269 2.0 7.2 9.4 12.3 2.7 725.1 0.00 0 0.0 14.8 23.6 23.4 3.633  -50.4   15.8   17.4   5  -23.2  15 0 0 1 2 1 0 12.5 0.9 12.5 0.9 80.0 100 100 20 408 0 123 0 401 401 399 0 0 0 59 50 AUTO 0 
b.1 2025-06-22 12:21:01.529 a 2025-06-22-12:21:00 212 251 284 2.7 6.6 9.3 12.3 2.6 725.1 0.00 0 0.0 14.7 23.7 23.4 3.634  -50.0   15.8   16.5   5  -23.2  15 0 0 1 2 1 0 12.5 0.9 12.5 0.9 80.0 100 100 20 408 0 116 0 401 401 400 0 0 0 60 50 AUTO 0 
b.1 2025-06-22 12:22:02.226 a 2025-06-22-12:22:01 205 251 271 1.0 6.6 9.5 12.4 2.7 725.1 0.00 0 0.0 14.8 23.7 23.4 3.634  -51.0   15.9   16.6   5  -23.2  15 0 0 1 2 1 0 12.5 0.9 12.5 0.9 80.0 100 100 20 408 0 116 0 401 402 399 0 0 0 59 50 AUTO 0 
b.1 2025-06-22 12:23:01.447 a 2025-06-22-12:23:00 227 250 275 2.0 6.8 9.4 12.4 2.5 725.1 0.00 0 0.0 14.9 24.1 24.5 3.626  -50.3   15.9   17.1   5  -23.3  15 0 0 1 2 1 0 12.5 0.9 12.5 0.8 80.0 100 100 20 408 0 117 0 401 401 400 0 0 0 60 50 AUTO 0 
b.1 2025-06-22 12:24:01.371 a 2025-06-22-12:24:00 190 249 284 1.2 7.2 9.8 12.4 2.5 725.1 0.00 0 0.0 15.1 24.1 24.4 3.627  -50.4   15.9   18.0   5  -23.4  15 0 0 1 2 1 0 12.5 0.8 12.5 0.8 80.0 100 100 20 408 0 117 0 401 401 399 0 0 0 60 50 AUTO 0 
b.1 2025-06-22 12:25:01.377 a 2025-06-22-12:25:00 237 252 272 2.9 7.1 9.6 12.3 2.6 725.1 0.00 0 0.0 15.0 24.1 24.5 3.627  -50.5   15.9   18.1   5  -23.4  15 0 0 1 2 1 0 12.5 0.8 12.5 0.8 80.0 100 100 20 408 0 117 0 402 401 400 0 0 0 60 50 AUTO 0 
b.1 2025-06-22 12:25:59.967 a 2025-06-22-12:25:59 228 251 272 2.2 6.9 9.7 12.3 2.6 725.1 0.00 0 0.0 14.8 23.6 23.4 3.633  -49.7   15.9   17.1   5  -23.4  15 0 0 1 2 1 0 12.5 0.8 12.5 0.7 80.0 100 100 20 408 0 117 0 401 401 399 0 0 0 60 50 AUTO 0 
b.1 2025-06-22 12:27:01.651 a 2025-06-22-12:27:00 225 250 267 3.8 7.1 9.5 12.2 2.5 725.1 0.00 0 0.0 14.8 23.3 23.4 3.633  -49.4   15.9   18.0   5  -23.4  15 0 0 1 2 1 0 12.5 0.7 12.5 0.7 80.0 100 100 20 408 0 118 0 401 401 399 0 0 0 60 50 AUTO 0 
b.1 2025-06-22 12:28:01.552 a 2025-06-22-12:28:00 223 250 268 2.4 7.0 9.4 12.2 2.6 725.1 0.00 0 0.0 14.7 23.3 23.4 3.633  -50.0   15.9   18.5   5  -23.5  15 0 0 1 2 1 0 12.5 0.7 12.5 0.7 80.0 100 100 20 408 0 118 0 401 401 400 0 0 0 60 50 AUTO 0 
b.1 2025-06-22 12:29:01.230 a 2025-06-22-12:29:00 218 252 294 2.2 7.0 9.5 12.2 2.6 725.1 0.00 0 0.0 14.8 23.9 23.4 3.633  -49.5   15.9   18.0   5  -23.5  15 0 0 1 2 1 0 12.5 0.7 12.5 0.7 80.0 100 100 20 408 0 118 0 401 401 399 0 0 0 59 50 AUTO 0 
b.1 2025-06-22 12:30:01.828 a 2025-06-22-12:30:00 232 251 267 2.7 7.5 10.0 12.2 2.6 725.2 0.00 0 0.0 15.0 24.1 24.5 3.626  -50.0   15.9   19.1   5  -23.5  15 0 0 1 2 1 0 12.5 0.8 12.5 0.7 80.0 100 100 20 408 0 119 0 401 401 399 0 0 0 59 50 AUTO 0 
b.1 2025-06-22 12:31:00.811 a 2025-06-22-12:30:59 225 250 266 2.7 7.2 9.8 12.3 2.6 725.1 0.00 0 0.0 15.0 24.1 24.5 3.626  -49.9   15.9   18.6   5  -23.7  15 0 0 1 2 1 0 12.5 0.8 12.5 0.8 80.0 100 100 20 408 0 118 0 402 401 400 0 0 0 60 50 AUTO 0 
b.1 2025-06-22 12:32:00.392 a 2025-06-22-12:31:59 223 251 267 2.7 7.4 9.7 12.3 2.8 725.2 0.00 0 0.0 15.0 24.1 24.5 3.627  -50.3   15.9   19.1   5  -23.7  15 0 0 1 2 1 0 12.5 0.8 12.5 0.8 80.0 100 100 20 408 0 118 0 401 401 399 0 0 0 59 50 AUTO 0 
b.1 2025-06-22 12:33:00.532 a 2025-06-22-12:32:59 227 250 264 3.1 7.4 10.1 12.4 3.0 725.2 0.00 0 0.0 14.9 23.6 23.4 3.633  -50.1   15.9   19.2   5  -23.7  15 0 0 1 2 1 0 12.5 0.8 12.5 0.8 80.0 100 100 20 408 0 118 0 401 401 400 0 0 0 60 50 AUTO 0 
b.1 2025-06-22 12:34:00.951 a 2025-06-22-12:34:00 235 251 266 3.2 7.0 9.5 12.4 2.7 725.2 0.00 0 0.0 14.8 23.6 23.4 3.633  -49.6   15.9   18.2   5  -23.7  15 0 0 1 2 1 0 12.5 0.8 12.5 0.8 80.0 100 100 20 408 0 117 0 401 401 400 0 0 0 60 50 AUTO 0 
b.1 2025-06-22 12:35:01.052 a 2025-06-22-12:35:00 232 250 264 4.2 7.5 9.5 12.3 2.6 725.2 0.00 0 0.0 14.7 23.3 23.4 3.634  -49.7   15.9   19.4   5  -23.6  15 0 0 1 2 1 0 12.5 0.8 12.5 0.8 80.0 100 100 20 408 0 117 0 401 402 399 0 0 0 59 50 AUTO 0 
b.1 2025-06-22 12:36:00.572 a 2025-06-22-12:35:59 236 250 268 4.4 7.5 9.2 12.3 2.8 725.2 0.00 0 0.0 14.8 23.7 23.4 3.633  -49.6   16.0   20.1   5  -23.6  15 0 0 1 2 1 0 12.5 0.8 12.5 0.8 80.0 100 100 20 408 0 117 0 400 402 399 0 0 0 60 50 AUTO 0 
b.1 2025-06-22 12:37:00.191 a 2025-06-22-12:36:59 236 250 264 3.6 7.6 9.2 12.3 2.8 725.2 0.00 0 0.0 14.9 24.1 24.5 3.626  -49.6   16.0   20.2   5  -23.8  16 0 0 1 2 1 0 12.5 0.7 12.5 0.7 80.0 100 100 20 408 0 116 0 401 401 399 0 0 0 60 50 AUTO 0 
b.1 2025-06-22 12:38:01.868 a 2025-06-22-12:38:01 224 251 265 2.7 7.3 9.0 12.3 2.3 725.2 0.00 0 0.0 15.0 24.1 24.5 3.627  -50.3   16.0   19.9   5  -23.8  16 0 0 1 2 1 0 12.5 0.7 12.5 0.6 80.0 100 100 20 408 0 116 0 400 401 399 0 0 0 59 50 AUTO 0 
b.1 2025-06-22 12:39:01.313 a 2025-06-22-12:39:00 132 250 272 1.9 7.1 9.3 12.3 2.5 725.2 0.00 0 0.0 15.0 24.1 24.5 3.627  -50.0   16.0   19.5   5  -23.9  16 0 0 1 2 1 0 12.5 0.6 12.5 0.6 80.0 100 100 20 408 0 117 0 401 401 399 0 0 0 60 50 AUTO 0 
b.1 2025-06-22 12:40:02.437 a 2025-06-22-12:40:01 223 251 267 2.4 7.1 9.1 12.3 2.5 725.2 0.00 0 0.0 14.9 24.0 24.5 3.628  -50.5   16.1   19.1   5  -24.1  16 0 0 1 2 1 0 12.5 0.5 12.5 0.5 80.0 100 100 20 408 0 116 0 401 401 400 0 0 0 60 50 AUTO 0 
b.1 2025-06-22 12:41:01.451 a 2025-06-22-12:41:00 234 250 269 2.4 6.9 9.0 12.3 2.1 725.2 0.00 0 0.0 14.9 23.9 23.4 3.634  -49.8   16.1   18.3   5  -23.9  16 0 0 1 2 1 0 12.5 0.5 12.5 0.5 80.0 100 100 20 408 0 123 0 401 401 400 0 0 0 60 50 AUTO 0 
b.1 2025-06-22 12:42:00.390 a 2025-06-22-12:41:59 233 252 267 3.5 6.9 9.2 12.4 2.2 725.2 0.00 0 0.0 14.8 23.7 23.4 3.633  -49.5   16.1   18.2   5  -23.9  16 0 0 1 2 1 0 12.5 0.5 12.5 0.4 80.0 100 100 20 408 0 121 0 401 401 400 0 0 0 59 50 AUTO 0 
b.1 2025-06-22 12:43:00.053 a 2025-06-22-12:42:59 236 251 272 3.7 7.1 9.7 12.4 2.5 725.2 0.00 0 0.0 14.8 23.6 23.4 3.633  -50.6   16.1   17.9   5  -24.0  16 0 0 1 2 1 0 12.5 0.5 12.5 0.5 80.0 100 100 20 408 0 120 0 401 401 400 0 0 0 60 50 AUTO 0 
b.1 2025-06-22 12:44:01.072 a 2025-06-22-12:44:00 229 249 271 2.1 6.6 8.9 12.4 2.1 725.2 0.00 0 0.0 14.8 23.7 23.4 3.634  -50.0   16.2   17.1   5  -24.0  16 0 0 1 2 1 0 12.5 0.5 12.5 0.5 80.0 100 100 20 408 0 116 0 400 401 400 0 0 0 59 50 AUTO 0 
b.1 2025-06-22 12:45:01.594 a 2025-06-22-12:45:00 232 250 265 1.5 6.6 9.5 12.4 2.4 725.2 0.00 0 0.0 14.9 24.1 24.5 3.627  -49.6   16.2   16.3   5  -24.0  16 0 0 1 2 1 0 12.6 0.6 12.5 0.6 80.0 100 100 20 408 0 116 0 401 401 399 0 0 0 59 50 AUTO 0 
b.1 2025-06-22 12:46:01.214 a 2025-06-22-12:46:00 230 249 267 2.3 7.0 9.2 12.4 2.2 725.2 0.00 0 0.0 15.0 24.1 24.5 3.627  -49.5   16.2   16.9   5  -24.1  16 0 0 1 2 1 0 12.6 0.7 12.6 0.6 80.0 100 100 20 408 0 116 0 401 401 400 0 0 0 60 50 AUTO 0 
b.1 2025-06-22 12:47:00.651 a 2025-06-22-12:46:59 228 251 268 3.3 6.4 8.9 12.4 2.0 725.2 0.00 0 0.0 14.9 23.9 23.4 3.633  -49.6   16.3   15.7   5  -24.1  16 0 0 1 2 1 0 12.6 0.6 12.6 0.6 80.0 100 100 20 408 0 118 0 401 401 400 0 0 0 60 50 AUTO 0 
b.1 2025-06-22 12:48:01.812 a 2025-06-22-12:48:00 229 249 268 3.0 6.7 8.9 12.5 2.3 725.3 0.00 0 0.0 14.9 23.9 23.4 3.633  -51.0   16.3   16.3   5  -24.1  16 0 0 1 2 1 0 12.6 0.7 12.6 0.6 80.0 100 100 20 408 0 118 0 401 401 400 0 0 0 60 50 AUTO 0 
b.1 2025-06-22 12:49:01.920 a 2025-06-22-12:49:01 230 249 268 2.2 6.9 9.2 12.4 2.3 725.3 0.00 0 0.0 14.8 23.6 23.4 3.634  -50.7   16.3   17.4   5  -24.0  16 0 0 1 2 2 0 12.6 0.6 12.6 0.6 80.0 100 100 20 408 0 118 0 401 402 399 0 0 0 59 50 AUTO_PARK 0 
b.1 2025-06-22 12:50:01.811 a 2025-06-22-12:50:00 225 250 265 3.4 6.7 8.5 12.5 2.2 725.3 0.00 0 0.0 14.7 23.3 23.4 3.634  -50.8   16.4   17.5   5  -24.0  16 0 0 1 2 2 0 12.6 0.6 12.6 0.6 80.0 100 100 20 408 0 115 0 401 402 399 0 0 0 60 50 AUTO_PARK 0 
b.1 2025-06-22 12:51:00.595 a 2025-06-22-12:50:59 219 249 272 1.4 6.5 8.8 12.5 1.9 725.3 0.00 0 0.0 14.9 24.1 24.5 3.627  -50.4   16.4   16.3   5  -24.0  16 0 0 1 2 2 0 12.6 0.5 12.6 0.5 80.0 100 100 20 408 0 116 0 401 401 399 0 0 0 60 50 AUTO_PARK 0 
b.1 2025-06-22 12:52:00.253 a 2025-06-22-12:51:59 232 251 271 2.9 6.7 8.8 12.5 2.1 725.3 0.00 0 0.0 15.0 24.1 24.4 3.626  -50.4   16.4   16.3   5  -24.0  16 0 0 1 2 2 0 12.6 0.5 12.6 0.5 80.0 100 100 20 408 0 116 0 401 401 399 0 0 0 59 50 AUTO_PARK 0 
b.1 2025-06-22 12:53:01.834 a 2025-06-22-12:53:00 188 248 268 2.6 6.8 8.9 12.4 2.2 725.3 0.00 0 0.0 15.0 24.1 24.5 3.627  -50.0   16.4   17.4   5  -24.0  16 0 0 1 2 2 0 12.6 0.5 12.6 0.5 80.0 100 100 20 408 0 115 0 401 401 399 0 0 0 60 50 AUTO_PARK 0 
b.1 2025-06-22 12:54:02.252 a 2025-06-22-12:54:01 145 248 270 1.2 6.5 8.6 12.4 2.1 725.3 0.00 0 0.0 15.0 24.0 24.5 3.627  -50.6   16.5   16.6   5  -24.1  16 0 0 1 2 2 0 12.6 0.5 12.6 0.5 80.0 100 100 20 408 0 118 0 401 401 400 0 0 0 59 50 AUTO_PARK 0 
b.1 2025-06-22 12:55:02.076 a 2025-06-22-12:55:01 232 249 267 1.7 6.8 8.9 12.4 2.4 725.3 0.00 0 0.0 14.9 23.7 23.4 3.633  -50.8   16.5   17.2   5  -24.1  16 0 0 1 2 2 0 12.6 0.6 12.6 0.5 80.0 100 100 20 408 0 116 0 401 401 399 0 0 0 60 50 AUTO_PARK 0 
b.1 2025-06-22 12:56:00.453 a 2025-06-22-12:55:59 232 249 270 4.1 6.8 9.1 12.4 2.4 725.3 0.00 0 0.0 14.8 23.7 23.4 3.633  -51.5   16.5   17.2   5  -24.1  16 0 0 1 2 2 0 12.6 0.6 12.6 0.6 80.0 100 100 20 408 0 116 0 401 401 400 0 0 0 59 50 AUTO_PARK 0 
b.1 2025-06-22 12:57:01.575 a 2025-06-22-12:57:00 219 249 271 3.3 6.6 9.0 12.4 2.4 725.3 0.00 0 0.0 14.7 23.3 23.4 3.633  -50.8   16.5   17.9   5  -24.1  16 0 0 1 2 2 0 12.6 0.6 12.6 0.6 80.0 100 100 20 408 0 116 0 401 401 399 0 0 0 60 50 AUTO_PARK 0 
b.1 2025-06-22 12:58:00.377 a 2025-06-22-12:57:59 225 248 268 2.8 6.7 9.0 12.4 2.5 725.3 0.00 0 0.0 14.9 23.9 23.4 3.633  -50.6   16.5   17.4   5  -24.1  16 0 0 1 2 2 0 12.6 0.6 12.6 0.6 80.0 100 100 20 408 0 117 0 401 402 400 0 0 0 59 50 AUTO_PARK 0 
b.1 2025-06-22 12:59:01.313 a 2025-06-22-12:59:00 189 248 267 3.0 7.1 8.9 12.5 2.4 725.3 0.00 0 0.0 15.0 24.1 24.4 3.633  -51.4   16.6   18.1   5  -24.1  16 0 0 1 2 2 0 12.6 0.6 12.6 0.6 80.0 100 100 20 408 0 114 0 400 401 399 0 0 0 60 50 AUTO_PARK 0 
b.1 2025-06-22 13:00:00.115 a 2025-06-22-12:59:59 222 247 267 3.5 7.0 9.0 12.5 2.4 725.3 0.00 0 0.0 15.0 24.1 24.5 3.627  -51.5   16.6   18.6   5  -24.2  16 0 0 1 2 2 0 12.7 0.7 12.6 0.6 80.0 100 100 20 408 0 115 0 401 401 400 0 0 0 59 50 AUTO_PARK 0 
b.1 2025-06-22 13:01:01.134 a 2025-06-22-13:01:00 207 246 260 1.8 7.1 9.1 12.5 2.6 725.3 0.00 0 0.0 15.0 24.1 24.5 3.626  -51.5   16.6   18.8   5  -24.2  16 0 0 1 2 2 0 12.7 0.7 12.6 0.7 80.0 100 100 20 408 0 113 0 402 401 400 0 0 0 60 50 AUTO_PARK 0 
b.1 2025-06-22 13:02:01.098 a 2025-06-22-13:02:00 222 245 265 4.3 7.3 8.9 12.5 2.4 725.3 0.00 0 0.0 14.9 23.7 23.4 3.633  -51.6   16.6   19.5   5  -24.2  16 0 0 1 2 2 0 12.7 0.7 12.6 0.7 80.0 100 100 20 408 0 119 0 401 401 400 0 0 0 59 50 AUTO_PARK 0 
b.1 2025-06-22 13:03:01.496 a 2025-06-22-13:03:00 225 244 262 1.0 7.1 8.7 12.4 2.7 725.3 0.00 0 0.0 14.8 23.6 23.4 3.633  -51.7   16.7   20.1   4  -24.4  16 0 0 1 2 2 0 12.7 0.8 12.7 0.7 80.0 100 100 20 408 0 122 0 401 401 400 0 0 0 60 50 AUTO_PARK 0 
b.1 2025-06-22 13:04:01.177 a 2025-06-22-13:04:00 220 243 265 4.3 7.3 9.0 12.4 2.6 725.3 0.00 0 0.0 14.8 23.3 23.4 3.633  -51.8   16.7   20.8   4  -24.3  16 0 0 1 2 2 0 12.7 0.7 12.6 0.7 80.0 100 100 20 408 0 118 0 401 401 399 0 0 0 59 50 AUTO_PARK 0 
b.1 2025-06-22 13:05:01.637 a 2025-06-22-13:05:00 218 242 267 4.5 7.4 9.0 12.4 2.6 725.3 0.00 0 0.0 14.9 24.1 24.4 3.628  -50.9   16.7   20.9   4  -24.4  16 0 0 1 2 2 0 12.7 0.8 12.7 0.7 80.0 100 100 20 408 0 119 0 401 401 400 0 0 0 59 50 AUTO_PARK 0 
b.1 2025-06-22 13:06:00.559 a 2025-06-22-13:05:59 208 243 266 3.9 7.2 9.1 12.4 2.7 725.3 0.00 0 0.0 15.1 24.1 24.5 3.626  -51.2   16.7   21.1   4  -24.5  16 0 0 1 2 2 0 12.7 0.7 12.7 0.7 80.0 100 100 20 408 0 118 0 401 401 400 0 0 0 59 50 AUTO_PARK 0 
b.1 2025-06-22 13:07:01.538 a 2025-06-22-13:07:00 216 240 259 1.8 7.4 9.3 12.6 2.7 725.3 0.00 0 0.0 15.1 24.1 24.5 3.633  -51.5   16.8   21.3   4  -24.5  16 0 0 1 2 2 0 12.7 0.7 12.7 0.7 80.0 100 100 20 408 0 120 0 401 401 400 0 0 0 59 50 AUTO_PARK 0 
b.1 2025-06-22 13:08:02.138 a 2025-06-22-13:08:01 223 241 275 5.3 7.3 9.2 12.6 2.7 725.3 0.00 0 0.0 14.9 23.9 23.4 3.634  -51.0   16.8   20.8   4  -24.5  17 0 0 1 2 2 0 12.7 0.7 12.7 0.7 80.0 100 100 20 408 0 113 0 401 401 400 0 0 0 59 50 AUTO_PARK 0 
b.1 2025-06-22 13:09:01.197 a 2025-06-22-13:09:00 222 240 260 5.0 7.1 8.7 12.6 2.4 725.3 0.00 0 0.0 14.9 23.7 23.4 3.635  -51.2   16.8   20.3   4  -24.4  17 0 0 1 2 2 0 12.7 0.7 12.7 0.7 80.0 100 100 20 408 0 114 0 401 401 399 0 0 0 60 50 AUTO_PARK 0 
b.1 2025-06-22 13:10:00.736 a 2025-06-22-13:09:59 217 239 259 3.8 6.9 9.1 12.6 2.5 725.3 0.00 0 0.0 14.7 23.6 23.4 3.633  -51.2   16.8   19.4   4  -24.6  17 0 0 1 2 2 0 12.8 0.7 12.8 0.7 80.0 100 100 20 408 0 114 0 401 401 399 0 0 0 60 50 AUTO_PARK 0 
b.1 2025-06-22 13:11:00.697 a 2025-06-22-13:10:59 211 239 273 3.8 7.1 8.8 12.5 2.5 725.3 0.00 0 0.0 14.9 24.0 23.4 3.633  -49.3   16.9   20.1   4  -24.4  17 0 0 1 2 2 0 12.8 0.7 12.7 0.6 80.0 100 100 20 408 0 114 0 401 401 400 0 0 0 59 50 AUTO_PARK 0 
b.1 2025-06-22 13:12:01.822 a 2025-06-22-13:12:00 218 239 268 3.9 7.0 8.9 12.5 2.3 725.3 0.00 0 0.0 15.0 24.1 24.5 3.626  -51.3   16.9   20.3   4  -24.6  17 0 0 1 2 2 0 12.8 0.6 12.7 0.6 80.0 100 100 20 408 0 114 0 400 401 399 0 0 0 60 50 AUTO_PARK 0 
b.1 2025-06-22 13:13:01.217 a 2025-06-22-13:13:00 215 239 262 4.1 7.0 8.9 12.5 2.2 725.3 0.00 0 0.0 15.0 24.1 24.5 3.626  -51.2   16.9   19.9   4  -24.5  17 0 0 1 2 2 0 12.8 0.5 12.8 0.5 80.0 100 100 20 408 0 114 0 402 401 400 0 0 0 60 50 AUTO_PARK 0 
b.1 2025-06-22 13:14:00.842 a 2025-06-22-13:13:59 215 240 270 3.7 7.0 8.8 12.5 2.3 725.3 0.00 0 0.0 14.9 23.9 23.4 3.633  -51.6   16.9   19.9   4  -24.7  17 0 0 1 2 2 0 12.8 0.5 12.7 0.5 80.0 100 100 20 408 0 113 0 401 401 400 0 0 0 60 50 AUTO_PARK 0 
b.1 2025-06-22 13:15:01.401 a 2025-06-22-13:15:00 219 240 258 1.4 7.0 8.7 12.6 2.2 725.4 0.00 0 0.0 14.8 23.7 23.4 3.634  -51.7   17.0   19.5   4  -24.7  17 0 0 1 2 2 0 12.8 0.5 12.8 0.5 80.0 100 100 20 408 0 114 0 401 402 399 0 0 0 60 50 AUTO_PARK 0 
b.1 2025-06-22 13:16:00.976 a 2025-06-22-13:16:00 206 242 264 2.8 7.1 8.9 12.6 2.1 725.3 0.00 0 0.0 14.7 23.3 23.4 3.633  -52.5   17.0   20.2   4  -24.7  17 0 0 1 2 2 0 12.8 0.5 12.8 0.4 80.0 100 100 20 408 0 114 0 401 401 399 0 0 0 59 50 AUTO_PARK 0 
b.1 2025-06-22 13:17:00.938 a 2025-06-22-13:16:59 220 242 275 2.5 6.9 8.9 12.6 2.2 725.4 0.00 0 0.0 14.9 24.0 23.4 3.633  -50.6   17.0   19.2   4  -24.7  17 0 0 1 2 2 0 12.8 0.5 12.8 0.4 80.0 100 100 20 408 0 113 0 401 401 400 0 0 0 60 50 AUTO_PARK 0 
b.1 2025-06-22 13:18:01.539 a 2025-06-22-13:18:00 224 242 257 3.8 7.2 8.9 12.5 2.3 725.4 0.00 0 0.0 15.0 24.1 24.5 3.626  -51.8   17.0   20.3   4  -24.7  17 0 0 1 2 2 0 12.8 0.5 12.8 0.4 80.0 100 100 20 408 0 112 0 401 401 400 0 0 0 59 50 AUTO_PARK 0 
b.1 2025-06-22 13:19:00.421 a 2025-06-22-13:18:59 214 243 268 3.5 6.9 9.0 12.5 2.2 725.3 0.00 0 0.0 15.1 24.1 24.5 3.627  -50.3   17.0   19.3   4  -24.9  17 0 0 1 2 2 0 12.8 0.5 12.8 0.4 80.0 100 100 20 408 0 122 0 401 402 399 0 0 0 59 50 AUTO_PARK 0 
b.1 2025-06-22 13:20:00.243 a 2025-06-22-13:19:59 216 244 291 2.4 7.2 9.1 12.6 2.4 725.4 0.00 0 0.0 14.9 23.9 23.4 3.634  -52.3   17.0   19.9   4  -24.9  17 0 0 1 2 2 0 12.8 0.5 12.8 0.5 80.0 100 99 20 408 0 120 0 401 401 400 0 0 0 60 50 AUTO_PARK 0 
b.1 2025-06-22 13:21:00.802 a 2025-06-22-13:20:59 220 244 261 3.4 7.3 9.2 12.6 2.3 725.4 0.00 0 0.0 14.9 23.8 23.4 3.634  -52.3   17.0   20.0   4  -24.9  17 0 0 1 2 2 0 12.9 0.6 12.8 0.5 80.0 100 100 20 408 0 119 0 401 401 399 0 0 0 59 50 AUTO_PARK 0 
b.1 2025-06-22 13:22:01.184 a 2025-06-22-13:22:00 219 245 267 3.3 6.8 8.8 12.6 2.2 725.4 0.00 0 0.0 14.8 23.7 23.4 3.633  -52.5   17.1   19.0   4  -24.8  17 0 0 1 2 2 0 12.9 0.5 12.8 0.5 80.0 100 100 20 408 0 119 0 401 401 399 0 0 0 60 50 AUTO_PARK 0 
b.1 2025-06-22 13:23:02.019 a 2025-06-22-13:23:01 219 244 276 1.4 6.8 8.8 12.7 2.2 725.4 0.00 0 0.0 14.8 23.7 23.4 3.633  -52.1   17.1   18.6   4  -24.8  17 0 0 1 2 2 0 12.9 0.5 12.9 0.5 80.0 100 100 20 408 0 120 0 401 401 399 0 0 0 60 50 AUTO_PARK 0 
b.1 2025-06-22 13:24:01.500 a 2025-06-22-13:24:00 221 246 265 2.1 6.7 8.5 12.8 2.0 725.4 0.00 0 0.0 14.9 24.0 23.4 3.632  -50.5   17.1   17.0   4  -25.0   5 0 0 1 2 2 0 12.9 0.5 12.9 0.5 80.0 100 100 20 408 0 118 0 401 401 400 0 0 0 59 50 AUTO_PARK 0 
b.1 2025-06-22 13:25:01.686 a 2025-06-22-13:25:00 088 247 278 2.1 6.0 8.3 12.8 2.0 725.4 0.00 0 0.0 15.0 24.1 24.5 3.626  -50.7   17.1   15.3   4  -25.0  13 0 0 1 2 2 0 12.9 0.5 12.9 0.5 80.0 100 100 20 408 0 118 0 401 401 400 0 0 0 59 50 AUTO_PARK 0 
b.1 2025-06-22 13:26:01.967 a 2025-06-22-13:26:00 219 249 278 2.5 6.1 8.1 12.8 1.9 725.5 0.00 0 0.0 15.0 24.1 24.5 3.627  -51.3   17.1   14.2   4  -25.0  19 0 0 1 1 2 0 12.9 0.6 12.9 0.5 80.0 100 100 20 408 0 116 0 401 401 399 0 0 0 60 50 AUTO_PARK 0 
b.1 2025-06-22 13:27:01.723 a 2025-06-22-13:27:00 220 248 270 1.1 5.4 8.3 12.8 1.7 725.5 0.00 0 0.0 15.0 24.1 24.4 3.627  -52.3   17.1   12.4   4  -25.0  16 0 0 1 1 2 0 12.9 0.5 12.9 0.5 80.0 100 100 20 408 0 110 0 401 401 400 0 0 0 60 50 AUTO_PARK 0 
b.1 2025-06-22 13:28:00.703 a 2025-06-22-13:27:59 194 249 274 1.3 5.6 8.1 12.7 1.8 725.5 0.00 0 0.0 14.9 24.0 24.5 3.633  -51.2   17.2   12.1   4  -25.2  16 0 0 1 1 2 0 12.9 0.5 12.9 0.5 80.0 100 100 20 408 0 110 0 401 401 400 0 0 0 60 50 AUTO_PARK 0 
b.1 2025-06-22 13:29:01.082 a 2025-06-22-13:29:00 118 249 352 0.7 5.0 8.5 12.7 1.7 725.5 0.00 0 0.0 14.8 23.7 23.4 3.633  -50.9   17.2   11.1   4  -25.2   5 0 0 1 1 2 0 13.0 0.5 12.9 0.5 80.0 100 100 20 408 0 111 0 401 401 400 0 0 0 60 50 AUTO_PARK 0 
b.1 2025-06-22 13:30:00.384 a 2025-06-22-13:29:59 128 249 280 0.3 5.2 8.3 12.7 1.9 725.5 0.00 0 0.0 14.8 23.7 23.4 3.633  -51.2   17.2   10.6   4  -25.6  43 0 0 1 1 2 0 13.0 0.5 12.9 0.4 80.0 100 100 20 408 0 111 0 401 401 399 0 0 0 60 50 AUTO_PARK 0 
b.1 2025-06-22 13:31:01.644 a 2025-06-22-13:31:00 173 249 276 0.6 5.5 8.3 12.7 1.8 725.5 0.00 0 0.0 14.9 23.9 23.4 3.633  -51.5   17.2   11.2   4  -25.6  16 0 0 1 1 2 0 13.0 0.4 13.0 0.4 80.0 100 100 20 408 0 111 0 401 402 400 0 0 0 60 50 AUTO_PARK 0 
b.1 2025-06-22 13:32:00.483 a 2025-06-22-13:31:59 142 247 345 0.8 4.7 8.1 12.8 1.6 725.5 0.00 0 0.0 15.0 24.1 24.4 3.633  -50.5   17.2    9.8   4  -25.8  13 0 0 1 1 2 0 13.0 0.4 13.0 0.4 80.0 100 100 20 408 0 110 0 401 401 400 0 0 0 60 50 AUTO_PARK 0 
b.1 2025-06-22 13:33:02.061 a 2025-06-22-13:33:01 128 247 293 0.5 5.0 7.9 12.8 1.6 725.5 0.00 0 0.0 15.1 24.1 24.4 3.633  -49.7   17.2   10.1   4  -25.8  15 0 0 1 1 2 0 13.0 0.4 13.0 0.3 80.0 100 100 20 408 0 112 0 401 401 399 0 0 0 60 50 AUTO_PARK 0 
b.1 2025-06-22 13:34:01.805 a 2025-06-22-13:34:00 131 249 276 1.0 5.1 8.4 12.8 1.6 725.5 0.00 0 0.0 14.9 24.0 24.5 3.627  -51.1   17.2   10.3   4  -25.7  15 0 0 1 1 2 0 13.0 0.4 13.0 0.4 80.0 100 100 20 408 0 109 0 401 401 399 0 0 0 60 50 AUTO_PARK 0 
b.1 2025-06-22 13:35:01.023 a 2025-06-22-13:35:00 137 250 271 0.8 5.1 8.0 12.7 1.6 725.5 0.00 0 0.0 14.8 23.7 23.4 3.633  -50.5   17.2   10.1   4  -25.8  15 0 0 1 1 2 0 13.0 0.4 13.0 0.3 80.0 100 100 20 408 0 108 0 401 401 400 0 0 0 60 50 AUTO_PARK 0 
b.1 2025-06-22 13:36:01.542 a 2025-06-22-13:36:00 147 246 271 0.8 5.2 8.7 12.7 1.7 725.6 0.00 0 0.0 14.8 23.8 23.4 3.633  -50.9   17.2   10.4   4  -25.8  15 0 0 1 1 2 0 13.1 0.4 13.0 0.4 80.0 100 100 20 408 0 113 0 401 401 400 0 0 0 59 50 AUTO_PARK 0 
b.1 2025-06-22 13:37:00.285 a 2025-06-22-13:36:59 128 247 273 0.7 5.1 8.1 12.7 1.6 725.5 0.00 0 0.0 14.9 24.1 24.4 3.627  -50.0   17.2   10.1   4  -26.0  15 0 0 1 1 2 0 13.1 0.4 13.0 0.4 80.0 100 100 20 408 0 112 0 401 401 399 0 0 0 60 50 AUTO_PARK 0 
b.1 2025-06-22 13:38:00.703 a 2025-06-22-13:37:59 012 249 180 0.5 4.4 7.8 12.7 1.4 725.5 0.00 0 0.0 15.0 24.1 24.5 3.626  -49.1   17.2    8.8   4  -26.0  15 0 0 1 1 2 0 13.1 0.4 13.0 0.4 80.0 100 100 20 408 0 112 0 401 401 399 0 0 0 59 50 AUTO_PARK 0 
b.1 2025-06-22 13:39:01.910 a 2025-06-22-13:39:00 138 247 344 0.3 5.3 8.9 12.7 1.8 725.6 0.00 0 0.0 15.0 24.1 24.5 3.626  -50.5   17.2   10.1   4  -26.3  15 0 0 1 1 2 0 13.1 0.4 13.0 0.4 80.0 100 100 20 408 0 113 0 401 401 399 0 0 0 60 50 AUTO_PARK 0 
b.1 2025-06-22 13:40:00.846 a 2025-06-22-13:39:59 081 248 344 0.5 4.4 8.4 12.8 1.5 725.6 0.00 0 0.0 15.0 24.1 24.5 3.626  -51.4   17.2    8.8   4  -26.4  15 0 0 1 1 2 0 13.1 0.4 13.0 0.4 80.0 100 100 20 408 0 115 0 401 401 399 0 0 0 60 50 AUTO_PARK 0 
b.1 2025-06-22 13:40:59.723 a 2025-06-22-13:40:58 144 251 279 1.0 4.6 7.4 12.8 1.6 725.6 0.00 0 0.0 14.9 23.9 23.4 3.633  -49.6   17.2    8.4   4  -26.5  15 0 0 1 1 2 0 13.1 0.4 13.0 0.4 80.0 100 100 20 408 0 115 0 402 401 400 0 0 0 59 50 AUTO_PARK 0 
b.1 2025-06-22 13:42:00.805 a 2025-06-22-13:41:59 145 250 297 1.6 5.1 8.0 12.8 1.6 725.6 0.00 0 0.0 15.0 24.1 24.5 3.627  -51.7   17.2    8.8   4  -26.3  15 0 0 1 1 2 0 13.1 0.4 13.1 0.4 80.0 100 100 20 408 0 115 0 401 401 399 0 0 0 60 50 AUTO_PARK 0 
b.1 2025-06-22 13:43:01.265 a 2025-06-22-13:43:00 139 248 296 1.0 4.6 7.6 12.7 1.5 725.6 0.00 0 0.0 14.8 23.7 23.4 3.634  -49.4   17.2    8.4   4  -26.3  15 0 0 1 1 2 0 13.1 0.4 13.1 0.4 80.0 100 100 20 408 0 116 0 401 401 400 0 0 0 60 50 AUTO_PARK 0 
b.1 2025-06-22 13:44:01.404 a 2025-06-22-13:44:00 110 248 287 0.8 4.6 7.5 12.7 1.5 725.6 0.00 0 0.0 14.9 24.1 24.5 3.633  -49.6   17.2    8.5   4  -26.2   5 0 0 1 1 2 0 13.1 0.4 13.1 0.3 80.0 100 100 20 408 0 116 0 401 401 399 0 0 0 60 50 AUTO_PARK 0 
b.1 2025-06-22 13:45:01.944 a 2025-06-22-13:45:00 183 246 275 0.5 4.4 8.0 12.7 1.5 725.6 0.00 0 0.0 15.0 24.1 24.5 3.626  -50.7   17.2    7.6   4  -26.5  15 0 0 1 1 2 0 13.2 0.4 13.1 0.4 80.0 100 100 20 408 0 115 0 401 401 400 0 0 0 59 50 AUTO_PARK 0 
b.1 2025-06-22 13:46:00.644 a 2025-06-22-13:45:59 022 253 186 0.7 4.8 8.3 12.7 1.8 725.6 0.00 0 0.0 15.0 24.1 24.5 3.628  -50.8   17.2    8.4   3  -26.7  15 0 0 1 1 2 0 13.2 0.4 13.1 0.4 80.0 100 100 20 408 0 111 0 401 401 399 0 0 0 59 50 AUTO_PARK 0 
b.1 2025-06-22 13:47:01.384 a 2025-06-22-13:47:00 132 249 295 0.7 4.7 7.3 12.7 1.6 725.6 0.00 0 0.0 15.0 24.1 24.5 3.626  -51.5   17.2    8.5   4  -26.5  15 0 0 1 1 2 0 13.2 0.4 13.1 0.4 80.0 100 100 21 408 0 110 0 401 401 399 0 0 0 60 50 AUTO_PARK 0 
b.1 2025-06-22 13:48:00.147 a 2025-06-22-13:47:59 139 248 273 0.7 4.6 6.8 12.9 1.5 725.7 0.00 0 0.0 14.9 24.0 23.4 3.633  -51.0   17.3    7.7   4  -26.4  15 0 0 1 1 2 0 13.2 0.4 13.2 0.4 80.0 100 100 21 408 0 110 0 401 401 399 0 0 0 59 50 AUTO_PARK 0 
b.1 2025-06-22 13:49:01.344 a 2025-06-22-13:49:00 112 248 291 0.6 4.2 7.3 12.9 1.5 725.7 0.00 0 0.0 14.9 23.9 23.4 3.633  -49.5   17.3    7.5   3  -26.7  15 0 0 1 1 2 0 13.2 0.4 13.2 0.4 80.0 100 100 21 408 0 116 0 401 401 399 0 0 0 60 50 AUTO_PARK 0 
b.1 2025-06-22 13:50:01.305 a 2025-06-22-13:50:00 146 248 284 0.7 4.5 7.7 13.0 1.5 725.7 0.00 0 0.0 14.8 23.8 23.4 3.633  -50.7   17.3    7.2   4  -26.4  15 0 0 1 1 2 0 13.2 0.4 13.2 0.4 80.0 100 100 21 408 0 115 0 401 401 400 0 0 0 59 50 AUTO_PARK 0 
b.1 2025-06-22 13:51:00.888 a 2025-06-22-13:50:59 209 250 276 1.4 4.8 7.0 13.0 1.5 725.7 0.00 0 0.0 14.9 23.9 23.4 3.633  -51.0   17.3    7.2   4  -26.3   5 0 0 1 1 2 0 13.2 0.5 13.2 0.4 80.0 100 100 21 408 0 115 0 401 401 400 0 0 0 60 50 AUTO_PARK 0 
b.1 2025-06-22 13:52:00.746 a 2025-06-22-13:51:59 059 249 109 0.5 4.0 6.9 13.0 1.5 725.7 0.00 0 0.0 14.8 24.1 24.4 3.633  -50.1   17.3    6.5   4  -26.4  12 0 0 1 1 2 0 13.3 0.5 13.2 0.4 80.0 100 100 21 408 0 115 0 401 401 399 0 0 0 60 50 AUTO_PARK 0 
b.1 2025-06-22 13:53:01.345 a 2025-06-22-13:53:00 143 254 347 0.4 4.1 7.2 13.0 1.4 725.7 0.00 0 0.0 15.0 24.1 24.5 3.627  -48.5   17.3    6.7   3  -26.6  14 0 0 1 1 2 0 13.3 0.5 13.3 0.4 80.0 100 100 21 408 0 113 0 401 401 399 0 0 0 60 50 AUTO_PARK 0 
b.1 2025-06-22 13:54:00.825 a 2025-06-22-13:53:59 142 250 330 0.4 3.8 6.9 12.8 1.5 725.7 0.00 0 0.0 15.0 24.1 24.5 3.627  -49.6   17.4    6.3   3  -26.6  14 0 0 1 1 2 0 13.3 0.5 13.3 0.5 80.0 100 100 21 408 0 117 0 401 401 400 0 0 0 60 50 AUTO_PARK 0 
b.1 2025-06-22 13:55:01.746 a 2025-06-22-13:55:00 095 247 339 0.5 3.9 6.4 12.9 1.4 725.7 0.00 0 0.0 14.9 23.8 23.4 3.633  -49.7   17.4    5.9   3  -26.6  14 0 0 1 1 2 0 13.3 0.5 13.3 0.4 80.0 100 100 21 408 0 116 0 400 401 399 0 0 0 60 50 AUTO_PARK 0 
b.1 2025-06-22 13:56:00.207 a 2025-06-22-13:55:59 038 250 101 0.3 3.5 6.3 13.0 1.4 725.7 0.00 0 0.0 14.9 23.9 23.4 3.634  -51.0   17.4    5.6   3  -26.6  14 0 0 1 1 2 0 13.4 0.6 13.3 0.5 80.0 100 100 21 408 0 117 0 401 401 399 0 0 0 60 50 AUTO_PARK 0 
b.1 2025-06-22 13:57:00.289 a 2025-06-22-13:56:59 093 241 278 0.3 3.8 6.6 13.1 1.3 725.7 0.00 0 0.0 15.0 24.1 24.5 3.626  -50.2   17.4    5.3   3  -26.5   5 0 0 1 1 2 0 13.4 0.6 13.3 0.5 80.0 100 100 21 408 0 115 0 401 401 399 0 0 0 60 50 AUTO_PARK 0 
b.1 2025-06-22 13:58:01.486 a 2025-06-22-13:58:00 148 249 284 0.9 4.1 6.3 13.0 1.4 725.8 0.00 0 0.0 15.0 24.0 24.4 3.626  -50.7   17.4    5.6   3  -26.5  11 0 0 1 1 2 0 13.4 0.6 13.3 0.6 80.0 100 100 21 408 0 117 0 401 402 399 0 0 0 60 50 AUTO_PARK 0 
b.1 2025-06-22 13:59:00.427 a 2025-06-22-13:58:59 133 250 342 0.4 3.8 6.3 13.1 1.4 725.8 0.00 0 0.0 14.9 24.0 24.5 3.627  -49.7   17.5    5.5   4  -26.3  13 0 0 1 1 2 0 13.4 0.6 13.3 0.6 80.0 100 100 21 408 0 110 0 401 401 400 0 0 0 60 50 AUTO_PARK 0 
b.1 2025-06-22 14:00:01.630 a 2025-06-22-14:00:00 148 249 299 0.5 3.7 6.1 13.1 1.4 725.8 0.00 0 0.0 15.0 24.1 24.5 3.627  -50.2   17.5    5.5   3  -26.5  13 0 0 1 1 2 0 13.4 0.6 13.4 0.5 80.0 100 100 21 408 0 110 0 400 402 399 0 0 0 60 50 AUTO_PARK 0 
b.1 2025-06-22 14:01:02.049 a 2025-06-22-14:01:01 026 252 108 0.6 3.8 6.1 13.1 1.3 725.8 0.00 0 0.0 15.0 24.1 24.5 3.628  -50.2   17.5    5.5   4  -26.2  13 0 0 1 1 2 0 13.4 0.6 13.4 0.6 80.0 100 100 21 408 0 110 0 401 401 400 0 0 0 60 50 AUTO_PARK 0 
b.1 2025-06-22 14:02:01.348 a 2025-06-22-14:02:00 145 249 305 0.4 3.9 6.0 13.1 1.3 725.8 0.00 0 0.0 14.9 24.0 24.5 3.626  -48.5   17.6    5.4   4  -26.2  13 0 0 1 1 2 0 13.5 0.6 13.4 0.6 80.0 100 100 21 408 0 114 0 401 401 400 0 0 0 60 50 AUTO_PARK 0 
b.1 2025-06-22 14:03:00.250 a 2025-06-22-14:02:59 081 247 335 0.5 3.8 6.4 13.1 1.4 725.8 0.00 0 0.0 14.9 23.9 23.4 3.633  -51.7   17.6    5.6   4  -26.2  13 0 0 1 1 2 0 13.5 0.6 13.4 0.6 80.0 100 100 21 408 0 113 0 401 402 399 0 0 0 60 50 AUTO_PARK 0 
b.1 2025-06-22 14:04:01.625 a 2025-06-22-14:04:00 104 246 283 0.4 3.7 6.7 13.2 1.4 725.8 0.00 0 0.0 15.0 24.1 24.5 3.626  -49.1   17.6    5.4   3  -26.4  13 0 0 1 1 2 0 13.5 0.6 13.5 0.6 80.0 100 100 20 408 0 112 0 401 401 400 0 0 0 60 50 AUTO_PARK 0 
b.1 2025-06-22 14:05:01.526 a 2025-06-22-14:05:00 128 245 307 0.3 3.2 5.8 13.2 1.3 725.8 0.00 0 0.0 15.1 24.1 24.4 3.634  -48.3   17.7    4.8   3  -26.4  13 0 0 1 1 2 0 13.5 0.6 13.5 0.6 80.0 100 100 20 408 0 112 0 400 401 399 0 0 0 59 50 AUTO_PARK 0 
b.1 2025-06-22 14:06:01.148 a 2025-06-22-14:06:00 105 247 299 0.4 3.4 5.6 13.2 1.3 725.8 0.00 0 0.0 14.8 23.9 23.4 3.632  -50.9   17.7    4.7   3  -26.4  13 0 0 1 1 2 0 13.5 0.6 13.5 0.6 80.0 100 100 20 408 0 112 0 401 401 400 0 0 0 60 50 AUTO_PARK 0 
b.1 2025-06-22 14:07:01.989 a 2025-06-22-14:07:00 143 248 299 0.4 3.3 6.2 13.1 1.3 725.8 0.00 0 0.0 15.0 24.1 24.5 3.626  -48.8   17.7    4.7   4  -26.1  13 0 0 1 1 2 0 13.6 0.6 13.5 0.6 80.0 100 100 20 408 0 112 0 400 401 399 0 0 0 60 50 AUTO_PARK 0 
b.1 2025-06-22 14:08:00.730 a 2025-06-22-14:07:59 157 251 293 0.4 3.5 6.4 13.2 1.4 725.8 0.00 0 0.0 15.0 24.1 24.5 3.627  -48.8   17.8    4.8   3  -26.3  10 0 0 1 1 2 0 13.6 0.7 13.5 0.6 80.0 100 100 20 408 0 114 0 400 401 399 0 0 0 60 50 AUTO_PARK 0 
b.1 2025-06-22 14:09:01.427 a 2025-06-22-14:09:00 127 247 283 0.6 3.7 6.0 13.2 1.3 725.9 0.00 0 0.0 15.0 23.8 23.4 3.633  -49.4   17.8    4.8   3  -26.3  15 0 0 1 1 2 0 13.6 0.7 13.5 0.7 80.0 100 100 21 408 0 116 0 400 401 399 0 0 0 60 50 AUTO_PARK 0 
b.1 2025-06-22 14:10:01.246 a 2025-06-22-14:10:00 016 252 149 0.3 3.8 5.7 13.2 1.4 725.9 0.00 0 0.0 14.9 23.9 23.4 3.634  -50.3   17.8    5.2   4  -26.0  12 0 0 1 1 2 0 13.7 0.7 13.5 0.7 80.0 100 100 21 408 0 114 0 401 401 400 0 0 0 60 50 AUTO_PARK 0 
b.1 2025-06-22 14:10:59.992 a 2025-06-22-14:10:58 091 245 297 0.4 3.5 5.9 13.3 1.5 725.8 0.00 0 0.0 15.0 24.1 24.5 3.627  -51.9   17.9    4.7   3  -26.2  12 0 0 1 1 2 0 13.7 0.7 13.5 0.7 80.0 100 100 21 408 0 113 0 400 401 399 0 0 0 59 50 AUTO_PARK 0 
b.1 2025-06-22 14:12:00.369 a 2025-06-22-14:11:59 120 246 288 0.4 3.4 5.9 13.3 1.4 725.9 0.00 0 0.0 14.9 24.0 23.4 3.633  -48.5   17.9    4.4   4  -26.0  12 0 0 1 1 2 0 13.7 0.7 13.6 0.7 80.0 100 100 21 408 0 108 0 401 401 400 0 0 0 60 50 AUTO_PARK 0 
b.1 2025-06-22 14:13:01.989 a 2025-06-22-14:13:00 149 249 311 0.4 3.7 5.9 13.3 1.4 725.9 0.00 0 0.0 15.0 24.1 24.5 3.627  -50.5   17.9    5.0   4  -25.7  12 0 0 1 1 2 0 13.7 0.7 13.6 0.7 80.0 100 100 21 408 0 108 0 401 401 399 0 0 0 60 50 AUTO_PARK 0 
b.1 2025-06-22 14:14:00.549 a 2025-06-22-14:13:59 150 249 277 0.6 3.6 5.5 13.3 1.3 725.9 0.00 0 0.0 15.0 24.1 24.5 3.633  -48.4   18.0    4.8   4  -25.4  12 0 0 1 1 2 0 13.7 0.7 13.6 0.7 80.0 100 100 21 408 0 110 0 401 401 400 0 0 0 60 50 AUTO_PARK 0 
b.1 2025-06-22 14:15:01.108 a 2025-06-22-14:15:00 124 247 292 0.5 3.3 5.5 13.3 1.2 725.9 0.00 0 0.0 14.9 24.0 23.4 3.634  -49.2   18.0    4.5   4  -25.6  12 0 0 1 1 2 0 13.8 0.7 13.6 0.7 80.0 100 100 21 408 0 114 0 401 401 400 0 0 0 59 50 AUTO_PARK 0 
b.1 2025-06-22 14:16:00.430 a 2025-06-22-14:15:59 117 245 276 0.4 3.3 5.1 13.3 1.2 725.9 0.00 0 0.0 15.0 24.1 24.5 3.627  -47.4   18.0    4.3   4  -25.6   9 0 0 1 1 2 0 13.8 0.7 13.6 0.7 80.0 100 100 21 408 0 113 0 401 401 400 0 0 0 59 50 AUTO_PARK 0 
b.1 2025-06-22 14:17:01.447 a 2025-06-22-14:17:00 121 248 292 0.1 2.8 5.2 13.4 1.2 725.9 0.00 0 0.0 15.0 24.0 24.5 3.628  -49.6   18.1    3.8   4  -25.6  10 0 0 1 1 2 0 13.8 0.7 13.6 0.7 80.0 100 100 21 408 0 114 0 401 401 400 0 0 0 60 50 AUTO_PARK 0 
b.1 2025-06-22 14:18:01.351 a 2025-06-22-14:18:00 101 246 269 0.4 3.5 5.6 13.4 1.2 725.9 0.00 0 0.0 15.0 24.1 24.5 3.627  -48.5   18.1    4.3   4  -25.6  14 0 0 1 1 2 0 13.8 0.8 13.7 0.8 80.0 100 100 21 408 0 112 0 401 401 400 0 0 0 59 50 AUTO_PARK 0 
b.1 2025-06-22 14:19:01.249 a 2025-06-22-14:19:00 179 251 338 0.4 3.0 5.2 13.4 1.2 726.0 0.00 0 0.0 15.0 24.1 24.5 3.627  -48.4   18.1    4.1   4  -25.5  10 0 0 1 1 2 0 13.8 0.7 13.7 0.7 80.0 100 100 21 408 0 114 0 401 401 400 0 0 0 59 50 AUTO_PARK 0 
b.1 2025-06-22 14:20:01.948 a 2025-06-22-14:20:00 114 248 295 0.3 3.0 5.4 13.4 1.3 726.0 0.00 0 0.0 14.9 24.0 24.5 3.628  -49.6   18.2    4.0   4  -25.6  10 0 0 1 1 2 0 13.8 0.8 13.7 0.7 80.0 100 100 21 408 0 113 0 401 401 399 0 0 0 60 50 AUTO_PARK 0 
b.1 2025-06-22 14:21:01.427 a 2025-06-22-14:21:00 126 246 273 0.4 3.2 4.7 13.4 1.3 726.0 0.00 0 0.0 15.0 24.1 24.5 3.626  -49.4   18.2    4.0   4  -25.5  10 0 0 1 1 2 0 13.9 0.7 13.7 0.7 80.0 100 100 21 408 0 117 0 401 401 400 0 0 0 60 50 AUTO_PARK 0 
b.1 2025-06-22 14:22:00.410 a 2025-06-22-14:21:59 144 246 276 0.5 2.7 4.7 13.4 1.5 726.0 0.00 0 0.0 15.0 24.0 23.4 3.634  -48.6   18.3    3.7   4  -25.2  10 0 0 1 1 2 0 13.9 0.8 13.7 0.7 80.0 100 100 21 408 0 114 0 401 401 400 0 0 0 59 50 AUTO_PARK 0 
b.1 2025-06-22 14:23:00.828 a 2025-06-22-14:22:59 215 248 284 1.0 3.2 5.0 13.4 1.3 726.0 0.00 0 0.0 15.0 23.9 23.4 3.634  -48.9   18.3    4.0   4  -25.2  10 0 0 1 1 2 0 13.9 0.8 13.7 0.8 80.0 100 100 21 408 0 113 0 401 402 399 0 0 0 59 50 AUTO_PARK 0 
b.1 2025-06-22 14:24:00.052 a 2025-06-22-14:23:59 141 246 274 0.5 2.9 4.6 13.4 1.4 726.0 0.00 0 0.0 15.1 24.1 24.5 3.629  -48.2   18.3    3.7   4  -24.9  10 0 0 1 1 2 0 13.9 0.9 13.8 0.9 80.0 100 100 21 408 0 110 0 400 401 399 0 0 0 59 50 AUTO_PARK 0 
b.1 2025-06-22 14:25:00.691 a 2025-06-22-14:24:59 146 245 271 0.3 3.1 4.8 13.4 1.2 726.0 0.00 0 0.0 15.0 24.1 24.4 3.628  -48.4   18.4    3.7   4  -24.7  10 0 0 1 1 2 0 14.0 0.9 13.8 0.9 80.0 100 100 21 408 0 106 0 401 401 399 0 0 0 60 50 AUTO_PARK 0 
b.1 2025-06-22 14:26:01.492 a 2025-06-22-14:26:00 124 243 285 0.4 2.5 4.5 13.4 1.5 726.0 0.00 0 0.0 14.9 24.1 24.5 3.627  -49.5   18.4    3.4   4  -24.7  10 0 0 1 1 2 0 13.9 0.9 13.8 0.9 80.0 100 100 21 408 0 107 0 401 401 399 0 0 0 60 50 AUTO_PARK 0 
b.1 2025-06-22 14:27:00.971 a 2025-06-22-14:26:59 176 246 305 0.2 2.8 5.0 13.4 1.3 726.0 0.00 0 0.0 15.0 24.1 24.5 3.627  -50.3   18.4    3.5   4  -24.6  10 0 0 1 1 2 0 14.0 0.9 13.8 0.9 80.0 100 100 21 408 0 107 0 401 401 400 0 0 0 59 50 AUTO_PARK 0 
b.1 2025-06-22 14:28:01.049 a 2025-06-22-14:28:00 167 243 270 0.5 3.0 4.3 13.4 1.5 726.0 0.00 0 0.0 15.0 24.1 24.5 3.627  -50.0   18.5    3.8   4  -24.4  10 0 0 1 1 2 0 14.0 1.0 13.8 1.0 80.0 100 100 21 408 0 112 0 401 401 400 0 0 0 60 50 AUTO_PARK 0 
b.1 2025-06-22 14:29:00.394 a 2025-06-22-14:28:59 212 245 276 1.0 2.9 4.4 13.3 1.4 726.0 0.00 0 0.0 15.0 24.1 24.5 3.627  -49.4   18.5    3.7   4  -24.1  10 0 0 1 1 2 0 14.0 1.1 13.8 1.0 80.0 100 100 21 408 0 112 0 401 401 399 0 0 0 60 50 AUTO_PARK 0 
b.1 2025-06-22 14:30:01.372 a 2025-06-22-14:30:00 203 247 270 0.6 3.1 4.4 13.3 1.5 726.0 0.00 0 0.0 15.0 24.1 24.5 3.627  -49.4   18.6    3.8   4  -24.1  10 0 0 1 1 2 0 14.0 1.0 13.8 1.0 80.0 100 100 20 408 0 144 0 400 401 399 0 0 0 59 50 AUTO_PARK 0 
b.1 2025-06-22 14:31:01.293 a 2025-06-22-14:31:00 027 249 182 0.4 2.8 3.9 13.3 1.4 726.0 0.00 0 0.0 15.0 24.1 24.5 3.627  -49.2   18.6    3.6   4  -23.9  10 0 0 1 1 2 0 14.0 1.1 13.8 1.0 80.0 100 100 20 408 0 144 0 402 401 400 0 0 0 60 50 AUTO_PARK 0 
b.1 2025-06-22 14:32:01.331 a 2025-06-22-14:32:00 213 241 267 0.9 2.5 3.9 13.3 1.5 726.0 0.00 0 0.0 15.0 24.1 24.5 3.627  -48.9   18.6    3.2   4  -23.8  10 0 0 1 1 2 0 14.0 1.1 13.8 1.1 80.0 100 100 20 408 0 144 0 401 401 400 0 0 0 60 50 AUTO_PARK 0 
b.1 2025-06-22 14:33:01.614 a 2025-06-22-14:33:00 027 239 096 0.2 2.0 3.7 13.3 1.8 726.0 0.00 0 0.0 15.1 24.1 24.5 3.627  -46.6   18.7    2.8   4  -23.6   5 0 0 1 1 2 0 14.0 1.1 13.8 1.1 80.0 100 100 20 408 0 144 0 402 401 399 0 0 0 60 50 AUTO_PARK 0 
b.1 2025-06-22 14:34:01.474 a 2025-06-22-14:34:00 139 232 264 0.4 2.1 2.9 13.3 1.9 726.0 0.00 0 0.0 15.2 24.1 24.5 3.634  -46.8   18.7    2.7   4  -23.6   5 0 0 1 1 2 0 14.1 1.2 13.8 1.2 80.0 100 100 20 408 0 144 0 401 401 400 0 0 0 60 50 AUTO_PARK 0 
b.1 2025-06-22 14:35:01.973 a 2025-06-22-14:35:00 119 240 287 0.5 2.1 3.7 13.3 1.8 726.0 0.00 0 0.0 15.3 24.1 24.5 3.627  -47.1   18.8    2.6   4  -23.5   8 0 0 1 1 2 0 14.1 1.3 13.9 1.3 80.0 100 100 20 408 0 143 0 402 401 400 0 0 0 60 50 AUTO_PARK 0 
b.1 2025-06-22 14:36:01.253 a 2025-06-22-14:36:00 088 239 277 0.2 2.4 3.9 13.3 1.4 726.1 0.00 0 0.0 15.4 24.1 24.5 3.627  -48.0   18.9    2.7   4  -23.5   9 0 0 1 1 2 0 14.1 1.2 13.9 1.2 80.0 100 100 20 408 0 144 0 401 401 400 0 0 0 60 50 AUTO_PARK 0 
b.1 2025-06-22 14:37:01.213 a 2025-06-22-14:37:00 092 246 329 0.0 1.7 3.2 13.3 1.8 726.1 0.00 0 0.0 15.4 24.1 24.4 3.633  -46.3   18.9    2.5   4  -23.4   9 0 0 1 1 2 0 14.1 1.2 13.9 1.2 80.0 100 100 20 408 0 143 0 401 402 399 0 0 0 59 50 AUTO_PARK 0 
b.1 2025-06-22 14:38:01.674 a 2025-06-22-14:38:00 205 232 266 1.5 2.8 4.3 13.3 1.8 726.1 0.00 0 0.0 15.4 24.1 24.5 3.633  -50.0   19.0    2.7   4  -23.2   9 0 0 1 1 2 0 14.1 1.3 13.9 1.3 80.0 100 100 20 408 0 143 0 401 401 400 0 0 0 60 50 AUTO_PARK 0 
b.1 2025-06-22 14:39:01.871 a 2025-06-22-14:39:00 186 238 270 0.2 2.6 4.1 13.4 1.6 726.1 0.00 0 0.0 15.4 24.1 24.5 3.627  -48.8   19.0    2.8   4  -22.9  10 0 0 1 1 2 0 14.1 1.3 14.0 1.3 80.0 100 100 20 408 0 144 0 401 401 399 0 0 0 59 50 AUTO_PARK 0 
b.1 2025-06-22 14:40:02.101 a 2025-06-22-14:40:01 200 232 265 0.6 2.0 3.1 13.4 1.7 726.1 0.00 0 0.0 15.5 24.1 24.5 3.627  -46.5   19.1    2.6   4  -22.9  10 0 0 1 1 2 0 14.2 1.3 14.0 1.3 80.0 100 100 20 408 0 144 0 400 401 399 0 0 0 59 50 AUTO_PARK 0 
b.1 2025-06-22 14:41:00.894 a 2025-06-22-14:40:59 148 213 241 0.7 1.6 2.5 13.4 2.3 726.1 0.00 0 0.0 15.6 24.1 24.4 3.628  -47.3   19.2    2.4   4  -22.6  10 0 0 1 1 2 0 14.2 1.5 14.0 1.5 80.0 100 100 20 408 0 144 0 401 401 399 0 0 0 59 50 AUTO_PARK 0 
b.1 2025-06-22 14:42:00.372 a 2025-06-22-14:41:59 196 233 268 0.9 1.6 2.1 13.4 2.1 726.1 0.00 0 0.0 15.8 24.1 24.5 3.628  -47.4   19.3    2.3   4  -22.5  10 0 0 1 1 2 0 14.3 1.5 14.0 1.6 80.0 100 100 20 408 0 144 0 401 402 400 0 0 0 60 50 AUTO_PARK 0 
b.1 2025-06-22 14:43:02.051 a 2025-06-22-14:43:01 212 232 257 1.2 1.6 2.0 13.4 2.6 726.1 0.00 0 0.0 15.9 24.1 24.4 3.627  -48.7   19.4    2.3   5  -22.2   5 0 0 1 1 2 0 14.3 1.6 14.1 1.6 80.0 100 100 20 408 0 144 0 401 401 399 0 0 0 60 50 AUTO_PARK 0 
b.1 2025-06-22 14:44:01.312 a 2025-06-22-14:44:00 135 231 281 0.3 1.4 2.5 13.4 2.2 726.2 0.00 0 0.0 16.1 24.1 24.5 3.627  -47.4   19.5    2.3   5  -22.2   7 0 0 1 1 2 0 14.4 1.8 14.1 1.8 80.0 100 100 20 408 0 144 0 401 401 399 0 0 0 59 50 AUTO_PARK 0 
b.1 2025-06-22 14:45:00.572 a 2025-06-22-14:44:59 123 242 345 0.1 1.8 3.0 13.4 1.9 726.1 0.00 0 0.0 16.1 24.1 24.4 3.628  -47.8   19.6    2.4   5  -21.9  12 0 0 1 1 2 0 14.4 1.8 14.1 1.9 80.0 100 100 20 408 0 143 0 401 401 400 0 0 0 59 50 AUTO_PARK 0 
b.1 2025-06-22 14:46:00.753 a 2025-06-22-14:45:59 107 236 355 0.1 1.4 2.5 13.5 2.4 726.1 0.00 0 0.0 16.3 24.1 24.4 3.628  -48.2   19.7    2.3   5  -21.8   9 0 0 1 1 2 0 14.4 1.7 14.1 1.8 80.0 100 100 20 408 0 144 0 401 402 399 0 0 0 60 50 AUTO_PARK 0 
b.1 2025-06-22 14:47:01.214 a 2025-06-22-14:47:00 195 244 274 0.4 1.8 2.7 13.5 1.7 726.2 0.00 0 0.0 16.3 24.1 24.5 3.627  -48.2   19.8    2.4   5  -21.7   9 0 0 1 1 2 0 14.5 1.8 14.2 1.7 80.0 100 100 20 408 0 143 0 401 401 400 0 0 0 60 50 AUTO_PARK 0 
b.1 2025-06-22 14:48:00.512 a 2025-06-22-14:47:59 141 251 286 0.3 1.4 2.3 13.5 2.3 726.2 0.00 0 0.0 16.5 24.1 24.5 3.626  -47.2   19.9    2.3   5  -21.7   9 0 0 1 1 2 0 14.5 1.7 14.2 1.7 80.0 100 100 20 408 0 143 0 401 401 400 0 0 0 59 50 AUTO_PARK 0 
b.1 2025-06-22 14:48:59.855 a 2025-06-22-14:48:58 126 225 284 0.3 1.1 2.0 13.5 3.0 726.2 0.00 0 0.0 16.7 24.1 24.5 3.627  -47.1   19.9    2.2   5  -21.6   5 0 0 1 1 2 0 14.5 1.7 14.2 1.7 80.0 100 100 20 408 0 144 0 401 401 400 0 0 0 60 50 AUTO_PARK 0 
b.1 2025-06-22 14:50:01.315 a 2025-06-22-14:50:00 140 242 280 0.1 1.2 2.4 13.5 3.4 726.2 0.00 0 0.0 16.8 24.1 24.5 3.633  -47.7   20.0    2.1   5  -21.4   5 0 0 1 1 2 0 14.5 1.8 14.2 1.8 80.0 100 100 19 408 0 143 0 401 401 400 0 0 0 59 50 AUTO_PARK 0 
b.1 2025-06-22 14:51:01.177 a 2025-06-22-14:51:00 147 248 282 0.0 1.6 2.7 13.5 2.2 726.2 0.00 0 0.0 16.8 24.1 24.5 3.628  -48.4   20.1    2.2   5  -21.4  10 0 0 1 1 2 0 14.5 1.9 14.2 2.0 80.0 100 100 19 408 0 143 0 401 401 400 0 0 0 59 50 AUTO_PARK 0 
b.1 2025-06-22 14:52:00.575 a 2025-06-22-14:51:59 110 242 276 0.1 1.8 2.9 13.5 1.6 726.2 0.00 0 0.0 16.9 24.1 24.4 3.627  -48.1   20.1    2.3   5  -21.3   8 0 0 1 1 2 0 14.5 1.9 14.2 1.9 80.0 100 100 19 408 0 143 0 401 401 400 0 0 0 59 50 AUTO_PARK 0 
b.1 2025-06-22 14:53:01.032 a 2025-06-22-14:52:59 079 227 317 0.1 1.8 3.0 13.5 1.1 726.2 0.00 0 0.0 16.8 24.1 24.5 3.635  -47.3   20.2    2.3   5  -21.3   8 0 0 1 1 2 0 14.6 1.8 14.2 1.9 80.0 100 100 19 408 0 143 0 401 401 399 0 0 0 59 50 AUTO_PARK 0 
b.1 2025-06-22 14:54:01.132 a 2025-06-22-14:54:00 079 232 270 0.1 1.7 3.5 13.5 2.0 726.2 0.00 0 0.0 16.9 24.1 24.5 3.626  -48.5   20.2    2.4   5  -21.4   8 0 0 1 1 2 0 14.6 1.7 14.2 1.9 80.0 100 100 19 408 0 143 0 401 401 400 0 0 0 60 50 AUTO_PARK 0 
b.1 2025-06-22 14:55:00.957 a 2025-06-22-14:54:59 004 257 135 0.3 1.9 3.2 13.5 1.1 726.2 0.00 0 0.0 16.9 24.1 24.5 3.627  -48.2   20.2    2.4   5  -21.4   8 0 0 1 1 2 0 14.6 1.6 14.3 1.7 80.0 100 100 19 408 0 143 0 401 401 400 0 0 0 60 50 AUTO_PARK 0 
b.1 2025-06-22 14:56:00.895 a 2025-06-22-14:55:59 095 234 284 0.1 1.4 2.8 13.6 1.6 726.3 0.00 0 0.0 16.9 24.1 24.5 3.631  -47.8   20.3    2.3   5  -21.6   8 0 0 1 1 2 0 14.6 1.5 14.3 1.7 80.0 100 100 19 408 0 143 0 401 402 399 0 0 0 60 50 AUTO_PARK 0 
b.1 2025-06-22 14:57:00.713 a 2025-06-22-14:56:59 095 240 278 0.1 1.2 3.0 13.6 1.0 726.3 0.00 0 0.0 17.1 24.1 24.5 3.626  -47.3   20.3    2.3   5  -21.4   5 0 0 1 1 2 0 14.6 1.5 14.3 1.5 80.0 100 100 19 408 0 143 0 401 401 399 0 0 0 59 50 AUTO_PARK 0 
b.1 2025-06-22 14:58:01.058 a 2025-06-22-14:58:00 030 235 068 0.0 1.7 3.2 13.6 0.9 726.3 0.00 0 0.0 17.2 24.1 24.5 3.628  -47.9   20.3    2.3   5  -21.4   6 0 0 1 1 2 0 14.7 1.5 14.3 1.5 80.0 100 100 20 408 0 143 0 401 401 399 0 0 0 60 50 AUTO_PARK 0 
b.1 2025-06-22 14:59:00.976 a 2025-06-22-14:58:59 191 240 283 0.3 2.1 2.8 13.6 1.1 726.3 0.00 0 0.0 17.1 24.1 24.4 3.626  -50.0   20.4    2.4   5  -21.3  12 0 0 1 1 2 0 14.7 1.4 14.3 1.4 80.0 100 100 20 408 0 143 0 401 401 400 0 0 0 60 50 AUTO_PARK 0 
b.1 2025-06-22 15:00:01.298 a 2025-06-22-15:00:00 090 232 270 0.1 1.6 2.4 13.6 1.3 726.3 0.00 0 0.0 17.2 24.1 24.5 3.627  -50.0   20.4    2.4   5  -21.2   9 0 0 1 1 2 0 14.7 1.4 14.4 1.5 80.0 100 100 20 408 0 143 0 401 402 400 0 0 0 60 50 WAIT_ACK 0 
b.1 2025-06-22 15:01:01.474 a 2025-06-22-15:01:00 118 232 300 0.1 1.9 2.8 13.7 1.3 726.3 0.00 0 0.0 17.3 24.1 24.4 3.627  -50.0   20.5    2.4   5  -21.2   9 0 0 1 1 2 0 14.7 1.3 14.4 1.4 80.0 100 100 20 408 0 143 0 400 401 399 0 0 0 60 50 WAIT_ACK 0 
b.1 2025-06-22 15:02:00.953 a 2025-06-22-15:01:59 208 232 251 1.6 2.2 2.7 13.7 1.2 726.3 0.00 0 0.0 17.2 24.1 24.5 3.626  -50.3   20.6    2.6   5  -21.0   9 0 0 1 1 2 0 14.7 1.4 14.4 1.4 80.0 100 100 20 408 0 144 0 401 401 400 0 0 0 60 50 WAIT_ACK 0 
b.1 2025-06-22 15:03:01.394 a 2025-06-22-15:03:00 080 220 280 0.1 1.1 2.7 13.7 1.6 726.3 0.00 0 0.0 17.5 24.1 24.5 3.627  -49.6   20.7    2.3   5  -20.9   9 0 0 1 1 2 0 14.8 1.2 14.4 1.3 80.0 100 100 20 408 0 143 0 401 401 400 0 0 0 59 50 WAIT_ACK 0 
b.1 2025-06-22 15:04:00.098 a 2025-06-22-15:03:59 142 239 313 0.1 1.7 2.7 13.7 1.1 726.4 0.00 0 0.0 17.6 24.1 24.5 3.627  -49.9   20.7    2.3   5  -20.9   9 0 0 1 1 2 0 14.8 1.3 14.5 1.5 80.0 100 100 20 408 0 143 0 401 401 400 0 0 0 60 50 WAIT_ACK 0 
b.1 2025-06-22 15:05:01.898 a 2025-06-22-15:05:00 113 235 282 0.2 1.0 2.1 13.7 2.1 726.4 0.00 0 0.0 17.8 24.1 24.5 3.627  -48.4   20.8    2.2   5  -21.0   0 0 0 1 1 2 0 14.8 1.2 14.5 1.3 80.0 100 100 20 408 0 143 0 401 401 400 0 0 0 60 50 WAIT_ACK 0 
b.1 2025-06-22 15:06:00.214 a 2025-06-22-15:05:59 214 253 290 0.1 1.1 1.7 13.8 1.7 726.4 0.00 0 0.0 18.1 24.1 24.5 3.627  -48.2   20.9    0.0   5  -20.9   5 0 0 1 1 2 0 14.8 1.2 14.5 1.4 80.0 100 100 20 408 0 143 0 401 401 399 0 0 0 59 50 WAIT_ACK 0 
b.1 2025-06-22 15:07:01.519 a 2025-06-22-15:07:00 090 296 204 0.0 0.7 1.8 13.8 1.5 726.4 0.00 0 0.0 18.6 24.1 24.5 3.627  -48.6   20.9    2.2   5  -21.1   5 0 0 1 1 2 0 14.9 1.5 14.5 1.4 80.0 100 100 20 408 0 143 0 401 401 400 0 0 0 60 50 WAIT_ACK 0 
b.1 2025-06-22 15:08:00.736 a 2025-06-22-15:07:59 255 274 294 0.6 2.1 3.0 13.9 1.4 726.4 0.00 0 0.0 18.4 24.1 24.5 3.627  -50.6   21.0    2.5   5  -20.9   5 0 0 1 1 2 0 14.8 1.4 14.5 1.4 80.0 100 100 20 408 0 144 0 401 401 399 0 0 0 60 50 WAIT_ACK 0 
b.1 2025-06-22 15:09:00.078 a 2025-06-22-15:08:59 253 275 302 0.9 1.8 2.8 13.9 1.4 726.4 0.00 0 0.0 18.3 24.1 24.5 3.635  -48.8   21.0    2.5   5  -20.6   8 0 0 1 1 2 0 14.8 1.3 14.5 1.3 80.0 100 100 20 408 0 143 0 401 401 400 0 0 0 59 50 WAIT_ACK 0 
b.1 2025-06-22 15:10:01.690 a 2025-06-22-15:10:00 248 287 348 0.5 1.7 2.3 13.9 1.6 726.4 0.00 0 0.0 18.5 24.1 24.5 3.633  -49.4   21.1    2.5   5  -20.7   8 0 0 1 1 2 0 14.8 1.4 14.6 1.3 80.0 100 100 20 408 0 143 0 400 401 400 0 0 0 60 50 WAIT_ACK 0 
b.1 2025-06-22 15:11:00.516 a 2025-06-22-15:10:59 213 266 317 0.5 1.7 3.2 13.9 1.8 726.5 0.00 0 0.0 18.4 24.1 24.5 3.627  -50.1   21.2    2.5   5  -20.5   8 0 0 1 1 2 0 14.8 1.3 14.6 1.4 80.0 100 100 20 408 0 143 0 401 401 399 0 0 0 59 50 WAIT_ACK 0 
b.1 2025-06-22 15:12:00.657 a 2025-06-22-15:11:59 235 284 283 0.0 0.9 2.2 13.9 1.4 726.5 0.00 0 0.0 18.8 24.1 24.5 3.635  -48.9   21.3    2.2   5  -20.8   8 0 0 1 1 2 0 14.9 1.4 14.6 1.3 80.0 100 100 20 408 0 143 0 401 401 399 0 0 0 59 50 WAIT_ACK 0 
b.1 2025-06-22 15:13:00.740 a 2025-06-22-15:12:59 228 260 291 0.3 1.4 2.3 13.9 1.5 726.5 0.00 0 0.0 18.8 24.1 24.5 3.627  -50.1   21.3    2.3   5  -20.7   8 0 0 1 1 2 0 14.9 1.3 14.6 1.4 80.0 100 100 20 408 0 143 0 402 401 400 0 0 0 60 50 WAIT_ACK 0 
b.1 2025-06-22 15:14:01.155 a 2025-06-22-15:14:00 135 252 291 0.2 1.6 2.4 13.9 1.6 726.5 0.00 0 0.0 18.9 24.1 24.5 3.627  -49.3   21.4    2.3   5  -20.5   8 0 0 1 1 2 0 14.9 1.3 14.7 1.4 80.0 100 100 20 408 0 143 0 401 401 399 0 0 0 60 50 WAIT_ACK 0 
b.1 2025-06-22 15:15:00.918 a 2025-06-22-15:14:59 014 263 121 0.2 0.8 1.9 14.0 1.1 726.5 0.00 0 0.0 19.2 24.1 24.5 3.631  -48.9   21.4    2.2   5  -20.5   0 0 0 1 1 2 0 15.0 1.4 14.7 1.3 80.0 100 100 20 408 0 144 0 401 401 399 0 0 0 60 50 WAIT_ACK 0 
b.1 2025-06-22 15:15:59.938 a 2025-06-22-15:15:58 093 221 269 0.2 0.8 1.5 14.0 1.8 726.5 0.00 0 0.0 19.5 24.1 24.4 3.626  -49.2   21.5    0.0   5  -20.6   5 0 0 1 1 2 0 15.0 1.3 14.7 1.2 80.0 100 100 20 408 0 143 0 401 401 399 0 0 0 60 50 WAIT_ACK 0 
b.1 2025-06-22 15:17:01.598 a 2025-06-22-15:17:00 129 231 270 0.3 1.3 2.2 14.1 1.8 726.5 0.00 0 0.0 19.7 24.1 24.5 3.627  -49.5   21.5    2.2   5  -20.4   5 0 0 1 1 2 0 15.0 1.3 14.7 1.3 80.0 100 100 20 408 0 143 0 401 401 399 0 0 0 59 50 WAIT_ACK 0 
b.1 2025-06-22 15:18:00.516 a 2025-06-22-15:17:59 147 233 284 0.8 1.7 2.3 14.1 1.2 726.5 0.00 0 0.0 19.7 24.1 24.5 3.627  -49.9   21.6    2.2   5  -20.2  10 0 0 1 1 2 0 15.0 1.4 14.8 1.4 80.0 100 100 20 408 0 144 0 401 401 400 0 0 0 60 50 WAIT_ACK 0 
b.1 2025-06-22 15:19:00.638 a 2025-06-22-15:18:59 133 240 277 0.2 1.9 2.9 14.1 1.1 726.5 0.00 0 0.0 19.5 24.1 24.5 3.627  -51.4   21.7    2.3   5  -20.3   8 0 0 1 1 2 0 15.1 1.4 14.8 1.4 80.0 100 100 20 408 0 144 0 401 401 400 0 0 0 59 50 WAIT_ACK 0 
b.1 2025-06-22 15:20:01.480 a 2025-06-22-15:20:00 126 241 292 0.4 1.8 3.0 14.1 1.8 726.5 0.00 0 0.0 19.4 24.1 24.5 3.627  -51.9   21.7    2.4   5  -20.1   8 0 0 1 1 2 0 15.1 1.3 14.8 1.4 80.0 100 100 20 408 0 144 0 401 401 399 0 0 0 60 50 WAIT_ACK 0 
b.1 2025-06-22 15:21:01.239 a 2025-06-22-15:21:00 090 236 274 0.1 1.4 2.4 14.1 1.4 726.5 0.00 0 0.0 19.5 24.1 24.5 3.626  -50.8   21.8    2.3   5  -20.2   8 0 0 1 1 2 0 15.2 1.3 14.9 1.4 80.0 100 100 20 408 0 144 0 401 401 399 0 0 0 59 50 WAIT_ACK 0 
b.1 2025-06-22 15:22:01.200 a 2025-06-22-15:22:00 214 237 266 1.2 1.9 2.5 14.2 1.6 726.5 0.00 0 0.0 19.4 24.1 24.4 3.628  -52.4   21.8    2.4   5  -20.0   8 0 0 1 1 2 0 15.2 1.3 14.9 1.5 80.0 100 100 20 408 0 143 0 401 401 399 0 0 0 59 50 WAIT_ACK 0 
b.1 2025-06-22 15:23:01.017 a 2025-06-22-15:22:59 093 228 270 0.1 1.2 1.9 14.1 1.7 726.6 0.00 0 0.0 19.6 24.1 24.5 3.627  -50.7   21.9    2.3   5  -19.9   8 0 0 1 1 2 0 15.3 1.4 14.9 1.5 80.0 100 100 20 408 0 143 0 401 401 400 0 0 0 59 50 WAIT_ACK 0 
b.1 2025-06-22 15:24:00.598 a 2025-06-22-15:23:59 132 233 338 0.2 1.3 2.3 14.2 2.4 726.6 0.00 0 0.0 19.8 24.1 24.5 3.627  -51.4   22.0    2.2   5  -19.9   8 0 0 1 1 2 0 15.3 1.4 14.9 1.5 80.0 100 100 20 408 0 143 0 401 401 400 0 0 0 59 50 WAIT_ACK 0 
b.1 2025-06-22 15:25:02.298 a 2025-06-22-15:25:01 132 208 238 0.5 1.4 2.3 14.2 1.4 726.6 0.00 0 0.0 19.8 24.1 24.5 3.627  -49.9   22.0    2.2   5  -19.7   8 0 0 1 1 2 0 15.3 1.6 14.9 1.7 80.0 100 100 20 408 0 143 0 401 401 399 0 0 0 60 50 WAIT_ACK 0 
b.1 2025-06-22 15:26:01.443 a 2025-06-22-15:26:00 173 211 246 0.2 1.2 1.7 14.2 1.6 726.5 0.00 0 0.0 20.0 24.1 24.5 3.627  -50.2   22.1    2.2   5  -19.6   8 0 0 1 1 2 0 15.3 1.8 15.0 1.8 80.0 100 100 20 408 0 143 0 401 401 399 0 0 0 60 50 WAIT_ACK 0 
b.1 2025-06-22 15:27:01.479 a 2025-06-22-15:27:00 051 177 257 0.0 0.8 1.8 14.2 3.0 726.6 0.00 0 0.0 20.5 24.1 24.4 3.628  -50.8   22.2    0.0   5  -19.7   8 0 0 1 1 2 0 15.3 1.9 15.0 1.9 80.0 100 100 20 408 0 143 0 401 401 400 0 0 0 59 50 WAIT_ACK 0 
b.1 2025-06-22 15:28:00.680 a 2025-06-22-15:27:59 196 219 246 0.9 2.1 2.8 14.3 1.9 726.6 0.00 0 0.0 20.3 24.1 24.5 3.633  -52.1   22.2    2.3   5  -19.6   8 0 0 1 1 2 0 15.4 1.9 15.0 2.1 80.0 100 100 20 408 0 143 0 401 401 400 0 0 0 59 50 WAIT_ACK 0 
b.1 2025-06-22 15:29:00.499 a 2025-06-22-15:28:59 205 231 267 1.6 2.2 2.7 14.3 1.2 726.6 0.00 0 0.0 19.9 24.1 24.5 3.627  -51.9   22.3    2.6   5  -19.3   8 0 0 1 1 2 0 15.4 1.7 15.0 1.8 80.0 100 100 20 408 0 143 0 401 401 400 0 0 0 60 50 WAIT_ACK 0 
b.1 2025-06-22 15:30:01.660 a 2025-06-22-15:30:00 218 246 286 1.3 2.2 3.0 14.3 1.7 726.6 0.00 0 0.0 19.7 24.1 24.5 3.627  -51.4   22.3    2.8   5  -19.0   8 0 0 1 1 2 0 15.5 1.7 15.1 1.8 80.0 100 100 20 408 0 143 0 401 401 400 0 0 0 59 50 WAIT_ACK 0 
b.1 2025-06-22 15:31:00.461 a 2025-06-22-15:30:59 204 232 246 1.5 2.2 3.2 14.3 1.3 726.6 0.00 0 0.0 19.6 24.1 24.5 3.633  -53.3   22.4    3.0   5  -19.0  12 0 0 1 1 2 0 15.5 1.6 15.1 1.8 80.0 100 100 20 408 0 143 0 401 401 399 0 0 0 60 50 WAIT_ACK 0 
b.1 2025-06-22 15:32:01.059 a 2025-06-22-15:32:00 096 203 250 0.1 1.7 2.8 14.3 1.4 726.5 0.00 0 0.0 19.6 24.1 24.5 3.627  -50.7   22.6    2.7   5  -18.9   9 0 0 1 1 2 0 15.5 1.7 15.1 1.8 80.0 100 100 20 408 0 143 0 401 401 400 0 0 0 59 50 WAIT_ACK 0 
b.1 2025-06-22 15:33:01.062 a 2025-06-22-15:32:59 143 216 311 0.1 1.6 2.6 14.3 2.2 726.5 0.00 0 0.0 19.9 24.1 24.5 3.627  -51.1   22.6    2.4   5  -19.0   9 0 0 1 1 2 0 15.5 1.8 15.1 2.0 80.0 100 100 20 408 0 143 0 401 402 399 0 0 0 60 50 WAIT_ACK 0 
b.1 2025-06-22 15:34:01.104 a 2025-06-22-15:33:59 096 204 310 0.1 0.8 1.9 14.4 2.5 726.5 0.00 0 0.0 20.3 24.1 24.5 3.627  -50.3   22.7    2.2   5  -18.8   9 0 0 1 1 2 0 15.5 1.9 15.2 1.9 80.0 100 100 20 408 0 143 0 401 401 399 0 0 0 59 50 WAIT_ACK 0 
b.1 2025-06-22 15:35:02.043 a 2025-06-22-15:35:00 062 202 291 0.1 1.2 2.5 14.5 1.8 726.5 0.00 0 0.0 20.7 24.1 24.5 3.627  -50.6   22.7    2.2   5  -18.9   5 0 0 1 1 2 0 15.6 2.1 15.2 2.1 80.0 100 100 20 408 0 143 0 401 401 399 0 0 0 60 50 WAIT_ACK 0 
b.1 2025-06-22 15:36:01.384 a 2025-06-22-15:36:00 047 222 257 0.1 1.1 2.6 14.6 2.2 726.5 0.00 0 0.0 21.0 24.1 24.5 3.627  -52.8   22.8    2.2   5  -18.9   5 0 0 1 1 2 0 15.6 2.0 15.2 2.1 80.0 100 100 20 408 0 143 0 400 402 400 0 0 0 59 50 WAIT_ACK 0 
b.1 2025-06-22 15:37:01.003 a 2025-06-22-15:36:59 090 195 260 0.1 1.0 2.2 14.7 3.0 726.5 0.00 0 0.0 21.3 24.1 24.4 3.626  -51.5   22.8    0.0   5  -19.1   5 0 0 1 1 2 0 15.7 1.9 15.3 2.0 80.0 100 100 20 408 0 143 0 401 402 399 0 0 0 59 50 WAIT_ACK 0 
b.1 2025-06-22 15:38:01.040 a 2025-06-22-15:38:00 116 218 259 0.1 1.6 2.7 14.7 2.1 726.5 0.00 0 0.0 21.3 24.1 24.5 3.626  -52.5   22.8    2.3   5  -18.9   6 0 0 1 1 2 0 15.7 2.2 15.4 2.1 80.0 100 100 20 408 0 143 0 401 401 399 0 0 0 59 50 WAIT_ACK 0 
b.1 2025-06-22 15:39:00.342 a 2025-06-22-15:38:59 203 230 258 0.8 2.1 3.1 14.7 1.5 726.5 0.00 0 0.0 21.0 24.1 24.4 3.627  -53.3   22.8    2.5   5  -18.7  13 0 0 1 1 2 0 15.7 2.0 15.4 2.1 80.0 100 100 20 408 0 143 0 401 401 399 0 0 0 59 50 WAIT_ACK 0 
b.1 2025-06-22 15:40:00.286 a 2025-06-22-15:39:59 100 215 261 0.1 1.3 2.8 14.8 2.8 726.5 0.00 0 0.0 21.1 24.1 24.4 3.634  -53.1   22.9    2.3   5  -18.8  10 0 0 1 1 2 0 15.7 1.8 15.4 1.9 80.0 100 100 20 408 0 143 0 401 401 400 0 0 0 59 50 WAIT_ACK 0 
b.1 2025-06-22 15:41:01.726 a 2025-06-22-15:41:00 157 208 235 0.7 1.6 2.5 14.8 2.8 726.5 0.00 0 0.0 21.0 24.1 24.5 3.634  -53.1   22.9    2.3   5  -18.6   5 0 0 1 1 2 0 15.8 2.0 15.5 2.1 80.0 100 100 20 408 0 143 0 401 401 400 0 0 0 59 50 WAIT_ACK 0 
b.1 2025-06-22 15:41:59.963 a 2025-06-22-15:41:58 270 200 286 0.1 1.2 3.0 14.8 1.9 726.5 0.00 0 0.0 21.4 24.1 24.4 3.627  -52.5   23.0    2.2   5  -18.8   5 0 0 1 1 2 0 15.9 2.0 15.5 2.1 80.0 100 100 20 408 0 143 0 401 401 400 0 0 0 60 50 WAIT_ACK 0 
b.1 2025-06-22 15:43:00.921 a 2025-06-22-15:42:59 188 217 249 1.2 2.3 3.3 14.8 2.1 726.5 0.00 0 0.0 21.0 24.1 24.5 3.627  -53.4   23.0    2.5   5  -18.6  11 0 0 1 1 2 0 15.9 2.1 15.5 2.2 80.0 100 100 20 408 0 143 0 401 401 399 0 0 0 59 50 WAIT_ACK 0 
b.1 2025-06-22 15:44:01.444 a 2025-06-22-15:44:00 211 230 257 0.6 2.7 3.5 14.8 2.1 726.6 0.00 0 0.0 20.4 24.1 24.5 3.626  -54.4   23.0    2.9   5  -18.3  10 0 0 1 1 2 0 15.8 1.9 15.5 2.1 80.0 100 100 20 408 0 143 0 401 401 400 0 0 0 59 50 WAIT_ACK 0 
b.1 2025-06-22 15:45:01.302 a 2025-06-22-15:45:00 200 219 264 0.6 2.4 2.8 14.7 1.9 726.6 0.00 0 0.0 20.2 24.1 24.5 3.627  -53.6   23.1    3.1   5  -18.3  10 0 0 1 1 2 0 15.8 1.9 15.5 2.1 80.0 100 100 20 408 0 143 0 401 401 400 0 0 0 59 50 WAIT_ACK 0 
b.1 2025-06-22 15:46:00.703 a 2025-06-22-15:45:59 103 227 300 0.2 1.4 2.2 14.7 3.0 726.6 0.00 0 0.0 20.6 24.1 24.5 3.626  -53.1   23.1    2.6   5  -18.3  10 0 0 1 1 2 0 15.9 2.1 15.5 2.3 80.0 100 100 20 408 0 143 0 401 402 399 0 0 0 59 50 WAIT_ACK 0 
b.1 2025-06-22 15:47:01.303 a 2025-06-22-15:47:00 099 214 249 0.1 1.3 2.9 14.7 3.3 726.6 0.00 0 0.0 20.9 24.1 24.4 3.628  -52.4   23.1    2.3   5  -18.4   5 0 0 1 1 2 0 15.9 2.3 15.5 2.6 80.0 100 100 20 408 0 143 0 400 401 399 0 0 0 60 50 WAIT_ACK 0 
b.1 2025-06-22 15:48:01.244 a 2025-06-22-15:48:00 018 240 098 0.1 1.7 2.8 14.8 2.9 726.6 0.00 0 0.0 21.0 24.1 24.5 3.626  -51.5   23.1    2.5   5  -18.4   5 0 0 1 1 2 0 15.9 2.4 15.6 2.5 80.0 100 100 20 408 0 143 0 401 401 400 0 0 0 59 50 WAIT_ACK 0 
b.1 2025-06-22 15:49:01.184 a 2025-06-22-15:49:00 087 225 270 0.1 1.7 3.8 14.8 2.6 726.6 0.00 0 0.0 20.6 24.1 24.5 3.627  -52.1   23.1    2.6   5  -18.1  13 0 0 1 1 2 0 16.0 2.5 15.6 2.5 80.0 100 100 20 408 0 143 0 401 401 400 0 0 0 59 50 WAIT_ACK 0 
b.1 2025-06-22 15:50:02.032 a 2025-06-22-15:50:00 023 228 298 0.0 0.9 3.0 14.8 3.4 726.6 0.00 0 0.0 21.2 24.1 24.5 3.633  -52.6   23.2    2.3   5  -18.4  10 0 0 1 1 2 0 15.9 2.4 15.6 2.7 80.0 100 100 20 408 0 143 0 401 401 400 0 0 0 59 50 WAIT_ACK 0 
b.1 2025-06-22 15:51:00.563 a 2025-06-22-15:50:59 104 245 308 0.2 1.9 3.5 14.9 2.9 726.6 0.00 0 0.0 21.1 24.1 24.5 3.627  -52.5   23.2    2.5   5  -18.5   5 0 0 1 1 2 0 16.0 2.4 15.6 2.5 80.0 100 100 20 408 0 143 0 401 402 400 0 0 0 59 50 WAIT_ACK 0 
b.1 2025-06-22 15:52:01.805 a 2025-06-22-15:52:00 074 225 262 0.1 1.5 2.7 14.9 2.5 726.6 0.00 0 0.0 21.3 24.1 24.5 3.627  -51.5   23.3    2.4   5  -18.3   5 0 0 1 1 2 0 16.0 2.5 15.6 2.6 80.0 100 100 20 408 0 143 0 401 401 400 0 0 0 60 50 WAIT_ACK 0 
b.1 2025-06-22 15:52:59.526 a 2025-06-22-15:52:58 304 178 000 0.0 0.5 1.5 14.9 3.7 726.6 0.00 0 0.0 22.2 24.1 24.5 3.627  -50.9   23.3    0.0   5  -18.3   5 0 0 1 1 2 0 16.0 2.7 15.7 2.7 80.0 100 100 20 408 0 143 0 401 401 400 0 0 0 60 50 WAIT_ACK 0 
b.1 2025-06-22 15:54:00.308 a 2025-06-22-15:53:59 049 177 314 0.0 0.5 1.8 15.0 5.1 726.6 0.00 0 0.0 23.1 24.1 24.5 3.627  -51.5   23.3    0.0   5  -18.0   5 0 0 1 1 2 0 16.1 2.7 15.7 2.7 80.0 100 100 20 408 0 143 0 401 401 400 0 0 0 59 50 WAIT_ACK 0 
b.1 2025-06-22 15:55:01.888 a 2025-06-22-15:55:00 180 147 326 0.1 0.5 1.7 15.2 5.1 726.6 0.00 0 0.0 23.9 24.1 24.5 3.627  -51.0   23.3    0.0   5  -17.8   5 0 0 1 1 2 0 16.1 2.8 15.8 3.1 80.0 100 100 20 408 0 143 0 400 402 399 0 0 0 60 50 WAIT_ACK 0 
b.1 2025-06-22 15:56:01.470 a 2025-06-22-15:56:00 084 204 282 0.2 1.3 2.4 15.3 3.5 726.6 0.00 0 0.0 23.8 24.1 24.4 3.627  -51.6   23.2    0.0   5  -17.8   5 0 0 1 1 2 0 16.1 3.0 15.8 3.0 80.0 100 100 20 408 0 143 0 401 402 400 0 0 0 59 50 WAIT_ACK 0 
b.1 2025-06-22 15:57:01.368 a 2025-06-22-15:57:00 145 221 304 0.1 1.2 3.9 15.3 4.3 726.6 0.00 0 0.0 24.2 24.1 24.5 3.627  -54.8   23.2    2.3   5  -17.8   5 0 0 1 1 2 0 16.1 3.2 15.8 3.2 80.0 100 100 20 408 0 143 0 400 402 399 0 0 0 60 50 WAIT_ACK 0 
b.1 2025-06-22 15:58:00.585 a 2025-06-22-15:57:59 090 214 259 0.2 1.4 3.9 15.4 3.7 726.5 0.00 0 0.0 23.6 24.1 24.5 3.627  -51.5   23.2    2.2   5  -17.8   6 0 0 1 1 2 0 16.1 3.2 15.8 3.2 80.0 100 100 20 408 0 143 0 401 401 399 0 0 0 60 50 WAIT_ACK 0 
b.1 2025-06-22 15:59:01.048 a 2025-06-22-15:58:59 145 203 297 0.1 1.9 3.9 15.5 3.1 726.6 0.00 0 0.0 23.3 24.1 24.5 3.626  -53.5   23.2    2.3   5  -17.7   6 0 0 1 1 2 0 16.2 3.4 15.9 3.4 80.0 100 100 20 408 0 143 0 401 401 399 0 0 0 60 50 WAIT_ACK 0 
b.1 2025-06-22 16:00:02.167 a 2025-06-22-16:00:01 083 190 287 0.1 0.9 2.7 15.4 3.6 726.6 0.00 0 0.0 23.3 24.1 24.4 3.626  -51.8   23.2    0.0   5  -17.8   6 0 0 1 1 2 0 16.2 3.5 15.9 3.5 80.0 100 100 20 408 0 143 0 401 401 400 0 0 0 59 50 WAIT_ACK 0 
b.1 2025-06-22 16:01:00.684 a 2025-06-22-16:00:59 080 195 327 0.0 1.0 3.0 15.4 4.5 726.5 0.00 0 0.0 23.6 24.1 24.5 3.626  -52.2   23.2    2.1   5  -17.9   6 0 0 1 1 2 0 16.2 3.5 15.9 3.6 80.0 100 100 20 408 0 143 0 401 401 400 0 0 0 59 50 WAIT_ACK 0 
b.1 2025-06-22 16:02:01.105 a 2025-06-22-16:01:59 312 215 350 0.0 0.6 1.4 15.5 3.8 726.5 0.00 0 0.0 24.2 24.1 24.4 3.626  -51.0   23.1    0.0   5  -17.9   6 0 0 1 1 2 0 16.3 3.7 16.0 3.7 80.0 100 100 20 408 0 143 0 401 401 399 0 0 0 60 50 WAIT_ACK 0 
b.1 2025-06-22 16:03:01.346 a 2025-06-22-16:03:00 125 205 250 0.1 1.7 3.2 15.5 4.7 726.5 0.00 0 0.0 24.1 24.1 24.5 3.634  -53.9   23.0    0.0   5  -18.0   6 0 0 1 1 2 0 16.3 3.6 16.0 3.7 80.0 100 100 20 408 0 143 0 401 401 400 0 0 0 59 50 WAIT_ACK 0 
b.1 2025-06-22 16:04:01.148 a 2025-06-22-16:04:00 097 203 289 0.1 1.9 4.2 15.5 3.8 726.6 0.00 0 0.0 23.5 24.1 24.5 3.627  -51.6   23.0    2.2   5  -17.8   6 0 0 1 1 2 0 16.3 3.8 16.0 3.7 80.0 100 100 20 408 0 143 0 400 401 399 0 0 0 60 50 WAIT_ACK 0 
b.1 2025-06-22 16:05:00.545 a 2025-06-22-16:04:59 077 189 280 0.1 1.9 4.7 15.5 4.3 726.6 0.00 0 0.0 23.2 24.1 24.5 3.626  -52.6   23.0    2.2   5  -17.8   6 0 0 1 1 2 0 16.3 3.8 16.1 3.8 80.0 100 100 20 408 0 143 0 401 401 400 0 0 0 60 50 WAIT_ACK 0 
b.1 2025-06-22 16:06:00.969 a 2025-06-22-16:05:59 255 180 299 0.1 1.6 4.2 15.5 4.2 726.6 0.00 0 0.0 23.0 24.1 24.5 3.627  -53.6   23.0    2.1   5  -18.0   6 0 0 1 1 2 0 16.3 3.8 16.1 3.8 80.0 100 100 20 408 0 143 0 401 401 400 0 0 0 59 50 WAIT_ACK 0 
b.1 2025-06-22 16:07:00.828 a 2025-06-22-16:06:59 055 191 277 0.1 1.5 3.7 15.6 4.1 726.6 0.00 0 0.0 23.3 24.1 24.5 3.626  -53.3   22.9    2.2   5  -18.0   6 0 0 1 1 2 0 16.3 4.0 16.1 4.0 80.0 100 100 20 408 0 143 0 401 401 400 0 0 0 59 50 WAIT_ACK 0 
b.1 2025-06-22 16:08:00.207 a 2025-06-22-16:07:59 122 208 250 0.3 2.4 3.7 15.6 3.1 726.6 0.00 0 0.0 22.7 24.1 24.5 3.626  -53.7   22.9    2.4   5  -17.9   6 0 0 1 1 2 0 16.4 3.8 16.1 3.9 80.0 100 100 20 408 0 143 0 400 401 399 0 0 0 60 50 WAIT_ACK 0 
b.1 2025-06-22 16:09:00.168 a 2025-06-22-16:08:59 170 210 242 0.7 2.7 3.9 15.5 3.4 726.6 0.00 0 0.0 21.9 24.1 24.5 3.626  -55.2   22.9    2.8   5  -17.8  11 0 0 1 1 2 0 16.4 4.0 16.1 3.9 80.0 100 100 20 408 0 143 0 401 401 399 0 0 0 60 50 WAIT_ACK 0 
b.1 2025-06-22 16:10:01.326 a 2025-06-22-16:10:00 270 192 307 0.1 1.4 2.6 15.4 4.2 726.6 0.00 0 0.0 22.2 24.1 24.5 3.626  -51.9   22.9    2.3   5  -17.8   8 0 0 1 1 2 0 16.4 3.8 16.1 3.8 80.0 100 100 20 408 0 143 0 401 401 399 0 0 0 59 50 WAIT_ACK 0 
b.1 2025-06-22 16:11:00.766 a 2025-06-22-16:10:59 005 182 302 0.1 1.5 2.7 15.4 4.6 726.6 0.00 0 0.0 22.6 24.1 24.5 3.626  -52.6   22.9    2.3   5  -17.6   8 0 0 1 1 2 0 16.4 3.7 16.1 3.8 80.0 100 100 20 408 0 143 0 401 401 400 0 0 0 59 50 WAIT_ACK 0 
b.1 2025-06-22 16:12:01.232 a 2025-06-22-16:12:00 101 228 279 0.4 2.2 3.2 15.4 3.7 726.6 0.00 0 0.0 22.5 24.1 24.5 3.626  -54.5   23.0    2.5   6  -17.4   8 0 0 1 1 2 0 16.4 3.8 16.1 3.8 80.0 100 100 20 408 0 143 0 401 401 399 0 0 0 59 50 WAIT_ACK 0 
b.1 2025-06-22 16:13:00.667 a 2025-06-22-16:12:59 024 241 118 0.3 2.0 3.7 15.4 3.7 726.6 0.00 0 0.0 22.3 24.1 24.5 3.627  -55.7   23.0    2.6   6  -17.3   8 0 0 1 1 2 0 16.4 3.8 16.1 3.9 80.0 100 100 20 408 0 143 0 401 401 399 0 0 0 60 50 WAIT_ACK 0 
b.1 2025-06-22 16:14:01.086 a 2025-06-22-16:13:59 003 316 087 0.1 1.3 3.6 15.4 4.0 726.6 0.00 0 0.0 22.6 24.1 24.5 3.626  -53.7   23.1    2.4   6  -17.4   8 0 0 1 1 2 0 16.5 3.7 16.1 3.9 80.0 100 100 20 408 0 143 0 401 401 399 0 0 0 59 50 WAIT_ACK 0 
b.1 2025-06-22 16:15:01.609 a 2025-06-22-16:15:00 311 215 342 0.2 1.3 4.4 15.4 4.1 726.6 0.00 0 0.0 22.8 24.1 24.4 3.627  -52.8   23.1    2.3   5  -17.6   5 0 0 1 1 2 0 16.5 3.8 16.2 3.8 80.0 100 100 20 408 0 143 0 401 401 399 0 0 0 60 50 WAIT_ACK 0 
b.1 2025-06-22 16:16:01.088 a 2025-06-22-16:15:59 279 233 290 0.1 2.1 4.9 15.5 4.3 726.6 0.00 0 0.0 22.7 24.1 24.5 3.627  -55.4   23.0    2.4   5  -17.6   5 0 0 1 1 2 0 16.5 3.7 16.2 3.9 80.0 100 100 20 408 0 143 0 401 401 400 0 0 0 60 50 WAIT_ACK 0 
b.1 2025-06-22 16:17:00.729 a 2025-06-22-16:16:59 118 243 277 0.4 2.6 4.3 15.6 3.6 726.6 0.00 0 0.0 22.3 24.1 24.4 3.626  -53.8   23.0    2.8   6  -17.4   8 0 0 1 1 2 0 16.5 3.8 16.2 3.8 80.0 100 100 20 408 0 143 0 401 401 400 0 0 0 59 50 WAIT_ACK 0 
b.1 2025-06-22 16:18:00.608 a 2025-06-22-16:17:59 088 232 264 0.1 2.0 4.4 15.6 3.9 726.6 0.00 0 0.0 22.3 24.1 24.5 3.628  -53.3   23.1    2.7   5  -17.6   8 0 0 1 1 2 0 16.5 3.7 16.2 3.9 80.0 100 100 20 408 0 143 0 401 401 400 0 0 0 60 50 WAIT_ACK 0 
b.1 2025-06-22 16:19:01.309 a 2025-06-22-16:19:00 108 222 277 0.2 2.0 3.9 15.6 3.8 726.6 0.00 0 0.0 22.4 24.1 24.4 3.633  -54.6   23.0    2.5   6  -17.5   8 0 0 1 1 2 0 16.5 3.9 16.2 4.0 80.0 100 100 20 408 0 143 0 401 401 399 0 0 0 60 50 WAIT_ACK 0 
b.1 2025-06-22 16:20:00.190 a 2025-06-22-16:19:59 137 238 277 0.7 3.2 5.0 15.6 4.2 726.6 0.00 0 0.0 21.8 24.1 24.5 3.627  -54.5   23.0    3.3   6  -17.3   8 0 0 1 1 2 0 16.5 4.0 16.3 4.1 80.0 100 100 20 408 0 143 0 401 402 399 0 0 0 59 50 WAIT_ACK 0 
b.1 2025-06-22 16:21:00.714 a 2025-06-22-16:20:59 104 235 338 0.2 2.4 5.6 15.5 4.5 726.6 0.00 0 0.0 21.7 24.1 24.5 3.626  -54.4   23.1    3.4   6  -17.3   8 0 0 1 1 2 0 16.5 4.0 16.3 4.1 80.0 100 100 20 408 0 143 0 401 401 400 0 0 0 59 50 WAIT_ACK 0 
b.1 2025-06-22 16:22:01.091 a 2025-06-22-16:21:59 199 232 261 1.0 3.0 4.2 15.5 3.5 726.6 0.00 0 0.0 21.5 24.1 24.5 3.634  -55.8   23.1    3.9   6  -17.2   9 0 0 1 1 2 0 16.5 4.0 16.3 4.1 80.0 100 100 20 408 0 143 0 401 401 400 0 0 0 60 50 WAIT_ACK 0 
b.1 2025-06-22 16:23:01.049 a 2025-06-22-16:22:59 112 239 275 0.2 2.2 4.6 15.5 4.0 726.6 0.00 0 0.0 21.5 24.1 24.4 3.627  -55.4   23.1    3.4   6  -17.3  10 0 0 1 1 2 0 16.5 4.0 16.3 4.0 80.0 100 100 20 408 0 143 0 401 401 400 0 0 0 60 50 WAIT_ACK 0 
b.1 2025-06-22 16:24:02.030 a 2025-06-22-16:24:00 191 220 242 2.4 3.5 4.5 15.5 4.1 726.6 0.00 0 0.0 21.2 24.1 24.5 3.626  -55.5   23.1    4.4   6  -17.1  10 0 0 1 1 2 0 16.5 4.1 16.3 4.1 80.0 100 100 20 408 0 143 0 401 401 399 0 0 0 59 50 WAIT_ACK 0 
b.1 2025-06-22 16:25:02.029 a 2025-06-22-16:25:00 191 220 249 2.0 3.1 4.2 15.5 4.2 726.6 0.00 0 0.0 21.0 24.1 24.5 3.629  -54.3   23.1    4.3   6  -17.0  10 0 0 1 1 2 0 16.5 4.1 16.3 4.2 80.0 100 100 20 408 0 143 0 401 401 400 0 0 0 59 50 WAIT_ACK 0 
b.1 2025-06-22 16:26:01.569 a 2025-06-22-16:26:00 203 207 295 0.1 1.4 2.8 15.4 5.0 726.6 0.00 0 0.0 21.7 24.1 24.5 3.627  -52.2   23.1    2.8   6  -17.0   0 0 0 1 1 2 0 16.5 4.2 16.3 4.3 80.0 100 100 20 408 0 143 0 402 401 400 0 0 0 60 50 WAIT_ACK 0 
b.1 2025-06-22 16:27:01.051 a 2025-06-22-16:26:59 020 185 112 0.0 0.5 1.4 15.5 5.7 726.6 0.00 0 0.0 23.0 24.1 24.5 3.626  -51.7   23.1    2.2   6  -16.8   5 0 0 1 1 2 0 16.5 4.3 16.3 4.4 80.0 100 100 20 408 0 143 0 401 401 399 0 0 0 59 50 WAIT_ACK 0 
b.1 2025-06-22 16:28:02.117 a 2025-06-22-16:28:01 098 188 310 0.1 0.7 1.8 15.7 6.2 726.6 0.00 0 0.0 24.0 24.1 24.4 3.627  -51.7   23.1    0.0   6  -16.6   5 0 0 1 1 2 0 16.5 4.4 16.4 4.6 80.0 100 100 20 408 0 143 0 401 402 400 0 0 0 60 50 WAIT_ACK 0 
b.1 2025-06-22 16:29:01.512 a 2025-06-22-16:29:00 110 201 279 0.3 2.3 5.4 15.9 4.4 726.6 0.00 0 0.0 23.5 24.1 24.4 3.627  -51.9   23.1    2.4   6  -16.3   5 0 0 1 1 2 0 16.5 4.7 16.4 4.7 80.0 100 100 20 408 0 143 0 401 401 400 0 0 0 59 50 WAIT_ACK 0 
b.1 2025-06-22 16:30:01.453 a 2025-06-22-16:30:00 006 206 084 0.1 1.8 3.2 16.0 4.7 726.7 0.00 0 0.0 23.7 24.1 24.5 3.626  -53.2   23.2    2.3   6  -16.4  10 0 0 1 1 2 0 16.6 4.7 16.4 4.8 80.0 100 100 20 408 0 143 0 401 402 399 0 0 0 59 50 WAIT_ACK 0 
b.1 2025-06-22 16:31:00.892 a 2025-06-22-16:30:59 148 211 303 0.2 1.8 3.7 16.0 5.1 726.6 0.00 0 0.0 23.6 24.1 24.5 3.626  -53.4   23.3    2.3   6  -16.3   7 0 0 1 1 2 0 16.6 4.8 16.5 4.8 80.0 100 100 20 408 0 143 0 400 401 399 0 0 0 59 50 WAIT_ACK 0 
b.1 2025-06-22 16:32:01.354 a 2025-06-22-16:32:00 130 221 274 0.3 1.9 3.3 16.0 4.8 726.6 0.00 0 0.0 23.7 24.1 24.5 3.627  -52.9   23.3    2.4   6  -16.1   7 0 0 1 1 2 0 16.7 4.8 16.5 4.9 80.0 100 100 20 408 0 143 0 401 401 399 0 0 0 59 50 WAIT_ACK 0 
b.1 2025-06-22 16:33:01.252 a 2025-06-22-16:33:00 118 216 301 0.1 1.3 3.2 16.1 6.2 726.7 0.00 0 0.0 24.3 24.1 24.5 3.626  -53.0   23.4    2.2   6  -15.9   7 0 0 1 1 2 0 16.7 5.0 16.5 4.9 80.0 100 100 20 408 0 143 0 402 401 400 0 0 0 59 50 WAIT_ACK 0 
b.1 2025-06-22 16:34:01.953 a 2025-06-22-16:34:00 096 202 271 0.1 1.2 3.5 16.2 5.8 726.7 0.00 0 0.0 24.9 24.1 24.5 3.628  -52.5   23.5    2.2   6  -15.6   5 0 0 1 1 2 0 16.7 5.1 16.5 5.3 80.0 100 100 20 408 0 144 0 402 401 400 0 0 0 60 50 WAIT_ACK 0 
b.1 2025-06-22 16:35:02.174 a 2025-06-22-16:35:00 020 235 047 0.2 1.7 3.5 16.3 5.8 726.7 0.00 0 0.0 24.7 24.1 24.5 3.634  -53.0   23.6    2.2   6  -15.6   5 0 0 1 1 2 0 16.8 5.1 16.6 5.2 80.0 100 100 20 408 0 143 0 401 401 399 0 0 0 60 50 WAIT_ACK 0 
b.1 2025-06-22 16:36:00.374 a 2025-06-22-16:35:59 072 272 304 0.2 1.6 4.8 16.4 5.1 726.7 0.00 0 0.0 24.4 24.1 24.5 3.627  -53.2   23.7    2.3   6  -15.9   6 0 0 1 1 2 0 16.8 5.0 16.6 5.1 80.0 100 100 20 408 0 143 0 401 401 399 0 0 0 60 50 WAIT_ACK 0 
b.1 2025-06-22 16:37:00.933 a 2025-06-22-16:36:59 074 226 342 0.2 1.6 4.5 16.4 5.0 726.7 0.00 0 0.0 24.1 24.1 24.5 3.627  -53.2   23.7    2.3   6  -15.9   6 0 0 1 1 2 0 16.8 5.0 16.6 5.1 80.0 100 100 20 408 0 143 0 402 401 400 0 0 0 59 50 WAIT_ACK 0 
b.1 2025-06-22 16:38:00.374 a 2025-06-22-16:37:59 101 226 308 0.2 2.2 3.9 16.3 5.1 726.7 0.00 0 0.0 23.7 24.1 24.5 3.633  -52.9   23.6    2.5   6  -15.9   8 0 0 1 1 2 0 16.8 4.9 16.6 5.0 80.0 100 100 20 408 0 143 0 402 401 400 0 0 0 60 50 WAIT_ACK 0 
b.1 2025-06-22 16:39:01.013 a 2025-06-22-16:38:59 270 213 275 0.2 2.2 5.0 16.3 5.4 726.7 0.00 0 0.0 23.6 24.1 24.5 3.626  -56.1   23.6    2.7   6  -15.9   8 0 0 1 1 2 0 16.8 5.1 16.6 5.2 80.0 100 100 20 408 0 143 0 401 401 399 0 0 0 60 50 WAIT_ACK 0 
b.1 2025-06-22 16:40:01.391 a 2025-06-22-16:40:00 198 228 271 1.6 3.2 4.7 16.2 5.0 726.7 0.00 0 0.0 22.9 24.1 24.5 3.626  -60.9   23.5    3.4   6  -15.8   8 0 0 1 1 2 0 16.7 5.2 16.6 5.2 80.0 100 100 20 408 0 143 0 402 401 400 0 0 0 60 50 WAIT_ACK 0 
b.1 2025-06-22 16:41:00.877 a 2025-06-22-16:40:59 182 221 276 0.3 1.9 2.9 16.2 5.5 726.7 0.00 0 0.0 23.3 24.1 24.5 3.626  -53.5   23.6    2.8   6  -15.6   8 0 0 1 1 2 0 16.8 5.2 16.6 5.3 80.0 100 100 20 408 0 143 0 401 401 400 0 0 0 60 50 WAIT_ACK 0 
b.1 2025-06-22 16:42:00.592 a 2025-06-22-16:41:59 123 211 254 0.3 2.0 2.9 16.3 5.5 726.7 0.00 0 0.0 23.5 24.1 24.5 3.626  -53.4   23.5    2.5   6  -15.6   8 0 0 1 1 2 0 16.8 5.4 16.7 5.6 80.0 100 100 20 408 0 143 0 400 402 400 0 0 0 60 50 WAIT_ACK 0 
b.1 2025-06-22 16:43:01.335 a 2025-06-22-16:43:00 202 232 290 0.1 3.2 5.5 16.3 5.2 726.7 0.00 0 0.0 23.1 24.1 24.5 3.626  -54.8   23.6    3.3   6  -15.5   8 0 0 1 1 2 0 16.8 5.6 16.7 5.6 80.0 100 100 20 408 0 143 0 401 402 399 0 0 0 60 50 WAIT_ACK 0 
b.1 2025-06-22 16:44:00.812 a 2025-06-22-16:43:59 077 229 295 0.2 2.1 4.1 16.4 4.8 726.7 0.00 0 0.0 23.3 24.1 24.5 3.633  -55.8   23.6    3.0   6  -15.5   8 0 0 1 1 2 0 16.9 5.4 16.7 5.6 80.0 100 100 20 408 0 143 0 401 401 399 0 0 0 60 50 WAIT_ACK 0 
b.1 2025-06-22 16:45:00.813 a 2025-06-22-16:44:59 115 227 270 0.3 2.8 4.1 16.4 4.7 726.7 0.00 0 0.0 23.2 24.1 24.5 3.626  -53.3   23.6    3.2   6  -15.5   8 0 0 1 1 2 0 16.9 5.5 16.7 5.5 80.0 100 100 20 408 0 143 0 401 401 399 0 0 0 60 50 WAIT_ACK 0 
b.1 2025-06-22 16:46:01.173 a 2025-06-22-16:46:00 112 246 289 0.5 3.4 5.7 16.3 5.3 726.8 0.00 0 0.0 22.6 24.1 24.4 3.627  -57.5   23.6    4.4   6  -15.6   8 0 0 1 1 2 0 17.0 5.2 16.8 5.3 80.0 100 100 20 408 0 143 0 400 402 399 0 0 0 60 50 WAIT_ACK 0 
b.1 2025-06-22 16:47:01.273 a 2025-06-22-16:47:00 010 243 127 0.4 2.9 4.8 16.3 4.8 726.7 0.00 0 0.0 22.3 24.1 24.5 3.627  -57.8   23.6    4.6   6  -15.9  11 0 0 1 1 2 0 17.0 5.1 16.8 5.1 80.0 100 100 20 408 0 143 0 401 401 400 0 0 0 59 50 WAIT_ACK 0 
b.1 2025-06-22 16:48:01.134 a 2025-06-22-16:47:59 189 225 243 2.4 3.6 5.1 16.2 4.5 726.8 0.00 0 0.0 21.9 24.1 24.5 3.627  -56.7   23.6    5.5   6  -15.7  10 0 0 1 1 2 0 16.9 4.9 16.8 5.0 80.0 100 100 20 408 0 143 0 401 401 400 0 0 0 60 50 WAIT_ACK 0 
b.1 2025-06-22 16:49:01.134 a 2025-06-22-16:48:59 121 226 305 0.4 2.8 5.6 16.0 4.5 726.8 0.00 0 0.0 22.1 24.1 24.4 3.626  -57.8   23.6    4.8   6  -15.6  10 0 0 1 1 2 0 16.9 4.9 16.7 4.9 80.0 100 100 20 408 0 143 0 401 401 400 0 0 0 60 50 WAIT_ACK 0 
b.1 2025-06-22 16:50:01.177 a 2025-06-22-16:50:00 201 232 266 0.8 4.4 6.3 16.0 5.2 726.7 0.00 0 0.0 21.6 24.1 24.5 3.627  -57.6   23.6    6.8   6  -15.5  14 0 0 1 1 2 0 16.9 4.8 16.7 4.9 80.0 100 100 20 408 0 117 0 400 401 399 0 0 0 59 50 WAIT_ACK 0 
b.1 2025-06-22 16:51:01.654 a 2025-06-22-16:51:00 215 236 270 2.2 4.5 6.1 16.1 4.3 726.8 0.00 0 0.0 21.1 24.1 24.5 3.627  -57.5   23.6    9.8   6  -15.6  12 0 0 1 1 2 0 16.9 4.5 16.7 4.6 80.0 100 100 20 408 0 121 0 401 401 399 0 0 0 60 50 WAIT_ACK 0 
b.1 2025-06-22 16:52:01.516 a 2025-06-22-16:52:00 213 251 286 0.6 3.9 6.6 16.0 4.3 726.7 0.00 0 0.0 21.1 24.1 24.4 3.627  -53.8   23.6    9.9   6  -15.8  12 0 0 1 1 2 0 16.8 4.4 16.7 4.4 80.0 100 100 20 408 0 144 0 400 401 400 0 0 0 59 50 WAIT_ACK 0 
b.1 2025-06-22 16:53:01.516 a 2025-06-22-16:53:00 097 239 344 0.2 2.0 3.6 15.9 4.6 726.8 0.00 0 0.0 21.8 24.1 24.5 3.627  -53.2   23.6    4.7   6  -16.1   5 0 0 1 1 2 0 16.9 4.4 16.7 4.4 80.0 100 100 20 408 0 144 0 400 401 399 0 0 0 59 50 WAIT_ACK 0 
b.1 2025-06-22 16:54:00.134 a 2025-06-22-16:53:59 111 229 295 0.2 2.8 5.5 15.9 5.0 726.8 0.00 0 0.0 22.2 24.1 24.4 3.633  -56.1   23.6    4.6   6  -16.1   9 0 0 1 1 2 0 16.8 4.5 16.6 4.6 80.0 100 100 20 408 0 144 0 401 402 399 0 0 0 59 50 WAIT_ACK 0 
b.1 2025-06-22 16:55:01.055 a 2025-06-22-16:54:59 168 215 292 0.2 3.6 6.1 16.0 4.4 726.7 0.00 0 0.0 21.7 24.1 24.5 3.627  -53.6   23.5    5.1   6  -16.1  10 0 0 1 1 2 0 16.8 4.6 16.6 4.6 80.0 100 100 20 408 0 143 0 401 401 400 0 0 0 59 50 WAIT_ACK 0 
b.1 2025-06-22 16:56:00.536 a 2025-06-22-16:55:59 096 205 258 0.3 2.3 4.8 16.1 4.4 726.8 0.00 0 0.0 22.3 24.1 24.4 3.627  -55.2   23.5    3.9   6  -16.2  10 0 0 1 1 2 0 16.8 4.5 16.7 4.6 80.0 100 100 20 408 0 143 0 401 401 400 0 0 0 60 50 WAIT_ACK 0 
b.1 2025-06-22 16:57:01.555 a 2025-06-22-16:57:00 281 171 338 0.1 1.9 4.7 16.1 3.7 726.8 0.00 0 0.0 22.7 24.1 24.5 3.633  -53.8   23.4    2.8   6  -16.3   0 0 0 1 1 2 0 16.8 4.7 16.7 4.6 80.0 100 100 20 408 0 143 0 402 401 400 0 0 0 60 50 WAIT_ACK 0 
b.1 2025-06-22 16:58:01.634 a 2025-06-22-16:58:00 090 185 329 0.1 1.0 4.3 16.1 5.3 726.8 0.00 0 0.0 23.9 24.1 24.5 3.627  -54.9   23.4    2.3   6  -16.4   5 0 0 1 1 2 0 16.8 4.6 16.7 4.7 80.0 100 100 20 408 0 143 0 401 402 400 0 0 0 60 50 WAIT_ACK 0 
b.1 2025-06-22 16:59:00.157 a 2025-06-22-16:58:59 100 235 344 0.2 2.6 5.1 16.4 4.2 726.8 0.00 0 0.0 23.6 24.1 24.5 3.624  -53.7   23.4    2.6   6  -16.5   5 0 0 1 1 2 0 16.9 4.6 16.8 4.6 80.0 100 100 20 408 0 143 0 401 401 399 0 0 0 60 50 WAIT_ACK 0 
b.1 2025-06-22 17:00:00.858 a 2025-06-22-16:59:59 136 241 297 0.4 3.5 6.1 16.4 3.8 726.8 0.00 0 0.0 22.9 24.1 24.5 3.626  -57.2   23.4    3.6   6  -16.5   8 0 0 1 1 2 0 16.9 4.4 16.8 4.5 80.0 100 100 20 408 0 144 0 400 401 399 0 0 0 60 50 WAIT_ACK 0 
b.1 2025-06-22 17:01:01.453 a 2025-06-22-17:01:00 108 236 316 0.4 3.1 6.0 16.4 3.8 726.9 0.00 0 0.0 22.7 24.1 24.4 3.626  -55.5   23.4    4.0   6  -16.8  12 0 0 1 1 2 0 16.9 4.2 16.8 4.3 80.0 100 100 20 408 0 143 0 401 401 400 0 0 0 59 50 WAIT_ACK 0 
b.1 2025-06-22 17:02:01.358 a 2025-06-22-17:02:00 149 229 319 0.2 2.5 5.5 16.3 3.7 726.9 0.00 0 0.0 22.7 24.1 24.5 3.627  -53.3   23.4    3.6   6  -16.9   9 0 0 1 1 2 0 17.0 4.0 16.8 4.0 80.0 100 100 20 408 0 143 0 401 401 399 0 0 0 59 50 WAIT_ACK 0 
b.1 2025-06-22 17:03:01.318 a 2025-06-22-17:03:00 273 200 324 0.1 1.0 2.8 16.2 4.5 726.8 0.00 0 0.0 23.7 24.1 24.5 3.627  -53.1   23.4    2.5   6  -17.0   5 0 0 1 1 2 0 16.9 4.0 16.8 4.1 80.0 100 100 20 408 0 143 0 401 401 400 0 0 0 60 50 WAIT_ACK 0 
b.1 2025-06-22 17:04:00.756 a 2025-06-22-17:03:59 108 216 290 0.2 1.9 5.3 16.3 4.4 726.8 0.00 0 0.0 24.0 24.1 24.5 3.626  -57.0   23.3    2.6   6  -17.2   5 0 0 1 1 2 0 16.8 4.0 16.7 4.1 80.0 100 100 20 408 0 143 0 400 401 399 0 0 0 60 50 WAIT_ACK 0 
b.1 2025-06-22 17:05:01.779 a 2025-06-22-17:05:00 097 233 292 0.2 3.0 5.6 16.4 4.3 726.8 0.00 0 0.0 23.6 24.1 24.5 3.626  -54.6   23.3    3.0   6  -17.1   5 0 0 1 1 2 0 16.8 4.0 16.7 4.0 80.0 100 100 20 408 0 143 0 401 401 400 0 0 0 59 50 WAIT_ACK 0 
b.1 2025-06-22 17:06:01.319 a 2025-06-22-17:06:00 145 218 261 1.2 2.9 4.4 16.5 4.3 726.8 0.00 0 0.0 23.5 24.1 24.5 3.627  -55.6   23.2    3.1   6  -17.0   7 0 0 1 1 2 0 16.8 4.1 16.8 4.1 80.0 100 100 20 408 0 143 0 401 401 400 0 0 0 60 50 WAIT_ACK 0 
b.1 2025-06-22 17:07:00.619 a 2025-06-22-17:06:59 007 255 111 0.4 3.0 6.1 16.5 4.3 726.8 0.00 0 0.0 23.3 24.1 24.5 3.627  -53.8   23.2    3.5   6  -17.0   7 0 0 1 1 2 0 16.9 4.2 16.8 4.2 80.0 100 100 20 408 0 143 0 401 401 400 0 0 0 60 50 WAIT_ACK 0 
b.1 2025-06-22 17:08:01.217 a 2025-06-22-17:08:00 050 224 085 0.2 1.8 4.1 16.6 4.5 726.8 0.00 0 0.0 23.7 24.1 24.5 3.626  -54.0   23.2    2.8   6  -17.2   7 0 0 1 1 2 0 16.9 4.1 16.8 4.1 80.0 100 100 20 408 0 143 0 402 401 400 0 0 0 60 50 WAIT_ACK 0 
b.1 2025-06-22 17:09:01.598 a 2025-06-22-17:09:00 082 218 354 0.2 2.3 6.2 16.7 5.0 726.8 0.00 0 0.0 23.9 24.1 24.5 3.627  -52.2   23.2    2.6   6  -17.0   7 0 0 1 1 2 0 16.9 4.2 16.8 4.3 80.0 100 100 20 408 0 143 0 401 401 399 0 0 0 60 50 WAIT_ACK 0 
b.1 2025-06-22 17:10:00.621 a 2025-06-22-17:09:59 083 225 257 0.3 3.7 7.0 16.7 3.8 726.8 0.00 0 0.0 23.4 24.1 24.4 3.627  -56.2   23.1    3.6   6  -16.9   7 0 0 1 1 2 0 16.9 4.3 16.8 4.2 80.0 100 100 20 408 0 143 0 401 402 400 0 0 0 59 50 WAIT_ACK 0 
b.1 2025-06-22 17:11:00.059 a 2025-06-22-17:10:58 053 233 340 0.3 2.7 5.4 16.7 4.1 726.8 0.00 0 0.0 23.3 24.1 24.5 3.627  -58.4   23.1    3.5   6  -17.0   7 0 0 1 1 2 0 17.0 4.3 16.9 4.3 80.0 100 100 20 408 0 143 0 400 401 399 0 0 0 60 50 WAIT_ACK 0 
b.1 2025-06-22 17:12:01.638 a 2025-06-22-17:12:00 015 220 279 0.2 1.9 4.0 16.7 5.0 726.8 0.00 0 0.0 23.8 24.1 24.5 3.627  -54.6   23.1    2.7   6  -16.9   7 0 0 1 1 2 0 17.0 4.2 16.9 4.3 80.0 100 100 20 408 0 143 0 401 401 399 0 0 0 60 50 WAIT_ACK 0 
b.1 2025-06-22 17:13:02.338 a 2025-06-22-17:13:01 012 236 068 0.2 2.2 5.6 16.9 4.4 726.8 0.00 0 0.0 24.1 24.1 24.5 3.628  -52.1   23.2    2.7   6  -17.0   0 0 0 1 1 2 0 17.0 4.2 17.0 4.2 80.0 100 100 20 408 0 143 0 402 401 399 0 0 0 60 50 WAIT_ACK 0 
b.1 2025-06-22 17:14:00.417 a 2025-06-22-17:13:59 130 224 340 0.2 3.5 5.6 16.9 3.7 726.9 0.00 0 0.0 23.6 24.1 24.5 3.627  -54.9   23.2    3.7   6  -16.7   5 0 0 1 1 2 0 17.0 4.2 17.0 4.1 80.0 100 100 20 408 0 143 0 400 402 400 0 0 0 60 50 WAIT_ACK 0 
b.1 2025-06-22 17:15:00.838 a 2025-06-22-17:14:59 114 234 276 0.3 3.8 5.5 16.8 3.6 726.9 0.00 0 0.0 22.9 24.1 24.5 3.627  -55.7   23.3    5.0   6  -16.6   9 0 0 1 1 2 0 17.0 4.1 16.9 4.1 80.0 100 100 20 408 0 143 0 401 401 400 0 0 0 59 50 WAIT_ACK 0 
b.1 2025-06-22 17:16:01.903 a 2025-06-22-17:16:00 034 223 187 0.2 3.0 5.3 16.7 3.8 726.9 0.00 0 0.0 22.9 24.1 24.5 3.633  -57.7   23.4    4.5   6  -16.8   9 0 0 1 1 2 0 17.0 3.9 16.9 4.0 80.0 100 100 20 408 0 143 0 401 401 400 0 0 0 59 50 WAIT_ACK 0 
b.1 2025-06-22 17:17:01.861 a 2025-06-22-17:17:00 100 235 290 0.1 1.9 4.6 16.7 3.8 726.9 0.00 0 0.0 23.3 24.1 24.4 3.633  -57.4   23.4    3.4   6  -16.8   9 0 0 1 1 2 0 17.0 3.9 16.9 4.0 80.0 100 100 20 408 0 143 0 401 402 400 0 0 0 60 50 WAIT_ACK 0 
b.1 2025-06-22 17:18:00.417 a 2025-06-22-17:17:59 080 244 309 0.5 3.8 6.5 16.6 4.3 727.0 0.00 0 0.0 22.8 24.1 24.4 3.626  -55.8   23.4    4.8   6  -17.0   9 0 0 1 1 2 0 17.0 3.9 16.9 3.9 80.0 100 100 20 408 0 143 0 401 401 399 0 0 0 60 50 WAIT_ACK 0 
b.1 2025-06-22 17:19:01.621 a 2025-06-22-17:19:00 049 237 288 0.3 2.5 5.1 16.5 3.8 727.0 0.00 0 0.0 23.2 24.1 24.5 3.626  -54.7   23.5    4.1   6  -16.8   9 0 0 1 1 2 0 17.0 3.9 16.9 3.9 80.0 100 100 20 408 0 143 0 401 401 399 0 0 0 59 50 WAIT_ACK 0 
b.1 2025-06-22 17:20:01.678 a 2025-06-22-17:20:00 012 208 042 0.2 1.7 4.3 16.5 4.1 726.9 0.00 0 0.0 23.9 24.1 24.5 3.626  -53.5   23.4    2.8   6  -16.8   5 0 0 1 1 2 0 17.0 4.1 16.9 4.2 80.0 100 100 20 408 0 143 0 401 401 399 0 0 0 59 50 WAIT_ACK 0 
b.1 2025-06-22 17:21:00.940 a 2025-06-22-17:20:59 012 259 128 0.2 3.4 5.7 16.5 4.3 727.0 0.00 0 0.0 23.3 24.1 24.4 3.627  -54.3   23.5    4.4   6  -16.6   5 0 0 1 1 2 0 17.0 4.3 16.9 4.3 80.0 100 100 20 408 0 143 0 402 401 400 0 0 0 60 50 WAIT_ACK 0 
b.1 2025-06-22 17:22:01.599 a 2025-06-22-17:22:00 007 234 265 0.1 2.0 5.6 16.6 4.3 727.0 0.00 0 0.0 23.6 24.1 24.5 3.628  -52.5   23.5    3.6   6  -16.9   6 0 0 1 1 2 0 17.0 4.4 16.9 4.4 80.0 100 100 20 408 0 143 0 401 402 400 0 0 0 59 50 WAIT_ACK 0 
b.1 2025-06-22 17:23:00.164 a 2025-06-22-17:22:59 090 244 312 0.3 2.5 5.8 16.6 4.3 726.9 0.00 0 0.0 23.7 24.1 24.5 3.626  -55.2   23.6    3.5   6  -17.1   7 0 0 1 1 2 0 17.0 4.2 17.0 4.2 80.0 100 100 20 408 0 143 0 401 401 399 0 0 0 59 50 WAIT_ACK 0 
b.1 2025-06-22 17:24:01.062 a 2025-06-22-17:23:59 079 224 300 0.3 2.0 4.7 16.6 4.2 727.0 0.00 0 0.0 24.0 24.1 24.5 3.627  -55.5   23.5    3.1   6  -17.1   7 0 0 1 1 2 0 17.0 4.1 17.0 4.2 80.0 100 100 20 408 0 143 0 401 401 399 0 0 0 60 50 WAIT_ACK 0 
b.1 2025-06-22 17:25:01.997 a 2025-06-22-17:25:00 013 256 144 0.3 3.2 5.9 16.7 4.1 727.0 0.00 0 0.0 23.7 24.1 24.4 3.626  -55.3   23.5    4.1   5  -17.3   7 0 0 1 1 2 0 17.0 4.3 17.0 4.3 80.0 100 100 20 408 0 143 0 401 402 400 0 0 0 59 50 WAIT_ACK 0 
b.1 2025-06-22 17:26:01.299 a 2025-06-22-17:26:00 092 267 339 0.3 3.6 6.0 16.7 3.9 727.0 0.00 0 0.0 23.1 24.1 24.4 3.627  -53.1   23.5    5.1   5  -17.2   7 0 0 1 1 2 0 17.0 4.2 17.0 4.2 80.0 100 100 20 408 0 143 0 401 402 400 0 0 0 59 50 WAIT_ACK 0 
b.1 2025-06-22 17:27:01.259 a 2025-06-22-17:27:00 092 234 356 0.2 3.0 6.2 16.5 4.3 727.0 0.00 0 0.0 23.2 24.1 24.5 3.627  -54.8   23.5    5.1   5  -17.3   7 0 0 1 1 2 0 16.9 4.1 16.9 4.1 80.0 100 100 20 408 0 143 0 401 401 399 0 0 0 59 50 WAIT_ACK 0 
b.1 2025-06-22 17:28:01.683 a 2025-06-22-17:28:00 199 230 286 0.6 3.1 4.7 16.5 4.6 727.0 0.00 0 0.0 23.5 24.1 24.5 3.627  -55.0   23.5    4.6   6  -17.1   7 0 0 1 1 2 0 16.9 4.2 16.9 4.2 80.0 100 100 20 408 0 143 0 401 401 400 0 0 0 60 50 WAIT_ACK 0 
b.1 2025-06-22 17:29:01.604 a 2025-06-22-17:29:00 124 232 314 0.5 3.2 6.5 16.5 4.6 727.0 0.00 0 0.0 23.3 24.1 24.5 3.629  -53.0   23.4    5.0   6  -17.0   7 0 0 1 1 2 0 16.9 4.4 17.0 4.4 80.0 100 100 20 408 0 143 0 401 401 400 0 0 0 60 50 WAIT_ACK 0 
b.1 2025-06-22 17:30:01.042 a 2025-06-22-17:29:59 093 223 354 0.2 2.1 5.0 16.5 4.8 727.0 0.00 0 0.0 23.8 24.1 24.5 3.626  -52.0   23.4    3.8   6  -16.9   7 0 0 1 1 2 0 16.9 4.6 17.0 4.6 80.0 100 100 20 408 0 143 0 401 401 399 0 0 0 60 50 WAIT_ACK 0 
b.1 2025-06-22 17:31:01.881 a 2025-06-22-17:31:00 098 262 295 0.0 2.6 4.8 16.6 5.6 727.0 0.00 0 0.0 23.9 24.1 24.5 3.627  -53.8   23.3    4.0   6  -16.6   7 0 0 1 1 2 0 16.9 5.0 17.0 5.0 80.0 100 100 20 408 0 143 0 401 401 400 0 0 0 59 50 WAIT_ACK 0 
b.1 2025-06-22 17:32:01.361 a 2025-06-22-17:32:00 120 261 298 0.1 2.6 6.0 16.6 6.2 727.0 0.00 0 0.0 23.9 24.1 24.4 3.633  -54.5   23.3    4.2   6  -16.3   7 0 0 1 1 2 0 17.0 5.4 17.0 5.3 80.0 100 100 20 408 0 143 0 401 401 400 0 0 0 59 50 WAIT_ACK 0 
b.1 2025-06-22 17:33:00.523 a 2025-06-22-17:32:59 104 252 305 0.4 2.7 5.1 16.6 5.9 727.0 0.00 0 0.0 23.7 24.1 24.5 3.626  -51.0   23.3    4.2   6  -16.1   7 0 0 1 1 2 0 17.0 5.7 17.0 5.7 80.0 100 100 20 408 0 143 0 400 401 399 0 0 0 59 50 WAIT_ACK 0 
b.1 2025-06-22 17:34:00.480 a 2025-06-22-17:33:59 132 263 308 0.2 2.4 5.4 16.5 6.4 727.0 0.00 0 0.0 23.8 24.1 24.5 3.627  -49.9   23.3    3.9   6  -16.0   5 0 0 1 1 2 0 17.0 5.9 17.0 5.9 80.0 100 100 20 408 0 143 0 401 401 399 0 0 0 60 50 WAIT_ACK 0 
b.1 2025-06-22 17:35:01.562 a 2025-06-22-17:35:00 097 265 303 0.3 2.5 5.9 16.5 6.4 727.0 0.00 0 0.0 23.8 24.1 24.5 3.633  -50.8   23.3    4.0   6  -15.6   5 0 0 1 1 2 0 16.9 6.1 17.0 6.1 80.0 100 100 20 408 0 143 0 401 401 399 0 0 0 60 50 WAIT_ACK 0 
b.1 2025-06-22 17:36:00.904 a 2025-06-22-17:35:59 009 241 097 0.2 1.5 3.7 16.5 6.5 727.1 0.00 0 0.0 24.4 24.1 24.4 3.626  -51.6   23.3    3.0   6  -15.4   5 0 0 1 1 2 0 17.0 6.1 17.0 6.1 80.0 100 100 20 408 0 143 0 401 401 400 0 0 0 59 50 WAIT_ACK 0 
b.1 2025-06-22 17:37:01.005 a 2025-06-22-17:36:59 102 221 270 0.1 2.3 4.9 16.6 4.6 727.1 0.00 0 0.0 24.7 24.1 24.5 3.626  -54.2   23.3    3.2   6  -15.4   5 0 0 1 1 2 0 17.0 6.2 17.0 6.2 80.0 100 100 20 408 0 143 0 401 402 400 0 0 0 59 50 WAIT_ACK 0 
b.1 2025-06-22 17:38:00.822 a 2025-06-22-17:37:59 287 268 327 0.2 1.8 4.8 16.6 6.2 727.1 0.00 0 0.0 24.8 24.1 24.5 3.626  -52.0   23.3    2.9   6  -15.6   5 0 0 1 1 2 0 17.0 6.0 17.0 6.0 80.0 100 100 20 408 0 143 0 400 401 399 0 0 0 59 50 WAIT_ACK 0 
b.1 2025-06-22 17:39:01.122 a 2025-06-22-17:38:59 092 263 353 0.2 1.9 4.6 16.6 6.6 727.1 0.00 0 0.0 24.8 24.1 24.4 3.626  -50.4   23.3    2.8   6  -15.4   5 0 0 1 1 2 0 17.0 6.0 17.0 6.0 80.0 100 100 20 408 0 143 0 400 402 399 0 0 0 59 50 WAIT_ACK 0 
b.1 2025-06-22 17:40:02.743 a 2025-06-22-17:40:01 256 235 287 0.1 2.6 5.5 16.5 6.2 727.1 0.00 0 0.0 24.6 24.1 24.5 3.626  -50.3   23.3    3.5   7  -15.1   5 0 0 1 1 2 0 17.0 6.3 17.0 6.3 80.0 100 100 20 408 0 143 0 401 401 400 0 0 0 59 50 WAIT_ACK 0 
b.1 2025-06-22 17:41:01.305 a 2025-06-22-17:41:00 188 283 349 0.2 2.7 5.0 16.4 6.4 727.1 0.00 0 0.0 24.5 24.1 24.5 3.626  -56.7   23.2    3.6   7  -15.2   5 0 0 1 1 2 0 17.0 6.3 17.0 6.3 80.0 100 100 20 408 0 143 0 401 401 400 0 0 0 60 50 WAIT_ACK 0 
b.1 2025-06-22 17:42:01.164 a 2025-06-22-17:41:59 260 275 264 0.2 2.1 4.5 16.3 7.2 727.1 0.00 0 0.0 24.3 24.1 24.4 3.626  -53.4   23.3    3.3   7  -14.8   5 0 0 1 1 2 0 16.9 6.5 17.0 6.4 80.0 100 100 20 408 0 143 0 401 401 400 0 0 0 59 50 WAIT_ACK 0 
b.1 2025-06-22 17:42:59.967 a 2025-06-22-17:42:58 090 250 270 0.1 1.7 3.3 16.3 7.5 727.1 0.00 0 0.0 24.7 24.1 24.5 3.627  -49.1   23.3    3.0   7  -14.6   5 0 0 1 1 2 0 16.8 6.8 17.0 6.8 80.0 100 100 20 408 0 143 0 401 401 399 0 0 0 60 50 WAIT_ACK 0 
b.1 2025-06-22 17:44:00.345 a 2025-06-22-17:43:59 115 295 341 0.2 2.9 6.3 16.3 7.1 727.1 0.00 0 0.0 24.5 24.1 24.5 3.626  -50.0   23.3    3.6   7  -14.5   5 0 0 1 1 2 0 16.8 6.9 17.0 7.1 80.0 100 100 20 408 0 143 0 401 401 400 0 0 0 60 50 WAIT_ACK 0 
b.1 2025-06-22 17:45:01.005 a 2025-06-22-17:44:59 002 225 105 0.2 2.0 4.2 16.3 6.7 727.1 0.00 0 0.0 24.7 24.1 24.5 3.627  -48.6   23.3    2.9   7  -14.7   5 0 0 1 1 2 0 16.8 7.0 16.9 6.9 80.0 100 100 20 408 0 143 0 401 401 400 0 0 0 59 50 WAIT_ACK 0 
b.1 2025-06-22 17:46:02.164 a 2025-06-22-17:46:00 131 249 290 0.2 2.3 4.7 16.2 6.7 727.1 0.00 0 0.0 24.7 24.1 24.5 3.627  -48.9   23.3    3.1   7  -14.6   5 0 0 1 1 2 0 16.8 7.0 16.9 6.9 80.0 100 100 20 408 0 143 0 401 401 399 0 0 0 59 50 WAIT_ACK 0 
b.1 2025-06-22 17:47:01.505 a 2025-06-22-17:47:00 060 256 104 0.1 1.9 4.0 16.2 6.9 727.1 0.00 0 0.0 24.6 24.1 24.5 3.627  -48.4   23.3    2.9   7  -14.7   6 0 0 1 1 2 0 16.8 6.9 16.9 6.9 80.0 100 100 20 408 0 143 0 401 401 399 0 0 0 60 50 WAIT_ACK 0 
b.1 2025-06-22 17:48:01.364 a 2025-06-22-17:48:00 023 205 072 0.1 1.1 3.2 16.2 7.4 727.2 0.00 0 0.0 25.4 24.1 24.4 3.633  -47.6   23.3    2.5   7  -14.4   6 0 0 1 1 2 0 16.8 6.9 16.9 6.8 80.0 100 100 20 408 0 143 0 401 401 400 0 0 0 59 50 WAIT_ACK 0 
b.1 2025-06-22 17:49:02.105 a 2025-06-22-17:49:00 301 285 321 0.1 1.0 3.7 16.2 7.4 727.1 0.00 0 0.0 26.2 24.1 24.4 3.634  -48.4   23.3    2.3   7  -14.3   5 0 0 1 1 2 0 16.8 6.9 16.9 6.8 80.0 100 100 20 408 0 143 0 401 401 400 0 0 0 59 50 WAIT_ACK 0 
b.1 2025-06-22 17:50:02.154 a 2025-06-22-17:50:00 065 267 094 0.1 2.3 4.5 16.3 7.2 727.1 0.00 0 0.0 25.7 24.1 24.5 3.626  -49.6   23.2    2.7   7  -14.3   5 0 0 1 1 2 0 16.8 6.7 16.9 6.7 80.0 100 100 20 408 0 143 0 402 401 400 0 0 0 60 50 WAIT_ACK 0 
b.1 2025-06-22 17:51:01.687 a 2025-06-22-17:51:00 111 260 340 0.2 1.6 3.9 16.4 6.1 727.1 0.00 0 0.0 25.7 24.1 24.4 3.632  -48.4   23.2    2.5   7  -14.4   5 0 0 1 1 2 0 16.8 6.7 16.9 6.7 80.0 100 100 20 408 0 143 0 401 401 399 0 0 0 60 50 WAIT_ACK 0 
b.1 2025-06-22 17:52:00.907 a 2025-06-22-17:51:59 147 265 336 0.2 1.6 3.2 16.4 6.6 727.2 0.00 0 0.0 26.2 24.1 24.4 3.626  -49.0   23.2    2.5   7  -14.3   5 0 0 1 1 2 0 16.8 6.8 16.9 6.8 80.0 100 100 20 408 0 143 0 401 401 399 0 0 0 59 50 WAIT_ACK 0 
b.1 2025-06-22 17:53:00.625 a 2025-06-22-17:52:59 079 251 352 0.2 1.6 4.0 16.4 6.7 727.2 0.00 0 0.0 26.5 24.1 24.4 3.626  -48.7   23.3    2.4   7  -14.2   5 0 0 1 1 2 0 16.8 6.9 16.9 6.8 80.0 100 100 20 408 0 143 0 401 401 400 0 0 0 60 50 WAIT_ACK 0 
b.1 2025-06-22 17:54:01.085 a 2025-06-22-17:53:59 147 239 273 0.3 3.0 4.5 16.5 6.5 727.2 0.00 0 0.0 25.6 24.1 24.4 3.626  -50.8   23.3    3.1   7  -14.2   5 0 0 1 1 2 0 16.8 6.9 17.0 6.8 80.0 100 100 20 408 0 143 0 401 401 399 0 0 0 60 50 WAIT_ACK 0 
b.1 2025-06-22 17:55:01.714 a 2025-06-22-17:55:00 115 266 295 0.2 3.1 6.6 16.4 6.5 727.2 0.00 0 0.0 24.5 24.1 24.5 3.627  -47.8   23.3    4.2   7  -14.4   5 0 0 1 1 2 0 16.9 6.7 17.0 6.8 80.0 100 100 20 408 0 143 0 401 401 400 0 0 0 60 50 WAIT_ACK 0 
b.1 2025-06-22 17:56:00.088 a 2025-06-22-17:55:58 098 252 354 0.1 2.2 4.4 16.2 6.0 727.2 0.00 0 0.0 24.4 24.1 24.4 3.626  -50.5   23.3    3.8   7  -14.7   6 0 0 1 1 2 0 16.9 6.5 17.0 6.3 80.0 100 100 20 408 0 143 0 401 401 400 0 0 0 60 50 WAIT_ACK 0 
b.1 2025-06-22 17:57:00.865 a 2025-06-22-17:56:59 012 244 339 0.1 2.0 5.9 16.0 5.9 727.2 0.00 0 0.0 24.8 24.1 24.5 3.626  -50.3   23.3    3.1   7  -14.7   6 0 0 1 1 2 0 16.9 6.2 17.0 6.2 80.0 100 100 20 408 0 143 0 401 402 399 0 0 0 59 50 WAIT_ACK 0 
b.1 2025-06-22 17:58:01.848 a 2025-06-22-17:58:00 096 235 351 0.4 2.9 5.3 15.9 5.7 727.2 0.00 0 0.0 24.2 24.1 24.4 3.626  -49.2   23.3    4.3   7  -14.8   6 0 0 1 1 2 0 16.9 6.2 17.0 6.0 80.0 100 100 20 408 0 143 0 401 401 400 0 0 0 60 50 WAIT_ACK 0 
b.1 2025-06-22 17:59:01.288 a 2025-06-22-17:59:00 102 266 355 0.2 2.2 4.2 15.7 6.2 727.2 0.00 0 0.0 24.0 24.1 24.5 3.626  -47.2   23.3    4.3   7  -14.7   6 0 0 1 1 2 0 16.9 5.9 16.9 5.9 80.0 100 100 20 408 0 143 0 401 402 399 0 0 0 60 50 WAIT_ACK 0 
b.1 2025-06-22 18:00:02.411 a 2025-06-22-18:00:01 180 304 278 0.2 1.8 3.7 15.6 6.4 727.2 0.00 0 0.0 24.8 24.1 24.5 3.626  -46.7   23.3    3.0   7  -14.7   6 0 0 1 1 2 0 16.8 6.0 16.9 6.0 80.0 100 100 20 408 0 143 0 401 402 399 0 0 0 59 50 WAIT_ACK 0 
b.1 2025-06-22 18:01:00.967 a 2025-06-22-18:00:59 294 208 337 0.2 0.8 2.2 15.6 7.1 727.2 0.00 0 0.0 25.7 24.1 24.4 3.626  -45.0   23.3    2.4   7  -14.4   0 0 0 1 1 2 0 16.8 6.1 16.9 6.0 80.0 100 100 20 408 0 143 0 401 401 400 0 0 0 60 50 WAIT_ACK 0 
b.1 2025-06-22 18:02:01.250 a 2025-06-22-18:02:00 085 235 263 0.1 1.2 2.8 15.8 7.1 727.2 0.00 0 0.0 26.5 24.1 24.4 3.626  -44.8   23.3    2.3   7  -14.4   0 0 0 1 1 2 0 16.7 6.3 16.8 6.3 80.0 100 100 20 408 0 143 0 401 401 400 0 0 0 59 50 WAIT_ACK 0 
b.1 2025-06-22 18:03:01.851 a 2025-06-22-18:03:00 068 281 127 0.2 1.1 3.2 15.9 7.9 727.2 0.00 0 0.0 27.0 24.1 24.5 3.626  -45.9   23.3    2.2   7  -14.0   5 0 0 1 1 2 0 16.7 6.5 16.8 6.4 80.0 100 100 20 408 0 143 0 401 402 399 0 0 0 60 50 WAIT_ACK 0 
b.1 2025-06-22 18:04:00.549 a 2025-06-22-18:03:59 001 250 057 0.2 1.3 3.6 16.1 7.4 727.2 0.00 0 0.0 27.0 24.1 24.5 3.627  -45.2   23.3    2.2   7  -13.9   5 0 0 1 1 2 0 16.7 6.8 16.9 6.7 80.0 100 100 20 408 0 143 0 401 401 399 0 0 0 59 50 WAIT_ACK 0 
b.1 2025-06-22 18:05:01.710 a 2025-06-22-18:05:00 039 296 244 0.2 1.8 3.6 16.3 6.8 727.2 0.00 0 0.0 27.4 24.1 24.4 3.627  -45.0   23.3    2.3   7  -13.9   5 0 0 1 1 2 0 16.7 6.8 16.9 6.8 80.0 100 100 20 408 0 143 0 401 401 399 0 0 0 59 50 WAIT_ACK 0 
b.1 2025-06-22 18:06:00.170 a 2025-06-22-18:05:58 031 294 270 0.4 2.9 4.8 16.4 6.5 727.2 0.00 0 0.0 26.4 24.1 24.4 3.626  -46.0   23.3    3.0   7  -13.9   5 0 0 1 1 2 0 16.7 6.9 16.9 6.8 80.0 100 100 20 408 0 143 0 401 401 400 0 0 0 60 50 WAIT_ACK 0 
b.1 2025-06-22 18:07:00.210 a 2025-06-22-18:06:58 004 231 101 0.2 1.7 4.7 16.2 7.6 727.2 0.00 0 0.0 26.0 24.1 24.4 3.633  -45.1   23.4    2.7   7  -13.7   0 0 0 1 1 2 0 16.7 6.8 16.9 6.7 80.0 100 100 20 408 0 143 0 402 401 400 0 0 0 60 50 WAIT_ACK 0 
b.1 2025-06-22 18:08:00.812 a 2025-06-22-18:07:59 055 265 074 0.1 1.3 4.5 16.2 7.8 727.2 0.00 0 0.0 26.4 24.1 24.4 3.626  -45.5   23.4    2.4   8  -13.4   5 0 0 1 1 2 0 16.7 7.1 16.9 6.9 80.0 100 100 20 408 0 143 0 400 402 399 0 0 0 60 50 WAIT_ACK 0 
b.1 2025-06-22 18:09:01.032 a 2025-06-22-18:08:59 053 314 274 1.5 2.9 4.7 16.2 6.2 727.2 0.00 0 0.0 26.1 24.1 24.5 3.626  -47.9   23.4    2.9   7  -13.7   5 0 0 1 1 2 0 16.7 7.1 16.9 7.1 80.0 100 100 20 408 0 143 0 400 402 399 0 0 0 60 50 WAIT_ACK 0 
b.1 2025-06-22 18:10:02.151 a 2025-06-22-18:10:00 028 244 097 0.2 1.8 4.3 16.0 7.0 727.2 0.00 0 0.0 25.9 24.1 24.4 3.633  -46.6   23.4    2.8   7  -13.6   0 0 0 1 1 2 0 16.7 7.0 16.9 7.0 80.0 100 100 20 408 0 143 0 401 401 399 0 0 0 60 50 WAIT_ACK 0 
b.1 2025-06-22 18:11:02.334 a 2025-06-22-18:11:01 096 293 232 0.2 2.7 5.9 16.0 7.3 727.2 0.00 0 0.0 25.5 24.1 24.5 3.627  -49.4   23.4    3.4   7  -13.7   5 0 0 1 1 2 0 16.7 7.3 16.9 7.2 80.0 100 100 20 408 0 143 0 401 401 399 0 0 0 60 50 WAIT_ACK 0 
b.1 2025-06-22 18:12:01.691 a 2025-06-22-18:12:00 068 283 314 0.1 2.0 5.0 16.0 7.6 727.2 0.00 0 0.0 25.4 24.1 24.4 3.626  -45.7   23.4    2.9   7  -13.7   5 0 0 1 1 2 0 16.7 7.3 16.9 7.2 80.0 100 100 20 408 0 143 0 401 401 400 0 0 0 60 50 WAIT_ACK 0 
b.1 2025-06-22 18:13:01.252 a 2025-06-22-18:13:00 086 319 158 0.2 2.6 6.0 16.0 7.0 727.2 0.00 0 0.0 25.6 24.1 24.4 3.627  -50.1   23.3    3.3   7  -13.7   5 0 0 1 1 2 0 16.7 7.3 17.0 7.3 80.0 100 100 20 408 0 143 0 401 401 400 0 0 0 60 50 WAIT_ACK 0 
b.1 2025-06-22 18:14:01.914 a 2025-06-22-18:14:00 137 315 249 0.2 1.4 3.8 15.9 7.4 727.2 0.00 0 0.0 26.1 24.1 24.5 3.627  -44.2   23.3    2.6   7  -13.8   0 0 0 1 1 2 0 16.7 7.2 17.0 7.1 80.0 100 100 20 408 0 143 0 401 402 400 0 0 0 59 50 WAIT_ACK 0 
b.1 2025-06-22 18:15:00.611 a 2025-06-22-18:14:59 009 300 106 0.2 2.1 3.9 15.9 7.5 727.2 0.00 0 0.0 26.0 24.1 24.5 3.627  -44.1   23.2    2.8   7  -13.8   5 0 0 1 1 2 0 16.6 7.2 17.0 7.0 80.0 100 100 20 408 0 143 0 401 401 400 0 0 0 60 50 WAIT_ACK 0 
b.1 2025-06-22 18:16:00.334 a 2025-06-22-18:15:59 235 191 261 0.1 1.1 3.5 15.9 7.6 727.2 0.00 0 0.0 26.6 24.1 24.4 3.627  -43.1   23.1    2.3   7  -13.8   0 0 0 1 1 2 0 16.7 7.3 17.0 7.1 80.0 100 100 20 408 0 143 0 401 401 400 0 0 0 60 50 WAIT_ACK 0 
b.1 2025-06-22 18:17:01.355 a 2025-06-22-18:17:00 032 254 304 0.2 1.5 3.0 15.9 8.0 727.2 0.00 0 0.0 27.0 24.1 24.4 3.627  -42.9   23.1    2.3   8  -13.6   5 0 0 1 1 2 0 16.7 7.7 17.0 7.2 80.0 100 100 20 408 0 143 0 401 401 400 0 0 0 59 50 WAIT_ACK 0 
b.1 2025-06-22 18:18:00.851 a 2025-06-22-18:17:59 036 304 202 0.1 1.8 5.3 16.1 7.0 727.3 0.00 0 0.0 27.0 24.1 24.4 3.626  -43.8   23.1    2.3   8  -13.2   5 0 0 1 1 2 0 16.7 7.7 17.0 7.6 80.0 100 100 20 408 0 143 0 402 401 400 0 0 0 59 50 WAIT_ACK 0 
b.1 2025-06-22 18:19:00.894 a 2025-06-22-18:18:59 066 268 299 0.1 2.8 5.8 16.3 6.7 727.3 0.00 0 0.0 25.9 24.1 24.4 3.633  -44.6   23.1    2.8   8  -13.7   5 0 0 1 1 2 0 16.7 7.6 17.0 7.3 80.0 100 100 20 408 0 143 0 401 401 400 0 0 0 60 50 WAIT_ACK 0 
b.1 2025-06-22 18:20:00.934 a 2025-06-22-18:19:59 112 260 351 0.3 2.6 4.6 16.3 6.7 727.3 0.00 0 0.0 25.4 24.1 24.4 3.633  -44.9   23.1    3.4   7  -14.0   5 0 0 1 1 2 0 16.8 6.8 17.0 6.4 80.0 100 100 20 408 0 143 0 401 401 399 0 0 0 59 50 WAIT_ACK 0 
b.1 2025-06-22 18:21:01.674 a 2025-06-22-18:21:00 095 244 272 0.1 1.9 3.7 16.2 5.1 727.3 0.00 0 0.0 25.7 24.1 24.4 3.626  -45.1   23.1    3.0   7  -14.2   5 0 0 1 1 2 0 16.8 6.4 17.0 6.3 80.0 100 100 20 408 0 143 0 401 402 400 0 0 0 60 50 WAIT_ACK 0 
b.1 2025-06-22 18:22:01.812 a 2025-06-22-18:22:00 101 252 288 0.2 2.1 6.1 16.1 6.5 727.3 0.00 0 0.0 25.9 24.1 24.5 3.626  -45.3   23.1    2.7   7  -14.1   5 0 0 1 1 2 0 16.8 6.4 17.1 6.3 80.0 100 100 20 408 0 143 0 401 401 400 0 0 0 60 50 WAIT_ACK 0 
b.1 2025-06-22 18:23:00.614 a 2025-06-22-18:22:59 063 262 330 0.1 2.5 5.4 16.1 6.5 727.3 0.00 0 0.0 25.1 24.1 24.4 3.631  -44.4   23.1    3.5   7  -14.1   5 0 0 1 1 2 0 16.8 6.6 17.1 6.4 80.0 100 100 20 408 0 143 0 401 401 400 0 0 0 60 50 WAIT_ACK 0 
b.1 2025-06-22 18:24:01.812 a 2025-06-22-18:24:00 063 260 284 0.1 2.5 4.4 16.1 7.1 727.2 0.00 0 0.0 24.8 24.1 24.4 3.626  -42.9   23.1    3.6   7  -14.0   5 0 0 1 1 2 0 16.9 6.7 17.1 6.6 80.0 100 100 20 408 0 144 0 400 401 400 0 0 0 60 50 WAIT_ACK 0 
b.1 2025-06-22 18:25:01.257 a 2025-06-22-18:25:00 109 276 321 0.1 2.2 4.5 16.0 7.9 727.2 0.00 0 0.0 25.1 24.1 24.4 3.626  -44.5   23.1    3.4   7  -13.8   0 0 0 1 1 2 0 16.9 7.0 17.1 6.9 80.0 100 100 20 408 0 143 0 401 401 400 0 0 0 60 50 WAIT_ACK 0 
b.1 2025-06-22 18:26:02.216 a 2025-06-22-18:26:00 025 285 107 0.2 2.3 5.0 16.1 7.5 727.2 0.00 0 0.0 25.2 24.1 24.4 3.633  -42.6   23.1    3.2   7  -13.8   5 0 0 1 1 2 0 16.8 7.3 17.1 7.1 80.0 100 100 20 408 0 143 0 400 401 399 0 0 0 59 50 WAIT_ACK 0 
b.1 2025-06-22 18:27:01.374 a 2025-06-22-18:27:00 025 253 096 0.2 2.2 5.1 16.1 6.6 727.3 0.00 0 0.0 25.3 24.1 24.5 3.626  -44.8   23.2    3.4   7  -13.7   5 0 0 1 1 2 0 16.8 7.0 17.1 6.9 80.0 100 100 20 408 0 143 0 401 401 399 0 0 0 59 50 WAIT_ACK 0 
b.1 2025-06-22 18:28:00.956 a 2025-06-22-18:27:59 006 257 126 0.2 2.7 4.9 16.2 5.9 727.3 0.00 0 0.0 24.8 24.1 24.5 3.627  -45.7   23.2    3.7   7  -14.1   5 0 0 1 1 2 0 16.9 6.6 17.1 6.5 80.0 100 100 20 408 0 143 0 401 401 400 0 0 0 60 50 WAIT_ACK 0 
b.1 2025-06-22 18:29:01.236 a 2025-06-22-18:28:59 134 262 291 0.6 3.9 7.4 16.2 5.6 727.2 0.00 0 0.0 24.0 24.1 24.5 3.627  -45.2   23.1    5.7   7  -14.2   5 0 0 1 1 2 0 16.9 6.2 17.1 6.2 80.0 100 100 20 408 0 143 0 401 401 399 0 0 0 60 50 WAIT_ACK 0 
b.1 2025-06-22 18:30:01.835 a 2025-06-22-18:30:00 271 245 321 0.1 1.3 3.5 16.1 5.9 727.2 0.00 0 0.0 25.0 24.1 24.5 3.626  -43.4   23.1    3.2   7  -14.4   5 0 0 1 1 2 0 16.9 6.2 17.1 6.1 80.0 100 100 20 408 0 143 0 401 401 399 0 0 0 59 50 WAIT_ACK 0 
b.1 2025-06-22 18:31:02.118 a 2025-06-22-18:31:00 253 244 321 0.1 1.7 3.7 16.1 5.5 727.2 0.00 0 0.0 25.4 24.1 24.4 3.626  -45.0   23.2    3.0   7  -14.7   5 0 0 1 1 2 0 16.9 6.2 17.1 6.1 80.0 100 100 20 408 0 143 0 402 401 400 0 0 0 60 50 WAIT_ACK 0 
b.1 2025-06-22 18:32:01.276 a 2025-06-22-18:31:59 094 276 294 0.2 1.9 4.9 16.2 6.3 727.2 0.00 0 0.0 25.9 24.1 24.5 3.626  -45.2   23.1    2.9   7  -14.5   5 0 0 1 1 2 0 16.9 6.2 17.1 6.1 80.0 100 100 20 408 0 143 0 401 401 399 0 0 0 59 50 WAIT_ACK 0 
b.1 2025-06-22 18:33:00.996 a 2025-06-22-18:32:59 133 247 307 0.5 3.3 5.7 16.3 6.1 727.2 0.00 0 0.0 25.0 24.1 24.5 3.626  -45.4   23.1    3.6   7  -14.6   5 0 0 1 1 2 0 17.0 6.3 17.1 6.3 80.0 100 100 20 408 0 143 0 400 402 399 0 0 0 60 50 WAIT_ACK 0 
b.1 2025-06-22 18:34:00.818 a 2025-06-22-18:33:59 065 233 112 0.1 1.9 4.9 16.2 6.1 727.2 0.00 0 0.0 25.3 24.1 24.4 3.626  -43.3   23.1    3.1   7  -14.6   5 0 0 1 1 2 0 17.0 6.3 17.1 6.2 80.0 100 100 20 408 0 143 0 401 401 399 0 0 0 59 50 WAIT_ACK 0 
b.1 2025-06-22 18:35:01.000 a 2025-06-22-18:34:59 075 255 115 0.1 1.8 5.8 16.1 6.9 727.2 0.00 0 0.0 25.7 24.1 24.4 3.626  -42.5   23.0    2.6   7  -14.5   0 0 0 1 1 2 0 17.0 6.4 17.1 6.3 80.0 100 100 20 408 0 143 0 401 401 399 0 0 0 60 50 WAIT_ACK 0 
b.1 2025-06-22 18:36:01.378 a 2025-06-22-18:36:00 057 261 089 0.0 1.3 4.4 16.2 7.5 727.2 0.00 0 0.0 26.6 24.1 24.5 3.626  -42.1   23.0    2.4   7  -14.1   5 0 0 1 1 2 0 16.9 6.8 17.1 6.6 80.0 100 100 20 408 0 143 0 401 401 400 0 0 0 60 50 WAIT_ACK 0 
b.1 2025-06-22 18:37:01.236 a 2025-06-22-18:36:59 094 249 268 0.2 2.3 5.5 16.4 6.4 727.2 0.00 0 0.0 26.3 24.1 24.5 3.626  -44.6   23.0    2.8   7  -14.1   5 0 0 1 1 2 0 16.9 6.8 17.1 6.6 80.0 100 100 20 408 0 143 0 401 401 400 0 0 0 59 50 WAIT_ACK 0 
b.1 2025-06-22 18:38:01.104 a 2025-06-22-18:37:59 081 284 106 0.2 2.0 3.8 16.4 6.2 727.2 0.00 0 0.0 26.2 24.1 24.4 3.627  -43.7   23.0    2.7   7  -14.2   0 0 0 1 1 2 0 16.9 6.6 17.1 6.5 80.0 100 100 20 408 0 143 0 400 401 400 0 0 0 59 50 WAIT_ACK 0 
b.1 2025-06-22 18:39:01.059 a 2025-06-22-18:38:59 095 301 174 0.2 3.0 5.2 16.4 6.7 727.2 0.00 0 0.0 25.5 24.1 24.5 3.627  -44.4   23.1    3.8   7  -14.2   5 0 0 1 1 2 0 16.9 6.6 17.1 6.6 80.0 100 100 20 408 0 143 0 401 401 400 0 0 0 60 50 WAIT_ACK 0 
b.1 2025-06-22 18:40:01.661 a 2025-06-22-18:40:00 095 301 245 0.2 1.5 3.7 16.3 7.2 727.2 0.00 0 0.0 26.3 24.1 24.5 3.627  -43.6   23.1    2.7   7  -13.9   5 0 0 1 1 2 0 16.9 6.7 17.1 6.6 80.0 100 100 20 408 0 143 0 401 401 400 0 0 0 60 50 WAIT_ACK 0 
b.1 2025-06-22 18:41:00.338 a 2025-06-22-18:40:59 111 264 284 0.2 2.5 4.8 16.4 5.5 727.3 0.00 0 0.0 25.7 24.1 24.5 3.626  -43.4   23.2    3.0   7  -14.3   5 0 0 1 1 2 0 17.0 6.3 17.2 6.3 80.0 100 100 20 408 0 143 0 401 401 399 0 0 0 60 50 WAIT_ACK 0 
b.1 2025-06-22 18:42:01.321 a 2025-06-22-18:42:00 069 329 167 0.1 1.5 3.2 16.4 7.0 727.3 0.00 0 0.0 26.4 24.1 24.4 3.633  -42.4   23.2    2.5   7  -14.0   5 0 0 1 1 2 0 17.0 6.3 17.2 6.2 80.0 100 100 20 408 0 143 0 401 401 400 0 0 0 60 50 WAIT_ACK 0 
b.1 2025-06-22 18:43:01.641 a 2025-06-22-18:43:00 082 263 345 0.1 2.1 4.7 16.5 6.7 727.3 0.00 0 0.0 26.3 24.1 24.4 3.626  -43.8   23.2    2.8   7  -14.1   5 0 0 1 1 2 0 17.0 6.5 17.1 6.4 80.0 100 100 20 408 0 144 0 401 401 399 0 0 0 59 50 WAIT_ACK 0 
b.1 2025-06-22 18:44:01.122 a 2025-06-22-18:43:59 193 294 258 0.1 1.8 5.1 16.6 7.0 727.3 0.00 0 0.0 26.6 24.1 24.4 3.626  -48.7   23.2    2.7   7  -13.9   5 0 0 1 1 2 0 16.9 6.7 17.2 6.6 80.0 100 100 20 408 0 143 0 401 402 399 0 0 0 60 50 WAIT_ACK 0 
b.1 2025-06-22 18:45:01.779 a 2025-06-22-18:45:00 106 274 296 0.1 2.1 5.3 16.5 6.4 727.3 0.00 0 0.0 26.4 24.1 24.4 3.635  -46.6   23.2    2.8   7  -14.0   5 0 0 1 1 2 0 16.9 6.6 17.1 6.5 80.0 100 100 20 408 0 143 0 401 401 399 0 0 0 60 50 WAIT_ACK 0 
b.1 2025-06-22 18:46:01.967 a 2025-06-22-18:46:00 078 296 257 0.7 3.2 5.6 16.3 7.2 727.3 0.00 0 0.0 25.6 24.1 24.5 3.627  -46.4   23.2    3.8   7  -14.0   5 0 0 1 1 2 0 16.9 6.8 17.1 6.7 80.0 100 100 20 408 0 143 0 400 401 399 0 0 0 60 50 WAIT_ACK 0 
b.1 2025-06-22 18:47:00.938 a 2025-06-22-18:46:59 105 276 304 0.3 2.5 5.0 16.1 7.4 727.3 0.00 0 0.0 25.0 24.1 24.4 3.626  -45.2   23.2    3.9   7  -13.8   5 0 0 1 1 2 0 16.9 7.0 17.1 7.1 80.0 100 100 20 408 0 143 0 401 402 399 0 0 0 60 50 WAIT_ACK 0 
b.1 2025-06-22 18:48:00.924 a 2025-06-22-18:47:59 054 209 348 0.1 1.8 4.8 15.9 7.7 727.2 0.00 0 0.0 24.9 24.1 24.5 3.627  -42.2   23.2    3.1   7  -13.7   5 0 0 1 1 2 0 16.9 7.2 17.0 6.9 80.0 100 100 20 408 0 143 0 401 401 400 0 0 0 60 50 WAIT_ACK 0 
b.1 2025-06-22 18:49:01.063 a 2025-06-22-18:48:59 087 304 235 0.1 1.7 3.5 15.9 7.9 727.2 0.00 0 0.0 26.0 24.1 24.4 3.626  -42.2   23.2    2.9   7  -13.7   0 0 0 1 1 2 0 16.8 7.1 17.0 7.1 80.0 100 100 20 408 0 143 0 401 401 399 0 0 0 60 50 WAIT_ACK 0 
b.1 2025-06-22 18:50:01.851 a 2025-06-22-18:50:00 087 284 254 0.3 3.0 5.7 15.8 7.8 727.3 0.00 0 0.0 25.4 24.1 24.5 3.626  -42.7   23.2    3.7   8  -13.6   5 0 0 1 1 2 0 16.8 7.5 17.0 7.3 80.0 100 100 20 408 0 143 0 402 401 400 0 0 0 60 50 WAIT_ACK 0 
b.1 2025-06-22 18:51:01.144 a 2025-06-22-18:50:59 087 280 119 0.4 2.3 4.2 15.8 8.6 727.3 0.00 0 0.0 25.5 24.1 24.4 3.632  -42.5   23.1    3.5   8  -13.5   5 0 0 1 1 2 0 16.8 7.5 17.0 7.4 80.0 100 100 20 408 0 143 0 401 401 400 0 0 0 59 50 WAIT_ACK 0 
b.1 2025-06-22 18:52:00.404 a 2025-06-22-18:51:59 047 294 106 0.3 2.5 6.3 15.8 8.5 727.3 0.00 0 0.0 25.3 24.1 24.4 3.626  -42.7   23.1    3.6   8  -13.3   5 0 0 1 1 2 0 16.8 7.8 17.0 7.6 80.0 100 100 20 408 0 143 0 401 401 400 0 0 0 60 50 WAIT_ACK 0 
b.1 2025-06-22 18:53:01.911 a 2025-06-22-18:53:00 088 274 185 0.1 1.5 3.7 15.8 8.5 727.3 0.00 0 0.0 26.3 24.1 24.4 3.626  -42.7   23.1    2.7   8  -13.0   0 0 0 1 1 2 0 16.7 7.9 17.0 7.7 80.0 100 100 20 408 0 143 0 401 401 400 0 0 0 59 50 WAIT_ACK 0 
b.1 2025-06-22 18:54:00.743 a 2025-06-22-18:53:59 057 306 135 0.2 2.6 4.7 16.0 8.1 727.3 0.00 0 0.0 26.2 24.1 24.4 3.627  -44.5   23.1    3.0   8  -13.1   5 0 0 1 1 2 0 16.7 7.8 17.0 7.7 80.0 100 100 20 408 0 143 0 400 401 399 0 0 0 59 50 WAIT_ACK 0 
b.1 2025-06-22 18:55:01.348 a 2025-06-22-18:55:00 002 314 267 0.2 2.4 4.0 16.1 7.7 727.3 0.00 0 0.0 25.9 24.1 24.4 3.626  -42.4   23.1    3.2   8  -13.2   0 0 0 1 1 2 0 16.7 7.8 17.0 7.6 80.0 100 100 20 408 0 143 0 401 401 400 0 0 0 60 50 WAIT_ACK 0 
b.1 2025-06-22 18:56:01.105 a 2025-06-22-18:55:59 070 285 130 0.2 1.7 5.6 16.1 8.0 727.3 0.00 0 0.0 26.2 24.1 24.4 3.626  -42.6   23.1    2.8   8  -12.9   0 0 0 1 1 2 0 16.7 7.6 17.0 7.5 80.0 100 100 20 408 0 143 0 400 401 399 0 0 0 59 50 WAIT_ACK 0 
b.1 2025-06-22 18:57:00.964 a 2025-06-22-18:56:59 076 286 000 0.2 1.8 4.6 16.2 8.0 727.3 0.00 0 0.0 26.6 24.1 24.5 3.627  -46.9   23.1    2.6   8  -12.8   0 0 0 1 1 2 0 16.7 7.7 17.0 7.5 80.0 100 100 20 408 0 143 0 401 401 399 0 0 0 60 50 WAIT_ACK 0 
b.1 2025-06-22 18:58:00.822 a 2025-06-22-18:57:59 033 301 069 0.1 1.8 4.9 16.2 8.6 727.3 0.00 0 0.0 26.9 24.1 24.4 3.633  -42.7   23.1    2.6   8  -12.7   5 0 0 1 1 2 0 16.7 7.7 17.0 7.6 80.0 100 100 20 408 0 143 0 402 401 400 0 0 0 60 50 WAIT_ACK 0 
b.1 2025-06-22 18:59:00.127 a 2025-06-22-18:58:58 217 312 279 0.2 1.8 4.6 16.3 7.6 727.3 0.00 0 0.0 26.8 24.1 24.4 3.627  -42.0   23.1    2.5   8  -12.8   5 0 0 1 1 2 0 16.7 7.9 17.0 7.7 80.0 100 100 20 408 0 143 0 401 401 400 0 0 0 60 50 WAIT_ACK 0 
b.1 2025-06-22 19:00:01.888 a 2025-06-22-19:00:00 297 262 332 0.1 1.6 6.2 16.3 7.4 727.3 0.00 0 0.0 26.9 24.1 24.5 3.626  -44.2   23.1    2.5   8  -13.1   0 0 0 1 1 2 0 16.7 7.9 16.9 7.7 80.0 100 100 20 408 0 143 0 401 401 400 0 0 0 59 50 WAIT_ACK 0 
b.1 2025-06-22 19:01:00.127 a 2025-06-22-19:00:58 082 297 108 0.1 1.8 4.6 16.1 7.1 727.3 0.00 0 0.0 26.8 24.1 24.4 3.626  -42.9   23.0    2.5   8  -13.3   0 0 0 1 1 2 0 16.7 7.8 16.9 7.7 80.0 100 100 20 408 0 143 0 401 401 399 0 0 0 59 50 WAIT_ACK 0 
b.1 2025-06-22 19:02:01.256 a 2025-06-22-19:01:59 039 275 102 0.2 2.9 4.9 16.0 7.1 727.3 0.00 0 0.0 25.8 24.1 24.5 3.626  -45.3   22.9    3.4   8  -13.1   5 0 0 1 1 2 0 16.7 7.8 16.9 7.6 80.0 100 100 20 408 0 143 0 401 401 399 0 0 0 59 50 WAIT_ACK 0 
b.1 2025-06-22 19:03:01.746 a 2025-06-22-19:03:00 073 286 192 0.2 1.6 3.1 15.9 7.3 727.3 0.00 0 0.0 26.4 24.1 24.5 3.628  -42.2   22.9    2.8   8  -13.2   0 0 0 1 1 2 0 16.8 8.1 16.9 7.9 80.0 100 100 20 408 0 143 0 400 401 399 0 0 0 59 50 WAIT_ACK 0 
b.1 2025-06-22 19:04:00.706 a 2025-06-22-19:03:59 116 291 331 0.2 2.0 4.1 15.8 8.2 727.3 0.00 0 0.0 26.5 24.1 24.4 3.626  -41.9   23.0    2.7   8  -12.9   0 0 0 1 1 2 0 16.8 8.1 16.9 8.0 80.0 100 100 20 408 0 143 0 400 401 399 0 0 0 59 50 WAIT_ACK 0 
b.1 2025-06-22 19:05:00.569 a 2025-06-22-19:04:59 019 292 286 0.0 0.8 6.6 16.0 7.5 727.3 0.00 0 0.0 27.6 24.1 24.5 3.626  -41.4   23.0    2.3   8  -13.0   0 0 0 1 1 2 0 16.8 8.0 17.0 7.8 80.0 100 100 20 408 0 143 0 401 401 399 0 0 0 60 50 WAIT_ACK 0 
b.1 2025-06-22 19:06:02.049 a 2025-06-22-19:06:00 238 202 270 0.1 1.4 6.3 16.1 7.7 727.3 0.00 0 0.0 27.9 24.1 24.4 3.628  -43.1   22.9    2.3   8  -13.1   5 0 0 1 1 2 0 16.8 7.8 17.0 7.6 80.0 100 100 20 408 0 143 0 400 401 399 0 0 0 60 50 WAIT_ACK 0 
b.1 2025-06-22 19:07:00.888 a 2025-06-22-19:06:59 054 284 152 0.2 2.7 6.0 16.2 8.2 727.3 0.00 0 0.0 27.0 24.1 24.4 3.627  -43.3   22.9    2.9   8  -13.0   5 0 0 1 1 2 0 16.8 7.8 17.0 7.8 80.0 100 100 20 408 0 143 0 401 401 400 0 0 0 60 50 WAIT_ACK 0 
b.1 2025-06-22 19:08:01.348 a 2025-06-22-19:08:00 269 295 344 0.6 2.9 5.0 16.1 7.3 727.3 0.00 0 0.0 26.3 24.1 24.5 3.626  -42.1   22.9    3.7   8  -13.0   5 0 0 1 1 2 0 16.8 7.7 17.0 7.7 80.0 100 100 20 408 0 143 0 401 401 399 0 0 0 59 50 WAIT_ACK 0 
b.1 2025-06-22 19:09:01.167 a 2025-06-22-19:08:59 078 289 171 0.1 1.7 3.8 16.0 8.4 727.3 0.00 0 0.0 26.7 24.1 24.4 3.626  -43.6   22.9    2.9   8  -13.0   5 0 0 1 1 2 0 16.8 7.8 17.0 7.7 80.0 100 100 20 408 0 143 0 401 401 400 0 0 0 59 50 WAIT_ACK 0 
b.1 2025-06-22 19:10:00.529 a 2025-06-22-19:09:59 036 322 113 0.2 1.8 4.9 16.0 8.1 727.3 0.00 0 0.0 27.0 24.1 24.4 3.626  -41.2   22.9    2.5   8  -12.8   0 0 0 1 1 2 0 16.8 8.1 17.0 8.0 80.0 100 100 20 408 0 143 0 401 402 399 0 0 0 59 50 WAIT_ACK 0 
b.1 2025-06-22 19:11:00.667 a 2025-06-22-19:10:59 067 272 118 0.2 2.6 5.3 16.0 7.8 727.3 0.00 0 0.0 26.6 24.1 24.4 3.632  -42.3   22.9    3.1   8  -12.8   5 0 0 1 1 2 0 16.8 8.0 17.1 7.9 80.0 100 100 20 408 0 143 0 401 401 400 0 0 0 60 50 WAIT_ACK 0 
b.1 2025-06-22 19:12:01.730 a 2025-06-22-19:12:00 079 294 249 0.6 2.5 5.1 16.2 7.2 727.3 0.00 0 0.0 26.3 24.1 24.4 3.626  -41.8   22.9    3.5   8  -12.8   5 0 0 1 1 2 0 16.9 8.0 17.1 7.9 80.0 100 100 20 408 0 143 0 400 401 399 0 0 0 60 50 WAIT_ACK 0 
b.1 2025-06-22 19:13:00.430 a 2025-06-22-19:12:59 032 237 070 0.2 2.0 4.8 16.2 8.2 727.3 0.00 0 0.0 26.3 24.1 24.5 3.627  -43.1   22.9    3.3   8  -12.8   5 0 0 1 1 2 0 16.9 7.9 17.1 7.8 80.0 100 100 20 408 0 143 0 401 401 399 0 0 0 59 50 WAIT_ACK 0 
b.1 2025-06-22 19:14:00.928 a 2025-06-22-19:13:59 262 269 281 0.3 2.8 5.8 16.2 8.3 727.3 0.00 0 0.0 26.1 24.1 24.4 3.634  -43.5   22.9    3.5   8  -12.8   0 0 0 1 1 2 0 16.9 8.0 17.0 7.9 80.0 100 100 20 408 0 143 0 401 401 400 0 0 0 59 50 WAIT_ACK 0 
b.1 2025-06-22 19:15:00.831 a 2025-06-22-19:14:59 244 297 331 0.5 4.6 6.9 16.2 7.6 727.3 0.00 0 0.0 24.7 24.1 24.5 3.626  -43.6   22.9    6.6   8  -13.0   5 0 0 1 1 2 0 16.9 8.0 17.1 7.9 80.0 100 100 20 408 0 143 0 401 401 400 0 0 0 60 50 WAIT_ACK 0 
b.1 2025-06-22 19:16:00.229 a 2025-06-22-19:15:58 267 256 290 0.3 2.4 5.4 15.8 7.6 727.2 0.00 0 0.0 24.6 24.1 24.4 3.627  -41.6   22.9    4.9   8  -13.1   5 0 0 1 1 2 0 16.9 7.9 17.0 7.8 80.0 100 100 20 408 0 143 0 400 401 399 0 0 0 60 50 WAIT_ACK 0 
b.1 2025-06-22 19:17:00.890 a 2025-06-22-19:16:59 247 301 355 1.5 3.3 5.3 15.6 8.2 727.2 0.00 0 0.0 24.9 24.1 24.5 3.627  -42.2   22.8    5.4   8  -13.0   5 0 0 1 1 2 0 16.8 7.9 17.0 7.8 80.0 100 100 20 408 0 143 0 401 401 400 0 0 0 60 50 WAIT_ACK 0 
b.1 2025-06-22 19:18:01.392 a 2025-06-22-19:18:00 096 303 274 0.4 2.8 4.9 15.7 8.3 727.3 0.00 0 0.0 25.0 24.1 24.5 3.626  -47.6   22.8    5.1   8  -12.8   5 0 0 1 1 2 0 16.8 8.0 17.0 7.9 80.0 100 100 20 408 0 143 0 401 401 400 0 0 0 60 50 WAIT_ACK 0 
b.1 2025-06-22 19:19:01.951 a 2025-06-22-19:19:00 102 308 121 0.2 2.4 4.8 15.7 8.4 727.2 0.00 0 0.0 25.3 24.1 24.5 3.626  -42.4   22.8    4.5   8  -12.8   5 0 0 1 1 2 0 16.8 8.1 17.0 8.0 80.0 100 100 20 408 0 143 0 401 402 400 0 0 0 59 50 WAIT_ACK 0 
b.1 2025-06-22 19:20:01.572 a 2025-06-22-19:20:00 284 321 297 0.3 2.0 4.5 15.7 9.3 727.2 0.00 0 0.0 25.9 24.1 24.5 3.626  -44.3   22.8    3.2   8  -12.6   5 0 0 1 1 2 0 16.8 8.6 17.0 8.1 80.0 100 100 20 408 0 143 0 401 401 399 0 0 0 60 50 WAIT_ACK 0 
b.1 2025-06-22 19:21:01.115 a 2025-06-22-19:20:59 065 300 116 0.1 3.0 5.3 15.8 9.1 727.2 0.00 0 0.0 25.8 24.1 24.4 3.626  -43.0   22.8    4.0   9  -12.4   5 0 0 1 1 2 0 16.7 8.7 17.0 8.5 80.0 100 100 20 408 0 143 0 401 401 399 0 0 0 60 50 WAIT_ACK 0 
b.1 2025-06-22 19:22:01.634 a 2025-06-22-19:22:00 088 309 249 1.1 3.2 6.3 15.9 9.1 727.2 0.00 0 0.0 25.8 24.1 24.4 3.626  -45.3   22.7    4.3   9  -12.4   5 0 0 1 1 2 0 16.7 8.7 17.0 8.5 80.0 100 100 20 408 0 143 0 401 401 400 0 0 0 60 50 WAIT_ACK 0 
b.1 2025-06-22 19:23:00.789 a 2025-06-22-19:22:59 260 309 342 1.2 4.2 6.8 15.9 9.1 727.3 0.00 0 0.0 24.7 24.1 24.4 3.633  -41.8   22.7    6.4   8  -12.5   5 0 0 1 1 2 0 16.8 8.7 17.0 8.6 80.0 100 100 20 408 0 144 0 402 401 399 0 0 0 60 50 WAIT_ACK 0 
b.1 2025-06-22 19:24:01.473 a 2025-06-22-19:24:00 088 322 179 0.2 2.2 4.6 15.7 9.0 727.3 0.00 0 0.0 24.8 24.1 24.4 3.633  -40.6   22.7    4.2   9  -12.1   5 0 0 1 1 2 0 16.8 8.7 17.0 8.6 80.0 100 100 20 408 0 143 0 401 401 399 0 0 0 60 50 WAIT_ACK 0 
b.1 2025-06-22 19:25:01.752 a 2025-06-22-19:25:00 107 327 227 0.2 2.0 4.0 15.6 9.9 727.3 0.00 0 0.0 25.8 24.1 24.4 3.626  -42.1   22.7    3.4   9  -11.9   0 0 0 1 1 2 0 16.7 8.8 16.9 8.7 80.0 100 100 20 408 0 143 0 401 401 400 0 0 0 60 50 WAIT_ACK 0 
b.1 2025-06-22 19:26:01.651 a 2025-06-22-19:26:00 092 322 288 0.6 3.0 5.6 15.8 9.3 727.3 0.00 0 0.0 26.0 24.1 24.5 3.626  -41.6   22.7    3.9   9  -12.0   5 0 0 1 1 2 0 16.7 8.8 16.9 8.7 80.0 100 100 20 408 0 143 0 401 401 400 0 0 0 60 50 WAIT_ACK 0 
b.1 2025-06-22 19:27:00.917 a 2025-06-22-19:26:59 043 308 190 0.5 2.7 4.9 15.8 9.2 727.3 0.00 0 0.0 25.8 24.1 24.4 3.632  -41.0   22.7    3.9   9  -12.0   0 0 0 1 1 2 0 16.7 9.3 16.9 8.8 80.0 100 100 20 408 0 143 0 401 402 400 0 0 0 60 50 WAIT_ACK 0 
b.1 2025-06-22 19:28:01.134 a 2025-06-22-19:27:59 077 321 176 0.1 1.0 2.4 15.8 9.1 727.3 0.00 0 0.0 27.0 24.1 24.5 3.627  -41.8   22.8    2.7   9  -12.1   5 0 0 1 1 2 0 16.7 10.1 16.9 9.0 80.0 100 100 20 408 0 143 0 401 401 399 0 0 0 60 50 WAIT_ACK 0 
b.1 2025-06-22 19:28:59.934 a 2025-06-22-19:28:58 083 262 337 0.2 1.3 3.3 15.8 9.5 727.3 0.00 0 0.0 27.8 24.1 24.5 3.627  -40.1   22.8    2.4   9  -11.7   0 0 0 1 1 2 0 16.7 10.8 16.9 9.3 80.0 100 100 20 408 0 143 0 401 401 400 0 0 0 60 50 WAIT_ACK 0 
b.1 2025-06-22 19:30:01.618 a 2025-06-22-19:30:00 090 324 119 0.2 1.8 4.8 15.9 11.3 727.2 0.00 0 0.0 28.0 24.1 24.4 3.626  -40.4   22.8    2.4  10  -11.0   0 0 0 1 1 2 0 16.7 11.5 16.9 10.3 80.0 100 100 20 408 0 143 0 401 401 400 0 0 0 59 50 WAIT_ACK 0 
b.1 2025-06-22 19:31:01.355 a 2025-06-22-19:31:00 270 306 346 0.9 2.3 4.2 16.1 12.7 727.3 0.00 0 0.0 28.2 24.1 24.5 3.626  -41.1   22.9    2.6  10  -10.7   0 0 0 1 1 2 0 16.8 11.8 17.0 11.7 80.0 100 100 20 408 0 143 0 400 401 399 0 0 0 59 50 WAIT_ACK 0 
b.1 2025-06-22 19:32:01.732 a 2025-06-22-19:32:00 126 288 322 0.2 1.9 4.1 16.2 12.3 727.3 0.00 0 0.0 28.0 24.1 24.5 3.627  -40.9   22.9    2.7  10  -10.1   0 0 0 1 1 2 0 16.8 12.3 17.0 11.7 80.0 100 100 20 408 0 143 0 400 401 399 0 0 0 59 50 WAIT_ACK 0 
b.1 2025-06-22 19:33:00.016 a 2025-06-22-19:32:58 068 309 162 0.2 1.9 3.9 16.2 11.1 727.3 0.00 0 0.0 28.1 24.1 24.5 3.627  -41.0   22.9    2.5  10  -10.3   0 0 0 1 1 2 0 16.8 12.1 17.0 12.0 80.0 100 100 20 408 0 143 0 401 401 400 0 0 0 60 50 WAIT_ACK 0 
b.1 2025-06-22 19:33:59.875 a 2025-06-22-19:33:58 080 301 115 0.1 1.7 6.8 16.3 10.7 727.3 0.00 0 0.0 28.1 24.1 24.5 3.626  -40.5   22.9    2.5  10  -10.3   0 0 0 1 1 2 0 16.8 11.7 17.0 11.6 80.0 100 100 20 408 0 143 0 401 402 399 0 0 0 59 50 WAIT_ACK 0 
b.1 2025-06-22 19:35:02.296 a 2025-06-22-19:35:00 103 310 120 0.2 2.0 5.0 16.3 10.2 727.3 0.00 0 0.0 28.2 24.1 24.4 3.626  -41.2   22.9    2.5  10  -10.4   0 0 0 1 1 2 0 16.9 11.2 17.0 11.0 80.0 100 100 20 408 0 143 0 401 401 400 0 0 0 60 50 WAIT_ACK 0 
b.1 2025-06-22 19:36:01.236 a 2025-06-22-19:35:59 091 297 289 0.1 2.6 4.8 16.4 10.3 727.3 0.00 0 0.0 27.8 24.1 24.4 3.626  -41.0   23.0    3.0  10  -10.4   5 0 0 1 1 2 0 16.9 10.9 17.1 10.8 80.0 100 100 20 408 0 143 0 401 401 399 0 0 0 60 50 WAIT_ACK 0 
b.1 2025-06-22 19:37:01.936 a 2025-06-22-19:37:00 090 282 000 0.2 2.9 5.0 16.4 10.2 727.3 0.00 0 0.0 26.9 24.1 24.5 3.626  -41.7   23.0    3.6  10  -10.5   5 0 0 1 1 2 0 16.9 10.8 17.1 10.7 80.0 100 100 20 408 0 143 0 400 402 399 0 0 0 60 50 WAIT_ACK 0 
b.1 2025-06-22 19:38:01.434 a 2025-06-22-19:38:00 004 296 245 0.4 2.3 3.8 16.3 10.2 727.3 0.00 0 0.0 26.9 24.1 24.4 3.627  -42.0   23.0    3.6  10  -10.6   5 0 0 1 1 2 0 16.9 10.8 17.1 10.7 80.0 100 100 20 408 0 143 0 401 401 399 0 0 0 60 50 WAIT_ACK 0 
b.1 2025-06-22 19:39:00.177 a 2025-06-22-19:38:58 091 301 250 0.4 2.7 4.5 16.2 10.4 727.2 0.00 0 0.0 26.7 24.1 24.4 3.624  -41.6   23.0    4.1  10  -10.5   5 0 0 1 1 2 0 16.9 10.7 17.1 10.6 80.0 100 100 20 408 0 143 0 401 401 399 0 0 0 60 50 WAIT_ACK 0 
b.1 2025-06-22 19:40:00.213 a 2025-06-22-19:39:58 091 283 178 0.3 2.4 4.5 16.2 10.6 727.3 0.00 0 0.0 26.2 24.1 24.5 3.627  -41.0   23.1    4.1  10  -10.4   5 0 0 1 1 2 0 16.9 10.6 17.1 10.5 80.0 100 100 20 408 0 143 0 401 401 400 0 0 0 59 50 WAIT_ACK 0 
b.1 2025-06-22 19:41:00.719 a 2025-06-22-19:40:59 086 260 091 0.0 1.3 3.7 16.1 10.0 727.3 0.00 0 0.0 27.0 24.1 24.4 3.626  -43.6   23.1    3.0  10  -10.5   5 0 0 1 1 2 0 16.9 10.7 17.1 10.8 80.0 100 100 20 408 0 143 0 401 401 399 0 0 0 60 50 WAIT_ACK 0 
b.1 2025-06-22 19:42:01.414 a 2025-06-22-19:42:00 107 325 355 0.1 1.5 3.7 16.0 10.8 727.3 0.00 0 0.0 27.9 24.1 24.4 3.626  -39.8   23.0    2.7  10  -10.4   0 0 0 1 1 2 0 16.9 10.9 17.1 10.8 80.0 100 100 20 408 0 143 0 401 401 400 0 0 0 60 50 WAIT_ACK 0 
b.1 2025-06-22 19:43:00.157 a 2025-06-22-19:42:58 100 307 202 0.2 1.9 3.7 16.1 9.6 727.2 0.00 0 0.0 28.3 24.1 24.5 3.632  -40.9   23.1    2.6  10  -10.4   5 0 0 1 1 2 0 16.9 10.6 17.1 10.6 80.0 100 100 20 408 0 143 0 401 401 400 0 0 0 60 50 WAIT_ACK 0 
b.1 2025-06-22 19:44:00.440 a 2025-06-22-19:43:59 115 316 317 0.1 2.2 4.6 16.3 10.0 727.3 0.00 0 0.0 28.6 24.1 24.5 3.626  -42.6   23.1    2.7  10  -10.2   5 0 0 1 1 2 0 16.9 10.3 17.1 10.2 80.0 100 100 20 408 0 143 0 401 401 400 0 0 0 60 50 WAIT_ACK 0 
b.1 2025-06-22 19:45:00.999 a 2025-06-22-19:44:59 066 307 255 0.5 3.9 7.0 16.4 10.1 727.3 0.00 0 0.0 26.7 24.1 24.5 3.626  -43.7   23.1    4.6  10  -10.3   5 0 0 1 1 2 0 16.9 10.2 17.1 10.2 80.0 100 100 20 408 0 143 0 401 401 399 0 0 0 59 50 WAIT_ACK 0 
b.1 2025-06-22 19:46:00.538 a 2025-06-22-19:45:59 088 308 244 0.5 2.6 4.2 16.2 10.6 727.3 0.00 0 0.0 26.4 24.1 24.4 3.635  -42.1   23.1    4.2  10  -10.3   5 0 0 1 1 2 0 16.9 10.4 17.1 10.3 80.0 100 100 20 408 0 143 0 401 401 399 0 0 0 59 50 WAIT_ACK 0 
b.1 2025-06-22 19:47:01.220 a 2025-06-22-19:46:59 124 299 346 0.1 2.3 4.8 16.0 10.9 727.3 0.00 0 0.0 26.7 24.1 24.5 3.626  -40.4   23.1    3.6  10  -10.1   0 0 0 1 1 2 0 16.9 10.6 17.0 10.5 80.0 100 100 20 408 0 143 0 401 401 399 0 0 0 60 50 WAIT_ACK 0 
b.1 2025-06-22 19:48:02.000 a 2025-06-22-19:48:00 096 334 163 0.1 1.6 3.8 16.1 10.8 727.3 0.00 0 0.0 27.6 24.1 24.4 3.627  -41.3   23.1    2.8  10  -10.0   0 0 0 1 1 2 0 16.9 10.8 17.1 10.7 80.0 100 100 20 408 0 143 0 402 401 400 0 0 0 60 50 WAIT_ACK 0 
b.1 2025-06-22 19:49:01.398 a 2025-06-22-19:49:00 101 314 272 0.2 3.3 6.3 16.3 9.6 727.2 0.00 0 0.0 27.4 24.1 24.4 3.633  -43.9   23.1    3.6  10  -10.0   5 0 0 1 1 2 0 16.9 10.4 17.0 10.5 80.0 100 100 20 408 0 143 0 401 401 400 0 0 0 60 50 WAIT_ACK 0 
b.1 2025-06-22 19:50:00.341 a 2025-06-22-19:49:58 091 301 237 0.5 2.6 5.5 16.2 9.7 727.3 0.00 0 0.0 26.9 24.1 24.5 3.626  -41.7   23.1    3.7  10  -10.2   5 0 0 1 1 2 0 16.9 10.8 17.0 10.4 80.0 100 100 20 408 0 143 0 401 401 400 0 0 0 60 50 WAIT_ACK 0 
b.1 2025-06-22 19:51:01.221 a 2025-06-22-19:50:59 249 309 353 0.2 3.9 6.0 15.8 10.7 727.3 0.00 0 0.0 25.5 24.1 24.4 3.627  -42.8   23.1    5.8  10  -10.3   5 0 0 1 1 2 0 16.8 10.4 17.0 10.3 80.0 100 100 20 408 0 143 0 401 402 399 0 0 0 59 50 WAIT_ACK 0 
b.1 2025-06-22 19:52:01.599 a 2025-06-22-19:52:00 075 316 227 0.2 2.6 6.0 15.7 12.3 727.2 0.00 0 0.0 26.1 24.1 24.4 3.632  -42.3   23.0    4.6  10  -10.0   5 0 0 1 1 2 0 16.8 11.4 17.0 10.8 80.0 100 100 20 408 0 143 0 400 402 399 0 0 0 60 50 WAIT_ACK 0 
b.1 2025-06-22 19:53:01.819 a 2025-06-22-19:53:00 073 329 153 0.1 2.4 4.6 15.7 11.1 727.2 0.00 0 0.0 26.6 24.1 24.5 3.626  -42.2   22.9    3.9  10   -9.8   0 0 0 1 1 2 0 16.8 11.4 17.0 10.9 80.0 100 100 20 408 0 143 0 401 401 399 0 0 0 60 50 WAIT_ACK 0 
b.1 2025-06-22 19:54:01.858 a 2025-06-22-19:54:00 082 323 174 0.2 2.0 4.3 15.7 11.9 727.2 0.00 0 0.0 27.1 24.1 24.5 3.627  -40.4   22.9    3.2  10   -9.7   5 0 0 1 1 2 0 16.8 11.9 17.0 11.7 80.0 100 100 20 408 0 143 0 401 401 400 0 0 0 60 50 WAIT_ACK 0 
b.1 2025-06-22 19:55:00.880 a 2025-06-22-19:54:59 116 059 220 0.1 1.6 7.4 15.7 11.9 727.2 0.00 0 0.0 28.0 24.1 24.4 3.633  -39.0   22.9    2.5  11   -9.7   0 0 0 1 1 2 0 16.8 12.1 17.0 11.7 80.0 100 100 20 408 0 143 0 401 401 400 0 0 0 59 50 WAIT_ACK 0 
b.1 2025-06-22 19:56:00.301 a 2025-06-22-19:55:58 111 355 172 0.1 0.9 3.4 15.8 11.9 727.2 0.00 0 0.0 29.3 24.1 24.4 3.626  -39.5   22.9    2.2  11   -9.2   0 0 0 1 1 2 0 16.8 12.9 17.0 12.5 80.0 100 100 20 408 0 143 0 402 401 400 0 0 0 60 50 WAIT_ACK 0 
b.1 2025-06-22 19:57:01.519 a 2025-06-22-19:57:00 130 039 222 0.1 1.0 7.2 16.1 14.4 727.2 0.00 0 0.0 30.5 24.1 24.5 3.626  -42.7   22.9    2.1  12   -7.9   5 0 0 1 1 2 0 16.8 13.7 17.0 13.3 80.0 100 100 20 408 0 143 0 401 401 399 0 0 0 60 50 WAIT_ACK 0 
b.1 2025-06-22 19:58:01.381 a 2025-06-22-19:57:59 268 012 325 0.1 1.3 6.4 16.4 15.4 727.2 0.00 0 0.0 30.9 24.1 24.5 3.627  -39.7   22.9    2.2  12   -7.8   0 0 0 1 1 2 0 16.8 14.0 17.0 13.6 80.0 100 100 20 408 0 143 0 401 401 399 0 0 0 60 50 WAIT_ACK 0 
b.1 2025-06-22 19:59:00.960 a 2025-06-22-19:58:59 061 288 263 0.2 2.4 4.3 16.4 15.0 727.3 0.00 0 0.0 29.6 24.1 24.5 3.626  -41.0   22.9    2.4  12   -8.3   0 0 0 1 1 2 0 16.8 13.5 16.9 13.4 80.0 100 100 20 408 0 144 0 401 401 400 0 0 0 60 50 WAIT_ACK 0 
b.1 2025-06-22 20:00:00.901 a 2025-06-22-19:59:59 284 314 338 0.7 3.3 4.5 16.2 11.7 727.3 0.00 0 0.0 28.7 24.1 24.4 3.626  -44.7   22.9    3.3  11   -8.7   5 0 0 1 1 2 0 16.8 12.9 16.9 13.0 80.0 100 100 20 408 0 143 0 402 401 400 0 0 0 60 50 WAIT_ACK 0 
b.1 2025-06-22 20:01:01.082 a 2025-06-22-20:00:59 142 305 294 0.5 3.0 6.0 15.9 12.1 727.3 0.00 0 0.0 27.1 24.1 24.5 3.628  -42.6   22.9    4.4  11   -8.6   5 0 0 1 1 2 0 16.8 13.1 16.9 13.0 80.0 100 100 20 408 0 144 0 400 401 400 0 0 0 60 50 WAIT_ACK 0 
b.1 2025-06-22 20:02:01.543 a 2025-06-22-20:02:00 089 337 280 0.1 2.5 5.1 15.6 13.1 727.3 0.00 0 0.0 26.7 24.1 24.5 3.626  -39.9   22.8    4.2  11   -8.6   5 0 0 1 1 2 0 16.7 13.5 16.9 13.1 80.0 100 100 20 408 0 143 0 401 401 400 0 0 0 60 50 WAIT_ACK 0 
b.1 2025-06-22 20:03:00.802 a 2025-06-22-20:02:59 084 302 129 0.1 1.2 3.6 15.4 12.8 727.3 0.00 0 0.0 27.8 24.1 24.5 3.626  -40.2   22.8    2.8  11   -8.8   5 0 0 1 1 2 0 16.8 13.8 16.9 13.5 80.0 100 100 20 408 0 143 0 401 401 399 0 0 0 60 50 WAIT_ACK 0 
b.1 2025-06-22 20:04:00.525 a 2025-06-22-20:03:59 084 312 264 0.5 3.1 6.0 15.4 13.0 727.3 0.00 0 0.0 27.4 24.1 24.4 3.626  -40.5   22.8    3.5  11   -8.8   5 0 0 1 1 2 0 16.8 13.1 16.9 13.1 80.0 100 100 20 408 0 143 0 401 401 400 0 0 0 60 50 WAIT_ACK 0 
b.1 2025-06-22 20:05:01.584 a 2025-06-22-20:05:00 116 313 329 0.1 1.5 4.5 15.5 11.7 727.2 0.00 0 0.0 27.5 24.1 24.4 3.633  -38.7   22.7    2.9  11   -8.9   0 0 0 1 1 2 0 16.8 13.1 16.9 12.8 80.0 100 100 20 408 0 143 0 401 401 400 0 0 0 60 50 WAIT_ACK 0 
b.1 2025-06-22 20:06:00.246 a 2025-06-22-20:05:58 142 003 197 0.1 1.3 4.0 15.5 13.4 727.3 0.00 0 0.0 28.6 24.1 24.5 3.626  -41.2   22.7    2.6  12   -8.3   5 0 0 1 1 2 0 16.8 13.8 16.9 13.4 80.0 100 100 20 408 0 143 0 400 402 399 0 0 0 59 50 WAIT_ACK 0 
b.1 2025-06-22 20:07:01.266 a 2025-06-22-20:06:59 114 332 272 0.3 3.0 4.9 15.6 13.4 727.3 0.00 0 0.0 28.3 24.1 24.4 3.626  -41.1   22.7    3.3  12   -8.3   5 0 0 1 1 2 0 16.8 13.7 16.9 13.5 80.0 100 100 20 408 0 143 0 401 401 399 0 0 0 60 50 WAIT_ACK 0 
b.1 2025-06-22 20:08:01.964 a 2025-06-22-20:08:00 093 313 194 0.2 2.4 4.3 15.5 13.8 727.3 0.00 0 0.0 27.5 24.1 24.4 3.633  -39.3   22.7    3.3  12   -8.2   5 0 0 1 1 2 0 16.7 13.9 16.9 13.7 80.0 100 100 20 408 0 143 0 401 401 400 0 0 0 60 50 WAIT_ACK 0 
b.1 2025-06-22 20:09:01.142 a 2025-06-22-20:08:59 093 015 116 0.1 0.7 3.1 15.3 15.3 727.3 0.00 0 0.0 28.7 24.1 24.5 3.627  -39.5   22.7    2.3  12   -7.6   5 0 0 1 1 2 0 16.7 14.3 16.9 14.0 80.0 100 100 20 408 0 144 0 401 401 400 0 0 0 60 50 WAIT_ACK 0 
b.1 2025-06-22 20:10:01.144 a 2025-06-22-20:09:59 322 341 329 0.1 1.3 4.6 15.5 15.9 727.3 0.00 0 0.0 29.8 24.1 24.4 3.626  -44.6   22.7    2.3  13   -7.2   5 0 0 1 1 2 0 16.7 14.3 16.9 14.2 80.0 100 100 20 408 0 143 0 401 401 400 0 0 0 60 50 WAIT_ACK 0 
b.1 2025-06-22 20:11:01.285 a 2025-06-22-20:10:59 045 327 152 0.2 2.4 6.7 15.7 14.1 727.3 0.00 0 0.0 29.5 24.1 24.4 3.627  -45.6   22.8    2.6  13   -7.5   5 0 0 1 1 2 0 16.7 14.6 16.8 14.5 80.0 100 100 20 408 0 143 0 400 402 399 0 0 0 59 50 WAIT_ACK 0 
b.1 2025-06-22 20:12:00.407 a 2025-06-22-20:11:58 092 332 113 0.2 2.2 6.5 15.6 14.3 727.3 0.00 0 0.0 28.8 24.1 24.4 3.624  -39.3   22.8    2.6  12   -7.6   5 0 0 1 1 2 0 16.7 14.6 16.9 14.4 80.0 100 100 20 408 0 143 0 401 401 400 0 0 0 59 50 WAIT_ACK 0 
b.1 2025-06-22 20:13:01.003 a 2025-06-22-20:12:59 111 030 280 0.1 1.3 3.2 15.8 15.5 727.3 0.00 0 0.0 29.5 24.1 24.5 3.627  -38.6   22.8    2.3  13   -7.1   0 0 0 1 1 2 0 16.7 14.8 16.9 14.5 80.0 100 100 20 408 0 143 0 401 401 400 0 0 0 60 50 WAIT_ACK 0 
b.1 2025-06-22 20:14:01.286 a 2025-06-22-20:13:59 124 309 160 0.1 1.6 5.9 16.1 14.2 727.3 0.00 0 0.0 30.0 24.1 24.5 3.626  -38.5   22.8    2.2  13   -7.4   0 0 0 1 1 2 0 16.7 14.9 16.9 14.8 80.0 100 100 20 408 0 143 0 401 402 399 0 0 0 59 50 WAIT_ACK 0 
b.1 2025-06-22 20:15:01.749 a 2025-06-22-20:15:00 098 039 275 0.2 1.2 8.2 16.3 14.9 727.3 0.00 0 0.0 31.0 24.1 24.4 3.626  -39.0   22.9    2.3  13   -7.3   5 0 0 1 1 2 0 16.7 15.2 16.9 15.0 80.0 100 100 20 408 0 143 0 400 401 399 0 0 0 59 50 WAIT_ACK 0 
b.1 2025-06-22 20:16:01.045 a 2025-06-22-20:15:59 126 062 354 0.4 1.7 3.5 16.2 15.0 727.3 0.00 0 0.0 31.5 24.1 24.4 3.626  -41.4   23.0    2.6  13   -7.3   5 0 0 1 1 2 0 16.7 15.1 16.9 15.1 80.0 100 100 20 408 0 143 0 401 401 400 0 0 0 60 50 WAIT_ACK 0 
b.1 2025-06-22 20:17:01.469 a 2025-06-22-20:17:00 141 039 284 0.1 1.9 3.4 15.7 15.2 727.3 0.00 0 0.0 31.4 24.1 24.5 3.627  -40.1   23.1    3.0  13   -7.1   5 0 0 1 1 2 0 16.7 15.3 16.9 15.2 80.0 100 100 20 408 0 143 0 401 401 399 0 0 0 60 50 WAIT_ACK 0 
b.1 2025-06-22 20:18:01.928 a 2025-06-22-20:18:00 106 047 313 0.6 2.6 4.4 15.2 15.5 727.2 0.00 0 0.0 30.7 24.1 24.4 3.626  -45.6   23.1    3.8  13   -7.0   5 0 0 1 1 2 0 16.7 15.3 16.8 15.2 80.0 100 100 20 408 0 144 0 401 401 399 0 0 0 59 50 WAIT_ACK 0 
b.1 2025-06-22 20:19:00.207 a 2025-06-22-20:18:58 081 321 104 0.2 1.6 3.5 14.8 16.1 727.3 0.00 0 0.0 29.8 24.1 24.4 3.626  -39.9   23.0    3.5  13   -7.1   0 0 0 1 1 2 0 16.7 15.4 16.8 15.3 80.0 100 100 20 408 0 143 0 402 401 400 0 0 0 59 50 WAIT_ACK 0 
b.1 2025-06-22 20:20:00.987 a 2025-06-22-20:19:59 145 346 205 0.1 1.1 2.8 14.6 16.9 727.3 0.00 0 0.0 30.3 24.1 24.4 3.626  -40.3   22.9    2.5  13   -6.9   0 0 0 1 1 2 0 16.6 15.5 16.8 15.4 80.0 100 100 20 408 0 143 0 401 401 400 0 0 0 60 50 WAIT_ACK 0 
b.1 2025-06-22 20:21:01.269 a 2025-06-22-20:20:59 052 310 170 0.2 2.0 4.1 14.6 15.9 727.3 0.00 0 0.0 29.7 24.1 24.4 3.626  -41.2   22.8    2.8  13   -7.1   5 0 0 1 1 2 0 16.6 15.5 16.7 15.5 80.0 100 100 20 408 0 143 0 401 401 399 0 0 0 59 50 WAIT_ACK 0 
b.1 2025-06-22 20:22:02.055 a 2025-06-22-20:22:00 106 350 308 0.1 2.0 3.3 14.5 16.0 727.2 0.00 0 0.0 29.4 24.1 24.4 3.624  -39.1   22.7    2.8  13   -7.1   5 0 0 1 1 2 0 16.6 15.4 16.7 15.3 80.0 100 100 20 408 0 143 0 401 401 399 0 0 0 59 50 WAIT_ACK 0 
b.1 2025-06-22 20:23:00.407 a 2025-06-22-20:22:58 340 329 352 0.1 0.8 3.2 14.5 16.9 727.3 0.00 0 0.0 30.4 24.1 24.4 3.627  -39.6   22.7    2.2  13   -6.9   5 0 0 1 1 2 0 16.6 15.4 16.7 15.4 80.0 100 100 20 408 0 143 0 401 401 399 0 0 0 59 50 WAIT_ACK 0 
b.1 2025-06-22 20:24:01.470 a 2025-06-22-20:24:00 161 031 264 0.2 1.0 3.1 14.6 15.8 727.2 0.00 0 0.0 31.2 24.1 24.4 3.633  -39.2   22.7    2.2  13   -7.0   0 0 0 1 1 2 0 16.6 15.6 16.7 15.4 80.0 100 100 20 408 0 143 0 401 401 400 0 0 0 59 50 WAIT_ACK 0 
b.1 2025-06-22 20:25:00.230 a 2025-06-22-20:24:58 117 338 151 0.1 1.0 3.5 14.7 16.9 727.3 0.00 0 0.0 31.9 24.1 24.4 3.627  -39.3   22.7    2.2  13   -6.9   0 0 0 1 1 2 0 16.6 15.5 16.7 15.4 80.0 100 100 20 408 0 143 0 401 401 400 0 0 0 60 50 WAIT_ACK 0 
b.1 2025-06-22 20:26:01.308 a 2025-06-22-20:25:59 078 296 186 0.4 1.6 3.6 14.9 15.8 727.2 0.00 0 0.0 31.3 24.1 24.5 3.626  -39.2   22.7    2.3  13   -7.2   5 0 0 1 1 2 0 16.6 15.6 16.7 15.5 80.0 100 100 20 408 0 143 0 401 401 399 0 0 0 60 50 WAIT_ACK 0 
b.1 2025-06-22 20:27:00.990 a 2025-06-22-20:26:59 082 293 149 0.1 1.2 4.5 14.9 15.8 727.2 0.00 0 0.0 31.6 24.1 24.5 3.629  -37.9   22.8    2.2  13   -6.7   0 0 0 1 1 2 0 16.6 15.6 16.7 15.5 80.0 100 100 20 408 0 143 0 401 401 400 0 0 0 59 50 WAIT_ACK 0 
b.1 2025-06-22 20:28:00.394 a 2025-06-22-20:27:59 120 102 143 0.1 1.2 9.0 15.1 16.3 727.2 0.00 0 0.0 31.6 24.1 24.4 3.627  -42.6   22.8    2.2  13   -6.5   0 0 0 1 1 2 0 16.6 15.6 16.7 15.6 80.0 100 100 20 408 0 143 0 401 401 400 0 0 0 60 50 WAIT_ACK 0 
b.1 2025-06-22 20:29:00.811 a 2025-06-22-20:28:59 108 044 281 0.2 1.2 2.7 15.4 15.6 727.3 0.00 0 0.0 32.3 24.1 24.5 3.626  -40.0   22.9    2.2  13   -6.5   5 0 0 1 1 2 0 16.6 15.6 16.8 15.5 80.0 100 100 20 408 0 143 0 401 401 399 0 0 0 60 50 WAIT_ACK 0 
b.1 2025-06-22 20:30:00.071 a 2025-06-22-20:29:58 110 047 293 0.2 1.6 3.9 15.4 15.7 727.3 0.00 0 0.0 32.3 24.1 24.4 3.626  -38.6   22.9    2.3  13   -6.6   0 0 0 1 1 2 0 16.6 15.5 16.8 15.5 80.0 100 100 20 408 0 143 0 401 401 399 0 0 0 59 50 WAIT_ACK 0 
b.1 2025-06-22 20:31:00.351 a 2025-06-22-20:30:58 131 060 260 0.1 1.2 3.6 15.3 16.2 727.3 0.00 0 0.0 32.7 24.1 24.4 3.626  -40.3   22.9    2.2  13   -6.5   5 0 0 1 1 2 0 16.6 15.6 16.7 15.5 80.0 100 100 20 408 0 143 0 402 401 400 0 0 0 60 50 WAIT_ACK 0 
b.1 2025-06-22 20:32:01.374 a 2025-06-22-20:31:59 092 047 237 0.1 1.4 3.1 15.2 16.1 727.3 0.00 0 0.0 32.7 24.1 24.5 3.626  -40.6   22.9    2.2  13   -6.5   0 0 0 1 1 2 0 16.6 15.7 16.7 15.6 80.0 100 100 20 408 0 143 0 401 401 399 0 0 0 60 50 WAIT_ACK 0 
b.1 2025-06-22 20:33:00.032 a 2025-06-22-20:32:58 169 046 281 0.3 1.9 4.1 15.2 15.8 727.3 0.00 0 0.0 32.5 24.1 24.4 3.626  -41.2   22.8    2.4  14   -6.4   5 0 0 1 1 2 0 16.5 15.6 16.6 15.5 80.0 100 100 20 408 0 144 0 401 401 400 0 0 0 60 50 WAIT_ACK 0 
b.1 2025-06-22 20:34:00.532 a 2025-06-22-20:33:59 119 046 303 0.1 1.7 3.7 15.2 15.7 727.3 0.00 0 0.0 32.2 24.1 24.4 3.626  -39.9   22.8    2.4  14   -6.5   0 0 0 1 1 2 0 16.5 15.8 16.6 15.7 80.0 100 100 20 408 0 144 0 401 401 400 0 0 0 60 50 WAIT_ACK 0 
b.1 2025-06-22 20:35:00.392 a 2025-06-22-20:34:58 168 073 172 0.2 1.8 3.1 15.0 16.2 727.3 0.00 0 0.0 32.0 24.1 24.5 3.627  -39.5   22.8    2.6  14   -6.5   0 0 0 1 1 2 0 16.5 15.7 16.6 15.7 80.0 100 100 20 408 0 144 0 401 401 400 0 0 0 60 50 WAIT_ACK 0 
b.1 2025-06-22 20:36:01.453 a 2025-06-22-20:36:00 030 077 075 0.1 0.9 3.5 14.9 17.1 727.3 0.00 0 0.0 32.5 24.1 24.5 3.626  -38.7   22.7    2.2  14   -6.3   0 0 0 1 1 2 0 16.5 15.8 16.6 15.7 80.0 100 100 20 408 0 144 0 401 402 399 0 0 0 60 50 WAIT_ACK 0 
b.1 2025-06-22 20:37:01.115 a 2025-06-22-20:36:59 129 047 290 0.1 1.3 2.7 15.0 16.4 727.3 0.00 0 0.0 32.5 24.1 24.4 3.626  -40.0   22.7    2.3  14   -6.4   0 0 0 1 1 2 0 16.4 15.7 16.6 15.6 80.0 100 100 20 408 0 144 0 401 401 400 0 0 0 60 50 WAIT_ACK 0 
b.1 2025-06-22 20:38:00.513 a 2025-06-22-20:37:59 056 342 271 0.1 2.0 3.9 15.0 16.1 727.3 0.00 0 0.0 32.0 24.1 24.5 3.626  -43.1   22.7    2.6  14   -6.5   5 0 0 1 1 2 0 16.4 15.7 16.5 15.6 80.0 100 100 20 408 0 144 0 401 401 399 0 0 0 59 50 WAIT_ACK 0 
b.1 2025-06-22 20:39:01.744 a 2025-06-22-20:39:00 151 064 199 0.1 0.8 2.4 14.9 16.4 727.3 0.00 0 0.0 31.9 24.1 24.5 3.626  -39.3   22.8    2.3  14   -6.5   5 0 0 1 1 2 0 16.4 15.8 16.5 15.7 80.0 100 100 20 408 0 144 0 401 401 400 0 0 0 59 50 WAIT_ACK 0 
b.1 2025-06-22 20:40:01.772 a 2025-06-22-20:40:00 181 023 329 0.1 0.9 3.5 14.8 16.8 727.2 0.00 0 0.0 32.3 24.1 24.5 3.632  -38.1   22.8    0.0  14   -6.4   0 0 0 1 1 2 0 16.4 15.8 16.5 15.7 80.0 100 100 20 408 0 144 0 402 401 400 0 0 0 59 50 WAIT_ACK 0 
b.1 2025-06-22 20:41:00.253 a 2025-06-22-20:40:58 195 046 354 0.1 0.9 2.5 14.9 16.9 727.3 0.00 0 0.0 33.3 24.1 24.5 3.626  -39.5   22.8    2.3  14   -6.2   5 0 0 1 1 2 0 16.4 15.9 16.5 15.7 80.0 100 100 20 408 0 144 0 401 401 400 0 0 0 59 50 WAIT_ACK 0 
b.1 2025-06-22 20:42:01.834 a 2025-06-22-20:42:00 158 029 324 0.3 1.5 3.1 14.9 16.0 727.3 0.00 0 0.0 33.0 24.1 24.4 3.627  -39.9   22.8    2.4  14   -6.4   5 0 0 1 1 2 0 16.4 15.9 16.5 15.7 80.0 100 100 20 408 0 144 0 400 401 399 0 0 0 60 50 WAIT_ACK 0 
b.1 2025-06-22 20:43:00.756 a 2025-06-22-20:42:59 134 067 217 0.1 1.4 3.7 14.7 16.1 727.3 0.00 0 0.0 33.0 24.1 24.4 3.633  -38.7   22.9    2.3  14   -6.3   0 0 0 1 1 2 0 16.3 15.9 16.5 15.8 80.0 100 100 20 408 0 144 0 401 401 399 0 0 0 60 50 WAIT_ACK 0 
b.1 2025-06-22 20:44:00.615 a 2025-06-22-20:43:59 140 039 245 0.3 1.3 3.7 14.8 16.6 727.3 0.00 0 0.0 32.7 24.1 24.5 3.627  -40.0   22.9    2.2  14   -6.3   0 0 0 1 1 2 0 16.3 16.0 16.5 15.8 80.0 100 100 20 408 0 144 0 401 401 399 0 0 0 60 50 WAIT_ACK 0 
b.1 2025-06-22 20:45:01.259 a 2025-06-22-20:44:59 129 080 351 1.1 2.4 3.6 14.9 16.0 727.2 0.00 0 0.0 32.3 24.1 24.5 3.626  -41.3   22.9    2.8  14   -6.4   5 0 0 1 1 2 0 16.3 15.9 16.5 15.7 80.0 100 100 20 408 0 144 0 401 401 400 0 0 0 60 50 WAIT_ACK 0 
b.1 2025-06-22 20:46:01.815 a 2025-06-22-20:46:00 239 091 290 0.1 0.8 2.5 14.6 16.9 727.2 0.00 0 0.0 32.6 24.1 24.4 3.626  -38.4   22.8    2.2  14   -6.3   0 0 0 1 1 2 0 16.3 15.9 16.5 15.8 80.0 100 100 20 408 0 144 0 401 401 400 0 0 0 60 50 WAIT_ACK 0 
b.1 2025-06-22 20:47:00.417 a 2025-06-22-20:46:58 123 338 211 0.1 1.2 3.6 14.7 17.2 727.3 0.00 0 0.0 32.9 24.1 24.4 3.624  -43.4   22.8    2.2  14   -6.0   0 0 0 1 1 2 0 16.3 16.1 16.5 15.8 80.0 100 100 20 408 0 143 0 401 401 400 0 0 0 60 50 WAIT_ACK 0 
b.1 2025-06-22 20:48:00.239 a 2025-06-22-20:47:58 152 040 311 0.2 1.7 3.7 14.9 16.0 727.3 0.00 0 0.0 32.2 24.1 24.4 3.626  -40.5   22.8    2.4  14   -6.2   5 0 0 1 1 2 0 16.3 16.0 16.5 15.9 80.0 100 100 20 408 0 144 0 401 401 399 0 0 0 60 50 WAIT_ACK 0 
b.1 2025-06-22 20:49:00.973 a 2025-06-22-20:48:59 152 025 292 0.1 1.7 4.3 14.9 16.2 727.3 0.00 0 0.0 32.1 24.1 24.5 3.626  -45.7   22.8    2.4  14   -6.2   5 0 0 1 1 2 0 16.3 16.1 16.5 15.9 80.0 100 100 20 408 0 144 0 401 401 399 0 0 0 60 50 WAIT_ACK 0 
b.1 2025-06-22 20:50:01.016 a 2025-06-22-20:49:59 150 044 323 0.4 2.2 6.1 14.8 16.6 727.3 0.00 0 0.0 31.7 24.1 24.4 3.627  -39.7   22.7    2.6  14   -6.3   0 0 0 1 1 2 0 16.3 16.0 16.5 15.9 80.0 100 100 20 408 0 144 0 401 402 400 0 0 0 60 50 WAIT_ACK 0 
b.1 2025-06-22 20:51:01.019 a 2025-06-22-20:50:59 176 089 265 0.1 1.0 2.9 14.8 16.6 727.3 0.00 0 0.0 31.9 24.1 24.4 3.626  -39.3   22.6    2.3  14   -6.1   5 0 0 1 1 2 0 16.3 15.9 16.5 15.8 80.0 100 100 20 408 0 144 0 401 401 400 0 0 0 59 50 WAIT_ACK 0 
b.1 2025-06-22 20:52:01.017 a 2025-06-22-20:51:59 043 352 323 0.1 0.6 3.2 15.0 17.3 727.3 0.00 0 0.0 32.7 24.1 24.4 3.626  -37.4   22.6    0.0  14   -6.1   0 0 0 1 1 2 0 16.3 15.9 16.4 15.8 80.0 100 100 20 408 0 144 0 401 401 400 0 0 0 59 50 WAIT_ACK 0 
b.1 2025-06-22 20:53:00.377 a 2025-06-22-20:52:58 072 355 181 0.1 0.8 3.1 15.2 16.2 727.3 0.00 0 0.0 33.4 24.1 24.4 3.626  -38.5   22.6    2.1  14   -6.1   0 0 0 1 1 2 0 16.2 16.0 16.4 15.9 80.0 100 100 20 408 0 144 0 401 401 400 0 0 0 60 50 WAIT_ACK 0 
b.1 2025-06-22 20:54:01.398 a 2025-06-22-20:54:00 263 014 298 0.1 0.6 1.9 15.4 16.2 727.3 0.00 0 0.0 33.8 24.1 24.5 3.626  -38.1   22.6    0.0  14   -6.0   0 0 0 1 1 2 0 16.2 16.0 16.4 15.9 80.0 100 100 20 408 0 144 0 401 401 399 0 0 0 60 50 WAIT_ACK 0 
b.1 2025-06-22 20:55:01.438 a 2025-06-22-20:54:59 009 056 291 0.1 0.4 1.3 15.6 16.3 727.3 0.00 0 0.0 34.4 24.1 24.4 3.627  -37.6   22.6    0.0  14   -5.9   0 0 0 1 1 2 0 16.2 16.0 16.4 15.8 80.0 100 100 20 408 0 144 0 401 401 399 0 0 0 59 50 WAIT_ACK 0 
b.1 2025-06-22 20:56:00.779 a 2025-06-22-20:55:59 312 072 328 0.1 0.8 2.4 15.7 15.6 727.3 0.00 0 0.0 34.7 24.1 24.5 3.626  -39.1   22.6    2.1  14   -6.0   5 0 0 1 1 2 0 16.2 16.0 16.4 15.8 80.0 100 100 20 408 0 144 0 401 402 399 0 0 0 59 50 WAIT_ACK 0 
b.1 2025-06-22 20:57:00.259 a 2025-06-22-20:56:58 140 116 329 0.1 0.5 1.4 15.7 15.8 727.3 0.00 0 0.0 35.2 24.1 24.4 3.626  -37.4   22.5    0.0  14   -6.0   0 0 0 1 1 2 0 16.2 16.1 16.4 15.9 80.0 100 100 20 408 0 144 0 401 402 399 0 0 0 60 50 WAIT_ACK 0 
b.1 2025-06-22 20:58:01.096 a 2025-06-22-20:57:59 108 050 310 0.1 1.2 2.5 15.7 15.8 727.3 0.00 0 0.0 35.1 24.1 24.4 3.633  -38.2   22.5    2.2  14   -6.1   0 0 0 1 1 2 0 16.2 16.1 16.4 15.9 80.0 100 100 20 408 0 144 0 401 401 399 0 0 0 60 50 WAIT_ACK 0 
b.1 2025-06-22 20:59:01.140 a 2025-06-22-20:58:59 137 050 264 0.2 1.3 2.6 15.7 15.8 727.3 0.00 0 0.0 35.1 24.1 24.4 3.633  -38.2   22.5    2.2  14   -6.1   0 0 0 1 1 2 0 16.2 16.2 16.4 16.0 80.0 100 100 20 408 0 144 0 401 401 399 0 0 0 60 50 WAIT_ACK 0 
b.1 2025-06-22 21:00:01.697 a 2025-06-22-21:00:00 257 101 302 0.1 0.8 2.1 15.6 15.5 727.3 0.00 0 0.0 35.2 24.1 24.4 3.626  -37.2   22.6    0.0  14   -6.0   0 0 0 1 1 2 0 16.2 16.2 16.4 16.0 80.0 100 100 20 408 0 144 0 402 401 400 0 0 0 60 50 WAIT_ACK 0 
b.1 2025-06-22 21:01:00.661 a 2025-06-22-21:00:59 078 025 332 0.0 1.7 3.5 15.4 16.7 727.3 0.00 0 0.0 34.7 24.1 24.4 3.626  -41.0   22.6    2.5  14   -6.0   5 0 0 1 1 2 0 16.2 16.2 16.4 16.1 80.0 100 100 20 408 0 143 0 400 402 399 0 0 0 59 50 WAIT_ACK 0 
b.1 2025-06-22 21:02:02.099 a 2025-06-22-21:02:00 091 020 217 0.3 1.3 3.8 15.2 16.0 727.3 0.00 0 0.0 34.3 24.1 24.4 3.633  -39.4   22.6    2.3  14   -6.0   5 0 0 1 1 2 0 16.2 16.2 16.4 16.1 80.0 100 100 20 408 0 143 0 401 401 400 0 0 0 60 50 WAIT_ACK 0 
b.1 2025-06-22 21:03:01.403 a 2025-06-22-21:02:59 126 040 198 0.1 1.5 3.3 15.2 16.3 727.3 0.00 0 0.0 33.5 24.1 24.4 3.627  -39.1   22.6    2.3  14   -5.9   0 0 0 1 1 2 0 16.2 16.2 16.4 16.1 80.0 100 100 20 408 0 143 0 401 401 400 0 0 0 59 50 WAIT_ACK 0 
b.1 2025-06-22 21:04:00.423 a 2025-06-22-21:03:58 114 043 331 0.4 2.1 4.6 15.3 15.9 727.3 0.00 0 0.0 32.7 24.1 24.5 3.627  -40.0   22.6    2.6  14   -6.0   0 0 0 1 1 2 0 16.2 16.1 16.4 16.0 80.0 100 100 20 408 0 143 0 401 401 399 0 0 0 60 50 WAIT_ACK 0 
b.1 2025-06-22 21:05:01.964 a 2025-06-22-21:05:00 083 032 157 0.0 0.8 3.3 15.1 16.4 727.3 0.00 0 0.0 32.7 24.1 24.5 3.633  -37.2   22.5    2.2  14   -6.0   0 0 0 1 1 2 0 16.2 16.2 16.4 16.1 80.0 100 100 20 408 0 144 0 401 401 399 0 0 0 60 50 WAIT_ACK 0 
b.1 2025-06-22 21:06:02.140 a 2025-06-22-21:06:00 224 097 307 0.0 0.4 2.3 15.0 17.4 727.3 0.00 0 0.0 33.8 24.1 24.4 3.626  -38.2   22.5    0.0  15   -5.8   0 0 0 1 1 2 0 16.2 16.3 16.4 16.2 80.0 100 100 20 408 0 144 0 400 401 399 0 0 0 60 50 WAIT_ACK 0 
b.1 2025-06-22 21:07:01.440 a 2025-06-22-21:06:59 090 039 308 0.1 0.7 2.8 15.1 16.7 727.3 0.00 0 0.0 34.3 24.1 24.5 3.626  -37.7   22.5    0.0  15   -5.7   0 0 0 1 1 2 0 16.2 16.3 16.4 16.2 80.0 100 100 20 408 0 144 0 401 401 399 0 0 0 59 50 WAIT_ACK 0 
b.1 2025-06-22 21:08:01.259 a 2025-06-22-21:07:59 053 030 075 0.1 1.3 4.0 15.4 15.7 727.3 0.00 0 0.0 33.8 24.1 24.4 3.626  -38.3   22.6    2.2  15   -5.8   0 0 0 1 1 2 0 16.2 16.2 16.4 16.1 80.0 100 100 20 408 0 144 0 400 401 399 0 0 0 60 50 WAIT_ACK 0 
b.1 2025-06-22 21:09:01.980 a 2025-06-22-21:09:00 129 053 287 0.1 1.4 3.8 15.3 15.8 727.3 0.00 0 0.0 33.8 24.1 24.4 3.626  -38.6   22.6    2.2  14   -5.8   0 0 0 1 1 2 0 16.2 16.3 16.4 16.2 80.0 100 100 20 408 0 143 0 401 402 399 0 0 0 60 50 WAIT_ACK 0 
b.1 2025-06-22 21:10:01.522 a 2025-06-22-21:10:00 114 056 251 0.1 1.1 3.9 15.3 15.9 727.2 0.00 0 0.0 33.7 24.1 24.4 3.627  -38.7   22.6    2.2  14   -5.8   0 0 0 1 1 2 0 16.2 16.2 16.4 16.0 80.0 100 100 20 408 0 143 0 401 401 399 0 0 0 59 50 WAIT_ACK 0 
b.1 2025-06-22 21:11:00.964 a 2025-06-22-21:10:59 137 038 291 0.1 2.1 4.5 15.3 16.4 727.3 0.00 0 0.0 32.9 24.1 24.5 3.627  -40.6   22.6    2.4  14   -5.9   0 0 0 1 1 2 0 16.2 16.1 16.4 15.9 80.0 100 100 20 408 0 144 0 401 401 400 0 0 0 59 50 WAIT_ACK 0 
b.1 2025-06-22 21:12:01.426 a 2025-06-22-21:12:00 122 046 326 1.0 2.4 4.0 15.0 16.0 727.3 0.00 0 0.0 31.8 24.1 24.4 3.626  -42.5   22.5    3.1  14   -6.1   5 0 0 1 1 2 0 16.1 16.1 16.3 15.9 80.0 100 100 20 408 0 144 0 401 401 399 0 0 0 59 50 WAIT_ACK 0 
b.1 2025-06-22 21:13:00.644 a 2025-06-22-21:12:59 157 052 294 0.1 1.7 3.8 14.4 17.3 727.3 0.00 0 0.0 31.6 24.1 24.4 3.626  -39.8   22.4    2.7  14   -6.2   0 0 0 1 1 2 0 16.1 16.2 16.3 15.9 80.0 100 100 20 408 0 144 0 401 401 400 0 0 0 59 50 WAIT_ACK 0 
b.1 2025-06-22 21:14:01.765 a 2025-06-22-21:14:00 122 025 276 0.1 1.7 3.7 14.1 17.7 727.3 0.00 0 0.0 31.1 24.1 24.4 3.626  -39.5   22.3    2.6  14   -6.1   0 0 0 1 1 2 0 16.0 16.3 16.3 16.1 80.0 100 100 20 408 0 144 0 400 401 399 0 0 0 59 50 WAIT_ACK 0 
b.1 2025-06-22 21:15:02.229 a 2025-06-22-21:15:00 112 054 201 0.2 1.8 3.6 14.0 17.4 727.3 0.00 0 0.0 31.1 24.1 24.4 3.626  -39.9   22.2    2.7  14   -6.1   0 0 0 1 1 2 0 16.0 16.4 16.3 16.2 80.0 100 100 20 408 0 144 0 401 401 399 0 0 0 59 50 WAIT_ACK 0 
b.1 2025-06-22 21:16:01.345 a 2025-06-22-21:15:59 123 054 357 0.2 1.5 3.0 14.0 16.8 727.3 0.00 0 0.0 31.2 24.1 24.4 3.627  -39.0   22.2    2.6  14   -6.3   0 0 0 1 1 2 0 16.0 16.3 16.2 16.1 80.0 100 100 20 408 0 144 0 401 401 400 0 0 0 59 50 WAIT_ACK 0 
b.1 2025-06-22 21:17:01.266 a 2025-06-22-21:16:59 115 063 278 0.1 0.8 2.4 13.9 18.0 727.3 0.00 0 0.0 31.8 24.1 24.5 3.627  -37.6   22.1    2.2  15   -6.0   0 0 0 1 1 2 0 16.0 16.4 16.2 16.2 80.0 100 100 20 408 0 144 0 401 401 400 0 0 0 59 50 WAIT_ACK 0 
b.1 2025-06-22 21:18:01.828 a 2025-06-22-21:18:00 224 062 325 0.1 1.7 4.3 14.2 17.2 727.4 0.00 0 0.0 31.9 24.1 24.4 3.633  -40.2   22.1    2.3  15   -6.1   0 0 0 1 1 2 0 16.0 16.3 16.2 16.1 80.0 100 100 20 408 0 144 0 401 401 400 0 0 0 60 50 WAIT_ACK 0 
b.1 2025-06-22 21:19:01.223 a 2025-06-22-21:18:59 117 033 337 0.6 2.8 4.9 14.3 17.0 727.3 0.00 0 0.0 30.7 24.1 24.5 3.626  -40.0   22.1    2.9  15   -6.2   5 0 0 1 1 2 0 16.0 16.2 16.2 16.1 80.0 100 100 20 408 0 144 0 401 402 399 0 0 0 59 50 WAIT_ACK 0 
b.1 2025-06-22 21:20:00.247 a 2025-06-22-21:19:58 128 048 308 0.1 1.8 4.2 14.0 17.9 727.3 0.00 0 0.0 30.2 24.1 24.4 3.626  -37.7   22.0    2.6  15   -6.2   0 0 0 1 1 2 0 16.0 16.3 16.2 16.1 80.0 100 100 20 408 0 143 0 401 401 400 0 0 0 60 50 WAIT_ACK 0 
b.1 2025-06-22 21:21:01.365 a 2025-06-22-21:20:59 178 018 286 0.1 1.4 3.2 13.9 17.7 727.4 0.00 0 0.0 30.3 24.1 24.5 3.631  -37.8   21.9    2.4  15   -6.3   0 0 0 1 1 2 0 15.9 16.3 16.1 16.2 80.0 100 100 20 408 0 143 0 401 401 400 0 0 0 59 50 WAIT_ACK 0 
b.1 2025-06-22 21:22:00.305 a 2025-06-22-21:21:58 102 041 257 0.1 1.7 3.2 13.9 17.8 727.4 0.00 0 0.0 30.4 24.1 24.5 3.626  -37.2   21.8    2.4  15   -6.3   0 0 0 1 1 2 0 15.9 16.4 16.2 16.2 80.0 100 100 20 408 0 144 0 401 401 400 0 0 0 60 50 WAIT_ACK 0 
b.1 2025-06-22 21:23:00.267 a 2025-06-22-21:22:58 116 033 255 0.3 2.9 5.3 14.1 16.9 727.3 0.00 0 0.0 29.8 24.1 24.4 3.627  -39.0   21.8    3.1  15   -6.2   5 0 0 1 1 2 0 15.9 16.5 16.2 16.3 80.0 100 100 20 408 0 143 0 402 401 400 0 0 0 59 50 WAIT_ACK 0 
b.1 2025-06-22 21:24:00.407 a 2025-06-22-21:23:58 122 038 299 0.3 2.4 3.9 14.1 17.3 727.3 0.00 0 0.0 29.3 24.1 24.4 3.626  -39.3   21.7    3.4  15   -6.3   0 0 0 1 1 2 0 15.9 16.4 16.1 16.3 80.0 100 100 20 408 0 144 0 401 401 399 0 0 0 60 50 WAIT_ACK 0 
b.1 2025-06-22 21:25:02.167 a 2025-06-22-21:25:00 030 054 270 0.1 0.8 3.2 14.1 17.2 727.3 0.00 0 0.0 29.6 24.1 24.5 3.627  -36.8   21.6    2.3  15   -6.3   0 0 0 1 1 2 0 15.9 16.4 16.2 16.2 80.0 100 100 20 408 0 144 0 400 401 399 0 0 0 59 50 WAIT_ACK 0 
b.1 2025-06-22 21:26:00.328 a 2025-06-22-21:25:58 090 018 116 0.2 1.9 4.6 14.3 17.3 727.3 0.00 0 0.0 29.8 24.1 24.4 3.626  -39.7   21.6    2.4  15   -6.2   5 0 0 1 1 2 0 15.9 16.5 16.1 16.2 80.0 100 100 20 408 0 143 0 401 401 400 0 0 0 60 50 WAIT_ACK 0 
b.1 2025-06-22 21:27:01.447 a 2025-06-22-21:26:59 081 001 299 0.9 2.9 5.1 14.3 19.0 727.3 0.00 0 0.0 28.9 24.1 24.4 3.624  -39.8   21.6    3.0  15   -6.1   5 0 0 1 1 2 0 15.9 17.0 16.1 16.6 80.0 100 100 20 408 0 143 0 401 401 399 0 0 0 59 50 WAIT_ACK 0 
b.1 2025-06-22 21:28:01.592 a 2025-06-22-21:28:00 089 339 251 0.4 2.3 3.8 14.3 19.8 727.3 0.00 0 0.0 28.7 24.1 24.4 3.626  -42.6   21.6    3.1  15   -5.9   0 0 0 1 1 2 0 15.9 17.2 16.1 16.9 80.0 100 100 20 408 0 144 0 401 401 400 0 0 0 59 50 WAIT_ACK 0 
b.1 2025-06-22 21:28:59.826 a 2025-06-22-21:28:58 182 026 252 0.1 1.0 2.7 14.3 18.0 727.3 0.00 0 0.0 29.1 24.1 24.4 3.634  -36.6   21.6    2.5  15   -5.9   0 0 0 1 1 2 0 15.9 17.2 16.1 17.0 80.0 100 100 20 408 0 144 0 401 401 399 0 0 0 60 50 WAIT_ACK 0 
b.1 2025-06-22 21:30:02.232 a 2025-06-22-21:30:00 132 054 164 0.1 0.8 2.7 14.5 17.4 727.3 0.00 0 0.0 30.2 24.1 24.5 3.626  -37.7   21.7    2.2  15   -5.6   5 0 0 1 1 2 0 15.9 17.0 16.1 16.8 80.0 100 100 20 408 0 144 0 401 401 399 0 0 0 60 50 WAIT_ACK 0 
b.1 2025-06-22 21:31:00.588 a 2025-06-22-21:30:59 089 004 286 0.1 0.8 2.5 14.5 17.4 727.3 0.00 0 0.0 30.6 24.1 24.4 3.627  -40.9   21.8    2.2  15   -5.8   5 0 0 1 1 2 0 15.9 16.9 16.1 16.8 80.0 100 100 20 408 0 144 0 401 401 400 0 0 0 60 50 WAIT_ACK 0 
b.1 2025-06-22 21:31:59.808 a 2025-06-22-21:31:58 305 325 354 0.1 0.7 2.7 14.8 18.5 727.3 0.00 0 0.0 30.5 24.1 24.4 3.627  -37.8   21.9    0.0  15   -5.9   5 0 0 1 1 2 0 15.9 16.9 16.1 16.7 80.0 100 100 20 408 0 144 0 401 401 400 0 0 0 60 50 WAIT_ACK 0 
b.1 2025-06-22 21:33:01.487 a 2025-06-22-21:33:00 119 044 315 0.1 1.6 3.3 14.9 16.8 727.3 0.00 0 0.0 31.0 24.1 24.4 3.626  -39.7   22.0    2.3  15   -5.8   5 0 0 1 1 2 0 15.9 16.8 16.1 16.6 80.0 100 100 20 408 0 144 0 401 401 399 0 0 0 60 50 WAIT_ACK 0 
b.1 2025-06-22 21:34:02.092 a 2025-06-22-21:34:00 117 352 258 0.1 1.2 3.2 14.9 16.8 727.3 0.00 0 0.0 31.2 24.1 24.4 3.635  -38.6   22.1    2.2  15   -5.7   5 0 0 1 1 2 0 15.9 16.8 16.1 16.6 80.0 100 100 20 408 0 144 0 401 401 400 0 0 0 60 50 WAIT_ACK 0 
b.1 2025-06-22 21:34:59.950 a 2025-06-22-21:34:58 148 036 304 0.1 1.9 4.2 14.8 16.7 727.3 0.00 0 0.0 31.2 24.1 24.4 3.626  -39.1   22.2    2.5  15   -5.8   5 0 0 1 1 2 0 15.9 16.6 16.1 16.5 80.0 100 100 20 408 0 144 0 401 401 400 0 0 0 60 50 WAIT_ACK 0 
b.1 2025-06-22 21:35:59.710 a 2025-06-22-21:35:58 123 048 242 0.1 1.6 4.5 14.7 16.8 727.3 0.00 0 0.0 30.7 24.1 24.5 3.627  -37.3   22.1    2.5  15   -5.9   0 0 0 1 1 2 0 15.9 16.6 16.1 16.5 80.0 100 100 20 408 0 144 0 401 401 400 0 0 0 60 50 WAIT_ACK 0 
b.1 2025-06-22 21:37:01.230 a 2025-06-22-21:36:59 134 040 292 0.1 1.2 3.9 14.5 17.7 727.3 0.00 0 0.0 31.2 24.1 24.4 3.635  -40.1   22.1    2.4  15   -5.8   5 0 0 1 1 2 0 15.9 16.6 16.1 16.5 80.0 100 100 20 408 0 144 0 402 401 400 0 0 0 60 50 WAIT_ACK 0 
b.1 2025-06-22 21:38:00.711 a 2025-06-22-21:37:59 084 023 338 1.0 2.9 4.4 14.6 16.8 727.3 0.00 0 0.0 30.2 24.1 24.5 3.624  -41.6   22.1    3.2  15   -5.9   5 0 0 1 1 2 0 15.9 16.6 16.1 16.4 80.0 100 100 20 408 0 144 0 401 401 400 0 0 0 59 50 WAIT_ACK 0 
b.1 2025-06-22 21:39:01.796 a 2025-06-22-21:39:00 118 043 311 0.1 2.1 3.6 14.5 16.8 727.3 0.00 0 0.0 29.7 24.1 24.4 3.626  -40.2   22.0    3.3  15   -6.1   5 0 0 1 1 2 0 15.9 16.6 16.1 16.4 80.0 100 100 20 408 0 144 0 401 402 400 0 0 0 59 50 WAIT_ACK 0 
b.1 2025-06-22 21:40:01.790 a 2025-06-22-21:40:00 091 027 257 0.1 1.5 3.9 14.1 17.4 727.3 0.00 0 0.0 29.8 24.1 24.4 3.627  -37.3   21.9    2.8  15   -6.0   0 0 0 1 1 2 0 15.9 16.6 16.1 16.4 80.0 100 100 20 408 0 144 0 401 401 399 0 0 0 60 50 WAIT_ACK 0 
b.1 2025-06-22 21:41:00.950 a 2025-06-22-21:40:59 129 069 314 0.1 1.6 4.4 14.1 17.4 727.3 0.00 0 0.0 29.9 24.1 24.4 3.626  -38.9   21.9    2.6  15   -6.0   0 0 0 1 1 2 0 15.9 16.7 16.1 16.5 80.0 100 100 20 408 0 144 0 401 401 400 0 0 0 59 50 WAIT_ACK 0 
b.1 2025-06-22 21:42:00.293 a 2025-06-22-21:41:58 114 020 137 0.2 1.7 4.5 14.3 17.3 727.3 0.00 0 0.0 29.7 24.1 24.4 3.626  -36.8   21.8    2.6  15   -5.9   0 0 0 1 1 2 0 15.8 16.7 16.1 16.6 80.0 100 100 20 408 0 144 0 401 401 399 0 0 0 59 50 WAIT_ACK 0 
b.1 2025-06-22 21:43:02.032 a 2025-06-22-21:43:00 144 035 163 0.1 1.2 3.3 14.3 17.6 727.3 0.00 0 0.0 30.1 24.1 24.5 3.626  -36.6   21.7    2.3  15   -6.0   0 0 0 1 1 2 0 15.8 16.7 16.1 16.6 80.0 100 100 20 408 0 144 0 401 401 400 0 0 0 60 50 WAIT_ACK 0 
b.1 2025-06-22 21:44:01.295 a 2025-06-22-21:43:59 132 020 285 0.3 1.9 3.3 14.5 17.0 727.3 0.00 0 0.0 30.1 24.1 24.4 3.626  -37.7   21.7    2.5  15   -6.0   0 0 0 1 1 2 0 15.8 16.7 16.0 16.6 80.0 100 100 20 408 0 144 0 401 401 399 0 0 0 59 50 WAIT_ACK 0 
b.1 2025-06-22 21:45:00.413 a 2025-06-22-21:44:58 077 027 000 0.2 2.6 4.5 14.4 16.9 727.2 0.00 0 0.0 29.4 24.1 24.4 3.624  -39.2   21.7    2.9  15   -6.1   5 0 0 1 1 2 0 15.8 16.7 16.0 16.5 80.0 100 100 20 408 0 144 0 401 401 400 0 0 0 59 50 WAIT_ACK 0 
b.1 2025-06-22 21:46:00.796 a 2025-06-22-21:45:59 116 013 299 0.2 2.5 4.7 14.2 18.6 727.2 0.00 0 0.0 28.4 24.1 24.4 3.626  -38.5   21.7    3.2  15   -6.1   5 0 0 1 1 2 0 15.8 16.9 16.0 16.6 80.0 100 100 20 408 0 144 0 401 401 399 0 0 0 59 50 WAIT_ACK 0 
b.1 2025-06-22 21:47:01.354 a 2025-06-22-21:46:59 132 032 250 0.1 1.6 3.3 14.0 17.9 727.2 0.00 0 0.0 28.6 24.1 24.4 3.623  -36.5   21.6    2.6  15   -6.1   0 0 0 1 1 2 0 15.8 16.9 16.0 16.7 80.0 100 100 20 408 0 144 0 401 401 400 0 0 0 59 50 WAIT_ACK 0 
b.1 2025-06-22 21:48:00.332 a 2025-06-22-21:47:58 129 046 169 0.1 1.3 3.9 14.1 18.0 727.2 0.00 0 0.0 29.3 24.1 24.4 3.626  -39.1   21.7    2.4  15   -5.9   5 0 0 1 1 2 0 15.8 16.8 16.0 16.6 80.0 100 100 20 408 0 144 0 401 402 400 0 0 0 60 50 WAIT_ACK 0 
b.1 2025-06-22 21:49:01.036 a 2025-06-22-21:48:59 124 029 257 0.1 1.5 4.0 14.2 17.4 727.2 0.00 0 0.0 29.5 24.1 24.4 3.626  -38.2   21.7    2.4  15   -5.9   0 0 0 1 1 2 0 15.7 16.8 16.0 16.6 80.0 100 100 20 408 0 144 0 401 401 400 0 0 0 59 50 WAIT_ACK 0 
b.1 2025-06-22 21:50:01.594 a 2025-06-22-21:50:00 091 031 281 0.2 2.1 4.0 14.3 17.0 727.2 0.00 0 0.0 29.3 24.1 24.4 3.626  -39.7   21.7    2.6  15   -6.0   0 0 0 1 1 2 0 15.8 16.8 16.0 16.6 80.0 100 100 20 408 0 144 0 401 401 399 0 0 0 59 50 WAIT_ACK 0 
b.1 2025-06-22 21:51:01.752 a 2025-06-22-21:51:00 125 026 134 0.1 2.0 4.1 14.2 17.4 727.2 0.00 0 0.0 29.0 24.1 24.4 3.626  -38.3   21.6    2.7  15   -6.0   0 0 0 1 1 2 0 15.8 16.8 16.0 16.7 80.0 100 100 20 408 0 144 0 401 401 399 0 0 0 59 50 WAIT_ACK 0 
b.1 2025-06-22 21:52:01.513 a 2025-06-22-21:52:00 090 024 251 1.0 3.1 5.4 14.2 17.1 727.2 0.00 0 0.0 28.2 24.1 24.4 3.626  -39.6   21.6    3.9  15   -6.1   5 0 0 1 1 2 0 15.7 16.8 16.0 16.6 80.0 100 100 20 408 0 144 0 402 401 399 0 0 0 60 50 WAIT_ACK 0 
b.1 2025-06-22 21:53:01.934 a 2025-06-22-21:53:00 099 022 337 1.4 3.5 5.2 13.8 17.3 727.2 0.00 0 0.0 27.1 24.1 24.4 3.634  -40.9   21.5    5.2  15   -6.2   0 0 0 1 1 2 0 15.7 16.7 16.0 16.6 80.0 100 100 20 408 0 144 0 401 401 400 0 0 0 59 50 WAIT_ACK 0 
b.1 2025-06-22 21:54:01.278 a 2025-06-22-21:53:59 133 023 281 0.2 3.5 6.4 13.4 17.9 727.2 0.00 0 0.0 26.3 24.1 24.4 3.627  -41.1   21.3    6.3  15   -6.3   5 0 0 1 1 2 0 15.7 16.8 15.9 16.6 80.0 100 100 20 408 0 144 0 400 401 399 0 0 0 59 50 WAIT_ACK 0 
b.1 2025-06-22 21:55:01.276 a 2025-06-22-21:54:59 111 028 261 0.2 2.3 6.0 13.2 18.5 727.2 0.00 0 0.0 26.2 24.1 24.4 3.626  -38.1   21.1    4.0  15   -6.4   0 0 0 1 1 2 0 15.7 16.8 15.9 16.6 80.0 100 100 20 408 0 144 0 401 401 399 0 0 0 60 50 WAIT_ACK 0 
b.1 2025-06-22 21:56:00.496 a 2025-06-22-21:55:58 152 021 269 0.4 2.8 4.5 13.4 17.9 727.2 0.00 0 0.0 26.2 24.1 24.4 3.633  -38.4   21.0    4.6  15   -6.4   5 0 0 1 1 2 0 15.6 16.8 15.9 16.7 80.0 100 100 20 408 0 144 0 401 401 399 0 0 0 59 50 WAIT_ACK 0 
b.1 2025-06-22 21:57:01.474 a 2025-06-22-21:57:00 101 024 313 1.2 4.3 6.2 13.4 18.3 727.1 0.00 0 0.0 25.4 24.1 24.4 3.627  -41.0   20.9    7.3  15   -6.4   5 0 0 1 1 2 0 15.6 16.9 15.9 16.7 80.0 100 100 20 408 0 144 0 401 401 400 0 0 0 60 50 WAIT_ACK 0 
b.1 2025-06-22 21:58:00.453 a 2025-06-22-21:57:58 118 046 314 0.2 3.0 5.9 13.1 18.8 727.1 0.00 0 0.0 25.0 24.1 24.5 3.627  -35.8   20.7    5.8  15   -6.6   0 0 0 1 1 2 0 15.6 17.0 15.8 16.8 80.0 100 100 20 408 0 144 0 401 401 400 0 0 0 59 50 WAIT_ACK 0 
b.1 2025-06-22 21:59:01.516 a 2025-06-22-21:58:59 147 046 312 0.2 1.9 4.5 13.0 18.8 727.2 0.00 0 0.0 25.8 24.1 24.4 3.633  -35.6   20.5    3.7  15   -6.6   0 0 0 1 1 2 0 15.6 17.0 15.8 16.9 80.0 100 100 20 408 0 144 0 401 401 400 0 0 0 59 50 WAIT_ACK 0 
b.1 2025-06-22 22:00:01.259 a 2025-06-22-21:59:59 147 035 273 0.2 3.3 5.8 13.2 18.4 727.2 0.00 0 0.0 25.8 24.1 24.4 3.626  -38.1   20.4    4.8  16   -6.5   5 0 0 1 1 2 0 15.6 17.1 15.8 16.9 80.0 100 100 20 408 0 144 0 401 401 400 0 0 0 60 50 WAIT_ACK 0 
b.1 2025-06-22 22:01:01.157 a 2025-06-22-22:00:59 088 015 291 0.6 3.6 6.5 13.1 19.0 727.1 0.00 0 0.0 25.1 24.1 24.4 3.626  -38.4   20.3    5.8  16   -6.5   5 0 0 1 1 2 0 15.6 17.2 15.8 17.0 80.0 100 100 20 408 0 144 0 401 401 399 0 0 0 60 50 WAIT_ACK 0 
b.1 2025-06-22 22:02:00.598 a 2025-06-22-22:01:59 136 014 217 0.1 2.6 4.9 13.1 19.0 727.2 0.00 0 0.0 25.2 24.1 24.4 3.633  -37.1   20.2    4.4  16   -6.5   0 0 0 1 1 2 0 15.5 17.2 15.8 17.0 80.0 100 100 20 408 0 144 0 401 402 399 0 0 0 59 50 WAIT_ACK 0 
b.1 2025-06-22 22:02:59.957 a 2025-06-22-22:02:58 090 027 338 0.8 3.2 5.1 13.1 18.9 727.1 0.00 0 0.0 25.3 24.1 24.5 3.626  -39.1   20.1    4.9  16   -6.5   5 0 0 1 1 2 0 15.5 17.2 15.7 17.1 80.0 100 100 20 408 0 144 0 402 401 400 0 0 0 59 50 WAIT_ACK 0 
b.1 2025-06-22 22:04:01.058 a 2025-06-22-22:03:59 119 054 348 0.8 3.5 5.5 13.3 18.3 727.1 0.00 0 0.0 25.1 24.1 24.4 3.626  -37.7   20.1    5.4  16   -6.5   0 0 0 1 1 2 0 15.5 17.1 15.7 17.0 80.0 100 100 20 408 0 144 0 402 401 400 0 0 0 59 50 WAIT_ACK 0 
b.1 2025-06-22 22:05:01.996 a 2025-06-22-22:05:00 112 028 291 0.3 2.5 5.9 13.2 18.7 727.1 0.00 0 0.0 25.1 24.1 24.4 3.626  -37.2   20.0    4.2  16   -6.6   5 0 0 1 1 2 0 15.5 17.2 15.8 17.0 80.0 100 100 20 408 0 144 0 401 401 400 0 0 0 60 50 WAIT_ACK 0 
b.1 2025-06-22 22:06:00.440 a 2025-06-22-22:05:58 108 033 171 0.1 1.7 4.1 13.2 18.8 727.1 0.00 0 0.0 25.8 24.1 24.4 3.627  -36.4   20.0    3.1  16   -6.4   0 0 0 1 1 2 0 15.5 17.2 15.7 17.0 80.0 100 100 20 408 0 144 0 401 401 399 0 0 0 60 50 WAIT_ACK 0 
b.1 2025-06-22 22:07:00.019 a 2025-06-22-22:06:58 118 039 302 0.1 1.8 4.0 13.6 18.3 727.2 0.00 0 0.0 26.3 24.1 24.4 3.627  -36.9   20.0    2.8  16   -6.4   0 0 0 1 1 2 0 15.5 17.2 15.7 17.0 80.0 100 100 20 408 0 144 0 401 402 399 0 0 0 59 50 WAIT_ACK 0 
b.1 2025-06-22 22:08:02.117 a 2025-06-22-22:08:00 146 044 323 0.3 2.1 4.1 13.7 18.7 727.1 0.00 0 0.0 26.9 24.1 24.4 3.626  -38.6   20.0    2.9  16   -6.2   0 0 0 1 1 2 0 15.5 17.3 15.7 17.1 80.0 100 100 20 408 0 144 0 401 402 400 0 0 0 59 50 WAIT_ACK 0 
b.1 2025-06-22 22:09:00.917 a 2025-06-22-22:08:59 119 036 338 0.5 2.8 5.5 13.9 18.0 727.1 0.00 0 0.0 26.7 24.1 24.4 3.626  -37.8   20.1    3.5  16   -6.3   5 0 0 1 1 2 0 15.5 17.4 15.7 17.2 80.0 100 100 20 408 0 144 0 400 401 399 0 0 0 59 50 WAIT_ACK 0 
b.1 2025-06-22 22:10:00.959 a 2025-06-22-22:09:59 134 063 262 0.3 1.9 3.8 13.8 18.5 727.1 0.00 0 0.0 27.0 24.1 24.4 3.626  -36.5   20.1    2.8  16   -6.2   0 0 0 1 1 2 0 15.4 17.4 15.7 17.3 80.0 100 100 20 408 0 144 0 401 402 399 0 0 0 59 50 WAIT_ACK 0 
b.1 2025-06-22 22:11:00.401 a 2025-06-22-22:10:58 130 019 285 0.5 3.0 5.2 13.9 18.4 727.1 0.00 0 0.0 26.8 24.1 24.5 3.627  -37.4   20.2    3.5  16   -6.1   0 0 0 1 1 2 0 15.4 17.5 15.7 17.3 80.0 100 100 20 408 0 144 0 401 401 400 0 0 0 59 50 AUTO_PARK 0 
b.1 2025-06-22 22:12:00.559 a 2025-06-22-22:11:58 131 052 313 0.1 1.9 4.4 13.9 18.0 727.1 0.00 0 0.0 27.1 24.1 24.5 3.635  -37.1   20.2    2.9  16   -6.2   0 0 0 1 1 2 0 15.4 17.5 15.7 17.3 80.0 100 100 20 408 0 144 0 401 401 399 0 0 0 59 50 AUTO_PARK 0 
b.1 2025-06-22 22:13:00.421 a 2025-06-22-22:12:58 086 022 270 0.5 2.5 4.4 13.7 18.4 727.1 0.00 0 0.0 26.8 24.1 24.4 3.626  -38.4   20.2    3.1  16   -6.1   0 0 0 1 1 2 0 15.4 17.5 15.7 17.3 80.0 100 100 20 408 0 143 0 401 401 400 0 0 0 60 50 AUTO_PARK 0 
b.1 2025-06-22 22:14:01.999 a 2025-06-22-22:14:00 104 035 316 0.1 2.2 4.4 13.7 18.1 727.1 0.00 0 0.0 27.1 24.1 24.5 3.628  -37.5   20.3    3.0  16   -6.1   0 0 0 1 1 2 0 15.4 17.5 15.7 17.2 80.0 100 100 20 408 0 144 0 402 401 400 0 0 0 59 50 AUTO_PARK 0 
b.1 2025-06-22 22:15:01.539 a 2025-06-22-22:15:00 112 039 313 0.4 3.0 4.8 13.8 17.9 727.1 0.00 0 0.0 26.7 24.1 24.4 3.627  -38.8   20.3    4.0  16   -6.1   0 0 0 1 1 2 0 15.4 17.5 15.7 17.2 80.0 100 100 20 408 0 144 0 401 401 400 0 0 0 60 50 AUTO_PARK 0 
b.1 2025-06-22 22:16:00.898 a 2025-06-22-22:15:59 157 041 270 0.2 2.3 5.4 13.8 18.1 727.1 0.00 0 0.0 26.5 24.1 24.5 3.626  -38.1   20.3    3.4  16   -6.2   5 0 0 1 1 2 0 15.4 17.3 15.7 17.1 80.0 100 100 20 408 0 144 0 401 401 400 0 0 0 60 50 AUTO_PARK 0 
b.1 2025-06-22 22:17:01.599 a 2025-06-22-22:17:00 089 030 333 0.3 3.2 5.2 13.7 18.1 727.1 0.00 0 0.0 25.8 24.1 24.4 3.627  -38.7   20.2    4.3  16   -6.2   5 0 0 1 1 2 0 15.4 17.4 15.6 17.1 80.0 100 100 20 408 0 144 0 401 401 400 0 0 0 59 50 AUTO_PARK 0 
b.1 2025-06-22 22:18:00.482 a 2025-06-22-22:17:58 106 025 322 1.0 2.7 4.1 13.5 18.2 727.1 0.00 0 0.0 25.6 24.1 24.4 3.626  -37.0   20.2    4.2  16   -6.2   5 0 0 1 1 2 0 15.4 17.3 15.6 17.2 80.0 100 100 20 408 0 143 0 401 401 399 0 0 0 60 50 AUTO_PARK 0 
b.1 2025-06-22 22:19:01.042 a 2025-06-22-22:18:59 090 043 322 0.3 2.1 4.1 13.2 19.1 727.1 0.00 0 0.0 25.8 24.1 24.5 3.626  -37.6   20.1    3.6  16   -6.2   5 0 0 1 1 2 0 15.3 17.5 15.6 17.2 80.0 100 100 20 408 0 144 0 401 401 400 0 0 0 59 50 AUTO_PARK 0 
b.1 2025-06-22 22:20:01.663 a 2025-06-22-22:20:00 135 050 275 0.1 2.5 4.5 13.1 19.0 727.1 0.00 0 0.0 26.0 24.1 24.5 3.626  -38.5   20.1    3.8  16   -6.2   5 0 0 1 1 2 0 15.3 17.6 15.6 17.3 80.0 100 100 20 408 0 144 0 400 401 399 0 0 0 60 50 AUTO_PARK 0 
b.1 2025-06-22 22:21:01.420 a 2025-06-22-22:20:59 144 038 333 0.2 2.3 5.5 13.1 18.9 727.1 0.00 0 0.0 26.0 24.1 24.4 3.626  -36.5   20.1    3.6  16   -6.2   0 0 0 1 1 2 0 15.3 17.6 15.5 17.4 80.0 100 100 20 408 0 144 0 401 401 400 0 0 0 59 50 AUTO_PARK 0 
b.1 2025-06-22 22:22:01.903 a 2025-06-22-22:22:00 082 046 273 0.1 1.4 4.4 13.1 19.1 727.1 0.00 0 0.0 26.8 24.1 24.4 3.627  -35.9   20.0    2.8  16   -6.1   5 0 0 1 1 2 0 15.3 17.6 15.6 17.4 80.0 100 100 20 408 0 144 0 400 401 399 0 0 0 59 50 AUTO_PARK 0 
b.1 2025-06-22 22:23:02.039 a 2025-06-22-22:23:00 088 031 321 0.3 2.3 4.3 13.4 18.7 727.1 0.00 0 0.0 26.8 24.1 24.4 3.626  -37.9   20.1    3.0  16   -6.1   5 0 0 1 1 2 0 15.3 17.6 15.6 17.4 80.0 100 100 20 408 0 144 0 402 401 400 0 0 0 60 50 AUTO_PARK 0 
b.1 2025-06-22 22:24:01.622 a 2025-06-22-22:24:00 138 044 322 0.3 2.1 4.6 13.6 18.6 727.0 0.00 0 0.0 26.9 24.1 24.4 3.627  -37.1   20.1    3.0  16   -6.1   5 0 0 1 1 2 0 15.3 17.6 15.6 17.4 80.0 100 100 20 408 0 144 0 400 401 399 0 0 0 60 50 AUTO_PARK 0 
b.1 2025-06-22 22:25:00.321 a 2025-06-22-22:24:58 111 035 171 0.2 1.8 3.9 13.6 18.8 727.0 0.00 0 0.0 27.2 24.1 24.4 3.633  -37.1   20.2    2.7  16   -6.0   0 0 0 1 1 2 0 15.3 17.7 15.6 17.5 80.0 100 100 20 408 0 144 0 401 401 399 0 0 0 60 50 AUTO_PARK 0 
b.1 2025-06-22 22:26:00.461 a 2025-06-22-22:25:58 140 043 235 0.2 2.4 4.4 13.7 19.0 727.0 0.00 0 0.0 27.1 24.1 24.5 3.626  -39.4   20.2    3.3  16   -6.0   5 0 0 1 1 2 0 15.3 17.7 15.6 17.5 80.0 100 100 20 408 0 144 0 402 401 400 0 0 0 59 50 AUTO_PARK 0 
b.1 2025-06-22 22:27:00.924 a 2025-06-22-22:26:59 151 051 187 0.1 1.9 4.3 13.5 19.0 727.0 0.00 0 0.0 27.1 24.1 24.5 3.626  -37.6   20.3    2.8  16   -6.0   0 0 0 1 1 2 0 15.3 17.9 15.5 17.6 80.0 100 100 20 408 0 144 0 401 402 399 0 0 0 60 50 AUTO_PARK 0 
b.1 2025-06-22 22:28:01.601 a 2025-06-22-22:28:00 110 040 272 0.2 1.9 4.3 13.5 19.8 727.0 0.00 0 0.0 27.3 24.1 24.5 3.629  -38.0   20.3    3.0  17   -5.9   5 0 0 1 1 2 0 15.3 18.0 15.6 17.8 80.0 100 100 20 408 0 144 0 401 401 400 0 0 0 60 50 AUTO_PARK 0 
b.1 2025-06-22 22:29:01.078 a 2025-06-22-22:28:59 104 035 341 1.1 2.7 4.9 13.5 18.4 727.0 0.00 0 0.0 26.9 24.1 24.4 3.626  -38.3   20.3    3.6  17   -5.9   0 0 0 1 1 2 0 15.3 17.9 15.6 17.7 80.0 100 100 20 408 0 144 0 401 402 399 0 0 0 60 50 AUTO_PARK 0 
b.1 2025-06-22 22:30:02.351 a 2025-06-22-22:30:00 126 044 354 0.7 2.3 3.9 13.3 18.6 727.0 0.00 0 0.0 26.8 24.1 24.4 3.626  -36.6   20.3    3.7  16   -6.0   0 0 0 1 1 2 0 15.3 17.9 15.6 17.7 80.0 100 100 20 408 0 144 0 401 401 399 0 0 0 60 50 AUTO_PARK 0 
b.1 2025-06-22 22:31:01.901 a 2025-06-22-22:31:00 152 028 340 0.5 2.9 4.9 13.2 18.9 727.0 0.00 0 0.0 26.4 24.1 24.4 3.633  -38.9   20.3    4.0  16   -6.0   5 0 0 1 1 2 0 15.3 17.8 15.6 17.6 80.0 100 100 20 408 0 144 0 401 401 399 0 0 0 60 50 AUTO_PARK 0 
b.1 2025-06-22 22:32:01.523 a 2025-06-22-22:32:00 092 030 339 0.3 2.7 4.9 13.2 18.9 727.0 0.00 0 0.0 25.9 24.1 24.4 3.626  -36.6   20.3    4.1  16   -6.0   5 0 0 1 1 2 0 15.3 17.8 15.6 17.6 80.0 100 100 20 408 0 144 0 402 401 400 0 0 0 60 50 AUTO_PARK 0 
b.1 2025-06-22 22:33:00.744 a 2025-06-22-22:32:59 137 045 250 0.2 1.9 4.3 13.2 19.4 727.0 0.00 0 0.0 26.4 24.1 24.4 3.633  -37.2   20.2    3.0  17   -6.0   5 0 0 1 1 2 0 15.3 18.0 15.6 17.7 80.0 100 100 20 408 0 144 0 401 401 400 0 0 0 60 50 AUTO_PARK 0 
b.1 2025-06-22 22:34:00.644 a 2025-06-22-22:33:59 088 027 342 1.5 3.6 5.4 13.2 19.4 727.0 0.00 0 0.0 25.7 24.1 24.4 3.633  -38.2   20.3    4.5  17   -5.9   0 0 0 1 1 2 0 15.3 17.9 15.6 17.7 80.0 100 100 20 408 0 144 0 401 401 400 0 0 0 59 50 AUTO_PARK 0 
b.1 2025-06-22 22:35:01.242 a 2025-06-22-22:34:59 124 029 307 0.4 3.1 4.9 13.3 19.1 727.0 0.00 0 0.0 25.5 24.1 24.5 3.627  -37.4   20.2    4.7  17   -5.9   5 0 0 1 1 2 0 15.3 17.9 15.5 17.7 80.0 100 100 20 408 0 144 0 401 401 399 0 0 0 60 50 AUTO_PARK 0 
b.1 2025-06-22 22:36:00.505 a 2025-06-22-22:35:58 205 074 342 0.1 1.6 4.6 13.3 19.0 726.9 0.00 0 0.0 25.9 24.1 24.4 3.627  -34.6   20.2    2.9  17   -5.9   0 0 0 1 1 2 0 15.3 17.9 15.5 17.7 80.0 100 100 20 408 0 144 0 401 401 400 0 0 0 60 50 AUTO_PARK 0 
b.1 2025-06-22 22:37:01.441 a 2025-06-22-22:36:59 127 061 334 0.1 2.1 4.3 13.5 19.4 726.9 0.00 0 0.0 26.5 24.1 24.4 3.627  -37.5   20.2    2.9  17   -5.9   0 0 0 1 1 2 0 15.3 17.8 15.5 17.6 80.0 100 100 20 408 0 144 0 401 401 400 0 0 0 60 50 AUTO_PARK 0 
b.1 2025-06-22 22:38:00.802 a 2025-06-22-22:37:59 137 025 239 0.1 1.8 4.2 13.7 19.1 726.9 0.00 0 0.0 26.7 24.1 24.4 3.626  -37.5   20.2    2.6  17   -5.8   5 0 0 1 1 2 0 15.3 17.8 15.5 17.6 80.0 100 100 20 408 0 144 0 400 401 399 0 0 0 59 50 AUTO_PARK 0 
b.1 2025-06-22 22:39:00.384 a 2025-06-22-22:38:58 203 038 332 0.1 2.5 4.8 13.9 18.3 727.0 0.00 0 0.0 26.5 24.1 24.5 3.626  -37.8   20.3    3.2  17   -5.8   5 0 0 1 1 2 0 15.3 17.8 15.6 17.6 80.0 100 100 20 408 0 144 0 401 402 400 0 0 0 59 50 AUTO_PARK 0 
b.1 2025-06-22 22:39:59.582 a 2025-06-22-22:39:58 085 034 321 0.1 3.1 5.7 13.9 18.5 727.0 0.00 0 0.0 25.9 24.1 24.5 3.627  -37.6   20.3    4.0  17   -5.9   5 0 0 1 1 2 0 15.3 17.8 15.5 17.6 80.0 100 100 20 408 0 144 0 401 402 399 0 0 0 60 50 AUTO_PARK 0 
b.1 2025-06-22 22:41:01.405 a 2025-06-22-22:40:59 122 026 311 0.4 3.1 5.0 13.7 18.6 727.0 0.00 0 0.0 25.3 24.1 24.5 3.627  -36.7   20.2    4.3  17   -5.9   0 0 0 1 1 2 0 15.3 17.9 15.5 17.7 80.0 100 100 20 408 0 144 0 401 401 399 0 0 0 59 50 AUTO_PARK 0 
b.1 2025-06-22 22:42:00.766 a 2025-06-22-22:41:59 169 023 254 0.3 3.0 5.6 13.4 18.9 726.9 0.00 0 0.0 25.0 24.1 24.5 3.626  -39.7   20.1    4.4  17   -6.0   5 0 0 1 1 2 0 15.3 18.0 15.5 17.9 80.0 100 100 20 408 0 144 0 401 401 400 0 0 0 60 50 AUTO_PARK 0 
b.1 2025-06-22 22:43:01.884 a 2025-06-22-22:43:00 129 044 302 0.4 2.5 4.9 13.2 19.1 726.9 0.00 0 0.0 24.8 24.1 24.5 3.627  -39.9   20.0    4.5  17   -6.0   0 0 0 1 1 2 0 15.2 18.0 15.5 17.8 80.0 100 100 20 408 0 144 0 401 402 399 0 0 0 59 50 AUTO_PARK 0 
b.1 2025-06-22 22:44:01.282 a 2025-06-22-22:43:59 103 042 345 0.4 2.2 4.0 13.0 19.3 726.9 0.00 0 0.0 25.1 24.1 24.5 3.633  -36.9   19.9    3.7  17   -6.1   0 0 0 1 1 2 0 15.2 18.0 15.5 17.8 80.0 100 100 20 408 0 144 0 401 402 399 0 0 0 60 50 AUTO_PARK 0 
b.1 2025-06-22 22:44:59.986 a 2025-06-22-22:44:58 097 028 280 0.3 2.9 5.0 13.1 18.9 727.0 0.00 0 0.0 25.0 24.1 24.4 3.626  -36.2   19.9    4.0  17   -6.1   0 0 0 1 1 2 0 15.2 18.0 15.4 17.7 80.0 100 100 20 408 0 144 0 401 401 400 0 0 0 60 50 AUTO_PARK 0 
b.1 2025-06-22 22:46:01.144 a 2025-06-22-22:45:59 136 044 329 0.4 2.9 5.4 13.1 19.0 727.0 0.00 0 0.0 24.8 24.1 24.4 3.627  -40.7   19.9    4.9  17   -6.1   5 0 0 1 1 2 0 15.2 17.9 15.4 17.7 80.0 100 100 20 408 0 144 0 400 401 399 0 0 0 59 50 AUTO_PARK 0 
b.1 2025-06-22 22:47:00.884 a 2025-06-22-22:46:59 012 052 102 0.9 2.9 5.0 13.0 19.2 726.9 0.00 0 0.0 24.7 24.1 24.4 3.631  -36.5   19.8    5.2  17   -6.1   0 0 0 1 1 2 0 15.2 17.9 15.4 17.7 80.0 100 100 20 408 0 144 0 400 401 399 0 0 0 59 50 AUTO_PARK 0 
b.1 2025-06-22 22:48:01.025 a 2025-06-22-22:47:59 091 036 224 0.4 2.2 3.8 12.8 19.2 726.9 0.00 0 0.0 24.8 24.1 24.5 3.627  -37.5   19.8    4.0  17   -6.2   0 0 0 1 1 2 0 15.1 17.9 15.4 17.7 80.0 100 100 20 408 0 144 0 401 401 400 0 0 0 60 50 AUTO_PARK 0 
b.1 2025-06-22 22:49:01.404 a 2025-06-22-22:48:59 126 022 237 0.3 2.3 4.9 12.8 19.5 726.9 0.00 0 0.0 24.9 24.1 24.4 3.627  -39.3   19.7    3.5  17   -6.1   5 0 0 1 1 2 0 15.1 18.3 15.4 17.7 80.0 100 100 20 408 0 144 0 401 401 399 0 0 0 59 50 AUTO_PARK 0 
b.1 2025-06-22 22:50:00.848 a 2025-06-22-22:49:59 074 035 227 0.2 2.0 3.8 13.0 20.1 726.9 0.00 0 0.0 24.9 24.1 24.4 3.626  -37.4   19.7    3.4  17   -5.9   0 0 0 1 1 2 0 15.2 18.2 15.4 18.0 80.0 100 100 20 408 0 144 0 401 401 399 0 0 0 59 50 AUTO_PARK 0 
b.1 2025-06-22 22:51:00.947 a 2025-06-22-22:50:59 142 045 343 0.8 2.8 4.4 13.1 19.3 726.9 0.00 0 0.0 24.9 24.1 24.5 3.627  -37.3   19.8    3.9  17   -6.0   5 0 0 1 1 2 0 15.2 18.1 15.4 17.9 80.0 100 100 20 408 0 144 0 401 401 400 0 0 0 60 50 AUTO_PARK 0 
b.1 2025-06-22 22:52:01.125 a 2025-06-22-22:51:59 159 060 325 0.1 1.7 3.8 13.1 19.5 726.9 0.00 0 0.0 25.4 24.1 24.4 3.626  -37.2   19.8    2.9  17   -5.9   5 0 0 1 1 2 0 15.2 18.1 15.4 17.9 80.0 100 100 20 408 0 144 0 401 401 399 0 0 0 59 50 AUTO_PARK 0 
b.1 2025-06-22 22:53:01.404 a 2025-06-22-22:52:59 140 050 352 1.5 2.8 4.6 13.3 19.3 726.9 0.00 0 0.0 25.3 24.1 24.4 3.627  -36.9   19.8    3.7  17   -5.9   5 0 0 1 1 2 0 15.1 18.1 15.4 17.9 80.0 100 100 20 408 0 144 0 400 401 399 0 0 0 59 50 AUTO_PARK 0 
b.1 2025-06-22 22:54:01.226 a 2025-06-22-22:53:59 122 051 295 0.2 2.0 4.5 13.3 19.3 726.9 0.00 0 0.0 25.3 24.1 24.4 3.627  -37.2   19.8    3.0  17   -5.9   0 0 0 1 1 2 0 15.1 18.1 15.4 17.9 80.0 100 100 20 408 0 144 0 402 401 400 0 0 0 60 50 AUTO_PARK 0 
b.1 2025-06-22 22:55:00.805 a 2025-06-22-22:54:59 100 036 306 0.7 3.1 5.4 13.3 19.2 726.9 0.00 0 0.0 25.2 24.1 24.5 3.627  -37.9   19.7    3.9  17   -5.9   5 0 0 1 1 2 0 15.1 18.2 15.4 18.0 80.0 100 100 20 408 0 144 0 401 401 399 0 0 0 59 50 AUTO_PARK 0 
b.1 2025-06-22 22:56:00.667 a 2025-06-22-22:55:59 175 056 293 0.3 2.1 4.1 13.2 19.4 726.9 0.00 0 0.0 25.2 24.1 24.4 3.626  -36.3   19.7    3.3  17   -6.0   0 0 0 1 1 2 0 15.1 18.2 15.4 18.0 80.0 100 100 20 408 0 144 0 401 401 400 0 0 0 59 50 AUTO_PARK 0 
b.1 2025-06-22 22:57:01.229 a 2025-06-22-22:56:59 121 034 326 0.4 2.9 5.5 13.2 19.4 726.9 0.00 0 0.0 24.8 24.1 24.4 3.627  -36.4   19.7    3.9  17   -5.9   0 0 0 1 1 2 0 15.1 18.3 15.4 18.0 80.0 100 100 20 408 0 144 0 401 401 400 0 0 0 59 50 AUTO_PARK 0 
b.1 2025-06-22 22:58:01.125 a 2025-06-22-22:57:59 236 058 300 0.1 1.6 5.1 13.2 19.8 726.9 0.00 0 0.0 25.0 24.1 24.4 3.627  -37.0   19.6    3.0  17   -5.8   5 0 0 1 1 2 0 15.1 18.3 15.3 18.1 80.0 100 100 20 408 0 144 0 401 401 400 0 0 0 60 50 AUTO_PARK 0 
b.1 2025-06-22 22:59:00.068 a 2025-06-22-22:58:58 110 028 192 0.1 1.7 4.5 13.3 19.6 726.9 0.00 0 0.0 25.4 24.1 24.4 3.627  -35.9   19.7    2.5  17   -5.8   0 0 0 1 1 2 0 15.1 18.3 15.3 18.1 80.0 100 100 20 408 0 144 0 402 401 400 0 0 0 60 50 AUTO_PARK 0 
b.1 2025-06-22 23:00:02.164 a 2025-06-22-23:00:00 139 091 316 0.1 1.2 4.5 13.7 19.6 726.9 0.00 0 0.0 26.2 24.1 24.5 3.627  -35.9   19.8    2.3  17   -5.7   0 0 0 1 1 2 0 15.1 18.4 15.3 18.2 80.0 100 100 20 408 0 144 0 400 401 399 0 0 0 60 50 AUTO_PARK 0 
b.1 2025-06-22 23:01:01.145 a 2025-06-22-23:00:59 120 015 140 0.1 1.3 3.6 14.0 19.4 726.9 0.00 0 0.0 26.7 24.1 24.4 3.626  -37.2   19.9    2.2  17   -5.5   0 0 0 1 1 2 0 15.2 18.4 15.3 18.3 80.0 100 100 20 408 0 144 0 401 401 399 0 0 0 60 50 AUTO_PARK 0 
b.1 2025-06-22 23:01:59.930 a 2025-06-22-23:01:58 151 027 244 0.2 2.5 4.6 14.0 18.9 726.9 0.00 0 0.0 26.3 24.1 24.5 3.626  -37.5   20.0    2.5  17   -5.5   0 0 0 1 1 2 0 15.2 18.4 15.3 18.3 80.0 100 100 20 408 0 144 0 401 401 399 0 0 0 60 50 AUTO_PARK 0 
b.1 2025-06-22 23:03:00.490 a 2025-06-22-23:02:58 026 027 229 0.2 1.9 3.8 13.9 19.0 726.9 0.00 0 0.0 26.2 24.1 24.5 3.633  -37.6   20.1    2.5  17   -5.5   0 0 0 1 1 2 0 15.2 18.4 15.3 18.3 80.0 100 100 20 408 0 144 0 401 401 400 0 0 0 59 50 AUTO_PARK 0 
b.1 2025-06-22 23:04:01.467 a 2025-06-22-23:03:59 100 024 305 0.5 2.5 3.7 13.8 18.9 726.9 0.00 0 0.0 25.8 24.1 24.5 3.626  -37.2   20.1    2.8  17   -5.6   0 0 0 1 1 2 0 15.2 18.4 15.4 18.3 80.0 100 100 20 408 0 144 0 401 401 399 0 0 0 60 50 AUTO_PARK 0 
b.1 2025-06-22 23:05:00.865 a 2025-06-22-23:04:59 133 027 348 0.6 2.6 4.2 13.5 19.1 726.9 0.00 0 0.0 25.5 24.1 24.4 3.632  -38.1   20.1    3.1  17   -5.6   5 0 0 1 1 2 0 15.2 18.4 15.3 18.3 80.0 100 100 20 408 0 144 0 401 401 399 0 0 0 59 50 AUTO_PARK 0 
b.1 2025-06-22 23:06:00.828 a 2025-06-22-23:05:59 095 039 238 0.1 1.6 3.3 13.5 19.1 726.9 0.00 0 0.0 25.6 24.1 24.4 3.633  -35.2   20.1    2.5  17   -5.6   0 0 0 1 1 2 0 15.1 18.4 15.3 18.3 80.0 100 100 20 408 0 144 0 401 401 400 0 0 0 59 50 AUTO_PARK 0 
b.1 2025-06-22 23:07:01.586 a 2025-06-22-23:07:00 127 024 285 0.3 1.9 3.9 13.2 19.7 726.9 0.00 0 0.0 25.8 24.1 24.5 3.627  -36.5   20.2    2.5  17   -5.6   0 0 0 1 1 2 0 15.1 18.5 15.3 18.3 80.0 100 100 20 408 0 144 0 401 401 399 0 0 0 60 50 AUTO_PARK 0 
b.1 2025-06-22 23:08:01.546 a 2025-06-22-23:07:59 105 041 270 0.4 2.8 5.2 13.2 19.7 726.9 0.00 0 0.0 25.7 24.1 24.4 3.626  -39.4   20.2    3.0  17   -5.5   5 0 0 1 1 2 0 15.1 18.3 15.4 18.2 80.0 100 100 20 408 0 144 0 401 401 400 0 0 0 59 50 AUTO_PARK 0 
b.1 2025-06-22 23:09:01.551 a 2025-06-22-23:08:59 220 069 345 0.1 1.2 3.4 13.3 19.3 726.9 0.00 0 0.0 26.1 24.1 24.5 3.627  -38.4   20.2    2.4  17   -5.5   5 0 0 1 1 2 0 15.1 18.3 15.3 18.2 80.0 100 100 20 408 0 144 0 401 401 400 0 0 0 59 50 AUTO_PARK 0 
b.1 2025-06-22 23:10:00.948 a 2025-06-22-23:09:59 153 033 267 0.1 2.2 6.5 13.4 19.2 726.9 0.00 0 0.0 26.1 24.1 24.4 3.627  -40.5   20.3    2.6  17   -5.4   5 0 0 1 1 2 0 15.1 18.3 15.3 18.2 80.0 100 100 20 408 0 144 0 401 401 400 0 0 0 60 50 AUTO_PARK 0 
b.1 2025-06-22 23:11:00.846 a 2025-06-22-23:10:59 109 050 356 0.7 3.3 6.4 13.6 18.7 726.9 0.00 0 0.0 25.4 24.1 24.5 3.626  -38.7   20.3    3.6  17   -5.5   5 0 0 1 1 2 0 15.1 18.3 15.3 18.2 80.0 100 100 20 408 0 144 0 401 401 400 0 0 0 60 50 AUTO_PARK 0 
b.1 2025-06-22 23:12:01.226 a 2025-06-22-23:11:59 140 038 184 0.1 2.4 5.3 13.4 19.0 726.9 0.00 0 0.0 25.1 24.1 24.5 3.626  -36.2   20.2    3.4  17   -5.6   0 0 0 1 1 2 0 15.1 18.3 15.3 18.1 80.0 100 100 20 408 0 144 0 401 401 400 0 0 0 60 50 AUTO_PARK 0 
b.1 2025-06-22 23:13:01.269 a 2025-06-22-23:12:59 107 021 288 0.1 2.2 5.9 13.3 19.2 726.9 0.00 0 0.0 25.1 24.1 24.4 3.627  -39.0   20.1    3.3  17   -5.6   5 0 0 1 1 2 0 15.1 18.3 15.3 18.1 80.0 100 100 20 408 0 144 0 401 401 399 0 0 0 60 50 AUTO_PARK 0 
b.1 2025-06-22 23:14:02.013 a 2025-06-22-23:14:00 125 053 295 0.1 2.0 4.3 13.4 19.0 726.9 0.00 0 0.0 25.0 24.1 24.5 3.627  -37.1   20.1    2.9  17   -5.7   0 0 0 1 1 2 0 15.1 18.3 15.3 18.1 80.0 100 100 20 408 0 144 0 400 402 399 0 0 0 60 50 AUTO_PARK 0 
b.1 2025-06-22 23:15:01.869 a 2025-06-22-23:15:00 145 046 162 0.1 1.6 4.6 13.3 19.2 726.8 0.00 0 0.0 25.4 24.1 24.5 3.626  -37.2   20.1    2.4  17   -5.7   0 0 0 1 1 2 0 15.0 18.3 15.3 18.1 80.0 100 100 20 408 0 144 0 402 401 400 0 0 0 59 50 AUTO_PARK 0 
b.1 2025-06-22 23:16:00.009 a 2025-06-22-23:15:58 148 033 302 0.1 3.0 5.2 13.5 19.2 726.9 0.00 0 0.0 25.2 24.1 24.4 3.627  -39.5   20.1    3.2  17   -5.6   5 0 0 1 1 2 0 15.0 18.3 15.3 18.2 80.0 100 100 20 408 0 144 0 401 401 400 0 0 0 59 50 AUTO_PARK 0 
b.1 2025-06-22 23:17:00.012 a 2025-06-22-23:16:58 191 030 217 0.2 2.5 5.7 13.4 18.9 726.9 0.00 0 0.0 24.6 24.1 24.5 3.627  -36.7   20.0    3.1  17   -5.7   0 0 0 1 1 2 0 15.0 18.3 15.3 18.1 80.0 100 100 20 408 0 144 0 401 401 400 0 0 0 60 50 AUTO_PARK 0 
b.1 2025-06-22 23:18:01.368 a 2025-06-22-23:17:59 120 044 270 0.2 2.1 4.1 13.2 19.4 726.9 0.00 0 0.0 24.8 24.1 24.5 3.626  -38.7   20.0    3.1  17   -5.7   5 0 0 1 1 2 0 15.0 18.4 15.2 18.2 80.0 100 100 20 408 0 144 0 401 402 399 0 0 0 59 50 AUTO_PARK 0 
b.1 2025-06-22 23:19:00.707 a 2025-06-22-23:18:59 123 054 000 0.8 2.2 4.3 13.3 19.4 726.9 0.00 0 0.0 24.9 24.1 24.4 3.633  -38.3   20.0    3.1  17   -5.6   5 0 0 1 1 2 0 15.0 18.5 15.2 18.3 80.0 100 100 20 408 0 144 0 400 402 399 0 0 0 59 50 AUTO_PARK 0 
b.1 2025-06-22 23:20:01.270 a 2025-06-22-23:19:59 135 030 225 0.2 2.0 3.8 13.4 19.3 726.9 0.00 0 0.0 24.7 24.1 24.4 3.627  -38.7   19.9    2.9  17   -5.7   5 0 0 1 1 2 0 15.0 18.5 15.2 18.3 80.0 100 100 20 408 0 144 0 401 401 400 0 0 0 60 50 AUTO_PARK 0 
b.1 2025-06-22 23:21:01.312 a 2025-06-22-23:20:59 098 032 304 0.7 2.3 4.0 13.4 19.3 726.9 0.00 0 0.0 24.5 24.1 24.4 3.626  -37.9   19.9    3.2  17   -5.7   0 0 0 1 1 2 0 15.0 18.5 15.2 18.3 80.0 100 100 20 408 0 144 0 401 401 400 0 0 0 60 50 AUTO_PARK 0 
b.1 2025-06-22 23:22:01.970 a 2025-06-22-23:22:00 110 043 346 0.8 2.5 4.0 13.3 19.2 726.9 0.00 0 0.0 24.4 24.1 24.4 3.633  -39.8   19.9    3.4  17   -5.7   5 0 0 1 1 2 0 15.0 18.5 15.2 18.3 80.0 100 100 20 408 0 144 0 401 401 400 0 0 0 59 50 AUTO_PARK 0 
b.1 2025-06-22 23:23:00.767 a 2025-06-22-23:22:59 105 034 309 0.5 1.8 3.5 13.2 19.5 726.9 0.00 0 0.0 24.4 24.1 24.5 3.627  -37.2   19.9    3.1  17   -5.7   0 0 0 1 1 2 0 15.0 18.5 15.2 18.3 80.0 100 100 20 408 0 144 0 401 401 400 0 0 0 60 50 AUTO_PARK 0 
b.1 2025-06-22 23:24:00.111 a 2025-06-22-23:23:58 141 047 287 0.2 1.4 2.9 13.3 19.4 726.9 0.00 0 0.0 24.7 24.1 24.5 3.627  -39.0   19.9    2.6  17   -5.7   0 0 0 1 1 2 0 15.0 18.5 15.2 18.3 80.0 100 100 20 408 0 144 0 401 401 400 0 0 0 60 50 AUTO_PARK 0 
b.1 2025-06-22 23:25:01.131 a 2025-06-22-23:24:59 120 036 222 0.1 1.1 2.3 13.4 19.5 726.9 0.00 0 0.0 25.3 24.1 24.4 3.627  -36.0   19.9    2.3  17   -5.6   0 0 0 1 1 2 0 15.0 18.5 15.2 18.3 80.0 100 100 20 408 0 144 0 401 401 400 0 0 0 60 50 AUTO_PARK 0 
b.1 2025-06-22 23:26:01.690 a 2025-06-22-23:26:00 158 058 185 0.2 1.7 3.7 13.6 19.4 726.9 0.00 0 0.0 25.7 24.1 24.4 3.626  -38.5   20.0    2.3  17   -5.5   5 0 0 1 1 2 0 15.0 18.5 15.2 18.3 80.0 100 100 20 408 0 144 0 401 401 399 0 0 0 59 50 AUTO_PARK 0 
b.1 2025-06-22 23:27:01.828 a 2025-06-22-23:27:00 135 083 302 0.1 1.7 5.0 13.7 19.8 726.9 0.00 0 0.0 25.9 24.1 24.4 3.627  -39.6   20.1    2.3  17   -5.3   5 0 0 1 1 2 0 14.9 18.5 15.2 18.3 80.0 100 100 20 408 0 144 0 401 401 399 0 0 0 59 50 AUTO_PARK 0 
b.1 2025-06-22 23:28:00.854 a 2025-06-22-23:27:59 041 040 069 0.2 1.8 4.2 13.8 19.1 726.8 0.00 0 0.0 26.1 24.1 24.4 3.628  -39.2   20.2    2.3  17   -5.3   0 0 0 1 1 2 0 14.9 18.7 15.2 18.4 80.0 100 100 20 408 0 144 0 401 401 400 0 0 0 60 50 AUTO_PARK 0 
b.1 2025-06-22 23:29:01.911 a 2025-06-22-23:29:00 109 030 323 0.3 2.3 3.9 13.8 19.0 726.9 0.00 0 0.0 25.6 24.1 24.4 3.626  -39.1   20.2    2.7  17   -5.3   5 0 0 1 1 2 0 14.9 18.7 15.2 18.5 80.0 100 100 20 408 0 144 0 401 402 400 0 0 0 60 50 AUTO_PARK 0 
b.1 2025-06-22 23:30:01.493 a 2025-06-22-23:29:59 147 062 305 0.2 1.9 4.8 13.6 19.3 726.9 0.00 0 0.0 25.7 24.1 24.4 3.626  -39.1   20.2    2.5  17   -5.4   0 0 0 1 1 2 0 14.9 18.7 15.2 18.4 80.0 100 100 20 408 0 144 0 401 401 399 0 0 0 60 50 AUTO_PARK 0 
b.1 2025-06-22 23:31:00.973 a 2025-06-22-23:30:59 104 025 298 0.4 2.6 6.5 13.5 19.1 726.9 0.00 0 0.0 25.3 24.1 24.5 3.626  -40.2   20.2    2.9  17   -5.4   5 0 0 1 1 2 0 14.9 18.7 15.1 18.4 80.0 100 100 20 408 0 144 0 401 401 400 0 0 0 60 50 AUTO_PARK 0 
b.1 2025-06-22 23:32:01.678 a 2025-06-22-23:32:00 115 025 330 1.1 3.1 6.5 13.3 19.1 726.9 0.00 0 0.0 24.3 24.1 24.5 3.626  -40.0   20.2    3.7  17   -5.6   5 0 0 1 1 2 0 14.9 18.6 15.1 18.5 80.0 100 100 20 408 0 144 0 401 401 400 0 0 0 60 50 AUTO_PARK 0 
b.1 2025-06-22 23:33:00.994 a 2025-06-22-23:32:59 135 033 188 0.2 1.6 4.1 13.0 19.6 726.9 0.00 0 0.0 24.3 24.1 24.4 3.626  -38.9   20.1    2.8  17   -5.5   5 0 0 1 1 2 0 14.9 18.7 15.1 18.5 80.0 100 100 20 408 0 144 0 401 401 400 0 0 0 59 50 AUTO_PARK 0 
b.1 2025-06-22 23:34:00.891 a 2025-06-22-23:33:59 199 055 312 0.2 2.0 3.8 13.1 19.4 726.9 0.00 0 0.0 24.4 24.1 24.4 3.626  -39.8   20.1    2.8  17   -5.5   5 0 0 1 1 2 0 14.8 18.7 15.1 18.5 80.0 100 100 20 408 0 144 0 400 401 399 0 0 0 60 50 AUTO_PARK 0 
b.1 2025-06-22 23:35:01.594 a 2025-06-22-23:35:00 120 046 273 0.2 1.9 3.4 13.1 19.6 726.9 0.00 0 0.0 24.5 24.1 24.4 3.627  -38.0   20.1    2.9  17   -5.6   5 0 0 1 1 2 0 14.8 18.6 15.1 18.4 80.0 100 100 20 408 0 144 0 401 401 400 0 0 0 60 50 AUTO_PARK 0 
b.1 2025-06-22 23:36:01.595 a 2025-06-22-23:35:59 139 057 301 0.1 1.6 4.0 13.2 19.5 726.9 0.00 0 0.0 24.7 24.1 24.5 3.626  -40.1   20.0    2.6  17   -5.5   5 0 0 1 1 2 0 14.8 18.7 15.1 18.4 80.0 100 100 20 408 0 144 0 402 401 400 0 0 0 60 50 AUTO_PARK 0 
b.1 2025-06-22 23:37:01.512 a 2025-06-22-23:36:59 104 032 146 0.2 2.3 5.1 13.2 19.8 726.8 0.00 0 0.0 24.3 24.1 24.4 3.633  -37.7   20.0    2.7  17   -5.5   0 0 0 1 1 2 0 14.8 18.7 15.1 18.5 80.0 100 100 20 408 0 144 0 401 401 399 0 0 0 60 50 AUTO_PARK 0 
b.1 2025-06-22 23:38:01.332 a 2025-06-22-23:37:59 130 044 315 0.5 2.9 5.5 13.2 19.8 726.8 0.00 0 0.0 24.0 24.1 24.4 3.633  -40.4   20.0    3.5  17   -5.5   5 0 0 1 1 2 0 14.8 18.7 15.1 18.6 80.0 100 100 20 408 0 144 0 401 401 400 0 0 0 59 50 AUTO_PARK 0 
b.1 2025-06-22 23:39:00.733 a 2025-06-22-23:38:59 123 056 250 0.2 2.2 4.3 13.2 19.5 726.8 0.00 0 0.0 23.7 24.1 24.4 3.626  -39.2   19.9    3.1  17   -5.5   5 0 0 1 1 2 0 14.8 18.8 15.0 18.6 80.0 100 100 20 408 0 144 0 401 401 399 0 0 0 59 50 AUTO_PARK 0 
b.1 2025-06-22 23:40:00.691 a 2025-06-22-23:39:59 117 028 307 0.2 2.3 4.7 13.0 19.7 726.8 0.00 0 0.0 23.4 24.1 24.5 3.627  -38.0   19.8    3.4  17   -5.7   5 0 0 1 1 2 0 14.8 18.8 15.0 18.6 80.0 100 100 20 408 0 144 0 401 401 400 0 0 0 60 50 AUTO_PARK 0 
b.1 2025-06-22 23:41:00.273 a 2025-06-22-23:40:58 162 031 243 0.1 1.2 3.3 12.9 20.2 726.8 0.00 0 0.0 23.9 24.1 24.4 3.634  -39.4   19.8    2.5  17   -5.6   5 0 0 1 1 2 0 14.7 18.9 15.0 18.7 80.0 100 100 20 408 0 144 0 402 401 400 0 0 0 59 50 AUTO_PARK 0 
b.1 2025-06-22 23:42:00.414 a 2025-06-22-23:41:58 198 088 297 0.1 1.2 3.5 13.0 19.8 726.8 0.00 0 0.0 24.4 24.1 24.4 3.627  -36.2   19.8    2.3  18   -5.5   0 0 0 1 1 2 0 14.7 18.9 15.0 18.7 80.0 100 100 20 408 0 144 0 401 402 399 0 0 0 60 50 AUTO_PARK 0 
b.1 2025-06-22 23:43:01.193 a 2025-06-22-23:42:59 188 074 344 0.1 0.8 2.4 13.1 20.6 726.8 0.00 0 0.0 25.4 24.1 24.4 3.627  -38.1   19.9    0.0  18   -5.3   0 0 0 1 1 2 0 14.7 18.8 15.0 18.6 80.0 100 100 20 408 0 144 0 401 401 399 0 0 0 60 50 AUTO_PARK 0 
b.1 2025-06-22 23:44:00.453 a 2025-06-22-23:43:58 157 065 298 0.2 1.9 3.7 13.6 19.4 726.8 0.00 0 0.0 25.5 24.1 24.4 3.627  -39.3   20.0    2.3  18   -5.2   0 0 0 1 1 2 0 14.8 18.8 15.0 18.6 80.0 100 100 20 408 0 144 0 401 401 400 0 0 0 59 50 AUTO_PARK 0 
b.1 2025-06-22 23:45:01.017 a 2025-06-22-23:44:59 147 051 330 0.2 2.2 4.4 13.8 18.9 726.8 0.00 0 0.0 25.2 24.1 24.4 3.627  -39.4   20.1    2.5  17   -5.3   5 0 0 1 1 2 0 14.8 18.8 15.0 18.6 80.0 100 100 20 408 0 144 0 401 401 399 0 0 0 59 50 AUTO_PARK 0 
b.1 2025-06-22 23:46:01.575 a 2025-06-22-23:45:59 177 059 286 0.2 2.2 5.8 13.6 19.1 726.7 0.00 0 0.0 24.7 24.1 24.4 3.626  -40.4   20.1    2.7  17   -5.4   5 0 0 1 1 2 0 14.7 18.8 15.0 18.6 80.0 100 100 20 408 0 144 0 401 401 399 0 0 0 59 50 AUTO_PARK 0 
b.1 2025-06-22 23:47:00.976 a 2025-06-22-23:46:59 114 044 287 0.3 2.9 5.1 13.5 19.2 726.8 0.00 0 0.0 23.9 24.1 24.4 3.627  -40.1   20.1    3.5  17   -5.4   5 0 0 1 1 2 0 14.7 18.9 14.9 18.7 80.0 100 100 20 408 0 144 0 401 401 400 0 0 0 60 50 AUTO_PARK 0 
b.1 2025-06-22 23:47:59.756 a 2025-06-22-23:47:58 098 043 357 0.8 2.4 4.7 13.2 19.7 726.8 0.00 0 0.0 23.5 24.1 24.4 3.627  -39.2   20.0    3.7  17   -5.5   0 0 0 1 1 2 0 14.7 19.0 14.9 18.8 80.0 100 100 20 408 0 144 0 401 401 400 0 0 0 59 50 AUTO_PARK 0 
b.1 2025-06-22 23:49:00.734 a 2025-06-22-23:48:59 149 019 247 0.1 1.4 3.9 12.9 20.4 726.8 0.00 0 0.0 23.6 24.1 24.4 3.627  -38.5   19.9    2.6  17   -5.5   0 0 0 1 1 2 0 14.7 19.0 14.9 18.8 80.0 100 100 20 408 0 144 0 401 401 400 0 0 0 60 50 AUTO_PARK 0 
b.1 2025-06-22 23:50:01.276 a 2025-06-22-23:49:59 105 041 314 0.3 2.5 5.1 12.9 19.8 726.8 0.00 0 0.0 23.3 24.1 24.4 3.627  -39.6   19.8    3.1  17   -5.6   5 0 0 1 1 2 0 14.6 19.0 14.9 18.9 80.0 100 100 20 408 0 144 0 401 402 399 0 0 0 60 50 AUTO_PARK 0 
b.1 2025-06-22 23:51:00.719 a 2025-06-22-23:50:59 185 077 302 0.1 1.1 2.7 12.9 20.5 726.8 0.00 0 0.0 23.8 24.1 24.5 3.627  -37.4   19.8    2.4  18   -5.5   0 0 0 1 1 2 0 14.6 19.1 14.9 18.8 80.0 100 100 20 408 0 144 0 400 401 400 0 0 0 60 50 AUTO_PARK 0 
b.1 2025-06-22 23:52:01.174 a 2025-06-22-23:51:59 133 070 321 0.2 1.6 3.6 13.1 20.0 726.8 0.00 0 0.0 24.2 24.1 24.4 3.627  -38.6   19.8    2.3  18   -5.4   5 0 0 1 1 2 0 14.7 19.1 14.9 18.8 80.0 100 100 20 408 0 144 0 401 401 399 0 0 0 60 50 AUTO_PARK 0 
b.1 2025-06-22 23:53:01.319 a 2025-06-22-23:52:59 162 090 190 0.1 1.0 2.9 13.4 19.7 726.8 0.00 0 0.0 24.9 24.1 24.4 3.626  -39.1   19.9    2.1  18   -5.3   0 0 0 1 1 2 0 14.6 19.0 14.9 18.8 80.0 100 100 20 408 0 144 0 400 402 399 0 0 0 60 50 AUTO_PARK 0 
b.1 2025-06-22 23:54:01.174 a 2025-06-22-23:53:59 166 066 305 0.1 1.5 3.8 13.7 19.3 726.8 0.00 0 0.0 25.0 24.1 24.4 3.627  -39.6   20.0    2.2  18   -5.3   5 0 0 1 1 2 0 14.6 19.0 14.9 18.8 80.0 100 100 20 408 0 144 0 401 401 400 0 0 0 60 50 AUTO_PARK 0 
b.1 2025-06-22 23:55:00.476 a 2025-06-22-23:54:58 165 040 225 0.1 1.7 5.4 13.6 19.5 726.8 0.00 0 0.0 24.7 24.1 24.4 3.627  -38.0   20.1    2.2  18   -5.2   0 0 0 1 1 2 0 14.6 19.0 14.9 18.8 80.0 100 100 20 408 0 144 0 402 401 400 0 0 0 60 50 AUTO_PARK 0 
b.1 2025-06-22 23:56:01.878 a 2025-06-22-23:56:00 175 065 277 0.0 1.4 4.5 13.6 19.3 726.8 0.00 0 0.0 25.0 24.1 24.4 3.626  -37.9   20.1    2.2  18   -5.2   0 0 0 1 1 2 0 14.6 19.1 14.9 18.9 80.0 100 100 20 408 0 144 0 401 402 399 0 0 0 60 50 AUTO_PARK 0 
b.1 2025-06-22 23:57:02.219 a 2025-06-22-23:57:00 145 066 228 0.1 1.5 4.4 13.7 19.3 726.8 0.00 0 0.0 25.0 24.1 24.4 3.633  -37.5   20.2    2.2  18   -5.2   0 0 0 1 1 2 0 14.6 19.1 14.8 18.9 80.0 100 100 20 408 0 144 0 401 402 399 0 0 0 59 50 AUTO_PARK 0 
b.1 2025-06-22 23:58:01.055 a 2025-06-22-23:57:59 180 054 250 0.3 2.5 6.1 13.8 19.0 726.7 0.00 0 0.0 24.6 24.1 24.5 3.627  -42.3   20.2    2.6  18   -5.2   5 0 0 1 1 2 0 14.6 19.1 14.8 19.0 80.0 100 100 20 408 0 144 0 401 401 399 0 0 0 60 50 AUTO_PARK 0 
b.1 2025-06-22 23:59:01.657 a 2025-06-22-23:58:59 107 027 224 0.3 1.5 3.3 13.6 19.3 726.8 0.00 0 0.0 24.2 24.1 24.4 3.626  -39.5   20.2    2.4  17   -5.3   5 0 0 1 1 2 0 14.6 19.1 14.8 19.0 80.0 100 100 20 408 0 144 0 401 401 399 0 0 0 60 50 AUTO_PARK 0 
