b.1 2025-06-01 00:00:02.209 a 2025-05-31-23:59:51 169 049 226 0.2 1.9 3.4 10.2 65.4 728.5 2.94 2660 0.0 15.1 24.1 24.5 3.627  -998.   14.5    -2.  57    6.0 100 0 2 0 0 1 1 11.7 61.5 11.8 62.3 80.0 100 100 22 407 0 144 0 402 401 400 0 0 0 60 50 WAIT_ACK 600 
b.1 2025-06-01 00:01:01.448 a 2025-06-01-00:00:51 102 094 175 0.0 0.9 2.6 10.2 67.1 728.5 0.00 0 0.0 15.0 24.0 24.5 3.627  -998.   14.5    -2.  57    6.0   0 0 2 0 0 1 1 11.7 61.4 11.8 62.8 80.0 100 100 22 407 0 144 0 400 402 399 0 0 0 59 50 WAIT_ACK 600 
b.1 2025-06-01 00:02:00.947 a 2025-06-01-00:01:50 136 061 279 0.0 1.0 3.6 10.2 62.3 728.5 0.00 0 0.0 15.1 24.1 24.5 3.627  -998.   14.6    -2.  57    6.1   0 0 2 0 0 1 1 11.7 61.7 11.8 62.1 80.0 100 100 22 407 0 144 0 401 401 399 0 0 0 60 50 WAIT_ACK 600 
b.1 2025-06-01 00:03:01.948 a 2025-06-01-00:02:51 137 095 314 0.1 2.6 4.8 10.2 64.3 728.5 0.00 0 0.0 15.2 24.1 24.5 3.626  -998.   14.6    -2.  57    6.0 100 0 2 0 0 1 1 11.8 61.5 11.9 61.9 80.0 100 100 21 407 0 144 0 401 401 400 0 0 0 59 50 WAIT_ACK 600 
b.1 2025-06-01 00:04:01.469 a 2025-06-01-00:03:51 165 069 188 0.1 0.8 2.5 10.2 65.0 728.5 0.00 0 0.0 15.1 24.1 24.5 3.633  -998.   14.6    -2.  56    6.0   0 0 2 0 0 1 1 11.8 61.4 11.9 62.5 80.0 100 100 21 407 0 144 0 401 401 400 0 0 0 59 50 WAIT_ACK 600 
b.1 2025-06-01 00:05:01.407 a 2025-06-01-00:04:50 018 089 139 0.1 1.2 2.3 10.2 65.0 728.5 0.00 0 0.0 15.0 24.0 23.4 3.633  -998.   14.6    -2.  56    6.1   0 0 2 0 0 1 1 11.8 61.5 11.9 62.5 80.0 100 100 21 407 0 144 0 401 401 400 0 0 0 59 50 WAIT_ACK 600 
b.1 2025-06-01 00:06:00.372 a 2025-06-01-00:05:50 124 071 238 0.2 1.8 3.2 10.2 64.4 728.5 0.00 0 0.0 14.7 23.7 23.4 3.633  -998.   14.6    -2.  56    6.1   0 0 2 0 0 1 1 11.8 61.1 11.9 61.4 80.0 100 100 21 407 0 144 0 401 402 399 0 0 0 59 50 WAIT_ACK 600 
b.1 2025-06-01 00:07:01.369 a 2025-06-01-00:06:50 023 113 155 0.4 1.5 3.0 10.3 62.7 728.5 0.00 0 0.0 15.0 24.1 24.4 3.627  -998.   14.7    -2.  56    6.1   0 0 2 0 0 1 1 11.8 61.0 11.9 62.8 80.0 100 100 21 407 0 144 0 401 401 400 0 0 0 60 50 WAIT_ACK 600 
b.1 2025-06-01 00:08:01.066 a 2025-06-01-00:07:50 079 110 140 1.4 1.9 2.6 10.3 63.0 728.5 0.00 0 0.0 15.1 24.1 24.5 3.631  -998.   14.7    -2.  56    6.1   0 0 2 0 0 1 1 11.9 61.1 12.0 62.0 80.0 100 100 21 407 0 144 0 401 401 400 0 0 0 59 50 WAIT_ACK 600 
b.1 2025-06-01 00:09:01.131 a 2025-06-01-00:08:50 019 081 147 0.5 1.6 4.2 10.2 64.6 728.5 0.00 0 0.0 14.9 23.9 23.4 3.633  -998.   14.8    -2.  56    6.1   0 0 2 0 0 1 1 11.9 61.1 12.0 62.7 80.0 100 100 21 407 0 144 0 401 402 399 0 0 0 59 50 WAIT_ACK 600 
b.1 2025-06-01 00:10:01.154 a 2025-06-01-00:09:50 132 083 327 0.5 2.2 4.8 10.2 64.2 728.5 0.00 0 0.0 14.8 23.7 23.4 3.633  -998.   14.8    -2.  56    6.1   0 0 2 0 0 1 1 11.9 61.0 12.0 61.7 80.0 100 100 21 407 0 144 0 401 401 400 0 0 0 59 50 WAIT_ACK 600 
b.1 2025-06-01 00:11:00.891 a 2025-06-01-00:10:50 029 121 170 0.4 2.2 5.5 10.2 62.1 728.4 0.00 0 0.0 15.0 24.1 24.5 3.628  -998.   14.8    -2.  56    6.1   0 0 2 0 0 1 1 11.9 60.7 12.0 61.6 80.0 100 100 21 407 0 144 0 400 401 399 0 0 0 59 50 WAIT_ACK 600 
b.1 2025-06-01 00:12:01.473 a 2025-06-01-00:11:51 153 072 297 0.0 0.6 1.6 10.2 63.9 728.5 0.00 0 0.0 15.1 24.1 24.5 3.634  -998.   14.8    -2.  56    6.1   0 0 2 0 0 1 1 11.9 60.8 12.0 61.7 80.0 100 100 22 407 0 144 0 401 400 399 0 0 0 59 50 WAIT_ACK 600 
b.1 2025-06-01 00:13:00.766 a 2025-06-01-00:12:50 182 082 247 0.1 0.7 1.5 10.3 65.0 728.5 0.00 0 0.0 15.0 24.1 24.5 3.626  -998.   14.9    -2.  56    6.2   0 0 2 0 0 1 1 12.0 61.1 12.1 62.2 80.0 100 100 22 407 0 144 0 401 402 399 0 0 0 60 50 WAIT_ACK 600 
b.1 2025-06-01 00:14:01.907 a 2025-06-01-00:13:51 149 061 228 0.1 1.3 3.4 10.3 63.7 728.5 0.00 0 0.0 15.1 24.1 24.5 3.626  -998.   15.0    -2.  56    6.2   0 0 2 0 0 1 1 12.0 60.9 12.1 61.8 80.0 100 100 22 407 0 144 0 401 401 399 0 0 0 59 50 WAIT_ACK 600 
b.1 2025-06-01 00:15:01.289 a 2025-06-01-00:14:50 122 117 225 0.1 0.9 2.6 10.3 67.3 728.4 0.00 0 0.0 15.1 24.1 24.5 3.627  -998.   15.0    -2.  56    6.3 100 0 2 0 0 1 1 12.0 60.9 12.1 61.9 80.0 100 100 22 407 0 144 0 401 401 399 0 0 0 60 50 WAIT_ACK 600 
b.1 2025-06-01 00:16:01.551 a 2025-06-01-00:15:51 073 115 145 1.6 3.0 4.2 10.3 60.8 728.4 0.00 0 0.0 15.0 24.1 24.4 3.627  -998.   15.0    -2.  56    6.2   0 0 2 0 0 1 1 12.0 61.1 12.1 62.1 80.0 100 100 22 407 0 144 0 401 401 400 0 0 0 59 50 WAIT_ACK 600 
b.1 2025-06-01 00:17:00.927 a 2025-06-01-00:16:50 165 098 228 0.1 1.6 3.3 10.4 64.4 728.4 0.00 0 0.0 14.9 23.8 23.4 3.633  -998.   15.0    -2.  55    6.2   0 0 2 0 0 1 1 12.0 60.9 12.1 61.8 80.0 100 100 22 407 0 144 0 401 401 399 0 0 0 60 50 WAIT_ACK 600 
b.1 2025-06-01 00:18:00.492 a 2025-06-01-00:17:50 028 097 220 0.7 2.0 3.7 10.4 63.7 728.4 0.00 0 0.0 15.2 24.1 24.4 3.628  -16.3   15.1    2.5  55    6.2   0 0 0 2 1 1 0 12.0 60.9 12.1 61.6 80.0 100 100 22 407 0 144 0 401 401 399 0 0 0 60 50 WAIT_ACK 600 
b.1 2025-06-01 00:19:01.571 a 2025-06-01-00:18:51 163 067 221 0.1 1.5 4.2 10.5 62.2 728.4 0.00 0 0.0 15.2 24.1 24.5 3.632  -11.6   15.1    2.3  55    6.2   0 0 0 2 1 1 0 12.1 60.6 12.1 61.8 80.0 100 100 22 407 0 144 0 401 402 399 0 0 0 59 50 WAIT_ACK 600 
b.1 2025-06-01 00:20:00.911 a 2025-06-01-00:19:50 107 035 327 0.2 1.4 2.3 10.4 63.1 728.4 0.00 0 0.0 15.0 24.1 24.5 3.627  -11.9   15.2    2.3  55    6.2   0 0 0 2 1 1 0 12.1 60.6 12.1 61.1 80.0 100 100 22 407 0 144 0 401 401 399 0 0 0 59 50 WAIT_ACK 600 
b.1 2025-06-01 00:20:59.868 a 2025-06-01-00:20:49 155 070 293 0.1 1.3 3.4 10.5 64.5 728.4 0.00 0 0.0 15.0 24.1 24.5 3.627  -13.1   15.2    2.2  55    6.3   0 0 0 2 1 1 0 12.0 60.5 12.1 60.8 80.0 100 100 22 407 0 144 0 401 401 399 0 0 0 59 50 WAIT_ACK 600 
b.1 2025-06-01 00:22:01.489 a 2025-06-01-00:21:51 092 069 306 0.1 1.6 3.5 10.5 63.7 728.5 0.00 0 0.0 15.1 24.1 24.5 3.627  -13.4   15.2    2.3  55    6.3   0 0 0 2 1 1 0 12.1 60.2 12.1 60.5 80.0 100 100 22 407 0 144 0 401 401 400 0 0 0 59 50 WAIT_ACK 600 
b.1 2025-06-01 00:23:00.769 a 2025-06-01-00:22:50 179 098 323 0.3 1.4 3.1 10.5 64.7 728.4 0.00 0 0.0 14.9 23.9 23.4 3.633  -14.2   15.2    2.2  55    6.2   5 0 0 2 1 1 0 12.0 60.3 12.1 60.5 80.0 100 100 22 407 0 144 0 402 401 400 0 0 0 60 50 WAIT_ACK 600 
b.1 2025-06-01 00:24:00.612 a 2025-06-01-00:23:50 222 082 299 0.1 0.6 1.5 10.5 63.1 728.4 0.00 0 0.0 15.1 24.1 24.5 3.627  -15.1   15.3    0.0  55    6.2   5 0 0 2 1 1 0 12.0 60.0 12.1 60.4 80.0 100 100 22 407 0 139 0 402 401 400 0 0 0 59 50 WAIT_ACK 600 
b.1 2025-06-01 00:25:01.289 a 2025-06-01-00:24:50 020 099 127 0.1 2.0 3.8 10.5 61.7 728.4 0.00 0 0.0 15.0 23.8 23.4 3.634  -17.5   15.2    2.3  55    6.2   5 0 0 2 1 1 0 12.0 60.2 12.1 60.5 80.0 100 100 22 407 0 115 0 401 401 399 0 0 0 60 50 WAIT_ACK 600 
b.1 2025-06-01 00:26:00.153 a 2025-06-01-00:25:49 020 063 109 0.5 1.9 3.3 10.4 61.2 728.3 0.00 0 0.0 15.0 24.1 24.5 3.627  -19.0   15.3    2.4  55    6.2   5 0 0 2 1 2 0 12.0 60.3 12.1 60.7 80.0 100 100 22 407 0 133 0 402 401 400 0 0 0 60 50 WAIT_ACK 600 
b.1 2025-06-01 00:27:00.653 a 2025-06-01-00:26:50 162 089 307 0.1 1.3 2.7 10.4 63.3 728.4 0.00 0 0.0 15.1 24.1 24.4 3.628  -20.3   15.2    2.2  54    6.1   5 0 0 2 1 2 0 12.0 60.4 12.1 60.6 80.0 100 100 22 407 0 144 0 401 401 399 0 0 0 59 50 WAIT_ACK 598 
b.1 2025-06-01 00:28:01.512 a 2025-06-01-00:27:51 146 053 233 0.1 1.7 3.7 10.3 62.5 728.4 0.00 0 0.0 14.9 23.8 23.4 3.634  -19.0   15.2    2.3  54    6.1   5 0 0 2 1 2 0 12.0 60.2 12.1 60.5 80.0 100 100 22 407 0 144 0 401 401 399 0 0 0 59 50 WAIT_ACK 538 
b.1 2025-06-01 00:29:00.694 a 2025-06-01-00:28:50 130 054 327 0.3 1.4 2.8 10.4 62.4 728.3 0.00 0 0.0 15.0 24.1 24.5 3.628  -20.8   15.2    2.3  54    6.1   5 0 0 2 1 2 0 12.0 60.2 12.1 60.5 80.0 100 100 22 407 0 144 0 401 401 399 0 0 0 59 50 WAIT_ACK 572 
b.1 2025-06-01 00:30:02.398 a 2025-06-01-00:29:52 135 045 191 0.1 1.4 3.4 10.5 62.7 728.3 0.00 0 0.0 15.0 24.1 24.5 3.628  -20.2   15.3    2.2  54    6.1   5 0 0 2 1 2 0 11.9 60.3 12.1 60.5 80.0 100 100 22 407 0 144 0 401 401 399 0 0 0 59 50 WAIT_ACK 573 
b.1 2025-06-01 00:31:00.891 a 2025-06-01-00:30:50 009 050 106 0.5 2.1 3.7 10.5 61.8 728.4 0.00 0 0.0 15.0 24.1 24.5 3.627  -21.2   15.3    2.5  54    6.1   6 0 0 2 1 2 0 11.9 60.3 12.1 61.0 80.0 100 100 22 407 0 144 0 402 401 400 0 0 0 59 50 WAIT_ACK 599 
b.1 2025-06-01 00:32:01.009 a 2025-06-01-00:31:50 018 091 175 0.3 2.2 4.3 10.5 62.5 728.4 0.00 0 0.0 14.9 23.8 23.4 3.633  -19.7   15.3    2.5  54    6.1   8 0 0 2 1 2 0 11.9 60.4 12.0 60.7 80.0 100 100 22 407 0 144 0 401 401 399 0 0 0 60 50 WAIT_ACK 593 
b.1 2025-06-01 00:33:01.030 a 2025-06-01-00:32:50 011 070 146 0.1 1.6 3.7 10.5 61.9 728.3 0.00 0 0.0 14.9 24.1 24.5 3.627  -20.3   15.3    2.5  54    6.1   8 0 0 2 1 2 0 11.9 60.5 12.0 60.6 80.0 100 100 22 407 0 144 0 401 401 399 0 0 0 59 50 WAIT_ACK 569 
b.1 2025-06-01 00:34:01.230 a 2025-06-01-00:33:50 042 096 123 1.6 5.3 7.1 10.5 60.7 728.3 0.00 0 0.0 15.0 24.1 24.5 3.628  -25.6   15.3    4.7  54    6.0  12 0 0 1 1 2 0 11.9 60.3 12.0 60.4 80.0 100 100 21 407 0 144 0 402 401 400 0 0 0 59 50 WAIT_ACK 509 
b.1 2025-06-01 00:35:01.496 a 2025-06-01-00:34:51 026 112 233 0.1 2.8 5.3 10.5 61.8 728.3 0.00 0 0.0 15.0 24.1 24.4 3.627  -19.4   15.2    3.7  54    5.9  11 0 0 2 1 2 0 11.9 60.2 12.0 60.4 80.0 100 100 21 407 0 144 0 402 401 400 0 0 0 59 50 WAIT_ACK 600 
b.1 2025-06-01 00:36:01.793 a 2025-06-01-00:35:51 023 034 150 0.1 0.7 2.2 10.6 63.1 728.3 0.00 0 0.0 15.4 24.1 24.5 3.627  -19.7   15.2    2.4  54    5.9   5 0 0 2 1 2 0 11.8 60.2 12.0 60.3 80.0 100 100 21 407 0 144 0 400 401 399 0 0 0 60 50 WAIT_ACK 587 
b.1 2025-06-01 00:37:01.950 a 2025-06-01-00:36:51 275 140 302 0.0 0.3 1.0 10.6 63.2 728.3 0.00 0 0.0 15.4 24.1 24.5 3.633  -18.4   15.3    0.0  54    6.0   0 0 0 2 1 2 0 11.9 60.4 12.0 60.8 80.0 100 100 21 407 0 144 0 402 401 400 0 0 0 59 50 WAIT_ACK 600 
b.1 2025-06-01 00:38:00.914 a 2025-06-01-00:37:50 132 040 173 0.2 1.4 3.1 10.5 63.7 728.2 0.00 0 0.0 15.2 24.1 24.5 3.627  -19.9   15.3    2.3  54    6.0   5 0 0 2 1 2 0 11.9 60.4 12.0 60.7 80.0 100 100 21 407 0 144 0 401 401 400 0 0 0 60 50 WAIT_ACK 588 
b.1 2025-06-01 00:39:01.453 a 2025-06-01-00:38:50 132 025 209 0.2 1.4 3.0 10.5 62.6 728.2 0.00 0 0.0 14.9 23.9 23.4 3.634  -19.6   15.3    2.3  54    6.1   5 0 0 2 1 2 0 11.9 60.3 12.0 60.4 80.0 100 100 21 407 0 144 0 401 401 400 0 0 0 59 50 WAIT_ACK 600 
b.1 2025-06-01 00:40:00.828 a 2025-06-01-00:39:50 139 071 318 0.3 1.3 3.5 10.6 63.3 728.2 0.00 0 0.0 15.1 24.1 24.4 3.628  -17.8   15.4    2.2  54    6.1   5 0 0 2 1 2 0 11.8 60.5 12.0 60.7 80.0 100 100 21 407 0 144 0 402 401 399 0 0 0 60 50 WAIT_ACK 600 
b.1 2025-06-01 00:41:01.278 a 2025-06-01-00:40:50 106 016 203 0.1 0.8 2.6 10.6 63.3 728.2 0.00 0 0.0 15.0 24.1 24.5 3.628  -17.9   15.4    0.0  54    6.1   5 0 0 2 1 2 0 11.8 60.7 12.0 60.8 80.0 100 100 21 407 0 144 0 401 401 400 0 0 0 59 50 WAIT_ACK 600 
b.1 2025-06-01 00:42:00.970 a 2025-06-01-00:41:50 107 051 122 0.1 1.1 3.2 10.6 64.6 728.1 0.00 0 0.0 15.0 24.0 23.4 3.633  -19.3   15.4    2.1  54    6.2   5 0 0 2 1 2 0 11.8 60.7 12.0 60.9 80.0 100 100 22 407 0 144 0 401 401 400 0 0 0 60 50 WAIT_ACK 600 
b.1 2025-06-01 00:43:01.096 a 2025-06-01-00:42:50 183 111 311 0.2 1.0 2.8 10.6 66.2 728.1 0.00 0 0.0 15.2 24.1 24.5 3.627  -17.7   15.5    0.0  54    6.2   5 0 0 2 1 2 0 11.8 60.6 12.0 60.8 80.0 100 100 22 407 0 144 0 401 401 399 0 0 0 60 50 WAIT_ACK 600 
b.1 2025-06-01 00:44:01.532 a 2025-06-01-00:43:51 139 055 356 0.2 1.5 3.2 10.7 63.6 728.1 0.00 0 0.0 15.0 24.1 24.5 3.631  -18.0   15.5    2.2  54    6.3   5 0 0 2 1 2 0 11.8 60.8 12.0 61.0 80.0 100 100 22 407 0 144 0 401 401 400 0 0 0 59 50 WAIT_ACK 600 
b.1 2025-06-01 00:45:01.572 a 2025-06-01-00:44:51 121 017 276 0.3 1.7 4.6 10.7 62.7 728.1 0.00 0 0.0 15.1 24.1 24.5 3.628  -19.4   15.5    2.2  54    6.3   5 0 0 2 1 2 0 11.8 60.8 11.9 60.9 80.0 100 100 22 407 0 144 0 401 401 400 0 0 0 60 50 WAIT_ACK 600 
b.1 2025-06-01 00:46:01.801 a 2025-06-01-00:45:51 130 047 298 0.3 1.9 3.8 10.7 61.7 728.1 0.00 0 0.0 15.0 24.1 24.5 3.627  -18.9   15.5    2.3  54    6.2   5 0 0 2 1 2 0 11.8 60.8 12.0 60.8 80.0 100 100 22 407 0 144 0 401 402 399 0 0 0 59 50 WAIT_ACK 600 
b.1 2025-06-01 00:47:02.016 a 2025-06-01-00:46:51 195 050 285 0.1 1.2 3.4 10.6 63.3 728.1 0.00 0 0.0 15.2 24.1 24.5 3.627  -17.2   15.6    2.2  54    6.2   5 0 0 2 1 2 0 11.8 60.9 11.9 60.9 80.0 100 100 22 407 0 144 0 401 401 399 0 0 0 60 50 WAIT_ACK 600 
b.1 2025-06-01 00:48:01.397 a 2025-06-01-00:47:50 117 048 219 0.1 0.9 2.9 10.6 65.0 728.1 0.00 0 0.0 15.1 24.1 24.4 3.627  -16.9   15.6    0.0  54    6.2   5 0 0 2 1 2 0 11.8 61.0 11.9 61.1 80.0 100 100 22 407 0 144 0 402 401 400 0 0 0 59 50 WAIT_ACK 600 
b.1 2025-06-01 00:49:00.736 a 2025-06-01-00:48:50 109 031 246 0.1 1.9 4.7 10.6 64.1 728.0 0.00 0 0.0 14.9 23.9 23.4 3.633  -19.1   15.6    2.3  54    6.2   5 0 0 2 1 2 0 11.8 61.1 11.9 61.1 80.0 100 100 22 407 0 144 0 401 401 399 0 0 0 60 50 WAIT_ACK 600 
b.1 2025-06-01 00:50:00.894 a 2025-06-01-00:49:50 075 026 259 0.1 1.9 5.5 10.6 63.1 727.9 0.00 0 0.0 15.0 24.1 24.5 3.627  -20.2   15.6    2.4  54    6.3   6 0 0 2 1 2 0 11.7 61.2 11.9 61.3 80.0 100 100 22 407 0 144 0 401 402 399 0 0 0 59 50 WAIT_ACK 599 
b.1 2025-06-01 00:51:01.933 a 2025-06-01-00:50:51 166 026 224 0.2 2.6 5.5 10.7 62.5 727.9 0.00 0 0.0 15.1 24.1 24.5 3.635  -20.0   15.6    2.7  54    6.2   7 0 0 2 1 2 0 11.8 61.1 11.9 61.1 80.0 100 100 22 407 0 144 0 402 401 400 0 0 0 60 50 WAIT_ACK 538 
b.1 2025-06-01 00:52:01.273 a 2025-06-01-00:51:50 132 075 280 0.1 1.5 3.9 10.6 63.4 727.9 0.00 0 0.0 15.0 24.1 24.5 3.627  -17.8   15.6    2.4  53    6.1   7 0 0 2 1 2 0 11.7 60.8 11.9 61.0 80.0 100 100 22 407 0 144 0 401 401 399 0 0 0 60 50 WAIT_ACK 600 
b.1 2025-06-01 00:53:01.174 a 2025-06-01-00:52:50 148 048 241 0.1 1.5 4.8 10.6 63.5 727.9 0.00 0 0.0 14.9 23.9 23.4 3.634  -19.8   15.5    2.4  54    6.2   7 0 0 2 1 2 0 11.7 60.9 11.9 61.0 80.0 100 100 22 407 0 144 0 401 401 399 0 0 0 59 50 WAIT_ACK 566 
b.1 2025-06-01 00:54:00.595 a 2025-06-01-00:53:50 103 035 239 0.1 1.8 5.1 10.6 63.7 727.8 0.00 0 0.0 14.9 24.0 24.5 3.627  -20.4   15.5    2.4  54    6.2   7 0 0 2 1 2 0 11.7 60.9 11.8 61.1 80.0 100 100 22 407 0 144 0 401 401 400 0 0 0 59 50 WAIT_ACK 507 
b.1 2025-06-01 00:55:01.657 a 2025-06-01-00:54:51 060 024 218 0.3 2.3 5.2 10.6 63.3 727.9 0.00 0 0.0 15.0 24.1 24.5 3.628  -21.0   15.5    2.6  54    6.1   7 0 0 2 1 2 0 11.7 60.8 11.8 60.8 80.0 100 100 22 407 0 144 0 401 401 399 0 0 0 60 50 WAIT_ACK 446 
b.1 2025-06-01 00:56:01.276 a 2025-06-01-00:55:50 183 034 193 0.2 1.8 5.1 10.6 62.6 727.9 0.00 0 0.0 15.1 24.1 24.5 3.628  -20.2   15.5    2.5  53    6.1   7 0 0 2 1 2 0 11.7 60.7 11.8 60.9 80.0 100 100 22 407 0 144 0 401 401 399 0 0 0 59 50 WAIT_ACK 386 
b.1 2025-06-01 00:57:01.213 a 2025-06-01-00:56:50 126 309 167 0.0 0.4 1.3 10.6 64.1 727.9 0.00 0 0.0 15.5 24.1 24.5 3.628  -18.6   15.5    0.0  54    6.1   5 0 0 2 1 2 0 11.7 61.0 11.8 61.2 80.0 100 100 22 407 0 144 0 401 401 400 0 0 0 60 50 WAIT_ACK 600 
b.1 2025-06-01 00:58:00.275 a 2025-06-01-00:57:49 002 353 306 0.1 0.4 1.9 10.7 64.4 727.9 0.00 0 0.0 15.7 24.1 24.5 3.627  -18.9   15.4    0.0  54    6.1   5 0 0 2 1 2 0 11.7 61.2 11.8 61.3 80.0 100 99 22 400 -4 144 0 401 401 400 0 0 0 0 50 WAIT_ACK 600 
b.1 2025-06-01 00:59:01.513 a 2025-06-01-00:58:51 045 331 120 0.1 0.6 2.9 10.8 64.0 727.9 0.00 0 0.0 15.7 24.1 24.5 3.628  -19.9   15.5    0.0  54    6.2   5 0 0 2 1 2 0 11.7 61.2 11.9 61.3 80.0 100 99 22 407 3 145 0 401 401 400 0 0 0 60 50 WAIT_ACK 600 
b.1 2025-06-01 01:00:02.096 a 2025-06-01-00:59:51 045 000 090 0.1 0.6 2.5 10.8 63.5 727.9 0.00 0 0.0 15.6 24.1 24.4 3.627  -19.1   15.5    0.0  54    6.2   5 0 0 2 1 2 0 11.7 61.1 11.9 61.3 80.0 100 99 22 407 0 145 0 401 401 399 0 0 0 60 50 WAIT_ACK 600 
b.1 2025-06-01 01:01:00.555 a 2025-06-01-01:01:00 189 117 213 0.1 0.9 4.9 10.9 63.8 727.9 0.00 0 0.0 15.6 24.1 24.4 3.627  -20.6   15.6    2.2  54    6.3   5 0 0 2 1 2 0 11.7 61.4 11.9 61.7 80.0 100 99 22 407 0 145 0 401 402 399 0 0 0 60 50 WAIT_ACK 590 
b.1 2025-06-01 01:02:01.194 a 2025-06-01-01:02:01 109 032 229 0.3 3.5 6.1 10.9 61.9 727.8 0.00 0 0.0 14.9 23.8 23.4 3.633  -20.6   15.6    2.9  54    6.3   5 0 0 2 1 2 0 11.7 61.2 11.9 61.3 80.0 100 99 22 407 0 145 0 402 401 399 0 0 0 60 50 WAIT_ACK 529 
b.1 2025-06-01 01:03:00.717 a 2025-06-01-01:03:00 158 064 321 0.3 2.2 5.0 10.8 62.6 727.8 0.00 0 0.0 15.3 24.1 24.5 3.627  -20.7   15.6    2.8  53    6.2   7 0 0 2 1 2 0 11.7 60.9 11.9 61.0 80.0 100 100 21 407 0 145 0 401 401 400 0 0 0 60 50 WAIT_ACK 469 
b.1 2025-06-01 01:04:00.973 a 2025-06-01-01:04:00 010 077 160 0.3 1.6 3.9 10.7 63.5 727.8 0.00 0 0.0 15.0 24.1 24.5 3.628  -21.3   15.6    2.6  53    6.2   7 0 0 2 1 2 0 11.7 60.8 11.9 60.8 80.0 100 100 21 407 0 145 0 401 401 400 0 0 0 60 50 WAIT_ACK 409 
b.1 2025-06-01 01:05:01.532 a 2025-06-01-01:05:01 182 067 215 0.2 1.2 2.6 10.7 63.6 727.8 0.00 0 0.0 15.0 24.1 24.5 3.634  -19.3   15.6    2.3  53    6.2   7 0 0 2 1 2 0 11.7 60.9 11.8 60.9 80.0 100 100 21 407 0 145 0 401 401 400 0 0 0 60 50 WAIT_ACK 571 
b.1 2025-06-01 01:06:01.513 a 2025-06-01-01:06:01 091 052 282 0.2 1.7 4.1 10.7 62.9 727.8 0.00 0 0.0 14.9 23.7 23.4 3.633  -21.3   15.6    2.4  54    6.2   7 0 0 2 1 1 0 11.7 60.9 11.8 60.9 80.0 100 100 21 407 0 145 0 401 401 400 0 0 0 60 50 WAIT_ACK 511 
b.1 2025-06-01 01:06:59.921 a 2025-06-01-01:06:59 123 010 217 0.2 2.0 4.1 10.7 62.9 727.8 0.00 0 0.0 14.9 24.1 24.5 3.627  -20.7   15.6    2.5  53    6.2   7 0 0 2 1 1 0 11.7 60.9 11.8 61.0 80.0 100 100 21 407 0 145 0 401 401 400 0 0 0 60 50 WAIT_ACK 453 
b.1 2025-06-01 01:08:00.592 a 2025-06-01-01:08:00 077 021 190 0.2 1.7 5.2 10.7 62.4 727.8 0.00 0 0.0 15.0 24.1 24.5 3.635  -21.0   15.6    2.5  53    6.2   7 0 0 2 1 1 0 11.7 60.9 11.8 61.0 80.0 100 100 21 407 0 145 0 401 401 400 0 0 0 60 50 WAIT_ACK 392 
b.1 2025-06-01 01:09:00.575 a 2025-06-01-01:09:00 167 074 325 0.1 1.1 3.3 10.7 62.4 727.9 0.00 0 0.0 15.0 24.1 24.5 3.633  -20.0   15.6    2.3  53    6.1   7 0 0 2 1 1 0 11.7 60.9 11.8 61.0 80.0 100 100 21 407 0 145 0 401 401 399 0 0 0 60 50 WAIT_ACK 332 
b.1 2025-06-01 01:10:00.835 a 2025-06-01-01:10:00 140 017 195 0.1 1.1 3.1 10.7 65.2 727.9 0.00 0 0.0 14.9 24.1 24.4 3.627  -21.0   15.6    2.2  53    6.2   7 0 0 2 1 1 0 11.7 61.0 11.8 61.2 80.0 100 100 21 407 0 145 0 401 401 399 0 0 0 60 50 WAIT_ACK 272 
b.1 2025-06-01 01:11:00.914 a 2025-06-01-01:11:00 272 194 287 0.1 0.5 1.7 10.7 63.2 727.9 0.00 0 0.0 15.1 24.1 24.5 3.627  -20.6   15.6    0.0  53    6.2   7 0 0 2 1 1 0 11.7 61.6 11.8 61.7 80.0 100 100 21 407 0 145 0 401 401 399 0 0 0 60 50 WAIT_ACK 212 
b.1 2025-06-01 01:12:01.434 a 2025-06-01-01:12:01 149 046 249 0.1 1.3 3.8 10.7 63.3 727.9 0.00 0 0.0 15.0 24.1 24.5 3.628  -21.7   15.6    2.2  53    6.2   5 0 0 2 1 1 0 11.7 61.5 11.8 61.6 80.0 100 100 22 407 0 145 0 401 401 400 0 0 0 60 50 WAIT_ACK 151 
b.1 2025-06-01 01:13:01.476 a 2025-06-01-01:13:01 126 064 139 0.1 1.3 4.0 10.7 62.5 727.8 0.00 0 0.0 14.8 23.7 23.4 3.633  -22.3   15.6    2.1  53    6.1   5 0 0 2 1 1 0 11.7 61.2 11.8 61.2 80.0 100 100 22 407 0 145 0 401 401 400 0 0 0 60 50 WAIT_ACK 91 
b.1 2025-06-01 01:14:01.141 a 2025-06-01-01:14:01 100 058 260 0.1 1.4 4.6 10.7 62.8 727.9 0.00 0 0.0 15.1 24.1 24.5 3.627  -21.5   15.6    2.2  53    6.1   6 0 0 2 1 1 0 11.7 61.0 11.8 61.1 80.0 100 100 22 407 0 145 0 401 401 399 0 0 0 60 50 WAIT_ACK 31 
b.1 2025-06-01 01:15:01.677 a 2025-06-01-01:15:01 090 317 153 0.1 0.5 1.9 10.7 65.5 727.8 0.00 0 0.0 14.9 24.0 24.5 3.627  -22.0   15.5    2.2  53    6.1   6 0 0 2 1 1 0 11.7 61.3 11.8 61.3 80.0 100 100 22 407 0 145 0 401 402 399 0 0 0 60 50 WAIT_ACK 0 
b.1 2025-06-01 01:16:01.796 a 2025-06-01-01:16:01 261 310 302 0.1 1.2 5.1 10.7 65.1 727.8 0.00 0 0.0 14.9 23.9 23.4 3.634  -25.2   15.5    2.2  53    6.1   6 0 0 1 1 1 0 11.7 61.2 11.8 61.3 80.0 100 100 22 407 0 145 0 402 401 400 0 0 0 60 50 WAIT_ACK 0 
b.1 2025-06-01 01:17:00.775 a 2025-06-01-01:17:00 095 020 260 0.1 2.7 5.8 10.6 61.3 727.8 0.00 0 0.0 15.3 24.1 24.5 3.627  -24.8   15.5    2.5  53    6.0   7 0 0 2 1 1 0 11.7 61.1 11.8 61.2 80.0 100 100 22 407 0 145 0 401 401 399 0 0 0 60 50 WAIT_ACK 0 
b.1 2025-06-01 01:18:01.414 a 2025-06-01-01:18:01 149 055 197 0.1 1.8 4.0 10.5 62.5 727.8 0.00 0 0.0 14.8 23.6 23.4 3.633  -25.7   15.5    2.5  53    6.0   7 0 0 1 1 1 0 11.7 61.1 11.8 61.1 80.0 100 100 22 407 0 145 0 402 401 400 0 0 0 60 50 WAIT_ACK 0 
b.1 2025-06-01 01:19:00.381 a 2025-06-01-01:19:00 163 097 309 0.1 1.5 3.2 10.5 63.9 727.8 0.00 0 0.0 15.0 24.1 24.5 3.628  -22.9   15.4    2.3  53    6.0   7 0 0 2 1 1 0 11.6 61.0 11.8 61.0 80.0 100 100 22 407 0 145 0 401 402 399 0 0 0 60 50 WAIT_ACK 0 
b.1 2025-06-01 01:20:01.053 a 2025-06-01-01:20:00 177 085 315 0.1 1.0 2.6 10.5 63.7 727.8 0.00 0 0.0 15.0 24.1 24.4 3.627  -23.8   15.4    2.2  53    5.9   7 0 0 2 1 1 0 11.6 61.0 11.7 61.1 80.0 100 100 22 407 0 145 0 401 402 400 0 0 0 60 50 WAIT_ACK 0 
b.1 2025-06-01 01:21:00.618 a 2025-06-01-01:21:00 133 082 160 0.1 0.7 1.9 10.4 63.6 727.9 0.00 0 0.0 15.0 24.1 24.5 3.628  -22.8   15.4    0.0  53    5.9   7 0 0 2 1 1 0 11.6 61.3 11.7 61.4 80.0 100 100 22 407 0 145 0 401 401 400 0 0 0 60 50 WAIT_ACK 0 
b.1 2025-06-01 01:22:01.716 a 2025-06-01-01:22:01 132 030 263 0.1 1.3 5.1 10.4 64.5 727.9 0.00 0 0.0 14.8 23.7 23.4 3.634  -25.3   15.4    2.3  53    5.9   7 0 0 1 1 1 0 11.6 61.4 11.7 61.7 80.0 100 100 22 407 0 145 0 401 401 400 0 0 0 60 50 WAIT_ACK 0 
b.1 2025-06-01 01:23:00.075 a 2025-06-01-01:22:59 181 092 314 0.1 1.3 4.3 10.4 64.9 727.9 0.00 0 0.0 15.2 24.1 24.5 3.629  -23.4   15.3    2.2  53    5.9   7 0 0 2 1 1 0 11.6 61.5 11.7 61.7 80.0 100 100 22 407 0 145 0 401 401 400 0 0 0 60 50 WAIT_ACK 0 
b.1 2025-06-01 01:24:01.217 a 2025-06-01-01:24:01 177 088 270 0.1 0.9 3.0 10.4 65.2 728.0 0.00 0 0.0 14.9 24.0 24.4 3.627  -24.3   15.3    2.2  53    5.9   5 0 0 2 1 1 0 11.6 61.7 11.7 61.8 80.0 100 100 22 407 0 145 0 402 401 400 0 0 0 60 50 WAIT_ACK 0 
b.1 2025-06-01 01:25:00.694 a 2025-06-01-01:25:00 140 047 243 0.1 1.5 5.1 10.4 64.1 728.0 0.00 0 0.0 15.1 24.1 24.5 3.627  -23.7   15.3    2.2  53    5.9   5 0 0 2 1 1 0 11.6 61.8 11.7 61.9 80.0 100 100 22 407 0 145 0 401 401 399 0 0 0 60 50 WAIT_ACK 0 
b.1 2025-06-01 01:26:02.209 a 2025-06-01-01:26:01 134 074 318 0.1 1.3 3.2 10.4 64.1 728.0 0.00 0 0.0 15.0 24.1 24.5 3.628  -22.5   15.2    2.2  54    5.9   5 0 0 2 1 1 0 11.6 61.9 11.7 61.9 80.0 100 100 22 407 0 145 0 402 401 400 0 0 0 60 50 WAIT_ACK 0 
b.1 2025-06-01 01:27:00.618 a 2025-06-01-01:27:00 207 095 234 0.0 0.9 2.7 10.3 65.7 728.0 0.00 0 0.0 14.9 24.1 24.5 3.627  -23.1   15.2    0.0  54    5.9   5 0 0 2 1 1 0 11.6 61.9 11.7 62.1 80.0 100 100 22 407 0 145 0 402 401 400 0 0 0 60 50 WAIT_ACK 0 
b.1 2025-06-01 01:28:01.121 a 2025-06-01-01:28:00 226 147 325 0.1 1.0 4.6 10.2 65.2 728.0 0.00 0 0.0 15.2 24.1 24.5 3.627  -22.2   15.2    0.0  54    5.8   6 0 0 2 1 1 0 11.6 62.0 11.7 62.0 80.0 100 100 22 407 0 145 0 401 401 400 0 0 0 60 50 WAIT_ACK 0 
b.1 2025-06-01 01:29:02.081 a 2025-06-01-01:29:01 181 000 194 0.1 0.8 3.4 10.3 64.3 727.9 0.00 0 0.0 14.8 23.7 23.4 3.632  -23.1   15.1    0.0  54    5.8   6 0 0 2 1 1 0 11.6 62.0 11.7 62.1 80.0 100 100 22 407 0 145 0 401 401 400 0 0 0 60 50 WAIT_ACK 0 
b.1 2025-06-01 01:30:02.084 a 2025-06-01-01:30:01 112 048 225 0.4 2.1 4.2 10.3 63.5 727.9 0.00 0 0.0 14.9 24.0 23.4 3.633  -24.2   15.1    2.3  54    5.8   6 0 0 2 1 1 0 11.6 61.9 11.7 61.9 80.0 100 100 22 407 0 145 0 401 401 399 0 0 0 60 50 WAIT_ACK 0 
b.1 2025-06-01 01:31:00.520 a 2025-06-01-01:31:00 225 049 239 0.4 2.2 4.3 10.3 63.8 727.9 0.00 0 0.0 14.9 24.1 24.5 3.627  -24.7   15.1    2.6  54    5.8   7 0 0 2 1 1 0 11.6 62.0 11.7 62.0 80.0 100 100 22 407 0 145 0 402 401 400 0 0 0 60 50 WAIT_ACK 0 
b.1 2025-06-01 01:32:01.055 a 2025-06-01-01:32:00 189 118 294 0.1 1.0 3.5 10.2 66.1 727.8 0.00 0 0.0 15.0 24.1 24.5 3.628  -23.0   15.1    2.2  54    5.7   7 0 0 2 1 1 0 11.5 62.0 11.7 62.1 80.0 100 100 22 407 0 145 0 402 401 400 0 0 0 60 50 WAIT_ACK 0 
b.1 2025-06-01 01:33:00.759 a 2025-06-01-01:33:00 176 070 295 0.2 1.7 4.4 10.2 65.1 727.9 0.00 0 0.0 15.1 24.1 24.5 3.628  -22.2   15.1    2.3  54    5.8   7 0 0 2 1 1 0 11.5 61.9 11.7 61.9 80.0 100 100 22 407 0 145 0 401 401 399 0 0 0 60 50 WAIT_ACK 0 
b.1 2025-06-01 01:34:01.301 a 2025-06-01-01:34:01 201 048 227 0.2 1.3 3.4 10.2 64.5 727.8 0.00 0 0.0 14.7 23.3 23.4 3.634  -22.3   15.0    2.2  54    5.8   7 0 0 2 1 1 0 11.5 61.8 11.7 61.7 80.0 100 100 22 407 0 145 0 401 401 400 0 0 0 60 50 WAIT_ACK 0 
b.1 2025-06-01 01:35:02.302 a 2025-06-01-01:35:02 118 073 241 0.1 1.1 3.0 10.1 66.1 727.9 0.00 0 0.0 15.0 24.1 24.4 3.627  -22.7   14.9    2.2  54    5.7   5 0 0 2 1 1 0 11.5 61.7 11.6 61.7 80.0 100 100 22 407 0 145 0 401 401 400 0 0 0 60 50 WAIT_ACK 0 
b.1 2025-06-01 01:36:01.055 a 2025-06-01-01:36:00 313 209 329 0.0 0.4 1.9 10.1 66.4 728.0 0.00 0 0.0 15.0 24.1 24.5 3.627  -21.1   14.9    0.0  54    5.7   5 0 0 2 1 1 0 11.5 61.8 11.6 61.8 80.0 100 100 22 407 0 145 0 401 401 400 0 0 0 60 50 WAIT_ACK 0 
b.1 2025-06-01 01:37:00.996 a 2025-06-01-01:37:00 121 058 158 0.0 0.7 2.5 10.1 66.1 728.1 0.00 0 0.0 15.0 23.9 23.4 3.633  -20.7   14.8    0.0  54    5.7   5 0 0 2 1 1 0 11.4 61.7 11.6 61.6 80.0 100 100 22 407 0 145 0 401 401 400 0 0 0 60 50 WAIT_ACK 0 
b.1 2025-06-01 01:38:00.180 a 2025-06-01-01:38:00 139 015 158 0.1 1.1 3.1 10.1 64.4 728.1 0.00 0 0.0 14.8 23.7 23.4 3.633  -20.2   14.8    2.2  54    5.7   5 0 0 2 1 1 0 11.4 61.5 11.6 61.2 80.0 100 100 21 407 0 145 0 401 401 400 0 0 0 60 50 WAIT_ACK 0 
b.1 2025-06-01 01:39:01.464 a 2025-06-01-01:39:01 028 306 000 0.1 0.8 3.1 10.0 63.8 728.0 0.00 0 0.0 14.9 24.0 23.4 3.634  -21.9   14.8    2.2  54    5.6   5 0 0 2 1 1 0 11.4 61.4 11.6 61.2 80.0 100 100 21 407 0 145 0 401 401 399 0 0 0 60 50 WAIT_ACK 0 
b.1 2025-06-01 01:40:01.653 a 2025-06-01-01:40:01 113 043 191 0.1 0.6 3.0 9.9 65.4 728.0 0.00 0 0.0 15.2 24.1 24.5 3.627  -20.7   14.8    0.0  54    5.6   5 0 0 2 1 1 0 11.4 61.5 11.6 61.2 80.0 100 100 21 407 0 145 0 401 402 399 0 0 0 60 50 WAIT_ACK 0 
b.1 2025-06-01 01:41:00.641 a 2025-06-01-01:41:00 302 150 329 0.1 0.9 2.0 9.9 65.4 728.0 0.00 0 0.0 14.9 23.9 23.6 3.633  -20.9   14.7    0.0  54    5.5   5 0 0 2 1 1 0 11.4 61.6 11.6 61.4 80.0 100 100 21 407 0 145 0 402 401 400 0 0 0 60 50 WAIT_ACK 0 
b.1 2025-06-01 01:42:00.859 a 2025-06-01-01:42:00 151 065 288 0.2 2.2 6.4 10.0 64.8 728.0 0.00 0 0.0 14.8 23.7 23.6 3.633  -20.9   14.7    2.4  54    5.5   8 0 0 2 1 1 0 11.4 61.5 11.6 61.3 80.0 100 100 22 407 0 145 0 401 401 400 0 0 0 60 50 WAIT_ACK 0 
b.1 2025-06-01 01:43:01.460 a 2025-06-01-01:43:01 182 067 272 0.4 2.6 6.5 9.9 64.2 728.0 0.00 0 0.0 15.0 23.8 23.4 3.633  -20.3   14.6    2.5  54    5.4   8 0 0 2 1 1 0 11.3 61.6 11.6 61.3 80.0 100 100 22 407 0 145 0 401 401 399 0 0 0 60 50 WAIT_ACK 0 
b.1 2025-06-01 01:44:01.818 a 2025-06-01-01:44:01 143 045 235 0.0 1.3 4.9 9.9 65.1 728.1 0.00 0 0.0 15.0 24.0 24.4 3.627  -21.1   14.5    2.3  54    5.4   8 0 0 2 1 1 0 11.3 61.7 11.6 61.4 80.0 100 100 22 407 0 145 0 401 401 399 0 0 0 60 50 WAIT_ACK 0 
b.1 2025-06-01 01:45:02.072 a 2025-06-01-01:45:01 039 034 112 0.2 1.7 4.9 9.8 65.1 728.1 0.00 0 0.0 15.0 24.1 24.5 3.627  -20.9   14.5    2.3  54    5.4   5 0 0 2 1 1 0 11.3 62.0 11.5 61.8 80.0 100 100 22 407 0 145 0 401 401 399 0 0 0 60 50 WAIT_ACK 0 
b.1 2025-06-01 01:46:00.719 a 2025-06-01-01:46:00 236 105 302 0.1 0.9 3.3 9.8 65.6 728.1 0.00 0 0.0 14.9 24.1 24.5 3.627  -20.3   14.4    2.2  55    5.4   5 0 0 2 1 1 0 11.3 62.1 11.5 61.9 80.0 100 100 22 407 0 145 0 401 401 399 0 0 0 60 50 WAIT_ACK 0 
b.1 2025-06-01 01:47:00.821 a 2025-06-01-01:47:00 073 073 242 0.1 1.4 3.5 9.8 65.5 728.2 0.00 0 0.0 15.0 23.9 23.4 3.633  -20.8   14.4    2.2  55    5.4   5 0 0 2 1 1 0 11.3 62.2 11.5 62.0 80.0 100 100 22 407 0 145 0 401 401 400 0 0 0 60 50 WAIT_ACK 0 
b.1 2025-06-01 01:48:01.364 a 2025-06-01-01:48:01 176 050 246 0.2 2.1 4.5 9.8 65.1 728.2 0.00 0 0.0 14.8 23.9 23.4 3.633  -20.0   14.4    2.4  55    5.4   8 0 0 2 1 1 0 11.3 62.3 11.5 62.1 80.0 100 100 22 407 0 145 0 401 401 399 0 0 0 60 50 WAIT_ACK 0 
b.1 2025-06-01 01:49:01.641 a 2025-06-01-01:49:01 157 065 213 0.1 1.6 4.4 9.8 65.6 728.2 0.00 0 0.0 14.9 23.8 23.4 3.633  -21.3   14.4    2.4  55    5.4   8 0 0 2 1 1 0 11.3 62.3 11.5 62.2 80.0 100 100 22 407 0 145 0 402 401 400 0 0 0 60 50 WAIT_ACK 570 
b.1 2025-06-01 01:50:01.482 a 2025-06-01-01:50:01 124 057 347 0.3 2.3 4.4 9.8 65.5 728.2 0.00 0 0.0 15.0 24.1 24.5 3.627  -19.6   14.3    2.7  55    5.4   8 0 0 2 1 1 0 11.3 62.5 11.4 62.4 80.0 100 100 22 407 0 145 0 402 401 400 0 0 0 60 50 WAIT_ACK 510 
b.1 2025-06-01 01:51:00.440 a 2025-06-01-01:51:00 127 038 270 0.1 2.2 4.8 9.8 65.6 728.2 0.00 0 0.0 15.0 24.1 24.5 3.627  -20.2   14.3    2.8  55    5.3   8 0 0 2 1 1 0 11.3 62.5 11.4 62.5 80.0 100 100 22 407 0 145 0 400 401 399 0 0 0 60 50 WAIT_ACK 451 
b.1 2025-06-01 01:52:01.903 a 2025-06-01-01:52:01 067 034 347 1.2 3.3 4.6 9.7 65.6 728.2 0.00 0 0.0 14.9 23.8 24.4 3.627  -19.9   14.2    3.8  55    5.3   8 0 0 2 1 1 0 11.3 62.6 11.4 62.6 80.0 100 100 22 407 0 145 0 401 402 399 0 0 0 60 50 WAIT_ACK 600 
b.1 2025-06-01 01:53:00.917 a 2025-06-01-01:53:00 132 060 308 0.2 3.1 6.0 9.6 65.6 728.2 0.00 0 0.0 14.9 23.9 23.4 3.633  -19.7   14.1    4.0  55    5.3   8 0 0 2 1 1 0 11.3 62.8 11.4 62.7 80.0 100 100 22 407 0 145 0 401 401 399 0 0 0 60 50 WAIT_ACK 544 
b.1 2025-06-01 01:54:01.285 a 2025-06-01-01:54:01 137 080 301 0.2 2.3 6.5 9.6 65.7 728.2 0.00 0 0.0 14.9 23.7 23.4 3.633  -18.9   14.0    3.4  55    5.3   9 0 0 2 1 1 0 11.2 62.9 11.4 62.8 80.0 100 100 22 407 0 145 0 401 401 399 0 0 0 60 50 WAIT_ACK 600 
b.1 2025-06-01 01:55:00.338 a 2025-06-01-01:55:00 141 054 239 0.1 1.9 6.6 9.6 65.9 728.2 0.00 0 0.0 14.8 23.3 23.4 3.635  -17.8   14.0    3.1  56    5.3   9 0 0 2 1 1 0 11.2 62.8 11.4 62.7 80.0 100 100 22 407 0 145 0 401 401 400 0 0 0 60 50 WAIT_ACK 600 
b.1 2025-06-01 01:56:00.598 a 2025-06-01-01:56:00 147 067 250 0.2 2.1 6.1 9.7 65.1 728.2 0.00 0 0.0 14.9 23.7 23.4 3.633  -18.6   13.9    3.0  56    5.3   9 0 0 2 1 1 0 11.2 62.7 11.4 62.7 80.0 100 100 22 407 0 145 0 401 401 399 0 0 0 60 50 WAIT_ACK 600 
b.1 2025-06-01 01:57:01.062 a 2025-06-01-01:57:00 031 046 126 0.1 1.7 3.9 9.6 65.3 728.2 0.00 0 0.0 14.9 23.9 23.4 3.634  -18.0   13.9    2.6  56    5.3   9 0 0 2 1 1 0 11.2 62.5 11.4 62.5 80.0 100 100 22 407 0 145 0 401 401 400 0 0 0 60 50 WAIT_ACK 600 
b.1 2025-06-01 01:58:00.484 a 2025-06-01-01:58:00 165 038 318 0.5 2.4 4.5 9.8 65.0 728.3 0.00 0 0.0 15.0 24.1 24.4 3.628  -19.1   13.9    3.0  56    5.3   9 0 0 2 1 1 0 11.2 62.6 11.4 62.6 80.0 100 100 22 407 0 145 0 402 401 400 0 0 0 60 50 WAIT_ACK 600 
b.1 2025-06-01 01:59:01.022 a 2025-06-01-01:59:00 144 029 281 0.2 1.6 4.4 9.8 65.0 728.2 0.00 0 0.0 15.0 24.1 24.5 3.627  -17.1   13.9    2.7  56    5.3   5 0 0 2 1 1 0 11.2 62.6 11.4 62.7 80.0 100 100 22 407 0 145 0 401 401 400 0 0 0 60 50 WAIT_ACK 600 
b.1 2025-06-01 02:00:01.201 a 2025-06-01-02:00:01 183 069 229 0.1 1.0 3.2 9.8 65.7 728.3 0.00 0 0.0 14.9 24.0 24.5 3.627  -16.5   13.9    2.3  56    5.3   5 0 0 2 1 1 0 11.2 62.6 11.4 62.7 80.0 100 100 22 407 0 145 0 401 401 400 0 0 0 60 50 WAIT_ACK 600 
b.1 2025-06-01 02:01:01.180 a 2025-06-01-02:01:00 058 039 080 0.2 1.7 3.5 9.8 65.3 728.3 0.00 0 0.0 14.9 23.7 23.4 3.633  -15.8   13.9    2.4  56    5.3   6 0 0 2 1 1 0 11.2 62.7 11.3 62.8 80.0 100 100 22 407 0 145 0 401 402 399 0 0 0 60 50 WAIT_ACK 600 
b.1 2025-06-01 02:02:01.403 a 2025-06-01-02:02:01 021 084 174 0.6 1.8 3.5 9.7 64.6 728.3 0.00 0 0.0 14.8 23.9 23.4 3.633  -16.4   13.9    2.4  56    5.3   7 0 0 2 1 1 0 11.2 62.7 11.3 62.8 80.0 100 100 22 407 0 145 0 401 401 399 0 0 0 60 50 WAIT_ACK 600 
b.1 2025-06-01 02:03:00.742 a 2025-06-01-02:03:00 120 066 332 0.3 1.8 3.9 9.7 65.5 728.3 0.00 0 0.0 14.8 23.9 23.4 3.634  -16.5   13.9    2.4  56    5.3   7 0 0 2 1 1 0 11.2 62.8 11.4 62.8 80.0 100 100 22 407 0 145 0 401 401 400 0 0 0 60 50 WAIT_ACK 600 
b.1 2025-06-01 02:04:00.865 a 2025-06-01-02:04:00 197 094 287 0.2 2.7 5.9 9.8 65.1 728.3 0.00 0 0.0 15.1 24.1 24.4 3.627  -17.1   13.9    2.8  56    5.3   8 0 0 2 1 1 0 11.2 62.9 11.4 62.8 80.0 100 100 22 407 0 145 0 402 401 400 0 0 0 60 50 WAIT_ACK 600 
b.1 2025-06-01 02:05:01.960 a 2025-06-01-02:05:01 049 100 126 1.0 4.8 7.1 9.7 63.0 728.3 0.00 0 0.0 14.9 23.9 23.4 3.633  -19.9   13.8    4.5  56    5.2  14 0 0 2 1 1 0 11.2 62.6 11.4 62.2 80.0 100 100 21 407 0 145 0 401 401 400 0 0 0 60 50 WAIT_ACK 600 
b.1 2025-06-01 02:06:01.441 a 2025-06-01-02:06:01 033 086 239 0.1 4.3 6.9 9.7 63.0 728.4 0.00 0 0.0 14.8 23.7 23.4 3.632  -15.6   13.8    5.2  56    5.2  11 0 0 2 1 1 0 11.2 62.6 11.4 62.4 80.0 100 100 21 407 0 145 0 402 401 400 0 0 0 60 50 WAIT_ACK 600 
b.1 2025-06-01 02:07:00.759 a 2025-06-01-02:07:00 125 129 138 0.2 3.3 7.6 9.8 62.7 728.4 0.00 0 0.0 14.6 22.6 23.4 3.634  -14.7   13.8    4.4  56    5.2  11 0 0 2 1 1 0 11.2 62.4 11.4 62.1 80.0 100 100 21 407 0 145 0 401 401 400 0 0 0 60 50 WAIT_ACK 600 
b.1 2025-06-01 02:08:01.059 a 2025-06-01-02:08:00 051 139 216 0.2 3.0 5.7 9.8 63.0 728.4 0.00 0 0.0 14.9 24.1 24.5 3.627  -14.7   13.8    3.9  56    5.2  11 0 0 2 1 1 0 11.3 62.2 11.4 62.2 80.0 100 100 21 407 0 145 0 401 401 399 0 0 0 60 50 WAIT_ACK 600 
b.1 2025-06-01 02:09:01.627 a 2025-06-01-02:09:01 179 130 329 0.2 3.3 7.1 9.9 62.9 728.5 0.00 0 0.0 15.2 24.1 24.5 3.634  -13.4   13.8    3.7  56    5.2   0 0 0 2 1 1 0 11.3 62.1 11.4 62.1 80.0 100 100 21 407 0 145 0 402 401 400 0 0 0 60 50 WAIT_ACK 600 
b.1 2025-06-01 02:10:01.601 a 2025-06-01-02:10:01 087 124 165 1.2 2.8 4.6 9.8 63.0 728.5 0.00 0 0.0 14.7 23.3 23.4 3.634  -14.8   13.8    3.6  56    5.2   5 0 0 2 1 1 0 11.3 62.0 11.4 62.2 80.0 100 100 21 407 0 145 0 401 401 399 0 0 0 60 50 WAIT_ACK 600 
b.1 2025-06-01 02:11:00.844 a 2025-06-01-02:11:00 071 111 176 1.2 2.9 5.7 9.8 62.8 728.5 0.00 0 0.0 15.0 24.1 24.5 3.628  -15.8   13.8    3.8  56    5.1   8 0 0 2 1 1 0 11.3 62.0 11.4 62.3 80.0 100 100 21 407 0 145 0 401 401 399 0 0 0 60 50 WAIT_ACK 600 
b.1 2025-06-01 02:12:01.062 a 2025-06-01-02:12:00 068 140 182 0.1 2.3 4.8 9.8 63.5 728.5 0.00 0 0.0 15.1 24.1 24.5 3.628  -13.7   13.8    3.2  56    5.1   8 0 0 2 1 1 0 11.3 62.0 11.4 62.5 80.0 100 100 21 407 0 145 0 402 401 400 0 0 0 60 50 WAIT_ACK 600 
b.1 2025-06-01 02:13:00.121 a 2025-06-01-02:12:59 273 135 342 0.1 1.2 3.5 9.8 63.8 728.6 0.00 0 0.0 14.8 23.6 23.4 3.635  -13.2   13.8    2.6  56    5.2   8 0 0 2 1 1 0 11.4 61.8 11.4 62.5 80.0 100 100 21 407 0 145 0 401 401 399 0 0 0 60 50 WAIT_ACK 600 
b.1 2025-06-01 02:14:01.443 a 2025-06-01-02:14:01 022 123 201 0.2 2.0 4.4 9.7 63.3 728.6 0.00 0 0.0 14.9 24.0 23.6 3.633  -13.0   13.8    2.5  56    5.2   8 0 0 2 1 1 0 11.3 61.9 11.4 62.5 80.0 100 100 22 407 0 145 0 401 401 400 0 0 0 60 50 WAIT_ACK 600 
b.1 2025-06-01 02:15:00.500 a 2025-06-01-02:15:00 022 161 255 0.2 1.6 5.0 9.8 63.3 728.6 0.00 10 0.0 14.9 23.9 23.4 3.633  -998.   13.8    -2.  56    5.2   0 1 2 0 0 1 1 11.3 62.0 11.4 62.3 80.0 100 100 22 407 0 145 0 401 401 400 0 0 0 60 50 WAIT_ACK 600 
b.1 2025-06-01 02:16:01.440 a 2025-06-01-02:16:01 147 143 310 0.3 2.7 7.6 9.8 62.7 728.7 0.00 10 0.0 14.9 23.8 23.4 3.633  -998.   13.8    -2.  56    5.2   0 1 2 0 0 1 1 11.4 62.1 11.4 62.4 80.0 100 100 22 407 0 145 0 401 402 400 0 0 0 60 50 WAIT_ACK 600 
b.1 2025-06-01 02:17:00.961 a 2025-06-01-02:17:00 202 161 206 0.3 1.7 5.2 9.8 63.3 728.7 0.00 10 0.0 14.8 23.7 23.4 3.633  -998.   13.9    -2.  56    5.2   0 1 2 0 0 1 1 11.4 61.9 11.4 62.9 80.0 100 100 22 407 0 145 0 402 401 399 0 0 0 60 50 WAIT_ACK 600 
b.1 2025-06-01 02:17:59.963 a 2025-06-01-02:17:59 067 170 235 0.1 2.2 5.5 9.8 62.3 728.7 0.03 70 1.3 14.8 23.7 23.4 3.633  -998.   13.9    -2.  56    5.2   0 2 2 0 0 1 1 11.4 61.8 11.5 62.4 80.0 100 100 22 407 0 145 0 402 402 400 0 0 0 60 50 WAIT_ACK 600 
b.1 2025-06-01 02:19:01.582 a 2025-06-01-02:19:01 232 167 302 0.3 1.5 5.1 9.8 63.2 728.7 0.03 80 0.0 14.7 23.6 23.4 3.634  -998.   13.8    -2.  56    5.2 100 1 2 0 0 1 1 11.4 61.8 11.5 62.5 80.0 100 100 22 407 0 145 0 401 401 399 0 0 0 60 50 WAIT_ACK 600 
b.1 2025-06-01 02:20:02.266 a 2025-06-01-02:20:02 270 171 303 0.1 1.1 4.3 9.7 64.0 728.7 0.03 90 0.0 15.0 24.1 24.4 3.627  -998.   13.8    -2.  56    5.2   0 1 2 0 0 1 1 11.4 61.7 11.5 62.4 80.0 100 100 22 407 0 145 0 401 401 399 0 0 0 60 50 WAIT_ACK 600 
b.1 2025-06-01 02:21:00.740 a 2025-06-01-02:21:00 103 189 270 0.1 1.9 4.5 9.7 65.7 728.7 0.04 120 0.7 14.6 22.6 23.4 3.633  -998.   13.8    -2.  56    5.2   0 0 2 0 0 1 1 11.5 61.7 11.5 62.9 80.0 100 100 22 407 0 145 0 401 401 399 0 0 0 60 50 WAIT_ACK 600 
b.1 2025-06-01 02:22:00.724 a 2025-06-01-02:22:00 068 189 290 0.3 2.5 7.8 9.6 65.3 728.7 0.06 170 1.2 14.5 22.6 23.4 3.634  -998.   13.8    -2.  57    5.3   0 1 2 0 0 1 1 11.5 61.8 11.6 62.9 80.0 100 100 22 407 0 145 0 402 401 400 0 0 0 60 50 WAIT_ACK 600 
b.1 2025-06-01 02:23:00.984 a 2025-06-01-02:23:00 041 187 280 0.2 2.3 4.9 9.4 73.4 728.7 0.07 220 0.5 14.9 24.0 24.4 3.634  -998.   13.7    -2.  58    5.6   0 1 2 0 0 1 1 11.5 62.1 11.6 62.9 80.0 100 100 22 407 0 145 0 402 401 400 0 0 0 60 50 WAIT_ACK 600 
b.1 2025-06-01 02:24:00.502 a 2025-06-01-02:24:00 095 194 242 0.5 3.4 10.0 9.3 75.7 728.7 0.07 240 0.2 14.4 22.6 23.4 3.633  -998.   13.5    -2.  59    5.7   0 1 2 0 0 1 1 11.5 62.8 11.6 63.7 80.0 100 100 22 407 0 145 0 401 401 399 0 0 0 60 50 WAIT_ACK 600 
b.1 2025-06-01 02:25:01.605 a 2025-06-01-02:25:01 090 195 317 0.7 3.5 8.0 8.8 78.5 728.7 0.07 240 0.0 14.8 23.6 23.4 3.633  -998.   13.3    -2.  60    5.7   0 0 2 0 0 1 1 11.5 62.9 11.6 63.9 80.0 100 100 22 407 0 145 0 401 402 399 0 0 0 60 50 WAIT_ACK 600 
b.1 2025-06-01 02:26:01.161 a 2025-06-01-02:26:00 126 199 233 0.4 2.9 8.2 8.4 80.1 728.6 0.08 270 0.4 15.0 24.2 24.5 3.627  -998.   13.2    -2.  60    5.6   0 1 2 0 0 1 1 11.5 63.5 11.6 64.0 80.0 100 100 22 407 0 145 0 402 401 400 0 0 0 60 50 WAIT_ACK 600 
b.1 2025-06-01 02:27:00.686 a 2025-06-01-02:27:00 128 202 230 0.6 4.8 10.5 8.1 81.2 728.6 0.13 320 3.3 13.3 22.6 23.4 3.633  -998.   13.0    -2.  61    5.6 100 2 2 0 0 1 1 11.6 63.3 11.6 63.6 80.0 100 100 22 407 0 145 0 401 401 399 0 0 0 60 50 WAIT_ACK 600 
b.1 2025-06-01 02:28:01.484 a 2025-06-01-02:28:01 158 207 245 1.0 5.0 10.5 7.7 81.0 728.6 0.17 380 2.0 12.7 22.6 23.4 3.633  -998.   12.8    -2.  61    5.4   0 2 2 0 0 1 1 11.6 63.8 11.6 64.0 80.0 100 100 22 407 0 145 0 401 401 400 0 0 0 60 50 WAIT_ACK 600 
b.1 2025-06-01 02:29:02.125 a 2025-06-01-02:29:01 159 200 304 0.4 4.4 9.8 7.3 82.1 728.4 0.18 410 0.8 12.9 22.6 23.4 3.634  -998.   12.6    -2.  61    5.4 100 1 2 0 0 1 1 11.6 63.8 11.6 63.7 80.0 100 100 22 407 0 145 0 401 401 399 0 0 0 60 50 WAIT_ACK 600 
b.1 2025-06-01 02:30:02.388 a 2025-06-01-02:30:02 140 200 222 0.8 4.4 8.7 6.9 81.5 728.4 0.22 470 2.1 12.3 22.6 23.4 3.632  -998.   12.4    -2.  62    5.2 100 1 2 0 0 1 1 11.6 63.9 11.6 64.0 80.0 100 100 22 407 0 145 0 401 401 399 0 0 0 60 50 WAIT_ACK 600 
b.1 2025-06-01 02:31:00.365 a 2025-06-01-02:31:00 157 203 298 0.8 4.2 8.2 6.6 83.1 728.4 0.23 520 0.9 12.2 22.6 23.4 3.633  -998.   12.2    -2.  62    5.1   0 2 2 0 0 1 1 11.6 63.7 11.6 64.0 80.0 100 100 22 407 0 145 0 401 401 399 0 0 0 60 50 WAIT_ACK 600 
b.1 2025-06-01 02:32:00.969 a 2025-06-01-02:32:00 166 207 228 1.1 4.6 7.8 6.4 84.1 728.4 0.24 550 0.6 12.4 22.6 23.4 3.632  -998.   11.9    -2.  62    4.9 100 1 2 0 0 1 1 11.6 63.8 11.7 64.1 80.0 100 100 22 407 0 145 0 401 401 400 0 0 0 60 50 WAIT_ACK 600 
b.1 2025-06-01 02:33:01.125 a 2025-06-01-02:33:00 121 204 267 0.5 4.3 7.6 6.3 84.5 728.4 0.26 590 0.8 12.8 22.6 23.4 3.633  -998.   11.8    -2.  62    4.8   0 1 2 0 0 1 1 11.6 63.9 11.7 64.2 80.0 100 100 22 407 0 145 0 401 402 399 0 0 0 60 50 WAIT_ACK 600 
b.1 2025-06-01 02:34:01.382 a 2025-06-01-02:34:01 169 212 241 2.2 4.6 6.7 6.1 85.0 728.4 0.26 620 0.2 13.0 22.6 23.4 3.633  -998.   11.6    -2.  62    4.6   0 1 2 0 0 1 1 11.6 64.1 11.7 64.7 80.0 100 100 22 407 0 145 0 402 401 400 0 0 0 60 50 WAIT_ACK 600 
b.1 2025-06-01 02:35:00.905 a 2025-06-01-02:35:00 181 212 233 1.3 5.1 7.9 6.0 85.6 728.4 0.26 640 0.0 12.9 22.6 23.4 3.632  -998.   11.4    -2.  62    4.5   0 1 2 0 0 1 1 11.6 64.2 11.7 64.7 80.0 100 100 21 407 0 145 0 401 401 400 0 0 0 60 50 WAIT_ACK 600 
b.1 2025-06-01 02:36:01.062 a 2025-06-01-02:36:00 178 213 236 2.2 5.6 7.6 6.0 85.1 728.4 0.26 640 0.0 12.7 22.6 23.4 3.633  -998.   11.3    -2.  62    4.4   0 0 2 0 0 1 1 11.6 64.3 11.7 64.8 80.0 100 100 21 407 0 145 0 401 401 400 0 0 0 60 50 WAIT_ACK 600 
b.1 2025-06-01 02:37:01.325 a 2025-06-01-02:37:01 169 203 242 2.3 5.5 9.2 5.8 85.4 728.4 0.26 650 0.0 12.6 22.6 23.4 3.633  -998.   11.2    -2.  63    4.4   0 1 2 0 0 1 1 11.6 64.3 11.7 64.6 80.0 100 100 21 407 0 145 0 401 401 400 0 0 0 60 50 WAIT_ACK 600 
b.1 2025-06-01 02:38:00.325 a 2025-06-01-02:38:00 174 217 243 4.4 7.3 9.8 5.5 85.2 728.3 0.26 660 0.0 12.1 22.6 23.4 3.633  -998.   11.1    -2.  63    4.3   0 1 2 0 0 1 1 11.6 64.3 11.6 64.7 80.0 100 100 21 407 0 145 0 401 401 400 0 0 0 60 50 WAIT_ACK 600 
b.1 2025-06-01 02:39:01.105 a 2025-06-01-02:39:00 207 224 238 5.2 7.0 9.1 5.4 85.2 728.2 0.26 660 0.0 12.2 22.6 23.4 3.633  -998.   11.0    -2.  63    4.2   0 1 2 0 0 1 1 11.5 64.7 11.6 65.0 80.0 100 100 21 407 0 145 0 401 401 399 0 0 0 60 50 WAIT_ACK 600 
b.1 2025-06-01 02:40:02.664 a 2025-06-01-02:40:02 206 227 238 4.4 6.4 7.6 5.4 84.7 728.2 0.26 660 0.0 12.4 22.6 23.4 3.633  -998.   11.0    -2.  63    4.2   0 1 2 0 0 1 1 11.5 64.8 11.6 64.9 80.0 100 100 21 407 0 145 0 401 402 399 0 0 0 60 50 WAIT_ACK 600 
b.1 2025-06-01 02:41:00.467 a 2025-06-01-02:41:00 212 233 257 3.1 4.9 6.4 5.3 85.4 728.1 0.26 660 0.0 13.2 22.6 23.4 3.632  -998.   11.0    -2.  63    4.2   0 0 2 0 0 1 1 11.5 64.8 11.6 64.8 80.0 100 100 21 407 0 145 0 401 401 400 0 0 0 60 50 WAIT_ACK 600 
b.1 2025-06-01 02:42:01.069 a 2025-06-01-02:42:00 212 229 244 3.6 5.1 6.5 5.3 85.4 728.1 0.26 660 0.0 13.5 22.6 23.4 3.633  -998.   11.0    -2.  63    4.2   0 0 2 0 0 1 1 11.5 65.0 11.6 65.0 80.0 100 100 21 407 0 145 0 401 401 400 0 0 0 60 50 WAIT_ACK 600 
b.1 2025-06-01 02:43:01.782 a 2025-06-01-02:43:01 212 248 265 0.7 4.5 6.1 5.3 85.6 728.1 0.26 660 0.0 14.1 22.6 23.4 3.633  -998.   11.0    -2.  63    4.2 100 0 2 0 0 1 1 11.5 65.0 11.6 65.0 80.0 100 100 21 407 0 145 0 401 401 400 0 0 0 60 50 WAIT_ACK 600 
b.1 2025-06-01 02:44:00.043 a 2025-06-01-02:43:59 205 228 251 3.8 5.2 6.2 5.3 86.0 728.2 0.26 660 0.0 14.1 22.6 23.4 3.633  -998.   11.0    -2.  63    4.2   0 0 2 0 0 1 1 11.5 65.1 11.6 65.3 80.0 100 100 21 407 0 145 0 402 401 400 0 0 0 60 50 WAIT_ACK 600 
b.1 2025-06-01 02:45:01.565 a 2025-06-01-02:45:01 219 233 259 3.8 5.3 6.6 5.3 85.5 728.2 0.26 660 0.0 14.3 22.6 23.4 3.633  -998.   11.0    -2.  63    4.2   0 0 2 0 0 1 1 11.5 65.2 11.6 65.3 80.0 100 100 21 407 0 145 0 401 401 399 0 0 0 60 50 WAIT_ACK 600 
b.1 2025-06-01 02:46:01.928 a 2025-06-01-02:46:01 203 221 234 4.3 5.8 7.3 5.3 85.5 728.2 0.26 660 0.0 13.8 22.6 23.4 3.633  -998.   11.0    -2.  63    4.2   0 0 2 0 0 1 1 11.5 65.3 11.6 65.3 80.0 100 100 21 407 0 145 0 401 401 400 0 0 0 60 50 WAIT_ACK 600 
b.1 2025-06-01 02:47:00.924 a 2025-06-01-02:47:00 211 226 241 4.3 6.0 6.9 5.2 85.6 728.1 0.26 660 0.0 13.7 22.6 23.4 3.633  -998.   11.0    -2.  63    4.3   0 0 2 0 0 1 1 11.5 65.2 11.6 65.3 80.0 100 100 21 407 0 145 0 402 401 400 0 0 0 60 50 WAIT_ACK 600 
b.1 2025-06-01 02:48:01.226 a 2025-06-01-02:48:00 186 208 229 3.1 5.9 8.4 5.2 86.4 728.1 0.26 660 0.0 13.4 22.6 23.4 3.633  -998.   11.0    -2.  63    4.2   0 0 2 0 0 1 1 11.5 65.3 11.5 65.3 80.0 100 100 21 407 0 145 0 401 401 399 0 0 0 60 50 WAIT_ACK 600 
b.1 2025-06-01 02:49:00.569 a 2025-06-01-02:49:00 167 206 231 1.8 5.4 8.4 5.2 86.4 728.1 0.26 660 0.0 13.5 22.6 23.4 3.633  -998.   10.9    -2.  63    4.2   0 0 2 0 0 1 1 11.4 65.1 11.5 65.2 80.0 100 100 21 407 0 145 0 401 401 399 0 0 0 60 50 WAIT_ACK 600 
b.1 2025-06-01 02:50:01.244 a 2025-06-01-02:50:00 117 202 287 0.4 4.8 8.2 5.1 86.7 728.2 0.26 660 0.0 13.7 22.6 23.4 3.633  -998.   10.7    -2.  63    4.1   0 0 2 0 0 1 1 11.5 65.0 11.5 65.3 80.0 100 100 21 407 0 145 0 401 401 400 0 0 0 60 50 WAIT_ACK 600 
b.1 2025-06-01 02:51:01.046 a 2025-06-01-02:51:00 112 203 319 0.3 5.4 9.5 5.1 87.3 728.2 0.26 660 0.0 13.9 22.6 23.4 3.633  -998.   10.6    -2.  64    4.1   0 0 2 0 0 1 1 11.4 64.9 11.5 65.2 80.0 100 100 22 407 0 145 0 401 401 400 0 0 0 60 50 WAIT_ACK 600 
b.1 2025-06-01 02:52:00.607 a 2025-06-01-02:52:00 134 201 229 1.7 5.4 9.4 5.1 87.3 728.2 0.26 660 0.0 13.9 22.6 23.4 3.633  -998.   10.5    -2.  64    4.0   0 0 2 0 0 1 1 11.4 65.0 11.5 65.5 80.0 100 100 22 407 0 145 0 401 401 399 0 0 0 60 50 WAIT_ACK 600 
b.1 2025-06-01 02:53:01.206 a 2025-06-01-02:53:00 144 200 225 0.6 4.7 9.8 5.0 87.4 728.1 0.26 660 0.0 14.2 22.6 23.4 3.633  -998.   10.4    -2.  65    4.0 100 0 2 0 0 1 1 11.4 65.0 11.5 65.3 80.0 100 100 22 407 0 145 0 401 401 399 0 0 0 60 50 WAIT_ACK 600 
b.1 2025-06-01 02:54:00.029 a 2025-06-01-02:53:59 124 200 239 0.8 4.7 8.9 5.1 87.2 728.2 0.26 660 0.0 14.5 22.6 23.4 3.633  -998.   10.3    -2.  65    4.0   0 0 2 0 0 1 1 11.4 65.1 11.5 65.4 80.0 100 100 22 407 0 145 0 401 401 400 0 0 0 60 50 WAIT_ACK 600 
b.1 2025-06-01 02:55:02.249 a 2025-06-01-02:55:02 135 201 221 1.5 5.7 10.2 5.1 87.1 728.2 0.26 660 0.0 13.9 22.6 23.4 3.632  -998.   10.2    -2.  65    4.0   0 0 2 0 0 1 1 11.4 65.1 11.5 65.3 80.0 100 100 22 407 0 145 0 402 401 400 0 0 0 60 50 WAIT_ACK 600 
b.1 2025-06-01 02:56:00.786 a 2025-06-01-02:56:00 115 203 236 0.7 5.2 9.7 5.1 86.8 728.2 0.26 660 0.0 14.0 22.6 23.4 3.633  -998.   10.1    -2.  65    3.9   0 0 2 0 0 1 1 11.4 65.0 11.4 65.3 80.0 100 100 22 407 0 145 0 401 401 400 0 0 0 60 50 WAIT_ACK 600 
b.1 2025-06-01 02:57:00.812 a 2025-06-01-02:57:00 145 199 231 1.0 4.7 8.3 5.1 86.7 728.2 0.26 660 0.0 14.4 22.6 23.4 3.633  -998.   10.0    -2.  66    3.9   0 0 2 0 0 1 1 11.4 65.0 11.5 65.3 80.0 100 100 22 407 0 145 0 401 401 399 0 0 0 60 50 WAIT_ACK 600 
b.1 2025-06-01 02:58:01.526 a 2025-06-01-02:58:01 140 199 241 1.1 4.2 8.1 5.0 87.1 728.2 0.26 660 0.0 14.7 23.3 23.4 3.633  -998.    9.9    -2.  66    3.9   0 0 2 0 0 1 1 11.4 65.0 11.4 65.2 80.0 100 100 22 407 0 145 0 401 401 400 0 0 0 60 50 WAIT_ACK 600 
b.1 2025-06-01 02:59:01.226 a 2025-06-01-02:59:00 165 204 223 2.3 5.4 8.1 5.0 87.1 728.1 0.26 660 0.0 13.8 22.6 23.4 3.632  -998.    9.9    -2.  66    3.9   0 0 2 0 0 1 1 11.4 65.0 11.4 65.3 80.0 100 100 22 407 0 145 0 401 401 400 0 0 0 60 50 WAIT_ACK 600 
b.1 2025-06-01 03:00:01.453 a 2025-06-01-03:00:01 155 202 246 1.5 4.7 8.6 5.0 87.4 728.1 0.26 660 0.0 14.1 22.6 23.4 3.633  -998.    9.8    -2.  66    3.9 100 0 2 0 0 1 1 11.3 65.0 11.4 65.6 80.0 100 100 22 407 0 145 0 402 401 399 0 0 0 60 50 WAIT_ACK 600 
b.1 2025-06-01 03:01:01.065 a 2025-06-01-03:01:00 166 201 231 1.6 4.6 7.3 5.0 87.4 728.1 0.26 660 0.0 14.3 22.6 23.4 3.633  -15.0    9.8    7.6  66    3.8   0 0 0 2 1 1 0 11.3 65.0 11.4 65.5 80.0 100 100 22 407 0 145 0 401 401 400 0 0 0 60 50 WAIT_ACK 600 
b.1 2025-06-01 03:02:01.471 a 2025-06-01-03:02:01 160 203 237 1.7 4.5 8.3 5.0 87.5 728.0 0.26 660 0.0 14.5 22.6 23.4 3.633  -14.3    9.8    6.8  67    3.9   0 0 0 2 1 1 0 11.3 65.0 11.4 65.2 80.0 100 100 22 407 0 145 0 401 401 400 0 0 0 60 50 WAIT_ACK 600 
b.1 2025-06-01 03:03:01.549 a 2025-06-01-03:03:01 131 200 222 0.7 3.8 6.6 5.1 87.5 728.0 0.26 660 0.0 14.4 22.6 23.4 3.633  -14.8    9.8    5.9  67    3.9   5 0 0 2 1 1 0 11.3 65.0 11.4 65.3 80.0 100 100 22 407 0 145 0 402 401 400 0 0 0 60 50 WAIT_ACK 600 
b.1 2025-06-01 03:04:01.249 a 2025-06-01-03:04:00 132 202 223 1.4 4.4 6.7 5.0 87.7 728.0 0.26 660 0.0 14.3 22.6 23.4 3.633  -13.9    9.8    6.9  67    3.9  10 0 0 2 1 1 0 11.3 64.9 11.4 65.2 80.0 100 100 22 407 0 145 0 401 401 399 0 0 0 60 50 WAIT_ACK 600 
b.1 2025-06-01 03:05:01.368 a 2025-06-01-03:05:01 177 210 233 2.6 4.9 6.8 5.1 87.1 728.0 0.26 660 0.0 14.5 22.6 23.4 3.632  -14.3    9.8    7.7  67    3.9  10 0 0 2 1 1 0 11.3 65.0 11.4 65.3 80.0 100 100 22 407 0 145 0 401 401 400 0 0 0 60 50 WAIT_ACK 600 
b.1 2025-06-01 03:06:01.970 a 2025-06-01-03:06:01 181 209 233 2.4 5.0 7.6 5.3 86.5 728.0 0.26 660 0.0 14.5 22.6 23.4 3.632  -12.6    9.8    7.8  67    3.9  11 0 0 2 1 1 0 11.3 65.0 11.4 65.3 80.0 100 100 22 407 0 145 0 402 401 400 0 0 0 60 50 WAIT_ACK 600 
b.1 2025-06-01 03:07:02.282 a 2025-06-01-03:07:02 157 205 226 2.4 4.0 5.3 5.4 86.7 728.0 0.26 660 0.0 14.5 22.6 23.4 3.633  -12.7    9.9    6.7  67    3.9  11 0 0 2 1 1 0 11.2 65.1 11.3 65.3 80.0 100 100 22 407 0 145 0 401 401 399 0 0 0 60 50 WAIT_ACK 600 
b.1 2025-06-01 03:08:01.631 a 2025-06-01-03:08:01 158 196 224 1.1 3.0 5.6 5.5 86.5 728.0 0.26 660 0.0 14.8 23.6 23.4 3.633  -11.2    9.9    4.7  67    4.0  11 0 0 2 1 1 0 11.0 65.8 11.1 66.1 80.0 100 100 22 407 0 145 0 401 401 400 0 0 0 60 50 WAIT_ACK 600 
b.1 2025-06-01 03:09:01.028 a 2025-06-01-03:09:00 153 194 226 0.7 2.2 4.2 6.0 87.1 728.1 0.26 660 0.0 15.0 24.1 24.5 3.628  -10.5   10.0    3.4  67    4.2   5 0 0 2 1 1 0 11.0 66.1 11.0 66.6 80.0 100 100 22 407 0 145 0 401 401 400 0 0 0 60 50 WAIT_ACK 600 
b.1 2025-06-01 03:10:02.051 a 2025-06-01-03:10:01 064 192 310 0.2 1.1 3.4 6.1 85.2 728.1 0.26 660 0.0 15.2 24.1 24.5 3.627   -9.9   10.1    2.4  67    4.4   5 0 0 3 1 1 1 11.0 66.4 11.0 67.0 80.0 100 100 22 407 0 145 0 402 401 400 0 0 0 60 50 WAIT_ACK 600 
b.1 2025-06-01 03:11:01.891 a 2025-06-01-03:11:01 074 193 240 0.2 1.3 3.7 6.5 83.1 728.0 0.26 660 0.0 14.6 22.6 23.4 3.633  -10.5   10.3    2.3  68    4.5   5 0 0 2 1 1 0 11.0 66.4 11.0 67.1 80.0 100 100 22 407 0 145 0 402 401 400 0 0 0 60 50 WAIT_ACK 600 
b.1 2025-06-01 03:12:01.269 a 2025-06-01-03:12:00 119 192 227 0.5 1.8 4.0 6.7 79.0 728.1 0.26 660 0.0 15.0 24.1 24.5 3.627  -10.7   10.4    2.2  68    4.7   7 0 0 2 1 1 0 10.9 66.4 10.9 67.1 80.0 100 100 22 407 0 145 0 401 401 400 0 0 0 60 50 WAIT_ACK 600 
b.1 2025-06-01 03:13:00.690 a 2025-06-01-03:13:00 002 191 234 0.2 2.2 5.1 6.9 80.6 728.1 0.26 660 0.0 15.1 24.1 24.5 3.627  -11.7   10.5    2.3  68    4.9   7 0 0 2 1 1 0 10.8 67.1 10.8 67.6 80.0 100 100 22 407 0 145 0 401 401 400 0 0 0 60 50 WAIT_ACK 600 
b.1 2025-06-01 03:14:01.832 a 2025-06-01-03:14:01 051 190 257 0.2 1.7 4.2 7.2 79.1 728.1 0.26 660 0.0 14.8 23.6 23.4 3.633  -10.9   10.7    2.3  68    5.0   8 0 0 2 1 1 0 10.8 67.7 10.8 68.2 80.0 100 100 22 407 0 145 0 401 402 399 0 0 0 60 50 WAIT_ACK 600 
b.1 2025-06-01 03:15:02.434 a 2025-06-01-03:15:02 089 186 233 0.4 2.0 5.8 7.3 76.8 728.1 0.26 660 0.0 14.6 22.6 23.4 3.634  -11.2   10.8    2.3  68    5.1   8 0 0 2 1 1 0 10.7 67.9 10.7 68.6 80.0 100 100 22 407 0 145 0 401 401 400 0 0 0 60 50 WAIT_ACK 600 
b.1 2025-06-01 03:16:01.632 a 2025-06-01-03:16:01 090 187 307 0.3 1.8 5.3 7.4 76.1 728.1 0.26 660 0.0 14.9 24.1 24.5 3.627  -10.7   10.9    2.3  68    5.2   8 0 0 2 1 1 0 10.7 67.8 10.7 68.5 80.0 100 100 22 407 0 145 0 402 401 400 0 0 0 60 50 WAIT_ACK 600 
b.1 2025-06-01 03:17:01.151 a 2025-06-01-03:17:00 056 171 280 0.2 2.2 6.4 7.5 74.8 728.0 0.26 660 0.0 15.1 24.1 24.5 3.627  -11.0   10.9    2.4  68    5.2   8 0 0 2 1 1 0 10.7 67.7 10.6 68.5 80.0 100 100 22 407 0 145 0 401 401 400 0 0 0 60 50 WAIT_ACK 600 
b.1 2025-06-01 03:18:00.569 a 2025-06-01-03:18:00 075 175 288 0.2 2.0 5.7 7.5 70.7 728.1 0.26 660 0.0 14.8 23.3 23.4 3.634  -11.3   11.0    2.4  68    5.3   8 0 0 2 1 1 0 10.6 67.6 10.6 68.3 80.0 100 100 22 407 0 145 0 401 401 400 0 0 0 60 50 WAIT_ACK 600 
b.1 2025-06-01 03:19:00.730 a 2025-06-01-03:19:00 101 187 325 0.4 2.3 6.7 7.8 68.6 728.1 0.26 660 0.0 14.6 22.6 23.4 3.633  -12.3   11.1    2.5  67    5.2   8 0 0 2 1 1 0 10.6 67.1 10.6 67.8 80.0 100 100 22 407 0 145 0 402 401 400 0 0 0 60 50 WAIT_ACK 600 
b.1 2025-06-01 03:20:01.915 a 2025-06-01-03:20:01 059 170 294 0.3 2.5 7.3 8.0 66.8 728.1 0.26 660 0.0 14.9 23.9 23.4 3.633  -11.0   11.2    2.6  67    5.2   8 0 0 2 1 1 0 10.6 66.7 10.6 67.2 80.0 100 100 22 407 0 145 0 402 401 400 0 0 0 60 50 WAIT_ACK 600 
b.1 2025-06-01 03:21:01.473 a 2025-06-01-03:21:01 068 165 279 0.3 2.5 5.6 8.2 66.1 728.1 0.26 660 0.0 15.2 24.1 24.5 3.628  -11.6   11.3    2.6  66    5.2   8 0 0 2 1 1 0 10.6 66.0 10.6 66.6 80.0 100 100 22 407 0 145 0 402 401 400 0 0 0 60 50 WAIT_ACK 600 
b.1 2025-06-01 03:22:01.413 a 2025-06-01-03:22:01 090 170 286 0.3 2.5 7.8 8.5 63.4 728.1 0.26 660 0.0 15.0 23.7 23.4 3.633  -11.1   11.4    2.6  66    5.3   8 0 0 2 1 1 0 10.6 65.4 10.7 66.0 80.0 100 100 21 407 0 145 0 400 401 399 0 0 0 60 50 WAIT_ACK 600 
b.1 2025-06-01 03:23:01.410 a 2025-06-01-03:23:01 104 171 296 0.4 2.5 6.6 8.5 63.4 728.1 0.26 660 0.0 14.6 22.6 23.4 3.635  -11.0   11.5    2.6  65    5.3   8 0 0 2 1 1 0 10.6 64.5 10.7 65.1 80.0 100 100 21 407 0 145 0 402 401 400 0 0 0 60 50 WAIT_ACK 600 
b.1 2025-06-01 03:24:00.872 a 2025-06-01-03:24:00 064 167 248 0.1 1.8 6.3 8.5 61.8 728.1 0.26 660 0.0 15.1 24.1 24.4 3.627  -11.3   11.6    2.4  65    5.3   8 0 0 2 1 1 0 10.6 63.9 10.7 64.5 80.0 100 100 21 407 0 145 0 402 401 400 0 0 0 60 50 WAIT_ACK 600 
b.1 2025-06-01 03:25:02.111 a 2025-06-01-03:25:01 066 166 293 0.2 2.9 7.3 8.9 59.4 728.0 0.26 660 0.0 15.0 24.1 24.5 3.626  -11.6   11.8    2.7  64    5.3   8 0 0 2 1 1 0 10.6 62.9 10.7 63.6 80.0 100 100 21 407 0 145 0 401 401 399 0 0 0 60 50 WAIT_ACK 600 
b.1 2025-06-01 03:26:00.854 a 2025-06-01-03:26:00 084 157 251 0.3 3.3 5.8 9.0 59.0 728.0 0.26 660 0.0 14.6 22.6 23.4 3.633  -998.   11.9    -2.  64    5.3   0 1 2 0 0 1 1 10.7 62.3 10.7 62.7 80.0 100 100 21 407 0 145 0 401 401 400 0 0 0 60 50 WAIT_ACK 600 
b.1 2025-06-01 03:27:00.773 a 2025-06-01-03:27:00 215 140 336 0.2 2.5 4.7 9.0 56.6 728.0 0.26 660 0.0 15.0 24.1 24.5 3.632  -998.   12.1    -2.  63    5.3   0 1 2 0 0 1 1 10.7 61.8 10.8 62.5 80.0 100 100 21 407 0 145 0 402 401 400 0 0 0 60 50 WAIT_ACK 600 
b.1 2025-06-01 03:28:01.596 a 2025-06-01-03:28:01 035 113 157 0.7 2.7 4.6 9.3 55.8 728.0 0.26 660 0.0 15.2 24.1 24.5 3.628  -998.   12.2    -2.  63    5.3   0 0 2 0 0 1 1 10.8 61.4 10.8 61.7 80.0 100 100 21 407 0 145 0 401 401 399 0 0 0 60 50 WAIT_ACK 600 
b.1 2025-06-01 03:29:00.755 a 2025-06-01-03:29:00 084 104 136 2.3 3.7 5.6 9.6 52.6 728.0 0.26 660 0.0 14.7 23.3 23.4 3.634  -998.   12.3    -2.  62    5.3   0 0 2 0 0 1 1 10.8 60.6 10.9 60.7 80.0 100 100 21 407 0 145 0 401 401 400 0 0 0 60 50 WAIT_ACK 600 
b.1 2025-06-01 03:30:01.582 a 2025-06-01-03:30:01 042 111 156 0.9 3.9 5.9 9.9 49.8 728.0 0.26 660 0.0 14.9 24.1 24.4 3.627  -998.   12.5    -2.  62    5.4   0 0 2 0 0 1 1 10.8 60.6 10.9 60.5 80.0 100 100 21 407 0 145 0 401 401 399 0 0 0 60 50 WAIT_ACK 600 
b.1 2025-06-01 03:31:01.253 a 2025-06-01-03:31:00 026 085 131 1.3 2.9 6.1 10.4 52.3 728.1 0.26 660 0.0 15.2 24.1 24.5 3.628  -998.   12.7    -2.  61    5.3 100 0 2 0 0 1 1 10.9 59.8 10.9 59.8 80.0 100 100 21 407 0 145 0 401 401 400 0 0 0 60 50 WAIT_ACK 600 
b.1 2025-06-01 03:32:00.813 a 2025-06-01-03:32:00 029 099 149 0.9 3.1 6.1 10.4 51.5 728.1 0.26 660 0.0 14.8 23.7 23.4 3.633  -998.   12.9    -2.  60    5.3   0 0 2 0 0 1 1 10.9 59.8 11.0 60.1 80.0 100 100 21 407 0 145 0 401 401 400 0 0 0 60 50 WAIT_ACK 600 
b.1 2025-06-01 03:33:01.596 a 2025-06-01-03:33:01 037 096 147 1.0 3.2 5.6 10.5 51.7 728.2 0.26 660 0.0 14.8 23.7 23.4 3.634  -998.   13.0    -2.  59    5.3   0 0 2 0 0 1 1 10.9 60.0 11.0 59.3 80.0 100 100 21 407 0 145 0 401 401 399 0 0 0 60 50 WAIT_ACK 600 
b.1 2025-06-01 03:34:01.611 a 2025-06-01-03:34:01 029 100 138 0.7 3.1 6.7 10.5 50.0 728.2 0.26 660 0.0 15.2 24.1 24.5 3.627  -998.   13.2    -2.  59    5.4   0 0 2 0 0 1 1 11.0 59.3 11.0 59.4 80.0 100 100 21 407 0 145 0 401 401 399 0 0 0 60 50 WAIT_ACK 600 
b.1 2025-06-01 03:35:01.115 a 2025-06-01-03:35:00 031 102 149 1.4 4.3 5.8 10.6 50.5 728.2 0.26 660 0.0 15.0 24.0 24.5 3.627  -998.   13.3    -2.  58    5.3 100 0 2 0 0 1 1 11.0 59.4 11.0 59.4 80.0 100 100 21 407 0 145 0 401 402 399 0 0 0 60 50 WAIT_ACK 600 
b.1 2025-06-01 03:36:01.196 a 2025-06-01-03:36:00 040 106 138 0.4 2.4 4.8 10.7 50.9 728.2 0.26 660 0.0 14.7 23.7 23.4 3.633  -998.   13.4    -2.  58    5.3   0 0 2 0 0 1 1 11.0 58.8 11.1 58.9 80.0 100 100 21 407 0 145 0 401 401 400 0 0 0 60 50 WAIT_ACK 600 
b.1 2025-06-01 03:37:00.532 a 2025-06-01-03:37:00 006 095 150 0.7 1.6 3.1 10.7 50.6 728.3 0.26 660 0.0 15.3 24.1 24.5 3.628  -998.   13.6    -2.  58    5.4   0 0 2 0 0 1 1 11.0 58.8 11.1 58.1 80.0 100 100 21 407 0 145 0 401 402 399 0 0 0 60 50 WAIT_ACK 600 
b.1 2025-06-01 03:38:01.174 a 2025-06-01-03:38:00 126 082 319 0.1 1.6 2.9 10.7 50.9 728.3 0.26 660 0.0 14.7 23.6 23.4 3.633  -998.   13.7    -2.  58    5.5   0 0 2 0 0 1 1 11.1 58.4 11.1 58.4 80.0 100 100 21 407 0 145 0 402 401 400 0 0 0 60 50 WAIT_ACK 600 
b.1 2025-06-01 03:39:00.835 a 2025-06-01-03:39:00 164 108 327 0.1 2.6 7.8 10.6 51.6 728.3 0.26 660 0.0 14.9 24.1 24.5 3.628  -998.   13.8    -2.  57    5.5   0 0 2 0 0 1 1 11.1 58.4 11.1 58.9 80.0 100 100 21 407 0 145 0 401 401 399 0 0 0 60 50 WAIT_ACK 600 
b.1 2025-06-01 03:40:00.217 a 2025-06-01-03:39:59 083 117 156 3.6 5.4 7.1 10.6 50.4 728.3 0.26 660 0.0 15.1 24.1 24.5 3.627  -998.   13.8    -2.  56    5.3   0 0 2 0 0 1 1 11.1 58.0 11.2 58.0 80.0 100 100 21 407 0 145 0 401 401 399 0 0 0 60 50 WAIT_ACK 600 
b.1 2025-06-01 03:41:00.693 a 2025-06-01-03:41:00 087 124 166 1.6 5.0 8.2 10.6 50.3 728.3 0.26 660 0.0 15.0 24.0 24.5 3.627  -998.   13.9    -2.  55    5.1   0 0 2 0 0 1 1 11.1 58.0 11.2 57.4 80.0 100 100 21 407 0 145 0 402 401 400 0 0 0 60 50 WAIT_ACK 600 
b.1 2025-06-01 03:42:01.237 a 2025-06-01-03:42:00 044 114 193 1.1 2.8 4.6 10.7 50.3 728.3 0.26 660 0.0 14.8 23.7 23.4 3.633  -998.   14.0    -2.  55    5.2 100 0 2 0 0 1 1 11.2 57.6 11.2 57.3 80.0 100 100 22 407 0 145 0 402 401 400 0 0 0 60 50 WAIT_ACK 600 
b.1 2025-06-01 03:43:01.632 a 2025-06-01-03:43:01 063 094 125 1.2 2.5 3.9 10.7 51.1 728.3 0.26 660 0.0 14.9 24.1 24.5 3.628  -998.   14.0    -2.  55    5.3   0 0 2 0 0 1 1 11.2 57.3 11.2 56.9 80.0 100 100 22 407 0 145 0 401 401 399 0 0 0 60 50 WAIT_ACK 600 
b.1 2025-06-01 03:44:00.457 a 2025-06-01-03:44:00 001 082 145 0.4 2.0 5.5 10.6 52.3 728.3 0.26 660 0.0 15.1 24.1 24.5 3.628  -998.   14.1    -2.  55    5.2   0 0 2 0 0 1 1 11.2 57.4 11.2 56.1 80.0 100 100 22 407 0 145 0 401 401 400 0 0 0 60 50 WAIT_ACK 600 
b.1 2025-06-01 03:45:01.848 a 2025-06-01-03:45:01 012 076 124 0.8 3.5 6.2 10.5 50.9 728.2 0.26 660 0.0 15.0 24.1 24.5 3.627  -998.   14.1    -2.  54    5.1   0 0 2 0 0 1 1 11.2 56.5 11.2 56.8 80.0 100 100 22 407 0 145 0 401 401 399 0 0 0 60 50 WAIT_ACK 600 
b.1 2025-06-01 03:46:01.177 a 2025-06-01-03:46:00 012 115 162 0.9 3.4 5.2 10.5 50.6 728.2 0.26 660 0.0 14.8 23.6 23.4 3.635  -998.   14.2    -2.  54    5.0   0 0 2 0 0 1 1 11.2 57.3 11.3 57.1 80.0 100 100 22 407 0 145 0 402 401 400 0 0 0 60 50 WAIT_ACK 600 
b.1 2025-06-01 03:47:01.293 a 2025-06-01-03:47:00 241 093 316 0.1 1.8 4.8 10.7 51.9 728.2 0.26 660 0.0 14.8 23.6 23.4 3.634  -998.   14.2    -2.  54    5.1   0 0 2 0 0 1 1 11.2 57.1 11.3 57.2 80.0 100 100 22 407 0 145 0 401 401 400 0 0 0 60 50 WAIT_ACK 600 
b.1 2025-06-01 03:48:01.575 a 2025-06-01-03:48:01 144 049 298 0.2 2.9 6.1 10.7 52.0 728.2 0.26 660 0.0 15.0 24.1 24.5 3.626  -14.3   14.3    3.2  54    5.0   0 0 0 2 1 1 0 11.2 56.8 11.3 57.2 80.0 100 100 22 407 0 145 0 401 402 399 0 0 0 60 50 WAIT_ACK 600 
b.1 2025-06-01 03:49:01.259 a 2025-06-01-03:49:00 160 065 305 0.4 2.9 7.3 10.6 53.2 728.2 0.26 660 0.0 15.2 24.1 24.5 3.627  -15.1   14.3    3.5  53    5.0   0 0 0 2 1 1 0 11.2 56.5 11.3 55.9 80.0 100 100 22 407 0 145 0 401 401 400 0 0 0 60 50 WAIT_ACK 600 
b.1 2025-06-01 03:50:02.637 a 2025-06-01-03:50:02 227 115 265 0.1 1.0 2.0 10.6 53.4 728.3 0.26 660 0.0 14.8 23.6 23.4 3.633  -13.0   14.3    2.4  53    5.0   0 0 0 2 1 1 0 11.2 56.2 11.3 56.2 80.0 100 100 22 407 0 145 0 401 401 400 0 0 0 60 50 WAIT_ACK 600 
b.1 2025-06-01 03:51:01.414 a 2025-06-01-03:51:01 106 070 241 0.2 2.0 5.1 10.4 54.3 728.3 0.26 660 0.0 15.0 24.1 24.5 3.627  -14.3   14.3    2.5  53    5.0   5 0 0 2 1 1 0 11.2 55.9 11.3 56.3 80.0 100 100 22 407 0 145 0 401 401 399 0 0 0 60 50 WAIT_ACK 600 
b.1 2025-06-01 03:52:01.921 a 2025-06-01-03:52:01 003 061 227 0.2 2.4 4.7 10.3 55.3 728.3 0.26 660 0.0 15.1 24.1 24.5 3.627  -14.2   14.3    2.7  53    5.0   5 0 0 2 1 1 0 11.2 55.9 11.3 56.1 80.0 100 100 22 407 0 145 0 401 401 400 0 0 0 60 50 WAIT_ACK 600 
b.1 2025-06-01 03:53:01.295 a 2025-06-01-03:53:00 083 011 108 0.1 1.3 4.7 10.3 56.1 728.3 0.26 660 0.0 14.8 23.7 23.4 3.634  -14.6   14.3    2.4  53    4.9   9 0 0 2 1 1 0 11.2 55.9 11.3 56.1 80.0 100 100 22 407 0 145 0 401 401 399 0 0 0 60 50 WAIT_ACK 600 
b.1 2025-06-01 03:54:01.378 a 2025-06-01-03:54:01 123 047 302 0.3 3.3 6.2 10.3 55.1 728.3 0.26 660 0.0 14.7 23.3 23.4 3.634  -15.1   14.3    3.2  53    4.9   8 0 0 2 1 1 0 11.2 55.8 11.2 56.1 80.0 100 100 22 407 0 145 0 401 401 400 0 0 0 60 50 WAIT_ACK 600 
b.1 2025-06-01 03:55:01.174 a 2025-06-01-03:55:00 250 113 270 0.1 1.5 4.1 10.2 56.6 728.2 0.26 660 0.0 15.2 24.1 24.4 3.633  -13.1   14.2    2.5  53    4.9   8 0 0 2 1 1 0 11.2 56.0 11.2 56.3 80.0 100 100 22 407 0 145 0 401 401 399 0 0 0 60 50 WAIT_ACK 600 
b.1 2025-06-01 03:56:01.678 a 2025-06-01-03:56:01 128 051 294 0.2 1.6 3.9 10.2 56.6 728.2 0.26 660 0.0 14.9 24.1 24.5 3.633  -15.3   14.2    2.5  53    4.9   8 0 0 2 1 1 0 11.1 56.2 11.2 56.6 80.0 100 100 22 407 0 145 0 401 401 400 0 0 0 60 50 WAIT_ACK 600 
b.1 2025-06-01 03:57:01.239 a 2025-06-01-03:57:00 142 050 236 0.2 1.7 4.6 10.1 57.2 728.1 0.26 660 0.0 14.8 23.3 23.4 3.633  -14.3   14.2    2.4  53    4.9   8 0 0 2 1 1 0 11.1 56.5 11.2 56.9 80.0 100 100 22 407 0 145 0 401 401 400 0 0 0 60 50 WAIT_ACK 600 
b.1 2025-06-01 03:58:01.776 a 2025-06-01-03:58:01 170 055 261 0.1 2.0 5.1 10.0 57.4 728.1 0.26 660 0.0 15.0 24.1 24.4 3.627  -15.5   14.2    2.5  54    4.9   8 0 0 2 1 1 0 11.1 56.7 11.1 57.1 80.0 100 100 22 407 0 145 0 401 401 399 0 0 0 60 50 WAIT_ACK 600 
b.1 2025-06-01 03:59:00.276 a 2025-06-01-03:58:59 144 042 214 0.2 1.8 4.5 10.0 56.9 728.1 0.26 660 0.0 15.1 24.1 24.5 3.628  -16.2   14.1    2.5  53    4.8   8 0 0 2 1 1 0 11.1 56.4 11.1 56.8 80.0 100 100 22 407 0 145 0 401 401 400 0 0 0 60 50 WAIT_ACK 600 
b.1 2025-06-01 04:00:01.780 a 2025-06-01-04:00:01 125 042 308 0.3 2.4 4.4 10.0 57.5 728.1 0.26 660 0.0 15.0 24.0 24.5 3.626  -18.2   14.1    2.9  53    4.8   8 0 0 2 1 1 0 11.1 57.0 11.1 57.3 80.0 100 100 22 407 0 145 0 402 401 400 0 0 0 60 50 WAIT_ACK 600 
b.1 2025-06-01 04:01:00.976 a 2025-06-01-04:01:00 140 035 199 0.1 2.0 4.5 9.9 59.2 728.1 0.26 660 0.0 14.7 23.3 23.4 3.634  -19.6   14.0    2.9  54    4.8   8 0 0 2 1 1 0 11.1 57.5 11.1 57.7 80.0 100 100 22 407 0 145 0 402 401 400 0 0 0 60 50 WAIT_ACK 600 
b.1 2025-06-01 04:02:00.415 a 2025-06-01-04:02:00 140 072 160 0.1 0.8 2.7 9.8 59.6 728.2 0.26 660 0.0 15.3 24.1 24.4 3.629  -19.7   14.0    2.3  54    4.8   8 0 0 2 1 1 0 11.1 57.6 11.1 58.0 80.0 100 100 21 407 0 145 0 401 401 399 0 0 0 60 50 WAIT_ACK 600 
b.1 2025-06-01 04:03:01.576 a 2025-06-01-04:03:01 174 057 269 0.3 2.8 5.2 9.8 58.9 728.2 0.26 660 0.0 14.7 22.6 23.4 3.633  -21.1   14.0    2.8  54    4.8   8 0 0 2 1 1 0 11.0 57.9 11.1 58.1 80.0 100 100 21 407 0 145 0 402 401 400 0 0 0 60 50 WAIT_ACK 543 
b.1 2025-06-01 04:04:00.680 a 2025-06-01-04:04:00 090 070 273 0.1 1.9 4.2 9.8 59.6 728.2 0.26 660 0.0 15.1 24.1 24.5 3.627  -19.4   13.9    2.6  54    4.8   8 0 0 2 1 1 0 11.0 57.5 11.1 57.7 80.0 100 100 21 407 0 145 0 401 401 399 0 0 0 60 50 WAIT_ACK 589 
b.1 2025-06-01 04:05:01.299 a 2025-06-01-04:05:00 128 089 311 0.2 1.3 2.7 9.8 59.9 728.3 0.26 660 0.0 15.1 24.1 24.5 3.627  -18.2   13.9    2.3  54    4.8   5 0 0 2 1 1 0 11.0 57.9 11.1 58.3 80.0 100 100 21 407 0 145 0 401 401 399 0 0 0 60 50 WAIT_ACK 600 
b.1 2025-06-01 04:06:01.517 a 2025-06-01-04:06:01 127 059 195 0.1 2.1 4.8 9.7 60.6 728.3 0.26 660 0.0 14.8 23.3 23.4 3.633  -16.3   13.8    2.5  54    4.8   5 0 0 2 1 1 0 11.0 58.3 11.1 58.4 80.0 100 100 21 407 0 145 0 401 401 400 0 0 0 60 50 WAIT_ACK 600 
b.1 2025-06-01 04:07:01.496 a 2025-06-01-04:07:01 164 050 223 0.1 1.2 2.9 9.7 60.8 728.3 0.26 660 0.0 14.9 24.1 24.5 3.628  -15.5   13.8    2.3  54    4.8   5 0 0 2 1 1 0 11.0 58.7 11.1 59.0 80.0 100 100 21 407 0 145 0 401 401 399 0 0 0 60 50 WAIT_ACK 600 
b.1 2025-06-01 04:08:01.115 a 2025-06-01-04:08:00 035 103 161 0.8 4.8 7.8 9.7 57.7 728.3 0.26 660 0.0 15.0 24.1 24.5 3.627  -15.8   13.8    3.6  54    4.8  10 0 0 2 1 1 0 11.0 58.3 11.1 58.2 80.0 100 100 21 407 0 145 0 401 401 399 0 0 0 60 50 WAIT_ACK 600 
b.1 2025-06-01 04:09:02.055 a 2025-06-01-04:09:01 128 063 276 0.1 2.3 5.8 9.7 57.8 728.3 0.26 660 0.0 14.9 24.0 24.5 3.627  -18.9   13.8    3.1  54    4.7  10 0 0 2 1 1 0 11.0 58.1 11.1 58.2 80.0 100 100 21 407 0 145 0 401 401 399 0 0 0 60 50 WAIT_ACK 600 
b.1 2025-06-01 04:10:00.799 a 2025-06-01-04:10:00 141 084 350 0.3 3.0 5.8 9.8 58.0 728.4 0.26 660 0.0 15.0 24.1 24.4 3.627  -16.8   13.8    3.4  54    4.7   5 0 0 2 1 1 0 11.0 57.8 11.1 58.0 80.0 100 100 21 407 0 145 0 401 401 399 0 0 0 60 50 WAIT_ACK 600 
b.1 2025-06-01 04:11:01.858 a 2025-06-01-04:11:01 147 068 345 0.3 3.4 6.4 10.0 57.1 728.4 0.26 660 0.0 15.0 23.9 23.4 3.633  -15.6   13.8    4.2  54    4.6  11 0 0 2 1 1 0 11.0 57.5 11.1 57.6 80.0 100 100 21 407 0 145 0 401 401 400 0 0 0 60 50 WAIT_ACK 600 
b.1 2025-06-01 04:12:00.897 a 2025-06-01-04:12:00 190 074 228 0.1 1.1 3.5 10.0 57.5 728.4 0.26 660 0.0 14.8 23.9 23.4 3.634  -13.0   13.8    2.7  54    4.6   7 0 0 2 1 1 0 11.0 57.2 11.1 57.4 80.0 100 100 21 407 0 145 0 400 401 400 0 0 0 60 50 WAIT_ACK 600 
b.1 2025-06-01 04:13:01.655 a 2025-06-01-04:13:01 149 098 300 0.4 2.0 3.6 10.1 57.8 728.5 0.26 660 0.0 14.8 23.6 23.4 3.634  -12.6   13.8    2.6  54    4.6   7 0 0 2 1 1 0 11.0 57.6 11.1 57.7 80.0 100 100 21 407 0 145 0 401 401 400 0 0 0 60 50 WAIT_ACK 600 
b.1 2025-06-01 04:14:00.821 a 2025-06-01-04:14:00 242 086 298 0.1 1.0 2.8 10.0 59.2 728.5 0.26 660 0.0 15.0 24.1 24.5 3.627  -13.7   13.8    2.3  54    4.7   7 0 0 2 1 1 0 11.0 57.8 11.1 58.1 80.0 100 100 21 407 0 145 0 401 401 399 0 0 0 60 50 WAIT_ACK 600 
b.1 2025-06-01 04:15:01.737 a 2025-06-01-04:15:01 021 080 136 0.8 2.3 4.5 10.0 58.6 728.6 0.26 660 0.0 15.1 24.1 24.5 3.635  -13.2   13.8    2.5  54    4.7   7 0 0 2 1 1 0 11.0 58.0 11.1 58.2 80.0 100 100 21 407 0 145 0 401 401 399 0 0 0 60 50 WAIT_ACK 600 
b.1 2025-06-01 04:16:00.157 a 2025-06-01-04:15:59 115 048 259 0.2 1.9 4.7 10.0 59.5 728.6 0.26 660 0.0 14.9 23.8 23.4 3.634  -13.0   13.8    2.5  54    4.7   7 0 0 2 1 1 0 11.0 58.2 11.1 58.2 80.0 100 100 21 407 0 145 0 401 401 399 0 0 0 60 50 WAIT_ACK 600 
b.1 2025-06-01 04:17:01.355 a 2025-06-01-04:17:01 140 055 276 0.1 2.6 6.1 9.9 56.6 728.5 0.26 660 0.0 14.6 23.3 23.4 3.634  -12.7   13.8    2.8  54    4.7   7 0 0 2 1 1 0 11.0 57.8 11.1 57.9 80.0 100 100 21 407 0 145 0 402 401 400 0 0 0 60 50 WAIT_ACK 600 
b.1 2025-06-01 04:18:01.996 a 2025-06-01-04:18:01 220 088 289 0.1 2.1 4.0 10.0 58.0 728.6 0.26 660 0.0 15.2 24.1 24.5 3.627  -13.4   13.8    2.7  54    4.6   7 0 0 2 1 1 0 11.0 58.1 11.1 58.2 80.0 100 100 22 407 0 145 0 401 401 399 0 0 0 60 50 WAIT_ACK 600 
b.1 2025-06-01 04:19:00.839 a 2025-06-01-04:19:00 069 109 139 1.3 2.9 5.0 10.0 58.2 728.7 0.26 660 0.0 14.9 23.7 23.4 3.634  -15.4   13.8    3.1  54    4.7   7 0 0 2 1 1 0 11.0 58.1 11.1 58.1 80.0 100 100 22 407 0 145 0 401 401 400 0 0 0 60 50 WAIT_ACK 600 
b.1 2025-06-01 04:20:01.617 a 2025-06-01-04:20:01 022 079 137 1.0 2.6 4.4 10.0 58.2 728.7 0.26 660 0.0 14.8 23.7 23.4 3.633  -13.3   13.8    3.3  54    4.7   7 0 0 2 1 1 0 11.0 58.1 11.2 58.2 80.0 100 100 22 407 0 145 0 401 401 399 0 0 0 60 50 WAIT_ACK 600 
b.1 2025-06-01 04:21:01.237 a 2025-06-01-04:21:00 068 117 156 1.3 2.2 3.5 10.0 58.1 728.7 0.26 660 0.0 15.0 24.1 24.5 3.627  -10.9   13.8    3.0  54    4.7   7 0 0 2 1 1 0 11.1 58.1 11.2 58.4 80.0 100 100 22 407 0 145 0 402 401 400 0 0 0 60 50 WAIT_ACK 600 
b.1 2025-06-01 04:22:01.322 a 2025-06-01-04:22:00 010 130 306 0.2 1.3 2.7 10.0 59.1 728.8 0.26 660 0.0 15.1 24.1 24.5 3.627  -11.4   13.9    2.5  54    4.8   7 0 0 2 1 1 0 11.1 58.2 11.2 58.6 80.0 100 100 22 407 0 145 0 401 401 400 0 0 0 60 50 WAIT_ACK 600 
b.1 2025-06-01 04:23:02.005 a 2025-06-01-04:23:01 055 097 143 0.8 1.6 3.0 10.1 58.4 728.9 0.26 660 0.0 14.9 23.9 23.4 3.633  -13.5   13.9    2.5  54    4.8   5 0 0 2 1 1 0 11.1 58.6 11.2 58.9 80.0 100 100 22 407 0 145 0 401 401 399 0 0 0 60 50 WAIT_ACK 600 
b.1 2025-06-01 04:24:00.960 a 2025-06-01-04:24:00 076 120 180 0.5 1.7 2.8 10.1 57.2 728.9 0.26 660 0.0 14.9 23.9 23.4 3.633  -12.1   13.9    2.5  54    4.9   5 0 0 2 1 1 0 11.1 58.4 11.2 58.7 80.0 100 100 22 407 0 145 0 401 401 399 0 0 0 60 50 WAIT_ACK 600 
b.1 2025-06-01 04:25:01.497 a 2025-06-01-04:25:01 061 160 294 0.1 1.4 3.1 10.1 57.4 728.9 0.26 660 0.0 14.9 23.9 23.4 3.634  -11.3   14.0    2.3  54    4.9   5 0 0 2 1 1 0 11.1 58.3 11.2 59.0 80.0 100 100 22 407 0 145 0 401 401 400 0 0 0 60 50 WAIT_ACK 600 
b.1 2025-06-01 04:26:01.157 a 2025-06-01-04:26:00 018 146 324 0.2 2.0 4.8 10.0 58.0 728.9 0.26 660 0.0 14.8 23.7 23.4 3.633  -12.1   14.0    2.4  54    4.9   7 0 0 2 1 1 0 11.1 58.4 11.2 58.7 80.0 100 100 22 407 0 145 0 401 401 399 0 0 0 60 50 WAIT_ACK 600 
b.1 2025-06-01 04:27:01.842 a 2025-06-01-04:27:01 090 179 344 0.1 0.9 3.3 10.0 58.2 728.9 0.27 670 0.3 14.9 24.1 24.5 3.627  -11.4   14.0    2.2  54    4.9   7 0 0 2 1 1 0 11.1 58.5 11.2 58.8 80.0 100 100 22 407 0 145 0 401 401 399 0 0 0 60 50 WAIT_ACK 600 
b.1 2025-06-01 04:28:01.582 a 2025-06-01-04:28:01 062 178 281 0.3 1.6 5.1 10.0 58.1 728.9 0.28 690 0.5 15.0 24.1 24.5 3.634  -998.   14.1    -2.  54    4.9   0 1 2 0 0 1 1 11.1 58.6 11.2 58.9 80.0 100 100 22 407 0 145 0 401 401 399 0 0 0 60 50 WAIT_ACK 600 
b.1 2025-06-01 04:29:01.464 a 2025-06-01-04:29:01 117 184 313 0.3 1.5 3.6 10.0 58.1 728.9 0.28 690 0.0 14.9 23.9 23.4 3.633  -998.   14.1    -2.  54    4.8   0 0 2 0 0 1 1 11.1 58.8 11.2 59.1 80.0 100 100 22 407 0 145 0 401 401 399 0 0 0 60 50 WAIT_ACK 600 
b.1 2025-06-01 04:30:00.644 a 2025-06-01-04:30:00 074 172 283 0.2 2.8 7.4 10.0 57.0 728.9 0.28 690 0.0 14.7 23.3 23.4 3.634  -998.   14.0    -2.  54    4.8   0 0 2 0 0 1 1 11.1 58.6 11.2 59.1 80.0 100 100 22 407 0 145 0 402 401 400 0 0 0 60 50 WAIT_ACK 600 
b.1 2025-06-01 04:31:01.042 a 2025-06-01-04:31:00 090 183 296 0.1 1.5 5.1 9.9 56.1 728.9 0.28 690 0.0 14.8 23.7 23.4 3.633  -998.   14.0    -2.  53    4.7   0 0 2 0 0 1 1 11.1 58.5 11.2 59.1 80.0 100 100 22 407 0 145 0 401 401 400 0 0 0 60 50 WAIT_ACK 600 
b.1 2025-06-01 04:32:01.121 a 2025-06-01-04:32:00 038 182 293 0.1 1.7 4.8 10.0 55.3 728.9 0.28 690 0.0 15.1 24.1 24.5 3.628  -998.   14.0    -2.  53    4.7   0 0 2 0 0 1 1 11.1 58.3 11.2 59.0 80.0 100 100 22 407 0 145 0 401 401 399 0 0 0 60 50 WAIT_ACK 600 
b.1 2025-06-01 04:33:02.084 a 2025-06-01-04:33:01 007 192 234 0.2 1.7 5.2 10.0 56.6 728.9 0.28 690 0.0 14.9 23.9 23.4 3.633  -998.   14.0    -2.  53    4.6   0 0 2 0 0 1 1 11.2 58.4 11.2 58.8 80.0 100 100 22 407 0 145 0 401 401 399 0 0 0 60 50 WAIT_ACK 600 
b.1 2025-06-01 04:34:01.085 a 2025-06-01-04:34:00 105 186 296 0.4 2.1 4.6 10.0 55.7 728.9 0.28 690 0.0 14.8 23.6 23.4 3.633  -998.   14.0    -2.  53    4.6   0 0 2 0 0 1 1 11.2 58.2 11.2 58.5 80.0 100 100 22 407 0 145 0 401 401 399 0 0 0 60 50 WAIT_ACK 600 
b.1 2025-06-01 04:35:01.525 a 2025-06-01-04:35:01 160 205 302 0.6 2.7 5.1 10.2 55.8 728.9 0.28 690 0.0 15.0 24.1 24.5 3.628  -998.   14.0    -2.  53    4.6   0 0 2 0 0 1 1 11.2 58.2 11.2 58.6 80.0 100 100 22 407 0 145 0 401 401 399 0 0 0 60 50 WAIT_ACK 600 
b.1 2025-06-01 04:36:01.500 a 2025-06-01-04:36:01 142 207 232 1.2 3.9 6.8 10.1 56.4 728.9 0.28 690 0.0 14.9 23.7 23.4 3.633  -998.   14.0    -2.  53    4.6   0 1 2 0 0 1 1 11.2 58.2 11.2 58.8 80.0 100 100 22 407 0 145 0 401 401 400 0 0 0 60 50 WAIT_ACK 600 
b.1 2025-06-01 04:37:00.746 a 2025-06-01-04:37:00 148 207 287 0.4 2.5 5.7 10.1 58.1 728.9 0.28 710 0.0 14.9 23.9 23.4 3.633  -998.   14.0    -2.  53    4.6   0 1 2 0 0 1 1 11.2 58.3 11.2 58.9 80.0 100 100 22 407 0 145 0 401 401 400 0 0 0 60 50 WAIT_ACK 600 
b.1 2025-06-01 04:38:01.644 a 2025-06-01-04:38:01 074 188 276 0.2 1.8 4.4 10.0 58.6 728.9 0.28 710 0.0 14.9 24.0 24.5 3.627  -998.   14.0    -2.  53    4.6   0 0 2 0 0 1 1 11.2 58.2 11.3 58.8 80.0 100 100 22 407 0 145 0 401 402 399 0 0 0 60 50 WAIT_ACK 600 
b.1 2025-06-01 04:39:01.480 a 2025-06-01-04:39:01 304 163 340 0.1 1.1 3.0 9.6 59.8 728.9 0.28 710 0.0 14.7 23.3 23.4 3.633  -998.   13.9    -2.  53    4.6   0 0 2 0 0 1 1 11.2 58.3 11.3 59.0 80.0 100 100 22 407 0 145 0 401 401 400 0 0 0 60 50 WAIT_ACK 600 
b.1 2025-06-01 04:40:01.144 a 2025-06-01-04:40:00 051 177 295 0.1 1.8 4.8 9.6 58.7 728.9 0.28 710 0.0 14.9 24.0 24.5 3.627  -998.   13.9    -2.  53    4.6   0 0 2 0 0 1 1 11.2 58.3 11.3 59.1 80.0 100 100 21 407 0 145 0 401 401 399 0 0 0 60 50 WAIT_ACK 600 
b.1 2025-06-01 04:41:01.121 a 2025-06-01-04:41:00 078 167 276 0.3 1.6 4.8 9.4 58.7 728.9 0.28 710 0.0 15.2 24.1 24.5 3.635  -998.   13.8    -2.  53    4.5   0 0 2 0 0 1 1 11.3 58.2 11.3 58.7 80.0 100 100 21 407 0 145 0 401 401 399 0 0 0 60 50 WAIT_ACK 600 
b.1 2025-06-01 04:42:01.045 a 2025-06-01-04:42:00 080 194 298 0.2 2.3 5.3 9.4 59.5 728.9 0.28 710 0.0 14.8 23.6 23.4 3.633  -998.   13.8    -2.  53    4.4   0 0 2 0 0 1 1 11.3 58.2 11.3 58.7 80.0 100 100 21 407 0 145 0 401 401 400 0 0 0 60 50 WAIT_ACK 600 
b.1 2025-06-01 04:43:00.744 a 2025-06-01-04:43:00 090 197 316 0.1 1.9 4.5 9.4 60.3 728.9 0.28 710 0.0 14.7 23.7 23.4 3.633  -998.   13.7    -2.  54    4.5   0 0 2 0 0 1 1 11.3 58.2 11.3 59.1 80.0 100 100 21 407 0 145 0 401 401 400 0 0 0 60 50 WAIT_ACK 600 
b.1 2025-06-01 04:44:01.006 a 2025-06-01-04:44:00 097 192 333 0.3 2.1 4.2 9.3 60.5 728.9 0.28 710 0.0 14.9 24.1 24.5 3.627  -998.   13.6    -2.  54    4.4   0 0 2 0 0 1 1 11.3 58.2 11.3 59.2 80.0 100 100 21 407 0 145 0 401 401 400 0 0 0 60 50 WAIT_ACK 600 
b.1 2025-06-01 04:45:01.683 a 2025-06-01-04:45:01 235 193 306 0.2 1.7 4.5 9.2 61.0 728.9 0.28 710 0.0 15.0 24.1 24.5 3.627  -998.   13.6    -2.  54    4.4   0 0 2 0 0 1 1 11.3 58.3 11.3 59.0 80.0 100 100 21 407 0 145 0 401 401 400 0 0 0 60 50 WAIT_ACK 600 
b.1 2025-06-01 04:46:02.045 a 2025-06-01-04:46:01 107 189 300 0.2 1.6 3.6 9.2 61.7 728.9 0.28 710 0.0 15.0 23.9 23.4 3.634  -998.   13.5    -2.  54    4.4   0 0 2 0 0 1 1 11.3 58.4 11.3 58.9 80.0 100 100 21 407 0 145 0 401 401 399 0 0 0 60 50 WAIT_ACK 600 
b.1 2025-06-01 04:47:01.707 a 2025-06-01-04:47:01 244 178 356 0.3 2.1 5.6 9.0 62.4 728.8 0.28 710 0.0 14.7 23.2 23.4 3.634  -998.   13.4    -2.  54    4.4   0 1 2 0 0 1 1 11.3 58.4 11.3 59.4 80.0 100 100 21 407 0 145 0 401 401 400 0 0 0 60 50 WAIT_ACK 600 
b.1 2025-06-01 04:48:01.180 a 2025-06-01-04:48:00 274 181 356 0.3 2.2 7.4 9.0 63.0 728.9 0.28 710 0.0 14.4 22.5 23.4 3.633  -998.   13.3    -2.  55    4.4   0 1 2 0 0 1 1 11.3 58.4 11.4 59.3 80.0 100 100 21 407 0 145 0 401 401 400 0 0 0 60 50 WAIT_ACK 600 
b.1 2025-06-01 04:49:01.085 a 2025-06-01-04:49:00 312 184 000 0.3 1.9 4.3 8.9 62.6 728.9 0.28 710 0.0 15.1 24.1 24.5 3.628  -998.   13.2    -2.  55    4.3   0 1 2 0 0 1 1 11.3 58.5 11.4 59.4 80.0 100 100 21 407 0 145 0 401 401 400 0 0 0 60 50 WAIT_ACK 600 
b.1 2025-06-01 04:50:01.762 a 2025-06-01-04:50:01 125 188 307 0.2 2.1 5.0 8.8 62.7 728.9 0.29 760 0.6 15.1 24.1 24.5 3.626  -998.   13.2    -2.  55    4.3   0 2 2 0 0 1 1 11.3 58.4 11.4 59.2 80.0 100 100 21 407 0 145 0 402 401 400 0 0 0 60 50 WAIT_ACK 600 
b.1 2025-06-01 04:51:00.907 a 2025-06-01-04:51:00 070 187 297 0.4 2.0 5.1 8.7 64.0 728.9 0.30 810 0.6 14.1 22.6 23.4 3.633  -998.   13.1    -2.  55    4.3 100 1 2 0 0 1 1 11.3 58.5 11.4 59.5 80.0 100 100 21 407 0 145 0 402 401 400 0 0 0 60 50 WAIT_ACK 600 
b.1 2025-06-01 04:52:02.046 a 2025-06-01-04:52:01 064 178 313 0.1 1.6 6.1 8.7 65.3 728.9 0.30 820 0.0 14.5 22.6 23.4 3.634  -998.   13.0    -2.  55    4.3   0 1 2 0 0 1 1 11.3 58.6 11.4 59.4 80.0 100 100 21 407 0 145 0 402 401 399 0 0 0 60 50 WAIT_ACK 600 
b.1 2025-06-01 04:53:00.266 a 2025-06-01-04:52:59 077 175 303 0.4 2.1 5.7 8.4 66.0 728.9 0.30 820 0.0 14.7 23.3 23.4 3.633  -998.   12.9    -2.  56    4.3   0 1 2 0 0 1 1 11.4 58.6 11.4 59.7 80.0 100 100 21 407 0 145 0 401 401 400 0 0 0 60 50 WAIT_ACK 600 
b.1 2025-06-01 04:54:01.612 a 2025-06-01-04:54:01 068 190 240 0.3 2.0 5.1 8.3 66.9 729.0 0.30 820 0.0 14.5 22.6 23.4 3.633  -998.   12.8    -2.  56    4.2   0 1 2 0 0 1 1 11.4 58.8 11.4 60.6 80.0 100 100 21 407 0 145 0 402 401 400 0 0 0 60 50 WAIT_ACK 600 
b.1 2025-06-01 04:55:02.562 a 2025-06-01-04:55:02 141 194 251 0.8 3.0 8.4 8.1 68.2 728.9 0.30 870 0.3 14.2 22.6 23.4 3.633  -998.   12.6    -2.  56    4.2   0 1 2 0 0 1 1 11.4 59.0 11.4 59.7 80.0 100 100 22 407 0 145 0 401 402 399 0 0 0 60 50 WAIT_ACK 600 
b.1 2025-06-01 04:56:01.108 a 2025-06-01-04:56:00 104 197 288 0.5 3.4 8.2 8.0 68.9 728.9 0.31 880 0.2 14.5 22.6 23.4 3.634  -998.   12.5    -2.  57    4.2   0 1 2 0 0 1 1 11.4 59.3 11.4 59.7 80.0 100 100 22 407 0 145 0 402 401 400 0 0 0 60 50 WAIT_ACK 600 
b.1 2025-06-01 04:57:01.128 a 2025-06-01-04:57:00 058 193 335 0.3 2.9 8.8 7.9 69.8 729.0 0.31 880 0.0 14.5 22.5 23.4 3.633  -998.   12.4    -2.  57    4.2   0 1 2 0 0 1 1 11.4 59.3 11.4 60.2 80.0 100 100 22 407 0 145 0 401 401 399 0 0 0 60 50 WAIT_ACK 600 
b.1 2025-06-01 04:58:01.065 a 2025-06-01-04:58:00 058 195 248 0.6 2.2 5.1 7.8 72.0 728.9 0.31 880 0.0 15.1 24.1 24.5 3.626  -998.   12.3    -2.  58    4.3   0 1 2 0 0 1 1 11.4 59.4 11.4 60.2 80.0 100 100 22 407 0 145 0 401 401 400 0 0 0 60 50 WAIT_ACK 600 
b.1 2025-06-01 04:59:01.085 a 2025-06-01-04:59:00 110 201 232 1.0 5.2 10.7 7.6 72.2 728.9 0.31 880 0.0 14.0 22.6 23.4 3.634  -998.   12.2    -2.  59    4.3   0 1 2 0 0 1 1 11.4 59.6 11.4 60.3 80.0 100 100 22 407 0 145 0 401 401 399 0 0 0 60 50 WAIT_ACK 600 
b.1 2025-06-01 05:00:01.173 a 2025-06-01-05:00:00 123 195 274 0.3 3.9 8.0 7.5 72.6 728.9 0.31 890 0.0 14.6 22.6 23.4 3.633  -998.   12.1    -2.  59    4.3 100 2 2 0 0 1 1 11.3 59.9 11.4 60.4 80.0 100 100 22 407 0 145 0 401 401 399 0 0 0 60 50 WAIT_ACK 600 
b.1 2025-06-01 05:01:01.565 a 2025-06-01-05:01:01 131 194 233 1.1 4.0 9.0 7.3 74.3 728.9 0.31 920 0.1 14.1 22.6 23.4 3.633  -998.   11.9    -2.  59    4.3   0 2 2 0 0 1 1 11.3 60.0 11.4 60.5 80.0 100 100 22 407 0 145 0 402 401 400 0 0 0 60 50 WAIT_ACK 600 
b.1 2025-06-01 05:02:02.394 a 2025-06-01-05:02:02 107 196 232 1.1 4.7 11.0 7.2 73.6 728.8 0.31 930 0.0 13.8 22.5 23.4 3.633  -998.   11.8    -2.  60    4.3   0 1 2 0 0 1 1 11.3 60.0 11.3 60.4 80.0 100 100 22 407 0 145 0 401 401 399 0 0 0 60 50 WAIT_ACK 600 
b.1 2025-06-01 05:03:00.286 a 2025-06-01-05:02:59 121 201 232 1.0 4.6 8.4 7.2 73.6 728.8 0.31 930 0.0 14.1 22.6 23.4 3.632  -998.   11.7    -2.  60    4.2 100 1 2 0 0 1 1 11.3 60.3 11.3 61.0 80.0 100 100 22 407 0 145 0 401 401 400 0 0 0 60 50 WAIT_ACK 600 
b.1 2025-06-01 05:04:00.786 a 2025-06-01-05:04:00 138 205 229 1.1 5.2 10.9 6.9 75.6 728.7 0.31 930 0.0 14.6 22.6 23.4 3.633  -998.   11.6    -2.  60    4.2   0 1 2 0 0 1 1 11.3 60.5 11.4 60.9 80.0 100 100 22 407 0 145 0 401 401 399 0 0 0 60 50 WAIT_ACK 600 
b.1 2025-06-01 05:05:01.144 a 2025-06-01-05:05:00 118 197 229 1.0 3.9 8.4 7.0 76.5 728.7 0.31 930 0.0 14.6 22.6 23.4 3.633  -998.   11.5    -2.  61    4.2 100 0 2 0 0 1 1 11.3 60.5 11.3 61.1 80.0 100 100 22 407 0 145 0 401 401 400 0 0 0 60 50 WAIT_ACK 600 
b.1 2025-06-01 05:06:00.069 a 2025-06-01-05:05:59 100 202 284 0.4 5.2 9.8 6.9 77.3 728.8 0.31 930 0.0 14.3 22.6 23.4 3.633  -998.   11.4    -2.  61    4.2   0 2 2 0 0 1 1 11.3 60.8 11.3 61.4 80.0 100 100 22 407 0 145 0 401 401 399 0 0 0 60 50 WAIT_ACK 600 
b.1 2025-06-01 05:06:59.828 a 2025-06-01-05:06:59 119 204 239 0.7 7.4 12.8 6.6 77.6 728.7 0.31 930 0.0 13.0 22.6 23.4 3.633  -998.   11.3    -2.  61    4.2   0 1 2 0 0 1 1 11.3 61.3 11.3 61.8 80.0 100 100 22 407 0 145 0 401 401 399 0 0 0 60 50 WAIT_ACK 600 
b.1 2025-06-01 05:08:01.427 a 2025-06-01-05:08:01 151 205 236 1.9 6.1 10.5 6.6 78.2 728.8 0.31 930 0.0 13.1 22.6 23.4 3.633  -998.   11.2    -2.  62    4.2   0 1 2 0 0 1 1 11.3 61.4 11.3 62.0 80.0 100 100 22 407 0 145 0 401 401 399 0 0 0 60 50 WAIT_ACK 600 
b.1 2025-06-01 05:09:00.887 a 2025-06-01-05:09:00 164 203 226 1.6 5.7 9.8 6.5 79.9 728.8 0.31 940 0.0 13.1 22.6 23.4 3.632  -998.   11.1    -2.  62    4.1   0 1 2 0 0 1 1 11.2 61.6 11.3 62.2 80.0 100 100 22 407 0 145 0 401 401 399 0 0 0 60 50 WAIT_ACK 600 
b.1 2025-06-01 05:10:03.184 a 2025-06-01-05:10:02 156 205 228 2.1 6.3 9.9 6.4 80.4 728.9 0.31 950 0.0 12.6 22.6 23.4 3.633  -998.   11.0    -2.  62    4.1   0 1 2 0 0 1 1 11.3 61.8 11.3 62.4 80.0 100 100 22 407 0 145 0 401 401 399 0 0 0 60 50 WAIT_ACK 600 
b.1 2025-06-01 05:11:01.549 a 2025-06-01-05:11:01 151 210 251 0.8 5.4 9.3 6.2 81.9 728.9 0.31 960 0.0 12.8 22.6 23.4 3.633  -998.   11.0    -2.  62    4.1   0 1 2 0 0 1 1 11.2 62.2 11.3 62.5 80.0 100 100 22 407 0 145 0 401 402 399 0 0 0 60 50 WAIT_ACK 600 
b.1 2025-06-01 05:12:00.887 a 2025-06-01-05:12:00 172 207 233 1.2 4.7 8.5 6.2 82.9 728.9 0.31 970 0.0 13.3 22.5 23.4 3.633  -998.   10.9    -2.  63    4.1 100 1 2 0 0 1 1 11.2 62.4 11.3 62.7 80.0 100 100 22 407 0 145 0 402 401 400 0 0 0 60 50 WAIT_ACK 600 
b.1 2025-06-01 05:13:01.006 a 2025-06-01-05:13:00 138 213 302 0.9 3.5 6.1 6.1 82.9 728.9 0.31 980 0.0 14.6 22.6 23.4 3.634  -998.   10.9    -2.  63    4.0   0 1 2 0 0 1 1 11.2 62.6 11.2 62.8 80.0 100 100 22 407 0 145 0 402 401 400 0 0 0 60 50 WAIT_ACK 600 
b.1 2025-06-01 05:14:00.710 a 2025-06-01-05:14:00 090 198 234 0.4 2.8 6.3 6.1 83.9 729.0 0.31 980 0.0 14.9 23.6 23.4 3.633  -998.   10.8    -2.  63    4.1   0 1 2 0 0 1 1 11.2 62.4 11.3 63.0 80.0 100 100 22 407 0 145 0 401 401 400 0 0 0 60 50 WAIT_ACK 600 
b.1 2025-06-01 05:15:02.127 a 2025-06-01-05:15:01 130 204 229 0.4 2.5 4.4 6.1 84.6 729.0 0.31 980 0.0 14.8 23.7 23.4 3.633  -998.   10.8    -2.  63    4.1   0 1 2 0 0 1 1 11.2 62.5 11.3 62.9 80.0 100 100 22 407 0 145 0 401 401 400 0 0 0 60 50 WAIT_ACK 600 
b.1 2025-06-01 05:16:01.789 a 2025-06-01-05:16:01 169 204 223 1.2 3.9 6.1 6.0 84.7 728.9 0.31 980 0.0 13.8 22.6 23.4 3.633  -998.   10.8    -2.  63    4.1   0 2 2 0 0 1 1 11.2 62.5 11.3 63.0 80.0 100 100 21 407 0 145 0 402 401 400 0 0 0 60 50 WAIT_ACK 600 
b.1 2025-06-01 05:17:01.532 a 2025-06-01-05:17:01 161 208 236 0.6 3.0 4.8 6.0 84.7 728.9 0.31 980 0.0 14.4 22.6 23.4 3.632  -998.   10.8    -2.  63    4.1   0 2 2 0 0 1 1 11.2 62.6 11.2 63.3 80.0 100 100 21 407 0 145 0 401 401 399 0 0 0 60 50 WAIT_ACK 600 
b.1 2025-06-01 05:18:01.229 a 2025-06-01-05:18:00 195 217 241 2.3 3.9 5.3 6.0 84.9 728.9 0.31 980 0.0 13.9 22.6 23.4 3.633  -998.   10.8    -2.  63    4.1   0 2 2 0 0 1 1 11.2 62.8 11.2 63.6 80.0 100 100 21 407 0 145 0 401 401 399 0 0 0 60 50 WAIT_ACK 600 
b.1 2025-06-01 05:19:00.673 a 2025-06-01-05:19:00 190 224 242 2.6 4.0 4.7 6.0 84.6 728.9 0.31 980 0.0 14.0 22.6 23.4 3.633  -998.   10.8    -2.  63    4.1 100 1 2 0 0 1 1 11.2 62.9 11.2 63.7 80.0 100 100 21 407 0 145 0 401 401 400 0 0 0 60 50 WAIT_ACK 600 
b.1 2025-06-01 05:20:01.433 a 2025-06-01-05:20:01 205 229 258 2.4 3.4 4.4 5.9 83.6 728.9 0.31 980 0.0 15.0 24.1 24.5 3.626  -998.   10.9    -2.  63    4.2   0 1 2 0 0 1 1 11.2 63.2 11.2 63.9 80.0 100 100 21 407 0 145 0 402 401 400 0 0 0 60 50 WAIT_ACK 600 
b.1 2025-06-01 05:20:59.513 a 2025-06-01-05:20:59 183 215 230 1.4 3.2 3.9 5.9 84.4 728.9 0.31 980 0.0 14.6 22.6 23.4 3.634  -998.   11.0    -2.  63    4.3   0 0 2 0 0 1 1 11.2 63.2 11.2 63.9 80.0 100 100 21 407 0 145 0 401 401 399 0 0 0 60 50 WAIT_ACK 600 
b.1 2025-06-01 05:22:01.453 a 2025-06-01-05:22:00 059 197 307 0.2 2.1 5.1 5.9 83.9 728.8 0.31 980 0.0 14.7 23.7 23.4 3.633  -998.   11.1    -2.  63    4.4   0 0 2 0 0 1 1 11.2 63.2 11.3 63.9 80.0 100 100 21 407 0 145 0 401 401 400 0 0 0 60 50 WAIT_ACK 600 
b.1 2025-06-01 05:23:01.253 a 2025-06-01-05:23:00 180 215 234 3.6 5.1 6.4 5.9 83.2 728.8 0.31 980 0.0 14.0 22.6 23.4 3.633  -998.   11.1    -2.  63    4.4   0 0 2 0 0 1 1 11.2 63.3 11.2 64.0 80.0 100 100 21 407 0 145 0 401 401 399 0 0 0 60 50 WAIT_ACK 600 
b.1 2025-06-01 05:24:01.233 a 2025-06-01-05:24:00 182 213 234 2.4 5.3 7.3 5.9 83.7 728.8 0.31 980 0.0 14.2 22.6 23.4 3.632  -998.   11.1    -2.  63    4.4   0 0 2 0 0 1 1 11.2 63.4 11.2 64.2 80.0 100 100 21 407 0 145 0 401 401 400 0 0 0 60 50 WAIT_ACK 600 
b.1 2025-06-01 05:25:01.131 a 2025-06-01-05:25:00 194 213 238 3.4 5.9 8.0 6.0 84.0 728.8 0.31 980 0.0 14.0 22.6 23.4 3.633  -998.   11.1    -2.  63    4.3   0 0 2 0 0 1 1 11.2 63.6 11.2 64.2 80.0 100 100 21 407 0 145 0 401 402 400 0 0 0 60 50 WAIT_ACK 600 
b.1 2025-06-01 05:26:01.351 a 2025-06-01-05:26:00 188 212 228 3.6 6.9 8.6 5.9 83.8 728.7 0.31 980 0.0 13.4 22.6 23.4 3.632  -998.   11.1    -2.  63    4.4   0 0 2 0 0 1 1 11.2 63.8 11.2 64.6 80.0 100 100 21 407 0 145 0 401 401 399 0 0 0 60 50 WAIT_ACK 600 
b.1 2025-06-01 05:27:00.092 a 2025-06-01-05:26:59 176 210 231 1.9 5.0 7.7 5.9 85.2 728.7 0.31 980 0.0 14.0 22.6 23.4 3.633  -998.   11.0    -2.  64    4.4 100 0 2 0 0 1 1 11.2 64.0 11.2 64.7 80.0 100 100 21 407 0 145 0 400 401 399 0 0 0 60 50 WAIT_ACK 600 
b.1 2025-06-01 05:28:02.029 a 2025-06-01-05:28:01 167 208 235 1.6 5.2 7.7 5.8 85.4 728.7 0.31 980 0.0 14.3 22.6 23.4 3.633  -998.   11.0    -2.  64    4.4   0 0 2 0 0 1 1 11.1 64.1 11.2 64.7 80.0 100 100 21 407 0 145 0 400 401 399 0 0 0 60 50 WAIT_ACK 600 
b.1 2025-06-01 05:29:01.173 a 2025-06-01-05:29:00 167 204 235 1.6 4.0 7.1 5.9 85.4 728.7 0.31 980 0.0 14.5 22.6 23.4 3.633  -998.   10.9    -2.  64    4.4   0 0 2 0 0 1 1 11.1 64.2 11.2 65.0 80.0 100 100 21 407 0 145 0 401 402 399 0 0 0 60 50 WAIT_ACK 600 
b.1 2025-06-01 05:30:00.236 a 2025-06-01-05:29:59 152 206 234 1.7 4.6 6.9 5.8 85.5 728.7 0.31 980 0.0 14.6 23.2 23.4 3.633  -998.   10.9    -2.  64    4.4 100 0 2 0 0 1 1 11.2 64.3 11.2 65.1 80.0 100 100 21 407 0 145 0 401 401 400 0 0 0 60 50 WAIT_ACK 600 
b.1 2025-06-01 05:31:01.232 a 2025-06-01-05:31:00 163 205 227 2.1 4.3 7.3 5.9 85.5 728.6 0.31 980 0.0 14.6 23.3 23.4 3.632  -998.   10.8    -2.  64    4.4 100 0 2 0 0 1 1 11.1 64.3 11.2 65.0 80.0 100 100 21 407 0 145 0 401 401 399 0 0 0 60 50 WAIT_ACK 600 
b.1 2025-06-01 05:32:02.055 a 2025-06-01-05:32:01 152 203 228 1.2 4.4 8.2 6.0 85.2 728.6 0.31 980 0.0 14.7 23.3 23.4 3.633  -998.   10.8    -2.  65    4.4   0 0 2 0 0 1 1 11.1 64.5 11.2 65.0 80.0 100 100 21 407 0 145 0 401 402 399 0 0 0 60 50 WAIT_ACK 600 
b.1 2025-06-01 05:33:01.476 a 2025-06-01-05:33:01 127 203 287 0.6 4.4 8.2 6.0 85.1 728.6 0.31 980 0.0 14.5 22.6 23.4 3.633  -998.   10.8    -2.  65    4.5   0 0 2 0 0 1 1 11.1 64.6 11.2 65.2 80.0 100 100 21 407 0 145 0 401 401 399 0 0 0 60 50 WAIT_ACK 600 
b.1 2025-06-01 05:34:01.332 a 2025-06-01-05:34:00 132 202 224 1.0 4.3 7.6 6.2 84.6 728.6 0.31 980 0.0 14.7 23.3 23.4 3.633  -998.   10.8    -2.  65    4.5   0 0 2 0 0 1 1 11.1 64.7 11.2 65.3 80.0 100 100 21 407 0 145 0 401 401 400 0 0 0 60 50 WAIT_ACK 600 
b.1 2025-06-01 05:35:02.237 a 2025-06-01-05:35:01 130 198 237 1.1 3.6 6.7 6.2 84.3 728.6 0.31 980 0.0 14.8 23.7 23.4 3.633  -998.   10.8    -2.  65    4.5   0 0 2 0 0 1 1 11.1 64.8 11.2 65.3 80.0 100 100 21 407 0 145 0 401 402 399 0 0 0 60 50 WAIT_ACK 600 
b.1 2025-06-01 05:36:01.073 a 2025-06-01-05:36:00 110 198 304 0.6 3.2 7.5 6.3 84.3 728.6 0.31 980 0.0 14.9 23.9 23.4 3.633  -998.   10.8    -2.  66    4.6 100 0 2 0 0 1 1 11.1 65.0 11.1 65.6 80.0 100 100 21 407 0 145 0 401 401 399 0 0 0 60 50 WAIT_ACK 600 
b.1 2025-06-01 05:37:01.801 a 2025-06-01-05:37:01 133 197 223 0.4 3.2 6.0 6.2 84.3 728.6 0.31 980 0.0 15.0 24.1 24.5 3.633  -998.   10.8    -2.  66    4.7 100 0 2 0 0 1 1 11.1 65.0 11.1 65.6 80.0 100 100 22 407 0 145 0 401 401 400 0 0 0 60 50 WAIT_ACK 600 
b.1 2025-06-01 05:38:01.497 a 2025-06-01-05:38:01 116 198 224 0.5 3.1 6.1 6.3 83.6 728.6 0.31 980 0.0 14.6 22.6 23.4 3.633  -998.   10.8    -2.  66    4.7   0 0 2 0 0 1 1 11.1 65.0 11.1 65.8 80.0 100 100 22 407 0 145 0 401 401 400 0 0 0 60 50 WAIT_ACK 600 
b.1 2025-06-01 05:39:00.874 a 2025-06-01-05:39:00 149 198 226 1.0 3.3 6.6 6.3 82.9 728.6 0.31 980 0.0 14.4 22.6 23.4 3.633  -998.   10.8    -2.  66    4.8 100 0 2 0 0 1 1 11.1 65.1 11.1 65.8 80.0 100 100 22 407 0 145 0 401 401 400 0 0 0 60 50 WAIT_ACK 600 
b.1 2025-06-01 05:40:01.519 a 2025-06-01-05:40:01 118 198 257 0.8 3.3 7.0 6.4 81.7 728.6 0.31 980 0.0 14.9 24.1 24.5 3.626  -998.   10.8    -2.  66    4.8 100 0 2 0 0 1 1 11.1 65.1 11.1 65.8 80.0 100 100 22 407 0 145 0 401 401 400 0 0 0 60 50 WAIT_ACK 600 
b.1 2025-06-01 05:41:00.953 a 2025-06-01-05:41:00 125 196 305 0.7 2.7 6.1 6.4 81.2 728.6 0.31 980 0.0 15.1 24.1 24.5 3.627  -11.8   10.8    3.6  67    4.8   0 0 0 2 1 1 0 11.1 65.2 11.1 66.0 80.0 100 100 22 407 0 145 0 401 401 399 0 0 0 60 50 WAIT_ACK 600 
b.1 2025-06-01 05:42:01.878 a 2025-06-01-05:42:01 119 195 296 0.2 2.5 5.5 6.6 78.7 728.6 0.31 980 0.0 14.7 23.3 23.4 3.633  -11.7   10.8    3.1  67    4.8   0 0 0 2 1 1 0 11.1 65.4 11.1 66.0 80.0 100 100 22 407 0 145 0 402 401 400 0 0 0 60 50 WAIT_ACK 600 
b.1 2025-06-01 05:43:00.358 a 2025-06-01-05:42:59 077 183 235 0.2 2.2 5.4 6.7 79.2 728.7 0.31 980 0.0 14.6 23.3 23.4 3.633  -11.1   10.8    2.8  67    4.9   0 0 0 2 1 1 0 11.0 65.4 11.0 66.1 80.0 100 100 22 407 0 145 0 402 401 400 0 0 0 60 50 WAIT_ACK 600 
b.1 2025-06-01 05:44:00.858 a 2025-06-01-05:44:00 060 189 301 0.2 1.7 5.2 6.7 73.7 728.6 0.31 980 0.0 15.0 24.1 24.5 3.627  -12.0   10.8    2.6  66    4.8   5 0 0 2 1 1 0 10.9 64.6 10.9 65.6 80.0 100 100 22 407 0 145 0 401 401 399 0 0 0 60 50 WAIT_ACK 600 
b.1 2025-06-01 05:45:01.615 a 2025-06-01-05:45:01 121 189 282 0.6 2.5 6.0 6.8 71.2 728.6 0.31 980 0.0 15.1 24.1 24.5 3.627  -11.7   10.9    2.6  66    4.8   5 0 0 2 1 1 0 10.8 64.5 10.7 65.4 80.0 100 100 22 407 0 145 0 401 402 399 0 0 0 60 50 WAIT_ACK 600 
b.1 2025-06-01 05:46:01.421 a 2025-06-01-05:46:00 047 184 226 0.2 2.2 6.8 7.0 70.0 728.6 0.31 980 0.0 14.7 22.6 23.4 3.633  -11.6   10.9    2.6  66    4.8  10 0 0 2 1 1 0 10.7 64.7 10.6 65.6 80.0 100 100 22 407 0 145 0 401 401 399 0 0 0 60 50 WAIT_ACK 600 
b.1 2025-06-01 05:47:01.778 a 2025-06-01-05:47:01 126 188 252 0.2 2.3 5.8 7.1 71.5 728.6 0.31 980 0.0 14.6 23.2 23.4 3.634  -11.7   10.9    2.7  66    4.7   7 0 0 2 1 1 0 10.6 64.8 10.6 65.7 80.0 100 100 22 407 0 145 0 400 401 399 0 0 0 60 50 WAIT_ACK 600 
b.1 2025-06-01 05:48:00.099 a 2025-06-01-05:47:59 046 191 281 0.4 3.0 7.7 7.2 71.5 728.5 0.31 980 0.0 14.8 23.7 23.4 3.633  -12.6   11.0    2.9  65    4.8  11 0 0 2 1 1 0 10.6 65.1 10.5 66.0 80.0 100 100 22 407 0 145 0 401 401 399 0 0 0 60 50 WAIT_ACK 600 
b.1 2025-06-01 05:49:00.778 a 2025-06-01-05:49:00 129 195 278 0.8 3.7 9.9 7.3 71.6 728.5 0.31 980 0.0 14.5 22.6 23.4 3.633  -12.0   11.0    3.6  65    4.7   9 0 0 2 1 1 0 10.5 65.0 10.4 66.0 80.0 100 100 22 407 0 145 0 401 401 399 0 0 0 60 50 WAIT_ACK 600 
b.1 2025-06-01 05:50:01.118 a 2025-06-01-05:50:00 015 190 277 0.4 2.8 9.1 7.3 73.1 728.5 0.31 980 0.0 14.6 22.6 23.4 3.633  -11.2   11.0    3.3  65    4.7   9 0 0 2 1 1 0 10.4 65.4 10.3 66.2 80.0 100 100 22 407 0 145 0 400 401 399 0 0 0 60 50 WAIT_ACK 600 
b.1 2025-06-01 05:51:02.039 a 2025-06-01-05:51:01 093 188 292 0.7 2.6 8.1 7.3 74.2 728.5 0.31 980 0.0 14.7 23.2 23.4 3.634  -10.9   11.0    3.2  65    4.7   9 0 0 2 1 1 0 10.4 65.9 10.3 66.8 80.0 100 100 22 407 0 145 0 401 401 400 0 0 0 60 50 WAIT_ACK 600 
b.1 2025-06-01 05:52:00.578 a 2025-06-01-05:52:00 144 196 224 0.9 4.0 7.6 7.2 74.1 728.5 0.31 980 0.0 14.8 23.6 23.4 3.633  -12.5   11.0    3.8  65    4.7   9 0 0 2 1 1 0 10.2 66.4 10.2 67.1 80.0 100 100 22 407 0 145 0 402 401 400 0 0 0 60 50 WAIT_ACK 600 
b.1 2025-06-01 05:53:00.835 a 2025-06-01-05:53:00 159 206 223 1.5 4.6 6.9 7.1 75.1 728.5 0.31 980 0.0 14.5 22.6 23.4 3.632  -14.5   10.9    5.1  65    4.7   9 0 0 2 1 1 0 10.1 67.3 10.1 68.0 80.0 100 100 22 407 0 145 0 400 401 399 0 0 0 60 50 WAIT_ACK 600 
b.1 2025-06-01 05:54:00.257 a 2025-06-01-05:53:59 156 200 226 0.7 4.2 7.2 7.1 77.2 728.5 0.31 980 0.0 14.5 22.6 23.4 3.633  -12.4   10.9    5.5  65    4.7   9 0 0 2 1 1 0 10.0 68.4 10.0 69.2 80.0 100 100 22 407 0 145 0 402 401 400 0 0 0 60 50 WAIT_ACK 600 
b.1 2025-06-01 05:55:01.357 a 2025-06-01-05:55:00 167 203 232 1.6 4.7 8.3 6.8 78.4 728.4 0.31 980 0.0 14.7 23.7 23.4 3.632  -12.4   10.9    6.2  66    4.7   9 0 0 2 1 1 0 9.9 69.5 9.9 70.1 80.0 100 100 22 407 0 145 0 400 401 399 0 0 0 60 50 WAIT_ACK 600 
b.1 2025-06-01 05:56:00.878 a 2025-06-01-05:56:00 134 204 233 0.9 5.1 8.3 6.7 79.8 728.4 0.31 980 0.0 14.5 22.6 23.4 3.633  -13.9   10.9    7.6  66    4.7  10 0 0 2 1 1 0 9.9 70.0 9.8 70.8 80.0 100 100 22 407 0 145 0 402 401 400 0 0 0 60 50 WAIT_ACK 600 
b.1 2025-06-01 05:57:01.138 a 2025-06-01-05:57:00 127 200 225 1.2 4.8 8.7 6.6 80.1 728.4 0.31 980 0.0 14.6 22.6 23.4 3.633  -15.1   10.8    8.0  66    4.7  11 0 0 2 1 1 0 9.9 70.6 9.8 71.5 80.0 100 100 22 407 0 145 0 401 401 399 0 0 0 60 50 WAIT_ACK 600 
b.1 2025-06-01 05:58:00.059 a 2025-06-01-05:57:59 131 199 239 0.5 4.8 9.8 6.5 81.8 728.4 0.31 980 0.0 14.4 22.6 23.4 3.633  -14.4   10.8    8.6  66    4.7  11 0 0 2 1 1 0 9.8 71.2 9.7 72.2 80.0 100 100 22 407 0 145 0 401 401 399 0 0 0 60 50 WAIT_ACK 600 
b.1 2025-06-01 05:59:00.737 a 2025-06-01-05:59:00 127 195 239 0.6 3.4 9.2 6.4 82.5 728.4 0.31 980 0.0 14.9 24.1 24.5 3.626  -13.6   10.8    5.9  66    4.7  11 0 0 2 1 1 0 9.7 71.6 9.7 72.6 80.0 100 100 22 407 0 145 0 401 401 400 0 0 0 60 50 WAIT_ACK 600 
b.1 2025-06-01 06:00:01.561 a 2025-06-01-06:00:01 060 191 317 0.4 2.2 8.4 6.4 82.8 728.4 0.31 980 0.0 15.1 24.1 24.5 3.627  -11.1   10.7    4.0  67    4.8   5 0 0 2 1 1 0 9.8 72.0 9.7 72.8 80.0 100 100 21 407 0 145 0 401 402 399 0 0 0 60 50 WAIT_ACK 600 
b.1 2025-06-01 06:01:01.119 a 2025-06-01-06:01:00 066 182 237 0.6 2.7 6.7 6.2 83.1 728.3 0.31 980 0.0 14.5 22.6 23.4 3.633  -10.4   10.6    3.8  67    4.8   7 0 0 2 1 1 0 9.7 72.1 9.7 72.9 80.0 100 100 21 407 0 145 0 402 401 400 0 0 0 60 50 WAIT_ACK 600 
b.1 2025-06-01 06:02:00.257 a 2025-06-01-06:01:59 099 190 303 0.6 2.7 7.6 6.2 83.7 728.3 0.31 980 0.0 14.5 23.3 23.4 3.633  -11.5   10.6    3.6  67    4.8   8 0 0 2 1 1 0 9.7 72.4 9.7 73.2 80.0 100 100 21 407 0 145 0 402 401 399 0 0 0 60 50 WAIT_ACK 600 
b.1 2025-06-01 06:03:01.957 a 2025-06-01-06:03:01 074 178 264 0.3 2.3 6.6 6.2 83.7 728.3 0.31 980 0.0 15.2 24.1 24.5 3.626  -10.3   10.6    3.2  67    4.8   8 0 0 2 1 1 0 9.7 72.6 9.7 73.4 80.0 100 100 21 407 0 145 0 401 401 400 0 0 0 60 50 WAIT_ACK 600 
b.1 2025-06-01 06:04:01.237 a 2025-06-01-06:04:00 094 174 296 0.3 1.6 3.6 6.2 83.6 728.3 0.31 980 0.0 15.0 24.0 24.5 3.628   -9.5   10.5    2.7  67    4.8   8 0 0 3 1 1 1 9.7 72.6 9.7 73.5 80.0 100 100 21 407 0 145 0 401 401 400 0 0 0 60 50 WAIT_ACK 600 
b.1 2025-06-01 06:05:00.805 a 2025-06-01-06:05:00 023 174 277 0.3 2.4 6.8 6.2 82.7 728.3 0.31 990 0.0 14.6 22.6 23.4 3.632   -9.9   10.5    2.8  68    4.7   8 0 0 3 1 1 1 9.8 72.5 9.7 73.3 80.0 100 100 21 407 0 145 0 401 401 400 0 0 0 60 50 WAIT_ACK 600 
b.1 2025-06-01 06:06:01.119 a 2025-06-01-06:06:00 081 165 275 0.2 2.9 8.1 6.3 78.6 728.4 0.32 1000 0.0 14.9 24.0 23.4 3.633  -998.   10.5    -2.  68    4.8   0 1 2 0 0 1 1 9.8 71.8 9.8 72.6 80.0 100 100 21 407 0 145 0 401 401 399 0 0 0 60 50 WAIT_ACK 600 
b.1 2025-06-01 06:07:01.661 a 2025-06-01-06:07:01 049 163 286 0.3 2.1 4.8 6.3 72.9 728.3 0.32 1000 0.0 14.7 23.3 23.4 3.633  -998.   10.5    -2.  68    4.8   0 1 2 0 0 1 1 9.8 71.3 9.8 72.2 80.0 100 100 21 407 0 145 0 401 401 399 0 0 0 60 50 WAIT_ACK 600 
b.1 2025-06-01 06:08:01.318 a 2025-06-01-06:08:00 097 146 186 1.9 4.2 7.7 6.7 66.9 728.3 0.32 1000 0.0 14.5 22.6 23.4 3.633  -998.   10.6    -2.  67    4.8   0 2 2 0 0 1 1 9.9 71.0 9.9 71.4 80.0 100 100 21 407 0 145 0 401 401 399 0 0 0 60 50 WAIT_ACK 600 
b.1 2025-06-01 06:09:00.239 a 2025-06-01-06:08:59 090 141 188 1.1 2.9 5.0 7.3 64.0 728.4 0.32 1000 0.0 14.7 23.6 23.4 3.633  -998.   10.6    -2.  67    4.8   0 2 2 0 0 1 1 10.0 69.6 10.0 69.1 80.0 100 100 21 407 0 145 0 400 401 399 0 0 0 60 50 WAIT_ACK 600 
b.1 2025-06-01 06:10:01.198 a 2025-06-01-06:10:00 089 122 164 1.2 3.9 6.0 7.3 64.0 728.4 0.32 1010 0.0 15.1 24.1 24.4 3.633  -998.   10.8    -2.  66    4.8   0 1 2 0 0 1 1 10.1 68.4 10.1 66.6 80.0 100 100 21 407 0 145 0 401 401 400 0 0 0 60 50 WAIT_ACK 600 
b.1 2025-06-01 06:11:00.259 a 2025-06-01-06:10:59 075 114 163 2.2 4.0 6.1 7.7 59.1 728.3 0.32 1010 0.0 14.9 23.8 23.4 3.633  -998.   10.9    -2.  66    4.7 100 1 2 0 0 1 1 10.1 67.2 10.1 66.7 80.0 100 100 21 407 0 145 0 400 402 399 0 0 0 60 50 WAIT_ACK 600 
b.1 2025-06-01 06:12:01.460 a 2025-06-01-06:12:01 079 098 129 3.3 5.3 7.0 8.3 55.4 728.3 0.32 1010 0.0 14.7 22.6 23.4 3.633  -998.   11.1    -2.  65    4.8   0 0 2 0 0 1 1 10.2 65.2 10.2 64.0 80.0 100 100 21 407 0 145 0 401 401 399 0 0 0 60 50 WAIT_ACK 600 
b.1 2025-06-01 06:13:02.061 a 2025-06-01-06:13:01 205 076 000 0.7 3.5 5.5 8.6 52.6 728.3 0.32 1010 0.0 15.0 24.1 24.5 3.627  -998.   11.3    -2.  64    4.7   0 1 2 0 0 1 1 10.2 63.3 10.2 65.1 80.0 100 100 21 407 0 145 0 402 401 400 0 0 0 60 50 WAIT_ACK 600 
b.1 2025-06-01 06:14:00.279 a 2025-06-01-06:13:59 023 099 157 0.8 2.3 3.7 9.1 53.1 728.3 0.32 1010 0.0 15.1 24.1 24.5 3.628  -998.   11.5    -2.  63    4.7   0 0 2 0 0 1 1 10.3 63.7 10.3 62.7 80.0 100 100 21 407 0 145 0 401 401 399 0 0 0 60 50 WAIT_ACK 600 
b.1 2025-06-01 06:15:01.482 a 2025-06-01-06:15:00 029 095 152 0.9 2.4 4.6 9.2 53.0 728.3 0.32 1010 0.0 14.8 23.7 23.4 3.633  -998.   11.7    -2.  63    4.8   0 0 2 0 0 1 1 10.3 63.2 10.3 62.4 80.0 100 100 21 407 0 145 0 401 401 399 0 0 0 60 50 WAIT_ACK 600 
b.1 2025-06-01 06:16:01.779 a 2025-06-01-06:16:01 152 091 323 0.1 1.1 2.4 9.3 52.5 728.4 0.32 1010 0.0 15.0 24.1 24.5 3.627  -998.   11.8    -2.  62    4.9   0 0 2 0 0 1 1 10.4 63.5 10.4 62.7 80.0 100 100 21 407 0 145 0 401 402 399 0 0 0 60 50 WAIT_ACK 600 
b.1 2025-06-01 06:17:01.339 a 2025-06-01-06:17:00 041 096 175 0.7 1.8 3.4 9.3 52.0 728.4 0.32 1010 0.0 15.1 24.1 24.5 3.626  -998.   12.0    -2.  62    5.0   0 0 2 0 0 1 1 10.4 63.0 10.5 61.8 80.0 100 100 21 407 0 145 0 401 401 400 0 0 0 60 50 WAIT_ACK 600 
b.1 2025-06-01 06:18:01.203 a 2025-06-01-06:18:00 023 052 309 0.2 1.2 4.1 9.4 50.2 728.3 0.32 1010 0.0 14.9 23.9 23.4 3.633  -998.   12.1    -2.  61    4.9   0 0 2 0 0 1 1 10.4 61.9 10.5 62.1 80.0 100 100 21 407 0 145 0 401 401 400 0 0 0 60 50 WAIT_ACK 600 
b.1 2025-06-01 06:19:01.184 a 2025-06-01-06:19:00 074 196 304 0.2 1.5 3.0 9.5 51.7 728.3 0.32 1010 0.0 14.8 23.7 23.4 3.634  -998.   12.3    -2.  61    5.0   0 1 2 0 0 1 1 10.4 63.3 10.5 63.7 80.0 100 100 21 407 0 145 0 401 401 400 0 0 0 60 50 WAIT_ACK 600 
b.1 2025-06-01 06:20:01.161 a 2025-06-01-06:20:00 068 102 143 1.5 3.2 5.1 9.5 51.0 728.4 0.32 1010 0.0 14.8 23.6 23.4 3.634  -998.   12.4    -2.  61    5.0   0 0 2 0 0 1 1 10.5 63.6 10.5 62.5 80.0 100 100 21 407 0 145 0 402 401 400 0 0 0 60 50 WAIT_ACK 600 
b.1 2025-06-01 06:21:01.980 a 2025-06-01-06:21:01 013 070 153 1.1 3.3 5.9 9.5 51.0 728.3 0.32 1010 0.0 14.9 24.1 24.5 3.628  -998.   12.5    -2.  60    4.9   0 0 2 0 0 1 1 10.5 62.0 10.6 62.9 80.0 100 100 21 407 0 145 0 401 401 399 0 0 0 60 50 WAIT_ACK 600 
b.1 2025-06-01 06:22:01.499 a 2025-06-01-06:22:01 017 123 202 0.5 2.0 5.7 9.6 50.3 728.4 0.32 1010 0.0 15.1 24.1 24.5 3.627  -998.   12.7    -2.  59    4.8   0 0 2 0 0 1 1 10.5 62.7 10.6 62.4 80.0 100 100 21 407 0 145 0 401 401 400 0 0 0 60 50 WAIT_ACK 600 
b.1 2025-06-01 06:23:01.529 a 2025-06-01-06:23:01 067 165 294 0.2 1.7 3.4 9.8 51.8 728.4 0.32 1010 0.0 14.8 23.6 23.4 3.635  -998.   12.8    -2.  59    4.9   0 0 2 0 0 1 1 10.6 62.3 10.6 62.6 80.0 100 100 21 407 0 145 0 401 401 399 0 0 0 60 50 WAIT_ACK 600 
b.1 2025-06-01 06:24:01.002 a 2025-06-01-06:24:00 066 176 269 0.4 1.6 3.0 9.8 49.9 728.3 0.32 1010 0.0 15.0 24.1 24.4 3.627  -998.   12.9    -2.  59    5.0   0 1 2 0 0 1 1 10.6 61.8 10.6 62.0 80.0 100 100 21 407 0 145 0 401 401 400 0 0 0 60 50 WAIT_ACK 600 
b.1 2025-06-01 06:25:00.520 a 2025-06-01-06:25:00 067 141 246 0.2 2.0 4.3 9.8 49.7 728.4 0.32 1010 0.0 15.0 24.1 24.4 3.627  -998.   13.0    -2.  58    4.9   0 1 2 0 0 1 1 10.6 61.1 10.6 62.1 80.0 100 100 21 407 0 145 0 401 401 400 0 0 0 60 50 WAIT_ACK 600 
b.1 2025-06-01 06:26:00.484 a 2025-06-01-06:26:00 067 118 247 0.2 2.8 4.5 9.8 51.3 728.4 0.32 1010 0.0 14.9 23.7 23.4 3.633  -998.   13.1    -2.  58    4.9 100 1 2 0 0 1 1 10.6 60.8 10.7 61.1 80.0 100 100 22 407 0 145 0 401 401 400 0 0 0 60 50 WAIT_ACK 600 
b.1 2025-06-01 06:27:01.119 a 2025-06-01-06:27:00 050 186 307 0.3 1.9 5.5 9.9 50.4 728.4 0.32 1010 0.0 14.6 22.6 23.4 3.632  -998.   13.2    -2.  57    4.9 100 1 2 0 0 1 1 10.6 61.4 10.7 62.2 80.0 100 100 22 407 0 145 0 401 401 399 0 0 0 60 50 WAIT_ACK 600 
b.1 2025-06-01 06:28:01.707 a 2025-06-01-06:28:01 077 178 211 0.3 3.0 8.0 9.9 49.8 728.4 0.32 1010 0.0 14.8 24.1 24.5 3.633  -998.   13.2    -2.  56    4.7 100 1 2 0 0 1 1 10.7 61.4 10.7 61.6 80.0 100 100 22 407 0 145 0 401 402 400 0 0 0 60 50 WAIT_ACK 600 
b.1 2025-06-01 06:29:01.263 a 2025-06-01-06:29:00 040 166 220 0.6 2.1 5.5 10.0 50.3 728.4 0.32 1010 0.0 15.2 24.1 24.4 3.627  -998.   13.3    -2.  56    4.7   0 0 2 0 0 1 1 10.6 60.6 10.7 60.7 80.0 100 100 22 407 0 145 0 400 401 399 0 0 0 60 50 WAIT_ACK 600 
b.1 2025-06-01 06:30:02.500 a 2025-06-01-06:30:01 068 172 250 0.8 4.0 9.9 9.9 49.7 728.5 0.55 1040 13.8 14.6 22.6 23.4 3.633  -998.   13.3    -2.  55    4.6   0 2 2 0 0 1 1 10.7 60.4 10.7 60.1 80.0 100 100 22 407 0 145 0 401 401 399 0 0 0 60 50 WAIT_ACK 600 
b.1 2025-06-01 06:31:01.884 a 2025-06-01-06:31:01 072 183 241 0.2 3.2 9.0 9.9 53.2 728.5 0.64 1090 8.7 12.9 22.6 23.4 3.634  -998.   13.4    -2.  55    4.6 100 1 2 0 0 1 1 10.7 60.0 10.7 60.7 80.0 100 100 22 407 0 145 0 401 401 399 0 0 0 60 50 WAIT_ACK 600 
b.1 2025-06-01 06:32:01.482 a 2025-06-01-06:32:00 134 203 229 1.1 3.9 6.8 9.7 55.8 728.5 0.65 1150 1.2 12.1 22.6 23.4 3.634  -998.   13.4    -2.  55    4.6   0 1 2 0 0 1 1 10.7 60.5 10.7 61.3 80.0 100 100 22 407 0 145 0 402 401 400 0 0 0 60 50 WAIT_ACK 600 
b.1 2025-06-01 06:33:01.105 a 2025-06-01-06:33:00 063 199 236 1.8 5.0 9.9 9.2 63.5 728.5 0.66 1180 0.2 12.2 22.6 23.4 3.633  -998.   13.3    -2.  56    4.7   0 1 2 0 0 1 1 10.7 61.0 10.7 61.7 80.0 100 100 22 407 0 145 0 401 401 399 0 0 0 60 50 WAIT_ACK 600 
b.1 2025-06-01 06:34:01.302 a 2025-06-01-06:34:00 128 195 295 0.6 4.1 9.2 8.5 72.6 728.5 0.66 1180 0.0 12.8 22.6 23.4 3.633  -998.   13.1    -2.  57    4.8 100 1 2 0 0 1 1 10.7 61.2 10.7 62.5 80.0 100 100 22 407 0 145 0 401 401 399 0 0 0 60 50 WAIT_ACK 600 
b.1 2025-06-01 06:35:02.168 a 2025-06-01-06:35:01 067 193 290 0.3 3.3 7.9 7.7 76.6 728.4 0.66 1200 0.0 13.3 22.6 23.4 3.633  -998.   12.8    -2.  59    4.8 100 1 2 0 0 1 1 10.7 61.8 10.7 62.6 80.0 100 100 22 407 0 145 0 401 401 400 0 0 0 60 50 WAIT_ACK 600 
b.1 2025-06-01 06:36:01.164 a 2025-06-01-06:36:00 080 189 328 0.2 4.1 11.5 7.1 79.6 728.4 0.94 1260 16.7 12.1 22.6 23.4 3.633  -998.   12.5    -2.  60    4.8 100 2 2 0 0 1 1 10.7 62.2 10.7 63.6 80.0 100 100 22 407 0 145 0 401 401 399 0 0 0 60 50 WAIT_ACK 600 
b.1 2025-06-01 06:37:01.582 a 2025-06-01-06:37:01 141 197 269 0.6 4.9 12.2 6.7 81.6 728.4 1.01 1320 4.5 11.0 22.6 23.4 3.633  -998.   12.1    -2.  61    4.8 100 2 2 0 0 1 1 10.7 62.7 10.7 63.7 80.0 100 100 22 407 0 145 0 402 401 399 0 0 0 60 50 WAIT_ACK 600 
b.1 2025-06-01 06:38:01.572 a 2025-06-01-06:38:01 124 199 263 1.1 4.3 8.8 6.4 83.6 728.4 1.06 1370 2.6 11.1 22.6 23.4 3.632  -998.   11.8    -2.  62    4.7 100 2 2 0 0 1 1 10.7 63.1 10.7 64.3 80.0 100 100 22 407 0 145 0 401 401 400 0 0 0 60 50 WAIT_ACK 600 
b.1 2025-06-01 06:39:00.647 a 2025-06-01-06:39:00 122 191 266 0.7 3.6 8.1 6.4 84.1 728.5 1.14 1430 5.2 11.2 22.6 23.4 3.633  -998.   11.6    -2.  63    4.7   0 2 2 0 0 1 1 10.7 63.3 10.7 64.3 80.0 100 100 22 407 0 145 0 402 401 400 0 0 0 60 50 WAIT_ACK 600 
b.1 2025-06-01 06:40:00.865 a 2025-06-01-06:40:00 064 194 317 0.7 3.7 11.3 6.1 85.0 728.5 1.21 1490 3.9 11.2 22.6 23.4 3.633  -998.   11.3    -2.  63    4.6   0 2 2 0 0 1 1 10.7 63.6 10.7 64.8 80.0 100 100 22 407 0 145 0 402 401 400 0 0 0 60 50 WAIT_ACK 600 
b.1 2025-06-01 06:41:00.707 a 2025-06-01-06:41:00 130 196 241 0.3 3.7 8.2 6.0 84.9 728.5 1.22 1530 0.6 11.3 22.6 23.4 3.634  -998.   11.1    -2.  64    4.6   0 2 2 0 0 1 1 10.7 63.7 10.6 65.0 80.0 100 100 22 407 0 145 0 401 401 399 0 0 0 60 50 WAIT_ACK 600 
b.1 2025-06-01 06:42:00.825 a 2025-06-01-06:42:00 055 189 281 0.5 2.5 7.0 5.8 85.2 728.5 1.22 1580 0.3 12.0 22.6 23.4 3.633  -998.   11.0    -2.  64    4.5 100 2 2 0 0 1 1 10.7 63.9 10.6 65.1 80.0 100 100 22 407 0 145 0 401 401 400 0 0 0 60 50 WAIT_ACK 600 
b.1 2025-06-01 06:43:02.418 a 2025-06-01-06:43:01 075 188 236 0.7 2.7 6.1 5.8 85.7 728.5 1.22 1580 0.0 12.2 22.6 23.4 3.633  -998.   10.8    -2.  65    4.5   0 2 2 0 0 1 1 10.7 64.0 10.6 65.5 80.0 100 100 22 407 0 145 0 402 401 400 0 0 0 60 50 WAIT_ACK 600 
b.1 2025-06-01 06:44:00.888 a 2025-06-01-06:44:00 150 198 240 0.8 3.4 6.5 5.8 85.7 728.5 1.23 1600 0.1 12.0 22.6 23.4 3.634  -998.   10.7    -2.  65    4.4 100 1 2 0 0 1 1 10.7 64.2 10.6 65.6 80.0 100 100 22 407 0 145 0 401 401 399 0 0 0 60 50 WAIT_ACK 600 
b.1 2025-06-01 06:45:00.967 a 2025-06-01-06:45:00 096 197 315 0.9 3.8 7.0 5.7 85.8 728.4 1.23 1600 0.0 11.7 22.6 23.4 3.633  -998.   10.6    -2.  65    4.4 100 1 2 0 0 1 1 10.7 64.4 10.6 65.4 80.0 100 100 22 407 0 145 0 402 401 400 0 0 0 60 50 WAIT_ACK 600 
b.1 2025-06-01 06:46:01.128 a 2025-06-01-06:46:00 113 200 248 1.5 4.2 8.2 5.6 86.2 728.4 1.23 1610 0.0 11.5 22.6 23.4 3.633  -998.   10.5    -2.  66    4.4 100 1 2 0 0 1 1 10.7 64.7 10.6 66.1 80.0 100 100 21 407 0 145 0 401 402 399 0 0 0 60 50 WAIT_ACK 600 
b.1 2025-06-01 06:47:00.907 a 2025-06-01-06:47:00 147 200 230 1.0 3.7 6.6 5.6 86.2 728.4 1.23 1640 0.2 11.9 22.6 23.4 3.633  -998.   10.4    -2.  66    4.3   0 1 2 0 0 1 1 10.7 64.9 10.6 66.2 80.0 100 100 21 407 0 145 0 400 401 399 0 0 0 60 50 WAIT_ACK 600 
b.1 2025-06-01 06:47:59.926 a 2025-06-01-06:47:59 166 199 226 0.7 3.7 7.1 5.6 86.7 728.4 1.25 1670 0.9 11.7 22.6 23.4 3.633  -998.   10.4    -2.  66    4.4   0 2 2 0 0 1 1 10.7 64.9 10.6 66.4 80.0 100 100 21 407 0 145 0 402 401 400 0 0 0 60 50 WAIT_ACK 600 
b.1 2025-06-01 06:49:00.667 a 2025-06-01-06:49:00 116 190 282 0.4 2.2 5.1 5.6 86.9 728.4 1.27 1730 1.7 12.3 22.6 23.4 3.633  -998.   10.3    -2.  67    4.4   0 1 2 0 0 1 1 10.7 64.9 10.6 66.5 80.0 100 100 21 407 0 145 0 401 401 400 0 0 0 60 50 WAIT_ACK 600 
b.1 2025-06-01 06:50:01.526 a 2025-06-01-06:50:00 085 172 279 0.3 1.5 3.5 5.6 86.9 728.4 1.28 1770 0.3 12.9 22.6 23.4 3.633  -998.   10.3    -2.  67    4.4 100 2 2 0 0 1 1 10.7 65.1 10.6 66.6 80.0 100 100 21 407 0 145 0 401 401 400 0 0 0 60 50 WAIT_ACK 600 
b.1 2025-06-01 06:51:00.664 a 2025-06-01-06:51:00 291 161 346 0.3 2.9 6.6 5.6 87.0 728.4 1.30 1820 1.4 12.3 22.6 23.4 3.634  -998.   10.2    -2.  67    4.4 100 2 2 0 0 1 1 10.7 65.4 10.6 66.8 80.0 100 100 21 407 0 145 0 401 401 399 0 0 0 60 50 WAIT_ACK 600 
b.1 2025-06-01 06:52:01.907 a 2025-06-01-06:52:01 115 183 277 0.3 1.8 5.7 5.5 86.0 728.4 1.32 1880 0.6 12.5 22.6 23.4 3.634  -998.   10.2    -2.  67    4.4   0 2 2 0 0 1 1 10.7 65.4 10.6 66.9 80.0 100 100 21 407 0 145 0 401 401 400 0 0 0 60 50 WAIT_ACK 600 
b.1 2025-06-01 06:53:01.328 a 2025-06-01-06:53:00 127 189 225 0.3 1.8 4.9 5.4 85.4 728.2 1.32 1910 0.1 12.8 22.6 23.4 3.633  -998.   10.2    -2.  67    4.3   0 2 2 0 0 1 1 10.7 65.6 10.6 66.7 80.0 100 100 21 407 0 145 0 402 401 400 0 0 0 60 50 WAIT_ACK 600 
b.1 2025-06-01 06:54:01.733 a 2025-06-01-06:54:01 033 165 244 0.4 3.1 8.3 5.4 85.2 728.2 1.34 1950 0.8 12.6 22.5 23.4 3.633  -998.   10.2    -2.  67    4.4   0 2 2 0 0 1 1 10.7 65.0 10.6 66.5 80.0 100 100 21 407 0 145 0 402 401 400 0 0 0 60 50 WAIT_ACK 600 
b.1 2025-06-01 06:55:01.834 a 2025-06-01-06:55:01 292 174 330 0.5 3.1 6.8 5.4 78.2 728.1 1.42 2010 4.5 12.4 22.6 23.4 3.633  -998.   10.2    -2.  67    4.4   0 2 2 0 0 1 1 10.7 65.1 10.6 65.8 80.0 100 100 21 407 0 145 0 401 401 399 0 0 0 60 50 WAIT_ACK 600 
b.1 2025-06-01 06:56:01.869 a 2025-06-01-06:56:01 089 179 250 0.5 3.0 7.9 5.7 77.0 728.0 1.45 2070 2.7 12.0 22.6 23.4 3.633  -998.   10.3    -2.  67    4.4 100 1 2 0 0 1 1 10.7 65.1 10.6 66.1 80.0 100 100 21 407 0 145 0 401 401 400 0 0 0 60 50 WAIT_ACK 600 
b.1 2025-06-01 06:57:01.392 a 2025-06-01-06:57:00 101 190 224 0.6 2.4 7.4 5.9 77.0 727.9 1.48 2130 1.6 12.1 22.6 23.4 3.633  -998.   10.3    -2.  67    4.4   0 2 2 0 0 1 1 10.7 65.2 10.5 66.3 80.0 100 100 21 407 0 145 0 401 402 399 0 0 0 60 50 WAIT_ACK 600 
b.1 2025-06-01 06:58:01.467 a 2025-06-01-06:58:00 095 185 290 0.3 2.4 6.7 6.0 79.4 727.9 1.56 2190 4.4 11.8 22.6 23.4 3.633  -998.   10.3    -2.  67    4.4   0 2 2 0 0 1 1 10.7 65.2 10.6 66.5 80.0 100 100 21 407 0 145 0 401 401 400 0 0 0 60 50 WAIT_ACK 600 
b.1 2025-06-01 06:59:01.697 a 2025-06-01-06:59:01 106 168 274 0.7 3.4 7.5 6.0 80.3 728.2 1.64 2250 5.3 11.4 22.6 23.4 3.633  -998.   10.2    -2.  67    4.4   0 2 2 0 0 1 1 10.7 65.4 10.6 66.6 80.0 100 100 21 407 0 145 0 400 401 400 0 0 0 60 50 WAIT_ACK 600 
b.1 2025-06-01 07:00:00.749 a 2025-06-01-07:00:00 062 166 284 0.2 3.3 12.2 6.0 79.0 728.1 1.71 2300 4.0 11.3 22.6 23.4 3.633  -998.   10.2    -2.  67    4.4 100 1 2 0 0 1 1 10.6 65.4 10.6 66.7 80.0 100 100 21 407 0 145 0 402 401 399 0 0 0 60 50 WAIT_ACK 600 
b.1 2025-06-01 07:01:00.950 a 2025-06-01-07:01:00 114 179 297 0.5 3.5 11.0 6.0 78.8 728.1 1.80 2360 4.2 11.3 22.6 23.4 3.633  -998.   10.2    -2.  67    4.4   0 2 2 0 0 1 1 10.6 65.4 10.6 66.5 80.0 100 100 21 407 0 145 0 401 401 399 0 0 0 60 50 WAIT_ACK 600 
b.1 2025-06-01 07:02:01.447 a 2025-06-01-07:02:00 248 161 335 0.3 3.2 7.9 6.1 78.8 728.1 1.88 2420 6.0 11.2 22.6 23.4 3.633  -998.   10.1    -2.  67    4.4   0 2 2 0 0 1 1 10.6 65.5 10.6 66.7 80.0 100 100 21 407 0 145 0 401 401 399 0 0 0 60 50 WAIT_ACK 600 
b.1 2025-06-01 07:03:01.029 a 2025-06-01-07:03:00 183 153 192 0.3 5.5 12.7 6.1 76.0 728.0 2.00 2480 6.8 10.5 22.6 23.4 3.633  -998.   10.1    -2.  67    4.3 100 2 2 0 0 1 1 10.6 65.4 10.6 66.5 80.0 100 100 21 407 0 145 0 401 401 399 0 0 0 60 50 WAIT_ACK 600 
b.1 2025-06-01 07:04:01.528 a 2025-06-01-07:04:01 053 158 277 0.6 5.6 11.5 6.1 76.1 728.0 2.09 2540 5.6 10.4 22.6 23.4 3.633  -998.   10.1    -2.  67    4.4   0 2 2 0 0 1 1 10.6 65.5 10.6 66.5 80.0 100 100 21 407 0 145 0 402 401 400 0 0 0 60 50 WAIT_ACK 600 
b.1 2025-06-01 07:05:01.803 a 2025-06-01-07:05:01 074 166 284 0.4 5.0 12.5 6.2 75.6 728.1 2.19 2600 6.4 10.7 22.6 23.4 3.633  -998.   10.1    -2.  67    4.3   0 2 2 0 0 1 1 10.5 65.4 10.6 66.4 80.0 100 100 21 407 0 145 0 401 401 399 0 0 0 60 50 WAIT_ACK 600 
b.1 2025-06-01 07:06:01.229 a 2025-06-01-07:06:00 103 166 304 0.3 3.8 9.6 6.3 74.9 728.1 2.27 2650 6.2 10.9 22.6 23.4 3.632  -998.   10.1    -2.  67    4.3   0 2 2 0 0 1 1 10.5 65.5 10.5 66.2 80.0 100 100 21 407 0 145 0 401 402 399 0 0 0 60 50 WAIT_ACK 600 
b.1 2025-06-01 07:07:01.394 a 2025-06-01-07:07:00 104 168 277 0.5 3.3 10.0 6.2 75.4 728.1 2.31 2710 2.2 11.5 22.6 23.4 3.633  -998.   10.0    -2.  67    4.3 100 1 2 0 0 1 1 10.5 65.5 10.5 66.3 80.0 100 100 21 407 0 145 0 401 401 400 0 0 0 60 50 WAIT_ACK 600 
b.1 2025-06-01 07:08:01.611 a 2025-06-01-07:08:01 067 164 244 0.4 3.9 9.2 6.2 75.4 727.9 2.37 2770 3.4 11.6 22.6 23.4 3.633  -998.   10.0    -2.  67    4.3   0 2 2 0 0 1 1 10.5 65.6 10.5 66.4 80.0 100 100 21 407 0 145 0 401 402 399 0 0 0 60 50 WAIT_ACK 600 
b.1 2025-06-01 07:09:01.592 a 2025-06-01-07:09:01 064 168 280 0.5 2.4 8.1 6.1 78.0 728.2 2.43 2830 3.5 12.3 22.6 23.4 3.633  -998.   10.0    -2.  67    4.2   0 2 2 0 0 1 1 10.5 65.7 10.5 66.6 80.0 100 100 21 407 0 145 0 401 401 399 0 0 0 60 50 WAIT_ACK 600 
b.1 2025-06-01 07:10:01.974 a 2025-06-01-07:10:01 040 183 286 0.3 2.8 7.4 6.0 79.5 728.2 2.49 2890 3.6 12.1 22.6 23.4 3.634  -998.    9.9    -2.  68    4.2   0 2 2 0 0 1 1 10.5 65.8 10.5 66.6 80.0 100 100 21 407 0 145 0 401 401 400 0 0 0 60 50 WAIT_ACK 600 
b.1 2025-06-01 07:11:02.217 a 2025-06-01-07:11:01 112 188 317 0.9 2.9 6.6 6.0 81.7 728.2 2.57 2950 5.3 12.2 22.6 23.4 3.633  -998.    9.9    -2.  68    4.3   0 2 2 0 0 1 1 10.5 65.9 10.5 66.8 80.0 100 100 21 407 0 145 0 401 401 399 0 0 0 60 50 WAIT_ACK 600 
b.1 2025-06-01 07:12:01.273 a 2025-06-01-07:12:00 111 202 228 0.9 4.1 8.0 5.8 82.9 728.1 2.66 3000 5.7 11.4 22.6 23.4 3.633  -998.    9.9    -2.  68    4.3   0 2 2 0 0 1 1 10.5 66.0 10.5 66.9 80.0 100 100 21 407 0 145 0 400 402 399 0 0 0 60 50 WAIT_ACK 600 
b.1 2025-06-01 07:13:01.309 a 2025-06-01-07:13:00 068 196 285 0.7 3.1 7.1 5.7 84.0 728.1 2.67 3060 1.6 11.7 22.6 23.4 3.633  -998.    9.8    -2.  68    4.3   0 2 2 0 0 1 1 10.5 66.0 10.5 67.0 80.0 100 100 21 407 0 145 0 401 401 400 0 0 0 60 50 WAIT_ACK 600 
b.1 2025-06-01 07:14:01.390 a 2025-06-01-07:14:00 145 194 276 0.8 3.0 8.5 5.7 85.1 728.1 2.68 3110 0.6 12.2 22.6 23.4 3.633  -998.    9.8    -2.  69    4.3   0 1 2 0 0 1 1 10.5 66.3 10.5 67.2 80.0 100 100 22 407 0 145 0 402 401 400 0 0 0 60 50 WAIT_ACK 600 
b.1 2025-06-01 07:15:02.111 a 2025-06-01-07:15:01 124 193 247 0.9 2.9 7.6 5.6 85.7 728.1 2.70 3150 0.8 12.4 22.6 23.4 3.633  -998.    9.8    -2.  69    4.4 100 1 2 0 0 1 1 10.5 66.3 10.5 67.5 80.0 100 100 22 407 0 145 0 401 401 400 0 0 0 60 50 WAIT_ACK 600 
b.1 2025-06-01 07:16:01.594 a 2025-06-01-07:16:01 064 189 231 0.5 3.3 7.8 5.6 86.3 728.1 2.71 3200 0.7 12.6 22.6 23.4 3.633  -998.    9.8    -2.  69    4.4   0 1 2 0 0 1 1 10.5 66.5 10.5 67.8 80.0 100 100 22 407 0 145 0 401 401 400 0 0 0 60 50 WAIT_ACK 600 
b.1 2025-06-01 07:17:00.970 a 2025-06-01-07:17:00 110 190 302 0.3 2.5 6.8 5.6 86.4 728.1 2.73 3250 1.6 12.7 22.6 23.4 3.633  -998.    9.8    -2.  70    4.5   0 2 2 0 0 1 1 10.5 66.5 10.5 67.7 80.0 100 100 22 407 0 145 0 401 401 399 0 0 0 60 50 WAIT_ACK 600 
b.1 2025-06-01 07:18:01.092 a 2025-06-01-07:18:00 104 192 308 0.2 2.9 8.4 5.5 86.4 728.1 2.78 3310 2.6 12.3 22.6 23.4 3.633  -998.    9.8    -2.  70    4.5 100 2 2 0 0 1 1 10.5 66.6 10.5 67.9 80.0 100 100 22 407 0 145 0 401 401 400 0 0 0 60 50 WAIT_ACK 600 
b.1 2025-06-01 07:19:01.250 a 2025-06-01-07:19:00 068 195 288 0.2 3.0 6.3 5.5 87.0 728.1 2.82 3370 2.6 12.0 22.6 23.4 3.633  -998.    9.7    -2.  70    4.6 100 1 2 0 0 1 1 10.5 66.6 10.5 68.0 80.0 100 100 22 407 0 145 0 402 401 400 0 0 0 60 50 WAIT_ACK 600 
b.1 2025-06-01 07:20:01.371 a 2025-06-01-07:20:00 103 200 321 0.2 2.2 5.0 5.5 87.1 728.0 2.86 3430 2.2 12.4 22.6 23.4 3.633  -998.    9.7    -2.  70    4.6   0 2 2 0 0 1 1 10.6 66.8 10.5 68.2 80.0 100 100 22 407 0 145 0 401 401 399 0 0 0 60 50 WAIT_ACK 600 
b.1 2025-06-01 07:21:00.892 a 2025-06-01-07:21:00 103 180 290 0.3 1.5 4.8 5.3 88.3 728.1 2.89 3490 2.2 13.1 22.6 23.4 3.633  -998.    9.7    -2.  70    4.6 100 2 2 0 0 1 1 10.6 66.8 10.5 68.2 80.0 100 100 22 407 0 145 0 401 401 400 0 0 0 60 50 WAIT_ACK 600 
b.1 2025-06-01 07:22:01.911 a 2025-06-01-07:22:01 101 186 324 0.4 2.2 5.0 5.4 87.7 728.1 2.94 3550 2.7 13.0 22.6 23.4 3.633  -998.    9.7    -2.  71    4.6   0 2 2 0 0 1 1 10.6 66.9 10.5 68.3 80.0 100 100 22 407 0 145 0 401 401 400 0 0 0 60 50 WAIT_ACK 600 
b.1 2025-06-01 07:23:00.993 a 2025-06-01-07:23:00 124 197 234 0.4 3.1 6.8 5.4 87.7 728.1 2.97 3600 2.1 12.8 22.6 23.4 3.633  -998.    9.8    -2.  71    4.7   0 1 2 0 0 1 1 10.6 67.0 10.5 68.3 80.0 100 100 22 407 0 145 0 401 401 399 0 0 0 60 50 WAIT_ACK 600 
b.1 2025-06-01 07:24:00.013 a 2025-06-01-07:23:59 094 194 255 0.4 2.4 5.3 5.4 87.6 728.1 3.00 3660 1.6 13.1 22.6 23.4 3.633  -998.    9.8    -2.  71    4.7   0 2 2 0 0 1 1 10.6 67.2 10.5 68.5 80.0 100 100 22 407 0 145 0 401 401 400 0 0 0 60 50 WAIT_ACK 600 
b.1 2025-06-01 07:25:01.605 a 2025-06-01-07:25:01 131 202 230 0.5 2.5 4.2 5.5 87.6 728.1 3.03 3720 1.3 13.2 22.6 23.4 3.632  -998.    9.8    -2.  71    4.8   0 1 2 0 0 1 1 10.6 67.3 10.5 68.5 80.0 100 100 22 407 0 145 0 401 401 399 0 0 0 60 50 WAIT_ACK 600 
b.1 2025-06-01 07:26:00.792 a 2025-06-01-07:26:00 073 189 266 0.4 2.2 5.7 5.4 87.6 728.1 3.05 3770 1.4 13.2 22.6 23.4 3.633  -998.    9.8    -2.  71    4.8   0 1 2 0 0 1 1 10.6 67.3 10.5 68.5 80.0 100 100 22 407 0 145 0 401 401 400 0 0 0 60 50 WAIT_ACK 600 
b.1 2025-06-01 07:27:02.032 a 2025-06-01-07:27:01 128 197 239 0.5 2.7 5.4 5.4 87.5 728.1 3.06 3820 0.8 13.2 22.6 23.4 3.634  -998.    9.8    -2.  71    4.8   0 1 2 0 0 1 1 10.6 67.4 10.5 68.6 80.0 100 100 22 407 0 145 0 402 401 400 0 0 0 60 50 WAIT_ACK 600 
b.1 2025-06-01 07:28:01.594 a 2025-06-01-07:28:01 099 196 235 0.4 2.5 4.4 5.4 87.5 728.0 3.07 3860 0.5 13.3 22.6 23.4 3.633  -998.    9.9    -2.  71    4.8   0 2 2 0 0 1 1 10.6 67.4 10.6 68.6 80.0 100 100 22 407 0 145 0 401 402 399 0 0 0 60 50 WAIT_ACK 600 
b.1 2025-06-01 07:29:00.335 a 2025-06-01-07:28:59 076 181 271 0.4 2.9 6.2 5.4 87.5 728.0 3.08 3910 0.6 13.1 22.6 23.4 3.633  -998.    9.9    -2.  71    4.8 100 1 2 0 0 1 1 10.6 67.4 10.5 68.6 80.0 100 100 22 407 0 145 0 401 402 399 0 0 0 60 50 WAIT_ACK 600 
b.1 2025-06-01 07:30:01.736 a 2025-06-01-07:30:01 092 187 246 0.7 2.9 8.5 5.3 87.2 728.0 3.09 3950 0.7 13.1 22.6 23.4 3.634  -998.    9.9    -2.  71    4.9   0 1 2 0 0 1 1 10.6 67.5 10.5 68.7 80.0 100 100 22 407 0 145 0 401 401 400 0 0 0 60 50 WAIT_ACK 600 
b.1 2025-06-01 07:30:59.752 a 2025-06-01-07:30:59 067 192 232 0.6 3.3 7.3 5.3 87.3 728.0 3.10 3990 0.5 13.1 22.6 23.4 3.632  -998.    9.8    -2.  71    4.9   0 1 2 0 0 1 1 10.5 67.6 10.5 68.9 80.0 100 100 22 407 0 145 0 401 401 399 0 0 0 60 50 WAIT_ACK 600 
b.1 2025-06-01 07:32:00.351 a 2025-06-01-07:31:59 089 191 240 0.8 3.4 6.7 5.3 87.4 728.0 3.13 4040 1.7 12.9 22.6 23.4 3.632  -998.    9.8    -2.  71    4.9   0 2 2 0 0 1 1 10.5 67.7 10.4 69.1 80.0 100 100 22 407 0 145 0 401 401 399 0 0 0 60 50 WAIT_ACK 600 
b.1 2025-06-01 07:33:01.453 a 2025-06-01-07:33:00 142 197 248 0.9 4.4 8.9 5.3 87.4 727.9 3.15 4090 1.1 12.5 22.6 23.4 3.632  -998.    9.8    -2.  71    4.9   0 2 2 0 0 1 1 10.5 67.8 10.4 69.2 80.0 100 100 22 407 0 145 0 402 401 400 0 0 0 60 50 WAIT_ACK 600 
b.1 2025-06-01 07:34:00.973 a 2025-06-01-07:34:00 144 199 235 2.0 5.2 11.2 5.3 87.3 727.7 3.17 4140 0.9 11.8 22.6 23.4 3.633  -998.    9.7    -2.  72    4.9   0 1 2 0 0 1 1 10.5 67.9 10.4 69.2 80.0 100 100 21 407 0 145 0 401 401 399 0 0 0 60 50 WAIT_ACK 600 
b.1 2025-06-01 07:35:00.956 a 2025-06-01-07:35:00 109 198 223 1.8 5.1 10.5 5.3 87.2 727.6 3.21 4200 2.5 11.6 22.6 23.4 3.632  -998.    9.7    -2.  72    4.9   0 2 2 0 0 1 1 10.5 68.0 10.4 69.3 80.0 100 100 21 407 0 145 0 402 401 400 0 0 0 60 50 WAIT_ACK 600 
b.1 2025-06-01 07:36:01.114 a 2025-06-01-07:36:00 143 201 234 2.2 6.3 11.4 5.3 87.2 727.7 3.27 4260 3.2 10.9 22.6 23.4 3.633  -998.    9.7    -2.  72    4.8   0 2 2 0 0 1 1 10.5 68.2 10.4 69.3 80.0 100 100 21 407 0 145 0 402 401 400 0 0 0 60 50 WAIT_ACK 600 
b.1 2025-06-01 07:37:01.233 a 2025-06-01-07:37:00 119 205 250 1.7 6.0 11.2 5.3 87.2 727.7 3.32 4320 3.1 10.7 22.5 23.4 3.633  -998.    9.6    -2.  72    4.8   0 2 2 0 0 1 1 10.5 68.3 10.4 69.4 80.0 100 100 21 407 0 145 0 401 402 399 0 0 0 60 50 WAIT_ACK 600 
b.1 2025-06-01 07:38:00.430 a 2025-06-01-07:37:59 069 193 242 0.6 4.1 9.7 5.3 87.6 727.7 3.41 4380 5.5 10.7 22.6 23.4 3.633  -998.    9.6    -2.  72    4.8   0 2 2 0 0 1 1 10.5 68.4 10.4 69.5 80.0 100 100 21 407 0 145 0 401 401 400 0 0 0 60 50 WAIT_ACK 600 
b.1 2025-06-01 07:39:01.500 a 2025-06-01-07:39:00 085 195 244 0.7 4.1 9.3 5.3 87.6 727.8 3.45 4440 2.7 10.8 22.6 23.4 3.632  -998.    9.6    -2.  72    4.9   0 1 2 0 0 1 1 10.5 68.4 10.4 69.5 80.0 100 100 21 407 0 145 0 402 401 400 0 0 0 60 50 WAIT_ACK 600 
b.1 2025-06-01 07:40:02.273 a 2025-06-01-07:40:01 028 180 305 0.2 3.2 8.4 5.3 87.6 727.9 3.50 4490 2.4 11.3 22.6 23.4 3.632  -998.    9.5    -2.  72    4.8   0 2 2 0 0 1 1 10.5 68.6 10.4 69.8 80.0 100 100 21 407 0 145 0 401 401 399 0 0 0 60 50 WAIT_ACK 600 
b.1 2025-06-01 07:41:01.515 a 2025-06-01-07:41:00 022 185 304 0.3 1.9 5.3 5.3 87.6 727.8 3.54 4550 3.3 11.8 22.6 23.4 3.633  -998.    9.5    -2.  73    4.8   0 2 2 0 0 1 1 10.5 68.6 10.4 69.8 80.0 100 100 21 407 0 145 0 401 401 400 0 0 0 60 50 WAIT_ACK 600 
b.1 2025-06-01 07:42:01.673 a 2025-06-01-07:42:01 058 188 283 0.2 1.8 4.6 5.2 88.2 727.8 3.56 4610 1.1 12.5 22.6 23.4 3.634  -998.    9.5    -2.  73    4.8   0 2 2 0 0 1 1 10.4 68.6 10.4 69.8 80.0 100 100 21 407 0 145 0 401 401 399 0 0 0 60 50 WAIT_ACK 600 
b.1 2025-06-01 07:43:01.052 a 2025-06-01-07:43:00 095 182 287 0.1 2.2 5.8 5.2 88.1 727.9 3.60 4670 2.2 12.4 22.6 23.4 3.633  -998.    9.4    -2.  73    4.8   0 2 2 0 0 1 1 10.5 68.6 10.4 69.7 80.0 100 100 21 407 0 145 0 401 401 400 0 0 0 60 50 WAIT_ACK 600 
b.1 2025-06-01 07:44:02.112 a 2025-06-01-07:44:01 089 180 291 0.5 2.1 5.4 5.0 88.1 727.8 3.64 4730 2.3 12.6 22.6 23.4 3.633  -998.    9.4    -2.  73    4.8 100 2 2 0 0 1 1 10.5 68.6 10.4 69.7 80.0 100 100 21 407 0 145 0 401 401 399 0 0 0 60 50 WAIT_ACK 600 
b.1 2025-06-01 07:45:02.239 a 2025-06-01-07:45:01 076 185 250 0.4 2.3 6.5 5.0 88.3 727.8 3.68 4790 2.5 12.6 22.6 23.4 3.633  -998.    9.4    -2.  73    4.8   0 1 2 0 0 1 1 10.5 68.6 10.4 69.7 80.0 100 100 21 407 0 145 0 402 401 400 0 0 0 60 50 WAIT_ACK 600 
b.1 2025-06-01 07:46:01.020 a 2025-06-01-07:46:00 088 179 272 0.3 2.0 5.7 5.1 88.3 727.9 3.70 4840 1.4 12.6 22.6 23.4 3.633  -998.    9.4    -2.  73    4.8   0 1 2 0 0 1 1 10.5 68.6 10.5 69.8 80.0 100 100 21 407 0 145 0 401 401 400 0 0 0 60 50 WAIT_ACK 600 
b.1 2025-06-01 07:47:01.654 a 2025-06-01-07:47:01 061 173 267 0.2 2.8 7.3 5.1 88.2 727.9 3.74 4900 2.1 12.2 22.6 23.4 3.634  -998.    9.4    -2.  73    4.8   0 2 2 0 0 1 1 10.5 68.7 10.5 69.8 80.0 100 100 21 407 0 145 0 400 401 399 0 0 0 60 50 WAIT_ACK 600 
b.1 2025-06-01 07:48:01.137 a 2025-06-01-07:48:00 063 172 304 0.3 2.5 5.1 5.1 88.2 727.9 3.80 4960 3.5 12.1 22.6 23.4 3.633  -998.    9.4    -2.  73    4.8   0 2 2 0 0 1 1 10.5 68.7 10.5 69.8 80.0 100 100 21 407 0 145 0 401 401 399 0 0 0 60 50 WAIT_ACK 600 
b.1 2025-06-01 07:48:59.875 a 2025-06-01-07:48:59 084 170 290 0.6 2.8 7.3 5.1 88.2 727.8 3.83 5020 2.3 12.3 22.6 23.4 3.632  -998.    9.3    -2.  73    4.8   0 2 2 0 0 1 1 10.5 68.7 10.5 69.9 80.0 100 100 21 407 0 145 0 401 401 400 0 0 0 60 50 WAIT_ACK 600 
b.1 2025-06-01 07:50:01.154 a 2025-06-01-07:50:00 040 175 314 0.5 3.1 9.2 5.1 88.2 727.5 3.91 5080 4.3 12.0 22.6 23.4 3.633  -998.    9.3    -2.  73    4.8 100 2 2 0 0 1 1 10.5 68.8 10.5 69.7 80.0 100 100 21 407 0 145 0 401 401 399 0 0 0 60 50 WAIT_ACK 600 
b.1 2025-06-01 07:51:01.836 a 2025-06-01-07:51:01 095 170 261 1.0 4.1 11.0 5.0 86.4 727.5 4.00 5130 5.5 11.2 22.6 23.4 3.634  -998.    9.3    -2.  73    4.8   0 2 2 0 0 1 1 10.5 68.6 10.5 69.7 80.0 100 100 21 407 0 145 0 401 401 399 0 0 0 60 50 WAIT_ACK 600 
b.1 2025-06-01 07:52:00.759 a 2025-06-01-07:52:00 050 173 232 0.4 3.4 10.1 5.0 86.4 727.5 4.05 5190 3.6 11.1 22.6 23.4 3.633  -998.    9.4    -2.  73    4.8   0 2 2 0 0 1 1 10.4 68.6 10.4 69.3 80.0 100 100 21 407 0 145 0 401 401 400 0 0 0 60 50 WAIT_ACK 600 
b.1 2025-06-01 07:53:00.734 a 2025-06-01-07:53:00 073 181 246 0.2 2.4 7.0 5.0 86.4 727.5 4.06 5250 1.1 11.6 22.6 23.4 3.634  -998.    9.4    -2.  73    4.8   0 1 2 0 0 1 1 10.4 68.6 10.4 69.7 80.0 100 100 21 407 0 145 0 401 401 399 0 0 0 60 50 WAIT_ACK 600 
b.1 2025-06-01 07:54:01.318 a 2025-06-01-07:54:00 116 191 326 0.6 3.0 6.5 5.1 86.4 727.6 4.08 5300 1.0 12.0 22.6 23.4 3.633  -998.    9.4    -2.  73    4.8   0 2 2 0 0 1 1 10.4 68.6 10.5 69.7 80.0 100 100 21 407 0 145 0 401 401 399 0 0 0 60 50 WAIT_ACK 600 
b.1 2025-06-01 07:55:02.453 a 2025-06-01-07:55:01 063 172 294 0.5 3.1 10.6 5.1 85.9 727.6 4.11 5360 1.7 11.9 22.6 23.4 3.634  -998.    9.4    -2.  73    4.8   0 2 2 0 0 1 1 10.4 68.7 10.4 69.3 80.0 100 100 21 407 0 145 0 401 401 400 0 0 0 60 50 WAIT_ACK 600 
b.1 2025-06-01 07:56:01.515 a 2025-06-01-07:56:00 108 167 229 0.5 4.0 10.4 5.1 84.6 727.6 4.16 5420 2.8 11.8 22.6 23.4 3.634  -998.    9.4    -2.  73    4.8   0 2 2 0 0 1 1 10.4 68.4 10.4 69.2 80.0 100 100 21 407 0 145 0 401 401 399 0 0 0 60 50 WAIT_ACK 600 
b.1 2025-06-01 07:57:01.178 a 2025-06-01-07:57:00 080 173 258 0.4 3.5 9.8 5.2 83.5 727.7 4.19 5460 1.6 12.3 22.6 23.4 3.633  -998.    9.5    -2.  73    4.8 100 1 2 0 0 1 1 10.4 68.5 10.4 69.2 80.0 100 100 21 407 0 145 0 400 402 399 0 0 0 60 50 WAIT_ACK 600 
b.1 2025-06-01 07:58:01.841 a 2025-06-01-07:58:01 053 162 275 0.7 4.0 9.4 5.3 83.4 727.6 4.21 5510 1.5 12.2 22.6 23.4 3.633  -998.    9.5    -2.  73    4.8   0 2 2 0 0 1 1 10.4 68.6 10.4 69.4 80.0 100 100 21 407 0 145 0 401 401 400 0 0 0 60 50 WAIT_ACK 600 
b.1 2025-06-01 07:59:00.918 a 2025-06-01-07:59:00 057 169 221 0.4 3.3 7.8 5.4 82.7 727.7 4.22 5570 1.0 12.6 22.6 23.4 3.633  -998.    9.5    -2.  73    4.8   0 1 2 0 0 1 1 10.4 68.5 10.4 69.4 80.0 100 100 21 407 0 145 0 402 401 400 0 0 0 60 50 WAIT_ACK 600 
b.1 2025-06-01 08:00:02.180 a 2025-06-01-08:00:01 239 167 358 0.2 3.5 10.2 5.5 82.4 727.7 4.27 5630 2.0 12.6 22.6 23.4 3.633  -998.    9.5    -2.  72    4.8   0 1 2 0 0 1 1 10.4 68.5 10.4 69.2 80.0 100 100 21 407 0 145 0 401 401 399 0 0 0 60 50 WAIT_ACK 600 
b.1 2025-06-01 08:01:00.420 a 2025-06-01-08:00:59 044 180 217 0.3 4.1 10.5 5.6 82.6 727.7 4.32 5690 3.7 12.2 22.6 23.4 3.633  -998.    9.6    -2.  72    4.9   0 2 2 0 0 1 1 10.4 68.4 10.4 69.2 80.0 100 100 21 407 0 145 0 402 401 400 0 0 0 60 50 WAIT_ACK 600 
b.1 2025-06-01 08:02:01.917 a 2025-06-01-08:02:01 097 175 322 0.4 3.4 8.9 5.6 82.1 727.7 4.39 5750 3.8 11.8 22.6 23.4 3.633  -998.    9.6    -2.  72    4.9   0 2 2 0 0 1 1 10.4 68.4 10.3 69.1 80.0 100 100 21 407 0 145 0 400 402 399 0 0 0 60 50 WAIT_ACK 600 
b.1 2025-06-01 08:03:01.539 a 2025-06-01-08:03:00 072 178 247 0.2 2.7 8.8 5.7 81.6 727.7 4.44 5800 2.7 12.0 22.6 23.4 3.633  -998.    9.6    -2.  72    4.9   0 2 2 0 0 1 1 10.4 68.4 10.3 69.7 80.0 100 100 21 407 0 145 0 401 401 400 0 0 0 60 50 WAIT_ACK 600 
b.1 2025-06-01 08:04:00.601 a 2025-06-01-08:04:00 055 175 234 0.5 3.4 8.2 5.8 82.2 727.7 4.53 5860 4.8 11.6 22.6 23.4 3.633  -998.    9.6    -2.  72    4.9   0 1 2 0 0 1 1 10.4 68.5 10.4 69.7 80.0 100 100 21 407 0 145 0 402 401 400 0 0 0 60 50 WAIT_ACK 600 
b.1 2025-06-01 08:05:00.759 a 2025-06-01-08:05:00 064 172 310 0.3 3.6 12.2 5.7 82.7 727.7 4.63 5920 6.7 11.3 22.6 23.4 3.633  -998.    9.7    -2.  72    4.9 100 2 2 0 0 1 1 10.4 68.5 10.4 69.4 80.0 100 100 21 407 0 145 0 401 401 399 0 0 0 60 50 WAIT_ACK 600 
b.1 2025-06-01 08:06:01.361 a 2025-06-01-08:06:00 083 169 287 0.5 3.4 7.8 5.7 82.2 727.7 4.69 5980 4.0 11.3 22.6 23.4 3.633  -998.    9.7    -2.  72    4.9 100 2 2 0 0 1 1 10.4 68.6 10.4 69.5 80.0 100 100 21 407 0 145 0 401 401 400 0 0 0 60 50 WAIT_ACK 600 
b.1 2025-06-01 08:07:00.641 a 2025-06-01-08:07:00 066 174 254 0.4 2.6 6.3 5.7 82.9 727.8 4.80 6040 6.4 11.6 22.6 23.4 3.632  -998.    9.6    -2.  72    4.9   0 2 2 0 0 1 1 10.4 68.5 10.4 69.5 80.0 100 100 21 407 0 145 0 401 401 399 0 0 0 60 50 WAIT_ACK 600 
b.1 2025-06-01 08:08:01.380 a 2025-06-01-08:08:00 108 178 320 0.6 2.6 8.0 5.7 83.4 727.8 4.92 6090 7.6 11.8 22.6 23.4 3.632  -998.    9.6    -2.  72    4.9   0 2 2 0 0 1 1 10.4 68.6 10.4 69.7 80.0 100 100 21 407 0 145 0 402 401 400 0 0 0 60 50 WAIT_ACK 600 
b.1 2025-06-01 08:09:00.944 a 2025-06-01-08:09:00 076 177 305 0.2 2.6 7.9 5.7 84.0 727.7 4.97 6150 4.2 11.8 22.6 23.4 3.633  -998.    9.6    -2.  73    4.9   0 1 2 0 0 1 1 10.4 68.6 10.4 69.9 80.0 100 100 21 407 0 145 0 401 401 400 0 0 0 60 50 WAIT_ACK 600 
b.1 2025-06-01 08:10:01.697 a 2025-06-01-08:10:01 075 181 307 0.3 3.0 6.9 5.6 84.0 727.7 5.06 6210 5.4 11.6 22.6 23.4 3.633  -998.    9.6    -2.  73    4.9   0 2 2 0 0 1 1 10.4 68.6 10.4 69.5 80.0 100 100 22 407 0 145 0 401 402 400 0 0 0 60 50 WAIT_ACK 600 
b.1 2025-06-01 08:11:00.703 a 2025-06-01-08:11:00 070 181 307 0.5 2.8 6.3 5.6 84.2 727.6 5.13 6270 4.1 11.9 22.6 23.4 3.633  -998.    9.6    -2.  73    4.9   0 2 2 0 0 1 1 10.4 68.7 10.3 69.8 80.0 100 100 22 407 0 145 0 402 401 400 0 0 0 60 50 WAIT_ACK 600 
b.1 2025-06-01 08:12:01.342 a 2025-06-01-08:12:00 078 180 287 0.5 2.9 7.8 5.5 84.8 727.8 5.14 6330 1.0 12.0 22.6 23.4 3.633  -998.    9.6    -2.  73    4.9 100 2 2 0 0 1 1 10.4 68.8 10.4 70.1 80.0 100 100 22 407 0 145 0 401 401 399 0 0 0 60 50 WAIT_ACK 600 
b.1 2025-06-01 08:13:01.403 a 2025-06-01-08:13:00 012 175 304 0.6 3.1 6.4 5.4 85.1 727.7 5.35 6390 12.1 11.6 22.6 23.4 3.633  -998.    9.5    -2.  73    4.9   0 2 2 0 0 1 1 10.4 68.9 10.3 70.0 80.0 100 100 22 407 0 145 0 401 401 399 0 0 0 60 50 WAIT_ACK 600 
b.1 2025-06-01 08:14:01.421 a 2025-06-01-08:14:00 073 176 237 0.4 2.6 5.9 5.5 85.5 727.8 5.55 6440 11.9 11.5 22.6 23.4 3.633  -998.    9.5    -2.  73    4.9   0 2 2 0 0 1 1 10.4 68.9 10.4 70.2 80.0 100 100 22 407 0 145 0 401 402 399 0 0 0 60 50 WAIT_ACK 600 
b.1 2025-06-01 08:15:00.802 a 2025-06-01-08:15:00 060 171 277 0.8 2.8 7.3 5.4 85.7 727.7 5.67 6500 8.2 11.3 22.6 23.4 3.633  -998.    9.5    -2.  73    4.9   0 2 2 0 0 1 1 10.4 69.0 10.4 70.0 80.0 100 100 22 407 0 145 0 401 401 399 0 0 0 60 50 WAIT_ACK 600 
b.1 2025-06-01 08:16:00.743 a 2025-06-01-08:16:00 108 183 275 0.4 2.9 9.0 5.4 85.5 727.7 5.86 6560 12.1 11.5 22.6 23.4 3.633  -998.    9.5    -2.  73    4.9   0 2 2 0 0 1 1 10.4 69.0 10.4 70.0 80.0 100 100 22 407 0 145 0 402 401 400 0 0 0 60 50 WAIT_ACK 600 
b.1 2025-06-01 08:17:00.903 a 2025-06-01-08:17:00 056 173 243 0.5 3.6 10.5 5.4 86.1 727.7 5.97 6620 6.5 10.9 22.6 23.4 3.633  -998.    9.4    -2.  73    4.9   0 2 2 0 0 1 1 10.4 69.1 10.3 70.0 80.0 100 100 22 407 0 145 0 401 401 400 0 0 0 60 50 WAIT_ACK 600 
b.1 2025-06-01 08:18:01.618 a 2025-06-01-08:18:01 089 168 233 1.1 3.8 11.7 5.2 86.2 727.6 6.08 6680 7.0 10.8 22.6 23.4 3.633  -998.    9.4    -2.  73    4.9   0 2 2 0 0 1 1 10.3 69.2 10.3 70.3 80.0 100 100 22 407 0 145 0 402 401 400 0 0 0 60 50 WAIT_ACK 600 
b.1 2025-06-01 08:19:01.921 a 2025-06-01-08:19:01 084 178 283 0.4 2.8 8.6 5.4 86.2 727.7 6.17 6740 5.4 11.2 22.6 23.4 3.634  -998.    9.4    -2.  73    4.9   0 2 2 0 0 1 1 10.3 69.4 10.3 70.6 80.0 100 100 22 407 0 145 0 400 401 399 0 0 0 60 50 WAIT_ACK 600 
b.1 2025-06-01 08:20:01.299 a 2025-06-01-08:20:00 072 171 244 0.3 3.3 7.0 5.4 86.4 727.7 6.31 6790 6.9 11.1 22.6 23.4 3.633  -998.    9.4    -2.  74    4.9   0 1 2 0 0 1 1 10.3 69.5 10.3 70.4 80.0 100 100 22 407 0 145 0 402 401 400 0 0 0 60 50 WAIT_ACK 600 
b.1 2025-06-01 08:21:00.680 a 2025-06-01-08:21:00 076 179 291 0.3 4.0 12.4 5.4 86.4 727.6 6.50 6850 12.8 10.9 22.6 23.4 3.633  -998.    9.4    -2.  74    4.9   0 2 2 0 0 1 1 10.3 69.5 10.3 70.7 80.0 100 100 22 407 0 145 0 401 401 399 0 0 0 60 50 WAIT_ACK 600 
b.1 2025-06-01 08:22:00.164 a 2025-06-01-08:21:59 070 179 300 0.8 4.5 14.0 5.4 86.6 727.4 6.78 6910 14.7 10.5 22.6 23.4 3.633  -998.    9.3    -2.  74    4.9 100 2 2 0 0 1 1 10.3 69.6 10.3 70.8 80.0 100 100 22 407 0 145 0 402 401 400 0 0 0 60 50 WAIT_ACK 600 
b.1 2025-06-01 08:23:01.400 a 2025-06-01-08:23:00 070 172 287 0.6 4.5 10.8 5.4 86.4 727.4 7.03 6970 17.4 10.4 22.6 23.4 3.633  -998.    9.3    -2.  74    4.9 100 2 2 0 0 1 1 10.3 69.8 10.3 70.8 80.0 100 100 22 407 0 145 0 401 401 399 0 0 0 60 50 WAIT_ACK 600 
b.1 2025-06-01 08:24:01.605 a 2025-06-01-08:24:01 112 170 228 0.7 4.1 10.4 5.4 86.4 727.6 7.19 7030 10.0 10.5 22.6 23.4 3.633  -998.    9.3    -2.  74    4.9   0 2 2 0 0 1 1 10.3 70.0 10.2 70.9 80.0 100 100 22 407 0 145 0 400 401 399 0 0 0 60 50 WAIT_ACK 600 
b.1 2025-06-01 08:25:01.339 a 2025-06-01-08:25:00 066 186 297 0.5 3.4 10.1 5.4 86.5 727.7 7.30 7080 6.9 10.7 22.6 23.4 3.633  -998.    9.3    -2.  74    4.9   0 2 2 0 0 1 1 10.2 70.0 10.2 71.2 80.0 100 100 22 407 0 145 0 401 401 400 0 0 0 60 50 WAIT_ACK 600 
b.1 2025-06-01 08:26:01.186 a 2025-06-01-08:26:00 048 176 297 0.5 2.5 7.1 5.4 86.5 727.7 7.36 7140 4.1 11.1 22.6 23.5 3.633  -998.    9.3    -2.  74    5.0   0 2 2 0 0 1 1 10.2 70.0 10.2 71.1 80.0 100 100 22 407 0 145 0 402 401 400 0 0 0 60 50 WAIT_ACK 600 
b.1 2025-06-01 08:27:01.061 a 2025-06-01-08:27:00 075 168 244 0.4 2.7 5.9 5.4 86.9 727.6 7.47 7200 6.3 11.6 22.6 23.4 3.634  -998.    9.3    -2.  74    5.0   0 2 2 0 0 1 1 10.2 69.9 10.2 70.8 80.0 100 100 22 407 0 145 0 402 401 400 0 0 0 60 50 WAIT_ACK 600 
b.1 2025-06-01 08:28:01.040 a 2025-06-01-08:28:00 023 161 198 0.3 4.4 9.5 5.4 86.9 727.6 7.57 7260 6.1 10.9 22.6 23.4 3.633  -998.    9.3    -2.  74    5.0   0 2 2 0 0 1 1 10.2 69.9 10.2 70.7 80.0 100 100 22 407 0 145 0 402 401 400 0 0 0 60 50 WAIT_ACK 600 
b.1 2025-06-01 08:28:59.904 a 2025-06-01-08:28:59 046 165 237 0.2 4.0 9.4 5.3 86.0 727.6 7.67 7320 6.2 10.7 22.6 23.4 3.632  -998.    9.3    -2.  74    5.0   0 2 2 0 0 1 1 10.2 69.9 10.2 70.6 80.0 100 100 21 407 0 145 0 401 401 399 0 0 0 60 50 WAIT_ACK 600 
b.1 2025-06-01 08:30:01.782 a 2025-06-01-08:30:01 124 158 235 0.5 4.1 8.4 5.3 86.1 727.6 7.89 7380 13.3 10.8 22.6 23.4 3.633  -998.    9.3    -2.  74    5.0   0 2 2 0 0 1 1 10.2 69.9 10.2 70.7 80.0 100 100 21 407 0 145 0 402 401 400 0 0 0 60 50 WAIT_ACK 600 
b.1 2025-06-01 08:31:01.859 a 2025-06-01-08:31:01 273 153 336 0.2 3.1 8.5 5.3 85.6 727.6 8.13 7430 15.3 11.1 22.6 23.4 3.633  -998.    9.3    -2.  74    5.0   0 2 2 0 0 1 1 10.2 69.9 10.2 70.9 80.0 100 100 21 407 0 145 0 401 401 400 0 0 0 60 50 WAIT_ACK 600 
b.1 2025-06-01 08:32:01.703 a 2025-06-01-08:32:01 155 158 254 0.7 5.4 12.4 5.3 86.5 727.6 8.34 7490 12.6 10.6 22.6 23.4 3.633  -998.    9.3    -2.  74    5.0   0 2 2 0 0 1 1 10.2 69.9 10.3 70.6 80.0 100 100 21 407 0 145 0 401 401 399 0 0 0 60 50 WAIT_ACK 600 
b.1 2025-06-01 08:33:01.344 a 2025-06-01-08:33:00 220 175 315 0.3 4.3 10.1 5.3 84.2 727.3 8.47 7550 9.3 10.2 22.6 23.4 3.633  -998.    9.3    -2.  74    5.0   0 2 2 0 0 1 1 10.2 69.7 10.3 70.4 80.0 100 100 21 407 0 145 0 401 401 400 0 0 0 60 50 WAIT_ACK 600 
b.1 2025-06-01 08:34:01.240 a 2025-06-01-08:34:00 225 177 324 0.1 1.9 7.0 5.3 84.9 727.4 8.55 7610 4.8 11.2 22.6 23.4 3.633  -998.    9.4    -2.  74    5.0   0 2 2 0 0 1 1 10.2 69.7 10.2 70.4 80.0 100 100 21 407 0 145 0 401 401 400 0 0 0 60 50 WAIT_ACK 600 
b.1 2025-06-01 08:35:01.785 a 2025-06-01-08:35:01 027 181 302 0.2 2.3 5.6 5.3 84.9 727.3 8.61 7670 3.6 11.5 22.6 23.4 3.633  -998.    9.4    -2.  74    5.0   0 2 2 0 0 1 1 10.2 69.7 10.2 70.8 80.0 100 100 21 407 0 145 0 401 401 399 0 0 0 60 50 WAIT_ACK 600 
b.1 2025-06-01 08:36:00.282 a 2025-06-01-08:35:59 027 182 304 0.4 2.5 5.6 5.3 85.1 727.2 8.65 7720 2.3 11.7 22.6 23.4 3.633  -998.    9.3    -2.  74    4.9   0 2 2 0 0 1 1 10.2 69.6 10.2 70.6 80.0 100 100 21 407 0 145 0 400 402 399 0 0 0 60 50 WAIT_ACK 600 
b.1 2025-06-01 08:37:00.263 a 2025-06-01-08:36:59 109 186 289 1.0 3.7 9.9 5.2 85.6 727.1 8.70 7780 3.7 11.3 22.6 23.4 3.634  -998.    9.3    -2.  74    4.9   0 2 2 0 0 1 1 10.3 69.6 10.2 70.5 80.0 100 100 21 407 0 145 0 401 401 400 0 0 0 60 50 WAIT_ACK 600 
b.1 2025-06-01 08:38:00.865 a 2025-06-01-08:38:00 002 187 314 0.4 2.4 6.6 5.2 85.2 727.1 8.75 7840 3.0 11.7 22.6 23.4 3.633  -998.    9.3    -2.  74    4.9   0 2 2 0 0 1 1 10.3 69.7 10.2 70.6 80.0 100 100 21 407 0 145 0 401 401 400 0 0 0 60 50 WAIT_ACK 600 
b.1 2025-06-01 08:39:01.846 a 2025-06-01-08:39:01 060 187 301 0.3 2.8 6.6 5.2 85.6 727.1 8.80 7900 2.8 11.9 22.6 23.4 3.633  -998.    9.3    -2.  74    4.9   0 1 2 0 0 1 1 10.3 69.7 10.2 70.5 80.0 100 100 21 407 0 145 0 401 401 400 0 0 0 60 50 WAIT_ACK 600 
b.1 2025-06-01 08:40:00.941 a 2025-06-01-08:40:00 073 187 279 0.7 2.8 6.4 5.2 85.6 727.1 8.84 7960 2.2 11.6 22.6 23.4 3.633  -998.    9.3    -2.  74    4.9 100 2 2 0 0 1 1 10.3 69.7 10.2 70.7 80.0 100 100 21 407 0 145 0 401 401 400 0 0 0 60 50 WAIT_ACK 600 
b.1 2025-06-01 08:41:00.105 a 2025-06-01-08:40:59 113 189 288 0.6 3.3 9.3 5.2 85.6 727.1 8.88 8020 2.8 11.5 22.6 23.4 3.634  -998.    9.3    -2.  74    4.9 100 2 2 0 0 1 1 10.3 69.7 10.2 70.7 80.0 100 100 21 407 0 145 0 401 401 399 0 0 0 60 50 WAIT_ACK 600 
b.1 2025-06-01 08:42:00.303 a 2025-06-01-08:41:59 083 192 288 0.5 3.2 8.0 5.1 86.4 727.0 8.94 8070 4.0 11.2 22.6 23.4 3.633  -998.    9.2    -2.  74    4.9   0 1 2 0 0 1 1 10.3 69.7 10.2 70.9 80.0 100 100 21 407 0 145 0 402 401 400 0 0 0 60 50 WAIT_ACK 600 
b.1 2025-06-01 08:43:00.842 a 2025-06-01-08:43:00 083 191 300 0.4 3.2 10.6 5.2 86.6 727.0 9.00 8130 3.8 11.2 22.6 23.4 3.633  -998.    9.2    -2.  74    4.9 100 1 2 0 0 1 1 10.3 69.8 10.2 70.8 80.0 100 100 21 407 0 145 0 401 401 400 0 0 0 60 50 WAIT_ACK 600 
b.1 2025-06-01 08:44:00.444 a 2025-06-01-08:43:59 098 194 288 0.8 4.5 10.9 5.1 86.9 727.1 9.10 8190 5.6 10.7 22.6 23.4 3.633  -998.    9.2    -2.  74    4.9 100 2 2 0 0 1 1 10.3 69.9 10.2 70.9 80.0 100 100 21 407 0 145 0 401 401 399 0 0 0 60 50 WAIT_ACK 600 
b.1 2025-06-01 08:45:00.986 a 2025-06-01-08:45:00 146 201 293 0.5 4.7 9.3 5.2 87.1 727.1 9.22 8250 7.4 10.5 22.6 23.4 3.633  -998.    9.2    -2.  74    4.9 100 2 2 0 0 1 1 10.3 69.9 10.2 70.9 80.0 100 100 21 407 0 145 0 401 401 399 0 0 0 60 50 WAIT_ACK 600 
b.1 2025-06-01 08:46:01.163 a 2025-06-01-08:46:00 108 199 236 0.6 4.1 9.6 5.2 87.0 727.2 9.32 8310 6.2 10.7 22.6 23.4 3.633  -998.    9.2    -2.  75    4.9   0 2 2 0 0 1 1 10.3 69.9 10.2 71.2 80.0 100 100 21 407 0 145 0 402 401 400 0 0 0 60 50 WAIT_ACK 600 
b.1 2025-06-01 08:47:01.023 a 2025-06-01-08:47:00 107 203 275 0.4 4.6 10.3 5.3 87.5 727.2 9.42 8370 5.9 10.6 22.6 23.4 3.633  -998.    9.2    -2.  75    5.0 100 2 2 0 0 1 1 10.3 70.0 10.2 71.2 80.0 100 100 21 407 0 145 0 401 401 399 0 0 0 60 50 WAIT_ACK 600 
b.1 2025-06-01 08:48:01.637 a 2025-06-01-08:48:01 138 204 234 1.3 5.3 10.4 5.3 87.5 727.2 9.56 8420 8.0 10.1 22.6 23.4 3.633  -998.    9.3    -2.  75    5.0 100 2 2 0 0 1 1 10.3 70.1 10.2 71.3 80.0 100 100 21 407 0 145 0 401 401 400 0 0 0 60 50 WAIT_ACK 600 
b.1 2025-06-01 08:49:01.325 a 2025-06-01-08:49:00 152 211 237 2.0 8.8 16.6 5.3 83.9 727.3 9.77 8480 12.6 9.6 22.6 23.4 3.633  -998.    9.3    -2.  75    5.1   0 2 2 0 0 1 1 10.2 70.3 10.2 71.7 80.0 100 100 21 407 0 145 0 401 401 400 0 0 0 60 50 WAIT_ACK 600 
b.1 2025-06-01 08:50:01.864 a 2025-06-01-08:50:01 165 206 237 3.1 8.8 14.5 5.3 85.3 727.3 9.95 8540 11.0 9.3 22.6 23.4 3.633  -998.    9.3    -2.  75    5.1 100 2 2 0 0 1 1 10.2 70.4 10.2 71.3 80.0 100 100 21 407 0 145 0 400 402 400 0 0 0 60 50 WAIT_ACK 600 
b.1 2025-06-01 08:51:00.684 a 2025-06-01-08:50:59 146 206 305 1.2 8.2 15.4 5.1 85.3 727.3 10.11 8600 10.4 9.1 22.6 23.4 3.633  -998.    9.3    -2.  75    5.1   0 2 2 0 0 1 1 10.2 70.5 10.2 71.4 80.0 100 100 21 407 0 145 0 401 401 399 0 0 0 60 50 WAIT_ACK 600 
b.1 2025-06-01 08:52:01.549 a 2025-06-01-08:52:00 150 205 233 2.2 6.8 13.0 5.1 86.2 727.3 10.19 8660 5.0 9.4 22.6 23.4 3.633  -998.    9.2    -2.  75    5.0   0 1 2 0 0 1 1 10.2 70.6 10.2 71.5 80.0 100 100 21 407 0 145 0 401 401 399 0 0 0 60 50 WAIT_ACK 600 
b.1 2025-06-01 08:53:01.144 a 2025-06-01-08:53:00 169 213 243 2.7 7.6 12.4 5.1 85.5 727.2 10.28 8710 4.5 9.4 22.6 23.4 3.633  -998.    9.2    -2.  75    5.0   0 2 2 0 0 1 1 10.2 70.7 10.1 71.5 80.0 100 100 21 407 0 145 0 401 401 400 0 0 0 60 50 WAIT_ACK 600 
b.1 2025-06-01 08:54:02.069 a 2025-06-01-08:54:01 156 206 273 1.3 6.2 12.9 5.2 86.1 727.2 10.36 8770 5.7 9.6 22.6 23.4 3.633  -998.    9.2    -2.  75    5.0 100 1 2 0 0 1 1 10.2 70.8 10.1 71.5 80.0 100 100 21 407 0 145 0 401 401 400 0 0 0 60 50 WAIT_ACK 600 
b.1 2025-06-01 08:55:01.684 a 2025-06-01-08:55:00 160 206 241 2.1 6.1 11.4 5.0 86.8 727.1 10.44 8830 4.5 9.5 22.6 23.4 3.633  -998.    9.2    -2.  75    5.0   0 2 2 0 0 1 1 10.2 70.8 10.1 71.6 80.0 100 100 21 407 0 145 0 401 401 399 0 0 0 60 50 WAIT_ACK 600 
b.1 2025-06-01 08:56:01.069 a 2025-06-01-08:56:00 132 206 254 2.1 6.4 11.2 5.0 87.1 727.0 10.51 8890 4.3 9.6 22.6 23.4 3.633  -998.    9.1    -2.  75    5.0 100 2 2 0 0 1 1 10.2 70.9 10.1 71.8 80.0 100 100 21 407 0 145 0 401 402 399 0 0 0 60 50 WAIT_ACK 600 
b.1 2025-06-01 08:57:01.242 a 2025-06-01-08:57:00 126 206 289 1.4 6.2 13.5 4.9 87.2 726.9 10.55 8950 2.5 9.6 22.6 23.4 3.634  -998.    9.1    -2.  75    5.0   0 2 2 0 0 1 1 10.2 71.0 10.1 71.7 80.0 100 100 21 407 0 145 0 401 401 399 0 0 0 60 50 WAIT_ACK 600 
b.1 2025-06-01 08:58:01.424 a 2025-06-01-08:58:00 167 211 233 1.7 8.7 13.2 4.9 86.5 726.7 10.59 9010 2.7 9.4 22.6 23.4 3.633  -998.    9.1    -2.  75    4.9   0 2 2 0 0 1 1 10.2 71.0 10.1 72.2 80.0 100 100 21 407 0 145 0 400 401 400 0 0 0 60 50 WAIT_ACK 600 
b.1 2025-06-01 08:59:02.201 a 2025-06-01-08:59:01 170 208 237 5.2 10.6 15.8 4.9 85.8 726.7 10.67 9070 4.7 8.9 22.6 23.4 3.633  -998.    9.1    -2.  75    4.9 100 2 2 0 0 1 1 10.1 71.0 10.1 71.5 80.0 100 100 21 407 0 145 0 401 401 400 0 0 0 60 50 WAIT_ACK 600 
b.1 2025-06-01 09:00:01.905 a 2025-06-01-09:00:01 180 207 279 0.9 9.0 14.5 4.9 85.9 726.7 10.72 9120 2.1 9.2 22.6 23.4 3.633  -998.    9.1    -2.  75    4.9 100 2 2 0 0 1 1 10.1 71.1 10.1 71.7 80.0 100 100 21 407 0 145 0 401 401 399 0 0 0 60 50 WAIT_ACK 600 
b.1 2025-06-01 09:01:01.703 a 2025-06-01-09:01:01 145 206 229 2.7 8.6 13.5 4.9 86.2 726.6 10.75 9180 3.0 9.3 22.6 23.4 3.633  -998.    9.0    -2.  75    4.9   0 1 2 0 0 1 1 10.1 71.1 10.1 71.8 80.0 100 100 21 407 0 145 0 401 402 399 0 0 0 60 50 WAIT_ACK 600 
b.1 2025-06-01 09:02:00.483 a 2025-06-01-09:01:59 186 207 230 4.5 9.6 15.2 4.9 86.4 726.7 10.84 9240 5.4 9.3 22.6 23.4 3.633  -998.    9.0    -2.  76    4.9   0 1 2 0 0 1 1 10.1 71.2 10.1 71.8 80.0 100 100 21 407 0 145 0 402 400 400 0 0 0 60 50 WAIT_ACK 600 
b.1 2025-06-01 09:03:01.582 a 2025-06-01-09:03:00 159 206 228 1.2 8.9 15.3 4.9 86.5 726.7 10.95 9300 6.1 9.2 22.6 23.4 3.632  -998.    9.0    -2.  76    4.9 100 1 2 0 0 1 1 10.1 71.2 10.1 71.8 80.0 100 100 21 407 0 145 0 401 401 400 0 0 0 60 50 WAIT_ACK 600 
b.1 2025-06-01 09:04:02.265 a 2025-06-01-09:04:01 159 206 232 2.1 9.2 15.6 4.9 86.8 726.7 11.08 9360 7.9 9.2 22.6 23.4 3.635  -998.    9.0    -2.  76    4.9 100 2 2 0 0 1 1 10.1 71.3 10.1 72.0 80.0 100 100 21 407 0 145 0 401 401 400 0 0 0 60 50 WAIT_ACK 600 
b.1 2025-06-01 09:05:00.483 a 2025-06-01-09:04:59 159 202 227 2.1 7.8 14.7 4.9 86.8 726.8 11.18 9410 5.9 9.2 22.6 23.4 3.633  -998.    9.0    -2.  76    4.9 100 2 2 0 0 1 1 10.1 71.3 10.1 72.0 80.0 100 100 21 407 0 145 0 401 401 399 0 0 0 60 50 WAIT_ACK 600 
b.1 2025-06-01 09:06:01.266 a 2025-06-01-09:06:00 176 206 237 3.6 9.7 17.6 4.8 87.2 726.6 11.32 9470 8.8 9.0 22.6 23.4 3.633  -998.    9.0    -2.  76    4.9   0 1 2 0 0 1 1 10.1 71.3 10.1 72.1 80.0 100 100 21 407 0 145 0 401 401 399 0 0 0 60 50 WAIT_ACK 600 
b.1 2025-06-01 09:07:00.786 a 2025-06-01-09:07:00 158 205 226 3.4 8.8 14.0 5.0 86.7 726.6 11.43 9530 6.5 8.9 22.6 23.4 3.633  -998.    9.0    -2.  76    5.0   0 2 2 0 0 1 1 10.1 71.5 10.0 72.3 80.0 100 100 21 407 0 145 0 402 401 399 0 0 0 60 50 WAIT_ACK 600 
b.1 2025-06-01 09:08:00.723 a 2025-06-01-09:08:00 069 199 255 1.7 6.1 12.7 5.0 87.3 726.8 11.54 9590 6.8 9.4 22.6 23.4 3.633  -998.    9.0    -2.  76    5.0 100 2 2 0 0 1 1 10.1 71.5 10.0 72.4 80.0 100 100 21 407 0 145 0 401 401 400 0 0 0 60 50 WAIT_ACK 600 
b.1 2025-06-01 09:09:01.507 a 2025-06-01-09:09:00 148 200 268 1.6 5.9 11.5 5.0 87.8 726.8 11.63 9650 5.5 9.5 22.6 23.4 3.633  -998.    9.0    -2.  76    5.0 100 1 2 0 0 1 1 10.1 71.6 10.0 72.4 80.0 100 100 21 407 0 145 0 401 401 400 0 0 0 60 50 WAIT_ACK 600 
b.1 2025-06-01 09:10:00.966 a 2025-06-01-09:10:00 107 203 235 1.5 8.0 14.9 5.1 87.7 726.8 11.86 9700 12.6 9.1 22.6 23.4 3.633  -998.    9.0    -2.  76    5.0   0 2 2 0 0 1 1 10.1 71.5 10.0 72.5 80.0 100 100 21 407 0 145 0 401 401 400 0 0 0 60 50 WAIT_ACK 600 
b.1 2025-06-01 09:11:01.325 a 2025-06-01-09:11:00 153 203 238 2.9 8.4 16.3 5.1 87.6 726.8 12.13 9760 15.2 9.1 22.6 23.5 3.633  -998.    9.0    -2.  76    5.0 100 2 2 0 0 1 1 10.0 71.7 10.0 72.5 80.0 100 100 21 407 0 145 0 401 401 399 0 0 0 60 50 WAIT_ACK 600 
b.1 2025-06-01 09:12:00.285 a 2025-06-01-09:11:59 148 203 275 1.1 9.0 16.6 5.1 87.2 726.8 12.40 9820 17.1 9.1 22.6 23.4 3.633  -998.    9.0    -2.  76    5.1 100 2 2 0 0 1 1 10.1 71.8 10.0 72.6 80.0 100 100 21 407 0 145 0 401 401 400 0 0 0 60 50 WAIT_ACK 600 
b.1 2025-06-01 09:13:00.944 a 2025-06-01-09:13:00 101 204 236 1.2 9.6 16.7 5.1 86.6 726.8 12.63 9880 15.5 8.9 22.6 23.4 3.633  -998.    9.0    -2.  77    5.1   0 2 2 0 0 1 1 10.0 71.8 9.9 72.8 80.0 100 100 21 407 0 145 0 401 401 400 0 0 0 60 50 WAIT_ACK 600 
b.1 2025-06-01 09:14:00.928 a 2025-06-01-09:14:00 121 201 228 1.5 6.9 13.6 5.1 87.1 726.9 12.78 9940 9.0 9.3 22.6 23.4 3.633  -998.    9.0    -2.  77    5.1   0 2 2 0 0 1 1 10.0 71.9 10.0 73.0 80.0 100 100 21 407 0 145 0 401 401 399 0 0 0 60 50 WAIT_ACK 600 
b.1 2025-06-01 09:15:01.125 a 2025-06-01-09:15:00 149 202 234 1.5 7.1 12.9 5.1 87.1 727.0 12.90 10000 7.3 9.4 22.6 23.4 3.634  -998.    9.0    -2.  77    5.1 100 2 2 0 0 1 1 10.1 72.0 9.9 73.1 80.0 100 100 21 407 0 145 0 401 401 400 0 0 0 60 50 WAIT_ACK 600 
b.1 2025-06-01 09:16:01.388 a 2025-06-01-09:16:00 147 201 277 2.0 6.7 13.4 5.2 87.4 727.0 13.07 10050 10.1 9.4 22.6 23.4 3.633  -998.    9.0    -2.  77    5.1   0 1 2 0 0 1 1 10.0 72.1 10.0 73.0 80.0 100 100 21 407 0 145 0 401 401 399 0 0 0 60 50 WAIT_ACK 600 
b.1 2025-06-01 09:17:01.884 a 2025-06-01-09:17:01 163 205 277 1.5 8.3 14.5 5.2 87.2 727.0 13.29 10110 14.4 9.1 22.6 23.4 3.632  -998.    9.0    -2.  77    5.2   0 2 2 0 0 1 1 10.0 72.2 9.9 73.1 80.0 100 100 21 407 0 145 0 401 401 400 0 0 0 60 50 WAIT_ACK 600 
b.1 2025-06-01 09:18:01.132 a 2025-06-01-09:18:00 106 207 251 0.5 6.5 14.5 5.1 87.8 727.0 13.42 10170 7.2 9.6 22.6 23.4 3.632  -998.    9.0    -2.  77    5.2 100 2 2 0 0 1 1 10.0 72.2 10.0 73.6 80.0 100 100 21 407 0 145 0 401 401 399 0 0 0 60 50 WAIT_ACK 600 
b.1 2025-06-01 09:19:01.677 a 2025-06-01-09:19:00 180 216 246 2.1 9.2 14.9 5.1 85.3 727.0 13.55 10230 8.4 9.3 22.6 23.4 3.633  -998.    9.0    -2.  77    5.2 100 2 2 0 0 1 1 10.0 72.3 10.0 73.1 80.0 100 100 21 407 0 145 0 401 401 400 0 0 0 60 50 WAIT_ACK 600 
b.1 2025-06-01 09:20:02.489 a 2025-06-01-09:20:01 118 207 250 1.9 7.4 15.4 5.4 86.5 726.9 13.61 10290 3.7 9.4 22.6 23.4 3.634  -998.    9.0    -2.  77    5.2 100 2 2 0 0 1 1 10.0 72.4 10.0 73.0 80.0 100 100 21 407 0 145 0 402 401 400 0 0 0 60 50 WAIT_ACK 600 
b.1 2025-06-01 09:21:01.365 a 2025-06-01-09:21:00 135 206 234 1.1 8.9 15.1 5.1 85.6 726.9 13.68 10350 4.2 9.3 22.6 23.4 3.633  -998.    9.1    -2.  77    5.3   0 2 2 0 0 1 1 10.0 72.4 9.9 73.2 80.0 100 100 21 407 0 145 0 401 401 399 0 0 0 60 50 WAIT_ACK 600 
b.1 2025-06-01 09:22:00.891 a 2025-06-01-09:22:00 130 205 224 2.5 10.7 15.4 5.1 86.3 726.8 13.76 10400 5.2 8.8 22.6 23.4 3.632  -998.    9.0    -2.  77    5.2   0 2 2 0 0 1 1 10.0 72.5 9.9 73.2 80.0 100 100 21 407 0 145 0 402 401 400 0 0 0 60 50 WAIT_ACK 600 
b.1 2025-06-01 09:23:00.792 a 2025-06-01-09:23:00 130 205 231 2.5 9.1 14.3 5.1 86.3 726.7 13.84 10450 4.4 8.9 22.6 23.4 3.632  -998.    9.0    -2.  77    5.2   0 2 2 0 0 1 1 10.0 72.4 9.9 73.3 80.0 100 100 21 407 0 145 0 401 401 400 0 0 0 60 50 WAIT_ACK 600 
b.1 2025-06-01 09:24:01.371 a 2025-06-01-09:24:00 166 207 228 3.1 9.7 15.0 5.1 86.3 726.7 13.97 10510 7.0 8.9 22.6 23.4 3.633  -998.    9.0    -2.  77    5.3   0 2 2 0 0 1 1 10.0 72.5 9.9 73.2 80.0 100 100 21 407 0 145 0 401 401 400 0 0 0 60 50 WAIT_ACK 600 
b.1 2025-06-01 09:25:01.450 a 2025-06-01-09:25:00 166 206 231 2.3 8.1 15.0 5.1 87.0 726.7 14.09 10570 8.1 8.9 22.6 23.4 3.633  -998.    9.1    -2.  77    5.3   0 2 2 0 0 1 1 10.0 72.6 9.9 73.3 80.0 100 100 21 407 0 145 0 401 401 400 0 0 0 60 50 WAIT_ACK 600 
b.1 2025-06-01 09:26:01.526 a 2025-06-01-09:26:00 155 204 229 2.9 8.3 14.3 5.1 87.1 726.7 14.22 10630 7.7 8.9 22.6 23.4 3.632  -998.    9.1    -2.  77    5.3   0 2 2 0 0 1 1 10.0 72.6 9.9 73.3 80.0 100 100 21 407 0 145 0 402 401 400 0 0 0 60 50 WAIT_ACK 600 
b.1 2025-06-01 09:27:01.936 a 2025-06-01-09:27:01 153 204 229 1.8 7.7 14.6 5.1 87.2 726.7 14.31 10690 5.7 9.2 22.6 23.4 3.633  -998.    9.0    -2.  77    5.3   0 2 2 0 0 1 1 10.0 72.6 9.9 73.4 80.0 100 100 21 407 0 145 0 401 402 399 0 0 0 60 50 WAIT_ACK 600 
b.1 2025-06-01 09:28:01.269 a 2025-06-01-09:28:00 140 204 238 2.0 7.8 14.2 5.1 87.2 726.6 14.39 10740 4.8 9.3 22.6 23.4 3.633  -998.    9.1    -2.  77    5.3   0 2 2 0 0 1 1 10.0 72.6 9.9 73.4 80.0 100 100 21 407 0 145 0 401 401 399 0 0 0 60 50 WAIT_ACK 600 
b.1 2025-06-01 09:29:00.690 a 2025-06-01-09:29:00 164 207 233 3.4 9.4 15.3 5.1 87.2 726.6 14.57 10800 10.7 8.9 22.6 23.4 3.633  -998.    9.0    -2.  77    5.3 100 2 2 0 0 1 1 9.9 72.6 9.9 73.4 80.0 100 100 21 407 0 145 0 401 402 399 0 0 0 60 50 WAIT_ACK 600 
b.1 2025-06-01 09:30:01.509 a 2025-06-01-09:30:00 176 209 240 2.2 10.7 17.1 5.1 85.4 726.5 14.73 10860 9.6 8.8 22.6 23.4 3.634  -998.    9.0    -2.  77    5.3 100 2 2 0 0 1 1 9.9 72.7 9.9 73.4 80.0 100 100 21 407 0 145 0 401 401 399 0 0 0 60 50 WAIT_ACK 600 
b.1 2025-06-01 09:31:01.069 a 2025-06-01-09:31:00 143 207 232 1.3 10.1 15.2 5.1 86.8 726.7 14.87 10920 8.6 8.7 22.6 23.4 3.633  -998.    9.0    -2.  77    5.3 100 2 2 0 0 1 1 9.9 72.7 9.9 73.5 80.0 100 100 21 407 0 145 0 400 401 400 0 0 0 60 50 WAIT_ACK 600 
b.1 2025-06-01 09:32:01.257 a 2025-06-01-09:32:00 178 208 238 4.1 10.5 17.7 5.1 85.6 726.7 15.10 10980 13.9 8.7 22.6 23.4 3.633  -998.    9.0    -2.  77    5.3 100 2 2 0 0 1 1 10.0 72.7 9.9 73.5 80.0 100 100 21 407 0 145 0 401 401 400 0 0 0 60 50 WAIT_ACK 600 
b.1 2025-06-01 09:33:01.232 a 2025-06-01-09:33:00 148 206 229 3.4 10.7 16.9 5.0 86.2 726.6 15.28 11030 11.2 8.7 22.6 23.4 3.633  -998.    9.0    -2.  77    5.3 100 2 2 0 0 1 1 9.9 72.8 9.9 73.4 80.0 100 100 21 407 0 145 0 401 401 399 0 0 0 60 50 WAIT_ACK 600 
b.1 2025-06-01 09:34:00.930 a 2025-06-01-09:34:00 146 205 229 2.2 9.6 15.5 5.0 86.2 726.6 15.35 11090 5.5 8.7 22.6 23.4 3.633  -998.    9.0    -2.  77    5.3 100 2 2 0 0 1 1 9.9 72.7 9.9 73.5 80.0 100 100 21 407 0 145 0 401 401 400 0 0 0 60 50 WAIT_ACK 600 
b.1 2025-06-01 09:35:00.592 a 2025-06-01-09:34:59 178 209 236 3.0 9.9 15.7 5.0 86.3 726.7 15.54 11150 10.8 8.7 22.6 23.4 3.632  -998.    9.0    -2.  77    5.3 100 2 2 0 0 1 1 9.9 72.9 9.9 73.6 80.0 100 100 21 407 0 145 0 401 401 400 0 0 0 60 50 WAIT_ACK 600 
b.1 2025-06-01 09:36:01.368 a 2025-06-01-09:36:00 166 207 233 2.8 9.7 17.4 5.0 86.1 726.6 15.68 11210 8.7 8.8 22.6 23.4 3.633  -998.    9.0    -2.  78    5.3   0 2 2 0 0 1 1 9.9 72.8 9.9 73.4 80.0 100 100 21 407 0 145 0 401 401 399 0 0 0 60 50 WAIT_ACK 600 
b.1 2025-06-01 09:37:01.391 a 2025-06-01-09:37:00 166 210 235 1.2 11.6 17.7 5.0 86.3 726.6 15.99 11270 17.9 8.6 22.6 23.4 3.633  -998.    9.0    -2.  78    5.3 100 2 2 0 0 1 1 10.0 72.8 9.9 73.5 80.0 100 100 21 407 0 145 0 401 401 400 0 0 0 60 50 WAIT_ACK 600 
b.1 2025-06-01 09:38:00.631 a 2025-06-01-09:37:59 161 206 226 2.5 9.4 15.2 5.0 85.5 726.6 16.26 11320 16.5 8.7 22.6 23.4 3.633  -998.    9.0    -2.  78    5.3 100 2 2 0 0 1 1 10.0 72.9 9.9 73.6 80.0 100 100 21 407 0 145 0 401 401 399 0 0 0 60 50 WAIT_ACK 600 
b.1 2025-06-01 09:39:01.457 a 2025-06-01-09:39:00 119 203 250 1.5 9.1 16.5 5.0 84.9 726.5 16.47 11380 13.8 8.7 22.6 23.4 3.633  -998.    9.0    -2.  78    5.3 100 2 2 0 0 1 1 10.0 72.8 9.9 73.6 80.0 100 100 21 407 0 145 0 401 401 400 0 0 0 60 50 WAIT_ACK 600 
b.1 2025-06-01 09:40:00.608 a 2025-06-01-09:39:59 172 208 247 1.6 10.1 16.3 4.9 86.5 726.5 16.67 11440 13.6 8.6 22.6 23.4 3.635  -998.    9.0    -2.  78    5.3   0 2 2 0 0 1 1 10.0 72.6 9.9 73.6 80.0 100 100 21 407 0 145 0 402 402 400 0 0 0 60 50 WAIT_ACK 600 
b.1 2025-06-01 09:40:59.592 a 2025-06-01-09:40:58 163 209 237 2.2 10.4 17.7 4.9 85.7 726.5 16.79 11500 6.8 8.6 22.6 23.4 3.633  -998.    8.9    -2.  78    5.2 100 2 2 0 0 1 1 9.9 72.7 9.8 73.6 80.0 100 100 21 407 0 145 0 401 401 400 0 0 0 60 50 WAIT_ACK 600 
b.1 2025-06-01 09:42:00.173 a 2025-06-01-09:41:59 159 208 232 2.9 11.1 18.2 4.9 85.6 726.5 16.86 11560 4.7 8.5 22.6 23.4 3.633  -998.    8.9    -2.  78    5.2 100 2 2 0 0 1 1 9.9 72.8 9.9 73.7 80.0 100 100 21 407 0 145 0 401 401 399 0 0 0 60 50 WAIT_ACK 600 
b.1 2025-06-01 09:43:00.950 a 2025-06-01-09:43:00 150 207 239 2.6 9.7 16.4 4.9 85.7 726.6 16.93 11620 4.0 8.7 22.6 23.4 3.632  -998.    8.9    -2.  78    5.2 100 2 2 0 0 1 1 9.9 72.9 9.8 73.6 80.0 100 100 21 407 0 145 0 401 401 399 0 0 0 60 50 WAIT_ACK 600 
b.1 2025-06-01 09:44:01.532 a 2025-06-01-09:44:00 151 209 246 3.9 11.3 15.1 4.9 85.7 726.7 16.96 11680 2.0 8.6 22.6 23.4 3.633  -998.    8.9    -2.  78    5.2   0 2 2 0 0 1 1 9.9 72.8 9.9 73.6 80.0 100 100 21 407 0 145 0 402 401 400 0 0 0 60 50 WAIT_ACK 600 
b.1 2025-06-01 09:45:02.071 a 2025-06-01-09:45:01 183 212 234 5.5 10.8 16.5 4.8 85.1 726.6 16.99 11720 1.3 8.7 22.6 23.4 3.633  -998.    8.9    -2.  78    5.2   0 2 2 0 0 1 1 9.9 72.7 9.8 73.8 80.0 100 100 21 407 0 145 0 401 401 400 0 0 0 60 50 WAIT_ACK 600 
b.1 2025-06-01 09:46:00.650 a 2025-06-01-09:45:59 164 212 235 1.8 8.5 14.2 4.9 84.7 726.7 17.04 11780 2.6 8.9 22.6 23.4 3.633  -998.    8.9    -2.  78    5.2 100 2 2 0 0 1 1 9.9 72.7 9.8 73.8 80.0 100 100 21 407 0 145 0 401 401 400 0 0 0 60 50 WAIT_ACK 600 
b.1 2025-06-01 09:47:00.213 a 2025-06-01-09:46:59 187 213 234 1.8 9.3 13.7 4.8 85.1 726.5 17.10 11840 3.8 8.8 22.6 23.4 3.633  -998.    8.9    -2.  78    5.2   0 2 2 0 0 1 1 9.9 72.8 9.9 73.8 80.0 100 100 21 407 0 145 0 401 401 399 0 0 0 60 50 WAIT_ACK 600 
b.1 2025-06-01 09:48:01.029 a 2025-06-01-09:48:00 195 218 241 3.8 8.6 14.0 4.8 84.5 726.6 17.14 11900 2.6 9.1 22.6 23.4 3.633  -998.    8.9    -2.  78    5.2 100 2 2 0 0 1 1 9.9 72.9 9.9 74.2 80.0 100 100 21 407 0 145 0 402 401 400 0 0 0 60 50 WAIT_ACK 600 
b.1 2025-06-01 09:49:01.111 a 2025-06-01-09:49:00 180 214 252 4.2 9.0 13.5 4.8 86.3 726.6 17.21 11960 4.3 8.9 22.6 23.4 3.633  -998.    8.9    -2.  78    5.2 100 2 2 0 0 1 1 9.9 72.9 9.9 73.8 80.0 100 100 21 407 0 145 0 401 401 399 0 0 0 60 50 WAIT_ACK 600 
b.1 2025-06-01 09:50:01.013 a 2025-06-01-09:50:00 160 218 243 3.6 9.8 14.9 4.8 84.4 726.5 17.38 12010 9.4 8.7 22.6 23.4 3.633  -998.    8.9    -2.  78    5.2 100 2 2 0 0 1 1 9.8 73.0 9.9 73.6 80.0 100 100 21 407 0 145 0 402 401 400 0 0 0 60 50 WAIT_ACK 600 
b.1 2025-06-01 09:51:00.434 a 2025-06-01-09:50:59 145 215 258 1.7 9.6 13.2 4.8 85.0 726.5 17.54 12070 10.5 8.6 22.6 23.4 3.633  -998.    8.9    -2.  78    5.3 100 2 2 0 0 1 1 9.8 73.0 10.0 73.6 80.0 100 100 21 407 0 145 0 401 401 400 0 0 0 60 50 WAIT_ACK 600 
b.1 2025-06-01 09:52:00.973 a 2025-06-01-09:52:00 169 214 238 3.5 8.5 12.8 4.8 86.3 726.6 17.73 12130 10.5 8.6 22.6 23.4 3.632  -998.    8.9    -2.  78    5.3 100 2 2 0 0 1 1 9.8 73.0 10.0 73.4 80.0 100 100 21 407 0 145 0 401 401 400 0 0 0 60 50 WAIT_ACK 600 
b.1 2025-06-01 09:53:01.430 a 2025-06-01-09:53:00 177 213 240 4.6 9.2 14.6 4.7 85.3 726.5 17.87 12190 9.1 8.6 22.6 23.4 3.633  -998.    8.9    -2.  78    5.3 100 2 2 0 0 1 1 9.8 73.0 10.0 73.4 80.0 100 100 21 407 0 145 0 401 401 400 0 0 0 60 50 WAIT_ACK 600 
b.1 2025-06-01 09:54:01.190 a 2025-06-01-09:54:00 179 213 238 4.2 9.3 13.0 4.7 86.3 726.5 18.04 12250 10.5 8.6 22.6 23.4 3.632  -998.    8.9    -2.  78    5.3 100 2 2 0 0 1 1 9.8 73.0 10.0 73.2 80.0 100 100 21 407 0 145 0 401 401 399 0 0 0 60 50 WAIT_ACK 600 
b.1 2025-06-01 09:55:01.907 a 2025-06-01-09:55:01 197 219 240 7.4 10.3 13.7 4.7 84.3 726.4 18.25 12310 12.5 8.5 22.6 23.4 3.632  -998.    9.0    -2.  78    5.4 100 2 2 0 0 1 1 9.8 73.0 10.0 73.2 80.0 100 100 21 407 0 145 0 401 401 400 0 0 0 60 50 WAIT_ACK 600 
b.1 2025-06-01 09:56:00.450 a 2025-06-01-09:55:59 199 219 240 7.4 10.9 13.4 4.7 83.0 726.4 18.47 12360 16.7 8.4 22.6 23.4 3.633  -998.    9.0    -2.  78    5.4 100 2 2 0 0 1 1 9.8 73.1 10.0 73.1 80.0 100 100 21 407 0 145 0 401 401 400 0 0 0 60 50 WAIT_ACK 600 
b.1 2025-06-01 09:57:01.733 a 2025-06-01-09:57:01 161 218 241 3.2 9.3 13.5 4.7 84.3 726.5 18.57 12420 6.1 8.5 22.6 23.4 3.633  -998.    9.0    -2.  78    5.4 100 2 2 0 0 1 1 9.7 73.2 10.0 72.9 80.0 100 100 21 407 0 145 0 401 401 399 0 0 0 60 50 WAIT_ACK 600 
b.1 2025-06-01 09:58:01.950 a 2025-06-01-09:58:01 181 218 250 4.0 9.2 13.4 4.7 84.0 726.5 18.75 12480 10.7 8.7 22.6 23.4 3.633  -998.    9.0    -2.  78    5.4 100 2 2 0 0 1 1 9.7 73.2 10.0 72.9 80.0 100 100 21 407 0 145 0 401 401 399 0 0 0 60 50 WAIT_ACK 600 
b.1 2025-06-01 09:59:00.874 a 2025-06-01-09:59:00 191 219 248 4.7 9.2 13.1 4.7 83.2 726.5 18.84 12540 5.8 8.7 22.6 23.4 3.633  -998.    9.0    -2.  79    5.4   0 1 2 0 0 1 1 9.7 73.2 10.0 72.7 80.0 100 100 21 407 0 145 0 401 401 400 0 0 0 60 50 WAIT_ACK 600 
b.1 2025-06-01 10:00:02.336 a 2025-06-01-10:00:01 182 219 236 4.7 9.1 12.0 4.6 84.5 726.5 18.85 12590 0.7 8.9 22.6 23.4 3.633  -998.    9.0    -2.  79    5.4 100 1 2 0 0 1 1 9.7 73.2 10.0 73.1 80.0 100 100 21 407 0 145 0 401 401 399 0 0 0 60 50 WAIT_ACK 600 
b.1 2025-06-01 10:01:01.992 a 2025-06-01-10:01:01 188 222 245 6.1 9.7 12.9 4.6 83.0 726.6 18.89 12650 2.5 9.1 22.6 23.4 3.633  -998.    9.0    -2.  79    5.5   0 1 2 0 0 1 1 9.7 73.2 10.0 73.1 80.0 100 100 21 407 0 145 0 400 401 400 0 0 0 60 50 WAIT_ACK 600 
b.1 2025-06-01 10:02:00.733 a 2025-06-01-10:02:00 192 224 241 5.4 8.7 11.2 4.5 83.7 726.5 18.90 12690 1.0 9.3 22.6 23.4 3.633  -998.    9.0    -2.  79    5.5   0 1 2 0 0 1 1 9.7 73.3 10.0 72.7 80.0 100 100 21 407 0 145 0 402 401 400 0 0 0 60 50 WAIT_ACK 600 
b.1 2025-06-01 10:03:01.552 a 2025-06-01-10:03:00 207 224 253 5.8 9.7 13.0 4.7 82.5 726.5 18.95 12740 3.0 9.4 22.6 23.4 3.633  -998.    9.0    -2.  79    5.5 100 1 2 0 0 1 1 9.7 73.2 10.0 72.7 80.0 100 100 21 407 0 145 0 401 401 399 0 0 0 60 50 WAIT_ACK 600 
b.1 2025-06-01 10:04:01.217 a 2025-06-01-10:04:00 140 225 253 2.5 9.5 12.6 4.7 83.1 726.4 19.01 12800 3.2 9.2 22.6 23.4 3.633  -998.    9.0    -2.  79    5.6   0 2 2 0 0 1 1 9.7 73.2 10.0 72.8 80.0 100 100 21 407 0 145 0 401 401 399 0 0 0 60 50 WAIT_ACK 600 
b.1 2025-06-01 10:05:01.430 a 2025-06-01-10:05:00 172 222 248 1.6 9.5 14.6 4.7 83.8 726.4 19.06 12860 3.5 8.9 22.6 23.4 3.633  -998.    9.0    -2.  79    5.6 100 2 2 0 0 1 1 9.7 73.3 10.0 72.7 80.0 100 100 21 407 0 145 0 401 401 400 0 0 0 60 50 WAIT_ACK 600 
b.1 2025-06-01 10:06:00.894 a 2025-06-01-10:06:00 186 230 263 1.4 9.4 14.2 4.7 84.5 726.4 19.09 12920 1.9 9.1 22.6 23.4 3.633  -998.    9.0    -2.  79    5.6   0 2 2 0 0 1 1 9.7 73.2 10.0 72.6 80.0 100 100 21 407 0 145 0 401 401 399 0 0 0 60 50 WAIT_ACK 600 
b.1 2025-06-01 10:07:00.496 a 2025-06-01-10:06:59 204 229 249 6.2 11.3 16.2 4.7 83.4 726.4 19.25 12970 10.1 8.7 22.6 23.4 3.632  -998.    9.0    -2.  79    5.6   0 2 2 0 0 1 1 9.7 73.3 10.0 72.7 80.0 100 100 21 407 0 145 0 401 401 400 0 0 0 60 50 WAIT_ACK 600 
b.1 2025-06-01 10:08:01.354 a 2025-06-01-10:08:00 141 227 260 2.2 10.4 14.5 4.7 82.9 726.3 19.29 13030 1.8 8.7 22.6 23.4 3.634  -998.    9.0    -2.  79    5.7   0 2 2 0 0 1 1 9.7 73.1 10.0 72.6 80.0 100 100 21 407 0 145 0 402 401 399 0 0 0 60 50 WAIT_ACK 600 
b.1 2025-06-01 10:09:01.973 a 2025-06-01-10:09:01 190 236 266 2.3 12.1 17.8 4.7 82.5 726.3 19.56 13090 13.4 8.5 22.6 23.4 3.633  -998.    9.0    -2.  80    5.7 100 2 2 0 0 1 1 9.7 73.1 9.9 72.5 80.0 100 100 21 407 0 145 0 402 401 400 0 0 0 60 50 WAIT_ACK 600 
b.1 2025-06-01 10:10:01.490 a 2025-06-01-10:10:00 138 244 000 1.0 11.7 22.1 4.7 80.9 726.3 19.80 13150 17.3 8.1 22.6 23.4 3.633  -998.    9.0    -2.  79    5.6 100 2 2 0 0 1 1 9.7 72.9 9.9 72.4 80.0 100 100 21 407 0 145 0 401 401 399 0 0 0 60 50 WAIT_ACK 600 
b.1 2025-06-01 10:11:01.717 a 2025-06-01-10:11:00 214 242 273 2.8 12.4 17.9 4.4 80.1 726.2 19.96 13210 9.2 7.8 22.6 23.4 3.633  -998.    8.9    -2.  79    5.5   0 2 2 0 0 1 1 9.7 72.3 9.9 71.9 80.0 100 100 21 407 0 145 0 401 401 400 0 0 0 60 50 WAIT_ACK 600 
b.1 2025-06-01 10:12:00.698 a 2025-06-01-10:11:59 183 232 268 2.5 12.6 17.4 4.1 80.3 726.2 20.02 13260 4.9 7.9 22.6 23.4 3.633  -998.    8.8    -2.  79    5.4   0 2 2 0 0 1 1 9.7 71.9 9.9 71.6 80.0 100 100 21 407 0 145 0 401 401 400 0 0 0 60 50 WAIT_ACK 600 
b.1 2025-06-01 10:13:00.993 a 2025-06-01-10:13:00 199 232 255 4.4 13.0 17.1 4.0 81.1 726.3 20.06 13320 2.8 7.7 22.6 23.4 3.633  -998.    8.7    -2.  79    5.3   0 2 2 0 0 1 1 9.7 71.8 9.9 71.6 80.0 100 100 21 407 0 145 0 401 401 400 0 0 0 60 50 WAIT_ACK 600 
b.1 2025-06-01 10:14:01.016 a 2025-06-01-10:14:00 194 229 284 1.3 10.4 15.3 3.9 80.9 726.1 20.07 13360 0.6 8.1 22.6 23.4 3.633  -998.    8.6    -2.  79    5.2   0 1 2 0 0 1 1 9.7 71.4 9.8 71.4 80.0 100 100 21 407 0 145 0 401 401 400 0 0 0 60 50 WAIT_ACK 600 
b.1 2025-06-01 10:15:02.214 a 2025-06-01-10:15:01 220 240 269 1.9 12.3 18.6 3.9 81.8 726.2 20.08 13400 0.6 8.0 22.6 23.4 3.633  -998.    8.5    -2.  79    5.1   0 2 2 0 0 1 1 9.7 71.1 9.8 71.2 80.0 100 100 21 407 0 145 0 401 401 399 0 0 0 60 50 WAIT_ACK 600 
b.1 2025-06-01 10:15:59.934 a 2025-06-01-10:15:59 211 235 268 4.1 11.3 17.5 3.7 81.1 726.1 20.08 13400 0.0 8.1 22.6 23.4 3.633  -998.    8.4    -2.  79    5.0 100 2 2 0 0 1 1 9.7 70.9 9.8 70.8 80.0 100 100 21 407 0 145 0 402 401 400 0 0 0 60 50 WAIT_ACK 600 
b.1 2025-06-01 10:17:00.572 a 2025-06-01-10:16:59 209 232 255 6.5 11.7 15.5 3.7 81.5 726.2 20.08 13400 0.0 8.1 22.6 23.4 3.633  -998.    8.3    -2.  79    4.9 100 2 2 0 0 1 1 9.7 70.5 9.8 70.6 80.0 100 100 21 407 0 145 0 401 401 399 0 0 0 60 50 WAIT_ACK 600 
b.1 2025-06-01 10:18:01.894 a 2025-06-01-10:18:01 209 234 264 5.8 11.7 15.6 3.7 81.6 726.3 20.08 13400 0.0 8.2 22.6 23.4 3.632  -998.    8.2    -2.  79    4.9   0 2 2 0 0 1 1 9.7 70.5 9.8 70.6 80.0 100 100 21 407 0 145 0 401 402 399 0 0 0 60 50 WAIT_ACK 600 
b.1 2025-06-01 10:19:00.536 a 2025-06-01-10:18:59 207 231 270 2.8 12.0 15.9 3.6 81.6 726.3 20.09 13430 0.5 8.0 22.5 23.4 3.633  -998.    8.2    -2.  79    4.8 100 2 2 0 0 1 1 9.7 70.3 9.8 70.4 80.0 100 100 21 407 0 145 0 401 401 400 0 0 0 60 50 WAIT_ACK 600 
b.1 2025-06-01 10:20:01.174 a 2025-06-01-10:20:00 168 230 287 1.5 11.3 17.8 3.6 82.3 726.0 20.11 13480 1.0 8.0 22.6 23.4 3.633  -998.    8.1    -2.  79    4.7   0 2 2 0 0 1 1 9.7 70.3 9.8 70.4 80.0 100 100 21 407 0 145 0 401 401 399 0 0 0 60 50 WAIT_ACK 600 
b.1 2025-06-01 10:21:02.036 a 2025-06-01-10:21:01 203 228 261 6.7 12.4 16.7 3.5 81.7 726.0 20.25 13540 7.9 7.8 22.6 23.4 3.633  -998.    8.0    -2.  79    4.7   0 2 2 0 0 1 1 9.6 70.2 9.7 70.2 80.0 100 100 21 407 0 145 0 401 401 399 0 0 0 60 50 WAIT_ACK 600 
b.1 2025-06-01 10:22:01.654 a 2025-06-01-10:22:00 205 233 272 7.4 13.8 18.0 3.5 81.9 726.0 20.27 13600 1.6 7.6 22.6 23.4 3.633  -998.    8.0    -2.  79    4.6   0 2 2 0 0 1 1 9.6 69.9 9.7 70.1 80.0 100 100 21 407 0 145 0 401 401 399 0 0 0 60 50 WAIT_ACK 600 
b.1 2025-06-01 10:23:00.713 a 2025-06-01-10:22:59 206 231 253 3.1 12.0 17.8 3.5 81.7 726.0 20.29 13630 1.4 7.8 22.6 23.4 3.632  -998.    7.9    -2.  79    4.5   0 2 2 0 0 1 1 9.6 69.6 9.7 69.8 80.0 100 100 21 407 0 145 0 401 401 400 0 0 0 60 50 WAIT_ACK 600 
b.1 2025-06-01 10:24:00.473 a 2025-06-01-10:23:59 204 229 257 6.0 12.9 16.6 3.4 81.7 726.0 20.29 13630 0.0 7.8 22.6 23.4 3.633  -998.    7.9    -2.  79    4.5   0 1 2 0 0 1 1 9.6 69.7 9.7 69.7 80.0 100 100 21 407 0 145 0 402 401 400 0 0 0 60 50 WAIT_ACK 600 
b.1 2025-06-01 10:25:00.592 a 2025-06-01-10:24:59 200 225 244 7.2 12.8 16.5 3.4 81.9 726.0 20.29 13630 0.0 7.8 22.6 23.4 3.633  -998.    7.8    -2.  79    4.4   0 2 2 0 0 1 1 9.6 69.4 9.6 69.8 80.0 100 100 21 407 0 145 0 401 401 399 0 0 0 60 50 WAIT_ACK 600 
b.1 2025-06-01 10:26:01.555 a 2025-06-01-10:26:00 201 232 256 7.8 12.2 17.5 3.4 82.2 726.0 20.30 13650 0.4 8.0 22.6 23.4 3.633  -998.    7.8    -2.  79    4.4   0 2 2 0 0 1 1 9.6 69.5 9.6 69.7 80.0 100 100 21 407 0 145 0 401 401 399 0 0 0 60 50 WAIT_ACK 600 
b.1 2025-06-01 10:27:00.898 a 2025-06-01-10:27:00 211 233 259 4.9 14.2 20.2 3.5 82.3 726.0 20.36 13690 3.7 7.7 22.6 23.4 3.633  -998.    7.8    -2.  79    4.4   0 2 2 0 0 1 1 9.5 69.3 9.6 69.4 80.0 100 100 21 407 0 145 0 402 401 400 0 0 0 60 50 WAIT_ACK 600 
b.1 2025-06-01 10:28:01.336 a 2025-06-01-10:28:00 209 231 255 6.2 14.6 19.3 3.5 81.9 725.7 20.41 13750 2.6 7.5 22.6 23.4 3.633  -998.    7.7    -2.  79    4.4 100 1 2 0 0 1 1 9.6 69.1 9.6 69.3 80.0 100 100 21 407 0 145 0 401 401 399 0 0 0 60 50 WAIT_ACK 600 
b.1 2025-06-01 10:29:00.513 a 2025-06-01-10:28:59 199 229 255 7.9 14.9 21.0 3.5 82.2 725.9 20.46 13810 3.5 7.3 22.6 23.4 3.634  -998.    7.7    -2.  79    4.4 100 1 2 0 0 1 1 9.6 69.2 9.6 69.2 80.0 100 100 21 407 0 145 0 402 401 400 0 0 0 60 50 WAIT_ACK 600 
b.1 2025-06-01 10:30:01.801 a 2025-06-01-10:30:01 206 227 267 8.8 16.9 22.2 3.4 82.3 725.7 20.47 13840 0.6 7.3 22.6 23.4 3.633  -998.    7.7    -2.  79    4.3   0 1 2 0 0 1 1 9.6 69.2 9.6 69.1 80.0 100 100 21 407 0 145 0 401 402 399 0 0 0 60 50 WAIT_ACK 600 
b.1 2025-06-01 10:31:01.500 a 2025-06-01-10:31:00 191 226 246 7.4 15.0 20.5 3.4 82.4 725.8 20.47 13840 0.0 7.6 22.6 23.4 3.633  -998.    7.6    -2.  79    4.2   0 1 2 0 0 1 1 9.6 68.6 9.5 69.1 80.0 100 100 21 407 0 145 0 401 401 399 0 0 0 60 50 WAIT_ACK 600 
b.1 2025-06-01 10:32:01.578 a 2025-06-01-10:32:00 203 228 246 11.5 16.2 19.7 3.4 82.4 725.9 20.47 13850 0.0 7.7 22.6 23.4 3.633  -998.    7.6    -2.  79    4.2 100 1 2 0 0 1 1 9.5 68.6 9.5 69.0 80.0 100 100 21 407 0 145 0 401 401 399 0 0 0 60 50 WAIT_ACK 600 
b.1 2025-06-01 10:33:00.674 a 2025-06-01-10:32:59 215 231 259 4.5 14.3 18.6 3.4 82.6 726.0 20.48 13860 0.3 7.8 22.6 23.4 3.634  -998.    7.6    -2.  79    4.2   0 1 2 0 0 1 1 9.5 68.8 9.5 68.8 80.0 100 100 21 407 0 145 0 401 401 400 0 0 0 60 50 WAIT_ACK 600 
b.1 2025-06-01 10:34:01.496 a 2025-06-01-10:34:00 212 236 260 2.6 12.5 19.3 3.3 82.7 725.8 20.48 13890 0.3 8.1 22.6 23.4 3.634  -998.    7.5    -2.  79    4.1 100 1 2 0 0 1 1 9.5 68.6 9.5 68.8 80.0 100 100 21 407 0 145 0 401 401 399 0 0 0 60 50 WAIT_ACK 600 
b.1 2025-06-01 10:35:01.618 a 2025-06-01-10:35:00 206 234 260 3.6 13.7 20.3 3.3 82.4 725.8 20.48 13890 0.0 8.0 22.6 23.4 3.633  -998.    7.5    -2.  79    4.1   0 0 2 0 0 1 1 9.5 68.2 9.5 68.5 80.0 100 100 21 407 0 145 0 402 401 400 0 0 0 60 50 WAIT_ACK 600 
b.1 2025-06-01 10:36:01.374 a 2025-06-01-10:36:00 212 234 264 5.9 12.5 18.0 3.3 82.4 725.9 20.48 13890 0.0 8.3 22.6 23.4 3.634  -998.    7.5    -2.  79    4.1   0 0 2 0 0 1 1 9.5 68.3 9.5 68.5 80.0 100 100 21 407 0 145 0 401 401 400 0 0 0 60 50 WAIT_ACK 600 
b.1 2025-06-01 10:37:01.394 a 2025-06-01-10:37:00 205 237 265 5.3 14.7 19.9 3.2 82.4 725.9 20.48 13890 0.0 8.2 22.6 23.4 3.633  -998.    7.5    -2.  79    4.0   0 1 2 0 0 1 1 9.5 68.2 9.4 68.4 80.0 100 100 21 407 0 145 0 401 401 400 0 0 0 60 50 WAIT_ACK 600 
b.1 2025-06-01 10:38:02.082 a 2025-06-01-10:38:01 220 240 268 4.6 12.4 16.6 3.2 82.7 725.9 20.48 13890 0.0 8.4 22.6 23.4 3.634  -998.    7.4    -2.  79    4.0 100 1 2 0 0 1 1 9.4 67.8 9.4 68.2 80.0 100 100 21 407 0 145 0 400 401 399 0 0 0 60 50 WAIT_ACK 600 
b.1 2025-06-01 10:39:01.459 a 2025-06-01-10:39:00 144 240 263 1.7 11.6 16.6 3.2 82.7 725.9 20.48 13890 0.0 8.8 22.6 23.4 3.633  -998.    7.4    -2.  79    4.0   0 1 2 0 0 1 1 9.4 67.7 9.4 68.1 80.0 100 100 21 407 0 145 0 401 401 400 0 0 0 60 50 WAIT_ACK 600 
b.1 2025-06-01 10:40:02.073 a 2025-06-01-10:40:01 221 239 262 4.9 11.7 15.5 3.0 83.2 725.9 20.48 13890 0.0 8.8 22.6 23.4 3.634  -998.    7.4    -2.  79    3.9 100 2 2 0 0 1 1 9.4 67.5 9.4 68.0 80.0 100 100 21 407 0 145 0 401 401 400 0 0 0 60 50 WAIT_ACK 600 
b.1 2025-06-01 10:41:00.474 a 2025-06-01-10:40:59 213 236 258 2.9 11.5 14.8 3.0 83.3 725.9 20.48 13890 0.0 8.8 22.6 23.5 3.633  -998.    7.3    -2.  79    3.9   0 1 2 0 0 1 1 9.4 67.6 9.4 68.1 80.0 100 100 21 407 0 145 0 402 401 400 0 0 0 60 50 WAIT_ACK 600 
b.1 2025-06-01 10:42:00.516 a 2025-06-01-10:41:59 215 237 277 2.5 10.5 14.7 3.0 82.8 725.9 20.48 13890 0.0 8.8 22.6 23.4 3.633  -998.    7.3    -2.  79    3.9   0 1 2 0 0 1 1 9.4 67.7 9.4 68.0 80.0 100 100 21 407 0 145 0 401 401 399 0 0 0 60 50 WAIT_ACK 600 
b.1 2025-06-01 10:43:00.980 a 2025-06-01-10:43:00 220 247 266 1.1 11.7 16.5 3.2 83.9 725.9 20.49 13910 0.1 8.6 22.6 23.4 3.633  -998.    7.3    -2.  79    3.9 100 2 2 0 0 1 1 9.4 67.5 9.4 67.9 80.0 100 100 21 407 0 145 0 401 401 399 0 0 0 60 50 WAIT_ACK 600 
b.1 2025-06-01 10:44:01.660 a 2025-06-01-10:44:00 222 242 277 2.5 11.4 15.5 3.1 81.9 725.9 20.49 13940 0.2 8.5 22.6 23.4 3.634  -998.    7.3    -2.  79    3.9   0 1 2 0 0 1 1 9.3 67.4 9.4 67.8 80.0 100 100 21 407 0 145 0 402 401 400 0 0 0 60 50 WAIT_ACK 600 
b.1 2025-06-01 10:45:01.596 a 2025-06-01-10:45:00 214 243 267 5.4 13.0 17.2 3.1 82.1 725.9 20.49 13940 0.0 8.1 22.6 23.4 3.632  -998.    7.3    -2.  79    3.8 100 1 2 0 0 1 1 9.3 67.3 9.4 67.6 80.0 100 100 21 407 0 145 0 402 401 400 0 0 0 60 50 WAIT_ACK 600 
b.1 2025-06-01 10:46:02.200 a 2025-06-01-10:46:01 214 246 266 3.3 11.4 16.3 3.0 82.4 725.9 20.49 13970 0.2 8.3 22.6 23.4 3.633  -998.    7.3    -2.  79    3.8   0 1 2 0 0 1 1 9.3 67.3 9.4 67.4 80.0 100 100 21 407 0 145 0 401 402 399 0 0 0 60 50 WAIT_ACK 600 
b.1 2025-06-01 10:47:01.575 a 2025-06-01-10:47:00 224 245 331 2.9 10.0 15.9 3.0 82.7 725.9 20.52 14000 1.3 8.3 22.6 23.4 3.633  -998.    7.3    -2.  79    3.8 100 2 2 0 0 1 1 9.3 67.5 9.3 67.4 80.0 100 100 21 407 0 145 0 401 401 399 0 0 0 60 50 WAIT_ACK 600 
b.1 2025-06-01 10:48:01.555 a 2025-06-01-10:48:00 215 241 265 1.3 10.9 15.3 3.0 82.8 725.8 20.53 14040 1.1 8.3 22.6 23.4 3.633  -998.    7.2    -2.  79    3.8   0 1 2 0 0 1 1 9.3 67.3 9.3 67.4 80.0 100 100 21 407 0 145 0 401 401 400 0 0 0 60 50 WAIT_ACK 600 
b.1 2025-06-01 10:49:00.855 a 2025-06-01-10:49:00 215 243 266 4.8 11.1 16.4 3.0 82.8 725.9 20.53 14040 0.0 8.4 22.6 23.4 3.633  -998.    7.2    -2.  79    3.8   0 0 2 0 0 1 1 9.3 67.3 9.3 67.4 80.0 100 100 21 407 0 145 0 401 401 400 0 0 0 60 50 WAIT_ACK 600 
b.1 2025-06-01 10:50:01.157 a 2025-06-01-10:50:00 198 246 267 0.9 11.3 16.1 3.0 82.8 725.9 20.53 14040 0.0 8.5 22.6 23.4 3.632  -998.    7.2    -2.  79    3.7   0 1 2 0 0 1 1 9.2 67.3 9.3 67.4 80.0 100 100 21 407 0 145 0 401 402 399 0 0 0 60 50 WAIT_ACK 600 
b.1 2025-06-01 10:51:00.818 a 2025-06-01-10:51:00 224 240 257 6.8 11.5 14.7 2.9 82.6 725.9 20.53 14040 0.0 8.5 22.6 23.4 3.633  -998.    7.2    -2.  78    3.7   0 1 2 0 0 1 1 9.2 67.3 9.3 67.3 80.0 100 100 21 407 0 145 0 401 402 400 0 0 0 60 50 WAIT_ACK 600 
b.1 2025-06-01 10:52:01.776 a 2025-06-01-10:52:01 218 239 262 3.7 11.4 14.8 2.9 82.9 725.9 20.53 14050 0.0 8.3 22.6 23.4 3.634  -998.    7.2    -2.  78    3.7   0 1 2 0 0 1 1 9.2 67.3 9.3 67.2 80.0 100 100 21 407 0 145 0 401 401 399 0 0 0 60 50 WAIT_ACK 600 
b.1 2025-06-01 10:53:00.838 a 2025-06-01-10:53:00 216 238 263 4.2 11.9 14.7 2.9 82.5 726.1 20.53 14050 0.0 8.3 22.6 23.4 3.633  -998.    7.2    -2.  78    3.7   0 1 2 0 0 1 1 9.2 67.4 9.3 67.2 80.0 100 100 21 407 0 145 0 401 401 399 0 0 0 60 50 WAIT_ACK 600 
b.1 2025-06-01 10:54:00.499 a 2025-06-01-10:53:59 211 234 268 7.7 11.9 14.3 2.9 82.3 726.0 20.53 14050 0.0 8.3 22.6 23.4 3.634  -998.    7.2    -2.  78    3.7   0 1 2 0 0 1 1 9.1 67.3 9.3 67.3 80.0 100 100 21 407 0 145 0 401 401 400 0 0 0 60 50 WAIT_ACK 600 
b.1 2025-06-01 10:55:00.301 a 2025-06-01-10:54:59 208 234 257 5.7 12.1 14.6 2.9 82.3 726.0 20.53 14050 0.0 8.4 22.6 23.4 3.633  -998.    7.2    -2.  78    3.7   0 0 2 0 0 1 1 9.1 67.5 9.2 67.3 80.0 100 100 21 407 0 145 0 401 401 400 0 0 0 60 50 WAIT_ACK 600 
b.1 2025-06-01 10:55:59.959 a 2025-06-01-10:55:59 205 230 252 6.2 12.3 16.1 2.9 82.4 726.0 20.53 14050 0.0 8.5 22.6 23.4 3.634  -998.    7.2    -2.  78    3.7   0 0 2 0 0 1 1 9.1 67.5 9.2 67.3 80.0 100 100 21 407 0 145 0 401 401 399 0 0 0 60 50 WAIT_ACK 600 
b.1 2025-06-01 10:57:00.595 a 2025-06-01-10:56:59 210 230 247 9.8 13.4 16.1 2.9 82.2 726.1 20.53 14050 0.0 8.4 22.6 23.4 3.633  -998.    7.2    -2.  78    3.7 100 1 2 0 0 1 1 9.1 67.6 9.2 67.4 80.0 100 100 21 407 0 145 0 401 401 400 0 0 0 60 50 WAIT_ACK 600 
b.1 2025-06-01 10:58:00.816 a 2025-06-01-10:58:00 202 223 242 9.5 13.1 16.6 2.9 82.8 726.1 20.54 14060 0.1 8.3 22.6 23.4 3.633  -998.    7.2    -2.  78    3.7 100 1 2 0 0 1 1 9.1 67.6 9.2 67.5 80.0 100 100 21 407 0 145 0 401 401 399 0 0 0 60 50 WAIT_ACK 600 
b.1 2025-06-01 10:59:00.901 a 2025-06-01-10:59:00 209 228 252 5.8 12.4 16.4 2.9 83.0 726.1 20.57 14110 1.8 8.1 22.6 23.4 3.634  -998.    7.2    -2.  78    3.7   0 1 2 0 0 1 1 9.1 67.7 9.2 67.5 80.0 100 100 21 407 0 145 0 400 402 399 0 0 0 60 50 WAIT_ACK 600 
b.1 2025-06-01 11:00:01.118 a 2025-06-01-11:00:00 190 225 243 7.6 11.8 16.0 2.9 83.4 726.2 20.65 14160 4.3 7.9 22.6 23.4 3.633  -998.    7.2    -2.  78    3.7   0 2 2 0 0 1 1 9.1 67.8 9.2 67.5 80.0 100 100 21 407 0 145 0 402 401 399 0 0 0 60 50 WAIT_ACK 600 
b.1 2025-06-01 11:01:02.424 a 2025-06-01-11:01:01 199 225 247 5.5 13.4 16.6 3.0 83.2 726.2 20.70 14220 3.6 7.4 22.6 23.4 3.633  -998.    7.2    -2.  78    3.7   0 2 2 0 0 1 1 9.1 67.9 9.2 67.5 80.0 100 100 21 407 0 145 0 401 401 399 0 0 0 60 50 WAIT_ACK 600 
b.1 2025-06-01 11:02:00.674 a 2025-06-01-11:01:59 196 221 247 9.0 12.4 18.3 3.0 84.1 726.1 20.72 14260 1.1 7.4 22.6 23.4 3.633  -998.    7.2    -2.  78    3.7 100 1 2 0 0 1 1 9.1 68.0 9.2 67.7 80.0 100 100 21 407 0 145 0 401 401 400 0 0 0 60 50 WAIT_ACK 600 
b.1 2025-06-01 11:03:01.160 a 2025-06-01-11:03:00 198 219 246 7.4 11.8 16.2 3.0 83.7 725.9 20.72 14270 0.1 7.4 22.6 23.4 3.634  -998.    7.2    -2.  78    3.7   0 1 2 0 0 1 1 9.0 68.1 9.2 68.0 80.0 100 100 21 407 0 145 0 401 401 400 0 0 0 60 50 WAIT_ACK 600 
b.1 2025-06-01 11:04:01.341 a 2025-06-01-11:04:00 203 222 246 7.9 11.7 15.7 3.1 83.6 726.1 20.76 14320 1.7 7.5 22.6 23.4 3.633  -998.    7.2    -2.  78    3.7   0 2 2 0 0 1 1 9.1 68.2 9.2 67.9 80.0 100 100 21 407 0 145 0 401 401 400 0 0 0 60 50 WAIT_ACK 600 
b.1 2025-06-01 11:05:02.157 a 2025-06-01-11:05:01 191 222 245 6.8 12.8 18.7 3.1 83.7 726.1 20.95 14380 10.7 7.3 22.6 23.4 3.633  -998.    7.2    -2.  78    3.7 100 2 2 0 0 1 1 9.0 68.3 9.2 67.9 80.0 100 100 21 407 0 145 0 401 401 400 0 0 0 60 50 WAIT_ACK 600 
b.1 2025-06-01 11:06:01.157 a 2025-06-01-11:06:00 192 222 249 9.9 15.1 22.3 3.1 83.7 726.2 21.26 14440 19.2 6.9 22.6 23.4 3.633  -998.    7.2    -2.  78    3.7 100 2 2 0 0 1 1 9.0 68.8 9.2 68.0 80.0 100 100 21 407 0 145 0 400 401 399 0 0 0 60 50 WAIT_ACK 600 
b.1 2025-06-01 11:06:59.897 a 2025-06-01-11:06:59 200 226 250 8.3 14.8 19.5 3.2 83.7 726.1 21.29 14500 2.5 6.9 22.6 23.4 3.633  -998.    7.3    -2.  78    3.8 100 2 2 0 0 1 1 9.0 68.6 9.1 68.1 80.0 100 100 21 407 0 145 0 402 401 400 0 0 0 60 50 WAIT_ACK 600 
b.1 2025-06-01 11:08:01.038 a 2025-06-01-11:08:00 185 217 242 7.5 12.4 16.6 3.3 84.2 726.1 21.44 14560 8.7 7.1 22.6 23.4 3.633  -998.    7.3    -2.  78    3.8 100 2 2 0 0 1 1 9.0 68.7 9.2 68.2 80.0 100 100 21 407 0 145 0 401 401 399 0 0 0 60 50 WAIT_ACK 600 
b.1 2025-06-01 11:09:00.316 a 2025-06-01-11:08:59 192 218 240 7.5 14.1 18.9 3.3 84.2 725.8 21.59 14610 9.3 7.0 22.6 23.4 3.633  -998.    7.3    -2.  79    3.8   0 2 2 0 0 1 1 9.0 68.8 9.1 68.2 80.0 100 100 21 407 0 145 0 401 402 400 0 0 0 60 50 WAIT_ACK 600 
b.1 2025-06-01 11:10:01.220 a 2025-06-01-11:10:00 183 223 246 9.2 14.5 19.1 3.3 83.2 725.9 21.61 14670 2.4 7.2 22.6 23.4 3.633  -998.    7.3    -2.  79    3.8   0 2 2 0 0 1 1 9.0 68.7 9.1 68.3 80.0 100 100 21 407 0 145 0 401 401 399 0 0 0 60 50 WAIT_ACK 600 
b.1 2025-06-01 11:11:01.397 a 2025-06-01-11:11:00 198 222 246 9.0 13.7 19.4 3.3 83.8 725.7 21.72 14730 5.7 7.5 22.6 23.4 3.633  -998.    7.3    -2.  79    3.8 100 1 2 0 0 1 1 9.0 68.9 9.1 68.4 80.0 100 100 21 407 0 145 0 401 402 400 0 0 0 60 50 WAIT_ACK 600 
b.1 2025-06-01 11:12:00.641 a 2025-06-01-11:11:59 201 227 251 7.0 15.4 21.2 3.3 83.4 725.7 21.84 14790 7.4 7.2 22.6 23.4 3.634  -998.    7.3    -2.  79    3.9   0 2 2 0 0 1 1 9.0 68.6 9.1 68.3 80.0 100 100 21 407 0 145 0 400 401 399 0 0 0 60 50 WAIT_ACK 600 
b.1 2025-06-01 11:13:01.897 a 2025-06-01-11:13:01 204 229 256 2.8 13.7 20.5 3.3 84.0 725.5 22.05 14850 12.2 7.2 22.6 23.4 3.633  -998.    7.3    -2.  79    3.9   0 2 2 0 0 1 1 9.0 69.0 9.1 68.4 80.0 100 100 21 407 0 145 0 402 401 400 0 0 0 60 50 WAIT_ACK 600 
b.1 2025-06-01 11:14:01.378 a 2025-06-01-11:14:00 198 225 251 7.0 15.3 21.7 3.3 84.0 725.6 22.25 14910 12.7 6.9 22.6 23.4 3.633  -998.    7.3    -2.  79    3.9   0 1 2 0 0 1 1 9.0 68.9 9.2 68.4 80.0 100 100 21 407 0 145 0 401 401 399 0 0 0 60 50 WAIT_ACK 600 
b.1 2025-06-01 11:15:00.996 a 2025-06-01-11:15:00 199 225 243 8.4 15.6 21.9 3.3 83.8 725.5 22.28 14950 1.9 7.0 22.6 23.4 3.633  -998.    7.4    -2.  79    3.9 100 2 2 0 0 1 1 9.0 69.0 9.1 68.5 80.0 100 100 21 407 0 145 0 401 401 399 0 0 0 60 50 WAIT_ACK 600 
b.1 2025-06-01 11:16:00.696 a 2025-06-01-11:15:59 205 226 258 0.9 13.8 19.1 3.3 83.8 725.5 22.35 15000 3.9 7.1 22.6 23.4 3.633  -998.    7.4    -2.  79    3.9   0 2 2 0 0 1 1 9.0 69.0 9.2 68.4 80.0 100 100 21 407 0 145 0 401 400 400 0 0 0 60 50 WAIT_ACK 600 
b.1 2025-06-01 11:17:00.677 a 2025-06-01-11:16:59 191 223 254 3.9 14.9 20.0 3.3 83.8 725.6 22.48 15060 7.9 7.1 22.6 23.4 3.634  -998.    7.4    -2.  79    3.9   0 2 2 0 0 1 1 9.0 69.1 9.1 68.5 80.0 100 100 21 407 0 145 0 402 401 400 0 0 0 60 50 WAIT_ACK 600 
b.1 2025-06-01 11:18:01.361 a 2025-06-01-11:18:00 195 222 244 9.8 15.1 21.1 3.4 83.9 725.5 22.54 15110 3.5 7.2 22.6 23.4 3.633  -998.    7.4    -2.  79    3.9 100 1 2 0 0 1 1 9.1 69.3 9.1 68.7 80.0 100 100 21 407 0 145 0 401 402 400 0 0 0 60 50 WAIT_ACK 600 
b.1 2025-06-01 11:19:01.377 a 2025-06-01-11:19:00 192 220 242 10.6 15.4 20.0 3.4 83.7 725.6 22.60 15150 3.7 7.2 22.6 23.4 3.633  -998.    7.4    -2.  79    3.9   0 1 2 0 0 1 1 9.0 69.3 9.1 68.9 80.0 100 100 21 407 0 145 0 401 401 400 0 0 0 60 50 WAIT_ACK 600 
b.1 2025-06-01 11:20:02.839 a 2025-06-01-11:20:02 188 222 255 8.4 13.2 18.9 3.4 83.2 725.7 22.61 15180 0.7 7.5 22.6 23.4 3.633  -998.    7.4    -2.  79    3.9   0 2 2 0 0 1 1 9.0 69.2 9.1 68.9 80.0 100 100 21 407 0 145 0 401 401 399 0 0 0 60 50 WAIT_ACK 600 
b.1 2025-06-01 11:21:01.517 a 2025-06-01-11:21:00 210 224 235 9.1 14.9 18.9 3.4 83.6 725.7 22.64 15210 1.8 7.5 22.6 23.4 3.633  -998.    7.4    -2.  79    3.9   0 1 2 0 0 1 1 9.0 68.9 9.1 68.8 80.0 100 100 21 407 0 145 0 400 401 399 0 0 0 60 50 WAIT_ACK 600 
b.1 2025-06-01 11:22:01.318 a 2025-06-01-11:22:00 207 226 248 9.1 13.5 16.9 3.3 83.6 725.7 22.64 15210 0.0 7.6 22.6 23.4 3.633  -998.    7.4    -2.  79    4.0   0 2 2 0 0 1 1 9.0 69.2 9.1 69.0 80.0 100 100 21 407 0 145 0 401 401 399 0 0 0 60 50 WAIT_ACK 600 
b.1 2025-06-01 11:23:01.119 a 2025-06-01-11:23:00 207 228 252 7.4 12.8 17.7 3.4 83.4 725.7 22.64 15210 0.0 7.9 22.6 23.4 3.633  -998.    7.4    -2.  79    4.0   0 1 2 0 0 1 1 9.0 69.3 9.1 69.1 80.0 100 100 21 407 0 145 0 401 401 400 0 0 0 60 50 WAIT_ACK 600 
b.1 2025-06-01 11:24:01.141 a 2025-06-01-11:24:00 181 230 248 1.7 13.6 17.4 3.4 83.3 725.7 22.64 15210 0.0 8.1 22.6 23.4 3.633  -998.    7.5    -2.  79    4.1 100 1 2 0 0 1 1 9.0 69.4 9.1 69.1 80.0 100 100 21 407 0 145 0 400 401 399 0 0 0 60 50 WAIT_ACK 600 
b.1 2025-06-01 11:25:02.036 a 2025-06-01-11:25:01 210 235 266 4.0 13.1 18.4 3.4 83.2 725.7 22.64 15220 0.3 8.4 22.6 23.4 3.633  -998.    7.5    -2.  79    4.1   0 2 2 0 0 1 1 9.0 69.4 9.0 69.2 80.0 100 100 21 407 0 145 0 401 401 400 0 0 0 60 50 WAIT_ACK 600 
b.1 2025-06-01 11:26:01.516 a 2025-06-01-11:26:00 186 235 266 2.1 13.1 18.3 3.4 83.6 725.7 22.66 15260 1.4 8.5 22.6 23.4 3.633  -998.    7.5    -2.  79    4.1 100 2 2 0 0 1 1 9.0 69.4 9.0 69.2 80.0 100 100 21 407 0 145 0 401 401 400 0 0 0 60 50 WAIT_ACK 600 
b.1 2025-06-01 11:27:02.016 a 2025-06-01-11:27:01 197 225 249 4.9 13.1 17.7 3.4 83.4 725.7 22.66 15280 0.1 8.5 22.6 23.4 3.634  -998.    7.5    -2.  79    4.1   0 1 2 0 0 1 1 9.0 69.6 9.0 69.4 80.0 100 100 21 407 0 145 0 400 402 399 0 0 0 60 50 WAIT_ACK 600 
b.1 2025-06-01 11:28:02.000 a 2025-06-01-11:28:01 210 230 266 5.7 13.7 17.4 3.4 83.4 725.7 22.67 15290 0.1 8.6 22.6 23.4 3.634  -998.    7.5    -2.  79    4.1 100 0 2 0 0 1 1 9.0 69.5 9.0 69.4 80.0 100 100 21 407 0 145 0 401 401 400 0 0 0 60 50 WAIT_ACK 600 
b.1 2025-06-01 11:29:01.759 a 2025-06-01-11:29:01 212 232 265 5.6 13.3 18.2 3.4 84.1 725.8 22.72 15340 3.3 8.4 22.6 23.4 3.634  -998.    7.5    -2.  79    4.1   0 1 2 0 0 1 1 9.0 69.6 9.0 69.5 80.0 100 100 21 407 0 145 0 401 401 400 0 0 0 60 50 WAIT_ACK 600 
b.1 2025-06-01 11:30:01.924 a 2025-06-01-11:30:01 204 230 255 9.7 13.6 16.3 3.4 83.4 725.8 22.74 15400 0.9 8.3 22.6 23.4 3.633  -998.    7.5    -2.  79    4.1   0 2 2 0 0 1 1 8.9 69.5 9.0 69.5 80.0 100 100 21 407 0 145 0 401 401 399 0 0 0 60 50 WAIT_ACK 600 
b.1 2025-06-01 11:31:00.497 a 2025-06-01-11:30:59 206 227 263 6.6 13.0 16.7 3.4 83.3 725.6 22.74 15400 0.2 8.2 22.6 23.4 3.633  -998.    7.5    -2.  79    4.1 100 1 2 0 0 1 1 8.9 69.7 8.9 69.8 80.0 100 100 21 407 0 145 0 401 401 400 0 0 0 60 50 WAIT_ACK 600 
b.1 2025-06-01 11:32:01.641 a 2025-06-01-11:32:00 206 232 255 9.8 14.9 19.7 3.3 83.3 725.8 22.74 15410 0.0 8.2 22.6 23.4 3.633  -998.    7.5    -2.  79    4.1   0 2 2 0 0 1 1 8.9 69.5 8.9 69.6 80.0 100 100 21 407 0 145 0 401 401 400 0 0 0 60 50 WAIT_ACK 600 
b.1 2025-06-01 11:33:01.020 a 2025-06-01-11:33:00 206 230 255 3.3 12.8 17.5 3.3 83.3 725.8 22.75 15450 0.8 8.3 22.6 23.4 3.633  -998.    7.5    -2.  79    4.1 100 1 2 0 0 1 1 9.0 69.6 8.9 69.7 80.0 100 100 21 407 0 145 0 401 402 399 0 0 0 60 50 WAIT_ACK 600 
b.1 2025-06-01 11:34:02.338 a 2025-06-01-11:34:01 206 228 257 3.8 11.7 17.1 3.3 84.1 725.8 22.75 15450 0.0 8.5 22.6 23.4 3.634  -998.    7.5    -2.  79    4.1   0 1 2 0 0 1 1 8.9 69.5 9.0 69.5 80.0 100 100 20 407 0 145 0 402 401 400 0 0 0 60 50 WAIT_ACK 600 
b.1 2025-06-01 11:35:01.904 a 2025-06-01-11:35:01 202 220 235 8.9 13.0 17.0 3.3 83.7 725.8 22.75 15450 0.0 8.4 22.6 23.4 3.633  -998.    7.5    -2.  79    4.1 100 1 2 0 0 1 1 9.0 69.5 8.9 69.6 80.0 100 100 20 407 0 145 0 401 402 400 0 0 0 60 50 WAIT_ACK 600 
b.1 2025-06-01 11:36:01.421 a 2025-06-01-11:36:00 203 224 253 6.5 13.4 17.4 3.3 83.6 725.8 22.77 15470 0.2 8.1 22.6 23.4 3.633  -998.    7.5    -2.  79    4.0   0 2 2 0 0 1 1 8.9 69.6 9.0 69.4 80.0 100 100 20 407 0 145 0 401 401 400 0 0 0 60 50 WAIT_ACK 600 
b.1 2025-06-01 11:36:59.358 a 2025-06-01-11:36:58 205 228 249 7.3 13.5 18.2 3.3 83.4 725.8 22.85 15530 5.2 7.5 22.6 23.4 3.633  -998.    7.5    -2.  79    4.0 100 2 2 0 0 1 1 9.0 69.6 8.9 69.5 80.0 100 100 20 407 0 145 0 401 401 399 0 0 0 60 50 WAIT_ACK 600 
b.1 2025-06-01 11:38:01.796 a 2025-06-01-11:38:00 204 228 247 9.5 14.6 18.8 3.2 83.7 725.7 23.12 15590 15.7 7.1 22.6 23.4 3.634  -998.    7.5    -2.  79    4.0 100 2 2 0 0 1 1 8.9 69.5 8.9 69.5 80.0 100 100 20 407 0 145 0 401 402 399 0 0 0 60 50 WAIT_ACK 600 
b.1 2025-06-01 11:39:01.421 a 2025-06-01-11:39:00 176 221 240 5.4 13.5 17.7 3.2 83.7 725.7 23.15 15630 2.5 7.0 22.6 23.4 3.634  -998.    7.5    -2.  79    4.0 100 1 2 0 0 1 1 8.9 69.5 8.9 69.5 80.0 100 100 20 407 0 145 0 401 401 400 0 0 0 60 50 WAIT_ACK 600 
b.1 2025-06-01 11:40:01.407 a 2025-06-01-11:40:00 176 221 252 5.4 13.5 19.2 3.2 83.8 725.6 23.16 15650 0.4 7.2 22.6 23.4 3.634  -998.    7.5    -2.  79    4.0 100 1 2 0 0 1 1 8.9 69.6 8.9 69.6 80.0 100 100 20 407 0 145 0 401 401 400 0 0 0 60 50 WAIT_ACK 600 
b.1 2025-06-01 11:41:02.000 a 2025-06-01-11:41:01 213 229 252 7.4 15.6 20.3 3.1 83.6 725.6 23.17 15670 0.6 7.3 22.6 23.4 3.634  -998.    7.4    -2.  78    3.9 100 1 2 0 0 1 1 8.9 69.7 8.9 69.4 80.0 100 100 20 407 0 145 0 401 401 400 0 0 0 60 50 WAIT_ACK 600 
b.1 2025-06-01 11:42:01.282 a 2025-06-01-11:42:00 202 228 257 10.2 15.6 20.6 3.0 85.0 725.6 23.17 15670 0.0 7.3 22.6 23.4 3.633  -998.    7.4    -2.  78    3.9   0 1 2 0 0 1 1 8.9 69.5 8.9 69.5 80.0 100 100 20 407 0 145 0 401 401 400 0 0 0 60 50 WAIT_ACK 600 
b.1 2025-06-01 11:43:01.480 a 2025-06-01-11:43:00 194 225 240 10.5 15.5 19.4 3.1 84.1 725.8 23.17 15670 0.0 7.5 22.6 23.4 3.633  -998.    7.4    -2.  78    3.9   0 1 2 0 0 1 1 8.9 69.5 8.9 69.4 80.0 100 100 20 407 0 145 0 401 402 399 0 0 0 60 50 WAIT_ACK 600 
b.1 2025-06-01 11:44:01.644 a 2025-06-01-11:44:00 199 229 253 6.6 13.4 18.1 3.1 84.1 725.8 23.17 15670 0.0 8.0 22.6 23.4 3.633  -998.    7.3    -2.  78    3.8   0 1 2 0 0 1 1 8.9 69.4 8.9 69.3 80.0 100 100 20 407 0 145 0 400 401 399 0 0 0 60 50 WAIT_ACK 600 
b.1 2025-06-01 11:45:01.382 a 2025-06-01-11:45:00 202 223 242 8.6 15.4 19.9 3.0 83.6 725.8 23.17 15670 0.0 7.9 22.6 23.4 3.633  -998.    7.3    -2.  78    3.8   0 1 2 0 0 1 1 8.9 69.1 8.9 69.3 80.0 100 100 20 407 0 145 0 401 401 400 0 0 0 60 50 WAIT_ACK 600 
b.1 2025-06-01 11:46:01.984 a 2025-06-01-11:46:01 190 223 241 7.4 13.4 17.7 3.0 83.6 725.8 23.17 15670 0.0 8.0 22.6 23.4 3.633  -998.    7.3    -2.  78    3.8   0 1 2 0 0 1 1 8.9 69.3 8.9 69.3 80.0 100 100 20 407 0 145 0 401 402 399 0 0 0 60 50 WAIT_ACK 600 
b.1 2025-06-01 11:47:00.318 a 2025-06-01-11:46:59 203 222 241 8.1 14.3 18.3 3.0 83.3 725.5 23.17 15670 0.0 8.0 22.6 23.4 3.634  -998.    7.3    -2.  78    3.8 100 2 2 0 0 1 1 8.9 69.3 8.9 69.4 80.0 100 100 20 407 0 145 0 400 401 400 0 0 0 60 50 WAIT_ACK 600 
b.1 2025-06-01 11:48:00.861 a 2025-06-01-11:48:00 194 224 241 7.5 15.6 20.2 3.0 83.8 725.8 23.17 15670 0.0 7.7 22.6 23.4 3.633  -998.    7.3    -2.  78    3.7   0 1 2 0 0 1 1 8.9 69.1 8.9 69.3 80.0 100 100 20 407 0 145 0 402 401 400 0 0 0 60 50 WAIT_ACK 600 
b.1 2025-06-01 11:49:00.380 a 2025-06-01-11:48:59 195 222 248 8.4 14.4 22.5 3.0 84.0 725.8 23.17 15680 0.0 7.8 22.6 23.4 3.633  -998.    7.2    -2.  78    3.7   0 2 2 0 0 1 1 8.9 69.4 8.9 69.3 80.0 100 100 20 407 0 145 0 401 401 399 0 0 0 60 50 WAIT_ACK 600 
b.1 2025-06-01 11:50:01.423 a 2025-06-01-11:50:00 191 224 244 7.6 14.7 19.0 3.0 84.3 725.9 23.19 15710 0.3 7.7 22.6 23.4 3.633  -998.    7.2    -2.  78    3.7 100 2 2 0 0 1 1 8.9 68.9 8.9 69.2 80.0 100 100 20 407 0 145 0 401 401 400 0 0 0 60 50 WAIT_ACK 600 
b.1 2025-06-01 11:51:02.141 a 2025-06-01-11:51:01 200 222 244 10.3 16.0 21.4 3.0 84.3 725.9 23.26 15770 5.0 7.4 22.6 23.4 3.633  -998.    7.2    -2.  78    3.6   0 1 2 0 0 1 1 8.9 69.1 8.8 69.2 80.0 100 100 20 407 0 145 0 401 402 400 0 0 0 60 50 WAIT_ACK 600 
b.1 2025-06-01 11:52:01.161 a 2025-06-01-11:52:00 197 223 250 2.7 14.8 20.6 3.0 84.7 725.8 23.32 15820 3.8 7.2 22.6 23.4 3.633  -998.    7.2    -2.  78    3.6   0 1 2 0 0 1 1 8.9 69.3 8.9 69.2 80.0 100 100 20 407 0 145 0 400 401 399 0 0 0 60 50 WAIT_ACK 600 
b.1 2025-06-01 11:53:01.838 a 2025-06-01-11:53:00 209 233 333 2.8 14.5 18.3 3.0 83.9 726.0 23.44 15880 6.9 7.0 22.6 23.4 3.633  -998.    7.2    -2.  78    3.6   0 2 2 0 0 1 1 8.9 69.1 8.9 69.1 80.0 100 100 20 407 0 145 0 401 401 400 0 0 0 60 50 WAIT_ACK 600 
b.1 2025-06-01 11:54:01.302 a 2025-06-01-11:54:00 197 224 262 5.8 13.5 18.7 3.0 84.0 726.1 23.52 15940 4.9 7.0 22.6 23.4 3.634  -998.    7.1    -2.  78    3.6   0 2 2 0 0 1 1 8.8 69.2 8.8 69.1 80.0 100 100 20 407 0 145 0 402 401 399 0 0 0 60 50 WAIT_ACK 600 
b.1 2025-06-01 11:55:01.520 a 2025-06-01-11:55:00 191 225 254 7.2 12.5 18.2 3.0 85.4 726.0 23.57 16000 2.8 7.0 22.6 23.4 3.633  -998.    7.1    -2.  78    3.6   0 1 2 0 0 1 1 8.8 68.8 8.9 69.0 80.0 100 100 20 407 0 145 0 402 401 399 0 0 0 60 50 WAIT_ACK 600 
b.1 2025-06-01 11:56:02.121 a 2025-06-01-11:56:01 198 229 263 3.7 13.5 19.8 3.0 84.1 726.1 23.64 16050 3.4 7.0 22.6 23.4 3.633  -998.    7.1    -2.  78    3.6 100 2 2 0 0 1 1 8.8 69.0 8.8 69.1 80.0 100 100 20 407 0 145 0 401 401 399 0 0 0 60 50 WAIT_ACK 600 
b.1 2025-06-01 11:57:01.220 a 2025-06-01-11:57:00 205 229 263 3.9 14.2 18.4 2.9 83.8 726.2 23.71 16110 4.6 6.9 22.6 23.4 3.634  -998.    7.1    -2.  78    3.6   0 1 2 0 0 1 1 8.8 69.0 8.8 69.0 80.0 100 100 20 407 0 145 0 401 401 399 0 0 0 60 50 WAIT_ACK 600 
b.1 2025-06-01 11:58:01.301 a 2025-06-01-11:58:00 198 220 240 9.5 14.8 20.5 2.9 83.9 726.1 23.76 16170 3.3 6.7 22.6 23.4 3.633  -998.    7.1    -2.  78    3.6 100 2 2 0 0 1 1 8.8 69.0 8.8 69.0 80.0 100 100 20 407 0 145 0 401 401 400 0 0 0 60 50 WAIT_ACK 600 
b.1 2025-06-01 11:59:00.082 a 2025-06-01-11:58:59 201 232 256 7.1 13.9 19.5 2.9 83.8 726.2 23.81 16230 1.9 6.8 22.6 23.4 3.634  -998.    7.1    -2.  78    3.6   0 2 2 0 0 1 1 8.8 69.0 8.8 69.0 80.0 100 100 20 407 0 145 0 401 401 399 0 0 0 60 50 WAIT_ACK 600 
b.1 2025-06-01 12:00:01.282 a 2025-06-01-12:00:00 209 229 260 5.0 14.8 19.5 2.9 84.2 726.4 23.84 16290 2.6 6.8 22.6 23.4 3.633  -998.    7.1    -2.  78    3.6   0 2 2 0 0 1 1 8.8 68.7 8.8 68.8 80.0 100 100 20 407 0 145 0 400 401 399 0 0 0 60 50 WAIT_ACK 600 
b.1 2025-06-01 12:01:00.944 a 2025-06-01-12:01:00 196 222 247 9.0 14.3 22.0 2.9 83.6 726.3 23.93 16340 5.7 6.6 22.6 23.4 3.633  -998.    7.1    -2.  78    3.5 100 2 2 0 0 1 1 8.8 69.0 8.8 69.0 80.0 100 100 20 407 0 145 0 400 401 399 0 0 0 60 50 WAIT_ACK 600 
b.1 2025-06-01 12:02:01.279 a 2025-06-01-12:02:00 148 234 261 1.2 11.3 18.2 2.8 84.1 726.4 24.09 16400 6.9 7.0 22.6 23.4 3.633  -998.    7.0    -2.  78    3.5 100 2 2 0 0 1 1 8.8 68.6 8.8 68.8 80.0 100 100 20 407 0 145 0 401 401 400 0 0 0 60 50 WAIT_ACK 600 
b.1 2025-06-01 12:03:01.263 a 2025-06-01-12:03:00 156 232 274 1.9 11.1 18.5 2.8 84.1 726.3 24.22 16460 9.6 7.0 22.6 23.4 3.633  -998.    7.0    -2.  78    3.5   0 2 2 0 0 1 1 8.8 68.4 8.7 68.7 80.0 100 100 20 407 0 145 0 401 401 399 0 0 0 60 50 WAIT_ACK 600 
b.1 2025-06-01 12:04:00.684 a 2025-06-01-12:03:59 209 229 251 1.9 14.9 18.7 2.8 83.9 726.4 24.37 16520 9.1 6.5 22.6 23.4 3.632  -998.    7.0    -2.  78    3.5 100 2 2 0 0 1 1 8.8 68.6 8.7 68.6 80.0 100 100 20 407 0 145 0 401 402 399 0 0 0 60 50 WAIT_ACK 600 
b.1 2025-06-01 12:05:02.444 a 2025-06-01-12:05:01 199 225 241 8.9 15.1 20.4 2.8 83.4 726.4 24.39 16540 2.1 6.4 22.6 23.3 3.654  -998.    7.0    -2.  78    3.5   0 2 2 0 0 1 1 8.8 68.9 8.7 68.7 80.0 100 100 20 407 0 145 0 401 401 400 0 0 0 60 50 WAIT_ACK 600 
b.1 2025-06-01 12:06:00.901 a 2025-06-01-12:06:00 202 227 261 7.7 13.6 19.3 2.8 84.6 726.4 24.49 16590 6.0 6.6 22.6 23.4 3.634  -998.    7.0    -2.  78    3.5   0 2 2 0 0 1 1 8.7 68.8 8.7 68.7 80.0 100 100 20 407 0 145 0 401 401 399 0 0 0 60 50 WAIT_ACK 600 
b.1 2025-06-01 12:07:00.460 a 2025-06-01-12:06:59 212 234 257 6.2 12.8 18.7 2.7 84.1 726.3 24.52 16640 2.8 6.7 22.6 23.4 3.633  -998.    7.0    -2.  78    3.5 100 1 2 0 0 1 1 8.7 68.6 8.7 68.7 80.0 100 100 20 407 0 145 0 401 401 399 0 0 0 60 50 WAIT_ACK 600 
b.1 2025-06-01 12:08:01.141 a 2025-06-01-12:08:00 184 229 250 1.3 12.9 16.6 2.7 84.1 726.3 24.55 16690 1.8 6.8 22.6 23.4 3.633  -998.    7.0    -2.  78    3.5 100 2 2 0 0 1 1 8.7 68.4 8.7 68.6 80.0 100 100 20 407 0 145 0 402 401 400 0 0 0 60 50 WAIT_ACK 600 
b.1 2025-06-01 12:09:01.319 a 2025-06-01-12:09:00 204 231 256 4.8 13.0 19.3 2.6 84.2 726.3 24.55 16730 0.4 6.9 22.6 23.4 3.633  -998.    7.0    -2.  78    3.5   0 2 2 0 0 1 1 8.7 68.3 8.7 68.6 80.0 100 100 20 407 0 145 0 402 401 400 0 0 0 60 50 WAIT_ACK 600 
b.1 2025-06-01 12:10:00.463 a 2025-06-01-12:09:59 200 225 249 5.6 10.8 16.3 2.7 84.8 726.3 24.55 16730 0.0 7.4 22.6 23.4 3.633  -998.    7.0    -2.  78    3.5   0 1 2 0 0 1 1 8.7 68.4 8.7 68.7 80.0 100 100 20 407 0 145 0 401 401 400 0 0 0 60 50 WAIT_ACK 600 
b.1 2025-06-01 12:11:01.322 a 2025-06-01-12:11:00 202 223 241 8.0 14.2 18.2 2.7 84.0 726.3 24.55 16740 0.0 7.0 22.6 23.4 3.633  -998.    7.0    -2.  78    3.5 100 1 2 0 0 1 1 8.7 68.4 8.7 68.6 80.0 100 100 20 407 0 145 0 401 401 400 0 0 0 60 50 WAIT_ACK 600 
b.1 2025-06-01 12:12:01.303 a 2025-06-01-12:12:00 199 225 247 7.1 13.2 16.9 2.7 84.0 726.4 24.58 16780 1.5 7.0 22.6 23.4 3.633  -998.    6.9    -2.  78    3.4   0 2 2 0 0 1 1 8.7 68.6 8.7 68.9 80.0 100 100 20 407 0 145 0 401 401 399 0 0 0 60 50 WAIT_ACK 600 
b.1 2025-06-01 12:13:01.421 a 2025-06-01-12:13:00 188 224 255 5.7 11.9 16.9 2.7 84.1 726.5 24.60 16820 1.4 7.1 22.6 23.4 3.632  -998.    6.9    -2.  78    3.4 100 2 2 0 0 1 1 8.7 68.6 8.7 68.6 80.0 100 100 20 407 0 145 0 400 401 399 0 0 0 60 50 WAIT_ACK 600 
b.1 2025-06-01 12:14:01.141 a 2025-06-01-12:14:00 188 218 237 6.9 11.4 14.5 2.7 84.7 726.4 24.61 16840 0.4 6.9 22.6 23.4 3.633  -998.    6.9    -2.  78    3.4   0 2 2 0 0 1 1 8.7 68.6 8.7 68.8 80.0 100 100 20 407 0 145 0 401 401 400 0 0 0 60 50 WAIT_ACK 600 
b.1 2025-06-01 12:15:01.644 a 2025-06-01-12:15:00 186 222 246 7.6 11.1 15.3 2.7 84.6 726.3 24.63 16880 0.9 7.3 22.6 23.4 3.633  -998.    6.9    -2.  78    3.4   0 1 2 0 0 1 1 8.7 68.7 8.7 68.8 80.0 100 100 20 407 0 145 0 401 401 399 0 0 0 60 50 WAIT_ACK 600 
b.1 2025-06-01 12:16:00.282 a 2025-06-01-12:15:59 201 227 264 3.9 10.7 15.7 2.7 84.8 726.2 24.63 16890 0.0 7.8 22.6 23.4 3.633  -998.    6.9    -2.  78    3.4   0 1 2 0 0 1 1 8.6 68.8 8.7 68.6 80.0 100 100 20 407 0 145 0 400 401 399 0 0 0 60 50 WAIT_ACK 600 
b.1 2025-06-01 12:17:00.223 a 2025-06-01-12:16:59 198 227 252 8.3 13.1 17.8 2.7 83.7 726.0 24.63 16890 0.0 7.8 22.6 23.4 3.633  -998.    6.9    -2.  78    3.4   0 0 2 0 0 1 1 8.6 69.0 8.7 68.6 80.0 100 100 20 407 0 145 0 401 401 400 0 0 0 60 50 WAIT_ACK 600 
b.1 2025-06-01 12:18:01.743 a 2025-06-01-12:18:00 205 226 255 7.5 13.9 18.6 2.7 83.7 726.0 24.63 16900 0.4 7.7 22.6 23.4 3.634  -998.    6.9    -2.  79    3.4   0 1 2 0 0 1 1 8.6 69.0 8.7 68.6 80.0 100 100 20 407 0 145 0 402 401 400 0 0 0 60 50 WAIT_ACK 600 
b.1 2025-06-01 12:19:01.266 a 2025-06-01-12:19:00 213 231 249 8.3 15.4 19.5 2.6 84.1 726.0 24.63 16900 0.0 7.5 22.6 23.4 3.633  -998.    6.9    -2.  78    3.4   0 0 2 0 0 1 1 8.6 68.9 8.7 68.5 80.0 100 100 20 407 0 145 0 401 401 400 0 0 0 60 50 WAIT_ACK 600 
b.1 2025-06-01 12:20:01.144 a 2025-06-01-12:20:00 196 227 258 10.3 15.1 19.2 2.5 84.5 725.9 24.63 16900 0.0 7.7 22.6 23.4 3.634  -998.    6.9    -2.  78    3.4 100 0 2 0 0 1 1 8.6 69.0 8.6 68.5 80.0 100 100 20 407 0 145 0 401 401 399 0 0 0 60 50 WAIT_ACK 600 
b.1 2025-06-01 12:21:01.621 a 2025-06-01-12:21:00 205 230 258 6.3 15.7 19.9 2.6 84.5 726.0 24.63 16900 0.0 7.7 22.6 23.4 3.633  -998.    6.9    -2.  78    3.4   0 0 2 0 0 1 1 8.6 68.8 8.6 68.5 80.0 100 100 20 407 0 145 0 401 401 399 0 0 0 60 50 WAIT_ACK 600 
b.1 2025-06-01 12:22:00.404 a 2025-06-01-12:21:59 204 228 241 6.3 15.4 20.3 2.6 84.6 725.9 24.63 16900 0.0 7.7 22.6 23.4 3.634  -998.    6.8    -2.  78    3.3 100 0 2 0 0 1 1 8.6 68.5 8.6 68.5 80.0 100 100 20 407 0 145 0 402 401 400 0 0 0 60 50 WAIT_ACK 600 
b.1 2025-06-01 12:23:01.683 a 2025-06-01-12:23:00 200 228 258 8.9 15.8 20.0 2.5 84.6 725.7 24.63 16900 0.0 7.6 22.6 23.4 3.633  -998.    6.8    -2.  78    3.3   0 0 2 0 0 1 1 8.6 68.4 8.6 68.5 80.0 100 100 20 407 0 145 0 401 401 399 0 0 0 60 50 WAIT_ACK 600 
b.1 2025-06-01 12:24:01.664 a 2025-06-01-12:24:00 207 226 243 8.9 15.3 18.6 2.5 84.5 725.8 24.63 16900 0.0 7.6 22.6 23.4 3.634  -998.    6.8    -2.  78    3.3   0 0 2 0 0 1 1 8.6 68.6 8.6 68.5 80.0 100 100 20 407 0 145 0 401 401 400 0 0 0 60 50 WAIT_ACK 600 
b.1 2025-06-01 12:25:01.641 a 2025-06-01-12:25:00 200 229 287 6.7 15.5 19.9 2.5 84.5 725.8 24.63 16900 0.0 7.7 22.6 23.5 3.633  -998.    6.8    -2.  78    3.3 100 0 2 0 0 1 1 8.6 68.4 8.6 68.5 80.0 100 100 20 407 0 145 0 401 401 399 0 0 0 60 50 WAIT_ACK 600 
b.1 2025-06-01 12:26:00.986 a 2025-06-01-12:26:00 211 229 267 9.3 15.5 19.2 2.6 84.9 725.8 24.63 16900 0.0 7.7 22.6 23.4 3.633  -998.    6.8    -2.  78    3.3   0 0 2 0 0 1 1 8.6 68.2 8.6 68.4 80.0 100 100 20 407 0 145 0 400 401 399 0 0 0 60 50 WAIT_ACK 600 
b.1 2025-06-01 12:27:01.101 a 2025-06-01-12:27:00 215 231 257 6.0 14.2 22.2 2.6 84.9 725.8 24.63 16900 0.0 8.0 22.6 23.4 3.634  -998.    6.8    -2.  78    3.3 100 0 2 0 0 1 1 8.6 68.0 8.5 68.3 80.0 100 100 20 407 0 145 0 401 401 400 0 0 0 60 50 WAIT_ACK 600 
b.1 2025-06-01 12:28:01.188 a 2025-06-01-12:28:00 206 236 269 2.9 14.5 21.9 2.6 84.9 725.8 24.63 16900 0.0 7.9 22.6 23.4 3.633  -998.    6.7    -2.  78    3.2 100 0 2 0 0 1 1 8.6 67.8 8.6 68.3 80.0 100 100 20 407 0 145 0 400 401 399 0 0 0 60 50 WAIT_ACK 600 
b.1 2025-06-01 12:29:01.364 a 2025-06-01-12:29:00 203 232 259 2.8 14.0 18.2 2.4 85.7 725.9 24.63 16900 0.0 7.9 22.6 23.4 3.633  -998.    6.7    -2.  78    3.2   0 0 2 0 0 1 1 8.6 67.9 8.6 68.2 80.0 100 100 20 407 0 145 0 402 401 400 0 0 0 60 50 WAIT_ACK 600 
b.1 2025-06-01 12:30:02.142 a 2025-06-01-12:30:01 119 233 254 1.8 14.9 20.2 2.4 84.6 726.0 24.63 16900 0.0 7.6 22.6 23.4 3.634  -998.    6.7    -2.  78    3.2 100 1 2 0 0 1 1 8.6 67.8 8.6 68.0 80.0 100 100 20 407 0 145 0 401 401 399 0 0 0 60 50 WAIT_ACK 600 
b.1 2025-06-01 12:31:00.305 a 2025-06-01-12:30:59 211 231 261 6.8 14.1 19.4 2.4 84.7 725.9 24.63 16900 0.0 7.5 22.6 23.4 3.633  -998.    6.7    -2.  78    3.2   0 1 2 0 0 1 1 8.6 67.7 8.5 68.0 80.0 100 100 20 407 0 145 0 401 401 399 0 0 0 60 50 WAIT_ACK 600 
b.1 2025-06-01 12:32:01.403 a 2025-06-01-12:32:00 203 231 251 5.4 13.5 18.7 2.5 84.6 725.8 24.63 16900 0.0 7.4 22.6 23.4 3.633  -998.    6.7    -2.  78    3.2   0 1 2 0 0 1 1 8.6 67.7 8.5 68.0 80.0 100 100 20 407 0 145 0 400 401 400 0 0 0 60 50 WAIT_ACK 600 
b.1 2025-06-01 12:33:00.180 a 2025-06-01-12:32:59 214 235 256 7.5 14.2 18.0 2.5 84.6 725.8 24.63 16900 0.0 7.3 22.6 23.4 3.633  -998.    6.7    -2.  78    3.2   0 1 2 0 0 1 1 8.6 68.0 8.5 68.0 80.0 100 100 20 407 0 145 0 401 401 400 0 0 0 60 50 WAIT_ACK 600 
b.1 2025-06-01 12:34:00.244 a 2025-06-01-12:33:59 142 230 268 1.9 12.0 17.2 2.5 84.7 725.8 24.63 16900 0.0 7.5 22.6 23.4 3.633  -998.    6.7    -2.  78    3.2   0 1 2 0 0 1 1 8.5 67.8 8.5 67.9 80.0 100 100 20 407 0 145 0 400 401 399 0 0 0 60 50 WAIT_ACK 600 
b.1 2025-06-01 12:35:02.089 a 2025-06-01-12:35:01 212 232 254 8.6 14.1 18.7 2.5 84.6 725.9 24.63 16900 0.0 7.4 22.6 23.4 3.633  -998.    6.7    -2.  78    3.2   0 0 2 0 0 1 1 8.5 67.7 8.5 67.9 80.0 100 100 20 407 0 145 0 402 401 400 0 0 0 60 50 WAIT_ACK 600 
b.1 2025-06-01 12:36:00.983 a 2025-06-01-12:36:00 203 233 258 1.9 12.7 17.9 2.5 84.3 725.8 24.65 16910 0.5 7.8 22.6 23.4 3.633  -998.    6.7    -2.  78    3.2 100 1 2 0 0 1 1 8.5 67.7 8.5 67.9 80.0 100 100 20 407 0 145 0 400 401 399 0 0 0 60 50 WAIT_ACK 600 
b.1 2025-06-01 12:37:01.101 a 2025-06-01-12:37:00 219 237 263 7.2 13.6 18.6 2.5 84.5 725.8 24.75 16970 6.2 7.5 22.6 23.4 3.634  -998.    6.7    -2.  78    3.2   0 1 2 0 0 1 1 8.5 67.5 8.5 67.9 80.0 100 100 20 407 0 145 0 402 401 400 0 0 0 60 50 WAIT_ACK 600 
b.1 2025-06-01 12:38:00.144 a 2025-06-01-12:37:59 210 237 259 6.4 13.6 17.7 2.5 84.5 725.8 24.83 17020 5.2 6.8 22.6 23.4 3.633  -998.    6.7    -2.  78    3.2 100 2 2 0 0 1 1 8.5 67.5 8.5 67.9 80.0 100 100 20 407 0 145 0 402 401 400 0 0 0 60 50 WAIT_ACK 600 
b.1 2025-06-01 12:39:00.864 a 2025-06-01-12:39:00 217 239 271 3.6 12.6 17.5 2.5 84.8 725.7 24.91 17080 5.5 6.9 22.6 23.4 3.633  -998.    6.7    -2.  78    3.2 100 2 2 0 0 1 1 8.5 67.5 8.5 67.8 80.0 100 100 20 407 0 145 0 400 402 399 0 0 0 60 50 WAIT_ACK 600 
b.1 2025-06-01 12:40:02.569 a 2025-06-01-12:40:01 217 240 269 6.7 12.1 16.7 2.5 84.1 725.7 24.97 17140 2.6 7.0 22.6 23.4 3.633  -998.    6.7    -2.  78    3.2   0 2 2 0 0 1 1 8.4 67.4 8.5 67.8 80.0 100 100 20 407 0 145 0 401 402 399 0 0 0 60 50 WAIT_ACK 600 
b.1 2025-06-01 12:41:01.025 a 2025-06-01-12:41:00 220 240 257 7.0 13.8 17.5 2.4 84.6 725.7 25.03 17200 3.8 7.2 22.6 23.4 3.633  -998.    6.7    -2.  78    3.2   0 2 2 0 0 1 1 8.4 67.3 8.4 67.7 80.0 100 100 20 407 0 145 0 401 401 400 0 0 0 60 50 WAIT_ACK 600 
b.1 2025-06-01 12:42:01.184 a 2025-06-01-12:42:00 217 239 266 7.8 13.3 17.3 2.5 84.5 725.9 25.05 17260 1.8 7.2 22.6 23.4 3.633  -998.    6.7    -2.  78    3.2   0 2 2 0 0 1 1 8.4 67.3 8.4 67.7 80.0 100 100 20 407 0 145 0 401 401 400 0 0 0 60 50 WAIT_ACK 600 
b.1 2025-06-01 12:43:00.924 a 2025-06-01-12:43:00 179 233 266 1.6 11.4 16.1 2.5 84.5 726.0 25.06 17280 0.3 7.5 22.6 23.4 3.633  -998.    6.7    -2.  78    3.2   0 2 2 0 0 1 1 8.4 67.6 8.4 67.8 80.0 100 100 20 407 0 145 0 401 402 400 0 0 0 60 50 WAIT_ACK 600 
b.1 2025-06-01 12:44:02.345 a 2025-06-01-12:44:01 210 236 264 7.0 11.6 15.9 2.5 84.6 725.9 25.06 17280 0.0 7.6 22.6 23.4 3.633  -998.    6.7    -2.  78    3.2   0 1 2 0 0 1 1 8.4 67.8 8.4 67.8 80.0 100 100 20 407 0 145 0 401 401 400 0 0 0 60 50 WAIT_ACK 600 
b.1 2025-06-01 12:45:00.426 a 2025-06-01-12:44:59 214 235 264 6.1 12.9 16.4 2.5 84.4 725.9 25.06 17280 0.0 7.6 22.6 23.4 3.633  -998.    6.7    -2.  79    3.3   0 0 2 0 0 1 1 8.4 67.8 8.4 67.9 80.0 100 100 20 407 0 145 0 400 401 399 0 0 0 60 50 WAIT_ACK 600 
b.1 2025-06-01 12:45:59.986 a 2025-06-01-12:45:59 211 235 255 5.2 13.0 16.9 2.5 84.5 726.0 25.06 17280 0.0 7.7 22.6 23.4 3.633  -998.    6.7    -2.  79    3.3   0 0 2 0 0 1 1 8.4 67.8 8.4 67.9 80.0 100 100 20 407 0 145 0 401 401 400 0 0 0 60 50 WAIT_ACK 600 
b.1 2025-06-01 12:47:01.365 a 2025-06-01-12:47:00 209 231 250 8.6 13.3 16.7 2.5 84.6 726.1 25.06 17280 0.0 7.9 22.6 23.4 3.633  -998.    6.7    -2.  79    3.3 100 0 2 0 0 1 1 8.4 67.8 8.4 67.9 80.0 100 100 20 407 0 145 0 401 401 399 0 0 0 60 50 WAIT_ACK 600 
b.1 2025-06-01 12:48:01.026 a 2025-06-01-12:48:00 208 230 265 7.6 13.6 16.8 2.4 84.6 726.0 25.06 17280 0.0 8.0 22.6 23.4 3.634  -998.    6.8    -2.  79    3.3 100 0 2 0 0 1 1 8.4 67.9 8.4 67.9 80.0 100 100 20 407 0 145 0 401 402 399 0 0 0 60 50 WAIT_ACK 600 
b.1 2025-06-01 12:49:00.325 a 2025-06-01-12:48:59 210 231 254 7.8 12.7 16.7 2.5 84.7 726.1 25.06 17280 0.0 8.2 22.6 23.4 3.633  -998.    6.8    -2.  79    3.3 100 0 2 0 0 1 1 8.4 68.0 8.4 67.9 80.0 100 100 20 407 0 145 0 401 401 400 0 0 0 60 50 WAIT_ACK 600 
b.1 2025-06-01 12:50:02.302 a 2025-06-01-12:50:01 204 227 250 8.4 11.8 16.1 2.5 84.7 726.1 25.06 17280 0.0 8.4 22.6 23.4 3.634  -998.    6.8    -2.  79    3.4 100 0 2 0 0 1 1 8.3 68.1 8.4 68.0 80.0 100 100 20 407 0 145 0 401 401 400 0 0 0 60 50 WAIT_ACK 600 
b.1 2025-06-01 12:51:01.585 a 2025-06-01-12:51:00 210 226 249 8.6 11.7 15.0 2.5 84.7 726.2 25.06 17280 0.0 8.6 22.6 23.4 3.633  -998.    6.9    -2.  79    3.4 100 0 2 0 0 1 1 8.3 68.1 8.4 68.2 80.0 100 100 20 407 0 145 0 401 401 400 0 0 0 60 50 WAIT_ACK 600 
b.1 2025-06-01 12:52:00.926 a 2025-06-01-12:51:59 203 227 256 8.2 12.3 15.9 2.6 84.3 726.1 25.06 17280 0.0 8.5 22.6 23.4 3.633  -998.    6.9    -2.  79    3.4   0 0 2 0 0 1 1 8.3 68.3 8.4 68.1 80.0 100 100 20 407 0 145 0 401 401 399 0 0 0 60 50 WAIT_ACK 600 
b.1 2025-06-01 12:53:01.848 a 2025-06-01-12:53:00 207 224 244 8.4 11.7 15.2 2.7 84.5 725.9 25.06 17280 0.0 8.5 22.6 23.4 3.634  -998.    6.9    -2.  79    3.5   0 0 2 0 0 1 1 8.3 68.5 8.4 68.3 80.0 100 100 20 407 0 145 0 400 401 399 0 0 0 60 50 WAIT_ACK 600 
b.1 2025-06-01 12:54:01.148 a 2025-06-01-12:54:00 202 223 242 8.8 11.9 15.6 2.7 84.7 726.0 25.06 17280 0.0 8.7 22.6 23.4 3.634  -998.    6.9    -2.  79    3.5   0 0 2 0 0 1 1 8.2 68.7 8.4 68.4 80.0 100 100 20 407 0 145 0 400 401 399 0 0 0 60 50 WAIT_ACK 600 
b.1 2025-06-01 12:55:01.926 a 2025-06-01-12:55:01 207 226 243 8.7 12.4 16.1 2.8 84.7 726.0 25.06 17280 0.0 8.8 22.6 23.4 3.633  -998.    7.0    -2.  79    3.5   0 0 2 0 0 1 1 8.2 68.9 8.4 68.4 80.0 100 100 20 407 0 145 0 401 401 400 0 0 0 60 50 WAIT_ACK 600 
b.1 2025-06-01 12:56:00.884 a 2025-06-01-12:56:00 202 225 240 9.5 13.2 16.7 2.8 84.5 726.1 25.06 17280 0.0 8.6 22.6 23.4 3.634  -998.    7.0    -2.  79    3.5 100 0 2 0 0 1 1 8.2 69.0 8.4 68.5 80.0 100 100 20 407 0 145 0 401 401 400 0 0 0 60 50 WAIT_ACK 600 
b.1 2025-06-01 12:57:00.786 a 2025-06-01-12:56:59 204 222 242 9.0 13.2 16.1 2.8 84.2 725.9 25.06 17280 0.0 8.8 22.6 23.4 3.634  -998.    7.0    -2.  79    3.6   0 0 2 0 0 1 1 8.2 69.1 8.4 68.6 80.0 100 100 20 407 0 145 0 401 401 400 0 0 0 60 50 WAIT_ACK 600 
b.1 2025-06-01 12:58:00.767 a 2025-06-01-12:57:59 191 223 242 8.7 13.0 15.9 2.9 84.2 725.9 25.06 17280 0.0 8.6 22.6 23.4 3.633  -998.    7.1    -2.  79    3.6 100 0 2 0 0 1 1 8.2 69.2 8.4 68.7 80.0 100 100 20 407 0 145 0 401 401 399 0 0 0 60 50 WAIT_ACK 600 
b.1 2025-06-01 12:59:00.845 a 2025-06-01-12:58:59 206 225 244 6.9 13.5 17.2 2.9 84.2 725.9 25.06 17280 0.0 8.7 22.6 23.4 3.633  -998.    7.1    -2.  79    3.6   0 0 2 0 0 1 1 8.3 69.1 8.4 68.7 80.0 100 100 20 407 0 145 0 401 401 399 0 0 0 60 50 WAIT_ACK 600 
b.1 2025-06-01 13:00:02.210 a 2025-06-01-13:00:01 200 224 239 8.0 13.3 17.6 2.9 84.1 725.9 25.06 17280 0.0 8.7 22.6 23.4 3.633  -998.    7.2    -2.  79    3.7   0 0 2 0 0 1 1 8.3 69.1 8.4 68.8 80.0 100 100 20 408 0 145 0 401 401 400 0 0 0 60 50 WAIT_ACK 600 
b.1 2025-06-01 13:01:00.845 a 2025-06-01-13:00:59 201 221 238 8.0 12.1 16.5 2.9 84.3 725.8 25.06 17280 0.0 8.7 22.6 23.4 3.633  -998.    7.2    -2.  78    3.7   0 0 2 0 0 1 1 8.3 69.2 8.4 69.0 80.0 100 100 20 408 0 145 0 401 401 399 0 0 0 60 50 WAIT_ACK 600 
b.1 2025-06-01 13:02:01.586 a 2025-06-01-13:02:00 186 223 237 8.0 12.7 16.5 2.9 84.4 725.8 25.06 17280 0.0 8.8 22.6 23.4 3.633  -998.    7.2    -2.  78    3.7   0 0 2 0 0 1 1 8.3 69.3 8.4 68.9 80.0 100 100 20 408 0 145 0 401 401 400 0 0 0 60 50 WAIT_ACK 600 
b.1 2025-06-01 13:03:01.246 a 2025-06-01-13:03:00 193 224 243 7.7 14.1 17.9 2.9 84.8 725.8 25.06 17280 0.0 8.8 22.6 23.4 3.633  -998.    7.2    -2.  78    3.7   0 0 2 0 0 1 1 8.3 69.3 8.4 68.9 80.0 100 100 20 408 0 145 0 401 401 400 0 0 0 60 50 WAIT_ACK 600 
b.1 2025-06-01 13:04:00.948 a 2025-06-01-13:04:00 200 223 249 8.1 11.8 15.1 3.0 84.4 725.8 25.06 17280 0.0 9.1 22.6 23.4 3.633  -998.    7.3    -2.  78    3.8 100 0 2 0 0 1 1 8.3 69.5 8.4 69.1 80.0 100 100 20 408 0 145 0 400 401 399 0 0 0 60 50 WAIT_ACK 600 
b.1 2025-06-01 13:05:01.209 a 2025-06-01-13:05:00 207 224 241 9.0 12.8 16.5 3.0 84.6 726.0 25.06 17280 0.0 9.2 22.6 23.4 3.632  -20.7    7.3   48.8  78    3.8   0 0 0 2 3 1 1 8.3 69.3 8.4 69.2 80.0 100 100 20 408 0 145 0 401 402 399 0 0 0 60 50 WAIT_ACK 600 
b.1 2025-06-01 13:06:00.707 a 2025-06-01-13:05:59 203 223 237 8.7 12.7 15.5 3.1 84.0 725.9 25.06 17280 0.0 9.1 22.6 23.4 3.634  -12.8    7.3   47.9  78    3.8   5 0 0 2 3 1 1 8.3 69.6 8.3 69.3 80.0 100 100 20 408 0 145 0 401 401 400 0 0 0 60 50 WAIT_ACK 600 
b.1 2025-06-01 13:07:00.490 a 2025-06-01-13:06:59 195 219 238 8.3 11.8 14.8 3.1 84.3 725.9 25.06 17280 0.0 9.1 22.6 23.4 3.633  -11.2    7.4   47.0  78    3.9  14 0 0 2 3 1 1 8.3 69.8 8.3 69.5 80.0 100 100 20 408 0 145 0 401 401 399 0 0 0 60 50 WAIT_ACK 600 
b.1 2025-06-01 13:08:00.967 a 2025-06-01-13:08:00 195 224 250 7.6 11.4 15.8 3.1 84.0 726.0 25.06 17280 0.0 9.3 22.6 23.4 3.633  -12.0    7.4   46.0  78    3.9  20 0 0 2 3 1 1 8.3 69.7 8.4 69.5 80.0 100 100 20 408 0 145 0 401 401 399 0 0 0 60 50 WAIT_ACK 600 
b.1 2025-06-01 13:09:00.328 a 2025-06-01-13:08:59 197 227 251 8.7 12.9 17.9 3.1 84.1 726.0 25.06 17280 0.0 9.3 22.6 23.4 3.633  -12.5    7.4   50.8  78    3.9  18 0 0 2 3 1 1 8.2 69.9 8.4 69.6 80.0 100 100 20 408 0 145 0 401 401 400 0 0 0 60 50 WAIT_ACK 600 
b.1 2025-06-01 13:10:00.548 a 2025-06-01-13:09:59 199 227 255 6.7 12.2 16.3 3.1 84.4 726.1 25.06 17280 0.0 9.4 22.6 23.4 3.633  -12.0    7.4   47.6  78    3.9  18 0 0 2 3 1 1 8.3 69.9 8.3 69.7 80.0 100 100 20 408 0 145 0 401 401 400 0 0 0 60 50 WAIT_ACK 600 
b.1 2025-06-01 13:11:01.552 a 2025-06-01-13:11:00 211 228 257 5.3 11.9 15.9 3.2 84.5 726.2 25.06 17280 0.0 9.4 22.6 23.4 3.633  -12.6    7.4   46.4  78    3.9  18 0 0 2 3 1 1 8.3 70.0 8.3 69.8 80.0 100 100 20 408 0 145 0 400 401 399 0 0 0 60 50 WAIT_ACK 600 
b.1 2025-06-01 13:12:01.368 a 2025-06-01-13:12:00 209 231 252 6.2 12.5 15.8 3.2 84.0 726.2 25.06 17280 0.0 9.3 22.6 23.4 3.633  -11.0    7.4   52.7  78    3.9  18 0 0 2 3 1 1 8.2 70.2 8.3 69.8 80.0 100 100 20 408 0 145 0 401 401 399 0 0 0 60 50 WAIT_ACK 600 
b.1 2025-06-01 13:13:01.710 a 2025-06-01-13:13:00 210 226 246 7.2 12.5 15.4 3.2 84.0 726.3 25.06 17280 0.0 9.2 22.6 23.4 3.633  -13.3    7.4   52.9  78    3.9  18 0 0 2 3 1 1 8.2 70.2 8.3 70.0 80.0 100 100 20 408 0 145 0 401 401 399 0 0 0 60 50 WAIT_ACK 600 
b.1 2025-06-01 13:14:00.789 a 2025-06-01-13:13:59 197 219 235 6.4 12.2 16.1 3.2 84.1 726.3 25.06 17280 0.0 9.2 22.6 23.4 3.633  -12.1    7.4   48.6  78    3.8  18 0 0 2 3 1 1 8.2 70.2 8.4 70.0 80.0 100 100 20 408 0 145 0 401 401 400 0 0 0 60 50 WAIT_ACK 600 
b.1 2025-06-01 13:15:01.548 a 2025-06-01-13:15:00 188 220 248 3.2 12.1 16.1 3.2 84.8 726.3 25.06 17280 0.0 9.3 22.6 23.4 3.633  -12.7    7.4   46.2  78    3.8  18 0 0 2 3 1 1 8.3 70.3 8.4 70.1 80.0 100 100 20 408 0 145 0 402 401 400 0 0 0 60 50 WAIT_ACK 600 
b.1 2025-06-01 13:16:00.726 a 2025-06-01-13:15:59 207 225 245 8.5 13.3 16.7 3.2 84.6 726.3 25.06 17280 0.0 9.3 22.6 23.4 3.634  -13.3    7.4   50.8  78    3.8  18 0 0 2 3 1 1 8.3 70.4 8.3 70.1 80.0 100 100 20 408 0 145 0 401 401 399 0 0 0 60 50 WAIT_ACK 600 
b.1 2025-06-01 13:17:01.250 a 2025-06-01-13:17:00 199 225 247 8.7 12.6 16.7 3.2 85.3 726.3 25.06 17280 0.0 9.4 22.6 23.4 3.632  -11.8    7.4   48.9  78    3.8  18 0 0 2 3 1 1 8.3 70.4 8.3 70.3 80.0 100 100 20 408 0 145 0 401 401 400 0 0 0 60 50 WAIT_ACK 600 
b.1 2025-06-01 13:18:00.808 a 2025-06-01-13:17:59 208 225 254 6.7 12.9 17.6 3.3 84.3 726.2 25.06 17280 0.0 9.6 22.6 23.4 3.633  -14.3    7.5   48.1  78    3.9  18 0 0 2 3 1 1 8.3 70.4 8.3 70.3 80.0 100 100 20 408 0 145 0 401 401 399 0 0 0 60 50 WAIT_ACK 600 
b.1 2025-06-01 13:19:01.966 a 2025-06-01-13:19:01 175 221 237 4.4 13.3 16.6 3.4 84.2 726.3 25.06 17280 0.0 9.4 22.6 23.4 3.633  -17.2    7.5   49.8  78    3.9  18 0 0 2 3 1 1 8.3 70.6 8.4 70.5 80.0 100 100 20 408 0 145 0 401 401 399 0 0 0 60 50 WAIT_ACK 600 
b.1 2025-06-01 13:20:01.029 a 2025-06-01-13:20:00 183 225 246 6.8 12.3 17.1 3.4 84.4 726.4 25.06 17280 0.0 9.6 22.6 23.4 3.633  -18.4    7.5   49.1  78    3.9  18 0 0 2 3 1 1 8.3 70.6 8.4 70.6 80.0 100 100 20 408 0 145 0 401 401 399 0 0 0 60 50 WAIT_ACK 600 
b.1 2025-06-01 13:21:01.770 a 2025-06-01-13:21:00 207 232 256 2.9 11.9 16.9 3.3 84.4 726.2 25.06 17280 0.0 9.9 22.6 23.4 3.633  -20.3    7.5   43.8  78    4.0  18 0 0 2 3 1 1 8.3 70.5 8.3 70.6 80.0 100 100 20 408 0 145 0 401 401 399 0 0 0 60 50 WAIT_ACK 600 
b.1 2025-06-01 13:22:02.086 a 2025-06-01-13:22:01 213 233 264 4.1 12.0 16.5 3.4 84.3 726.2 25.06 17280 0.0 10.0 22.6 23.4 3.633  -18.5    7.6   47.6  78    4.0  18 0 0 2 3 1 1 8.3 70.6 8.3 70.7 80.0 100 100 20 408 0 145 0 401 401 400 0 0 0 60 50 WAIT_ACK 600 
b.1 2025-06-01 13:23:01.907 a 2025-06-01-13:23:01 203 230 264 5.4 13.2 17.5 3.4 84.6 726.2 25.06 17280 0.0 9.9 22.6 23.4 3.633  -14.2    7.6   51.8  78    4.0  18 0 0 2 3 1 1 8.3 70.6 8.3 70.9 80.0 100 100 20 408 0 145 0 402 401 400 0 0 0 60 50 WAIT_ACK 600 
b.1 2025-06-01 13:24:00.486 a 2025-06-01-13:23:59 209 231 249 8.9 13.7 17.6 3.5 83.9 726.2 25.06 17280 0.0 9.8 22.6 23.4 3.633  -19.9    7.6   54.9  78    4.0  18 0 0 2 3 1 1 8.3 70.9 8.3 70.9 80.0 100 100 20 408 0 145 0 401 401 399 0 0 0 60 50 WAIT_ACK 600 
b.1 2025-06-01 13:25:02.769 a 2025-06-01-13:25:01 207 230 264 1.3 9.3 14.3 3.5 84.9 726.2 25.06 17280 0.0 10.4 22.6 23.4 3.633  -19.3    7.7   37.5  78    4.1  18 0 0 2 3 1 1 8.3 70.9 8.3 70.9 80.0 100 100 20 408 0 145 0 401 401 400 0 0 0 60 50 WAIT_ACK 600 
b.1 2025-06-01 13:26:01.068 a 2025-06-01-13:26:00 200 230 251 7.3 13.3 17.2 3.4 84.8 726.2 25.06 17290 0.1 9.7 22.6 23.4 3.633  -20.4    7.7   56.3  78    4.1  18 0 0 2 3 1 1 8.3 70.9 8.3 70.9 80.0 100 100 20 408 0 145 0 401 401 400 0 0 0 60 50 WAIT_ACK 600 
b.1 2025-06-01 13:27:02.007 a 2025-06-01-13:27:01 206 227 246 7.6 12.3 18.1 3.4 83.9 726.3 25.08 17350 1.3 9.1 22.6 23.4 3.633  -998.    7.7    -2.  78    4.1 100 2 2 0 0 1 1 8.3 71.1 8.3 71.0 80.0 100 100 20 408 0 145 0 400 402 399 0 0 0 60 50 WAIT_ACK 600 
b.1 2025-06-01 13:28:02.072 a 2025-06-01-13:28:01 205 229 250 6.7 12.9 17.1 3.4 84.0 726.4 25.10 17400 1.1 8.6 22.6 23.4 3.633  -998.    7.7    -2.  78    4.1   0 1 2 0 0 1 1 8.3 71.0 8.3 71.1 80.0 100 100 20 408 0 145 0 400 401 399 0 0 0 60 50 WAIT_ACK 600 
b.1 2025-06-01 13:29:02.069 a 2025-06-01-13:29:01 205 228 260 4.2 11.2 16.0 3.4 84.8 726.5 25.15 17460 2.7 8.4 22.6 23.4 3.633  -998.    7.7    -2.  78    4.1   0 2 2 0 0 1 1 8.3 71.1 8.3 71.2 80.0 100 100 20 408 0 145 0 401 401 399 0 0 0 60 50 WAIT_ACK 600 
b.1 2025-06-01 13:30:01.032 a 2025-06-01-13:30:00 211 231 259 3.6 12.2 16.9 3.4 84.0 726.5 25.15 17470 0.0 8.2 22.6 23.4 3.633  -998.    7.7    -2.  78    4.1 100 1 2 0 0 1 1 8.3 71.2 8.3 71.3 80.0 100 100 20 408 0 145 0 401 401 400 0 0 0 60 50 WAIT_ACK 600 
b.1 2025-06-01 13:31:01.630 a 2025-06-01-13:31:00 204 229 256 4.2 11.0 15.2 3.4 84.2 726.5 25.15 17470 0.0 8.6 22.6 23.4 3.633  -998.    7.8    -2.  78    4.2   0 2 2 0 0 1 1 8.3 71.4 8.3 71.3 80.0 100 100 20 408 0 145 0 401 401 400 0 0 0 60 50 WAIT_ACK 600 
b.1 2025-06-01 13:32:01.753 a 2025-06-01-13:32:00 209 228 243 7.3 11.7 15.7 3.4 84.4 726.5 25.15 17470 0.0 8.6 22.6 23.4 3.634  -998.    7.8    -2.  78    4.2   0 1 2 0 0 1 1 8.3 71.5 8.3 71.4 80.0 100 100 20 408 0 145 0 401 402 399 0 0 0 60 50 WAIT_ACK 600 
b.1 2025-06-01 13:33:01.407 a 2025-06-01-13:33:00 195 228 249 8.0 12.5 15.7 3.4 84.4 726.6 25.15 17470 0.0 8.4 22.6 23.4 3.635  -998.    7.8    -2.  78    4.2   0 1 2 0 0 1 1 8.3 71.4 8.4 71.4 80.0 100 100 20 408 0 145 0 401 401 399 0 0 0 60 50 WAIT_ACK 600 
b.1 2025-06-01 13:34:00.828 a 2025-06-01-13:33:59 204 228 253 8.3 12.0 14.7 3.4 84.3 726.6 25.15 17470 0.0 8.4 22.6 23.4 3.633  -998.    7.8    -2.  78    4.2   0 1 2 0 0 1 1 8.3 71.6 8.4 71.4 80.0 100 100 20 408 0 145 0 401 401 399 0 0 0 60 50 WAIT_ACK 600 
b.1 2025-06-01 13:35:00.951 a 2025-06-01-13:35:00 206 228 242 7.5 12.1 15.2 3.4 84.3 726.6 25.15 17470 0.0 8.4 22.6 23.4 3.633  -998.    7.8    -2.  78    4.2   0 1 2 0 0 1 1 8.3 71.7 8.4 71.5 80.0 100 100 20 408 0 145 0 400 401 399 0 0 0 60 50 WAIT_ACK 600 
b.1 2025-06-01 13:36:01.631 a 2025-06-01-13:36:00 213 230 251 6.9 11.1 14.8 3.4 84.2 726.6 25.15 17470 0.0 9.0 22.6 23.4 3.633  -998.    7.8    -2.  78    4.3   0 0 2 0 0 1 1 8.3 71.9 8.4 71.5 80.0 100 100 20 408 0 145 0 401 401 400 0 0 0 60 50 WAIT_ACK 600 
b.1 2025-06-01 13:37:01.111 a 2025-06-01-13:37:00 214 232 265 5.3 11.2 15.2 3.4 84.5 726.6 25.15 17470 0.0 9.2 22.6 23.4 3.633  -998.    7.9    -2.  78    4.3   0 0 2 0 0 1 1 8.2 71.9 8.4 71.5 80.0 100 100 20 408 0 145 0 400 401 399 0 0 0 60 50 WAIT_ACK 600 
b.1 2025-06-01 13:38:01.469 a 2025-06-01-13:38:00 213 234 255 4.7 11.2 16.2 3.4 84.4 726.6 25.15 17470 0.0 9.3 22.6 23.4 3.633  -998.    7.9    -2.  78    4.3 100 1 2 0 0 1 1 8.2 72.1 8.4 71.5 80.0 100 100 20 408 0 145 0 401 401 400 0 0 0 60 50 WAIT_ACK 600 
b.1 2025-06-01 13:39:00.990 a 2025-06-01-13:39:00 209 231 256 6.0 10.3 13.7 3.4 84.0 726.5 25.15 17470 0.0 9.8 22.6 23.4 3.633  -998.    7.9    -2.  78    4.3   0 0 2 0 0 1 1 8.2 72.0 8.4 71.5 80.0 100 100 20 408 0 145 0 401 401 399 0 0 0 60 50 WAIT_ACK 600 
b.1 2025-06-01 13:40:01.249 a 2025-06-01-13:40:00 210 234 260 6.9 11.1 14.4 3.4 84.0 726.5 25.15 17470 0.0 9.9 22.6 23.4 3.633  -998.    8.0    -2.  78    4.4   0 0 2 0 0 1 1 8.2 72.0 8.4 71.5 80.0 100 100 20 408 0 145 0 401 401 399 0 0 0 60 50 WAIT_ACK 600 
b.1 2025-06-01 13:41:01.233 a 2025-06-01-13:41:00 211 233 258 6.8 11.8 14.7 3.4 83.5 726.5 25.15 17470 0.0 9.8 22.6 23.4 3.633  -998.    8.0    -2.  78    4.4   0 0 2 0 0 1 1 8.2 71.9 8.4 71.5 80.0 100 100 20 408 0 145 0 401 401 400 0 0 0 60 50 WAIT_ACK 600 
b.1 2025-06-01 13:42:00.193 a 2025-06-01-13:41:59 210 230 243 8.5 11.7 14.0 3.4 83.2 726.5 25.15 17470 0.0 9.7 22.6 23.4 3.633  -998.    8.0    -2.  78    4.4   0 0 2 0 0 1 1 8.2 72.2 8.4 71.5 80.0 100 100 20 408 0 145 0 400 401 399 0 0 0 60 50 WAIT_ACK 600 
b.1 2025-06-01 13:43:01.437 a 2025-06-01-13:43:00 210 232 247 9.0 11.8 13.9 3.4 83.1 726.6 25.15 17470 0.0 9.8 22.6 23.4 3.633  -998.    8.0    -2.  78    4.4 100 0 2 0 0 1 1 8.2 72.1 8.4 71.5 80.0 100 100 20 408 0 145 0 401 401 399 0 0 0 60 50 WAIT_ACK 600 
b.1 2025-06-01 13:44:00.990 a 2025-06-01-13:44:00 210 232 270 6.0 10.3 13.9 3.4 83.6 726.5 25.15 17470 0.0 10.2 22.6 23.4 3.633  -998.    8.0    -2.  78    4.4 100 1 2 0 0 1 1 8.2 72.0 8.3 71.6 80.0 100 100 20 408 0 145 0 401 402 399 0 0 0 60 50 WAIT_ACK 600 
b.1 2025-06-01 13:45:01.996 a 2025-06-01-13:45:01 218 234 260 6.4 11.6 15.0 3.4 83.0 726.5 25.24 17530 5.6 9.2 22.6 23.4 3.633  -998.    8.0    -2.  78    4.4 100 2 2 0 0 1 1 8.2 72.0 8.3 71.6 80.0 100 100 20 408 0 145 0 401 401 400 0 0 0 60 50 WAIT_ACK 600 
b.1 2025-06-01 13:46:01.690 a 2025-06-01-13:46:00 213 232 250 6.8 11.8 14.9 3.4 83.0 726.5 25.34 17590 5.5 8.1 22.6 23.4 3.633  -998.    8.0    -2.  78    4.4 100 2 2 0 0 1 1 8.2 72.0 8.4 71.5 80.0 100 100 20 408 0 145 0 400 401 399 0 0 0 60 50 WAIT_ACK 600 
b.1 2025-06-01 13:47:01.772 a 2025-06-01-13:47:00 203 230 254 5.5 10.7 14.4 3.4 83.5 726.6 25.35 17630 1.3 8.0 22.6 23.4 3.633  -998.    8.0    -2.  78    4.4   0 1 2 0 0 1 1 8.2 71.7 8.3 71.6 80.0 100 100 20 408 0 145 0 401 401 399 0 0 0 60 50 WAIT_ACK 600 
b.1 2025-06-01 13:48:01.630 a 2025-06-01-13:48:00 199 232 263 2.6 10.7 13.8 3.4 83.3 726.5 25.49 17680 7.9 8.1 22.6 23.4 3.633  -998.    8.1    -2.  78    4.5 100 2 2 0 0 1 1 8.2 71.9 8.4 71.5 80.0 100 100 20 408 0 145 0 401 401 400 0 0 0 60 50 WAIT_ACK 600 
b.1 2025-06-01 13:49:00.891 a 2025-06-01-13:49:00 215 232 260 3.7 11.4 16.1 3.4 83.4 726.5 25.73 17730 14.4 7.6 22.6 23.4 3.633  -998.    8.1    -2.  78    4.5 100 2 2 0 0 1 1 8.2 71.6 8.4 71.5 80.0 100 100 20 408 0 145 0 401 401 400 0 0 0 60 50 WAIT_ACK 600 
b.1 2025-06-01 13:50:02.220 a 2025-06-01-13:50:01 201 230 260 5.6 10.6 14.3 3.4 83.2 726.5 25.74 17750 2.3 7.6 22.6 23.4 3.633  -998.    8.1    -2.  78    4.5   0 2 2 0 0 1 1 8.2 71.8 8.3 71.5 80.0 100 100 20 408 0 145 0 401 401 400 0 0 0 60 50 WAIT_ACK 600 
b.1 2025-06-01 13:51:01.177 a 2025-06-01-13:51:00 207 232 269 6.9 10.7 14.8 3.4 82.8 726.4 25.74 17750 0.0 8.4 22.6 23.4 3.633  -998.    8.1    -2.  78    4.5   0 2 2 0 0 1 1 8.2 71.9 8.3 71.5 80.0 100 100 20 408 0 145 0 401 401 400 0 0 0 60 50 WAIT_ACK 600 
b.1 2025-06-01 13:52:00.832 a 2025-06-01-13:51:59 211 231 261 7.0 11.5 15.5 3.5 82.8 726.4 25.74 17750 0.0 9.1 22.6 23.4 3.633  -998.    8.1    -2.  78    4.5   0 1 2 0 0 1 1 8.2 71.9 8.3 71.5 80.0 100 100 20 408 0 145 0 401 402 399 0 0 0 60 50 WAIT_ACK 600 
b.1 2025-06-01 13:53:01.292 a 2025-06-01-13:53:00 205 229 256 7.0 12.1 15.0 3.5 82.4 726.4 25.74 17750 0.0 9.3 22.6 23.4 3.633  -998.    8.1    -2.  78    4.5   0 2 2 0 0 1 1 8.2 71.9 8.3 71.6 80.0 100 100 20 408 0 145 0 401 401 400 0 0 0 60 50 WAIT_ACK 600 
b.1 2025-06-01 13:54:00.733 a 2025-06-01-13:53:59 212 230 263 6.6 12.1 16.3 3.5 82.4 726.4 25.74 17750 0.0 9.5 22.6 23.4 3.633  -998.    8.1    -2.  78    4.5   0 1 2 0 0 1 1 8.3 72.1 8.3 71.6 80.0 100 100 20 408 0 145 0 400 401 399 0 0 0 60 50 WAIT_ACK 600 
b.1 2025-06-01 13:55:01.280 a 2025-06-01-13:55:00 204 233 266 5.8 11.3 14.9 3.5 82.3 726.5 25.74 17750 0.0 9.7 22.6 23.4 3.633  -998.    8.1    -2.  78    4.5 100 0 2 0 0 1 1 8.3 71.8 8.3 71.7 80.0 100 100 20 408 0 145 0 401 401 399 0 0 0 60 50 WAIT_ACK 600 
b.1 2025-06-01 13:56:01.532 a 2025-06-01-13:56:00 201 231 257 5.3 10.1 14.0 3.5 83.7 726.4 25.74 17750 0.0 10.1 22.6 23.4 3.633  -998.    8.1    -2.  78    4.6   0 0 2 0 0 1 1 8.3 71.8 8.3 71.7 80.0 100 100 20 408 0 145 0 401 401 399 0 0 0 60 50 WAIT_ACK 600 
b.1 2025-06-01 13:57:02.153 a 2025-06-01-13:57:01 208 232 258 5.3 11.7 15.6 3.6 82.0 726.3 25.74 17750 0.0 9.9 22.6 23.4 3.633  -998.    8.1    -2.  78    4.6   0 0 2 0 0 1 1 8.3 71.7 8.3 71.6 80.0 100 100 20 408 0 145 0 401 401 400 0 0 0 60 50 WAIT_ACK 600 
b.1 2025-06-01 13:58:00.936 a 2025-06-01-13:57:59 208 233 260 4.7 12.4 16.1 3.6 82.0 726.4 25.74 17750 0.0 9.8 22.6 23.4 3.633  -998.    8.1    -2.  78    4.6 100 0 2 0 0 1 1 8.3 71.8 8.3 71.6 80.0 100 100 20 408 0 145 0 401 401 400 0 0 0 60 50 WAIT_ACK 600 
b.1 2025-06-01 13:59:00.957 a 2025-06-01-13:59:00 208 234 257 5.7 11.1 14.6 3.6 82.5 726.4 25.74 17750 0.0 9.9 22.6 23.4 3.632  -998.    8.1    -2.  78    4.6   0 0 2 0 0 1 1 8.3 71.6 8.3 71.7 80.0 100 100 20 408 0 145 0 400 401 399 0 0 0 60 50 WAIT_ACK 600 
b.1 2025-06-01 14:00:00.930 a 2025-06-01-14:00:00 209 233 254 4.8 11.5 16.4 3.5 82.7 726.3 25.74 17750 0.0 10.0 22.6 23.4 3.633  -998.    8.2    -2.  78    4.6 100 0 2 0 0 1 1 8.3 71.5 8.3 71.5 80.0 100 100 20 408 0 145 0 401 401 400 0 0 0 60 50 WAIT_ACK 600 
b.1 2025-06-01 14:01:01.157 a 2025-06-01-14:01:00 207 229 254 4.1 11.4 16.5 3.5 82.8 726.3 25.74 17750 0.0 10.0 22.6 23.4 3.633  -998.    8.2    -2.  78    4.6   0 0 2 0 0 1 1 8.3 71.6 8.3 71.5 80.0 100 100 20 408 0 145 0 401 401 400 0 0 0 60 50 WAIT_ACK 600 
b.1 2025-06-01 14:02:00.536 a 2025-06-01-14:01:59 209 231 253 7.3 13.2 17.0 3.6 82.7 726.3 25.81 17800 3.7 9.0 22.6 23.4 3.633  -998.    8.2    -2.  78    4.5   0 2 2 0 0 1 1 8.3 71.5 8.3 71.5 80.0 100 100 20 408 0 145 0 402 401 400 0 0 0 60 50 WAIT_ACK 600 
b.1 2025-06-01 14:03:01.076 a 2025-06-01-14:03:00 209 230 260 5.8 13.3 17.3 3.6 82.7 726.3 25.83 17850 1.5 9.1 22.6 23.4 3.633  -998.    8.2    -2.  78    4.5   0 1 2 0 0 1 1 8.3 71.7 8.3 71.6 80.0 100 100 20 408 0 145 0 401 401 399 0 0 0 60 50 WAIT_ACK 600 
b.1 2025-06-01 14:04:01.193 a 2025-06-01-14:04:00 197 226 259 5.1 12.0 15.6 3.6 82.7 726.4 25.83 17860 0.0 9.1 22.6 23.4 3.633  -998.    8.1    -2.  78    4.5 100 1 2 0 0 1 1 8.3 71.8 8.3 71.6 80.0 100 100 20 408 0 145 0 402 401 400 0 0 0 60 50 WAIT_ACK 600 
b.1 2025-06-01 14:05:01.963 a 2025-06-01-14:05:00 189 233 269 5.0 11.7 17.4 3.6 83.3 726.4 25.83 17860 0.0 9.3 22.6 23.4 3.633  -998.    8.2    -2.  78    4.5   0 1 2 0 0 1 1 8.3 71.5 8.3 71.6 80.0 100 100 20 408 0 145 0 401 401 399 0 0 0 60 50 WAIT_ACK 600 
b.1 2025-06-01 14:06:00.717 a 2025-06-01-14:05:59 209 233 267 6.2 10.8 15.2 3.6 83.6 726.4 25.83 17860 0.0 9.9 22.6 23.5 3.633  -998.    8.1    -2.  78    4.5 100 0 2 0 0 1 1 8.3 71.6 8.3 71.5 80.0 100 100 20 408 0 145 0 401 401 400 0 0 0 60 50 WAIT_ACK 600 
b.1 2025-06-01 14:07:00.016 a 2025-06-01-14:06:59 201 233 275 6.2 12.2 15.8 3.6 83.6 726.4 25.83 17860 0.0 9.8 22.6 23.4 3.633  -998.    8.1    -2.  78    4.5 100 0 2 0 0 1 1 8.3 71.6 8.3 71.6 80.0 100 100 20 408 0 145 0 401 401 400 0 0 0 60 50 WAIT_ACK 600 
b.1 2025-06-01 14:08:01.296 a 2025-06-01-14:08:00 206 231 275 3.1 11.0 14.9 3.6 83.5 726.3 25.83 17860 0.0 10.0 22.6 23.4 3.633  -998.    8.1    -2.  78    4.5   0 0 2 0 0 1 1 8.3 71.6 8.3 71.7 80.0 100 100 20 408 0 145 0 401 401 399 0 0 0 60 50 WAIT_ACK 600 
b.1 2025-06-01 14:09:01.756 a 2025-06-01-14:09:00 214 233 270 1.9 11.9 15.4 3.6 84.2 726.4 25.83 17860 0.0 10.0 22.6 23.4 3.633  -998.    8.2    -2.  78    4.5 100 0 2 0 0 1 1 8.3 71.6 8.3 71.8 80.0 100 100 20 408 0 145 0 400 401 399 0 0 0 60 50 WAIT_ACK 600 
b.1 2025-06-01 14:10:01.934 a 2025-06-01-14:10:01 214 233 261 3.4 11.4 14.7 3.6 84.1 726.4 25.83 17860 0.0 10.2 22.6 23.4 3.633  -998.    8.1    -2.  78    4.5 100 0 2 0 0 2 1 8.3 71.5 8.3 71.8 80.0 100 100 20 408 0 145 0 401 401 399 0 0 0 60 50 WAIT_ACK 600 
b.1 2025-06-01 14:11:01.321 a 2025-06-01-14:11:00 205 233 262 4.3 12.2 16.3 3.6 84.1 726.4 25.83 17860 0.0 10.1 22.6 23.4 3.633  -998.    8.1    -2.  78    4.5   0 0 2 0 0 2 1 8.3 71.7 8.3 72.0 80.0 100 100 20 408 0 145 0 401 401 399 0 0 0 60 50 WAIT_ACK 600 
b.1 2025-06-01 14:12:01.536 a 2025-06-01-14:12:00 199 227 254 6.1 10.8 15.2 3.6 84.2 726.3 25.83 17860 0.0 10.4 22.6 23.4 3.633  -998.    8.2    -2.  78    4.5 100 0 2 0 0 2 1 8.3 72.0 8.3 72.1 80.0 100 100 20 408 0 145 0 401 401 400 0 0 0 60 50 WAIT_ACK 600 
b.1 2025-06-01 14:13:01.536 a 2025-06-01-14:13:00 152 229 254 0.5 10.2 14.6 3.6 84.8 726.4 25.83 17860 0.0 10.7 22.6 23.4 3.633  -998.    8.2    -2.  78    4.5 100 0 2 0 0 2 1 8.3 72.2 8.3 72.2 80.0 100 100 20 408 0 145 0 401 401 400 0 0 0 60 50 WAIT_ACK 600 
b.1 2025-06-01 14:14:01.134 a 2025-06-01-14:14:00 194 227 245 5.8 10.6 15.5 3.6 85.0 726.2 25.83 17860 0.0 10.8 22.6 23.4 3.632  -998.    8.2    -2.  78    4.6   0 0 2 0 0 2 1 8.3 72.3 8.3 72.3 80.0 100 100 20 408 0 145 0 400 402 399 0 0 0 60 50 WAIT_ACK 600 
b.1 2025-06-01 14:15:02.098 a 2025-06-01-14:15:01 156 237 276 0.9 9.7 13.5 3.6 84.8 726.3 25.83 17860 0.0 11.1 22.6 23.4 3.633  -998.    8.3    -2.  78    4.6   0 0 2 0 0 2 1 8.3 72.4 8.3 72.2 80.0 100 100 20 408 0 145 0 401 401 400 0 0 0 60 50 WAIT_ACK 600 
b.1 2025-06-01 14:16:01.940 a 2025-06-01-14:16:01 218 241 266 2.2 10.6 15.5 3.7 84.8 726.4 25.83 17860 0.0 11.1 22.6 23.4 3.633  -998.    8.3    -2.  78    4.6   0 0 2 0 0 2 1 8.3 72.6 8.3 72.4 80.0 100 100 20 408 0 145 0 401 401 400 0 0 0 60 50 WAIT_ACK 600 
b.1 2025-06-01 14:17:01.976 a 2025-06-01-14:17:00 214 238 262 4.6 10.2 15.2 3.7 84.7 726.4 25.83 17860 0.0 10.8 22.6 23.4 3.633  -998.    8.3    -2.  78    4.7   0 2 2 0 0 2 1 8.3 72.4 8.3 72.4 80.0 100 100 20 408 0 145 0 401 401 400 0 0 0 60 50 WAIT_ACK 600 
b.1 2025-06-01 14:18:00.976 a 2025-06-01-14:18:00 203 232 262 4.8 11.3 14.7 3.7 84.7 726.3 25.84 17900 0.7 9.9 22.6 23.4 3.632  -998.    8.3    -2.  78    4.7   0 2 2 0 0 2 1 8.3 72.5 8.3 72.7 80.0 100 100 20 408 0 145 0 401 402 399 0 0 0 60 50 WAIT_ACK 600 
b.1 2025-06-01 14:19:00.457 a 2025-06-01-14:18:59 189 236 277 2.8 10.1 15.5 3.7 84.9 726.3 25.88 17940 2.2 9.2 22.6 23.4 3.633  -998.    8.4    -2.  78    4.7   0 2 2 0 0 1 1 8.3 73.0 8.4 72.5 80.0 100 100 20 408 0 145 0 401 401 399 0 0 0 60 50 WAIT_ACK 600 
b.1 2025-06-01 14:20:00.776 a 2025-06-01-14:19:59 188 238 265 2.7 11.3 15.5 3.7 84.2 726.5 25.89 17970 0.4 9.3 22.6 23.4 3.633  -998.    8.4    -2.  78    4.7 100 1 2 0 0 1 1 8.3 72.5 8.4 72.5 80.0 100 100 20 408 0 145 0 401 401 399 0 0 0 60 50 WAIT_ACK 600 
b.1 2025-06-01 14:21:01.637 a 2025-06-01-14:21:00 200 232 271 5.8 10.6 14.0 3.6 85.3 726.4 25.89 17970 0.0 9.2 22.6 23.4 3.633  -998.    8.4    -2.  78    4.7   0 1 2 0 0 1 1 8.3 72.8 8.4 72.7 80.0 100 100 20 408 0 145 0 401 402 400 0 0 0 60 50 WAIT_ACK 600 
b.1 2025-06-01 14:22:01.617 a 2025-06-01-14:22:00 189 235 271 1.4 9.5 13.3 3.6 85.5 726.4 25.89 17970 0.0 9.6 22.6 23.4 3.634  -998.    8.4    -2.  78    4.7   0 1 2 0 0 2 1 8.3 73.1 8.4 72.8 80.0 100 100 20 408 0 145 0 401 402 399 0 0 0 60 50 WAIT_ACK 600 
b.1 2025-06-01 14:23:02.161 a 2025-06-01-14:23:01 191 232 262 1.5 8.6 13.1 3.6 85.6 726.4 25.89 17970 0.0 10.3 22.6 23.4 3.634  -998.    8.3    -2.  78    4.7   0 0 2 0 0 2 1 8.3 73.2 8.4 72.8 80.0 100 100 20 408 0 145 0 401 401 400 0 0 0 60 50 WAIT_ACK 600 
b.1 2025-06-01 14:24:01.437 a 2025-06-01-14:24:00 202 231 257 6.9 10.8 13.9 3.6 85.0 726.4 25.89 17970 0.0 10.2 22.6 23.4 3.633  -998.    8.4    -2.  78    4.7 100 0 2 0 0 2 1 8.3 73.3 8.4 72.8 80.0 100 100 20 408 0 145 0 401 402 399 0 0 0 60 50 WAIT_ACK 600 
b.1 2025-06-01 14:25:02.203 a 2025-06-01-14:25:01 211 232 263 5.2 9.6 12.9 3.6 85.0 726.4 25.89 17970 0.0 10.7 22.6 23.4 3.633  -998.    8.4    -2.  78    4.7   0 0 2 0 0 2 1 8.4 73.1 8.4 72.8 80.0 100 100 20 408 0 145 0 401 401 399 0 0 0 60 50 WAIT_ACK 600 
b.1 2025-06-01 14:26:01.259 a 2025-06-01-14:26:00 142 230 270 2.0 10.2 14.8 3.6 85.1 726.4 25.89 17970 0.0 10.9 22.6 23.4 3.633  -998.    8.4    -2.  78    4.8   0 0 2 0 0 2 1 8.4 73.4 8.4 72.9 80.0 100 100 20 408 0 145 0 401 401 399 0 0 0 60 50 WAIT_ACK 600 
b.1 2025-06-01 14:26:59.697 a 2025-06-01-14:26:58 210 233 263 4.5 9.6 14.8 3.6 85.2 726.3 25.89 17970 0.0 11.2 22.6 23.4 3.633  -998.    8.5    -2.  78    4.8   0 0 2 0 0 2 1 8.4 73.6 8.4 72.9 80.0 100 100 20 408 0 145 0 401 401 399 0 0 0 60 50 WAIT_ACK 600 
b.1 2025-06-01 14:28:00.918 a 2025-06-01-14:27:59 213 231 263 2.9 10.5 13.5 3.7 85.4 726.4 25.89 17970 0.0 11.1 22.6 23.4 3.633  -998.    8.5    -2.  78    4.8   0 0 2 0 0 2 1 8.4 73.5 8.4 73.0 80.0 100 100 20 408 0 145 0 401 401 400 0 0 0 60 50 WAIT_ACK 600 
b.1 2025-06-01 14:29:00.055 a 2025-06-01-14:28:59 214 229 247 6.9 11.9 14.2 3.5 84.5 726.4 25.89 17970 0.0 10.5 22.6 23.4 3.633  -998.    8.5    -2.  78    4.9 100 0 2 0 0 2 1 8.4 73.6 8.5 73.1 80.0 100 100 20 408 0 145 0 401 402 399 0 0 0 60 50 WAIT_ACK 600 
b.1 2025-06-01 14:30:01.936 a 2025-06-01-14:30:00 204 228 255 6.8 10.3 14.3 3.9 85.1 726.5 25.90 17980 0.7 10.7 22.6 23.4 3.633  -998.    8.6    -2.  78    4.9 100 1 2 0 0 2 1 8.4 74.0 8.5 73.3 80.0 100 100 20 408 0 145 0 401 401 400 0 0 0 60 50 WAIT_ACK 600 
b.1 2025-06-01 14:31:00.839 a 2025-06-01-14:30:59 200 227 246 5.9 10.5 14.2 3.7 85.0 726.4 26.14 18040 13.9 9.2 22.6 23.5 3.633  -998.    8.7    -2.  78    5.0   0 2 2 0 0 2 1 8.4 73.9 8.5 73.3 80.0 100 100 20 408 0 145 0 401 401 399 0 0 0 60 50 WAIT_ACK 600 
b.1 2025-06-01 14:32:01.798 a 2025-06-01-14:32:00 211 231 256 3.5 9.8 13.3 3.7 85.5 726.4 26.48 18100 19.7 8.6 22.6 23.4 3.633  -998.    8.7    -2.  78    5.0 100 2 2 0 0 1 1 8.4 73.2 8.5 73.5 80.0 100 100 20 408 0 145 0 401 402 399 0 0 0 60 50 WAIT_ACK 600 
b.1 2025-06-01 14:33:00.717 a 2025-06-01-14:32:59 215 233 258 1.6 10.2 13.4 3.7 85.4 726.4 26.77 18150 20.5 8.2 22.6 23.4 3.634  -998.    8.7    -2.  78    5.0   0 2 2 0 0 2 1 8.4 73.8 8.5 73.3 80.0 100 100 20 408 0 145 0 401 401 399 0 0 0 60 50 WAIT_ACK 600 
b.1 2025-06-01 14:34:01.838 a 2025-06-01-14:34:00 200 224 251 6.3 9.5 12.6 3.7 85.5 726.5 26.79 18210 2.6 8.2 22.6 23.4 3.632  -998.    8.8    -2.  78    5.1   0 2 2 0 0 2 1 8.5 73.9 8.5 73.6 80.0 100 100 20 408 0 145 0 401 401 400 0 0 0 60 50 WAIT_ACK 600 
b.1 2025-06-01 14:35:00.983 a 2025-06-01-14:35:00 146 229 268 1.7 8.3 12.9 3.7 85.8 726.5 26.83 18260 1.7 8.8 22.6 23.4 3.633  -998.    8.8    -2.  78    5.1 100 2 2 0 0 2 1 8.5 73.6 8.5 73.6 80.0 100 100 20 408 0 145 0 401 401 399 0 0 0 60 50 WAIT_ACK 600 
b.1 2025-06-01 14:36:02.298 a 2025-06-01-14:36:01 176 229 271 2.3 9.7 14.6 3.7 85.2 726.5 26.85 18310 1.4 9.4 22.6 23.4 3.633  -998.    8.7    -2.  78    5.1 100 1 2 0 0 2 1 8.5 73.7 8.6 73.4 80.0 100 100 20 408 0 145 0 401 401 400 0 0 0 60 50 WAIT_ACK 600 
b.1 2025-06-01 14:37:00.759 a 2025-06-01-14:36:59 207 231 261 6.0 10.9 13.8 3.7 84.1 726.4 26.86 18370 1.0 9.4 22.6 23.4 3.634  -998.    8.7    -2.  78    5.1   0 1 2 0 0 2 1 8.5 73.9 8.6 73.3 80.0 100 100 20 408 0 145 0 401 401 399 0 0 0 60 50 WAIT_ACK 600 
b.1 2025-06-01 14:38:01.400 a 2025-06-01-14:38:00 200 229 247 4.4 9.1 11.9 3.7 85.2 726.4 26.86 18370 0.0 9.7 22.6 23.4 3.633  -998.    8.7    -2.  78    5.1   0 1 2 0 0 2 1 8.5 73.6 8.6 73.6 80.0 100 100 20 408 0 145 0 401 401 400 0 0 0 60 50 WAIT_ACK 600 
b.1 2025-06-01 14:39:00.878 a 2025-06-01-14:38:59 199 230 264 6.5 10.2 13.3 3.7 85.3 726.4 26.86 18370 0.0 9.8 22.6 23.4 3.634  -998.    8.7    -2.  78    5.1   0 0 2 0 0 2 1 8.5 73.7 8.6 73.3 80.0 100 100 20 408 0 145 0 401 401 400 0 0 0 60 50 WAIT_ACK 600 
b.1 2025-06-01 14:40:01.112 a 2025-06-01-14:40:00 203 232 256 2.1 10.3 14.1 3.8 84.6 726.4 26.86 18370 0.0 10.1 22.6 23.4 3.633  -998.    8.7    -2.  78    5.1 100 0 2 0 0 2 1 8.5 73.4 8.6 73.3 80.0 100 100 20 408 0 145 0 401 401 399 0 0 0 60 50 WAIT_ACK 600 
b.1 2025-06-01 14:41:02.109 a 2025-06-01-14:41:01 201 229 274 5.0 9.6 12.8 3.8 85.2 726.5 26.86 18370 0.0 10.8 22.6 23.4 3.634  -998.    8.8    -2.  78    5.1   0 0 2 0 0 2 1 8.6 73.7 8.6 73.4 80.0 100 100 20 408 0 145 0 401 401 400 0 0 0 60 50 WAIT_ACK 600 
b.1 2025-06-01 14:42:01.882 a 2025-06-01-14:42:00 205 229 263 1.9 9.0 12.5 3.8 85.2 726.5 26.86 18370 0.0 11.1 22.6 23.4 3.633  -998.    8.8    -2.  78    5.2   0 0 2 0 0 2 1 8.6 73.9 8.6 73.6 80.0 100 100 20 408 0 145 0 401 401 400 0 0 0 60 50 WAIT_ACK 600 
b.1 2025-06-01 14:43:00.976 a 2025-06-01-14:42:59 197 225 248 5.3 8.2 11.5 3.8 85.9 726.5 26.86 18370 0.0 11.7 22.6 23.4 3.633  -998.    8.8    -2.  78    5.2 100 0 2 0 0 2 1 8.6 73.6 8.6 73.6 80.0 100 100 20 408 0 145 0 401 401 399 0 0 0 60 50 WAIT_ACK 600 
b.1 2025-06-01 14:44:01.700 a 2025-06-01-14:44:00 204 231 260 2.1 8.3 13.0 3.9 86.3 726.5 26.86 18370 0.0 11.8 22.6 23.4 3.632  -998.    8.8    -2.  78    5.2   0 0 2 0 0 2 1 8.6 73.6 8.7 73.7 80.0 100 100 20 408 0 145 0 401 402 399 0 0 0 60 50 WAIT_ACK 600 
b.1 2025-06-01 14:45:00.898 a 2025-06-01-14:44:59 180 220 247 2.7 6.7 10.2 3.9 86.6 726.5 26.86 18370 0.0 12.2 22.6 23.4 3.633  -998.    8.9    -2.  78    5.3   0 0 2 0 0 1 1 8.6 73.7 8.7 73.6 80.0 100 100 20 408 0 145 0 401 401 400 0 0 0 60 50 WAIT_ACK 600 
b.1 2025-06-01 14:46:01.239 a 2025-06-01-14:46:00 192 227 256 4.0 7.9 11.6 3.9 87.1 726.5 26.86 18370 0.0 12.2 22.6 23.4 3.632  -998.    8.9    -2.  78    5.3   0 0 2 0 0 1 1 8.6 73.3 8.7 73.5 80.0 100 100 20 408 0 145 0 401 402 399 0 0 0 60 50 WAIT_ACK 600 
b.1 2025-06-01 14:47:01.821 a 2025-06-01-14:47:00 207 231 262 4.0 9.6 13.3 3.9 86.1 726.6 26.86 18370 0.0 12.0 22.6 23.4 3.633  -998.    8.9    -2.  78    5.3   0 0 2 0 0 1 1 8.6 73.4 8.7 73.6 80.0 100 100 20 408 0 145 0 402 401 400 0 0 0 60 50 WAIT_ACK 600 
b.1 2025-06-01 14:48:00.220 a 2025-06-01-14:47:59 207 226 251 4.4 9.0 11.7 3.9 85.7 726.6 26.86 18370 0.0 11.9 22.6 23.4 3.633  -998.    8.9    -2.  78    5.3   0 0 2 0 0 2 1 8.7 73.4 8.8 73.5 80.0 100 100 20 408 0 145 0 402 401 400 0 0 0 60 50 WAIT_ACK 600 
b.1 2025-06-01 14:49:00.398 a 2025-06-01-14:48:59 199 226 256 4.8 9.3 13.1 3.9 86.3 726.6 26.86 18370 0.0 11.8 22.6 23.4 3.633  -998.    8.9    -2.  78    5.3   0 0 2 0 0 2 1 8.7 73.3 8.8 73.5 80.0 100 100 20 408 0 145 0 400 401 399 0 0 0 60 50 WAIT_ACK 600 
b.1 2025-06-01 14:50:02.138 a 2025-06-01-14:50:01 196 229 252 5.0 9.4 12.9 3.9 85.7 726.6 26.86 18370 0.0 12.1 22.6 23.4 3.633  -998.    8.9    -2.  78    5.3   0 0 2 0 0 2 1 8.7 73.4 8.8 73.2 80.0 100 100 20 408 0 145 0 401 401 400 0 0 0 60 50 WAIT_ACK 600 
b.1 2025-06-01 14:51:01.061 a 2025-06-01-14:51:00 152 223 258 1.6 7.8 12.8 4.0 86.3 726.6 26.86 18370 0.0 12.6 22.6 23.4 3.633  -998.    9.0    -2.  78    5.4   0 0 2 0 0 2 1 8.7 73.8 8.8 73.6 80.0 100 100 20 408 0 145 0 401 401 399 0 0 0 60 50 WAIT_ACK 600 
b.1 2025-06-01 14:52:01.078 a 2025-06-01-14:52:00 202 227 249 5.3 9.0 11.9 4.0 85.7 726.6 26.86 18370 0.0 12.3 22.6 23.4 3.633  -998.    9.0    -2.  78    5.4   0 0 2 0 0 2 1 8.7 73.5 8.8 73.9 80.0 100 100 20 408 0 145 0 401 401 399 0 0 0 60 50 WAIT_ACK 600 
b.1 2025-06-01 14:53:00.220 a 2025-06-01-14:52:59 186 227 252 5.8 8.7 12.8 4.0 86.1 726.6 26.86 18370 0.0 12.2 22.6 23.4 3.633  -998.    9.1    -2.  78    5.5 100 0 2 0 0 1 1 8.7 73.9 8.8 73.8 80.0 100 100 20 408 0 145 0 401 401 399 0 0 0 60 50 WAIT_ACK 600 
b.1 2025-06-01 14:54:01.457 a 2025-06-01-14:54:00 184 224 253 5.1 8.4 11.6 4.0 86.0 726.7 26.86 18370 0.0 12.3 22.6 23.4 3.633  -998.    9.1    -2.  78    5.5   0 0 2 0 0 1 1 8.8 73.6 8.9 74.1 80.0 100 100 20 408 0 145 0 401 402 399 0 0 0 60 50 WAIT_ACK 600 
b.1 2025-06-01 14:55:01.759 a 2025-06-01-14:55:00 207 229 257 3.6 8.8 12.5 4.0 85.8 726.7 26.86 18370 0.0 12.0 22.6 23.4 3.634  -998.    9.1    -2.  78    5.4   0 0 2 0 0 1 1 8.8 73.6 8.9 73.5 80.0 100 100 20 408 0 145 0 401 401 400 0 0 0 60 50 WAIT_ACK 600 
b.1 2025-06-01 14:56:00.085 a 2025-06-01-14:55:59 188 220 242 2.4 7.4 11.0 4.0 86.2 726.7 26.86 18370 0.0 12.2 22.6 23.4 3.633  -998.    9.1    -2.  78    5.4   0 0 2 0 0 1 1 8.8 73.6 8.9 73.6 80.0 100 100 20 408 0 145 0 401 401 400 0 0 0 60 50 WAIT_ACK 600 
b.1 2025-06-01 14:57:01.180 a 2025-06-01-14:57:00 198 225 264 4.6 8.8 12.8 4.0 86.1 726.7 26.86 18370 0.0 12.0 22.6 23.4 3.633  -998.    9.0    -2.  78    5.4   0 0 2 0 0 1 1 8.8 73.4 8.9 73.3 80.0 100 100 20 408 0 145 0 401 401 399 0 0 0 60 50 WAIT_ACK 600 
b.1 2025-06-01 14:58:01.082 a 2025-06-01-14:58:00 203 233 303 1.6 8.9 13.3 4.0 86.0 726.8 26.86 18370 0.0 11.9 22.6 23.4 3.633  -998.    9.0    -2.  78    5.3   0 0 2 0 0 1 1 8.8 73.4 8.9 73.4 80.0 100 100 20 408 0 145 0 401 401 399 0 0 0 60 50 WAIT_ACK 600 
b.1 2025-06-01 14:59:02.262 a 2025-06-01-14:59:01 188 223 262 3.8 8.0 12.8 3.9 86.7 726.6 26.86 18370 0.0 11.8 22.6 23.4 3.633   -8.1    9.0   36.8  78    5.3   0 0 0 3 3 1 1 8.8 73.3 8.9 73.3 80.0 100 100 20 408 0 145 0 401 401 400 0 0 0 60 50 WAIT_ACK 600 
b.1 2025-06-01 15:00:00.200 a 2025-06-01-14:59:59 127 235 282 2.5 7.1 11.8 4.0 86.5 726.7 26.86 18370 0.0 12.4 22.6 23.4 3.633  -12.2    9.0   32.3  78    5.3   5 0 0 2 3 1 1 8.8 73.2 8.9 73.2 80.0 100 100 20 408 0 145 0 402 401 400 0 0 0 60 50 WAIT_ACK 600 
b.1 2025-06-01 15:01:01.104 a 2025-06-01-15:01:00 192 235 262 1.9 8.5 12.4 4.0 85.6 726.6 26.86 18370 0.0 12.5 22.6 23.4 3.633  -11.1    9.0   38.3  78    5.3  13 0 0 2 3 1 1 8.8 73.1 8.9 73.0 80.0 100 100 20 408 0 145 0 401 401 400 0 0 0 60 50 WAIT_ACK 600 
b.1 2025-06-01 15:02:01.480 a 2025-06-01-15:02:00 182 236 273 3.5 8.7 12.6 4.0 85.6 726.6 26.86 18370 0.0 12.5 22.6 23.4 3.633  -12.6    8.9   37.1  78    5.2  15 0 0 2 3 1 1 8.6 72.7 8.7 72.9 80.0 100 100 20 408 0 145 0 401 401 400 0 0 0 60 50 WAIT_ACK 600 
b.1 2025-06-01 15:03:00.542 a 2025-06-01-15:02:59 000 236 209 0.7 7.9 13.6 4.0 85.7 726.5 26.86 18370 0.0 12.6 22.6 23.4 3.634  -15.3    8.9   32.5  78    5.2  15 0 0 2 3 1 1 8.4 73.0 8.4 73.4 80.0 100 100 20 408 0 145 0 401 401 399 0 0 0 60 50 WAIT_ACK 600 
b.1 2025-06-01 15:04:00.921 a 2025-06-01-15:03:59 194 237 264 2.1 9.1 12.7 3.9 85.7 726.5 26.86 18370 0.0 12.7 22.6 23.4 3.633  -15.4    8.9   32.4  78    5.2  15 0 0 2 3 2 1 8.2 74.1 8.2 74.3 80.0 100 100 20 408 0 145 0 400 402 399 0 0 0 60 50 WAIT_ACK 600 
b.1 2025-06-01 15:05:00.703 a 2025-06-01-15:04:59 129 233 263 0.6 6.9 11.8 4.1 86.3 726.5 26.86 18370 0.0 13.5 22.6 23.4 3.633  -10.1    8.9   22.9  78    5.2   5 0 0 2 2 2 0 8.2 74.3 8.3 74.2 80.0 100 100 20 408 0 145 0 401 401 400 0 0 0 60 50 WAIT_ACK 600 
b.1 2025-06-01 15:06:00.924 a 2025-06-01-15:05:59 130 235 283 0.4 6.6 11.5 4.2 86.3 726.6 26.86 18370 0.0 13.8 22.6 23.4 3.633  -10.6    8.9   19.7  77    5.2  13 0 0 2 2 1 0 8.3 74.0 8.3 74.3 80.0 100 100 20 408 0 145 0 401 401 399 0 0 0 60 50 WAIT_ACK 600 
b.1 2025-06-01 15:07:01.322 a 2025-06-01-15:07:00 130 230 282 0.8 8.4 11.8 4.2 84.6 726.6 26.86 18370 0.0 13.0 22.6 23.4 3.633   -9.6    8.9   26.6  77    5.2  17 0 0 3 2 1 1 8.3 74.4 8.3 74.4 80.0 100 100 20 408 0 145 0 401 401 400 0 0 0 60 50 WAIT_ACK 600 
b.1 2025-06-01 15:08:02.325 a 2025-06-01-15:08:01 213 234 277 1.4 7.3 11.6 4.2 84.8 726.6 26.86 18370 0.0 13.1 22.6 23.4 3.633  -10.1    9.0   23.7  77    5.2  14 0 0 2 2 1 0 8.4 73.7 8.4 74.1 80.0 100 100 20 408 0 145 0 401 401 400 0 0 0 60 50 WAIT_ACK 600 
b.1 2025-06-01 15:09:00.361 a 2025-06-01-15:08:59 127 231 300 1.2 7.5 10.6 4.2 84.9 726.6 26.86 18370 0.0 13.1 22.6 23.4 3.633   -8.8    9.0   24.3  77    5.2  14 0 0 3 2 1 1 8.3 73.3 8.3 73.8 80.0 100 100 20 408 0 145 0 400 401 399 0 0 0 60 50 WAIT_ACK 600 
b.1 2025-06-01 15:10:01.605 a 2025-06-01-15:10:00 139 234 271 1.0 6.9 10.9 4.2 85.5 726.5 26.86 18370 0.0 13.2 22.6 23.4 3.633   -9.9    9.0   22.0  77    5.2  14 0 0 3 2 1 1 8.1 74.0 8.1 74.6 80.0 100 100 20 408 0 145 0 402 401 400 0 0 0 60 50 WAIT_ACK 600 
b.1 2025-06-01 15:11:01.740 a 2025-06-01-15:11:00 137 235 280 1.8 7.2 10.7 4.2 85.2 726.5 26.89 18380 1.7 13.2 22.6 23.4 3.633  -998.    9.0    -2.  77    5.2 100 1 2 0 0 1 1 8.0 74.9 8.0 75.3 80.0 100 100 20 408 0 145 0 401 401 400 0 0 0 60 50 WAIT_ACK 600 
b.1 2025-06-01 15:12:01.262 a 2025-06-01-15:12:00 139 237 307 1.0 6.5 11.2 4.3 85.7 726.6 26.93 18430 2.0 11.9 22.6 23.4 3.633  -998.    9.0    -2.  77    5.2 100 1 2 0 0 1 1 8.0 74.7 8.0 75.5 80.0 100 100 20 408 0 145 0 401 401 400 0 0 0 60 50 WAIT_ACK 600 
b.1 2025-06-01 15:13:02.085 a 2025-06-01-15:13:01 203 234 268 3.4 8.0 12.4 4.3 84.1 726.6 27.19 18490 14.3 10.1 22.6 23.4 3.632  -998.    9.0    -2.  77    5.2 100 2 2 0 0 1 1 8.1 74.7 8.1 75.0 80.0 100 100 20 408 0 145 0 401 401 399 0 0 0 60 50 WAIT_ACK 600 
b.1 2025-06-01 15:14:01.805 a 2025-06-01-15:14:00 206 228 258 3.6 7.8 12.0 4.5 85.2 726.5 27.48 18550 18.8 9.3 22.6 23.4 3.633  -998.    9.0    -2.  77    5.3 100 2 2 0 0 1 1 8.1 74.9 8.2 75.3 80.0 100 100 20 408 0 145 0 400 401 399 0 0 0 60 50 WAIT_ACK 600 
b.1 2025-06-01 15:15:02.381 a 2025-06-01-15:15:01 196 232 264 2.2 6.2 8.9 4.2 85.5 726.6 27.51 18590 1.8 9.6 22.6 23.4 3.633  -998.    9.0    -2.  77    5.3   0 1 2 0 0 1 1 8.2 74.6 8.2 74.9 80.0 100 100 20 408 0 145 0 401 401 399 0 0 0 60 50 WAIT_ACK 600 
b.1 2025-06-01 15:16:00.384 a 2025-06-01-15:15:59 130 230 281 0.3 6.2 10.3 4.2 85.5 726.6 27.52 18620 0.6 9.9 22.6 23.4 3.632  -998.    9.1    -2.  77    5.3 100 2 2 0 0 1 1 8.3 74.7 8.3 74.6 80.0 100 100 20 408 0 145 0 401 401 399 0 0 0 60 50 WAIT_ACK 600 
b.1 2025-06-01 15:17:01.661 a 2025-06-01-15:17:00 175 235 261 1.8 7.4 11.8 4.3 86.2 726.6 27.54 18660 0.9 10.1 22.6 23.4 3.633  -998.    9.1    -2.  77    5.3   0 1 2 0 0 1 1 8.4 74.2 8.4 74.6 80.0 100 100 20 408 0 145 0 401 401 400 0 0 0 60 50 WAIT_ACK 600 
b.1 2025-06-01 15:18:02.104 a 2025-06-01-15:18:01 203 231 275 1.3 6.4 9.3 4.2 85.2 726.6 27.54 18660 0.0 10.9 22.6 23.4 3.633  -998.    9.1    -2.  77    5.4   0 2 2 0 0 1 1 8.4 74.3 8.4 74.4 80.0 100 100 20 408 0 145 0 401 401 400 0 0 0 60 50 WAIT_ACK 600 
b.1 2025-06-01 15:19:01.161 a 2025-06-01-15:19:00 202 229 266 2.9 7.1 9.5 4.3 84.6 726.7 27.54 18660 0.0 11.3 22.6 23.4 3.633  -998.    9.1    -2.  78    5.4   0 2 2 0 0 1 1 8.4 73.9 8.5 74.5 80.0 100 100 20 408 0 145 0 402 401 399 0 0 0 60 50 WAIT_ACK 600 
b.1 2025-06-01 15:20:01.479 a 2025-06-01-15:20:00 180 229 335 1.5 5.5 9.7 4.2 85.2 726.7 27.54 18660 0.0 12.0 22.6 23.4 3.633  -998.    9.1    -2.  78    5.4 100 1 2 0 0 1 1 8.4 73.7 8.5 74.5 80.0 100 100 20 408 0 145 0 401 401 399 0 0 0 60 50 WAIT_ACK 600 
b.1 2025-06-01 15:21:01.921 a 2025-06-01-15:21:00 207 223 254 2.7 5.5 7.8 4.3 85.0 726.8 27.54 18660 0.0 12.3 22.6 23.4 3.633  -998.    9.1    -2.  78    5.5   0 1 2 0 0 1 1 8.5 73.6 8.5 74.5 80.0 100 100 20 408 0 145 0 401 401 399 0 0 0 60 50 WAIT_ACK 600 
b.1 2025-06-01 15:22:01.441 a 2025-06-01-15:22:00 181 222 258 3.2 5.8 9.0 4.3 85.9 726.7 27.54 18660 0.0 12.6 22.6 23.4 3.633  -998.    9.1    -2.  78    5.5   0 2 2 0 0 1 1 8.5 73.7 8.6 74.1 80.0 100 100 20 408 0 145 0 401 402 400 0 0 0 60 50 WAIT_ACK 600 
b.1 2025-06-01 15:23:01.009 a 2025-06-01-15:22:59 183 228 256 1.7 7.0 9.8 4.4 85.3 726.8 27.54 18680 0.0 12.5 22.6 23.4 3.633  -998.    9.2    -2.  78    5.5   0 1 2 0 0 1 1 8.5 74.2 8.6 74.6 80.0 100 100 20 408 0 145 0 401 401 400 0 0 0 60 50 WAIT_ACK 600 
b.1 2025-06-01 15:24:01.125 a 2025-06-01-15:24:00 150 223 250 1.3 5.8 10.0 4.4 84.2 726.9 27.54 18680 0.0 12.3 22.6 23.4 3.634  -998.    9.2    -2.  78    5.6 100 1 2 0 0 1 1 8.5 73.9 8.6 74.3 80.0 100 100 21 408 0 145 0 401 401 400 0 0 0 60 50 WAIT_ACK 600 
b.1 2025-06-01 15:25:02.328 a 2025-06-01-15:25:01 174 221 245 3.4 5.9 7.7 4.5 84.9 726.9 27.54 18680 0.0 12.6 22.6 23.4 3.633  -998.    9.3    -2.  78    5.7   0 0 2 0 0 1 1 8.6 73.7 8.6 74.1 80.0 100 100 21 408 0 145 0 401 401 400 0 0 0 60 50 WAIT_ACK 600 
b.1 2025-06-01 15:26:02.161 a 2025-06-01-15:26:01 205 226 246 3.7 5.5 7.6 4.5 84.9 727.0 27.54 18680 0.0 13.2 22.6 23.4 3.633  -998.    9.3    -2.  78    5.7   0 2 2 0 0 1 1 8.6 73.8 8.6 74.4 80.0 100 100 21 408 0 145 0 401 401 399 0 0 0 60 50 WAIT_ACK 600 
b.1 2025-06-01 15:27:02.342 a 2025-06-01-15:27:01 133 225 265 1.3 5.9 8.2 4.5 85.3 727.0 27.54 18680 0.0 13.3 22.6 23.4 3.632  -998.    9.3    -2.  78    5.8   0 1 2 0 0 1 1 8.6 73.9 8.7 74.3 80.0 100 100 21 408 0 145 0 401 401 399 0 0 0 60 50 WAIT_ACK 600 
b.1 2025-06-01 15:28:00.744 a 2025-06-01-15:27:59 200 224 241 3.1 5.0 6.9 4.5 85.5 727.0 27.54 18680 0.0 13.6 22.6 23.4 3.633  -998.    9.4    -2.  78    5.8 100 1 2 0 0 1 1 8.6 73.8 8.7 74.2 80.0 100 100 21 408 0 145 0 402 401 400 0 0 0 60 50 WAIT_ACK 600 
b.1 2025-06-01 15:29:01.144 a 2025-06-01-15:29:00 193 222 244 2.9 4.7 7.0 4.5 85.9 727.0 27.54 18680 0.0 14.0 22.6 23.4 3.633  -998.    9.4    -2.  78    5.8   0 0 2 0 0 1 1 8.6 74.0 8.7 73.9 80.0 100 100 21 408 0 145 0 401 401 399 0 0 0 60 50 WAIT_ACK 600 
b.1 2025-06-01 15:30:00.941 a 2025-06-01-15:29:59 200 226 248 1.8 4.8 7.0 4.5 86.0 727.0 27.54 18680 0.0 14.2 22.6 23.4 3.633  -998.    9.4    -2.  79    5.9   0 0 2 0 0 1 1 8.6 74.2 8.7 74.4 80.0 100 100 21 408 0 145 0 401 402 399 0 0 0 60 50 WAIT_ACK 600 
b.1 2025-06-01 15:31:01.022 a 2025-06-01-15:31:00 202 226 251 2.4 4.9 6.3 4.5 85.5 727.1 27.54 18680 0.0 14.4 22.6 23.4 3.633  -998.    9.4    -2.  79    5.9 100 0 2 0 0 1 1 8.6 74.4 8.7 74.3 80.0 100 100 21 408 0 145 0 401 401 400 0 0 0 60 50 WAIT_ACK 600 
b.1 2025-06-01 15:32:01.447 a 2025-06-01-15:32:00 179 216 245 2.8 4.6 6.7 4.5 85.5 727.1 27.54 18680 0.0 14.2 22.6 23.4 3.633  -998.    9.5    -2.  79    5.9   0 0 2 0 0 1 1 8.6 73.8 8.7 74.3 80.0 100 100 21 408 0 145 0 402 401 400 0 0 0 60 50 WAIT_ACK 600 
b.1 2025-06-01 15:33:01.461 a 2025-06-01-15:33:00 137 217 243 0.5 4.5 6.8 4.5 85.6 727.1 27.54 18680 0.0 14.2 22.6 23.4 3.633  -998.    9.5    -2.  79    6.0   0 0 2 0 0 1 1 8.6 74.2 8.7 74.4 80.0 100 100 21 408 0 145 0 401 401 399 0 0 0 60 50 WAIT_ACK 600 
b.1 2025-06-01 15:34:01.263 a 2025-06-01-15:34:00 176 215 245 2.0 3.7 5.9 4.6 85.6 727.1 27.54 18680 0.0 14.6 22.7 23.4 3.633  -998.    9.5    -2.  79    6.0   0 0 2 0 0 1 1 8.6 74.5 8.7 74.6 80.0 100 100 21 408 0 145 0 401 401 399 0 0 0 60 50 WAIT_ACK 600 
b.1 2025-06-01 15:35:01.322 a 2025-06-01-15:35:00 166 219 242 0.5 5.0 7.6 4.6 85.3 727.1 27.54 18680 0.0 14.4 22.6 23.4 3.633  -998.    9.5    -2.  79    6.0 100 0 2 0 0 1 1 8.6 74.2 8.7 74.4 80.0 100 100 21 408 0 145 0 401 401 400 0 0 0 60 50 WAIT_ACK 600 
b.1 2025-06-01 15:36:00.703 a 2025-06-01-15:35:59 184 216 247 1.5 4.6 7.6 4.7 85.0 727.1 27.54 18680 0.0 14.4 22.6 23.4 3.634  -998.    9.5    -2.  78    6.0 100 0 2 0 0 1 1 8.6 74.1 8.7 74.4 80.0 100 100 21 408 0 145 0 401 401 400 0 0 0 60 50 WAIT_ACK 600 
b.1 2025-06-01 15:37:01.206 a 2025-06-01-15:37:00 171 211 249 0.9 3.5 6.2 4.7 85.2 727.2 27.54 18680 0.0 14.6 23.3 23.4 3.633  -998.    9.5    -2.  78    6.0   0 0 2 0 0 1 1 8.6 73.9 8.8 74.6 80.0 100 100 21 408 0 145 0 401 401 399 0 0 0 60 50 WAIT_ACK 600 
b.1 2025-06-01 15:38:00.862 a 2025-06-01-15:37:59 161 214 278 0.9 4.7 7.3 4.8 85.0 727.2 27.54 18680 0.0 14.6 22.6 23.4 3.633  -998.    9.5    -2.  78    6.0   0 0 2 0 0 1 1 8.6 74.3 8.8 74.5 80.0 100 100 21 408 0 145 0 401 401 399 0 0 0 60 50 WAIT_ACK 600 
b.1 2025-06-01 15:39:00.904 a 2025-06-01-15:38:59 175 214 244 1.5 3.6 5.5 5.0 85.0 727.2 27.54 18680 0.0 14.5 22.6 23.4 3.633  -998.    9.6    -2.  78    6.0   0 0 2 0 0 1 1 8.6 74.2 8.8 74.6 80.0 100 100 21 408 0 145 0 402 401 400 0 0 0 60 50 WAIT_ACK 600 
b.1 2025-06-01 15:40:01.323 a 2025-06-01-15:40:00 135 206 329 0.1 3.5 8.1 4.9 85.0 727.3 27.54 18680 0.0 14.4 22.6 23.4 3.633  -998.    9.6    -2.  78    6.0   0 0 2 0 0 1 1 8.6 74.2 8.8 74.3 80.0 100 100 21 408 0 145 0 401 401 399 0 0 0 60 50 WAIT_ACK 600 
b.1 2025-06-01 15:40:59.224 a 2025-06-01-15:40:58 261 179 306 0.1 1.8 4.2 5.2 85.0 727.4 27.54 18680 0.0 14.5 22.6 23.4 3.632  -998.    9.6    -2.  78    6.1   0 0 2 0 0 1 1 8.7 74.4 8.7 74.6 80.0 100 100 21 408 0 145 0 402 401 400 0 0 0 60 50 WAIT_ACK 600 
b.1 2025-06-01 15:42:01.805 a 2025-06-01-15:42:00 072 197 242 0.4 2.4 5.2 5.2 84.3 727.5 27.54 18680 0.0 14.9 23.8 23.4 3.633  -998.    9.7    -2.  78    6.1   0 0 2 0 0 1 1 8.7 74.2 8.7 75.0 80.0 100 100 21 408 0 145 0 401 401 400 0 0 0 60 50 WAIT_ACK 600 
b.1 2025-06-01 15:43:00.907 a 2025-06-01-15:42:59 087 166 242 0.3 1.1 2.9 5.2 84.5 727.6 27.54 18680 0.0 14.8 23.9 23.4 3.633  -998.    9.7    -2.  78    6.1   0 0 2 0 0 1 1 8.7 74.1 8.8 75.0 80.0 100 100 21 408 0 145 0 401 401 400 0 0 0 60 50 WAIT_ACK 600 
b.1 2025-06-01 15:44:01.486 a 2025-06-01-15:44:00 081 157 251 0.1 1.6 3.3 5.3 84.2 727.7 27.54 18680 0.0 14.8 23.7 23.4 3.633  -998.    9.7    -2.  78    6.1   0 0 2 0 0 1 1 8.7 74.2 8.8 75.0 80.0 100 100 21 408 0 145 0 402 401 400 0 0 0 60 50 WAIT_ACK 600 
b.1 2025-06-01 15:45:02.526 a 2025-06-01-15:45:01 028 146 224 0.1 1.3 2.0 5.3 84.7 727.7 27.86 18740 18.6 14.3 22.6 23.4 3.633  -998.    9.8    -2.  78    6.1   0 2 2 0 0 1 1 8.7 74.2 8.8 75.2 80.0 100 100 21 408 0 145 0 401 401 400 0 0 0 60 50 WAIT_ACK 600 
b.1 2025-06-01 15:46:00.703 a 2025-06-01-15:45:59 012 149 230 0.1 0.9 3.4 5.2 85.6 727.8 28.14 18790 20.1 14.5 22.6 23.4 3.633  -998.    9.8    -2.  78    6.2   0 2 2 0 0 1 1 8.7 74.3 8.8 75.5 80.0 100 100 21 408 0 145 0 400 401 399 0 0 0 60 50 WAIT_ACK 600 
b.1 2025-06-01 15:47:01.168 a 2025-06-01-15:47:00 116 052 142 0.1 0.6 2.7 5.2 85.7 727.9 28.75 18850 19.9 14.8 23.3 23.4 3.633  -998.    9.8    -2.  78    6.1   0 2 2 0 0 1 1 8.7 74.2 8.7 75.3 80.0 100 100 21 408 0 145 0 401 402 399 0 0 0 60 50 WAIT_ACK 600 
b.1 2025-06-01 15:48:00.726 a 2025-06-01-15:47:59 043 199 221 0.3 2.1 5.7 5.1 85.2 727.8 29.68 18910 68.7 12.5 22.6 23.4 3.632  -998.    9.8    -2.  78    6.1   0 2 2 0 0 1 1 8.7 74.2 8.8 75.3 80.0 100 100 21 408 0 145 0 401 401 399 0 0 0 60 50 WAIT_ACK 600 
b.1 2025-06-01 15:49:01.305 a 2025-06-01-15:49:00 279 169 314 0.0 1.3 3.3 4.9 85.3 727.7 30.31 18970 39.7 12.3 22.6 23.4 3.633  -998.    9.8    -2.  78    6.0   0 2 2 0 0 1 1 8.8 74.3 8.8 75.6 80.0 100 100 21 408 0 145 0 401 401 399 0 0 0 60 50 WAIT_ACK 600 
b.1 2025-06-01 15:49:59.726 a 2025-06-01-15:49:58 103 156 252 0.2 1.6 3.3 4.9 85.3 727.7 30.64 19030 22.2 12.3 22.6 23.4 3.633  -998.    9.7    -2.  77    6.0 100 2 2 0 0 1 1 8.7 74.2 8.8 75.7 80.0 100 100 21 408 0 145 0 401 402 399 0 0 0 60 50 WAIT_ACK 600 
b.1 2025-06-01 15:51:01.986 a 2025-06-01-15:51:00 019 231 079 0.1 0.8 2.4 4.8 85.5 727.7 30.74 19090 6.0 13.3 22.6 23.4 3.633  -998.    9.6    -2.  77    5.9   0 2 2 0 0 1 1 8.8 74.2 8.8 75.1 80.0 100 100 21 408 0 145 0 401 401 399 0 0 0 60 50 WAIT_ACK 600 
b.1 2025-06-01 15:52:01.045 a 2025-06-01-15:51:59 198 225 260 1.0 2.3 5.2 4.7 86.3 727.7 30.82 19140 3.4 13.7 22.6 23.4 3.633  -998.    9.6    -2.  77    5.9 100 2 2 0 0 1 1 8.8 74.3 8.8 75.3 80.0 100 100 21 408 0 145 0 402 401 400 0 0 0 60 50 WAIT_ACK 600 
b.1 2025-06-01 15:53:01.726 a 2025-06-01-15:53:00 136 203 327 0.3 3.7 5.2 4.7 86.2 727.6 30.87 19200 4.4 11.7 22.6 23.4 3.633  -998.    9.6    -2.  77    5.9   0 2 2 0 0 1 1 8.8 74.3 8.8 75.8 80.0 100 100 21 408 0 145 0 401 401 400 0 0 0 60 50 WAIT_ACK 600 
b.1 2025-06-01 15:54:01.282 a 2025-06-01-15:54:00 107 179 230 0.7 2.8 5.1 4.5 86.2 727.5 30.93 19260 3.3 11.7 22.6 23.4 3.633  -998.    9.6    -2.  77    5.9   0 1 2 0 0 1 1 8.7 74.4 8.8 74.8 80.0 100 100 21 408 0 145 0 400 401 399 0 0 0 60 50 WAIT_ACK 600 
b.1 2025-06-01 15:55:01.509 a 2025-06-01-15:55:00 108 188 334 0.2 1.5 4.8 4.6 86.2 727.5 30.99 19320 3.6 12.5 22.6 23.4 3.632  -998.    9.6    -2.  77    5.8   0 2 2 0 0 1 1 8.8 74.4 8.8 74.8 80.0 100 100 21 408 0 145 0 401 401 400 0 0 0 60 50 WAIT_ACK 600 
b.1 2025-06-01 15:56:00.825 a 2025-06-01-15:55:59 112 188 241 0.3 1.3 2.6 4.6 86.3 727.5 31.23 19380 13.9 12.7 22.6 23.4 3.633  -998.    9.6    -2.  77    5.8   0 2 2 0 0 1 1 8.8 74.3 8.8 75.5 80.0 100 100 21 408 0 145 0 402 401 400 0 0 0 60 50 WAIT_ACK 600 
b.1 2025-06-01 15:57:00.707 a 2025-06-01-15:56:59 119 190 306 0.0 2.0 4.9 4.5 86.6 727.4 31.32 19440 5.9 12.1 22.6 23.4 3.633  -998.    9.5    -2.  77    5.7 100 2 2 0 0 1 1 8.8 74.3 8.8 75.4 80.0 100 100 21 408 0 145 0 401 401 399 0 0 0 60 50 WAIT_ACK 600 
b.1 2025-06-01 15:58:01.528 a 2025-06-01-15:58:00 163 211 242 1.0 3.3 5.2 4.5 87.0 727.4 31.39 19490 1.9 11.9 22.6 23.4 3.633  -998.    9.5    -2.  77    5.7   0 2 2 0 0 1 1 8.8 74.3 8.8 75.6 80.0 100 100 21 408 0 145 0 401 401 400 0 0 0 60 50 WAIT_ACK 600 
b.1 2025-06-01 15:59:01.045 a 2025-06-01-15:58:59 070 180 338 0.3 1.4 3.1 4.5 86.8 727.3 31.42 19550 4.3 12.5 22.6 23.4 3.633  -998.    9.5    -2.  77    5.7 100 2 2 0 0 1 1 8.8 74.3 8.8 75.5 80.0 100 100 21 408 0 145 0 401 401 400 0 0 0 60 50 WAIT_ACK 600 
b.1 2025-06-01 16:00:01.645 a 2025-06-01-16:00:00 122 198 227 0.4 2.1 4.9 4.5 87.1 727.3 31.44 19600 0.8 12.8 22.6 23.4 3.634  -998.    9.5    -2.  77    5.7   0 1 2 0 0 1 1 8.8 74.4 8.8 75.7 80.0 100 100 21 408 0 145 0 400 401 399 0 0 0 60 50 WAIT_ACK 600 
b.1 2025-06-01 16:01:00.365 a 2025-06-01-16:00:59 172 214 248 1.2 4.5 7.5 4.6 87.1 727.3 31.78 19660 19.9 11.4 22.6 23.4 3.633  -998.    9.5    -2.  77    5.7   0 2 2 0 0 1 1 8.8 74.7 8.8 75.8 80.0 100 100 21 408 0 145 0 401 401 399 0 0 0 60 50 WAIT_ACK 600 
b.1 2025-06-01 16:02:01.266 a 2025-06-01-16:02:00 147 201 226 0.8 3.2 6.4 4.7 86.9 727.3 31.94 19720 10.2 11.0 22.6 23.4 3.633  -998.    9.5    -2.  77    5.7   0 2 2 0 0 1 1 8.8 74.7 8.8 75.6 80.0 100 100 21 408 0 145 0 401 402 399 0 0 0 60 50 WAIT_ACK 600 
b.1 2025-06-01 16:02:59.946 a 2025-06-01-16:02:58 153 202 225 1.7 3.8 6.3 4.7 86.9 727.2 32.16 19770 13.5 10.3 22.6 23.4 3.632  -998.    9.4    -2.  77    5.6   0 2 2 0 0 1 1 8.7 74.7 8.8 75.5 80.0 100 100 21 408 0 145 0 401 401 400 0 0 0 60 50 WAIT_ACK 600 
b.1 2025-06-01 16:04:00.585 a 2025-06-01-16:03:59 117 196 278 0.4 2.8 6.2 4.7 86.9 727.2 32.26 19830 5.5 10.8 22.6 23.4 3.633  -998.    9.4    -2.  77    5.6 100 2 2 0 0 1 1 8.7 74.8 8.8 75.4 80.0 100 100 21 408 0 145 0 400 402 399 0 0 0 60 50 WAIT_ACK 600 
b.1 2025-06-01 16:05:00.891 a 2025-06-01-16:04:59 041 173 238 0.4 2.3 4.2 4.6 87.6 727.1 32.49 19890 14.0 11.2 22.6 23.4 3.633  -998.    9.4    -2.  77    5.6   0 2 2 0 0 1 1 8.7 74.9 8.7 75.9 80.0 100 100 21 408 0 145 0 402 401 400 0 0 0 60 50 WAIT_ACK 600 
b.1 2025-06-01 16:06:00.069 a 2025-06-01-16:05:58 086 176 305 0.4 2.3 6.5 4.8 87.5 727.1 33.03 19950 29.0 11.3 22.6 23.4 3.633  -998.    9.3    -2.  77    5.5   0 2 2 0 0 1 1 8.7 74.9 8.8 75.9 80.0 100 100 21 408 0 145 0 401 401 399 0 0 0 60 50 WAIT_ACK 600 
b.1 2025-06-01 16:07:02.426 a 2025-06-01-16:07:01 140 203 297 0.8 5.4 11.2 4.8 86.8 727.1 33.38 20010 25.4 10.2 22.6 23.4 3.634  -998.    9.3    -2.  77    5.5   0 2 2 0 0 1 1 8.7 74.9 8.7 76.0 80.0 100 100 21 408 0 145 0 401 401 399 0 0 0 60 50 WAIT_ACK 600 
b.1 2025-06-01 16:08:01.388 a 2025-06-01-16:08:00 117 192 246 0.6 3.0 6.9 4.8 86.7 727.2 33.64 20070 15.5 10.4 22.6 23.4 3.633  -998.    9.3    -2.  77    5.5   0 2 2 0 0 1 1 8.7 75.0 8.8 76.0 80.0 100 100 21 408 0 145 0 401 401 399 0 0 0 60 50 WAIT_ACK 600 
b.1 2025-06-01 16:09:00.247 a 2025-06-01-16:08:59 005 192 313 0.2 2.2 6.0 4.7 86.5 727.1 34.23 20120 36.8 10.5 22.6 23.4 3.633  -998.    9.2    -2.  77    5.4 100 2 2 0 0 1 1 8.7 75.0 8.7 76.0 80.0 100 100 21 408 0 145 0 400 401 399 0 0 0 60 50 WAIT_ACK 600 
b.1 2025-06-01 16:10:02.605 a 2025-06-01-16:10:01 073 187 250 0.4 2.5 6.4 4.6 86.3 727.1 34.44 20180 13.7 10.8 22.6 23.4 3.633  -998.    9.2    -2.  77    5.4 100 2 2 0 0 1 1 8.7 75.2 8.8 76.5 80.0 100 100 21 408 0 145 0 401 401 400 0 0 0 60 50 WAIT_ACK 600 
b.1 2025-06-01 16:11:02.128 a 2025-06-01-16:11:01 121 198 284 1.0 3.4 7.6 4.5 86.2 727.1 34.56 20240 6.6 10.4 22.6 23.4 3.633  -998.    9.1    -2.  77    5.2 100 2 2 0 0 1 1 8.7 75.1 8.8 76.0 80.0 100 100 21 408 0 145 0 401 401 400 0 0 0 60 50 WAIT_ACK 600 
b.1 2025-06-01 16:12:01.926 a 2025-06-01-16:12:00 141 200 288 0.3 3.8 8.0 4.3 86.8 727.0 34.69 20300 9.5 10.2 22.6 23.4 3.634  -998.    9.0    -2.  77    5.2   0 2 2 0 0 1 1 8.7 75.2 8.8 76.2 80.0 100 100 21 408 0 145 0 401 401 400 0 0 0 60 50 WAIT_ACK 600 
b.1 2025-06-01 16:13:01.411 a 2025-06-01-16:13:00 158 212 267 1.5 5.1 8.1 4.3 86.5 727.0 34.79 20360 5.6 10.2 22.6 23.4 3.633  -998.    9.0    -2.  77    5.1 100 2 2 0 0 1 1 8.7 75.2 8.7 76.2 80.0 100 100 21 408 0 145 0 401 401 400 0 0 0 60 50 WAIT_ACK 600 
b.1 2025-06-01 16:14:01.450 a 2025-06-01-16:14:00 150 212 231 0.8 4.7 7.6 4.2 86.1 726.9 34.84 20420 3.1 9.8 22.6 23.4 3.632  -998.    9.0    -2.  77    5.1   0 2 2 0 0 1 1 8.7 75.3 8.8 76.4 80.0 100 100 21 408 0 145 0 402 401 400 0 0 0 60 50 WAIT_ACK 600 
b.1 2025-06-01 16:15:01.430 a 2025-06-01-16:15:00 155 212 234 1.2 5.4 7.1 4.2 86.6 726.8 34.84 20450 0.1 10.1 22.6 23.4 3.633  -998.    9.0    -2.  77    5.1   0 1 2 0 0 1 1 8.7 75.5 8.8 76.1 80.0 100 100 21 408 0 145 0 401 401 400 0 0 0 60 50 WAIT_ACK 600 
b.1 2025-06-01 16:16:01.428 a 2025-06-01-16:16:00 185 212 232 1.8 5.6 7.6 4.2 86.8 726.7 34.84 20450 0.0 10.2 22.6 23.4 3.633  -998.    9.0    -2.  77    5.1 100 2 2 0 0 1 1 8.7 75.5 8.8 76.5 80.0 100 100 21 408 0 145 0 402 401 400 0 0 0 60 50 WAIT_ACK 600 
b.1 2025-06-01 16:17:00.808 a 2025-06-01-16:16:59 123 202 220 0.8 4.5 7.6 4.1 86.1 726.6 34.84 20450 0.0 10.7 22.6 23.4 3.633  -998.    9.0    -2.  77    5.1   0 1 2 0 0 1 1 8.7 75.5 8.8 76.0 80.0 100 100 21 408 0 145 0 401 401 399 0 0 0 60 50 WAIT_ACK 600 
b.1 2025-06-01 16:18:00.707 a 2025-06-01-16:17:59 171 213 254 0.5 4.7 7.3 4.1 86.5 726.6 34.84 20450 0.0 11.7 22.6 23.4 3.633  -998.    9.0    -2.  77    5.1   0 1 2 0 0 1 1 8.7 75.4 8.7 76.2 80.0 100 100 21 408 0 145 0 401 401 399 0 0 0 60 50 WAIT_ACK 600 
b.1 2025-06-01 16:19:00.589 a 2025-06-01-16:18:59 188 214 234 3.0 7.0 10.3 4.1 85.8 726.6 34.84 20450 0.0 11.6 22.6 23.4 3.633  -998.    9.0    -2.  77    5.1 100 2 2 0 0 1 1 8.7 75.6 8.7 76.2 80.0 100 100 21 408 0 145 0 401 401 400 0 0 0 60 50 WAIT_ACK 600 
b.1 2025-06-01 16:20:01.697 a 2025-06-01-16:20:00 204 221 244 4.6 6.9 9.6 4.1 85.5 726.5 34.84 20450 0.0 11.6 22.6 23.4 3.633  -998.    9.0    -2.  77    5.2   0 2 2 0 0 1 1 8.7 75.4 8.7 76.3 80.0 100 100 21 408 0 145 0 401 401 399 0 0 0 60 50 WAIT_ACK 600 
b.1 2025-06-01 16:21:00.927 a 2025-06-01-16:20:59 196 219 236 5.6 7.3 10.0 4.1 84.8 726.5 34.84 20450 0.0 11.7 22.6 23.4 3.633  -998.    9.0    -2.  77    5.2   0 2 2 0 0 1 1 8.6 75.7 8.7 76.1 80.0 100 100 21 408 0 145 0 402 401 400 0 0 0 60 50 WAIT_ACK 600 
b.1 2025-06-01 16:22:01.928 a 2025-06-01-16:22:00 200 224 243 5.4 7.6 10.3 4.1 83.5 726.5 34.84 20450 0.0 12.0 22.6 23.4 3.633  -998.    9.0    -2.  77    5.3   0 2 2 0 0 1 1 8.6 75.6 8.7 75.9 80.0 100 100 21 408 0 145 0 401 401 400 0 0 0 60 50 WAIT_ACK 600 
b.1 2025-06-01 16:23:02.529 a 2025-06-01-16:23:01 202 227 252 4.9 7.8 11.1 4.1 83.1 726.5 34.84 20450 0.0 12.1 22.6 23.4 3.632  -998.    9.0    -2.  78    5.3   0 2 2 0 0 1 1 8.6 75.7 8.7 75.7 80.0 100 100 21 408 0 145 0 402 401 400 0 0 0 60 50 WAIT_ACK 600 
b.1 2025-06-01 16:24:01.907 a 2025-06-01-16:24:00 209 227 246 2.6 8.0 9.9 4.2 83.1 726.5 34.84 20460 0.0 12.2 22.6 23.4 3.633  -998.    9.1    -2.  78    5.4   0 2 2 0 0 1 1 8.6 75.9 8.7 76.0 80.0 100 100 21 408 0 145 0 401 402 399 0 0 0 60 50 WAIT_ACK 600 
b.1 2025-06-01 16:25:01.542 a 2025-06-01-16:25:00 205 227 243 4.7 7.5 9.6 4.4 81.7 726.5 34.86 20510 1.3 11.9 22.6 23.4 3.633  -998.    9.1    -2.  78    5.5   0 2 2 0 0 1 1 8.6 75.7 8.7 76.0 80.0 100 100 21 408 0 145 0 401 401 399 0 0 0 60 50 WAIT_ACK 600 
b.1 2025-06-01 16:26:00.588 a 2025-06-01-16:25:59 197 226 246 3.7 7.8 10.3 4.3 81.7 726.4 34.90 20560 1.8 11.2 22.6 23.4 3.634  -998.    9.1    -2.  78    5.6   0 2 2 0 0 1 1 8.6 75.6 8.7 76.0 80.0 100 100 21 408 0 145 0 401 402 399 0 0 0 60 50 WAIT_ACK 600 
b.1 2025-06-01 16:27:00.887 a 2025-06-01-16:26:59 008 231 166 1.2 8.4 11.7 4.4 81.4 726.5 34.95 20620 3.3 10.1 22.6 23.4 3.633  -998.    9.1    -2.  79    5.6   0 2 2 0 0 1 1 8.5 75.8 8.7 75.8 80.0 100 100 21 408 0 145 0 402 401 400 0 0 0 60 50 WAIT_ACK 600 
b.1 2025-06-01 16:28:00.907 a 2025-06-01-16:27:59 172 227 261 3.2 7.5 12.2 4.4 83.5 726.4 35.02 20680 4.6 9.8 22.6 23.4 3.632  -998.    9.2    -2.  79    5.7 100 2 2 0 0 1 1 8.6 75.8 8.7 75.7 80.0 100 100 21 408 0 145 0 401 401 400 0 0 0 60 50 WAIT_ACK 600 
b.1 2025-06-01 16:29:01.596 a 2025-06-01-16:29:00 201 228 252 4.5 8.4 11.8 4.7 83.3 726.4 35.08 20740 3.5 9.8 22.6 23.4 3.632  -998.    9.2    -2.  79    5.7 100 2 2 0 0 1 1 8.5 75.8 8.7 75.9 80.0 100 100 21 408 0 145 0 401 401 399 0 0 0 60 50 WAIT_ACK 600 
b.1 2025-06-01 16:30:01.790 a 2025-06-01-16:30:00 198 223 249 6.7 9.9 13.4 4.9 83.3 726.4 35.14 20790 3.8 9.3 22.6 23.4 3.633  -998.    9.3    -2.  79    5.8   0 2 2 0 0 1 1 8.6 75.9 8.7 76.0 80.0 100 100 21 408 0 145 0 401 401 400 0 0 0 60 50 WAIT_ACK 600 
b.1 2025-06-01 16:31:00.729 a 2025-06-01-16:30:59 206 229 256 4.2 8.9 11.2 5.1 81.1 726.3 35.17 20840 1.8 9.6 22.6 23.4 3.633  -998.    9.3    -2.  79    5.9 100 2 2 0 0 1 1 8.6 76.0 8.7 76.3 80.0 100 100 21 408 0 145 0 401 401 399 0 0 0 60 50 WAIT_ACK 600 
b.1 2025-06-01 16:32:02.009 a 2025-06-01-16:32:00 197 227 252 3.5 7.1 9.8 5.2 80.4 726.4 35.17 20860 0.3 10.0 22.6 23.4 3.633  -998.    9.4    -2.  79    6.0 100 1 2 0 0 1 1 8.6 76.0 8.7 76.2 80.0 100 100 21 408 0 145 0 401 401 399 0 0 0 60 50 WAIT_ACK 600 
b.1 2025-06-01 16:33:01.812 a 2025-06-01-16:33:00 195 226 256 2.3 6.0 8.6 5.1 81.8 726.5 35.21 20900 2.2 10.8 22.6 23.4 3.633  -998.    9.5    -2.  79    6.1 100 2 2 0 0 1 1 8.5 75.9 8.7 76.1 80.0 100 100 21 408 0 145 0 401 401 400 0 0 0 60 50 WAIT_ACK 600 
b.1 2025-06-01 16:34:00.348 a 2025-06-01-16:33:59 195 225 249 2.7 6.1 8.2 5.0 82.1 726.6 35.24 20950 1.6 10.6 22.6 23.4 3.633  -998.    9.5    -2.  80    6.1   0 1 2 0 0 1 1 8.6 76.0 8.7 76.5 80.0 100 100 21 408 0 145 0 401 402 399 0 0 0 60 50 WAIT_ACK 600 
b.1 2025-06-01 16:35:02.128 a 2025-06-01-16:35:00 192 219 240 3.7 5.6 7.5 4.8 82.7 726.6 35.24 20960 0.3 10.5 22.6 23.4 3.633  -998.    9.4    -2.  80    6.1   0 1 2 0 0 1 1 8.5 76.1 8.7 76.4 80.0 100 100 21 408 0 145 0 401 401 399 0 0 0 60 50 WAIT_ACK 600 
b.1 2025-06-01 16:36:00.528 a 2025-06-01-16:35:59 173 217 241 4.0 6.2 9.7 4.7 83.8 726.6 35.24 20960 0.0 10.9 22.6 23.4 3.633  -998.    9.4    -2.  80    6.1 100 0 2 0 0 1 1 8.5 76.1 8.7 76.5 80.0 100 100 21 408 0 145 0 401 401 400 0 0 0 60 50 WAIT_ACK 600 
b.1 2025-06-01 16:37:01.813 a 2025-06-01-16:37:00 203 228 253 4.7 9.6 14.2 4.6 84.0 726.6 35.27 21010 1.4 10.3 22.6 23.4 3.634  -998.    9.4    -2.  80    6.0   0 2 2 0 0 1 1 8.6 75.9 8.7 76.1 80.0 100 100 21 408 0 145 0 401 401 400 0 0 0 60 50 WAIT_ACK 600 
b.1 2025-06-01 16:38:01.470 a 2025-06-01-16:38:00 197 226 240 4.6 8.1 10.4 4.6 82.2 726.6 35.35 21070 5.2 9.6 22.6 23.4 3.632  -998.    9.4    -2.  80    6.0   0 2 2 0 0 1 1 8.5 76.0 8.7 76.2 80.0 100 100 21 408 0 145 0 401 401 399 0 0 0 60 50 WAIT_ACK 600 
b.1 2025-06-01 16:39:02.108 a 2025-06-01-16:39:01 179 213 257 1.9 5.3 8.6 4.6 84.2 726.7 35.38 21130 1.6 9.8 22.6 23.4 3.633  -998.    9.4    -2.  80    6.0   0 2 2 0 0 1 1 8.5 76.1 8.7 76.2 80.0 100 100 21 408 0 145 0 402 401 400 0 0 0 60 50 WAIT_ACK 600 
b.1 2025-06-01 16:39:59.450 a 2025-06-01-16:39:58 161 209 288 0.9 4.4 7.5 4.6 86.2 726.6 35.39 21170 0.9 10.2 22.6 23.4 3.633  -998.    9.3    -2.  80    6.0   0 2 2 0 0 1 1 8.6 76.1 8.7 76.5 80.0 100 100 21 408 0 145 0 401 401 399 0 0 0 60 50 WAIT_ACK 600 
b.1 2025-06-01 16:41:00.410 a 2025-06-01-16:40:59 164 207 239 1.5 4.3 7.7 4.6 86.5 726.6 35.41 21220 1.2 10.7 22.5 23.4 3.633  -998.    9.3    -2.  79    5.9 100 2 2 0 0 1 1 8.6 76.1 8.7 76.9 80.0 100 100 21 408 0 145 0 402 401 400 0 0 0 60 50 WAIT_ACK 600 
b.1 2025-06-01 16:42:00.032 a 2025-06-01-16:41:58 146 208 240 1.3 4.1 7.0 4.6 86.3 726.6 35.42 21260 0.4 11.0 22.6 23.4 3.634  -998.    9.3    -2.  79    5.9   0 2 2 0 0 1 1 8.6 76.1 8.7 77.1 80.0 100 100 21 408 0 145 0 401 401 400 0 0 0 60 50 WAIT_ACK 600 
b.1 2025-06-01 16:43:01.089 a 2025-06-01-16:42:59 135 208 241 0.8 2.9 4.9 4.5 86.1 726.5 35.47 21320 3.3 11.4 22.6 23.4 3.633  -998.    9.2    -2.  79    5.8   0 2 2 0 0 1 1 8.6 76.1 8.7 76.7 80.0 100 100 21 408 0 145 0 401 401 399 0 0 0 60 50 WAIT_ACK 600 
b.1 2025-06-01 16:44:00.009 a 2025-06-01-16:43:58 135 210 240 0.8 3.5 5.4 4.4 85.9 726.5 35.52 21380 2.6 11.3 22.6 23.4 3.632  -998.    9.2    -2.  79    5.8   0 2 2 0 0 1 1 8.6 76.1 8.7 76.7 80.0 100 100 21 408 0 145 0 401 401 400 0 0 0 60 50 WAIT_ACK 600 
b.1 2025-06-01 16:45:02.194 a 2025-06-01-16:45:01 191 218 238 3.2 4.7 6.9 4.4 86.4 726.5 35.52 21390 0.0 11.2 22.6 23.4 3.633  -998.    9.2    -2.  79    5.8 100 1 2 0 0 1 1 8.6 76.1 8.7 77.4 80.0 100 100 21 408 0 145 0 402 401 400 0 0 0 60 50 WAIT_ACK 600 
b.1 2025-06-01 16:46:00.269 a 2025-06-01-16:45:59 205 226 246 3.7 6.3 8.3 4.4 86.5 726.5 35.57 21430 2.7 11.0 22.6 23.4 3.633  -998.    9.2    -2.  79    5.8   0 2 2 0 0 1 1 8.6 76.2 8.7 77.0 80.0 100 100 21 408 0 145 0 401 401 400 0 0 0 60 50 WAIT_ACK 600 
b.1 2025-06-01 16:47:00.950 a 2025-06-01-16:46:59 194 212 231 4.7 7.2 9.4 4.4 87.7 726.6 35.62 21490 2.9 10.0 22.6 23.4 3.633  -998.    9.2    -2.  79    5.9   0 2 2 0 0 1 1 8.6 76.3 8.7 76.7 80.0 100 100 21 408 0 145 0 402 401 400 0 0 0 60 50 WAIT_ACK 600 
b.1 2025-06-01 16:48:00.953 a 2025-06-01-16:47:59 182 208 230 3.6 7.1 9.6 4.7 87.2 726.7 36.18 21550 32.9 9.0 22.6 23.4 3.632  -998.    9.3    -2.  79    5.9   0 2 2 0 0 1 1 8.6 76.4 8.7 76.7 80.0 100 100 21 408 0 145 0 401 401 399 0 0 0 60 50 WAIT_ACK 600 
b.1 2025-06-01 16:49:01.631 a 2025-06-01-16:49:00 163 207 247 1.7 5.0 8.6 4.7 86.4 726.7 36.68 21610 29.6 9.1 22.6 23.4 3.633  -998.    9.2    -2.  79    5.9 100 2 2 0 0 1 1 8.6 76.3 8.7 76.4 80.0 100 100 21 408 0 145 0 401 401 400 0 0 0 60 50 WAIT_ACK 600 
b.1 2025-06-01 16:50:01.190 a 2025-06-01-16:50:00 082 196 238 1.1 5.4 13.6 4.4 87.1 726.7 37.21 21670 32.8 8.9 22.6 23.4 3.633  -998.    9.2    -2.  79    5.8   0 2 2 0 0 1 1 8.6 76.2 8.7 76.4 80.0 100 100 21 408 0 145 0 402 401 400 0 0 0 60 50 WAIT_ACK 600 
b.1 2025-06-01 16:51:01.811 a 2025-06-01-16:51:00 121 202 248 1.1 5.5 10.3 4.6 88.2 726.6 37.57 21730 22.0 9.2 22.6 23.4 3.633  -998.    9.1    -2.  79    5.7   0 2 2 0 0 1 1 8.6 76.2 8.7 76.4 80.0 100 100 21 408 0 145 0 401 401 400 0 0 0 60 50 WAIT_ACK 600 
b.1 2025-06-01 16:52:01.236 a 2025-06-01-16:52:00 143 210 272 0.9 7.2 11.6 4.7 87.8 726.6 37.67 21780 7.4 9.1 22.6 23.4 3.632  -998.    9.2    -2.  79    5.7   0 2 2 0 0 1 1 8.6 76.3 8.6 76.6 80.0 100 100 21 408 0 145 0 401 401 400 0 0 0 60 50 WAIT_ACK 600 
b.1 2025-06-01 16:53:01.411 a 2025-06-01-16:53:00 141 205 235 1.3 6.6 11.7 4.9 87.8 726.6 37.67 21810 0.2 9.7 22.6 23.4 3.632  -998.    9.2    -2.  79    5.7   0 2 2 0 0 1 1 8.6 76.4 8.6 76.8 80.0 100 100 21 408 0 145 0 401 402 399 0 0 0 60 50 WAIT_ACK 600 
b.1 2025-06-01 16:54:01.334 a 2025-06-01-16:54:00 125 212 249 1.1 8.4 14.3 4.9 87.0 726.6 37.74 21870 4.2 9.5 22.6 23.4 3.632  -998.    9.2    -2.  79    5.8   0 2 2 0 0 1 1 8.6 76.5 8.6 76.9 80.0 100 100 21 408 0 145 0 401 401 399 0 0 0 60 50 WAIT_ACK 600 
b.1 2025-06-01 16:55:01.772 a 2025-06-01-16:55:00 196 220 251 5.2 8.6 12.0 5.1 85.0 726.6 37.75 21910 0.7 9.6 22.6 23.4 3.633  -998.    9.3    -2.  79    5.8 100 2 2 0 0 1 1 8.6 77.0 8.6 77.1 80.0 100 100 21 408 0 145 0 401 401 399 0 0 0 60 50 WAIT_ACK 600 
b.1 2025-06-01 16:56:01.933 a 2025-06-01-16:56:00 147 203 237 0.5 5.0 9.1 5.2 86.3 726.7 37.81 21970 3.5 9.8 22.6 23.4 3.633  -998.    9.3    -2.  79    5.9   0 2 2 0 0 1 1 8.6 76.7 8.6 77.1 80.0 100 100 21 408 0 145 0 402 401 400 0 0 0 60 50 WAIT_ACK 600 
b.1 2025-06-01 16:57:01.490 a 2025-06-01-16:57:00 078 196 226 0.5 4.0 10.3 5.4 86.7 726.7 37.91 22020 4.8 10.3 22.6 23.4 3.633  -998.    9.3    -2.  79    5.9 100 2 2 0 0 1 1 8.6 76.6 8.6 77.2 80.0 100 100 21 408 0 145 0 401 401 399 0 0 0 60 50 WAIT_ACK 600 
b.1 2025-06-01 16:58:01.532 a 2025-06-01-16:58:00 092 199 247 0.7 4.3 9.8 5.1 87.1 726.7 38.42 22080 27.7 9.7 22.6 23.4 3.633  -998.    9.3    -2.  79    5.9   0 2 2 0 0 1 1 8.6 76.7 8.6 77.2 80.0 100 100 21 408 0 145 0 401 401 399 0 0 0 60 50 WAIT_ACK 600 
b.1 2025-06-01 16:59:00.877 a 2025-06-01-16:58:59 151 204 244 1.9 5.9 12.4 5.1 87.0 726.6 38.70 22140 21.5 9.4 22.6 23.4 3.633  -998.    9.3    -2.  79    5.8   0 2 2 0 0 1 1 8.6 76.8 8.6 77.3 80.0 100 100 21 408 0 145 0 401 401 400 0 0 0 60 50 WAIT_ACK 600 
b.1 2025-06-01 17:00:00.530 a 2025-06-01-16:59:59 160 202 300 1.6 5.1 9.4 5.1 86.0 726.7 38.75 22200 3.0 9.5 22.6 23.4 3.634  -998.    9.3    -2.  79    5.8 100 2 2 0 0 1 1 8.6 76.8 8.6 77.4 80.0 100 100 21 408 0 145 0 401 401 399 0 0 0 60 50 WAIT_ACK 600 
b.1 2025-06-01 17:01:01.773 a 2025-06-01-17:01:00 170 208 232 1.3 7.8 12.7 4.9 86.7 726.7 38.81 22260 3.3 9.2 22.6 23.4 3.633  -998.    9.2    -2.  79    5.7 100 2 2 0 0 1 1 8.6 76.8 8.6 77.3 80.0 100 100 21 408 0 145 0 400 401 399 0 0 0 60 50 WAIT_ACK 600 
b.1 2025-06-01 17:02:00.971 a 2025-06-01-17:01:59 179 212 232 3.1 8.5 14.7 4.8 86.7 726.7 38.82 22300 0.9 9.1 22.6 23.4 3.633  -998.    9.2    -2.  79    5.7   0 1 2 0 0 1 1 8.6 76.9 8.6 77.2 80.0 100 100 21 408 0 145 0 401 401 400 0 0 0 60 50 WAIT_ACK 600 
b.1 2025-06-01 17:03:01.194 a 2025-06-01-17:03:00 132 218 252 0.9 7.2 11.3 4.8 86.2 726.7 38.83 22350 0.4 9.4 22.6 23.4 3.634  -998.    9.2    -2.  79    5.7   0 2 2 0 0 1 1 8.6 76.9 8.6 77.5 80.0 100 100 21 408 0 145 0 401 401 399 0 0 0 60 50 WAIT_ACK 600 
b.1 2025-06-01 17:04:01.594 a 2025-06-01-17:04:00 170 222 252 3.3 9.0 12.8 4.8 85.7 726.7 38.88 22410 2.9 9.1 22.6 23.4 3.633  -998.    9.2    -2.  79    5.7   0 2 2 0 0 1 1 8.6 77.1 8.6 77.4 80.0 100 100 21 408 0 145 0 401 401 399 0 0 0 60 50 WAIT_ACK 600 
b.1 2025-06-01 17:05:01.532 a 2025-06-01-17:05:00 157 212 248 1.8 7.2 12.8 4.8 84.7 726.7 38.92 22470 2.7 9.1 22.6 23.4 3.633  -998.    9.2    -2.  79    5.7   0 2 2 0 0 1 1 8.6 77.0 8.6 77.3 80.0 100 100 21 408 0 145 0 401 401 400 0 0 0 60 50 WAIT_ACK 600 
b.1 2025-06-01 17:06:01.651 a 2025-06-01-17:06:00 193 229 259 1.9 7.9 13.4 4.7 85.7 726.7 39.05 22530 7.0 9.0 22.6 23.4 3.633  -998.    9.1    -2.  79    5.7 100 2 2 0 0 1 1 8.6 77.0 8.6 77.5 80.0 100 100 21 408 0 145 0 401 401 399 0 0 0 60 50 WAIT_ACK 600 
b.1 2025-06-01 17:07:01.434 a 2025-06-01-17:07:00 151 219 249 2.3 8.7 13.4 4.6 82.9 726.8 39.18 22590 8.3 8.5 22.6 23.4 3.633  -998.    9.1    -2.  79    5.7 100 2 2 0 0 1 1 8.6 76.9 8.6 77.1 80.0 100 100 21 408 0 145 0 401 401 400 0 0 0 60 50 WAIT_ACK 600 
b.1 2025-06-01 17:08:00.851 a 2025-06-01-17:07:59 149 208 229 2.3 8.6 13.1 4.6 83.4 726.8 39.22 22640 3.7 8.5 22.6 23.4 3.633  -998.    9.1    -2.  79    5.7 100 2 2 0 0 1 1 8.6 76.8 8.6 76.9 80.0 100 100 21 408 0 145 0 401 401 399 0 0 0 60 50 WAIT_ACK 600 
b.1 2025-06-01 17:09:00.895 a 2025-06-01-17:08:59 153 208 233 1.6 6.8 11.5 4.6 83.9 726.8 39.42 22700 9.7 8.8 22.6 23.4 3.633  -998.    9.1    -2.  79    5.6   0 2 2 0 0 1 1 8.6 76.8 8.6 77.2 80.0 100 100 21 408 0 145 0 401 401 399 0 0 0 60 50 WAIT_ACK 600 
b.1 2025-06-01 17:10:01.436 a 2025-06-01-17:10:00 159 201 228 1.0 5.5 12.4 4.5 85.8 726.9 39.73 22760 19.2 8.8 22.6 23.4 3.633  -998.    9.0    -2.  79    5.5   0 2 2 0 0 1 1 8.6 76.8 8.6 77.1 80.0 100 100 21 408 0 145 0 402 401 400 0 0 0 60 50 WAIT_ACK 600 
b.1 2025-06-01 17:11:01.375 a 2025-06-01-17:11:00 129 204 229 1.0 8.4 12.9 4.5 86.4 726.9 40.09 22820 22.5 8.1 22.6 23.4 3.633  -998.    8.9    -2.  79    5.5   0 2 2 0 0 1 1 8.6 76.6 8.6 76.7 80.0 100 100 21 408 0 145 0 401 401 400 0 0 0 60 50 WAIT_ACK 600 
b.1 2025-06-01 17:12:01.256 a 2025-06-01-17:12:00 188 225 259 1.6 9.4 12.3 4.4 83.3 726.9 40.37 22880 17.2 8.2 22.6 23.4 3.632  -998.    8.9    -2.  79    5.4 100 2 2 0 0 1 1 8.5 76.6 8.6 77.3 80.0 100 100 21 408 0 145 0 400 401 399 0 0 0 60 50 WAIT_ACK 600 
b.1 2025-06-01 17:13:00.638 a 2025-06-01-17:12:59 154 219 240 2.5 7.2 10.9 4.4 83.1 727.1 40.86 22940 29.7 8.3 22.6 23.4 3.633  -998.    8.9    -2.  79    5.4   0 2 2 0 0 1 1 8.5 76.8 8.6 77.2 80.0 100 100 21 408 0 145 0 401 401 399 0 0 0 60 50 WAIT_ACK 600 
b.1 2025-06-01 17:14:01.792 a 2025-06-01-17:14:00 174 215 236 2.4 7.8 11.7 4.3 83.5 727.2 41.16 22990 21.2 8.3 22.6 23.4 3.633  -998.    8.9    -2.  79    5.4   0 2 2 0 0 1 1 8.5 76.7 8.6 77.3 80.0 100 100 21 408 0 145 0 402 401 400 0 0 0 60 50 WAIT_ACK 600 
b.1 2025-06-01 17:15:02.520 a 2025-06-01-17:15:01 197 216 241 4.8 6.9 9.2 4.3 83.6 727.2 41.37 23050 10.0 8.4 22.6 23.4 3.633  -998.    8.8    -2.  79    5.4   0 2 2 0 0 1 1 8.5 76.6 8.6 77.0 80.0 100 100 21 408 0 145 0 401 401 399 0 0 0 60 50 WAIT_ACK 600 
b.1 2025-06-01 17:16:01.855 a 2025-06-01-17:16:00 160 217 242 2.3 6.4 9.7 4.3 84.8 727.1 41.65 23110 20.3 8.5 22.6 23.4 3.633  -998.    8.8    -2.  79    5.4   0 2 2 0 0 1 1 8.6 76.5 8.6 77.3 80.0 100 100 21 408 0 145 0 402 401 400 0 0 0 60 50 WAIT_ACK 600 
b.1 2025-06-01 17:17:00.898 a 2025-06-01-17:16:59 170 213 269 1.3 4.4 6.2 4.4 85.9 727.0 41.74 23170 4.9 9.4 22.6 23.4 3.633  -998.    8.8    -2.  79    5.4 100 2 2 0 0 1 1 8.5 76.3 8.6 77.2 80.0 100 100 21 408 0 145 0 401 401 400 0 0 0 60 50 WAIT_ACK 600 
b.1 2025-06-01 17:18:02.134 a 2025-06-01-17:18:01 199 221 243 3.1 4.4 5.6 4.4 86.0 727.0 41.82 23230 5.6 9.8 22.6 23.4 3.633  -998.    8.9    -2.  79    5.5   0 2 2 0 0 1 1 8.5 76.5 8.6 77.1 80.0 100 100 21 408 0 145 0 402 401 400 0 0 0 60 50 WAIT_ACK 600 
b.1 2025-06-01 17:19:01.434 a 2025-06-01-17:19:00 195 217 235 3.7 4.7 5.9 4.4 86.1 727.0 41.86 23290 2.0 9.9 22.6 23.4 3.633  -998.    8.9    -2.  79    5.5   0 1 2 0 0 1 1 8.6 76.4 8.6 77.6 80.0 100 100 21 408 0 145 0 400 401 399 0 0 0 60 50 WAIT_ACK 600 
b.1 2025-06-01 17:20:01.421 a 2025-06-01-17:20:00 184 219 240 2.1 4.5 6.8 4.4 86.0 727.0 41.89 23340 2.1 10.2 22.6 23.4 3.634  -998.    9.0    -2.  79    5.6   0 1 2 0 0 1 1 8.6 76.5 8.7 77.7 80.0 100 100 21 408 0 145 0 402 401 400 0 0 0 60 50 WAIT_ACK 600 
b.1 2025-06-01 17:21:00.757 a 2025-06-01-17:20:59 179 210 226 3.7 5.9 8.8 4.4 86.3 727.0 41.91 23400 1.2 9.6 22.6 23.4 3.633  -998.    9.0    -2.  79    5.6   0 2 2 0 0 1 1 8.6 76.5 8.7 77.4 80.0 100 100 21 408 0 145 0 402 401 400 0 0 0 60 50 WAIT_ACK 600 
b.1 2025-06-01 17:22:00.795 a 2025-06-01-17:21:59 185 211 235 3.4 6.2 8.2 4.4 85.8 727.0 41.94 23460 1.6 9.3 22.6 23.4 3.634  -998.    9.0    -2.  79    5.6   0 2 2 0 0 1 1 8.6 76.5 8.7 77.2 80.0 100 100 21 408 0 145 0 401 401 400 0 0 0 60 50 WAIT_ACK 600 
b.1 2025-06-01 17:23:00.180 a 2025-06-01-17:22:59 179 211 230 4.0 6.5 9.6 4.5 85.8 727.0 42.02 23520 4.6 9.3 22.6 23.4 3.633  -998.    9.0    -2.  79    5.7 100 2 2 0 0 1 1 8.6 76.5 8.7 77.0 80.0 100 100 21 408 0 145 0 402 401 400 0 0 0 60 50 WAIT_ACK 600 
b.1 2025-06-01 17:24:00.898 a 2025-06-01-17:23:59 188 213 233 2.8 5.9 8.1 4.7 85.8 727.0 42.46 23580 25.5 9.0 22.6 23.4 3.635  -998.    9.1    -2.  79    5.7 100 2 2 0 0 1 1 8.6 76.4 8.7 77.0 80.0 100 100 21 408 0 145 0 401 401 400 0 0 0 60 50 WAIT_ACK 600 
b.1 2025-06-01 17:25:01.714 a 2025-06-01-17:25:00 165 218 243 2.6 6.9 9.6 4.6 85.8 727.0 42.98 23640 32.4 8.8 22.6 23.4 3.633  -998.    9.1    -2.  79    5.7 100 2 2 0 0 1 1 8.6 76.6 8.7 77.6 80.0 100 100 21 408 0 145 0 401 401 400 0 0 0 60 50 WAIT_ACK 600 
b.1 2025-06-01 17:26:00.078 a 2025-06-01-17:25:58 193 223 244 3.7 5.7 7.8 4.7 84.2 727.1 43.16 23690 13.5 9.4 22.6 23.4 3.633  -998.    9.1    -2.  80    5.8 100 2 2 0 0 1 1 8.5 76.7 8.7 77.6 80.0 100 100 21 408 0 145 0 401 401 399 0 0 0 60 50 WAIT_ACK 600 
b.1 2025-06-01 17:27:01.257 a 2025-06-01-17:27:00 188 223 246 1.2 4.4 6.2 4.7 85.1 727.1 43.31 23750 9.0 9.9 22.6 23.4 3.634  -998.    9.1    -2.  80    5.8   0 2 2 0 0 1 1 8.5 76.8 8.7 77.2 80.0 100 100 21 408 0 145 0 401 401 399 0 0 0 60 50 WAIT_ACK 600 
b.1 2025-06-01 17:28:00.815 a 2025-06-01-17:27:59 145 217 257 0.8 4.4 6.3 4.6 85.3 727.0 43.39 23810 5.2 10.1 22.6 23.4 3.633  -998.    9.1    -2.  80    5.8   0 2 2 0 0 1 1 8.6 76.7 8.7 77.5 80.0 100 100 21 408 0 145 0 401 401 400 0 0 0 60 50 WAIT_ACK 600 
b.1 2025-06-01 17:29:01.957 a 2025-06-01-17:29:00 171 229 260 0.9 3.3 4.6 4.7 85.8 727.0 43.43 23870 2.3 10.9 22.6 23.4 3.633  -998.    9.1    -2.  80    5.8 100 1 2 0 0 1 1 8.6 76.5 8.7 77.2 80.0 100 100 21 408 0 145 0 401 401 399 0 0 0 60 50 WAIT_ACK 600 
b.1 2025-06-01 17:30:01.438 a 2025-06-01-17:30:00 197 230 256 1.7 2.9 4.2 4.7 86.3 727.0 43.44 23920 0.8 11.6 22.6 23.4 3.637  -998.    9.2    -2.  80    5.9   0 1 2 0 0 1 1 8.6 76.7 8.7 77.5 80.0 100 100 21 408 0 145 0 401 401 399 0 0 0 60 50 WAIT_ACK 600 
b.1 2025-06-01 17:31:00.256 a 2025-06-01-17:30:59 205 235 282 2.2 4.3 6.7 4.8 83.7 727.0 43.45 23960 0.2 11.6 22.6 23.4 3.633  -998.    9.3    -2.  80    6.0 100 2 2 0 0 1 1 8.6 76.7 8.7 78.3 80.0 100 100 21 408 0 145 0 401 401 399 0 0 0 60 50 WAIT_ACK 600 
b.1 2025-06-01 17:32:00.338 a 2025-06-01-17:31:59 203 227 246 3.2 5.2 7.4 4.8 83.7 727.0 43.45 24000 0.6 11.3 22.6 23.4 3.633  -998.    9.3    -2.  80    6.1 100 1 2 0 0 1 1 8.6 77.0 8.7 78.0 80.0 100 100 21 408 0 145 0 401 401 400 0 0 0 60 50 WAIT_ACK 600 
b.1 2025-06-01 17:33:01.301 a 2025-06-01-17:33:00 173 211 233 2.2 4.1 5.5 4.8 83.6 727.0 43.48 24030 1.3 11.2 22.6 23.4 3.633  -998.    9.4    -2.  80    6.2   0 2 2 0 0 1 1 8.6 77.0 8.7 77.6 80.0 100 100 21 408 0 145 0 401 402 399 0 0 0 60 50 WAIT_ACK 600 
b.1 2025-06-01 17:34:00.398 a 2025-06-01-17:33:59 169 209 231 2.0 5.0 8.1 5.1 82.6 727.1 43.51 24090 1.6 10.7 22.6 23.4 3.633  -998.    9.5    -2.  80    6.2   0 2 2 0 0 1 1 8.6 76.8 8.7 77.8 80.0 100 100 21 408 0 145 0 401 401 400 0 0 0 60 50 WAIT_ACK 600 
b.1 2025-06-01 17:35:01.540 a 2025-06-01-17:35:00 144 203 232 1.2 3.9 6.2 5.1 83.1 727.1 43.58 24150 4.0 10.8 22.6 23.4 3.633  -998.    9.5    -2.  80    6.2   0 2 2 0 0 1 1 8.6 76.8 8.7 77.5 80.0 100 100 21 408 0 145 0 401 401 400 0 0 0 60 50 WAIT_ACK 600 
b.1 2025-06-01 17:36:00.717 a 2025-06-01-17:35:59 057 183 243 0.3 1.7 4.7 5.2 83.2 727.2 43.70 24210 7.5 11.7 22.6 23.4 3.634  -998.    9.5    -2.  80    6.2   0 2 2 0 0 1 1 8.6 76.7 8.7 77.9 80.0 100 100 21 408 0 145 0 401 401 400 0 0 0 60 50 WAIT_ACK 600 
b.1 2025-06-01 17:37:01.361 a 2025-06-01-17:37:00 123 194 246 0.2 2.5 5.3 5.2 84.6 727.5 44.31 24260 29.1 11.3 22.6 23.4 3.633  -998.    9.4    -2.  80    6.1 100 2 2 0 0 1 1 8.6 76.8 8.7 77.3 80.0 100 100 21 408 0 145 0 401 401 400 0 0 0 60 50 WAIT_ACK 600 
b.1 2025-06-01 17:38:01.980 a 2025-06-01-17:38:00 137 203 243 0.4 3.5 6.2 5.1 85.4 727.5 45.01 24320 50.1 10.6 22.6 23.4 3.633  -998.    9.4    -2.  80    6.1   0 2 2 0 0 1 1 8.6 76.7 8.7 77.6 80.0 100 100 21 408 0 145 0 401 401 399 0 0 0 60 50 WAIT_ACK 600 
b.1 2025-06-01 17:39:00.720 a 2025-06-01-17:38:59 174 207 234 1.7 4.2 6.6 5.0 85.7 727.7 45.53 24380 33.9 10.0 22.6 23.4 3.633  -998.    9.4    -2.  80    6.0   0 2 2 0 0 1 1 8.6 76.8 8.7 77.8 80.0 100 100 21 408 0 145 0 402 401 400 0 0 0 60 50 WAIT_ACK 600 
b.1 2025-06-01 17:40:01.915 a 2025-06-01-17:40:00 132 203 239 0.8 4.6 8.6 4.9 86.3 727.7 45.97 24440 27.6 9.8 22.6 23.4 3.633  -998.    9.3    -2.  80    6.0   0 2 2 0 0 1 1 8.6 77.0 8.7 77.7 80.0 100 100 21 408 0 145 0 401 401 400 0 0 0 60 50 WAIT_ACK 600 
b.1 2025-06-01 17:41:02.039 a 2025-06-01-17:41:00 130 217 277 0.5 5.9 10.6 4.8 86.8 727.8 46.23 24500 15.7 9.6 22.6 23.4 3.633  -998.    9.3    -2.  80    5.9 100 2 2 0 0 1 1 8.6 77.1 8.7 77.8 80.0 100 100 21 408 0 145 0 401 401 400 0 0 0 60 50 WAIT_ACK 600 
b.1 2025-06-01 17:42:00.117 a 2025-06-01-17:41:58 073 199 238 0.4 4.0 9.2 4.8 86.6 727.8 46.47 24550 17.0 9.8 22.6 23.4 3.633  -998.    9.2    -2.  80    5.9   0 2 2 0 0 1 1 8.6 77.2 8.7 77.8 80.0 100 100 21 408 0 145 0 401 401 400 0 0 0 60 50 WAIT_ACK 600 
b.1 2025-06-01 17:43:00.836 a 2025-06-01-17:42:59 127 197 279 0.7 3.2 6.6 4.7 87.5 727.6 46.70 24610 13.7 10.3 22.6 23.4 3.633  -998.    9.2    -2.  80    5.9   0 2 2 0 0 1 1 8.6 77.1 8.7 78.2 80.0 100 100 21 408 0 145 0 401 401 399 0 0 0 60 50 WAIT_ACK 600 
b.1 2025-06-01 17:44:01.380 a 2025-06-01-17:44:00 073 194 282 0.4 3.1 7.1 4.7 87.5 727.7 47.00 24670 18.3 10.5 22.6 23.4 3.633  -998.    9.2    -2.  79    5.8   0 2 2 0 0 1 1 8.6 77.2 8.7 78.0 80.0 100 100 21 408 0 145 0 401 401 399 0 0 0 60 50 WAIT_ACK 600 
b.1 2025-06-01 17:45:01.316 a 2025-06-01-17:45:00 109 190 247 0.2 2.9 7.6 4.7 87.9 727.6 47.17 24730 10.8 10.6 22.5 23.4 3.633  -998.    9.1    -2.  79    5.8   0 2 2 0 0 1 1 8.6 77.3 8.7 78.4 80.0 100 100 21 408 0 145 0 402 401 400 0 0 0 60 50 WAIT_ACK 600 
b.1 2025-06-01 17:46:00.917 a 2025-06-01-17:45:59 070 182 310 0.6 3.9 11.9 4.8 88.0 727.5 47.27 24790 6.5 10.4 22.6 23.4 3.633  -998.    9.1    -2.  79    5.7 100 2 2 0 0 1 1 8.6 77.2 8.7 78.1 80.0 100 100 21 408 0 145 0 401 401 399 0 0 0 60 50 WAIT_ACK 600 
b.1 2025-06-01 17:47:00.301 a 2025-06-01-17:46:59 137 203 305 0.3 6.7 12.3 4.7 87.4 727.5 47.38 24850 6.8 9.3 22.6 23.4 3.632  -998.    9.0    -2.  79    5.7   0 2 2 0 0 1 1 8.6 77.2 8.6 77.6 80.0 100 100 21 408 0 145 0 400 401 399 0 0 0 60 50 WAIT_ACK 600 
b.1 2025-06-01 17:48:00.338 a 2025-06-01-17:47:59 098 202 271 0.3 4.9 11.6 4.7 87.4 727.6 47.45 24900 4.6 9.7 22.6 23.4 3.634  -998.    9.0    -2.  79    5.6 100 2 2 0 0 1 1 8.6 77.2 8.7 78.1 80.0 100 100 21 408 0 145 0 401 401 400 0 0 0 60 50 WAIT_ACK 600 
b.1 2025-06-01 17:49:00.417 a 2025-06-01-17:48:59 105 200 257 0.7 5.9 11.1 4.7 86.9 727.6 47.54 24960 3.9 9.3 22.6 23.4 3.633  -998.    9.0    -2.  79    5.6 100 2 2 0 0 1 1 8.6 77.3 8.6 77.8 80.0 100 100 21 408 0 145 0 401 401 400 0 0 0 60 50 WAIT_ACK 600 
b.1 2025-06-01 17:50:01.040 a 2025-06-01-17:49:59 117 195 300 0.3 3.3 11.5 4.5 87.0 727.5 47.80 25020 16.7 9.9 22.6 23.4 3.633  -998.    8.9    -2.  79    5.5   0 2 2 0 0 1 1 8.6 77.3 8.6 77.8 80.0 100 100 21 408 0 145 0 401 401 399 0 0 0 60 50 WAIT_ACK 600 
b.1 2025-06-01 17:51:00.180 a 2025-06-01-17:50:59 056 176 294 0.2 1.8 5.3 4.5 87.9 727.4 47.93 25080 7.7 11.2 22.6 23.4 3.633  -998.    8.9    -2.  79    5.5   0 2 2 0 0 1 1 8.6 77.4 8.6 78.2 80.0 100 100 21 408 0 145 0 402 401 400 0 0 0 60 50 WAIT_ACK 600 
b.1 2025-06-01 17:52:00.821 a 2025-06-01-17:51:59 056 196 243 0.3 4.0 9.0 4.7 87.6 727.5 48.07 25140 8.2 10.4 22.6 23.4 3.633  -998.    8.9    -2.  79    5.5   0 1 2 0 0 1 1 8.6 77.6 8.6 78.5 80.0 100 100 21 408 0 145 0 401 401 400 0 0 0 60 50 WAIT_ACK 600 
b.1 2025-06-01 17:53:01.081 a 2025-06-01-17:52:59 081 221 255 0.7 5.4 8.6 4.7 87.2 727.5 48.19 25200 8.0 10.2 22.6 23.4 3.633  -998.    8.9    -2.  79    5.5   0 2 2 0 0 1 1 8.6 77.5 8.6 78.7 80.0 100 100 21 408 0 145 0 401 401 400 0 0 0 60 50 WAIT_ACK 600 
b.1 2025-06-01 17:54:01.619 a 2025-06-01-17:54:00 191 227 264 2.1 5.2 9.1 4.7 87.3 727.4 48.29 25250 6.0 10.2 22.6 23.4 3.633  -998.    8.9    -2.  79    5.5   0 2 2 0 0 1 1 8.6 77.7 8.6 78.7 80.0 100 100 21 408 0 145 0 401 401 399 0 0 0 60 50 WAIT_ACK 600 
b.1 2025-06-01 17:55:01.042 a 2025-06-01-17:54:59 173 230 260 1.5 6.2 10.0 4.7 86.8 727.3 48.42 25310 8.2 9.8 22.6 23.4 3.633  -998.    9.0    -2.  79    5.6 100 2 2 0 0 1 1 8.6 77.8 8.6 78.7 80.0 100 100 21 408 0 145 0 401 401 399 0 0 0 60 50 WAIT_ACK 600 
b.1 2025-06-01 17:56:00.217 a 2025-06-01-17:55:59 173 223 250 2.1 7.1 12.1 4.8 86.4 727.1 48.53 25370 6.9 9.7 22.6 23.4 3.633  -998.    9.0    -2.  80    5.7 100 2 2 0 0 1 1 8.6 77.9 8.6 78.7 80.0 100 100 21 408 0 145 0 401 402 400 0 0 0 60 50 WAIT_ACK 600 
b.1 2025-06-01 17:57:02.101 a 2025-06-01-17:57:00 199 228 253 5.1 8.1 10.6 4.8 85.4 727.1 48.66 25430 7.4 9.6 22.6 23.4 3.633  -998.    9.1    -2.  80    5.7 100 2 2 0 0 1 1 8.5 78.1 8.6 78.3 80.0 100 100 21 408 0 145 0 401 401 399 0 0 0 60 50 WAIT_ACK 600 
b.1 2025-06-01 17:58:01.638 a 2025-06-01-17:58:00 105 224 257 0.5 8.5 12.1 4.8 85.1 727.1 48.79 25490 8.4 9.3 22.6 23.4 3.633  -998.    9.1    -2.  80    5.8 100 2 2 0 0 1 1 8.5 78.2 8.6 78.5 80.0 100 100 21 408 0 145 0 402 401 400 0 0 0 60 50 WAIT_ACK 600 
b.1 2025-06-01 17:59:01.684 a 2025-06-01-17:59:00 201 226 259 4.5 8.5 11.5 4.8 85.6 727.0 48.88 25550 5.3 9.3 22.6 23.4 3.634  -998.    9.2    -2.  80    5.9   0 2 2 0 0 1 1 8.5 78.2 8.6 78.3 80.0 100 100 21 408 0 145 0 401 401 400 0 0 0 60 50 WAIT_ACK 600 
b.1 2025-06-01 18:00:01.240 a 2025-06-01-18:00:00 134 228 259 1.0 9.0 12.5 4.7 85.6 727.0 49.00 25600 8.2 9.2 22.6 23.4 3.633  -998.    9.2    -2.  80    5.9 100 2 2 0 0 1 1 8.5 78.6 8.7 78.4 80.0 100 100 21 408 0 145 0 401 401 399 0 0 0 60 50 WAIT_ACK 600 
b.1 2025-06-01 18:01:00.861 a 2025-06-01-18:00:59 186 223 246 3.8 8.2 10.7 4.9 85.7 727.0 49.04 25660 2.7 9.4 22.6 23.4 3.633  -998.    9.2    -2.  80    6.0   0 2 2 0 0 1 1 8.5 78.4 8.7 78.3 80.0 100 100 21 408 0 145 0 401 401 400 0 0 0 60 50 WAIT_ACK 600 
b.1 2025-06-01 18:02:00.700 a 2025-06-01-18:01:59 196 223 240 4.8 8.2 12.0 4.7 86.0 727.0 49.06 25720 1.0 9.5 22.6 23.4 3.634  -998.    9.2    -2.  80    6.0   0 1 2 0 0 1 1 8.5 78.5 8.7 78.4 80.0 100 100 21 408 0 145 0 401 401 400 0 0 0 60 50 WAIT_ACK 600 
b.1 2025-06-01 18:03:02.039 a 2025-06-01-18:03:00 195 231 268 3.5 8.0 13.2 4.9 86.0 726.9 49.09 25780 2.4 9.9 22.6 23.4 3.633  -998.    9.3    -2.  80    6.0   0 1 2 0 0 1 1 8.5 78.7 8.6 78.4 80.0 100 100 21 408 0 145 0 401 401 399 0 0 0 60 50 WAIT_ACK 600 
b.1 2025-06-01 18:04:00.263 a 2025-06-01-18:03:59 194 226 252 2.6 9.8 12.7 4.9 85.1 726.9 49.12 25840 1.6 9.7 22.6 23.4 3.633  -998.    9.3    -2.  80    6.1 100 2 2 0 0 1 1 8.5 78.8 8.6 78.3 80.0 100 100 21 408 0 145 0 401 401 400 0 0 0 60 50 WAIT_ACK 600 
b.1 2025-06-01 18:05:01.438 a 2025-06-01-18:05:00 208 229 258 3.0 9.1 12.6 4.9 85.1 727.0 49.13 25890 1.1 9.8 22.6 23.4 3.633  -998.    9.3    -2.  80    6.1 100 2 2 0 0 1 1 8.5 78.9 8.6 78.6 80.0 100 100 21 408 0 145 0 401 401 399 0 0 0 60 50 WAIT_ACK 600 
b.1 2025-06-01 18:06:01.799 a 2025-06-01-18:06:00 214 235 263 3.9 9.7 13.5 4.9 83.9 727.0 49.14 25910 0.3 9.6 22.6 23.4 3.633  -998.    9.3    -2.  81    6.1   0 2 2 0 0 2 1 8.5 79.0 8.6 78.6 80.0 100 100 21 408 0 145 0 401 401 400 0 0 0 60 50 WAIT_ACK 600 
b.1 2025-06-01 18:07:01.142 a 2025-06-01-18:06:59 198 238 258 2.1 9.3 13.1 4.9 83.9 727.0 49.14 25920 0.0 10.2 22.6 23.4 3.634  -998.    9.3    -2.  81    6.2   0 1 2 0 0 2 1 8.5 79.0 8.6 78.4 80.0 100 100 21 408 0 145 0 401 401 399 0 0 0 60 50 WAIT_ACK 600 
b.1 2025-06-01 18:08:02.342 a 2025-06-01-18:08:01 143 235 275 1.9 9.6 13.1 4.9 84.2 726.9 49.14 25920 0.0 10.6 22.6 23.4 3.633  -998.    9.3    -2.  81    6.2 100 1 2 0 0 2 1 8.5 78.9 8.6 78.5 80.0 100 100 21 408 0 145 0 402 401 400 0 0 0 60 50 WAIT_ACK 600 
b.1 2025-06-01 18:09:00.921 a 2025-06-01-18:08:59 120 234 270 0.7 7.5 13.4 4.9 84.2 727.0 49.14 25920 0.0 11.0 22.6 23.4 3.633  -998.    9.3    -2.  81    6.2 100 1 2 0 0 2 1 8.5 78.7 8.6 78.6 80.0 100 100 21 408 0 145 0 401 402 399 0 0 0 60 50 WAIT_ACK 600 
b.1 2025-06-01 18:10:01.601 a 2025-06-01-18:10:00 201 229 267 4.9 9.3 12.5 4.9 84.9 726.9 49.14 25940 0.1 11.2 22.6 23.4 3.633  -998.    9.3    -2.  81    6.2   0 2 2 0 0 2 1 8.5 78.9 8.6 78.7 80.0 100 100 21 408 0 145 0 402 401 399 0 0 0 60 50 WAIT_ACK 600 
b.1 2025-06-01 18:11:01.581 a 2025-06-01-18:11:00 150 232 262 1.5 8.8 14.5 4.9 84.1 727.0 49.15 25970 0.2 11.1 22.6 23.4 3.633  -998.    9.3    -2.  81    6.2   0 1 2 0 0 2 1 8.5 78.8 8.6 78.6 80.0 100 100 21 408 0 145 0 400 401 400 0 0 0 60 50 WAIT_ACK 600 
b.1 2025-06-01 18:12:01.342 a 2025-06-01-18:12:00 210 230 268 1.2 6.7 11.1 4.9 85.6 726.9 49.15 25970 0.0 11.6 22.6 23.4 3.633  -998.    9.3    -2.  81    6.2   0 2 2 0 0 2 1 8.5 78.9 8.6 78.6 80.0 100 100 21 408 0 145 0 401 401 399 0 0 0 60 50 WAIT_ACK 600 
b.1 2025-06-01 18:13:01.322 a 2025-06-01-18:13:00 207 238 267 1.2 8.0 12.6 4.9 86.1 727.0 49.15 25970 0.0 11.7 22.6 23.4 3.633  -998.    9.3    -2.  81    6.3   0 1 2 0 0 2 1 8.5 78.6 8.6 78.7 80.0 100 100 21 408 0 145 0 401 402 399 0 0 0 60 50 WAIT_ACK 600 
b.1 2025-06-01 18:14:00.365 a 2025-06-01-18:13:59 211 237 313 1.3 9.1 12.6 4.9 84.2 727.0 49.15 25970 0.0 11.6 22.6 23.4 3.634  -998.    9.3    -2.  81    6.3   0 1 2 0 0 2 1 8.5 78.9 8.6 78.7 80.0 100 100 21 408 0 145 0 402 401 400 0 0 0 60 50 WAIT_ACK 600 
b.1 2025-06-01 18:15:00.483 a 2025-06-01-18:14:59 068 231 279 1.7 8.8 12.4 4.8 84.4 727.0 49.15 25970 0.0 11.8 22.6 23.4 3.633  -998.    9.3    -2.  81    6.3 100 1 2 0 0 2 1 8.5 78.9 8.6 78.7 80.0 100 100 21 408 0 145 0 401 402 399 0 0 0 60 50 WAIT_ACK 600 
b.1 2025-06-01 18:16:01.802 a 2025-06-01-18:16:00 206 228 270 5.8 9.7 13.7 4.8 85.1 727.0 49.15 25970 0.0 11.5 22.6 23.4 3.633  -998.    9.3    -2.  81    6.3   0 0 2 0 0 1 1 8.5 79.3 8.6 78.8 80.0 100 100 21 408 0 145 0 402 401 400 0 0 0 60 50 WAIT_ACK 600 
b.1 2025-06-01 18:17:01.322 a 2025-06-01-18:17:00 206 235 274 2.8 9.2 15.1 4.7 84.8 727.0 49.15 25970 0.0 11.6 22.6 23.4 3.632  -998.    9.3    -2.  81    6.3 100 0 2 0 0 1 1 8.5 79.0 8.6 78.7 80.0 100 100 21 408 0 145 0 401 402 399 0 0 0 60 50 WAIT_ACK 600 
b.1 2025-06-01 18:18:01.220 a 2025-06-01-18:18:00 213 231 265 2.5 10.2 14.6 4.6 85.2 727.1 49.15 25970 0.0 11.4 22.6 23.4 3.633  -998.    9.3    -2.  81    6.2   0 0 2 0 0 1 1 8.5 79.1 8.6 78.6 80.0 100 100 21 408 0 145 0 401 401 400 0 0 0 60 50 WAIT_ACK 600 
b.1 2025-06-01 18:19:02.220 a 2025-06-01-18:19:00 149 234 261 1.6 9.2 15.1 4.5 84.9 727.1 49.15 25970 0.0 11.6 22.6 23.4 3.633  -998.    9.2    -2.  81    6.2   0 0 2 0 0 1 1 8.6 78.6 8.6 78.7 80.0 100 100 21 408 0 145 0 401 401 399 0 0 0 60 50 WAIT_ACK 600 
b.1 2025-06-01 18:20:01.881 a 2025-06-01-18:20:00 197 232 268 4.7 9.0 13.5 4.5 85.2 727.1 49.15 25970 0.0 11.7 22.6 23.4 3.633  -998.    9.2    -2.  81    6.2   0 0 2 0 0 1 1 8.6 78.8 8.6 78.8 80.0 100 100 21 408 0 145 0 401 401 399 0 0 0 60 50 WAIT_ACK 600 
b.1 2025-06-01 18:21:01.025 a 2025-06-01-18:20:59 196 227 266 2.2 8.6 15.2 4.4 85.4 727.2 49.15 25970 0.0 11.8 22.6 23.4 3.633  -998.    9.1    -2.  81    6.1 100 0 2 0 0 1 1 8.5 78.7 8.6 78.6 80.0 100 100 21 408 0 145 0 402 401 400 0 0 0 60 50 WAIT_ACK 600 
b.1 2025-06-01 18:22:01.742 a 2025-06-01-18:22:00 177 227 249 2.9 9.7 14.3 4.4 83.7 727.2 49.15 25970 0.0 11.5 22.6 23.4 3.632  -998.    9.1    -2.  81    6.1 100 0 2 0 0 1 1 8.6 78.5 8.6 78.7 80.0 100 100 21 408 0 145 0 401 401 399 0 0 0 60 50 WAIT_ACK 600 
b.1 2025-06-01 18:23:00.522 a 2025-06-01-18:22:59 176 226 251 2.6 10.5 14.3 4.4 84.5 727.3 49.18 26000 1.6 11.1 22.6 23.4 3.633  -998.    9.0    -2.  81    6.0   0 2 2 0 0 1 1 8.6 78.3 8.6 78.7 80.0 100 100 21 408 0 145 0 401 401 400 0 0 0 60 50 WAIT_ACK 600 
b.1 2025-06-01 18:24:01.842 a 2025-06-01-18:24:00 193 225 252 5.0 10.3 14.0 4.4 85.4 727.3 49.24 26060 3.4 10.0 22.6 23.4 3.633  -998.    9.0    -2.  81    6.0   0 1 2 0 0 1 1 8.6 78.6 8.6 78.7 80.0 100 100 21 408 0 145 0 402 401 399 0 0 0 60 50 WAIT_ACK 600 
b.1 2025-06-01 18:25:02.345 a 2025-06-01-18:25:01 145 236 265 1.0 9.1 13.4 4.4 85.7 727.3 49.30 26120 3.7 9.3 22.6 23.4 3.632  -998.    9.0    -2.  81    6.0 100 2 2 0 0 1 1 8.5 78.3 8.6 78.7 80.0 100 100 21 408 0 145 0 401 401 400 0 0 0 60 50 WAIT_ACK 600 
b.1 2025-06-01 18:26:01.480 a 2025-06-01-18:26:00 149 237 264 1.4 8.0 10.8 4.3 85.3 727.3 49.32 26180 1.4 9.2 22.6 23.4 3.634  -998.    8.9    -2.  82    6.0 100 1 2 0 0 1 1 8.5 78.4 8.6 78.5 80.0 100 100 21 408 0 145 0 401 401 399 0 0 0 60 50 WAIT_ACK 600 
b.1 2025-06-01 18:27:00.901 a 2025-06-01-18:26:59 216 233 254 6.2 10.6 13.0 4.3 83.9 727.2 49.35 26220 1.8 8.8 22.6 23.4 3.634  -998.    8.9    -2.  82    5.9   0 2 2 0 0 1 1 8.6 78.6 8.6 78.5 80.0 100 100 21 408 0 145 0 400 401 399 0 0 0 60 50 WAIT_ACK 600 
b.1 2025-06-01 18:28:01.161 a 2025-06-01-18:27:59 210 233 263 2.3 7.4 11.0 4.3 86.4 727.1 49.36 26280 0.6 9.4 22.6 23.4 3.633  -998.    8.9    -2.  82    5.9   0 2 2 0 0 1 1 8.6 78.4 8.6 78.3 80.0 100 100 21 408 0 145 0 402 401 400 0 0 0 60 50 WAIT_ACK 600 
b.1 2025-06-01 18:29:02.303 a 2025-06-01-18:29:01 201 233 267 2.8 7.2 12.2 4.3 86.4 727.0 49.38 26320 0.9 9.7 22.6 23.4 3.633  -998.    8.9    -2.  82    6.0   0 2 2 0 0 1 1 8.6 78.1 8.6 78.1 80.0 100 100 21 408 0 145 0 401 402 399 0 0 0 60 50 WAIT_ACK 600 
b.1 2025-06-01 18:30:02.005 a 2025-06-01-18:30:00 139 237 268 2.4 8.0 13.7 4.4 85.2 727.2 49.40 26360 1.2 9.6 22.6 23.4 3.633  -998.    8.9    -2.  82    5.9 100 2 2 0 0 1 1 8.5 78.1 8.6 78.1 80.0 100 100 21 408 0 145 0 402 401 399 0 0 0 60 50 WAIT_ACK 600 
b.1 2025-06-01 18:31:00.585 a 2025-06-01-18:30:59 004 239 143 1.3 7.3 11.2 4.3 86.0 727.2 49.40 26380 0.1 10.1 22.6 23.4 3.633  -998.    8.9    -2.  82    6.0   0 1 2 0 0 1 1 8.5 78.3 8.6 78.1 80.0 100 100 21 408 0 145 0 402 401 400 0 0 0 60 50 WAIT_ACK 600 
b.1 2025-06-01 18:32:01.082 a 2025-06-01-18:31:59 176 238 272 1.5 8.0 12.3 4.3 85.3 727.2 49.40 26380 0.0 10.4 22.6 23.4 3.634  -998.    8.9    -2.  82    6.0   0 1 2 0 0 1 1 8.5 78.3 8.6 77.9 80.0 100 100 21 408 0 145 0 401 401 399 0 0 0 60 50 WAIT_ACK 600 
b.1 2025-06-01 18:33:01.246 a 2025-06-01-18:33:00 116 232 277 0.6 7.2 12.1 4.3 85.7 727.1 49.40 26380 0.0 10.8 22.6 23.4 3.633  -998.    8.9    -2.  82    5.9   0 1 2 0 0 1 1 8.5 78.1 8.6 78.1 80.0 100 100 21 408 0 145 0 401 401 400 0 0 0 60 50 WAIT_ACK 600 
b.1 2025-06-01 18:34:01.683 a 2025-06-01-18:34:00 204 238 339 1.5 8.9 12.7 4.4 85.1 727.1 49.40 26380 0.0 11.0 22.6 23.4 3.633  -998.    8.9    -2.  82    5.9 100 0 2 0 0 1 1 8.5 78.1 8.6 78.0 80.0 100 100 21 408 0 145 0 401 401 400 0 0 0 60 50 WAIT_ACK 600 
b.1 2025-06-01 18:35:01.903 a 2025-06-01-18:35:00 143 234 273 0.7 6.7 12.8 4.4 86.6 727.1 49.40 26380 0.0 11.2 22.6 23.4 3.633  -998.    8.9    -2.  82    5.9   0 1 2 0 0 1 1 8.5 78.1 8.6 78.0 80.0 100 100 21 408 0 145 0 401 401 399 0 0 0 60 50 WAIT_ACK 600 
b.1 2025-06-01 18:36:00.444 a 2025-06-01-18:35:59 188 239 275 0.8 7.4 12.2 4.6 85.5 727.1 49.40 26380 0.0 11.4 22.6 23.4 3.633  -998.    8.8    -2.  82    5.9 100 1 2 0 0 1 1 8.5 78.2 8.6 77.8 80.0 100 100 21 408 0 145 0 401 401 399 0 0 0 60 50 WAIT_ACK 600 
b.1 2025-06-01 18:37:01.002 a 2025-06-01-18:36:59 205 236 275 1.2 8.7 13.2 4.3 85.5 727.1 49.40 26380 0.0 11.4 22.6 23.4 3.634  -998.    8.8    -2.  82    5.9   0 0 2 0 0 1 1 8.4 78.1 8.6 77.8 80.0 100 100 21 408 0 145 0 401 401 400 0 0 0 60 50 WAIT_ACK 600 
b.1 2025-06-01 18:38:01.125 a 2025-06-01-18:37:59 026 241 108 1.1 7.4 12.7 4.3 85.5 727.0 49.40 26380 0.0 11.6 22.6 23.4 3.633  -998.    8.8    -2.  82    5.9 100 0 2 0 0 1 1 8.4 78.3 8.6 77.8 80.0 100 100 21 408 0 145 0 401 401 400 0 0 0 60 50 WAIT_ACK 600 
b.1 2025-06-01 18:39:00.405 a 2025-06-01-18:38:59 085 233 277 1.1 8.3 12.1 4.3 85.5 727.0 49.40 26380 0.0 11.5 22.6 23.4 3.633  -998.    8.8    -2.  82    5.9   0 0 2 0 0 1 1 8.4 78.2 8.6 77.7 80.0 100 100 21 408 0 145 0 401 401 399 0 0 0 60 50 WAIT_ACK 600 
b.1 2025-06-01 18:40:02.101 a 2025-06-01-18:40:00 173 232 263 2.0 7.3 12.1 4.3 86.2 727.0 49.40 26380 0.0 11.8 22.6 23.4 3.632  -998.    8.8    -2.  82    5.9   0 0 2 0 0 1 1 8.4 78.2 8.6 77.8 80.0 100 100 21 408 0 145 0 401 401 400 0 0 0 60 50 WAIT_ACK 600 
b.1 2025-06-01 18:41:01.145 a 2025-06-01-18:40:59 219 248 309 1.5 8.5 12.4 4.3 86.2 727.0 49.40 26380 0.0 11.6 22.6 23.4 3.633  -998.    8.8    -2.  82    5.9 100 0 2 0 0 1 1 8.4 78.2 8.6 77.9 80.0 100 100 21 408 0 145 0 401 402 399 0 0 0 60 50 WAIT_ACK 600 
b.1 2025-06-01 18:42:00.664 a 2025-06-01-18:41:59 112 242 268 0.8 8.3 13.2 4.3 85.0 727.1 49.40 26380 0.0 11.7 22.6 23.4 3.633  -998.    8.8    -2.  82    5.9   0 0 2 0 0 1 1 8.4 78.3 8.6 77.7 80.0 100 100 21 408 0 145 0 401 401 400 0 0 0 60 50 WAIT_ACK 600 
b.1 2025-06-01 18:43:00.707 a 2025-06-01-18:42:59 144 241 354 1.1 5.9 10.5 4.2 86.3 727.0 49.40 26380 0.0 12.2 22.6 23.4 3.633  -998.    8.8    -2.  82    5.9   0 0 2 0 0 1 1 8.4 78.2 8.6 77.7 80.0 100 100 21 408 0 145 0 400 401 399 0 0 0 60 50 WAIT_ACK 600 
b.1 2025-06-01 18:43:59.703 a 2025-06-01-18:43:58 165 239 271 0.6 7.0 10.8 4.3 86.8 727.1 49.40 26380 0.0 12.4 22.6 23.4 3.633  -998.    8.8    -2.  82    5.9   0 0 2 0 0 1 1 8.4 78.3 8.6 77.5 80.0 100 100 21 408 0 145 0 401 401 399 0 0 0 60 50 WAIT_ACK 600 
b.1 2025-06-01 18:45:01.684 a 2025-06-01-18:45:00 127 242 278 0.7 7.8 12.5 4.3 85.7 726.9 49.40 26380 0.0 12.3 22.6 23.4 3.633  -998.    8.8    -2.  82    5.9   0 0 2 0 0 1 1 8.4 78.1 8.6 77.6 80.0 100 100 21 408 0 145 0 401 401 399 0 0 0 60 50 WAIT_ACK 600 
b.1 2025-06-01 18:46:01.729 a 2025-06-01-18:46:00 155 240 275 1.0 6.9 11.4 4.3 85.8 727.0 49.40 26380 0.0 12.5 22.6 23.4 3.632  -998.    8.8    -2.  82    5.9   0 0 2 0 0 1 1 8.4 78.2 8.6 77.5 80.0 100 100 21 408 0 145 0 402 401 400 0 0 0 60 50 WAIT_ACK 600 
b.1 2025-06-01 18:47:01.322 a 2025-06-01-18:47:00 177 243 276 1.6 7.1 11.6 4.2 85.0 727.0 49.40 26380 0.0 12.3 22.6 23.4 3.633  -998.    8.8    -2.  82    5.8   0 0 2 0 0 1 1 8.4 78.3 8.6 77.5 80.0 100 100 21 408 0 145 0 402 401 399 0 0 0 60 50 WAIT_ACK 600 
b.1 2025-06-01 18:47:59.826 a 2025-06-01-18:47:58 122 241 270 0.6 7.5 12.4 4.2 85.5 727.1 49.40 26380 0.0 12.4 22.6 23.4 3.634  -998.    8.8    -2.  82    5.8   0 0 2 0 0 1 1 8.4 78.2 8.6 77.5 80.0 100 100 21 408 0 145 0 401 401 399 0 0 0 60 50 WAIT_ACK 600 
b.1 2025-06-01 18:49:01.582 a 2025-06-01-18:49:00 129 241 347 1.1 6.7 12.5 4.2 86.6 727.1 49.40 26380 0.0 12.7 22.6 23.4 3.633  -998.    8.7    -2.  82    5.8   0 0 2 0 0 1 1 8.4 78.3 8.6 77.5 80.0 100 100 21 408 0 145 0 401 401 399 0 0 0 60 50 WAIT_ACK 600 
b.1 2025-06-01 18:50:01.003 a 2025-06-01-18:49:59 060 239 350 0.8 6.1 11.3 4.2 87.0 727.2 49.40 26380 0.0 12.8 22.6 23.4 3.633  -998.    8.7    -2.  82    5.8   0 0 2 0 0 1 1 8.4 78.4 8.6 77.6 80.0 100 100 21 408 0 145 0 401 401 400 0 0 0 60 50 WAIT_ACK 600 
b.1 2025-06-01 18:51:01.726 a 2025-06-01-18:51:00 127 239 283 0.6 6.1 10.1 4.2 86.4 727.1 49.40 26380 0.0 13.1 22.6 23.4 3.633  -998.    8.7    -2.  82    5.8   0 0 2 0 0 1 1 8.4 78.5 8.6 77.5 80.0 100 100 21 408 0 145 0 400 402 399 0 0 0 60 50 WAIT_ACK 600 
b.1 2025-06-01 18:52:01.703 a 2025-06-01-18:52:00 195 231 260 1.8 6.3 9.1 4.3 86.9 727.1 49.40 26380 0.0 13.1 22.6 23.4 3.633  -998.    8.8    -2.  82    5.8   0 0 2 0 0 1 1 8.3 78.5 8.6 77.8 80.0 100 100 21 408 0 145 0 401 401 399 0 0 0 60 50 WAIT_ACK 600 
b.1 2025-06-01 18:53:00.803 a 2025-06-01-18:52:59 171 241 285 1.3 6.5 10.2 4.3 87.1 727.1 49.40 26380 0.0 13.1 22.6 23.4 3.633  -998.    8.8    -2.  82    5.9   0 0 2 0 0 1 1 8.3 78.4 8.6 77.8 80.0 100 100 21 408 0 145 0 401 401 400 0 0 0 60 50 WAIT_ACK 600 
b.1 2025-06-01 18:54:01.822 a 2025-06-01-18:54:00 106 242 278 0.7 6.7 9.9 4.3 86.5 727.1 49.40 26380 0.0 13.2 22.6 23.4 3.633  -998.    8.8    -2.  82    5.9   0 0 2 0 0 2 1 8.3 78.6 8.6 77.6 80.0 100 100 21 408 0 145 0 402 401 400 0 0 0 60 50 WAIT_ACK 600 
b.1 2025-06-01 18:55:00.884 a 2025-06-01-18:54:59 117 244 270 0.7 6.4 10.4 4.1 86.1 727.0 49.40 26380 0.0 13.2 22.6 23.4 3.633  -998.    8.8    -2.  82    5.9   0 0 2 0 0 2 1 8.3 78.6 8.6 77.6 80.0 100 100 21 408 0 145 0 401 401 400 0 0 0 60 50 WAIT_ACK 600 
b.1 2025-06-01 18:56:01.607 a 2025-06-01-18:56:00 127 244 325 0.5 5.3 9.5 4.1 86.5 727.0 49.40 26380 0.0 13.4 22.6 23.4 3.633  -998.    8.8    -2.  82    5.9 100 0 2 0 0 2 1 8.3 78.6 8.6 77.5 80.0 100 100 21 408 0 145 0 401 401 399 0 0 0 60 50 WAIT_ACK 600 
b.1 2025-06-01 18:57:00.983 a 2025-06-01-18:56:59 127 236 313 0.5 5.3 9.9 4.2 87.4 727.0 49.40 26380 0.0 13.8 22.6 23.4 3.633   -8.2    8.8   25.8  82    5.9   0 0 0 3 2 2 1 8.3 78.5 8.6 77.4 80.0 100 100 21 408 0 145 0 401 401 400 0 0 0 60 50 WAIT_ACK 600 
b.1 2025-06-01 18:58:01.286 a 2025-06-01-18:58:00 002 246 093 0.6 5.7 10.5 4.2 87.1 727.1 49.40 26380 0.0 13.7 22.6 23.4 3.633   -9.0    8.8   28.7  82    5.9   0 0 0 3 2 2 1 8.3 78.5 8.6 77.5 80.0 100 100 21 408 0 145 0 401 401 399 0 0 0 60 50 WAIT_ACK 600 
b.1 2025-06-01 18:59:01.381 a 2025-06-01-18:59:00 181 244 298 0.8 5.8 9.1 4.2 86.8 727.1 49.40 26380 0.0 13.8 22.6 23.4 3.632   -7.4    8.8   28.1  82    5.9   5 0 0 3 2 2 1 8.4 78.0 8.6 77.4 80.0 100 100 21 408 0 145 0 401 401 399 0 0 0 60 50 WAIT_ACK 600 
b.1 2025-06-01 19:00:02.562 a 2025-06-01-19:00:01 138 241 282 0.9 5.7 9.1 4.3 87.6 727.1 49.40 26380 0.0 14.2 22.6 23.4 3.633   -6.2    8.9   29.7  82    5.9  10 0 0 3 2 2 1 8.3 77.8 8.4 77.5 80.0 100 100 21 408 0 145 0 402 401 400 0 0 0 60 50 WAIT_ACK 600 
b.1 2025-06-01 19:01:00.525 a 2025-06-01-19:00:59 071 239 273 0.7 5.9 9.3 4.4 86.1 727.0 49.40 26380 0.0 14.5 22.6 23.4 3.633   -6.2    8.9   23.4  82    6.0  12 0 0 3 2 2 1 8.2 78.1 8.3 78.1 80.0 100 100 21 408 0 145 0 401 402 399 0 0 0 60 50 WAIT_ACK 600 
b.1 2025-06-01 19:02:00.546 a 2025-06-01-19:01:59 070 253 312 0.4 4.4 8.6 4.4 87.3 727.1 49.40 26380 0.0 14.6 22.6 23.4 3.633   -4.9    9.0   15.9  82    6.0  12 0 0 3 2 2 1 8.2 78.0 8.2 78.4 80.0 100 100 21 408 0 145 0 401 401 399 0 0 0 60 50 WAIT_ACK 600 
b.1 2025-06-01 19:03:01.186 a 2025-06-01-19:02:59 137 239 276 0.6 4.7 8.0 4.6 88.0 727.1 49.40 26380 0.0 14.3 22.6 23.4 3.633   -5.2    9.0   13.9  82    6.1   5 0 0 3 1 2 1 8.1 78.4 8.2 78.7 80.0 100 100 21 408 0 145 0 401 401 399 0 0 0 60 50 WAIT_ACK 600 
b.1 2025-06-01 19:04:00.884 a 2025-06-01-19:03:59 144 232 339 0.6 4.8 7.9 4.5 88.0 727.1 49.40 26380 0.0 14.8 23.9 23.4 3.633   -5.3    9.0   12.8  82    6.1   8 0 0 3 1 2 1 8.1 78.8 8.1 79.0 80.0 100 100 21 408 0 145 0 401 401 400 0 0 0 60 50 WAIT_ACK 600 
b.1 2025-06-01 19:05:01.608 a 2025-06-01-19:05:00 115 231 274 0.5 4.1 7.6 4.6 87.6 727.2 49.40 26380 0.0 14.9 24.0 23.4 3.633   -6.0    9.1   10.7  82    6.2  10 0 0 3 1 2 1 8.2 78.5 8.2 79.1 80.0 100 100 21 408 0 145 0 402 401 399 0 0 0 60 50 WAIT_ACK 600 
b.1 2025-06-01 19:06:01.664 a 2025-06-01-19:06:00 169 235 267 0.8 6.7 9.1 4.6 86.3 727.1 49.40 26380 0.0 13.9 22.6 23.4 3.633   -6.2    9.1   18.0  82    6.2  10 0 0 3 2 2 1 8.2 78.4 8.2 78.9 80.0 100 100 21 408 0 145 0 401 401 399 0 0 0 60 50 WAIT_ACK 600 
b.1 2025-06-01 19:07:00.585 a 2025-06-01-19:06:59 105 238 267 0.7 5.8 11.4 4.6 85.7 727.1 49.40 26380 0.0 14.5 22.6 23.4 3.633   -7.0    9.2   18.2  82    6.3  10 0 0 3 2 2 1 8.2 78.3 8.1 78.9 80.0 100 100 21 408 0 145 0 402 401 400 0 0 0 60 50 WAIT_ACK 600 
b.1 2025-06-01 19:08:00.765 a 2025-06-01-19:07:59 108 242 285 0.7 6.3 11.3 4.6 85.2 727.1 49.40 26400 0.0 13.9 22.6 23.4 3.632  -998.    9.2    -2.  82    6.3   0 1 2 0 0 2 1 8.0 78.5 8.0 78.9 80.0 100 100 21 408 0 145 0 402 401 400 0 0 0 60 50 WAIT_ACK 600 
b.1 2025-06-01 19:09:01.805 a 2025-06-01-19:09:00 207 238 278 2.2 6.4 10.1 4.4 86.8 727.2 49.40 26420 0.1 12.9 22.6 23.4 3.634  -998.    9.2    -2.  82    6.3   0 1 2 0 0 2 1 7.9 78.8 7.8 79.6 80.0 100 100 21 408 0 145 0 400 401 399 0 0 0 60 50 WAIT_ACK 600 
b.1 2025-06-01 19:10:02.625 a 2025-06-01-19:10:01 130 238 288 0.5 4.9 10.7 4.4 87.5 727.1 49.40 26430 0.0 12.4 22.6 23.4 3.633  -998.    9.2    -2.  82    6.3 100 2 2 0 0 2 1 7.9 78.9 7.9 79.9 80.0 100 100 21 408 0 145 0 400 402 399 0 0 0 60 50 WAIT_ACK 600 
b.1 2025-06-01 19:11:00.926 a 2025-06-01-19:10:59 018 251 099 1.0 7.1 12.1 4.4 83.9 727.1 49.47 26480 3.7 11.0 22.6 23.4 3.633  -998.    9.2    -2.  82    6.3   0 2 2 0 0 2 1 8.0 79.1 7.9 79.8 80.0 100 100 21 408 0 145 0 401 401 400 0 0 0 60 50 WAIT_ACK 600 
b.1 2025-06-01 19:12:00.305 a 2025-06-01-19:11:59 107 247 280 0.4 6.6 10.7 4.3 85.2 727.1 49.48 26520 0.7 10.4 22.6 23.4 3.634  -998.    9.2    -2.  82    6.3   0 2 2 0 0 2 1 8.0 79.0 8.0 79.5 80.0 100 100 21 408 0 145 0 400 402 399 0 0 0 60 50 WAIT_ACK 600 
b.1 2025-06-01 19:13:01.973 a 2025-06-01-19:13:00 116 246 309 0.4 5.4 10.5 4.2 86.6 727.0 49.49 26580 0.5 10.5 22.6 23.4 3.633  -998.    9.2    -2.  82    6.2   0 1 2 0 0 2 1 8.1 78.6 8.1 79.5 80.0 100 100 21 408 0 145 0 401 401 400 0 0 0 60 50 WAIT_ACK 600 
b.1 2025-06-01 19:14:01.206 a 2025-06-01-19:13:59 133 243 284 0.6 6.2 10.4 4.2 86.9 727.0 49.49 26590 0.0 10.6 22.6 23.4 3.633  -998.    9.1    -2.  82    6.2   0 1 2 0 0 2 1 8.1 78.5 8.1 79.3 80.0 100 100 21 408 0 145 0 401 401 400 0 0 0 60 50 WAIT_ACK 600 
b.1 2025-06-01 19:15:01.648 a 2025-06-01-19:15:00 027 246 100 0.4 5.5 9.8 4.2 87.0 727.0 49.49 26590 0.0 10.9 22.6 23.4 3.633  -998.    9.1    -2.  82    6.1 100 1 2 0 0 2 1 8.2 78.4 8.2 79.2 80.0 100 100 21 408 0 145 0 401 401 400 0 0 0 60 50 WAIT_ACK 600 
b.1 2025-06-01 19:16:01.763 a 2025-06-01-19:16:00 199 252 338 0.7 6.6 11.4 4.2 87.1 727.0 49.49 26590 0.0 10.8 22.6 23.4 3.633  -998.    9.1    -2.  82    6.1   0 1 2 0 0 2 1 8.2 78.2 8.2 79.1 80.0 100 100 21 408 0 145 0 400 401 399 0 0 0 60 50 WAIT_ACK 600 
b.1 2025-06-01 19:17:01.286 a 2025-06-01-19:17:00 125 253 322 0.5 6.7 10.7 4.2 85.4 727.1 49.49 26590 0.0 10.8 22.6 23.4 3.631  -998.    9.1    -2.  81    6.1   0 1 2 0 0 2 1 8.3 78.0 8.3 78.7 80.0 100 100 21 408 0 145 0 401 401 399 0 0 0 60 50 WAIT_ACK 600 
b.1 2025-06-01 19:18:01.505 a 2025-06-01-19:18:00 103 238 352 0.4 5.7 11.1 4.2 86.3 727.1 49.49 26590 0.0 11.4 22.6 23.4 3.633  -998.    9.1    -2.  81    6.1   0 1 2 0 0 2 1 8.3 78.1 8.3 78.6 80.0 100 100 21 408 0 145 0 401 401 400 0 0 0 60 50 WAIT_ACK 600 
b.1 2025-06-01 19:19:01.529 a 2025-06-01-19:19:00 185 248 358 0.9 5.8 10.7 4.2 86.1 727.1 49.49 26590 0.0 11.6 22.6 23.4 3.633  -998.    9.0    -2.  81    6.0   0 1 2 0 0 2 1 8.3 77.9 8.3 78.4 80.0 100 100 21 408 0 145 0 401 401 400 0 0 0 60 50 WAIT_ACK 600 
b.1 2025-06-01 19:20:02.424 a 2025-06-01-19:20:01 133 241 345 0.4 5.6 10.9 4.1 87.4 727.1 49.49 26590 0.0 12.1 22.6 23.4 3.633  -998.    9.0    -2.  81    6.0   0 1 2 0 0 2 1 8.3 77.7 8.4 78.5 80.0 100 100 21 408 0 145 0 401 401 399 0 0 0 60 50 WAIT_ACK 600 
b.1 2025-06-01 19:21:01.529 a 2025-06-01-19:21:00 041 245 105 1.2 5.2 10.3 4.2 88.0 727.1 49.49 26590 0.0 12.6 22.6 23.4 3.632  -998.    9.0    -2.  81    6.0 100 1 2 0 0 2 1 8.3 77.9 8.4 78.2 80.0 100 100 21 408 0 145 0 401 401 400 0 0 0 60 50 WAIT_ACK 600 
b.1 2025-06-01 19:22:02.209 a 2025-06-01-19:22:00 133 244 282 1.6 6.3 12.0 4.3 87.5 727.1 49.49 26590 0.0 12.5 22.6 23.4 3.633  -998.    9.0    -2.  81    6.0   0 1 2 0 0 2 1 8.4 77.9 8.4 78.3 80.0 100 100 21 408 0 145 0 402 401 400 0 0 0 60 50 WAIT_ACK 600 
b.1 2025-06-01 19:23:00.289 a 2025-06-01-19:22:59 107 241 285 0.5 6.5 11.7 4.4 87.5 727.2 49.49 26590 0.0 12.4 22.6 23.4 3.634  -998.    9.1    -2.  81    6.0   0 1 2 0 0 2 1 8.4 78.0 8.4 78.1 80.0 100 100 21 408 0 145 0 402 401 399 0 0 0 60 50 WAIT_ACK 600 
b.1 2025-06-01 19:24:01.430 a 2025-06-01-19:24:00 146 244 290 0.9 7.1 12.2 4.3 86.0 727.2 49.49 26590 0.0 12.1 22.6 23.4 3.633  -998.    9.0    -2.  81    6.0   0 0 2 0 0 2 1 8.4 77.9 8.4 78.0 80.0 100 100 21 408 0 145 0 401 402 399 0 0 0 60 50 WAIT_ACK 600 
b.1 2025-06-01 19:25:01.052 a 2025-06-01-19:24:59 207 238 275 0.8 6.9 11.0 4.2 85.5 727.2 49.49 26590 0.0 12.4 22.6 23.4 3.633  -998.    9.0    -2.  81    6.0   0 0 2 0 0 2 1 8.4 77.8 8.4 77.9 80.0 100 100 21 408 0 145 0 401 401 399 0 0 0 60 50 WAIT_ACK 600 
b.1 2025-06-01 19:26:01.789 a 2025-06-01-19:26:00 180 242 294 0.7 7.0 12.0 4.1 85.7 727.1 49.49 26590 0.0 11.8 22.6 23.4 3.633  -998.    9.0    -2.  81    6.0   0 0 2 0 0 2 1 8.5 77.6 8.5 78.0 80.0 100 100 21 408 0 145 0 400 401 399 0 0 0 60 50 WAIT_ACK 600 
b.1 2025-06-01 19:27:01.266 a 2025-06-01-19:27:00 032 255 130 1.2 6.8 11.2 4.1 85.2 727.1 49.49 26590 0.0 11.9 22.6 23.4 3.633  -998.    9.0    -2.  81    5.9   0 0 2 0 0 2 1 8.4 77.4 8.5 77.8 80.0 100 100 21 408 0 145 0 401 402 399 0 0 0 60 50 WAIT_ACK 600 
b.1 2025-06-01 19:28:00.825 a 2025-06-01-19:27:59 085 255 265 0.5 5.8 11.2 4.1 85.2 727.1 49.49 26590 0.0 12.6 22.6 23.4 3.633  -998.    9.0    -2.  81    5.9   0 0 2 0 0 2 1 8.4 77.4 8.5 77.6 80.0 100 100 21 408 0 145 0 400 401 399 0 0 0 60 50 WAIT_ACK 600 
b.1 2025-06-01 19:29:01.648 a 2025-06-01-19:29:00 021 250 142 0.4 5.7 9.8 4.1 85.2 727.1 49.49 26590 0.0 12.9 22.6 23.4 3.633  -998.    8.9    -2.  81    5.9   0 0 2 0 0 2 1 8.5 77.1 8.5 77.4 80.0 100 100 21 408 0 145 0 401 401 399 0 0 0 60 50 WAIT_ACK 600 
b.1 2025-06-01 19:30:00.065 a 2025-06-01-19:29:58 076 244 299 0.4 5.9 9.6 3.9 85.9 727.1 49.49 26590 0.0 13.2 22.6 23.4 3.633  -998.    8.9    -2.  81    5.8   0 0 2 0 0 2 1 8.5 77.2 8.5 77.4 80.0 100 100 21 408 0 145 0 401 401 400 0 0 0 60 50 WAIT_ACK 600 
b.1 2025-06-01 19:31:00.153 a 2025-06-01-19:30:58 208 248 283 0.7 5.2 9.5 3.8 86.6 727.0 49.49 26590 0.0 13.4 22.6 23.4 3.633  -998.    8.8    -2.  81    5.8 100 0 2 0 0 2 1 8.5 76.8 8.5 77.3 80.0 100 100 21 408 0 145 0 401 401 400 0 0 0 60 50 WAIT_ACK 600 
b.1 2025-06-01 19:32:00.969 a 2025-06-01-19:31:59 100 238 269 1.2 6.3 9.8 3.8 86.7 727.0 49.49 26590 0.0 13.4 22.6 23.4 3.633  -998.    8.8    -2.  81    5.7   0 0 2 0 0 2 1 8.5 76.9 8.5 77.3 80.0 100 100 21 408 0 145 0 401 401 399 0 0 0 60 50 WAIT_ACK 600 
b.1 2025-06-01 19:33:00.993 a 2025-06-01-19:32:59 169 244 276 0.7 6.1 9.4 3.8 86.8 727.0 49.49 26590 0.0 13.4 22.6 23.4 3.633  -998.    8.8    -2.  81    5.7   0 0 2 0 0 2 1 8.5 77.2 8.5 77.3 80.0 100 100 21 408 0 145 0 401 401 400 0 0 0 60 50 WAIT_ACK 600 
b.1 2025-06-01 19:34:00.509 a 2025-06-01-19:33:59 113 243 273 0.7 5.7 8.8 3.9 87.1 727.0 49.49 26590 0.0 13.5 22.6 23.4 3.633  -998.    8.8    -2.  81    5.7   0 0 2 0 0 1 1 8.5 77.0 8.5 77.2 80.0 100 100 21 408 0 145 0 401 401 399 0 0 0 60 50 WAIT_ACK 600 
b.1 2025-06-01 19:35:01.109 a 2025-06-01-19:34:59 103 245 339 0.9 5.7 10.0 3.9 87.0 727.0 49.49 26590 0.0 13.6 22.6 23.4 3.633  -998.    8.7    -2.  81    5.7   0 0 2 0 0 1 1 8.5 76.9 8.5 77.3 80.0 100 100 21 408 0 145 0 401 402 399 0 0 0 60 50 WAIT_ACK 600 
b.1 2025-06-01 19:36:00.907 a 2025-06-01-19:35:59 139 244 272 0.8 5.7 9.7 3.9 86.7 726.9 49.49 26590 0.0 13.6 22.6 23.4 3.633  -998.    8.7    -2.  81    5.6   0 0 2 0 0 1 1 8.5 76.9 8.5 77.2 80.0 100 100 21 408 0 145 0 400 402 400 0 0 0 60 50 WAIT_ACK 600 
b.1 2025-06-01 19:37:01.888 a 2025-06-01-19:37:00 130 240 281 0.7 4.5 7.9 3.9 87.6 726.8 49.49 26590 0.0 14.1 22.6 23.4 3.633  -998.    8.7    -2.  81    5.6   0 0 2 0 0 1 1 8.5 77.3 8.5 77.3 80.0 100 100 21 408 0 145 0 401 401 399 0 0 0 60 50 WAIT_ACK 600 
b.1 2025-06-01 19:38:01.690 a 2025-06-01-19:38:00 120 247 281 0.2 5.3 8.3 4.0 87.3 726.8 49.49 26590 0.0 14.1 22.6 23.4 3.633  -998.    8.7    -2.  81    5.6   0 0 2 0 0 1 1 8.5 76.7 8.5 77.1 80.0 100 100 21 408 0 145 0 401 401 400 0 0 0 60 50 WAIT_ACK 600 
b.1 2025-06-01 19:39:01.828 a 2025-06-01-19:39:00 135 241 282 0.7 4.6 8.1 3.9 87.1 726.7 49.49 26590 0.0 14.6 22.6 23.4 3.633  -998.    8.7    -2.  81    5.6   0 0 2 0 0 1 1 8.5 76.8 8.5 77.2 80.0 100 100 21 408 0 145 0 402 401 400 0 0 0 60 50 WAIT_ACK 600 
b.1 2025-06-01 19:40:02.407 a 2025-06-01-19:40:01 195 241 269 0.8 5.4 7.6 3.9 88.2 726.8 49.49 26590 0.0 14.5 22.6 23.4 3.633  -998.    8.7    -2.  81    5.6 100 0 2 0 0 1 1 8.5 76.7 8.5 77.0 80.0 100 100 21 408 0 145 0 401 402 399 0 0 0 60 50 WAIT_ACK 600 
b.1 2025-06-01 19:41:00.489 a 2025-06-01-19:40:59 199 236 260 1.9 5.8 8.8 3.9 87.0 726.7 49.49 26590 0.0 14.4 22.6 23.4 3.633  -998.    8.7    -2.  81    5.7   0 0 2 0 0 1 1 8.5 76.9 8.5 77.0 80.0 100 100 21 408 0 145 0 401 401 400 0 0 0 60 50 WAIT_ACK 600 
b.1 2025-06-01 19:42:01.769 a 2025-06-01-19:42:00 175 240 270 0.9 5.6 8.5 3.8 87.0 726.7 49.49 26590 0.0 14.4 22.6 23.4 3.633  -998.    8.8    -2.  81    5.7   0 0 2 0 0 2 1 8.5 76.9 8.5 77.0 80.0 100 100 21 408 0 145 0 401 401 399 0 0 0 60 50 WAIT_ACK 600 
b.1 2025-06-01 19:43:00.869 a 2025-06-01-19:42:59 175 244 284 0.9 5.5 8.2 3.8 87.1 726.7 49.49 26590 0.0 14.4 22.6 23.4 3.633  -998.    8.8    -2.  81    5.7   0 0 2 0 0 2 1 8.5 76.5 8.5 77.2 80.0 100 100 21 408 0 145 0 401 401 400 0 0 0 60 50 WAIT_ACK 600 
b.1 2025-06-01 19:44:00.950 a 2025-06-01-19:43:59 219 246 274 2.1 5.6 8.5 3.8 87.2 726.7 49.49 26590 0.0 14.4 22.6 23.4 3.633  -14.8    8.8   13.4  81    5.7   0 0 0 2 1 2 0 8.5 76.7 8.6 77.2 80.0 100 100 21 408 0 145 0 401 401 400 0 0 0 60 50 WAIT_ACK 600 
b.1 2025-06-01 19:45:01.976 a 2025-06-01-19:45:00 143 245 311 0.7 5.1 9.0 3.8 87.1 726.7 49.49 26590 0.0 14.4 22.6 23.4 3.633  -15.0    8.8   12.3  81    5.7   0 0 0 2 1 2 0 8.5 76.5 8.5 77.0 80.0 100 100 21 408 0 145 0 402 401 400 0 0 0 60 50 WAIT_ACK 600 
b.1 2025-06-01 19:46:01.611 a 2025-06-01-19:46:00 147 246 276 1.0 6.0 9.9 3.8 85.9 726.6 49.49 26590 0.0 14.3 22.6 23.4 3.633  -14.1    8.8   13.8  81    5.7  10 0 0 2 1 2 0 8.5 75.9 8.5 76.4 80.0 100 100 21 408 0 145 0 401 401 400 0 0 0 60 50 WAIT_ACK 600 
b.1 2025-06-01 19:47:01.069 a 2025-06-01-19:46:59 217 244 267 2.0 6.2 9.0 3.7 86.4 726.5 49.49 26590 0.0 14.4 22.6 23.4 3.633  -15.6    8.8   14.5  81    5.7  12 0 0 2 1 2 0 8.4 74.2 8.4 75.0 80.0 100 100 21 408 0 145 0 401 401 400 0 0 0 60 50 WAIT_ACK 600 
b.1 2025-06-01 19:48:00.888 a 2025-06-01-19:47:59 112 251 292 0.6 6.2 10.0 3.7 84.6 726.5 49.49 26590 0.0 14.4 22.6 23.4 3.633  -16.3    8.7   15.4  81    5.7  12 0 0 2 2 2 0 8.2 74.7 8.1 75.2 80.0 100 100 21 408 0 145 0 401 402 400 0 0 0 60 50 WAIT_ACK 600 
b.1 2025-06-01 19:49:01.608 a 2025-06-01-19:49:00 187 248 282 0.9 6.0 10.0 3.7 85.0 726.5 49.49 26590 0.0 14.4 22.6 23.4 3.633  -15.8    8.7   15.1  81    5.7  12 0 0 2 2 2 0 8.1 74.3 8.0 75.1 80.0 100 100 21 408 0 145 0 400 402 399 0 0 0 60 50 WAIT_ACK 600 
b.1 2025-06-01 19:50:01.029 a 2025-06-01-19:49:59 203 251 341 0.6 6.1 9.8 3.6 85.3 726.5 49.49 26590 0.0 14.1 22.6 23.4 3.633  -14.6    8.7   16.5  81    5.7  12 0 0 2 2 2 0 8.0 74.0 7.9 74.6 80.0 100 100 21 408 0 145 0 401 401 399 0 0 0 60 50 WAIT_ACK 600 
b.1 2025-06-01 19:51:01.009 a 2025-06-01-19:50:59 119 250 302 0.7 5.9 9.6 3.6 86.1 726.4 49.49 26590 0.0 14.1 22.6 23.4 3.633  -15.1    8.7   15.3  81    5.7  12 0 0 2 2 2 0 8.0 73.9 7.9 75.0 80.0 100 100 21 408 0 145 0 402 401 400 0 0 0 60 50 WAIT_ACK 600 
b.1 2025-06-01 19:52:02.112 a 2025-06-01-19:52:00 136 255 281 1.2 7.2 11.7 3.6 84.7 726.4 49.49 26590 0.0 13.7 22.6 23.4 3.633  -13.5    8.7   20.4  81    5.6  16 0 0 2 2 1 0 8.0 74.0 7.9 74.9 80.0 100 100 21 408 0 145 0 401 401 399 0 0 0 60 50 WAIT_ACK 600 
b.1 2025-06-01 19:53:01.473 a 2025-06-01-19:53:00 188 252 300 1.3 7.4 11.7 3.6 84.3 726.4 49.49 26590 0.0 13.3 22.6 23.4 3.633  -13.3    8.7   20.8  81    5.6  14 0 0 2 2 1 0 8.0 73.2 8.0 74.2 80.0 100 100 21 408 0 145 0 401 402 399 0 0 0 60 50 WAIT_ACK 600 
b.1 2025-06-01 19:54:01.592 a 2025-06-01-19:54:00 181 252 275 1.6 8.1 11.9 3.7 82.9 726.4 49.49 26590 0.0 13.3 22.6 23.4 3.633  -16.3    8.7   23.0  81    5.6  14 0 0 2 2 1 0 7.9 72.1 7.8 73.0 80.0 100 100 21 408 0 145 0 401 401 399 0 0 0 60 50 WAIT_ACK 600 
b.1 2025-06-01 19:55:01.394 a 2025-06-01-19:55:00 002 254 199 0.9 7.1 11.9 3.7 82.6 726.3 49.49 26590 0.0 13.3 22.6 23.4 3.633  -13.3    8.7   22.3  81    5.6  14 0 0 2 2 1 0 7.7 71.6 7.5 72.7 80.0 100 100 21 408 0 145 0 402 401 400 0 0 0 60 50 WAIT_ACK 600 
b.1 2025-06-01 19:56:01.151 a 2025-06-01-19:55:59 105 249 314 0.5 6.6 11.9 3.7 82.3 726.2 49.49 26590 0.0 13.7 22.6 23.4 3.633  -15.6    8.7   19.3  81    5.6  14 0 0 2 2 1 0 7.5 72.1 7.3 73.3 80.0 100 100 21 408 0 145 0 401 401 399 0 0 0 60 50 WAIT_ACK 600 
b.1 2025-06-01 19:57:01.690 a 2025-06-01-19:57:00 213 252 305 1.3 7.8 11.8 3.7 80.2 726.2 49.49 26590 0.0 13.6 22.6 23.4 3.633  -15.2    8.7   20.7  81    5.6  14 0 0 2 2 1 0 7.4 71.8 7.2 73.1 80.0 100 100 21 408 0 145 0 401 401 400 0 0 0 60 50 WAIT_ACK 600 
b.1 2025-06-01 19:58:01.312 a 2025-06-01-19:57:59 201 255 301 0.6 7.2 11.5 3.8 79.3 726.2 49.49 26590 0.0 13.8 22.6 23.4 3.633  -15.6    8.7   20.9  81    5.6  14 0 0 2 2 1 0 7.3 71.6 7.1 73.0 80.0 100 100 21 408 0 145 0 402 401 400 0 0 0 60 50 WAIT_ACK 600 
b.1 2025-06-01 19:59:02.130 a 2025-06-01-19:59:00 138 252 297 2.2 6.4 11.9 3.9 80.8 726.2 49.49 26590 0.0 14.1 22.6 23.4 3.633  -16.5    8.7   17.6  81    5.6   0 0 0 2 2 2 0 7.2 71.6 7.0 73.2 80.0 100 100 21 408 0 145 0 401 401 399 0 0 0 60 50 WAIT_ACK 600 
b.1 2025-06-01 20:00:01.789 a 2025-06-01-20:00:00 101 250 292 0.4 6.1 11.3 4.1 78.4 726.1 49.49 26590 0.0 14.4 22.6 23.4 3.633  -13.7    8.7   15.6  81    5.6  11 0 0 2 2 2 0 7.2 72.2 7.0 73.6 80.0 100 100 21 408 0 145 0 401 401 399 0 0 0 60 50 WAIT_ACK 600 
b.1 2025-06-01 20:01:01.032 a 2025-06-01-20:00:59 192 251 277 1.4 7.4 12.3 4.1 78.4 726.1 49.49 26590 0.0 14.4 22.6 23.4 3.633  -15.8    8.7   17.3  81    5.6  16 0 0 2 2 2 0 7.1 72.5 7.0 74.0 80.0 100 100 21 408 0 145 0 402 401 399 0 0 0 60 50 WAIT_ACK 600 
b.1 2025-06-01 20:02:00.413 a 2025-06-01-20:01:59 143 250 287 0.7 6.4 11.3 4.3 79.6 726.1 49.49 26590 0.0 14.6 22.6 23.4 3.633  -13.8    8.7   15.8  80    5.5  13 0 0 2 2 2 0 7.1 73.1 6.9 74.5 80.0 100 100 21 408 0 145 0 401 401 399 0 0 0 60 50 WAIT_ACK 600 
b.1 2025-06-01 20:03:01.029 a 2025-06-01-20:02:59 028 253 167 0.6 6.2 11.9 4.4 78.9 726.1 49.49 26590 0.0 14.5 22.6 23.4 3.632  -14.3    8.8   15.1  80    5.6  13 0 0 2 2 2 0 7.1 73.2 6.9 74.8 80.0 100 100 21 408 0 145 0 401 402 399 0 0 0 60 50 WAIT_ACK 600 
b.1 2025-06-01 20:04:01.292 a 2025-06-01-20:03:59 199 249 290 2.1 7.2 11.8 4.4 77.7 726.1 49.49 26590 0.0 14.8 23.7 23.4 3.633  -15.8    8.8   15.7  80    5.6  13 0 0 2 2 2 0 7.1 73.5 6.9 75.0 80.0 100 100 21 408 0 145 0 401 401 399 0 0 0 60 50 WAIT_ACK 600 
b.1 2025-06-01 20:05:00.993 a 2025-06-01-20:04:59 037 251 083 0.3 6.4 13.1 4.5 78.7 726.1 49.49 26590 0.0 14.7 23.6 23.4 3.633  -15.6    8.8   14.7  80    5.6   5 0 0 2 1 3 1 7.0 74.0 6.9 75.6 80.0 100 100 21 408 0 145 0 402 401 400 0 0 0 60 50 WAIT_ACK 600 
b.1 2025-06-01 20:06:00.790 a 2025-06-01-20:05:59 098 251 319 0.7 5.6 11.3 4.7 78.3 726.1 49.49 26590 0.0 14.9 23.9 23.4 3.633  -14.0    8.9   12.3  80    5.7   7 0 0 2 1 3 1 7.1 73.8 6.9 75.4 80.0 100 100 21 408 0 145 0 402 401 400 0 0 0 60 50 WAIT_ACK 600 
b.1 2025-06-01 20:07:01.576 a 2025-06-01-20:07:00 091 255 333 1.0 7.5 12.2 4.7 77.2 726.0 49.49 26590 0.0 15.0 24.0 24.5 3.626  -14.2    9.0   14.8  80    5.7   7 0 0 2 1 3 1 7.0 73.5 6.9 75.0 80.0 100 100 21 408 0 145 0 400 401 399 0 0 0 60 50 WAIT_ACK 600 
b.1 2025-06-01 20:08:01.601 a 2025-06-01-20:08:00 083 248 286 1.8 8.9 13.3 4.7 75.2 726.1 49.49 26590 0.0 14.4 22.6 23.4 3.633  -18.0    9.0   18.5  80    5.8  14 0 0 2 2 3 1 7.1 73.9 6.9 75.1 80.0 100 100 21 408 0 145 0 402 401 400 0 0 0 60 50 WAIT_ACK 600 
b.1 2025-06-01 20:09:00.736 a 2025-06-01-20:08:59 111 252 314 1.1 8.3 13.3 5.0 75.3 726.1 49.49 26590 0.0 14.8 23.7 23.4 3.632  -13.9    9.1   18.5  80    5.9  12 0 0 2 2 3 1 7.1 74.2 7.0 75.5 80.0 100 100 21 408 0 145 0 401 401 399 0 0 0 60 50 WAIT_ACK 600 
b.1 2025-06-01 20:10:03.071 a 2025-06-01-20:10:01 057 243 309 0.5 6.4 12.2 5.2 77.5 726.2 49.49 26590 0.0 14.7 23.3 23.4 3.634  -14.4    9.2   13.2  80    5.9  12 0 0 2 1 2 0 7.1 74.5 7.0 75.7 80.0 100 100 21 408 0 145 0 401 401 400 0 0 0 60 50 WAIT_ACK 600 
b.1 2025-06-01 20:11:01.328 a 2025-06-01-20:11:00 145 245 281 2.5 8.1 12.3 5.2 75.8 726.2 49.49 26590 0.0 14.6 22.6 23.4 3.633  -13.6    9.3   17.6  80    6.0  12 0 0 2 2 2 0 7.1 74.7 7.0 75.9 80.0 100 100 21 408 0 145 0 402 401 399 0 0 0 60 50 WAIT_ACK 600 
b.1 2025-06-01 20:12:01.453 a 2025-06-01-20:12:00 150 248 285 1.6 7.4 12.9 5.3 75.8 726.2 49.49 26590 0.0 14.6 23.3 23.4 3.634  -14.5    9.4   17.1  80    6.1  12 0 0 2 2 2 0 7.2 74.0 7.1 75.1 80.0 100 100 21 408 0 145 0 401 402 399 0 0 0 60 50 WAIT_ACK 600 
b.1 2025-06-01 20:13:01.671 a 2025-06-01-20:13:00 150 255 316 0.9 8.0 12.9 5.4 75.1 726.3 49.49 26590 0.0 14.7 23.3 23.4 3.632  -14.3    9.5   20.8  80    6.1  12 0 0 2 2 2 0 7.2 74.0 7.1 75.2 80.0 100 100 21 408 0 145 0 402 401 400 0 0 0 60 50 WAIT_ACK 600 
b.1 2025-06-01 20:13:59.990 a 2025-06-01-20:13:58 032 252 111 1.0 6.8 12.0 5.4 73.9 726.4 49.49 26590 0.0 14.6 22.6 23.4 3.633  -13.8    9.5   20.1  80    6.2  12 0 0 2 2 2 0 7.2 74.3 7.1 75.6 80.0 100 100 21 408 0 145 0 401 401 399 0 0 0 60 50 WAIT_ACK 600 
b.1 2025-06-01 20:15:01.571 a 2025-06-01-20:15:00 093 239 310 0.3 5.0 10.9 5.5 77.5 726.3 49.49 26590 0.0 14.6 23.3 23.4 3.633  -13.9    9.6   11.9  79    6.2  12 0 0 2 1 2 0 7.2 74.7 7.1 75.9 80.0 100 100 21 408 0 145 0 401 401 399 0 0 0 60 50 WAIT_ACK 600 
b.1 2025-06-01 20:16:01.471 a 2025-06-01-20:16:00 055 254 348 0.6 6.8 13.0 5.5 75.7 726.4 49.49 26590 0.0 14.6 23.2 23.4 3.633  -18.0    9.6   16.9  79    6.2  12 0 0 2 2 2 0 7.2 74.6 7.1 75.9 80.0 100 100 21 408 0 145 0 402 401 400 0 0 0 60 50 WAIT_ACK 600 
b.1 2025-06-01 20:17:01.211 a 2025-06-01-20:16:59 096 244 344 0.7 6.8 11.3 5.5 77.3 726.2 49.49 26590 0.0 14.8 23.7 23.4 3.633  -14.6    9.7   15.2  79    6.2  12 0 0 2 2 2 0 7.2 75.4 7.1 76.5 80.0 100 100 21 408 0 145 0 401 401 399 0 0 0 60 50 WAIT_ACK 600 
b.1 2025-06-01 20:17:59.951 a 2025-06-01-20:17:58 151 247 302 0.8 6.4 11.5 5.5 76.4 726.2 49.49 26590 0.0 14.7 23.3 23.4 3.633  -15.0    9.7   14.6  79    6.3  12 0 0 2 1 2 0 7.2 76.3 7.1 77.3 80.0 100 100 21 408 0 145 0 401 401 400 0 0 0 60 50 WAIT_ACK 600 
b.1 2025-06-01 20:19:01.015 a 2025-06-01-20:18:59 195 249 302 0.8 6.8 10.8 5.5 77.9 726.2 49.49 26590 0.0 14.6 22.7 23.4 3.633  -14.5    9.7   16.6  79    6.3  12 0 0 2 2 2 0 7.2 76.8 7.1 77.9 80.0 100 100 21 408 0 145 0 401 401 400 0 0 0 60 50 WAIT_ACK 600 
b.1 2025-06-01 20:20:02.094 a 2025-06-01-20:20:00 186 246 318 0.3 6.7 11.6 5.6 79.0 726.2 49.49 26590 0.0 14.8 23.7 23.4 3.632  -15.1    9.8   15.2  79    6.3  12 0 0 2 2 2 0 7.2 77.5 7.1 78.5 80.0 100 100 21 408 0 145 0 401 401 399 0 0 0 60 50 WAIT_ACK 600 
b.1 2025-06-01 20:21:01.194 a 2025-06-01-20:20:59 213 251 270 1.4 8.3 12.1 5.5 78.5 726.3 49.49 26590 0.0 14.6 22.6 23.4 3.633  -12.9    9.8   18.7  79    6.4  12 0 0 2 2 2 0 7.2 77.2 7.1 78.3 80.0 100 100 21 408 0 145 0 402 401 400 0 0 0 60 50 WAIT_ACK 600 
b.1 2025-06-01 20:22:00.851 a 2025-06-01-20:21:59 200 253 344 0.8 7.4 14.8 5.5 78.7 726.2 49.49 26590 0.0 14.6 22.6 23.4 3.632  -12.6    9.8   18.5  79    6.4  12 0 0 2 2 2 0 7.2 77.2 7.2 78.3 80.0 100 100 21 408 0 145 0 402 401 400 0 0 0 60 50 WAIT_ACK 600 
b.1 2025-06-01 20:23:01.674 a 2025-06-01-20:23:00 081 240 272 0.3 6.0 14.2 5.5 78.7 726.3 49.49 26590 0.0 14.5 22.6 23.4 3.633  -14.6    9.9   14.2  79    6.4  12 0 0 2 1 2 0 7.3 78.0 7.2 79.1 80.0 100 100 21 408 0 145 0 401 401 400 0 0 0 60 50 WAIT_ACK 600 
b.1 2025-06-01 20:24:00.532 a 2025-06-01-20:23:59 106 245 279 0.6 6.8 12.3 5.6 77.3 726.3 49.49 26590 0.0 14.6 23.4 23.4 3.633  -16.6    9.9   15.2  79    6.5  12 0 0 2 2 2 0 7.3 78.0 7.2 79.0 80.0 100 100 21 408 0 145 0 402 401 399 0 0 0 60 50 WAIT_ACK 600 
b.1 2025-06-01 20:25:00.072 a 2025-06-01-20:24:58 106 265 350 0.9 6.4 12.3 5.7 74.8 726.2 49.49 26590 0.0 14.8 23.3 23.4 3.633  -15.4   10.0   15.0  79    6.5  12 0 0 2 1 2 0 7.3 77.9 7.3 78.9 80.0 100 100 21 408 0 145 0 401 401 399 0 0 0 60 50 WAIT_ACK 600 
b.1 2025-06-01 20:26:02.381 a 2025-06-01-20:26:01 184 251 282 1.0 6.8 12.1 5.9 78.2 726.2 49.49 26590 0.0 14.4 22.6 23.4 3.633  -15.5   10.0   16.4  79    6.5  12 0 0 2 2 2 0 7.4 78.5 7.3 79.5 80.0 100 100 21 408 0 145 0 401 401 400 0 0 0 60 50 WAIT_ACK 600 
b.1 2025-06-01 20:27:01.752 a 2025-06-01-20:27:00 128 258 300 0.6 6.2 11.8 6.0 75.9 726.3 49.49 26590 0.0 14.9 24.0 24.5 3.627  -15.9   10.1   14.5  79    6.6  12 0 0 2 1 2 0 7.4 78.3 7.3 79.2 80.0 100 100 21 408 0 145 0 401 402 400 0 0 0 60 50 WAIT_ACK 600 
b.1 2025-06-01 20:28:01.272 a 2025-06-01-20:27:59 148 258 308 0.9 6.2 10.6 6.2 77.0 726.3 49.49 26590 0.0 14.7 23.3 23.4 3.634  -13.8   10.2   13.0  79    6.7  12 0 0 2 1 2 0 7.4 78.1 7.4 79.1 80.0 100 100 21 408 0 145 0 401 401 400 0 0 0 60 50 WAIT_ACK 600 
b.1 2025-06-01 20:29:00.053 a 2025-06-01-20:28:58 166 254 355 0.6 5.7 11.1 6.3 77.2 726.4 49.49 26590 0.0 14.5 22.6 23.4 3.633  -14.3   10.3   12.1  79    6.7  12 0 0 2 1 2 0 7.4 78.3 7.4 79.2 80.0 100 100 21 408 0 145 0 401 401 400 0 0 0 60 50 WAIT_ACK 600 
b.1 2025-06-01 20:30:02.322 a 2025-06-01-20:30:00 126 247 333 0.7 6.0 11.2 6.1 76.9 726.3 49.49 26590 0.0 14.6 22.7 23.4 3.633  -14.6   10.3   12.3  79    6.8  12 0 0 2 1 2 0 7.5 78.1 7.4 79.0 80.0 100 100 21 408 0 145 0 401 401 400 0 0 0 60 50 WAIT_ACK 600 
b.1 2025-06-01 20:31:00.994 a 2025-06-01-20:30:59 143 254 296 0.5 6.1 12.5 6.3 77.8 726.4 49.49 26590 0.0 14.8 23.7 23.4 3.633  -12.8   10.4   14.1  79    6.8  12 0 0 2 1 2 0 7.5 78.0 7.5 78.8 80.0 100 100 21 408 0 145 0 402 401 400 0 0 0 60 50 WAIT_ACK 600 
b.1 2025-06-01 20:32:00.375 a 2025-06-01-20:31:59 142 239 274 1.5 6.7 10.8 6.4 76.8 726.5 49.49 26590 0.0 14.5 23.2 23.4 3.633  -11.9   10.4   14.6  79    6.9  12 0 0 2 1 2 0 7.5 77.5 7.5 78.4 80.0 100 100 21 408 0 145 0 401 401 399 0 0 0 60 50 WAIT_ACK 600 
b.1 2025-06-01 20:33:01.094 a 2025-06-01-20:32:59 142 246 276 1.1 7.1 12.4 6.4 71.2 726.6 49.49 26590 0.0 14.8 23.7 23.4 3.633   -9.6   10.5   14.8  79    7.0  12 0 0 3 1 1 1 7.6 75.7 7.5 76.6 80.0 100 100 21 408 0 145 0 402 401 400 0 0 0 60 50 WAIT_ACK 600 
b.1 2025-06-01 20:34:01.693 a 2025-06-01-20:34:00 095 234 282 0.6 6.1 13.4 6.4 75.3 726.6 49.49 26590 0.0 14.6 22.6 23.4 3.633  -10.4   10.5   14.8  79    6.9  12 0 0 2 1 1 0 7.6 75.9 7.5 76.6 80.0 100 100 21 408 0 145 0 402 401 400 0 0 0 60 50 WAIT_ACK 600 
b.1 2025-06-01 20:35:01.299 a 2025-06-01-20:34:59 138 240 272 0.9 7.7 12.0 6.4 72.5 726.6 49.49 26590 0.0 14.8 23.3 23.4 3.633   -8.7   10.5   16.8  79    6.9  14 0 0 3 2 2 1 7.6 75.6 7.5 76.3 80.0 100 100 21 408 0 145 0 401 401 399 0 0 0 60 50 WAIT_ACK 600 
b.1 2025-06-01 20:36:01.032 a 2025-06-01-20:35:59 138 240 280 0.9 7.5 13.4 6.6 72.5 726.6 49.49 26590 0.0 14.4 22.6 23.4 3.633  -10.5   10.5   18.1  78    6.9  14 0 0 2 2 2 0 7.6 74.9 7.6 75.8 80.0 100 100 21 408 0 145 0 401 401 400 0 0 0 60 50 WAIT_ACK 600 
b.1 2025-06-01 20:37:02.276 a 2025-06-01-20:37:00 108 245 301 0.9 7.3 12.1 6.4 72.3 726.6 49.49 26590 0.0 14.6 23.2 23.4 3.633  -10.8   10.5   18.1  78    6.9  14 0 0 2 2 2 0 7.6 74.3 7.5 75.0 80.0 100 100 21 408 0 145 0 401 401 399 0 0 0 60 50 WAIT_ACK 600 
b.1 2025-06-01 20:38:01.894 a 2025-06-01-20:38:00 140 246 296 1.4 6.8 12.6 6.4 71.9 726.6 49.49 26590 0.0 14.6 22.6 23.4 3.633   -9.7   10.5   18.6  78    6.9   5 0 0 3 2 2 1 7.6 74.2 7.6 75.0 80.0 100 100 21 408 0 145 0 400 401 399 0 0 0 60 50 WAIT_ACK 600 
b.1 2025-06-01 20:39:00.615 a 2025-06-01-20:38:59 040 248 212 0.9 7.4 12.3 6.3 71.9 726.6 49.49 26590 0.0 14.6 22.6 23.4 3.633  -10.2   10.5   20.1  78    6.8  42 0 0 2 2 2 0 7.6 73.7 7.5 74.6 80.0 100 100 21 408 0 145 0 402 401 400 0 0 0 60 50 WAIT_ACK 600 
b.1 2025-06-01 20:40:00.734 a 2025-06-01-20:39:59 165 248 289 1.8 7.4 11.5 6.3 73.8 726.6 49.49 26590 0.0 14.6 22.6 23.4 3.633  -11.5   10.5   19.5  78    6.8  14 0 0 2 2 2 0 7.6 74.3 7.5 75.2 80.0 100 100 21 408 0 145 0 401 401 399 0 0 0 60 50 WAIT_ACK 600 
b.1 2025-06-01 20:41:01.055 a 2025-06-01-20:40:59 196 243 288 2.1 7.9 12.3 6.3 73.8 726.5 49.49 26590 0.0 14.6 22.6 23.4 3.633  -10.3   10.5   22.1  78    6.8  14 0 0 2 2 2 0 7.6 74.8 7.5 75.7 80.0 100 100 21 408 0 145 0 401 401 399 0 0 0 60 50 WAIT_ACK 600 
b.1 2025-06-01 20:42:00.914 a 2025-06-01-20:41:59 127 241 281 1.4 6.5 11.0 6.2 75.2 726.6 49.49 26590 0.0 14.6 23.3 23.4 3.633  -11.5   10.5   18.1  78    6.8  14 0 0 2 2 2 0 7.6 75.4 7.5 76.4 80.0 100 100 21 408 0 145 0 401 401 400 0 0 0 60 50 WAIT_ACK 600 
b.1 2025-06-01 20:43:01.494 a 2025-06-01-20:43:00 146 237 260 2.2 8.3 13.7 6.2 74.0 726.7 49.49 26590 0.0 14.5 22.6 23.4 3.633  -11.7   10.5   23.3  78    6.9  18 0 0 2 2 1 0 7.6 74.8 7.5 75.9 80.0 100 100 21 408 0 145 0 402 401 399 0 0 0 60 50 WAIT_ACK 600 
b.1 2025-06-01 20:44:01.476 a 2025-06-01-20:44:00 127 241 354 0.6 8.9 15.2 6.1 73.1 726.6 49.49 26590 0.0 14.5 22.6 23.4 3.632   -9.8   10.5   24.4  79    6.9  16 0 0 3 2 1 1 7.6 74.4 7.5 75.3 80.0 100 100 21 408 0 145 0 401 401 400 0 0 0 60 50 WAIT_ACK 600 
b.1 2025-06-01 20:45:02.016 a 2025-06-01-20:45:00 192 240 275 1.5 8.4 14.5 6.1 71.5 726.6 49.49 26590 0.0 14.5 22.6 23.4 3.633  -11.9   10.4   24.2  79    6.9  16 0 0 2 2 1 0 7.5 73.9 7.5 74.8 80.0 100 100 21 408 0 145 0 402 401 400 0 0 0 60 50 WAIT_ACK 600 
b.1 2025-06-01 20:46:01.118 a 2025-06-01-20:45:59 042 243 107 0.9 8.2 14.5 6.1 71.7 726.6 49.49 26590 0.0 14.6 22.6 23.4 3.633  -11.2   10.4   24.0  79    6.9  16 0 0 2 2 1 0 7.6 73.1 7.5 74.0 80.0 100 100 21 408 0 145 0 402 401 400 0 0 0 60 50 WAIT_ACK 600 
b.1 2025-06-01 20:47:00.657 a 2025-06-01-20:46:59 135 243 270 2.3 9.1 13.6 6.1 70.8 726.5 49.49 26590 0.0 14.5 22.6 23.4 3.633  -11.1   10.4   24.5  79    6.9  16 0 0 2 2 2 0 7.5 72.6 7.5 73.5 80.0 100 100 21 408 0 145 0 402 401 400 0 0 0 60 50 WAIT_ACK 600 
b.1 2025-06-01 20:48:01.055 a 2025-06-01-20:47:59 135 246 277 0.9 8.1 12.3 6.1 71.1 726.5 49.49 26590 0.0 14.6 22.6 23.4 3.633  -11.1   10.4   22.6  79    6.9  16 0 0 2 2 2 0 7.5 72.1 7.4 73.1 80.0 100 100 21 408 0 145 0 401 401 399 0 0 0 60 50 WAIT_ACK 600 
b.1 2025-06-01 20:49:00.657 a 2025-06-01-20:48:59 185 238 268 1.3 6.4 10.9 6.1 73.9 726.5 49.50 26600 0.0 14.6 22.7 23.4 3.633  -11.4   10.4   17.5  79    6.8   5 0 0 2 2 2 0 7.5 71.9 7.4 72.8 80.0 100 100 21 408 0 145 0 401 401 399 0 0 0 60 50 WAIT_ACK 600 
b.1 2025-06-01 20:50:01.236 a 2025-06-01-20:49:59 175 235 274 1.8 7.4 10.3 6.1 74.3 726.5 49.50 26620 0.6 14.1 22.6 23.4 3.633  -11.8   10.4   17.1  79    6.9  15 0 0 2 2 2 0 7.5 73.3 7.5 74.1 80.0 100 100 21 408 0 145 0 402 400 399 0 0 0 60 50 WAIT_ACK 600 
b.1 2025-06-01 20:51:01.357 a 2025-06-01-20:50:59 205 237 309 1.9 6.9 10.6 6.1 74.3 726.5 49.50 26630 0.0 14.4 22.6 23.4 3.633  -14.4   10.4   18.0  79    6.9  13 0 0 2 2 2 0 7.5 74.4 7.5 75.3 80.0 100 100 21 408 0 145 0 402 401 399 0 0 0 60 50 WAIT_ACK 600 
b.1 2025-06-01 20:52:01.476 a 2025-06-01-20:52:00 198 232 266 1.8 8.3 11.2 6.0 73.9 726.5 49.51 26660 0.3 14.5 22.6 23.4 3.633  -12.4   10.4   21.1  79    7.0  13 0 0 2 2 3 1 7.5 74.0 7.4 75.0 80.0 100 100 21 408 0 145 0 401 401 399 0 0 0 60 50 WAIT_ACK 600 
b.1 2025-06-01 20:53:00.996 a 2025-06-01-20:52:59 214 235 257 5.5 9.7 12.2 6.0 72.8 726.5 49.52 26700 0.8 14.5 22.6 23.4 3.633  -14.3   10.4   26.1  79    7.0  17 0 0 2 2 2 0 7.5 74.2 7.4 75.1 80.0 100 100 21 408 0 145 0 402 401 400 0 0 0 60 50 WAIT_ACK 600 
b.1 2025-06-01 20:54:01.851 a 2025-06-01-20:54:00 125 239 289 0.9 6.1 10.1 6.0 74.7 726.4 49.52 26700 0.0 14.6 22.6 23.4 3.633  -14.3   10.5   16.4  80    7.1  13 0 0 2 2 2 0 7.5 74.3 7.4 75.3 80.0 100 100 21 408 0 145 0 402 401 400 0 0 0 60 50 WAIT_ACK 600 
b.1 2025-06-01 20:55:01.795 a 2025-06-01-20:55:00 207 234 269 0.6 6.8 10.4 6.1 75.4 726.4 49.52 26700 0.0 14.9 23.9 23.4 3.633  -12.7   10.5   16.0  80    7.1  13 0 0 2 2 2 0 7.5 75.1 7.4 76.2 80.0 100 100 21 408 0 145 0 401 401 400 0 0 0 60 50 WAIT_ACK 600 
b.1 2025-06-01 20:56:01.318 a 2025-06-01-20:55:59 201 239 270 1.0 7.1 11.8 6.1 75.3 726.3 49.52 26700 0.0 14.5 22.6 23.4 3.633  -14.3   10.5   16.9  80    7.2  13 0 0 2 2 2 0 7.5 75.4 7.4 76.4 80.0 100 100 21 408 0 145 0 401 401 399 0 0 0 60 50 WAIT_ACK 600 
b.1 2025-06-01 20:57:01.296 a 2025-06-01-20:56:59 210 232 269 1.8 9.3 12.9 6.1 75.3 726.3 49.52 26700 0.0 14.5 22.6 23.4 3.633  -14.4   10.5   24.3  80    7.2  13 0 0 2 2 2 0 7.5 75.2 7.4 76.3 80.0 100 100 21 408 0 145 0 402 401 399 0 0 0 60 50 WAIT_ACK 600 
b.1 2025-06-01 20:58:00.858 a 2025-06-01-20:57:59 206 232 263 3.6 8.2 12.1 6.0 73.1 726.3 49.52 26700 0.0 14.5 22.6 23.4 3.633  -998.   10.6    -2.  80    7.3   0 1 2 0 0 2 1 7.5 75.6 7.4 76.5 80.0 100 100 21 408 0 145 0 401 401 399 0 0 0 60 50 WAIT_ACK 600 
b.1 2025-06-01 20:59:01.736 a 2025-06-01-20:59:00 139 230 261 2.6 8.6 11.9 6.0 74.1 726.3 49.52 26700 0.0 14.5 22.6 23.4 3.632  -998.   10.6    -2.  80    7.3   0 0 2 0 0 2 1 7.5 75.7 7.5 76.5 80.0 100 100 21 408 0 145 0 401 401 399 0 0 0 60 50 WAIT_ACK 600 
b.1 2025-06-01 21:00:01.756 a 2025-06-01-21:00:00 146 236 264 1.2 7.3 12.6 6.0 74.3 726.3 49.52 26700 0.0 14.7 23.3 23.4 3.633  -998.   10.6    -2.  80    7.4   0 0 2 0 0 3 1 7.6 75.4 7.5 76.4 80.0 100 100 21 408 0 145 0 400 401 399 0 0 0 60 50 WAIT_ACK 600 
b.1 2025-06-01 21:01:00.573 a 2025-06-01-21:00:59 125 237 278 0.9 6.2 9.7 5.9 73.6 726.2 49.52 26700 0.0 15.7 24.1 24.4 3.633  -998.   10.7    -2.  80    7.4   0 0 2 0 0 3 1 7.6 75.6 7.6 76.3 80.0 100 100 21 408 0 145 0 401 402 399 0 0 0 60 50 WAIT_ACK 600 
b.1 2025-06-01 21:02:01.851 a 2025-06-01-21:02:00 210 244 273 1.3 7.4 12.4 6.0 75.0 726.1 49.52 26700 0.0 15.2 24.1 24.5 3.626  -998.   10.7    -2.  80    7.5   0 0 2 0 0 3 1 7.7 76.0 7.7 76.2 80.0 100 100 21 408 0 145 0 401 401 400 0 0 0 60 50 WAIT_ACK 600 
b.1 2025-06-01 21:03:01.517 a 2025-06-01-21:03:00 000 243 088 0.3 7.7 12.1 6.1 72.5 726.1 49.52 26700 0.0 15.0 24.1 24.5 3.627  -998.   10.8    -2.  80    7.6   0 0 2 0 0 3 1 7.8 75.9 7.7 76.0 80.0 100 100 21 408 0 145 0 401 401 399 0 0 0 60 50 WAIT_ACK 600 
b.1 2025-06-01 21:04:01.553 a 2025-06-01-21:04:00 000 247 088 0.3 7.5 13.2 6.2 69.7 726.1 49.52 26700 0.0 15.0 24.1 24.5 3.627  -998.   10.9    -2.  80    7.6   0 0 2 0 0 3 1 7.8 75.6 7.7 75.7 80.0 100 100 21 408 0 145 0 401 401 400 0 0 0 60 50 WAIT_ACK 600 
b.1 2025-06-01 21:05:01.752 a 2025-06-01-21:05:00 166 245 300 1.1 6.5 11.3 6.3 72.5 726.1 49.52 26700 0.0 15.0 24.1 24.5 3.627  -998.   10.9    -2.  80    7.6   0 0 2 0 0 3 1 7.9 75.1 7.8 75.5 80.0 100 100 21 408 0 145 0 402 401 400 0 0 0 60 50 WAIT_ACK 600 
b.1 2025-06-01 21:06:01.375 a 2025-06-01-21:06:00 215 243 272 2.1 8.5 12.6 6.4 67.6 726.0 49.52 26700 0.0 15.1 24.1 24.5 3.628  -998.   11.0    -2.  80    7.6   0 0 2 0 0 3 1 7.9 74.9 7.9 75.3 80.0 100 100 21 408 0 145 0 402 401 399 0 0 0 60 50 WAIT_ACK 600 
b.1 2025-06-01 21:07:01.632 a 2025-06-01-21:07:00 180 245 275 1.7 7.6 11.5 6.6 69.2 726.0 49.52 26700 0.0 14.8 23.6 23.4 3.634  -998.   11.0    -2.  80    7.7   0 0 2 0 0 3 1 8.0 74.7 7.9 75.0 80.0 100 100 21 408 0 145 0 401 401 399 0 0 0 60 50 WAIT_ACK 600 
b.1 2025-06-01 21:08:01.894 a 2025-06-01-21:08:00 172 246 334 1.5 8.5 12.9 6.7 66.1 726.0 49.52 26700 0.0 14.8 23.6 23.4 3.633  -998.   11.1    -2.  79    7.7   0 0 2 0 0 3 1 8.0 74.9 7.9 75.0 80.0 100 100 21 408 0 145 0 401 401 400 0 0 0 60 50 WAIT_ACK 600 
b.1 2025-06-01 21:09:00.953 a 2025-06-01-21:08:59 003 243 117 0.7 7.0 12.5 6.8 69.9 725.9 49.52 26700 0.0 15.2 24.1 24.4 3.628  -998.   11.2    -2.  79    7.7   0 0 2 0 0 3 1 8.0 74.6 8.0 74.7 80.0 100 100 21 408 0 145 0 401 401 400 0 0 0 60 50 WAIT_ACK 600 
b.1 2025-06-01 21:10:00.513 a 2025-06-01-21:09:59 214 244 269 1.4 8.2 12.0 6.8 67.2 726.0 49.52 26700 0.0 15.0 24.1 24.5 3.627  -998.   11.3    -2.  79    7.7   0 0 2 0 0 3 1 8.1 74.3 8.0 74.5 80.0 100 100 21 408 0 145 0 401 401 399 0 0 0 60 50 WAIT_ACK 600 
b.1 2025-06-01 21:11:01.555 a 2025-06-01-21:11:00 121 239 277 0.4 7.4 11.7 6.9 66.6 725.9 49.52 26700 0.0 14.9 23.9 23.4 3.633  -998.   11.3    -2.  79    7.8   0 0 2 0 0 3 1 8.1 73.7 8.1 74.3 80.0 100 100 21 408 0 145 0 402 401 399 0 0 0 60 50 WAIT_ACK 600 
b.1 2025-06-01 21:12:01.316 a 2025-06-01-21:12:00 148 240 341 1.2 7.2 11.7 6.9 67.9 725.9 49.52 26700 0.0 15.2 24.1 24.5 3.633  -998.   11.4    -2.  79    7.9 100 0 2 0 0 3 1 8.1 73.5 8.1 74.1 80.0 100 100 21 408 0 145 0 401 401 400 0 0 0 60 50 WAIT_ACK 600 
b.1 2025-06-01 21:13:01.756 a 2025-06-01-21:13:00 006 252 104 0.5 6.1 11.4 7.1 70.3 725.8 49.52 26700 0.0 15.0 24.0 24.5 3.627  -998.   11.5    -2.  79    7.9 100 0 2 0 0 3 1 8.2 74.4 8.1 74.1 80.0 100 100 21 408 0 145 0 401 401 399 0 0 0 60 50 WAIT_ACK 600 
b.1 2025-06-01 21:14:00.677 a 2025-06-01-21:13:59 070 246 292 0.6 5.7 11.1 7.2 71.1 725.8 49.52 26700 0.0 14.9 23.9 23.4 3.634  -998.   11.5    -2.  78    7.9 100 0 2 0 0 3 1 8.2 73.5 8.2 74.1 80.0 100 100 21 408 0 145 0 401 401 400 0 0 0 60 50 WAIT_ACK 600 
b.1 2025-06-01 21:15:02.115 a 2025-06-01-21:15:00 090 245 265 0.9 7.1 12.0 7.3 67.4 725.8 49.52 26700 0.0 15.1 24.1 24.5 3.627  -998.   11.6    -2.  78    7.9   0 0 2 0 0 3 1 8.2 73.7 8.2 74.0 80.0 100 100 21 408 0 145 0 401 401 399 0 0 0 60 50 WAIT_ACK 600 
b.1 2025-06-01 21:16:01.417 a 2025-06-01-21:16:00 051 252 118 1.1 8.7 14.6 7.3 64.4 725.8 49.52 26700 0.0 14.8 23.3 23.4 3.634  -998.   11.7    -2.  77    7.9   0 0 2 0 0 3 1 8.3 73.7 8.2 73.8 80.0 100 100 21 408 0 145 0 402 401 400 0 0 0 60 50 WAIT_ACK 600 
b.1 2025-06-01 21:17:01.216 a 2025-06-01-21:16:59 149 244 333 0.9 6.9 12.7 7.4 67.0 725.8 49.52 26700 0.0 15.4 24.1 24.5 3.627  -998.   11.7    -2.  77    7.8   0 0 2 0 0 3 1 8.3 73.2 8.3 73.7 80.0 100 100 21 408 0 145 0 401 402 400 0 0 0 60 50 WAIT_ACK 600 
b.1 2025-06-01 21:18:00.592 a 2025-06-01-21:17:59 092 250 298 1.2 7.0 14.1 7.4 69.4 725.9 49.52 26700 0.0 14.8 23.7 23.4 3.634  -998.   11.8    -2.  76    7.8   0 0 2 0 0 3 1 8.3 73.4 8.3 73.5 80.0 100 100 21 408 0 145 0 402 401 400 0 0 0 60 50 WAIT_ACK 600 
b.1 2025-06-01 21:19:01.799 a 2025-06-01-21:19:00 099 245 335 1.1 7.9 14.2 7.5 66.0 725.9 49.52 26700 0.0 14.9 23.9 23.4 3.633  -34.8   11.8   20.3  76    7.7   0 0 0 1 2 3 1 8.4 73.1 8.4 73.4 80.0 100 100 21 408 0 145 0 401 401 399 0 0 0 60 50 WAIT_ACK 591 
b.1 2025-06-01 21:20:01.573 a 2025-06-01-21:20:00 159 247 332 1.0 7.5 13.2 7.5 68.8 725.8 49.52 26700 0.0 14.7 23.3 23.4 3.634  -28.0   11.8   19.4  75    7.6   0 0 0 1 2 3 1 8.4 72.6 8.4 73.1 80.0 100 100 21 408 0 145 0 401 401 399 0 0 0 60 50 WAIT_ACK 531 
b.1 2025-06-01 21:21:01.375 a 2025-06-01-21:21:00 006 261 176 0.5 7.7 14.4 7.5 66.8 725.9 49.52 26700 0.0 15.0 24.1 24.5 3.627  -26.1   11.9   24.1  75    7.6   0 0 0 1 2 3 1 8.4 70.8 8.4 71.4 80.0 100 100 21 408 0 145 0 402 401 400 0 0 0 60 50 WAIT_ACK 471 
b.1 2025-06-01 21:22:01.917 a 2025-06-01-21:22:00 127 250 348 0.6 7.3 14.5 7.5 67.9 725.9 49.52 26700 0.0 15.2 24.1 24.5 3.628  -24.5   11.9   22.4  75    7.6   5 0 0 2 2 3 1 8.3 71.2 8.3 71.6 80.0 100 100 21 408 0 145 0 401 401 399 0 0 0 60 50 WAIT_ACK 411 
b.1 2025-06-01 21:23:01.237 a 2025-06-01-21:22:59 118 244 287 1.1 6.9 12.8 7.5 68.2 726.0 49.52 26700 0.0 15.0 24.1 24.5 3.628  -25.7   11.9   19.2  75    7.5   5 0 0 1 2 3 1 8.3 70.7 8.3 71.3 80.0 100 100 21 408 0 145 0 401 401 400 0 0 0 60 50 WAIT_ACK 351 
b.1 2025-06-01 21:24:01.137 a 2025-06-01-21:23:59 099 252 339 0.6 7.8 14.7 7.5 67.3 726.1 49.52 26700 0.0 15.3 24.2 24.5 3.628  -23.2   11.9   19.8  74    7.4   8 0 0 2 2 3 1 8.3 70.0 8.2 70.7 80.0 100 100 21 408 0 145 0 400 401 400 0 0 0 60 50 WAIT_ACK 292 
b.1 2025-06-01 21:25:02.563 a 2025-06-01-21:25:01 187 249 296 1.0 7.7 13.6 7.5 66.0 726.0 49.52 26700 0.0 15.0 24.1 24.4 3.626  -22.7   11.9   21.5  74    7.3   8 0 0 2 2 3 1 8.2 69.9 8.2 70.4 80.0 100 100 21 408 0 145 0 401 401 399 0 0 0 60 50 WAIT_ACK 230 
b.1 2025-06-01 21:26:01.273 a 2025-06-01-21:25:59 155 249 319 1.1 7.9 13.8 7.6 66.2 726.1 49.52 26700 0.0 14.6 23.3 23.4 3.633  -23.5   11.9   22.1  74    7.4   8 0 0 2 2 3 1 8.2 70.3 8.2 71.0 80.0 100 100 21 408 0 145 0 401 401 400 0 0 0 60 50 WAIT_ACK 171 
b.1 2025-06-01 21:27:01.055 a 2025-06-01-21:26:59 127 244 282 0.8 7.7 13.8 7.6 68.4 726.1 49.52 26700 0.0 15.2 24.1 24.5 3.624  -24.4   12.0   22.3  73    7.4   9 0 0 2 2 3 1 8.2 70.2 8.2 70.9 80.0 100 100 21 408 0 145 0 401 401 399 0 0 0 60 50 WAIT_ACK 112 
b.1 2025-06-01 21:28:01.134 a 2025-06-01-21:27:59 099 239 305 0.7 8.2 13.7 7.6 68.1 726.2 49.52 26700 0.0 15.0 24.0 24.5 3.628  -23.3   11.9   21.1  73    7.3  10 0 0 2 2 3 1 8.2 70.6 8.2 71.2 80.0 100 100 21 408 0 145 0 401 401 399 0 0 0 60 50 WAIT_ACK 51 
b.1 2025-06-01 21:29:00.737 a 2025-06-01-21:28:59 093 242 336 0.8 7.6 13.8 7.6 67.5 726.1 49.52 26700 0.0 15.0 24.1 24.5 3.634  -22.5   11.9   19.1  73    7.4  10 0 0 2 2 3 1 8.3 70.8 8.2 71.5 80.0 100 100 21 408 0 145 0 402 401 400 0 0 0 60 50 WAIT_ACK 582 
b.1 2025-06-01 21:30:00.854 a 2025-06-01-21:29:59 082 246 287 0.9 8.3 15.3 7.6 67.5 726.1 49.52 26700 0.0 14.9 23.9 23.4 3.634  -18.3   11.9   22.9  73    7.4  10 0 0 2 2 3 1 8.3 71.2 8.3 71.8 80.0 100 100 21 408 0 145 0 401 401 400 0 0 0 60 50 WAIT_ACK 522 
b.1 2025-06-01 21:31:01.256 a 2025-06-01-21:30:59 185 247 355 1.7 8.1 16.2 7.8 66.8 726.2 49.52 26700 0.0 14.7 22.6 23.4 3.633  -20.4   11.9   22.8  73    7.3  15 0 0 2 2 2 0 8.3 70.9 8.3 71.6 80.0 100 100 21 408 0 145 0 401 401 400 0 0 0 60 50 WAIT_ACK 579 
b.1 2025-06-01 21:32:00.598 a 2025-06-01-21:31:59 122 237 275 0.9 10.2 16.2 7.6 67.0 726.1 49.52 26700 0.0 14.6 23.7 23.4 3.633  -21.1   11.9   29.5  73    7.3  14 0 0 2 2 2 0 8.3 71.7 8.3 72.3 80.0 100 100 21 408 0 145 0 402 401 400 0 0 0 60 50 WAIT_ACK 519 
b.1 2025-06-01 21:33:01.357 a 2025-06-01-21:32:59 169 241 275 2.4 9.9 16.4 7.6 69.4 726.2 49.52 26700 0.0 14.5 22.6 23.4 3.633  -20.4   11.9   35.2  74    7.3  14 0 0 2 3 2 1 8.3 72.3 8.3 72.7 80.0 100 100 21 408 0 145 0 402 401 400 0 0 0 60 50 WAIT_ACK 458 
b.1 2025-06-01 21:34:01.576 a 2025-06-01-21:34:00 117 239 270 1.3 8.0 12.8 7.6 67.7 726.3 49.52 26700 0.0 14.6 22.6 23.4 3.633  -16.3   11.9   27.4  74    7.3  14 0 0 2 2 2 0 8.3 71.8 8.3 72.4 80.0 100 100 21 408 0 145 0 402 401 400 0 0 0 60 50 WAIT_ACK 600 
b.1 2025-06-01 21:35:02.398 a 2025-06-01-21:35:00 120 239 283 1.2 7.8 13.5 7.6 67.7 726.3 49.52 26700 0.0 14.7 23.3 23.4 3.633  -17.0   11.8   24.4  73    7.2  14 0 0 2 2 2 0 8.3 71.6 8.3 72.2 80.0 100 100 21 408 0 145 0 401 401 400 0 0 0 60 50 WAIT_ACK 600 
b.1 2025-06-01 21:36:02.061 a 2025-06-01-21:36:00 148 238 271 0.8 7.3 11.3 7.5 68.4 726.4 49.52 26700 0.0 14.7 23.6 23.4 3.634  -20.4   11.8   21.7  74    7.2  14 0 0 2 2 2 0 8.3 72.3 8.3 72.5 80.0 100 100 21 408 0 145 0 401 401 400 0 0 0 60 50 WAIT_ACK 597 
b.1 2025-06-01 21:37:01.296 a 2025-06-01-21:36:59 211 237 271 2.0 9.6 14.6 7.4 70.7 726.4 49.52 26700 0.0 14.6 23.2 23.4 3.633  -20.9   11.7   29.4  74    7.3  14 0 0 2 2 2 0 8.3 72.8 8.3 73.4 80.0 100 100 21 408 0 145 0 401 401 399 0 0 0 60 50 WAIT_ACK 538 
b.1 2025-06-01 21:38:01.555 a 2025-06-01-21:38:00 124 240 333 1.3 8.3 14.2 7.4 69.8 726.4 49.52 26700 0.0 14.6 22.6 23.4 3.633  -17.5   11.7   27.8  75    7.4  14 0 0 2 2 2 0 8.3 73.2 8.3 73.8 80.0 100 100 21 408 0 145 0 401 401 399 0 0 0 60 50 WAIT_ACK 586 
b.1 2025-06-01 21:39:00.694 a 2025-06-01-21:38:59 204 234 264 1.2 7.9 14.0 7.4 68.9 726.5 49.52 26700 0.0 14.9 23.7 23.4 3.633  -17.8   11.7   23.8  75    7.4  14 0 0 2 2 2 0 8.3 73.5 8.3 74.1 80.0 100 100 21 408 0 145 0 402 401 400 0 0 0 60 50 WAIT_ACK 600 
b.1 2025-06-01 21:40:00.256 a 2025-06-01-21:39:58 159 236 277 0.8 7.1 11.6 7.5 71.3 726.5 49.52 26700 0.0 14.6 22.6 23.4 3.633  -18.5   11.7   20.8  75    7.5  14 0 0 2 2 2 0 8.3 73.8 8.3 74.6 80.0 100 100 21 408 0 145 0 401 402 399 0 0 0 60 50 WAIT_ACK 600 
b.1 2025-06-01 21:41:00.378 a 2025-06-01-21:40:59 244 230 251 1.6 7.7 12.7 7.5 70.4 726.5 49.52 26700 0.0 14.6 22.6 23.4 3.632  -17.6   11.7   23.6  75    7.5  14 0 0 2 2 2 0 8.3 73.6 8.3 74.2 80.0 100 100 21 408 0 145 0 401 401 399 0 0 0 60 50 WAIT_ACK 600 
b.1 2025-06-01 21:42:01.484 a 2025-06-01-21:42:00 103 236 279 0.6 5.2 10.7 7.5 71.8 726.5 49.52 26700 0.0 14.5 22.6 23.4 3.633  -16.9   11.7   15.3  75    7.4   0 0 0 2 2 2 0 8.3 73.8 8.3 74.5 80.0 100 100 21 408 0 145 0 401 401 399 0 0 0 60 50 WAIT_ACK 600 
b.1 2025-06-01 21:43:00.757 a 2025-06-01-21:42:59 105 243 275 0.8 6.4 17.4 7.4 72.8 726.5 49.52 26700 0.0 14.5 22.6 23.4 3.633  -19.7   11.7   19.8  75    7.4  42 0 0 2 2 2 0 8.3 74.3 8.4 75.0 80.0 100 100 21 408 0 145 0 400 401 399 0 0 0 60 50 WAIT_ACK 593 
b.1 2025-06-01 21:44:01.625 a 2025-06-01-21:44:00 126 241 324 0.9 8.7 16.7 7.4 70.7 726.4 49.52 26700 0.0 14.6 22.6 23.4 3.633  -18.7   11.7   24.9  75    7.4  17 0 0 2 2 2 0 8.3 73.8 8.3 74.5 80.0 100 100 21 408 0 145 0 402 401 400 0 0 0 60 50 WAIT_ACK 600 
b.1 2025-06-01 21:45:00.256 a 2025-06-01-21:44:58 121 246 350 0.9 6.6 11.1 7.4 70.5 726.4 49.52 26700 0.0 14.6 23.3 23.4 3.634  -18.3   11.7   20.1  75    7.4  14 0 0 2 2 2 0 8.3 73.5 8.3 74.1 80.0 100 100 22 408 0 145 0 402 401 400 0 0 0 60 50 WAIT_ACK 600 
b.1 2025-06-01 21:46:00.937 a 2025-06-01-21:45:59 133 243 304 1.0 6.5 13.0 7.3 71.1 726.4 49.52 26700 0.0 14.3 22.6 23.4 3.633  -19.1   11.7   20.1  75    7.3  14 0 0 2 2 2 0 8.3 73.3 8.3 74.0 80.0 100 100 22 408 0 145 0 401 400 400 0 0 0 60 50 WAIT_ACK 600 
b.1 2025-06-01 21:47:00.555 a 2025-06-01-21:46:59 113 245 341 0.5 7.5 12.6 7.2 69.0 726.3 49.52 26700 0.0 14.8 23.9 23.4 3.633  -19.6   11.7   23.4  75    7.3  14 0 0 2 2 2 0 8.3 72.4 8.3 73.1 80.0 100 100 22 408 0 145 0 401 401 400 0 0 0 60 50 WAIT_ACK 600 
b.1 2025-06-01 21:48:01.338 a 2025-06-01-21:47:59 201 248 319 0.6 8.0 13.9 7.2 69.8 726.2 49.52 26700 0.0 14.7 23.3 23.4 3.634  -21.1   11.7   25.2  74    7.3  14 0 0 2 2 2 0 8.3 72.3 8.3 73.0 80.0 100 100 22 408 0 145 0 402 401 400 0 0 0 60 50 WAIT_ACK 548 
b.1 2025-06-01 21:49:01.974 a 2025-06-01-21:49:00 004 242 091 0.2 6.5 12.0 7.2 70.2 726.2 49.52 26700 0.0 14.6 22.6 23.4 3.633  -23.2   11.6   19.4  74    7.1   5 0 0 2 2 2 0 8.3 72.4 8.2 72.9 80.0 100 100 22 408 0 145 0 402 401 400 0 0 0 60 50 WAIT_ACK 488 
b.1 2025-06-01 21:50:00.798 a 2025-06-01-21:49:59 119 241 357 1.0 7.4 13.3 7.2 70.6 726.1 49.52 26700 0.0 15.0 24.1 24.5 3.627  -19.8   11.6   18.4  74    7.1   9 0 0 2 2 3 1 8.3 72.6 8.2 73.3 80.0 100 100 22 408 0 145 0 401 401 399 0 0 0 60 50 WAIT_ACK 600 
b.1 2025-06-01 21:51:01.476 a 2025-06-01-21:51:00 149 247 351 0.7 6.7 13.3 7.3 72.2 726.0 49.52 26700 0.0 15.0 24.1 24.5 3.627  -19.0   11.7   15.9  74    7.2   9 0 0 2 2 3 1 8.3 73.2 8.3 74.0 80.0 100 100 22 408 0 145 0 401 401 399 0 0 0 60 50 WAIT_ACK 555 
b.1 2025-06-01 21:52:01.634 a 2025-06-01-21:52:00 012 248 221 1.9 9.2 14.6 7.4 67.3 726.0 49.52 26700 0.0 14.9 23.9 23.4 3.634  -22.0   11.7   22.0  74    7.3   9 0 0 2 2 3 1 8.3 73.0 8.3 73.8 80.0 100 100 22 408 0 145 0 402 401 400 0 0 0 60 50 WAIT_ACK 495 
b.1 2025-06-01 21:53:01.453 a 2025-06-01-21:53:00 097 246 313 1.2 7.0 12.2 7.5 68.5 725.9 49.52 26700 0.0 14.9 24.1 24.5 3.627  -25.0   11.8   19.1  74    7.3   9 0 0 1 2 3 1 8.3 71.8 8.3 72.6 80.0 100 100 22 408 0 145 0 402 401 400 0 0 0 60 50 WAIT_ACK 435 
b.1 2025-06-01 21:54:01.638 a 2025-06-01-21:54:00 102 238 289 0.5 5.4 12.8 7.6 68.4 725.9 49.52 26700 0.0 15.4 24.1 24.5 3.627  -22.6   11.8   12.9  74    7.3   9 0 0 2 1 3 1 8.3 71.9 8.3 72.6 80.0 100 100 22 408 0 145 0 402 401 400 0 0 0 60 50 WAIT_ACK 375 
b.1 2025-06-01 21:55:01.237 a 2025-06-01-21:54:59 018 256 144 0.6 5.4 10.6 7.8 69.2 725.9 49.52 26700 0.0 15.5 24.1 24.5 3.635  -25.6   11.9   11.1  73    7.3   5 0 0 1 1 3 1 8.3 72.8 8.3 73.5 80.0 100 100 22 408 0 145 0 401 401 399 0 0 0 60 50 WAIT_ACK 315 
b.1 2025-06-01 21:56:00.555 a 2025-06-01-21:55:59 095 254 270 0.7 5.6 10.9 7.9 68.4 725.9 49.52 26700 0.0 15.1 24.1 24.5 3.627  -24.6   12.0   12.0  73    7.4  10 0 0 2 1 3 1 8.4 72.1 8.4 72.8 80.0 100 100 22 408 0 145 0 402 401 400 0 0 0 60 50 WAIT_ACK 256 
b.1 2025-06-01 21:57:01.796 a 2025-06-01-21:57:00 140 241 270 3.3 8.4 13.4 8.0 67.4 725.9 49.52 26700 0.0 14.8 23.3 23.4 3.634  -27.8   12.1   17.0  74    7.6   8 0 0 1 2 3 1 8.4 73.0 8.4 73.6 80.0 100 100 22 408 0 145 0 401 401 399 0 0 0 60 50 WAIT_ACK 194 
b.1 2025-06-01 21:58:00.479 a 2025-06-01-21:57:59 015 242 181 0.4 7.8 14.2 8.0 68.2 725.8 49.52 26700 0.0 15.1 24.1 24.5 3.627  -24.6   12.2   18.3  74    7.7  10 0 0 2 2 3 1 8.5 73.7 8.5 74.3 80.0 100 100 22 408 0 145 0 401 401 399 0 0 0 60 50 WAIT_ACK 136 
b.1 2025-06-01 21:59:01.674 a 2025-06-01-21:59:00 127 237 282 0.7 8.9 16.8 8.0 68.5 725.8 49.52 26700 0.0 15.0 24.1 24.5 3.627  -26.7   12.2   20.6  74    7.7  10 0 0 1 2 3 1 8.5 74.4 8.5 75.0 80.0 100 100 22 408 0 145 0 401 401 400 0 0 0 60 50 WAIT_ACK 75 
b.1 2025-06-01 22:00:01.621 a 2025-06-01-22:00:00 187 241 271 1.4 8.5 14.2 8.1 67.7 725.8 49.52 26700 0.0 14.9 23.9 23.4 3.633  -27.6   12.3   20.4  74    7.8  10 0 0 1 2 3 1 8.5 74.3 8.5 74.8 80.0 100 100 22 408 0 145 0 402 401 400 0 0 0 60 50 WAIT_ACK 15 
b.1 2025-06-01 22:01:01.217 a 2025-06-01-22:00:59 108 236 338 0.3 8.3 15.5 8.1 70.5 725.8 49.52 26700 0.0 15.4 24.1 24.5 3.627  -27.1   12.3   17.6  74    7.8  10 0 0 1 2 3 1 8.5 74.1 8.5 74.7 80.0 100 100 22 408 0 145 0 401 401 400 0 0 0 60 50 WAIT_ACK 0 
b.1 2025-06-01 22:02:02.076 a 2025-06-01-22:02:00 169 240 330 0.5 8.0 12.8 8.1 70.5 725.8 49.52 26700 0.0 14.8 23.7 23.6 3.634  -26.8   12.4   19.8  74    7.9  10 0 0 1 2 3 1 8.6 74.9 8.6 75.5 80.0 100 100 22 408 0 145 0 401 402 399 0 0 0 60 50 WAIT_ACK 0 
b.1 2025-06-01 22:03:01.177 a 2025-06-01-22:02:59 143 237 266 1.2 7.6 11.9 8.3 70.5 725.9 49.52 26700 0.0 15.1 24.1 24.5 3.633  -26.5   12.4   18.1  74    8.0  10 0 0 1 2 3 1 8.6 75.2 8.6 75.8 80.0 100 100 22 408 0 145 0 402 401 399 0 0 0 60 50 WAIT_ACK 0 
b.1 2025-06-01 22:04:01.585 a 2025-06-01-22:04:00 041 237 097 0.6 6.3 12.7 8.3 70.5 725.9 49.52 26700 0.0 15.2 24.1 24.5 3.626  -24.5   12.5   13.5  74    8.0   5 0 0 2 1 3 1 8.6 75.6 8.6 76.3 80.0 100 100 22 408 0 145 0 401 401 399 0 0 0 60 50 WAIT_ACK 0 
b.1 2025-06-01 22:05:01.740 a 2025-06-01-22:05:00 130 233 274 0.5 7.0 10.9 8.5 69.7 726.0 49.52 26700 0.0 15.4 24.1 24.5 3.627  -24.1   12.6   13.1  74    8.1   5 0 0 2 1 3 1 8.7 76.0 8.7 76.6 80.0 100 100 22 408 0 145 0 401 401 400 0 0 0 60 50 WAIT_ACK 0 
b.1 2025-06-01 22:05:58.520 a 2025-06-01-22:05:57 131 239 298 1.4 7.6 15.6 8.6 69.5 726.0 49.52 26700 0.0 14.9 23.7 23.4 3.633  -23.8   12.6   15.7  74    8.2   8 0 0 2 2 3 1 8.7 75.1 8.8 75.6 80.0 100 100 22 408 0 145 0 402 401 399 0 0 0 60 50 WAIT_ACK 0 
b.1 2025-06-01 22:07:01.523 a 2025-06-01-22:07:00 099 239 309 0.5 7.9 13.9 8.6 68.9 726.0 49.52 26700 0.0 14.7 23.6 23.4 3.633  -27.0   12.7   17.8  74    8.2   9 0 0 1 2 3 1 8.8 74.9 8.8 75.5 80.0 100 100 22 408 0 145 0 401 401 399 0 0 0 60 50 WAIT_ACK 0 
b.1 2025-06-01 22:08:01.036 a 2025-06-01-22:07:59 100 236 281 0.2 7.3 13.2 8.6 68.0 726.0 49.52 26700 0.0 15.3 24.1 24.4 3.627  -24.8   12.8   17.1  74    8.2  10 0 0 2 2 3 1 8.8 74.7 8.8 75.3 80.0 100 100 22 408 0 145 0 401 401 400 0 0 0 60 50 WAIT_ACK 0 
b.1 2025-06-01 22:09:01.078 a 2025-06-01-22:08:59 131 235 272 2.3 9.5 14.2 8.6 68.9 726.0 49.52 26700 0.0 15.0 24.0 24.5 3.626  -25.6   12.8   25.0  74    8.3  11 0 0 1 2 3 1 8.8 74.2 8.8 74.8 80.0 100 100 22 408 0 145 0 402 401 399 0 0 0 60 50 WAIT_ACK 0 
b.1 2025-06-01 22:10:00.440 a 2025-06-01-22:09:59 070 229 280 0.4 7.5 12.1 8.6 67.3 726.0 49.52 26700 0.0 15.2 24.1 24.5 3.626  -23.6   12.9   19.0  75    8.5  11 0 0 2 2 3 1 8.8 74.5 8.8 74.9 80.0 100 100 22 408 0 145 0 401 402 399 0 0 0 60 50 WAIT_ACK 0 
b.1 2025-06-01 22:11:01.721 a 2025-06-01-22:11:00 015 243 143 0.6 4.8 11.0 8.6 71.9 726.0 49.52 26700 0.0 15.4 24.1 24.5 3.627  -25.7   12.9   12.5  74    8.5   5 0 0 1 1 2 0 8.9 75.1 8.9 75.7 80.0 100 100 22 408 0 145 0 401 401 400 0 0 0 60 50 WAIT_ACK 0 
b.1 2025-06-01 22:12:01.825 a 2025-06-01-22:12:00 104 237 272 0.5 7.4 13.4 8.7 68.9 726.0 49.52 26700 0.0 15.0 24.0 24.5 3.626  -25.4   13.0   17.7  74    8.5   9 0 0 1 2 3 1 8.9 74.5 8.9 75.2 80.0 100 100 22 408 0 145 0 401 401 400 0 0 0 60 50 WAIT_ACK 0 
b.1 2025-06-01 22:13:01.427 a 2025-06-01-22:13:00 110 250 294 0.5 6.5 11.3 8.7 68.6 725.9 49.52 26700 0.0 15.6 24.1 24.4 3.629  -27.7   13.0   14.2  74    8.4   9 0 0 1 1 2 0 8.9 74.2 8.9 74.8 80.0 100 100 22 408 0 145 0 401 401 399 0 0 0 60 50 WAIT_ACK 0 
b.1 2025-06-01 22:14:01.055 a 2025-06-01-22:13:59 099 241 345 0.3 4.3 9.5 8.6 70.7 726.0 49.52 26700 0.0 15.4 24.1 24.5 3.627  -20.5   13.1    9.1  73    8.3   9 0 0 2 1 3 1 8.9 75.0 8.9 75.5 80.0 100 100 22 408 0 145 0 402 401 400 0 0 0 60 50 WAIT_ACK 0 
b.1 2025-06-01 22:15:00.121 a 2025-06-01-22:14:58 130 238 287 0.4 4.9 10.6 8.7 70.0 726.0 49.52 26700 0.0 15.2 24.1 24.5 3.627  -24.8   13.1    9.9  73    8.3   5 0 0 2 1 3 1 8.9 75.2 8.9 75.8 80.0 100 100 22 408 0 145 0 401 402 399 0 0 0 60 50 WAIT_ACK 0 
b.1 2025-06-01 22:16:01.539 a 2025-06-01-22:16:00 096 230 358 0.4 4.6 10.2 8.8 71.6 726.0 49.52 26700 0.0 15.2 24.1 24.5 3.633  -26.2   13.1    8.2  72    8.3   5 0 0 1 1 3 1 9.0 75.6 9.0 76.1 80.0 100 100 22 408 0 145 0 401 401 400 0 0 0 60 50 WAIT_ACK 0 
b.1 2025-06-01 22:17:01.197 a 2025-06-01-22:16:59 079 246 303 0.9 5.9 11.6 9.0 68.4 726.1 49.52 26700 0.0 15.0 24.1 24.5 3.627  -25.0   13.2   10.2  73    8.4   9 0 0 2 1 3 1 9.0 75.5 9.0 76.2 80.0 100 100 22 408 0 145 0 401 401 400 0 0 0 60 50 WAIT_ACK 0 
b.1 2025-06-01 22:18:01.361 a 2025-06-01-22:17:59 035 253 137 0.6 7.3 12.8 9.0 67.7 726.1 49.52 26700 0.0 14.7 23.6 23.4 3.633  -23.8   13.3   15.9  73    8.5  10 0 0 2 2 3 1 9.0 75.1 9.0 75.6 80.0 100 100 22 408 0 145 0 401 401 399 0 0 0 60 50 WAIT_ACK 0 
b.1 2025-06-01 22:19:01.259 a 2025-06-01-22:18:59 023 246 098 0.3 5.9 11.3 8.9 69.0 726.0 49.52 26700 0.0 15.2 24.1 24.5 3.628  -21.1   13.3   13.0  72    8.4  10 0 0 2 1 3 1 9.0 75.0 9.0 75.5 80.0 100 100 22 408 0 145 0 401 401 400 0 0 0 60 50 WAIT_ACK 0 
b.1 2025-06-01 22:20:01.200 a 2025-06-01-22:19:59 129 246 312 0.4 6.4 11.6 8.9 70.0 726.0 49.52 26700 0.0 15.0 24.1 24.5 3.629  -24.9   13.3   13.8  72    8.4   5 0 0 2 1 3 1 9.0 75.1 9.1 75.8 80.0 100 100 22 408 0 145 0 402 401 400 0 0 0 60 50 WAIT_ACK 0 
b.1 2025-06-01 22:21:01.703 a 2025-06-01-22:21:00 007 240 105 1.2 7.8 13.6 8.9 68.5 726.0 49.52 26700 0.0 14.9 23.8 23.4 3.633  -26.3   13.4   18.1  72    8.4  13 0 0 1 2 3 1 9.1 75.2 9.1 75.5 80.0 100 100 22 408 0 145 0 401 401 399 0 0 0 60 50 WAIT_ACK 0 
b.1 2025-06-01 22:22:01.200 a 2025-06-01-22:21:59 212 237 273 1.6 7.1 11.5 9.0 68.8 726.0 49.52 26700 0.0 15.0 24.1 24.5 3.628  -24.1   13.4   18.3  73    8.6  10 0 0 2 2 3 1 9.1 74.6 9.1 75.3 80.0 100 100 22 408 0 145 0 401 401 399 0 0 0 60 50 WAIT_ACK 0 
b.1 2025-06-01 22:23:00.539 a 2025-06-01-22:22:59 048 227 321 0.2 5.6 9.6 8.9 71.1 726.0 49.52 26700 0.0 15.3 24.1 24.5 3.626  -23.7   13.4   11.8  73    8.7   5 0 0 2 1 3 1 9.1 75.0 9.1 75.5 80.0 100 100 22 408 0 145 0 401 402 399 0 0 0 60 50 WAIT_ACK 0 
b.1 2025-06-01 22:24:01.959 a 2025-06-01-22:24:00 154 245 349 0.5 5.1 9.3 9.0 69.9 726.0 49.52 26700 0.0 15.4 24.1 24.4 3.627  -22.7   13.5    9.6  73    8.7   5 0 0 2 1 3 1 9.2 75.2 9.2 75.8 80.0 100 100 22 408 0 145 0 401 401 399 0 0 0 60 50 WAIT_ACK 575 
b.1 2025-06-01 22:25:01.858 a 2025-06-01-22:25:00 087 243 354 0.5 6.3 14.0 9.1 68.4 726.0 49.52 26700 0.0 15.0 24.1 24.5 3.628  -24.9   13.5   13.9  72    8.7  10 0 0 2 1 3 1 9.2 74.7 9.2 75.3 80.0 100 100 22 408 0 145 0 401 401 400 0 0 0 60 50 WAIT_ACK 516 
b.1 2025-06-01 22:26:00.816 a 2025-06-01-22:25:59 117 244 354 0.6 7.2 12.2 9.1 67.7 726.0 49.52 26700 0.0 15.0 24.0 24.5 3.627  -26.0   13.6   17.2  72    8.7  10 0 0 1 2 3 1 9.2 74.3 9.2 74.8 80.0 100 100 22 408 0 145 0 401 401 400 0 0 0 60 50 WAIT_ACK 457 
b.1 2025-06-01 22:27:01.217 a 2025-06-01-22:26:59 126 248 291 0.9 6.9 14.6 9.0 67.7 725.9 49.52 26700 0.0 14.9 23.9 23.4 3.633  -25.4   13.5   19.6  71    8.5  10 0 0 1 2 3 1 9.1 74.0 9.2 74.5 80.0 100 100 22 408 0 145 0 402 401 400 0 0 0 60 50 WAIT_ACK 396 
b.1 2025-06-01 22:28:00.881 a 2025-06-01-22:27:59 084 243 295 0.6 7.1 12.6 8.8 68.3 726.0 49.52 26700 0.0 14.9 24.0 23.4 3.633  -20.1   13.5   19.0  71    8.4  10 0 0 2 2 3 1 9.1 74.2 9.1 74.8 80.0 100 100 22 408 0 145 0 401 401 400 0 0 0 60 50 WAIT_ACK 336 
b.1 2025-06-01 22:29:00.019 a 2025-06-01-22:28:58 058 241 351 0.3 5.1 10.6 8.8 68.5 725.9 49.52 26700 0.0 15.0 24.1 24.5 3.627  -17.0   13.5   13.1  71    8.3   5 0 0 2 1 3 1 9.1 74.3 9.1 74.8 80.0 100 100 22 408 0 145 0 401 401 400 0 0 0 60 50 WAIT_ACK 600 
b.1 2025-06-01 22:30:01.684 a 2025-06-01-22:30:00 150 241 272 1.1 7.9 12.9 8.8 68.0 725.9 49.52 26700 0.0 14.6 22.6 23.4 3.633  -26.9   13.5   20.9  71    8.4  11 0 0 1 2 2 0 9.1 74.2 9.1 74.7 80.0 100 100 21 408 0 145 0 401 401 399 0 0 0 60 50 WAIT_ACK 541 
b.1 2025-06-01 22:31:00.180 a 2025-06-01-22:30:58 084 238 285 0.3 4.5 10.3 8.8 72.3 725.9 49.52 26700 0.0 15.9 24.1 24.5 3.633  -22.2   13.5   11.1  71    8.4   9 0 0 2 1 3 1 9.2 74.5 9.1 75.0 80.0 100 100 21 408 0 145 0 401 401 399 0 0 0 60 50 WAIT_ACK 482 
b.1 2025-06-01 22:32:02.078 a 2025-06-01-22:32:00 104 243 354 0.5 4.9 10.4 8.9 69.8 726.0 49.52 26700 0.0 16.0 24.1 24.5 3.626  -23.4   13.5    9.8  71    8.3   5 0 0 2 1 3 1 9.2 74.9 9.2 75.5 80.0 100 100 21 408 0 145 0 401 401 399 0 0 0 60 50 WAIT_ACK 420 
b.1 2025-06-01 22:33:01.420 a 2025-06-01-22:32:59 071 248 322 0.4 5.7 12.1 9.0 69.7 726.0 49.52 26700 0.0 15.6 24.1 24.5 3.628  -19.8   13.5   11.7  71    8.2   5 0 0 2 1 3 1 9.2 74.7 9.2 75.3 80.0 100 100 21 408 0 145 0 401 402 399 0 0 0 60 50 WAIT_ACK 361 
b.1 2025-06-01 22:34:00.342 a 2025-06-01-22:33:58 098 247 345 0.8 6.0 11.1 9.0 69.3 726.0 49.52 26700 0.0 14.6 23.2 23.4 3.633  -24.5   13.5   12.7  71    8.2  12 0 0 2 1 2 0 9.2 74.7 9.2 75.3 80.0 100 100 21 408 0 145 0 401 401 400 0 0 0 60 50 WAIT_ACK 302 
b.1 2025-06-01 22:35:00.678 a 2025-06-01-22:34:59 140 245 315 0.5 6.4 12.1 9.1 69.3 726.0 49.52 26700 0.0 15.3 24.1 24.5 3.632  -16.5   13.5   15.3  71    8.3  10 0 0 2 2 3 1 9.2 74.7 9.3 75.4 80.0 100 100 21 408 0 145 0 401 401 399 0 0 0 60 50 WAIT_ACK 576 
b.1 2025-06-01 22:36:01.957 a 2025-06-01-22:36:00 015 230 122 0.5 5.5 10.5 9.0 69.1 725.9 49.52 26700 0.0 14.8 23.7 23.4 3.633  -17.3   13.5   10.5  71    8.4  10 0 0 2 1 3 1 9.2 75.0 9.3 75.6 80.0 100 100 21 408 0 145 0 401 401 400 0 0 0 60 50 WAIT_ACK 600 
b.1 2025-06-01 22:37:01.440 a 2025-06-01-22:37:00 112 228 313 0.7 5.6 10.2 9.0 70.3 725.9 49.52 26700 0.0 15.5 24.1 24.5 3.627  -16.8   13.6   10.1  71    8.5   0 0 0 2 1 3 1 9.3 75.0 9.3 75.6 80.0 100 100 21 408 0 145 0 401 401 400 0 0 0 60 50 WAIT_ACK 600 
b.1 2025-06-01 22:38:01.418 a 2025-06-01-22:38:00 126 253 307 0.6 7.0 13.2 9.2 71.2 726.0 49.52 26700 0.0 15.0 24.1 24.5 3.626  -23.4   13.6   18.5  71    8.5   9 0 0 2 2 3 1 9.3 74.2 9.3 74.7 80.0 100 100 21 408 0 145 0 402 401 399 0 0 0 60 50 WAIT_ACK 560 
b.1 2025-06-01 22:39:01.161 a 2025-06-01-22:38:59 091 267 327 0.5 5.5 10.4 9.2 66.1 726.0 49.52 26700 0.0 14.5 22.6 23.4 3.633  -20.9   13.6   18.6  71    8.5  13 0 0 2 2 2 0 9.3 73.5 9.3 74.0 80.0 100 100 21 408 0 145 0 401 401 400 0 0 0 60 50 WAIT_ACK 501 
b.1 2025-06-01 22:40:01.242 a 2025-06-01-22:39:59 004 248 102 0.6 6.9 15.8 9.0 68.1 726.0 49.52 26700 0.0 15.5 24.1 24.5 3.627  -19.2   13.6   18.6  71    8.4  10 0 0 2 2 3 1 9.3 73.6 9.3 74.2 80.0 100 100 21 408 0 145 0 400 401 399 0 0 0 60 50 WAIT_ACK 600 
b.1 2025-06-01 22:41:00.821 a 2025-06-01-22:40:59 122 241 278 0.7 6.2 11.6 8.9 68.7 726.0 49.52 26700 0.0 14.8 23.3 23.4 3.634  -17.9   13.6   16.6  71    8.4  10 0 0 2 2 2 0 9.2 74.0 9.3 74.6 80.0 100 100 21 408 0 145 0 401 401 399 0 0 0 60 50 WAIT_ACK 595 
b.1 2025-06-01 22:42:01.319 a 2025-06-01-22:41:59 107 240 289 0.5 7.0 12.6 8.8 69.4 725.9 49.52 26700 0.0 14.9 23.6 23.4 3.633  -24.6   13.6   18.2  71    8.4  10 0 0 2 2 3 1 9.3 74.4 9.3 74.9 80.0 100 100 21 408 0 145 0 401 401 400 0 0 0 60 50 WAIT_ACK 534 
b.1 2025-06-01 22:42:59.441 a 2025-06-01-22:42:57 033 246 106 0.7 7.0 12.6 8.8 68.6 725.9 49.52 26700 0.0 15.0 24.1 24.5 3.626  -23.0   13.5   17.6  71    8.3  10 0 0 2 2 2 0 9.2 73.8 9.3 74.4 80.0 100 100 21 408 0 145 0 401 401 399 0 0 0 60 50 WAIT_ACK 476 
b.1 2025-06-01 22:44:01.098 a 2025-06-01-22:43:59 096 242 292 0.7 6.9 12.6 8.8 68.1 725.9 49.52 26700 0.0 15.1 24.1 24.5 3.626  -15.7   13.5   20.7  70    8.1  10 0 0 2 2 3 1 9.2 73.3 9.2 73.8 80.0 100 100 21 408 0 145 0 401 401 400 0 0 0 60 50 WAIT_ACK 600 
b.1 2025-06-01 22:45:00.980 a 2025-06-01-22:44:59 016 256 149 0.5 7.0 12.0 8.6 69.1 725.9 49.52 26700 0.0 15.1 24.1 24.5 3.626  -19.3   13.4   20.6  70    8.1   5 0 0 2 2 3 1 9.2 73.6 9.2 74.2 80.0 100 100 21 408 0 145 0 401 401 400 0 0 0 60 50 WAIT_ACK 600 
b.1 2025-06-01 22:46:00.441 a 2025-06-01-22:45:59 088 247 340 0.2 7.2 13.3 8.6 69.6 725.9 49.52 26700 0.0 14.5 22.6 23.4 3.634  -19.3   13.4   22.8  70    8.0  11 0 0 2 2 2 0 9.2 73.8 9.2 74.4 80.0 100 100 21 408 0 145 0 402 401 400 0 0 0 60 50 WAIT_ACK 563 
b.1 2025-06-01 22:47:01.224 a 2025-06-01-22:46:59 211 247 277 1.6 7.9 14.1 8.4 70.0 725.9 49.52 26700 0.0 14.7 23.7 23.4 3.633  -13.1   13.4   25.2  70    8.0  17 0 0 2 2 2 0 9.2 73.7 9.2 74.4 80.0 100 100 21 408 0 145 0 401 401 399 0 0 0 60 50 WAIT_ACK 600 
b.1 2025-06-01 22:48:01.305 a 2025-06-01-22:47:59 091 254 326 0.4 6.8 14.1 8.4 70.1 725.8 49.52 26700 0.0 15.1 24.1 24.4 3.627  -14.2   13.3   22.2  70    8.0   0 0 0 2 2 3 1 9.2 73.5 9.2 74.2 80.0 100 100 21 408 0 145 0 401 401 400 0 0 0 60 50 WAIT_ACK 600 
b.1 2025-06-01 22:49:01.345 a 2025-06-01-22:48:59 044 243 166 0.9 6.8 12.1 8.4 70.6 725.9 49.52 26700 0.0 14.8 23.7 23.4 3.633  -19.8   13.3   18.6  70    7.9   5 0 0 2 2 3 1 9.2 74.0 9.1 74.6 80.0 100 100 21 408 0 145 0 401 401 400 0 0 0 60 50 WAIT_ACK 553 
b.1 2025-06-01 22:50:01.858 a 2025-06-01-22:50:00 105 237 283 0.9 6.7 12.7 8.4 71.2 725.8 49.52 26700 0.0 15.4 24.1 24.5 3.635  -17.5   13.2   15.8  70    7.9   6 0 0 2 2 3 1 9.1 74.3 9.1 74.9 80.0 100 100 21 408 0 145 0 401 401 400 0 0 0 60 50 WAIT_ACK 600 
b.1 2025-06-01 22:51:01.519 a 2025-06-01-22:51:00 190 231 269 4.0 8.6 12.0 8.4 70.2 725.9 49.52 26700 0.0 14.7 23.7 23.4 3.633  -25.0   13.2   20.4  71    8.1  13 0 0 2 2 2 0 9.2 74.7 9.2 75.3 80.0 100 100 21 408 0 145 0 401 401 400 0 0 0 60 50 WAIT_ACK 569 
b.1 2025-06-01 22:52:00.801 a 2025-06-01-22:51:59 076 239 251 1.0 5.8 10.2 8.5 71.3 725.9 49.52 26700 0.0 14.9 23.9 23.4 3.634  -16.6   13.2   14.2  71    8.2  10 0 0 2 1 2 0 9.2 74.9 9.2 75.6 80.0 100 100 21 408 0 145 0 402 401 399 0 0 0 60 50 WAIT_ACK 600 
b.1 2025-06-01 22:53:00.921 a 2025-06-01-22:52:59 211 240 287 1.2 6.4 11.8 8.5 72.3 725.9 49.52 26700 0.0 14.7 23.7 23.4 3.634  -16.2   13.2   15.3  71    8.2  10 0 0 2 2 2 0 9.2 75.2 9.3 76.0 80.0 100 100 21 408 0 145 0 402 401 399 0 0 0 60 50 WAIT_ACK 600 
b.1 2025-06-01 22:54:01.040 a 2025-06-01-22:53:59 106 242 278 0.5 6.5 12.2 8.6 70.0 725.9 49.52 26700 0.0 15.0 24.1 24.5 3.626  -15.9   13.2   16.2  72    8.3  10 0 0 2 2 2 0 9.2 74.4 9.2 75.1 80.0 100 100 21 408 0 145 0 400 401 400 0 0 0 60 50 WAIT_ACK 600 
b.1 2025-06-01 22:55:01.061 a 2025-06-01-22:54:59 003 261 150 0.5 5.1 10.6 8.5 70.6 725.9 49.52 26700 0.0 14.9 24.1 24.5 3.629  -15.0   13.2   14.9  71    8.1  10 0 0 2 1 3 1 9.2 74.0 9.2 74.7 80.0 100 100 21 408 0 145 0 401 401 400 0 0 0 60 50 WAIT_ACK 600 
b.1 2025-06-01 22:56:00.203 a 2025-06-01-22:55:58 102 247 274 0.4 4.3 10.5 8.4 70.2 725.9 49.52 26700 0.0 15.4 24.1 24.4 3.627  -16.3   13.2   11.4  70    7.9   5 0 0 2 1 2 0 9.2 73.9 9.2 74.6 80.0 100 100 21 408 0 145 0 400 401 399 0 0 0 60 50 WAIT_ACK 600 
b.1 2025-06-01 22:57:00.180 a 2025-06-01-22:56:58 109 251 287 0.4 5.2 9.6 8.3 70.4 725.9 49.52 26700 0.0 14.7 23.3 23.4 3.633  -14.5   13.2   13.2  70    7.9  13 0 0 2 1 2 0 9.2 73.5 9.2 74.2 80.0 100 100 21 408 0 145 0 401 401 400 0 0 0 60 50 WAIT_ACK 600 
b.1 2025-06-01 22:58:01.280 a 2025-06-01-22:57:59 065 245 265 0.5 6.1 11.3 8.4 70.5 725.9 49.52 26700 0.0 14.5 22.6 23.4 3.633  -21.1   13.1   14.2  71    8.0  11 0 0 2 1 2 0 9.2 73.9 9.2 74.6 80.0 100 100 21 408 0 145 0 402 401 400 0 0 0 60 50 WAIT_ACK 597 
b.1 2025-06-01 22:59:01.401 a 2025-06-01-22:58:59 186 263 296 0.5 6.3 11.8 8.3 68.7 725.8 49.52 26700 0.0 14.7 23.7 23.4 3.633  -16.5   13.1   27.4  71    8.0  13 0 0 2 2 2 0 9.2 73.0 9.1 73.7 80.0 100 100 21 408 0 145 0 402 401 400 0 0 0 60 50 WAIT_ACK 600 
b.1 2025-06-01 23:00:01.519 a 2025-06-01-23:00:00 057 258 114 0.4 5.5 12.4 8.1 70.6 725.9 49.52 26700 0.0 14.9 24.1 24.5 3.627  -20.3   13.1   20.3  71    8.0  13 0 0 2 2 2 0 9.1 73.0 9.1 73.6 80.0 100 100 21 408 0 145 0 401 402 399 0 0 0 60 50 WAIT_ACK 597 
b.1 2025-06-01 23:01:01.282 a 2025-06-01-23:00:59 107 237 280 0.7 7.1 12.1 8.1 70.8 725.8 49.52 26700 0.0 15.0 24.1 24.4 3.626  -17.4   13.0   21.0  71    7.9   5 0 0 2 2 3 1 9.1 73.6 9.1 74.3 80.0 100 100 21 408 0 145 0 402 401 400 0 0 0 60 50 WAIT_ACK 580 
b.1 2025-06-01 23:02:01.220 a 2025-06-01-23:01:59 111 249 356 0.6 7.1 13.7 8.1 71.1 725.8 49.52 26700 0.0 14.5 22.6 23.4 3.633  -20.6   13.0   20.6  71    7.8  12 0 0 2 2 2 0 9.1 73.8 9.1 74.3 80.0 100 100 21 408 0 145 0 401 401 399 0 0 0 60 50 WAIT_ACK 565 
b.1 2025-06-01 23:03:00.740 a 2025-06-01-23:02:59 152 244 331 0.6 6.9 12.3 8.1 71.5 725.8 49.52 26700 0.0 14.9 23.9 23.4 3.634  -14.4   12.9   18.8  71    7.8  13 0 0 2 2 2 0 9.1 73.6 9.0 74.3 80.0 100 100 22 408 0 145 0 402 401 400 0 0 0 60 50 WAIT_ACK 600 
b.1 2025-06-01 23:04:01.288 a 2025-06-01-23:03:59 201 231 274 1.4 6.0 9.7 8.1 72.6 725.9 49.52 26700 0.0 14.8 23.9 23.4 3.633  -17.9   12.9   16.0  71    7.8  13 0 0 2 2 2 0 9.1 73.9 9.0 74.6 80.0 100 100 22 408 0 145 0 401 401 399 0 0 0 60 50 WAIT_ACK 600 
b.1 2025-06-01 23:05:00.940 a 2025-06-01-23:04:59 146 228 267 0.7 5.3 9.0 8.2 73.2 725.9 49.52 26700 0.0 15.2 24.1 24.5 3.628  -17.2   12.9   11.2  72    7.9   5 0 0 2 1 2 0 9.1 74.5 9.1 75.1 80.0 100 100 22 408 0 145 0 401 401 400 0 0 0 60 50 WAIT_ACK 600 
b.1 2025-06-01 23:06:01.720 a 2025-06-01-23:06:00 113 231 280 0.2 4.6 8.6 8.3 72.4 725.9 49.52 26700 0.0 14.8 23.9 23.4 3.633  -14.9   12.9    9.9  72    8.0  11 0 0 2 1 2 0 9.1 74.9 9.1 75.5 80.0 100 100 22 408 0 145 0 400 402 399 0 0 0 60 50 WAIT_ACK 600 
b.1 2025-06-01 23:07:01.381 a 2025-06-01-23:06:59 086 249 342 0.6 5.0 10.7 8.3 70.9 725.9 49.52 26700 0.0 14.9 23.7 23.4 3.634  -17.0   13.0   10.8  72    8.0  10 0 0 2 1 2 0 9.2 74.7 9.2 75.3 80.0 100 100 22 408 0 145 0 401 400 400 0 0 0 60 50 WAIT_ACK 600 
b.1 2025-06-01 23:08:01.362 a 2025-06-01-23:07:59 191 245 342 0.9 6.0 9.8 8.4 71.4 725.9 49.52 26700 0.0 15.0 24.1 24.4 3.633  -13.5   13.0   12.9  72    8.0  10 0 0 2 1 3 1 9.2 74.2 9.2 74.9 80.0 100 100 22 408 0 145 0 401 401 399 0 0 0 60 50 WAIT_ACK 600 
b.1 2025-06-01 23:09:01.901 a 2025-06-01-23:09:00 103 248 274 1.1 7.4 12.1 8.4 71.4 725.9 49.52 26700 0.0 14.8 23.6 23.4 3.633  -15.8   13.0   19.7  72    8.0  10 0 0 2 2 3 1 9.2 73.8 9.1 74.4 80.0 100 100 22 408 0 145 0 402 401 400 0 0 0 60 50 WAIT_ACK 600 
b.1 2025-06-01 23:10:01.322 a 2025-06-01-23:09:59 138 243 289 0.6 5.9 10.5 8.3 69.4 725.9 49.52 26700 0.0 15.1 24.1 24.5 3.628  -21.0   13.0   15.2  71    8.0  10 0 0 2 2 3 1 9.1 73.6 9.1 74.3 80.0 100 100 22 408 0 145 0 401 401 400 0 0 0 60 50 WAIT_ACK 590 
b.1 2025-06-01 23:11:01.224 a 2025-06-01-23:10:59 107 236 278 0.5 5.3 9.5 8.3 71.7 725.9 49.52 26700 0.0 14.8 23.8 23.4 3.633  -25.5   13.0   12.4  71    7.9   5 0 0 1 1 2 0 9.1 73.7 9.1 74.3 80.0 100 100 22 408 0 145 0 401 402 399 0 0 0 60 50 WAIT_ACK 530 
b.1 2025-06-01 23:12:01.582 a 2025-06-01-23:12:00 117 240 301 0.6 5.5 11.7 8.3 70.3 725.9 49.52 26700 0.0 15.2 24.1 24.4 3.627  -22.5   13.0   11.3  71    7.9   7 0 0 2 1 3 1 9.1 73.8 9.1 74.4 80.0 100 100 22 408 0 145 0 401 401 400 0 0 0 60 50 WAIT_ACK 569 
b.1 2025-06-01 23:13:00.582 a 2025-06-01-23:12:59 096 243 000 0.9 5.9 11.4 8.4 70.3 725.9 49.52 26700 0.0 15.0 24.1 24.5 3.626  -26.9   13.1   14.3  71    7.8   9 0 0 1 1 3 1 9.2 73.6 9.1 74.3 80.0 100 100 22 408 0 145 0 401 401 399 0 0 0 60 50 WAIT_ACK 565 
b.1 2025-06-01 23:14:01.405 a 2025-06-01-23:13:59 005 243 092 0.4 6.6 11.7 8.4 69.5 725.9 49.52 26700 0.0 15.0 24.1 24.5 3.628  -27.9   13.1   15.0  71    7.9   9 0 0 1 2 3 1 9.2 73.7 9.1 74.3 80.0 100 100 22 408 0 145 0 401 401 399 0 0 0 60 50 WAIT_ACK 504 
b.1 2025-06-01 23:15:01.967 a 2025-06-01-23:15:00 107 238 269 0.3 6.7 11.4 8.4 69.7 725.8 49.52 26700 0.0 14.7 23.3 23.4 3.633  -34.6   13.1   16.3  71    7.9  14 0 0 1 2 2 0 9.2 73.6 9.1 74.4 80.0 100 100 22 408 0 145 0 401 401 400 0 0 0 60 50 WAIT_ACK 443 
b.1 2025-06-01 23:16:01.302 a 2025-06-01-23:15:59 134 236 305 0.5 5.9 11.1 8.3 70.0 725.8 49.52 26700 0.0 15.0 24.1 24.5 3.626  -20.5   13.1   15.5  71    8.0  14 0 0 2 2 2 0 9.2 73.4 9.2 74.2 80.0 100 100 22 408 0 145 0 401 401 400 0 0 0 60 50 WAIT_ACK 384 
b.1 2025-06-01 23:17:00.964 a 2025-06-01-23:16:59 137 224 293 0.3 3.9 7.7 8.3 70.8 725.8 49.52 26700 0.0 14.9 23.9 23.4 3.633  -13.4   13.0    9.3  71    7.9   5 0 0 2 1 2 0 9.2 74.2 9.2 74.2 80.0 100 100 22 408 0 145 0 401 401 399 0 0 0 60 50 WAIT_ACK 600 
b.1 2025-06-01 23:18:01.469 a 2025-06-01-23:18:00 187 237 343 0.5 4.4 7.7 8.3 71.7 725.9 49.52 26700 0.0 15.2 24.1 24.5 3.628  -11.6   13.0    8.2  71    8.0   7 0 0 2 1 2 0 9.2 73.7 9.2 74.4 80.0 100 100 22 408 0 145 0 401 402 399 0 0 0 60 50 WAIT_ACK 600 
b.1 2025-06-01 23:19:02.184 a 2025-06-01-23:19:00 094 247 271 0.4 4.1 8.4 8.3 71.2 725.8 49.52 26700 0.0 14.7 23.3 23.4 3.634  -18.5   13.0    8.8  71    7.9  13 0 0 2 1 2 0 9.2 73.4 9.2 74.2 80.0 100 100 22 408 0 145 0 402 401 399 0 0 0 60 50 WAIT_ACK 600 
b.1 2025-06-01 23:20:00.361 a 2025-06-01-23:19:58 100 243 296 0.4 5.5 10.9 8.3 68.8 725.9 49.52 26700 0.0 14.7 23.3 23.4 3.633  -12.8   13.0   13.7  71    7.8  11 0 0 2 1 2 0 9.2 72.4 9.1 73.1 80.0 100 100 22 408 0 145 0 401 401 399 0 0 0 60 50 WAIT_ACK 600 
b.1 2025-06-01 23:21:00.164 a 2025-06-01-23:20:58 214 249 345 1.1 6.4 10.5 8.2 70.0 725.8 49.52 26700 0.0 14.5 22.6 23.4 3.634  -22.5   13.0   17.1  70    7.7  11 0 0 2 2 2 0 9.1 72.4 9.1 73.1 80.0 100 100 22 408 0 145 0 401 401 399 0 0 0 60 50 WAIT_ACK 581 
b.1 2025-06-01 23:22:02.384 a 2025-06-01-23:22:00 104 242 288 0.3 6.5 12.1 7.9 70.0 725.8 49.52 26700 0.0 14.6 22.6 23.4 3.633  -31.1   12.9   19.8  70    7.7  12 0 0 1 2 2 0 9.1 72.5 9.1 73.3 80.0 100 100 22 408 0 145 0 402 401 400 0 0 0 60 50 WAIT_ACK 519 
b.1 2025-06-01 23:23:00.822 a 2025-06-01-23:22:59 020 236 068 0.6 5.7 9.8 7.9 70.1 725.8 49.52 26700 0.0 14.8 23.7 23.4 3.634  -20.1   12.9   16.6  70    7.6  12 0 0 2 2 2 0 9.1 72.5 9.0 73.2 80.0 100 100 22 408 0 145 0 401 401 399 0 0 0 60 50 WAIT_ACK 461 
b.1 2025-06-01 23:24:02.604 a 2025-06-01-23:24:01 097 247 307 0.3 5.1 11.2 7.9 70.7 725.8 49.52 26700 0.0 15.1 24.1 24.5 3.627  -16.8   12.8   13.4  70    7.5  12 0 0 2 1 3 1 9.1 72.4 9.0 73.2 80.0 100 100 21 408 0 145 0 402 401 400 0 0 0 60 50 WAIT_ACK 600 
b.1 2025-06-01 23:25:00.763 a 2025-06-01-23:24:59 029 226 099 0.3 4.1 9.7 7.9 71.7 725.7 49.52 26700 0.0 15.4 24.1 24.5 3.627  -20.0   12.8    8.3  70    7.4   0 0 0 2 1 3 1 9.0 72.7 9.0 73.5 80.0 100 100 21 408 0 145 0 401 401 400 0 0 0 60 50 WAIT_ACK 567 
b.1 2025-06-01 23:25:59.549 a 2025-06-01-23:25:58 111 239 309 0.5 4.9 13.1 8.1 73.0 725.7 49.52 26700 0.0 15.1 24.1 24.5 3.631  -28.8   12.8    7.6  70    7.5   5 0 0 1 1 2 0 9.0 73.2 9.0 74.1 80.0 100 100 21 408 0 145 0 401 402 400 0 0 0 60 50 WAIT_ACK 508 
b.1 2025-06-01 23:27:01.765 a 2025-06-01-23:27:00 133 226 271 0.4 6.8 11.6 8.2 68.8 725.7 49.52 26700 0.0 14.4 22.6 23.4 3.633  -30.4   12.8   13.7  70    7.5   9 0 0 1 1 2 0 9.1 72.9 9.1 73.6 80.0 100 100 21 408 0 145 0 402 401 399 0 0 0 60 50 WAIT_ACK 445 
b.1 2025-06-01 23:28:00.026 a 2025-06-01-23:27:58 115 242 348 0.6 6.0 11.9 8.2 70.3 725.7 49.52 26700 0.0 14.7 23.3 23.4 3.633  -25.4   12.8   13.7  70    7.5  11 0 0 1 1 3 1 9.1 72.9 9.0 73.7 80.0 100 100 21 408 0 145 0 401 401 400 0 0 0 60 50 WAIT_ACK 387 
b.1 2025-06-01 23:29:01.122 a 2025-06-01-23:28:59 093 243 317 1.1 7.4 12.5 8.2 68.6 725.7 49.52 26700 0.0 14.9 24.1 24.4 3.626  -27.1   12.8   17.1  70    7.5  11 0 0 1 2 3 1 9.1 72.4 9.1 73.1 80.0 100 100 21 408 0 145 0 401 401 399 0 0 0 60 50 WAIT_ACK 326 
b.1 2025-06-01 23:30:01.565 a 2025-06-01-23:30:00 142 244 309 1.6 7.6 12.4 8.2 69.4 725.7 49.52 26700 0.0 15.0 24.1 24.4 3.626  -24.7   12.8   19.0  70    7.5  11 0 0 2 2 3 1 9.1 72.6 9.1 73.2 80.0 100 100 21 408 0 145 0 402 401 400 0 0 0 60 50 WAIT_ACK 266 
b.1 2025-06-01 23:31:01.466 a 2025-06-01-23:30:59 098 237 299 0.4 6.4 11.7 8.1 69.8 725.7 49.52 26700 0.0 14.7 23.2 23.4 3.633  -29.7   12.8   16.7  70    7.5  11 0 0 1 2 2 0 9.1 72.6 9.1 73.2 80.0 100 100 21 408 0 145 0 401 401 399 0 0 0 60 50 WAIT_ACK 206 
b.1 2025-06-01 23:32:01.127 a 2025-06-01-23:31:59 130 239 301 1.0 6.4 10.8 8.1 70.7 725.7 49.52 26700 0.0 14.8 23.6 23.4 3.634  -29.8   12.8   17.5  70    7.5  15 0 0 1 2 2 0 9.1 72.6 9.1 73.3 80.0 100 100 21 408 0 145 0 402 401 400 0 0 0 60 50 WAIT_ACK 146 
b.1 2025-06-01 23:33:01.724 a 2025-06-01-23:33:00 000 245 012 0.5 5.4 11.3 8.1 70.6 725.6 49.52 26700 0.0 14.8 23.8 23.4 3.633  -28.0   12.8   16.6  70    7.4  12 0 0 1 2 2 0 9.1 72.9 9.1 73.7 80.0 100 100 21 408 0 145 0 401 401 400 0 0 0 60 50 WAIT_ACK 85 
b.1 2025-06-01 23:34:00.825 a 2025-06-01-23:33:59 032 243 088 0.5 6.0 11.5 8.0 70.5 725.6 49.52 26700 0.0 14.9 23.8 23.4 3.633  -30.0   12.7   17.2  70    7.3  12 0 0 1 2 2 0 9.1 72.8 9.0 73.5 80.0 100 100 21 408 0 145 0 401 401 400 0 0 0 60 50 WAIT_ACK 26 
b.1 2025-06-01 23:35:01.325 a 2025-06-01-23:34:59 014 238 131 0.4 5.4 10.7 7.9 72.4 725.6 49.52 26700 0.0 15.0 24.0 24.5 3.627  -28.4   12.6   13.1  70    7.3  12 0 0 1 1 2 0 9.0 73.2 9.0 73.6 80.0 100 100 21 408 0 145 0 401 401 400 0 0 0 60 50 WAIT_ACK 0 
b.1 2025-06-01 23:36:00.746 a 2025-06-01-23:35:59 196 231 293 0.6 4.9 9.3 8.0 71.6 725.6 49.52 26700 0.0 14.7 22.6 23.4 3.633  -25.0   12.6   10.4  70    7.4   5 0 0 1 1 2 0 9.1 73.2 9.0 73.9 80.0 100 100 21 408 0 145 0 401 401 399 0 0 0 60 50 WAIT_ACK 0 
b.1 2025-06-01 23:37:01.049 a 2025-06-01-23:36:59 122 224 346 0.2 4.7 9.6 8.1 72.0 725.6 49.52 26700 0.0 14.7 23.3 23.4 3.633  -27.3   12.6    8.0  70    7.3  11 0 0 1 1 2 0 9.1 73.5 9.0 74.2 80.0 100 100 21 408 0 145 0 400 401 399 0 0 0 60 50 WAIT_ACK 0 
b.1 2025-06-01 23:38:01.289 a 2025-06-01-23:37:59 141 232 274 0.6 6.2 11.3 8.1 71.8 725.6 49.52 26700 0.0 15.0 24.1 24.4 3.626  -18.4   12.6   11.1  70    7.4  12 0 0 2 1 2 0 9.1 73.6 9.1 74.3 80.0 100 100 21 408 0 145 0 401 401 400 0 0 0 60 50 WAIT_ACK 0 
b.1 2025-06-01 23:39:02.167 a 2025-06-01-23:39:00 130 230 268 1.1 6.4 11.5 8.1 71.3 725.7 49.52 26700 0.0 15.0 24.1 24.5 3.627  -18.0   12.6   12.6  71    7.4  13 0 0 2 1 2 0 9.1 73.5 9.1 74.2 80.0 100 100 21 408 0 145 0 401 401 400 0 0 0 60 50 WAIT_ACK 600 
b.1 2025-06-01 23:40:01.904 a 2025-06-01-23:40:00 119 226 346 0.2 5.1 9.9 7.9 73.0 725.7 49.52 26700 0.0 15.3 24.1 24.5 3.627  -20.9   12.6    8.7  71    7.4   0 0 0 2 1 3 1 9.1 73.5 9.1 74.2 80.0 100 100 21 408 0 145 0 401 401 400 0 0 0 60 50 WAIT_ACK 598 
b.1 2025-06-01 23:41:01.184 a 2025-06-01-23:40:59 071 233 250 0.6 4.5 7.8 8.0 73.0 725.7 49.52 26700 0.0 15.6 24.1 24.5 3.633  -19.1   12.6    7.8  71    7.6   5 0 0 2 1 3 1 9.1 73.5 9.1 74.2 80.0 100 100 21 408 0 145 0 401 402 400 0 0 0 60 50 WAIT_ACK 593 
b.1 2025-06-01 23:41:59.766 a 2025-06-01-23:41:58 114 244 300 0.1 2.9 7.3 8.0 73.0 725.7 49.52 26700 0.0 15.2 24.1 24.4 3.626  -24.5   12.7    5.6  72    7.7   5 0 0 2 1 3 1 9.1 73.9 9.1 74.6 80.0 100 100 21 408 0 145 0 401 401 399 0 0 0 60 50 WAIT_ACK 550 
b.1 2025-06-01 23:43:02.065 a 2025-06-01-23:43:00 142 233 286 0.2 4.9 9.2 8.2 73.2 725.6 49.52 26700 0.0 15.1 24.1 24.4 3.628  -26.8   12.8    6.2  72    7.8  10 0 0 1 1 3 1 9.2 74.2 9.2 74.9 80.0 100 100 21 408 0 145 0 401 401 400 0 0 0 60 50 WAIT_ACK 487 
b.1 2025-06-01 23:44:01.648 a 2025-06-01-23:44:00 202 236 274 1.0 6.9 10.2 8.5 70.2 725.7 49.52 26700 0.0 14.7 23.2 23.4 3.633  -29.4   12.9   12.3  72    8.0  15 0 0 1 1 3 1 9.2 73.8 9.2 74.3 80.0 100 100 21 408 0 145 0 401 402 399 0 0 0 60 50 WAIT_ACK 428 
b.1 2025-06-01 23:45:01.546 a 2025-06-01-23:45:00 108 255 302 0.5 4.7 10.0 8.5 69.6 725.6 49.52 26700 0.0 14.6 23.3 23.4 3.634  -31.9   13.0   12.3  71    7.9  12 0 0 1 1 2 0 9.2 72.9 9.2 73.7 80.0 100 100 21 408 0 145 0 401 401 400 0 0 0 60 50 WAIT_ACK 368 
b.1 2025-06-01 23:46:00.469 a 2025-06-01-23:45:58 050 236 000 0.4 4.5 8.3 8.4 69.1 725.6 49.52 26700 0.0 15.6 24.1 24.5 3.626  -22.0   13.0   10.1  71    7.8   5 0 0 2 1 3 1 9.2 72.9 9.2 73.6 80.0 100 100 21 408 0 145 0 401 401 399 0 0 0 60 50 WAIT_ACK 309 
b.1 2025-06-01 23:47:02.365 a 2025-06-01-23:47:00 119 224 341 0.3 3.8 7.0 8.3 71.6 725.6 49.52 26700 0.0 16.0 24.1 24.5 3.627  -23.3   13.0    6.4  71    7.9   5 0 0 2 1 3 1 9.2 73.2 9.2 74.0 80.0 100 100 21 408 0 145 0 402 401 400 0 0 0 60 50 WAIT_ACK 566 
b.1 2025-06-01 23:48:01.786 a 2025-06-01-23:48:00 002 226 077 0.2 3.1 8.5 8.4 71.8 725.6 49.52 26700 0.0 16.3 24.1 24.4 3.627  -30.7   13.1    4.4  71    8.0   5 0 0 1 1 3 1 9.2 73.6 9.2 74.4 80.0 100 100 21 408 0 145 0 401 401 399 0 0 0 60 50 WAIT_ACK 506 
b.1 2025-06-01 23:49:01.410 a 2025-06-01-23:48:59 118 233 353 0.4 5.1 8.5 8.7 70.4 725.6 49.52 26700 0.0 15.5 24.1 24.5 3.627  -28.5   13.2    6.2  71    8.1   5 0 0 1 1 3 1 9.3 74.2 9.3 74.8 80.0 100 100 21 408 0 145 0 401 401 399 0 0 0 60 50 WAIT_ACK 447 
b.1 2025-06-01 23:50:02.585 a 2025-06-01-23:50:01 133 238 300 0.3 4.9 8.5 8.8 71.6 725.6 49.52 26700 0.0 15.4 24.1 24.5 3.627  -28.6   13.3    7.7  71    8.3  10 0 0 1 1 3 1 9.3 74.3 9.3 75.0 80.0 100 100 21 408 0 145 0 401 401 399 0 0 0 60 50 WAIT_ACK 386 
b.1 2025-06-01 23:51:01.967 a 2025-06-01-23:51:00 209 254 316 1.4 5.0 9.4 8.9 68.7 725.6 49.52 26700 0.0 15.3 24.1 24.5 3.628  -26.2   13.4    8.2  71    8.4   7 0 0 1 1 3 1 9.3 73.8 9.4 74.5 80.0 100 100 21 408 0 145 0 401 401 400 0 0 0 60 50 WAIT_ACK 326 
b.1 2025-06-01 23:51:59.805 a 2025-06-01-23:51:58 098 243 300 0.4 4.8 10.2 8.8 69.5 725.6 49.52 26700 0.0 15.2 24.1 24.5 3.627  -24.8   13.5    9.2  71    8.4   7 0 0 2 1 3 1 9.4 73.5 9.4 74.2 80.0 100 100 21 408 0 145 0 401 401 399 0 0 0 60 50 WAIT_ACK 268 
b.1 2025-06-01 23:53:01.009 a 2025-06-01-23:52:59 014 236 076 0.4 5.1 8.4 8.8 70.4 725.6 49.52 26700 0.0 15.0 24.1 24.5 3.627  -24.8   13.6   10.1  71    8.5   7 0 0 2 1 3 1 9.4 73.5 9.3 74.2 80.0 100 100 21 408 0 145 0 401 401 399 0 0 0 60 50 WAIT_ACK 207 
b.1 2025-06-01 23:54:01.109 a 2025-06-01-23:53:59 076 241 257 0.4 5.8 11.2 8.8 69.3 725.6 49.52 26700 0.0 14.6 23.2 23.4 3.633  -18.5   13.6   14.6  71    8.5  15 0 0 2 1 2 0 9.3 73.4 9.4 74.1 80.0 100 100 21 408 0 145 0 401 401 399 0 0 0 60 50 WAIT_ACK 147 
b.1 2025-06-01 23:55:01.286 a 2025-06-01-23:54:59 010 242 127 0.8 5.4 9.8 8.6 70.7 725.6 49.52 26700 0.0 14.5 22.6 23.4 3.634  -13.9   13.6   14.6  71    8.4  12 0 0 2 1 2 0 9.3 73.4 9.3 74.0 80.0 100 100 22 408 0 145 0 402 401 400 0 0 0 60 50 WAIT_ACK 600 
b.1 2025-06-01 23:56:01.365 a 2025-06-01-23:55:59 119 249 326 0.7 5.4 9.6 8.5 69.9 725.6 49.52 26700 0.0 15.3 24.1 24.5 3.627  -11.4   13.6   13.4  71    8.4   0 0 0 2 1 3 1 9.3 73.2 9.3 74.0 80.0 100 100 22 408 0 145 0 401 401 400 0 0 0 60 50 WAIT_ACK 600 
b.1 2025-06-01 23:57:00.506 a 2025-06-01-23:56:58 113 258 333 0.3 4.5 9.4 8.4 71.8 725.6 49.52 26700 0.0 14.9 24.1 24.5 3.627  -21.2   13.6   13.7  71    8.4   5 0 0 2 1 2 0 9.3 73.7 9.3 74.4 80.0 100 100 22 408 0 145 0 401 401 399 0 0 0 60 50 WAIT_ACK 594 
b.1 2025-06-01 23:58:01.127 a 2025-06-01-23:57:59 029 252 069 0.4 4.9 10.4 8.3 72.2 725.7 49.52 26700 0.0 15.2 24.1 24.4 3.627  -17.0   13.6   13.0  71    8.4  10 0 0 2 1 2 0 9.3 73.7 9.3 74.5 80.0 100 100 22 408 0 145 0 402 401 399 0 0 0 60 50 WAIT_ACK 600 
b.1 2025-06-01 23:59:01.030 a 2025-06-01-23:58:59 126 258 296 0.3 5.1 9.5 8.3 70.5 725.7 49.52 26700 0.0 14.7 23.3 23.4 3.634  -17.8   13.5   12.9  70    8.2  10 0 0 2 1 3 1 9.3 74.0 9.3 74.7 80.0 100 100 22 408 0 145 0 401 402 399 0 0 0 60 50 WAIT_ACK 600 
