b.1 2025-07-08 00:00:14.313 a 2025-07-08-00:00:11 169 033 235 0.1 1.8 4.1 18.4 44.4 732.8 0.00 0 0.0 25.2 24.1 24.4 3.628  -36.4   25.6    2.6  35    9.1   5 0 0 1 1 2 0 19.6 45.6 19.7 45.8 80.0 100 100 20 408 0 143 0 401 401 399 0 0 0 59 50 WAIT_ACK 0 
b.1 2025-07-08 00:01:09.894 a 2025-07-08-00:01:06 136 030 256 0.1 1.7 3.9 18.2 45.2 732.8 0.00 0 0.0 25.3 24.1 24.4 3.623  -34.3   25.5    2.5  35    9.1   5 0 0 1 1 2 0 19.5 45.7 19.6 45.9 80.0 100 100 20 408 0 143 0 400 402 399 0 0 0 59 50 WAIT_ACK 0 
b.1 2025-07-08 00:02:12.232 a 2025-07-08-00:02:08 183 074 255 0.1 1.0 3.5 18.2 45.5 732.8 0.00 0 0.0 26.0 24.1 24.4 3.626  -32.5   25.4    2.3  36    9.1   5 0 0 1 1 2 0 19.5 45.9 19.6 46.0 80.0 100 100 20 408 0 143 0 401 401 399 0 0 0 60 50 WAIT_ACK 0 
b.1 2025-07-08 00:03:12.211 a 2025-07-08-00:03:08 270 145 281 0.0 0.4 1.2 18.2 45.5 732.8 0.00 0 0.0 27.3 24.1 24.4 3.626  -30.8   25.3    0.0  36    9.2   0 0 0 1 1 2 0 19.5 45.9 19.6 46.0 80.0 100 100 20 408 0 143 0 401 401 400 0 0 0 60 50 WAIT_ACK 0 
b.1 2025-07-08 00:04:12.430 a 2025-07-08-00:04:09 058 073 315 0.1 1.0 2.7 18.5 45.0 732.8 0.00 0 0.0 28.3 24.1 24.4 3.624  -31.3   25.3    2.2  36    9.2   0 0 0 1 1 2 0 19.5 46.0 19.6 46.1 80.0 100 100 20 408 0 143 0 401 401 400 0 0 0 60 50 WAIT_ACK 0 
b.1 2025-07-08 00:05:13.674 a 2025-07-08-00:05:10 143 069 233 0.1 1.2 3.0 18.7 44.8 732.8 0.00 0 0.0 28.8 24.1 24.4 3.626  -34.9   25.3    2.2  36    9.3   5 0 0 1 1 2 0 19.5 46.0 19.6 46.1 80.0 100 100 20 408 0 143 0 402 401 400 0 0 0 59 50 WAIT_ACK 0 
b.1 2025-07-08 00:06:12.573 a 2025-07-08-00:06:09 143 031 226 0.1 1.4 4.1 18.8 44.5 732.7 0.00 0 0.0 28.7 24.1 24.4 3.626  -33.6   25.3    2.3  36    9.4   5 0 0 1 1 2 0 19.5 46.1 19.6 46.2 80.0 100 100 20 408 0 143 0 401 401 400 0 0 0 59 50 WAIT_ACK 0 
b.1 2025-07-08 00:07:11.539 a 2025-07-08-00:07:08 101 059 258 0.2 1.4 4.2 18.7 44.8 732.7 0.00 0 0.0 28.6 24.1 24.4 3.627  -32.3   25.4    2.3  36    9.4   5 0 0 1 1 2 0 19.5 46.1 19.6 46.2 80.0 100 100 20 408 0 143 0 401 401 400 0 0 0 59 50 WAIT_ACK 0 
b.1 2025-07-08 00:08:12.736 a 2025-07-08-00:08:09 123 034 198 0.1 1.7 5.0 18.6 44.9 732.7 0.00 0 0.0 28.7 24.1 24.4 3.626  -34.4   25.4    2.4  36    9.4   5 0 0 1 1 2 0 19.5 46.1 19.6 46.3 80.0 100 100 20 408 0 143 0 401 402 399 0 0 0 59 50 WAIT_ACK 0 
b.1 2025-07-08 00:09:11.372 a 2025-07-08-00:09:08 200 064 239 0.4 2.4 5.1 18.5 45.2 732.7 0.00 0 0.0 28.3 24.1 24.4 3.626  -35.8   25.3    2.7  36    9.3   5 0 0 1 1 2 0 19.5 46.1 19.6 46.3 80.0 100 100 20 408 0 143 0 401 401 400 0 0 0 60 50 WAIT_ACK 0 
b.1 2025-07-08 00:10:10.596 a 2025-07-08-00:10:07 106 078 286 0.2 1.4 3.2 18.4 45.3 732.7 0.00 0 0.0 28.5 24.1 24.4 3.633  -32.9   25.2    2.4  36    9.3   5 0 0 1 1 2 0 19.5 46.1 19.6 46.3 80.0 100 100 20 408 0 143 0 401 401 399 0 0 0 59 50 WAIT_ACK 0 
b.1 2025-07-08 00:11:12.115 a 2025-07-08-00:11:08 254 298 303 0.1 0.8 2.9 18.6 45.2 732.7 0.00 0 0.0 29.0 24.1 24.4 3.626  -32.2   25.2    2.2  36    9.3   5 0 0 1 1 2 0 19.4 46.2 19.6 46.3 80.0 100 100 20 408 0 143 0 401 402 400 0 0 0 59 50 WAIT_ACK 0 
b.1 2025-07-08 00:12:10.375 a 2025-07-08-00:12:07 090 014 189 0.0 0.9 2.6 18.8 44.7 732.7 0.00 0 0.0 29.4 24.1 24.4 3.626  -31.7   25.3    2.1  37    9.4   5 0 0 1 1 2 0 19.4 46.2 19.6 46.3 80.0 100 100 20 408 0 143 0 401 401 399 0 0 0 60 50 WAIT_ACK 0 
b.1 2025-07-08 00:13:09.938 a 2025-07-08-00:13:06 056 281 089 0.2 0.9 2.5 19.1 44.2 732.8 0.00 0 0.0 29.6 24.1 24.4 3.626  -34.6   25.4    2.1  37    9.5   5 0 0 1 1 2 0 19.4 46.2 19.5 46.4 80.0 100 100 20 408 0 143 0 401 401 399 0 0 0 59 50 WAIT_ACK 0 
b.1 2025-07-08 00:14:09.956 a 2025-07-08-00:14:06 018 358 118 0.2 1.1 3.0 19.2 43.7 732.8 0.00 0 0.0 28.2 24.1 24.4 3.626  -35.9   25.5    2.2  36    9.5   5 0 0 1 1 1 0 19.4 46.2 19.5 46.3 80.0 100 100 20 408 0 143 0 401 401 399 0 0 0 60 50 WAIT_ACK 0 
b.1 2025-07-08 00:15:10.641 a 2025-07-08-00:15:07 130 020 235 0.1 1.0 2.5 19.2 43.7 732.8 0.00 0 0.0 26.9 24.1 24.4 3.626  -33.9   25.5    2.1  36    9.5   6 0 0 1 1 2 0 19.4 46.3 19.5 46.4 80.0 100 100 20 408 0 143 0 402 401 400 0 0 0 60 50 WAIT_ACK 0 
b.1 2025-07-08 00:16:10.236 a 2025-07-08-00:16:06 214 191 312 0.1 0.5 1.6 19.3 43.5 732.8 0.00 0 0.0 27.7 24.1 24.4 3.627  -31.2   25.6    2.1  36    9.5   0 0 0 1 1 2 0 19.4 46.2 19.5 46.3 80.0 100 100 20 408 0 143 0 401 401 399 0 0 0 59 50 WAIT_ACK 0 
b.1 2025-07-08 00:17:09.661 a 2025-07-08-00:17:06 053 234 348 0.1 0.5 1.5 19.4 43.4 732.8 0.00 0 0.0 28.8 24.1 24.4 3.626  -30.9   25.6    0.0  36    9.5   0 0 0 1 1 2 0 19.4 46.2 19.5 46.3 80.0 100 100 20 408 0 143 0 401 401 400 0 0 0 59 50 WAIT_ACK 0 
b.1 2025-07-08 00:18:09.555 a 2025-07-08-00:18:06 212 078 322 0.0 1.2 4.8 19.6 42.5 732.8 0.00 0 0.0 29.3 24.1 24.4 3.626  -32.5   25.6    2.2  36    9.6   5 0 0 1 1 2 0 19.4 46.2 19.5 46.3 80.0 100 100 20 408 0 143 0 401 401 399 0 0 0 60 50 WAIT_ACK 0 
b.1 2025-07-08 00:19:09.677 a 2025-07-08-00:19:06 004 056 171 0.3 2.1 4.2 19.6 42.5 732.8 0.00 0 0.0 28.9 24.1 24.4 3.632  -34.4   25.7    2.5  36    9.6   5 0 0 1 1 2 0 19.4 46.2 19.5 46.4 80.0 100 100 20 408 0 143 0 401 402 399 0 0 0 60 50 WAIT_ACK 0 
b.1 2025-07-08 00:20:13.276 a 2025-07-08-00:20:09 141 063 211 0.1 1.9 3.7 19.2 43.4 732.8 0.00 0 0.0 28.7 24.1 24.4 3.632  -35.7   25.7    2.6  36    9.5   5 0 0 1 1 2 0 19.4 46.2 19.5 46.3 80.0 100 100 20 408 0 143 0 401 401 399 0 0 0 59 50 WAIT_ACK 0 
b.1 2025-07-08 00:21:10.095 a 2025-07-08-00:21:06 171 095 341 0.2 1.3 3.6 19.2 43.4 732.8 0.00 0 0.0 28.2 24.1 24.4 3.626  -34.4   25.7    2.4  36    9.5   5 0 0 1 1 2 0 19.4 46.2 19.5 46.3 80.0 100 100 20 408 0 143 0 401 401 400 0 0 0 59 50 WAIT_ACK 0 
b.1 2025-07-08 00:22:10.040 a 2025-07-08-00:22:06 060 010 092 0.1 0.7 3.1 18.9 44.0 732.7 0.00 0 0.0 27.8 24.1 24.4 3.626  -37.4   25.6    2.2  36    9.4   5 0 0 1 1 1 0 19.4 46.2 19.5 46.3 80.0 100 100 20 408 0 143 0 401 401 400 0 0 0 59 50 WAIT_ACK 0 
b.1 2025-07-08 00:23:08.960 a 2025-07-08-00:23:05 173 061 285 0.1 1.2 3.3 18.8 44.1 732.7 0.00 0 0.0 26.4 24.1 24.4 3.633  -35.1   25.6    2.2  36    9.4   5 0 0 1 1 2 0 19.4 46.3 19.5 46.3 80.0 100 100 20 408 0 143 0 401 401 399 0 0 0 59 50 WAIT_ACK 0 
b.1 2025-07-08 00:24:11.184 a 2025-07-08-00:24:07 223 057 247 0.2 1.9 4.9 18.8 44.3 732.7 0.00 0 0.0 26.0 24.1 24.4 3.626  -33.6   25.5    2.4  36    9.4   5 0 0 1 1 2 0 19.4 46.3 19.5 46.4 80.0 100 100 20 408 0 143 0 401 401 399 0 0 0 59 50 WAIT_ACK 0 
b.1 2025-07-08 00:25:11.720 a 2025-07-08-00:25:08 144 043 179 0.2 1.4 4.0 18.6 44.5 732.7 0.00 0 0.0 26.3 24.1 24.4 3.626  -31.9   25.4    2.3  36    9.3   5 0 0 1 1 2 0 19.4 46.3 19.5 46.5 80.0 100 100 20 408 0 143 0 401 401 400 0 0 0 59 50 WAIT_ACK 0 
b.1 2025-07-08 00:26:09.378 a 2025-07-08-00:26:06 121 060 178 0.0 1.0 3.1 18.5 45.0 732.7 0.00 0 0.0 27.1 24.1 24.4 3.633  -33.9   25.3    2.2  36    9.3   5 0 0 1 1 2 0 19.4 46.3 19.5 46.4 80.0 100 100 20 408 0 143 0 402 401 400 0 0 0 59 50 WAIT_ACK 0 
b.1 2025-07-08 00:27:08.203 a 2025-07-08-00:27:04 105 013 233 0.1 1.5 3.7 18.6 44.6 732.8 0.00 0 0.0 27.1 24.1 24.4 3.626  -32.3   25.3    2.3  36    9.3   0 0 0 1 1 2 0 19.4 46.3 19.5 46.4 80.0 100 100 20 408 0 143 0 401 401 400 0 0 0 59 50 WAIT_ACK 0 
b.1 2025-07-08 00:28:09.940 a 2025-07-08-00:28:06 158 346 194 0.1 0.6 2.9 18.5 44.8 732.8 0.00 0 0.0 27.9 24.1 24.4 3.627  -32.8   25.3    0.0  37    9.4   0 0 0 1 1 2 0 19.4 46.4 19.5 46.5 80.0 100 100 20 408 0 143 0 401 401 400 0 0 0 60 50 WAIT_ACK 0 
b.1 2025-07-08 00:29:10.003 a 2025-07-08-00:29:06 221 285 254 0.1 0.8 2.1 18.7 44.8 732.8 0.00 0 0.0 28.0 24.1 24.4 3.633  -35.5   25.3    0.0  36    9.4   5 0 0 1 1 2 0 19.4 46.4 19.5 46.5 80.0 100 99 20 408 0 143 0 401 401 400 0 0 0 60 50 WAIT_ACK 0 
b.1 2025-07-08 00:30:11.178 a 2025-07-08-00:30:07 103 018 268 0.1 1.3 4.0 18.9 44.2 732.8 0.00 0 0.0 27.7 24.1 24.4 3.627  -32.5   25.4    2.2  37    9.5   5 0 0 1 1 2 0 19.4 46.4 19.5 46.5 80.0 100 100 20 408 0 143 0 401 401 399 0 0 0 59 50 WAIT_ACK 0 
b.1 2025-07-08 00:31:09.964 a 2025-07-08-00:31:06 110 353 249 0.1 1.1 3.4 18.9 44.0 732.8 0.00 0 0.0 28.0 24.1 24.4 3.626  -34.2   25.5    0.0  36    9.5   5 0 0 1 1 2 0 19.4 46.3 19.5 46.4 80.0 100 100 20 408 0 143 0 400 401 399 0 0 0 59 50 WAIT_ACK 0 
b.1 2025-07-08 00:32:09.381 a 2025-07-08-00:32:06 124 033 293 0.1 1.9 4.1 18.8 44.2 732.8 0.00 0 0.0 27.8 24.1 24.4 3.629  -34.6   25.5    2.3  36    9.5   5 0 0 1 1 2 0 19.3 46.3 19.5 46.4 80.0 100 100 20 408 0 143 0 401 401 400 0 0 0 60 50 WAIT_ACK 0 
b.1 2025-07-08 00:33:10.801 a 2025-07-08-00:33:07 127 046 270 0.1 1.5 3.7 18.6 44.6 732.8 0.00 0 0.0 27.6 24.1 24.4 3.626  -32.9   25.5    2.3  36    9.4   5 0 0 1 1 2 0 19.4 46.3 19.5 46.4 80.0 100 100 20 408 0 143 0 401 401 400 0 0 0 59 50 WAIT_ACK 0 
b.1 2025-07-08 00:34:05.542 a 2025-07-08-00:34:02 270 087 309 0.1 0.8 2.3 18.4 45.1 732.7 0.00 0 0.0 27.9 24.1 24.5 3.626  -33.5   25.5    2.1  36    9.4   0 0 0 1 1 2 0 19.4 46.3 19.5 46.5 80.0 100 100 20 408 0 143 0 401 401 400 0 0 0 60 50 WAIT_ACK 0 
b.1 2025-07-08 00:35:12.726 a 2025-07-08-00:35:09 093 060 282 0.2 1.6 3.7 18.5 44.8 732.7 0.00 0 0.0 28.0 24.1 24.4 3.632  -35.2   25.5    2.3  36    9.5   5 0 0 1 1 2 0 19.4 46.3 19.4 46.5 80.0 100 100 20 408 0 143 0 401 401 400 0 0 0 59 50 WAIT_ACK 0 
b.1 2025-07-08 00:36:09.309 a 2025-07-08-00:36:05 218 080 316 0.1 1.4 3.6 18.5 45.2 732.7 0.00 0 0.0 27.8 24.1 24.4 3.626  -32.7   25.4    2.2  36    9.4   0 0 0 1 1 2 0 19.4 46.3 19.4 46.6 80.0 100 100 20 408 0 143 0 401 401 399 0 0 0 60 50 WAIT_ACK 0 
b.1 2025-07-08 00:37:06.542 a 2025-07-08-00:37:03 312 179 338 0.0 0.5 1.5 18.5 45.3 732.7 0.00 0 0.0 28.4 24.1 24.4 3.626  -31.8   25.4    0.0  36    9.5   0 0 0 1 1 2 0 19.3 46.4 19.4 46.6 80.0 100 100 20 408 0 143 0 401 402 399 0 0 0 59 50 WAIT_ACK 0 
b.1 2025-07-08 00:38:09.963 a 2025-07-08-00:38:06 040 327 055 0.1 0.9 4.4 18.8 44.6 732.7 0.00 0 0.0 28.5 24.1 24.4 3.626  -34.3   25.4    2.2  36    9.5   5 0 0 1 1 2 0 19.3 46.5 19.4 46.6 80.0 100 100 20 408 0 143 0 401 401 400 0 0 0 60 50 WAIT_ACK 0 
b.1 2025-07-08 00:39:09.265 a 2025-07-08-00:39:05 022 006 354 0.1 1.8 4.9 18.8 44.6 732.7 0.00 0 0.0 28.0 24.1 24.5 3.627  -34.8   25.6    2.3  36    9.6   5 0 0 1 1 2 0 19.3 46.6 19.4 46.8 80.0 100 100 20 408 0 143 0 401 401 399 0 0 0 59 50 WAIT_ACK 0 
b.1 2025-07-08 00:40:09.983 a 2025-07-08-00:40:06 073 063 090 0.0 0.7 2.5 18.8 44.7 732.7 0.00 0 0.0 28.1 24.1 24.4 3.626  -32.5   25.6    0.0  36    9.6   5 0 0 1 1 2 0 19.3 46.6 19.4 46.8 80.0 100 100 20 408 0 143 0 402 401 400 0 0 0 60 50 WAIT_ACK 0 
b.1 2025-07-08 00:41:09.045 a 2025-07-08-00:41:05 105 181 244 0.2 0.8 1.9 18.8 44.7 732.7 0.00 0 0.0 28.3 24.1 24.4 3.626  -33.9   25.7    0.0  36    9.6   5 0 0 1 1 2 0 19.3 46.6 19.4 46.8 80.0 100 100 20 408 0 143 0 401 401 399 0 0 0 60 50 WAIT_ACK 0 
b.1 2025-07-08 00:42:10.144 a 2025-07-08-00:42:06 108 338 133 0.1 0.8 2.4 18.9 44.5 732.8 0.00 0 0.0 28.6 24.1 24.4 3.626  -34.1   25.9    2.1  36    9.7   5 0 0 1 1 2 0 19.3 46.7 19.4 46.8 80.0 100 100 20 408 0 143 0 401 401 400 0 0 0 60 50 WAIT_ACK 0 
b.1 2025-07-08 00:43:09.703 a 2025-07-08-00:43:06 111 060 312 0.1 0.4 1.4 19.1 44.1 732.7 0.00 0 0.0 28.9 24.1 24.4 3.626  -33.0   26.0    0.0  36    9.8   5 0 0 1 1 2 0 19.3 46.7 19.4 46.8 80.0 100 100 20 408 0 143 0 401 401 400 0 0 0 60 50 WAIT_ACK 0 
b.1 2025-07-08 00:44:09.003 a 2025-07-08-00:44:05 116 003 149 0.1 0.9 2.5 19.2 43.8 732.7 0.00 0 0.0 29.1 24.1 24.5 3.627  -35.7   26.0    0.0  36    9.8   5 0 0 1 1 2 0 19.3 46.7 19.4 46.8 80.0 100 100 20 408 0 143 0 401 401 400 0 0 0 59 50 WAIT_ACK 0 
b.1 2025-07-08 00:45:12.147 a 2025-07-08-00:45:08 132 053 140 0.1 0.8 2.6 19.2 43.8 732.8 0.00 0 0.0 29.1 24.1 24.4 3.626  -34.9   26.0    0.0  36    9.7   5 0 0 1 1 2 0 19.3 46.7 19.4 46.9 80.0 100 100 20 408 0 143 0 401 401 400 0 0 0 60 50 WAIT_ACK 0 
b.1 2025-07-08 00:46:09.845 a 2025-07-08-00:46:06 198 149 240 0.1 0.8 2.7 19.2 44.0 732.7 0.00 0 0.0 29.1 24.1 24.5 3.626  -32.9   26.0    0.0  36    9.7   0 0 0 1 1 2 0 19.3 46.7 19.4 47.0 80.0 100 100 20 408 0 143 0 401 401 400 0 0 0 59 50 WAIT_ACK 0 
b.1 2025-07-08 00:47:10.107 a 2025-07-08-00:47:06 010 180 317 0.0 0.6 1.4 19.3 43.8 732.7 0.00 0 0.0 29.3 24.1 24.4 3.627  -34.6   26.0    2.2  36    9.7   5 0 0 1 1 2 0 19.3 46.8 19.4 47.0 80.0 100 100 20 408 0 143 0 401 401 400 0 0 0 59 50 WAIT_ACK 0 
b.1 2025-07-08 00:48:10.686 a 2025-07-08-00:48:07 273 152 290 0.1 0.8 2.7 19.4 43.6 732.7 0.00 0 0.0 29.1 24.1 24.4 3.633  -32.3   26.1    0.0  36    9.8   5 0 0 1 1 2 0 19.3 46.8 19.4 47.0 80.0 100 100 20 408 0 143 0 402 401 400 0 0 0 59 50 WAIT_ACK 0 
b.1 2025-07-08 00:49:10.592 a 2025-07-08-00:49:07 111 261 161 0.0 0.8 2.8 19.5 43.2 732.8 0.00 0 0.0 29.1 24.1 24.4 3.627  -33.6   26.2    2.2  36    9.8   5 0 0 1 1 2 0 19.3 46.8 19.4 47.0 80.0 100 100 20 408 0 143 0 400 401 399 0 0 0 60 50 WAIT_ACK 0 
b.1 2025-07-08 00:50:10.338 a 2025-07-08-00:50:06 098 000 148 0.0 0.9 2.2 19.5 43.0 732.8 0.00 0 0.0 29.1 24.1 24.4 3.626  -34.7   26.3    2.2  36    9.9   5 0 0 1 1 2 0 19.3 46.9 19.4 47.0 80.0 100 100 20 408 0 143 0 400 402 399 0 0 0 60 50 WAIT_ACK 0 
b.1 2025-07-08 00:51:11.250 a 2025-07-08-00:51:07 095 348 251 0.2 1.2 2.1 19.4 43.4 732.8 0.00 0 0.0 29.0 24.1 24.4 3.633  -33.2   26.4    2.1  36    9.9   5 0 0 1 1 2 0 19.3 46.9 19.4 46.9 80.0 100 100 20 408 0 143 0 401 401 399 0 0 0 60 50 WAIT_ACK 0 
b.1 2025-07-08 00:52:10.667 a 2025-07-08-00:52:07 125 004 164 0.2 1.2 3.3 19.4 43.4 732.8 0.00 0 0.0 28.9 24.1 24.4 3.626  -34.1   26.4    2.2  36    9.9   5 0 0 1 1 2 0 19.3 46.8 19.4 46.9 80.0 100 100 20 408 0 143 0 401 401 399 0 0 0 59 50 WAIT_ACK 0 
b.1 2025-07-08 00:53:10.828 a 2025-07-08-00:53:07 047 325 242 0.2 1.5 3.3 19.4 43.4 732.8 0.00 0 0.0 28.4 24.1 24.4 3.626  -33.9   26.5    2.2  35    9.9   5 0 0 1 1 2 0 19.3 46.8 19.5 46.8 80.0 100 100 20 408 0 143 0 401 401 400 0 0 0 59 50 WAIT_ACK 0 
b.1 2025-07-08 00:54:09.648 a 2025-07-08-00:54:06 064 356 244 0.2 1.4 4.0 19.3 43.4 732.7 0.00 0 0.0 28.0 24.1 24.4 3.626  -34.0   26.5    2.3  35    9.9   5 0 0 1 1 2 0 19.4 46.7 19.5 46.8 80.0 100 100 20 408 0 143 0 400 401 399 0 0 0 59 50 WAIT_ACK 0 
b.1 2025-07-08 00:55:11.332 a 2025-07-08-00:55:07 114 342 239 0.0 0.6 1.4 19.1 43.9 732.8 0.00 0 0.0 28.1 24.1 24.4 3.626  -34.5   26.5    0.0  35    9.9   5 0 0 1 1 2 0 19.4 46.6 19.5 46.7 80.0 100 100 20 408 0 143 0 401 401 400 0 0 0 60 50 WAIT_ACK 0 
b.1 2025-07-08 00:56:07.493 a 2025-07-08-00:56:04 115 001 237 0.1 1.3 4.6 19.1 43.8 732.8 0.00 0 0.0 27.9 24.1 24.5 3.626  -37.3   26.5    2.2  35    9.9   5 0 0 1 1 2 0 19.4 46.5 19.5 46.6 80.0 100 100 20 408 0 143 0 401 401 399 0 0 0 59 50 WAIT_ACK 0 
b.1 2025-07-08 00:57:09.711 a 2025-07-08-00:57:06 120 021 202 0.1 0.7 1.5 19.0 44.0 732.8 0.00 0 0.0 27.9 24.1 24.4 3.627  -34.1   26.5    0.0  35    9.9   5 0 0 1 1 2 0 19.4 46.4 19.6 46.6 80.0 100 100 20 408 0 143 0 401 401 400 0 0 0 59 50 WAIT_ACK 0 
b.1 2025-07-08 00:58:10.256 a 2025-07-08-00:58:06 104 015 287 0.1 1.4 4.6 19.0 44.0 732.8 0.00 0 0.0 27.7 24.1 24.4 3.626  -34.0   26.4    2.3  35    9.9   5 0 0 1 1 2 0 19.5 46.4 19.5 46.6 80.0 100 100 20 408 0 143 0 400 401 400 0 0 0 60 50 WAIT_ACK 0 
b.1 2025-07-08 00:59:11.036 a 2025-07-08-00:59:07 113 012 143 0.1 0.6 1.8 19.0 44.1 732.8 0.00 0 0.0 27.7 24.1 24.4 3.626  -32.7   26.4    0.0  35    9.8   5 0 0 1 1 2 0 19.4 46.4 19.5 46.7 80.0 100 100 20 408 0 143 0 401 401 399 0 0 0 59 50 WAIT_ACK 0 
b.1 2025-07-08 01:00:11.193 a 2025-07-08-01:00:07 098 077 137 0.0 0.9 4.7 19.0 44.2 732.8 0.00 0 0.0 27.9 24.1 24.5 3.627  -37.6   26.4    2.2  35    9.8   5 0 0 1 1 2 0 19.4 46.5 19.5 46.7 80.0 100 100 20 408 0 143 0 401 401 400 0 0 0 59 50 WAIT_ACK 0 
b.1 2025-07-08 01:01:09.970 a 2025-07-08-01:01:06 095 345 140 0.1 1.6 4.1 19.0 44.1 732.8 0.00 0 0.0 27.4 24.1 24.4 3.626  -35.3   26.3    2.3  35    9.8   5 0 0 1 1 2 0 19.4 46.5 19.5 46.8 80.0 100 100 20 408 0 143 0 401 401 399 0 0 0 60 50 WAIT_ACK 0 
b.1 2025-07-08 01:02:11.030 a 2025-07-08-01:02:07 203 042 260 0.1 0.8 2.2 18.9 44.2 732.7 0.00 0 0.0 27.3 24.1 24.4 3.624  -34.9   26.3    2.1  35    9.8   5 0 0 1 1 2 0 19.4 46.6 19.4 46.8 80.0 100 100 20 408 0 143 0 401 401 400 0 0 0 60 50 WAIT_ACK 0 
b.1 2025-07-08 01:03:10.911 a 2025-07-08-01:03:07 038 060 108 0.1 0.4 3.1 18.9 44.1 732.8 0.00 0 0.0 27.5 24.1 24.4 3.626  -34.8   26.3    0.0  35    9.8   5 0 0 1 1 2 0 19.3 46.7 19.4 46.9 80.0 100 100 20 408 0 143 0 401 401 399 0 0 0 60 50 WAIT_ACK 0 
b.1 2025-07-08 01:04:09.734 a 2025-07-08-01:04:06 280 029 304 0.1 0.7 2.5 19.1 43.9 732.8 0.00 0 0.0 27.6 24.1 24.4 3.632  -35.7   26.2    0.0  35    9.7   0 0 0 1 1 2 0 19.3 46.8 19.4 46.9 80.0 100 100 20 408 0 143 0 401 401 399 0 0 0 60 50 AUTO_PARK 0 
b.1 2025-07-08 01:05:11.713 a 2025-07-08-01:05:08 019 326 145 0.1 0.5 1.5 19.1 43.8 732.7 0.00 0 0.0 27.8 24.1 24.4 3.626  -34.9   26.0    0.0  36    9.6   5 0 0 1 1 2 0 19.3 46.8 19.4 47.0 80.0 100 100 20 408 0 143 0 400 402 399 0 0 0 60 50 AUTO_PARK 0 
b.1 2025-07-08 01:06:09.553 a 2025-07-08-01:06:06 046 283 131 0.0 0.7 2.2 19.2 43.7 732.8 0.00 0 0.0 27.9 24.1 24.4 3.626  -34.0   25.9    0.0  36    9.6   0 0 0 1 1 2 0 19.3 46.9 19.4 47.0 80.0 100 100 20 408 0 143 0 400 401 400 0 0 0 59 50 AUTO_PARK 0 
b.1 2025-07-08 01:07:09.540 a 2025-07-08-01:07:06 238 090 303 0.0 0.6 1.7 19.4 43.4 732.8 0.00 0 0.0 27.9 24.1 24.4 3.632  -33.7   25.8    0.0  36    9.6   5 0 0 1 1 2 0 19.3 46.9 19.4 47.1 80.0 100 100 20 408 0 143 0 401 401 400 0 0 0 59 50 AUTO_PARK 0 
b.1 2025-07-08 01:08:10.532 a 2025-07-08-01:08:07 238 287 311 0.0 0.7 2.6 19.5 43.4 732.8 0.00 0 0.0 27.9 24.1 24.4 3.626  -36.9   25.8    2.2  36    9.5   5 0 0 1 1 2 0 19.2 47.0 19.4 47.2 80.0 100 100 20 408 0 143 0 400 401 399 0 0 0 59 50 AUTO_PARK 0 
b.1 2025-07-08 01:09:09.638 a 2025-07-08-01:09:06 101 020 187 0.1 0.8 3.2 19.5 43.2 732.8 0.00 0 0.0 27.4 24.1 24.5 3.626  -34.4   25.8    0.0  36    9.6   5 0 0 1 1 2 0 19.2 47.0 19.3 47.2 80.0 100 100 20 408 0 143 0 401 402 400 0 0 0 60 50 AUTO_PARK 0 
b.1 2025-07-08 01:10:12.677 a 2025-07-08-01:10:09 064 096 295 0.0 0.5 2.2 19.5 43.2 732.8 0.00 0 0.0 27.4 24.1 24.4 3.627  -34.6   25.8    2.1  36    9.6   5 0 0 1 1 2 0 19.2 47.0 19.4 47.1 80.0 100 100 20 408 0 143 0 400 401 399 0 0 0 59 50 AUTO_PARK 0 
b.1 2025-07-08 01:11:11.634 a 2025-07-08-01:11:08 014 039 133 0.0 0.7 3.1 19.6 43.1 732.8 0.00 0 0.0 27.5 24.1 24.5 3.627  -34.9   25.7    0.0  36    9.6   5 0 0 1 1 2 0 19.3 46.9 19.4 47.1 80.0 100 100 20 408 0 143 0 402 401 400 0 0 0 60 50 AUTO_PARK 0 
b.1 2025-07-08 01:12:11.976 a 2025-07-08-01:12:08 077 223 332 0.1 0.7 2.5 19.6 43.1 732.8 0.00 0 0.0 27.4 24.1 24.4 3.626  -34.7   25.6    0.0  36    9.5   5 0 0 1 1 2 0 19.3 46.9 19.4 47.0 80.0 100 100 20 408 0 143 0 401 401 399 0 0 0 59 50 AUTO_PARK 0 
b.1 2025-07-08 01:13:08.516 a 2025-07-08-01:13:05 161 328 348 0.1 0.5 2.2 19.6 43.0 732.8 0.00 0 0.0 27.4 24.1 24.4 3.626  -35.0   25.5    0.0  36    9.5   5 0 0 1 1 2 0 19.3 46.9 19.4 47.0 80.0 100 100 20 408 0 143 0 401 401 400 0 0 0 60 50 AUTO_PARK 0 
b.1 2025-07-08 01:14:10.698 a 2025-07-08-01:14:07 137 275 184 0.1 0.8 2.4 19.6 43.0 732.8 0.00 0 0.0 27.1 24.1 24.4 3.626  -35.9   25.5    0.0  36    9.5   5 0 0 1 1 2 0 19.4 46.7 19.5 46.9 80.0 100 100 20 408 0 143 0 400 401 399 0 0 0 59 50 AUTO_PARK 0 
b.1 2025-07-08 01:15:11.595 a 2025-07-08-01:15:08 005 235 206 0.2 1.1 2.6 19.6 43.0 732.8 0.00 0 0.0 26.7 24.1 24.4 3.627  -36.7   25.5    2.1  36    9.5   5 0 0 1 1 2 0 19.4 46.6 19.5 46.8 80.0 100 100 20 408 0 143 0 401 402 399 0 0 0 60 50 AUTO_PARK 0 
b.1 2025-07-08 01:16:07.578 a 2025-07-08-01:16:04 006 191 246 0.1 0.7 2.6 19.6 43.2 732.8 0.00 0 0.0 26.5 24.1 24.4 3.624  -35.1   25.5    0.0  36    9.6   5 0 0 1 1 2 0 19.4 46.5 19.5 46.8 80.0 100 100 20 408 0 143 0 401 401 400 0 0 0 59 50 AUTO_PARK 0 
b.1 2025-07-08 01:17:06.880 a 2025-07-08-01:17:03 326 345 349 0.1 0.5 1.8 19.6 43.0 732.8 0.00 0 0.0 26.7 24.1 24.4 3.631  -36.6   25.5    0.0  36    9.5   5 0 0 1 1 2 0 19.5 46.5 19.5 46.6 80.0 100 100 20 408 0 143 0 401 401 400 0 0 0 59 50 AUTO_PARK 0 
b.1 2025-07-08 01:18:10.420 a 2025-07-08-01:18:06 239 231 312 0.1 0.7 2.6 19.6 43.0 732.8 0.00 0 0.0 26.4 24.1 24.4 3.626  -35.3   25.5    0.0  36    9.5   5 0 0 1 1 2 0 19.5 46.3 19.6 46.6 80.0 100 100 20 408 0 143 0 401 402 399 0 0 0 59 50 AUTO_PARK 0 
b.1 2025-07-08 01:19:09.936 a 2025-07-08-01:19:06 195 201 251 0.1 0.4 1.3 19.6 42.8 732.8 0.00 0 0.0 26.6 24.1 24.4 3.626  -34.7   25.5    0.0  37    9.6   0 0 0 1 1 2 0 19.5 46.2 19.6 46.4 80.0 100 100 20 408 0 143 0 400 402 399 0 0 0 59 50 AUTO_PARK 0 
b.1 2025-07-08 01:20:13.717 a 2025-07-08-01:20:10 094 338 207 0.0 0.5 2.9 19.8 42.5 732.8 0.00 0 0.0 26.8 24.1 24.4 3.626  -35.1   25.5    0.0  36    9.5   5 0 0 1 1 2 0 19.5 46.2 19.6 46.5 80.0 100 100 20 408 0 143 0 401 401 400 0 0 0 60 50 AUTO_PARK 0 
b.1 2025-07-08 01:21:09.677 a 2025-07-08-01:21:06 077 346 106 0.1 0.8 3.2 19.7 42.5 732.8 0.00 0 0.0 26.7 24.1 24.4 3.626  -36.9   25.4    2.2  37    9.5   5 0 0 1 1 2 0 19.5 46.1 19.6 46.4 80.0 100 100 20 408 0 143 0 401 401 399 0 0 0 59 50 AUTO_PARK 0 
b.1 2025-07-08 01:22:09.617 a 2025-07-08-01:22:06 093 268 233 0.1 0.7 2.3 19.6 42.9 732.8 0.00 0 0.0 26.6 24.1 24.4 3.633  -35.0   25.5    0.0  37    9.5   5 0 0 1 1 2 0 19.5 46.1 19.6 46.4 80.0 100 100 20 408 0 143 0 401 401 400 0 0 0 59 50 AUTO_PARK 0 
b.1 2025-07-08 01:23:07.920 a 2025-07-08-01:23:04 092 328 129 0.1 0.9 2.5 19.6 42.9 732.8 0.00 0 0.0 26.4 24.1 24.4 3.626  -35.1   25.5    2.1  36    9.5   5 0 0 1 1 2 0 19.6 46.0 19.6 46.3 80.0 100 100 20 408 0 143 0 401 401 399 0 0 0 59 50 AUTO_PARK 0 
b.1 2025-07-08 01:24:10.220 a 2025-07-08-01:24:06 100 005 221 0.1 0.8 2.6 19.5 43.0 732.8 0.00 0 0.0 26.3 24.1 24.4 3.626  -35.4   25.6    0.0  36    9.6   5 0 0 1 1 2 0 19.6 46.0 19.6 46.3 80.0 100 100 20 408 0 143 0 401 401 400 0 0 0 59 50 AUTO_PARK 0 
b.1 2025-07-08 01:25:11.799 a 2025-07-08-01:25:08 116 302 122 0.1 0.9 2.1 19.5 42.9 732.8 0.00 0 0.0 26.2 24.1 24.4 3.627  -35.2   25.6    2.2  36    9.6   5 0 0 1 1 2 0 19.6 45.9 19.6 46.3 80.0 100 100 20 408 0 143 0 401 401 400 0 0 0 60 50 AUTO_PARK 0 
b.1 2025-07-08 01:26:09.779 a 2025-07-08-01:26:06 073 344 112 0.1 0.8 1.9 19.5 43.0 732.8 0.00 0 0.0 25.9 24.1 24.4 3.627  -35.5   25.7    0.0  36    9.6   5 0 0 1 1 2 0 19.7 45.8 19.7 46.2 80.0 100 100 20 408 0 143 0 400 401 399 0 0 0 59 50 AUTO_PARK 0 
b.1 2025-07-08 01:27:10.740 a 2025-07-08-01:27:07 007 233 301 0.1 0.5 2.0 19.5 42.9 732.8 0.00 0 0.0 26.0 24.1 24.5 3.626  -35.5   25.8    0.0  36    9.7   5 0 0 1 1 2 0 19.7 45.7 19.7 45.6 80.0 100 99 20 408 0 143 0 400 401 399 0 0 0 60 50 AUTO_PARK 0 
b.1 2025-07-08 01:28:08.960 a 2025-07-08-01:28:05 262 182 277 0.1 0.4 1.0 19.5 42.3 732.8 0.00 0 0.0 26.2 24.1 24.4 3.627  -35.4   25.8    0.0  36    9.6   5 0 0 1 1 2 0 19.6 45.0 19.7 45.4 80.0 100 100 20 408 0 143 0 401 401 400 0 0 0 60 50 AUTO_PARK 0 
b.1 2025-07-08 01:29:08.947 a 2025-07-08-01:29:05 024 072 084 0.1 0.7 2.5 19.6 41.6 732.8 0.00 0 0.0 26.1 24.1 24.4 3.626  -36.2   25.8    2.2  36    9.5   5 0 0 1 1 2 0 19.6 44.4 19.6 44.9 80.0 100 100 20 408 0 143 0 401 402 399 0 0 0 59 50 AUTO_PARK 0 
b.1 2025-07-08 01:30:11.180 a 2025-07-08-01:30:07 302 207 345 0.1 0.6 2.1 19.6 41.0 732.8 0.00 0 0.0 26.0 24.1 24.4 3.626  -36.0   25.8    0.0  36    9.5   5 0 0 1 1 2 0 19.6 44.6 19.6 45.0 80.0 100 100 20 408 0 143 0 401 402 400 0 0 0 60 50 AUTO_PARK 0 
b.1 2025-07-08 01:31:10.779 a 2025-07-08-01:31:07 135 248 331 0.0 0.4 1.3 19.6 41.0 732.9 0.00 0 0.0 26.2 24.1 24.4 3.626  -36.6   25.8    0.0  36    9.5   5 0 0 1 1 2 0 19.5 44.5 19.5 44.9 80.0 100 100 20 408 0 143 0 401 401 400 0 0 0 59 50 AUTO_PARK 0 
b.1 2025-07-08 01:32:09.002 a 2025-07-08-01:32:05 104 290 355 0.0 0.7 1.9 19.6 40.9 732.8 0.00 0 0.0 26.0 24.1 24.4 3.627  -40.4   25.9    0.0  36    9.5   9 0 0 1 1 2 0 19.4 44.4 19.5 44.8 80.0 100 100 20 408 0 143 0 401 401 399 0 0 0 59 50 AUTO_PARK 0 
b.1 2025-07-08 01:33:11.365 a 2025-07-08-01:33:07 132 301 306 0.1 0.7 2.1 19.7 41.1 732.8 0.00 0 0.0 25.8 24.1 24.4 3.626  -36.1   25.9    0.0  35    9.5   6 0 0 1 1 2 0 19.4 44.4 19.5 44.7 80.0 100 100 20 408 0 143 0 402 401 400 0 0 0 59 50 AUTO_PARK 0 
b.1 2025-07-08 01:34:07.661 a 2025-07-08-01:34:04 017 200 346 0.1 0.7 2.1 19.7 40.6 732.8 0.00 0 0.0 25.7 24.1 24.4 3.626  -36.4   26.0    2.2  35    9.4   6 0 0 1 1 2 0 19.4 44.5 19.4 44.8 80.0 100 100 20 408 0 143 0 401 402 399 0 0 0 60 50 AUTO_PARK 0 
b.1 2025-07-08 01:35:12.279 a 2025-07-08-01:35:08 114 000 215 0.1 1.3 4.3 19.6 40.6 732.8 0.00 0 0.0 25.3 24.1 24.5 3.627  -37.9   26.0    2.2  35    9.3   6 0 0 1 1 2 0 19.3 44.5 19.4 44.7 80.0 100 100 20 408 0 143 0 401 401 400 0 0 0 59 50 AUTO_PARK 0 
b.1 2025-07-08 01:36:07.700 a 2025-07-08-01:36:04 170 033 192 0.1 1.1 4.1 19.3 41.0 732.8 0.00 0 0.0 24.9 24.1 24.4 3.633  -36.7   25.9    2.2  35    9.2   6 0 0 1 1 2 0 19.4 44.4 19.4 44.7 80.0 100 100 20 408 0 143 0 401 401 400 0 0 0 60 50 AUTO_PARK 0 
b.1 2025-07-08 01:37:09.880 a 2025-07-08-01:37:06 283 212 343 0.1 0.5 1.4 19.0 41.9 732.8 0.00 0 0.0 25.0 24.1 24.5 3.626  -37.1   25.8    2.2  35    9.1   6 0 0 1 1 2 0 19.3 44.3 19.4 44.7 80.0 100 100 20 408 0 143 0 401 401 400 0 0 0 60 50 AUTO_PARK 0 
b.1 2025-07-08 01:38:09.568 a 2025-07-08-01:38:06 017 191 133 0.0 0.4 1.4 19.0 41.7 732.8 0.00 0 0.0 25.1 24.1 24.4 3.626  -36.8   25.7    0.0  35    9.1   6 0 0 1 1 2 0 19.3 44.5 19.5 44.3 80.0 100 100 20 408 0 143 0 402 401 400 0 0 0 60 50 AUTO_PARK 0 
b.1 2025-07-08 01:39:10.565 a 2025-07-08-01:39:07 194 148 300 0.0 0.4 2.0 19.0 41.6 732.8 0.00 0 0.0 25.2 24.1 24.4 3.633  -40.5   25.6    0.0  35    9.1   5 0 0 1 1 2 0 19.4 44.0 19.4 44.3 80.0 100 100 20 408 0 143 0 401 402 399 0 0 0 59 50 AUTO_PARK 0 
b.1 2025-07-08 01:40:11.108 a 2025-07-08-01:40:07 001 347 336 0.1 0.9 3.1 19.1 41.1 732.8 0.00 0 0.0 24.9 24.1 24.4 3.626  -38.2   25.6    0.0  35    9.0   5 0 0 1 1 2 0 19.4 43.4 19.4 43.7 80.0 100 100 20 408 0 143 0 400 401 399 0 0 0 59 50 AUTO_PARK 0 
b.1 2025-07-08 01:41:11.605 a 2025-07-08-01:41:08 311 199 331 0.1 0.5 1.3 19.1 40.6 732.8 0.00 0 0.0 24.7 24.1 24.4 3.626  -36.9   25.5    2.1  35    8.9   5 0 0 1 1 2 0 19.3 42.4 19.4 42.4 80.0 100 100 20 408 0 143 0 401 401 399 0 0 0 59 50 AUTO_PARK 0 
b.1 2025-07-08 01:42:09.865 a 2025-07-08-01:42:06 234 184 327 0.0 0.7 2.9 19.1 40.6 732.8 0.00 0 0.0 24.7 24.1 24.4 3.626  -37.4   25.5    2.1  35    8.8   5 0 0 1 1 2 0 19.3 42.2 19.3 42.1 80.0 100 100 20 408 0 143 0 401 401 399 0 0 0 60 50 AUTO_PARK 0 
b.1 2025-07-08 01:43:10.466 a 2025-07-08-01:43:07 095 290 122 0.1 0.7 2.1 19.2 39.7 732.8 0.00 0 0.0 24.6 24.1 24.4 3.626  -38.6   25.5    2.1  35    8.8   5 0 0 1 1 2 0 19.3 41.8 19.3 41.8 80.0 100 100 20 408 0 143 0 401 401 400 0 0 0 59 50 AUTO_PARK 0 
b.1 2025-07-08 01:44:09.865 a 2025-07-08-01:44:06 129 131 154 0.1 0.8 3.2 19.2 37.4 732.8 0.00 0 0.0 24.4 24.1 24.5 3.626  -37.4   25.5    2.2  34    8.7   5 0 0 1 1 2 0 19.2 40.9 19.3 41.0 80.0 100 100 20 408 0 143 0 401 401 399 0 0 0 60 50 AUTO_PARK 0 
b.1 2025-07-08 01:45:11.528 a 2025-07-08-01:45:08 085 215 291 0.1 0.7 1.9 19.2 38.4 732.8 0.00 0 0.0 24.3 24.1 24.4 3.626  -37.3   25.6    2.2  34    8.7   6 0 0 1 1 2 0 19.2 40.4 19.2 40.7 80.0 100 100 20 408 0 143 0 401 401 400 0 0 0 59 50 AUTO_PARK 0 
b.1 2025-07-08 01:46:09.825 a 2025-07-08-01:46:06 183 188 000 0.1 0.6 2.2 19.2 37.7 732.8 0.00 0 0.0 24.1 24.1 24.4 3.627  -37.5   25.6    0.0  34    8.6   7 0 0 1 1 2 0 19.2 40.1 19.2 40.0 80.0 100 100 20 408 0 143 0 401 401 400 0 0 0 59 50 AUTO_PARK 0 
b.1 2025-07-08 01:47:10.325 a 2025-07-08-01:47:06 025 068 129 0.1 0.5 2.2 19.2 36.6 732.8 0.00 0 0.0 24.1 24.1 24.4 3.626  -38.9   25.6    0.0  34    8.4   7 0 0 1 1 2 0 19.1 39.2 19.2 39.5 80.0 100 100 20 408 0 143 0 402 401 400 0 0 0 59 50 AUTO_PARK 0 
b.1 2025-07-08 01:48:07.944 a 2025-07-08-01:48:04 073 056 102 0.0 1.1 4.0 19.1 35.3 732.8 0.00 0 0.0 23.9 24.1 24.4 3.626  -38.0   25.6    2.2  33    8.1   7 0 0 1 1 2 0 19.1 38.7 19.2 39.2 80.0 100 100 20 408 0 143 0 402 401 400 0 0 0 59 50 AUTO_PARK 0 
b.1 2025-07-08 01:49:09.367 a 2025-07-08-01:49:05 235 182 270 0.0 0.4 1.0 19.0 35.6 732.9 0.00 0 0.0 24.1 24.1 24.4 3.627  -37.5   25.5    0.0  33    8.0   7 0 0 1 1 2 0 19.1 38.4 19.1 38.5 80.0 100 100 20 408 0 143 0 401 401 400 0 0 0 59 50 AUTO_PARK 0 
b.1 2025-07-08 01:50:10.509 a 2025-07-08-01:50:07 026 002 114 0.1 1.6 3.8 18.9 36.1 732.9 0.00 0 0.0 23.6 24.1 24.4 3.626  -39.3   25.5    2.3  32    7.8   7 0 0 1 1 2 0 19.1 37.9 19.1 38.3 80.0 100 100 20 408 0 143 0 401 401 400 0 0 0 59 50 AUTO_PARK 0 
b.1 2025-07-08 01:51:09.007 a 2025-07-08-01:51:05 226 147 308 0.1 0.5 1.9 18.7 35.1 732.9 0.00 0 0.0 23.5 24.1 24.4 3.626  -37.2   25.4    0.0  32    7.7   7 0 0 1 1 2 0 19.1 37.6 19.1 37.9 80.0 100 100 20 408 0 143 0 401 401 399 0 0 0 59 50 AUTO_PARK 0 
b.1 2025-07-08 01:52:10.164 a 2025-07-08-01:52:06 230 194 253 0.0 0.7 1.9 18.7 35.3 732.9 0.00 0 0.0 23.5 24.1 24.4 3.633  -38.3   25.4    2.1  33    7.8   5 0 0 1 1 2 0 19.0 37.4 19.1 37.6 80.0 100 100 20 408 0 143 0 401 401 400 0 0 0 60 50 AUTO_PARK 0 
b.1 2025-07-08 01:53:10.325 a 2025-07-08-01:53:06 281 218 287 0.1 0.8 2.8 18.7 36.3 732.9 0.00 0 0.0 23.3 24.1 24.4 3.626  -39.0   25.4    0.0  32    7.6   5 0 0 1 1 2 0 19.0 36.9 19.1 37.4 80.0 100 100 20 408 0 143 0 400 401 400 0 0 0 59 50 AUTO_PARK 0 
b.1 2025-07-08 01:54:09.424 a 2025-07-08-01:54:05 090 270 133 0.1 0.7 1.7 18.8 35.1 732.9 0.00 0 0.0 23.2 24.1 24.4 3.633  -38.0   25.4    0.0  32    7.7   5 0 0 1 1 2 0 19.0 36.5 19.0 36.8 80.0 100 100 20 408 0 143 0 401 401 400 0 0 0 59 50 AUTO_PARK 0 
b.1 2025-07-08 01:55:12.568 a 2025-07-08-01:55:09 162 115 275 0.1 0.6 2.5 18.8 33.7 732.9 0.00 0 0.0 23.1 24.1 24.4 3.633  -38.3   25.4    0.0  32    7.4   6 0 0 1 1 2 0 19.0 35.9 19.0 36.4 80.0 100 100 20 408 0 143 0 401 401 400 0 0 0 59 50 AUTO_PARK 0 
b.1 2025-07-08 01:56:08.825 a 2025-07-08-01:56:05 051 226 129 0.1 0.8 2.3 18.8 33.7 732.9 0.00 0 0.0 22.9 24.1 24.4 3.627  -37.8   25.4    2.1  32    7.4   9 0 0 1 1 2 0 19.0 35.7 19.0 36.1 80.0 100 100 20 408 0 143 0 400 402 399 0 0 0 60 50 AUTO_PARK 0 
b.1 2025-07-08 01:57:10.128 a 2025-07-08-01:57:06 234 155 309 0.1 0.8 2.3 18.8 34.7 732.9 0.00 0 0.0 22.7 24.1 24.4 3.626  -39.8   25.4    0.0  31    7.2   6 0 0 1 1 2 0 19.0 35.3 19.0 35.4 80.0 100 100 20 408 0 143 0 401 401 399 0 0 0 60 50 AUTO_PARK 0 
b.1 2025-07-08 01:58:09.052 a 2025-07-08-01:58:05 122 033 216 0.1 0.8 2.8 18.7 32.8 732.9 0.00 0 0.0 22.6 24.1 24.4 3.624  -42.3   25.3    2.2  31    7.0   8 0 0 1 1 2 0 18.9 35.1 19.0 35.3 80.0 100 100 20 408 0 143 0 401 401 400 0 0 0 59 50 AUTO_PARK 0 
b.1 2025-07-08 01:59:11.148 a 2025-07-08-01:59:07 151 143 270 0.0 0.4 1.3 18.6 32.8 732.9 0.00 0 0.0 22.6 24.1 24.4 3.627  -37.9   25.2    0.0  31    6.8   8 0 0 1 1 2 0 18.9 34.9 19.0 35.1 80.0 100 100 20 408 0 143 0 401 401 400 0 0 0 60 50 AUTO_PARK 0 
b.1 2025-07-08 02:00:12.289 a 2025-07-08-02:00:08 145 358 234 0.1 0.9 2.7 18.5 33.7 732.9 0.00 0 0.0 22.5 24.1 24.5 3.626  -41.4   25.1    2.2  31    6.8   5 0 0 1 1 2 0 18.9 34.6 18.9 34.8 80.0 100 100 20 408 0 143 0 401 401 400 0 0 0 59 50 AUTO_PARK 0 
b.1 2025-07-08 02:01:09.670 a 2025-07-08-02:01:06 117 333 170 0.1 1.1 4.1 18.5 32.6 732.9 0.00 0 0.0 22.3 24.1 24.4 3.626  -38.2   25.1    2.2  31    6.6   5 0 0 1 1 2 0 18.9 34.4 18.9 34.5 80.0 100 100 20 408 0 143 0 401 401 399 0 0 0 60 50 AUTO_PARK 0 
b.1 2025-07-08 02:02:10.730 a 2025-07-08-02:02:07 153 106 304 0.1 0.7 2.6 18.3 32.9 732.9 0.00 0 0.0 22.1 24.1 24.4 3.627  -37.9   25.0    0.0  31    6.6   5 0 0 1 1 2 0 18.9 34.2 19.0 34.2 80.0 100 100 20 408 0 143 0 400 402 399 0 0 0 60 50 AUTO_PARK 0 
b.1 2025-07-08 02:03:11.872 a 2025-07-08-02:03:08 004 151 334 0.1 0.6 1.4 18.2 33.7 732.9 0.00 0 0.0 22.1 24.1 24.4 3.627  -38.0   24.9    0.0  31    6.5   5 0 0 1 1 2 0 18.8 34.0 19.0 33.9 80.0 100 100 20 408 0 143 0 401 401 400 0 0 0 60 50 AUTO_PARK 0 
b.1 2025-07-08 02:04:09.710 a 2025-07-08-02:04:06 269 148 355 0.1 0.8 2.8 18.2 32.4 732.9 0.00 0 0.0 22.0 24.1 24.5 3.627  -40.4   24.9    2.2  30    6.3   7 0 0 1 1 2 0 18.8 33.6 18.9 33.8 80.0 100 100 20 408 0 143 0 401 401 399 0 0 0 59 50 AUTO_PARK 0 
b.1 2025-07-08 02:05:11.586 a 2025-07-08-02:05:08 098 043 109 0.0 1.0 3.0 18.2 31.7 732.9 0.00 0 0.0 21.7 24.1 24.4 3.626  -37.7   24.8    0.0  30    6.2   7 0 0 1 1 2 0 18.8 33.4 18.9 33.5 80.0 100 100 20 408 0 143 0 401 402 399 0 0 0 59 50 AUTO_PARK 0 
b.1 2025-07-08 02:06:11.670 a 2025-07-08-02:06:08 143 034 314 0.1 1.6 4.9 18.1 32.5 732.9 0.00 0 0.0 21.5 24.1 24.4 3.627  -40.3   24.8    2.3  30    6.1   7 0 0 1 1 2 0 18.8 33.3 18.9 33.3 80.0 100 100 20 408 0 143 0 400 401 400 0 0 0 59 50 AUTO_PARK 0 
b.1 2025-07-08 02:07:09.292 a 2025-07-08-02:07:05 097 043 116 0.1 0.9 2.7 17.9 33.8 732.9 0.00 0 0.0 21.3 24.1 24.4 3.626  -38.9   24.7    2.2  30    6.1   7 0 0 1 1 2 0 18.8 33.2 18.9 33.3 80.0 100 100 20 408 0 143 0 401 401 399 0 0 0 60 50 AUTO_PARK 0 
b.1 2025-07-08 02:08:10.947 a 2025-07-08-02:08:07 127 247 201 0.0 0.8 3.7 17.9 32.5 732.9 0.00 0 0.0 21.2 24.1 24.4 3.627  -39.9   24.6    0.0  30    5.8   7 0 0 1 1 2 0 18.8 33.2 18.9 33.2 80.0 100 100 20 408 0 143 0 402 401 400 0 0 0 59 50 AUTO_PARK 0 
b.1 2025-07-08 02:09:10.371 a 2025-07-08-02:09:06 291 057 349 0.1 0.5 2.3 17.8 33.3 732.9 0.00 0 0.0 21.2 24.1 24.4 3.627  -38.0   24.5    0.0  30    5.7   7 0 0 1 1 2 0 18.8 33.1 18.9 33.2 80.0 100 100 20 408 0 143 0 402 401 400 0 0 0 59 50 AUTO_PARK 0 
b.1 2025-07-08 02:10:12.772 a 2025-07-08-02:10:09 155 084 243 0.1 1.0 3.4 17.8 32.8 732.9 0.00 0 0.0 21.1 24.1 24.5 3.627  -39.4   24.4    2.2  30    5.5   7 0 0 1 1 2 0 18.7 33.1 18.9 33.2 80.0 100 100 20 408 0 143 0 402 401 400 0 0 0 60 50 AUTO_PARK 0 
b.1 2025-07-08 02:11:08.950 a 2025-07-08-02:11:05 131 095 225 0.1 1.1 3.4 17.8 32.7 732.9 0.00 0 0.0 20.9 24.1 24.4 3.633  -37.4   24.3    2.2  30    5.6   7 0 0 1 1 2 0 18.7 33.1 18.9 33.1 80.0 100 100 20 408 0 143 0 401 401 399 0 0 0 60 50 AUTO_PARK 0 
b.1 2025-07-08 02:12:08.375 a 2025-07-08-02:12:04 052 169 354 0.1 0.6 1.8 17.7 33.9 732.9 0.00 0 0.0 20.9 24.1 24.4 3.626  -39.8   24.2    0.0  30    5.6   5 0 0 1 1 2 0 18.7 33.0 18.9 33.0 80.0 100 100 20 408 0 143 0 402 401 399 0 0 0 60 50 AUTO_PARK 0 
b.1 2025-07-08 02:13:11.891 a 2025-07-08-02:13:08 063 179 335 0.0 0.4 1.5 17.7 32.9 732.9 0.00 0 0.0 20.9 24.1 24.4 3.627  -36.9   24.1    0.0  30    5.6   5 0 0 1 1 2 0 18.7 33.0 18.8 33.0 80.0 100 100 20 408 0 143 0 401 402 399 0 0 0 60 50 AUTO_PARK 0 
b.1 2025-07-08 02:14:08.354 a 2025-07-08-02:14:04 270 132 297 0.0 0.5 1.9 17.7 32.6 732.9 0.00 0 0.0 20.9 24.1 24.5 3.626  -37.7   24.1    2.2  30    5.6   5 0 0 1 1 2 0 18.7 32.9 18.8 33.0 80.0 100 100 20 408 0 143 0 401 401 400 0 0 0 60 50 AUTO_PARK 0 
b.1 2025-07-08 02:15:12.996 a 2025-07-08-02:15:09 057 185 329 0.1 0.5 1.6 17.8 32.8 732.9 0.00 0 0.0 20.8 24.1 24.4 3.627  -37.3   24.1    0.0  30    5.6   5 0 0 1 1 2 0 18.7 33.0 18.8 33.0 80.0 100 100 20 408 0 143 0 401 401 400 0 0 0 59 50 AUTO_PARK 0 
b.1 2025-07-08 02:16:06.312 a 2025-07-08-02:16:02 187 129 270 0.1 0.4 1.4 17.9 32.8 732.9 0.00 0 0.0 20.7 24.1 24.4 3.627  -36.9   24.1    0.0  30    5.5   5 0 0 1 1 2 0 18.7 33.0 18.8 33.1 80.0 100 100 20 408 0 143 0 402 401 400 0 0 0 60 50 AUTO 0 
b.1 2025-07-08 02:17:06.112 a 2025-07-08-02:17:02 023 232 048 0.0 0.3 1.4 17.9 32.9 732.9 0.00 0 0.0 20.8 24.1 24.4 3.627  -37.2   24.1    0.0  30    5.6   5 0 0 1 1 2 0 18.7 33.1 18.8 33.1 80.0 100 100 20 408 0 143 0 401 401 400 0 0 0 59 50 AUTO 0 
b.1 2025-07-08 02:18:10.092 a 2025-07-08-02:18:06 265 349 310 0.1 0.6 1.8 18.0 32.6 732.9 0.00 0 0.0 20.7 24.1 24.5 3.627  -37.0   24.1    0.0  30    5.6   5 0 0 1 1 2 0 18.7 33.1 18.8 33.1 80.0 100 100 20 408 0 143 0 401 401 399 0 0 0 59 50 AUTO 0 
b.1 2025-07-08 02:19:05.753 a 2025-07-08-02:19:02 024 054 330 0.0 0.7 1.9 17.9 32.6 732.9 0.00 0 0.0 20.6 24.1 24.5 3.627  -37.3   24.1    0.0  30    5.5   6 0 0 1 1 2 0 18.6 33.1 18.8 33.1 80.0 100 100 20 408 0 143 0 401 402 399 0 0 0 59 50 AUTO 0 
b.1 2025-07-08 02:20:12.755 a 2025-07-08-02:20:09 071 193 342 0.1 0.5 1.7 17.9 33.1 732.9 0.00 0 0.0 20.4 24.1 24.4 3.626  -37.4   24.1    0.0  30    5.5   6 0 0 1 1 2 0 18.7 33.1 18.8 33.1 80.0 100 100 20 408 0 143 0 401 401 400 0 0 0 60 50 AUTO 0 
b.1 2025-07-08 02:21:10.552 a 2025-07-08-02:21:07 223 191 287 0.0 0.2 0.6 17.9 32.9 732.9 0.00 0 0.0 20.4 24.1 24.4 3.626  -37.5   24.0    0.0  30    5.4   6 0 0 1 1 2 0 18.6 33.3 18.8 33.2 80.0 100 100 20 408 0 143 0 401 401 399 0 0 0 59 50 AUTO 0 
b.1 2025-07-08 02:22:09.933 a 2025-07-08-02:22:06 105 030 253 0.0 1.0 3.1 17.9 32.7 732.9 0.00 0 0.0 20.3 24.1 24.5 3.626  -38.8   24.0    2.3  30    5.4   6 0 0 1 1 2 0 18.6 33.3 18.8 33.3 80.0 100 100 20 408 0 143 0 400 402 399 0 0 0 59 50 AUTO 0 
b.1 2025-07-08 02:23:11.032 a 2025-07-08-02:23:07 122 066 295 0.1 0.9 2.4 17.8 33.1 732.9 0.00 0 0.0 20.0 24.1 24.4 3.627  -38.0   23.9    2.2  30    5.3   6 0 0 1 1 2 0 18.6 33.4 18.8 33.4 80.0 100 100 20 408 0 143 0 401 401 400 0 0 0 59 50 AUTO 0 
b.1 2025-07-08 02:24:09.473 a 2025-07-08-02:24:05 040 059 284 0.1 0.6 2.6 17.6 33.5 732.9 0.00 0 0.0 19.8 24.1 24.4 3.628  -38.3   23.9    0.0  30    5.2   6 0 0 1 1 2 0 18.6 33.5 18.8 33.5 80.0 100 100 20 408 0 143 0 401 401 400 0 0 0 60 50 AUTO 0 
b.1 2025-07-08 02:25:11.496 a 2025-07-08-02:25:07 140 023 270 0.1 1.1 2.7 17.4 33.8 732.9 0.00 0 0.0 19.6 24.1 24.4 3.627  -38.7   23.8    2.2  30    5.2   7 0 0 1 1 2 0 18.6 33.5 18.8 33.5 80.0 100 100 20 408 0 143 0 401 401 399 0 0 0 59 50 AUTO 0 
b.1 2025-07-08 02:26:09.854 a 2025-07-08-02:26:06 128 020 226 0.1 1.3 3.7 17.3 34.1 732.9 0.00 0 0.0 19.3 24.1 24.4 3.633  -38.3   23.8    2.2  30    5.1   8 0 0 1 1 2 0 18.6 33.6 18.8 33.5 80.0 100 100 20 408 0 143 0 401 402 399 0 0 0 60 50 AUTO 0 
b.1 2025-07-08 02:27:10.395 a 2025-07-08-02:27:06 278 074 294 0.1 0.8 2.2 17.3 34.1 732.9 0.00 0 0.0 19.1 24.1 24.4 3.633  -37.7   23.7    2.1  30    5.1   8 0 0 1 1 2 0 18.6 33.6 19.1 33.2 80.0 100 100 20 408 0 143 0 401 402 399 0 0 0 60 50 AUTO 0 
b.1 2025-07-08 02:28:09.875 a 2025-07-08-02:28:06 148 102 299 0.1 1.3 3.5 17.1 34.5 732.9 0.00 0 0.0 18.9 24.1 24.4 3.626  -40.2   23.6    2.3  30    5.0   8 0 0 1 1 2 0 18.5 33.7 19.3 32.8 80.0 100 100 20 408 0 143 0 401 401 399 0 0 0 60 50 AUTO 0 
b.1 2025-07-08 02:29:11.157 a 2025-07-08-02:29:07 126 058 203 0.1 1.1 4.0 17.0 34.7 732.9 0.00 0 0.0 18.8 24.1 24.4 3.626  -38.5   23.5    2.3  30    5.0   8 0 0 1 1 2 0 18.5 33.8 19.3 32.7 80.0 100 100 20 408 0 143 0 401 401 399 0 0 0 59 50 AUTO 0 
b.1 2025-07-08 02:30:10.678 a 2025-07-08-02:30:07 101 037 296 0.3 2.1 4.0 17.0 35.0 732.9 0.00 0 0.0 18.5 24.1 24.4 3.633  -40.0   23.3    2.6  30    4.9   8 0 0 1 1 2 0 18.5 33.8 19.1 32.9 80.0 100 100 20 408 0 143 0 401 402 399 0 0 0 59 50 AUTO 0 
b.1 2025-07-08 02:31:10.595 a 2025-07-08-02:31:07 040 032 226 0.2 1.9 3.9 16.8 35.4 732.9 0.00 0 0.0 18.2 24.1 24.4 3.627  -38.0   23.2    2.7  30    4.8   8 0 0 1 1 1 0 18.5 34.0 19.0 33.2 80.0 100 100 20 408 0 34 2 400 401 400 0 0 3 60 50 AUTO 0 
b.1 2025-07-08 02:32:09.776 a 2025-07-08-02:32:06 125 021 296 0.1 1.1 3.5 16.6 36.0 732.9 0.00 0 0.0 18.0 24.1 24.4 3.627  -38.8   23.0    2.4  30    4.7   8 0 0 1 1 1 0 18.5 34.4 18.9 33.7 80.0 100 100 20 408 0 141 2 402 401 400 0 0 3 59 50 AUTO 0 
b.1 2025-07-08 02:33:08.545 a 2025-07-08-02:33:05 189 055 206 0.0 0.4 1.6 16.5 36.3 732.9 0.00 0 0.0 18.0 24.1 24.4 3.627  -36.7   22.9    0.0  31    4.7   0 0 0 1 1 1 0 18.4 34.8 18.6 34.5 80.0 100 100 20 408 0 117 5 401 402 400 2 2 2 60 50 AUTO 0 
b.1 2025-07-08 02:34:06.242 a 2025-07-08-02:34:02 126 107 297 0.0 0.8 1.8 16.5 36.8 732.9 0.00 0 0.0 17.9 24.1 24.5 3.626  -37.1   22.8    0.0  31    4.8   5 0 0 1 1 1 0 18.3 35.3 18.5 35.2 80.0 100 100 20 408 0 143 0 402 401 400 0 0 0 59 50 AUTO 0 
b.1 2025-07-08 02:35:09.857 a 2025-07-08-02:35:06 118 041 280 0.1 1.4 4.2 16.5 36.7 732.9 0.00 0 0.0 17.8 24.1 24.5 3.628  -39.6   22.7    2.3  31    4.8  10 0 0 1 1 1 0 18.2 36.4 18.4 36.3 80.0 100 100 20 408 0 143 0 401 401 399 0 0 0 60 50 AUTO 0 
b.1 2025-07-08 02:36:08.578 a 2025-07-08-02:36:05 051 038 093 0.0 0.8 3.2 16.5 38.0 732.9 0.00 0 0.0 17.6 24.1 24.4 3.627  -36.6   22.7    2.2  31    4.8   7 0 0 1 1 1 0 18.1 36.8 18.2 36.8 80.0 100 100 20 408 0 143 0 402 401 400 0 0 0 59 50 AUTO 0 
b.1 2025-07-08 02:37:08.720 a 2025-07-08-02:37:05 220 057 224 0.0 1.0 2.7 16.4 38.4 732.9 0.00 0 0.0 17.5 24.1 24.4 3.627  -36.2   22.6    2.2  31    4.8   7 0 0 1 1 1 0 18.0 37.3 18.2 37.2 80.0 100 100 20 408 0 143 0 401 402 400 0 0 0 59 50 AUTO 0 
b.1 2025-07-08 02:38:11.677 a 2025-07-08-02:38:08 232 039 259 0.1 1.3 3.2 16.3 38.7 732.9 0.00 0 0.0 17.3 24.1 24.5 3.627  -38.4   22.5    2.2  32    4.9   7 0 0 1 1 1 0 17.9 37.7 18.0 37.6 80.0 100 100 20 408 0 143 0 401 401 400 0 0 0 59 50 AUTO 0 
b.1 2025-07-08 02:39:09.944 a 2025-07-08-02:39:06 148 050 217 0.0 0.7 2.2 16.3 39.0 732.8 0.00 0 0.0 17.2 24.1 24.4 3.628  -38.2   22.4    0.0  32    4.8   7 0 0 1 1 1 0 17.9 37.8 18.0 37.8 80.0 100 100 20 408 0 143 0 401 401 400 0 0 0 60 50 AUTO 0 
b.1 2025-07-08 02:40:12.759 a 2025-07-08-02:40:09 189 064 225 0.0 1.0 2.9 16.2 39.2 732.9 0.00 0 0.0 17.1 24.1 24.4 3.627  -38.4   22.3    2.2  32    4.8   7 0 0 1 1 1 0 17.8 38.2 17.9 38.2 80.0 100 100 20 408 0 143 0 401 402 400 0 0 0 59 50 AUTO 0 
b.1 2025-07-08 02:41:08.099 a 2025-07-08-02:41:04 086 057 235 0.1 1.1 3.2 16.2 39.8 732.9 0.00 0 0.0 17.0 24.1 24.4 3.627  -36.5   22.2    2.2  32    4.9   7 0 0 1 1 1 0 17.8 38.6 17.9 38.7 80.0 100 100 20 408 0 143 0 402 401 400 0 0 0 60 50 AUTO 0 
b.1 2025-07-08 02:42:11.280 a 2025-07-08-02:42:07 172 048 244 0.0 0.8 2.4 16.1 39.7 732.9 0.00 0 0.0 16.8 24.1 24.4 3.628  -36.0   22.1    0.0  32    4.8   7 0 0 1 1 1 0 17.7 38.8 17.8 38.9 80.0 100 100 20 408 0 143 0 402 401 400 0 0 0 60 50 AUTO 0 
b.1 2025-07-08 02:43:09.684 a 2025-07-08-02:43:06 121 033 259 0.2 1.9 4.2 16.1 40.2 732.9 0.00 0 0.0 16.7 24.1 24.4 3.628  -38.9   22.0    2.3  33    4.8  11 0 0 1 1 1 0 17.7 38.8 17.7 39.0 80.0 100 100 20 408 0 143 0 402 401 400 0 0 0 59 50 AUTO 0 
b.1 2025-07-08 02:44:10.701 a 2025-07-08-02:44:07 149 025 235 0.2 1.9 4.2 16.0 40.1 732.9 0.00 0 0.0 16.5 24.1 24.4 3.627  -38.3   21.8    2.5  33    4.8   8 0 0 1 1 1 0 17.6 38.7 17.6 38.9 80.0 100 100 20 408 0 143 0 401 401 400 0 0 0 60 50 AUTO 0 
b.1 2025-07-08 02:45:11.940 a 2025-07-08-02:45:08 085 023 228 0.1 1.7 4.0 15.9 40.3 732.9 0.00 0 0.0 16.4 24.1 24.4 3.627  -38.8   21.7    2.6  33    4.8   8 0 0 1 1 1 0 17.6 38.8 17.6 39.0 80.0 100 100 20 408 0 143 0 401 401 400 0 0 0 60 50 AUTO 0 
b.1 2025-07-08 02:46:10.301 a 2025-07-08-02:46:06 234 357 293 0.1 1.7 4.0 15.8 40.4 732.9 0.00 0 0.0 16.3 24.1 24.4 3.637  -38.3   21.6    2.6  33    4.7   8 0 0 1 1 1 0 17.5 38.9 17.5 39.2 80.0 100 99 20 408 0 143 0 401 401 400 0 0 0 59 50 AUTO 0 
b.1 2025-07-08 02:47:08.003 a 2025-07-08-02:47:04 067 008 251 0.1 1.8 4.1 15.7 40.7 732.9 0.00 0 0.0 16.2 24.1 24.5 3.626  -38.4   21.5    2.7  33    4.7   8 0 0 1 1 1 0 17.4 38.9 17.4 39.3 80.0 100 100 20 408 0 143 0 401 401 400 0 0 0 59 50 AUTO 0 
b.1 2025-07-08 02:48:10.920 a 2025-07-08-02:48:07 101 029 257 0.3 2.0 4.3 15.6 40.3 732.9 0.00 0 0.0 16.0 24.1 24.5 3.626  -37.3   21.3    3.0  33    4.6   8 0 0 1 1 1 0 17.3 38.9 17.3 39.2 80.0 100 100 20 408 0 143 0 401 401 400 0 0 0 60 50 AUTO 0 
b.1 2025-07-08 02:49:09.921 a 2025-07-08-02:49:06 125 060 289 0.1 1.3 2.8 15.6 40.3 732.8 0.00 0 0.0 15.9 24.1 24.4 3.631  -35.7   21.2    2.7  34    4.6   8 0 0 1 1 1 0 17.3 38.8 17.3 39.1 80.0 100 100 20 408 0 143 0 401 401 400 0 0 0 60 50 AUTO 0 
b.1 2025-07-08 02:50:11.543 a 2025-07-08-02:50:08 139 045 337 0.3 1.7 3.5 15.6 40.3 732.8 0.00 0 0.0 15.8 24.1 24.4 3.627  -37.3   21.1    2.7  34    4.5   8 0 0 1 1 1 0 17.3 38.5 17.3 38.8 80.0 100 100 20 408 0 143 0 401 401 400 0 0 0 60 50 AUTO 0 
b.1 2025-07-08 02:51:09.900 a 2025-07-08-02:51:06 102 029 291 0.3 3.2 4.4 15.5 40.1 732.8 0.00 0 0.0 15.8 24.1 24.4 3.628  -37.3   21.0    3.7  34    4.4   8 0 0 1 1 1 0 17.2 38.3 17.2 38.6 80.0 100 100 20 408 0 143 0 401 402 400 0 0 0 59 50 AUTO 0 
b.1 2025-07-08 02:52:09.980 a 2025-07-08-02:52:06 127 050 272 0.1 1.6 3.9 15.4 40.2 732.8 0.00 0 0.0 15.8 24.1 24.4 3.626  -36.1   20.8    3.0  34    4.4   8 0 0 1 1 1 0 17.1 38.4 17.1 38.7 80.0 100 100 20 408 0 143 0 401 401 400 0 0 0 59 50 AUTO 0 
b.1 2025-07-08 02:53:08.723 a 2025-07-08-02:53:05 274 084 318 0.0 1.3 3.8 15.4 40.5 732.9 0.00 0 0.0 15.6 24.1 24.5 3.628  -34.8   20.7    2.6  34    4.3   8 0 0 1 1 1 0 17.1 38.4 17.1 38.8 80.0 100 100 20 408 0 143 0 402 401 400 0 0 0 60 50 AUTO 0 
b.1 2025-07-08 02:54:09.782 a 2025-07-08-02:54:06 129 074 255 0.0 1.0 3.0 15.4 39.8 732.9 0.00 0 0.0 15.6 24.1 24.4 3.628  -35.6   20.6    2.4  34    4.2   5 0 0 1 1 1 0 17.1 38.0 17.1 38.5 80.0 100 100 20 408 0 143 0 401 401 400 0 0 0 60 50 AUTO 0 
b.1 2025-07-08 02:55:11.065 a 2025-07-08-02:55:07 071 037 090 0.1 0.8 2.6 15.4 40.5 732.9 0.00 0 0.0 15.5 24.1 24.4 3.627  -34.4   20.5    2.2  34    4.2   5 0 0 1 1 1 0 17.2 38.0 17.1 38.4 80.0 100 100 20 408 0 143 0 401 401 400 0 0 0 59 50 AUTO 0 
b.1 2025-07-08 02:56:11.905 a 2025-07-08-02:56:08 208 114 326 0.0 0.4 1.6 15.4 40.2 732.9 0.00 0 0.0 15.4 24.1 24.4 3.628  -34.6   20.4    0.0  34    4.1   6 0 0 1 1 1 0 17.2 37.9 17.1 38.3 80.0 100 100 20 408 0 143 0 401 401 400 0 0 0 60 50 AUTO 0 
b.1 2025-07-08 02:57:09.569 a 2025-07-08-02:57:06 192 090 308 0.0 0.3 0.9 15.4 39.6 732.9 0.00 0 0.0 15.4 24.1 24.4 3.627  -35.4   20.3    0.0  34    4.1   6 0 0 1 1 1 0 17.2 37.9 17.1 38.4 80.0 100 100 20 408 0 143 0 401 401 400 0 0 0 60 50 AUTO 0 
b.1 2025-07-08 02:58:09.585 a 2025-07-08-02:58:06 185 095 270 0.0 0.5 2.0 15.4 39.6 733.0 0.00 0 0.0 15.3 24.1 24.4 3.634  -34.0   20.2    0.0  34    4.0   6 0 0 1 1 1 0 17.2 37.8 17.1 38.3 80.0 100 100 20 408 0 143 0 401 401 400 0 0 0 59 50 AUTO 0 
b.1 2025-07-08 02:59:09.605 a 2025-07-08-02:59:06 230 082 300 0.0 0.5 1.6 15.4 39.9 732.9 0.00 0 0.0 15.2 24.1 24.4 3.627  -34.5   20.2    2.2  34    4.0   6 0 0 1 1 1 0 17.3 37.7 17.1 38.2 80.0 100 100 20 408 0 143 0 401 401 400 0 0 0 59 50 AUTO 0 
b.1 2025-07-08 03:00:11.365 a 2025-07-08-03:00:07 002 058 083 0.5 1.4 2.2 15.4 39.7 732.9 0.00 0 0.0 15.1 24.1 24.4 3.627  -35.6   20.1    2.3  34    4.0   6 0 0 1 1 1 0 17.3 37.5 17.1 38.2 80.0 100 100 20 408 0 143 0 401 402 400 0 0 0 59 50 AUTO 0 
b.1 2025-07-08 03:01:10.063 a 2025-07-08-03:01:06 151 083 308 0.2 1.0 2.2 15.3 39.5 732.9 0.00 0 0.0 15.0 24.1 24.5 3.627  -35.1   20.1    2.2  34    3.9   7 0 0 1 1 1 0 17.3 37.3 17.1 38.0 80.0 100 100 20 408 0 121 5 401 402 400 0 0 0 60 50 AUTO 0 
b.1 2025-07-08 03:02:10.285 a 2025-07-08-03:02:06 019 067 096 0.1 1.5 2.4 15.3 39.6 732.9 0.00 0 0.0 15.0 24.1 24.4 3.628  -35.4   20.0    2.3  34    3.9   7 0 0 1 1 1 0 17.2 37.3 17.1 37.8 80.0 100 100 20 408 0 143 0 401 401 400 0 0 0 60 50 AUTO 0 
b.1 2025-07-08 03:03:09.809 a 2025-07-08-03:03:06 020 061 096 0.7 1.7 2.6 15.3 39.5 733.0 0.00 0 0.0 15.0 24.1 24.4 3.628  -35.1   20.0    2.4  35    3.9   8 0 0 1 1 1 0 17.2 37.1 17.1 37.6 80.0 100 100 20 408 0 143 0 401 401 400 0 0 0 60 50 AUTO 0 
b.1 2025-07-08 03:04:14.484 a 2025-07-08-03:04:10 010 032 078 0.8 1.6 2.2 15.2 39.5 733.0 0.00 0 0.0 15.0 24.1 24.4 3.627  -35.3   19.9    2.5  35    3.8   8 0 0 1 1 1 0 17.1 37.3 17.0 37.9 80.0 100 100 20 408 0 143 0 401 401 400 0 0 0 59 50 AUTO 0 
b.1 2025-07-08 03:05:15.765 a 2025-07-08-03:05:12 035 030 218 0.1 1.2 1.8 15.2 39.7 733.0 0.00 0 0.0 15.0 24.1 24.4 3.627  -34.2   19.8    2.4  35    3.8   8 0 0 1 1 1 0 17.1 37.3 16.9 38.0 80.0 100 100 20 408 0 142 0 402 401 400 0 0 0 59 50 AUTO 0 
b.1 2025-07-08 03:06:14.746 a 2025-07-08-03:06:11 102 022 248 0.1 0.9 1.9 15.2 39.8 733.0 0.00 0 0.0 15.0 24.1 24.4 3.627  -34.2   19.8    2.2  35    3.8   8 0 0 1 1 1 0 17.1 37.4 16.9 38.1 80.0 100 100 20 408 0 143 0 401 401 400 0 0 0 60 50 AUTO 0 
b.1 2025-07-08 03:07:13.464 a 2025-07-08-03:07:09 117 061 329 0.2 1.1 2.2 15.2 39.9 733.0 0.00 0 0.0 15.0 24.1 24.4 3.628  -35.2   19.8    2.2  35    3.8   8 0 0 1 1 1 0 17.1 37.4 16.9 38.1 80.0 100 100 20 408 0 143 0 401 401 400 0 0 0 60 50 AUTO 0 
b.1 2025-07-08 03:08:13.865 a 2025-07-08-03:08:10 023 060 100 0.5 1.3 2.2 15.1 40.0 733.0 0.00 0 0.0 15.0 24.1 24.4 3.637  -34.4   19.8    2.3  35    3.8   8 0 0 1 1 1 0 17.1 37.4 16.9 38.3 80.0 100 100 20 408 0 143 0 402 401 400 0 0 0 60 50 AUTO 0 
b.1 2025-07-08 03:09:11.668 a 2025-07-08-03:09:08 023 037 073 0.9 1.4 1.9 15.1 39.9 733.0 0.00 0 0.0 15.0 24.1 24.4 3.627  -34.5   19.7    2.3  35    3.8   8 0 0 1 1 1 0 17.1 37.4 16.8 38.3 80.0 100 100 20 408 0 143 0 401 401 400 0 0 0 59 50 AUTO 0 
b.1 2025-07-08 03:10:13.184 a 2025-07-08-03:10:09 118 046 333 0.1 1.0 1.6 15.1 39.8 733.0 0.00 0 0.0 15.0 24.1 24.5 3.626  -34.0   19.7    2.2  35    3.7   5 0 0 1 1 1 0 17.0 37.5 16.8 38.4 80.0 100 100 20 408 0 143 0 401 401 400 0 0 0 60 50 AUTO 0 
b.1 2025-07-08 03:11:14.012 a 2025-07-08-03:11:10 024 077 127 0.7 1.4 2.1 15.1 39.9 733.0 0.00 0 0.0 15.0 24.1 24.5 3.628  -33.9   19.6    2.3  35    3.7   5 0 0 1 1 1 0 17.1 37.4 16.8 38.4 80.0 100 100 20 408 0 143 0 401 401 400 0 0 0 60 50 AUTO 0 
b.1 2025-07-08 03:12:13.904 a 2025-07-08-03:12:10 026 079 115 0.4 1.2 1.8 15.1 39.8 733.0 0.00 0 0.0 14.9 24.1 24.4 3.627  -34.0   19.6    2.2  35    3.7   5 0 0 1 1 1 0 17.0 37.3 16.8 38.2 80.0 100 100 20 408 0 143 0 401 401 400 0 0 0 59 50 AUTO 0 
b.1 2025-07-08 03:13:13.569 a 2025-07-08-03:13:09 053 086 131 0.6 1.3 1.9 15.1 41.6 733.0 0.00 0 0.0 15.0 24.1 24.5 3.628  -35.0   19.5    2.2  35    3.7   7 0 0 1 1 1 0 17.0 37.3 16.8 38.1 80.0 100 100 20 408 0 143 0 401 401 400 0 0 0 59 50 AUTO 0 
b.1 2025-07-08 03:14:10.569 a 2025-07-08-03:14:06 079 121 163 0.6 1.4 2.2 15.1 45.3 733.0 0.00 0 0.0 15.0 24.1 24.5 3.628  -33.3   19.5    2.2  35    3.8   7 0 0 1 1 1 0 17.0 38.2 16.8 39.4 80.0 100 100 20 408 0 143 0 401 401 400 0 0 0 60 50 AUTO 0 
b.1 2025-07-08 03:15:13.331 a 2025-07-08-03:15:09 083 121 153 0.6 1.4 2.3 15.1 44.3 733.0 0.00 0 0.0 15.0 24.1 24.5 3.628  -35.0   19.5    2.2  36    3.9   7 0 0 1 1 1 0 17.0 41.4 16.8 42.2 80.0 100 100 20 408 0 143 0 401 401 400 0 0 0 60 50 AUTO 0 
b.1 2025-07-08 03:16:15.173 a 2025-07-08-03:16:11 094 119 141 0.8 1.5 2.3 15.2 45.3 733.0 0.00 0 0.0 15.0 24.1 24.4 3.628  -34.1   19.5    2.2  36    4.1   7 0 0 1 1 1 0 17.0 42.9 16.8 43.6 80.0 100 100 20 408 0 143 0 401 401 399 0 0 0 60 50 AUTO 0 
b.1 2025-07-08 03:17:11.108 a 2025-07-08-03:17:07 002 149 175 0.0 1.0 2.1 15.2 45.5 733.0 0.00 0 0.0 15.0 24.1 24.4 3.628  -34.8   19.5    2.1  36    4.2   7 0 0 1 1 1 0 16.9 43.2 16.9 43.9 80.0 100 100 20 408 0 143 0 401 401 400 0 0 0 59 50 AUTO 0 
b.1 2025-07-08 03:18:13.089 a 2025-07-08-03:18:09 176 147 357 0.1 1.5 2.7 15.3 48.7 733.0 0.00 0 0.0 15.0 24.1 24.4 3.634  -34.4   19.5    2.2  37    4.5   7 0 0 1 1 1 0 17.0 44.2 16.9 44.9 80.0 100 100 20 408 0 143 0 401 401 400 0 0 0 60 50 AUTO 0 
b.1 2025-07-08 03:19:10.012 a 2025-07-08-03:19:06 133 154 178 0.6 2.1 3.0 15.3 48.8 733.0 0.00 0 0.0 15.0 24.1 24.5 3.627  -33.9   19.5    2.2  37    4.6   7 0 0 1 1 1 0 17.0 45.2 16.9 46.1 80.0 100 100 20 408 0 143 0 401 401 400 0 0 0 59 50 AUTO 0 
b.1 2025-07-08 03:20:16.447 a 2025-07-08-03:20:12 098 165 214 0.2 2.1 3.3 15.4 49.9 733.0 0.00 0 0.0 15.1 24.1 24.5 3.627  -35.0   19.5    2.4  38    4.8   7 0 0 1 1 1 0 17.0 46.1 16.9 47.1 80.0 100 100 20 408 0 143 0 401 401 400 0 0 0 59 50 AUTO 0 
b.1 2025-07-08 03:21:12.210 a 2025-07-08-03:21:08 098 162 319 0.2 1.6 2.8 15.4 49.9 733.0 0.00 0 0.0 15.3 24.1 24.4 3.633  -34.6   19.5    2.3  38    4.9   7 0 0 1 1 1 0 17.0 46.5 16.9 47.6 80.0 100 100 20 408 0 143 0 401 402 400 0 0 0 60 50 AUTO 0 
b.1 2025-07-08 03:22:13.168 a 2025-07-08-03:22:09 090 166 249 0.2 1.6 3.4 15.5 49.6 733.0 0.00 0 0.0 15.2 24.1 24.5 3.628  -34.1   19.5    2.2  39    5.2   7 0 0 1 1 1 0 17.1 46.8 17.0 47.7 80.0 100 100 20 408 0 143 0 401 401 400 0 0 0 60 50 AUTO 0 
b.1 2025-07-08 03:23:12.732 a 2025-07-08-03:23:09 116 166 283 0.1 1.2 2.9 15.5 49.7 733.0 0.00 0 0.0 15.2 24.1 24.5 3.628  -34.0   19.5    2.2  39    5.3   7 0 0 1 1 1 0 17.1 47.1 17.0 47.7 80.0 100 100 20 408 0 143 0 401 401 400 0 0 0 59 50 AUTO 0 
b.1 2025-07-08 03:24:10.529 a 2025-07-08-03:24:06 129 159 219 0.3 1.4 2.3 15.5 49.7 733.0 0.00 0 0.0 15.2 24.1 24.4 3.628  -34.2   19.5    2.2  39    5.3   7 0 0 1 1 1 0 17.1 47.1 17.0 47.8 80.0 100 100 20 408 0 143 0 401 401 400 0 0 0 59 50 AUTO 0 
b.1 2025-07-08 03:25:12.631 a 2025-07-08-03:25:09 099 152 201 0.7 1.9 2.9 15.5 49.7 733.0 0.00 0 0.0 15.2 24.1 24.4 3.627  -33.9   19.6    2.2  39    5.4   7 0 0 1 1 1 0 17.1 47.1 17.0 47.8 80.0 100 100 20 408 0 143 0 401 401 399 0 0 0 59 50 AUTO 0 
b.1 2025-07-08 03:26:10.612 a 2025-07-08-03:26:07 111 155 216 0.2 1.6 2.9 15.5 49.1 733.1 0.00 0 0.0 15.2 24.1 24.4 3.626  -33.5   19.6    2.2  39    5.4   7 0 0 1 1 1 0 17.1 47.0 17.0 47.7 80.0 100 100 20 408 0 143 0 401 401 400 0 0 0 59 50 AUTO 0 
b.1 2025-07-08 03:27:10.131 a 2025-07-08-03:27:06 064 151 216 0.4 1.4 2.3 15.5 49.7 733.0 0.00 0 0.0 15.2 24.1 24.5 3.628  -35.0   19.6    2.2  40    5.5   7 0 0 1 1 1 0 17.1 47.1 17.0 47.8 80.0 100 100 20 408 0 143 0 402 401 400 0 0 0 60 50 AUTO 0 
b.1 2025-07-08 03:28:11.230 a 2025-07-08-03:28:07 108 156 240 0.1 1.7 3.0 15.5 49.6 733.0 0.00 0 0.0 15.2 24.1 24.4 3.628  -33.9   19.6    2.2  40    5.5   7 0 0 1 1 1 0 17.0 47.1 17.0 48.0 80.0 100 100 20 408 0 143 0 401 401 400 0 0 0 60 50 AUTO 0 
b.1 2025-07-08 03:29:10.009 a 2025-07-08-03:29:06 133 157 207 0.3 1.9 2.9 15.5 49.5 733.0 0.00 0 0.0 15.2 24.1 24.5 3.628  -34.4   19.6    2.3  40    5.5   7 0 0 1 1 1 0 17.1 47.1 17.0 48.1 80.0 100 100 20 408 0 143 2 401 401 400 0 0 0 60 50 AUTO 0 
b.1 2025-07-08 03:30:12.030 a 2025-07-08-03:30:08 127 160 275 0.2 1.3 2.2 15.5 50.1 733.0 0.00 0 0.0 15.2 24.1 24.5 3.628  -34.1   19.6    2.2  40    5.6   7 0 0 1 1 1 0 17.1 47.4 16.9 48.2 80.0 100 100 20 408 0 143 0 401 401 400 0 0 0 59 50 AUTO 0 
b.1 2025-07-08 03:31:09.696 a 2025-07-08-03:31:06 127 152 185 1.0 1.9 2.7 15.5 50.1 733.0 0.00 0 0.0 15.2 24.1 24.4 3.633  -34.3   19.6    2.3  40    5.6   7 0 0 1 1 1 0 16.9 47.9 16.9 48.5 80.0 100 100 20 408 0 143 0 402 401 400 0 0 0 59 50 AUTO 0 
b.1 2025-07-08 03:32:09.397 a 2025-07-08-03:32:05 116 147 184 0.5 1.7 2.4 15.5 49.9 733.1 0.00 0 0.0 15.2 24.1 24.5 3.627  -34.1   19.6    2.3  40    5.6   7 0 0 1 1 1 0 16.9 48.2 16.9 48.8 80.0 100 100 20 408 0 143 0 401 402 400 0 0 0 60 50 AUTO 0 
b.1 2025-07-08 03:33:08.772 a 2025-07-08-03:33:05 122 150 184 0.3 1.8 2.4 15.5 49.4 733.1 0.00 0 0.0 15.2 24.1 24.5 3.626  -34.3   19.6    2.3  40    5.7   7 0 0 1 1 1 0 16.8 47.8 16.8 48.3 80.0 100 100 20 408 0 143 0 401 401 400 0 0 0 60 50 AUTO 0 
b.1 2025-07-08 03:34:09.832 a 2025-07-08-03:34:06 124 153 196 0.7 1.6 2.7 15.5 49.0 733.1 0.00 0 0.0 15.2 24.1 24.5 3.632  -33.8   19.6    2.3  40    5.7   7 0 0 1 1 1 0 16.8 47.8 16.8 48.1 80.0 100 100 20 408 0 143 0 401 401 400 0 0 0 60 50 AUTO 0 
b.1 2025-07-08 03:35:12.875 a 2025-07-08-03:35:09 090 163 276 0.1 1.0 2.2 15.5 49.7 733.1 0.00 0 0.0 15.2 24.1 24.4 3.627  -33.8   19.6    2.1  40    5.7   5 0 0 1 1 1 0 16.8 47.8 16.8 48.2 80.0 100 100 20 408 0 143 0 401 402 400 0 0 0 60 50 AUTO 0 
b.1 2025-07-08 03:36:12.052 a 2025-07-08-03:36:08 093 165 233 0.2 0.8 1.9 15.5 49.2 733.1 0.00 0 0.0 15.1 24.1 24.5 3.627  -33.8   19.6    0.0  40    5.8   5 0 0 1 1 1 0 16.8 47.8 16.8 48.2 80.0 100 100 20 408 0 143 0 401 401 400 0 0 0 59 50 AUTO 0 
b.1 2025-07-08 03:37:10.795 a 2025-07-08-03:37:07 092 189 270 0.0 0.4 1.2 15.5 49.0 733.1 0.00 0 0.0 15.1 24.1 24.5 3.627  -34.0   19.6    0.0  40    5.7   5 0 0 1 1 1 0 16.8 47.6 16.8 48.0 80.0 100 100 20 408 0 143 0 401 401 400 0 0 0 60 50 AUTO 0 
b.1 2025-07-08 03:38:12.779 a 2025-07-08-03:38:09 005 178 242 0.1 0.6 2.1 15.5 48.6 733.0 0.00 0 0.0 15.0 24.1 24.4 3.628  -33.6   19.5    2.1  40    5.7   5 0 0 1 1 1 0 16.8 47.2 16.9 47.7 80.0 100 100 20 408 0 143 0 401 401 399 0 0 0 59 50 AUTO 0 
b.1 2025-07-08 03:39:11.081 a 2025-07-08-03:39:07 073 187 287 0.1 0.7 2.3 15.5 49.7 733.0 0.00 0 0.0 14.9 24.0 24.5 3.627  -34.6   19.5    0.0  41    5.8   7 0 0 1 1 1 0 16.8 47.1 16.8 47.8 80.0 100 100 20 408 0 143 0 401 402 399 0 0 0 60 50 AUTO 0 
b.1 2025-07-08 03:40:15.053 a 2025-07-08-03:40:11 137 191 228 0.3 0.9 2.3 15.4 49.8 733.0 0.00 0 0.0 15.1 24.1 24.5 3.628  -33.5   19.5    0.0  41    5.9   7 0 0 1 1 1 0 16.9 47.2 16.8 48.2 80.0 100 100 20 408 0 143 0 401 402 400 0 0 0 59 50 AUTO 0 
b.1 2025-07-08 03:41:10.793 a 2025-07-08-03:41:07 146 198 275 0.2 1.1 1.9 15.4 49.9 733.0 0.00 0 0.0 15.1 24.1 24.4 3.627  -33.9   19.5    0.0  41    5.9   7 0 0 1 1 1 0 16.9 47.4 16.8 48.3 80.0 100 100 20 408 0 143 0 402 401 400 0 0 0 60 50 AUTO 0 
b.1 2025-07-08 03:42:10.177 a 2025-07-08-03:42:06 052 200 226 0.1 1.2 2.9 15.4 50.0 733.1 0.00 0 0.0 15.1 24.1 24.5 3.627  -34.8   19.4    2.1  41    5.9   7 0 0 1 1 1 0 16.9 47.5 16.8 48.5 80.0 100 100 20 408 0 143 0 400 402 400 0 0 0 60 50 AUTO 0 
b.1 2025-07-08 03:43:10.581 a 2025-07-08-03:43:06 083 195 237 0.2 1.1 3.0 15.4 50.1 733.0 0.00 0 0.0 15.1 24.1 24.5 3.633  -35.2   19.4    0.0  41    6.0   7 0 0 1 1 1 0 16.9 47.5 16.8 48.6 80.0 100 100 20 408 0 143 0 401 402 400 0 0 0 59 50 AUTO 0 
b.1 2025-07-08 03:44:12.273 a 2025-07-08-03:44:08 129 198 302 0.2 1.4 2.5 15.4 50.0 733.1 0.00 0 0.0 15.1 24.1 24.4 3.627  -35.1   19.4    0.0  41    6.0   7 0 0 1 1 1 0 16.9 47.9 16.7 48.8 80.0 100 100 20 408 0 143 0 401 401 399 0 0 0 60 50 AUTO 0 
b.1 2025-07-08 03:45:13.039 a 2025-07-08-03:45:09 151 196 249 0.4 1.4 2.8 15.4 49.9 733.1 0.00 0 0.0 15.1 24.1 24.4 3.627  -33.7   19.4    0.0  42    6.0   7 0 0 1 1 1 0 16.8 48.0 16.7 48.9 80.0 100 100 20 408 0 143 0 401 401 400 0 0 0 60 50 AUTO 0 
b.1 2025-07-08 03:46:12.994 a 2025-07-08-03:46:09 130 195 222 0.5 1.4 2.6 15.4 49.8 733.1 0.00 0 0.0 15.1 24.1 24.4 3.631  -34.4   19.4    0.0  42    6.1   7 0 0 1 1 1 0 16.8 48.0 16.7 48.8 80.0 100 100 20 408 0 143 0 401 401 400 0 0 0 59 50 AUTO 0 
b.1 2025-07-08 03:47:09.115 a 2025-07-08-03:47:05 149 199 226 0.5 1.4 2.7 15.4 49.8 733.1 0.00 0 0.0 15.1 24.1 24.4 3.628  -34.6   19.4    0.0  42    6.0   7 0 0 1 1 1 0 16.8 47.9 16.7 48.9 80.0 100 100 20 408 0 143 0 401 401 400 0 0 0 60 50 AUTO 0 
b.1 2025-07-08 03:48:12.039 a 2025-07-08-03:48:08 155 196 246 0.5 1.3 2.5 15.4 49.9 733.1 0.00 0 0.0 15.1 24.1 24.5 3.627  -34.7   19.4    0.0  42    6.1   7 0 0 1 1 1 0 16.8 47.9 16.7 48.9 80.0 100 100 20 408 0 143 0 401 402 400 0 0 0 60 50 AUTO 0 
b.1 2025-07-08 03:49:09.420 a 2025-07-08-03:49:05 069 193 315 0.3 1.0 2.6 15.4 50.3 733.1 0.00 0 0.0 15.1 24.1 24.5 3.627  -34.2   19.4    0.0  42    6.1   7 0 0 1 1 1 0 16.8 47.9 16.7 48.9 80.0 100 100 20 408 0 143 0 401 401 400 0 0 0 60 50 AUTO 0 
b.1 2025-07-08 03:50:13.398 a 2025-07-08-03:50:09 127 193 250 0.2 0.9 2.3 15.4 50.3 733.1 0.00 0 0.0 15.0 24.1 24.5 3.627  -33.8   19.4    0.0  42    6.1   7 0 0 1 1 1 0 16.8 47.8 16.7 49.0 80.0 100 100 20 408 0 143 0 401 401 400 0 0 0 60 50 AUTO 0 
b.1 2025-07-08 03:51:10.240 a 2025-07-08-03:51:06 045 186 322 0.1 0.6 1.5 15.4 50.5 733.1 0.00 0 0.0 15.0 24.0 24.5 3.627  -34.2   19.3    0.0  42    6.1   7 0 0 1 1 1 0 16.8 47.8 16.7 49.1 80.0 100 100 20 408 0 143 10 401 401 400 2 2 2 60 50 AUTO 0 
b.1 2025-07-08 03:52:10.276 a 2025-07-08-03:52:06 081 190 273 0.1 0.6 2.2 15.3 50.3 733.1 0.00 0 0.0 15.0 24.1 24.4 3.627  -34.0   19.3    0.0  42    6.1   7 0 0 1 1 1 0 16.8 47.8 16.7 48.8 80.0 100 100 20 408 0 143 0 401 402 399 0 0 0 60 50 AUTO 0 
b.1 2025-07-08 03:53:08.361 a 2025-07-08-03:53:04 044 188 302 0.1 0.6 1.8 15.3 50.3 733.2 0.00 0 0.0 14.9 24.1 24.4 3.632  -34.0   19.3    0.0  42    6.1   7 0 0 1 1 1 0 16.8 47.9 16.7 48.8 80.0 100 100 20 408 0 143 0 401 401 400 0 0 0 59 50 AUTO 0 
b.1 2025-07-08 03:54:07.743 a 2025-07-08-03:54:04 102 191 314 0.1 0.6 1.4 15.3 49.8 733.2 0.00 0 0.0 14.9 24.0 24.5 3.628  -35.4   19.3    0.0  42    6.1   7 0 0 1 1 1 0 16.9 47.8 16.7 48.8 80.0 100 100 20 408 0 143 0 401 401 400 0 0 0 60 50 AUTO 0 
b.1 2025-07-08 03:55:11.058 a 2025-07-08-03:55:07 048 179 251 0.0 0.6 2.6 15.3 49.4 733.1 0.00 0 0.0 15.0 24.1 24.4 3.628  -34.9   19.2    0.0  42    6.0   5 0 0 1 1 1 0 16.8 47.6 16.7 48.4 80.0 100 100 20 408 0 143 0 401 401 399 0 0 0 60 50 AUTO 0 
b.1 2025-07-08 03:56:11.819 a 2025-07-08-03:56:08 090 194 306 0.1 0.7 2.1 15.3 49.5 733.1 0.00 0 0.0 15.0 24.1 24.4 3.633  -33.6   19.2    2.1  42    6.1   5 0 0 1 1 1 0 16.8 47.5 16.7 48.4 80.0 100 100 20 408 0 143 0 401 401 400 0 0 0 59 50 AUTO 0 
b.1 2025-07-08 03:57:10.180 a 2025-07-08-03:57:06 090 194 289 0.2 1.1 2.6 15.3 49.8 733.1 0.00 0 0.0 15.0 24.1 24.4 3.627  -34.1   19.2    0.0  42    6.1   5 0 0 1 1 1 0 16.8 47.5 16.7 48.3 80.0 100 100 20 408 0 143 0 401 401 400 0 0 0 60 50 AUTO 0 
b.1 2025-07-08 03:58:11.358 a 2025-07-08-03:58:07 149 196 231 0.5 1.6 3.0 15.3 50.0 733.1 0.00 0 0.0 15.0 24.1 24.4 3.628  -34.9   19.2    2.1  42    6.1  10 0 0 1 1 1 0 16.8 47.5 16.7 48.2 80.0 100 100 20 408 0 143 0 401 401 400 0 0 0 59 50 AUTO 0 
b.1 2025-07-08 03:59:10.418 a 2025-07-08-03:59:06 165 202 320 0.4 1.9 2.8 15.2 50.0 733.1 0.00 0 0.0 15.1 24.1 24.5 3.628  -34.5   19.2    2.2  42    6.1   8 0 0 1 1 1 0 16.8 47.5 16.7 48.3 80.0 100 100 20 408 0 143 0 401 401 400 0 0 0 60 50 AUTO 0 
b.1 2025-07-08 04:00:13.698 a 2025-07-08-04:00:10 159 201 223 1.2 2.2 3.1 15.3 49.9 733.1 0.00 0 0.0 15.1 24.1 24.5 3.627  -34.6   19.2    2.3  42    6.0  12 0 0 1 1 1 0 16.8 47.5 16.7 48.3 80.0 100 100 20 408 0 143 0 401 401 399 0 0 0 59 50 AUTO 0 
b.1 2025-07-08 04:01:10.339 a 2025-07-08-04:01:06 149 201 217 0.8 2.1 3.4 15.3 50.0 733.2 0.00 0 0.0 15.2 24.1 24.5 3.627  -34.5   19.2    2.4  42    6.0   9 0 0 1 1 1 0 16.8 47.5 16.7 48.3 80.0 100 100 20 408 0 143 0 401 401 400 0 0 0 59 50 AUTO 0 
b.1 2025-07-08 04:02:11.661 a 2025-07-08-04:02:08 165 200 220 0.8 2.1 3.4 15.3 50.2 733.2 0.00 0 0.0 15.3 24.1 24.4 3.633  -35.9   19.2    2.4  42    6.1   9 0 0 1 1 1 0 16.8 47.5 16.7 48.4 80.0 100 100 20 408 0 143 0 401 401 400 0 0 0 59 50 AUTO 0 
b.1 2025-07-08 04:03:10.000 a 2025-07-08-04:03:06 166 198 220 0.6 2.0 3.3 15.3 50.2 733.2 0.00 0 0.0 15.2 24.1 24.4 3.627  -34.2   19.2    2.4  42    6.1   9 0 0 1 1 1 0 16.8 47.5 16.7 48.6 80.0 100 100 20 408 0 143 0 401 401 400 0 0 0 59 50 AUTO 0 
b.1 2025-07-08 04:04:10.183 a 2025-07-08-04:04:06 161 201 228 0.9 2.0 3.4 15.3 50.2 733.2 0.00 0 0.0 15.2 24.1 24.4 3.628  -34.6   19.2    2.4  42    6.2   9 0 0 1 1 1 0 16.8 47.6 16.7 48.5 80.0 100 100 20 408 0 143 0 401 402 400 0 0 0 59 50 AUTO 0 
b.1 2025-07-08 04:05:11.703 a 2025-07-08-04:05:08 165 198 226 0.6 1.8 3.1 15.3 50.6 733.2 0.00 0 0.0 15.2 24.1 24.4 3.628  -34.6   19.2    2.3  43    6.3   9 0 0 1 1 1 0 16.8 47.8 16.7 48.8 80.0 100 100 20 408 0 143 0 401 401 400 0 0 0 59 50 AUTO 0 
b.1 2025-07-08 04:06:10.203 a 2025-07-08-04:06:06 147 198 229 0.5 1.9 3.8 15.3 51.2 733.2 0.00 0 0.0 15.2 24.1 24.4 3.633  -34.4   19.2    2.4  43    6.3   9 0 0 1 1 1 0 16.8 48.0 16.7 48.9 80.0 100 100 20 408 0 143 0 401 402 400 0 0 0 60 50 AUTO 0 
b.1 2025-07-08 04:07:10.924 a 2025-07-08-04:07:07 159 198 220 0.8 1.9 3.6 15.3 51.3 733.2 0.00 0 0.0 15.2 24.1 24.5 3.627  -34.7   19.2    2.4  43    6.4   9 0 0 1 1 1 0 16.8 48.2 16.7 49.2 80.0 100 100 20 408 0 143 0 401 402 400 0 0 0 59 50 AUTO 0 
b.1 2025-07-08 04:08:13.180 a 2025-07-08-04:08:09 156 200 275 0.6 1.8 3.5 15.3 51.2 733.2 0.00 0 0.0 15.2 24.1 24.5 3.628  -34.5   19.2    2.3  43    6.4   9 0 0 1 1 1 0 16.8 48.4 16.7 49.3 80.0 100 100 20 408 0 143 0 401 401 400 0 0 0 59 50 AUTO 0 
b.1 2025-07-08 04:09:10.882 a 2025-07-08-04:09:07 059 200 343 0.3 1.7 2.9 15.3 51.8 733.2 0.00 0 0.0 15.2 24.1 24.5 3.631  -33.7   19.2    2.3  43    6.5   5 0 0 1 1 1 0 16.8 48.4 16.7 49.5 80.0 100 100 20 408 0 143 0 401 401 400 0 0 0 60 50 AUTO 0 
b.1 2025-07-08 04:10:13.040 a 2025-07-08-04:10:09 111 195 231 0.3 1.6 3.6 15.3 51.8 733.2 0.00 0 0.0 15.2 24.1 24.5 3.626  -33.8   19.2    2.2  43    6.5   5 0 0 1 1 1 0 16.8 48.7 16.7 49.8 80.0 100 100 20 408 0 143 0 400 402 400 0 0 0 60 50 AUTO 0 
b.1 2025-07-08 04:11:08.423 a 2025-07-08-04:11:04 120 198 280 0.3 1.4 2.7 15.3 51.6 733.2 0.00 0 0.0 15.1 24.1 24.4 3.628  -33.8   19.2    2.2  44    6.5   7 0 0 1 1 1 0 16.7 48.8 16.6 50.0 80.0 100 100 20 408 0 143 0 401 401 400 0 0 0 60 50 AUTO 0 
b.1 2025-07-08 04:12:13.144 a 2025-07-08-04:12:09 135 196 231 0.4 1.3 2.8 15.3 51.5 733.2 0.00 0 0.0 15.1 24.1 24.4 3.633  -33.6   19.2    0.0  44    6.6   7 0 0 1 1 1 0 16.7 48.8 16.6 50.0 80.0 100 100 20 408 0 143 0 401 401 400 0 0 0 60 50 AUTO 0 
b.1 2025-07-08 04:13:08.907 a 2025-07-08-04:13:05 130 196 229 0.4 1.6 3.2 15.3 52.0 733.2 0.00 0 0.0 15.1 24.1 24.5 3.628  -34.1   19.2    2.2  44    6.6   7 0 0 1 1 1 0 16.7 48.8 16.6 50.2 80.0 100 100 20 408 0 143 0 401 402 400 0 0 0 60 50 AUTO 0 
b.1 2025-07-08 04:14:13.926 a 2025-07-08-04:14:10 080 197 300 0.3 1.3 2.6 15.3 51.7 733.2 0.00 0 0.0 15.1 24.1 24.5 3.628  -34.8   19.2    0.0  44    6.6   7 0 0 1 1 1 0 16.7 48.9 16.6 50.1 80.0 100 100 20 408 0 143 0 402 401 400 0 0 0 60 50 AUTO 0 
b.1 2025-07-08 04:15:12.147 a 2025-07-08-04:15:08 084 200 338 0.2 1.4 3.2 15.3 51.4 733.3 0.00 0 0.0 15.1 24.1 24.5 3.627  -34.2   19.2    0.0  44    6.6   7 0 0 1 1 1 0 16.7 48.9 16.6 50.0 80.0 100 100 20 408 0 143 0 402 401 400 0 0 0 60 50 AUTO 0 
b.1 2025-07-08 04:16:12.342 a 2025-07-08-04:16:08 052 196 288 0.3 1.2 2.7 15.2 51.8 733.3 0.00 0 0.0 15.0 24.1 24.5 3.627  -33.8   19.2    0.0  44    6.6   7 0 0 1 1 1 0 16.7 48.8 16.6 50.0 80.0 100 100 20 408 0 143 0 401 401 400 0 0 0 60 50 AUTO 0 
b.1 2025-07-08 04:17:11.263 a 2025-07-08-04:17:07 114 195 288 0.1 1.1 2.6 15.2 51.2 733.3 0.00 0 0.0 15.1 24.1 24.5 3.627  -35.1   19.2    0.0  44    6.6   7 0 0 1 1 1 0 16.7 48.8 16.6 49.8 80.0 100 100 20 408 0 143 0 401 401 400 0 0 0 60 50 AUTO 0 
b.1 2025-07-08 04:18:14.266 a 2025-07-08-04:18:10 074 195 275 0.1 1.2 3.2 15.2 50.8 733.3 0.00 0 0.0 15.0 24.1 24.4 3.627  -34.6   19.2    0.0  44    6.6   7 0 0 1 1 1 0 16.7 48.7 16.6 49.7 80.0 100 100 20 408 0 143 0 401 401 400 0 0 0 60 50 AUTO 0 
b.1 2025-07-08 04:19:10.344 a 2025-07-08-04:19:06 062 192 226 0.1 1.2 2.9 15.2 51.5 733.3 0.00 0 0.0 15.0 24.1 24.5 3.628  -33.2   19.2    0.0  44    6.6   7 0 0 1 1 1 0 16.7 48.7 16.5 49.7 80.0 100 100 20 408 0 143 0 401 402 399 0 0 0 60 50 AUTO 0 
b.1 2025-07-08 04:20:13.951 a 2025-07-08-04:20:10 060 186 233 0.1 0.9 2.9 15.2 51.1 733.3 0.00 0 0.0 15.0 24.1 24.5 3.627  -34.3   19.1    0.0  44    6.6   5 0 0 1 1 1 0 16.7 48.8 16.6 49.7 80.0 100 100 20 408 0 143 0 401 401 400 0 0 0 59 50 AUTO 0 
b.1 2025-07-08 04:21:10.628 a 2025-07-08-04:21:07 083 186 289 0.1 0.8 2.1 15.2 50.8 733.3 0.00 0 0.0 15.0 24.1 24.5 3.628  -33.3   19.1    0.0  44    6.6   5 0 0 1 1 1 0 16.7 48.7 16.5 49.6 80.0 100 100 20 408 0 143 0 401 401 400 0 0 0 60 50 AUTO 0 
b.1 2025-07-08 04:22:10.404 a 2025-07-08-04:22:06 070 194 292 0.2 0.8 2.2 15.2 51.1 733.3 0.00 0 0.0 15.0 24.1 24.5 3.633  -33.6   19.1    0.0  44    6.5   5 0 0 1 1 1 0 16.7 48.6 16.5 49.6 80.0 100 100 20 408 0 143 0 401 401 399 0 0 0 59 50 AUTO 0 
b.1 2025-07-08 04:23:10.766 a 2025-07-08-04:23:07 126 181 185 0.1 0.7 1.9 15.2 51.4 733.3 0.00 0 0.0 15.0 24.1 24.5 3.627  -33.3   19.0    0.0  44    6.5   9 0 0 1 1 1 0 16.6 48.8 16.5 49.7 80.0 100 100 20 408 0 143 0 401 401 400 0 0 0 59 50 AUTO 0 
b.1 2025-07-08 04:24:13.345 a 2025-07-08-04:24:09 017 194 324 0.1 0.6 1.4 15.2 51.1 733.4 0.00 0 0.0 14.9 24.1 24.4 3.627  -33.1   19.0    0.0  44    6.5   6 0 0 1 1 1 0 16.6 48.8 16.5 49.6 80.0 100 100 20 408 0 143 0 401 401 400 0 0 0 59 50 AUTO 0 
b.1 2025-07-08 04:25:12.209 a 2025-07-08-04:25:08 042 177 289 0.1 0.6 2.0 15.1 51.1 733.4 0.00 0 0.0 15.0 24.1 24.5 3.633  -33.2   19.0    0.0  44    6.5   6 0 0 1 1 1 0 16.6 48.9 16.6 49.6 80.0 100 100 20 408 0 143 0 401 401 399 0 0 0 59 50 AUTO 0 
b.1 2025-07-08 04:26:13.404 a 2025-07-08-04:26:09 005 193 300 0.1 0.5 1.6 15.1 51.4 733.4 0.00 0 0.0 15.0 24.1 24.5 3.627  -33.4   19.0    0.0  44    6.5   6 0 0 1 1 1 0 16.6 48.8 16.6 49.6 80.0 100 100 20 408 0 143 0 401 401 400 0 0 0 60 50 AUTO 0 
b.1 2025-07-08 04:27:10.713 a 2025-07-08-04:27:07 050 198 241 0.1 0.5 1.2 15.1 51.5 733.4 0.00 0 0.0 15.0 24.1 24.4 3.627  -33.6   18.9    0.0  44    6.5   6 0 0 1 1 1 0 16.6 48.7 16.6 49.5 80.0 100 100 20 408 0 143 0 401 401 400 0 0 0 59 50 AUTO 0 
b.1 2025-07-08 04:28:09.490 a 2025-07-08-04:28:05 081 184 314 0.1 0.5 1.5 15.1 51.9 733.4 0.00 0 0.0 14.9 24.1 24.4 3.628  -33.2   18.9    0.0  44    6.5   6 0 0 1 1 1 0 16.6 48.9 16.6 49.6 80.0 100 100 20 408 0 143 0 401 402 400 0 0 0 59 50 AUTO 0 
b.1 2025-07-08 04:29:09.193 a 2025-07-08-04:29:05 008 160 289 0.1 0.5 1.2 15.1 51.2 733.4 0.00 0 0.0 15.1 24.1 24.5 3.627  -32.5   18.9    0.0  44    6.4   6 0 0 1 1 1 0 16.6 48.8 16.6 49.5 80.0 100 100 20 408 0 143 0 401 402 400 0 0 0 59 50 AUTO 0 
b.1 2025-07-08 04:30:14.332 a 2025-07-08-04:30:10 023 176 321 0.1 0.6 1.5 15.1 50.7 733.4 0.00 0 0.0 15.0 24.1 24.4 3.628  -32.8   18.9    0.0  44    6.4   6 0 0 1 1 1 0 16.6 48.9 16.6 49.4 80.0 100 100 20 408 0 143 0 402 401 400 0 0 0 60 50 AUTO 0 
b.1 2025-07-08 04:31:09.529 a 2025-07-08-04:31:05 276 168 288 0.1 0.6 1.5 15.1 51.0 733.4 0.00 0 0.0 15.0 24.1 24.5 3.628  -32.9   18.9    0.0  44    6.4   6 0 0 1 1 1 0 16.5 48.9 16.6 49.3 80.0 100 100 20 408 0 143 0 401 402 400 0 0 0 59 50 AUTO 0 
b.1 2025-07-08 04:32:09.490 a 2025-07-08-04:32:05 287 163 324 0.0 0.4 1.8 15.1 50.5 733.5 0.00 0 0.0 15.0 24.1 24.4 3.634  -32.4   18.8    0.0  44    6.4   6 0 0 1 1 1 0 16.5 48.8 16.6 49.3 80.0 100 100 20 408 0 143 0 401 401 400 0 0 0 59 50 AUTO 0 
b.1 2025-07-08 04:33:11.512 a 2025-07-08-04:33:07 072 173 270 0.1 0.5 1.2 15.1 51.1 733.5 0.00 0 0.0 15.1 24.1 24.5 3.628  -32.9   18.8    0.0  44    6.3   6 0 0 1 1 1 0 16.5 48.7 16.5 49.1 80.0 100 100 20 408 0 143 0 401 401 400 0 0 0 60 50 AUTO 0 
b.1 2025-07-08 04:34:09.071 a 2025-07-08-04:34:05 067 182 308 0.1 0.5 1.2 15.1 51.1 733.5 0.00 0 0.0 15.0 24.1 24.5 3.627  -32.4   18.8    0.0  44    6.3   6 0 0 1 1 1 0 16.5 48.7 16.5 49.1 80.0 100 100 20 408 0 143 0 401 401 400 0 0 0 60 50 AUTO 0 
b.1 2025-07-08 04:35:13.148 a 2025-07-08-04:35:09 043 172 327 0.1 0.5 1.2 15.0 51.2 733.5 0.00 0 0.0 15.0 24.1 24.5 3.629  -32.8   18.8    0.0  44    6.3   6 0 0 1 1 1 0 16.5 48.5 16.5 49.0 80.0 100 100 20 408 0 143 0 402 401 400 0 0 0 59 50 AUTO 0 
b.1 2025-07-08 04:36:10.809 a 2025-07-08-04:36:07 081 192 327 0.1 0.6 1.6 15.0 51.2 733.5 0.00 0 0.0 15.1 24.1 24.5 3.628  -32.7   18.8    0.0  44    6.4   6 0 0 1 1 1 0 16.5 48.5 16.5 49.0 80.0 100 100 20 408 0 143 0 401 402 400 0 0 0 60 50 AUTO 0 
b.1 2025-07-08 04:37:10.808 a 2025-07-08-04:37:07 089 178 288 0.1 0.6 1.5 15.0 50.9 733.5 0.00 0 0.0 15.0 24.1 24.4 3.628  -33.1   18.8    0.0  44    6.4   6 0 0 1 1 1 0 16.5 48.5 16.5 49.0 80.0 100 100 20 408 0 143 0 401 401 400 0 0 0 59 50 AUTO 0 
b.1 2025-07-08 04:38:14.131 a 2025-07-08-04:38:10 023 184 289 0.0 0.5 1.3 15.0 51.0 733.5 0.00 0 0.0 15.0 24.1 24.4 3.627  -33.2   18.8    0.0  44    6.3   6 0 0 1 1 1 0 16.5 48.5 16.5 49.0 80.0 100 100 20 408 0 143 0 401 402 400 0 0 0 59 50 AUTO 0 
b.1 2025-07-08 04:39:11.052 a 2025-07-08-04:39:07 283 165 328 0.1 0.6 1.7 15.0 50.3 733.5 0.00 0 0.0 15.0 24.1 24.4 3.627  -33.1   18.8    0.0  44    6.3   6 0 0 1 1 1 0 16.5 48.3 16.5 48.8 80.0 100 100 20 408 0 143 0 401 401 400 0 0 0 59 50 AUTO 0 
b.1 2025-07-08 04:40:14.088 a 2025-07-08-04:40:10 289 202 309 0.0 0.4 1.4 15.0 50.1 733.5 0.00 0 0.0 14.9 24.0 24.4 3.627  -33.5   18.8    0.0  44    6.3   6 0 0 1 1 1 0 16.5 48.1 16.5 48.7 80.0 100 100 20 408 0 143 0 401 401 400 0 0 0 60 50 AUTO 0 
b.1 2025-07-08 04:41:11.253 a 2025-07-08-04:41:07 051 165 273 0.0 0.7 2.1 15.0 49.4 733.5 0.00 0 0.0 15.1 24.1 24.4 3.627  -32.7   18.8    0.0  44    6.3   6 0 0 1 1 1 0 16.5 47.8 16.5 48.3 80.0 100 100 20 408 0 143 0 401 401 400 0 0 0 59 50 AUTO 0 
b.1 2025-07-08 04:42:11.233 a 2025-07-08-04:42:07 095 173 230 0.1 0.8 1.8 15.0 50.4 733.6 0.00 0 0.0 15.0 24.1 24.4 3.631  -32.7   18.8    0.0  44    6.3   6 0 0 1 1 1 0 16.5 47.6 16.5 48.1 80.0 100 100 20 408 0 143 0 401 401 400 0 0 0 59 50 AUTO 0 
b.1 2025-07-08 04:43:11.711 a 2025-07-08-04:43:08 229 163 327 0.1 0.8 2.0 15.0 50.8 733.6 0.00 0 0.0 14.9 24.1 24.5 3.627  -33.7   18.8    0.0  44    6.4   6 0 0 1 1 1 0 16.5 47.9 16.5 48.3 80.0 100 100 20 408 0 143 0 401 401 400 0 0 0 59 50 AUTO 0 
b.1 2025-07-08 04:44:09.792 a 2025-07-08-04:44:06 082 175 284 0.2 0.8 1.8 15.0 50.9 733.6 0.00 0 0.0 15.0 24.1 24.5 3.628  -32.8   18.8    0.0  44    6.4   6 0 0 1 1 1 0 16.5 48.1 16.5 48.8 80.0 100 100 20 408 0 143 0 401 402 400 0 0 0 59 50 AUTO 0 
b.1 2025-07-08 04:45:12.476 a 2025-07-08-04:45:08 059 166 248 0.1 1.0 3.3 15.0 51.2 733.6 0.00 0 0.0 15.0 24.1 24.4 3.634  -32.4   18.8    0.0  45    6.4   6 0 0 1 1 1 0 16.5 48.5 16.5 49.0 80.0 100 100 20 408 0 143 0 401 401 400 0 0 0 59 50 AUTO 0 
b.1 2025-07-08 04:46:12.213 a 2025-07-08-04:46:08 065 170 256 0.1 0.9 2.3 15.0 51.2 733.6 0.00 0 0.0 15.0 24.0 23.4 3.634  -34.1   18.8    0.0  45    6.5   7 0 0 1 1 1 0 16.4 48.8 16.5 49.3 80.0 100 100 20 408 0 143 0 401 401 400 0 0 0 60 50 AUTO 0 
b.1 2025-07-08 04:47:11.453 a 2025-07-08-04:47:07 022 172 230 0.2 0.9 2.5 15.1 51.1 733.6 0.00 0 0.0 15.0 24.1 24.4 3.628  -32.7   18.8    0.0  45    6.5   7 0 0 1 1 1 0 16.5 48.8 16.5 49.4 80.0 100 100 20 408 0 143 0 401 401 400 0 0 0 59 50 AUTO 0 
b.1 2025-07-08 04:48:10.413 a 2025-07-08-04:48:06 108 169 253 0.1 1.1 4.1 15.1 51.1 733.6 0.00 0 0.0 15.0 24.1 24.5 3.627  -32.6   18.8    0.0  45    6.5   7 0 0 1 1 1 0 16.5 49.0 16.5 49.7 80.0 100 100 20 408 0 143 0 401 401 400 0 0 0 60 50 AUTO 0 
b.1 2025-07-08 04:49:10.516 a 2025-07-08-04:49:06 100 173 254 0.2 0.9 2.5 15.1 51.4 733.7 0.00 0 0.0 15.0 24.1 24.5 3.628  -33.3   18.8    2.2  45    6.6   7 0 0 1 1 1 0 16.5 49.2 16.5 49.7 80.0 100 100 20 408 0 143 0 401 401 400 0 0 0 59 50 AUTO 0 
b.1 2025-07-08 04:50:13.832 a 2025-07-08-04:50:10 314 172 350 0.1 0.9 2.0 15.2 51.3 733.7 0.00 0 0.0 15.0 24.0 24.5 3.628  -32.5   18.8    0.0  45    6.6   7 0 0 1 1 1 0 16.5 49.2 16.5 49.7 80.0 100 100 20 408 0 143 0 401 401 399 0 0 0 59 50 AUTO 0 
b.1 2025-07-08 04:51:09.177 a 2025-07-08-04:51:05 076 173 155 0.1 0.8 3.6 15.2 51.2 733.7 0.00 0 0.0 15.0 24.1 24.5 3.627  -33.6   18.8    0.0  45    6.6   5 0 0 1 1 1 0 16.5 49.3 16.5 49.8 80.0 100 100 20 408 0 143 0 401 402 400 0 0 0 59 50 AUTO 0 
b.1 2025-07-08 04:52:13.895 a 2025-07-08-04:52:10 052 169 249 0.2 1.3 3.2 15.2 51.1 733.7 0.00 0 0.0 15.0 24.1 24.5 3.628  -33.4   18.8    2.1  45    6.7   5 0 0 1 1 1 0 16.5 49.4 16.5 49.8 80.0 100 100 20 408 0 143 0 402 401 400 0 0 0 59 50 AUTO 0 
b.1 2025-07-08 04:53:12.075 a 2025-07-08-04:53:08 126 183 310 0.1 1.4 4.0 15.2 51.1 733.7 0.00 0 0.0 15.0 24.1 24.5 3.627  -33.1   18.9    2.1  45    6.7   7 0 0 1 1 1 0 16.5 49.4 16.5 50.0 80.0 100 100 20 408 0 143 5 402 401 400 4 4 3 60 50 AUTO 0 
b.1 2025-07-08 04:54:10.993 a 2025-07-08-04:54:07 009 168 306 0.1 1.1 2.9 15.2 51.1 733.7 0.00 0 0.0 15.1 24.1 24.4 3.627  -33.9   18.9    0.0  45    6.7   7 0 0 1 1 1 0 16.5 49.5 16.5 50.0 80.0 100 100 20 408 0 143 0 401 402 400 0 0 0 59 50 AUTO 0 
b.1 2025-07-08 04:55:13.351 a 2025-07-08-04:55:09 095 170 287 0.2 1.2 2.8 15.3 50.8 733.7 0.00 0 0.0 15.1 24.1 24.4 3.628  -33.4   18.9    0.0  45    6.8   7 0 0 1 1 1 0 16.5 49.5 16.5 50.0 80.0 100 100 20 408 0 143 0 401 402 400 0 0 0 60 50 AUTO 0 
b.1 2025-07-08 04:56:10.132 a 2025-07-08-04:56:06 079 168 222 0.4 1.8 4.2 15.3 51.1 733.7 0.00 0 0.0 15.1 24.1 24.5 3.628  -33.3   18.9    2.2  45    6.8   7 0 0 1 1 1 0 16.5 49.5 16.5 50.1 80.0 100 100 20 408 0 143 0 401 401 400 0 0 0 60 50 AUTO 0 
b.1 2025-07-08 04:57:10.339 a 2025-07-08-04:57:06 068 173 255 0.1 1.4 2.9 15.3 50.8 733.7 0.00 0 0.0 15.1 24.1 24.5 3.627  -33.6   18.9    2.2  45    6.8   8 0 0 1 1 1 0 16.4 49.6 16.5 50.0 80.0 100 100 20 408 0 143 0 401 402 399 0 0 0 59 50 AUTO 0 
b.1 2025-07-08 04:58:14.634 a 2025-07-08-04:58:10 090 173 281 0.2 1.5 3.6 15.3 50.8 733.7 0.00 0 0.0 15.1 24.1 24.4 3.627  -33.4   19.0    2.1  45    6.9   8 0 0 1 1 1 0 16.5 49.6 16.5 50.0 80.0 100 100 20 408 0 143 0 401 402 400 0 0 0 59 50 AUTO 0 
b.1 2025-07-08 04:59:09.415 a 2025-07-08-04:59:05 114 160 218 0.3 2.0 4.3 15.4 50.8 733.7 0.00 0 0.0 15.2 24.1 24.5 3.627  -34.2   19.0    2.2  45    6.9   8 0 0 1 1 1 0 16.5 49.6 16.5 50.1 80.0 100 100 20 408 0 143 0 401 401 400 0 0 0 59 50 AUTO 0 
b.1 2025-07-08 05:00:14.384 a 2025-07-08-05:00:10 106 162 226 0.6 2.0 3.8 15.4 50.9 733.8 0.00 0 0.0 15.2 24.1 24.5 3.627  -33.6   19.0    2.3  45    6.9   8 0 0 1 1 1 0 16.5 49.8 16.5 50.1 80.0 100 100 20 408 0 143 0 401 401 400 0 0 0 59 50 AUTO 0 
b.1 2025-07-08 05:01:10.315 a 2025-07-08-05:01:06 015 163 284 0.1 1.5 4.5 15.4 50.8 733.8 0.00 0 0.0 15.2 24.1 24.4 3.635  -33.0   19.0    2.2  45    6.9   8 0 0 1 1 1 0 16.4 49.8 16.4 50.2 80.0 100 100 20 408 0 143 0 401 401 400 0 0 0 59 50 AUTO 0 
b.1 2025-07-08 05:02:10.717 a 2025-07-08-05:02:06 230 156 356 0.3 1.9 4.4 15.4 50.8 733.8 0.00 0 0.0 15.2 24.1 24.4 3.628  -34.0   19.0    2.3  45    7.0   8 0 0 1 1 1 0 16.4 49.8 16.4 50.3 80.0 100 100 20 408 0 143 0 401 401 400 0 0 0 59 50 AUTO 0 
b.1 2025-07-08 05:03:10.055 a 2025-07-08-05:03:06 099 159 224 0.6 2.0 3.8 15.4 50.7 733.8 0.00 0 0.0 15.2 24.1 24.5 3.628  -33.7   19.0    2.3  45    6.9   8 0 0 1 1 1 0 16.4 50.0 16.4 50.4 80.0 100 100 20 408 0 143 0 401 401 400 0 0 0 60 50 AUTO 0 
b.1 2025-07-08 05:04:12.357 a 2025-07-08-05:04:08 003 165 294 0.2 1.3 3.9 15.4 50.6 733.8 0.00 0 0.0 15.3 24.1 24.5 3.633  -32.8   19.1    2.2  45    6.9   8 0 0 1 1 1 0 16.4 49.9 16.4 50.3 80.0 100 100 20 408 0 143 0 401 401 400 0 0 0 59 50 AUTO 0 
b.1 2025-07-08 05:05:10.637 a 2025-07-08-05:05:06 063 159 256 0.2 1.6 3.9 15.4 50.7 733.8 0.00 0 0.0 15.3 24.1 24.4 3.633  -34.0   19.1    2.2  45    6.9   8 0 0 1 1 1 0 16.4 50.0 16.4 50.3 80.0 100 100 20 408 0 143 0 401 401 400 0 0 0 60 50 AUTO 0 
b.1 2025-07-08 05:06:11.694 a 2025-07-08-05:06:07 090 154 200 0.1 1.8 3.3 15.4 50.6 733.9 0.00 0 0.0 15.2 24.1 24.4 3.634  -34.5   19.1    2.2  45    6.9   8 0 0 1 1 1 0 16.4 49.9 16.4 50.3 80.0 100 100 20 408 0 143 0 401 401 399 0 0 0 59 50 AUTO 0 
b.1 2025-07-08 05:07:10.779 a 2025-07-08-05:07:07 303 152 324 0.1 1.8 3.3 15.4 50.6 733.9 0.00 0 0.0 15.3 24.1 24.5 3.627  -34.2   19.1    2.2  45    7.0   8 0 0 1 1 1 0 16.4 49.9 16.5 50.3 80.0 100 100 20 408 0 143 0 401 402 400 0 0 0 59 50 AUTO 0 
b.1 2025-07-08 05:08:10.197 a 2025-07-08-05:08:06 106 161 225 0.6 1.7 3.5 15.4 50.7 733.9 0.00 0 0.0 15.2 24.1 24.5 3.628  -33.3   19.1    2.2  45    7.0   8 0 0 1 1 1 0 16.4 50.0 16.5 50.3 80.0 100 100 20 408 0 143 0 402 401 400 0 0 0 60 50 AUTO 0 
b.1 2025-07-08 05:09:10.075 a 2025-07-08-05:09:06 077 156 215 0.2 2.0 3.3 15.4 50.7 733.9 0.00 0 0.0 15.3 24.1 24.5 3.628  -34.0   19.1    2.3  45    7.0   8 0 0 1 1 1 0 16.4 50.0 16.5 50.4 80.0 100 100 20 408 0 143 0 401 401 400 0 0 0 59 50 AUTO 0 
b.1 2025-07-08 05:10:17.540 a 2025-07-08-05:10:13 111 160 239 0.3 1.9 4.0 15.4 51.3 733.9 0.00 0 0.0 15.3 24.1 24.5 3.627  -34.2   19.1    2.3  45    7.0   8 0 0 1 1 1 0 16.4 50.1 16.5 50.5 80.0 100 100 20 408 0 143 0 401 401 400 0 0 0 59 50 AUTO 0 
b.1 2025-07-08 05:11:09.578 a 2025-07-08-05:11:05 074 161 221 0.0 1.7 4.0 15.4 51.5 733.9 0.00 0 0.0 15.3 24.1 24.5 3.628  -33.2   19.2    2.2  45    7.0   8 0 0 1 1 1 0 16.4 50.4 16.4 50.9 80.0 100 100 20 408 0 143 0 401 402 399 0 0 0 60 50 AUTO 0 
b.1 2025-07-08 05:12:11.763 a 2025-07-08-05:12:08 195 143 347 0.3 1.9 3.6 15.4 51.1 733.9 0.00 0 0.0 15.3 24.1 24.5 3.628  -35.4   19.2    2.3  45    7.0   8 0 0 1 1 1 0 16.4 50.5 16.4 50.9 80.0 100 100 20 408 0 143 0 401 401 400 0 0 0 59 50 AUTO 0 
b.1 2025-07-08 05:13:09.640 a 2025-07-08-05:13:05 016 154 186 0.1 1.4 3.6 15.5 51.1 733.9 0.00 0 0.0 15.3 24.1 24.5 3.634  -34.0   19.2    2.3  45    7.1   8 0 0 1 1 1 0 16.4 50.4 16.4 51.0 80.0 100 100 20 408 0 143 0 401 401 400 0 0 0 60 50 AUTO 0 
b.1 2025-07-08 05:14:11.062 a 2025-07-08-05:14:07 053 153 314 0.0 1.4 3.7 15.5 51.2 733.9 0.00 0 0.0 15.3 24.1 24.5 3.628  -33.7   19.2    2.2  45    7.1   8 0 0 1 1 1 0 16.4 50.6 16.4 51.0 80.0 100 100 20 408 0 143 0 401 401 400 0 0 0 59 50 AUTO 0 
b.1 2025-07-08 05:15:14.798 a 2025-07-08-05:15:11 096 180 278 0.2 1.4 3.3 15.5 50.7 733.9 0.00 0 0.0 15.3 24.1 24.5 3.627  -33.4   19.2    2.2  45    7.1   8 0 0 1 1 1 0 16.4 50.6 16.4 51.0 80.0 100 100 20 408 0 143 0 402 401 400 0 0 2 60 50 AUTO 0 
b.1 2025-07-08 05:16:11.440 a 2025-07-08-05:16:07 093 152 231 0.3 1.6 3.5 15.5 50.6 733.9 0.00 0 0.0 15.3 24.1 24.4 3.634  -32.7   19.2    2.2  45    7.1   8 0 0 1 1 1 0 16.4 50.4 16.4 50.9 80.0 100 100 20 408 0 143 0 401 401 400 0 0 0 59 50 AUTO 0 
b.1 2025-07-08 05:17:10.118 a 2025-07-08-05:17:06 265 146 351 0.1 1.1 2.7 15.5 50.3 733.9 0.00 0 0.0 15.2 24.1 24.4 3.628  -34.2   19.3    0.0  45    7.1   8 0 0 1 1 1 0 16.4 50.4 16.4 50.8 80.0 100 100 20 408 0 143 0 401 401 400 0 0 0 59 50 AUTO 0 
b.1 2025-07-08 05:18:09.160 a 2025-07-08-05:18:05 042 161 291 0.1 1.5 3.7 15.5 49.3 733.9 0.00 0 0.0 15.2 24.1 24.4 3.627  -34.1   19.3    2.1  45    7.1   8 0 0 1 1 1 0 16.4 50.1 16.4 50.6 80.0 100 100 20 408 0 143 0 401 401 400 0 0 0 59 50 AUTO 0 
b.1 2025-07-08 05:19:11.381 a 2025-07-08-05:19:07 299 155 329 0.0 1.2 2.6 15.5 49.5 733.9 0.00 0 0.0 15.2 24.1 24.5 3.633  -33.3   19.3    0.0  45    7.0   8 0 0 1 1 1 0 16.3 50.0 16.4 50.4 80.0 100 100 20 408 0 143 0 401 401 400 0 0 0 60 50 AUTO 0 
b.1 2025-07-08 05:20:14.562 a 2025-07-08-05:20:10 048 146 276 0.1 1.7 3.1 15.5 48.9 733.9 0.00 0 0.0 15.2 24.1 24.5 3.628  -34.3   19.3    2.2  45    7.0   8 0 0 1 1 1 0 16.4 49.8 16.4 50.1 80.0 100 100 20 408 0 143 0 401 401 400 0 0 0 59 50 AUTO 0 
b.1 2025-07-08 05:21:10.362 a 2025-07-08-05:21:06 048 144 270 0.1 1.9 3.3 15.5 49.1 734.0 0.00 0 0.0 15.2 24.1 24.5 3.628  -35.6   19.3    2.3  45    6.9   8 0 0 1 1 1 0 16.4 49.6 16.4 49.9 80.0 100 100 20 408 0 143 0 401 402 400 0 0 0 59 50 AUTO 0 
b.1 2025-07-08 05:22:08.483 a 2025-07-08-05:22:04 080 142 247 0.3 1.7 3.0 15.5 48.8 734.0 0.00 0 0.0 15.4 24.1 24.5 3.627  -33.6   19.3    2.3  45    6.9   8 0 0 1 1 1 0 16.4 49.4 16.4 49.8 80.0 100 100 20 408 0 143 0 401 401 400 0 0 0 60 50 AUTO 0 
b.1 2025-07-08 05:23:12.180 a 2025-07-08-05:23:08 090 145 256 0.1 1.9 3.9 15.5 47.4 734.0 0.00 0 0.0 15.3 24.1 24.4 3.628  -34.3   19.3    2.3  44    6.9   8 0 0 1 1 1 0 16.4 49.2 16.4 49.6 80.0 100 100 20 408 0 143 0 401 401 399 0 0 0 59 50 AUTO 0 
b.1 2025-07-08 05:24:09.983 a 2025-07-08-05:24:06 060 160 309 0.1 1.2 3.2 15.6 45.6 734.0 0.00 0 0.0 15.4 24.1 24.5 3.629  -33.3   19.3    2.2  44    6.8   8 0 0 1 1 1 0 16.4 48.8 16.4 49.2 80.0 100 100 20 408 0 143 0 401 401 400 0 0 0 60 50 AUTO 0 
b.1 2025-07-08 05:25:14.938 a 2025-07-08-05:25:11 073 144 212 0.1 1.3 2.8 15.6 46.5 734.0 0.00 0 0.0 15.3 24.1 24.5 3.627  -35.4   19.4    2.2  44    6.8   8 0 0 1 1 1 0 16.3 48.2 16.4 48.6 80.0 100 100 20 408 0 143 0 401 401 400 0 0 0 60 50 AUTO 0 
b.1 2025-07-08 05:26:10.322 a 2025-07-08-05:26:06 013 147 278 0.0 1.3 4.2 15.6 46.3 734.0 0.00 0 0.0 15.4 24.1 24.4 3.627  -33.7   19.4    2.1  44    6.7   8 0 0 1 1 1 0 16.4 48.1 16.4 48.4 80.0 100 100 20 408 0 143 0 402 401 400 0 0 0 60 50 AUTO 0 
b.1 2025-07-08 05:27:15.684 a 2025-07-08-05:27:11 073 142 271 0.1 1.5 3.4 15.6 45.8 734.0 0.00 0 0.0 15.4 24.1 24.5 3.628  -34.5   19.4    2.2  43    6.7   8 0 0 1 1 1 0 16.3 47.7 16.4 48.1 80.0 100 100 20 408 0 143 0 401 401 400 0 0 0 59 50 AUTO 0 
b.1 2025-07-08 05:28:10.599 a 2025-07-08-05:28:06 213 132 293 0.2 1.6 3.4 15.7 45.8 734.0 0.00 0 0.0 15.4 24.1 24.5 3.628  -34.3   19.5    2.2  43    6.7   8 0 0 1 1 1 0 16.4 47.4 16.4 47.6 80.0 100 100 20 408 0 143 0 402 401 400 0 0 0 60 50 AUTO 0 
b.1 2025-07-08 05:29:11.463 a 2025-07-08-05:29:07 286 144 307 0.0 1.0 2.8 15.7 45.6 734.0 0.00 0 0.0 15.4 24.1 24.4 3.633  -33.6   19.5    0.0  43    6.6   8 0 0 1 1 1 0 16.4 46.9 16.4 47.3 80.0 100 100 20 408 0 143 0 401 401 400 0 0 0 59 50 AUTO 0 
b.1 2025-07-08 05:30:11.621 a 2025-07-08-05:30:07 209 133 313 0.1 1.3 2.9 15.7 45.6 734.1 0.00 0 0.0 15.4 24.1 24.4 3.628  -33.8   19.5    0.0  43    6.6   5 0 0 1 1 1 0 16.4 46.9 16.5 47.2 80.0 100 100 20 408 0 143 0 401 402 400 0 0 0 59 50 AUTO 0 
b.1 2025-07-08 05:31:12.825 a 2025-07-08-05:31:09 294 153 349 0.3 1.8 4.0 15.8 45.7 734.0 0.00 0 0.0 15.5 24.1 24.5 3.627  -34.3   19.5    2.2  43    6.6   5 0 0 1 1 1 0 16.4 46.7 16.4 47.0 80.0 100 100 20 408 0 143 0 401 402 400 0 0 0 59 50 AUTO 0 
b.1 2025-07-08 05:32:10.529 a 2025-07-08-05:32:06 023 154 220 0.1 1.5 3.5 15.8 45.6 734.0 0.00 0 0.0 15.5 24.1 24.5 3.633  -33.7   19.5    2.2  43    6.6   6 0 0 1 1 1 0 16.4 46.7 16.4 47.1 80.0 100 100 20 408 0 143 0 402 401 400 0 0 0 60 50 AUTO 0 
b.1 2025-07-08 05:33:11.244 a 2025-07-08-05:33:07 257 129 327 0.1 1.2 2.4 15.8 45.6 734.0 0.00 0 0.0 15.4 24.1 24.5 3.627  -33.4   19.5    2.1  43    6.6   7 0 0 1 1 1 0 16.4 46.5 16.4 46.9 80.0 100 100 20 408 0 143 0 401 401 400 0 0 0 59 50 AUTO 0 
b.1 2025-07-08 05:34:08.447 a 2025-07-08-05:34:04 237 125 324 0.1 1.3 2.9 15.8 45.5 734.1 0.00 0 0.0 15.5 24.1 24.5 3.627  -34.7   19.6    2.2  43    6.6   7 0 0 1 1 1 0 16.4 46.6 16.4 47.0 80.0 100 100 20 408 0 143 0 401 401 400 0 0 0 59 50 AUTO 0 
b.1 2025-07-08 05:35:14.184 a 2025-07-08-05:35:10 004 144 281 0.1 1.1 2.9 15.8 45.5 734.1 0.00 0 0.0 15.5 24.1 24.4 3.633  -34.3   19.6    0.0  43    6.6   7 0 0 1 1 1 0 16.4 46.5 16.5 46.9 80.0 100 100 20 408 0 143 0 402 401 400 0 0 0 60 50 AUTO 0 
b.1 2025-07-08 05:36:10.785 a 2025-07-08-05:36:07 061 134 216 0.1 1.7 3.2 15.8 45.6 734.1 0.00 0 0.0 15.4 24.1 24.5 3.627  -33.1   19.6    2.2  43    6.6   7 0 0 1 1 1 0 16.4 46.5 16.5 47.0 80.0 100 100 20 408 0 143 0 401 401 400 0 0 0 59 50 AUTO 0 
b.1 2025-07-08 05:37:10.624 a 2025-07-08-05:37:06 279 130 316 0.2 1.2 2.1 15.8 45.8 734.1 0.00 0 0.0 15.4 24.1 24.5 3.633  -33.5   19.6    0.0  43    6.5   7 0 0 1 1 1 0 16.4 46.5 16.5 46.9 80.0 100 100 20 408 0 143 0 401 401 400 0 0 0 60 50 AUTO 0 
b.1 2025-07-08 05:38:09.266 a 2025-07-08-05:38:05 224 115 316 0.0 1.2 2.4 15.8 45.8 734.1 0.00 0 0.0 15.4 24.1 24.5 3.627  -35.0   19.6    2.2  43    6.5   7 0 0 1 1 1 0 16.4 46.5 16.5 46.8 80.0 100 100 20 408 0 143 0 401 401 400 0 0 0 59 50 AUTO 0 
b.1 2025-07-08 05:39:13.326 a 2025-07-08-05:39:09 050 122 174 0.5 2.4 4.3 15.8 46.1 734.1 0.00 0 0.0 15.5 24.1 24.4 3.633  -35.0   19.6    2.4  43    6.5   7 0 0 1 1 1 0 16.4 46.6 16.5 46.9 80.0 100 100 20 408 0 143 0 402 401 400 0 0 0 59 50 AUTO 0 
b.1 2025-07-08 05:40:11.503 a 2025-07-08-05:40:07 066 120 211 0.3 2.5 4.3 15.8 46.2 734.1 0.00 0 0.0 15.6 24.1 24.5 3.627  -35.7   19.6    2.5  43    6.6   7 0 0 1 1 1 0 16.4 46.7 16.5 47.0 80.0 100 100 20 408 0 143 0 401 402 400 0 0 0 60 50 AUTO 0 
b.1 2025-07-08 05:41:15.203 a 2025-07-08-05:41:11 263 127 312 0.2 2.2 4.2 15.8 46.1 734.1 0.00 0 0.0 15.6 24.1 24.4 3.633  -35.9   19.6    2.6  43    6.6   7 0 0 1 1 1 0 16.4 46.8 16.5 47.0 80.0 100 100 20 408 0 143 0 401 401 400 0 0 0 59 50 AUTO 0 
b.1 2025-07-08 05:42:09.890 a 2025-07-08-05:42:06 286 130 327 0.3 2.1 4.2 15.8 46.2 734.1 0.00 0 0.0 15.7 24.1 24.5 3.628  -34.3   19.6    2.5  43    6.6   7 0 0 1 1 1 0 16.4 46.8 16.5 47.1 80.0 100 100 20 408 0 143 0 401 401 400 0 0 0 59 50 AUTO 0 
b.1 2025-07-08 05:43:14.424 a 2025-07-08-05:43:10 240 110 302 0.1 0.9 2.2 15.9 46.2 734.2 0.00 0 0.0 15.6 24.1 24.5 3.627  -34.2   19.7    2.2  43    6.6   7 0 0 1 1 1 0 16.4 46.9 16.5 47.2 80.0 100 100 20 408 0 143 0 401 401 400 0 0 0 59 50 AUTO 0 
b.1 2025-07-08 05:44:09.309 a 2025-07-08-05:44:05 200 107 357 0.4 1.7 2.8 15.9 46.1 734.2 0.00 0 0.0 15.6 24.1 24.5 3.628  -34.2   19.7    2.3  43    6.6   7 0 0 1 1 1 0 16.4 46.9 16.5 47.2 80.0 100 100 20 408 0 143 0 401 401 400 0 0 0 60 50 AUTO 0 
b.1 2025-07-08 05:45:15.463 a 2025-07-08-05:45:11 020 102 158 0.4 1.5 4.0 15.9 46.1 734.2 0.00 0 0.0 15.6 24.1 24.4 3.628  -33.0   19.7    2.3  42    6.6   7 0 0 1 1 1 0 16.4 46.9 16.5 47.2 80.0 100 100 20 408 0 143 0 402 401 400 0 0 0 60 50 AUTO 0 
b.1 2025-07-08 05:46:10.805 a 2025-07-08-05:46:07 162 094 309 0.3 1.4 4.3 15.8 46.3 734.2 0.00 0 0.0 15.6 24.1 24.5 3.627  -35.6   19.7    2.3  42    6.6   7 0 0 1 1 1 0 16.4 46.9 16.5 47.2 80.0 100 100 20 408 0 143 0 401 401 400 0 0 0 59 50 AUTO 0 
b.1 2025-07-08 05:47:13.628 a 2025-07-08-05:47:09 231 167 327 0.1 1.2 3.8 15.8 46.3 734.2 0.00 0 0.0 15.5 24.1 24.4 3.628  -37.1   19.8    2.2  42    6.7   7 0 0 1 1 1 0 16.4 47.0 16.5 47.2 80.0 100 100 20 408 0 143 0 402 401 400 0 0 0 59 50 AUTO 0 
b.1 2025-07-08 05:48:09.206 a 2025-07-08-05:48:05 080 127 189 1.0 2.6 3.8 15.8 46.4 734.2 0.00 0 0.0 15.6 24.1 24.5 3.633  -34.4   19.8    2.4  42    6.7   7 0 0 1 1 1 0 16.4 47.1 16.5 47.3 80.0 100 100 20 408 0 143 0 401 402 400 0 0 0 59 50 AUTO 0 
b.1 2025-07-08 05:49:09.851 a 2025-07-08-05:49:06 083 136 226 0.2 1.5 2.7 15.8 46.3 734.2 0.00 0 0.0 15.6 24.1 24.5 3.627  -35.1   19.8    2.3  42    6.7   7 0 0 1 1 1 0 16.4 47.1 16.5 47.3 80.0 100 100 20 408 0 143 0 401 401 400 0 0 0 59 50 AUTO 0 
b.1 2025-07-08 05:50:12.351 a 2025-07-08-05:50:08 023 122 177 0.2 1.7 3.5 15.9 46.3 734.2 0.00 0 0.0 15.6 24.1 24.5 3.628  -33.8   19.8    2.4  42    6.7   7 0 0 1 1 1 0 16.4 47.1 16.5 47.4 80.0 100 100 20 408 0 143 0 401 401 400 0 0 0 60 50 AUTO 0 
b.1 2025-07-08 05:51:12.851 a 2025-07-08-05:51:09 014 124 198 0.3 1.8 3.9 15.9 46.2 734.2 0.00 0 0.0 15.6 24.1 24.5 3.634  -33.7   19.8    2.3  42    6.7   7 0 0 1 1 1 0 16.4 47.1 16.5 47.4 80.0 100 100 20 408 0 143 0 402 401 400 0 0 0 59 50 AUTO 0 
b.1 2025-07-08 05:52:09.628 a 2025-07-08-05:52:05 045 121 183 0.1 1.6 4.2 15.9 46.2 734.2 0.00 0 0.0 15.6 24.1 24.4 3.627  -34.6   19.8    2.3  42    6.7   7 0 0 1 1 1 0 16.4 47.1 16.5 47.5 80.0 100 100 20 408 0 143 0 402 402 400 0 0 0 60 50 AUTO 0 
b.1 2025-07-08 05:53:13.407 a 2025-07-08-05:53:09 046 123 218 0.1 1.5 4.2 15.9 46.3 734.2 0.00 0 0.0 15.6 24.1 24.4 3.628  -34.5   19.8    2.3  42    6.7   7 0 0 1 1 1 0 16.4 47.1 16.5 47.5 80.0 100 100 20 408 0 143 0 402 401 400 0 0 0 59 50 AUTO 0 
b.1 2025-07-08 05:54:11.292 a 2025-07-08-05:54:07 099 146 242 0.2 2.0 4.2 15.9 46.3 734.2 0.00 0 0.0 15.6 24.1 24.5 3.632  -33.3   19.8    2.3  42    6.7   7 0 0 1 1 1 0 16.4 47.1 16.5 47.5 80.0 100 100 20 408 0 143 0 401 401 400 0 0 0 59 50 AUTO 0 
b.1 2025-07-08 05:55:14.289 a 2025-07-08-05:55:10 096 142 235 0.2 2.0 4.2 15.9 46.2 734.2 0.00 0 0.0 15.6 24.1 24.5 3.627  -35.2   19.8    2.4  42    6.7   7 0 0 1 1 1 0 16.4 47.2 16.5 47.6 80.0 100 100 20 408 0 143 0 401 401 400 0 0 0 60 50 AUTO 0 
b.1 2025-07-08 05:56:10.407 a 2025-07-08-05:56:06 023 183 240 0.0 1.0 3.6 15.9 46.2 734.2 0.00 0 0.0 15.7 24.1 24.4 3.629  -33.7   19.8    2.2  42    6.7   7 0 0 1 1 1 0 16.4 47.1 16.5 47.5 80.0 100 100 20 408 0 143 0 401 402 400 0 0 0 59 50 AUTO 0 
b.1 2025-07-08 05:57:12.173 a 2025-07-08-05:57:08 267 118 320 0.0 1.7 4.1 15.9 46.1 734.2 0.00 0 0.0 15.6 24.1 24.5 3.629  -34.8   19.8    2.2  42    6.7   7 0 0 1 1 1 0 16.4 47.2 16.5 47.4 80.0 100 100 20 408 0 143 0 401 401 400 0 0 0 59 50 AUTO 0 
b.1 2025-07-08 05:58:10.631 a 2025-07-08-05:58:06 235 121 287 0.1 1.5 3.8 15.9 46.2 734.1 0.00 0 0.0 15.6 24.1 24.4 3.628  -33.3   19.8    2.2  42    6.7   7 0 0 1 1 1 0 16.4 47.1 16.5 47.5 80.0 100 100 20 408 0 143 0 401 401 399 0 0 0 59 50 AUTO 0 
b.1 2025-07-08 05:59:14.568 a 2025-07-08-05:59:10 075 142 213 0.1 1.6 3.6 15.9 46.3 734.1 0.00 0 0.0 15.6 24.1 24.4 3.627  -33.9   19.8    2.2  42    6.7   7 0 0 1 1 1 0 16.4 47.2 16.4 47.5 80.0 100 100 20 408 0 143 0 401 401 400 0 0 0 59 50 AUTO 0 
b.1 2025-07-08 06:00:12.233 a 2025-07-08-06:00:08 061 148 242 0.1 1.3 3.0 15.9 46.3 734.2 0.00 0 0.0 15.6 24.1 24.4 3.628  -34.5   19.8    2.2  42    6.7   7 0 0 1 1 1 0 16.4 47.2 16.5 47.5 80.0 100 100 20 408 0 143 0 401 401 400 0 0 0 59 50 AUTO 0 
b.1 2025-07-08 06:01:12.209 a 2025-07-08-06:01:08 174 126 355 0.2 1.6 2.9 15.9 46.3 734.2 0.00 0 0.0 15.6 24.1 24.5 3.627  -34.4   19.9    2.2  42    6.7   7 0 0 1 1 1 0 16.4 47.2 16.5 47.5 80.0 100 100 20 408 0 143 0 401 401 399 0 0 0 60 50 AUTO 0 
b.1 2025-07-08 06:02:08.255 a 2025-07-08-06:02:04 033 112 265 0.1 1.3 3.4 15.9 46.4 734.1 0.00 0 0.0 15.6 24.1 24.5 3.627  -34.6   19.9    2.2  42    6.7   7 0 0 1 1 1 0 16.4 47.2 16.5 47.5 80.0 100 100 20 408 0 143 0 401 401 400 0 0 0 59 50 AUTO 0 
b.1 2025-07-08 06:03:11.596 a 2025-07-08-06:03:07 190 123 352 0.1 1.2 3.6 15.8 46.4 734.2 0.00 0 0.0 15.5 24.1 24.4 3.627  -35.8   19.9    2.2  42    6.7   7 0 0 1 1 1 0 16.4 47.3 16.5 47.5 80.0 100 100 20 408 0 143 0 402 401 400 0 0 0 59 50 AUTO 0 
b.1 2025-07-08 06:04:10.190 a 2025-07-08-06:04:06 043 121 207 0.7 2.0 3.6 15.8 46.4 734.2 0.00 0 0.0 15.6 24.1 24.5 3.629  -35.6   19.9    2.3  42    6.7   7 0 0 1 1 1 0 16.4 47.3 16.5 47.6 80.0 100 100 20 408 0 143 0 401 402 400 0 0 0 60 50 AUTO 0 
b.1 2025-07-08 06:05:13.572 a 2025-07-08-06:05:09 025 101 156 0.2 1.4 2.7 15.8 46.5 734.2 0.00 0 0.0 15.6 24.1 24.5 3.627  -33.9   19.9    2.2  42    6.7   7 0 0 1 1 1 0 16.4 47.3 16.5 47.5 80.0 100 100 20 408 0 143 0 401 401 400 0 0 0 59 50 AUTO 0 
b.1 2025-07-08 06:06:10.213 a 2025-07-08-06:06:06 067 123 233 0.1 1.0 2.2 15.8 46.5 734.2 0.00 0 0.0 15.5 24.1 24.5 3.628  -35.0   19.9    2.2  42    6.7   7 0 0 1 1 1 0 16.4 47.3 16.5 47.6 80.0 100 100 20 408 0 143 0 401 402 400 0 0 0 59 50 AUTO 0 
b.1 2025-07-08 06:07:15.710 a 2025-07-08-06:07:11 124 115 129 0.1 1.6 2.8 15.8 46.6 734.2 0.00 0 0.0 15.6 24.1 24.5 3.627  -35.6   19.9    2.2  42    6.7   7 0 0 1 1 1 0 16.4 47.3 16.5 47.5 80.0 100 100 20 408 0 143 0 401 401 400 0 0 0 60 50 AUTO 0 
b.1 2025-07-08 06:08:07.515 a 2025-07-08-06:08:03 080 137 270 0.2 1.2 2.4 15.8 46.6 734.2 0.00 0 0.0 15.5 24.1 24.4 3.633  -33.7   19.9    2.2  42    6.7   7 0 0 1 1 1 0 16.4 47.3 16.5 47.6 80.0 100 100 20 408 0 143 0 401 402 400 0 0 0 60 50 AUTO 0 
b.1 2025-07-08 06:09:09.678 a 2025-07-08-06:09:05 108 120 166 0.1 0.9 2.6 15.8 46.6 734.2 0.00 0 0.0 15.4 24.1 24.4 3.634  -34.2   19.9    0.0  42    6.7   7 0 0 1 1 1 0 16.4 47.3 16.5 47.6 80.0 100 100 20 408 0 143 0 401 402 400 0 0 0 60 50 AUTO 0 
b.1 2025-07-08 06:10:12.430 a 2025-07-08-06:10:08 046 134 245 0.1 0.8 2.6 15.8 46.6 734.2 0.00 0 0.0 15.4 24.1 24.5 3.633  -33.2   19.9    0.0  42    6.7   5 0 0 1 1 1 0 16.4 47.3 16.5 47.7 80.0 100 100 20 408 0 143 0 401 402 399 0 0 0 59 50 AUTO 0 
b.1 2025-07-08 06:11:12.474 a 2025-07-08-06:11:08 063 138 239 0.1 1.0 3.4 15.8 46.6 734.2 0.00 0 0.0 15.4 24.1 24.4 3.627  -34.7   19.9    2.2  42    6.6   5 0 0 1 1 1 0 16.4 47.3 16.4 47.6 80.0 100 100 20 408 0 143 0 401 401 400 0 0 0 60 50 AUTO 0 
b.1 2025-07-08 06:12:10.171 a 2025-07-08-06:12:06 130 134 337 0.1 1.1 2.8 15.7 46.7 734.2 0.00 0 0.0 15.4 24.1 24.5 3.626  -33.2   19.9    2.2  42    6.6   5 0 0 1 1 1 0 16.4 47.3 16.4 47.7 80.0 100 100 20 408 0 143 0 401 401 400 0 0 0 59 50 AUTO 0 
b.1 2025-07-08 06:13:10.213 a 2025-07-08-06:13:06 058 147 257 0.1 1.3 3.7 15.7 46.7 734.2 0.00 0 0.0 15.3 24.1 24.4 3.627  -34.4   19.9    0.0  42    6.6   7 0 0 1 1 1 0 16.4 47.3 16.4 47.6 80.0 100 100 20 408 0 143 0 401 401 400 0 0 0 60 50 AUTO 0 
b.1 2025-07-08 06:14:08.960 a 2025-07-08-06:14:05 004 143 276 0.1 1.8 4.2 15.7 46.9 734.2 0.00 0 0.0 15.4 24.1 24.5 3.628  -36.5   19.9    2.2  42    6.6   7 0 0 1 1 1 0 16.4 47.3 16.4 47.7 80.0 100 100 20 408 0 143 0 401 401 400 0 0 0 59 50 AUTO 0 
b.1 2025-07-08 06:15:11.496 a 2025-07-08-06:15:07 084 147 217 0.5 1.8 3.3 15.7 46.9 734.2 0.00 0 0.0 15.4 24.1 24.5 3.627  -33.8   19.8    2.3  42    6.6   7 0 0 1 1 1 0 16.4 47.4 16.4 47.8 80.0 100 100 20 408 0 143 0 401 401 400 0 0 0 59 50 AUTO 0 
b.1 2025-07-08 06:16:11.575 a 2025-07-08-06:16:07 239 132 327 0.1 1.7 3.4 15.7 46.9 734.2 0.00 0 0.0 15.5 24.1 24.4 3.627  -35.1   19.8    2.2  42    6.6   7 0 0 1 1 1 0 16.4 47.4 16.4 47.8 80.0 100 100 20 408 0 143 0 401 401 399 0 0 0 60 50 AUTO 0 
b.1 2025-07-08 06:17:09.436 a 2025-07-08-06:17:05 079 161 263 0.1 1.4 3.3 15.7 47.0 734.2 0.00 0 0.0 15.5 24.1 24.5 3.633  -33.8   19.8    2.2  42    6.6   7 0 0 1 1 1 0 16.4 47.4 16.4 47.8 80.0 100 100 20 408 0 143 0 401 401 400 0 0 0 59 50 AUTO 0 
b.1 2025-07-08 06:18:13.295 a 2025-07-08-06:18:09 270 144 322 0.1 1.7 3.0 15.7 46.9 734.2 0.00 0 0.0 15.5 24.1 24.5 3.628  -34.9   19.8    2.2  42    6.6   7 0 0 1 1 1 0 16.4 47.4 16.4 47.8 80.0 100 100 20 408 0 143 0 401 401 400 0 0 0 59 50 AUTO 0 
b.1 2025-07-08 06:19:10.619 a 2025-07-08-06:19:06 094 144 290 0.1 1.7 3.1 15.7 46.9 734.2 0.00 0 0.0 15.5 24.1 24.5 3.627  -35.3   19.8    2.3  42    6.6   7 0 0 1 1 1 0 16.4 47.4 16.4 47.8 80.0 100 100 20 408 0 143 0 401 402 399 0 0 0 59 50 AUTO 0 
b.1 2025-07-08 06:20:16.673 a 2025-07-08-06:20:12 080 143 302 0.1 1.1 2.9 15.7 46.9 734.2 0.00 0 0.0 15.5 24.1 24.5 3.628  -33.5   19.8    2.2  42    6.6   7 0 0 1 1 1 0 16.4 47.4 16.4 47.8 80.0 100 100 20 408 0 143 0 401 401 400 0 0 0 59 50 AUTO 0 
b.1 2025-07-08 06:21:09.138 a 2025-07-08-06:21:05 270 134 315 0.0 1.0 3.5 15.8 46.9 734.2 0.00 0 0.0 15.5 24.1 24.5 3.627  -33.1   19.8    0.0  42    6.6   7 0 0 1 1 1 0 16.3 47.5 16.4 47.8 80.0 100 100 20 408 0 143 0 401 401 400 0 0 0 59 50 AUTO 0 
b.1 2025-07-08 06:22:12.138 a 2025-07-08-06:22:08 098 221 324 0.1 1.5 3.1 15.7 46.9 734.2 0.00 0 0.0 15.5 24.1 24.5 3.627  -34.4   19.8    2.2  42    6.6   7 0 0 1 1 1 0 16.3 47.5 16.4 47.8 80.0 100 100 20 408 0 143 0 401 401 400 0 0 0 60 50 AUTO 0 
b.1 2025-07-08 06:23:11.881 a 2025-07-08-06:23:08 212 107 307 0.1 1.5 4.1 15.7 47.0 734.2 0.00 0 0.0 15.4 24.1 24.5 3.633  -35.7   19.8    2.2  42    6.6   7 0 0 1 1 1 0 16.4 47.5 16.4 47.8 80.0 100 100 20 408 0 143 0 401 401 399 0 0 0 60 50 AUTO 0 
b.1 2025-07-08 06:24:09.717 a 2025-07-08-06:24:06 184 112 324 0.4 2.3 3.9 15.7 47.1 734.2 0.00 0 0.0 15.5 24.1 24.5 3.627  -34.3   19.8    2.4  42    6.6   7 0 0 1 1 1 0 16.3 47.6 16.4 47.8 80.0 100 100 20 408 0 143 0 402 401 400 0 0 0 60 50 AUTO 0 
b.1 2025-07-08 06:25:10.759 a 2025-07-08-06:25:06 049 126 209 0.2 1.3 3.5 15.7 47.0 734.2 0.00 0 0.0 15.5 24.1 24.4 3.626  -33.4   19.8    2.3  42    6.6   7 0 0 1 1 1 0 16.3 47.6 16.4 47.8 80.0 100 100 20 408 0 143 0 401 401 400 0 0 0 59 50 AUTO 0 
b.1 2025-07-08 06:26:10.038 a 2025-07-08-06:26:06 195 109 270 0.0 0.9 2.7 15.7 47.0 734.2 0.00 0 0.0 15.5 24.1 24.5 3.628  -33.1   19.8    0.0  42    6.6   7 0 0 1 1 1 0 16.3 47.6 16.4 47.8 80.0 100 100 20 408 0 143 0 401 401 400 0 0 0 60 50 AUTO 0 
b.1 2025-07-08 06:27:12.855 a 2025-07-08-06:27:09 177 093 215 0.2 1.3 2.7 15.7 47.0 734.2 0.00 0 0.0 15.5 24.1 24.5 3.626  -34.3   19.8    2.2  42    6.6   7 0 0 1 1 1 0 16.3 47.6 16.4 47.8 80.0 100 100 20 408 0 143 0 401 401 400 0 0 0 59 50 AUTO 0 
b.1 2025-07-08 06:28:08.240 a 2025-07-08-06:28:04 081 075 092 0.1 0.9 2.3 15.7 46.9 734.2 0.00 0 0.0 15.4 24.1 24.4 3.628  -34.6   19.8    0.0  42    6.6   7 0 0 1 1 1 0 16.3 47.6 16.4 47.8 80.0 100 100 20 408 0 143 3 401 401 400 2 0 2 59 50 AUTO 0 
b.1 2025-07-08 06:29:12.397 a 2025-07-08-06:29:08 163 078 318 0.1 1.0 2.6 15.7 47.0 734.3 0.00 0 0.0 15.4 24.1 24.5 3.633  -33.8   19.8    0.0  42    6.6   7 0 0 1 1 1 0 16.3 47.6 16.4 47.9 80.0 100 100 20 408 0 143 0 402 401 400 0 0 0 60 50 AUTO 0 
b.1 2025-07-08 06:30:11.421 a 2025-07-08-06:30:07 170 120 294 0.0 0.9 2.3 15.7 47.0 734.2 0.00 0 0.0 15.3 24.1 24.5 3.628  -33.1   19.8    0.0  42    6.6   0 0 0 1 1 1 0 16.3 47.7 16.4 47.9 80.0 100 100 20 408 0 143 0 401 401 400 0 0 0 59 50 AUTO 0 
b.1 2025-07-08 06:31:13.674 a 2025-07-08-06:31:09 153 125 352 0.0 0.8 2.8 15.7 47.0 734.2 0.00 0 0.0 15.3 24.1 24.5 3.627  -33.8   19.8    0.0  42    6.6   5 0 0 1 1 1 0 16.3 47.7 16.4 47.8 80.0 100 100 20 408 0 143 0 401 402 400 0 0 0 60 50 AUTO 0 
b.1 2025-07-08 06:32:10.655 a 2025-07-08-06:32:06 013 122 209 0.2 1.7 4.1 15.6 47.0 734.2 0.00 0 0.0 15.3 24.1 24.5 3.628  -35.2   19.7    2.2  42    6.6  10 0 0 1 1 1 0 16.3 47.7 16.4 47.9 80.0 100 100 20 408 0 143 0 401 402 400 0 0 0 59 50 AUTO 0 
b.1 2025-07-08 06:33:10.901 a 2025-07-08-06:33:07 021 102 229 0.6 1.8 3.6 15.7 47.0 734.2 0.00 0 0.0 15.4 24.1 24.5 3.627  -33.6   19.7    2.3  42    6.6   7 0 0 1 1 1 0 16.3 47.6 16.4 47.9 80.0 100 100 20 408 0 143 0 401 402 399 0 0 0 59 50 AUTO 0 
b.1 2025-07-08 06:34:10.578 a 2025-07-08-06:34:06 238 100 329 0.2 1.7 3.8 15.7 47.0 734.2 0.00 0 0.0 15.4 24.1 24.4 3.628  -36.0   19.7    2.3  42    6.6   7 0 0 1 1 1 0 16.3 47.6 16.4 47.9 80.0 100 100 20 408 0 143 0 401 401 400 0 0 0 60 50 AUTO 0 
b.1 2025-07-08 06:35:17.098 a 2025-07-08-06:35:13 097 138 191 0.9 2.6 4.5 15.7 47.0 734.2 0.00 0 0.0 15.5 24.1 24.5 3.634  -34.9   19.7    2.6  42    6.6   9 0 0 1 1 1 0 16.3 47.6 16.4 47.9 80.0 100 100 20 408 0 143 0 401 401 399 0 0 0 59 50 AUTO 0 
b.1 2025-07-08 06:36:10.999 a 2025-07-08-06:36:07 237 112 293 0.2 2.0 3.6 15.7 46.9 734.2 0.00 0 0.0 15.6 24.1 24.5 3.627  -35.4   19.7    2.5  42    6.6   9 0 0 1 1 1 0 16.3 47.6 16.4 47.8 80.0 100 100 20 408 0 143 0 401 402 400 0 0 0 59 50 AUTO 0 
b.1 2025-07-08 06:37:11.540 a 2025-07-08-06:37:07 195 116 279 0.0 0.7 1.9 15.7 46.9 734.2 0.00 0 0.0 15.5 24.1 24.5 3.627  -33.8   19.7    2.2  42    6.6   9 0 0 1 1 1 0 16.3 47.7 16.4 47.9 80.0 100 100 20 408 0 143 0 401 401 400 0 0 0 60 50 AUTO 0 
b.1 2025-07-08 06:38:12.599 a 2025-07-08-06:38:08 010 116 199 0.1 1.6 3.5 15.7 47.0 734.2 0.00 0 0.0 15.4 24.1 24.5 3.627  -33.5   19.7    2.2  42    6.6   9 0 0 1 1 1 0 16.3 47.6 16.4 47.9 80.0 100 100 20 408 0 143 0 401 401 400 0 0 0 59 50 AUTO 0 
b.1 2025-07-08 06:39:13.319 a 2025-07-08-06:39:09 160 139 301 0.0 1.0 3.4 15.7 47.1 734.2 0.00 0 0.0 15.4 24.1 24.5 3.627  -34.5   19.7    2.2  42    6.6   5 0 0 1 1 1 0 16.3 47.7 16.4 47.9 80.0 100 100 20 408 0 143 0 401 401 400 0 0 0 59 50 AUTO 0 
b.1 2025-07-08 06:40:13.966 a 2025-07-08-06:40:10 197 080 325 0.1 1.0 3.1 15.7 47.1 734.2 0.00 0 0.0 15.4 24.1 24.5 3.626  -33.5   19.7    2.1  42    6.6   6 0 0 1 1 1 0 16.3 47.7 16.4 48.0 80.0 100 100 20 408 0 143 0 401 401 400 0 0 0 59 50 AUTO 0 
b.1 2025-07-08 06:41:06.943 a 2025-07-08-06:41:03 172 050 215 0.1 1.1 3.0 15.7 47.1 734.2 0.00 0 0.0 15.4 24.1 24.4 3.627  -34.1   19.7    2.2  42    6.6   8 0 0 1 1 1 0 16.3 47.7 16.4 48.0 80.0 100 100 20 408 0 143 0 401 401 400 0 0 0 59 50 AUTO 0 
b.1 2025-07-08 06:42:11.582 a 2025-07-08-06:42:07 237 128 327 0.1 1.9 4.7 15.7 47.1 734.1 0.00 0 0.0 15.4 24.1 24.5 3.635  -33.3   19.7    2.3  42    6.6   9 0 0 1 1 1 0 16.3 47.7 16.3 48.0 80.0 100 100 20 408 0 143 0 402 401 400 0 0 0 60 50 AUTO 0 
b.1 2025-07-08 06:43:12.266 a 2025-07-08-06:43:08 035 112 167 0.1 1.6 3.4 15.7 47.1 734.2 0.00 0 0.0 15.4 24.1 24.5 3.627  -34.8   19.7    2.3  42    6.6   9 0 0 1 1 1 0 16.3 47.8 16.3 48.1 80.0 100 100 20 408 0 143 0 401 401 400 0 0 0 59 50 AUTO 0 
b.1 2025-07-08 06:44:11.545 a 2025-07-08-06:44:07 160 100 354 1.0 2.5 4.4 15.6 47.1 734.2 0.00 0 0.0 15.5 24.1 24.5 3.629  -33.9   19.7    2.6  42    6.6   9 0 0 1 1 1 0 16.3 47.8 16.3 48.1 80.0 100 100 20 408 0 143 0 401 401 400 0 0 0 59 50 AUTO 0 
b.1 2025-07-08 06:45:12.539 a 2025-07-08-06:45:08 035 098 164 0.4 2.3 4.1 15.7 47.1 734.2 0.00 0 0.0 15.5 24.1 24.5 3.634  -34.8   19.7    2.7  43    6.6   9 0 0 1 1 1 0 16.2 47.8 16.3 48.0 80.0 100 100 20 408 0 143 0 401 401 399 0 0 0 59 50 AUTO 0 
b.1 2025-07-08 06:46:17.078 a 2025-07-08-06:46:13 185 080 312 0.3 1.3 3.4 15.7 47.0 734.2 0.00 0 0.0 15.5 24.1 24.4 3.627  -33.3   19.7    2.5  43    6.6   9 0 0 1 1 1 0 16.3 47.8 16.4 47.9 80.0 100 100 20 408 0 143 0 401 401 400 0 0 0 59 50 AUTO 0 
b.1 2025-07-08 06:47:12.563 a 2025-07-08-06:47:08 006 082 158 0.7 1.5 3.2 15.7 47.0 734.2 0.00 0 0.0 15.5 24.1 24.5 3.628  -34.9   19.7    2.5  42    6.6   9 0 0 1 1 1 0 16.3 47.8 16.3 48.0 80.0 100 100 20 408 0 143 0 401 401 400 0 0 0 59 50 AUTO 0 
b.1 2025-07-08 06:48:10.545 a 2025-07-08-06:48:06 151 068 224 0.1 1.0 2.3 15.7 47.1 734.2 0.00 0 0.0 15.4 24.1 24.5 3.628  -34.6   19.7    2.3  42    6.6   9 0 0 1 1 1 0 16.3 47.8 16.4 48.0 80.0 100 100 20 408 0 143 0 401 401 399 0 0 0 60 50 AUTO 0 
b.1 2025-07-08 06:49:12.660 a 2025-07-08-06:49:08 168 108 307 0.2 1.8 3.9 15.6 47.2 734.2 0.00 0 0.0 15.4 24.1 24.5 3.627  -33.5   19.7    2.3  42    6.6   9 0 0 1 1 1 0 16.3 47.8 16.4 48.0 80.0 100 100 20 408 0 143 0 402 401 400 0 0 0 60 50 AUTO 0 
b.1 2025-07-08 06:50:12.881 a 2025-07-08-06:50:09 040 099 129 0.7 1.9 3.0 15.6 47.3 734.2 0.00 0 0.0 15.4 24.1 24.5 3.628  -33.5   19.7    2.5  42    6.6   9 0 0 1 1 1 0 16.3 47.9 16.4 48.1 80.0 100 100 20 408 0 143 0 401 402 400 0 0 0 60 50 AUTO 0 
b.1 2025-07-08 06:51:11.703 a 2025-07-08-06:51:07 020 100 170 0.4 1.8 3.4 15.6 47.2 734.2 0.00 0 0.0 15.4 24.1 24.5 3.627  -33.6   19.7    2.5  42    6.6   9 0 0 1 1 1 0 16.3 47.8 16.4 48.1 80.0 100 100 20 408 0 143 0 401 401 400 0 0 0 60 50 AUTO 0 
b.1 2025-07-08 06:52:11.503 a 2025-07-08-06:52:07 173 089 321 0.3 1.4 2.7 15.6 47.2 734.2 0.00 0 0.0 15.4 24.1 24.5 3.626  -34.1   19.7    2.4  43    6.7   9 0 0 1 1 1 0 16.3 47.9 16.4 48.0 80.0 100 100 20 408 0 143 0 401 401 400 0 0 0 60 50 AUTO 0 
b.1 2025-07-08 06:53:14.180 a 2025-07-08-06:53:10 176 100 320 0.3 1.6 4.0 15.6 47.2 734.2 0.00 0 0.0 15.4 24.1 24.5 3.627  -34.0   19.7    2.4  42    6.6   5 0 0 1 1 1 0 16.3 47.8 16.4 48.0 80.0 100 100 20 408 0 143 0 401 401 399 0 0 0 60 50 AUTO 0 
b.1 2025-07-08 06:54:08.367 a 2025-07-08-06:54:04 164 086 320 0.2 1.5 2.8 15.6 47.2 734.2 0.00 0 0.0 15.4 24.1 24.5 3.627  -34.3   19.7    2.4  43    6.7   7 0 0 1 1 1 0 16.3 47.8 16.4 48.0 80.0 100 100 20 408 0 143 0 401 401 400 0 0 0 60 50 AUTO 0 
b.1 2025-07-08 06:55:13.966 a 2025-07-08-06:55:10 166 119 351 0.2 1.6 3.2 15.6 47.2 734.2 0.00 0 0.0 15.4 24.1 24.5 3.627  -33.0   19.7    2.4  42    6.6   7 0 0 1 1 1 0 16.3 47.7 16.4 48.0 80.0 100 100 20 408 0 143 0 401 401 400 0 0 0 59 50 AUTO 0 
b.1 2025-07-08 06:56:12.403 a 2025-07-08-06:56:08 180 110 000 0.2 1.0 2.2 15.6 47.2 734.2 0.00 0 0.0 15.4 24.1 24.4 3.627  -33.4   19.7    2.2  42    6.6   7 0 0 1 1 1 0 16.3 47.7 16.4 48.0 80.0 100 100 20 408 0 143 0 401 401 400 0 0 0 59 50 AUTO 0 
b.1 2025-07-08 06:57:13.983 a 2025-07-08-06:57:10 045 101 146 0.6 2.5 4.7 15.6 47.3 734.2 0.00 0 0.0 15.4 24.1 24.5 3.627  -35.7   19.7    2.5  42    6.6   7 0 0 1 1 1 0 16.3 47.7 16.4 47.9 80.0 100 100 20 408 0 143 0 400 401 400 0 0 0 60 50 AUTO 0 
b.1 2025-07-08 06:58:10.426 a 2025-07-08-06:58:06 022 098 158 0.6 2.0 3.5 15.6 47.1 734.2 0.00 0 0.0 15.4 24.1 24.4 3.637  -34.4   19.7    2.6  42    6.6   8 0 0 1 1 1 0 16.3 47.7 16.4 47.9 80.0 100 100 20 408 0 143 0 401 401 399 0 0 0 60 50 AUTO 0 
b.1 2025-07-08 06:59:11.986 a 2025-07-08-06:59:08 073 268 345 0.2 1.4 2.8 15.6 47.1 734.2 0.00 0 0.0 15.4 24.1 24.5 3.628  -35.7   19.7    2.4  42    6.6   8 0 0 1 1 1 0 16.3 47.7 16.3 47.9 80.0 100 100 20 408 0 143 0 401 402 399 0 0 0 59 50 AUTO 0 
b.1 2025-07-08 07:00:11.785 a 2025-07-08-07:00:08 042 093 145 0.7 2.1 3.6 15.6 47.1 734.2 0.00 0 0.0 15.5 24.1 24.5 3.629  -34.6   19.7    2.6  42    6.6   8 0 0 1 1 1 0 16.3 47.8 16.3 48.0 80.0 100 100 20 408 0 143 0 401 402 400 0 0 0 59 50 AUTO 0 
b.1 2025-07-08 07:01:12.365 a 2025-07-08-07:01:08 020 089 136 0.4 2.1 3.5 15.6 47.2 734.2 0.00 0 0.0 15.4 24.1 24.4 3.633  -34.2   19.7    2.7  42    6.6   8 0 0 1 1 1 0 16.2 47.8 16.3 48.0 80.0 100 100 20 408 0 143 0 401 401 400 0 0 0 59 50 AUTO 0 
b.1 2025-07-08 07:02:10.029 a 2025-07-08-07:02:06 025 082 145 0.4 1.8 3.7 15.6 47.2 734.2 0.00 0 0.0 15.4 24.1 24.4 3.627  -34.5   19.7    2.6  42    6.6   8 0 0 1 1 1 0 16.2 47.8 16.3 48.0 80.0 100 100 20 408 0 143 0 401 401 400 0 0 0 59 50 AUTO 0 
b.1 2025-07-08 07:03:11.249 a 2025-07-08-07:03:07 024 080 152 0.2 1.6 3.0 15.6 47.2 734.2 0.00 0 0.0 15.4 24.1 24.4 3.628  -33.8   19.7    2.6  42    6.6   8 0 0 1 1 1 0 16.3 47.8 16.3 48.0 80.0 100 100 20 408 0 143 0 401 401 400 0 0 0 60 50 AUTO 0 
b.1 2025-07-08 07:04:09.667 a 2025-07-08-07:04:05 114 085 294 0.1 1.4 3.3 15.6 47.3 734.2 0.00 0 0.0 15.4 24.1 24.5 3.627  -34.3   19.7    2.5  43    6.6   8 0 0 1 1 1 0 16.2 47.8 16.3 48.0 80.0 100 100 20 408 0 143 0 401 401 400 0 0 0 59 50 AUTO 0 
b.1 2025-07-08 07:05:13.230 a 2025-07-08-07:05:09 027 077 137 0.4 1.9 2.9 15.6 47.3 734.2 0.00 0 0.0 15.4 24.1 24.4 3.628  -34.7   19.7    2.6  42    6.6   8 0 0 1 1 1 0 16.2 47.8 16.3 48.0 80.0 100 100 20 408 0 143 0 401 401 400 0 0 0 59 50 AUTO 0 
b.1 2025-07-08 07:06:10.711 a 2025-07-08-07:06:06 043 088 147 0.6 2.3 3.8 15.5 47.3 734.2 0.00 0 0.0 15.4 24.1 24.4 3.627  -34.8   19.7    2.8  43    6.6   8 0 0 1 1 1 0 16.2 47.9 16.3 48.0 80.0 100 100 20 408 0 143 0 400 401 400 0 0 0 60 50 AUTO 0 
b.1 2025-07-08 07:07:10.872 a 2025-07-08-07:07:07 012 090 136 0.9 2.2 3.8 15.5 47.4 734.2 0.00 0 0.0 15.4 24.1 24.5 3.627  -34.8   19.6    2.9  43    6.6   8 0 0 1 1 1 0 16.2 47.9 16.3 48.0 80.0 100 100 20 408 0 143 0 401 401 400 0 0 0 59 50 AUTO 0 
b.1 2025-07-08 07:08:09.272 a 2025-07-08-07:08:05 017 085 121 0.4 2.2 3.7 15.5 47.4 734.2 0.00 0 0.0 15.4 24.1 24.5 3.634  -35.6   19.6    3.0  43    6.6   8 0 0 1 1 1 0 16.2 48.0 16.3 48.1 80.0 100 100 20 408 0 143 0 402 401 400 0 0 0 60 50 AUTO 0 
b.1 2025-07-08 07:09:14.167 a 2025-07-08-07:09:10 027 082 115 0.5 2.0 3.3 15.5 47.5 734.2 0.00 0 0.0 15.4 24.1 24.4 3.629  -36.1   19.6    3.0  43    6.5   8 0 0 1 1 1 0 16.2 48.0 16.3 48.0 80.0 100 100 20 408 0 143 0 401 401 399 0 0 0 60 50 AUTO 0 
b.1 2025-07-08 07:10:11.648 a 2025-07-08-07:10:07 131 078 000 0.1 1.7 3.5 15.5 47.5 734.2 0.00 0 0.0 15.4 24.1 24.5 3.627  -34.3   19.6    2.7  43    6.6   8 0 0 1 1 1 0 16.2 48.0 16.3 48.1 80.0 100 100 20 408 0 143 0 401 402 399 0 0 0 59 50 AUTO 0 
b.1 2025-07-08 07:11:12.009 a 2025-07-08-07:11:08 015 068 118 0.6 1.9 4.1 15.5 47.6 734.2 0.00 0 0.0 15.4 24.1 24.5 3.628  -35.2   19.6    2.8  43    6.6   8 0 0 1 1 1 0 16.2 48.1 16.3 48.1 80.0 100 100 20 408 0 143 0 402 401 400 0 0 0 60 50 AUTO 0 
b.1 2025-07-08 07:12:11.849 a 2025-07-08-07:12:07 010 069 120 0.5 1.8 3.5 15.5 47.6 734.2 0.00 0 0.0 15.4 24.1 24.5 3.628  -33.8   19.6    2.8  43    6.6   8 0 0 1 1 1 0 16.2 48.1 16.3 48.1 80.0 100 100 20 408 0 143 0 401 401 400 0 0 0 60 50 AUTO 0 
b.1 2025-07-08 07:13:10.632 a 2025-07-08-07:13:06 027 091 160 0.5 1.4 2.8 15.5 47.6 734.2 0.00 0 0.0 15.3 24.1 24.4 3.633  -33.8   19.6    2.6  43    6.5   8 0 0 1 1 1 0 16.2 48.0 16.3 48.1 80.0 100 100 20 408 0 143 5 401 402 399 2 2 2 60 50 AUTO 0 
b.1 2025-07-08 07:14:08.770 a 2025-07-08-07:14:04 116 071 355 0.4 1.3 2.1 15.5 47.6 734.2 0.00 0 0.0 15.3 24.1 24.5 3.631  -34.4   19.6    2.5  43    6.5   8 0 0 1 1 1 0 16.1 48.1 16.3 48.1 80.0 100 100 20 408 0 143 0 401 402 400 0 0 0 59 50 AUTO 0 
b.1 2025-07-08 07:15:10.096 a 2025-07-08-07:15:06 149 065 195 0.1 1.0 2.3 15.5 47.6 734.2 0.00 0 0.0 15.2 24.1 24.5 3.629  -33.1   19.6    2.3  43    6.5   8 0 0 1 1 1 0 16.2 48.0 16.3 48.1 80.0 100 100 20 408 0 143 0 401 402 399 0 0 0 59 50 AUTO 0 
b.1 2025-07-08 07:16:11.153 a 2025-07-08-07:16:07 139 056 285 0.1 1.7 2.9 15.4 47.7 734.2 0.00 0 0.0 15.2 24.1 24.5 3.627  -33.7   19.6    2.4  43    6.6   5 0 0 1 1 1 0 16.2 48.0 16.2 48.2 80.0 100 100 20 408 0 143 0 401 401 400 0 0 0 59 50 AUTO 0 
b.1 2025-07-08 07:17:10.536 a 2025-07-08-07:17:06 220 078 294 0.1 1.5 3.4 15.4 47.8 734.2 0.00 0 0.0 15.2 24.1 24.5 3.627  -33.7   19.6    2.4  43    6.6   7 0 0 1 1 1 0 16.2 48.0 16.2 48.2 80.0 100 100 20 408 0 143 0 401 402 399 0 0 0 59 50 AUTO 0 
b.1 2025-07-08 07:18:15.987 a 2025-07-08-07:18:12 014 070 111 0.9 2.2 3.6 15.4 47.8 734.2 0.00 0 0.0 15.2 24.1 24.5 3.628  -34.2   19.5    2.7  43    6.5   8 0 0 1 1 1 0 16.2 48.0 16.2 48.3 80.0 100 100 20 408 0 143 0 401 401 400 0 0 0 59 50 AUTO 0 
b.1 2025-07-08 07:19:09.190 a 2025-07-08-07:19:05 101 049 302 0.4 1.6 2.8 15.4 47.8 734.2 0.00 0 0.0 15.2 24.1 24.4 3.627  -34.2   19.5    2.6  43    6.5   8 0 0 1 1 1 0 16.2 48.0 16.2 48.4 80.0 100 100 20 408 0 143 0 401 401 400 0 0 0 59 50 AUTO 0 
b.1 2025-07-08 07:20:13.493 a 2025-07-08-07:20:09 109 079 214 0.1 1.3 2.7 15.4 47.9 734.2 0.00 0 0.0 15.2 24.1 24.4 3.632  -33.6   19.5    2.4  43    6.5   8 0 0 1 1 1 0 16.2 48.0 16.2 48.3 80.0 100 100 20 408 0 143 0 401 401 400 0 0 0 60 50 AUTO 0 
b.1 2025-07-08 07:21:10.874 a 2025-07-08-07:21:07 110 070 291 0.1 1.6 2.8 15.3 47.9 734.2 0.00 0 0.0 15.2 24.1 24.4 3.627  -34.0   19.5    2.5  43    6.5   8 0 0 1 1 1 0 16.2 48.0 16.2 48.4 80.0 100 100 20 408 0 143 0 401 401 400 0 0 0 59 50 AUTO 0 
b.1 2025-07-08 07:22:13.571 a 2025-07-08-07:22:09 021 061 104 0.8 1.8 3.1 15.3 48.0 734.2 0.00 0 0.0 15.1 24.1 24.4 3.627  -34.2   19.5    2.6  43    6.5   8 0 0 1 1 1 0 16.2 48.1 16.1 48.4 80.0 100 100 20 408 0 143 0 401 401 400 0 0 0 59 50 AUTO 0 
b.1 2025-07-08 07:23:10.595 a 2025-07-08-07:23:06 128 070 345 0.2 1.1 2.3 15.3 48.1 734.2 0.00 0 0.0 15.2 24.1 24.5 3.627  -33.8   19.4    2.4  43    6.4   8 0 0 1 1 1 0 16.1 48.1 16.1 48.5 80.0 100 100 20 408 0 143 0 401 402 400 0 0 0 59 50 AUTO 0 
b.1 2025-07-08 07:24:13.173 a 2025-07-08-07:24:09 023 073 136 0.3 1.7 2.8 15.3 48.1 734.2 0.00 0 0.0 15.1 24.1 24.4 3.626  -34.2   19.4    2.5  43    6.4   8 0 0 1 1 1 0 16.1 48.1 16.1 48.6 80.0 100 100 20 408 0 143 0 401 401 400 0 0 0 59 50 AUTO 0 
b.1 2025-07-08 07:25:11.072 a 2025-07-08-07:25:07 129 062 281 0.1 1.5 2.8 15.2 48.2 734.2 0.00 0 0.0 15.1 24.1 24.5 3.627  -33.5   19.4    2.5  43    6.4   5 0 0 1 1 1 0 16.1 48.1 16.1 48.6 80.0 100 100 20 408 0 143 0 401 401 400 0 0 0 59 50 AUTO 0 
b.1 2025-07-08 07:26:12.220 a 2025-07-08-07:26:08 021 069 151 0.0 1.4 2.5 15.2 48.3 734.2 0.00 0 0.0 15.0 24.1 24.5 3.627  -33.6   19.4    2.4  43    6.4   5 0 0 1 1 1 0 16.1 48.1 16.1 48.7 80.0 100 100 20 408 0 143 0 401 401 400 0 0 0 59 50 AUTO 0 
b.1 2025-07-08 07:27:08.714 a 2025-07-08-07:27:04 026 087 142 0.2 1.7 3.4 15.2 48.4 734.2 0.00 0 0.0 15.0 24.1 24.5 3.631  -33.5   19.3    2.4  43    6.4   8 0 0 1 1 1 0 16.1 48.1 16.1 48.7 80.0 100 100 20 408 0 143 0 401 401 400 0 0 0 60 50 AUTO 0 
b.1 2025-07-08 07:28:10.053 a 2025-07-08-07:28:06 006 075 133 0.4 1.7 2.7 15.2 48.4 734.2 0.00 0 0.0 15.0 24.1 24.5 3.627  -34.0   19.3    2.4  43    6.4   8 0 0 1 1 1 0 16.1 48.2 16.1 48.7 80.0 100 100 20 408 0 143 0 401 401 400 0 0 0 60 50 AUTO 0 
b.1 2025-07-08 07:29:12.173 a 2025-07-08-07:29:08 141 070 350 0.3 1.3 2.9 15.2 48.5 734.2 0.00 0 0.0 15.0 24.1 24.5 3.627  -33.8   19.3    2.3  43    6.4   8 0 0 1 1 1 0 16.1 48.3 16.1 48.8 80.0 100 100 20 408 0 143 0 402 401 400 0 0 0 59 50 AUTO 0 
b.1 2025-07-08 07:30:14.812 a 2025-07-08-07:30:10 001 060 145 0.4 1.3 2.7 15.1 48.6 734.2 0.00 0 0.0 15.0 24.1 24.5 3.628  -33.8   19.3    2.3  43    6.4   8 0 0 1 1 1 0 16.1 48.3 16.1 48.9 80.0 100 100 20 408 0 143 0 401 401 400 0 0 0 60 50 AUTO 0 
b.1 2025-07-08 07:31:09.417 a 2025-07-08-07:31:05 112 054 347 0.3 2.1 4.0 15.1 48.7 734.1 0.00 0 0.0 15.0 24.1 24.5 3.628  -34.3   19.2    2.6  43    6.4   8 0 0 1 1 1 0 16.1 48.3 16.1 48.8 80.0 100 100 20 408 0 143 0 401 401 400 0 0 0 59 50 AUTO 0 
b.1 2025-07-08 07:32:13.473 a 2025-07-08-07:32:09 188 064 242 0.1 1.5 3.2 15.1 48.8 734.2 0.00 0 0.0 15.0 24.1 24.4 3.627  -34.2   19.2    2.4  43    6.4   8 0 0 1 1 1 0 16.1 48.4 16.1 48.8 80.0 100 100 20 408 0 143 0 401 401 400 0 0 0 60 50 AUTO 0 
b.1 2025-07-08 07:33:09.479 a 2025-07-08-07:33:05 019 085 129 0.4 2.3 4.0 15.1 48.8 734.2 0.00 0 0.0 15.0 24.1 24.5 3.627  -33.7   19.2    2.6  43    6.4   8 0 0 1 1 1 0 16.1 48.4 16.0 48.9 80.0 100 100 20 408 0 143 0 402 401 400 0 0 0 60 50 AUTO 0 
b.1 2025-07-08 07:34:10.936 a 2025-07-08-07:34:07 008 079 128 0.2 1.6 4.1 15.1 48.8 734.2 0.00 0 0.0 15.0 24.1 24.5 3.627  -34.2   19.1    2.5  43    6.4   8 0 0 1 1 1 0 16.0 48.4 16.0 49.0 80.0 100 100 20 408 0 143 0 401 401 400 0 0 0 59 50 AUTO 0 
b.1 2025-07-08 07:35:13.934 a 2025-07-08-07:35:10 025 091 143 0.6 1.7 3.9 15.1 48.8 734.2 0.00 0 0.0 15.0 24.1 24.5 3.626  -35.9   19.1    2.5  43    6.4   8 0 0 1 1 1 0 16.0 48.5 16.0 49.0 80.0 100 100 20 408 0 143 0 401 401 400 0 0 0 60 50 AUTO 0 
b.1 2025-07-08 07:36:12.334 a 2025-07-08-07:36:08 194 067 234 0.3 2.1 3.8 15.1 49.1 734.2 0.00 0 0.0 15.0 24.1 24.5 3.632  -34.3   19.1    2.8  44    6.4   8 0 0 1 1 1 0 16.0 48.7 16.0 49.1 80.0 100 100 20 408 0 143 0 401 401 400 0 0 0 59 50 AUTO 0 
b.1 2025-07-08 07:37:10.180 a 2025-07-08-07:37:06 194 083 287 0.1 2.0 3.9 15.1 49.1 734.2 0.00 0 0.0 15.0 24.1 24.5 3.628  -35.1   19.1    2.6  44    6.5   8 0 0 1 1 1 0 16.0 48.7 16.0 49.2 80.0 100 100 20 408 0 143 0 401 402 399 0 0 0 59 50 AUTO 0 
b.1 2025-07-08 07:38:14.341 a 2025-07-08-07:38:10 011 078 113 0.7 2.6 4.2 15.1 49.0 734.2 0.00 0 0.0 15.0 24.1 24.5 3.627  -35.1   19.1    2.9  44    6.5   8 0 0 1 1 1 0 16.0 48.9 15.9 49.4 80.0 100 100 20 408 0 143 0 401 402 400 0 0 0 59 50 AUTO 0 
b.1 2025-07-08 07:39:09.259 a 2025-07-08-07:39:05 136 070 321 0.3 1.9 3.4 15.1 49.0 734.2 0.00 0 0.0 15.0 24.1 24.5 3.628  -34.2   19.1    2.7  44    6.5   8 0 0 1 1 1 0 16.0 48.9 15.9 49.4 80.0 100 100 20 408 0 143 0 401 401 400 0 0 0 60 50 AUTO 0 
b.1 2025-07-08 07:40:16.096 a 2025-07-08-07:40:12 129 083 309 0.2 1.3 3.1 15.1 49.0 734.2 0.00 0 0.0 15.0 24.1 24.5 3.627  -33.4   19.1    2.4  44    6.5   8 0 0 1 1 1 0 16.0 48.8 16.0 49.3 80.0 100 100 20 408 0 143 2 401 401 400 0 0 3 60 50 AUTO 0 
b.1 2025-07-08 07:41:08.799 a 2025-07-08-07:41:04 011 074 129 0.2 1.8 3.5 15.1 49.0 734.2 0.00 0 0.0 15.0 24.1 24.5 3.627  -33.8   19.0    2.5  44    6.5   8 0 0 1 1 1 0 16.0 48.8 16.0 49.2 80.0 100 100 20 408 0 143 0 401 401 400 0 0 0 59 50 AUTO 0 
b.1 2025-07-08 07:42:12.818 a 2025-07-08-07:42:08 181 061 216 0.4 2.3 3.6 15.1 49.2 734.2 0.00 0 0.0 15.0 24.1 24.5 3.627  -34.2   19.0    2.8  44    6.5   8 0 0 1 1 1 0 16.0 49.0 16.0 49.3 80.0 100 100 20 408 0 143 0 402 401 400 0 0 0 59 50 AUTO 0 
b.1 2025-07-08 07:43:10.342 a 2025-07-08-07:43:06 110 077 295 0.2 2.4 4.3 15.0 50.4 734.2 0.00 0 0.0 15.0 24.1 24.5 3.628  -36.7   19.0    2.9  44    6.5   8 0 0 1 1 1 0 16.0 49.1 16.0 49.4 80.0 100 100 20 408 0 143 0 401 402 399 0 0 0 60 50 AUTO 0 
b.1 2025-07-08 07:44:17.236 a 2025-07-08-07:44:13 144 078 279 0.1 1.7 3.4 15.0 50.1 734.2 0.00 0 0.0 15.0 24.1 24.5 3.627  -34.1   19.0    2.7  44    6.5   8 0 0 1 1 1 0 15.9 49.6 16.0 49.8 80.0 100 100 20 408 0 143 0 401 401 400 0 0 0 60 50 AUTO 0 
b.1 2025-07-08 07:45:11.082 a 2025-07-08-07:45:07 144 077 279 0.1 2.2 4.6 15.0 50.1 734.2 0.00 0 0.0 15.0 24.1 24.4 3.633  -35.9   19.0    2.9  44    6.5   8 0 0 1 1 1 0 15.9 49.8 16.0 50.1 80.0 100 100 20 408 0 143 0 401 401 399 0 0 0 59 50 AUTO 0 
b.1 2025-07-08 07:46:10.982 a 2025-07-08-07:46:07 025 083 160 0.6 3.7 5.6 15.0 50.1 734.2 0.00 0 0.0 15.1 24.1 24.4 3.627  -35.2   18.9    4.0  45    6.6  10 0 0 1 1 1 0 15.9 50.4 16.0 50.7 80.0 100 100 20 408 0 143 0 400 401 400 0 0 0 59 50 AUTO 0 
b.1 2025-07-08 07:47:10.124 a 2025-07-08-07:47:06 002 081 174 0.1 2.1 4.4 15.0 50.9 734.2 0.00 0 0.0 15.0 24.1 24.5 3.627  -34.7   18.9    3.2  45    6.7  10 0 0 1 1 1 0 15.9 50.4 15.9 50.8 80.0 100 100 20 408 0 143 0 402 401 400 0 0 0 60 50 AUTO 0 
b.1 2025-07-08 07:48:10.119 a 2025-07-08-07:48:06 114 067 329 0.1 1.9 4.1 15.0 50.7 734.2 0.00 0 0.0 15.0 24.1 24.4 3.627  -34.4   18.9    2.9  45    6.6  10 0 0 1 1 1 0 15.9 50.4 15.9 50.8 80.0 100 100 20 408 0 143 0 401 401 400 0 0 0 59 50 AUTO 0 
b.1 2025-07-08 07:49:10.240 a 2025-07-08-07:49:06 172 069 338 0.4 1.6 3.3 15.0 50.9 734.2 0.00 0 0.0 14.9 24.1 24.5 3.635  -33.3   18.9    2.6  45    6.6   5 0 0 1 1 1 0 15.9 50.4 15.9 50.9 80.0 100 100 20 408 0 143 0 401 401 400 0 0 0 60 50 AUTO 0 
b.1 2025-07-08 07:50:16.739 a 2025-07-08-07:50:12 026 074 136 0.4 2.2 4.2 15.0 50.8 734.2 0.00 0 0.0 15.0 24.1 24.5 3.629  -34.6   18.9    2.9  45    6.7  12 0 0 1 1 1 0 15.9 50.6 15.9 50.9 80.0 100 100 20 408 0 143 0 401 402 399 0 0 0 59 50 AUTO 0 
b.1 2025-07-08 07:51:12.263 a 2025-07-08-07:51:08 137 073 326 0.4 2.1 5.0 15.0 52.2 734.1 0.00 0 0.0 15.0 24.1 24.5 3.627  -34.9   18.9    2.9  45    6.7   9 0 0 1 1 1 0 15.9 51.2 15.9 51.6 80.0 100 100 20 408 0 143 0 401 401 400 0 0 0 59 50 AUTO 0 
b.1 2025-07-08 07:52:10.803 a 2025-07-08-07:52:06 117 074 332 0.4 2.3 4.4 15.0 51.7 734.2 0.00 0 0.0 15.0 24.1 24.5 3.633  -34.6   18.9    3.1  45    6.8   9 0 0 1 1 1 0 15.9 51.3 15.9 51.7 80.0 100 100 20 408 0 143 0 401 401 400 0 0 0 60 50 AUTO 0 
b.1 2025-07-08 07:53:10.641 a 2025-07-08-07:53:06 119 077 296 0.1 2.2 4.7 14.9 52.0 734.2 0.00 0 0.0 15.0 24.1 24.5 3.627  -36.0   18.8    3.1  45    6.8   9 0 0 1 1 1 0 15.8 51.5 15.9 52.0 80.0 100 100 20 408 0 143 0 401 402 400 0 0 0 59 50 AUTO 0 
b.1 2025-07-08 07:54:12.059 a 2025-07-08-07:54:08 244 082 282 0.1 1.2 4.4 14.9 52.1 734.1 0.00 0 0.0 14.9 24.0 23.4 3.634  -33.2   18.8    2.4  46    6.8   9 0 0 1 1 1 0 15.9 51.6 15.8 52.2 80.0 100 100 20 408 0 143 0 401 401 400 0 0 0 60 50 AUTO 0 
b.1 2025-07-08 07:55:12.164 a 2025-07-08-07:55:08 014 082 155 0.5 2.8 4.7 14.9 52.5 734.1 0.00 0 0.0 15.0 24.1 24.4 3.627  -33.5   18.8    2.9  46    6.9   9 0 0 1 1 1 0 15.9 51.9 15.8 52.5 80.0 100 100 20 408 0 143 0 401 401 400 0 0 0 59 50 AUTO 0 
b.1 2025-07-08 07:56:16.479 a 2025-07-08-07:56:12 015 080 135 0.4 2.2 4.1 14.9 52.6 734.1 0.00 0 0.0 15.0 24.1 24.5 3.627  -35.4   18.8    2.9  46    6.9   9 0 0 1 1 1 0 15.8 52.1 15.8 52.7 80.0 100 100 20 408 0 143 0 401 401 399 0 0 0 60 50 AUTO 0 
b.1 2025-07-08 07:57:11.184 a 2025-07-08-07:57:07 125 066 326 0.2 1.7 4.0 14.9 52.7 734.1 0.00 0 0.0 14.9 24.1 24.5 3.628  -33.7   18.8    2.7  46    6.9   9 0 0 1 1 1 0 15.8 52.2 15.8 52.8 80.0 100 100 20 408 0 143 0 401 402 399 0 0 0 59 50 AUTO 0 
b.1 2025-07-08 07:58:12.502 a 2025-07-08-07:58:08 108 057 281 0.2 1.7 3.9 14.9 52.8 734.1 0.00 0 0.0 15.0 24.1 24.5 3.628  -35.0   18.8    2.6  46    7.0   5 0 0 1 1 1 0 15.8 52.4 15.8 52.9 80.0 100 100 20 408 0 143 0 401 401 399 0 0 0 59 50 AUTO 0 
b.1 2025-07-08 07:59:10.721 a 2025-07-08-07:59:06 131 078 325 0.7 2.5 4.7 14.9 53.0 734.1 0.00 0 0.0 15.0 24.1 24.5 3.627  -34.2   18.8    2.9  46    7.0  11 0 0 1 1 1 0 15.8 52.6 15.8 53.2 80.0 100 100 20 408 0 143 0 401 401 399 0 0 0 59 50 AUTO 0 
b.1 2025-07-08 08:00:14.668 a 2025-07-08-08:00:10 100 084 308 0.4 3.0 5.2 14.9 53.2 734.1 0.00 0 0.0 15.0 24.1 24.5 3.628  -34.3   18.8    3.5  46    7.1  10 0 0 1 1 1 0 15.8 52.7 15.8 53.2 80.0 100 100 20 408 0 143 0 401 402 400 0 0 0 59 50 AUTO 0 
b.1 2025-07-08 08:01:08.926 a 2025-07-08-08:01:05 065 062 137 0.1 1.7 4.1 14.9 53.2 734.1 0.00 0 0.0 15.0 24.1 24.5 3.628  -35.3   18.8    2.9  46    7.1  10 0 0 1 1 1 0 15.8 52.8 15.8 53.2 80.0 100 100 20 408 0 143 0 402 401 400 0 0 0 59 50 AUTO 0 
b.1 2025-07-08 08:02:10.684 a 2025-07-08-08:02:06 111 078 326 0.2 2.1 3.6 14.9 53.2 734.1 0.00 0 0.0 15.0 24.1 24.4 3.633  -34.4   18.7    3.0  47    7.1  10 0 0 1 1 1 0 15.8 52.8 15.8 53.3 80.0 100 100 20 408 0 143 0 401 401 400 0 0 0 59 50 AUTO 0 
b.1 2025-07-08 08:03:10.384 a 2025-07-08-08:03:06 149 077 220 0.2 2.0 4.0 14.9 53.2 734.1 0.00 0 0.0 14.9 24.1 24.5 3.629  -33.7   18.7    2.9  47    7.1   5 0 0 1 1 1 0 15.8 52.9 15.8 53.3 80.0 100 100 20 408 0 143 0 401 401 400 0 0 0 59 50 AUTO 0 
b.1 2025-07-08 08:04:10.967 a 2025-07-08-08:04:07 115 082 270 0.0 1.2 3.3 14.9 53.4 734.1 0.00 0 0.0 15.0 24.1 24.5 3.628  -32.9   18.7    2.4  47    7.1   5 0 0 1 1 1 0 15.7 53.0 15.8 53.4 80.0 100 100 20 408 0 143 0 401 401 400 0 0 0 59 50 AUTO 0 
b.1 2025-07-08 08:05:16.628 a 2025-07-08-08:05:12 134 086 192 0.1 2.1 4.1 14.8 52.6 734.0 0.00 0 0.0 15.0 24.1 24.5 3.629  -35.0   18.7    2.6  47    7.1  12 0 0 1 1 1 0 15.7 53.1 15.8 53.4 80.0 100 100 20 408 0 143 0 401 401 399 0 0 0 59 50 AUTO 0 
b.1 2025-07-08 08:06:14.005 a 2025-07-08-08:06:10 023 069 116 0.8 2.3 3.7 14.9 53.4 734.0 0.00 0 0.0 15.0 24.1 24.5 3.627  -33.9   18.7    2.8  47    7.0   9 0 0 1 1 1 0 15.7 53.0 15.8 53.5 80.0 100 100 20 408 0 143 0 401 401 400 0 0 0 59 50 AUTO 0 
b.1 2025-07-08 08:07:11.668 a 2025-07-08-08:07:07 015 078 141 0.3 1.7 3.3 14.9 52.6 734.0 0.00 0 0.0 15.0 24.1 24.5 3.628  -34.1   18.7    2.8  47    7.0   9 0 0 1 1 1 0 15.7 53.0 15.7 53.5 80.0 100 100 20 408 0 143 0 401 401 400 0 0 0 60 50 AUTO 0 
b.1 2025-07-08 08:08:11.944 a 2025-07-08-08:08:08 031 089 219 0.3 1.9 3.8 14.9 52.5 734.0 0.00 0 0.0 15.0 24.1 24.5 3.628  -33.3   18.7    2.7  47    7.0   9 0 0 1 1 1 0 15.7 52.9 15.7 53.3 80.0 100 100 20 408 0 143 0 401 401 400 0 0 0 60 50 AUTO 0 
b.1 2025-07-08 08:09:09.707 a 2025-07-08-08:09:05 027 083 118 0.6 2.0 4.0 14.9 52.7 734.0 0.00 0 0.0 14.9 24.1 24.5 3.628  -33.7   18.7    2.8  46    7.0   9 0 0 1 1 1 0 15.7 52.9 15.8 53.3 80.0 100 100 20 408 0 143 0 401 401 399 0 0 0 60 50 AUTO 0 
b.1 2025-07-08 08:10:12.424 a 2025-07-08-08:10:08 027 085 128 0.4 2.4 5.0 14.9 52.5 734.1 0.00 0 0.0 15.0 24.1 24.5 3.628  -33.7   18.8    2.9  46    7.1   9 0 0 1 1 1 0 15.7 52.8 15.7 53.3 80.0 100 100 20 408 0 143 0 401 401 399 0 0 0 60 50 AUTO 0 
b.1 2025-07-08 08:11:14.729 a 2025-07-08-08:11:10 030 076 111 0.8 2.1 3.8 14.9 52.6 734.1 0.00 0 0.0 15.1 24.1 24.5 3.628  -34.5   18.8    3.0  46    7.0   9 0 0 1 1 1 0 15.7 52.8 15.7 53.2 80.0 100 100 20 408 0 143 0 401 401 400 0 0 0 59 50 AUTO 0 
b.1 2025-07-08 08:12:10.209 a 2025-07-08-08:12:06 014 067 192 0.3 1.9 3.4 14.9 52.3 734.1 0.00 0 0.0 15.0 24.1 24.5 3.633  -34.2   18.8    2.9  46    7.0   9 0 0 1 1 1 0 15.7 52.8 15.7 53.0 80.0 100 100 20 408 0 143 0 401 401 400 0 0 0 60 50 AUTO 0 
b.1 2025-07-08 08:13:11.068 a 2025-07-08-08:13:07 201 068 236 0.2 1.5 3.8 14.9 52.2 734.1 0.00 0 0.0 15.0 24.1 24.4 3.627  -33.5   18.8    2.6  46    7.1   9 0 0 1 1 1 0 15.6 52.7 15.7 53.0 80.0 100 100 20 408 0 143 0 400 401 400 0 0 0 60 50 AUTO 0 
b.1 2025-07-08 08:14:10.069 a 2025-07-08-08:14:06 124 073 335 0.2 2.3 4.3 14.9 52.1 734.1 0.00 0 0.0 15.0 24.1 24.5 3.627  -33.0   18.8    2.8  46    7.1   9 0 0 1 1 1 0 15.6 52.7 15.7 53.0 80.0 100 100 20 408 0 143 0 401 401 400 0 0 0 60 50 AUTO 0 
b.1 2025-07-08 08:15:12.707 a 2025-07-08-08:15:08 165 081 345 0.6 1.6 3.3 14.9 52.2 734.1 0.00 0 0.0 15.0 24.1 24.5 3.634  -33.1   18.8    2.7  46    7.1   9 0 0 1 1 1 0 15.7 52.5 15.7 52.9 80.0 100 100 20 408 0 143 0 401 402 399 0 0 0 60 50 AUTO 0 
b.1 2025-07-08 08:16:11.890 a 2025-07-08-08:16:07 250 080 291 0.1 1.4 2.9 14.9 52.2 734.0 0.00 0 0.0 15.1 24.1 24.4 3.627  -33.3   18.8    2.5  46    7.0   9 0 0 1 1 1 0 15.6 52.4 15.7 52.8 80.0 100 100 20 408 0 143 0 401 401 400 0 0 0 59 50 AUTO 0 
b.1 2025-07-08 08:17:11.671 a 2025-07-08-08:17:07 129 068 356 0.3 1.9 4.1 14.9 52.2 734.0 0.00 0 0.0 15.0 24.1 24.4 3.634  -34.9   18.8    2.5  46    7.0   9 0 0 1 1 1 0 15.7 52.3 15.7 52.7 80.0 100 100 20 408 0 143 0 401 401 400 0 0 0 59 50 AUTO 0 
b.1 2025-07-08 08:18:11.427 a 2025-07-08-08:18:07 026 077 164 0.5 2.3 4.1 14.9 52.1 734.0 0.00 0 0.0 15.0 24.1 24.5 3.627  -34.5   18.8    2.8  46    7.0   9 0 0 1 1 1 0 15.7 52.2 15.7 52.7 80.0 100 100 20 408 0 143 0 401 401 399 0 0 0 60 50 AUTO 0 
b.1 2025-07-08 08:19:10.312 a 2025-07-08-08:19:06 141 070 000 0.5 2.0 3.6 14.9 52.3 734.0 0.00 0 0.0 15.0 24.1 24.5 3.628  -33.5   18.8    2.9  46    7.0   9 0 0 1 1 1 0 15.7 52.1 15.7 52.6 80.0 100 100 20 408 0 143 0 401 401 400 0 0 0 59 50 AUTO 0 
b.1 2025-07-08 08:20:15.411 a 2025-07-08-08:20:11 230 093 323 0.1 1.3 3.2 14.9 52.1 734.0 0.00 0 0.0 14.9 24.1 24.5 3.627  -33.9   18.8    2.5  46    7.0   9 0 0 1 1 1 0 15.7 52.1 15.7 52.6 80.0 100 100 20 408 0 143 0 401 401 400 0 0 0 60 50 AUTO 0 
b.1 2025-07-08 08:21:11.388 a 2025-07-08-08:21:07 106 076 295 0.2 1.5 3.0 14.9 52.2 734.0 0.00 0 0.0 14.9 24.1 24.5 3.627  -33.2   18.8    2.4  46    7.0   9 0 0 1 1 1 0 15.7 52.2 15.7 52.7 80.0 100 100 20 408 0 143 0 401 401 400 0 0 0 60 50 AUTO 0 
b.1 2025-07-08 08:22:12.131 a 2025-07-08-08:22:08 003 055 118 0.6 1.9 3.3 14.9 52.3 734.0 0.00 0 0.0 15.0 24.1 24.4 3.628  -33.7   18.8    2.6  46    7.0   9 0 0 1 1 1 0 15.7 52.3 15.7 52.7 80.0 100 100 20 408 0 143 0 401 401 400 0 0 0 60 50 AUTO 0 
b.1 2025-07-08 08:23:08.351 a 2025-07-08-08:23:04 009 071 157 0.2 2.1 4.2 14.9 52.4 734.0 0.00 0 0.0 15.0 24.1 24.5 3.628  -33.3   18.8    2.7  46    7.0   9 0 0 1 1 1 0 15.7 52.3 15.7 52.7 80.0 100 100 20 408 0 143 0 401 401 400 0 0 0 60 50 AUTO 0 
b.1 2025-07-08 08:24:12.690 a 2025-07-08-08:24:08 140 095 312 0.1 1.4 3.3 14.9 52.5 734.0 0.00 0 0.0 15.0 24.1 24.5 3.627  -33.7   18.8    2.5  46    7.0   9 0 0 1 1 1 0 15.7 52.2 15.7 52.7 80.0 100 100 20 408 0 143 0 401 401 400 0 0 0 60 50 AUTO 0 
b.1 2025-07-08 08:25:09.413 a 2025-07-08-08:25:05 164 078 243 0.4 1.7 3.3 14.8 52.6 734.0 0.00 0 0.0 15.0 24.1 24.5 3.633  -35.9   18.8    2.5  46    7.0   9 0 0 1 1 1 0 15.7 52.3 15.7 52.8 80.0 100 100 20 408 0 143 0 401 401 400 0 0 0 59 50 AUTO 0 
b.1 2025-07-08 08:26:11.292 a 2025-07-08-08:26:07 004 067 159 0.5 2.2 3.7 14.8 52.7 734.0 0.00 0 0.0 15.0 24.1 24.5 3.627  -34.4   18.8    2.7  46    7.0   9 0 0 1 1 1 0 15.7 52.5 15.6 53.0 80.0 100 100 20 408 0 143 0 401 401 400 0 0 0 60 50 AUTO 0 
b.1 2025-07-08 08:27:12.114 a 2025-07-08-08:27:08 013 080 150 0.1 1.6 3.6 14.8 52.7 734.0 0.00 0 0.0 15.1 24.1 24.5 3.628  -33.7   18.8    2.6  46    7.0   9 0 0 1 1 1 0 15.6 52.6 15.6 53.0 80.0 100 100 20 408 0 143 0 401 401 400 0 0 0 59 50 AUTO 0 
b.1 2025-07-08 08:28:11.996 a 2025-07-08-08:28:08 232 076 285 0.1 1.4 3.1 14.8 52.7 734.0 0.00 0 0.0 15.0 23.9 23.4 3.633  -33.4   18.8    2.4  46    7.0   5 0 0 1 1 1 0 15.6 52.6 15.6 53.0 80.0 100 100 20 408 0 143 0 401 401 400 0 0 0 59 50 AUTO 0 
b.1 2025-07-08 08:29:11.371 a 2025-07-08-08:29:07 192 074 318 0.1 1.4 2.8 14.8 52.8 734.0 0.00 0 0.0 15.0 24.0 24.5 3.628  -34.2   18.8    2.3  46    7.1   5 0 0 1 1 1 0 15.6 52.5 15.6 53.0 80.0 100 100 20 408 0 143 0 401 401 400 0 0 0 60 50 AUTO 0 
b.1 2025-07-08 08:30:15.177 a 2025-07-08-08:30:11 139 057 000 0.7 2.0 3.7 14.8 52.8 734.0 0.00 0 0.0 15.0 24.1 24.5 3.627  -35.0   18.8    2.5  46    7.0  12 0 0 1 1 1 0 15.6 52.6 15.7 53.1 80.0 100 100 20 408 0 143 0 401 401 400 0 0 0 60 50 AUTO 0 
b.1 2025-07-08 08:31:11.851 a 2025-07-08-08:31:07 178 083 310 0.2 1.9 4.3 14.8 53.1 734.0 0.00 0 0.0 15.0 24.1 24.5 3.628  -33.9   18.8    2.4  47    7.1   9 0 0 1 1 1 0 15.6 52.8 15.7 53.3 80.0 100 100 20 408 0 143 0 401 401 400 0 0 0 59 50 AUTO_PARK 600 
b.1 2025-07-08 08:32:10.654 a 2025-07-08-08:32:06 142 069 291 0.3 1.6 3.5 14.8 53.0 734.0 0.00 0 0.0 15.0 24.1 24.5 3.628  -32.7   18.8    2.5  47    7.1   9 0 0 1 1 1 0 15.7 52.8 15.7 53.2 80.0 100 100 20 408 0 143 0 401 401 399 0 0 0 60 50 AUTO_PARK 600 
b.1 2025-07-08 08:33:08.974 a 2025-07-08-08:33:05 103 066 117 0.0 1.6 3.6 14.8 53.0 734.0 0.00 0 0.0 15.0 24.1 24.5 3.628  -34.3   18.8    2.4  47    7.1   9 0 0 1 1 1 0 15.7 52.7 15.7 53.1 80.0 100 100 20 408 0 143 0 401 401 400 0 0 0 60 50 AUTO_PARK 600 
b.1 2025-07-08 08:34:09.871 a 2025-07-08-08:34:05 169 071 297 0.1 1.5 2.9 14.8 53.1 733.9 0.00 0 0.0 15.0 24.0 24.5 3.627  -33.8   18.7    2.4  47    7.1   9 0 0 1 1 1 0 15.7 52.7 15.7 53.1 80.0 100 100 20 408 0 143 0 401 401 400 0 0 0 59 50 AUTO_PARK 600 
b.1 2025-07-08 08:35:09.055 a 2025-07-08-08:35:05 127 080 297 0.2 1.5 3.0 14.8 53.2 733.9 0.00 0 0.0 15.0 24.1 24.5 3.627  -33.2   18.7    2.4  47    7.1   9 0 0 1 1 1 0 15.7 52.7 15.7 53.1 80.0 100 100 20 408 0 143 0 401 401 399 0 0 0 60 50 AUTO_PARK 600 
b.1 2025-07-08 08:36:10.434 a 2025-07-08-08:36:06 217 091 302 0.2 1.4 4.4 14.8 53.2 733.9 0.00 0 0.0 14.9 24.0 24.5 3.627  -33.7   18.7    2.3  47    7.1   9 0 0 1 1 1 0 15.7 52.7 15.8 53.2 80.0 100 100 20 408 0 143 0 401 401 400 0 0 0 60 50 AUTO_PARK 600 
b.1 2025-07-08 08:37:10.552 a 2025-07-08-08:37:06 217 096 279 0.1 1.5 3.7 14.8 53.3 734.0 0.00 0 0.0 15.0 24.1 24.5 3.626  -34.6   18.7    2.3  47    7.1   5 0 0 1 1 1 0 15.8 52.7 15.8 53.1 80.0 100 100 20 408 0 143 0 401 401 399 0 0 0 60 50 AUTO_PARK 600 
b.1 2025-07-08 08:38:09.280 a 2025-07-08-08:38:05 126 071 000 1.0 2.1 3.5 14.7 53.3 733.9 0.00 0 0.0 15.0 24.1 24.5 3.635  -34.4   18.7    2.6  47    7.1  10 0 0 1 1 1 0 15.8 52.7 15.8 53.0 80.0 100 100 20 408 0 143 0 401 402 399 0 0 0 60 50 AUTO_PARK 600 
b.1 2025-07-08 08:39:05.415 a 2025-07-08-08:39:01 135 079 302 0.4 1.9 4.0 14.8 53.4 733.9 0.00 0 0.0 15.0 24.1 24.4 3.627  -34.0   18.7    2.6  47    7.2   8 0 0 1 1 1 0 15.8 52.6 15.9 53.0 80.0 100 100 20 408 0 143 0 401 401 399 0 0 0 59 50 AUTO_PARK 600 
b.1 2025-07-08 08:40:11.595 a 2025-07-08-08:40:07 017 069 114 0.5 2.0 3.3 14.8 53.8 733.9 0.00 0 0.0 15.0 24.1 24.4 3.628  -34.1   18.7    2.7  47    7.2   8 0 0 1 1 1 0 15.8 52.6 15.9 53.0 80.0 100 100 20 408 0 143 0 401 401 399 0 0 0 59 50 AUTO_PARK 600 
b.1 2025-07-08 08:41:09.957 a 2025-07-08-08:41:06 020 068 109 0.2 2.1 4.0 14.8 53.8 733.9 0.00 0 0.0 15.0 24.1 24.5 3.628  -36.5   18.7    2.8  47    7.2   8 0 0 1 1 1 0 15.8 52.7 15.9 53.1 80.0 100 100 20 408 0 143 0 401 401 400 0 0 0 60 50 AUTO_PARK 600 
b.1 2025-07-08 08:42:11.055 a 2025-07-08-08:42:07 118 086 314 0.1 1.4 3.5 14.8 53.8 733.9 0.00 0 0.0 14.9 24.0 24.4 3.627  -32.7   18.7    2.5  47    7.2   8 0 0 1 1 1 0 15.9 52.8 15.9 53.1 80.0 100 100 20 408 0 143 0 401 401 400 0 0 0 59 50 AUTO_PARK 600 
b.1 2025-07-08 08:43:07.697 a 2025-07-08-08:43:03 155 064 280 0.2 1.8 3.9 14.8 53.9 733.9 0.00 0 0.0 15.0 24.1 24.5 3.627  -33.7   18.7    2.7  47    7.2   8 0 0 1 1 1 0 15.8 52.8 15.9 53.1 80.0 100 100 20 408 0 143 0 400 401 400 0 0 0 59 50 AUTO_PARK 582 
b.1 2025-07-08 08:44:08.381 a 2025-07-08-08:44:04 038 082 130 1.2 2.6 4.4 14.8 53.7 733.9 0.00 0 0.0 15.0 24.0 23.4 3.633  -34.7   18.7    3.0  47    7.2   8 0 0 1 1 1 0 15.9 52.8 15.9 53.0 80.0 100 100 20 408 0 143 0 401 401 400 0 0 0 59 50 AUTO_PARK 521 
b.1 2025-07-08 08:45:12.380 a 2025-07-08-08:45:08 018 069 131 0.4 2.3 4.5 14.8 53.8 733.9 0.00 0 0.0 15.0 24.1 24.4 3.628  -34.4   18.7    3.1  47    7.3   9 0 0 1 1 1 0 15.9 52.8 15.9 53.0 80.0 100 100 20 408 0 143 0 401 401 400 0 0 0 59 50 AUTO_PARK 457 
b.1 2025-07-08 08:46:10.398 a 2025-07-08-08:46:06 169 087 273 0.2 1.9 4.4 14.8 53.8 733.9 0.00 0 0.0 14.9 24.1 24.5 3.627  -35.1   18.7    2.9  47    7.3   9 0 0 1 1 1 0 15.9 52.8 16.0 53.0 80.0 100 100 20 408 0 144 0 401 401 400 0 0 0 59 50 AUTO_PARK 399 
b.1 2025-07-08 08:47:08.756 a 2025-07-08-08:47:04 136 076 321 0.1 2.2 4.0 14.8 53.7 733.9 0.00 0 0.0 15.0 24.1 24.5 3.633  -34.4   18.7    2.9  47    7.3   9 0 0 1 1 1 0 15.9 52.8 16.0 53.0 80.0 100 100 20 408 0 143 0 401 401 399 0 0 0 59 50 AUTO_PARK 341 
b.1 2025-07-08 08:48:10.420 a 2025-07-08-08:48:06 129 071 191 0.1 1.8 4.2 14.8 53.8 733.9 0.00 0 0.0 15.0 24.1 24.4 3.633  -33.5   18.7    2.8  47    7.3   9 0 0 1 1 1 0 15.9 52.8 16.0 53.0 80.0 100 100 20 408 0 143 0 401 401 399 0 0 0 60 50 AUTO_PARK 279 
b.1 2025-07-08 08:49:08.720 a 2025-07-08-08:49:04 013 071 115 0.7 1.9 3.3 14.8 53.8 733.9 0.00 0 0.0 15.0 24.1 24.5 3.628  -34.0   18.7    2.8  47    7.3   9 0 0 1 1 1 0 15.9 52.8 16.0 53.0 80.0 100 100 20 408 0 144 0 402 401 400 0 0 0 59 50 AUTO_PARK 221 
b.1 2025-07-08 08:50:11.898 a 2025-07-08-08:50:07 124 069 278 0.1 2.4 4.7 14.8 54.0 733.9 0.00 0 0.0 15.0 24.1 24.5 3.628  -34.9   18.7    3.0  48    7.3   9 0 0 1 1 1 0 15.9 52.9 16.0 53.0 80.0 100 100 20 408 0 143 0 401 401 400 0 0 0 59 50 AUTO_PARK 158 
b.1 2025-07-08 08:51:09.562 a 2025-07-08-08:51:05 162 069 296 0.2 1.5 3.4 14.8 53.9 733.9 0.00 0 0.0 15.0 24.1 24.5 3.634  -33.4   18.7    2.7  48    7.3   9 0 0 1 1 1 0 15.9 52.9 16.0 53.1 80.0 100 100 20 408 0 143 0 401 401 400 0 0 0 59 50 AUTO_PARK 100 
b.1 2025-07-08 08:52:11.538 a 2025-07-08-08:52:07 114 067 328 0.4 2.0 4.6 14.8 53.9 733.9 0.00 0 0.0 15.0 24.1 24.5 3.627  -34.3   18.7    2.8  48    7.3   9 0 0 1 1 1 0 15.9 52.9 16.0 53.1 80.0 100 100 20 408 0 144 0 402 401 400 0 0 0 60 50 AUTO_PARK 38 
b.1 2025-07-08 08:53:10.257 a 2025-07-08-08:53:06 005 056 114 0.5 2.3 4.4 14.8 53.9 733.9 0.00 0 0.0 14.9 24.1 24.5 3.627  -34.8   18.6    3.1  48    7.3   9 0 0 1 1 1 0 15.9 52.9 16.0 53.1 80.0 100 100 20 408 0 143 0 400 402 399 0 0 0 60 50 AUTO 0 
b.1 2025-07-08 08:54:09.479 a 2025-07-08-08:54:05 176 078 308 0.2 2.2 4.6 14.8 53.9 733.9 0.00 0 0.0 15.1 24.1 24.5 3.631  -35.8   18.6    3.0  48    7.3   9 0 0 1 1 1 0 15.9 52.9 16.0 53.0 80.0 100 100 20 408 0 143 0 402 401 400 0 0 0 60 50 AUTO 0 
b.1 2025-07-08 08:55:12.318 a 2025-07-08-08:55:08 021 080 134 0.4 3.0 5.1 14.8 53.9 733.9 0.00 0 0.0 15.0 24.1 24.5 3.627  -33.8   18.6    3.3  48    7.4   9 0 0 1 1 1 0 15.9 52.8 15.9 53.2 80.0 100 100 20 408 0 143 0 402 401 400 0 0 0 59 50 AUTO 0 
b.1 2025-07-08 08:56:09.845 a 2025-07-08-08:56:05 004 078 180 0.7 2.0 4.2 14.8 53.8 733.9 0.00 0 0.0 15.0 24.1 24.5 3.627  -34.0   18.6    3.0  48    7.3   9 0 0 1 1 1 0 15.9 52.7 15.9 53.3 80.0 100 100 20 408 0 143 0 401 401 400 0 0 0 59 50 AUTO 0 
b.1 2025-07-08 08:57:10.759 a 2025-07-08-08:57:06 001 082 151 0.5 3.4 5.7 14.8 53.8 733.9 0.00 0 0.0 15.0 24.1 24.5 3.626  -33.8   18.6    3.4  48    7.4  10 0 0 1 1 1 0 15.9 52.8 15.8 53.4 80.0 100 100 20 408 0 143 0 401 401 400 0 0 0 60 50 AUTO 0 
b.1 2025-07-08 08:58:11.542 a 2025-07-08-08:58:07 129 074 308 0.1 2.4 4.4 14.8 53.7 733.8 0.00 0 0.0 15.0 24.1 24.4 3.627  -36.5   18.6    3.5  48    7.3  10 0 0 1 1 1 0 15.8 52.9 15.8 53.5 80.0 100 100 20 408 0 143 2 401 401 399 0 0 3 59 50 AUTO 0 
b.1 2025-07-08 08:59:12.078 a 2025-07-08-08:59:08 017 074 142 0.4 2.5 4.4 14.9 53.6 733.9 0.00 0 0.0 15.0 24.1 24.4 3.627  -34.5   18.6    3.6  48    7.4  10 0 0 1 1 1 0 15.8 52.9 15.8 53.5 80.0 100 100 20 408 0 143 0 401 401 400 0 0 0 59 50 AUTO 0 
b.1 2025-07-08 09:00:11.782 a 2025-07-08-09:00:07 232 078 307 0.2 1.5 3.5 14.9 53.6 733.9 0.00 0 0.0 15.0 24.1 24.5 3.627  -33.0   18.6    2.8  48    7.4   0 0 0 1 1 1 0 15.8 53.0 15.8 53.6 80.0 100 100 20 408 0 143 0 401 401 400 0 0 0 60 50 AUTO 0 
b.1 2025-07-08 09:01:12.562 a 2025-07-08-09:01:08 011 077 117 0.4 2.6 4.5 14.8 53.6 733.9 0.00 0 0.0 15.0 24.1 24.5 3.626  -33.6   18.6    3.1  48    7.4  10 0 0 1 1 1 0 15.8 53.1 15.8 53.6 80.0 100 100 20 408 0 143 0 401 401 400 4 5 5 59 50 AUTO 0 
b.1 2025-07-08 09:02:11.341 a 2025-07-08-09:02:07 015 085 155 0.2 2.3 5.1 14.8 53.6 733.9 0.00 0 0.0 15.0 24.0 23.4 3.633  -35.3   18.6    3.0  48    7.4   9 0 0 1 1 1 0 15.7 53.2 15.7 53.6 80.0 100 100 20 408 0 143 0 401 402 400 0 0 0 59 50 AUTO 0 
b.1 2025-07-08 09:03:11.500 a 2025-07-08-09:03:07 126 082 316 0.3 2.9 5.1 14.8 53.7 733.8 0.00 0 0.0 15.0 24.1 24.5 3.627  -34.2   18.5    3.3  48    7.3  10 0 0 1 1 1 0 15.7 53.2 15.7 53.7 80.0 100 100 20 408 0 143 0 401 401 400 0 0 0 60 50 AUTO 0 
b.1 2025-07-08 09:04:09.700 a 2025-07-08-09:04:05 165 074 309 0.1 2.0 4.8 14.8 53.7 733.8 0.00 0 0.0 15.0 24.1 24.5 3.628  -35.1   18.6    3.0  48    7.4  10 0 0 1 1 1 0 15.7 53.3 15.7 53.8 80.0 100 100 20 408 0 143 0 401 401 399 0 0 0 59 50 AUTO 0 
b.1 2025-07-08 09:05:13.078 a 2025-07-08-09:05:09 145 056 315 0.1 2.5 5.4 14.8 53.7 733.9 0.00 0 0.0 15.0 24.1 24.5 3.628  -33.7   18.5    3.4  48    7.4  10 0 0 1 1 1 0 15.6 53.3 15.7 53.9 80.0 100 100 20 408 0 143 0 401 401 399 0 0 0 60 50 AUTO 0 
b.1 2025-07-08 09:06:11.621 a 2025-07-08-09:06:07 185 085 302 0.1 1.8 3.6 14.8 53.7 733.8 0.00 0 0.0 15.0 24.1 24.5 3.627  -33.9   18.5    2.9  48    7.3  10 0 0 1 1 1 0 15.6 53.4 15.6 54.0 80.0 100 99 20 400 -5 143 0 401 401 400 0 0 0 60 50 AUTO 0 
b.1 2025-07-08 09:07:14.940 a 2025-07-08-09:07:10 117 078 346 0.6 2.5 5.0 14.8 53.9 733.8 0.00 0 0.0 15.0 24.1 24.5 3.627  -33.2   18.5    3.1  48    7.4  10 0 0 1 1 1 0 15.6 53.5 15.6 54.0 80.0 100 100 20 408 0 143 0 401 401 400 0 0 0 60 50 AUTO 0 
b.1 2025-07-08 09:08:10.641 a 2025-07-08-09:08:06 149 049 289 0.2 2.3 5.8 14.8 53.9 733.8 0.00 0 0.0 15.0 24.1 24.5 3.626  -32.6   18.5    3.1  48    7.4  10 0 0 1 1 1 0 15.6 53.7 15.6 54.1 80.0 100 100 20 408 0 143 0 401 401 400 0 0 0 60 50 AUTO 0 
b.1 2025-07-08 09:09:12.164 a 2025-07-08-09:09:08 151 074 324 0.4 1.8 3.8 14.8 53.8 733.8 0.00 0 0.0 14.9 24.0 23.4 3.634  -33.3   18.5    2.8  48    7.4  10 0 0 1 1 1 0 15.6 53.7 15.6 54.2 80.0 100 100 20 408 0 143 0 402 401 400 0 0 0 60 50 AUTO 0 
b.1 2025-07-08 09:10:13.446 a 2025-07-08-09:10:09 122 066 325 0.5 2.6 4.4 14.8 53.9 733.8 0.00 0 0.0 15.0 24.1 24.4 3.633  -33.7   18.5    3.2  48    7.4  10 0 0 1 1 1 0 15.6 53.7 15.6 54.2 80.0 100 100 20 408 0 143 0 401 401 400 0 0 0 60 50 AUTO 0 
b.1 2025-07-08 09:11:10.823 a 2025-07-08-09:11:06 156 073 337 0.4 1.5 3.7 14.8 53.9 733.8 0.00 0 0.0 14.9 24.0 23.4 3.633  -33.4   18.5    2.8  48    7.4   5 0 0 1 1 1 0 15.5 53.8 15.6 54.3 80.0 100 100 20 408 0 143 0 400 401 400 0 0 0 60 50 AUTO 0 
b.1 2025-07-08 09:12:09.266 a 2025-07-08-09:12:05 130 068 242 0.3 2.2 4.7 14.8 54.0 733.7 0.00 0 0.0 15.1 24.1 24.5 3.627  -35.5   18.5    2.9  48    7.4  10 0 0 1 1 1 0 15.6 53.9 15.5 54.4 80.0 100 100 20 408 0 143 0 401 401 400 0 0 0 60 50 AUTO 0 
b.1 2025-07-08 09:13:14.022 a 2025-07-08-09:13:10 189 066 327 0.1 2.2 4.3 14.8 53.9 733.8 0.00 0 0.0 15.0 24.1 24.5 3.631  -33.9   18.5    3.1  48    7.4  10 0 0 1 1 1 0 15.5 53.9 15.5 54.4 80.0 100 100 20 408 0 143 0 401 401 400 0 0 0 59 50 AUTO 0 
b.1 2025-07-08 09:14:08.907 a 2025-07-08-09:14:04 227 076 303 0.1 1.9 3.8 14.8 53.9 733.8 0.00 0 0.0 15.0 24.1 24.5 3.626  -34.2   18.5    2.9  48    7.4  10 0 0 1 1 1 0 15.5 53.9 15.5 54.4 80.0 100 100 20 408 0 143 0 401 401 400 0 0 0 59 50 AUTO 0 
b.1 2025-07-08 09:15:12.703 a 2025-07-08-09:15:08 136 073 294 0.4 1.7 3.4 14.8 53.9 733.8 0.00 0 0.0 15.0 24.1 24.4 3.627  -33.0   18.5    2.7  48    7.4  10 0 0 1 1 1 0 15.5 53.9 15.6 54.4 80.0 100 100 20 408 0 143 0 401 401 400 0 0 0 59 50 AUTO 0 
b.1 2025-07-08 09:16:09.765 a 2025-07-08-09:16:05 148 062 317 0.1 1.6 3.0 14.7 53.9 733.7 0.00 0 0.0 15.0 24.1 24.5 3.628  -32.5   18.5    2.7  48    7.3   0 0 0 1 1 1 0 15.5 53.8 15.6 54.4 80.0 100 100 20 408 0 143 0 401 401 400 0 0 0 59 50 AUTO 0 
b.1 2025-07-08 09:17:11.707 a 2025-07-08-09:17:07 226 069 327 0.0 1.2 3.6 14.7 53.9 733.8 0.00 0 0.0 15.0 24.1 24.5 3.628  -32.3   18.5    2.3  48    7.3   5 0 0 1 1 1 0 15.5 53.9 15.5 54.4 80.0 100 100 20 408 0 143 0 402 401 400 0 0 0 59 50 AUTO 0 
b.1 2025-07-08 09:18:08.325 a 2025-07-08-09:18:04 178 065 234 0.1 1.3 3.3 14.7 54.0 733.7 0.00 0 0.0 15.0 24.1 24.4 3.634  -32.6   18.5    2.3  48    7.3  11 0 0 1 1 1 0 15.5 53.9 15.5 54.4 80.0 100 100 20 408 0 143 0 401 401 399 0 0 0 59 50 AUTO 0 
b.1 2025-07-08 09:19:15.607 a 2025-07-08-09:19:11 186 083 310 0.1 1.3 2.8 14.7 54.0 733.7 0.00 0 0.0 14.9 24.1 24.5 3.628  -32.2   18.5    2.2  48    7.3   7 0 0 1 1 1 0 15.5 53.9 15.5 54.4 80.0 100 100 20 408 0 143 0 401 401 400 0 0 0 59 50 AUTO 0 
b.1 2025-07-08 09:20:13.305 a 2025-07-08-09:20:09 009 082 144 0.3 2.4 4.6 14.7 54.2 733.7 0.00 0 0.0 15.0 24.1 24.5 3.634  -33.1   18.5    2.6  48    7.3  13 0 0 1 1 1 0 15.5 53.9 15.5 54.5 80.0 100 100 20 408 0 143 0 401 401 400 0 0 0 59 50 AUTO 0 
b.1 2025-07-08 09:21:13.062 a 2025-07-08-09:21:09 025 086 133 0.6 2.5 4.2 14.7 54.3 733.7 0.00 0 0.0 15.0 24.0 24.5 3.634  -33.4   18.5    2.7  48    7.4   9 0 0 1 1 1 0 15.5 54.0 15.5 54.6 80.0 100 100 20 408 0 143 0 401 402 399 0 0 0 60 50 AUTO 0 
b.1 2025-07-08 09:22:10.549 a 2025-07-08-09:22:06 025 084 129 0.5 1.8 4.0 14.7 54.3 733.7 0.00 0 0.0 15.0 24.1 24.5 3.628  -32.4   18.5    2.6  48    7.4   9 0 0 1 1 1 0 15.5 54.0 15.5 54.5 80.0 100 100 20 408 0 143 0 402 401 400 0 0 0 60 50 AUTO 0 
b.1 2025-07-08 09:23:11.404 a 2025-07-08-09:23:07 173 086 313 0.2 2.4 5.1 14.7 54.3 733.7 0.00 0 0.0 15.0 24.1 24.5 3.626  -33.8   18.6    2.8  48    7.4   9 0 0 1 1 1 0 15.5 54.0 15.5 54.6 80.0 100 100 20 408 0 143 0 401 402 400 0 0 0 60 50 AUTO 0 
b.1 2025-07-08 09:24:10.608 a 2025-07-08-09:24:06 215 105 288 0.2 1.9 5.1 14.7 54.5 733.7 0.00 0 0.0 14.9 24.1 24.5 3.628  -33.5   18.6    2.6  48    7.4   9 0 0 1 1 1 0 15.5 54.1 15.5 54.7 80.0 100 100 20 408 0 143 0 401 402 400 0 0 0 60 50 AUTO 0 
b.1 2025-07-08 09:25:13.927 a 2025-07-08-09:25:09 063 093 129 1.2 3.2 4.9 14.7 54.3 733.7 0.00 0 0.0 15.0 24.1 24.4 3.628  -34.7   18.6    3.2  48    7.4   9 0 0 1 1 1 0 15.5 54.1 15.5 54.7 80.0 100 100 20 408 0 143 0 401 401 400 0 0 0 60 50 AUTO 0 
b.1 2025-07-08 09:26:09.305 a 2025-07-08-09:26:05 029 088 147 1.2 2.4 4.4 14.8 54.3 733.7 0.00 0 0.0 15.0 24.1 24.5 3.628  -32.9   18.6    3.1  48    7.4   9 0 0 1 1 1 0 15.6 54.1 15.5 54.8 80.0 100 100 20 408 0 143 0 401 402 400 0 0 0 60 50 AUTO 0 
b.1 2025-07-08 09:27:12.128 a 2025-07-08-09:27:08 031 082 126 1.1 2.5 3.9 14.8 54.0 733.7 0.00 0 0.0 15.0 24.1 24.5 3.628  -33.7   18.6    3.3  48    7.5   9 0 0 1 1 1 0 15.5 54.1 15.5 54.7 80.0 100 100 20 408 0 143 0 401 401 400 0 0 0 60 50 AUTO 0 
b.1 2025-07-08 09:28:10.565 a 2025-07-08-09:28:06 049 089 132 1.1 2.7 4.3 14.8 54.0 733.7 0.00 0 0.0 15.1 24.1 24.5 3.628  -33.7   18.6    3.5  48    7.5   9 0 0 1 1 1 0 15.5 54.1 15.5 54.8 80.0 100 100 20 408 0 143 0 401 401 400 0 0 0 60 50 AUTO 0 
b.1 2025-07-08 09:29:12.489 a 2025-07-08-09:29:08 156 081 318 0.2 1.6 3.8 14.8 54.0 733.7 0.00 0 0.0 15.0 24.1 24.5 3.628  -32.1   18.6    2.8  48    7.5   9 0 0 1 1 1 0 15.5 54.1 15.5 54.8 80.0 100 100 20 408 0 143 0 401 401 399 0 0 0 60 50 AUTO 0 
b.1 2025-07-08 09:30:14.569 a 2025-07-08-09:30:10 130 050 223 0.2 1.2 2.1 14.8 53.8 733.7 0.00 0 0.0 15.0 24.1 24.5 3.628  -33.2   18.6    2.5  48    7.5   9 0 0 1 1 1 0 15.5 54.1 15.5 54.7 80.0 100 100 20 408 0 143 0 401 401 400 0 0 0 59 50 AUTO 0 
b.1 2025-07-08 09:31:11.805 a 2025-07-08-09:31:07 002 075 127 0.4 1.7 3.5 14.8 53.8 733.7 0.00 0 0.0 15.0 24.0 24.5 3.629  -34.4   18.7    2.6  48    7.5   5 0 0 1 1 1 0 15.6 54.1 15.5 54.7 80.0 100 100 20 408 0 143 0 401 401 399 0 0 0 59 50 AUTO 0 
b.1 2025-07-08 09:32:10.628 a 2025-07-08-09:32:06 201 076 327 0.1 1.7 3.3 14.8 54.0 733.7 0.00 0 0.0 15.1 24.1 24.5 3.627  -32.9   18.7    2.5  48    7.5   8 0 0 1 1 1 0 15.5 54.0 15.5 54.7 80.0 100 100 20 408 0 143 0 401 401 400 0 0 0 59 50 AUTO 0 
b.1 2025-07-08 09:33:08.470 a 2025-07-08-09:33:04 140 071 288 0.4 1.6 3.5 14.8 54.0 733.7 0.00 0 0.0 15.0 24.1 24.5 3.627  -32.1   18.7    2.5  48    7.5   8 0 0 1 1 1 0 15.5 54.0 15.5 54.7 80.0 100 100 20 408 0 143 0 401 401 400 0 0 0 59 50 AUTO 0 
b.1 2025-07-08 09:34:10.026 a 2025-07-08-09:34:05 171 045 270 0.1 1.1 2.3 14.8 54.0 733.7 0.00 0 0.0 15.0 24.1 24.4 3.627  -32.7   18.7    2.3  48    7.4   8 0 0 1 1 1 0 15.5 54.0 15.5 54.7 80.0 100 100 20 408 0 143 0 401 402 400 0 0 0 59 50 AUTO 0 
b.1 2025-07-08 09:35:14.750 a 2025-07-08-09:35:10 017 076 145 0.4 1.7 3.3 14.7 54.1 733.7 0.00 0 0.0 15.0 24.1 24.4 3.627  -33.3   18.7    2.4  48    7.4   8 0 0 1 1 1 0 15.5 54.0 15.5 54.8 80.0 100 100 20 408 0 143 0 401 401 400 0 0 0 60 50 AUTO 0 
b.1 2025-07-08 09:36:12.888 a 2025-07-08-09:36:08 162 071 265 0.1 1.6 3.4 14.7 54.4 733.7 0.00 0 0.0 15.0 24.1 24.5 3.628  -32.8   18.7    2.4  48    7.4   8 0 0 1 1 1 0 15.5 54.1 15.5 54.9 80.0 100 100 20 408 0 143 0 401 401 399 0 0 0 60 50 AUTO 0 
b.1 2025-07-08 09:37:10.970 a 2025-07-08-09:37:07 031 086 178 0.5 2.0 5.1 14.7 54.5 733.7 0.00 0 0.0 15.0 24.1 24.5 3.627  -33.5   18.7    2.5  48    7.5   8 0 0 1 1 1 0 15.6 54.2 15.5 55.1 80.0 100 100 20 408 0 143 0 401 401 400 0 0 0 60 50 AUTO 0 
b.1 2025-07-08 09:38:11.009 a 2025-07-08-09:38:06 182 079 283 0.2 1.9 3.5 14.7 54.3 733.7 0.00 0 0.0 15.0 24.1 24.5 3.627  -34.5   18.7    2.6  48    7.5   9 0 0 1 1 1 0 15.6 54.2 15.5 55.0 80.0 100 100 20 408 0 143 0 401 401 400 0 0 0 60 50 AUTO 0 
b.1 2025-07-08 09:39:10.111 a 2025-07-08-09:39:06 158 082 299 0.1 2.3 4.3 14.7 54.4 733.7 0.00 0 0.0 15.0 24.1 24.5 3.627  -33.8   18.7    2.9  48    7.5   9 0 0 1 1 1 0 15.5 54.2 15.5 55.0 80.0 100 100 20 408 0 143 0 401 401 400 0 0 0 59 50 AUTO 0 
b.1 2025-07-08 09:40:13.634 a 2025-07-08-09:40:09 161 074 300 0.1 1.5 3.5 14.7 54.4 733.7 0.00 0 0.0 15.0 24.1 24.5 3.634  -33.8   18.7    2.7  48    7.5   9 0 0 1 1 1 0 15.6 54.2 15.5 55.1 80.0 100 100 20 408 0 143 0 401 402 400 3 4 4 59 50 AUTO 0 
b.1 2025-07-08 09:41:11.812 a 2025-07-08-09:41:07 191 084 349 0.5 1.3 3.0 14.8 54.4 733.7 0.00 0 0.0 14.9 24.1 24.5 3.626  -33.2   18.7    2.4  48    7.5   9 0 0 1 1 1 0 15.6 54.3 15.5 55.3 80.0 100 100 20 408 0 143 0 401 401 400 0 0 0 59 50 AUTO 0 
b.1 2025-07-08 09:42:12.030 a 2025-07-08-09:42:07 182 084 000 0.3 1.5 4.1 14.7 54.4 733.7 0.00 0 0.0 15.0 24.1 24.5 3.627  -33.7   18.7    2.4  48    7.5   9 0 0 1 1 1 0 15.6 54.3 15.5 55.1 80.0 100 100 20 408 0 143 0 401 401 400 0 0 0 60 50 AUTO 0 
b.1 2025-07-08 09:43:11.131 a 2025-07-08-09:43:07 020 080 122 0.5 1.8 2.8 14.7 54.3 733.7 0.00 0 0.0 14.9 23.9 23.4 3.633  -33.3   18.7    2.5  48    7.5   9 0 0 1 1 1 0 15.6 54.3 15.5 55.1 80.0 100 100 20 408 0 143 0 401 402 399 0 0 0 59 50 AUTO 0 
b.1 2025-07-08 09:44:08.973 a 2025-07-08-09:44:04 143 071 233 0.1 1.3 3.1 14.7 54.4 733.7 0.00 0 0.0 15.0 24.1 24.4 3.628  -33.7   18.7    2.4  48    7.5   9 0 0 1 1 1 0 15.6 54.3 15.5 55.0 80.0 100 100 20 408 0 93 0 401 401 400 0 0 0 59 50 AUTO 0 
b.1 2025-07-08 09:45:13.971 a 2025-07-08-09:45:09 118 046 173 0.1 0.7 1.7 14.7 54.4 733.8 0.00 0 0.0 15.0 24.1 24.5 3.627  -32.0   18.7    2.2  48    7.5   5 0 0 1 1 1 0 15.6 54.3 15.5 55.0 80.0 100 100 20 408 0 143 0 401 402 400 0 0 0 59 50 AUTO 0 
b.1 2025-07-08 09:46:10.651 a 2025-07-08-09:46:06 021 079 133 0.7 1.6 3.0 14.7 54.5 733.7 0.00 0 0.0 14.9 24.1 24.5 3.626  -32.7   18.7    2.3  48    7.5   5 0 0 1 1 1 0 15.6 54.3 15.5 55.1 80.0 100 100 20 408 0 143 0 401 402 400 0 0 0 60 50 AUTO 0 
b.1 2025-07-08 09:47:12.589 a 2025-07-08-09:47:08 029 097 199 0.2 1.8 3.4 14.7 54.7 733.7 0.00 0 0.0 15.0 24.1 24.4 3.627  -32.6   18.8    2.4  48    7.5  11 0 0 1 1 1 0 15.6 54.4 15.5 55.1 80.0 100 100 20 408 0 143 0 401 402 399 0 0 0 60 50 AUTO 0 
b.1 2025-07-08 09:48:11.651 a 2025-07-08-09:48:07 174 093 317 0.1 2.0 4.0 14.7 54.6 733.7 0.00 0 0.0 15.0 24.1 24.5 3.627  -33.6   18.7    2.5  48    7.5   8 0 0 1 1 1 0 15.5 54.4 15.5 55.2 80.0 100 100 20 408 0 143 0 401 401 400 0 0 0 60 50 AUTO 0 
b.1 2025-07-08 09:49:11.069 a 2025-07-08-09:49:07 176 091 296 0.2 2.2 4.9 14.7 54.4 733.7 0.00 0 0.0 15.0 24.1 24.5 3.627  -32.5   18.7    2.5  48    7.5   9 0 0 1 1 1 0 15.5 54.3 15.5 55.2 80.0 100 100 20 408 0 143 0 401 401 400 0 0 0 59 50 AUTO 0 
b.1 2025-07-08 09:50:15.328 a 2025-07-08-09:50:11 007 065 114 0.6 1.6 4.1 14.7 54.3 733.7 0.00 0 0.0 15.0 24.1 24.5 3.627  -32.6   18.7    2.5  48    7.5   9 0 0 1 1 1 0 15.5 54.3 15.5 55.1 80.0 100 100 20 408 0 143 0 401 401 400 0 0 0 59 50 AUTO 0 
b.1 2025-07-08 09:51:12.391 a 2025-07-08-09:51:08 127 074 259 0.2 2.1 4.2 14.7 54.4 733.7 0.00 0 0.0 15.0 24.1 24.5 3.626  -33.3   18.7    2.7  48    7.5   9 0 0 1 1 1 0 15.5 54.3 15.5 55.1 80.0 100 100 20 408 0 143 0 401 401 400 0 0 0 59 50 AUTO 0 
b.1 2025-07-08 09:52:09.494 a 2025-07-08-09:52:05 023 082 116 0.5 2.0 3.5 14.7 54.4 733.7 0.00 0 0.0 14.9 24.1 24.4 3.633  -35.5   18.8    2.8  48    7.5   9 0 0 1 1 1 0 15.5 54.3 15.4 55.0 80.0 100 100 20 408 0 143 0 401 401 399 0 0 0 59 50 AUTO 0 
b.1 2025-07-08 09:53:12.211 a 2025-07-08-09:53:08 024 089 178 0.4 1.8 4.1 14.7 54.4 733.7 0.00 0 0.0 15.0 23.9 23.6 3.635  -33.6   18.8    2.7  48    7.5   9 0 0 1 1 1 0 15.5 54.3 15.4 55.1 80.0 100 100 20 408 0 143 0 401 401 400 0 0 0 59 50 AUTO 0 
b.1 2025-07-08 09:54:11.075 a 2025-07-08-09:54:07 021 081 119 0.7 2.1 3.7 14.7 54.3 733.7 0.00 0 0.0 15.0 24.1 24.5 3.628  -33.8   18.8    2.8  48    7.5   9 0 0 1 1 1 0 15.5 54.3 15.4 55.1 80.0 100 100 20 408 0 143 0 401 401 400 0 0 0 59 50 AUTO 0 
b.1 2025-07-08 09:55:15.851 a 2025-07-08-09:55:11 136 067 354 0.2 1.6 3.4 14.7 54.4 733.7 0.00 0 0.0 14.9 24.0 23.4 3.633  -33.7   18.8    2.6  48    7.5   9 0 0 1 1 1 0 15.5 54.4 15.4 55.1 80.0 100 100 20 408 0 143 0 401 402 400 0 0 0 60 50 AUTO 0 
b.1 2025-07-08 09:56:12.134 a 2025-07-08-09:56:08 175 099 328 0.3 2.4 4.4 14.7 54.4 733.7 0.00 0 0.0 15.1 24.1 24.5 3.631  -35.8   18.8    2.8  48    7.5   9 0 0 1 1 1 0 15.5 54.4 15.4 55.1 80.0 100 100 20 408 0 143 0 402 401 400 0 0 0 59 50 AUTO 0 
b.1 2025-07-08 09:57:10.493 a 2025-07-08-09:57:06 036 099 167 1.2 2.5 3.9 14.7 54.6 733.7 0.00 0 0.0 15.0 24.1 24.5 3.627  -34.1   18.8    3.0  48    7.5   9 0 0 1 1 1 0 15.5 54.4 15.4 55.1 80.0 100 100 20 408 0 143 0 401 401 400 0 0 0 59 50 AUTO 0 
b.1 2025-07-08 09:58:10.936 a 2025-07-08-09:58:06 024 079 134 0.7 2.2 3.9 14.8 54.3 733.7 0.00 0 0.0 15.0 24.1 24.5 3.627  -33.1   18.8    3.0  48    7.5   9 0 0 1 1 1 0 15.5 54.5 15.5 55.2 80.0 100 100 20 408 0 143 0 401 401 400 0 0 0 59 50 AUTO 0 
b.1 2025-07-08 09:59:12.213 a 2025-07-08-09:59:08 024 086 139 0.7 1.8 2.9 14.8 54.2 733.7 0.00 0 0.0 15.0 24.1 24.5 3.626  -32.7   18.8    2.8  48    7.5   9 0 0 1 1 1 0 15.5 54.5 15.5 55.1 80.0 100 100 20 408 0 143 0 401 401 400 0 0 0 60 50 AUTO 0 
b.1 2025-07-08 10:00:11.351 a 2025-07-08-10:00:07 022 055 119 0.9 1.9 3.0 14.8 54.2 733.7 0.00 0 0.0 15.0 24.1 24.5 3.628  -33.1   18.8    2.9  48    7.5   9 0 0 1 1 1 0 15.5 54.5 15.5 55.1 80.0 100 100 20 408 0 143 0 401 402 400 0 0 0 60 50 AUTO 0 
b.1 2025-07-08 10:01:11.115 a 2025-07-08-10:01:07 153 076 332 0.1 1.3 2.9 14.7 54.2 733.7 0.00 0 0.0 15.0 24.1 24.5 3.627  -33.4   18.8    2.5  48    7.5   9 0 0 1 1 1 0 15.5 54.4 15.4 55.1 80.0 100 100 20 408 0 143 0 401 402 399 0 0 0 59 50 AUTO 0 
b.1 2025-07-08 10:02:10.736 a 2025-07-08-10:02:06 024 075 154 1.0 2.2 4.7 14.7 54.3 733.7 0.00 0 0.0 14.9 24.0 24.5 3.628  -34.2   18.8    2.8  48    7.5   9 0 0 1 1 1 0 15.5 54.4 15.4 55.1 80.0 100 100 20 408 0 143 0 401 401 399 0 0 0 59 50 AUTO 0 
b.1 2025-07-08 10:03:11.595 a 2025-07-08-10:03:07 138 070 321 0.1 1.9 4.2 14.7 54.4 733.7 0.00 0 0.0 15.0 24.1 24.5 3.634  -33.1   18.8    2.8  48    7.5   9 0 0 1 1 1 0 15.5 54.4 15.4 55.2 80.0 100 100 20 408 0 143 0 402 401 400 0 0 0 60 50 AUTO 0 
b.1 2025-07-08 10:04:09.994 a 2025-07-08-10:04:05 054 040 140 0.1 1.4 2.9 14.7 54.2 733.7 0.00 0 0.0 14.9 24.0 24.5 3.626  -33.3   18.7    2.5  48    7.5   9 0 0 1 1 1 0 15.4 54.4 15.4 55.2 80.0 100 99 20 403 1 141 0 401 401 399 0 0 0 60 50 AUTO 0 
b.1 2025-07-08 10:05:13.789 a 2025-07-08-10:05:09 016 088 144 0.2 1.6 3.1 14.7 54.3 733.7 0.00 0 0.0 15.1 24.1 24.5 3.627  -33.0   18.8    2.5  48    7.5   9 0 0 1 1 1 0 15.5 54.4 15.4 55.2 80.0 100 100 20 408 0 143 0 401 402 400 0 0 0 59 50 AUTO 0 
b.1 2025-07-08 10:06:10.321 a 2025-07-08-10:06:06 160 063 270 0.2 1.3 2.5 14.7 54.3 733.7 0.00 0 0.0 14.9 24.0 23.4 3.634  -32.9   18.8    2.4  48    7.5   9 0 0 1 1 1 0 15.4 54.3 15.4 55.1 80.0 100 100 20 408 0 143 0 401 401 399 0 0 0 59 50 AUTO 0 
b.1 2025-07-08 10:07:13.615 a 2025-07-08-10:07:09 016 076 126 0.8 2.4 4.4 14.7 54.4 733.7 0.00 0 0.0 15.1 24.1 24.5 3.627  -35.4   18.8    2.8  48    7.5   9 0 0 1 1 1 0 15.5 54.4 15.4 55.1 80.0 100 100 20 408 0 143 0 401 401 400 0 0 0 59 50 AUTO 0 
b.1 2025-07-08 10:08:12.576 a 2025-07-08-10:08:08 173 068 296 0.2 1.7 3.5 14.7 54.3 733.7 0.00 0 0.0 15.0 23.9 23.4 3.634  -33.1   18.8    2.6  48    7.5   9 0 0 1 1 1 0 15.4 54.3 15.4 55.1 80.0 100 100 20 408 0 143 0 401 401 400 0 0 0 60 50 AUTO 0 
b.1 2025-07-08 10:09:12.420 a 2025-07-08-10:09:08 020 077 120 0.7 2.1 3.8 14.7 54.3 733.7 0.00 0 0.0 15.0 24.1 24.4 3.628  -33.9   18.8    2.8  48    7.5   9 0 0 1 1 1 0 15.4 54.3 15.4 55.1 80.0 100 100 20 408 0 143 0 401 401 400 0 0 0 60 50 AUTO 0 
b.1 2025-07-08 10:10:12.535 a 2025-07-08-10:10:08 008 084 151 0.5 2.3 5.0 14.7 54.5 733.7 0.00 0 0.0 15.0 24.0 24.4 3.627  -34.6   18.7    3.0  48    7.5   9 0 0 1 1 1 0 15.4 54.4 15.3 55.2 80.0 100 100 20 408 0 143 0 401 401 400 0 0 0 60 50 AUTO 0 
b.1 2025-07-08 10:11:10.480 a 2025-07-08-10:11:06 016 077 162 0.9 2.1 4.9 14.7 54.3 733.7 0.00 0 0.0 15.0 23.9 23.4 3.634  -33.0   18.7    2.9  48    7.5   9 0 0 1 1 1 0 15.4 54.5 15.3 55.2 80.0 100 100 20 408 0 143 0 402 401 400 0 0 0 60 50 AUTO 0 
b.1 2025-07-08 10:12:10.974 a 2025-07-08-10:12:07 177 081 000 0.5 1.9 3.6 14.7 54.2 733.7 0.00 0 0.0 15.0 24.1 24.4 3.634  -33.4   18.7    2.8  48    7.5   9 0 0 1 1 1 0 15.4 54.5 15.3 55.2 80.0 100 100 20 408 0 143 0 401 402 399 0 0 0 59 50 AUTO 0 
b.1 2025-07-08 10:13:11.801 a 2025-07-08-10:13:07 014 072 131 0.5 1.8 3.7 14.7 54.2 733.7 0.00 0 0.0 15.0 24.1 24.5 3.627  -32.4   18.7    2.9  48    7.5   9 0 0 1 1 1 0 15.4 54.5 15.3 55.2 80.0 100 100 20 408 0 143 0 402 401 400 0 0 0 59 50 AUTO 0 
b.1 2025-07-08 10:14:10.055 a 2025-07-08-10:14:05 187 093 322 0.2 1.3 2.9 14.7 54.3 733.7 0.00 0 0.0 15.0 23.9 23.4 3.633  -32.7   18.7    2.5  48    7.5   9 0 0 1 1 1 0 15.4 54.5 15.4 55.2 80.0 100 100 20 408 0 143 0 402 401 400 0 0 0 59 50 AUTO 0 
b.1 2025-07-08 10:15:13.480 a 2025-07-08-10:15:09 170 087 306 0.3 2.8 4.5 14.7 54.4 733.7 0.00 0 0.0 15.0 24.1 24.4 3.633  -34.4   18.7    3.0  48    7.5   9 0 0 1 1 1 0 15.4 54.6 15.4 55.2 80.0 100 100 20 408 0 143 0 402 401 400 0 0 0 60 50 AUTO 0 
b.1 2025-07-08 10:16:10.155 a 2025-07-08-10:16:06 139 084 356 0.3 2.5 4.4 14.7 54.2 733.7 0.00 0 0.0 15.0 24.1 24.4 3.628  -35.3   18.7    3.0  48    7.5   9 0 0 1 1 1 0 15.4 54.6 15.4 55.2 80.0 100 100 20 408 0 143 0 401 401 400 0 0 0 59 50 AUTO 0 
b.1 2025-07-08 10:17:11.256 a 2025-07-08-10:17:07 138 079 308 0.5 2.3 3.9 14.7 54.2 733.7 0.00 0 0.0 15.0 24.1 24.5 3.626  -34.8   18.7    3.2  48    7.5   9 0 0 1 1 1 0 15.4 54.6 15.3 55.2 80.0 100 100 20 408 0 143 0 401 401 399 0 0 0 60 50 AUTO 0 
b.1 2025-07-08 10:18:10.861 a 2025-07-08-10:18:06 021 068 119 0.6 1.8 3.4 14.7 54.2 733.7 0.00 0 0.0 15.0 24.1 24.4 3.627  -33.4   18.7    3.0  48    7.5   9 0 0 1 1 1 0 15.4 54.6 15.4 55.3 80.0 100 100 20 408 0 143 0 401 401 399 0 0 0 60 50 AUTO 0 
b.1 2025-07-08 10:19:10.059 a 2025-07-08-10:19:06 136 077 344 0.4 1.4 2.4 14.7 54.2 733.7 0.00 0 0.0 14.9 24.0 23.4 3.632  -32.7   18.7    2.6  48    7.5   9 0 0 1 1 1 0 15.4 54.6 15.3 55.3 80.0 100 100 20 408 0 143 0 401 401 400 0 0 0 60 50 AUTO 0 
b.1 2025-07-08 10:20:12.595 a 2025-07-08-10:20:08 155 065 311 0.1 1.5 3.3 14.7 54.3 733.7 0.00 0 0.0 15.0 24.1 24.5 3.628  -32.7   18.7    2.5  48    7.5   9 0 0 1 1 1 0 15.4 54.6 15.3 55.3 80.0 100 100 20 408 0 143 0 401 401 400 0 0 0 60 50 AUTO 0 
b.1 2025-07-08 10:21:11.801 a 2025-07-08-10:21:07 022 075 152 0.5 1.3 2.7 14.7 54.3 733.7 0.00 0 0.0 15.0 24.1 24.5 3.627  -33.1   18.7    2.4  48    7.5   9 0 0 1 1 1 0 15.4 54.6 15.3 55.3 80.0 100 100 20 408 0 143 0 401 401 400 0 0 0 60 50 AUTO 0 
b.1 2025-07-08 10:22:08.164 a 2025-07-08-10:22:04 173 080 229 0.3 1.5 3.8 14.7 54.4 733.7 0.00 0 0.0 15.0 24.1 24.5 3.633  -33.6   18.7    2.5  48    7.5   9 0 0 1 1 1 0 15.4 54.6 15.3 55.3 80.0 100 100 20 408 0 143 0 402 401 400 0 0 0 60 50 AUTO 0 
b.1 2025-07-08 10:23:12.000 a 2025-07-08-10:23:07 021 084 175 0.3 1.7 3.0 14.7 54.4 733.7 0.00 0 0.0 14.9 24.1 24.5 3.628  -33.4   18.8    2.5  48    7.5   9 0 0 1 1 1 0 15.4 54.7 15.3 55.4 80.0 100 100 20 408 0 143 0 401 402 399 0 0 0 60 50 AUTO 0 
b.1 2025-07-08 10:24:12.259 a 2025-07-08-10:24:08 006 097 146 0.4 2.0 3.7 14.7 54.3 733.7 0.00 0 0.0 15.0 24.1 24.5 3.633  -33.5   18.8    2.6  48    7.5   9 0 0 1 1 1 0 15.4 54.7 15.4 55.4 80.0 100 100 20 408 0 143 0 401 401 400 0 0 0 60 50 AUTO 0 
b.1 2025-07-08 10:25:19.157 a 2025-07-08-10:25:15 025 080 146 0.3 1.8 3.2 14.7 54.3 733.7 0.00 0 0.0 15.0 24.1 24.4 3.627  -33.5   18.8    2.6  48    7.5   9 0 0 1 1 1 0 15.4 54.7 15.3 55.3 80.0 100 100 20 408 0 143 0 401 402 400 0 0 0 60 50 AUTO 0 
b.1 2025-07-08 10:26:10.721 a 2025-07-08-10:26:06 020 082 160 0.2 1.9 3.6 14.7 54.3 733.7 0.00 0 0.0 15.0 24.1 24.5 3.627  -34.0   18.8    2.6  48    7.5   9 0 0 1 1 1 0 15.4 54.8 15.3 55.4 80.0 100 100 20 408 0 143 0 401 401 400 0 0 0 60 50 AUTO 0 
b.1 2025-07-08 10:27:12.282 a 2025-07-08-10:27:08 003 076 134 0.8 1.7 3.2 14.7 54.3 733.7 0.00 0 0.0 15.0 24.1 24.5 3.627  -34.4   18.8    2.6  48    7.5   9 0 0 1 1 1 0 15.4 54.8 15.4 55.5 80.0 100 100 20 408 0 143 0 402 401 400 0 0 0 59 50 AUTO 0 
b.1 2025-07-08 10:28:10.782 a 2025-07-08-10:28:06 021 071 108 0.3 1.7 3.3 14.7 54.3 733.7 0.00 0 0.0 15.0 24.1 24.5 3.632  -34.9   18.8    2.7  48    7.5   9 0 0 1 1 1 0 15.4 54.7 15.4 55.4 80.0 100 100 20 408 0 143 0 401 401 400 0 0 0 59 50 AUTO 0 
b.1 2025-07-08 10:29:14.197 a 2025-07-08-10:29:10 132 071 347 0.4 2.0 3.6 14.7 54.3 733.7 0.00 0 0.0 15.1 24.1 24.5 3.627  -33.4   18.8    2.8  48    7.5   9 0 0 1 1 1 0 15.4 54.8 15.4 55.5 80.0 100 100 20 408 0 143 0 401 401 400 0 0 0 59 50 AUTO 0 
b.1 2025-07-08 10:30:13.582 a 2025-07-08-10:30:09 035 093 131 0.3 2.0 4.6 14.7 54.3 733.7 0.00 0 0.0 15.0 24.1 24.5 3.627  -34.2   18.8    2.8  48    7.6   9 0 0 1 1 1 0 15.4 54.7 15.3 55.5 80.0 100 100 20 408 0 143 0 401 401 400 0 0 0 60 50 AUTO 0 
b.1 2025-07-08 10:31:13.101 a 2025-07-08-10:31:09 014 084 136 0.3 1.7 2.7 14.7 54.4 733.7 0.00 0 0.0 14.9 24.0 24.5 3.627  -33.5   18.8    2.7  48    7.6   9 0 0 1 1 1 0 15.4 54.7 15.3 55.4 80.0 100 100 20 408 0 143 0 402 401 400 0 0 0 60 50 AUTO 0 
b.1 2025-07-08 10:32:12.628 a 2025-07-08-10:32:08 017 086 130 0.7 1.9 3.1 14.7 54.4 733.7 0.00 0 0.0 15.0 24.1 24.5 3.628  -32.8   18.8    2.7  48    7.6   9 0 0 1 1 1 0 15.4 54.7 15.3 55.4 80.0 100 100 20 408 0 143 0 401 401 400 0 0 0 60 50 AUTO 0 
b.1 2025-07-08 10:33:13.759 a 2025-07-08-10:33:09 045 095 168 0.8 2.0 3.4 14.7 54.4 733.7 0.00 0 0.0 15.0 24.1 24.4 3.627  -34.3   18.8    2.8  48    7.5   9 0 0 1 1 1 0 15.4 54.7 15.3 55.4 80.0 100 100 20 408 0 143 0 401 401 400 0 0 0 60 50 AUTO 0 
b.1 2025-07-08 10:34:10.542 a 2025-07-08-10:34:06 001 088 133 0.4 1.6 2.9 14.7 54.4 733.7 0.00 0 0.0 15.0 24.1 24.5 3.627  -32.7   18.8    2.6  48    7.5   9 0 0 1 1 1 0 15.4 54.7 15.4 55.4 80.0 100 100 20 408 0 143 0 401 401 400 0 0 0 60 50 AUTO 0 
b.1 2025-07-08 10:35:18.138 a 2025-07-08-10:35:14 046 087 132 0.9 2.6 4.0 14.7 54.4 733.6 0.00 0 0.0 15.0 24.1 24.5 3.628  -34.4   18.8    3.0  48    7.6   9 0 0 1 1 1 0 15.4 54.8 15.3 55.3 80.0 100 100 20 408 0 143 0 401 402 400 0 0 0 59 50 AUTO 0 
b.1 2025-07-08 10:36:09.200 a 2025-07-08-10:36:05 011 090 155 0.4 1.4 3.2 14.7 54.3 733.6 0.00 0 0.0 14.9 24.1 24.5 3.628  -32.6   18.8    2.6  48    7.6   9 0 0 1 1 1 0 15.4 54.8 15.4 55.3 80.0 100 100 20 408 0 143 0 401 401 400 0 0 0 60 50 AUTO 0 
b.1 2025-07-08 10:37:11.744 a 2025-07-08-10:37:07 032 092 151 1.1 2.0 3.4 14.7 54.3 733.7 0.00 0 0.0 15.0 24.1 24.5 3.628  -33.3   18.8    2.7  48    7.6   9 0 0 1 1 1 0 15.4 54.8 15.4 55.3 80.0 100 100 20 408 0 143 0 401 401 400 0 0 0 59 50 AUTO 0 
b.1 2025-07-08 10:38:09.368 a 2025-07-08-10:38:05 030 092 142 0.7 2.2 3.3 14.7 54.3 733.7 0.00 0 0.0 15.0 24.0 24.5 3.628  -33.9   18.8    2.8  48    7.6   9 0 0 1 1 1 0 15.4 54.8 15.4 55.3 80.0 100 100 20 408 0 143 0 402 401 400 0 0 0 59 50 AUTO 0 
b.1 2025-07-08 10:39:15.240 a 2025-07-08-10:39:11 027 095 152 0.5 2.5 4.7 14.7 54.2 733.7 0.00 0 0.0 14.9 24.1 24.5 3.627  -32.9   18.8    3.0  48    7.6   9 0 0 1 1 1 0 15.4 54.7 15.4 55.3 80.0 100 100 20 408 0 143 0 402 401 400 0 0 0 59 50 AUTO 0 
b.1 2025-07-08 10:40:14.960 a 2025-07-08-10:40:10 018 088 149 1.2 2.2 3.6 14.7 54.2 733.7 0.00 0 0.0 15.0 24.1 24.5 3.626  -32.9   18.8    3.1  48    7.6   9 0 0 1 1 1 0 15.4 54.7 15.4 55.3 80.0 100 100 20 408 0 143 0 401 401 400 0 0 0 60 50 AUTO 0 
b.1 2025-07-08 10:41:09.062 a 2025-07-08-10:41:04 147 084 353 0.7 2.1 4.0 14.7 54.2 733.7 0.00 0 0.0 15.0 24.1 24.5 3.627  -33.0   18.8    3.0  48    7.6   9 0 0 1 1 1 0 15.4 54.7 15.4 55.2 80.0 100 100 20 408 0 143 0 401 401 400 0 0 0 59 50 AUTO 0 
b.1 2025-07-08 10:42:09.605 a 2025-07-08-10:42:05 053 064 193 0.3 1.5 3.5 14.8 54.2 733.6 0.00 0 0.0 15.0 24.1 24.5 3.628  -32.2   18.8    2.6  48    7.6   9 0 0 1 1 1 0 15.4 54.8 15.4 55.3 80.0 100 100 20 408 0 143 0 400 401 400 0 0 0 59 50 AUTO 0 
b.1 2025-07-08 10:43:12.789 a 2025-07-08-10:43:08 022 095 155 1.2 2.5 4.6 14.8 54.6 733.6 0.00 0 0.0 15.0 24.1 24.5 3.627  -33.5   18.9    3.0  48    7.6   9 0 0 1 1 1 0 15.4 55.1 15.4 55.5 80.0 100 100 20 408 0 143 0 401 402 400 0 0 0 59 50 AUTO 0 
b.1 2025-07-08 10:44:09.266 a 2025-07-08-10:44:05 146 097 271 0.6 2.3 3.9 14.8 54.5 733.6 0.00 0 0.0 15.0 24.1 24.5 3.628  -31.5   18.9    3.0  48    7.6   9 0 0 1 1 1 0 15.4 54.8 15.4 55.4 80.0 100 100 20 408 0 143 0 401 401 400 0 0 0 60 50 AUTO 0 
b.1 2025-07-08 10:45:14.404 a 2025-07-08-10:45:10 029 083 123 0.7 2.1 3.9 14.8 54.3 733.6 0.00 0 0.0 15.0 24.1 24.4 3.627  -30.0   18.9    3.0  48    7.6   9 0 0 1 1 1 0 15.4 54.9 15.4 55.5 80.0 100 100 20 408 0 143 0 401 401 399 0 0 0 60 50 AUTO 0 
b.1 2025-07-08 10:46:10.523 a 2025-07-08-10:46:06 001 090 153 0.5 2.4 4.0 14.8 54.3 733.7 0.00 0 0.0 15.0 24.1 24.5 3.628  -31.4   18.9    3.1  48    7.6   9 0 0 1 1 1 0 15.4 54.9 15.4 55.6 80.0 100 100 20 408 0 143 0 401 401 400 0 0 0 59 50 AUTO 0 
b.1 2025-07-08 10:47:10.101 a 2025-07-08-10:47:06 133 087 320 0.3 2.5 3.9 14.8 54.3 733.6 0.00 0 0.0 15.0 24.1 24.4 3.627  -30.4   18.9    3.4  48    7.6   9 0 0 1 1 1 0 15.4 54.9 15.4 55.6 80.0 100 100 20 408 0 143 0 400 401 399 0 0 0 60 50 AUTO 0 
b.1 2025-07-08 10:48:11.444 a 2025-07-08-10:48:07 278 109 321 0.2 2.1 4.2 14.8 54.5 733.7 0.00 0 0.0 15.0 24.0 23.4 3.633  -28.3   18.9    3.0  48    7.6   9 0 0 1 1 1 0 15.4 55.0 15.4 55.6 80.0 100 100 20 408 0 143 0 401 401 400 0 0 0 59 50 AUTO 0 
b.1 2025-07-08 10:49:11.384 a 2025-07-08-10:49:07 022 090 153 0.8 1.9 3.2 14.8 54.4 733.6 0.00 0 0.0 15.0 24.1 24.4 3.628  -27.8   18.9    3.0  48    7.6   9 0 0 1 1 1 0 15.4 54.9 15.4 55.5 80.0 100 100 20 408 0 143 0 401 401 400 0 0 0 59 50 AUTO 0 
b.1 2025-07-08 10:50:13.743 a 2025-07-08-10:50:09 011 084 145 1.0 2.4 4.3 14.8 54.4 733.6 0.00 0 0.0 15.0 24.1 24.4 3.627  -28.4   18.9    3.2  48    7.7   9 0 0 1 1 1 0 15.4 54.9 15.4 55.5 80.0 100 100 20 408 0 143 0 401 401 400 0 0 0 59 50 AUTO 0 
b.1 2025-07-08 10:51:12.765 a 2025-07-08-10:51:08 021 114 202 0.2 1.5 3.0 14.8 54.5 733.7 0.00 0 0.0 15.0 24.1 24.4 3.633  -27.0   18.9    2.7  48    7.7   9 0 0 1 1 1 0 15.4 54.9 15.4 55.5 80.0 100 100 20 408 0 143 0 401 401 400 0 0 0 59 50 AUTO 0 
b.1 2025-07-08 10:52:12.223 a 2025-07-08-10:52:08 202 090 304 0.4 1.7 4.3 14.8 54.4 733.6 0.00 0 0.0 15.0 24.1 24.5 3.628  -25.8   18.9    2.6  48    7.7   9 0 0 1 1 1 0 15.4 55.0 15.4 55.4 80.0 100 100 20 408 0 143 0 401 401 400 0 0 0 59 50 AUTO 0 
b.1 2025-07-08 10:53:11.006 a 2025-07-08-10:53:06 153 084 348 0.1 1.1 2.2 14.8 54.4 733.6 0.00 0 0.0 15.0 24.1 24.5 3.626  -25.3   18.9    2.3  48    7.6   5 0 0 1 1 1 0 15.4 55.0 15.4 55.5 80.0 100 100 20 408 0 143 0 401 401 400 0 0 0 59 50 AUTO 0 
b.1 2025-07-08 10:54:07.786 a 2025-07-08-10:54:03 152 079 290 0.2 1.8 4.6 14.8 54.6 733.6 0.00 0 0.0 15.0 24.1 24.4 3.633  -25.1   18.9    2.5  48    7.7   5 0 0 1 1 1 0 15.4 54.9 15.4 55.3 80.0 100 100 20 408 0 143 0 401 401 400 0 0 0 60 50 AUTO 0 
b.1 2025-07-08 10:55:12.325 a 2025-07-08-10:55:08 175 098 353 0.3 2.5 4.9 14.8 54.5 733.7 0.00 0 0.0 15.0 24.1 24.5 3.626  -26.4   18.9    2.7  48    7.7   8 0 0 1 1 1 0 15.4 55.0 15.5 55.4 80.0 100 100 20 408 0 143 0 402 401 400 0 0 0 59 50 AUTO 0 
b.1 2025-07-08 10:56:14.269 a 2025-07-08-10:56:10 017 103 155 0.7 2.6 4.0 14.8 54.5 733.7 0.00 0 0.0 15.0 24.1 24.5 3.628  -24.7   18.9    2.9  48    7.7   9 0 0 2 1 1 0 15.5 54.9 15.5 55.4 80.0 100 100 20 408 0 143 0 401 401 400 0 0 0 60 50 AUTO 0 
b.1 2025-07-08 10:57:10.630 a 2025-07-08-10:57:06 040 105 130 0.8 2.9 5.7 14.8 54.5 733.7 0.00 0 0.0 15.1 24.1 24.5 3.627  -23.3   18.9    3.3  48    7.7  10 0 0 2 1 1 0 15.5 54.9 15.5 55.4 80.0 100 100 20 408 0 143 0 400 401 400 0 0 0 60 50 AUTO 0 
b.1 2025-07-08 10:58:11.032 a 2025-07-08-10:58:07 033 102 179 0.5 2.4 5.0 14.8 54.4 733.6 0.00 0 0.0 15.0 24.1 24.5 3.627  -26.3   18.9    3.3  48    7.7  10 0 0 1 1 1 0 15.5 54.9 15.5 55.5 80.0 100 100 20 408 0 143 0 401 401 400 0 0 0 59 50 AUTO 0 
b.1 2025-07-08 10:59:10.029 a 2025-07-08-10:59:05 024 102 182 0.7 2.4 5.1 14.9 54.8 733.6 0.00 0 0.0 15.1 24.1 24.5 3.627  -24.8   18.9    3.2  48    7.7  10 0 0 2 1 1 0 15.5 55.0 15.5 55.6 80.0 100 100 20 408 0 143 0 401 401 400 0 0 0 60 50 AUTO 0 
b.1 2025-07-08 11:00:13.267 a 2025-07-08-11:00:09 014 105 206 0.2 1.7 3.2 14.9 54.3 733.6 0.00 0 0.0 15.1 24.1 24.5 3.628  -24.0   18.9    2.8  48    7.7   5 0 0 2 1 1 0 15.5 55.0 15.5 55.6 80.0 100 100 20 408 0 143 0 401 401 400 0 0 0 60 50 AUTO 0 
b.1 2025-07-08 11:01:11.286 a 2025-07-08-11:01:07 225 118 343 0.1 1.5 3.7 14.9 54.4 733.6 0.00 0 0.0 15.1 24.1 24.5 3.626  -24.2   18.9    2.5  48    7.7   5 0 0 2 1 1 0 15.5 55.0 15.5 55.6 80.0 100 100 20 408 0 143 0 402 401 400 0 0 0 60 50 AUTO 0 
b.1 2025-07-08 11:02:12.487 a 2025-07-08-11:02:08 024 098 173 0.5 1.6 2.9 14.9 54.3 733.6 0.00 0 0.0 15.1 24.1 24.5 3.627  -24.3   18.9    2.5  48    7.7  11 0 0 2 1 1 0 15.5 54.9 15.5 55.6 80.0 100 100 20 408 0 143 0 402 401 400 0 0 0 60 50 AUTO 0 
b.1 2025-07-08 11:03:10.108 a 2025-07-08-11:03:06 055 107 153 0.2 1.9 3.1 14.9 54.3 733.6 0.00 0 0.0 15.0 24.1 24.5 3.627  -24.8   18.9    2.6  48    7.7   7 0 0 2 1 1 0 15.5 54.9 15.5 55.5 80.0 100 100 20 408 0 143 0 401 401 400 0 0 0 60 50 AUTO 0 
b.1 2025-07-08 11:04:11.950 a 2025-07-08-11:04:07 185 102 311 0.0 1.6 3.6 14.9 54.5 733.6 0.00 0 0.0 15.1 24.1 24.4 3.632  -27.8   18.9    2.4  48    7.7   7 0 0 1 1 1 0 15.5 54.9 15.5 55.5 80.0 100 100 20 408 0 143 0 401 401 399 0 0 0 59 50 AUTO 0 
b.1 2025-07-08 11:05:14.068 a 2025-07-08-11:05:09 167 100 302 0.4 1.9 3.9 14.9 54.4 733.6 0.00 0 0.0 15.0 24.1 24.5 3.627  -26.0   18.9    2.5  48    7.7   7 0 0 1 1 1 0 15.5 55.0 15.5 55.6 80.0 100 100 20 408 0 143 0 401 402 399 0 0 0 59 50 AUTO 0 
b.1 2025-07-08 11:06:07.971 a 2025-07-08-11:06:03 235 112 311 0.3 1.8 3.5 14.9 54.6 733.6 0.00 0 0.0 15.0 24.1 24.5 3.626  -27.0   18.9    2.5  48    7.8   7 0 0 1 1 1 0 15.5 55.1 15.5 55.7 80.0 100 100 20 408 0 143 0 401 401 400 0 0 0 59 50 AUTO 0 
b.1 2025-07-08 11:07:10.131 a 2025-07-08-11:07:06 023 100 189 0.8 2.0 3.6 14.9 54.6 733.6 0.00 0 0.0 15.0 24.1 24.5 3.637  -26.9   18.9    2.5  48    7.7   7 0 0 1 1 1 0 15.5 55.2 15.5 55.7 80.0 100 100 20 408 0 143 0 401 401 400 0 0 0 60 50 AUTO 0 
b.1 2025-07-08 11:08:15.273 a 2025-07-08-11:08:11 227 089 301 0.0 1.5 3.4 14.9 54.7 733.6 0.00 0 0.0 15.0 24.1 24.4 3.627  -27.8   18.9    2.3  48    7.8   7 0 0 1 1 1 0 15.5 55.1 15.5 55.7 80.0 100 100 20 408 0 143 0 401 402 400 0 0 0 59 50 AUTO 0 
b.1 2025-07-08 11:09:11.911 a 2025-07-08-11:09:07 100 095 249 0.1 1.4 3.2 14.9 54.6 733.6 0.00 0 0.0 14.9 24.1 24.5 3.628  -28.3   18.9    2.4  48    7.7   7 0 0 1 1 1 0 15.5 55.1 15.5 55.7 80.0 100 100 20 408 0 143 0 401 402 400 0 0 0 59 50 AUTO 0 
b.1 2025-07-08 11:10:12.270 a 2025-07-08-11:10:08 199 096 354 0.3 1.8 4.8 14.9 54.7 733.6 0.00 0 0.0 15.0 24.1 24.4 3.633  -29.3   18.9    2.4  48    7.7   7 0 0 1 1 1 0 15.5 55.2 15.5 55.7 80.0 100 100 20 408 0 143 0 401 401 400 0 0 0 60 50 AUTO 0 
b.1 2025-07-08 11:11:10.250 a 2025-07-08-11:11:06 188 091 327 0.3 2.2 3.8 14.8 54.8 733.6 0.00 0 0.0 15.0 24.1 24.5 3.626  -29.5   18.9    2.6  48    7.8   7 0 0 1 1 1 0 15.5 55.2 15.5 55.7 80.0 100 100 20 408 0 143 0 401 401 400 0 0 0 59 50 AUTO 0 
b.1 2025-07-08 11:12:10.851 a 2025-07-08-11:12:06 035 107 172 0.5 2.4 5.0 14.8 54.9 733.6 0.00 0 0.0 15.0 24.1 24.5 3.628  -30.8   18.9    2.7  48    7.8   7 0 0 1 1 1 0 15.5 55.3 15.5 55.8 80.0 100 100 20 408 0 143 0 401 401 399 0 0 0 60 50 AUTO 0 
b.1 2025-07-08 11:13:11.993 a 2025-07-08-11:13:07 043 092 250 0.7 2.4 3.8 14.8 54.9 733.5 0.00 0 0.0 15.0 24.1 24.5 3.628  -29.4   18.9    2.9  48    7.8   9 0 0 1 1 1 0 15.5 55.3 15.5 55.9 80.0 100 100 20 408 0 143 0 401 401 399 0 0 0 59 50 AUTO 0 
b.1 2025-07-08 11:14:09.750 a 2025-07-08-11:14:05 016 080 152 0.3 2.1 4.6 14.9 54.7 733.6 0.00 0 0.0 15.0 24.1 24.4 3.627  -30.1   18.9    3.0  48    7.8   9 0 0 1 1 1 0 15.5 55.3 15.5 55.9 80.0 100 100 20 408 0 143 0 401 401 400 0 0 0 60 50 AUTO 0 
b.1 2025-07-08 11:15:13.211 a 2025-07-08-11:15:09 005 083 153 0.2 1.6 3.0 14.8 54.8 733.6 0.00 0 0.0 15.0 24.1 24.5 3.627  -30.8   18.9    2.6  48    7.8   9 0 0 1 1 1 0 15.5 55.3 15.5 55.9 80.0 100 100 20 408 0 143 2 401 401 399 0 0 3 59 50 AUTO 0 
b.1 2025-07-08 11:16:11.161 a 2025-07-08-11:16:07 020 090 135 0.7 2.0 3.1 14.8 54.8 733.6 0.00 0 0.0 15.0 24.1 24.5 3.629  -30.5   18.9    2.7  48    7.8   9 0 0 1 1 1 0 15.5 55.3 15.5 55.8 80.0 100 100 20 408 0 143 0 401 401 400 0 0 0 59 50 AUTO 0 
b.1 2025-07-08 11:17:11.390 a 2025-07-08-11:17:07 171 092 346 0.5 2.0 4.2 14.8 54.9 733.6 0.00 0 0.0 15.0 24.1 24.5 3.627  -29.8   18.9    2.8  48    7.7   5 0 0 1 1 1 0 15.5 55.3 15.5 55.8 80.0 100 100 20 408 0 143 0 401 401 400 0 0 0 59 50 AUTO 0 
b.1 2025-07-08 11:18:13.292 a 2025-07-08-11:18:09 011 083 166 0.2 2.1 3.8 14.8 55.0 733.6 0.00 0 0.0 15.0 24.1 24.5 3.627  -30.6   18.9    2.8  48    7.8  11 0 0 1 1 1 0 15.5 55.3 15.5 55.8 80.0 100 100 20 408 0 143 0 401 401 400 0 0 0 59 50 AUTO 0 
b.1 2025-07-08 11:19:11.471 a 2025-07-08-11:19:07 016 088 166 0.4 2.7 5.5 14.8 55.0 733.6 0.00 0 0.0 15.0 24.1 24.5 3.633  -33.1   18.9    3.3  48    7.8  13 0 0 1 1 1 0 15.4 55.3 15.5 55.8 80.0 100 100 20 408 0 143 0 401 401 400 0 0 0 59 50 AUTO 0 
b.1 2025-07-08 11:20:12.750 a 2025-07-08-11:20:08 016 087 137 0.7 2.6 5.0 14.8 55.0 733.6 0.00 0 0.0 15.1 24.1 24.5 3.627  -33.5   18.9    3.4  48    7.8  10 0 0 1 1 1 0 15.4 55.4 15.5 55.9 80.0 100 100 20 408 0 143 0 402 401 400 0 0 0 59 50 AUTO 0 
b.1 2025-07-08 11:21:12.132 a 2025-07-08-11:21:08 134 080 306 0.2 1.9 5.0 14.8 54.8 733.7 0.00 0 0.0 15.0 24.1 24.5 3.627  -31.9   18.9    3.0  48    7.8  10 0 0 1 1 1 0 15.4 55.3 15.4 55.9 80.0 100 100 20 408 0 143 0 401 401 400 0 0 0 60 50 AUTO 0 
b.1 2025-07-08 11:22:10.451 a 2025-07-08-11:22:06 021 096 241 0.4 2.6 5.7 14.8 54.7 733.6 0.00 0 0.0 15.0 24.1 24.5 3.627  -31.9   18.9    3.4  48    7.7  10 0 0 1 1 1 0 15.4 55.3 15.4 55.9 80.0 100 100 20 408 0 143 0 401 402 400 0 0 0 60 50 AUTO 0 
b.1 2025-07-08 11:23:08.992 a 2025-07-08-11:23:04 010 082 159 0.7 2.4 4.5 14.8 54.9 733.6 0.00 0 0.0 15.0 24.1 24.5 3.628  -33.2   18.8    3.5  48    7.7  10 0 0 1 1 1 0 15.4 55.3 15.4 55.8 80.0 100 100 20 408 0 143 0 401 401 400 0 0 0 59 50 AUTO 0 
b.1 2025-07-08 11:24:14.473 a 2025-07-08-11:24:10 051 102 226 0.6 2.9 5.4 14.8 54.8 733.6 0.00 0 0.0 15.0 24.1 24.4 3.628  -34.6   18.9    3.8  48    7.8  10 0 0 1 1 1 0 15.4 55.3 15.4 55.9 80.0 100 100 20 408 0 143 0 401 401 400 0 0 0 60 50 AUTO 0 
b.1 2025-07-08 11:25:11.052 a 2025-07-08-11:25:06 040 094 148 0.9 2.6 4.0 14.8 54.8 733.7 0.00 0 0.0 15.0 24.0 23.4 3.633  -34.0   18.9    3.7  48    7.8  10 0 0 1 1 1 0 15.4 55.3 15.4 55.8 80.0 100 100 20 408 0 143 0 401 402 400 0 0 0 60 50 AUTO 0 
b.1 2025-07-08 11:26:11.632 a 2025-07-08-11:26:07 009 083 146 0.5 2.2 4.2 14.8 54.7 733.7 0.00 0 0.0 15.0 24.1 24.4 3.627  -32.3   18.9    3.4  48    7.8  10 0 0 1 1 1 0 15.4 55.3 15.4 55.8 80.0 100 100 20 408 0 143 0 401 401 400 0 0 0 59 50 AUTO 0 
b.1 2025-07-08 11:27:08.974 a 2025-07-08-11:27:04 107 076 184 0.3 2.1 4.3 14.8 54.8 733.7 0.00 0 0.0 15.0 24.1 24.5 3.634  -31.5   18.9    3.1  49    7.8  10 0 0 1 1 1 0 15.4 55.3 15.4 55.8 80.0 100 100 20 408 0 143 0 401 401 400 0 0 0 59 50 AUTO 0 
b.1 2025-07-08 11:28:10.953 a 2025-07-08-11:28:06 161 098 351 0.2 2.2 5.0 14.8 54.8 733.6 0.00 0 0.0 15.0 24.1 24.4 3.634  -32.9   18.8    3.0  49    7.8  10 0 0 1 1 1 0 15.4 55.2 15.4 55.8 80.0 100 100 20 408 0 144 0 400 401 399 0 0 0 59 50 AUTO 0 
b.1 2025-07-08 11:29:09.255 a 2025-07-08-11:29:05 028 102 162 0.8 2.8 5.3 14.8 55.0 733.6 0.00 0 0.0 15.0 24.1 24.5 3.634  -32.9   18.8    3.4  49    7.8  10 0 0 1 1 1 0 15.4 55.2 15.4 55.8 80.0 100 100 20 408 0 144 0 401 401 400 0 0 0 59 50 AUTO 0 
b.1 2025-07-08 11:30:13.990 a 2025-07-08-11:30:09 030 101 161 0.3 2.6 5.1 14.8 55.0 733.6 0.00 0 0.0 15.0 24.1 24.5 3.635  -33.2   18.8    3.4  49    7.8  10 0 0 1 1 1 0 15.5 55.3 15.4 55.8 80.0 100 100 20 408 0 144 0 401 401 399 0 0 0 60 50 AUTO 0 
b.1 2025-07-08 11:31:11.053 a 2025-07-08-11:31:06 019 105 223 0.2 1.8 4.3 14.8 55.0 733.6 0.00 0 0.0 15.0 24.1 24.5 3.626  -32.9   18.8    3.0  49    7.8  10 0 0 1 1 1 0 15.5 55.2 15.5 55.8 80.0 100 100 20 408 0 144 0 401 401 400 0 0 0 59 50 AUTO 0 
b.1 2025-07-08 11:32:12.891 a 2025-07-08-11:32:08 035 108 168 0.7 2.3 4.5 14.8 55.0 733.6 0.00 0 0.0 15.0 24.1 24.4 3.633  -32.3   18.8    3.1  49    7.7   5 0 0 1 1 1 0 15.5 55.2 15.5 55.7 80.0 100 100 20 408 0 144 0 401 401 400 0 0 0 59 50 AUTO 0 
b.1 2025-07-08 11:33:09.476 a 2025-07-08-11:33:05 042 105 168 0.4 2.6 4.7 14.8 55.1 733.7 0.00 0 0.0 15.0 24.1 24.5 3.626  -32.6   18.8    3.2  49    7.8  11 0 0 1 1 1 0 15.5 55.1 15.5 55.6 80.0 100 100 20 408 0 144 0 400 402 400 0 0 0 59 50 AUTO 0 
b.1 2025-07-08 11:34:12.394 a 2025-07-08-11:34:08 034 089 194 0.3 2.4 4.0 14.8 55.1 733.6 0.00 0 0.0 14.9 24.1 24.5 3.627  -31.6   18.8    3.3  49    7.8   9 0 0 1 1 1 0 15.5 55.1 15.6 55.6 80.0 100 100 20 408 0 144 0 401 401 400 0 0 0 59 50 AUTO 0 
b.1 2025-07-08 11:35:09.640 a 2025-07-08-11:35:05 206 104 327 0.3 2.6 4.1 14.8 55.0 733.6 0.00 0 0.0 15.0 24.1 24.4 3.627  -31.7   18.8    3.4  49    7.8  10 0 0 1 1 1 0 15.5 55.1 15.6 55.6 80.0 100 100 20 408 0 144 0 401 401 400 0 0 0 59 50 AUTO 0 
b.1 2025-07-08 11:36:12.694 a 2025-07-08-11:36:08 131 079 329 0.2 2.8 6.0 14.8 55.0 733.7 0.00 0 0.0 15.0 24.1 24.5 3.628  -32.9   18.8    3.9  49    7.8  10 0 0 1 1 1 0 15.6 55.1 15.6 55.5 80.0 100 100 20 408 0 144 0 401 401 399 0 0 0 60 50 AUTO 0 
b.1 2025-07-08 11:37:09.036 a 2025-07-08-11:37:04 026 096 226 0.4 2.7 5.0 14.8 55.0 733.6 0.00 0 0.0 14.9 24.1 24.4 3.627  -33.8   18.8    3.8  49    7.8  10 0 0 1 1 1 0 15.6 55.1 15.6 55.5 80.0 100 100 20 408 0 144 0 401 401 400 0 0 0 60 50 AUTO 0 
b.1 2025-07-08 11:38:11.436 a 2025-07-08-11:38:07 041 096 149 0.7 2.8 5.0 14.8 55.3 733.6 0.00 0 0.0 15.0 24.1 24.4 3.627  -30.9   18.8    3.7  49    7.8  10 0 0 1 1 1 0 15.6 55.1 15.6 55.5 80.0 100 100 20 408 0 144 0 401 401 400 0 0 0 60 50 AUTO 0 
b.1 2025-07-08 11:39:09.016 a 2025-07-08-11:39:04 026 091 150 0.8 2.5 4.9 14.8 55.1 733.6 0.00 0 0.0 15.0 24.1 24.5 3.628  -29.5   18.8    3.6  49    7.8  10 0 0 1 1 1 0 15.6 55.1 15.6 55.5 80.0 100 100 20 408 0 144 0 401 401 399 0 0 0 59 50 AUTO 0 
b.1 2025-07-08 11:40:12.581 a 2025-07-08-11:40:08 020 090 129 1.2 2.6 4.4 14.8 55.3 733.7 0.00 0 0.0 15.0 24.1 24.5 3.628  -29.3   18.8    3.7  49    7.8  10 0 0 1 1 1 0 15.6 55.1 15.6 55.5 80.0 100 100 20 408 0 144 0 401 402 399 0 0 0 59 50 AUTO 0 
b.1 2025-07-08 11:41:10.196 a 2025-07-08-11:41:06 019 082 135 0.7 2.4 4.3 14.8 55.2 733.7 0.00 0 0.0 15.0 24.1 24.5 3.627  -28.1   18.8    3.4  49    7.8   5 0 0 1 1 1 0 15.6 55.1 15.6 55.4 80.0 100 100 20 408 0 144 0 401 401 400 0 0 0 59 50 AUTO 0 
b.1 2025-07-08 11:42:09.759 a 2025-07-08-11:42:05 193 090 350 0.2 2.4 5.0 14.8 55.2 733.7 0.00 0 0.0 14.9 24.1 24.5 3.628  -29.0   18.8    3.3  49    7.8   9 0 0 1 1 1 0 15.6 55.1 15.7 55.4 80.0 100 100 20 408 0 144 0 401 401 399 0 0 0 59 50 AUTO 0 
b.1 2025-07-08 11:43:08.815 a 2025-07-08-11:43:04 017 087 139 0.7 2.8 4.7 14.8 55.4 733.7 0.00 0 0.0 15.0 24.1 24.5 3.628  -27.8   18.8    3.7  49    7.9  10 0 0 1 1 1 0 15.6 55.1 15.7 55.4 80.0 100 100 20 408 0 144 0 402 401 400 0 0 0 59 50 AUTO 0 
b.1 2025-07-08 11:44:11.395 a 2025-07-08-11:44:07 047 083 119 0.9 2.7 4.2 14.8 55.3 733.7 0.00 0 0.0 15.0 24.1 24.5 3.628  -29.1   18.8    3.8  49    7.9  10 0 0 1 1 1 0 15.6 55.1 15.7 55.4 80.0 100 100 20 408 0 144 0 401 401 399 0 0 0 59 50 AUTO 0 
b.1 2025-07-08 11:45:12.634 a 2025-07-08-11:45:08 092 107 103 0.1 1.7 3.0 14.8 55.4 733.7 0.00 0 0.0 15.0 24.1 24.5 3.627  -28.7   18.8    3.1  49    7.9  10 0 0 1 1 1 0 15.6 55.1 15.7 55.4 80.0 100 100 20 408 0 144 0 401 401 400 0 0 0 60 50 AUTO 0 
b.1 2025-07-08 11:46:12.257 a 2025-07-08-11:46:08 175 098 330 0.2 2.1 4.7 14.8 55.4 733.7 0.00 0 0.0 15.0 24.1 24.5 3.628  -27.9   18.8    3.0  49    7.8   5 0 0 1 1 1 0 15.6 55.1 15.7 55.4 80.0 100 100 20 408 0 144 0 402 401 400 0 0 0 60 50 AUTO 0 
b.1 2025-07-08 11:47:10.617 a 2025-07-08-11:47:06 180 103 301 0.2 2.2 4.9 14.8 55.4 733.7 0.00 0 0.0 15.0 24.1 24.5 3.627  -28.9   18.8    2.8  49    7.9   5 0 0 1 1 1 0 15.6 55.1 15.7 55.4 80.0 100 100 20 408 0 144 0 400 401 399 0 0 0 60 50 AUTO 0 
b.1 2025-07-08 11:48:08.838 a 2025-07-08-11:48:04 074 102 140 1.3 2.8 4.3 14.8 55.6 733.8 0.00 0 0.0 15.0 24.1 24.5 3.633  -33.3   18.8    3.3  49    7.9   9 0 0 1 1 1 0 15.6 55.2 15.7 55.5 80.0 100 100 20 408 0 144 0 402 401 400 0 0 0 60 50 AUTO 0 
b.1 2025-07-08 11:49:10.855 a 2025-07-08-11:49:06 193 105 293 0.3 1.6 3.7 14.8 55.8 733.7 0.00 0 0.0 15.0 24.1 24.5 3.628  -30.2   18.8    2.7  49    7.9   9 0 0 1 1 1 0 15.6 55.2 15.7 55.5 80.0 100 100 20 408 0 144 0 401 402 399 0 0 0 60 50 AUTO 0 
b.1 2025-07-08 11:50:11.457 a 2025-07-08-11:50:07 052 095 151 0.7 2.7 4.2 14.8 55.7 733.7 0.00 0 0.0 15.0 24.1 24.5 3.628  -32.5   18.8    3.0  49    7.9   9 0 0 1 1 1 0 15.6 55.2 15.7 55.5 80.0 100 100 20 408 0 144 0 401 401 399 0 0 0 60 50 AUTO 0 
b.1 2025-07-08 11:51:09.917 a 2025-07-08-11:51:05 188 095 338 0.1 2.4 5.2 14.8 55.5 733.8 0.00 0 0.0 15.0 24.1 24.5 3.626  -31.6   18.8    3.0  49    7.9   9 0 0 1 1 1 0 15.6 55.2 15.7 55.5 80.0 100 100 20 408 0 144 0 401 401 399 0 0 0 60 50 AUTO 0 
b.1 2025-07-08 11:52:10.140 a 2025-07-08-11:52:05 146 079 323 0.3 1.7 3.4 14.8 55.5 733.7 0.00 0 0.0 15.0 24.1 24.5 3.627  -31.4   18.8    2.8  49    7.9   5 0 0 1 1 1 0 15.6 55.2 15.7 55.6 80.0 100 100 20 408 0 144 0 401 401 400 0 0 0 60 50 AUTO 0 
b.1 2025-07-08 11:53:10.857 a 2025-07-08-11:53:06 028 078 140 0.8 2.3 4.2 14.8 55.7 733.7 0.00 0 0.0 15.0 24.1 24.5 3.627  -32.1   18.8    3.0  49    7.9  10 0 0 1 1 1 0 15.6 55.3 15.7 55.6 80.0 100 100 20 408 0 144 0 401 402 399 0 0 0 59 50 AUTO 0 
b.1 2025-07-08 11:54:11.480 a 2025-07-08-11:54:07 171 086 299 0.2 1.9 5.0 14.8 55.7 733.7 0.00 0 0.0 15.0 24.1 24.5 3.627  -29.6   18.8    2.7  49    7.9   9 0 0 1 1 1 0 15.6 55.2 15.7 55.6 80.0 100 100 20 408 0 144 0 401 402 399 0 0 0 60 50 AUTO 0 
b.1 2025-07-08 11:55:11.638 a 2025-07-08-11:55:07 067 107 167 1.1 3.1 5.0 14.7 55.9 733.7 0.00 0 0.0 15.1 24.1 24.5 3.627  -29.7   18.8    3.3  49    7.9  10 0 0 1 1 1 0 15.6 55.3 15.7 55.6 80.0 100 100 20 408 0 144 0 401 401 399 0 0 0 59 50 AUTO 0 
b.1 2025-07-08 11:56:11.657 a 2025-07-08-11:56:07 005 105 179 0.2 3.3 5.3 14.8 56.2 733.7 0.00 0 0.0 15.0 24.1 24.5 3.627  -30.8   18.8    3.9  49    7.9  10 0 0 1 1 1 0 15.6 55.4 15.7 55.7 80.0 100 100 20 408 0 144 0 400 401 400 0 0 0 60 50 AUTO 0 
b.1 2025-07-08 11:57:09.321 a 2025-07-08-11:57:05 047 096 156 0.6 2.5 4.8 14.8 55.9 733.8 0.00 0 0.0 15.0 24.1 24.5 3.627  -30.7   18.8    3.5  49    7.9  10 0 0 1 1 1 0 15.6 55.4 15.7 55.7 80.0 100 100 20 408 0 144 0 401 402 399 0 0 0 59 50 AUTO 0 
b.1 2025-07-08 11:58:10.082 a 2025-07-08-11:58:05 165 088 000 0.6 2.4 4.5 14.8 55.8 733.8 0.00 0 0.0 15.0 24.1 24.5 3.627  -30.1   18.8    3.4  49    7.9  10 0 0 1 1 1 0 15.6 55.4 15.7 55.7 80.0 100 100 20 408 0 144 0 401 401 399 0 0 0 60 50 AUTO 0 
b.1 2025-07-08 11:59:08.937 a 2025-07-08-11:59:04 027 086 161 0.8 2.4 4.4 14.8 55.8 733.8 0.00 0 0.0 15.0 24.1 24.4 3.633  -32.6   18.7    3.4  49    7.9  10 0 0 1 1 1 0 15.6 55.5 15.7 55.8 80.0 100 100 20 408 0 144 0 400 401 399 0 0 0 59 50 AUTO 0 
b.1 2025-07-08 12:00:12.460 a 2025-07-08-12:00:08 026 088 129 1.0 2.9 5.7 14.8 55.9 733.8 0.00 0 0.0 15.0 24.1 24.4 3.633  -31.6   18.7    3.5  49    7.9  10 0 0 1 1 1 0 15.6 55.5 15.7 55.8 80.0 100 100 20 408 0 144 0 400 401 399 0 0 0 60 50 AUTO 0 
b.1 2025-07-08 12:01:09.703 a 2025-07-08-12:01:05 026 088 135 1.4 3.0 4.4 14.8 55.9 733.8 0.00 0 0.0 14.9 24.1 24.4 3.633  -32.7   18.7    3.9  49    7.9  10 0 0 1 1 1 0 15.6 55.5 15.7 55.8 80.0 100 100 20 408 0 144 0 401 401 400 0 0 0 59 50 AUTO 0 
b.1 2025-07-08 12:02:09.404 a 2025-07-08-12:02:05 027 080 129 0.5 3.0 5.1 14.8 55.8 733.8 0.00 0 0.0 15.0 24.1 24.5 3.628  -32.5   18.7    4.3  49    7.9  10 0 0 1 1 1 0 15.6 55.5 15.7 55.8 80.0 100 99 20 408 0 144 0 401 401 400 0 0 0 60 50 AUTO 0 
b.1 2025-07-08 12:03:09.423 a 2025-07-08-12:03:05 009 087 134 0.2 3.5 6.3 14.8 55.8 733.8 0.00 0 0.0 15.0 24.1 24.5 3.628  -33.9   18.7    4.8  50    8.0  10 0 0 1 1 1 0 15.6 55.6 15.7 55.9 80.0 100 100 20 408 0 144 0 401 401 400 0 0 0 59 50 AUTO 0 
b.1 2025-07-08 12:04:06.661 a 2025-07-08-12:04:02 143 084 233 0.1 2.5 5.9 14.8 56.3 733.8 0.00 0 0.0 15.0 24.1 24.4 3.627  -33.5   18.7    3.6  50    8.0  10 0 0 1 1 1 0 15.6 55.6 15.7 56.0 80.0 100 100 20 408 0 144 0 401 401 400 0 0 0 60 50 AUTO 0 
b.1 2025-07-08 12:05:11.762 a 2025-07-08-12:05:07 222 082 336 0.4 2.9 6.3 14.8 55.9 733.8 0.00 0 0.0 15.0 24.1 24.5 3.627  -32.4   18.7    3.8  50    8.0  10 0 0 1 1 1 0 15.6 55.7 15.7 56.0 80.0 100 100 20 408 0 144 0 401 401 399 0 0 0 59 50 AUTO 0 
b.1 2025-07-08 12:06:12.223 a 2025-07-08-12:06:08 218 092 311 0.3 2.2 4.6 14.8 55.8 733.8 0.00 0 0.0 15.0 24.1 24.5 3.627  -32.5   18.7    3.5  50    8.0  10 0 0 1 1 1 0 15.6 55.7 15.7 56.0 80.0 100 100 20 408 0 144 0 400 401 399 0 0 0 59 50 AUTO 0 
b.1 2025-07-08 12:07:06.661 a 2025-07-08-12:07:02 008 068 132 1.3 2.5 4.0 14.8 55.8 733.8 0.00 0 0.0 15.0 24.1 24.5 3.627  -32.9   18.6    3.6  50    7.9  10 0 0 1 1 1 0 15.6 55.7 15.7 56.0 80.0 100 100 20 408 0 143 0 401 401 399 0 0 0 60 50 AUTO 0 
b.1 2025-07-08 12:08:09.660 a 2025-07-08-12:08:05 046 095 206 0.4 2.8 5.0 14.8 55.8 733.8 0.00 0 0.0 15.0 24.1 24.5 3.627  -32.2   18.6    3.7  50    7.9   6 0 0 1 1 1 0 15.6 55.7 15.7 56.0 80.0 100 100 20 408 0 143 0 401 401 400 0 0 0 59 50 AUTO 0 
b.1 2025-07-08 12:09:08.062 a 2025-07-08-12:09:03 123 092 328 0.2 2.1 5.0 14.8 55.8 733.8 0.00 0 0.0 15.0 24.1 24.5 3.626  -35.4   18.6    3.3  50    7.9  12 0 0 1 1 1 0 15.6 55.7 15.7 56.0 80.0 100 100 20 408 0 143 0 401 401 400 0 0 0 60 50 AUTO 0 
b.1 2025-07-08 12:10:12.759 a 2025-07-08-12:10:08 018 085 141 0.7 3.3 5.5 14.8 56.0 733.8 0.00 0 0.0 15.0 24.1 24.5 3.626  -34.5   18.6    3.8  50    7.9  11 0 0 1 1 1 0 15.6 55.7 15.7 56.0 80.0 100 100 20 408 0 143 0 401 401 399 0 0 0 59 50 AUTO 0 
b.1 2025-07-08 12:11:10.944 a 2025-07-08-12:11:06 171 089 348 0.4 2.6 4.6 14.8 56.0 733.8 0.00 0 0.0 15.0 24.1 24.5 3.628  -32.6   18.6    3.6  50    8.0  11 0 0 1 1 1 0 15.6 55.6 15.7 56.0 80.0 100 100 20 408 0 143 0 401 401 400 0 0 0 59 50 AUTO 0 
b.1 2025-07-08 12:12:11.301 a 2025-07-08-12:12:07 151 095 328 0.6 2.7 4.9 14.8 56.0 733.9 0.00 0 0.0 15.0 24.1 24.5 3.627  -32.0   18.6    3.6  50    7.9  11 0 0 1 1 1 0 15.6 55.7 15.7 56.0 80.0 100 100 20 408 0 144 0 402 401 400 0 0 0 60 50 AUTO 0 
b.1 2025-07-08 12:13:07.946 a 2025-07-08-12:13:03 001 089 157 0.2 2.7 5.7 14.8 56.0 733.9 0.00 0 0.0 15.0 24.1 24.5 3.627  -32.6   18.6    3.7  50    8.0  11 0 0 1 1 1 0 15.6 55.7 15.7 56.0 80.0 100 100 20 408 0 144 0 401 401 400 0 0 0 59 50 AUTO 0 
b.1 2025-07-08 12:14:08.525 a 2025-07-08-12:14:04 138 096 322 0.2 3.4 5.8 14.8 56.0 733.9 0.00 0 0.0 15.0 24.1 24.5 3.628  -34.5   18.6    3.9  50    8.0  11 0 0 1 1 1 0 15.6 55.6 15.7 56.0 80.0 100 100 20 408 0 144 0 401 401 399 0 0 0 59 50 AUTO 0 
b.1 2025-07-08 12:15:09.904 a 2025-07-08-12:15:05 015 099 147 1.4 4.7 7.3 14.8 56.0 733.9 0.00 0 0.0 15.0 24.1 24.4 3.628  -33.0   18.6    5.9  50    7.9  11 0 0 1 1 1 0 15.7 55.6 15.7 55.9 80.0 100 100 20 408 0 143 0 401 401 399 0 0 0 60 50 AUTO 0 
b.1 2025-07-08 12:16:08.961 a 2025-07-08-12:16:04 062 093 147 1.2 3.5 6.1 14.8 55.9 733.9 0.00 0 0.0 15.0 24.1 24.4 3.627  -34.9   18.6    5.4  50    7.9  11 0 0 1 1 1 0 15.7 55.5 15.7 55.9 80.0 100 100 20 408 0 144 0 401 401 400 0 0 0 60 50 AUTO 0 
b.1 2025-07-08 12:17:09.104 a 2025-07-08-12:17:04 013 091 133 0.7 3.5 5.8 14.8 55.7 734.0 0.00 0 0.0 15.0 24.1 24.5 3.631  -34.6   18.6    5.0  50    8.0  11 0 0 1 1 1 0 15.7 55.5 15.7 55.9 80.0 100 100 20 408 0 144 0 401 402 399 0 0 0 59 50 AUTO 0 
b.1 2025-07-08 12:18:10.943 a 2025-07-08-12:18:06 066 098 131 1.4 4.0 5.8 14.8 55.7 734.0 0.00 0 0.0 15.0 24.1 24.5 3.627  -34.1   18.6    5.6  50    7.9  11 0 0 1 1 1 0 15.7 55.4 15.7 55.8 80.0 100 100 20 408 0 144 0 402 401 399 0 0 0 60 50 AUTO 0 
b.1 2025-07-08 12:19:08.082 a 2025-07-08-12:19:03 042 089 124 0.7 4.1 5.9 14.8 55.7 734.0 0.00 0 0.0 15.0 24.1 24.5 3.628  -33.9   18.6    6.0  50    7.9  11 0 0 1 1 1 0 15.7 55.4 15.7 55.8 80.0 100 100 20 408 0 143 0 401 401 400 0 0 0 59 50 AUTO 0 
b.1 2025-07-08 12:20:12.243 a 2025-07-08-12:20:08 034 084 142 1.1 3.1 5.4 14.8 55.6 734.0 0.00 0 0.0 15.0 24.1 24.5 3.628  -33.0   18.6    5.2  50    7.9  11 0 0 1 1 1 0 15.7 55.4 15.7 55.8 80.0 100 100 20 408 0 144 0 401 402 399 0 0 0 60 50 AUTO 0 
b.1 2025-07-08 12:21:10.043 a 2025-07-08-12:21:05 123 070 348 0.5 2.3 4.1 14.8 55.7 734.0 0.00 0 0.0 15.1 24.1 24.5 3.627  -31.3   18.6    4.4  50    7.9  11 0 0 1 1 1 0 15.7 55.4 15.7 55.8 80.0 100 100 20 408 0 143 0 401 402 399 0 0 0 59 50 AUTO 0 
b.1 2025-07-08 12:22:11.105 a 2025-07-08-12:22:06 019 086 132 0.2 2.9 6.0 14.8 55.8 734.0 0.00 0 0.0 15.0 24.1 24.4 3.627  -32.5   18.6    4.4  50    8.0  11 0 0 1 1 1 0 15.6 55.4 15.7 55.8 80.0 100 100 20 408 0 144 0 401 401 400 0 0 0 60 50 AUTO 0 
b.1 2025-07-08 12:23:08.345 a 2025-07-08-12:23:04 019 096 133 1.1 4.1 6.2 14.8 55.9 734.0 0.00 0 0.0 15.0 24.1 24.5 3.628  -34.0   18.6    5.8  50    8.0  11 0 0 1 1 1 0 15.7 55.5 15.7 55.8 80.0 100 100 20 408 0 144 0 400 401 399 0 0 0 60 50 AUTO 0 
b.1 2025-07-08 12:24:09.486 a 2025-07-08-12:24:05 037 107 241 0.5 4.0 7.1 14.8 56.0 734.0 0.00 0 0.0 15.0 24.1 24.4 3.628  -34.0   18.6    5.5  50    8.0  11 0 0 1 1 1 0 15.7 55.5 15.7 55.9 80.0 100 100 20 408 0 144 0 401 401 399 0 0 0 59 50 AUTO 0 
b.1 2025-07-08 12:25:11.887 a 2025-07-08-12:25:07 128 077 325 0.3 3.3 6.5 14.8 55.8 734.0 0.00 0 0.0 15.0 24.1 24.5 3.628  -30.6   18.6    5.2  50    8.0  11 0 0 1 1 1 0 15.6 55.5 15.7 55.8 80.0 100 100 20 408 0 143 0 401 401 400 0 0 0 59 50 AUTO 0 
b.1 2025-07-08 12:26:09.963 a 2025-07-08-12:26:05 119 084 327 0.3 4.2 7.2 14.8 56.0 734.0 0.00 0 0.0 15.0 24.1 24.5 3.627  -32.5   18.6    6.4  50    8.0  11 0 0 1 1 1 0 15.7 55.6 15.7 55.9 80.0 100 100 20 408 0 144 0 400 402 399 0 0 0 60 50 AUTO 0 
b.1 2025-07-08 12:27:07.023 a 2025-07-08-12:27:02 127 077 000 0.4 2.7 5.6 14.8 55.6 734.0 0.00 0 0.0 15.0 24.1 24.4 3.628  -31.2   18.6    5.0  50    8.0  11 0 0 1 1 1 0 15.6 55.6 15.7 55.9 80.0 100 100 20 408 0 144 0 401 401 399 0 0 0 59 50 AUTO 0 
b.1 2025-07-08 12:28:09.726 a 2025-07-08-12:28:05 159 091 329 0.3 2.1 4.1 14.8 55.6 734.1 0.00 0 0.0 15.0 24.1 24.5 3.627  -29.1   18.6    3.7  50    8.0  11 0 0 1 1 1 0 15.6 55.6 15.7 55.9 80.0 100 100 20 408 0 144 0 401 401 400 0 0 0 59 50 AUTO 0 
b.1 2025-07-08 12:29:09.285 a 2025-07-08-12:29:05 025 087 149 0.4 2.0 3.6 14.8 55.6 734.1 0.00 0 0.0 15.0 24.1 24.5 3.627  -30.6   18.6    3.3  50    8.0   5 0 0 1 1 1 0 15.6 55.5 15.7 55.8 80.0 100 100 20 408 0 143 0 401 401 399 0 0 0 59 50 AUTO 0 
b.1 2025-07-08 12:30:15.588 a 2025-07-08-12:30:11 028 087 127 1.3 3.7 7.7 14.8 55.8 734.0 0.00 0 0.0 15.0 24.1 24.5 3.627  -31.7   18.6    4.3  50    8.0  11 0 0 1 1 1 0 15.6 55.5 15.7 55.8 80.0 100 100 20 408 0 144 0 401 401 399 0 0 0 59 50 AUTO 0 
b.1 2025-07-08 12:31:09.766 a 2025-07-08-12:31:05 028 097 139 0.8 3.8 7.7 14.8 55.8 734.0 0.00 0 0.0 14.9 24.1 24.5 3.633  -30.1   18.6    4.6  50    8.0  11 0 0 1 1 1 0 15.6 55.5 15.7 55.8 80.0 100 100 20 408 0 143 0 401 401 399 0 0 0 60 50 AUTO 0 
b.1 2025-07-08 12:32:09.986 a 2025-07-08-12:32:05 028 094 153 1.4 3.6 5.8 14.8 55.8 734.0 0.00 0 0.0 15.0 24.1 24.4 3.633  -32.0   18.6    5.3  50    8.0  11 0 0 1 1 1 0 15.6 55.5 15.7 55.8 80.0 100 100 20 408 0 144 0 401 401 400 0 0 0 60 50 AUTO 0 
b.1 2025-07-08 12:33:09.726 a 2025-07-08-12:33:05 209 094 317 0.4 4.1 6.2 14.8 56.0 734.1 0.00 0 0.0 15.0 24.1 24.5 3.631  -30.2   18.6    6.2  50    8.0  11 0 0 1 1 1 0 15.7 55.5 15.7 55.8 80.0 100 100 20 408 0 144 0 402 401 399 0 0 0 59 50 AUTO 0 
b.1 2025-07-08 12:34:11.746 a 2025-07-08-12:34:07 098 070 284 0.2 2.3 4.5 14.8 56.0 734.1 0.00 0 0.0 15.0 24.1 24.5 3.628  -29.0   18.6    4.3  50    8.0  11 0 0 1 1 1 0 15.6 55.5 15.7 55.8 80.0 100 100 20 408 0 144 0 401 401 400 0 0 0 60 50 AUTO 0 
b.1 2025-07-08 12:35:10.108 a 2025-07-08-12:35:05 020 090 136 1.2 3.4 6.7 14.8 56.0 734.1 0.00 0 0.0 15.0 24.1 24.5 3.628  -30.0   18.6    4.8  50    8.0  11 0 0 1 1 1 0 15.6 55.5 15.7 55.8 80.0 100 100 20 408 0 143 0 402 401 400 0 0 0 60 50 AUTO 0 
b.1 2025-07-08 12:36:09.769 a 2025-07-08-12:36:05 199 087 286 0.1 1.6 6.5 14.8 55.9 734.1 0.00 0 0.0 14.9 24.1 24.4 3.633  -26.7   18.6    3.0  50    8.0   5 0 0 1 1 1 0 15.6 55.5 15.7 55.8 80.0 100 100 20 408 0 143 0 401 402 399 0 0 0 60 50 AUTO 0 
b.1 2025-07-08 12:37:09.151 a 2025-07-08-12:37:04 065 097 163 0.9 4.0 6.9 14.7 55.9 734.1 0.00 0 0.0 15.0 24.1 24.4 3.627  -28.1   18.6    4.2  50    8.0  12 0 0 1 1 1 0 15.6 55.5 15.7 55.8 80.0 100 100 20 408 0 143 0 401 401 399 0 0 0 59 50 AUTO 0 
b.1 2025-07-08 12:38:09.687 a 2025-07-08-12:38:05 065 099 130 2.2 5.5 8.4 14.8 55.9 734.1 0.00 0 0.0 15.1 24.1 24.5 3.627  -27.0   18.6    6.8  50    8.0  12 0 0 1 1 1 0 15.6 55.5 15.7 55.8 80.0 100 100 20 408 0 143 0 401 401 399 0 0 0 60 50 AUTO 0 
b.1 2025-07-08 12:39:09.190 a 2025-07-08-12:39:05 134 087 000 0.9 3.5 5.6 14.8 55.7 734.1 0.00 0 0.0 15.1 24.1 24.4 3.633  -29.0   18.6    5.7  50    8.0  12 0 0 1 1 1 0 15.6 55.5 15.7 55.8 80.0 100 100 20 408 0 143 0 401 401 400 0 0 0 60 50 AUTO 0 
b.1 2025-07-08 12:40:12.145 a 2025-07-08-12:40:07 188 082 295 0.1 1.9 4.3 14.8 55.6 734.1 0.00 0 0.0 15.1 24.1 24.5 3.627  -25.4   18.6    3.5  50    8.0   5 0 0 1 1 1 0 15.6 55.5 15.7 55.8 80.0 100 100 20 408 0 143 0 401 401 399 0 0 0 60 50 AUTO 0 
b.1 2025-07-08 12:41:10.288 a 2025-07-08-12:41:06 123 080 305 0.4 2.2 4.0 14.8 55.6 734.1 0.00 0 0.0 15.1 24.1 24.5 3.628  -25.9   18.6    3.5  50    8.0  10 0 0 1 1 1 0 15.6 55.5 15.7 55.8 80.0 100 100 20 408 0 143 0 401 401 399 0 0 0 60 50 AUTO 0 
b.1 2025-07-08 12:42:10.867 a 2025-07-08-12:42:06 217 112 300 0.1 1.5 4.2 14.8 55.5 734.1 0.00 0 0.0 15.0 24.1 24.5 3.627  -26.1   18.6    2.8  50    8.0   7 0 0 1 1 1 0 15.6 55.4 15.7 55.8 80.0 100 100 20 408 0 144 0 401 401 400 0 0 0 59 50 AUTO 0 
b.1 2025-07-08 12:43:08.529 a 2025-07-08-12:43:04 061 108 147 1.0 3.4 5.7 14.8 55.5 734.1 0.00 0 0.0 15.1 24.1 24.5 3.628  -28.6   18.7    3.4  50    8.0  10 0 0 1 1 1 0 15.6 55.4 15.7 55.8 80.0 100 100 20 408 0 144 0 401 401 399 0 0 0 59 50 AUTO 0 
b.1 2025-07-08 12:44:08.772 a 2025-07-08-12:44:04 023 102 157 0.6 2.8 4.8 14.8 55.6 734.1 0.00 0 0.0 15.1 24.1 24.4 3.627  -27.0   18.7    3.4  50    8.0  10 0 0 1 1 1 0 15.6 55.3 15.7 55.7 80.0 100 100 20 408 0 144 0 401 401 399 0 0 0 60 50 AUTO 0 
b.1 2025-07-08 12:45:11.529 a 2025-07-08-12:45:07 028 089 150 1.0 2.4 3.9 14.8 55.5 734.1 0.00 0 0.0 15.0 24.1 24.4 3.628  -28.2   18.7    3.4  50    8.0  10 0 0 1 1 1 0 15.7 55.3 15.7 55.6 80.0 100 99 20 404 -4 143 0 401 401 399 0 0 0 59 50 AUTO 0 
b.1 2025-07-08 12:46:09.828 a 2025-07-08-12:46:05 132 089 288 0.5 2.7 4.4 14.8 55.7 734.1 0.00 0 0.0 15.0 24.1 24.4 3.627  -29.4   18.7    3.6  50    8.0  10 0 0 1 1 1 0 15.7 55.3 15.7 55.6 80.0 100 100 20 408 0 143 0 401 401 400 0 0 0 60 50 AUTO 0 
b.1 2025-07-08 12:47:08.311 a 2025-07-08-12:47:04 006 086 127 0.6 2.3 4.2 14.8 55.6 734.1 0.00 0 0.0 15.0 24.1 24.5 3.627  -29.1   18.8    3.5  50    8.1  10 0 0 1 1 1 0 15.6 55.2 15.7 55.5 80.0 100 100 20 408 0 144 0 401 401 400 0 0 0 59 50 AUTO 0 
b.1 2025-07-08 12:48:09.927 a 2025-07-08-12:48:05 134 074 000 0.6 2.6 5.2 14.8 55.6 734.1 0.00 0 0.0 15.0 24.1 24.4 3.628  -32.0   18.8    3.8  50    8.1  10 0 0 1 1 1 0 15.7 55.2 15.7 55.5 80.0 100 100 20 408 0 143 0 401 401 399 0 0 0 59 50 AUTO 0 
b.1 2025-07-08 12:49:08.709 a 2025-07-08-12:49:04 137 083 351 0.9 2.4 5.6 14.7 55.5 734.0 0.00 0 0.0 15.0 24.1 24.4 3.628  -28.6   18.8    3.6  50    8.1  10 0 0 1 1 1 0 15.7 55.2 15.7 55.5 80.0 100 100 20 408 0 143 0 400 401 399 0 0 0 59 50 AUTO 0 
b.1 2025-07-08 12:50:11.987 a 2025-07-08-12:50:07 018 088 133 0.3 2.5 4.8 14.7 55.4 734.1 0.00 0 0.0 15.0 24.1 24.4 3.628  -30.4   18.9    3.5  50    8.1  10 0 0 1 1 1 0 15.7 55.1 15.8 55.4 80.0 100 100 20 408 0 144 0 401 401 400 0 0 0 60 50 AUTO 0 
b.1 2025-07-08 12:51:07.892 a 2025-07-08-12:51:03 034 090 125 1.8 3.6 5.8 14.7 55.3 734.1 0.00 0 0.0 15.0 24.1 24.5 3.627  -29.6   18.9    4.4  49    8.1  10 0 0 1 1 1 0 15.7 55.1 15.8 55.3 80.0 100 100 20 408 0 143 0 401 401 399 0 0 0 60 50 AUTO 0 
b.1 2025-07-08 12:52:11.450 a 2025-07-08-12:52:07 015 082 125 1.7 3.9 5.5 14.8 55.4 734.0 0.00 0 0.0 15.1 24.1 24.5 3.627  -32.0   18.9    5.5  49    8.1  11 0 0 1 1 1 0 15.7 55.0 15.8 55.3 80.0 100 100 20 408 0 144 0 401 401 399 0 0 0 60 50 AUTO 0 
b.1 2025-07-08 12:53:08.831 a 2025-07-08-12:53:04 139 081 289 0.3 2.1 4.1 14.8 55.2 734.1 0.00 0 0.0 15.1 24.1 24.5 3.628  -28.8   18.9    3.9  49    8.1  12 0 0 1 1 1 0 15.7 55.0 15.8 55.3 80.0 100 100 20 408 0 143 0 401 401 400 0 0 0 59 50 AUTO 0 
b.1 2025-07-08 12:54:11.092 a 2025-07-08-12:54:06 183 095 303 0.4 2.1 4.4 14.8 55.2 734.1 0.00 0 0.0 15.0 24.1 24.4 3.627  -30.6   18.9    3.4  49    8.1   5 0 0 1 1 1 0 15.7 54.9 15.8 55.2 80.0 100 100 20 408 0 143 0 401 401 400 0 0 0 60 50 AUTO 0 
b.1 2025-07-08 12:55:10.897 a 2025-07-08-12:55:06 001 087 123 0.7 2.5 4.0 14.8 55.1 734.2 0.00 0 0.0 15.1 24.1 24.5 3.633  -30.3   18.9    3.4  49    8.1   9 0 0 1 1 1 0 15.7 54.9 15.8 55.1 80.0 100 100 20 408 0 143 0 401 401 400 0 0 0 60 50 AUTO 0 
b.1 2025-07-08 12:56:10.411 a 2025-07-08-12:56:06 023 075 113 0.7 2.1 4.1 14.8 55.1 734.2 0.00 0 0.0 15.1 24.1 24.5 3.627  -30.5   18.9    3.4  49    8.1   9 0 0 1 1 1 0 15.7 54.8 15.8 55.1 80.0 100 100 20 408 0 143 0 401 401 399 0 0 0 60 50 AUTO 0 
b.1 2025-07-08 12:57:09.515 a 2025-07-08-12:57:05 037 092 125 1.0 3.2 5.7 14.8 55.2 734.2 0.00 0 0.0 15.1 24.1 24.5 3.627  -32.5   19.0    4.1  49    8.1  14 0 0 1 1 1 0 15.7 54.7 15.8 55.1 80.0 100 100 20 408 0 143 0 401 401 400 0 0 0 59 50 AUTO 0 
b.1 2025-07-08 12:58:11.073 a 2025-07-08-12:58:06 138 077 296 0.4 2.7 4.8 14.8 55.2 734.2 0.00 0 0.0 15.1 24.1 24.4 3.627  -29.1   19.0    3.9  49    8.1  11 0 0 1 1 1 0 15.7 54.7 15.8 55.0 80.0 100 100 20 408 0 143 0 400 401 399 0 0 0 59 50 AUTO 0 
b.1 2025-07-08 12:59:09.572 a 2025-07-08-12:59:05 005 091 234 0.1 1.2 3.1 14.8 55.1 734.2 0.00 0 0.0 15.1 24.1 24.5 3.627  -28.2   19.0    2.7  49    8.1  11 0 0 1 1 1 0 15.7 54.7 15.8 55.0 80.0 100 100 20 408 0 143 0 401 401 399 0 0 0 60 50 AUTO 0 
b.1 2025-07-08 13:00:10.430 a 2025-07-08-13:00:06 201 104 302 0.1 1.1 2.6 14.8 54.9 734.2 0.00 0 0.0 15.1 24.1 24.5 3.627  -28.4   19.0    2.4  49    8.1   5 0 0 1 1 1 0 15.7 54.5 15.8 54.8 80.0 100 100 20 408 0 144 0 402 401 400 0 0 0 59 50 AUTO 0 
b.1 2025-07-08 13:01:08.654 a 2025-07-08-13:01:04 025 084 145 0.7 2.1 3.9 14.8 54.9 734.2 0.00 0 0.0 15.1 24.1 24.5 3.627  -28.1   19.1    2.7  49    8.1   7 0 0 1 1 1 0 15.8 54.4 15.8 54.8 80.0 100 100 20 408 0 143 0 401 401 400 0 0 0 60 50 AUTO 0 
b.1 2025-07-08 13:02:09.752 a 2025-07-08-13:02:05 151 081 350 0.2 1.8 3.9 14.8 54.9 734.2 0.00 0 0.0 15.2 24.1 24.4 3.633  -26.4   19.1    2.5  49    8.2   9 0 0 1 1 1 0 15.8 54.4 15.8 54.8 80.0 100 100 20 408 0 144 0 401 401 400 0 0 0 60 50 AUTO 0 
b.1 2025-07-08 13:03:08.335 a 2025-07-08-13:03:04 226 077 285 0.2 1.1 2.7 14.8 54.9 734.2 0.00 0 0.0 15.2 24.1 24.5 3.627  -27.5   19.2    2.3  49    8.2   9 0 0 1 1 1 0 15.8 54.3 15.8 54.8 80.0 100 100 20 408 0 144 0 401 401 400 0 0 0 59 50 AUTO 0 
b.1 2025-07-08 13:04:12.575 a 2025-07-08-13:04:08 030 079 151 1.3 3.0 5.8 14.9 53.8 734.3 0.00 0 0.0 15.3 24.1 24.4 3.633  -29.1   19.2    3.0  49    8.2   9 0 0 1 1 1 0 15.8 54.3 15.9 54.7 80.0 100 100 20 408 0 139 0 402 401 400 0 0 0 59 50 AUTO 0 
b.1 2025-07-08 13:05:11.493 a 2025-07-08-13:05:07 034 092 150 0.5 2.7 4.6 14.9 53.8 734.3 0.00 0 0.0 15.4 24.1 24.5 3.627  -26.0   19.2    3.1  49    8.2  10 0 0 1 1 1 0 15.8 54.1 15.8 54.6 80.0 100 100 20 408 0 144 0 401 401 400 0 0 0 59 50 AUTO 0 
b.1 2025-07-08 13:06:08.038 a 2025-07-08-13:06:03 056 102 170 1.0 2.7 5.1 14.9 53.8 734.3 0.00 0 0.0 15.4 24.1 24.5 3.627  -27.6   19.3    3.3  48    8.1  10 0 0 1 1 1 0 15.8 53.8 15.9 54.5 80.0 100 100 20 408 0 144 0 401 401 400 0 0 0 60 50 AUTO 0 
b.1 2025-07-08 13:07:09.259 a 2025-07-08-13:07:05 070 112 232 1.1 3.3 6.2 15.0 52.7 734.2 0.00 0 0.0 15.5 24.1 24.5 3.627  -26.2   19.3    3.8  48    8.0  10 0 0 1 1 1 0 15.8 53.7 15.9 54.3 80.0 100 100 20 408 0 144 0 401 401 400 0 0 0 59 50 AUTO 0 
b.1 2025-07-08 13:08:09.276 a 2025-07-08-13:08:05 022 095 148 0.5 2.9 4.8 15.0 52.8 734.2 0.00 0 0.0 15.6 24.1 24.5 3.627  -25.6   19.3    3.9  48    8.0  10 0 0 1 1 1 0 15.9 53.5 15.9 54.0 80.0 100 100 20 408 0 144 0 401 402 400 0 0 0 59 50 AUTO 0 
b.1 2025-07-08 13:09:08.660 a 2025-07-08-13:09:04 198 077 320 0.2 2.9 6.3 15.1 52.7 734.2 0.00 0 0.0 15.6 24.1 24.5 3.627  -27.6   19.3    4.0  48    8.0  10 0 0 1 1 1 0 15.9 53.2 15.9 53.7 80.0 100 100 20 408 0 144 0 400 401 399 0 0 0 59 50 AUTO 0 
b.1 2025-07-08 13:10:10.914 a 2025-07-08-13:10:06 029 102 157 0.9 3.7 7.1 15.1 52.1 734.2 0.00 0 0.0 15.6 24.1 24.5 3.627  -27.4   19.4    4.8  48    8.0  10 0 0 1 1 1 0 15.9 53.0 15.9 53.5 80.0 100 100 20 408 0 144 0 401 401 399 0 0 0 59 50 AUTO 0 
b.1 2025-07-08 13:11:08.384 a 2025-07-08-13:11:04 081 107 150 0.6 3.9 7.1 15.1 51.4 734.3 0.00 0 0.0 15.6 24.1 24.5 3.628  -24.2   19.4    5.2  47    7.9  10 0 0 2 1 1 0 15.9 52.6 15.9 53.2 80.0 100 100 20 408 0 144 0 402 401 400 0 0 0 59 50 AUTO 0 
b.1 2025-07-08 13:12:08.194 a 2025-07-08-13:12:03 047 097 134 1.9 3.6 7.3 15.1 51.4 734.3 0.00 0 0.0 15.7 24.1 24.5 3.627  -22.0   19.4    5.6  47    7.8  10 0 0 2 1 1 0 15.9 52.4 15.9 53.0 80.0 100 100 20 408 0 144 0 401 401 400 0 0 0 60 50 AUTO 0 
b.1 2025-07-08 13:13:08.220 a 2025-07-08-13:13:03 160 093 330 0.2 2.7 5.3 15.1 51.6 734.3 0.00 0 0.0 15.7 24.1 24.5 3.627  -20.2   19.4    4.5  47    7.8  10 0 0 2 1 1 0 15.9 52.3 15.9 52.8 80.0 100 100 20 408 0 144 0 400 402 399 0 0 0 60 50 AUTO 0 
b.1 2025-07-08 13:14:11.255 a 2025-07-08-13:14:07 005 092 140 0.2 3.3 5.7 15.1 51.4 734.3 0.00 0 0.0 15.7 24.1 24.5 3.627  -22.1   19.4    4.4  47    7.8  10 0 0 2 1 1 0 15.9 52.2 15.9 52.8 80.0 100 100 20 408 0 144 0 400 401 399 0 0 0 59 50 AUTO 0 
b.1 2025-07-08 13:15:10.918 a 2025-07-08-13:15:06 004 083 147 0.7 2.1 3.7 15.1 51.7 734.3 0.00 0 0.0 15.8 24.1 24.5 3.627  -20.7   19.4    3.8  47    7.8  10 0 0 2 1 1 0 15.9 52.0 15.9 52.5 80.0 100 100 20 408 0 144 0 401 400 399 0 0 0 59 50 AUTO_PARK 567 
b.1 2025-07-08 13:16:10.999 a 2025-07-08-13:16:06 002 105 232 0.0 2.0 5.3 15.1 51.4 734.3 0.00 0 0.0 15.7 24.1 24.5 3.628  -19.1   19.4    3.4  47    7.8   5 0 0 2 1 1 0 16.0 51.9 16.0 52.4 80.0 100 100 20 408 0 144 0 401 401 399 0 0 0 60 50 AUTO_PARK 567 
b.1 2025-07-08 13:17:10.196 a 2025-07-08-13:17:06 229 101 324 0.0 2.0 3.6 15.0 51.1 734.3 0.00 0 0.0 15.8 24.1 24.4 3.634  -19.5   19.4    3.1  47    7.8   8 0 0 2 1 1 0 16.0 51.8 16.0 52.4 80.0 100 100 20 408 0 144 0 400 401 399 0 0 0 59 50 AUTO_PARK 600 
b.1 2025-07-08 13:18:10.216 a 2025-07-08-13:18:05 034 107 156 0.8 2.3 4.5 15.0 51.3 734.4 0.00 0 0.0 15.7 24.1 24.5 3.627  -19.1   19.4    3.2  47    7.8   9 0 0 2 1 1 0 16.0 51.7 16.0 52.2 80.0 100 100 20 408 0 144 0 401 401 400 0 0 0 59 50 AUTO_PARK 556 
b.1 2025-07-08 13:19:10.157 a 2025-07-08-13:19:05 217 110 331 0.4 2.1 4.5 15.0 51.5 734.4 0.00 0 0.0 15.8 24.1 24.5 3.627  -19.8   19.5    2.9  47    7.8   9 0 0 2 1 2 0 16.0 51.6 16.0 52.1 80.0 100 100 20 408 0 144 0 402 401 399 0 0 0 60 50 AUTO_PARK 600 
b.1 2025-07-08 13:20:12.098 a 2025-07-08-13:20:07 032 104 159 1.2 2.7 4.9 15.1 51.3 734.4 0.00 0 0.0 15.9 24.1 24.4 3.634  -20.9   19.5    3.2  47    7.8   9 0 0 2 1 2 0 16.0 51.5 16.0 52.0 80.0 100 100 20 408 0 144 0 401 401 400 0 0 0 60 50 AUTO_PARK 552 
b.1 2025-07-08 13:21:09.377 a 2025-07-08-13:21:05 044 092 157 1.0 2.4 4.4 15.1 51.0 734.4 0.00 0 0.0 16.0 24.1 24.4 3.627  -19.4   19.5    3.0  47    7.8   9 0 0 2 1 2 0 16.0 51.4 16.0 52.2 80.0 100 100 20 408 0 144 0 401 401 400 0 0 0 59 50 AUTO_PARK 494 
b.1 2025-07-08 13:22:08.982 a 2025-07-08-13:22:04 154 100 317 0.2 3.5 5.9 15.2 49.6 734.4 0.00 0 0.0 16.0 24.1 24.5 3.627  -21.5   19.6    3.6  47    7.8   9 0 0 2 1 2 0 16.1 51.2 16.0 51.8 80.0 100 100 20 408 0 144 0 401 401 399 0 0 0 59 50 AUTO_PARK 594 
b.1 2025-07-08 13:23:08.881 a 2025-07-08-13:23:04 008 101 233 0.3 2.1 4.5 15.2 50.3 734.4 0.00 0 0.0 16.2 24.1 24.4 3.627  -18.7   19.6    3.1  46    7.8   9 0 0 2 1 2 0 16.1 51.0 16.0 51.7 80.0 100 100 20 408 0 144 0 401 401 399 0 0 0 60 50 AUTO_PARK 600 
b.1 2025-07-08 13:24:08.359 a 2025-07-08-13:24:04 305 103 350 0.2 1.9 3.7 15.3 49.8 734.4 0.00 0 0.0 16.3 24.1 24.4 3.627  -19.2   19.7    2.8  46    7.9   5 0 0 2 1 2 0 16.1 50.8 16.1 51.6 80.0 100 100 20 408 0 144 0 402 401 400 0 0 0 60 50 AUTO_PARK 574 
b.1 2025-07-08 13:25:10.460 a 2025-07-08-13:25:06 157 072 308 0.1 1.7 3.4 15.4 49.3 734.4 0.00 0 0.0 16.4 24.1 24.5 3.628  -19.0   19.8    2.6  46    8.0  10 0 0 2 1 2 0 16.1 50.6 16.1 51.6 80.0 100 100 20 408 0 144 0 401 401 399 0 0 0 59 50 AUTO_PARK 600 
b.1 2025-07-08 13:26:09.842 a 2025-07-08-13:26:05 157 080 273 0.0 1.7 4.6 15.5 49.2 734.4 0.00 0 0.0 16.6 24.1 24.5 3.626  -18.8   19.9    2.5  46    8.0   9 0 0 2 1 2 0 16.2 50.4 16.1 51.1 80.0 100 100 20 408 0 144 0 401 401 400 0 0 0 60 50 AUTO_PARK 600 
b.1 2025-07-08 13:27:08.380 a 2025-07-08-13:27:04 167 102 320 0.1 2.8 5.5 15.6 47.5 734.5 0.00 0 0.0 16.7 24.1 24.5 3.627  -22.0   20.0    2.7  46    7.9   9 0 0 2 1 2 0 16.2 50.1 16.1 50.9 80.0 100 100 20 408 0 144 0 401 401 400 0 0 0 59 50 AUTO_PARK 551 
b.1 2025-07-08 13:28:10.561 a 2025-07-08-13:28:06 137 126 229 0.1 1.6 5.6 15.7 47.8 734.5 0.00 0 0.0 16.8 24.1 24.5 3.627  -23.9   20.1    2.3  45    7.9   9 0 0 2 1 2 0 16.3 49.7 16.2 50.7 80.0 100 100 20 408 0 144 0 401 401 400 0 0 0 59 50 AUTO_PARK 582 
b.1 2025-07-08 13:29:09.299 a 2025-07-08-13:29:05 063 109 192 0.4 2.3 5.6 15.7 47.6 734.5 0.00 0 0.0 16.9 24.1 24.4 3.627  -24.4   20.2    2.5  45    8.0   9 0 0 2 1 2 0 16.3 49.5 16.2 50.4 80.0 100 100 20 408 0 144 0 401 402 400 0 0 0 59 50 AUTO_PARK 523 
b.1 2025-07-08 13:30:14.058 a 2025-07-08-13:30:09 027 115 174 0.4 2.5 3.9 15.8 46.8 734.4 0.00 0 0.0 17.0 24.1 24.5 3.628  -22.4   20.3    2.7  45    8.0   9 0 0 2 1 2 0 16.3 49.3 16.2 50.1 80.0 100 100 20 408 0 143 0 401 401 400 0 0 0 60 50 AUTO_PARK 458 
b.1 2025-07-08 13:31:09.403 a 2025-07-08-13:31:05 156 082 280 0.5 1.9 3.4 15.9 47.0 734.4 0.00 0 0.0 17.1 24.1 24.5 3.627  -23.5   20.4    2.6  45    8.0   9 0 0 2 1 2 0 16.4 48.9 16.3 49.9 80.0 100 100 20 408 0 144 0 401 401 400 0 0 0 59 50 AUTO_PARK 403 
b.1 2025-07-08 13:32:10.825 a 2025-07-08-13:32:06 254 117 313 0.2 2.1 4.6 15.9 46.5 734.4 0.00 0 0.0 17.2 24.1 24.5 3.627  -25.7   20.5    2.6  45    8.0   9 0 0 1 1 2 0 16.4 48.7 16.3 49.7 80.0 100 100 20 408 0 144 0 401 401 399 0 0 0 59 50 AUTO_PARK 341 
b.1 2025-07-08 13:33:08.562 a 2025-07-08-13:33:04 215 101 289 0.1 2.2 4.5 16.0 46.5 734.5 0.00 0 0.0 17.3 24.1 24.5 3.634  -24.7   20.5    2.6  44    8.0   9 0 0 2 1 2 0 16.5 48.5 16.4 49.4 80.0 100 100 20 408 0 144 0 401 401 400 0 0 0 59 50 AUTO_PARK 284 
b.1 2025-07-08 13:34:08.720 a 2025-07-08-13:34:04 041 093 132 0.8 3.0 4.9 16.1 45.3 734.4 0.00 0 0.0 17.4 24.1 24.5 3.633  -29.7   20.6    2.9  44    8.0   9 0 0 1 1 2 0 16.5 48.2 16.4 49.1 80.0 100 100 20 408 0 144 0 401 401 399 0 0 0 60 50 AUTO_PARK 224 
b.1 2025-07-08 13:35:09.122 a 2025-07-08-13:35:04 029 115 195 0.1 1.5 4.1 16.1 45.3 734.4 0.00 0 0.0 17.5 24.1 24.5 3.633  -25.2   20.7    2.4  44    8.0   9 0 0 1 1 2 0 16.6 48.0 16.4 48.9 80.0 100 100 20 408 0 143 0 401 401 400 0 0 0 60 50 AUTO_PARK 163 
b.1 2025-07-08 13:36:06.085 a 2025-07-08-13:36:01 052 133 216 0.1 1.8 3.5 16.1 45.9 734.5 0.00 0 0.0 17.5 24.1 24.5 3.627  -27.3   20.8    2.4  44    8.0   9 0 0 1 1 2 0 16.6 47.7 16.5 48.8 80.0 100 100 20 408 0 144 0 401 401 399 0 0 0 59 50 AUTO_PARK 106 
b.1 2025-07-08 13:37:07.144 a 2025-07-08-13:37:02 197 103 326 0.1 2.5 5.1 16.2 45.8 734.5 0.00 0 0.0 17.5 24.1 24.5 3.627  -27.2   20.8    2.5  43    7.9   9 0 0 1 1 2 0 16.6 47.5 16.5 48.5 80.0 100 100 20 408 0 144 0 401 401 400 0 0 0 60 50 AUTO_PARK 45 
b.1 2025-07-08 13:38:10.003 a 2025-07-08-13:38:05 194 103 321 0.2 1.7 4.6 16.2 45.5 734.5 0.00 0 0.0 17.7 24.1 24.5 3.627  -28.4   20.9    2.4  43    8.0   9 0 0 1 1 2 0 16.7 47.3 16.5 48.3 80.0 100 100 20 408 0 144 0 400 401 400 0 0 0 60 50 AUTO_PARK 0 
b.1 2025-07-08 13:39:09.823 a 2025-07-08-13:39:05 069 103 155 1.0 2.9 4.8 16.2 45.6 734.5 0.00 0 0.0 17.7 24.1 24.5 3.631  -30.5   20.9    2.7  43    7.9   9 0 0 1 1 2 0 16.7 47.1 16.6 48.3 80.0 100 100 20 408 0 144 0 401 401 399 0 0 0 59 50 AUTO_PARK 0 
b.1 2025-07-08 13:40:12.700 a 2025-07-08-13:40:08 147 077 326 0.3 1.8 3.8 16.2 45.2 734.5 0.00 0 0.0 17.7 24.1 24.5 3.627  -27.7   21.0    2.6  43    7.9   9 0 0 1 1 2 0 16.8 46.9 16.6 47.8 80.0 100 100 20 408 0 144 0 400 402 399 0 0 0 59 50 AUTO_PARK 0 
b.1 2025-07-08 13:41:10.403 a 2025-07-08-13:41:06 227 110 311 0.2 1.7 4.0 16.3 44.9 734.6 0.00 0 0.0 17.8 24.1 24.5 3.627  -30.0   21.0    2.4  43    7.9   9 0 0 1 1 2 0 16.8 46.6 16.7 47.6 80.0 100 100 20 408 0 144 0 401 401 399 0 0 0 59 50 AUTO_PARK 0 
b.1 2025-07-08 13:42:11.503 a 2025-07-08-13:42:07 065 124 210 0.3 2.5 4.9 16.3 44.3 734.6 0.00 0 0.0 17.8 24.1 24.5 3.627  -28.9   21.1    2.6  43    7.9   9 0 0 1 1 2 0 16.9 46.5 16.7 47.4 80.0 100 100 20 408 0 144 0 401 401 399 0 0 0 59 50 AUTO_PARK 0 
b.1 2025-07-08 13:43:06.424 a 2025-07-08-13:43:02 055 118 244 0.4 2.4 5.1 16.3 44.1 734.6 0.00 0 0.0 17.8 24.1 24.5 3.627  -27.8   21.1    2.6  43    7.9   9 0 0 1 1 2 0 16.9 46.2 16.7 47.3 80.0 100 100 20 408 0 144 0 400 401 399 0 0 0 59 50 AUTO_PARK 0 
b.1 2025-07-08 13:44:11.604 a 2025-07-08-13:44:07 222 109 313 0.1 1.9 4.3 16.3 44.9 734.6 0.00 0 0.0 17.8 24.1 24.5 3.628  -26.7   21.2    2.5  42    7.9   9 0 0 1 1 2 0 16.9 46.0 16.8 47.1 80.0 100 100 20 408 0 144 0 401 401 400 0 0 0 59 50 AUTO_PARK 0 
b.1 2025-07-08 13:45:08.187 a 2025-07-08-13:45:03 018 113 187 0.1 2.0 4.4 16.3 44.6 734.7 0.00 0 0.0 17.9 24.1 24.4 3.627  -26.8   21.2    2.4  42    7.9   9 0 0 1 1 2 0 16.9 45.9 16.8 46.9 80.0 100 100 20 408 0 143 0 402 401 400 0 0 0 60 50 AUTO_PARK 0 
b.1 2025-07-08 13:46:11.743 a 2025-07-08-13:46:07 035 115 219 0.5 2.5 4.6 16.4 45.2 734.6 0.00 0 0.0 18.0 24.1 24.4 3.627  -28.0   21.2    2.7  42    7.9   9 0 0 1 1 2 0 17.0 45.9 16.8 46.9 80.0 100 100 20 408 0 143 0 401 401 400 0 0 0 60 50 AUTO_PARK 0 
b.1 2025-07-08 13:47:07.647 a 2025-07-08-13:47:03 217 114 303 0.1 1.6 3.0 16.4 45.6 734.6 0.00 0 0.0 18.1 24.1 24.5 3.627  -27.9   21.3    2.3  42    8.0   9 0 0 1 1 2 0 17.0 45.9 16.8 46.8 80.0 100 100 20 408 0 144 0 401 401 399 0 0 0 59 50 AUTO_PARK 0 
b.1 2025-07-08 13:48:07.625 a 2025-07-08-13:48:03 223 253 247 0.1 0.7 1.9 16.5 45.7 734.7 0.00 0 0.0 18.3 24.1 24.5 3.628  -26.3   21.4    0.0  42    8.1   5 0 0 1 1 2 0 17.1 45.8 16.9 46.8 80.0 100 100 20 408 0 144 0 401 401 400 0 0 0 59 50 AUTO_PARK 0 
b.1 2025-07-08 13:49:10.444 a 2025-07-08-13:49:06 037 120 288 0.3 1.3 2.9 16.6 45.7 734.7 0.00 0 0.0 18.4 24.1 24.5 3.626  -26.7   21.4    2.2  42    8.2   5 0 0 1 1 2 0 17.1 45.7 16.9 46.8 80.0 100 100 20 408 0 144 0 401 401 400 0 0 0 59 50 AUTO_PARK 0 
b.1 2025-07-08 13:50:12.427 a 2025-07-08-13:50:08 172 085 358 0.1 2.2 4.0 16.7 44.9 734.7 0.00 0 0.0 18.6 24.1 24.4 3.626  -28.0   21.6    2.4  42    8.3   8 0 0 1 1 2 0 17.2 45.7 17.0 46.7 80.0 100 100 20 408 0 144 0 402 401 400 0 0 0 60 50 AUTO_PARK 0 
b.1 2025-07-08 13:51:10.223 a 2025-07-08-13:51:05 161 094 350 0.6 2.1 4.2 16.8 44.7 734.7 0.00 0 0.0 18.7 24.1 24.5 3.628  -29.0   21.7    2.4  42    8.2   8 0 0 1 1 2 0 17.2 45.7 17.0 46.7 80.0 100 100 20 408 0 144 0 401 402 400 0 0 0 60 50 AUTO_PARK 0 
b.1 2025-07-08 13:52:09.148 a 2025-07-08-13:52:04 026 105 161 0.1 1.6 3.4 16.8 44.8 734.7 0.00 0 0.0 18.8 24.1 24.5 3.634  -27.0   21.7    2.3  42    8.3   8 0 0 1 1 2 0 17.3 45.7 17.0 46.8 80.0 100 100 20 408 0 144 0 401 401 400 0 0 0 59 50 AUTO_PARK 0 
b.1 2025-07-08 13:53:09.828 a 2025-07-08-13:53:05 205 094 355 0.3 1.7 3.7 16.9 44.5 734.7 0.00 0 0.0 18.9 24.1 24.5 3.627  -27.0   21.8    2.3  42    8.3   8 0 0 1 1 2 0 17.3 45.6 17.1 46.7 80.0 100 100 20 408 0 143 0 401 401 399 0 0 0 59 50 AUTO_PARK 0 
b.1 2025-07-08 13:54:10.967 a 2025-07-08-13:54:06 223 107 288 0.2 2.1 5.4 17.0 44.5 734.7 0.00 0 0.0 18.9 24.1 24.5 3.627  -25.9   21.8    2.4  42    8.3   8 0 0 1 1 2 0 17.4 45.6 17.1 46.7 80.0 100 100 20 408 0 143 0 401 401 399 0 0 0 59 50 AUTO_PARK 0 
b.1 2025-07-08 13:55:10.947 a 2025-07-08-13:55:06 268 319 276 0.0 1.9 7.1 17.0 44.4 734.8 0.00 0 0.0 19.0 24.1 24.4 3.635  -29.3   21.9    2.5  41    8.2   5 0 0 1 1 2 0 17.4 45.5 17.2 46.8 80.0 100 100 20 408 0 144 0 401 401 400 0 0 0 60 50 AUTO_PARK 0 
b.1 2025-07-08 13:56:11.063 a 2025-07-08-13:56:06 151 084 284 0.1 1.4 4.2 16.9 44.5 734.8 0.00 0 0.0 19.0 24.1 24.5 3.626  -26.6   21.9    2.3  41    8.2   9 0 0 1 1 2 0 17.4 45.5 17.2 46.6 80.0 100 100 20 408 0 144 0 401 401 400 0 0 0 60 50 AUTO_PARK 0 
b.1 2025-07-08 13:57:08.046 a 2025-07-08-13:57:03 212 055 268 0.1 1.2 3.2 17.0 44.3 734.8 0.00 0 0.0 19.2 24.1 24.5 3.627  -27.7   22.0    2.2  41    8.3  10 0 0 1 1 2 0 17.5 45.5 17.2 46.5 80.0 100 100 20 408 0 143 0 401 401 399 0 0 0 60 50 AUTO_PARK 0 
b.1 2025-07-08 13:58:11.505 a 2025-07-08-13:58:07 175 060 299 0.1 1.1 2.9 17.0 43.6 734.8 0.00 0 0.0 19.3 24.1 24.5 3.631  -27.2   22.0    2.2  41    8.3   7 0 0 1 1 2 0 17.5 45.4 17.3 46.4 80.0 100 100 20 408 0 144 0 401 401 399 0 0 0 60 50 AUTO_PARK 0 
b.1 2025-07-08 13:59:07.167 a 2025-07-08-13:59:02 260 105 290 0.0 0.5 2.0 17.1 44.1 734.8 0.00 0 0.0 19.5 24.1 24.5 3.627  -26.7   22.1    0.0  41    8.4   7 0 0 1 1 2 0 17.5 45.3 17.3 46.4 80.0 100 100 20 408 0 143 0 401 401 400 0 0 0 60 50 AUTO_PARK 0 
b.1 2025-07-08 14:00:12.265 a 2025-07-08-14:00:08 302 020 339 0.0 1.0 3.7 17.2 43.8 734.8 0.00 0 0.0 19.7 24.1 24.5 3.628  -25.7   22.1    0.0  41    8.3   7 0 0 1 1 2 0 17.5 45.1 17.3 46.2 80.0 100 100 20 408 0 99 0 401 401 400 0 0 0 59 50 AUTO_PARK 0 
b.1 2025-07-08 14:01:09.548 a 2025-07-08-14:01:05 137 146 322 0.0 0.8 1.7 17.2 44.1 734.8 0.00 0 0.0 19.8 24.1 24.5 3.627  -26.2   22.2    0.0  41    8.4   7 0 0 1 1 2 0 17.6 45.2 17.4 46.1 80.0 100 100 20 408 0 144 0 400 401 400 0 0 0 60 50 AUTO_PARK 0 
b.1 2025-07-08 14:02:07.848 a 2025-07-08-14:02:03 090 137 219 0.3 1.5 2.6 17.2 43.9 734.8 0.00 0 0.0 19.8 24.1 24.4 3.627  -25.6   22.2    2.2  41    8.4   7 0 0 1 1 2 0 17.6 45.1 17.4 46.1 80.0 100 100 20 408 0 144 0 401 401 399 0 0 0 59 50 AUTO_PARK 0 
b.1 2025-07-08 14:03:09.267 a 2025-07-08-14:03:04 225 131 316 0.4 2.2 3.6 17.2 43.7 734.8 0.00 0 0.0 19.8 24.1 24.5 3.627  -26.6   22.3    2.3  41    8.4   7 0 0 1 1 2 0 17.6 45.0 17.4 46.1 80.0 100 100 20 408 0 144 0 401 401 400 0 0 0 59 50 AUTO_PARK 0 
b.1 2025-07-08 14:04:09.859 a 2025-07-08-14:04:05 225 114 316 0.3 1.7 3.2 17.1 43.9 734.8 0.00 0 0.0 19.7 24.1 24.5 3.627  -26.2   22.3    2.3  41    8.3   7 0 0 1 1 2 0 17.7 45.0 17.4 46.1 80.0 100 100 20 408 0 144 0 401 401 400 0 0 0 59 50 AUTO_PARK 0 
b.1 2025-07-08 14:05:11.546 a 2025-07-08-14:05:07 022 130 168 0.2 2.7 4.7 17.0 43.2 734.8 0.00 0 0.0 19.6 24.1 24.5 3.627  -27.9   22.3    2.6  41    8.3   7 0 0 1 1 2 0 17.7 44.9 17.4 46.0 80.0 100 100 20 408 0 143 0 401 401 399 0 0 0 59 50 AUTO_PARK 0 
b.1 2025-07-08 14:06:11.108 a 2025-07-08-14:06:06 038 194 247 0.1 1.2 3.3 16.9 43.7 734.9 0.00 0 0.0 19.5 24.1 24.5 3.627  -28.7   22.3    2.2  40    8.3   7 0 0 1 1 2 0 17.7 44.8 17.5 45.9 80.0 100 100 20 408 0 143 0 401 401 399 0 0 0 59 50 AUTO_PARK 0 
b.1 2025-07-08 14:07:08.351 a 2025-07-08-14:07:04 348 218 357 0.1 0.6 2.2 16.9 43.7 734.9 0.00 0 0.0 19.6 24.1 24.5 3.626  -28.5   22.3    0.0  40    8.3   7 0 0 1 1 2 0 17.7 44.7 17.5 45.8 80.0 100 100 20 408 0 143 0 401 401 400 0 0 0 59 50 AUTO_PARK 0 
b.1 2025-07-08 14:08:11.729 a 2025-07-08-14:08:07 114 146 174 0.8 2.1 3.3 16.9 44.2 734.8 0.00 0 0.0 19.6 24.1 24.5 3.629  -31.8   22.3    2.4  41    8.3   7 0 0 1 1 2 0 17.8 44.6 17.5 45.8 80.0 100 100 20 408 0 143 0 402 401 400 0 0 0 59 50 AUTO_PARK 0 
b.1 2025-07-08 14:09:09.572 a 2025-07-08-14:09:05 102 131 173 1.6 2.8 6.8 16.9 44.1 734.9 0.00 0 0.0 19.3 24.1 24.5 3.627  -33.2   22.3    2.7  41    8.3   7 0 0 1 1 2 0 17.8 44.5 17.5 45.8 80.0 100 100 20 408 0 143 0 401 402 399 0 0 0 60 50 AUTO_PARK 0 
b.1 2025-07-08 14:10:12.013 a 2025-07-08-14:10:07 101 146 196 0.6 2.8 6.8 16.8 44.1 734.9 0.00 0 0.0 19.0 24.1 24.5 3.627  -32.5   22.4    3.0  40    8.2   8 0 0 1 1 2 0 17.8 44.5 17.5 45.7 80.0 100 100 20 408 0 143 0 401 401 400 0 0 0 60 50 AUTO_PARK 0 
b.1 2025-07-08 14:11:10.450 a 2025-07-08-14:11:06 097 142 202 0.5 2.5 5.1 16.7 44.2 734.9 0.00 0 0.0 18.9 24.1 24.4 3.634  -32.0   22.3    2.8  40    8.1   9 0 0 1 1 2 0 17.8 44.5 17.5 45.7 80.0 100 100 20 408 0 143 0 400 401 399 0 0 0 59 50 AUTO_PARK 0 
b.1 2025-07-08 14:12:09.230 a 2025-07-08-14:12:04 249 141 272 0.1 1.6 4.3 16.7 44.6 734.9 0.00 0 0.0 18.8 24.1 24.5 3.627  -31.4   22.3    2.5  40    8.1   9 0 0 1 1 2 0 17.8 44.5 17.5 45.7 80.0 100 100 20 408 0 143 0 400 401 399 0 0 0 59 50 AUTO_PARK 0 
b.1 2025-07-08 14:13:09.895 a 2025-07-08-14:13:05 072 153 330 0.1 2.6 4.7 16.7 44.6 734.9 0.00 0 0.0 18.7 24.1 24.4 3.626  -32.4   22.3    2.7  40    8.1   9 0 0 1 1 2 0 17.8 44.4 17.5 45.7 80.0 100 100 20 408 0 143 0 400 401 399 0 0 0 59 50 AUTO_PARK 0 
b.1 2025-07-08 14:14:10.052 a 2025-07-08-14:14:05 045 162 331 0.1 2.0 4.8 16.7 44.5 734.9 0.00 0 0.0 18.7 24.1 24.4 3.627  -32.5   22.2    2.4  40    8.0   9 0 0 1 1 2 0 17.8 44.4 17.5 45.6 80.0 100 100 20 408 0 143 0 401 401 400 0 0 0 59 50 AUTO_PARK 0 
b.1 2025-07-08 14:15:09.430 a 2025-07-08-14:15:05 289 163 316 0.1 1.1 2.9 16.7 44.4 734.9 0.00 0 0.0 18.8 24.1 24.5 3.627  -31.5   22.2    2.2  40    8.0   5 0 0 1 1 2 0 17.8 44.4 17.5 45.7 80.0 100 100 20 408 0 143 0 401 401 399 0 0 0 60 50 AUTO_PARK 0 
b.1 2025-07-08 14:16:09.053 a 2025-07-08-14:16:04 105 157 230 0.2 1.9 4.1 16.7 44.2 734.9 0.00 0 0.0 18.8 24.1 24.5 3.626  -32.9   22.2    2.3  40    8.0   5 0 0 1 1 1 0 17.9 44.3 17.6 45.5 80.0 100 100 20 408 0 143 0 401 401 399 0 0 0 60 50 AUTO 0 
b.1 2025-07-08 14:17:09.733 a 2025-07-08-14:17:05 103 169 246 0.4 2.2 4.5 16.7 43.8 735.0 0.00 0 0.0 18.6 24.1 24.4 3.627  -32.5   22.2    2.3  40    7.9   7 0 0 1 1 2 0 17.8 44.4 17.6 45.5 80.0 100 100 20 408 0 143 0 402 400 400 0 0 0 59 50 AUTO_PARK 0 
b.1 2025-07-08 14:18:11.571 a 2025-07-08-14:18:07 250 192 291 0.1 0.5 2.0 16.7 44.4 734.9 0.00 0 0.0 18.6 24.1 24.5 3.626  -32.9   22.1    0.0  40    7.8   7 0 0 1 1 2 0 17.8 44.4 17.6 45.6 80.0 100 100 20 408 0 143 0 401 401 399 0 0 0 60 50 AUTO_PARK 0 
b.1 2025-07-08 14:19:10.911 a 2025-07-08-14:19:06 138 068 354 0.2 2.1 3.6 16.7 44.9 735.0 0.00 0 0.0 18.7 24.1 24.5 3.627  -34.4   22.1    2.4  40    7.9   7 0 0 1 1 2 0 17.9 44.3 17.6 45.5 80.0 100 100 20 408 0 143 0 401 402 400 0 0 0 60 50 AUTO_PARK 0 
b.1 2025-07-08 14:20:12.792 a 2025-07-08-14:20:08 184 071 304 0.1 0.9 2.9 16.8 44.8 735.0 0.00 0 0.0 18.9 24.1 24.5 3.626  -32.5   22.0    0.0  40    7.9   7 0 0 1 1 2 0 17.9 44.3 17.7 45.5 80.0 100 100 20 408 0 144 0 401 401 399 0 0 0 59 50 AUTO_PARK 0 
b.1 2025-07-08 14:21:10.055 a 2025-07-08-14:21:05 275 224 315 0.1 0.5 1.9 17.0 44.6 735.0 0.00 0 0.0 19.0 24.1 24.5 3.627  -32.3   22.1    2.1  40    8.0   5 0 0 1 1 2 0 18.0 44.1 17.7 45.3 80.0 100 100 20 408 0 144 0 401 401 400 0 0 0 59 50 AUTO_PARK 0 
b.1 2025-07-08 14:22:09.355 a 2025-07-08-14:22:05 077 158 218 0.0 0.9 2.1 17.1 43.9 735.0 0.00 0 0.0 19.2 24.1 24.5 3.627  -34.2   22.1    2.2  40    8.1   5 0 0 1 1 2 0 18.0 44.1 17.7 45.3 80.0 100 100 20 408 0 144 0 401 401 399 0 0 0 60 50 AUTO_PARK 0 
b.1 2025-07-08 14:23:09.992 a 2025-07-08-14:23:05 083 127 173 1.2 1.8 2.6 17.1 43.7 735.0 0.00 0 0.0 19.2 24.1 24.5 3.627  -32.4   22.1    2.2  41    8.1   5 0 0 1 1 2 0 18.0 44.0 17.7 45.3 80.0 100 100 20 408 0 144 0 401 402 399 0 0 0 59 50 AUTO_PARK 0 
b.1 2025-07-08 14:24:08.171 a 2025-07-08-14:24:03 022 125 204 0.2 1.1 2.6 17.2 42.5 735.0 0.00 0 0.0 19.3 24.1 24.4 3.633  -33.1   22.2    0.0  41    8.2   6 0 0 1 1 2 0 18.1 43.8 17.7 45.3 80.0 100 100 20 408 0 143 0 401 401 399 0 0 0 59 50 AUTO_PARK 0 
b.1 2025-07-08 14:25:10.256 a 2025-07-08-14:25:05 004 149 229 0.2 1.0 1.8 17.2 43.2 735.0 0.00 0 0.0 19.4 24.1 24.5 3.626  -34.1   22.3    2.2  41    8.2   7 0 0 1 1 2 0 18.1 43.7 17.7 45.3 80.0 100 100 20 408 0 143 0 402 401 400 0 0 0 59 50 AUTO_PARK 0 
b.1 2025-07-08 14:26:07.355 a 2025-07-08-14:26:03 084 162 196 0.1 1.9 3.7 17.2 42.9 735.1 0.00 0 0.0 19.4 24.1 24.5 3.627  -33.8   22.4    2.2  40    8.2   7 0 0 1 1 2 0 18.1 43.7 17.7 45.2 80.0 100 100 20 408 0 143 0 401 401 400 0 0 0 60 50 AUTO_PARK 0 
b.1 2025-07-08 14:27:08.555 a 2025-07-08-14:27:04 114 143 181 0.5 1.7 2.9 17.2 42.5 735.1 0.00 0 0.0 19.4 24.1 24.5 3.633  -33.1   22.5    2.3  40    8.3   8 0 0 1 1 2 0 18.1 43.7 17.7 45.2 80.0 100 100 20 408 0 143 0 401 401 400 0 0 0 59 50 AUTO_PARK 0 
b.1 2025-07-08 14:28:10.915 a 2025-07-08-14:28:06 155 131 175 0.0 0.6 1.7 17.1 43.0 735.1 0.00 0 0.0 19.6 24.1 24.5 3.627  -33.7   22.5    2.1  40    8.3   8 0 0 1 1 2 0 18.1 43.6 17.7 45.1 80.0 100 100 20 408 0 143 0 401 401 399 0 0 0 60 50 AUTO_PARK 0 
b.1 2025-07-08 14:29:08.815 a 2025-07-08-14:29:04 118 134 138 0.1 0.8 1.8 17.1 43.2 735.1 0.00 0 0.0 19.8 24.1 24.5 3.627  -33.7   22.6    2.1  40    8.3   8 0 0 1 1 2 0 18.1 43.5 17.8 45.1 80.0 100 100 20 408 0 143 0 401 401 399 0 0 0 59 50 AUTO_PARK 0 
b.1 2025-07-08 14:30:12.414 a 2025-07-08-14:30:08 016 113 270 0.1 0.8 2.3 17.2 43.9 735.1 0.00 0 0.0 19.9 24.1 24.5 3.631  -32.8   22.7    0.0  40    8.4   5 0 0 1 1 2 0 18.2 43.7 17.8 45.0 80.0 100 100 20 408 0 143 0 400 402 399 0 0 0 60 50 AUTO_PARK 0 
b.1 2025-07-08 14:31:09.476 a 2025-07-08-14:31:05 200 102 342 0.0 0.7 1.7 17.3 43.9 735.1 0.00 0 0.0 20.0 24.1 24.5 3.627  -33.8   22.7    0.0  40    8.4   5 0 0 1 1 1 0 18.2 43.8 17.9 45.1 80.0 100 100 20 408 0 143 0 401 401 400 0 0 0 60 50 AUTO 0 
b.1 2025-07-08 14:32:08.816 a 2025-07-08-14:32:04 266 092 298 0.0 0.4 1.4 17.4 44.2 735.1 0.00 0 0.0 20.2 24.1 24.5 3.626  -33.7   22.7    2.1  40    8.4   5 0 0 1 1 1 0 18.3 43.7 17.9 45.0 80.0 100 100 20 408 0 143 0 401 401 399 0 0 0 59 50 AUTO 0 
b.1 2025-07-08 14:33:09.638 a 2025-07-08-14:33:05 114 026 221 0.1 0.3 0.7 17.5 43.2 735.1 0.00 0 0.0 20.2 24.1 24.4 3.626  -33.8   22.7    0.0  40    8.4   5 0 0 1 1 1 0 18.3 43.7 18.0 45.0 80.0 100 100 20 408 0 143 0 401 402 400 0 0 0 60 50 AUTO 0 
b.1 2025-07-08 14:34:07.898 a 2025-07-08-14:34:03 118 067 157 0.0 0.3 0.7 17.6 42.7 735.1 0.00 0 0.0 20.2 24.1 24.5 3.627  -33.2   22.7    0.0  40    8.4   5 0 0 1 1 2 0 18.3 43.7 18.0 44.9 80.0 100 100 20 408 0 143 0 401 401 400 0 0 0 59 50 AUTO_PARK 0 
b.1 2025-07-08 14:35:13.137 a 2025-07-08-14:35:08 102 131 175 0.3 1.7 3.8 17.6 41.3 735.1 0.00 0 0.0 20.1 24.1 24.4 3.627  -33.6   22.7    2.2  40    8.3   5 0 0 1 1 2 0 18.3 43.6 18.0 44.9 80.0 100 100 20 408 0 143 0 401 401 399 0 0 0 60 50 AUTO_PARK 0 
b.1 2025-07-08 14:36:10.315 a 2025-07-08-14:36:06 100 127 156 1.4 2.4 3.7 17.5 41.0 735.1 0.00 0 0.0 20.0 24.1 24.4 3.628  -34.2   22.7    2.3  39    8.1   5 0 0 1 1 2 0 18.3 43.4 18.0 44.8 80.0 100 100 20 408 0 143 0 401 401 399 0 0 0 59 50 AUTO_PARK 0 
b.1 2025-07-08 14:37:07.335 a 2025-07-08-14:37:03 055 103 132 1.4 2.4 3.9 17.5 41.0 735.2 0.00 0 0.0 19.9 24.1 24.5 3.634  -35.6   22.7    2.5  39    8.1   9 0 0 1 1 2 0 18.3 43.1 18.0 44.7 80.0 100 100 20 408 0 143 0 401 401 400 0 0 0 60 50 AUTO_PARK 0 
b.1 2025-07-08 14:38:09.779 a 2025-07-08-14:38:05 124 028 151 0.1 1.0 1.9 17.4 41.3 735.2 0.00 0 0.0 20.0 24.1 24.4 3.633  -33.5   22.7    2.3  39    8.2   9 0 0 1 1 2 0 18.3 42.8 18.0 44.3 80.0 100 100 20 408 0 143 0 401 402 400 0 0 0 59 50 AUTO_PARK 0 
b.1 2025-07-08 14:39:09.637 a 2025-07-08-14:39:05 106 337 215 0.1 1.0 2.2 17.3 42.1 735.1 0.00 0 0.0 20.1 24.1 24.5 3.627  -33.5   22.8    2.1  39    8.1   0 0 0 1 1 2 0 18.3 42.8 18.0 44.0 80.0 100 100 20 408 0 143 0 401 401 399 0 0 0 59 50 AUTO_PARK 0 
b.1 2025-07-08 14:40:09.976 a 2025-07-08-14:40:05 270 205 318 0.1 0.6 1.6 17.2 42.5 735.2 0.00 0 0.0 20.3 24.1 24.5 3.633  -32.8   22.8    0.0  39    8.2   5 0 0 1 1 2 0 18.3 42.9 18.0 44.1 80.0 100 100 20 408 0 143 0 401 401 399 0 0 0 60 50 AUTO_PARK 0 
b.1 2025-07-08 14:41:10.697 a 2025-07-08-14:41:06 243 124 291 0.1 0.9 2.3 17.2 43.2 735.2 0.00 0 0.0 20.5 24.1 24.5 3.627  -33.9   22.8    0.0  39    8.2   5 0 0 1 1 2 0 18.2 43.1 18.0 44.1 80.0 100 100 20 408 0 143 0 400 401 399 0 0 0 60 50 AUTO_PARK 0 
b.1 2025-07-08 14:42:11.095 a 2025-07-08-14:42:06 235 083 291 0.1 0.6 2.0 17.3 43.3 735.2 0.00 0 0.0 20.7 24.1 24.5 3.626  -34.2   22.9    0.0  39    8.2   5 0 0 1 1 2 0 18.3 43.3 18.0 44.4 80.0 100 100 20 408 0 143 0 401 401 400 0 0 0 59 50 AUTO_PARK 0 
b.1 2025-07-08 14:43:11.259 a 2025-07-08-14:43:06 155 095 291 0.1 0.7 1.9 17.4 43.8 735.2 0.00 0 0.0 21.0 24.1 24.4 3.633  -33.6   22.9    0.0  39    8.3   5 0 0 1 1 2 0 18.3 43.3 18.1 44.5 80.0 100 100 20 408 0 143 0 401 401 399 0 0 0 59 50 AUTO_PARK 0 
b.1 2025-07-08 14:44:09.520 a 2025-07-08-14:44:05 246 094 273 0.1 1.3 2.5 17.6 43.1 735.2 0.00 0 0.0 21.1 24.1 24.4 3.627  -32.8   22.9    2.2  39    8.3   5 0 0 1 1 2 0 18.4 43.2 18.1 44.5 80.0 100 100 20 408 0 143 0 402 401 400 0 0 0 59 50 AUTO_PARK 0 
b.1 2025-07-08 14:45:12.576 a 2025-07-08-14:45:08 068 108 143 0.9 2.2 3.8 17.7 42.7 735.2 0.00 0 0.0 21.1 24.1 24.4 3.627  -36.3   23.0    2.3  39    8.4  10 0 0 1 1 1 0 18.4 43.2 18.1 44.5 80.0 100 100 20 408 0 143 0 401 401 400 0 0 0 59 50 AUTO 0 
b.1 2025-07-08 14:46:06.798 a 2025-07-08-14:46:02 075 124 221 0.4 1.7 3.3 17.8 42.7 735.2 0.00 0 0.0 20.7 24.1 24.5 3.627  -34.5   23.0    2.3  39    8.3   8 0 0 1 1 1 0 18.4 43.2 18.1 44.5 80.0 100 100 20 408 0 143 0 401 402 399 0 0 0 59 50 AUTO 0 
b.1 2025-07-08 14:47:10.219 a 2025-07-08-14:47:05 075 137 169 0.5 1.8 3.7 17.7 42.3 735.2 0.00 0 0.0 20.4 24.1 24.5 3.626  -34.6   23.0    2.4  39    8.3   8 0 0 1 1 1 0 18.4 43.2 18.1 44.5 80.0 100 100 20 408 0 143 0 401 401 399 0 0 0 59 50 AUTO 0 
b.1 2025-07-08 14:48:08.997 a 2025-07-08-14:48:04 230 146 326 0.1 0.9 2.7 17.6 41.3 735.3 0.00 0 0.0 20.0 24.1 24.5 3.627  -35.2   22.9    2.2  39    8.2   8 0 0 1 1 1 0 18.4 43.3 18.1 44.5 80.0 100 100 20 408 0 143 0 401 401 399 0 0 0 60 50 AUTO 0 
b.1 2025-07-08 14:49:11.617 a 2025-07-08-14:49:07 158 068 185 0.1 0.7 2.7 17.5 42.6 735.3 0.00 0 0.0 19.9 24.1 24.5 3.627  -33.7   22.9    0.0  39    8.2   5 0 0 1 1 1 0 18.4 43.2 18.1 44.5 80.0 100 100 20 408 0 143 0 401 401 399 0 0 0 60 50 AUTO 0 
b.1 2025-07-08 14:50:10.619 a 2025-07-08-14:50:06 158 040 221 0.1 0.5 1.5 17.4 42.7 735.3 0.00 0 0.0 19.8 24.1 24.4 3.627  -35.1   22.9    0.0  39    8.1   5 0 0 1 1 2 0 18.4 43.2 18.1 44.4 80.0 100 100 20 408 0 143 0 401 401 399 0 0 0 60 50 AUTO_PARK 0 
b.1 2025-07-08 14:51:11.157 a 2025-07-08-14:51:06 171 111 349 0.2 0.9 2.2 17.4 43.4 735.3 0.00 0 0.0 19.8 24.1 24.5 3.626  -34.0   22.9    0.0  39    8.1   5 0 0 1 1 2 0 18.4 43.3 18.1 44.5 80.0 100 100 20 408 0 143 0 401 401 400 0 0 0 59 50 AUTO_PARK 0 
b.1 2025-07-08 14:52:07.625 a 2025-07-08-14:52:03 028 130 219 0.1 1.4 3.2 17.4 44.1 735.2 0.00 0 0.0 20.0 24.1 24.5 3.627  -33.9   22.9    2.2  39    8.2   5 0 0 1 1 2 0 18.4 43.4 18.1 44.5 80.0 100 100 20 408 0 143 0 401 401 400 0 0 0 60 50 AUTO_PARK 0 
b.1 2025-07-08 14:53:11.520 a 2025-07-08-14:53:07 025 114 178 0.4 2.2 4.0 17.4 43.5 735.2 0.00 0 0.0 20.1 24.1 24.5 3.627  -34.2   22.8    2.3  39    8.2   5 0 0 1 1 2 0 18.4 43.4 18.1 44.6 80.0 100 100 20 408 0 143 0 401 401 399 0 0 0 60 50 AUTO_PARK 0 
b.1 2025-07-08 14:54:09.739 a 2025-07-08-14:54:05 082 130 162 0.5 1.8 2.8 17.4 43.8 735.3 0.00 0 0.0 20.2 24.1 24.5 3.627  -33.5   22.8    2.2  39    8.2   6 0 0 1 1 2 0 18.4 43.5 18.1 44.8 80.0 100 100 20 408 0 143 0 401 401 400 0 0 0 59 50 AUTO_PARK 0 
b.1 2025-07-08 14:55:11.542 a 2025-07-08-14:55:07 026 121 165 0.4 1.7 3.4 17.5 43.7 735.3 0.00 0 0.0 20.5 24.1 24.5 3.626  -32.6   22.8    2.2  39    8.2   6 0 0 1 1 2 0 18.4 43.7 18.1 44.8 80.0 100 100 20 408 0 143 0 401 401 400 0 0 0 60 50 AUTO_PARK 0 
b.1 2025-07-08 14:56:09.200 a 2025-07-08-14:56:04 268 135 327 0.3 1.5 3.3 17.6 43.4 735.3 0.00 0 0.0 20.6 24.1 24.5 3.633  -32.2   22.9    0.0  39    8.3   6 0 0 1 1 2 0 18.4 43.6 18.2 44.8 80.0 100 100 20 408 0 143 0 401 402 399 0 0 0 59 50 AUTO_PARK 0 
b.1 2025-07-08 14:57:09.880 a 2025-07-08-14:57:05 178 093 218 0.1 1.2 2.8 17.7 43.1 735.3 0.00 0 0.0 21.0 24.1 24.5 3.624  -32.4   22.9    0.0  39    8.4   6 0 0 1 1 2 0 18.4 43.6 18.2 44.8 80.0 100 100 20 408 0 143 0 401 401 399 0 0 0 60 50 AUTO_PARK 0 
b.1 2025-07-08 14:58:11.581 a 2025-07-08-14:58:07 220 135 332 0.1 0.7 2.0 17.8 43.2 735.3 0.00 0 0.0 21.2 24.1 24.5 3.627  -32.8   23.0    0.0  39    8.4   6 0 0 1 1 2 0 18.4 43.6 18.2 44.7 80.0 100 100 20 408 0 143 0 401 401 400 0 0 0 60 50 AUTO_PARK 0 
b.1 2025-07-08 14:59:10.539 a 2025-07-08-14:59:06 015 120 304 0.1 0.6 2.2 17.9 42.8 735.3 0.00 0 0.0 21.4 24.1 24.5 3.632  -32.9   23.0    0.0  39    8.5   6 0 0 1 1 2 0 18.4 43.6 18.2 44.7 80.0 100 100 20 408 0 143 0 401 401 400 0 0 0 60 50 AUTO_PARK 0 
b.1 2025-07-08 15:00:08.466 a 2025-07-08-15:00:04 095 021 302 0.0 1.1 2.7 17.9 42.8 735.3 0.00 0 0.0 21.4 24.1 24.5 3.627  -34.6   23.0    2.2  39    8.5   6 0 0 1 1 1 0 18.5 43.7 18.2 44.7 80.0 100 100 20 408 0 143 0 402 401 400 0 0 0 59 50 WAIT_ACK 0 
b.1 2025-07-08 15:01:09.180 a 2025-07-08-15:01:04 057 005 240 0.4 1.4 2.3 17.9 42.8 735.3 0.00 0 0.0 21.2 24.1 24.5 3.627  -33.9   23.1    2.2  39    8.5   6 0 0 1 1 2 0 18.5 43.7 18.2 44.8 80.0 100 100 20 408 0 143 0 401 401 400 0 0 0 59 50 WAIT_ACK 0 
b.1 2025-07-08 15:02:10.604 a 2025-07-08-15:02:06 271 211 303 0.0 0.9 3.2 18.0 42.9 735.4 0.00 0 0.0 21.3 24.1 24.5 3.626  -35.3   23.2    2.1  39    8.5   6 0 0 1 1 2 0 18.5 43.7 18.2 44.8 80.0 100 100 20 408 0 143 0 401 401 399 0 0 0 59 50 WAIT_ACK 0 
b.1 2025-07-08 15:03:08.779 a 2025-07-08-15:03:04 047 094 127 1.0 2.5 4.2 17.9 42.5 735.4 0.00 0 0.0 21.3 24.1 24.5 3.626  -35.1   23.2    2.4  39    8.5   8 0 0 1 1 2 0 18.5 43.6 18.2 44.8 80.0 100 100 20 408 0 143 0 402 401 400 0 0 0 60 50 WAIT_ACK 0 
b.1 2025-07-08 15:04:11.224 a 2025-07-08-15:04:06 151 104 275 0.0 0.7 2.1 17.7 43.1 735.4 0.00 0 0.0 21.6 24.1 24.5 3.626  -33.3   23.2    2.1  39    8.5   8 0 0 1 1 2 0 18.5 43.6 18.2 44.7 80.0 100 100 20 408 0 143 0 401 401 399 0 0 0 59 50 WAIT_ACK 0 
b.1 2025-07-08 15:05:11.240 a 2025-07-08-15:05:06 226 106 295 0.1 2.7 5.3 17.7 42.3 735.4 0.00 0 0.0 21.6 24.1 24.5 3.627  -38.8   23.3    2.5  39    8.5   8 0 0 1 1 2 0 18.5 43.5 18.3 44.7 80.0 100 100 20 408 0 143 0 401 401 400 0 0 0 59 50 WAIT_ACK 0 
b.1 2025-07-08 15:06:09.599 a 2025-07-08-15:06:05 203 124 344 0.1 1.4 3.3 17.5 42.8 735.4 0.00 0 0.0 21.6 24.1 24.5 3.626  -34.0   23.3    2.3  39    8.6   8 0 0 1 1 2 0 18.5 43.6 18.2 44.7 80.0 100 100 20 408 0 143 0 402 401 400 0 0 0 60 50 WAIT_ACK 0 
b.1 2025-07-08 15:07:10.803 a 2025-07-08-15:07:06 079 020 345 0.4 1.3 2.3 17.4 43.3 735.4 0.00 0 0.0 21.9 24.1 24.5 3.627  -33.8   23.5    2.3  39    8.7   8 0 0 1 1 2 0 18.5 43.6 18.3 44.7 80.0 100 100 20 408 0 143 0 401 401 399 0 0 0 59 50 WAIT_ACK 0 
b.1 2025-07-08 15:08:08.944 a 2025-07-08-15:08:04 255 153 284 0.0 0.6 1.7 17.5 43.5 735.4 0.00 0 0.0 22.2 24.1 24.4 3.627  -33.0   23.6    0.0  39    8.8   8 0 0 1 1 2 0 18.5 43.5 18.3 44.6 80.0 100 100 20 408 0 143 0 401 401 400 0 0 0 59 50 WAIT_ACK 0 
b.1 2025-07-08 15:09:11.900 a 2025-07-08-15:09:07 302 213 327 0.0 0.2 0.4 17.6 43.2 735.4 0.00 0 0.0 22.8 24.1 24.4 3.626  -32.7   23.6    0.0  39    8.8   5 0 0 1 1 2 0 18.6 43.5 18.3 44.6 80.0 100 100 20 408 0 143 0 401 401 400 0 0 0 59 50 WAIT_ACK 0 
b.1 2025-07-08 15:10:11.562 a 2025-07-08-15:10:07 095 031 184 0.1 1.6 4.1 17.8 42.6 735.4 0.00 0 0.0 23.0 24.1 24.4 3.633  -34.8   23.7    2.3  39    8.9   5 0 0 1 1 2 0 18.6 43.3 18.4 44.4 80.0 100 100 20 408 0 143 0 400 401 399 0 0 0 60 50 WAIT_ACK 0 
b.1 2025-07-08 15:11:10.381 a 2025-07-08-15:11:06 121 044 312 0.2 1.7 3.5 17.8 42.6 735.4 0.00 0 0.0 23.0 24.1 24.4 3.633  -34.0   23.8    2.2  38    8.8   5 0 0 1 1 2 0 18.7 43.1 18.4 44.2 80.0 100 100 20 408 0 143 0 401 402 399 0 0 0 59 50 WAIT_ACK 0 
b.1 2025-07-08 15:12:09.726 a 2025-07-08-15:12:05 126 050 186 0.1 1.1 3.3 17.9 42.6 735.4 0.00 0 0.0 23.1 24.1 24.4 3.633  -33.6   23.9    0.0  38    8.8   6 0 0 1 1 2 0 18.8 42.9 18.5 44.1 80.0 100 100 20 408 0 143 0 401 401 400 0 0 0 59 50 WAIT_ACK 0 
b.1 2025-07-08 15:13:11.006 a 2025-07-08-15:13:06 134 342 226 0.1 1.3 2.3 18.1 42.3 735.5 0.00 0 0.0 23.5 24.1 24.5 3.627  -34.5   23.9    2.2  38    8.9   6 0 0 1 1 2 0 18.7 42.9 18.5 44.0 80.0 100 100 20 408 0 143 0 401 401 399 0 0 0 59 50 WAIT_ACK 0 
b.1 2025-07-08 15:14:07.546 a 2025-07-08-15:14:03 050 005 233 0.2 1.3 2.5 18.2 42.0 735.5 0.00 0 0.0 23.6 24.1 24.5 3.626  -34.1   24.0    0.0  38    9.0   6 0 0 1 1 2 0 18.8 43.0 18.5 44.0 80.0 100 100 20 408 0 143 0 401 401 400 0 0 0 60 50 WAIT_ACK 0 
b.1 2025-07-08 15:15:11.625 a 2025-07-08-15:15:07 019 123 314 0.2 0.8 2.0 18.3 42.0 735.5 0.00 0 0.0 23.8 24.1 24.4 3.635  -35.8   24.2    2.2  38    9.0   6 0 0 1 1 2 0 18.8 42.9 18.5 44.0 80.0 100 100 20 408 0 143 0 401 401 400 0 0 0 60 50 WAIT_ACK 0 
b.1 2025-07-08 15:16:10.164 a 2025-07-08-15:16:05 316 123 351 0.0 0.8 1.7 18.4 41.8 735.5 0.00 0 0.0 23.9 24.1 24.4 3.627  -36.1   24.2    0.0  38    9.1   6 0 0 1 1 2 0 18.8 43.0 18.5 44.1 80.0 100 100 20 408 0 143 0 401 401 400 0 0 0 60 50 WAIT_ACK 0 
b.1 2025-07-08 15:17:10.148 a 2025-07-08-15:17:05 035 341 135 0.0 0.6 2.1 18.5 41.8 735.5 0.00 0 0.0 23.7 24.1 24.5 3.627  -36.0   24.3    0.0  38    9.1   6 0 0 1 1 1 0 18.8 43.0 18.5 44.0 80.0 100 100 20 408 0 143 0 401 402 399 0 0 0 59 50 WAIT_ACK 0 
b.1 2025-07-08 15:18:09.107 a 2025-07-08-15:18:04 060 043 238 0.1 0.6 2.2 18.5 41.6 735.5 0.00 0 0.0 23.5 24.1 24.5 3.626  -36.4   24.3    2.2  38    9.0   6 0 0 1 1 2 0 18.8 42.9 18.5 44.0 80.0 100 100 20 408 0 138 0 401 401 399 0 0 0 60 50 WAIT_ACK 0 
b.1 2025-07-08 15:19:10.563 a 2025-07-08-15:19:06 181 068 294 0.1 1.1 2.4 18.5 40.9 735.5 0.00 0 0.0 23.1 24.1 24.5 3.626  -35.7   24.3    2.2  37    8.9   6 0 0 1 1 2 0 18.8 42.8 18.5 43.9 80.0 100 100 20 408 0 143 0 401 401 399 0 0 0 59 50 WAIT_ACK 0 
b.1 2025-07-08 15:20:12.266 a 2025-07-08-15:20:07 130 031 242 0.1 0.8 2.1 18.4 41.2 735.5 0.00 0 0.0 22.9 24.1 24.5 3.626  -34.6   24.3    0.0  37    8.9   6 0 0 1 1 2 0 18.8 42.7 18.6 43.7 80.0 100 100 20 408 0 143 0 401 401 399 0 0 0 59 50 WAIT_ACK 0 
b.1 2025-07-08 15:21:08.348 a 2025-07-08-15:21:04 106 034 242 0.2 1.7 2.8 18.3 40.9 735.5 0.00 0 0.0 22.8 24.1 24.5 3.627  -35.2   24.3    2.3  37    8.8   6 0 0 1 1 2 0 18.8 42.6 18.6 43.7 80.0 100 100 20 408 0 143 0 401 401 399 0 0 0 60 50 WAIT_ACK 0 
b.1 2025-07-08 15:22:10.648 a 2025-07-08-15:22:06 135 063 290 0.2 1.6 3.2 18.1 40.7 735.5 0.00 0 0.0 22.8 24.1 24.5 3.626  -34.8   24.3    2.3  37    8.8   6 0 0 1 1 2 0 18.8 42.6 18.6 43.5 80.0 100 100 20 408 0 143 0 401 401 399 0 0 0 59 50 WAIT_ACK 0 
b.1 2025-07-08 15:23:12.305 a 2025-07-08-15:23:07 136 111 299 0.1 0.8 2.2 17.9 41.6 735.5 0.00 0 0.0 23.3 24.1 24.5 3.626  -34.4   24.3    0.0  37    8.8   6 0 0 1 1 2 0 18.7 42.6 18.5 43.5 80.0 100 100 20 408 0 143 0 401 401 399 0 0 0 59 50 WAIT_ACK 0 
b.1 2025-07-08 15:24:08.946 a 2025-07-08-15:24:04 060 259 076 0.1 0.6 2.3 17.9 41.6 735.5 0.00 0 0.0 23.7 24.1 24.5 3.627  -35.4   24.3    2.2  37    8.8   6 0 0 1 1 2 0 18.7 42.5 18.5 43.5 80.0 100 100 20 408 0 143 0 401 402 400 0 0 0 60 50 WAIT_ACK 0 
b.1 2025-07-08 15:25:12.164 a 2025-07-08-15:25:07 006 096 179 0.1 1.0 2.1 18.0 41.3 735.6 0.00 0 0.0 24.1 24.1 24.5 3.627  -34.3   24.3    0.0  37    8.9   6 0 0 1 1 2 0 18.7 42.4 18.5 43.4 80.0 100 100 20 408 0 143 0 401 401 400 0 0 0 59 50 WAIT_ACK 0 
b.1 2025-07-08 15:26:07.591 a 2025-07-08-15:26:03 165 086 325 0.1 1.4 3.9 18.1 41.0 735.6 0.00 0 0.0 24.3 24.1 24.4 3.624  -35.9   24.4    2.2  37    8.9   6 0 0 1 1 2 0 18.7 42.2 18.5 43.2 80.0 100 100 20 408 0 143 0 400 401 399 0 0 0 59 50 WAIT_ACK 0 
b.1 2025-07-08 15:27:11.150 a 2025-07-08-15:27:06 169 058 232 0.2 1.6 3.6 18.3 40.8 735.6 0.00 0 0.0 24.4 24.1 24.5 3.626  -35.1   24.4    2.2  37    8.8   6 0 0 1 1 2 0 18.7 42.0 18.6 43.0 80.0 100 100 20 408 0 143 0 401 402 399 0 0 0 59 50 WAIT_ACK 0 
b.1 2025-07-08 15:28:07.088 a 2025-07-08-15:28:02 106 070 303 0.1 0.7 1.6 18.3 41.1 735.6 0.00 0 0.0 24.6 24.1 24.4 3.633  -34.1   24.5    0.0  37    8.9   6 0 0 1 1 2 0 18.8 41.9 18.6 42.9 80.0 100 100 20 408 0 143 0 401 401 400 0 0 0 60 50 WAIT_ACK 0 
b.1 2025-07-08 15:29:09.009 a 2025-07-08-15:29:04 085 108 270 0.1 1.0 2.5 18.5 41.2 735.6 0.00 0 0.0 24.9 24.1 24.4 3.626  -35.4   24.5    2.3  37    8.9   6 0 0 1 1 2 0 18.8 42.1 18.6 42.9 80.0 100 100 20 408 0 143 0 401 401 400 0 0 0 59 50 WAIT_ACK 0 
b.1 2025-07-08 15:30:10.769 a 2025-07-08-15:30:06 169 106 332 0.2 2.0 4.0 18.5 40.6 735.6 0.00 0 0.0 24.8 24.1 24.5 3.627  -38.2   24.5    2.3  37    8.8   6 0 0 1 1 2 0 18.8 42.1 18.6 42.9 80.0 100 100 20 408 0 143 0 401 401 400 0 0 0 59 50 WAIT_ACK 0 
b.1 2025-07-08 15:31:09.430 a 2025-07-08-15:31:05 163 073 314 0.2 1.6 3.2 18.5 40.6 735.6 0.00 0 0.0 24.7 24.1 24.4 3.633  -35.3   24.6    2.3  37    8.8   6 0 0 1 1 2 0 18.8 42.0 18.7 42.8 80.0 100 100 20 408 0 143 0 400 402 400 0 0 0 59 50 WAIT_ACK 0 
b.1 2025-07-08 15:32:10.049 a 2025-07-08-15:32:05 063 112 159 0.3 1.9 3.4 18.4 39.9 735.6 0.00 0 0.0 24.7 24.1 24.5 3.627  -37.6   24.6    2.3  37    8.7   6 0 0 1 1 2 0 18.8 41.8 18.6 42.7 80.0 100 100 20 408 0 143 0 401 402 399 0 0 0 60 50 WAIT_ACK 0 
b.1 2025-07-08 15:33:09.111 a 2025-07-08-15:33:04 032 108 163 0.8 2.0 3.6 18.3 40.5 735.7 0.00 0 0.0 24.4 24.1 24.5 3.627  -35.6   24.6    2.4  36    8.7   6 0 0 1 1 2 0 18.8 41.8 18.7 42.7 80.0 100 100 20 408 0 143 0 401 401 400 0 0 0 59 50 WAIT_ACK 0 
b.1 2025-07-08 15:34:09.976 a 2025-07-08-15:34:05 016 092 134 0.6 2.0 3.3 18.2 40.5 735.7 0.00 0 0.0 24.4 24.1 24.5 3.633  -36.3   24.6    2.4  36    8.7   6 0 0 1 1 2 0 18.9 41.7 18.7 42.5 80.0 100 100 20 408 0 143 0 401 401 400 0 0 0 59 50 WAIT_ACK 0 
b.1 2025-07-08 15:35:12.707 a 2025-07-08-15:35:08 027 124 281 0.2 1.5 2.6 18.1 40.8 735.7 0.00 0 0.0 24.4 24.1 24.4 3.626  -36.0   24.6    2.3  37    8.7   6 0 0 1 1 2 0 18.9 41.7 18.7 42.5 80.0 100 100 20 408 0 143 0 401 401 400 0 0 0 59 50 WAIT_ACK 0 
b.1 2025-07-08 15:36:10.128 a 2025-07-08-15:36:05 011 070 139 0.5 2.0 3.5 18.1 40.1 735.7 0.00 0 0.0 24.5 24.1 24.4 3.626  -36.1   24.6    2.5  37    8.8   8 0 0 1 1 2 0 18.9 41.4 18.8 42.3 80.0 100 100 20 408 0 143 0 402 401 400 0 0 0 59 50 WAIT_ACK 0 
b.1 2025-07-08 15:37:10.891 a 2025-07-08-15:37:06 184 120 000 0.1 0.8 2.3 18.1 41.0 735.7 0.00 0 0.0 24.8 24.1 24.4 3.633  -34.9   24.6    2.1  37    8.8   8 0 0 1 1 2 0 19.0 41.4 18.8 42.3 80.0 100 100 20 408 0 143 0 401 401 400 0 0 0 60 50 WAIT_ACK 0 
b.1 2025-07-08 15:38:06.971 a 2025-07-08-15:38:02 090 139 186 0.2 2.2 4.0 18.2 41.6 735.7 0.00 0 0.0 24.6 24.1 24.5 3.627  -36.3   24.7    2.3  36    8.8   5 0 0 1 1 2 0 19.0 41.3 18.8 42.1 80.0 100 100 20 408 0 143 0 401 401 400 0 0 0 59 50 WAIT_ACK 0 
b.1 2025-07-08 15:39:10.490 a 2025-07-08-15:39:06 094 130 156 1.6 2.8 4.2 18.1 41.3 735.7 0.00 0 0.0 24.0 24.1 24.5 3.626  -37.2   24.7    2.8  37    8.9  11 0 0 1 1 2 0 19.0 41.5 18.8 42.2 80.0 100 100 20 408 0 143 0 401 401 400 0 0 0 60 50 WAIT_ACK 0 
b.1 2025-07-08 15:40:12.473 a 2025-07-08-15:40:08 066 109 163 0.7 2.3 3.6 17.9 41.2 735.6 0.00 0 0.0 24.1 24.1 24.5 3.633  -36.9   24.7    2.8  37    8.9   8 0 0 1 1 2 0 19.0 41.5 18.8 42.4 80.0 100 100 20 408 0 143 0 401 401 399 0 0 0 60 50 WAIT_ACK 0 
b.1 2025-07-08 15:41:09.609 a 2025-07-08-15:41:05 149 087 317 0.2 1.3 3.3 17.9 41.4 735.7 0.00 0 0.0 24.2 24.1 24.5 3.633  -34.9   24.7    2.4  36    8.8   8 0 0 1 1 2 0 19.1 41.2 18.9 42.1 80.0 100 100 20 408 0 143 0 401 401 400 0 0 0 60 50 WAIT_ACK 0 
b.1 2025-07-08 15:42:11.509 a 2025-07-08-15:42:07 281 150 327 0.0 0.3 1.1 18.2 41.2 735.7 0.00 0 0.0 25.0 24.1 24.4 3.633  -34.0   24.7    0.0  36    8.8   5 0 0 1 1 2 0 19.1 41.1 18.9 42.0 80.0 100 100 20 408 0 143 0 400 401 399 0 0 0 59 50 WAIT_ACK 0 
b.1 2025-07-08 15:43:10.390 a 2025-07-08-15:43:05 224 085 304 0.0 0.5 3.0 18.2 41.2 735.7 0.00 0 0.0 25.5 24.1 24.5 3.626  -35.8   24.8    2.2  37    9.0   5 0 0 1 1 2 0 19.2 40.9 19.0 41.8 80.0 100 100 20 408 0 143 0 401 401 400 0 0 0 59 50 WAIT_ACK 0 
b.1 2025-07-08 15:44:11.171 a 2025-07-08-15:44:06 113 044 182 0.0 0.5 1.4 18.4 40.6 735.7 0.00 0 0.0 25.9 24.1 24.5 3.626  -38.1   24.9    0.0  37    9.0   5 0 0 1 1 2 0 19.2 40.8 19.0 41.7 80.0 100 100 20 408 0 143 0 401 401 399 0 0 0 59 50 WAIT_ACK 0 
b.1 2025-07-08 15:45:11.049 a 2025-07-08-15:45:06 178 061 242 0.1 0.7 2.7 18.5 40.0 735.7 0.00 0 0.0 26.4 24.1 24.5 3.626  -37.6   25.0    2.2  37    9.2   5 0 0 1 1 2 0 19.2 40.6 19.1 41.5 80.0 100 100 20 408 0 143 0 401 402 399 0 0 0 59 50 WAIT_ACK 0 
b.1 2025-07-08 15:46:10.535 a 2025-07-08-15:46:06 265 165 269 0.1 0.9 2.4 18.6 39.1 735.7 0.00 0 0.0 26.6 24.1 24.4 3.626  -34.8   25.1    0.0  37    9.2   5 0 0 1 1 2 0 19.3 40.4 19.1 41.3 80.0 100 100 20 408 0 143 0 401 401 400 0 0 0 59 50 WAIT_ACK 0 
b.1 2025-07-08 15:47:11.073 a 2025-07-08-15:47:06 130 334 145 0.1 0.6 1.5 18.7 40.9 735.7 0.00 0 0.0 26.8 24.1 24.4 3.624  -35.0   25.3    0.0  36    9.3   5 0 0 1 1 2 0 19.3 40.5 19.1 41.3 80.0 100 100 20 408 0 143 0 401 401 400 0 0 0 59 50 WAIT_ACK 0 
b.1 2025-07-08 15:48:11.157 a 2025-07-08-15:48:06 090 018 273 0.1 1.2 3.2 18.8 39.8 735.8 0.00 0 0.0 26.8 24.2 24.4 3.624  -35.6   25.4    0.0  36    9.3   5 0 0 1 1 2 0 19.3 40.5 19.1 41.3 80.0 100 100 20 408 0 143 0 401 401 399 0 0 0 60 50 WAIT_ACK 0 
b.1 2025-07-08 15:49:10.573 a 2025-07-08-15:49:06 103 151 104 0.0 0.5 1.3 18.9 40.3 735.8 0.00 0 0.0 27.2 24.1 24.5 3.626  -35.7   25.5    2.2  36    9.4   5 0 0 1 1 2 0 19.3 40.5 19.2 41.3 80.0 100 100 20 408 0 143 0 401 402 400 0 0 0 60 50 WAIT_ACK 0 
b.1 2025-07-08 15:50:11.075 a 2025-07-08-15:50:06 057 244 106 0.2 1.1 2.0 18.9 40.1 735.8 0.00 0 0.0 27.3 24.1 24.4 3.627  -35.9   25.6    2.2  36    9.5   6 0 0 1 1 2 0 19.3 40.5 19.2 41.3 80.0 100 100 20 408 0 143 0 401 401 399 0 0 0 59 50 WAIT_ACK 0 
b.1 2025-07-08 15:51:11.933 a 2025-07-08-15:51:07 078 293 192 0.0 0.7 1.9 18.9 40.3 735.8 0.00 0 0.0 27.3 24.1 24.4 3.626  -35.4   25.8    0.0  36    9.6   6 0 0 1 1 2 0 19.4 40.5 19.2 41.2 80.0 100 100 20 408 0 143 0 401 401 399 0 0 0 60 50 WAIT_ACK 0 
b.1 2025-07-08 15:52:08.532 a 2025-07-08-15:52:04 093 010 110 0.0 0.5 2.5 18.9 39.6 735.8 0.00 0 0.0 27.8 24.1 24.5 3.626  -36.3   25.9    0.0  35    9.5   6 0 0 1 1 2 0 19.4 40.4 19.2 41.2 80.0 100 100 20 408 0 143 0 401 401 400 0 0 0 59 50 WAIT_ACK 0 
b.1 2025-07-08 15:53:10.194 a 2025-07-08-15:53:05 055 354 135 0.2 0.8 2.5 19.0 39.6 735.8 0.00 0 0.0 27.8 24.1 24.5 3.633  -36.4   25.9    0.0  35    9.5   6 0 0 1 1 2 0 19.4 40.2 19.3 41.1 80.0 100 100 20 408 0 143 0 401 401 400 0 0 0 59 50 WAIT_ACK 0 
b.1 2025-07-08 15:54:07.956 a 2025-07-08-15:54:03 017 327 343 0.1 0.4 1.4 19.0 40.1 735.8 0.00 0 0.0 28.2 24.1 24.4 3.626  -35.8   26.0    0.0  35    9.4   0 0 0 1 1 2 0 19.4 40.1 19.3 40.8 80.0 100 100 20 408 0 143 0 401 401 399 0 0 0 59 50 WAIT_ACK 0 
b.1 2025-07-08 15:55:13.038 a 2025-07-08-15:55:08 151 101 281 0.1 0.4 1.0 19.0 39.0 735.8 0.00 0 0.0 28.6 24.1 24.4 3.626  -35.6   26.0    0.0  35    9.2   0 0 0 1 1 2 0 19.5 39.9 19.3 40.8 80.0 100 100 20 408 0 143 0 401 401 400 0 0 0 59 50 WAIT_ACK 0 
b.1 2025-07-08 15:56:04.894 a 2025-07-08-15:56:00 048 148 350 0.1 0.6 1.8 19.2 38.6 735.8 0.00 0 0.0 28.8 24.1 24.5 3.624  -37.0   26.0    2.2  35    9.3   5 0 0 1 1 2 0 19.5 39.7 19.3 40.7 80.0 100 100 20 408 0 143 0 401 401 400 0 0 0 59 50 WAIT_ACK 0 
b.1 2025-07-08 15:57:09.134 a 2025-07-08-15:57:04 283 109 303 0.0 0.7 1.9 19.2 36.4 735.8 0.00 0 0.0 28.9 24.1 24.4 3.626  -35.8   26.0    0.0  34    9.2   5 0 0 1 1 2 0 19.5 39.4 19.4 40.4 80.0 100 100 20 408 0 143 0 401 401 399 0 0 0 60 50 WAIT_ACK 0 
b.1 2025-07-08 15:58:08.095 a 2025-07-08-15:58:03 114 064 225 0.0 0.4 1.7 19.2 37.0 735.8 0.00 0 0.0 29.3 24.1 24.4 3.626  -36.8   26.0    0.0  34    9.2   0 0 0 1 1 2 0 19.5 39.3 19.4 40.1 80.0 100 100 20 408 0 143 0 401 401 399 0 0 0 60 50 WAIT_ACK 0 
b.1 2025-07-08 15:59:09.336 a 2025-07-08-15:59:04 117 029 198 0.2 1.2 3.4 19.3 36.8 735.8 0.00 0 0.0 29.4 24.1 24.4 3.626  -38.9   26.1    2.2  34    9.1   5 0 0 1 1 2 0 19.6 39.1 19.4 39.9 80.0 100 100 20 408 0 143 0 401 401 399 0 0 0 59 50 WAIT_ACK 0 
b.1 2025-07-08 16:00:10.296 a 2025-07-08-16:00:05 049 055 203 0.0 0.6 2.2 19.3 37.2 735.8 0.00 0 0.0 29.4 24.1 24.5 3.626  -36.6   26.2    0.0  34    9.2   5 0 0 1 1 2 0 19.6 38.8 19.4 39.8 80.0 100 100 20 408 0 143 0 401 401 400 0 0 0 60 50 WAIT_ACK 0 
b.1 2025-07-08 16:01:09.078 a 2025-07-08-16:01:04 105 235 287 0.1 0.4 0.9 19.4 37.8 735.8 0.00 0 0.0 29.8 24.1 24.5 3.626  -35.8   26.2    0.0  34    9.3   5 0 0 1 1 2 0 19.6 38.8 19.4 39.6 80.0 100 100 20 408 0 143 0 401 401 399 0 0 0 59 50 WAIT_ACK 0 
b.1 2025-07-08 16:02:06.739 a 2025-07-08-16:02:02 113 047 147 0.0 0.5 1.4 19.4 37.3 735.8 0.00 0 0.0 30.2 24.1 24.4 3.626  -36.9   26.3    2.1  34    9.4   5 0 0 1 1 2 0 19.6 38.7 19.4 39.6 80.0 100 100 20 408 0 143 0 401 401 399 0 0 0 60 50 WAIT_ACK 0 
b.1 2025-07-08 16:03:10.394 a 2025-07-08-16:03:06 187 064 257 0.1 1.0 2.6 19.6 35.3 735.8 0.00 0 0.0 30.2 24.1 24.5 3.626  -37.9   26.5    2.1  34    9.5   5 0 0 1 1 2 0 19.6 38.6 19.4 39.4 80.0 100 100 20 408 0 143 0 401 401 400 0 0 0 59 50 WAIT_ACK 0 
b.1 2025-07-08 16:04:08.657 a 2025-07-08-16:04:04 202 092 249 0.1 0.7 1.9 19.5 35.6 735.8 0.00 0 0.0 30.2 24.1 24.4 3.624  -37.0   26.6    0.0  34    9.4   5 0 0 1 1 2 0 19.6 38.5 19.4 39.4 80.0 100 100 20 408 0 143 0 401 401 400 0 0 0 60 50 WAIT_ACK 0 
b.1 2025-07-08 16:05:12.634 a 2025-07-08-16:05:08 057 118 152 0.7 2.2 3.3 19.5 38.1 735.8 0.00 0 0.0 29.5 24.1 24.5 3.626  -39.7   26.7    2.3  34    9.3   5 0 0 1 1 2 0 19.6 38.3 19.4 39.2 80.0 100 100 20 408 0 143 0 401 401 400 0 0 0 60 50 WAIT_ACK 0 
b.1 2025-07-08 16:06:07.456 a 2025-07-08-16:06:03 200 098 346 0.2 1.7 2.9 19.3 35.6 735.8 0.00 0 0.0 29.1 24.1 24.4 3.633  -37.8   26.7    2.4  33    9.2   5 0 0 1 1 2 0 19.6 38.4 19.5 39.2 80.0 100 100 20 408 0 143 0 401 401 399 0 0 0 60 50 WAIT_ACK 0 
b.1 2025-07-08 16:07:09.895 a 2025-07-08-16:07:05 127 106 281 0.1 0.5 1.5 19.1 37.7 735.8 0.00 0 0.0 29.2 24.1 24.5 3.624  -36.7   26.6    0.0  33    9.1   5 0 0 1 1 2 0 19.6 38.1 19.5 38.9 80.0 100 100 20 408 0 143 0 401 402 399 0 0 0 60 50 WAIT_ACK 0 
b.1 2025-07-08 16:08:08.720 a 2025-07-08-16:08:04 302 108 324 0.1 0.6 2.0 19.0 37.0 735.8 0.00 0 0.0 29.5 24.1 24.4 3.624  -36.8   26.5    0.0  33    9.0   5 0 0 1 1 2 0 19.6 37.9 19.5 38.6 80.0 100 100 20 408 0 143 0 400 401 399 0 0 0 60 50 WAIT_ACK 0 
b.1 2025-07-08 16:09:09.157 a 2025-07-08-16:09:04 112 034 153 0.1 0.6 2.2 19.0 36.6 735.8 0.00 0 0.0 29.8 24.1 24.5 3.628  -35.8   26.4    0.0  33    8.9   0 0 0 1 1 2 0 19.7 37.5 19.6 38.3 80.0 100 100 20 408 0 143 0 401 401 399 0 0 0 60 50 WAIT_ACK 0 
b.1 2025-07-08 16:10:11.736 a 2025-07-08-16:10:07 185 143 300 0.0 0.5 2.9 19.3 36.7 735.9 0.00 0 0.0 30.3 24.1 24.4 3.626  -37.9   26.5    0.0  33    9.1   0 0 0 1 1 2 0 19.7 37.5 19.6 38.1 80.0 100 100 20 408 0 143 0 401 402 399 0 0 0 59 50 WAIT_ACK 0 
b.1 2025-07-08 16:11:11.437 a 2025-07-08-16:11:07 119 036 279 0.1 1.4 2.9 19.3 35.4 735.9 0.00 0 0.0 30.1 24.1 24.4 3.626  -37.6   26.5    2.2  33    8.9   5 0 0 1 1 2 0 19.7 37.3 19.6 38.1 80.0 100 100 20 408 0 143 0 401 401 400 0 0 0 59 50 WAIT_ACK 0 
b.1 2025-07-08 16:12:07.341 a 2025-07-08-16:12:02 144 088 189 0.0 0.8 2.3 19.3 35.5 735.9 0.00 0 0.0 30.2 24.1 24.4 3.632  -36.0   26.6    0.0  33    8.8   5 0 0 1 1 2 0 19.7 37.2 19.6 38.1 80.0 100 100 20 408 0 143 0 402 401 400 0 0 0 60 50 WAIT_ACK 0 
b.1 2025-07-08 16:13:10.259 a 2025-07-08-16:13:05 134 064 227 0.1 0.5 1.9 19.3 35.5 735.9 0.00 0 0.0 30.5 24.1 24.4 3.632  -36.1   26.6    0.0  33    8.8   5 0 0 1 1 2 0 19.7 37.2 19.6 38.0 80.0 100 100 20 408 0 143 0 401 401 400 0 0 0 59 50 WAIT_ACK 0 
b.1 2025-07-08 16:14:07.838 a 2025-07-08-16:14:03 012 108 160 0.1 0.6 2.2 19.3 35.5 735.9 0.00 0 0.0 31.0 24.1 24.4 3.624  -37.3   26.6    2.2  33    8.8   5 0 0 1 1 2 0 19.7 37.2 19.6 37.8 80.0 100 100 20 408 0 143 0 401 401 399 0 0 0 59 50 WAIT_ACK 0 
b.1 2025-07-08 16:15:12.601 a 2025-07-08-16:15:08 064 144 197 0.2 1.6 2.7 19.5 34.5 735.9 0.00 0 0.0 30.7 24.1 24.4 3.632  -37.5   26.6    2.2  33    8.9   5 0 0 1 1 2 0 19.7 37.1 19.6 37.8 80.0 100 100 20 408 0 143 0 400 401 400 0 0 0 59 50 WAIT_ACK 0 
b.1 2025-07-08 16:16:08.582 a 2025-07-08-16:16:04 191 130 332 0.1 1.2 1.8 19.5 37.1 735.9 0.00 0 0.0 30.2 24.1 24.4 3.626  -38.3   26.7    2.2  33    9.0   5 0 0 1 1 2 0 19.7 37.3 19.6 37.7 80.0 100 100 20 408 0 143 0 401 401 400 0 0 0 59 50 WAIT_ACK 0 
b.1 2025-07-08 16:17:12.638 a 2025-07-08-16:17:08 154 107 320 0.2 1.3 2.6 19.3 36.0 735.9 0.00 0 0.0 29.2 24.1 24.4 3.626  -37.7   26.8    2.2  33    9.1   5 0 0 1 1 2 0 19.8 37.2 19.7 37.8 80.0 100 100 20 408 0 143 0 401 401 399 0 0 0 60 50 WAIT_ACK 0 
b.1 2025-07-08 16:18:11.000 a 2025-07-08-16:18:06 031 075 272 0.1 0.7 1.4 19.2 35.2 735.9 0.00 0 0.0 28.4 24.1 24.5 3.626  -36.5   26.8    0.0  33    9.1   6 0 0 1 1 2 0 19.8 37.1 19.7 37.6 80.0 100 100 20 408 0 143 0 402 401 400 0 0 0 59 50 WAIT_ACK 0 
b.1 2025-07-08 16:19:12.282 a 2025-07-08-16:19:07 157 034 287 0.1 0.3 1.1 19.0 37.6 735.9 0.00 0 0.0 27.8 24.1 24.5 3.624  -35.6   26.8    0.0  33    9.0   6 0 0 1 1 2 0 19.8 37.0 19.7 37.5 80.0 100 100 20 408 0 143 0 402 401 400 0 0 0 60 50 WAIT_ACK 0 
b.1 2025-07-08 16:20:10.500 a 2025-07-08-16:20:06 171 090 293 0.1 0.9 1.9 18.9 35.7 735.9 0.00 0 0.0 27.2 24.1 24.5 3.626  -38.3   26.8    2.2  32    8.9   6 0 0 1 1 2 0 19.8 37.0 19.7 37.5 80.0 100 100 20 408 0 143 0 401 401 399 0 0 0 60 50 WAIT_ACK 0 
b.1 2025-07-08 16:21:11.599 a 2025-07-08-16:21:07 010 125 281 0.0 0.5 1.3 18.9 35.1 735.9 0.00 0 0.0 26.6 24.1 24.5 3.626  -35.2   26.7    0.0  32    8.8   6 0 0 1 1 2 0 19.7 37.0 19.7 37.5 80.0 100 100 20 408 0 143 0 401 401 399 0 0 0 59 50 WAIT_ACK 0 
b.1 2025-07-08 16:22:10.700 a 2025-07-08-16:22:06 090 195 357 0.1 0.4 1.5 18.8 37.3 735.9 0.00 0 0.0 26.3 24.1 24.5 3.626  -35.2   26.7    0.0  32    8.7   6 0 0 1 1 2 0 19.7 37.1 19.7 37.5 80.0 100 100 20 408 0 143 0 401 401 399 0 0 0 59 50 WAIT_ACK 0 
b.1 2025-07-08 16:23:11.164 a 2025-07-08-16:23:06 116 028 130 0.1 0.5 1.9 18.8 39.3 735.8 0.00 0 0.0 26.0 24.1 24.5 3.627  -34.0   26.5    2.1  32    8.6   6 0 0 1 1 2 0 19.7 37.2 19.6 37.6 80.0 100 100 20 408 0 143 0 401 401 399 0 0 0 59 50 WAIT_ACK 0 
b.1 2025-07-08 16:24:07.801 a 2025-07-08-16:24:03 276 219 355 0.1 0.4 0.8 18.7 39.7 735.8 0.00 0 0.0 25.8 24.1 24.4 3.626  -32.9   26.4    2.2  33    8.6   5 0 0 1 1 2 0 19.7 37.7 19.6 37.7 80.0 100 100 20 408 0 143 0 401 401 400 0 0 0 59 50 WAIT_ACK 0 
b.1 2025-07-08 16:25:12.519 a 2025-07-08-16:25:08 140 031 215 0.1 0.4 1.3 18.7 36.7 735.8 0.00 0 0.0 25.8 24.1 24.5 3.627  -30.5   26.2    0.0  33    8.5   5 0 0 1 1 2 0 19.7 37.2 19.6 37.8 80.0 100 100 20 408 0 143 0 401 401 400 0 0 0 59 50 WAIT_ACK 0 
b.1 2025-07-08 16:26:09.203 a 2025-07-08-16:26:04 149 057 187 0.0 0.2 0.4 18.7 37.8 735.8 0.00 0 0.0 25.9 24.1 24.5 3.626  -28.7   26.0    0.0  33    8.4   0 0 0 1 1 2 0 19.7 37.3 19.6 37.7 80.0 100 100 20 408 0 143 0 401 401 400 0 0 0 60 50 WAIT_ACK 0 
b.1 2025-07-08 16:27:09.984 a 2025-07-08-16:27:05 154 040 216 0.0 0.1 0.6 18.7 38.7 735.9 0.00 0 0.0 26.0 24.1 24.5 3.626  -27.4   25.9    0.0  33    8.4   0 0 0 1 1 2 0 19.6 37.2 19.7 37.5 80.0 100 100 20 408 0 143 0 401 401 399 0 0 0 59 50 WAIT_ACK 0 
b.1 2025-07-08 16:28:08.842 a 2025-07-08-16:28:04 090 029 162 0.0 0.3 0.7 18.8 37.5 735.9 0.00 0 0.0 26.1 24.1 24.4 3.626  -26.7   25.8    0.0  33    8.3   5 0 0 1 1 2 0 19.6 37.1 19.7 37.4 80.0 100 100 20 408 0 143 0 401 401 400 0 0 0 59 50 WAIT_ACK 0 
b.1 2025-07-08 16:29:11.326 a 2025-07-08-16:29:06 056 210 313 0.0 0.4 1.2 18.9 36.7 735.9 0.00 0 0.0 26.1 24.1 24.5 3.626  -25.5   25.7    0.0  33    8.3   0 0 0 1 1 2 0 19.6 37.1 19.7 37.5 80.0 100 100 20 408 0 143 0 402 401 400 0 0 0 59 50 WAIT_ACK 0 
b.1 2025-07-08 16:30:11.382 a 2025-07-08-16:30:06 321 046 349 0.0 0.4 1.2 18.9 38.2 735.9 0.00 0 0.0 26.2 24.1 24.5 3.627  -24.5   25.7    0.0  33    8.3   0 0 0 2 1 2 0 19.6 37.1 19.6 37.5 80.0 100 100 20 408 0 143 0 402 401 400 0 0 0 60 50 WAIT_ACK 0 
b.1 2025-07-08 16:31:09.782 a 2025-07-08-16:31:05 248 112 336 0.1 0.8 1.5 18.9 35.7 735.9 0.00 0 0.0 26.1 24.1 24.5 3.627  -24.1   25.6    0.0  33    8.2   5 0 0 2 1 2 0 19.6 37.3 19.6 37.6 80.0 100 100 20 408 0 143 0 400 401 399 0 0 0 59 50 WAIT_ACK 0 
b.1 2025-07-08 16:32:08.263 a 2025-07-08-16:32:03 205 104 286 0.1 0.5 1.4 18.9 36.4 736.0 0.00 0 0.0 26.1 24.1 24.4 3.626  -23.9   25.5    0.0  33    8.1   5 0 0 2 1 2 0 19.6 37.2 19.6 37.5 80.0 100 100 20 408 0 143 0 401 401 400 0 0 0 59 50 WAIT_ACK 0 
b.1 2025-07-08 16:33:11.127 a 2025-07-08-16:33:06 203 146 327 0.0 0.6 1.6 18.9 36.3 736.0 0.00 0 0.0 26.3 24.1 24.5 3.626  -23.7   25.5    2.1  33    8.1   5 0 0 2 1 2 0 19.6 37.0 19.6 37.5 80.0 100 100 20 408 0 143 0 401 401 400 0 0 0 60 50 WAIT_ACK 0 
b.1 2025-07-08 16:34:08.884 a 2025-07-08-16:34:04 093 056 159 0.1 0.4 1.3 18.9 38.3 735.9 0.00 0 0.0 26.6 24.1 24.4 3.626  -22.8   25.4    0.0  33    8.2   5 0 0 2 1 2 0 19.6 37.0 19.6 37.5 80.0 100 100 20 408 0 143 0 401 401 399 0 0 0 59 50 WAIT_ACK 0 
b.1 2025-07-08 16:35:13.187 a 2025-07-08-16:35:08 096 343 247 0.2 1.1 2.1 18.9 38.3 735.9 0.00 0 0.0 26.5 24.1 24.5 3.624  -23.8   25.4    2.1  33    8.2   5 0 0 2 1 2 0 19.5 37.0 19.6 37.3 80.0 100 100 20 408 0 143 0 400 401 399 0 0 0 59 50 WAIT_ACK 0 
b.1 2025-07-08 16:36:11.884 a 2025-07-08-16:36:07 127 051 343 0.1 1.4 3.0 18.8 36.0 735.9 0.00 0 0.0 26.4 24.1 24.4 3.627  -23.6   25.4    2.2  33    8.1   5 0 0 2 1 2 0 19.5 36.9 19.6 37.1 80.0 100 100 20 408 0 143 0 401 401 399 0 0 0 59 50 WAIT_ACK 0 
b.1 2025-07-08 16:37:13.088 a 2025-07-08-16:37:08 049 056 288 0.1 0.7 2.4 18.8 37.0 735.9 0.00 0 0.0 26.4 24.1 24.5 3.626  -22.7   25.5    2.1  33    8.0   5 0 0 2 1 2 0 19.5 37.0 19.6 37.2 80.0 100 100 20 408 0 143 0 401 401 399 0 0 0 59 50 WAIT_ACK 0 
b.1 2025-07-08 16:38:10.246 a 2025-07-08-16:38:05 005 092 140 0.3 1.3 2.5 18.8 36.2 735.9 0.00 0 0.0 26.3 24.1 24.5 3.627  -23.4   25.4    2.2  33    8.0   5 0 0 2 1 2 0 19.5 37.0 19.6 37.3 80.0 100 100 20 408 0 143 0 402 401 400 0 0 0 60 50 WAIT_ACK 0 
b.1 2025-07-08 16:39:11.404 a 2025-07-08-16:39:06 019 092 164 0.5 1.5 2.5 18.7 36.0 735.9 0.00 0 0.0 26.1 24.1 24.5 3.624  -23.2   25.4    2.3  33    7.9   5 0 0 2 1 2 0 19.5 36.9 19.6 37.2 80.0 100 100 20 408 0 143 0 400 401 399 0 0 0 60 50 WAIT_ACK 0 
b.1 2025-07-08 16:40:09.105 a 2025-07-08-16:40:04 102 070 124 0.0 0.7 2.4 18.6 37.2 735.9 0.00 0 0.0 26.1 24.1 24.4 3.627  -21.6   25.4    0.0  33    7.9   5 0 0 2 1 2 0 19.6 36.8 19.5 37.2 80.0 100 100 20 408 0 143 0 401 401 400 0 0 0 59 50 WAIT_ACK 0 
b.1 2025-07-08 16:41:11.607 a 2025-07-08-16:41:07 174 086 287 0.1 1.4 2.5 18.7 35.7 735.9 0.00 0 0.0 26.1 24.1 24.5 3.626  -24.1   25.4    2.2  33    7.8   5 0 0 2 1 2 0 19.5 36.8 19.5 37.2 80.0 100 100 20 408 0 143 0 402 401 400 0 0 0 60 50 WAIT_ACK 0 
b.1 2025-07-08 16:42:09.230 a 2025-07-08-16:42:04 319 116 324 0.1 1.0 2.5 18.6 38.8 735.9 0.00 0 0.0 25.9 24.1 24.4 3.626  -20.1   25.3    0.0  33    7.9   0 0 0 2 1 2 0 19.6 36.8 19.5 37.2 80.0 100 100 20 408 0 143 0 401 402 399 0 0 0 60 50 WAIT_ACK 0 
b.1 2025-07-08 16:43:10.546 a 2025-07-08-16:43:06 151 074 330 0.2 2.1 4.6 18.6 38.2 735.9 0.00 0 0.0 25.7 24.1 24.4 3.623  -23.1   25.3    2.5  33    7.9   5 0 0 2 1 2 0 19.5 36.9 19.5 37.2 80.0 100 100 20 408 0 143 0 400 402 399 0 0 0 60 50 WAIT_ACK 0 
b.1 2025-07-08 16:44:07.608 a 2025-07-08-16:44:03 038 089 125 1.3 2.6 3.8 18.4 39.4 735.9 0.00 0 0.0 25.3 24.1 24.4 3.634  -22.4   25.2    2.9  33    7.9   5 0 0 2 1 2 0 19.5 37.2 19.5 37.7 80.0 100 100 20 408 0 143 0 401 401 399 0 0 0 60 50 WAIT_ACK 0 
b.1 2025-07-08 16:45:13.036 a 2025-07-08-16:45:08 115 065 301 0.1 1.0 2.6 18.2 39.9 735.9 0.00 0 0.0 25.2 24.1 24.4 3.627  -19.1   25.1    2.4  33    7.9   5 0 0 2 1 2 0 19.5 37.9 19.5 38.2 80.0 100 100 20 408 0 143 0 401 402 399 0 0 0 60 50 WAIT_ACK 600 
b.1 2025-07-08 16:46:09.650 a 2025-07-08-16:46:05 146 109 244 0.1 0.7 1.5 18.2 39.9 735.9 0.00 0 0.0 25.4 24.1 24.4 3.626  -19.3   25.1    2.2  34    8.0   5 0 0 2 1 2 0 19.5 38.1 19.5 37.9 80.0 100 100 20 408 0 143 0 402 401 400 0 0 0 59 50 WAIT_ACK 600 
b.1 2025-07-08 16:47:09.628 a 2025-07-08-16:47:05 168 113 294 0.1 1.1 2.2 18.1 40.7 735.9 0.00 0 0.0 25.6 24.1 24.4 3.633  -18.9   25.1    0.0  34    8.1   5 0 0 2 1 2 0 19.5 38.3 19.5 38.3 80.0 100 100 20 408 0 143 0 401 401 399 0 0 0 59 50 WAIT_ACK 600 
b.1 2025-07-08 16:48:07.290 a 2025-07-08-16:48:02 050 022 108 0.1 1.2 2.7 18.1 38.5 735.9 0.00 0 0.0 25.7 24.1 24.4 3.626  -18.7   25.1    0.0  34    8.0   5 0 0 2 1 2 0 19.5 38.1 19.4 38.4 80.0 100 100 20 408 0 143 0 401 401 400 0 0 0 60 50 WAIT_ACK 600 
b.1 2025-07-08 16:49:10.368 a 2025-07-08-16:49:05 112 029 323 0.0 1.6 3.1 18.1 39.5 735.9 0.00 0 0.0 25.8 24.1 24.4 3.626  -20.0   25.1    2.3  33    7.9   5 0 0 2 1 2 0 19.5 37.5 19.4 38.0 80.0 100 100 20 408 0 143 0 401 401 399 0 0 0 59 50 WAIT_ACK 567 
b.1 2025-07-08 16:50:12.128 a 2025-07-08-16:50:07 105 055 348 0.9 1.7 3.3 18.2 36.0 735.9 0.00 0 0.0 26.0 24.1 24.5 3.632  -20.0   25.1    2.5  33    7.7   5 0 0 2 1 2 0 19.5 37.1 19.4 38.0 80.0 100 100 20 408 0 143 0 401 402 399 0 0 0 59 50 WAIT_ACK 593 
b.1 2025-07-08 16:51:10.907 a 2025-07-08-16:51:06 015 002 027 0.1 0.9 2.4 18.2 36.4 735.9 0.00 0 0.0 26.3 24.1 24.4 3.626  -19.1   25.1    2.2  33    7.7   5 0 0 2 1 2 0 19.4 37.2 19.4 38.0 80.0 100 100 20 408 0 143 0 401 401 399 0 0 0 60 50 WAIT_ACK 600 
b.1 2025-07-08 16:52:09.131 a 2025-07-08-16:52:04 003 059 089 0.1 0.4 1.4 18.2 37.7 735.9 0.00 0 0.0 26.6 24.1 24.4 3.627  -18.9   25.1    0.0  33    7.7   0 0 0 2 1 2 0 19.4 37.5 19.4 37.8 80.0 100 100 20 408 0 143 0 401 401 399 0 0 0 60 50 WAIT_ACK 600 
b.1 2025-07-08 16:53:09.993 a 2025-07-08-16:53:05 093 069 135 0.1 0.9 3.2 18.4 38.3 735.9 0.00 0 0.0 26.8 24.1 24.4 3.627  -20.6   25.1    2.2  33    7.9   5 0 0 2 1 2 0 19.4 37.7 19.4 37.9 80.0 100 100 20 408 0 143 0 401 401 400 0 0 0 60 50 WAIT_ACK 565 
b.1 2025-07-08 16:54:10.009 a 2025-07-08-16:54:05 291 186 336 0.0 0.5 1.2 18.5 40.5 736.0 0.00 0 0.0 27.1 24.1 24.4 3.626  -20.4   25.1    0.0  34    8.0   0 0 0 2 1 2 0 19.4 37.8 19.4 38.3 80.0 100 100 20 408 0 143 0 401 401 400 0 0 0 60 50 WAIT_ACK 589 
b.1 2025-07-08 16:55:13.430 a 2025-07-08-16:55:08 235 194 250 0.1 1.1 4.0 18.6 40.5 735.9 0.00 0 0.0 27.0 24.1 24.4 3.626  -21.4   25.1    2.1  34    8.2   5 0 0 2 1 2 0 19.4 38.3 19.4 38.6 80.0 100 100 20 408 0 143 0 401 401 400 0 0 0 60 50 WAIT_ACK 526 
b.1 2025-07-08 16:56:11.013 a 2025-07-08-16:56:06 004 189 257 0.1 1.0 2.8 18.7 41.0 735.9 0.00 0 0.0 26.9 24.1 24.5 3.626  -21.0   25.0    2.2  34    8.3   5 0 0 2 1 2 0 19.4 38.9 19.4 39.2 80.0 100 100 20 408 0 143 0 401 401 400 0 0 0 60 50 WAIT_ACK 468 
b.1 2025-07-08 16:57:12.668 a 2025-07-08-16:57:08 097 207 120 0.1 1.3 3.4 18.8 41.0 735.9 0.00 0 0.0 26.7 24.1 24.4 3.627  -21.8   25.0    2.1  35    8.4   5 0 0 2 1 2 0 19.5 39.3 19.4 39.4 80.0 100 100 20 408 0 143 0 401 401 400 0 0 0 59 50 WAIT_ACK 407 
b.1 2025-07-08 16:58:09.213 a 2025-07-08-16:58:04 078 182 329 0.1 1.2 3.4 18.8 41.1 735.9 0.00 0 0.0 26.6 24.1 24.4 3.624  -22.2   25.0    0.0  35    8.4   5 0 0 2 1 2 0 19.5 39.2 19.5 40.0 80.0 100 100 20 408 0 143 0 401 401 400 0 0 0 60 50 WAIT_ACK 350 
b.1 2025-07-08 16:59:08.592 a 2025-07-08-16:59:04 252 148 309 0.0 0.4 2.3 18.8 41.6 736.0 0.00 0 0.0 27.5 24.1 24.4 3.624  -21.2   25.0    0.0  35    8.5   0 0 0 2 1 2 0 19.5 39.3 19.5 39.7 80.0 100 100 20 408 0 143 0 400 401 399 0 0 0 60 50 WAIT_ACK 291 
b.1 2025-07-08 17:00:09.492 a 2025-07-08-17:00:04 018 127 230 0.1 0.8 2.4 18.9 40.9 736.0 0.00 0 0.0 28.3 24.1 24.5 3.626  -24.2   25.0    0.0  35    8.5   5 0 0 2 1 2 0 19.6 39.2 19.5 39.7 80.0 100 100 20 408 0 143 0 401 401 400 0 0 0 60 50 WAIT_ACK 230 
b.1 2025-07-08 17:01:12.115 a 2025-07-08-17:01:07 086 144 226 0.1 1.5 3.1 19.0 40.6 736.0 0.00 0 0.0 27.6 24.1 24.5 3.626  -24.8   25.0    2.2  35    8.5   5 0 0 2 1 2 0 19.6 38.9 19.5 39.9 80.0 100 100 20 408 0 143 0 401 401 400 0 0 0 60 50 WAIT_ACK 167 
b.1 2025-07-08 17:02:09.252 a 2025-07-08-17:02:04 305 170 347 0.2 1.0 2.2 19.1 40.5 736.0 0.00 0 0.0 27.4 24.1 24.4 3.623  -26.1   25.1    2.1  35    8.5   5 0 0 1 1 2 0 19.6 38.9 19.5 39.7 80.0 100 100 20 408 0 143 0 401 401 400 0 0 0 59 50 WAIT_ACK 110 
b.1 2025-07-08 17:03:11.092 a 2025-07-08-17:03:06 036 105 169 1.0 2.0 2.8 19.1 37.2 736.0 0.00 0 0.0 27.0 24.1 24.4 3.633  -28.1   25.1    2.3  35    8.3   5 0 0 1 1 2 0 19.6 38.6 19.5 39.2 80.0 100 100 20 408 0 143 0 402 401 400 0 0 0 59 50 WAIT_ACK 48 
b.1 2025-07-08 17:04:09.539 a 2025-07-08-17:04:05 012 089 201 0.4 1.5 3.8 19.0 35.7 736.0 0.00 0 0.0 26.6 24.1 24.5 3.627  -27.6   25.1    2.4  34    8.2   5 0 0 1 1 2 0 19.6 38.2 19.5 39.1 80.0 100 100 20 408 0 143 0 401 401 399 0 0 0 60 50 WAIT_ACK 0 
b.1 2025-07-08 17:05:12.114 a 2025-07-08-17:05:07 105 062 201 0.0 0.4 1.1 18.9 37.1 736.0 0.00 0 0.0 26.6 24.1 24.5 3.626  -25.3   25.1    0.0  34    8.1   5 0 0 1 1 2 0 19.7 38.0 19.5 38.8 80.0 100 100 20 408 0 143 0 401 401 400 0 0 0 60 50 WAIT_ACK 0 
b.1 2025-07-08 17:06:10.092 a 2025-07-08-17:06:05 240 098 279 0.0 0.6 1.5 18.9 38.4 736.0 0.00 0 0.0 26.8 24.1 24.5 3.629  -25.4   25.1    0.0  34    8.1   0 0 0 1 1 2 0 19.6 37.9 19.5 38.9 80.0 100 100 20 408 0 143 0 401 401 400 0 0 0 60 50 WAIT_ACK 0 
b.1 2025-07-08 17:07:10.592 a 2025-07-08-17:07:06 266 115 330 0.3 1.5 5.1 18.9 39.0 736.1 0.00 0 0.0 26.5 24.1 24.4 3.626  -26.6   25.0    2.2  34    8.2   5 0 0 1 1 2 0 19.6 38.2 19.5 38.8 80.0 100 100 20 408 0 143 0 401 401 400 0 0 0 60 50 WAIT_ACK 0 
b.1 2025-07-08 17:08:08.357 a 2025-07-08-17:08:03 055 156 322 0.1 0.9 2.3 18.8 40.1 736.0 0.00 0 0.0 26.3 24.1 24.5 3.627  -25.6   25.0    0.0  34    8.3   5 0 0 1 1 2 0 19.6 38.2 19.5 38.9 80.0 100 100 20 408 0 143 0 401 401 400 0 0 0 60 50 WAIT_ACK 0 
b.1 2025-07-08 17:09:11.815 a 2025-07-08-17:09:07 184 126 312 0.1 1.3 2.8 18.8 37.8 736.0 0.00 0 0.0 26.2 24.1 24.5 3.626  -25.3   25.0    0.0  34    8.1   0 0 0 1 1 2 0 19.6 38.4 19.5 39.0 80.0 100 100 20 408 0 143 0 401 401 400 0 0 0 59 50 WAIT_ACK 0 
b.1 2025-07-08 17:10:10.173 a 2025-07-08-17:10:05 002 099 171 0.1 0.9 2.0 18.8 35.9 736.1 0.00 0 0.0 26.5 24.1 24.4 3.626  -26.1   24.9    0.0  34    8.0   5 0 0 1 1 2 0 19.6 38.0 19.5 38.9 80.0 100 100 20 408 0 143 0 401 401 399 0 0 0 60 50 WAIT_ACK 0 
b.1 2025-07-08 17:11:10.753 a 2025-07-08-17:11:06 230 087 276 0.1 1.7 3.0 18.9 35.7 736.1 0.00 0 0.0 26.3 24.1 24.5 3.627  -27.0   24.9    2.2  34    7.9   5 0 0 1 1 2 0 19.6 37.7 19.5 38.5 80.0 100 100 20 408 0 143 0 401 401 399 0 0 0 60 50 WAIT_ACK 0 
b.1 2025-07-08 17:12:09.200 a 2025-07-08-17:12:04 059 150 242 0.2 1.5 2.7 18.8 39.5 736.0 0.00 0 0.0 26.0 24.1 24.5 3.626  -26.0   24.9    2.3  34    8.0   5 0 0 1 1 2 0 19.6 37.6 19.5 38.5 80.0 100 100 20 408 0 143 0 401 401 399 0 0 0 59 50 WAIT_ACK 0 
b.1 2025-07-08 17:13:09.736 a 2025-07-08-17:13:05 135 051 302 0.2 1.0 2.1 18.7 36.1 736.0 0.00 0 0.0 26.0 24.1 24.5 3.627  -25.2   25.0    2.2  34    8.0   5 0 0 1 1 2 0 19.6 37.6 19.5 38.2 80.0 100 100 20 408 0 143 0 401 401 400 0 0 0 59 50 WAIT_ACK 0 
b.1 2025-07-08 17:14:10.875 a 2025-07-08-17:14:06 116 065 153 0.1 0.4 1.7 18.6 39.1 736.0 0.00 0 0.0 26.1 24.1 24.5 3.626  -24.6   25.0    0.0  34    8.0   5 0 0 2 1 2 0 19.6 37.6 19.5 38.2 80.0 100 100 20 408 0 143 0 401 401 400 0 0 0 59 50 WAIT_ACK 0 
b.1 2025-07-08 17:15:12.678 a 2025-07-08-17:15:08 110 345 256 0.1 1.1 1.8 18.7 39.2 736.0 0.00 0 0.0 26.3 24.1 24.5 3.626  -24.5   25.0    2.1  34    8.1   0 0 0 2 1 2 0 19.5 38.0 19.5 38.5 80.0 100 100 20 408 0 143 0 401 401 400 0 0 0 59 50 WAIT_ACK 0 
b.1 2025-07-08 17:16:09.917 a 2025-07-08-17:16:05 082 345 257 0.2 0.9 1.8 18.8 36.5 736.0 0.00 0 0.0 26.9 24.1 24.4 3.632  -23.6   25.1    0.0  34    8.2   5 0 0 2 1 2 0 19.5 37.7 19.5 38.2 80.0 100 100 20 408 0 143 0 401 401 399 0 0 0 59 50 WAIT_ACK 0 
b.1 2025-07-08 17:17:09.479 a 2025-07-08-17:17:04 283 345 341 0.0 0.5 1.1 18.8 36.5 736.0 0.00 0 0.0 27.8 24.1 24.4 3.633  -23.1   25.2    0.0  34    8.2   0 0 0 2 1 2 0 19.5 37.4 19.5 38.0 80.0 100 100 20 408 0 143 0 401 401 400 0 0 0 60 50 WAIT_ACK 0 
b.1 2025-07-08 17:18:09.558 a 2025-07-08-17:18:05 041 001 102 0.1 0.7 1.4 18.9 35.3 736.0 0.00 0 0.0 28.5 24.1 24.4 3.624  -22.5   25.3    0.0  34    8.3   5 0 0 2 1 2 0 19.6 36.8 19.5 37.7 80.0 100 100 20 408 0 143 0 401 401 400 0 0 0 59 50 WAIT_ACK 0 
b.1 2025-07-08 17:19:10.740 a 2025-07-08-17:19:06 177 030 244 0.1 1.2 3.5 18.9 35.7 736.0 0.00 0 0.0 29.3 24.1 24.4 3.631  -23.1   25.4    2.2  34    8.2   5 0 0 2 1 2 0 19.6 36.3 19.5 37.1 80.0 100 100 20 408 0 143 0 401 401 399 0 0 0 60 50 WAIT_ACK 0 
b.1 2025-07-08 17:20:11.319 a 2025-07-08-17:20:06 252 119 344 0.1 0.7 2.2 19.0 35.8 736.0 0.00 0 0.0 30.4 24.1 24.5 3.626  -24.0   25.5    2.2  33    8.2   0 0 0 2 1 2 0 19.6 36.3 19.5 36.8 80.0 100 100 20 408 0 143 0 401 401 400 0 0 0 60 50 WAIT_ACK 0 
b.1 2025-07-08 17:21:09.121 a 2025-07-08-17:21:04 186 102 275 0.1 0.9 2.0 19.1 34.2 736.0 0.00 0 0.0 30.9 24.1 24.5 3.627  -26.6   25.7    0.0  33    8.1   5 0 0 1 1 2 0 19.6 35.7 19.5 36.7 80.0 100 100 20 408 0 143 0 401 401 400 0 0 0 59 50 WAIT_ACK 0 
b.1 2025-07-08 17:22:10.921 a 2025-07-08-17:22:06 083 089 185 0.1 0.7 1.6 19.2 33.1 736.0 0.00 0 0.0 30.8 24.1 24.5 3.633  -26.0   25.8    0.0  32    8.0   5 0 0 1 1 2 0 19.7 35.4 19.5 36.2 80.0 100 100 20 408 0 143 0 402 401 400 0 0 0 59 50 WAIT_ACK 0 
b.1 2025-07-08 17:23:10.617 a 2025-07-08-17:23:06 090 042 358 0.1 0.6 1.7 19.3 33.9 736.1 0.00 0 0.0 30.5 24.1 24.4 3.626  -27.3   25.9    0.0  32    8.0   5 0 0 1 1 2 0 19.7 35.6 19.6 36.3 80.0 100 100 20 408 0 143 0 401 402 400 0 0 0 60 50 WAIT_ACK 0 
b.1 2025-07-08 17:24:08.937 a 2025-07-08-17:24:04 083 008 239 0.1 0.6 1.4 19.3 33.5 736.0 0.00 0 0.0 31.0 24.1 24.4 3.626  -26.2   25.9    0.0  32    8.1   5 0 0 1 1 2 0 19.6 35.4 19.5 36.0 80.0 100 100 20 408 0 143 0 401 401 399 0 0 0 60 50 WAIT_ACK 0 
b.1 2025-07-08 17:25:13.078 a 2025-07-08-17:25:08 133 334 302 0.1 0.7 1.6 19.3 33.1 736.0 0.00 0 0.0 32.2 24.1 24.4 3.633  -25.7   26.1    0.0  32    8.3   0 0 0 1 1 2 0 19.6 35.4 19.6 36.0 80.0 100 100 20 408 0 143 0 400 401 399 0 0 0 60 50 WAIT_ACK 0 
b.1 2025-07-08 17:26:08.220 a 2025-07-08-17:26:03 253 271 305 0.1 0.4 1.3 19.3 33.1 736.0 0.00 0 0.0 33.4 24.2 24.5 3.626  -27.1   26.2    0.0  32    8.1   5 0 0 1 1 2 0 19.7 35.3 19.6 35.8 80.0 100 100 20 408 0 143 0 401 401 400 0 0 0 59 50 WAIT_ACK 0 
b.1 2025-07-08 17:27:11.398 a 2025-07-08-17:27:06 120 048 132 0.0 0.4 1.5 19.4 33.5 736.0 0.00 0 0.0 33.3 24.1 24.5 3.626  -31.1   26.3    2.2  31    8.0   5 0 0 1 1 2 0 19.7 35.2 19.6 35.7 80.0 100 100 20 408 0 143 0 401 401 400 0 0 0 59 50 WAIT_ACK 0 
b.1 2025-07-08 17:28:10.746 a 2025-07-08-17:28:06 085 043 136 0.1 0.6 1.9 19.4 32.9 736.0 0.00 0 0.0 33.1 24.1 24.4 3.626  -30.1   26.5    0.0  31    8.0   0 0 0 1 1 2 0 19.7 34.9 19.7 35.6 80.0 100 100 20 408 0 143 0 400 401 399 0 0 0 59 50 WAIT_ACK 0 
b.1 2025-07-08 17:29:07.881 a 2025-07-08-17:29:03 103 011 233 0.1 0.6 1.5 19.5 32.4 736.0 0.00 0 0.0 33.7 24.1 24.4 3.626  -33.1   26.5    0.0  31    8.2   5 0 0 1 1 2 0 19.7 34.9 19.7 35.4 80.0 100 100 20 408 0 143 0 400 401 399 0 0 0 60 50 WAIT_ACK 0 
b.1 2025-07-08 17:30:12.400 a 2025-07-08-17:30:07 166 039 260 0.1 0.9 2.0 19.4 31.8 736.0 0.00 0 0.0 33.9 24.1 24.5 3.626  -30.9   26.7    2.2  32    8.5   5 0 0 1 1 2 0 19.7 34.9 19.7 35.3 80.0 100 100 20 408 0 143 0 400 401 399 0 0 0 60 50 WAIT_ACK 0 
b.1 2025-07-08 17:31:09.505 a 2025-07-08-17:31:05 083 339 273 0.1 1.2 2.4 19.4 33.0 736.0 0.00 0 0.0 34.2 24.1 24.4 3.624  -31.3   26.9    0.0  31    8.4   0 0 0 1 1 2 0 19.7 34.9 19.7 35.5 80.0 100 100 20 408 0 144 0 401 401 399 0 0 0 60 50 WAIT_ACK 0 
b.1 2025-07-08 17:32:11.200 a 2025-07-08-17:32:06 222 025 320 0.1 0.8 2.6 19.4 33.3 736.0 0.00 0 0.0 34.6 24.1 24.5 3.624  -30.0   27.1    0.0  31    8.3   0 0 0 1 1 2 0 19.8 34.8 19.7 35.3 80.0 100 100 20 408 0 144 0 401 401 400 0 0 0 60 50 WAIT_ACK 0 
b.1 2025-07-08 17:33:14.200 a 2025-07-08-17:33:09 002 014 093 0.0 0.4 1.4 19.4 33.1 736.0 0.00 0 0.0 35.1 24.1 24.4 3.624  -32.0   27.1    0.0  30    8.1   5 0 0 1 1 2 0 19.8 34.7 19.7 35.1 80.0 100 100 20 408 0 143 0 401 401 400 0 0 0 60 50 WAIT_ACK 0 
b.1 2025-07-08 17:34:09.907 a 2025-07-08-17:34:05 148 015 264 0.1 1.5 3.0 19.6 31.9 736.1 0.00 0 0.0 34.1 24.1 24.4 3.626  -32.7   27.1    2.4  30    8.1   5 0 0 1 1 2 0 19.8 34.6 19.8 35.0 80.0 100 100 20 408 0 143 0 401 401 400 0 0 0 60 50 WAIT_ACK 0 
b.1 2025-07-08 17:35:13.084 a 2025-07-08-17:35:08 070 355 280 0.3 1.5 3.0 19.5 32.4 736.1 0.00 0 0.0 34.0 24.1 24.5 3.624  -31.2   27.2    2.2  30    8.2   5 0 0 1 1 2 0 19.9 34.6 19.9 34.9 80.0 100 100 20 408 0 144 0 402 401 400 0 0 0 60 50 WAIT_ACK 0 
b.1 2025-07-08 17:36:11.301 a 2025-07-08-17:36:06 090 350 200 0.1 1.2 2.8 19.6 32.8 736.1 0.00 0 0.0 34.3 24.1 24.4 3.624  -31.7   27.3    2.1  30    8.2   0 0 0 1 1 2 0 19.9 34.6 19.9 34.9 80.0 100 100 20 408 0 144 0 402 401 400 0 0 0 59 50 WAIT_ACK 0 
b.1 2025-07-08 17:37:08.505 a 2025-07-08-17:37:03 074 043 090 0.2 1.2 4.7 19.7 32.7 736.0 0.00 0 0.0 34.4 24.1 24.5 3.626  -35.7   27.4    2.2  30    8.3   0 0 0 1 1 2 0 20.0 34.4 19.9 34.8 80.0 100 100 20 408 0 143 0 401 401 400 0 0 0 59 50 WAIT_ACK 0 
b.1 2025-07-08 17:38:11.446 a 2025-07-08-17:38:06 118 024 262 0.2 2.7 5.5 19.8 32.0 736.0 0.00 0 0.0 32.8 24.1 24.4 3.633  -37.4   27.5    2.7  29    8.0   5 0 0 1 1 2 0 20.1 34.3 20.0 34.8 80.0 100 100 20 408 0 143 0 401 401 399 0 0 0 59 50 WAIT_ACK 0 
b.1 2025-07-08 17:39:11.384 a 2025-07-08-17:39:06 154 044 268 0.2 2.4 5.5 19.6 32.3 736.0 0.00 0 0.0 32.0 24.1 24.5 3.626  -36.5   27.4    2.9  29    7.8   5 0 0 1 1 2 0 20.0 34.3 20.0 34.7 80.0 100 100 20 408 0 143 0 401 401 399 0 0 0 60 50 WAIT_ACK 0 
b.1 2025-07-08 17:40:12.729 a 2025-07-08-17:40:08 198 051 310 0.2 2.7 6.4 19.4 32.2 736.0 0.00 0 0.0 30.9 24.1 24.4 3.626  -33.9   27.3    3.2  29    7.7   5 0 0 1 1 2 0 20.0 34.2 20.0 34.6 80.0 100 100 20 408 0 143 0 401 401 399 0 0 0 60 50 WAIT_ACK 0 
b.1 2025-07-08 17:41:10.427 a 2025-07-08-17:41:05 152 056 200 0.1 1.4 4.8 19.2 32.3 736.0 0.00 0 0.0 31.2 24.1 24.4 3.627  -32.2   27.2    2.6  29    7.6   0 0 0 1 1 2 0 20.0 34.1 19.9 34.5 80.0 100 100 20 408 0 143 0 401 401 400 0 0 0 59 50 WAIT_ACK 0 
b.1 2025-07-08 17:42:11.703 a 2025-07-08-17:42:07 246 196 296 0.1 0.5 2.0 19.3 33.3 736.1 0.00 0 0.0 32.2 24.1 24.5 3.624  -29.3   27.1    0.0  29    7.8   0 0 0 1 1 2 0 20.0 34.1 19.9 34.5 80.0 100 100 20 408 0 143 0 401 401 399 0 0 0 60 50 WAIT_ACK 0 
b.1 2025-07-08 17:43:09.864 a 2025-07-08-17:43:05 099 030 303 0.1 2.1 4.4 19.6 31.8 736.1 0.00 0 0.0 32.4 24.1 24.4 3.626  -30.2   27.2    2.4  29    7.7   5 0 0 1 1 2 0 20.0 34.0 19.9 34.5 80.0 100 100 20 408 0 143 0 401 401 399 0 0 0 60 50 WAIT_ACK 0 
b.1 2025-07-08 17:44:08.763 a 2025-07-08-17:44:04 146 039 268 0.1 1.3 2.9 19.7 32.2 736.1 0.00 0 0.0 31.9 24.1 24.4 3.626  -32.1   27.2    2.4  29    7.8   5 0 0 1 1 2 0 20.0 34.0 19.9 34.4 80.0 100 100 20 408 0 143 0 401 401 399 0 0 0 60 50 WAIT_ACK 0 
b.1 2025-07-08 17:45:13.023 a 2025-07-08-17:45:08 217 045 302 0.1 1.4 4.4 19.7 31.7 736.1 0.00 0 0.0 30.4 24.1 24.5 3.627  -32.9   27.3    2.3  29    7.7   5 0 0 1 1 2 0 20.0 33.9 19.9 34.2 80.0 100 100 20 408 0 143 0 401 401 400 0 0 0 59 50 WAIT_ACK 0 
b.1 2025-07-08 17:46:10.085 a 2025-07-08-17:46:05 217 054 322 0.1 1.5 4.7 19.7 31.0 736.1 0.00 0 0.0 30.7 24.2 24.5 3.626  -30.4   27.3    2.3  29    7.7   5 0 0 1 1 2 0 19.9 33.8 19.9 34.1 80.0 100 100 20 408 0 143 0 401 401 399 0 0 0 60 50 WAIT_ACK 0 
b.1 2025-07-08 17:47:09.046 a 2025-07-08-17:47:04 098 028 226 0.6 2.5 5.0 19.7 31.1 736.1 0.00 0 0.0 30.7 24.1 24.4 3.626  -30.4   27.2    2.7  29    7.6   5 0 0 1 1 2 0 19.9 33.8 19.9 34.0 80.0 100 100 20 408 0 143 0 401 401 400 0 0 0 59 50 WAIT_ACK 0 
b.1 2025-07-08 17:48:09.684 a 2025-07-08-17:48:05 119 268 234 0.0 0.6 1.7 19.7 32.0 736.1 0.00 0 0.0 31.3 24.1 24.4 3.632  -29.5   27.2    2.2  29    7.5   5 0 0 1 1 2 0 19.9 33.8 19.9 34.1 80.0 100 100 20 408 0 143 0 402 401 400 0 0 0 59 50 WAIT_ACK 0 
b.1 2025-07-08 17:49:09.207 a 2025-07-08-17:49:04 151 094 301 0.0 0.7 2.8 19.7 32.0 736.1 0.00 0 0.0 32.2 24.1 24.4 3.633  -25.4   27.2    0.0  29    7.6   0 0 0 1 1 2 0 19.9 33.8 19.9 34.1 80.0 100 100 20 408 0 143 0 401 401 399 0 0 0 59 50 WAIT_ACK 0 
b.1 2025-07-08 17:50:14.005 a 2025-07-08-17:50:09 110 144 194 0.1 0.4 1.5 20.1 31.7 736.1 0.00 0 0.0 33.7 24.1 24.5 3.626  -25.7   27.3    0.0  29    7.8   0 0 0 1 1 2 0 19.9 33.7 20.0 34.0 80.0 100 100 20 408 0 143 0 401 401 400 0 0 0 60 50 WAIT_ACK 0 
b.1 2025-07-08 17:51:09.607 a 2025-07-08-17:51:05 073 103 192 0.1 0.7 3.1 20.1 31.7 736.1 0.00 0 0.0 34.7 24.1 24.4 3.633  -27.1   27.4    0.0  29    7.8   0 0 0 1 1 2 0 20.0 33.7 20.0 34.0 80.0 100 100 20 408 0 144 0 401 401 399 0 0 0 60 50 WAIT_ACK 0 
b.1 2025-07-08 17:52:08.744 a 2025-07-08-17:52:04 060 057 264 0.1 0.5 1.9 20.4 31.0 736.1 0.00 0 0.0 35.5 24.1 24.5 3.624  -28.2   27.5    0.0  29    7.8   0 0 0 1 1 2 0 20.0 33.7 20.0 34.1 80.0 100 100 20 408 0 143 0 401 401 400 0 0 0 59 50 WAIT_ACK 0 
b.1 2025-07-08 17:53:10.209 a 2025-07-08-17:53:05 104 021 191 0.1 1.1 3.1 20.7 30.7 736.2 0.00 0 0.0 35.8 24.1 24.4 3.626  -29.6   27.6    2.2  29    7.9   0 0 0 1 1 2 0 20.0 33.7 20.1 33.9 80.0 100 100 20 408 0 144 0 402 401 399 0 0 0 60 50 WAIT_ACK 0 
b.1 2025-07-08 17:54:09.730 a 2025-07-08-17:54:05 213 106 338 0.1 0.7 2.5 20.9 30.8 736.1 0.00 0 0.0 36.4 24.1 24.5 3.624  -29.3   27.8    2.1  29    8.1   0 0 0 1 1 2 0 20.0 33.8 20.1 33.8 80.0 100 100 20 408 0 144 0 402 401 400 0 0 0 59 50 WAIT_ACK 0 
b.1 2025-07-08 17:55:12.492 a 2025-07-08-17:55:07 257 003 296 0.0 0.2 0.5 21.0 30.6 736.2 0.00 0 0.0 37.4 24.2 24.4 3.626  -28.6   28.0    0.0  29    8.2   0 0 0 1 1 2 0 20.0 33.8 20.1 33.7 80.0 100 100 20 408 0 143 0 401 401 400 0 0 0 60 50 WAIT_ACK 0 
b.1 2025-07-08 17:56:09.828 a 2025-07-08-17:56:05 278 353 310 0.1 0.6 1.6 21.2 30.0 736.2 0.00 0 0.0 38.0 24.1 24.4 3.624  -30.2   28.1    2.1  29    8.3   5 0 0 1 1 2 0 20.0 33.7 20.1 33.7 80.0 100 100 20 408 0 143 0 402 401 400 0 0 0 60 50 WAIT_ACK 0 
b.1 2025-07-08 17:57:09.910 a 2025-07-08-17:57:05 124 023 264 0.1 1.1 3.0 21.3 29.0 736.2 0.00 0 0.0 37.4 24.1 24.4 3.623  -31.5   28.3    0.0  29    8.4   0 0 0 1 1 2 0 20.0 33.8 20.1 33.7 80.0 100 100 20 408 0 143 0 401 401 400 0 0 0 59 50 WAIT_ACK 0 
b.1 2025-07-08 17:58:09.428 a 2025-07-08-17:58:04 155 059 329 0.1 1.0 2.1 21.2 28.7 736.2 0.00 0 0.0 37.1 24.1 24.4 3.624  -30.4   28.4    0.0  29    8.5   0 0 0 1 1 2 0 20.0 33.8 20.2 33.7 80.0 100 100 20 408 0 143 0 401 402 399 0 0 0 60 50 WAIT_ACK 0 
b.1 2025-07-08 17:59:09.586 a 2025-07-08-17:59:05 014 127 182 0.0 0.5 2.0 21.1 30.5 736.2 0.00 0 0.0 37.7 24.1 24.4 3.624  -32.9   28.6    2.2  28    8.5   0 0 0 1 1 2 0 20.0 33.8 20.2 33.6 80.0 100 100 20 408 0 143 0 401 401 400 0 0 0 60 50 WAIT_ACK 0 
b.1 2025-07-08 18:00:13.966 a 2025-07-08-18:00:09 131 047 171 0.1 0.9 2.9 21.1 29.3 736.1 0.00 0 0.0 37.8 24.1 24.4 3.624  -30.2   28.6    0.0  28    8.3   0 0 0 1 1 2 0 20.0 33.8 20.2 33.6 80.0 100 100 20 408 0 143 0 401 401 400 0 0 0 59 50 WAIT_ACK 0 
b.1 2025-07-08 18:01:09.671 a 2025-07-08-18:01:05 108 051 292 0.1 0.8 2.4 21.1 29.6 736.2 0.00 0 0.0 38.3 24.1 24.4 3.626  -30.9   28.7    2.2  28    8.4   5 0 0 1 1 2 0 20.0 33.7 20.2 33.6 80.0 100 100 20 408 0 143 0 401 402 399 0 0 0 59 50 WAIT_ACK 0 
b.1 2025-07-08 18:02:08.969 a 2025-07-08-18:02:04 131 064 139 0.1 0.5 1.8 21.1 29.6 736.1 0.00 0 0.0 38.7 24.1 24.4 3.626  -30.8   28.8    0.0  28    8.4   0 0 0 1 1 2 0 20.0 33.8 20.2 33.6 80.0 100 100 20 408 0 143 0 401 401 400 0 0 0 59 50 WAIT_ACK 0 
b.1 2025-07-08 18:03:08.391 a 2025-07-08-18:03:03 206 049 339 0.0 0.7 2.5 21.2 29.1 736.1 0.00 0 0.0 38.8 24.1 24.5 3.626  -30.2   28.9    0.0  28    8.4   0 0 0 1 1 2 0 20.0 33.7 20.2 33.6 80.0 100 100 20 408 0 143 0 401 401 400 0 0 0 59 50 WAIT_ACK 0 
b.1 2025-07-08 18:04:10.148 a 2025-07-08-18:04:05 123 022 141 0.1 0.9 2.7 21.3 28.8 736.1 0.00 0 0.0 38.9 24.1 24.4 3.624  -32.2   29.0    2.2  28    8.5   0 0 0 1 1 2 0 20.0 33.7 20.2 33.6 80.0 100 100 20 408 0 143 0 401 401 400 0 0 0 60 50 WAIT_ACK 0 
b.1 2025-07-08 18:05:12.433 a 2025-07-08-18:05:07 047 347 146 0.1 0.6 2.2 21.4 28.9 736.2 0.00 0 0.0 38.7 24.1 24.4 3.626  -31.9   29.1    0.0  27    8.2   0 0 0 1 1 2 0 20.0 33.7 20.2 33.5 80.0 100 100 20 408 0 143 0 401 401 400 0 0 0 59 50 WAIT_ACK 0 
b.1 2025-07-08 18:06:09.710 a 2025-07-08-18:06:05 134 354 197 0.1 0.8 4.5 21.5 28.4 736.2 0.00 0 0.0 38.5 24.1 24.4 3.626  -33.9   29.2    2.2  27    8.4   0 0 0 1 1 2 0 20.1 33.7 20.3 33.5 80.0 100 100 20 408 0 143 0 401 401 400 0 0 0 59 50 WAIT_ACK 0 
b.1 2025-07-08 18:07:13.309 a 2025-07-08-18:07:08 116 346 141 0.0 0.5 2.0 21.5 28.9 736.2 0.00 0 0.0 38.5 24.1 24.4 3.626  -32.3   29.2    0.0  27    8.3   0 0 0 1 1 2 0 20.1 33.7 20.3 33.5 80.0 100 100 20 408 0 143 0 401 401 399 0 0 0 60 50 WAIT_ACK 0 
b.1 2025-07-08 18:08:09.996 a 2025-07-08-18:08:05 125 030 148 0.0 0.8 3.3 21.6 28.9 736.2 0.00 0 0.0 38.7 24.2 24.4 3.623  -33.6   29.2    0.0  27    8.5   5 0 0 1 1 2 0 20.1 33.7 20.3 33.5 80.0 100 100 20 408 0 143 0 401 401 399 0 0 0 60 50 WAIT_ACK 0 
b.1 2025-07-08 18:09:10.573 a 2025-07-08-18:09:06 149 042 167 0.1 1.0 3.3 21.5 28.4 736.2 0.00 0 0.0 38.5 24.2 24.4 3.624  -32.9   29.3    0.0  27    8.4   0 0 0 1 1 2 0 20.1 33.7 20.3 33.4 80.0 100 100 20 408 0 143 0 401 401 400 0 0 0 60 50 WAIT_ACK 0 
b.1 2025-07-08 18:10:11.111 a 2025-07-08-18:10:06 118 017 176 0.0 0.7 2.0 21.4 28.4 736.1 0.00 0 0.0 38.4 24.1 24.4 3.632  -31.9   29.4    0.0  27    8.5   0 0 0 1 1 2 0 20.1 33.7 20.3 33.5 80.0 100 100 20 408 0 143 0 401 401 400 0 0 0 59 50 WAIT_ACK 0 
b.1 2025-07-08 18:11:13.250 a 2025-07-08-18:11:08 110 326 177 0.1 1.0 2.0 21.4 29.4 736.2 0.00 0 0.0 38.5 24.1 24.4 3.626  -32.6   29.4    0.0  27    8.6   0 0 0 1 1 2 0 20.2 33.6 20.4 33.4 80.0 100 100 20 408 0 143 0 401 402 399 0 0 0 59 50 WAIT_ACK 0 
b.1 2025-07-08 18:12:09.371 a 2025-07-08-18:12:04 187 341 301 0.2 0.8 2.1 21.4 28.7 736.2 0.00 0 0.0 38.5 24.1 24.4 3.623  -36.3   29.5    2.1  27    8.7   5 0 0 1 1 2 0 20.2 33.6 20.4 33.4 80.0 100 100 20 408 0 143 0 401 402 399 0 0 0 59 50 WAIT_ACK 0 
b.1 2025-07-08 18:13:11.730 a 2025-07-08-18:13:07 127 051 341 0.4 1.8 3.7 21.3 28.1 736.2 0.00 0 0.0 37.7 24.1 24.5 3.631  -37.0   29.6    2.6  27    8.5   5 0 0 1 1 2 0 20.2 33.5 20.4 33.3 80.0 100 100 20 408 0 143 0 402 401 400 0 0 0 59 50 WAIT_ACK 0 
b.1 2025-07-08 18:14:09.631 a 2025-07-08-18:14:05 122 097 190 0.2 0.8 2.3 20.9 28.8 736.2 0.00 0 0.0 36.8 24.1 24.4 3.624  -36.6   29.6    2.4  27    8.9   5 0 0 1 1 2 0 20.1 33.5 20.4 33.3 80.0 100 100 20 408 0 143 0 401 401 399 0 0 0 59 50 WAIT_ACK 0 
b.1 2025-07-08 18:15:13.332 a 2025-07-08-18:15:08 160 063 329 0.3 1.8 3.7 20.6 28.4 736.1 0.00 0 0.0 35.4 24.1 24.4 3.626  -35.1   29.7    2.8  27    8.7   6 0 0 1 1 2 0 20.2 33.5 20.4 33.2 80.0 100 100 20 408 0 143 0 401 401 399 0 0 0 60 50 WAIT_ACK 0 
b.1 2025-07-08 18:16:09.532 a 2025-07-08-18:16:04 145 042 224 0.1 1.0 2.6 20.2 30.2 736.1 0.00 0 0.0 35.3 24.1 24.4 3.626  -31.3   29.7    2.4  26    8.4   6 0 0 1 1 2 0 20.2 33.4 20.5 33.3 80.0 100 100 20 408 0 143 0 400 402 399 0 0 0 59 50 WAIT_ACK 0 
b.1 2025-07-08 18:17:12.993 a 2025-07-08-18:17:08 087 332 358 0.1 0.4 1.6 20.1 30.5 736.2 0.00 0 0.0 36.1 24.1 24.4 3.627  -30.6   29.6    0.0  26    8.0   0 0 0 1 1 2 0 20.2 33.4 20.5 33.2 80.0 100 100 20 408 0 143 0 402 401 400 0 0 0 60 50 WAIT_ACK 0 
b.1 2025-07-08 18:18:08.653 a 2025-07-08-18:18:04 130 035 242 0.1 0.5 3.0 20.2 29.7 736.1 0.00 0 0.0 36.9 24.1 24.4 3.626  -32.5   29.5    2.2  26    8.0   0 0 0 1 1 2 0 20.2 33.4 20.4 33.1 80.0 100 100 20 408 0 143 0 401 401 400 0 0 0 60 50 WAIT_ACK 0 
b.1 2025-07-08 18:19:09.793 a 2025-07-08-18:19:05 106 093 270 0.1 1.9 4.2 20.2 29.6 736.1 0.00 0 0.0 36.3 24.1 24.4 3.624  -32.3   29.3    2.2  26    7.7   0 0 0 1 1 2 0 20.2 33.2 20.5 32.8 80.0 100 100 20 408 0 143 0 400 401 399 0 0 0 59 50 WAIT_ACK 0 
b.1 2025-07-08 18:20:11.214 a 2025-07-08-18:20:06 149 328 246 0.2 1.5 3.6 20.4 29.7 736.1 0.00 0 0.0 36.0 24.1 24.4 3.626  -30.3   29.2    2.3  26    7.5   0 0 0 1 1 2 0 20.2 33.2 20.5 33.1 80.0 100 100 20 408 0 143 0 401 401 400 0 0 0 59 50 WAIT_ACK 0 
b.1 2025-07-08 18:21:11.332 a 2025-07-08-18:21:06 130 357 185 0.1 1.0 4.2 20.5 29.0 736.1 0.00 0 0.0 36.4 24.1 24.4 3.631  -32.2   29.0    2.2  26    7.5   0 0 0 1 1 2 0 20.2 33.1 20.5 32.8 80.0 100 100 20 408 0 143 0 401 402 399 0 0 0 59 50 WAIT_ACK 0 
b.1 2025-07-08 18:22:10.894 a 2025-07-08-18:22:06 117 324 259 0.2 1.0 3.1 20.5 29.0 736.1 0.00 0 0.0 36.4 24.1 24.4 3.624  -29.5   28.9    0.0  26    7.4   0 0 0 1 1 2 0 20.2 33.2 20.5 33.0 80.0 100 100 20 408 0 143 0 401 401 400 0 0 0 59 50 WAIT_ACK 0 
b.1 2025-07-08 18:23:12.914 a 2025-07-08-18:23:08 002 288 148 0.1 0.8 1.9 20.5 29.0 736.1 0.00 0 0.0 36.7 24.1 24.4 3.626  -28.9   28.9    2.2  26    7.7   0 0 0 1 1 2 0 20.2 33.1 20.6 33.0 80.0 100 100 20 408 0 143 0 401 401 400 0 0 0 59 50 WAIT_ACK 0 
b.1 2025-07-08 18:24:10.716 a 2025-07-08-18:24:06 112 281 272 0.1 0.7 1.5 20.7 29.3 736.1 0.00 0 0.0 37.4 24.1 24.4 3.626  -29.1   28.9    0.0  27    7.9   0 0 0 1 1 2 0 20.3 33.0 20.6 32.6 80.0 100 100 20 408 0 143 0 401 402 399 0 0 0 59 50 WAIT_ACK 0 
b.1 2025-07-08 18:25:11.532 a 2025-07-08-18:25:06 151 103 304 0.0 0.5 1.8 20.9 29.3 736.1 0.00 0 0.0 38.0 24.1 24.4 3.626  -30.1   29.0    0.0  26    7.8   0 0 0 1 1 2 0 20.3 32.9 20.6 32.5 80.0 100 100 20 408 0 143 0 401 401 399 0 0 0 59 50 WAIT_ACK 0 
b.1 2025-07-08 18:26:11.617 a 2025-07-08-18:26:07 126 038 256 0.3 1.7 3.8 21.1 27.7 736.1 0.00 0 0.0 37.6 24.1 24.4 3.624  -29.8   29.1    2.2  26    7.7   0 0 0 1 1 2 0 20.3 32.8 20.6 32.8 80.0 100 100 20 408 0 143 0 401 401 400 0 0 0 60 50 WAIT_ACK 0 
b.1 2025-07-08 18:27:12.996 a 2025-07-08-18:27:08 110 007 291 0.1 1.1 3.5 21.1 28.3 736.1 0.00 0 0.0 37.5 24.1 24.4 3.624  -29.8   29.1    0.0  26    7.7   0 0 0 1 1 2 0 20.3 32.6 20.6 32.1 80.0 100 100 20 408 0 143 0 401 401 399 0 0 0 59 50 WAIT_ACK 0 
b.1 2025-07-08 18:28:10.457 a 2025-07-08-18:28:05 134 040 321 0.4 2.2 5.2 21.2 27.2 736.1 0.00 0 0.0 36.5 24.1 24.4 3.626  -30.4   29.2    2.4  26    7.6   5 0 0 1 1 2 0 20.3 32.5 20.6 31.9 80.0 100 100 20 408 0 143 0 402 401 400 0 0 0 60 50 WAIT_ACK 0 
b.1 2025-07-08 18:29:11.321 a 2025-07-08-18:29:06 188 062 246 0.2 1.0 2.5 21.2 27.7 736.1 0.00 0 0.0 36.4 24.1 24.4 3.633  -32.7   29.2    2.2  26    7.5   5 0 0 1 1 2 0 20.3 32.4 20.6 32.1 80.0 100 100 20 408 0 143 0 402 401 400 0 0 0 60 50 WAIT_ACK 0 
b.1 2025-07-08 18:30:13.621 a 2025-07-08-18:30:09 116 038 127 0.1 0.9 2.7 21.2 27.8 736.1 0.00 0 0.0 36.5 24.1 24.4 3.624  -25.3   29.2    0.0  26    7.8   0 0 0 1 1 2 0 20.3 32.4 20.7 32.2 80.0 100 100 20 408 0 143 0 401 401 400 0 0 0 60 50 WAIT_ACK 0 
b.1 2025-07-08 18:31:10.155 a 2025-07-08-18:31:05 060 031 173 0.1 0.6 2.2 21.3 28.0 736.1 0.00 0 0.0 36.7 24.1 24.4 3.624  -26.1   29.2    2.2  26    7.6   5 0 0 1 1 2 0 20.4 32.2 20.7 32.0 80.0 100 100 20 408 0 143 0 401 401 399 0 0 0 59 50 WAIT_ACK 0 
b.1 2025-07-08 18:32:09.756 a 2025-07-08-18:32:05 335 335 356 0.1 0.4 1.5 21.4 27.0 736.1 0.00 0 0.0 37.4 24.1 24.5 3.626  -22.2   29.2    2.1  26    7.6   0 0 0 2 1 2 0 20.4 32.4 20.7 31.7 80.0 100 100 20 408 0 143 0 401 401 400 0 0 0 60 50 WAIT_ACK 0 
b.1 2025-07-08 18:33:12.378 a 2025-07-08-18:33:07 065 327 090 0.0 0.5 1.9 21.6 26.9 736.1 0.00 0 0.0 37.9 24.1 24.4 3.626  -25.1   29.3    0.0  26    7.6   0 0 0 1 1 2 0 20.4 32.1 20.7 32.1 80.0 100 100 20 408 0 143 0 401 401 400 0 0 0 59 50 WAIT_ACK 0 
b.1 2025-07-08 18:34:09.796 a 2025-07-08-18:34:05 101 300 354 0.1 0.9 2.9 21.7 26.2 736.1 0.00 0 0.0 38.4 24.1 24.4 3.626  -23.4   29.4    0.0  26    7.9   0 0 0 2 1 2 0 20.4 32.2 20.7 31.9 80.0 100 100 20 408 0 143 0 401 401 399 0 0 0 60 50 WAIT_ACK 0 
b.1 2025-07-08 18:35:10.936 a 2025-07-08-18:35:06 111 016 252 0.1 0.7 2.9 21.8 26.5 736.1 0.00 0 0.0 38.5 24.1 24.4 3.623  -28.1   29.5    0.0  25    7.5   5 0 0 1 1 2 0 20.4 32.1 20.7 31.8 80.0 100 100 20 408 0 143 0 401 401 399 0 0 0 59 50 WAIT_ACK 0 
b.1 2025-07-08 18:36:11.438 a 2025-07-08-18:36:06 129 050 342 0.1 0.6 1.9 21.8 25.8 736.1 0.00 0 0.0 37.0 24.1 24.4 3.626  -27.5   29.5    2.2  25    7.6   5 0 0 1 1 2 0 20.4 32.2 20.7 31.9 80.0 100 100 20 408 0 143 0 402 401 400 0 0 0 60 50 WAIT_ACK 0 
b.1 2025-07-08 18:37:11.657 a 2025-07-08-18:37:07 153 095 242 0.1 0.8 2.2 21.8 26.0 736.1 0.00 0 0.0 35.6 24.1 24.4 3.626  -28.7   29.5    2.2  25    7.4   5 0 0 1 1 2 0 20.4 32.0 20.7 31.2 80.0 100 100 20 408 0 143 0 401 401 400 0 0 0 60 50 WAIT_ACK 0 
b.1 2025-07-08 18:38:12.164 a 2025-07-08-18:38:07 153 343 223 0.1 1.2 3.8 21.9 25.8 736.1 0.00 0 0.0 34.8 24.1 24.4 3.624  -22.4   29.5    2.2  25    7.2   0 0 0 2 1 2 0 20.4 32.0 20.7 31.8 80.0 100 100 20 408 0 143 0 401 401 400 0 0 0 59 50 WAIT_ACK 0 
b.1 2025-07-08 18:39:08.841 a 2025-07-08-18:39:04 087 344 098 0.1 0.7 2.0 21.8 26.2 736.1 0.00 0 0.0 35.9 24.1 24.4 3.626  -22.2   29.4    2.1  25    7.1   0 0 0 2 1 2 0 20.4 32.0 20.7 31.6 80.0 100 100 20 408 0 143 0 401 401 399 0 0 0 59 50 WAIT_ACK 0 
b.1 2025-07-08 18:40:13.742 a 2025-07-08-18:40:09 062 309 149 0.1 1.3 2.5 21.8 26.2 736.1 0.00 0 0.0 36.6 24.1 24.4 3.624  -22.9   29.4    2.2  25    7.4   0 0 0 2 1 2 0 20.4 32.0 20.7 32.0 80.0 100 100 20 408 0 143 0 401 402 399 0 0 0 59 50 WAIT_ACK 0 
b.1 2025-07-08 18:41:10.923 a 2025-07-08-18:41:06 124 353 279 0.2 1.1 2.5 21.7 25.9 736.1 0.00 0 0.0 37.0 24.1 24.4 3.624  -24.5   29.4    2.2  25    7.3   0 0 0 2 1 2 0 20.4 31.8 20.7 31.6 80.0 100 100 20 408 0 143 0 400 401 399 0 0 0 60 50 WAIT_ACK 0 
b.1 2025-07-08 18:42:10.223 a 2025-07-08-18:42:05 062 016 156 0.1 0.8 2.4 21.6 26.3 736.1 0.00 0 0.0 37.6 24.1 24.4 3.631  -24.2   29.4    0.0  25    7.2   0 0 0 2 1 2 0 20.4 31.6 20.7 31.7 80.0 100 100 20 408 0 143 0 401 401 399 0 0 0 59 50 WAIT_ACK 0 
b.1 2025-07-08 18:43:11.243 a 2025-07-08-18:43:06 157 068 199 0.1 0.4 1.3 21.6 26.6 736.1 0.00 0 0.0 38.5 24.1 24.4 3.624  -23.6   29.4    0.0  25    7.1   0 0 0 2 1 2 0 20.4 31.7 20.7 30.6 80.0 100 100 20 408 0 143 0 401 401 399 0 0 0 59 50 WAIT_ACK 0 
b.1 2025-07-08 18:44:09.142 a 2025-07-08-18:44:04 040 156 103 0.0 0.5 1.1 21.8 26.8 736.1 0.00 0 0.0 39.5 24.1 24.4 3.624  -22.0   29.3    0.0  25    7.2   0 0 0 2 1 2 0 20.4 31.6 20.7 30.6 80.0 100 100 20 408 0 143 0 401 401 399 0 0 0 60 50 WAIT_ACK 0 
b.1 2025-07-08 18:45:12.098 a 2025-07-08-18:45:07 186 215 255 0.1 0.5 1.6 22.2 25.5 736.1 0.00 0 0.0 40.4 24.1 24.4 3.632  -21.4   29.3    0.0  25    7.2   0 0 0 2 1 2 0 20.4 31.5 20.7 30.6 80.0 100 100 20 408 0 143 0 401 402 399 0 0 0 59 50 WAIT_ACK 0 
b.1 2025-07-08 18:46:09.823 a 2025-07-08-18:46:05 252 179 287 0.1 0.5 2.5 22.5 24.8 736.1 0.00 0 0.0 40.8 24.1 24.4 3.624  -21.4   29.4    0.0  24    7.0   0 0 0 2 1 2 0 20.4 31.5 20.7 30.8 80.0 100 100 20 408 0 143 0 401 401 400 0 0 0 59 50 WAIT_ACK 0 
b.1 2025-07-08 18:47:10.920 a 2025-07-08-18:47:06 033 026 079 0.1 0.6 2.1 22.6 24.7 736.2 0.00 0 0.0 41.0 24.1 24.4 3.626  -20.2   29.4    0.0  24    6.8   0 0 0 2 1 2 0 20.4 31.5 20.7 30.5 80.0 100 100 20 408 0 143 0 401 401 400 0 0 0 60 50 WAIT_ACK 0 
b.1 2025-07-08 18:48:11.480 a 2025-07-08-18:48:06 118 293 189 0.1 1.4 3.8 22.6 24.7 736.2 0.00 0 0.0 40.9 24.1 24.4 3.632  -20.3   29.3    2.2  24    6.8   0 0 0 2 1 2 0 20.4 31.5 20.7 30.4 80.0 100 100 20 408 0 143 0 401 401 400 0 0 0 60 50 WAIT_ACK 0 
b.1 2025-07-08 18:49:09.361 a 2025-07-08-18:49:04 101 078 189 0.1 1.2 3.5 22.3 24.7 736.2 0.00 0 0.0 40.8 24.1 24.4 3.623  -24.1   29.4    2.2  24    6.8   0 0 0 2 1 2 0 20.4 31.4 20.7 30.4 80.0 100 100 20 408 0 143 0 401 401 399 0 0 0 59 50 WAIT_ACK 0 
b.1 2025-07-08 18:50:10.424 a 2025-07-08-18:50:05 132 016 252 0.1 2.3 4.7 21.9 25.1 736.2 0.00 0 0.0 37.7 24.2 24.4 3.626  -30.7   29.3    2.6  24    6.7   5 0 0 1 1 2 0 20.4 31.1 20.7 30.8 80.0 100 100 20 408 0 143 0 400 401 399 0 0 0 60 50 WAIT_ACK 0 
b.1 2025-07-08 18:51:10.500 a 2025-07-08-18:51:05 122 048 302 0.2 2.0 4.1 21.2 25.8 736.2 0.00 0 0.0 35.8 24.1 24.4 3.624  -24.9   29.2    3.0  24    6.5   5 0 0 2 1 2 0 20.4 31.1 20.7 30.7 80.0 100 100 20 408 0 143 0 400 401 399 0 0 0 59 50 WAIT_ACK 0 
b.1 2025-07-08 18:52:12.380 a 2025-07-08-18:52:07 080 048 305 0.1 1.3 4.9 20.9 26.3 736.2 0.00 0 0.0 36.3 24.1 24.4 3.624  -25.3   29.0    2.6  24    6.4   0 0 0 1 1 2 0 20.4 31.1 20.7 30.5 80.0 100 100 20 408 0 143 0 402 401 400 0 0 0 60 50 WAIT_ACK 0 
b.1 2025-07-08 18:53:07.969 a 2025-07-08-18:53:03 118 355 340 0.2 1.6 4.0 20.9 26.3 736.2 0.00 0 0.0 36.0 24.1 24.4 3.624  -23.5   28.9    2.4  24    6.4   0 0 0 2 1 2 0 20.4 31.1 20.7 30.2 80.0 100 100 20 408 0 143 0 401 401 400 0 0 0 59 50 WAIT_ACK 0 
b.1 2025-07-08 18:54:05.624 a 2025-07-08-18:54:01 151 036 276 0.1 2.2 5.3 20.6 27.2 736.2 0.00 0 0.0 35.8 24.1 24.4 3.624  -26.2   28.8    2.9  24    6.3   5 0 0 1 1 2 0 20.4 31.2 20.7 30.3 80.0 100 100 20 408 0 143 0 401 402 400 0 0 0 60 50 WAIT_ACK 0 
b.1 2025-07-08 18:55:12.802 a 2025-07-08-18:55:08 113 030 133 0.1 1.7 4.4 20.6 26.4 736.1 0.00 0 0.0 35.0 24.1 24.4 3.624  -26.6   28.7    2.7  24    6.1   0 0 0 1 1 2 0 20.4 30.9 20.7 30.3 80.0 100 100 20 408 0 143 0 401 401 400 0 0 0 59 50 WAIT_ACK 0 
b.1 2025-07-08 18:56:09.964 a 2025-07-08-18:56:05 160 039 276 0.2 1.8 4.3 20.2 27.6 736.1 0.00 0 0.0 34.3 24.1 24.4 3.624  -26.7   28.5    2.8  24    6.1   5 0 0 1 1 2 0 20.4 30.9 20.7 29.8 80.0 100 100 20 408 0 143 0 401 401 400 0 0 0 60 50 WAIT_ACK 0 
b.1 2025-07-08 18:57:11.026 a 2025-07-08-18:57:06 133 036 219 0.2 2.2 4.6 20.1 27.4 736.1 0.00 0 0.0 32.3 24.1 24.4 3.626  -26.5   28.3    3.1  24    5.9   5 0 0 1 1 2 0 20.4 30.9 20.7 30.5 80.0 100 100 20 408 0 143 0 401 401 399 0 0 0 59 50 WAIT_ACK 0 
b.1 2025-07-08 18:58:08.687 a 2025-07-08-18:58:04 112 057 292 0.1 1.5 4.4 20.0 27.9 736.1 0.00 0 0.0 31.7 24.1 24.4 3.624  -21.0   28.2    2.7  24    5.8   0 0 0 2 1 2 0 20.4 30.9 20.7 30.2 80.0 100 100 20 408 0 143 0 401 401 399 0 0 0 59 50 WAIT_ACK 0 
b.1 2025-07-08 18:59:12.288 a 2025-07-08-18:59:07 122 035 308 0.1 1.9 5.5 20.0 27.8 736.1 0.00 0 0.0 31.8 24.1 24.4 3.624  -27.8   28.0    2.7  24    5.8   5 0 0 1 1 2 0 20.4 30.8 20.7 30.4 80.0 100 100 20 408 0 143 0 401 401 400 0 0 0 59 50 WAIT_ACK 0 
b.1 2025-07-08 19:00:12.062 a 2025-07-08-19:00:07 111 043 270 0.1 2.7 5.2 20.0 27.5 736.1 0.00 0 0.0 29.9 24.1 24.4 3.626  -22.9   27.8    3.8  24    5.6   5 0 0 2 1 2 0 20.4 30.8 20.7 30.3 80.0 100 100 20 408 0 143 0 401 401 400 0 0 0 59 50 WAIT_ACK 0 
b.1 2025-07-08 19:01:10.846 a 2025-07-08-19:01:06 120 049 295 0.2 1.8 4.7 19.8 28.2 736.1 0.00 0 0.0 28.9 24.1 24.4 3.624  -25.4   27.6    3.2  24    5.5   5 0 0 1 1 2 0 20.4 30.7 20.7 30.4 80.0 100 100 20 408 0 143 0 401 401 400 0 0 0 60 50 WAIT_ACK 0 
b.1 2025-07-08 19:02:10.263 a 2025-07-08-19:02:05 088 042 218 0.1 1.0 2.3 19.7 28.1 736.2 0.00 0 0.0 28.2 24.1 24.4 3.626  -23.3   27.4    2.4  25    5.4   5 0 0 2 1 2 0 20.4 30.7 20.7 30.4 80.0 100 100 20 408 0 143 0 401 401 400 0 0 0 59 50 WAIT_ACK 0 
b.1 2025-07-08 19:03:10.805 a 2025-07-08-19:03:06 267 083 304 0.1 1.2 3.4 19.7 28.3 736.1 0.00 0 0.0 28.2 24.1 24.4 3.626  -17.9   27.2    2.4  25    5.4   5 0 0 2 1 2 0 20.4 30.7 20.7 30.3 80.0 100 100 20 408 0 143 0 401 401 399 0 0 0 59 50 WAIT_ACK 0 
b.1 2025-07-08 19:04:10.286 a 2025-07-08-19:04:05 138 037 171 0.1 1.1 4.3 19.7 28.0 736.1 0.00 0 0.0 30.2 24.1 24.4 3.632  -16.7   27.1    2.2  25    5.4   0 0 0 2 1 2 0 20.4 30.8 20.7 30.6 80.0 100 100 20 408 0 143 0 400 402 399 0 0 0 59 50 WAIT_ACK 600 
b.1 2025-07-08 19:05:12.687 a 2025-07-08-19:05:08 171 056 262 0.1 0.3 0.8 19.9 28.7 736.1 0.00 0 0.0 32.9 24.1 24.4 3.626  -17.2   27.0    0.0  25    5.6   0 0 0 2 1 2 0 20.4 30.7 20.7 30.5 80.0 100 100 20 408 0 143 0 402 401 400 0 0 0 59 50 WAIT_ACK 600 
b.1 2025-07-08 19:06:12.904 a 2025-07-08-19:06:08 142 037 255 0.1 1.4 4.8 20.1 28.0 736.1 0.00 0 0.0 34.4 24.1 24.4 3.626  -20.2   27.0    2.2  26    5.8   0 0 0 2 1 2 0 20.4 30.7 20.7 30.4 80.0 100 100 20 408 0 143 0 401 401 399 0 0 0 59 50 WAIT_ACK 598 
b.1 2025-07-08 19:07:11.229 a 2025-07-08-19:07:06 109 052 304 0.6 2.9 6.0 20.4 27.0 736.1 0.00 0 0.0 34.1 24.1 24.4 3.631  -20.8   27.1    2.8  25    5.7   0 0 0 2 1 2 0 20.4 30.7 20.7 30.5 80.0 100 100 20 408 0 143 0 402 401 400 0 0 0 59 50 WAIT_ACK 540 
b.1 2025-07-08 19:08:11.249 a 2025-07-08-19:08:06 130 042 182 0.2 2.3 5.3 20.2 27.2 736.1 0.00 0 0.0 33.8 24.1 24.4 3.626  -25.9   27.2    3.0  25    5.7   0 0 0 1 1 2 0 20.3 30.7 20.7 30.2 80.0 100 100 20 408 0 143 0 401 401 399 0 0 0 60 50 WAIT_ACK 480 
b.1 2025-07-08 19:09:10.726 a 2025-07-08-19:09:06 130 061 310 0.7 2.2 4.8 20.1 27.6 736.1 0.00 0 0.0 31.4 24.1 24.4 3.626  -27.3   27.2    3.1  25    5.5   5 0 0 1 1 2 0 20.3 30.6 20.7 30.2 80.0 100 100 20 408 0 143 0 401 401 399 0 0 0 60 50 WAIT_ACK 420 
b.1 2025-07-08 19:10:13.503 a 2025-07-08-19:10:08 141 057 260 0.1 0.9 3.0 20.1 28.0 736.1 0.00 0 0.0 29.6 24.1 24.4 3.633  -24.2   27.0    2.4  25    5.5   7 0 0 2 1 2 0 20.3 30.5 20.7 30.5 80.0 100 100 20 408 0 143 0 401 401 400 0 0 0 60 50 WAIT_ACK 358 
b.1 2025-07-08 19:11:08.987 a 2025-07-08-19:11:04 130 027 258 0.2 1.7 3.8 19.8 27.9 736.1 0.00 0 0.0 28.3 24.1 24.4 3.624  -25.1   26.9    2.6  25    5.4   7 0 0 1 1 2 0 20.3 30.5 20.7 30.4 80.0 100 100 20 408 0 143 0 401 400 400 0 0 0 59 50 WAIT_ACK 302 
b.1 2025-07-08 19:12:08.608 a 2025-07-08-19:12:04 119 064 194 0.1 0.7 3.1 19.7 28.4 736.1 0.00 0 0.0 27.3 24.1 24.4 3.626  -23.9   26.8    2.3  25    5.3   7 0 0 2 1 2 0 20.3 30.6 20.7 30.5 80.0 100 100 20 408 0 143 0 402 401 400 0 0 0 60 50 WAIT_ACK 242 
b.1 2025-07-08 19:13:09.167 a 2025-07-08-19:13:04 164 088 179 0.1 1.0 3.1 19.7 28.3 736.1 0.00 0 0.0 28.7 24.1 24.4 3.626  -16.5   26.7    2.2  25    5.3   0 0 0 2 1 2 0 20.3 30.6 20.6 30.5 80.0 100 100 20 408 0 143 0 401 401 399 0 0 0 59 50 WAIT_ACK 600 
b.1 2025-07-08 19:14:09.989 a 2025-07-08-19:14:05 131 090 292 0.1 0.8 2.8 19.8 28.1 736.1 0.00 0 0.0 31.1 24.1 24.4 3.626  -18.0   26.6    2.2  26    5.4   0 0 0 2 1 2 0 20.3 30.6 20.6 30.5 80.0 100 100 20 408 0 143 0 402 401 400 0 0 0 59 50 WAIT_ACK 600 
b.1 2025-07-08 19:15:12.253 a 2025-07-08-19:15:07 233 181 315 0.1 0.5 1.4 20.0 28.6 736.1 0.00 0 0.0 33.5 24.1 24.4 3.627  -16.5   26.6    0.0  26    5.6   0 0 0 2 1 2 0 20.3 30.6 20.6 30.3 80.0 100 100 20 408 0 143 0 401 401 400 0 0 0 59 50 WAIT_ACK 600 
b.1 2025-07-08 19:16:12.086 a 2025-07-08-19:16:07 146 026 208 0.1 1.9 5.1 20.3 27.5 736.1 0.00 0 0.0 34.4 24.1 24.5 3.626  -23.3   26.8    2.4  26    5.7   0 0 0 2 1 2 0 20.3 30.6 20.6 30.3 80.0 100 100 20 408 0 143 0 401 402 399 0 0 0 59 50 WAIT_ACK 556 
b.1 2025-07-08 19:17:10.910 a 2025-07-08-19:17:06 119 078 149 0.1 1.1 2.6 20.3 28.0 736.1 0.00 0 0.0 33.5 24.1 24.4 3.626  -26.1   26.9    2.2  26    5.7   5 0 0 1 1 2 0 20.3 30.5 20.6 30.4 80.0 100 100 20 408 0 143 0 401 401 400 0 0 0 60 50 WAIT_ACK 497 
b.1 2025-07-08 19:18:11.447 a 2025-07-08-19:18:06 136 074 295 0.1 1.5 4.1 20.5 27.6 736.1 0.00 0 0.0 33.9 24.1 24.4 3.624  -23.4   27.0    2.2  26    5.7   0 0 0 2 1 2 0 20.3 30.6 20.6 30.3 80.0 100 100 20 408 0 143 0 401 401 399 0 0 0 59 50 WAIT_ACK 436 
b.1 2025-07-08 19:19:11.529 a 2025-07-08-19:19:06 084 079 212 0.2 1.7 3.8 20.4 27.4 736.1 0.00 0 0.0 34.8 24.1 24.4 3.624  -21.6   27.0    2.2  26    5.7   0 0 0 2 1 2 0 20.3 30.5 20.6 30.2 80.0 100 100 20 408 0 143 0 400 401 399 0 0 0 59 50 WAIT_ACK 376 
b.1 2025-07-08 19:20:15.568 a 2025-07-08-19:20:10 135 048 230 0.1 0.6 2.4 20.5 27.8 736.1 0.00 0 0.0 36.2 24.1 24.4 3.624  -22.4   27.1    0.0  26    5.8   0 0 0 2 1 2 0 20.3 30.5 20.6 30.5 80.0 100 100 20 408 0 143 0 401 402 400 0 0 0 59 50 WAIT_ACK 312 
b.1 2025-07-08 19:21:10.927 a 2025-07-08-19:21:06 120 028 270 0.1 1.0 2.6 20.6 26.8 736.1 0.00 0 0.0 36.9 24.1 24.4 3.626  -26.3   27.2    2.2  26    6.0   0 0 0 1 1 2 0 20.3 30.5 20.6 30.5 80.0 100 100 20 408 0 143 0 401 401 400 0 0 0 59 50 WAIT_ACK 257 
b.1 2025-07-08 19:22:11.428 a 2025-07-08-19:22:06 161 328 288 0.1 0.7 2.6 20.8 27.4 736.1 0.00 0 0.0 37.3 24.1 24.4 3.623  -25.4   27.4    0.0  26    6.0   0 0 0 1 1 2 0 20.3 30.5 20.6 30.4 80.0 100 100 20 408 0 143 0 401 402 399 0 0 0 60 50 WAIT_ACK 196 
b.1 2025-07-08 19:23:08.851 a 2025-07-08-19:23:04 112 035 121 0.1 0.6 3.0 21.1 27.0 736.1 0.00 0 0.0 37.8 24.1 24.4 3.632  -27.2   27.5    0.0  26    6.1   0 0 0 1 1 2 0 20.3 30.5 20.6 30.3 80.0 100 100 20 408 0 143 0 401 401 399 0 0 0 59 50 WAIT_ACK 139 
b.1 2025-07-08 19:24:12.832 a 2025-07-08-19:24:08 097 095 240 0.1 1.1 3.4 21.4 26.9 736.1 0.00 0 0.0 38.3 24.1 24.4 3.626  -30.3   27.7    2.2  26    6.3   0 0 0 1 1 2 0 20.3 30.6 20.6 30.4 80.0 100 100 20 408 0 143 0 401 401 400 0 0 0 59 50 WAIT_ACK 75 
b.1 2025-07-08 19:25:12.611 a 2025-07-08-19:25:07 135 095 287 0.0 0.8 2.4 21.6 25.9 736.1 0.00 0 0.0 38.9 24.1 24.4 3.632  -29.7   27.9    2.2  26    6.4   0 0 0 1 1 2 0 20.3 30.5 20.6 30.3 80.0 100 100 20 408 0 143 0 401 401 399 0 0 0 59 50 WAIT_ACK 15 
b.1 2025-07-08 19:26:11.493 a 2025-07-08-19:26:06 121 070 215 0.1 0.8 2.5 21.6 25.9 736.1 0.00 0 0.0 39.2 24.1 24.4 3.624  -28.9   28.0    0.0  26    6.5   0 0 0 1 1 2 0 20.3 30.5 20.6 30.3 80.0 100 100 20 408 0 143 0 401 401 399 0 0 0 59 50 WAIT_ACK 0 
b.1 2025-07-08 19:27:09.391 a 2025-07-08-19:27:04 144 053 306 0.1 1.7 3.3 21.9 25.9 736.1 0.00 0 0.0 39.1 24.1 24.4 3.624  -30.3   28.2    2.3  25    6.5   5 0 0 1 1 2 0 20.3 30.5 20.5 30.4 80.0 100 100 20 408 0 143 0 400 402 400 0 0 0 60 50 WAIT_ACK 0 
b.1 2025-07-08 19:28:11.230 a 2025-07-08-19:28:06 142 037 286 0.2 2.0 4.8 22.0 25.1 736.1 0.00 0 0.0 38.2 24.1 24.4 3.626  -32.2   28.4    2.5  25    6.4   5 0 0 1 1 2 0 20.3 30.4 20.5 30.4 80.0 100 100 20 408 0 143 0 401 401 400 0 0 0 59 50 WAIT_ACK 0 
b.1 2025-07-08 19:29:09.654 a 2025-07-08-19:29:04 216 136 333 0.2 1.0 2.8 21.8 25.4 736.1 0.00 0 0.0 38.3 24.1 24.4 3.626  -30.8   28.4    2.2  25    6.5   0 0 0 1 1 2 0 20.3 30.4 20.6 30.3 80.0 100 100 20 408 0 143 0 401 401 399 0 0 0 59 50 WAIT_ACK 0 
b.1 2025-07-08 19:30:14.190 a 2025-07-08-19:30:09 022 140 331 0.1 1.2 3.2 21.6 25.8 736.1 0.00 0 0.0 38.6 24.1 24.4 3.624  -29.6   28.6    2.2  25    6.7   0 0 0 1 1 2 0 20.3 30.4 20.6 30.3 80.0 100 100 20 408 0 143 0 401 401 400 0 0 0 59 50 WAIT_ACK 0 
b.1 2025-07-08 19:31:11.437 a 2025-07-08-19:31:06 093 039 174 0.1 1.6 4.0 21.7 25.3 736.1 0.00 0 0.0 38.5 24.1 24.4 3.626  -29.4   28.7    2.3  25    6.6   5 0 0 1 1 2 0 20.3 30.3 20.6 30.2 80.0 100 100 20 408 0 143 0 402 401 400 0 0 0 59 50 WAIT_ACK 0 
b.1 2025-07-08 19:32:11.552 a 2025-07-08-19:32:06 228 066 301 0.2 1.4 4.2 21.7 25.0 736.0 0.00 0 0.0 38.1 24.1 24.4 3.624  -28.8   28.8    2.2  24    6.5   0 0 0 1 1 2 0 20.3 30.3 20.6 30.1 80.0 100 100 20 408 0 143 0 401 401 399 0 0 0 60 50 WAIT_ACK 0 
b.1 2025-07-08 19:33:10.471 a 2025-07-08-19:33:05 167 061 254 0.1 1.6 4.9 21.6 25.1 736.0 0.00 0 0.0 37.7 24.1 24.4 3.626  -29.3   28.8    2.3  24    6.4   0 0 0 1 1 2 0 20.3 30.3 20.6 30.2 80.0 100 100 20 408 0 143 0 401 401 399 0 0 0 60 50 WAIT_ACK 0 
b.1 2025-07-08 19:34:10.457 a 2025-07-08-19:34:05 116 112 128 0.1 0.5 1.5 21.5 26.0 736.0 0.00 0 0.0 38.4 24.1 24.4 3.626  -28.5   28.8    0.0  24    6.5   0 0 0 1 1 2 0 20.3 30.2 20.5 30.2 80.0 100 100 20 408 0 143 0 401 401 399 0 0 0 59 50 WAIT_ACK 0 
b.1 2025-07-08 19:35:11.311 a 2025-07-08-19:35:06 116 145 174 0.1 0.8 3.4 21.6 25.9 736.1 0.00 0 0.0 39.0 24.1 24.4 3.626  -28.6   28.9    2.2  25    6.7   0 0 0 1 1 2 0 20.3 30.3 20.6 30.2 80.0 100 100 20 408 0 143 0 401 401 399 0 0 0 59 50 WAIT_ACK 0 
b.1 2025-07-08 19:36:11.576 a 2025-07-08-19:36:06 143 114 193 0.1 0.7 1.9 21.8 25.4 736.1 0.00 0 0.0 39.6 24.1 24.4 3.626  -24.7   29.0    0.0  25    6.7   0 0 0 2 1 2 0 20.3 30.2 20.6 30.1 80.0 100 100 20 408 0 143 0 401 401 400 0 0 0 59 50 WAIT_ACK 0 
b.1 2025-07-08 19:37:09.973 a 2025-07-08-19:37:05 125 053 188 0.1 1.9 4.8 22.1 24.5 736.1 0.00 0 0.0 38.4 24.1 24.4 3.624  -36.5   29.1    2.5  24    6.6   5 0 0 1 1 2 0 20.3 30.2 20.6 30.3 80.0 100 100 20 408 0 143 0 402 401 400 0 0 0 60 50 WAIT_ACK 0 
b.1 2025-07-08 19:38:11.036 a 2025-07-08-19:38:06 139 059 218 0.1 0.8 3.6 21.9 25.1 736.1 0.00 0 0.0 37.3 24.1 24.4 3.624  -24.9   29.1    2.2  24    6.4   0 0 0 2 1 2 0 20.3 30.2 20.6 30.2 80.0 100 100 20 408 0 143 0 401 401 399 0 0 0 59 50 WAIT_ACK 0 
b.1 2025-07-08 19:39:10.555 a 2025-07-08-19:39:05 012 015 258 0.1 0.7 2.8 21.8 25.0 736.1 0.00 0 0.0 38.0 24.1 24.4 3.632  -23.8   29.0    0.0  24    6.3   0 0 0 2 1 2 0 20.3 30.2 20.6 30.2 80.0 100 100 20 408 0 143 0 401 401 400 0 0 0 59 50 WAIT_ACK 0 
b.1 2025-07-08 19:40:13.331 a 2025-07-08-19:40:08 116 343 244 0.1 1.2 4.6 21.7 25.3 736.2 0.00 0 0.0 38.8 24.1 24.4 3.626  -26.1   29.0    2.2  24    6.5   0 0 0 1 1 2 0 20.3 30.2 20.6 30.1 80.0 100 100 20 408 0 143 0 402 401 400 0 0 0 60 50 WAIT_ACK 0 
b.1 2025-07-08 19:41:11.073 a 2025-07-08-19:41:06 258 026 319 0.1 1.0 3.4 21.7 25.6 736.2 0.00 0 0.0 38.3 24.1 24.4 3.624  -29.8   29.1    0.0  24    6.4   0 0 0 1 1 2 0 20.3 30.2 20.5 30.1 80.0 100 100 20 408 0 143 0 401 401 400 0 0 0 60 50 WAIT_ACK 0 
b.1 2025-07-08 19:42:11.253 a 2025-07-08-19:42:06 141 034 156 0.1 0.8 2.7 21.7 25.2 736.2 0.00 0 0.0 38.4 24.1 24.4 3.626  -26.4   29.1    2.2  24    6.4   0 0 0 1 1 2 0 20.3 30.2 20.6 30.2 80.0 100 100 20 408 0 144 0 401 401 400 0 0 0 60 50 WAIT_ACK 0 
b.1 2025-07-08 19:43:11.276 a 2025-07-08-19:43:06 117 029 136 0.1 0.8 3.5 21.7 25.2 736.2 0.00 0 0.0 37.9 24.1 24.4 3.624  -36.3   29.0    2.1  24    6.3   5 0 0 1 1 2 0 20.3 30.2 20.6 30.1 80.0 100 100 20 408 0 144 0 401 401 399 0 0 0 59 50 WAIT_ACK 0 
b.1 2025-07-08 19:44:10.378 a 2025-07-08-19:44:05 234 214 264 0.0 1.1 4.0 21.6 25.1 736.2 0.00 0 0.0 36.8 24.1 24.4 3.624  -31.0   29.0    2.1  24    6.3   5 0 0 1 1 2 0 20.4 30.2 20.6 29.9 80.0 100 100 20 408 0 144 0 401 401 399 0 0 0 59 50 WAIT_ACK 0 
b.1 2025-07-08 19:45:11.338 a 2025-07-08-19:45:06 104 099 261 0.1 1.0 4.3 21.6 25.4 736.2 0.00 0 0.0 37.3 24.1 24.4 3.624  -31.3   28.9    0.0  24    6.3   0 0 0 1 1 2 0 20.4 30.2 20.6 30.1 80.0 100 100 20 408 0 143 0 401 401 400 0 0 0 59 50 WAIT_ACK 0 
b.1 2025-07-08 19:46:10.121 a 2025-07-08-19:46:05 122 124 171 0.1 0.5 1.7 21.6 25.5 736.2 0.00 0 0.0 38.4 24.1 24.4 3.626  -28.9   28.9    0.0  24    6.2   0 0 0 1 1 2 0 20.4 30.0 20.6 30.1 80.0 100 100 20 408 0 143 0 401 401 400 0 0 0 59 50 WAIT_ACK 0 
b.1 2025-07-08 19:47:09.677 a 2025-07-08-19:47:04 109 045 223 0.1 1.0 4.6 21.8 25.0 736.2 0.00 0 0.0 39.0 24.1 24.4 3.626  -32.5   28.9    2.2  24    6.3   0 0 0 1 1 2 0 20.4 30.0 20.6 30.2 80.0 100 100 20 408 0 143 0 401 401 400 0 0 0 59 50 WAIT_ACK 0 
b.1 2025-07-08 19:48:10.095 a 2025-07-08-19:48:05 133 358 236 0.1 1.7 4.1 21.6 25.1 736.2 0.00 0 0.0 38.0 24.1 24.4 3.624  -28.4   28.9    2.3  24    6.2   0 0 0 1 1 2 0 20.4 30.0 20.6 29.9 80.0 100 100 20 408 0 143 0 401 401 400 0 0 0 60 50 WAIT_ACK 0 
b.1 2025-07-08 19:49:09.095 a 2025-07-08-19:49:04 102 064 193 0.1 0.8 2.7 21.3 25.7 736.1 0.00 0 0.0 38.6 24.1 24.4 3.624  -27.2   28.9    0.0  24    6.2   0 0 0 1 1 2 0 20.4 30.0 20.6 30.1 80.0 100 100 20 408 0 143 0 400 401 399 0 0 0 60 50 WAIT_ACK 0 
b.1 2025-07-08 19:50:10.796 a 2025-07-08-19:50:06 164 020 310 0.1 0.7 1.9 21.3 25.8 736.2 0.00 0 0.0 39.4 24.1 24.4 3.624  -32.1   28.9    0.0  24    6.2   0 0 0 1 1 2 0 20.4 30.0 20.6 30.1 80.0 100 100 20 408 0 143 0 401 401 400 0 0 0 60 50 WAIT_ACK 0 
b.1 2025-07-08 19:51:07.901 a 2025-07-08-19:51:03 241 024 352 0.1 0.9 2.4 21.4 25.7 736.2 0.00 0 0.0 39.5 24.2 24.4 3.626  -31.0   28.9    0.0  24    6.2   0 0 0 1 1 2 0 20.4 30.0 20.6 30.1 80.0 100 100 20 408 0 143 0 401 401 399 0 0 0 59 50 WAIT_ACK 0 
b.1 2025-07-08 19:52:12.115 a 2025-07-08-19:52:07 088 017 231 0.3 1.5 3.3 21.5 25.4 736.2 0.00 0 0.0 38.8 24.1 24.4 3.626  -28.1   28.9    2.2  24    6.3   0 0 0 1 1 2 0 20.4 30.0 20.6 30.0 80.0 100 100 20 408 0 143 0 401 401 399 0 0 0 59 50 WAIT_ACK 0 
b.1 2025-07-08 19:53:09.355 a 2025-07-08-19:53:04 109 022 356 0.0 1.0 3.7 21.6 25.5 736.2 0.00 0 0.0 39.1 24.1 24.4 3.624  -27.2   29.0    0.0  24    6.3   0 0 0 1 1 2 0 20.4 30.0 20.6 30.0 80.0 100 100 20 408 0 143 0 401 401 399 0 0 0 60 50 WAIT_ACK 0 
b.1 2025-07-08 19:54:10.596 a 2025-07-08-19:54:05 189 037 259 0.1 1.7 3.9 21.6 24.8 736.2 0.00 0 0.0 39.2 24.1 24.4 3.626  -30.5   29.0    2.6  24    6.3   0 0 0 1 1 2 0 20.4 29.9 20.6 30.1 80.0 100 100 20 408 0 143 0 401 401 399 0 0 0 59 50 WAIT_ACK 0 
b.1 2025-07-08 19:55:12.540 a 2025-07-08-19:55:07 109 058 327 0.6 2.5 4.6 21.3 25.3 736.2 0.00 0 0.0 38.4 24.1 24.4 3.628  -30.4   29.0    3.3  24    6.2   5 0 0 1 1 2 0 20.4 30.0 20.6 30.0 80.0 100 100 20 408 0 143 0 401 401 399 0 0 0 59 50 WAIT_ACK 0 
b.1 2025-07-08 19:56:10.756 a 2025-07-08-19:56:06 106 055 270 0.2 2.2 4.1 20.9 26.1 736.1 0.00 0 0.0 37.9 24.1 24.4 3.633  -32.9   29.0    3.4  24    6.1   5 0 0 1 1 2 0 20.4 29.9 20.6 29.9 80.0 100 100 20 408 0 143 0 402 401 400 0 0 0 60 50 WAIT_ACK 0 
b.1 2025-07-08 19:57:08.601 a 2025-07-08-19:57:03 017 158 103 0.0 0.7 2.8 20.9 26.1 736.1 0.00 0 0.0 36.7 24.1 24.4 3.624  -34.9   28.9    2.3  24    6.0   5 0 0 1 1 2 0 20.4 29.9 20.6 30.0 80.0 100 100 20 408 0 143 0 401 401 399 0 0 0 60 50 WAIT_ACK 0 
b.1 2025-07-08 19:58:10.581 a 2025-07-08-19:58:05 258 131 307 0.0 0.5 1.4 20.8 26.4 736.1 0.00 0 0.0 36.0 24.1 24.4 3.628  -30.5   28.8    0.0  24    6.1   0 0 0 1 1 2 0 20.4 29.9 20.6 30.0 80.0 100 100 20 408 0 143 0 400 402 399 0 0 0 60 50 WAIT_ACK 0 
b.1 2025-07-08 19:59:08.721 a 2025-07-08-19:59:03 304 010 343 0.1 0.8 2.5 21.1 26.4 736.1 0.00 0 0.0 36.9 24.1 24.4 3.624  -30.9   28.7    2.1  24    6.1   0 0 0 1 1 2 0 20.4 29.9 20.6 30.0 80.0 100 100 20 408 0 143 0 401 401 399 0 0 0 60 50 WAIT_ACK 0 
b.1 2025-07-08 20:00:12.459 a 2025-07-08-20:00:07 213 178 311 0.1 0.6 2.4 21.4 26.0 736.1 0.00 0 0.0 37.9 24.1 24.4 3.624  -29.7   28.7    0.0  24    6.2   0 0 0 1 1 2 0 20.4 29.9 20.6 30.0 80.0 100 100 20 408 0 143 0 400 401 399 0 0 0 60 50 WAIT_ACK 0 
b.1 2025-07-08 20:01:09.601 a 2025-07-08-20:01:04 008 345 341 0.0 0.7 2.2 21.7 25.3 736.1 0.00 0 0.0 38.4 24.1 24.4 3.626  -29.1   28.8    0.0  24    6.4   0 0 0 1 1 2 0 20.4 29.9 20.6 29.9 80.0 100 100 20 408 0 143 0 401 401 399 0 0 0 59 50 WAIT_ACK 0 
b.1 2025-07-08 20:02:12.263 a 2025-07-08-20:02:07 183 063 276 0.0 0.3 1.0 21.9 25.4 736.1 0.00 0 0.0 39.5 24.1 24.4 3.624  -29.4   28.9    0.0  24    6.4   0 0 0 1 1 2 0 20.4 29.9 20.6 30.0 80.0 100 100 20 408 0 143 0 402 401 400 0 0 0 59 50 WAIT_ACK 0 
b.1 2025-07-08 20:03:09.325 a 2025-07-08-20:03:04 169 090 252 0.1 0.8 2.4 22.2 24.9 736.1 0.00 0 0.0 40.2 24.1 24.4 3.624  -30.6   29.0    2.2  24    6.5   0 0 0 1 1 2 0 20.4 29.9 20.6 30.0 80.0 100 100 20 408 0 143 0 401 401 400 0 0 0 60 50 WAIT_ACK 0 
b.1 2025-07-08 20:04:10.898 a 2025-07-08-20:04:06 281 080 319 0.1 0.9 2.7 22.4 24.7 736.1 0.00 0 0.0 40.5 24.1 24.4 3.624  -30.2   29.1    0.0  24    6.5   0 0 0 1 1 2 0 20.5 29.9 20.6 30.1 80.0 100 100 20 408 0 143 0 401 401 400 0 0 0 59 50 WAIT_ACK 0 
b.1 2025-07-08 20:05:10.759 a 2025-07-08-20:05:06 277 102 329 0.1 0.8 2.7 22.6 24.5 736.1 0.00 0 0.0 41.0 24.1 24.4 3.624  -32.3   29.2    2.2  24    6.4   0 0 0 1 1 2 0 20.5 30.0 20.6 30.0 80.0 100 100 20 408 0 143 0 401 401 399 0 0 0 60 50 WAIT_ACK 0 
b.1 2025-07-08 20:06:11.802 a 2025-07-08-20:06:07 053 026 108 0.1 0.5 1.9 22.7 24.5 736.1 0.00 0 0.0 41.3 24.1 24.4 3.626  -29.5   29.3    0.0  24    6.4   0 0 0 1 1 2 0 20.5 29.9 20.6 30.0 80.0 100 100 20 408 0 143 0 402 401 400 0 0 0 60 50 WAIT_ACK 0 
b.1 2025-07-08 20:07:08.444 a 2025-07-08-20:07:03 141 053 182 0.1 0.5 1.7 22.8 24.1 736.1 0.00 0 0.0 41.8 24.1 24.4 3.626  -29.9   29.3    0.0  24    6.4   0 0 0 1 1 2 0 20.5 29.9 20.6 30.0 80.0 100 100 20 408 0 143 0 401 401 400 0 0 0 60 50 WAIT_ACK 0 
b.1 2025-07-08 20:08:09.262 a 2025-07-08-20:08:04 277 272 296 0.1 1.0 3.1 23.1 24.1 736.1 0.00 0 0.0 41.8 24.1 24.4 3.624  -31.8   29.4    2.2  24    6.5   5 0 0 1 1 2 0 20.5 29.9 20.6 30.0 80.0 100 100 20 408 0 143 0 401 401 399 0 0 0 60 50 WAIT_ACK 0 
b.1 2025-07-08 20:09:08.220 a 2025-07-08-20:09:03 270 219 300 0.1 0.7 2.7 23.2 23.7 736.1 0.00 0 0.0 42.0 24.1 24.4 3.626  -31.6   29.5    0.0  24    6.5   0 0 0 1 1 2 0 20.5 29.9 20.6 30.0 80.0 100 100 20 408 0 143 0 400 401 399 0 0 0 60 50 WAIT_ACK 0 
b.1 2025-07-08 20:10:10.723 a 2025-07-08-20:10:06 169 122 234 0.1 0.4 1.1 23.3 23.5 736.1 0.00 0 0.0 42.9 24.1 24.4 3.626  -30.5   29.5    0.0  24    6.5   0 0 0 1 1 2 0 20.5 29.9 20.6 29.9 80.0 100 100 20 408 0 143 0 401 401 399 0 0 0 60 50 WAIT_ACK 0 
b.1 2025-07-08 20:11:10.144 a 2025-07-08-20:11:05 110 034 112 0.1 0.9 2.8 23.4 23.4 736.1 0.00 0 0.0 42.7 24.1 24.4 3.624  -32.2   29.6    0.0  24    6.6   0 0 0 1 1 2 0 20.5 29.9 20.6 30.0 80.0 100 100 20 408 0 143 0 401 402 400 0 0 0 60 50 WAIT_ACK 0 
b.1 2025-07-08 20:12:11.980 a 2025-07-08-20:12:07 162 326 293 0.2 0.9 2.4 23.3 23.1 736.1 0.00 0 0.0 42.6 24.1 24.4 3.626  -31.3   29.6    0.0  23    6.6   0 0 0 1 1 2 0 20.5 29.9 20.7 30.0 80.0 100 100 20 408 0 143 0 401 401 400 0 0 0 59 50 WAIT_ACK 0 
b.1 2025-07-08 20:13:08.444 a 2025-07-08-20:13:03 100 135 195 0.1 0.6 1.3 23.2 23.4 736.1 0.00 0 0.0 42.9 24.1 24.4 3.626  -30.9   29.7    0.0  24    6.7   0 0 0 1 1 2 0 20.5 29.9 20.7 30.0 80.0 100 100 20 408 0 143 0 401 401 400 0 0 0 59 50 WAIT_ACK 0 
b.1 2025-07-08 20:14:10.142 a 2025-07-08-20:14:05 216 240 253 0.1 0.8 1.9 23.2 23.5 736.1 0.00 0 0.0 42.9 24.1 24.4 3.632  -31.5   29.8    0.0  24    6.8   0 0 0 1 1 2 0 20.5 29.9 20.7 30.1 80.0 100 100 20 408 0 143 0 401 401 399 0 0 0 60 50 WAIT_ACK 0 
b.1 2025-07-08 20:15:12.604 a 2025-07-08-20:15:07 117 319 212 0.1 0.7 2.3 23.2 23.6 736.1 0.00 0 0.0 43.0 24.2 24.4 3.624  -30.6   29.9    0.0  23    6.8   0 0 0 1 1 2 0 20.5 29.9 20.7 30.0 80.0 100 100 20 408 0 143 0 401 401 399 0 0 0 60 50 WAIT_ACK 0 
b.1 2025-07-08 20:16:11.282 a 2025-07-08-20:16:06 101 120 135 0.1 1.1 5.7 23.2 23.9 736.1 0.00 0 0.0 43.2 24.1 24.4 3.624  -34.4   29.9    2.3  23    6.9   5 0 0 1 1 2 0 20.5 30.0 20.7 30.0 80.0 100 100 20 408 0 143 0 401 401 400 0 0 0 60 50 WAIT_ACK 0 
b.1 2025-07-08 20:17:10.065 a 2025-07-08-20:17:05 189 189 217 0.1 0.8 3.9 23.0 23.9 736.1 0.00 0 0.0 42.7 24.1 24.4 3.632  -30.7   30.0    0.0  23    6.7   0 0 0 1 1 2 0 20.5 29.9 20.7 30.0 80.0 100 100 20 408 0 143 0 401 400 400 0 0 0 59 50 WAIT_ACK 0 
b.1 2025-07-08 20:18:12.543 a 2025-07-08-20:18:07 118 020 292 0.1 0.4 2.2 22.8 24.6 736.1 0.00 0 0.0 43.6 24.1 24.4 3.624  -29.6   30.0    0.0  23    6.8   0 0 0 1 1 2 0 20.6 30.0 20.7 30.0 80.0 100 100 20 408 0 143 0 401 401 400 0 0 0 59 50 WAIT_ACK 0 
b.1 2025-07-08 20:19:10.723 a 2025-07-08-20:19:05 110 124 180 0.1 0.5 1.9 23.0 24.0 736.1 0.00 0 0.0 43.9 24.1 24.4 3.626  -30.6   30.0    0.0  23    6.8   0 0 0 1 1 2 0 20.6 30.0 20.7 30.0 80.0 100 100 20 408 0 144 0 401 401 399 0 0 0 59 50 WAIT_ACK 0 
b.1 2025-07-08 20:20:13.124 a 2025-07-08-20:20:08 076 327 237 0.2 1.4 3.3 23.1 23.4 736.1 0.00 0 0.0 43.4 24.1 24.4 3.631  -31.9   30.0    2.2  23    6.9   0 0 0 1 1 2 0 20.6 29.9 20.7 30.0 80.0 100 100 20 408 0 144 0 401 401 399 0 0 0 60 50 WAIT_ACK 0 
b.1 2025-07-08 20:21:11.424 a 2025-07-08-20:21:06 294 276 328 0.1 1.1 3.8 23.0 24.0 736.1 0.00 0 0.0 42.9 24.1 24.4 3.624  -30.5   30.1    0.0  23    6.9   0 0 0 1 1 2 0 20.6 30.0 20.7 30.0 80.0 100 100 20 408 0 144 0 400 401 399 0 0 0 60 50 WAIT_ACK 0 
b.1 2025-07-08 20:22:10.624 a 2025-07-08-20:22:05 133 061 315 0.1 2.1 5.5 22.7 23.8 736.1 0.00 0 0.0 42.0 24.1 24.4 3.624  -32.3   30.2    2.6  23    6.7   5 0 0 1 1 2 0 20.6 29.9 20.7 30.0 80.0 100 100 20 408 0 144 0 401 401 399 0 0 0 60 50 WAIT_ACK 0 
b.1 2025-07-08 20:23:08.884 a 2025-07-08-20:23:04 163 078 288 0.1 0.8 2.2 22.1 24.9 736.1 0.00 0 0.0 41.6 24.1 24.4 3.623  -31.6   30.2    2.2  23    6.8   0 0 0 1 1 2 0 20.6 29.9 20.7 30.0 80.0 100 100 20 408 0 143 0 401 401 399 0 0 0 59 50 WAIT_ACK 0 
b.1 2025-07-08 20:24:08.928 a 2025-07-08-20:24:04 170 006 230 0.2 1.4 4.1 21.9 24.9 736.1 0.00 0 0.0 41.0 24.1 24.4 3.623  -32.5   30.1    2.3  23    6.7   5 0 0 1 1 2 0 20.6 29.9 20.7 29.9 80.0 100 100 20 408 0 144 0 401 401 399 0 0 0 59 50 WAIT_ACK 0 
b.1 2025-07-08 20:25:12.483 a 2025-07-08-20:25:07 065 060 076 0.1 0.9 3.7 21.7 25.5 736.1 0.00 0 0.0 40.7 24.1 24.4 3.626  -30.2   30.1    0.0  23    6.6   0 0 0 1 1 2 0 20.6 29.9 20.7 30.0 80.0 100 100 20 408 0 144 0 401 402 400 0 0 0 60 50 WAIT_ACK 0 
b.1 2025-07-08 20:26:10.848 a 2025-07-08-20:26:06 014 343 095 0.1 0.6 2.8 21.8 25.5 736.1 0.00 0 0.0 41.5 24.2 24.4 3.626  -33.3   30.0    2.1  23    6.7   0 0 0 1 1 2 0 20.6 29.9 20.7 30.0 80.0 100 100 20 408 0 143 0 401 401 399 0 0 0 59 50 WAIT_ACK 0 
b.1 2025-07-08 20:27:10.266 a 2025-07-08-20:27:05 115 031 192 0.0 0.8 2.7 21.9 25.3 736.1 0.00 0 0.0 42.0 24.1 24.4 3.632  -32.0   30.0    2.1  23    6.7   0 0 0 1 1 2 0 20.6 29.9 20.7 29.9 80.0 100 100 20 408 0 144 0 401 401 400 0 0 0 60 50 WAIT_ACK 0 
b.1 2025-07-08 20:28:09.184 a 2025-07-08-20:28:04 173 129 221 0.1 0.9 3.7 21.9 25.3 736.1 0.00 0 0.0 42.0 24.1 24.4 3.626  -34.3   30.0    2.1  23    6.7   5 0 0 1 1 2 0 20.6 30.0 20.7 30.0 80.0 100 100 20 408 0 143 0 401 401 400 0 0 0 60 50 WAIT_ACK 0 
b.1 2025-07-08 20:29:07.589 a 2025-07-08-20:29:02 233 083 352 0.2 1.9 4.3 22.2 25.2 736.0 0.00 0 0.0 40.8 24.1 24.4 3.623  -31.6   30.0    2.3  23    6.6   0 0 0 1 1 2 0 20.6 30.0 20.8 30.0 80.0 100 100 20 408 0 143 0 401 401 399 0 0 0 60 50 WAIT_ACK 0 
b.1 2025-07-08 20:30:09.846 a 2025-07-08-20:30:05 113 019 175 0.1 1.2 3.5 22.3 24.9 736.1 0.00 0 0.0 40.4 24.1 24.4 3.632  -35.1   29.9    2.2  23    6.6   0 0 0 1 1 2 0 20.6 30.0 20.8 30.0 80.0 100 100 20 408 0 143 0 401 401 399 0 0 0 60 50 WAIT_ACK 0 
b.1 2025-07-08 20:31:08.006 a 2025-07-08-20:31:03 168 083 241 0.0 1.1 3.5 22.4 24.9 736.0 0.00 0 0.0 40.6 24.1 24.4 3.624  -31.9   29.9    0.0  23    6.6   0 0 0 1 1 2 0 20.6 30.0 20.8 30.0 80.0 100 100 20 408 0 143 0 402 401 400 0 0 0 60 50 WAIT_ACK 0 
b.1 2025-07-08 20:32:08.726 a 2025-07-08-20:32:04 090 175 119 0.1 0.6 1.7 22.4 25.3 736.0 0.00 0 0.0 41.2 24.1 24.4 3.624  -30.9   29.9    2.1  23    6.7   0 0 0 1 1 2 0 20.6 30.2 20.8 30.1 80.0 100 100 20 408 0 143 0 401 401 399 0 0 0 59 50 WAIT_ACK 0 
b.1 2025-07-08 20:33:08.148 a 2025-07-08-20:33:03 032 042 190 0.1 0.7 3.6 22.6 25.2 736.1 0.00 0 0.0 41.6 24.1 24.4 3.623  -31.1   29.9    2.2  23    6.8   0 0 0 1 1 2 0 20.7 30.4 20.8 30.2 80.0 100 100 20 408 0 143 0 401 401 400 0 0 0 59 50 WAIT_ACK 0 
b.1 2025-07-08 20:34:10.693 a 2025-07-08-20:34:06 009 270 298 0.1 0.9 4.1 22.8 25.1 736.1 0.00 0 0.0 41.3 24.1 24.4 3.624  -31.7   30.0    0.0  24    6.9   0 0 0 1 1 2 0 20.7 30.7 20.8 30.2 80.0 100 100 20 408 0 143 0 401 401 400 0 0 0 59 50 WAIT_ACK 0 
b.1 2025-07-08 20:35:08.305 a 2025-07-08-20:35:03 299 175 355 0.1 1.1 2.5 22.9 25.7 736.1 0.00 0 0.0 41.1 24.1 24.4 3.624  -29.6   30.0    2.1  24    7.1   0 0 0 1 1 2 0 20.7 30.9 20.8 30.3 80.0 100 100 20 408 0 144 0 401 402 399 0 0 0 60 50 WAIT_ACK 0 
b.1 2025-07-08 20:36:10.792 a 2025-07-08-20:36:06 115 031 296 0.3 2.6 5.6 22.9 26.1 736.1 0.00 0 0.0 39.6 24.1 24.4 3.627  -34.7   30.1    2.7  24    7.2   5 0 0 1 1 2 0 20.7 31.1 20.8 30.4 80.0 100 100 20 408 0 144 0 401 401 400 0 0 0 60 50 WAIT_ACK 0 
b.1 2025-07-08 20:37:09.088 a 2025-07-08-20:37:04 222 085 317 0.3 1.8 7.4 22.4 27.5 736.0 0.00 0 0.0 39.1 24.1 24.4 3.626  -38.9   30.0    2.7  24    7.2   5 0 0 1 1 2 0 20.7 31.3 20.8 30.8 80.0 100 100 20 408 0 144 0 402 401 400 0 0 0 60 50 WAIT_ACK 0 
b.1 2025-07-08 20:38:08.193 a 2025-07-08-20:38:03 135 047 233 0.1 2.5 7.4 21.7 30.3 736.0 0.00 0 0.0 37.3 24.1 24.4 3.626  -38.5   29.9    3.0  24    7.4   5 0 0 1 1 2 0 20.7 31.6 20.8 32.2 80.0 100 100 20 408 0 144 0 401 401 399 0 0 0 60 50 WAIT_ACK 0 
b.1 2025-07-08 20:39:09.328 a 2025-07-08-20:39:04 184 060 296 0.1 1.2 3.6 21.1 31.2 736.0 0.00 0 0.0 37.2 24.1 24.4 3.624  -32.1   29.7    2.5  25    7.6   0 0 0 1 1 2 0 20.7 32.4 20.8 30.9 80.0 100 100 20 408 0 144 0 400 402 399 0 0 0 60 50 WAIT_ACK 0 
b.1 2025-07-08 20:40:11.312 a 2025-07-08-20:40:06 223 061 356 0.1 0.6 2.0 20.9 33.0 736.0 0.00 0 0.0 38.0 24.1 24.4 3.624  -30.9   29.5    0.0  25    7.6   0 0 0 1 1 2 0 20.7 33.4 20.8 33.7 80.0 100 100 20 408 0 144 0 401 401 399 0 0 0 60 50 WAIT_ACK 0 
b.1 2025-07-08 20:41:08.969 a 2025-07-08-20:41:04 062 042 100 0.1 0.6 1.9 21.1 32.3 736.0 0.00 0 0.0 39.0 24.1 24.4 3.624  -30.3   29.4    2.2  26    7.8   0 0 0 1 1 2 0 20.7 33.8 20.8 32.1 80.0 100 100 20 408 0 143 0 401 401 399 0 0 0 60 50 WAIT_ACK 0 
b.1 2025-07-08 20:42:11.232 a 2025-07-08-20:42:06 216 079 357 0.1 0.8 3.4 21.5 33.4 736.0 0.00 0 0.0 39.6 24.1 24.4 3.626  -31.2   29.3    2.2  26    8.0   0 0 0 1 1 2 0 20.7 34.2 20.8 33.8 80.0 100 100 20 408 0 143 0 401 401 399 0 0 0 59 50 WAIT_ACK 0 
b.1 2025-07-08 20:43:10.532 a 2025-07-08-20:43:05 116 119 145 0.1 0.7 2.6 21.8 32.8 736.0 0.00 0 0.0 40.0 24.1 24.4 3.624  -30.8   29.4    0.0  27    8.3   0 0 0 1 1 2 0 20.7 34.4 20.8 33.8 80.0 100 100 20 408 0 143 0 402 401 399 0 0 0 60 50 WAIT_ACK 0 
b.1 2025-07-08 20:44:12.911 a 2025-07-08-20:44:08 176 073 322 0.1 1.4 4.0 22.0 32.4 735.9 0.00 0 0.0 39.7 24.1 24.4 3.624  -29.9   29.4    2.2  27    8.4   0 0 0 1 1 2 0 20.7 34.7 20.8 32.4 80.0 100 100 20 408 0 143 0 401 401 400 0 0 0 60 50 WAIT_ACK 0 
b.1 2025-07-08 20:45:10.392 a 2025-07-08-20:45:05 101 067 203 0.1 0.8 2.5 22.0 32.4 736.0 0.00 0 0.0 39.8 24.1 24.4 3.626  -30.3   29.4    0.0  27    8.4   0 0 0 1 1 2 0 20.7 34.8 20.8 33.0 80.0 100 100 20 408 0 143 0 401 401 399 0 0 0 60 50 WAIT_ACK 0 
b.1 2025-07-08 20:46:09.914 a 2025-07-08-20:46:05 185 150 258 0.1 0.7 2.2 22.0 32.4 736.0 0.00 0 0.0 39.8 24.2 24.4 3.626  -30.3   29.4    0.0  27    8.4   0 0 0 1 1 2 0 20.7 34.7 20.8 33.1 80.0 100 100 20 408 0 143 0 401 401 400 0 0 0 60 50 WAIT_ACK 0 
b.1 2025-07-08 20:47:09.374 a 2025-07-08-20:47:04 248 122 329 0.0 1.0 5.2 22.1 31.9 736.0 0.00 0 0.0 40.0 24.1 24.4 3.624  -31.2   29.4    0.0  27    8.6   0 0 0 1 1 2 0 20.7 34.7 20.8 33.3 80.0 100 100 20 408 0 143 0 402 401 400 0 0 0 59 50 WAIT_ACK 0 
b.1 2025-07-08 20:48:08.157 a 2025-07-08-20:48:03 081 097 150 0.1 0.8 3.1 22.2 31.9 736.0 0.00 0 0.0 40.2 24.1 24.4 3.626  -30.4   29.5    0.0  27    8.6   0 0 0 1 1 2 0 20.7 34.8 20.8 33.2 80.0 100 100 20 408 0 143 0 401 401 400 0 0 0 60 50 WAIT_ACK 0 
b.1 2025-07-08 20:49:07.713 a 2025-07-08-20:49:02 129 168 136 0.1 0.7 2.5 22.3 31.3 736.0 0.00 0 0.0 40.7 24.1 24.4 3.633  -32.8   29.5    2.1  27    8.6   5 0 0 1 1 2 0 20.7 34.6 20.8 33.5 80.0 100 100 20 408 0 143 0 402 401 400 0 0 0 60 50 WAIT_ACK 0 
b.1 2025-07-08 20:50:11.552 a 2025-07-08-20:50:06 149 036 256 0.1 1.2 4.5 22.4 30.4 736.0 0.00 0 0.0 40.1 24.1 24.4 3.626  -31.9   29.5    2.2  27    8.6   5 0 0 1 1 2 0 20.7 34.6 20.8 33.5 80.0 100 100 20 408 0 143 0 401 401 400 0 0 0 60 50 WAIT_ACK 0 
b.1 2025-07-08 20:51:11.496 a 2025-07-08-20:51:06 239 025 329 0.1 0.7 2.5 22.4 30.6 736.0 0.00 0 0.0 40.2 24.1 24.4 3.624  -30.6   29.6    0.0  27    8.5   0 0 0 1 1 2 0 20.7 34.5 20.8 34.0 80.0 100 100 20 408 0 143 0 401 401 400 0 0 0 60 50 WAIT_ACK 0 
b.1 2025-07-08 20:52:10.456 a 2025-07-08-20:52:05 116 082 256 0.1 1.0 2.9 22.4 31.1 736.0 0.00 0 0.0 40.4 24.1 24.4 3.632  -32.0   29.5    2.2  27    8.5   5 0 0 1 1 2 0 20.7 34.8 20.8 33.8 80.0 100 100 20 408 0 143 0 401 401 400 0 0 0 60 50 WAIT_ACK 0 
b.1 2025-07-08 20:53:09.796 a 2025-07-08-20:53:05 202 017 345 0.1 1.8 4.8 22.3 31.9 736.0 0.00 0 0.0 39.6 24.1 24.4 3.624  -33.5   29.5    2.3  27    8.6   5 0 0 1 1 2 0 20.7 34.9 20.8 34.0 80.0 100 100 20 408 0 143 0 401 401 400 0 0 0 60 50 WAIT_ACK 0 
b.1 2025-07-08 20:54:12.052 a 2025-07-08-20:54:07 112 081 253 0.1 1.3 4.3 21.9 32.7 735.9 0.00 0 0.0 39.1 24.1 24.4 3.623  -34.6   29.5    2.3  27    8.7   5 0 0 1 1 2 0 20.7 35.3 20.8 35.0 80.0 100 100 20 408 0 143 0 401 401 400 0 0 0 59 50 WAIT_ACK 0 
b.1 2025-07-08 20:55:14.872 a 2025-07-08-20:55:10 130 055 287 0.2 2.1 5.0 21.5 34.9 736.0 0.00 0 0.0 37.9 24.1 24.4 3.632  -34.6   29.4    2.6  28    8.8   5 0 0 1 1 2 0 20.7 35.7 20.8 35.1 80.0 100 100 20 408 0 143 0 401 401 399 0 0 0 59 50 WAIT_ACK 0 
b.1 2025-07-08 20:56:10.211 a 2025-07-08-20:56:05 157 110 221 0.1 1.2 4.0 21.2 34.8 735.9 0.00 0 0.0 38.3 24.1 24.4 3.624  -31.1   29.2    2.3  28    8.8   0 0 0 1 1 2 0 20.7 36.2 20.8 35.4 80.0 100 100 20 408 0 144 0 401 401 399 0 0 0 59 50 WAIT_ACK 0 
b.1 2025-07-08 20:57:09.256 a 2025-07-08-20:57:04 293 165 344 0.0 0.9 2.6 21.3 34.6 736.0 0.00 0 0.0 38.9 24.1 24.4 3.626  -29.3   29.2    0.0  28    8.7   0 0 0 1 1 2 0 20.7 35.7 20.8 34.8 80.0 100 100 20 408 0 144 0 401 401 400 0 0 0 60 50 WAIT_ACK 0 
b.1 2025-07-08 20:58:09.976 a 2025-07-08-20:58:05 080 010 322 0.0 0.5 1.9 21.7 34.2 736.0 0.00 0 0.0 39.9 24.1 24.4 3.623  -29.4   29.1    2.1  28    8.8   0 0 0 1 1 2 0 20.7 36.0 20.8 35.5 80.0 100 100 20 408 0 144 0 401 401 399 0 0 0 60 50 WAIT_ACK 0 
b.1 2025-07-08 20:59:08.757 a 2025-07-08-20:59:04 051 233 283 0.0 0.7 2.6 21.7 34.2 736.0 0.00 0 0.0 40.7 24.1 24.4 3.631  -30.8   29.2    2.1  29    9.1   0 0 0 1 1 2 0 20.7 36.8 20.8 36.5 80.0 100 100 20 408 0 144 0 401 401 399 0 0 0 60 50 WAIT_ACK 0 
b.1 2025-07-08 21:00:11.400 a 2025-07-08-21:00:06 099 343 333 0.1 0.8 2.2 22.1 34.4 736.0 0.00 0 0.0 41.0 24.1 24.4 3.631  -29.4   29.3    0.0  29    9.2   0 0 0 1 1 2 0 20.7 37.7 20.8 35.3 80.0 100 100 20 408 0 143 0 401 401 400 0 0 0 59 50 WAIT_ACK 0 
b.1 2025-07-08 21:01:10.953 a 2025-07-08-21:01:06 173 024 237 0.2 1.8 3.8 22.4 34.0 736.0 0.00 0 0.0 40.2 24.1 24.4 3.626  -31.5   29.4    2.4  29    9.4   5 0 0 1 1 2 0 20.7 37.5 20.8 36.0 80.0 100 100 20 408 0 143 0 401 401 399 0 0 0 59 50 WAIT_ACK 0 
b.1 2025-07-08 21:02:10.621 a 2025-07-08-21:02:05 090 358 151 0.1 0.5 1.5 22.4 34.6 736.0 0.00 0 0.0 40.8 24.1 24.4 3.624  -32.3   29.5    0.0  29    9.4   0 0 0 1 1 2 0 20.7 37.7 20.8 36.2 80.0 100 100 20 408 0 143 0 402 401 400 0 0 0 59 50 WAIT_ACK 0 
b.1 2025-07-08 21:03:10.700 a 2025-07-08-21:03:05 197 102 326 0.1 1.0 3.1 22.3 35.1 736.0 0.00 0 0.0 40.8 24.1 24.4 3.623  -29.2   29.6    2.2  29    9.7   0 0 0 1 1 2 0 20.7 37.8 20.9 36.2 80.0 100 100 20 408 0 143 0 401 402 399 0 0 0 59 50 WAIT_ACK 0 
b.1 2025-07-08 21:04:07.940 a 2025-07-08-21:04:03 111 089 128 0.1 0.8 3.8 22.4 34.9 736.0 0.00 0 0.0 41.2 24.1 24.4 3.624  -31.2   29.7    2.2  29    9.9   5 0 0 1 1 2 0 20.7 37.8 20.9 38.7 80.0 100 100 20 408 0 143 0 402 401 400 0 0 0 59 50 WAIT_ACK 0 
b.1 2025-07-08 21:05:11.457 a 2025-07-08-21:05:06 186 055 326 0.2 2.7 6.3 22.7 34.3 736.0 0.00 0 0.0 39.7 24.1 24.4 3.623  -34.6   29.7    3.0  29    9.8   5 0 0 1 1 2 0 20.7 38.1 20.8 37.2 80.0 100 100 20 408 0 143 0 401 401 399 0 0 0 60 50 WAIT_ACK 0 
b.1 2025-07-08 21:06:09.298 a 2025-07-08-21:06:04 182 059 208 0.1 0.9 4.7 22.3 35.2 736.0 0.00 0 0.0 39.4 24.1 24.4 3.626  -31.1   29.6    2.3  29    9.7   0 0 0 1 1 2 0 20.7 37.9 20.9 39.3 80.0 100 100 20 408 0 143 0 400 401 399 0 0 0 59 50 WAIT_ACK 0 
b.1 2025-07-08 21:07:09.759 a 2025-07-08-21:07:04 036 102 072 0.1 1.0 3.2 21.8 36.5 735.9 0.00 0 0.0 39.7 24.1 24.4 3.626  -33.0   29.5    2.2  29    9.8   0 0 0 1 1 2 0 20.8 38.4 20.9 37.1 80.0 100 100 20 408 0 144 0 402 401 400 0 0 0 60 50 WAIT_ACK 0 
b.1 2025-07-08 21:08:09.319 a 2025-07-08-21:08:04 178 024 223 0.2 1.7 4.8 21.7 37.3 736.0 0.00 0 0.0 39.0 24.1 24.4 3.632  -32.9   29.4    2.2  30    9.9   0 0 0 1 1 2 0 20.7 38.7 20.9 39.0 80.0 100 100 20 408 0 144 0 401 401 399 0 0 0 60 50 WAIT_ACK 0 
b.1 2025-07-08 21:09:10.680 a 2025-07-08-21:09:05 153 093 303 0.3 2.1 4.8 21.5 37.9 735.9 0.00 0 0.0 38.3 24.1 24.4 3.623  -36.9   29.3    2.5  30    9.9   5 0 0 1 1 2 0 20.7 38.9 20.9 37.4 80.0 100 100 20 408 0 144 0 400 402 399 0 0 0 59 50 WAIT_ACK 0 
b.1 2025-07-08 21:10:11.318 a 2025-07-08-21:10:06 221 099 261 0.1 1.4 3.4 21.3 38.4 735.9 0.00 0 0.0 38.2 24.1 24.4 3.626  -30.2   29.2    2.3  30    9.9   5 0 0 1 1 2 0 20.7 39.2 20.9 38.2 80.0 100 100 20 408 0 144 0 401 401 399 0 0 0 59 50 WAIT_ACK 0 
b.1 2025-07-08 21:11:09.618 a 2025-07-08-21:11:04 177 082 213 0.1 1.1 3.1 21.4 38.4 735.9 0.00 0 0.0 38.4 24.1 24.4 3.631  -32.3   29.1    2.2  30    9.9   5 0 0 1 1 2 0 20.7 39.3 20.9 39.7 80.0 100 100 20 408 0 144 0 401 401 400 0 0 0 60 50 WAIT_ACK 0 
b.1 2025-07-08 21:12:10.157 a 2025-07-08-21:12:05 044 348 080 0.1 1.3 3.5 21.5 38.2 735.9 0.00 0 0.0 38.1 24.1 24.4 3.626  -32.1   29.1    2.2  31   10.1   5 0 0 1 1 2 0 20.7 39.3 20.9 38.5 80.0 100 100 20 408 0 143 0 401 401 400 0 0 0 59 50 WAIT_ACK 0 
b.1 2025-07-08 21:13:11.825 a 2025-07-08-21:13:07 305 233 325 0.1 0.5 1.8 21.6 38.2 735.9 0.00 0 0.0 39.2 24.1 24.4 3.623  -29.8   29.1    2.2  31   10.2   0 0 0 1 1 2 0 20.7 39.8 20.9 38.2 80.0 100 100 20 408 0 144 0 402 401 400 0 0 0 59 50 WAIT_ACK 0 
b.1 2025-07-08 21:14:09.801 a 2025-07-08-21:14:05 140 036 265 0.2 1.5 3.9 21.9 37.6 735.9 0.00 0 0.0 39.2 24.1 24.4 3.624  -32.2   29.2    2.3  31   10.2   5 0 0 1 1 2 0 20.7 39.9 20.9 39.0 80.0 100 100 20 408 0 143 0 401 401 400 0 0 0 59 50 WAIT_ACK 0 
b.1 2025-07-08 21:15:11.459 a 2025-07-08-21:15:06 265 118 327 0.1 1.0 3.4 21.9 38.0 735.9 0.00 0 0.0 39.3 24.1 24.4 3.626  -30.1   29.2    2.2  31   10.2   0 0 0 1 1 2 0 20.7 40.1 20.9 39.5 80.0 100 100 20 408 0 144 0 401 402 399 0 0 0 60 50 WAIT_ACK 0 
b.1 2025-07-08 21:16:11.299 a 2025-07-08-21:16:06 116 047 275 0.2 2.2 6.5 21.9 36.9 735.8 0.00 0 0.0 38.2 24.1 24.4 3.623  -30.8   29.2    2.4  31   10.2   0 0 0 1 1 2 0 20.8 40.1 20.9 39.9 80.0 100 100 20 408 0 144 0 401 401 400 0 0 0 60 50 WAIT_ACK 0 
b.1 2025-07-08 21:17:11.762 a 2025-07-08-21:17:07 205 134 316 0.2 1.2 2.7 21.5 38.5 735.8 0.00 0 0.0 38.3 24.1 24.4 3.626  -31.3   29.2    2.2  31   10.2   0 0 0 1 1 2 0 20.7 39.7 20.9 39.2 80.0 100 100 20 408 0 144 0 400 401 399 0 0 0 59 50 WAIT_ACK 0 
b.1 2025-07-08 21:18:11.703 a 2025-07-08-21:18:06 150 081 238 0.1 0.9 3.6 21.6 38.2 735.8 0.00 0 0.0 39.0 24.1 24.4 3.624  -33.1   29.1    0.0  31   10.2   0 0 0 1 1 2 0 20.8 40.3 20.9 40.0 80.0 100 100 20 408 0 144 0 401 401 400 0 0 0 60 50 WAIT_ACK 0 
b.1 2025-07-08 21:19:11.440 a 2025-07-08-21:19:06 180 033 267 0.2 2.6 5.4 21.7 38.1 735.8 0.00 0 0.0 37.7 24.1 24.4 3.623  -33.8   29.1    2.7  31   10.3   5 0 0 1 1 2 0 20.7 40.5 20.9 40.5 80.0 100 100 20 408 0 144 0 401 401 399 0 0 0 60 50 WAIT_ACK 0 
b.1 2025-07-08 21:20:13.279 a 2025-07-08-21:20:08 162 105 263 0.1 0.7 3.3 21.5 38.4 735.8 0.00 0 0.0 38.0 24.1 24.4 3.624  -30.0   29.1    2.3  31   10.2   0 0 0 1 1 2 0 20.8 40.1 20.9 40.2 80.0 100 100 20 408 0 144 0 401 401 399 0 0 0 59 50 WAIT_ACK 0 
b.1 2025-07-08 21:21:12.279 a 2025-07-08-21:21:07 017 003 153 0.1 0.6 1.6 21.5 39.1 735.8 0.00 0 0.0 38.6 24.1 24.4 3.624  -31.1   29.1    2.2  31   10.2   0 0 0 1 1 2 0 20.8 40.9 20.9 39.7 80.0 100 100 20 408 0 143 0 402 401 400 0 0 0 60 50 WAIT_ACK 0 
b.1 2025-07-08 21:22:09.604 a 2025-07-08-21:22:04 099 032 295 0.4 2.4 5.7 21.5 39.7 735.8 0.00 0 0.0 37.7 24.1 24.4 3.626  -32.0   29.1    2.5  32   10.5   5 0 0 1 1 2 0 20.8 41.0 20.9 39.7 80.0 100 100 20 408 0 144 0 401 402 399 0 0 0 59 50 WAIT_ACK 0 
b.1 2025-07-08 21:23:10.243 a 2025-07-08-21:23:05 191 059 282 0.1 2.4 6.5 21.2 40.1 735.8 0.00 0 0.0 36.8 24.1 24.4 3.624  -33.7   29.0    3.1  32   10.4   5 0 0 1 1 2 0 20.8 41.2 20.9 40.4 80.0 100 100 20 408 0 144 0 401 401 399 0 0 0 59 50 WAIT_ACK 0 
b.1 2025-07-08 21:24:09.720 a 2025-07-08-21:24:04 240 054 297 0.1 2.2 7.0 20.7 40.9 735.8 0.00 0 0.0 35.7 24.1 24.4 3.633  -30.9   28.9    2.8  32   10.3   0 0 0 1 1 2 0 20.8 41.8 20.9 41.0 80.0 100 100 20 408 0 144 0 401 401 399 0 0 0 59 50 WAIT_ACK 0 
b.1 2025-07-08 21:25:12.220 a 2025-07-08-21:25:07 267 091 313 0.1 1.4 5.5 20.4 42.2 735.8 0.00 0 0.0 35.9 24.1 24.4 3.624  -28.8   28.7    2.4  32   10.3   0 0 0 1 1 2 0 20.8 41.3 20.9 41.3 80.0 100 100 20 408 0 143 0 400 401 399 0 0 0 60 50 WAIT_ACK 0 
b.1 2025-07-08 21:26:09.562 a 2025-07-08-21:26:04 004 124 279 0.1 1.0 3.0 20.6 41.9 735.8 0.00 0 0.0 36.6 24.1 24.4 3.624  -28.9   28.5    2.2  32   10.3   0 0 0 1 1 2 0 20.8 41.5 20.9 41.4 80.0 100 100 20 408 0 144 0 401 401 400 0 0 0 60 50 WAIT_ACK 0 
b.1 2025-07-08 21:27:09.085 a 2025-07-08-21:27:04 268 246 297 0.0 0.6 3.0 21.0 41.2 735.8 0.00 0 0.0 37.7 24.1 24.4 3.632  -32.4   28.4    0.0  33   10.4   0 0 0 1 1 2 0 20.8 41.6 20.9 41.5 80.0 100 100 20 408 0 143 0 401 401 400 0 0 0 59 50 WAIT_ACK 0 
b.1 2025-07-08 21:28:11.384 a 2025-07-08-21:28:06 138 093 186 0.1 1.1 4.6 21.4 40.2 735.8 0.00 0 0.0 38.2 24.1 24.4 3.624  -32.9   28.4    2.2  33   10.5   0 0 0 1 1 2 0 20.8 41.9 20.9 41.3 80.0 100 100 20 408 0 144 0 401 401 400 0 0 0 60 50 WAIT_ACK 0 
b.1 2025-07-08 21:29:11.882 a 2025-07-08-21:29:07 232 241 264 0.2 0.9 3.1 21.7 40.0 735.8 0.00 0 0.0 38.2 24.1 24.4 3.626  -29.5   28.5    0.0  33   10.4   0 0 0 1 1 2 0 20.8 42.0 20.9 41.7 80.0 100 100 20 408 0 144 0 401 401 400 0 0 0 59 50 WAIT_ACK 0 
b.1 2025-07-08 21:30:11.903 a 2025-07-08-21:30:07 141 091 236 0.1 1.3 4.1 21.9 39.8 735.8 0.00 0 0.0 38.4 24.1 24.4 3.631  -32.4   28.6    2.2  33   10.7   0 0 0 1 1 2 0 20.8 42.4 20.9 41.9 80.0 100 100 20 408 0 143 0 401 401 400 0 0 0 59 50 WAIT_ACK 0 
b.1 2025-07-08 21:31:11.286 a 2025-07-08-21:31:06 109 048 307 0.1 3.7 7.8 21.4 41.2 735.8 0.00 0 0.0 36.3 24.1 24.4 3.633  -31.6   28.6    3.7  33   10.8   5 0 0 1 1 2 0 20.8 42.5 20.9 42.3 80.0 100 100 20 408 0 143 0 401 401 399 0 0 0 60 50 WAIT_ACK 0 
b.1 2025-07-08 21:32:10.025 a 2025-07-08-21:32:05 199 024 300 0.1 1.3 5.0 21.4 41.2 735.8 0.00 0 0.0 35.9 24.1 24.4 3.624  -30.1   28.4    2.5  33   10.7   0 0 0 1 1 2 0 20.8 42.9 20.9 42.3 80.0 100 100 20 408 0 143 0 401 401 399 0 0 0 59 50 WAIT_ACK 0 
b.1 2025-07-08 21:33:11.265 a 2025-07-08-21:33:06 265 094 324 0.2 1.3 3.7 20.9 42.8 735.7 0.00 0 0.0 36.3 24.1 24.4 3.624  -28.4   28.3    2.3  33   10.7   0 0 0 1 1 2 0 20.8 42.9 20.9 41.9 80.0 100 100 20 408 0 143 0 401 401 400 0 0 0 60 50 WAIT_ACK 0 
b.1 2025-07-08 21:34:09.546 a 2025-07-08-21:34:04 242 112 291 0.0 1.1 3.4 20.8 43.3 735.7 0.00 0 0.0 37.0 24.1 24.4 3.626  -30.1   28.2    2.2  34   10.9   0 0 0 1 1 2 0 20.8 43.1 20.9 42.8 80.0 100 100 20 408 0 144 0 400 401 399 0 0 0 59 50 WAIT_ACK 0 
b.1 2025-07-08 21:35:10.509 a 2025-07-08-21:35:05 311 138 342 0.1 1.5 3.2 21.0 42.9 735.7 0.00 0 0.0 37.3 24.1 24.4 3.626  -28.5   28.2    2.2  34   10.9   0 0 0 1 1 2 0 20.8 43.3 20.9 43.2 80.0 100 100 20 408 0 144 0 401 401 400 0 0 0 60 50 WAIT_ACK 0 
b.1 2025-07-08 21:36:10.726 a 2025-07-08-21:36:05 164 150 281 0.0 2.2 6.9 21.4 41.7 735.7 0.00 0 0.0 37.1 24.1 24.4 3.626  -33.2   28.3    2.4  34   11.2   5 0 0 1 1 2 0 20.8 43.8 20.9 43.2 80.0 100 100 20 408 0 144 0 401 401 400 0 0 0 59 50 WAIT_ACK 0 
b.1 2025-07-08 21:37:09.506 a 2025-07-08-21:37:04 002 149 216 0.4 1.8 4.3 21.6 42.6 735.7 0.00 0 0.0 36.4 24.1 24.4 3.626  -30.0   28.3    2.5  34   11.1   0 0 0 1 1 2 0 20.7 44.2 20.9 44.1 80.0 100 100 20 408 0 144 0 401 401 399 0 0 0 60 50 WAIT_ACK 0 
b.1 2025-07-08 21:38:10.848 a 2025-07-08-21:38:06 079 177 346 0.2 1.1 3.5 21.4 43.5 735.7 0.00 0 0.0 37.0 24.1 24.4 3.626  -28.2   28.3    2.2  35   11.2   0 0 0 1 1 2 0 20.7 44.3 20.9 44.1 80.0 100 100 20 408 0 143 0 401 401 399 0 0 0 59 50 WAIT_ACK 0 
b.1 2025-07-08 21:39:08.167 a 2025-07-08-21:39:03 005 186 307 0.1 0.7 2.4 21.6 42.9 735.7 0.00 0 0.0 37.8 24.1 24.4 3.626  -28.0   28.4    0.0  35   11.4   0 0 0 1 1 2 0 20.8 44.5 20.9 43.9 80.0 100 100 20 408 0 143 0 401 401 399 0 0 0 59 50 WAIT_ACK 0 
b.1 2025-07-08 21:40:12.105 a 2025-07-08-21:40:07 094 063 236 0.1 1.5 5.2 22.0 42.7 735.6 0.00 0 0.0 37.5 24.1 24.4 3.626  -28.4   28.4    2.3  35   11.5   0 0 0 1 1 2 0 20.8 45.3 20.9 44.7 80.0 100 100 20 408 0 143 0 401 401 399 0 0 0 59 50 WAIT_ACK 0 
b.1 2025-07-08 21:41:10.849 a 2025-07-08-21:41:06 039 008 100 0.0 0.6 2.0 21.9 42.8 735.7 0.00 0 0.0 38.3 24.1 24.4 3.626  -28.2   28.5    0.0  35   11.6   0 0 0 1 1 2 0 20.8 45.0 20.9 44.6 80.0 100 100 20 408 0 143 0 402 401 400 0 0 0 60 50 WAIT_ACK 0 
b.1 2025-07-08 21:42:10.193 a 2025-07-08-21:42:05 189 101 288 0.1 1.3 3.8 22.0 42.8 735.7 0.00 0 0.0 38.6 24.1 24.4 3.626  -31.8   28.5    2.2  35   11.7   0 0 0 1 1 2 0 20.8 45.1 20.9 44.3 80.0 100 100 20 408 0 143 0 402 401 400 0 0 0 60 50 WAIT_ACK 0 
b.1 2025-07-08 21:43:10.173 a 2025-07-08-21:43:05 135 064 287 0.1 1.7 4.3 22.1 42.7 735.7 0.00 0 0.0 37.9 24.1 24.4 3.623  -33.1   28.5    2.3  35   11.7   0 0 0 1 1 2 0 20.8 45.3 20.9 44.9 80.0 100 100 20 408 0 144 0 401 401 399 0 0 0 59 50 WAIT_ACK 0 
b.1 2025-07-08 21:44:10.292 a 2025-07-08-21:44:05 246 039 347 0.1 2.0 5.3 21.8 43.3 735.7 0.00 0 0.0 37.3 24.1 24.4 3.626  -32.6   28.5    2.5  35   11.8   5 0 0 1 1 2 0 20.8 45.6 20.9 45.9 80.0 100 100 20 408 0 143 0 401 401 400 0 0 0 59 50 WAIT_ACK 0 
b.1 2025-07-08 21:45:13.572 a 2025-07-08-21:45:08 090 129 247 0.1 1.0 3.3 21.3 44.6 735.7 0.00 0 0.0 37.1 24.1 24.4 3.624  -28.3   28.4    2.2  35   11.6   0 0 0 1 1 2 0 20.8 46.0 20.9 46.3 80.0 100 100 20 408 0 143 0 400 401 399 0 0 0 59 50 WAIT_ACK 0 
b.1 2025-07-08 21:46:08.914 a 2025-07-08-21:46:04 212 137 237 0.1 0.8 2.8 21.3 44.8 735.7 0.00 0 0.0 37.8 24.1 24.4 3.633  -30.1   28.4    0.0  36   11.7   0 0 0 1 1 2 0 20.8 46.0 20.9 45.8 80.0 100 100 20 408 0 143 0 401 402 399 0 0 0 60 50 WAIT_ACK 0 
b.1 2025-07-08 21:47:12.894 a 2025-07-08-21:47:08 009 326 089 0.1 0.6 2.3 21.6 44.3 735.8 0.00 0 0.0 38.5 24.1 24.4 3.626  -27.3   28.4    0.0  36   11.9   0 0 0 1 1 2 0 20.8 46.6 20.9 45.4 80.0 100 100 20 408 0 143 0 401 401 400 0 0 0 59 50 WAIT_ACK 0 
b.1 2025-07-08 21:48:10.696 a 2025-07-08-21:48:05 264 205 288 0.1 0.6 2.3 21.9 43.5 735.7 0.00 0 0.0 39.0 24.1 24.4 3.626  -28.1   28.5    0.0  36   12.0   0 0 0 1 1 2 0 20.8 46.2 20.9 46.5 80.0 100 100 20 408 0 144 0 401 401 400 0 0 0 60 50 WAIT_ACK 0 
b.1 2025-07-08 21:49:11.513 a 2025-07-08-21:49:06 141 034 252 0.2 2.8 7.5 22.1 43.6 735.7 0.00 0 0.0 37.8 24.1 24.4 3.632  -33.2   28.5    2.6  36   12.1   5 0 0 1 1 2 0 20.8 46.7 20.9 49.0 80.0 100 100 20 408 0 143 0 401 401 399 0 0 0 59 50 WAIT_ACK 0 
b.1 2025-07-08 21:50:11.173 a 2025-07-08-21:50:06 114 033 137 0.1 1.9 7.1 21.6 45.0 735.7 0.00 0 0.0 36.7 24.1 24.4 3.626  -27.9   28.5    2.4  36   12.1   0 0 0 1 1 2 0 20.8 47.0 20.9 47.2 80.0 100 100 20 408 0 143 0 401 401 399 0 0 0 60 50 WAIT_ACK 0 
b.1 2025-07-08 21:51:11.292 a 2025-07-08-21:51:06 087 239 145 0.1 1.0 3.1 21.3 45.9 735.6 0.00 0 0.0 37.3 24.1 24.4 3.626  -29.5   28.4    2.2  36   12.0   0 0 0 1 1 2 0 20.8 46.9 20.9 47.3 80.0 100 100 20 408 0 143 0 401 401 399 0 0 0 60 50 WAIT_ACK 0 
b.1 2025-07-08 21:52:10.394 a 2025-07-08-21:52:05 046 128 109 0.1 0.5 1.6 21.4 45.8 735.7 0.00 0 0.0 38.4 24.1 24.4 3.624  -26.9   28.4    0.0  37   12.1   0 0 0 1 1 2 0 20.8 47.4 20.9 46.9 80.0 100 100 20 408 0 144 0 402 401 400 0 0 0 60 50 WAIT_ACK 0 
b.1 2025-07-08 21:53:09.355 a 2025-07-08-21:53:04 017 016 068 0.1 1.6 5.8 21.6 45.6 735.7 0.00 0 0.0 38.4 24.1 24.4 3.624  -26.3   28.4    2.2  37   12.2   0 0 0 1 1 2 0 20.8 47.9 20.9 46.7 80.0 100 100 20 408 0 144 0 402 401 400 0 0 0 60 50 WAIT_ACK 0 
b.1 2025-07-08 21:54:08.694 a 2025-07-08-21:54:03 129 326 197 0.1 1.0 4.9 21.7 46.0 735.7 0.00 0 0.0 38.4 24.1 24.4 3.626  -27.3   28.5    2.2  37   12.4   0 0 0 1 1 2 0 20.8 47.5 20.9 47.5 80.0 100 100 20 408 0 144 0 401 402 399 0 0 0 60 50 WAIT_ACK 0 
b.1 2025-07-08 21:55:10.536 a 2025-07-08-21:55:05 010 090 282 0.1 1.1 5.9 21.8 45.8 735.6 0.00 0 0.0 39.2 24.1 24.4 3.626  -25.7   28.5    2.2  37   12.5   0 0 0 1 1 2 0 20.8 48.4 20.9 49.1 80.0 100 100 20 408 0 144 0 401 401 399 0 0 0 60 50 WAIT_ACK 0 
b.1 2025-07-08 21:56:11.299 a 2025-07-08-21:56:06 224 326 258 0.2 1.2 3.6 22.0 45.6 735.7 0.00 0 0.0 38.8 24.1 24.4 3.623  -24.2   28.6    2.2  37   12.6   0 0 0 2 1 2 0 20.8 48.3 20.9 48.0 80.0 100 100 20 408 0 143 0 402 401 400 0 0 0 59 50 WAIT_ACK 0 
b.1 2025-07-08 21:57:10.298 a 2025-07-08-21:57:05 153 067 313 0.2 2.6 7.0 21.9 45.8 735.6 0.00 0 0.0 37.5 24.1 24.4 3.626  -26.1   28.7    2.5  37   12.7   5 0 0 1 1 2 0 20.8 48.5 20.9 49.8 80.0 100 100 20 408 0 143 0 401 401 399 0 0 0 60 50 WAIT_ACK 0 
b.1 2025-07-08 21:58:09.724 a 2025-07-08-21:58:04 138 126 294 0.0 1.1 3.5 21.5 47.1 735.7 0.00 0 0.0 38.2 24.1 24.4 3.626  -23.6   28.6    2.2  37   12.6   0 0 0 2 1 2 0 20.8 49.1 20.9 49.1 80.0 100 100 20 408 0 143 0 401 401 399 0 0 0 60 50 WAIT_ACK 0 
b.1 2025-07-08 21:59:10.717 a 2025-07-08-21:59:05 128 162 215 0.0 1.3 4.8 21.5 47.4 735.7 0.00 0 0.0 38.7 24.1 24.4 3.624  -23.4   28.6    2.1  37   12.7   0 0 0 2 1 2 0 20.8 49.1 20.9 48.4 80.0 100 100 20 408 0 143 0 401 401 400 0 0 0 60 50 WAIT_ACK 0 
b.1 2025-07-08 22:00:09.816 a 2025-07-08-22:00:04 143 064 189 0.1 1.9 8.5 21.7 47.0 735.7 0.00 0 0.0 38.4 24.1 24.4 3.623  -23.8   28.7    2.4  38   12.8   0 0 0 2 1 2 0 20.8 49.0 20.9 48.5 80.0 100 100 20 408 0 144 0 401 401 400 0 0 0 59 50 WAIT_ACK 0 
b.1 2025-07-08 22:01:09.341 a 2025-07-08-22:01:04 231 096 286 0.1 2.1 4.0 21.6 47.2 735.7 0.00 0 0.0 37.8 24.1 24.4 3.623  -22.6   28.7    2.6  38   12.8   0 0 0 2 1 2 0 20.8 49.3 20.9 51.1 80.0 100 100 20 408 0 144 0 401 402 399 0 0 0 60 50 WAIT_ACK 0 
b.1 2025-07-08 22:02:10.581 a 2025-07-08-22:02:05 241 176 345 0.1 1.1 4.0 21.7 46.5 735.7 0.00 0 0.0 37.9 24.1 24.4 3.633  -17.9   28.7    2.2  38   12.8   0 0 0 2 1 2 0 20.8 49.3 20.9 48.4 80.0 100 100 20 408 0 143 0 401 402 399 0 0 0 60 50 WAIT_ACK 584 
b.1 2025-07-08 22:03:07.736 a 2025-07-08-22:03:02 057 134 249 0.1 0.7 3.7 21.7 46.5 735.7 0.00 0 0.0 38.7 24.1 24.4 3.626  -18.0   28.7    0.0  38   12.8   0 0 0 2 1 2 0 20.9 49.2 20.9 49.1 80.0 100 100 20 408 0 144 0 401 401 400 0 0 0 60 50 WAIT_ACK 600 
b.1 2025-07-08 22:04:09.578 a 2025-07-08-22:04:04 003 301 090 0.1 0.7 1.9 22.0 45.6 735.7 0.00 0 0.0 39.5 24.1 24.4 3.626  -22.3   28.8    0.0  38   12.9   0 0 0 2 1 2 0 20.8 49.6 20.9 49.7 80.0 100 100 20 408 0 143 0 401 401 399 0 0 0 60 50 WAIT_ACK 589 
b.1 2025-07-08 22:05:12.397 a 2025-07-08-22:05:07 089 030 287 0.1 1.1 3.7 22.2 44.9 735.7 0.00 0 0.0 37.9 24.1 24.4 3.633  -27.5   29.0    0.0  37   13.0   5 0 0 1 1 2 0 20.9 49.6 20.9 49.6 80.0 100 100 20 408 0 143 0 401 401 400 0 0 0 59 50 WAIT_ACK 526 
b.1 2025-07-08 22:06:09.816 a 2025-07-08-22:06:04 224 027 306 0.2 1.4 3.4 22.5 43.6 735.7 0.00 0 0.0 35.7 24.1 24.4 3.624  -26.6   29.1    2.2  37   12.9   5 0 0 1 1 2 0 20.9 49.6 21.0 49.7 80.0 100 100 20 408 0 143 0 401 401 400 0 0 0 60 50 WAIT_ACK 468 
b.1 2025-07-08 22:07:10.917 a 2025-07-08-22:07:06 203 094 300 0.2 1.7 3.7 22.5 43.7 735.7 0.00 0 0.0 33.7 24.1 24.4 3.626  -28.4   29.1    2.3  37   12.8   6 0 0 1 1 2 0 20.9 49.7 21.0 50.1 80.0 100 100 20 408 0 143 0 400 402 399 0 0 0 60 50 WAIT_ACK 407 
b.1 2025-07-08 22:08:08.542 a 2025-07-08-22:08:03 223 015 337 0.1 1.0 3.8 22.3 44.3 735.7 0.00 0 0.0 32.6 24.1 24.4 3.624  -22.7   29.1    2.2  37   12.7   7 0 0 2 1 2 0 20.9 49.5 21.0 49.9 80.0 100 100 20 408 0 144 0 400 401 399 0 0 0 59 50 WAIT_ACK 350 
b.1 2025-07-08 22:09:12.141 a 2025-07-08-22:09:07 197 077 208 0.0 0.7 2.5 22.1 44.9 735.7 0.00 0 0.0 34.6 24.1 24.4 3.623  -23.3   29.0    0.0  37   12.7   0 0 0 2 1 2 0 20.9 49.9 21.0 50.2 80.0 100 100 20 408 0 144 0 401 401 400 0 0 0 60 50 WAIT_ACK 286 
b.1 2025-07-08 22:10:12.680 a 2025-07-08-22:10:07 246 119 297 0.1 1.0 4.7 22.0 46.2 735.5 0.00 0 0.0 36.3 24.1 24.4 3.626  -22.8   29.0    0.0  37   12.8   0 0 0 2 1 2 0 20.9 50.0 21.0 49.7 80.0 100 100 20 408 0 144 0 401 401 399 0 0 0 60 50 WAIT_ACK 225 
b.1 2025-07-08 22:11:10.858 a 2025-07-08-22:11:06 260 150 297 0.1 0.6 1.9 21.9 45.9 735.6 0.00 0 0.0 38.1 24.1 24.4 3.624  -22.2   29.0    0.0  37   12.9   0 0 0 2 1 2 0 20.9 50.2 21.0 50.2 80.0 100 100 20 408 0 144 0 400 401 399 0 0 0 59 50 WAIT_ACK 167 
b.1 2025-07-08 22:12:09.865 a 2025-07-08-22:12:05 110 342 133 0.2 1.8 5.1 22.0 47.0 735.6 0.00 0 0.0 38.2 24.1 24.4 3.626  -25.6   29.0    2.4  38   13.1   0 0 0 1 1 2 0 20.9 50.6 21.0 51.0 80.0 100 100 20 408 0 144 0 401 401 400 0 0 0 60 50 WAIT_ACK 108 
b.1 2025-07-08 22:13:10.882 a 2025-07-08-22:13:05 206 099 302 0.1 0.9 2.9 22.1 47.8 735.6 0.00 0 0.0 38.7 24.1 24.4 3.624  -23.4   29.1    2.1  38   13.3   0 0 0 2 1 2 0 20.9 51.4 21.0 50.1 80.0 100 100 20 408 0 144 0 401 401 399 0 0 0 59 50 WAIT_ACK 47 
b.1 2025-07-08 22:14:08.545 a 2025-07-08-22:14:03 017 166 283 0.0 0.5 1.8 22.1 48.6 735.6 0.00 0 0.0 40.0 24.1 24.4 3.626  -19.6   29.1    0.0  38   13.5   0 0 0 2 1 2 0 20.9 50.9 21.0 51.2 80.0 100 100 20 408 0 144 0 401 401 400 0 0 0 60 50 WAIT_ACK 0 
b.1 2025-07-08 22:15:14.562 a 2025-07-08-22:15:09 246 106 278 0.1 0.8 2.7 22.3 48.3 735.6 0.00 0 0.0 41.4 24.1 24.4 3.626  -19.4   29.2    2.2  39   13.7   0 0 0 2 1 2 0 20.9 51.6 21.0 51.1 80.0 100 100 20 408 0 144 0 401 401 400 0 0 0 59 50 WAIT_ACK 600 
b.1 2025-07-08 22:16:10.720 a 2025-07-08-22:16:05 020 339 235 0.1 1.0 2.7 22.8 47.5 735.6 0.00 0 0.0 41.5 24.1 24.4 3.626  -18.8   29.3    0.0  39   13.8   0 0 0 2 1 2 0 21.0 51.5 21.0 52.0 80.0 100 100 20 408 0 144 0 402 401 400 0 0 0 60 50 WAIT_ACK 587 
b.1 2025-07-08 22:17:11.503 a 2025-07-08-22:17:06 260 142 321 0.0 0.9 3.9 23.1 47.0 735.6 0.00 0 0.0 42.0 24.1 24.4 3.624  -18.5   29.5    0.0  39   13.9   0 0 0 2 1 2 0 21.0 52.4 21.0 52.6 80.0 100 100 20 408 0 144 0 401 401 400 0 0 0 60 50 WAIT_ACK 600 
b.1 2025-07-08 22:18:06.846 a 2025-07-08-22:18:02 292 113 332 0.1 0.9 3.9 23.3 46.4 735.6 0.00 0 0.0 42.4 24.1 24.4 3.629  -21.8   29.6    0.0  39   14.1   0 0 0 2 1 2 0 21.0 52.2 21.0 52.7 80.0 100 100 20 408 0 144 0 401 402 399 0 0 0 60 50 WAIT_ACK 552 
b.1 2025-07-08 22:19:11.565 a 2025-07-08-22:19:06 202 149 210 0.1 2.4 6.5 23.4 46.2 735.5 0.00 0 0.0 41.2 24.1 24.4 3.624  -23.2   29.7    2.7  39   14.1   0 0 0 2 1 2 0 21.0 52.5 21.0 52.2 80.0 100 100 20 408 0 144 0 401 402 399 0 0 0 59 50 WAIT_ACK 487 
b.1 2025-07-08 22:20:11.644 a 2025-07-08-22:20:06 261 139 323 0.1 1.0 4.6 22.7 48.0 735.5 0.00 0 0.0 41.5 24.1 24.4 3.623  -21.2   29.7    2.2  38   14.1   0 0 0 2 1 2 0 21.0 53.3 21.1 52.8 80.0 100 100 20 408 0 143 0 401 401 399 0 0 0 59 50 WAIT_ACK 598 
b.1 2025-07-08 22:21:12.782 a 2025-07-08-22:21:07 198 123 304 0.1 1.7 5.0 22.5 48.9 735.6 0.00 0 0.0 41.2 24.1 24.4 3.632  -16.7   29.7    2.2  39   14.1   0 0 0 2 1 2 0 21.0 53.2 21.1 54.9 80.0 100 100 20 408 0 143 0 401 401 399 0 0 0 60 50 WAIT_ACK 588 
b.1 2025-07-08 22:22:07.563 a 2025-07-08-22:22:02 154 020 304 0.0 0.4 2.1 22.5 48.7 735.6 0.00 0 0.0 41.3 24.1 24.4 3.626  -20.4   29.7    2.1  39   14.2   0 0 0 2 1 2 0 21.0 53.0 21.1 53.4 80.0 100 100 20 408 0 143 0 401 401 400 0 0 0 60 50 WAIT_ACK 579 
b.1 2025-07-08 22:23:11.265 a 2025-07-08-22:23:06 039 016 140 0.0 0.8 3.2 22.6 48.1 735.6 0.00 0 0.0 39.7 24.1 24.4 3.626  -20.8   29.8    0.0  39   14.2   0 0 0 2 1 2 0 21.0 53.0 21.1 53.5 80.0 100 100 20 408 0 143 0 401 401 400 0 0 0 59 50 WAIT_ACK 599 
b.1 2025-07-08 22:24:10.124 a 2025-07-08-22:24:05 163 069 239 0.1 1.0 3.1 22.7 48.4 735.6 0.00 0 0.0 38.7 24.1 24.4 3.628  -25.2   29.8    2.2  39   14.2   5 0 0 1 1 2 0 21.0 53.3 21.1 53.3 80.0 100 100 20 408 0 144 0 401 401 399 0 0 0 59 50 WAIT_ACK 540 
b.1 2025-07-08 22:25:12.944 a 2025-07-08-22:25:08 152 192 198 0.1 0.6 2.1 22.5 48.5 735.6 0.00 0 0.0 39.0 24.1 24.4 3.626  -28.0   29.8    2.2  38   14.1   0 0 0 1 1 2 0 21.0 53.6 21.1 53.5 80.0 100 100 20 408 0 143 0 401 401 400 0 0 0 60 50 WAIT_ACK 478 
b.1 2025-07-08 22:26:09.483 a 2025-07-08-22:26:04 095 078 149 0.1 0.7 1.9 22.5 48.6 735.6 0.00 0 0.0 39.3 24.1 24.4 3.626  -22.1   29.8    0.0  39   14.2   0 0 0 2 1 2 0 21.0 53.3 21.1 54.2 80.0 100 100 20 408 0 144 0 401 401 400 0 0 0 59 50 WAIT_ACK 421 
b.1 2025-07-08 22:27:11.068 a 2025-07-08-22:27:06 144 066 302 0.1 1.8 4.9 22.5 49.0 735.6 0.00 0 0.0 39.1 24.1 24.4 3.623  -28.7   29.7    2.5  39   14.2   5 0 0 1 1 2 0 21.0 54.1 21.1 54.0 80.0 100 100 20 408 0 144 0 401 401 400 0 0 0 59 50 WAIT_ACK 359 
b.1 2025-07-08 22:28:11.089 a 2025-07-08-22:28:06 083 011 339 0.0 0.5 1.9 22.1 50.4 735.6 0.00 0 0.0 38.5 24.1 24.4 3.624  -25.8   29.7    2.1  39   14.1   0 0 0 1 1 2 0 21.1 54.0 21.1 54.1 80.0 100 100 20 408 0 144 0 401 401 399 0 0 0 59 50 WAIT_ACK 299 
b.1 2025-07-08 22:29:12.288 a 2025-07-08-22:29:07 114 110 119 0.0 0.4 2.2 21.9 50.9 735.6 0.00 0 0.0 37.3 24.1 24.4 3.624  -25.7   29.6    0.0  39   14.1   0 0 0 1 1 2 0 21.1 54.1 21.1 53.3 80.0 100 100 20 408 0 144 0 401 401 400 0 0 0 59 50 WAIT_ACK 238 
b.1 2025-07-08 22:30:11.528 a 2025-07-08-22:30:06 128 125 287 0.0 0.7 2.4 21.9 50.6 735.6 0.00 0 0.0 36.0 24.1 24.4 3.623  -27.5   29.5    0.0  39   14.0   0 0 0 1 1 2 0 21.1 53.9 21.1 54.1 80.0 100 100 20 408 0 144 0 401 401 400 0 0 0 60 50 WAIT_ACK 179 
b.1 2025-07-08 22:31:12.709 a 2025-07-08-22:31:07 152 081 215 0.1 1.2 5.6 22.0 50.7 735.5 0.00 0 0.0 34.5 24.1 24.4 3.623  -35.1   29.4    2.2  39   14.0   5 0 0 1 1 2 0 21.1 54.1 21.1 54.7 80.0 100 100 20 408 0 144 0 400 402 399 0 0 0 60 50 WAIT_ACK 118 
b.1 2025-07-08 22:32:11.528 a 2025-07-08-22:32:06 259 137 346 0.1 1.1 4.9 21.7 51.2 735.5 0.00 0 0.0 32.7 24.1 24.4 3.626  -32.0   29.2    2.1  39   13.9   5 0 0 1 1 2 0 21.1 54.3 21.1 54.8 80.0 100 100 20 408 0 144 0 401 401 400 0 0 0 59 50 WAIT_ACK 59 
b.1 2025-07-08 22:33:11.312 a 2025-07-08-22:33:06 111 065 279 0.2 1.5 4.7 21.4 52.4 735.5 0.00 0 0.0 30.7 24.1 24.4 3.624  -33.5   29.0    2.3  39   13.8   5 0 0 1 1 2 0 21.1 55.1 21.1 55.2 80.0 100 100 20 408 0 143 0 401 402 399 0 0 0 60 50 WAIT_ACK 0 
b.1 2025-07-08 22:34:09.069 a 2025-07-08-22:34:04 188 122 313 0.1 0.9 3.9 21.0 53.4 735.5 0.00 0 0.0 29.6 24.1 24.4 3.632  -35.0   28.8    2.2  39   13.6   5 0 0 1 1 2 0 21.0 55.9 21.1 54.9 80.0 100 100 20 408 0 143 0 401 401 400 0 0 0 59 50 WAIT_ACK 0 
b.1 2025-07-08 22:35:13.407 a 2025-07-08-22:35:08 140 048 196 0.2 2.5 5.6 20.6 54.5 735.4 0.00 0 0.0 28.2 24.1 24.4 3.624  -33.4   28.5    2.8  40   13.5   7 0 0 1 1 2 0 21.0 54.8 21.1 55.2 80.0 100 100 20 408 0 143 0 402 401 399 0 0 0 60 50 WAIT_ACK 0 
b.1 2025-07-08 22:36:11.387 a 2025-07-08-22:36:06 227 175 291 0.2 2.0 4.9 20.6 54.5 735.4 0.00 0 0.0 28.8 24.1 24.4 3.633  -25.9   28.2    2.6  40   13.4   0 0 0 1 1 2 0 21.0 55.3 21.1 56.2 80.0 100 100 20 408 0 144 0 401 401 400 0 0 0 59 50 WAIT_ACK 0 
b.1 2025-07-08 22:37:09.753 a 2025-07-08-22:37:04 309 238 355 0.1 0.7 2.8 20.0 56.5 735.4 0.00 0 0.0 30.7 24.1 24.4 3.631  -25.3   27.9    2.2  41   13.3   0 0 0 1 1 2 0 21.0 55.6 21.1 55.9 80.0 100 100 20 408 0 143 0 401 401 400 0 0 0 60 50 WAIT_ACK 0 
b.1 2025-07-08 22:38:09.211 a 2025-07-08-22:38:04 107 044 237 0.2 2.8 5.5 19.8 56.8 735.4 0.00 0 0.0 31.0 24.1 24.4 3.626  -29.4   27.7    2.8  41   13.3   0 0 0 1 1 2 0 21.0 55.5 21.1 55.9 80.0 100 100 20 408 0 143 0 402 401 400 0 0 0 60 50 WAIT_ACK 0 
b.1 2025-07-08 22:39:10.869 a 2025-07-08-22:39:06 222 071 293 0.1 1.9 7.2 19.6 57.8 735.3 0.00 0 0.0 31.5 24.1 24.4 3.626  -25.2   27.4    2.5  42   13.2   0 0 0 1 1 2 0 21.0 55.5 21.1 55.0 80.0 100 100 20 408 0 143 0 401 401 400 0 0 0 60 50 WAIT_ACK 0 
b.1 2025-07-08 22:40:11.309 a 2025-07-08-22:40:06 201 120 224 0.1 1.2 4.7 19.3 59.1 735.4 0.00 0 0.0 32.9 24.1 24.4 3.633  -23.1   27.3    2.2  42   13.2   0 0 0 2 1 2 0 21.0 56.0 21.1 56.1 80.0 100 100 20 408 0 143 0 401 401 400 0 0 0 60 50 WAIT_ACK 0 
b.1 2025-07-08 22:41:10.730 a 2025-07-08-22:41:05 206 068 270 0.1 1.1 3.8 19.4 58.9 735.4 0.00 0 0.0 34.4 24.1 24.4 3.626  -25.1   27.2    2.2  43   13.4   0 0 0 1 1 2 0 21.0 55.7 21.1 56.6 80.0 100 100 20 408 0 144 0 402 401 400 0 0 0 60 50 WAIT_ACK 0 
b.1 2025-07-08 22:42:10.671 a 2025-07-08-22:42:05 130 041 251 0.4 3.8 8.1 19.7 57.2 735.3 0.00 0 0.0 33.4 24.1 24.4 3.626  -25.7   27.2    3.6  43   13.6   0 0 0 1 1 2 0 21.0 55.8 21.0 56.1 80.0 100 100 20 408 0 143 0 401 402 399 0 0 0 60 50 WAIT_ACK 0 
b.1 2025-07-08 22:43:10.457 a 2025-07-08-22:43:05 133 047 258 0.1 2.3 5.9 19.6 58.1 735.4 0.00 0 0.0 32.8 24.1 24.4 3.624  -24.6   27.1    2.9  43   13.4   0 0 0 2 1 2 0 21.0 56.1 21.1 56.7 80.0 100 100 20 408 0 143 0 401 401 399 0 0 0 60 50 WAIT_ACK 0 
b.1 2025-07-08 22:44:09.872 a 2025-07-08-22:44:04 129 113 207 0.1 1.1 3.4 19.2 59.4 735.4 0.00 0 0.0 34.0 24.1 24.4 3.626  -24.2   27.0    2.3  43   13.4   0 0 0 2 1 2 0 21.0 56.2 21.1 57.2 80.0 100 100 20 408 0 143 0 401 401 399 0 0 0 59 50 WAIT_ACK 0 
b.1 2025-07-08 22:45:12.348 a 2025-07-08-22:45:07 243 105 291 0.1 1.5 4.4 19.5 58.9 735.4 0.00 0 0.0 34.9 24.1 24.4 3.624  -23.6   26.9    2.3  44   13.5   0 0 0 2 1 2 0 21.0 56.1 21.0 56.2 80.0 100 100 20 408 0 144 0 402 401 399 0 0 0 59 50 WAIT_ACK 0 
b.1 2025-07-08 22:46:12.993 a 2025-07-08-22:46:08 130 050 233 0.0 0.8 3.2 19.7 57.8 735.4 0.00 0 0.0 35.7 24.1 24.4 3.626  -20.2   27.0    0.0  44   13.6   0 0 0 2 1 2 0 21.0 55.8 21.0 57.3 80.0 100 100 20 408 0 143 0 401 401 400 0 0 0 60 50 WAIT_ACK 0 
b.1 2025-07-08 22:47:09.637 a 2025-07-08-22:47:04 216 313 287 0.0 0.9 2.6 20.0 57.4 735.4 0.00 0 0.0 36.2 24.1 24.4 3.623  -23.3   27.0    2.2  44   13.7   0 0 0 2 1 2 0 21.0 56.0 21.0 56.2 80.0 100 100 20 408 0 144 0 401 401 399 0 0 0 59 50 WAIT_ACK 0 
b.1 2025-07-08 22:48:10.276 a 2025-07-08-22:48:05 053 098 063 0.1 1.0 3.7 20.3 56.3 735.3 0.00 0 0.0 36.3 24.1 24.4 3.627  -24.9   27.1    0.0  44   13.8   0 0 0 2 1 2 0 21.0 56.0 21.0 56.2 80.0 100 100 20 408 0 144 0 401 401 400 0 0 0 59 50 WAIT_ACK 0 
b.1 2025-07-08 22:49:10.733 a 2025-07-08-22:49:05 146 069 350 0.3 3.1 5.6 20.5 55.3 735.3 0.00 0 0.0 35.2 24.1 24.4 3.626  -24.8   27.2    2.9  44   13.7   0 0 0 2 1 2 0 21.0 56.0 21.0 56.5 80.0 100 100 20 408 0 144 0 401 401 400 0 0 0 60 50 WAIT_ACK 0 
b.1 2025-07-08 22:50:14.897 a 2025-07-08-22:50:10 110 069 135 0.1 2.2 6.0 20.1 56.5 735.3 0.00 0 0.0 34.5 24.1 24.4 3.626  -24.2   27.2    3.0  43   13.6   0 0 0 2 1 2 0 21.0 56.1 21.0 56.5 80.0 100 100 20 408 0 144 0 402 401 400 0 0 0 60 50 WAIT_ACK 0 
b.1 2025-07-08 22:51:07.532 a 2025-07-08-22:51:02 156 044 272 0.2 2.3 5.2 19.7 57.7 735.2 0.00 0 0.0 32.3 24.1 24.4 3.623  -28.9   27.0    3.3  43   13.5   5 0 0 1 1 2 0 21.0 56.1 21.0 57.2 80.0 100 100 20 408 0 143 0 401 401 399 0 0 0 60 50 WAIT_ACK 0 
b.1 2025-07-08 22:52:09.371 a 2025-07-08-22:52:04 130 048 293 0.3 3.1 7.3 19.3 58.8 735.2 0.00 0 0.0 29.1 24.1 24.4 3.626  -23.4   26.8    4.9  44   13.4  11 0 0 2 1 2 0 21.0 56.4 21.0 56.5 80.0 100 100 20 408 0 143 0 401 402 399 0 0 0 60 50 WAIT_ACK 0 
b.1 2025-07-08 22:53:10.476 a 2025-07-08-22:53:05 191 066 272 0.2 2.6 7.2 19.0 59.8 735.2 0.00 0 0.0 28.0 24.1 24.4 3.633  -22.4   26.5    4.5  44   13.3   7 0 0 2 1 2 0 21.0 56.4 21.0 56.8 80.0 100 100 20 408 0 143 0 401 401 399 0 0 0 60 50 WAIT_ACK 0 
b.1 2025-07-08 22:54:10.414 a 2025-07-08-22:54:05 118 047 160 0.4 2.4 4.9 18.7 60.7 735.2 0.00 0 0.0 27.0 24.1 24.4 3.626  -24.0   26.3    4.1  44   13.1   7 0 0 2 1 2 0 21.0 56.4 21.0 56.8 80.0 100 100 20 408 0 143 0 401 401 399 0 0 0 59 50 WAIT_ACK 0 
b.1 2025-07-08 22:55:13.236 a 2025-07-08-22:55:08 022 139 107 0.1 0.9 3.0 18.6 61.1 735.2 0.00 0 0.0 27.1 24.1 24.4 3.624  -19.3   26.0    2.6  44   12.9   0 0 0 2 1 2 0 21.0 56.4 21.0 56.9 80.0 100 100 20 408 0 143 0 401 402 399 0 0 0 59 50 WAIT_ACK 600 
b.1 2025-07-08 22:56:11.456 a 2025-07-08-22:56:06 028 120 125 0.1 0.9 2.7 18.8 60.7 735.2 0.00 0 0.0 27.2 24.1 24.4 3.633  -27.2   25.9    2.3  44   12.9   5 0 0 1 1 2 0 21.0 56.4 21.0 57.1 80.0 100 100 20 408 0 143 0 402 401 400 0 0 0 59 50 WAIT_ACK 545 
b.1 2025-07-08 22:57:09.078 a 2025-07-08-22:57:04 195 021 331 0.1 1.4 4.7 19.0 59.7 735.1 0.00 0 0.0 26.3 24.1 24.4 3.626  -23.6   25.9    2.3  45   13.0   5 0 0 2 1 2 0 21.0 56.4 21.0 57.0 80.0 100 100 20 408 0 143 0 401 402 399 0 0 0 59 50 WAIT_ACK 487 
b.1 2025-07-08 22:58:10.256 a 2025-07-08-22:58:05 189 106 233 0.0 0.7 3.4 19.1 59.2 735.1 0.00 0 0.0 25.8 24.1 24.4 3.627  -23.5   25.8    2.1  45   13.0   5 0 0 2 1 2 0 21.0 56.6 21.0 57.0 80.0 100 100 20 408 0 143 0 401 402 399 0 0 0 59 50 WAIT_ACK 426 
b.1 2025-07-08 22:59:11.115 a 2025-07-08-22:59:06 277 195 323 0.1 0.6 1.9 19.4 58.8 735.2 0.00 0 0.0 25.6 24.1 24.4 3.627  -24.2   25.8    0.0  45   12.9   5 0 0 2 1 2 0 21.0 56.5 21.0 57.2 80.0 100 100 20 408 0 143 0 401 401 400 0 0 0 59 50 WAIT_ACK 365 
b.1 2025-07-08 23:00:14.019 a 2025-07-08-23:00:09 110 044 299 0.1 1.6 5.0 19.6 58.1 735.2 0.00 0 0.0 24.9 24.1 24.4 3.626  -25.3   25.7    2.6  45   13.0   5 0 0 1 1 1 0 21.0 56.7 21.0 57.0 80.0 100 100 20 408 0 143 0 401 401 400 0 0 0 59 50 WAIT_ACK 302 
b.1 2025-07-08 23:01:09.180 a 2025-07-08-23:01:04 109 110 160 0.1 1.0 4.0 19.3 58.7 735.2 0.00 0 0.0 24.2 24.1 24.4 3.627  -21.9   25.6    2.3  45   12.9   6 0 0 2 1 1 0 20.9 56.7 21.0 57.0 80.0 100 100 20 408 0 143 0 401 402 399 0 0 0 60 50 WAIT_ACK 247 
b.1 2025-07-08 23:02:10.953 a 2025-07-08-23:02:06 116 037 201 0.0 0.8 2.8 19.2 59.0 735.2 0.00 0 0.0 23.8 24.1 24.4 3.626  -22.6   25.5    0.0  45   12.8   6 0 0 2 1 1 0 20.9 56.8 21.0 57.0 80.0 100 100 20 408 0 143 0 401 402 399 0 0 0 59 50 WAIT_ACK 185 
b.1 2025-07-08 23:03:11.075 a 2025-07-08-23:03:06 234 135 329 0.1 0.8 2.3 19.2 59.2 735.2 0.00 0 0.0 23.5 24.1 24.4 3.626  -24.8   25.4    0.0  45   12.6   6 0 0 2 1 1 0 20.9 56.8 21.0 57.3 80.0 100 100 20 408 0 143 0 401 401 399 0 0 0 60 50 WAIT_ACK 125 
b.1 2025-07-08 23:04:13.035 a 2025-07-08-23:04:08 104 075 299 0.2 1.7 4.6 19.1 59.5 735.2 0.00 0 0.0 22.9 24.1 24.4 3.626  -23.3   25.3    2.3  46   12.7   6 0 0 2 1 1 0 20.9 56.9 21.0 57.6 80.0 100 100 20 408 0 143 0 401 401 400 0 0 0 60 50 WAIT_ACK 63 
b.1 2025-07-08 23:05:12.700 a 2025-07-08-23:05:07 230 147 303 0.1 0.7 4.3 19.0 59.7 735.2 0.00 0 0.0 22.6 24.1 24.4 3.626  -25.3   25.3    2.1  45   12.6   6 0 0 1 1 1 0 20.9 56.9 20.9 57.4 80.0 100 100 20 408 0 143 0 401 401 400 0 0 0 60 50 WAIT_ACK 3 
b.1 2025-07-08 23:06:12.157 a 2025-07-08-23:06:07 170 089 247 0.1 0.8 3.0 19.0 59.9 735.3 0.00 0 0.0 22.3 24.1 24.4 3.626  -24.6   25.2    2.2  46   12.7   6 0 0 2 1 1 0 20.8 56.9 20.9 57.7 80.0 100 100 20 408 0 143 0 402 401 400 0 0 0 59 50 WAIT_ACK 0 
b.1 2025-07-08 23:07:11.457 a 2025-07-08-23:07:06 077 238 313 0.1 0.6 2.1 19.0 59.9 735.3 0.00 0 0.0 22.2 24.1 24.4 3.633  -21.8   25.1    0.0  46   12.6   6 0 0 2 1 1 0 20.9 57.1 20.9 57.5 80.0 100 100 20 408 0 143 0 401 401 399 0 0 0 59 50 WAIT_ACK 0 
b.1 2025-07-08 23:08:12.177 a 2025-07-08-23:08:07 173 286 215 0.1 0.3 1.5 19.0 59.9 735.3 0.00 0 0.0 22.0 24.1 24.4 3.633  -20.6   25.0    0.0  46   12.5   6 0 0 2 1 1 0 20.9 57.1 20.9 57.6 80.0 100 100 20 408 0 143 0 401 401 399 0 0 0 59 50 WAIT_ACK 0 
b.1 2025-07-08 23:09:08.780 a 2025-07-08-23:09:03 019 206 246 0.0 0.5 1.7 19.0 60.0 735.3 0.00 0 0.0 22.0 24.1 24.4 3.629  -23.0   24.9    0.0  46   12.5   6 0 0 2 1 1 0 20.8 57.2 20.9 57.7 80.0 100 100 20 408 0 143 0 401 401 399 0 0 0 59 50 WAIT_ACK 0 
b.1 2025-07-08 23:10:11.703 a 2025-07-08-23:10:06 235 191 247 0.1 0.8 2.8 19.1 60.0 735.4 0.00 0 0.0 21.8 24.1 24.4 3.626  -24.7   24.9    2.1  46   12.5   6 0 0 2 1 1 0 20.8 57.2 20.9 57.7 80.0 100 100 20 408 0 143 0 401 401 400 0 0 0 60 50 WAIT_ACK 0 
b.1 2025-07-08 23:11:09.599 a 2025-07-08-23:11:04 256 241 321 0.1 1.2 3.1 19.1 60.3 735.3 0.00 0 0.0 21.4 24.1 24.4 3.626  -22.9   24.8    2.2  47   12.6   6 0 0 2 1 1 0 20.8 57.4 20.8 57.7 80.0 100 100 20 408 0 143 0 401 401 400 0 0 0 59 50 WAIT_ACK 0 
b.1 2025-07-08 23:12:09.540 a 2025-07-08-23:12:04 135 056 217 0.2 1.3 3.0 18.9 60.7 735.3 0.00 0 0.0 21.1 24.1 24.4 3.633  -23.7   24.7    2.2  47   12.5   6 0 0 2 1 1 0 20.8 57.3 20.8 57.8 80.0 100 100 20 408 0 143 0 401 401 400 0 0 0 59 50 WAIT_ACK 0 
b.1 2025-07-08 23:13:10.542 a 2025-07-08-23:13:05 200 042 248 0.1 1.9 3.9 18.8 61.4 735.3 0.00 0 0.0 20.8 24.1 24.4 3.626  -25.1   24.6    2.4  47   12.6  10 0 0 1 1 1 0 20.8 57.4 20.8 57.8 80.0 100 100 20 408 0 143 0 402 401 400 0 0 0 59 50 WAIT_ACK 0 
b.1 2025-07-08 23:14:11.039 a 2025-07-08-23:14:06 113 114 327 0.0 0.6 2.5 18.6 61.8 735.3 0.00 0 0.0 20.7 24.1 24.4 3.627  -23.4   24.5    0.0  47   12.4   7 0 0 2 1 1 0 20.7 57.5 20.8 57.8 80.0 100 100 20 408 0 143 0 401 401 400 0 0 0 60 50 WAIT_ACK 0 
b.1 2025-07-08 23:15:09.539 a 2025-07-08-23:15:04 028 100 284 0.0 0.7 2.5 18.5 61.8 735.3 0.00 0 0.0 20.7 24.1 24.4 3.635  -23.7   24.3    0.0  47   12.4   7 0 0 2 1 1 0 20.7 57.6 20.8 58.0 80.0 100 100 20 408 0 143 0 401 401 400 0 0 0 60 50 WAIT_ACK 0 
b.1 2025-07-08 23:16:10.404 a 2025-07-08-23:16:05 132 177 246 0.0 0.5 1.7 18.6 61.9 735.3 0.00 0 0.0 20.7 24.1 24.4 3.626  -23.9   24.2    2.1  47   12.4   5 0 0 2 1 1 0 20.7 57.5 20.7 58.0 80.0 100 100 20 408 0 143 0 400 401 399 0 0 0 60 50 WAIT_ACK 0 
b.1 2025-07-08 23:17:09.862 a 2025-07-08-23:17:04 178 109 270 0.0 0.6 2.5 18.6 61.6 735.3 0.00 0 0.0 20.6 24.1 24.4 3.627  -26.1   24.2    2.2  48   12.3   5 0 0 1 1 1 0 20.7 57.5 20.7 58.0 80.0 100 100 20 408 0 143 0 401 401 399 0 0 0 60 50 WAIT_ACK 0 
b.1 2025-07-08 23:18:12.161 a 2025-07-08-23:18:07 143 082 229 0.1 0.6 2.6 18.6 61.9 735.2 0.00 0 0.0 20.5 24.1 24.4 3.632  -25.6   24.1    0.0  48   12.3   5 0 0 1 1 1 0 20.7 57.5 20.7 58.0 80.0 100 100 20 408 0 144 0 401 401 399 0 0 0 59 50 WAIT_ACK 0 
b.1 2025-07-08 23:19:10.743 a 2025-07-08-23:19:05 128 088 218 0.0 0.4 2.1 18.6 61.8 735.2 0.00 0 0.0 20.6 24.1 24.4 3.626  -25.8   24.0    2.2  48   12.3   5 0 0 1 1 1 0 20.7 57.5 20.7 58.0 80.0 100 100 20 408 0 143 0 401 401 399 0 0 0 59 50 WAIT_ACK 0 
b.1 2025-07-08 23:20:13.321 a 2025-07-08-23:20:08 021 027 114 0.1 1.4 3.3 18.7 61.8 735.2 0.00 0 0.0 20.4 24.1 24.4 3.626  -26.9   23.9    2.3  48   12.3   5 0 0 1 1 1 0 20.7 57.5 20.7 58.1 80.0 100 100 20 408 0 143 0 402 401 400 0 0 0 59 50 WAIT_ACK 0 
b.1 2025-07-08 23:21:09.921 a 2025-07-08-23:21:05 155 059 286 0.3 1.9 3.9 18.5 62.5 735.2 0.00 0 0.0 20.1 24.1 24.4 3.626  -25.8   23.9    2.4  48   12.4   8 0 0 1 1 1 0 20.7 57.6 20.7 58.2 80.0 100 100 20 408 0 143 0 402 401 400 0 0 0 59 50 WAIT_ACK 0 
b.1 2025-07-08 23:22:09.302 a 2025-07-08-23:22:04 033 112 209 0.1 1.2 3.1 18.3 62.9 735.2 0.00 0 0.0 20.0 24.1 24.4 3.627  -25.5   23.8    2.3  49   12.3   8 0 0 1 1 1 0 20.7 57.6 20.7 58.2 80.0 100 100 20 408 0 144 0 401 402 399 0 0 0 59 50 WAIT_ACK 0 
b.1 2025-07-08 23:23:10.548 a 2025-07-08-23:23:05 167 123 270 0.1 0.6 1.5 18.3 63.1 735.3 0.00 0 0.0 20.0 24.1 24.4 3.627  -25.5   23.7    0.0  48   12.2   8 0 0 1 1 1 0 20.6 57.6 20.7 58.2 80.0 100 100 20 408 0 144 0 401 402 400 0 0 0 60 50 WAIT_ACK 0 
b.1 2025-07-08 23:24:07.601 a 2025-07-08-23:24:02 096 241 349 0.1 0.6 1.8 18.3 63.2 735.2 0.00 0 0.0 19.9 24.1 24.4 3.627  -25.1   23.6    0.0  48   12.1   5 0 0 1 1 1 0 20.6 57.8 20.6 58.4 80.0 100 100 20 408 0 143 0 401 401 400 0 0 0 59 50 WAIT_ACK 0 
b.1 2025-07-08 23:25:10.703 a 2025-07-08-23:25:05 102 005 149 0.1 0.5 2.6 18.2 63.3 735.2 0.00 0 0.0 19.9 24.1 24.4 3.626  -24.0   23.6    0.0  48   12.1   5 0 0 2 1 1 0 20.6 57.7 20.6 58.3 80.0 100 100 20 408 0 143 0 401 401 399 0 0 0 60 50 WAIT_ACK 0 
b.1 2025-07-08 23:26:10.165 a 2025-07-08-23:26:05 143 058 324 0.1 1.0 2.0 18.2 63.6 735.2 0.00 0 0.0 19.8 24.1 24.4 3.627  -24.8   23.5    2.2  48   12.1   5 0 0 2 1 1 0 20.6 57.7 20.6 58.4 80.0 100 100 20 408 0 143 0 401 401 400 0 0 0 59 50 WAIT_ACK 0 
b.1 2025-07-08 23:27:12.048 a 2025-07-08-23:27:07 117 160 251 0.0 0.3 1.1 18.1 63.7 735.3 0.00 0 0.0 19.9 24.1 24.4 3.624  -24.1   23.5    0.0  49   12.1   5 0 0 2 1 1 0 20.6 57.7 20.6 58.4 80.0 100 100 20 408 0 143 0 402 401 399 0 0 0 59 50 WAIT_ACK 0 
b.1 2025-07-08 23:28:10.265 a 2025-07-08-23:28:05 110 255 312 0.0 0.3 1.0 18.1 63.7 735.3 0.00 0 0.0 19.9 24.1 24.4 3.626  -25.1   23.4    0.0  49   12.1   5 0 0 1 1 1 0 20.6 57.7 20.6 58.4 80.0 100 100 20 408 0 143 0 401 401 399 0 0 0 59 50 WAIT_ACK 0 
b.1 2025-07-08 23:29:11.364 a 2025-07-08-23:29:06 081 009 185 0.0 1.0 3.2 18.1 63.7 735.3 0.00 0 0.0 19.9 24.1 24.4 3.627  -28.0   23.4    2.2  49   12.2   5 0 0 1 1 1 0 20.6 57.7 20.6 58.4 80.0 100 100 20 408 0 143 0 402 401 400 0 0 0 60 50 WAIT_ACK 0 
b.1 2025-07-08 23:30:10.967 a 2025-07-08-23:30:06 102 033 330 0.5 2.2 3.9 18.0 64.4 735.2 0.00 0 0.0 19.6 24.1 24.4 3.626  -26.2   23.3    2.4  49   12.2   7 0 0 1 1 1 0 20.6 57.7 20.6 58.5 80.0 100 100 20 408 0 143 0 400 401 400 0 0 0 60 50 WAIT_ACK 0 
b.1 2025-07-08 23:31:11.463 a 2025-07-08-23:31:06 134 036 263 0.1 1.9 4.2 17.8 65.4 735.2 0.00 0 0.0 19.4 24.1 24.4 3.632  -24.6   23.3    2.6  50   12.1   7 0 0 2 1 1 0 20.6 57.8 20.6 58.5 80.0 100 100 20 408 0 143 0 401 401 400 0 0 0 59 50 WAIT_ACK 0 
b.1 2025-07-08 23:32:08.668 a 2025-07-08-23:32:03 127 046 228 0.1 1.5 3.9 17.6 66.2 735.3 0.00 0 0.0 19.4 24.1 24.4 3.626  -22.5   23.2    2.5  50   12.0   7 0 0 2 1 1 0 20.6 57.9 20.5 58.5 80.0 100 100 20 408 0 143 0 401 401 400 0 0 0 59 50 WAIT_ACK 0 
b.1 2025-07-08 23:33:12.148 a 2025-07-08-23:33:07 132 047 187 0.1 0.6 1.7 17.5 66.3 735.3 0.00 0 0.0 19.7 24.1 24.4 3.626  -17.9   23.1    2.2  50   12.0   7 0 0 2 1 2 0 20.5 58.1 20.5 58.7 80.0 100 100 20 408 0 143 0 401 401 399 0 0 0 59 50 WAIT_ACK 600 
b.1 2025-07-08 23:34:09.332 a 2025-07-08-23:34:04 101 084 106 0.1 0.8 3.2 17.5 66.6 735.2 0.00 0 0.0 20.9 24.1 24.4 3.632  -17.5   23.0    2.2  50   12.1   5 0 0 2 1 2 0 20.5 58.3 20.5 58.9 80.0 100 100 20 408 0 143 0 402 401 400 0 0 0 60 50 WAIT_ACK 600 
b.1 2025-07-08 23:35:14.983 a 2025-07-08-23:35:10 115 049 211 0.1 1.3 3.3 17.6 66.8 735.2 0.00 0 0.0 22.8 24.1 24.4 3.627  -11.5   23.0    2.2  51   12.2   0 0 0 2 1 2 0 20.5 58.2 20.5 58.8 80.0 100 100 20 408 0 143 0 401 401 400 0 0 0 59 50 WAIT_ACK 600 
b.1 2025-07-08 23:36:09.986 a 2025-07-08-23:36:05 049 038 072 0.1 0.8 2.2 17.7 66.4 735.2 0.00 0 0.0 24.9 24.1 24.4 3.626  -13.5   23.0    2.2  51   12.5   0 0 0 2 1 2 0 20.5 58.3 20.5 58.8 80.0 100 100 20 408 0 143 0 402 401 400 0 0 0 59 50 WAIT_ACK 600 
b.1 2025-07-08 23:37:10.484 a 2025-07-08-23:37:05 029 013 143 0.1 1.5 3.9 17.9 66.0 735.2 0.00 0 0.0 25.5 24.1 24.4 3.626  -14.7   23.1    2.2  52   12.7   0 0 0 2 1 2 0 20.5 58.4 20.5 59.0 80.0 100 100 20 408 0 143 0 401 401 399 0 0 0 60 50 WAIT_ACK 600 
b.1 2025-07-08 23:38:09.309 a 2025-07-08-23:38:04 148 035 214 0.3 2.1 4.0 17.9 66.0 735.2 0.00 0 0.0 26.6 24.1 24.4 3.633  -16.3   23.3    2.3  52   12.8   5 0 0 2 1 2 0 20.5 58.4 20.5 59.4 80.0 100 100 20 408 0 143 0 401 401 400 0 0 0 59 50 WAIT_ACK 600 
b.1 2025-07-08 23:39:12.128 a 2025-07-08-23:39:07 113 039 209 0.1 1.6 3.1 18.0 65.6 735.2 0.00 0 0.0 27.0 24.1 24.4 3.632  -21.7   23.4    2.3  52   12.9   5 0 0 2 1 2 0 20.5 58.5 20.5 59.2 80.0 100 100 20 408 0 143 0 400 401 399 0 0 0 59 50 WAIT_ACK 576 
b.1 2025-07-08 23:40:13.266 a 2025-07-08-23:40:08 126 044 273 0.3 2.4 4.3 18.0 65.6 735.1 0.00 0 0.0 25.5 24.1 24.4 3.633  -26.1   23.5    2.7  52   12.9   5 0 0 1 1 2 0 20.4 58.6 20.4 59.2 80.0 100 100 20 408 0 143 0 401 401 399 0 0 0 60 50 WAIT_ACK 515 
b.1 2025-07-08 23:41:12.128 a 2025-07-08-23:41:07 110 034 254 0.2 2.1 3.9 18.0 65.5 735.1 0.00 0 0.0 24.0 24.1 24.5 3.626  -28.0   23.5    2.8  51   12.8   7 0 0 1 1 2 0 20.4 58.7 20.4 59.4 80.0 100 100 20 408 0 143 0 401 401 400 0 0 0 59 50 WAIT_ACK 456 
b.1 2025-07-08 23:42:08.111 a 2025-07-08-23:42:03 112 034 317 0.2 2.5 4.8 18.0 65.7 735.1 0.00 0 0.0 23.0 24.1 24.4 3.627  -26.5   23.5    3.6  51   12.8   8 0 0 1 1 2 0 20.4 58.8 20.4 59.3 80.0 100 100 20 408 0 144 0 401 401 399 0 0 0 60 50 WAIT_ACK 400 
b.1 2025-07-08 23:43:12.049 a 2025-07-08-23:43:07 181 047 285 0.1 1.3 4.2 17.8 66.2 735.1 0.00 0 0.0 23.3 24.1 24.4 3.626  -29.5   23.4    2.6  51   12.7   8 0 0 1 1 2 0 20.4 58.7 20.4 59.4 80.0 100 100 20 408 0 144 0 401 401 399 0 0 0 59 50 WAIT_ACK 336 
b.1 2025-07-08 23:44:09.250 a 2025-07-08-23:44:04 122 036 319 0.3 2.7 4.7 17.6 66.6 735.1 0.00 0 0.0 23.4 24.1 24.4 3.626  -26.4   23.3    3.0  51   12.7   0 0 0 1 1 2 0 20.4 58.8 20.4 59.2 80.0 100 100 20 408 0 143 0 400 401 399 0 0 0 60 50 WAIT_ACK 279 
b.1 2025-07-08 23:45:11.312 a 2025-07-08-23:45:06 143 078 232 0.1 1.7 4.7 17.5 66.9 735.0 0.00 0 0.0 24.8 24.1 24.4 3.626  -26.8   23.3    2.6  51   12.7   5 0 0 1 1 2 0 20.4 58.7 20.4 59.4 80.0 100 100 20 408 0 143 0 402 401 399 0 0 0 60 50 WAIT_ACK 217 
b.1 2025-07-08 23:46:10.648 a 2025-07-08-23:46:05 145 061 302 0.2 1.9 4.5 17.6 66.4 735.0 0.00 0 0.0 25.7 24.1 24.4 3.627  -26.2   23.3    2.6  52   12.8   5 0 0 1 1 2 0 20.4 58.7 20.4 59.4 80.0 100 100 20 408 0 143 0 401 401 400 0 0 0 59 50 WAIT_ACK 157 
b.1 2025-07-08 23:47:11.410 a 2025-07-08-23:47:06 143 053 297 0.4 2.1 3.8 17.7 66.3 735.0 0.00 0 0.0 26.3 24.1 24.4 3.628  -26.9   23.3    2.7  52   12.9   5 0 0 1 1 2 0 20.4 58.7 20.4 59.3 80.0 100 100 20 408 0 143 0 401 401 399 0 0 0 59 50 WAIT_ACK 97 
b.1 2025-07-08 23:48:11.430 a 2025-07-08-23:48:06 125 057 315 0.1 2.1 4.0 17.8 66.0 735.0 0.00 0 0.0 26.7 24.1 24.4 3.627  -25.4   23.4    2.7  52   13.0   0 0 0 1 1 2 0 20.4 58.6 20.4 59.3 80.0 100 100 20 408 0 143 0 401 401 400 0 0 0 60 50 WAIT_ACK 37 
b.1 2025-07-08 23:49:10.430 a 2025-07-08-23:49:05 129 050 296 0.0 1.6 3.8 17.8 65.8 735.0 0.00 0 0.0 27.1 24.1 24.4 3.627  -26.4   23.4    2.4  52   13.0   0 0 0 1 1 2 0 20.4 58.7 20.4 59.4 80.0 100 100 20 408 0 143 0 401 401 399 0 0 0 60 50 WAIT_ACK 0 
b.1 2025-07-08 23:50:13.989 a 2025-07-08-23:50:09 137 062 246 0.2 1.3 4.3 17.9 66.0 735.0 0.00 0 0.0 27.4 24.1 24.4 3.626  -24.5   23.5    2.2  52   13.1   0 0 0 2 1 2 0 20.4 58.8 20.4 59.5 80.0 100 100 20 408 0 143 0 401 401 399 0 0 0 59 50 WAIT_ACK 0 
b.1 2025-07-08 23:51:10.331 a 2025-07-08-23:51:05 143 049 283 0.1 1.4 4.0 18.1 65.8 734.9 0.00 0 0.0 27.9 24.1 24.4 3.627  -26.5   23.6    2.2  52   13.2   5 0 0 1 1 2 0 20.4 59.0 20.4 59.6 80.0 100 100 20 408 0 143 0 401 402 400 0 0 0 60 50 WAIT_ACK 0 
b.1 2025-07-08 23:52:11.529 a 2025-07-08-23:52:06 189 075 225 0.1 1.0 3.5 18.2 65.3 734.9 0.00 0 0.0 28.6 24.1 24.4 3.626  -25.5   23.7    0.0  52   13.3   0 0 0 1 1 2 0 20.4 59.0 20.4 59.7 80.0 100 100 20 408 0 143 0 401 402 399 0 0 0 59 50 WAIT_ACK 0 
b.1 2025-07-08 23:53:12.667 a 2025-07-08-23:53:07 020 058 075 0.0 1.0 2.6 18.4 64.7 734.9 0.00 0 0.0 29.2 24.1 24.5 3.633  -26.3   23.9    0.0  52   13.4   0 0 0 1 1 2 0 20.4 59.0 20.4 59.7 80.0 100 100 20 408 0 143 0 401 401 399 0 0 0 59 50 WAIT_ACK 0 
b.1 2025-07-08 23:54:10.888 a 2025-07-08-23:54:05 087 080 190 0.1 0.9 3.7 18.6 63.7 734.9 0.00 0 0.0 29.9 24.1 24.4 3.627  -27.3   24.1    2.2  52   13.6   0 0 0 1 1 2 0 20.4 59.0 20.4 60.2 80.0 100 100 20 408 0 143 0 401 401 399 0 0 0 60 50 WAIT_ACK 0 
b.1 2025-07-08 23:55:10.448 a 2025-07-08-23:55:05 158 053 266 0.1 1.5 4.3 18.8 63.4 734.9 0.00 0 0.0 29.9 24.1 24.4 3.626  -27.9   24.2    2.2  52   13.7   5 0 0 1 1 2 0 20.4 59.2 20.4 59.6 80.0 100 100 20 408 0 143 0 402 401 400 0 0 0 59 50 WAIT_ACK 0 
b.1 2025-07-08 23:56:11.029 a 2025-07-08-23:56:06 138 075 304 0.2 1.7 3.9 18.8 63.4 734.9 0.00 0 0.0 29.7 24.1 24.4 3.626  -30.1   24.4    2.2  51   13.8   5 0 0 1 1 2 0 20.4 59.2 20.4 60.5 80.0 100 100 20 408 0 143 0 401 402 400 0 0 0 59 50 WAIT_ACK 0 
b.1 2025-07-08 23:57:08.871 a 2025-07-08-23:57:03 161 063 000 0.2 2.2 5.0 18.8 63.1 734.9 0.00 0 0.0 29.3 24.1 24.4 3.626  -29.7   24.5    2.4  51   13.8   5 0 0 1 1 2 0 20.4 59.3 20.4 60.1 80.0 100 100 20 408 0 143 0 401 402 399 0 0 0 59 50 WAIT_ACK 0 
b.1 2025-07-08 23:58:11.171 a 2025-07-08-23:58:06 192 066 353 0.2 1.7 3.9 18.7 63.6 735.0 0.00 0 0.0 28.9 24.1 24.4 3.626  -26.3   24.6    2.4  51   13.7   5 0 0 1 1 2 0 20.4 59.2 20.4 60.0 80.0 100 100 20 408 0 143 0 401 401 400 0 0 0 60 50 WAIT_ACK 0 
b.1 2025-07-08 23:59:09.575 a 2025-07-08-23:59:04 143 044 238 0.1 1.4 3.5 18.6 63.7 735.0 0.00 0 0.0 28.9 24.1 24.4 3.626  -25.8   24.6    2.3  51   13.8   0 0 0 1 1 2 0 20.4 59.3 20.4 60.0 80.0 100 100 20 408 0 143 0 402 401 400 0 0 0 59 50 WAIT_ACK 0 
