b.1 2025-08-01 00:00:17.453 a 2025-08-01-00:00:09 140 068 327 0.3 1.7 3.5 20.7 44.7 733.6 0.00 0 0.0 32.8 24.1 24.4 3.626  -35.2   27.6    2.4  35   10.6   5 0 0 1 1 2 0 20.5 48.8 20.7 48.5 80.0 100 100 20 408 0 143 0 401 401 400 0 0 0 59 50 WAIT_ACK 0 
b.1 2025-08-01 00:01:12.936 a 2025-08-01-00:01:04 207 094 244 0.2 1.3 3.5 20.3 45.7 733.6 0.00 0 0.0 32.8 24.1 24.4 3.626  -34.4   27.5    2.2  35   10.6   0 0 0 1 1 2 0 20.5 48.9 20.7 48.6 80.0 100 100 20 408 0 143 0 401 401 400 0 0 0 59 50 WAIT_ACK 0 
b.1 2025-08-01 00:02:12.000 a 2025-08-01-00:02:03 260 175 303 0.1 1.0 3.2 20.2 45.7 733.5 0.00 0 0.0 32.7 24.1 24.4 3.626  -33.5   27.4    0.0  35   10.5   0 0 0 1 1 2 0 20.6 48.6 20.7 48.5 80.0 100 100 20 408 0 143 0 401 401 400 0 0 0 59 50 WAIT_ACK 0 
b.1 2025-08-01 00:03:12.776 a 2025-08-01-00:03:04 137 065 179 0.0 0.6 2.5 20.3 45.3 733.5 0.00 0 0.0 33.0 24.1 24.4 3.626  -33.5   27.4    2.2  35   10.7   0 0 0 1 1 2 0 20.6 48.5 20.8 48.5 80.0 100 100 20 408 0 143 0 401 401 400 0 0 0 60 50 WAIT_ACK 0 
b.1 2025-08-01 00:04:11.137 a 2025-08-01-00:04:02 238 074 297 0.1 1.0 3.3 20.5 45.1 733.5 0.00 0 0.0 33.1 24.1 24.4 3.624  -33.1   27.5    0.0  35   10.8   5 0 0 1 1 2 0 20.6 48.8 20.8 48.9 80.0 100 100 20 408 0 143 0 401 401 400 0 0 0 59 50 WAIT_ACK 0 
b.1 2025-08-01 00:05:15.075 a 2025-08-01-00:05:06 139 026 240 0.4 2.8 5.9 20.6 45.4 733.5 0.00 0 0.0 31.7 24.1 24.4 3.626  -37.2   27.5    2.9  36   10.9   5 0 0 1 1 2 0 20.6 49.3 20.8 49.3 80.0 100 100 20 408 0 143 0 401 401 400 0 0 0 60 50 WAIT_ACK 0 
b.1 2025-08-01 00:06:11.519 a 2025-08-01-00:06:03 063 019 348 0.1 1.0 3.8 20.2 46.6 733.5 0.00 0 0.0 31.2 24.1 24.4 3.624  -33.3   27.4    2.3  36   10.9   5 0 0 1 1 2 0 20.6 49.5 20.7 49.6 80.0 100 100 20 408 0 143 0 402 401 400 0 0 0 59 50 WAIT_ACK 0 
b.1 2025-08-01 00:07:13.819 a 2025-08-01-00:07:05 233 102 299 0.1 1.0 2.8 19.9 47.3 733.5 0.00 0 0.0 31.6 24.1 24.4 3.626  -33.4   27.4    2.2  35   10.7   5 0 0 1 1 2 0 20.5 49.7 20.7 49.9 80.0 100 100 20 408 0 143 0 401 401 399 0 0 0 59 50 WAIT_ACK 0 
b.1 2025-08-01 00:08:11.519 a 2025-08-01-00:08:03 255 121 332 0.1 1.4 3.1 19.9 47.0 733.5 0.00 0 0.0 31.7 24.1 24.4 3.628  -34.1   27.3    2.2  36   10.8   5 0 0 1 1 2 0 20.5 49.9 20.7 50.1 80.0 100 100 20 408 0 143 0 401 402 399 0 0 0 59 50 WAIT_ACK 0 
b.1 2025-08-01 00:09:13.740 a 2025-08-01-00:09:05 131 115 223 0.0 1.5 5.1 20.0 47.1 733.5 0.00 0 0.0 31.6 24.1 24.4 3.628  -36.3   27.3    2.2  36   10.9   5 0 0 1 1 2 0 20.5 50.3 20.6 50.3 80.0 100 100 20 408 0 143 0 402 401 400 0 0 0 59 50 WAIT_ACK 0 
b.1 2025-08-01 00:10:13.361 a 2025-08-01-00:10:05 123 041 267 0.0 1.0 3.0 20.1 46.9 733.5 0.00 0 0.0 31.3 24.1 24.4 3.626  -35.9   27.2    2.2  36   10.8   5 0 0 1 1 2 0 20.4 50.5 20.5 50.7 80.0 100 100 20 408 0 143 0 401 402 400 0 0 0 59 50 WAIT_ACK 0 
b.1 2025-08-01 00:11:12.259 a 2025-08-01-00:11:04 235 102 273 0.0 0.6 1.8 20.1 47.1 733.5 0.00 0 0.0 31.6 24.1 24.4 3.626  -35.4   27.2    0.0  36   10.8   5 0 0 1 1 2 0 20.4 50.8 20.5 50.9 80.0 100 100 20 408 0 143 0 401 401 400 0 0 0 59 50 WAIT_ACK 0 
b.1 2025-08-01 00:12:12.042 a 2025-08-01-00:12:03 196 068 198 0.1 1.2 4.0 20.2 47.6 733.4 0.00 0 0.0 31.6 24.1 24.4 3.626  -35.4   27.2    2.2  36   10.8   5 0 0 1 1 2 0 20.3 51.2 20.5 51.2 80.0 100 100 20 408 0 143 0 401 401 399 0 0 0 59 50 WAIT_ACK 0 
b.1 2025-08-01 00:13:07.480 a 2025-08-01-00:12:59 139 039 285 0.2 1.3 3.7 20.0 48.1 733.4 0.00 0 0.0 31.3 24.1 24.4 3.624  -37.9   27.2    2.2  36   10.8   5 0 0 1 1 2 0 20.3 51.4 20.4 51.5 80.0 100 100 20 408 0 143 0 400 401 400 0 0 0 59 50 WAIT_ACK 0 
b.1 2025-08-01 00:14:10.901 a 2025-08-01-00:14:02 130 038 307 0.2 2.3 5.3 19.6 49.3 733.4 0.00 0 0.0 30.2 24.1 24.4 3.626  -37.2   27.2    2.7  36   11.0   5 0 0 1 1 2 0 20.3 51.6 20.4 51.8 80.0 100 100 20 408 0 143 0 402 401 400 0 0 0 60 50 WAIT_ACK 0 
b.1 2025-08-01 00:15:11.062 a 2025-08-01-00:15:02 179 073 281 0.2 1.3 3.6 19.3 50.0 733.4 0.00 0 0.0 30.1 24.1 24.4 3.626  -34.7   27.1    2.4  37   11.0   5 0 0 1 1 2 0 20.3 51.8 20.4 52.0 80.0 100 100 20 408 0 143 0 401 401 399 0 0 0 59 50 WAIT_ACK 0 
b.1 2025-08-01 00:16:10.404 a 2025-08-01-00:16:02 114 023 160 0.1 0.8 3.6 19.4 49.9 733.4 0.00 0 0.0 30.7 24.1 24.4 3.631  -34.2   27.0    0.0  36   10.7   5 0 0 1 1 2 0 20.2 51.9 20.4 52.1 80.0 100 100 20 408 0 143 0 401 401 400 0 0 0 60 50 WAIT_ACK 0 
b.1 2025-08-01 00:17:09.322 a 2025-08-01-00:17:01 183 238 296 0.1 1.1 4.8 19.5 49.4 733.4 0.00 0 0.0 30.5 24.1 24.4 3.624  -33.8   27.0    0.0  37   10.9   0 0 0 1 1 2 0 20.2 52.0 20.4 52.0 80.0 100 100 20 408 0 143 0 401 401 400 0 0 0 59 50 WAIT_ACK 0 
b.1 2025-08-01 00:18:11.578 a 2025-08-01-00:18:03 158 344 270 0.1 0.8 2.6 19.6 49.1 733.4 0.00 0 0.0 30.9 24.1 24.4 3.626  -33.9   27.0    0.0  37   10.9   0 0 0 1 1 2 0 20.2 52.1 20.4 52.1 80.0 100 100 20 408 0 143 0 401 401 399 0 0 0 59 50 WAIT_ACK 0 
b.1 2025-08-01 00:19:10.240 a 2025-08-01-00:19:02 033 090 282 0.1 0.6 3.2 19.7 48.7 733.4 0.00 0 0.0 31.3 24.1 24.4 3.627  -33.0   27.1    0.0  37   11.0   0 0 0 1 1 2 0 20.2 52.1 20.3 52.2 80.0 100 100 20 408 0 143 0 401 401 400 0 0 0 60 50 WAIT_ACK 0 
b.1 2025-08-01 00:20:11.463 a 2025-08-01-00:20:03 146 046 215 0.1 1.6 3.8 19.8 48.7 733.4 0.00 0 0.0 31.1 24.1 24.4 3.631  -38.2   27.1    2.3  37   11.1   5 0 0 1 1 2 0 20.1 52.3 20.3 52.2 80.0 100 100 20 408 0 143 0 401 401 400 0 0 0 60 50 WAIT_ACK 0 
b.1 2025-08-01 00:21:10.184 a 2025-08-01-00:21:01 199 096 221 0.1 1.0 2.8 19.8 48.7 733.4 0.00 0 0.0 30.9 24.1 24.4 3.626  -33.6   27.1    2.1  37   11.0   5 0 0 1 1 2 0 20.1 52.4 20.3 52.4 80.0 100 99 20 404 1 143 0 401 401 399 0 0 0 60 50 WAIT_ACK 0 
b.1 2025-08-01 00:22:07.803 a 2025-08-01-00:21:59 270 040 294 0.1 0.9 3.9 19.7 48.7 733.4 0.00 0 0.0 31.1 24.1 24.4 3.629  -36.5   27.1    2.2  37   11.0   5 0 0 1 1 2 0 20.1 52.5 20.2 52.5 80.0 100 99 20 408 0 143 0 402 401 400 0 0 0 59 50 WAIT_ACK 0 
b.1 2025-08-01 00:23:09.505 a 2025-08-01-00:23:01 215 053 249 0.1 0.9 2.6 19.7 49.0 733.4 0.00 0 0.0 31.2 24.1 24.4 3.626  -36.1   27.0    0.0  37   11.0   5 0 0 1 1 2 0 20.1 52.7 20.2 52.7 80.0 100 100 20 408 0 143 0 402 401 400 0 0 0 60 50 WAIT_ACK 0 
b.1 2025-08-01 00:24:10.007 a 2025-08-01-00:24:01 131 060 235 0.4 2.3 5.8 19.6 49.3 733.4 0.00 0 0.0 29.9 24.1 24.4 3.624  -38.1   27.0    2.4  37   11.1   5 0 0 1 1 2 0 20.1 52.8 20.2 52.9 80.0 100 100 20 408 0 143 0 402 401 400 0 0 0 60 50 WAIT_ACK 0 
b.1 2025-08-01 00:25:14.624 a 2025-08-01-00:25:06 167 068 285 0.0 0.8 3.2 19.5 49.9 733.4 0.00 0 0.0 29.0 24.1 24.4 3.626  -38.4   26.9    2.2  37   11.0   5 0 0 1 1 1 0 20.0 53.0 20.2 53.0 80.0 100 100 20 408 0 143 0 401 401 399 0 0 0 60 50 WAIT_ACK 0 
b.1 2025-08-01 00:26:09.846 a 2025-08-01-00:26:01 161 121 329 0.1 1.3 3.1 19.3 50.3 733.4 0.00 0 0.0 27.6 24.1 24.4 3.627  -37.9   26.8    2.2  37   11.0   5 0 0 1 1 1 0 20.0 53.0 20.2 52.9 80.0 100 100 20 408 0 143 0 401 401 399 0 0 0 60 50 WAIT_ACK 0 
b.1 2025-08-01 00:27:10.647 a 2025-08-01-00:27:02 030 157 298 0.1 0.8 2.3 19.4 49.8 733.4 0.00 0 0.0 26.4 24.1 24.4 3.624  -40.0   26.6    2.1  37   10.7  11 0 0 1 1 1 0 20.0 53.1 20.2 53.1 80.0 100 100 20 408 0 143 0 401 401 400 0 0 0 60 50 WAIT_ACK 0 
b.1 2025-08-01 00:28:09.608 a 2025-08-01-00:28:01 111 099 141 0.1 1.2 3.4 19.4 49.9 733.4 0.00 0 0.0 25.4 24.1 24.4 3.626  -40.9   26.6    2.1  37   10.7   8 0 0 1 1 1 0 20.0 53.2 20.2 53.2 80.0 100 100 20 408 0 143 0 401 401 400 0 0 0 59 50 WAIT_ACK 0 
b.1 2025-08-01 00:29:10.924 a 2025-08-01-00:29:02 134 094 307 0.1 1.3 3.1 19.5 50.0 733.4 0.00 0 0.0 25.3 24.1 24.4 3.632  -34.0   26.5    2.2  37   10.8   0 0 0 1 1 2 0 20.0 53.2 20.1 53.2 80.0 100 100 20 408 0 143 0 401 401 400 0 0 0 59 50 WAIT_ACK 0 
b.1 2025-08-01 00:30:11.085 a 2025-08-01-00:30:02 076 038 218 0.4 2.1 4.1 19.4 50.3 733.3 0.00 0 0.0 25.9 24.1 24.4 3.624  -36.8   26.3    2.5  38   10.8   5 0 0 1 1 2 0 19.9 53.3 20.1 53.2 80.0 100 100 20 408 0 143 0 401 401 400 0 0 0 59 50 WAIT_ACK 0 
b.1 2025-08-01 00:31:12.365 a 2025-08-01-00:31:04 162 033 250 0.1 2.5 4.5 19.1 51.3 733.4 0.00 0 0.0 25.2 24.1 24.4 3.626  -40.1   26.1    3.1  38   10.7   5 0 0 1 1 1 0 19.9 53.3 20.1 53.3 80.0 100 100 20 408 0 143 0 400 401 399 0 0 0 60 50 WAIT_ACK 0 
b.1 2025-08-01 00:32:10.625 a 2025-08-01-00:32:02 284 134 344 0.1 1.1 2.4 18.7 52.2 733.4 0.00 0 0.0 24.4 24.1 24.4 3.626  -36.2   25.9    2.5  38   10.4   6 0 0 1 1 1 0 19.9 53.3 20.1 53.2 80.0 100 100 20 408 0 143 0 401 401 400 0 0 0 59 50 WAIT_ACK 0 
b.1 2025-08-01 00:33:12.148 a 2025-08-01-00:33:03 141 074 314 0.2 1.8 5.3 18.6 52.6 733.3 0.00 0 0.0 23.5 24.1 24.4 3.627  -39.6   25.8    2.6  38   10.6   8 0 0 1 1 1 0 19.9 53.3 20.1 53.3 80.0 100 100 20 408 0 143 0 401 401 400 0 0 0 60 50 WAIT_ACK 0 
b.1 2025-08-01 00:34:08.092 a 2025-08-01-00:33:59 134 045 289 0.3 2.0 4.3 18.4 52.9 733.3 0.00 0 0.0 23.1 24.1 24.4 3.626  -36.7   25.6    2.8  39   10.5   8 0 0 1 1 2 0 19.9 53.3 20.1 53.2 80.0 100 100 20 408 0 143 0 400 402 399 0 0 0 59 50 WAIT_ACK 0 
b.1 2025-08-01 00:35:12.825 a 2025-08-01-00:35:04 284 135 286 0.1 1.1 3.5 18.3 53.2 733.3 0.00 0 0.0 23.6 24.1 24.4 3.626  -33.4   25.4    2.3  39   10.4   0 0 0 1 1 2 0 19.9 53.2 20.1 53.0 80.0 100 100 20 408 0 143 0 401 401 399 0 0 0 60 50 WAIT_ACK 0 
b.1 2025-08-01 00:36:09.848 a 2025-08-01-00:36:01 030 199 287 0.1 0.9 2.4 18.3 53.1 733.3 0.00 0 0.0 24.3 24.1 24.4 3.626  -36.7   25.3    2.2  39   10.2   5 0 0 1 1 1 0 19.8 53.2 20.0 53.1 80.0 100 100 20 408 0 143 0 400 401 399 0 0 0 60 50 WAIT_ACK 0 
b.1 2025-08-01 00:37:09.709 a 2025-08-01-00:37:01 135 091 202 0.1 0.6 1.9 18.5 52.6 733.3 0.00 0 0.0 24.0 24.1 24.4 3.626  -34.7   25.3    0.0  39   10.3   5 0 0 1 1 2 0 19.9 53.3 20.0 53.0 80.0 100 100 20 408 0 143 0 401 401 400 0 0 0 60 50 WAIT_ACK 0 
b.1 2025-08-01 00:38:08.566 a 2025-08-01-00:38:00 270 101 316 0.1 0.7 2.6 18.7 52.3 733.3 0.00 0 0.0 24.8 24.1 24.4 3.626  -32.9   25.3    0.0  39   10.3   5 0 0 1 1 2 0 19.8 53.3 20.0 53.0 80.0 100 100 20 408 0 143 0 401 401 400 0 0 0 59 50 WAIT_ACK 0 
b.1 2025-08-01 00:39:10.973 a 2025-08-01-00:39:02 274 100 311 0.0 0.8 2.4 18.9 52.1 733.3 0.00 0 0.0 24.8 24.1 24.4 3.626  -34.7   25.3    0.0  39   10.5   5 0 0 1 1 2 0 19.8 53.2 20.0 53.1 80.0 100 100 20 408 0 143 0 401 401 399 0 0 0 59 50 WAIT_ACK 0 
b.1 2025-08-01 00:40:12.207 a 2025-08-01-00:40:03 135 077 145 0.0 0.5 2.1 19.1 51.9 733.3 0.00 0 0.0 25.7 24.1 24.4 3.628  -33.4   25.2    2.1  40   10.6   5 0 0 1 1 2 0 19.8 53.4 20.0 53.3 80.0 100 100 20 408 0 143 0 401 401 399 0 0 0 60 50 WAIT_ACK 0 
b.1 2025-08-01 00:41:10.993 a 2025-08-01-00:41:02 156 052 180 0.1 0.7 2.3 19.2 51.8 733.3 0.00 0 0.0 25.9 24.1 24.4 3.626  -37.6   25.3    2.1  40   10.5   5 0 0 1 1 2 0 19.8 53.5 20.0 53.3 80.0 100 100 20 408 0 143 0 401 401 400 0 0 0 60 50 WAIT_ACK 0 
b.1 2025-08-01 00:42:10.608 a 2025-08-01-00:42:02 111 045 282 0.2 2.2 5.1 19.2 51.8 733.2 0.00 0 0.0 24.9 24.1 24.4 3.633  -37.2   25.3    2.5  40   10.7   6 0 0 1 1 2 0 19.8 53.5 20.0 53.2 80.0 100 100 20 408 0 143 0 401 401 400 0 0 0 59 50 WAIT_ACK 0 
b.1 2025-08-01 00:43:11.612 a 2025-08-01-00:43:03 194 095 270 0.1 1.2 3.3 18.9 52.6 733.3 0.00 0 0.0 25.1 24.1 24.4 3.626  -36.1   25.2    2.3  40   10.6   6 0 0 1 1 2 0 19.8 53.5 19.9 53.5 80.0 100 100 20 408 0 143 0 400 402 399 0 0 0 59 50 WAIT_ACK 0 
b.1 2025-08-01 00:44:08.253 a 2025-08-01-00:44:00 125 075 272 0.1 1.0 2.8 18.8 52.7 733.2 0.00 0 0.0 24.5 24.1 24.4 3.626  -38.9   25.1    2.2  40   10.6   6 0 0 1 1 1 0 19.8 53.7 19.9 53.7 80.0 100 100 20 408 0 143 0 401 401 400 0 0 0 60 50 WAIT_ACK 0 
b.1 2025-08-01 00:45:13.207 a 2025-08-01-00:45:04 246 145 357 0.0 0.4 1.4 18.8 52.5 733.3 0.00 0 0.0 24.0 24.1 24.4 3.632  -38.4   25.1    0.0  40   10.5   6 0 0 1 1 1 0 19.7 53.8 19.9 53.7 80.0 100 100 20 408 0 143 0 402 401 400 0 0 0 60 50 WAIT_ACK 0 
b.1 2025-08-01 00:46:10.690 a 2025-08-01-00:46:02 082 155 314 0.1 1.0 2.2 18.9 52.2 733.3 0.00 0 0.0 23.4 24.1 24.4 3.626  -37.4   25.0    2.2  40   10.4   6 0 0 1 1 1 0 19.7 53.8 19.9 53.8 80.0 100 100 20 408 0 143 0 401 401 399 0 0 0 60 50 WAIT_ACK 0 
b.1 2025-08-01 00:47:08.349 a 2025-08-01-00:47:00 146 081 198 0.0 0.5 1.3 19.0 52.4 733.3 0.00 0 0.0 23.4 24.1 24.4 3.626  -36.2   25.0    2.1  40   10.4   6 0 0 1 1 2 0 19.7 53.9 19.9 53.8 80.0 100 100 20 408 0 143 0 402 401 400 0 0 0 59 50 WAIT_ACK 0 
b.1 2025-08-01 00:48:13.267 a 2025-08-01-00:48:05 208 125 277 0.0 0.6 2.3 19.0 52.1 733.3 0.00 0 0.0 23.5 24.1 24.4 3.632  -33.0   24.9    0.0  40   10.4   6 0 0 1 1 2 0 19.7 54.0 19.9 54.1 80.0 100 100 20 408 0 143 0 400 402 400 0 0 0 59 50 WAIT_ACK 0 
b.1 2025-08-01 00:49:09.733 a 2025-08-01-00:49:01 033 149 315 0.0 0.5 1.5 19.1 52.0 733.3 0.00 0 0.0 24.1 24.1 24.4 3.626  -35.7   24.9    0.0  40   10.4   5 0 0 1 1 2 0 19.7 54.1 19.9 54.1 80.0 100 100 20 408 0 143 0 401 401 399 0 0 0 59 50 WAIT_ACK 0 
b.1 2025-08-01 00:50:12.532 a 2025-08-01-00:50:04 183 088 284 0.0 0.6 2.3 19.1 52.3 733.3 0.00 0 0.0 23.9 24.1 24.4 3.626  -34.2   24.9    2.2  40   10.3   5 0 0 1 1 2 0 19.7 54.3 19.9 54.3 80.0 100 100 20 408 0 143 0 401 401 399 0 0 0 60 50 WAIT_ACK 0 
b.1 2025-08-01 00:51:10.413 a 2025-08-01-00:51:02 129 081 242 0.0 1.0 3.8 19.2 53.3 733.3 0.00 0 0.0 23.8 24.1 24.4 3.626  -40.7   24.9    2.3  40   10.4   5 0 0 1 1 1 0 19.7 54.5 19.9 54.5 80.0 100 100 20 408 0 143 0 402 401 400 0 0 0 60 50 WAIT_ACK 0 
b.1 2025-08-01 00:52:09.851 a 2025-08-01-00:52:01 212 116 287 0.0 0.7 2.9 19.2 53.3 733.3 0.00 0 0.0 23.2 24.1 24.4 3.632  -36.8   24.9    0.0  40   10.5   5 0 0 1 1 1 0 19.7 54.7 19.8 54.7 80.0 100 100 20 408 0 143 0 401 401 400 0 0 0 60 50 WAIT_ACK 0 
b.1 2025-08-01 00:53:08.673 a 2025-08-01-00:53:00 228 156 303 0.1 0.9 3.6 19.1 52.4 733.3 0.00 0 0.0 22.6 24.1 24.4 3.626  -36.9   24.9    2.2  40   10.5   8 0 0 1 1 1 0 19.7 54.8 19.8 54.7 80.0 100 100 20 408 0 143 0 401 402 400 0 0 0 60 50 WAIT_ACK 0 
b.1 2025-08-01 00:54:09.992 a 2025-08-01-00:54:01 217 005 253 0.1 0.5 1.3 19.0 52.8 733.3 0.00 0 0.0 22.7 24.1 24.4 3.626  -36.1   24.9    0.0  40   10.5   8 0 0 1 1 2 0 19.7 55.0 19.9 55.0 80.0 100 100 20 408 0 143 0 401 401 400 0 0 0 60 50 WAIT_ACK 0 
b.1 2025-08-01 00:55:08.832 a 2025-08-01-00:55:00 207 031 329 0.1 0.5 1.3 19.0 53.0 733.3 0.00 0 0.0 22.5 24.1 24.4 3.626  -37.4   24.8    0.0  40   10.4   8 0 0 1 1 1 0 19.7 55.0 19.9 54.8 80.0 100 100 20 408 0 143 0 401 401 399 0 0 0 59 50 WAIT_ACK 0 
b.1 2025-08-01 00:56:10.217 a 2025-08-01-00:56:01 230 203 292 0.1 0.6 1.7 19.0 53.6 733.3 0.00 0 0.0 22.0 24.1 24.4 3.626  -37.8   24.8    0.0  41   10.5   5 0 0 1 1 1 0 19.7 55.0 19.9 55.0 80.0 100 100 20 408 0 143 0 401 401 399 0 0 0 60 50 WAIT_ACK 0 
b.1 2025-08-01 00:57:10.795 a 2025-08-01-00:57:02 002 005 116 0.1 0.6 1.5 19.0 53.9 733.3 0.00 0 0.0 21.6 24.1 24.4 3.626  -37.2   24.7    2.2  41   10.4   5 0 0 1 1 1 0 19.7 55.0 19.9 54.9 80.0 100 100 20 408 0 143 0 401 402 400 0 0 0 59 50 WAIT_ACK 0 
b.1 2025-08-01 00:58:08.453 a 2025-08-01-00:58:00 009 267 073 0.1 0.6 1.5 18.9 54.2 733.3 0.00 0 0.0 21.2 24.1 24.4 3.633  -37.0   24.7    0.0  41   10.5   5 0 0 1 1 1 0 19.7 55.1 19.9 55.1 80.0 100 100 20 408 0 143 0 401 401 400 0 0 0 59 50 WAIT_ACK 0 
b.1 2025-08-01 00:59:12.051 a 2025-08-01-00:59:03 090 296 117 0.0 0.7 2.0 18.9 54.5 733.3 0.00 0 0.0 21.7 24.1 24.4 3.626  -33.9   24.6    2.1  40   10.2   5 0 0 1 1 2 0 19.7 55.1 19.8 55.3 80.0 100 100 20 408 0 143 0 401 401 400 0 0 0 59 50 WAIT_ACK 0 
b.1 2025-08-01 01:00:09.857 a 2025-08-01-01:00:01 103 061 135 0.0 0.7 2.5 18.8 54.6 733.3 0.00 0 0.0 22.8 24.1 24.4 3.627  -33.3   24.6    0.0  41   10.5   5 0 0 1 1 2 0 19.7 55.5 19.8 55.6 80.0 100 100 20 408 0 143 0 402 401 400 0 0 0 60 50 WAIT_ACK 0 
b.1 2025-08-01 01:01:10.036 a 2025-08-01-01:01:01 050 232 350 0.1 0.7 1.5 18.8 55.1 733.3 0.00 0 0.0 23.7 24.1 24.4 3.633  -34.7   24.6    0.0  40   10.3   5 0 0 1 1 2 0 19.7 55.6 19.8 55.8 80.0 100 100 20 408 0 143 0 401 401 400 0 0 0 59 50 WAIT_ACK 0 
b.1 2025-08-01 01:02:08.434 a 2025-08-01-01:02:00 287 174 345 0.1 0.8 2.7 18.8 55.0 733.3 0.00 0 0.0 24.3 24.1 24.4 3.628  -35.3   24.6    2.2  41   10.6   5 0 0 1 1 2 0 19.7 55.8 19.8 56.0 80.0 100 100 20 408 0 143 0 401 401 400 0 0 0 60 50 WAIT_ACK 0 
b.1 2025-08-01 01:03:10.974 a 2025-08-01-01:03:02 017 148 090 0.0 0.8 2.3 18.9 55.0 733.3 0.00 0 0.0 24.8 24.1 24.4 3.627  -35.2   24.7    0.0  41   10.8   5 0 0 1 1 2 0 19.7 56.2 19.8 56.2 80.0 100 100 20 408 0 143 0 401 401 399 0 0 0 60 50 WAIT_ACK 0 
b.1 2025-08-01 01:04:07.796 a 2025-08-01-01:03:59 107 167 309 0.0 0.5 1.5 19.0 55.2 733.3 0.00 0 0.0 24.5 24.1 24.4 3.627  -37.9   24.8    2.1  41   10.7   5 0 0 1 1 2 0 19.7 56.4 19.8 56.4 80.0 100 100 20 408 0 143 0 400 401 399 0 0 0 59 50 WAIT_ACK 0 
b.1 2025-08-01 01:05:12.621 a 2025-08-01-01:05:04 081 017 090 0.1 1.4 3.4 19.0 55.3 733.3 0.00 0 0.0 24.0 24.1 24.4 3.626  -36.1   24.9    2.2  42   11.0  10 0 0 1 1 2 0 19.6 56.7 19.8 56.5 80.0 100 100 20 408 0 143 0 401 401 399 0 0 0 60 50 WAIT_ACK 0 
b.1 2025-08-01 01:06:10.096 a 2025-08-01-01:06:01 107 052 270 0.1 1.1 2.9 18.9 55.8 733.3 0.00 0 0.0 24.2 24.1 24.4 3.627  -34.9   24.9    2.2  42   11.0   7 0 0 1 1 2 0 19.6 56.7 19.8 56.6 80.0 100 100 20 408 0 143 0 401 401 399 0 0 0 60 50 WAIT_ACK 0 
b.1 2025-08-01 01:07:09.555 a 2025-08-01-01:07:01 252 111 304 0.1 0.6 1.8 18.6 56.2 733.3 0.00 0 0.0 24.5 24.1 24.4 3.626  -34.7   24.9    0.0  42   11.0   5 0 0 1 1 2 0 19.5 56.9 19.8 56.6 80.0 100 100 20 408 0 143 0 400 402 399 0 0 0 59 50 WAIT_ACK 0 
b.1 2025-08-01 01:08:09.296 a 2025-08-01-01:08:00 190 138 306 0.1 1.0 2.3 18.6 56.3 733.3 0.00 0 0.0 24.5 24.1 24.4 3.626  -36.3   24.9    2.2  42   11.1   5 0 0 1 1 2 0 19.5 56.9 19.7 56.6 80.0 100 100 20 408 0 143 0 401 401 399 0 0 0 59 50 WAIT_ACK 0 
b.1 2025-08-01 01:09:07.615 a 2025-08-01-01:08:59 138 087 304 0.1 0.7 2.3 18.6 56.2 733.3 0.00 0 0.0 24.6 24.1 24.4 3.626  -37.2   24.9    0.0  42   11.0   5 0 0 1 1 2 0 19.5 56.9 19.7 56.8 80.0 100 100 20 408 0 143 0 401 401 400 0 0 0 60 50 WAIT_ACK 0 
b.1 2025-08-01 01:10:13.357 a 2025-08-01-01:10:05 118 058 267 0.1 0.5 2.1 18.6 56.0 733.3 0.00 0 0.0 24.9 24.1 24.4 3.626  -37.0   25.0    2.2  42   11.2   5 0 0 1 1 2 0 19.5 56.8 19.7 56.8 80.0 100 100 20 408 0 143 0 401 401 400 0 0 0 60 50 WAIT_ACK 0 
b.1 2025-08-01 01:11:08.878 a 2025-08-01-01:11:00 147 080 233 0.1 0.8 2.5 18.7 55.6 733.3 0.00 0 0.0 24.9 24.1 24.4 3.626  -38.1   24.9    0.0  42   11.2   5 0 0 1 1 1 0 19.5 56.8 19.7 56.7 80.0 100 100 20 408 0 143 0 402 401 400 0 0 0 59 50 WAIT_ACK 0 
b.1 2025-08-01 01:12:11.142 a 2025-08-01-01:12:02 192 126 275 0.0 0.5 2.8 18.7 55.5 733.3 0.00 0 0.0 24.4 24.1 24.4 3.626  -35.3   24.9    2.2  42   11.1   5 0 0 1 1 2 0 19.5 56.7 19.7 56.7 80.0 100 100 20 408 0 143 0 401 401 400 0 0 0 60 50 WAIT_ACK 0 
b.1 2025-08-01 01:13:09.539 a 2025-08-01-01:13:01 302 190 355 0.0 0.4 1.3 18.7 55.1 733.3 0.00 0 0.0 24.4 24.1 24.4 3.624  -36.1   24.9    0.0  42   11.1   5 0 0 1 1 2 0 19.5 56.7 19.7 56.6 80.0 100 100 20 408 0 143 0 401 402 399 0 0 0 60 50 WAIT_ACK 0 
b.1 2025-08-01 01:14:09.401 a 2025-08-01-01:14:01 278 147 319 0.0 0.4 1.2 18.9 54.9 733.3 0.00 0 0.0 24.9 24.1 24.4 3.632  -34.4   24.9    0.0  42   11.1   5 0 0 1 1 2 0 19.5 56.7 19.6 56.7 80.0 100 100 20 408 0 143 0 401 401 399 0 0 0 60 50 WAIT_ACK 0 
b.1 2025-08-01 01:15:10.279 a 2025-08-01-01:15:02 025 065 114 0.0 0.5 2.4 19.0 54.6 733.3 0.00 0 0.0 25.0 24.1 24.4 3.626  -38.2   24.9    2.2  42   11.1   5 0 0 1 1 1 0 19.5 56.7 19.7 56.8 80.0 100 100 20 408 0 143 0 401 401 400 0 0 0 60 50 WAIT_ACK 0 
b.1 2025-08-01 01:16:10.299 a 2025-08-01-01:16:02 178 101 207 0.1 0.8 4.2 19.1 54.3 733.3 0.00 0 0.0 24.4 24.1 24.4 3.627  -38.4   24.9    0.0  42   11.2   5 0 0 1 1 1 0 19.5 57.0 19.6 57.1 80.0 100 100 20 408 0 143 0 401 401 400 0 0 0 60 50 WAIT_ACK 0 
b.1 2025-08-01 01:17:09.999 a 2025-08-01-01:17:01 169 054 221 0.1 1.3 4.4 19.1 54.9 733.3 0.00 0 0.0 24.2 24.1 24.4 3.633  -38.1   25.0    2.3  42   11.2   5 0 0 1 1 2 0 19.5 57.2 19.6 57.2 80.0 100 100 20 408 0 143 0 401 401 399 0 0 0 59 50 WAIT_ACK 0 
b.1 2025-08-01 01:18:11.242 a 2025-08-01-01:18:02 163 085 207 0.1 1.1 3.4 18.9 55.4 733.3 0.00 0 0.0 24.4 24.1 24.4 3.626  -36.8   25.0    2.2  42   11.3   5 0 0 1 1 2 0 19.4 57.4 19.6 57.3 80.0 100 100 20 408 0 143 0 401 401 399 0 0 0 60 50 WAIT_ACK 0 
b.1 2025-08-01 01:19:10.345 a 2025-08-01-01:19:02 243 236 313 0.1 0.6 1.7 18.9 55.5 733.3 0.00 0 0.0 24.9 24.1 24.4 3.627  -35.0   24.9    0.0  42   11.2   5 0 0 1 1 2 0 19.4 57.5 19.5 57.5 80.0 100 100 20 408 0 143 0 402 401 400 0 0 0 60 50 WAIT_ACK 0 
b.1 2025-08-01 01:20:11.578 a 2025-08-01-01:20:03 162 079 337 0.1 1.3 3.8 18.9 55.5 733.3 0.00 0 0.0 25.0 24.1 24.4 3.633  -36.7   24.9    2.2  43   11.4   5 0 0 1 1 2 0 19.4 57.6 19.5 57.6 80.0 100 100 20 408 0 143 0 401 401 400 0 0 0 60 50 WAIT_ACK 0 
b.1 2025-08-01 01:21:09.125 a 2025-08-01-01:21:00 190 019 252 0.1 1.3 3.4 18.8 55.8 733.3 0.00 0 0.0 24.9 24.1 24.4 3.626  -37.6   25.0    2.2  43   11.4   5 0 0 1 1 2 0 19.4 57.6 19.5 57.6 80.0 100 100 20 408 0 143 0 401 401 399 0 0 0 59 50 WAIT_ACK 0 
b.1 2025-08-01 01:22:09.842 a 2025-08-01-01:22:01 141 055 310 0.1 1.8 3.6 18.6 56.4 733.3 0.00 0 0.0 24.6 24.1 24.4 3.626  -39.0   25.0    2.3  43   11.4   6 0 0 1 1 2 0 19.4 57.7 19.5 57.6 80.0 100 100 20 408 0 143 0 401 401 399 0 0 0 60 50 WAIT_ACK 0 
b.1 2025-08-01 01:23:11.822 a 2025-08-01-01:23:03 081 033 090 0.1 0.9 3.7 18.3 56.8 733.3 0.00 0 0.0 24.5 24.1 24.4 3.626  -35.0   25.0    2.2  43   11.4   6 0 0 1 1 2 0 19.3 57.7 19.5 57.6 80.0 100 100 20 408 0 143 0 401 401 399 0 0 0 60 50 WAIT_ACK 0 
b.1 2025-08-01 01:24:06.663 a 2025-08-01-01:23:58 088 058 090 0.1 0.6 2.2 18.3 56.8 733.3 0.00 0 0.0 24.9 24.1 24.4 3.626  -35.7   25.0    2.2  42   11.3   6 0 0 1 1 2 0 19.3 57.6 19.5 57.5 80.0 100 100 20 408 0 143 0 400 401 399 0 0 0 59 50 WAIT_ACK 0 
b.1 2025-08-01 01:25:12.502 a 2025-08-01-01:25:04 057 029 118 0.0 0.3 1.1 18.3 56.6 733.3 0.00 0 0.0 25.3 24.1 24.4 3.633  -35.5   25.0    0.0  43   11.4   6 0 0 1 1 2 0 19.3 57.6 19.5 57.4 80.0 100 100 20 408 0 143 0 401 401 400 0 0 0 59 50 WAIT_ACK 0 
b.1 2025-08-01 01:26:10.868 a 2025-08-01-01:26:02 270 263 355 0.1 0.7 2.9 18.3 56.6 733.3 0.00 0 0.0 25.3 24.1 24.4 3.626  -38.1   25.0    2.3  42   11.4   5 0 0 1 1 2 0 19.3 57.5 19.5 57.3 80.0 100 100 20 408 0 143 0 401 401 399 0 0 0 60 50 WAIT_ACK 0 
b.1 2025-08-01 01:27:11.864 a 2025-08-01-01:27:03 026 299 068 0.0 0.5 1.7 18.5 56.4 733.3 0.00 0 0.0 25.4 24.1 24.4 3.626  -35.4   25.0    0.0  43   11.4   5 0 0 1 1 2 0 19.3 57.4 19.5 57.3 80.0 100 100 20 408 0 143 0 401 402 399 0 0 0 59 50 WAIT_ACK 0 
b.1 2025-08-01 01:28:08.664 a 2025-08-01-01:28:00 095 089 149 0.1 0.7 2.1 18.5 55.8 733.3 0.00 0 0.0 25.4 24.1 24.4 3.626  -35.8   25.0    2.1  42   11.3   5 0 0 1 1 2 0 19.4 57.4 19.5 57.3 80.0 100 100 20 408 0 143 0 401 401 400 0 0 0 59 50 WAIT_ACK 0 
b.1 2025-08-01 01:29:10.924 a 2025-08-01-01:29:02 314 353 332 0.1 0.8 2.5 18.7 55.6 733.3 0.00 0 0.0 25.4 24.1 24.4 3.626  -37.0   25.1    2.2  42   11.4   5 0 0 1 1 2 0 19.4 57.3 19.5 57.3 80.0 100 100 20 408 0 143 0 401 401 400 0 0 0 59 50 WAIT_ACK 0 
b.1 2025-08-01 01:30:11.703 a 2025-08-01-01:30:03 047 032 239 0.1 0.7 3.2 18.8 55.3 733.4 0.00 0 0.0 25.1 24.1 24.4 3.626  -38.3   25.2    0.0  43   11.6   5 0 0 1 1 1 0 19.4 57.4 19.5 57.4 80.0 100 100 20 408 0 143 0 401 401 399 0 0 0 60 50 WAIT_ACK 0 
b.1 2025-08-01 01:31:10.447 a 2025-08-01-01:31:02 141 053 243 0.1 0.9 2.2 18.8 55.6 733.3 0.00 0 0.0 24.1 24.1 24.5 3.626  -39.6   25.3    2.2  42   11.5   9 0 0 1 1 1 0 19.4 57.3 19.5 57.4 80.0 100 100 20 408 0 143 0 401 401 400 0 0 0 59 50 WAIT_ACK 0 
b.1 2025-08-01 01:32:09.782 a 2025-08-01-01:32:01 146 092 299 0.0 0.3 1.6 18.8 55.3 733.3 0.00 0 0.0 24.1 24.1 24.4 3.627  -37.6   25.3    0.0  42   11.5   9 0 0 1 1 2 0 19.4 57.4 19.5 57.5 80.0 100 100 20 408 0 143 0 401 401 399 0 0 0 60 50 WAIT_ACK 0 
b.1 2025-08-01 01:33:10.388 a 2025-08-01-01:33:02 190 107 203 0.0 0.4 2.1 18.8 55.5 733.4 0.00 0 0.0 23.8 24.1 24.4 3.632  -37.0   25.3    0.0  42   11.4   5 0 0 1 1 2 0 19.4 57.4 19.5 57.4 80.0 100 100 20 408 0 143 0 401 401 400 0 0 0 59 50 WAIT_ACK 0 
b.1 2025-08-01 01:34:09.911 a 2025-08-01-01:34:01 061 003 093 0.0 0.2 0.7 18.8 55.5 733.4 0.00 0 0.0 24.2 24.1 24.4 3.627  -36.9   25.2    0.0  42   11.4   5 0 0 1 1 2 0 19.4 57.3 19.6 57.3 80.0 100 100 20 408 0 143 0 401 401 400 0 0 0 60 50 WAIT_ACK 0 
b.1 2025-08-01 01:35:13.548 a 2025-08-01-01:35:05 042 299 104 0.1 0.5 1.8 18.9 55.3 733.4 0.00 0 0.0 24.6 24.1 24.4 3.626  -38.5   25.2    0.0  42   11.4   5 0 0 1 1 2 0 19.4 57.4 19.6 57.4 80.0 100 100 20 408 0 143 0 401 401 399 0 0 0 59 50 WAIT_ACK 0 
b.1 2025-08-01 01:36:09.404 a 2025-08-01-01:36:01 179 099 296 0.0 0.5 2.0 19.0 55.3 733.4 0.00 0 0.0 24.7 24.1 24.4 3.626  -36.4   25.3    0.0  42   11.5   5 0 0 1 1 2 0 19.4 57.5 19.6 57.5 80.0 100 100 20 408 0 143 0 401 401 399 0 0 0 59 50 WAIT_ACK 0 
b.1 2025-08-01 01:37:11.348 a 2025-08-01-01:37:03 329 009 345 0.1 0.6 1.5 19.0 55.3 733.4 0.00 0 0.0 24.8 24.1 24.4 3.627  -38.4   25.3    0.0  42   11.5   5 0 0 1 1 2 0 19.4 57.7 19.6 57.9 80.0 100 100 20 408 0 143 0 401 402 399 0 0 0 59 50 WAIT_ACK 0 
b.1 2025-08-01 01:38:06.269 a 2025-08-01-01:37:57 073 005 156 0.1 0.5 2.2 19.0 55.4 733.4 0.00 0 0.0 24.7 24.1 24.4 3.626  -38.1   25.3    0.0  42   11.6   5 0 0 1 1 2 0 19.4 57.9 19.6 58.0 80.0 100 99 20 408 0 143 0 400 402 400 0 0 0 59 50 WAIT_ACK 0 
b.1 2025-08-01 01:39:07.512 a 2025-08-01-01:38:59 127 081 152 0.0 0.5 1.5 19.1 55.5 733.4 0.00 0 0.0 24.6 24.1 24.4 3.626  -38.9   25.3    0.0  42   11.6   5 0 0 1 1 2 0 19.4 58.3 19.6 58.3 80.0 100 100 20 408 0 143 0 401 401 399 0 0 0 60 50 WAIT_ACK 0 
b.1 2025-08-01 01:40:11.210 a 2025-08-01-01:40:02 090 046 306 0.1 0.4 1.3 19.2 55.3 733.4 0.00 0 0.0 24.6 24.1 24.4 3.627  -37.5   25.3    2.1  43   11.7   5 0 0 1 1 2 0 19.4 58.5 19.6 58.5 80.0 100 100 20 408 0 143 0 401 401 400 0 0 0 59 50 WAIT_ACK 0 
b.1 2025-08-01 01:41:11.148 a 2025-08-01-01:41:02 141 028 295 0.1 1.5 3.1 19.2 55.8 733.5 0.00 0 0.0 24.2 24.1 24.4 3.626  -38.6   25.3    2.3  43   11.7   5 0 0 1 1 2 0 19.4 58.7 19.5 58.8 80.0 100 100 20 408 0 143 0 401 401 399 0 0 0 60 50 WAIT_ACK 0 
b.1 2025-08-01 01:42:09.971 a 2025-08-01-01:42:01 137 032 186 0.1 1.6 4.2 18.9 56.6 733.4 0.00 0 0.0 23.7 24.1 24.4 3.626  -40.8   25.3    2.5  42   11.6  11 0 0 1 1 2 0 19.4 58.9 19.5 58.9 80.0 100 100 20 408 0 143 0 402 401 400 0 0 0 59 50 WAIT_ACK 0 
b.1 2025-08-01 01:43:10.171 a 2025-08-01-01:43:01 015 059 152 0.2 1.5 3.1 18.5 58.1 733.4 0.00 0 0.0 23.3 24.1 24.4 3.626  -39.7   25.3    2.6  42   11.6   8 0 0 1 1 2 0 19.3 58.9 19.5 58.9 80.0 100 100 20 408 0 143 0 401 401 400 0 0 0 59 50 WAIT_ACK 0 
b.1 2025-08-01 01:44:09.512 a 2025-08-01-01:44:01 125 047 229 0.1 1.1 2.6 18.0 59.1 733.5 0.00 0 0.0 23.0 24.1 24.4 3.626  -40.5   25.3    2.4  42   11.6   8 0 0 1 1 2 0 19.4 59.0 19.5 58.9 80.0 100 100 20 408 0 143 0 401 402 399 0 0 0 59 50 WAIT_AUTO 0 
b.1 2025-08-01 01:45:10.790 a 2025-08-01-01:45:02 001 018 327 0.0 0.5 1.8 17.8 59.5 733.4 0.00 0 0.0 23.0 24.1 24.4 3.626  -38.3   25.2    2.2  43   11.7   8 0 0 1 1 2 0 19.4 58.9 19.5 59.0 80.0 100 100 20 408 0 143 0 401 401 400 0 0 0 59 50 AUTO_PARK 0 
b.1 2025-08-01 01:46:11.927 a 2025-08-01-01:46:03 010 279 073 0.1 0.4 0.9 17.8 59.8 733.4 0.00 0 0.0 23.1 24.1 24.4 3.626  -37.8   25.2    0.0  43   11.5   5 0 0 1 1 2 0 19.3 59.0 19.5 59.1 80.0 100 100 20 408 0 143 0 400 401 399 0 0 0 60 50 AUTO_PARK 0 
b.1 2025-08-01 01:47:09.792 a 2025-08-01-01:47:01 202 044 241 0.0 0.4 2.5 17.9 59.5 733.5 0.00 0 0.0 23.2 24.1 24.4 3.626  -37.7   25.1    0.0  43   11.6   5 0 0 1 1 2 0 19.3 59.0 19.5 59.0 80.0 100 100 20 408 0 143 0 401 401 399 0 0 0 60 50 AUTO_PARK 0 
b.1 2025-08-01 01:48:08.049 a 2025-08-01-01:47:59 270 216 282 0.1 0.4 1.4 18.0 59.1 733.5 0.00 0 0.0 23.2 24.1 24.4 3.626  -37.9   25.1    0.0  43   11.6   5 0 0 1 1 2 0 19.3 58.9 19.5 59.0 80.0 100 100 20 408 0 143 0 401 401 399 0 0 0 59 50 WAIT_AUTO 0 
b.1 2025-08-01 01:49:12.269 a 2025-08-01-01:49:03 157 021 203 0.0 0.5 1.7 18.2 58.6 733.5 0.00 0 0.0 23.3 24.1 24.4 3.633  -39.4   25.1    2.1  43   11.6   5 0 0 1 1 2 0 19.3 58.9 19.4 59.0 80.0 100 100 20 408 0 143 0 401 402 399 0 0 0 60 50 WAIT_AUTO 0 
b.1 2025-08-01 01:50:11.749 a 2025-08-01-01:50:03 104 036 317 0.2 1.4 3.0 18.2 58.8 733.4 0.00 0 0.0 23.0 24.1 24.4 3.627  -40.2   25.1    2.3  43   11.6   5 0 0 1 1 2 0 19.3 59.0 19.5 58.9 80.0 100 100 20 408 0 143 0 401 401 400 0 0 0 60 50 WAIT_AUTO 0 
b.1 2025-08-01 01:51:11.691 a 2025-08-01-01:51:03 007 039 078 0.7 1.8 3.0 18.0 59.6 733.4 0.00 0 0.0 22.4 24.1 24.4 3.627  -41.0   25.0    2.7  43   11.5   7 0 0 1 1 2 0 19.3 59.0 19.5 59.1 80.0 100 100 20 408 0 143 0 401 402 399 0 0 0 59 50 WAIT_AUTO 0 
b.1 2025-08-01 01:52:09.871 a 2025-08-01-01:52:01 020 052 118 0.7 1.8 3.0 17.6 60.3 733.4 0.00 0 0.0 22.0 24.1 24.4 3.627  -40.7   24.9    3.0  43   11.4   7 0 0 1 1 2 0 19.3 59.0 19.5 59.3 80.0 100 100 20 408 0 143 0 401 401 399 0 0 0 59 50 WAIT_AUTO 0 
b.1 2025-08-01 01:53:08.772 a 2025-08-01-01:53:00 151 078 312 0.1 1.1 2.7 17.4 61.1 733.4 0.00 0 0.0 21.7 24.1 24.5 3.626  -39.5   24.8    2.5  43   11.3   7 0 0 1 1 2 0 19.3 58.8 19.5 59.0 80.0 100 100 20 408 0 143 0 402 401 400 0 0 0 59 50 WAIT_AUTO 0 
b.1 2025-08-01 01:54:08.815 a 2025-08-01-01:54:00 022 008 308 0.1 0.8 1.9 17.3 61.4 733.4 0.00 0 0.0 21.6 24.1 24.4 3.633  -39.3   24.7    2.3  43   11.3   7 0 0 1 1 2 0 19.3 58.8 19.5 59.0 80.0 100 100 20 408 0 143 0 401 401 400 0 0 0 59 50 WAIT_AUTO 0 
b.1 2025-08-01 01:55:13.631 a 2025-08-01-01:55:05 194 072 225 0.1 1.4 3.5 17.2 61.6 733.4 0.00 0 0.0 21.5 24.1 24.4 3.633  -40.9   24.5    2.3  44   11.3   7 0 0 1 1 2 0 19.3 58.7 19.5 59.0 80.0 100 100 20 408 0 143 0 401 401 399 0 0 0 59 50 WAIT_AUTO 0 
b.1 2025-08-01 01:56:10.273 a 2025-08-01-01:56:01 151 073 328 0.2 1.3 2.9 17.2 61.6 733.4 0.00 0 0.0 21.2 24.1 24.4 3.633  -39.4   24.4    2.3  44   11.3   7 0 0 1 1 2 0 19.4 58.7 19.5 58.8 80.0 100 100 20 408 0 143 0 401 401 400 0 0 0 59 50 WAIT_AUTO 0 
b.1 2025-08-01 01:57:06.832 a 2025-08-01-01:56:58 116 056 289 0.1 0.4 2.4 17.2 61.8 733.4 0.00 0 0.0 21.3 24.1 24.4 3.628  -39.7   24.3    0.0  44   11.2   7 0 0 1 1 2 0 19.4 58.6 19.5 59.3 80.0 100 100 20 408 0 143 0 401 401 400 0 0 0 60 50 WAIT_AUTO 0 
b.1 2025-08-01 01:58:10.874 a 2025-08-01-01:58:02 147 194 265 0.0 0.5 2.6 17.1 61.7 733.4 0.00 0 0.0 21.4 24.1 24.4 3.627  -38.5   24.3    2.1  44   11.2   5 0 0 1 1 2 0 19.4 58.6 19.5 58.6 80.0 100 99 20 408 0 143 0 402 400 400 0 0 0 60 50 WAIT_AUTO 0 
b.1 2025-08-01 01:59:11.892 a 2025-08-01-01:59:03 157 049 270 0.0 1.4 3.1 17.3 61.5 733.4 0.00 0 0.0 21.1 24.1 24.4 3.629  -39.9   24.2    2.3  44   11.1   5 0 0 1 1 2 0 19.3 58.5 19.5 58.3 80.0 100 100 20 408 0 143 0 401 401 400 0 0 0 60 50 WAIT_AUTO 0 
b.1 2025-08-01 02:00:15.032 a 2025-08-01-02:00:06 140 069 318 0.1 1.3 3.0 17.2 61.3 733.4 0.00 0 0.0 20.8 24.1 24.4 3.627  -40.8   24.2    2.4  44   11.1   7 0 0 1 1 2 0 19.4 58.3 19.5 58.2 80.0 100 100 20 408 0 143 0 401 401 400 0 0 0 59 50 WAIT_AUTO 0 
b.1 2025-08-01 02:01:10.174 a 2025-08-01-02:01:01 002 065 138 0.3 1.2 2.7 17.1 61.4 733.4 0.00 0 0.0 20.6 24.1 24.4 3.627  -42.0   24.2    2.3  44   11.0   7 0 0 1 1 2 0 19.3 58.3 19.5 58.3 80.0 100 100 20 408 0 143 0 402 400 400 0 0 0 60 50 WAIT_AUTO 0 
b.1 2025-08-01 02:02:10.811 a 2025-08-01-02:02:02 148 077 327 0.0 0.9 1.9 16.9 61.4 733.4 0.00 0 0.0 20.4 24.1 24.5 3.626  -39.3   24.1    2.2  44   11.0   7 0 0 1 1 2 0 19.3 57.9 19.5 57.7 80.0 100 100 20 408 0 143 0 401 400 399 0 0 0 60 50 WAIT_AUTO 0 
b.1 2025-08-01 02:03:09.595 a 2025-08-01-02:03:01 136 092 292 0.0 0.5 1.1 16.8 61.7 733.4 0.00 0 0.0 20.5 24.1 24.4 3.626  -39.7   24.1    0.0  44   11.0   7 0 0 1 1 2 0 19.4 57.5 19.5 57.4 80.0 100 100 20 408 0 143 0 402 400 400 0 0 0 59 50 WAIT_AUTO 0 
b.1 2025-08-01 02:04:09.157 a 2025-08-01-02:04:00 094 091 107 0.0 0.5 1.5 16.8 61.0 733.4 0.00 0 0.0 20.5 24.1 24.4 3.626  -39.6   24.0    0.0  44   10.9   7 0 0 1 1 2 0 19.4 57.1 19.5 57.0 80.0 100 100 20 408 0 85 0 401 401 399 0 0 0 60 50 WAIT_AUTO 0 
b.1 2025-08-01 02:05:11.697 a 2025-08-01-02:05:03 232 110 278 0.1 0.6 2.1 16.9 60.9 733.4 0.00 0 0.0 20.5 24.1 24.4 3.628  -39.2   23.9    0.0  44   10.9   5 0 0 1 1 2 0 19.3 57.0 19.5 57.2 80.0 100 100 20 408 0 143 0 401 401 399 0 0 0 60 50 WAIT_AUTO 0 
b.1 2025-08-01 02:06:12.792 a 2025-08-01-02:06:04 172 053 278 0.1 0.9 2.3 16.9 60.3 733.4 0.00 0 0.0 20.4 24.1 24.4 3.627  -39.9   23.8    2.2  44   10.8   5 0 0 1 1 2 0 19.3 56.7 19.5 56.7 80.0 100 100 20 408 0 143 0 401 401 399 0 0 0 59 50 WAIT_AUTO 0 
b.1 2025-08-01 02:07:10.894 a 2025-08-01-02:07:02 108 068 115 0.0 0.8 1.8 17.0 60.2 733.4 0.00 0 0.0 20.2 24.1 24.4 3.629  -40.2   23.7    0.0  44   10.8   5 0 0 1 1 2 0 19.3 56.4 19.5 56.5 80.0 100 100 20 408 0 143 0 401 401 399 0 0 0 60 50 WAIT_AUTO 0 
b.1 2025-08-01 02:08:11.055 a 2025-08-01-02:08:02 216 069 270 0.0 0.8 2.0 17.0 59.7 733.4 0.00 0 0.0 20.1 24.1 24.4 3.633  -39.2   23.6    0.0  44   10.7   5 0 0 1 1 2 0 19.3 56.1 19.6 56.0 80.0 100 100 20 408 0 143 0 401 400 400 0 0 0 60 50 WAIT_AUTO 0 
b.1 2025-08-01 02:09:09.976 a 2025-08-01-02:09:01 067 044 093 0.0 0.6 1.2 16.9 59.8 733.4 0.00 0 0.0 20.1 24.1 24.4 3.626  -39.5   23.6    0.0  44   10.6   5 0 0 1 1 2 0 19.3 55.8 19.5 55.9 80.0 100 100 20 408 0 143 0 401 401 399 0 0 0 60 50 WAIT_AUTO 0 
b.1 2025-08-01 02:10:13.394 a 2025-08-01-02:10:05 153 065 307 0.1 0.6 1.8 16.9 59.2 733.4 0.00 0 0.0 20.0 24.1 24.4 3.627  -40.0   23.6    0.0  44   10.6   5 0 0 1 1 2 0 19.3 56.0 19.5 55.9 80.0 100 100 20 408 0 143 0 402 401 400 0 0 0 60 50 WAIT_AUTO 0 
b.1 2025-08-01 02:11:09.016 a 2025-08-01-02:11:00 012 069 175 0.1 1.0 2.2 16.9 58.9 733.4 0.00 0 0.0 19.9 24.1 24.4 3.626  -41.2   23.6    2.2  44   10.6   7 0 0 1 1 2 0 19.3 55.5 19.5 55.2 80.0 100 100 20 408 0 143 0 401 400 400 0 0 0 59 50 WAIT_AUTO 0 
b.1 2025-08-01 02:12:09.835 a 2025-08-01-02:12:01 010 044 126 0.3 1.3 2.5 16.8 59.5 733.4 0.00 0 0.0 19.6 24.1 24.5 3.627  -40.4   23.6    2.3  44   10.5   7 0 0 1 1 2 0 19.3 55.5 19.5 55.1 80.0 100 100 20 408 0 143 0 401 401 399 0 0 0 59 50 WAIT_AUTO 0 
b.1 2025-08-01 02:13:10.654 a 2025-08-01-02:13:02 012 064 139 0.1 1.4 2.6 16.7 59.5 733.4 0.00 0 0.0 19.4 24.1 24.4 3.626  -41.4   23.6    2.3  44   10.5   8 0 0 1 1 2 0 19.3 55.3 19.5 54.7 80.0 100 100 20 408 0 143 0 401 401 400 0 0 0 59 50 WAIT_AUTO 0 
b.1 2025-08-01 02:14:09.756 a 2025-08-01-02:14:01 188 069 327 0.1 1.7 3.2 16.6 60.1 733.4 0.00 0 0.0 19.1 24.1 24.4 3.628  -43.5   23.5    2.5  44   10.5   8 0 0 1 1 2 0 19.3 55.1 19.5 54.6 80.0 100 100 20 408 0 143 0 401 401 399 0 0 0 59 50 WAIT_AUTO 0 
b.1 2025-08-01 02:15:15.595 a 2025-08-01-02:15:07 127 071 355 0.5 1.9 3.2 16.5 60.4 733.4 0.00 0 0.0 18.8 24.1 24.4 3.627  -43.1   23.4    2.8  44   10.4   8 0 0 1 1 2 0 19.2 55.2 19.5 54.8 80.0 100 100 20 408 0 143 0 401 401 399 0 0 0 60 50 AUTO 0 
b.1 2025-08-01 02:16:10.378 a 2025-08-01-02:16:01 010 080 133 0.2 1.5 2.8 16.4 61.7 733.4 0.00 0 0.0 18.6 24.1 24.4 3.627  -39.8   23.3    2.7  44   10.3   8 0 0 1 1 2 0 19.2 55.2 19.5 54.7 80.0 100 100 20 408 0 143 0 400 401 399 0 0 0 59 50 AUTO 0 
b.1 2025-08-01 02:17:11.436 a 2025-08-01-02:17:03 151 073 000 0.1 1.0 2.2 16.3 61.4 733.4 0.00 0 0.0 18.5 24.1 24.4 3.627  -39.7   23.1    2.4  44   10.2   5 0 0 1 1 2 0 19.2 55.1 19.4 54.7 80.0 100 100 20 408 0 143 0 401 401 399 0 0 0 60 50 AUTO 0 
b.1 2025-08-01 02:18:10.818 a 2025-08-01-02:18:02 149 064 216 0.1 1.0 2.0 16.3 60.4 733.4 0.00 0 0.0 18.4 24.1 24.4 3.627  -39.9   23.1    2.3  44   10.2   5 0 0 1 1 2 0 19.2 54.8 19.4 54.4 80.0 100 100 20 408 0 143 0 401 401 400 0 0 0 59 50 AUTO 0 
b.1 2025-08-01 02:19:10.075 a 2025-08-01-02:19:01 302 058 327 0.1 0.4 1.1 16.2 60.5 733.4 0.00 0 0.0 18.4 24.1 24.5 3.627  -38.8   23.0    0.0  44   10.2   5 0 0 1 1 2 0 19.2 54.4 19.4 54.3 80.0 100 100 20 408 0 143 0 402 402 400 0 0 0 60 50 AUTO 0 
b.1 2025-08-01 02:20:11.901 a 2025-08-01-02:20:03 204 116 304 0.0 0.4 0.9 16.3 60.2 733.4 0.00 0 0.0 18.4 24.1 24.4 3.627  -38.8   22.9    0.0  44   10.1   5 0 0 1 1 2 0 19.2 54.1 19.3 54.1 80.0 100 100 20 408 0 143 0 401 401 400 0 0 0 60 50 AUTO 0 
b.1 2025-08-01 02:21:11.017 a 2025-08-01-02:21:02 073 071 203 0.0 0.6 2.1 16.3 59.8 733.4 0.00 0 0.0 18.5 24.1 24.4 3.627  -39.6   22.9    2.1  44   10.1   5 0 0 1 1 2 0 19.1 54.0 19.2 54.1 80.0 100 100 20 408 0 117 0 401 402 399 0 0 0 60 50 AUTO 0 
b.1 2025-08-01 02:22:10.055 a 2025-08-01-02:22:01 082 032 303 0.6 1.4 2.5 16.3 60.2 733.4 0.00 0 0.0 18.2 24.1 24.4 3.629  -40.5   22.8    2.3  44   10.0   7 0 0 1 1 2 0 19.0 54.3 19.1 54.5 80.0 100 100 20 408 0 143 0 401 401 400 0 0 0 60 50 AUTO 0 
b.1 2025-08-01 02:23:08.240 a 2025-08-01-02:22:59 083 032 000 0.5 1.0 1.6 16.3 60.6 733.4 0.00 0 0.0 18.0 24.1 24.5 3.628  -40.3   22.8    2.3  44    9.9   7 0 0 1 1 2 0 18.9 54.6 19.0 54.9 80.0 100 100 20 408 0 143 0 402 401 400 0 0 0 60 50 AUTO 0 
b.1 2025-08-01 02:24:09.618 a 2025-08-01-02:24:01 023 073 137 0.3 0.8 1.5 16.2 60.1 733.4 0.00 0 0.0 17.9 24.1 24.5 3.637  -39.7   22.8    2.2  44    9.9   7 0 0 1 1 1 0 18.8 54.9 18.9 55.2 80.0 100 100 20 408 0 143 0 401 401 400 0 0 0 60 50 AUTO 0 
b.1 2025-08-01 02:25:13.055 a 2025-08-01-02:25:04 242 096 316 0.0 0.6 1.3 16.2 60.1 733.4 0.00 0 0.0 17.8 24.1 24.4 3.627  -39.8   22.8    0.0  44    9.9   7 0 0 1 1 1 0 18.8 55.0 18.8 55.4 80.0 100 100 20 408 0 143 0 401 401 400 0 0 0 59 50 AUTO 0 
b.1 2025-08-01 02:26:12.438 a 2025-08-01-02:26:04 043 092 113 0.5 1.2 2.0 16.2 60.8 733.4 0.00 0 0.0 17.7 24.1 24.4 3.627  -42.0   22.7    2.2  44    9.8   5 0 0 1 1 1 0 18.7 55.1 18.7 55.5 80.0 100 100 20 408 0 143 0 401 401 400 0 0 0 60 50 AUTO 0 
b.1 2025-08-01 02:27:12.000 a 2025-08-01-02:27:03 025 074 106 0.6 1.4 2.0 16.1 60.8 733.4 0.00 0 0.0 17.5 24.1 24.4 3.633  -40.1   22.6    2.3  44    9.7   5 0 0 1 1 1 0 18.6 55.4 18.6 55.7 80.0 100 100 20 408 0 143 0 401 401 400 0 0 0 60 50 AUTO 0 
b.1 2025-08-01 02:28:11.957 a 2025-08-01-02:28:03 015 068 092 0.6 1.5 2.4 16.0 61.0 733.4 0.00 0 0.0 17.3 24.1 24.4 3.634  -41.5   22.6    2.5  44    9.7   9 0 0 1 1 1 0 18.6 55.5 18.6 55.9 80.0 100 100 20 408 0 143 0 402 401 400 0 0 0 60 50 AUTO 0 
b.1 2025-08-01 02:29:10.918 a 2025-08-01-02:29:02 043 097 130 0.5 1.3 1.8 16.0 61.0 733.4 0.00 0 0.0 17.2 24.1 24.4 3.626  -41.0   22.5    2.4  44    9.7   9 0 0 1 1 1 0 18.5 55.6 18.6 55.8 80.0 100 100 20 408 0 143 0 401 401 400 0 0 0 60 50 AUTO 0 
b.1 2025-08-01 02:30:13.420 a 2025-08-01-02:30:05 130 092 305 0.1 1.1 1.9 16.0 61.1 733.4 0.00 0 0.0 17.0 24.1 24.4 3.633  -41.9   22.4    2.3  44    9.7   9 0 0 1 1 1 0 18.4 55.8 18.5 56.2 80.0 100 100 20 408 0 143 0 401 401 399 0 0 0 60 50 AUTO 0 
b.1 2025-08-01 02:31:09.960 a 2025-08-01-02:31:01 086 102 121 1.0 1.4 1.9 15.9 61.3 733.4 0.00 0 0.0 16.9 24.1 24.4 3.627  -40.9   22.3    2.3  44    9.5   5 0 0 1 1 1 0 18.3 56.1 18.4 56.4 80.0 100 100 20 408 0 143 0 401 402 400 0 0 0 59 50 AUTO 0 
b.1 2025-08-01 02:32:10.721 a 2025-08-01-02:32:02 056 095 146 0.5 1.4 2.0 15.9 61.4 733.5 0.00 0 0.0 16.7 24.1 24.5 3.627  -41.4   22.3    2.3  44    9.5   5 0 0 1 1 1 0 18.2 56.5 18.3 56.8 80.0 100 100 20 408 0 143 0 401 401 400 0 0 0 59 50 AUTO 0 
b.1 2025-08-01 02:33:08.759 a 2025-08-01-02:33:00 027 080 151 0.5 1.2 2.0 15.8 61.8 733.4 0.00 0 0.0 16.6 24.1 24.4 3.628  -40.4   22.2    2.4  44    9.4  10 0 0 1 1 1 0 18.1 56.8 18.2 56.9 80.0 100 100 20 408 0 143 0 401 401 400 0 0 0 60 50 AUTO 0 
b.1 2025-08-01 02:34:10.040 a 2025-08-01-02:34:01 013 102 151 0.1 0.5 1.0 15.8 61.7 733.4 0.00 0 0.0 16.6 24.1 24.4 3.628  -39.6   22.1    0.0  44    9.4   7 0 0 1 1 1 0 18.1 56.7 18.2 56.9 80.0 100 100 20 408 0 143 0 401 402 400 0 0 0 60 50 AUTO 0 
b.1 2025-08-01 02:35:09.619 a 2025-08-01-02:35:01 008 071 123 0.2 0.8 1.5 15.8 61.4 733.4 0.00 0 0.0 16.4 24.1 24.4 3.626  -39.9   22.1    2.1  44    9.4   7 0 0 1 1 1 0 18.1 56.5 18.3 56.7 80.0 100 100 20 408 0 143 0 402 401 400 0 0 0 60 50 AUTO 0 
b.1 2025-08-01 02:36:11.279 a 2025-08-01-02:36:02 015 059 101 0.2 0.7 1.3 15.8 61.5 733.4 0.00 0 0.0 16.3 24.1 24.5 3.627  -39.9   22.0    0.0  44    9.3   7 0 0 1 1 1 0 18.1 56.4 18.3 56.6 80.0 100 100 20 408 0 143 0 401 401 400 0 0 0 59 50 AUTO 0 
b.1 2025-08-01 02:37:10.243 a 2025-08-01-02:37:01 016 079 140 0.2 0.8 1.5 15.7 61.4 733.5 0.00 0 0.0 16.2 24.1 24.4 3.633  -41.2   22.0    0.0  44    9.3   7 0 0 1 1 1 0 18.1 56.3 18.2 56.6 80.0 100 100 20 408 0 143 0 402 401 400 0 0 0 59 50 AUTO 0 
b.1 2025-08-01 02:38:11.941 a 2025-08-01-02:38:03 051 096 107 0.1 1.0 1.9 15.7 61.5 733.5 0.00 0 0.0 16.1 24.1 24.4 3.628  -42.3   21.9    2.2  44    9.3   7 0 0 1 1 1 0 18.1 56.2 18.2 56.5 80.0 100 100 20 408 0 143 0 402 401 400 0 0 0 59 50 AUTO 0 
b.1 2025-08-01 02:39:10.161 a 2025-08-01-02:39:01 090 192 302 0.2 1.2 2.4 15.7 60.0 733.5 0.00 0 0.0 16.0 24.1 24.4 3.628  -41.2   21.9    2.2  44    9.2   7 0 0 1 1 1 0 18.1 55.7 18.2 56.1 80.0 100 100 20 408 0 143 0 401 401 400 0 0 0 59 50 AUTO 0 
b.1 2025-08-01 02:40:11.522 a 2025-08-01-02:40:03 090 130 327 0.0 0.2 0.7 15.7 57.8 733.4 0.00 0 0.0 16.0 24.1 24.4 3.633  -40.0   21.8    0.0  44    9.1   7 0 0 1 1 1 0 18.1 55.2 18.2 55.7 80.0 100 100 20 408 0 143 0 401 401 399 0 0 0 59 50 AUTO 0 
b.1 2025-08-01 02:41:12.464 a 2025-08-01-02:41:04 090 148 266 0.2 0.7 1.3 15.7 58.0 733.4 0.00 0 0.0 15.9 24.1 24.4 3.628  -40.8   21.7    0.0  44    9.0   7 0 0 1 1 1 0 18.1 54.9 18.1 55.3 80.0 100 100 20 408 0 143 0 401 401 399 0 0 0 60 50 AUTO 0 
b.1 2025-08-01 02:42:09.526 a 2025-08-01-02:42:01 106 158 216 0.3 0.6 1.1 15.8 58.8 733.4 0.00 0 0.0 15.8 24.1 24.5 3.626  -41.3   21.6    0.0  44    9.0   7 0 0 1 1 1 0 18.1 54.8 18.1 55.2 80.0 100 100 20 408 0 143 0 401 401 400 0 0 0 59 50 AUTO 0 
b.1 2025-08-01 02:43:09.862 a 2025-08-01-02:43:01 270 190 324 0.0 0.3 0.9 15.8 54.2 733.4 0.00 0 0.0 15.8 24.1 24.4 3.628  -39.5   21.6    0.0  44    8.8   7 0 0 1 1 1 0 18.1 54.7 18.1 55.2 80.0 100 100 20 408 0 143 0 401 401 399 0 0 0 59 50 AUTO 0 
b.1 2025-08-01 02:44:09.203 a 2025-08-01-02:44:00 245 132 327 0.0 0.7 1.5 15.8 56.8 733.4 0.00 0 0.0 15.6 24.1 24.5 3.628  -39.6   21.5    0.0  44    8.8   7 0 0 1 1 1 0 18.1 54.7 18.1 54.4 80.0 100 100 20 408 0 143 0 401 401 400 0 0 0 60 50 AUTO 0 
b.1 2025-08-01 02:45:13.542 a 2025-08-01-02:45:05 093 141 248 0.1 0.8 1.3 15.8 58.7 733.4 0.00 0 0.0 15.5 24.1 24.4 3.628  -40.2   21.4    2.1  44    8.7   7 0 0 1 1 1 0 18.0 54.3 18.0 54.6 80.0 100 100 20 408 0 143 0 401 401 400 0 0 0 60 50 AUTO 0 
b.1 2025-08-01 02:46:10.706 a 2025-08-01-02:46:02 100 140 178 0.8 1.8 2.8 15.8 58.5 733.4 0.00 0 0.0 15.4 24.1 24.5 3.628  -41.2   21.3    2.3  44    8.7   5 0 0 1 1 1 0 18.0 53.9 18.0 54.6 80.0 100 100 20 408 0 143 0 401 401 399 0 0 0 60 50 AUTO 0 
b.1 2025-08-01 02:47:12.586 a 2025-08-01-02:47:04 005 127 173 0.3 1.1 2.0 15.8 59.0 733.5 0.00 0 0.0 15.3 24.1 24.5 3.627  -39.7   21.2    2.2  45    8.7   5 0 0 1 1 1 0 18.0 54.2 18.0 54.9 80.0 100 100 20 408 0 143 0 401 402 400 0 0 0 60 50 AUTO 0 
b.1 2025-08-01 02:48:10.509 a 2025-08-01-02:48:02 099 144 175 0.5 1.3 2.0 15.7 59.4 733.4 0.00 0 0.0 15.3 24.1 24.4 3.627  -39.3   21.1    2.2  45    8.6   5 0 0 1 1 1 0 18.0 54.3 17.9 55.2 80.0 100 100 20 408 0 143 0 401 401 400 0 0 0 59 50 AUTO 0 
b.1 2025-08-01 02:49:10.467 a 2025-08-01-02:49:02 088 154 241 0.1 0.7 1.8 15.7 59.6 733.4 0.00 0 0.0 15.2 24.1 24.4 3.627  -39.5   21.0    0.0  45    8.6   7 0 0 1 1 1 0 17.9 54.3 17.8 55.0 80.0 100 100 20 408 0 143 5 401 401 399 0 0 0 60 50 AUTO 0 
b.1 2025-08-01 02:50:11.289 a 2025-08-01-02:50:02 060 158 300 0.1 1.3 2.3 15.7 60.1 733.5 0.00 0 0.0 15.1 24.1 24.5 3.627  -40.0   20.9    2.2  45    8.6   7 0 0 1 1 1 0 18.0 54.4 17.9 55.2 80.0 100 100 20 408 0 143 0 401 401 400 0 0 0 60 50 AUTO 0 
b.1 2025-08-01 02:51:11.693 a 2025-08-01-02:51:03 118 156 228 0.2 1.2 2.1 15.6 60.8 733.5 0.00 0 0.0 15.0 24.1 24.4 3.627  -39.6   20.8    2.2  45    8.6   7 0 0 1 1 1 0 18.0 54.6 17.9 55.3 80.0 100 100 20 408 0 143 0 401 401 400 0 0 0 60 50 AUTO 0 
b.1 2025-08-01 02:52:12.865 a 2025-08-01-02:52:04 109 168 270 0.1 0.8 1.9 15.6 60.7 733.4 0.00 0 0.0 15.0 24.1 24.4 3.628  -40.3   20.7    0.0  45    8.5   7 0 0 1 1 1 0 18.0 54.5 17.9 55.2 80.0 100 100 20 408 0 143 0 401 401 400 0 0 0 60 50 AUTO 0 
b.1 2025-08-01 02:53:12.563 a 2025-08-01-02:53:04 076 158 230 0.1 0.8 2.2 15.6 61.3 733.4 0.00 0 0.0 15.0 24.1 24.4 3.627  -40.1   20.6    2.2  46    8.5   7 0 0 1 1 1 0 18.0 54.6 17.9 55.5 80.0 100 100 20 408 0 143 0 401 401 400 0 0 0 59 50 AUTO 0 
b.1 2025-08-01 02:54:08.788 a 2025-08-01-02:54:00 090 161 235 0.1 0.5 1.4 15.5 61.8 733.4 0.00 0 0.0 15.0 24.1 24.4 3.628  -40.2   20.5    0.0  46    8.5   7 0 0 1 1 1 0 18.0 54.9 17.9 55.6 80.0 100 100 20 408 0 143 0 401 401 400 0 0 0 60 50 AUTO 0 
b.1 2025-08-01 02:55:18.184 a 2025-08-01-02:55:09 090 165 294 0.1 0.9 2.5 15.5 61.9 733.4 0.00 0 0.0 15.0 24.1 24.4 3.628  -40.8   20.4    2.1  46    8.5   7 0 0 1 1 1 0 18.0 55.2 17.9 55.6 80.0 100 100 20 408 0 143 0 401 402 400 0 0 0 59 50 AUTO 0 
b.1 2025-08-01 02:56:11.032 a 2025-08-01-02:56:02 105 171 260 0.2 1.0 2.4 15.4 62.0 733.4 0.00 0 0.0 15.1 24.1 24.5 3.634  -41.2   20.3    0.0  47    8.5   7 0 0 1 1 1 0 17.9 55.2 17.9 55.9 80.0 100 100 20 408 0 111 0 401 401 399 0 0 0 59 50 AUTO 0 
b.1 2025-08-01 02:57:14.125 a 2025-08-01-02:57:05 072 172 242 0.0 0.5 1.6 15.4 62.4 733.4 0.00 0 0.0 15.0 24.1 24.5 3.627  -40.1   20.3    0.0  47    8.5   7 0 0 1 1 1 0 17.9 55.6 17.8 56.2 80.0 100 100 20 408 0 143 0 401 402 400 0 0 0 60 50 AUTO 0 
b.1 2025-08-01 02:58:13.368 a 2025-08-01-02:58:04 077 180 324 0.2 0.7 1.9 15.4 61.9 733.4 0.00 0 0.0 14.9 24.0 23.4 3.634  -39.5   20.2    0.0  47    8.5   5 0 0 1 1 1 0 17.8 55.8 17.8 56.3 80.0 100 100 20 408 0 143 0 401 401 400 0 0 0 59 50 AUTO 0 
b.1 2025-08-01 02:59:13.407 a 2025-08-01-02:59:05 023 166 238 0.1 0.4 1.5 15.3 62.4 733.5 0.00 0 0.0 15.0 24.1 24.5 3.626  -39.6   20.1    0.0  47    8.4   5 0 0 1 1 1 0 17.8 55.8 17.8 56.4 80.0 100 100 20 408 0 143 0 401 401 400 0 0 0 60 50 AUTO 0 
b.1 2025-08-01 03:00:18.871 a 2025-08-01-03:00:10 020 190 356 0.1 1.3 3.5 15.3 59.3 733.5 0.00 0 0.0 15.1 24.1 24.4 3.628  -43.1   20.0    2.2  47    8.3   9 0 0 1 1 1 0 17.8 55.6 17.8 56.2 80.0 100 100 20 408 0 143 0 401 401 399 0 0 0 60 50 AUTO 0 
b.1 2025-08-01 03:01:11.509 a 2025-08-01-03:01:03 118 190 246 0.2 1.3 3.8 15.3 59.3 733.5 0.00 0 0.0 15.1 24.1 24.4 3.627  -40.7   19.9    0.0  47    8.3   7 0 0 1 1 1 0 17.8 55.1 17.7 55.3 80.0 100 100 20 408 0 143 0 401 401 399 0 0 0 59 50 AUTO 0 
b.1 2025-08-01 03:02:12.328 a 2025-08-01-03:02:03 026 194 273 0.1 1.0 3.1 15.3 55.6 733.5 0.00 0 0.0 14.9 24.1 24.5 3.627  -39.4   19.9    0.0  47    8.2   7 0 0 1 1 1 0 17.7 54.6 17.7 54.9 80.0 100 100 20 408 0 143 0 401 401 400 0 0 0 59 50 AUTO 0 
b.1 2025-08-01 03:03:12.489 a 2025-08-01-03:03:04 026 178 270 0.1 0.7 1.5 15.3 58.0 733.5 0.00 0 0.0 15.1 24.1 24.4 3.633  -40.0   19.8    0.0  47    8.2   7 0 0 1 1 1 0 17.7 54.3 17.7 54.7 80.0 100 100 20 408 0 143 0 401 401 399 0 0 0 60 50 AUTO 0 
b.1 2025-08-01 03:04:14.009 a 2025-08-01-03:04:05 026 201 284 0.1 1.2 2.8 15.3 56.3 733.5 0.00 0 0.0 15.0 24.1 24.5 3.631  -40.1   19.7    2.2  47    8.1   7 0 0 1 1 1 0 17.7 53.7 17.7 54.0 80.0 100 100 20 408 0 143 0 401 401 400 0 0 0 59 50 AUTO 0 
b.1 2025-08-01 03:05:15.013 a 2025-08-01-03:05:06 055 204 186 0.1 0.9 2.2 15.3 55.4 733.5 0.00 0 0.0 15.0 23.8 23.4 3.633  -40.5   19.7    0.0  47    8.0   7 0 0 1 1 1 0 17.7 53.6 17.7 53.6 80.0 100 100 20 408 0 143 0 401 401 400 0 0 0 60 50 AUTO 0 
b.1 2025-08-01 03:06:13.752 a 2025-08-01-03:06:05 081 195 282 0.1 0.8 2.4 15.3 57.9 733.5 0.00 0 0.0 15.0 24.0 23.4 3.634  -40.7   19.6    0.0  47    8.0   5 0 0 1 1 1 0 17.6 53.1 17.7 53.3 80.0 100 100 20 408 0 143 0 402 401 400 0 0 0 60 50 AUTO 0 
b.1 2025-08-01 03:07:11.612 a 2025-08-01-03:07:03 113 195 283 0.2 0.9 2.4 15.3 58.0 733.5 0.00 0 0.0 15.0 24.1 24.4 3.628  -40.1   19.6    0.0  47    8.0   5 0 0 1 1 1 0 17.6 53.4 17.7 53.6 80.0 100 100 20 408 0 143 0 401 401 400 0 0 0 60 50 AUTO 0 
b.1 2025-08-01 03:08:11.451 a 2025-08-01-03:08:03 092 190 297 0.3 0.9 2.0 15.3 56.9 733.5 0.00 0 0.0 15.0 24.1 24.4 3.628  -39.9   19.6    0.0  47    7.9   5 0 0 1 1 1 0 17.6 53.6 17.7 53.6 80.0 100 100 20 408 0 143 0 401 402 400 0 0 0 60 50 AUTO 0 
b.1 2025-08-01 03:09:11.673 a 2025-08-01-03:09:03 078 192 232 0.1 0.9 2.0 15.3 57.7 733.5 0.00 0 0.0 14.9 24.1 24.5 3.628  -40.0   19.5    0.0  47    7.9   6 0 0 1 1 1 0 17.6 53.5 17.7 53.7 80.0 100 100 20 408 0 143 0 401 402 399 0 0 0 59 50 AUTO 0 
b.1 2025-08-01 03:10:13.410 a 2025-08-01-03:10:05 082 190 286 0.1 0.8 1.9 15.2 57.6 733.5 0.00 0 0.0 15.0 24.1 24.4 3.628  -39.6   19.5    2.1  47    7.8   7 0 0 1 1 1 0 17.6 52.7 17.6 53.3 80.0 100 100 20 408 0 143 0 401 401 400 0 0 0 60 50 AUTO 0 
b.1 2025-08-01 03:11:13.990 a 2025-08-01-03:11:05 057 197 235 0.1 1.2 2.4 15.2 57.5 733.5 0.00 0 0.0 14.9 24.1 24.4 3.628  -40.3   19.4    0.0  47    7.8   7 0 0 1 1 1 0 17.4 53.1 17.5 53.4 80.0 100 100 20 408 0 143 0 401 401 400 0 0 0 60 50 AUTO 0 
b.1 2025-08-01 03:12:11.371 a 2025-08-01-03:12:02 123 201 281 0.1 1.5 3.3 15.2 57.0 733.5 0.00 0 0.0 15.0 24.1 24.4 3.627  -40.4   19.4    2.1  47    7.8   7 0 0 1 1 1 0 17.3 52.7 17.4 53.2 80.0 100 100 20 408 0 143 0 401 402 400 0 0 0 60 50 AUTO 0 
b.1 2025-08-01 03:13:11.351 a 2025-08-01-03:13:02 082 196 337 0.2 1.2 2.8 15.2 50.8 733.5 0.00 0 0.0 15.0 24.1 24.5 3.627  -40.1   19.4    0.0  47    7.7   8 0 0 1 1 1 0 17.3 51.0 17.3 51.6 80.0 100 100 20 408 0 143 0 401 401 399 0 0 0 59 50 AUTO 0 
b.1 2025-08-01 03:14:11.913 a 2025-08-01-03:14:03 080 190 238 0.2 1.4 3.0 15.2 52.4 733.5 0.00 0 0.0 15.0 24.1 24.4 3.627  -41.0   19.4    0.0  46    7.6   8 0 0 1 1 1 0 17.3 49.1 17.2 49.6 80.0 100 100 20 408 0 143 0 401 401 400 0 0 0 60 50 AUTO 0 
b.1 2025-08-01 03:15:14.915 a 2025-08-01-03:15:06 095 198 233 0.2 1.5 3.2 15.2 53.1 733.5 0.00 0 0.0 15.0 24.1 24.4 3.627  -41.2   19.4    2.2  46    7.5   8 0 0 1 1 1 0 17.2 46.0 17.2 46.6 80.0 100 100 20 408 0 143 0 401 401 400 0 0 0 59 50 AUTO 0 
b.1 2025-08-01 03:16:11.335 a 2025-08-01-03:16:02 158 202 248 0.5 1.7 2.8 15.2 48.1 733.5 0.00 0 0.0 15.2 24.1 24.5 3.634  -40.6   19.3    2.2  46    7.4   8 0 0 1 1 1 0 17.2 45.7 17.1 46.0 80.0 100 100 20 408 0 143 0 401 401 400 0 0 0 60 50 AUTO 0 
b.1 2025-08-01 03:17:11.634 a 2025-08-01-03:17:03 132 198 279 0.5 1.2 2.3 15.3 43.7 733.5 0.00 0 0.0 15.0 24.1 24.4 3.627  -40.2   19.3    0.0  45    7.2   8 0 0 1 1 1 0 17.2 45.1 17.1 45.6 80.0 100 100 20 408 0 143 0 401 401 400 0 0 0 60 50 AUTO 0 
b.1 2025-08-01 03:18:07.953 a 2025-08-01-03:17:59 085 195 239 0.1 1.3 3.1 15.3 44.0 733.5 0.00 0 0.0 15.0 24.1 24.5 3.627  -40.1   19.3    0.0  45    7.0   8 0 0 1 1 1 0 17.1 41.9 17.1 42.4 80.0 100 100 20 408 0 143 0 401 402 400 0 0 0 59 50 AUTO 0 
b.1 2025-08-01 03:19:11.892 a 2025-08-01-03:19:03 129 198 237 0.1 1.2 2.6 15.3 44.6 733.5 0.00 0 0.0 15.0 24.1 24.5 3.633  -41.1   19.3    0.0  44    6.9   8 0 0 1 1 1 0 17.1 42.2 17.0 42.7 80.0 100 100 20 408 0 143 0 401 401 400 0 0 0 60 50 AUTO 0 
b.1 2025-08-01 03:20:12.756 a 2025-08-01-03:20:04 151 197 232 0.2 1.5 3.3 15.4 40.1 733.5 0.00 0 0.0 15.0 24.0 23.4 3.634  -41.8   19.3    2.1  44    6.7   8 0 0 1 1 1 0 17.1 39.8 17.0 40.3 80.0 100 100 20 408 0 143 0 401 401 400 0 0 0 59 50 AUTO 0 
b.1 2025-08-01 03:21:11.654 a 2025-08-01-03:21:03 102 201 231 0.2 1.7 3.9 15.4 38.1 733.5 0.00 0 0.0 15.0 24.1 24.4 3.628  -40.8   19.3    2.2  43    6.4   8 0 0 1 1 1 0 17.1 37.7 17.0 37.9 80.0 100 100 20 408 0 143 0 401 402 399 0 0 0 60 50 AUTO 0 
b.1 2025-08-01 03:22:11.957 a 2025-08-01-03:22:03 051 192 237 0.1 1.2 2.9 15.4 37.6 733.5 0.00 0 0.0 14.9 24.1 24.4 3.633  -40.2   19.3    0.0  42    6.1   8 0 0 1 1 1 0 17.1 39.9 17.0 38.8 80.0 100 100 20 408 0 143 0 401 402 399 0 0 0 59 50 AUTO 0 
b.1 2025-08-01 03:23:10.174 a 2025-08-01-03:23:01 112 195 313 0.2 1.5 3.5 15.4 31.2 733.5 0.00 0 0.0 15.1 24.1 24.5 3.628  -40.6   19.3    2.1  41    5.7   8 0 0 1 1 1 0 17.1 39.6 17.0 38.0 80.0 100 100 20 408 0 143 0 401 402 400 0 0 0 59 50 AUTO 0 
b.1 2025-08-01 03:24:12.713 a 2025-08-01-03:24:04 082 195 296 0.3 1.4 3.4 15.5 32.5 733.6 0.00 0 0.0 15.1 24.1 24.4 3.627  -41.1   19.3    0.0  40    5.3   8 0 0 1 1 1 0 17.2 37.7 17.1 35.2 80.0 100 100 20 408 0 143 0 401 401 400 0 0 0 59 50 AUTO 0 
b.1 2025-08-01 03:25:13.154 a 2025-08-01-03:25:04 116 197 310 0.2 1.1 3.1 15.5 34.2 733.6 0.00 0 0.0 15.1 24.1 24.4 3.628  -42.1   19.3    0.0  39    5.1   8 0 0 1 1 1 0 17.1 37.0 17.1 34.6 80.0 100 100 20 408 0 143 0 401 401 400 0 0 0 59 50 AUTO 0 
b.1 2025-08-01 03:26:13.700 a 2025-08-01-03:26:05 134 198 276 0.2 1.2 2.5 15.5 33.4 733.6 0.00 0 0.0 15.0 24.1 24.5 3.627  -40.3   19.3    0.0  39    4.9   8 0 0 1 1 1 0 17.2 37.0 17.0 33.3 80.0 100 100 20 408 0 143 0 401 401 400 0 0 0 60 50 AUTO 0 
b.1 2025-08-01 03:27:11.119 a 2025-08-01-03:27:02 090 188 284 0.0 1.1 2.9 15.5 31.5 733.6 0.00 0 0.0 15.0 24.1 24.5 3.627  -41.4   19.3    0.0  38    4.7   8 0 0 1 1 1 0 17.1 33.3 17.1 33.5 80.0 100 100 20 408 0 143 0 401 401 400 0 0 0 60 50 AUTO 0 
b.1 2025-08-01 03:28:18.499 a 2025-08-01-03:28:10 062 185 288 0.2 1.0 2.0 15.5 30.0 733.6 0.00 0 0.0 15.0 24.1 24.4 3.632  -41.1   19.3    0.0  38    4.4   8 0 0 1 1 1 0 17.2 30.8 17.0 31.6 80.0 100 100 20 408 0 143 0 402 401 400 0 0 0 60 50 AUTO 0 
b.1 2025-08-01 03:29:15.535 a 2025-08-01-03:29:07 116 190 235 0.3 1.3 3.0 15.5 31.7 733.6 0.00 0 0.0 15.0 24.1 24.4 3.626  -40.9   19.2    0.0  37    4.3   8 0 0 1 1 1 0 17.1 30.2 17.0 30.7 80.0 100 100 20 408 0 143 0 402 401 400 0 0 0 59 50 AUTO 0 
b.1 2025-08-01 03:30:17.234 a 2025-08-01-03:30:08 059 187 289 0.2 1.4 3.9 15.5 28.5 733.6 0.00 0 0.0 15.0 24.1 24.5 3.627  -40.9   19.2    2.2  36    4.0   8 0 0 1 1 1 0 17.1 28.4 17.0 28.9 80.0 100 100 20 408 0 143 0 401 402 400 0 0 0 59 50 AUTO 0 
b.1 2025-08-01 03:31:15.595 a 2025-08-01-03:31:07 093 189 278 0.3 1.3 3.6 15.5 26.6 733.6 0.00 0 0.0 15.1 24.1 24.5 3.627  -43.5   19.2    2.1  36    3.6   8 0 0 1 1 1 0 17.1 27.1 17.0 28.2 80.0 100 100 20 408 0 143 0 402 401 400 0 0 0 60 50 AUTO 0 
b.1 2025-08-01 03:32:11.717 a 2025-08-01-03:32:03 090 190 358 0.1 0.9 3.2 15.5 26.7 733.7 0.00 0 0.0 15.0 24.1 24.4 3.635  -40.1   19.2    0.0  35    3.5   8 0 0 1 1 1 0 17.0 27.1 17.0 27.2 80.0 100 100 20 408 0 143 0 402 401 400 0 0 0 60 50 AUTO 0 
b.1 2025-08-01 03:33:10.924 a 2025-08-01-03:33:02 090 186 234 0.1 1.1 3.2 15.6 28.5 733.7 0.00 0 0.0 15.0 24.0 24.5 3.627  -42.2   19.2    0.0  35    3.5   8 0 0 1 1 1 0 17.0 27.3 16.9 27.6 80.0 100 100 20 408 0 143 0 402 401 400 0 0 0 59 50 AUTO 0 
b.1 2025-08-01 03:34:08.240 a 2025-08-01-03:33:59 256 202 355 0.0 1.2 3.5 15.6 28.9 733.7 0.00 0 0.0 15.0 24.1 24.4 3.628  -42.2   19.2    0.0  35    3.5   8 0 0 1 1 1 0 17.0 27.5 16.9 28.1 80.0 100 100 20 408 0 143 0 401 401 400 0 0 0 59 50 AUTO 0 
b.1 2025-08-01 03:35:10.677 a 2025-08-01-03:35:02 067 188 259 0.1 1.0 2.9 15.6 26.7 733.7 0.00 0 0.0 15.0 24.1 24.4 3.627  -40.6   19.2    0.0  34    3.2   8 0 0 1 1 1 0 17.0 26.8 16.9 27.2 80.0 100 100 20 408 0 143 0 401 401 399 0 0 0 60 50 AUTO 0 
b.1 2025-08-01 03:36:14.242 a 2025-08-01-03:36:05 078 191 327 0.1 0.8 2.8 15.6 26.2 733.7 0.00 0 0.0 14.9 24.0 24.4 3.628  -40.4   19.2    0.0  34    2.9   8 0 0 1 1 1 0 17.0 26.3 16.9 26.6 80.0 100 100 20 408 0 143 0 401 401 400 0 0 0 60 50 AUTO 0 
b.1 2025-08-01 03:37:10.740 a 2025-08-01-03:37:02 090 192 302 0.1 1.0 3.9 15.6 26.7 733.7 0.00 0 0.0 15.0 24.1 24.5 3.628  -40.4   19.2    2.1  33    2.8   8 0 0 1 1 1 0 17.0 26.2 16.9 26.7 80.0 100 100 20 408 0 143 0 401 401 400 0 0 0 60 50 AUTO 0 
b.1 2025-08-01 03:38:12.119 a 2025-08-01-03:38:03 304 188 339 0.1 0.9 2.9 15.6 26.9 733.7 0.00 0 0.0 15.0 24.1 24.5 3.627  -40.2   19.2    0.0  33    2.5   8 0 0 1 1 1 0 17.0 24.3 16.9 24.6 80.0 100 100 20 408 0 143 0 401 401 400 0 0 0 60 50 AUTO 0 
b.1 2025-08-01 03:39:10.561 a 2025-08-01-03:39:02 074 178 308 0.1 0.7 2.3 15.6 23.6 733.7 0.00 0 0.0 15.0 24.1 24.5 3.627  -41.0   19.2    0.0  32    2.3   5 0 0 1 1 1 0 17.0 23.6 16.9 23.9 80.0 100 100 20 408 0 143 0 401 401 400 0 0 0 60 50 AUTO 0 
b.1 2025-08-01 03:40:18.721 a 2025-08-01-03:40:10 064 188 243 0.1 1.0 2.7 15.6 24.3 733.8 0.00 0 0.0 15.0 24.1 24.4 3.628  -40.7   19.2    0.0  32    2.0   5 0 0 1 1 1 0 17.0 23.5 16.9 23.9 80.0 100 100 20 408 0 143 2 401 401 400 0 0 3 59 50 AUTO 0 
b.1 2025-08-01 03:41:07.003 a 2025-08-01-03:40:58 069 184 250 0.1 0.9 3.5 15.6 22.7 733.7 0.00 0 0.0 15.0 24.1 24.4 3.627  -40.5   19.2    0.0  31    1.9  10 0 0 1 1 1 0 17.0 22.6 16.9 23.1 80.0 100 100 20 408 0 143 0 401 401 400 0 0 0 59 50 AUTO 0 
b.1 2025-08-01 03:42:11.302 a 2025-08-01-03:42:02 046 189 239 0.1 1.0 2.6 15.6 21.9 733.7 0.00 0 0.0 15.0 24.1 24.5 3.628  -40.6   19.2    2.2  31    1.7  11 0 0 1 1 1 0 17.0 21.8 16.9 22.1 80.0 100 100 20 408 0 143 0 401 401 400 0 0 0 60 50 AUTO 0 
b.1 2025-08-01 03:43:13.424 a 2025-08-01-03:43:04 098 186 283 0.2 0.9 2.8 15.6 22.7 733.8 0.00 0 0.0 15.0 24.1 24.5 3.628  -40.7   19.2    2.1  31    1.6   7 0 0 1 1 1 0 17.0 22.0 16.9 22.4 80.0 100 100 20 408 0 143 0 402 401 400 0 0 0 59 50 AUTO 0 
b.1 2025-08-01 03:44:11.881 a 2025-08-01-03:44:03 040 179 250 0.1 0.8 2.4 15.6 22.8 733.8 0.00 0 0.0 14.9 24.1 24.5 3.626  -40.6   19.2    0.0  30    1.3   7 0 0 1 1 1 0 17.0 21.3 16.9 21.8 80.0 100 100 20 408 0 143 0 401 401 400 0 0 0 60 50 AUTO 0 
b.1 2025-08-01 03:45:15.960 a 2025-08-01-03:45:07 006 175 287 0.1 1.2 3.3 15.6 20.9 733.8 0.00 0 0.0 15.0 24.1 24.5 3.629  -41.7   19.2    0.0  30    1.0   7 0 0 1 1 1 0 17.0 20.5 16.9 20.7 80.0 100 100 20 408 0 143 0 401 401 400 0 0 0 59 50 AUTO 0 
b.1 2025-08-01 03:46:13.148 a 2025-08-01-03:46:04 054 183 295 0.2 1.1 3.3 15.6 21.0 733.8 0.00 0 0.0 15.0 24.1 24.4 3.627  -41.1   19.2    0.0  29    0.7   7 0 0 1 1 1 0 17.0 20.2 16.8 20.5 80.0 100 100 20 408 0 143 0 402 401 400 0 0 0 60 50 AUTO 0 
b.1 2025-08-01 03:47:11.505 a 2025-08-01-03:47:03 067 189 314 0.1 1.2 3.7 15.6 20.1 733.8 0.00 0 0.0 15.1 24.1 24.5 3.628  -40.5   19.2    0.0  29    0.6   7 0 0 1 1 1 0 17.0 19.4 16.8 19.8 80.0 100 100 20 408 0 143 0 402 401 400 0 0 0 59 50 AUTO 0 
b.1 2025-08-01 03:48:12.881 a 2025-08-01-03:48:04 073 194 313 0.2 0.9 2.7 15.6 20.2 733.8 0.00 0 0.0 15.1 24.1 24.4 3.633  -40.9   19.2    2.1  28    0.5   7 0 0 1 1 1 0 17.0 19.4 16.8 19.7 80.0 100 100 20 408 0 143 0 402 401 400 0 0 0 59 50 AUTO 0 
b.1 2025-08-01 03:49:11.786 a 2025-08-01-03:49:03 338 186 353 0.1 1.0 2.5 15.7 19.8 733.8 0.00 0 0.0 15.0 24.1 24.4 3.627  -41.5   19.2    0.0  28    0.2   7 0 0 1 1 1 0 17.0 19.5 16.8 19.6 80.0 100 100 20 408 0 143 0 401 401 400 0 0 0 59 50 AUTO 0 
b.1 2025-08-01 03:50:16.401 a 2025-08-01-03:50:07 041 184 309 0.1 1.1 3.7 15.7 20.0 733.8 0.00 0 0.0 15.0 24.1 24.5 3.627  -41.2   19.2    0.0  27    0.0   7 0 0 1 1 1 0 16.9 19.3 16.8 19.6 80.0 100 100 20 408 0 143 0 401 401 400 0 0 0 60 50 AUTO 0 
b.1 2025-08-01 03:51:16.766 a 2025-08-01-03:51:08 081 187 320 0.1 1.0 3.7 15.7 20.1 733.8 0.00 0 0.0 15.0 24.1 24.5 3.628  -41.1   19.2    0.0  27   -0.2   7 0 0 1 1 1 0 16.9 19.4 16.8 19.6 80.0 100 100 20 408 0 143 0 401 401 400 0 0 0 60 50 AUTO 0 
b.1 2025-08-01 03:52:15.963 a 2025-08-01-03:52:07 306 196 328 0.1 1.1 3.0 15.6 20.2 733.8 0.00 0 0.0 15.0 24.1 24.5 3.628  -40.7   19.2    0.0  27   -0.3   7 0 0 1 1 1 0 16.9 19.5 16.8 19.7 80.0 100 100 20 408 0 143 0 401 401 400 0 0 0 59 50 AUTO 0 
b.1 2025-08-01 03:53:14.404 a 2025-08-01-03:53:05 030 190 284 0.2 1.2 3.0 15.6 20.1 733.8 0.00 0 0.0 15.1 24.1 24.4 3.628  -41.8   19.2    2.1  27   -0.5   7 0 0 1 1 1 0 16.9 19.4 16.7 19.7 80.0 100 100 20 408 0 143 0 401 401 400 0 0 0 60 50 AUTO 0 
b.1 2025-08-01 03:54:13.088 a 2025-08-01-03:54:04 086 197 319 0.2 1.4 3.0 15.7 20.1 733.8 0.00 0 0.0 15.1 24.1 24.4 3.633  -40.8   19.2    2.1  27   -0.5   7 0 0 1 1 1 0 16.8 19.4 16.7 19.7 80.0 100 100 20 408 0 143 0 402 401 400 0 0 0 59 50 AUTO 0 
b.1 2025-08-01 03:55:15.846 a 2025-08-01-03:55:07 103 188 295 0.1 1.0 2.7 15.6 19.8 733.8 0.00 0 0.0 15.0 24.1 24.5 3.628  -41.3   19.2    0.0  26   -0.5   7 0 0 1 1 1 0 16.8 19.3 16.7 19.5 80.0 100 100 20 408 0 143 0 401 401 400 0 0 0 60 50 AUTO 0 
b.1 2025-08-01 03:56:15.226 a 2025-08-01-03:56:06 067 185 267 0.2 1.2 3.4 15.6 19.5 733.9 0.00 0 0.0 15.0 24.1 24.5 3.628  -40.8   19.2    0.0  26   -0.6   7 0 0 1 1 1 0 16.8 19.1 16.7 19.4 80.0 100 100 20 408 0 143 0 401 401 400 0 0 0 59 50 AUTO 0 
b.1 2025-08-01 03:57:07.388 a 2025-08-01-03:56:58 063 189 288 0.3 1.2 3.0 15.6 19.5 733.8 0.00 0 0.0 15.1 24.1 24.5 3.626  -41.1   19.2    0.0  26   -0.9   7 0 0 1 1 1 0 16.8 19.1 16.6 19.3 80.0 100 100 20 408 0 143 0 401 401 400 0 0 0 60 50 AUTO 0 
b.1 2025-08-01 03:58:09.747 a 2025-08-01-03:58:01 060 185 240 0.2 1.5 5.0 15.6 19.5 733.9 0.00 0 0.0 15.1 24.1 24.5 3.627  -40.5   19.2    0.0  26   -1.0   7 0 0 1 1 1 0 16.8 18.8 16.6 19.1 80.0 100 100 20 408 0 143 0 401 401 400 0 0 0 59 50 AUTO 0 
b.1 2025-08-01 03:59:09.910 a 2025-08-01-03:59:01 098 185 274 0.1 1.3 3.5 15.6 19.2 733.8 0.00 0 0.0 15.1 24.1 24.5 3.628  -42.2   19.2    0.0  25   -1.0   7 0 0 1 1 1 0 16.8 18.6 16.6 18.9 80.0 100 100 20 408 0 143 0 401 402 400 0 0 0 59 50 AUTO 0 
b.1 2025-08-01 04:00:15.651 a 2025-08-01-04:00:07 012 192 146 0.1 1.1 3.4 15.7 19.1 733.9 0.00 0 0.0 15.1 24.1 24.5 3.627  -40.5   19.2    0.0  25   -1.2   7 0 0 1 1 1 0 16.8 18.6 16.7 18.9 80.0 100 100 20 408 0 143 0 401 401 400 0 0 0 59 50 AUTO 0 
b.1 2025-08-01 04:01:13.927 a 2025-08-01-04:01:05 090 190 240 0.5 1.4 3.3 15.7 19.1 733.9 0.00 0 0.0 15.1 24.1 24.5 3.627  -41.1   19.2    0.0  25   -1.3   7 0 0 1 1 1 0 16.8 18.6 16.6 18.8 80.0 100 100 20 408 0 143 0 401 402 399 0 0 0 59 50 AUTO 0 
b.1 2025-08-01 04:02:13.671 a 2025-08-01-04:02:05 077 192 274 0.2 1.4 5.5 15.7 18.1 733.9 0.00 0 0.0 15.1 24.1 24.4 3.627  -41.5   19.2    2.2  25   -1.4   7 0 0 1 1 1 0 16.8 18.6 16.6 19.2 80.0 100 100 20 408 0 143 0 401 401 399 0 0 0 60 50 AUTO 0 
b.1 2025-08-01 04:03:12.009 a 2025-08-01-04:03:03 104 192 256 0.1 1.6 4.2 15.7 18.1 733.9 0.00 0 0.0 15.2 24.1 24.4 3.633  -41.7   19.2    2.2  25   -1.5   7 0 0 1 1 1 0 16.8 18.8 16.7 18.9 80.0 100 100 20 408 0 143 0 401 402 400 0 0 0 59 50 AUTO 0 
b.1 2025-08-01 04:04:10.969 a 2025-08-01-04:04:02 074 186 248 0.3 1.6 4.1 15.7 18.1 733.9 0.00 0 0.0 15.2 24.1 24.4 3.633  -40.9   19.2    2.2  24   -1.7   7 0 0 1 1 1 0 16.8 18.7 16.7 19.2 80.0 100 100 20 408 0 143 0 401 401 400 0 0 0 59 50 AUTO 0 
b.1 2025-08-01 04:05:11.611 a 2025-08-01-04:05:03 256 187 328 0.2 1.1 3.1 15.7 17.8 733.9 0.00 0 0.0 15.2 24.1 24.5 3.627  -41.9   19.2    0.0  24   -1.8   7 0 0 1 1 1 0 16.8 18.3 16.7 18.9 80.0 100 100 20 408 0 143 0 401 401 399 0 0 0 59 50 AUTO 0 
b.1 2025-08-01 04:06:11.250 a 2025-08-01-04:06:02 070 194 229 0.4 1.8 4.4 15.7 17.7 733.9 0.00 0 0.0 15.2 24.1 24.4 3.628  -41.5   19.2    2.2  24   -1.9   7 0 0 1 1 1 0 16.8 18.2 16.8 18.4 80.0 100 100 20 408 0 143 0 402 401 400 0 0 0 60 50 AUTO 0 
b.1 2025-08-01 04:07:11.131 a 2025-08-01-04:07:02 065 190 281 0.1 1.8 5.2 15.7 17.7 733.9 0.00 0 0.0 15.3 24.1 24.5 3.631  -41.2   19.2    2.2  24   -2.0   9 0 0 1 1 1 0 16.8 18.7 16.8 18.6 80.0 100 100 20 408 0 143 0 402 401 400 0 0 0 59 50 AUTO 0 
b.1 2025-08-01 04:08:16.309 a 2025-08-01-04:08:07 064 201 297 0.3 1.5 4.8 15.7 17.4 733.9 0.00 0 0.0 15.3 24.1 24.4 3.627  -42.3   19.3    2.2  23   -2.2   9 0 0 1 1 1 0 16.8 17.8 16.8 18.7 80.0 100 100 20 408 0 143 0 401 401 400 0 0 0 60 50 AUTO 0 
b.1 2025-08-01 04:09:10.911 a 2025-08-01-04:09:02 097 192 233 0.3 1.7 4.8 15.7 17.9 733.9 0.00 0 0.0 15.4 24.1 24.5 3.628  -42.2   19.3    2.2  23   -2.3   9 0 0 1 1 1 0 16.8 18.1 16.8 18.3 80.0 100 100 20 408 0 143 0 402 401 400 0 0 0 60 50 AUTO 0 
b.1 2025-08-01 04:10:12.236 a 2025-08-01-04:10:03 063 188 289 0.1 1.6 4.3 15.8 17.6 734.0 0.00 0 0.0 15.4 24.1 24.5 3.628  -41.6   19.3    2.2  23   -2.3   9 0 0 1 1 1 0 16.9 17.8 16.8 19.1 80.0 100 100 20 408 0 143 0 401 401 400 0 0 0 59 50 AUTO 0 
b.1 2025-08-01 04:11:10.739 a 2025-08-01-04:11:02 092 190 310 0.1 1.5 3.4 15.8 18.1 734.0 0.00 0 0.0 15.4 24.1 24.5 3.627  -40.8   19.3    2.2  23   -2.3   9 0 0 1 1 1 0 16.9 18.5 16.9 19.8 80.0 100 100 20 408 0 143 0 401 402 400 0 0 0 60 50 AUTO 0 
b.1 2025-08-01 04:12:13.130 a 2025-08-01-04:12:04 063 188 310 0.1 1.3 4.4 15.8 17.9 734.0 0.00 0 0.0 15.4 24.1 24.5 3.628  -40.5   19.3    2.1  23   -2.3   9 0 0 1 1 1 0 16.9 18.9 16.9 20.1 80.0 100 100 20 408 0 143 0 401 401 400 0 0 0 60 50 AUTO 0 
b.1 2025-08-01 04:13:11.355 a 2025-08-01-04:13:02 124 192 278 0.3 1.5 4.5 15.8 21.6 734.0 0.00 0 0.0 15.5 24.1 24.4 3.626  -41.2   19.3    2.1  23   -2.2   9 0 0 1 1 1 0 16.9 19.0 16.9 19.7 80.0 100 100 20 408 0 143 0 401 401 400 0 0 0 60 50 AUTO 0 
b.1 2025-08-01 04:14:10.993 a 2025-08-01-04:14:02 076 191 324 0.2 1.5 4.2 15.9 19.4 734.0 0.00 0 0.0 15.4 24.1 24.5 3.631  -40.7   19.3    2.2  23   -2.1   9 0 0 1 1 1 0 16.9 19.3 16.9 19.5 80.0 100 100 20 408 0 143 0 402 401 400 0 0 0 60 50 AUTO 0 
b.1 2025-08-01 04:15:14.871 a 2025-08-01-04:15:06 083 196 241 0.2 2.1 5.1 15.9 20.3 734.0 0.00 0 0.0 15.6 24.1 24.5 3.628  -40.7   19.4    2.2  24   -1.9   9 0 0 1 1 1 0 16.9 19.5 16.9 20.6 80.0 100 100 20 408 0 143 0 401 401 400 0 0 0 59 50 AUTO 0 
b.1 2025-08-01 04:16:10.812 a 2025-08-01-04:16:02 076 192 327 0.2 1.4 3.6 15.9 19.8 734.0 0.00 0 0.0 15.5 24.1 24.4 3.627  -40.5   19.4    2.2  24   -1.9   9 0 0 1 1 1 0 16.9 19.7 16.9 20.1 80.0 100 100 20 408 0 143 0 401 402 400 0 0 0 59 50 AUTO 0 
b.1 2025-08-01 04:17:15.395 a 2025-08-01-04:17:06 071 194 287 0.2 1.3 3.6 15.9 20.9 734.1 0.00 0 0.0 15.5 24.1 24.5 3.628  -40.0   19.4    0.0  24   -1.8   9 0 0 1 1 1 0 16.9 20.4 16.9 20.6 80.0 100 100 20 408 0 143 0 401 401 400 0 0 0 60 50 AUTO 0 
b.1 2025-08-01 04:18:12.453 a 2025-08-01-04:18:03 090 194 327 0.0 1.1 2.7 15.9 20.7 734.1 0.00 0 0.0 15.5 24.1 24.5 3.628  -41.3   19.4    0.0  24   -1.7   9 0 0 1 1 1 0 17.0 20.4 16.9 20.6 80.0 100 100 20 408 0 143 0 401 401 400 0 0 0 60 50 AUTO 0 
b.1 2025-08-01 04:19:10.516 a 2025-08-01-04:19:02 090 187 269 0.3 1.4 4.2 15.9 21.6 734.1 0.00 0 0.0 15.5 24.1 24.5 3.627  -40.5   19.4    0.0  24   -1.7   9 0 0 1 1 1 0 16.9 20.4 16.9 20.5 80.0 100 100 20 408 0 143 0 401 401 400 0 0 0 59 50 AUTO 0 
b.1 2025-08-01 04:20:17.974 a 2025-08-01-04:20:09 117 191 251 0.2 1.3 3.4 15.9 22.6 734.0 0.00 0 0.0 15.4 24.1 24.4 3.627  -40.9   19.4    0.0  24   -1.5   5 0 0 1 1 1 0 17.0 21.3 16.9 21.3 80.0 100 100 20 408 0 143 0 401 401 400 0 0 0 60 50 AUTO 0 
b.1 2025-08-01 04:21:11.733 a 2025-08-01-04:21:03 042 182 322 0.2 1.3 4.0 15.9 23.1 734.0 0.00 0 0.0 15.4 24.1 24.5 3.627  -40.2   19.4    0.0  24   -1.4   5 0 0 1 1 1 0 16.9 21.6 16.9 22.2 80.0 100 100 20 408 0 143 0 400 402 400 0 0 0 60 50 AUTO 0 
b.1 2025-08-01 04:22:12.237 a 2025-08-01-04:22:03 109 193 280 0.4 1.3 5.0 15.9 22.0 734.1 0.00 0 0.0 15.4 24.1 24.5 3.627  -40.2   19.4    0.0  25   -1.3   7 0 0 1 1 1 0 16.9 22.2 16.9 22.8 80.0 100 100 20 408 0 138 0 401 402 399 0 0 0 59 50 AUTO 0 
b.1 2025-08-01 04:23:10.421 a 2025-08-01-04:23:01 017 183 259 0.1 1.3 4.7 15.9 24.4 734.1 0.00 0 0.0 15.4 24.1 24.4 3.634  -40.3   19.4    0.0  25   -1.2   8 0 0 1 1 1 0 16.9 22.5 16.9 23.1 80.0 100 100 20 408 0 143 0 401 401 400 0 0 0 60 50 AUTO 0 
b.1 2025-08-01 04:24:17.052 a 2025-08-01-04:24:08 117 194 229 0.5 1.9 4.1 15.9 24.7 734.1 0.00 0 0.0 15.4 24.1 24.4 3.628  -40.6   19.4    2.2  25   -0.9   8 0 0 1 1 1 0 16.9 24.1 16.9 24.6 80.0 100 100 20 408 0 143 0 401 401 400 0 0 0 59 50 AUTO 0 
b.1 2025-08-01 04:25:15.273 a 2025-08-01-04:25:06 103 193 240 0.3 1.7 3.8 15.9 22.1 734.1 0.00 0 0.0 15.4 24.1 24.4 3.627  -40.5   19.4    2.2  25   -1.0   8 0 0 1 1 1 0 16.9 24.1 16.9 24.9 80.0 100 100 20 408 0 143 0 401 401 400 0 0 0 60 50 AUTO 0 
b.1 2025-08-01 04:26:10.796 a 2025-08-01-04:26:02 113 197 287 0.4 1.5 3.6 15.8 20.4 734.1 0.00 0 0.0 15.4 24.1 24.4 3.628  -40.3   19.4    2.2  25   -1.1   8 0 0 1 1 1 0 16.9 23.7 16.9 23.9 80.0 100 100 20 408 0 143 0 401 401 399 0 0 0 60 50 AUTO 0 
b.1 2025-08-01 04:27:09.836 a 2025-08-01-04:27:01 081 197 309 0.3 1.5 4.6 15.8 19.8 734.1 0.00 0 0.0 15.4 24.1 24.4 3.628  -41.4   19.4    2.2  25   -1.4   8 0 0 1 1 1 0 16.9 22.6 16.9 24.5 80.0 100 100 20 408 0 143 0 402 401 400 0 0 0 60 50 AUTO 0 
b.1 2025-08-01 04:28:13.397 a 2025-08-01-04:28:04 096 187 323 0.3 1.5 3.9 15.8 20.3 734.1 0.00 0 0.0 15.5 24.1 24.4 3.628  -40.5   19.4    2.1  24   -1.5   8 0 0 1 1 1 0 16.9 21.3 16.9 21.9 80.0 100 100 20 408 0 143 0 401 401 400 0 0 0 60 50 AUTO 0 
b.1 2025-08-01 04:29:12.677 a 2025-08-01-04:29:04 293 198 342 0.2 1.8 4.6 15.9 20.3 734.1 0.00 0 0.0 15.5 24.1 24.5 3.628  -40.1   19.4    2.2  24   -1.7   8 0 0 1 1 1 0 16.9 20.8 16.9 21.7 80.0 100 100 20 408 0 143 0 401 401 400 0 0 0 60 50 AUTO 0 
b.1 2025-08-01 04:30:13.595 a 2025-08-01-04:30:05 073 196 292 0.2 1.5 4.3 15.9 20.4 734.1 0.00 0 0.0 15.5 24.1 24.5 3.627  -40.1   19.4    2.2  24   -1.7   8 0 0 1 1 1 0 16.9 20.5 16.9 20.9 80.0 100 100 20 408 0 143 0 401 401 400 0 0 0 60 50 AUTO 0 
b.1 2025-08-01 04:31:12.835 a 2025-08-01-04:31:04 025 198 300 0.2 1.2 3.4 15.9 20.5 734.1 0.00 0 0.0 15.5 24.1 24.5 3.628  -40.3   19.4    0.0  24   -1.7   8 0 0 1 1 1 0 16.9 20.4 16.9 20.7 80.0 100 100 20 408 0 143 0 401 401 400 0 0 0 60 50 AUTO 0 
b.1 2025-08-01 04:32:12.178 a 2025-08-01-04:32:03 081 193 254 0.1 1.0 2.6 15.9 20.7 734.1 0.00 0 0.0 15.4 24.1 24.5 3.628  -40.4   19.4    0.0  24   -1.6   8 0 0 1 1 1 0 16.9 20.9 16.9 21.0 80.0 100 100 20 408 0 143 0 401 401 400 0 0 0 59 50 AUTO 0 
b.1 2025-08-01 04:33:15.236 a 2025-08-01-04:33:06 070 190 271 0.2 1.4 3.9 15.9 21.6 734.1 0.00 0 0.0 15.4 24.1 24.5 3.627  -39.8   19.4    0.0  24   -1.6   5 0 0 1 1 1 0 16.9 21.1 16.9 21.6 80.0 100 100 20 408 0 143 0 401 401 400 0 0 0 60 50 AUTO 0 
b.1 2025-08-01 04:34:10.720 a 2025-08-01-04:34:02 090 184 309 0.1 1.1 3.3 15.9 21.1 734.1 0.00 0 0.0 15.5 24.1 24.5 3.633  -40.0   19.4    0.0  24   -1.6   7 0 0 1 1 1 0 16.9 21.3 16.9 21.6 80.0 100 100 20 408 0 143 0 401 401 399 0 0 0 60 50 AUTO 0 
b.1 2025-08-01 04:35:14.061 a 2025-08-01-04:35:05 051 185 327 0.1 1.2 3.8 15.9 21.8 734.1 0.00 0 0.0 15.4 24.1 24.5 3.627  -40.0   19.4    2.1  24   -1.6   7 0 0 1 1 1 0 16.9 21.3 16.9 21.4 80.0 100 100 20 408 0 143 0 401 402 400 0 0 0 60 50 AUTO 0 
b.1 2025-08-01 04:36:10.938 a 2025-08-01-04:36:02 115 197 299 0.3 1.5 3.9 15.9 21.8 734.1 0.00 0 0.0 15.4 24.1 24.4 3.633  -40.2   19.4    2.1  24   -1.7   8 0 0 1 1 1 0 16.9 21.4 16.9 21.5 80.0 100 100 20 408 0 143 0 401 401 400 0 0 0 60 50 AUTO 0 
b.1 2025-08-01 04:37:13.346 a 2025-08-01-04:37:04 103 191 287 0.1 1.2 3.3 15.9 21.2 734.1 0.00 0 0.0 15.4 24.1 24.4 3.627  -39.9   19.4    0.0  24   -1.7   8 0 0 1 1 1 0 16.9 21.5 16.8 21.7 80.0 100 100 20 408 0 143 0 401 401 400 0 0 0 59 50 AUTO 0 
b.1 2025-08-01 04:38:12.023 a 2025-08-01-04:38:03 080 191 295 0.2 1.1 3.2 15.9 21.3 734.1 0.00 0 0.0 15.4 24.1 24.5 3.628  -40.1   19.4    0.0  24   -1.6   8 0 0 1 1 1 0 16.8 21.2 16.8 21.2 80.0 100 100 20 408 0 143 0 402 401 400 0 0 0 59 50 AUTO 0 
b.1 2025-08-01 04:39:13.757 a 2025-08-01-04:39:05 070 186 289 0.1 1.1 3.5 15.9 21.8 734.1 0.00 0 0.0 15.4 24.1 24.4 3.633  -39.9   19.4    0.0  24   -1.5   8 0 0 1 1 1 0 16.8 21.7 16.8 21.9 80.0 100 100 20 408 0 143 0 401 401 400 0 0 0 60 50 AUTO 0 
b.1 2025-08-01 04:40:12.825 a 2025-08-01-04:40:04 120 187 230 0.2 1.5 4.1 15.9 21.6 734.1 0.00 0 0.0 15.4 24.1 24.5 3.628  -39.7   19.4    0.0  24   -1.6   8 0 0 1 1 1 0 16.8 21.7 16.8 21.4 80.0 100 100 20 408 0 143 0 401 401 399 0 0 0 60 50 AUTO 0 
b.1 2025-08-01 04:41:10.243 a 2025-08-01-04:41:01 083 186 296 0.2 1.0 2.9 15.9 21.2 734.1 0.00 0 0.0 15.3 24.1 24.5 3.627  -39.9   19.4    0.0  24   -1.6   8 0 0 1 1 1 0 16.8 22.2 16.8 21.8 80.0 100 100 20 408 0 143 12 401 401 400 5 4 5 60 50 AUTO 0 
b.1 2025-08-01 04:42:11.301 a 2025-08-01-04:42:02 118 192 254 0.2 1.5 3.8 15.9 22.0 734.1 0.00 0 0.0 15.4 24.1 24.5 3.627  -40.8   19.4    2.2  24   -1.5   8 0 0 1 1 1 0 16.8 21.9 16.8 22.3 80.0 100 100 20 408 0 143 0 401 401 400 0 0 0 59 50 AUTO 0 
b.1 2025-08-01 04:43:10.265 a 2025-08-01-04:43:01 054 193 269 0.1 1.5 3.9 15.9 21.7 734.1 0.00 0 0.0 15.5 24.1 24.4 3.627  -40.0   19.5    2.2  24   -1.5   8 0 0 1 1 1 0 16.8 22.1 16.8 22.8 80.0 100 100 20 408 0 143 0 401 401 400 0 0 0 60 50 AUTO 0 
b.1 2025-08-01 04:44:13.125 a 2025-08-01-04:44:04 103 192 325 0.4 1.4 3.4 15.9 21.7 734.1 0.00 0 0.0 15.4 24.1 24.5 3.628  -40.4   19.4    2.2  24   -1.6   8 0 0 1 1 1 0 16.8 22.5 16.8 23.0 80.0 100 100 20 408 0 143 0 401 402 400 0 0 0 60 50 AUTO 0 
b.1 2025-08-01 04:45:16.022 a 2025-08-01-04:45:07 112 193 289 0.3 1.4 3.5 15.9 21.3 734.1 0.00 0 0.0 15.4 24.1 24.5 3.628  -40.2   19.4    0.0  24   -1.6   8 0 0 1 1 1 0 16.8 22.1 16.8 23.7 80.0 100 100 20 408 0 143 0 401 401 399 0 0 0 60 50 AUTO 0 
b.1 2025-08-01 04:46:11.644 a 2025-08-01-04:46:03 121 197 296 0.2 1.4 4.5 15.9 21.8 734.1 0.00 0 0.0 15.5 24.1 24.5 3.629  -41.8   19.5    0.0  24   -1.6   8 0 0 1 1 1 0 16.7 22.1 16.8 22.8 80.0 100 100 20 408 0 143 0 401 402 400 0 0 0 60 50 AUTO 0 
b.1 2025-08-01 04:47:14.359 a 2025-08-01-04:47:05 099 189 285 0.2 1.5 3.9 15.9 21.2 734.1 0.00 0 0.0 15.5 24.1 24.5 3.627  -39.6   19.4    2.2  24   -1.6   9 0 0 1 1 1 0 16.7 22.4 16.8 22.6 80.0 100 100 20 408 0 143 0 401 401 400 0 0 0 60 50 AUTO 0 
b.1 2025-08-01 04:48:11.680 a 2025-08-01-04:48:03 076 191 244 0.2 1.6 5.6 15.9 20.5 734.1 0.00 0 0.0 15.5 24.1 24.5 3.627  -40.0   19.4    2.2  24   -1.7   9 0 0 1 1 1 0 16.7 22.0 16.8 22.4 80.0 100 100 20 408 0 143 0 402 401 400 0 0 0 60 50 AUTO 0 
b.1 2025-08-01 04:49:10.069 a 2025-08-01-04:49:01 084 198 252 0.2 1.1 2.8 15.9 21.1 734.2 0.00 0 0.0 15.5 24.1 24.5 3.626  -40.3   19.4    0.0  24   -1.8   9 0 0 1 1 1 0 16.7 22.2 16.8 22.9 80.0 100 100 20 408 0 143 0 401 402 399 0 0 0 59 50 AUTO 0 
b.1 2025-08-01 04:50:17.842 a 2025-08-01-04:50:09 103 194 278 0.2 1.9 5.2 15.9 21.1 734.2 0.00 0 0.0 15.6 24.1 24.5 3.627  -40.2   19.5    2.2  24   -1.8   9 0 0 1 1 1 0 16.7 22.0 16.8 22.6 80.0 100 100 20 408 0 143 0 401 401 400 0 0 0 60 50 AUTO 0 
b.1 2025-08-01 04:51:12.582 a 2025-08-01-04:51:04 120 189 284 0.4 1.6 4.1 15.9 20.8 734.2 0.00 0 0.0 15.6 24.1 24.5 3.627  -40.7   19.5    2.2  24   -1.8   9 0 0 1 1 1 0 16.7 21.7 16.8 22.4 80.0 100 100 20 408 0 143 0 401 401 400 0 0 0 59 50 AUTO 0 
b.1 2025-08-01 04:52:11.684 a 2025-08-01-04:52:03 121 194 281 0.3 1.6 4.2 16.0 22.1 734.2 0.00 0 0.0 15.6 24.1 24.5 3.628  -40.3   19.5    2.2  24   -1.7   9 0 0 1 1 1 0 16.7 21.7 16.8 22.1 80.0 100 100 20 408 0 143 0 401 401 399 0 0 0 60 50 AUTO 0 
b.1 2025-08-01 04:53:11.723 a 2025-08-01-04:53:03 049 189 250 0.2 1.7 4.3 16.0 19.7 734.2 0.00 0 0.0 15.6 24.1 24.5 3.628  -41.3   19.5    2.2  23   -1.9   9 0 0 1 1 1 0 16.7 21.9 16.8 22.3 80.0 100 100 20 408 0 143 0 401 401 400 0 0 0 60 50 AUTO 0 
b.1 2025-08-01 04:54:14.342 a 2025-08-01-04:54:05 041 193 284 0.3 1.6 4.0 16.0 20.5 734.2 0.00 0 0.0 15.6 24.1 24.5 3.628  -39.7   19.5    2.2  23   -1.9   9 0 0 1 1 1 0 16.7 21.5 16.8 22.0 80.0 100 100 20 408 0 143 0 401 401 399 0 0 0 60 50 AUTO 0 
b.1 2025-08-01 04:55:12.703 a 2025-08-01-04:55:04 041 191 274 0.1 1.3 3.9 16.0 20.2 734.2 0.00 0 0.0 15.6 24.1 24.4 3.633  -40.2   19.5    2.2  23   -2.0   9 0 0 1 1 1 0 16.7 21.2 16.8 21.6 80.0 100 100 20 408 0 143 0 401 401 400 0 0 0 59 50 AUTO 0 
b.1 2025-08-01 04:56:12.548 a 2025-08-01-04:56:04 063 190 286 0.3 1.7 4.7 16.0 20.0 734.2 0.00 0 0.0 15.6 24.1 24.5 3.628  -40.2   19.5    2.2  23   -2.1   9 0 0 1 1 1 0 16.7 20.9 16.8 21.3 80.0 100 100 20 408 0 143 0 401 401 399 0 0 0 60 50 AUTO 0 
b.1 2025-08-01 04:57:08.867 a 2025-08-01-04:57:00 079 187 288 0.3 1.3 4.3 16.0 20.5 734.3 0.00 0 0.0 15.6 24.1 24.4 3.627  -40.7   19.5    2.2  23   -2.0   9 0 0 1 1 1 0 16.7 20.7 16.8 21.0 80.0 100 100 20 408 0 143 0 401 402 400 0 0 0 59 50 AUTO 0 
b.1 2025-08-01 04:58:11.927 a 2025-08-01-04:58:03 124 190 288 0.3 1.9 4.7 16.0 20.1 734.3 0.00 0 0.0 15.7 24.1 24.4 3.633  -40.4   19.5    2.2  23   -2.0   9 0 0 1 1 1 0 16.7 20.9 16.8 21.0 80.0 100 100 20 408 0 143 0 401 401 400 0 0 0 60 50 AUTO 0 
b.1 2025-08-01 04:59:14.282 a 2025-08-01-04:59:05 090 188 277 0.1 1.6 4.0 16.0 19.8 734.3 0.00 0 0.0 15.7 24.1 24.4 3.627  -40.3   19.5    2.2  23   -2.1   9 0 0 1 1 1 0 16.7 20.6 16.7 20.4 80.0 100 100 20 408 0 143 0 402 401 400 0 0 0 60 50 AUTO 0 
b.1 2025-08-01 05:00:15.428 a 2025-08-01-05:00:06 125 195 289 0.2 1.8 4.4 16.0 20.1 734.3 0.00 0 0.0 15.6 24.1 24.5 3.628  -40.3   19.5    2.2  23   -2.1   9 0 0 1 1 1 0 16.7 20.5 16.8 20.9 80.0 100 100 20 408 0 143 0 401 401 400 0 0 0 59 50 AUTO 0 
b.1 2025-08-01 05:01:10.532 a 2025-08-01-05:01:02 075 193 300 0.3 1.5 4.3 16.0 20.2 734.3 0.00 0 0.0 15.6 24.1 24.5 3.628  -41.0   19.5    2.2  23   -2.1   9 0 0 1 1 1 0 16.7 20.8 16.8 21.3 80.0 100 100 20 408 0 143 0 401 401 400 0 0 0 59 50 AUTO 0 
b.1 2025-08-01 05:02:12.947 a 2025-08-01-05:02:04 109 193 228 0.1 1.5 4.9 16.0 20.7 734.3 0.00 0 0.0 15.6 24.1 24.5 3.627  -40.0   19.6    2.2  23   -2.0   9 0 0 1 1 1 0 16.6 20.9 16.8 21.2 80.0 100 100 20 408 0 143 0 401 402 400 0 0 0 59 50 AUTO 0 
b.1 2025-08-01 05:03:13.164 a 2025-08-01-05:03:04 086 182 260 0.2 1.4 3.8 16.0 20.7 734.3 0.00 0 0.0 15.6 24.1 24.4 3.631  -40.3   19.6    2.2  23   -2.1   9 0 0 1 1 1 0 16.7 21.3 16.8 21.5 80.0 100 100 20 408 0 143 0 401 401 400 0 0 0 59 50 AUTO 0 
b.1 2025-08-01 05:04:13.286 a 2025-08-01-05:04:04 075 192 278 0.3 1.3 3.4 15.9 19.6 734.3 0.00 0 0.0 15.5 24.1 24.5 3.628  -40.4   19.5    2.1  23   -2.1   9 0 0 1 1 1 0 16.7 21.2 16.8 21.8 80.0 100 100 20 408 0 143 0 401 401 400 0 0 0 59 50 AUTO 0 
b.1 2025-08-01 05:05:12.887 a 2025-08-01-05:05:04 106 196 328 0.2 1.4 3.8 15.9 18.3 734.3 0.00 0 0.0 15.5 24.1 24.5 3.626  -41.7   19.5    0.0  23   -2.3   5 0 0 1 1 1 0 16.6 21.1 16.7 21.0 80.0 100 100 20 408 0 143 0 401 402 399 0 0 0 59 50 AUTO 0 
b.1 2025-08-01 05:06:11.308 a 2025-08-01-05:06:02 025 182 271 0.2 1.2 3.6 15.9 17.8 734.3 0.00 0 0.0 15.5 24.1 24.4 3.634  -40.2   19.5    2.2  23   -2.4   5 0 0 1 1 1 0 16.6 20.4 16.7 20.6 80.0 100 100 20 408 0 143 0 401 401 400 0 0 0 59 50 AUTO 0 
b.1 2025-08-01 05:07:13.928 a 2025-08-01-05:07:05 067 196 306 0.2 1.3 3.8 15.9 17.9 734.3 0.00 0 0.0 15.6 24.1 24.5 3.627  -39.9   19.5    2.1  22   -2.6   7 0 0 1 1 1 0 16.7 20.0 16.7 20.3 80.0 100 100 20 408 0 143 0 401 402 400 0 0 0 59 50 AUTO 0 
b.1 2025-08-01 05:08:11.832 a 2025-08-01-05:08:03 087 192 289 0.3 1.2 3.0 15.9 17.9 734.3 0.00 0 0.0 15.5 24.1 24.4 3.627  -39.5   19.5    0.0  22   -2.8   7 0 0 1 1 1 0 16.7 19.5 16.7 20.4 80.0 100 100 20 408 0 143 0 401 401 399 0 0 0 59 50 AUTO 0 
b.1 2025-08-01 05:09:10.328 a 2025-08-01-05:09:01 095 190 281 0.1 1.2 4.2 15.9 18.0 734.3 0.00 0 0.0 15.4 24.1 24.5 3.628  -40.5   19.5    2.2  22   -2.9   7 0 0 1 1 1 0 16.7 19.0 16.7 19.7 80.0 100 100 20 408 0 143 0 401 401 400 0 0 0 59 50 AUTO 0 
b.1 2025-08-01 05:10:11.006 a 2025-08-01-05:10:02 099 190 326 0.1 1.3 3.1 15.9 17.2 734.3 0.00 0 0.0 15.5 24.1 24.5 3.629  -40.2   19.5    0.0  22   -3.0   7 0 0 1 1 1 0 16.6 18.6 16.7 19.1 80.0 100 100 20 408 0 143 0 401 401 400 0 0 0 59 50 AUTO 0 
b.1 2025-08-01 05:11:12.068 a 2025-08-01-05:11:03 273 183 326 0.2 1.1 4.0 15.9 16.3 734.3 0.00 0 0.0 15.5 24.1 24.5 3.633  -39.5   19.5    0.0  21   -3.2   7 0 0 1 1 1 0 16.6 18.3 16.7 18.7 80.0 100 100 20 408 0 143 0 401 401 400 0 0 0 59 50 AUTO 0 
b.1 2025-08-01 05:12:09.910 a 2025-08-01-05:12:01 090 188 300 0.1 1.4 5.4 15.9 16.4 734.3 0.00 0 0.0 15.5 24.1 24.5 3.627  -39.1   19.5    2.1  21   -3.3   7 0 0 1 1 1 0 16.6 17.9 16.7 18.0 80.0 100 100 20 408 0 143 0 401 401 400 0 0 0 60 50 AUTO 0 
b.1 2025-08-01 05:13:11.447 a 2025-08-01-05:13:02 023 188 270 0.3 1.2 2.8 15.9 16.5 734.3 0.00 0 0.0 15.4 24.1 24.5 3.628  -40.0   19.5    0.0  21   -3.4   7 0 0 1 1 1 0 16.6 17.7 16.7 19.5 80.0 100 100 20 408 0 123 9 401 401 399 0 2 2 60 50 AUTO 0 
b.1 2025-08-01 05:14:11.013 a 2025-08-01-05:14:02 085 183 294 0.2 1.2 2.9 15.9 16.2 734.3 0.00 0 0.0 15.5 24.1 24.4 3.634  -40.0   19.5    0.0  21   -3.6   7 0 0 1 1 1 0 16.7 17.1 16.7 16.8 80.0 100 100 20 408 0 143 0 401 401 400 0 0 0 59 50 AUTO 0 
b.1 2025-08-01 05:15:14.427 a 2025-08-01-05:15:05 010 176 250 0.2 1.2 3.2 15.9 16.2 734.3 0.00 0 0.0 15.5 24.1 24.5 3.627  -39.4   19.5    0.0  21   -3.6   7 0 0 1 1 1 0 16.7 16.9 16.7 16.4 80.0 100 100 20 408 0 143 0 401 401 400 0 0 0 59 50 AUTO 0 
b.1 2025-08-01 05:16:10.688 a 2025-08-01-05:16:02 110 192 308 0.2 1.1 3.9 15.9 16.0 734.3 0.00 0 0.0 15.4 24.1 24.5 3.628  -41.7   19.5    0.0  20   -3.7   7 0 0 1 1 1 0 16.7 16.1 16.7 16.0 80.0 100 100 20 408 0 143 0 401 401 400 0 0 0 60 50 AUTO 0 
b.1 2025-08-01 05:17:10.951 a 2025-08-01-05:17:02 014 185 298 0.2 1.3 4.4 16.0 16.0 734.3 0.00 0 0.0 15.4 24.1 24.5 3.627  -39.8   19.5    0.0  20   -3.8   7 0 0 1 1 1 0 16.7 16.4 16.7 15.9 80.0 100 100 20 408 0 143 1 401 401 400 0 2 0 59 50 AUTO 0 
b.1 2025-08-01 05:18:11.631 a 2025-08-01-05:18:03 067 177 312 0.2 1.1 3.4 15.9 15.5 734.3 0.00 0 0.0 15.4 24.1 24.5 3.629  -40.3   19.5    2.1  20   -3.9   7 0 0 1 1 1 0 16.7 16.0 16.7 16.0 80.0 100 100 20 408 0 143 0 400 401 400 0 0 0 59 50 AUTO 0 
b.1 2025-08-01 05:19:16.388 a 2025-08-01-05:19:07 095 188 302 0.2 1.3 3.5 15.9 15.5 734.3 0.00 0 0.0 15.5 24.1 24.5 3.627  -39.9   19.5    0.0  20   -4.0   7 0 0 1 1 1 0 16.7 16.2 16.7 16.2 80.0 100 100 20 408 0 143 0 401 401 400 0 0 0 59 50 AUTO 0 
b.1 2025-08-01 05:20:15.589 a 2025-08-01-05:20:07 075 187 250 0.2 1.4 4.4 15.9 15.7 734.3 0.00 0 0.0 15.5 24.1 24.4 3.633  -39.8   19.5    2.1  20   -4.0   7 0 0 1 1 1 0 16.7 16.3 16.7 16.3 80.0 100 100 20 408 0 143 0 401 401 400 0 0 0 59 50 AUTO 0 
b.1 2025-08-01 05:21:13.509 a 2025-08-01-05:21:04 076 188 298 0.1 1.4 4.8 15.9 15.6 734.3 0.00 0 0.0 15.5 24.1 24.4 3.627  -39.1   19.5    2.1  20   -4.0   7 0 0 1 1 1 0 16.7 16.4 16.7 16.5 80.0 100 100 20 408 0 143 0 402 401 400 0 0 0 59 50 AUTO 0 
b.1 2025-08-01 05:22:08.897 a 2025-08-01-05:22:00 073 188 312 0.1 1.4 3.8 15.9 15.4 734.3 0.00 0 0.0 15.5 24.1 24.5 3.626  -41.1   19.5    2.1  20   -4.2   7 0 0 1 1 1 0 16.7 16.4 16.7 16.5 80.0 100 100 20 408 0 143 0 401 401 400 0 0 0 59 50 AUTO 0 
b.1 2025-08-01 05:23:14.910 a 2025-08-01-05:23:06 079 190 328 0.1 1.5 4.3 16.0 15.0 734.3 0.00 0 0.0 15.5 24.1 24.5 3.626  -41.1   19.5    2.2  19   -4.4   7 0 0 1 1 1 0 16.7 16.0 16.7 16.3 80.0 100 100 20 408 0 143 0 401 401 400 0 0 0 59 50 AUTO 0 
b.1 2025-08-01 05:24:11.496 a 2025-08-01-05:24:02 065 184 271 0.2 1.5 5.3 16.0 14.8 734.3 0.00 0 0.0 15.6 24.1 24.5 3.628  -40.4   19.5    2.2  19   -4.4   8 0 0 1 1 1 0 16.7 15.8 16.7 16.4 80.0 100 100 20 408 0 143 0 401 402 400 0 0 0 59 50 AUTO 0 
b.1 2025-08-01 05:25:13.053 a 2025-08-01-05:25:04 070 185 273 0.3 1.3 3.6 16.0 14.8 734.3 0.00 0 0.0 15.6 24.1 24.4 3.627  -40.4   19.5    0.0  19   -4.5   8 0 0 1 1 1 0 16.7 15.8 16.7 16.5 80.0 100 100 20 408 0 143 0 401 401 400 0 0 0 59 50 AUTO 0 
b.1 2025-08-01 05:26:10.296 a 2025-08-01-05:26:01 064 186 272 0.3 1.4 3.5 16.0 14.8 734.3 0.00 0 0.0 15.6 24.1 24.5 3.628  -39.9   19.5    2.1  19   -4.6   8 0 0 1 1 1 0 16.6 15.9 16.7 16.2 80.0 100 100 20 408 0 143 0 401 402 400 0 0 0 59 50 AUTO 0 
b.1 2025-08-01 05:27:11.631 a 2025-08-01-05:27:03 100 187 269 0.2 1.3 3.9 16.0 14.6 734.3 0.00 0 0.0 15.6 24.1 24.5 3.628  -39.8   19.5    0.0  19   -4.6   8 0 0 1 1 1 0 16.6 16.0 16.7 16.1 80.0 100 100 20 408 0 143 0 402 401 400 0 0 0 59 50 AUTO 0 
b.1 2025-08-01 05:28:14.532 a 2025-08-01-05:28:06 104 191 238 0.3 1.3 4.0 16.0 14.2 734.3 0.00 0 0.0 15.6 24.1 24.5 3.628  -39.3   19.5    0.0  19   -4.7   8 0 0 1 1 1 0 16.7 15.6 16.7 16.9 80.0 100 100 20 408 0 143 0 401 401 399 0 0 0 59 50 AUTO 0 
b.1 2025-08-01 05:29:11.072 a 2025-08-01-05:29:02 071 196 270 0.1 1.1 2.9 16.0 14.3 734.3 0.00 0 0.0 15.5 24.1 24.5 3.627  -40.2   19.5    0.0  19   -4.8   8 0 0 1 1 1 0 16.7 15.4 16.7 15.5 80.0 100 100 20 408 0 143 0 401 402 399 0 0 0 59 50 AUTO 0 
b.1 2025-08-01 05:30:14.111 a 2025-08-01-05:30:05 067 189 310 0.3 1.2 3.6 16.0 13.7 734.4 0.00 0 0.0 15.5 24.1 24.5 3.627  -41.3   19.5    0.0  19   -5.0   8 0 0 1 1 1 0 16.6 15.3 16.6 15.8 80.0 100 100 20 408 0 143 0 401 402 400 0 0 0 60 50 AUTO 0 
b.1 2025-08-01 05:31:09.776 a 2025-08-01-05:31:01 106 191 277 0.1 1.4 4.2 16.0 14.2 734.4 0.00 0 0.0 15.5 24.1 24.5 3.627  -41.8   19.5    0.0  19   -4.9   8 0 0 1 1 1 0 16.6 15.1 16.7 15.5 80.0 100 100 20 408 0 143 0 401 401 399 0 0 0 60 50 AUTO 0 
b.1 2025-08-01 05:32:15.055 a 2025-08-01-05:32:06 250 186 351 0.1 1.2 5.1 16.0 13.8 734.4 0.00 0 0.0 15.6 24.1 24.4 3.628  -41.8   19.5    0.0  18   -5.0   8 0 0 1 1 1 0 16.6 15.0 16.7 15.7 80.0 100 100 20 408 0 143 0 401 402 400 0 0 0 60 50 AUTO 0 
b.1 2025-08-01 05:33:10.437 a 2025-08-01-05:33:01 105 190 313 0.2 1.5 5.1 16.0 14.0 734.4 0.00 0 0.0 15.6 24.1 24.5 3.633  -40.3   19.6    0.0  18   -5.1   8 0 0 1 1 1 0 16.6 15.1 16.6 15.0 80.0 100 100 20 408 0 143 0 401 402 400 0 0 0 59 50 AUTO 0 
b.1 2025-08-01 05:34:09.918 a 2025-08-01-05:34:01 055 199 329 0.1 1.2 3.6 16.1 13.8 734.4 0.00 0 0.0 15.6 24.1 24.5 3.627  -39.7   19.6    0.0  18   -5.2   8 0 0 1 1 1 0 16.6 14.9 16.6 15.2 80.0 100 100 20 408 0 143 0 402 401 400 0 0 0 60 50 AUTO 0 
b.1 2025-08-01 05:35:15.434 a 2025-08-01-05:35:06 091 184 292 0.1 1.0 2.9 16.1 13.9 734.4 0.00 0 0.0 15.6 24.1 24.5 3.627  -39.8   19.6    0.0  18   -5.2   8 0 0 1 1 1 0 16.6 14.8 16.7 15.2 80.0 100 100 20 408 0 143 0 401 401 400 0 0 0 60 50 AUTO 0 
b.1 2025-08-01 05:36:16.532 a 2025-08-01-05:36:07 086 187 280 0.2 1.1 3.8 16.1 14.3 734.4 0.00 0 0.0 15.5 24.1 24.4 3.633  -40.1   19.6    0.0  18   -5.2   8 0 0 1 1 1 0 16.6 14.6 16.6 14.6 80.0 100 100 20 408 0 143 0 401 401 400 0 0 0 60 50 AUTO 0 
b.1 2025-08-01 05:37:10.538 a 2025-08-01-05:37:01 086 185 294 0.2 1.3 3.1 16.0 14.5 734.4 0.00 0 0.0 15.6 24.1 24.5 3.628  -40.1   19.6    0.0  18   -5.2   8 0 0 1 1 1 0 16.6 14.8 16.6 14.7 80.0 100 100 20 408 0 143 0 401 401 400 0 0 0 59 50 AUTO 0 
b.1 2025-08-01 05:38:10.516 a 2025-08-01-05:38:01 021 187 245 0.4 1.5 4.8 16.0 14.2 734.4 0.00 0 0.0 15.5 24.1 24.5 3.633  -41.2   19.5    2.2  18   -5.1   8 0 0 1 1 1 0 16.6 14.9 16.6 14.9 80.0 100 100 20 408 0 143 0 401 401 400 0 0 0 59 50 AUTO 0 
b.1 2025-08-01 05:39:13.299 a 2025-08-01-05:39:04 111 193 307 0.3 1.4 3.5 16.0 14.5 734.4 0.00 0 0.0 15.5 24.1 24.4 3.633  -40.5   19.5    2.2  18   -5.2   8 0 0 1 1 1 0 16.6 14.9 16.6 15.0 80.0 100 100 20 408 0 143 0 401 401 400 0 0 0 59 50 AUTO 0 
b.1 2025-08-01 05:40:12.119 a 2025-08-01-05:40:03 112 193 291 0.1 1.5 3.8 16.0 14.5 734.4 0.00 0 0.0 15.5 24.1 24.4 3.628  -41.2   19.5    2.2  18   -5.3   8 0 0 1 1 1 0 16.6 14.8 16.6 15.1 80.0 100 100 20 408 0 143 0 401 401 400 0 0 0 59 50 AUTO 0 
b.1 2025-08-01 05:41:15.897 a 2025-08-01-05:41:07 111 190 318 0.2 1.5 4.0 16.0 14.2 734.4 0.00 0 0.0 15.6 24.1 24.5 3.633  -40.6   19.5    2.2  18   -5.4   9 0 0 1 1 1 0 16.6 14.9 16.6 14.7 80.0 100 100 20 408 0 143 0 401 402 399 0 0 0 60 50 AUTO 0 
b.1 2025-08-01 05:42:10.996 a 2025-08-01-05:42:02 120 192 317 0.2 1.1 3.1 16.0 14.2 734.4 0.00 0 0.0 15.5 24.1 24.4 3.628  -40.0   19.5    0.0  18   -5.4   9 0 0 1 1 1 0 16.6 14.7 16.6 14.8 80.0 100 100 20 408 0 143 0 401 402 400 0 0 0 59 50 AUTO 0 
b.1 2025-08-01 05:43:10.661 a 2025-08-01-05:43:02 142 194 286 0.3 2.1 5.6 16.0 14.0 734.4 0.00 0 0.0 15.6 24.1 24.5 3.628  -40.6   19.5    2.2  18   -5.4   9 0 0 1 1 1 0 16.6 15.0 16.6 15.0 80.0 100 100 20 408 0 143 0 401 401 400 0 0 0 59 50 AUTO 0 
b.1 2025-08-01 05:44:14.257 a 2025-08-01-05:44:05 087 187 280 0.2 1.3 4.1 16.0 13.9 734.4 0.00 0 0.0 15.6 24.1 24.4 3.627  -41.2   19.5    2.2  18   -5.5   9 0 0 1 1 1 0 16.6 14.7 16.6 14.7 80.0 100 100 20 408 0 143 0 401 401 400 0 0 0 59 50 AUTO 0 
b.1 2025-08-01 05:45:14.880 a 2025-08-01-05:45:06 090 190 302 0.4 2.1 5.4 16.0 14.0 734.4 0.00 0 0.0 15.6 24.1 24.5 3.627  -44.0   19.5    2.2  18   -5.6   9 0 0 1 1 1 0 16.6 14.8 16.6 15.4 80.0 100 100 20 408 0 143 0 402 401 400 0 0 0 59 50 AUTO 0 
b.1 2025-08-01 05:46:10.265 a 2025-08-01-05:46:01 085 188 318 0.2 1.6 5.4 16.0 13.5 734.4 0.00 0 0.0 15.7 24.1 24.5 3.634  -40.6   19.5    2.2  18   -5.7   9 0 0 1 1 1 0 16.6 14.5 16.6 15.0 80.0 100 100 20 408 0 143 0 401 401 400 0 0 0 59 50 AUTO 0 
b.1 2025-08-01 05:47:11.161 a 2025-08-01-05:47:02 106 191 279 0.3 1.8 4.6 16.0 13.6 734.4 0.00 0 0.0 15.7 24.1 24.4 3.627  -42.4   19.5    2.2  18   -5.7   9 0 0 1 1 1 0 16.6 14.5 16.6 14.7 80.0 100 100 20 408 0 143 0 402 401 400 0 0 0 59 50 AUTO 0 
b.1 2025-08-01 05:48:08.461 a 2025-08-01-05:47:59 120 191 253 0.2 1.6 4.5 16.1 13.6 734.4 0.00 0 0.0 15.7 24.1 24.5 3.629  -41.1   19.6    2.2  18   -5.6   9 0 0 1 1 1 0 16.6 14.5 16.6 15.0 80.0 100 100 20 408 0 143 0 401 401 400 0 0 0 59 50 AUTO 0 
b.1 2025-08-01 05:49:12.721 a 2025-08-01-05:49:04 163 195 167 0.0 1.3 3.7 16.0 13.6 734.5 0.00 0 0.0 15.7 24.1 24.5 3.634  -42.2   19.6    2.2  18   -5.7   9 0 0 1 1 1 0 16.6 14.5 16.6 14.5 80.0 100 100 20 408 0 143 0 401 402 400 0 0 0 59 50 AUTO 0 
b.1 2025-08-01 05:50:13.025 a 2025-08-01-05:50:04 287 193 341 0.3 1.4 3.3 16.0 13.8 734.5 0.00 0 0.0 15.6 24.1 24.5 3.627  -40.4   19.5    2.2  17   -5.8   9 0 0 1 1 1 0 16.6 14.6 16.6 14.8 80.0 100 100 20 408 0 143 0 401 401 400 0 0 0 60 50 AUTO 0 
b.1 2025-08-01 05:51:11.842 a 2025-08-01-05:51:03 025 186 287 0.2 1.2 3.9 16.0 13.7 734.5 0.00 0 0.0 15.6 24.1 24.4 3.628  -40.0   19.5    0.0  17   -5.8   9 0 0 1 1 1 0 16.6 14.5 16.6 14.6 80.0 100 100 20 408 0 143 0 402 401 400 0 0 0 59 50 AUTO 0 
b.1 2025-08-01 05:52:14.618 a 2025-08-01-05:52:05 065 189 303 0.2 1.6 4.8 16.0 13.7 734.5 0.00 0 0.0 15.6 24.1 24.5 3.637  -40.4   19.6    2.2  17   -5.8   9 0 0 1 1 1 0 16.6 14.5 16.6 14.4 80.0 100 100 20 408 0 143 0 401 402 399 0 0 0 59 50 AUTO 0 
b.1 2025-08-01 05:53:11.999 a 2025-08-01-05:53:03 065 189 303 0.2 1.3 4.7 16.0 13.9 734.5 0.00 0 0.0 15.6 24.1 24.5 3.626  -40.8   19.5    2.1  17   -5.8   9 0 0 1 1 1 0 16.6 14.5 16.6 14.3 80.0 100 100 20 408 0 143 0 401 402 400 0 0 0 60 50 AUTO 0 
b.1 2025-08-01 05:54:12.861 a 2025-08-01-05:54:04 089 183 249 0.1 1.5 4.3 16.0 13.4 734.4 0.00 0 0.0 15.6 24.1 24.5 3.627  -40.8   19.5    2.2  17   -5.9   9 0 0 1 1 1 0 16.6 14.2 16.6 14.1 80.0 100 100 20 408 0 143 0 401 401 400 0 0 0 59 50 AUTO 0 
b.1 2025-08-01 05:55:15.022 a 2025-08-01-05:55:06 009 186 291 0.2 1.3 3.8 16.0 13.6 734.5 0.00 0 0.0 15.6 24.1 24.5 3.633  -40.6   19.5    2.1  17   -5.9   5 0 0 1 1 1 0 16.6 13.8 16.6 13.9 80.0 100 100 20 408 0 143 0 401 401 400 0 0 0 59 50 AUTO 0 
b.1 2025-08-01 05:56:11.619 a 2025-08-01-05:56:03 109 192 238 0.3 1.7 4.4 16.0 13.3 734.4 0.00 0 0.0 15.6 24.1 24.5 3.628  -40.6   19.5    2.2  17   -6.1   5 0 0 1 1 1 0 16.6 14.1 16.6 13.8 80.0 100 100 20 408 0 143 0 402 401 400 0 0 0 59 50 AUTO 0 
b.1 2025-08-01 05:57:11.599 a 2025-08-01-05:57:03 104 191 270 0.2 1.7 5.3 16.0 12.9 734.4 0.00 0 0.0 15.6 24.1 24.4 3.628  -40.8   19.5    2.2  17   -6.1   8 0 0 1 1 1 0 16.6 13.7 16.6 13.7 80.0 100 100 20 408 0 143 0 401 401 400 0 0 0 59 50 AUTO 0 
b.1 2025-08-01 05:58:11.723 a 2025-08-01-05:58:03 256 190 313 0.3 1.5 4.9 16.0 13.0 734.5 0.00 0 0.0 15.6 24.1 24.5 3.629  -41.0   19.5    2.2  17   -6.2   8 0 0 1 1 1 0 16.6 13.4 16.6 13.9 80.0 100 100 20 408 0 143 0 401 401 400 0 0 0 59 50 AUTO 0 
b.1 2025-08-01 05:59:13.280 a 2025-08-01-05:59:04 249 187 353 0.2 1.3 3.8 16.0 13.1 734.4 0.00 0 0.0 15.6 24.1 24.5 3.627  -40.7   19.5    2.2  17   -6.2   8 0 0 1 1 1 0 16.6 13.7 16.6 13.7 80.0 100 100 20 408 0 143 0 401 401 400 0 0 0 59 50 AUTO 0 
b.1 2025-08-01 06:00:11.505 a 2025-08-01-06:00:02 026 203 343 0.3 1.4 3.7 16.0 13.2 734.4 0.00 0 0.0 15.6 24.1 24.4 3.627  -40.5   19.5    2.2  17   -6.3   9 0 0 1 1 1 0 16.6 13.7 16.6 13.7 80.0 100 100 20 408 0 143 0 402 401 400 0 0 0 60 50 AUTO 0 
b.1 2025-08-01 06:01:09.901 a 2025-08-01-06:01:01 060 189 239 0.3 1.3 3.7 16.0 13.1 734.5 0.00 0 0.0 15.6 24.1 24.5 3.628  -40.7   19.5    2.1  17   -6.4   9 0 0 1 1 1 0 16.6 13.7 16.5 14.2 80.0 100 100 20 408 0 143 0 401 401 399 0 0 0 59 50 AUTO 0 
b.1 2025-08-01 06:02:10.762 a 2025-08-01-06:02:02 032 187 322 0.2 1.7 5.8 16.0 12.9 734.4 0.00 0 0.0 15.6 24.1 24.5 3.628  -40.4   19.5    2.2  17   -6.4   9 0 0 1 1 1 0 16.6 13.6 16.5 14.2 80.0 100 100 20 408 0 143 0 401 402 399 0 0 0 59 50 AUTO 0 
b.1 2025-08-01 06:03:11.961 a 2025-08-01-06:03:03 127 186 235 0.1 1.8 4.6 16.0 13.2 734.5 0.00 0 0.0 15.6 24.1 24.5 3.628  -42.6   19.5    2.2  17   -6.4   9 0 0 1 1 1 0 16.6 13.8 16.5 13.9 80.0 100 100 20 408 0 143 0 401 401 400 0 0 0 60 50 AUTO 0 
b.1 2025-08-01 06:04:11.525 a 2025-08-01-06:04:02 077 187 328 0.1 1.5 3.1 16.0 12.8 734.4 0.00 0 0.0 15.6 24.1 24.5 3.627  -41.0   19.5    2.2  17   -6.4   9 0 0 1 1 1 0 16.5 13.7 16.6 13.8 80.0 100 100 20 408 0 143 0 401 401 400 0 0 0 60 50 AUTO 0 
b.1 2025-08-01 06:05:13.904 a 2025-08-01-06:05:05 161 182 283 0.2 1.3 3.1 16.0 12.9 734.4 0.00 0 0.0 15.6 24.1 24.4 3.628  -40.8   19.5    2.2  17   -6.5   9 0 0 1 1 1 0 16.5 13.7 16.5 13.8 80.0 100 100 20 408 0 143 0 401 401 400 0 0 0 60 50 AUTO 0 
b.1 2025-08-01 06:06:09.525 a 2025-08-01-06:06:00 109 192 315 0.4 1.7 4.6 15.9 12.9 734.4 0.00 0 0.0 15.6 24.1 24.5 3.627  -40.8   19.5    2.2  17   -6.5   9 0 0 1 1 1 0 16.5 13.7 16.5 14.4 80.0 100 100 20 408 0 143 0 401 402 400 0 0 0 60 50 AUTO 0 
b.1 2025-08-01 06:07:10.713 a 2025-08-01-06:07:02 075 187 274 0.2 1.5 4.5 15.9 12.6 734.4 0.00 0 0.0 15.6 24.1 24.5 3.628  -41.6   19.5    2.2  16   -6.6   9 0 0 1 1 1 0 16.5 14.0 16.5 14.1 80.0 100 100 20 408 0 143 0 401 402 400 0 0 0 59 50 AUTO 0 
b.1 2025-08-01 06:08:12.864 a 2025-08-01-06:08:04 100 194 302 0.2 1.4 3.2 15.9 12.8 734.4 0.00 0 0.0 15.6 24.1 24.5 3.635  -40.4   19.5    2.2  16   -6.7   9 0 0 1 1 1 0 16.5 13.5 16.5 13.5 80.0 100 100 20 408 0 143 0 401 401 400 0 0 0 59 50 AUTO 0 
b.1 2025-08-01 06:09:10.207 a 2025-08-01-06:09:01 117 191 293 0.2 1.6 4.5 15.9 12.2 734.4 0.00 0 0.0 15.5 24.1 24.4 3.633  -40.4   19.5    2.2  16   -6.7   9 0 0 1 1 1 0 16.5 13.4 16.5 13.2 80.0 100 100 20 408 0 143 0 401 401 400 0 0 0 60 50 AUTO 0 
b.1 2025-08-01 06:10:10.226 a 2025-08-01-06:10:01 050 189 293 0.2 1.7 4.4 15.9 12.1 734.4 0.00 0 0.0 15.6 24.1 24.4 3.633  -40.1   19.5    2.2  16   -6.9   9 0 0 1 1 1 0 16.5 13.3 16.5 13.2 80.0 100 100 20 408 0 143 0 401 401 400 0 0 0 59 50 AUTO 0 
b.1 2025-08-01 06:11:11.927 a 2025-08-01-06:11:03 062 186 280 0.1 1.1 4.3 15.9 12.1 734.4 0.00 0 0.0 15.6 24.1 24.4 3.633  -40.8   19.5    0.0  16   -6.9   9 0 0 1 1 1 0 16.5 12.9 16.5 12.9 80.0 100 100 20 408 0 143 0 401 401 399 0 0 0 60 50 AUTO 0 
b.1 2025-08-01 06:12:13.851 a 2025-08-01-06:12:05 100 195 291 0.1 1.4 4.8 15.9 11.8 734.4 0.00 0 0.0 15.5 24.1 24.4 3.633  -40.5   19.5    0.0  16   -7.0   9 0 0 1 1 1 0 16.5 12.8 16.5 13.4 80.0 100 100 20 408 0 143 0 401 401 400 0 0 0 59 50 AUTO 0 
b.1 2025-08-01 06:13:13.125 a 2025-08-01-06:13:04 078 188 254 0.1 1.5 4.4 15.9 12.2 734.4 0.00 0 0.0 15.6 24.1 24.4 3.628  -40.7   19.5    2.1  16   -7.1   5 0 0 1 1 1 0 16.5 12.9 16.5 13.0 80.0 100 100 20 408 0 143 0 401 401 400 0 0 0 60 50 AUTO 0 
b.1 2025-08-01 06:14:10.249 a 2025-08-01-06:14:01 060 188 264 0.2 1.3 4.8 15.9 11.9 734.4 0.00 0 0.0 15.5 24.1 24.5 3.627  -40.6   19.5    0.0  16   -7.1  11 0 0 1 1 1 0 16.5 12.7 16.5 12.8 80.0 100 100 20 408 0 143 0 401 401 399 0 0 0 60 50 AUTO 0 
b.1 2025-08-01 06:15:18.164 a 2025-08-01-06:15:09 030 190 288 0.1 1.3 5.3 16.0 12.0 734.4 0.00 0 0.0 15.6 24.1 24.5 3.627  -40.8   19.5    0.0  16   -7.0   7 0 0 1 1 1 0 16.5 12.6 16.5 12.6 80.0 100 100 20 408 0 143 0 401 401 400 0 0 0 60 50 AUTO 0 
b.1 2025-08-01 06:16:15.266 a 2025-08-01-06:16:06 078 189 284 0.2 1.4 3.7 16.0 11.8 734.4 0.00 0 0.0 15.5 24.1 24.5 3.627  -40.6   19.5    2.1  16   -7.1   8 0 0 1 1 1 0 16.5 12.5 16.5 12.6 80.0 100 100 20 408 0 143 0 402 401 400 0 0 0 60 50 AUTO 0 
b.1 2025-08-01 06:17:09.368 a 2025-08-01-06:17:00 064 185 260 0.1 1.0 2.8 16.0 11.6 734.4 0.00 0 0.0 15.6 24.1 24.5 3.628  -40.6   19.5    0.0  16   -7.2   8 0 0 1 1 1 0 16.5 12.4 16.5 12.3 80.0 100 100 20 408 0 143 0 401 401 400 0 0 0 59 50 AUTO 0 
b.1 2025-08-01 06:18:11.265 a 2025-08-01-06:18:02 104 192 327 0.1 1.7 4.9 16.0 12.0 734.4 0.00 0 0.0 15.6 24.1 24.5 3.628  -40.4   19.5    2.2  16   -7.2   8 0 0 1 1 1 0 16.5 12.4 16.4 12.7 80.0 100 100 20 408 0 143 0 401 401 399 0 0 0 59 50 AUTO 0 
b.1 2025-08-01 06:19:10.368 a 2025-08-01-06:19:01 111 186 288 0.3 1.3 2.7 16.0 12.1 734.4 0.00 0 0.0 15.6 24.1 24.4 3.627  -39.9   19.5    2.2  16   -7.3   9 0 0 1 1 1 0 16.5 12.5 16.4 12.5 80.0 100 100 20 408 0 143 0 401 401 400 0 0 0 59 50 AUTO 0 
b.1 2025-08-01 06:20:12.631 a 2025-08-01-06:20:03 012 190 214 0.1 1.1 2.7 16.0 12.1 734.5 0.00 0 0.0 15.5 24.1 24.5 3.627  -39.9   19.5    2.1  16   -7.3   9 0 0 1 1 1 0 16.5 12.6 16.4 12.7 80.0 100 100 20 408 0 143 0 401 401 400 0 0 0 59 50 AUTO 0 
b.1 2025-08-01 06:21:09.828 a 2025-08-01-06:21:01 019 205 240 0.2 1.4 3.8 16.0 12.2 734.5 0.00 0 0.0 15.6 24.1 24.4 3.628  -40.9   19.5    0.0  16   -7.2   9 0 0 1 1 1 0 16.5 12.7 16.4 12.9 80.0 100 100 20 408 0 143 0 401 401 400 0 0 0 60 50 AUTO 0 
b.1 2025-08-01 06:22:10.028 a 2025-08-01-06:22:01 090 191 289 0.1 1.3 4.7 16.0 12.3 734.5 0.00 0 0.0 15.6 24.1 24.5 3.627  -40.2   19.5    0.0  16   -7.2   9 0 0 1 1 1 0 16.5 12.7 16.4 12.8 80.0 100 100 20 408 0 143 0 401 401 400 0 0 0 60 50 AUTO 0 
b.1 2025-08-01 06:23:10.789 a 2025-08-01-06:23:02 000 188 310 0.2 1.7 4.7 16.0 12.4 734.5 0.00 0 0.0 15.6 24.1 24.5 3.627  -40.6   19.5    2.1  16   -7.1   9 0 0 1 1 1 0 16.5 13.0 16.4 13.1 80.0 100 100 20 408 0 143 0 401 401 400 0 0 0 60 50 AUTO 0 
b.1 2025-08-01 06:24:16.153 a 2025-08-01-06:24:07 085 184 329 0.2 1.4 3.4 16.0 12.3 734.5 0.00 0 0.0 15.6 24.1 24.4 3.628  -40.8   19.5    0.0  16   -7.1   9 0 0 1 1 1 0 16.5 13.0 16.4 13.3 80.0 100 100 20 408 0 143 0 402 401 400 0 0 0 60 50 AUTO 0 
b.1 2025-08-01 06:25:16.826 a 2025-08-01-06:25:08 128 195 329 0.1 1.2 3.3 16.0 12.2 734.5 0.00 0 0.0 15.6 24.1 24.5 3.627  -40.0   19.5    0.0  16   -7.2   9 0 0 1 1 1 0 16.4 12.9 16.4 13.5 80.0 100 100 20 408 0 143 0 401 401 400 0 0 0 59 50 AUTO 0 
b.1 2025-08-01 06:26:12.167 a 2025-08-01-06:26:03 027 189 311 0.1 1.7 4.2 16.0 12.3 734.5 0.00 0 0.0 15.6 24.1 24.5 3.628  -40.7   19.5    2.2  16   -7.1   5 0 0 1 1 1 0 16.4 13.0 16.4 13.1 80.0 100 100 20 408 0 143 0 401 402 399 0 0 0 60 50 AUTO 0 
b.1 2025-08-01 06:27:15.371 a 2025-08-01-06:27:06 043 194 271 0.2 1.4 4.4 16.0 12.2 734.4 0.00 0 0.0 15.6 24.1 24.4 3.634  -41.9   19.5    0.0  16   -7.2   6 0 0 1 1 1 0 16.4 13.1 16.4 12.7 80.0 100 100 20 408 0 143 0 401 402 400 0 0 0 60 50 AUTO 0 
b.1 2025-08-01 06:28:12.267 a 2025-08-01-06:28:03 006 195 292 0.2 1.5 4.4 16.0 12.3 734.4 0.00 0 0.0 15.5 24.1 24.5 3.628  -39.8   19.5    0.0  16   -7.2   7 0 0 1 1 1 0 16.4 13.0 16.5 12.7 80.0 100 100 20 408 0 143 0 401 402 399 0 0 0 60 50 AUTO 0 
b.1 2025-08-01 06:29:11.328 a 2025-08-01-06:29:02 115 188 258 0.1 1.1 2.9 16.0 12.4 734.5 0.00 0 0.0 15.5 24.1 24.5 3.628  -39.9   19.5    0.0  16   -7.1   7 0 0 1 1 1 0 16.4 12.9 16.5 12.7 80.0 100 100 20 408 0 143 0 401 401 400 0 0 0 60 50 AUTO 0 
b.1 2025-08-01 06:30:12.210 a 2025-08-01-06:30:03 063 186 272 0.2 1.4 3.6 16.0 12.5 734.5 0.00 0 0.0 15.5 24.1 24.4 3.631  -40.6   19.5    2.2  16   -7.2   7 0 0 1 1 1 0 16.5 13.1 16.5 12.8 80.0 100 100 20 408 0 143 0 401 401 400 0 0 0 60 50 AUTO 0 
b.1 2025-08-01 06:31:09.332 a 2025-08-01-06:31:00 079 185 247 0.2 1.1 2.7 16.0 12.6 734.5 0.00 0 0.0 15.5 24.1 24.5 3.628  -39.6   19.5    0.0  16   -7.1   7 0 0 1 1 1 0 16.5 13.1 16.5 13.0 80.0 100 100 20 408 0 143 0 401 402 400 0 0 0 59 50 AUTO 0 
b.1 2025-08-01 06:32:13.173 a 2025-08-01-06:32:04 064 195 298 0.2 1.0 2.3 16.0 12.3 734.4 0.00 0 0.0 15.5 24.1 24.5 3.627  -40.3   19.5    0.0  16   -7.2   7 0 0 1 1 1 0 16.5 13.0 16.5 13.3 80.0 100 100 20 408 0 143 0 402 401 400 0 0 0 60 50 AUTO 0 
b.1 2025-08-01 06:33:10.693 a 2025-08-01-06:33:02 280 190 318 0.3 1.5 5.2 16.0 12.1 734.4 0.00 0 0.0 15.5 24.1 24.4 3.627  -40.7   19.5    2.2  16   -7.2   7 0 0 1 1 1 0 16.4 13.1 16.5 13.1 80.0 100 100 20 408 0 143 5 401 401 400 2 2 2 60 50 AUTO 0 
b.1 2025-08-01 06:34:14.990 a 2025-08-01-06:34:06 097 190 313 0.3 1.2 3.6 16.0 12.2 734.4 0.00 0 0.0 15.6 24.1 24.5 3.627  -40.1   19.5    0.0  16   -7.2   7 0 0 1 1 1 0 16.5 12.6 16.5 12.6 80.0 100 100 20 408 0 143 0 401 401 399 0 0 0 59 50 AUTO 0 
b.1 2025-08-01 06:35:13.007 a 2025-08-01-06:35:04 091 191 334 0.2 1.5 4.2 16.0 12.4 734.4 0.00 0 0.0 15.5 24.1 24.5 3.627  -40.4   19.5    2.2  16   -7.2   7 0 0 1 1 1 0 16.5 12.4 16.5 12.4 80.0 100 100 20 408 0 143 0 402 401 400 0 0 0 60 50 AUTO 0 
b.1 2025-08-01 06:36:12.392 a 2025-08-01-06:36:03 083 189 292 0.2 1.1 3.3 16.0 12.4 734.4 0.00 0 0.0 15.5 24.1 24.5 3.627  -39.9   19.5    0.0  16   -7.3   7 0 0 1 1 1 0 16.5 12.5 16.5 12.5 80.0 100 100 20 408 0 143 0 401 401 400 0 0 0 60 50 AUTO 0 
b.1 2025-08-01 06:37:11.956 a 2025-08-01-06:37:03 050 191 325 0.2 1.2 2.8 16.0 12.3 734.4 0.00 0 0.0 15.5 24.1 24.5 3.627  -40.0   19.5    0.0  16   -7.3   7 0 0 1 1 1 0 16.5 12.4 16.5 12.4 80.0 100 100 20 408 0 143 0 401 402 400 0 0 0 60 50 AUTO 0 
b.1 2025-08-01 06:38:16.674 a 2025-08-01-06:38:08 084 196 343 0.3 1.5 4.2 16.0 12.4 734.4 0.00 0 0.0 15.5 24.1 24.5 3.626  -40.1   19.5    2.1  15   -7.3   7 0 0 1 1 1 0 16.5 12.5 16.5 12.5 80.0 100 100 20 408 0 143 0 401 401 400 0 0 0 60 50 AUTO 0 
b.1 2025-08-01 06:39:11.793 a 2025-08-01-06:39:03 099 192 281 0.3 1.6 5.3 16.0 12.4 734.4 0.00 0 0.0 15.6 24.1 24.4 3.628  -40.0   19.5    2.2  16   -7.3   8 0 0 1 1 1 0 16.5 12.5 16.5 12.5 80.0 100 100 20 408 0 143 0 401 401 399 0 0 0 60 50 AUTO 0 
b.1 2025-08-01 06:40:13.490 a 2025-08-01-06:40:04 056 192 255 0.1 1.6 4.5 16.0 12.9 734.4 0.00 0 0.0 15.6 24.1 24.4 3.627  -40.0   19.5    2.2  16   -7.2   9 0 0 1 1 1 0 16.5 12.8 16.5 12.9 80.0 100 100 20 408 0 143 0 401 401 400 0 0 0 59 50 AUTO 0 
b.1 2025-08-01 06:41:12.315 a 2025-08-01-06:41:03 080 196 329 0.1 1.7 5.2 16.1 13.1 734.4 0.00 0 0.0 15.6 24.1 24.5 3.627  -41.2   19.5    2.2  16   -7.2   9 0 0 1 1 1 0 16.6 13.0 16.5 13.0 80.0 100 100 20 408 0 143 0 401 402 399 0 0 0 60 50 AUTO 0 
b.1 2025-08-01 06:42:11.334 a 2025-08-01-06:42:02 081 191 275 0.2 2.0 5.4 16.1 13.0 734.4 0.00 0 0.0 15.8 24.1 24.5 3.634  -40.0   19.5    2.3  16   -7.1   9 0 0 1 1 1 0 16.5 13.2 16.5 13.2 80.0 100 100 20 408 0 143 0 401 402 400 0 0 0 59 50 AUTO 0 
b.1 2025-08-01 06:43:10.292 a 2025-08-01-06:43:01 247 189 297 0.1 1.8 4.7 16.1 13.0 734.4 0.00 0 0.0 15.7 24.1 24.5 3.633  -40.7   19.6    2.3  16   -7.0   9 0 0 1 1 1 0 16.5 13.3 16.5 13.4 80.0 100 100 20 408 0 143 1 401 402 400 2 0 0 59 50 AUTO 0 
b.1 2025-08-01 06:44:10.312 a 2025-08-01-06:44:01 052 191 295 0.1 1.4 4.7 16.1 13.0 734.4 0.00 0 0.0 15.7 24.1 24.5 3.627  -40.0   19.6    2.2  16   -7.0   9 0 0 1 1 1 0 16.6 13.3 16.5 13.3 80.0 100 100 20 408 0 143 0 401 402 399 0 0 0 59 50 AUTO 0 
b.1 2025-08-01 06:45:18.292 a 2025-08-01-06:45:09 081 199 302 0.1 1.8 4.5 16.1 13.6 734.4 0.00 0 0.0 15.8 24.1 24.5 3.633  -40.3   19.6    2.2  16   -6.9   9 0 0 1 1 1 0 16.6 14.0 16.5 14.0 80.0 100 100 20 408 0 143 0 401 402 400 0 0 0 60 50 AUTO 0 
b.1 2025-08-01 06:46:12.053 a 2025-08-01-06:46:03 125 195 296 0.3 1.8 5.1 16.1 13.6 734.4 0.00 0 0.0 15.7 24.1 24.4 3.632  -42.6   19.6    2.3  16   -6.8   9 0 0 1 1 1 0 16.6 13.6 16.5 13.7 80.0 100 100 20 408 0 143 0 401 401 400 0 0 0 59 50 AUTO 0 
b.1 2025-08-01 06:47:11.615 a 2025-08-01-06:47:02 040 185 301 0.2 1.2 3.6 16.1 13.5 734.4 0.00 0 0.0 15.7 24.1 24.5 3.628  -41.0   19.6    2.2  16   -6.8   9 0 0 1 1 1 0 16.6 13.8 16.5 13.9 80.0 100 100 20 408 0 143 0 402 401 400 0 0 0 60 50 AUTO 0 
b.1 2025-08-01 06:48:14.296 a 2025-08-01-06:48:05 051 185 304 0.1 1.3 3.7 16.1 13.7 734.4 0.00 0 0.0 15.7 24.1 24.4 3.628  -40.1   19.6    2.2  16   -6.8   9 0 0 1 1 1 0 16.6 13.4 16.5 13.5 80.0 100 100 20 408 0 143 0 402 401 400 0 0 0 60 50 AUTO 0 
b.1 2025-08-01 06:49:11.957 a 2025-08-01-06:49:03 051 194 272 0.1 1.4 4.1 16.1 13.2 734.3 0.00 0 0.0 15.7 24.1 24.5 3.627  -40.7   19.6    2.2  16   -6.9   9 0 0 1 1 1 0 16.6 13.1 16.5 13.3 80.0 100 100 20 408 0 143 0 401 401 399 0 0 0 60 50 AUTO 0 
b.1 2025-08-01 06:50:17.611 a 2025-08-01-06:50:08 054 195 293 0.3 1.7 4.8 16.1 12.8 734.3 0.00 0 0.0 15.7 24.1 24.4 3.628  -41.6   19.6    2.2  16   -7.0   9 0 0 1 1 1 0 16.6 12.7 16.5 12.9 80.0 100 100 20 408 0 143 0 401 402 399 0 0 0 60 50 AUTO 0 
b.1 2025-08-01 06:51:11.273 a 2025-08-01-06:51:02 042 189 321 0.2 1.8 5.3 16.1 12.7 734.3 0.00 0 0.0 15.7 24.1 24.5 3.626  -40.8   19.6    2.2  16   -7.1   9 0 0 1 1 1 0 16.6 12.7 16.6 12.8 80.0 100 100 20 408 0 143 0 402 401 400 0 0 0 60 50 AUTO 0 
b.1 2025-08-01 06:52:10.436 a 2025-08-01-06:52:01 114 190 294 0.1 1.6 4.9 16.1 12.7 734.3 0.00 0 0.0 15.7 24.1 24.5 3.627  -41.2   19.6    2.2  16   -7.1   9 0 0 1 1 1 0 16.6 12.7 16.5 12.8 80.0 100 100 20 408 0 143 0 401 401 400 0 0 0 60 50 AUTO 0 
b.1 2025-08-01 06:53:10.897 a 2025-08-01-06:53:02 079 186 269 0.2 1.2 3.8 16.1 12.6 734.3 0.00 0 0.0 15.7 24.1 24.5 3.628  -40.3   19.6    2.2  16   -7.2   9 0 0 1 1 1 0 16.6 12.6 16.5 12.7 80.0 100 100 20 408 0 143 0 401 402 400 0 0 0 59 50 AUTO 0 
b.1 2025-08-01 06:54:09.898 a 2025-08-01-06:54:01 090 186 288 0.2 1.3 3.6 16.1 12.4 734.4 0.00 0 0.0 15.6 24.1 24.5 3.628  -41.1   19.6    2.2  16   -7.2   9 0 0 1 1 1 0 16.6 12.5 16.5 12.6 80.0 100 100 20 408 0 143 0 401 401 400 0 0 0 60 50 AUTO 0 
b.1 2025-08-01 06:55:12.259 a 2025-08-01-06:55:03 061 192 287 0.3 1.9 5.1 16.1 12.8 734.3 0.00 0 0.0 15.7 24.1 24.4 3.628  -40.7   19.6    2.2  16   -7.2   9 0 0 1 1 1 0 16.6 12.6 16.5 12.7 80.0 100 100 20 408 0 143 0 401 401 400 0 0 0 59 50 AUTO 0 
b.1 2025-08-01 06:56:14.414 a 2025-08-01-06:56:05 080 199 252 0.1 1.3 3.8 16.1 12.4 734.3 0.00 0 0.0 15.7 24.1 24.4 3.628  -41.1   19.6    2.2  16   -7.3   9 0 0 1 1 1 0 16.5 12.5 16.5 12.6 80.0 100 100 20 408 0 143 0 401 401 400 0 0 0 60 50 AUTO 0 
b.1 2025-08-01 06:57:14.552 a 2025-08-01-06:57:05 102 197 297 0.4 2.0 5.3 16.1 12.5 734.3 0.00 0 0.0 15.7 24.1 24.4 3.628  -41.7   19.6    2.2  16   -7.3   9 0 0 1 1 1 0 16.6 12.6 16.5 12.6 80.0 100 100 20 408 0 143 0 401 401 400 0 0 0 60 50 AUTO 0 
b.1 2025-08-01 06:58:07.897 a 2025-08-01-06:57:59 121 197 280 0.3 1.8 4.8 16.1 12.5 734.4 0.00 0 0.0 15.7 24.1 24.4 3.627  -40.4   19.6    2.2  16   -7.3   9 0 0 1 1 1 0 16.5 12.7 16.5 12.7 80.0 100 100 20 408 0 143 0 401 402 400 0 0 0 60 50 AUTO 0 
b.1 2025-08-01 06:59:15.596 a 2025-08-01-06:59:06 079 195 236 0.2 1.9 4.8 16.1 13.9 734.4 0.00 0 0.0 15.7 24.1 24.5 3.627  -43.1   19.6    2.3  16   -7.1   9 0 0 1 1 1 0 16.5 13.5 16.5 13.5 80.0 100 100 20 408 0 143 0 402 401 400 0 0 0 60 50 AUTO 0 
b.1 2025-08-01 07:00:16.634 a 2025-08-01-07:00:07 079 196 241 0.4 1.9 4.4 16.1 13.2 734.3 0.00 0 0.0 15.8 24.1 24.5 3.627  -41.0   19.6    2.3  16   -7.1   9 0 0 1 1 1 0 16.6 13.4 16.5 13.5 80.0 100 100 20 408 0 143 0 401 401 400 0 0 0 59 50 AUTO 0 
b.1 2025-08-01 07:01:10.581 a 2025-08-01-07:01:01 102 195 279 0.5 2.1 5.1 16.1 13.2 734.3 0.00 0 0.0 15.8 24.1 24.5 3.629  -40.9   19.6    2.4  16   -7.0   9 0 0 1 1 1 0 16.5 13.3 16.5 13.4 80.0 100 100 20 408 0 143 0 401 401 400 0 0 0 59 50 AUTO 0 
b.1 2025-08-01 07:02:08.417 a 2025-08-01-07:01:59 113 190 296 0.5 1.7 4.0 16.1 13.0 734.3 0.00 0 0.0 15.7 24.1 24.5 3.633  -42.0   19.6    2.3  16   -7.1   9 0 0 1 1 1 0 16.5 13.2 16.5 13.3 80.0 100 100 20 408 0 143 0 401 401 400 0 0 0 60 50 AUTO 0 
b.1 2025-08-01 07:03:14.578 a 2025-08-01-07:03:05 105 191 240 0.4 1.8 4.4 16.1 12.5 734.3 0.00 0 0.0 15.7 24.1 24.5 3.628  -41.2   19.6    2.3  16   -7.2   9 0 0 1 1 1 0 16.5 12.8 16.5 12.8 80.0 100 100 20 408 0 143 0 401 401 400 0 0 0 59 50 AUTO 0 
b.1 2025-08-01 07:04:13.719 a 2025-08-01-07:04:05 060 196 275 0.1 1.6 4.3 16.0 12.7 734.3 0.00 0 0.0 15.7 24.1 24.5 3.628  -42.4   19.6    2.2  16   -7.2   9 0 0 1 1 1 0 16.5 13.1 16.5 13.1 80.0 100 100 20 408 0 143 0 401 401 400 0 0 0 59 50 AUTO 0 
b.1 2025-08-01 07:05:13.798 a 2025-08-01-07:05:05 114 192 239 0.1 1.5 4.3 16.0 12.9 734.3 0.00 0 0.0 15.7 24.1 24.4 3.628  -40.7   19.5    2.2  16   -7.2   9 0 0 1 1 1 0 16.5 13.3 16.5 13.1 80.0 100 100 20 408 0 143 0 401 401 400 0 0 0 59 50 AUTO 0 
b.1 2025-08-01 07:06:14.234 a 2025-08-01-07:06:05 062 195 293 0.1 1.7 4.7 16.0 13.2 734.3 0.00 0 0.0 15.7 24.1 24.5 3.627  -40.9   19.5    2.2  16   -7.1   9 0 0 1 1 1 0 16.4 13.3 16.4 13.3 80.0 100 100 20 408 0 143 0 401 401 400 0 0 0 60 50 AUTO 0 
b.1 2025-08-01 07:07:11.858 a 2025-08-01-07:07:03 107 194 324 0.2 1.9 5.6 16.0 13.5 734.3 0.00 0 0.0 15.7 24.1 24.5 3.627  -41.7   19.5    2.3  16   -7.1   9 0 0 1 1 1 0 16.4 13.6 16.4 13.5 80.0 100 100 20 408 0 143 0 401 401 400 0 0 0 59 50 AUTO 0 
b.1 2025-08-01 07:08:11.375 a 2025-08-01-07:08:02 090 196 243 0.4 1.8 4.5 16.1 15.5 734.2 0.00 0 0.0 15.7 24.1 24.5 3.633  -41.3   19.5    2.3  16   -6.9   9 0 0 1 1 1 0 16.5 13.8 16.5 13.8 80.0 100 100 20 408 0 143 0 401 401 400 0 0 0 60 50 AUTO 0 
b.1 2025-08-01 07:09:12.838 a 2025-08-01-07:09:04 107 197 313 0.2 1.8 4.2 16.1 14.2 734.2 0.00 0 0.0 15.8 24.1 24.4 3.627  -41.3   19.6    2.3  16   -6.8   9 0 0 1 1 1 0 16.5 14.2 16.5 14.3 80.0 100 100 20 408 0 143 0 401 402 399 0 0 0 60 50 AUTO 0 
b.1 2025-08-01 07:10:12.640 a 2025-08-01-07:10:03 101 194 289 0.1 1.7 4.5 16.1 13.7 734.3 0.00 0 0.0 15.7 24.1 24.4 3.628  -40.8   19.5    2.3  16   -6.8   9 0 0 1 1 1 0 16.5 14.3 16.4 14.3 80.0 100 100 20 408 0 143 0 401 402 400 0 0 0 59 50 AUTO 0 
b.1 2025-08-01 07:11:16.858 a 2025-08-01-07:11:08 074 196 309 0.2 2.4 5.9 16.1 13.7 734.3 0.00 0 0.0 15.8 24.1 24.5 3.634  -41.8   19.6    2.4  16   -6.8   9 0 0 1 1 1 0 16.5 14.1 16.5 14.2 80.0 100 100 20 408 0 143 0 402 401 400 0 0 0 60 50 AUTO 0 
b.1 2025-08-01 07:12:10.200 a 2025-08-01-07:12:01 070 197 303 0.3 2.5 6.6 16.1 13.4 734.3 0.00 0 0.0 15.9 24.1 24.5 3.626  -41.4   19.6    2.4  16   -6.7   9 0 0 1 1 1 0 16.5 14.2 16.4 14.2 80.0 100 100 20 408 0 143 0 401 401 399 0 0 0 59 50 AUTO 0 
b.1 2025-08-01 07:13:10.841 a 2025-08-01-07:13:02 102 194 293 0.3 1.7 4.6 16.1 13.5 734.3 0.00 0 0.0 15.8 24.1 24.4 3.633  -41.9   19.6    2.4  16   -6.8   9 0 0 1 1 1 0 16.5 14.1 16.4 14.0 80.0 100 100 20 408 0 143 0 402 401 400 0 0 0 60 50 AUTO 0 
b.1 2025-08-01 07:14:08.703 a 2025-08-01-07:13:59 072 192 285 0.3 2.2 7.0 16.1 13.5 734.3 0.00 0 0.0 15.8 24.1 24.5 3.628  -41.1   19.5    2.5  16   -6.8   9 0 0 1 1 1 0 16.4 14.1 16.4 14.0 80.0 100 100 20 408 0 143 0 401 401 400 0 0 0 59 50 AUTO 0 
b.1 2025-08-01 07:15:15.096 a 2025-08-01-07:15:06 258 203 293 0.2 1.7 5.2 16.1 14.6 734.3 0.00 0 0.0 15.9 24.1 24.5 3.633  -41.7   19.6    2.3  16   -6.6   9 0 0 1 1 1 0 16.4 14.3 16.4 14.3 80.0 100 100 20 408 0 143 0 402 401 400 0 0 0 59 50 AUTO 0 
b.1 2025-08-01 07:16:11.562 a 2025-08-01-07:16:02 006 174 255 0.1 1.5 5.0 16.1 14.6 734.3 0.00 0 0.0 15.8 24.1 24.5 3.626  -41.1   19.6    2.3  17   -6.4   9 0 0 1 1 1 0 16.4 14.8 16.4 14.9 80.0 100 100 20 408 0 143 0 401 401 400 0 0 0 59 50 AUTO 0 
b.1 2025-08-01 07:17:14.058 a 2025-08-01-07:17:05 055 190 295 0.2 1.5 3.9 16.1 14.8 734.3 0.00 0 0.0 15.7 24.1 24.4 3.627  -40.4   19.5    2.2  17   -6.2   9 0 0 1 1 1 0 16.4 15.2 16.4 15.4 80.0 100 100 20 408 0 143 0 401 401 400 0 0 0 59 50 AUTO 0 
b.1 2025-08-01 07:18:10.059 a 2025-08-01-07:18:01 101 194 273 0.3 1.6 3.5 16.1 16.0 734.3 0.00 0 0.0 15.7 24.1 24.4 3.637  -40.9   19.6    2.2  17   -6.2   9 0 0 1 1 1 0 16.4 15.4 16.4 15.3 80.0 100 100 20 408 0 143 0 402 401 400 0 0 0 60 50 AUTO 0 
b.1 2025-08-01 07:19:11.483 a 2025-08-01-07:19:02 134 190 306 0.2 1.7 4.6 16.1 15.4 734.3 0.00 0 0.0 15.7 24.1 24.5 3.626  -41.1   19.6    2.3  17   -6.2   9 0 0 1 1 1 0 16.4 15.5 16.4 15.4 80.0 100 100 20 408 0 143 0 401 401 400 0 0 0 59 50 AUTO 0 
b.1 2025-08-01 07:20:14.078 a 2025-08-01-07:20:05 115 196 307 0.4 1.8 4.2 16.1 14.6 734.3 0.00 0 0.0 15.7 24.1 24.4 3.628  -41.6   19.5    2.3  17   -6.1   9 0 0 1 1 1 0 16.4 15.5 16.4 15.5 80.0 100 100 20 408 0 143 0 401 402 400 0 0 0 60 50 AUTO 0 
b.1 2025-08-01 07:21:12.299 a 2025-08-01-07:21:03 064 190 264 0.2 1.5 3.8 16.1 15.4 734.3 0.00 0 0.0 15.7 24.1 24.4 3.635  -40.7   19.5    2.2  17   -6.0   9 0 0 1 1 1 0 16.4 15.8 16.4 15.8 80.0 100 100 20 408 0 143 0 401 402 400 0 0 0 60 50 AUTO 0 
b.1 2025-08-01 07:22:10.519 a 2025-08-01-07:22:01 023 185 279 0.2 1.5 4.4 16.0 16.5 734.3 0.00 0 0.0 15.7 24.1 24.5 3.628  -41.4   19.5    2.2  18   -5.6   9 0 0 1 1 1 0 16.4 16.0 16.4 16.2 80.0 100 100 20 408 0 143 0 402 401 400 0 0 0 60 50 AUTO 0 
b.1 2025-08-01 07:23:12.184 a 2025-08-01-07:23:03 060 181 239 0.2 1.4 3.9 16.0 18.1 734.3 0.00 0 0.0 15.7 24.1 24.5 3.627  -41.1   19.5    2.2  18   -5.4   9 0 0 1 1 1 0 16.4 17.6 16.4 17.7 80.0 100 100 20 408 0 143 0 401 402 399 0 0 0 59 50 AUTO 0 
b.1 2025-08-01 07:24:11.661 a 2025-08-01-07:24:02 116 200 340 0.2 1.7 3.9 16.1 16.8 734.3 0.00 0 0.0 15.7 24.1 24.5 3.632  -42.2   19.5    2.2  18   -5.4   9 0 0 1 1 1 0 16.5 17.5 16.4 17.7 80.0 100 100 20 408 0 143 0 401 402 400 0 0 0 60 50 AUTO 0 
b.1 2025-08-01 07:25:13.884 a 2025-08-01-07:25:05 283 191 313 0.2 1.7 4.0 16.1 16.7 734.3 0.00 0 0.0 15.7 24.1 24.5 3.627  -40.8   19.5    2.2  18   -5.4   9 0 0 1 1 1 0 16.5 17.3 16.4 17.5 80.0 100 100 20 408 0 143 0 401 401 400 0 0 0 60 50 AUTO 0 
b.1 2025-08-01 07:26:11.680 a 2025-08-01-07:26:02 272 189 355 0.2 1.8 5.5 16.1 17.9 734.3 0.00 0 0.0 15.7 24.1 24.5 3.627  -41.5   19.5    2.3  18   -5.2   9 0 0 1 1 1 0 16.4 17.8 16.4 17.8 80.0 100 100 20 408 0 143 0 401 401 400 0 0 0 60 50 AUTO 0 
b.1 2025-08-01 07:27:08.286 a 2025-08-01-07:26:59 042 186 309 0.2 1.8 5.1 16.1 17.3 734.3 0.00 0 0.0 15.7 24.1 24.5 3.627  -41.7   19.5    2.3  18   -5.1   9 0 0 1 1 1 0 16.4 17.7 16.4 17.8 80.0 100 100 20 408 0 143 0 401 401 400 0 0 0 60 50 AUTO 0 
b.1 2025-08-01 07:28:13.243 a 2025-08-01-07:28:04 107 191 230 0.5 1.9 4.3 16.1 15.7 734.3 0.00 0 0.0 15.7 24.1 24.5 3.627  -41.3   19.5    2.3  18   -5.3   9 0 0 1 1 1 0 16.4 17.4 16.4 17.5 80.0 100 100 20 408 0 143 0 401 402 400 0 0 0 59 50 AUTO 0 
b.1 2025-08-01 07:29:10.206 a 2025-08-01-07:29:01 027 192 284 0.1 1.5 3.7 16.1 15.7 734.3 0.00 0 0.0 15.7 24.1 24.5 3.628  -41.0   19.5    2.2  18   -5.4   9 0 0 1 1 1 0 16.4 16.6 16.4 16.6 80.0 100 100 20 408 0 143 0 401 401 400 0 0 0 59 50 AUTO 0 
b.1 2025-08-01 07:30:14.644 a 2025-08-01-07:30:05 077 194 278 0.3 1.8 4.4 16.0 14.6 734.3 0.00 0 0.0 15.7 24.1 24.4 3.628  -41.6   19.5    2.3  18   -5.7   9 0 0 1 1 1 0 16.4 15.9 16.4 15.9 80.0 100 100 20 408 0 143 0 401 401 400 0 0 0 59 50 AUTO 0 
b.1 2025-08-01 07:31:12.026 a 2025-08-01-07:31:03 072 186 278 0.4 1.7 4.5 16.0 15.0 734.2 0.00 0 0.0 15.6 24.1 24.5 3.627  -41.4   19.5    2.3  18   -5.8   9 0 0 1 1 1 0 16.4 15.8 16.4 16.1 80.0 100 100 20 408 0 143 0 401 401 400 0 0 0 60 50 AUTO 0 
b.1 2025-08-01 07:32:15.263 a 2025-08-01-07:32:06 120 194 298 0.3 1.8 4.4 16.0 16.0 734.3 0.00 0 0.0 15.7 24.1 24.5 3.628  -41.2   19.5    2.3  18   -5.7   9 0 0 1 1 1 0 16.4 16.0 16.4 16.0 80.0 100 100 20 408 0 143 0 401 401 400 0 0 0 60 50 AUTO 0 
b.1 2025-08-01 07:33:11.489 a 2025-08-01-07:33:02 081 184 238 0.4 1.8 4.0 16.0 14.4 734.3 0.00 0 0.0 15.7 24.1 24.4 3.631  -41.5   19.5    2.3  17   -5.9   9 0 0 1 1 1 0 16.4 15.4 16.4 15.6 80.0 100 100 20 408 0 143 0 402 401 400 0 0 0 59 50 AUTO 0 
b.1 2025-08-01 07:34:12.007 a 2025-08-01-07:34:03 114 192 314 0.1 1.5 4.4 16.0 14.8 734.3 0.00 0 0.0 15.6 24.1 24.5 3.628  -41.7   19.5    2.2  17   -5.9   9 0 0 1 1 1 0 16.4 15.3 16.4 15.6 80.0 100 99 20 408 0 143 0 401 401 400 0 0 0 59 50 AUTO 0 
b.1 2025-08-01 07:35:12.766 a 2025-08-01-07:35:04 275 191 308 0.1 1.5 3.9 16.0 15.4 734.2 0.00 0 0.0 15.6 24.1 24.4 3.628  -42.2   19.5    2.2  17   -5.8   9 0 0 1 1 1 0 16.4 15.8 16.4 15.9 80.0 100 100 20 408 0 143 0 401 401 400 0 0 0 60 50 AUTO 0 
b.1 2025-08-01 07:36:11.029 a 2025-08-01-07:36:02 084 194 259 0.2 1.6 4.1 16.0 14.9 734.2 0.00 0 0.0 15.6 24.1 24.4 3.628  -41.7   19.5    2.2  17   -5.9   9 0 0 1 1 1 0 16.4 15.7 16.4 15.7 80.0 100 100 20 408 0 143 0 401 401 400 0 0 0 59 50 AUTO 0 
b.1 2025-08-01 07:37:12.786 a 2025-08-01-07:37:04 114 195 296 0.4 2.2 5.8 16.0 14.2 734.3 0.00 0 0.0 15.7 24.1 24.5 3.634  -42.3   19.5    2.3  17   -6.0   9 0 0 1 1 1 0 16.4 15.4 16.4 15.4 80.0 100 100 20 408 0 143 0 401 401 400 0 0 0 60 50 AUTO 0 
b.1 2025-08-01 07:38:11.688 a 2025-08-01-07:38:02 112 187 241 0.2 2.0 5.3 16.0 13.9 734.3 0.00 0 0.0 15.7 24.1 24.4 3.628  -41.0   19.5    2.3  17   -6.2   9 0 0 1 1 1 0 16.4 14.9 16.4 15.0 80.0 100 100 20 408 0 143 0 401 402 400 0 0 0 59 50 AUTO 0 
b.1 2025-08-01 07:39:10.605 a 2025-08-01-07:39:01 066 189 290 0.3 2.1 5.4 16.0 14.1 734.3 0.00 0 0.0 15.7 24.1 24.5 3.627  -42.1   19.5    2.4  17   -6.3   9 0 0 1 1 1 0 16.4 14.9 16.3 15.0 80.0 100 100 20 408 0 143 0 401 401 400 0 0 0 60 50 AUTO 0 
b.1 2025-08-01 07:40:15.286 a 2025-08-01-07:40:06 049 188 225 0.1 2.1 4.8 16.0 14.6 734.3 0.00 0 0.0 15.8 24.1 24.5 3.634  -41.3   19.5    2.4  17   -6.1   9 0 0 1 1 1 0 16.4 15.0 16.3 15.1 80.0 100 100 20 408 0 143 0 402 401 400 0 0 0 59 50 AUTO 0 
b.1 2025-08-01 07:41:14.186 a 2025-08-01-07:41:05 034 193 303 0.4 1.8 6.4 16.1 14.8 734.3 0.00 0 0.0 15.8 24.1 24.5 3.627  -41.9   19.5    2.4  17   -6.1   9 0 0 1 1 1 0 16.3 15.1 16.3 15.2 80.0 100 100 20 408 0 143 0 401 401 400 0 0 0 60 50 AUTO 0 
b.1 2025-08-01 07:42:10.645 a 2025-08-01-07:42:01 034 190 247 0.2 1.9 5.2 16.1 14.7 734.3 0.00 0 0.0 15.8 24.1 24.4 3.627  -41.1   19.5    2.4  17   -6.1   9 0 0 1 1 1 0 16.3 15.1 16.3 15.1 80.0 100 100 20 408 0 143 0 401 401 400 0 0 0 60 50 AUTO 0 
b.1 2025-08-01 07:43:14.286 a 2025-08-01-07:43:05 075 185 322 0.3 1.9 6.2 16.1 14.2 734.3 0.00 0 0.0 15.8 24.1 24.4 3.628  -41.6   19.5    2.4  17   -6.3   9 0 0 1 1 1 0 16.4 15.1 16.3 15.3 80.0 100 100 20 408 0 143 0 401 401 400 0 0 0 59 50 AUTO 0 
b.1 2025-08-01 07:44:10.828 a 2025-08-01-07:44:02 080 190 275 0.1 1.6 4.6 16.1 14.7 734.3 0.00 0 0.0 15.8 24.1 24.5 3.627  -44.0   19.5    2.3  17   -6.2   9 0 0 1 1 1 0 16.3 15.0 16.3 15.2 80.0 100 100 20 408 0 143 0 401 401 400 0 0 0 59 50 AUTO 0 
b.1 2025-08-01 07:45:14.948 a 2025-08-01-07:45:06 046 190 220 0.3 1.5 3.3 16.1 14.1 734.3 0.00 0 0.0 15.8 24.1 24.4 3.628  -41.6   19.5    2.3  17   -6.2   9 0 0 1 1 1 0 16.3 14.9 16.3 14.9 80.0 100 100 20 408 0 143 0 401 401 400 0 0 0 60 50 AUTO 0 
b.1 2025-08-01 07:46:10.549 a 2025-08-01-07:46:01 002 183 219 0.3 1.8 4.9 16.1 14.1 734.3 0.00 0 0.0 15.7 24.1 24.4 3.633  -41.4   19.5    2.3  17   -6.3   9 0 0 1 1 1 0 16.3 14.8 16.3 15.0 80.0 100 100 20 408 0 143 0 401 401 400 0 0 0 60 50 AUTO 0 
b.1 2025-08-01 07:47:15.168 a 2025-08-01-07:47:06 020 194 270 0.1 1.7 4.5 16.1 14.9 734.3 0.00 0 0.0 15.7 24.1 24.5 3.633  -41.7   19.5    2.3  17   -6.2   9 0 0 1 1 1 0 16.3 15.1 16.3 15.1 80.0 100 100 20 408 0 143 0 402 401 400 0 0 0 60 50 AUTO 0 
b.1 2025-08-01 07:48:10.308 a 2025-08-01-07:48:01 093 190 235 0.1 1.8 5.5 16.1 14.9 734.3 0.00 0 0.0 15.8 24.1 24.5 3.628  -41.7   19.5    2.3  17   -6.2   9 0 0 1 1 1 0 16.3 15.2 16.3 15.0 80.0 100 100 20 408 0 143 0 401 401 400 0 0 0 59 50 AUTO 0 
b.1 2025-08-01 07:49:11.032 a 2025-08-01-07:49:02 066 195 300 0.2 1.6 4.6 16.1 14.5 734.3 0.00 0 0.0 15.7 24.1 24.4 3.627  -41.8   19.5    2.2  17   -6.2   9 0 0 1 1 1 0 16.3 15.2 16.3 15.2 80.0 100 100 20 408 0 143 0 401 401 399 0 0 0 60 50 AUTO 0 
b.1 2025-08-01 07:50:13.190 a 2025-08-01-07:50:04 083 195 235 0.2 1.6 5.4 16.1 15.2 734.3 0.00 0 0.0 15.7 24.1 24.4 3.627  -41.8   19.5    2.2  17   -6.2   9 0 0 1 1 1 0 16.3 15.2 16.3 15.2 80.0 100 100 20 408 0 143 0 401 401 399 0 0 0 59 50 AUTO 0 
b.1 2025-08-01 07:51:11.266 a 2025-08-01-07:51:02 034 200 289 0.1 1.5 4.1 16.0 14.3 734.4 0.00 0 0.0 15.7 24.1 24.4 3.627  -42.4   19.5    2.2  17   -6.3   9 0 0 1 1 1 0 16.2 15.2 16.3 15.3 80.0 100 100 20 408 0 143 0 402 401 400 0 0 0 59 50 AUTO 0 
b.1 2025-08-01 07:52:10.269 a 2025-08-01-07:52:01 071 189 292 0.1 1.5 4.4 16.0 14.1 734.3 0.00 0 0.0 15.7 24.1 24.5 3.628  -42.4   19.5    2.2  17   -6.3   9 0 0 1 1 1 0 16.2 15.1 16.3 15.2 80.0 100 100 20 408 0 143 0 401 401 400 0 0 0 60 50 AUTO 0 
b.1 2025-08-01 07:53:14.471 a 2025-08-01-07:53:05 100 209 297 0.1 1.4 4.6 16.0 14.8 734.3 0.00 0 0.0 15.7 24.1 24.4 3.628  -41.6   19.5    2.2  17   -6.2   9 0 0 1 1 1 0 16.2 15.2 16.3 15.3 80.0 100 100 20 408 0 143 0 401 402 400 0 0 0 60 50 AUTO 0 
b.1 2025-08-01 07:54:14.086 a 2025-08-01-07:54:05 020 197 318 0.2 1.4 4.5 16.1 14.1 734.3 0.00 0 0.0 15.7 24.1 24.5 3.627  -41.6   19.5    2.2  17   -6.3   9 0 0 1 1 1 0 16.2 15.1 16.3 15.1 80.0 100 100 20 408 0 143 0 402 401 400 0 0 0 59 50 AUTO 0 
b.1 2025-08-01 07:55:15.467 a 2025-08-01-07:55:06 110 189 315 0.4 1.5 4.4 16.1 14.1 734.3 0.00 0 0.0 15.6 24.1 24.5 3.627  -43.0   19.5    2.2  17   -6.4   9 0 0 1 1 1 0 16.2 15.0 16.3 15.1 80.0 100 100 20 408 0 143 0 401 401 400 0 0 0 59 50 AUTO 0 
b.1 2025-08-01 07:56:14.607 a 2025-08-01-07:56:05 080 183 290 0.2 1.4 3.7 16.0 14.1 734.3 0.00 0 0.0 15.6 24.1 24.5 3.628  -42.2   19.5    2.2  17   -6.4   9 0 0 1 1 1 0 16.2 15.1 16.3 15.0 80.0 100 100 20 408 0 143 0 401 401 400 0 0 0 60 50 AUTO 0 
b.1 2025-08-01 07:57:10.089 a 2025-08-01-07:57:01 081 188 288 0.2 1.5 3.9 16.0 14.0 734.3 0.00 0 0.0 15.5 24.1 24.5 3.627  -42.3   19.5    2.2  17   -6.5   9 0 0 1 1 1 0 16.3 15.1 16.3 14.9 80.0 100 100 20 408 0 143 0 401 401 400 0 0 0 59 50 AUTO 0 
b.1 2025-08-01 07:58:12.453 a 2025-08-01-07:58:03 055 195 326 0.2 1.4 3.7 16.0 13.7 734.3 0.00 0 0.0 15.5 24.1 24.5 3.626  -42.6   19.5    2.2  16   -6.6   9 0 0 1 1 1 0 16.2 14.7 16.3 14.7 80.0 100 100 20 408 0 143 0 401 401 399 0 0 0 59 50 AUTO 0 
b.1 2025-08-01 07:59:09.650 a 2025-08-01-07:59:00 042 187 307 0.1 1.2 3.2 16.0 14.0 734.3 0.00 0 0.0 15.5 24.1 24.5 3.627  -41.7   19.5    0.0  16   -6.6   9 0 0 1 1 1 0 16.2 15.0 16.2 14.9 80.0 100 100 20 408 0 143 0 401 401 400 0 0 0 59 50 AUTO 0 
b.1 2025-08-01 08:00:10.108 a 2025-08-01-08:00:01 084 192 189 0.2 1.6 4.0 16.0 15.6 734.3 0.00 0 0.0 15.5 24.1 24.5 3.627  -42.6   19.5    2.2  17   -6.4   9 0 0 1 1 1 0 16.2 15.4 16.2 15.4 80.0 100 100 20 408 0 143 0 401 402 400 0 0 0 59 50 AUTO 0 
b.1 2025-08-01 08:01:10.288 a 2025-08-01-08:01:01 282 191 328 0.1 1.2 3.1 16.0 14.0 734.3 0.00 0 0.0 15.5 24.1 24.4 3.627  -41.5   19.5    0.0  17   -6.5   9 0 0 1 1 1 0 16.2 15.2 16.2 15.2 80.0 100 100 20 408 0 143 0 401 401 400 0 0 0 60 50 AUTO 0 
b.1 2025-08-01 08:02:13.989 a 2025-08-01-08:02:05 235 181 358 0.3 1.8 5.5 16.0 14.8 734.2 0.00 0 0.0 15.6 24.1 24.5 3.626  -43.8   19.5    2.2  17   -6.4   9 0 0 1 1 1 0 16.2 15.4 16.2 15.3 80.0 100 100 20 408 0 143 0 401 401 400 0 0 0 60 50 AUTO 0 
b.1 2025-08-01 08:03:10.247 a 2025-08-01-08:03:01 073 180 300 0.1 1.5 5.5 16.0 13.9 734.3 0.00 0 0.0 15.5 24.1 24.5 3.628  -42.5   19.5    2.2  17   -6.5   9 0 0 1 1 1 0 16.2 15.5 16.2 15.5 80.0 100 100 20 408 0 143 0 401 401 399 0 0 0 59 50 AUTO 0 
b.1 2025-08-01 08:04:10.270 a 2025-08-01-08:04:01 073 188 274 0.1 1.4 4.4 16.0 14.4 734.3 0.00 0 0.0 15.5 24.1 24.5 3.631  -41.4   19.5    2.2  17   -6.4   9 0 0 1 1 1 0 16.2 15.4 16.3 15.4 80.0 100 100 20 408 0 143 0 400 401 400 0 0 0 60 50 AUTO 0 
b.1 2025-08-01 08:05:17.688 a 2025-08-01-08:05:08 106 189 300 0.3 1.8 5.2 16.0 14.5 734.3 0.00 0 0.0 15.6 24.1 24.4 3.633  -42.6   19.5    2.2  17   -6.3   9 0 0 1 1 1 0 16.2 15.6 16.3 15.5 80.0 100 100 20 408 0 143 0 402 401 400 0 0 0 59 50 AUTO 0 
b.1 2025-08-01 08:06:12.469 a 2025-08-01-08:06:03 045 170 263 0.2 1.6 5.2 16.0 14.1 734.3 0.00 0 0.0 15.6 24.1 24.5 3.628  -41.9   19.5    2.2  17   -6.3   9 0 0 1 1 1 0 16.2 15.5 16.3 15.3 80.0 100 100 20 408 0 143 0 401 401 400 0 0 0 60 50 AUTO 0 
b.1 2025-08-01 08:07:10.588 a 2025-08-01-08:07:01 076 187 324 0.1 1.4 5.1 16.0 14.1 734.2 0.00 0 0.0 15.6 24.1 24.5 3.626  -41.8   19.5    2.2  17   -6.4   9 0 0 1 1 1 0 16.2 15.0 16.3 15.0 80.0 100 100 20 408 0 143 0 401 401 400 0 0 0 59 50 AUTO 0 
b.1 2025-08-01 08:08:14.967 a 2025-08-01-08:08:06 080 175 000 0.2 1.3 5.1 16.0 15.7 734.3 0.00 0 0.0 15.6 24.1 24.4 3.627  -42.2   19.5    2.1  17   -6.2   9 0 0 1 1 1 0 16.3 15.8 16.3 15.8 80.0 100 100 20 408 0 143 0 401 401 400 0 0 0 60 50 AUTO 0 
b.1 2025-08-01 08:09:11.049 a 2025-08-01-08:09:02 302 185 350 0.2 1.4 3.8 16.0 15.9 734.3 0.00 0 0.0 15.6 24.1 24.5 3.631  -41.5   19.5    2.2  17   -6.1   9 0 0 1 1 1 0 16.3 15.9 16.3 15.9 80.0 100 100 20 408 0 143 0 401 401 400 0 0 0 60 50 AUTO 0 
b.1 2025-08-01 08:10:14.789 a 2025-08-01-08:10:05 071 186 273 0.2 1.6 5.5 16.0 15.0 734.3 0.00 0 0.0 15.5 24.1 24.5 3.628  -42.7   19.5    2.2  17   -6.1   9 0 0 1 1 1 0 16.3 15.8 16.2 15.9 80.0 100 100 20 408 0 143 0 402 401 400 0 0 0 59 50 AUTO 0 
b.1 2025-08-01 08:11:11.989 a 2025-08-01-08:11:03 078 173 240 0.3 1.8 5.0 16.0 16.2 734.3 0.00 0 0.0 15.6 24.1 24.5 3.628  -42.7   19.5    2.2  17   -5.9   9 0 0 1 1 1 0 16.3 16.6 16.2 16.5 80.0 100 100 20 408 0 143 0 401 402 400 0 0 0 60 50 AUTO 0 
b.1 2025-08-01 08:12:09.996 a 2025-08-01-08:12:01 079 184 320 0.3 2.0 4.7 16.0 16.7 734.3 0.00 0 0.0 15.6 24.1 24.5 3.632  -41.7   19.4    2.3  18   -5.7   9 0 0 1 1 1 0 16.3 16.8 16.3 17.0 80.0 100 100 20 408 0 143 0 401 401 400 0 0 0 59 50 AUTO 0 
b.1 2025-08-01 08:13:10.671 a 2025-08-01-08:13:01 027 184 311 0.2 1.4 4.4 16.0 14.7 734.3 0.00 0 0.0 15.6 24.1 24.5 3.627  -41.8   19.5    2.2  17   -5.8   9 0 0 1 1 1 0 16.3 16.4 16.2 16.5 80.0 100 100 20 408 0 143 0 401 401 400 0 0 0 59 50 AUTO 0 
b.1 2025-08-01 08:14:09.072 a 2025-08-01-08:14:00 077 181 278 0.3 1.5 4.5 16.0 15.5 734.3 0.00 0 0.0 15.6 24.1 24.4 3.628  -42.1   19.4    2.2  17   -5.8   9 0 0 1 1 1 0 16.3 16.1 16.2 16.2 80.0 100 100 20 408 0 143 0 401 402 400 0 0 0 60 50 AUTO 0 
b.1 2025-08-01 08:15:13.328 a 2025-08-01-08:15:04 076 183 295 0.2 1.7 3.8 16.0 16.1 734.3 0.00 0 0.0 15.6 24.1 24.4 3.633  -41.3   19.4    2.2  18   -5.8   9 0 0 1 1 1 0 16.3 15.9 16.2 16.1 80.0 100 100 20 408 0 143 0 401 401 400 0 0 0 59 50 AUTO 0 
b.1 2025-08-01 08:16:13.032 a 2025-08-01-08:16:04 279 185 346 0.3 1.4 4.1 16.0 19.2 734.3 0.00 0 0.0 15.5 24.1 24.5 3.627  -42.2   19.4    2.2  18   -5.5   9 0 0 1 1 1 0 16.3 16.3 16.2 16.4 80.0 100 100 20 408 0 143 0 401 401 400 0 0 0 59 50 AUTO 0 
b.1 2025-08-01 08:17:10.891 a 2025-08-01-08:17:02 094 188 338 0.3 1.6 4.7 16.0 16.8 734.3 0.00 0 0.0 15.6 24.1 24.5 3.633  -41.0   19.4    2.2  18   -5.2   9 0 0 1 1 1 0 16.3 17.8 16.2 18.0 80.0 100 100 20 408 0 143 0 402 401 400 0 0 0 60 50 AUTO 0 
b.1 2025-08-01 08:18:10.933 a 2025-08-01-08:18:02 049 191 317 0.1 1.4 5.1 16.0 16.8 734.3 0.00 0 0.0 15.6 24.1 24.5 3.633  -42.8   19.5    2.2  18   -5.3   9 0 0 1 1 1 0 16.3 17.6 16.2 17.7 80.0 100 100 20 408 0 143 0 401 401 400 0 0 0 60 50 AUTO 0 
b.1 2025-08-01 08:19:11.971 a 2025-08-01-08:19:03 085 189 257 0.3 1.4 3.3 16.0 16.8 734.3 0.00 0 0.0 15.6 24.1 24.5 3.627  -41.6   19.4    2.2  18   -5.3   9 0 0 1 1 1 0 16.3 17.3 16.2 17.4 80.0 100 100 20 408 0 143 0 401 402 400 0 0 0 59 50 AUTO 0 
b.1 2025-08-01 08:20:12.233 a 2025-08-01-08:20:03 076 187 269 0.3 1.9 5.0 16.0 16.1 734.2 0.00 0 0.0 15.6 24.1 24.5 3.628  -41.5   19.4    2.2  18   -5.3   9 0 0 1 1 1 0 16.3 17.1 16.2 17.2 80.0 100 100 20 408 0 143 0 402 401 400 0 0 0 60 50 AUTO 0 
b.1 2025-08-01 08:21:12.073 a 2025-08-01-08:21:03 083 185 285 0.2 2.0 5.4 16.0 16.9 734.2 0.00 0 0.0 15.6 24.1 24.4 3.629  -41.4   19.4    2.3  19   -5.0   9 0 0 1 1 1 0 16.3 17.6 16.2 17.8 80.0 100 100 20 408 0 143 0 401 401 399 0 0 0 59 50 AUTO 0 
b.1 2025-08-01 08:22:09.914 a 2025-08-01-08:22:01 294 185 354 0.2 1.5 4.5 16.0 19.7 734.2 0.00 0 0.0 15.6 24.1 24.5 3.627  -41.4   19.4    2.2  19   -4.9   9 0 0 1 1 1 0 16.3 18.4 16.2 18.5 80.0 100 100 20 408 0 143 0 401 401 400 0 0 0 59 50 AUTO 0 
b.1 2025-08-01 08:23:11.434 a 2025-08-01-08:23:02 300 195 317 0.3 1.8 4.9 16.0 17.2 734.2 0.00 0 0.0 15.6 24.1 24.5 3.627  -41.9   19.4    2.3  19   -5.0   9 0 0 1 1 1 0 16.2 18.2 16.3 18.3 80.0 100 100 20 408 0 143 0 402 401 400 0 0 0 60 50 AUTO 0 
b.1 2025-08-01 08:24:12.296 a 2025-08-01-08:24:03 084 195 292 0.4 2.0 4.8 16.0 16.7 734.2 0.00 0 0.0 15.6 24.1 24.5 3.627  -41.4   19.4    2.3  18   -5.2   9 0 0 1 1 1 0 16.2 17.7 16.2 17.8 80.0 100 100 20 408 0 143 0 402 401 400 0 0 0 60 50 AUTO 0 
b.1 2025-08-01 08:25:12.036 a 2025-08-01-08:25:03 254 200 292 0.2 1.5 3.8 16.0 16.8 734.2 0.00 0 0.0 15.6 24.1 24.5 3.627  -42.2   19.4    2.2  18   -5.2   9 0 0 1 1 1 0 16.2 17.3 16.2 17.4 80.0 100 100 20 408 0 143 0 401 402 400 0 0 0 59 50 AUTO 0 
b.1 2025-08-01 08:26:12.154 a 2025-08-01-08:26:03 032 190 235 0.3 2.0 4.5 16.0 16.7 734.2 0.00 0 0.0 15.6 24.1 24.5 3.628  -43.4   19.4    2.3  18   -5.2   9 0 0 1 1 1 0 16.2 17.2 16.2 17.3 80.0 100 100 20 408 0 143 0 401 401 400 0 0 0 59 50 AUTO 0 
b.1 2025-08-01 08:27:10.654 a 2025-08-01-08:27:01 070 192 300 0.2 1.6 4.2 15.9 17.7 734.2 0.00 0 0.0 15.6 24.1 24.5 3.627  -41.9   19.4    2.3  19   -5.1   9 0 0 1 1 1 0 16.2 17.7 16.2 17.8 80.0 100 100 20 408 0 143 0 401 402 399 0 0 0 59 50 AUTO 0 
b.1 2025-08-01 08:28:16.176 a 2025-08-01-08:28:07 055 189 304 0.2 1.9 6.0 15.9 17.7 734.2 0.00 0 0.0 15.6 24.1 24.4 3.627  -42.0   19.4    2.3  19   -5.0   9 0 0 1 1 1 0 16.2 17.9 16.2 18.0 80.0 100 100 20 408 0 143 0 401 401 400 0 0 0 59 50 AUTO 0 
b.1 2025-08-01 08:29:10.875 a 2025-08-01-08:29:02 068 190 237 0.4 2.2 5.1 15.9 16.8 734.2 0.00 0 0.0 15.6 24.1 24.4 3.626  -41.8   19.4    2.3  19   -5.0   9 0 0 1 1 1 0 16.2 17.7 16.2 17.7 80.0 100 100 20 408 0 143 0 401 401 400 0 0 0 59 50 AUTO 0 
b.1 2025-08-01 08:30:19.072 a 2025-08-01-08:30:10 057 183 282 0.2 1.6 4.2 15.9 16.8 734.2 0.00 0 0.0 15.6 24.1 24.5 3.627  -42.0   19.4    2.4  19   -5.1   9 0 0 1 1 1 0 16.2 17.9 16.2 17.9 80.0 100 100 20 408 0 143 0 402 401 400 0 0 0 60 50 AUTO 0 
b.1 2025-08-01 08:31:11.536 a 2025-08-01-08:31:02 057 188 293 0.2 2.1 5.2 16.0 20.3 734.2 0.00 0 0.0 15.7 24.1 24.5 3.634  -41.2   19.4    2.4  19   -4.8   9 0 0 1 1 1 0 16.2 18.6 16.2 18.7 80.0 100 100 20 408 0 143 0 401 401 400 0 0 0 60 50 AUTO 0 
b.1 2025-08-01 08:32:11.157 a 2025-08-01-08:32:02 097 194 265 0.4 2.1 6.5 16.0 17.6 734.2 0.00 0 0.0 15.7 24.1 24.5 3.627  -42.7   19.4    2.4  19   -4.8  10 0 0 1 1 1 0 16.2 18.7 16.2 18.8 80.0 100 100 20 408 0 143 0 401 402 400 0 0 0 59 50 AUTO 0 
b.1 2025-08-01 08:33:10.335 a 2025-08-01-08:33:01 067 192 277 0.2 1.8 5.0 16.0 18.4 734.2 0.00 0 0.0 15.7 24.1 24.5 3.628  -42.4   19.4    2.4  19   -4.8  10 0 0 1 1 1 0 16.2 18.6 16.2 18.6 80.0 100 100 20 408 0 143 0 402 401 400 0 0 0 60 50 AUTO 0 
b.1 2025-08-01 08:34:10.875 a 2025-08-01-08:34:02 038 187 295 0.3 1.6 3.6 16.0 17.2 734.1 0.00 0 0.0 15.6 24.1 24.5 3.632  -42.6   19.4    2.3  19   -4.8  10 0 0 1 1 1 0 16.2 18.3 16.2 18.4 80.0 100 100 20 408 0 130 5 401 401 400 4 4 5 59 50 AUTO 0 
b.1 2025-08-01 08:35:15.313 a 2025-08-01-08:35:06 009 190 307 0.2 2.2 6.0 16.0 16.5 734.1 0.00 0 0.0 15.7 24.1 24.5 3.626  -43.1   19.4    2.4  19   -5.0  10 0 0 1 1 1 0 16.2 17.2 16.2 17.4 80.0 100 100 20 408 0 143 0 401 401 400 0 0 0 59 50 AUTO 0 
b.1 2025-08-01 08:36:12.334 a 2025-08-01-08:36:03 051 188 313 0.2 1.6 5.2 16.0 15.8 734.2 0.00 0 0.0 15.6 24.1 24.4 3.627  -42.3   19.4    2.3  19   -5.1  10 0 0 1 1 1 0 16.2 16.6 16.2 16.7 80.0 100 100 20 408 0 143 0 401 401 399 0 0 0 59 50 AUTO 0 
b.1 2025-08-01 08:37:10.595 a 2025-08-01-08:37:01 045 192 220 0.3 1.9 4.7 16.0 16.8 734.1 0.00 0 0.0 15.7 24.1 24.5 3.628  -42.9   19.4    2.3  19   -5.1  10 0 0 1 1 1 0 16.3 17.4 16.2 17.4 80.0 100 100 20 408 0 143 0 401 401 400 0 0 0 59 50 AUTO 0 
b.1 2025-08-01 08:38:13.036 a 2025-08-01-08:38:04 061 190 292 0.3 2.0 5.2 16.0 16.8 734.1 0.00 0 0.0 15.7 24.1 24.5 3.628  -41.7   19.4    2.4  19   -5.1  10 0 0 1 1 1 0 16.3 17.5 16.2 17.6 80.0 100 100 20 408 0 143 0 401 401 399 0 0 0 60 50 AUTO 0 
b.1 2025-08-01 08:39:13.055 a 2025-08-01-08:39:04 060 189 265 0.3 1.6 3.7 16.0 16.8 734.1 0.00 0 0.0 15.6 24.1 24.5 3.627  -42.0   19.4    2.3  19   -5.0  10 0 0 1 1 1 0 16.3 17.5 16.2 17.7 80.0 100 100 20 408 0 143 0 402 401 400 0 0 0 59 50 AUTO 0 
b.1 2025-08-01 08:40:11.357 a 2025-08-01-08:40:02 082 191 285 0.5 2.1 5.5 15.9 17.3 734.1 0.00 0 0.0 15.6 24.1 24.5 3.627  -43.1   19.4    2.4  19   -5.0  10 0 0 1 1 1 0 16.2 18.1 16.1 18.1 80.0 100 100 20 408 0 143 0 402 401 400 0 0 0 59 50 AUTO 0 
b.1 2025-08-01 08:41:11.345 a 2025-08-01-08:41:02 122 192 306 0.1 2.2 4.8 15.9 19.2 734.1 0.00 0 0.0 15.7 24.1 24.5 3.627  -43.0   19.4    2.4  19   -4.7  10 0 0 1 1 1 0 16.2 19.5 16.2 19.6 80.0 100 100 20 408 0 143 0 401 401 400 0 0 0 60 50 AUTO 0 
b.1 2025-08-01 08:42:13.397 a 2025-08-01-08:42:04 033 189 299 0.3 2.3 6.9 15.9 18.9 734.1 0.00 0 0.0 15.7 24.1 24.4 3.628  -42.3   19.4    2.5  19   -4.5  10 0 0 1 1 1 0 16.2 19.5 16.2 19.7 80.0 100 100 20 408 0 143 0 401 401 400 0 0 0 59 50 AUTO 0 
b.1 2025-08-01 08:43:11.197 a 2025-08-01-08:43:02 091 187 287 0.3 2.0 5.0 15.9 19.4 734.1 0.00 0 0.0 15.7 24.1 24.5 3.627  -43.4   19.4    2.5  20   -4.4  10 0 0 1 1 1 0 16.3 20.1 16.2 20.3 80.0 100 100 20 408 0 143 0 401 401 400 0 0 0 59 50 AUTO 0 
b.1 2025-08-01 08:44:10.121 a 2025-08-01-08:44:01 054 194 305 0.2 1.8 5.6 15.9 17.9 734.1 0.00 0 0.0 15.7 24.1 24.5 3.634  -43.7   19.4    2.4  20   -4.4  10 0 0 1 1 1 0 16.3 19.3 16.2 19.6 80.0 100 100 20 408 0 143 0 401 402 400 0 0 0 59 50 AUTO 0 
b.1 2025-08-01 08:45:16.875 a 2025-08-01-08:45:08 070 188 292 0.3 2.2 6.3 16.0 18.5 734.0 0.00 0 0.0 15.7 24.1 24.5 3.628  -42.2   19.3    2.5  19   -4.5  10 0 0 1 1 1 0 16.3 18.6 16.2 18.8 80.0 100 100 20 408 0 143 0 401 402 400 0 0 0 59 50 AUTO 0 
b.1 2025-08-01 08:46:13.460 a 2025-08-01-08:46:04 293 180 331 0.2 1.6 4.4 16.0 20.5 734.1 0.00 0 0.0 15.7 24.1 24.4 3.628  -43.8   19.4    2.4  20   -4.1  10 0 0 1 1 1 0 16.3 20.4 16.2 20.5 80.0 100 100 20 408 0 143 0 401 401 400 0 0 0 59 50 AUTO 0 
b.1 2025-08-01 08:47:12.200 a 2025-08-01-08:47:03 318 179 353 0.2 1.8 4.1 16.0 20.5 734.1 0.00 0 0.0 15.7 24.1 24.5 3.634  -41.9   19.4    2.4  20   -3.9  10 0 0 1 1 1 0 16.2 20.3 16.2 20.5 80.0 100 100 20 408 0 143 0 401 401 400 0 0 0 59 50 AUTO 0 
b.1 2025-08-01 08:48:12.180 a 2025-08-01-08:48:03 105 192 272 0.1 2.4 7.4 16.0 22.8 734.1 0.00 0 0.0 15.7 24.1 24.5 3.627  -43.3   19.4    2.5  21   -3.8  10 0 0 1 1 1 0 16.2 20.4 16.2 20.6 80.0 100 100 20 408 0 143 0 401 401 400 0 0 0 59 50 AUTO 0 
b.1 2025-08-01 08:49:11.878 a 2025-08-01-08:49:03 074 191 313 0.1 1.8 5.1 16.0 20.5 734.1 0.00 0 0.0 15.8 24.1 24.4 3.633  -42.1   19.3    2.4  21   -3.5  10 0 0 1 1 1 0 16.2 21.5 16.2 21.8 80.0 100 100 20 408 0 143 0 401 401 399 0 0 0 60 50 AUTO 0 
b.1 2025-08-01 08:50:14.180 a 2025-08-01-08:50:05 041 187 254 0.3 2.0 5.0 16.0 24.2 734.1 0.00 0 0.0 15.7 24.1 24.4 3.633  -42.5   19.4    2.4  21   -3.6  10 0 0 1 1 1 0 16.2 20.9 16.2 21.1 80.0 100 100 20 408 0 143 0 401 402 400 0 0 0 59 50 AUTO 0 
b.1 2025-08-01 08:51:11.523 a 2025-08-01-08:51:02 254 185 293 0.3 2.1 6.9 16.0 24.2 734.1 0.00 0 0.0 15.6 24.1 24.5 3.627  -42.2   19.4    2.4  22   -3.2  10 0 0 1 1 1 0 16.2 22.4 16.1 22.8 80.0 100 100 20 408 0 143 0 402 401 400 0 0 0 59 50 AUTO 0 
b.1 2025-08-01 08:52:11.002 a 2025-08-01-08:52:02 112 191 292 0.2 1.5 4.3 16.0 21.6 734.1 0.00 0 0.0 15.6 24.1 24.4 3.629  -42.3   19.4    2.3  21   -3.3  10 0 0 1 1 1 0 16.2 21.5 16.2 21.7 80.0 100 100 20 408 0 143 0 401 401 400 0 0 0 60 50 AUTO 0 
b.1 2025-08-01 08:53:10.742 a 2025-08-01-08:53:01 063 187 286 0.2 2.0 5.0 15.9 20.5 734.1 0.00 0 0.0 15.6 24.1 24.5 3.627  -43.3   19.3    2.4  22   -3.2  10 0 0 1 1 1 0 16.2 22.1 16.1 22.3 80.0 100 99 20 408 0 143 0 401 402 400 0 0 0 59 50 AUTO 0 
b.1 2025-08-01 08:54:07.005 a 2025-08-01-08:53:58 102 189 236 0.2 1.8 4.1 15.9 22.2 734.1 0.00 0 0.0 15.6 24.1 24.4 3.628  -41.8   19.3    2.4  22   -3.0   0 0 0 1 1 1 0 16.2 22.5 16.1 22.9 80.0 100 100 20 408 0 143 0 401 401 400 0 0 0 59 50 AUTO 0 
b.1 2025-08-01 08:55:14.765 a 2025-08-01-08:55:06 037 189 321 0.2 1.9 4.5 15.9 21.1 734.1 0.00 0 0.0 15.6 24.1 24.4 3.626  -43.9   19.3    2.3  22   -2.8   9 0 0 1 1 1 0 16.2 23.3 16.1 23.5 80.0 100 100 20 408 0 143 0 401 401 400 0 0 0 59 50 AUTO 0 
b.1 2025-08-01 08:56:11.763 a 2025-08-01-08:56:02 051 191 228 0.5 2.2 5.6 15.9 21.5 734.1 0.00 0 0.0 15.6 24.1 24.5 3.627  -43.1   19.3    2.4  22   -3.0   9 0 0 1 1 1 0 16.2 22.3 16.1 22.7 80.0 100 100 20 408 0 143 0 401 401 400 0 0 0 59 50 AUTO 0 
b.1 2025-08-01 08:57:10.640 a 2025-08-01-08:57:01 043 187 277 0.3 1.9 5.2 15.9 23.2 734.1 0.00 0 0.0 15.6 24.1 24.5 3.627  -42.8   19.3    2.4  22   -2.8   9 0 0 1 1 1 0 16.2 23.0 16.1 23.2 80.0 100 100 20 408 0 143 0 401 401 400 0 0 0 60 50 AUTO 0 
b.1 2025-08-01 08:58:11.224 a 2025-08-01-08:58:02 086 188 304 0.2 1.9 5.1 15.9 23.3 734.1 0.00 0 0.0 15.6 24.1 24.4 3.627  -42.3   19.3    2.4  22   -2.6  10 0 0 1 1 1 0 16.2 23.1 16.1 23.3 80.0 100 100 20 408 0 143 0 401 402 400 0 0 0 59 50 AUTO 0 
b.1 2025-08-01 08:59:10.523 a 2025-08-01-08:59:01 056 182 235 0.1 1.8 5.2 15.9 22.8 734.1 0.00 0 0.0 15.6 24.1 24.5 3.627  -43.8   19.3    2.3  23   -2.5  10 0 0 1 1 1 0 16.2 23.1 16.1 23.4 80.0 100 100 20 408 0 143 0 401 401 399 0 0 0 59 50 AUTO 0 
b.1 2025-08-01 09:00:13.941 a 2025-08-01-09:00:05 303 198 332 0.2 1.8 5.5 15.9 22.7 734.0 0.00 0 0.0 15.6 24.1 24.5 3.627  -45.3   19.3    2.4  23   -2.6  10 0 0 1 1 1 0 16.2 23.0 16.1 23.2 80.0 100 100 20 408 0 143 0 401 402 400 0 0 0 59 50 AUTO 0 
b.1 2025-08-01 09:01:10.861 a 2025-08-01-09:01:02 080 192 310 0.4 1.7 3.4 15.9 21.6 734.1 0.00 0 0.0 15.6 24.1 24.4 3.627  -42.0   19.3    2.3  22   -2.7  10 0 0 1 1 1 0 16.2 22.6 16.1 22.8 80.0 100 100 20 408 0 143 0 401 401 400 0 0 0 60 50 AUTO 0 
b.1 2025-08-01 09:02:14.621 a 2025-08-01-09:02:05 078 188 286 0.2 1.9 5.4 15.9 22.7 734.1 0.00 0 0.0 15.6 24.1 24.5 3.629  -42.0   19.3    2.3  22   -2.7  10 0 0 1 1 1 0 16.1 22.3 16.1 22.5 80.0 100 100 20 408 0 143 0 401 401 400 0 0 0 59 50 AUTO 0 
b.1 2025-08-01 09:03:11.384 a 2025-08-01-09:03:02 093 185 319 0.4 2.2 5.2 15.9 21.7 734.0 0.00 0 0.0 15.6 24.1 24.4 3.635  -43.5   19.3    2.4  22   -2.7  10 0 0 1 1 1 0 16.1 22.4 16.1 22.5 80.0 100 100 20 408 0 143 0 401 401 400 0 0 0 60 50 AUTO 0 
b.1 2025-08-01 09:04:11.282 a 2025-08-01-09:04:02 085 191 291 0.4 2.3 6.6 15.9 22.5 734.0 0.00 0 0.0 15.6 24.1 24.5 3.627  -42.6   19.3    2.5  23   -2.6  10 0 0 1 1 1 0 16.1 22.7 16.1 22.8 80.0 100 100 20 408 0 143 0 402 401 400 0 0 0 60 50 AUTO 0 
b.1 2025-08-01 09:05:12.361 a 2025-08-01-09:05:03 297 189 345 0.2 1.4 4.0 15.9 23.8 734.0 0.00 0 0.0 15.6 24.1 24.5 3.627  -41.8   19.3    2.3  23   -2.3  10 0 0 1 1 1 0 16.1 23.6 16.1 23.7 80.0 100 100 20 408 0 143 0 402 401 400 0 0 0 60 50 AUTO 0 
b.1 2025-08-01 09:06:11.921 a 2025-08-01-09:06:03 077 197 229 0.1 1.9 4.6 15.9 22.4 734.0 0.00 0 0.0 15.6 24.1 24.5 3.634  -42.4   19.3    2.4  23   -2.4  10 0 0 1 1 1 0 16.1 23.4 16.1 23.6 80.0 100 100 20 408 0 143 0 401 402 400 0 0 0 59 50 AUTO 0 
b.1 2025-08-01 09:07:12.388 a 2025-08-01-09:07:03 314 195 000 0.2 1.6 4.0 15.9 23.2 734.0 0.00 0 0.0 15.6 24.1 24.5 3.627  -42.8   19.3    2.3  23   -2.2  10 0 0 1 1 1 0 16.1 23.7 16.1 23.9 80.0 100 100 20 408 0 143 0 401 401 399 0 0 0 60 50 AUTO 0 
b.1 2025-08-01 09:08:14.686 a 2025-08-01-09:08:05 232 189 291 0.4 2.4 7.2 15.9 24.1 734.0 0.00 0 0.0 15.6 24.1 24.5 3.628  -42.1   19.3    2.5  24   -2.0  10 0 0 1 1 1 0 16.1 23.9 16.1 24.0 80.0 100 100 20 408 0 143 0 401 401 400 0 0 0 60 50 AUTO 0 
b.1 2025-08-01 09:09:11.288 a 2025-08-01-09:09:02 101 185 280 0.5 2.3 7.5 15.9 24.0 734.0 0.00 0 0.0 15.6 24.1 24.4 3.627  -41.8   19.3    2.5  24   -1.9  10 0 0 1 1 1 0 16.1 24.5 16.1 24.6 80.0 100 100 20 408 0 143 0 402 401 400 0 0 0 59 50 AUTO 0 
b.1 2025-08-01 09:10:17.443 a 2025-08-01-09:10:08 036 195 304 0.2 1.7 4.8 15.9 23.0 734.0 0.00 0 0.0 15.6 24.1 24.5 3.628  -42.8   19.3    2.4  24   -2.0  10 0 0 1 1 1 0 16.1 24.4 16.1 24.5 80.0 100 100 20 408 0 143 0 401 401 400 0 0 0 60 50 AUTO 0 
b.1 2025-08-01 09:11:11.489 a 2025-08-01-09:11:02 104 193 299 0.4 2.6 5.7 15.9 23.2 734.0 0.00 0 0.0 15.7 24.1 24.4 3.627  -42.7   19.3    2.6  24   -2.0  10 0 0 1 1 1 0 16.1 24.3 16.1 24.4 80.0 100 100 20 408 0 143 0 401 402 400 0 0 0 60 50 AUTO 0 
b.1 2025-08-01 09:12:12.907 a 2025-08-01-09:12:04 067 185 283 0.2 1.9 4.5 15.9 24.0 734.0 0.00 0 0.0 15.7 24.1 24.5 3.628  -42.3   19.3    2.5  24   -1.8  10 0 0 1 1 1 0 16.1 24.7 16.1 24.7 80.0 100 100 20 408 0 143 0 401 402 400 0 0 0 59 50 AUTO 0 
b.1 2025-08-01 09:13:09.369 a 2025-08-01-09:13:00 052 190 286 0.3 2.3 6.7 15.9 24.5 734.0 0.00 0 0.0 15.7 24.1 24.5 3.627  -43.3   19.3    2.6  24   -1.8  10 0 0 1 1 1 0 16.1 24.5 16.1 24.7 80.0 100 100 20 408 0 143 0 401 401 400 0 0 0 59 50 AUTO 0 
b.1 2025-08-01 09:14:09.846 a 2025-08-01-09:14:01 078 191 263 0.3 2.0 6.7 15.9 23.6 734.0 0.00 0 0.0 15.6 24.1 24.5 3.628  -41.8   19.3    2.5  24   -1.8  10 0 0 1 1 1 0 16.1 24.7 16.1 24.9 80.0 100 100 20 408 0 143 11 401 401 399 0 0 2 59 50 AUTO 0 
b.1 2025-08-01 09:15:18.436 a 2025-08-01-09:15:09 071 186 286 0.5 2.0 4.6 15.9 24.5 734.0 0.00 0 0.0 15.6 24.1 24.5 3.635  -41.9   19.3    2.5  24   -1.7  10 0 0 1 1 1 0 16.1 25.1 16.1 25.4 80.0 100 100 20 408 0 143 0 401 401 400 0 0 0 59 50 AUTO 0 
b.1 2025-08-01 09:16:13.427 a 2025-08-01-09:16:04 106 194 345 0.2 2.4 7.0 15.9 23.5 734.0 0.00 0 0.0 15.7 24.1 24.5 3.627  -43.4   19.3    2.6  24   -1.7  10 0 0 1 1 1 0 16.1 24.8 16.1 25.0 80.0 100 100 20 408 0 143 0 401 401 400 0 0 0 59 50 AUTO 0 
b.1 2025-08-01 09:17:09.650 a 2025-08-01-09:17:00 090 189 243 0.5 2.2 7.0 15.9 24.2 734.0 0.00 0 0.0 15.6 24.1 24.5 3.627  -41.6   19.3    2.5  24   -1.8  10 0 0 1 1 1 0 16.1 24.6 16.1 25.1 80.0 100 100 20 408 0 143 0 401 401 400 0 0 0 59 50 AUTO 0 
b.1 2025-08-01 09:18:12.168 a 2025-08-01-09:18:03 098 185 228 0.4 2.4 5.9 15.9 23.5 734.0 0.00 0 0.0 15.6 24.1 24.5 3.628  -41.7   19.2    2.6  24   -1.7  10 0 0 1 1 1 0 16.0 25.1 16.1 25.1 80.0 100 100 20 408 0 143 0 401 401 400 0 0 0 59 50 AUTO 0 
b.1 2025-08-01 09:19:16.845 a 2025-08-01-09:19:08 099 186 255 0.2 1.9 3.8 15.8 23.4 733.9 0.00 0 0.0 15.6 24.1 24.4 3.629  -41.2   19.2    2.5  24   -1.8  10 0 0 1 1 1 0 16.0 24.4 16.1 24.5 80.0 100 100 20 408 0 143 0 401 401 400 0 0 0 59 50 AUTO 0 
b.1 2025-08-01 09:20:13.707 a 2025-08-01-09:20:04 103 188 310 0.2 2.3 6.9 15.8 23.2 733.9 0.00 0 0.0 15.6 24.1 24.5 3.627  -41.8   19.2    2.6  24   -1.9  10 0 0 1 1 1 0 16.0 24.0 16.1 24.2 80.0 100 100 20 408 0 143 0 401 402 399 0 0 0 59 50 AUTO 0 
b.1 2025-08-01 09:21:10.309 a 2025-08-01-09:21:01 062 191 275 0.2 2.6 7.1 15.8 23.2 733.9 0.00 0 0.0 15.7 24.1 24.4 3.633  -41.5   19.2    2.7  24   -2.0  10 0 0 1 1 1 0 16.0 23.6 16.1 23.6 80.0 100 100 20 408 0 143 0 401 401 400 0 0 0 60 50 AUTO 0 
b.1 2025-08-01 09:22:13.625 a 2025-08-01-09:22:04 113 189 279 0.4 2.2 6.7 15.8 22.3 733.9 0.00 0 0.0 15.6 24.1 24.5 3.633  -41.4   19.2    2.5  24   -2.0  10 0 0 1 1 1 0 16.0 23.6 16.1 23.6 80.0 100 100 20 408 0 143 0 401 401 400 0 0 0 60 50 AUTO 0 
b.1 2025-08-01 09:23:15.947 a 2025-08-01-09:23:07 104 183 307 0.3 2.1 6.5 15.8 22.9 734.0 0.00 0 0.0 15.6 24.1 24.5 3.632  -42.2   19.2    2.5  24   -2.1  10 0 0 1 1 1 0 16.0 23.5 16.0 23.7 80.0 100 100 20 408 0 143 0 401 402 400 0 0 0 59 50 AUTO 0 
b.1 2025-08-01 09:24:10.309 a 2025-08-01-09:24:01 042 186 231 0.4 2.7 6.1 15.8 22.9 734.0 0.00 0 0.0 15.6 24.1 24.5 3.627  -42.0   19.2    2.7  23   -2.1  10 0 0 1 1 1 0 16.0 23.3 16.0 23.4 80.0 100 100 20 408 0 124 0 401 401 399 2 2 2 59 50 AUTO 0 
b.1 2025-08-01 09:25:15.091 a 2025-08-01-09:25:06 022 185 300 0.3 2.0 6.6 15.8 22.9 733.9 0.00 0 0.0 15.7 24.1 24.5 3.633  -40.9   19.2    2.5  24   -2.1  10 0 0 1 1 1 0 16.0 23.7 16.1 23.9 80.0 100 100 20 408 0 143 0 401 401 400 0 0 0 60 50 AUTO 0 
b.1 2025-08-01 09:26:11.226 a 2025-08-01-09:26:02 098 193 300 0.3 1.9 4.5 15.8 22.3 733.9 0.00 0 0.0 15.6 24.1 24.4 3.627  -41.4   19.2    2.5  23   -2.1  10 0 0 1 1 1 0 16.1 23.5 16.1 23.6 80.0 100 100 20 408 0 143 0 402 401 400 0 0 0 60 50 AUTO 0 
b.1 2025-08-01 09:27:14.970 a 2025-08-01-09:27:06 040 195 287 0.2 2.3 6.8 15.8 22.5 733.9 0.00 0 0.0 15.6 24.1 24.5 3.628  -41.3   19.2    2.6  23   -2.2  10 0 0 1 1 1 0 16.1 22.6 16.2 22.6 80.0 100 100 20 408 0 143 0 401 402 399 0 0 0 60 50 AUTO 0 
b.1 2025-08-01 09:28:13.086 a 2025-08-01-09:28:04 201 191 203 0.3 2.5 6.8 15.8 22.8 734.0 0.00 0 0.0 15.7 24.1 24.5 3.627  -42.0   19.3    2.6  24   -2.0  10 0 0 1 1 1 0 16.1 24.2 16.2 24.3 80.0 100 100 20 408 0 143 0 401 401 400 0 0 0 59 50 AUTO 0 
b.1 2025-08-01 09:29:11.487 a 2025-08-01-09:29:02 092 195 302 0.5 2.4 6.3 15.9 23.2 733.9 0.00 0 0.0 15.7 24.1 24.5 3.628  -41.8   19.2    2.6  24   -2.0  10 0 0 1 1 1 0 16.2 23.8 16.2 23.9 80.0 100 100 20 408 0 143 0 402 401 400 0 0 0 59 50 AUTO 0 
b.1 2025-08-01 09:30:13.128 a 2025-08-01-09:30:04 090 200 316 0.3 1.9 6.1 15.9 22.0 733.9 0.00 0 0.0 15.6 24.1 24.5 3.626  -40.9   19.3    2.5  23   -2.1  10 0 0 1 1 1 0 16.2 23.2 16.2 23.4 80.0 100 100 20 408 0 143 0 401 401 400 0 0 0 59 50 AUTO 0 
b.1 2025-08-01 09:31:11.947 a 2025-08-01-09:31:03 081 197 315 0.3 1.9 6.2 15.9 22.9 733.9 0.00 0 0.0 15.6 24.1 24.5 3.627  -41.9   19.2    2.5  23   -2.1  10 0 0 1 1 1 0 16.1 24.1 16.2 24.1 80.0 100 100 20 408 0 143 0 401 401 400 0 0 0 59 50 AUTO 0 
b.1 2025-08-01 09:32:12.588 a 2025-08-01-09:32:03 007 193 271 0.2 2.2 5.5 15.9 24.8 733.9 0.00 0 0.0 15.6 24.1 24.5 3.627  -43.9   19.3    2.5  24   -1.9  10 0 0 1 1 1 0 16.2 24.5 16.2 24.6 80.0 100 100 20 408 0 143 0 401 401 400 0 0 0 60 50 AUTO 0 
b.1 2025-08-01 09:33:10.532 a 2025-08-01-09:33:01 085 195 249 0.6 2.4 5.2 15.9 23.7 733.9 0.00 0 0.0 15.7 24.1 24.4 3.626  -40.9   19.3    2.6  24   -1.9  10 0 0 1 1 1 0 16.2 24.0 16.2 24.2 80.0 100 100 20 408 0 143 0 402 401 400 0 0 0 60 50 AUTO 0 
b.1 2025-08-01 09:34:16.792 a 2025-08-01-09:34:07 099 197 262 0.4 2.5 6.4 15.9 22.4 733.9 0.00 0 0.0 15.7 24.1 24.5 3.628  -41.5   19.2    2.7  24   -1.9  10 0 0 1 1 1 0 16.2 23.8 16.2 23.9 80.0 100 100 20 408 0 143 0 401 401 400 0 0 0 60 50 AUTO 0 
b.1 2025-08-01 09:35:13.930 a 2025-08-01-09:35:05 033 191 237 0.2 2.4 5.8 15.9 22.6 733.9 0.00 0 0.0 15.7 24.1 24.5 3.628  -42.7   19.2    2.7  24   -2.1  10 0 0 1 1 1 0 16.2 23.1 16.1 23.2 80.0 100 100 20 408 0 143 0 401 401 400 0 0 0 59 50 AUTO 0 
b.1 2025-08-01 09:36:10.790 a 2025-08-01-09:36:01 073 190 285 0.6 2.3 5.5 15.9 22.7 733.9 0.00 0 0.0 15.8 24.1 24.5 3.627  -42.0   19.3    2.7  24   -2.1  10 0 0 1 1 1 0 16.2 23.3 16.1 23.5 80.0 100 100 20 408 0 143 0 401 401 400 0 0 0 59 50 AUTO 0 
b.1 2025-08-01 09:37:11.937 a 2025-08-01-09:37:03 102 192 290 0.4 1.7 6.5 15.9 22.0 733.9 0.00 0 0.0 15.7 24.1 24.4 3.627  -41.4   19.2    2.5  23   -2.1  10 0 0 1 1 1 0 16.2 23.1 16.1 23.4 80.0 100 100 20 408 0 143 0 401 401 399 0 0 0 59 50 AUTO 0 
b.1 2025-08-01 09:38:10.892 a 2025-08-01-09:38:01 072 190 236 0.3 2.0 6.2 15.9 23.0 733.9 0.00 0 0.0 15.6 24.1 24.5 3.632  -42.0   19.2    2.5  24   -2.0  10 0 0 1 1 1 0 16.2 23.4 16.1 23.8 80.0 100 100 20 408 0 143 0 401 402 400 0 0 0 60 50 AUTO 0 
b.1 2025-08-01 09:39:11.493 a 2025-08-01-09:39:02 121 196 329 0.3 2.3 5.4 15.9 21.7 733.9 0.00 0 0.0 15.7 24.1 24.5 3.627  -40.8   19.3    2.6  23   -2.2  10 0 0 1 1 1 0 16.2 22.6 16.1 23.0 80.0 100 100 20 408 0 143 0 402 401 400 0 0 0 60 50 AUTO 0 
b.1 2025-08-01 09:40:14.450 a 2025-08-01-09:40:05 098 192 239 0.3 2.5 9.2 15.9 21.9 733.9 0.00 0 0.0 15.7 24.1 24.5 3.627  -41.5   19.3    2.7  23   -2.3  10 0 0 1 1 1 0 16.2 22.6 16.1 22.8 80.0 100 100 20 408 0 143 0 401 401 400 0 0 0 59 50 AUTO 0 
b.1 2025-08-01 09:41:08.763 a 2025-08-01-09:40:59 114 190 288 0.3 2.1 5.7 15.8 22.1 733.9 0.00 0 0.0 15.7 24.1 24.5 3.627  -41.2   19.3    2.6  23   -2.2  10 0 0 1 1 1 0 16.1 23.1 16.1 23.2 80.0 100 100 20 408 0 143 0 401 401 400 0 0 0 59 50 AUTO 0 
b.1 2025-08-01 09:42:12.592 a 2025-08-01-09:42:03 114 195 312 0.3 2.8 7.5 15.9 22.6 733.9 0.00 0 0.0 15.8 24.1 24.5 3.628  -41.3   19.2    2.8  23   -2.1  10 0 0 1 1 1 0 16.2 22.7 16.1 23.3 80.0 100 100 20 408 0 143 0 402 401 400 0 0 0 60 50 AUTO 0 
b.1 2025-08-01 09:43:10.312 a 2025-08-01-09:43:01 123 194 288 0.6 2.6 6.0 15.9 20.3 733.9 0.00 0 0.0 15.8 24.1 24.5 3.628  -41.2   19.2    2.8  23   -2.4  10 0 0 1 1 1 0 16.2 20.9 16.1 21.3 80.0 100 100 20 408 0 143 0 401 402 400 0 0 0 59 50 AUTO 0 
b.1 2025-08-01 09:44:11.273 a 2025-08-01-09:44:02 065 185 324 0.2 2.6 7.7 15.9 23.4 733.9 0.00 0 0.0 15.8 24.1 24.4 3.626  -42.2   19.2    2.9  23   -2.3  10 0 0 1 1 1 0 16.2 23.2 16.1 23.3 80.0 100 100 20 408 0 143 0 402 401 400 0 0 0 60 50 AUTO 0 
b.1 2025-08-01 09:45:10.655 a 2025-08-01-09:45:01 120 191 273 0.5 2.0 5.2 15.9 20.4 733.9 0.00 0 0.0 15.8 24.1 24.5 3.627  -41.1   19.2    2.7  23   -2.5  10 0 0 1 1 1 0 16.2 21.4 16.1 21.7 80.0 100 100 20 408 0 143 0 401 401 400 0 0 0 59 50 AUTO 0 
b.1 2025-08-01 09:46:11.115 a 2025-08-01-09:46:02 003 192 270 0.3 1.9 5.0 15.9 19.5 733.9 0.00 0 0.0 15.7 24.1 24.4 3.628  -41.5   19.2    2.5  22   -2.7  10 0 0 1 1 1 0 16.1 20.2 16.0 20.5 80.0 100 100 20 408 0 143 0 401 401 400 0 0 0 59 50 AUTO 0 
b.1 2025-08-01 09:47:09.377 a 2025-08-01-09:47:00 029 185 283 0.4 2.3 5.4 15.8 21.2 733.8 0.00 0 0.0 15.7 24.1 24.5 3.628  -41.2   19.2    2.6  22   -2.7  10 0 0 1 1 1 0 16.2 21.6 16.0 21.8 80.0 100 100 20 408 0 143 0 401 402 400 0 0 0 59 50 AUTO 0 
b.1 2025-08-01 09:48:09.976 a 2025-08-01-09:48:01 053 191 270 0.1 2.4 6.1 15.8 19.1 733.9 0.00 0 0.0 15.7 24.1 24.5 3.628  -40.8   19.2    2.7  22   -2.9  10 0 0 1 1 1 0 16.1 20.0 16.0 20.3 80.0 100 100 20 408 0 143 0 401 401 400 0 0 0 60 50 AUTO 0 
b.1 2025-08-01 09:49:12.755 a 2025-08-01-09:49:03 084 192 283 0.4 2.4 6.9 15.8 19.3 733.9 0.00 0 0.0 15.7 24.1 24.4 3.627  -41.7   19.2    2.6  22   -3.1  10 0 0 1 1 1 0 16.1 19.8 16.0 20.0 80.0 100 100 20 408 0 143 0 402 401 400 0 0 0 60 50 AUTO 0 
b.1 2025-08-01 09:50:12.976 a 2025-08-01-09:50:04 071 192 317 0.3 2.6 7.2 15.8 19.0 733.8 0.00 0 0.0 15.7 24.1 24.5 3.627  -44.8   19.2    2.8  22   -3.2  10 0 0 1 1 1 0 16.1 19.6 16.0 19.9 80.0 100 100 20 408 0 143 0 401 402 399 0 0 0 60 50 AUTO 0 
b.1 2025-08-01 09:51:13.612 a 2025-08-01-09:51:04 134 196 245 0.5 2.3 5.8 15.8 20.2 733.8 0.00 0 0.0 15.7 24.1 24.4 3.627  -40.9   19.2    2.7  22   -3.0  10 0 0 1 1 1 0 16.2 21.5 16.0 21.9 80.0 100 100 20 408 0 143 0 401 401 400 0 0 0 60 50 AUTO 0 
b.1 2025-08-01 09:52:12.437 a 2025-08-01-09:52:03 023 181 127 0.3 2.3 5.9 15.8 19.3 733.9 0.00 0 0.0 15.7 24.1 24.5 3.627  -40.9   19.2    2.7  22   -3.1  10 0 0 1 1 1 0 16.2 19.9 16.1 20.2 80.0 100 100 20 408 0 143 0 401 401 400 0 0 0 59 50 AUTO 0 
b.1 2025-08-01 09:53:14.232 a 2025-08-01-09:53:05 092 194 263 0.4 2.5 5.9 15.8 19.8 733.8 0.00 0 0.0 15.7 24.1 24.5 3.627  -41.3   19.2    2.6  22   -3.2  10 0 0 1 1 1 0 16.1 20.4 16.0 20.5 80.0 100 100 20 408 0 143 0 401 401 400 0 0 0 59 50 AUTO 0 
b.1 2025-08-01 09:54:10.378 a 2025-08-01-09:54:01 088 196 273 0.4 2.1 6.6 15.8 19.8 733.8 0.00 0 0.0 15.7 24.1 24.5 3.635  -42.7   19.2    2.5  22   -3.0  10 0 0 1 1 1 0 16.1 20.8 16.0 21.1 80.0 100 100 20 408 0 143 0 402 401 400 0 0 0 59 50 AUTO 0 
b.1 2025-08-01 09:55:13.513 a 2025-08-01-09:55:04 044 187 221 0.2 2.6 6.9 15.8 20.9 733.9 0.00 0 0.0 15.7 24.1 24.5 3.627  -41.9   19.2    2.7  22   -3.1  10 0 0 1 1 1 0 16.1 20.9 16.0 21.1 80.0 100 100 20 408 0 143 0 401 401 400 0 0 0 60 50 AUTO 0 
b.1 2025-08-01 09:56:13.016 a 2025-08-01-09:56:04 111 191 243 0.3 2.6 5.8 15.8 21.2 733.9 0.00 0 0.0 15.7 24.1 24.5 3.627  -41.0   19.2    2.8  22   -2.8  10 0 0 1 1 1 0 16.1 21.7 16.0 22.1 80.0 100 100 20 408 0 143 0 401 401 400 0 0 0 59 50 AUTO 0 
b.1 2025-08-01 09:57:10.680 a 2025-08-01-09:57:01 099 195 273 0.4 2.6 6.3 15.8 25.2 733.8 0.00 0 0.0 15.7 24.1 24.4 3.633  -41.8   19.2    2.9  23   -2.4  10 0 0 1 1 1 0 16.1 23.5 16.0 23.8 80.0 100 100 20 408 0 143 10 401 401 400 3 4 4 60 50 AUTO 0 
b.1 2025-08-01 09:58:11.500 a 2025-08-01-09:58:02 114 202 301 0.3 3.0 7.1 15.9 22.7 733.8 0.00 0 0.0 15.8 24.1 24.5 3.627  -41.1   19.2    3.0  23   -2.3  10 0 0 1 1 1 0 16.1 23.6 16.0 23.9 80.0 100 100 20 408 0 143 0 401 401 400 0 0 0 59 50 AUTO 0 
b.1 2025-08-01 09:59:15.834 a 2025-08-01-09:59:06 118 194 289 0.2 1.9 5.2 15.9 24.7 733.8 0.00 0 0.0 15.7 24.1 24.5 3.627  -40.9   19.2    2.7  23   -2.1  10 0 0 1 1 1 0 16.1 24.0 16.0 24.3 80.0 100 100 20 408 0 143 0 401 401 400 0 0 0 59 50 AUTO 0 
b.1 2025-08-01 10:00:15.994 a 2025-08-01-10:00:07 109 191 249 0.3 2.6 6.5 15.9 22.4 733.8 0.00 0 0.0 15.8 24.1 24.5 3.633  -41.7   19.3    2.8  23   -2.2  10 0 0 1 1 1 0 16.1 23.4 16.0 23.7 80.0 100 100 20 408 0 143 0 401 401 400 0 0 0 60 50 AUTO 0 
b.1 2025-08-01 10:01:11.381 a 2025-08-01-10:01:02 049 185 232 0.2 2.2 5.6 15.9 22.5 733.8 0.00 0 0.0 15.8 24.1 24.5 3.628  -40.7   19.3    2.7  24   -2.0  10 0 0 1 1 1 0 16.1 23.4 16.0 23.6 80.0 100 100 20 408 0 143 0 401 401 399 0 0 0 59 50 AUTO 0 
b.1 2025-08-01 10:02:10.095 a 2025-08-01-10:02:01 049 192 277 0.2 2.9 8.5 15.9 23.4 733.9 0.00 0 0.0 15.7 24.1 24.5 3.628  -41.6   19.3    2.9  24   -2.1  10 0 0 1 1 1 0 16.1 23.7 16.0 24.0 80.0 100 100 20 408 0 143 0 401 402 400 0 0 0 59 50 AUTO 0 
b.1 2025-08-01 10:03:12.076 a 2025-08-01-10:03:03 043 191 247 0.3 2.3 5.7 15.8 22.3 733.9 0.00 0 0.0 15.7 24.1 24.5 3.627  -41.9   19.2    2.8  24   -2.0  10 0 0 1 1 1 0 16.1 23.8 16.0 24.2 80.0 100 100 20 408 0 143 0 401 401 400 0 0 0 59 50 AUTO 0 
b.1 2025-08-01 10:04:12.078 a 2025-08-01-10:04:03 130 195 294 0.3 2.4 7.1 15.8 22.6 733.9 0.00 0 0.0 15.7 24.1 24.5 3.629  -40.5   19.2    2.8  23   -2.1  10 0 0 1 1 1 0 16.1 23.3 16.0 23.6 80.0 100 100 20 408 0 143 0 402 401 400 0 0 0 60 50 AUTO 0 
b.1 2025-08-01 10:05:12.440 a 2025-08-01-10:05:03 083 191 279 0.5 2.9 7.6 15.8 22.8 733.9 0.00 0 0.0 15.8 24.1 24.5 3.626  -40.3   19.2    3.0  23   -2.1  10 0 0 1 1 1 0 16.1 23.1 16.0 23.4 80.0 100 100 20 408 0 143 0 402 401 400 0 0 0 59 50 AUTO 0 
b.1 2025-08-01 10:06:11.016 a 2025-08-01-10:06:02 128 193 280 0.5 2.5 5.7 15.8 22.7 733.9 0.00 0 0.0 15.8 24.1 24.5 3.627  -42.0   19.2    2.9  23   -2.2  10 0 0 1 1 1 0 16.1 22.9 16.0 23.2 80.0 100 100 20 408 0 143 0 402 401 400 0 0 0 60 50 AUTO 0 
b.1 2025-08-01 10:07:10.621 a 2025-08-01-10:07:01 075 190 233 0.5 2.3 7.0 15.9 21.5 733.9 0.00 0 0.0 15.7 24.1 24.5 3.627  -43.8   19.2    2.7  23   -2.3  10 0 0 1 1 1 0 16.0 22.8 16.0 22.7 80.0 100 100 20 408 0 143 0 401 401 400 0 0 0 59 50 AUTO 0 
b.1 2025-08-01 10:08:15.714 a 2025-08-01-10:08:06 140 196 251 0.6 2.6 6.3 15.9 22.4 733.9 0.00 0 0.0 15.7 24.1 24.5 3.628  -41.5   19.2    2.9  23   -2.1  10 0 0 1 1 1 0 16.1 23.3 16.0 23.7 80.0 100 100 20 408 0 143 0 401 401 400 0 0 0 59 50 AUTO 0 
b.1 2025-08-01 10:09:14.316 a 2025-08-01-10:09:05 118 191 323 0.5 2.3 7.1 15.8 24.7 733.9 0.00 0 0.0 15.7 24.1 24.4 3.627  -40.7   19.2    2.8  24   -1.9  10 0 0 1 1 1 0 16.1 23.7 16.0 23.9 80.0 100 100 20 408 0 143 0 401 401 400 0 0 0 59 50 AUTO 0 
b.1 2025-08-01 10:10:14.539 a 2025-08-01-10:10:05 109 201 302 0.1 1.5 4.8 15.8 23.3 733.9 0.00 0 0.0 15.7 24.1 24.4 3.627  -40.9   19.2    2.5  24   -2.0  10 0 0 1 1 1 0 16.0 23.6 16.0 23.9 80.0 100 100 20 408 0 143 0 401 401 400 0 0 0 59 50 AUTO 0 
b.1 2025-08-01 10:11:14.061 a 2025-08-01-10:11:05 129 195 228 0.3 2.4 5.1 15.8 21.3 733.9 0.00 0 0.0 15.6 24.1 24.4 3.628  -42.3   19.2    2.6  23   -2.2  10 0 0 1 1 1 0 16.1 22.9 16.0 23.2 80.0 100 100 20 408 0 143 0 401 401 399 0 0 0 60 50 AUTO 0 
b.1 2025-08-01 10:12:11.855 a 2025-08-01-10:12:02 237 192 292 0.5 2.6 7.0 15.8 22.2 733.9 0.00 0 0.0 15.6 24.1 24.5 3.629  -41.7   19.2    2.8  24   -2.1  10 0 0 1 1 1 0 16.0 23.5 16.0 23.5 80.0 100 100 20 408 0 143 0 401 402 399 0 0 0 60 50 AUTO 0 
b.1 2025-08-01 10:13:11.519 a 2025-08-01-10:13:02 104 188 274 0.4 1.9 4.9 15.8 22.5 733.9 0.00 0 0.0 15.7 24.1 24.4 3.633  -41.1   19.2    2.6  24   -2.1  10 0 0 1 1 1 0 16.1 23.4 16.0 23.7 80.0 100 100 20 408 0 143 0 401 402 399 0 0 0 60 50 AUTO 0 
b.1 2025-08-01 10:14:12.799 a 2025-08-01-10:14:03 077 191 284 0.6 2.8 7.1 15.8 22.4 733.8 0.00 0 0.0 15.7 24.1 24.4 3.627  -43.3   19.2    2.8  24   -2.1  10 0 0 1 1 1 0 16.0 23.2 16.0 23.6 80.0 100 100 20 408 0 143 0 402 401 400 0 0 0 59 50 AUTO 0 
b.1 2025-08-01 10:15:14.921 a 2025-08-01-10:15:06 109 195 254 0.4 2.1 4.7 15.8 21.6 733.8 0.00 0 0.0 15.6 24.1 24.5 3.627  -41.4   19.2    2.6  23   -2.3  10 0 0 1 1 1 0 16.0 22.5 16.0 22.7 80.0 100 100 20 408 0 143 0 401 402 400 0 0 0 60 50 AUTO 0 
b.1 2025-08-01 10:16:13.496 a 2025-08-01-10:16:04 087 201 335 0.4 2.4 5.6 15.8 22.0 733.8 0.00 0 0.0 15.6 24.1 24.5 3.635  -42.9   19.2    2.6  23   -2.2  10 0 0 1 1 1 0 16.0 23.0 16.0 23.5 80.0 100 100 20 408 0 143 0 401 402 400 0 0 0 60 50 AUTO 0 
b.1 2025-08-01 10:17:11.759 a 2025-08-01-10:17:02 061 190 284 0.1 2.4 6.8 15.8 20.6 733.8 0.00 0 0.0 15.6 24.1 24.5 3.627  -41.4   19.2    2.6  23   -2.5  10 0 0 1 1 1 0 16.0 21.8 16.0 22.1 80.0 100 100 20 408 0 143 0 401 401 400 0 0 0 59 50 AUTO 0 
b.1 2025-08-01 10:18:11.401 a 2025-08-01-10:18:02 084 194 293 0.3 2.2 4.9 15.7 21.4 733.8 0.00 0 0.0 15.6 24.1 24.5 3.627  -41.9   19.2    2.6  23   -2.5  10 0 0 1 1 1 0 16.0 22.1 16.0 22.3 80.0 100 100 20 408 0 143 0 401 402 400 0 0 0 59 50 AUTO 0 
b.1 2025-08-01 10:19:13.243 a 2025-08-01-10:19:04 129 188 288 0.3 2.1 6.7 15.7 23.3 733.8 0.00 0 0.0 15.6 24.1 24.5 3.627  -40.8   19.2    2.6  23   -2.3  10 0 0 1 1 1 0 16.0 23.0 16.0 23.2 80.0 100 100 20 408 0 143 0 401 401 399 0 0 0 59 50 AUTO 0 
b.1 2025-08-01 10:20:14.200 a 2025-08-01-10:20:05 109 194 279 0.4 2.1 4.8 15.7 22.2 733.8 0.00 0 0.0 15.6 24.1 24.4 3.628  -40.7   19.2    2.5  23   -2.3  10 0 0 1 1 1 0 16.0 22.9 16.0 23.2 80.0 100 100 20 408 0 143 0 402 401 400 0 0 0 59 50 AUTO 0 
b.1 2025-08-01 10:21:15.901 a 2025-08-01-10:21:06 016 190 316 0.3 2.1 7.5 15.8 21.5 733.8 0.00 0 0.0 15.6 24.1 24.5 3.628  -40.0   19.2    2.5  23   -2.4  10 0 0 1 1 1 0 16.0 22.5 16.0 22.7 80.0 100 100 20 408 0 143 0 401 401 400 0 0 0 60 50 AUTO 0 
b.1 2025-08-01 10:22:10.763 a 2025-08-01-10:22:01 016 191 280 0.3 2.4 5.5 15.8 20.6 733.8 0.00 0 0.0 15.6 24.1 24.4 3.627  -41.8   19.2    2.6  23   -2.5  10 0 0 1 1 1 0 16.0 22.0 16.0 22.3 80.0 100 100 20 408 0 143 7 401 401 400 3 3 3 60 50 AUTO 0 
b.1 2025-08-01 10:23:09.861 a 2025-08-01-10:23:00 086 197 282 0.5 2.2 5.9 15.8 23.2 733.8 0.00 0 0.0 15.6 24.1 24.5 3.634  -40.6   19.2    2.6  23   -2.3  10 0 0 1 1 1 0 16.0 22.8 16.0 22.9 80.0 100 100 20 408 0 143 0 401 401 400 0 0 0 60 50 AUTO 0 
b.1 2025-08-01 10:24:16.576 a 2025-08-01-10:24:07 081 195 271 0.7 2.7 5.9 15.8 24.1 733.8 0.00 0 0.0 15.6 24.1 24.5 3.628  -42.5   19.2    2.7  23   -2.2  10 0 0 1 1 1 0 16.0 24.0 16.0 24.1 80.0 100 100 20 408 0 143 0 401 401 400 0 0 0 59 50 AUTO 0 
b.1 2025-08-01 10:25:11.940 a 2025-08-01-10:25:03 090 184 272 0.1 2.0 5.9 15.8 22.1 733.8 0.00 0 0.0 15.6 24.1 24.4 3.634  -41.7   19.2    2.5  24   -2.1  10 0 0 1 1 1 0 16.0 23.9 16.0 24.3 80.0 100 100 20 408 0 143 0 401 401 400 0 0 0 59 50 AUTO 0 
b.1 2025-08-01 10:26:11.805 a 2025-08-01-10:26:02 086 189 247 0.4 2.3 5.3 15.7 22.1 733.8 0.00 0 0.0 15.6 24.1 24.5 3.627  -40.4   19.2    2.6  23   -2.2  10 0 0 1 1 1 0 16.0 22.9 16.0 23.1 80.0 100 100 20 408 0 143 0 401 402 400 0 0 0 60 50 AUTO 0 
b.1 2025-08-01 10:27:10.861 a 2025-08-01-10:27:01 128 197 288 0.7 2.4 5.5 15.7 21.9 733.8 0.00 0 0.0 15.5 24.1 24.4 3.628  -40.4   19.1    2.6  23   -2.4  10 0 0 1 1 1 0 16.0 23.1 15.9 22.9 80.0 100 100 20 408 0 143 0 401 401 400 0 0 0 60 50 AUTO 0 
b.1 2025-08-01 10:28:13.466 a 2025-08-01-10:28:04 104 195 306 0.4 2.0 5.2 15.7 22.6 733.8 0.00 0 0.0 15.5 24.1 24.5 3.627  -40.5   19.1    2.5  23   -2.3  10 0 0 1 1 1 0 16.0 23.2 15.9 23.5 80.0 100 100 20 408 0 143 0 401 401 400 0 0 0 60 50 AUTO 0 
b.1 2025-08-01 10:29:11.684 a 2025-08-01-10:29:02 080 189 279 0.3 2.3 4.9 15.7 22.9 733.8 0.00 0 0.0 15.5 24.1 24.5 3.633  -41.8   19.1    2.6  23   -2.3  10 0 0 1 1 1 0 16.0 22.7 15.9 23.1 80.0 100 100 20 408 0 143 0 401 402 400 0 0 0 60 50 AUTO 0 
b.1 2025-08-01 10:30:12.121 a 2025-08-01-10:30:03 086 194 271 0.2 2.5 5.6 15.7 21.6 733.8 0.00 0 0.0 15.5 24.1 24.5 3.626  -41.2   19.1    2.6  23   -2.4  10 0 0 1 1 1 0 15.9 22.3 15.9 22.5 80.0 100 100 20 408 0 143 0 402 401 400 0 0 0 59 50 AUTO 0 
b.1 2025-08-01 10:31:12.523 a 2025-08-01-10:31:03 075 193 237 0.1 2.2 8.0 15.7 21.8 733.8 0.00 0 0.0 15.6 24.1 24.5 3.627  -41.4   19.1    2.6  23   -2.4  10 0 0 1 1 1 0 16.0 22.8 15.9 23.0 80.0 100 100 20 408 0 143 0 401 401 400 0 0 0 60 50 AUTO 0 
b.1 2025-08-01 10:32:11.944 a 2025-08-01-10:32:03 119 195 315 0.4 2.9 7.0 15.7 21.8 733.8 0.00 0 0.0 15.6 24.1 24.5 3.634  -41.6   19.1    2.8  23   -2.4  10 0 0 1 1 1 0 16.0 22.8 15.9 23.0 80.0 100 100 20 408 0 143 0 401 401 400 0 0 0 60 50 AUTO 0 
b.1 2025-08-01 10:33:11.604 a 2025-08-01-10:33:02 028 195 272 0.2 3.2 8.9 15.7 23.7 733.8 0.00 0 0.0 15.6 24.1 24.5 3.627  -43.8   19.1    3.0  23   -2.3  10 0 0 1 1 1 0 16.0 23.2 15.9 23.6 80.0 100 100 20 408 0 143 0 402 401 400 0 0 0 60 50 AUTO 0 
b.1 2025-08-01 10:34:12.506 a 2025-08-01-10:34:03 261 193 354 0.6 3.0 7.7 15.7 21.8 733.8 0.00 0 0.0 15.7 24.1 24.5 3.628  -40.6   19.1    3.1  23   -2.4  10 0 0 1 1 1 0 16.0 22.7 15.9 22.9 80.0 100 100 20 408 0 143 0 401 401 400 0 0 0 59 50 AUTO 0 
b.1 2025-08-01 10:35:11.384 a 2025-08-01-10:35:02 275 193 354 0.6 2.2 7.4 15.7 21.1 733.8 0.00 0 0.0 15.6 24.1 24.5 3.637  -40.3   19.1    2.8  23   -2.5  10 0 0 1 1 1 0 16.0 22.0 15.9 22.2 80.0 100 100 20 408 0 143 0 401 402 400 0 0 0 59 50 AUTO 0 
b.1 2025-08-01 10:36:12.168 a 2025-08-01-10:36:03 141 196 306 0.3 2.6 6.8 15.7 21.1 733.8 0.00 0 0.0 15.7 24.1 24.5 3.629  -40.3   19.1    2.9  23   -2.5  10 0 0 1 1 1 0 16.0 22.2 15.9 22.3 80.0 100 100 20 408 0 143 0 401 401 400 0 0 0 60 50 AUTO 0 
b.1 2025-08-01 10:37:15.223 a 2025-08-01-10:37:06 108 191 300 0.4 2.2 6.0 15.7 20.7 733.8 0.00 0 0.0 15.6 24.1 24.5 3.627  -41.5   19.1    2.7  23   -2.6  10 0 0 1 1 1 0 16.0 21.7 15.9 21.9 80.0 100 100 20 408 0 143 0 402 401 400 0 0 0 60 50 AUTO 0 
b.1 2025-08-01 10:38:13.168 a 2025-08-01-10:38:04 104 194 282 0.2 2.5 7.7 15.7 21.5 733.8 0.00 0 0.0 15.6 24.1 24.5 3.633  -41.0   19.1    2.7  23   -2.6  10 0 0 1 1 1 0 15.9 22.1 15.9 22.3 80.0 100 100 20 408 0 143 0 401 402 399 0 0 0 60 50 AUTO 0 
b.1 2025-08-01 10:39:11.763 a 2025-08-01-10:39:02 067 193 288 0.3 2.2 6.2 15.7 21.5 733.7 0.00 0 0.0 15.6 24.1 24.4 3.627  -40.8   19.1    2.6  23   -2.7  10 0 0 1 1 1 0 16.0 21.8 15.9 22.0 80.0 100 100 20 408 0 143 0 401 401 400 0 0 0 60 50 AUTO 0 
b.1 2025-08-01 10:40:11.845 a 2025-08-01-10:40:02 102 192 276 0.4 2.1 6.4 15.7 23.9 733.7 0.00 0 0.0 15.6 24.1 24.5 3.626  -41.6   19.1    2.6  23   -2.3  10 0 0 1 1 1 0 16.0 23.7 15.9 23.7 80.0 100 100 20 408 0 143 0 401 402 400 0 0 0 60 50 AUTO 0 
b.1 2025-08-01 10:41:15.068 a 2025-08-01-10:41:06 138 199 284 0.8 2.7 6.4 15.7 22.5 733.8 0.00 0 0.0 15.6 24.1 24.5 3.634  -41.4   19.1    2.8  23   -2.3  10 0 0 1 1 1 0 16.0 23.3 15.9 23.6 80.0 100 100 20 408 0 143 0 401 401 400 0 0 0 60 50 AUTO 0 
b.1 2025-08-01 10:42:12.683 a 2025-08-01-10:42:03 135 195 296 0.2 2.7 6.6 15.7 21.7 733.7 0.00 0 0.0 15.6 24.1 24.4 3.628  -41.8   19.1    2.8  23   -2.4  10 0 0 1 1 1 0 15.9 22.8 15.9 23.0 80.0 100 100 20 408 0 143 0 401 401 400 0 0 0 60 50 AUTO 0 
b.1 2025-08-01 10:43:08.384 a 2025-08-01-10:42:59 141 195 306 0.4 2.6 6.8 15.7 22.7 733.8 0.00 0 0.0 15.6 24.1 24.5 3.626  -41.0   19.1    2.8  23   -2.4  10 0 0 1 1 1 0 15.9 23.0 15.9 23.2 80.0 100 100 20 408 0 143 0 401 401 400 0 0 0 60 50 AUTO 0 
b.1 2025-08-01 10:44:15.763 a 2025-08-01-10:44:06 088 192 276 0.8 2.4 7.5 15.7 21.9 733.8 0.00 0 0.0 15.5 24.1 24.5 3.631  -41.0   19.1    2.7  23   -2.4  10 0 0 1 1 1 0 15.9 22.7 15.9 23.0 80.0 100 100 20 408 0 143 0 401 401 400 0 0 0 60 50 AUTO 0 
b.1 2025-08-01 10:45:17.186 a 2025-08-01-10:45:08 092 186 233 0.4 2.4 5.3 15.6 22.8 733.8 0.00 0 0.0 15.5 24.1 24.5 3.628  -41.7   19.1    2.7  23   -2.3  10 0 0 1 1 1 0 15.9 23.8 15.9 23.6 80.0 100 100 20 408 0 143 0 401 401 400 0 0 0 60 50 AUTO 0 
b.1 2025-08-01 10:46:11.124 a 2025-08-01-10:46:02 117 192 309 0.3 1.9 4.1 15.6 24.3 733.8 0.00 0 0.0 15.5 24.1 24.5 3.627  -39.8   19.1    2.5  24   -2.1  10 0 0 1 1 1 0 15.9 24.5 15.9 24.8 80.0 100 100 20 408 0 143 0 402 401 400 0 0 0 60 50 AUTO 0 
b.1 2025-08-01 10:47:12.503 a 2025-08-01-10:47:03 070 198 304 0.3 2.1 6.3 15.6 24.4 733.8 0.00 0 0.0 15.4 24.1 24.5 3.628  -40.4   19.1    2.5  24   -2.0  10 0 0 1 1 1 0 15.9 24.7 15.9 24.9 80.0 100 100 20 408 0 143 0 401 401 400 0 0 0 60 50 AUTO 0 
b.1 2025-08-01 10:48:13.144 a 2025-08-01-10:48:04 080 188 317 0.5 2.1 6.5 15.6 24.9 733.8 0.00 0 0.0 15.5 24.1 24.4 3.628  -40.5   19.1    2.5  24   -1.8  10 0 0 1 1 1 0 15.9 25.4 15.9 25.7 80.0 100 100 20 408 0 143 0 401 402 400 0 0 0 59 50 AUTO 0 
b.1 2025-08-01 10:49:12.887 a 2025-08-01-10:49:03 082 187 328 0.3 2.2 6.4 15.6 24.8 733.8 0.00 0 0.0 15.5 24.1 24.5 3.627  -40.2   19.0    2.6  25   -1.7  10 0 0 1 1 1 0 15.9 25.4 15.9 25.7 80.0 100 100 20 408 0 143 0 401 401 400 0 0 0 59 50 AUTO 0 
b.1 2025-08-01 10:50:15.688 a 2025-08-01-10:50:06 085 192 309 0.1 1.6 5.1 15.6 24.0 733.8 0.00 0 0.0 15.4 24.1 24.5 3.627  -40.2   19.1    2.4  24   -1.7  10 0 0 1 1 1 0 15.9 25.0 15.9 25.3 80.0 100 100 20 408 0 143 0 401 401 400 0 0 0 59 50 AUTO 0 
b.1 2025-08-01 10:51:10.009 a 2025-08-01-10:51:01 090 191 293 0.5 2.0 5.8 15.6 24.7 733.9 0.00 0 0.0 15.5 24.1 24.5 3.634  -39.8   19.0    2.4  24   -1.8  10 0 0 1 1 1 0 15.9 24.7 15.9 24.9 80.0 100 100 20 408 0 143 0 401 401 400 0 0 0 60 50 AUTO 0 
b.1 2025-08-01 10:52:12.252 a 2025-08-01-10:52:03 069 189 288 0.2 2.0 5.7 15.6 24.1 733.9 0.00 0 0.0 15.5 24.1 24.5 3.629  -39.6   19.0    2.4  24   -1.8  10 0 0 1 1 1 0 15.9 24.6 15.9 24.9 80.0 100 100 20 408 0 143 0 401 401 400 0 0 0 60 50 AUTO 0 
b.1 2025-08-01 10:53:13.526 a 2025-08-01-10:53:04 150 197 235 0.4 2.6 5.8 15.6 23.3 733.8 0.00 0 0.0 15.4 24.1 24.5 3.628  -41.4   19.1    2.6  24   -1.9  10 0 0 1 1 1 0 15.9 24.1 15.9 24.3 80.0 100 100 20 408 0 143 0 401 401 399 0 0 0 59 50 AUTO 0 
b.1 2025-08-01 10:54:15.184 a 2025-08-01-10:54:06 051 189 227 0.2 2.1 7.2 15.6 25.9 733.9 0.00 0 0.0 15.5 24.1 24.5 3.628  -40.1   19.0    2.6  25   -1.7  10 0 0 1 1 1 0 15.9 26.4 15.9 26.4 80.0 100 100 20 408 0 143 0 402 401 400 0 0 0 59 50 AUTO 0 
b.1 2025-08-01 10:55:15.505 a 2025-08-01-10:55:06 101 187 260 0.2 1.7 3.7 15.6 24.8 733.9 0.00 0 0.0 15.4 24.1 24.5 3.627  -39.9   19.0    2.4  25   -1.6  10 0 0 1 1 1 0 15.9 25.8 15.9 26.2 80.0 100 100 20 408 0 143 0 402 401 400 0 0 0 60 50 AUTO 0 
b.1 2025-08-01 10:56:11.213 a 2025-08-01-10:56:02 095 196 288 0.2 1.7 5.4 15.6 24.5 733.9 0.00 0 0.0 15.4 24.1 24.4 3.633  -39.9   19.0    2.4  25   -1.6   5 0 0 1 1 1 0 15.9 24.8 15.9 25.2 80.0 100 100 20 408 0 143 0 401 402 400 0 0 0 59 50 AUTO 0 
b.1 2025-08-01 10:57:11.848 a 2025-08-01-10:57:02 042 177 288 0.3 1.9 6.8 15.6 24.5 733.9 0.00 0 0.0 15.3 24.1 24.5 3.633  -40.5   19.0    2.4  25   -1.4  10 0 0 1 1 1 0 15.9 26.5 15.9 26.8 80.0 100 100 20 408 0 143 0 401 401 399 0 0 0 59 50 AUTO 0 
b.1 2025-08-01 10:58:09.430 a 2025-08-01-10:58:00 145 196 271 0.3 3.0 6.8 15.6 25.1 733.8 0.00 0 0.0 15.4 24.1 24.5 3.628  -39.9   19.0    2.6  25   -1.6  10 0 0 1 1 1 0 15.9 25.5 15.9 25.8 80.0 100 100 20 408 0 143 0 401 402 400 0 0 0 60 50 AUTO 0 
b.1 2025-08-01 10:59:15.348 a 2025-08-01-10:59:06 015 185 296 0.3 2.6 6.1 15.6 24.9 733.8 0.00 0 0.0 15.4 24.1 24.5 3.633  -41.1   19.0    2.7  25   -1.4  10 0 0 1 1 1 0 15.9 26.0 15.8 26.3 80.0 100 100 20 408 0 143 0 402 401 400 0 0 0 60 50 AUTO 0 
b.1 2025-08-01 11:00:12.489 a 2025-08-01-11:00:03 065 191 311 0.2 2.8 7.3 15.6 25.4 733.8 0.00 0 0.0 15.5 24.1 24.5 3.628  -41.3   19.0    2.8  25   -1.4  10 0 0 1 1 1 0 15.9 26.1 15.8 26.2 80.0 100 100 20 408 0 143 0 401 401 400 0 0 0 59 50 AUTO 0 
b.1 2025-08-01 11:01:09.309 a 2025-08-01-11:01:00 070 189 276 0.3 2.1 5.3 15.6 25.4 733.8 0.00 0 0.0 15.4 24.1 24.5 3.627  -40.4   19.0    2.6  25   -1.3  10 0 0 1 1 1 0 15.9 26.1 15.9 26.3 80.0 100 100 20 408 0 143 0 401 401 400 0 0 0 59 50 AUTO 0 
b.1 2025-08-01 11:02:15.086 a 2025-08-01-11:02:06 113 189 281 0.3 1.9 5.3 15.6 25.7 733.8 0.00 0 0.0 15.4 24.1 24.4 3.627  -41.3   19.0    2.5  25   -1.3  10 0 0 1 1 1 0 15.9 26.3 15.9 26.7 80.0 100 100 20 408 0 143 0 401 401 400 0 0 0 59 50 AUTO 0 
b.1 2025-08-01 11:03:13.108 a 2025-08-01-11:03:04 112 191 235 0.5 2.4 5.7 15.6 26.5 733.8 0.00 0 0.0 15.4 24.1 24.5 3.628  -40.5   19.0    2.5  25   -1.2   0 0 0 1 1 1 0 15.9 26.5 15.8 26.8 80.0 100 100 20 408 0 143 0 401 401 400 0 0 0 59 50 AUTO 0 
b.1 2025-08-01 11:04:11.092 a 2025-08-01-11:04:02 097 200 306 0.3 2.2 5.8 15.6 25.7 733.8 0.00 0 0.0 15.4 24.1 24.5 3.628  -39.5   19.0    2.6  25   -1.2   5 0 0 1 1 1 0 15.8 26.0 15.8 26.3 80.0 100 100 20 408 0 143 0 401 401 399 0 0 0 59 50 AUTO 0 
b.1 2025-08-01 11:05:12.609 a 2025-08-01-11:05:03 091 188 287 0.4 2.0 4.7 15.5 24.6 733.8 0.00 0 0.0 15.3 24.1 24.5 3.628  -41.0   19.0    2.5  25   -1.4   8 0 0 1 1 1 0 15.8 25.4 15.8 25.7 80.0 100 100 20 408 0 143 0 401 401 400 0 0 0 59 50 AUTO 0 
b.1 2025-08-01 11:06:14.667 a 2025-08-01-11:06:05 073 187 246 0.2 2.3 5.8 15.5 25.2 733.8 0.00 0 0.0 15.4 24.1 24.5 3.627  -42.1   19.0    2.5  25   -1.3  10 0 0 1 1 1 0 15.8 26.1 15.8 26.5 80.0 100 100 20 408 0 143 0 400 401 400 0 0 0 59 50 AUTO 0 
b.1 2025-08-01 11:07:11.209 a 2025-08-01-11:07:02 092 194 271 0.4 2.8 6.5 15.5 24.5 733.8 0.00 0 0.0 15.4 24.1 24.4 3.634  -41.2   19.0    2.6  25   -1.2  10 0 0 1 1 1 0 15.8 26.4 15.8 26.7 80.0 100 100 20 408 0 143 0 401 401 400 0 0 0 59 50 AUTO 0 
b.1 2025-08-01 11:08:10.667 a 2025-08-01-11:08:01 095 192 240 0.3 2.0 6.2 15.5 24.7 733.8 0.00 0 0.0 15.4 24.1 24.5 3.627  -41.9   19.0    2.5  25   -1.3  10 0 0 1 1 1 0 15.8 25.3 15.8 25.6 80.0 100 100 20 408 0 143 0 401 402 400 0 0 0 60 50 AUTO 0 
b.1 2025-08-01 11:09:12.332 a 2025-08-01-11:09:03 107 193 300 0.1 2.1 5.8 15.5 24.1 733.8 0.00 0 0.0 15.4 24.1 24.5 3.628  -40.5   19.0    2.5  25   -1.5  10 0 0 1 1 1 0 15.8 24.4 15.7 24.9 80.0 100 100 20 408 0 143 0 402 401 400 0 0 0 59 50 AUTO 0 
b.1 2025-08-01 11:10:16.075 a 2025-08-01-11:10:07 138 195 278 0.6 2.7 6.4 15.5 25.1 733.8 0.00 0 0.0 15.4 24.1 24.5 3.627  -40.7   19.0    2.7  25   -1.4  10 0 0 1 1 1 0 15.8 25.7 15.7 26.0 80.0 100 100 20 408 0 143 0 401 402 400 0 0 0 60 50 AUTO 0 
b.1 2025-08-01 11:11:13.729 a 2025-08-01-11:11:04 065 193 312 0.2 2.3 6.5 15.5 24.0 733.8 0.00 0 0.0 15.4 24.1 24.5 3.628  -39.7   19.0    2.7  25   -1.5  10 0 0 1 1 1 0 15.8 25.1 15.7 25.4 80.0 100 100 20 408 0 143 0 401 401 400 0 0 0 60 50 AUTO 0 
b.1 2025-08-01 11:12:11.292 a 2025-08-01-11:12:02 110 193 282 0.3 2.3 5.9 15.5 25.0 733.8 0.00 0 0.0 15.4 24.1 24.5 3.628  -40.2   19.0    2.6  25   -1.3  10 0 0 1 1 1 0 15.8 26.2 15.7 26.5 80.0 100 100 20 408 0 143 0 401 402 399 0 0 0 59 50 AUTO 0 
b.1 2025-08-01 11:13:10.029 a 2025-08-01-11:13:01 134 198 279 0.5 3.2 6.8 15.5 25.4 733.8 0.00 0 0.0 15.5 24.1 24.5 3.627  -39.8   19.0    3.0  25   -1.3  10 0 0 1 1 1 0 15.8 25.8 15.7 26.3 80.0 100 100 20 408 0 143 0 401 401 400 0 0 0 59 50 AUTO 0 
b.1 2025-08-01 11:14:11.414 a 2025-08-01-11:14:02 062 195 299 0.5 2.5 6.6 15.5 24.8 733.8 0.00 0 0.0 15.5 24.1 24.5 3.627  -40.6   18.9    2.9  25   -1.4  10 0 0 1 1 1 0 15.8 25.3 15.7 25.7 80.0 100 100 20 408 0 143 0 402 401 400 0 0 0 59 50 AUTO 0 
b.1 2025-08-01 11:15:14.476 a 2025-08-01-11:15:05 098 197 322 0.6 2.5 5.9 15.5 24.5 733.8 0.00 0 0.0 15.5 24.1 24.4 3.628  -40.1   19.0    2.8  25   -1.4  10 0 0 1 1 1 0 15.8 25.5 15.7 25.8 80.0 100 100 20 408 0 143 0 401 401 400 0 0 0 59 50 AUTO 0 
b.1 2025-08-01 11:16:12.315 a 2025-08-01-11:16:03 037 187 279 0.1 1.8 5.6 15.5 25.9 733.8 0.00 0 0.0 15.4 24.1 24.5 3.629  -40.2   19.0    2.6  26   -1.2  10 0 0 1 1 1 0 15.8 26.8 15.7 27.0 80.0 100 100 20 408 0 143 0 401 401 400 0 0 0 60 50 AUTO 0 
b.1 2025-08-01 11:17:11.456 a 2025-08-01-11:17:02 106 195 281 0.3 2.0 4.7 15.5 25.3 733.8 0.00 0 0.0 15.4 24.1 24.4 3.628  -39.8   18.9    2.5  26   -1.2  10 0 0 1 1 1 0 15.8 26.1 15.7 26.5 80.0 100 100 20 408 0 143 0 401 401 400 0 0 0 59 50 AUTO 0 
b.1 2025-08-01 11:18:09.674 a 2025-08-01-11:18:00 106 193 280 0.3 2.5 6.1 15.5 25.4 733.8 0.00 0 0.0 15.4 24.1 24.5 3.627  -40.4   19.0    2.7  26   -1.2  10 0 0 1 1 1 0 15.8 26.2 15.7 26.6 80.0 100 100 20 408 0 143 0 401 401 400 0 0 0 59 50 AUTO 0 
b.1 2025-08-01 11:19:10.776 a 2025-08-01-11:19:01 233 188 301 0.2 2.1 5.5 15.5 25.5 733.8 0.00 0 0.0 15.4 24.1 24.5 3.627  -40.6   18.9    2.6  26   -1.2  10 0 0 1 1 1 0 15.9 26.3 15.8 26.7 80.0 100 100 20 408 0 143 0 401 402 400 0 0 0 60 50 AUTO 0 
b.1 2025-08-01 11:20:14.474 a 2025-08-01-11:20:05 144 195 302 0.2 1.8 4.5 15.5 24.9 733.8 0.00 0 0.0 15.4 24.1 24.5 3.628  -40.2   18.9    2.5  26   -1.2  10 0 0 1 1 1 0 15.8 26.0 15.7 26.4 80.0 100 100 20 408 0 143 0 401 401 400 0 0 0 59 50 AUTO 0 
b.1 2025-08-01 11:21:11.173 a 2025-08-01-11:21:02 115 192 287 0.3 2.1 5.0 15.5 25.4 733.8 0.00 0 0.0 15.3 24.1 24.5 3.628  -40.7   18.9    2.5  26   -1.2  10 0 0 1 1 1 0 15.8 25.9 15.7 26.2 80.0 100 100 20 408 0 143 0 401 401 399 0 0 0 60 50 AUTO 0 
b.1 2025-08-01 11:22:13.115 a 2025-08-01-11:22:04 138 193 247 0.4 2.1 5.1 15.5 25.1 733.8 0.00 0 0.0 15.3 24.1 24.5 3.627  -40.6   18.9    2.5  25   -1.2  10 0 0 1 1 1 0 15.8 26.0 15.7 26.2 80.0 100 100 20 408 0 143 0 401 401 400 0 0 0 59 50 AUTO 0 
b.1 2025-08-01 11:23:10.313 a 2025-08-01-11:23:01 065 196 222 0.3 2.5 5.2 15.5 25.1 733.8 0.00 0 0.0 15.3 24.1 24.5 3.634  -41.1   18.9    2.5  26   -1.2  10 0 0 1 1 1 0 15.8 26.1 15.7 26.5 80.0 100 100 20 408 0 143 0 401 401 400 0 0 0 59 50 AUTO 0 
b.1 2025-08-01 11:24:12.035 a 2025-08-01-11:24:03 103 193 280 0.3 2.1 4.4 15.5 25.1 733.8 0.00 0 0.0 15.3 24.1 24.4 3.628  -40.6   18.9    2.5  26   -1.2  10 0 0 1 1 1 0 15.8 26.1 15.7 26.4 80.0 100 100 20 408 0 143 0 401 401 400 0 0 0 59 50 AUTO 0 
b.1 2025-08-01 11:25:14.855 a 2025-08-01-11:25:05 066 196 269 0.4 2.2 5.5 15.4 25.8 733.8 0.00 0 0.0 15.3 24.1 24.4 3.629  -41.2   18.9    2.5  26   -1.2  10 0 0 1 1 1 0 15.8 26.5 15.7 26.7 80.0 100 100 20 408 0 143 0 402 401 400 0 0 0 59 50 AUTO 0 
b.1 2025-08-01 11:26:09.073 a 2025-08-01-11:26:00 102 189 277 0.2 2.2 5.8 15.4 26.0 733.8 0.00 0 0.0 15.4 24.1 24.4 3.627  -39.5   18.9    2.6  26   -1.1  10 0 0 1 1 1 0 15.8 27.1 15.7 27.5 80.0 100 100 20 408 0 143 0 401 402 400 0 0 0 59 50 AUTO 0 
b.1 2025-08-01 11:27:10.832 a 2025-08-01-11:27:01 129 193 235 0.8 2.5 6.4 15.4 25.2 733.8 0.00 0 0.0 15.3 24.1 24.4 3.633  -39.7   18.9    2.7  26   -1.2  10 0 0 1 1 1 0 15.8 26.0 15.7 26.3 80.0 100 100 20 408 0 143 0 401 401 400 0 0 0 59 50 AUTO 0 
b.1 2025-08-01 11:28:11.994 a 2025-08-01-11:28:03 109 193 288 0.6 3.1 6.5 15.4 26.4 733.8 0.00 0 0.0 15.4 24.1 24.5 3.633  -41.7   18.9    2.8  26   -1.1  10 0 0 1 1 1 0 15.8 26.9 15.7 27.2 80.0 100 100 20 408 0 143 0 401 401 399 0 0 0 59 50 AUTO 0 
b.1 2025-08-01 11:29:11.634 a 2025-08-01-11:29:02 113 199 323 0.6 2.5 6.5 15.4 26.4 733.8 0.00 0 0.0 15.4 24.1 24.5 3.633  -42.1   18.9    2.8  26   -1.1  10 0 0 1 1 1 0 15.8 26.3 15.7 26.7 80.0 100 100 20 408 0 143 0 401 401 400 0 0 0 60 50 AUTO 0 
b.1 2025-08-01 11:30:11.157 a 2025-08-01-11:30:02 094 194 322 0.3 2.1 5.7 15.4 25.4 733.8 0.00 0 0.0 15.3 24.1 24.5 3.628  -43.3   18.9    2.6  26   -1.1  10 0 0 1 1 1 0 15.8 26.6 15.7 26.9 80.0 100 100 20 408 0 143 0 401 401 400 0 0 0 59 50 AUTO 0 
b.1 2025-08-01 11:31:10.016 a 2025-08-01-11:31:01 094 193 240 0.6 2.7 6.8 15.4 25.6 733.8 0.00 0 0.0 15.4 24.1 24.4 3.626  -42.1   18.9    2.8  26   -0.9  10 0 0 1 1 1 0 15.8 27.7 15.7 28.0 80.0 100 100 20 408 0 143 0 401 402 399 0 0 0 60 50 AUTO 0 
b.1 2025-08-01 11:32:10.703 a 2025-08-01-11:32:01 127 193 271 0.5 3.5 8.2 15.4 26.8 733.7 0.00 0 0.0 15.5 24.1 24.5 3.628  -40.2   18.9    3.2  26   -0.9  10 0 0 1 1 1 0 15.8 27.5 15.7 27.7 80.0 100 100 20 408 0 143 0 401 401 400 0 0 0 59 50 AUTO 0 
b.1 2025-08-01 11:33:09.974 a 2025-08-01-11:33:01 044 195 279 0.4 2.2 5.7 15.5 26.2 733.7 0.00 0 0.0 15.4 24.1 24.5 3.627  -40.3   18.9    2.9  26   -0.9  10 0 0 1 1 1 0 15.8 26.8 15.7 27.2 80.0 100 100 20 408 0 143 0 401 401 400 0 0 0 59 50 AUTO 0 
b.1 2025-08-01 11:34:11.680 a 2025-08-01-11:34:02 136 197 237 0.6 2.3 7.0 15.5 26.3 733.8 0.00 0 0.0 15.4 24.1 24.4 3.627  -40.5   18.9    2.8  26   -0.9  10 0 0 1 1 1 0 15.8 27.1 15.7 27.5 80.0 100 100 20 408 0 143 0 401 401 400 0 0 0 59 50 AUTO 0 
b.1 2025-08-01 11:35:10.717 a 2025-08-01-11:35:01 128 196 301 0.4 2.2 5.9 15.5 26.5 733.7 0.00 0 0.0 15.4 24.1 24.4 3.627  -39.7   18.9    2.7  27   -0.7  10 0 0 1 1 1 0 15.7 28.4 15.7 28.7 80.0 100 100 20 408 0 143 0 401 401 400 0 0 0 59 50 AUTO 0 
b.1 2025-08-01 11:36:11.756 a 2025-08-01-11:36:02 189 192 323 0.2 2.0 6.2 15.4 27.7 733.8 0.00 0 0.0 15.3 24.1 24.5 3.627  -40.5   18.9    2.5  27   -0.6  10 0 0 1 1 1 0 15.7 28.9 15.7 29.1 80.0 100 100 20 408 0 143 0 401 402 400 0 0 0 60 50 AUTO 0 
b.1 2025-08-01 11:37:11.740 a 2025-08-01-11:37:02 067 197 272 0.2 3.2 7.9 15.4 27.5 733.8 0.00 0 0.0 15.4 24.1 24.5 3.627  -39.9   18.9    3.0  27   -0.6  10 0 0 1 1 1 0 15.8 28.0 15.7 28.5 80.0 100 100 20 408 0 143 0 401 401 400 0 0 0 59 50 AUTO 0 
b.1 2025-08-01 11:38:10.740 a 2025-08-01-11:38:01 067 194 250 0.2 2.1 6.1 15.4 26.9 733.8 0.00 0 0.0 15.4 24.1 24.5 3.627  -39.7   18.9    2.8  27   -0.6  10 0 0 1 1 1 0 15.8 28.3 15.7 28.6 80.0 100 100 20 408 0 125 0 401 401 400 0 0 0 60 50 AUTO 0 
b.1 2025-08-01 11:39:13.640 a 2025-08-01-11:39:04 109 192 311 0.4 2.8 8.2 15.5 27.2 733.8 0.00 0 0.0 15.4 24.1 24.5 3.628  -39.8   18.9    2.8  27   -0.5  10 0 0 1 1 1 0 15.8 28.3 15.7 28.8 80.0 100 100 20 408 0 143 0 401 401 400 0 0 0 59 50 AUTO 0 
b.1 2025-08-01 11:40:14.141 a 2025-08-01-11:40:05 063 195 281 0.3 2.4 6.7 15.5 27.2 733.8 0.00 0 0.0 15.4 24.1 24.5 3.627  -39.8   18.9    2.8  27   -0.5  10 0 0 1 1 1 0 15.8 28.0 15.7 28.4 80.0 100 100 20 408 0 143 0 401 401 400 0 0 0 60 50 AUTO 0 
b.1 2025-08-01 11:41:12.183 a 2025-08-01-11:41:03 074 193 281 0.3 3.0 8.7 15.5 27.9 733.8 0.00 0 0.0 15.4 24.1 24.5 3.627  -41.6   18.9    2.9  27   -0.4  10 0 0 1 1 1 0 15.8 29.2 15.8 29.4 80.0 100 100 20 408 0 143 0 401 401 400 0 0 0 60 50 AUTO 0 
b.1 2025-08-01 11:42:14.154 a 2025-08-01-11:42:05 079 193 250 0.3 2.5 5.9 15.5 29.2 733.9 0.00 0 0.0 15.5 24.1 24.5 3.627  -40.9   18.9    3.1  28   -0.2  10 0 0 1 1 1 0 15.8 29.5 15.8 29.8 80.0 100 100 20 408 0 143 0 402 401 400 0 0 0 60 50 AUTO 0 
b.1 2025-08-01 11:43:11.999 a 2025-08-01-11:43:02 086 195 281 0.5 2.2 5.3 15.5 27.8 733.9 0.00 0 0.0 15.4 24.1 24.5 3.628  -39.3   18.9    2.9  27   -0.3  10 0 0 1 1 1 0 15.8 28.4 15.8 28.7 80.0 100 100 20 408 0 143 0 401 402 400 0 0 0 59 50 AUTO 0 
b.1 2025-08-01 11:44:08.601 a 2025-08-01-11:43:59 082 192 279 0.3 2.1 5.5 15.5 27.3 733.9 0.00 0 0.0 15.4 24.1 24.5 3.626  -40.6   18.9    2.8  27   -0.4  10 0 0 1 1 1 0 15.7 28.8 15.8 28.9 80.0 100 100 20 408 0 143 0 401 402 400 0 0 0 60 50 AUTO 0 
b.1 2025-08-01 11:45:12.980 a 2025-08-01-11:45:04 079 182 266 0.3 2.2 5.8 15.5 27.3 733.9 0.00 0 0.0 15.4 24.1 24.5 3.633  -40.3   18.9    2.7  27   -0.4  10 0 0 1 1 1 0 15.7 28.3 15.8 28.4 80.0 100 100 20 408 0 143 0 401 401 400 0 0 0 59 50 AUTO 0 
b.1 2025-08-01 11:46:11.040 a 2025-08-01-11:46:02 066 188 251 0.2 1.7 6.5 15.5 27.3 733.9 0.00 0 0.0 15.4 24.1 24.5 3.628  -39.7   18.9    2.5  27   -0.4  10 0 0 1 1 1 0 15.7 28.3 15.8 28.5 80.0 100 100 20 408 0 143 0 401 401 399 0 0 0 59 50 AUTO 0 
b.1 2025-08-01 11:47:11.020 a 2025-08-01-11:47:02 109 187 303 0.2 1.8 7.0 15.5 27.7 733.9 0.00 0 0.0 15.4 24.1 24.5 3.629  -39.2   18.9    2.5  27   -0.3   5 0 0 1 1 1 0 15.7 28.3 15.8 28.5 80.0 100 100 20 408 0 143 0 401 401 400 0 0 0 59 50 AUTO 0 
b.1 2025-08-01 11:48:11.323 a 2025-08-01-11:48:02 238 198 323 0.1 1.2 3.4 15.5 27.5 733.9 0.00 0 0.0 15.4 24.1 24.4 3.627  -39.4   18.9    2.3  27   -0.3   7 0 0 1 1 1 0 15.8 28.3 15.8 28.5 80.0 100 100 20 408 0 143 0 401 400 400 0 0 0 59 50 AUTO 0 
b.1 2025-08-01 11:49:10.325 a 2025-08-01-11:49:01 065 188 297 0.2 1.8 5.1 15.5 27.6 733.9 0.00 0 0.0 15.3 24.1 24.5 3.628  -39.3   18.9    2.3  27   -0.3   8 0 0 1 1 1 0 15.7 28.3 15.8 28.4 80.0 100 100 20 408 0 143 0 401 401 400 0 0 0 59 50 AUTO 0 
b.1 2025-08-01 11:50:09.881 a 2025-08-01-11:50:00 016 186 275 0.3 2.1 5.1 15.5 27.1 733.9 0.00 0 0.0 15.3 24.1 24.5 3.627  -39.5   18.9    2.4  27   -0.4  10 0 0 1 1 1 0 15.7 28.2 15.8 28.4 80.0 100 100 20 408 0 143 0 401 401 400 0 0 0 60 50 AUTO 0 
b.1 2025-08-01 11:51:08.563 a 2025-08-01-11:50:59 027 185 308 0.3 2.0 6.2 15.5 27.4 733.9 0.00 0 0.0 15.3 24.1 24.5 3.626  -39.6   18.9    2.5  27   -0.3  10 0 0 1 1 1 0 15.8 28.2 15.8 28.4 80.0 100 100 20 408 0 143 0 400 401 399 0 0 0 59 50 AUTO 0 
b.1 2025-08-01 11:52:10.400 a 2025-08-01-11:52:01 264 185 296 0.3 1.5 4.0 15.5 26.7 733.9 0.00 0 0.0 15.2 24.1 24.5 3.628  -41.2   18.9    2.3  27   -0.4  10 0 0 1 1 1 0 15.8 28.2 15.8 28.4 80.0 100 100 20 408 0 143 0 401 401 400 0 0 0 60 50 AUTO 0 
b.1 2025-08-01 11:53:09.322 a 2025-08-01-11:53:00 088 186 290 0.3 1.4 4.0 15.4 27.3 733.9 0.00 0 0.0 15.2 24.1 24.5 3.627  -39.3   18.9    2.2  27   -0.3  10 0 0 1 1 1 0 15.7 28.2 15.8 28.4 80.0 100 100 20 408 0 143 0 401 401 400 0 0 0 60 50 AUTO 0 
b.1 2025-08-01 11:54:10.700 a 2025-08-01-11:54:01 092 191 281 0.4 2.2 5.8 15.4 26.6 733.9 0.00 0 0.0 15.2 24.1 24.5 3.627  -42.5   18.9    2.3  27   -0.4  10 0 0 1 1 1 0 15.8 28.2 15.8 28.4 80.0 100 100 20 408 0 143 0 401 401 400 0 0 0 59 50 AUTO 0 
b.1 2025-08-01 11:55:12.224 a 2025-08-01-11:55:03 076 186 305 0.4 1.7 4.3 15.4 26.7 733.9 0.00 0 0.0 15.1 24.1 24.5 3.628  -39.1   18.9    2.3  27   -0.5  10 0 0 1 1 1 0 15.8 28.0 15.8 28.2 80.0 100 100 20 408 0 143 0 401 401 399 0 0 0 60 50 AUTO 0 
b.1 2025-08-01 11:56:11.003 a 2025-08-01-11:56:01 083 187 294 0.4 1.8 4.2 15.4 27.3 733.8 0.00 0 0.0 15.1 24.1 24.4 3.628  -40.9   18.9    2.3  27   -0.6   5 0 0 1 1 1 0 15.8 27.8 15.8 28.1 80.0 100 100 20 408 0 143 0 402 401 400 0 0 0 60 50 AUTO 0 
b.1 2025-08-01 11:57:11.003 a 2025-08-01-11:57:01 078 185 308 0.3 1.8 5.7 15.3 26.8 733.9 0.00 0 0.0 15.1 24.1 24.5 3.626  -39.1   18.8    2.3  27   -0.5  10 0 0 1 1 1 0 15.8 27.8 15.8 28.1 80.0 100 100 20 408 0 143 0 401 401 400 0 0 0 60 50 AUTO 0 
b.1 2025-08-01 11:58:11.921 a 2025-08-01-11:58:02 085 179 290 0.2 1.6 3.9 15.3 27.0 733.9 0.00 0 0.0 15.2 24.1 24.5 3.633  -41.6   18.8    2.3  27   -0.5   8 0 0 1 1 1 0 15.8 27.8 15.8 28.0 80.0 100 100 20 408 0 143 0 401 401 399 0 0 0 60 50 AUTO 0 
b.1 2025-08-01 11:59:07.785 a 2025-08-01-11:58:58 019 177 244 0.1 1.7 5.8 15.3 27.0 733.9 0.00 0 0.0 15.1 24.1 24.4 3.628  -39.4   18.8    2.3  27   -0.5   9 0 0 1 1 1 0 15.8 27.7 15.9 27.9 80.0 100 100 20 408 0 143 0 401 401 400 0 0 0 59 50 AUTO 0 
b.1 2025-08-01 12:00:12.825 a 2025-08-01-12:00:03 139 195 270 0.4 2.6 6.1 15.3 26.9 733.9 0.00 0 0.0 15.1 24.1 24.5 3.633  -42.8   18.8    2.5  27   -0.6  13 0 0 1 1 1 0 15.9 27.6 15.9 27.9 80.0 100 100 20 408 0 143 0 401 401 400 0 0 0 59 50 AUTO 0 
b.1 2025-08-01 12:01:13.823 a 2025-08-01-12:01:04 089 197 283 0.3 2.3 5.9 15.3 26.7 733.9 0.00 0 0.0 15.2 24.1 24.4 3.633  -39.8   18.8    2.5  27   -0.6  10 0 0 1 1 1 0 15.8 27.5 15.8 27.8 80.0 100 100 20 408 0 143 0 400 401 400 0 0 0 59 50 AUTO 0 
b.1 2025-08-01 12:02:08.963 a 2025-08-01-12:01:59 027 187 262 0.4 2.2 4.6 15.3 26.7 733.9 0.00 0 0.0 15.2 24.1 24.4 3.627  -40.4   18.8    2.5  27   -0.5  10 0 0 1 1 1 0 15.9 27.5 15.9 27.7 80.0 100 100 20 408 0 143 0 401 401 400 0 0 0 59 50 AUTO 0 
b.1 2025-08-01 12:03:09.142 a 2025-08-01-12:03:00 010 189 308 0.3 1.8 4.9 15.3 27.6 733.8 0.00 0 0.0 15.1 24.1 24.5 3.628  -39.0   18.8    2.4  27   -0.5  10 0 0 1 1 1 0 15.8 27.6 15.8 27.8 80.0 100 100 20 408 0 143 0 401 401 399 0 0 0 60 50 AUTO 0 
b.1 2025-08-01 12:04:08.763 a 2025-08-01-12:03:59 122 192 294 0.7 2.3 5.5 15.3 26.9 733.8 0.00 0 0.0 15.2 24.1 24.5 3.627  -39.7   18.8    2.5  27   -0.5   5 0 0 1 1 1 0 15.8 27.6 15.9 27.8 80.0 100 100 20 408 0 143 0 401 401 400 0 0 0 60 50 AUTO 0 
b.1 2025-08-01 12:05:11.269 a 2025-08-01-12:05:02 065 188 290 0.2 2.0 5.6 15.3 26.6 733.8 0.00 0 0.0 15.2 24.1 24.5 3.628  -40.4   18.8    2.4  27   -0.6  12 0 0 1 1 1 0 15.8 27.6 15.9 27.8 80.0 100 100 20 408 0 143 0 401 401 400 0 0 0 60 50 AUTO 0 
b.1 2025-08-01 12:06:12.025 a 2025-08-01-12:06:02 045 186 279 0.1 2.4 7.2 15.3 27.0 733.9 0.00 0 0.0 15.2 24.1 24.4 3.627  -40.1   18.8    2.5  27   -0.6   9 0 0 1 1 1 0 15.8 27.6 15.9 27.8 80.0 100 100 20 408 0 143 0 401 401 399 0 0 0 59 50 AUTO 0 
b.1 2025-08-01 12:07:10.105 a 2025-08-01-12:07:01 038 183 215 0.4 1.7 4.7 15.3 27.1 733.9 0.00 0 0.0 15.2 24.1 24.5 3.628  -40.0   18.8    2.4  27   -0.4   9 0 0 1 1 1 0 15.8 27.5 15.9 27.8 80.0 100 100 20 408 0 143 0 401 401 400 0 0 0 59 50 AUTO 0 
b.1 2025-08-01 12:08:10.088 a 2025-08-01-12:08:01 054 193 279 0.2 2.1 5.4 15.4 27.6 733.9 0.00 0 0.0 15.2 24.1 24.5 3.626  -40.6   18.8    2.4  27   -0.4   9 0 0 1 1 1 0 15.9 27.7 15.9 27.9 80.0 100 100 20 408 0 143 0 401 401 399 0 0 0 59 50 AUTO 0 
b.1 2025-08-01 12:09:12.345 a 2025-08-01-12:09:03 091 193 243 0.4 2.4 5.8 15.4 27.2 733.9 0.00 0 0.0 15.2 24.1 24.5 3.627  -39.4   18.8    2.5  27   -0.5   9 0 0 1 1 1 0 15.8 27.6 15.9 27.8 80.0 100 100 20 408 0 143 0 401 401 399 0 0 0 59 50 AUTO 0 
b.1 2025-08-01 12:10:11.726 a 2025-08-01-12:10:02 064 186 241 0.2 1.6 3.6 15.4 26.7 733.8 0.00 0 0.0 15.2 24.1 24.5 3.627  -41.2   18.8    2.4  27   -0.5   9 0 0 1 1 1 0 15.9 27.5 15.9 27.7 80.0 100 100 20 408 0 143 0 402 401 400 0 0 0 59 50 AUTO 0 
b.1 2025-08-01 12:11:12.823 a 2025-08-01-12:11:03 286 184 354 0.4 2.2 7.8 15.3 26.4 733.9 0.00 0 0.0 15.2 24.1 24.4 3.627  -39.2   18.8    2.4  27   -0.6   9 0 0 1 1 1 0 15.9 27.4 15.9 27.6 80.0 100 100 20 408 0 143 0 401 402 399 0 0 0 59 50 AUTO 0 
b.1 2025-08-01 12:12:12.285 a 2025-08-01-12:12:03 050 198 311 0.2 1.8 4.7 15.3 26.8 733.9 0.00 0 0.0 15.1 24.1 24.5 3.627  -40.4   18.8    2.4  27   -0.5   9 0 0 1 1 1 0 15.9 27.4 15.9 27.6 80.0 100 100 20 408 0 143 0 402 401 399 0 0 0 59 50 AUTO 0 
b.1 2025-08-01 12:13:10.424 a 2025-08-01-12:13:01 127 194 279 0.4 1.8 4.1 15.3 26.8 733.9 0.00 0 0.0 15.1 24.1 24.5 3.627  -40.0   18.8    2.3  27   -0.5   9 0 0 1 1 1 0 15.9 27.4 15.9 27.6 80.0 100 100 20 408 0 143 0 401 401 400 0 0 0 60 50 AUTO 0 
b.1 2025-08-01 12:14:11.167 a 2025-08-01-12:14:02 065 188 308 0.4 2.1 5.8 15.3 27.1 733.9 0.00 0 0.0 15.1 24.1 24.5 3.633  -40.8   18.8    2.5  27   -0.5   5 0 0 1 1 1 0 15.9 27.5 15.9 27.6 80.0 100 100 20 408 0 143 0 401 401 399 0 0 0 59 50 AUTO 0 
b.1 2025-08-01 12:15:10.503 a 2025-08-01-12:15:01 091 193 278 0.2 2.5 5.1 15.3 26.5 733.9 0.00 0 0.0 15.2 24.1 24.4 3.627  -40.3   18.8    2.5  27   -0.5   9 0 0 1 1 1 0 15.9 27.4 15.9 27.6 80.0 100 100 20 408 0 143 0 401 401 399 0 0 0 60 50 AUTO 0 
b.1 2025-08-01 12:16:12.345 a 2025-08-01-12:16:03 017 188 300 0.2 1.6 4.0 15.3 28.2 733.9 0.00 0 0.0 15.2 24.1 24.5 3.627  -38.9   18.8    2.4  27   -0.4   9 0 0 1 1 1 0 15.9 27.4 15.9 27.6 80.0 100 100 20 408 0 143 0 401 401 400 0 0 0 59 50 AUTO 0 
b.1 2025-08-01 12:17:10.046 a 2025-08-01-12:17:01 054 190 285 0.2 1.8 5.6 15.3 26.4 733.9 0.00 0 0.0 15.2 24.1 24.4 3.637  -39.6   18.8    2.4  27   -0.6   9 0 0 1 1 1 0 15.9 27.4 15.9 27.5 80.0 100 100 20 408 0 143 0 401 401 399 0 0 0 59 50 AUTO 0 
b.1 2025-08-01 12:18:13.105 a 2025-08-01-12:18:04 075 195 240 0.2 2.5 6.4 15.3 28.3 733.8 0.00 0 0.0 15.2 24.1 24.4 3.628  -40.5   18.8    2.6  27   -0.6  10 0 0 1 1 1 0 15.9 27.3 15.9 27.4 80.0 100 100 20 408 0 143 0 401 401 400 0 0 0 60 50 AUTO 0 
b.1 2025-08-01 12:19:11.926 a 2025-08-01-12:19:02 047 188 296 0.1 1.9 4.2 15.3 26.6 733.9 0.00 0 0.0 15.2 24.1 24.5 3.631  -40.7   18.8    2.5  27   -0.6  10 0 0 1 1 1 0 15.9 27.2 15.9 27.4 80.0 100 100 20 408 0 143 0 401 401 400 0 0 0 60 50 AUTO 0 
b.1 2025-08-01 12:20:11.209 a 2025-08-01-12:20:02 010 197 283 0.2 2.0 8.1 15.3 26.5 733.9 0.00 0 0.0 15.1 24.1 24.5 3.627  -39.3   18.8    2.4  27   -0.6  10 0 0 1 1 1 0 15.9 27.2 15.9 27.4 80.0 100 100 20 408 0 143 0 400 402 399 0 0 0 60 50 AUTO 0 
b.1 2025-08-01 12:21:10.592 a 2025-08-01-12:21:01 130 195 299 0.3 2.3 5.6 15.3 26.9 733.9 0.00 0 0.0 15.2 24.1 24.5 3.628  -41.5   18.7    2.5  27   -0.6  10 0 0 1 1 1 0 15.9 27.2 15.9 27.4 80.0 100 100 20 408 0 143 0 401 401 400 0 0 0 59 50 AUTO 0 
b.1 2025-08-01 12:22:11.068 a 2025-08-01-12:22:02 058 195 280 0.3 2.8 7.4 15.3 26.3 733.9 0.00 0 0.0 15.2 24.1 24.5 3.627  -40.8   18.7    2.7  27   -0.7  10 0 0 1 1 1 0 15.9 27.1 15.9 27.3 80.0 100 100 20 408 0 143 0 401 401 400 0 0 0 59 50 AUTO 0 
b.1 2025-08-01 12:23:12.766 a 2025-08-01-12:23:03 067 199 233 0.2 1.9 5.1 15.3 26.0 733.9 0.00 0 0.0 15.2 24.1 24.4 3.626  -40.7   18.7    2.5  27   -0.7  10 0 0 1 1 1 0 15.9 27.0 15.9 27.2 80.0 100 100 20 408 0 143 0 401 401 399 0 0 0 59 50 AUTO 0 
b.1 2025-08-01 12:24:11.509 a 2025-08-01-12:24:02 055 192 294 0.2 2.0 5.9 15.3 25.8 733.9 0.00 0 0.0 15.1 24.1 24.5 3.627  -41.6   18.7    2.4  27   -0.8  10 0 0 1 1 1 0 15.9 26.8 15.9 27.0 80.0 100 100 20 408 0 143 0 400 402 399 0 0 0 59 50 AUTO 0 
b.1 2025-08-01 12:25:11.987 a 2025-08-01-12:25:02 072 185 276 0.2 2.1 5.9 15.2 26.4 733.9 0.00 0 0.0 15.1 24.1 24.4 3.627  -40.1   18.7    2.6  27   -0.7  10 0 0 1 1 1 0 15.9 26.8 15.9 27.0 80.0 100 100 20 408 0 143 0 401 401 400 0 0 0 59 50 AUTO 0 
b.1 2025-08-01 12:26:10.770 a 2025-08-01-12:26:01 072 195 283 0.4 3.0 8.3 15.3 26.5 734.0 0.00 0 0.0 15.2 24.1 24.5 3.627  -39.3   18.7    2.8  27   -0.7  10 0 0 1 1 1 0 15.9 26.9 15.9 27.0 80.0 100 100 20 408 0 143 0 401 401 400 0 0 0 60 50 AUTO 0 
b.1 2025-08-01 12:27:12.009 a 2025-08-01-12:27:03 076 182 279 0.3 2.0 5.7 15.3 26.3 734.0 0.00 0 0.0 15.1 24.1 24.4 3.634  -41.4   18.7    2.6  27   -0.8  10 0 0 1 1 1 0 15.9 26.9 15.9 27.0 80.0 100 100 20 408 0 143 0 400 402 399 0 0 0 59 50 AUTO 0 
b.1 2025-08-01 12:28:08.789 a 2025-08-01-12:27:59 098 191 229 0.3 2.0 7.2 15.3 26.5 734.0 0.00 0 0.0 15.1 24.1 24.4 3.627  -40.1   18.7    2.5  27   -0.8  10 0 0 1 1 1 0 15.9 26.8 15.9 27.0 80.0 100 100 20 408 0 143 0 401 401 400 0 0 0 59 50 AUTO 0 
b.1 2025-08-01 12:29:11.187 a 2025-08-01-12:29:02 232 183 301 0.1 1.9 5.2 15.2 26.2 734.0 0.00 0 0.0 15.1 24.1 24.5 3.627  -39.2   18.7    2.4  27   -0.8  10 0 0 1 1 1 0 15.9 26.8 15.9 27.0 80.0 100 100 20 408 0 143 0 401 401 400 0 0 0 59 50 AUTO 0 
b.1 2025-08-01 12:30:11.911 a 2025-08-01-12:30:02 091 198 235 0.8 2.7 5.7 15.3 25.8 734.0 0.00 0 0.0 15.1 24.1 24.5 3.637  -40.1   18.7    2.6  27   -0.8  10 0 0 1 1 1 0 15.9 26.7 15.9 26.9 80.0 100 100 20 408 0 143 0 400 401 399 0 0 0 60 50 AUTO 0 
b.1 2025-08-01 12:31:10.907 a 2025-08-01-12:31:01 068 194 288 0.5 1.8 5.6 15.3 25.7 734.0 0.00 0 0.0 15.2 24.1 24.4 3.633  -39.1   18.7    2.5  26   -0.9  10 0 0 1 1 1 0 15.9 26.5 15.9 26.7 80.0 100 100 20 408 0 143 0 401 401 400 0 0 0 60 50 AUTO 0 
b.1 2025-08-01 12:32:10.970 a 2025-08-01-12:32:01 082 188 258 0.4 2.0 5.6 15.3 25.7 734.0 0.00 0 0.0 15.1 24.1 24.5 3.633  -40.7   18.7    2.5  27   -0.9  10 0 0 1 1 1 0 15.9 26.6 15.9 26.7 80.0 100 100 20 408 0 143 0 401 401 400 0 0 0 60 50 AUTO 0 
b.1 2025-08-01 12:33:13.828 a 2025-08-01-12:33:04 115 193 323 0.5 2.6 6.5 15.3 25.7 734.0 0.00 0 0.0 15.2 24.1 24.5 3.633  -40.0   18.7    2.6  26   -0.9  10 0 0 1 1 1 0 15.9 26.4 15.9 26.6 80.0 100 100 20 408 0 143 0 401 401 400 0 0 0 59 50 AUTO 0 
b.1 2025-08-01 12:34:10.252 a 2025-08-01-12:34:01 255 186 313 0.2 1.9 5.4 15.3 26.2 734.0 0.00 0 0.0 15.2 24.1 24.4 3.629  -40.3   18.7    2.5  27   -0.8  10 0 0 1 1 1 0 15.9 26.5 15.9 26.6 80.0 100 100 20 408 0 143 0 401 401 399 0 0 0 59 50 AUTO 0 
b.1 2025-08-01 12:35:13.072 a 2025-08-01-12:35:04 041 181 248 0.4 1.9 6.4 15.3 25.5 734.0 0.00 0 0.0 15.2 24.1 24.4 3.627  -39.9   18.7    2.5  27   -0.9  10 0 0 1 1 1 0 15.9 26.4 15.9 26.6 80.0 100 100 20 408 0 143 0 401 401 400 0 0 0 59 50 AUTO 0 
b.1 2025-08-01 12:36:12.029 a 2025-08-01-12:36:02 118 196 313 0.3 2.4 6.3 15.3 25.7 734.0 0.00 0 0.0 15.1 24.1 24.5 3.627  -40.2   18.7    2.6  27   -0.9  10 0 0 1 1 1 0 15.9 26.4 15.9 26.6 80.0 100 100 20 408 0 143 0 400 401 399 0 0 0 60 50 AUTO 0 
b.1 2025-08-01 12:37:10.529 a 2025-08-01-12:37:01 077 188 271 0.2 1.7 6.6 15.3 26.0 734.0 0.00 0 0.0 15.1 24.1 24.4 3.627  -43.6   18.7    2.4  27   -0.9  10 0 0 1 1 1 0 15.9 26.4 15.9 26.5 80.0 100 100 20 408 0 143 0 401 401 399 0 0 0 60 50 AUTO 0 
b.1 2025-08-01 12:38:11.733 a 2025-08-01-12:38:02 109 195 253 0.3 2.2 6.6 15.3 26.0 734.0 0.00 0 0.0 15.1 24.1 24.5 3.628  -39.1   18.7    2.4  26   -0.9  10 0 0 1 1 1 0 15.9 26.3 15.9 26.5 80.0 100 100 20 408 0 143 0 401 401 399 0 0 0 60 50 AUTO 0 
b.1 2025-08-01 12:39:11.634 a 2025-08-01-12:39:02 308 192 351 0.3 1.7 4.5 15.3 25.7 734.0 0.00 0 0.0 15.0 24.1 24.5 3.628  -38.9   18.7    2.3  26   -1.0   5 0 0 1 1 1 0 15.9 26.3 15.9 26.5 80.0 100 100 20 408 0 143 0 401 401 399 0 0 0 60 50 AUTO 0 
b.1 2025-08-01 12:40:13.394 a 2025-08-01-12:40:04 081 193 292 0.2 1.7 4.6 15.2 25.7 734.0 0.00 0 0.0 15.0 24.1 24.5 3.627  -40.2   18.7    2.3  26   -1.0   7 0 0 1 1 1 0 15.9 26.2 15.9 26.4 80.0 100 100 20 408 0 143 0 401 402 399 0 0 0 59 50 AUTO 0 
b.1 2025-08-01 12:41:10.451 a 2025-08-01-12:41:01 065 193 242 0.3 1.9 4.4 15.2 25.3 734.0 0.00 0 0.0 15.0 24.1 24.5 3.626  -38.7   18.7    2.3  26   -1.1   8 0 0 1 1 1 0 15.9 26.1 15.9 26.3 80.0 100 100 20 408 0 143 0 401 401 400 0 0 0 60 50 AUTO 0 
b.1 2025-08-01 12:42:11.092 a 2025-08-01-12:42:01 082 191 300 0.3 2.3 6.5 15.2 25.9 734.0 0.00 0 0.0 15.0 24.1 24.5 3.627  -38.9   18.7    2.4  26   -1.0  10 0 0 1 1 1 0 15.9 26.0 15.9 26.2 80.0 100 100 20 408 0 143 0 401 401 399 0 0 0 59 50 AUTO 0 
b.1 2025-08-01 12:43:11.871 a 2025-08-01-12:43:02 135 197 250 0.6 2.9 6.1 15.2 25.5 734.0 0.00 0 0.0 15.0 24.1 24.5 3.628  -39.4   18.7    2.6  26   -1.1  10 0 0 1 1 1 0 15.9 26.0 15.9 26.2 80.0 100 100 20 408 0 143 0 401 401 400 0 0 0 59 50 AUTO 0 
b.1 2025-08-01 12:44:09.154 a 2025-08-01-12:44:00 011 194 309 0.3 2.5 6.5 15.2 25.4 734.0 0.00 0 0.0 15.1 24.1 24.4 3.627  -40.9   18.7    2.6  26   -1.1  10 0 0 1 1 1 0 15.9 26.0 15.9 26.1 80.0 100 100 20 408 0 143 0 401 401 400 0 0 0 60 50 AUTO 0 
b.1 2025-08-01 12:45:12.357 a 2025-08-01-12:45:03 040 190 295 0.3 2.1 5.6 15.2 25.9 734.0 0.00 0 0.0 15.1 24.1 24.5 3.627  -40.1   18.7    2.6  26   -1.0  10 0 0 1 1 1 0 15.9 26.0 15.9 26.1 80.0 100 100 20 408 0 143 0 401 401 399 0 0 0 60 50 AUTO 0 
b.1 2025-08-01 12:46:12.430 a 2025-08-01-12:46:03 076 201 238 0.3 3.1 7.5 15.2 27.1 734.0 0.00 0 0.0 15.2 24.1 24.5 3.634  -41.5   18.7    2.9  27   -0.9  10 0 0 1 1 1 0 15.9 26.2 15.9 26.3 80.0 100 100 20 408 0 143 0 401 401 400 0 0 0 60 50 AUTO 0 
b.1 2025-08-01 12:47:10.154 a 2025-08-01-12:47:01 095 198 282 0.2 3.1 10.4 15.3 26.4 734.0 0.00 0 0.0 15.3 24.1 24.4 3.627  -39.0   18.7    2.9  27   -0.8  10 0 0 1 1 1 0 15.9 26.5 15.9 26.6 80.0 100 100 20 408 0 143 0 400 401 399 0 0 0 60 50 AUTO 0 
b.1 2025-08-01 12:48:10.236 a 2025-08-01-12:48:01 120 196 289 0.3 2.3 8.0 15.3 25.7 734.0 0.00 0 0.0 15.2 24.1 24.5 3.627  -39.6   18.7    2.8  26   -0.9  10 0 0 1 1 1 0 15.9 26.3 15.9 26.5 80.0 100 100 20 408 0 143 0 401 402 399 0 0 0 59 50 AUTO 0 
b.1 2025-08-01 12:49:08.982 a 2025-08-01-12:48:59 283 186 353 0.4 1.8 7.3 15.3 25.9 734.0 0.00 0 0.0 15.2 24.1 24.5 3.628  -39.3   18.7    2.5  27   -0.9  10 0 0 1 1 1 0 15.9 26.3 15.9 26.5 80.0 100 100 20 408 0 143 0 401 401 400 0 0 0 60 50 AUTO 0 
b.1 2025-08-01 12:50:12.019 a 2025-08-01-12:50:02 089 197 311 0.4 2.0 5.6 15.3 25.8 734.0 0.00 0 0.0 15.1 24.1 24.5 3.627  -41.1   18.7    2.5  26   -0.9  10 0 0 1 1 1 0 15.9 26.3 15.9 26.5 80.0 100 100 20 408 0 143 0 401 401 399 0 0 0 59 50 AUTO 0 
b.1 2025-08-01 12:51:09.220 a 2025-08-01-12:51:00 074 195 293 0.3 1.8 5.0 15.2 25.5 734.1 0.00 0 0.0 15.1 24.1 24.5 3.627  -39.6   18.7    2.4  26   -1.0  10 0 0 1 1 1 0 15.9 26.3 15.9 26.5 80.0 100 100 20 408 0 143 0 401 401 399 0 0 0 60 50 AUTO 0 
b.1 2025-08-01 12:52:10.997 a 2025-08-01-12:52:01 090 188 289 0.2 1.8 4.9 15.2 26.2 734.1 0.00 0 0.0 15.1 24.1 24.5 3.626  -40.9   18.7    2.4  27   -0.9  10 0 0 1 1 1 0 15.9 26.3 15.9 26.5 80.0 100 100 20 408 0 143 0 400 401 399 0 0 0 60 50 AUTO 0 
b.1 2025-08-01 12:53:10.457 a 2025-08-01-12:53:01 125 193 318 0.1 2.4 6.6 15.2 25.9 734.0 0.00 0 0.0 15.1 24.1 24.5 3.627  -40.0   18.7    2.5  26   -0.9  10 0 0 1 1 1 0 15.9 26.3 15.9 26.5 80.0 100 100 20 408 0 143 0 401 401 400 0 0 0 60 50 AUTO 0 
b.1 2025-08-01 12:54:08.400 a 2025-08-01-12:53:59 097 199 288 0.4 2.7 7.4 15.2 26.3 734.1 0.00 0 0.0 15.1 24.1 24.4 3.626  -39.1   18.7    2.6  27   -0.9  10 0 0 1 1 1 0 15.9 26.4 15.9 26.5 80.0 100 100 20 408 0 143 0 401 401 399 0 0 0 59 50 AUTO 0 
b.1 2025-08-01 12:55:13.256 a 2025-08-01-12:55:04 033 187 313 0.2 1.8 5.2 15.2 26.4 734.1 0.00 0 0.0 15.2 24.1 24.5 3.627  -40.6   18.7    2.5  27   -0.8  10 0 0 1 1 1 0 15.8 26.4 15.9 26.5 80.0 100 100 20 408 0 143 0 401 401 400 0 0 0 60 50 AUTO 0 
b.1 2025-08-01 12:56:10.177 a 2025-08-01-12:56:01 061 191 272 0.1 2.2 6.4 15.2 26.1 734.1 0.00 0 0.0 15.2 24.1 24.5 3.627  -39.6   18.8    2.5  27   -0.9  10 0 0 1 1 1 0 15.9 26.4 15.9 26.5 80.0 100 100 20 408 0 143 0 402 401 400 0 0 0 60 50 AUTO 0 
b.1 2025-08-01 12:57:10.714 a 2025-08-01-12:57:01 068 192 301 0.2 1.9 6.4 15.2 26.2 734.1 0.00 0 0.0 15.1 24.1 24.4 3.627  -39.5   18.8    2.4  26   -0.9  10 0 0 1 1 1 0 15.9 26.4 15.9 26.5 80.0 100 100 20 408 0 143 0 401 401 400 0 0 0 60 50 AUTO 0 
b.1 2025-08-01 12:58:10.196 a 2025-08-01-12:58:01 082 192 281 0.3 2.1 6.0 15.2 25.9 734.1 0.00 0 0.0 15.1 24.1 24.5 3.629  -38.9   18.8    2.4  26   -0.9  10 0 0 1 1 1 0 15.9 26.3 15.9 26.5 80.0 100 100 20 408 0 143 0 401 401 400 0 0 0 59 50 AUTO 0 
b.1 2025-08-01 12:59:11.858 a 2025-08-01-12:59:02 089 188 240 0.4 1.7 3.6 15.2 25.9 734.1 0.00 0 0.0 15.1 24.1 24.5 3.627  -40.0   18.8    2.4  26   -0.9  10 0 0 1 1 1 0 15.9 26.3 15.9 26.5 80.0 100 100 20 408 0 143 0 400 401 399 0 0 0 60 50 AUTO 0 
b.1 2025-08-01 13:00:11.375 a 2025-08-01-13:00:02 065 187 283 0.2 1.9 5.2 15.2 26.3 734.1 0.00 0 0.0 15.1 24.1 24.4 3.626  -41.9   18.8    2.4  27   -0.8  10 0 0 1 1 1 0 15.9 26.3 15.9 26.5 80.0 100 100 20 408 0 143 0 401 401 400 0 0 0 59 50 AUTO 0 
b.1 2025-08-01 13:01:12.101 a 2025-08-01-13:01:03 059 190 256 0.2 1.9 5.7 15.2 25.9 734.1 0.00 0 0.0 15.1 24.1 24.4 3.627  -38.6   18.9    2.3  26   -0.8  10 0 0 1 1 1 0 15.9 26.3 15.9 26.5 80.0 100 100 20 408 0 143 0 401 401 400 0 0 0 59 50 AUTO 0 
b.1 2025-08-01 13:02:10.240 a 2025-08-01-13:02:01 083 193 282 0.2 2.1 5.2 15.2 26.0 734.1 0.00 0 0.0 15.1 24.1 24.5 3.634  -41.5   18.9    2.4  26   -0.8  10 0 0 1 1 1 0 15.9 26.3 15.9 26.5 80.0 100 100 20 408 0 143 0 401 401 400 0 0 0 59 50 AUTO 0 
b.1 2025-08-01 13:03:10.739 a 2025-08-01-13:03:01 092 189 276 0.3 2.1 5.7 15.2 26.2 734.1 0.00 0 0.0 15.2 24.1 24.5 3.634  -41.1   18.9    2.4  26   -0.8  10 0 0 1 1 1 0 15.9 26.3 15.9 26.5 80.0 100 100 20 408 0 143 0 401 401 399 0 0 0 60 50 AUTO 0 
b.1 2025-08-01 13:04:11.380 a 2025-08-01-13:04:02 033 204 287 0.3 2.3 6.3 15.2 26.3 734.1 0.00 0 0.0 15.2 24.1 24.5 3.634  -39.4   18.9    2.5  26   -0.7  10 0 0 1 1 1 0 15.9 26.3 15.9 26.4 80.0 100 100 20 408 0 143 0 401 401 400 0 0 0 59 50 AUTO 0 
b.1 2025-08-01 13:05:11.960 a 2025-08-01-13:05:02 270 188 347 0.1 1.5 7.0 15.2 26.8 734.1 0.00 0 0.0 15.2 24.1 24.5 3.635  -38.6   19.0    2.3  27   -0.5  10 0 0 1 1 1 0 15.9 26.5 15.9 26.6 80.0 100 100 20 408 0 143 0 401 401 399 0 0 0 60 50 AUTO 0 
b.1 2025-08-01 13:06:11.618 a 2025-08-01-13:06:02 070 191 354 0.2 2.0 4.6 15.3 27.1 734.2 0.00 0 0.0 15.2 24.1 24.5 3.626  -39.7   19.0    2.4  27   -0.5  10 0 0 1 1 2 0 15.9 26.6 15.9 26.7 80.0 100 100 20 408 0 143 0 401 401 400 0 0 0 59 50 AUTO_PARK 0 
b.1 2025-08-01 13:07:11.217 a 2025-08-01-13:07:02 070 178 278 0.2 2.0 5.6 15.3 28.9 734.1 0.00 0 0.0 15.3 24.1 24.5 3.628  -41.1   19.0    2.4  27   -0.4  10 0 0 1 1 2 0 15.9 26.9 15.9 27.0 80.0 100 100 20 408 0 143 0 401 401 400 0 0 0 59 50 AUTO_PARK 0 
b.1 2025-08-01 13:08:11.441 a 2025-08-01-13:08:02 067 188 246 0.3 2.1 6.8 15.3 27.4 734.1 0.00 0 0.0 15.3 24.1 24.5 3.631  -39.7   19.1    2.5  27   -0.3  10 0 0 1 1 2 0 16.0 26.9 15.9 27.1 80.0 100 100 20 408 0 143 0 401 401 400 0 0 0 59 50 AUTO_PARK 0 
b.1 2025-08-01 13:09:10.961 a 2025-08-01-13:09:01 115 194 295 0.2 2.2 5.1 15.3 28.0 734.1 0.00 0 0.0 15.3 24.1 24.5 3.627  -40.0   19.1    2.4  27   -0.2  10 0 0 1 1 2 0 16.0 27.0 16.0 27.2 80.0 100 100 20 408 0 143 0 401 401 400 0 0 0 59 50 AUTO_PARK 0 
b.1 2025-08-01 13:10:13.578 a 2025-08-01-13:10:04 061 189 280 0.4 2.2 5.6 15.3 27.5 734.1 0.00 0 0.0 15.3 24.1 24.4 3.626  -39.2   19.2    2.5  27   -0.2  10 0 0 1 1 2 0 16.0 27.1 16.0 27.4 80.0 100 100 20 408 0 143 0 401 401 400 0 0 0 60 50 AUTO_PARK 0 
b.1 2025-08-01 13:11:11.799 a 2025-08-01-13:11:02 053 194 317 0.3 2.3 6.1 15.3 26.4 734.1 0.00 0 0.0 15.4 24.1 24.5 3.626  -40.5   19.2    2.5  27   -0.3  10 0 0 1 1 2 0 16.0 27.0 16.0 27.3 80.0 100 100 20 408 0 143 0 401 401 400 0 0 0 59 50 AUTO_PARK 0 
b.1 2025-08-01 13:12:11.257 a 2025-08-01-13:12:02 053 195 273 0.3 2.6 7.0 15.3 26.9 734.1 0.00 0 0.0 15.4 24.1 24.5 3.628  -42.2   19.2    2.5  27   -0.3  10 0 0 1 1 2 0 16.0 27.0 16.0 27.3 80.0 100 100 20 408 0 143 0 401 401 400 0 0 0 60 50 AUTO_PARK 0 
b.1 2025-08-01 13:13:10.119 a 2025-08-01-13:13:00 072 191 288 0.5 2.4 6.9 15.3 27.1 734.2 0.00 0 0.0 15.4 24.1 24.5 3.627  -41.0   19.3    2.6  27   -0.2  10 0 0 1 1 2 0 16.0 27.0 16.0 27.2 80.0 100 100 20 408 0 143 0 401 400 400 0 0 0 59 50 AUTO_PARK 0 
b.1 2025-08-01 13:14:09.461 a 2025-08-01-13:14:00 300 191 314 0.4 2.3 6.7 15.4 27.0 734.2 0.00 0 0.0 15.4 24.1 24.5 3.627  -40.5   19.3    2.5  27   -0.3  10 0 0 1 1 2 0 16.0 27.0 16.0 27.3 80.0 100 100 20 408 0 143 0 401 401 400 0 0 0 60 50 AUTO_PARK 0 
b.1 2025-08-01 13:15:14.461 a 2025-08-01-13:15:05 052 191 226 0.1 2.3 5.6 15.4 28.3 734.2 0.00 0 0.0 15.5 24.1 24.5 3.627  -42.8   19.3    2.6  27   -0.1  10 0 0 1 1 2 0 16.1 27.2 16.1 27.4 80.0 100 100 20 408 0 143 0 401 401 400 0 0 0 60 50 AUTO_PARK 0 
b.1 2025-08-01 13:16:07.142 a 2025-08-01-13:15:58 055 186 284 0.4 2.4 6.1 15.4 28.0 734.2 0.00 0 0.0 15.5 24.1 24.4 3.627  -40.0   19.4    2.7  27    0.0  10 0 0 1 1 2 0 16.0 27.3 16.1 27.5 80.0 100 100 20 408 0 143 0 401 401 400 0 0 0 60 50 AUTO_PARK 0 
b.1 2025-08-01 13:17:12.884 a 2025-08-01-13:17:03 066 194 274 0.3 2.0 6.9 15.4 27.8 734.2 0.00 0 0.0 15.5 24.1 24.5 3.627  -38.8   19.4    2.6  27    0.0  10 0 0 1 1 2 0 16.1 27.4 16.1 27.6 80.0 100 100 20 408 0 143 0 401 401 400 0 0 0 59 50 AUTO_PARK 0 
b.1 2025-08-01 13:18:10.720 a 2025-08-01-13:18:01 072 187 236 0.5 2.2 6.2 15.4 27.4 734.2 0.00 0 0.0 15.5 24.1 24.5 3.634  -39.6   19.4    2.6  27    0.0  10 0 0 1 1 2 0 16.1 27.4 16.1 27.6 80.0 100 100 20 408 0 143 0 401 401 400 0 0 0 59 50 AUTO_PARK 0 
b.1 2025-08-01 13:19:10.680 a 2025-08-01-13:19:01 269 179 330 0.2 2.0 5.8 15.4 27.6 734.2 0.00 0 0.0 15.5 24.1 24.5 3.627  -39.8   19.4    2.5  27    0.0  10 0 0 1 1 2 0 16.2 27.4 16.1 27.6 80.0 100 100 20 408 0 143 0 402 401 400 0 0 0 59 50 AUTO_PARK 0 
b.1 2025-08-01 13:20:12.302 a 2025-08-01-13:20:03 093 191 295 0.1 2.3 6.5 15.4 28.1 734.3 0.00 0 0.0 15.6 24.1 24.4 3.627  -39.7   19.5    2.5  27    0.1  10 0 0 1 1 2 0 16.2 27.4 16.2 27.6 80.0 100 100 20 408 0 143 0 401 401 400 0 0 0 60 50 AUTO_PARK 0 
b.1 2025-08-01 13:21:09.963 a 2025-08-01-13:21:00 016 181 291 0.2 2.1 6.4 15.4 27.1 734.3 0.00 0 0.0 15.5 24.1 24.5 3.635  -41.2   19.5    2.5  27    0.0  10 0 0 1 1 2 0 16.2 27.4 16.2 27.6 80.0 100 100 20 408 0 143 0 400 401 399 0 0 0 60 50 AUTO_PARK 0 
b.1 2025-08-01 13:22:12.921 a 2025-08-01-13:22:03 062 189 313 0.3 2.0 5.9 15.4 27.2 734.2 0.00 0 0.0 15.6 24.1 24.5 3.627  -40.9   19.5    2.5  27    0.0  10 0 0 1 1 2 0 16.2 27.2 16.2 27.5 80.0 100 100 20 408 0 143 0 401 402 399 0 0 0 59 50 AUTO_PARK 0 
b.1 2025-08-01 13:23:10.542 a 2025-08-01-13:23:01 062 201 235 0.2 2.2 7.1 15.4 28.3 734.2 0.00 0 0.0 15.6 24.1 24.5 3.626  -40.7   19.6    2.6  27    0.1  10 0 0 1 1 2 0 16.3 27.2 16.2 27.5 80.0 100 100 20 408 0 143 0 401 401 400 0 0 0 60 50 AUTO_PARK 0 
b.1 2025-08-01 13:24:11.686 a 2025-08-01-13:24:02 058 185 272 0.3 1.9 4.6 15.5 28.9 734.3 0.00 0 0.0 15.6 24.1 24.5 3.631  -40.6   19.6    2.4  27    0.3  10 0 0 1 1 2 0 16.3 27.4 16.2 27.6 80.0 100 100 20 408 0 143 0 401 401 399 0 0 0 59 50 AUTO_PARK 0 
b.1 2025-08-01 13:25:10.947 a 2025-08-01-13:25:01 021 197 350 0.3 1.8 4.6 15.5 28.6 734.3 0.00 0 0.0 15.7 24.1 24.5 3.627  -39.9   19.6    2.4  27    0.3   5 0 0 1 1 2 0 16.3 27.5 16.3 27.7 80.0 100 100 20 408 0 143 0 401 401 400 0 0 0 60 50 AUTO_PARK 0 
b.1 2025-08-01 13:26:10.688 a 2025-08-01-13:26:01 302 193 337 0.5 2.2 5.6 15.5 28.6 734.2 0.00 0 0.0 15.7 24.1 24.5 3.628  -41.6   19.7    2.4  27    0.4  11 0 0 1 1 2 0 16.3 27.7 16.3 28.0 80.0 100 100 20 408 0 143 0 401 401 400 0 0 0 60 50 AUTO_PARK 0 
b.1 2025-08-01 13:27:07.868 a 2025-08-01-13:26:58 114 200 294 0.2 2.5 7.0 15.5 28.2 734.3 0.00 0 0.0 15.7 24.1 24.4 3.628  -44.8   19.7    2.5  27    0.4   9 0 0 1 1 2 0 16.4 27.6 16.3 28.0 80.0 100 100 20 408 0 143 0 401 402 399 0 0 0 60 50 AUTO_PARK 0 
b.1 2025-08-01 13:28:09.884 a 2025-08-01-13:28:00 318 189 329 0.1 1.6 5.4 15.5 28.3 734.3 0.00 0 0.0 15.7 24.1 24.5 3.627  -44.2   19.7    2.4  27    0.4  10 0 0 1 1 2 0 16.4 27.7 16.3 28.0 80.0 100 100 20 408 0 143 0 401 401 399 0 0 0 60 50 AUTO_PARK 0 
b.1 2025-08-01 13:29:08.203 a 2025-08-01-13:28:59 039 187 353 0.2 2.1 5.1 15.6 27.8 734.3 0.00 0 0.0 15.7 24.1 24.5 3.627  -41.1   19.8    2.4  27    0.4  10 0 0 1 1 2 0 16.4 27.7 16.4 28.0 80.0 100 100 20 408 0 143 0 401 401 399 0 0 0 60 50 AUTO_PARK 0 
b.1 2025-08-01 13:30:13.766 a 2025-08-01-13:30:04 042 177 245 0.2 1.8 5.5 15.6 27.6 734.3 0.00 0 0.0 15.8 24.1 24.5 3.627  -40.4   19.8    2.4  27    0.3  10 0 0 1 1 2 0 16.4 27.7 16.4 27.9 80.0 100 100 20 408 0 143 0 401 402 399 0 0 0 60 50 AUTO_PARK 0 
b.1 2025-08-01 13:31:11.125 a 2025-08-01-13:31:02 070 186 310 0.1 2.2 6.4 15.6 27.7 734.3 0.00 0 0.0 15.8 24.1 24.5 3.628  -40.5   19.8    2.4  27    0.3  10 0 0 1 1 2 0 16.5 27.6 16.4 27.9 80.0 100 100 20 408 0 143 0 401 401 400 0 0 0 59 50 AUTO_PARK 0 
b.1 2025-08-01 13:32:11.805 a 2025-08-01-13:32:02 025 191 291 0.2 1.6 5.6 15.6 27.8 734.3 0.00 0 0.0 15.8 24.1 24.5 3.627  -40.0   19.8    2.3  27    0.4  10 0 0 1 1 2 0 16.5 27.5 16.4 27.8 80.0 100 100 20 408 0 143 0 401 401 399 0 0 0 59 50 AUTO_PARK 0 
b.1 2025-08-01 13:33:10.765 a 2025-08-01-13:33:01 078 193 258 0.2 1.5 4.3 15.6 27.6 734.4 0.00 0 0.0 15.8 24.1 24.5 3.627  -40.7   19.9    2.2  27    0.4  10 0 0 1 1 2 0 16.5 27.5 16.4 27.8 80.0 100 100 20 408 0 143 0 400 401 399 0 0 0 60 50 AUTO_PARK 0 
b.1 2025-08-01 13:34:10.233 a 2025-08-01-13:34:01 289 182 343 0.2 2.0 6.8 15.6 27.5 734.4 0.00 0 0.0 15.9 24.1 24.4 3.634  -40.6   19.9    2.3  27    0.4  10 0 0 1 1 2 0 16.5 27.4 16.4 27.8 80.0 100 100 20 408 0 143 0 401 401 400 0 0 0 60 50 AUTO_PARK 0 
b.1 2025-08-01 13:35:12.108 a 2025-08-01-13:35:03 293 192 350 0.4 2.4 6.6 15.6 27.3 734.4 0.00 0 0.0 15.9 24.1 24.5 3.633  -40.9   19.9    2.4  27    0.4  10 0 0 1 1 2 0 16.6 27.4 16.5 27.8 80.0 100 100 20 408 0 143 0 401 402 400 0 0 0 60 50 AUTO_PARK 0 
b.1 2025-08-01 13:36:10.688 a 2025-08-01-13:36:01 056 193 293 0.3 2.1 5.3 15.6 27.3 734.4 0.00 0 0.0 15.9 24.1 24.5 3.627  -40.6   20.0    2.4  27    0.4  10 0 0 1 1 2 0 16.6 27.4 16.5 27.8 80.0 100 100 20 408 0 143 0 400 402 399 0 0 0 60 50 AUTO_PARK 0 
b.1 2025-08-01 13:37:12.209 a 2025-08-01-13:37:03 047 177 292 0.2 1.7 5.8 15.6 27.5 734.3 0.00 0 0.0 16.0 24.1 24.5 3.633  -42.6   20.0    2.3  27    0.4  10 0 0 1 1 2 0 16.6 27.4 16.5 27.8 80.0 100 100 20 408 0 143 0 401 401 399 0 0 0 60 50 AUTO_PARK 0 
b.1 2025-08-01 13:38:08.671 a 2025-08-01-13:37:59 003 187 030 0.3 2.5 6.0 15.6 27.6 734.4 0.00 0 0.0 16.0 24.1 24.4 3.626  -43.4   20.0    2.5  27    0.4  10 0 0 1 1 2 0 16.7 27.3 16.5 27.8 80.0 100 100 20 408 0 143 0 401 401 400 0 0 0 60 50 AUTO_PARK 0 
b.1 2025-08-01 13:39:09.430 a 2025-08-01-13:39:00 185 186 291 0.3 2.0 5.6 15.6 27.3 734.4 0.00 0 0.0 16.0 24.1 24.5 3.627  -40.9   20.0    2.4  27    0.3  10 0 0 1 1 2 0 16.7 27.3 16.5 27.8 80.0 100 100 20 408 0 143 0 402 401 400 0 0 0 59 50 AUTO_PARK 0 
b.1 2025-08-01 13:40:12.928 a 2025-08-01-13:40:03 075 193 296 0.3 1.8 4.6 15.7 27.3 734.3 0.00 0 0.0 16.1 24.1 24.5 3.633  -40.3   20.0    2.3  27    0.3  10 0 0 1 1 2 0 16.7 27.2 16.6 27.6 80.0 100 100 20 408 0 143 0 401 401 399 0 0 0 60 50 AUTO_PARK 0 
b.1 2025-08-01 13:41:11.289 a 2025-08-01-13:41:02 054 187 305 0.2 1.9 6.2 15.7 27.1 734.4 0.00 0 0.0 16.0 24.1 24.5 3.626  -42.6   20.1    2.3  27    0.3  10 0 0 1 1 2 0 16.8 27.0 16.6 27.6 80.0 100 100 20 408 0 143 0 401 401 400 0 0 0 59 50 AUTO_PARK 0 
b.1 2025-08-01 13:42:11.631 a 2025-08-01-13:42:02 242 179 294 0.2 1.9 5.2 15.7 26.9 734.4 0.00 0 0.0 16.1 24.1 24.4 3.627  -42.4   20.1    2.3  27    0.3  10 0 0 1 1 2 0 16.8 27.0 16.6 27.5 80.0 100 100 20 408 0 143 0 401 401 400 0 0 0 59 50 AUTO_PARK 0 
b.1 2025-08-01 13:43:10.868 a 2025-08-01-13:43:01 060 194 299 0.2 1.7 5.1 15.7 26.9 734.4 0.00 0 0.0 16.1 24.1 24.5 3.627  -45.0   20.1    2.2  27    0.3  10 0 0 1 1 2 0 16.8 26.9 16.7 27.4 80.0 100 100 20 408 0 143 0 401 401 399 0 0 0 60 50 AUTO_PARK 0 
b.1 2025-08-01 13:44:12.750 a 2025-08-01-13:44:03 226 179 257 0.2 1.7 5.5 15.7 27.6 734.4 0.00 0 0.0 16.1 24.1 24.5 3.627  -43.2   20.1    2.2  27    0.4  10 0 0 1 1 2 0 16.9 26.9 16.7 27.4 80.0 100 100 20 408 0 143 0 401 401 400 0 0 0 60 50 AUTO_PARK 0 
b.1 2025-08-01 13:45:13.250 a 2025-08-01-13:45:04 279 181 350 0.2 1.7 5.3 15.7 27.0 734.4 0.00 0 0.0 16.1 24.1 24.5 3.627  -40.6   20.2    2.2  27    0.4  10 0 0 1 1 2 0 16.9 26.9 16.7 27.4 80.0 100 100 20 408 0 143 0 400 401 399 0 0 0 60 50 AUTO_PARK 0 
b.1 2025-08-01 13:46:13.469 a 2025-08-01-13:46:04 290 185 350 0.3 1.6 4.1 15.7 27.3 734.4 0.00 0 0.0 16.2 24.1 24.5 3.627  -41.5   20.2    2.2  26    0.4  10 0 0 1 1 2 0 16.9 26.8 16.7 27.3 80.0 100 100 20 408 0 143 0 401 401 399 0 0 0 60 50 AUTO_PARK 0 
b.1 2025-08-01 13:47:11.210 a 2025-08-01-13:47:02 230 192 248 0.3 1.9 5.8 15.7 26.9 734.5 0.00 0 0.0 16.2 24.1 24.5 3.627  -42.0   20.3    2.2  26    0.4  10 0 0 1 1 2 0 16.9 26.8 16.7 27.3 80.0 100 100 20 408 0 143 0 401 401 399 0 0 0 60 50 AUTO_PARK 0 
b.1 2025-08-01 13:48:10.552 a 2025-08-01-13:48:01 284 189 356 0.3 2.0 6.2 15.7 26.9 734.5 0.00 0 0.0 16.2 24.1 24.5 3.627  -43.6   20.3    2.3  26    0.4  10 0 0 1 1 2 0 16.9 26.7 16.7 27.2 80.0 100 100 20 408 0 143 0 401 402 399 0 0 0 60 50 AUTO_PARK 0 
b.1 2025-08-01 13:49:08.816 a 2025-08-01-13:48:59 057 186 282 0.4 1.9 4.6 15.7 27.0 734.5 0.00 0 0.0 16.2 24.1 24.4 3.627  -40.4   20.3    2.3  26    0.4   5 0 0 1 1 2 0 17.0 26.6 16.8 27.2 80.0 100 100 20 408 0 143 0 402 401 400 0 0 0 60 50 AUTO_PARK 0 
b.1 2025-08-01 13:50:15.428 a 2025-08-01-13:50:06 046 187 165 0.2 2.0 5.8 15.8 27.2 734.5 0.00 0 0.0 16.3 24.1 24.5 3.626  -42.1   20.3    2.3  26    0.3  11 0 0 1 1 2 0 17.0 26.6 16.8 27.1 80.0 100 100 20 408 0 143 0 401 401 400 0 0 0 60 50 AUTO_PARK 0 
b.1 2025-08-01 13:51:10.355 a 2025-08-01-13:51:01 033 191 302 0.3 2.4 6.3 15.8 26.6 734.5 0.00 0 0.0 16.4 24.1 24.5 3.627  -41.8   20.4    2.4  26    0.3  10 0 0 1 1 2 0 17.0 26.5 16.8 27.1 80.0 100 100 20 408 0 143 0 401 401 400 0 0 0 60 50 AUTO_PARK 0 
b.1 2025-08-01 13:52:11.170 a 2025-08-01-13:52:02 079 177 247 0.4 2.0 4.9 15.8 26.4 734.6 0.00 0 0.0 16.4 24.1 24.5 3.627  -43.2   20.4    2.3  26    0.3  10 0 0 1 1 2 0 17.1 26.4 16.8 27.0 80.0 100 100 20 408 0 143 0 401 401 400 0 0 0 60 50 AUTO_PARK 0 
b.1 2025-08-01 13:53:09.471 a 2025-08-01-13:53:00 078 190 285 0.3 1.8 5.2 15.8 26.7 734.5 0.00 0 0.0 16.4 24.1 24.4 3.633  -41.3   20.4    2.3  26    0.3  10 0 0 1 1 2 0 17.1 26.4 16.9 27.0 80.0 100 100 20 408 0 143 0 401 401 399 0 0 0 60 50 AUTO_PARK 0 
b.1 2025-08-01 13:54:10.532 a 2025-08-01-13:54:01 238 197 329 0.2 1.7 4.0 15.8 26.4 734.5 0.00 0 0.0 16.4 24.1 24.4 3.627  -42.7   20.4    2.2  26    0.2  10 0 0 1 1 2 0 17.1 26.3 16.9 26.9 80.0 100 100 20 408 0 143 0 401 401 400 0 0 0 59 50 AUTO_PARK 0 
b.1 2025-08-01 13:55:12.792 a 2025-08-01-13:55:03 054 197 243 0.3 1.6 3.7 15.8 26.6 734.6 0.00 0 0.0 16.5 24.1 24.5 3.629  -41.4   20.4    2.2  26    0.3  10 0 0 1 1 2 0 17.1 26.2 16.9 26.9 80.0 100 100 20 408 0 143 0 401 401 399 0 0 0 60 50 AUTO_PARK 0 
b.1 2025-08-01 13:56:12.592 a 2025-08-01-13:56:03 047 187 289 0.3 2.6 6.4 15.8 27.7 734.5 0.00 0 0.0 16.5 24.1 24.5 3.634  -41.3   20.4    2.4  26    0.4  10 0 0 1 1 2 0 17.1 26.3 16.9 26.9 80.0 100 100 20 408 0 143 0 401 401 400 0 0 0 60 50 AUTO_PARK 0 
b.1 2025-08-01 13:57:10.857 a 2025-08-01-13:57:01 072 192 257 0.2 1.7 4.3 15.9 27.1 734.6 0.00 0 0.0 16.6 24.1 24.5 3.627  -44.9   20.4    2.3  26    0.4  10 0 0 1 1 2 0 17.2 26.4 16.9 27.0 80.0 100 100 20 408 0 143 0 401 401 400 0 0 0 60 50 AUTO_PARK 0 
b.1 2025-08-01 13:58:11.456 a 2025-08-01-13:58:02 068 203 309 0.2 1.7 5.0 15.9 26.8 734.6 0.00 0 0.0 16.6 24.1 24.5 3.626  -41.0   20.5    2.2  26    0.4  10 0 0 1 1 2 0 17.2 26.4 16.9 27.0 80.0 100 100 20 408 0 143 0 402 401 400 0 0 0 59 50 AUTO_PARK 0 
b.1 2025-08-01 13:59:11.032 a 2025-08-01-13:59:01 033 184 271 0.1 1.9 5.9 15.9 26.9 734.5 0.00 0 0.0 16.6 24.1 24.5 3.627  -40.4   20.5    2.2  26    0.4  10 0 0 1 1 2 0 17.2 26.4 17.0 26.9 80.0 100 100 20 408 0 143 0 401 402 399 0 0 0 60 50 AUTO_PARK 0 
b.1 2025-08-01 14:00:11.971 a 2025-08-01-14:00:02 243 181 303 0.4 2.0 6.0 15.9 26.5 734.6 0.00 0 0.0 16.7 24.1 24.5 3.627  -42.8   20.5    2.2  26    0.4  10 0 0 1 1 2 0 17.2 26.3 17.0 26.9 80.0 100 100 20 408 0 143 0 402 401 400 0 0 0 59 50 AUTO_PARK 0 
b.1 2025-08-01 14:01:09.734 a 2025-08-01-14:01:00 257 191 311 0.3 2.2 7.4 15.9 26.2 734.6 0.00 0 0.0 16.7 24.1 24.4 3.627  -42.1   20.5    2.3  26    0.3  10 0 0 1 1 2 0 17.2 26.3 17.0 26.8 80.0 100 100 20 408 0 143 0 401 401 400 0 0 0 60 50 AUTO_PARK 0 
b.1 2025-08-01 14:02:09.819 a 2025-08-01-14:02:00 247 197 308 0.1 1.5 4.5 16.0 26.0 734.6 0.00 0 0.0 16.7 24.1 24.5 3.627  -41.0   20.5    2.2  26    0.3  10 0 0 1 1 2 0 17.3 26.2 17.0 26.7 80.0 100 100 20 408 0 143 0 401 401 400 0 0 0 60 50 AUTO_PARK 0 
b.1 2025-08-01 14:03:09.374 a 2025-08-01-14:03:00 055 194 328 0.1 1.5 4.5 16.0 25.9 734.6 0.00 0 0.0 16.8 24.1 24.5 3.628  -41.1   20.6    2.2  26    0.3   5 0 0 1 1 2 0 17.3 26.0 17.0 26.6 80.0 100 100 20 408 0 143 0 401 401 400 0 0 0 59 50 AUTO_PARK 0 
b.1 2025-08-01 14:04:10.519 a 2025-08-01-14:04:01 290 189 340 0.1 1.8 6.1 16.0 26.0 734.6 0.00 0 0.0 16.8 24.1 24.5 3.627  -41.7   20.6    2.2  26    0.2   8 0 0 1 1 2 0 17.3 26.0 17.1 26.5 80.0 100 100 20 408 0 143 0 401 401 399 0 0 0 59 50 AUTO_PARK 0 
b.1 2025-08-01 14:05:13.108 a 2025-08-01-14:05:03 067 188 282 0.3 2.0 5.1 16.0 26.1 734.6 0.00 0 0.0 16.8 24.1 24.4 3.627  -41.4   20.6    2.2  26    0.2   9 0 0 1 1 2 0 17.3 25.9 17.1 26.5 80.0 100 100 20 408 0 143 0 401 401 400 0 0 0 60 50 AUTO_PARK 0 
b.1 2025-08-01 14:06:11.558 a 2025-08-01-14:06:02 014 183 122 0.2 2.1 4.8 16.0 26.0 734.6 0.00 0 0.0 16.8 24.1 24.4 3.633  -41.1   20.6    2.2  26    0.2   9 0 0 1 1 2 0 17.4 25.8 17.1 26.5 80.0 100 100 20 408 0 143 0 401 401 400 0 0 0 59 50 AUTO_PARK 0 
b.1 2025-08-01 14:07:12.736 a 2025-08-01-14:07:03 266 188 351 0.1 1.5 3.6 16.0 25.9 734.6 0.00 0 0.0 16.9 24.1 24.5 3.633  -42.4   20.6    2.2  26    0.2   9 0 0 1 1 2 0 17.4 25.7 17.1 26.3 80.0 100 100 20 408 0 143 0 401 401 399 0 0 0 59 50 AUTO_PARK 0 
b.1 2025-08-01 14:08:11.657 a 2025-08-01-14:08:02 030 191 266 0.1 1.5 5.0 16.0 25.9 734.6 0.00 0 0.0 17.0 24.1 24.5 3.627  -41.7   20.6    2.2  26    0.3   9 0 0 1 1 2 0 17.4 25.7 17.1 26.3 80.0 100 100 20 408 0 143 0 401 401 400 0 0 0 59 50 AUTO_PARK 0 
b.1 2025-08-01 14:09:09.417 a 2025-08-01-14:09:00 059 183 233 0.1 1.7 5.3 16.0 26.7 734.6 0.00 0 0.0 17.0 24.1 24.5 3.635  -42.6   20.6    2.2  26    0.3   9 0 0 1 1 2 0 17.4 25.7 17.2 26.3 80.0 100 100 20 408 0 143 0 402 401 400 0 0 0 59 50 AUTO_PARK 0 
b.1 2025-08-01 14:10:13.999 a 2025-08-01-14:10:04 086 196 253 0.1 2.2 6.0 16.0 26.7 734.6 0.00 0 0.0 17.0 24.1 24.5 3.628  -41.0   20.7    2.2  26    0.4   9 0 0 1 1 2 0 17.4 25.8 17.2 26.3 80.0 100 100 20 408 0 143 0 401 401 399 0 0 0 59 50 AUTO_PARK 0 
b.1 2025-08-01 14:11:11.236 a 2025-08-01-14:11:02 016 193 302 0.1 1.9 6.0 16.0 26.8 734.6 0.00 0 0.0 17.1 24.1 24.5 3.627  -41.6   20.7    2.2  26    0.4   9 0 0 1 1 2 0 17.4 25.8 17.2 26.3 80.0 100 100 20 408 0 143 0 401 402 400 0 0 0 60 50 AUTO_PARK 0 
b.1 2025-08-01 14:12:11.779 a 2025-08-01-14:12:02 068 193 348 0.2 2.0 5.6 16.0 26.4 734.7 0.00 0 0.0 17.1 24.1 24.5 3.633  -41.0   20.7    2.2  26    0.4   9 0 0 1 1 2 0 17.5 25.9 17.2 26.4 80.0 100 100 20 408 0 143 0 401 401 400 0 0 0 59 50 AUTO_PARK 0 
b.1 2025-08-01 14:13:10.134 a 2025-08-01-14:13:00 052 190 321 0.2 2.0 4.3 16.1 26.4 734.7 0.00 0 0.0 17.1 24.1 24.5 3.626  -42.6   20.7    2.2  26    0.4   9 0 0 1 1 2 0 17.5 25.8 17.3 26.4 80.0 100 100 20 408 0 143 0 401 401 400 0 0 0 60 50 AUTO_PARK 0 
b.1 2025-08-01 14:14:09.839 a 2025-08-01-14:14:00 297 201 329 0.2 1.9 7.1 16.1 26.3 734.7 0.00 0 0.0 17.1 24.1 24.5 3.627  -40.8   20.8    2.2  26    0.4   9 0 0 1 1 2 0 17.5 25.8 17.3 26.4 80.0 100 100 20 408 0 143 0 401 401 399 0 0 0 59 50 AUTO_PARK 0 
b.1 2025-08-01 14:15:12.276 a 2025-08-01-14:15:03 085 193 284 0.5 2.9 6.0 16.1 26.9 734.7 0.00 0 0.0 17.0 24.1 24.5 3.626  -41.5   20.8    2.5  26    0.4  11 0 0 1 1 2 0 17.6 25.8 17.3 26.3 80.0 100 100 20 408 0 138 0 401 402 399 0 0 0 60 50 AUTO_PARK 0 
b.1 2025-08-01 14:16:09.378 a 2025-08-01-14:16:00 038 186 284 0.1 1.4 5.0 16.1 26.0 734.7 0.00 0 0.0 17.1 24.1 24.5 3.628  -45.1   20.8    2.3  26    0.5  11 0 0 1 1 2 0 17.6 25.7 17.3 26.3 80.0 100 100 20 408 0 143 0 401 401 399 0 0 0 59 50 AUTO_PARK 0 
b.1 2025-08-01 14:17:13.457 a 2025-08-01-14:17:04 025 203 321 0.2 3.1 7.3 16.1 26.1 734.7 0.00 0 0.0 17.1 24.1 24.5 3.627  -41.2   20.9    2.5  26    0.5   5 0 0 1 1 2 0 17.6 25.6 17.3 26.3 80.0 100 100 20 408 0 143 0 401 401 399 0 0 0 60 50 AUTO_PARK 0 
b.1 2025-08-01 14:18:07.677 a 2025-08-01-14:17:58 057 197 306 0.2 2.3 5.8 16.1 26.4 734.7 0.00 0 0.0 17.1 24.1 24.4 3.628  -44.3   20.9    2.4  26    0.5  11 0 0 1 1 2 0 17.6 25.8 17.3 26.2 80.0 100 100 20 408 0 143 0 401 401 399 0 0 0 60 50 AUTO_PARK 0 
b.1 2025-08-01 14:19:10.400 a 2025-08-01-14:19:01 058 182 244 0.1 1.7 6.4 16.1 26.5 734.7 0.00 0 0.0 17.2 24.1 24.5 3.626  -42.1   20.9    2.3  26    0.5   9 0 0 1 1 2 0 17.6 25.8 17.4 26.3 80.0 100 100 20 408 0 143 0 401 401 399 0 0 0 59 50 AUTO_PARK 0 
b.1 2025-08-01 14:20:13.140 a 2025-08-01-14:20:04 295 172 341 0.1 1.7 5.1 16.1 26.7 734.7 0.00 0 0.0 17.3 24.1 24.5 3.626  -42.7   21.0    2.2  26    0.6   9 0 0 1 1 2 0 17.6 25.8 17.4 26.3 80.0 100 100 20 408 0 139 0 401 401 400 0 0 0 60 50 AUTO_PARK 0 
b.1 2025-08-01 14:21:10.938 a 2025-08-01-14:21:01 093 196 284 0.3 2.4 6.1 16.2 26.2 734.7 0.00 0 0.0 17.4 24.1 24.5 3.626  -42.1   21.0    2.3  26    0.6   9 0 0 1 1 2 0 17.7 25.7 17.4 26.3 80.0 100 100 20 408 0 143 0 401 401 400 0 0 0 60 50 AUTO_PARK 0 
b.1 2025-08-01 14:22:11.161 a 2025-08-01-14:22:01 081 200 297 0.3 2.2 5.6 16.2 25.7 734.7 0.00 0 0.0 17.3 24.1 24.5 3.627  -40.6   21.0    2.3  25    0.5   9 0 0 1 1 2 0 17.7 25.6 17.4 26.2 80.0 100 100 20 408 0 142 0 401 401 399 0 0 0 60 50 AUTO_PARK 0 
b.1 2025-08-01 14:23:11.200 a 2025-08-01-14:23:02 081 198 299 0.2 2.0 5.6 16.2 25.7 734.7 0.00 0 0.0 17.4 24.1 24.5 3.627  -43.2   21.0    2.3  25    0.5   9 0 0 1 1 2 0 17.7 25.5 17.4 26.1 80.0 100 100 20 408 0 142 0 401 401 400 0 0 0 60 50 AUTO_PARK 0 
b.1 2025-08-01 14:24:11.361 a 2025-08-01-14:24:02 074 187 313 0.3 2.0 6.1 16.2 25.6 734.8 0.00 0 0.0 17.4 24.1 24.4 3.626  -40.7   21.0    2.3  25    0.4  10 0 0 1 1 2 0 17.7 25.4 17.5 26.1 80.0 100 100 20 408 0 142 0 401 401 400 0 0 0 59 50 AUTO_PARK 0 
b.1 2025-08-01 14:25:10.881 a 2025-08-01-14:25:01 076 172 294 0.1 2.0 5.2 16.3 25.5 734.7 0.00 0 0.0 17.6 24.1 24.5 3.633  -43.2   21.0    2.3  25    0.4  10 0 0 1 1 2 0 17.8 25.3 17.5 26.0 80.0 100 100 20 408 0 142 0 400 401 399 0 0 0 60 50 AUTO_PARK 0 
b.1 2025-08-01 14:26:10.822 a 2025-08-01-14:26:01 033 193 315 0.3 2.8 5.9 16.3 25.6 734.7 0.00 0 0.0 17.6 24.1 24.4 3.627  -41.8   21.1    2.5  25    0.3  10 0 0 1 1 2 0 17.8 25.3 17.5 25.9 80.0 100 100 20 408 0 142 0 401 401 400 0 0 0 60 50 AUTO_PARK 0 
b.1 2025-08-01 14:27:09.364 a 2025-08-01-14:27:00 068 179 282 0.1 1.6 5.5 16.3 24.8 734.7 0.00 0 0.0 17.6 24.1 24.4 3.628  -42.5   21.1    2.3  25    0.3   5 0 0 1 1 2 0 17.8 25.3 17.5 25.9 80.0 100 100 20 408 0 142 0 401 401 400 0 0 0 60 50 AUTO_PARK 0 
b.1 2025-08-01 14:28:11.243 a 2025-08-01-14:28:02 055 192 226 0.3 1.9 4.3 16.3 24.6 734.8 0.00 0 0.0 17.7 24.1 24.5 3.634  -40.4   21.0    2.3  25    0.2   7 0 0 1 1 2 0 17.9 25.0 17.5 25.8 80.0 100 100 20 408 0 140 0 401 401 399 0 0 0 60 50 AUTO_PARK 0 
b.1 2025-08-01 14:29:08.901 a 2025-08-01-14:28:59 058 180 275 0.5 2.2 4.3 16.4 24.6 734.8 0.00 0 0.0 17.7 24.1 24.5 3.626  -41.2   21.1    2.3  25    0.2  12 0 0 1 1 2 0 17.9 24.8 17.6 25.6 80.0 100 100 20 408 0 142 0 401 402 399 0 0 0 60 50 AUTO_PARK 0 
b.1 2025-08-01 14:30:13.525 a 2025-08-01-14:30:04 054 183 253 0.2 1.8 4.6 16.4 24.6 734.8 0.00 0 0.0 17.8 24.1 24.4 3.627  -42.5   21.1    2.3  25    0.1   9 0 0 1 1 2 0 17.9 24.8 17.6 25.5 80.0 100 100 20 408 0 142 0 401 401 400 0 0 0 60 50 AUTO_PARK 0 
b.1 2025-08-01 14:31:11.279 a 2025-08-01-14:31:02 051 191 311 0.2 1.6 5.6 16.4 24.5 734.8 0.00 0 0.0 17.9 24.1 24.5 3.637  -40.9   21.1    2.2  25    0.1   9 0 0 1 1 2 0 17.9 24.8 17.6 25.3 80.0 100 100 20 408 0 142 0 401 401 400 0 0 0 59 50 AUTO_PARK 0 
b.1 2025-08-01 14:32:10.104 a 2025-08-01-14:32:00 029 180 313 0.2 1.7 5.4 16.4 24.5 734.8 0.00 0 0.0 17.9 24.1 24.4 3.627  -42.0   21.1    2.2  25    0.1   9 0 0 1 1 2 0 17.9 24.6 17.6 25.4 80.0 100 100 20 408 0 141 0 401 401 399 0 0 0 59 50 AUTO_PARK 0 
b.1 2025-08-01 14:33:10.184 a 2025-08-01-14:33:00 074 182 244 0.2 1.6 4.4 16.5 24.6 734.8 0.00 0 0.0 18.1 24.1 24.4 3.628  -41.1   21.2    2.2  25    0.2   9 0 0 1 1 2 0 17.9 24.5 17.7 25.2 80.0 100 100 20 408 0 141 0 401 401 400 0 0 0 59 50 AUTO_PARK 0 
b.1 2025-08-01 14:34:09.246 a 2025-08-01-14:34:00 000 196 043 0.1 1.2 4.6 16.5 24.6 734.8 0.00 0 0.0 18.3 24.1 24.5 3.627  -40.5   21.2    0.0  25    0.2   9 0 0 1 1 2 0 18.0 24.5 17.7 25.2 80.0 100 100 20 408 0 142 0 401 401 400 0 0 0 59 50 AUTO_PARK 0 
b.1 2025-08-01 14:35:12.289 a 2025-08-01-14:35:03 022 160 249 0.2 1.8 4.2 16.5 24.8 734.8 0.00 0 0.0 18.3 24.1 24.5 3.627  -42.2   21.2    2.2  25    0.2   5 0 0 1 1 2 0 18.0 24.5 17.7 25.1 80.0 100 100 20 408 0 143 0 401 401 399 0 0 0 59 50 AUTO_PARK 0 
b.1 2025-08-01 14:36:12.323 a 2025-08-01-14:36:03 088 178 279 0.4 1.8 3.5 16.5 24.5 734.8 0.00 0 0.0 18.3 24.1 24.5 3.626  -42.3   21.3    2.2  24    0.2   7 0 0 1 1 2 0 18.0 24.4 17.7 25.0 80.0 100 100 20 408 0 143 0 401 401 400 0 0 0 59 50 AUTO_PARK 0 
b.1 2025-08-01 14:37:11.285 a 2025-08-01-14:37:02 058 200 316 0.2 2.0 5.5 16.6 24.4 734.8 0.00 0 0.0 18.3 24.1 24.5 3.626  -41.0   21.3    2.2  24    0.2   8 0 0 1 1 2 0 18.0 24.4 17.7 25.0 80.0 100 100 20 408 0 142 0 402 401 400 0 0 0 60 50 AUTO_PARK 0 
b.1 2025-08-01 14:38:11.921 a 2025-08-01-14:38:02 259 189 318 0.3 2.4 4.8 16.6 24.7 734.8 0.00 0 0.0 18.3 24.1 24.5 3.633  -40.6   21.3    2.2  24    0.2   8 0 0 1 1 2 0 18.0 24.4 17.7 24.9 80.0 100 100 20 408 0 143 0 401 401 400 0 0 0 59 50 AUTO_PARK 0 
b.1 2025-08-01 14:39:11.825 a 2025-08-01-14:39:02 025 178 291 0.2 1.5 4.3 16.6 24.7 734.8 0.00 0 0.0 18.4 24.1 24.5 3.633  -41.4   21.3    2.2  24    0.2   9 0 0 1 1 2 0 18.0 24.4 17.7 25.0 80.0 100 100 20 408 0 143 0 401 401 400 0 0 0 59 50 AUTO_PARK 0 
b.1 2025-08-01 14:40:13.209 a 2025-08-01-14:40:03 099 181 279 0.2 1.3 4.3 16.6 24.7 734.8 0.00 0 0.0 18.6 24.1 24.5 3.633  -40.8   21.4    0.0  24    0.2   9 0 0 1 1 2 0 18.0 24.4 17.7 25.0 80.0 100 100 20 408 0 141 0 401 401 400 0 0 0 59 50 AUTO_PARK 0 
b.1 2025-08-01 14:41:10.266 a 2025-08-01-14:41:01 000 181 295 0.1 1.1 2.7 16.6 24.5 734.9 0.00 0 0.0 18.8 24.1 24.5 3.628  -40.2   21.4    0.0  24    0.3   5 0 0 1 1 2 0 18.0 24.3 17.7 24.9 80.0 100 100 20 408 0 142 0 401 401 400 0 0 0 59 50 AUTO_PARK 0 
b.1 2025-08-01 14:42:09.147 a 2025-08-01-14:41:59 110 200 305 0.3 1.5 3.6 16.7 24.2 734.9 0.00 0 0.0 18.8 24.1 24.5 3.627  -40.7   21.5    0.0  24    0.2   5 0 0 1 1 2 0 18.1 24.2 17.7 24.9 80.0 100 100 20 408 0 139 0 401 401 400 0 0 0 59 50 AUTO_PARK 0 
b.1 2025-08-01 14:43:09.684 a 2025-08-01-14:43:00 062 191 242 0.2 2.4 6.6 16.7 23.9 734.9 0.00 0 0.0 18.7 24.1 24.5 3.627  -42.5   21.5    2.2  24    0.2  12 0 0 1 1 2 0 18.1 24.1 17.8 24.8 80.0 100 100 20 408 0 141 0 401 401 400 0 0 0 60 50 AUTO_PARK 0 
b.1 2025-08-01 14:44:11.007 a 2025-08-01-14:44:01 021 203 242 0.2 2.9 6.4 16.7 23.8 734.9 0.00 0 0.0 18.5 24.1 24.4 3.628  -42.4   21.6    2.4  24    0.2  10 0 0 1 1 2 0 18.1 24.1 17.8 24.6 80.0 100 100 20 408 0 140 0 401 401 400 0 0 0 60 50 AUTO_PARK 0 
b.1 2025-08-01 14:45:13.542 a 2025-08-01-14:45:04 116 198 274 0.7 2.7 7.2 16.7 23.3 734.8 0.00 0 0.0 18.4 24.1 24.5 3.627  -42.0   21.6    2.5  24    0.1  10 0 0 1 1 2 0 18.1 24.0 17.8 24.5 80.0 100 100 20 408 0 141 0 401 401 400 0 0 0 59 50 AUTO_PARK 0 
b.1 2025-08-01 14:46:09.927 a 2025-08-01-14:46:00 057 193 304 0.1 2.7 6.2 16.6 23.1 734.8 0.00 0 0.0 18.3 24.1 24.5 3.627  -41.1   21.6    2.6  24    0.0  10 0 0 1 1 2 0 18.1 23.6 17.8 24.3 80.0 100 100 20 408 0 142 0 401 402 400 0 0 0 60 50 AUTO_PARK 0 
b.1 2025-08-01 14:47:08.744 a 2025-08-01-14:46:59 057 188 311 0.1 1.4 4.5 16.6 22.9 734.9 0.00 0 0.0 18.5 24.1 24.5 3.634  -40.9   21.6    2.3  24    0.0  10 0 0 1 1 2 0 18.1 23.4 17.9 24.0 80.0 100 100 20 408 0 141 0 401 402 400 0 0 0 60 50 AUTO_PARK 0 
b.1 2025-08-01 14:48:08.904 a 2025-08-01-14:47:59 059 184 311 0.2 2.2 6.4 16.6 23.6 734.9 0.00 0 0.0 18.4 24.1 24.5 3.627  -42.6   21.7    2.3  23   -0.1  10 0 0 1 1 2 0 18.1 23.5 17.8 24.0 80.0 100 100 20 408 0 142 0 400 401 399 0 0 0 60 50 AUTO_PARK 0 
b.1 2025-08-01 14:49:10.987 a 2025-08-01-14:49:01 068 192 296 0.1 1.4 4.6 16.6 22.6 734.9 0.00 0 0.0 18.7 24.1 24.5 3.627  -41.0   21.7    2.2  23   -0.2   5 0 0 1 1 2 0 18.1 23.4 17.8 24.0 80.0 100 100 20 408 0 142 0 401 401 400 0 0 0 59 50 AUTO_PARK 0 
b.1 2025-08-01 14:50:12.407 a 2025-08-01-14:50:03 061 191 299 0.2 1.5 4.1 16.6 22.6 734.9 0.00 0 0.0 18.9 24.1 24.5 3.634  -41.2   21.7    2.1  23   -0.2   5 0 0 1 1 2 0 18.2 23.2 17.9 23.8 80.0 100 100 20 408 0 142 0 402 401 400 0 0 0 59 50 AUTO_PARK 0 
b.1 2025-08-01 14:51:10.953 a 2025-08-01-14:51:01 076 193 302 0.2 2.0 6.2 16.7 22.4 734.9 0.00 0 0.0 18.9 24.1 24.5 3.627  -46.7   21.7    2.2  23   -0.2  11 0 0 1 1 2 0 18.2 23.1 17.9 23.6 80.0 100 100 20 408 0 142 0 401 401 400 0 0 0 59 50 AUTO_PARK 0 
b.1 2025-08-01 14:52:11.210 a 2025-08-01-14:52:02 081 191 307 0.3 2.0 4.6 16.7 21.1 734.9 0.00 0 0.0 18.9 24.1 24.5 3.628  -42.1   21.8    2.3  23   -0.3   8 0 0 1 1 2 0 18.2 23.0 17.9 23.1 80.0 100 100 20 408 0 142 0 401 401 400 0 0 0 59 50 AUTO_PARK 0 
b.1 2025-08-01 14:53:11.470 a 2025-08-01-14:53:02 097 192 125 0.2 1.4 4.5 16.8 21.3 734.9 0.00 0 0.0 19.1 24.1 24.5 3.635  -41.6   21.8    2.2  22   -0.5   8 0 0 1 1 2 0 18.2 22.4 17.9 23.1 80.0 100 100 20 408 0 142 0 401 401 399 0 0 0 60 50 AUTO_PARK 0 
b.1 2025-08-01 14:54:11.750 a 2025-08-01-14:54:02 072 178 279 0.5 2.1 4.4 16.8 20.9 734.9 0.00 0 0.0 19.1 24.1 24.5 3.627  -42.6   21.8    2.2  22   -0.6   8 0 0 1 1 2 0 18.2 22.1 17.9 22.9 80.0 100 99 20 408 0 143 0 401 401 400 0 0 0 59 50 AUTO_PARK 0 
b.1 2025-08-01 14:55:11.710 a 2025-08-01-14:55:02 065 185 242 0.3 1.7 4.8 16.8 19.8 735.0 0.00 0 0.0 19.2 24.1 24.4 3.628  -42.1   21.9    2.2  22   -0.9   8 0 0 1 1 2 0 18.2 21.8 17.9 22.5 80.0 100 100 20 408 0 143 0 401 401 400 0 0 0 60 50 AUTO_PARK 0 
b.1 2025-08-01 14:56:11.092 a 2025-08-01-14:56:01 253 174 301 0.2 2.0 4.2 16.9 20.7 735.0 0.00 0 0.0 19.2 24.1 24.4 3.628  -42.1   21.9    2.2  22   -1.0   8 0 0 1 1 2 0 18.2 21.6 17.9 22.4 80.0 100 100 20 408 0 143 0 400 401 399 0 0 0 60 50 AUTO_PARK 0 
b.1 2025-08-01 14:57:09.232 a 2025-08-01-14:57:00 072 184 304 0.4 2.1 4.9 16.9 19.1 735.0 0.00 0 0.0 19.2 24.1 24.5 3.627  -44.2   21.9    2.3  21   -1.2   8 0 0 1 1 2 0 18.2 21.7 17.9 21.9 80.0 100 100 20 408 0 143 0 401 401 399 0 0 0 60 50 AUTO_PARK 0 
b.1 2025-08-01 14:58:10.507 a 2025-08-01-14:58:01 030 186 245 0.2 1.7 3.8 16.9 19.7 735.0 0.00 0 0.0 19.2 24.1 24.4 3.626  -42.7   21.9    2.2  21   -1.3   8 0 0 1 1 2 0 18.3 21.5 17.9 21.9 80.0 100 100 20 408 0 143 0 401 401 399 0 0 0 60 50 AUTO_PARK 0 
b.1 2025-08-01 14:59:09.890 a 2025-08-01-14:59:00 318 017 356 0.2 2.1 8.2 16.9 19.4 735.0 0.00 0 0.0 19.3 24.1 24.4 3.628  -43.3   21.9    2.2  21   -1.4   8 0 0 1 1 2 0 18.3 21.4 18.0 21.9 80.0 100 100 20 408 0 142 0 401 401 400 0 0 0 60 50 AUTO_PARK 0 
b.1 2025-08-01 15:00:12.048 a 2025-08-01-15:00:02 231 195 261 0.1 1.7 3.8 17.0 18.5 735.0 0.00 0 0.0 19.4 24.1 24.5 3.627  -42.1   21.9    2.2  21   -1.4   8 0 0 1 1 2 0 18.3 20.6 18.0 21.5 80.0 100 100 20 408 0 142 0 401 401 399 0 0 0 59 50 WAIT_ACK 0 
b.1 2025-08-01 15:01:11.007 a 2025-08-01-15:01:01 068 185 245 0.1 1.4 4.7 17.0 19.2 735.0 0.00 0 0.0 19.6 24.1 24.5 3.628  -41.6   22.0    0.0  21   -1.4   8 0 0 1 1 2 0 18.3 20.6 18.0 21.2 80.0 100 100 20 408 0 143 0 402 401 400 0 0 0 59 50 WAIT_ACK 0 
b.1 2025-08-01 15:02:08.490 a 2025-08-01-15:01:59 098 186 293 0.2 1.9 6.2 17.0 18.3 735.0 0.00 0 0.0 19.6 24.1 24.5 3.627  -42.0   22.0    2.2  21   -1.5   8 0 0 1 1 2 0 18.3 20.6 18.0 21.0 80.0 100 100 20 408 0 143 0 401 401 399 0 0 0 59 50 WAIT_ACK 0 
b.1 2025-08-01 15:03:10.328 a 2025-08-01-15:03:01 090 189 314 0.1 1.9 5.0 17.0 18.0 735.0 0.00 0 0.0 19.7 24.1 24.5 3.628  -41.9   22.1    2.2  20   -1.6   5 0 0 1 1 2 0 18.4 20.7 18.1 21.2 80.0 100 100 20 408 0 143 0 401 401 400 0 0 0 59 50 WAIT_ACK 0 
b.1 2025-08-01 15:04:09.890 a 2025-08-01-15:04:00 112 190 234 0.5 2.3 5.3 17.1 18.9 735.0 0.00 0 0.0 19.7 24.1 24.5 3.626  -43.6   22.1    2.2  21   -1.5  10 0 0 1 1 2 0 18.4 20.1 18.1 20.7 80.0 100 100 20 408 0 143 0 401 401 400 0 0 0 59 50 WAIT_ACK 0 
b.1 2025-08-01 15:05:11.730 a 2025-08-01-15:05:02 222 199 292 0.1 2.4 6.3 17.0 17.5 735.1 0.00 0 0.0 19.4 24.1 24.5 3.626  -42.0   22.2    2.3  20   -1.6  10 0 0 1 1 2 0 18.4 20.2 18.1 20.7 80.0 100 100 20 408 0 142 0 401 401 400 0 0 0 59 50 WAIT_ACK 0 
b.1 2025-08-01 15:06:10.470 a 2025-08-01-15:06:01 117 189 290 0.2 1.7 4.3 17.0 16.9 735.0 0.00 0 0.0 19.7 24.1 24.5 3.632  -43.3   22.3    2.2  20   -1.5  10 0 0 1 1 2 0 18.4 19.6 18.1 20.3 80.0 100 100 20 408 0 143 0 401 401 399 0 0 0 59 50 WAIT_ACK 0 
b.1 2025-08-01 15:07:09.295 a 2025-08-01-15:07:00 066 187 325 0.1 1.9 5.3 17.1 16.6 735.1 0.00 0 0.0 19.9 24.1 24.5 3.627  -42.3   22.3    2.2  20   -1.8   5 0 0 1 1 2 0 18.4 19.3 18.1 19.8 80.0 100 100 20 408 0 143 0 401 402 399 0 0 0 60 50 WAIT_ACK 0 
b.1 2025-08-01 15:08:06.496 a 2025-08-01-15:07:57 025 191 355 0.1 2.5 5.2 17.1 16.2 735.1 0.00 0 0.0 19.9 24.1 24.4 3.633  -45.6   22.4    2.3  20   -1.8   9 0 0 1 1 2 0 18.4 19.2 18.1 19.4 80.0 100 100 20 408 0 143 0 401 401 399 0 0 0 59 50 WAIT_ACK 0 
b.1 2025-08-01 15:09:09.395 a 2025-08-01-15:09:00 013 174 332 0.2 1.5 3.5 17.1 16.4 735.1 0.00 0 0.0 20.0 24.1 24.5 3.633  -42.6   22.4    2.2  19   -2.0   7 0 0 1 1 2 0 18.5 18.6 18.1 19.0 80.0 100 100 20 408 0 143 0 400 401 399 0 0 0 59 50 WAIT_ACK 0 
b.1 2025-08-01 15:10:11.311 a 2025-08-01-15:10:02 244 190 337 0.2 1.9 5.0 17.2 18.2 735.1 0.00 0 0.0 20.1 24.1 24.4 3.633  -42.9   22.5    2.2  19   -2.0   8 0 0 1 1 2 0 18.5 18.5 18.1 19.1 80.0 100 100 20 408 0 143 0 401 402 399 0 0 0 59 50 WAIT_ACK 0 
b.1 2025-08-01 15:11:10.730 a 2025-08-01-15:11:01 071 201 248 0.2 2.1 6.2 17.2 18.2 735.1 0.00 0 0.0 20.1 24.1 24.5 3.627  -43.1   22.6    2.3  20   -1.8   8 0 0 1 1 2 0 18.5 19.0 18.2 19.2 80.0 100 100 20 408 0 143 0 401 401 400 0 0 0 60 50 WAIT_ACK 0 
b.1 2025-08-01 15:12:12.490 a 2025-08-01-15:12:03 240 185 291 0.0 1.2 4.6 17.2 17.0 735.1 0.00 0 0.0 20.4 24.1 24.5 3.629  -42.1   22.6    0.0  19   -1.8   8 0 0 1 1 2 0 18.5 18.7 18.2 19.3 80.0 100 100 20 408 0 143 0 401 402 399 0 0 0 60 50 WAIT_ACK 0 
b.1 2025-08-01 15:13:08.651 a 2025-08-01-15:12:59 086 197 280 0.1 2.7 6.5 17.2 18.0 735.2 0.00 0 0.0 20.2 24.1 24.5 3.627  -44.0   22.6    2.3  19   -1.9   8 0 0 1 1 2 0 18.6 18.9 18.2 19.1 80.0 100 100 20 408 0 143 0 401 401 400 0 0 0 59 50 WAIT_ACK 0 
b.1 2025-08-01 15:14:11.552 a 2025-08-01-15:14:02 055 176 289 0.3 2.1 6.5 17.2 17.7 735.2 0.00 0 0.0 20.3 24.1 24.4 3.627  -41.9   22.7    2.3  19   -1.8   8 0 0 1 1 2 0 18.6 18.9 18.2 19.3 80.0 100 100 20 408 0 143 0 401 401 400 0 0 0 60 50 WAIT_ACK 0 
b.1 2025-08-01 15:15:11.713 a 2025-08-01-15:15:02 030 174 278 0.1 1.6 5.2 17.2 18.8 735.2 0.00 0 0.0 20.5 24.1 24.5 3.627  -43.1   22.7    2.2  19   -2.0   8 0 0 1 1 2 0 18.6 19.3 18.3 19.4 80.0 100 100 20 408 0 143 0 401 401 400 0 0 0 60 50 WAIT_ACK 0 
b.1 2025-08-01 15:16:09.895 a 2025-08-01-15:16:00 071 183 281 0.2 1.9 5.5 17.3 18.0 735.2 0.00 0 0.0 20.5 24.1 24.5 3.626  -43.9   22.7    2.3  19   -2.0   8 0 0 1 1 2 0 18.6 18.9 18.3 19.3 80.0 100 100 20 408 0 143 0 401 401 399 0 0 0 59 50 WAIT_ACK 0 
b.1 2025-08-01 15:17:10.674 a 2025-08-01-15:17:01 243 200 306 0.1 1.9 6.4 17.3 18.2 735.2 0.00 0 0.0 20.6 24.1 24.5 3.627  -46.8   22.7    2.3  19   -1.9   5 0 0 1 1 2 0 18.7 19.4 18.3 19.4 80.0 100 100 20 408 0 143 0 401 401 399 0 0 0 60 50 WAIT_ACK 0 
b.1 2025-08-01 15:18:10.651 a 2025-08-01-15:18:01 029 192 206 0.1 2.0 4.6 17.3 18.2 735.2 0.00 0 0.0 20.7 24.1 24.5 3.627  -45.2   22.7    2.3  19   -1.8   6 0 0 1 1 2 0 18.7 19.3 18.4 19.6 80.0 100 100 20 408 0 143 0 401 401 399 0 0 0 59 50 WAIT_ACK 0 
b.1 2025-08-01 15:19:12.736 a 2025-08-01-15:19:03 076 192 244 0.2 2.6 7.2 17.4 17.6 735.2 0.00 0 0.0 20.5 24.1 24.5 3.626  -43.5   22.7    2.4  19   -2.1  13 0 0 1 1 2 0 18.7 19.1 18.3 18.6 80.0 100 100 20 408 0 143 0 401 401 399 0 0 0 60 50 WAIT_ACK 0 
b.1 2025-08-01 15:20:11.973 a 2025-08-01-15:20:02 041 184 236 0.3 2.1 4.7 17.4 17.1 735.2 0.00 0 0.0 20.6 24.1 24.5 3.627  -43.2   22.7    2.4  19   -2.1  10 0 0 1 1 2 0 18.7 18.9 18.4 19.1 80.0 100 100 20 408 0 143 0 401 401 400 0 0 0 59 50 WAIT_ACK 0 
b.1 2025-08-01 15:21:13.012 a 2025-08-01-15:21:03 072 178 262 0.2 1.5 4.3 17.4 19.6 735.3 0.00 0 0.0 20.8 24.1 24.4 3.626  -41.9   22.8    2.2  19   -1.8   5 0 0 1 1 2 0 18.7 19.4 18.4 19.3 80.0 100 100 20 408 0 143 0 400 402 399 0 0 0 60 50 WAIT_ACK 0 
b.1 2025-08-01 15:22:10.072 a 2025-08-01-15:22:00 060 208 298 0.2 2.2 6.2 17.4 20.1 735.2 0.00 0 0.0 20.8 24.1 24.5 3.633  -43.0   22.8    2.2  20   -1.6   5 0 0 1 1 2 0 18.8 19.4 18.4 19.7 80.0 100 100 20 408 0 143 0 401 401 400 0 0 0 59 50 WAIT_ACK 0 
b.1 2025-08-01 15:23:10.193 a 2025-08-01-15:23:00 098 206 348 0.2 2.2 4.4 17.4 19.3 735.2 0.00 0 0.0 20.9 24.1 24.5 3.626  -43.2   22.8    2.3  20   -1.5   8 0 0 1 1 2 0 18.8 19.4 18.4 19.8 80.0 100 100 20 408 0 143 0 401 401 399 0 0 0 59 50 WAIT_ACK 0 
b.1 2025-08-01 15:24:09.497 a 2025-08-01-15:24:00 132 206 284 0.3 2.7 7.5 17.4 20.6 735.2 0.00 0 0.0 20.7 24.1 24.4 3.626  -43.6   22.9    2.4  20   -1.3   8 0 0 1 1 2 0 18.8 19.5 18.5 20.0 80.0 100 100 20 408 0 143 0 401 401 399 0 0 0 59 50 WAIT_ACK 0 
b.1 2025-08-01 15:25:12.532 a 2025-08-01-15:25:03 063 179 228 0.2 2.2 5.4 17.4 20.2 735.2 0.00 0 0.0 20.8 24.1 24.4 3.631  -41.9   22.9    2.4  20   -1.3   8 0 0 1 1 2 0 18.8 20.1 18.5 20.5 80.0 100 100 20 408 0 143 0 402 401 400 0 0 0 60 50 WAIT_ACK 0 
b.1 2025-08-01 15:26:13.711 a 2025-08-01-15:26:04 050 198 277 0.3 1.5 4.2 17.5 21.0 735.3 0.00 0 0.0 21.2 24.1 24.5 3.627  -43.1   22.9    2.2  20   -1.1   8 0 0 1 1 2 0 18.8 20.0 18.5 20.5 80.0 100 100 20 408 0 143 0 401 401 399 0 0 0 60 50 WAIT_ACK 0 
b.1 2025-08-01 15:27:12.177 a 2025-08-01-15:27:02 044 181 309 0.2 1.9 6.3 17.5 20.6 735.3 0.00 0 0.0 21.4 24.1 24.4 3.626  -44.4   22.9    2.2  20   -1.1   8 0 0 1 1 2 0 18.9 20.6 18.5 20.8 80.0 100 100 20 408 0 143 0 401 402 400 0 0 0 60 50 WAIT_ACK 0 
b.1 2025-08-01 15:28:12.036 a 2025-08-01-15:28:02 005 181 255 0.3 2.8 8.6 17.6 19.5 735.2 0.00 0 0.0 21.1 24.1 24.5 3.632  -43.5   23.0    2.4  20   -1.1   8 0 0 1 1 2 0 18.9 21.2 18.5 21.1 80.0 100 100 20 408 0 143 0 401 401 399 0 0 0 60 50 WAIT_ACK 0 
b.1 2025-08-01 15:29:10.578 a 2025-08-01-15:29:01 053 181 289 0.2 1.4 3.8 17.6 19.5 735.2 0.00 0 0.0 21.4 24.1 24.5 3.629  -43.1   23.0    2.2  20   -1.2   8 0 0 1 1 2 0 18.9 20.6 18.5 21.0 80.0 100 100 20 408 0 143 0 401 401 400 0 0 0 59 50 WAIT_ACK 0 
b.1 2025-08-01 15:30:14.174 a 2025-08-01-15:30:04 251 181 000 0.1 1.8 4.5 17.7 20.8 735.3 0.00 0 0.0 21.7 24.1 24.4 3.626  -44.5   23.0    2.2  20   -1.0   5 0 0 1 1 2 0 18.9 20.7 18.5 21.0 80.0 100 100 20 408 0 143 0 401 401 400 0 0 0 60 50 WAIT_ACK 0 
b.1 2025-08-01 15:31:07.936 a 2025-08-01-15:30:58 086 167 242 0.2 2.9 7.8 17.7 20.6 735.2 0.00 0 0.0 21.5 24.1 24.5 3.627  -45.8   23.1    2.4  20   -0.9  12 0 0 1 1 2 0 18.9 20.6 18.6 21.2 80.0 100 100 20 408 0 143 0 400 401 399 0 0 0 60 50 WAIT_ACK 0 
b.1 2025-08-01 15:32:10.496 a 2025-08-01-15:32:01 137 177 355 0.2 2.4 5.6 17.7 20.2 735.3 0.00 0 0.0 21.4 24.1 24.5 3.627  -42.7   23.1    2.4  20   -0.9   9 0 0 1 1 2 0 18.9 21.1 18.6 21.4 80.0 100 100 20 408 0 143 0 401 401 400 0 0 0 60 50 WAIT_ACK 0 
b.1 2025-08-01 15:33:07.040 a 2025-08-01-15:32:57 264 176 272 0.2 1.7 4.6 17.7 19.7 735.3 0.00 0 0.0 21.6 24.1 24.5 3.627  -44.2   23.1    2.3  20   -1.0   9 0 0 1 1 2 0 18.9 21.2 18.6 21.3 80.0 100 100 20 408 0 143 0 401 401 399 0 0 0 60 50 WAIT_ACK 0 
b.1 2025-08-01 15:34:11.677 a 2025-08-01-15:34:02 309 170 341 0.1 1.2 3.7 17.7 19.4 735.3 0.00 0 0.0 22.0 24.1 24.5 3.626  -42.1   23.1    2.1  20   -1.1   5 0 0 1 1 2 0 18.9 20.7 18.6 21.3 80.0 100 100 20 408 0 143 0 401 401 399 0 0 0 60 50 WAIT_ACK 0 
b.1 2025-08-01 15:35:13.374 a 2025-08-01-15:35:04 077 182 276 0.1 1.8 4.2 17.7 19.5 735.2 0.00 0 0.0 22.2 24.1 24.5 3.627  -41.7   23.1    2.1  20   -1.1   5 0 0 1 1 2 0 19.0 20.7 18.6 21.1 80.0 100 100 20 408 0 143 0 401 401 400 0 0 0 59 50 WAIT_ACK 0 
b.1 2025-08-01 15:36:10.055 a 2025-08-01-15:36:00 324 193 350 0.2 1.8 4.5 17.8 19.6 735.2 0.00 0 0.0 22.3 24.1 24.4 3.627  -46.2   23.2    2.2  20   -1.0   9 0 0 1 1 2 0 19.0 20.5 18.7 21.1 80.0 100 100 20 408 0 143 0 401 401 399 0 0 0 60 50 WAIT_ACK 0 
b.1 2025-08-01 15:37:12.378 a 2025-08-01-15:37:03 062 177 235 0.1 1.7 5.2 17.9 19.0 735.2 0.00 0 0.0 22.4 24.1 24.5 3.627  -42.6   23.2    2.2  20   -1.1   7 0 0 1 1 2 0 19.0 20.4 18.7 20.8 80.0 100 100 20 408 0 143 0 401 401 399 0 0 0 60 50 WAIT_ACK 0 
b.1 2025-08-01 15:38:11.138 a 2025-08-01-15:38:01 002 182 290 0.2 1.7 5.0 17.9 20.4 735.2 0.00 0 0.0 22.5 24.1 24.4 3.627  -42.2   23.3    2.2  20   -1.0   7 0 0 1 1 2 0 19.0 20.6 18.7 20.7 80.0 100 100 20 408 0 143 0 401 401 400 0 0 0 59 50 WAIT_ACK 0 
b.1 2025-08-01 15:39:11.259 a 2025-08-01-15:39:02 270 185 314 0.1 1.6 4.3 18.0 21.6 735.3 0.00 0 0.0 22.6 24.1 24.5 3.626  -42.8   23.3    2.1  20   -0.6   7 0 0 1 1 2 0 19.1 20.9 18.8 21.1 80.0 100 100 20 408 0 143 0 401 401 399 0 0 0 59 50 WAIT_ACK 0 
b.1 2025-08-01 15:40:12.315 a 2025-08-01-15:40:03 096 191 293 0.3 2.3 5.7 17.9 21.2 735.2 0.00 0 0.0 22.2 24.1 24.4 3.626  -43.0   23.4    2.2  20   -0.5   7 0 0 1 1 2 0 19.1 20.9 18.8 21.3 80.0 100 100 20 408 0 143 0 401 401 399 0 0 0 60 50 WAIT_ACK 0 
b.1 2025-08-01 15:41:09.424 a 2025-08-01-15:41:00 035 197 297 0.1 2.3 6.0 17.9 20.8 735.3 0.00 0 0.0 22.3 24.1 24.4 3.633  -45.2   23.4    2.3  21   -0.5   7 0 0 1 1 2 0 19.1 21.1 18.8 21.5 80.0 100 100 20 408 0 143 0 402 401 400 0 0 0 59 50 WAIT_ACK 0 
b.1 2025-08-01 15:42:10.038 a 2025-08-01-15:42:00 106 204 273 0.3 2.7 6.9 17.9 20.8 735.3 0.00 0 0.0 21.9 24.1 24.5 3.633  -43.6   23.4    2.5  20   -0.6   7 0 0 1 1 2 0 19.2 21.0 18.8 21.5 80.0 100 100 20 408 0 143 0 401 401 400 0 0 0 60 50 WAIT_ACK 0 
b.1 2025-08-01 15:43:09.559 a 2025-08-01-15:43:00 124 206 278 0.3 4.4 8.6 17.9 20.8 735.2 0.00 0 0.0 21.1 24.1 24.4 3.626  -47.4   23.4    3.4  21   -0.4  10 0 0 1 1 2 0 19.2 21.3 18.8 21.9 80.0 100 100 20 408 0 143 0 401 401 400 0 0 0 60 50 WAIT_ACK 0 
b.1 2025-08-01 15:44:10.581 a 2025-08-01-15:44:01 150 203 280 1.0 4.4 7.1 17.8 22.3 735.2 0.00 0 0.0 20.5 24.1 24.5 3.635  -47.2   23.4    4.9  21   -0.3  12 0 0 1 1 2 0 19.2 21.5 18.9 22.1 80.0 100 100 20 408 0 143 0 400 401 399 0 0 0 60 50 WAIT_ACK 0 
b.1 2025-08-01 15:45:12.596 a 2025-08-01-15:45:03 051 213 295 0.2 2.2 7.4 17.6 21.6 735.2 0.00 0 0.0 20.9 24.1 24.5 3.627  -48.0   23.4    3.3  21   -0.4  12 0 0 1 1 2 0 19.2 22.0 18.9 22.4 80.0 100 100 20 408 0 143 0 401 401 400 0 0 0 59 50 WAIT_ACK 0 
b.1 2025-08-01 15:46:12.979 a 2025-08-01-15:46:03 049 203 327 0.3 3.6 9.2 17.5 21.0 735.2 0.00 0 0.0 20.8 24.1 24.4 3.628  -43.7   23.4    3.6  21   -0.2   5 0 0 1 1 2 0 19.2 21.6 18.9 22.1 80.0 100 100 20 408 0 143 0 401 401 399 0 0 0 59 50 WAIT_ACK 0 
b.1 2025-08-01 15:47:10.039 a 2025-08-01-15:47:00 062 204 279 0.2 3.6 7.4 17.5 22.9 735.2 0.00 0 0.0 20.8 24.1 24.4 3.626  -45.3   23.4    3.8  21   -0.1   9 0 0 1 1 2 0 19.2 21.8 18.9 22.8 80.0 100 100 20 408 0 143 0 401 401 400 0 0 0 59 50 WAIT_ACK 0 
b.1 2025-08-01 15:48:10.559 a 2025-08-01-15:48:01 122 203 280 0.5 3.4 7.4 17.5 23.0 735.2 0.00 0 0.0 20.8 24.1 24.4 3.627  -44.0   23.4    3.8  21    0.0  10 0 0 1 1 2 0 19.2 22.6 19.0 23.0 80.0 100 100 20 408 0 143 0 401 401 400 0 0 0 59 50 WAIT_ACK 0 
b.1 2025-08-01 15:49:11.198 a 2025-08-01-15:49:01 059 189 279 0.2 2.3 6.8 17.5 23.1 735.2 0.00 0 0.0 21.2 24.1 24.5 3.626  -47.1   23.3    3.0  21    0.1  10 0 0 1 1 2 0 19.2 22.5 19.0 22.7 80.0 100 100 20 408 0 143 0 401 401 400 0 0 0 59 50 WAIT_ACK 0 
b.1 2025-08-01 15:50:10.660 a 2025-08-01-15:50:01 072 179 243 0.1 2.3 6.3 17.5 22.5 735.2 0.00 0 0.0 21.4 24.1 24.4 3.626  -43.5   23.3    2.9  21   -0.1  10 0 0 1 1 2 0 19.2 22.7 19.0 22.9 80.0 100 100 20 408 0 143 0 401 401 399 0 0 0 60 50 WAIT_ACK 0 
b.1 2025-08-01 15:51:12.325 a 2025-08-01-15:51:03 040 191 297 0.1 2.3 6.9 17.6 21.1 735.2 0.00 0 0.0 21.7 24.1 24.5 3.627  -42.4   23.3    2.5  21   -0.3   5 0 0 1 1 2 0 19.2 22.7 19.0 23.1 80.0 100 100 20 408 0 143 0 401 401 400 0 0 0 59 50 WAIT_ACK 0 
b.1 2025-08-01 15:52:07.703 a 2025-08-01-15:51:58 130 205 235 0.3 5.2 9.1 17.6 22.7 735.3 0.00 0 0.0 21.0 24.1 24.5 3.626  -43.3   23.3    4.2  21   -0.1  12 0 0 1 1 2 0 19.2 22.9 19.0 23.1 80.0 100 100 20 408 0 143 0 401 402 399 0 0 0 60 50 WAIT_ACK 0 
b.1 2025-08-01 15:53:08.984 a 2025-08-01-15:52:59 073 200 319 0.2 3.4 8.3 17.6 22.6 735.3 0.00 0 0.0 20.9 24.1 24.5 3.626  -43.1   23.3    3.7  21   -0.1  11 0 0 1 1 2 0 19.3 23.3 19.0 23.9 80.0 100 100 20 408 0 143 0 401 401 399 0 0 0 60 50 WAIT_ACK 0 
b.1 2025-08-01 15:54:08.680 a 2025-08-01-15:53:59 056 198 235 0.6 2.8 6.8 17.5 21.8 735.3 0.00 0 0.0 21.2 24.1 24.5 3.626  -53.2   23.2    3.1  21   -0.2  11 0 0 1 1 2 0 19.3 23.0 19.0 23.1 80.0 100 100 20 408 0 143 0 401 401 400 0 0 0 60 50 WAIT_ACK 0 
b.1 2025-08-01 15:55:11.578 a 2025-08-01-15:55:02 126 204 247 0.9 3.2 8.0 17.5 21.5 735.3 0.00 0 0.0 21.2 24.1 24.4 3.627  -45.2   23.2    3.3  21   -0.2   5 0 0 1 1 2 0 19.3 23.1 19.0 23.3 80.0 100 100 20 408 0 143 0 401 401 399 0 0 0 60 50 WAIT_ACK 0 
b.1 2025-08-01 15:56:12.161 a 2025-08-01-15:56:02 106 193 238 0.7 3.0 6.2 17.5 21.6 735.2 0.00 0 0.0 21.2 24.1 24.5 3.626  -42.9   23.2    3.2  21   -0.2   8 0 0 1 1 2 0 19.3 23.2 19.0 23.6 80.0 100 100 20 408 0 143 0 401 401 400 0 0 0 59 50 WAIT_ACK 0 
b.1 2025-08-01 15:57:10.463 a 2025-08-01-15:57:01 017 190 266 0.1 2.1 6.0 17.5 22.0 735.3 0.00 0 0.0 21.7 24.1 24.4 3.627  -43.4   23.2    2.8  21   -0.2   8 0 0 1 1 2 0 19.3 22.7 19.0 23.0 80.0 100 100 20 408 0 143 0 401 401 400 0 0 0 60 50 WAIT_ACK 0 
b.1 2025-08-01 15:58:10.121 a 2025-08-01-15:58:00 042 193 308 0.2 3.1 7.6 17.6 20.8 735.3 0.00 0 0.0 21.5 24.1 24.4 3.627  -42.7   23.2    3.0  21   -0.3   9 0 0 1 1 2 0 19.3 22.8 19.1 22.9 80.0 100 100 20 408 0 143 0 401 401 400 0 0 0 59 50 WAIT_ACK 0 
b.1 2025-08-01 15:59:10.625 a 2025-08-01-15:59:01 073 197 242 0.6 3.8 8.4 17.6 22.1 735.3 0.00 0 0.0 21.4 24.1 24.5 3.627  -47.6   23.3    3.7  21   -0.2  14 0 0 1 1 2 0 19.3 22.3 19.1 22.7 80.0 100 100 20 408 0 143 0 400 401 399 0 0 0 59 50 WAIT_ACK 0 
b.1 2025-08-01 16:00:15.259 a 2025-08-01-16:00:06 101 194 314 0.4 2.5 6.1 17.6 22.1 735.2 0.00 0 0.0 21.6 24.1 24.5 3.628  -44.2   23.3    3.0  21   -0.1  10 0 0 1 1 2 0 19.3 22.9 19.1 22.9 80.0 100 100 20 408 0 143 0 401 401 399 0 0 0 59 50 WAIT_ACK 0 
b.1 2025-08-01 16:01:12.220 a 2025-08-01-16:01:02 124 205 240 0.6 3.6 7.1 17.7 21.6 735.3 0.00 0 0.0 21.6 24.1 24.5 3.626  -43.5   23.3    3.7  21   -0.1  10 0 0 1 1 2 0 19.3 22.6 19.1 22.7 80.0 100 100 20 408 0 143 0 400 401 399 0 0 0 60 50 WAIT_ACK 0 
b.1 2025-08-01 16:02:12.180 a 2025-08-01-16:02:02 124 204 235 0.9 5.2 8.9 17.7 21.7 735.3 0.00 0 0.0 21.0 24.1 24.5 3.627  -47.7   23.4    5.5  21    0.0  10 0 0 1 1 2 0 19.3 22.8 19.1 23.2 80.0 100 100 20 408 0 143 0 401 401 400 0 0 0 60 50 WAIT_ACK 0 
b.1 2025-08-01 16:03:11.779 a 2025-08-01-16:03:02 091 203 303 0.3 3.4 7.7 17.6 21.0 735.3 0.00 0 0.0 21.0 24.1 24.5 3.633  -45.5   23.4    4.4  21   -0.1  10 0 0 1 1 2 0 19.3 22.5 19.2 23.0 80.0 100 100 20 408 0 143 0 401 401 400 0 0 0 60 50 WAIT_ACK 0 
b.1 2025-08-01 16:04:09.765 a 2025-08-01-16:04:00 077 195 302 0.2 2.1 6.9 17.7 19.9 735.3 0.00 0 0.0 21.7 24.1 24.5 3.626  -44.7   23.4    3.2  21   -0.2   5 0 0 1 1 2 0 19.3 22.3 19.2 22.6 80.0 100 100 20 408 0 143 0 401 401 400 0 0 0 59 50 WAIT_ACK 0 
b.1 2025-08-01 16:05:12.203 a 2025-08-01-16:05:02 029 199 272 0.2 2.1 6.8 17.8 19.9 735.3 0.00 0 0.0 22.2 24.1 24.4 3.626  -43.8   23.5    2.7  21   -0.3   5 0 0 1 1 2 0 19.3 22.2 19.2 22.6 80.0 100 100 20 408 0 143 0 401 401 400 0 0 0 59 50 WAIT_ACK 0 
b.1 2025-08-01 16:06:09.404 a 2025-08-01-16:06:00 083 173 326 0.2 1.4 4.2 17.9 19.5 735.3 0.00 0 0.0 22.8 24.1 24.4 3.626  -41.8   23.5    2.3  20   -0.5   6 0 0 1 1 2 0 19.3 21.9 19.2 21.9 80.0 100 100 20 408 0 143 0 401 402 399 0 0 0 59 50 WAIT_ACK 0 
b.1 2025-08-01 16:07:09.947 a 2025-08-01-16:07:00 050 201 285 0.1 2.1 7.2 18.0 19.2 735.3 0.00 0 0.0 23.1 24.1 24.5 3.626  -42.3   23.6    2.3  20   -0.5   7 0 0 1 1 2 0 19.4 21.5 19.2 21.6 80.0 100 100 20 408 0 143 0 401 402 399 0 0 0 60 50 WAIT_ACK 0 
b.1 2025-08-01 16:08:10.987 a 2025-08-01-16:08:01 242 166 302 0.1 1.9 5.3 18.1 19.6 735.3 0.00 0 0.0 23.5 24.1 24.5 3.627  -43.6   23.7    2.3  20   -0.5   7 0 0 1 1 2 0 19.4 21.6 19.3 21.7 80.0 100 100 20 408 0 143 0 401 401 400 0 0 0 60 50 WAIT_ACK 0 
b.1 2025-08-01 16:09:08.224 a 2025-08-01-16:08:58 079 201 299 0.2 1.9 5.4 18.2 20.4 735.3 0.00 0 0.0 23.7 24.1 24.5 3.627  -47.1   23.8    2.3  20   -0.3   7 0 0 1 1 2 0 19.4 21.8 19.3 21.9 80.0 100 100 20 408 0 143 0 401 402 400 0 0 0 60 50 WAIT_ACK 0 
b.1 2025-08-01 16:10:12.487 a 2025-08-01-16:10:03 124 207 238 0.4 3.4 6.5 18.3 19.7 735.3 0.00 0 0.0 23.2 24.1 24.5 3.626  -46.4   23.8    2.7  20   -0.3   7 0 0 1 1 2 0 19.5 21.6 19.3 21.7 80.0 100 100 20 408 0 143 0 401 401 400 0 0 0 59 50 WAIT_ACK 0 
b.1 2025-08-01 16:11:11.368 a 2025-08-01-16:11:02 248 166 270 0.1 1.9 5.7 18.3 19.2 735.3 0.00 0 0.0 23.5 24.1 24.5 3.626  -44.9   23.9    2.4  20   -0.4   7 0 0 1 1 2 0 19.5 21.8 19.4 21.6 80.0 100 100 20 408 0 143 0 401 401 400 0 0 0 60 50 WAIT_ACK 0 
b.1 2025-08-01 16:12:10.325 a 2025-08-01-16:12:01 085 197 340 0.2 2.3 6.1 18.3 18.9 735.3 0.00 0 0.0 23.5 24.1 24.5 3.626  -45.5   23.9    2.4  20   -0.5   7 0 0 1 1 2 0 19.5 21.8 19.3 21.8 80.0 100 100 20 408 0 143 0 401 402 399 0 0 0 60 50 WAIT_ACK 0 
b.1 2025-08-01 16:13:12.028 a 2025-08-01-16:13:02 112 187 240 0.5 2.2 5.6 18.3 17.8 735.3 0.00 0 0.0 23.5 24.1 24.4 3.626  -45.4   23.9    2.4  20   -0.5   7 0 0 1 1 2 0 19.6 21.0 19.3 21.6 80.0 100 100 20 408 0 143 0 402 401 400 0 0 0 59 50 WAIT_ACK 0 
b.1 2025-08-01 16:14:09.049 a 2025-08-01-16:13:59 032 184 288 0.2 2.3 7.0 18.3 17.8 735.3 0.00 0 0.0 23.7 24.1 24.4 3.627  -47.0   24.0    2.4  19   -0.7   7 0 0 1 1 2 0 19.6 21.0 19.4 21.2 80.0 100 100 20 408 0 143 0 401 402 399 0 0 0 59 50 WAIT_ACK 0 
b.1 2025-08-01 16:15:12.505 a 2025-08-01-16:15:03 073 197 329 0.1 1.9 6.2 18.3 18.5 735.4 0.00 0 0.0 23.7 24.1 24.4 3.633  -44.8   24.0    2.4  19   -0.8   7 0 0 1 1 2 0 19.6 20.6 19.4 20.9 80.0 100 100 20 408 0 143 0 401 401 400 0 0 0 60 50 WAIT_ACK 0 
b.1 2025-08-01 16:16:12.805 a 2025-08-01-16:16:03 007 187 296 0.2 1.7 4.6 18.3 18.6 735.4 0.00 0 0.0 24.1 24.1 24.4 3.626  -47.3   24.0    2.3  19   -0.8   5 0 0 1 1 2 0 19.6 20.9 19.4 20.8 80.0 100 100 20 408 0 115 0 402 401 400 0 0 0 59 50 WAIT_ACK 0 
b.1 2025-08-01 16:17:11.125 a 2025-08-01-16:17:01 097 196 289 0.5 3.3 6.3 18.3 18.6 735.4 0.00 0 0.0 23.3 24.1 24.4 3.628  -49.9   24.0    2.6  19   -0.8   7 0 0 1 1 2 0 19.6 20.7 19.4 21.0 80.0 100 100 20 408 0 143 0 401 401 400 0 0 0 60 50 WAIT_ACK 0 
b.1 2025-08-01 16:18:12.823 a 2025-08-01-16:18:03 284 176 339 0.1 2.0 5.8 18.2 18.3 735.4 0.00 0 0.0 23.6 24.1 24.5 3.628  -43.5   24.1    2.4  19   -1.0   7 0 0 1 1 2 0 19.6 20.7 19.4 20.8 80.0 100 100 20 408 0 143 0 401 401 400 0 0 0 60 50 WAIT_ACK 0 
b.1 2025-08-01 16:19:10.907 a 2025-08-01-16:19:01 022 171 355 0.1 1.5 4.1 18.2 18.4 735.4 0.00 0 0.0 24.2 24.1 24.4 3.633  -44.7   24.1    2.2  19   -0.9   7 0 0 1 1 2 0 19.7 20.3 19.4 20.7 80.0 100 100 20 408 0 143 0 401 401 399 0 0 0 60 50 WAIT_ACK 0 
b.1 2025-08-01 16:20:14.747 a 2025-08-01-16:20:05 015 179 349 0.2 1.7 4.4 18.2 17.8 735.4 0.00 0 0.0 24.6 24.1 24.5 3.627  -43.2   24.2    2.2  19   -0.9   7 0 0 1 1 2 0 19.7 20.1 19.4 20.5 80.0 100 100 20 408 0 143 0 401 402 399 0 0 0 60 50 WAIT_ACK 0 
b.1 2025-08-01 16:21:10.967 a 2025-08-01-16:21:01 077 182 296 0.2 1.6 5.0 18.4 17.8 735.4 0.00 0 0.0 25.0 24.1 24.4 3.626  -42.9   24.2    2.2  19   -1.0   7 0 0 1 1 2 0 19.7 19.8 19.5 20.3 80.0 100 100 20 408 0 143 0 401 402 399 0 0 0 59 50 WAIT_ACK 0 
b.1 2025-08-01 16:22:11.145 a 2025-08-01-16:22:01 043 189 268 0.1 1.9 4.5 18.5 17.1 735.4 0.00 0 0.0 25.0 24.1 24.5 3.635  -43.0   24.3    2.2  18   -1.2   7 0 0 1 1 2 0 19.7 20.1 19.5 20.4 80.0 100 100 20 408 0 143 0 401 402 399 0 0 0 60 50 WAIT_ACK 0 
b.1 2025-08-01 16:23:11.766 a 2025-08-01-16:23:02 094 199 246 0.3 2.3 5.4 18.6 17.6 735.4 0.00 0 0.0 24.9 24.1 24.5 3.627  -44.8   24.3    2.2  19   -1.1   7 0 0 1 1 2 0 19.7 19.8 19.5 20.1 80.0 100 100 20 408 0 143 0 401 401 400 0 0 0 59 50 WAIT_ACK 0 
b.1 2025-08-01 16:24:10.871 a 2025-08-01-16:24:01 037 183 268 0.1 1.6 4.7 18.7 17.9 735.4 0.00 0 0.0 25.1 24.1 24.4 3.626  -42.3   24.4    2.2  19   -1.0   7 0 0 1 1 2 0 19.7 19.7 19.5 20.0 80.0 100 100 20 408 0 143 0 401 401 400 0 0 0 59 50 WAIT_ACK 0 
b.1 2025-08-01 16:25:11.970 a 2025-08-01-16:25:02 057 200 247 0.1 2.7 7.1 18.7 18.1 735.5 0.00 0 0.0 24.8 24.1 24.4 3.633  -43.5   24.5    2.3  19   -0.8   7 0 0 1 1 2 0 19.8 19.6 19.6 19.9 80.0 100 100 20 408 0 143 0 401 401 399 0 0 0 60 50 WAIT_ACK 0 
b.1 2025-08-01 16:26:08.651 a 2025-08-01-16:25:59 064 198 243 0.3 3.2 7.9 18.8 19.8 735.5 0.00 0 0.0 24.2 24.1 24.4 3.626  -45.3   24.5    2.8  19   -0.5   8 0 0 1 1 2 0 19.8 20.2 19.6 20.4 80.0 100 100 20 408 0 143 0 400 402 399 0 0 0 60 50 WAIT_ACK 0 
b.1 2025-08-01 16:27:11.049 a 2025-08-01-16:27:01 291 196 350 0.4 3.1 7.3 18.7 21.1 735.5 0.00 0 0.0 23.6 24.1 24.4 3.626  -42.6   24.6    3.0  20   -0.1  10 0 0 1 1 2 0 19.8 21.0 19.6 21.2 80.0 100 100 20 408 0 143 0 401 401 400 0 0 0 60 50 WAIT_ACK 0 
b.1 2025-08-01 16:28:10.513 a 2025-08-01-16:28:01 241 191 334 0.1 1.7 6.7 18.6 22.2 735.5 0.00 0 0.0 24.3 24.1 24.5 3.626  -44.7   24.5    2.5  20    0.1   5 0 0 1 1 2 0 19.9 21.2 19.6 21.4 80.0 100 100 20 408 0 143 0 401 401 400 0 0 0 59 50 WAIT_ACK 0 
b.1 2025-08-01 16:29:12.413 a 2025-08-01-16:29:03 051 198 291 0.1 3.2 8.4 18.6 21.7 735.5 0.00 0 0.0 24.1 24.1 24.4 3.626  -42.8   24.5    2.7  20    0.2   5 0 0 1 1 2 0 19.9 21.5 19.6 21.9 80.0 100 100 20 408 0 143 0 401 401 400 0 0 0 60 50 WAIT_ACK 0 
b.1 2025-08-01 16:30:11.589 a 2025-08-01-16:30:02 091 199 302 0.4 3.0 9.6 18.5 22.6 735.5 0.00 0 0.0 23.9 24.1 24.5 3.626  -46.7   24.5    3.0  20    0.4  10 0 0 1 1 2 0 19.9 21.5 19.7 22.0 80.0 100 100 20 408 0 143 0 401 401 399 0 0 0 59 50 WAIT_ACK 0 
b.1 2025-08-01 16:31:10.236 a 2025-08-01-16:31:00 241 203 307 0.2 2.5 7.6 18.5 22.8 735.5 0.00 0 0.0 23.8 24.1 24.5 3.627  -42.1   24.5    2.7  21    0.6   9 0 0 1 1 2 0 19.9 22.4 19.7 22.9 80.0 100 100 20 408 0 143 0 402 401 400 0 0 0 60 50 WAIT_ACK 0 
b.1 2025-08-01 16:32:12.490 a 2025-08-01-16:32:03 264 143 299 0.1 0.8 4.8 18.5 22.9 735.5 0.00 0 0.0 24.9 24.1 24.4 3.626  -40.6   24.5    2.2  21    0.6   5 0 0 1 1 2 0 19.8 22.5 19.7 22.6 80.0 100 100 20 408 0 143 0 401 401 400 0 0 0 60 50 WAIT_ACK 0 
b.1 2025-08-01 16:33:10.128 a 2025-08-01-16:33:00 068 197 298 0.4 2.2 5.0 18.6 23.0 735.6 0.00 0 0.0 25.1 24.1 24.5 3.626  -41.4   24.5    2.3  21    0.8   5 0 0 1 1 2 0 19.8 22.6 19.7 22.7 80.0 100 100 20 408 0 143 0 401 401 399 0 0 0 59 50 WAIT_ACK 0 
b.1 2025-08-01 16:34:12.171 a 2025-08-01-16:34:02 265 214 282 0.1 1.8 5.9 18.6 22.8 735.6 0.00 0 0.0 25.3 24.1 24.5 3.626  -44.0   24.6    2.2  21    0.9   5 0 0 1 1 2 0 19.8 22.7 19.7 22.9 80.0 100 100 20 408 0 143 0 401 401 400 0 0 0 60 50 WAIT_ACK 0 
b.1 2025-08-01 16:35:11.650 a 2025-08-01-16:35:02 093 222 353 0.4 3.9 8.8 18.8 22.9 735.6 0.00 0 0.0 24.3 24.1 24.5 3.629  -42.5   24.7    2.9  21    1.0   9 0 0 1 1 2 0 19.8 23.0 19.7 23.2 80.0 100 100 20 408 0 143 0 401 401 400 0 0 0 59 50 WAIT_ACK 0 
b.1 2025-08-01 16:36:10.229 a 2025-08-01-16:36:00 090 224 265 0.2 2.7 6.9 18.7 23.2 735.6 0.00 0 0.0 24.1 24.1 24.4 3.626  -42.4   24.7    2.8  21    1.1  10 0 0 1 1 2 0 19.9 23.0 19.8 23.5 80.0 100 100 20 408 0 143 0 402 401 400 0 0 0 59 50 WAIT_ACK 0 
b.1 2025-08-01 16:37:09.690 a 2025-08-01-16:37:00 070 226 277 0.2 3.1 8.3 18.7 23.0 735.6 0.00 0 0.0 23.8 24.1 24.5 3.626  -45.6   24.8    3.4  21    1.1  10 0 0 1 1 2 0 19.9 23.3 19.8 23.5 80.0 100 100 20 408 0 143 0 401 402 399 0 0 0 60 50 WAIT_ACK 0 
b.1 2025-08-01 16:38:10.971 a 2025-08-01-16:38:01 092 211 308 0.1 1.7 3.5 18.6 22.6 735.6 0.00 0 0.0 24.6 24.1 24.5 3.632  -41.0   24.7    2.6  21    1.1   5 0 0 1 1 2 0 19.9 23.2 19.7 23.5 80.0 100 100 20 408 0 143 0 402 401 400 0 0 0 59 50 WAIT_ACK 0 
b.1 2025-08-01 16:39:10.773 a 2025-08-01-16:39:01 064 208 316 0.1 2.6 8.6 18.7 21.8 735.7 0.00 0 0.0 24.9 24.1 24.5 3.626  -47.9   24.8    2.7  21    1.1   5 0 0 1 1 2 0 19.8 23.0 19.7 23.2 80.0 100 100 20 408 0 143 0 400 401 399 0 0 0 59 50 WAIT_ACK 0 
b.1 2025-08-01 16:40:11.532 a 2025-08-01-16:40:02 141 216 264 1.1 5.2 9.2 18.7 19.9 735.6 0.00 0 0.0 23.5 24.1 24.5 3.626  -46.6   24.8    4.9  21    0.8  14 0 0 1 1 2 0 19.9 22.6 19.7 22.8 80.0 100 100 20 408 0 143 0 401 401 400 0 0 0 59 50 WAIT_ACK 0 
b.1 2025-08-01 16:41:11.009 a 2025-08-01-16:41:01 141 209 343 0.2 4.8 9.6 18.5 19.9 735.6 0.00 0 0.0 22.7 24.1 24.5 3.629  -42.8   24.8    7.6  20    0.6  11 0 0 1 1 2 0 19.8 22.3 19.8 22.7 80.0 100 100 20 408 0 143 0 401 401 400 0 0 0 60 50 WAIT_ACK 0 
b.1 2025-08-01 16:42:11.453 a 2025-08-01-16:42:02 102 211 288 0.6 4.3 9.4 18.4 19.9 735.6 0.00 0 0.0 22.5 24.1 24.5 3.627  -43.5   24.8    7.3  20    0.5  11 0 0 1 1 2 0 19.8 21.9 19.8 22.0 80.0 100 100 20 408 0 143 0 401 402 399 0 0 0 59 50 WAIT_ACK 0 
b.1 2025-08-01 16:43:11.151 a 2025-08-01-16:43:01 039 184 266 0.1 2.3 5.8 18.3 20.2 735.6 0.00 0 0.0 23.1 24.1 24.4 3.626  -42.1   24.7    4.0  20    0.3   5 0 0 1 1 2 0 19.8 22.3 19.8 22.2 80.0 100 100 20 408 0 143 0 401 401 400 0 0 0 59 50 WAIT_ACK 0 
b.1 2025-08-01 16:44:10.536 a 2025-08-01-16:44:01 140 207 253 0.3 3.6 7.1 18.4 20.4 735.6 0.00 0 0.0 23.3 24.1 24.5 3.626  -43.8   24.7    4.1  20    0.1   5 0 0 1 1 2 0 19.8 21.9 19.8 21.9 80.0 100 100 20 408 0 143 0 401 401 399 0 0 0 59 50 WAIT_ACK 0 
b.1 2025-08-01 16:45:10.470 a 2025-08-01-16:45:01 078 194 236 0.4 3.3 6.9 18.4 21.6 735.6 0.00 0 0.0 23.4 24.1 24.4 3.632  -45.9   24.6    4.1  20    0.3   7 0 0 1 1 2 0 19.9 22.2 19.8 22.2 80.0 100 100 20 408 0 143 0 401 401 400 0 0 0 59 50 WAIT_ACK 0 
b.1 2025-08-01 16:46:11.191 a 2025-08-01-16:46:01 059 194 253 0.3 2.8 6.6 18.4 21.7 735.6 0.00 0 0.0 23.5 24.1 24.4 3.633  -40.8   24.6    3.6  20    0.4   8 0 0 1 1 2 0 19.9 22.3 19.8 22.2 80.0 100 100 20 408 0 143 0 401 402 400 0 0 0 59 50 WAIT_ACK 0 
b.1 2025-08-01 16:47:10.895 a 2025-08-01-16:47:01 062 198 306 0.2 1.8 5.9 18.5 22.1 735.6 0.00 0 0.0 24.3 24.1 24.5 3.626  -42.8   24.5    2.6  21    0.5   8 0 0 1 1 2 0 19.9 22.2 19.8 22.3 80.0 100 100 20 408 0 143 0 400 401 399 0 0 0 60 50 WAIT_ACK 0 
b.1 2025-08-01 16:48:13.036 a 2025-08-01-16:48:03 065 194 268 0.1 1.7 3.8 18.5 21.5 735.6 0.00 0 0.0 25.0 24.1 24.5 3.626  -40.9   24.6    2.4  21    0.5   5 0 0 1 1 2 0 19.9 22.2 19.8 22.4 80.0 100 100 20 408 0 143 0 401 401 400 0 0 0 59 50 WAIT_ACK 0 
b.1 2025-08-01 16:49:09.773 a 2025-08-01-16:49:00 145 207 260 0.5 3.1 7.9 18.6 21.6 735.6 0.00 0 0.0 24.9 24.1 24.4 3.626  -42.9   24.6    2.8  21    0.6   5 0 0 1 1 2 0 20.0 22.1 19.8 22.4 80.0 100 100 20 408 0 143 0 401 400 400 0 0 0 60 50 WAIT_ACK 0 
b.1 2025-08-01 16:50:13.714 a 2025-08-01-16:50:04 106 210 274 0.3 2.3 6.0 18.7 22.1 735.6 0.00 0 0.0 25.1 24.1 24.4 3.628  -42.0   24.6    2.5  21    0.7   5 0 0 1 1 2 0 20.0 22.1 19.8 22.6 80.0 100 100 20 408 0 143 0 401 401 399 0 0 0 60 50 WAIT_ACK 0 
b.1 2025-08-01 16:51:10.993 a 2025-08-01-16:51:01 115 220 278 0.7 3.5 7.4 18.8 22.2 735.6 0.00 0 0.0 24.8 24.1 24.5 3.627  -42.3   24.7    3.0  21    0.8   7 0 0 1 1 2 0 20.0 22.3 19.9 22.6 80.0 100 100 20 408 0 143 0 401 401 399 0 0 0 59 50 WAIT_ACK 0 
b.1 2025-08-01 16:52:09.914 a 2025-08-01-16:52:00 142 217 331 0.3 4.0 7.4 18.9 21.9 735.6 0.00 0 0.0 24.4 24.1 24.4 3.626  -44.5   24.8    3.6  21    0.9   9 0 0 1 1 2 0 20.0 22.5 20.0 22.5 80.0 100 100 20 408 0 143 0 401 401 400 0 0 0 59 50 WAIT_ACK 0 
b.1 2025-08-01 16:53:09.196 a 2025-08-01-16:52:59 004 192 038 0.2 2.0 6.4 18.9 21.9 735.6 0.00 0 0.0 24.9 24.1 24.5 3.627  -41.2   24.8    2.8  21    0.9   9 0 0 1 1 2 0 20.0 22.5 20.0 22.4 80.0 100 100 20 408 0 143 0 401 401 400 0 0 0 59 50 WAIT_ACK 0 
b.1 2025-08-01 16:54:11.357 a 2025-08-01-16:54:02 006 202 288 0.1 1.4 4.9 19.0 21.7 735.7 0.00 0 0.0 25.7 24.1 24.4 3.633  -39.7   24.9    2.4  21    0.9   5 0 0 1 1 2 0 20.0 22.3 19.9 22.5 80.0 100 100 20 408 0 143 0 401 401 400 0 0 0 59 50 WAIT_ACK 0 
b.1 2025-08-01 16:55:12.134 a 2025-08-01-16:55:02 129 211 292 0.2 2.9 6.1 19.1 21.1 735.7 0.00 0 0.0 25.7 24.1 24.5 3.626  -43.9   25.0    2.6  21    0.9   5 0 0 1 1 2 0 20.0 22.6 20.0 22.6 80.0 100 100 20 408 0 143 0 401 401 400 0 0 0 59 50 WAIT_ACK 0 
b.1 2025-08-01 16:56:08.874 a 2025-08-01-16:55:59 019 223 258 0.2 3.5 6.4 19.2 21.7 735.7 0.00 0 0.0 25.2 24.1 24.5 3.626  -42.3   25.0    3.0  21    1.0   7 0 0 1 1 2 0 20.1 22.6 20.0 22.9 80.0 100 100 20 408 0 143 0 401 401 400 0 0 0 59 50 WAIT_ACK 0 
b.1 2025-08-01 16:57:08.581 a 2025-08-01-16:56:59 073 194 303 0.4 3.2 8.8 19.2 21.2 735.7 0.00 0 0.0 24.9 24.1 24.5 3.627  -40.4   25.1    3.0  21    1.0   8 0 0 1 1 2 0 20.1 22.3 20.1 22.7 80.0 100 100 20 408 0 143 0 401 401 400 0 0 0 59 50 WAIT_ACK 0 
b.1 2025-08-01 16:58:12.315 a 2025-08-01-16:58:03 067 188 300 0.1 1.5 3.6 19.2 21.1 735.7 0.00 0 0.0 25.8 24.1 24.4 3.626  -39.5   25.1    2.4  21    1.0   8 0 0 1 1 2 0 20.2 22.4 20.1 22.6 80.0 100 100 20 408 0 143 0 401 401 400 0 0 0 59 50 WAIT_ACK 0 
b.1 2025-08-01 16:59:11.036 a 2025-08-01-16:59:01 067 198 331 0.3 3.3 8.4 19.3 21.2 735.7 0.00 0 0.0 25.6 24.1 24.5 3.626  -44.8   25.2    2.8  21    1.0   8 0 0 1 1 2 0 20.2 22.6 20.1 22.5 80.0 100 100 20 408 0 143 0 401 401 399 0 0 0 60 50 WAIT_ACK 0 
b.1 2025-08-01 17:00:13.335 a 2025-08-01-17:00:04 154 213 278 1.2 4.7 8.7 19.2 19.7 735.7 0.00 0 0.0 24.2 24.1 24.5 3.624  -45.2   25.2    4.2  20    0.8   8 0 0 1 1 2 0 20.2 21.6 20.1 22.1 80.0 100 100 20 408 0 143 0 401 401 400 0 0 0 60 50 WAIT_ACK 0 
b.1 2025-08-01 17:01:10.434 a 2025-08-01-17:01:01 026 177 238 0.1 2.6 7.6 19.0 20.5 735.7 0.00 0 0.0 24.0 24.1 24.5 3.626  -40.6   25.2    3.5  20    0.8   8 0 0 1 1 2 0 20.2 21.5 20.1 21.7 80.0 100 100 20 408 0 143 0 401 401 400 0 0 0 59 50 WAIT_ACK 0 
b.1 2025-08-01 17:02:11.076 a 2025-08-01-17:02:01 035 204 297 0.1 1.9 5.7 18.8 20.8 735.7 0.00 0 0.0 24.7 24.1 24.5 3.626  -39.7   25.2    2.9  20    0.8   0 0 0 1 1 2 0 20.2 21.5 20.1 21.7 80.0 100 100 20 408 0 143 0 401 402 399 0 0 0 60 50 WAIT_ACK 0 
b.1 2025-08-01 17:03:08.976 a 2025-08-01-17:02:59 004 171 331 0.1 0.7 1.9 18.8 20.8 735.7 0.00 0 0.0 26.1 24.1 24.4 3.626  -38.8   25.2    2.2  20    0.8   5 0 0 1 1 2 0 20.2 21.6 20.1 21.7 80.0 100 100 20 408 0 143 0 401 401 400 0 0 0 60 50 WAIT_ACK 0 
b.1 2025-08-01 17:04:11.901 a 2025-08-01-17:04:02 096 202 272 0.1 2.3 5.1 19.0 21.1 735.7 0.00 0 0.0 26.5 24.1 24.5 3.626  -38.6   25.3    2.2  20    0.9   5 0 0 1 1 2 0 20.2 21.5 20.1 21.7 80.0 100 100 20 408 0 143 0 401 401 400 0 0 0 60 50 WAIT_ACK 0 
b.1 2025-08-01 17:05:13.061 a 2025-08-01-17:05:03 063 196 282 0.5 3.1 6.5 19.2 21.4 735.8 0.00 0 0.0 25.9 24.1 24.4 3.626  -43.0   25.3    2.6  20    1.1   5 0 0 1 1 2 0 20.2 21.6 20.1 21.7 80.0 100 100 20 408 0 143 0 401 401 400 0 0 0 59 50 WAIT_ACK 0 
b.1 2025-08-01 17:06:10.676 a 2025-08-01-17:06:01 132 202 258 0.3 2.9 6.9 19.1 21.6 735.7 0.00 0 0.0 25.5 24.1 24.4 3.626  -44.5   25.3    2.8  20    1.1   7 0 0 1 1 2 0 20.3 22.0 20.2 21.9 80.0 100 100 20 408 0 143 0 401 401 399 0 0 0 60 50 WAIT_ACK 0 
b.1 2025-08-01 17:07:11.915 a 2025-08-01-17:07:02 056 200 304 0.3 4.2 10.0 18.9 22.1 735.7 0.00 0 0.0 24.5 24.1 24.4 3.626  -43.1   25.3    3.9  20    1.1   9 0 0 1 1 2 0 20.3 21.8 20.2 22.2 80.0 100 99 20 408 0 143 0 401 401 399 0 0 0 59 50 WAIT_ACK 0 
b.1 2025-08-01 17:08:09.697 a 2025-08-01-17:08:00 087 200 295 0.2 4.0 9.0 18.7 23.5 735.7 0.00 0 0.0 24.0 24.1 24.4 3.626  -41.3   25.2    4.1  21    1.2   9 0 0 1 1 2 0 20.3 22.0 20.2 22.4 80.0 100 100 20 408 0 143 0 401 401 399 0 0 0 59 50 WAIT_ACK 0 
b.1 2025-08-01 17:09:07.880 a 2025-08-01-17:08:58 150 219 267 1.0 6.1 8.6 18.6 23.0 735.8 0.00 0 0.0 23.3 24.1 24.4 3.626  -45.1   25.1    9.2  21    1.2  14 0 0 1 1 2 0 20.3 22.4 20.2 22.8 80.0 100 100 20 408 0 143 0 401 401 399 0 0 0 60 50 WAIT_ACK 0 
b.1 2025-08-01 17:10:13.196 a 2025-08-01-17:10:03 135 212 256 0.8 4.8 10.1 18.5 22.8 735.8 0.00 0 0.0 22.9 24.1 24.5 3.626  -40.4   25.0    8.5  21    1.1  12 0 0 1 1 2 0 20.3 22.3 20.3 22.5 80.0 100 100 20 408 0 143 0 401 401 400 0 0 0 59 50 WAIT_ACK 0 
b.1 2025-08-01 17:11:09.839 a 2025-08-01-17:11:00 103 209 271 0.9 4.6 10.5 18.4 21.9 735.8 0.00 0 0.0 23.0 24.1 24.4 3.626  -41.2   25.0    8.1  21    1.0   5 0 0 1 1 2 0 20.3 22.3 20.3 22.5 80.0 100 100 20 408 0 143 0 401 402 399 0 0 0 60 50 WAIT_ACK 0 
b.1 2025-08-01 17:12:11.637 a 2025-08-01-17:12:02 070 207 277 0.2 3.7 7.7 18.4 21.2 735.8 0.00 0 0.0 23.3 24.1 24.4 3.626  -40.7   24.9    5.9  20    0.8   5 0 0 1 1 2 0 20.2 21.9 20.3 22.1 80.0 100 100 20 408 0 143 0 401 401 399 0 0 0 59 50 WAIT_ACK 0 
b.1 2025-08-01 17:13:12.282 a 2025-08-01-17:13:02 025 205 262 0.4 4.7 8.4 18.4 20.4 735.8 0.00 0 0.0 23.1 24.1 24.4 3.633  -41.2   24.8    7.3  20    0.5   9 0 0 1 1 2 0 20.2 21.6 20.2 21.7 80.0 100 100 20 408 0 138 0 401 401 400 0 0 0 59 50 WAIT_ACK 0 
b.1 2025-08-01 17:14:11.618 a 2025-08-01-17:14:02 258 188 278 0.1 1.7 5.5 18.5 20.5 735.8 0.00 0 0.0 24.0 24.1 24.4 3.626  -39.8   24.8    3.5  20    0.4   9 0 0 1 1 2 0 20.2 21.4 20.2 21.6 80.0 100 100 20 408 0 143 0 401 401 399 0 0 0 59 50 WAIT_ACK 0 
b.1 2025-08-01 17:15:12.562 a 2025-08-01-17:15:03 007 196 313 0.3 2.5 7.7 18.7 21.2 735.8 0.00 0 0.0 24.8 24.1 24.4 3.624  -40.3   24.8    3.3  20    0.4   5 0 0 1 1 2 0 20.2 21.0 20.2 21.3 80.0 100 100 20 408 0 143 0 401 401 399 0 0 0 59 50 WAIT_ACK 0 
b.1 2025-08-01 17:16:11.660 a 2025-08-01-17:16:02 004 234 265 0.1 1.7 5.2 18.9 21.6 735.9 0.00 0 0.0 25.6 24.1 24.5 3.629  -37.9   24.8    2.6  20    0.6   5 0 0 1 1 2 0 20.2 21.0 20.1 21.3 80.0 100 100 20 408 0 143 0 401 401 399 0 0 0 59 50 WAIT_ACK 0 
b.1 2025-08-01 17:17:09.359 a 2025-08-01-17:16:59 020 218 245 0.1 2.1 5.8 18.9 21.6 735.9 0.00 0 0.0 26.2 24.1 24.4 3.632  -40.5   24.9    2.5  21    0.8   5 0 0 1 1 2 0 20.2 21.3 20.1 21.5 80.0 100 100 20 408 0 143 0 401 401 400 0 0 0 59 50 WAIT_ACK 0 
b.1 2025-08-01 17:18:10.239 a 2025-08-01-17:18:00 044 187 356 0.1 1.5 4.7 19.1 21.6 735.9 0.00 0 0.0 26.9 24.1 24.4 3.624  -40.5   25.0    2.3  21    0.9   5 0 0 1 1 2 0 20.2 21.4 20.1 21.6 80.0 100 100 20 408 0 143 0 401 401 399 0 0 0 59 50 WAIT_ACK 0 
b.1 2025-08-01 17:19:08.059 a 2025-08-01-17:18:58 087 203 277 0.3 2.8 6.0 19.3 21.3 735.9 0.00 0 0.0 26.5 24.1 24.4 3.628  -39.4   25.1    2.5  21    1.0   5 0 0 1 1 2 0 20.2 21.9 20.2 21.7 80.0 100 100 20 408 0 143 0 401 401 400 0 0 0 59 50 WAIT_ACK 0 
b.1 2025-08-01 17:20:11.720 a 2025-08-01-17:20:02 059 192 232 0.2 1.5 4.0 19.4 21.4 735.9 0.00 0 0.0 27.1 24.1 24.5 3.626  -39.3   25.2    2.4  21    1.0   5 0 0 1 1 2 0 20.2 21.8 20.2 21.9 80.0 100 100 20 408 0 143 0 401 402 399 0 0 0 59 50 WAIT_ACK 0 
b.1 2025-08-01 17:21:11.141 a 2025-08-01-17:21:01 026 192 305 0.1 1.6 5.4 19.4 21.1 735.9 0.00 0 0.0 27.7 24.1 24.5 3.627  -39.2   25.2    2.2  21    1.1   5 0 0 1 1 2 0 20.2 21.9 20.2 22.0 80.0 100 100 20 408 0 143 0 400 401 399 0 0 0 59 50 WAIT_ACK 0 
b.1 2025-08-01 17:22:11.823 a 2025-08-01-17:22:02 289 179 354 0.2 1.4 4.0 19.5 21.4 735.9 0.00 0 0.0 28.1 24.1 24.5 3.626  -39.2   25.3    2.2  21    1.2   5 0 0 1 1 2 0 20.3 22.1 20.3 22.0 80.0 100 100 20 408 0 143 0 401 402 400 0 0 0 59 50 WAIT_ACK 0 
b.1 2025-08-01 17:23:10.464 a 2025-08-01-17:23:01 059 202 310 0.1 1.9 4.4 19.6 21.0 735.9 0.00 0 0.0 28.1 24.1 24.4 3.624  -39.8   25.4    2.2  21    1.3   5 0 0 1 1 2 0 20.3 21.8 20.3 21.9 80.0 100 100 20 408 0 143 0 401 402 399 0 0 0 60 50 WAIT_ACK 0 
b.1 2025-08-01 17:24:14.121 a 2025-08-01-17:24:04 155 230 337 0.5 3.7 5.7 19.7 20.0 735.9 0.00 0 0.0 27.1 24.1 24.4 3.626  -40.7   25.6    2.9  20    1.3  10 0 0 1 1 2 0 20.3 21.7 20.3 21.7 80.0 100 100 20 408 0 143 0 401 401 399 0 0 0 60 50 WAIT_ACK 0 
b.1 2025-08-01 17:25:12.842 a 2025-08-01-17:25:03 252 189 350 0.1 1.6 4.7 19.7 19.3 735.9 0.00 0 0.0 27.5 24.1 24.4 3.626  -42.2   25.7    2.4  20    1.1   6 0 0 1 1 2 0 20.4 21.5 20.4 21.7 80.0 100 100 20 408 0 143 0 401 401 399 0 0 0 60 50 WAIT_ACK 0 
b.1 2025-08-01 17:26:09.382 a 2025-08-01-17:26:00 184 165 314 0.0 0.8 3.6 19.6 19.8 735.9 0.00 0 0.0 28.5 24.1 24.5 3.633  -38.0   25.8    0.0  20    1.2   0 0 0 1 1 2 0 20.4 21.5 20.4 21.5 80.0 100 100 20 408 0 143 0 402 401 400 0 0 0 60 50 WAIT_ACK 0 
b.1 2025-08-01 17:27:09.749 a 2025-08-01-17:27:00 315 208 347 0.1 1.1 3.0 19.7 19.8 736.0 0.00 0 0.0 29.4 24.1 24.4 3.624  -39.5   25.9    2.1  20    1.1   5 0 0 1 1 2 0 20.4 21.3 20.4 21.3 80.0 100 100 20 408 0 143 0 401 401 399 0 0 0 59 50 WAIT_ACK 0 
b.1 2025-08-01 17:28:12.703 a 2025-08-01-17:28:03 075 197 300 0.1 2.2 4.8 19.9 18.9 735.9 0.00 0 0.0 29.0 24.1 24.5 3.626  -38.8   26.0    2.2  20    1.2   5 0 0 1 1 2 0 20.5 20.9 20.4 21.0 80.0 100 100 20 408 0 143 0 401 402 400 0 0 0 60 50 WAIT_ACK 0 
b.1 2025-08-01 17:29:09.344 a 2025-08-01-17:28:59 224 174 257 0.1 1.9 5.7 20.0 19.0 736.0 0.00 0 0.0 29.1 24.1 24.4 3.633  -40.0   26.2    2.2  20    1.1   5 0 0 1 1 2 0 20.5 20.8 20.5 20.9 80.0 100 100 20 408 0 143 0 401 401 399 0 0 0 60 50 WAIT_ACK 0 
b.1 2025-08-01 17:30:14.061 a 2025-08-01-17:30:04 032 213 278 0.3 2.9 6.9 20.1 19.5 736.0 0.00 0 0.0 27.9 24.1 24.4 3.628  -38.7   26.3    2.6  20    1.3   5 0 0 1 1 2 0 20.6 20.7 20.5 21.0 80.0 100 100 20 408 0 143 0 401 401 399 0 0 0 59 50 WAIT_ACK 0 
b.1 2025-08-01 17:31:08.142 a 2025-08-01-17:30:58 081 210 277 0.4 3.8 8.9 20.1 19.8 736.0 0.00 0 0.0 27.0 24.1 24.5 3.624  -44.5   26.4    3.6  19    1.3  10 0 0 1 1 2 0 20.6 20.8 20.6 20.9 80.0 100 100 20 408 0 143 0 402 401 400 0 0 0 60 50 WAIT_ACK 0 
b.1 2025-08-01 17:32:11.142 a 2025-08-01-17:32:01 064 175 290 0.1 2.0 5.8 19.9 19.5 736.0 0.00 0 0.0 26.7 24.1 24.4 3.632  -38.5   26.4    2.8  19    1.2   9 0 0 1 1 2 0 20.6 20.7 20.6 20.9 80.0 100 100 20 408 0 143 0 401 401 399 0 0 0 60 50 WAIT_ACK 0 
b.1 2025-08-01 17:33:12.007 a 2025-08-01-17:33:02 234 196 235 0.1 1.9 5.6 19.7 19.6 736.0 0.00 0 0.0 27.3 24.1 24.4 3.624  -40.2   26.4    2.7  19    1.2   5 0 0 1 1 2 0 20.6 20.8 20.5 20.9 80.0 100 100 20 408 0 143 0 401 401 400 0 0 0 60 50 WAIT_ACK 0 
b.1 2025-08-01 17:34:09.286 a 2025-08-01-17:33:59 065 212 315 0.2 2.1 5.5 19.5 19.4 736.0 0.00 0 0.0 27.3 24.1 24.4 3.626  -39.1   26.4    2.6  19    1.1   5 0 0 1 1 2 0 20.6 20.6 20.6 20.7 80.0 100 100 20 408 0 143 0 401 401 400 0 0 0 59 50 WAIT_ACK 0 
b.1 2025-08-01 17:35:13.302 a 2025-08-01-17:35:03 185 163 325 0.1 1.6 4.0 19.4 19.7 736.0 0.00 0 0.0 28.1 24.1 24.4 3.626  -39.2   26.4    2.4  19    1.1   5 0 0 1 1 2 0 20.6 20.7 20.6 20.8 80.0 100 100 20 408 0 143 0 401 401 400 0 0 0 59 50 WAIT_ACK 0 
b.1 2025-08-01 17:36:11.628 a 2025-08-01-17:36:02 160 151 291 0.1 1.2 3.2 19.6 20.3 736.0 0.00 0 0.0 29.0 24.1 24.4 3.627  -38.7   26.4    2.2  19    1.2   5 0 0 1 1 2 0 20.6 20.8 20.5 20.9 80.0 100 100 20 408 0 143 0 401 402 399 0 0 0 59 50 WAIT_ACK 0 
b.1 2025-08-01 17:37:10.625 a 2025-08-01-17:37:01 249 160 308 0.1 2.2 7.4 19.8 20.8 735.9 0.00 0 0.0 28.9 24.1 24.4 3.624  -38.3   26.4    2.4  19    1.3   5 0 0 1 1 2 0 20.6 21.0 20.5 20.9 80.0 100 100 20 408 0 143 0 401 401 399 0 0 0 60 50 WAIT_ACK 0 
b.1 2025-08-01 17:38:08.244 a 2025-08-01-17:37:58 280 159 308 0.1 1.8 4.8 19.9 20.9 736.0 0.00 0 0.0 29.1 24.1 24.4 3.626  -41.8   26.5    2.4  20    1.4   5 0 0 1 1 2 0 20.6 21.3 20.6 21.2 80.0 100 100 20 408 0 143 0 401 401 400 0 0 0 60 50 WAIT_ACK 0 
b.1 2025-08-01 17:39:09.206 a 2025-08-01-17:38:59 074 194 353 0.2 1.7 6.0 19.9 20.0 736.0 0.00 0 0.0 29.0 24.1 24.4 3.626  -38.6   26.4    2.3  19    1.3   5 0 0 1 1 2 0 20.6 21.3 20.6 21.4 80.0 100 100 20 408 0 143 0 401 401 400 0 0 0 59 50 WAIT_ACK 0 
b.1 2025-08-01 17:40:12.786 a 2025-08-01-17:40:03 048 189 280 0.1 2.3 6.5 19.8 19.8 736.0 0.00 0 0.0 28.5 24.1 24.5 3.626  -41.5   26.4    2.5  19    1.1   5 0 0 1 1 2 0 20.7 21.3 20.6 21.3 80.0 100 100 20 408 0 143 0 402 401 400 0 0 0 59 50 WAIT_ACK 0 
b.1 2025-08-01 17:41:10.447 a 2025-08-01-17:41:01 122 177 270 0.1 1.7 5.1 19.8 19.6 736.1 0.00 0 0.0 28.7 24.1 24.5 3.626  -40.8   26.3    2.3  19    1.1   5 0 0 1 1 2 0 20.7 21.2 20.7 21.3 80.0 100 100 20 408 0 143 0 401 401 400 0 0 0 59 50 WAIT_ACK 0 
b.1 2025-08-01 17:42:09.786 a 2025-08-01-17:42:00 070 185 324 0.2 2.9 6.6 19.8 20.1 736.0 0.00 0 0.0 28.4 24.1 24.4 3.632  -40.9   26.3    2.6  19    1.2   5 0 0 1 1 2 0 20.7 21.1 20.7 21.3 80.0 100 100 20 408 0 143 0 401 401 400 0 0 0 60 50 WAIT_ACK 0 
b.1 2025-08-01 17:43:11.407 a 2025-08-01-17:43:02 026 201 326 0.2 3.9 8.7 19.7 18.5 736.0 0.00 0 0.0 26.9 24.1 24.4 3.626  -42.4   26.2    3.5  19    0.8   5 0 0 1 1 2 0 20.7 21.0 20.7 21.2 80.0 100 100 20 408 0 143 0 400 401 399 0 0 0 60 50 WAIT_ACK 0 
b.1 2025-08-01 17:44:11.706 a 2025-08-01-17:44:02 122 211 250 0.7 4.2 6.4 19.4 20.4 736.0 0.00 0 0.0 25.6 24.1 24.5 3.626  -46.3   26.1    5.6  19    0.9  11 0 0 1 1 2 0 20.7 20.7 20.7 21.0 80.0 100 100 20 408 0 143 0 400 402 399 0 0 0 59 50 WAIT_ACK 0 
b.1 2025-08-01 17:45:12.809 a 2025-08-01-17:45:03 108 196 247 0.2 1.7 4.6 19.1 21.2 736.1 0.00 0 0.0 26.3 24.1 24.4 3.631  -37.9   26.1    3.0  19    1.0   0 0 0 1 1 2 0 20.7 20.8 20.7 21.0 80.0 100 100 20 408 0 143 0 401 401 400 0 0 0 60 50 WAIT_ACK 0 
b.1 2025-08-01 17:46:09.951 a 2025-08-01-17:46:00 005 163 182 0.1 2.7 7.9 19.0 20.3 736.1 0.00 0 0.0 26.5 24.1 24.4 3.626  -38.1   26.0    3.0  19    0.9   5 0 0 1 1 2 0 20.6 20.8 20.7 20.9 80.0 100 100 20 408 0 143 0 401 401 400 0 0 0 60 50 WAIT_ACK 0 
b.1 2025-08-01 17:47:10.413 a 2025-08-01-17:47:01 313 195 352 0.1 1.2 6.0 19.2 20.5 736.1 0.00 0 0.0 27.9 24.1 24.4 3.626  -37.2   26.1    2.3  19    0.9   0 0 0 1 1 2 0 20.6 20.9 20.6 21.0 80.0 100 100 20 408 0 143 0 401 401 399 0 0 0 60 50 WAIT_ACK 0 
b.1 2025-08-01 17:48:11.130 a 2025-08-01-17:48:01 090 189 341 0.1 1.7 4.6 19.5 19.4 736.0 0.00 0 0.0 28.8 24.1 24.4 3.633  -40.7   26.1    2.2  19    1.0   5 0 0 1 1 2 0 20.6 20.9 20.6 20.9 80.0 100 100 20 408 0 143 0 401 401 400 0 0 0 60 50 WAIT_ACK 0 
b.1 2025-08-01 17:49:10.407 a 2025-08-01-17:49:00 013 242 034 0.1 1.3 4.5 19.6 19.4 736.0 0.00 0 0.0 29.2 24.1 24.4 3.632  -37.9   26.2    0.0  19    1.0   0 0 0 1 1 2 0 20.7 20.8 20.7 20.8 80.0 100 100 20 408 0 143 0 401 401 400 0 0 0 60 50 WAIT_ACK 0 
b.1 2025-08-01 17:50:14.487 a 2025-08-01-17:50:05 078 181 292 0.1 1.7 3.8 19.8 20.3 736.0 0.00 0 0.0 29.6 24.1 24.4 3.626  -39.0   26.3    2.2  19    1.1   5 0 0 1 1 2 0 20.7 21.1 20.7 20.8 80.0 100 100 20 408 0 143 0 401 401 400 0 0 0 60 50 WAIT_ACK 0 
b.1 2025-08-01 17:51:09.832 a 2025-08-01-17:51:00 234 169 329 0.0 1.0 3.1 19.8 20.3 736.0 0.00 0 0.0 30.5 24.1 24.4 3.624  -38.8   26.4    0.0  20    1.3   5 0 0 1 1 2 0 20.7 21.1 20.7 21.0 80.0 100 100 20 408 0 143 0 402 401 400 0 0 0 59 50 WAIT_ACK 0 
b.1 2025-08-01 17:52:10.657 a 2025-08-01-17:52:01 048 161 296 0.2 1.9 6.2 20.0 20.1 736.0 0.00 0 0.0 30.5 24.1 24.4 3.628  -38.0   26.4    2.2  19    1.2   5 0 0 1 1 2 0 20.7 21.1 20.7 21.2 80.0 100 100 20 408 0 143 0 402 401 400 0 0 0 60 50 WAIT_ACK 0 
b.1 2025-08-01 17:53:10.812 a 2025-08-01-17:53:01 068 180 329 0.1 1.1 3.4 20.1 19.4 736.0 0.00 0 0.0 30.9 24.1 24.4 3.624  -38.6   26.5    2.1  19    1.3   5 0 0 1 1 2 0 20.8 21.0 20.7 21.1 80.0 100 100 20 408 0 143 0 401 401 400 0 0 0 59 50 WAIT_ACK 0 
b.1 2025-08-01 17:54:12.690 a 2025-08-01-17:54:03 076 173 248 0.4 2.0 6.3 20.2 18.3 736.0 0.00 0 0.0 30.5 24.1 24.4 3.627  -38.2   26.6    2.3  19    1.0   5 0 0 1 1 2 0 20.8 21.1 20.8 21.1 80.0 100 100 20 408 0 143 0 401 401 400 0 0 0 59 50 WAIT_ACK 0 
b.1 2025-08-01 17:55:10.532 a 2025-08-01-17:55:01 076 163 248 0.3 2.1 4.8 20.3 18.5 736.1 0.00 0 0.0 30.1 24.1 24.4 3.624  -38.8   26.6    2.4  19    1.0   5 0 0 1 1 2 0 20.8 20.8 20.8 20.9 80.0 100 100 20 408 0 143 0 401 402 400 0 0 0 60 50 WAIT_ACK 0 
b.1 2025-08-01 17:56:12.576 a 2025-08-01-17:56:03 090 174 276 0.1 1.9 4.9 20.2 19.1 736.1 0.00 0 0.0 29.9 24.1 24.4 3.624  -38.6   26.6    2.3  19    1.0   0 0 0 1 1 2 0 20.8 20.7 20.8 20.8 80.0 100 100 20 408 0 143 0 402 401 400 0 0 0 59 50 WAIT_ACK 0 
b.1 2025-08-01 17:57:09.713 a 2025-08-01-17:57:00 020 210 300 0.1 0.9 2.1 20.1 19.6 736.1 0.00 0 0.0 30.6 24.1 24.4 3.627  -38.3   26.6    2.2  19    1.1   5 0 0 1 1 2 0 20.9 20.8 20.8 20.8 80.0 100 100 20 408 0 143 0 400 401 399 0 0 0 59 50 WAIT_ACK 0 
b.1 2025-08-01 17:58:11.693 a 2025-08-01-17:58:02 249 172 273 0.1 1.4 3.9 20.1 19.5 736.1 0.00 0 0.0 31.3 24.1 24.4 3.626  -40.3   26.7    2.3  19    1.2   5 0 0 1 1 2 0 20.9 20.9 20.8 20.8 80.0 100 100 20 408 0 143 0 401 401 400 0 0 0 60 50 WAIT_ACK 0 
b.1 2025-08-01 17:59:09.914 a 2025-08-01-17:59:00 025 244 247 0.1 1.4 3.9 20.1 19.1 736.1 0.00 0 0.0 31.2 24.1 24.4 3.624  -37.7   26.7    2.2  19    1.2   0 0 0 1 1 2 0 20.9 21.0 20.9 21.0 80.0 100 100 20 408 0 143 0 401 401 400 0 0 0 60 50 WAIT_ACK 0 
b.1 2025-08-01 18:00:15.016 a 2025-08-01-18:00:05 095 205 256 0.1 2.0 5.0 20.2 19.1 736.1 0.00 0 0.0 31.1 24.1 24.4 3.626  -39.0   26.8    2.2  19    1.3   5 0 0 1 1 2 0 20.9 21.0 20.9 20.9 80.0 100 100 20 408 0 143 0 401 401 400 0 0 0 59 50 WAIT_ACK 0 
b.1 2025-08-01 18:01:10.632 a 2025-08-01-18:01:01 060 191 256 0.5 2.2 5.5 20.3 18.6 736.1 0.00 0 0.0 30.6 24.1 24.4 3.626  -43.6   26.9    2.3  19    1.1   5 0 0 1 1 2 0 20.9 20.6 20.9 20.8 80.0 100 100 20 408 0 143 0 401 401 399 0 0 0 60 50 WAIT_ACK 0 
b.1 2025-08-01 18:02:10.654 a 2025-08-01-18:02:01 245 185 292 0.1 1.6 5.5 20.3 18.5 736.1 0.00 0 0.0 30.5 24.1 24.5 3.626  -38.2   26.9    2.2  19    1.1   0 0 0 1 1 2 0 20.9 20.6 20.9 20.7 80.0 100 100 20 408 0 143 0 402 401 400 0 0 0 60 50 WAIT_ACK 0 
b.1 2025-08-01 18:03:10.217 a 2025-08-01-18:03:00 040 168 233 0.1 1.7 4.8 20.3 18.5 736.1 0.00 0 0.0 30.7 24.1 24.4 3.626  -37.0   26.9    2.2  19    1.0   0 0 0 1 1 2 0 20.9 20.9 20.9 20.7 80.0 100 100 20 408 0 143 0 401 402 400 0 0 0 59 50 WAIT_ACK 0 
b.1 2025-08-01 18:04:10.756 a 2025-08-01-18:04:01 108 145 129 0.1 1.4 4.9 20.3 18.2 736.1 0.00 0 0.0 30.8 24.1 24.4 3.633  -37.5   26.9    2.2  18    0.9   0 0 0 1 1 2 0 20.9 20.9 20.9 20.8 80.0 100 100 20 408 0 143 0 401 401 400 0 0 0 59 50 WAIT_ACK 0 
b.1 2025-08-01 18:05:14.032 a 2025-08-01-18:05:04 216 194 351 0.2 2.1 5.9 20.3 18.0 736.1 0.00 0 0.0 30.6 24.1 24.4 3.624  -38.1   26.9    2.2  18    0.8   5 0 0 1 1 2 0 21.0 20.5 21.0 20.4 80.0 100 100 20 408 0 143 0 400 401 399 0 0 0 59 50 WAIT_ACK 0 
b.1 2025-08-01 18:06:09.437 a 2025-08-01-18:06:00 308 206 353 0.3 2.2 5.6 20.4 17.9 736.1 0.00 0 0.0 30.3 24.1 24.4 3.624  -39.7   26.9    2.3  18    0.7   5 0 0 1 1 2 0 21.0 20.3 20.9 20.3 80.0 100 100 20 408 0 143 0 401 401 399 0 0 0 60 50 WAIT_ACK 0 
b.1 2025-08-01 18:07:10.157 a 2025-08-01-18:07:00 013 161 299 0.2 2.6 6.5 20.4 17.8 736.0 0.00 0 0.0 29.7 24.1 24.4 3.628  -39.3   26.9    2.6  18    0.6   5 0 0 1 1 2 0 21.0 20.1 21.0 20.1 80.0 100 100 20 408 0 143 0 402 400 400 0 0 0 59 50 WAIT_ACK 0 
b.1 2025-08-01 18:08:09.759 a 2025-08-01-18:08:00 015 174 115 0.2 2.0 4.9 20.2 18.1 736.1 0.00 0 0.0 29.7 24.1 24.5 3.624  -38.3   26.8    2.4  18    0.5   0 0 0 1 1 2 0 21.0 20.0 20.9 20.2 80.0 100 100 20 408 0 143 0 401 401 399 0 0 0 60 50 WAIT_ACK 0 
b.1 2025-08-01 18:09:09.217 a 2025-08-01-18:08:59 198 145 267 0.1 2.2 5.9 20.2 18.4 736.1 0.00 0 0.0 29.7 24.1 24.4 3.624  -36.7   26.7    2.4  18    0.5   0 0 0 1 1 2 0 21.0 20.5 20.9 20.3 80.0 100 100 20 408 0 143 0 401 401 399 0 0 0 59 50 WAIT_ACK 0 
b.1 2025-08-01 18:10:11.997 a 2025-08-01-18:10:02 149 158 326 0.1 0.9 4.4 20.2 18.5 736.2 0.00 0 0.0 30.7 24.1 24.4 3.624  -38.5   26.7    2.2  18    0.6   0 0 0 1 1 2 0 21.0 20.9 20.9 20.4 80.0 100 100 20 408 0 143 0 401 401 399 0 0 0 59 50 WAIT_ACK 0 
b.1 2025-08-01 18:11:09.796 a 2025-08-01-18:11:00 068 191 348 0.2 2.1 4.7 20.3 18.3 736.2 0.00 0 0.0 30.2 24.1 24.4 3.626  -37.3   26.7    2.3  18    0.6   5 0 0 1 1 2 0 21.0 20.5 21.0 20.6 80.0 100 100 20 408 0 143 0 402 401 400 0 0 0 59 50 WAIT_ACK 0 
b.1 2025-08-01 18:12:10.578 a 2025-08-01-18:12:01 120 147 136 0.1 0.8 2.4 20.3 18.6 736.2 0.00 0 0.0 31.0 24.1 24.5 3.624  -36.6   26.7    0.0  18    0.7   0 0 0 1 1 2 0 21.0 20.6 21.0 20.3 80.0 100 100 20 408 0 143 0 401 401 400 0 0 0 59 50 WAIT_ACK 0 
b.1 2025-08-01 18:13:09.497 a 2025-08-01-18:13:00 157 185 260 0.2 1.2 4.8 20.5 17.8 736.1 0.00 0 0.0 31.8 24.2 24.4 3.626  -39.7   26.7    2.2  18    0.7   5 0 0 1 1 2 0 21.0 20.3 21.0 20.3 80.0 100 100 20 408 0 143 0 402 401 400 0 0 0 59 50 WAIT_ACK 0 
b.1 2025-08-01 18:14:11.338 a 2025-08-01-18:14:01 046 187 325 0.1 1.8 5.7 20.6 17.9 736.1 0.00 0 0.0 31.4 24.1 24.4 3.626  -37.9   26.8    2.2  18    0.6   5 0 0 1 1 2 0 21.0 20.4 21.0 20.4 80.0 100 100 20 408 0 143 0 401 401 400 0 0 0 59 50 WAIT_ACK 0 
b.1 2025-08-01 18:15:10.578 a 2025-08-01-18:15:01 255 141 329 0.1 1.2 3.6 20.6 18.1 736.1 0.00 0 0.0 31.8 24.1 24.4 3.626  -37.3   26.8    2.2  18    0.7   0 0 0 1 1 2 0 21.1 20.8 21.1 20.4 80.0 100 100 20 408 0 143 0 401 401 400 0 0 0 60 50 WAIT_ACK 0 
b.1 2025-08-01 18:16:11.299 a 2025-08-01-18:16:01 161 152 358 0.1 0.9 2.6 20.6 18.2 736.1 0.00 0 0.0 32.7 24.1 24.4 3.626  -37.2   26.8    2.2  18    0.7   0 0 0 1 1 2 0 21.1 20.4 21.1 20.5 80.0 100 100 20 408 0 143 0 401 401 400 0 0 0 60 50 WAIT_ACK 0 
b.1 2025-08-01 18:17:12.999 a 2025-08-01-18:17:03 017 152 303 0.1 2.0 5.1 20.6 18.6 736.1 0.00 0 0.0 32.4 24.1 24.4 3.628  -36.5   26.8    2.3  18    0.8   0 0 0 1 1 2 0 21.1 20.5 21.0 20.5 80.0 100 100 20 408 0 143 0 401 402 399 0 0 0 60 50 WAIT_ACK 0 
b.1 2025-08-01 18:18:12.003 a 2025-08-01-18:18:02 252 162 295 0.0 1.3 4.9 20.6 18.3 736.1 0.00 0 0.0 32.9 24.1 24.4 3.624  -39.4   26.8    2.2  18    0.9   5 0 0 1 1 2 0 21.1 20.5 21.1 20.5 80.0 100 100 20 408 0 143 0 401 401 400 0 0 0 59 50 WAIT_ACK 0 
b.1 2025-08-01 18:19:12.578 a 2025-08-01-18:19:03 278 165 334 0.1 1.4 3.6 20.7 18.2 736.1 0.00 0 0.0 32.8 24.1 24.4 3.626  -38.7   26.9    2.2  18    0.9   5 0 0 1 1 2 0 21.1 20.6 21.1 20.6 80.0 100 100 20 408 0 143 0 401 401 399 0 0 0 59 50 WAIT_ACK 0 
b.1 2025-08-01 18:20:12.101 a 2025-08-01-18:20:02 111 150 318 0.1 1.8 5.9 20.7 18.2 736.1 0.00 0 0.0 32.1 24.1 24.4 3.633  -36.8   27.0    2.2  18    0.8   0 0 0 1 1 2 0 21.1 20.5 21.1 20.6 80.0 100 100 20 408 0 143 0 401 401 399 0 0 0 59 50 WAIT_ACK 0 
b.1 2025-08-01 18:21:11.003 a 2025-08-01-18:21:01 027 100 168 0.1 1.2 7.0 20.7 18.2 736.1 0.00 0 0.0 32.4 24.1 24.4 3.632  -36.2   27.0    2.1  18    0.9   0 0 0 1 1 2 0 21.1 20.4 21.1 20.4 80.0 100 100 20 408 0 143 0 400 401 400 0 0 0 59 50 WAIT_ACK 0 
b.1 2025-08-01 18:22:09.463 a 2025-08-01-18:22:00 011 297 326 0.1 1.3 4.1 20.7 18.2 736.1 0.00 0 0.0 32.7 24.1 24.4 3.624  -38.0   27.0    2.3  18    1.0   5 0 0 1 1 2 0 21.1 20.4 21.2 20.4 80.0 100 100 20 408 0 143 0 401 402 399 0 0 0 59 50 WAIT_ACK 0 
b.1 2025-08-01 18:23:10.700 a 2025-08-01-18:23:01 012 203 262 0.1 2.3 5.2 20.8 18.0 736.1 0.00 0 0.0 32.1 24.1 24.4 3.628  -39.9   27.1    2.5  18    1.0   5 0 0 1 1 2 0 21.2 20.4 21.2 20.3 80.0 100 100 20 408 0 143 0 402 401 400 0 0 0 59 50 WAIT_ACK 0 
b.1 2025-08-01 18:24:07.664 a 2025-08-01-18:23:58 073 196 303 0.3 2.3 7.0 20.8 17.4 736.0 0.00 0 0.0 30.9 24.1 24.4 3.626  -37.4   27.2    2.5  18    0.8   5 0 0 1 1 2 0 21.2 20.2 21.2 19.9 80.0 100 100 20 408 0 143 0 401 401 399 0 0 0 59 50 WAIT_ACK 0 
b.1 2025-08-01 18:25:14.661 a 2025-08-01-18:25:05 101 246 320 0.2 2.1 6.0 20.7 17.7 736.1 0.00 0 0.0 30.8 24.1 24.4 3.626  -39.7   27.2    2.5  18    0.7   5 0 0 1 1 2 0 21.2 19.8 21.2 20.0 80.0 100 100 20 408 0 143 0 402 401 400 0 0 0 59 50 WAIT_ACK 0 
b.1 2025-08-01 18:26:09.088 a 2025-08-01-18:25:59 010 221 087 0.2 2.2 6.1 20.7 17.5 736.2 0.00 0 0.0 30.1 24.1 24.4 3.626  -37.3   27.2    2.6  18    0.7   5 0 0 1 1 2 0 21.2 20.2 21.2 19.9 80.0 100 100 20 408 0 143 0 402 401 400 0 0 0 60 50 WAIT_ACK 0 
b.1 2025-08-01 18:27:09.026 a 2025-08-01-18:26:59 051 196 262 0.3 2.8 5.7 20.7 17.8 736.2 0.00 0 0.0 29.5 24.1 24.4 3.623  -37.3   27.2    2.9  18    0.8   5 0 0 1 1 2 0 21.2 19.7 21.1 19.8 80.0 100 100 20 408 0 143 0 401 402 399 0 0 0 59 50 WAIT_ACK 0 
b.1 2025-08-01 18:28:08.365 a 2025-08-01-18:27:58 003 211 097 0.4 3.0 6.6 20.5 18.1 736.2 0.00 0 0.0 28.9 24.1 24.4 3.627  -40.2   27.1    3.2  18    0.8   5 0 0 1 1 2 0 21.2 19.6 21.2 19.7 80.0 100 100 20 408 0 143 0 401 401 400 0 0 0 60 50 WAIT_ACK 0 
b.1 2025-08-01 18:29:12.388 a 2025-08-01-18:29:02 217 176 313 0.2 1.5 4.1 20.4 18.2 736.2 0.00 0 0.0 29.7 24.1 24.4 3.624  -38.0   27.1    2.5  18    0.8   5 0 0 1 1 2 0 21.2 20.0 21.2 19.7 80.0 100 100 20 408 0 143 0 401 401 399 0 0 0 59 50 WAIT_ACK 0 
b.1 2025-08-01 18:30:13.121 a 2025-08-01-18:30:03 076 178 256 0.4 2.6 7.0 20.3 18.0 736.2 0.00 0 0.0 29.6 24.1 24.4 3.626  -37.6   27.1    2.6  18    0.6   5 0 0 1 1 2 0 21.2 20.0 21.1 19.8 80.0 100 100 20 408 0 143 0 400 402 399 0 0 0 60 50 WAIT_ACK 0 
b.1 2025-08-01 18:31:09.505 a 2025-08-01-18:31:00 234 167 345 0.2 1.8 6.6 20.3 18.1 736.2 0.00 0 0.0 30.2 24.1 24.5 3.629  -39.0   27.1    2.5  18    0.7   5 0 0 1 1 2 0 21.2 19.9 21.1 19.8 80.0 100 100 20 408 0 143 0 401 401 400 0 0 0 59 50 WAIT_ACK 0 
b.1 2025-08-01 18:32:10.789 a 2025-08-01-18:32:01 301 158 336 0.1 1.5 3.6 20.4 18.0 736.2 0.00 0 0.0 30.4 24.2 24.4 3.628  -36.5   27.0    2.3  18    0.6   0 0 0 1 1 2 0 21.1 20.0 21.1 20.1 80.0 100 100 20 408 0 143 0 401 401 399 0 0 0 59 50 WAIT_ACK 0 
b.1 2025-08-01 18:33:14.005 a 2025-08-01-18:33:04 090 197 341 0.1 1.7 3.5 20.3 18.2 736.2 0.00 0 0.0 30.7 24.1 24.4 3.629  -38.3   27.0    2.3  18    0.7   5 0 0 1 1 2 0 21.2 20.3 21.1 20.0 80.0 100 100 20 408 0 143 0 400 401 400 0 0 0 59 50 WAIT_ACK 0 
b.1 2025-08-01 18:34:10.967 a 2025-08-01-18:34:01 038 170 329 0.1 1.2 3.6 20.3 18.4 736.2 0.00 0 0.0 31.3 24.1 24.4 3.624  -36.0   27.0    2.2  18    0.7   0 0 0 1 1 2 0 21.2 20.4 21.1 20.0 80.0 100 100 20 408 0 143 0 401 401 399 0 0 0 59 50 WAIT_ACK 0 
b.1 2025-08-01 18:35:13.546 a 2025-08-01-18:35:04 009 204 320 0.1 1.7 5.4 20.4 18.0 736.2 0.00 0 0.0 31.5 24.1 24.4 3.626  -36.1   27.0    2.2  18    0.8   0 0 0 1 1 2 0 21.1 20.3 21.1 19.9 80.0 100 100 20 408 0 143 0 402 401 400 0 0 0 59 50 WAIT_ACK 0 
b.1 2025-08-01 18:36:11.483 a 2025-08-01-18:36:02 251 217 319 0.2 2.3 5.2 20.5 18.1 736.2 0.00 0 0.0 31.0 24.1 24.4 3.628  -40.3   27.1    2.3  18    0.7   0 0 0 1 1 2 0 21.1 20.0 21.2 20.2 80.0 100 100 20 408 0 143 0 401 401 399 0 0 0 59 50 WAIT_ACK 0 
b.1 2025-08-01 18:37:10.388 a 2025-08-01-18:37:00 090 198 309 0.0 1.6 5.2 20.5 18.4 736.2 0.00 0 0.0 31.4 24.1 24.4 3.626  -42.7   27.1    2.2  18    0.8   5 0 0 1 1 2 0 21.2 19.8 21.2 19.9 80.0 100 100 20 408 0 143 0 401 401 400 0 0 0 59 50 WAIT_ACK 0 
b.1 2025-08-01 18:38:12.505 a 2025-08-01-18:38:03 013 184 259 0.4 2.1 6.2 20.5 18.7 736.2 0.00 0 0.0 31.0 24.1 24.4 3.626  -36.6   27.1    2.3  18    0.9   5 0 0 1 1 2 0 21.2 20.0 21.2 20.1 80.0 100 100 20 408 0 143 0 401 401 400 0 0 0 59 50 WAIT_ACK 0 
b.1 2025-08-01 18:39:09.565 a 2025-08-01-18:39:00 252 165 325 0.1 1.3 4.4 20.6 18.5 736.3 0.00 0 0.0 31.7 24.1 24.4 3.633  -34.9   27.2    2.2  18    0.9   0 0 0 1 1 2 0 21.2 20.0 21.2 20.0 80.0 100 100 20 408 0 143 0 400 401 399 0 0 0 59 50 WAIT_ACK 0 
b.1 2025-08-01 18:40:11.453 a 2025-08-01-18:40:01 062 214 282 0.1 1.9 5.2 20.8 18.4 736.3 0.00 0 0.0 31.9 24.1 24.4 3.627  -38.9   27.2    2.3  18    1.0   5 0 0 1 1 2 0 21.2 20.2 21.2 20.0 80.0 100 100 20 408 0 143 0 401 401 399 0 0 0 59 50 WAIT_ACK 0 
b.1 2025-08-01 18:41:12.726 a 2025-08-01-18:41:03 090 278 313 0.2 1.8 6.8 20.9 18.4 736.3 0.00 0 0.0 32.0 24.1 24.4 3.628  -41.2   27.3    2.2  18    1.0   5 0 0 1 1 2 0 21.2 20.4 21.2 20.1 80.0 100 100 20 408 0 143 0 402 401 400 0 0 0 60 50 WAIT_ACK 0 
b.1 2025-08-01 18:42:09.187 a 2025-08-01-18:41:59 120 193 254 0.4 2.6 5.3 20.9 17.3 736.3 0.00 0 0.0 31.0 24.1 24.4 3.626  -41.6   27.3    2.4  18    0.9   5 0 0 1 1 2 0 21.2 20.2 21.2 20.1 80.0 100 100 20 408 0 143 0 401 401 399 0 0 0 59 50 WAIT_ACK 0 
b.1 2025-08-01 18:43:10.388 a 2025-08-01-18:43:00 126 202 271 1.0 4.4 9.5 20.8 16.6 736.3 0.00 0 0.0 28.8 24.1 24.4 3.626  -41.2   27.3    4.0  18    0.8   5 0 0 1 1 2 0 21.2 19.8 21.2 20.0 80.0 100 100 20 408 0 143 0 401 401 400 0 0 0 60 50 WAIT_ACK 0 
b.1 2025-08-01 18:44:10.428 a 2025-08-01-18:44:00 296 187 337 0.1 1.5 4.4 20.4 16.9 736.3 0.00 0 0.0 29.2 24.1 24.4 3.624  -37.1   27.2    2.7  17    0.4   5 0 0 1 1 2 0 21.2 19.7 21.3 19.7 80.0 100 100 20 408 0 143 0 402 401 400 0 0 0 60 50 WAIT_ACK 0 
b.1 2025-08-01 18:45:12.092 a 2025-08-01-18:45:02 080 210 315 0.2 2.1 5.4 20.3 17.4 736.3 0.00 0 0.0 29.8 24.1 24.4 3.626  -38.0   27.2    2.7  17    0.3   5 0 0 1 1 2 0 21.2 19.6 21.3 19.7 80.0 100 100 20 408 0 143 0 402 401 399 0 0 0 59 50 WAIT_ACK 0 
b.1 2025-08-01 18:46:08.772 a 2025-08-01-18:45:59 044 183 221 0.1 1.4 4.4 20.3 17.4 736.3 0.00 0 0.0 30.4 24.1 24.5 3.626  -37.5   27.1    2.3  17    0.4   0 0 0 1 1 2 0 21.3 19.5 21.3 19.4 80.0 100 100 20 408 0 143 0 401 401 399 0 0 0 59 50 WAIT_ACK 0 
b.1 2025-08-01 18:47:11.349 a 2025-08-01-18:47:01 051 181 231 0.2 1.6 3.8 20.3 17.7 736.3 0.00 0 0.0 31.0 24.1 24.4 3.624  -37.9   27.1    2.2  18    0.4   0 0 0 1 1 2 0 21.3 19.3 21.3 19.4 80.0 100 100 20 408 0 143 0 401 401 400 0 0 0 60 50 WAIT_ACK 0 
b.1 2025-08-01 18:48:10.309 a 2025-08-01-18:48:00 052 174 318 0.3 1.4 3.6 20.3 18.0 736.3 0.00 0 0.0 31.7 24.1 24.4 3.626  -42.2   27.1    2.2  18    0.5   0 0 0 1 1 2 0 21.2 20.2 21.3 19.7 80.0 100 100 20 408 0 143 0 401 401 400 0 0 0 59 50 WAIT_ACK 0 
b.1 2025-08-01 18:49:11.032 a 2025-08-01-18:49:01 244 183 285 0.2 1.6 3.9 20.4 18.0 736.3 0.00 0 0.0 31.5 24.1 24.4 3.623  -36.7   27.1    2.2  18    0.6   0 0 0 1 1 2 0 21.3 20.0 21.3 19.7 80.0 100 100 20 408 0 143 0 401 401 399 0 0 0 60 50 WAIT_ACK 0 
b.1 2025-08-01 18:50:11.071 a 2025-08-01-18:50:01 247 187 285 0.3 1.6 4.5 20.4 18.0 736.3 0.00 0 0.0 31.7 24.1 24.4 3.626  -36.9   27.2    2.2  18    0.6   5 0 0 1 1 2 0 21.3 19.8 21.3 19.7 80.0 100 100 20 408 0 143 0 401 401 399 0 0 0 59 50 WAIT_ACK 0 
b.1 2025-08-01 18:51:10.489 a 2025-08-01-18:51:01 009 225 110 0.2 2.5 6.1 20.3 18.1 736.3 0.00 0 0.0 30.5 24.1 24.4 3.624  -36.9   27.2    2.5  18    0.6   5 0 0 1 1 2 0 21.3 19.9 21.3 19.8 80.0 100 100 20 408 0 143 0 401 401 399 0 0 0 59 50 WAIT_ACK 0 
b.1 2025-08-01 18:52:11.269 a 2025-08-01-18:52:01 048 203 246 0.1 2.1 4.7 20.3 18.0 736.3 0.00 0 0.0 30.8 24.1 24.4 3.632  -38.7   27.2    2.5  18    0.6   5 0 0 1 1 2 0 21.3 19.4 21.3 19.7 80.0 100 100 20 408 0 143 0 401 401 400 0 0 0 59 50 WAIT_ACK 0 
b.1 2025-08-01 18:53:10.413 a 2025-08-01-18:53:00 252 211 307 0.3 2.3 5.5 20.3 18.0 736.3 0.00 0 0.0 30.6 24.1 24.4 3.626  -37.8   27.2    2.5  18    0.5   0 0 0 1 1 2 0 21.3 19.9 21.3 19.7 80.0 100 100 20 408 0 143 0 401 401 400 0 0 0 59 50 WAIT_ACK 0 
b.1 2025-08-01 18:54:09.371 a 2025-08-01-18:53:59 095 211 309 0.2 2.9 6.6 20.4 17.8 736.3 0.00 0 0.0 29.9 24.1 24.4 3.626  -36.4   27.2    2.7  18    0.5   5 0 0 1 1 2 0 21.3 19.4 21.3 19.6 80.0 100 100 20 408 0 143 0 401 401 400 0 0 0 59 50 WAIT_ACK 0 
b.1 2025-08-01 18:55:12.654 a 2025-08-01-18:55:03 148 203 240 1.1 4.1 7.5 20.4 17.8 736.3 0.00 0 0.0 28.5 24.1 24.4 3.626  -43.7   27.2    4.5  18    0.6   5 0 0 1 1 2 0 21.4 19.5 21.4 19.6 80.0 100 100 20 408 0 143 0 401 401 400 0 0 0 60 50 WAIT_ACK 0 
b.1 2025-08-01 18:56:09.434 a 2025-08-01-18:55:59 001 202 113 0.1 2.5 5.2 20.4 17.6 736.3 0.00 0 0.0 28.6 24.1 24.4 3.626  -38.3   27.1    3.5  18    0.5   5 0 0 1 1 2 0 21.4 19.4 21.4 19.5 80.0 100 100 20 408 0 143 0 400 401 400 0 0 0 59 50 WAIT_ACK 0 
b.1 2025-08-01 18:57:10.673 a 2025-08-01-18:57:01 260 194 327 0.1 3.0 7.0 20.2 17.9 736.3 0.00 0 0.0 28.7 24.1 24.5 3.626  -39.8   27.1    3.6  18    0.4   5 0 0 1 1 2 0 21.4 19.5 21.4 19.4 80.0 100 100 20 408 0 143 0 400 402 399 0 0 0 60 50 WAIT_ACK 0 
b.1 2025-08-01 18:58:09.875 a 2025-08-01-18:58:00 155 206 284 1.2 3.3 5.9 20.2 17.6 736.3 0.00 0 0.0 27.9 24.1 24.4 3.633  -43.3   27.1    4.2  18    0.5   5 0 0 1 1 2 0 21.4 19.2 21.4 19.3 80.0 100 100 20 408 0 143 0 401 401 399 0 0 0 60 50 WAIT_ACK 0 
b.1 2025-08-01 18:59:08.232 a 2025-08-01-18:58:58 130 204 292 0.4 2.4 4.0 20.0 17.7 736.3 0.00 0 0.0 28.2 24.1 24.4 3.626  -39.3   27.0    3.7  18    0.4   5 0 0 1 1 2 0 21.4 19.3 21.4 19.2 80.0 100 100 20 408 0 143 0 401 401 399 0 0 0 59 50 WAIT_ACK 0 
b.1 2025-08-01 19:00:12.036 a 2025-08-01-19:00:02 071 205 312 0.1 2.1 6.4 19.8 18.2 736.4 0.00 0 0.0 28.8 24.1 24.4 3.626  -38.3   27.0    3.2  18    0.4   5 0 0 1 1 2 0 21.4 19.2 21.4 19.2 80.0 100 100 20 408 0 143 0 402 401 400 0 0 0 60 50 WAIT_ACK 0 
b.1 2025-08-01 19:01:10.296 a 2025-08-01-19:01:00 089 215 285 0.3 2.8 4.7 19.8 17.9 736.3 0.00 0 0.0 28.6 24.1 24.4 3.634  -38.8   27.0    3.7  18    0.5   5 0 0 1 1 2 0 21.4 18.9 21.4 19.0 80.0 100 100 20 408 0 143 0 401 401 399 0 0 0 60 50 WAIT_ACK 0 
b.1 2025-08-01 19:02:10.236 a 2025-08-01-19:02:00 233 192 296 0.3 2.8 6.1 19.7 18.2 736.3 0.00 0 0.0 28.7 24.1 24.4 3.626  -38.6   27.0    3.8  18    0.4   5 0 0 1 1 2 0 21.4 19.0 21.3 18.9 80.0 100 100 20 408 0 143 0 402 401 400 0 0 0 60 50 WAIT_ACK 0 
b.1 2025-08-01 19:03:10.357 a 2025-08-01-19:03:00 085 194 279 0.2 2.0 6.2 19.7 18.1 736.3 0.00 0 0.0 28.7 24.1 24.4 3.627  -37.1   27.0    2.9  18    0.3   0 0 0 1 1 2 0 21.4 18.9 21.3 18.9 80.0 100 100 20 408 0 143 0 401 401 400 0 0 0 59 50 WAIT_ACK 0 
b.1 2025-08-01 19:04:11.032 a 2025-08-01-19:04:01 075 174 343 0.3 1.7 4.2 19.7 18.0 736.3 0.00 0 0.0 29.7 24.1 24.4 3.632  -38.4   26.9    2.7  18    0.3   5 0 0 1 1 2 0 21.4 18.7 21.3 18.9 80.0 100 100 20 408 0 143 0 401 401 399 0 0 0 60 50 WAIT_ACK 0 
b.1 2025-08-01 19:05:14.451 a 2025-08-01-19:05:04 244 163 354 0.1 1.1 2.9 19.7 18.2 736.3 0.00 0 0.0 30.8 24.1 24.5 3.627  -36.5   26.9    2.3  18    0.3   5 0 0 1 1 2 0 21.3 19.2 21.3 19.0 80.0 100 100 20 408 0 143 0 401 401 400 0 0 0 60 50 WAIT_ACK 0 
b.1 2025-08-01 19:06:11.055 a 2025-08-01-19:06:01 093 312 254 0.1 1.6 6.2 19.8 18.4 736.4 0.00 0 0.0 31.7 24.1 24.4 3.624  -39.4   26.9    2.3  18    0.3   5 0 0 1 1 2 0 21.3 19.0 21.3 19.0 80.0 100 100 20 408 0 143 0 402 401 400 0 0 0 59 50 WAIT_ACK 0 
b.1 2025-08-01 19:07:13.493 a 2025-08-01-19:07:04 086 207 326 0.3 2.7 6.2 20.0 17.6 736.3 0.00 0 0.0 30.6 24.1 24.4 3.626  -35.9   27.0    2.5  18    0.4   5 0 0 1 1 2 0 21.3 19.2 21.3 18.9 80.0 100 100 20 408 0 143 0 401 401 399 0 0 0 59 50 WAIT_ACK 0 
b.1 2025-08-01 19:08:13.296 a 2025-08-01-19:08:03 242 187 305 0.1 1.4 3.7 20.2 17.8 736.4 0.00 0 0.0 31.4 24.1 24.4 3.624  -37.2   27.1    2.3  18    0.4   5 0 0 1 1 2 0 21.4 19.4 21.4 19.0 80.0 100 100 20 408 0 143 0 401 401 400 0 0 0 59 50 WAIT_ACK 0 
b.1 2025-08-01 19:09:11.094 a 2025-08-01-19:09:01 231 172 270 0.1 1.5 4.0 20.4 17.8 736.4 0.00 0 0.0 32.0 24.1 24.4 3.624  -36.8   27.1    2.2  17    0.4   5 0 0 1 1 2 0 21.4 19.5 21.4 19.2 80.0 100 100 20 408 0 143 0 401 401 399 0 0 0 60 50 WAIT_ACK 0 
b.1 2025-08-01 19:10:11.278 a 2025-08-01-19:10:01 287 186 352 0.3 1.6 4.6 20.6 18.0 736.3 0.00 0 0.0 32.2 24.2 24.4 3.626  -36.8   27.2    2.3  17    0.4   0 0 0 1 1 2 0 21.4 19.4 21.5 19.3 80.0 100 100 20 408 0 143 0 401 402 399 0 0 0 59 50 WAIT_ACK 0 
b.1 2025-08-01 19:11:11.318 a 2025-08-01-19:11:01 218 177 283 0.1 1.2 4.1 20.6 18.3 736.3 0.00 0 0.0 32.7 24.1 24.4 3.626  -38.1   27.2    2.2  18    0.5   5 0 0 1 1 2 0 21.4 19.5 21.5 19.4 80.0 100 100 20 408 0 143 0 401 401 399 0 0 0 59 50 WAIT_ACK 0 
b.1 2025-08-01 19:12:10.878 a 2025-08-01-19:12:01 291 144 326 0.1 1.0 2.2 20.7 18.4 736.3 0.00 0 0.0 33.6 24.1 24.4 3.626  -34.6   27.2    0.0  18    0.6   0 0 0 1 1 2 0 21.4 20.1 21.5 19.5 80.0 100 100 20 408 0 143 0 401 401 399 0 0 0 60 50 WAIT_ACK 0 
b.1 2025-08-01 19:13:09.880 a 2025-08-01-19:13:00 302 205 347 0.1 1.8 5.8 20.9 18.1 736.4 0.00 0 0.0 34.0 24.1 24.4 3.624  -39.2   27.3    2.4  18    0.7   5 0 0 1 1 2 0 21.4 19.6 21.5 19.5 80.0 100 100 20 408 0 143 0 401 401 400 0 0 0 59 50 WAIT_ACK 0 
b.1 2025-08-01 19:14:09.957 a 2025-08-01-19:14:00 095 196 281 0.2 2.4 5.1 21.0 16.7 736.3 0.00 0 0.0 32.4 24.1 24.4 3.632  -37.6   27.3    2.6  18    0.6   5 0 0 1 1 2 0 21.5 19.6 21.5 19.6 80.0 100 100 20 408 0 143 0 400 401 400 0 0 0 59 50 WAIT_ACK 0 
b.1 2025-08-01 19:15:14.476 a 2025-08-01-19:15:04 128 068 334 0.2 1.5 4.8 20.9 17.1 736.4 0.00 0 0.0 32.7 24.1 24.4 3.626  -37.4   27.4    2.4  17    0.5   5 0 0 1 1 2 0 21.5 19.7 21.5 19.6 80.0 100 100 20 408 0 143 0 402 402 399 0 0 0 59 50 WAIT_ACK 0 
b.1 2025-08-01 19:16:12.096 a 2025-08-01-19:16:02 302 263 312 0.2 1.3 3.1 21.0 16.9 736.4 0.00 0 0.0 33.2 24.1 24.4 3.623  -39.7   27.4    2.3  17    0.4   5 0 0 1 1 2 0 21.5 19.5 21.5 19.5 80.0 100 100 20 408 0 143 0 401 401 400 0 0 0 60 50 WAIT_ACK 0 
b.1 2025-08-01 19:17:13.375 a 2025-08-01-19:17:03 116 093 131 0.1 0.5 2.0 21.0 16.9 736.4 0.00 0 0.0 34.5 24.1 24.4 3.627  -39.0   27.5    0.0  17    0.5   0 0 0 1 1 2 0 21.5 19.6 21.5 19.0 80.0 100 100 20 408 0 143 0 401 401 399 0 0 0 59 50 WAIT_ACK 0 
b.1 2025-08-01 19:18:10.484 a 2025-08-01-19:18:00 063 299 330 0.1 1.1 4.4 21.2 16.9 736.3 0.00 0 0.0 35.0 24.1 24.4 3.626  -40.4   27.6    2.2  17    0.6   5 0 0 1 1 2 0 21.5 19.7 21.5 19.3 80.0 100 100 20 408 0 143 0 401 401 400 0 0 0 59 50 WAIT_ACK 0 
b.1 2025-08-01 19:19:11.019 a 2025-08-01-19:19:01 145 175 181 0.1 0.7 3.2 21.3 16.7 736.4 0.00 0 0.0 35.6 24.1 24.4 3.624  -35.5   27.7    0.0  17    0.6   0 0 0 1 1 2 0 21.5 19.8 21.5 19.4 80.0 100 100 20 408 0 143 0 400 402 399 0 0 0 59 50 WAIT_ACK 0 
b.1 2025-08-01 19:20:13.400 a 2025-08-01-19:20:03 034 214 346 0.1 2.0 5.6 21.4 16.2 736.4 0.00 0 0.0 34.9 24.1 24.4 3.633  -42.5   27.8    2.4  17    0.6   5 0 0 1 1 2 0 21.5 19.1 21.6 18.9 80.0 100 100 20 408 0 143 0 401 401 399 0 0 0 60 50 WAIT_ACK 0 
b.1 2025-08-01 19:21:12.480 a 2025-08-01-19:21:03 084 262 314 0.1 2.1 6.7 21.3 16.2 736.4 0.00 0 0.0 33.3 24.1 24.4 3.624  -39.5   27.9    2.6  17    0.3   5 0 0 1 1 2 0 21.5 18.6 21.6 18.7 80.0 100 100 20 408 0 143 0 401 401 400 0 0 0 60 50 WAIT_ACK 0 
b.1 2025-08-01 19:22:09.723 a 2025-08-01-19:22:00 045 200 323 0.1 2.9 6.3 21.1 16.8 736.4 0.00 0 0.0 31.9 24.1 24.4 3.624  -36.1   27.9    2.8  17    0.4   5 0 0 1 1 2 0 21.5 18.7 21.5 18.4 80.0 100 100 20 408 0 143 0 401 401 400 0 0 0 60 50 WAIT_ACK 0 
b.1 2025-08-01 19:23:13.180 a 2025-08-01-19:23:03 004 205 329 0.1 1.4 3.9 21.0 17.1 736.4 0.00 0 0.0 32.9 24.1 24.4 3.632  -36.9   27.8    2.4  17    0.5   0 0 0 1 1 2 0 21.4 19.3 21.5 19.0 80.0 100 100 20 408 0 143 0 400 401 399 0 0 0 60 50 WAIT_ACK 0 
b.1 2025-08-01 19:24:11.723 a 2025-08-01-19:24:02 090 218 262 0.1 2.0 4.9 21.0 16.8 736.4 0.00 0 0.0 33.1 24.1 24.4 3.632  -36.7   27.8    2.4  17    0.5   5 0 0 1 1 2 0 21.4 19.1 21.5 19.0 80.0 100 100 20 408 0 143 0 402 401 400 0 0 0 59 50 WAIT_ACK 0 
b.1 2025-08-01 19:25:14.118 a 2025-08-01-19:25:04 069 263 242 0.1 1.3 5.3 21.2 16.5 736.4 0.00 0 0.0 34.1 24.1 24.4 3.626  -38.4   27.8    2.2  17    0.6   5 0 0 1 1 2 0 21.4 19.1 21.5 18.8 80.0 100 100 20 408 0 143 0 401 401 399 0 0 0 59 50 WAIT_ACK 0 
b.1 2025-08-01 19:26:10.759 a 2025-08-01-19:26:01 166 227 278 1.8 3.9 6.3 21.2 16.5 736.4 0.00 0 0.0 31.8 24.1 24.4 3.624  -39.1   27.9    3.3  17    0.7   5 0 0 1 1 2 0 21.4 19.1 21.5 18.7 80.0 100 100 20 408 0 143 0 401 401 400 0 0 0 60 50 WAIT_ACK 0 
b.1 2025-08-01 19:27:10.065 a 2025-08-01-19:27:00 008 206 313 0.1 2.0 3.7 21.2 16.3 736.4 0.00 0 0.0 31.6 24.1 24.4 3.628  -40.4   27.9    3.0  17    0.5   5 0 0 1 1 2 0 21.4 18.9 21.6 18.9 80.0 100 100 20 408 0 143 0 401 401 399 0 0 0 59 50 WAIT_ACK 0 
b.1 2025-08-01 19:28:10.680 a 2025-08-01-19:28:01 033 221 298 0.2 3.3 6.6 20.9 16.8 736.4 0.00 0 0.0 30.6 24.1 24.4 3.626  -39.5   27.9    4.2  17    0.7   5 0 0 1 1 2 0 21.5 18.8 21.6 18.6 80.0 100 100 20 408 0 143 0 400 402 399 0 0 0 60 50 WAIT_ACK 0 
b.1 2025-08-01 19:29:11.964 a 2025-08-01-19:29:02 012 197 075 0.2 1.6 3.7 20.7 16.4 736.4 0.00 0 0.0 30.7 24.1 24.4 3.624  -37.0   27.9    3.1  17    0.6   5 0 0 1 1 2 0 21.5 18.5 21.6 18.5 80.0 100 100 20 408 0 143 0 401 401 399 0 0 0 60 50 WAIT_ACK 0 
b.1 2025-08-01 19:30:11.940 a 2025-08-01-19:30:02 012 280 093 0.2 1.6 4.2 20.4 16.8 736.4 0.00 0 0.0 31.1 24.1 24.4 3.626  -36.8   27.9    2.8  17    0.4   0 0 0 1 1 2 0 21.4 18.2 21.5 18.2 80.0 100 100 20 408 0 143 0 401 401 400 0 0 0 60 50 WAIT_ACK 0 
b.1 2025-08-01 19:31:13.042 a 2025-08-01-19:31:03 105 224 296 0.1 2.3 6.4 20.2 16.9 736.4 0.00 0 0.0 31.9 24.1 24.4 3.624  -40.4   27.9    2.6  17    0.4   5 0 0 1 1 2 0 21.4 18.7 21.5 18.4 80.0 100 100 20 408 0 143 0 401 401 400 0 0 0 59 50 WAIT_ACK 0 
b.1 2025-08-01 19:32:08.464 a 2025-08-01-19:31:58 071 189 304 0.0 2.8 6.4 20.2 17.0 736.4 0.00 0 0.0 30.7 24.1 24.4 3.626  -40.0   27.9    3.0  17    0.3   5 0 0 1 1 2 0 21.4 19.0 21.5 18.7 80.0 100 100 20 408 0 143 0 402 401 400 0 0 0 60 50 WAIT_ACK 0 
b.1 2025-08-01 19:33:11.325 a 2025-08-01-19:33:01 092 178 350 0.2 2.0 7.1 20.2 17.0 736.4 0.00 0 0.0 31.6 24.1 24.4 3.626  -39.6   27.8    2.6  17    0.3   5 0 0 1 1 2 0 21.4 19.0 21.5 18.7 80.0 100 100 20 408 0 143 0 401 401 399 0 0 0 60 50 WAIT_ACK 0 
b.1 2025-08-01 19:34:10.426 a 2025-08-01-19:34:00 111 228 270 0.3 4.0 7.1 20.4 16.3 736.4 0.00 0 0.0 29.8 24.1 24.4 3.624  -38.2   27.8    4.1  17    0.2   5 0 0 1 1 2 0 21.4 18.3 21.5 18.9 80.0 100 100 20 408 0 143 0 401 401 400 0 0 0 59 50 WAIT_ACK 0 
b.1 2025-08-01 19:35:10.484 a 2025-08-01-19:35:00 106 207 354 0.2 1.9 5.1 20.4 16.3 736.4 0.00 0 0.0 30.4 24.1 24.4 3.628  -37.5   27.7    3.1  16    0.0   0 0 0 1 1 2 0 21.4 18.5 21.5 18.3 80.0 100 100 20 408 0 143 0 401 401 400 0 0 0 60 50 WAIT_ACK 0 
b.1 2025-08-01 19:36:12.188 a 2025-08-01-19:36:02 068 262 282 0.1 1.2 4.6 20.5 16.4 736.4 0.00 0 0.0 32.1 24.1 24.4 3.627  -36.5   27.7    2.4  16   -0.1   0 0 0 1 1 2 0 21.4 18.7 21.5 18.3 80.0 100 100 20 408 0 143 0 402 401 400 0 0 0 60 50 WAIT_ACK 0 
b.1 2025-08-01 19:37:11.963 a 2025-08-01-19:37:02 046 211 296 0.2 2.5 4.9 20.6 16.4 736.4 0.00 0 0.0 31.7 24.1 24.4 3.624  -38.4   27.6    2.8  17    0.0   5 0 0 1 1 2 0 21.4 18.5 21.5 18.0 80.0 100 100 20 408 0 143 0 401 401 400 0 0 0 59 50 WAIT_ACK 0 
b.1 2025-08-01 19:38:12.187 a 2025-08-01-19:38:02 098 224 299 0.3 4.3 6.6 20.6 16.1 736.4 0.00 0 0.0 29.8 24.1 24.4 3.626  -41.6   27.6    5.5  17    0.2   5 0 0 1 1 2 0 21.4 18.1 21.4 18.1 80.0 100 100 20 408 0 143 0 401 401 400 0 0 0 60 50 WAIT_ACK 0 
b.1 2025-08-01 19:39:10.164 a 2025-08-01-19:39:00 103 226 276 0.2 2.4 4.5 20.3 16.2 736.4 0.00 0 0.0 29.7 24.1 24.4 3.633  -43.2   27.6    4.3  17    0.1   6 0 0 1 1 2 0 21.4 18.0 21.4 18.2 80.0 100 100 20 408 0 143 0 401 401 399 0 0 0 59 50 WAIT_ACK 0 
b.1 2025-08-01 19:40:14.645 a 2025-08-01-19:40:05 033 198 212 0.0 1.0 5.1 20.2 16.7 736.4 0.00 0 0.0 31.3 24.1 24.4 3.626  -37.4   27.5    2.6  17   -0.1   5 0 0 1 1 2 0 21.4 18.3 21.4 18.0 80.0 100 100 20 408 0 143 0 401 401 400 0 0 0 59 50 WAIT_ACK 0 
b.1 2025-08-01 19:41:11.184 a 2025-08-01-19:41:01 213 164 297 0.1 1.0 2.8 20.2 17.0 736.3 0.00 0 0.0 32.4 24.1 24.4 3.626  -34.8   27.5    2.3  16   -0.2   0 0 0 1 1 2 0 21.4 18.1 21.5 18.0 80.0 100 100 20 408 0 143 0 401 401 400 0 0 0 60 50 WAIT_ACK 0 
b.1 2025-08-01 19:42:11.269 a 2025-08-01-19:42:01 280 190 331 0.1 1.4 4.0 20.4 16.7 736.4 0.00 0 0.0 33.2 24.1 24.4 3.629  -36.2   27.4    2.2  16   -0.2   0 0 0 1 1 2 0 21.4 18.0 21.5 18.0 80.0 100 100 20 408 0 143 0 401 402 399 0 0 0 60 50 WAIT_ACK 0 
b.1 2025-08-01 19:43:10.344 a 2025-08-01-19:43:00 240 222 335 0.1 1.2 3.8 20.6 15.9 736.4 0.00 0 0.0 33.6 24.1 24.5 3.628  -35.4   27.4    2.2  16   -0.3   0 0 0 1 1 2 0 21.5 17.6 21.5 17.8 80.0 100 100 20 408 0 143 0 401 401 399 0 0 0 59 50 WAIT_ACK 0 
b.1 2025-08-01 19:44:09.869 a 2025-08-01-19:44:00 102 183 295 0.1 1.2 3.8 20.9 15.7 736.4 0.00 0 0.0 34.4 24.1 24.4 3.624  -35.8   27.5    2.2  16   -0.3   0 0 0 1 1 2 0 21.5 18.4 21.6 18.0 80.0 100 100 20 408 0 143 0 401 401 400 0 0 0 59 50 WAIT_ACK 0 
b.1 2025-08-01 19:45:13.186 a 2025-08-01-19:45:03 064 254 278 0.3 2.4 6.1 21.1 16.0 736.4 0.00 0 0.0 33.0 24.1 24.4 3.626  -38.1   27.6    2.6  16   -0.3   5 0 0 1 1 2 0 21.5 17.5 21.6 17.7 80.0 100 100 20 408 0 143 0 401 401 400 0 0 0 59 50 WAIT_ACK 0 
b.1 2025-08-01 19:46:07.694 a 2025-08-01-19:45:58 095 242 290 0.3 3.2 6.5 21.0 16.5 736.4 0.00 0 0.0 31.3 24.1 24.4 3.626  -38.7   27.6    3.7  16   -0.2   5 0 0 1 1 2 0 21.6 17.6 21.6 17.8 80.0 100 100 20 408 0 143 0 401 401 399 0 0 0 60 50 WAIT_ACK 0 
b.1 2025-08-01 19:47:10.168 a 2025-08-01-19:47:00 111 224 272 0.7 3.7 7.2 20.8 16.8 736.4 0.00 0 0.0 30.3 24.1 24.4 3.624  -37.3   27.5    4.4  16   -0.2   5 0 0 1 1 2 0 21.6 17.8 21.6 17.7 80.0 100 100 20 408 0 143 0 401 401 399 0 0 0 60 50 WAIT_ACK 0 
b.1 2025-08-01 19:48:09.226 a 2025-08-01-19:47:59 128 169 196 0.0 1.8 5.8 20.7 17.3 736.4 0.00 0 0.0 30.6 24.1 24.4 3.626  -35.2   27.4    2.9  17   -0.2   5 0 0 1 1 2 0 21.6 17.9 21.6 18.4 80.0 100 100 20 408 0 143 0 401 401 400 0 0 0 59 50 WAIT_ACK 0 
b.1 2025-08-01 19:49:11.328 a 2025-08-01-19:49:01 170 176 355 0.1 0.8 2.8 20.7 17.4 736.4 0.00 0 0.0 32.6 24.1 24.4 3.626  -35.7   27.4    2.3  17    0.0   0 0 0 1 1 2 0 21.6 18.0 21.6 18.0 80.0 100 100 20 408 0 143 0 401 401 400 0 0 0 60 50 WAIT_ACK 0 
b.1 2025-08-01 19:50:12.286 a 2025-08-01-19:50:02 015 201 107 0.1 1.6 7.8 20.8 17.5 736.4 0.00 0 0.0 33.7 24.1 24.5 3.626  -39.7   27.4    2.2  17    0.2   5 0 0 1 1 2 0 21.6 18.4 21.6 18.2 80.0 100 100 20 408 0 143 0 401 401 400 0 0 0 60 50 WAIT_ACK 0 
b.1 2025-08-01 19:51:10.253 a 2025-08-01-19:51:00 107 203 284 0.6 3.8 7.8 20.9 17.2 736.4 0.00 0 0.0 31.0 24.1 24.4 3.627  -36.6   27.5    3.1  17    0.2   5 0 0 1 1 2 0 21.6 18.6 21.6 18.5 80.0 100 100 20 408 0 143 0 401 402 399 0 0 0 59 50 WAIT_ACK 0 
b.1 2025-08-01 19:52:11.572 a 2025-08-01-19:52:02 213 147 345 0.2 1.7 4.4 20.7 18.5 736.3 0.00 0 0.0 31.9 24.1 24.4 3.627  -36.6   27.5    2.7  17    0.2   0 0 0 1 1 2 0 21.6 18.8 21.6 18.8 80.0 100 100 20 408 0 136 0 401 401 399 0 0 0 59 50 WAIT_ACK 0 
b.1 2025-08-01 19:53:12.671 a 2025-08-01-19:53:03 059 170 351 0.1 1.1 2.9 20.7 17.7 736.4 0.00 0 0.0 33.2 24.1 24.4 3.626  -37.3   27.5    2.3  17    0.3   0 0 0 1 1 2 0 21.6 19.2 21.6 19.0 80.0 100 100 20 408 0 143 0 401 401 400 0 0 0 60 50 WAIT_ACK 0 
b.1 2025-08-01 19:54:09.173 a 2025-08-01-19:53:59 110 183 160 0.2 1.6 3.9 20.8 17.4 736.4 0.00 0 0.0 33.5 24.1 24.4 3.624  -36.2   27.5    2.3  17    0.3   0 0 0 1 1 2 0 21.6 19.2 21.7 18.8 80.0 100 100 20 408 0 143 0 401 401 399 0 0 0 59 50 WAIT_ACK 0 
b.1 2025-08-01 19:55:13.809 a 2025-08-01-19:55:04 066 194 245 0.2 3.0 5.5 20.8 17.0 736.4 0.00 0 0.0 31.9 24.1 24.4 3.628  -37.5   27.5    2.7  17    0.2   5 0 0 1 1 2 0 21.7 19.2 21.7 19.1 80.0 100 100 20 408 0 143 0 401 401 400 0 0 0 60 50 WAIT_ACK 0 
b.1 2025-08-01 19:56:11.970 a 2025-08-01-19:56:02 317 185 324 0.2 1.9 6.0 20.8 17.0 736.4 0.00 0 0.0 32.0 24.1 24.4 3.632  -36.3   27.4    2.6  17    0.1   5 0 0 1 1 2 0 21.7 18.8 21.7 18.9 80.0 100 100 20 408 0 143 0 401 401 399 0 0 0 59 50 WAIT_ACK 0 
b.1 2025-08-01 19:57:13.148 a 2025-08-01-19:57:03 301 195 327 0.2 2.0 8.0 20.9 16.8 736.4 0.00 0 0.0 32.1 24.1 24.4 3.632  -36.4   27.4    2.5  17   -0.1   0 0 0 1 1 2 0 21.8 18.9 21.7 18.9 80.0 100 100 20 408 0 143 0 401 401 400 0 0 0 60 50 WAIT_ACK 0 
b.1 2025-08-01 19:58:09.516 a 2025-08-01-19:57:59 234 187 326 0.2 2.7 7.7 20.9 16.8 736.4 0.00 0 0.0 31.6 24.1 24.4 3.624  -39.9   27.3    2.8  17   -0.2   5 0 0 1 1 2 0 21.8 18.5 21.7 18.6 80.0 100 100 20 408 0 143 0 402 401 399 0 0 0 59 50 WAIT_ACK 0 
b.1 2025-08-01 19:59:11.249 a 2025-08-01-19:59:01 020 202 267 0.1 2.6 4.8 20.9 16.0 736.4 0.00 0 0.0 30.7 24.1 24.4 3.628  -37.0   27.2    3.1  17   -0.2   5 0 0 1 1 2 0 21.8 18.2 21.7 18.3 80.0 100 100 20 408 0 143 0 401 402 399 0 0 0 59 50 WAIT_ACK 0 
b.1 2025-08-01 20:00:12.990 a 2025-08-01-20:00:03 046 188 325 0.2 1.6 4.5 20.6 16.5 736.4 0.00 0 0.0 31.5 24.1 24.4 3.628  -36.6   27.2    2.6  17   -0.3   0 0 0 1 1 2 0 21.8 18.5 21.7 18.5 80.0 100 100 20 408 0 143 0 401 401 399 0 0 0 59 50 WAIT_ACK 0 
b.1 2025-08-01 20:01:11.150 a 2025-08-01-20:01:01 004 182 245 0.3 1.3 4.0 20.5 16.9 736.4 0.00 0 0.0 32.6 24.1 24.4 3.626  -36.3   27.2    2.3  17   -0.2   5 0 0 1 1 2 0 21.8 18.6 21.7 18.9 80.0 100 100 20 408 0 143 0 400 401 399 0 0 0 60 50 WAIT_ACK 0 
b.1 2025-08-01 20:02:08.914 a 2025-08-01-20:01:59 069 206 322 0.2 1.7 2.9 20.6 16.9 736.4 0.00 0 0.0 33.0 24.1 24.4 3.626  -36.1   27.2    2.4  17   -0.1   5 0 0 1 1 2 0 21.8 18.2 21.7 18.5 80.0 100 100 20 408 0 143 0 401 401 399 0 0 0 60 50 WAIT_ACK 0 
b.1 2025-08-01 20:03:09.555 a 2025-08-01-20:02:59 011 195 126 0.2 1.5 4.1 20.6 17.0 736.4 0.00 0 0.0 33.4 24.1 24.4 3.623  -37.3   27.3    2.4  17    0.0   5 0 0 1 1 2 0 21.8 18.1 21.7 18.4 80.0 100 100 20 408 0 143 0 401 401 400 0 0 0 60 50 WAIT_ACK 0 
b.1 2025-08-01 20:04:11.252 a 2025-08-01-20:04:01 090 178 287 0.1 1.7 3.9 20.5 17.0 736.3 0.00 0 0.0 32.8 24.1 24.4 3.626  -35.2   27.3    2.4  17    0.0   0 0 0 1 1 2 0 21.8 18.6 21.7 18.5 80.0 100 100 20 408 0 143 0 401 401 399 0 0 0 60 50 WAIT_ACK 0 
b.1 2025-08-01 20:05:14.250 a 2025-08-01-20:05:04 305 150 314 0.2 1.1 3.1 20.4 17.4 736.4 0.00 0 0.0 34.0 24.1 24.4 3.624  -36.8   27.3    2.2  17    0.1   0 0 0 1 1 2 0 21.8 19.0 21.6 19.4 80.0 100 100 20 408 0 143 0 401 401 400 0 0 0 59 50 WAIT_ACK 0 
b.1 2025-08-01 20:06:10.157 a 2025-08-01-20:06:00 081 206 313 0.1 2.2 5.1 20.4 17.3 736.4 0.00 0 0.0 33.4 24.1 24.4 3.624  -34.9   27.4    2.4  17    0.2   5 0 0 1 1 2 0 21.7 19.3 21.6 19.1 80.0 100 100 20 408 0 143 0 401 401 400 0 0 0 60 50 WAIT_ACK 0 
b.1 2025-08-01 20:07:12.453 a 2025-08-01-20:07:02 079 214 305 0.2 2.3 6.2 20.6 17.0 736.4 0.00 0 0.0 33.3 24.1 24.4 3.624  -35.0   27.5    2.4  17    0.2   0 0 0 1 1 2 0 21.8 18.7 21.6 18.8 80.0 100 100 20 408 0 143 0 400 401 399 0 0 0 59 50 WAIT_ACK 0 
b.1 2025-08-01 20:08:09.716 a 2025-08-01-20:08:00 090 214 324 0.1 2.0 4.8 20.8 16.8 736.4 0.00 0 0.0 33.9 24.1 24.4 3.624  -38.4   27.6    2.4  17    0.3   5 0 0 1 1 2 0 21.8 18.6 21.7 18.7 80.0 100 100 20 408 0 143 0 400 402 399 0 0 0 60 50 WAIT_ACK 0 
b.1 2025-08-01 20:09:12.296 a 2025-08-01-20:09:02 064 207 276 0.2 3.9 9.2 21.1 16.7 736.4 0.00 0 0.0 31.8 24.1 24.4 3.624  -38.2   27.6    3.9  17    0.3   5 0 0 1 1 2 0 21.8 18.6 21.8 18.7 80.0 100 100 20 408 0 143 0 401 401 399 0 0 0 60 50 WAIT_ACK 0 
b.1 2025-08-01 20:10:13.535 a 2025-08-01-20:10:03 020 203 335 0.1 1.8 5.1 21.1 16.8 736.4 0.00 0 0.0 31.6 24.1 24.4 3.626  -37.1   27.7    2.9  17    0.1   5 0 0 1 1 2 0 21.9 18.7 21.8 19.0 80.0 100 100 20 408 0 143 0 401 401 399 0 0 0 60 50 WAIT_ACK 0 
b.1 2025-08-01 20:11:09.576 a 2025-08-01-20:11:00 028 206 281 0.1 1.3 4.4 21.0 17.1 736.4 0.00 0 0.0 32.7 24.1 24.4 3.632  -36.2   27.6    2.5  17    0.2   0 0 0 1 1 2 0 21.9 18.8 21.8 18.5 80.0 100 100 20 408 0 143 0 401 401 400 0 0 0 60 50 WAIT_ACK 0 
b.1 2025-08-01 20:12:10.239 a 2025-08-01-20:12:00 272 149 294 0.1 1.1 4.1 21.0 17.0 736.4 0.00 0 0.0 34.2 24.1 24.4 3.626  -35.5   27.6    2.2  17    0.2   0 0 0 1 1 2 0 21.9 19.4 21.8 18.8 80.0 100 100 20 408 0 143 0 401 401 400 0 0 0 59 50 WAIT_ACK 0 
b.1 2025-08-01 20:13:13.194 a 2025-08-01-20:13:03 149 211 304 0.2 2.8 4.7 21.2 17.0 736.4 0.00 0 0.0 33.7 24.1 24.4 3.626  -38.9   27.6    2.5  17    0.3   5 0 0 1 1 2 0 21.8 18.9 21.7 18.9 80.0 100 100 20 408 0 143 0 401 401 399 0 0 0 59 50 WAIT_ACK 0 
b.1 2025-08-01 20:14:09.694 a 2025-08-01-20:14:00 041 218 088 0.1 1.8 4.4 21.3 16.7 736.3 0.00 0 0.0 32.9 24.1 24.4 3.632  -35.3   27.7    2.5  17    0.3   5 0 0 1 1 2 0 21.8 18.7 21.7 19.0 80.0 100 100 20 408 0 143 0 401 401 400 0 0 0 59 50 WAIT_ACK 0 
b.1 2025-08-01 20:15:14.517 a 2025-08-01-20:15:04 090 226 131 0.0 1.2 5.1 21.2 16.9 736.4 0.00 0 0.0 34.1 24.1 24.4 3.626  -37.5   27.7    2.3  17    0.3   5 0 0 1 1 2 0 21.8 19.3 21.7 18.9 80.0 100 100 20 408 0 143 0 401 401 400 0 0 0 59 50 WAIT_ACK 0 
b.1 2025-08-01 20:16:09.578 a 2025-08-01-20:15:59 006 259 314 0.2 1.4 4.1 21.3 16.9 736.4 0.00 0 0.0 34.7 24.1 24.4 3.626  -35.7   27.8    2.2  17    0.4   0 0 0 1 1 2 0 21.8 18.7 21.8 19.1 80.0 100 100 20 408 0 143 0 401 401 399 0 0 0 60 50 WAIT_ACK 0 
b.1 2025-08-01 20:17:12.476 a 2025-08-01-20:17:02 165 143 300 0.1 1.5 5.1 21.5 16.9 736.4 0.00 0 0.0 35.6 24.1 24.4 3.633  -38.2   27.9    2.2  17    0.5   5 0 0 1 1 2 0 21.8 19.1 21.8 19.2 80.0 100 100 20 408 0 143 0 400 402 399 0 0 0 60 50 WAIT_ACK 0 
b.1 2025-08-01 20:18:09.575 a 2025-08-01-20:18:00 167 165 000 0.1 2.0 3.8 21.6 16.5 736.4 0.00 0 0.0 35.2 24.1 24.4 3.626  -37.0   27.9    2.4  17    0.5   5 0 0 1 1 2 0 21.9 19.3 21.8 19.3 80.0 100 100 20 408 0 143 0 400 402 399 0 0 0 60 50 WAIT_ACK 0 
b.1 2025-08-01 20:19:12.920 a 2025-08-01-20:19:03 045 172 313 0.2 1.5 3.6 21.4 16.6 736.4 0.00 0 0.0 35.2 24.1 24.4 3.626  -36.2   27.9    2.3  17    0.4   0 0 0 1 1 2 0 21.9 19.2 21.8 19.1 80.0 100 100 20 408 0 143 0 401 402 399 0 0 0 59 50 WAIT_ACK 0 
b.1 2025-08-01 20:20:11.835 a 2025-08-01-20:20:02 095 334 321 0.1 0.7 2.5 21.2 16.9 736.4 0.00 0 0.0 36.2 24.1 24.4 3.626  -34.9   27.9    0.0  17    0.4   0 0 0 1 1 2 0 21.9 19.1 21.8 19.1 80.0 100 100 20 408 0 143 0 401 401 399 0 0 0 59 50 WAIT_ACK 0 
b.1 2025-08-01 20:21:11.217 a 2025-08-01-20:21:01 262 213 357 0.1 1.8 4.9 21.2 16.9 736.4 0.00 0 0.0 35.7 24.1 24.4 3.626  -34.8   27.8    2.2  17    0.4   0 0 0 1 1 2 0 21.9 18.7 21.8 18.7 80.0 100 100 20 408 0 143 0 401 402 399 0 0 0 60 50 WAIT_ACK 0 
b.1 2025-08-01 20:22:11.298 a 2025-08-01-20:22:01 167 178 171 0.1 1.2 2.9 21.3 16.8 736.5 0.00 0 0.0 36.4 24.1 24.4 3.624  -34.7   27.9    0.0  17    0.5   0 0 0 1 1 2 0 21.9 18.7 21.8 18.8 80.0 100 100 20 408 0 143 0 401 401 400 0 0 0 59 50 WAIT_ACK 0 
b.1 2025-08-01 20:23:11.798 a 2025-08-01-20:23:02 214 128 268 0.1 0.9 3.6 21.5 16.7 736.4 0.00 0 0.0 37.0 24.1 24.4 3.626  -35.3   28.0    0.0  17    0.5   0 0 0 1 1 2 0 21.9 19.5 21.8 18.8 80.0 100 100 20 408 0 143 0 402 401 400 0 0 0 60 50 WAIT_ACK 0 
b.1 2025-08-01 20:24:10.615 a 2025-08-01-20:24:00 192 141 302 0.1 1.1 4.7 21.8 16.4 736.4 0.00 0 0.0 37.2 24.1 24.4 3.626  -36.1   28.0    2.2  17    0.7   0 0 0 1 1 2 0 21.9 19.8 21.9 19.7 80.0 100 100 20 408 0 143 0 402 401 400 0 0 0 60 50 WAIT_ACK 0 
b.1 2025-08-01 20:25:14.598 a 2025-08-01-20:25:05 009 156 335 0.1 1.2 4.0 22.0 15.8 736.5 0.00 0 0.0 37.4 24.1 24.4 3.628  -38.9   28.1    2.2  17    0.8   5 0 0 1 1 2 0 21.9 20.4 21.9 19.7 80.0 100 100 20 408 0 143 0 401 401 399 0 0 0 60 50 WAIT_ACK 0 
b.1 2025-08-01 20:26:09.523 a 2025-08-01-20:25:59 028 174 301 0.1 1.1 3.4 22.1 15.9 736.4 0.00 0 0.0 37.7 24.1 24.4 3.626  -35.0   28.2    0.0  17    0.7   0 0 0 1 1 2 0 21.9 19.4 21.9 19.9 80.0 100 100 20 408 0 143 0 401 401 400 0 0 0 60 50 WAIT_ACK 0 
b.1 2025-08-01 20:27:10.285 a 2025-08-01-20:27:00 255 189 344 0.2 1.5 3.2 22.1 15.9 736.5 0.00 0 0.0 37.6 24.1 24.5 3.632  -37.3   28.3    2.2  17    0.7   5 0 0 1 1 2 0 21.9 19.8 21.9 19.6 80.0 100 100 20 408 0 143 0 401 401 400 0 0 0 60 50 WAIT_ACK 0 
b.1 2025-08-01 20:28:10.361 a 2025-08-01-20:28:00 013 204 266 0.3 3.1 6.5 22.1 15.9 736.5 0.00 0 0.0 34.9 24.1 24.4 3.632  -42.2   28.4    3.0  17    0.7   5 0 0 1 1 2 0 21.9 19.6 21.9 19.4 80.0 100 100 20 408 0 142 0 401 401 400 0 0 0 60 50 WAIT_ACK 0 
b.1 2025-08-01 20:29:12.378 a 2025-08-01-20:29:02 055 174 182 0.2 1.6 3.1 22.0 15.8 736.5 0.00 0 0.0 34.9 24.1 24.4 3.631  -37.0   28.4    2.5  16    0.6   0 0 0 1 1 2 0 21.9 19.4 21.8 19.4 80.0 100 100 20 408 0 143 0 401 401 399 0 0 0 60 50 WAIT_ACK 0 
b.1 2025-08-01 20:30:11.802 a 2025-08-01-20:30:02 195 126 000 0.2 2.0 4.0 21.6 16.6 736.5 0.00 0 0.0 34.9 24.1 24.4 3.624  -38.8   28.4    2.6  17    0.8   5 0 0 1 1 2 0 21.9 19.7 21.8 19.5 80.0 100 100 20 408 0 143 0 401 401 399 0 0 0 60 50 WAIT_ACK 0 
b.1 2025-08-01 20:31:12.019 a 2025-08-01-20:31:02 133 120 348 0.0 0.8 2.6 21.5 17.1 736.4 0.00 0 0.0 35.9 24.1 24.4 3.626  -36.6   28.3    2.2  17    0.7   0 0 0 1 1 2 0 21.9 19.6 21.8 19.5 80.0 100 100 20 408 0 143 0 402 401 400 0 0 0 59 50 WAIT_ACK 0 
b.1 2025-08-01 20:32:10.378 a 2025-08-01-20:32:00 063 158 332 0.1 0.9 3.0 21.5 16.0 736.4 0.00 0 0.0 36.6 24.1 24.5 3.626  -35.9   28.3    0.0  17    0.6   0 0 0 1 1 2 0 21.9 19.9 21.8 19.5 80.0 100 100 20 408 0 143 0 401 401 399 0 0 0 59 50 WAIT_ACK 0 
b.1 2025-08-01 20:33:11.020 a 2025-08-01-20:33:01 008 139 174 0.1 1.7 5.0 21.5 16.2 736.5 0.00 0 0.0 37.2 24.1 24.4 3.633  -39.9   28.2    2.3  17    0.5   5 0 0 1 1 2 0 21.9 19.9 21.8 19.5 80.0 100 100 20 408 0 143 0 401 401 399 0 0 0 59 50 WAIT_ACK 0 
b.1 2025-08-01 20:34:09.345 a 2025-08-01-20:33:59 259 137 348 0.6 3.3 6.3 21.6 16.1 736.4 0.00 0 0.0 35.9 24.1 24.4 3.623  -39.2   28.2    2.8  16    0.4   5 0 0 1 1 2 0 21.9 19.8 21.8 19.8 80.0 100 100 20 408 0 143 0 401 401 399 0 0 0 60 50 WAIT_ACK 0 
b.1 2025-08-01 20:35:14.759 a 2025-08-01-20:35:05 028 141 222 0.6 2.4 4.7 21.6 15.9 736.4 0.00 0 0.0 34.9 24.1 24.4 3.626  -39.1   28.1    2.9  16    0.3   0 0 0 1 1 2 0 21.9 19.6 21.8 19.8 80.0 100 100 20 408 0 143 0 401 401 400 0 0 0 59 50 WAIT_ACK 0 
b.1 2025-08-01 20:36:10.484 a 2025-08-01-20:36:00 315 140 350 0.4 3.0 5.7 21.5 16.1 736.4 0.00 0 0.0 33.9 24.1 24.4 3.633  -36.7   28.0    3.4  16    0.2   0 0 0 1 1 2 0 22.0 19.9 21.8 20.0 80.0 100 100 20 408 0 143 0 401 401 400 0 0 0 60 50 WAIT_ACK 0 
b.1 2025-08-01 20:37:12.180 a 2025-08-01-20:37:02 287 093 327 0.1 0.6 1.9 21.2 16.9 736.4 0.00 0 0.0 35.2 24.1 24.4 3.626  -34.8   27.9    2.2  17    0.3   0 0 0 1 1 2 0 21.9 19.8 21.9 20.1 80.0 100 100 20 408 0 143 0 401 401 399 0 0 0 60 50 WAIT_ACK 0 
b.1 2025-08-01 20:38:10.305 a 2025-08-01-20:38:00 147 237 300 0.1 0.6 2.0 21.2 17.5 736.4 0.00 0 0.0 36.6 24.1 24.4 3.624  -36.9   27.9    0.0  17    0.6   0 0 0 1 1 2 0 21.9 20.2 21.9 19.9 80.0 100 100 20 408 0 143 0 401 401 400 0 0 0 60 50 WAIT_ACK 0 
b.1 2025-08-01 20:39:10.246 a 2025-08-01-20:39:00 286 141 315 0.1 0.9 3.2 21.4 16.5 736.5 0.00 0 0.0 37.3 24.1 24.4 3.624  -35.2   28.0    0.0  17    0.6   0 0 0 1 1 2 0 21.9 20.7 21.9 20.5 80.0 100 100 20 408 0 143 0 401 401 400 0 0 0 60 50 WAIT_ACK 0 
b.1 2025-08-01 20:40:12.045 a 2025-08-01-20:40:02 075 196 315 0.1 0.8 2.3 21.6 16.3 736.4 0.00 0 0.0 38.0 24.1 24.4 3.626  -34.9   28.0    0.0  17    0.6   0 0 0 1 1 2 0 21.9 21.1 21.9 20.9 80.0 100 100 20 408 0 143 0 401 401 399 0 0 0 60 50 WAIT_ACK 0 
b.1 2025-08-01 20:41:11.983 a 2025-08-01-20:41:02 044 084 139 0.1 0.7 2.2 21.8 18.5 736.4 0.00 0 0.0 38.8 24.1 24.4 3.624  -35.1   28.1    0.0  17    0.9   0 0 0 1 1 2 0 22.0 21.6 21.9 20.9 80.0 100 100 20 408 0 143 0 401 401 400 0 0 0 60 50 WAIT_ACK 0 
b.1 2025-08-01 20:42:11.365 a 2025-08-01-20:42:01 238 148 304 0.1 0.9 2.2 22.1 16.6 736.4 0.00 0 0.0 39.5 24.1 24.4 3.626  -36.3   28.2    0.0  17    0.9   0 0 0 1 1 2 0 22.0 21.1 21.9 20.8 80.0 100 100 20 408 0 143 0 401 401 400 0 0 0 60 50 WAIT_ACK 0 
b.1 2025-08-01 20:43:10.664 a 2025-08-01-20:43:01 295 021 326 0.0 0.8 3.4 22.2 15.5 736.4 0.00 0 0.0 39.9 24.1 24.4 3.623  -35.9   28.3    0.0  17    0.8   0 0 0 1 1 2 0 22.0 20.7 21.9 20.8 80.0 100 100 20 408 0 143 0 401 401 400 0 0 0 59 50 WAIT_ACK 0 
b.1 2025-08-01 20:44:09.247 a 2025-08-01-20:43:59 023 351 078 0.1 0.6 1.5 22.3 17.1 736.4 0.00 0 0.0 40.4 24.1 24.4 3.626  -34.3   28.3    0.0  17    0.9   0 0 0 1 1 2 0 22.0 20.5 21.9 20.6 80.0 100 100 20 408 0 143 0 401 401 400 0 0 0 59 50 WAIT_ACK 0 
b.1 2025-08-01 20:45:12.003 a 2025-08-01-20:45:02 029 189 315 0.1 1.3 4.1 22.4 15.4 736.4 0.00 0 0.0 40.0 24.1 24.4 3.624  -35.8   28.4    2.2  17    0.7   5 0 0 1 1 2 0 22.0 20.5 22.0 20.6 80.0 100 100 20 408 0 143 0 400 401 399 0 0 0 59 50 WAIT_ACK 0 
b.1 2025-08-01 20:46:12.686 a 2025-08-01-20:46:03 012 180 159 0.1 1.3 5.7 22.6 14.9 736.4 0.00 0 0.0 39.7 24.1 24.4 3.624  -43.2   28.5    2.1  16    0.6   5 0 0 1 1 2 0 21.9 20.5 21.9 20.6 80.0 100 100 20 408 0 143 0 401 401 400 0 0 0 59 50 WAIT_ACK 0 
b.1 2025-08-01 20:47:10.966 a 2025-08-01-20:47:01 258 167 328 0.1 1.6 5.7 22.6 15.1 736.4 0.00 0 0.0 38.8 24.1 24.4 3.624  -37.9   28.6    2.2  16    0.6   0 0 0 1 1 2 0 22.0 20.6 21.9 20.6 80.0 100 100 20 408 0 143 0 401 401 399 0 0 0 60 50 WAIT_ACK 0 
b.1 2025-08-01 20:48:08.987 a 2025-08-01-20:47:59 096 171 229 0.4 1.8 4.4 22.4 15.3 736.4 0.00 0 0.0 37.8 24.1 24.4 3.633  -38.1   28.5    2.3  16    0.5   0 0 0 1 1 2 0 22.0 20.4 21.9 20.4 80.0 100 100 20 408 0 143 0 401 401 399 0 0 0 59 50 WAIT_ACK 0 
b.1 2025-08-01 20:49:13.226 a 2025-08-01-20:49:03 089 120 339 0.1 1.6 3.8 22.1 15.8 736.4 0.00 0 0.0 37.5 24.1 24.4 3.624  -38.5   28.5    2.3  16    0.5   5 0 0 1 1 2 0 21.9 20.3 21.9 20.3 80.0 100 100 20 408 0 143 0 401 401 400 0 0 0 60 50 WAIT_ACK 0 
b.1 2025-08-01 20:50:11.644 a 2025-08-01-20:50:02 161 103 332 0.2 2.1 4.2 21.8 19.1 736.4 0.00 0 0.0 37.4 24.1 24.4 3.624  -36.2   28.5    2.4  17    0.8   0 0 0 1 1 2 0 21.9 20.3 21.9 20.4 80.0 100 100 20 408 0 143 0 401 401 400 0 0 0 60 50 WAIT_ACK 0 
b.1 2025-08-01 20:51:12.065 a 2025-08-01-20:51:02 084 229 300 0.0 0.8 2.7 21.8 16.5 736.4 0.00 0 0.0 38.2 24.1 24.4 3.633  -35.9   28.6    2.2  17    1.0   5 0 0 1 1 2 0 21.9 20.7 21.9 20.4 80.0 100 100 20 408 0 143 0 402 401 400 0 0 0 59 50 WAIT_ACK 0 
b.1 2025-08-01 20:52:11.209 a 2025-08-01-20:52:01 309 335 319 0.1 1.2 5.0 21.9 16.1 736.4 0.00 0 0.0 38.0 24.1 24.4 3.624  -36.5   28.6    2.1  17    0.8   0 0 0 1 1 2 0 21.9 20.8 21.9 20.5 80.0 100 100 20 408 0 143 0 401 401 400 0 0 0 59 50 WAIT_ACK 0 
b.1 2025-08-01 20:53:11.108 a 2025-08-01-20:53:01 061 158 295 0.2 1.3 3.0 21.9 15.9 736.4 0.00 0 0.0 38.0 24.1 24.4 3.623  -37.7   28.6    2.2  16    0.8   5 0 0 1 1 2 0 21.9 20.6 21.9 20.5 80.0 100 100 20 408 0 143 0 401 402 400 0 0 0 59 50 WAIT_ACK 0 
b.1 2025-08-01 20:54:09.548 a 2025-08-01-20:53:59 094 217 307 0.1 1.4 3.1 21.7 16.2 736.4 0.00 0 0.0 37.5 24.1 24.4 3.624  -35.8   28.6    2.2  16    0.7   0 0 0 1 1 2 0 21.8 20.6 21.9 20.5 80.0 100 100 20 408 0 143 0 401 401 399 0 0 0 59 50 WAIT_ACK 0 
b.1 2025-08-01 20:55:11.250 a 2025-08-01-20:55:01 282 147 329 0.1 1.8 4.3 21.6 16.1 736.4 0.00 0 0.0 37.2 24.1 24.4 3.626  -37.0   28.6    2.3  16    0.6   5 0 0 1 1 2 0 21.9 20.5 21.9 20.4 80.0 100 100 20 408 0 143 0 401 401 400 0 0 0 60 50 WAIT_ACK 0 
b.1 2025-08-01 20:56:09.667 a 2025-08-01-20:56:00 035 164 243 0.2 1.8 5.8 21.6 16.1 736.4 0.00 0 0.0 36.6 24.1 24.4 3.623  -38.8   28.5    2.3  16    0.5   5 0 0 1 1 2 0 21.9 20.9 21.9 20.6 80.0 100 100 20 408 0 143 0 401 401 399 0 0 0 60 50 WAIT_ACK 0 
b.1 2025-08-01 20:57:12.249 a 2025-08-01-20:57:02 008 174 193 0.1 1.3 3.5 21.5 16.0 736.4 0.00 0 0.0 36.4 24.1 24.4 3.626  -36.2   28.4    2.2  16    0.4   0 0 0 1 1 2 0 22.0 20.5 21.9 20.4 80.0 100 100 20 408 0 143 0 401 401 400 0 0 0 59 50 WAIT_ACK 0 
b.1 2025-08-01 20:58:09.871 a 2025-08-01-20:58:00 273 120 321 0.1 1.5 5.5 21.5 15.4 736.4 0.00 0 0.0 37.1 24.1 24.4 3.626  -39.5   28.3    2.2  16    0.3   0 0 0 1 1 2 0 22.0 20.1 21.9 20.4 80.0 100 100 20 408 0 143 0 400 401 399 0 0 0 60 50 WAIT_ACK 0 
b.1 2025-08-01 20:59:09.951 a 2025-08-01-20:59:00 072 145 226 0.3 2.0 5.5 21.5 15.6 736.4 0.00 0 0.0 36.7 24.1 24.4 3.632  -37.4   28.3    2.2  16    0.2   0 0 0 1 1 2 0 22.0 19.6 21.9 20.2 80.0 100 100 20 408 0 143 0 401 401 399 0 0 0 59 50 WAIT_ACK 0 
b.1 2025-08-01 21:00:13.828 a 2025-08-01-21:00:04 163 157 285 0.1 1.4 5.2 21.4 16.1 736.4 0.00 0 0.0 36.5 24.1 24.4 3.624  -35.6   28.2    2.2  16    0.1   0 0 0 1 1 2 0 22.0 19.7 21.9 19.8 80.0 100 100 20 408 0 143 0 401 401 399 0 0 0 59 50 WAIT_ACK 0 
b.1 2025-08-01 21:01:11.549 a 2025-08-01-21:01:01 153 128 323 0.1 1.6 3.2 21.4 16.1 736.4 0.00 0 0.0 36.8 24.1 24.4 3.624  -35.7   28.2    2.2  16    0.4   0 0 0 1 1 2 0 22.0 19.8 22.0 19.9 80.0 100 100 20 408 0 143 0 401 401 400 0 0 0 59 50 WAIT_ACK 0 
b.1 2025-08-01 21:02:12.128 a 2025-08-01-21:02:02 215 134 308 0.1 1.0 2.4 21.5 17.8 736.4 0.00 0 0.0 37.5 24.1 24.4 3.624  -36.2   28.2    0.0  16    0.4   0 0 0 1 1 2 0 22.1 20.3 22.0 20.1 80.0 100 100 20 408 0 143 0 402 401 400 0 0 0 59 50 WAIT_ACK 0 
b.1 2025-08-01 21:03:09.851 a 2025-08-01-21:03:00 228 174 343 0.2 1.4 3.4 21.5 15.7 736.4 0.00 0 0.0 37.3 24.1 24.4 3.624  -36.9   28.2    2.2  16    0.4   0 0 0 1 1 2 0 22.1 20.1 22.0 20.1 80.0 100 100 20 408 0 143 0 401 401 400 0 0 0 59 50 WAIT_ACK 0 
b.1 2025-08-01 21:04:10.348 a 2025-08-01-21:04:00 045 174 329 0.1 1.7 4.1 21.5 15.4 736.3 0.00 0 0.0 37.0 24.1 24.4 3.626  -36.8   28.2    2.2  16    0.2   0 0 0 1 1 2 0 22.0 19.8 22.0 19.5 80.0 100 100 20 408 0 143 0 401 401 399 0 0 0 59 50 WAIT_ACK 0 
b.1 2025-08-01 21:05:11.831 a 2025-08-01-21:05:02 058 152 212 0.1 1.3 2.9 21.5 15.7 736.4 0.00 0 0.0 37.2 24.1 24.4 3.624  -35.9   28.2    2.1  16    0.2   0 0 0 1 1 2 0 22.1 19.6 22.0 19.5 80.0 100 100 20 408 0 143 0 401 401 400 0 0 0 59 50 WAIT_ACK 0 
b.1 2025-08-01 21:06:12.328 a 2025-08-01-21:06:02 024 117 249 0.1 1.8 4.1 21.5 15.9 736.4 0.00 0 0.0 37.3 24.1 24.4 3.626  -35.7   28.2    2.2  17    0.6   0 0 0 1 1 2 0 22.1 20.2 22.0 20.2 80.0 100 100 20 408 0 143 0 400 401 399 0 0 0 59 50 WAIT_ACK 0 
b.1 2025-08-01 21:07:12.907 a 2025-08-01-21:07:03 061 188 316 0.1 1.4 3.0 21.5 16.5 736.4 0.00 0 0.0 37.3 24.1 24.4 3.633  -35.6   28.2    2.2  17    0.6   0 0 0 1 1 2 0 22.1 20.4 22.0 20.3 80.0 100 100 20 408 0 143 0 401 401 400 0 0 0 60 50 WAIT_ACK 0 
b.1 2025-08-01 21:08:11.355 a 2025-08-01-21:08:01 273 157 310 0.0 1.6 5.4 21.5 17.6 736.4 0.00 0 0.0 37.4 24.1 24.4 3.624  -34.9   28.2    2.2  17    0.7   0 0 0 1 1 2 0 22.1 20.6 22.0 20.5 80.0 100 100 20 408 0 143 0 401 401 400 0 0 0 59 50 WAIT_ACK 0 
b.1 2025-08-01 21:09:10.233 a 2025-08-01-21:09:00 264 141 279 0.1 0.5 1.3 21.6 16.5 736.4 0.00 0 0.0 38.3 24.1 24.4 3.626  -35.1   28.2    0.0  17    0.6   0 0 0 1 1 2 0 22.1 20.3 22.0 20.0 80.0 100 100 20 408 0 143 0 400 401 399 0 0 0 59 50 WAIT_ACK 0 
b.1 2025-08-01 21:10:14.151 a 2025-08-01-21:10:04 066 164 252 0.1 0.7 2.5 21.9 16.7 736.4 0.00 0 0.0 39.0 24.1 24.4 3.633  -34.5   28.3    0.0  17    0.7   0 0 0 1 1 2 0 22.1 20.1 22.1 20.2 80.0 100 100 20 408 0 143 0 401 401 399 0 0 0 59 50 WAIT_ACK 0 
b.1 2025-08-01 21:11:12.013 a 2025-08-01-21:11:02 133 038 317 0.1 0.6 3.4 22.2 16.3 736.4 0.00 0 0.0 39.5 24.1 24.4 3.623  -36.4   28.4    2.2  17    0.7   0 0 0 1 1 2 0 22.1 19.9 22.1 19.9 80.0 100 100 20 408 0 143 0 401 401 399 0 0 0 59 50 WAIT_ACK 0 
b.1 2025-08-01 21:12:10.230 a 2025-08-01-21:12:00 277 195 313 0.2 1.4 3.4 22.5 16.0 736.4 0.00 0 0.0 38.7 24.1 24.4 3.624  -36.6   28.4    2.2  17    0.7   5 0 0 1 1 2 0 22.2 19.3 22.1 19.3 80.0 100 100 20 408 0 143 0 401 401 400 0 0 0 59 50 WAIT_ACK 0 
b.1 2025-08-01 21:13:10.013 a 2025-08-01-21:13:00 241 156 273 0.1 0.8 2.6 22.5 16.1 736.4 0.00 0 0.0 38.9 24.1 24.4 3.624  -35.4   28.4    0.0  17    0.7   0 0 0 1 1 2 0 22.2 20.0 22.2 19.3 80.0 100 100 20 408 0 143 0 401 401 400 0 0 0 60 50 WAIT_ACK 0 
b.1 2025-08-01 21:14:12.953 a 2025-08-01-21:14:03 297 177 333 0.1 1.3 6.3 22.4 16.2 736.4 0.00 0 0.0 38.9 24.1 24.4 3.626  -35.1   28.4    2.2  17    0.7   0 0 0 1 1 2 0 22.2 19.8 22.2 19.4 80.0 100 100 20 408 0 143 0 401 401 399 0 0 0 60 50 WAIT_ACK 0 
b.1 2025-08-01 21:15:13.049 a 2025-08-01-21:15:03 074 200 339 0.1 2.9 5.8 22.3 15.9 736.3 0.00 0 0.0 36.2 24.1 24.4 3.626  -36.9   28.4    2.6  17    0.6   5 0 0 1 1 2 0 22.2 19.8 22.2 19.6 80.0 100 100 20 408 0 143 0 401 402 399 0 0 0 60 50 WAIT_ACK 0 
b.1 2025-08-01 21:16:12.575 a 2025-08-01-21:16:02 102 203 242 0.2 3.5 6.3 22.0 16.1 736.3 0.00 0 0.0 33.8 24.1 24.4 3.626  -44.8   28.3    3.5  16    0.5   5 0 0 1 1 2 0 22.1 19.8 22.1 19.5 80.0 100 100 20 408 0 143 0 401 401 400 0 0 0 59 50 WAIT_ACK 0 
b.1 2025-08-01 21:17:08.674 a 2025-08-01-21:16:59 142 204 233 0.6 2.2 4.7 21.5 16.7 736.3 0.00 0 0.0 32.8 24.1 24.4 3.624  -41.2   28.3    3.1  17    0.5   5 0 0 1 1 2 0 22.1 19.6 22.1 19.4 80.0 100 100 20 408 0 143 0 402 401 400 0 0 0 60 50 WAIT_ACK 0 
b.1 2025-08-01 21:18:10.114 a 2025-08-01-21:18:00 152 325 297 0.1 1.0 2.8 21.0 17.1 736.2 0.00 0 0.0 34.2 24.1 24.4 3.626  -35.6   28.2    2.4  17    0.5   0 0 0 1 1 2 0 22.1 19.7 22.1 19.8 80.0 100 100 20 408 0 143 0 401 401 400 0 0 0 59 50 WAIT_ACK 0 
b.1 2025-08-01 21:19:12.173 a 2025-08-01-21:19:02 082 118 149 1.2 2.7 3.9 20.9 21.6 736.3 0.00 0 0.0 34.7 24.1 24.4 3.623  -37.6   28.2    2.8  17    1.0   0 0 0 1 1 2 0 22.1 20.9 22.1 20.8 80.0 100 100 20 408 0 143 0 401 401 400 0 0 0 59 50 WAIT_ACK 0 
b.1 2025-08-01 21:20:11.276 a 2025-08-01-21:20:01 249 111 304 0.1 1.3 2.5 20.9 19.8 736.3 0.00 0 0.0 35.4 24.1 24.4 3.626  -35.4   28.1    2.4  17    1.1   0 0 0 1 1 2 0 22.1 21.4 22.1 21.1 80.0 100 100 20 408 0 143 0 401 401 400 0 0 0 59 50 WAIT_ACK 0 
b.1 2025-08-01 21:21:08.756 a 2025-08-01-21:20:59 249 101 303 0.1 1.4 3.9 21.1 21.3 736.3 0.00 0 0.0 36.3 24.1 24.4 3.626  -42.6   28.1    2.3  18    1.5   5 0 0 1 1 2 0 22.1 21.7 22.1 21.5 80.0 100 100 20 408 0 143 0 401 401 400 0 0 0 59 50 WAIT_ACK 0 
b.1 2025-08-01 21:22:13.615 a 2025-08-01-21:22:03 134 121 235 0.0 0.7 2.0 21.2 17.5 736.3 0.00 0 0.0 37.1 24.1 24.4 3.626  -35.1   28.2    0.0  17    1.2   0 0 0 1 1 2 0 22.1 21.6 22.1 21.4 80.0 100 100 20 408 0 143 0 401 401 399 0 0 0 59 50 WAIT_ACK 0 
b.1 2025-08-01 21:23:11.875 a 2025-08-01-21:23:02 218 208 343 0.1 0.8 2.3 21.3 17.5 736.3 0.00 0 0.0 37.6 24.1 24.4 3.627  -35.0   28.2    0.0  17    1.1   0 0 0 1 1 2 0 22.1 22.1 22.1 21.6 80.0 100 100 20 408 0 143 0 401 401 400 0 0 0 60 50 WAIT_ACK 0 
b.1 2025-08-01 21:24:10.894 a 2025-08-01-21:24:01 261 154 340 0.1 0.6 3.4 21.5 19.1 736.3 0.00 0 0.0 38.7 24.1 24.4 3.626  -34.5   28.2    0.0  17    1.2   0 0 0 1 1 2 0 22.0 22.0 22.1 21.8 80.0 100 100 20 408 0 143 0 401 401 400 0 0 0 60 50 WAIT_ACK 0 
b.1 2025-08-01 21:25:11.119 a 2025-08-01-21:25:01 093 229 344 0.1 1.7 3.7 21.7 16.6 736.3 0.00 0 0.0 38.2 24.1 24.4 3.624  -37.8   28.2    2.2  17    1.1   0 0 0 1 1 2 0 22.0 21.4 22.1 21.5 80.0 100 100 20 408 0 143 0 401 401 399 0 0 0 59 50 WAIT_ACK 0 
b.1 2025-08-01 21:26:10.532 a 2025-08-01-21:26:00 105 212 283 0.2 2.7 4.9 21.9 16.4 736.3 0.00 0 0.0 36.4 24.1 24.4 3.633  -41.9   28.3    2.6  17    1.1   5 0 0 1 1 2 0 22.1 19.8 22.1 20.7 80.0 100 100 20 408 0 143 0 400 402 399 0 0 0 60 50 WAIT_ACK 0 
b.1 2025-08-01 21:27:11.637 a 2025-08-01-21:27:01 308 282 312 0.2 1.3 3.8 21.9 16.3 736.3 0.00 0 0.0 35.9 24.1 24.4 3.626  -36.2   28.4    2.4  17    0.9   5 0 0 1 1 2 0 22.2 19.5 22.2 19.7 80.0 100 100 20 408 0 143 0 401 402 400 0 0 0 59 50 WAIT_ACK 0 
b.1 2025-08-01 21:28:10.078 a 2025-08-01-21:28:00 305 205 350 0.2 1.7 3.5 22.0 16.1 736.3 0.00 0 0.0 35.7 24.1 24.4 3.626  -36.7   28.4    2.4  17    0.9   5 0 0 1 1 2 0 22.3 19.5 22.3 19.6 80.0 100 100 20 408 0 143 0 401 401 399 0 0 0 60 50 WAIT_ACK 0 
b.1 2025-08-01 21:29:07.137 a 2025-08-01-21:28:57 087 198 234 0.2 1.7 4.6 22.1 15.9 736.3 0.00 0 0.0 35.4 24.1 24.4 3.624  -36.9   28.5    2.3  17    0.8   0 0 0 1 1 2 0 22.3 19.6 22.3 19.6 80.0 100 100 20 408 0 143 0 401 401 400 0 0 0 59 50 WAIT_ACK 0 
b.1 2025-08-01 21:30:14.078 a 2025-08-01-21:30:04 306 157 330 0.1 1.2 2.9 22.1 15.5 736.3 0.00 0 0.0 36.2 24.1 24.4 3.626  -39.2   28.5    2.2  17    0.7   0 0 0 1 1 2 0 22.4 19.0 22.3 19.1 80.0 100 100 20 408 0 143 0 401 401 400 0 0 0 59 50 WAIT_ACK 0 
b.1 2025-08-01 21:31:11.318 a 2025-08-01-21:31:01 097 162 233 0.2 1.8 3.1 21.9 15.3 736.3 0.00 0 0.0 36.1 24.1 24.4 3.623  -37.9   28.5    2.3  16    0.6   0 0 0 1 1 2 0 22.4 18.7 22.3 19.2 80.0 100 100 20 408 0 143 0 401 401 400 0 0 0 59 50 WAIT_ACK 0 
b.1 2025-08-01 21:32:09.576 a 2025-08-01-21:31:59 029 125 172 0.2 1.3 2.7 21.9 15.3 736.3 0.00 0 0.0 36.3 24.1 24.4 3.626  -36.6   28.4    2.2  16    0.5   0 0 0 1 1 2 0 22.4 18.6 22.3 18.8 80.0 100 100 20 408 0 143 0 401 401 400 0 0 0 60 50 WAIT_ACK 0 
b.1 2025-08-01 21:33:13.236 a 2025-08-01-21:33:03 127 132 171 0.0 0.4 1.6 21.5 15.6 736.3 0.00 0 0.0 37.7 24.1 24.4 3.632  -34.8   28.4    0.0  16    0.4   0 0 0 1 1 2 0 22.3 19.2 22.3 19.2 80.0 100 100 20 408 0 143 0 400 401 399 0 0 0 60 50 WAIT_ACK 0 
b.1 2025-08-01 21:34:10.617 a 2025-08-01-21:34:00 240 128 302 0.0 0.5 1.5 21.3 15.9 736.3 0.00 0 0.0 38.9 24.1 24.4 3.624  -36.3   28.4    0.0  16    0.5   0 0 0 1 1 2 0 22.3 19.2 22.3 19.0 80.0 100 100 20 408 0 143 0 401 401 400 0 0 0 59 50 WAIT_ACK 0 
b.1 2025-08-01 21:35:14.776 a 2025-08-01-21:35:05 270 229 307 0.0 0.7 1.9 21.4 15.9 736.3 0.00 0 0.0 39.2 24.1 24.4 3.624  -38.0   28.4    0.0  16    0.6   0 0 0 1 1 2 0 22.3 18.8 22.3 18.8 80.0 100 100 20 408 0 143 0 401 401 399 0 0 0 59 50 WAIT_ACK 0 
b.1 2025-08-01 21:36:10.298 a 2025-08-01-21:36:00 017 260 328 0.1 0.8 2.3 21.5 15.8 736.3 0.00 0 0.0 39.9 24.1 24.4 3.624  -36.0   28.5    2.2  16    0.6   0 0 0 1 1 2 0 22.3 19.2 22.3 18.8 80.0 100 100 20 408 0 143 0 401 401 399 0 0 0 60 50 WAIT_ACK 0 
b.1 2025-08-01 21:37:08.601 a 2025-08-01-21:36:58 147 003 225 0.0 0.8 2.6 21.6 19.0 736.3 0.00 0 0.0 40.4 24.1 24.4 3.626  -34.9   28.6    0.0  17    1.0   0 0 0 1 1 2 0 22.2 19.9 22.3 19.7 80.0 100 100 20 408 0 143 0 401 401 400 0 0 0 59 50 WAIT_ACK 0 
b.1 2025-08-01 21:38:08.457 a 2025-08-01-21:37:58 094 301 114 0.0 0.9 2.4 21.8 16.9 736.3 0.00 0 0.0 40.3 24.1 24.4 3.624  -36.1   28.7    0.0  17    1.2   0 0 0 1 1 2 0 22.2 20.6 22.3 20.4 80.0 100 100 20 408 0 143 0 401 401 399 0 0 0 59 50 WAIT_ACK 0 
b.1 2025-08-01 21:39:12.055 a 2025-08-01-21:39:02 010 205 289 0.1 1.3 3.4 22.0 16.7 736.3 0.00 0 0.0 39.7 24.1 24.4 3.624  -38.2   28.8    2.2  17    1.1   0 0 0 1 1 2 0 22.2 19.9 22.2 20.0 80.0 100 100 20 408 0 143 0 401 401 400 0 0 0 59 50 WAIT_ACK 0 
b.1 2025-08-01 21:40:12.319 a 2025-08-01-21:40:02 155 159 186 0.1 1.3 3.7 22.1 16.3 736.3 0.00 0 0.0 38.7 24.2 24.4 3.624  -36.0   28.9    2.2  17    1.0   0 0 0 1 1 2 0 22.2 19.6 22.2 19.8 80.0 100 100 20 408 0 143 0 401 401 400 0 0 0 59 50 WAIT_ACK 0 
b.1 2025-08-01 21:41:11.141 a 2025-08-01-21:41:01 010 211 254 0.1 0.8 3.4 22.2 16.7 736.3 0.00 0 0.0 39.4 24.1 24.4 3.624  -36.5   28.9    2.2  17    1.1   0 0 0 1 1 2 0 22.3 20.0 22.3 20.1 80.0 100 100 20 408 0 143 0 400 402 399 0 0 0 59 50 WAIT_ACK 0 
b.1 2025-08-01 21:42:09.924 a 2025-08-01-21:42:00 066 200 265 0.2 2.0 4.0 22.4 16.2 736.3 0.00 0 0.0 38.1 24.1 24.4 3.633  -36.0   28.9    2.4  17    1.1   0 0 0 1 1 2 0 22.3 19.5 22.3 19.4 80.0 100 100 20 408 0 143 0 401 401 399 0 0 0 60 50 WAIT_ACK 0 
b.1 2025-08-01 21:43:08.963 a 2025-08-01-21:42:59 296 209 302 0.1 1.4 4.6 22.5 16.1 736.3 0.00 0 0.0 37.6 24.1 24.4 3.623  -37.3   28.9    2.2  17    1.0   0 0 0 1 1 2 0 22.3 20.0 22.4 19.8 80.0 100 100 20 408 0 143 0 401 400 400 0 0 0 60 50 WAIT_ACK 0 
b.1 2025-08-01 21:44:09.423 a 2025-08-01-21:43:59 012 197 277 0.2 1.3 3.5 22.5 15.9 736.3 0.00 0 0.0 37.5 24.1 24.4 3.623  -37.3   28.9    2.2  16    1.0   0 0 0 1 1 2 0 22.3 20.0 22.3 19.8 80.0 100 100 20 408 0 143 0 402 401 400 0 0 0 59 50 WAIT_ACK 0 
b.1 2025-08-01 21:45:12.599 a 2025-08-01-21:45:02 172 168 324 0.1 0.8 2.9 22.4 16.1 736.3 0.00 0 0.0 38.1 24.1 24.4 3.633  -36.0   28.9    0.0  17    1.0   0 0 0 1 1 2 0 22.3 19.9 22.4 19.7 80.0 100 100 20 408 0 143 0 401 402 399 0 0 0 60 50 WAIT_ACK 0 
b.1 2025-08-01 21:46:11.638 a 2025-08-01-21:46:01 117 132 308 0.1 0.7 2.3 22.4 16.0 736.3 0.00 0 0.0 38.9 24.1 24.4 3.626  -35.9   28.9    0.0  17    1.1   0 0 0 1 1 2 0 22.3 19.9 22.3 19.7 80.0 100 100 20 408 0 143 0 401 401 399 0 0 0 60 50 WAIT_ACK 0 
b.1 2025-08-01 21:47:09.023 a 2025-08-01-21:46:59 177 107 308 0.1 1.4 2.7 22.5 19.4 736.3 0.00 0 0.0 39.1 24.1 24.4 3.623  -39.1   28.9    2.2  17    1.4   0 0 0 1 1 2 0 22.3 20.0 22.3 19.6 80.0 100 100 20 408 0 143 0 401 401 399 0 0 0 59 50 WAIT_ACK 0 
b.1 2025-08-01 21:48:10.940 a 2025-08-01-21:48:01 147 123 284 0.1 0.6 2.0 22.4 20.3 736.3 0.00 0 0.0 39.6 24.1 24.4 3.632  -35.1   28.9    0.0  17    1.8   0 0 0 1 1 2 0 22.3 20.3 22.3 19.8 80.0 100 100 20 408 0 143 0 402 401 400 0 0 0 59 50 WAIT_ACK 0 
b.1 2025-08-01 21:49:11.480 a 2025-08-01-21:49:01 314 168 337 0.1 0.9 4.3 22.4 16.9 736.3 0.00 0 0.0 40.0 24.1 24.4 3.624  -36.6   28.9    2.1  17    1.5   0 0 0 1 1 2 0 22.3 20.2 22.3 20.0 80.0 100 100 20 408 0 143 0 401 401 399 0 0 0 59 50 WAIT_ACK 0 
b.1 2025-08-01 21:50:12.203 a 2025-08-01-21:50:02 203 157 312 0.2 1.5 4.7 22.5 15.1 736.3 0.00 0 0.0 39.3 24.1 24.4 3.626  -36.5   29.0    2.2  17    1.1   0 0 0 1 1 2 0 22.2 20.1 22.3 20.1 80.0 100 100 20 408 0 143 0 402 401 400 0 0 0 60 50 WAIT_ACK 0 
b.1 2025-08-01 21:51:11.243 a 2025-08-01-21:51:01 094 033 295 0.1 0.7 1.8 22.6 15.4 736.3 0.00 0 0.0 39.6 24.1 24.4 3.623  -36.0   29.0    0.0  16    1.0   0 0 0 1 1 2 0 22.2 20.2 22.3 19.9 80.0 100 100 20 408 0 143 0 400 401 399 0 0 0 60 50 WAIT_ACK 0 
b.1 2025-08-01 21:52:14.105 a 2025-08-01-21:52:04 142 232 302 0.0 1.1 6.7 22.7 15.2 736.3 0.00 0 0.0 39.8 24.1 24.4 3.623  -41.9   29.0    2.3  16    1.0   0 0 0 1 1 2 0 22.2 20.3 22.2 20.1 80.0 100 100 20 408 0 143 0 401 401 399 0 0 0 60 50 WAIT_ACK 0 
b.1 2025-08-01 21:53:07.686 a 2025-08-01-21:52:58 088 220 290 0.3 3.1 6.7 22.7 15.6 736.3 0.00 0 0.0 37.1 24.1 24.4 3.626  -40.0   29.0    2.7  16    1.0   0 0 0 1 1 2 0 22.2 20.2 22.2 20.1 80.0 100 100 20 408 0 143 0 401 402 399 0 0 0 59 50 WAIT_ACK 0 
b.1 2025-08-01 21:54:09.986 a 2025-08-01-21:54:00 142 231 305 0.3 3.0 4.4 22.3 16.3 736.2 0.00 0 0.0 35.0 24.1 24.4 3.626  -41.6   29.0    3.7  17    1.2   5 0 0 1 1 2 0 22.2 20.1 22.2 19.9 80.0 100 100 20 408 0 143 0 400 401 399 0 0 0 60 50 WAIT_ACK 0 
b.1 2025-08-01 21:55:11.901 a 2025-08-01-21:55:02 321 261 340 0.1 1.3 2.7 21.7 16.9 736.2 0.00 0 0.0 35.2 24.1 24.4 3.626  -37.2   29.0    2.8  17    1.2   5 0 0 1 1 2 0 22.2 20.0 22.3 19.8 80.0 100 100 20 408 0 143 0 401 401 400 0 0 0 60 50 WAIT_ACK 0 
b.1 2025-08-01 21:56:12.282 a 2025-08-01-21:56:02 139 052 178 0.1 0.6 2.5 21.5 20.9 736.2 0.00 0 0.0 36.2 24.1 24.4 3.624  -37.0   29.0    2.3  17    1.3   0 0 0 1 1 2 0 22.2 20.0 22.2 19.8 80.0 100 100 20 408 0 143 0 401 401 400 0 0 0 60 50 WAIT_ACK 0 
b.1 2025-08-01 21:57:10.122 a 2025-08-01-21:57:00 119 070 313 0.0 0.9 2.6 21.5 20.4 736.1 0.00 0 0.0 37.0 24.1 24.4 3.623  -37.2   29.0    2.2  17    1.7   0 0 0 1 1 2 0 22.2 20.9 22.3 20.9 80.0 100 100 20 408 0 143 0 402 401 400 0 0 0 60 50 WAIT_ACK 0 
b.1 2025-08-01 21:58:11.862 a 2025-08-01-21:58:02 213 117 330 0.1 1.2 2.9 21.7 21.0 736.1 0.00 0 0.0 37.5 24.1 24.4 3.624  -35.5   29.0    2.2  17    1.8   0 0 0 1 1 2 0 22.2 21.3 22.2 20.9 80.0 100 100 20 408 0 143 0 401 402 399 0 0 0 60 50 WAIT_ACK 0 
b.1 2025-08-01 21:59:10.645 a 2025-08-01-21:59:00 148 101 304 0.1 0.2 0.8 21.9 19.9 736.1 0.00 0 0.0 38.6 24.1 24.4 3.626  -35.2   28.9    0.0  18    1.9   0 0 0 1 1 2 0 22.2 21.6 22.2 21.4 80.0 100 100 20 408 0 143 0 401 401 400 0 0 0 60 50 WAIT_ACK 0 
b.1 2025-08-01 22:00:12.163 a 2025-08-01-22:00:02 179 022 202 0.1 0.7 2.2 22.2 20.4 736.2 0.00 0 0.0 39.2 24.1 24.4 3.626  -35.8   28.9    2.2  18    2.1   0 0 0 1 1 2 0 22.2 21.9 22.2 21.8 80.0 100 100 20 408 0 143 0 402 401 400 0 0 0 59 50 WAIT_ACK 0 
b.1 2025-08-01 22:01:10.426 a 2025-08-01-22:01:00 300 197 344 0.1 0.7 1.6 22.4 18.7 736.2 0.00 0 0.0 39.7 24.1 24.4 3.631  -36.6   28.9    2.2  18    2.3   0 0 0 1 1 2 0 22.1 22.0 22.1 21.9 80.0 100 100 20 408 0 143 0 401 401 400 0 0 0 60 50 WAIT_ACK 0 
b.1 2025-08-01 22:02:08.969 a 2025-08-01-22:01:59 134 286 312 0.4 1.7 3.8 22.4 18.7 736.2 0.00 0 0.0 38.4 24.1 24.4 3.632  -37.5   29.0    2.5  18    2.1   5 0 0 1 1 2 0 22.1 22.1 22.2 22.2 80.0 100 100 20 408 0 143 0 400 402 399 0 0 0 60 50 WAIT_ACK 0 
b.1 2025-08-01 22:03:12.884 a 2025-08-01-22:03:03 133 302 350 0.1 0.9 2.5 22.2 17.4 736.1 0.00 0 0.0 38.2 24.1 24.4 3.623  -36.7   29.1    2.2  18    2.1   0 0 0 1 1 2 0 22.1 22.0 22.2 22.2 80.0 100 100 20 408 0 143 0 401 401 400 0 0 0 60 50 WAIT_ACK 0 
b.1 2025-08-01 22:04:11.427 a 2025-08-01-22:04:01 008 305 133 0.1 1.7 3.6 22.3 17.4 736.1 0.00 0 0.0 38.2 24.1 24.4 3.628  -37.0   29.1    2.3  17    1.9   0 0 0 1 1 2 0 22.1 21.8 22.2 22.0 80.0 100 100 20 408 0 143 0 402 401 400 0 0 0 60 50 WAIT_ACK 0 
b.1 2025-08-01 22:05:14.063 a 2025-08-01-22:05:04 003 316 262 0.7 1.4 2.2 22.1 16.4 736.2 0.00 0 0.0 37.6 24.1 24.4 3.632  -39.4   29.1    2.4  17    1.9   5 0 0 1 1 2 0 22.1 21.8 22.2 21.9 80.0 100 100 20 408 0 143 0 401 401 399 0 0 0 60 50 WAIT_ACK 0 
b.1 2025-08-01 22:06:11.927 a 2025-08-01-22:06:02 114 308 122 0.1 0.8 1.8 22.0 16.5 736.1 0.00 0 0.0 37.9 24.1 24.4 3.623  -38.6   29.1    2.2  17    1.9   5 0 0 1 1 2 0 22.1 22.0 22.2 21.9 80.0 100 100 20 408 0 143 0 401 401 400 0 0 0 59 50 WAIT_ACK 0 
b.1 2025-08-01 22:07:11.687 a 2025-08-01-22:07:01 056 306 348 0.1 0.5 1.3 21.8 17.6 736.2 0.00 0 0.0 38.6 24.1 24.4 3.624  -36.9   29.2    0.0  17    2.0   0 0 0 1 1 2 0 22.1 22.0 22.2 22.0 80.0 100 100 20 408 0 143 0 401 401 400 0 0 0 60 50 WAIT_ACK 0 
b.1 2025-08-01 22:08:08.970 a 2025-08-01-22:07:59 270 344 289 0.1 0.7 3.0 21.9 17.6 736.1 0.00 0 0.0 39.0 24.1 24.4 3.624  -37.9   29.3    2.1  17    1.7   5 0 0 1 1 2 0 22.1 21.8 22.2 21.9 80.0 100 100 20 408 0 143 0 401 401 399 0 0 0 59 50 WAIT_ACK 0 
b.1 2025-08-01 22:09:12.108 a 2025-08-01-22:09:02 052 281 063 0.1 0.9 2.9 22.0 17.1 736.2 0.00 0 0.0 38.5 24.1 24.4 3.626  -36.0   29.2    0.0  17    1.7   0 0 0 1 1 2 0 22.2 21.8 22.2 21.8 80.0 100 100 20 408 0 143 0 401 402 400 0 0 0 59 50 WAIT_ACK 0 
b.1 2025-08-01 22:10:11.627 a 2025-08-01-22:10:01 146 008 235 0.0 0.7 2.9 22.1 19.9 736.1 0.00 0 0.0 39.1 24.1 24.4 3.624  -37.6   29.2    2.1  18    2.2   0 0 0 1 1 2 0 22.2 22.0 22.2 21.9 80.0 100 100 20 408 0 143 0 400 401 399 0 0 0 59 50 WAIT_ACK 0 
b.1 2025-08-01 22:11:10.926 a 2025-08-01-22:11:01 113 331 137 0.1 1.1 2.9 22.3 16.7 736.1 0.00 0 0.0 39.3 24.1 24.4 3.626  -35.6   29.2    0.0  17    1.8   0 0 0 1 1 2 0 22.1 21.6 22.2 22.0 80.0 100 100 20 408 0 143 0 401 401 400 0 0 0 60 50 WAIT_ACK 0 
b.1 2025-08-01 22:12:09.049 a 2025-08-01-22:11:59 073 019 270 0.1 0.9 2.5 22.3 16.5 736.1 0.00 0 0.0 39.8 24.1 24.4 3.624  -38.9   29.2    2.3  17    1.9   0 0 0 1 1 2 0 22.1 22.0 22.2 21.9 80.0 100 100 20 408 0 143 0 401 401 399 0 0 0 60 50 WAIT_ACK 0 
b.1 2025-08-01 22:13:13.867 a 2025-08-01-22:13:04 126 014 203 0.2 1.3 2.8 22.4 20.0 736.1 0.00 0 0.0 39.4 24.1 24.4 3.624  -37.8   29.2    2.3  18    2.1   0 0 0 1 1 2 0 22.2 22.0 22.2 21.9 80.0 100 100 20 408 0 143 0 401 401 399 0 0 0 60 50 WAIT_ACK 0 
b.1 2025-08-01 22:14:09.907 a 2025-08-01-22:14:00 106 017 203 0.1 0.9 2.2 22.1 20.7 736.1 0.00 0 0.0 39.3 24.1 24.4 3.626  -37.6   29.3    2.2  18    2.5   0 0 0 1 1 2 0 22.1 22.1 22.2 21.8 80.0 100 100 20 408 0 143 0 401 401 400 0 0 0 59 50 WAIT_ACK 0 
b.1 2025-08-01 22:15:12.226 a 2025-08-01-22:15:02 177 040 215 0.1 0.6 2.1 21.9 20.8 736.0 0.00 0 0.0 39.6 24.1 24.4 3.626  -36.8   29.3    0.0  18    2.6   0 0 0 1 1 2 0 22.1 22.1 22.2 21.8 80.0 100 100 20 408 0 143 0 401 401 400 0 0 0 60 50 WAIT_ACK 0 
b.1 2025-08-01 22:16:09.088 a 2025-08-01-22:15:59 146 073 222 0.0 0.5 1.9 22.0 20.7 736.1 0.00 0 0.0 40.4 24.1 24.4 3.624  -35.8   29.3    0.0  18    2.7   0 0 0 1 1 2 0 22.1 22.0 22.2 21.9 80.0 100 100 20 408 0 143 0 402 401 400 0 0 0 59 50 WAIT_ACK 0 
b.1 2025-08-01 22:17:11.029 a 2025-08-01-22:17:01 104 079 138 0.0 0.8 3.7 22.2 20.5 736.1 0.00 0 0.0 40.7 24.1 24.4 3.624  -38.1   29.2    2.2  19    2.9   0 0 0 1 1 2 0 22.1 22.3 22.2 22.4 80.0 100 100 20 408 0 143 0 401 401 400 0 0 0 60 50 WAIT_ACK 0 
b.1 2025-08-01 22:18:09.851 a 2025-08-01-22:18:00 029 119 292 0.1 1.2 2.4 22.4 20.6 736.0 0.00 0 0.0 40.4 24.1 24.4 3.624  -38.3   29.2    2.2  19    2.9   0 0 0 1 1 2 0 22.1 22.5 22.1 22.4 80.0 100 100 20 408 0 143 0 401 402 399 0 0 0 59 50 WAIT_ACK 0 
b.1 2025-08-01 22:19:12.351 a 2025-08-01-22:19:02 158 087 195 0.2 1.5 4.0 22.4 20.5 736.0 0.00 0 0.0 40.0 24.1 24.4 3.626  -40.5   29.3    2.3  19    2.9   5 0 0 1 1 2 0 22.0 22.6 22.1 22.5 80.0 100 100 20 408 0 143 0 401 401 400 0 0 0 60 50 WAIT_ACK 0 
b.1 2025-08-01 22:20:10.653 a 2025-08-01-22:20:00 131 018 185 0.1 1.6 4.0 22.3 20.8 736.1 0.00 0 0.0 39.0 24.1 24.4 3.633  -37.7   29.3    2.3  19    3.1   0 0 0 1 1 2 0 22.0 22.8 22.1 22.6 80.0 100 100 20 408 0 143 0 401 401 400 0 0 0 59 50 WAIT_ACK 0 
b.1 2025-08-01 22:21:11.430 a 2025-08-01-22:21:01 130 051 238 0.1 1.0 2.6 21.9 21.3 736.0 0.00 0 0.0 38.8 24.1 24.4 3.626  -36.8   29.2    2.2  19    3.1   0 0 0 1 1 2 0 22.0 22.8 22.1 22.6 80.0 100 100 20 408 0 143 0 401 401 400 0 0 0 59 50 WAIT_ACK 0 
b.1 2025-08-01 22:22:08.673 a 2025-08-01-22:21:59 080 008 179 0.1 0.7 2.3 21.6 21.7 736.1 0.00 0 0.0 39.1 24.1 24.4 3.624  -37.2   29.2    0.0  19    3.1   0 0 0 1 1 2 0 22.0 22.7 22.2 22.7 80.0 100 100 20 408 0 143 0 401 401 400 0 0 0 60 50 WAIT_ACK 0 
b.1 2025-08-01 22:23:08.891 a 2025-08-01-22:22:59 244 079 283 0.1 0.7 2.3 21.6 21.7 736.1 0.00 0 0.0 39.4 24.1 24.4 3.623  -36.2   29.1    0.0  19    3.1   0 0 0 1 1 2 0 22.0 22.7 22.2 22.8 80.0 100 100 20 408 0 143 0 401 401 399 0 0 0 60 50 WAIT_ACK 0 
b.1 2025-08-01 22:24:11.190 a 2025-08-01-22:24:01 192 099 315 0.1 0.6 1.7 21.8 21.4 736.0 0.00 0 0.0 39.9 24.1 24.4 3.624  -36.0   29.0    2.1  19    3.1   0 0 0 1 1 2 0 22.0 22.8 22.1 22.9 80.0 100 100 20 408 0 143 0 401 401 399 0 0 0 60 50 WAIT_ACK 0 
b.1 2025-08-01 22:25:13.871 a 2025-08-01-22:25:04 158 128 230 0.1 0.9 3.6 22.0 21.2 736.1 0.00 0 0.0 40.1 24.1 24.4 3.626  -36.9   29.1    0.0  19    3.3   0 0 0 1 1 2 0 22.0 23.0 22.1 23.0 80.0 100 100 20 408 0 143 0 401 402 399 0 0 0 59 50 WAIT_ACK 0 
b.1 2025-08-01 22:26:11.071 a 2025-08-01-22:26:01 153 107 230 0.1 0.7 2.0 22.2 20.9 736.1 0.00 0 0.0 40.2 24.1 24.4 3.626  -35.8   29.0    0.0  19    3.2   0 0 0 1 1 2 0 22.0 23.0 22.0 23.2 80.0 100 100 20 408 0 143 0 401 401 400 0 0 0 60 50 WAIT_ACK 0 
b.1 2025-08-01 22:27:10.397 a 2025-08-01-22:27:00 211 098 250 0.1 0.5 1.6 22.3 20.8 736.0 0.00 0 0.0 40.9 24.1 24.4 3.624  -36.9   29.1    2.1  19    3.3   0 0 0 1 1 2 0 22.0 23.1 22.0 23.2 80.0 100 100 20 408 0 143 0 401 401 400 0 0 0 59 50 WAIT_ACK 0 
b.1 2025-08-01 22:28:09.973 a 2025-08-01-22:28:00 036 115 283 0.2 0.9 2.0 22.5 20.6 736.0 0.00 0 0.0 41.1 24.1 24.4 3.624  -37.5   29.1    0.0  19    3.3   0 0 0 1 1 2 0 21.9 23.1 22.0 23.2 80.0 100 100 20 408 0 143 0 401 401 400 0 0 0 59 50 WAIT_ACK 0 
b.1 2025-08-01 22:29:10.474 a 2025-08-01-22:29:00 178 077 183 0.1 1.6 4.6 22.5 20.5 736.0 0.00 0 0.0 40.0 24.1 24.4 3.626  -38.4   29.2    2.3  19    3.4   5 0 0 1 1 2 0 21.9 23.1 22.0 23.2 80.0 100 100 20 408 0 143 0 400 401 399 0 0 0 59 50 WAIT_ACK 0 
b.1 2025-08-01 22:30:11.193 a 2025-08-01-22:30:01 050 081 098 0.1 1.5 3.6 22.2 21.0 736.0 0.00 0 0.0 39.1 24.1 24.4 3.626  -36.6   29.3    2.3  19    3.5   5 0 0 1 1 2 0 21.9 23.1 22.0 23.2 80.0 100 100 20 408 0 143 0 401 401 399 0 0 0 60 50 WAIT_ACK 0 
b.1 2025-08-01 22:31:07.798 a 2025-08-01-22:30:58 234 079 269 0.1 1.2 3.3 22.0 21.3 736.0 0.00 0 0.0 38.8 24.1 24.4 3.626  -37.1   29.3    2.2  19    3.4   0 0 0 1 1 2 0 22.0 23.1 22.1 23.2 80.0 100 100 20 408 0 143 0 401 401 399 0 0 0 60 50 WAIT_ACK 0 
b.1 2025-08-01 22:32:11.312 a 2025-08-01-22:32:01 154 052 223 0.1 0.7 1.9 22.0 21.1 736.0 0.00 0 0.0 39.3 24.1 24.4 3.626  -38.3   29.3    2.3  19    3.4   0 0 0 1 1 2 0 22.0 23.2 22.1 23.2 80.0 100 100 20 408 0 143 0 401 401 399 0 0 0 60 50 WAIT_ACK 0 
b.1 2025-08-01 22:33:08.934 a 2025-08-01-22:32:59 020 000 302 0.1 0.7 1.8 22.0 21.2 736.0 0.00 0 0.0 39.5 24.1 24.4 3.633  -37.5   29.3    0.0  19    3.5   0 0 0 1 1 2 0 22.0 23.2 22.1 23.2 80.0 100 100 20 408 0 143 0 401 401 400 0 0 0 59 50 WAIT_ACK 0 
b.1 2025-08-01 22:34:10.076 a 2025-08-01-22:34:00 029 347 137 0.0 0.6 1.4 22.1 21.1 736.0 0.00 0 0.0 39.7 24.1 24.4 3.633  -37.2   29.3    0.0  19    3.5   0 0 0 1 1 2 0 22.0 23.2 22.1 23.2 80.0 100 100 20 408 0 143 0 401 401 400 0 0 0 59 50 WAIT_ACK 0 
b.1 2025-08-01 22:35:12.617 a 2025-08-01-22:35:02 013 012 152 0.1 0.6 1.6 22.4 20.9 736.0 0.00 0 0.0 39.8 24.1 24.4 3.624  -36.2   29.4    0.0  19    3.6   0 0 0 1 1 2 0 22.0 23.2 22.1 23.2 80.0 100 100 20 408 0 143 0 401 401 400 0 0 0 60 50 WAIT_ACK 0 
b.1 2025-08-01 22:36:10.874 a 2025-08-01-22:36:01 098 003 354 0.1 0.6 2.1 22.4 20.9 736.0 0.00 0 0.0 40.0 24.1 24.4 3.632  -35.8   29.4    0.0  19    3.6   0 0 0 1 1 2 0 22.0 23.2 22.1 23.2 80.0 100 100 20 408 0 143 0 401 401 399 0 0 0 59 50 WAIT_ACK 0 
b.1 2025-08-01 22:37:09.214 a 2025-08-01-22:36:59 084 329 238 0.1 1.0 2.5 22.5 20.8 736.0 0.00 0 0.0 39.9 24.1 24.4 3.626  -36.3   29.4    0.0  19    3.6   0 0 0 1 1 2 0 22.0 23.1 22.1 23.2 80.0 100 100 20 408 0 143 0 401 401 400 0 0 0 60 50 WAIT_ACK 0 
b.1 2025-08-01 22:38:10.496 a 2025-08-01-22:38:00 108 329 192 0.1 0.7 1.6 22.6 20.7 736.0 0.00 0 0.0 40.3 24.1 24.4 3.626  -35.8   29.4    0.0  19    3.6   0 0 0 1 1 2 0 22.0 23.1 22.1 23.2 80.0 100 100 20 408 0 143 0 401 401 399 0 0 0 59 50 WAIT_ACK 0 
b.1 2025-08-01 22:39:09.500 a 2025-08-01-22:38:59 138 341 283 0.2 0.8 1.7 22.6 20.6 736.0 0.00 0 0.0 40.5 24.1 24.4 3.626  -37.7   29.4    2.2  19    3.6   0 0 0 1 1 2 0 22.1 23.1 22.2 23.1 80.0 100 100 20 408 0 143 0 401 402 400 0 0 0 60 50 WAIT_ACK 0 
b.1 2025-08-01 22:40:12.459 a 2025-08-01-22:40:02 104 033 280 0.2 1.0 2.4 22.5 20.4 736.0 0.00 0 0.0 40.4 24.1 24.4 3.626  -37.8   29.5    2.1  19    3.6   0 0 0 1 1 2 0 22.1 23.0 22.2 23.1 80.0 100 100 20 408 0 143 0 401 401 399 0 0 0 60 50 WAIT_ACK 0 
b.1 2025-08-01 22:41:11.982 a 2025-08-01-22:41:02 157 123 338 0.1 0.9 1.8 22.4 20.6 736.0 0.00 0 0.0 40.4 24.1 24.4 3.626  -38.1   29.6    0.0  19    3.6   0 0 0 1 1 2 0 22.1 23.0 22.2 23.0 80.0 100 100 20 408 0 143 0 401 401 399 0 0 0 60 50 WAIT_ACK 0 
b.1 2025-08-01 22:42:10.976 a 2025-08-01-22:42:01 216 064 301 0.1 0.6 2.3 22.3 20.6 735.9 0.00 0 0.0 40.3 24.1 24.4 3.624  -36.3   29.7    0.0  19    3.6   0 0 0 1 1 2 0 22.1 23.0 22.2 23.0 80.0 100 100 20 408 0 143 0 401 401 399 0 0 0 60 50 WAIT_ACK 0 
b.1 2025-08-01 22:43:08.119 a 2025-08-01-22:42:58 063 199 141 0.1 0.4 1.6 22.3 20.6 736.0 0.00 0 0.0 40.8 24.1 24.4 3.624  -36.3   29.7    0.0  19    3.6   0 0 0 1 1 2 0 22.1 22.9 22.2 23.0 80.0 100 100 20 408 0 143 0 401 401 399 0 0 0 60 50 WAIT_ACK 0 
b.1 2025-08-01 22:44:11.676 a 2025-08-01-22:44:01 116 158 335 0.1 0.5 1.7 22.6 20.2 736.0 0.00 0 0.0 41.2 24.1 24.4 3.624  -36.8   29.7    2.1  19    3.7   0 0 0 1 1 2 0 22.1 22.9 22.2 23.0 80.0 100 100 20 408 0 143 0 401 401 400 0 0 0 59 50 WAIT_ACK 0 
b.1 2025-08-01 22:45:12.976 a 2025-08-01-22:45:03 018 318 128 0.1 0.6 2.1 22.9 20.0 736.0 0.00 0 0.0 41.5 24.1 24.4 3.624  -37.7   29.7    0.0  19    3.7   0 0 0 1 1 2 0 22.1 22.9 22.2 23.0 80.0 100 100 20 408 0 143 0 401 402 399 0 0 0 59 50 WAIT_ACK 0 
b.1 2025-08-01 22:46:09.819 a 2025-08-01-22:46:00 018 348 107 0.1 1.1 3.7 23.2 19.5 735.9 0.00 0 0.0 41.1 24.1 24.4 3.624  -41.4   29.8    2.2  19    3.7   0 0 0 1 1 2 0 22.1 22.9 22.2 22.9 80.0 100 100 20 408 0 143 0 401 401 399 0 0 0 59 50 WAIT_ACK 0 
b.1 2025-08-01 22:47:08.563 a 2025-08-01-22:46:58 093 009 207 0.1 1.1 3.6 23.4 19.2 735.9 0.00 0 0.0 40.2 24.1 24.4 3.624  -37.9   29.8    0.0  19    3.6   0 0 0 1 1 2 0 22.1 22.8 22.2 22.9 80.0 100 100 20 408 0 143 0 401 401 399 0 0 0 59 50 WAIT_ACK 0 
b.1 2025-08-01 22:48:11.239 a 2025-08-01-22:48:01 278 273 288 0.1 1.1 3.4 23.3 19.2 735.9 0.00 0 0.0 39.7 24.1 24.4 3.623  -37.0   29.8    2.1  19    3.6   0 0 0 1 1 2 0 22.1 22.8 22.2 22.9 80.0 100 100 20 408 0 143 0 401 401 400 0 0 0 60 50 WAIT_ACK 0 
b.1 2025-08-01 22:49:09.424 a 2025-08-01-22:48:59 242 151 308 0.1 0.8 2.0 23.1 19.5 735.9 0.00 0 0.0 39.5 24.1 24.4 3.633  -36.9   29.8    0.0  19    3.6   0 0 0 1 1 2 0 22.1 22.8 22.2 22.9 80.0 100 100 20 408 0 143 0 401 401 400 0 0 0 60 50 WAIT_ACK 0 
b.1 2025-08-01 22:50:12.180 a 2025-08-01-22:50:02 049 075 350 0.1 0.6 3.1 23.0 19.5 735.9 0.00 0 0.0 39.7 24.1 24.4 3.624  -36.7   29.8    0.0  19    3.7   0 0 0 1 1 2 0 22.1 22.8 22.2 22.9 80.0 100 100 20 408 0 143 0 401 401 400 0 0 0 59 50 WAIT_ACK 0 
b.1 2025-08-01 22:51:09.884 a 2025-08-01-22:51:00 186 101 306 0.0 1.3 3.8 23.1 19.4 735.9 0.00 0 0.0 39.8 24.1 24.4 3.624  -38.6   29.8    2.5  19    3.6   5 0 0 1 1 2 0 22.1 22.8 22.2 22.9 80.0 100 100 20 408 0 143 0 401 402 399 0 0 0 60 50 WAIT_ACK 0 
b.1 2025-08-01 22:52:10.779 a 2025-08-01-22:52:01 104 004 135 0.2 1.7 4.4 22.9 19.6 735.9 0.00 0 0.0 39.0 24.1 24.4 3.632  -40.1   29.8    2.5  19    3.5   5 0 0 1 1 2 0 22.1 22.8 22.2 22.8 80.0 100 100 20 408 0 143 0 401 400 399 0 0 0 60 50 WAIT_ACK 0 
b.1 2025-08-01 22:53:08.921 a 2025-08-01-22:52:59 133 057 292 0.1 1.0 4.4 22.5 20.1 735.9 0.00 0 0.0 38.6 24.1 24.4 3.624  -37.1   29.8    2.2  19    3.5   0 0 0 1 1 2 0 22.1 22.8 22.2 22.8 80.0 100 100 20 408 0 143 0 400 401 399 0 0 0 60 50 WAIT_ACK 0 
b.1 2025-08-01 22:54:10.943 a 2025-08-01-22:54:01 254 277 277 0.1 0.6 2.2 22.3 20.4 735.9 0.00 0 0.0 38.9 24.1 24.4 3.624  -38.0   29.7    2.1  19    3.5   0 0 0 1 1 2 0 22.1 22.8 22.2 22.8 80.0 100 99 20 408 0 143 0 401 402 399 0 0 0 59 50 WAIT_ACK 0 
b.1 2025-08-01 22:55:11.762 a 2025-08-01-22:55:02 037 294 061 0.1 0.9 2.9 22.4 20.2 735.9 0.00 0 0.0 38.7 24.1 24.4 3.631  -40.3   29.7    2.1  19    3.5   5 0 0 1 1 2 0 22.1 22.7 22.2 22.8 80.0 100 100 20 408 0 143 0 401 401 400 0 0 0 60 50 WAIT_ACK 0 
b.1 2025-08-01 22:56:12.020 a 2025-08-01-22:56:02 136 053 252 0.1 1.1 5.7 22.5 19.7 735.8 0.00 0 0.0 38.4 24.1 24.4 3.626  -38.1   29.8    2.1  19    3.5   0 0 0 1 1 2 0 22.1 22.7 22.2 22.8 80.0 100 100 20 408 0 143 0 401 401 399 0 0 0 59 50 WAIT_ACK 0 
b.1 2025-08-01 22:57:07.961 a 2025-08-01-22:56:58 121 083 270 0.1 1.4 3.2 22.5 19.3 735.8 0.00 0 0.0 38.4 24.1 24.4 3.626  -41.0   29.8    2.4  19    3.5   5 0 0 1 1 2 0 22.1 22.6 22.2 22.7 80.0 100 100 20 408 0 143 0 402 401 400 0 0 0 60 50 WAIT_ACK 0 
b.1 2025-08-01 22:58:12.782 a 2025-08-01-22:58:03 220 120 296 0.1 1.0 3.2 22.1 19.8 735.9 0.00 0 0.0 38.0 24.1 24.4 3.631  -37.4   29.8    2.2  19    3.4   0 0 0 1 1 2 0 22.1 22.7 22.2 22.7 80.0 100 100 20 408 0 143 0 401 401 400 0 0 0 60 50 WAIT_ACK 0 
b.1 2025-08-01 22:59:09.924 a 2025-08-01-22:59:00 153 112 227 0.0 0.4 1.4 22.3 19.8 735.9 0.00 0 0.0 38.6 24.1 24.4 3.624  -37.4   29.7    2.1  19    3.3   0 0 0 1 1 2 0 22.1 22.6 22.2 22.6 80.0 100 100 20 408 0 143 0 401 401 400 0 0 0 60 50 WAIT_ACK 0 
b.1 2025-08-01 23:00:13.447 a 2025-08-01-23:00:03 030 024 221 0.1 1.4 3.5 22.3 19.6 735.9 0.00 0 0.0 37.9 24.1 24.4 3.626  -41.0   29.7    2.2  19    3.2   0 0 0 1 1 2 0 22.1 22.5 22.2 22.6 80.0 100 100 20 408 0 143 0 401 401 400 0 0 0 60 50 WAIT_ACK 0 
b.1 2025-08-01 23:01:09.665 a 2025-08-01-23:00:59 125 085 322 0.1 1.1 3.8 22.1 19.8 735.9 0.00 0 0.0 37.9 24.1 24.4 3.626  -40.7   29.6    2.1  19    3.2   0 0 0 1 1 2 0 22.1 22.5 22.2 22.6 80.0 100 100 20 408 0 143 0 401 401 399 0 0 0 60 50 WAIT_ACK 0 
b.1 2025-08-01 23:02:12.165 a 2025-08-01-23:02:02 080 160 335 0.1 0.9 3.0 22.0 20.2 735.9 0.00 0 0.0 37.7 24.1 24.4 3.624  -38.1   29.5    0.0  19    3.1   0 0 0 1 1 2 0 22.1 22.5 22.2 22.5 80.0 100 100 20 408 0 143 0 401 401 399 0 0 0 60 50 WAIT_ACK 0 
b.1 2025-08-01 23:03:11.085 a 2025-08-01-23:03:01 103 134 297 0.1 0.6 2.5 22.1 20.0 735.9 0.00 0 0.0 38.0 24.1 24.4 3.624  -38.2   29.5    0.0  19    3.1   0 0 0 1 1 2 0 22.1 22.4 22.2 22.5 80.0 100 100 20 408 0 143 0 401 401 399 0 0 0 60 50 WAIT_ACK 0 
b.1 2025-08-01 23:04:10.607 a 2025-08-01-23:04:00 118 041 233 0.1 1.5 4.4 22.2 19.7 735.9 0.00 0 0.0 37.7 24.1 24.4 3.623  -39.4   29.4    2.2  19    3.1   0 0 0 1 1 2 0 22.1 22.4 22.2 22.5 80.0 100 100 20 408 0 143 0 401 401 399 0 0 0 60 50 WAIT_ACK 0 
b.1 2025-08-01 23:05:13.729 a 2025-08-01-23:05:03 265 023 298 0.1 1.3 3.7 22.0 19.9 735.9 0.00 0 0.0 37.2 24.1 24.4 3.624  -37.3   29.4    2.2  18    3.0   0 0 0 1 1 2 0 22.1 22.3 22.2 22.3 80.0 100 100 20 408 0 143 0 401 401 400 0 0 0 59 50 WAIT_ACK 0 
b.1 2025-08-01 23:06:08.687 a 2025-08-01-23:05:58 194 025 296 0.1 1.3 4.4 22.0 19.9 735.9 0.00 0 0.0 37.0 24.1 24.4 3.631  -39.7   29.3    2.2  19    3.0   0 0 0 1 1 2 0 22.1 22.3 22.2 22.4 80.0 100 100 20 408 0 143 0 401 402 399 0 0 0 60 50 WAIT_ACK 0 
b.1 2025-08-01 23:07:11.744 a 2025-08-01-23:07:02 257 259 325 0.1 0.8 1.7 21.8 20.3 735.8 0.00 0 0.0 37.4 24.1 24.4 3.632  -38.2   29.3    0.0  19    3.0   0 0 0 1 1 2 0 22.1 22.4 22.2 22.4 80.0 100 100 20 408 0 143 0 401 401 400 0 0 0 59 50 WAIT_ACK 0 
b.1 2025-08-01 23:08:10.648 a 2025-08-01-23:08:00 123 340 196 0.1 1.4 2.6 21.8 20.3 735.8 0.00 0 0.0 37.0 24.1 24.4 3.632  -37.5   29.3    2.2  19    3.0   0 0 0 1 1 2 0 22.1 22.3 22.1 22.4 80.0 100 100 20 408 0 143 0 401 402 400 0 0 0 60 50 WAIT_ACK 0 
b.1 2025-08-01 23:09:10.625 a 2025-08-01-23:09:00 028 167 090 0.1 0.7 2.0 21.7 20.5 735.8 0.00 0 0.0 37.0 24.1 24.4 3.626  -36.9   29.3    0.0  19    3.1   0 0 0 1 1 2 0 22.1 22.4 22.1 22.5 80.0 100 100 20 408 0 143 0 401 401 400 0 0 0 59 50 WAIT_ACK 0 
b.1 2025-08-01 23:10:11.964 a 2025-08-01-23:10:02 143 105 182 0.1 1.1 3.3 21.7 20.6 735.9 0.00 0 0.0 36.9 24.1 24.4 3.624  -37.9   29.4    2.2  19    3.2   5 0 0 1 1 2 0 22.1 22.4 22.1 22.6 80.0 100 100 20 408 0 143 0 401 401 400 0 0 0 60 50 WAIT_ACK 0 
b.1 2025-08-01 23:11:11.867 a 2025-08-01-23:11:02 158 085 229 0.1 0.8 2.2 21.8 20.6 735.9 0.00 0 0.0 37.1 24.1 24.4 3.632  -38.9   29.4    0.0  19    3.2   5 0 0 1 1 2 0 22.0 22.5 22.1 22.7 80.0 100 100 20 408 0 143 0 400 402 399 0 0 0 59 50 WAIT_ACK 0 
b.1 2025-08-01 23:12:09.671 a 2025-08-01-23:11:59 123 068 175 0.1 0.6 1.6 21.8 20.7 735.9 0.00 0 0.0 37.4 24.1 24.4 3.624  -38.1   29.4    0.0  19    3.3   0 0 0 1 1 2 0 22.0 22.6 22.0 22.8 80.0 100 100 20 408 0 115 0 400 402 400 0 0 0 59 50 WAIT_ACK 0 
b.1 2025-08-01 23:13:11.509 a 2025-08-01-23:13:01 149 041 206 0.1 0.9 2.8 21.9 20.8 735.9 0.00 0 0.0 37.5 24.1 24.4 3.624  -37.1   29.4    0.0  19    3.2   0 0 0 1 1 2 0 21.9 22.8 22.0 22.9 80.0 100 99 20 408 0 143 0 401 401 399 0 0 0 60 50 WAIT_ACK 0 
b.1 2025-08-01 23:14:10.108 a 2025-08-01-23:14:00 118 042 170 0.1 1.1 3.4 21.9 21.0 735.9 0.00 0 0.0 37.4 24.1 24.4 3.626  -38.4   29.3    2.3  19    3.2   0 0 0 1 1 2 0 21.9 23.0 22.0 23.1 80.0 100 100 20 408 0 143 0 400 401 399 0 0 0 59 50 WAIT_ACK 0 
b.1 2025-08-01 23:15:14.128 a 2025-08-01-23:15:04 117 058 300 0.1 1.1 2.3 21.8 21.1 735.9 0.00 0 0.0 37.4 24.1 24.4 3.626  -39.3   29.3    2.2  19    3.2   0 0 0 1 1 2 0 21.8 23.1 21.9 23.2 80.0 100 100 20 408 0 143 0 401 401 399 0 0 0 60 50 WAIT_ACK 0 
b.1 2025-08-01 23:16:08.351 a 2025-08-01-23:15:58 020 064 157 0.7 1.6 2.9 21.7 21.1 735.9 0.00 0 0.0 37.1 24.1 24.4 3.626  -40.7   29.3    2.4  19    3.2   5 0 0 1 1 2 0 21.8 23.2 21.9 23.3 80.0 100 100 20 408 0 143 0 401 401 400 0 0 0 59 50 WAIT_ACK 0 
b.1 2025-08-01 23:17:08.651 a 2025-08-01-23:16:58 249 063 300 0.1 0.4 2.1 21.3 21.7 735.8 0.00 0 0.0 37.3 24.1 24.4 3.624  -36.5   29.2    0.0  19    3.3   0 0 0 1 1 2 0 21.8 23.3 21.8 23.3 80.0 100 100 20 408 0 143 0 401 401 399 0 0 0 60 50 WAIT_ACK 0 
b.1 2025-08-01 23:18:09.377 a 2025-08-01-23:17:59 132 032 192 0.1 0.4 1.3 21.4 21.7 735.8 0.00 0 0.0 37.7 24.1 24.4 3.624  -36.5   29.2    0.0  19    3.3   0 0 0 1 1 2 0 21.8 23.3 21.9 23.3 80.0 100 100 20 408 0 143 0 401 402 399 0 0 0 59 50 WAIT_ACK 0 
b.1 2025-08-01 23:19:11.071 a 2025-08-01-23:19:01 118 342 169 0.1 1.3 2.7 21.6 21.4 735.8 0.00 0 0.0 37.6 24.1 24.4 3.624  -39.4   29.1    2.2  19    3.3   0 0 0 1 1 2 0 21.8 23.3 21.8 23.4 80.0 100 100 20 408 0 143 0 401 402 399 0 0 0 59 50 WAIT_ACK 0 
b.1 2025-08-01 23:20:12.529 a 2025-08-01-23:20:02 099 028 240 0.1 1.0 3.1 21.6 21.3 735.8 0.00 0 0.0 37.2 24.1 24.4 3.624  -39.3   29.2    2.2  19    3.3   5 0 0 1 1 2 0 21.7 23.3 21.8 23.4 80.0 100 100 20 408 0 143 0 401 401 400 0 0 0 59 50 WAIT_ACK 0 
b.1 2025-08-01 23:21:10.851 a 2025-08-01-23:21:01 002 023 206 0.1 0.9 3.4 21.5 21.4 735.8 0.00 0 0.0 37.1 24.1 24.4 3.627  -38.4   29.1    0.0  19    3.3   0 0 0 1 1 2 0 21.7 23.4 21.8 23.4 80.0 100 100 20 408 0 143 0 401 401 399 0 0 0 59 50 WAIT_ACK 0 
b.1 2025-08-01 23:22:10.190 a 2025-08-01-23:22:00 146 028 189 0.1 0.4 1.5 21.5 21.5 735.8 0.00 0 0.0 37.4 24.1 24.4 3.623  -37.5   29.1    0.0  19    3.3   0 0 0 1 1 2 0 21.7 23.5 21.8 23.5 80.0 100 100 20 408 0 143 0 401 401 400 0 0 0 60 50 WAIT_ACK 0 
b.1 2025-08-01 23:23:11.476 a 2025-08-01-23:23:01 270 097 302 0.1 1.3 4.2 21.7 21.3 735.8 0.00 0 0.0 37.4 24.1 24.4 3.626  -42.2   29.1    2.4  19    3.4   5 0 0 1 1 2 0 21.6 23.6 21.7 23.6 80.0 100 100 20 408 0 143 0 401 401 400 0 0 0 59 50 WAIT_ACK 0 
b.1 2025-08-01 23:24:13.273 a 2025-08-01-23:24:03 009 180 319 0.1 1.1 2.9 21.7 21.5 735.8 0.00 0 0.0 36.9 24.1 24.4 3.632  -37.0   29.0    2.2  19    3.3   0 0 0 1 1 2 0 21.6 23.6 21.7 23.7 80.0 100 100 20 408 0 143 0 401 401 400 0 0 0 59 50 WAIT_ACK 0 
b.1 2025-08-01 23:25:15.711 a 2025-08-01-23:25:05 100 037 176 0.1 0.7 2.3 21.7 21.5 735.8 0.00 0 0.0 37.2 24.1 24.4 3.623  -38.7   29.0    2.2  19    3.3   0 0 0 1 1 2 0 21.6 24.0 21.7 24.1 80.0 100 100 20 408 0 143 0 401 402 400 0 0 0 59 50 WAIT_ACK 0 
b.1 2025-08-01 23:26:11.089 a 2025-08-01-23:26:01 098 092 158 0.1 0.9 3.8 21.8 22.0 735.8 0.00 0 0.0 37.0 24.1 24.4 3.624  -37.7   29.0    0.0  20    3.5   0 0 0 1 1 2 0 21.5 24.2 21.6 24.2 80.0 100 100 20 408 0 143 0 401 401 400 0 0 0 59 50 WAIT_ACK 0 
b.1 2025-08-01 23:27:10.312 a 2025-08-01-23:27:00 023 257 281 0.1 1.3 3.8 21.8 22.1 735.8 0.00 0 0.0 36.8 24.1 24.4 3.626  -36.7   29.0    0.0  20    3.5   0 0 0 1 1 2 0 21.5 24.3 21.6 24.3 80.0 100 100 20 408 0 143 0 401 401 399 0 0 0 59 50 WAIT_ACK 0 
b.1 2025-08-01 23:28:10.336 a 2025-08-01-23:28:00 008 029 233 0.1 1.1 3.7 21.7 22.6 735.8 0.00 0 0.0 36.4 24.1 24.4 3.626  -36.6   28.9    0.0  20    3.6   0 0 0 1 1 2 0 21.5 24.4 21.6 24.5 80.0 100 100 20 408 0 143 0 401 401 400 0 0 0 59 50 WAIT_ACK 0 
b.1 2025-08-01 23:29:11.154 a 2025-08-01-23:29:01 222 086 292 0.0 0.6 1.5 21.6 22.9 735.8 0.00 0 0.0 36.8 24.1 24.4 3.626  -37.0   28.9    2.1  20    3.6   0 0 0 1 1 2 0 21.5 24.4 21.7 24.5 80.0 100 100 20 408 0 143 0 401 401 400 0 0 0 59 50 WAIT_ACK 0 
b.1 2025-08-01 23:30:12.914 a 2025-08-01-23:30:03 145 032 236 0.1 0.9 3.0 21.6 23.0 735.8 0.00 0 0.0 36.5 24.1 24.4 3.626  -37.0   28.9    0.0  20    3.7   0 0 0 1 1 2 0 21.6 24.5 21.7 24.4 80.0 100 100 20 408 0 143 0 400 402 399 0 0 0 59 50 WAIT_ACK 0 
b.1 2025-08-01 23:31:11.734 a 2025-08-01-23:31:01 147 349 175 0.1 0.8 2.1 21.8 23.0 735.8 0.00 0 0.0 36.5 24.1 24.4 3.626  -37.5   29.0    0.0  20    3.8   0 0 0 1 1 2 0 21.6 24.5 21.7 24.5 80.0 100 99 20 408 0 143 0 401 401 400 0 0 0 59 50 WAIT_ACK 0 
b.1 2025-08-01 23:32:10.632 a 2025-08-01-23:32:00 116 012 175 0.1 0.7 1.9 21.8 23.1 735.8 0.00 0 0.0 36.6 24.1 24.5 3.626  -40.5   29.0    0.0  20    3.9   5 0 0 1 1 2 0 21.6 24.6 21.7 24.5 80.0 100 100 20 408 0 143 0 401 401 400 0 0 0 59 50 WAIT_ACK 0 
b.1 2025-08-01 23:33:12.332 a 2025-08-01-23:33:02 020 273 090 0.1 0.7 1.8 21.8 23.2 735.8 0.00 0 0.0 36.7 24.1 24.4 3.626  -37.6   29.1    0.0  20    4.0   0 0 0 1 1 2 0 21.6 24.5 21.8 24.6 80.0 100 100 20 408 0 143 0 401 401 400 0 0 0 60 50 WAIT_ACK 0 
b.1 2025-08-01 23:34:11.816 a 2025-08-01-23:34:02 121 035 217 0.1 0.5 2.5 21.9 23.2 735.8 0.00 0 0.0 36.9 24.1 24.4 3.623  -37.7   29.1    2.2  20    4.0   5 0 0 1 1 2 0 21.7 24.5 21.8 24.6 80.0 100 100 20 408 0 143 0 401 401 399 0 0 0 59 50 WAIT_ACK 0 
b.1 2025-08-01 23:35:13.197 a 2025-08-01-23:35:03 071 350 250 0.0 0.7 2.8 22.0 23.3 735.8 0.00 0 0.0 36.8 24.1 24.4 3.626  -36.8   29.2    0.0  20    4.2   0 0 0 1 1 2 0 21.7 24.6 21.8 24.6 80.0 100 100 20 408 0 143 0 401 401 400 0 0 0 59 50 WAIT_ACK 0 
b.1 2025-08-01 23:36:10.398 a 2025-08-01-23:36:00 223 214 309 0.0 0.3 1.0 22.2 23.1 735.8 0.00 0 0.0 37.4 24.1 24.4 3.624  -36.5   29.2    0.0  20    4.2   0 0 0 1 1 2 0 21.7 24.5 21.9 24.8 80.0 100 100 20 408 0 143 0 401 402 399 0 0 0 59 50 WAIT_ACK 0 
b.1 2025-08-01 23:37:10.474 a 2025-08-01-23:37:00 270 243 304 0.1 0.7 3.8 22.3 23.1 735.8 0.00 0 0.0 37.5 24.1 24.4 3.628  -36.7   29.2    0.0  21    4.3   0 0 0 1 1 2 0 21.7 24.7 21.8 24.8 80.0 100 100 20 408 0 143 0 400 401 399 0 0 0 59 50 WAIT_ACK 0 
b.1 2025-08-01 23:38:09.915 a 2025-08-01-23:38:00 239 226 289 0.1 0.8 2.7 22.3 23.2 735.8 0.00 0 0.0 37.4 24.1 24.4 3.632  -38.4   29.2    2.2  21    4.3   5 0 0 1 1 2 0 21.7 24.7 21.9 24.8 80.0 100 100 20 408 0 143 0 401 401 400 0 0 0 60 50 WAIT_ACK 0 
b.1 2025-08-01 23:39:09.476 a 2025-08-01-23:38:59 132 311 139 0.1 0.9 3.3 22.4 23.1 735.8 0.00 0 0.0 37.2 24.1 24.4 3.624  -37.5   29.2    2.1  21    4.4   5 0 0 1 1 2 0 21.8 24.9 21.9 25.1 80.0 100 100 20 408 0 143 0 401 401 399 0 0 0 59 50 WAIT_ACK 0 
b.1 2025-08-01 23:40:11.875 a 2025-08-01-23:40:02 223 200 298 0.0 0.5 1.9 22.4 23.4 735.8 0.00 0 0.0 37.2 24.1 24.4 3.632  -37.1   29.3    0.0  21    4.6   0 0 0 1 1 2 0 21.7 25.0 21.9 25.1 80.0 100 100 20 408 0 143 0 401 401 400 0 0 0 60 50 WAIT_ACK 0 
b.1 2025-08-01 23:41:10.315 a 2025-08-01-23:41:00 282 288 326 0.1 0.6 1.5 22.4 23.9 735.8 0.00 0 0.0 37.3 24.1 24.4 3.624  -37.2   29.2    0.0  21    4.6   0 0 0 1 1 2 0 21.8 25.1 21.9 25.3 80.0 100 100 20 408 0 143 0 401 401 400 0 0 0 59 50 WAIT_ACK 0 
b.1 2025-08-01 23:42:09.096 a 2025-08-01-23:41:59 063 354 107 0.0 0.7 2.0 22.4 24.0 735.8 0.00 0 0.0 37.3 24.1 24.4 3.626  -37.3   29.2    0.0  21    4.7   0 0 0 1 1 2 0 21.8 25.6 21.9 25.4 80.0 100 100 20 408 0 143 0 400 401 399 0 0 0 60 50 WAIT_ACK 0 
b.1 2025-08-01 23:43:12.618 a 2025-08-01-23:43:02 145 237 213 0.0 0.4 1.1 22.5 24.5 735.8 0.00 0 0.0 37.6 24.1 24.4 3.632  -37.8   29.2    0.0  21    4.9   0 0 0 1 1 2 0 21.8 25.6 21.9 25.5 80.0 100 100 20 408 0 143 0 400 401 399 0 0 0 59 50 WAIT_ACK 0 
b.1 2025-08-01 23:44:10.237 a 2025-08-01-23:44:00 077 218 358 0.1 0.6 2.0 22.6 24.6 735.8 0.00 0 0.0 37.4 24.1 24.4 3.624  -37.2   29.2    0.0  21    5.0   0 0 0 1 1 2 0 21.8 25.6 21.9 26.1 80.0 100 100 20 408 0 143 0 400 401 400 0 0 0 60 50 WAIT_ACK 0 
b.1 2025-08-01 23:45:09.617 a 2025-08-01-23:44:59 156 043 241 0.1 0.8 3.0 22.8 24.8 735.9 0.00 0 0.0 37.2 24.1 24.4 3.624  -40.5   29.3    0.0  22    5.1   5 0 0 1 1 2 0 21.8 25.6 21.9 26.0 80.0 100 100 20 408 0 143 0 401 401 400 0 0 0 59 50 WAIT_ACK 0 
b.1 2025-08-01 23:46:11.740 a 2025-08-01-23:46:01 168 018 233 0.1 1.6 4.3 22.8 24.9 735.8 0.00 0 0.0 36.4 24.1 24.4 3.624  -40.1   29.3    2.3  22    5.3   5 0 0 1 1 2 0 21.8 25.9 21.9 26.3 80.0 100 100 20 408 0 143 0 401 401 400 0 0 0 59 50 WAIT_ACK 0 
b.1 2025-08-01 23:47:10.045 a 2025-08-01-23:47:00 189 033 277 0.1 1.5 4.4 22.4 26.0 735.8 0.00 0 0.0 35.4 24.1 24.4 3.624  -41.8   29.3    2.3  22    5.4   5 0 0 1 1 2 0 21.8 26.3 21.9 26.4 80.0 100 100 20 408 0 143 0 400 401 399 0 0 0 59 50 WAIT_ACK 0 
b.1 2025-08-01 23:48:10.900 a 2025-08-01-23:48:01 105 033 244 0.2 1.5 4.3 21.7 27.1 735.8 0.00 0 0.0 34.7 24.1 24.4 3.623  -39.6   29.2    2.4  22    5.3   0 0 0 1 1 2 0 21.9 26.3 21.9 26.9 80.0 100 100 20 408 0 143 0 401 401 400 0 0 0 60 50 WAIT_ACK 0 
b.1 2025-08-01 23:49:10.684 a 2025-08-01-23:49:00 052 352 319 0.1 1.2 4.2 21.1 28.0 735.8 0.00 0 0.0 34.5 24.1 24.5 3.623  -40.3   29.1    2.4  22    5.4   5 0 0 1 1 2 0 21.9 26.6 21.9 26.8 80.0 100 100 20 408 0 143 0 401 401 399 0 0 0 60 50 WAIT_ACK 0 
b.1 2025-08-01 23:50:14.381 a 2025-08-01-23:50:04 103 016 233 0.1 1.4 4.3 20.8 28.5 735.8 0.00 0 0.0 33.9 24.1 24.4 3.624  -40.5   29.0    2.3  22    5.4   0 0 0 1 1 2 0 21.8 27.3 21.9 27.6 80.0 100 100 20 408 0 143 0 401 402 399 0 0 0 60 50 WAIT_ACK 0 
b.1 2025-08-01 23:51:11.023 a 2025-08-01-23:51:01 105 344 151 0.1 1.3 3.9 20.5 28.5 735.8 0.00 0 0.0 33.7 24.1 24.4 3.623  -39.6   28.9    2.3  22    5.3   0 0 0 1 1 2 0 21.8 27.4 21.8 27.9 80.0 100 100 20 408 0 143 0 401 401 400 0 0 0 59 50 WAIT_ACK 0 
b.1 2025-08-01 23:52:09.884 a 2025-08-01-23:52:00 071 352 260 0.1 1.2 2.9 20.3 28.3 735.8 0.00 0 0.0 33.6 24.1 24.4 3.624  -38.2   28.8    2.2  22    5.2   5 0 0 1 1 2 0 21.7 27.7 21.8 27.9 80.0 100 100 20 408 0 143 0 401 402 399 0 0 0 59 50 WAIT_ACK 0 
b.1 2025-08-01 23:53:11.724 a 2025-08-01-23:53:01 273 009 291 0.1 0.8 2.5 20.3 28.0 735.8 0.00 0 0.0 33.7 24.1 24.4 3.624  -38.0   28.8    0.0  22    5.1   0 0 0 1 1 2 0 21.6 27.7 21.7 27.9 80.0 100 100 20 408 0 143 0 402 401 400 0 0 0 60 50 WAIT_ACK 0 
b.1 2025-08-01 23:54:11.724 a 2025-08-01-23:54:01 012 268 090 0.1 0.7 1.9 20.3 27.2 735.8 0.00 0 0.0 34.0 24.1 24.4 3.626  -36.7   28.7    0.0  22    5.0   0 0 0 1 1 2 0 21.6 27.6 21.7 27.6 80.0 100 100 20 408 0 143 0 401 401 399 0 0 0 59 50 WAIT_ACK 0 
b.1 2025-08-01 23:55:11.148 a 2025-08-01-23:55:01 099 353 197 0.1 0.8 1.9 20.4 26.1 735.8 0.00 0 0.0 33.9 24.1 24.4 3.626  -40.6   28.7    0.0  22    4.9   5 0 0 1 1 2 0 21.6 27.3 21.7 27.5 80.0 100 100 20 408 0 143 0 401 401 399 0 0 0 59 50 WAIT_ACK 0 
b.1 2025-08-01 23:56:11.005 a 2025-08-01-23:56:01 095 355 242 0.1 1.2 3.1 20.5 25.8 735.8 0.00 0 0.0 33.8 24.1 24.4 3.626  -39.3   28.7    2.2  22    4.9   5 0 0 1 1 2 0 21.6 27.0 21.7 27.2 80.0 100 100 20 408 0 143 0 401 401 400 0 0 0 60 50 WAIT_ACK 0 
b.1 2025-08-01 23:57:09.223 a 2025-08-01-23:56:59 063 088 253 0.0 0.8 2.5 20.5 26.1 735.8 0.00 0 0.0 33.6 24.1 24.4 3.626  -38.2   28.8    0.0  22    4.8   0 0 0 1 1 2 0 21.6 27.1 21.7 27.1 80.0 100 100 20 408 0 143 0 401 401 400 0 0 0 60 50 WAIT_ACK 0 
b.1 2025-08-01 23:58:11.065 a 2025-08-01-23:58:01 181 028 213 0.0 0.3 1.5 20.5 26.5 735.8 0.00 0 0.0 34.3 24.1 24.4 3.626  -36.9   28.8    0.0  22    4.8   0 0 0 1 1 2 0 21.5 27.4 21.6 27.6 80.0 100 100 20 408 0 143 0 401 401 399 0 0 0 59 50 WAIT_ACK 0 
b.1 2025-08-01 23:59:12.289 a 2025-08-01-23:59:02 002 027 142 0.0 0.3 2.4 20.6 26.7 735.8 0.00 0 0.0 35.0 24.1 24.4 3.633  -36.7   28.7    0.0  22    4.9   0 0 0 1 1 2 0 21.5 27.8 21.6 28.0 80.0 100 100 20 408 0 143 0 400 401 399 0 0 0 59 50 WAIT_ACK 0 
