b.1 2025-07-18 00:00:16.927 a 2025-07-18-00:00:08 083 035 207 0.1 1.9 6.6 13.8 60.6 728.7 0.00 0 0.0 15.0 24.1 24.4 3.634  -25.0   19.0    2.3  47    7.4   8 0 0 2 1 1 0 15.5 58.1 15.7 57.7 80.0 100 100 20 408 0 143 0 402 401 400 0 0 0 60 50 AUTO 0 
b.1 2025-07-18 00:01:12.588 a 2025-07-18-00:01:04 171 013 216 0.2 2.3 7.2 13.7 61.1 728.7 0.00 0 0.0 15.0 24.1 24.4 3.628  -27.7   18.9    2.6  47    7.4   9 0 0 1 1 1 0 15.4 58.5 15.7 58.0 80.0 100 99 20 408 0 143 0 401 401 399 0 0 0 60 50 AUTO 0 
b.1 2025-07-18 00:02:13.026 a 2025-07-18-00:02:04 190 017 292 0.2 2.0 5.2 13.6 62.2 728.7 0.00 0 0.0 14.9 24.0 24.4 3.626  -26.2   18.8    2.8  47    7.3   9 0 0 1 1 1 0 15.4 59.0 15.7 58.7 80.0 100 100 20 408 0 143 0 401 401 400 0 0 0 60 50 AUTO 0 
b.1 2025-07-18 00:03:11.247 a 2025-07-18-00:03:03 121 042 234 0.2 2.2 6.3 13.4 62.8 728.7 0.00 0 0.0 14.9 23.8 23.4 3.633  -28.0   18.7    3.1  48    7.4   9 0 0 1 1 1 0 15.3 59.5 15.6 59.1 80.0 100 100 20 408 0 143 0 401 401 399 0 0 0 60 50 AUTO 0 
b.1 2025-07-18 00:04:12.628 a 2025-07-18-00:04:04 117 039 290 0.1 1.8 5.1 13.3 63.3 728.7 0.00 0 0.0 15.1 24.1 24.4 3.634  -23.5   18.6    2.8  48    7.3   9 0 0 2 1 1 0 15.3 59.7 15.6 59.3 80.0 100 100 20 408 0 143 0 402 401 400 0 0 0 60 50 AUTO 0 
b.1 2025-07-18 00:05:12.191 a 2025-07-18-00:05:04 045 049 094 0.1 0.8 4.3 13.2 63.6 728.7 0.00 0 0.0 15.0 24.1 24.4 3.627  -21.1   18.4    2.3  48    7.1   0 0 0 2 1 1 0 15.3 59.8 15.5 59.3 80.0 100 100 20 408 0 143 0 401 401 399 0 0 0 59 50 AUTO 0 
b.1 2025-07-18 00:06:11.670 a 2025-07-18-00:06:03 318 353 354 0.1 0.8 4.3 13.2 63.5 728.7 0.00 0 0.0 15.0 24.1 24.4 3.628  -18.8   18.4    2.2  48    7.2   5 0 0 2 1 1 0 15.2 60.0 15.5 59.5 80.0 100 100 20 408 0 143 0 401 401 400 0 0 0 60 50 AUTO_PARK 600 
b.1 2025-07-18 00:07:10.592 a 2025-07-18-00:07:02 093 273 353 0.0 0.9 3.1 13.2 63.3 728.7 0.00 0 0.0 14.9 24.1 24.4 3.628  -18.9   18.4    2.2  48    7.1   5 0 0 2 1 1 0 15.2 60.1 15.5 59.7 80.0 100 100 20 408 0 143 0 401 401 399 0 0 0 59 50 AUTO_PARK 600 
b.1 2025-07-18 00:08:12.289 a 2025-07-18-00:08:04 104 105 292 0.1 0.6 1.6 13.2 63.5 728.7 0.00 0 0.0 15.1 24.1 24.5 3.626  -25.1   18.4    0.0  48    7.3   5 0 0 1 1 1 0 15.2 60.1 15.5 59.7 80.0 100 100 20 408 0 143 0 401 401 399 0 0 0 60 50 AUTO_PARK 558 
b.1 2025-07-18 00:09:12.651 a 2025-07-18-00:09:04 329 032 346 0.1 0.9 2.9 13.3 63.4 728.7 0.00 0 0.0 14.9 24.1 24.5 3.628  -28.7   18.4    0.0  48    7.3   7 0 0 1 1 1 0 15.3 60.2 15.5 59.8 80.0 100 100 20 408 0 143 0 402 401 400 0 0 0 60 50 AUTO_PARK 497 
b.1 2025-07-18 00:10:14.173 a 2025-07-18-00:10:05 025 285 107 0.1 0.7 2.0 13.3 63.7 728.7 0.00 0 0.0 15.0 24.1 24.4 3.627  -26.5   18.3    0.0  49    7.3   7 0 0 1 1 1 0 15.2 60.2 15.5 59.9 80.0 100 100 20 408 0 143 0 402 401 400 0 0 0 59 50 AUTO_PARK 436 
b.1 2025-07-18 00:11:10.351 a 2025-07-18-00:11:02 101 308 174 0.1 1.0 2.0 13.3 63.9 728.7 0.00 0 0.0 15.0 24.1 24.4 3.634  -23.6   18.3    0.0  48    7.3   7 0 0 2 1 1 0 15.2 60.2 15.5 60.0 80.0 100 100 20 408 0 143 0 401 402 399 0 0 0 60 50 AUTO_PARK 379 
b.1 2025-07-18 00:12:09.171 a 2025-07-18-00:12:00 069 044 115 0.1 0.9 3.5 13.3 64.1 728.7 0.00 0 0.0 14.9 24.0 24.5 3.627  -29.1   18.3    2.1  49    7.3   7 0 0 1 1 1 0 15.3 60.2 15.5 60.0 80.0 100 100 20 408 0 143 0 401 401 399 0 0 0 59 50 AUTO_PARK 321 
b.1 2025-07-18 00:13:10.871 a 2025-07-18-00:13:02 020 276 091 0.1 0.8 2.0 13.3 63.9 728.7 0.00 0 0.0 15.0 24.1 24.4 3.628  -29.2   18.3    2.1  49    7.3   7 0 0 1 1 1 0 15.3 60.1 15.4 59.9 80.0 100 100 20 408 0 143 0 401 401 399 0 0 0 59 50 AUTO_PARK 259 
b.1 2025-07-18 00:14:09.230 a 2025-07-18-00:14:01 259 273 317 0.1 0.7 2.1 13.3 63.9 728.7 0.00 0 0.0 15.0 24.1 24.4 3.627  -29.5   18.3    0.0  49    7.3   7 0 0 1 1 1 0 15.2 60.0 15.4 59.9 80.0 100 100 20 408 0 143 0 401 401 399 0 0 0 60 50 AUTO_PARK 200 
b.1 2025-07-18 00:15:11.516 a 2025-07-18-00:15:03 205 152 273 0.1 0.3 1.4 13.3 63.8 728.7 0.00 0 0.0 15.0 24.1 24.5 3.628  -28.3   18.3    0.0  49    7.3   7 0 0 1 1 1 0 15.2 60.1 15.4 59.9 80.0 100 100 20 408 0 143 0 401 401 400 0 0 0 59 50 AUTO_PARK 138 
b.1 2025-07-18 00:16:10.937 a 2025-07-18-00:16:02 103 056 118 0.1 1.1 4.5 13.3 64.0 728.7 0.00 0 0.0 15.0 23.8 23.4 3.633  -30.7   18.3    2.2  49    7.5   7 0 0 1 1 1 0 15.2 60.2 15.4 60.1 80.0 100 100 20 408 0 143 0 400 401 399 0 0 0 60 50 AUTO_PARK 79 
b.1 2025-07-18 00:17:11.012 a 2025-07-18-00:17:02 133 041 278 0.3 3.1 7.0 13.2 64.8 728.7 0.00 0 0.0 14.9 24.0 23.4 3.635  -31.8   18.2    2.9  50    7.6  11 0 0 1 1 1 0 15.1 60.6 15.3 60.3 80.0 100 100 20 408 0 143 0 401 401 400 0 0 0 59 50 AUTO_PARK 19 
b.1 2025-07-18 00:18:08.851 a 2025-07-18-00:18:00 194 084 283 0.2 2.4 8.8 12.9 65.1 728.6 0.00 0 0.0 15.1 24.1 24.4 3.637  -29.7   18.1    2.8  50    7.5   9 0 0 1 1 1 0 15.1 60.8 15.3 60.5 80.0 100 100 20 408 0 143 0 400 401 399 0 0 0 60 50 AUTO 0 
b.1 2025-07-18 00:19:10.792 a 2025-07-18-00:19:02 179 173 199 0.1 1.1 3.6 12.9 65.0 728.7 0.00 0 0.0 14.9 24.1 24.4 3.627  -27.3   18.0    2.3  50    7.4   0 0 0 1 1 1 0 15.0 61.0 15.2 60.8 80.0 100 100 20 408 0 143 0 401 401 400 0 0 0 60 50 AUTO 0 
b.1 2025-07-18 00:20:10.492 a 2025-07-18-00:20:02 090 329 102 0.1 0.7 2.1 12.9 65.3 728.7 0.00 0 0.0 15.1 24.1 24.4 3.627  -26.7   17.9    2.2  50    7.4   5 0 0 1 1 1 0 14.9 61.2 15.2 60.9 80.0 100 100 20 408 0 143 0 402 401 400 0 0 0 59 50 AUTO 0 
b.1 2025-07-18 00:21:10.055 a 2025-07-18-00:21:01 318 166 342 0.0 0.6 1.6 13.0 65.0 728.7 0.00 0 0.0 15.0 24.1 24.4 3.635  -30.0   17.9    0.0  50    7.3   5 0 0 1 1 1 0 14.9 61.4 15.1 61.0 80.0 100 100 20 408 0 143 0 401 401 399 0 0 0 60 50 AUTO 0 
b.1 2025-07-18 00:22:09.473 a 2025-07-18-00:22:01 146 181 352 0.1 0.7 2.4 13.0 65.0 728.7 0.00 0 0.0 15.0 24.1 24.4 3.628  -28.4   17.9    0.0  50    7.3   6 0 0 1 1 1 0 14.9 61.4 15.2 61.0 80.0 100 100 20 408 0 143 0 401 401 399 0 0 0 59 50 AUTO 0 
b.1 2025-07-18 00:23:09.276 a 2025-07-18-00:23:00 093 204 298 0.0 0.6 1.3 13.0 64.5 728.6 0.00 0 0.0 15.0 24.1 24.4 3.627  -27.4   17.9    0.0  50    7.3   6 0 0 1 1 1 0 14.9 61.5 15.2 61.0 80.0 100 100 20 408 0 143 0 401 401 400 0 0 0 59 50 AUTO 0 
b.1 2025-07-18 00:24:07.457 a 2025-07-18-00:23:59 047 205 287 0.1 0.9 2.7 13.1 64.8 728.7 0.00 0 0.0 15.0 24.1 24.4 3.627  -26.7   17.9    0.0  50    7.3   6 0 0 1 1 1 0 14.9 61.5 15.1 61.0 80.0 100 100 20 408 0 143 0 402 401 400 0 0 0 60 50 AUTO 0 
b.1 2025-07-18 00:25:12.173 a 2025-07-18-00:25:03 019 242 327 0.1 0.7 2.2 13.1 64.5 728.6 0.00 0 0.0 15.0 24.1 24.4 3.627  -29.8   17.9    2.1  50    7.3   6 0 0 1 1 1 0 14.9 61.6 15.1 61.2 80.0 100 100 20 408 0 143 0 401 401 399 0 0 0 60 50 AUTO 0 
b.1 2025-07-18 00:26:09.193 a 2025-07-18-00:26:00 091 256 308 0.1 0.7 2.1 13.1 64.6 728.5 0.00 0 0.0 15.0 24.1 24.4 3.628  -27.1   17.9    0.0  50    7.4   7 0 0 1 1 1 0 14.9 61.6 15.1 61.3 80.0 100 100 20 408 0 143 0 401 401 400 0 0 0 60 50 AUTO 0 
b.1 2025-07-18 00:27:08.615 a 2025-07-18-00:27:00 111 301 344 0.1 0.7 2.2 13.1 64.3 728.7 0.00 0 0.0 15.0 23.8 23.4 3.633  -28.4   17.9    2.1  50    7.4   7 0 0 1 1 1 0 14.9 61.8 15.1 61.5 80.0 100 100 20 408 0 143 0 402 401 400 0 0 0 59 50 AUTO 0 
b.1 2025-07-18 00:28:09.335 a 2025-07-18-00:28:01 033 343 183 0.1 1.1 2.9 13.2 64.7 728.6 0.00 0 0.0 15.0 24.1 24.4 3.635  -30.2   17.9    2.1  50    7.5   7 0 0 1 1 1 0 14.9 62.0 15.1 61.6 80.0 100 100 20 408 0 143 0 401 401 399 0 0 0 60 50 AUTO 0 
b.1 2025-07-18 00:29:11.733 a 2025-07-18-00:29:03 006 191 243 0.1 0.8 2.2 13.1 65.1 728.6 0.00 0 0.0 14.9 24.0 24.4 3.628  -29.9   17.9    2.1  50    7.5   7 0 0 1 1 1 0 14.8 62.4 15.1 61.8 80.0 100 100 20 408 0 143 0 401 401 399 0 0 0 60 50 AUTO 0 
b.1 2025-07-18 00:30:10.095 a 2025-07-18-00:30:01 031 327 117 0.1 0.8 3.4 13.1 65.3 728.6 0.00 0 0.0 15.0 24.1 24.5 3.627  -30.8   17.9    0.0  50    7.5   7 0 0 1 1 1 0 14.8 62.6 15.1 62.2 80.0 100 100 20 408 0 143 0 402 401 400 0 0 0 60 50 AUTO 0 
b.1 2025-07-18 00:31:10.138 a 2025-07-18-00:31:01 022 198 149 0.1 0.8 3.0 13.0 65.3 728.6 0.00 0 0.0 15.0 24.1 24.4 3.627  -33.3   17.9    2.2  50    7.4   7 0 0 1 1 1 0 14.8 63.0 15.1 62.5 80.0 100 100 20 408 0 143 0 401 401 399 0 0 0 60 50 AUTO 0 
b.1 2025-07-18 00:32:09.733 a 2025-07-18-00:32:01 295 196 321 0.2 1.0 2.3 13.0 66.3 728.6 0.00 0 0.0 15.0 24.1 24.4 3.627  -27.9   17.9    2.2  50    7.4   8 0 0 1 1 1 0 14.7 63.3 15.1 62.7 80.0 100 100 20 408 0 143 0 401 401 399 0 0 0 60 50 AUTO 0 
b.1 2025-07-18 00:33:13.474 a 2025-07-18-00:33:05 132 185 169 0.1 0.7 2.8 12.9 66.2 728.6 0.00 0 0.0 15.0 24.1 24.4 3.628  -28.4   17.9    0.0  50    7.4   8 0 0 1 1 1 0 14.7 63.7 15.0 63.0 80.0 100 100 20 408 0 143 0 401 401 400 0 0 0 59 50 AUTO 0 
b.1 2025-07-18 00:34:10.155 a 2025-07-18-00:34:01 107 070 304 0.1 1.3 5.8 12.9 67.5 728.6 0.00 0 0.0 15.1 24.1 24.4 3.627  -29.1   17.9    2.2  51    7.6   8 0 0 1 1 1 0 14.7 63.9 15.0 63.4 80.0 100 100 20 408 0 143 0 401 401 400 0 0 0 59 50 AUTO 0 
b.1 2025-07-18 00:35:11.177 a 2025-07-18-00:35:02 111 000 183 0.1 0.6 2.8 12.9 67.1 728.7 0.00 0 0.0 15.0 24.1 24.4 3.633  -27.4   17.9    2.1  51    7.6   8 0 0 1 1 1 0 14.7 64.1 15.0 63.6 80.0 100 100 20 408 0 143 0 401 401 400 0 0 0 59 50 AUTO 0 
b.1 2025-07-18 00:36:09.118 a 2025-07-18-00:36:00 119 340 234 0.1 1.6 4.6 12.9 67.5 728.7 0.00 0 0.0 14.9 23.8 23.4 3.634  -27.3   17.9    2.3  51    7.7   8 0 0 1 1 1 0 14.7 64.3 15.0 63.7 80.0 100 100 20 408 0 143 0 401 401 400 0 0 0 60 50 AUTO 0 
b.1 2025-07-18 00:37:10.835 a 2025-07-18-00:37:02 017 046 062 0.1 1.2 4.7 12.8 68.0 728.7 0.00 0 0.0 15.1 24.1 24.5 3.627  -27.1   17.9    2.2  51    7.8   8 0 0 1 1 1 0 14.7 64.4 14.9 63.9 80.0 100 100 20 408 0 143 0 401 401 400 0 0 0 60 50 AUTO 0 
b.1 2025-07-18 00:38:08.434 a 2025-07-18-00:38:00 270 147 296 0.1 1.1 5.4 12.8 67.6 728.7 0.00 0 0.0 15.0 23.9 23.4 3.634  -30.6   17.9    2.2  52    7.9   8 0 0 1 1 1 0 14.7 64.3 14.9 63.9 80.0 100 100 20 408 0 143 0 401 402 399 0 0 0 59 50 AUTO 0 
b.1 2025-07-18 00:39:09.561 a 2025-07-18-00:39:01 111 000 152 0.0 0.6 2.4 12.8 67.8 728.7 0.00 0 0.0 15.1 24.1 24.4 3.635  -29.9   17.8    0.0  52    7.8   5 0 0 1 1 1 0 14.7 64.3 14.9 63.9 80.0 100 100 20 408 0 143 0 401 401 400 0 0 0 60 50 AUTO 0 
b.1 2025-07-18 00:40:11.263 a 2025-07-18-00:40:03 020 241 222 0.1 0.6 1.9 12.8 67.9 728.7 0.00 0 0.0 15.0 24.1 24.4 3.627  -30.4   17.7    0.0  52    7.7   5 0 0 1 1 1 0 14.6 64.3 14.9 63.7 80.0 100 99 20 408 2 143 0 401 401 400 0 0 0 60 50 AUTO 0 
b.1 2025-07-18 00:41:09.555 a 2025-07-18-00:41:01 121 176 195 0.1 0.7 3.0 12.8 67.9 728.7 0.00 0 0.0 14.9 23.8 23.4 3.634  -30.5   17.7    2.2  52    7.8   5 0 0 1 1 1 0 14.6 64.3 14.8 63.7 80.0 100 100 20 408 0 143 0 401 401 400 0 0 0 59 50 AUTO 0 
b.1 2025-07-18 00:42:09.336 a 2025-07-18-00:42:01 216 174 280 0.1 0.6 1.7 12.8 67.8 728.7 0.00 0 0.0 15.0 24.1 24.4 3.627  -31.6   17.7    0.0  52    7.7  10 0 0 1 1 1 0 14.6 64.2 14.8 63.6 80.0 100 100 20 408 0 143 0 401 401 400 0 0 0 60 50 AUTO 0 
b.1 2025-07-18 00:43:10.279 a 2025-07-18-00:43:02 051 009 098 0.2 1.4 3.8 12.7 67.6 728.6 0.00 0 0.0 15.0 24.1 24.5 3.628  -33.1   17.7    2.2  52    7.7   7 0 0 1 1 1 0 14.6 64.2 14.8 63.7 80.0 100 100 20 408 0 143 0 401 401 399 0 0 0 60 50 AUTO 0 
b.1 2025-07-18 00:44:09.858 a 2025-07-18-00:44:01 212 120 316 0.1 1.3 3.4 12.7 68.1 728.6 0.00 0 0.0 14.9 23.9 23.4 3.634  -32.2   17.6    2.2  52    7.7   8 0 0 1 1 1 0 14.5 64.2 14.8 63.7 80.0 100 100 20 408 0 143 0 401 401 400 0 0 0 60 50 AUTO 0 
b.1 2025-07-18 00:45:11.836 a 2025-07-18-00:45:03 090 260 127 0.0 0.5 1.4 12.6 68.2 728.6 0.00 0 0.0 15.0 24.1 24.5 3.628  -30.8   17.6    0.0  52    7.6   8 0 0 1 1 1 0 14.5 64.2 14.8 63.6 80.0 100 100 20 408 0 143 0 401 401 399 0 0 0 60 50 AUTO 0 
b.1 2025-07-18 00:46:11.539 a 2025-07-18-00:46:03 062 062 351 0.1 0.5 1.5 12.6 68.1 728.6 0.00 0 0.0 15.0 24.1 24.4 3.628  -31.6   17.6    0.0  52    7.6   8 0 0 1 1 1 0 14.5 64.2 14.8 63.6 80.0 100 100 20 408 0 143 0 401 401 399 0 0 0 60 50 AUTO 0 
b.1 2025-07-18 00:47:08.644 a 2025-07-18-00:47:00 159 019 214 0.1 0.9 3.3 12.6 68.4 728.6 0.00 0 0.0 14.8 24.0 24.4 3.627  -30.2   17.6    2.2  52    7.6   8 0 0 1 1 1 0 14.5 64.3 14.8 63.7 80.0 100 100 20 408 0 143 0 401 401 399 0 0 0 59 50 AUTO 0 
b.1 2025-07-18 00:48:10.400 a 2025-07-18-00:48:02 253 226 323 0.1 0.7 1.7 12.6 67.9 728.6 0.00 0 0.0 15.0 24.1 24.4 3.627  -29.9   17.6    0.0  52    7.6   8 0 0 1 1 1 0 14.5 64.5 14.8 63.7 80.0 100 100 20 408 0 143 0 400 401 399 0 0 0 60 50 AUTO 0 
b.1 2025-07-18 00:49:07.780 a 2025-07-18-00:48:59 018 129 258 0.1 1.0 3.4 12.6 68.0 728.6 0.00 0 0.0 15.0 24.1 24.5 3.627  -30.1   17.6    0.0  52    7.7   8 0 0 1 1 1 0 14.5 64.5 14.8 63.6 80.0 100 100 20 408 0 143 0 401 401 400 0 0 0 59 50 AUTO 0 
b.1 2025-07-18 00:50:11.338 a 2025-07-18-00:50:03 010 167 331 0.1 0.7 2.6 12.6 67.8 728.6 0.00 0 0.0 15.0 24.1 24.4 3.627  -31.4   17.6    2.1  52    7.6   5 0 0 1 1 1 0 14.4 64.5 14.8 63.7 80.0 100 100 20 408 0 143 0 401 401 400 0 0 0 59 50 AUTO 0 
b.1 2025-07-18 00:51:08.960 a 2025-07-18-00:51:00 010 242 322 0.1 0.8 1.9 12.6 67.5 728.7 0.00 0 0.0 15.1 24.1 24.4 3.627  -30.0   17.5    0.0  52    7.6   5 0 0 1 1 1 0 14.4 64.6 14.8 63.8 80.0 100 100 20 408 0 143 0 402 401 400 0 0 0 59 50 AUTO 0 
b.1 2025-07-18 00:52:09.203 a 2025-07-18-00:52:00 199 107 216 0.0 0.6 2.0 12.6 68.2 728.7 0.00 0 0.0 15.0 24.1 24.4 3.628  -30.1   17.5    2.2  52    7.6   5 0 0 1 1 1 0 14.4 64.8 14.8 64.0 80.0 100 100 20 408 0 143 0 401 402 399 0 0 0 60 50 AUTO 0 
b.1 2025-07-18 00:53:08.664 a 2025-07-18-00:53:00 231 071 297 0.1 1.1 4.7 12.6 68.1 728.7 0.00 0 0.0 15.1 24.0 24.4 3.633  -29.4   17.5    2.2  53    7.8   7 0 0 1 1 1 0 14.4 65.1 14.7 64.2 80.0 100 100 20 408 0 143 0 401 401 399 0 0 0 59 50 AUTO 0 
b.1 2025-07-18 00:54:09.517 a 2025-07-18-00:54:01 217 149 303 0.1 0.7 1.8 12.6 68.1 728.7 0.00 0 0.0 14.9 24.1 24.4 3.634  -29.2   17.5    0.0  53    7.8   7 0 0 1 1 1 0 14.4 65.2 14.8 64.3 80.0 100 100 20 408 0 143 0 401 401 400 0 0 0 59 50 AUTO 0 
b.1 2025-07-18 00:55:10.839 a 2025-07-18-00:55:02 012 114 238 0.0 0.7 3.7 12.6 67.6 728.7 0.00 0 0.0 15.1 24.1 24.5 3.633  -32.2   17.4    2.2  53    7.7   7 0 0 1 1 1 0 14.4 65.2 14.7 64.4 80.0 100 100 20 408 0 143 0 401 401 400 0 0 0 59 50 AUTO 0 
b.1 2025-07-18 00:56:09.838 a 2025-07-18-00:56:01 197 105 273 0.0 0.8 3.1 12.7 68.5 728.7 0.00 0 0.0 15.0 24.1 24.5 3.627  -29.2   17.4    0.0  53    7.8   5 0 0 1 1 1 0 14.4 65.4 14.7 64.6 80.0 100 100 20 408 0 143 0 401 402 399 0 0 0 59 50 AUTO 0 
b.1 2025-07-18 00:57:10.342 a 2025-07-18-00:57:02 102 229 270 0.0 0.5 2.9 12.7 68.6 728.8 0.00 0 0.0 15.0 24.1 24.4 3.627  -27.9   17.4    0.0  53    7.8   5 0 0 1 1 1 0 14.4 65.6 14.7 64.9 80.0 100 100 20 408 0 143 0 401 401 400 0 0 0 59 50 AUTO 0 
b.1 2025-07-18 00:58:08.700 a 2025-07-18-00:58:00 012 206 111 0.1 0.5 1.5 12.7 67.9 728.8 0.00 0 0.0 15.1 24.1 24.5 3.627  -27.7   17.4    0.0  53    7.7   5 0 0 1 1 1 0 14.4 65.8 14.7 65.1 80.0 100 100 20 408 0 143 0 401 401 400 0 0 0 59 50 AUTO 0 
b.1 2025-07-18 00:59:08.683 a 2025-07-18-00:59:00 196 128 277 0.0 0.4 1.0 12.7 68.1 728.8 0.00 0 0.0 15.0 24.1 24.4 3.627  -27.3   17.3    0.0  53    7.7   5 0 0 1 1 1 0 14.4 65.9 14.7 65.3 80.0 100 100 20 408 0 143 0 401 401 400 0 0 0 60 50 AUTO 0 
b.1 2025-07-18 01:00:13.319 a 2025-07-18-01:00:05 254 154 270 0.0 0.5 2.1 12.7 68.4 728.8 0.00 0 0.0 15.1 24.1 24.4 3.633  -27.2   17.3    0.0  53    7.7   5 0 0 1 1 1 0 14.4 65.9 14.7 65.3 80.0 100 100 20 408 0 143 0 402 401 400 0 0 0 59 50 AUTO 0 
b.1 2025-07-18 01:01:08.801 a 2025-07-18-01:01:00 111 128 174 0.0 0.3 0.9 12.7 68.4 728.8 0.00 0 0.0 15.0 24.1 24.5 3.628  -26.8   17.3    0.0  53    7.8   5 0 0 1 1 1 0 14.4 65.9 14.7 65.4 80.0 100 100 20 408 0 143 0 401 401 400 0 0 0 59 50 AUTO 0 
b.1 2025-07-18 01:02:09.950 a 2025-07-18-01:02:01 222 179 325 0.0 0.3 0.6 12.7 68.9 728.8 0.00 0 0.0 15.1 24.1 24.4 3.627  -26.5   17.3    0.0  53    7.7   5 0 0 1 1 1 0 14.4 65.9 14.7 65.4 80.0 100 100 20 408 0 143 0 400 401 399 0 0 0 59 50 AUTO 0 
b.1 2025-07-18 01:03:10.621 a 2025-07-18-01:03:02 020 181 310 0.1 0.4 0.9 12.7 68.9 728.8 0.00 0 0.0 14.9 24.0 24.5 3.628  -26.9   17.3    0.0  53    7.7   5 0 0 1 1 1 0 14.4 65.9 14.7 65.4 80.0 100 100 20 408 0 143 0 401 401 399 0 0 0 59 50 AUTO 0 
b.1 2025-07-18 01:04:11.680 a 2025-07-18-01:04:03 247 170 283 0.0 0.7 1.9 12.7 68.6 728.8 0.00 0 0.0 15.0 24.1 24.4 3.628  -26.8   17.2    0.0  53    7.6   5 0 0 1 1 1 0 14.4 65.9 14.7 65.4 80.0 100 100 20 408 0 143 0 401 401 399 0 0 0 59 50 AUTO 0 
b.1 2025-07-18 01:05:10.421 a 2025-07-18-01:05:02 292 236 354 0.1 0.6 1.8 12.7 68.8 728.8 0.00 0 0.0 15.0 24.1 24.5 3.627  -27.2   17.3    0.0  54    7.7   6 0 0 1 1 1 0 14.4 65.9 14.7 65.4 80.0 100 100 20 408 0 143 0 401 401 399 0 0 0 60 50 AUTO 0 
b.1 2025-07-18 01:06:11.921 a 2025-07-18-01:06:03 233 081 334 0.1 0.5 2.4 12.7 69.1 728.8 0.00 0 0.0 14.9 24.1 24.4 3.628  -28.1   17.2    2.1  54    7.7   6 0 0 1 1 1 0 14.4 65.9 14.7 65.4 80.0 100 100 20 408 0 143 0 401 401 399 0 0 0 60 50 AUTO 0 
b.1 2025-07-18 01:07:11.025 a 2025-07-18-01:07:02 151 045 258 0.1 1.1 2.9 12.7 69.3 728.8 0.00 0 0.0 15.0 24.1 24.4 3.633  -27.5   17.2    2.1  54    7.8   6 0 0 1 1 1 0 14.4 65.9 14.7 65.4 80.0 100 100 20 408 0 143 0 401 401 400 0 0 0 59 50 AUTO 0 
b.1 2025-07-18 01:08:11.141 a 2025-07-18-01:08:02 072 279 294 0.1 0.4 1.7 12.6 69.5 728.8 0.00 0 0.0 15.0 24.1 24.4 3.627  -27.5   17.2    0.0  54    7.7   6 0 0 1 1 1 0 14.4 65.8 14.7 65.1 80.0 100 100 20 408 0 143 0 401 401 400 0 0 0 60 50 AUTO 0 
b.1 2025-07-18 01:09:07.601 a 2025-07-18-01:08:59 063 196 335 0.0 0.6 1.4 12.5 69.5 728.8 0.00 0 0.0 15.0 24.1 24.5 3.627  -27.2   17.2    0.0  53    7.7   6 0 0 1 1 1 0 14.4 65.5 14.7 64.8 80.0 100 100 20 408 0 143 0 401 401 400 0 0 0 59 50 AUTO 0 
b.1 2025-07-18 01:10:13.023 a 2025-07-18-01:10:04 250 122 272 0.0 0.4 1.5 12.5 69.3 728.9 0.00 0 0.0 15.0 24.1 24.5 3.632  -27.7   17.2    2.1  54    7.7   6 0 0 1 1 1 0 14.3 65.4 14.6 64.9 80.0 100 100 20 408 0 143 0 401 402 399 0 0 0 60 50 AUTO 0 
b.1 2025-07-18 01:11:08.622 a 2025-07-18-01:11:00 118 356 123 0.1 0.6 1.8 12.5 68.9 728.8 0.00 0 0.0 15.1 24.1 24.5 3.627  -27.2   17.2    0.0  54    7.8   6 0 0 1 1 1 0 14.3 65.2 14.6 64.6 80.0 100 100 20 408 0 143 0 401 401 399 0 0 0 60 50 AUTO 0 
b.1 2025-07-18 01:12:09.309 a 2025-07-18-01:12:01 015 179 270 0.0 0.8 3.1 12.5 69.2 728.9 0.00 0 0.0 14.9 23.8 23.4 3.635  -29.4   17.2    2.2  54    7.7   6 0 0 1 1 1 0 14.3 65.1 14.6 64.5 80.0 100 100 20 408 0 143 0 401 402 400 0 0 0 59 50 AUTO 0 
b.1 2025-07-18 01:13:08.368 a 2025-07-18-01:13:00 155 082 302 0.1 1.4 3.2 12.4 68.7 728.9 0.00 0 0.0 15.0 24.1 24.4 3.627  -29.8   17.2    2.2  54    7.8   6 0 0 1 1 1 0 14.2 65.1 14.6 64.3 80.0 100 100 20 408 0 143 0 401 401 400 0 0 0 60 50 AUTO 0 
b.1 2025-07-18 01:14:12.302 a 2025-07-18-01:14:04 173 134 289 0.0 0.5 2.5 12.4 68.8 728.8 0.00 0 0.0 15.0 24.1 24.4 3.628  -31.1   17.2    0.0  54    7.8   6 0 0 1 1 1 0 14.2 65.1 14.5 64.1 80.0 100 100 20 408 0 143 0 400 401 399 0 0 0 60 50 AUTO 0 
b.1 2025-07-18 01:15:09.966 a 2025-07-18-01:15:01 146 107 152 0.0 0.5 2.3 12.4 68.8 728.8 0.00 0 0.0 14.9 24.0 24.4 3.627  -31.9   17.1    0.0  54    7.7   6 0 0 1 1 1 0 14.2 65.0 14.5 64.3 80.0 100 100 20 408 0 143 0 401 401 399 0 0 0 59 50 AUTO 0 
b.1 2025-07-18 01:16:11.586 a 2025-07-18-01:16:03 081 041 150 0.1 1.2 3.4 12.4 68.5 728.8 0.00 0 0.0 14.9 24.1 24.5 3.626  -33.0   17.1    2.2  54    7.7   6 0 0 1 1 1 0 14.2 65.0 14.5 64.4 80.0 100 100 20 408 0 143 0 401 401 399 0 0 0 59 50 AUTO 0 
b.1 2025-07-18 01:17:09.209 a 2025-07-18-01:17:00 181 091 288 0.1 1.0 2.6 12.3 68.4 728.8 0.00 0 0.0 15.0 24.0 23.4 3.633  -32.3   17.1    0.0  54    7.8   6 0 0 1 1 1 0 14.2 65.0 14.4 64.5 80.0 100 100 20 408 0 143 0 401 401 400 0 0 0 60 50 AUTO 0 
b.1 2025-07-18 01:18:12.164 a 2025-07-18-01:18:03 012 147 274 0.1 0.9 1.6 12.3 68.4 728.8 0.00 0 0.0 15.0 24.1 24.4 3.628  -32.5   17.1    0.0  54    7.7   6 0 0 1 1 1 0 14.2 65.0 14.5 64.4 80.0 100 100 20 408 0 143 0 401 402 399 0 0 0 59 50 AUTO 0 
b.1 2025-07-18 01:19:09.267 a 2025-07-18-01:19:01 073 096 328 0.1 0.4 1.3 12.3 68.4 728.9 0.00 0 0.0 14.9 23.9 23.4 3.634  -32.9   17.1    0.0  54    7.7   6 0 0 1 1 1 0 14.2 65.0 14.5 64.5 80.0 100 100 20 408 0 143 0 401 401 400 0 0 0 60 50 AUTO 0 
b.1 2025-07-18 01:20:13.625 a 2025-07-18-01:20:05 047 037 077 0.1 0.7 3.4 12.4 68.3 728.9 0.00 0 0.0 14.9 23.9 23.4 3.633  -33.1   17.0    0.0  54    7.7   6 0 0 1 1 1 0 14.2 65.0 14.5 64.6 80.0 100 100 20 408 0 143 0 401 401 400 0 0 0 59 50 AUTO 0 
b.1 2025-07-18 01:21:11.325 a 2025-07-18-01:21:03 055 061 141 0.1 0.6 1.7 12.4 68.6 728.9 0.00 0 0.0 15.0 24.1 24.4 3.633  -35.0   17.0    0.0  54    7.7   6 0 0 1 1 1 0 14.2 65.1 14.5 64.6 80.0 100 100 20 408 0 143 0 402 401 400 0 0 0 59 50 AUTO 0 
b.1 2025-07-18 01:22:09.684 a 2025-07-18-01:22:01 123 148 172 0.0 0.3 0.8 12.4 68.1 728.9 0.00 0 0.0 15.1 24.1 24.5 3.627  -33.3   17.0    0.0  54    7.7   6 0 0 1 1 1 0 14.2 65.1 14.5 64.7 80.0 100 100 20 408 0 143 0 401 402 400 0 0 0 59 50 AUTO 0 
b.1 2025-07-18 01:23:08.466 a 2025-07-18-01:23:00 241 148 294 0.1 0.6 2.0 12.4 68.5 728.8 0.00 0 0.0 15.0 23.8 23.4 3.633  -33.1   17.0    0.0  54    7.6   6 0 0 1 1 1 0 14.2 65.2 14.5 64.7 80.0 100 100 20 408 0 143 0 400 401 399 0 0 0 60 50 AUTO 0 
b.1 2025-07-18 01:24:11.328 a 2025-07-18-01:24:03 151 092 221 0.1 0.7 2.3 12.4 69.1 728.9 0.00 0 0.0 15.0 24.1 24.5 3.627  -34.3   17.0    0.0  54    7.7   6 0 0 1 1 1 0 14.2 65.4 14.5 64.9 80.0 100 100 20 408 0 143 0 402 401 400 0 0 0 60 50 AUTO 0 
b.1 2025-07-18 01:25:12.006 a 2025-07-18-01:25:03 005 045 223 0.1 1.5 3.5 12.3 69.6 728.9 0.00 0 0.0 15.1 24.1 24.5 3.633  -34.0   17.0    2.2  54    7.7   8 0 0 1 1 1 0 14.2 65.5 14.4 65.0 80.0 100 100 20 408 0 143 0 401 401 399 0 0 0 60 50 AUTO 0 
b.1 2025-07-18 01:26:13.145 a 2025-07-18-01:26:04 211 119 302 0.1 0.5 1.5 12.3 69.1 728.8 0.00 0 0.0 15.0 24.1 24.4 3.628  -34.0   17.0    2.1  54    7.7   8 0 0 1 1 1 0 14.2 65.5 14.4 65.1 80.0 100 100 20 408 0 143 0 401 401 399 0 0 0 59 50 AUTO 0 
b.1 2025-07-18 01:27:08.670 a 2025-07-18-01:27:00 184 186 292 0.1 0.5 1.4 12.3 69.1 728.8 0.00 0 0.0 15.1 24.1 24.4 3.627  -33.7   17.0    0.0  54    7.7   8 0 0 1 1 1 0 14.2 65.5 14.4 65.1 80.0 100 100 20 408 0 143 0 401 401 400 0 0 0 59 50 AUTO 0 
b.1 2025-07-18 01:28:10.947 a 2025-07-18-01:28:02 071 274 125 0.0 0.4 1.7 12.3 69.4 728.9 0.00 0 0.0 15.0 24.1 24.4 3.628  -33.2   16.9    0.0  54    7.7   5 0 0 1 1 1 0 14.2 65.5 14.4 65.1 80.0 100 100 20 408 0 143 0 400 402 399 0 0 0 59 50 AUTO 0 
b.1 2025-07-18 01:29:08.645 a 2025-07-18-01:29:00 023 358 106 0.1 0.8 2.3 12.3 69.6 728.9 0.00 0 0.0 15.1 24.1 24.5 3.626  -35.5   16.9    0.0  55    7.7   5 0 0 1 1 1 0 14.2 65.6 14.4 65.2 80.0 100 100 20 408 0 143 0 401 401 400 0 0 0 59 50 AUTO 0 
b.1 2025-07-18 01:30:12.026 a 2025-07-18-01:30:03 224 167 303 0.0 0.5 2.5 12.3 69.8 728.9 0.00 0 0.0 14.9 23.8 23.4 3.633  -34.5   16.9    0.0  55    7.7   5 0 0 1 1 1 0 14.2 65.7 14.4 65.2 80.0 100 100 20 408 0 143 0 401 401 399 0 0 0 60 50 AUTO 0 
b.1 2025-07-18 01:31:08.006 a 2025-07-18-01:30:59 211 104 293 0.1 0.7 3.3 12.3 69.8 728.9 0.00 0 0.0 15.0 24.1 24.4 3.627  -34.7   16.9    0.0  55    7.7   5 0 0 1 1 1 0 14.2 65.8 14.4 65.2 80.0 100 100 20 408 0 143 0 401 401 400 0 0 0 60 50 AUTO 0 
b.1 2025-07-18 01:32:09.848 a 2025-07-18-01:32:01 184 094 233 0.2 0.8 3.0 12.2 69.7 728.9 0.00 0 0.0 15.0 24.1 24.5 3.637  -34.0   16.9    2.1  55    7.7   6 0 0 1 1 1 0 14.2 65.8 14.4 65.1 80.0 100 100 20 408 0 143 0 401 401 400 0 0 0 59 50 AUTO 0 
b.1 2025-07-18 01:33:08.671 a 2025-07-18-01:33:00 096 007 339 0.0 0.3 1.0 12.2 69.6 728.9 0.00 0 0.0 15.0 23.9 23.4 3.633  -33.4   16.9    0.0  55    7.7   6 0 0 1 1 1 0 14.1 65.8 14.5 65.1 80.0 100 100 20 408 0 143 0 401 401 400 0 0 0 59 50 AUTO 0 
b.1 2025-07-18 01:34:10.926 a 2025-07-18-01:34:02 186 087 300 0.1 0.4 1.6 12.2 69.7 728.9 0.00 0 0.0 15.0 24.1 24.5 3.627  -33.3   16.8    0.0  55    7.7   6 0 0 1 1 1 0 14.1 65.7 14.5 65.1 80.0 100 100 20 408 0 143 0 401 402 399 0 0 0 59 50 AUTO 0 
b.1 2025-07-18 01:35:10.792 a 2025-07-18-01:35:02 227 133 309 0.1 0.7 3.0 12.2 69.4 728.9 0.00 0 0.0 15.0 24.1 24.5 3.627  -33.3   16.8    0.0  55    7.7   6 0 0 1 1 1 0 14.1 65.6 14.4 65.0 80.0 100 100 20 408 0 143 0 401 401 399 0 0 0 60 50 AUTO 0 
b.1 2025-07-18 01:36:13.107 a 2025-07-18-01:36:04 266 088 298 0.0 0.9 3.2 12.2 69.2 728.9 0.00 0 0.0 14.9 23.8 23.4 3.634  -34.2   16.8    2.2  55    7.7   6 0 0 1 1 1 0 14.1 65.5 14.4 64.9 80.0 100 100 20 408 0 143 0 401 402 399 0 0 0 59 50 AUTO 0 
b.1 2025-07-18 01:37:06.910 a 2025-07-18-01:36:58 224 054 298 0.0 0.5 1.7 12.2 69.1 728.9 0.00 0 0.0 15.2 24.1 24.4 3.628  -33.9   16.8    2.1  55    7.7   6 0 0 1 1 1 0 14.2 65.4 14.5 64.8 80.0 100 100 20 408 0 143 0 401 401 400 0 0 0 60 50 AUTO 0 
b.1 2025-07-18 01:38:08.111 a 2025-07-18-01:37:59 157 087 216 0.0 0.9 2.3 12.2 69.5 728.9 0.00 0 0.0 15.0 24.1 24.4 3.627  -33.8   16.8    0.0  55    7.7   6 0 0 1 1 1 0 14.1 65.3 14.5 64.7 80.0 100 100 20 408 0 143 0 401 401 399 0 0 0 60 50 AUTO 0 
b.1 2025-07-18 01:39:09.246 a 2025-07-18-01:39:00 231 135 326 0.0 0.4 1.3 12.2 69.2 728.9 0.00 0 0.0 15.0 24.1 24.4 3.628  -34.2   16.7    0.0  55    7.7   6 0 0 1 1 1 0 14.2 65.2 14.4 64.6 80.0 100 100 20 408 0 143 0 401 401 400 0 0 0 60 50 AUTO 0 
b.1 2025-07-18 01:40:13.128 a 2025-07-18-01:40:04 258 110 311 0.1 0.7 3.2 12.2 69.3 728.9 0.00 0 0.0 15.0 24.1 24.5 3.627  -33.5   16.7    0.0  55    7.7   6 0 0 1 1 1 0 14.2 65.2 14.4 64.6 80.0 100 100 20 408 0 143 0 402 401 400 0 0 0 59 50 AUTO 0 
b.1 2025-07-18 01:41:09.069 a 2025-07-18-01:41:00 118 089 314 0.1 1.1 3.2 12.2 69.3 728.9 0.00 0 0.0 15.0 24.1 24.5 3.628  -34.0   16.7    2.2  55    7.7   6 0 0 1 1 1 0 14.2 65.1 14.4 64.6 80.0 100 100 20 408 0 143 0 401 401 400 0 0 0 59 50 AUTO 0 
b.1 2025-07-18 01:42:09.726 a 2025-07-18-01:42:01 204 068 324 0.1 1.2 2.4 12.2 69.5 729.0 0.00 0 0.0 14.9 24.0 24.5 3.628  -34.4   16.7    2.2  55    7.7   6 0 0 1 1 1 0 14.2 65.0 14.4 64.7 80.0 100 100 20 408 0 143 0 401 402 399 0 0 0 60 50 AUTO 0 
b.1 2025-07-18 01:43:09.670 a 2025-07-18-01:43:01 167 070 309 0.1 0.9 2.3 12.1 69.6 729.0 0.00 0 0.0 15.0 24.1 24.4 3.628  -34.7   16.7    0.0  55    7.7   6 0 0 1 1 1 0 14.2 65.0 14.4 64.8 80.0 100 100 20 408 0 143 0 401 401 400 0 0 0 59 50 AUTO 0 
b.1 2025-07-18 01:44:11.430 a 2025-07-18-01:44:03 145 062 332 0.1 1.3 2.4 12.1 69.8 728.9 0.00 0 0.0 15.0 24.1 24.5 3.628  -34.3   16.7    2.2  55    7.7   7 0 0 1 1 1 0 14.2 65.1 14.4 64.8 80.0 100 100 20 408 0 143 0 401 402 399 0 0 0 60 50 AUTO 0 
b.1 2025-07-18 01:45:11.448 a 2025-07-18-01:45:03 101 051 297 0.3 1.4 2.6 12.0 69.6 729.0 0.00 0 0.0 14.9 23.9 23.4 3.634  -34.8   16.7    2.3  55    7.6   8 0 0 1 1 1 0 14.2 64.9 14.4 64.7 80.0 100 100 20 408 0 143 0 401 401 399 0 0 0 60 50 AUTO 0 
b.1 2025-07-18 01:46:10.273 a 2025-07-18-01:46:01 115 069 297 0.3 1.2 1.9 11.9 70.5 729.0 0.00 0 0.0 15.0 24.1 24.5 3.628  -35.0   16.7    2.2  55    7.6   8 0 0 1 1 1 0 14.2 64.9 14.4 64.7 80.0 100 100 20 408 0 143 0 401 401 399 0 0 0 60 50 AUTO 0 
b.1 2025-07-18 01:47:09.690 a 2025-07-18-01:47:01 023 063 099 0.5 1.1 1.9 11.9 70.7 728.9 0.00 0 0.0 14.9 23.9 23.4 3.633  -35.3   16.7    2.2  55    7.6   8 0 0 1 1 1 0 14.2 64.9 14.4 64.7 80.0 100 100 20 408 0 143 0 402 401 400 0 0 0 60 50 AUTO 0 
b.1 2025-07-18 01:48:09.196 a 2025-07-18-01:48:00 024 074 102 0.5 1.3 2.1 11.8 71.0 728.9 0.00 0 0.0 15.0 24.1 24.5 3.627  -35.5   16.7    2.2  55    7.6   8 0 0 1 1 1 0 14.2 64.8 14.3 64.7 80.0 100 100 20 408 0 143 0 401 401 399 0 0 0 60 50 AUTO 0 
b.1 2025-07-18 01:49:10.334 a 2025-07-18-01:49:01 043 083 117 0.4 1.2 1.9 11.8 70.7 728.9 0.00 0 0.0 15.0 24.1 24.5 3.628  -34.8   16.7    2.2  55    7.6   8 0 0 1 1 1 0 14.2 64.7 14.4 64.7 80.0 100 100 20 408 0 143 0 401 402 399 0 0 0 59 50 AUTO 0 
b.1 2025-07-18 01:50:12.214 a 2025-07-18-01:50:03 029 084 120 0.2 1.0 2.2 11.8 70.8 728.9 0.00 0 0.0 14.9 24.0 24.4 3.627  -34.9   16.7    2.1  55    7.6   5 0 0 1 1 1 0 14.2 64.6 14.4 64.6 80.0 100 100 20 408 0 143 0 401 401 400 0 0 0 60 50 AUTO 0 
b.1 2025-07-18 01:51:08.115 a 2025-07-18-01:50:59 140 063 281 0.1 1.1 1.9 11.8 71.0 728.9 0.00 0 0.0 15.0 24.1 24.5 3.633  -34.8   16.7    2.2  55    7.6   5 0 0 1 1 1 0 14.2 64.5 14.4 64.5 80.0 100 100 20 408 0 143 0 401 401 400 0 0 0 59 50 AUTO 0 
b.1 2025-07-18 01:52:09.391 a 2025-07-18-01:52:01 013 065 106 0.5 1.3 2.2 11.8 71.2 728.9 0.00 0 0.0 15.0 24.1 24.4 3.627  -34.5   16.7    2.2  55    7.6   5 0 0 1 1 1 0 14.3 64.5 14.4 64.5 80.0 100 100 20 408 0 143 0 401 401 399 0 0 0 60 50 AUTO 0 
b.1 2025-07-18 01:53:09.513 a 2025-07-18-01:53:01 198 079 327 0.1 0.9 2.0 11.8 70.6 728.9 0.00 0 0.0 15.1 24.1 24.4 3.627  -34.8   16.7    0.0  55    7.6   6 0 0 1 1 1 0 14.3 64.4 14.4 64.4 80.0 100 100 20 408 0 143 0 401 401 400 0 0 0 60 50 AUTO 0 
b.1 2025-07-18 01:54:12.013 a 2025-07-18-01:54:03 174 093 313 0.2 0.9 1.5 11.8 70.2 728.9 0.00 0 0.0 15.1 24.1 24.5 3.627  -34.3   16.7    0.0  55    7.6   6 0 0 1 1 1 0 14.3 64.3 14.4 64.2 80.0 100 100 20 408 0 143 0 401 402 400 0 0 0 60 50 AUTO 0 
b.1 2025-07-18 01:55:10.312 a 2025-07-18-01:55:01 025 072 101 0.1 1.2 1.7 11.8 70.3 728.9 0.00 0 0.0 14.9 23.9 23.4 3.633  -34.8   16.7    2.2  55    7.6   6 0 0 1 1 1 0 14.3 64.1 14.4 64.2 80.0 100 100 20 408 0 143 0 401 401 400 0 0 0 59 50 AUTO 0 
b.1 2025-07-18 01:56:12.256 a 2025-07-18-01:56:03 021 063 092 0.4 0.9 1.5 11.8 71.0 728.9 0.00 0 0.0 15.1 24.1 24.5 3.627  -33.5   16.7    2.1  55    7.7   6 0 0 1 1 1 0 14.3 64.0 14.4 64.2 80.0 100 100 20 408 0 143 0 401 401 399 0 0 0 60 50 AUTO 0 
b.1 2025-07-18 01:57:07.078 a 2025-07-18-01:56:58 101 065 308 0.1 0.9 1.7 11.8 70.7 728.9 0.00 0 0.0 15.0 24.1 24.4 3.633  -33.7   16.8    0.0  55    7.7   6 0 0 1 1 2 0 14.3 64.0 14.4 64.1 80.0 100 100 20 408 0 143 0 401 401 400 0 0 0 60 50 AUTO_PARK 0 
b.1 2025-07-18 01:58:10.734 a 2025-07-18-01:58:02 002 076 228 0.1 1.1 1.9 11.8 70.7 728.9 0.00 0 0.0 15.1 24.1 24.4 3.634  -33.3   16.8    2.1  55    7.8   6 0 0 1 1 2 0 14.3 64.0 14.4 64.2 80.0 100 100 20 408 0 143 0 401 401 400 0 0 0 59 50 AUTO_PARK 0 
b.1 2025-07-18 01:59:09.736 a 2025-07-18-01:59:01 143 086 318 0.0 0.6 1.5 11.8 70.7 728.9 0.00 0 0.0 15.3 24.1 24.5 3.633  -32.4   16.9    0.0  55    7.9   6 0 0 1 1 2 0 14.3 64.0 14.4 64.2 80.0 100 100 20 408 0 143 0 402 401 400 0 0 0 60 50 AUTO_PARK 0 
b.1 2025-07-18 02:00:13.157 a 2025-07-18-02:00:04 157 072 302 0.0 0.7 1.7 12.0 70.2 728.9 0.00 0 0.0 15.6 24.1 24.4 3.633  -32.6   16.9    2.1  56    8.0   6 0 0 1 1 2 0 14.3 64.1 14.4 64.3 80.0 100 100 20 408 0 143 0 401 401 400 0 0 0 60 50 AUTO_PARK 0 
b.1 2025-07-18 02:01:09.099 a 2025-07-18-02:01:00 137 056 310 0.1 0.7 2.0 12.0 70.2 728.9 0.00 0 0.0 15.7 24.1 24.5 3.637  -33.2   17.0    2.2  56    8.1   6 0 0 1 1 2 0 14.3 64.1 14.4 64.3 80.0 100 100 20 408 0 143 0 401 401 400 0 0 0 59 50 AUTO_PARK 0 
b.1 2025-07-18 02:02:10.897 a 2025-07-18-02:02:02 016 046 099 0.4 1.0 1.9 12.1 69.8 728.9 0.00 0 0.0 15.6 24.1 24.4 3.627  -33.2   17.1    2.2  56    8.1   6 0 0 1 1 1 0 14.3 64.2 14.4 64.3 80.0 100 100 20 408 0 143 0 401 401 399 0 0 0 59 50 AUTO 0 
b.1 2025-07-18 02:03:11.038 a 2025-07-18-02:03:02 020 063 117 0.2 0.8 1.2 12.1 70.1 728.9 0.00 0 0.0 15.4 24.1 24.4 3.627  -33.2   17.2    2.2  55    8.2   6 0 0 1 1 1 0 14.3 64.2 14.4 64.4 80.0 100 100 20 408 0 143 0 401 401 400 0 0 0 59 50 AUTO 0 
b.1 2025-07-18 02:04:11.756 a 2025-07-18-02:04:03 107 037 356 0.2 1.0 1.7 12.1 70.4 728.9 0.00 0 0.0 15.1 24.1 24.5 3.633  -33.4   17.3    2.2  55    8.2   6 0 0 1 1 2 0 14.3 64.2 14.4 64.4 80.0 100 100 20 408 0 143 0 401 401 399 0 0 0 59 50 AUTO_PARK 0 
b.1 2025-07-18 02:05:12.822 a 2025-07-18-02:05:04 012 040 085 0.2 0.7 1.1 12.0 70.6 728.9 0.00 0 0.0 15.0 24.1 24.5 3.628  -32.9   17.4    0.0  55    8.3   6 0 0 1 1 2 0 14.3 64.3 14.4 64.4 80.0 100 100 20 408 0 143 0 401 402 400 0 0 0 60 50 AUTO_PARK 0 
b.1 2025-07-18 02:06:10.155 a 2025-07-18-02:06:01 120 059 215 0.1 0.7 1.2 12.0 70.4 728.9 0.00 0 0.0 15.0 24.1 24.5 3.627  -32.7   17.5    2.1  55    8.3   6 0 0 1 1 2 0 14.3 64.2 14.4 64.3 80.0 100 100 20 408 0 143 0 401 401 399 0 0 0 59 50 AUTO_PARK 0 
b.1 2025-07-18 02:07:10.134 a 2025-07-18-02:07:01 026 080 123 0.4 0.9 1.2 12.0 70.0 728.9 0.00 0 0.0 15.0 24.1 24.5 3.628  -32.8   17.6    0.0  55    8.3   6 0 0 1 1 2 0 14.3 64.0 14.4 64.1 80.0 100 100 20 408 0 143 0 401 401 400 0 0 0 59 50 AUTO_PARK 0 
b.1 2025-07-18 02:08:12.397 a 2025-07-18-02:08:04 015 088 130 0.4 0.8 1.3 11.9 68.8 728.9 0.00 0 0.0 15.0 24.1 24.4 3.627  -34.6   17.7    0.0  54    8.4   6 0 0 1 1 2 0 14.3 63.8 14.4 63.9 80.0 100 100 20 408 0 143 0 401 401 400 0 0 0 60 50 AUTO_PARK 0 
b.1 2025-07-18 02:09:07.101 a 2025-07-18-02:08:58 026 102 141 0.5 1.2 1.9 12.0 68.8 728.9 0.00 0 0.0 15.1 24.1 24.5 3.627  -33.9   17.8    2.1  54    8.4   6 0 0 1 1 2 0 14.3 63.1 14.4 63.6 80.0 100 100 20 408 0 143 0 401 401 399 0 0 0 59 50 AUTO_PARK 0 
b.1 2025-07-18 02:10:11.861 a 2025-07-18-02:10:03 072 099 125 0.9 1.5 2.0 12.0 62.5 728.9 0.00 0 0.0 14.9 24.1 24.5 3.628  -34.3   17.8    2.2  54    8.4   6 0 0 1 1 1 0 14.4 62.2 14.5 62.3 80.0 100 100 20 408 0 143 0 401 401 400 0 0 0 60 50 AUTO 0 
b.1 2025-07-18 02:11:06.641 a 2025-07-18-02:10:58 170 114 285 0.3 1.3 2.2 12.1 63.3 728.9 0.00 0 0.0 15.1 24.1 24.5 3.635  -33.5   17.9    2.2  54    8.4   6 0 0 1 1 1 0 14.4 61.9 14.5 61.9 80.0 100 100 20 408 0 143 0 400 401 399 0 0 0 60 50 AUTO 0 
b.1 2025-07-18 02:12:08.061 a 2025-07-18-02:11:59 088 118 183 0.2 1.2 1.8 12.2 63.2 728.9 0.00 0 0.0 15.0 23.8 23.4 3.634  -33.9   17.9    2.2  53    8.3   6 0 0 1 1 1 0 14.4 61.4 14.5 61.2 80.0 100 100 20 408 0 143 0 401 401 400 0 0 0 60 50 AUTO 0 
b.1 2025-07-18 02:13:09.423 a 2025-07-18-02:13:01 095 116 136 0.8 1.1 1.5 12.3 62.0 729.0 0.00 0 0.0 14.9 23.8 23.4 3.634  -34.2   17.9    2.1  53    8.3   6 0 0 1 1 1 0 14.4 61.0 14.5 60.6 80.0 100 100 20 408 0 143 0 401 402 399 0 0 0 59 50 AUTO 0 
b.1 2025-07-18 02:14:11.081 a 2025-07-18-02:14:02 017 104 142 0.4 1.0 1.5 12.3 61.5 729.0 0.00 0 0.0 15.0 24.1 24.5 3.633  -34.0   18.0    0.0  53    8.2   6 0 0 1 1 1 0 14.4 60.5 14.5 60.2 80.0 100 100 20 408 0 143 0 401 401 400 0 0 0 59 50 AUTO 0 
b.1 2025-07-18 02:15:10.078 a 2025-07-18-02:15:01 061 104 145 0.1 1.1 1.7 12.4 61.0 729.0 0.00 0 0.0 15.0 24.1 24.5 3.628  -33.4   18.0    0.0  53    8.1   6 0 0 1 1 1 0 14.4 60.1 14.6 60.0 80.0 100 100 20 408 0 143 0 401 402 400 0 0 0 59 50 AUTO 0 
b.1 2025-07-18 02:16:09.002 a 2025-07-18-02:16:00 061 099 122 0.7 1.4 1.8 12.5 61.4 729.0 0.00 0 0.0 14.9 23.9 23.4 3.633  -33.9   18.0    2.1  52    8.1   6 0 0 1 1 1 0 14.4 59.7 14.6 59.7 80.0 100 100 20 408 0 143 0 401 401 400 0 0 0 60 50 AUTO 0 
b.1 2025-07-18 02:17:10.203 a 2025-07-18-02:17:01 138 114 327 0.1 1.1 1.7 12.5 60.9 729.0 0.00 0 0.0 14.9 24.0 24.5 3.627  -33.7   17.9    0.0  52    8.0   6 0 0 1 1 1 0 14.4 59.6 14.6 59.3 80.0 100 100 20 408 0 143 0 401 401 399 0 0 0 59 50 AUTO 0 
b.1 2025-07-18 02:18:10.740 a 2025-07-18-02:18:02 074 106 133 0.5 1.2 1.9 12.5 60.9 729.0 0.00 0 0.0 15.1 24.1 24.4 3.628  -33.3   17.9    0.0  52    8.0   6 0 0 1 1 2 0 14.4 59.5 14.6 59.3 80.0 100 100 20 408 0 143 0 401 401 399 0 0 0 59 50 AUTO 0 
b.1 2025-07-18 02:19:08.203 a 2025-07-18-02:18:59 083 127 155 0.5 1.1 1.5 12.6 60.9 729.0 0.00 0 0.0 15.1 24.1 24.5 3.628  -33.4   18.0    0.0  52    8.0   6 0 0 1 1 2 0 14.5 59.0 14.6 58.9 80.0 100 100 20 408 0 143 0 401 401 400 0 0 0 60 50 AUTO 0 
b.1 2025-07-18 02:20:14.180 a 2025-07-18-02:20:05 106 125 162 0.7 1.1 1.7 12.6 60.9 729.0 0.00 0 0.0 15.1 24.1 24.4 3.628  -32.8   18.0    0.0  52    8.0   6 0 0 1 1 2 0 14.5 59.2 14.6 58.9 80.0 100 100 20 408 0 143 0 401 401 399 0 0 0 60 50 AUTO 0 
b.1 2025-07-18 02:21:10.640 a 2025-07-18-02:21:02 085 118 147 0.4 1.0 1.7 12.6 60.6 729.0 0.00 0 0.0 15.2 24.1 24.4 3.634  -34.0   18.0    0.0  52    8.0   6 0 0 1 1 2 0 14.5 59.5 14.6 58.9 80.0 100 100 20 408 0 143 0 401 401 399 0 0 0 59 50 AUTO 0 
b.1 2025-07-18 02:22:11.502 a 2025-07-18-02:22:03 021 124 169 0.2 0.9 1.4 12.7 60.8 729.0 0.00 0 0.0 15.2 24.1 24.5 3.628  -33.1   18.1    0.0  52    8.1   6 0 0 1 1 2 0 14.5 59.0 14.6 58.7 80.0 100 100 20 408 0 143 0 401 401 400 0 0 0 59 50 AUTO 0 
b.1 2025-07-18 02:23:08.285 a 2025-07-18-02:22:59 104 135 161 0.4 1.2 1.7 12.7 60.4 729.0 0.00 0 0.0 15.2 24.1 24.5 3.628  -32.8   18.1    0.0  52    8.1   6 0 0 1 1 2 0 14.5 58.8 14.7 58.8 80.0 100 100 20 408 0 143 0 401 401 399 0 0 0 59 50 AUTO 0 
b.1 2025-07-18 02:24:09.563 a 2025-07-18-02:24:01 090 138 294 0.1 1.2 1.7 12.7 60.7 729.0 0.00 0 0.0 15.1 24.1 24.5 3.628  -33.1   18.2    0.0  52    8.1   6 0 0 1 1 2 0 14.6 58.8 14.9 58.3 80.0 100 100 20 408 0 144 0 400 401 399 0 0 0 59 50 AUTO 0 
b.1 2025-07-18 02:25:12.101 a 2025-07-18-02:25:03 176 135 326 0.0 1.0 1.6 12.8 60.7 729.0 0.00 0 0.0 15.1 24.1 24.5 3.628  -33.4   18.3    2.2  52    8.2   6 0 0 1 1 2 0 14.6 59.0 15.2 57.3 80.0 100 100 20 408 0 143 0 401 401 400 0 0 0 59 50 AUTO 0 
b.1 2025-07-18 02:26:09.763 a 2025-07-18-02:26:01 153 123 000 0.1 1.0 1.8 12.8 60.7 729.0 0.00 0 0.0 15.1 24.1 24.5 3.628  -33.6   18.3    2.1  52    8.2   6 0 0 1 1 2 0 14.6 58.5 15.3 56.6 80.0 100 100 20 408 0 143 0 402 401 400 0 0 0 59 50 AUTO 0 
b.1 2025-07-18 02:27:08.543 a 2025-07-18-02:27:00 043 131 277 0.1 1.0 2.1 12.8 60.6 729.0 0.00 0 0.0 15.0 24.1 24.5 3.628  -33.1   18.4    2.2  51    8.2   6 0 0 1 1 2 0 14.7 58.5 15.2 56.8 80.0 100 100 20 408 0 143 0 401 402 399 0 0 0 59 50 AUTO 0 
b.1 2025-07-18 02:28:09.007 a 2025-07-18-02:28:00 081 136 206 0.5 1.3 2.1 12.9 60.2 729.0 0.00 0 0.0 15.0 24.1 24.5 3.627  -32.3   18.5    2.2  51    8.2   6 0 0 1 1 2 0 14.7 58.1 15.1 56.9 80.0 100 100 20 408 0 143 2 401 401 399 0 0 3 59 50 AUTO 0 
b.1 2025-07-18 02:29:08.585 a 2025-07-18-02:29:00 089 133 166 0.6 1.2 1.9 12.9 60.2 729.0 0.00 0 0.0 15.0 24.1 24.5 3.628  -34.5   18.5    2.1  51    8.2   6 0 0 1 1 2 0 14.7 57.5 15.0 56.8 80.0 100 100 20 408 0 143 0 401 402 400 0 0 0 60 50 AUTO 0 
b.1 2025-07-18 02:30:11.144 a 2025-07-18-02:30:02 162 107 288 0.2 1.4 1.9 12.9 60.0 729.0 0.00 0 0.0 15.0 24.1 24.5 3.627  -33.4   18.6    2.2  51    8.2   6 0 0 1 1 1 0 14.7 57.2 14.9 56.7 80.0 100 100 20 408 0 143 0 401 401 400 0 0 0 59 50 AUTO 0 
b.1 2025-07-18 02:31:10.109 a 2025-07-18-02:31:01 090 111 133 0.9 1.5 1.9 12.9 60.0 729.0 0.00 0 0.0 15.0 23.8 23.4 3.633  -33.6   18.6    2.2  51    8.2   6 0 0 1 1 1 0 14.6 57.1 14.7 56.9 80.0 100 100 20 408 0 143 0 401 401 400 0 0 0 59 50 AUTO 0 
b.1 2025-07-18 02:32:09.048 a 2025-07-18-02:32:00 034 093 131 0.5 1.3 2.0 12.9 59.9 729.0 0.00 0 0.0 15.1 24.1 24.4 3.627  -32.9   18.6    2.2  51    8.2   6 0 0 1 1 1 0 14.5 57.4 14.6 57.4 80.0 100 100 20 408 0 143 0 402 401 400 0 0 0 59 50 AUTO 0 
b.1 2025-07-18 02:33:07.523 a 2025-07-18-02:32:59 028 084 113 0.5 1.4 2.1 12.9 60.1 729.0 0.00 0 0.0 14.9 23.9 23.4 3.633  -33.0   18.7    2.3  51    8.2  11 0 0 1 1 1 0 14.4 57.6 14.5 57.6 80.0 100 100 20 408 0 143 0 401 401 400 0 0 0 59 50 AUTO 0 
b.1 2025-07-18 02:34:10.388 a 2025-07-18-02:34:01 066 097 117 0.7 1.3 1.9 12.9 60.3 729.0 0.00 0 0.0 15.0 24.1 24.4 3.633  -33.6   18.7    2.3  50    8.2   8 0 0 1 1 1 0 14.3 57.7 14.4 57.9 80.0 100 100 20 408 0 143 0 401 401 400 0 0 0 59 50 AUTO 0 
b.1 2025-07-18 02:35:14.187 a 2025-07-18-02:35:05 074 099 131 0.2 0.9 1.4 12.8 60.2 729.0 0.00 0 0.0 15.0 24.1 24.5 3.627  -33.2   18.7    2.2  50    8.1   8 0 0 1 1 1 0 14.3 58.0 14.4 58.2 80.0 100 100 20 408 0 143 0 401 402 400 0 0 0 59 50 AUTO 0 
b.1 2025-07-18 02:36:08.924 a 2025-07-18-02:36:00 086 109 126 0.6 1.5 2.2 12.8 60.2 729.0 0.00 0 0.0 15.0 24.1 24.4 3.628  -33.7   18.7    2.2  50    8.1   8 0 0 1 1 1 0 14.2 58.1 14.3 58.4 80.0 100 100 20 408 0 143 0 402 401 400 0 0 0 60 50 AUTO 0 
b.1 2025-07-18 02:37:12.486 a 2025-07-18-02:37:04 088 104 120 0.7 1.4 2.0 12.8 60.1 729.0 0.00 0 0.0 15.0 23.9 23.4 3.633  -34.4   18.7    2.3  50    8.1   5 0 0 1 1 1 0 14.2 58.2 14.2 58.7 80.0 100 100 20 408 0 143 0 401 401 400 0 0 0 59 50 AUTO 0 
b.1 2025-07-18 02:38:07.348 a 2025-07-18-02:37:59 023 093 148 0.1 1.3 1.9 12.8 60.2 729.0 0.00 0 0.0 15.0 24.1 24.5 3.628  -33.1   18.7    2.3  50    8.1   5 0 0 1 1 1 0 14.1 58.3 14.2 58.8 80.0 100 100 20 408 0 143 0 401 401 399 0 0 0 59 50 AUTO 0 
b.1 2025-07-18 02:39:11.407 a 2025-07-18-02:39:03 043 117 171 0.1 0.8 1.7 12.8 60.2 729.0 0.00 0 0.0 15.0 24.1 24.5 3.627  -32.9   18.7    2.2  50    8.0   5 0 0 1 1 1 0 14.1 58.4 14.1 59.0 80.0 100 100 20 408 0 143 0 401 401 400 0 0 0 60 50 AUTO 0 
b.1 2025-07-18 02:40:11.983 a 2025-07-18-02:40:03 022 108 185 0.1 0.8 1.3 12.8 60.1 729.0 0.00 0 0.0 15.0 24.1 24.5 3.628  -32.9   18.7    0.0  50    8.0   9 0 0 1 1 1 0 14.1 58.5 14.1 59.0 80.0 100 100 20 408 0 143 0 401 401 400 0 0 0 60 50 AUTO 0 
b.1 2025-07-18 02:41:10.989 a 2025-07-18-02:41:02 022 096 122 0.1 1.5 2.2 12.8 60.1 729.0 0.00 0 0.0 14.9 23.8 23.4 3.635  -34.1   18.6    2.2  50    7.9  10 0 0 1 1 1 0 14.1 58.5 14.1 59.0 80.0 100 100 20 408 0 143 0 401 401 400 0 0 0 60 50 AUTO 0 
b.1 2025-07-18 02:42:08.828 a 2025-07-18-02:42:00 192 088 313 0.1 1.6 2.5 12.8 60.1 729.0 0.00 0 0.0 15.0 24.1 24.5 3.627  -34.1   18.6    2.2  50    7.8   8 0 0 1 1 1 0 14.1 58.6 14.1 59.1 80.0 100 100 20 408 0 143 0 401 402 399 0 0 0 60 50 AUTO 0 
b.1 2025-07-18 02:43:12.427 a 2025-07-18-02:43:04 028 091 129 0.6 1.4 2.1 12.8 60.2 729.0 0.00 0 0.0 15.0 23.9 23.4 3.634  -33.0   18.5    2.3  50    7.7   8 0 0 1 1 1 0 14.1 58.7 14.1 59.2 80.0 100 100 20 408 0 143 0 401 401 399 0 0 0 60 50 AUTO 0 
b.1 2025-07-18 02:44:09.529 a 2025-07-18-02:44:01 029 094 139 0.2 0.9 1.6 12.8 60.3 729.0 0.00 0 0.0 15.0 24.1 24.5 3.628  -32.7   18.4    2.2  50    7.7   8 0 0 1 1 1 0 14.1 58.7 14.0 59.4 80.0 100 100 20 408 0 143 0 402 401 400 0 0 0 59 50 AUTO 0 
b.1 2025-07-18 02:45:11.368 a 2025-07-18-02:45:02 006 051 106 0.4 0.9 1.5 12.8 60.2 729.0 0.00 0 0.0 15.1 24.1 24.5 3.628  -32.6   18.3    2.2  50    7.6   5 0 0 1 1 1 0 14.0 58.8 14.0 59.3 80.0 100 100 20 408 0 143 0 401 401 400 0 0 0 59 50 AUTO 0 
b.1 2025-07-18 02:46:09.026 a 2025-07-18-02:46:00 181 075 349 0.1 0.9 1.6 12.8 60.3 729.0 0.00 0 0.0 14.9 23.8 23.4 3.633  -32.0   18.3    0.0  50    7.6   5 0 0 1 1 1 0 14.0 58.7 14.0 59.3 80.0 100 100 20 408 0 143 0 401 401 400 0 0 0 60 50 AUTO 0 
b.1 2025-07-18 02:47:07.528 a 2025-07-18-02:46:59 045 024 090 0.1 0.4 1.3 12.8 60.1 729.0 0.00 0 0.0 15.0 24.1 24.5 3.627  -31.5   18.2    2.2  50    7.5   5 0 0 1 1 1 0 14.0 58.3 14.0 58.8 80.0 100 100 20 408 0 143 0 401 401 399 0 0 0 59 50 AUTO 0 
b.1 2025-07-18 02:48:10.052 a 2025-07-18-02:48:01 118 041 245 0.1 1.0 1.9 12.8 59.6 729.0 0.00 0 0.0 15.0 24.1 24.5 3.632  -31.7   18.1    2.2  50    7.5   5 0 0 1 1 1 0 14.0 58.1 14.0 58.6 80.0 100 100 20 408 0 143 0 401 401 400 0 0 0 59 50 AUTO 0 
b.1 2025-07-18 02:49:08.226 a 2025-07-18-02:48:59 042 020 224 0.1 0.8 1.6 12.7 59.8 729.0 0.00 0 0.0 14.9 23.8 23.4 3.634  -31.0   18.1    0.0  50    7.4   6 0 0 1 1 1 0 14.0 58.3 14.0 58.9 80.0 100 100 20 408 0 143 0 401 401 400 0 0 0 59 50 AUTO 0 
b.1 2025-07-18 02:50:13.473 a 2025-07-18-02:50:05 157 058 265 0.1 0.7 1.9 12.7 60.3 729.0 0.00 0 0.0 14.9 24.0 24.5 3.627  -30.9   18.0    2.2  50    7.4   6 0 0 1 1 1 0 14.0 60.5 14.0 60.9 80.0 100 100 20 408 0 143 0 401 401 400 0 0 0 60 50 AUTO 0 
b.1 2025-07-18 02:51:09.651 a 2025-07-18-02:51:01 072 033 330 0.5 1.3 2.3 12.7 64.1 729.0 0.00 0 0.0 15.0 24.1 24.5 3.627  -31.7   17.9    2.3  50    7.3   6 0 0 1 1 1 0 14.0 62.6 14.0 63.4 80.0 100 100 20 408 0 143 0 401 402 400 0 0 0 59 50 AUTO 0 
b.1 2025-07-18 02:52:12.233 a 2025-07-18-02:52:03 123 016 223 0.1 1.1 2.6 12.6 64.1 729.0 0.00 0 0.0 15.1 24.1 24.4 3.634  -31.3   17.8    2.2  50    7.3   7 0 0 1 1 1 0 14.0 62.9 13.9 63.8 80.0 100 100 20 408 0 143 0 401 401 400 0 0 0 60 50 AUTO 0 
b.1 2025-07-18 02:53:10.589 a 2025-07-18-02:53:02 024 094 192 0.0 0.8 1.6 12.5 65.0 729.0 0.00 0 0.0 14.9 23.9 23.4 3.634  -30.3   17.8    0.0  50    7.3   7 0 0 1 1 1 0 14.0 63.1 13.9 63.9 80.0 100 100 20 408 0 143 0 401 402 400 0 0 0 60 50 AUTO 0 
b.1 2025-07-18 02:54:10.148 a 2025-07-18-02:54:01 109 080 202 0.0 0.6 1.4 12.5 64.8 729.0 0.00 0 0.0 15.0 24.1 24.4 3.627  -31.2   17.7    2.1  50    7.3   7 0 0 1 1 1 0 14.0 63.8 13.9 65.0 80.0 100 100 20 408 0 143 0 401 401 400 0 0 0 60 50 AUTO 0 
b.1 2025-07-18 02:55:11.569 a 2025-07-18-02:55:03 007 068 117 0.2 1.2 1.9 12.5 67.1 729.0 0.00 0 0.0 15.0 24.1 24.4 3.628  -32.2   17.6    2.2  51    7.3   7 0 0 1 1 1 0 13.9 65.0 13.9 65.9 80.0 100 100 20 408 0 143 0 401 401 400 0 0 0 60 50 AUTO 0 
b.1 2025-07-18 02:56:08.631 a 2025-07-18-02:56:00 021 062 099 0.5 1.4 2.2 12.4 68.2 729.0 0.00 0 0.0 14.9 23.8 23.4 3.632  -31.5   17.5    2.3  51    7.2   7 0 0 1 1 1 0 13.9 65.3 13.8 66.2 80.0 100 100 20 408 0 143 0 401 402 400 0 0 0 59 50 AUTO 0 
b.1 2025-07-18 02:57:08.575 a 2025-07-18-02:57:00 017 057 085 0.6 1.4 2.1 12.3 68.3 729.0 0.00 0 0.0 15.0 24.1 24.5 3.628  -33.0   17.4    2.3  51    7.2   7 0 0 1 1 1 0 13.9 65.5 13.8 66.5 80.0 100 100 20 408 0 143 0 401 402 400 0 0 0 59 50 AUTO 0 
b.1 2025-07-18 02:58:10.930 a 2025-07-18-02:58:02 015 064 112 0.5 1.2 2.1 12.1 67.9 729.0 0.00 0 0.0 15.0 24.0 24.5 3.628  -32.5   17.3    2.3  51    7.2   7 0 0 1 1 1 0 13.8 65.7 13.7 66.7 80.0 100 100 20 408 0 143 0 401 402 400 0 0 0 59 50 AUTO 0 
b.1 2025-07-18 02:59:13.112 a 2025-07-18-02:59:04 149 074 308 0.1 1.0 2.5 12.1 68.5 729.0 0.00 0 0.0 14.9 24.0 24.5 3.628  -32.9   17.2    2.2  52    7.2   7 0 0 1 1 1 0 13.8 65.6 13.6 66.8 80.0 100 100 20 408 0 143 0 401 402 400 0 0 0 60 50 AUTO 0 
b.1 2025-07-18 03:00:13.792 a 2025-07-18-03:00:05 218 084 326 0.1 1.1 2.4 12.1 68.5 729.0 0.00 0 0.0 15.0 24.1 24.5 3.627  -31.9   17.1    2.2  52    7.2   7 0 0 1 1 1 0 13.8 65.5 13.6 66.8 80.0 100 100 20 408 0 143 0 401 401 400 0 0 0 59 50 AUTO 0 
b.1 2025-07-18 03:01:15.710 a 2025-07-18-03:01:07 194 079 219 0.0 0.4 2.0 12.1 67.8 729.0 0.00 0 0.0 15.0 24.1 24.4 3.628  -32.7   17.0    0.0  52    7.2   5 0 0 1 1 1 0 13.7 65.3 13.5 66.7 80.0 100 100 20 408 0 143 0 401 401 399 0 0 0 59 50 AUTO 0 
b.1 2025-07-18 03:02:13.872 a 2025-07-18-03:02:05 126 037 280 0.1 1.3 2.5 12.0 65.9 729.0 0.00 0 0.0 14.8 23.6 23.4 3.633  -33.0   16.9    2.2  52    7.2   5 0 0 1 1 1 0 13.6 63.8 13.5 65.1 80.0 100 100 20 408 0 143 0 401 401 400 0 0 0 59 50 AUTO 0 
b.1 2025-07-18 03:03:13.773 a 2025-07-18-03:03:05 008 067 124 0.7 1.5 2.4 12.1 66.3 729.0 0.00 0 0.0 15.1 24.1 24.4 3.634  -32.6   16.9    2.3  52    7.1   5 0 0 1 1 1 0 13.6 63.0 13.4 64.3 80.0 100 100 20 408 0 143 0 401 402 400 0 0 0 59 50 AUTO 0 
b.1 2025-07-18 03:04:11.575 a 2025-07-18-03:04:03 117 071 297 0.2 2.0 4.2 12.1 66.3 729.0 0.00 0 0.0 15.0 24.1 24.4 3.633  -34.7   16.8    2.5  53    7.1   9 0 0 1 1 1 0 13.6 62.5 13.4 63.7 80.0 100 100 20 408 0 143 0 401 402 399 0 0 0 59 50 AUTO 0 
b.1 2025-07-18 03:05:14.773 a 2025-07-18-03:05:06 103 098 106 0.1 0.9 2.6 12.1 66.0 729.0 0.00 0 0.0 14.9 23.8 23.4 3.634  -32.9   16.8    2.2  53    7.0   9 0 0 1 1 1 0 13.5 62.7 13.4 64.0 80.0 100 99 20 408 0 143 0 401 401 400 0 0 0 60 50 AUTO 0 
b.1 2025-07-18 03:06:13.951 a 2025-07-18-03:06:05 147 084 303 0.1 1.0 3.1 12.1 66.0 729.0 0.00 0 0.0 15.0 24.1 24.4 3.634  -35.3   16.7    2.2  53    7.0   9 0 0 1 1 1 0 13.5 62.1 13.4 63.3 80.0 100 100 20 408 0 143 0 401 401 400 0 0 0 59 50 AUTO 0 
b.1 2025-07-18 03:07:12.134 a 2025-07-18-03:07:03 139 069 290 0.3 2.2 3.8 12.1 63.1 729.0 0.00 0 0.0 15.1 24.1 24.4 3.633  -34.1   16.6    2.4  53    7.0   5 0 0 1 1 1 0 13.5 61.8 13.3 62.8 80.0 100 100 20 408 0 143 0 401 401 400 0 0 0 59 50 AUTO 0 
b.1 2025-07-18 03:08:11.930 a 2025-07-18-03:08:03 108 061 356 0.6 2.0 3.4 12.1 63.3 729.0 0.00 0 0.0 14.9 23.8 23.4 3.634  -33.9   16.6    2.5  53    7.0   7 0 0 1 1 1 0 13.4 62.1 13.4 62.9 80.0 100 100 20 408 0 143 0 401 401 399 0 0 0 59 50 AUTO 0 
b.1 2025-07-18 03:09:16.473 a 2025-07-18-03:09:08 156 071 238 0.0 0.9 3.1 12.1 64.0 729.0 0.00 0 0.0 15.0 24.1 24.5 3.628  -33.5   16.5    2.2  53    6.9   7 0 0 1 1 1 0 13.5 62.1 13.4 62.9 80.0 100 100 20 408 0 143 0 401 401 400 0 0 0 60 50 AUTO 0 
b.1 2025-07-18 03:10:15.332 a 2025-07-18-03:10:06 007 054 131 0.2 1.5 2.7 12.1 64.1 729.0 0.00 0 0.0 15.0 24.1 24.5 3.627  -33.2   16.5    2.3  53    6.9   7 0 0 1 1 1 0 13.4 61.5 13.4 62.5 80.0 100 100 20 408 0 143 0 402 401 400 0 0 0 59 50 AUTO 0 
b.1 2025-07-18 03:11:13.275 a 2025-07-18-03:11:04 194 075 333 0.0 1.1 3.0 12.2 62.5 729.0 0.00 0 0.0 15.0 24.1 24.5 3.633  -32.4   16.5    2.1  53    6.9   7 0 0 1 1 1 0 13.4 61.1 13.4 62.0 80.0 100 100 20 408 0 143 0 401 402 399 0 0 0 60 50 AUTO 0 
b.1 2025-07-18 03:12:11.915 a 2025-07-18-03:12:03 120 034 304 0.1 1.2 3.0 12.2 62.8 729.0 0.00 0 0.0 14.9 23.8 23.4 3.634  -32.8   16.5    2.2  53    6.9   7 0 0 1 1 1 0 13.4 61.1 13.4 62.0 80.0 100 100 20 408 0 143 0 401 401 400 0 0 0 59 50 AUTO 0 
b.1 2025-07-18 03:13:14.177 a 2025-07-18-03:13:05 140 063 264 0.1 0.9 2.7 12.2 62.7 729.0 0.00 0 0.0 15.0 24.1 24.4 3.628  -32.5   16.5    0.0  53    6.9   7 0 0 1 1 1 0 13.5 61.0 13.3 62.0 80.0 100 100 20 408 0 143 0 400 401 400 0 0 0 59 50 AUTO 0 
b.1 2025-07-18 03:14:13.734 a 2025-07-18-03:14:05 191 053 240 0.1 1.2 3.1 12.2 62.1 729.0 0.00 0 0.0 15.0 24.1 24.4 3.628  -32.2   16.4    0.0  53    6.9   7 0 0 1 1 1 0 13.4 61.1 13.3 62.1 80.0 100 100 20 408 0 143 0 401 401 400 0 0 0 60 50 AUTO 0 
b.1 2025-07-18 03:15:16.456 a 2025-07-18-03:15:08 003 076 122 0.2 1.5 2.9 12.2 62.3 729.0 0.00 0 0.0 14.8 23.6 23.4 3.633  -31.6   16.4    2.2  53    6.9   7 0 0 1 1 1 0 13.4 61.2 13.3 62.2 80.0 100 100 20 408 0 143 0 402 401 400 0 0 0 59 50 AUTO 0 
b.1 2025-07-18 03:16:14.017 a 2025-07-18-03:16:05 009 073 134 0.3 1.4 3.1 12.2 62.4 729.1 0.00 0 0.0 15.1 24.1 24.5 3.628  -31.4   16.4    2.2  53    6.8   7 0 0 1 1 1 0 13.4 61.4 13.3 62.5 80.0 100 100 20 408 0 143 0 401 401 400 0 0 0 60 50 AUTO 0 
b.1 2025-07-18 03:17:12.555 a 2025-07-18-03:17:04 015 076 133 0.7 1.7 2.7 12.2 63.6 729.0 0.00 0 0.0 15.1 24.1 24.5 3.627  -30.8   16.4    2.3  53    6.9   7 0 0 1 1 1 0 13.4 62.9 13.3 63.9 80.0 100 100 20 408 0 143 0 402 401 400 0 0 0 60 50 AUTO 0 
b.1 2025-07-18 03:18:10.858 a 2025-07-18-03:18:02 015 072 125 0.5 1.3 2.1 12.2 65.4 729.1 0.00 0 0.0 14.8 23.6 23.4 3.635  -30.7   16.4    2.2  53    6.9   7 0 0 1 1 1 0 13.4 63.5 13.3 64.7 80.0 100 100 20 408 0 143 0 401 401 399 0 0 0 60 50 AUTO 0 
b.1 2025-07-18 03:19:10.880 a 2025-07-18-03:19:02 175 073 355 0.1 1.4 2.7 12.2 67.2 729.1 0.00 0 0.0 15.0 24.1 24.4 3.629  -32.1   16.3    2.3  54    6.9   7 0 0 1 1 1 0 13.4 64.3 13.2 65.3 80.0 100 100 20 408 0 143 0 401 401 400 0 0 0 59 50 AUTO 0 
b.1 2025-07-18 03:20:12.259 a 2025-07-18-03:20:03 012 076 117 0.5 1.7 3.4 12.1 65.7 729.0 0.00 0 0.0 15.0 24.1 24.4 3.627  -33.1   16.3    2.3  54    7.0   7 0 0 1 1 1 0 13.4 64.8 13.3 65.8 80.0 100 100 20 408 0 143 0 402 401 400 0 0 0 60 50 AUTO 0 
b.1 2025-07-18 03:21:10.940 a 2025-07-18-03:21:02 016 076 130 0.4 1.9 4.0 12.1 63.8 729.0 0.00 0 0.0 15.0 24.1 24.5 3.627  -31.8   16.3    2.4  54    7.0   7 0 0 1 1 1 0 13.3 63.8 13.3 64.3 80.0 100 100 20 408 0 143 0 401 401 400 0 0 0 59 50 AUTO 0 
b.1 2025-07-18 03:22:08.657 a 2025-07-18-03:22:00 151 076 257 0.1 1.2 3.2 12.1 63.4 729.0 0.00 0 0.0 15.0 24.1 24.4 3.627  -30.4   16.3    2.2  54    7.0   7 0 0 1 1 1 0 13.3 63.0 13.3 63.2 80.0 100 100 20 408 0 143 0 401 401 400 0 0 0 59 50 AUTO 0 
b.1 2025-07-18 03:23:09.299 a 2025-07-18-03:23:00 109 062 295 0.2 1.2 2.7 12.1 62.6 729.0 0.00 0 0.0 14.9 23.8 23.4 3.633  -31.5   16.2    2.2  54    7.0   7 0 0 1 1 1 0 13.3 62.5 13.4 63.0 80.0 100 100 20 408 0 143 0 401 401 400 0 0 0 60 50 AUTO 0 
b.1 2025-07-18 03:24:08.782 a 2025-07-18-03:24:00 135 073 287 0.2 1.2 2.5 12.2 62.1 729.0 0.00 0 0.0 14.9 23.8 23.4 3.634  -31.9   16.2    0.0  54    6.9   5 0 0 1 1 1 0 13.3 62.2 13.4 62.5 80.0 100 100 20 408 0 143 0 401 401 400 0 0 0 59 50 AUTO 0 
b.1 2025-07-18 03:25:12.437 a 2025-07-18-03:25:04 116 059 328 0.2 1.5 2.7 12.2 61.9 729.1 0.00 0 0.0 14.9 24.1 24.5 3.627  -32.9   16.2    2.3  54    6.9   5 0 0 1 1 1 0 13.3 62.1 13.4 62.4 80.0 100 100 20 408 0 143 0 401 402 400 0 0 0 59 50 AUTO 0 
b.1 2025-07-18 03:26:08.944 a 2025-07-18-03:26:00 003 071 122 0.7 1.5 2.4 12.3 62.0 729.1 0.00 0 0.0 15.1 24.1 24.5 3.627  -32.5   16.2    2.3  54    6.9  11 0 0 1 1 1 0 13.3 61.9 13.4 62.3 80.0 100 100 20 408 0 143 0 401 401 400 0 0 0 59 50 AUTO 0 
b.1 2025-07-18 03:27:09.443 a 2025-07-18-03:27:00 136 089 334 0.2 0.9 2.4 12.3 62.1 729.1 0.00 0 0.0 14.9 24.1 24.5 3.633  -32.4   16.2    0.0  54    6.9   7 0 0 1 1 1 0 13.3 61.8 13.4 62.0 80.0 100 100 20 408 0 143 0 401 402 400 0 0 0 60 50 AUTO 0 
b.1 2025-07-18 03:28:09.457 a 2025-07-18-03:28:00 019 083 122 0.2 1.6 2.8 12.3 61.6 729.1 0.00 0 0.0 14.8 23.7 23.4 3.634  -33.7   16.2    2.2  54    6.9   7 0 0 1 1 1 0 13.3 61.6 13.4 61.7 80.0 100 100 20 408 0 143 0 401 401 400 0 0 0 60 50 AUTO 0 
b.1 2025-07-18 03:29:11.338 a 2025-07-18-03:29:02 130 078 312 0.2 1.0 2.1 12.3 61.5 729.1 0.00 0 0.0 15.1 24.1 24.4 3.627  -32.4   16.2    2.1  54    6.8   8 0 0 1 1 1 0 13.3 61.5 13.4 61.6 80.0 100 100 20 408 0 143 0 402 401 400 0 0 0 60 50 AUTO 0 
b.1 2025-07-18 03:30:10.578 a 2025-07-18-03:30:02 142 086 317 0.2 0.9 2.2 12.3 61.4 729.1 0.00 0 0.0 15.0 24.1 24.4 3.628  -31.3   16.2    0.0  54    6.9   8 0 0 1 1 1 0 13.3 61.5 13.4 61.5 80.0 100 100 20 408 0 143 0 401 402 400 0 0 0 59 50 AUTO 0 
b.1 2025-07-18 03:31:11.437 a 2025-07-18-03:31:02 015 085 139 0.2 1.4 2.6 12.3 61.3 729.1 0.00 0 0.0 14.9 23.8 23.4 3.633  -33.4   16.2    2.2  54    6.8   8 0 0 1 1 1 0 13.3 61.4 13.5 61.5 80.0 100 100 20 408 0 143 0 401 401 399 0 0 0 60 50 AUTO 0 
b.1 2025-07-18 03:32:09.661 a 2025-07-18-03:32:01 113 079 291 0.2 1.3 2.6 12.3 61.4 729.1 0.00 0 0.0 15.1 24.1 24.5 3.627  -33.3   16.2    2.2  54    6.8   8 0 0 1 1 1 0 13.4 61.2 13.5 61.4 80.0 100 100 20 408 0 143 0 401 401 400 0 0 0 60 50 AUTO 0 
b.1 2025-07-18 03:33:12.621 a 2025-07-18-03:33:04 169 079 231 0.2 1.2 2.7 12.3 61.3 729.1 0.00 0 0.0 15.0 23.9 23.4 3.634  -32.2   16.2    0.0  54    6.8   8 0 0 1 1 1 0 13.4 61.1 13.5 61.2 80.0 100 100 20 408 0 143 0 401 401 399 0 0 0 60 50 AUTO 0 
b.1 2025-07-18 03:34:11.723 a 2025-07-18-03:34:03 025 084 140 0.2 1.6 2.9 12.4 61.3 729.2 0.00 0 0.0 14.9 23.8 23.4 3.637  -33.0   16.2    2.2  54    6.8   8 0 0 1 1 1 0 13.4 61.0 13.5 61.0 80.0 100 100 20 408 0 143 0 401 401 400 0 0 0 59 50 AUTO 0 
b.1 2025-07-18 03:35:14.638 a 2025-07-18-03:35:06 015 085 130 0.7 2.4 3.4 12.4 61.0 729.1 0.00 0 0.0 15.0 24.1 24.5 3.627  -34.2   16.2    2.4  54    6.8   8 0 0 1 1 1 0 13.4 60.8 13.6 60.8 80.0 100 100 20 408 0 143 0 401 401 400 0 0 0 59 50 AUTO 0 
b.1 2025-07-18 03:36:09.721 a 2025-07-18-03:36:01 015 085 110 0.7 2.4 3.6 12.4 61.0 729.2 0.00 0 0.0 15.0 24.1 24.5 3.633  -33.3   16.2    2.6  54    6.8   8 0 0 1 1 1 0 13.4 60.7 13.6 60.7 80.0 100 100 20 408 0 143 0 401 401 399 0 0 0 60 50 AUTO 0 
b.1 2025-07-18 03:37:10.444 a 2025-07-18-03:37:01 129 081 329 0.3 1.5 2.4 12.4 60.6 729.2 0.00 0 0.0 14.9 23.8 23.4 3.634  -32.7   16.2    2.4  54    6.8   8 0 0 1 1 1 0 13.4 60.5 13.6 60.5 80.0 100 100 20 408 0 143 0 401 401 400 0 0 0 59 50 AUTO 0 
b.1 2025-07-18 03:38:10.039 a 2025-07-18-03:38:01 014 098 225 0.2 1.6 2.8 12.4 60.8 729.2 0.00 0 0.0 14.9 23.8 23.4 3.634  -33.8   16.2    2.3  54    6.8   8 0 0 1 1 1 0 13.4 60.4 13.6 60.3 80.0 100 100 20 408 0 143 0 401 401 400 0 0 0 60 50 AUTO 0 
b.1 2025-07-18 03:39:11.401 a 2025-07-18-03:39:02 027 086 113 1.1 2.3 3.5 12.3 60.6 729.2 0.00 0 0.0 15.0 24.1 24.5 3.627  -33.4   16.2    2.6  54    6.8   8 0 0 1 1 1 0 13.4 60.4 13.6 60.3 80.0 100 100 20 408 0 143 0 401 401 400 0 0 0 59 50 AUTO 0 
b.1 2025-07-18 03:40:10.581 a 2025-07-18-03:40:02 059 092 124 0.8 2.1 3.0 12.3 60.7 729.2 0.00 0 0.0 15.1 24.1 24.4 3.628  -33.3   16.2    2.6  54    6.8   8 0 0 1 1 1 0 13.4 60.4 13.6 60.2 80.0 100 100 20 408 0 143 0 401 401 400 0 0 0 60 50 AUTO 0 
b.1 2025-07-18 03:41:13.026 a 2025-07-18-03:41:04 007 085 116 0.5 2.6 4.0 12.3 60.5 729.2 0.00 0 0.0 14.9 23.6 23.4 3.634  -33.7   16.2    2.9  54    6.7   8 0 0 1 1 1 0 13.4 60.3 13.6 60.3 80.0 100 100 20 408 0 143 0 401 401 400 0 0 0 59 50 AUTO 0 
b.1 2025-07-18 03:42:14.563 a 2025-07-18-03:42:06 035 092 117 1.2 2.3 3.5 12.3 60.7 729.2 0.00 0 0.0 14.9 23.8 23.4 3.634  -33.9   16.2    2.9  54    6.7   8 0 0 1 1 1 0 13.4 60.2 13.6 60.3 80.0 100 100 20 408 0 143 0 401 401 400 0 0 0 59 50 AUTO 0 
b.1 2025-07-18 03:43:10.982 a 2025-07-18-03:43:02 030 085 122 0.8 1.8 2.9 12.3 60.4 729.2 0.00 0 0.0 15.1 24.1 24.5 3.627  -34.0   16.1    2.7  54    6.7   8 0 0 1 1 1 0 13.4 60.1 13.5 60.1 80.0 100 100 20 408 0 143 0 401 401 400 0 0 0 60 50 AUTO 0 
b.1 2025-07-18 03:44:14.259 a 2025-07-18-03:44:05 054 091 137 1.4 2.8 3.9 12.3 60.1 729.2 0.00 0 0.0 14.9 24.1 24.5 3.627  -35.2   16.1    3.0  53    6.7   8 0 0 1 1 1 0 13.4 59.9 13.5 59.8 80.0 100 100 20 408 0 143 0 401 401 400 0 0 0 60 50 AUTO 0 
b.1 2025-07-18 03:45:11.680 a 2025-07-18-03:45:03 064 093 131 1.9 2.8 3.7 12.3 59.5 729.2 0.00 0 0.0 14.8 23.6 23.4 3.634  -34.7   16.1    3.3  53    6.7   9 0 0 1 1 1 0 13.4 59.6 13.5 59.6 80.0 100 100 20 408 0 143 0 402 401 400 0 0 0 60 50 AUTO 0 
b.1 2025-07-18 03:46:10.983 a 2025-07-18-03:46:02 142 087 316 0.3 2.2 3.6 12.3 59.9 729.2 0.00 0 0.0 14.9 23.9 23.4 3.634  -34.4   16.1    3.2  53    6.7   9 0 0 1 1 1 0 13.3 59.5 13.5 59.6 80.0 100 100 20 408 0 143 0 401 402 400 0 0 0 59 50 AUTO 0 
b.1 2025-07-18 03:47:09.946 a 2025-07-18-03:47:01 027 090 151 0.8 2.2 3.7 12.2 60.0 729.2 0.00 0 0.0 15.1 24.1 24.5 3.627  -34.9   16.1    3.0  53    6.7   9 0 0 1 1 1 0 13.4 59.3 13.5 59.4 80.0 100 100 20 408 0 143 0 401 402 400 0 0 0 60 50 AUTO 0 
b.1 2025-07-18 03:48:13.961 a 2025-07-18-03:48:05 206 084 301 0.2 1.8 3.1 12.3 59.9 729.2 0.00 0 0.0 15.0 23.9 23.4 3.634  -34.1   16.2    2.7  53    6.7   9 0 0 1 1 1 0 13.3 59.3 13.5 59.5 80.0 100 100 20 408 0 143 0 402 401 400 0 0 0 60 50 AUTO 0 
b.1 2025-07-18 03:49:13.744 a 2025-07-18-03:49:05 118 067 283 0.2 1.5 2.8 12.3 59.7 729.3 0.00 0 0.0 15.0 23.8 23.4 3.635  -34.4   16.1    2.6  53    6.7   9 0 0 1 1 1 0 13.3 59.3 13.4 59.5 80.0 100 100 20 408 0 143 0 401 402 400 0 0 0 60 50 AUTO 0 
b.1 2025-07-18 03:50:13.407 a 2025-07-18-03:50:04 142 085 302 0.1 1.0 2.8 12.3 59.9 729.3 0.00 0 0.0 15.0 24.1 24.5 3.627  -34.0   16.1    2.3  53    6.6   9 0 0 1 1 1 0 13.3 59.3 13.5 59.5 80.0 100 100 20 408 0 143 0 401 401 399 0 0 0 59 50 AUTO 0 
b.1 2025-07-18 03:51:10.368 a 2025-07-18-03:51:01 028 090 133 0.8 2.2 3.7 12.3 60.1 729.2 0.00 0 0.0 15.0 24.1 24.5 3.627  -35.8   16.2    2.4  53    6.7   9 0 0 1 1 1 0 13.3 59.4 13.5 59.5 80.0 100 100 20 408 0 143 0 401 401 400 0 0 0 60 50 AUTO 0 
b.1 2025-07-18 03:52:11.549 a 2025-07-18-03:52:03 022 083 131 0.2 2.2 3.5 12.3 59.7 729.2 0.00 0 0.0 14.9 23.6 23.4 3.634  -36.8   16.1    2.5  53    6.7   9 0 0 1 1 1 0 13.3 59.4 13.5 59.5 80.0 100 100 20 408 0 143 0 401 401 399 0 0 0 60 50 AUTO 0 
b.1 2025-07-18 03:53:08.645 a 2025-07-18-03:53:00 130 080 325 0.1 1.6 3.1 12.3 59.6 729.3 0.00 0 0.0 14.9 24.1 24.5 3.628  -37.8   16.1    2.4  53    6.7   9 0 0 1 1 1 0 13.3 59.5 13.4 59.6 80.0 100 100 20 408 0 143 0 401 401 400 0 0 0 59 50 AUTO 0 
b.1 2025-07-18 03:54:11.746 a 2025-07-18-03:54:03 122 080 314 0.3 2.2 3.5 12.3 59.2 729.3 0.00 0 0.0 15.1 24.1 24.5 3.631  -36.6   16.1    2.6  53    6.6   9 0 0 1 1 1 0 13.3 59.4 13.4 59.5 80.0 100 100 20 408 0 143 0 402 401 400 0 0 0 59 50 AUTO 0 
b.1 2025-07-18 03:55:12.809 a 2025-07-18-03:55:04 029 085 121 1.0 2.2 4.0 12.4 59.2 729.3 0.00 0 0.0 15.0 24.1 24.5 3.627  -38.1   16.1    2.7  53    6.6   9 0 0 1 1 1 0 13.3 59.4 13.4 59.4 80.0 100 100 20 408 0 143 0 401 401 399 0 0 0 60 50 AUTO 0 
b.1 2025-07-18 03:56:11.290 a 2025-07-18-03:56:02 018 081 167 0.2 1.4 2.9 12.4 59.1 729.3 0.00 0 0.0 14.9 24.0 24.5 3.627  -36.9   16.1    2.5  53    6.6   9 0 0 1 1 1 0 13.3 59.4 13.4 59.5 80.0 100 100 20 408 0 143 0 401 401 400 0 0 0 59 50 AUTO 0 
b.1 2025-07-18 03:57:13.785 a 2025-07-18-03:57:05 140 081 305 0.1 1.5 2.7 12.3 59.0 729.3 0.00 0 0.0 14.8 23.9 23.4 3.634  -37.3   16.1    2.4  53    6.6   9 0 0 1 1 1 0 13.3 59.3 13.4 59.5 80.0 100 100 20 408 0 143 0 401 401 400 0 0 0 59 50 AUTO 0 
b.1 2025-07-18 03:58:10.904 a 2025-07-18-03:58:02 202 082 320 0.4 1.9 4.0 12.3 57.6 729.3 0.00 0 0.0 14.9 23.9 23.4 3.633  -38.2   16.1    2.4  53    6.6   9 0 0 1 1 1 0 13.2 58.9 13.3 59.1 80.0 100 100 20 408 0 143 0 402 401 400 0 0 0 60 50 AUTO 0 
b.1 2025-07-18 03:59:11.809 a 2025-07-18-03:59:03 013 093 134 0.7 2.4 4.1 12.4 56.2 729.3 0.00 0 0.0 14.9 24.0 23.4 3.633  -39.6   16.1    2.6  53    6.5   9 0 0 1 1 1 0 13.2 58.7 13.3 58.9 80.0 100 100 20 408 0 143 0 401 401 400 0 0 0 59 50 AUTO 0 
b.1 2025-07-18 04:00:12.384 a 2025-07-18-04:00:03 140 086 307 0.1 1.7 3.8 12.4 55.5 729.3 0.00 0 0.0 15.1 24.1 24.5 3.627  -38.7   16.1    2.4  52    6.4   9 0 0 1 1 1 0 13.2 58.4 13.3 58.7 80.0 100 100 20 408 0 143 0 402 401 400 0 0 0 59 50 AUTO 0 
b.1 2025-07-18 04:01:08.892 a 2025-07-18-04:01:00 023 088 122 0.4 2.7 4.4 12.4 53.0 729.3 0.00 0 0.0 15.0 24.1 24.5 3.628  -39.5   16.1    2.7  52    6.3   9 0 0 1 1 1 0 13.2 57.6 13.3 57.5 80.0 100 100 20 408 0 143 0 401 401 400 0 0 0 59 50 AUTO 0 
b.1 2025-07-18 04:02:09.910 a 2025-07-18-04:02:01 134 084 295 0.3 2.3 3.8 12.5 54.5 729.3 0.00 0 0.0 14.8 23.7 23.4 3.634  -39.0   16.1    2.8  52    6.2   9 0 0 1 1 1 0 13.2 57.3 13.3 57.1 80.0 100 100 20 408 0 143 0 401 402 400 0 0 0 59 50 AUTO 0 
b.1 2025-07-18 04:03:14.344 a 2025-07-18-04:03:05 030 090 136 0.7 2.8 4.1 12.5 54.0 729.3 0.00 0 0.0 15.0 23.9 23.4 3.633  -40.3   16.1    3.0  52    6.2   9 0 0 1 1 1 0 13.2 56.5 13.3 56.2 80.0 100 100 20 408 0 143 0 401 401 400 0 0 0 59 50 AUTO 0 
b.1 2025-07-18 04:04:11.450 a 2025-07-18-04:04:02 061 092 116 2.2 3.5 4.5 12.5 53.7 729.3 0.00 0 0.0 14.9 24.1 24.4 3.627  -41.0   16.1    3.5  52    6.1   9 0 0 1 1 1 0 13.2 55.9 13.3 55.8 80.0 100 100 20 408 0 143 0 401 401 400 0 0 0 59 50 AUTO 0 
b.1 2025-07-18 04:05:13.944 a 2025-07-18-04:05:05 052 090 113 1.5 3.3 4.2 12.5 51.9 729.4 0.00 0 0.0 15.0 24.1 24.5 3.627  -41.4   16.1    3.9  51    6.1  10 0 0 1 1 1 0 13.2 55.1 13.3 55.2 80.0 100 100 20 408 0 143 0 401 401 400 0 0 0 60 50 AUTO 0 
b.1 2025-07-18 04:06:08.309 a 2025-07-18-04:05:59 019 090 126 0.9 3.1 4.2 12.5 49.6 729.3 0.00 0 0.0 15.0 24.1 24.5 3.626  -40.5   16.1    3.9  51    6.0  10 0 0 1 1 1 0 13.2 54.5 13.3 54.2 80.0 100 100 20 408 0 143 0 401 401 400 0 0 0 60 50 AUTO 0 
b.1 2025-07-18 04:07:11.311 a 2025-07-18-04:07:02 056 089 124 0.4 2.4 3.9 12.5 49.7 729.3 0.00 0 0.0 15.0 23.8 23.4 3.633  -39.4   16.1    3.5  51    5.9  10 0 0 1 1 1 0 13.1 53.7 13.3 53.4 80.0 100 100 20 408 0 143 0 401 401 399 0 0 0 60 50 AUTO 0 
b.1 2025-07-18 04:08:10.786 a 2025-07-18-04:08:02 017 088 111 0.4 2.7 3.6 12.6 49.1 729.3 0.00 0 0.0 14.9 23.9 23.4 3.633  -40.3   16.1    3.6  50    5.8  10 0 0 1 1 1 0 13.1 53.2 13.3 52.8 80.0 100 100 20 408 0 143 0 401 402 400 0 0 0 59 50 AUTO 0 
b.1 2025-07-18 04:09:12.108 a 2025-07-18-04:09:03 040 088 104 1.9 3.1 3.8 12.6 49.6 729.4 0.00 0 0.0 15.1 24.1 24.5 3.627  -40.3   16.1    3.9  50    5.7  10 0 0 1 1 1 0 13.2 52.7 13.3 52.4 80.0 100 100 20 408 0 143 0 401 401 400 0 0 0 59 50 AUTO 0 
b.1 2025-07-18 04:10:10.328 a 2025-07-18-04:10:01 040 087 131 1.2 2.8 3.8 12.6 49.6 729.4 0.00 0 0.0 15.0 24.1 24.4 3.633  -40.1   16.1    3.7  50    5.6  10 0 0 1 1 1 0 13.2 52.1 13.2 52.2 80.0 100 100 20 408 0 143 0 401 401 399 0 0 0 60 50 AUTO 0 
b.1 2025-07-18 04:11:11.809 a 2025-07-18-04:11:03 028 088 127 0.8 2.7 3.6 12.7 49.7 729.4 0.00 0 0.0 14.8 23.8 23.4 3.633  -40.1   16.1    3.6  50    5.6  10 0 0 1 1 1 0 13.2 52.0 13.2 52.2 80.0 100 100 20 408 0 143 0 402 401 400 0 0 0 60 50 AUTO 0 
b.1 2025-07-18 04:12:11.348 a 2025-07-18-04:12:02 124 081 351 0.4 2.2 3.4 12.6 48.8 729.4 0.00 0 0.0 14.9 24.1 24.5 3.627  -39.3   16.2    3.3  49    5.6   5 0 0 1 1 1 0 13.1 51.7 13.2 51.8 80.0 100 100 20 408 0 143 0 401 402 400 0 0 0 60 50 AUTO 0 
b.1 2025-07-18 04:13:14.349 a 2025-07-18-04:13:05 055 092 120 1.5 2.7 3.9 12.7 47.1 729.4 0.00 0 0.0 15.0 24.1 24.5 3.628  -40.5   16.2    3.5  49    5.6  10 0 0 1 1 1 0 13.1 52.1 13.2 52.6 80.0 100 100 20 408 0 143 0 401 401 400 0 0 0 60 50 AUTO 0 
b.1 2025-07-18 04:14:10.288 a 2025-07-18-04:14:01 057 085 125 1.1 2.5 4.0 12.7 50.5 729.4 0.00 0 0.0 14.9 23.9 23.4 3.635  -40.7   16.2    3.5  49    5.6  10 0 0 1 1 1 0 13.1 52.5 13.2 53.1 80.0 100 100 20 408 0 143 0 401 401 400 0 0 0 59 50 AUTO 0 
b.1 2025-07-18 04:15:15.707 a 2025-07-18-04:15:07 131 089 330 0.7 2.5 3.8 12.6 51.9 729.4 0.00 0 0.0 14.8 23.9 23.4 3.634  -40.5   16.3    3.3  49    5.6  10 0 0 1 1 1 0 13.1 52.8 13.2 53.6 80.0 100 100 20 408 0 143 0 401 402 399 0 0 0 60 50 AUTO 0 
b.1 2025-07-18 04:16:10.253 a 2025-07-18-04:16:01 121 096 330 0.9 2.7 3.7 12.6 52.4 729.4 0.00 0 0.0 14.9 24.1 24.4 3.626  -39.9   16.3    3.5  49    5.7  10 0 0 1 1 1 0 13.1 53.5 13.1 54.0 80.0 100 100 20 408 0 143 0 401 401 399 0 0 0 60 50 AUTO 0 
b.1 2025-07-18 04:17:12.792 a 2025-07-18-04:17:04 030 098 129 1.2 2.5 3.6 12.6 53.2 729.4 0.00 0 0.0 15.0 24.1 24.5 3.628  -39.7   16.3    3.4  49    5.7  10 0 0 1 1 1 0 13.1 54.1 13.1 54.5 80.0 100 100 20 408 0 143 0 401 402 400 0 0 0 60 50 AUTO 0 
b.1 2025-07-18 04:18:11.653 a 2025-07-18-04:18:03 051 100 159 0.9 2.3 4.2 12.5 53.4 729.5 0.00 0 0.0 15.0 24.1 24.5 3.627  -41.0   16.3    3.2  50    5.7  10 0 0 1 1 1 0 13.1 54.5 13.1 55.0 80.0 100 100 20 408 0 143 0 401 402 400 0 0 0 59 50 AUTO 0 
b.1 2025-07-18 04:19:13.693 a 2025-07-18-04:19:05 054 098 128 1.6 2.7 3.6 12.5 53.9 729.5 0.00 0 0.0 14.9 23.9 23.4 3.633  -41.3   16.3    3.4  50    5.8  10 0 0 1 1 1 0 13.1 54.7 13.1 55.3 80.0 100 100 20 408 0 143 0 402 401 400 0 0 0 60 50 AUTO 0 
b.1 2025-07-18 04:20:12.930 a 2025-07-18-04:20:04 063 099 122 2.0 2.8 3.7 12.5 54.5 729.5 0.00 0 0.0 14.9 23.8 23.4 3.632  -40.4   16.3    3.6  50    5.8  10 0 0 1 1 1 0 13.1 55.3 13.1 55.9 80.0 100 100 20 408 0 143 0 401 401 400 0 0 0 59 50 AUTO 0 
b.1 2025-07-18 04:21:12.773 a 2025-07-18-04:21:04 052 090 131 1.0 2.3 3.2 12.4 54.8 729.4 0.00 0 0.0 15.0 24.1 24.5 3.628  -41.3   16.3    3.4  50    5.8  10 0 0 1 1 1 0 13.1 55.7 13.1 56.1 80.0 100 100 20 408 0 143 0 402 402 400 0 0 0 59 50 AUTO 0 
b.1 2025-07-18 04:22:09.513 a 2025-07-18-04:22:01 028 087 113 1.0 2.4 4.1 12.4 55.2 729.5 0.00 0 0.0 15.0 24.1 24.5 3.627  -40.3   16.3    3.5  50    5.8  10 0 0 1 1 1 0 13.1 55.7 13.1 56.3 80.0 100 100 20 408 0 143 0 401 401 399 0 0 0 60 50 AUTO 0 
b.1 2025-07-18 04:23:11.953 a 2025-07-18-04:23:03 017 089 120 0.6 2.4 3.6 12.4 55.6 729.5 0.00 0 0.0 14.9 23.7 23.4 3.633  -40.8   16.3    3.4  50    5.9  10 0 0 1 1 1 0 13.1 55.8 13.1 56.4 80.0 100 100 20 408 0 143 0 401 401 400 0 0 0 59 50 AUTO 0 
b.1 2025-07-18 04:24:11.653 a 2025-07-18-04:24:03 150 076 352 0.7 2.1 3.6 12.3 55.3 729.5 0.00 0 0.0 14.9 23.9 23.4 3.634  -39.4   16.3    3.3  50    5.8  10 0 0 1 1 1 0 13.1 55.8 13.2 56.4 80.0 100 100 20 408 0 143 0 401 401 400 0 0 0 59 50 AUTO 0 
b.1 2025-07-18 04:25:13.351 a 2025-07-18-04:25:04 034 100 130 0.7 2.5 3.5 12.3 54.5 729.5 0.00 0 0.0 14.9 24.1 24.5 3.628  -39.6   16.2    3.3  50    5.8  10 0 0 1 1 1 0 13.1 55.8 13.1 56.2 80.0 100 100 20 408 0 143 0 401 401 400 0 0 0 60 50 AUTO 0 
b.1 2025-07-18 04:26:09.536 a 2025-07-18-04:26:01 041 098 117 1.6 2.8 3.6 12.2 55.7 729.5 0.00 0 0.0 15.1 24.1 24.4 3.627  -40.9   16.3    3.5  50    5.8  10 0 0 1 1 1 0 13.1 55.8 13.1 56.3 80.0 100 100 20 408 0 143 0 402 401 400 0 0 0 59 50 AUTO 0 
b.1 2025-07-18 04:27:09.157 a 2025-07-18-04:27:00 075 103 126 2.0 3.1 3.9 12.3 51.1 729.5 0.00 0 0.0 14.9 23.9 23.4 3.634  -40.1   16.2    3.7  50    5.8  10 0 0 1 1 1 0 13.1 56.0 13.1 56.5 80.0 100 100 20 408 0 143 0 401 401 400 0 0 0 59 50 AUTO 0 
b.1 2025-07-18 04:28:10.996 a 2025-07-18-04:28:02 081 101 118 1.7 2.8 4.0 12.3 54.5 729.5 0.00 0 0.0 14.8 23.8 23.4 3.633  -39.7   16.2    3.6  50    5.7  10 0 0 1 1 1 0 13.1 55.6 13.1 56.3 80.0 100 100 20 408 0 143 0 401 401 400 0 0 0 59 50 AUTO 0 
b.1 2025-07-18 04:29:08.655 a 2025-07-18-04:29:00 082 107 128 1.7 3.0 4.3 12.4 52.1 729.5 0.00 0 0.0 14.9 24.1 24.5 3.627  -39.0   16.2    3.7  50    5.6  10 0 0 1 1 1 0 13.1 54.5 13.1 55.1 80.0 100 100 20 408 0 143 0 401 401 399 0 0 0 59 50 AUTO 0 
b.1 2025-07-18 04:30:14.430 a 2025-07-18-04:30:05 057 107 145 1.4 2.4 3.5 12.4 53.5 729.5 0.00 0 0.0 15.0 24.1 24.5 3.627  -40.6   16.2    3.3  50    5.6  10 0 0 1 1 1 0 13.1 54.2 13.1 54.7 80.0 100 100 20 408 0 143 0 401 401 399 0 0 0 59 50 AUTO 0 
b.1 2025-07-18 04:31:11.671 a 2025-07-18-04:31:03 057 111 142 1.4 2.5 3.6 12.4 53.5 729.5 0.00 0 0.0 15.0 24.0 23.4 3.634  -41.7   16.2    3.3  50    5.7  10 0 0 1 1 1 0 13.1 54.6 13.0 55.2 80.0 100 100 20 408 0 143 0 401 401 399 0 0 0 60 50 AUTO 0 
b.1 2025-07-18 04:32:15.615 a 2025-07-18-04:32:07 061 103 136 1.2 2.3 3.6 12.4 53.7 729.5 0.00 0 0.0 14.9 23.8 23.4 3.633  -41.0   16.2    3.2  50    5.7  10 0 0 1 1 1 0 13.1 54.6 13.0 55.5 80.0 100 100 20 408 0 143 0 401 401 400 0 0 0 60 50 AUTO 0 
b.1 2025-07-18 04:33:10.494 a 2025-07-18-04:33:02 061 098 132 1.6 2.7 4.0 12.4 52.6 729.5 0.00 0 0.0 14.9 24.0 23.4 3.633  -40.7   16.2    3.5  50    5.7  10 0 0 1 1 1 0 13.1 55.0 13.1 55.7 80.0 100 100 20 408 0 143 0 401 401 400 0 0 0 60 50 AUTO 0 
b.1 2025-07-18 04:34:11.233 a 2025-07-18-04:34:02 067 099 139 1.0 2.7 4.1 12.4 50.2 729.5 0.00 0 0.0 15.0 24.1 24.5 3.627  -39.2   16.2    3.5  49    5.6  10 0 0 1 1 1 0 13.1 54.7 13.1 55.5 80.0 100 100 20 408 0 143 0 401 402 400 0 0 0 60 50 AUTO 0 
b.1 2025-07-18 04:35:14.374 a 2025-07-18-04:35:05 030 093 119 1.1 2.8 3.9 12.4 48.9 729.5 0.00 0 0.0 15.1 24.1 24.5 3.627  -39.0   16.3    3.6  49    5.6  10 0 0 1 1 1 0 13.1 54.3 13.1 54.9 80.0 100 100 20 408 0 143 0 401 401 400 0 0 0 60 50 AUTO 0 
b.1 2025-07-18 04:36:13.657 a 2025-07-18-04:36:05 036 089 118 0.6 2.5 3.8 12.4 49.8 729.5 0.00 0 0.0 14.8 23.7 23.4 3.633  -39.1   16.3    3.5  49    5.5  10 0 0 1 1 1 0 13.1 54.6 13.1 55.0 80.0 100 100 20 408 0 143 0 401 401 400 0 0 0 60 50 AUTO 0 
b.1 2025-07-18 04:37:09.138 a 2025-07-18-04:37:00 010 074 113 0.5 1.9 3.6 12.4 52.3 729.5 0.00 0 0.0 15.0 24.1 24.5 3.627  -41.6   16.3    3.0  49    5.5  10 0 0 1 1 1 0 13.1 54.3 13.1 54.7 80.0 100 100 20 408 0 143 0 402 401 400 0 0 0 60 50 AUTO 0 
b.1 2025-07-18 04:38:11.295 a 2025-07-18-04:38:02 029 084 145 0.7 2.0 3.7 12.4 52.4 729.5 0.00 0 0.0 15.0 24.1 24.5 3.627  -38.9   16.3    3.0  49    5.5  10 0 0 1 1 1 0 13.1 54.3 13.1 54.8 80.0 100 100 20 408 0 143 0 401 401 400 0 0 0 59 50 AUTO 0 
b.1 2025-07-18 04:39:09.417 a 2025-07-18-04:39:00 206 082 311 0.2 1.4 3.3 12.4 53.0 729.5 0.00 0 0.0 15.0 24.1 24.5 3.635  -41.5   16.3    2.6  49    5.5   0 0 0 1 1 1 0 13.0 54.1 13.1 54.8 80.0 100 100 20 408 0 143 0 401 401 400 0 0 0 60 50 AUTO 0 
b.1 2025-07-18 04:40:12.974 a 2025-07-18-04:40:04 011 076 135 0.4 2.5 4.1 12.4 55.2 729.5 0.00 0 0.0 14.9 23.9 23.4 3.633  -39.4   16.3    3.0  49    5.5  10 0 0 1 1 1 0 13.0 54.6 13.0 55.4 80.0 100 100 20 408 0 143 0 401 401 399 0 0 0 59 50 AUTO 0 
b.1 2025-07-18 04:41:10.957 a 2025-07-18-04:41:02 133 066 301 0.2 1.5 3.0 12.3 55.3 729.5 0.00 0 0.0 14.9 23.9 23.4 3.633  -38.0   16.2    2.6  49    5.6   9 0 0 1 1 1 0 13.0 55.1 13.0 55.5 80.0 100 100 20 408 0 143 0 401 401 400 0 0 0 60 50 AUTO 0 
b.1 2025-07-18 04:42:11.536 a 2025-07-18-04:42:03 135 075 320 0.2 1.1 2.8 12.3 55.1 729.5 0.00 0 0.0 15.1 24.1 24.5 3.633  -38.7   16.2    2.4  49    5.6   9 0 0 1 1 1 0 13.0 55.2 13.0 55.8 80.0 100 100 20 408 0 143 0 401 401 400 0 0 0 59 50 AUTO 0 
b.1 2025-07-18 04:43:09.618 a 2025-07-18-04:43:01 244 073 304 0.1 1.3 3.4 12.3 55.1 729.5 0.00 0 0.0 15.1 24.1 24.5 3.627  -40.1   16.2    2.3  49    5.6   9 0 0 1 1 1 0 13.0 55.6 13.0 56.1 80.0 100 100 20 408 0 143 0 402 401 400 0 0 0 60 50 AUTO 0 
b.1 2025-07-18 04:44:15.816 a 2025-07-18-04:44:07 129 079 330 0.3 2.0 3.6 12.2 55.7 729.5 0.00 0 0.0 14.9 23.9 23.6 3.633  -39.2   16.2    2.5  49    5.6   9 0 0 1 1 1 0 13.0 55.9 13.0 56.5 80.0 100 100 20 408 0 143 0 401 402 399 0 0 0 60 50 AUTO 0 
b.1 2025-07-18 04:45:12.500 a 2025-07-18-04:45:03 006 082 123 0.3 2.3 5.0 12.2 55.7 729.5 0.00 0 0.0 14.9 23.9 23.4 3.633  -39.6   16.2    2.7  50    5.6   9 0 0 1 1 1 0 13.0 55.9 13.0 56.6 80.0 100 100 20 408 0 143 0 401 401 400 0 0 0 60 50 AUTO 0 
b.1 2025-07-18 04:46:12.339 a 2025-07-18-04:46:03 000 075 140 0.2 2.1 4.6 12.2 55.9 729.5 0.00 0 0.0 15.0 24.1 24.4 3.627  -41.6   16.1    2.7  50    5.7   9 0 0 1 1 1 0 12.9 55.9 13.0 56.6 80.0 100 99 20 408 1 143 0 401 401 400 0 0 0 59 50 AUTO 0 
b.1 2025-07-18 04:47:10.660 a 2025-07-18-04:47:02 169 076 319 0.1 2.0 4.6 12.2 56.1 729.5 0.00 0 0.0 15.0 24.1 24.5 3.634  -39.5   16.1    2.7  50    5.7   9 0 0 1 1 1 0 12.9 56.1 13.0 56.6 80.0 100 99 20 408 0 143 0 401 401 400 0 0 0 59 50 AUTO 0 
b.1 2025-07-18 04:48:12.677 a 2025-07-18-04:48:04 110 069 266 0.2 2.0 5.2 12.2 56.1 729.5 0.00 0 0.0 14.9 23.7 23.4 3.634  -39.5   16.1    2.6  50    5.7   9 0 0 1 1 1 0 12.9 56.2 13.0 56.7 80.0 100 100 20 408 0 143 0 401 401 400 0 0 0 59 50 AUTO 0 
b.1 2025-07-18 04:49:10.461 a 2025-07-18-04:49:01 127 060 320 0.4 2.4 5.2 12.2 55.8 729.5 0.00 0 0.0 14.8 23.9 23.4 3.634  -38.7   16.1    2.9  50    5.7   9 0 0 1 1 1 0 12.9 56.1 13.0 56.5 80.0 100 100 20 408 0 143 0 401 401 400 0 0 0 60 50 AUTO 0 
b.1 2025-07-18 04:50:16.055 a 2025-07-18-04:50:07 129 059 322 0.5 2.5 5.1 12.2 54.7 729.5 0.00 0 0.0 14.9 23.9 23.4 3.634  -38.1   16.0    3.1  50    5.6   9 0 0 1 1 1 0 12.9 55.3 12.9 55.8 80.0 100 100 20 408 0 143 0 401 401 399 0 0 0 60 50 AUTO 0 
b.1 2025-07-18 04:51:10.243 a 2025-07-18-04:51:01 182 065 306 0.1 2.0 5.2 12.3 53.3 729.5 0.00 0 0.0 15.0 24.1 24.4 3.635  -38.3   16.0    2.9  50    5.5   9 0 0 1 1 1 0 12.9 54.8 12.9 55.2 80.0 100 100 20 408 0 143 0 401 401 399 0 0 0 60 50 AUTO 0 
b.1 2025-07-18 04:52:11.803 a 2025-07-18-04:52:03 002 055 131 0.3 2.6 4.6 12.3 52.8 729.5 0.00 0 0.0 15.0 24.1 24.5 3.627  -38.6   16.0    3.2  49    5.4   9 0 0 1 1 1 0 12.9 54.6 12.9 55.0 80.0 100 100 20 408 0 143 0 401 401 400 0 0 0 60 50 AUTO 0 
b.1 2025-07-18 04:53:09.739 a 2025-07-18-04:53:01 181 071 322 0.4 1.6 3.6 12.3 53.0 729.5 0.00 0 0.0 14.8 23.9 23.4 3.634  -36.9   16.0    2.7  49    5.4   9 0 0 1 1 1 0 12.9 54.4 12.9 55.1 80.0 100 100 20 408 0 143 0 401 401 400 0 0 0 60 50 AUTO 0 
b.1 2025-07-18 04:54:11.865 a 2025-07-18-04:54:03 148 069 306 0.2 1.6 3.5 12.3 52.2 729.5 0.00 0 0.0 14.9 24.1 24.5 3.627  -35.8   16.0    2.6  49    5.4   9 0 0 1 1 1 0 12.9 54.1 12.9 54.3 80.0 100 100 20 408 0 143 0 401 401 399 0 0 0 60 50 AUTO 0 
b.1 2025-07-18 04:55:12.678 a 2025-07-18-04:55:04 002 053 132 0.3 2.1 4.0 12.3 51.7 729.5 0.00 0 0.0 15.0 24.1 24.5 3.628  -36.9   16.0    2.6  49    5.3   9 0 0 1 1 1 0 12.9 53.7 12.9 54.3 80.0 100 100 20 408 0 143 0 401 401 400 0 0 0 60 50 AUTO 0 
b.1 2025-07-18 04:56:12.065 a 2025-07-18-04:56:03 152 063 316 0.2 2.3 4.1 12.3 52.0 729.5 0.00 0 0.0 15.1 24.1 24.4 3.627  -36.8   16.0    2.8  49    5.3   9 0 0 1 1 1 0 12.9 53.7 12.9 54.1 80.0 100 100 20 408 0 143 0 401 401 400 0 0 0 59 50 AUTO 0 
b.1 2025-07-18 04:57:12.040 a 2025-07-18-04:57:03 107 054 256 0.1 1.4 3.2 12.3 51.6 729.5 0.00 0 0.0 14.8 23.6 23.4 3.633  -36.6   16.0    2.5  49    5.3   9 0 0 1 1 1 0 12.9 53.4 12.9 54.0 80.0 100 100 20 408 0 143 0 402 401 400 0 0 0 60 50 AUTO 0 
b.1 2025-07-18 04:58:13.043 a 2025-07-18-04:58:04 172 077 273 0.2 1.7 4.3 12.4 50.3 729.5 0.00 0 0.0 15.0 24.1 24.5 3.628  -35.6   16.0    2.5  49    5.2   9 0 0 1 1 1 0 12.9 53.0 12.9 53.8 80.0 100 100 20 408 0 143 0 401 402 400 0 0 0 59 50 AUTO 0 
b.1 2025-07-18 04:59:10.361 a 2025-07-18-04:59:01 157 081 220 0.1 1.1 3.1 12.4 51.0 729.5 0.00 0 0.0 15.1 24.1 24.5 3.634  -36.0   16.0    2.3  49    5.2   9 0 0 1 1 1 0 12.9 52.9 12.9 53.3 80.0 100 100 20 408 0 143 0 401 401 400 0 0 0 59 50 AUTO 0 
b.1 2025-07-18 05:00:17.221 a 2025-07-18-05:00:08 120 093 159 0.1 1.5 3.4 12.4 50.3 729.5 0.00 0 0.0 15.0 23.9 23.4 3.633  -35.8   16.0    2.3  49    5.2   9 0 0 1 1 1 0 12.9 52.6 12.9 53.2 80.0 100 100 20 408 0 143 0 402 401 400 0 0 0 59 50 AUTO 0 
b.1 2025-07-18 05:01:11.721 a 2025-07-18-05:01:03 178 086 305 0.1 1.7 4.4 12.4 50.8 729.5 0.00 0 0.0 14.9 23.8 23.4 3.633  -36.9   16.0    2.3  49    5.2   9 0 0 1 1 1 0 12.9 52.7 12.9 53.4 80.0 100 100 20 408 0 143 0 401 401 400 0 0 0 59 50 AUTO 0 
b.1 2025-07-18 05:02:14.224 a 2025-07-18-05:02:05 002 061 171 0.4 2.3 4.4 12.4 49.1 729.5 0.00 0 0.0 15.0 24.1 24.5 3.628  -37.6   16.0    2.6  48    5.1   9 0 0 1 1 1 0 12.9 51.9 12.9 52.5 80.0 100 100 20 408 0 143 0 401 401 400 0 0 0 60 50 AUTO 0 
b.1 2025-07-18 05:03:10.163 a 2025-07-18-05:03:01 004 075 171 0.3 1.6 2.9 12.4 49.7 729.5 0.00 0 0.0 15.0 23.9 23.4 3.634  -37.2   16.0    2.5  48    5.1   9 0 0 1 1 1 0 12.9 51.6 12.9 52.3 80.0 100 100 20 408 0 143 0 401 401 400 0 0 0 60 50 AUTO 0 
b.1 2025-07-18 05:04:09.164 a 2025-07-18-05:04:00 239 044 253 0.2 1.4 3.5 12.4 50.3 729.5 0.00 0 0.0 14.8 23.6 23.4 3.633  -37.8   16.0    2.4  48    5.1   9 0 0 1 1 1 0 12.9 51.5 12.9 52.2 80.0 100 100 20 408 0 143 0 401 401 400 0 0 0 60 50 AUTO 0 
b.1 2025-07-18 05:05:14.124 a 2025-07-18-05:05:05 243 062 298 0.2 1.7 2.9 12.4 48.6 729.5 0.00 0 0.0 15.1 24.1 24.5 3.628  -36.7   16.0    2.4  48    5.0   9 0 0 1 1 1 0 12.9 51.2 12.9 51.9 80.0 100 100 20 408 0 143 0 401 401 400 0 0 0 59 50 AUTO 0 
b.1 2025-07-18 05:06:12.003 a 2025-07-18-05:06:03 105 043 191 0.1 0.8 2.0 12.4 49.5 729.5 0.00 0 0.0 15.0 24.1 24.5 3.628  -35.6   16.0    2.2  48    5.0   0 0 0 1 1 1 0 12.9 51.5 12.9 52.2 80.0 100 100 20 408 0 143 0 401 401 400 0 0 0 60 50 AUTO 0 
b.1 2025-07-18 05:07:11.743 a 2025-07-18-05:07:03 128 032 275 0.1 1.3 2.8 12.3 51.1 729.5 0.00 0 0.0 14.9 23.9 23.4 3.635  -36.2   16.0    2.2  48    5.0   5 0 0 1 1 1 0 12.9 51.9 12.9 52.6 80.0 100 100 20 408 0 143 0 401 402 400 0 0 0 59 50 AUTO 0 
b.1 2025-07-18 05:08:12.101 a 2025-07-18-05:08:03 249 084 304 0.0 0.8 2.6 12.3 50.7 729.5 0.00 0 0.0 15.1 24.1 24.5 3.628  -35.8   16.0    0.0  48    5.1   6 0 0 1 1 1 0 12.9 52.4 12.9 53.0 80.0 100 100 20 408 0 143 0 401 401 399 0 0 0 59 50 AUTO 0 
b.1 2025-07-18 05:09:10.322 a 2025-07-18-05:09:01 161 073 233 0.1 0.9 3.9 12.2 51.9 729.5 0.00 0 0.0 14.8 23.7 23.4 3.634  -35.8   16.0    0.0  48    5.1   8 0 0 1 1 1 0 13.0 52.7 12.9 53.4 80.0 100 100 20 408 0 143 0 401 401 399 0 0 0 59 50 AUTO 0 
b.1 2025-07-18 05:10:15.703 a 2025-07-18-05:10:07 126 041 329 0.2 1.6 3.9 12.2 52.2 729.5 0.00 0 0.0 14.9 24.1 24.5 3.633  -34.8   16.0    2.2  48    5.1   8 0 0 1 1 1 0 12.9 52.4 12.9 53.4 80.0 100 100 20 408 0 143 0 401 401 400 0 0 0 60 50 AUTO 0 
b.1 2025-07-18 05:11:11.665 a 2025-07-18-05:11:03 203 029 286 0.1 1.2 2.7 12.2 52.8 729.5 0.00 0 0.0 15.0 24.1 24.5 3.627  -33.7   16.0    2.2  48    5.1   8 0 0 1 1 1 0 12.9 53.2 12.9 54.3 80.0 100 100 20 408 0 143 0 401 401 400 0 0 0 59 50 AUTO 0 
b.1 2025-07-18 05:12:10.243 a 2025-07-18-05:12:01 133 055 250 0.1 0.6 1.8 12.2 54.6 729.5 0.00 0 0.0 15.0 24.1 24.5 3.627  -33.1   16.0    0.0  48    5.1   8 0 0 1 1 1 0 12.9 54.3 12.9 55.0 80.0 100 100 20 408 0 143 0 401 401 400 0 0 0 59 50 AUTO 0 
b.1 2025-07-18 05:13:11.628 a 2025-07-18-05:13:03 194 062 311 0.1 1.1 2.5 12.0 57.5 729.5 0.00 0 0.0 14.8 23.7 23.4 3.633  -33.1   16.0    2.2  48    5.2   8 0 0 1 1 1 0 12.9 55.8 12.9 56.5 80.0 100 100 20 408 0 143 0 401 402 400 0 0 0 59 50 AUTO 0 
b.1 2025-07-18 05:14:10.203 a 2025-07-18-05:14:01 185 063 324 0.2 1.6 3.3 12.1 59.3 729.5 0.00 0 0.0 15.0 24.1 24.5 3.634  -32.7   16.0    2.2  49    5.3   8 0 0 1 1 1 0 12.9 57.4 12.9 57.8 80.0 100 100 20 408 0 143 0 401 401 400 0 0 0 60 50 AUTO 0 
b.1 2025-07-18 05:15:11.707 a 2025-07-18-05:15:03 186 090 331 0.1 1.0 2.8 12.0 55.2 729.5 0.00 0 0.0 15.1 24.1 24.5 3.633  -30.3   16.0    0.0  49    5.4   8 0 0 1 1 1 0 12.9 58.5 12.9 58.9 80.0 100 100 20 408 0 143 0 401 402 400 0 0 0 60 50 AUTO 0 
b.1 2025-07-18 05:16:15.901 a 2025-07-18-05:16:07 094 120 141 0.0 0.5 1.8 11.8 56.9 729.5 0.00 0 0.0 14.8 23.7 23.4 3.634  -30.5   15.9    2.1  49    5.3   5 0 0 1 1 1 0 12.8 59.3 12.8 59.5 80.0 100 100 20 408 0 143 0 402 401 400 0 0 0 59 50 AUTO 0 
b.1 2025-07-18 05:17:11.003 a 2025-07-18-05:17:02 061 163 273 0.0 0.5 1.7 11.8 56.9 729.5 0.00 0 0.0 15.2 24.1 24.5 3.628  -29.2   15.9    0.0  49    5.3   5 0 0 1 1 1 0 12.8 60.2 12.8 59.9 80.0 100 100 20 408 0 143 0 401 402 400 0 0 0 60 50 AUTO 0 
b.1 2025-07-18 05:18:11.688 a 2025-07-18-05:18:03 122 057 214 0.1 0.6 1.5 11.9 55.0 729.5 0.00 0 0.0 14.9 23.9 23.4 3.634  -29.4   15.9    0.0  50    5.4   5 0 0 1 1 1 0 12.8 60.9 12.8 60.9 80.0 100 100 20 408 0 143 0 401 401 400 0 0 0 60 50 AUTO 0 
b.1 2025-07-18 05:19:11.907 a 2025-07-18-05:19:03 098 050 265 0.1 1.3 3.7 11.8 59.7 729.5 0.00 0 0.0 14.9 23.8 23.4 3.634  -28.7   15.8    2.2  50    5.4   5 0 0 1 1 1 0 12.8 60.8 12.9 61.1 80.0 100 100 20 408 0 143 0 401 401 400 0 0 0 60 50 AUTO 0 
b.1 2025-07-18 05:20:14.786 a 2025-07-18-05:20:06 244 081 287 0.0 0.5 1.9 11.8 61.5 729.6 0.00 0 0.0 15.1 24.1 24.5 3.627  -27.4   15.8    0.0  50    5.5   6 0 0 1 1 1 0 12.8 61.4 12.9 61.7 80.0 100 100 20 408 0 143 0 402 401 400 0 0 0 59 50 AUTO 0 
b.1 2025-07-18 05:21:10.904 a 2025-07-18-05:21:02 235 075 313 0.0 1.0 3.5 11.7 59.0 729.6 0.00 0 0.0 14.9 23.9 23.4 3.635  -28.0   15.8    2.1  50    5.5   6 0 0 1 1 1 0 12.8 61.6 12.9 61.8 80.0 100 100 20 408 0 143 0 401 402 400 0 0 0 59 50 AUTO 0 
b.1 2025-07-18 05:22:15.164 a 2025-07-18-05:22:06 157 047 280 0.1 0.8 2.5 11.6 60.6 729.6 0.00 0 0.0 14.9 23.8 23.4 3.634  -27.2   15.7    0.0  51    5.5   6 0 0 1 1 1 0 12.8 59.8 13.0 60.1 80.0 100 100 20 408 0 143 0 401 401 400 0 0 0 59 50 AUTO 0 
b.1 2025-07-18 05:23:14.345 a 2025-07-18-05:23:05 012 049 128 0.1 1.2 3.4 11.5 58.9 729.5 0.00 0 0.0 15.0 24.1 24.5 3.628  -26.0   15.7    2.2  51    5.5   7 0 0 1 1 1 0 12.8 58.5 13.0 58.5 80.0 100 100 20 408 0 143 1 401 401 400 0 0 0 60 50 AUTO 0 
b.1 2025-07-18 05:24:11.684 a 2025-07-18-05:24:03 223 094 276 0.1 1.1 3.4 11.6 59.6 729.5 0.00 0 0.0 15.0 24.0 24.4 3.627  -25.6   15.7    0.0  51    5.5   7 0 0 1 1 1 0 12.8 58.4 13.0 58.7 80.0 100 100 20 408 0 143 0 401 401 399 0 0 0 60 50 AUTO 0 
b.1 2025-07-18 05:25:11.845 a 2025-07-18-05:25:03 118 077 320 0.1 1.0 2.6 11.6 59.4 729.5 0.00 0 0.0 15.0 24.1 24.5 3.627  -24.9   15.7    2.2  51    5.5   7 0 0 2 1 1 0 12.8 58.2 13.0 58.1 80.0 100 99 20 401 -5 143 0 401 402 400 0 0 0 59 50 AUTO 0 
b.1 2025-07-18 05:26:11.969 a 2025-07-18-05:26:03 112 029 290 0.1 1.1 3.1 11.6 59.5 729.5 0.00 0 0.0 15.1 24.1 24.5 3.627  -24.6   15.7    2.1  51    5.5   7 0 0 2 1 1 0 12.8 59.1 13.0 58.7 80.0 100 100 20 408 0 143 0 401 402 400 0 0 0 59 50 AUTO 0 
b.1 2025-07-18 05:27:14.085 a 2025-07-18-05:27:05 125 069 272 0.1 0.6 1.7 11.6 60.2 729.5 0.00 0 0.0 14.9 23.7 23.4 3.634  -23.4   15.7    0.0  51    5.5   7 0 0 2 1 1 0 12.8 60.6 13.0 60.4 80.0 100 100 20 408 0 143 0 401 401 400 0 0 0 59 50 AUTO 0 
b.1 2025-07-18 05:28:10.907 a 2025-07-18-05:28:02 278 102 313 0.1 0.8 2.3 11.6 60.7 729.5 0.00 0 0.0 14.9 24.1 24.4 3.627  -24.4   15.6    0.0  51    5.5   7 0 0 2 1 1 0 12.8 62.6 13.0 62.1 80.0 100 100 20 408 0 143 0 401 401 400 0 0 0 60 50 AUTO 0 
b.1 2025-07-18 05:29:10.046 a 2025-07-18-05:29:01 143 056 292 0.2 2.6 5.5 11.6 62.4 729.5 0.00 0 0.0 15.0 24.1 24.5 3.627  -24.8   15.6    2.4  52    5.7   7 0 0 2 1 1 0 12.8 62.8 12.9 62.7 80.0 100 100 20 408 0 143 0 401 401 400 0 0 0 60 50 AUTO 0 
b.1 2025-07-18 05:30:16.128 a 2025-07-18-05:30:07 178 070 302 0.1 1.1 3.2 11.6 64.9 729.5 0.00 0 0.0 15.0 24.1 24.5 3.628  -25.0   15.6    2.2  52    5.8   7 0 0 1 1 1 0 12.7 65.3 12.9 64.7 80.0 100 100 20 408 0 143 0 401 401 400 0 0 0 60 50 AUTO 0 
b.1 2025-07-18 05:31:14.148 a 2025-07-18-05:31:05 122 036 298 0.2 2.2 4.2 11.6 65.1 729.5 0.00 0 0.0 14.8 23.9 23.4 3.633  -25.8   15.5    2.4  53    5.9   7 0 0 1 1 1 0 12.7 65.9 12.8 65.6 80.0 100 100 20 408 0 143 0 401 402 400 0 0 0 59 50 AUTO 0 
b.1 2025-07-18 05:32:12.368 a 2025-07-18-05:32:03 104 063 273 0.2 1.9 4.2 11.5 66.8 729.6 0.00 0 0.0 14.8 23.9 23.4 3.634  -27.1   15.5    2.5  53    6.0   7 0 0 1 1 1 0 12.6 66.2 12.7 66.1 80.0 100 100 20 408 0 143 0 401 401 400 0 0 0 60 50 AUTO 0 
b.1 2025-07-18 05:33:10.631 a 2025-07-18-05:33:02 100 046 244 0.3 1.9 3.7 11.5 65.6 729.5 0.00 0 0.0 14.9 23.9 23.4 3.635  -26.4   15.5    2.5  53    6.0   8 0 0 1 1 1 0 12.6 66.2 12.7 66.1 80.0 100 100 20 408 0 143 0 401 401 400 0 0 0 59 50 AUTO 0 
b.1 2025-07-18 05:34:11.552 a 2025-07-18-05:34:03 001 070 134 0.2 1.6 3.4 11.5 68.3 729.5 0.00 0 0.0 14.9 24.0 23.4 3.634  -27.3   15.5    2.5  54    6.2   8 0 0 1 1 1 0 12.6 66.5 12.8 66.3 80.0 100 100 20 408 0 143 0 401 401 400 0 0 0 60 50 AUTO 0 
b.1 2025-07-18 05:35:11.388 a 2025-07-18-05:35:02 134 099 304 0.1 1.0 2.5 11.4 66.4 729.5 0.00 0 0.0 15.0 24.1 24.5 3.627  -27.3   15.4    2.2  54    6.1   8 0 0 1 1 1 0 12.6 67.2 12.7 66.7 80.0 100 100 20 408 0 143 0 401 401 400 0 0 0 60 50 AUTO 0 
b.1 2025-07-18 05:36:14.388 a 2025-07-18-05:36:05 124 067 353 0.3 3.0 6.9 11.4 59.9 729.5 0.00 0 0.0 14.9 24.1 24.5 3.627  -28.2   15.4    2.5  54    6.1   8 0 0 1 1 1 0 12.6 65.0 12.7 65.0 80.0 100 100 20 408 0 143 0 401 402 400 0 0 0 59 50 AUTO 0 
b.1 2025-07-18 05:37:10.851 a 2025-07-18-05:37:02 260 311 312 0.1 0.9 3.2 11.4 64.8 729.5 0.00 0 0.0 15.1 24.2 24.5 3.633  -29.0   15.4    2.3  54    6.1   8 0 0 1 1 1 0 12.5 64.3 12.7 64.2 80.0 100 100 20 408 0 143 0 401 401 400 0 0 0 59 50 AUTO 0 
b.1 2025-07-18 05:38:11.532 a 2025-07-18-05:38:02 175 052 191 0.1 0.9 3.1 11.5 64.3 729.5 0.00 0 0.0 14.9 23.7 23.4 3.633  -32.1   15.4    2.2  54    6.1   8 0 0 1 1 1 0 12.5 65.0 12.6 65.0 80.0 100 100 20 408 0 143 0 401 401 400 0 0 0 59 50 AUTO 0 
b.1 2025-07-18 05:39:13.125 a 2025-07-18-05:39:04 144 060 269 0.5 1.8 3.6 11.5 61.8 729.5 0.00 0 0.0 14.9 23.9 23.4 3.634  -33.2   15.4    2.3  54    6.1   8 0 0 1 1 1 0 12.5 63.0 12.6 63.5 80.0 100 100 20 408 0 143 0 401 401 400 0 0 0 59 50 AUTO 0 
b.1 2025-07-18 05:40:18.309 a 2025-07-18-05:40:09 173 052 219 0.2 1.9 3.6 11.5 63.7 729.5 0.00 0 0.0 14.9 23.9 23.4 3.634  -34.7   15.4    2.4  54    6.1   8 0 0 1 1 1 0 12.5 63.0 12.7 63.2 80.0 100 100 20 408 0 143 0 401 401 400 0 0 0 60 50 AUTO 0 
b.1 2025-07-18 05:41:10.167 a 2025-07-18-05:41:01 173 066 219 0.2 2.2 5.4 11.4 63.5 729.5 0.00 0 0.0 15.0 24.1 24.5 3.627  -36.4   15.4    2.6  54    6.1   8 0 0 1 1 1 0 12.5 63.4 12.6 63.3 80.0 100 100 20 408 0 143 0 401 401 399 0 0 0 59 50 AUTO 0 
b.1 2025-07-18 05:42:12.250 a 2025-07-18-05:42:03 014 174 306 0.1 1.7 4.1 11.5 63.3 729.6 0.00 0 0.0 15.0 24.1 24.5 3.634  -36.2   15.3    2.5  54    6.2   9 0 0 1 1 1 0 12.5 63.5 12.6 63.5 80.0 100 100 20 408 0 143 0 401 402 400 0 0 0 60 50 AUTO 0 
b.1 2025-07-18 05:43:14.131 a 2025-07-18-05:43:05 166 079 302 0.1 1.5 3.8 11.4 65.5 729.5 0.00 0 0.0 14.9 24.0 23.4 3.633  -38.1   15.3    2.4  54    6.2   9 0 0 1 1 1 0 12.4 64.9 12.5 64.6 80.0 100 100 20 408 0 143 0 402 401 400 0 0 0 60 50 AUTO 0 
b.1 2025-07-18 05:44:10.671 a 2025-07-18-05:44:02 183 058 291 0.2 2.1 4.2 11.4 63.1 729.6 0.00 0 0.0 14.9 23.8 23.4 3.634  -36.4   15.3    2.6  55    6.2   9 0 0 1 1 1 0 12.4 63.6 12.5 63.9 80.0 100 100 20 408 0 143 0 401 401 400 0 0 0 59 50 AUTO 0 
b.1 2025-07-18 05:45:14.190 a 2025-07-18-05:45:05 130 055 284 0.1 1.1 3.8 11.4 62.5 729.6 0.00 0 0.0 14.8 23.7 23.4 3.633  -37.1   15.3    2.2  54    6.2   9 0 0 1 1 1 0 12.5 63.2 12.6 63.3 80.0 100 100 20 408 0 143 0 401 402 400 0 0 0 59 50 AUTO 0 
b.1 2025-07-18 05:46:11.009 a 2025-07-18-05:46:02 123 059 291 0.1 1.9 3.6 11.4 62.4 729.6 0.00 0 0.0 15.0 24.1 24.5 3.633  -37.6   15.3    2.4  54    6.1   9 0 0 1 1 1 0 12.5 62.5 12.6 62.7 80.0 100 100 20 408 0 143 0 401 401 400 0 0 0 60 50 AUTO 0 
b.1 2025-07-18 05:47:13.869 a 2025-07-18-05:47:05 130 057 250 0.1 1.7 4.2 11.4 62.3 729.6 0.00 0 0.0 15.1 24.1 24.5 3.628  -38.7   15.3    2.3  54    6.1   9 0 0 1 1 1 0 12.5 62.4 12.6 62.4 80.0 100 100 20 408 0 143 0 401 401 400 0 0 0 60 50 AUTO 0 
b.1 2025-07-18 05:48:13.049 a 2025-07-18-05:48:04 131 049 223 0.1 0.7 3.0 11.3 62.2 729.6 0.00 0 0.0 14.8 23.8 23.4 3.634  -35.7   15.3    2.2  54    6.1   5 0 0 1 1 1 0 12.5 62.3 12.6 62.3 80.0 100 100 20 408 0 143 0 402 401 400 0 0 0 60 50 AUTO 0 
b.1 2025-07-18 05:49:14.111 a 2025-07-18-05:49:05 045 133 138 0.0 0.4 1.1 11.4 61.7 729.7 0.00 0 0.0 15.1 24.1 24.4 3.633  -37.1   15.3    0.0  54    6.1   5 0 0 1 1 1 0 12.5 61.5 12.6 61.5 80.0 100 100 20 408 0 129 0 401 401 399 0 0 0 60 50 AUTO 0 
b.1 2025-07-18 05:50:10.469 a 2025-07-18-05:50:01 013 087 126 0.7 3.3 5.3 11.4 61.7 729.7 0.00 0 0.0 14.9 24.1 24.4 3.633  -40.0   15.2    2.6  54    6.1  11 0 0 1 1 1 0 12.5 60.8 12.6 60.8 80.0 100 100 20 408 0 143 0 402 402 400 0 0 0 59 50 AUTO 0 
b.1 2025-07-18 05:51:10.588 a 2025-07-18-05:51:01 149 094 348 0.2 2.6 5.9 11.4 61.4 729.6 0.00 0 0.0 14.7 23.3 23.4 3.633  -38.1   15.2    2.7  54    6.1  10 0 0 1 1 1 0 12.4 61.1 12.6 61.0 80.0 100 100 20 408 0 143 0 401 401 400 0 0 0 60 50 AUTO 0 
b.1 2025-07-18 05:52:14.148 a 2025-07-18-05:52:05 219 052 272 0.1 1.5 3.7 11.4 62.4 729.6 0.00 0 0.0 15.0 24.1 24.5 3.627  -36.9   15.2    2.5  54    6.1  10 0 0 1 1 1 0 12.4 62.1 12.7 61.8 80.0 100 100 20 408 0 143 0 401 402 400 0 0 0 60 50 AUTO 0 
b.1 2025-07-18 05:53:15.490 a 2025-07-18-05:53:06 159 081 262 0.1 1.7 3.9 11.5 62.4 729.6 0.00 0 0.0 15.0 24.1 24.5 3.628  -38.3   15.2    2.3  55    6.1  10 0 0 1 1 1 0 12.5 61.5 12.7 61.4 80.0 100 100 20 408 0 143 0 401 401 400 0 0 0 59 50 AUTO 0 
b.1 2025-07-18 05:54:12.667 a 2025-07-18-05:54:04 114 074 341 0.5 2.8 5.8 11.4 61.3 729.6 0.00 0 0.0 14.8 23.6 23.4 3.633  -39.3   15.2    2.8  55    6.1  10 0 0 1 1 1 0 12.5 61.5 12.7 61.4 80.0 100 100 20 408 0 143 0 401 401 400 0 0 0 59 50 AUTO 0 
b.1 2025-07-18 05:55:12.473 a 2025-07-18-05:55:03 124 070 299 0.2 2.2 5.0 11.4 62.2 729.6 0.00 0 0.0 14.9 23.9 23.4 3.634  -37.1   15.2    2.7  55    6.1  10 0 0 1 1 1 0 12.5 61.5 12.6 61.5 80.0 100 100 20 408 0 143 0 401 402 400 0 0 0 60 50 AUTO 0 
b.1 2025-07-18 05:56:11.572 a 2025-07-18-05:56:02 013 065 110 0.6 2.6 4.5 11.3 61.5 729.6 0.00 0 0.0 15.0 24.1 24.5 3.628  -38.4   15.2    3.2  55    6.1  10 0 0 1 1 1 0 12.4 61.4 12.5 61.5 80.0 100 100 20 408 0 143 0 401 401 400 0 0 0 60 50 AUTO 0 
b.1 2025-07-18 05:57:11.191 a 2025-07-18-05:57:02 006 068 136 0.5 2.4 4.1 11.4 61.6 729.6 0.00 0 0.0 15.0 24.1 24.5 3.628  -37.7   15.1    3.2  55    6.0  10 0 0 1 1 1 0 12.4 61.5 12.5 61.6 80.0 100 100 20 408 0 143 0 401 401 399 0 0 0 59 50 AUTO 0 
b.1 2025-07-18 05:58:12.713 a 2025-07-18-05:58:04 209 055 249 0.2 1.8 3.3 11.4 62.0 729.6 0.00 0 0.0 14.9 23.8 23.4 3.632  -38.3   15.1    2.8  55    6.1  10 0 0 1 1 1 0 12.4 62.0 12.5 62.0 80.0 100 100 20 408 0 143 0 401 401 400 0 0 0 59 50 AUTO 0 
b.1 2025-07-18 05:59:12.131 a 2025-07-18-05:59:03 160 077 000 0.2 1.6 3.4 11.4 62.2 729.6 0.00 0 0.0 14.8 23.7 23.4 3.634  -38.8   15.1    2.5  55    6.1   5 0 0 1 1 1 0 12.4 62.6 12.5 62.7 80.0 100 100 20 408 0 143 0 401 401 400 0 0 0 59 50 AUTO 0 
b.1 2025-07-18 06:00:13.252 a 2025-07-18-06:00:04 136 080 297 0.2 2.4 4.5 11.4 63.3 729.6 0.00 0 0.0 14.9 23.8 23.4 3.633  -39.1   15.1    2.8  55    6.1  12 0 0 1 1 1 0 12.4 62.5 12.5 62.8 80.0 100 100 20 408 0 143 0 401 401 400 0 0 0 59 50 AUTO 0 
b.1 2025-07-18 06:01:12.632 a 2025-07-18-06:01:04 044 085 120 1.0 3.6 5.7 11.3 63.8 729.6 0.00 0 0.0 15.0 24.1 24.4 3.627  -39.9   15.1    3.5  55    6.2  11 0 0 1 1 1 0 12.3 63.4 12.5 63.4 80.0 100 100 20 408 0 143 0 401 401 400 0 0 0 59 50 AUTO 0 
b.1 2025-07-18 06:02:11.976 a 2025-07-18-06:02:03 029 083 131 0.5 2.3 4.9 11.4 63.0 729.6 0.00 0 0.0 15.0 24.1 24.5 3.627  -38.8   15.1    3.1  55    6.2  11 0 0 1 1 1 0 12.3 63.2 12.5 63.3 80.0 100 100 20 408 0 143 0 402 401 400 0 0 0 59 50 AUTO 0 
b.1 2025-07-18 06:03:10.793 a 2025-07-18-06:03:02 131 085 329 0.2 2.1 3.8 11.4 61.2 729.6 0.00 0 0.0 14.9 23.7 23.4 3.633  -36.5   15.1    3.0  55    6.1  11 0 0 1 1 1 0 12.4 63.1 12.5 63.2 80.0 100 100 20 408 0 143 0 402 401 400 0 0 0 59 50 AUTO 0 
b.1 2025-07-18 06:04:12.494 a 2025-07-18-06:04:03 170 070 217 0.1 0.9 2.8 11.4 63.0 729.6 0.00 0 0.0 14.9 24.1 24.5 3.627  -37.1   15.1    2.3  55    6.1   5 0 0 1 1 1 0 12.3 63.7 12.4 63.7 80.0 100 100 20 408 0 143 0 401 401 400 0 0 0 60 50 AUTO 0 
b.1 2025-07-18 06:05:15.890 a 2025-07-18-06:05:07 136 059 240 0.2 1.9 3.9 11.3 63.5 729.7 0.00 0 0.0 15.0 24.1 24.4 3.633  -37.0   15.1    2.4  55    6.1   7 0 0 1 1 1 0 12.3 63.5 12.4 63.6 80.0 100 100 20 408 0 143 0 400 401 399 0 0 0 59 50 AUTO 0 
b.1 2025-07-18 06:06:13.089 a 2025-07-18-06:06:04 023 079 129 1.0 3.1 5.3 11.3 62.8 729.6 0.00 0 0.0 14.9 23.9 23.4 3.634  -38.5   15.1    2.9  55    6.2  10 0 0 1 1 1 0 12.3 63.6 12.4 63.6 80.0 100 100 20 408 0 143 0 402 401 400 0 0 0 60 50 AUTO 0 
b.1 2025-07-18 06:07:09.953 a 2025-07-18-06:07:01 128 068 349 0.3 2.2 5.0 11.4 63.0 729.6 0.00 0 0.0 14.8 23.7 23.4 3.634  -39.6   15.1    2.9  55    6.2  10 0 0 1 1 1 0 12.3 63.4 12.4 63.3 80.0 100 100 20 408 0 143 0 401 401 400 0 0 0 60 50 AUTO 0 
b.1 2025-07-18 06:08:16.470 a 2025-07-18-06:08:07 028 083 127 0.6 3.8 6.7 11.4 63.0 729.6 0.00 0 0.0 14.9 23.8 23.4 3.634  -39.9   15.1    4.2  55    6.2  11 0 0 1 1 1 0 12.2 63.3 12.5 63.2 80.0 100 100 20 408 0 143 0 401 401 400 0 0 0 60 50 AUTO 0 
b.1 2025-07-18 06:09:14.512 a 2025-07-18-06:09:05 158 083 238 0.0 1.6 4.0 11.3 63.2 729.6 0.00 0 0.0 15.1 24.1 24.5 3.628  -36.5   15.1    3.0  55    6.2  11 0 0 1 1 1 0 12.2 63.3 12.5 62.9 80.0 100 100 20 408 0 143 0 402 401 400 0 0 0 60 50 AUTO 0 
b.1 2025-07-18 06:10:14.532 a 2025-07-18-06:10:05 219 097 277 0.2 0.8 3.2 11.3 63.0 729.6 0.00 0 0.0 14.9 23.7 23.4 3.634  -36.1   15.1    2.3  55    6.2   5 0 0 1 1 1 0 12.2 63.1 12.5 62.7 80.0 100 100 20 408 0 143 0 402 401 400 0 0 0 60 50 AUTO 0 
b.1 2025-07-18 06:11:10.572 a 2025-07-18-06:11:02 129 054 195 0.1 1.2 3.3 11.4 62.7 729.6 0.00 0 0.0 14.9 23.9 23.4 3.634  -36.5   15.1    2.3  55    6.2   5 0 0 1 1 1 0 12.2 62.7 12.5 62.3 80.0 100 100 20 408 0 143 0 401 401 400 0 0 0 60 50 AUTO 0 
b.1 2025-07-18 06:12:15.453 a 2025-07-18-06:12:06 141 065 310 0.2 1.6 3.5 11.4 61.5 729.6 0.00 0 0.0 15.0 24.1 24.5 3.627  -36.5   15.1    2.3  55    6.2   7 0 0 1 1 1 0 12.3 62.1 12.5 62.0 80.0 100 100 20 408 0 143 0 402 401 400 0 0 0 60 50 AUTO 0 
b.1 2025-07-18 06:13:11.430 a 2025-07-18-06:13:02 246 096 321 0.3 2.3 4.4 11.3 62.3 729.6 0.00 0 0.0 15.0 24.0 24.5 3.633  -38.6   15.1    2.6  55    6.2  12 0 0 1 1 1 0 12.3 62.2 12.5 62.1 80.0 100 100 20 408 0 143 0 401 401 400 0 0 0 60 50 AUTO 0 
b.1 2025-07-18 06:14:09.414 a 2025-07-18-06:14:00 181 080 305 0.1 1.6 3.9 11.4 61.7 729.6 0.00 0 0.0 14.8 23.7 23.4 3.633  -39.2   15.1    2.5  55    6.2   9 0 0 1 1 1 0 12.3 62.1 12.5 62.0 80.0 100 100 20 408 0 143 0 401 402 400 0 0 0 60 50 AUTO 0 
b.1 2025-07-18 06:15:13.891 a 2025-07-18-06:15:05 233 095 270 0.1 1.2 3.2 11.4 61.6 729.6 0.00 0 0.0 14.8 23.7 23.4 3.634  -36.4   15.1    2.3  55    6.2   9 0 0 1 1 1 0 12.3 61.8 12.5 61.7 80.0 100 100 20 408 0 143 0 401 401 400 0 0 0 60 50 AUTO 0 
b.1 2025-07-18 06:16:11.471 a 2025-07-18-06:16:02 152 098 320 0.1 2.1 5.0 11.4 61.6 729.6 0.00 0 0.0 14.9 23.9 23.4 3.633  -38.6   15.1    2.4  55    6.2   9 0 0 1 1 1 0 12.3 62.0 12.4 61.9 80.0 100 100 20 408 0 143 0 402 401 400 0 0 0 60 50 AUTO 0 
b.1 2025-07-18 06:17:09.655 a 2025-07-18-06:17:01 027 086 117 0.6 3.0 4.7 11.4 61.4 729.6 0.00 0 0.0 14.8 24.1 24.4 3.633  -37.7   15.1    2.8  55    6.2   9 0 0 1 1 1 0 12.3 61.8 12.4 61.8 80.0 100 100 20 408 0 143 0 401 401 400 0 0 0 59 50 AUTO 0 
b.1 2025-07-18 06:18:12.793 a 2025-07-18-06:18:04 192 075 308 0.1 1.6 3.3 11.4 61.5 729.6 0.00 0 0.0 15.0 24.1 24.5 3.628  -36.4   15.1    2.5  55    6.1   9 0 0 1 1 1 0 12.2 62.1 12.4 62.0 80.0 100 100 20 408 0 143 0 401 401 400 0 0 0 60 50 AUTO 0 
b.1 2025-07-18 06:19:09.996 a 2025-07-18-06:19:01 145 069 329 0.3 2.3 4.6 11.3 62.3 729.6 0.00 0 0.0 14.9 23.9 23.4 3.633  -38.5   15.1    2.7  55    6.2   9 0 0 1 1 1 0 12.2 62.6 12.4 62.4 80.0 100 100 20 408 0 143 0 401 401 400 0 0 0 60 50 AUTO 0 
b.1 2025-07-18 06:20:13.734 a 2025-07-18-06:20:05 153 041 319 0.1 1.6 4.0 11.3 61.9 729.6 0.00 0 0.0 14.8 23.6 23.4 3.634  -35.9   15.1    2.5  55    6.2   9 0 0 1 1 1 0 12.2 62.5 12.3 62.4 80.0 100 100 20 408 0 126 0 401 401 400 0 0 0 60 50 AUTO 0 
b.1 2025-07-18 06:21:08.792 a 2025-07-18-06:21:00 166 075 290 0.1 0.7 2.4 11.3 61.9 729.6 0.00 0 0.0 15.1 24.1 24.5 3.627  -35.9   15.1    2.2  55    6.2   9 0 0 1 1 1 0 12.2 62.3 12.4 62.4 80.0 100 100 20 408 0 143 0 401 401 400 0 0 0 60 50 AUTO 0 
b.1 2025-07-18 06:22:12.354 a 2025-07-18-06:22:03 197 090 217 0.1 1.4 4.5 11.4 62.1 729.6 0.00 0 0.0 15.0 24.1 24.5 3.627  -38.7   15.1    2.2  55    6.2   9 0 0 1 1 1 0 12.2 62.6 12.4 62.4 80.0 100 100 20 408 0 143 0 401 401 399 0 0 0 60 50 AUTO 0 
b.1 2025-07-18 06:23:10.292 a 2025-07-18-06:23:01 146 093 331 0.3 3.5 5.8 11.4 62.4 729.6 0.00 0 0.0 14.8 23.6 23.4 3.634  -40.1   15.1    2.9  55    6.2   9 0 0 1 1 1 0 12.3 62.5 12.4 62.4 80.0 100 100 20 408 0 143 0 401 401 400 0 0 0 60 50 AUTO 0 
b.1 2025-07-18 06:24:11.812 a 2025-07-18-06:24:03 121 058 306 0.5 2.9 5.6 11.3 62.0 729.5 0.00 0 0.0 14.8 23.9 23.4 3.633  -39.4   15.1    3.4  55    6.2   9 0 0 1 1 1 0 12.3 62.2 12.4 62.2 80.0 100 100 20 408 0 143 0 401 401 400 0 0 0 59 50 AUTO 0 
b.1 2025-07-18 06:25:15.796 a 2025-07-18-06:25:07 173 099 309 0.3 1.6 3.6 11.3 61.8 729.4 0.00 0 0.0 15.1 24.1 24.5 3.626  -36.4   15.1    2.7  55    6.2   9 0 0 1 1 1 0 12.3 62.1 12.4 62.2 80.0 100 100 20 408 0 143 0 401 401 399 0 0 0 60 50 AUTO 0 
b.1 2025-07-18 06:26:11.355 a 2025-07-18-06:26:02 127 070 347 0.3 3.9 7.4 11.4 61.9 729.5 0.00 0 0.0 14.9 23.9 23.4 3.634  -40.7   15.1    4.0  55    6.1  10 0 0 1 1 1 0 12.3 62.0 12.4 61.6 80.0 100 100 20 408 0 143 0 401 401 400 0 0 0 60 50 AUTO 0 
b.1 2025-07-18 06:27:08.377 a 2025-07-18-06:26:59 025 060 110 1.1 4.2 6.5 11.4 59.9 729.5 0.00 0 0.0 14.7 23.3 23.4 3.633  -39.0   15.1    5.4  55    6.1  11 0 0 1 1 1 0 12.2 61.4 12.4 61.2 80.0 100 100 20 408 0 143 0 401 401 400 0 0 0 60 50 AUTO 0 
b.1 2025-07-18 06:28:08.914 a 2025-07-18-06:28:00 140 060 299 0.5 3.2 6.6 11.3 60.8 729.5 0.00 0 0.0 14.9 23.9 23.4 3.633  -39.5   15.0    5.3  55    6.1  11 0 0 1 1 1 0 12.2 61.7 12.4 61.6 80.0 100 100 20 408 0 143 0 401 402 400 0 0 0 59 50 AUTO 0 
b.1 2025-07-18 06:29:10.894 a 2025-07-18-06:29:02 135 035 248 0.2 2.6 5.2 11.4 61.0 729.5 0.00 0 0.0 15.0 24.1 24.5 3.633  -40.0   15.0    4.4  55    6.1  11 0 0 1 1 1 0 12.2 61.7 12.3 61.7 80.0 100 100 20 408 0 143 0 401 402 400 0 0 0 59 50 AUTO 0 
b.1 2025-07-18 06:30:13.934 a 2025-07-18-06:30:05 160 097 321 0.4 1.9 4.8 11.4 60.9 729.5 0.00 0 0.0 15.0 24.1 24.4 3.626  -37.8   15.0    3.3  55    6.1  11 0 0 1 1 1 0 12.1 61.9 12.3 61.9 80.0 100 100 20 408 0 143 0 401 401 400 0 0 0 60 50 AUTO 0 
b.1 2025-07-18 06:31:10.155 a 2025-07-18-06:31:01 246 077 297 0.4 2.4 5.7 11.4 61.2 729.5 0.00 0 0.0 14.8 23.6 23.4 3.633  -38.8   15.0    3.1  55    6.1  11 0 0 1 1 1 0 12.1 62.0 12.3 62.1 80.0 100 100 20 408 0 143 0 401 401 400 0 0 0 60 50 AUTO 0 
b.1 2025-07-18 06:32:13.374 a 2025-07-18-06:32:04 002 049 097 1.5 3.8 6.4 11.4 61.4 729.5 0.00 0 0.0 14.7 23.3 23.4 3.635  -37.9   15.0    4.6  55    6.1  11 0 0 1 1 1 0 12.2 62.0 12.3 62.1 80.0 100 100 20 408 0 143 0 402 401 400 0 0 0 60 50 AUTO 0 
b.1 2025-07-18 06:33:11.213 a 2025-07-18-06:33:02 194 075 255 0.2 2.5 6.6 11.4 60.7 729.3 0.00 0 0.0 14.9 23.9 23.4 3.634  -37.5   15.0    3.7  55    6.1  11 0 0 1 1 1 0 12.2 61.3 12.3 61.4 80.0 100 100 20 408 0 143 0 401 401 400 3 3 4 60 50 AUTO 0 
b.1 2025-07-18 06:34:09.821 a 2025-07-18-06:34:01 180 107 325 0.1 1.4 6.1 11.4 61.1 729.3 0.00 0 0.0 15.0 24.1 24.5 3.628  -39.8   15.0    2.8  55    6.0   5 0 0 1 1 1 0 12.2 61.3 12.3 61.4 80.0 100 100 20 408 0 143 0 401 401 400 0 0 0 59 50 AUTO 0 
b.1 2025-07-18 06:35:18.894 a 2025-07-18-06:35:10 191 052 296 0.5 4.7 7.8 11.3 59.4 729.3 0.00 0 0.0 15.0 24.1 24.5 3.628  -40.9   15.0    4.9  55    6.0  14 0 0 1 1 1 0 12.1 59.9 12.3 60.2 80.0 100 100 20 408 0 143 0 401 401 400 0 0 0 60 50 AUTO 0 
b.1 2025-07-18 06:36:15.032 a 2025-07-18-06:36:06 010 076 124 0.1 1.7 6.2 11.4 59.1 729.3 0.00 0 0.0 14.8 23.6 23.4 3.634  -39.0   15.0    3.2  55    5.9  11 0 0 1 1 1 0 12.1 59.5 12.2 59.9 80.0 100 100 20 408 0 143 0 401 401 400 0 0 0 59 50 AUTO 0 
b.1 2025-07-18 06:37:12.496 a 2025-07-18-06:37:03 194 083 329 0.2 2.6 6.5 11.4 58.6 729.3 0.00 0 0.0 14.9 23.9 23.4 3.633  -38.9   15.0    3.4  54    5.9  11 0 0 1 1 1 0 12.1 59.5 12.2 59.8 80.0 100 100 20 408 0 143 0 401 401 400 0 0 0 59 50 AUTO 0 
b.1 2025-07-18 06:38:12.676 a 2025-07-18-06:38:04 293 073 332 0.1 2.4 6.1 11.4 55.3 729.3 0.00 0 0.0 15.1 24.1 24.4 3.627  -38.6   15.0    3.1  54    5.7  11 0 0 1 1 1 0 12.1 59.3 12.3 59.5 80.0 100 100 20 408 0 143 0 401 401 400 0 0 0 60 50 AUTO 0 
b.1 2025-07-18 06:39:13.957 a 2025-07-18-06:39:05 166 058 296 0.6 2.8 5.5 11.4 57.3 729.3 0.00 0 0.0 15.0 24.1 24.4 3.627  -39.7   15.0    3.7  54    5.7  11 0 0 1 1 1 0 12.1 58.5 12.3 58.7 80.0 100 100 20 408 0 143 0 401 401 400 0 0 0 60 50 AUTO 0 
b.1 2025-07-18 06:40:12.098 a 2025-07-18-06:40:03 143 040 317 0.5 4.7 7.8 11.3 53.3 729.3 0.00 0 0.0 14.9 23.8 23.4 3.634  -40.1   15.0    5.4  53    5.5  11 0 0 1 1 1 0 12.1 55.8 12.2 56.6 80.0 100 100 20 408 0 143 0 401 401 400 0 0 0 60 50 AUTO 0 
b.1 2025-07-18 06:41:15.657 a 2025-07-18-06:41:07 177 073 324 0.4 4.1 8.6 11.4 54.7 729.2 0.00 0 0.0 14.7 23.3 23.4 3.633  -40.6   15.0    6.3  53    5.4  11 0 0 1 1 1 0 12.1 55.3 12.2 55.9 80.0 100 100 20 408 0 143 0 401 401 400 0 0 0 59 50 AUTO 0 
b.1 2025-07-18 06:42:09.177 a 2025-07-18-06:42:00 063 055 074 0.3 3.9 7.1 11.6 54.3 729.3 0.00 0 0.0 15.2 24.1 24.5 3.633  -40.4   14.9    5.9  53    5.3  11 0 0 1 1 1 0 12.1 55.7 12.2 55.9 80.0 100 100 20 408 0 143 0 401 401 399 4 5 5 59 50 AUTO 0 
b.1 2025-07-18 06:43:10.657 a 2025-07-18-06:43:02 184 084 264 0.4 2.5 5.6 11.5 55.2 729.2 0.00 0 0.0 14.9 23.9 23.4 3.634  -37.7   14.9    4.2  53    5.4  11 0 0 1 1 1 0 12.1 56.4 12.2 56.8 80.0 100 100 20 408 0 143 0 401 401 400 0 0 0 59 50 AUTO 0 
b.1 2025-07-18 06:44:10.140 a 2025-07-18-06:44:01 122 057 290 0.2 3.0 7.6 11.6 55.6 729.2 0.00 0 0.0 14.7 23.7 23.4 3.634  -38.8   14.9    4.4  53    5.4  11 0 0 1 1 1 0 12.1 56.7 12.2 57.0 80.0 100 100 20 408 0 143 0 401 401 400 0 0 0 60 50 AUTO 0 
b.1 2025-07-18 06:45:14.040 a 2025-07-18-06:45:05 125 058 251 0.6 4.0 8.2 11.5 54.8 729.2 0.00 0 0.0 14.9 24.1 24.5 3.627  -38.7   15.0    5.3  52    5.3  11 0 0 1 1 1 0 12.1 56.5 12.2 56.9 80.0 100 100 20 408 0 143 0 401 401 400 0 0 0 59 50 AUTO 0 
b.1 2025-07-18 06:46:10.154 a 2025-07-18-06:46:01 132 060 245 0.2 3.7 8.6 11.5 55.5 729.2 0.00 0 0.0 15.1 24.1 24.5 3.635  -38.0   14.9    4.8  52    5.3  11 0 0 1 1 1 0 12.2 56.6 12.2 56.9 80.0 100 100 20 408 0 143 0 401 401 400 0 0 0 60 50 AUTO 0 
b.1 2025-07-18 06:47:13.857 a 2025-07-18-06:47:05 164 069 312 0.2 2.5 6.5 11.4 55.0 729.2 0.00 0 0.0 14.9 23.8 23.4 3.633  -37.1   14.9    4.4  52    5.3  11 0 0 1 1 1 0 12.2 56.2 12.2 56.7 80.0 100 100 20 408 0 143 0 401 401 400 0 0 0 59 50 AUTO 0 
b.1 2025-07-18 06:48:10.496 a 2025-07-18-06:48:01 152 040 251 0.2 2.7 7.8 11.4 55.5 729.3 0.00 0 0.0 14.7 23.7 23.4 3.633  -38.9   14.9    4.0  52    5.3  11 0 0 1 1 1 0 12.2 56.2 12.3 56.7 80.0 100 100 20 408 0 135 0 401 401 400 0 0 0 59 50 AUTO 0 
b.1 2025-07-18 06:49:09.779 a 2025-07-18-06:49:01 119 050 290 0.9 5.3 8.3 11.5 54.0 729.2 0.00 0 0.0 14.8 23.9 23.4 3.634  -39.5   14.9    7.2  52    5.2  11 0 0 1 1 1 0 12.2 55.5 12.3 56.0 80.0 100 100 20 408 0 143 0 401 401 400 0 0 0 60 50 AUTO 0 
b.1 2025-07-18 06:50:14.536 a 2025-07-18-06:50:05 154 065 303 0.4 3.6 8.5 11.5 54.0 729.2 0.00 0 0.0 15.0 24.1 24.5 3.627  -38.1   14.9    5.8  52    5.1  12 0 0 1 1 1 0 12.2 55.5 12.3 55.5 80.0 100 100 20 408 0 143 0 401 401 400 0 0 0 60 50 AUTO 0 
b.1 2025-07-18 06:51:10.017 a 2025-07-18-06:51:01 144 060 309 0.4 3.4 8.5 11.5 54.4 729.2 0.00 0 0.0 15.0 24.1 24.5 3.627  -40.1   14.9    5.8  52    5.2  12 0 0 1 1 1 0 12.2 56.1 12.3 56.3 80.0 100 100 20 408 0 143 2 401 401 400 0 0 3 60 50 AUTO 0 
b.1 2025-07-18 06:52:12.456 a 2025-07-18-06:52:03 183 045 253 0.3 3.7 7.6 11.4 54.9 729.1 0.00 0 0.0 14.9 23.7 23.4 3.634  -39.6   14.9    5.9  52    5.2  12 0 0 1 1 1 0 12.2 55.7 12.3 56.1 80.0 100 100 20 408 0 143 0 401 401 400 0 0 0 59 50 AUTO 0 
b.1 2025-07-18 06:53:10.736 a 2025-07-18-06:53:02 180 049 245 0.3 3.6 7.7 11.4 54.4 729.2 0.00 0 0.0 14.7 23.7 23.6 3.633  -39.7   14.9    6.5  52    5.1  12 0 0 1 1 1 0 12.2 55.8 12.2 56.2 80.0 100 100 20 408 0 143 0 401 401 399 0 0 0 60 50 AUTO 0 
b.1 2025-07-18 06:54:08.338 a 2025-07-18-06:53:59 120 044 187 0.3 3.3 7.8 11.4 54.4 729.2 0.00 0 0.0 14.8 23.9 23.4 3.633  -37.6   14.9    5.4  52    5.1  12 0 0 1 1 1 0 12.2 55.4 12.2 56.0 80.0 100 100 20 408 0 143 0 401 401 400 0 0 0 60 50 AUTO 0 
b.1 2025-07-18 06:55:10.519 a 2025-07-18-06:55:01 141 059 246 0.6 3.5 7.6 11.4 54.2 729.1 0.00 0 0.0 15.0 24.1 24.5 3.627  -40.5   14.9    5.5  52    5.1  12 0 0 1 1 1 0 12.2 55.5 12.2 56.2 80.0 100 100 20 408 0 143 0 401 401 400 0 0 0 59 50 AUTO 0 
b.1 2025-07-18 06:56:13.436 a 2025-07-18-06:56:04 079 043 086 0.6 3.4 6.4 11.5 53.6 729.2 0.00 0 0.0 15.0 24.1 24.5 3.627  -39.2   14.9    5.6  51    4.9  12 0 0 1 1 1 0 12.1 54.2 12.2 54.9 80.0 100 100 20 408 0 143 0 401 401 400 0 0 0 60 50 AUTO 0 
b.1 2025-07-18 06:57:12.256 a 2025-07-18-06:57:03 173 064 194 0.2 2.4 6.1 11.5 53.4 729.1 0.00 0 0.0 15.0 23.9 23.4 3.633  -39.8   14.8    4.1  51    4.9  12 0 0 1 1 1 0 12.1 55.3 12.2 55.6 80.0 100 100 20 408 0 143 0 401 401 400 0 0 0 60 50 AUTO 0 
b.1 2025-07-18 06:58:12.657 a 2025-07-18-06:58:04 145 042 292 0.4 3.3 6.7 11.5 54.5 729.2 0.00 0 0.0 14.8 23.7 23.4 3.633  -39.9   14.8    4.4  52    5.0  12 0 0 1 1 1 0 12.1 56.2 12.2 56.9 80.0 100 100 20 408 0 143 0 401 401 400 0 0 0 60 50 AUTO 0 
b.1 2025-07-18 06:59:08.180 a 2025-07-18-06:58:59 083 035 285 0.1 2.0 6.4 11.5 54.9 729.2 0.00 0 0.0 14.9 24.1 24.4 3.628  -36.5   14.8    3.4  52    5.0   5 0 0 1 1 1 0 12.1 55.6 12.2 56.1 80.0 100 100 20 408 0 143 0 401 401 400 0 0 0 60 50 AUTO 0 
b.1 2025-07-18 07:00:13.220 a 2025-07-18-07:00:04 149 050 266 0.1 2.4 6.4 11.3 54.7 729.2 0.00 0 0.0 15.0 24.1 24.4 3.627  -36.6   14.8    3.3  52    5.0   9 0 0 1 1 1 0 12.2 56.9 12.2 57.6 80.0 100 100 20 408 0 143 0 402 401 400 0 0 0 59 50 AUTO 0 
b.1 2025-07-18 07:01:09.960 a 2025-07-18-07:01:01 126 029 266 0.1 2.2 5.6 11.4 57.0 729.2 0.00 0 0.0 15.0 23.9 23.4 3.634  -36.5   14.8    3.2  52    5.1   9 0 0 1 1 1 0 12.2 57.2 12.2 57.7 80.0 100 100 20 408 0 143 5 401 401 400 2 2 2 60 50 AUTO 0 
b.1 2025-07-18 07:02:10.496 a 2025-07-18-07:02:01 160 062 244 0.3 3.0 5.4 11.3 56.3 729.2 0.00 0 0.0 14.8 23.3 23.4 3.634  -39.4   14.8    3.6  52    5.1  13 0 0 1 1 1 0 12.1 57.9 12.2 58.3 80.0 100 100 20 408 0 143 0 401 401 400 0 0 0 60 50 AUTO 0 
b.1 2025-07-18 07:03:11.177 a 2025-07-18-07:03:02 155 061 237 0.2 3.7 8.0 11.2 56.3 729.2 0.00 0 0.0 14.8 23.9 23.4 3.635  -39.4   14.8    5.0  52    5.2  10 0 0 1 1 1 0 12.1 57.3 12.2 57.8 80.0 100 100 20 408 0 143 0 401 402 400 0 0 0 60 50 AUTO 0 
b.1 2025-07-18 07:04:12.318 a 2025-07-18-07:04:03 098 079 291 0.3 2.9 7.2 11.2 54.8 729.1 0.00 0 0.0 15.0 24.1 24.5 3.627  -38.8   14.8    4.1  52    5.0  11 0 0 1 1 1 0 12.1 55.9 12.2 56.3 80.0 100 100 20 408 0 143 0 402 401 400 0 0 0 60 50 AUTO 0 
b.1 2025-07-18 07:05:12.301 a 2025-07-18-07:05:03 120 047 313 0.9 3.6 6.7 11.4 54.4 729.1 0.00 0 0.0 15.0 24.1 24.4 3.627  -38.9   14.8    5.1  52    5.0  11 0 0 1 1 1 0 12.1 56.0 12.1 56.5 80.0 100 100 20 408 0 143 0 401 402 399 0 0 0 60 50 AUTO 0 
b.1 2025-07-18 07:06:10.621 a 2025-07-18-07:06:01 128 059 311 0.2 2.9 8.4 11.4 54.4 729.1 0.00 0 0.0 15.0 24.1 24.5 3.627  -39.5   14.8    4.1  52    5.0  11 0 0 1 1 1 0 12.1 55.9 12.2 56.2 80.0 100 100 20 408 0 143 0 401 402 400 2 2 3 59 50 AUTO 0 
b.1 2025-07-18 07:07:08.901 a 2025-07-18-07:07:00 104 056 314 0.7 4.8 8.9 11.4 53.2 729.1 0.00 0 0.0 14.7 23.3 23.4 3.633  -39.8   14.8    6.2  52    4.9  11 0 0 1 1 1 0 12.1 54.8 12.2 55.3 80.0 100 100 20 408 0 143 0 402 401 400 0 0 0 59 50 AUTO 0 
b.1 2025-07-18 07:08:16.637 a 2025-07-18-07:08:08 133 059 302 1.2 4.6 8.3 11.4 53.9 729.1 0.00 0 0.0 14.8 23.7 23.4 3.633  -40.6   14.8    7.6  51    4.8  12 0 0 1 1 1 0 12.1 55.6 12.1 55.9 80.0 100 100 20 408 0 143 0 401 401 400 0 0 0 60 50 AUTO 0 
b.1 2025-07-18 07:09:13.881 a 2025-07-18-07:09:05 105 047 350 1.6 4.5 8.2 11.4 54.9 729.1 0.00 0 0.0 14.9 23.9 23.4 3.633  -38.9   14.8    8.0  52    4.9  12 0 0 1 1 1 0 12.0 55.6 12.1 56.1 80.0 100 100 20 408 0 97 0 401 401 399 0 0 0 60 50 AUTO 0 
b.1 2025-07-18 07:10:12.055 a 2025-07-18-07:10:03 180 067 357 0.6 3.5 6.2 11.3 54.4 729.1 0.00 0 0.0 14.9 24.1 24.5 3.628  -40.4   14.7    6.6  52    4.9  12 0 0 1 1 1 0 12.0 55.8 12.1 56.1 80.0 100 100 20 408 0 143 0 401 401 400 0 0 0 59 50 AUTO 0 
b.1 2025-07-18 07:11:13.063 a 2025-07-18-07:11:04 003 073 144 0.7 3.6 7.2 11.3 53.4 729.2 0.00 0 0.0 15.0 24.1 24.5 3.634  -40.8   14.7    5.9  51    4.8  12 0 0 1 1 1 0 12.0 55.4 12.0 55.8 80.0 100 100 20 408 0 143 0 401 402 400 0 0 0 60 50 AUTO 0 
b.1 2025-07-18 07:12:10.062 a 2025-07-18-07:12:01 117 059 317 0.4 3.3 7.2 11.3 54.3 729.2 0.00 0 0.0 15.0 24.1 24.4 3.626  -38.8   14.7    5.8  51    4.9  12 0 0 1 1 1 0 12.0 55.8 12.0 56.0 80.0 100 100 20 408 0 143 0 401 401 400 0 0 0 60 50 AUTO 0 
b.1 2025-07-18 07:13:06.178 a 2025-07-18-07:12:57 148 062 317 0.4 3.8 8.2 11.4 55.6 729.2 0.00 0 0.0 14.9 23.9 23.4 3.633  -40.2   14.8    6.5  52    4.9   9 0 0 1 1 1 0 12.0 56.3 12.0 56.6 80.0 100 100 20 408 0 143 0 402 401 400 0 0 0 59 50 AUTO 0 
b.1 2025-07-18 07:14:12.296 a 2025-07-18-07:14:03 017 062 177 0.6 4.2 7.1 11.4 53.9 729.1 0.00 0 0.0 14.8 23.8 23.4 3.634  -40.0   14.8    7.6  51    4.9  11 0 0 1 1 1 0 11.9 55.9 12.0 56.2 80.0 100 100 20 408 0 143 0 401 401 399 0 0 0 60 50 AUTO 0 
b.1 2025-07-18 07:15:15.397 a 2025-07-18-07:15:06 012 061 133 1.6 5.0 7.6 11.4 55.4 729.1 0.00 0 0.0 14.8 23.7 23.4 3.634  -39.9   14.8    9.3  52    4.9  12 0 0 1 1 1 0 11.9 56.4 12.0 56.7 80.0 100 100 20 408 0 143 0 401 401 400 0 0 0 59 50 AUTO 0 
b.1 2025-07-18 07:16:10.917 a 2025-07-18-07:16:02 001 060 110 0.5 4.2 7.9 11.4 54.1 729.1 0.00 0 0.0 14.8 23.7 23.4 3.633  -39.0   14.8    8.4  52    4.9  12 0 0 1 1 1 0 11.9 56.3 12.0 56.6 80.0 100 100 20 408 0 143 0 401 401 400 0 0 0 60 50 AUTO 0 
b.1 2025-07-18 07:17:11.321 a 2025-07-18-07:17:02 110 053 322 1.0 5.2 8.8 11.4 52.8 729.1 0.00 0 0.0 14.9 23.9 23.4 3.634  -39.6   14.8    9.8  51    4.8  12 0 0 1 1 1 0 11.9 55.1 12.0 55.7 80.0 100 100 20 408 0 143 0 401 401 400 0 0 0 60 50 AUTO 0 
b.1 2025-07-18 07:18:12.141 a 2025-07-18-07:18:03 114 048 191 0.2 3.5 6.9 11.4 53.6 729.2 0.00 0 0.0 14.9 24.1 24.4 3.628  -40.1   14.7    6.9  51    4.8  12 0 0 1 1 1 0 11.9 55.5 12.0 55.9 80.0 100 100 20 408 0 143 0 401 401 400 0 0 0 59 50 AUTO 0 
b.1 2025-07-18 07:19:16.578 a 2025-07-18-07:19:07 194 065 312 1.1 4.5 8.2 11.4 53.8 729.1 0.00 0 0.0 15.0 24.1 24.5 3.627  -42.9   14.8    8.8  51    4.8  12 0 0 1 1 1 0 11.9 56.0 12.0 56.3 80.0 100 100 20 408 0 143 0 402 401 400 0 0 0 60 50 AUTO 0 
b.1 2025-07-18 07:20:11.259 a 2025-07-18-07:20:02 107 062 296 0.2 3.7 8.2 11.4 54.8 729.1 0.00 0 0.0 15.0 24.1 24.5 3.635  -40.8   14.7    6.4  51    4.8  12 0 0 1 1 1 0 11.9 56.5 12.0 56.7 80.0 100 100 20 408 0 143 0 401 402 400 0 0 0 59 50 AUTO 0 
b.1 2025-07-18 07:21:10.957 a 2025-07-18-07:21:02 121 050 282 0.4 4.0 7.7 11.3 54.8 729.2 0.00 0 0.0 15.0 23.9 23.4 3.633  -39.5   14.8    6.6  52    4.9  12 0 0 1 1 1 0 11.9 56.4 11.9 56.9 80.0 100 100 20 408 0 143 0 401 401 400 0 0 0 59 50 AUTO 0 
b.1 2025-07-18 07:22:13.917 a 2025-07-18-07:22:05 211 053 327 0.3 3.9 8.4 11.4 54.1 729.0 0.00 0 0.0 14.7 22.7 23.4 3.635  -39.3   14.7    6.6  52    4.9   5 0 0 1 1 1 0 12.0 56.2 11.9 56.7 80.0 100 100 20 408 0 143 0 401 401 400 0 0 0 59 50 AUTO 0 
b.1 2025-07-18 07:23:11.542 a 2025-07-18-07:23:02 146 040 220 0.3 3.5 7.6 11.4 54.1 729.1 0.00 0 0.0 15.1 24.1 24.5 3.626  -39.5   14.7    6.0  52    4.9  14 0 0 1 1 1 0 12.0 55.9 11.9 56.5 80.0 100 100 20 408 0 143 0 401 401 400 0 0 0 59 50 AUTO 0 
b.1 2025-07-18 07:24:11.664 a 2025-07-18-07:24:02 128 053 254 0.2 3.5 7.5 11.4 55.1 729.1 0.00 0 0.0 15.0 24.1 24.5 3.634  -39.7   14.7    5.7  52    4.8  11 0 0 1 1 1 0 11.9 56.1 11.9 56.8 80.0 100 100 20 408 0 143 0 401 401 400 0 0 0 59 50 AUTO 0 
b.1 2025-07-18 07:25:10.542 a 2025-07-18-07:25:01 111 054 315 0.8 3.8 7.5 11.4 54.6 729.1 0.00 0 0.0 15.1 24.1 24.5 3.626  -40.3   14.7    5.9  51    4.8  11 0 0 1 1 1 0 11.9 56.3 11.9 57.0 80.0 100 100 20 408 0 143 0 401 401 400 0 0 0 59 50 AUTO 0 
b.1 2025-07-18 07:26:12.984 a 2025-07-18-07:26:04 135 052 312 0.1 2.9 6.7 11.3 54.9 729.1 0.00 0 0.0 14.8 23.8 23.4 3.634  -36.9   14.7    4.5  52    4.9  11 0 0 1 1 1 0 11.9 56.5 11.9 57.2 80.0 100 100 20 408 0 143 0 402 401 400 0 0 0 60 50 AUTO 0 
b.1 2025-07-18 07:27:10.200 a 2025-07-18-07:27:01 137 058 299 0.2 2.7 6.1 11.3 54.9 729.1 0.00 0 0.0 14.8 23.7 23.6 3.633  -40.1   14.7    4.4  52    4.9  11 0 0 1 1 1 0 12.0 56.9 11.9 57.5 80.0 100 100 20 408 0 143 0 401 402 400 0 0 0 60 50 AUTO 0 
b.1 2025-07-18 07:28:11.502 a 2025-07-18-07:28:02 178 068 275 0.2 2.5 7.6 11.2 55.9 729.1 0.00 0 0.0 14.9 24.1 24.5 3.631  -38.4   14.7    3.9  52    4.9  11 0 0 1 1 1 0 11.9 57.3 11.9 58.0 80.0 100 100 20 408 0 143 0 401 401 400 0 0 0 59 50 AUTO 0 
b.1 2025-07-18 07:29:17.519 a 2025-07-18-07:29:08 014 056 129 0.7 3.8 7.6 11.3 55.9 729.1 0.00 0 0.0 15.1 24.1 24.5 3.626  -39.9   14.7    5.3  52    5.0  11 0 0 1 1 1 0 11.9 57.2 11.9 58.1 80.0 100 100 20 408 0 143 0 401 401 399 0 0 0 60 50 AUTO 0 
b.1 2025-07-18 07:30:10.684 a 2025-07-18-07:30:02 135 066 328 0.4 4.5 8.6 11.3 55.9 729.1 0.00 0 0.0 15.0 23.9 23.4 3.634  -39.7   14.7    6.2  52    4.9  11 0 0 1 1 1 0 11.9 57.2 11.9 58.0 80.0 100 100 20 408 0 143 0 402 401 400 0 0 0 60 50 AUTO 0 
b.1 2025-07-18 07:31:13.180 a 2025-07-18-07:31:04 109 052 287 0.4 4.4 8.7 11.3 55.3 729.1 0.00 0 0.0 14.8 23.7 23.4 3.634  -40.5   14.7    7.4  52    5.0  11 0 0 1 1 1 0 11.9 57.0 11.9 57.6 80.0 100 100 20 408 0 143 0 401 401 400 0 0 0 59 50 AUTO 0 
b.1 2025-07-18 07:32:11.062 a 2025-07-18-07:32:02 120 042 245 0.3 4.1 8.3 11.3 55.6 729.1 0.00 0 0.0 14.7 23.7 23.4 3.634  -38.4   14.7    7.7  52    5.0  11 0 0 1 1 1 0 12.0 57.8 12.0 58.4 80.0 100 100 20 408 0 143 0 401 402 400 0 0 0 59 50 AUTO 0 
b.1 2025-07-18 07:33:11.040 a 2025-07-18-07:33:02 084 038 270 0.3 2.7 7.8 11.2 56.4 729.1 0.00 0 0.0 15.0 24.1 24.5 3.628  -40.2   14.7    5.3  52    5.0  11 0 0 1 1 1 0 12.0 57.5 12.0 58.1 80.0 100 100 20 408 0 143 0 401 401 400 0 0 0 59 50 AUTO 0 
b.1 2025-07-18 07:34:10.505 a 2025-07-18-07:34:01 197 052 328 0.3 5.0 8.3 11.2 56.0 729.1 0.00 0 0.0 15.0 24.1 24.5 3.627  -40.1   14.7    7.7  52    5.0  11 0 0 1 1 1 0 12.0 57.4 12.0 57.9 80.0 100 100 20 408 0 143 0 401 401 400 0 0 0 60 50 AUTO 0 
b.1 2025-07-18 07:35:15.180 a 2025-07-18-07:35:06 010 073 146 0.7 4.6 9.3 11.3 55.7 729.0 0.00 0 0.0 15.1 24.1 24.5 3.627  -40.9   14.7    7.7  52    5.0  11 0 0 1 1 1 0 11.9 57.5 11.9 58.1 80.0 100 100 20 408 0 143 0 401 402 399 0 0 0 59 50 AUTO 0 
b.1 2025-07-18 07:36:10.802 a 2025-07-18-07:36:02 126 055 352 1.3 4.6 8.2 11.3 56.1 729.1 0.00 0 0.0 14.8 23.3 23.4 3.633  -39.1   14.7    8.4  52    5.0  11 0 0 1 1 1 0 11.9 57.8 11.9 58.4 80.0 100 100 20 408 0 143 0 402 401 400 0 0 0 60 50 AUTO 0 
b.1 2025-07-18 07:37:12.803 a 2025-07-18-07:37:04 121 051 304 0.2 4.6 8.8 11.3 56.9 729.1 0.00 0 0.0 14.8 23.6 23.4 3.634  -39.0   14.7    9.8  53    5.1  11 0 0 1 1 1 0 11.9 58.3 11.9 58.8 80.0 100 100 20 408 0 143 0 401 401 400 0 0 0 60 50 AUTO 0 
b.1 2025-07-18 07:38:10.523 a 2025-07-18-07:38:01 121 057 329 1.2 3.9 7.5 11.2 56.8 729.1 0.00 0 0.0 15.0 24.1 24.5 3.627  -40.8   14.6    8.4  53    5.1  11 0 0 1 1 1 0 11.9 58.5 11.9 59.1 80.0 100 100 20 408 0 143 0 401 401 399 0 0 0 60 50 AUTO 0 
b.1 2025-07-18 07:39:12.601 a 2025-07-18-07:39:03 118 051 216 0.3 5.4 8.3 11.2 57.1 729.0 0.00 0 0.0 15.1 24.1 24.5 3.627  -39.0   14.6   10.2  53    5.1  11 0 0 1 1 1 0 11.9 58.3 11.9 58.9 80.0 100 100 20 408 0 143 0 402 401 400 0 0 0 59 50 AUTO 0 
b.1 2025-07-18 07:40:13.700 a 2025-07-18-07:40:04 125 059 311 0.2 2.4 6.2 11.2 57.0 729.1 0.00 0 0.0 14.8 23.7 23.4 3.634  -39.9   14.6    5.4  53    5.1  11 0 0 1 1 1 0 11.9 58.6 11.9 59.1 80.0 100 100 20 408 0 143 0 401 402 400 0 0 0 60 50 AUTO 0 
b.1 2025-07-18 07:41:12.980 a 2025-07-18-07:41:04 187 064 306 0.1 2.6 9.5 11.2 56.6 729.1 0.00 0 0.0 14.8 23.7 23.4 3.633  -37.9   14.6    4.2  53    5.1  11 0 0 1 1 1 0 11.9 58.2 11.9 58.7 80.0 100 100 20 408 0 143 0 401 401 400 0 0 0 60 50 AUTO 0 
b.1 2025-07-18 07:42:09.904 a 2025-07-18-07:42:01 131 078 351 0.8 3.8 6.8 11.2 54.9 729.1 0.00 0 0.0 14.8 23.7 23.4 3.634  -39.3   14.6    4.9  52    5.0  11 0 0 1 1 1 0 11.8 56.5 11.8 57.1 80.0 100 100 20 408 0 143 0 401 401 399 0 0 0 60 50 AUTO 0 
b.1 2025-07-18 07:43:11.604 a 2025-07-18-07:43:02 136 071 303 0.5 3.5 8.9 11.2 54.8 729.1 0.00 0 0.0 14.9 24.1 24.5 3.627  -40.3   14.6    5.3  52    4.9  11 0 0 1 1 1 0 11.9 56.7 11.9 57.2 80.0 100 100 20 408 0 143 0 401 401 400 4 5 5 59 50 AUTO 0 
b.1 2025-07-18 07:44:14.983 a 2025-07-18-07:44:06 108 072 308 1.0 4.0 9.0 11.2 55.5 729.1 0.00 0 0.0 15.0 24.1 24.5 3.627  -44.2   14.6    5.8  52    4.9  11 0 0 1 1 1 0 11.9 56.7 11.8 57.3 80.0 100 100 20 408 0 143 0 401 401 400 0 0 0 59 50 AUTO 0 
b.1 2025-07-18 07:45:14.581 a 2025-07-18-07:45:05 118 062 350 1.3 4.6 7.8 11.2 55.3 729.1 0.00 0 0.0 15.0 24.1 24.5 3.627  -39.5   14.6    7.0  52    4.9  11 0 0 1 1 1 0 11.9 56.8 11.8 57.5 80.0 100 100 20 408 0 143 0 401 402 400 0 0 0 60 50 AUTO 0 
b.1 2025-07-18 07:46:09.742 a 2025-07-18-07:46:00 126 060 297 0.6 3.5 7.4 11.2 55.5 729.1 0.00 0 0.0 14.8 23.8 23.4 3.633  -39.7   14.6    6.0  52    4.9  11 0 0 1 1 1 0 11.9 57.1 11.9 57.8 80.0 100 100 20 408 0 143 0 401 401 400 0 0 0 60 50 AUTO 0 
b.1 2025-07-18 07:47:13.759 a 2025-07-18-07:47:05 139 040 353 0.4 4.8 7.3 11.3 55.3 729.1 0.00 0 0.0 14.7 23.3 23.4 3.634  -39.1   14.6    8.5  52    5.0  11 0 0 1 1 1 0 11.9 57.0 11.8 57.6 80.0 100 100 20 408 0 143 0 402 401 400 0 0 0 60 50 AUTO 0 
b.1 2025-07-18 07:48:14.480 a 2025-07-18-07:48:05 123 058 317 0.3 2.6 5.1 11.3 55.4 729.1 0.00 0 0.0 14.9 24.0 23.4 3.634  -37.6   14.6    5.5  52    5.0  11 0 0 1 1 1 0 11.9 57.0 11.8 57.7 80.0 100 100 20 408 0 143 0 401 401 400 0 0 0 59 50 AUTO 0 
b.1 2025-07-18 07:49:13.862 a 2025-07-18-07:49:05 101 012 241 0.3 2.5 7.2 11.2 55.4 729.0 0.00 0 0.0 15.1 24.0 23.4 3.635  -39.8   14.6    4.2  52    5.0   5 0 0 1 1 1 0 11.9 57.0 11.9 57.7 80.0 100 100 20 408 0 143 0 401 401 400 0 0 0 59 50 AUTO 0 
b.1 2025-07-18 07:50:13.980 a 2025-07-18-07:50:05 152 061 308 0.6 3.4 7.5 11.1 55.7 729.1 0.00 0 0.0 14.9 23.8 23.4 3.633  -41.1   14.6    4.9  52    5.0  12 0 0 1 1 1 0 11.9 57.3 11.8 58.1 80.0 100 100 20 408 0 143 0 401 401 399 0 0 0 60 50 AUTO 0 
b.1 2025-07-18 07:51:13.319 a 2025-07-18-07:51:04 145 076 340 0.3 3.8 8.2 11.1 55.7 729.0 0.00 0 0.0 14.7 23.3 23.4 3.634  -38.1   14.6    5.3  52    5.0  12 0 0 1 1 1 0 11.9 57.2 11.8 58.0 80.0 100 100 20 408 0 143 0 401 401 400 0 0 0 60 50 AUTO 0 
b.1 2025-07-18 07:52:13.244 a 2025-07-18-07:52:04 124 075 306 0.5 3.4 6.3 11.2 55.7 729.0 0.00 0 0.0 14.7 23.7 23.4 3.633  -39.9   14.6    4.9  52    5.0  12 0 0 1 1 1 0 11.8 57.2 11.8 58.2 80.0 100 100 20 408 0 143 0 401 401 400 0 0 0 60 50 AUTO 0 
b.1 2025-07-18 07:53:12.703 a 2025-07-18-07:53:03 106 049 251 0.6 3.3 6.8 11.2 55.0 729.1 0.00 0 0.0 15.0 24.1 24.5 3.633  -39.5   14.6    4.9  52    5.0  12 0 0 1 1 1 0 11.9 56.7 11.8 57.4 80.0 100 100 20 408 0 143 0 401 402 400 0 0 0 60 50 AUTO 0 
b.1 2025-07-18 07:54:12.825 a 2025-07-18-07:54:04 125 049 246 0.3 3.1 5.9 11.2 54.3 729.1 0.00 0 0.0 15.1 24.1 24.5 3.627  -37.8   14.6    4.9  52    4.9  12 0 0 1 1 1 0 11.9 56.0 11.8 56.7 80.0 100 100 20 408 0 143 0 401 401 400 0 0 0 59 50 AUTO 0 
b.1 2025-07-18 07:55:14.582 a 2025-07-18-07:55:05 142 083 206 0.3 2.4 6.0 11.1 54.6 729.1 0.00 0 0.0 14.9 23.9 23.4 3.633  -39.5   14.6    3.8  52    4.9  12 0 0 1 1 1 0 11.8 56.0 11.8 56.7 80.0 100 100 20 408 0 143 0 401 401 400 0 0 0 60 50 AUTO 0 
b.1 2025-07-18 07:56:14.801 a 2025-07-18-07:56:06 134 067 310 0.3 3.1 9.0 11.1 54.5 729.1 0.00 0 0.0 14.9 23.7 23.4 3.633  -37.3   14.6    4.3  52    4.9  12 0 0 1 1 1 0 11.8 55.9 11.9 56.4 80.0 100 100 20 408 0 143 0 401 401 400 0 0 0 59 50 AUTO 0 
b.1 2025-07-18 07:57:13.520 a 2025-07-18-07:57:04 212 079 306 0.1 1.8 5.5 11.2 53.9 729.1 0.00 0 0.0 14.9 23.7 23.4 3.633  -36.8   14.6    3.1  52    4.8   5 0 0 1 1 1 0 11.8 55.2 11.8 55.9 80.0 100 100 20 408 0 143 0 402 401 400 0 0 0 59 50 AUTO 0 
b.1 2025-07-18 07:58:10.404 a 2025-07-18-07:58:01 166 071 280 0.5 3.0 7.6 11.2 54.2 729.1 0.00 0 0.0 14.9 23.7 23.4 3.633  -39.7   14.7    3.7  52    4.8  12 0 0 1 1 1 0 11.9 55.6 11.8 56.2 80.0 100 100 20 408 0 143 0 402 401 400 0 0 0 59 50 AUTO 0 
b.1 2025-07-18 07:59:10.621 a 2025-07-18-07:59:01 146 076 220 0.3 2.4 7.0 11.2 54.3 729.1 0.00 0 0.0 14.8 23.6 23.4 3.635  -39.0   14.7    3.4  52    4.8  10 0 0 1 1 1 0 11.8 56.2 11.8 57.0 80.0 100 100 20 408 0 143 0 401 402 400 0 0 0 59 50 AUTO 0 
b.1 2025-07-18 08:00:16.604 a 2025-07-18-08:00:07 147 063 304 0.2 3.0 7.5 11.3 54.7 729.0 0.00 0 0.0 14.9 23.9 23.4 3.634  -41.7   14.6    3.8  52    4.8  10 0 0 1 1 1 0 11.8 56.1 11.8 56.8 80.0 100 100 20 408 0 143 0 401 401 399 0 0 0 59 50 AUTO 0 
b.1 2025-07-18 08:01:11.101 a 2025-07-18-08:01:02 067 054 258 0.3 3.5 6.8 11.3 54.7 729.0 0.00 0 0.0 15.0 24.1 24.5 3.627  -39.1   14.6    4.3  52    4.8  10 0 0 1 1 1 0 11.8 55.9 11.8 56.6 80.0 100 100 20 408 0 143 0 401 401 400 0 0 0 59 50 AUTO 0 
b.1 2025-07-18 08:02:11.180 a 2025-07-18-08:02:02 188 078 322 0.2 3.2 7.7 11.3 54.6 729.0 0.00 0 0.0 14.9 24.1 24.5 3.634  -39.8   14.6    4.4  52    4.8  10 0 0 1 1 1 0 11.8 55.5 11.8 56.1 80.0 100 100 20 408 0 143 0 402 401 400 0 0 0 60 50 AUTO 0 
b.1 2025-07-18 08:03:12.285 a 2025-07-18-08:03:03 152 073 301 0.4 3.6 6.9 11.3 53.8 729.0 0.00 0 0.0 14.9 23.7 23.4 3.634  -38.6   14.6    5.0  51    4.7  11 0 0 1 1 1 0 11.8 55.9 11.8 56.4 80.0 100 100 20 408 0 143 0 401 402 399 0 0 0 59 50 AUTO 0 
b.1 2025-07-18 08:04:12.224 a 2025-07-18-08:04:03 139 066 308 0.4 4.0 7.6 11.3 54.0 729.0 0.00 0 0.0 14.9 23.8 23.4 3.632  -41.2   14.6    5.9  51    4.8  12 0 0 1 1 1 0 11.8 56.3 11.8 56.9 80.0 100 100 20 408 0 143 0 401 401 400 0 0 0 59 50 AUTO 0 
b.1 2025-07-18 08:05:14.384 a 2025-07-18-08:05:05 161 082 263 0.4 3.5 6.8 11.3 54.2 729.0 0.00 0 0.0 14.8 23.6 23.4 3.633  -39.5   14.6    5.5  52    4.8  12 0 0 1 1 1 0 11.8 56.2 11.8 56.9 80.0 100 100 20 408 0 143 0 401 401 399 0 0 0 59 50 AUTO 0 
b.1 2025-07-18 08:06:15.068 a 2025-07-18-08:06:06 001 055 151 0.4 4.5 8.3 11.2 54.4 729.0 0.00 0 0.0 14.7 23.3 23.4 3.634  -39.7   14.6    7.1  52    4.8  12 0 0 1 1 1 0 11.8 56.2 11.8 57.0 80.0 100 100 20 408 0 143 0 401 402 400 0 0 0 59 50 AUTO 0 
b.1 2025-07-18 08:07:12.407 a 2025-07-18-08:07:03 113 046 279 0.2 4.0 7.3 11.2 54.7 729.0 0.00 0 0.0 14.9 24.0 23.4 3.633  -38.6   14.6    7.1  52    4.8  12 0 0 1 1 1 0 11.8 56.5 11.8 57.2 80.0 100 100 20 408 0 143 0 402 401 400 0 0 0 59 50 AUTO 0 
b.1 2025-07-18 08:08:12.670 a 2025-07-18-08:08:03 154 058 320 0.5 3.8 8.3 11.2 54.4 729.0 0.00 0 0.0 15.0 24.1 24.5 3.626  -40.9   14.6    6.6  52    4.8  12 0 0 1 1 1 0 11.8 55.8 11.8 56.4 80.0 100 100 20 408 0 143 0 401 401 400 0 0 0 60 50 AUTO 0 
b.1 2025-07-18 08:09:11.066 a 2025-07-18-08:09:02 136 052 279 0.2 4.3 8.8 11.2 54.5 729.0 0.00 0 0.0 15.1 24.1 24.5 3.628  -39.8   14.6    6.3  52    4.8  12 0 0 1 1 1 0 11.8 56.0 11.8 56.7 80.0 100 100 20 408 0 143 0 401 401 400 0 0 0 60 50 AUTO 0 
b.1 2025-07-18 08:10:13.930 a 2025-07-18-08:10:05 115 043 350 0.3 3.6 6.2 11.3 54.9 729.0 0.00 0 0.0 14.9 23.7 23.4 3.633  -39.6   14.6    6.3  52    4.8  10 0 0 1 1 1 0 11.8 57.2 11.7 57.8 80.0 100 100 20 408 0 143 0 401 401 400 0 0 0 60 50 AUTO 0 
b.1 2025-07-18 08:11:10.048 a 2025-07-18-08:11:01 078 029 227 0.3 2.9 6.1 11.2 54.6 729.1 0.00 0 0.0 14.8 23.9 23.4 3.634  -37.6   14.6    4.7  52    4.8  10 0 0 1 1 1 0 11.8 53.9 11.7 55.0 80.0 100 100 20 408 0 143 0 402 401 400 0 0 0 59 50 AUTO 0 
b.1 2025-07-18 08:12:12.365 a 2025-07-18-08:12:03 140 043 216 0.2 3.2 6.8 11.1 53.8 729.0 0.00 0 0.0 15.1 24.1 24.5 3.628  -38.0   14.6    4.9  51    4.7  10 0 0 1 1 1 0 11.8 55.5 11.7 56.2 80.0 100 100 20 408 0 143 0 401 401 400 0 0 0 59 50 AUTO 0 
b.1 2025-07-18 08:13:10.247 a 2025-07-18-08:13:01 118 038 304 0.5 3.1 6.2 11.2 53.4 729.1 0.00 0 0.0 15.0 24.1 24.5 3.627  -38.9   14.6    4.5  51    4.7  10 0 0 1 1 1 0 11.8 55.7 11.8 56.3 80.0 100 100 20 408 0 143 0 401 401 400 0 0 0 59 50 AUTO 0 
b.1 2025-07-18 08:14:11.628 a 2025-07-18-08:14:02 011 049 117 1.4 4.0 5.8 11.2 54.4 729.1 0.00 0 0.0 14.8 23.7 23.4 3.634  -40.0   14.6    6.0  51    4.7  10 0 0 1 1 1 0 11.8 55.7 11.7 56.8 80.0 100 100 20 408 0 143 0 401 401 400 0 0 0 59 50 AUTO 0 
b.1 2025-07-18 08:15:13.523 a 2025-07-18-08:15:04 086 052 344 0.7 4.8 7.4 11.2 54.6 729.1 0.00 0 0.0 14.8 23.9 23.4 3.635  -41.0   14.6    8.0  51    4.7  15 0 0 1 1 1 0 11.8 56.8 11.7 57.3 80.0 100 100 20 408 0 143 0 401 402 400 0 0 0 60 50 AUTO 0 
b.1 2025-07-18 08:16:11.782 a 2025-07-18-08:16:02 163 071 350 0.9 3.8 6.9 11.2 55.5 729.1 0.00 0 0.0 14.9 24.0 23.4 3.634  -38.1   14.6    6.8  52    4.8  12 0 0 1 1 1 0 11.7 57.6 11.7 58.2 80.0 100 100 20 408 0 143 0 400 401 400 0 0 0 60 50 AUTO 0 
b.1 2025-07-18 08:17:11.447 a 2025-07-18-08:17:02 126 058 339 0.4 3.4 6.8 11.1 55.4 729.0 0.00 0 0.0 15.1 24.1 24.5 3.628  -39.4   14.6    5.8  52    4.8  12 0 0 1 1 1 0 11.7 57.1 11.7 57.4 80.0 100 100 20 408 0 143 0 401 401 400 0 0 0 59 50 AUTO 0 
b.1 2025-07-18 08:18:12.825 a 2025-07-18-08:18:04 164 067 246 0.2 2.2 5.4 11.1 54.5 729.0 0.00 0 0.0 14.9 23.9 23.4 3.634  -40.3   14.6    3.7  52    4.7  12 0 0 1 1 1 0 11.7 57.1 11.7 57.6 80.0 100 100 20 408 0 143 0 401 401 399 0 0 0 59 50 AUTO 0 
b.1 2025-07-18 08:19:12.003 a 2025-07-18-08:19:03 004 061 151 0.4 3.5 6.2 11.1 55.0 729.0 0.00 0 0.0 14.8 23.7 23.4 3.633  -39.9   14.6    4.1  52    4.8  12 0 0 1 1 1 0 11.7 57.3 11.7 57.8 80.0 100 100 20 408 0 143 0 401 401 400 0 0 0 59 50 AUTO 0 
b.1 2025-07-18 08:20:14.026 a 2025-07-18-08:20:05 019 093 078 0.1 1.6 6.8 11.1 55.6 729.1 0.00 0 0.0 14.9 24.0 23.4 3.633  -38.4   14.6    3.2  52    4.8   5 0 0 1 1 1 0 11.7 57.3 11.7 58.0 80.0 100 100 20 408 0 143 0 401 401 400 0 0 0 60 50 AUTO 0 
b.1 2025-07-18 08:21:11.625 a 2025-07-18-08:21:02 195 073 317 0.2 2.0 6.1 11.1 56.0 729.0 0.00 0 0.0 15.1 24.1 24.4 3.627  -37.4   14.6    2.8  52    4.8   9 0 0 1 1 1 0 11.7 58.0 11.7 58.7 80.0 100 100 20 408 0 143 0 401 402 400 0 0 0 59 50 AUTO 0 
b.1 2025-07-18 08:22:10.928 a 2025-07-18-08:22:02 134 066 317 0.2 2.4 6.3 10.9 56.3 729.0 0.00 0 0.0 14.9 23.7 23.4 3.633  -38.0   14.6    2.9  52    4.8   9 0 0 1 1 1 0 11.7 57.8 11.6 58.7 80.0 100 100 20 408 0 143 0 401 401 400 0 0 0 60 50 AUTO 0 
b.1 2025-07-18 08:23:11.404 a 2025-07-18-08:23:02 111 062 279 0.3 2.5 6.5 10.9 56.1 729.0 0.00 0 0.0 14.8 23.7 23.4 3.634  -38.7   14.6    3.0  52    4.8  10 0 0 1 1 1 0 11.6 58.2 11.6 58.9 80.0 100 100 20 408 0 143 0 401 402 400 0 0 0 60 50 AUTO 0 
b.1 2025-07-18 08:24:09.351 a 2025-07-18-08:24:00 124 026 263 0.1 2.9 6.3 11.0 54.4 729.0 0.00 0 0.0 14.9 23.8 23.4 3.633  -38.9   14.5    3.4  52    4.8  10 0 0 1 1 1 0 11.7 55.6 11.6 56.5 80.0 100 100 20 408 0 143 0 401 401 400 0 0 0 60 50 AUTO 0 
b.1 2025-07-18 08:25:15.505 a 2025-07-18-08:25:06 163 044 295 0.8 4.0 7.1 11.0 55.8 729.0 0.00 0 0.0 14.9 23.9 23.4 3.634  -40.0   14.5    5.1  52    4.8  10 0 0 1 1 1 0 11.6 57.5 11.6 58.1 80.0 100 100 20 408 0 143 0 401 401 399 0 0 0 60 50 AUTO 0 
b.1 2025-07-18 08:26:10.928 a 2025-07-18-08:26:02 014 055 108 1.8 4.8 8.2 11.0 56.0 729.0 0.00 0 0.0 15.0 24.1 24.5 3.627  -40.0   14.5    6.7  52    4.8  10 0 0 1 1 1 0 11.6 57.5 11.6 58.2 80.0 100 100 20 408 0 143 0 401 401 400 0 0 0 59 50 AUTO 0 
b.1 2025-07-18 08:27:09.890 a 2025-07-18-08:27:01 020 066 209 0.3 3.6 6.9 10.9 56.7 729.0 0.00 0 0.0 15.0 24.0 23.4 3.634  -38.8   14.5    6.0  52    4.8  10 0 0 1 1 1 0 11.6 58.5 11.6 59.1 80.0 100 100 20 408 0 143 0 402 401 400 0 0 0 60 50 AUTO 0 
b.1 2025-07-18 08:28:11.625 a 2025-07-18-08:28:02 136 060 329 0.4 3.2 5.6 10.9 57.2 729.0 0.00 0 0.0 14.7 23.3 23.4 3.634  -38.9   14.5    5.7  52    4.8  10 0 0 1 1 1 0 11.6 59.4 11.5 60.1 80.0 100 100 20 408 0 143 0 401 401 400 0 0 0 59 50 AUTO 0 
b.1 2025-07-18 08:29:11.523 a 2025-07-18-08:29:02 144 072 344 0.6 3.1 6.1 11.0 58.2 729.1 0.00 0 0.0 14.9 24.1 24.5 3.627  -38.6   14.5    5.0  53    4.9  10 0 0 1 1 1 0 11.6 60.5 11.5 61.1 80.0 100 100 20 408 0 143 0 401 401 400 0 0 0 59 50 AUTO 0 
b.1 2025-07-18 08:30:14.069 a 2025-07-18-08:30:05 132 065 336 0.6 3.7 6.7 10.9 55.5 729.0 0.00 0 0.0 15.1 24.1 24.4 3.637  -38.3   14.4    5.0  53    4.9  10 0 0 1 1 1 0 11.5 56.7 11.5 57.7 80.0 100 100 20 408 0 143 0 401 401 399 0 0 0 59 50 AUTO 0 
b.1 2025-07-18 08:31:16.525 a 2025-07-18-08:31:07 127 063 349 1.0 4.2 6.2 11.0 56.1 729.0 0.00 0 0.0 15.0 24.1 24.5 3.627  -39.0   14.4    6.2  52    4.8  10 0 0 1 1 1 0 11.5 57.6 11.5 58.1 80.0 100 100 20 408 0 143 0 401 402 400 0 0 0 59 50 AUTO 0 
b.1 2025-07-18 08:32:10.750 a 2025-07-18-08:32:01 011 052 111 0.4 3.3 5.7 10.9 57.7 729.0 0.00 0 0.0 14.7 23.3 23.4 3.633  -39.0   14.4    5.8  52    4.8  10 0 0 1 1 1 0 11.5 59.1 11.5 59.7 80.0 100 100 20 408 0 143 0 401 401 400 0 0 0 59 50 AUTO 0 
b.1 2025-07-18 08:33:16.648 a 2025-07-18-08:33:07 189 080 326 0.4 2.6 4.9 11.0 56.4 729.0 0.00 0 0.0 14.8 23.7 23.4 3.633  -37.8   14.4    4.5  53    4.9  10 0 0 1 1 1 0 11.5 58.7 11.5 59.5 80.0 100 100 20 408 0 143 0 401 401 400 0 0 0 60 50 AUTO 0 
b.1 2025-07-18 08:34:12.029 a 2025-07-18-08:34:03 160 087 326 0.1 1.6 4.5 11.0 56.4 729.0 0.00 0 0.0 15.1 24.1 24.5 3.633  -39.0   14.4    3.3  53    4.9  10 0 0 1 1 1 0 11.5 60.7 11.5 61.3 80.0 100 100 20 408 0 143 0 401 402 399 0 0 0 60 50 AUTO 0 
b.1 2025-07-18 08:35:13.450 a 2025-07-18-08:35:04 143 075 243 0.2 3.0 5.5 10.9 58.8 729.0 0.00 0 0.0 15.0 24.0 24.5 3.626  -39.3   14.4    3.7  53    5.0  10 0 0 1 1 1 0 11.5 61.3 11.4 62.1 80.0 100 100 20 408 0 143 0 401 402 400 0 0 0 60 50 AUTO 0 
b.1 2025-07-18 08:36:13.009 a 2025-07-18-08:36:04 016 059 111 0.8 3.9 6.1 10.9 59.5 729.0 0.00 0 0.0 14.8 23.2 23.4 3.634  -39.1   14.4    5.1  53    5.1  10 0 0 1 1 1 0 11.5 61.8 11.4 62.6 80.0 100 100 20 408 0 143 0 402 401 400 0 0 0 59 50 AUTO 0 
b.1 2025-07-18 08:37:12.891 a 2025-07-18-08:37:04 117 041 277 0.4 3.1 5.8 10.7 59.9 729.0 0.00 0 0.0 14.8 23.7 23.4 3.634  -36.9   14.4    4.5  53    5.1  10 0 0 1 1 1 0 11.4 59.6 11.4 60.5 80.0 100 100 20 408 0 143 0 401 401 399 0 0 0 59 50 AUTO 0 
b.1 2025-07-18 08:38:11.290 a 2025-07-18-08:38:02 116 045 354 0.5 2.6 4.8 10.7 58.5 729.0 0.00 0 0.0 15.0 24.1 24.4 3.627  -38.5   14.4    4.2  53    5.0  10 0 0 1 1 1 0 11.4 61.1 11.4 61.8 80.0 100 100 20 408 0 143 0 401 401 400 0 0 0 60 50 AUTO 0 
b.1 2025-07-18 08:39:09.407 a 2025-07-18-08:39:00 128 053 324 0.5 2.7 4.9 10.8 59.6 729.0 0.00 0 0.0 15.0 24.1 24.5 3.628  -38.8   14.4    4.2  54    5.1  10 0 0 1 1 1 0 11.4 61.4 11.4 62.3 80.0 100 100 20 408 0 143 0 401 402 400 0 0 0 59 50 AUTO 0 
b.1 2025-07-18 08:40:14.907 a 2025-07-18-08:40:06 021 066 128 0.4 3.0 5.4 10.7 60.0 729.1 0.00 0 0.0 14.9 23.9 23.4 3.634  -38.2   14.3    4.4  54    5.1  10 0 0 1 1 1 0 11.4 61.7 11.3 62.6 80.0 100 100 20 408 0 143 0 401 401 400 0 0 0 60 50 AUTO 0 
b.1 2025-07-18 08:41:13.973 a 2025-07-18-08:41:05 132 056 308 0.2 3.3 6.3 10.7 60.0 729.0 0.00 0 0.0 14.8 23.6 23.4 3.633  -39.8   14.3    5.2  54    5.1  10 0 0 1 1 1 0 11.4 61.9 11.3 62.7 80.0 100 100 20 408 0 143 0 402 401 400 0 0 0 59 50 AUTO 0 
b.1 2025-07-18 08:42:11.450 a 2025-07-18-08:42:02 120 045 329 0.5 3.2 5.4 10.7 60.3 729.1 0.00 0 0.0 14.8 23.6 23.4 3.634  -36.9   14.3    4.8  54    5.1  10 0 0 1 1 1 0 11.4 61.8 11.3 62.6 80.0 100 100 20 408 0 143 0 401 401 400 0 0 0 59 50 AUTO 0 
b.1 2025-07-18 08:43:10.973 a 2025-07-18-08:43:02 007 051 109 1.3 4.2 5.7 10.6 60.6 729.0 0.00 0 0.0 15.0 24.1 24.5 3.628  -39.3   14.3    6.0  54    5.2  10 0 0 1 1 1 0 11.4 62.5 11.3 63.2 80.0 100 100 20 408 0 143 0 401 401 399 0 0 0 59 50 AUTO 0 
b.1 2025-07-18 08:44:12.147 a 2025-07-18-08:44:03 020 052 098 1.1 4.3 6.6 10.6 60.7 728.9 0.00 0 0.0 15.1 24.1 24.5 3.628  -41.9   14.3    7.3  54    5.2  10 0 0 1 1 1 0 11.4 62.7 11.3 63.4 80.0 100 100 20 408 0 143 0 401 401 400 0 0 0 59 50 AUTO 0 
b.1 2025-07-18 08:45:12.589 a 2025-07-18-08:45:03 147 076 324 0.3 3.0 6.2 10.6 59.1 729.0 0.00 0 0.0 14.8 23.6 23.4 3.634  -36.9   14.2    4.9  55    5.2  10 0 0 1 1 1 0 11.3 62.5 11.3 63.2 80.0 100 100 20 408 0 143 0 401 401 400 0 0 0 59 50 AUTO 0 
b.1 2025-07-18 08:46:11.687 a 2025-07-18-08:46:02 001 067 145 0.8 4.0 6.6 10.7 60.6 729.0 0.00 0 0.0 14.8 23.7 23.4 3.634  -41.0   14.2    6.1  54    5.2  10 0 0 1 1 1 0 11.3 58.0 11.3 58.9 80.0 100 100 20 408 0 143 0 401 401 400 0 0 0 59 50 AUTO 0 
b.1 2025-07-18 08:47:13.930 a 2025-07-18-08:47:05 175 074 318 0.2 1.9 5.5 10.6 57.4 729.0 0.00 0 0.0 15.1 24.1 24.5 3.627  -38.6   14.2    3.7  54    5.0  10 0 0 1 1 1 0 11.3 61.0 11.3 61.6 80.0 100 100 20 408 0 143 0 401 401 399 0 0 0 59 50 AUTO 0 
b.1 2025-07-18 08:48:10.890 a 2025-07-18-08:48:02 138 054 298 0.8 2.6 4.8 10.6 59.2 729.0 0.00 0 0.0 14.9 24.0 24.5 3.626  -38.5   14.2    3.9  54    5.1  10 0 0 1 1 1 0 11.4 61.8 11.4 62.3 80.0 100 100 20 408 0 143 0 402 401 400 0 0 0 60 50 AUTO 0 
b.1 2025-07-18 08:49:11.888 a 2025-07-18-08:49:03 001 072 163 0.2 2.7 5.6 10.7 59.4 729.0 0.00 0 0.0 14.7 23.6 23.4 3.633  -38.6   14.2    3.8  54    5.1  10 0 0 1 1 1 0 11.4 59.8 11.4 60.8 80.0 100 100 20 408 0 143 0 401 402 400 0 0 0 60 50 AUTO 0 
b.1 2025-07-18 08:50:15.489 a 2025-07-18-08:50:06 131 063 342 0.4 2.4 4.4 10.7 56.9 729.0 0.00 0 0.0 14.7 23.6 23.4 3.633  -37.7   14.2    3.6  54    5.0   5 0 0 1 1 1 0 11.4 58.0 11.5 58.6 80.0 100 100 20 408 0 143 0 401 401 400 0 0 0 59 50 AUTO 0 
b.1 2025-07-18 08:51:10.973 a 2025-07-18-08:51:02 004 089 151 0.6 2.7 6.4 10.7 56.8 728.9 0.00 0 0.0 15.1 24.1 24.4 3.633  -39.9   14.2    3.5  54    5.0  11 0 0 1 1 1 0 11.5 59.2 11.5 59.5 80.0 100 100 20 408 0 143 0 401 401 400 0 0 0 59 50 AUTO 0 
b.1 2025-07-18 08:52:12.809 a 2025-07-18-08:52:04 144 054 296 0.1 1.9 5.3 10.6 56.9 728.9 0.00 0 0.0 15.1 24.1 24.5 3.627  -39.0   14.2    2.9  54    5.0   9 0 0 1 1 1 0 11.5 59.7 11.5 60.1 80.0 100 100 20 408 0 143 0 401 402 400 0 0 0 59 50 AUTO 0 
b.1 2025-07-18 08:53:13.492 a 2025-07-18-08:53:04 166 074 268 0.4 2.4 5.9 10.6 57.9 728.9 0.00 0 0.0 15.0 24.1 24.5 3.628  -39.3   14.2    3.1  54    5.0   9 0 0 1 1 1 0 11.5 59.9 11.5 60.4 80.0 100 100 20 408 0 143 0 401 401 400 0 0 0 59 50 AUTO 0 
b.1 2025-07-18 08:54:10.092 a 2025-07-18-08:54:01 195 067 308 0.3 2.2 4.8 10.6 59.5 728.8 0.00 0 0.0 14.8 23.3 23.4 3.633  -39.0   14.2    3.0  54    5.0   9 0 0 1 1 1 0 11.5 60.4 11.5 61.0 80.0 100 100 20 408 0 143 0 402 401 400 0 0 0 60 50 AUTO 0 
b.1 2025-07-18 08:55:16.167 a 2025-07-18-08:55:07 144 066 313 0.2 2.7 5.8 10.7 57.8 728.9 0.00 0 0.0 14.9 23.6 23.4 3.634  -39.0   14.2    3.5  54    5.0   9 0 0 1 1 1 0 11.5 58.7 11.5 59.4 80.0 100 100 20 408 0 143 0 401 401 400 0 0 0 60 50 AUTO 0 
b.1 2025-07-18 08:56:11.753 a 2025-07-18-08:56:02 004 071 144 0.2 2.8 4.6 10.7 57.1 728.9 0.00 0 0.0 15.0 24.1 24.5 3.627  -39.0   14.2    3.6  54    5.0   9 0 0 1 1 1 0 11.5 58.0 11.5 58.4 80.0 100 100 20 408 0 143 0 401 401 400 0 0 0 59 50 AUTO 0 
b.1 2025-07-18 08:57:09.612 a 2025-07-18-08:57:00 016 063 154 0.8 2.9 4.7 10.6 56.9 728.9 0.00 0 0.0 15.0 24.1 24.5 3.627  -39.3   14.3    4.1  54    5.0   9 0 0 1 1 1 0 11.5 57.9 11.5 58.4 80.0 100 100 20 408 0 143 0 401 401 400 0 0 0 59 50 AUTO 0 
b.1 2025-07-18 08:58:08.673 a 2025-07-18-08:57:59 000 065 180 0.3 3.0 5.8 10.7 57.1 728.9 0.00 0 0.0 14.9 23.3 23.4 3.633  -37.6   14.3    3.9  53    4.9  10 0 0 1 1 1 0 11.5 58.2 11.6 58.6 80.0 100 100 20 408 0 143 0 401 401 400 0 0 0 59 50 AUTO 0 
b.1 2025-07-18 08:59:12.512 a 2025-07-18-08:59:03 144 066 350 0.6 3.4 7.2 10.7 54.1 728.9 0.00 0 0.0 14.7 23.3 23.4 3.634  -38.7   14.3    4.5  53    4.9  10 0 0 1 1 1 0 11.5 57.7 11.5 58.3 80.0 100 100 20 408 0 143 0 401 401 400 0 0 0 59 50 AUTO 0 
b.1 2025-07-18 09:00:14.532 a 2025-07-18-09:00:05 123 075 320 0.3 2.9 6.1 10.8 54.1 728.9 0.00 0 0.0 14.9 24.0 24.5 3.628  -39.6   14.3    3.8  53    4.9  10 0 0 1 1 1 0 11.5 54.2 11.5 55.0 80.0 100 100 20 408 0 143 0 401 402 399 0 0 0 59 50 AUTO 0 
b.1 2025-07-18 09:01:08.632 a 2025-07-18-09:00:59 025 077 113 1.2 4.4 6.7 10.8 52.7 728.9 0.00 0 0.0 15.1 24.1 24.5 3.628  -39.9   14.2    5.1  52    4.6  10 0 0 1 1 1 0 11.5 53.6 11.5 54.1 80.0 100 100 20 408 0 143 0 401 401 400 0 0 0 60 50 AUTO 0 
b.1 2025-07-18 09:02:11.674 a 2025-07-18-09:02:02 179 072 300 0.6 3.5 6.9 10.8 55.1 728.9 0.00 0 0.0 14.9 23.9 23.4 3.634  -38.8   14.3    5.3  52    4.6  10 0 0 1 1 1 0 11.5 56.8 11.5 57.1 80.0 100 100 20 408 0 143 0 401 402 399 0 0 0 59 50 AUTO 0 
b.1 2025-07-18 09:03:12.851 a 2025-07-18-09:03:04 139 073 000 0.7 3.9 8.7 10.8 55.1 728.7 0.00 0 0.0 14.7 23.3 23.4 3.634  -41.9   14.3    5.5  52    4.7  10 0 0 1 1 1 0 11.5 57.1 11.5 57.8 80.0 100 100 20 408 0 143 0 401 401 400 0 0 0 60 50 AUTO 0 
b.1 2025-07-18 09:04:10.793 a 2025-07-18-09:04:01 027 087 123 2.1 5.8 8.7 11.0 53.8 728.8 0.00 0 0.0 14.7 23.7 23.4 3.634  -40.6   14.3    7.9  52    4.6  13 0 0 1 1 1 0 11.5 55.5 11.5 56.0 80.0 100 100 20 408 0 143 0 401 402 400 0 0 0 60 50 AUTO 0 
b.1 2025-07-18 09:05:15.052 a 2025-07-18-09:05:06 125 074 315 0.4 3.2 5.8 11.0 54.5 728.9 0.00 0 0.0 15.0 24.1 24.5 3.627  -38.3   14.3    5.7  52    4.6  13 0 0 1 1 1 0 11.4 56.9 11.5 57.4 80.0 100 100 20 408 0 143 0 402 401 400 0 0 0 60 50 AUTO 0 
b.1 2025-07-18 09:06:10.632 a 2025-07-18-09:06:01 153 078 354 0.5 2.9 5.9 11.0 55.3 728.8 0.00 0 0.0 15.0 24.1 24.5 3.633  -38.6   14.3    5.0  52    4.6   5 0 0 1 1 1 0 11.4 58.7 11.4 59.4 80.0 100 100 20 408 0 143 0 401 401 400 0 0 0 59 50 AUTO 0 
b.1 2025-07-18 09:07:13.733 a 2025-07-18-09:07:04 127 082 328 0.5 4.8 7.5 10.9 45.7 728.8 0.00 0 0.0 15.0 24.1 24.5 3.633  -39.3   14.3    6.6  52    4.5  15 0 0 1 1 1 0 11.4 48.5 11.4 51.1 80.0 100 100 20 408 0 143 0 401 401 400 0 0 0 60 50 AUTO 0 
b.1 2025-07-18 09:08:10.894 a 2025-07-18-09:08:02 003 084 121 0.7 4.8 7.2 10.9 45.7 728.8 0.00 0 0.0 14.8 23.7 23.4 3.633  -41.5   14.3    6.7  50    4.1  13 0 0 1 1 1 0 11.4 51.8 11.4 51.5 80.0 100 100 20 408 0 143 0 401 401 400 0 0 0 59 50 AUTO 0 
b.1 2025-07-18 09:09:14.653 a 2025-07-18-09:09:05 071 098 138 1.8 6.3 9.1 10.9 49.6 728.8 0.00 0 0.0 14.8 23.8 23.4 3.634  -39.3   14.3    9.0  50    4.0  13 0 0 1 1 1 0 11.5 44.8 11.5 45.5 80.0 100 100 20 408 0 143 0 401 401 400 0 0 0 60 50 AUTO 0 
b.1 2025-07-18 09:10:15.891 a 2025-07-18-09:10:07 185 068 282 0.6 3.1 5.6 11.1 42.9 728.8 0.00 0 0.0 14.8 23.3 23.4 3.633  -39.2   14.4    6.2  49    3.9  13 0 0 1 1 1 0 11.6 52.7 11.5 52.6 80.0 100 100 20 408 0 143 0 401 401 400 0 0 0 60 50 AUTO 0 
b.1 2025-07-18 09:11:10.813 a 2025-07-18-09:11:01 011 082 127 0.4 3.8 7.6 11.3 49.5 728.8 0.00 0 0.0 15.0 24.1 24.5 3.632  -41.2   14.4    5.8  50    4.1   5 0 0 1 1 1 0 11.5 54.7 11.5 55.1 80.0 100 100 20 408 0 143 0 401 401 400 0 0 0 60 50 AUTO 0 
b.1 2025-07-18 09:12:10.973 a 2025-07-18-09:12:02 019 093 215 1.2 6.1 11.6 11.3 50.1 728.8 0.00 0 0.0 15.0 24.1 24.4 3.627  -42.3   14.5    8.8  50    4.1  12 0 0 1 1 1 0 11.4 49.6 11.5 50.3 80.0 100 100 20 408 0 143 0 401 402 400 0 0 0 60 50 AUTO 0 
b.1 2025-07-18 09:13:12.951 a 2025-07-18-09:13:04 139 080 318 0.4 3.4 6.3 11.3 49.1 728.8 0.00 0 0.0 14.9 24.1 24.5 3.627  -38.7   14.5    6.0  49    4.0  11 0 0 1 1 1 0 11.5 54.1 11.5 53.9 80.0 100 100 20 408 0 143 0 402 401 400 0 0 0 59 50 AUTO 0 
b.1 2025-07-18 09:14:10.895 a 2025-07-18-09:14:02 130 069 346 0.5 2.4 5.3 11.3 52.1 728.8 0.00 0 0.0 14.8 23.6 23.4 3.633  -37.2   14.5    4.7  50    4.2  11 0 0 1 1 1 0 11.5 58.7 11.5 58.5 80.0 100 100 20 408 0 143 0 401 402 400 0 0 0 59 50 AUTO 0 
b.1 2025-07-18 09:15:14.914 a 2025-07-18-09:15:06 140 077 312 0.5 2.4 4.7 11.2 56.5 728.8 0.00 0 0.0 14.8 23.6 23.4 3.634  -39.0   14.5    3.8  51    4.4  11 0 0 1 1 1 0 11.4 61.6 11.4 62.0 80.0 100 99 20 408 0 143 0 402 401 400 0 0 0 59 50 AUTO 0 
b.1 2025-07-18 09:16:11.132 a 2025-07-18-09:16:02 013 081 143 0.5 2.8 5.4 11.0 59.1 728.8 0.00 0 0.0 15.0 24.1 24.5 3.627  -37.4   14.5    3.8  51    4.6   0 0 0 1 1 1 0 11.3 62.5 11.3 63.0 80.0 100 100 20 408 0 143 0 401 401 400 0 0 0 60 50 AUTO 0 
b.1 2025-07-18 09:17:10.191 a 2025-07-18-09:17:01 028 088 122 1.5 4.9 7.5 10.8 49.2 728.7 0.00 0 0.0 15.0 24.1 24.4 3.627  -39.3   14.5    5.8  51    4.4  11 0 0 1 1 1 0 11.3 51.8 11.3 52.4 80.0 100 100 20 408 0 125 0 401 401 400 0 0 0 59 50 AUTO 0 
b.1 2025-07-18 09:18:11.112 a 2025-07-18-09:18:02 133 075 296 0.3 2.4 6.5 10.9 52.4 728.8 0.00 0 0.0 14.9 23.9 23.4 3.633  -40.7   14.5    4.2  51    4.4  10 0 0 1 1 1 0 11.4 57.1 11.4 57.7 80.0 100 100 20 408 0 143 0 401 401 400 0 0 0 60 50 AUTO 0 
b.1 2025-07-18 09:19:11.236 a 2025-07-18-09:19:02 163 084 345 0.8 4.8 7.2 11.0 48.0 728.7 0.00 0 0.0 14.7 23.3 23.4 3.634  -42.3   14.5    6.0  50    4.2  15 0 0 1 1 1 0 11.4 52.1 11.4 52.6 80.0 100 100 20 408 0 143 0 401 401 400 0 0 0 60 50 AUTO 0 
b.1 2025-07-18 09:20:12.194 a 2025-07-18-09:20:03 025 078 113 1.2 4.5 7.7 11.0 48.1 728.7 0.00 0 0.0 14.9 23.9 23.4 3.633  -38.4   14.5    6.6  49    4.1  12 0 0 1 1 1 0 11.5 52.3 11.5 52.7 80.0 100 100 20 408 0 143 0 401 401 400 0 0 0 60 50 AUTO 0 
b.1 2025-07-18 09:21:11.153 a 2025-07-18-09:21:02 128 071 301 0.2 2.7 5.3 11.0 54.2 728.7 0.00 0 0.0 15.0 24.1 24.4 3.627  -38.4   14.5    5.1  50    4.2  12 0 0 1 1 1 0 11.5 55.5 11.5 55.9 80.0 100 100 20 408 0 143 0 401 402 400 0 0 0 60 50 AUTO 0 
b.1 2025-07-18 09:22:10.332 a 2025-07-18-09:22:01 116 082 301 0.2 3.7 7.5 11.0 53.5 728.7 0.00 0 0.0 15.1 24.1 24.5 3.627  -40.5   14.5    5.4  50    4.3  12 0 0 1 1 1 0 11.5 56.0 11.5 56.0 80.0 100 100 20 408 0 143 0 401 402 400 0 0 0 60 50 AUTO 0 
b.1 2025-07-18 09:23:10.851 a 2025-07-18-09:23:02 148 080 328 0.4 2.1 4.4 11.0 55.6 728.7 0.00 0 0.0 14.8 23.3 23.4 3.633  -38.3   14.5    3.9  51    4.4   5 0 0 1 1 1 0 11.5 59.0 11.5 59.3 80.0 100 100 20 408 0 143 0 401 401 400 0 0 0 60 50 AUTO 0 
b.1 2025-07-18 09:24:12.756 a 2025-07-18-09:24:03 194 072 308 0.1 1.7 3.9 10.9 57.7 728.8 0.00 0 0.0 14.9 23.9 23.4 3.637  -36.9   14.5    3.1  51    4.6   8 0 0 1 1 1 0 11.5 59.1 11.5 59.6 80.0 100 100 20 408 0 143 0 401 402 400 0 0 0 59 50 AUTO 0 
b.1 2025-07-18 09:25:13.017 a 2025-07-18-09:25:04 114 070 301 0.2 2.3 4.5 10.8 57.4 728.8 0.00 0 0.0 15.0 24.1 24.5 3.627  -39.1   14.5    3.1  52    4.6   9 0 0 1 1 1 0 11.4 59.4 11.5 59.8 80.0 100 100 20 408 0 143 0 401 402 400 0 0 0 59 50 AUTO 0 
b.1 2025-07-18 09:26:11.653 a 2025-07-18-09:26:02 001 076 146 0.5 2.5 5.1 10.7 56.4 728.8 0.00 0 0.0 15.1 24.1 24.5 3.628  -37.5   14.5    3.1  52    4.7  10 0 0 1 1 1 0 11.4 61.1 11.5 61.3 80.0 100 100 20 408 0 143 0 402 401 400 0 0 0 60 50 AUTO 0 
b.1 2025-07-18 09:27:10.015 a 2025-07-18-09:27:01 135 084 310 0.3 1.8 4.2 10.5 60.4 728.8 0.00 0 0.0 14.9 23.7 23.4 3.634  -38.8   14.4    2.8  52    4.8  10 0 0 1 1 1 0 11.4 62.4 11.5 62.6 80.0 100 100 20 408 0 143 0 401 401 400 0 0 0 60 50 AUTO 0 
b.1 2025-07-18 09:28:13.114 a 2025-07-18-09:28:04 158 081 358 0.3 2.9 5.5 10.6 61.1 728.8 0.00 0 0.0 14.7 23.3 23.4 3.633  -39.4   14.4    3.3  53    4.9  10 0 0 1 1 1 0 11.4 62.9 11.5 63.1 80.0 100 100 20 408 0 143 0 401 401 400 0 0 0 59 50 AUTO 0 
b.1 2025-07-18 09:29:09.796 a 2025-07-18-09:29:00 030 081 114 1.7 4.0 6.6 10.6 57.9 728.8 0.00 0 0.0 14.9 23.7 23.4 3.633  -39.9   14.4    4.3  52    4.8  10 0 0 1 1 1 0 11.4 60.2 11.4 60.6 80.0 100 100 20 408 0 143 0 401 402 400 0 0 0 59 50 AUTO 0 
b.1 2025-07-18 09:30:15.335 a 2025-07-18-09:30:06 015 078 123 1.9 4.8 7.6 10.6 49.8 728.7 0.00 0 0.0 14.9 24.1 24.4 3.628  -41.3   14.3    6.0  52    4.5  12 0 0 1 1 1 0 11.4 52.2 11.4 52.4 80.0 100 100 20 408 0 143 0 401 401 399 0 0 0 60 50 AUTO 0 
b.1 2025-07-18 09:31:12.655 a 2025-07-18-09:31:03 123 079 341 0.5 4.1 6.5 10.8 49.7 728.7 0.00 0 0.0 15.2 24.1 24.5 3.627  -38.8   14.3    6.3  51    4.2  12 0 0 1 1 1 0 11.4 50.4 11.5 49.0 80.0 100 100 20 408 0 143 0 401 401 399 0 0 0 60 50 AUTO 0 
b.1 2025-07-18 09:32:13.098 a 2025-07-18-09:32:04 124 082 329 0.5 4.0 6.8 10.8 51.7 728.7 0.00 0 0.0 15.0 23.9 23.4 3.633  -40.0   14.3    5.6  51    4.2  12 0 0 1 1 1 0 11.5 53.7 11.5 54.1 80.0 100 100 20 408 0 143 0 401 401 400 0 0 0 60 50 AUTO 0 
b.1 2025-07-18 09:33:11.976 a 2025-07-18-09:33:03 011 071 116 2.1 4.7 8.2 10.9 56.4 728.7 0.00 0 0.0 14.7 23.3 23.4 3.633  -39.5   14.3    7.2  51    4.3  12 0 0 1 1 1 0 11.4 56.4 11.4 56.6 80.0 100 100 20 408 0 143 0 402 401 400 0 0 0 60 50 AUTO 0 
b.1 2025-07-18 09:34:10.240 a 2025-07-18-09:34:01 167 089 316 0.2 2.4 6.4 11.0 56.0 728.8 0.00 0 0.0 15.0 24.1 24.5 3.628  -41.4   14.3    4.8  51    4.4  12 0 0 1 1 1 0 11.4 59.3 11.5 59.7 80.0 100 100 20 408 0 143 0 401 401 400 0 0 0 60 50 AUTO 0 
b.1 2025-07-18 09:35:10.776 a 2025-07-18-09:35:01 015 070 149 0.7 3.0 4.9 10.9 58.4 728.8 0.00 0 0.0 15.0 24.1 24.5 3.628  -38.0   14.3    4.7  51    4.5   5 0 0 1 1 1 0 11.4 59.2 11.5 59.9 80.0 100 100 20 408 0 143 0 401 401 400 0 0 0 60 50 AUTO 0 
b.1 2025-07-18 09:36:13.081 a 2025-07-18-09:36:04 009 084 128 0.4 4.5 9.1 10.7 49.5 728.7 0.00 0 0.0 15.0 24.1 24.5 3.633  -42.7   14.3    5.6  52    4.5  14 0 0 1 1 1 0 11.4 57.0 11.4 57.5 80.0 100 100 20 408 0 143 0 401 401 400 0 0 0 60 50 AUTO 0 
b.1 2025-07-18 09:37:10.178 a 2025-07-18-09:37:01 121 074 308 0.4 3.2 7.6 10.8 55.0 728.7 0.00 0 0.0 14.9 23.7 23.4 3.634  -38.8   14.3    4.5  51    4.3  12 0 0 1 1 1 0 11.4 57.1 11.4 57.0 80.0 100 100 20 408 0 143 0 401 402 400 0 0 0 59 50 AUTO 0 
b.1 2025-07-18 09:38:10.479 a 2025-07-18-09:38:01 137 077 313 0.2 2.0 4.5 10.8 59.2 728.8 0.00 0 0.0 14.8 23.7 23.6 3.634  -39.9   14.3    3.5  51    4.5  12 0 0 1 1 1 0 11.3 61.5 11.3 61.9 80.0 100 100 20 408 0 143 0 401 401 400 0 0 0 60 50 AUTO 0 
b.1 2025-07-18 09:39:08.457 a 2025-07-18-09:38:59 034 098 175 0.4 4.3 7.2 10.8 59.2 728.8 0.00 0 0.0 14.8 23.9 23.4 3.634  -40.8   14.3    4.9  52    4.6  10 0 0 1 1 1 0 11.3 56.8 11.3 58.3 80.0 100 100 20 408 0 143 0 400 401 399 0 0 0 60 50 AUTO 0 
b.1 2025-07-18 09:40:11.380 a 2025-07-18-09:40:02 114 087 310 0.6 4.2 6.6 10.7 48.3 728.7 0.00 0 0.0 15.1 24.1 24.5 3.635  -40.2   14.3    5.4  51    4.4  11 0 0 1 1 1 0 11.3 57.1 11.3 57.5 80.0 100 100 20 408 0 143 0 401 402 400 0 0 0 59 50 AUTO 0 
b.1 2025-07-18 09:41:11.918 a 2025-07-18-09:41:03 118 067 212 0.3 1.9 3.8 10.9 54.6 728.8 0.00 0 0.0 15.1 24.1 24.4 3.627  -37.8   14.3    3.7  52    4.5  11 0 0 1 1 1 0 11.3 61.6 11.3 62.0 80.0 100 100 20 408 0 143 0 401 401 400 0 0 0 59 50 AUTO 0 
b.1 2025-07-18 09:42:11.016 a 2025-07-18-09:42:02 130 074 133 0.3 2.5 6.0 10.8 56.6 728.8 0.00 0 0.0 14.7 23.2 23.4 3.634  -38.0   14.3    3.7  52    4.7  11 0 0 1 1 1 0 11.3 61.0 11.3 61.8 80.0 100 100 20 408 0 143 0 401 402 399 0 0 0 59 50 AUTO 0 
b.1 2025-07-18 09:43:10.540 a 2025-07-18-09:43:01 149 088 319 0.7 2.9 6.0 10.6 52.2 728.6 0.00 0 0.0 15.0 24.1 24.5 3.627  -37.3   14.3    3.4  52    4.6   5 0 0 1 1 1 0 11.3 61.2 11.3 61.4 80.0 100 100 20 408 0 143 0 401 401 400 0 0 0 60 50 AUTO 0 
b.1 2025-07-18 09:44:11.401 a 2025-07-18-09:44:02 179 077 309 0.2 1.8 3.6 10.7 59.1 728.7 0.00 0 0.0 15.0 24.1 24.5 3.633  -38.9   14.3    2.9  52    4.7  11 0 0 1 1 1 0 11.3 62.9 11.3 63.2 80.0 100 100 20 408 0 143 0 401 401 400 0 0 0 59 50 AUTO 0 
b.1 2025-07-18 09:45:10.358 a 2025-07-18-09:45:01 002 061 105 0.4 3.3 5.5 10.7 61.3 728.7 0.00 0 0.0 15.0 23.7 23.4 3.634  -39.1   14.3    4.0  53    4.9  10 0 0 1 1 1 0 11.3 64.1 11.3 64.3 80.0 100 100 20 408 0 143 0 402 401 400 0 0 0 59 50 AUTO 0 
b.1 2025-07-18 09:46:14.017 a 2025-07-18-09:46:05 148 072 323 0.3 2.3 4.8 10.6 61.9 728.7 0.00 0 0.0 14.7 23.3 23.4 3.634  -39.3   14.3    3.6  53    5.0  10 0 0 1 1 1 0 11.2 64.3 11.3 64.5 80.0 100 100 20 408 0 143 0 401 401 400 0 0 0 59 50 AUTO 0 
b.1 2025-07-18 09:47:09.305 a 2025-07-18-09:47:00 134 068 285 0.2 2.8 5.9 10.4 60.2 728.6 0.00 0 0.0 14.9 23.9 23.4 3.634  -38.4   14.2    3.7  54    5.0  10 0 0 1 1 1 0 11.2 63.3 11.3 63.4 80.0 100 100 20 408 0 143 0 401 402 399 0 0 0 60 50 AUTO 0 
b.1 2025-07-18 09:48:10.663 a 2025-07-18-09:48:01 013 097 190 0.3 2.8 5.1 10.4 61.4 728.7 0.00 0 0.0 15.0 24.1 24.5 3.628  -39.9   14.2    3.9  54    5.0  10 0 0 1 1 1 0 11.2 64.0 11.3 64.3 80.0 100 100 20 408 0 143 0 401 402 400 0 0 0 60 50 AUTO 0 
b.1 2025-07-18 09:49:08.762 a 2025-07-18-09:48:59 017 080 145 0.5 3.0 7.0 10.3 63.3 728.7 0.00 0 0.0 15.1 24.1 24.4 3.635  -39.5   14.2    3.6  54    5.1  12 0 0 1 1 1 0 11.2 64.6 11.3 64.8 80.0 100 100 20 408 0 143 0 401 402 400 0 0 0 60 50 AUTO 0 
b.1 2025-07-18 09:50:11.940 a 2025-07-18-09:50:03 005 079 133 0.3 3.2 6.4 10.4 61.0 728.7 0.00 0 0.0 14.9 23.9 23.4 3.633  -39.4   14.2    4.2  54    4.9  12 0 0 1 1 1 0 11.2 59.8 11.3 60.4 80.0 100 100 20 408 0 143 0 401 401 400 0 0 0 59 50 AUTO 0 
b.1 2025-07-18 09:51:12.118 a 2025-07-18-09:51:03 128 077 317 0.4 4.0 8.1 10.4 58.0 728.7 0.00 0 0.0 14.8 23.3 23.4 3.633  -42.6   14.1    4.9  54    4.9  12 0 0 1 1 1 0 11.2 60.0 11.3 60.2 80.0 100 100 20 408 0 143 0 402 401 400 0 0 0 60 50 AUTO 0 
b.1 2025-07-18 09:52:13.358 a 2025-07-18-09:52:04 023 087 120 1.8 4.7 7.4 10.5 55.5 728.7 0.00 0 0.0 14.7 23.3 23.4 3.634  -40.8   14.1    6.2  53    4.7  12 0 0 1 1 1 0 11.2 60.6 11.3 60.9 80.0 100 100 20 408 0 143 0 401 401 400 0 0 0 60 50 AUTO 0 
b.1 2025-07-18 09:53:13.023 a 2025-07-18-09:53:04 012 079 147 1.4 4.1 6.9 10.5 56.5 728.6 0.00 0 0.0 14.9 24.1 24.4 3.633  -39.7   14.2    6.1  53    4.6  12 0 0 1 1 1 0 11.2 58.2 11.3 58.4 80.0 100 100 20 408 0 143 0 402 401 400 0 0 0 60 50 AUTO 0 
b.1 2025-07-18 09:54:10.219 a 2025-07-18-09:54:01 141 077 322 0.8 3.3 5.4 10.5 47.9 728.6 0.00 0 0.0 15.1 24.1 24.4 3.627  -38.6   14.2    5.5  52    4.5  12 0 0 1 1 1 0 11.3 55.3 11.3 55.9 80.0 100 100 20 408 0 143 0 401 401 399 0 0 0 60 50 AUTO 0 
b.1 2025-07-18 09:55:15.323 a 2025-07-18-09:55:06 190 083 272 0.2 3.7 8.6 10.6 49.6 728.7 0.00 0 0.0 14.9 23.8 23.4 3.634  -39.3   14.2    5.2  51    4.2  12 0 0 1 1 1 0 11.3 52.7 11.3 53.0 80.0 100 100 20 408 0 143 0 401 402 400 0 0 0 59 50 AUTO 0 
b.1 2025-07-18 09:56:10.043 a 2025-07-18-09:56:01 179 074 296 0.1 2.8 5.6 10.8 49.5 728.6 0.00 0 0.0 14.7 23.3 23.4 3.633  -38.8   14.2    4.7  51    4.1  12 0 0 1 1 1 0 11.3 51.6 11.3 52.0 80.0 100 100 20 408 0 143 0 402 401 400 0 0 0 60 50 AUTO 0 
b.1 2025-07-18 09:57:12.719 a 2025-07-18-09:57:03 159 063 219 0.3 3.2 7.3 10.9 50.3 728.7 0.00 0 0.0 15.0 24.1 24.5 3.635  -40.2   14.2    4.7  50    4.1  12 0 0 1 1 1 0 11.3 52.7 11.3 52.9 80.0 100 100 20 408 0 143 0 401 401 400 0 0 0 59 50 AUTO 0 
b.1 2025-07-18 09:58:10.657 a 2025-07-18-09:58:01 010 091 159 0.1 3.6 6.3 10.9 46.9 728.6 0.00 0 0.0 15.1 24.1 24.4 3.626  -40.3   14.2    5.1  50    3.9  12 0 0 1 1 1 0 11.4 50.2 11.3 50.3 80.0 100 100 20 408 0 143 0 401 402 400 0 0 0 60 50 AUTO 0 
b.1 2025-07-18 09:59:17.201 a 2025-07-18-09:59:08 146 073 302 0.3 3.3 7.2 10.8 50.8 728.6 0.00 0 0.0 14.9 23.9 23.4 3.633  -40.2   14.3    4.9  50    3.9  12 0 0 1 1 1 0 11.4 52.3 11.4 52.5 80.0 100 100 20 408 0 143 0 401 401 400 0 0 0 59 50 AUTO 0 
b.1 2025-07-18 10:00:12.582 a 2025-07-18-10:00:03 176 078 228 0.3 2.8 7.6 10.9 50.5 728.6 0.00 0 0.0 14.8 23.3 23.4 3.633  -39.9   14.3    4.2  49    3.8  12 0 0 1 1 1 0 11.4 52.4 11.4 52.4 80.0 100 100 20 408 0 143 0 401 402 400 0 0 0 60 50 AUTO 0 
b.1 2025-07-18 10:01:12.983 a 2025-07-18-10:01:04 135 078 231 0.5 3.6 6.0 11.0 46.7 728.6 0.00 0 0.0 14.9 24.1 24.5 3.633  -40.7   14.3    4.9  49    3.8  12 0 0 1 1 1 0 11.4 48.7 11.4 48.9 80.0 100 100 20 408 0 143 0 401 401 400 0 0 0 60 50 AUTO 0 
b.1 2025-07-18 10:02:13.003 a 2025-07-18-10:02:04 140 077 322 0.3 3.5 7.3 11.0 42.6 728.6 0.00 0 0.0 15.1 24.1 24.5 3.627  -39.6   14.3    4.9  48    3.4  12 0 0 1 1 1 0 11.4 43.3 11.4 43.7 80.0 100 100 20 408 0 143 0 401 401 400 0 0 0 59 50 AUTO 0 
b.1 2025-07-18 10:03:12.982 a 2025-07-18-10:03:04 136 068 303 0.2 3.5 7.6 11.0 44.7 728.6 0.00 0 0.0 15.0 24.1 24.4 3.628  -38.4   14.3    4.6  47    3.2  12 0 0 1 1 1 0 11.5 45.4 11.5 45.6 80.0 100 100 20 408 0 143 0 401 401 400 0 0 0 59 50 AUTO 0 
b.1 2025-07-18 10:04:08.881 a 2025-07-18-10:04:00 166 072 303 0.3 3.4 10.2 11.0 45.7 728.6 0.00 0 0.0 14.7 23.3 23.4 3.634  -37.9   14.4    4.5  47    3.2  12 0 0 1 1 1 0 11.5 47.3 11.5 47.9 80.0 100 100 20 408 0 143 0 401 401 400 0 0 0 60 50 AUTO 0 
b.1 2025-07-18 10:05:14.539 a 2025-07-18-10:05:05 137 086 282 0.3 2.8 8.1 11.1 50.6 728.6 0.00 0 0.0 14.8 24.1 24.5 3.628  -40.7   14.4    4.1  47    3.4   5 0 0 1 1 1 0 11.5 51.4 11.5 51.4 80.0 100 100 20 408 0 143 0 401 401 400 0 0 0 60 50 AUTO 0 
b.1 2025-07-18 10:06:08.822 a 2025-07-18-10:05:59 016 084 137 0.4 4.1 7.9 11.1 45.7 728.6 0.00 0 0.0 15.1 24.1 24.4 3.626  -40.1   14.4    5.2  47    3.3  11 0 0 1 1 1 0 11.5 47.0 11.5 47.3 80.0 100 100 20 408 0 143 0 401 402 400 0 0 0 59 50 AUTO 0 
b.1 2025-07-18 10:07:11.424 a 2025-07-18-10:07:02 128 074 353 0.5 4.1 9.1 11.1 47.0 728.6 0.00 0 0.0 14.9 24.0 24.5 3.627  -39.8   14.4    5.5  47    3.1  12 0 0 1 1 1 0 11.5 47.8 11.5 48.2 80.0 100 100 20 408 0 143 0 401 401 400 0 0 0 59 50 AUTO 0 
b.1 2025-07-18 10:08:12.206 a 2025-07-18-10:08:03 166 079 270 0.2 3.0 8.2 11.1 45.2 728.6 0.00 0 0.0 14.8 23.3 23.4 3.634  -38.6   14.4    4.8  46    3.0  12 0 0 1 1 1 0 11.5 47.0 11.5 47.0 80.0 100 100 20 408 0 143 0 402 401 400 0 0 0 59 50 AUTO 0 
b.1 2025-07-18 10:09:11.203 a 2025-07-18-10:09:02 180 085 270 0.2 1.7 4.3 11.2 46.1 728.7 0.00 0 0.0 15.0 24.1 24.5 3.634  -38.8   14.4    3.2  46    3.1   5 0 0 1 1 1 0 11.5 47.1 11.5 47.7 80.0 100 100 20 408 0 143 0 401 401 400 0 0 0 59 50 AUTO 0 
b.1 2025-07-18 10:10:12.724 a 2025-07-18-10:10:03 134 075 325 0.1 2.5 5.4 11.1 45.2 728.7 0.00 0 0.0 15.1 24.1 24.5 3.627  -37.7   14.5    3.3  46    3.1  12 0 0 1 1 1 0 11.5 47.0 11.5 47.3 80.0 100 100 20 408 0 143 0 401 402 400 0 0 0 59 50 AUTO 0 
b.1 2025-07-18 10:11:11.701 a 2025-07-18-10:11:02 020 091 130 0.8 4.9 9.3 11.0 34.4 728.4 0.00 0 0.0 14.7 23.3 23.4 3.634  -41.6   14.5    4.9  45    2.7  16 0 0 1 1 1 0 11.5 41.1 11.5 41.6 80.0 100 100 20 408 0 143 0 401 401 400 0 0 0 59 50 AUTO 0 
b.1 2025-07-18 10:12:10.483 a 2025-07-18-10:12:01 161 090 333 0.5 4.2 8.2 11.5 40.0 728.6 0.00 0 0.0 14.9 24.1 24.5 3.634  -41.7   14.5    5.4  44    2.6  13 0 0 1 1 1 0 11.5 45.4 11.6 45.3 80.0 100 100 20 408 0 143 0 402 401 400 0 0 0 59 50 AUTO 0 
b.1 2025-07-18 10:13:10.562 a 2025-07-18-10:13:01 136 081 276 1.4 4.8 8.7 11.3 40.0 728.6 0.00 0 0.0 15.0 24.1 24.5 3.634  -39.9   14.5    6.4  44    2.6  13 0 0 1 1 1 0 11.6 46.3 11.6 47.0 80.0 100 100 20 408 0 143 0 402 401 400 0 0 0 60 50 AUTO 0 
b.1 2025-07-18 10:14:13.948 a 2025-07-18-10:14:05 145 085 329 0.5 3.1 7.1 11.4 43.3 728.6 0.00 0 0.0 15.0 24.1 24.5 3.633  -42.7   14.6    5.2  44    2.6  13 0 0 1 1 1 0 11.6 45.7 11.5 46.3 80.0 100 100 20 408 0 143 0 401 401 400 0 0 0 60 50 AUTO 0 
b.1 2025-07-18 10:15:14.864 a 2025-07-18-10:15:06 187 075 307 0.4 4.4 8.7 11.4 43.3 728.7 0.00 0 0.0 14.9 23.7 23.4 3.633  -38.7   14.6    6.1  44    2.6  13 0 0 1 1 1 0 11.6 45.3 11.5 45.4 80.0 100 100 20 408 0 143 0 401 401 399 0 0 0 60 50 AUTO 0 
b.1 2025-07-18 10:16:11.444 a 2025-07-18-10:16:02 139 072 237 0.6 3.6 8.4 11.4 44.0 728.7 0.00 0 0.0 14.8 23.3 23.4 3.634  -42.8   14.6    6.4  44    2.6  13 0 0 1 1 1 0 11.6 44.7 11.6 45.1 80.0 100 100 20 408 0 143 0 401 401 400 0 0 0 60 50 AUTO 0 
b.1 2025-07-18 10:17:11.345 a 2025-07-18-10:17:02 131 078 358 0.4 4.1 8.8 11.2 39.8 728.6 0.00 0 0.0 15.0 24.1 24.5 3.633  -39.6   14.6    6.3  43    2.3  13 0 0 1 1 1 0 11.6 42.8 11.6 43.0 80.0 100 100 20 408 0 143 0 401 402 399 0 0 0 59 50 AUTO 0 
b.1 2025-07-18 10:18:09.604 a 2025-07-18-10:18:00 165 089 318 0.3 2.0 5.3 11.3 41.5 728.6 0.00 0 0.0 15.0 24.1 24.5 3.628  -37.0   14.6    3.9  44    2.4   5 0 0 1 1 1 0 11.6 44.9 11.6 45.3 80.0 100 100 20 408 0 143 0 401 401 400 0 0 0 60 50 AUTO 0 
b.1 2025-07-18 10:19:10.805 a 2025-07-18-10:19:01 145 070 296 0.5 2.6 6.7 11.3 44.0 728.6 0.00 0 0.0 14.9 24.1 24.5 3.627  -39.9   14.7    3.8  44    2.5  11 0 0 1 1 1 0 11.6 45.7 11.6 46.2 80.0 100 100 20 408 0 143 0 401 401 400 0 0 0 59 50 AUTO 0 
b.1 2025-07-18 10:20:10.469 a 2025-07-18-10:20:01 154 088 318 0.2 2.0 5.2 11.3 45.0 728.6 0.00 0 0.0 14.8 23.7 23.4 3.634  -39.4   14.7    3.1  44    2.6  10 0 0 1 1 1 0 11.6 46.0 11.6 46.6 80.0 100 100 20 408 0 143 0 401 401 400 0 0 0 60 50 AUTO 0 
b.1 2025-07-18 10:21:12.944 a 2025-07-18-10:21:04 161 080 000 0.9 3.1 5.9 11.2 44.2 728.6 0.00 0 0.0 14.8 23.7 23.4 3.634  -38.8   14.7    3.7  44    2.7  10 0 0 1 1 1 0 11.5 47.6 11.5 47.8 80.0 100 100 20 408 0 143 0 401 402 400 0 0 0 59 50 AUTO 0 
b.1 2025-07-18 10:22:10.888 a 2025-07-18-10:22:02 023 085 147 1.8 3.4 6.5 11.1 45.7 728.6 0.00 0 0.0 14.9 24.1 24.5 3.627  -41.3   14.7    4.3  44    2.7  10 0 0 1 1 1 0 11.5 48.0 11.5 48.3 80.0 100 100 20 408 0 143 0 401 401 400 0 0 0 59 50 AUTO 0 
b.1 2025-07-18 10:23:12.634 a 2025-07-18-10:23:03 077 101 149 1.4 6.8 11.2 11.1 34.1 728.6 0.00 0 0.0 15.1 24.1 24.4 3.628  -42.1   14.7    7.5  42    2.0  13 0 0 1 1 1 0 11.5 40.0 11.5 41.2 80.0 100 100 20 408 0 143 0 401 401 400 0 0 0 59 50 AUTO 0 
b.1 2025-07-18 10:24:10.948 a 2025-07-18-10:24:02 121 083 283 0.3 3.5 6.7 11.4 38.8 728.6 0.00 0 0.0 14.9 23.8 23.4 3.633  -42.3   14.7    5.7  42    2.1  13 0 0 1 1 1 0 11.6 42.5 11.6 43.2 80.0 100 100 20 408 0 143 0 401 401 400 0 0 0 59 50 AUTO 0 
b.1 2025-07-18 10:25:13.664 a 2025-07-18-10:25:04 027 085 128 0.6 3.5 8.2 11.4 40.8 728.6 0.00 0 0.0 14.7 23.6 23.4 3.633  -38.5   14.7    5.6  43    2.3   0 0 0 1 1 1 0 11.6 44.5 11.6 45.1 80.0 100 100 20 408 0 143 0 401 401 400 0 0 0 60 50 AUTO 0 
b.1 2025-07-18 10:26:10.308 a 2025-07-18-10:26:01 000 071 129 0.2 3.0 6.0 11.4 43.7 728.6 0.00 0 0.0 14.9 24.1 24.5 3.627  -40.1   14.7    5.0  43    2.4  10 0 0 1 1 1 0 11.6 47.8 11.6 48.2 80.0 100 100 20 408 0 143 0 401 402 399 0 0 0 59 50 AUTO 0 
b.1 2025-07-18 10:27:11.272 a 2025-07-18-10:27:02 131 077 308 0.3 4.9 10.1 11.2 45.5 728.6 0.00 0 0.0 15.0 24.1 24.4 3.626  -40.4   14.7    7.1  43    2.4  15 0 0 1 1 1 0 11.6 45.0 11.6 45.5 80.0 100 100 20 408 0 143 0 401 401 400 0 0 0 60 50 AUTO 0 
b.1 2025-07-18 10:28:09.947 a 2025-07-18-10:28:01 127 074 323 0.5 3.5 9.2 11.2 43.9 728.5 0.00 0 0.0 15.1 24.1 24.5 3.627  -40.5   14.7    6.1  44    2.5  13 0 0 1 1 1 0 11.5 45.2 11.6 45.6 80.0 100 100 20 408 0 143 0 401 401 400 0 0 0 60 50 AUTO 0 
b.1 2025-07-18 10:29:13.128 a 2025-07-18-10:29:04 176 091 355 0.6 3.8 9.2 11.2 43.8 728.7 0.00 0 0.0 14.7 23.3 23.4 3.633  -40.5   14.7    6.2  43    2.4  13 0 0 1 1 1 0 11.6 45.6 11.5 46.1 80.0 100 100 20 408 0 143 0 401 402 400 0 0 0 60 50 AUTO 0 
b.1 2025-07-18 10:30:16.226 a 2025-07-18-10:30:07 168 108 335 0.1 2.0 6.9 11.2 41.7 728.6 0.00 0 0.0 14.9 24.1 24.5 3.627  -38.6   14.7    3.5  43    2.2   5 0 0 1 1 1 0 11.6 45.4 11.5 45.5 80.0 100 100 20 408 0 143 0 401 402 400 0 0 0 59 50 AUTO 0 
b.1 2025-07-18 10:31:11.707 a 2025-07-18-10:31:02 183 073 303 0.7 3.3 6.8 11.2 43.0 728.5 0.00 0 0.0 15.0 24.1 24.5 3.628  -38.6   14.7    4.1  43    2.4  12 0 0 1 1 1 0 11.6 47.6 11.5 48.1 80.0 100 100 20 408 0 143 0 402 401 400 0 0 0 59 50 AUTO 0 
b.1 2025-07-18 10:32:11.229 a 2025-07-18-10:32:02 183 088 209 0.4 3.8 9.2 11.1 43.9 728.6 0.00 0 0.0 14.9 23.9 23.4 3.633  -42.7   14.7    5.0  43    2.3  15 0 0 1 1 1 0 11.5 46.5 11.5 46.8 80.0 100 100 20 408 0 143 0 401 401 399 0 0 0 60 50 AUTO 0 
b.1 2025-07-18 10:33:11.072 a 2025-07-18-10:33:02 156 079 317 0.3 3.1 7.4 11.2 43.6 728.6 0.00 0 0.0 14.8 23.7 23.4 3.635  -39.2   14.7    4.6  43    2.2  13 0 0 1 1 1 0 11.5 44.1 11.5 44.3 80.0 100 100 20 408 0 143 0 401 401 400 0 0 0 60 50 AUTO 0 
b.1 2025-07-18 10:34:11.970 a 2025-07-18-10:34:03 164 082 348 0.5 4.8 10.1 11.2 40.1 728.5 0.00 0 0.0 14.9 24.0 23.4 3.633  -39.1   14.7    5.9  42    2.0  13 0 0 1 1 1 0 11.5 42.3 11.5 42.7 80.0 100 100 20 408 0 143 0 401 402 400 0 0 0 59 50 AUTO 0 
b.1 2025-07-18 10:35:12.930 a 2025-07-18-10:35:04 195 091 302 0.1 3.1 6.6 11.3 43.3 728.5 0.00 0 0.0 15.0 24.1 24.5 3.627  -40.4   14.7    5.5  42    2.1  13 0 0 1 1 1 0 11.5 45.1 11.6 45.2 80.0 100 100 20 408 0 143 0 401 401 399 0 0 0 60 50 AUTO 0 
b.1 2025-07-18 10:36:14.805 a 2025-07-18-10:36:05 133 077 313 0.7 5.0 10.3 11.2 43.1 728.6 0.00 0 0.0 15.0 24.1 24.5 3.628  -43.1   14.7    7.2  43    2.2  13 0 0 1 1 1 0 11.5 45.2 11.6 45.5 80.0 100 100 20 408 0 143 0 401 402 399 0 0 0 60 50 AUTO 0 
b.1 2025-07-18 10:37:11.309 a 2025-07-18-10:37:02 039 084 173 0.9 5.6 8.2 11.1 38.3 728.5 0.00 0 0.0 14.9 23.9 23.4 3.634  -40.4   14.7    9.1  42    2.1  13 0 0 1 1 1 0 11.5 45.5 11.6 45.7 80.0 100 100 20 408 0 143 0 401 401 400 0 0 0 59 50 AUTO 0 
b.1 2025-07-18 10:38:11.055 a 2025-07-18-10:38:02 014 084 173 0.8 4.9 7.8 11.2 42.1 728.6 0.00 0 0.0 14.8 23.3 23.4 3.634  -41.4   14.7    8.4  42    2.1  13 0 0 1 1 1 0 11.6 45.4 11.5 45.8 80.0 100 100 20 408 0 143 0 401 402 400 0 0 0 60 50 AUTO 0 
b.1 2025-07-18 10:39:11.030 a 2025-07-18-10:39:02 031 093 153 2.4 5.2 8.3 11.2 37.0 728.5 0.00 0 0.0 14.9 23.6 23.4 3.634  -40.5   14.7    9.3  41    1.7  13 0 0 1 1 1 0 11.6 38.3 11.5 38.8 80.0 100 100 20 408 0 143 0 401 401 400 0 0 0 59 50 AUTO 0 
b.1 2025-07-18 10:40:12.730 a 2025-07-18-10:40:03 006 082 150 1.3 4.3 6.8 11.3 43.3 728.6 0.00 0 0.0 15.0 24.0 23.4 3.633  -40.6   14.7    7.5  42    1.9  13 0 0 1 1 1 0 11.6 43.6 11.6 44.3 80.0 100 100 20 408 0 143 0 401 401 400 0 0 0 60 50 AUTO 0 
b.1 2025-07-18 10:41:12.211 a 2025-07-18-10:41:03 185 078 279 0.3 3.7 7.2 11.3 45.1 728.5 0.00 0 0.0 15.0 24.1 24.5 3.626  -40.4   14.7    7.3  43    2.1  13 0 0 1 1 1 0 11.6 46.2 11.5 46.7 80.0 100 100 20 408 0 143 0 401 401 400 0 0 0 59 50 AUTO 0 
b.1 2025-07-18 10:42:14.210 a 2025-07-18-10:42:05 044 099 144 0.4 6.2 9.8 11.2 38.1 728.5 0.00 0 0.0 15.0 24.1 24.5 3.627  -41.6   14.7   10.1  42    1.8  13 0 0 1 1 1 0 11.5 41.1 11.5 41.7 80.0 100 100 20 408 0 143 0 401 402 400 0 0 0 59 50 AUTO 0 
b.1 2025-07-18 10:43:11.273 a 2025-07-18-10:43:02 024 077 116 1.8 4.6 7.7 11.2 40.7 728.5 0.00 0 0.0 14.9 23.7 23.4 3.634  -42.0   14.7    8.5  41    1.7  13 0 0 1 1 1 0 11.5 41.6 11.5 42.1 80.0 100 100 20 408 0 143 0 401 401 400 0 0 0 59 50 AUTO 0 
b.1 2025-07-18 10:44:12.132 a 2025-07-18-10:44:03 186 081 320 0.3 3.5 7.2 11.2 41.2 728.5 0.00 0 0.0 14.7 23.2 23.4 3.634  -39.7   14.7    6.8  42    1.9  13 0 0 1 1 1 0 11.5 43.6 11.6 44.0 80.0 100 100 20 408 0 143 0 401 401 400 0 0 0 59 50 AUTO 0 
b.1 2025-07-18 10:45:15.267 a 2025-07-18-10:45:06 003 083 126 1.0 5.2 10.9 11.2 38.4 728.5 0.00 0 0.0 14.8 23.7 23.4 3.633  -40.3   14.7    8.1  40    1.4  13 0 0 1 1 1 0 11.5 40.8 11.6 41.1 80.0 100 100 20 408 0 143 0 401 402 400 0 0 0 60 50 AUTO 0 
b.1 2025-07-18 10:46:12.953 a 2025-07-18-10:46:04 170 088 357 0.2 3.0 7.0 11.4 38.6 728.5 0.00 0 0.0 15.0 24.1 24.5 3.637  -37.6   14.7    5.6  41    1.6   9 0 0 1 1 1 0 11.6 41.9 11.6 42.3 80.0 100 100 20 408 0 143 0 401 402 400 0 0 0 60 50 AUTO 0 
b.1 2025-07-18 10:47:09.253 a 2025-07-18-10:47:00 030 096 140 1.2 7.8 12.6 11.4 41.0 728.5 0.00 0 0.0 14.9 23.9 23.4 3.634  -41.5   14.7   11.5  41    1.6  14 0 0 1 1 1 0 11.6 42.5 11.6 42.9 80.0 100 100 20 408 0 143 0 401 401 400 0 0 0 60 50 AUTO 0 
b.1 2025-07-18 10:48:12.213 a 2025-07-18-10:48:03 205 076 311 0.2 3.7 8.5 11.4 40.0 728.5 0.00 0 0.0 14.9 23.6 23.4 3.634  -39.0   14.7    7.5  41    1.5  13 0 0 1 1 1 0 11.6 41.2 11.5 41.7 80.0 100 100 20 408 0 143 0 401 401 399 0 0 0 60 50 AUTO 0 
b.1 2025-07-18 10:49:09.651 a 2025-07-18-10:49:00 135 090 356 0.9 4.3 10.5 11.3 40.9 728.5 0.00 0 0.0 14.8 23.7 23.4 3.633  -44.1   14.7    7.3  41    1.4  13 0 0 1 1 1 0 11.6 42.7 11.6 43.1 80.0 100 100 20 408 0 143 0 401 402 400 0 0 0 59 50 AUTO 0 
b.1 2025-07-18 10:50:14.371 a 2025-07-18-10:50:05 184 091 347 0.4 3.6 8.5 11.2 36.6 728.4 0.00 0 0.0 15.0 24.1 24.5 3.635  -41.3   14.7    6.1  40    1.4  13 0 0 1 1 1 0 11.6 39.7 11.6 40.4 80.0 100 100 20 408 0 143 0 401 401 400 0 0 0 59 50 AUTO 0 
b.1 2025-07-18 10:51:11.509 a 2025-07-18-10:51:02 147 074 252 0.2 3.0 6.3 11.3 40.9 728.4 0.00 0 0.0 14.9 23.9 23.4 3.634  -41.3   14.7    4.8  41    1.7   5 0 0 1 1 1 0 11.6 43.8 11.5 44.1 80.0 100 100 20 408 0 143 0 401 401 400 0 0 0 59 50 AUTO 0 
b.1 2025-07-18 10:52:09.694 a 2025-07-18-10:52:00 147 073 237 0.2 2.8 6.3 11.3 39.2 728.5 0.00 0 0.0 14.7 23.3 23.4 3.633  -39.5   14.7    4.3  41    1.6  11 0 0 1 1 1 0 11.6 42.9 11.5 43.3 80.0 100 100 20 408 0 143 0 402 402 400 0 0 0 60 50 AUTO 0 
b.1 2025-07-18 10:53:09.312 a 2025-07-18-10:53:00 187 082 325 0.3 3.2 8.5 11.3 42.0 728.5 0.00 0 0.0 14.9 24.0 23.4 3.633  -41.5   14.7    4.1  41    1.6  14 0 0 1 1 1 0 11.5 43.0 11.6 43.8 80.0 100 100 20 408 0 143 0 401 401 399 0 0 0 59 50 AUTO 0 
b.1 2025-07-18 10:54:11.677 a 2025-07-18-10:54:02 119 071 244 0.2 2.3 6.9 11.1 35.3 728.3 0.00 0 0.0 15.1 24.1 24.5 3.627  -37.5   14.7    3.6  40    1.4  12 0 0 1 1 1 0 11.5 39.4 11.5 39.7 80.0 100 100 20 408 0 143 0 401 401 400 0 0 0 60 50 AUTO 0 
b.1 2025-07-18 10:55:13.552 a 2025-07-18-10:55:04 163 072 321 0.2 2.6 6.2 11.2 37.8 728.4 0.00 0 0.0 14.8 23.7 23.4 3.634  -39.8   14.7    3.7  40    1.3  12 0 0 1 1 1 0 11.5 39.2 11.6 39.8 80.0 100 100 20 408 0 143 0 401 401 400 0 0 0 60 50 AUTO 0 
b.1 2025-07-18 10:56:09.453 a 2025-07-18-10:56:00 129 088 315 0.3 4.1 10.7 11.2 36.3 728.5 0.00 0 0.0 14.8 23.8 23.4 3.634  -39.2   14.7    4.9  39    1.0  12 0 0 1 1 1 0 11.5 39.8 11.6 40.0 80.0 100 100 20 408 0 143 0 402 401 400 0 0 0 59 50 AUTO 0 
b.1 2025-07-18 10:57:15.132 a 2025-07-18-10:57:06 022 088 143 1.0 4.7 8.8 11.2 39.8 728.5 0.00 0 0.0 15.0 24.1 24.5 3.627  -42.5   14.7    6.4  39    1.0  12 0 0 1 1 1 0 11.5 41.4 11.5 41.4 80.0 100 100 20 408 0 143 0 401 402 400 0 0 0 59 50 AUTO 0 
b.1 2025-07-18 10:58:11.035 a 2025-07-18-10:58:02 022 088 125 0.8 4.4 7.6 11.2 38.5 728.4 0.00 0 0.0 15.1 24.1 24.5 3.626  -39.7   14.7    6.7  40    1.1  12 0 0 1 1 1 0 11.6 41.9 11.5 42.5 80.0 100 100 20 408 0 143 0 401 401 400 0 0 0 59 50 AUTO 0 
b.1 2025-07-18 10:59:11.474 a 2025-07-18-10:59:02 146 077 285 0.3 3.1 7.3 11.3 38.5 728.5 0.00 0 0.0 14.9 23.8 23.4 3.634  -40.8   14.7    5.6  40    1.1  12 0 0 1 1 1 0 11.5 39.9 11.6 40.3 80.0 100 100 20 408 0 143 0 401 402 400 0 0 0 59 50 AUTO 0 
b.1 2025-07-18 11:00:13.576 a 2025-07-18-11:00:04 003 096 154 0.8 4.4 6.9 11.3 35.6 728.6 0.00 0 0.0 14.9 23.6 23.4 3.634  -41.3   14.7    6.5  39    1.0  12 0 0 1 1 1 0 11.6 40.7 11.6 40.8 80.0 100 100 20 408 0 143 0 401 401 400 0 0 0 59 50 AUTO 0 
b.1 2025-07-18 11:01:10.855 a 2025-07-18-11:01:01 012 067 126 0.5 4.1 8.6 11.3 38.9 728.5 0.00 0 0.0 14.8 23.3 23.4 3.635  -40.2   14.7    6.9  40    1.2  12 0 0 1 1 1 0 11.6 41.5 11.6 42.2 80.0 100 100 20 408 0 143 0 401 401 400 0 0 0 59 50 AUTO 0 
b.1 2025-07-18 11:02:10.375 a 2025-07-18-11:02:01 192 089 343 0.4 3.3 7.0 11.3 37.4 728.5 0.00 0 0.0 15.0 24.1 24.5 3.628  -41.9   14.7    6.1  39    1.1  12 0 0 1 1 1 0 11.5 39.5 11.5 39.8 80.0 100 100 20 408 0 143 0 401 401 400 0 0 0 59 50 AUTO 0 
b.1 2025-07-18 11:03:12.499 a 2025-07-18-11:03:03 157 094 303 0.2 3.5 6.4 11.2 37.3 728.5 0.00 0 0.0 15.0 24.1 24.5 3.627  -41.4   14.7    5.7  39    1.0  12 0 0 1 1 1 0 11.5 39.1 11.6 39.4 80.0 100 100 20 408 0 143 2 401 401 399 0 0 3 59 50 AUTO 0 
b.1 2025-07-18 11:04:13.036 a 2025-07-18-11:04:04 009 085 136 0.5 4.6 7.5 11.3 36.3 728.5 0.00 0 0.0 14.9 23.6 23.4 3.634  -41.5   14.7    6.9  39    0.9  12 0 0 1 1 1 0 11.5 40.8 11.5 40.9 80.0 100 100 20 408 0 143 0 401 401 400 0 0 0 60 50 AUTO 0 
b.1 2025-07-18 11:05:13.516 a 2025-07-18-11:05:04 036 091 140 2.2 5.6 9.1 11.3 37.7 728.5 0.00 0 0.0 14.8 23.3 23.4 3.633  -41.5   14.7    9.2  39    0.9  12 0 0 1 1 1 0 11.5 40.3 11.5 40.3 80.0 100 100 20 408 0 143 0 401 401 399 0 0 0 59 50 AUTO 0 
b.1 2025-07-18 11:06:13.505 a 2025-07-18-11:06:04 147 066 250 0.2 4.1 8.1 11.3 39.7 728.5 0.00 0 0.0 14.9 24.1 24.4 3.626  -40.7   14.7    7.6  40    1.1  12 0 0 1 1 1 0 11.5 42.5 11.5 42.6 80.0 100 100 20 408 0 143 0 401 402 400 0 0 0 60 50 AUTO 0 
b.1 2025-07-18 11:07:13.842 a 2025-07-18-11:07:04 192 085 228 0.1 3.7 8.8 11.2 39.6 728.5 0.00 0 0.0 15.0 24.1 24.5 3.627  -38.6   14.7    6.2  40    1.1  12 0 0 1 1 1 0 11.4 41.6 11.5 41.9 80.0 100 100 20 408 0 143 0 401 401 400 0 0 0 60 50 AUTO 0 
b.1 2025-07-18 11:08:12.421 a 2025-07-18-11:08:03 136 069 227 0.2 4.2 7.8 11.1 38.3 728.5 0.00 0 0.0 14.9 23.8 23.4 3.633  -41.8   14.7    6.8  39    1.0  12 0 0 1 1 1 0 11.4 40.9 11.5 40.8 80.0 100 100 20 408 0 143 0 401 401 400 0 0 0 59 50 AUTO 0 
b.1 2025-07-18 11:09:11.654 a 2025-07-18-11:09:02 011 084 148 0.9 4.1 7.2 11.2 38.6 728.5 0.00 0 0.0 14.8 23.7 23.4 3.635  -41.0   14.7    6.8  39    1.1  12 0 0 1 1 1 0 11.4 42.1 11.5 42.4 80.0 100 100 20 408 0 143 0 401 402 400 0 0 0 59 50 AUTO 0 
b.1 2025-07-18 11:10:13.036 a 2025-07-18-11:10:04 186 075 307 0.9 3.6 7.8 11.2 37.9 728.5 0.00 0 0.0 14.9 24.1 24.5 3.627  -41.0   14.7    5.9  39    0.9  12 0 0 1 1 1 0 11.5 40.2 11.5 40.6 80.0 100 100 20 408 0 143 0 401 402 400 0 0 0 59 50 AUTO 0 
b.1 2025-07-18 11:11:10.177 a 2025-07-18-11:11:01 004 086 175 0.7 3.7 8.3 11.2 37.8 728.5 0.00 0 0.0 15.1 24.1 24.4 3.633  -40.4   14.7    5.8  39    0.8  12 0 0 1 1 1 0 11.5 39.4 11.5 39.5 80.0 100 100 20 408 0 143 0 401 401 400 0 0 0 59 50 AUTO 0 
b.1 2025-07-18 11:12:12.677 a 2025-07-18-11:12:03 174 085 263 0.6 3.6 7.2 11.1 35.3 728.5 0.00 0 0.0 14.8 23.7 23.4 3.633  -40.5   14.7    5.3  38    0.6   0 0 0 1 1 1 0 11.5 36.2 11.5 36.9 80.0 100 100 20 408 0 143 0 402 401 400 0 0 0 59 50 AUTO 0 
b.1 2025-07-18 11:13:13.536 a 2025-07-18-11:13:04 018 078 129 0.7 3.9 7.6 11.2 35.0 728.5 0.00 0 0.0 14.7 23.6 23.4 3.634  -40.5   14.7    5.8  38    0.4  11 0 0 1 1 1 0 11.5 36.9 11.5 37.0 80.0 100 100 20 408 0 143 0 402 401 400 0 0 0 59 50 AUTO 0 
b.1 2025-07-18 11:14:12.838 a 2025-07-18-11:14:03 209 093 310 0.9 4.1 9.1 11.3 35.4 728.4 0.00 0 0.0 14.9 24.1 24.5 3.628  -39.8   14.7    6.4  38    0.5  13 0 0 1 1 1 0 11.5 37.9 11.5 38.3 80.0 100 100 20 408 0 143 0 401 401 399 0 0 0 60 50 AUTO 0 
b.1 2025-07-18 11:15:12.536 a 2025-07-18-11:15:03 199 106 279 1.1 4.7 8.9 11.3 33.8 728.4 0.00 0 0.0 15.0 24.1 24.4 3.633  -41.3   14.7    7.9  38    0.5  13 0 0 1 1 1 0 11.5 37.8 11.5 37.9 80.0 100 100 20 408 0 143 0 401 401 400 0 0 0 59 50 AUTO 0 
b.1 2025-07-18 11:16:12.221 a 2025-07-18-11:16:03 143 100 348 0.4 3.7 7.5 11.3 33.9 728.4 0.00 0 0.0 14.9 24.0 23.4 3.634  -41.4   14.7    6.7  38    0.4  13 0 0 1 1 1 0 11.5 37.3 11.5 37.7 80.0 100 100 20 408 0 143 0 401 402 400 0 0 0 60 50 AUTO 0 
b.1 2025-07-18 11:17:10.578 a 2025-07-18-11:17:01 258 103 324 0.3 4.6 10.5 11.2 32.6 728.4 0.00 0 0.0 14.8 23.7 23.4 3.634  -44.7   14.7    7.4  37    0.2  13 0 0 1 1 1 0 11.5 35.9 11.5 36.2 80.0 100 100 20 408 0 143 0 401 401 400 0 0 0 59 50 AUTO 0 
b.1 2025-07-18 11:18:07.638 a 2025-07-18-11:17:58 067 095 151 0.6 5.9 10.5 11.2 32.6 728.4 0.00 0 0.0 14.8 23.7 23.4 3.633  -40.8   14.7    9.2  37    0.1  13 0 0 1 1 1 0 11.6 36.1 11.6 36.3 80.0 100 100 20 408 0 143 0 401 401 400 0 0 0 60 50 AUTO 0 
b.1 2025-07-18 11:19:11.796 a 2025-07-18-11:19:02 019 087 160 1.3 4.7 8.6 11.2 33.2 728.4 0.00 0 0.0 15.0 24.1 24.5 3.634  -42.0   14.8    8.0  37    0.2  13 0 0 1 1 1 0 11.6 36.5 11.6 36.8 80.0 100 100 20 408 0 143 0 401 402 400 0 0 0 59 50 AUTO 0 
b.1 2025-07-18 11:20:11.180 a 2025-07-18-11:20:02 024 097 204 1.1 4.8 9.1 11.4 34.2 728.3 0.00 0 0.0 15.0 24.1 24.5 3.627  -38.5   14.8    8.2  37    0.2  13 0 0 1 1 1 0 11.6 36.8 11.6 37.1 80.0 100 100 20 408 0 143 0 401 401 400 0 0 0 60 50 AUTO 0 
b.1 2025-07-18 11:21:08.898 a 2025-07-18-11:20:59 204 078 304 0.3 3.0 6.4 11.4 35.6 728.5 0.00 0 0.0 14.9 23.9 23.4 3.633  -40.6   14.8    5.7  37    0.3   0 0 0 1 1 1 0 11.6 38.5 11.5 38.7 80.0 100 100 20 408 0 143 0 401 401 400 0 0 0 60 50 AUTO 0 
b.1 2025-07-18 11:22:12.920 a 2025-07-18-11:22:04 134 092 328 0.7 5.0 7.9 11.4 34.9 728.5 0.00 0 0.0 14.8 23.7 23.4 3.633  -41.2   14.8    7.5  37    0.2  12 0 0 1 1 1 0 11.5 36.5 11.6 36.9 80.0 100 100 20 408 0 143 0 401 401 400 0 0 0 60 50 AUTO 0 
b.1 2025-07-18 11:23:09.038 a 2025-07-18-11:23:00 154 080 339 0.1 4.1 8.4 11.3 33.7 728.5 0.00 0 0.0 14.8 23.6 23.4 3.633  -38.1   14.8    6.3  36    0.1  11 0 0 1 1 1 0 11.5 35.6 11.5 35.9 80.0 100 100 20 408 0 143 0 401 401 400 0 0 0 60 50 AUTO 0 
b.1 2025-07-18 11:24:13.581 a 2025-07-18-11:24:04 222 082 253 0.2 2.7 7.1 11.3 34.0 728.4 0.00 0 0.0 14.8 23.7 23.4 3.634  -38.9   14.8    4.6  36    0.1  11 0 0 1 1 1 0 11.6 34.9 11.6 35.6 80.0 100 100 20 408 0 143 0 401 401 400 0 0 0 59 50 AUTO 0 
b.1 2025-07-18 11:25:14.759 a 2025-07-18-11:25:05 144 091 297 0.4 4.4 8.7 11.3 32.8 728.5 0.00 0 0.0 14.9 24.0 24.5 3.627  -39.7   14.8    5.7  36   -0.1  12 0 0 1 1 1 0 11.6 35.0 11.6 35.3 80.0 100 100 20 408 0 143 0 401 401 400 0 0 0 60 50 AUTO 0 
b.1 2025-07-18 11:26:10.940 a 2025-07-18-11:26:02 150 093 313 0.3 3.8 10.4 11.3 32.8 728.5 0.00 0 0.0 15.0 24.1 24.5 3.627  -39.7   14.8    6.0  36   -0.1  12 0 0 1 1 1 0 11.6 34.3 11.6 34.6 80.0 100 100 20 408 0 143 0 401 401 400 0 0 0 59 50 AUTO 0 
b.1 2025-07-18 11:27:11.661 a 2025-07-18-11:27:02 169 096 355 0.6 3.4 7.2 11.4 33.1 728.5 0.00 0 0.0 14.9 24.0 24.4 3.627  -40.3   14.8    5.4  36   -0.1  12 0 0 1 1 1 0 11.6 36.7 11.6 36.7 80.0 100 100 20 408 0 143 0 401 401 400 0 0 0 59 50 AUTO 0 
b.1 2025-07-18 11:28:13.464 a 2025-07-18-11:28:04 136 090 217 0.2 2.9 7.8 11.3 34.9 728.5 0.00 0 0.0 14.9 23.8 23.4 3.634  -38.8   14.8    4.2  36    0.0  12 0 0 1 1 1 0 11.5 36.1 11.6 36.4 80.0 100 100 20 408 0 143 0 402 401 400 0 0 0 60 50 AUTO 0 
b.1 2025-07-18 11:29:14.322 a 2025-07-18-11:29:05 139 083 318 0.3 4.1 9.4 11.3 32.3 728.5 0.00 0 0.0 14.8 23.6 23.4 3.634  -39.5   14.8    5.5  36   -0.1  12 0 0 1 1 1 0 11.5 38.0 11.6 37.7 80.0 100 100 20 408 0 143 0 402 401 400 0 0 0 60 50 AUTO 0 
b.1 2025-07-18 11:30:13.457 a 2025-07-18-11:30:04 170 079 305 0.2 2.3 6.7 11.3 36.8 728.6 0.00 0 0.0 14.9 23.9 23.4 3.634  -42.9   14.8    4.2  37    0.3   5 0 0 1 1 1 0 11.5 42.6 11.5 42.5 80.0 100 100 20 408 0 143 0 401 401 400 0 0 0 60 50 AUTO 0 
b.1 2025-07-18 11:31:11.122 a 2025-07-18-11:31:02 142 079 310 0.4 3.9 8.7 11.1 34.3 728.5 0.00 0 0.0 15.0 24.1 24.5 3.627  -38.9   14.8    5.0  37    0.3  14 0 0 1 1 1 0 11.5 41.9 11.5 41.7 80.0 100 100 20 408 0 143 0 401 401 399 0 0 0 60 50 AUTO 0 
b.1 2025-07-18 11:32:13.341 a 2025-07-18-11:32:04 009 101 224 0.5 4.7 10.0 11.2 34.4 728.5 0.00 0 0.0 15.0 24.1 24.5 3.628  -41.6   14.8    6.7  37    0.3  13 0 0 1 1 1 0 11.5 38.2 11.5 38.3 80.0 100 100 20 408 0 143 0 401 401 400 0 0 0 60 50 AUTO 0 
b.1 2025-07-18 11:33:08.944 a 2025-07-18-11:32:59 134 084 271 0.6 4.2 7.5 11.2 36.2 728.5 0.00 0 0.0 14.7 23.3 23.4 3.633  -40.7   14.8    6.4  37    0.2  13 0 0 1 1 1 0 11.5 39.2 11.5 39.5 80.0 100 100 20 408 0 143 0 401 401 400 0 0 0 60 50 AUTO 0 
b.1 2025-07-18 11:34:09.921 a 2025-07-18-11:34:01 162 087 317 0.6 3.5 7.4 11.2 37.8 728.5 0.00 0 0.0 15.0 24.1 24.4 3.627  -41.4   14.8    5.9  37    0.2  13 0 0 1 1 1 0 11.5 38.5 11.5 39.0 80.0 100 100 20 408 0 144 0 401 401 399 0 0 0 60 50 AUTO 0 
b.1 2025-07-18 11:35:12.061 a 2025-07-18-11:35:03 153 088 329 0.3 3.6 8.0 11.1 35.3 728.5 0.00 0 0.0 15.0 24.1 24.5 3.628  -42.0   14.8    5.9  37    0.2  13 0 0 1 1 1 0 11.5 38.9 11.5 39.2 80.0 100 100 20 408 0 143 0 401 401 399 0 0 0 59 50 AUTO 0 
b.1 2025-07-18 11:36:11.940 a 2025-07-18-11:36:03 125 106 306 0.1 3.5 7.5 11.1 32.6 728.5 0.00 0 0.0 15.1 24.1 24.5 3.627  -41.0   14.8    5.3  36    0.0  13 0 0 1 1 1 0 11.5 37.7 11.5 37.9 80.0 100 100 20 408 0 144 0 401 401 400 0 0 0 59 50 AUTO 0 
b.1 2025-07-18 11:37:08.404 a 2025-07-18-11:36:59 198 068 307 0.3 3.3 6.7 11.2 31.9 728.4 0.00 0 0.0 14.7 23.3 23.4 3.633  -40.0   14.8    4.8  36   -0.2  13 0 0 1 1 1 0 11.5 36.5 11.5 36.8 80.0 100 100 20 408 0 144 0 401 401 400 0 0 0 60 50 AUTO 0 
b.1 2025-07-18 11:38:12.244 a 2025-07-18-11:38:03 014 093 186 1.1 4.7 7.9 11.3 31.4 728.5 0.00 0 0.0 14.9 23.7 23.4 3.634  -44.8   14.8    6.2  35   -0.4  13 0 0 1 1 1 0 11.5 35.9 11.6 36.0 80.0 100 100 20 408 0 144 0 401 401 400 0 0 0 60 50 AUTO 0 
b.1 2025-07-18 11:39:09.904 a 2025-07-18-11:39:00 010 087 138 0.4 3.4 6.7 11.4 31.6 728.6 0.00 0 0.0 15.1 24.1 24.5 3.628  -42.2   14.8    5.6  35   -0.5  13 0 0 1 1 1 0 11.5 35.6 11.6 35.9 80.0 100 100 20 408 0 144 0 402 401 400 0 0 0 60 50 AUTO 0 
b.1 2025-07-18 11:40:12.726 a 2025-07-18-11:40:03 013 091 168 0.9 3.5 6.1 11.3 31.7 728.5 0.00 0 0.0 15.1 24.1 24.5 3.627  -40.6   14.8    5.4  35   -0.5   5 0 0 1 1 1 0 11.5 35.4 11.6 35.6 80.0 100 100 20 408 0 143 0 401 401 400 0 0 0 59 50 AUTO 0 
b.1 2025-07-18 11:41:11.483 a 2025-07-18-11:41:02 034 093 240 0.2 4.4 8.1 11.3 29.5 728.5 0.00 0 0.0 14.8 23.6 23.4 3.633  -41.5   14.8    6.6  34   -0.8   9 0 0 1 1 1 0 11.5 35.3 11.6 35.5 80.0 100 100 20 408 0 144 0 402 401 400 0 0 0 60 50 AUTO 0 
b.1 2025-07-18 11:42:10.223 a 2025-07-18-11:42:01 010 084 185 0.5 3.2 5.7 11.3 31.6 728.5 0.00 0 0.0 14.9 23.8 23.4 3.633  -40.5   14.8    5.7  34   -0.7  10 0 0 1 1 1 0 11.5 35.0 11.6 35.2 80.0 100 100 20 408 0 144 0 401 402 399 0 0 0 60 50 AUTO 0 
b.1 2025-07-18 11:43:08.088 a 2025-07-18-11:42:59 029 099 217 0.3 3.3 8.4 11.4 31.6 728.5 0.00 0 0.0 15.0 24.1 24.5 3.627  -42.8   14.8    5.5  34   -0.7  14 0 0 1 1 1 0 11.6 34.7 11.6 35.1 80.0 100 100 20 408 0 144 0 401 401 399 0 0 0 59 50 AUTO 0 
b.1 2025-07-18 11:44:09.924 a 2025-07-18-11:44:00 173 088 317 0.5 3.8 7.1 11.4 30.4 728.6 0.00 0 0.0 15.1 24.1 24.5 3.627  -41.8   14.8    5.6  34   -0.9  11 0 0 1 1 1 0 11.6 34.4 11.6 34.3 80.0 100 100 20 408 0 144 0 401 401 400 0 0 0 60 50 AUTO 0 
b.1 2025-07-18 11:45:11.523 a 2025-07-18-11:45:02 013 091 136 0.9 4.7 8.0 11.4 30.4 728.6 0.00 0 0.0 15.0 24.1 24.5 3.627  -42.1   14.9    6.5  34   -1.0  13 0 0 1 1 1 0 11.6 33.6 11.7 33.9 80.0 100 100 20 408 0 144 0 401 401 399 0 0 0 60 50 AUTO 0 
b.1 2025-07-18 11:46:10.302 a 2025-07-18-11:46:01 132 078 322 0.2 4.1 8.7 11.4 30.8 728.6 0.00 0 0.0 14.8 23.6 23.4 3.633  -43.5   14.9    6.5  33   -1.0  13 0 0 1 1 1 0 11.6 33.1 11.7 33.3 80.0 100 100 20 408 0 143 0 401 401 399 0 0 0 60 50 AUTO 0 
b.1 2025-07-18 11:47:09.226 a 2025-07-18-11:47:00 013 075 192 0.3 3.1 6.0 11.4 31.6 728.6 0.00 0 0.0 14.8 23.7 23.4 3.634  -39.6   14.9    5.4  34   -0.9  13 0 0 1 1 1 0 11.6 33.2 11.7 33.3 80.0 100 100 20 408 0 144 0 401 401 399 0 0 0 60 50 AUTO 0 
b.1 2025-07-18 11:48:10.023 a 2025-07-18-11:48:01 053 089 147 1.8 4.4 8.5 11.4 30.5 728.6 0.00 0 0.0 15.0 23.9 23.4 3.633  -43.8   14.9    6.5  34   -0.9  11 0 0 1 1 1 0 11.6 33.3 11.7 33.5 80.0 100 100 20 408 0 143 0 400 401 399 0 0 0 60 50 AUTO 0 
b.1 2025-07-18 11:49:11.082 a 2025-07-18-11:49:02 060 097 133 4.4 7.0 10.8 11.4 29.2 728.6 0.00 0 0.0 15.0 24.1 24.5 3.628  -42.7   14.9   10.9  33   -1.1  16 0 0 1 1 1 0 11.6 33.1 11.7 33.2 80.0 100 100 20 408 0 143 0 400 401 399 0 0 0 60 50 AUTO 0 
b.1 2025-07-18 11:50:12.365 a 2025-07-18-11:50:03 012 074 136 0.9 3.7 7.3 11.5 32.4 728.5 0.00 0 0.0 15.0 24.1 24.5 3.627  -42.3   14.9    7.3  34   -1.0  14 0 0 1 1 1 0 11.6 33.5 11.7 33.8 80.0 100 100 20 408 0 143 0 401 401 399 0 0 0 59 50 AUTO 0 
b.1 2025-07-18 11:51:10.645 a 2025-07-18-11:51:01 136 083 327 0.4 3.8 7.8 11.5 33.2 728.5 0.00 0 0.0 14.7 23.3 23.4 3.634  -43.4   14.9    6.8  34   -0.9   9 0 0 1 1 1 0 11.6 33.9 11.7 34.1 80.0 100 100 20 408 0 143 0 401 401 399 0 0 0 59 50 AUTO 0 
b.1 2025-07-18 11:52:11.224 a 2025-07-18-11:52:02 185 087 310 0.5 2.7 7.0 11.3 33.2 728.5 0.00 0 0.0 15.0 24.1 24.5 3.627  -39.9   14.9    4.7  34   -0.8  10 0 0 1 1 1 0 11.6 34.7 11.7 34.6 80.0 100 100 20 408 0 143 0 401 401 400 0 0 0 60 50 AUTO 0 
b.1 2025-07-18 11:53:11.484 a 2025-07-18-11:53:02 156 072 320 0.5 3.1 5.3 11.4 35.5 728.5 0.00 0 0.0 15.0 24.1 24.5 3.627  -43.6   14.8    4.9  35   -0.6  11 0 0 1 1 1 0 11.6 35.1 11.7 35.3 80.0 100 100 20 408 0 144 0 401 401 400 0 0 0 59 50 AUTO 0 
b.1 2025-07-18 11:54:06.967 a 2025-07-18-11:53:57 138 083 289 0.4 3.8 9.0 11.3 33.5 728.6 0.00 0 0.0 14.8 23.9 23.4 3.633  -46.1   14.8    5.2  35   -0.6  11 0 0 1 1 1 0 11.6 35.7 11.7 35.7 80.0 100 100 20 408 0 143 0 401 401 400 0 0 0 60 50 AUTO 0 
b.1 2025-07-18 11:55:12.282 a 2025-07-18-11:55:03 013 080 137 0.6 4.1 7.3 11.3 33.0 728.6 0.00 0 0.0 14.8 23.3 23.4 3.634  -43.3   14.8    6.1  34   -0.8  15 0 0 1 1 1 0 11.7 35.2 11.7 35.4 80.0 100 100 20 408 0 143 0 402 401 400 0 0 0 60 50 AUTO 0 
b.1 2025-07-18 11:56:08.545 a 2025-07-18-11:55:59 007 094 173 1.4 3.9 6.9 11.2 29.8 728.6 0.00 0 0.0 14.9 23.9 23.4 3.633  -39.7   14.8    5.6  34   -1.0  12 0 0 1 1 1 0 11.6 35.2 11.7 35.3 80.0 100 100 20 408 0 144 0 401 402 399 0 0 0 60 50 AUTO 0 
b.1 2025-07-18 11:57:13.344 a 2025-07-18-11:57:04 216 084 254 0.2 1.8 5.2 11.3 33.7 728.6 0.00 0 0.0 15.0 24.1 24.5 3.627  -40.1   14.8    3.6  34   -0.8   0 0 0 1 1 1 0 11.6 35.4 11.7 35.5 80.0 100 100 20 408 0 143 0 402 401 400 0 0 0 60 50 AUTO 0 
b.1 2025-07-18 11:58:09.568 a 2025-07-18-11:58:00 122 074 287 0.2 2.5 5.6 11.4 32.4 728.7 0.00 0 0.0 14.9 23.8 23.4 3.633  -39.6   14.8    3.6  34   -0.7   9 0 0 1 1 1 0 11.7 35.5 11.7 35.7 80.0 100 100 20 408 0 143 0 401 401 399 0 0 0 60 50 AUTO 0 
b.1 2025-07-18 11:59:09.723 a 2025-07-18-11:59:00 139 082 354 0.3 2.2 6.2 11.3 32.3 728.7 0.00 0 0.0 14.9 23.7 23.4 3.633  -41.0   14.8    3.2  34   -0.8  12 0 0 1 1 1 0 11.7 34.7 11.7 34.6 80.0 100 100 20 408 0 144 0 401 401 399 0 0 0 60 50 AUTO 0 
b.1 2025-07-18 12:00:12.305 a 2025-07-18-12:00:03 120 089 310 0.5 3.8 8.4 11.3 29.9 728.7 0.00 0 0.0 14.8 23.6 23.4 3.633  -40.0   14.8    4.2  33   -1.2  11 0 0 1 1 1 0 11.7 33.9 11.7 34.0 80.0 100 100 20 408 0 144 0 402 401 400 0 0 0 60 50 AUTO 0 
b.1 2025-07-18 12:01:09.028 a 2025-07-18-12:01:00 125 104 310 0.1 2.4 5.0 11.3 29.3 728.7 0.00 0 0.0 14.9 24.0 23.4 3.633  -41.5   14.8    3.5  33   -1.2  11 0 0 1 1 1 0 11.7 33.3 11.8 33.4 80.0 100 100 20 408 0 143 0 401 401 399 0 0 0 59 50 AUTO 0 
b.1 2025-07-18 12:02:09.625 a 2025-07-18-12:02:00 009 082 161 0.9 3.6 6.1 11.3 29.2 728.8 0.00 0 0.0 15.0 24.1 24.5 3.626  -41.7   14.8    4.1  33   -1.3  11 0 0 1 1 1 0 11.7 32.5 11.8 32.8 80.0 100 99 20 408 0 144 0 400 401 399 0 0 0 59 50 AUTO 0 
b.1 2025-07-18 12:03:10.309 a 2025-07-18-12:03:01 124 074 357 0.7 2.4 4.4 11.3 30.6 728.8 0.00 0 0.0 15.0 24.1 24.4 3.627  -39.8   14.8    3.8  33   -1.2  11 0 0 1 1 1 0 11.7 32.7 11.7 32.9 80.0 100 100 20 408 0 144 0 402 401 400 0 0 0 59 50 AUTO 0 
b.1 2025-07-18 12:04:09.348 a 2025-07-18-12:04:00 149 090 357 0.3 3.1 6.3 11.4 26.7 728.8 0.00 0 0.0 14.8 23.6 23.4 3.634  -41.1   14.8    4.0  33   -1.4  11 0 0 1 1 1 0 11.7 32.7 11.8 32.9 80.0 100 100 20 408 0 144 0 401 401 399 0 0 0 59 50 AUTO 0 
b.1 2025-07-18 12:05:12.667 a 2025-07-18-12:05:03 021 095 155 0.9 4.4 8.2 11.4 26.1 728.8 0.00 0 0.0 14.8 23.7 23.4 3.633  -42.9   14.8    5.3  32   -1.6  11 0 0 1 1 1 0 11.7 31.9 11.8 32.0 80.0 100 100 20 408 0 144 0 401 401 399 0 0 0 60 50 AUTO 0 
b.1 2025-07-18 12:06:07.407 a 2025-07-18-12:05:58 016 086 146 1.0 3.2 5.9 11.5 28.0 728.8 0.00 0 0.0 15.0 24.1 24.5 3.627  -41.9   14.9    4.5  32   -1.6  11 0 0 1 1 1 0 11.7 31.3 11.8 31.7 80.0 100 100 20 408 0 144 0 400 401 399 0 0 0 59 50 AUTO 0 
b.1 2025-07-18 12:07:11.523 a 2025-07-18-12:07:02 019 089 126 1.5 4.0 6.6 11.5 26.0 728.7 0.00 0 0.0 15.1 24.1 24.5 3.628  -41.5   14.9    5.3  32   -1.6  11 0 0 1 1 1 0 11.7 31.1 11.8 31.4 80.0 100 100 20 408 0 144 0 401 401 399 0 0 0 59 50 AUTO 0 
b.1 2025-07-18 12:08:09.709 a 2025-07-18-12:08:00 119 067 341 0.7 3.5 6.2 11.5 29.5 728.7 0.00 0 0.0 14.8 23.6 23.4 3.633  -44.1   14.9    5.7  32   -1.6  11 0 0 1 1 1 0 11.7 31.0 11.8 31.3 80.0 100 100 20 408 0 144 0 401 401 400 0 0 0 60 50 AUTO 0 
b.1 2025-07-18 12:09:09.588 a 2025-07-18-12:09:00 111 093 278 0.3 3.0 5.7 11.5 30.5 728.8 0.00 0 0.0 14.9 24.1 24.5 3.627  -43.1   14.9    5.2  32   -1.5  11 0 0 1 1 1 0 11.7 30.9 11.8 31.2 80.0 100 100 20 408 0 143 0 401 401 400 0 0 0 59 50 AUTO 0 
b.1 2025-07-18 12:10:12.513 a 2025-07-18-12:10:03 027 083 223 0.2 4.0 7.2 11.4 29.6 728.8 0.00 0 0.0 15.0 24.1 24.4 3.627  -40.3   14.9    6.1  32   -1.6  11 0 0 1 1 1 0 11.7 30.0 11.8 30.9 80.0 100 100 20 408 0 144 0 401 401 399 0 0 0 60 50 AUTO 0 
b.1 2025-07-18 12:11:09.788 a 2025-07-18-12:11:00 144 065 317 0.1 3.4 7.0 11.3 27.9 728.7 0.00 0 0.0 15.0 24.0 24.5 3.628  -41.7   14.9    5.5  32   -1.8  11 0 0 1 1 1 0 11.7 30.3 11.8 30.5 80.0 100 100 20 408 0 144 0 401 401 400 0 0 0 60 50 AUTO 0 
b.1 2025-07-18 12:12:09.625 a 2025-07-18-12:12:00 171 079 278 0.4 2.3 5.8 11.3 27.1 728.8 0.00 0 0.0 14.9 23.3 23.4 3.633  -39.2   14.9    4.0  31   -2.0  11 0 0 1 1 1 0 11.7 29.5 11.8 29.7 80.0 100 100 20 408 0 144 0 401 401 399 0 0 0 60 50 AUTO 0 
b.1 2025-07-18 12:13:09.007 a 2025-07-18-12:12:59 015 072 124 0.4 2.4 4.8 11.4 29.3 728.8 0.00 0 0.0 14.9 23.9 23.4 3.634  -38.8   14.9    3.6  31   -1.9   5 0 0 1 1 1 0 11.7 29.8 11.8 29.7 80.0 100 100 20 408 0 144 0 401 401 400 0 0 0 60 50 AUTO 0 
b.1 2025-07-18 12:14:09.148 a 2025-07-18-12:14:00 013 076 131 0.3 2.3 4.5 11.4 30.4 728.8 0.00 0 0.0 15.1 24.1 24.4 3.627  -40.0   14.9    3.4  32   -1.7   8 0 0 1 1 1 0 11.7 30.8 11.8 30.8 80.0 100 100 20 408 0 144 0 401 401 399 0 0 0 60 50 AUTO 0 
b.1 2025-07-18 12:15:13.207 a 2025-07-18-12:15:04 142 082 285 0.1 2.7 7.3 11.3 31.6 728.8 0.00 0 0.0 15.1 24.1 24.5 3.627  -40.2   14.9    3.3  32   -1.6  10 0 0 1 1 1 0 11.8 31.8 11.8 31.9 80.0 100 100 20 408 0 143 0 401 402 399 0 0 0 60 50 AUTO 0 
b.1 2025-07-18 12:16:10.750 a 2025-07-18-12:16:01 180 085 228 0.3 2.4 5.5 11.3 31.8 728.8 0.00 0 0.0 14.8 23.6 23.4 3.633  -40.7   14.9    3.1  33   -1.4  10 0 0 1 1 1 0 11.8 32.4 11.8 32.8 80.0 100 100 20 408 0 144 0 401 401 400 0 0 0 60 50 AUTO 0 
b.1 2025-07-18 12:17:10.086 a 2025-07-18-12:17:01 152 087 295 0.2 2.9 6.0 11.3 33.1 728.8 0.00 0 0.0 14.9 23.9 23.4 3.633  -38.6   14.9    3.4  33   -1.4  10 0 0 1 1 1 0 11.8 33.0 11.8 33.2 80.0 100 100 20 408 0 143 0 401 401 399 0 0 0 60 50 AUTO 0 
b.1 2025-07-18 12:18:09.426 a 2025-07-18-12:18:00 161 101 326 0.6 3.7 8.2 11.3 29.1 728.8 0.00 0 0.0 15.0 24.1 24.5 3.628  -43.6   14.9    4.3  33   -1.4  14 0 0 1 1 1 0 11.8 32.7 11.8 32.8 80.0 100 100 20 408 0 143 0 401 401 399 0 0 0 60 50 AUTO 0 
b.1 2025-07-18 12:19:11.048 a 2025-07-18-12:19:02 128 073 328 0.5 3.0 6.7 11.4 30.2 728.8 0.00 0 0.0 15.1 24.1 24.5 3.628  -40.4   14.9    4.3  32   -1.6  12 0 0 1 1 1 0 11.8 31.9 11.8 32.3 80.0 100 100 20 408 0 144 0 401 401 399 0 0 0 59 50 AUTO 0 
b.1 2025-07-18 12:20:14.789 a 2025-07-18-12:20:05 194 110 330 0.5 3.6 7.2 11.3 23.8 728.9 0.00 0 0.0 14.9 24.0 24.5 3.634  -40.5   14.9    4.2  31   -2.2  12 0 0 1 1 1 0 11.8 30.8 11.8 31.2 80.0 100 100 20 408 0 144 0 402 402 399 0 0 0 59 50 AUTO 0 
b.1 2025-07-18 12:21:10.826 a 2025-07-18-12:21:01 013 078 132 0.4 3.3 5.1 11.5 26.1 728.9 0.00 0 0.0 14.8 23.7 23.4 3.634  -39.5   14.9    4.7  31   -2.2   5 0 0 1 1 1 0 11.8 30.9 11.8 31.2 80.0 100 100 20 408 0 144 0 400 401 399 0 0 0 60 50 AUTO 0 
b.1 2025-07-18 12:22:10.868 a 2025-07-18-12:22:01 148 076 325 0.4 2.2 4.8 11.6 29.5 728.9 0.00 0 0.0 15.1 24.1 24.5 3.627  -39.3   14.9    3.7  31   -2.1   9 0 0 1 1 1 0 11.8 30.7 11.8 31.1 80.0 100 100 20 408 0 143 0 401 402 399 0 0 0 60 50 AUTO 0 
b.1 2025-07-18 12:23:08.568 a 2025-07-18-12:22:59 131 075 340 0.4 2.8 6.8 11.6 29.5 728.9 0.00 0 0.0 15.1 24.1 24.4 3.634  -40.7   14.9    3.9  31   -2.0  10 0 0 1 1 1 0 11.8 30.3 11.8 30.6 80.0 100 100 20 408 0 143 0 401 401 399 0 0 0 59 50 AUTO 0 
b.1 2025-07-18 12:24:09.252 a 2025-07-18-12:24:00 016 086 181 0.4 2.7 5.1 11.5 28.2 728.9 0.00 0 0.0 14.8 23.6 23.4 3.634  -39.3   14.9    3.7  31   -2.0  10 0 0 1 1 1 0 11.8 30.4 11.8 30.6 80.0 100 100 20 408 0 144 0 401 401 399 0 0 0 59 50 AUTO 0 
b.1 2025-07-18 12:25:12.073 a 2025-07-18-12:25:03 021 096 155 0.4 2.6 5.1 11.5 27.3 729.0 0.00 0 0.0 14.8 23.7 23.6 3.632  -39.6   14.9    3.5  31   -2.0  10 0 0 1 1 1 0 11.8 30.5 11.8 30.5 80.0 100 100 20 408 0 144 0 401 401 399 0 0 0 60 50 AUTO 0 
b.1 2025-07-18 12:26:13.346 a 2025-07-18-12:26:04 031 107 149 0.6 3.6 7.6 11.3 25.4 728.9 0.00 0 0.0 14.8 23.7 23.4 3.634  -39.8   14.9    4.2  31   -2.2  10 0 0 1 1 1 0 11.8 29.6 11.8 29.9 80.0 100 100 20 408 0 143 0 402 401 400 0 0 0 60 50 AUTO 0 
b.1 2025-07-18 12:27:10.868 a 2025-07-18-12:27:01 020 087 130 0.8 2.9 5.2 11.4 27.1 728.9 0.00 0 0.0 15.0 24.1 24.5 3.628  -41.4   15.0    3.8  31   -2.1  10 0 0 1 1 1 0 11.8 30.1 11.8 30.3 80.0 100 100 20 408 0 143 0 401 401 400 0 0 0 60 50 AUTO 0 
b.1 2025-07-18 12:28:10.809 a 2025-07-18-12:28:01 014 067 152 1.1 2.9 4.6 11.5 27.8 728.9 0.00 0 0.0 14.9 24.0 23.4 3.635  -39.5   15.0    4.0  31   -2.1  10 0 0 1 1 1 0 11.8 30.1 11.8 30.3 80.0 100 100 20 408 0 143 0 401 401 400 0 0 0 60 50 AUTO 0 
b.1 2025-07-18 12:29:09.029 a 2025-07-18-12:28:59 141 066 304 0.1 1.8 3.8 11.5 29.0 728.9 0.00 0 0.0 14.8 23.6 23.4 3.633  -40.0   15.0    3.1  31   -1.9  10 0 0 1 1 1 0 11.8 30.2 11.8 30.4 80.0 100 100 20 408 0 143 0 401 401 399 0 0 0 59 50 AUTO 0 
b.1 2025-07-18 12:30:11.990 a 2025-07-18-12:30:02 161 084 318 0.3 1.9 4.7 11.4 29.2 729.0 0.00 0 0.0 14.8 23.9 23.4 3.634  -39.3   15.0    2.9  31   -1.8   5 0 0 1 1 1 0 11.8 30.8 11.8 31.1 80.0 100 100 20 408 0 144 0 401 401 400 0 0 0 59 50 AUTO 0 
b.1 2025-07-18 12:31:10.176 a 2025-07-18-12:31:01 178 096 299 0.2 2.6 6.4 11.2 27.2 729.0 0.00 0 0.0 14.9 24.1 24.5 3.628  -40.8   15.0    3.1  31   -1.8  12 0 0 1 1 1 0 11.8 31.0 11.9 31.0 80.0 100 100 20 408 0 143 0 401 401 400 0 0 0 60 50 AUTO 0 
b.1 2025-07-18 12:32:10.950 a 2025-07-18-12:32:01 148 095 350 0.2 2.4 5.8 11.2 27.1 728.9 0.00 0 0.0 15.1 24.1 24.4 3.633  -39.9   15.0    3.2  31   -2.2   9 0 0 1 1 1 0 11.8 30.9 11.9 31.0 80.0 100 100 20 408 0 144 0 401 401 399 0 0 0 59 50 AUTO 0 
b.1 2025-07-18 12:33:08.668 a 2025-07-18-12:32:59 008 081 134 0.4 2.6 4.7 11.4 23.7 728.9 0.00 0 0.0 14.9 23.8 23.4 3.633  -38.2   15.0    3.2  30   -2.4  10 0 0 1 1 1 0 11.8 29.6 11.9 30.1 80.0 100 100 20 408 0 144 0 401 401 400 0 0 0 60 50 AUTO 0 
b.1 2025-07-18 12:34:08.188 a 2025-07-18-12:33:59 131 080 245 0.1 2.4 4.3 11.5 25.9 728.9 0.00 0 0.0 14.8 23.7 23.4 3.633  -40.0   15.0    3.4  30   -2.3  10 0 0 1 1 1 0 11.8 29.4 11.9 29.9 80.0 100 100 20 408 0 144 0 401 401 399 0 0 0 60 50 AUTO 0 
b.1 2025-07-18 12:35:07.016 a 2025-07-18-12:34:57 126 074 311 0.4 2.7 6.2 11.5 25.6 729.0 0.00 0 0.0 14.9 24.1 24.4 3.627  -41.6   15.1    3.6  30   -2.4  14 0 0 1 1 1 0 11.8 28.9 11.9 29.2 80.0 100 100 20 408 0 144 0 401 401 399 0 0 0 60 50 AUTO 0 
b.1 2025-07-18 12:36:10.532 a 2025-07-18-12:36:01 003 080 146 0.7 2.5 5.7 11.4 25.2 728.9 0.00 0 0.0 15.1 24.1 24.5 3.633  -39.1   15.1    3.3  30   -2.5  11 0 0 1 1 1 0 11.8 28.6 11.9 28.9 80.0 100 100 20 408 0 144 0 401 401 400 0 0 0 59 50 AUTO 0 
b.1 2025-07-18 12:37:09.769 a 2025-07-18-12:37:00 012 091 233 0.4 2.4 4.7 11.4 24.1 728.9 0.00 0 0.0 15.0 24.1 24.5 3.627  -41.6   15.1    3.3  29   -2.6  11 0 0 1 1 1 0 11.8 28.2 11.9 28.4 80.0 100 100 20 408 0 144 0 401 402 399 0 0 0 59 50 AUTO 0 
b.1 2025-07-18 12:38:09.849 a 2025-07-18-12:38:00 124 093 271 0.2 3.7 8.4 11.5 24.4 729.0 0.00 0 0.0 14.8 23.6 23.4 3.633  -43.2   15.1    4.1  29   -2.9  11 0 0 1 1 1 0 11.8 27.6 11.9 27.7 80.0 100 100 20 408 0 143 0 401 402 399 0 0 0 59 50 AUTO 0 
b.1 2025-07-18 12:39:10.990 a 2025-07-18-12:39:01 157 086 348 0.6 3.7 7.4 11.6 25.1 729.0 0.00 0 0.0 14.9 24.0 23.4 3.633  -44.4   15.1    4.8  29   -3.0  11 0 0 1 1 1 0 11.9 27.1 11.9 27.1 80.0 100 100 20 408 0 144 0 401 401 400 0 0 0 60 50 AUTO 0 
b.1 2025-07-18 12:40:10.691 a 2025-07-18-12:40:01 035 106 157 1.2 4.9 8.1 11.5 21.2 728.9 0.00 0 0.0 15.0 24.1 24.5 3.628  -41.6   15.1    5.9  28   -3.4  12 0 0 1 1 1 0 11.8 26.4 11.9 26.6 80.0 100 100 20 408 0 144 0 401 401 399 0 0 0 60 50 AUTO 0 
b.1 2025-07-18 12:41:09.512 a 2025-07-18-12:41:00 134 091 356 0.8 3.3 6.1 11.7 23.3 728.9 0.00 0 0.0 14.9 23.9 23.4 3.634  -40.2   15.1    5.2  28   -3.3  12 0 0 1 1 1 0 11.8 26.3 11.9 26.7 80.0 100 100 20 408 0 144 0 401 402 399 0 0 0 59 50 AUTO 0 
b.1 2025-07-18 12:42:10.828 a 2025-07-18-12:42:01 015 095 150 0.9 3.6 6.7 11.7 22.9 728.9 0.00 0 0.0 14.8 23.6 23.4 3.633  -43.2   15.1    5.1  28   -3.3  12 0 0 1 1 1 0 11.9 26.3 11.9 26.6 80.0 100 100 20 408 0 144 0 401 401 400 0 0 0 60 50 AUTO 0 
b.1 2025-07-18 12:43:10.450 a 2025-07-18-12:43:01 132 085 315 0.9 3.2 6.2 11.7 24.0 729.0 0.00 0 0.0 14.8 23.6 23.4 3.634  -43.1   15.1    4.7  28   -3.3  12 0 0 1 1 1 0 11.9 26.6 11.9 26.8 80.0 100 100 20 408 0 144 0 401 401 400 0 0 0 59 50 AUTO 0 
b.1 2025-07-18 12:44:08.851 a 2025-07-18-12:43:59 026 093 141 0.8 3.0 5.7 11.7 25.8 729.0 0.00 0 0.0 14.9 23.9 23.4 3.634  -41.1   15.2    4.5  28   -3.2   5 0 0 1 1 1 0 11.9 27.1 11.9 27.4 80.0 100 100 20 408 0 144 0 401 402 399 0 0 0 59 50 AUTO 0 
b.1 2025-07-18 12:45:11.391 a 2025-07-18-12:45:02 159 082 318 0.1 2.9 5.8 11.6 28.9 729.0 0.00 0 0.0 15.0 24.1 24.5 3.628  -41.0   15.2    4.4  29   -2.9  13 0 0 1 1 1 0 11.9 27.8 11.9 28.5 80.0 100 100 20 408 0 144 0 401 402 400 0 0 0 59 50 AUTO 0 
b.1 2025-07-18 12:46:10.250 a 2025-07-18-12:46:01 237 103 357 0.3 3.1 5.7 11.3 23.8 728.8 0.00 0 0.0 15.1 24.1 24.5 3.627  -40.3   15.2    4.2  29   -2.9  10 0 0 1 1 1 0 11.9 28.0 11.9 28.4 80.0 100 100 20 408 0 144 0 401 401 399 0 0 0 60 50 AUTO 0 
b.1 2025-07-18 12:47:08.756 a 2025-07-18-12:46:59 003 093 140 0.6 3.3 5.3 11.4 23.9 728.9 0.00 0 0.0 14.9 23.6 23.4 3.634  -40.2   15.2    4.3  28   -3.0  11 0 0 1 1 1 0 11.9 27.9 11.9 28.0 80.0 100 100 20 408 0 144 0 401 401 400 0 0 0 60 50 AUTO 0 
b.1 2025-07-18 12:48:09.437 a 2025-07-18-12:48:00 135 081 300 0.8 2.4 4.4 11.5 26.7 728.9 0.00 0 0.0 14.9 23.7 23.4 3.633  -41.2   15.2    3.7  29   -2.9  11 0 0 1 1 1 0 11.8 28.0 11.9 28.2 80.0 100 100 20 408 0 144 0 401 401 400 0 0 0 60 50 AUTO 0 
b.1 2025-07-18 12:49:09.555 a 2025-07-18-12:49:00 147 068 349 0.9 2.4 5.2 11.5 26.2 729.0 0.00 0 0.0 14.8 23.7 23.4 3.634  -41.9   15.2    3.6  29   -2.8  11 0 0 1 1 1 0 11.9 28.2 11.9 28.4 80.0 100 100 20 408 0 144 0 401 401 399 0 0 0 59 50 AUTO 0 
b.1 2025-07-18 12:50:13.073 a 2025-07-18-12:50:03 038 093 146 0.5 2.5 5.4 11.4 26.2 728.9 0.00 0 0.0 14.9 23.8 23.4 3.633  -40.4   15.3    3.5  29   -2.9  11 0 0 1 1 1 0 11.8 28.5 11.9 28.8 80.0 100 100 20 408 0 144 0 400 401 399 0 0 0 60 50 AUTO 0 
b.1 2025-07-18 12:51:10.951 a 2025-07-18-12:51:01 027 084 151 0.5 2.8 5.6 11.4 30.8 729.0 0.00 0 0.0 14.9 23.7 23.4 3.633  -42.3   15.3    3.9  29   -2.6  11 0 0 1 1 1 0 11.8 29.2 11.9 29.8 80.0 100 100 20 408 0 144 0 401 401 399 0 0 0 60 50 AUTO 0 
b.1 2025-07-18 12:52:08.372 a 2025-07-18-12:51:59 005 096 155 0.8 2.9 5.9 11.4 25.9 729.0 0.00 0 0.0 15.0 24.1 24.5 3.628  -39.4   15.3    3.9  29   -2.6  11 0 0 1 1 1 0 11.8 29.1 11.9 29.3 80.0 100 100 20 408 0 144 0 401 401 399 0 0 0 59 50 AUTO 0 
b.1 2025-07-18 12:53:09.661 a 2025-07-18-12:53:00 062 101 145 0.5 3.2 5.5 11.4 26.1 729.0 0.00 0 0.0 15.0 24.1 24.5 3.633  -41.2   15.3    4.3  29   -2.6  11 0 0 1 1 1 0 11.9 29.5 11.9 29.8 80.0 100 100 20 408 0 144 0 401 401 400 0 0 0 59 50 AUTO 0 
b.1 2025-07-18 12:54:10.711 a 2025-07-18-12:54:01 183 091 254 0.2 1.8 4.8 11.4 28.5 728.9 0.00 0 0.0 15.0 23.9 23.4 3.633  -38.6   15.3    3.2  29   -2.5  11 0 0 1 1 1 0 11.9 29.8 11.9 29.9 80.0 100 100 20 408 0 144 0 401 401 399 0 0 0 59 50 AUTO 0 
b.1 2025-07-18 12:55:11.994 a 2025-07-18-12:55:02 239 093 278 0.1 2.7 6.7 11.3 24.7 728.9 0.00 0 0.0 14.7 23.3 23.4 3.634  -43.7   15.4    3.3  29   -2.6  11 0 0 1 1 1 0 11.9 29.6 11.9 29.5 80.0 100 100 20 408 0 144 0 401 402 399 0 0 0 59 50 AUTO 0 
b.1 2025-07-18 12:56:11.296 a 2025-07-18-12:56:02 222 108 352 0.3 2.3 4.9 11.5 25.9 729.0 0.00 0 0.0 15.0 24.1 24.5 3.627  -39.4   15.4    3.2  28   -2.8  11 0 0 1 1 1 0 11.9 29.6 11.9 30.0 80.0 100 100 20 408 0 144 0 401 401 400 0 0 0 60 50 AUTO 0 
b.1 2025-07-18 12:57:10.736 a 2025-07-18-12:57:01 232 097 314 0.4 3.2 6.0 11.5 25.9 729.0 0.00 0 0.0 15.0 24.1 24.5 3.628  -43.7   15.4    3.8  29   -2.6  11 0 0 1 1 1 0 11.9 30.1 12.0 30.2 80.0 100 100 20 408 0 144 0 400 401 399 0 0 0 60 50 AUTO 0 
b.1 2025-07-18 12:58:10.956 a 2025-07-18-12:58:01 019 096 156 0.6 2.5 5.0 11.5 22.2 729.0 0.00 0 0.0 15.0 23.9 23.4 3.634  -41.3   15.4    3.5  28   -2.8  11 0 0 1 1 1 0 11.9 29.8 11.9 30.2 80.0 100 100 20 408 0 144 0 401 402 399 0 0 0 59 50 AUTO 0 
b.1 2025-07-18 12:59:07.697 a 2025-07-18-12:58:58 017 092 168 0.6 2.8 4.9 11.6 28.8 729.0 0.00 0 0.0 14.8 23.9 23.4 3.633  -39.5   15.5    3.6  29   -2.7  11 0 0 1 1 1 0 11.9 30.3 11.9 30.3 80.0 100 100 20 408 0 144 0 401 402 400 0 0 0 59 50 AUTO 0 
b.1 2025-07-18 13:00:14.835 a 2025-07-18-13:00:05 238 104 316 0.1 2.3 6.0 11.6 26.1 729.0 0.00 0 0.0 15.0 24.1 24.4 3.627  -40.1   15.5    3.2  28   -2.7  11 0 0 1 1 1 0 12.0 29.6 12.0 30.1 80.0 100 100 20 408 0 144 0 401 401 400 0 0 0 59 50 AUTO 0 
b.1 2025-07-18 13:01:08.694 a 2025-07-18-13:00:59 166 085 267 0.1 1.4 3.7 11.7 26.5 729.0 0.00 0 0.0 15.0 24.1 24.5 3.628  -39.1   15.5    2.7  29   -2.5  11 0 0 1 1 2 0 12.0 29.2 12.0 29.5 80.0 100 100 20 408 0 144 0 401 401 399 0 0 0 60 50 AUTO_PARK 0 
b.1 2025-07-18 13:02:09.796 a 2025-07-18-13:02:00 014 092 177 0.4 3.2 5.9 11.7 25.0 729.0 0.00 0 0.0 14.9 23.9 23.4 3.633  -40.9   15.6    3.4  28   -2.8  11 0 0 1 1 2 0 12.0 28.7 12.0 29.2 80.0 100 100 20 408 0 144 0 400 402 399 0 0 0 59 50 AUTO_PARK 0 
b.1 2025-07-18 13:03:09.081 a 2025-07-18-13:03:00 029 079 119 1.2 2.9 4.7 11.7 25.7 729.0 0.00 0 0.0 14.8 23.8 23.4 3.633  -43.5   15.6    3.9  28   -2.7  11 0 0 1 1 2 0 12.0 28.4 12.0 28.8 80.0 100 100 20 408 0 144 0 401 402 399 0 0 0 59 50 AUTO_PARK 0 
b.1 2025-07-18 13:04:09.798 a 2025-07-18-13:04:00 130 080 313 0.2 2.8 6.6 11.6 25.5 729.0 0.00 0 0.0 15.0 24.1 24.5 3.627  -39.6   15.7    3.8  28   -2.8  11 0 0 1 1 2 0 12.0 27.9 12.0 28.3 80.0 100 100 20 408 0 144 0 401 401 399 0 0 0 60 50 AUTO_PARK 0 
b.1 2025-07-18 13:05:11.677 a 2025-07-18-13:05:02 162 106 344 0.2 3.3 7.1 11.6 24.4 729.0 0.00 0 0.0 15.0 24.1 24.5 3.635  -40.9   15.7    3.8  27   -3.1  11 0 0 1 1 2 0 12.1 27.2 12.0 27.6 80.0 100 100 20 408 0 143 0 401 401 400 0 0 0 60 50 AUTO_PARK 0 
b.1 2025-07-18 13:06:07.240 a 2025-07-18-13:05:58 171 095 285 0.4 3.6 6.7 11.7 23.4 729.0 0.00 0 0.0 14.9 24.1 24.5 3.626  -40.6   15.7    4.5  27   -3.2  11 0 0 1 1 2 0 12.1 27.0 12.1 27.4 80.0 100 100 20 408 0 144 0 401 401 399 0 0 0 59 50 AUTO_PARK 0 
b.1 2025-07-18 13:07:10.098 a 2025-07-18-13:07:01 127 075 280 0.4 2.8 4.7 11.9 24.2 729.1 0.00 0 0.0 14.8 23.6 23.4 3.634  -41.8   15.8    4.3  27   -3.0  11 0 0 1 1 2 0 12.1 26.6 12.1 26.9 80.0 100 100 20 408 0 144 0 401 401 399 0 0 0 59 50 AUTO_PARK 0 
b.1 2025-07-18 13:08:09.437 a 2025-07-18-13:08:00 024 093 172 1.0 3.4 5.2 11.9 23.3 729.1 0.00 0 0.0 15.0 24.0 23.4 3.633  -42.1   15.8    4.6  27   -3.0  12 0 0 1 1 2 0 12.1 26.5 12.1 26.9 80.0 100 100 20 408 0 144 0 401 401 399 0 0 0 60 50 AUTO_PARK 0 
b.1 2025-07-18 13:09:11.420 a 2025-07-18-13:09:02 164 086 352 0.7 2.0 4.5 11.9 25.3 729.1 0.00 0 0.0 15.1 24.1 24.5 3.628  -43.7   15.9    3.4  28   -2.7  12 0 0 1 1 2 0 12.2 27.5 12.1 27.4 80.0 100 100 20 408 0 143 0 401 401 400 0 0 0 59 50 AUTO_PARK 0 
b.1 2025-07-18 13:10:09.677 a 2025-07-18-13:10:00 009 073 112 0.3 2.9 5.5 11.9 27.5 729.1 0.00 0 0.0 14.9 23.7 23.4 3.635  -41.4   15.9    3.8  28   -2.3   5 0 0 1 1 2 0 12.2 27.9 12.2 28.1 80.0 100 100 20 408 0 144 0 401 401 399 0 0 0 59 50 AUTO_PARK 0 
b.1 2025-07-18 13:11:12.121 a 2025-07-18-13:11:03 134 070 352 0.5 2.6 5.7 11.9 29.4 729.1 0.00 0 0.0 14.9 23.9 23.4 3.634  -42.0   16.0    3.8  29   -2.1  10 0 0 1 1 2 0 12.2 29.6 12.2 29.6 80.0 100 100 20 408 0 144 0 402 401 400 0 0 0 60 50 AUTO_PARK 0 
b.1 2025-07-18 13:12:09.697 a 2025-07-18-13:12:00 005 074 135 0.9 2.6 5.1 11.9 32.5 729.2 0.00 0 0.0 15.0 24.1 24.5 3.628  -41.6   16.0    3.9  29   -2.0  11 0 0 1 1 2 0 12.2 30.0 12.2 30.5 80.0 100 100 20 408 0 144 0 401 401 400 0 0 0 59 50 AUTO_PARK 0 
b.1 2025-07-18 13:13:11.953 a 2025-07-18-13:13:02 019 099 176 1.0 3.1 5.4 11.7 30.0 729.1 0.00 0 0.0 15.1 24.1 24.4 3.627  -44.2   16.0    4.0  30   -1.6  11 0 0 1 1 2 0 12.2 31.9 12.2 33.2 80.0 100 100 20 408 0 143 0 401 401 399 0 0 0 60 50 AUTO_PARK 0 
b.1 2025-07-18 13:14:10.655 a 2025-07-18-13:14:01 039 082 132 1.2 3.2 5.3 11.8 34.7 729.1 0.00 0 0.0 14.8 23.7 23.4 3.634  -42.0   16.0    4.5  31   -1.2  11 0 0 1 1 2 0 12.3 33.9 12.2 34.4 80.0 100 100 20 408 0 144 0 402 401 399 0 0 0 59 50 AUTO_PARK 0 
b.1 2025-07-18 13:15:14.601 a 2025-07-18-13:15:05 003 078 152 0.7 2.6 4.3 11.8 39.8 729.1 0.00 0 0.0 14.8 23.9 23.4 3.633  -44.1   16.1    4.2  31   -0.9  11 0 0 1 1 2 0 12.3 35.4 12.2 35.0 80.0 100 100 20 408 0 144 0 401 401 399 0 0 0 59 50 AUTO_PARK 0 
b.1 2025-07-18 13:16:09.936 a 2025-07-18-13:16:00 152 089 308 0.2 2.0 5.3 11.7 39.2 729.1 0.00 0 0.0 15.1 24.1 24.5 3.627  -40.0   16.1    3.1  32   -0.6  11 0 0 1 1 2 0 12.3 35.7 12.2 36.2 80.0 100 100 20 408 0 144 0 401 401 400 0 0 0 59 50 AUTO_PARK 0 
b.1 2025-07-18 13:17:11.737 a 2025-07-18-13:17:02 161 067 337 0.1 2.4 4.5 11.6 32.0 729.1 0.00 0 0.0 15.0 24.1 24.5 3.628  -40.1   16.1    3.2  32   -0.6  11 0 0 1 1 2 0 12.3 35.5 12.3 36.3 80.0 100 100 20 408 0 144 0 402 401 400 0 0 0 59 50 AUTO_PARK 0 
b.1 2025-07-18 13:18:07.336 a 2025-07-18-13:17:58 169 103 344 0.1 1.5 2.7 11.7 37.1 729.2 0.00 0 0.0 14.8 23.7 23.4 3.635  -40.3   16.1    2.7  32   -0.5   5 0 0 1 1 2 0 12.3 36.6 12.3 37.5 80.0 100 100 20 408 0 144 0 401 401 400 0 0 0 60 50 AUTO_PARK 0 
b.1 2025-07-18 13:19:10.936 a 2025-07-18-13:19:01 015 084 141 1.0 3.6 7.6 11.7 24.6 729.2 0.00 0 0.0 14.9 24.1 24.5 3.627  -44.7   16.1    3.6  31   -1.0   9 0 0 1 1 2 0 12.3 37.0 12.3 37.2 80.0 100 100 20 408 0 144 0 401 401 400 0 0 0 59 50 AUTO_PARK 0 
b.1 2025-07-18 13:20:09.997 a 2025-07-18-13:20:00 005 079 136 0.9 2.8 5.5 11.8 37.3 729.2 0.00 0 0.0 15.0 24.1 24.5 3.628  -41.6   16.2    3.5  32   -0.6  10 0 0 1 1 2 0 12.4 37.8 12.3 38.0 80.0 100 100 20 408 0 144 0 401 402 399 0 0 0 60 50 AUTO_PARK 0 
b.1 2025-07-18 13:21:10.719 a 2025-07-18-13:21:01 025 079 154 0.8 2.3 4.4 11.8 35.0 729.2 0.00 0 0.0 15.0 24.1 24.5 3.627  -43.9   16.2    3.3  32   -0.3  10 0 0 1 1 2 0 12.4 37.1 12.3 37.9 80.0 100 100 20 408 0 144 0 401 401 399 0 0 0 59 50 AUTO_PARK 0 
b.1 2025-07-18 13:22:08.301 a 2025-07-18-13:21:59 016 082 154 0.8 2.8 6.5 11.8 27.1 729.1 0.00 0 0.0 14.9 23.9 23.4 3.633  -46.5   16.2    3.8  32   -0.5  10 0 0 1 1 2 0 12.4 36.8 12.4 37.5 80.0 100 100 20 408 0 144 0 401 401 399 0 0 0 59 50 AUTO_PARK 0 
b.1 2025-07-18 13:23:11.917 a 2025-07-18-13:23:02 233 088 354 0.6 3.1 6.0 11.9 26.4 729.1 0.00 0 0.0 14.9 23.9 23.4 3.634  -44.3   16.3    4.2  31   -1.0  14 0 0 1 1 2 0 12.4 35.3 12.3 36.0 80.0 100 100 20 408 0 144 0 401 401 399 0 0 0 59 50 AUTO_PARK 0 
b.1 2025-07-18 13:24:08.980 a 2025-07-18-13:23:59 134 065 219 0.4 2.3 5.1 12.0 27.7 729.2 0.00 0 0.0 15.0 24.1 24.4 3.627  -39.9   16.3    3.5  30   -1.2  11 0 0 1 1 2 0 12.5 33.9 12.4 34.4 80.0 100 100 20 408 0 144 0 401 401 399 0 0 0 59 50 AUTO_PARK 0 
b.1 2025-07-18 13:25:12.815 a 2025-07-18-13:25:03 145 082 252 0.2 2.1 4.3 12.1 34.1 729.2 0.00 0 0.0 15.0 24.1 24.5 3.628  -39.3   16.3    3.0  30   -1.1  11 0 0 1 1 2 0 12.5 34.6 12.4 35.2 80.0 100 100 20 408 0 144 0 401 401 400 0 0 0 59 50 AUTO_PARK 0 
b.1 2025-07-18 13:26:10.940 a 2025-07-18-13:26:01 204 079 351 0.2 2.3 4.6 12.1 30.6 729.2 0.00 0 0.0 14.9 23.9 23.4 3.634  -40.1   16.4    3.1  31   -0.7  11 0 0 1 1 2 0 12.5 35.1 12.5 35.8 80.0 100 100 20 408 0 143 0 400 401 399 0 0 0 59 50 AUTO_PARK 0 
b.1 2025-07-18 13:27:08.739 a 2025-07-18-13:26:59 017 089 178 0.6 2.6 4.5 12.1 27.3 729.2 0.00 0 0.0 14.9 23.8 23.4 3.633  -43.8   16.4    3.3  32   -0.5  11 0 0 1 1 2 0 12.6 35.6 12.5 36.0 80.0 100 100 20 408 0 143 0 401 401 400 0 0 0 60 50 AUTO_PARK 0 
b.1 2025-07-18 13:28:08.358 a 2025-07-18-13:27:59 006 091 160 0.6 1.8 3.8 12.1 38.4 729.2 0.00 0 0.0 15.1 24.1 24.5 3.633  -40.4   16.4    2.8  31   -0.5  11 0 0 1 1 2 0 12.6 36.4 12.6 36.4 80.0 100 100 20 408 0 143 0 401 401 400 0 0 0 60 50 AUTO_PARK 0 
b.1 2025-07-18 13:29:11.395 a 2025-07-18-13:29:02 237 078 302 0.1 2.0 4.8 12.1 29.5 729.3 0.00 0 0.0 15.0 24.0 24.5 3.633  -43.5   16.5    2.7  32   -0.3  11 0 0 1 1 2 0 12.7 36.7 12.6 37.8 80.0 100 100 20 408 0 143 0 401 401 399 0 0 0 60 50 AUTO_PARK 0 
b.1 2025-07-18 13:30:10.545 a 2025-07-18-13:30:01 136 075 333 0.2 2.1 4.3 12.1 29.5 729.3 0.00 0 0.0 14.9 24.0 23.4 3.634  -40.4   16.5    2.8  32   -0.3   5 0 0 1 1 2 0 12.7 36.3 12.6 36.8 80.0 100 100 20 408 0 143 0 401 401 400 0 0 0 60 50 AUTO_PARK 0 
b.1 2025-07-18 13:31:09.358 a 2025-07-18-13:31:00 168 083 312 0.2 2.6 9.2 12.1 27.8 729.2 0.00 0 0.0 15.0 24.1 24.5 3.627  -40.1   16.5    3.0  31   -0.7  13 0 0 1 1 2 0 12.7 36.2 12.6 36.9 80.0 100 100 20 408 0 143 0 401 401 400 0 0 0 59 50 AUTO_PARK 0 
b.1 2025-07-18 13:32:08.280 a 2025-07-18-13:31:59 195 073 292 0.2 1.5 3.3 12.2 30.7 729.3 0.00 0 0.0 15.0 23.9 23.4 3.634  -39.2   16.6    2.6  32   -0.3   9 0 0 1 1 2 0 12.8 36.6 12.6 37.0 80.0 100 100 20 408 0 143 0 401 402 400 0 0 0 60 50 AUTO_PARK 0 
b.1 2025-07-18 13:33:10.578 a 2025-07-18-13:33:01 169 085 358 0.2 2.5 4.7 12.2 31.0 729.3 0.00 0 0.0 14.9 24.1 24.5 3.627  -40.1   16.6    2.8  32   -0.2  10 0 0 1 1 2 0 12.8 37.3 12.7 37.6 80.0 100 100 20 408 0 143 0 401 401 399 0 0 0 59 50 AUTO_PARK 0 
b.1 2025-07-18 13:34:10.638 a 2025-07-18-13:34:01 155 086 270 0.3 1.7 4.4 12.2 35.9 729.3 0.00 0 0.0 15.1 24.1 24.5 3.627  -41.7   16.6    2.6  32    0.1  10 0 0 1 1 2 0 12.8 37.4 12.7 37.8 80.0 100 100 20 408 0 144 0 401 401 400 0 0 0 60 50 AUTO_PARK 0 
b.1 2025-07-18 13:35:13.522 a 2025-07-18-13:35:04 145 088 280 0.1 1.3 3.6 12.2 32.5 729.3 0.00 0 0.0 14.9 24.1 24.5 3.628  -39.0   16.7    2.3  33    0.2  10 0 0 1 1 2 0 12.8 37.9 12.7 38.4 80.0 100 100 20 408 0 143 0 401 401 400 0 0 0 60 50 AUTO_PARK 0 
b.1 2025-07-18 13:36:10.161 a 2025-07-18-13:36:01 229 097 304 0.1 0.8 2.0 12.2 34.1 729.3 0.00 0 0.0 15.0 24.1 24.5 3.628  -39.2   16.7    2.2  33    0.3   5 0 0 1 1 2 0 12.9 38.8 12.8 38.8 80.0 100 100 20 408 0 143 0 401 401 399 0 0 0 59 50 AUTO_PARK 0 
b.1 2025-07-18 13:37:10.144 a 2025-07-18-13:37:01 141 072 235 0.1 1.5 4.0 12.3 36.3 729.4 0.00 0 0.0 15.0 24.1 24.5 3.626  -41.9   16.8    2.2  33    0.4  11 0 0 1 1 2 0 12.9 37.9 12.8 38.4 80.0 100 100 20 408 0 143 0 402 401 399 0 0 0 60 50 AUTO_PARK 0 
b.1 2025-07-18 13:38:08.125 a 2025-07-18-13:37:59 141 088 355 0.9 2.9 5.0 12.3 27.9 729.3 0.00 0 0.0 15.0 24.0 24.5 3.628  -42.2   16.8    2.5  33    0.4  11 0 0 1 1 2 0 12.9 38.2 12.8 38.8 80.0 100 100 20 408 0 143 0 401 401 400 0 0 0 59 50 AUTO_PARK 0 
b.1 2025-07-18 13:39:10.558 a 2025-07-18-13:39:01 020 085 181 0.2 2.5 4.8 12.3 38.9 729.4 0.00 0 0.0 14.9 23.7 23.4 3.635  -43.3   16.9    2.7  33    0.7  11 0 0 1 1 2 0 12.9 38.7 12.8 39.3 80.0 100 100 20 408 0 143 0 401 401 400 0 0 0 60 50 AUTO_PARK 0 
b.1 2025-07-18 13:40:12.677 a 2025-07-18-13:40:03 028 083 153 0.4 2.4 4.9 12.3 37.7 729.3 0.00 0 0.0 15.0 24.1 24.5 3.627  -42.9   16.9    2.8  33    0.7  11 0 0 1 1 2 0 12.9 39.6 12.8 40.2 80.0 100 100 20 408 0 143 0 401 401 400 0 0 0 59 50 AUTO_PARK 0 
b.1 2025-07-18 13:41:13.318 a 2025-07-18-13:41:04 147 079 313 0.1 3.1 6.0 12.3 29.4 729.3 0.00 0 0.0 15.0 24.1 24.5 3.628  -39.5   16.9    3.3  33    0.5  11 0 0 1 1 2 0 13.0 39.5 12.8 40.1 80.0 100 100 20 408 0 143 0 402 401 400 0 0 0 60 50 AUTO_PARK 0 
b.1 2025-07-18 13:42:14.660 a 2025-07-18-13:42:05 162 094 303 0.1 2.5 5.5 12.2 34.8 729.4 0.00 0 0.0 14.9 23.6 23.4 3.633  -40.6   16.9    3.0  33    0.4  11 0 0 1 1 2 0 13.0 39.4 12.9 40.9 80.0 100 100 20 408 0 143 0 401 402 399 0 0 0 60 50 AUTO_PARK 0 
b.1 2025-07-18 13:43:11.164 a 2025-07-18-13:43:02 194 087 349 0.4 1.6 3.9 12.2 30.6 729.4 0.00 0 0.0 15.1 24.1 24.5 3.635  -39.7   16.9    2.6  33    0.4  11 0 0 1 1 2 0 13.0 40.0 12.9 40.9 80.0 100 100 20 408 0 143 0 401 401 399 0 0 0 60 50 AUTO_PARK 0 
b.1 2025-07-18 13:44:12.257 a 2025-07-18-13:44:03 095 058 207 0.1 2.0 6.6 12.2 39.8 729.4 0.00 0 0.0 14.9 23.9 23.4 3.634  -42.3   16.9    2.7  34    0.8  11 0 0 1 1 2 0 13.1 40.8 12.9 41.9 80.0 100 100 20 408 0 143 0 400 401 399 0 0 0 59 50 AUTO_PARK 0 
b.1 2025-07-18 13:45:11.822 a 2025-07-18-13:45:02 126 099 315 0.1 1.5 5.5 12.2 37.8 729.4 0.00 0 0.0 15.0 24.1 24.5 3.627  -42.0   16.9    2.4  33    0.7   5 0 0 1 1 2 0 13.1 39.6 12.9 41.0 80.0 100 100 20 408 0 143 0 401 401 400 0 0 0 59 50 AUTO_PARK 0 
b.1 2025-07-18 13:46:08.461 a 2025-07-18-13:45:59 021 084 138 0.4 2.8 5.1 12.2 36.1 729.4 0.00 0 0.0 15.0 24.1 24.4 3.627  -43.7   16.9    2.9  33    0.5  12 0 0 1 1 2 0 13.1 39.4 12.9 40.0 80.0 100 100 20 408 0 143 0 400 402 399 0 0 0 59 50 AUTO_PARK 0 
b.1 2025-07-18 13:47:04.401 a 2025-07-18-13:46:55 197 093 324 0.1 2.1 4.0 12.3 37.3 729.4 0.00 0 0.0 14.9 23.9 23.4 3.633  -40.3   16.9    2.7  33    0.7  10 0 0 1 1 2 0 13.1 40.0 12.9 40.2 80.0 100 100 20 408 0 143 0 401 401 400 0 0 0 59 50 AUTO_PARK 0 
b.1 2025-07-18 13:48:11.720 a 2025-07-18-13:48:02 219 069 289 0.0 1.5 4.0 12.3 44.2 729.4 0.00 0 0.0 15.0 24.1 24.5 3.627  -38.6   16.9    2.4  34    1.1  10 0 0 1 1 2 0 13.1 40.9 13.0 40.9 80.0 100 100 20 408 0 143 0 401 401 400 0 0 0 59 50 AUTO_PARK 0 
b.1 2025-07-18 13:49:09.003 a 2025-07-18-13:48:59 017 094 161 0.0 1.8 3.6 12.3 38.9 729.4 0.00 0 0.0 15.0 24.1 24.5 3.628  -40.4   16.9    2.5  35    1.3  10 0 0 1 1 2 0 13.1 41.1 13.0 41.7 80.0 100 100 20 408 0 144 0 401 401 400 0 0 0 60 50 AUTO_PARK 0 
b.1 2025-07-18 13:50:12.098 a 2025-07-18-13:50:02 148 062 355 0.3 1.4 4.1 12.2 44.2 729.4 0.00 0 0.0 15.0 24.1 24.5 3.628  -40.4   16.9    2.4  35    1.6  10 0 0 1 1 2 0 13.2 41.8 13.0 42.9 80.0 100 100 20 408 0 144 0 401 401 400 0 0 0 60 50 AUTO_PARK 0 
b.1 2025-07-18 13:51:09.242 a 2025-07-18-13:51:00 199 083 272 0.2 1.5 3.3 12.2 44.7 729.4 0.00 0 0.0 14.9 24.1 24.5 3.628  -40.2   17.0    2.4  36    1.8   5 0 0 1 1 2 0 13.2 42.2 13.0 43.2 80.0 100 100 20 408 0 143 0 401 402 399 0 0 0 59 50 AUTO_PARK 0 
b.1 2025-07-18 13:52:10.559 a 2025-07-18-13:52:01 199 102 272 0.1 1.1 3.0 12.2 46.3 729.5 0.00 0 0.0 15.0 24.1 24.4 3.628  -42.2   17.0    2.2  36    1.9  10 0 0 1 1 2 0 13.2 42.6 13.0 43.9 80.0 100 100 20 408 0 143 0 401 402 400 0 0 0 60 50 AUTO_PARK 0 
b.1 2025-07-18 13:53:09.421 a 2025-07-18-13:53:00 138 073 314 0.2 1.9 3.9 12.3 42.2 729.5 0.00 0 0.0 15.1 24.1 24.5 3.628  -39.7   17.0    2.3  36    1.7   9 0 0 1 1 2 0 13.2 43.2 13.1 43.9 80.0 100 99 20 400 -14 143 0 401 401 400 0 0 0 60 50 AUTO_PARK 0 
b.1 2025-07-18 13:54:10.002 a 2025-07-18-13:54:00 137 070 245 0.2 1.8 3.5 12.3 37.0 729.5 0.00 0 0.0 14.9 24.1 24.5 3.627  -43.6   17.0    2.4  35    1.6   9 0 0 1 1 2 0 13.2 42.9 13.1 43.8 80.0 100 100 20 408 0 143 0 401 401 399 0 0 0 60 50 AUTO_PARK 0 
b.1 2025-07-18 13:55:10.121 a 2025-07-18-13:55:01 070 053 334 0.2 1.7 3.0 12.3 38.8 729.5 0.00 0 0.0 15.1 24.1 24.5 3.627  -39.1   17.1    2.4  36    1.9   9 0 0 1 1 2 0 13.2 42.6 13.1 43.7 80.0 100 100 20 408 0 143 0 401 401 400 0 0 0 59 50 AUTO_PARK 0 
b.1 2025-07-18 13:56:10.384 a 2025-07-18-13:56:01 182 084 270 0.0 1.2 3.5 12.4 47.4 729.5 0.00 0 0.0 14.9 24.1 24.5 3.626  -40.5   17.1    2.2  36    2.1   9 0 0 1 1 2 0 13.3 43.7 13.1 44.8 80.0 100 100 20 408 0 143 0 401 401 400 0 0 0 59 50 AUTO_PARK 0 
b.1 2025-07-18 13:57:09.808 a 2025-07-18-13:57:00 215 099 308 0.2 1.7 5.8 12.5 45.0 729.5 0.00 0 0.0 15.2 24.1 24.4 3.628  -44.9   17.2    2.2  37    2.3   9 0 0 1 1 2 0 13.3 44.5 13.1 45.0 80.0 100 100 20 408 0 143 0 401 402 399 0 0 0 60 50 AUTO_PARK 0 
b.1 2025-07-18 13:58:10.664 a 2025-07-18-13:58:01 231 070 345 0.1 1.5 3.5 12.5 42.2 729.5 0.00 0 0.0 15.0 24.0 24.5 3.628  -41.8   17.2    2.2  36    2.0   9 0 0 1 1 2 0 13.3 42.5 13.2 44.1 80.0 100 100 20 408 0 143 0 401 401 400 0 0 0 60 50 AUTO_PARK 0 
b.1 2025-07-18 13:59:10.084 a 2025-07-18-13:59:00 101 033 139 0.1 1.8 4.7 12.5 40.2 729.5 0.00 0 0.0 15.1 24.1 24.5 3.628  -38.6   17.3    2.3  37    2.3   0 0 0 1 1 2 0 13.4 42.9 13.2 44.0 80.0 100 100 20 408 0 143 0 401 401 399 0 0 0 60 50 AUTO_PARK 0 
b.1 2025-07-18 14:00:11.884 a 2025-07-18-14:00:02 031 034 050 0.2 1.2 4.1 12.5 43.4 729.5 0.00 0 0.0 15.0 24.1 24.5 3.627  -40.2   17.3    2.2  37    2.3   5 0 0 1 1 2 0 13.4 43.2 13.2 43.8 80.0 100 100 20 408 0 144 0 401 401 400 0 0 0 60 50 AUTO_PARK 0 
b.1 2025-07-18 14:01:09.124 a 2025-07-18-14:00:59 198 193 257 0.0 0.6 2.9 12.5 40.4 729.6 0.00 0 0.0 15.2 24.1 24.4 3.633  -39.6   17.4    0.0  36    2.4   6 0 0 1 1 2 0 13.4 42.8 13.3 43.7 80.0 100 100 20 408 0 143 0 401 401 399 0 0 0 59 50 AUTO_PARK 0 
b.1 2025-07-18 14:02:10.401 a 2025-07-18-14:02:01 158 071 207 0.2 2.0 4.4 12.5 40.5 729.6 0.00 0 0.0 15.0 24.1 24.5 3.633  -41.1   17.4    2.4  37    2.4  12 0 0 1 1 2 0 13.4 43.0 13.3 43.8 80.0 100 100 20 408 0 143 0 400 401 399 0 0 0 60 50 AUTO_PARK 0 
b.1 2025-07-18 14:03:09.641 a 2025-07-18-14:03:00 167 084 323 0.1 1.1 4.2 12.6 43.3 729.6 0.00 0 0.0 15.1 24.1 24.5 3.626  -40.4   17.4    2.2  37    2.4   9 0 0 1 1 2 0 13.5 43.1 13.3 43.8 80.0 100 100 20 408 0 143 0 402 400 400 0 0 0 60 50 AUTO_PARK 0 
b.1 2025-07-18 14:04:10.724 a 2025-07-18-14:04:01 130 060 275 0.3 2.4 6.8 12.6 45.4 729.6 0.00 0 0.0 15.0 24.1 24.4 3.627  -44.2   17.5    2.4  37    2.6   9 0 0 1 1 2 0 13.5 43.9 13.3 45.0 80.0 100 100 20 408 0 143 0 402 401 400 0 0 0 59 50 AUTO_PARK 0 
b.1 2025-07-18 14:05:09.167 a 2025-07-18-14:05:00 173 070 288 0.2 2.3 6.8 12.6 35.7 729.6 0.00 0 0.0 15.2 24.1 24.5 3.635  -41.2   17.5    2.5  36    2.4   9 0 0 1 1 2 0 13.4 43.7 13.3 45.0 80.0 100 100 20 408 0 143 0 401 402 400 0 0 0 59 50 AUTO_PARK 0 
b.1 2025-07-18 14:06:11.381 a 2025-07-18-14:06:02 174 090 351 0.2 2.3 7.0 12.5 40.9 729.6 0.00 0 0.0 15.1 24.1 24.5 3.627  -42.8   17.5    2.6  36    2.3   9 0 0 1 1 2 0 13.4 41.9 13.3 42.6 80.0 100 100 20 408 0 143 0 401 401 399 0 0 0 60 50 AUTO_PARK 0 
b.1 2025-07-18 14:07:07.605 a 2025-07-18-14:06:58 162 082 298 0.5 2.9 5.7 12.5 33.6 729.6 0.00 0 0.0 15.0 24.1 24.5 3.628  -41.7   17.4    2.7  35    1.7  11 0 0 1 1 2 0 13.5 41.0 13.3 41.6 80.0 100 100 20 408 0 143 0 400 401 399 0 0 0 60 50 AUTO_PARK 0 
b.1 2025-07-18 14:08:10.782 a 2025-07-18-14:08:01 150 076 269 0.4 1.9 5.0 12.5 39.7 729.6 0.00 0 0.0 15.0 24.1 24.5 3.627  -40.8   17.4    2.6  35    1.9  11 0 0 1 1 2 0 13.5 41.3 13.3 42.0 80.0 100 100 20 408 0 143 0 401 401 400 0 0 0 60 50 AUTO_PARK 0 
b.1 2025-07-18 14:09:08.926 a 2025-07-18-14:08:59 026 083 149 0.1 2.1 4.6 12.5 41.9 729.6 0.00 0 0.0 15.0 24.1 24.5 3.628  -44.3   17.4    2.6  35    1.9   5 0 0 1 1 2 0 13.5 40.8 13.4 41.6 80.0 100 100 20 408 0 143 0 401 401 399 0 0 0 59 50 AUTO_PARK 0 
b.1 2025-07-18 14:10:13.642 a 2025-07-18-14:10:04 014 112 220 0.3 1.7 3.6 12.5 31.0 729.6 0.00 0 0.0 15.0 24.1 24.5 3.627  -40.5   17.4    2.5  35    1.8   9 0 0 1 1 2 0 13.5 41.1 13.4 41.7 80.0 100 100 20 408 0 144 0 401 401 399 0 0 0 59 50 AUTO_PARK 0 
b.1 2025-07-18 14:11:10.141 a 2025-07-18-14:11:00 080 272 000 0.0 0.9 2.2 12.6 40.1 729.7 0.00 0 0.0 15.0 24.1 24.5 3.628  -39.7   17.4    2.2  35    1.8   9 0 0 1 1 2 0 13.5 40.9 13.4 41.6 80.0 100 100 20 408 0 144 0 401 401 399 0 0 0 59 50 AUTO_PARK 0 
b.1 2025-07-18 14:12:10.964 a 2025-07-18-14:12:01 149 025 315 0.1 0.7 2.1 12.6 43.4 729.7 0.00 0 0.0 15.0 24.1 24.5 3.633  -38.3   17.4    0.0  36    2.1   9 0 0 1 1 2 0 13.5 41.5 13.4 42.2 80.0 100 100 20 408 0 144 0 401 401 400 0 0 0 59 50 AUTO_PARK 0 
b.1 2025-07-18 14:13:08.864 a 2025-07-18-14:12:59 082 033 112 0.1 1.1 3.7 12.7 43.2 729.7 0.00 0 0.0 15.0 24.1 24.5 3.627  -41.0   17.5    2.2  36    2.3   5 0 0 1 1 2 0 13.6 41.8 13.4 42.5 80.0 100 100 20 408 0 144 0 401 401 400 0 0 0 60 50 AUTO_PARK 0 
b.1 2025-07-18 14:14:10.285 a 2025-07-18-14:14:01 110 075 294 0.2 1.6 3.4 12.8 38.0 729.7 0.00 0 0.0 15.1 24.1 24.4 3.628  -40.9   17.5    2.3  36    2.3   5 0 0 1 1 2 0 13.6 42.0 13.5 42.9 80.0 100 100 20 408 0 144 0 401 401 400 0 0 0 60 50 AUTO_PARK 0 
b.1 2025-07-18 14:15:10.361 a 2025-07-18-14:15:01 027 184 319 0.1 0.7 1.8 12.8 41.4 729.7 0.00 0 0.0 15.1 24.1 24.5 3.635  -39.2   17.6    0.0  36    2.4   6 0 0 1 1 2 0 13.6 42.0 13.5 42.7 80.0 100 100 20 408 0 144 0 401 401 399 0 0 0 59 50 AUTO_PARK 0 
b.1 2025-07-18 14:16:11.980 a 2025-07-18-14:16:02 118 051 222 0.0 0.7 1.9 12.9 43.3 729.7 0.00 0 0.0 15.2 24.1 24.5 3.627  -39.1   17.6    0.0  36    2.5   7 0 0 1 1 2 0 13.6 42.0 13.5 42.9 80.0 100 100 20 408 0 144 0 402 401 400 0 0 0 59 50 AUTO_PARK 0 
b.1 2025-07-18 14:17:08.963 a 2025-07-18-14:16:59 187 087 217 0.1 0.9 1.9 13.0 40.7 729.8 0.00 0 0.0 15.3 24.1 24.5 3.627  -39.3   17.7    0.0  36    2.6   7 0 0 1 1 2 0 13.7 41.9 13.5 42.7 80.0 100 100 20 408 0 144 0 401 401 399 0 0 0 60 50 AUTO_PARK 0 
b.1 2025-07-18 14:18:09.125 a 2025-07-18-14:17:59 130 049 327 0.1 1.1 2.3 13.1 41.4 729.7 0.00 0 0.0 15.4 24.1 24.5 3.628  -39.4   17.8    0.0  37    2.7   7 0 0 1 1 2 0 13.7 42.2 13.6 42.9 80.0 100 100 20 408 0 144 0 401 401 400 0 0 0 60 50 AUTO_PARK 0 
b.1 2025-07-18 14:19:09.184 a 2025-07-18-14:19:00 004 085 229 0.1 1.1 3.0 13.1 36.6 729.7 0.00 0 0.0 15.4 24.1 24.5 3.626  -40.2   17.9    2.3  36    2.7   7 0 0 1 1 2 0 13.7 42.0 13.6 42.7 80.0 100 100 20 408 0 144 0 401 402 399 0 0 0 60 50 AUTO_PARK 0 
b.1 2025-07-18 14:20:13.186 a 2025-07-18-14:20:04 111 037 262 0.1 1.2 2.5 13.1 35.4 729.8 0.00 0 0.0 15.5 24.1 24.5 3.628  -40.2   18.0    2.2  36    2.6   8 0 0 1 1 2 0 13.8 42.4 13.6 43.2 80.0 100 100 20 408 0 144 0 401 401 399 0 0 0 60 50 AUTO_PARK 0 
b.1 2025-07-18 14:21:10.203 a 2025-07-18-14:21:01 161 084 303 0.3 1.4 2.5 13.2 37.7 729.7 0.00 0 0.0 15.5 24.1 24.5 3.628  -39.2   18.1    2.2  36    2.7   8 0 0 1 1 2 0 13.8 42.4 13.7 43.1 80.0 100 100 20 408 0 144 0 401 401 399 0 0 0 59 50 AUTO_PARK 0 
b.1 2025-07-18 14:22:11.907 a 2025-07-18-14:22:02 143 060 307 0.3 1.4 3.2 13.3 43.8 729.8 0.00 0 0.0 15.6 24.1 24.5 3.627  -39.4   18.2    2.2  36    2.9   8 0 0 1 1 2 0 13.9 43.1 13.7 43.4 80.0 100 100 20 408 0 144 0 401 401 400 0 0 0 59 50 AUTO_PARK 0 
b.1 2025-07-18 14:23:10.765 a 2025-07-18-14:23:01 045 154 289 0.1 0.7 2.1 13.3 36.6 729.8 0.00 0 0.0 15.6 24.1 24.5 3.628  -39.0   18.2    0.0  36    2.9   8 0 0 1 1 2 0 13.9 42.2 13.7 42.9 80.0 100 100 20 408 0 143 0 401 401 399 0 0 0 59 50 AUTO_PARK 0 
b.1 2025-07-18 14:24:10.921 a 2025-07-18-14:24:01 239 107 353 0.1 1.0 2.2 13.3 39.4 729.8 0.00 0 0.0 15.7 24.1 24.5 3.628  -39.5   18.3    2.1  36    2.8   8 0 0 1 1 2 0 13.9 42.1 13.7 43.2 80.0 100 100 20 408 0 143 0 400 402 400 0 0 0 60 50 AUTO_PARK 0 
b.1 2025-07-18 14:25:13.088 a 2025-07-18-14:25:03 105 106 114 0.1 1.0 2.3 13.3 38.9 729.8 0.00 0 0.0 15.7 24.1 24.5 3.626  -39.3   18.4    0.0  35    2.8   8 0 0 1 1 2 0 13.9 41.8 13.8 42.9 80.0 100 100 20 408 0 143 0 401 401 400 0 0 0 59 50 AUTO_PARK 0 
b.1 2025-07-18 14:26:09.108 a 2025-07-18-14:25:59 120 137 155 0.1 1.6 3.1 13.3 30.4 729.9 0.00 0 0.0 15.7 24.1 24.5 3.628  -42.5   18.4    2.2  35    2.5   8 0 0 1 1 2 0 13.9 41.5 13.8 42.5 80.0 100 100 20 408 0 143 0 401 401 400 0 0 0 60 50 AUTO_PARK 0 
b.1 2025-07-18 14:27:10.582 a 2025-07-18-14:27:01 064 123 219 0.4 2.1 3.3 13.3 29.6 729.8 0.00 0 0.0 15.7 24.1 24.5 3.628  -40.4   18.5    2.3  34    2.4   8 0 0 1 1 2 0 14.0 40.3 13.9 41.9 80.0 100 100 20 408 0 143 0 400 401 399 0 0 0 59 50 AUTO_PARK 0 
b.1 2025-07-18 14:28:11.864 a 2025-07-18-14:28:02 139 118 151 0.1 0.8 1.5 13.3 35.4 729.9 0.00 0 0.0 15.8 24.1 24.5 3.633  -39.6   18.5    0.0  34    2.4   8 0 0 1 1 2 0 14.0 40.6 13.9 41.5 80.0 100 100 20 408 0 143 0 401 402 399 0 0 0 59 50 AUTO_PARK 0 
b.1 2025-07-18 14:29:10.565 a 2025-07-18-14:29:01 279 143 322 0.0 1.5 5.2 13.3 31.6 729.9 0.00 0 0.0 15.9 24.1 24.5 3.628  -42.7   18.6    2.3  34    2.5   8 0 0 1 1 2 0 14.0 41.5 13.9 41.4 80.0 100 100 20 408 0 143 0 401 401 399 0 0 0 60 50 AUTO_PARK 0 
b.1 2025-07-18 14:30:12.226 a 2025-07-18-14:30:03 102 143 179 0.2 2.2 4.6 13.3 37.0 729.9 0.00 0 0.0 15.7 24.1 24.5 3.627  -39.6   18.6    2.3  33    1.9   8 0 0 1 1 2 0 14.1 40.4 13.9 41.3 80.0 100 100 20 408 0 143 0 400 402 399 0 0 0 59 50 AUTO_PARK 0 
b.1 2025-07-18 14:31:11.529 a 2025-07-18-14:31:02 150 098 286 0.0 0.8 2.1 13.4 31.0 729.9 0.00 0 0.0 15.8 24.1 24.5 3.637  -38.0   18.6    0.0  33    2.1   5 0 0 1 1 2 0 14.1 41.9 14.0 41.9 80.0 100 100 20 408 0 143 0 401 401 400 0 0 0 59 50 AUTO_PARK 0 
b.1 2025-07-18 14:32:10.667 a 2025-07-18-14:32:01 274 097 295 0.0 0.2 0.7 13.4 31.0 729.9 0.00 0 0.0 16.0 24.1 24.5 3.628  -38.1   18.6    0.0  33    2.0   5 0 0 1 1 2 0 14.1 41.7 14.0 41.6 80.0 100 100 20 408 0 143 0 401 401 399 0 0 0 60 50 AUTO_PARK 0 
b.1 2025-07-18 14:33:10.045 a 2025-07-18-14:33:00 156 095 310 0.1 0.8 1.5 13.5 43.0 729.9 0.00 0 0.0 16.3 24.1 24.5 3.633  -39.4   18.6    0.0  33    2.1   5 0 0 1 1 2 0 14.2 40.3 14.1 41.3 80.0 100 100 20 408 0 143 0 401 402 399 0 0 0 59 50 AUTO_PARK 0 
b.1 2025-07-18 14:34:10.905 a 2025-07-18-14:34:01 093 105 169 0.1 0.7 2.1 13.6 34.2 729.9 0.00 0 0.0 16.4 24.1 24.5 3.633  -40.0   18.7    0.0  33    2.2   5 0 0 1 1 2 0 14.2 40.3 14.1 41.5 80.0 100 100 20 408 0 143 0 402 401 400 0 0 0 59 50 AUTO_PARK 0 
b.1 2025-07-18 14:35:12.887 a 2025-07-18-14:35:03 193 121 328 0.1 1.6 2.6 13.6 36.8 729.9 0.00 0 0.0 16.4 24.1 24.4 3.633  -39.7   18.8    2.2  33    2.2   5 0 0 1 1 2 0 14.2 40.8 14.1 41.8 80.0 100 100 20 408 0 143 0 401 401 399 0 0 0 60 50 AUTO_PARK 0 
b.1 2025-07-18 14:36:10.786 a 2025-07-18-14:36:01 154 074 292 0.1 0.9 2.1 13.6 35.9 729.9 0.00 0 0.0 16.6 24.1 24.5 3.628  -39.1   18.8    0.0  34    2.5   6 0 0 1 1 2 0 14.2 41.3 14.1 41.9 80.0 100 100 20 408 0 143 0 401 401 399 0 0 0 59 50 AUTO_PARK 0 
b.1 2025-07-18 14:37:08.928 a 2025-07-18-14:36:59 145 065 296 0.1 0.7 1.9 13.6 39.8 729.9 0.00 0 0.0 16.8 24.1 24.5 3.628  -39.7   18.9    0.0  34    2.7   6 0 0 1 1 2 0 14.3 41.5 14.1 42.1 80.0 100 100 20 408 0 143 0 401 401 400 0 0 0 59 50 AUTO_PARK 0 
b.1 2025-07-18 14:38:08.453 a 2025-07-18-14:37:59 163 096 202 0.0 0.6 2.3 13.7 42.2 730.0 0.00 0 0.0 16.9 24.1 24.5 3.627  -38.7   18.9    0.0  34    2.9   6 0 0 1 1 2 0 14.3 42.4 14.2 42.6 80.0 100 100 20 408 0 143 0 401 401 399 0 0 0 60 50 AUTO_PARK 0 
b.1 2025-07-18 14:39:10.427 a 2025-07-18-14:39:01 111 090 270 0.0 0.8 2.8 13.8 33.9 730.0 0.00 0 0.0 17.2 24.1 24.5 3.627  -40.0   18.9    2.1  34    2.8   6 0 0 1 1 2 0 14.4 41.6 14.2 42.5 80.0 100 100 20 408 0 143 0 401 401 399 0 0 0 59 50 AUTO_PARK 0 
b.1 2025-07-18 14:40:12.505 a 2025-07-18-14:40:03 032 122 196 0.4 1.7 2.8 13.9 39.4 730.0 0.00 0 0.0 17.1 24.1 24.5 3.627  -43.2   19.0    2.2  34    3.0   6 0 0 1 1 2 0 14.3 42.0 14.2 42.6 80.0 100 100 20 408 0 143 0 402 401 400 0 0 0 59 50 AUTO_PARK 0 
b.1 2025-07-18 14:41:08.969 a 2025-07-18-14:40:59 005 114 182 0.6 2.3 4.1 13.9 34.0 730.0 0.00 0 0.0 17.0 24.1 24.5 3.633  -41.2   19.0    2.3  34    3.0   7 0 0 1 1 2 0 14.4 42.0 14.2 42.6 80.0 100 100 20 408 0 143 0 401 401 399 0 0 0 59 50 AUTO_PARK 0 
b.1 2025-07-18 14:42:10.065 a 2025-07-18-14:42:00 108 164 282 0.1 2.5 5.7 13.8 34.7 730.0 0.00 0 0.0 16.5 24.1 24.5 3.627  -41.0   19.0    2.3  34    2.7  10 0 0 1 1 2 0 14.4 41.5 14.2 42.2 80.0 100 100 20 408 0 143 0 401 401 400 0 0 0 60 50 AUTO_PARK 0 
b.1 2025-07-18 14:43:09.091 a 2025-07-18-14:42:59 115 153 276 0.1 1.4 2.8 13.6 31.8 730.0 0.00 0 0.0 16.4 24.1 24.5 3.628  -44.6   19.0    2.2  33    2.4   5 0 0 1 1 2 0 14.4 40.1 14.2 41.5 80.0 100 100 20 408 0 143 0 401 401 399 0 0 0 59 50 AUTO_PARK 0 
b.1 2025-07-18 14:44:08.009 a 2025-07-18-14:43:58 270 146 312 0.0 0.7 2.1 13.5 33.6 730.0 0.00 0 0.0 16.5 24.1 24.5 3.633  -38.9   18.9    0.0  33    2.4   5 0 0 1 1 2 0 14.4 40.8 14.2 41.8 80.0 100 100 20 408 0 143 0 401 401 400 0 0 0 60 50 AUTO_PARK 0 
b.1 2025-07-18 14:45:09.628 a 2025-07-18-14:45:00 177 126 298 0.1 0.4 1.3 13.4 37.1 730.0 0.00 0 0.0 16.7 24.1 24.4 3.628  -39.1   18.9    0.0  33    2.5   5 0 0 1 1 2 0 14.4 40.9 14.2 41.7 80.0 100 100 20 408 0 143 0 401 401 400 0 0 0 60 50 AUTO_PARK 0 
b.1 2025-07-18 14:46:12.069 a 2025-07-18-14:46:02 179 145 319 0.0 0.4 1.6 13.4 34.7 730.0 0.00 0 0.0 17.1 24.1 24.5 3.627  -39.3   18.9    0.0  33    2.5   5 0 0 1 1 2 0 14.5 41.2 14.3 41.8 80.0 100 100 20 408 0 143 0 401 401 399 0 0 0 59 50 AUTO_PARK 0 
b.1 2025-07-18 14:47:09.125 a 2025-07-18-14:46:59 067 115 231 0.2 1.5 2.9 13.5 34.7 730.0 0.00 0 0.0 17.2 24.1 24.5 3.633  -40.2   19.0    2.2  34    2.6   5 0 0 1 1 2 0 14.5 42.3 14.4 42.5 80.0 100 100 20 408 0 143 0 400 401 399 0 0 0 60 50 AUTO_PARK 0 
b.1 2025-07-18 14:48:10.926 a 2025-07-18-14:48:01 007 088 150 0.5 1.5 2.8 13.5 46.0 730.1 0.00 0 0.0 17.2 24.1 24.5 3.627  -40.6   19.0    2.2  35    3.1   5 0 0 1 1 2 0 14.6 42.9 14.4 43.0 80.0 100 100 20 408 0 143 0 401 402 399 0 0 0 59 50 AUTO_PARK 0 
b.1 2025-07-18 14:49:09.851 a 2025-07-18-14:49:00 136 051 299 0.1 1.1 2.5 13.5 45.5 730.1 0.00 0 0.0 17.2 24.1 24.5 3.627  -39.6   19.1    2.1  35    3.3   6 0 0 1 1 2 0 14.6 43.6 14.4 43.8 80.0 100 100 20 408 0 143 0 401 401 399 0 0 0 60 50 AUTO_PARK 0 
b.1 2025-07-18 14:50:14.286 a 2025-07-18-14:50:05 126 052 284 0.1 1.3 3.4 13.5 47.1 730.1 0.00 0 0.0 17.2 24.1 24.4 3.634  -41.0   19.2    2.1  36    3.7   7 0 0 1 1 2 0 14.6 44.1 14.5 44.9 80.0 100 100 20 408 0 143 0 401 401 399 0 0 0 60 50 AUTO_PARK 0 
b.1 2025-07-18 14:51:10.309 a 2025-07-18-14:51:01 255 140 284 0.0 0.3 1.5 13.5 46.8 730.1 0.00 0 0.0 17.5 24.1 24.4 3.627  -38.6   19.2    0.0  36    3.9   7 0 0 1 1 2 0 14.7 44.6 14.5 45.1 80.0 100 100 20 408 0 143 0 401 402 399 0 0 0 59 50 AUTO_PARK 0 
b.1 2025-07-18 14:52:11.371 a 2025-07-18-14:52:02 288 097 308 0.0 0.6 1.4 13.6 47.9 730.1 0.00 0 0.0 17.8 24.1 24.5 3.628  -39.3   19.2    0.0  37    4.1   7 0 0 1 1 2 0 14.7 44.8 14.5 45.6 80.0 100 100 20 408 0 143 0 402 401 400 0 0 0 60 50 AUTO_PARK 0 
b.1 2025-07-18 14:53:10.792 a 2025-07-18-14:53:01 055 129 240 0.1 1.2 2.4 13.7 45.6 730.1 0.00 0 0.0 17.8 24.1 24.5 3.628  -40.3   19.2    2.1  37    4.2   5 0 0 1 1 2 0 14.7 45.1 14.5 45.5 80.0 100 100 20 408 0 143 0 401 401 399 0 0 0 60 50 AUTO_PARK 0 
b.1 2025-07-18 14:54:11.651 a 2025-07-18-14:54:02 005 097 233 0.3 1.5 2.6 13.7 47.5 730.1 0.00 0 0.0 17.8 24.1 24.5 3.628  -39.6   19.3    2.2  37    4.2   5 0 0 1 1 2 0 14.7 45.1 14.5 46.0 80.0 100 100 20 408 0 143 0 401 401 400 0 0 0 60 50 AUTO_PARK 0 
b.1 2025-07-18 14:55:11.309 a 2025-07-18-14:55:02 244 141 270 0.1 0.6 1.2 13.7 41.7 730.1 0.00 0 0.0 18.0 24.1 24.5 3.628  -39.3   19.3    0.0  37    4.3   5 0 0 1 1 2 0 14.7 45.5 14.5 46.4 80.0 100 100 20 408 0 143 0 401 401 400 0 0 0 59 50 AUTO_PARK 0 
b.1 2025-07-18 14:56:11.430 a 2025-07-18-14:56:02 234 118 322 0.1 1.0 2.1 13.7 44.7 730.1 0.00 0 0.0 18.1 24.1 24.5 3.628  -39.8   19.4    2.1  37    4.1   5 0 0 1 1 2 0 14.7 45.9 14.5 46.5 80.0 100 100 20 408 0 143 0 401 401 399 0 0 0 60 50 AUTO_PARK 0 
b.1 2025-07-18 14:57:08.910 a 2025-07-18-14:56:59 002 119 199 0.1 1.7 2.9 13.7 41.1 730.1 0.00 0 0.0 17.9 24.1 24.4 3.627  -39.8   19.4    2.2  36    4.1   7 0 0 1 1 2 0 14.7 45.7 14.5 46.7 80.0 100 100 20 408 0 143 0 401 402 400 0 0 0 60 50 AUTO_PARK 0 
b.1 2025-07-18 14:58:08.049 a 2025-07-18-14:57:58 270 121 309 0.1 0.6 1.2 13.6 37.2 730.1 0.00 0 0.0 18.1 24.1 24.5 3.628  -40.3   19.4    0.0  36    4.0   7 0 0 1 1 2 0 14.7 45.4 14.5 46.6 80.0 100 100 20 408 0 143 0 401 402 399 0 0 0 60 50 AUTO_PARK 0 
b.1 2025-07-18 14:59:08.729 a 2025-07-18-14:58:59 214 093 281 0.0 1.3 2.8 13.6 47.1 730.1 0.00 0 0.0 18.2 24.1 24.5 3.627  -41.5   19.4    2.2  36    3.9   7 0 0 1 1 2 0 14.6 45.9 14.5 46.6 80.0 100 100 20 408 0 143 0 400 401 399 0 0 0 60 50 AUTO_PARK 0 
b.1 2025-07-18 15:00:12.009 a 2025-07-18-15:00:02 095 057 244 0.1 1.3 2.3 13.6 47.5 730.1 0.00 0 0.0 18.2 24.1 24.5 3.628  -39.6   19.5    2.2  37    4.3   7 0 0 1 1 2 0 14.7 46.2 14.5 47.0 80.0 100 100 20 408 0 143 0 401 401 399 0 0 0 60 50 WAIT_ACK 0 
b.1 2025-07-18 15:01:09.071 a 2025-07-18-15:00:59 026 133 174 0.1 0.8 2.5 13.6 41.2 730.1 0.00 0 0.0 18.3 24.1 24.4 3.628  -40.6   19.6    0.0  37    4.5   7 0 0 1 1 2 0 14.7 46.3 14.6 46.8 80.0 100 100 20 408 0 143 0 401 401 399 0 0 0 60 50 WAIT_ACK 0 
b.1 2025-07-18 15:02:08.170 a 2025-07-18-15:01:58 003 075 130 0.5 1.6 2.7 13.6 48.3 730.2 0.00 0 0.0 18.3 24.1 24.5 3.627  -39.9   19.6    2.3  37    4.5   5 0 0 1 1 2 0 14.8 46.3 14.6 47.1 80.0 100 100 20 408 0 143 0 401 401 400 0 0 0 59 50 WAIT_ACK 0 
b.1 2025-07-18 15:03:11.128 a 2025-07-18-15:03:01 008 043 179 0.0 1.3 2.9 13.6 46.1 730.1 0.00 0 0.0 18.2 24.1 24.5 3.634  -38.6   19.6    2.2  37    4.7   5 0 0 1 1 2 0 14.8 46.6 14.7 47.1 80.0 100 100 20 408 0 143 0 401 402 399 0 0 0 59 50 WAIT_ACK 0 
b.1 2025-07-18 15:04:10.089 a 2025-07-18-15:04:00 134 074 276 0.1 1.3 2.6 13.6 41.1 730.1 0.00 0 0.0 18.4 24.1 24.5 3.628  -40.7   19.6    2.2  37    4.7   5 0 0 1 1 2 0 14.8 46.3 14.7 47.3 80.0 100 100 20 408 0 143 0 401 401 400 0 0 0 59 50 WAIT_ACK 0 
b.1 2025-07-18 15:05:12.069 a 2025-07-18-15:05:02 231 115 270 0.0 0.5 1.4 13.7 43.2 730.1 0.00 0 0.0 18.5 24.1 24.5 3.627  -38.7   19.7    0.0  37    4.6   6 0 0 1 1 2 0 14.8 46.1 14.7 47.0 80.0 100 100 20 408 0 143 0 400 401 399 0 0 0 60 50 WAIT_ACK 0 
b.1 2025-07-18 15:06:11.032 a 2025-07-18-15:06:01 275 122 328 0.0 1.1 2.9 13.7 43.2 730.2 0.00 0 0.0 18.7 24.1 24.5 3.634  -40.9   19.7    2.2  37    4.5   6 0 0 1 1 2 0 14.8 46.1 14.7 46.6 80.0 100 100 20 408 0 143 0 400 402 399 0 0 0 60 50 WAIT_ACK 0 
b.1 2025-07-18 15:07:09.114 a 2025-07-18-15:06:59 083 138 206 0.2 1.4 2.4 13.8 31.7 730.2 0.00 0 0.0 18.6 24.1 24.5 3.628  -38.9   19.7    2.2  36    4.1   6 0 0 1 1 2 0 14.8 44.2 14.7 46.0 80.0 100 100 20 408 0 143 0 401 401 399 0 0 0 60 50 WAIT_ACK 0 
b.1 2025-07-18 15:08:09.894 a 2025-07-18-15:08:00 090 068 107 0.0 0.5 1.9 13.8 37.4 730.2 0.00 0 0.0 18.9 24.1 24.5 3.628  -38.5   19.8    0.0  35    4.1   6 0 0 1 1 2 0 14.8 44.8 14.7 45.5 80.0 100 100 20 408 0 143 0 401 401 399 0 0 0 60 50 WAIT_ACK 0 
b.1 2025-07-18 15:09:09.134 a 2025-07-18-15:09:00 109 115 207 0.0 1.3 3.3 13.9 36.5 730.2 0.00 0 0.0 19.0 24.1 24.4 3.627  -45.6   19.8    2.2  36    4.2   6 0 0 1 1 2 0 14.9 45.4 14.7 45.7 80.0 100 100 20 408 0 143 0 401 401 400 0 0 0 59 50 WAIT_ACK 0 
b.1 2025-07-18 15:10:12.871 a 2025-07-18-15:10:03 152 079 260 0.1 1.2 3.1 14.0 41.8 730.2 0.00 0 0.0 18.9 24.1 24.5 3.627  -39.2   19.9    2.2  36    4.4   6 0 0 1 1 2 0 14.9 45.3 14.7 46.3 80.0 100 100 20 408 0 143 0 401 401 399 0 0 0 60 50 WAIT_ACK 0 
b.1 2025-07-18 15:11:11.190 a 2025-07-18-15:11:02 213 134 304 0.1 1.0 2.1 13.9 44.6 730.2 0.00 0 0.0 19.0 24.1 24.5 3.627  -40.0   20.0    0.0  36    4.6   6 0 0 1 1 2 0 14.9 46.0 14.7 46.5 80.0 100 100 20 408 0 143 0 401 401 400 0 0 0 59 50 WAIT_ACK 0 
b.1 2025-07-18 15:12:10.716 a 2025-07-18-15:12:01 216 117 312 0.1 1.1 2.2 13.9 44.9 730.2 0.00 0 0.0 19.1 24.1 24.5 3.628  -39.5   20.0    0.0  37    4.8   6 0 0 1 1 2 0 14.9 46.0 14.7 46.8 80.0 100 100 20 408 0 143 0 401 401 400 0 0 0 60 50 WAIT_ACK 0 
b.1 2025-07-18 15:13:10.617 a 2025-07-18-15:13:01 009 096 215 0.3 1.3 3.4 13.9 42.6 730.2 0.00 0 0.0 19.2 24.1 24.5 3.627  -41.8   20.0    2.2  37    4.8   6 0 0 1 1 2 0 14.9 46.5 14.7 47.5 80.0 100 100 20 408 0 143 0 401 401 400 0 0 0 60 50 WAIT_ACK 0 
b.1 2025-07-18 15:14:08.970 a 2025-07-18-15:13:59 178 038 242 0.1 1.5 3.2 13.9 48.7 730.2 0.00 0 0.0 19.2 24.1 24.4 3.627  -40.3   20.0    2.2  37    5.0   6 0 0 1 1 2 0 15.0 46.9 14.8 47.7 80.0 100 100 20 408 0 143 0 402 401 400 0 0 0 60 50 WAIT_ACK 0 
b.1 2025-07-18 15:15:14.589 a 2025-07-18-15:15:05 124 056 228 0.1 0.7 1.9 13.8 48.7 730.2 0.00 0 0.0 19.3 24.1 24.5 3.627  -38.9   20.0    0.0  38    5.1   6 0 0 1 1 2 0 15.0 46.5 14.8 47.7 80.0 100 100 20 408 0 143 0 401 401 399 0 0 0 60 50 WAIT_ACK 0 
b.1 2025-07-18 15:16:10.815 a 2025-07-18-15:16:01 224 120 306 0.1 0.6 1.5 13.8 48.2 730.2 0.00 0 0.0 19.7 24.1 24.5 3.627  -39.5   20.1    2.1  38    5.2   6 0 0 1 1 2 0 15.0 47.2 14.8 48.1 80.0 100 100 20 408 0 143 0 402 401 400 0 0 0 60 50 WAIT_ACK 0 
b.1 2025-07-18 15:17:09.551 a 2025-07-18-15:17:00 027 111 214 0.1 1.4 3.1 13.9 43.9 730.2 0.00 0 0.0 19.9 24.1 24.5 3.627  -42.2   20.1    2.3  38    5.3   6 0 0 1 1 2 0 15.0 47.3 14.8 48.4 80.0 100 100 20 408 0 143 0 400 401 399 0 0 0 59 50 WAIT_ACK 0 
b.1 2025-07-18 15:18:10.651 a 2025-07-18-15:18:01 029 096 149 1.0 2.6 4.7 14.0 38.3 730.2 0.00 0 0.0 19.7 24.1 24.5 3.628  -41.6   20.2    2.6  37    5.1   8 0 0 1 1 2 0 15.0 47.5 14.8 48.3 80.0 100 100 20 408 0 143 0 401 401 399 0 0 0 59 50 WAIT_ACK 0 
b.1 2025-07-18 15:19:08.796 a 2025-07-18-15:18:59 190 063 291 0.0 1.1 2.6 13.9 48.0 730.2 0.00 0 0.0 19.6 24.1 24.5 3.627  -39.1   20.2    2.3  37    5.2   8 0 0 1 1 2 0 15.0 47.5 14.8 48.4 80.0 100 100 20 408 0 143 0 401 401 400 0 0 0 59 50 WAIT_ACK 0 
b.1 2025-07-18 15:20:11.694 a 2025-07-18-15:20:02 164 111 293 0.1 0.4 1.3 13.9 41.8 730.2 0.00 0 0.0 20.0 24.1 24.5 3.627  -38.7   20.2    0.0  37    5.2   5 0 0 1 1 2 0 15.0 47.6 14.8 48.5 80.0 100 100 20 408 0 143 0 402 401 400 0 0 0 60 50 WAIT_ACK 0 
b.1 2025-07-18 15:21:08.575 a 2025-07-18-15:20:59 156 114 277 0.0 0.5 1.5 14.0 46.4 730.2 0.00 0 0.0 20.3 24.1 24.5 3.628  -39.3   20.3    0.0  37    5.2   5 0 0 1 1 2 0 14.9 48.1 14.8 48.7 80.0 100 100 20 408 0 143 0 401 401 400 0 0 0 59 50 WAIT_ACK 0 
b.1 2025-07-18 15:22:10.595 a 2025-07-18-15:22:01 170 128 355 0.2 1.3 2.2 14.2 49.2 730.2 0.00 0 0.0 20.4 24.1 24.5 3.628  -39.5   20.3    2.2  38    5.5   5 0 0 1 1 2 0 14.9 48.1 14.8 48.7 80.0 100 100 20 408 0 143 0 400 401 399 0 0 0 59 50 WAIT_ACK 0 
b.1 2025-07-18 15:23:10.851 a 2025-07-18-15:23:01 020 102 161 0.5 1.6 2.8 14.2 50.4 730.3 0.00 0 0.0 20.4 24.1 24.5 3.627  -40.7   20.4    2.3  38    5.6   5 0 0 1 1 2 0 15.0 48.4 14.9 48.9 80.0 100 100 20 408 0 143 0 401 401 400 0 0 0 60 50 WAIT_ACK 0 
b.1 2025-07-18 15:24:10.273 a 2025-07-18-15:24:01 115 109 318 0.1 0.9 1.7 14.0 47.3 730.2 0.00 0 0.0 20.4 24.1 24.5 3.627  -40.0   20.4    0.0  38    5.6   5 0 0 1 1 2 0 15.0 48.7 14.9 49.2 80.0 100 100 20 408 0 143 0 401 402 399 0 0 0 59 50 WAIT_ACK 0 
b.1 2025-07-18 15:25:10.914 a 2025-07-18-15:25:01 219 107 305 0.1 0.9 2.1 14.0 42.7 730.3 0.00 0 0.0 20.5 24.1 24.5 3.633  -39.5   20.4    0.0  38    5.5   5 0 0 1 1 2 0 15.1 48.4 14.9 49.0 80.0 100 100 20 408 0 143 0 401 401 400 0 0 0 59 50 WAIT_ACK 0 
b.1 2025-07-18 15:26:09.276 a 2025-07-18-15:26:00 207 100 352 0.2 1.1 2.1 14.0 49.8 730.3 0.00 0 0.0 20.6 24.1 24.4 3.628  -40.9   20.4    2.2  38    5.6   9 0 0 1 1 2 0 15.0 48.5 14.9 49.3 80.0 100 100 20 408 0 143 0 401 401 400 0 0 0 59 50 WAIT_ACK 0 
b.1 2025-07-18 15:27:10.516 a 2025-07-18-15:27:01 063 147 225 0.2 1.4 3.2 14.0 40.2 730.3 0.00 0 0.0 20.5 24.1 24.5 3.627  -40.0   20.5    2.2  38    5.5   6 0 0 1 1 2 0 15.1 48.5 15.0 48.7 80.0 100 100 20 408 0 143 0 401 401 399 0 0 0 59 50 WAIT_ACK 0 
b.1 2025-07-18 15:28:10.594 a 2025-07-18-15:28:01 097 181 295 0.1 1.1 2.1 14.0 34.3 730.3 0.00 0 0.0 20.5 24.1 24.4 3.632  -42.6   20.5    0.0  37    5.2   6 0 0 1 1 2 0 15.1 47.1 15.0 48.6 80.0 100 100 20 408 0 143 0 401 401 399 0 0 0 60 50 WAIT_ACK 0 
b.1 2025-07-18 15:29:11.094 a 2025-07-18-15:29:01 300 132 312 0.1 1.5 3.0 14.0 32.9 730.3 0.00 0 0.0 20.4 24.1 24.5 3.628  -42.0   20.6    2.2  36    4.8  10 0 0 1 1 2 0 15.1 46.3 15.0 47.6 80.0 100 100 20 408 0 143 0 401 401 400 0 0 0 60 50 WAIT_ACK 0 
b.1 2025-07-18 15:30:13.072 a 2025-07-18-15:30:03 086 152 228 0.3 2.1 4.4 14.0 34.2 730.3 0.00 0 0.0 20.0 24.1 24.5 3.628  -41.8   20.6    2.3  34    4.3   7 0 0 1 1 2 0 15.1 44.8 14.9 47.1 80.0 100 100 20 408 0 143 0 401 402 400 0 0 0 60 50 WAIT_ACK 0 
b.1 2025-07-18 15:31:10.096 a 2025-07-18-15:31:00 212 188 291 0.0 1.0 3.6 14.0 41.7 730.3 0.00 0 0.0 20.0 24.1 24.4 3.628  -39.7   20.6    0.0  35    4.4   7 0 0 1 1 2 0 15.1 45.1 14.9 45.4 80.0 100 100 20 408 0 143 0 401 401 399 0 0 0 59 50 WAIT_ACK 0 
b.1 2025-07-18 15:32:11.338 a 2025-07-18-15:32:02 240 063 265 0.1 1.0 2.8 14.1 49.3 730.3 0.00 0 0.0 20.4 24.1 24.5 3.627  -41.4   20.5    2.3  35    4.7   7 0 0 1 1 2 0 15.2 46.8 15.0 47.7 80.0 100 100 20 408 0 143 0 401 401 399 0 0 0 60 50 WAIT_ACK 0 
b.1 2025-07-18 15:33:10.255 a 2025-07-18-15:33:01 136 012 194 0.1 1.2 2.7 14.0 49.7 730.3 0.00 0 0.0 20.4 24.1 24.5 3.628  -42.2   20.5    2.2  36    5.1   7 0 0 1 1 2 0 15.2 47.6 15.0 48.2 80.0 100 100 20 408 0 143 0 401 401 400 0 0 0 59 50 WAIT_ACK 0 
b.1 2025-07-18 15:34:08.621 a 2025-07-18-15:33:59 136 046 316 0.3 1.7 3.9 13.9 50.9 730.3 0.00 0 0.0 20.4 24.1 24.5 3.627  -41.0   20.6    2.3  37    5.5   7 0 0 1 1 2 0 15.2 48.0 15.0 49.1 80.0 100 100 20 408 0 143 0 401 401 400 0 0 0 60 50 WAIT_ACK 0 
b.1 2025-07-18 15:35:10.878 a 2025-07-18-15:35:01 244 061 345 0.0 0.9 2.5 13.9 50.4 730.3 0.00 0 0.0 20.5 24.1 24.5 3.627  -40.2   20.6    2.2  38    5.7   7 0 0 1 1 2 0 15.2 48.5 15.1 49.4 80.0 100 100 20 408 0 143 0 400 402 399 0 0 0 59 50 WAIT_ACK 0 
b.1 2025-07-18 15:36:10.401 a 2025-07-18-15:36:01 232 143 354 0.1 0.8 1.5 13.9 46.1 730.3 0.00 0 0.0 20.9 24.1 24.5 3.627  -39.1   20.6    0.0  38    5.7   5 0 0 1 1 2 0 15.2 49.1 15.1 49.4 80.0 100 100 20 408 0 143 0 400 401 399 0 0 0 59 50 WAIT_ACK 0 
b.1 2025-07-18 15:37:09.740 a 2025-07-18-15:37:00 078 121 154 0.4 1.4 2.2 14.0 50.6 730.4 0.00 0 0.0 21.0 24.1 24.4 3.634  -39.7   20.6    2.1  38    5.7   5 0 0 1 1 2 0 15.2 48.8 15.1 49.5 80.0 100 100 20 408 0 143 0 402 401 400 0 0 0 60 50 WAIT_ACK 0 
b.1 2025-07-18 15:38:11.200 a 2025-07-18-15:38:02 061 165 266 0.1 1.0 2.0 14.0 50.4 730.4 0.00 0 0.0 21.0 24.1 24.5 3.633  -39.9   20.7    0.0  38    5.8   5 0 0 1 1 2 0 15.3 48.6 15.1 49.5 80.0 100 100 20 408 0 143 0 401 401 400 0 0 0 60 50 WAIT_ACK 0 
b.1 2025-07-18 15:39:09.341 a 2025-07-18-15:39:00 109 342 214 0.1 0.6 1.8 14.0 43.6 730.3 0.00 0 0.0 21.3 24.1 24.5 3.627  -41.4   20.7    0.0  37    5.4   5 0 0 1 1 2 0 15.3 48.4 15.1 49.1 80.0 100 100 20 408 0 143 0 401 401 400 0 0 0 60 50 WAIT_ACK 0 
b.1 2025-07-18 15:40:09.236 a 2025-07-18-15:40:00 159 086 227 0.0 0.8 2.3 14.0 40.7 730.3 0.00 0 0.0 21.6 24.1 24.5 3.627  -41.1   20.7    2.2  37    5.4   5 0 0 1 1 2 0 15.2 48.5 15.1 49.3 80.0 100 100 20 408 0 143 0 401 401 400 0 0 0 60 50 WAIT_ACK 0 
b.1 2025-07-18 15:41:09.321 a 2025-07-18-15:41:00 192 047 233 0.2 1.4 3.2 14.1 46.4 730.3 0.00 0 0.0 21.5 24.1 24.5 3.633  -40.3   20.8    2.3  37    5.5   5 0 0 1 1 2 0 15.2 48.4 15.2 48.9 80.0 100 100 20 408 0 143 0 400 401 399 0 0 0 60 50 WAIT_ACK 0 
b.1 2025-07-18 15:42:09.756 a 2025-07-18-15:42:00 244 219 293 0.1 0.9 2.5 14.0 45.5 730.4 0.00 0 0.0 21.3 24.1 24.4 3.627  -39.8   20.8    2.1  37    5.4   5 0 0 1 1 2 0 15.2 48.1 15.2 48.6 80.0 100 100 20 408 0 143 0 401 402 400 0 0 0 59 50 WAIT_ACK 0 
b.1 2025-07-18 15:43:08.078 a 2025-07-18-15:42:58 156 084 249 0.1 0.6 1.9 13.9 39.5 730.3 0.00 0 0.0 21.6 24.1 24.5 3.627  -40.3   20.8    2.1  36    5.3   5 0 0 1 1 2 0 15.2 47.9 15.2 48.7 80.0 100 100 20 408 0 143 0 401 401 399 0 0 0 60 50 WAIT_ACK 0 
b.1 2025-07-18 15:44:08.940 a 2025-07-18-15:43:59 038 141 232 0.1 0.9 1.9 14.0 42.8 730.3 0.00 0 0.0 21.9 24.1 24.4 3.627  -39.9   20.8    0.0  37    5.4   5 0 0 1 1 2 0 15.2 48.6 15.2 48.9 80.0 100 100 20 408 0 143 0 401 401 399 0 0 0 59 50 WAIT_ACK 0 
b.1 2025-07-18 15:45:12.121 a 2025-07-18-15:45:02 128 202 156 0.0 1.3 4.2 14.0 46.4 730.4 0.00 0 0.0 21.8 24.1 24.4 3.628  -42.1   20.9    2.3  37    5.6   6 0 0 1 1 2 0 15.2 48.0 15.2 48.2 80.0 100 100 20 408 0 143 0 401 402 400 0 0 0 60 50 WAIT_ACK 0 
b.1 2025-07-18 15:46:07.961 a 2025-07-18-15:45:58 271 157 307 0.1 0.7 4.3 14.1 36.9 730.3 0.00 0 0.0 21.9 24.1 24.5 3.627  -46.1   20.9    0.0  36    5.1   6 0 0 1 1 2 0 15.2 47.1 15.2 48.1 80.0 100 100 20 408 0 143 0 401 401 400 0 0 0 60 50 WAIT_ACK 0 
b.1 2025-07-18 15:47:07.490 a 2025-07-18-15:46:58 270 203 287 0.1 1.1 3.4 14.2 37.1 730.3 0.00 0 0.0 21.8 24.1 24.5 3.628  -41.9   20.9    0.0  35    4.7   6 0 0 1 1 2 0 15.3 47.4 15.2 48.0 80.0 100 100 20 408 0 143 0 401 401 400 0 0 0 59 50 WAIT_ACK 0 
b.1 2025-07-18 15:48:09.279 a 2025-07-18-15:48:00 092 071 097 0.0 0.6 2.2 14.2 38.7 730.4 0.00 0 0.0 22.2 24.1 24.5 3.628  -39.4   20.9    2.2  35    4.9   6 0 0 1 1 2 0 15.3 46.9 15.2 47.9 80.0 100 100 20 408 0 143 0 401 401 400 0 0 0 59 50 WAIT_ACK 0 
b.1 2025-07-18 15:49:10.644 a 2025-07-18-15:49:01 049 257 256 0.0 0.4 1.2 14.4 36.5 730.4 0.00 0 0.0 22.6 24.1 24.5 3.627  -40.2   21.0    0.0  35    5.1   6 0 0 1 1 2 0 15.3 47.2 15.3 47.2 80.0 100 100 20 408 0 143 0 400 402 399 0 0 0 59 50 WAIT_ACK 0 
b.1 2025-07-18 15:50:10.640 a 2025-07-18-15:50:01 136 113 144 0.1 0.6 2.1 14.5 38.8 730.4 0.00 0 0.0 23.1 24.1 24.5 3.628  -41.4   21.1    0.0  35    5.1   6 0 0 1 1 2 0 15.4 47.5 15.3 47.5 80.0 100 100 20 408 0 143 0 401 401 399 0 0 0 59 50 WAIT_ACK 0 
b.1 2025-07-18 15:51:12.763 a 2025-07-18-15:51:03 081 041 156 0.0 0.5 1.9 14.6 41.1 730.4 0.00 0 0.0 23.4 24.1 24.5 3.628  -40.0   21.2    2.2  35    5.3   5 0 0 1 1 2 0 15.4 47.3 15.3 47.6 80.0 100 100 20 408 0 143 0 401 401 400 0 0 0 60 50 WAIT_ACK 0 
b.1 2025-07-18 15:52:10.505 a 2025-07-18-15:52:01 236 132 327 0.1 0.7 1.8 14.7 49.3 730.4 0.00 0 0.0 23.7 24.1 24.5 3.627  -39.8   21.3    0.0  36    5.7   5 0 0 1 1 2 0 15.4 47.8 15.3 48.1 80.0 100 100 20 408 0 143 0 401 401 400 0 0 0 59 50 WAIT_ACK 0 
b.1 2025-07-18 15:53:11.700 a 2025-07-18-15:53:02 307 169 356 0.1 1.0 3.1 14.7 41.6 730.4 0.00 0 0.0 23.6 24.1 24.5 3.627  -45.9   21.4    0.0  36    5.8   5 0 0 1 1 2 0 15.4 47.5 15.4 48.0 80.0 100 100 20 408 0 143 0 401 401 399 0 0 0 60 50 WAIT_ACK 0 
b.1 2025-07-18 15:54:09.500 a 2025-07-18-15:54:00 015 210 256 0.2 1.9 3.7 14.7 27.2 730.4 0.00 0 0.0 22.9 24.1 24.5 3.627  -43.4   21.4    2.2  34    5.1   5 0 0 1 1 2 0 15.4 46.9 15.3 47.1 80.0 100 100 20 408 0 143 0 400 401 399 0 0 0 60 50 WAIT_ACK 0 
b.1 2025-07-18 15:55:13.621 a 2025-07-18-15:55:04 279 105 312 0.1 1.1 3.0 14.6 30.8 730.4 0.00 0 0.0 22.5 24.1 24.4 3.627  -42.4   21.4    2.2  34    4.8   7 0 0 1 1 2 0 15.4 46.3 15.4 47.3 80.0 100 100 20 408 0 143 0 402 401 400 0 0 0 60 50 WAIT_ACK 0 
b.1 2025-07-18 15:56:08.921 a 2025-07-18-15:55:59 012 163 293 0.1 0.7 1.8 14.6 34.4 730.4 0.00 0 0.0 22.9 24.1 24.5 3.627  -40.3   21.5    0.0  34    4.8   7 0 0 1 1 2 0 15.5 45.5 15.4 47.2 80.0 100 100 20 408 0 143 0 401 401 399 0 0 0 59 50 WAIT_ACK 0 
b.1 2025-07-18 15:57:12.308 a 2025-07-18-15:57:03 110 097 117 0.1 1.0 2.0 14.6 37.8 730.4 0.00 0 0.0 23.3 24.1 24.4 3.627  -41.4   21.5    0.0  34    4.9   5 0 0 1 1 2 0 15.5 45.9 15.4 46.8 80.0 100 100 20 408 0 143 0 401 402 399 0 0 0 60 50 WAIT_ACK 0 
b.1 2025-07-18 15:58:10.604 a 2025-07-18-15:58:01 082 055 274 0.1 1.0 2.2 14.6 49.1 730.4 0.00 0 0.0 23.4 24.1 24.5 3.627  -43.2   21.5    2.1  35    5.4   5 0 0 1 1 2 0 15.6 46.8 15.5 47.0 80.0 100 100 20 408 0 143 0 401 401 400 0 0 0 60 50 WAIT_ACK 0 
b.1 2025-07-18 15:59:11.463 a 2025-07-18-15:59:02 146 324 317 0.1 0.5 1.2 14.5 45.9 730.4 0.00 0 0.0 23.7 24.1 24.5 3.628  -40.1   21.6    0.0  35    5.7   5 0 0 1 1 2 0 15.6 47.5 15.5 47.7 80.0 100 100 20 408 0 143 0 401 401 400 0 0 0 59 50 WAIT_ACK 0 
b.1 2025-07-18 16:00:11.540 a 2025-07-18-16:00:02 123 008 152 0.1 0.5 1.3 14.4 40.2 730.4 0.00 0 0.0 24.2 24.1 24.5 3.633  -40.6   21.7    0.0  35    5.5   5 0 0 1 1 2 0 15.6 48.2 15.5 47.7 80.0 100 100 20 408 0 143 0 401 401 400 0 0 0 60 50 WAIT_ACK 0 
b.1 2025-07-18 16:01:11.321 a 2025-07-18-16:01:02 265 129 319 0.1 0.6 1.4 14.5 42.7 730.4 0.00 0 0.0 24.4 24.1 24.5 3.627  -40.3   21.7    0.0  35    5.6   5 0 0 1 1 2 0 15.7 48.1 15.6 48.1 80.0 100 100 20 408 0 143 0 401 401 400 0 0 0 60 50 WAIT_ACK 0 
b.1 2025-07-18 16:02:08.006 a 2025-07-18-16:01:58 090 350 106 0.0 0.3 0.8 14.7 37.0 730.4 0.00 0 0.0 25.0 24.1 24.4 3.627  -40.0   21.8    0.0  35    5.5   5 0 0 1 1 2 0 15.7 47.2 15.6 47.4 80.0 100 100 20 408 0 143 0 400 402 399 0 0 0 59 50 WAIT_ACK 0 
b.1 2025-07-18 16:03:08.184 a 2025-07-18-16:02:59 103 222 139 0.0 0.5 1.4 14.9 37.0 730.4 0.00 0 0.0 25.5 24.1 24.5 3.628  -41.4   21.8    0.0  34    5.4   5 0 0 1 1 2 0 15.7 47.0 15.6 47.7 80.0 100 100 20 408 0 143 0 401 402 399 0 0 0 60 50 WAIT_ACK 0 
b.1 2025-07-18 16:04:11.141 a 2025-07-18-16:04:01 282 136 357 0.1 1.1 2.3 15.1 42.9 730.4 0.00 0 0.0 25.3 24.1 24.5 3.628  -40.7   21.9    0.0  35    5.7   5 0 0 1 1 2 0 15.7 47.5 15.7 47.7 80.0 100 100 20 408 0 143 0 401 401 400 0 0 0 59 50 WAIT_ACK 0 
b.1 2025-07-18 16:05:11.947 a 2025-07-18-16:05:02 288 185 314 0.1 0.9 2.2 15.2 33.7 730.4 0.00 0 0.0 25.3 24.1 24.4 3.627  -42.7   21.9    0.0  35    5.6   5 0 0 1 1 2 0 15.7 46.6 15.7 47.1 80.0 100 100 20 408 0 143 0 401 402 399 0 0 0 59 50 WAIT_ACK 0 
b.1 2025-07-18 16:06:10.122 a 2025-07-18-16:06:00 052 163 263 0.1 1.1 2.3 15.2 32.4 730.4 0.00 0 0.0 25.1 24.1 24.5 3.628  -41.4   21.9    0.0  33    5.1   0 0 0 1 1 2 0 15.7 46.1 15.7 46.7 80.0 100 100 20 408 0 143 0 401 401 400 0 0 0 59 50 WAIT_ACK 0 
b.1 2025-07-18 16:07:10.145 a 2025-07-18-16:07:00 162 162 207 0.2 1.3 3.4 15.3 30.1 730.4 0.00 0 0.0 24.9 24.1 24.4 3.627  -42.1   22.0    0.0  32    4.8   5 0 0 1 1 2 0 15.8 44.6 15.7 46.5 80.0 100 100 20 408 0 143 0 401 401 399 0 0 0 59 50 WAIT_ACK 0 
b.1 2025-07-18 16:08:10.125 a 2025-07-18-16:08:00 049 168 294 0.2 1.9 4.1 15.2 28.8 730.4 0.00 0 0.0 24.2 24.1 24.4 3.628  -41.0   22.0    2.2  31    4.3   5 0 0 1 1 2 0 15.8 42.8 15.7 44.5 80.0 100 100 20 408 0 143 0 401 401 400 0 0 0 59 50 WAIT_ACK 0 
b.1 2025-07-18 16:09:08.346 a 2025-07-18-16:08:59 032 163 289 0.1 1.4 3.3 15.2 28.8 730.4 0.00 0 0.0 24.1 24.1 24.5 3.627  -42.8   22.0    2.2  31    4.0   5 0 0 1 1 2 0 15.8 41.0 15.7 42.7 80.0 100 100 20 408 0 143 0 401 401 399 0 0 0 59 50 WAIT_ACK 0 
b.1 2025-07-18 16:10:13.585 a 2025-07-18-16:10:04 265 176 295 0.1 1.0 2.3 15.1 30.2 730.5 0.00 0 0.0 23.9 24.1 24.5 3.633  -40.7   22.0    0.0  31    4.1   5 0 0 1 1 2 0 15.9 41.7 15.8 42.4 80.0 100 100 20 408 0 143 0 401 401 399 0 0 0 60 50 WAIT_ACK 0 
b.1 2025-07-18 16:11:09.427 a 2025-07-18-16:11:00 282 158 322 0.1 1.0 3.1 15.1 30.2 730.5 0.00 0 0.0 24.2 24.1 24.4 3.627  -41.7   22.0    2.1  31    4.0   5 0 0 1 1 2 0 15.9 42.4 15.8 41.4 80.0 100 100 20 408 0 143 0 401 401 400 0 0 0 59 50 WAIT_ACK 0 
b.1 2025-07-18 16:12:10.585 a 2025-07-18-16:12:01 079 125 226 0.3 2.1 4.1 15.1 31.1 730.5 0.00 0 0.0 23.9 24.1 24.5 3.628  -42.2   22.0    2.2  30    3.9   5 0 0 1 1 2 0 16.0 41.5 15.8 41.7 80.0 100 100 20 408 0 143 0 400 401 399 0 0 0 60 50 WAIT_ACK 0 
b.1 2025-07-18 16:13:09.726 a 2025-07-18-16:13:00 062 155 226 0.2 1.8 3.8 15.2 30.0 730.5 0.00 0 0.0 23.6 24.1 24.4 3.627  -41.6   22.0    2.2  30    3.7   5 0 0 1 1 2 0 16.0 41.4 15.9 40.9 80.0 100 100 20 408 0 143 0 402 400 400 0 0 0 59 50 WAIT_ACK 0 
b.1 2025-07-18 16:14:10.627 a 2025-07-18-16:14:01 062 137 235 0.4 1.9 4.0 15.2 31.5 730.5 0.00 0 0.0 23.5 24.1 24.5 3.627  -42.7   22.0    2.2  30    3.8   5 0 0 1 1 2 0 16.0 42.9 15.9 42.4 80.0 100 100 20 408 0 143 0 401 401 400 0 0 0 60 50 WAIT_ACK 0 
b.1 2025-07-18 16:15:10.523 a 2025-07-18-16:15:01 131 196 245 0.6 2.6 5.4 15.3 29.9 730.5 0.00 0 0.0 22.3 24.1 24.5 3.627  -42.2   22.0    2.5  30    3.8   8 0 0 1 1 2 0 16.0 40.9 15.9 39.6 80.0 100 100 20 408 0 143 0 401 402 400 0 0 0 59 50 WAIT_ACK 0 
b.1 2025-07-18 16:16:11.207 a 2025-07-18-16:16:01 315 172 329 0.1 1.1 3.6 15.2 29.3 730.5 0.00 0 0.0 22.5 24.1 24.4 3.627  -41.0   22.0    2.2  30    3.5   8 0 0 1 1 2 0 16.0 39.3 15.9 39.3 80.0 100 100 20 408 0 143 0 401 401 400 0 0 0 59 50 WAIT_ACK 0 
b.1 2025-07-18 16:17:08.729 a 2025-07-18-16:16:59 136 116 163 0.1 0.5 1.3 15.1 29.5 730.5 0.00 0 0.0 23.3 24.1 24.4 3.627  -40.8   22.0    0.0  30    3.6   5 0 0 1 1 2 0 16.1 40.5 15.9 40.3 80.0 100 100 20 408 0 143 0 401 401 399 0 0 0 59 50 WAIT_ACK 0 
b.1 2025-07-18 16:18:10.703 a 2025-07-18-16:18:01 326 161 346 0.1 0.4 1.3 15.2 33.8 730.6 0.00 0 0.0 24.1 24.1 24.5 3.628  -40.0   22.0    0.0  31    3.9   5 0 0 1 1 2 0 16.1 41.7 16.0 39.8 80.0 100 100 20 408 0 143 0 401 401 399 0 0 0 59 50 WAIT_ACK 0 
b.1 2025-07-18 16:19:09.066 a 2025-07-18-16:18:59 110 148 141 0.0 0.5 1.7 15.2 29.7 730.6 0.00 0 0.0 24.8 24.1 24.5 3.633  -43.0   22.1    0.0  30    3.8   5 0 0 1 1 2 0 16.1 41.5 16.0 40.8 80.0 100 100 20 408 0 143 0 402 401 400 0 0 0 59 50 WAIT_ACK 0 
b.1 2025-07-18 16:20:13.368 a 2025-07-18-16:20:04 206 126 291 0.0 0.5 1.1 15.5 29.6 730.6 0.00 0 0.0 25.2 24.1 24.5 3.627  -40.0   22.2    0.0  31    4.3   5 0 0 1 1 2 0 16.1 41.7 16.1 40.7 80.0 100 100 20 408 0 143 0 401 401 399 0 0 0 59 50 WAIT_ACK 0 
b.1 2025-07-18 16:21:10.789 a 2025-07-18-16:21:01 245 165 350 0.0 0.4 1.9 15.6 30.0 730.6 0.00 0 0.0 25.9 24.1 24.5 3.627  -40.7   22.3    0.0  31    4.2   5 0 0 1 1 2 0 16.2 41.9 16.1 41.2 80.0 100 100 20 408 0 143 0 402 401 400 0 0 0 59 50 WAIT_ACK 0 
b.1 2025-07-18 16:22:10.871 a 2025-07-18-16:22:01 284 155 298 0.0 0.3 1.8 15.8 26.4 730.6 0.00 0 0.0 26.5 24.1 24.4 3.632  -41.1   22.5    0.0  30    4.1   5 0 0 1 1 2 0 16.2 41.8 16.2 41.2 80.0 100 100 20 408 0 143 0 401 401 400 0 0 0 60 50 WAIT_ACK 0 
b.1 2025-07-18 16:23:10.388 a 2025-07-18-16:23:01 090 173 312 0.1 0.9 2.2 15.9 25.8 730.6 0.00 0 0.0 26.9 24.1 24.5 3.627  -41.2   22.5    0.0  30    4.1   5 0 0 1 1 2 0 16.2 39.8 16.2 41.0 80.0 100 100 20 408 0 143 0 402 401 400 0 0 0 60 50 WAIT_ACK 0 
b.1 2025-07-18 16:24:10.930 a 2025-07-18-16:24:01 218 156 292 0.1 1.1 2.7 16.0 25.1 730.6 0.00 0 0.0 26.9 24.1 24.5 3.626  -42.1   22.6    2.2  29    3.7   5 0 0 1 1 2 0 16.2 38.9 16.1 40.9 80.0 100 100 20 408 0 143 0 401 401 399 0 0 0 59 50 WAIT_ACK 0 
b.1 2025-07-18 16:25:10.769 a 2025-07-18-16:25:01 066 189 295 0.2 1.4 4.0 16.0 23.9 730.6 0.00 0 0.0 26.3 24.1 24.5 3.627  -42.4   22.7    0.0  28    3.5   5 0 0 1 1 2 0 16.2 40.0 16.1 39.7 80.0 100 100 20 408 0 143 0 401 401 400 0 0 0 59 50 WAIT_ACK 0 
b.1 2025-07-18 16:26:07.871 a 2025-07-18-16:25:58 005 228 289 0.0 0.9 2.8 15.9 23.9 730.7 0.00 0 0.0 26.3 24.1 24.5 3.627  -41.5   22.7    0.0  28    3.1   5 0 0 1 1 2 0 16.3 40.6 16.2 39.1 80.0 100 100 20 408 0 143 0 401 401 399 0 0 0 59 50 WAIT_ACK 0 
b.1 2025-07-18 16:27:09.609 a 2025-07-18-16:27:00 004 220 217 0.1 0.9 2.9 15.9 24.3 730.7 0.00 0 0.0 26.4 24.1 24.4 3.626  -41.4   22.7    0.0  28    3.1   5 0 0 1 1 2 0 16.3 40.7 16.2 39.1 80.0 100 100 20 408 0 143 0 402 401 400 0 0 0 59 50 WAIT_ACK 0 
b.1 2025-07-18 16:28:09.230 a 2025-07-18-16:27:59 023 205 062 0.1 0.9 2.4 15.9 23.5 730.7 0.00 0 0.0 26.3 24.1 24.5 3.627  -42.3   22.8    0.0  27    3.1   5 0 0 1 1 2 0 16.3 39.6 16.2 39.9 80.0 100 100 20 408 0 143 0 401 401 400 0 0 0 60 50 WAIT_ACK 0 
b.1 2025-07-18 16:29:08.351 a 2025-07-18-16:28:59 173 148 307 0.1 0.8 2.4 15.9 24.7 730.7 0.00 0 0.0 26.5 24.1 24.5 3.627  -41.2   22.9    0.0  28    3.3   5 0 0 1 1 2 0 16.4 39.4 16.3 38.9 80.0 100 100 20 408 0 143 0 401 402 399 0 0 0 59 50 WAIT_ACK 0 
b.1 2025-07-18 16:30:12.552 a 2025-07-18-16:30:03 017 172 328 0.1 0.7 2.1 16.0 24.8 730.7 0.00 0 0.0 26.9 24.1 24.5 3.628  -42.0   22.9    0.0  27    3.1   5 0 0 1 1 2 0 16.4 40.4 16.3 38.4 80.0 100 100 20 408 0 143 0 401 401 400 0 0 0 59 50 WAIT_ACK 0 
b.1 2025-07-18 16:31:09.247 a 2025-07-18-16:30:59 069 176 312 0.1 1.1 2.7 16.0 23.5 730.7 0.00 0 0.0 26.7 24.1 24.5 3.626  -42.5   23.0    2.1  27    2.8   5 0 0 1 1 2 0 16.4 39.3 16.3 39.3 80.0 100 100 20 408 0 143 0 401 402 399 0 0 0 60 50 WAIT_ACK 0 
b.1 2025-07-18 16:32:10.433 a 2025-07-18-16:32:01 234 120 273 0.1 1.7 3.9 16.0 23.9 730.7 0.00 0 0.0 26.4 24.1 24.5 3.626  -44.5   23.0    2.3  26    2.6   5 0 0 1 1 2 0 16.4 39.4 16.4 38.5 80.0 100 100 20 408 0 143 0 401 401 400 0 0 0 59 50 WAIT_ACK 0 
b.1 2025-07-18 16:33:08.713 a 2025-07-18-16:32:59 122 064 197 0.1 1.8 4.2 15.9 33.1 730.7 0.00 0 0.0 26.0 24.1 24.4 3.628  -42.7   23.0    2.3  27    3.2   5 0 0 1 1 2 0 16.5 40.2 16.3 39.2 80.0 100 100 20 408 0 143 0 401 401 399 0 0 0 59 50 WAIT_ACK 0 
b.1 2025-07-18 16:34:10.128 a 2025-07-18-16:34:00 100 353 220 0.2 1.5 3.4 15.7 34.8 730.7 0.00 0 0.0 25.9 24.1 24.5 3.628  -42.4   23.0    2.3  28    3.5   5 0 0 1 1 2 0 16.4 42.1 16.4 41.2 80.0 100 100 20 408 0 143 0 401 401 400 0 0 0 59 50 WAIT_ACK 0 
b.1 2025-07-18 16:35:11.332 a 2025-07-18-16:35:02 057 140 233 0.1 1.3 2.2 15.4 46.2 730.7 0.00 0 0.0 25.8 24.1 24.5 3.628  -41.4   23.1    2.3  29    4.3   5 0 0 1 1 2 0 16.5 42.9 16.4 42.2 80.0 100 100 20 408 0 143 0 401 401 400 0 0 0 59 50 WAIT_ACK 0 
b.1 2025-07-18 16:36:11.171 a 2025-07-18-16:36:01 181 190 326 0.0 0.5 2.1 15.3 36.6 730.7 0.00 0 0.0 26.2 24.1 24.5 3.627  -41.4   23.2    0.0  30    4.6   6 0 0 1 1 2 0 16.5 43.1 16.4 42.1 80.0 100 100 20 408 0 143 0 402 401 400 0 0 0 59 50 WAIT_ACK 0 
b.1 2025-07-18 16:37:09.891 a 2025-07-18-16:37:00 213 104 275 0.1 0.4 1.2 15.3 42.3 730.7 0.00 0 0.0 26.8 24.1 24.5 3.627  -41.7   23.2    0.0  30    4.8   6 0 0 1 1 2 0 16.5 43.9 16.4 43.5 80.0 100 100 20 408 0 143 0 401 401 400 0 0 0 60 50 WAIT_ACK 0 
b.1 2025-07-18 16:38:10.992 a 2025-07-18-16:38:01 118 049 316 0.1 1.5 2.7 15.3 47.4 730.7 0.00 0 0.0 26.9 24.1 24.4 3.633  -46.0   23.2    2.4  31    5.1   6 0 0 1 1 2 0 16.5 44.0 16.4 43.8 80.0 100 100 20 408 0 143 0 401 402 400 0 0 0 59 50 WAIT_ACK 0 
b.1 2025-07-18 16:39:11.915 a 2025-07-18-16:39:02 267 133 343 0.1 0.6 1.8 15.1 45.5 730.7 0.00 0 0.0 27.0 24.1 24.5 3.627  -41.7   23.2    0.0  32    5.4   6 0 0 1 1 2 0 16.5 44.8 16.5 43.9 80.0 100 100 20 408 0 143 0 401 401 399 0 0 0 59 50 WAIT_ACK 0 
b.1 2025-07-18 16:40:12.173 a 2025-07-18-16:40:02 016 276 057 0.1 1.0 3.2 15.1 36.0 730.7 0.00 0 0.0 27.1 24.1 24.4 3.627  -42.7   23.3    2.1  32    5.7   5 0 0 1 1 2 0 16.5 44.9 16.5 45.2 80.0 100 100 20 408 0 143 0 402 401 400 0 0 0 59 50 WAIT_ACK 0 
b.1 2025-07-18 16:41:09.332 a 2025-07-18-16:41:00 115 220 316 0.1 1.0 3.2 15.1 36.0 730.7 0.00 0 0.0 26.9 24.1 24.4 3.633  -43.3   23.3    0.0  30    5.0   5 0 0 1 1 2 0 16.4 45.3 16.5 45.1 80.0 100 100 20 408 0 143 0 402 401 400 0 0 0 60 50 WAIT_ACK 0 
b.1 2025-07-18 16:42:09.632 a 2025-07-18-16:42:00 052 133 309 0.0 0.7 2.6 15.1 29.2 730.7 0.00 0 0.0 27.0 24.1 24.5 3.626  -41.9   23.3    0.0  29    4.4   5 0 0 1 1 2 0 16.4 45.3 16.5 45.4 80.0 100 100 20 408 0 143 0 402 401 400 0 0 0 59 50 WAIT_ACK 0 
b.1 2025-07-18 16:43:07.813 a 2025-07-18-16:42:58 331 196 352 0.2 1.0 2.0 15.3 26.8 730.7 0.00 0 0.0 26.9 24.1 24.5 3.626  -43.1   23.3    2.1  29    4.3   5 0 0 1 1 2 0 16.4 41.6 16.4 41.9 80.0 100 100 20 408 0 143 0 401 401 400 0 0 0 59 50 WAIT_ACK 0 
b.1 2025-07-18 16:44:12.013 a 2025-07-18-16:44:02 016 207 291 0.2 1.6 5.0 15.5 25.8 730.7 0.00 0 0.0 26.1 24.1 24.4 3.633  -41.1   23.3    2.2  27    3.4   5 0 0 1 1 2 0 16.4 41.5 16.4 41.7 80.0 100 100 20 408 0 143 0 401 401 400 0 0 0 59 50 WAIT_ACK 0 
b.1 2025-07-18 16:45:11.112 a 2025-07-18-16:45:01 059 233 291 0.1 0.8 2.3 15.6 26.3 730.8 0.00 0 0.0 26.5 24.1 24.5 3.627  -41.8   23.2    0.0  27    3.3   5 0 0 1 1 2 0 16.4 38.1 16.4 39.2 80.0 100 100 20 408 0 143 0 401 401 399 0 0 0 60 50 WAIT_ACK 0 
b.1 2025-07-18 16:46:11.173 a 2025-07-18-16:46:01 186 020 312 0.1 1.1 4.0 15.7 26.1 730.7 0.00 0 0.0 26.6 24.1 24.5 3.626  -42.9   23.2    2.2  27    2.9   5 0 0 1 1 2 0 16.4 38.4 16.4 37.7 80.0 100 100 20 408 0 143 0 401 401 399 0 0 0 60 50 WAIT_ACK 0 
b.1 2025-07-18 16:47:09.394 a 2025-07-18-16:47:00 024 201 316 0.1 0.8 3.8 15.8 25.7 730.7 0.00 0 0.0 26.7 24.1 24.5 3.628  -41.1   23.1    0.0  26    2.8   0 0 0 1 1 2 0 16.4 38.6 16.4 36.8 80.0 100 100 20 408 0 143 0 401 402 399 0 0 0 60 50 WAIT_ACK 0 
b.1 2025-07-18 16:48:11.154 a 2025-07-18-16:48:01 070 165 287 0.1 0.7 1.8 15.9 25.6 730.8 0.00 0 0.0 27.1 24.1 24.5 3.627  -41.6   23.1    0.0  26    2.8   5 0 0 1 1 2 0 16.4 39.1 16.4 37.4 80.0 100 100 20 408 0 143 0 401 401 399 0 0 0 59 50 WAIT_ACK 0 
b.1 2025-07-18 16:49:09.335 a 2025-07-18-16:49:00 222 025 242 0.1 0.7 2.9 16.1 26.1 730.8 0.00 0 0.0 27.6 24.1 24.4 3.626  -40.6   23.1    2.2  26    2.8   5 0 0 1 1 2 0 16.4 40.2 16.5 37.6 80.0 100 100 20 408 0 143 0 401 401 400 0 0 0 60 50 WAIT_ACK 0 
b.1 2025-07-18 16:50:11.816 a 2025-07-18-16:50:02 287 156 309 0.1 0.4 1.7 16.2 25.2 730.8 0.00 0 0.0 28.0 24.1 24.5 3.628  -40.0   23.1    0.0  26    2.6   5 0 0 1 1 2 0 16.5 39.6 16.5 38.1 80.0 100 100 20 408 0 143 0 401 401 400 0 0 0 59 50 WAIT_ACK 0 
b.1 2025-07-18 16:51:08.494 a 2025-07-18-16:50:59 101 321 135 0.1 1.0 2.7 16.3 25.5 730.8 0.00 0 0.0 27.8 24.1 24.4 3.626  -41.5   23.1    0.0  26    2.7   5 0 0 1 1 2 0 16.5 39.8 16.5 39.5 80.0 100 100 20 408 0 143 0 401 401 399 0 0 0 59 50 WAIT_ACK 0 
b.1 2025-07-18 16:52:12.394 a 2025-07-18-16:52:03 197 210 345 0.1 1.1 2.3 16.3 25.0 730.8 0.00 0 0.0 27.7 24.1 24.5 3.627  -41.1   23.1    2.2  26    2.7   5 0 0 1 1 2 0 16.4 38.4 16.5 38.4 80.0 100 100 20 408 0 143 0 400 402 399 0 0 0 60 50 WAIT_ACK 0 
b.1 2025-07-18 16:53:11.354 a 2025-07-18-16:53:02 111 268 357 0.1 0.9 3.5 16.3 24.9 730.8 0.00 0 0.0 27.3 24.1 24.5 3.627  -40.4   23.2    0.0  27    3.0   5 0 0 1 1 2 0 16.5 39.0 16.5 39.4 80.0 100 100 20 408 0 143 0 401 401 400 0 0 0 59 50 WAIT_ACK 0 
b.1 2025-07-18 16:54:12.677 a 2025-07-18-16:54:03 110 325 126 0.1 0.8 2.7 16.3 28.0 730.8 0.00 0 0.0 27.6 24.1 24.4 3.627  -43.5   23.2    2.2  27    3.0   5 0 0 1 1 2 0 16.5 40.6 16.5 38.7 80.0 100 100 20 408 0 143 0 401 401 400 0 0 0 60 50 WAIT_ACK 0 
b.1 2025-07-18 16:55:11.296 a 2025-07-18-16:55:02 026 185 315 0.1 1.1 2.7 16.3 25.7 730.8 0.00 0 0.0 27.6 24.1 24.5 3.627  -41.3   23.3    0.0  26    2.8   5 0 0 1 1 2 0 16.5 38.6 16.5 36.9 80.0 100 100 20 408 0 143 0 402 401 400 0 0 0 60 50 WAIT_ACK 0 
b.1 2025-07-18 16:56:09.953 a 2025-07-18-16:56:00 143 225 333 0.0 1.1 4.0 16.3 25.0 730.8 0.00 0 0.0 27.4 24.1 24.5 3.626  -42.2   23.3    0.0  26    2.7   5 0 0 1 1 2 0 16.5 39.0 16.5 39.4 80.0 100 100 20 408 0 143 0 400 401 399 0 0 0 59 50 WAIT_ACK 0 
b.1 2025-07-18 16:57:10.437 a 2025-07-18-16:57:01 013 197 061 0.1 1.2 4.0 16.3 25.0 730.8 0.00 0 0.0 27.3 24.1 24.5 3.633  -40.0   23.3    0.0  26    2.6   5 0 0 1 1 2 0 16.5 39.1 16.5 38.5 80.0 100 100 20 408 0 143 0 400 401 399 0 0 0 60 50 WAIT_ACK 0 
b.1 2025-07-18 16:58:12.315 a 2025-07-18-16:58:03 097 204 168 0.1 1.7 4.0 16.3 24.9 730.8 0.00 0 0.0 27.0 24.1 24.5 3.627  -41.6   23.4    2.2  26    2.7   5 0 0 1 1 2 0 16.5 37.6 16.6 37.2 80.0 100 100 20 408 0 143 0 401 401 400 0 0 0 60 50 WAIT_ACK 0 
b.1 2025-07-18 16:59:10.680 a 2025-07-18-16:59:01 004 159 064 0.1 1.7 4.0 16.3 24.2 730.8 0.00 0 0.0 26.4 24.1 24.5 3.627  -41.4   23.4    2.2  25    2.3   5 0 0 1 1 2 0 16.6 38.5 16.6 37.2 80.0 100 100 20 408 0 143 0 401 401 399 0 0 0 59 50 WAIT_ACK 0 
b.1 2025-07-18 17:00:13.680 a 2025-07-18-17:00:04 096 204 286 0.1 1.6 3.9 16.2 24.8 730.8 0.00 0 0.0 26.2 24.1 24.4 3.633  -40.3   23.3    2.2  25    2.2   0 0 0 1 1 2 0 16.6 38.2 16.6 37.9 80.0 100 100 20 408 0 143 0 401 401 400 0 0 0 59 50 WAIT_ACK 0 
b.1 2025-07-18 17:01:10.276 a 2025-07-18-17:01:01 140 147 334 0.1 0.6 2.1 16.2 25.2 730.9 0.00 0 0.0 27.1 24.1 24.5 3.628  -40.9   23.3    0.0  25    2.2   5 0 0 1 1 2 0 16.6 37.2 16.7 36.3 80.0 100 100 20 408 0 143 0 402 401 400 0 0 0 60 50 WAIT_ACK 0 
b.1 2025-07-18 17:02:10.257 a 2025-07-18-17:02:01 079 170 319 0.2 1.3 3.5 16.3 24.0 730.9 0.00 0 0.0 27.2 24.1 24.5 3.627  -42.7   23.3    2.2  25    2.1   5 0 0 1 1 2 0 16.6 37.5 16.7 36.1 80.0 100 100 20 408 0 143 0 401 401 399 0 0 0 59 50 WAIT_ACK 0 
b.1 2025-07-18 17:03:11.677 a 2025-07-18-17:03:02 237 160 313 0.0 1.1 2.6 16.3 24.6 730.9 0.00 0 0.0 27.4 24.1 24.4 3.627  -41.7   23.2    2.2  25    2.2   5 0 0 1 1 2 0 16.6 36.3 16.7 36.3 80.0 100 100 20 408 0 143 0 401 401 399 0 0 0 59 50 WAIT_ACK 0 
b.1 2025-07-18 17:04:10.823 a 2025-07-18-17:04:01 245 180 350 0.1 1.2 3.9 16.3 24.2 730.8 0.00 0 0.0 27.5 24.1 24.4 3.624  -42.1   23.3    2.1  25    2.0   5 0 0 1 1 2 0 16.6 35.6 16.7 35.4 80.0 100 100 20 408 0 143 0 401 401 400 0 0 0 59 50 WAIT_ACK 0 
b.1 2025-07-18 17:05:10.160 a 2025-07-18-17:05:00 015 198 325 0.1 1.9 4.0 16.3 23.8 730.8 0.00 0 0.0 26.9 24.1 24.5 3.627  -41.7   23.2    2.3  25    2.1   5 0 0 1 1 2 0 16.7 36.4 16.7 34.4 80.0 100 100 20 408 0 143 0 401 401 399 0 0 0 60 50 WAIT_ACK 0 
b.1 2025-07-18 17:06:11.497 a 2025-07-18-17:06:02 117 206 306 0.3 2.8 6.8 16.2 23.9 730.8 0.00 0 0.0 25.2 24.1 24.5 3.627  -42.1   23.3    2.6  25    2.3   5 0 0 1 1 2 0 16.7 36.4 16.7 35.4 80.0 100 100 20 408 0 143 0 401 402 399 0 0 0 59 50 WAIT_ACK 0 
b.1 2025-07-18 17:07:08.782 a 2025-07-18-17:06:59 122 161 136 0.1 1.5 4.0 16.0 24.9 730.8 0.00 0 0.0 24.9 24.1 24.5 3.627  -40.7   23.3    2.4  25    2.1   5 0 0 1 1 2 0 16.7 36.1 16.7 35.1 80.0 100 100 20 408 0 143 0 401 401 400 0 0 0 59 50 WAIT_ACK 0 
b.1 2025-07-18 17:08:10.342 a 2025-07-18-17:08:01 017 181 245 0.2 1.8 5.8 15.9 24.6 730.8 0.00 0 0.0 25.4 24.1 24.5 3.627  -43.4   23.3    2.3  25    2.0   5 0 0 1 1 2 0 16.7 35.2 16.7 35.1 80.0 100 100 20 408 0 143 0 401 401 399 0 0 0 60 50 WAIT_ACK 0 
b.1 2025-07-18 17:09:09.164 a 2025-07-18-17:08:59 104 165 316 0.4 2.1 5.8 15.8 25.3 730.8 0.00 0 0.0 25.0 24.1 24.5 3.627  -43.6   23.3    2.3  25    1.9   5 0 0 1 1 2 0 16.7 35.1 16.7 34.9 80.0 100 100 20 408 0 143 0 402 401 400 0 0 0 59 50 WAIT_ACK 0 
b.1 2025-07-18 17:10:12.779 a 2025-07-18-17:10:03 072 178 258 0.1 0.6 1.5 15.7 26.0 730.8 0.00 0 0.0 26.1 24.1 24.5 3.628  -39.5   23.2    0.0  25    2.1   5 0 0 1 1 2 0 16.8 36.4 16.7 35.1 80.0 100 100 20 408 0 143 0 402 401 400 0 0 0 59 50 WAIT_ACK 0 
b.1 2025-07-18 17:11:10.703 a 2025-07-18-17:11:01 137 144 183 0.1 1.2 4.8 15.7 25.7 730.8 0.00 0 0.0 26.4 24.1 24.5 3.627  -39.5   23.2    2.2  25    1.9   0 0 0 1 1 2 0 16.8 37.1 16.8 35.2 80.0 100 100 20 408 0 143 0 401 401 399 0 0 0 59 50 WAIT_ACK 0 
b.1 2025-07-18 17:12:12.499 a 2025-07-18-17:12:03 273 190 314 0.1 0.8 3.1 16.0 24.4 730.8 0.00 0 0.0 27.0 24.1 24.4 3.626  -43.9   23.2    2.2  25    1.9   5 0 0 1 1 2 0 16.8 37.2 16.8 35.0 80.0 100 100 20 408 0 143 0 401 401 399 0 0 0 59 50 WAIT_ACK 0 
b.1 2025-07-18 17:13:10.578 a 2025-07-18-17:13:01 132 053 273 0.0 0.8 2.0 16.0 24.5 730.8 0.00 0 0.0 27.6 24.1 24.5 3.633  -40.4   23.2    0.0  25    2.1   0 0 0 1 1 2 0 16.9 36.3 16.9 35.6 80.0 100 100 20 408 0 143 0 400 401 400 0 0 0 59 50 WAIT_ACK 0 
b.1 2025-07-18 17:14:08.729 a 2025-07-18-17:13:59 277 198 309 0.1 1.3 3.7 16.1 31.8 730.8 0.00 0 0.0 27.6 24.1 24.4 3.626  -43.3   23.3    2.2  25    2.3   5 0 0 1 1 2 0 16.9 35.9 16.9 34.8 80.0 100 100 20 408 0 143 0 401 401 399 0 0 0 59 50 WAIT_ACK 0 
b.1 2025-07-18 17:15:12.605 a 2025-07-18-17:15:03 028 235 138 0.3 2.2 5.4 16.1 24.9 730.8 0.00 0 0.0 26.3 24.1 24.5 3.626  -40.4   23.3    2.4  25    2.0   5 0 0 1 1 2 0 16.9 37.3 16.9 36.8 80.0 100 100 20 408 0 143 0 401 401 399 0 0 0 60 50 WAIT_ACK 0 
b.1 2025-07-18 17:16:10.744 a 2025-07-18-17:16:01 114 303 343 0.1 1.5 4.0 16.2 24.5 730.8 0.00 0 0.0 26.1 24.1 24.5 3.633  -38.9   23.4    2.3  24    1.8   5 0 0 1 1 2 0 16.8 34.7 16.9 34.8 80.0 100 100 20 408 0 143 0 401 401 399 0 0 0 59 50 WAIT_ACK 0 
b.1 2025-07-18 17:17:08.446 a 2025-07-18-17:16:59 067 222 255 0.1 1.3 3.4 16.1 24.9 730.8 0.00 0 0.0 26.2 24.1 24.5 3.627  -39.3   23.4    2.2  24    1.9   5 0 0 1 1 2 0 16.8 34.8 16.9 34.1 80.0 100 100 20 408 0 143 0 402 401 400 0 0 0 59 50 WAIT_ACK 0 
b.1 2025-07-18 17:18:11.325 a 2025-07-18-17:18:02 090 187 263 0.1 0.7 1.5 16.0 24.6 730.8 0.00 0 0.0 27.1 24.1 24.5 3.626  -38.1   23.4    0.0  25    2.0   0 0 0 1 1 2 0 16.8 36.5 16.9 35.0 80.0 100 100 20 408 0 143 0 401 401 400 0 0 0 59 50 WAIT_ACK 0 
b.1 2025-07-18 17:19:09.127 a 2025-07-18-17:18:59 026 234 311 0.1 0.6 1.6 16.0 25.0 730.8 0.00 0 0.0 27.8 24.1 24.4 3.628  -38.0   23.4    0.0  26    2.7   0 0 0 1 1 2 0 16.8 36.5 16.9 33.6 80.0 100 100 20 408 0 143 0 402 401 400 0 0 0 60 50 WAIT_ACK 0 
b.1 2025-07-18 17:20:13.621 a 2025-07-18-17:20:04 008 234 068 0.1 1.5 5.7 16.1 25.3 730.8 0.00 0 0.0 27.5 24.1 24.4 3.627  -42.7   23.4    2.2  25    2.5   5 0 0 1 1 2 0 16.8 36.4 16.9 34.9 80.0 100 100 20 408 0 143 0 402 401 400 0 0 0 59 50 WAIT_ACK 0 
b.1 2025-07-18 17:21:08.362 a 2025-07-18-17:20:59 177 254 292 0.1 0.9 4.0 16.1 24.4 730.9 0.00 0 0.0 27.4 24.1 24.5 3.627  -38.9   23.4    0.0  24    1.9   5 0 0 1 1 2 0 16.8 32.9 16.9 31.9 80.0 100 100 20 408 0 143 0 401 401 399 0 0 0 59 50 WAIT_ACK 0 
b.1 2025-07-18 17:22:13.128 a 2025-07-18-17:22:03 306 198 344 0.0 0.8 3.8 16.2 24.0 730.9 0.00 0 0.0 27.8 24.1 24.4 3.624  -42.7   23.4    2.2  24    1.7   0 0 0 1 1 2 0 16.8 33.0 16.9 32.1 80.0 100 100 20 408 0 143 0 401 401 400 0 0 0 60 50 WAIT_ACK 0 
b.1 2025-07-18 17:23:10.785 a 2025-07-18-17:23:01 059 275 279 0.1 0.7 2.0 16.2 36.5 730.9 0.00 0 0.0 28.1 24.1 24.4 3.626  -37.9   23.4    0.0  26    2.7   0 0 0 1 1 2 0 16.8 34.6 17.0 33.3 80.0 100 100 20 408 0 143 0 401 402 399 0 0 0 59 50 WAIT_ACK 0 
b.1 2025-07-18 17:24:11.703 a 2025-07-18-17:24:02 146 220 190 0.1 0.3 1.4 16.3 41.9 730.9 0.00 0 0.0 28.9 24.1 24.5 3.627  -38.6   23.4    0.0  29    4.3   0 0 0 1 1 2 0 16.8 37.1 17.0 35.0 80.0 100 100 20 408 0 143 0 401 401 400 0 0 0 59 50 WAIT_ACK 0 
b.1 2025-07-18 17:25:11.265 a 2025-07-18-17:25:01 067 036 194 0.1 0.7 2.5 16.2 42.8 730.9 0.00 0 0.0 29.3 24.1 24.4 3.627  -38.9   23.4    0.0  30    4.6   0 0 0 1 1 2 0 16.8 38.5 17.0 35.4 80.0 100 100 20 408 0 143 0 401 401 400 0 0 0 60 50 WAIT_ACK 0 
b.1 2025-07-18 17:26:09.884 a 2025-07-18-17:26:00 177 278 342 0.2 1.3 3.3 16.1 24.9 730.9 0.00 0 0.0 28.7 24.1 24.5 3.627  -39.5   23.3    2.3  29    4.2   5 0 0 1 1 2 0 16.8 39.8 17.0 38.1 80.0 100 100 20 408 0 143 0 401 402 400 0 0 0 60 50 WAIT_ACK 0 
b.1 2025-07-18 17:27:10.526 a 2025-07-18-17:27:01 195 277 329 0.1 0.9 2.8 16.1 35.3 730.9 0.00 0 0.0 28.9 24.1 24.5 3.627  -40.4   23.5    2.2  28    4.2   5 0 0 1 1 2 0 16.8 39.6 17.0 39.1 80.0 100 100 20 408 0 143 0 402 401 400 0 0 0 59 50 WAIT_ACK 0 
b.1 2025-07-18 17:28:09.585 a 2025-07-18-17:28:00 016 195 279 0.2 2.1 4.8 16.1 22.7 730.9 0.00 0 0.0 27.9 24.1 24.4 3.627  -42.4   23.5    2.3  28    3.8   5 0 0 1 1 2 0 16.8 40.2 17.0 38.9 80.0 100 100 20 408 0 143 0 401 401 399 0 0 0 60 50 WAIT_ACK 0 
b.1 2025-07-18 17:29:11.043 a 2025-07-18-17:29:01 068 249 230 0.2 1.7 4.2 16.0 24.5 730.9 0.00 0 0.0 27.0 24.1 24.5 3.627  -38.1   23.5    2.4  26    3.0   5 0 0 1 1 2 0 16.8 37.2 16.9 38.8 80.0 100 100 20 408 0 143 0 401 401 400 0 0 0 60 50 WAIT_ACK 0 
b.1 2025-07-18 17:30:10.244 a 2025-07-18-17:30:00 127 325 233 0.1 1.4 2.6 16.1 24.0 730.9 0.00 0 0.0 27.5 24.1 24.4 3.627  -39.0   23.6    2.3  26    3.0   5 0 0 1 1 2 0 16.8 37.2 16.9 36.9 80.0 100 100 20 408 0 143 0 402 401 400 0 0 0 60 50 WAIT_ACK 0 
b.1 2025-07-18 17:31:11.404 a 2025-07-18-17:31:02 031 234 044 0.0 0.8 2.4 16.2 24.0 730.8 0.00 0 0.0 28.0 24.1 24.4 3.627  -37.7   23.6    0.0  26    2.8   0 0 0 1 1 2 0 16.8 37.3 16.9 37.1 80.0 100 100 20 408 0 143 0 401 401 400 0 0 0 59 50 WAIT_ACK 0 
b.1 2025-07-18 17:32:11.625 a 2025-07-18-17:32:02 179 053 285 0.1 0.7 2.4 16.3 35.7 730.8 0.00 0 0.0 28.7 24.1 24.4 3.627  -37.9   23.7    2.2  27    3.8   5 0 0 1 1 2 0 16.8 39.5 16.9 37.0 80.0 100 100 20 408 0 143 0 401 401 400 0 0 0 59 50 WAIT_ACK 0 
b.1 2025-07-18 17:33:09.989 a 2025-07-18-17:33:00 119 317 275 0.1 1.3 4.3 16.3 37.0 730.9 0.00 0 0.0 28.5 24.1 24.4 3.626  -39.1   23.6    2.2  29    4.5   5 0 0 1 1 2 0 16.8 38.6 16.9 36.9 80.0 100 100 20 408 0 143 0 401 401 400 0 0 0 59 50 WAIT_ACK 0 
b.1 2025-07-18 17:34:09.328 a 2025-07-18-17:33:59 102 337 116 0.1 1.9 4.5 16.1 42.1 730.9 0.00 0 0.0 27.6 24.1 24.5 3.626  -37.5   23.6    2.2  29    4.8   0 0 0 1 1 2 0 16.8 40.6 17.0 40.0 80.0 100 99 20 408 0 143 0 401 401 399 0 0 0 59 50 WAIT_ACK 0 
b.1 2025-07-18 17:35:11.867 a 2025-07-18-17:35:02 106 343 137 0.1 0.9 2.1 15.9 33.4 730.9 0.00 0 0.0 27.9 24.1 24.4 3.634  -39.5   23.5    2.1  30    4.7   5 0 0 1 1 2 0 16.8 41.3 17.0 40.7 80.0 100 100 20 408 0 143 0 400 401 399 0 0 0 59 50 WAIT_ACK 0 
b.1 2025-07-18 17:36:10.611 a 2025-07-18-17:36:01 290 002 304 0.1 0.9 2.9 15.8 37.0 730.8 0.00 0 0.0 28.1 24.1 24.5 3.627  -37.5   23.4    0.0  30    4.8   5 0 0 1 1 2 0 16.8 42.7 17.0 42.2 80.0 100 100 20 408 0 143 0 401 401 399 0 0 0 59 50 WAIT_ACK 0 
b.1 2025-07-18 17:37:10.788 a 2025-07-18-17:37:01 066 234 316 0.1 1.0 3.0 15.7 23.2 730.8 0.00 0 0.0 28.2 24.1 24.5 3.627  -37.6   23.4    0.0  29    4.1   0 0 0 1 1 2 0 16.7 43.1 16.9 42.4 80.0 100 100 20 408 0 143 0 402 401 400 0 0 0 59 50 WAIT_ACK 0 
b.1 2025-07-18 17:38:09.230 a 2025-07-18-17:37:59 086 339 348 0.1 1.0 3.0 15.8 21.8 730.9 0.00 0 0.0 28.6 24.1 24.5 3.627  -36.8   23.3    2.1  26    2.9   0 0 0 1 1 2 0 16.7 42.9 16.9 42.3 80.0 100 100 20 408 0 143 0 401 401 400 0 0 0 59 50 WAIT_ACK 0 
b.1 2025-07-18 17:39:09.911 a 2025-07-18-17:39:00 070 291 203 0.2 1.6 4.5 16.1 29.2 730.9 0.00 0 0.0 27.8 24.1 24.4 3.626  -37.1   23.3    2.2  25    2.4   5 0 0 1 1 2 0 16.7 39.1 16.9 38.6 80.0 100 100 20 408 0 143 0 401 401 399 0 0 0 59 50 WAIT_ACK 0 
b.1 2025-07-18 17:40:12.055 a 2025-07-18-17:40:02 129 186 185 0.1 0.6 2.7 16.3 27.1 730.9 0.00 0 0.0 28.5 24.1 24.5 3.627  -37.9   23.3    2.2  26    2.7   5 0 0 1 1 2 0 16.6 37.6 16.9 36.8 80.0 100 100 20 408 0 143 0 401 402 399 0 0 0 60 50 WAIT_ACK 0 
b.1 2025-07-18 17:41:11.529 a 2025-07-18-17:41:02 091 196 344 0.1 1.5 3.1 16.4 30.9 730.8 0.00 0 0.0 28.3 24.1 24.5 3.634  -44.4   23.3    2.2  27    3.4   5 0 0 1 1 2 0 16.7 37.2 16.9 36.3 80.0 100 100 20 408 0 143 0 401 401 400 0 0 0 59 50 WAIT_ACK 0 
b.1 2025-07-18 17:42:07.388 a 2025-07-18-17:41:58 083 230 287 0.1 1.5 2.9 16.3 26.7 730.8 0.00 0 0.0 27.5 24.1 24.4 3.633  -38.0   23.3    2.2  27    3.4   5 0 0 1 1 2 0 16.7 38.8 16.9 36.8 80.0 100 100 20 408 0 143 0 401 401 399 0 0 0 59 50 WAIT_ACK 0 
b.1 2025-07-18 17:43:10.392 a 2025-07-18-17:43:00 088 346 294 0.0 0.6 2.1 16.2 32.3 730.8 0.00 0 0.0 28.4 24.1 24.5 3.627  -36.3   23.4    0.0  27    3.4   0 0 0 1 1 2 0 16.7 39.3 17.0 37.6 80.0 100 100 20 408 0 143 0 401 401 399 0 0 0 59 50 WAIT_ACK 0 
b.1 2025-07-18 17:44:08.253 a 2025-07-18-17:43:58 148 074 164 0.0 1.0 2.5 16.2 32.5 730.8 0.00 0 0.0 29.0 24.1 24.4 3.633  -37.5   23.4    2.2  28    3.6   0 0 0 1 1 2 0 16.8 39.7 17.0 38.2 80.0 100 100 20 408 0 143 0 401 401 400 0 0 0 59 50 WAIT_ACK 0 
b.1 2025-07-18 17:45:15.388 a 2025-07-18-17:45:05 142 194 263 0.0 1.0 3.9 16.2 29.4 730.8 0.00 0 0.0 29.0 24.1 24.5 3.626  -37.1   23.5    0.0  27    3.4   5 0 0 1 1 2 0 16.8 39.9 17.0 38.4 80.0 100 100 20 408 0 143 0 402 401 399 0 0 0 59 50 WAIT_ACK 0 
b.1 2025-07-18 17:46:09.750 a 2025-07-18-17:46:00 025 322 091 0.0 1.1 3.3 16.2 29.4 730.8 0.00 0 0.0 29.0 24.1 24.4 3.626  -37.8   23.5    0.0  28    3.8   0 0 0 1 1 2 0 16.8 39.4 17.1 38.4 80.0 100 100 20 408 0 143 0 401 401 399 0 0 0 60 50 WAIT_ACK 0 
b.1 2025-07-18 17:47:10.572 a 2025-07-18-17:47:01 141 254 344 0.2 2.7 6.1 16.4 34.4 730.9 0.00 0 0.0 27.5 24.1 24.4 3.626  -39.6   23.5    2.6  27    3.6   5 0 0 1 1 2 0 16.9 39.9 17.1 39.1 80.0 100 100 20 408 0 143 0 401 401 400 0 0 0 60 50 WAIT_ACK 0 
b.1 2025-07-18 17:48:09.493 a 2025-07-18-17:48:00 102 248 330 0.3 3.7 7.4 16.3 21.6 730.9 0.00 0 0.0 25.0 24.1 24.4 3.626  -37.6   23.6    4.2  26    3.0   8 0 0 1 1 2 0 16.8 34.9 17.0 34.5 80.0 100 100 20 408 0 143 0 401 401 400 0 0 0 59 50 WAIT_ACK 0 
b.1 2025-07-18 17:49:09.950 a 2025-07-18-17:49:00 072 219 301 0.1 2.9 7.4 16.0 21.1 730.9 0.00 0 0.0 24.4 24.1 24.5 3.627  -38.3   23.6    4.0  24    1.9   8 0 0 1 1 2 0 16.9 31.3 17.0 31.3 80.0 100 100 20 408 0 143 0 400 401 399 0 0 0 59 50 WAIT_ACK 0 
b.1 2025-07-18 17:50:11.496 a 2025-07-18-17:50:02 268 175 358 0.1 1.6 5.0 15.9 20.9 730.8 0.00 0 0.0 24.9 24.1 24.4 3.627  -37.2   23.5    2.7  24    1.6   0 0 0 1 1 2 0 16.9 30.2 17.0 29.9 80.0 100 100 20 408 0 143 0 401 401 400 0 0 0 59 50 WAIT_ACK 0 
b.1 2025-07-18 17:51:12.216 a 2025-07-18-17:51:02 266 248 330 0.1 1.5 5.0 16.0 20.6 730.8 0.00 0 0.0 25.8 24.1 24.5 3.627  -38.2   23.4    2.4  23    1.3   5 0 0 1 1 2 0 16.9 30.1 17.1 29.2 80.0 100 100 20 408 0 143 0 401 402 399 0 0 0 60 50 WAIT_ACK 0 
b.1 2025-07-18 17:52:11.174 a 2025-07-18-17:52:01 040 329 243 0.1 2.8 6.0 16.1 22.7 730.8 0.00 0 0.0 25.7 24.1 24.4 3.626  -38.5   23.4    2.9  24    1.6   5 0 0 1 1 2 0 16.9 33.3 17.1 31.6 80.0 100 100 20 408 0 143 0 400 402 399 0 0 0 60 50 WAIT_ACK 0 
b.1 2025-07-18 17:53:10.832 a 2025-07-18-17:53:01 120 352 255 0.3 2.1 4.4 16.2 40.2 730.8 0.00 0 0.0 25.8 24.1 24.4 3.627  -37.7   23.4    3.1  26    2.8   5 0 0 1 1 2 0 16.9 35.6 17.1 34.6 80.0 100 100 20 408 0 143 0 401 401 399 0 0 0 60 50 WAIT_ACK 0 
b.1 2025-07-18 17:54:10.993 a 2025-07-18-17:54:01 102 352 255 0.2 2.1 4.6 15.9 39.9 730.8 0.00 0 0.0 25.8 24.1 24.5 3.633  -36.1   23.5    2.9  27    3.6   5 0 0 1 1 2 0 16.9 38.3 17.0 37.0 80.0 100 100 20 408 0 143 0 401 401 400 0 0 0 60 50 WAIT_ACK 0 
b.1 2025-07-18 17:55:11.631 a 2025-07-18-17:55:02 132 352 260 0.2 2.3 4.8 15.7 43.1 730.8 0.00 0 0.0 25.8 24.1 24.4 3.626  -39.5   23.5    3.2  29    4.3   5 0 0 1 1 2 0 16.9 39.6 17.0 40.0 80.0 100 100 20 408 0 143 0 401 401 400 0 0 0 59 50 WAIT_ACK 0 
b.1 2025-07-18 17:56:11.233 a 2025-07-18-17:56:01 108 357 163 0.1 1.4 3.1 15.5 42.9 730.8 0.00 0 0.0 26.3 24.1 24.4 3.626  -36.0   23.5    2.5  29    4.5   5 0 0 1 1 2 0 16.9 40.6 17.0 39.6 80.0 100 100 20 408 0 143 0 401 401 399 0 0 0 59 50 WAIT_ACK 0 
b.1 2025-07-18 17:57:11.313 a 2025-07-18-17:57:01 095 325 149 0.2 1.4 3.1 15.5 39.5 730.8 0.00 0 0.0 26.7 24.1 24.5 3.633  -36.7   23.5    2.4  29    4.5   5 0 0 1 1 2 0 16.9 40.8 17.0 40.3 80.0 100 100 20 408 0 143 0 401 401 400 0 0 0 59 50 WAIT_ACK 0 
b.1 2025-07-18 17:58:09.436 a 2025-07-18-17:58:00 093 343 171 0.1 1.2 3.6 15.6 41.3 730.8 0.00 0 0.0 27.4 24.1 24.5 3.627  -35.8   23.5    2.3  29    4.7   0 0 0 1 1 2 0 16.9 41.7 17.1 41.0 80.0 100 100 20 408 0 143 0 402 401 400 0 0 0 60 50 WAIT_ACK 0 
b.1 2025-07-18 17:59:11.272 a 2025-07-18-17:59:01 131 021 212 0.1 1.3 3.2 15.7 43.3 730.8 0.00 0 0.0 27.5 24.1 24.4 3.626  -38.6   23.6    2.2  30    5.0   5 0 0 1 1 2 0 16.9 42.3 17.1 42.2 80.0 100 100 20 408 0 143 0 401 401 399 0 0 0 59 50 WAIT_ACK 0 
b.1 2025-07-18 18:00:14.273 a 2025-07-18-18:00:04 112 078 153 0.0 0.4 1.6 15.8 43.4 730.8 0.00 0 0.0 28.3 24.1 24.5 3.628  -35.3   23.6    0.0  31    5.4   0 0 0 1 1 2 0 16.9 42.8 17.1 42.4 80.0 100 100 20 408 0 143 0 401 401 400 0 0 0 60 50 WAIT_ACK 0 
b.1 2025-07-18 18:01:11.516 a 2025-07-18-18:01:02 092 333 153 0.1 0.7 1.5 15.8 42.9 730.8 0.00 0 0.0 29.3 24.1 24.4 3.627  -35.2   23.6    0.0  31    5.5   0 0 0 1 1 2 0 16.9 43.2 17.1 42.6 80.0 100 100 20 408 0 143 0 401 401 400 0 0 0 59 50 WAIT_ACK 0 
b.1 2025-07-18 18:02:09.177 a 2025-07-18-18:01:59 316 217 337 0.1 0.8 2.6 15.9 29.6 730.8 0.00 0 0.0 29.6 24.1 24.5 3.626  -35.4   23.6    0.0  30    4.9   0 0 0 1 1 2 0 16.9 43.5 17.0 43.2 80.0 100 100 20 408 0 143 0 401 401 400 0 0 0 59 50 WAIT_ACK 0 
b.1 2025-07-18 18:03:11.032 a 2025-07-18-18:03:01 182 039 221 0.1 1.6 4.8 16.1 41.9 730.8 0.00 0 0.0 29.6 24.1 24.4 3.626  -36.0   23.7    2.3  30    5.2   5 0 0 1 1 2 0 16.9 43.7 17.0 43.3 80.0 100 100 20 408 0 143 0 401 401 400 0 0 0 60 50 WAIT_ACK 0 
b.1 2025-07-18 18:04:09.621 a 2025-07-18-18:04:00 142 313 000 0.1 2.6 5.7 16.2 24.1 730.7 0.00 0 0.0 28.1 24.1 24.4 3.627  -37.2   23.7    2.6  29    4.6   5 0 0 1 1 2 0 16.9 42.1 17.0 42.6 80.0 100 100 20 408 0 143 0 402 401 400 0 0 0 60 50 WAIT_ACK 0 
b.1 2025-07-18 18:05:12.895 a 2025-07-18-18:05:03 079 354 311 1.7 2.8 5.0 16.3 41.5 730.7 0.00 0 0.0 27.6 24.1 24.4 3.628  -38.2   23.8    3.0  30    5.0   5 0 0 1 1 2 0 16.9 42.6 17.0 42.2 80.0 100 100 20 408 0 143 0 402 401 400 0 0 0 59 50 WAIT_ACK 0 
b.1 2025-07-18 18:06:10.076 a 2025-07-18-18:06:00 164 109 310 0.1 2.1 5.0 16.4 42.2 730.8 0.00 0 0.0 27.8 24.1 24.4 3.626  -41.7   23.8    2.9  31    5.6   5 0 0 1 1 2 0 16.9 43.1 17.1 42.7 80.0 100 100 20 408 0 143 0 401 401 400 0 0 0 59 50 WAIT_ACK 0 
b.1 2025-07-18 18:07:07.739 a 2025-07-18-18:06:58 106 049 340 1.8 3.0 5.1 16.1 42.9 730.8 0.00 0 0.0 27.4 24.1 24.5 3.631  -39.7   23.7    4.6  31    5.7   5 0 0 1 1 2 0 16.9 43.5 17.1 43.4 80.0 100 100 20 408 0 143 0 401 401 400 0 0 0 60 50 WAIT_ACK 0 
b.1 2025-07-18 18:08:09.617 a 2025-07-18-18:08:00 106 329 180 0.1 1.2 3.7 15.4 44.4 730.8 0.00 0 0.0 27.1 24.1 24.4 3.626  -36.3   23.5    2.9  32    5.9   5 0 0 1 1 2 0 16.9 43.7 17.0 43.3 80.0 100 100 20 408 0 143 0 401 401 400 0 0 0 60 50 WAIT_ACK 0 
b.1 2025-07-18 18:09:11.177 a 2025-07-18-18:09:01 087 225 268 0.1 0.9 2.9 15.3 40.1 730.9 0.00 0 0.0 27.4 24.1 24.4 3.627  -35.7   23.4    2.3  32    5.7   0 0 0 1 1 2 0 16.8 44.0 17.0 43.6 80.0 100 100 20 408 0 143 0 401 401 400 0 0 0 59 50 WAIT_ACK 0 
b.1 2025-07-18 18:10:09.209 a 2025-07-18-18:09:59 143 027 175 0.1 0.9 2.1 15.3 33.6 730.9 0.00 0 0.0 27.9 24.1 24.4 3.631  -39.8   23.3    2.2  31    5.2   5 0 0 1 1 2 0 16.8 44.4 16.9 44.0 80.0 100 100 20 408 0 143 0 401 401 400 0 0 0 60 50 WAIT_ACK 0 
b.1 2025-07-18 18:11:11.138 a 2025-07-18-18:11:01 022 260 348 0.1 0.9 2.4 15.5 32.8 730.9 0.00 0 0.0 28.6 24.1 24.5 3.626  -35.3   23.3    0.0  31    5.3   5 0 0 1 1 2 0 16.8 44.0 17.0 43.4 80.0 100 100 20 408 0 143 0 401 401 400 0 0 0 60 50 WAIT_ACK 0 
b.1 2025-07-18 18:12:09.960 a 2025-07-18-18:12:00 270 168 342 0.1 0.9 2.4 15.7 23.9 730.9 0.00 0 0.0 29.1 24.1 24.5 3.627  -35.8   23.3    2.1  29    4.3   0 0 0 1 1 2 0 16.8 42.4 17.0 42.8 80.0 100 100 20 408 0 143 0 400 401 399 0 0 0 59 50 WAIT_ACK 0 
b.1 2025-07-18 18:13:09.377 a 2025-07-18-18:13:00 091 330 234 0.1 1.0 2.5 15.8 28.8 730.9 0.00 0 0.0 29.3 24.1 24.5 3.627  -37.7   23.3    2.2  29    4.4   0 0 0 1 1 2 0 16.8 42.5 17.0 42.2 80.0 100 100 20 408 0 143 0 401 401 399 0 0 0 59 50 WAIT_ACK 0 
b.1 2025-07-18 18:14:09.395 a 2025-07-18-18:13:59 175 127 223 0.4 1.8 4.6 15.9 26.9 730.9 0.00 0 0.0 28.8 24.1 24.5 3.627  -35.9   23.4    2.3  29    4.4   5 0 0 1 1 2 0 16.8 41.0 17.0 41.3 80.0 100 100 20 408 0 143 0 401 401 400 0 0 0 59 50 WAIT_ACK 0 
b.1 2025-07-18 18:15:13.440 a 2025-07-18-18:15:04 285 267 291 0.2 1.7 4.5 15.9 33.3 730.9 0.00 0 0.0 28.2 24.1 24.4 3.624  -38.4   23.5    2.4  29    4.5   5 0 0 1 1 2 0 16.8 40.9 17.0 40.8 80.0 100 100 20 408 0 143 0 401 401 399 0 0 0 59 50 WAIT_ACK 0 
b.1 2025-07-18 18:16:11.655 a 2025-07-18-18:16:02 149 336 169 0.1 1.8 3.6 15.9 38.9 730.9 0.00 0 0.0 28.1 24.1 24.5 3.626  -37.9   23.6    2.4  29    4.7   5 0 0 1 1 2 0 16.8 41.0 17.0 40.7 80.0 100 100 20 408 0 143 0 401 401 399 0 0 0 60 50 WAIT_ACK 0 
b.1 2025-07-18 18:17:11.798 a 2025-07-18-18:17:02 103 319 179 0.1 2.1 4.5 15.9 38.9 730.9 0.00 0 0.0 27.8 24.1 24.4 3.633  -36.0   23.6    2.6  30    5.0   0 0 0 1 1 2 0 16.7 42.3 16.9 41.3 80.0 100 100 20 408 0 143 0 401 401 400 0 0 0 60 50 WAIT_ACK 0 
b.1 2025-07-18 18:18:12.180 a 2025-07-18-18:18:02 064 342 232 0.2 1.7 4.0 15.9 35.5 730.9 0.00 0 0.0 27.5 24.1 24.4 3.626  -38.7   23.7    2.5  30    5.1   5 0 0 1 1 2 0 16.7 41.3 16.9 41.1 80.0 100 100 20 408 0 143 0 402 401 400 0 0 0 60 50 WAIT_ACK 0 
b.1 2025-07-18 18:19:09.881 a 2025-07-18-18:19:00 083 027 111 0.3 1.8 3.9 15.8 42.3 730.9 0.00 0 0.0 27.7 24.1 24.4 3.626  -37.8   23.7    2.6  31    5.4   5 0 0 1 1 2 0 16.7 42.7 16.9 42.1 80.0 100 100 20 408 0 143 0 401 401 399 0 0 0 60 50 WAIT_ACK 0 
b.1 2025-07-18 18:20:11.717 a 2025-07-18-18:20:02 164 039 249 0.0 1.4 3.0 15.7 43.2 730.9 0.00 0 0.0 28.3 24.1 24.4 3.627  -36.2   23.6    2.5  31    5.6   5 0 0 1 1 2 0 16.7 43.1 16.9 42.8 80.0 100 100 20 408 0 143 0 401 402 400 0 0 0 60 50 WAIT_ACK 0 
b.1 2025-07-18 18:21:10.657 a 2025-07-18-18:21:01 246 062 253 0.1 0.9 2.1 15.5 44.3 730.9 0.00 0 0.0 28.8 24.1 24.4 3.626  -34.8   23.6    2.2  32    5.9   0 0 0 1 1 2 0 16.7 43.7 16.9 43.4 80.0 100 100 20 408 0 143 0 402 401 399 0 0 0 59 50 WAIT_ACK 0 
b.1 2025-07-18 18:22:11.940 a 2025-07-18-18:22:02 090 243 311 0.1 0.7 1.9 15.6 43.8 730.9 0.00 0 0.0 29.4 24.1 24.4 3.628  -36.0   23.6    2.1  32    6.0   5 0 0 1 1 2 0 16.7 43.8 16.9 43.6 80.0 100 100 20 408 0 143 0 400 401 399 0 0 0 60 50 WAIT_ACK 0 
b.1 2025-07-18 18:23:09.701 a 2025-07-18-18:23:00 318 235 342 0.1 0.9 2.0 15.7 43.0 731.0 0.00 0 0.0 29.8 24.1 24.4 3.627  -35.0   23.6    0.0  32    5.9   0 0 0 1 1 2 0 16.7 44.0 16.9 43.5 80.0 100 100 20 408 0 143 0 401 401 399 0 0 0 60 50 WAIT_ACK 0 
b.1 2025-07-18 18:24:13.638 a 2025-07-18-18:24:04 285 024 312 0.1 0.8 2.9 15.8 41.4 730.9 0.00 0 0.0 30.6 24.1 24.5 3.627  -34.9   23.6    0.0  31    5.6   0 0 0 1 1 2 0 16.8 44.0 17.0 43.3 80.0 100 100 20 408 0 143 0 401 401 399 0 0 0 60 50 WAIT_ACK 0 
b.1 2025-07-18 18:25:11.282 a 2025-07-18-18:25:01 243 259 297 0.1 1.2 3.1 15.9 28.5 731.0 0.00 0 0.0 30.4 24.1 24.4 3.626  -35.0   23.7    0.0  30    5.0   0 0 0 1 1 2 0 16.8 43.5 16.9 43.3 80.0 100 100 20 408 0 143 0 401 401 399 0 0 0 59 50 WAIT_ACK 0 
b.1 2025-07-18 18:26:12.141 a 2025-07-18-18:26:02 033 254 077 0.1 1.7 4.9 16.1 22.5 731.0 0.00 0 0.0 29.6 24.1 24.4 3.635  -35.6   23.7    2.2  27    3.8   5 0 0 1 1 2 0 16.8 42.5 16.9 39.9 80.0 100 100 20 408 0 143 0 401 401 400 0 0 0 60 50 WAIT_ACK 0 
b.1 2025-07-18 18:27:09.585 a 2025-07-18-18:27:00 265 233 274 0.1 0.9 4.4 16.3 23.6 731.0 0.00 0 0.0 29.5 24.1 24.5 3.628  -34.7   23.8    0.0  26    3.3   0 0 0 1 1 2 0 16.8 39.6 17.0 38.9 80.0 100 100 20 408 0 143 0 401 401 400 0 0 0 59 50 WAIT_ACK 0 
b.1 2025-07-18 18:28:09.562 a 2025-07-18-18:28:00 153 110 241 0.1 0.5 2.9 16.6 25.7 731.0 0.00 0 0.0 30.5 24.1 24.4 3.626  -34.1   23.8    0.0  26    3.2   0 0 0 1 1 2 0 16.8 37.3 17.0 37.1 80.0 100 100 20 408 0 143 0 401 401 400 0 0 0 60 50 WAIT_ACK 0 
b.1 2025-07-18 18:29:07.361 a 2025-07-18-18:28:58 318 221 327 0.1 1.0 3.5 16.9 21.9 731.0 0.00 0 0.0 30.8 24.1 24.4 3.626  -35.6   23.8    2.1  25    2.3   0 0 0 1 1 2 0 16.9 36.3 17.1 35.1 80.0 100 100 20 408 0 143 0 401 401 400 0 0 0 59 50 WAIT_ACK 0 
b.1 2025-07-18 18:30:09.680 a 2025-07-18-18:30:00 095 098 109 0.2 1.3 5.2 17.2 21.2 731.0 0.00 0 0.0 30.0 24.1 24.4 3.626  -35.0   23.8    0.0  24    2.0   0 0 0 1 1 2 0 17.0 32.7 17.1 31.8 80.0 100 100 20 408 0 143 0 401 401 400 0 0 0 59 50 WAIT_ACK 0 
b.1 2025-07-18 18:31:13.500 a 2025-07-18-18:31:04 114 162 124 0.2 1.7 4.5 17.3 20.7 731.0 0.00 0 0.0 29.7 24.1 24.5 3.627  -38.2   23.8    2.2  23    1.6   5 0 0 1 1 2 0 17.0 30.6 17.1 30.0 80.0 100 100 20 408 0 143 0 400 402 400 0 0 0 60 50 WAIT_ACK 0 
b.1 2025-07-18 18:32:09.440 a 2025-07-18-18:32:00 107 206 329 0.1 1.6 4.6 17.3 20.9 731.0 0.00 0 0.0 29.5 24.1 24.4 3.627  -34.3   23.8    0.0  23    1.6   0 0 0 1 1 2 0 17.0 30.1 17.1 29.9 80.0 100 100 20 408 0 143 0 401 401 400 0 0 0 59 50 WAIT_ACK 0 
b.1 2025-07-18 18:33:12.424 a 2025-07-18-18:33:03 077 189 256 0.2 2.8 7.3 17.5 21.4 731.0 0.00 0 0.0 28.0 24.1 24.4 3.627  -36.4   23.8    2.5  24    1.9   5 0 0 1 1 2 0 17.0 30.8 17.2 30.4 80.0 100 100 20 408 0 143 0 401 401 399 0 0 0 59 50 WAIT_ACK 0 
b.1 2025-07-18 18:34:09.664 a 2025-07-18-18:34:00 112 274 116 0.1 1.3 4.2 17.4 22.1 731.0 0.00 0 0.0 28.2 24.1 24.4 3.626  -37.0   23.8    2.3  23    1.5   5 0 0 1 1 2 0 17.0 31.0 17.2 30.4 80.0 100 100 20 408 0 143 0 401 401 400 0 0 0 59 50 WAIT_ACK 0 
b.1 2025-07-18 18:35:13.262 a 2025-07-18-18:35:03 012 211 068 0.1 1.2 4.2 17.3 22.2 731.0 0.00 0 0.0 28.4 24.1 24.5 3.626  -33.6   23.8    2.2  23    1.6   0 0 0 1 1 2 0 17.0 30.8 17.2 30.7 80.0 100 100 20 408 0 143 0 401 402 399 0 0 0 60 50 WAIT_ACK 0 
b.1 2025-07-18 18:36:12.503 a 2025-07-18-18:36:03 259 167 355 0.1 1.0 3.5 17.4 21.8 731.0 0.00 0 0.0 29.2 24.1 24.5 3.627  -34.6   23.9    0.0  23    1.8   0 0 0 1 1 2 0 17.0 31.0 17.2 30.8 80.0 100 100 20 408 0 143 0 402 401 399 0 0 0 59 50 WAIT_ACK 0 
b.1 2025-07-18 18:37:10.684 a 2025-07-18-18:37:01 020 278 090 0.1 1.3 4.3 17.4 22.1 731.0 0.00 0 0.0 29.3 24.1 24.4 3.624  -35.4   23.9    2.2  23    1.4   5 0 0 1 1 2 0 17.0 31.3 17.2 30.5 80.0 100 100 20 408 0 143 0 402 401 400 0 0 0 60 50 WAIT_ACK 0 
b.1 2025-07-18 18:38:11.586 a 2025-07-18-18:38:02 289 019 303 0.0 0.8 4.4 17.4 22.5 731.0 0.00 0 0.0 29.6 24.1 24.4 3.626  -33.8   23.9    0.0  23    1.6   0 0 0 1 1 2 0 17.0 31.2 17.2 30.5 80.0 100 100 20 408 0 143 0 401 401 399 0 0 0 60 50 WAIT_ACK 0 
b.1 2025-07-18 18:39:08.749 a 2025-07-18-18:38:59 115 190 183 0.1 0.7 2.5 17.3 22.2 731.0 0.00 0 0.0 30.2 24.1 24.4 3.633  -34.5   23.9    2.1  23    1.7   5 0 0 1 1 2 0 17.0 31.5 17.2 30.5 80.0 100 100 20 408 0 143 0 401 402 399 0 0 0 60 50 WAIT_ACK 0 
b.1 2025-07-18 18:40:12.663 a 2025-07-18-18:40:03 048 249 331 0.1 2.0 5.3 17.4 21.6 731.0 0.00 0 0.0 29.4 24.1 24.5 3.626  -35.5   24.0    2.3  23    1.8   5 0 0 1 1 2 0 17.0 31.6 17.2 30.7 80.0 100 100 20 408 0 143 0 401 401 400 0 0 0 59 50 WAIT_ACK 0 
b.1 2025-07-18 18:41:11.444 a 2025-07-18-18:41:02 113 259 270 0.1 2.3 5.1 17.3 21.5 731.0 0.00 0 0.0 28.6 24.1 24.4 3.627  -37.4   24.0    2.6  23    1.5   5 0 0 1 1 2 0 17.0 31.6 17.2 30.6 80.0 100 100 20 408 0 143 0 402 401 400 0 0 0 60 50 WAIT_ACK 0 
b.1 2025-07-18 18:42:11.605 a 2025-07-18-18:42:02 110 230 350 0.2 2.1 3.8 17.1 21.9 731.0 0.00 0 0.0 27.8 24.1 24.4 3.634  -38.5   24.0    2.7  23    1.7   5 0 0 1 1 2 0 17.0 31.9 17.2 30.6 80.0 100 100 20 408 0 143 0 401 401 400 0 0 0 59 50 WAIT_ACK 0 
b.1 2025-07-18 18:43:09.443 a 2025-07-18-18:42:59 289 239 352 0.1 1.5 4.4 16.9 22.2 731.0 0.00 0 0.0 28.0 24.1 24.4 3.627  -36.9   24.0    2.5  23    1.6   0 0 0 1 1 2 0 17.0 31.6 17.2 30.6 80.0 100 100 20 408 0 143 0 402 401 400 0 0 0 59 50 WAIT_ACK 0 
b.1 2025-07-18 18:44:09.285 a 2025-07-18-18:43:59 081 233 305 0.2 2.2 4.9 16.8 22.1 731.0 0.00 0 0.0 27.2 24.1 24.5 3.626  -36.0   24.1    2.7  22    1.3   5 0 0 1 1 2 0 17.0 31.6 17.3 30.8 80.0 100 100 20 408 0 143 0 401 401 399 0 0 0 60 50 WAIT_ACK 0 
b.1 2025-07-18 18:45:12.122 a 2025-07-18-18:45:02 118 218 292 0.2 3.5 7.7 16.6 22.1 730.9 0.00 0 0.0 25.7 24.1 24.5 3.627  -35.6   24.0    3.3  23    1.3   5 0 0 1 1 2 0 17.0 31.6 17.3 30.4 80.0 100 100 20 408 0 143 0 401 401 400 0 0 0 59 50 WAIT_ACK 0 
b.1 2025-07-18 18:46:11.332 a 2025-07-18-18:46:01 047 275 070 0.1 1.3 4.3 16.5 22.4 731.0 0.00 0 0.0 26.6 24.1 24.4 3.626  -35.8   24.0    2.7  22    1.1   0 0 0 1 1 2 0 17.0 30.0 17.3 28.7 80.0 100 100 20 408 0 143 0 401 401 400 0 0 0 60 50 WAIT_ACK 0 
b.1 2025-07-18 18:47:11.484 a 2025-07-18-18:47:02 132 006 321 0.1 0.7 3.5 16.7 25.8 731.0 0.00 0 0.0 27.7 24.1 24.4 3.627  -33.4   23.9    2.2  23    1.5   0 0 0 1 1 2 0 17.0 29.5 17.3 28.3 80.0 100 100 20 408 0 143 0 400 402 399 0 0 0 59 50 WAIT_ACK 0 
b.1 2025-07-18 18:48:10.448 a 2025-07-18-18:48:01 137 132 184 0.1 0.6 3.2 17.1 22.3 731.0 0.00 0 0.0 29.1 24.1 24.4 3.633  -34.2   23.9    0.0  23    1.6   5 0 0 1 1 2 0 17.0 32.8 17.3 29.4 80.0 100 100 20 408 0 143 0 401 401 400 0 0 0 60 50 WAIT_ACK 0 
b.1 2025-07-18 18:49:10.424 a 2025-07-18-18:49:01 297 206 305 0.1 0.4 1.6 17.1 22.2 731.0 0.00 0 0.0 30.6 24.1 24.4 3.626  -33.7   24.0    0.0  23    1.6   0 0 0 1 1 2 0 17.1 33.8 17.4 31.0 80.0 100 100 20 408 0 143 0 402 401 400 0 0 0 59 50 WAIT_ACK 0 
b.1 2025-07-18 18:50:11.144 a 2025-07-18-18:50:01 156 340 190 0.1 0.9 3.1 17.5 23.5 731.1 0.00 0 0.0 31.0 24.1 24.4 3.626  -33.8   24.0    0.0  22    1.3   0 0 0 1 1 2 0 17.1 31.0 17.4 29.7 80.0 100 100 20 408 0 143 0 401 401 400 0 0 0 60 50 WAIT_ACK 0 
b.1 2025-07-18 18:51:12.506 a 2025-07-18-18:51:03 245 130 302 0.1 1.1 3.0 17.7 23.2 731.1 0.00 0 0.0 31.1 24.1 24.4 3.626  -36.3   24.1    2.2  23    1.5   5 0 0 1 1 2 0 17.2 31.7 17.5 29.9 80.0 100 100 20 408 0 143 0 402 401 399 0 0 0 59 50 WAIT_ACK 0 
b.1 2025-07-18 18:52:13.043 a 2025-07-18-18:52:03 220 138 255 0.1 1.0 2.7 18.0 21.8 731.1 0.00 0 0.0 31.4 24.1 24.4 3.628  -34.8   24.2    2.1  22    1.4   0 0 0 1 1 2 0 17.2 32.2 17.5 29.6 80.0 100 99 20 408 0 143 0 401 401 399 0 0 0 59 50 WAIT_ACK 0 
b.1 2025-07-18 18:53:12.664 a 2025-07-18-18:53:03 215 134 256 0.1 1.4 4.4 18.1 21.2 731.1 0.00 0 0.0 30.9 24.1 24.4 3.627  -34.2   24.3    0.0  23    1.6   0 0 0 1 1 2 0 17.2 32.0 17.5 29.6 80.0 100 99 20 408 0 143 0 401 401 399 0 0 0 59 50 WAIT_ACK 0 
b.1 2025-07-18 18:54:10.125 a 2025-07-18-18:54:00 115 024 144 0.1 1.2 4.4 18.0 21.9 731.1 0.00 0 0.0 31.0 24.1 24.5 3.626  -35.4   24.3    2.3  22    1.5   5 0 0 1 1 2 0 17.2 31.8 17.5 30.0 80.0 100 100 20 408 0 143 0 402 401 399 0 0 0 59 50 WAIT_ACK 0 
b.1 2025-07-18 18:55:13.826 a 2025-07-18-18:55:04 103 260 337 0.2 2.4 4.1 17.9 21.6 731.1 0.00 0 0.0 29.5 24.1 24.4 3.633  -35.3   24.4    2.9  22    1.6   5 0 0 1 1 2 0 17.2 32.2 17.5 30.0 80.0 100 100 20 408 0 143 0 401 401 400 0 0 0 59 50 WAIT_ACK 0 
b.1 2025-07-18 18:56:09.349 a 2025-07-18-18:55:59 281 224 356 0.1 1.2 3.0 17.7 21.6 731.1 0.00 0 0.0 29.5 24.1 24.5 3.628  -34.4   24.4    2.4  22    1.6   0 0 0 1 1 2 0 17.2 31.8 17.5 29.9 80.0 100 100 20 408 0 143 0 401 402 399 0 0 0 60 50 WAIT_ACK 0 
b.1 2025-07-18 18:57:09.947 a 2025-07-18-18:57:00 095 250 000 0.1 0.4 1.2 17.5 21.7 731.1 0.00 0 0.0 30.8 24.1 24.4 3.626  -34.4   24.5    0.0  22    1.6   0 0 0 1 1 2 0 17.2 32.0 17.5 29.7 80.0 100 100 20 408 0 143 0 401 401 399 0 0 0 59 50 WAIT_ACK 0 
b.1 2025-07-18 18:58:10.592 a 2025-07-18-18:58:01 116 256 342 0.1 1.0 2.9 17.4 21.8 731.1 0.00 0 0.0 31.3 24.1 24.4 3.627  -35.9   24.5    2.2  22    1.5   0 0 0 1 1 2 0 17.2 31.8 17.5 29.6 80.0 100 100 20 408 0 143 0 401 401 399 0 0 0 59 50 WAIT_ACK 0 
b.1 2025-07-18 18:59:11.170 a 2025-07-18-18:59:01 016 238 050 0.1 2.3 6.9 17.5 21.9 731.0 0.00 0 0.0 30.0 24.1 24.5 3.627  -36.9   24.5    2.3  22    1.4   5 0 0 1 1 2 0 17.2 31.6 17.5 29.6 80.0 100 100 20 408 0 143 0 401 401 400 0 0 0 59 50 WAIT_ACK 0 
b.1 2025-07-18 19:00:10.467 a 2025-07-18-19:00:01 012 219 071 0.2 2.1 5.3 17.5 21.7 731.1 0.00 0 0.0 29.0 24.1 24.4 3.627  -34.5   24.5    2.4  22    1.5   0 0 0 1 1 2 0 17.1 31.6 17.5 29.5 80.0 100 100 20 408 0 143 0 402 401 400 0 0 0 59 50 WAIT_ACK 0 
b.1 2025-07-18 19:01:13.151 a 2025-07-18-19:01:03 097 259 283 0.2 1.7 4.1 17.5 21.4 731.1 0.00 0 0.0 29.4 24.1 24.5 3.627  -37.9   24.5    2.4  22    1.5   5 0 0 1 1 2 0 17.1 31.8 17.5 30.6 80.0 100 100 20 408 0 143 0 401 401 399 0 0 0 59 50 WAIT_ACK 0 
b.1 2025-07-18 19:02:10.308 a 2025-07-18-19:02:00 129 354 353 0.1 1.4 4.0 17.5 21.7 731.0 0.00 0 0.0 29.6 24.1 24.4 3.626  -36.2   24.6    2.2  22    1.4   5 0 0 1 1 2 0 17.1 31.6 17.5 30.0 80.0 100 100 20 408 0 143 0 400 401 399 0 0 0 60 50 WAIT_ACK 0 
b.1 2025-07-18 19:03:11.812 a 2025-07-18-19:03:02 117 070 153 0.1 0.4 2.1 17.4 22.6 731.0 0.00 0 0.0 30.6 24.1 24.4 3.626  -34.0   24.6    0.0  22    1.4   0 0 0 1 1 2 0 17.1 31.6 17.5 30.3 80.0 100 100 20 408 0 143 0 401 401 400 0 0 0 59 50 WAIT_ACK 0 
b.1 2025-07-18 19:04:10.032 a 2025-07-18-19:04:00 107 004 216 0.1 0.6 2.8 17.5 22.0 731.1 0.00 0 0.0 31.7 24.1 24.4 3.626  -34.1   24.5    0.0  22    1.3   0 0 0 1 1 2 0 17.1 31.9 17.5 30.1 80.0 100 100 20 408 0 143 0 401 401 400 0 0 0 59 50 WAIT_ACK 0 
b.1 2025-07-18 19:05:12.914 a 2025-07-18-19:05:03 220 167 296 0.1 0.7 2.5 17.6 24.7 731.1 0.00 0 0.0 32.5 24.1 24.5 3.626  -35.8   24.5    2.1  22    1.5   0 0 0 1 1 2 0 17.1 32.1 17.5 30.6 80.0 100 100 20 408 0 143 0 401 401 400 0 0 0 60 50 WAIT_ACK 0 
b.1 2025-07-18 19:06:11.415 a 2025-07-18-19:06:02 155 173 339 0.1 0.7 3.1 17.8 25.5 731.1 0.00 0 0.0 33.1 24.1 24.4 3.626  -35.6   24.5    0.0  22    1.6   0 0 0 1 1 2 0 17.1 31.9 17.5 30.4 80.0 100 100 20 408 0 143 0 401 401 399 0 0 0 59 50 WAIT_ACK 0 
b.1 2025-07-18 19:07:12.871 a 2025-07-18-19:07:03 114 099 216 0.1 1.0 2.5 18.1 26.4 731.1 0.00 0 0.0 33.6 24.1 24.4 3.626  -37.4   24.5    2.2  23    1.9   0 0 0 1 1 2 0 17.1 32.7 17.6 31.7 80.0 100 100 20 408 0 143 0 401 401 400 0 0 0 60 50 WAIT_ACK 0 
b.1 2025-07-18 19:08:09.898 a 2025-07-18-19:08:00 171 045 352 0.4 1.5 2.5 17.9 35.7 731.1 0.00 0 0.0 33.5 24.1 24.5 3.635  -35.7   24.5    2.5  24    2.7   5 0 0 1 1 2 0 17.1 33.7 17.6 31.3 80.0 100 100 20 408 0 143 0 401 401 400 0 0 0 59 50 WAIT_ACK 0 
b.1 2025-07-18 19:09:11.190 a 2025-07-18-19:09:01 056 137 091 0.1 0.6 1.5 17.3 35.9 731.1 0.00 0 0.0 33.8 24.1 24.5 3.626  -35.0   24.5    2.2  26    3.6   0 0 0 1 1 2 0 17.1 33.8 17.6 31.1 80.0 100 100 20 408 0 143 0 401 401 400 0 0 0 59 50 WAIT_ACK 0 
b.1 2025-07-18 19:10:11.414 a 2025-07-18-19:10:01 040 024 155 0.1 0.7 2.6 17.0 33.5 731.0 0.00 0 0.0 34.0 24.2 24.4 3.624  -34.6   24.6    0.0  26    3.7   0 0 0 1 1 2 0 17.1 33.7 17.6 31.1 80.0 100 100 20 408 0 143 0 401 401 400 0 0 0 59 50 WAIT_ACK 0 
b.1 2025-07-18 19:11:10.711 a 2025-07-18-19:11:01 137 011 245 0.1 1.6 3.8 17.0 33.9 731.0 0.00 0 0.0 33.9 24.1 24.4 3.633  -34.3   24.6    2.2  26    3.8   5 0 0 1 1 2 0 17.1 33.9 17.6 31.5 80.0 100 100 20 408 0 143 0 401 401 399 0 0 0 59 50 WAIT_ACK 0 
b.1 2025-07-18 19:12:10.313 a 2025-07-18-19:12:00 242 216 248 0.1 1.5 5.0 17.0 23.9 731.1 0.00 0 0.0 33.3 24.1 24.4 3.627  -37.0   24.7    2.2  24    3.1   5 0 0 1 1 2 0 17.1 33.3 17.6 31.4 80.0 100 100 20 408 0 143 0 401 401 399 0 0 0 60 50 WAIT_ACK 0 
b.1 2025-07-18 19:13:12.053 a 2025-07-18-19:13:02 216 172 330 0.1 1.2 3.9 17.1 21.9 731.1 0.00 0 0.0 32.4 24.1 24.4 3.626  -34.7   24.8    2.1  24    2.7   0 0 0 1 1 2 0 17.1 33.1 17.6 31.7 80.0 100 100 20 408 0 143 0 401 401 400 0 0 0 59 50 WAIT_ACK 0 
b.1 2025-07-18 19:14:09.894 a 2025-07-18-19:14:00 067 148 268 0.1 1.2 3.9 17.4 22.6 731.2 0.00 0 0.0 32.8 24.1 24.4 3.627  -37.2   24.8    0.0  24    2.9   0 0 0 1 1 2 0 17.2 33.1 17.6 32.3 80.0 100 100 20 408 0 143 0 401 401 399 0 0 0 59 50 WAIT_ACK 0 
b.1 2025-07-18 19:15:14.805 a 2025-07-18-19:15:05 044 179 266 0.2 1.7 5.1 17.5 21.0 731.1 0.00 0 0.0 31.4 24.1 24.4 3.627  -35.0   24.8    2.2  23    2.3   5 0 0 1 1 2 0 17.2 33.1 17.6 31.3 80.0 100 100 20 408 0 143 0 401 401 399 0 0 0 59 50 WAIT_ACK 0 
b.1 2025-07-18 19:16:11.395 a 2025-07-18-19:16:01 258 182 291 0.0 0.4 1.7 17.4 20.9 731.1 0.00 0 0.0 32.5 24.1 24.5 3.626  -34.2   24.7    0.0  23    2.0   0 0 0 1 1 2 0 17.2 32.9 17.6 31.4 80.0 100 100 20 408 0 143 0 401 401 400 0 0 0 60 50 WAIT_ACK 0 
b.1 2025-07-18 19:17:11.434 a 2025-07-18-19:17:02 019 216 325 0.1 2.4 6.5 17.5 21.0 731.1 0.00 0 0.0 31.5 24.1 24.5 3.626  -40.5   24.7    2.4  22    1.7   5 0 0 1 1 2 0 17.2 33.0 17.6 31.2 80.0 100 100 20 408 0 143 0 401 401 400 0 0 0 59 50 WAIT_ACK 0 
b.1 2025-07-18 19:18:10.776 a 2025-07-18-19:18:01 240 194 326 0.3 1.9 4.1 17.4 21.1 731.1 0.00 0 0.0 30.0 24.1 24.4 3.624  -36.4   24.7    2.5  22    1.5   5 0 0 1 1 2 0 17.2 33.1 17.6 31.9 80.0 100 100 20 408 0 143 0 401 401 399 0 0 0 59 50 WAIT_ACK 0 
b.1 2025-07-18 19:19:13.691 a 2025-07-18-19:19:04 020 164 226 0.1 1.1 4.0 17.3 21.4 731.1 0.00 0 0.0 30.6 24.1 24.4 3.626  -34.9   24.6    2.2  22    1.2   0 0 0 1 1 2 0 17.2 33.1 17.7 31.2 80.0 100 100 20 408 0 143 0 401 401 400 0 0 0 59 50 WAIT_ACK 0 
b.1 2025-07-18 19:20:12.016 a 2025-07-18-19:20:02 091 179 233 0.1 1.4 4.0 17.3 20.9 731.1 0.00 0 0.0 30.7 24.1 24.4 3.632  -36.1   24.5    2.2  22    1.4   5 0 0 1 1 2 0 17.2 33.0 17.6 31.2 80.0 100 100 20 408 0 143 0 401 401 400 0 0 0 59 50 WAIT_ACK 0 
b.1 2025-07-18 19:21:12.911 a 2025-07-18-19:21:03 098 216 353 0.1 0.9 3.1 17.3 21.0 731.1 0.00 0 0.0 31.5 24.1 24.4 3.634  -35.5   24.5    2.2  22    1.3   0 0 0 1 1 2 0 17.2 32.6 17.7 31.2 80.0 100 100 20 408 0 143 0 401 401 400 0 0 0 60 50 WAIT_ACK 0 
b.1 2025-07-18 19:22:10.052 a 2025-07-18-19:22:00 078 192 300 0.3 2.2 4.8 17.3 21.0 731.1 0.00 0 0.0 30.4 24.1 24.5 3.627  -39.3   24.5    2.5  22    1.2   0 0 0 1 1 2 0 17.2 32.7 17.7 30.9 80.0 100 100 20 408 0 143 0 401 401 399 0 0 0 60 50 WAIT_ACK 0 
b.1 2025-07-18 19:23:10.000 a 2025-07-18-19:23:00 299 147 334 0.1 0.9 2.6 17.3 21.4 731.1 0.00 0 0.0 30.9 24.1 24.4 3.626  -33.8   24.5    2.2  21    1.0   0 0 0 1 1 2 0 17.2 32.6 17.7 31.1 80.0 100 100 20 408 0 143 0 401 401 400 0 0 0 59 50 WAIT_ACK 0 
b.1 2025-07-18 19:24:09.974 a 2025-07-18-19:24:00 090 018 128 0.1 0.5 2.1 17.3 22.0 731.1 0.00 0 0.0 32.1 24.1 24.4 3.626  -33.5   24.4    2.1  22    1.1   0 0 0 1 1 2 0 17.2 32.6 17.7 31.2 80.0 100 100 20 408 0 143 0 401 401 400 0 0 0 60 50 WAIT_ACK 0 
b.1 2025-07-18 19:25:13.717 a 2025-07-18-19:25:04 262 160 316 0.1 0.6 1.9 17.4 21.9 731.1 0.00 0 0.0 33.1 24.1 24.5 3.626  -34.7   24.4    0.0  22    1.3   0 0 0 1 1 2 0 17.2 32.8 17.7 31.2 80.0 100 100 20 408 0 143 0 401 401 399 0 0 0 59 50 WAIT_ACK 0 
b.1 2025-07-18 19:26:09.236 a 2025-07-18-19:25:59 010 153 234 0.2 1.4 3.3 17.5 21.6 731.1 0.00 0 0.0 33.4 24.1 24.4 3.626  -35.3   24.5    2.2  22    1.5   5 0 0 1 1 2 0 17.2 32.8 17.7 31.2 80.0 100 100 20 408 0 143 0 401 401 399 0 0 0 59 50 WAIT_ACK 0 
b.1 2025-07-18 19:27:10.418 a 2025-07-18-19:27:00 016 205 063 0.2 1.5 4.3 17.5 21.6 731.1 0.00 0 0.0 32.4 24.1 24.4 3.628  -35.4   24.6    2.2  22    1.2   0 0 0 1 1 2 0 17.2 32.7 17.7 31.0 80.0 100 100 20 408 0 143 0 400 402 399 0 0 0 59 50 WAIT_ACK 0 
b.1 2025-07-18 19:28:10.500 a 2025-07-18-19:28:01 256 191 306 0.2 1.2 3.1 17.5 20.8 731.1 0.00 0 0.0 32.2 24.1 24.4 3.624  -34.0   24.5    2.2  21    0.9   0 0 0 1 1 2 0 17.2 32.6 17.7 30.9 80.0 100 100 20 408 0 143 0 400 402 399 0 0 0 59 50 WAIT_ACK 0 
b.1 2025-07-18 19:29:10.061 a 2025-07-18-19:29:00 249 189 325 0.2 2.7 8.5 17.5 21.1 731.1 0.00 0 0.0 30.7 24.1 24.4 3.627  -39.0   24.5    2.5  21    0.7   5 0 0 1 1 2 0 17.2 32.6 17.7 31.0 80.0 100 100 20 408 0 143 0 401 401 399 0 0 0 59 50 WAIT_ACK 0 
b.1 2025-07-18 19:30:10.555 a 2025-07-18-19:30:01 193 154 203 0.1 1.7 8.2 17.4 20.6 731.1 0.00 0 0.0 29.8 24.1 24.5 3.626  -35.7   24.4    2.4  21    0.6   0 0 0 1 1 2 0 17.2 32.5 17.7 30.9 80.0 100 100 20 408 0 143 0 401 401 399 0 0 0 60 50 WAIT_ACK 0 
b.1 2025-07-18 19:31:11.558 a 2025-07-18-19:31:02 176 105 230 0.1 0.5 1.5 17.3 21.4 731.1 0.00 0 0.0 31.1 24.1 24.5 3.627  -33.7   24.3    0.0  21    0.5   0 0 0 1 1 2 0 17.2 32.5 17.7 31.0 80.0 100 100 20 408 0 143 0 401 401 399 0 0 0 59 50 WAIT_ACK 0 
b.1 2025-07-18 19:32:10.476 a 2025-07-18-19:32:01 171 191 294 0.1 0.8 3.7 17.4 20.9 731.1 0.00 0 0.0 32.0 24.1 24.4 3.626  -33.6   24.2    0.0  22    0.9   0 0 0 1 1 2 0 17.2 32.5 17.7 31.0 80.0 100 100 20 408 0 143 0 401 401 400 0 0 0 59 50 WAIT_ACK 0 
b.1 2025-07-18 19:33:08.657 a 2025-07-18-19:32:59 258 202 267 0.1 0.6 2.0 17.7 21.3 731.1 0.00 0 0.0 33.0 24.1 24.4 3.624  -33.1   24.2    0.0  22    1.1   0 0 0 1 1 2 0 17.2 32.7 17.7 30.9 80.0 100 100 20 408 0 143 0 401 401 399 0 0 0 60 50 WAIT_ACK 0 
b.1 2025-07-18 19:34:09.420 a 2025-07-18-19:34:00 044 183 326 0.1 1.1 3.7 17.9 20.3 731.1 0.00 0 0.0 33.2 24.1 24.4 3.627  -34.2   24.2    0.0  22    0.9   0 0 0 1 1 2 0 17.3 32.6 17.7 30.9 80.0 100 100 20 408 0 143 0 401 402 399 0 0 0 59 50 WAIT_ACK 0 
b.1 2025-07-18 19:35:11.075 a 2025-07-18-19:35:01 114 230 300 0.1 2.4 5.7 18.0 20.1 731.1 0.00 0 0.0 32.1 24.1 24.5 3.626  -35.7   24.3    2.4  22    1.0   5 0 0 1 1 2 0 17.3 32.5 17.7 30.9 80.0 100 100 20 408 0 143 0 402 401 399 0 0 0 59 50 WAIT_ACK 0 
b.1 2025-07-18 19:36:08.697 a 2025-07-18-19:35:59 268 230 298 0.2 2.2 5.9 17.9 19.8 731.1 0.00 0 0.0 30.4 24.1 24.4 3.626  -35.0   24.3    2.5  21    0.6   0 0 0 1 1 2 0 17.3 32.4 17.7 31.1 80.0 100 100 20 408 0 143 0 401 401 400 0 0 0 59 50 WAIT_ACK 0 
b.1 2025-07-18 19:37:10.880 a 2025-07-18-19:37:01 226 189 295 0.1 1.2 2.8 17.6 20.3 731.1 0.00 0 0.0 30.9 24.1 24.4 3.633  -36.0   24.3    2.3  21    0.7   5 0 0 1 1 2 0 17.3 32.2 17.7 31.0 80.0 100 100 20 408 0 143 0 401 401 399 0 0 0 59 50 WAIT_ACK 0 
b.1 2025-07-18 19:38:10.016 a 2025-07-18-19:38:00 094 300 116 0.0 0.7 2.6 17.5 20.3 731.1 0.00 0 0.0 31.5 24.1 24.4 3.626  -33.9   24.3    2.1  21    0.4   0 0 0 1 1 2 0 17.3 32.1 17.7 30.8 80.0 100 100 20 408 0 143 0 402 401 399 0 0 0 60 50 WAIT_ACK 0 
b.1 2025-07-18 19:39:08.244 a 2025-07-18-19:38:58 270 182 281 0.1 0.7 2.1 17.5 20.4 731.1 0.00 0 0.0 32.5 24.1 24.4 3.626  -33.4   24.2    0.0  21    0.4   0 0 0 1 1 2 0 17.3 32.0 17.7 30.6 80.0 100 100 20 408 0 143 0 402 401 400 0 0 0 59 50 WAIT_ACK 0 
b.1 2025-07-18 19:40:11.516 a 2025-07-18-19:40:02 022 172 304 0.1 0.4 1.7 17.7 20.3 731.1 0.00 0 0.0 33.7 24.1 24.4 3.633  -33.3   24.3    0.0  21    0.3   0 0 0 1 1 2 0 17.3 32.1 17.7 30.6 80.0 100 100 20 408 0 143 0 401 401 400 0 0 0 59 50 WAIT_ACK 0 
b.1 2025-07-18 19:41:11.043 a 2025-07-18-19:41:01 120 117 129 0.1 0.5 3.1 18.1 19.8 731.1 0.00 0 0.0 34.4 24.1 24.4 3.624  -33.6   24.3    2.2  21    0.3   0 0 0 1 1 2 0 17.3 32.0 17.7 30.5 80.0 100 100 20 408 0 143 0 401 401 400 0 0 0 59 50 WAIT_ACK 0 
b.1 2025-07-18 19:42:11.500 a 2025-07-18-19:42:01 006 202 000 0.1 1.2 3.5 18.4 18.7 731.1 0.00 0 0.0 34.0 24.1 24.5 3.627  -35.5   24.4    2.1  21    0.4   0 0 0 1 1 2 0 17.3 32.0 17.7 30.6 80.0 100 100 20 408 0 143 0 401 402 399 0 0 0 59 50 WAIT_ACK 0 
b.1 2025-07-18 19:43:10.045 a 2025-07-18-19:43:00 086 257 264 0.2 1.7 3.1 18.5 18.3 731.1 0.00 0 0.0 33.1 24.1 24.5 3.627  -35.9   24.5    2.3  21    0.4   5 0 0 1 1 2 0 17.3 31.9 17.7 30.6 80.0 100 100 20 408 0 143 0 401 401 399 0 0 0 59 50 WAIT_ACK 0 
b.1 2025-07-18 19:44:11.765 a 2025-07-18-19:44:02 066 258 336 0.1 0.9 2.1 18.3 18.5 731.1 0.00 0 0.0 33.6 24.1 24.4 3.626  -34.8   24.6    2.2  21    0.6   0 0 0 1 1 2 0 17.3 31.7 17.6 30.5 80.0 100 100 20 408 0 143 0 401 401 399 0 0 0 59 50 WAIT_ACK 0 
b.1 2025-07-18 19:45:13.545 a 2025-07-18-19:45:04 100 084 195 0.0 0.6 1.9 18.0 19.2 731.1 0.00 0 0.0 34.0 24.1 24.5 3.626  -35.2   24.7    0.0  20    0.3   0 0 0 1 1 2 0 17.3 31.6 17.6 30.4 80.0 100 100 20 408 0 143 0 401 401 399 0 0 0 59 50 WAIT_ACK 0 
b.1 2025-07-18 19:46:13.940 a 2025-07-18-19:46:04 075 180 317 0.1 1.9 4.4 17.9 24.0 731.1 0.00 0 0.0 33.1 24.1 24.5 3.627  -37.8   24.7    2.3  21    0.9   0 0 0 1 1 2 0 17.3 31.6 17.7 30.7 80.0 100 100 20 408 0 143 0 401 401 399 0 0 0 59 50 WAIT_ACK 0 
b.1 2025-07-18 19:47:12.717 a 2025-07-18-19:47:03 108 015 138 0.1 1.3 3.8 17.7 27.2 731.1 0.00 0 0.0 33.3 24.1 24.5 3.627  -35.4   24.7    2.2  23    1.9   0 0 0 1 1 2 0 17.3 31.5 17.6 30.4 80.0 100 100 20 408 0 143 0 402 401 400 0 0 0 59 50 WAIT_ACK 0 
b.1 2025-07-18 19:48:10.561 a 2025-07-18-19:48:01 101 335 262 0.1 1.5 5.4 17.5 23.4 731.1 0.00 0 0.0 32.5 24.1 24.4 3.626  -36.3   24.6    2.3  22    1.7   5 0 0 1 1 2 0 17.3 31.5 17.6 30.4 80.0 100 100 20 408 0 143 0 401 401 399 0 0 0 59 50 WAIT_ACK 0 
b.1 2025-07-18 19:49:06.720 a 2025-07-18-19:48:57 250 013 282 0.0 1.0 5.4 17.3 25.6 731.1 0.00 0 0.0 33.0 24.1 24.4 3.632  -34.0   24.6    0.0  22    1.8   0 0 0 1 1 2 0 17.4 31.5 17.7 30.9 80.0 100 100 20 408 0 143 0 401 401 400 0 0 0 59 50 WAIT_ACK 0 
b.1 2025-07-18 19:50:14.881 a 2025-07-18-19:50:05 090 287 336 0.1 0.6 1.6 17.3 19.3 731.1 0.00 0 0.0 34.2 24.1 24.4 3.626  -34.1   24.6    2.1  22    1.7   0 0 0 1 1 2 0 17.3 31.8 17.7 30.8 80.0 100 100 20 408 0 143 0 401 401 399 0 0 0 60 50 WAIT_ACK 0 
b.1 2025-07-18 19:51:09.882 a 2025-07-18-19:51:00 107 309 129 0.1 1.8 5.2 17.4 26.2 731.0 0.00 0 0.0 33.8 24.1 24.4 3.632  -36.6   24.6    2.3  22    1.5   5 0 0 1 1 2 0 17.4 31.7 17.7 30.6 80.0 100 100 20 408 0 143 0 401 401 399 0 0 0 60 50 WAIT_ACK 0 
b.1 2025-07-18 19:52:11.220 a 2025-07-18-19:52:01 090 328 263 0.1 2.0 4.3 17.4 21.4 731.0 0.00 0 0.0 32.5 24.1 24.4 3.632  -37.1   24.7    2.5  23    1.9   5 0 0 1 1 2 0 17.4 31.5 17.7 30.7 80.0 100 100 20 408 0 143 0 402 401 400 0 0 0 60 50 WAIT_ACK 0 
b.1 2025-07-18 19:53:10.082 a 2025-07-18-19:53:00 142 216 293 0.1 1.6 4.7 17.2 21.4 731.0 0.00 0 0.0 31.6 24.1 24.4 3.632  -34.2   24.7    2.4  21    1.1   0 0 0 1 1 2 0 17.4 31.3 17.7 30.8 80.0 100 100 20 408 0 143 0 401 401 400 0 0 0 60 50 WAIT_ACK 0 
b.1 2025-07-18 19:54:07.845 a 2025-07-18-19:53:58 192 125 279 0.1 0.7 2.2 17.1 21.6 731.0 0.00 0 0.0 32.7 24.1 24.5 3.627  -33.9   24.7    2.2  22    1.3   0 0 0 1 1 2 0 17.4 31.4 17.7 30.8 80.0 100 100 20 408 0 143 0 401 401 399 0 0 0 59 50 WAIT_ACK 0 
b.1 2025-07-18 19:55:14.463 a 2025-07-18-19:55:04 120 295 332 0.3 2.2 5.9 17.1 22.0 731.1 0.00 0 0.0 30.8 24.1 24.4 3.626  -35.7   24.7    2.6  22    1.8   5 0 0 1 1 2 0 17.4 31.1 17.6 31.0 80.0 100 100 20 408 0 143 0 402 401 400 0 0 0 59 50 WAIT_ACK 0 
b.1 2025-07-18 19:56:08.684 a 2025-07-18-19:55:59 039 272 344 0.1 1.1 4.3 17.1 24.5 731.1 0.00 0 0.0 31.1 24.1 24.5 3.628  -34.1   24.6    2.3  22    1.8   0 0 0 1 1 2 0 17.4 31.6 17.6 31.4 80.0 100 100 20 408 0 143 0 401 401 400 0 0 0 59 50 WAIT_ACK 0 
b.1 2025-07-18 19:57:10.484 a 2025-07-18-19:57:00 101 058 215 0.1 1.1 3.6 17.0 28.9 731.1 0.00 0 0.0 31.9 24.1 24.4 3.627  -35.8   24.6    2.2  23    2.2   0 0 0 1 1 2 0 17.4 31.9 17.6 31.3 80.0 100 100 20 408 0 143 0 401 401 400 0 0 0 60 50 WAIT_ACK 0 
b.1 2025-07-18 19:58:11.881 a 2025-07-18-19:58:02 092 057 287 0.2 1.8 3.5 17.1 29.8 731.1 0.00 0 0.0 32.3 24.1 24.4 3.626  -35.5   24.5    2.4  24    2.4   5 0 0 1 1 2 0 17.4 32.1 17.6 31.7 80.0 100 100 20 408 0 143 0 401 402 399 0 0 0 59 50 WAIT_ACK 0 
b.1 2025-07-18 19:59:13.581 a 2025-07-18-19:59:04 260 114 295 0.1 0.7 2.4 17.0 29.5 731.1 0.00 0 0.0 33.2 24.1 24.4 3.632  -34.1   24.5    0.0  24    2.5   0 0 0 1 1 2 0 17.4 32.2 17.6 31.7 80.0 100 100 20 408 0 143 0 401 401 399 0 0 0 60 50 WAIT_ACK 0 
b.1 2025-07-18 20:00:10.963 a 2025-07-18-20:00:01 128 052 194 0.1 0.8 2.0 17.0 28.0 731.1 0.00 0 0.0 33.9 24.1 24.4 3.626  -35.3   24.5    0.0  24    2.4   0 0 0 1 1 2 0 17.4 32.2 17.6 31.9 80.0 100 100 20 408 0 143 0 401 401 400 0 0 0 59 50 WAIT_ACK 0 
b.1 2025-07-18 20:01:12.069 a 2025-07-18-20:01:02 201 349 295 0.1 1.7 4.0 17.2 24.3 731.0 0.00 0 0.0 33.8 24.1 24.4 3.626  -38.8   24.5    2.4  23    2.2   5 0 0 1 1 2 0 17.4 31.5 17.6 31.5 80.0 100 100 20 408 0 143 0 401 401 400 0 0 0 59 50 WAIT_ACK 0 
b.1 2025-07-18 20:02:10.987 a 2025-07-18-20:02:01 088 004 247 0.1 1.5 4.0 17.3 26.3 731.0 0.00 0 0.0 33.4 24.1 24.4 3.627  -36.5   24.5    2.3  24    2.4   5 0 0 1 1 2 0 17.4 31.6 17.6 31.5 80.0 100 100 20 408 0 143 0 401 401 399 0 0 0 59 50 WAIT_ACK 0 
b.1 2025-07-18 20:03:11.065 a 2025-07-18-20:03:01 120 043 278 0.1 1.4 2.7 17.1 29.8 730.9 0.00 0 0.0 33.7 24.1 24.4 3.626  -38.1   24.6    2.3  24    2.7   5 0 0 1 1 2 0 17.4 31.8 17.6 31.5 80.0 100 100 20 408 0 143 0 401 401 400 0 0 0 59 50 WAIT_ACK 0 
b.1 2025-07-18 20:04:10.023 a 2025-07-18-20:04:00 132 141 227 0.0 0.7 2.4 17.0 29.0 730.9 0.00 0 0.0 34.3 24.1 24.4 3.626  -33.9   24.6    0.0  24    2.9   0 0 0 1 1 2 0 17.4 31.7 17.6 31.5 80.0 100 100 20 408 0 143 0 401 401 400 0 0 0 59 50 WAIT_ACK 0 
b.1 2025-07-18 20:05:13.240 a 2025-07-18-20:05:03 068 020 357 0.0 0.4 1.5 17.2 28.9 730.9 0.00 0 0.0 35.3 24.1 24.4 3.627  -34.1   24.6    0.0  24    3.0   0 0 0 1 1 2 0 17.4 31.7 17.6 31.5 80.0 100 100 20 408 0 143 0 401 402 399 0 0 0 59 50 WAIT_ACK 0 
b.1 2025-07-18 20:06:10.904 a 2025-07-18-20:06:01 095 337 109 0.1 1.0 2.7 17.4 28.4 730.9 0.00 0 0.0 35.4 24.1 24.4 3.624  -35.2   24.6    2.2  24    2.9   0 0 0 1 1 2 0 17.4 31.6 17.6 31.5 80.0 100 100 20 408 0 143 0 401 401 400 0 0 0 60 50 WAIT_ACK 0 
b.1 2025-07-18 20:07:12.184 a 2025-07-18-20:07:02 053 000 097 0.1 0.8 2.0 17.4 27.1 731.0 0.00 0 0.0 35.5 24.1 24.5 3.626  -34.8   24.6    0.0  24    2.9   0 0 0 1 1 2 0 17.4 31.6 17.6 31.5 80.0 100 100 20 408 0 143 0 401 402 400 0 0 0 59 50 WAIT_ACK 0 
b.1 2025-07-18 20:08:08.267 a 2025-07-18-20:07:58 287 053 332 0.1 1.0 2.3 17.5 28.8 731.0 0.00 0 0.0 35.4 24.1 24.4 3.626  -35.1   24.6    0.0  25    3.1   0 0 0 1 1 2 0 17.4 31.6 17.6 31.6 80.0 100 100 20 408 0 143 0 402 401 400 0 0 0 60 50 WAIT_ACK 0 
b.1 2025-07-18 20:09:08.845 a 2025-07-18-20:08:59 125 239 148 0.1 0.5 2.0 17.5 28.7 731.0 0.00 0 0.0 35.7 24.1 24.4 3.626  -34.1   24.5    0.0  25    3.0   0 0 0 1 1 2 0 17.4 31.7 17.6 31.6 80.0 100 100 20 408 0 143 0 400 401 399 0 0 0 59 50 WAIT_ACK 0 
b.1 2025-07-18 20:10:11.523 a 2025-07-18-20:10:02 093 101 148 0.1 0.5 1.7 17.5 28.7 730.9 0.00 0 0.0 36.4 24.1 24.4 3.626  -33.5   24.4    0.0  25    3.1   0 0 0 1 1 2 0 17.4 31.6 17.6 31.7 80.0 100 100 20 408 0 143 0 401 401 400 0 0 0 60 50 WAIT_ACK 0 
b.1 2025-07-18 20:11:11.124 a 2025-07-18-20:11:01 245 091 270 0.0 0.4 1.4 17.6 28.8 730.9 0.00 0 0.0 37.4 24.1 24.4 3.626  -33.2   24.4    0.0  25    3.2   0 0 0 1 1 2 0 17.4 31.8 17.5 31.7 80.0 100 100 20 408 0 143 0 401 401 400 0 0 0 60 50 WAIT_ACK 0 
b.1 2025-07-18 20:12:09.786 a 2025-07-18-20:12:00 126 063 218 0.0 0.4 2.7 17.8 28.8 731.0 0.00 0 0.0 38.2 24.1 24.4 3.628  -34.3   24.4    0.0  25    3.3   0 0 0 1 1 2 0 17.4 31.8 17.5 31.7 80.0 100 100 20 408 0 143 0 401 401 399 0 0 0 60 50 WAIT_ACK 0 
b.1 2025-07-18 20:13:12.184 a 2025-07-18-20:13:02 048 093 184 0.1 0.8 2.8 18.1 28.3 731.0 0.00 0 0.0 38.2 24.1 24.5 3.626  -34.9   24.5    2.2  25    3.5   0 0 0 1 1 2 0 17.4 31.9 17.6 31.8 80.0 100 100 20 408 0 143 0 401 401 400 0 0 0 59 50 WAIT_ACK 0 
b.1 2025-07-18 20:14:10.063 a 2025-07-18-20:14:00 187 051 277 0.1 0.8 2.1 18.1 27.9 731.0 0.00 0 0.0 38.0 24.1 24.4 3.626  -36.1   24.6    0.0  25    3.5   0 0 0 1 1 2 0 17.4 31.9 17.6 31.8 80.0 100 100 20 408 0 143 0 401 402 399 0 0 0 59 50 WAIT_ACK 0 
b.1 2025-07-18 20:15:13.703 a 2025-07-18-20:15:04 213 290 288 0.1 0.7 2.4 18.0 28.5 731.0 0.00 0 0.0 38.1 24.1 24.4 3.626  -34.1   24.7    0.0  25    3.6   5 0 0 1 1 2 0 17.4 31.9 17.6 31.8 80.0 100 100 20 408 0 143 0 402 401 400 0 0 0 59 50 WAIT_ACK 0 
b.1 2025-07-18 20:16:10.907 a 2025-07-18-20:16:01 113 006 186 0.1 0.4 1.8 18.0 28.4 731.0 0.00 0 0.0 38.6 24.1 24.4 3.626  -34.1   24.8    0.0  25    3.7   0 0 0 1 1 2 0 17.4 31.9 17.6 31.7 80.0 100 100 20 408 0 143 0 401 401 400 0 0 0 59 50 WAIT_ACK 0 
b.1 2025-07-18 20:17:11.586 a 2025-07-18-20:17:02 245 053 276 0.1 0.7 2.1 18.3 27.3 730.9 0.00 0 0.0 38.8 24.1 24.4 3.624  -34.7   25.0    2.2  25    3.8   0 0 0 1 1 2 0 17.4 31.9 17.6 31.8 80.0 100 100 20 408 0 143 0 401 401 399 0 0 0 60 50 WAIT_ACK 0 
b.1 2025-07-18 20:18:10.964 a 2025-07-18-20:18:01 137 021 162 0.1 0.6 1.9 18.4 27.3 730.9 0.00 0 0.0 38.8 24.1 24.4 3.631  -34.2   25.1    0.0  25    3.8   0 0 0 1 1 2 0 17.4 31.9 17.6 31.7 80.0 100 100 20 408 0 143 0 401 402 399 0 0 0 59 50 WAIT_ACK 0 
b.1 2025-07-18 20:19:11.828 a 2025-07-18-20:19:02 165 066 243 0.1 1.0 3.2 18.4 26.9 730.9 0.00 0 0.0 38.6 24.1 24.4 3.626  -37.0   25.2    2.2  25    3.9   5 0 0 1 1 2 0 17.4 31.8 17.6 31.8 80.0 100 100 20 408 0 143 0 401 401 400 0 0 0 60 50 WAIT_ACK 0 
b.1 2025-07-18 20:20:13.368 a 2025-07-18-20:20:03 033 038 057 0.1 1.1 2.4 18.1 27.5 731.0 0.00 0 0.0 38.0 24.1 24.4 3.626  -35.5   25.3    2.2  25    3.8   0 0 0 1 1 2 0 17.4 31.8 17.6 31.8 80.0 100 100 20 408 0 143 0 401 401 400 0 0 0 59 50 WAIT_ACK 0 
b.1 2025-07-18 20:21:11.993 a 2025-07-18-20:21:02 205 045 272 0.1 1.0 2.9 17.9 27.7 731.0 0.00 0 0.0 37.7 24.1 24.4 3.626  -36.0   25.3    0.0  25    3.8   0 0 0 1 1 2 0 17.4 31.8 17.6 31.8 80.0 100 100 20 408 0 143 0 401 401 400 0 0 0 59 50 WAIT_ACK 0 
b.1 2025-07-18 20:22:11.605 a 2025-07-18-20:22:02 185 093 195 0.1 0.7 1.9 17.9 27.7 731.0 0.00 0 0.0 38.1 24.2 24.4 3.626  -37.0   25.3    2.1  25    3.9   0 0 0 1 1 2 0 17.4 31.9 17.6 31.8 80.0 100 100 20 408 0 143 0 401 401 399 0 0 0 59 50 WAIT_ACK 0 
b.1 2025-07-18 20:23:10.530 a 2025-07-18-20:23:01 058 030 090 0.1 0.6 1.8 17.9 27.9 731.0 0.00 0 0.0 38.3 24.1 24.4 3.633  -34.0   25.3    0.0  25    3.9   0 0 0 1 1 2 0 17.4 31.9 17.6 31.9 80.0 100 100 20 408 0 143 0 401 401 400 0 0 0 60 50 WAIT_ACK 0 
b.1 2025-07-18 20:24:08.792 a 2025-07-18-20:23:59 097 036 150 0.1 0.7 2.2 17.9 27.9 731.0 0.00 0 0.0 38.5 24.1 24.4 3.626  -35.2   25.3    0.0  25    3.9   0 0 0 1 1 2 0 17.4 31.9 17.6 31.9 80.0 100 100 20 408 0 143 0 402 401 400 0 0 0 60 50 WAIT_ACK 0 
b.1 2025-07-18 20:25:11.753 a 2025-07-18-20:25:02 033 002 358 0.0 0.9 2.8 18.1 27.4 731.0 0.00 0 0.0 38.4 24.1 24.4 3.626  -35.1   25.4    0.0  25    3.8   0 0 0 1 1 2 0 17.4 31.8 17.6 31.9 80.0 100 100 20 408 0 143 0 401 401 399 0 0 0 60 50 WAIT_ACK 0 
b.1 2025-07-18 20:26:08.993 a 2025-07-18-20:25:59 003 311 016 0.1 0.6 1.6 18.1 27.4 730.9 0.00 0 0.0 38.5 24.1 24.4 3.624  -34.3   25.4    0.0  25    3.8   0 0 0 1 1 2 0 17.4 31.7 17.6 31.9 80.0 100 100 20 408 0 143 0 401 401 399 0 0 0 60 50 WAIT_ACK 0 
b.1 2025-07-18 20:27:13.072 a 2025-07-18-20:27:03 101 330 126 0.2 1.1 3.3 18.1 27.5 730.9 0.00 0 0.0 37.9 24.1 24.4 3.624  -34.8   25.4    2.2  25    3.8   0 0 0 1 1 2 0 17.4 31.8 17.6 31.9 80.0 100 100 20 408 0 143 0 401 401 400 0 0 0 60 50 WAIT_ACK 0 
b.1 2025-07-18 20:28:12.487 a 2025-07-18-20:28:02 092 345 146 0.1 0.9 3.4 18.1 27.5 731.0 0.00 0 0.0 37.7 24.1 24.4 3.626  -36.0   25.4    2.2  25    3.8   0 0 0 1 1 2 0 17.4 31.8 17.6 31.9 80.0 100 100 20 408 0 143 0 401 402 399 0 0 0 60 50 WAIT_ACK 0 
b.1 2025-07-18 20:29:12.469 a 2025-07-18-20:29:02 121 007 130 0.1 1.2 2.9 18.1 27.0 731.0 0.00 0 0.0 37.0 24.1 24.4 3.624  -35.4   25.5    2.3  25    3.8   5 0 0 1 1 2 0 17.5 31.6 17.6 31.9 80.0 100 100 20 408 0 143 0 401 401 400 0 0 0 60 50 WAIT_ACK 0 
b.1 2025-07-18 20:30:12.529 a 2025-07-18-20:30:03 098 352 109 0.0 0.6 1.8 17.9 27.6 731.0 0.00 0 0.0 37.1 24.1 24.4 3.626  -34.7   25.5    2.2  25    3.8   5 0 0 1 1 2 0 17.5 31.7 17.6 31.9 80.0 100 100 20 408 0 143 0 401 401 399 0 0 0 59 50 WAIT_ACK 0 
b.1 2025-07-18 20:31:13.108 a 2025-07-18-20:31:03 261 125 291 0.1 0.8 2.6 17.7 27.8 731.0 0.00 0 0.0 36.7 24.1 24.4 3.632  -35.8   25.5    0.0  25    3.9   0 0 0 1 1 2 0 17.5 31.7 17.6 32.0 80.0 100 100 20 408 0 143 0 401 401 399 0 0 0 60 50 WAIT_ACK 0 
b.1 2025-07-18 20:32:10.848 a 2025-07-18-20:32:01 120 357 189 0.2 0.8 2.5 17.7 27.8 731.0 0.00 0 0.0 36.8 24.1 24.4 3.626  -34.5   25.6    0.0  25    3.8   0 0 0 1 1 2 0 17.5 31.7 17.6 31.9 80.0 100 100 20 408 0 143 0 401 401 400 0 0 0 60 50 WAIT_ACK 0 
b.1 2025-07-18 20:33:12.571 a 2025-07-18-20:33:03 144 103 273 0.1 0.9 3.3 17.9 27.6 731.0 0.00 0 0.0 37.4 24.1 24.5 3.626  -35.8   25.6    2.1  25    3.9   0 0 0 1 1 2 0 17.5 31.5 17.6 31.9 80.0 100 100 20 408 0 143 0 401 401 399 0 0 0 60 50 WAIT_ACK 0 
b.1 2025-07-18 20:34:08.471 a 2025-07-18-20:33:58 235 079 312 0.1 1.2 3.3 18.1 27.1 731.0 0.00 0 0.0 37.3 24.1 24.4 3.626  -36.7   25.6    2.2  25    3.9   5 0 0 1 1 2 0 17.5 31.6 17.6 31.9 80.0 100 100 20 408 0 143 0 401 401 400 0 0 0 60 50 WAIT_ACK 0 
b.1 2025-07-18 20:35:13.148 a 2025-07-18-20:35:03 185 079 297 0.2 0.9 2.4 18.1 26.9 731.0 0.00 0 0.0 37.1 24.1 24.4 3.627  -35.8   25.6    0.0  24    3.8   0 0 0 1 1 2 0 17.5 31.6 17.6 31.8 80.0 100 100 20 408 0 143 0 400 401 399 0 0 0 59 50 WAIT_ACK 0 
b.1 2025-07-18 20:36:10.250 a 2025-07-18-20:36:00 178 069 289 0.1 0.6 2.1 18.0 27.1 731.0 0.00 0 0.0 37.6 24.1 24.4 3.624  -35.9   25.6    0.0  24    3.8   0 0 0 1 1 2 0 17.5 31.4 17.6 31.8 80.0 100 100 20 408 0 143 0 401 401 400 0 0 0 60 50 WAIT_ACK 0 
b.1 2025-07-18 20:37:09.075 a 2025-07-18-20:36:59 036 017 157 0.1 0.8 2.3 18.0 27.6 731.0 0.00 0 0.0 37.9 24.1 24.4 3.626  -34.1   25.6    0.0  24    3.8   0 0 0 1 1 2 0 17.5 31.5 17.6 31.8 80.0 100 100 20 408 0 143 0 400 402 400 0 0 0 60 50 WAIT_ACK 0 
b.1 2025-07-18 20:38:10.770 a 2025-07-18-20:38:01 201 075 286 0.0 0.7 2.0 18.3 26.9 731.0 0.00 0 0.0 38.3 24.1 24.4 3.627  -35.5   25.6    0.0  25    3.9   0 0 0 1 1 2 0 17.5 31.6 17.6 31.8 80.0 100 100 20 408 0 143 0 401 401 399 0 0 0 60 50 WAIT_ACK 0 
b.1 2025-07-18 20:39:11.493 a 2025-07-18-20:39:02 157 073 222 0.1 1.2 4.0 18.6 26.5 731.0 0.00 0 0.0 38.3 24.1 24.4 3.626  -39.3   25.7    2.3  24    3.9   5 0 0 1 1 2 0 17.5 31.4 17.7 31.7 80.0 100 100 20 408 0 143 0 402 401 400 0 0 0 60 50 WAIT_ACK 0 
b.1 2025-07-18 20:40:11.976 a 2025-07-18-20:40:02 132 070 283 0.1 1.0 3.3 18.6 26.1 731.0 0.00 0 0.0 37.8 24.1 24.4 3.626  -34.9   25.7    2.2  24    3.8   0 0 0 1 1 2 0 17.5 31.4 17.7 31.7 80.0 100 100 20 408 0 143 0 401 401 399 0 0 0 60 50 WAIT_ACK 0 
b.1 2025-07-18 20:41:10.795 a 2025-07-18-20:41:01 015 172 181 0.0 0.4 1.5 18.5 26.5 731.0 0.00 0 0.0 38.2 24.1 24.5 3.626  -34.4   25.7    0.0  24    3.8   0 0 0 1 1 2 0 17.5 31.4 17.6 31.8 80.0 100 100 20 408 0 143 0 401 401 400 0 0 0 60 50 WAIT_ACK 0 
b.1 2025-07-18 20:42:12.029 a 2025-07-18-20:42:02 086 009 198 0.0 0.5 2.0 18.6 26.3 731.0 0.00 0 0.0 38.8 24.1 24.4 3.626  -35.9   25.7    0.0  24    3.8   0 0 0 1 1 2 0 17.5 31.4 17.7 31.8 80.0 100 100 20 408 0 143 0 401 401 400 0 0 0 59 50 WAIT_ACK 0 
b.1 2025-07-18 20:43:09.832 a 2025-07-18-20:43:00 304 041 309 0.1 0.8 2.5 18.7 26.0 731.0 0.00 0 0.0 39.1 24.1 24.4 3.626  -35.3   25.7    0.0  24    3.8   0 0 0 1 1 2 0 17.5 31.5 17.7 31.7 80.0 100 100 20 408 0 143 0 401 401 400 0 0 0 59 50 WAIT_ACK 0 
b.1 2025-07-18 20:44:11.111 a 2025-07-18-20:44:01 109 021 255 0.2 1.8 4.2 18.5 25.9 731.0 0.00 0 0.0 37.6 24.1 24.5 3.626  -38.1   25.7    2.4  24    3.8   5 0 0 1 1 2 0 17.5 31.3 17.7 31.7 80.0 100 100 20 408 0 143 0 401 401 399 0 0 0 59 50 WAIT_ACK 0 
b.1 2025-07-18 20:45:10.674 a 2025-07-18-20:45:01 109 041 145 0.1 1.0 2.8 17.9 27.2 731.0 0.00 0 0.0 37.0 24.1 24.4 3.626  -39.2   25.7    2.3  24    3.6   0 0 0 1 1 2 0 17.5 31.3 17.7 31.8 80.0 100 100 20 408 0 143 0 401 401 399 0 0 0 59 50 WAIT_ACK 0 
b.1 2025-07-18 20:46:11.815 a 2025-07-18-20:46:02 139 065 316 0.2 1.6 3.4 17.5 27.2 731.0 0.00 0 0.0 36.3 24.1 24.4 3.626  -39.2   25.6    2.4  24    3.5   5 0 0 1 1 2 0 17.6 31.1 17.7 31.6 80.0 100 100 20 408 0 143 0 401 401 399 0 0 0 59 50 WAIT_ACK 0 
b.1 2025-07-18 20:47:10.634 a 2025-07-18-20:47:01 282 101 331 0.1 0.8 2.9 17.3 28.3 731.0 0.00 0 0.0 36.5 24.1 24.4 3.633  -35.2   25.5    2.1  24    3.5   0 0 0 1 1 2 0 17.6 31.2 17.7 31.6 80.0 100 100 20 408 0 143 0 402 401 400 0 0 0 59 50 WAIT_ACK 0 
b.1 2025-07-18 20:48:09.177 a 2025-07-18-20:47:59 147 266 240 0.1 1.0 3.1 17.4 27.7 731.0 0.00 0 0.0 36.8 24.1 24.4 3.624  -36.2   25.4    2.2  24    3.5   0 0 0 1 1 2 0 17.5 31.4 17.7 31.7 80.0 100 100 20 408 0 143 0 401 401 399 0 0 0 59 50 WAIT_ACK 0 
b.1 2025-07-18 20:49:10.273 a 2025-07-18-20:49:00 127 021 198 0.1 0.7 2.0 17.5 27.5 731.0 0.00 0 0.0 36.9 24.1 24.4 3.624  -34.8   25.3    0.0  24    3.5   0 0 0 1 1 2 0 17.5 31.1 17.7 31.2 80.0 100 100 20 408 0 143 0 401 402 399 0 0 0 59 50 WAIT_ACK 0 
b.1 2025-07-18 20:50:12.819 a 2025-07-18-20:50:03 127 057 148 0.1 1.2 3.3 17.6 27.3 731.0 0.00 0 0.0 36.8 24.1 24.4 3.633  -34.7   25.3    2.2  24    3.5   0 0 0 1 1 2 0 17.6 30.8 17.7 30.9 80.0 100 100 20 408 0 143 0 401 401 400 0 0 0 59 50 WAIT_ACK 0 
b.1 2025-07-18 20:51:09.832 a 2025-07-18-20:51:00 057 039 081 0.1 1.5 3.1 17.6 27.4 730.9 0.00 0 0.0 36.3 24.1 24.4 3.626  -35.4   25.3    2.3  24    3.5   0 0 0 1 1 2 0 17.6 30.6 17.7 30.7 80.0 100 100 20 408 0 143 0 401 401 399 0 0 0 59 50 WAIT_ACK 0 
b.1 2025-07-18 20:52:10.795 a 2025-07-18-20:52:01 140 058 263 0.0 0.5 2.3 17.6 27.5 730.9 0.00 0 0.0 37.0 24.1 24.4 3.624  -35.8   25.3    2.2  24    3.5   0 0 0 1 1 2 0 17.6 30.5 17.7 30.6 80.0 100 100 20 408 0 143 0 401 401 400 0 0 0 60 50 WAIT_ACK 0 
b.1 2025-07-18 20:53:08.976 a 2025-07-18-20:52:59 116 055 303 0.2 1.6 3.3 17.6 27.3 731.0 0.00 0 0.0 36.5 24.1 24.4 3.627  -36.6   25.3    2.4  24    3.5   0 0 0 1 1 2 0 17.6 30.5 17.6 30.6 80.0 100 100 20 408 0 143 0 401 401 400 0 0 0 60 50 WAIT_ACK 0 
b.1 2025-07-18 20:54:10.496 a 2025-07-18-20:54:00 117 069 309 0.1 1.0 3.4 17.5 27.7 731.0 0.00 0 0.0 36.3 24.1 24.4 3.626  -34.9   25.2    2.3  24    3.4   0 0 0 1 1 2 0 17.5 30.4 17.6 30.5 80.0 100 100 20 408 0 143 0 401 401 399 0 0 0 60 50 WAIT_ACK 0 
b.1 2025-07-18 20:55:11.874 a 2025-07-18-20:55:02 084 038 265 0.1 1.4 3.4 17.4 27.2 731.0 0.00 0 0.0 36.0 24.1 24.4 3.632  -35.6   25.2    2.4  24    3.4   5 0 0 1 1 2 0 17.5 30.4 17.5 30.6 80.0 100 100 20 408 0 143 0 401 401 400 0 0 0 60 50 WAIT_ACK 0 
b.1 2025-07-18 20:56:11.880 a 2025-07-18-20:56:02 057 047 351 0.0 1.5 3.4 17.4 27.2 731.0 0.00 0 0.0 35.2 24.1 24.4 3.633  -34.1   25.2    2.3  24    3.3   0 0 0 1 1 2 0 17.5 30.4 17.5 30.6 80.0 100 100 20 408 0 143 0 401 401 400 0 0 0 60 50 WAIT_ACK 0 
b.1 2025-07-18 20:57:12.197 a 2025-07-18-20:57:02 065 092 142 0.1 0.4 2.5 17.1 28.1 731.0 0.00 0 0.0 36.0 24.1 24.4 3.626  -34.9   25.1    0.0  24    3.4   0 0 0 1 1 2 0 17.4 30.5 17.5 30.6 80.0 100 100 20 408 0 143 0 401 401 399 0 0 0 60 50 WAIT_ACK 0 
b.1 2025-07-18 20:58:12.437 a 2025-07-18-20:58:02 114 074 151 0.1 0.9 2.6 17.2 27.8 731.0 0.00 0 0.0 36.3 24.1 24.4 3.626  -35.1   25.0    2.1  24    3.3   0 0 0 1 1 2 0 17.4 30.4 17.5 30.5 80.0 100 100 20 408 0 143 0 401 401 400 0 0 0 59 50 WAIT_ACK 0 
b.1 2025-07-18 20:59:10.655 a 2025-07-18-20:59:01 119 113 162 0.1 0.7 1.9 17.4 27.9 730.9 0.00 0 0.0 36.7 24.1 24.4 3.626  -37.2   25.1    2.2  25    3.4   0 0 0 1 1 2 0 17.4 30.4 17.5 30.6 80.0 100 100 20 408 0 143 0 400 401 399 0 0 0 60 50 WAIT_ACK 0 
b.1 2025-07-18 21:00:16.496 a 2025-07-18-21:00:06 145 062 270 0.1 1.6 4.3 17.7 27.4 730.9 0.00 0 0.0 36.5 24.1 24.4 3.624  -37.7   25.1    2.5  25    3.5   5 0 0 1 1 2 0 17.4 30.3 17.5 30.5 80.0 100 100 20 408 0 143 0 401 401 400 0 0 0 59 50 WAIT_ACK 0 
b.1 2025-07-18 21:01:09.038 a 2025-07-18-21:00:59 141 047 304 0.3 2.2 4.9 17.8 26.4 730.9 0.00 0 0.0 35.3 24.1 24.4 3.624  -37.5   25.1    2.7  24    3.3   0 0 0 1 1 2 0 17.4 30.3 17.5 30.5 80.0 100 100 20 408 0 143 0 401 401 399 0 0 0 60 50 WAIT_ACK 0 
b.1 2025-07-18 21:02:08.516 a 2025-07-18-21:01:59 228 114 282 0.1 0.8 2.8 17.4 27.5 730.9 0.00 0 0.0 35.3 24.1 24.4 3.626  -33.9   25.1    2.2  24    3.3   0 0 0 1 1 2 0 17.4 30.3 17.4 30.5 80.0 100 100 20 408 0 143 0 401 401 400 0 0 0 60 50 WAIT_ACK 0 
b.1 2025-07-18 21:03:08.678 a 2025-07-18-21:02:59 174 023 296 0.0 1.5 5.6 17.2 28.1 731.0 0.00 0 0.0 35.3 24.1 24.4 3.633  -33.9   25.0    2.2  24    3.3   0 0 0 1 1 2 0 17.3 30.4 17.4 30.5 80.0 100 100 20 408 0 143 0 401 401 399 0 0 0 60 50 WAIT_ACK 0 
b.1 2025-07-18 21:04:11.897 a 2025-07-18-21:04:02 130 022 294 0.2 2.2 5.9 17.1 27.9 730.9 0.00 0 0.0 34.0 24.1 24.4 3.627  -36.7   25.0    2.4  24    3.2   0 0 0 1 1 2 0 17.3 30.4 17.4 30.4 80.0 100 100 20 408 0 143 0 400 402 400 0 0 0 59 50 WAIT_ACK 0 
b.1 2025-07-18 21:05:12.040 a 2025-07-18-21:05:02 130 334 182 0.1 0.9 2.4 17.0 28.4 730.9 0.00 0 0.0 34.3 24.1 24.4 3.627  -33.3   25.0    2.2  25    3.3   0 0 0 1 1 2 0 17.3 30.4 17.4 30.5 80.0 100 100 20 408 0 143 0 401 401 400 0 0 0 59 50 WAIT_ACK 0 
b.1 2025-07-18 21:06:11.562 a 2025-07-18-21:06:02 301 113 309 0.1 0.7 2.9 17.1 28.5 730.9 0.00 0 0.0 35.1 24.1 24.4 3.633  -38.3   25.0    0.0  25    3.4   0 0 0 1 1 2 0 17.3 30.5 17.4 30.5 80.0 100 100 20 408 0 143 0 401 401 399 0 0 0 59 50 WAIT_ACK 0 
b.1 2025-07-18 21:07:10.421 a 2025-07-18-21:07:00 046 351 214 0.1 0.5 2.0 17.4 28.1 730.9 0.00 0 0.0 35.9 24.1 24.5 3.626  -34.0   25.0    0.0  25    3.5   0 0 0 1 1 2 0 17.4 30.4 17.5 30.5 80.0 100 100 20 408 0 143 0 400 401 399 0 0 0 59 50 WAIT_ACK 0 
b.1 2025-07-18 21:08:09.980 a 2025-07-18-21:08:00 025 066 281 0.1 1.2 3.6 17.9 27.0 730.9 0.00 0 0.0 36.1 24.1 24.4 3.626  -36.5   25.1    2.2  25    3.5   5 0 0 1 1 2 0 17.4 30.3 17.5 30.4 80.0 100 100 20 408 0 143 0 402 401 400 0 0 0 59 50 WAIT_ACK 0 
b.1 2025-07-18 21:09:11.819 a 2025-07-18-21:09:02 056 105 333 0.0 0.6 3.0 18.1 26.9 730.9 0.00 0 0.0 36.5 24.1 24.4 3.632  -33.2   25.1    0.0  25    3.5   0 0 0 1 1 2 0 17.4 30.4 17.5 30.4 80.0 100 100 20 408 0 143 0 401 401 400 0 0 0 59 50 WAIT_ACK 0 
b.1 2025-07-18 21:10:12.720 a 2025-07-18-21:10:03 096 001 113 0.0 0.5 1.9 18.3 26.8 730.9 0.00 0 0.0 37.1 24.1 24.5 3.627  -33.5   25.2    0.0  25    3.5   0 0 0 1 1 2 0 17.4 30.4 17.5 30.4 80.0 100 100 20 408 0 143 0 401 401 400 0 0 0 59 50 WAIT_ACK 0 
b.1 2025-07-18 21:11:10.378 a 2025-07-18-21:11:00 194 279 215 0.1 0.9 2.5 18.7 25.9 730.9 0.00 0 0.0 37.1 24.1 24.4 3.627  -35.3   25.2    2.1  25    3.5   0 0 0 1 1 2 0 17.4 30.4 17.5 30.4 80.0 100 100 20 408 0 143 0 401 401 399 0 0 0 60 50 WAIT_ACK 0 
b.1 2025-07-18 21:12:11.759 a 2025-07-18-21:12:02 158 082 331 0.2 1.7 4.2 19.0 25.4 730.9 0.00 0 0.0 36.9 24.1 24.4 3.626  -37.0   25.3    2.3  25    3.6   5 0 0 1 1 2 0 17.4 30.4 17.5 30.4 80.0 100 100 20 408 0 143 0 401 401 400 0 0 0 59 50 WAIT_ACK 0 
b.1 2025-07-18 21:13:09.558 a 2025-07-18-21:12:59 081 213 345 0.1 0.9 2.4 18.9 25.5 730.9 0.00 0 0.0 36.3 24.1 24.4 3.626  -33.6   25.3    2.2  25    3.7   0 0 0 1 1 2 0 17.4 30.4 17.5 30.4 80.0 100 100 20 408 0 143 0 401 401 400 0 0 0 60 50 WAIT_ACK 0 
b.1 2025-07-18 21:14:13.022 a 2025-07-18-21:14:03 143 078 186 0.1 0.9 3.7 18.9 25.5 730.9 0.00 0 0.0 36.7 24.1 24.4 3.626  -34.8   25.4    0.0  24    3.7   0 0 0 1 1 2 0 17.4 30.4 17.6 30.4 80.0 100 100 20 408 0 143 0 401 401 399 0 0 0 60 50 WAIT_ACK 0 
b.1 2025-07-18 21:15:10.680 a 2025-07-18-21:15:01 193 084 220 0.0 0.7 2.4 18.8 25.5 730.9 0.00 0 0.0 36.7 24.1 24.4 3.626  -34.4   25.5    0.0  24    3.7   0 0 0 1 1 2 0 17.4 30.4 17.6 30.4 80.0 100 100 20 408 0 143 0 401 401 399 0 0 0 60 50 WAIT_ACK 0 
b.1 2025-07-18 21:16:11.880 a 2025-07-18-21:16:02 045 065 084 0.1 0.9 3.0 18.7 25.5 731.0 0.00 0 0.0 36.9 24.1 24.4 3.626  -36.7   25.6    2.2  24    3.7   5 0 0 1 1 2 0 17.4 30.4 17.5 30.4 80.0 100 100 20 408 0 143 0 401 401 400 0 0 0 59 50 WAIT_ACK 0 
b.1 2025-07-18 21:17:09.263 a 2025-07-18-21:16:59 114 072 212 0.1 0.8 2.3 18.6 25.7 730.9 0.00 0 0.0 37.0 24.1 24.4 3.624  -36.4   25.6    2.1  24    3.7   5 0 0 1 1 2 0 17.4 30.4 17.6 30.4 80.0 100 100 20 408 0 143 0 401 401 400 0 0 0 60 50 WAIT_ACK 0 
b.1 2025-07-18 21:18:12.005 a 2025-07-18-21:18:02 047 003 080 0.1 1.0 3.2 18.5 26.1 730.9 0.00 0 0.0 37.0 24.1 24.4 3.623  -35.1   25.7    0.0  24    3.8   0 0 0 1 1 2 0 17.4 30.4 17.6 30.4 80.0 100 100 20 408 0 143 0 401 401 400 0 0 0 60 50 WAIT_ACK 0 
b.1 2025-07-18 21:19:10.441 a 2025-07-18-21:19:00 043 003 323 0.1 0.6 1.5 18.5 25.9 730.9 0.00 0 0.0 37.4 24.1 24.4 3.632  -36.2   25.7    0.0  24    3.7   0 0 0 1 1 2 0 17.4 30.4 17.6 30.4 80.0 100 100 20 408 0 143 0 401 402 399 0 0 0 59 50 WAIT_ACK 0 
b.1 2025-07-18 21:20:12.943 a 2025-07-18-21:20:03 139 174 149 0.1 0.6 2.3 18.8 25.8 730.9 0.00 0 0.0 38.1 24.1 24.4 3.624  -35.5   25.7    0.0  24    3.8   0 0 0 1 1 2 0 17.4 30.4 17.6 30.3 80.0 100 100 20 408 0 143 0 401 401 400 0 0 0 59 50 WAIT_ACK 0 
b.1 2025-07-18 21:21:10.082 a 2025-07-18-21:21:00 215 138 267 0.1 0.9 2.9 19.0 25.5 730.9 0.00 0 0.0 38.0 24.1 24.4 3.626  -39.0   25.8    2.1  24    3.8   5 0 0 1 1 2 0 17.4 30.3 17.6 30.4 80.0 100 100 20 408 0 143 0 401 401 399 0 0 0 60 50 WAIT_ACK 0 
b.1 2025-07-18 21:22:11.960 a 2025-07-18-21:22:02 136 091 294 0.1 1.1 3.4 19.1 25.0 730.9 0.00 0 0.0 37.9 24.1 24.4 3.633  -34.8   25.8    0.0  24    3.8   0 0 0 1 1 2 0 17.4 30.4 17.6 30.4 80.0 100 100 20 408 0 143 0 401 401 400 0 0 0 60 50 WAIT_ACK 0 
b.1 2025-07-18 21:23:11.020 a 2025-07-18-21:23:01 239 113 295 0.1 0.7 2.3 19.2 25.5 730.9 0.00 0 0.0 38.1 24.1 24.4 3.626  -34.8   25.9    2.1  24    3.9   0 0 0 1 1 2 0 17.4 30.4 17.6 30.4 80.0 100 100 20 408 0 143 0 401 401 399 0 0 0 59 50 WAIT_ACK 0 
b.1 2025-07-18 21:24:10.540 a 2025-07-18-21:24:00 004 312 297 0.1 0.7 2.3 19.4 24.9 730.9 0.00 0 0.0 38.6 24.1 24.4 3.626  -34.2   25.9    0.0  24    3.9   0 0 0 1 1 2 0 17.4 30.4 17.6 30.4 80.0 100 100 20 408 0 143 0 401 402 399 0 0 0 60 50 WAIT_ACK 0 
b.1 2025-07-18 21:25:12.003 a 2025-07-18-21:25:02 122 016 173 0.1 1.2 4.4 19.5 24.3 731.0 0.00 0 0.0 38.0 24.1 24.4 3.633  -37.2   26.0    2.2  24    3.8   5 0 0 1 1 2 0 17.5 30.3 17.6 30.4 80.0 100 100 20 408 0 143 0 400 401 399 0 0 0 59 50 WAIT_ACK 0 
b.1 2025-07-18 21:26:09.244 a 2025-07-18-21:25:59 056 064 128 0.0 1.2 4.0 19.2 24.7 731.0 0.00 0 0.0 37.1 24.1 24.4 3.632  -35.7   26.0    2.2  24    3.7   0 0 0 1 1 2 0 17.5 30.3 17.6 30.3 80.0 100 100 20 408 0 143 0 401 402 400 0 0 0 60 50 WAIT_ACK 0 
b.1 2025-07-18 21:27:10.901 a 2025-07-18-21:27:01 234 062 311 0.1 0.7 2.7 19.0 25.2 731.0 0.00 0 0.0 37.5 24.1 24.4 3.632  -35.9   26.0    0.0  24    3.6   0 0 0 1 1 2 0 17.5 30.3 17.6 30.4 80.0 100 100 20 408 0 143 0 401 401 399 0 0 0 59 50 WAIT_ACK 0 
b.1 2025-07-18 21:28:11.164 a 2025-07-18-21:28:01 118 065 153 0.1 0.6 2.4 19.0 25.1 731.0 0.00 0 0.0 37.6 24.1 24.4 3.633  -36.4   25.9    0.0  24    3.5   0 0 0 1 1 2 0 17.5 30.2 17.6 30.4 80.0 100 100 20 408 0 143 0 401 401 399 0 0 0 59 50 WAIT_ACK 0 
b.1 2025-07-18 21:29:11.747 a 2025-07-18-21:29:02 110 038 277 0.2 1.3 2.8 18.9 25.2 731.0 0.00 0 0.0 37.4 24.1 24.4 3.626  -36.9   25.8    2.2  24    3.6   0 0 0 1 1 2 0 17.5 30.2 17.6 30.5 80.0 100 100 20 408 0 143 0 401 401 400 0 0 0 60 50 WAIT_ACK 0 
b.1 2025-07-18 21:30:12.848 a 2025-07-18-21:30:03 120 112 218 0.1 1.1 3.5 18.8 25.2 730.9 0.00 0 0.0 37.1 24.1 24.4 3.626  -35.5   25.8    2.1  24    3.5   0 0 0 1 1 2 0 17.5 30.2 17.6 30.4 80.0 100 100 20 408 0 143 0 402 401 400 0 0 0 60 50 WAIT_ACK 0 
b.1 2025-07-18 21:31:11.242 a 2025-07-18-21:31:01 136 129 189 0.1 1.0 4.1 18.7 25.7 730.9 0.00 0 0.0 37.1 24.1 24.4 3.623  -38.2   25.8    2.2  24    3.5   5 0 0 1 1 2 0 17.5 30.3 17.6 30.5 80.0 100 100 20 408 0 143 0 402 401 400 0 0 0 59 50 WAIT_ACK 0 
b.1 2025-07-18 21:32:10.246 a 2025-07-18-21:32:00 158 113 283 0.0 1.0 2.7 18.7 25.2 730.9 0.00 0 0.0 36.8 24.1 24.4 3.626  -35.0   25.8    0.0  24    3.5   0 0 0 1 1 2 0 17.5 30.2 17.6 30.4 80.0 100 100 20 408 0 143 0 401 401 400 0 0 0 60 50 WAIT_ACK 0 
b.1 2025-07-18 21:33:13.062 a 2025-07-18-21:33:03 163 121 292 0.1 1.0 3.7 18.6 25.8 730.9 0.00 0 0.0 36.9 24.1 24.4 3.626  -33.9   25.8    0.0  24    3.6   0 0 0 1 1 2 0 17.5 30.1 17.6 30.4 80.0 100 100 20 408 0 143 0 401 401 399 0 0 0 60 50 WAIT_ACK 0 
b.1 2025-07-18 21:34:09.046 a 2025-07-18-21:33:59 239 120 303 0.1 0.8 2.9 18.9 25.2 730.9 0.00 0 0.0 37.4 24.1 24.4 3.626  -36.9   25.8    2.2  24    3.7   0 0 0 1 1 2 0 17.5 30.1 17.6 30.4 80.0 100 100 20 408 0 143 0 401 401 399 0 0 0 60 50 WAIT_ACK 0 
b.1 2025-07-18 21:35:11.624 a 2025-07-18-21:35:02 250 189 259 0.1 0.8 1.8 19.1 24.7 730.9 0.00 0 0.0 37.3 24.1 24.4 3.626  -36.2   25.9    2.1  24    3.8   0 0 0 1 1 2 0 17.5 30.2 17.6 30.4 80.0 100 100 20 408 0 143 0 401 401 400 0 0 0 60 50 WAIT_ACK 0 
b.1 2025-07-18 21:36:10.927 a 2025-07-18-21:36:01 159 071 280 0.1 0.8 2.7 19.3 24.7 730.9 0.00 0 0.0 37.7 24.1 24.4 3.624  -35.9   26.0    2.2  24    3.8   0 0 0 1 1 2 0 17.5 30.2 17.6 30.3 80.0 100 100 20 408 0 143 0 401 401 400 0 0 0 60 50 WAIT_ACK 0 
b.1 2025-07-18 21:37:10.305 a 2025-07-18-21:37:00 150 070 194 0.1 0.7 2.1 19.5 24.0 730.9 0.00 0 0.0 37.8 24.1 24.4 3.624  -34.6   26.1    0.0  24    3.8   0 0 0 1 1 2 0 17.5 30.0 17.6 30.3 80.0 100 100 20 408 0 143 0 401 401 399 0 0 0 60 50 WAIT_ACK 0 
b.1 2025-07-18 21:38:10.247 a 2025-07-18-21:38:00 118 055 253 0.1 0.5 2.1 19.5 24.4 731.0 0.00 0 0.0 38.0 24.1 24.4 3.633  -34.3   26.2    0.0  23    3.7   0 0 0 1 1 2 0 17.5 30.1 17.6 30.3 80.0 100 100 20 408 0 143 0 401 402 399 0 0 0 60 50 WAIT_ACK 0 
b.1 2025-07-18 21:39:11.944 a 2025-07-18-21:39:02 237 087 288 0.1 1.2 3.5 19.7 24.0 731.0 0.00 0 0.0 37.8 24.1 24.4 3.624  -37.5   26.2    2.2  23    3.7   5 0 0 1 1 2 0 17.5 30.1 17.6 30.4 80.0 100 100 20 408 0 143 0 401 401 399 0 0 0 60 50 WAIT_ACK 0 
b.1 2025-07-18 21:40:11.467 a 2025-07-18-21:40:01 139 020 291 0.1 0.8 3.1 19.6 23.6 730.9 0.00 0 0.0 37.5 24.1 24.4 3.624  -35.2   26.2    0.0  23    3.6   0 0 0 1 1 2 0 17.5 30.1 17.7 30.2 80.0 100 100 20 408 0 143 0 401 401 399 0 0 0 60 50 WAIT_ACK 0 
b.1 2025-07-18 21:41:12.525 a 2025-07-18-21:41:02 133 067 151 0.1 1.2 3.3 19.5 23.9 730.9 0.00 0 0.0 37.7 24.1 24.4 3.633  -37.5   26.2    2.2  23    3.6   0 0 0 1 1 2 0 17.5 29.9 17.7 30.3 80.0 100 100 20 408 0 143 0 401 401 400 0 0 0 60 50 WAIT_ACK 0 
b.1 2025-07-18 21:42:11.904 a 2025-07-18-21:42:02 094 035 183 0.2 1.8 4.4 19.3 23.9 730.9 0.00 0 0.0 36.5 24.1 24.4 3.627  -38.3   26.2    2.4  23    3.6   0 0 0 1 1 2 0 17.5 29.9 17.7 30.2 80.0 100 100 20 408 0 143 0 401 401 399 0 0 0 60 50 WAIT_ACK 0 
b.1 2025-07-18 21:43:12.368 a 2025-07-18-21:43:02 067 034 348 0.1 1.0 3.6 18.8 24.7 730.9 0.00 0 0.0 35.6 24.1 24.4 3.626  -34.8   26.1    2.2  23    3.4   0 0 0 1 1 2 0 17.6 30.0 17.7 30.0 80.0 100 100 20 408 0 143 0 401 401 399 0 0 0 60 50 WAIT_ACK 0 
b.1 2025-07-18 21:44:10.625 a 2025-07-18-21:44:01 192 121 240 0.0 0.5 1.5 18.3 25.6 730.9 0.00 0 0.0 36.2 24.1 24.4 3.626  -36.0   26.0    0.0  23    3.4   0 0 0 1 1 2 0 17.5 29.9 17.7 30.2 80.0 100 100 20 408 0 143 0 401 401 399 0 0 0 59 50 WAIT_ACK 0 
b.1 2025-07-18 21:45:13.066 a 2025-07-18-21:45:03 237 164 327 0.0 1.2 4.9 18.4 25.4 730.9 0.00 0 0.0 36.4 24.1 24.4 3.624  -39.1   26.0    2.2  23    3.4   0 0 0 1 1 2 0 17.5 29.9 17.7 30.1 80.0 100 100 20 408 0 143 0 401 401 399 0 0 0 59 50 WAIT_ACK 0 
b.1 2025-07-18 21:46:10.907 a 2025-07-18-21:46:01 138 066 277 0.1 1.6 4.9 18.4 25.1 730.9 0.00 0 0.0 35.7 24.1 24.4 3.626  -35.7   26.0    2.3  23    3.3   0 0 0 1 1 2 0 17.5 29.8 17.7 30.1 80.0 100 99 20 408 0 144 0 401 401 399 0 0 0 59 50 WAIT_ACK 0 
b.1 2025-07-18 21:47:12.753 a 2025-07-18-21:47:03 055 031 073 0.1 1.3 3.9 18.3 25.3 730.8 0.00 0 0.0 35.4 24.1 24.4 3.624  -37.4   25.9    2.3  23    3.2   0 0 0 1 1 2 0 17.5 29.7 17.6 29.9 80.0 100 100 20 408 0 143 0 402 401 400 0 0 0 59 50 WAIT_ACK 0 
b.1 2025-07-18 21:48:10.969 a 2025-07-18-21:48:01 134 124 231 0.2 0.6 2.2 18.1 25.6 730.8 0.00 0 0.0 35.6 24.1 24.4 3.626  -34.1   25.8    0.0  23    3.1   0 0 0 1 1 2 0 17.5 29.9 17.7 30.1 80.0 100 100 20 408 0 143 0 402 401 400 0 0 0 60 50 WAIT_ACK 0 
b.1 2025-07-18 21:49:11.609 a 2025-07-18-21:49:01 205 130 304 0.0 0.6 1.9 18.2 25.5 730.8 0.00 0 0.0 36.4 24.1 24.4 3.626  -34.6   25.7    0.0  23    3.2   0 0 0 1 1 2 0 17.5 29.8 17.6 30.2 80.0 100 100 20 408 0 143 0 401 401 400 0 0 0 60 50 WAIT_ACK 0 
b.1 2025-07-18 21:50:11.226 a 2025-07-18-21:50:01 036 074 081 0.1 1.8 5.3 18.5 24.8 730.7 0.00 0 0.0 36.0 24.1 24.4 3.626  -39.5   25.7    2.5  23    3.2   5 0 0 1 1 2 0 17.5 29.7 17.7 29.8 80.0 100 100 20 408 0 143 0 401 401 399 0 0 0 59 50 AUTO_PARK 0 
b.1 2025-07-18 21:51:11.970 a 2025-07-18-21:51:02 109 064 303 0.4 2.1 4.2 18.4 24.9 730.7 0.00 0 0.0 34.8 24.1 24.4 3.624  -39.5   25.7    2.7  23    3.1   5 0 0 1 1 2 0 17.6 29.5 17.7 29.7 80.0 100 100 20 408 0 143 0 400 402 399 0 0 0 60 50 AUTO_PARK 0 
b.1 2025-07-18 21:52:10.801 a 2025-07-18-21:52:01 125 059 308 0.2 2.7 5.9 18.1 25.2 730.7 0.00 0 0.0 33.4 24.1 24.4 3.626  -40.6   25.6    3.4  23    2.9   5 0 0 1 1 2 0 17.6 29.5 17.7 29.7 80.0 100 100 20 408 0 143 0 401 401 400 0 0 0 59 50 AUTO_PARK 0 
b.1 2025-07-18 21:53:11.049 a 2025-07-18-21:53:01 218 072 300 0.0 2.4 5.2 17.6 26.4 730.7 0.00 0 0.0 32.4 24.1 24.4 3.626  -34.9   25.4    3.2  23    2.7   0 0 0 1 1 2 0 17.6 29.4 17.7 29.6 80.0 100 100 20 408 0 143 0 401 402 399 0 0 0 60 50 AUTO_PARK 0 
b.1 2025-07-18 21:54:09.832 a 2025-07-18-21:54:00 104 085 223 0.2 1.7 4.3 17.5 26.3 730.7 0.00 0 0.0 32.2 24.1 24.4 3.632  -37.6   25.2    2.7  23    2.7   0 0 0 1 1 2 0 17.6 29.4 17.7 29.7 80.0 100 100 20 408 0 143 0 401 401 400 0 0 0 60 50 AUTO_PARK 0 
b.1 2025-07-18 21:55:13.210 a 2025-07-18-21:55:03 152 088 246 0.0 1.7 5.2 17.5 25.9 730.7 0.00 0 0.0 32.5 24.1 24.4 3.626  -38.3   25.0    2.7  23    2.7   5 0 0 1 1 2 0 17.6 29.3 17.7 29.6 80.0 100 100 20 408 0 143 0 400 401 399 0 0 0 59 50 AUTO_PARK 0 
b.1 2025-07-18 21:56:12.430 a 2025-07-18-21:56:02 193 118 288 0.1 1.7 5.1 17.5 26.6 730.7 0.00 0 0.0 32.4 24.1 24.5 3.626  -34.4   24.9    2.5  23    2.6   0 0 0 1 1 2 0 17.6 29.2 17.7 29.5 80.0 100 100 20 408 0 143 0 401 401 400 0 0 0 60 50 AUTO_PARK 0 
b.1 2025-07-18 21:57:08.937 a 2025-07-18-21:56:59 061 045 095 0.1 1.6 5.0 17.6 25.9 730.7 0.00 0 0.0 32.5 24.1 24.4 3.627  -38.2   24.9    2.4  23    2.6   5 0 0 1 1 2 0 17.6 29.3 17.7 29.8 80.0 100 100 20 408 0 143 0 401 401 399 0 0 0 59 50 AUTO_PARK 0 
b.1 2025-07-18 21:58:12.351 a 2025-07-18-21:58:02 293 282 309 0.0 0.9 3.2 17.5 26.3 730.8 0.00 0 0.0 32.5 24.1 24.4 3.626  -37.2   24.8    2.2  23    2.6   0 0 0 1 1 2 0 17.6 29.4 17.6 29.7 80.0 100 100 20 408 0 143 0 401 401 400 0 0 0 59 50 AUTO_PARK 0 
b.1 2025-07-18 21:59:10.668 a 2025-07-18-21:59:01 008 000 321 0.1 0.8 2.8 17.7 26.2 730.8 0.00 0 0.0 32.9 24.1 24.4 3.633  -34.0   24.8    0.0  24    2.7   0 0 0 1 1 2 0 17.6 29.4 17.7 29.7 80.0 100 100 20 408 0 143 0 401 401 400 0 0 0 60 50 AUTO_PARK 0 
b.1 2025-07-18 22:00:13.250 a 2025-07-18-22:00:03 209 112 225 0.0 0.6 4.6 18.1 25.4 730.7 0.00 0 0.0 34.1 24.1 24.4 3.633  -36.6   24.8    2.1  24    2.8   0 0 0 1 1 2 0 17.6 29.5 17.7 29.7 80.0 100 100 20 408 0 143 0 401 401 399 0 0 0 60 50 AUTO_PARK 0 
b.1 2025-07-18 22:01:09.934 a 2025-07-18-22:01:00 228 055 312 0.2 1.2 3.9 18.0 25.4 730.7 0.00 0 0.0 34.3 24.1 24.4 3.626  -34.0   24.8    2.1  24    2.7   0 0 0 1 1 2 0 17.6 29.3 17.7 29.5 80.0 100 100 20 408 0 143 0 401 401 399 0 0 0 59 50 AUTO_PARK 0 
b.1 2025-07-18 22:02:10.914 a 2025-07-18-22:02:01 030 119 122 0.0 0.8 3.1 18.2 25.4 730.8 0.00 0 0.0 34.8 24.1 24.4 3.626  -34.3   24.9    2.1  24    2.9   0 0 0 1 1 2 0 17.6 29.3 17.7 29.5 80.0 100 100 20 408 0 143 0 401 401 400 0 0 0 60 50 AUTO_PARK 0 
b.1 2025-07-18 22:03:10.891 a 2025-07-18-22:03:01 057 104 098 0.1 1.7 8.5 18.6 24.8 730.7 0.00 0 0.0 34.0 24.1 24.4 3.626  -36.6   25.0    2.2  24    2.8   0 0 0 1 1 2 0 17.6 29.3 17.7 29.5 80.0 100 100 20 408 0 143 0 402 401 399 0 0 0 60 50 AUTO_PARK 0 
b.1 2025-07-18 22:04:07.496 a 2025-07-18-22:03:57 184 121 291 0.1 1.2 3.8 18.6 24.7 730.8 0.00 0 0.0 34.4 24.1 24.4 3.626  -33.8   25.0    0.0  24    2.9   0 0 0 1 1 2 0 17.6 29.3 17.7 29.5 80.0 100 100 20 408 0 143 0 401 401 399 0 0 0 60 50 AUTO_PARK 0 
b.1 2025-07-18 22:05:10.874 a 2025-07-18-22:05:01 172 065 292 0.1 1.6 6.0 18.6 24.8 730.7 0.00 0 0.0 34.4 24.1 24.4 3.626  -37.9   25.0    2.2  24    2.8   5 0 0 1 1 2 0 17.5 29.2 17.7 29.4 80.0 100 100 20 408 0 143 0 402 401 400 0 0 0 60 50 AUTO_PARK 0 
b.1 2025-07-18 22:06:14.470 a 2025-07-18-22:06:04 142 082 195 0.1 1.5 4.8 18.7 24.5 730.8 0.00 0 0.0 33.9 24.1 24.4 3.626  -34.6   25.1    2.2  23    2.8   0 0 0 1 1 2 0 17.6 29.2 17.7 29.3 80.0 100 100 20 408 0 143 0 401 401 399 0 0 0 60 50 AUTO_PARK 0 
b.1 2025-07-18 22:07:11.155 a 2025-07-18-22:07:01 128 054 200 0.3 2.7 5.9 18.5 25.0 730.8 0.00 0 0.0 33.1 24.1 24.4 3.626  -39.1   25.1    2.7  23    2.7   5 0 0 1 1 2 0 17.6 29.2 17.7 29.5 80.0 100 100 20 408 0 143 0 401 401 400 0 0 0 60 50 AUTO_PARK 0 
b.1 2025-07-18 22:08:13.503 a 2025-07-18-22:08:03 145 065 241 0.2 2.5 5.3 18.2 24.8 730.7 0.00 0 0.0 31.4 24.1 24.4 3.627  -34.9   24.9    3.0  23    2.5   0 0 0 1 1 2 0 17.6 29.2 17.7 29.2 80.0 100 100 20 408 0 143 0 401 401 399 0 0 0 60 50 AUTO_PARK 0 
b.1 2025-07-18 22:09:08.832 a 2025-07-18-22:08:59 019 184 256 0.1 0.6 1.4 17.5 26.7 730.8 0.00 0 0.0 32.4 24.1 24.4 3.626  -35.0   24.8    2.3  23    2.5   0 0 0 1 1 2 0 17.6 29.1 17.7 29.5 80.0 100 100 20 408 0 143 0 401 401 400 0 0 0 59 50 AUTO_PARK 0 
b.1 2025-07-18 22:10:13.032 a 2025-07-18-22:10:03 060 243 000 0.1 0.9 2.4 17.6 26.0 730.8 0.00 0 0.0 33.0 24.1 24.4 3.627  -35.4   24.7    2.1  24    2.6   0 0 0 1 1 2 0 17.6 29.1 17.7 29.4 80.0 100 100 20 408 0 143 0 401 401 400 0 0 0 59 50 AUTO_PARK 0 
b.1 2025-07-18 22:11:11.256 a 2025-07-18-22:11:01 007 048 106 0.1 0.7 2.5 17.8 25.9 730.8 0.00 0 0.0 33.8 24.1 24.4 3.627  -36.9   24.8    0.0  24    2.7   0 0 0 1 1 2 0 17.6 29.1 17.6 29.5 80.0 100 100 20 408 0 143 0 400 401 399 0 0 0 60 50 AUTO_PARK 0 
b.1 2025-07-18 22:12:10.634 a 2025-07-18-22:12:01 039 303 340 0.2 1.0 3.6 18.2 25.5 730.7 0.00 0 0.0 34.4 24.1 24.4 3.624  -35.0   24.8    2.2  24    2.9   5 0 0 1 1 2 0 17.6 29.1 17.7 29.5 80.0 100 100 20 408 0 143 0 401 401 400 0 0 0 60 50 AUTO_PARK 0 
b.1 2025-07-18 22:13:09.936 a 2025-07-18-22:13:00 116 098 173 0.1 0.7 2.2 18.4 25.2 730.7 0.00 0 0.0 34.8 24.1 24.4 3.633  -36.0   25.0    0.0  24    3.0   0 0 0 1 1 2 0 17.6 29.1 17.7 29.3 80.0 100 100 20 408 0 143 0 401 401 399 0 0 0 59 50 AUTO_PARK 0 
b.1 2025-07-18 22:14:10.694 a 2025-07-18-22:14:01 190 067 288 0.2 1.5 3.4 18.7 24.2 730.7 0.00 0 0.0 34.7 24.1 24.4 3.626  -34.8   25.1    2.2  24    3.0   0 0 0 1 1 2 0 17.6 29.0 17.7 29.2 80.0 100 100 20 408 0 143 0 401 401 399 0 0 0 59 50 AUTO_PARK 0 
b.1 2025-07-18 22:15:13.517 a 2025-07-18-22:15:03 018 279 074 0.1 0.6 1.9 18.8 24.6 730.7 0.00 0 0.0 35.4 24.1 24.4 3.626  -34.8   25.2    0.0  24    3.1   0 0 0 1 1 2 0 17.6 29.0 17.7 29.3 80.0 100 100 20 408 0 143 0 400 401 400 0 0 0 60 50 AUTO_PARK 0 
b.1 2025-07-18 22:16:07.759 a 2025-07-18-22:15:58 002 191 052 0.1 0.9 2.2 18.8 24.3 730.7 0.00 0 0.0 35.7 24.1 24.4 3.626  -35.5   25.3    0.0  24    3.2   0 0 0 1 1 2 0 17.6 29.0 17.7 29.1 80.0 100 100 20 408 0 143 0 401 401 399 0 0 0 60 50 AUTO_PARK 0 
b.1 2025-07-18 22:17:07.240 a 2025-07-18-22:16:57 148 133 178 0.1 1.0 3.6 19.2 23.9 730.7 0.00 0 0.0 35.6 24.1 24.4 3.626  -36.3   25.4    0.0  24    3.2   0 0 0 1 1 2 0 17.6 29.0 17.7 29.3 80.0 100 100 20 408 0 143 0 400 401 399 0 0 0 60 50 AUTO_PARK 0 
b.1 2025-07-18 22:18:10.160 a 2025-07-18-22:18:00 000 182 343 0.1 0.9 3.5 19.3 23.9 730.7 0.00 0 0.0 35.6 24.1 24.4 3.626  -37.5   25.6    2.1  23    3.2   0 0 0 1 1 2 0 17.6 29.0 17.7 29.3 80.0 100 100 20 408 0 143 0 401 401 400 0 0 0 60 50 AUTO_PARK 0 
b.1 2025-07-18 22:19:08.634 a 2025-07-18-22:18:58 189 082 258 0.3 3.2 7.3 19.2 23.3 730.6 0.00 0 0.0 34.0 24.1 24.4 3.626  -38.4   25.6    3.0  23    2.9   5 0 0 1 1 2 0 17.6 28.9 17.7 29.2 80.0 100 100 20 408 0 143 0 401 401 399 0 0 0 59 50 AUTO_PARK 0 
b.1 2025-07-18 22:20:14.480 a 2025-07-18-22:20:04 193 102 242 0.1 0.7 2.4 18.5 24.3 730.6 0.00 0 0.0 34.0 24.1 24.4 3.626  -34.5   25.5    2.2  23    2.8   0 0 0 1 1 2 0 17.6 28.8 17.7 29.1 80.0 100 100 20 408 0 143 0 401 402 399 0 0 0 60 50 AUTO_PARK 0 
b.1 2025-07-18 22:21:10.418 a 2025-07-18-22:21:00 166 064 223 0.0 0.7 3.2 18.5 24.7 730.7 0.00 0 0.0 34.7 24.1 24.4 3.627  -36.8   25.5    0.0  23    2.9   0 0 0 1 1 2 0 17.6 28.9 17.7 29.2 80.0 100 100 20 408 0 143 0 401 401 400 0 0 0 59 50 AUTO_PARK 0 
b.1 2025-07-18 22:22:12.259 a 2025-07-18-22:22:02 125 046 235 0.2 1.4 4.0 18.6 24.7 730.6 0.00 0 0.0 34.2 24.1 24.4 3.626  -35.6   25.5    2.2  23    2.9   0 0 0 1 1 2 0 17.6 28.8 17.7 29.2 80.0 100 100 20 408 0 143 0 401 401 399 0 0 0 60 50 AUTO_PARK 0 
b.1 2025-07-18 22:23:08.335 a 2025-07-18-22:22:58 094 123 144 0.1 0.6 1.7 18.6 25.0 730.6 0.00 0 0.0 34.7 24.1 24.4 3.628  -34.6   25.4    0.0  23    2.9   0 0 0 1 1 2 0 17.6 29.1 17.7 29.3 80.0 100 100 20 408 0 143 0 401 401 400 0 0 0 59 50 AUTO_PARK 0 
b.1 2025-07-18 22:24:12.240 a 2025-07-18-22:24:02 234 197 290 0.0 0.6 2.2 18.8 24.8 730.6 0.00 0 0.0 35.4 24.1 24.4 3.627  -34.6   25.4    0.0  23    2.9   0 0 0 1 1 2 0 17.6 29.2 17.7 29.3 80.0 100 100 20 408 0 143 0 401 401 400 0 0 0 59 50 AUTO_PARK 0 
b.1 2025-07-18 22:25:11.759 a 2025-07-18-22:25:02 212 130 290 0.1 1.1 3.4 19.0 24.8 730.6 0.00 0 0.0 35.6 24.1 24.4 3.626  -35.2   25.4    2.1  23    3.0   0 0 0 1 1 2 0 17.6 29.3 17.7 29.5 80.0 100 100 20 408 0 143 0 401 401 400 0 0 0 60 50 AUTO_PARK 0 
b.1 2025-07-18 22:26:11.000 a 2025-07-18-22:26:01 192 308 290 0.1 0.9 4.1 19.2 24.9 730.7 0.00 0 0.0 35.6 24.1 24.4 3.631  -37.4   25.5    0.0  23    3.2   0 0 0 1 1 2 0 17.6 29.4 17.7 29.4 80.0 100 100 20 408 0 143 0 401 401 400 0 0 0 59 50 AUTO_PARK 0 
b.1 2025-07-18 22:27:09.997 a 2025-07-18-22:27:00 155 039 212 0.2 3.4 6.4 18.8 25.4 730.6 0.00 0 0.0 33.3 24.1 24.4 3.626  -36.8   25.5    3.1  23    3.1   5 0 0 1 1 2 0 17.6 29.4 17.7 29.6 80.0 100 100 20 408 0 143 0 401 401 400 0 0 0 60 50 AUTO_PARK 0 
b.1 2025-07-18 22:28:11.757 a 2025-07-18-22:28:02 222 219 327 0.1 0.6 2.6 18.2 26.7 730.6 0.00 0 0.0 33.6 24.1 24.4 3.624  -34.2   25.4    2.2  23    3.1   0 0 0 1 1 2 0 17.6 29.5 17.7 29.5 80.0 100 100 20 408 0 143 0 401 401 399 0 0 0 59 50 AUTO_PARK 0 
b.1 2025-07-18 22:29:11.177 a 2025-07-18-22:29:01 090 046 109 0.1 0.5 1.5 18.3 26.5 730.6 0.00 0 0.0 34.6 24.1 24.4 3.633  -35.8   25.3    2.1  24    3.2   0 0 0 1 1 2 0 17.6 29.6 17.7 29.6 80.0 100 100 20 408 0 143 0 401 401 399 0 0 0 60 50 AUTO_PARK 0 
b.1 2025-07-18 22:30:12.236 a 2025-07-18-22:30:02 219 238 289 0.1 0.8 3.0 18.6 26.3 730.6 0.00 0 0.0 35.1 24.1 24.4 3.626  -33.8   25.4    0.0  24    3.3   0 0 0 1 1 2 0 17.6 29.7 17.7 29.7 80.0 100 100 20 408 0 143 0 401 401 399 0 0 0 59 50 AUTO_PARK 0 
b.1 2025-07-18 22:31:11.062 a 2025-07-18-22:31:01 191 017 243 0.1 1.8 6.1 18.9 26.3 730.6 0.00 0 0.0 34.6 24.1 24.4 3.633  -41.7   25.4    2.6  24    3.4   5 0 0 1 1 2 0 17.6 29.9 17.7 29.9 80.0 100 100 20 408 0 143 0 401 401 400 0 0 0 59 50 AUTO_PARK 0 
b.1 2025-07-18 22:32:10.499 a 2025-07-18-22:32:00 206 094 264 0.1 1.0 4.4 18.9 26.3 730.6 0.00 0 0.0 34.3 24.1 24.4 3.626  -34.4   25.4    2.2  24    3.4   0 0 0 1 1 2 0 17.6 30.0 17.7 29.9 80.0 100 100 20 408 0 143 0 401 401 399 0 0 0 59 50 AUTO_PARK 0 
b.1 2025-07-18 22:33:09.841 a 2025-07-18-22:33:00 182 084 198 0.0 1.3 5.9 18.6 27.0 730.6 0.00 0 0.0 34.8 24.1 24.4 3.626  -39.8   25.4    0.0  24    3.6   0 0 0 1 1 2 0 17.6 30.1 17.7 30.1 80.0 100 100 20 408 0 143 0 401 401 399 0 0 0 59 50 AUTO_PARK 0 
b.1 2025-07-18 22:34:09.319 a 2025-07-18-22:33:59 123 038 287 0.3 3.4 8.0 18.7 26.4 730.6 0.00 0 0.0 32.5 24.1 24.4 3.626  -40.6   25.4    3.1  24    3.4   5 0 0 1 1 2 0 17.6 30.0 17.7 30.1 80.0 100 100 20 408 0 143 0 401 401 400 0 0 0 59 50 AUTO_PARK 0 
b.1 2025-07-18 22:35:10.259 a 2025-07-18-22:35:00 136 052 294 0.3 2.8 6.8 18.0 27.3 730.6 0.00 0 0.0 30.9 24.1 24.4 3.626  -35.7   25.2    3.7  24    3.3   0 0 0 1 1 2 0 17.6 30.1 17.7 30.1 80.0 100 100 20 408 0 143 0 401 401 399 0 0 0 59 50 AUTO_PARK 0 
b.1 2025-07-18 22:36:10.105 a 2025-07-18-22:36:00 147 050 190 0.2 1.3 4.6 17.2 28.7 730.6 0.00 0 0.0 31.0 24.1 24.4 3.626  -36.8   25.0    2.7  24    3.1   0 0 0 1 1 2 0 17.6 30.2 17.7 30.3 80.0 100 100 20 408 0 143 0 401 401 399 0 0 0 59 50 AUTO_PARK 0 
b.1 2025-07-18 22:37:11.601 a 2025-07-18-22:37:01 239 194 300 0.1 0.9 3.5 16.9 29.5 730.6 0.00 0 0.0 31.6 24.1 24.4 3.626  -35.3   24.9    2.3  24    3.2   0 0 0 1 1 2 0 17.6 30.2 17.7 30.3 80.0 100 100 20 408 0 143 0 401 401 400 0 0 0 60 50 AUTO_PARK 0 
b.1 2025-07-18 22:38:08.765 a 2025-07-18-22:37:59 079 344 094 0.1 1.3 4.0 17.0 29.4 730.5 0.00 0 0.0 31.7 24.1 24.4 3.626  -34.2   24.8    2.3  25    3.3   0 0 0 1 1 2 0 17.6 30.5 17.7 30.7 80.0 100 100 20 408 0 143 0 401 401 400 0 0 0 60 50 AUTO_PARK 0 
b.1 2025-07-18 22:39:11.621 a 2025-07-18-22:39:01 029 149 294 0.1 0.9 5.1 17.3 29.0 730.5 0.00 0 0.0 32.5 24.1 24.4 3.626  -35.5   24.9    0.0  25    3.4   0 0 0 1 1 2 0 17.6 30.7 17.7 30.8 80.0 100 100 20 408 0 143 0 400 401 399 0 0 0 60 50 AUTO_PARK 0 
b.1 2025-07-18 22:40:11.525 a 2025-07-18-22:40:01 155 046 259 0.1 2.3 6.4 17.7 28.4 730.4 0.00 0 0.0 31.4 24.1 24.4 3.626  -36.4   24.8    2.4  25    3.4   0 0 0 1 1 2 0 17.6 31.0 17.6 31.2 80.0 100 100 20 408 0 143 0 401 401 399 0 0 0 60 50 AUTO_PARK 0 
b.1 2025-07-18 22:41:11.683 a 2025-07-18-22:41:01 127 079 188 0.0 0.5 2.3 17.6 29.0 730.5 0.00 0 0.0 32.2 24.1 24.4 3.627  -33.4   24.8    0.0  25    3.4   0 0 0 1 1 2 0 17.5 31.5 17.6 31.6 80.0 100 100 20 408 0 143 0 401 401 400 0 0 0 60 50 AUTO_PARK 0 
b.1 2025-07-18 22:42:10.759 a 2025-07-18-22:42:01 200 088 240 0.1 0.9 3.0 17.7 29.1 730.5 0.00 0 0.0 33.0 24.1 24.4 3.626  -34.3   24.7    0.0  25    3.5   0 0 0 1 1 2 0 17.5 32.2 17.5 32.2 80.0 100 100 20 408 0 143 0 402 401 399 0 0 0 59 50 AUTO_PARK 0 
b.1 2025-07-18 22:43:11.184 a 2025-07-18-22:43:01 234 154 310 0.0 0.9 3.9 18.1 28.5 730.5 0.00 0 0.0 33.4 24.1 24.4 3.626  -34.0   24.7    2.2  25    3.6   0 0 0 1 1 2 0 17.4 32.5 17.5 32.6 80.0 100 100 20 408 0 143 0 401 401 399 0 0 0 60 50 AUTO_PARK 0 
b.1 2025-07-18 22:44:10.562 a 2025-07-18-22:44:00 314 200 329 0.1 0.8 2.1 18.3 28.9 730.5 0.00 0 0.0 33.9 24.1 24.4 3.626  -33.9   24.8    0.0  26    3.7   0 0 0 1 1 2 0 17.4 32.6 17.4 32.8 80.0 100 100 20 408 0 143 0 401 401 399 0 0 0 59 50 AUTO_PARK 0 
b.1 2025-07-18 22:45:13.285 a 2025-07-18-22:45:03 004 119 263 0.1 1.1 4.8 18.6 28.7 730.5 0.00 0 0.0 34.3 24.1 24.4 3.626  -34.3   24.8    0.0  26    3.8   0 0 0 1 1 2 0 17.4 32.9 17.4 33.1 80.0 100 100 20 408 0 143 0 401 402 399 0 0 0 59 50 AUTO_PARK 0 
b.1 2025-07-18 22:46:09.121 a 2025-07-18-22:45:59 117 134 253 0.1 0.9 4.8 18.8 28.4 730.5 0.00 0 0.0 34.5 24.1 24.4 3.626  -37.2   24.9    2.2  26    4.0   0 0 0 1 1 2 0 17.4 32.9 17.4 32.8 80.0 100 100 20 408 0 143 0 402 401 400 0 0 0 60 50 AUTO_PARK 0 
b.1 2025-07-18 22:47:12.121 a 2025-07-18-22:47:02 152 045 315 0.2 2.2 5.0 18.9 28.7 730.5 0.00 0 0.0 33.5 24.1 24.4 3.626  -38.8   25.0    2.5  26    4.0   5 0 0 1 1 2 0 17.4 33.0 17.5 33.0 80.0 100 100 20 408 0 143 0 401 401 399 0 0 0 60 50 AUTO_PARK 0 
b.1 2025-07-18 22:48:08.026 a 2025-07-18-22:47:58 167 075 290 0.0 1.6 5.3 18.5 29.3 730.5 0.00 0 0.0 33.0 24.1 24.4 3.633  -40.0   24.9    2.4  26    4.0   5 0 0 1 1 2 0 17.4 33.1 17.5 33.0 80.0 100 100 20 408 0 143 0 401 401 399 0 0 0 60 50 AUTO_PARK 0 
b.1 2025-07-18 22:49:10.282 a 2025-07-18-22:49:00 039 242 284 0.0 0.6 2.5 18.0 30.1 730.5 0.00 0 0.0 33.3 24.1 24.5 3.626  -33.7   24.8    0.0  26    4.0   0 0 0 1 1 2 0 17.4 33.1 17.5 33.1 80.0 100 100 20 408 0 143 0 401 401 400 0 0 0 60 50 AUTO_PARK 0 
b.1 2025-07-18 22:50:12.026 a 2025-07-18-22:50:02 007 183 309 0.1 0.9 2.9 18.1 30.1 730.5 0.00 0 0.0 33.7 24.1 24.4 3.626  -34.1   24.8    0.0  26    4.2   0 0 0 1 1 2 0 17.4 33.1 17.5 33.1 80.0 100 100 20 408 0 143 0 401 401 399 0 0 0 60 50 AUTO_PARK 0 
b.1 2025-07-18 22:51:09.605 a 2025-07-18-22:50:59 227 210 304 0.1 0.6 2.0 18.4 29.5 730.5 0.00 0 0.0 34.2 24.1 24.4 3.633  -35.5   24.9    0.0  26    4.2   0 0 0 1 1 2 0 17.4 33.1 17.5 33.0 80.0 100 100 20 408 0 143 0 402 401 400 0 0 0 59 50 AUTO_PARK 0 
b.1 2025-07-18 22:52:10.105 a 2025-07-18-22:52:00 114 036 186 0.1 0.6 1.9 18.7 29.0 730.5 0.00 0 0.0 34.6 24.1 24.4 3.626  -36.0   24.9    0.0  26    4.3   0 0 0 1 1 2 0 17.4 33.1 17.5 33.1 80.0 100 100 20 408 0 143 0 401 402 399 0 0 0 60 50 AUTO_PARK 0 
b.1 2025-07-18 22:53:10.782 a 2025-07-18-22:53:01 141 059 186 0.1 0.9 4.3 19.0 28.3 730.4 0.00 0 0.0 34.6 24.1 24.4 3.626  -35.8   25.0    2.2  26    4.3   5 0 0 1 1 2 0 17.4 33.1 17.5 33.1 80.0 100 100 20 408 0 143 0 401 401 400 0 0 0 59 50 AUTO_PARK 0 
b.1 2025-07-18 22:54:10.483 a 2025-07-18-22:54:00 238 286 293 0.1 0.9 2.9 18.9 28.6 730.5 0.00 0 0.0 34.4 24.1 24.4 3.626  -34.2   25.0    0.0  26    4.3   0 0 0 1 1 2 0 17.4 33.0 17.5 33.1 80.0 100 100 20 408 0 143 0 401 401 399 0 0 0 60 50 AUTO_PARK 0 
b.1 2025-07-18 22:55:14.262 a 2025-07-18-22:55:04 315 062 334 0.1 1.5 5.4 18.7 28.6 730.5 0.00 0 0.0 33.7 24.1 24.4 3.626  -35.8   25.0    2.2  26    4.2   0 0 0 1 1 2 0 17.4 33.0 17.5 33.1 80.0 100 100 20 408 0 143 0 400 401 399 0 0 0 59 50 AUTO_PARK 0 
b.1 2025-07-18 22:56:09.003 a 2025-07-18-22:55:59 196 089 317 0.1 1.8 4.7 18.3 28.7 730.4 0.00 0 0.0 33.2 24.1 24.4 3.627  -36.8   25.0    2.3  26    4.1   5 0 0 1 1 2 0 17.5 33.0 17.5 33.1 80.0 100 100 20 408 0 143 0 401 402 399 0 0 0 60 50 AUTO_PARK 0 
b.1 2025-07-18 22:57:11.211 a 2025-07-18-22:57:01 259 091 303 0.2 1.4 3.9 17.9 29.5 730.4 0.00 0 0.0 32.8 24.1 24.4 3.627  -35.7   24.9    2.3  26    4.0   0 0 0 1 1 2 0 17.4 33.0 17.5 33.1 80.0 100 100 20 408 0 143 0 401 401 400 0 0 0 60 50 AUTO_PARK 0 
b.1 2025-07-18 22:58:09.823 a 2025-07-18-22:58:00 297 137 333 0.1 0.8 2.3 17.9 30.0 730.5 0.00 0 0.0 33.1 24.1 24.4 3.626  -33.9   24.8    0.0  26    4.0   0 0 0 1 1 2 0 17.5 33.0 17.5 33.1 80.0 100 100 20 408 0 143 0 401 401 399 0 0 0 59 50 AUTO_PARK 0 
b.1 2025-07-18 22:59:11.523 a 2025-07-18-22:59:01 315 246 331 0.1 0.6 1.4 18.2 29.1 730.5 0.00 0 0.0 33.8 24.1 24.5 3.626  -34.1   24.8    0.0  26    4.1   0 0 0 1 1 2 0 17.5 33.0 17.6 33.0 80.0 100 100 20 408 0 143 0 401 402 400 0 0 0 60 50 AUTO_PARK 0 
b.1 2025-07-18 23:00:13.864 a 2025-07-18-23:00:04 282 157 324 0.1 1.0 3.7 18.5 28.8 730.5 0.00 0 0.0 34.3 24.1 24.4 3.626  -35.2   24.8    0.0  26    4.2   0 0 0 1 1 2 0 17.5 33.0 17.6 33.1 80.0 100 100 20 408 0 143 0 401 401 400 0 0 0 60 50 AUTO_PARK 0 
b.1 2025-07-18 23:01:09.171 a 2025-07-18-23:00:59 283 317 320 0.1 0.8 2.5 18.7 28.4 730.5 0.00 0 0.0 34.2 24.1 24.4 3.632  -34.1   24.9    0.0  26    4.2   5 0 0 1 1 2 0 17.5 32.9 17.6 33.0 80.0 100 100 20 408 0 143 0 401 401 400 0 0 0 60 50 AUTO_PARK 0 
b.1 2025-07-18 23:02:10.586 a 2025-07-18-23:02:00 234 031 245 0.0 0.5 1.9 18.7 28.4 730.5 0.00 0 0.0 34.5 24.1 24.4 3.632  -34.1   25.0    0.0  26    4.2   0 0 0 1 1 2 0 17.5 33.0 17.6 33.1 80.0 100 100 20 408 0 143 0 401 401 400 0 0 0 60 50 AUTO_PARK 0 
b.1 2025-07-18 23:03:10.153 a 2025-07-18-23:03:00 153 084 277 0.1 1.4 4.8 18.7 28.4 730.5 0.00 0 0.0 34.6 24.1 24.4 3.626  -38.8   25.0    2.2  26    4.2   5 0 0 1 1 2 0 17.5 32.9 17.6 33.1 80.0 100 100 20 408 0 143 0 401 401 400 0 0 0 60 50 AUTO_PARK 0 
b.1 2025-07-18 23:04:08.411 a 2025-07-18-23:03:58 159 052 278 0.2 2.3 5.2 18.7 28.1 730.5 0.00 0 0.0 33.2 24.1 24.4 3.634  -38.7   25.0    2.6  26    4.1   5 0 0 1 1 2 0 17.5 32.9 17.6 33.0 80.0 100 100 20 408 0 143 0 401 402 400 0 0 0 59 50 AUTO_PARK 0 
b.1 2025-07-18 23:05:14.325 a 2025-07-18-23:05:04 177 097 277 0.1 1.1 3.2 18.2 28.6 730.4 0.00 0 0.0 32.5 24.1 24.4 3.626  -38.8   24.9    2.3  26    4.0   5 0 0 1 1 2 0 17.5 32.9 17.6 33.0 80.0 100 100 20 408 0 143 0 402 401 400 0 0 0 60 50 AUTO_PARK 0 
b.1 2025-07-18 23:06:10.967 a 2025-07-18-23:06:01 204 092 294 0.2 1.2 3.0 17.7 29.7 730.4 0.00 0 0.0 32.7 24.1 24.4 3.626  -35.7   24.9    2.2  26    4.0   0 0 0 1 1 2 0 17.5 32.9 17.6 33.0 80.0 100 100 20 408 0 143 0 401 402 399 0 0 0 60 50 AUTO_PARK 0 
b.1 2025-07-18 23:07:11.569 a 2025-07-18-23:07:01 102 141 117 0.1 0.8 2.5 17.6 29.9 730.4 0.00 0 0.0 33.1 24.1 24.4 3.635  -37.7   24.8    0.0  26    4.1   0 0 0 1 1 2 0 17.5 32.9 17.6 33.0 80.0 100 100 20 408 0 143 0 402 401 400 0 0 0 60 50 AUTO_PARK 0 
b.1 2025-07-18 23:08:11.348 a 2025-07-18-23:08:01 148 038 236 0.2 1.7 5.6 17.8 29.4 730.5 0.00 0 0.0 32.4 24.1 24.4 3.626  -38.4   24.8    2.2  26    4.0   5 0 0 1 1 2 0 17.5 32.9 17.6 33.0 80.0 100 100 20 408 0 143 0 401 401 400 0 0 0 59 50 AUTO_PARK 0 
b.1 2025-07-18 23:09:11.948 a 2025-07-18-23:09:02 188 081 243 0.1 1.4 5.2 17.7 29.4 730.5 0.00 0 0.0 31.8 24.1 24.4 3.626  -39.1   24.7    2.3  26    3.9   0 0 0 1 1 2 0 17.5 32.9 17.6 33.1 80.0 100 100 20 408 0 143 0 401 401 400 0 0 0 60 50 AUTO_PARK 0 
b.1 2025-07-18 23:10:11.688 a 2025-07-18-23:10:01 126 108 316 0.2 1.6 3.5 17.4 30.3 730.5 0.00 0 0.0 31.6 24.1 24.4 3.631  -36.7   24.6    2.4  26    3.9   5 0 0 1 1 2 0 17.5 32.9 17.6 33.0 80.0 100 100 20 408 0 143 0 401 401 399 0 0 0 59 50 AUTO_PARK 0 
b.1 2025-07-18 23:11:11.851 a 2025-07-18-23:11:02 244 112 315 0.1 0.8 2.7 17.2 30.6 730.4 0.00 0 0.0 32.0 24.1 24.4 3.626  -37.1   24.5    2.2  26    3.9   0 0 0 1 1 2 0 17.5 32.9 17.6 33.0 80.0 100 100 20 408 0 143 0 401 401 400 0 0 0 60 50 AUTO_PARK 0 
b.1 2025-07-18 23:12:08.608 a 2025-07-18-23:11:58 177 040 238 0.1 1.9 4.2 17.3 30.3 730.4 0.00 0 0.0 31.1 24.1 24.4 3.626  -36.2   24.5    2.4  26    3.8   0 0 0 1 1 2 0 17.5 32.9 17.6 33.1 80.0 100 100 20 408 0 143 0 401 401 400 0 0 0 60 50 AUTO_PARK 0 
b.1 2025-07-18 23:13:11.153 a 2025-07-18-23:13:01 218 046 291 0.3 2.7 7.6 16.9 31.0 730.4 0.00 0 0.0 30.0 24.1 24.4 3.626  -37.9   24.4    2.8  26    3.8   5 0 0 1 1 2 0 17.5 32.9 17.6 33.0 80.0 100 100 20 408 0 143 0 401 401 400 0 0 0 60 50 AUTO_PARK 0 
b.1 2025-07-18 23:14:07.092 a 2025-07-18-23:13:57 134 031 279 0.2 2.9 5.3 16.6 31.6 730.4 0.00 0 0.0 29.0 24.1 24.4 3.627  -37.5   24.2    3.8  26    3.6   0 0 0 1 1 2 0 17.4 33.1 17.6 33.1 80.0 100 100 20 408 0 143 0 401 402 399 0 0 0 60 50 AUTO_PARK 0 
b.1 2025-07-18 23:15:12.611 a 2025-07-18-23:15:02 131 024 269 0.1 3.1 6.2 16.0 32.7 730.4 0.00 0 0.0 28.0 24.1 24.4 3.627  -37.0   24.0    5.3  26    3.5   5 0 0 1 1 2 0 17.3 33.3 17.4 33.3 80.0 100 100 20 408 0 143 0 401 401 400 0 0 0 60 50 AUTO_PARK 0 
b.1 2025-07-18 23:16:09.191 a 2025-07-18-23:15:59 067 040 073 0.1 1.3 4.8 15.6 33.6 730.4 0.00 0 0.0 27.9 24.1 24.4 3.626  -34.0   23.7    2.9  27    3.4   0 0 0 1 1 2 0 17.2 33.5 17.4 33.5 80.0 100 100 20 408 0 143 0 401 401 399 0 0 0 60 50 AUTO_PARK 0 
b.1 2025-07-18 23:17:10.509 a 2025-07-18-23:17:00 270 118 290 0.1 1.0 3.2 15.6 34.0 730.4 0.00 0 0.0 28.8 24.1 24.4 3.626  -34.1   23.6    2.3  27    3.4   0 0 0 1 1 2 0 17.1 33.8 17.3 33.7 80.0 100 100 20 408 0 143 0 401 401 399 0 0 0 60 50 AUTO_PARK 0 
b.1 2025-07-18 23:18:08.729 a 2025-07-18-23:17:59 112 079 143 0.1 1.6 5.7 15.9 33.2 730.4 0.00 0 0.0 29.1 24.1 24.4 3.627  -34.9   23.5    2.4  27    3.5   0 0 0 1 1 2 0 17.1 33.9 17.2 33.8 80.0 100 100 20 408 0 143 0 401 402 399 0 0 0 59 50 AUTO_PARK 0 
b.1 2025-07-18 23:19:11.210 a 2025-07-18-23:19:01 143 083 310 0.1 1.7 4.1 16.2 32.7 730.4 0.00 0 0.0 29.2 24.1 24.4 3.626  -33.8   23.5    2.5  27    3.5   0 0 0 1 1 2 0 17.0 34.0 17.2 34.0 80.0 100 100 20 408 0 143 0 401 401 400 0 0 0 60 50 AUTO_PARK 0 
b.1 2025-07-18 23:20:13.687 a 2025-07-18-23:20:03 234 002 267 0.1 1.0 2.9 16.3 32.7 730.4 0.00 0 0.0 29.5 24.1 24.4 3.626  -34.4   23.4    2.2  27    3.5   0 0 0 1 1 2 0 17.0 34.1 17.1 34.0 80.0 100 100 20 408 0 143 0 401 401 400 0 0 0 59 50 AUTO_PARK 0 
b.1 2025-07-18 23:21:11.910 a 2025-07-18-23:21:02 120 038 237 0.1 1.7 4.6 16.4 32.3 730.4 0.00 0 0.0 29.0 24.1 24.4 3.626  -34.3   23.4    2.4  27    3.5   0 0 0 1 1 2 0 17.0 34.1 17.1 34.1 80.0 100 100 20 408 0 143 0 400 401 399 0 0 0 60 50 AUTO_PARK 0 
b.1 2025-07-18 23:22:12.535 a 2025-07-18-23:22:02 195 062 296 0.1 1.4 3.2 16.4 32.4 730.4 0.00 0 0.0 29.3 24.1 24.4 3.627  -35.3   23.4    2.3  27    3.5   0 0 0 1 1 2 0 16.9 34.2 17.1 34.2 80.0 100 100 20 408 0 143 0 401 401 400 0 0 0 60 50 AUTO_PARK 0 
b.1 2025-07-18 23:23:10.190 a 2025-07-18-23:23:00 105 026 251 0.1 1.8 5.0 16.5 32.3 730.4 0.00 0 0.0 29.2 24.1 24.4 3.633  -36.7   23.4    2.4  27    3.6   5 0 0 1 1 2 0 16.9 34.3 17.1 34.3 80.0 100 100 20 408 0 143 0 401 401 399 0 0 0 59 50 AUTO_PARK 0 
b.1 2025-07-18 23:24:09.114 a 2025-07-18-23:23:59 232 046 264 0.3 2.6 4.9 16.2 32.8 730.4 0.00 0 0.0 28.2 24.1 24.5 3.626  -37.2   23.4    2.9  27    3.6   5 0 0 1 1 2 0 16.9 34.4 17.1 34.4 80.0 100 100 20 408 0 143 0 401 401 400 0 0 0 60 50 AUTO_PARK 0 
b.1 2025-07-18 23:25:11.914 a 2025-07-18-23:25:02 130 071 352 0.5 2.1 5.2 15.9 33.5 730.3 0.00 0 0.0 28.0 24.1 24.4 3.626  -34.1   23.2    2.8  27    3.4   0 0 0 1 1 2 0 16.9 34.5 17.0 34.5 80.0 100 100 20 408 0 143 0 401 401 399 0 0 0 59 50 AUTO_PARK 0 
b.1 2025-07-18 23:26:08.413 a 2025-07-18-23:25:58 241 132 294 0.1 1.3 3.7 15.9 33.7 730.4 0.00 0 0.0 28.4 24.1 24.4 3.626  -34.4   23.2    2.4  28    3.5   0 0 0 1 1 2 0 16.9 34.6 17.0 34.6 80.0 100 100 20 408 0 143 0 401 401 399 0 0 0 60 50 AUTO_PARK 0 
b.1 2025-07-18 23:27:10.851 a 2025-07-18-23:27:01 114 079 311 0.0 1.1 3.8 16.2 33.0 730.3 0.00 0 0.0 29.2 24.1 24.5 3.626  -34.5   23.2    2.2  28    3.6   5 0 0 1 1 2 0 16.8 34.7 17.0 34.7 80.0 100 100 20 408 0 143 0 401 401 399 0 0 0 60 50 AUTO_PARK 0 
b.1 2025-07-18 23:28:08.433 a 2025-07-18-23:27:58 263 110 304 0.1 1.0 3.8 16.6 32.7 730.3 0.00 0 0.0 29.4 24.1 24.4 3.626  -33.1   23.2    0.0  28    3.7   0 0 0 1 1 2 0 16.8 34.8 17.0 34.7 80.0 100 100 20 408 0 143 0 402 401 400 0 0 0 60 50 AUTO_PARK 0 
b.1 2025-07-18 23:29:10.970 a 2025-07-18-23:29:01 230 168 283 0.1 0.6 1.9 16.9 32.7 730.3 0.00 0 0.0 30.4 24.1 24.4 3.631  -33.2   23.3    0.0  28    3.8   0 0 0 1 1 2 0 16.8 34.9 17.0 34.8 80.0 100 100 20 408 0 143 0 401 402 399 0 0 0 60 50 AUTO_PARK 0 
b.1 2025-07-18 23:30:13.933 a 2025-07-18-23:30:04 126 084 234 0.1 1.0 3.8 17.3 31.8 730.3 0.00 0 0.0 31.0 24.1 24.4 3.627  -33.8   23.4    2.2  28    3.9   5 0 0 1 1 2 0 16.8 34.9 16.9 34.9 80.0 100 100 20 408 0 143 0 401 401 399 0 0 0 59 50 AUTO_PARK 0 
b.1 2025-07-18 23:31:10.157 a 2025-07-18-23:31:00 151 357 277 0.2 1.6 5.1 17.6 31.1 730.3 0.00 0 0.0 30.8 24.1 24.4 3.627  -38.4   23.6    2.3  28    4.0   5 0 0 1 1 2 0 16.8 34.9 16.9 34.9 80.0 100 100 20 408 0 143 0 401 401 400 0 0 0 59 50 AUTO_PARK 0 
b.1 2025-07-18 23:32:10.315 a 2025-07-18-23:32:00 105 054 300 0.2 2.6 5.6 17.1 31.7 730.3 0.00 0 0.0 29.1 24.1 24.4 3.626  -35.9   23.7    2.7  28    3.9   5 0 0 1 1 2 0 16.8 34.9 16.9 34.9 80.0 100 100 20 408 0 143 0 400 401 399 0 0 0 59 50 AUTO_PARK 0 
b.1 2025-07-18 23:33:10.792 a 2025-07-18-23:33:01 169 059 245 0.3 2.5 6.0 16.6 32.4 730.3 0.00 0 0.0 28.5 24.1 24.4 3.626  -36.5   23.6    2.9  28    3.8   5 0 0 1 1 2 0 16.8 34.9 16.9 34.9 80.0 100 100 20 408 0 143 0 401 401 400 0 0 0 60 50 AUTO_PARK 0 
b.1 2025-07-18 23:34:10.234 a 2025-07-18-23:34:00 111 052 245 0.1 1.5 3.7 16.3 32.9 730.3 0.00 0 0.0 28.3 24.1 24.4 3.633  -38.4   23.5    2.5  28    3.7   0 0 0 1 1 2 0 16.8 34.8 17.0 34.9 80.0 100 100 20 408 0 143 0 401 401 399 0 0 0 60 50 AUTO_PARK 0 
b.1 2025-07-18 23:35:13.733 a 2025-07-18-23:35:03 117 037 267 0.6 3.6 5.8 15.9 33.5 730.3 0.00 0 0.0 27.2 24.1 24.4 3.633  -37.4   23.3    4.1  28    3.6   5 0 0 1 1 2 0 16.8 34.8 17.0 34.9 80.0 100 100 20 408 0 143 0 401 401 399 0 0 0 59 50 AUTO_PARK 0 
b.1 2025-07-18 23:36:10.851 a 2025-07-18-23:36:01 137 045 236 0.2 3.5 6.9 15.9 33.5 730.3 0.00 0 0.0 26.4 24.1 24.4 3.627  -38.6   23.1    5.4  28    3.6   5 0 0 1 1 2 0 16.8 34.9 17.0 34.9 80.0 100 100 20 408 0 143 0 401 401 400 0 0 0 60 50 AUTO_PARK 0 
b.1 2025-07-18 23:37:11.354 a 2025-07-18-23:37:01 143 042 303 0.4 3.4 5.6 15.6 34.2 730.3 0.00 0 0.0 25.7 24.1 24.4 3.626  -38.0   22.9    5.7  28    3.4   5 0 0 1 1 2 0 16.8 34.9 16.9 34.9 80.0 100 100 20 408 0 143 0 401 401 400 0 0 0 59 50 AUTO_PARK 0 
b.1 2025-07-18 23:38:11.434 a 2025-07-18-23:38:01 117 038 353 0.5 3.0 5.6 15.2 35.0 730.3 0.00 0 0.0 25.3 24.1 24.4 3.627  -34.5   22.6    5.0  28    3.2   0 0 0 1 1 2 0 16.7 35.1 16.9 35.1 80.0 100 100 20 408 0 143 0 401 401 400 0 0 0 60 50 AUTO_PARK 0 
b.1 2025-07-18 23:39:10.397 a 2025-07-18-23:39:00 158 057 270 0.2 1.6 4.0 14.9 35.7 730.3 0.00 0 0.0 25.7 24.1 24.4 3.627  -35.0   22.4    3.1  28    3.2   5 0 0 1 1 2 0 16.7 35.2 16.8 35.2 80.0 100 100 20 408 0 143 0 401 401 399 0 0 0 59 50 AUTO_PARK 0 
b.1 2025-07-18 23:40:14.216 a 2025-07-18-23:40:04 090 034 351 0.1 0.9 4.6 14.9 36.0 730.3 0.00 0 0.0 26.6 24.1 24.4 3.626  -34.2   22.3    2.3  29    3.3   5 0 0 1 1 2 0 16.7 35.3 16.8 35.3 80.0 100 100 20 408 0 143 0 401 401 399 0 0 0 60 50 AUTO_PARK 0 
b.1 2025-07-18 23:41:07.457 a 2025-07-18-23:40:57 024 087 348 0.0 0.9 3.6 15.2 35.4 730.3 0.00 0 0.0 27.3 24.1 24.4 3.627  -32.4   22.3    2.2  29    3.4   0 0 0 1 1 2 0 16.6 35.3 16.7 35.4 80.0 100 100 20 408 0 143 0 401 401 399 0 0 0 60 50 AUTO_PARK 0 
b.1 2025-07-18 23:42:09.759 a 2025-07-18-23:41:59 245 166 278 0.1 0.7 2.7 15.7 34.9 730.3 0.00 0 0.0 28.1 24.1 24.4 3.634  -32.1   22.3    0.0  29    3.5   0 0 0 1 1 2 0 16.6 35.4 16.7 35.5 80.0 100 100 20 408 0 143 0 402 401 400 0 0 0 60 50 AUTO_PARK 0 
b.1 2025-07-18 23:43:10.293 a 2025-07-18-23:43:00 151 083 239 0.1 1.8 4.4 16.2 33.7 730.3 0.00 0 0.0 28.2 24.1 24.4 3.626  -36.0   22.4    2.4  29    3.6   5 0 0 1 1 2 0 16.6 35.5 16.7 35.6 80.0 100 100 20 408 0 143 0 401 401 400 0 0 0 60 50 AUTO_PARK 0 
b.1 2025-07-18 23:44:12.076 a 2025-07-18-23:44:02 131 035 215 0.1 2.2 5.9 16.4 33.6 730.3 0.00 0 0.0 27.5 24.1 24.4 3.626  -35.3   22.5    2.5  29    3.6   5 0 0 1 1 2 0 16.6 35.6 16.7 35.6 80.0 100 100 20 408 0 143 0 401 401 400 0 0 0 60 50 AUTO_PARK 0 
b.1 2025-07-18 23:45:11.736 a 2025-07-18-23:45:01 143 044 305 0.3 3.0 6.3 16.2 33.9 730.2 0.00 0 0.0 26.5 24.1 24.4 3.633  -35.6   22.4    3.3  29    3.6   5 0 0 1 1 2 0 16.6 35.7 16.7 35.8 80.0 100 100 20 408 0 143 0 401 401 399 0 0 0 59 50 AUTO_PARK 0 
b.1 2025-07-18 23:46:10.835 a 2025-07-18-23:46:01 162 033 245 0.2 2.4 5.9 15.8 34.5 730.2 0.00 0 0.0 26.0 24.1 24.4 3.626  -35.3   22.3    3.2  29    3.5   5 0 0 1 1 2 0 16.5 35.8 16.7 35.9 80.0 100 100 20 408 0 143 0 401 401 399 0 0 0 60 50 AUTO_PARK 0 
b.1 2025-07-18 23:47:10.996 a 2025-07-18-23:47:01 148 056 310 0.1 2.2 4.0 15.6 34.9 730.2 0.00 0 0.0 26.0 24.1 24.4 3.626  -36.1   22.3    3.1  29    3.5   5 0 0 1 1 2 0 16.5 35.9 16.7 36.0 80.0 100 100 20 408 0 143 0 401 401 400 0 0 0 59 50 AUTO_PARK 0 
b.1 2025-07-18 23:48:10.898 a 2025-07-18-23:48:01 136 064 314 0.2 2.0 5.6 15.5 35.2 730.2 0.00 0 0.0 26.0 24.1 24.4 3.634  -34.0   22.1    2.7  29    3.4   0 0 0 1 1 2 0 16.5 36.0 16.7 36.0 80.0 100 100 20 408 0 143 0 401 402 399 0 0 0 60 50 AUTO_PARK 0 
b.1 2025-07-18 23:49:10.880 a 2025-07-18-23:49:01 147 063 343 0.2 2.1 5.3 15.6 35.0 730.2 0.00 0 0.0 26.3 24.1 24.4 3.626  -36.5   22.1    2.9  29    3.5   5 0 0 1 1 2 0 16.5 36.0 16.6 36.0 80.0 100 100 20 408 0 143 0 401 401 399 0 0 0 59 50 AUTO_PARK 0 
b.1 2025-07-18 23:50:13.539 a 2025-07-18-23:50:03 010 060 133 0.5 2.5 4.8 15.5 35.1 730.2 0.00 0 0.0 25.9 24.1 24.4 3.627  -34.5   22.0    3.2  30    3.4   5 0 0 1 1 2 0 16.5 36.1 16.6 36.1 80.0 100 100 20 408 0 143 0 401 401 400 0 0 0 60 50 AUTO_PARK 0 
b.1 2025-07-18 23:51:10.720 a 2025-07-18-23:51:00 159 073 311 0.1 1.9 4.3 15.5 35.3 730.2 0.00 0 0.0 26.0 24.1 24.4 3.627  -35.8   22.0    2.7  30    3.4   5 0 0 1 1 2 0 16.5 36.2 16.6 36.1 80.0 100 100 20 408 0 143 0 402 401 399 0 0 0 60 50 AUTO_PARK 0 
b.1 2025-07-18 23:52:07.141 a 2025-07-18-23:51:57 244 092 323 0.1 1.3 3.9 15.6 35.2 730.2 0.00 0 0.0 26.3 24.1 24.4 3.626  -33.3   21.9    2.3  30    3.5   0 0 0 1 1 2 0 16.5 36.2 16.6 36.1 80.0 100 100 20 408 0 143 0 401 401 400 0 0 0 59 50 AUTO_PARK 0 
b.1 2025-07-18 23:53:08.380 a 2025-07-18-23:52:58 142 068 318 0.3 2.2 4.4 15.9 34.9 730.2 0.00 0 0.0 26.4 24.1 24.4 3.626  -33.9   22.0    2.6  30    3.6   5 0 0 1 1 2 0 16.4 36.3 16.6 36.2 80.0 100 100 20 408 0 143 0 401 401 400 0 0 0 60 50 AUTO_PARK 0 
b.1 2025-07-18 23:54:11.321 a 2025-07-18-23:54:01 156 077 301 0.2 2.0 4.3 16.0 34.8 730.2 0.00 0 0.0 26.3 24.1 24.5 3.626  -35.7   22.0    2.6  30    3.6   5 0 0 1 1 2 0 16.4 36.3 16.6 36.2 80.0 100 100 20 408 0 143 0 401 401 399 0 0 0 60 50 AUTO_PARK 0 
b.1 2025-07-18 23:55:12.460 a 2025-07-18-23:55:02 141 063 286 0.3 2.0 4.8 16.0 34.7 730.2 0.00 0 0.0 26.1 24.1 24.4 3.627  -35.6   22.0    2.7  30    3.6   5 0 0 1 1 2 0 16.4 36.4 16.6 36.3 80.0 100 100 20 408 0 143 0 401 401 400 0 0 0 60 50 AUTO_PARK 0 
b.1 2025-07-18 23:56:11.920 a 2025-07-18-23:56:02 123 047 302 0.3 2.7 6.2 15.9 34.8 730.2 0.00 0 0.0 25.6 24.1 24.4 3.626  -36.1   22.0    3.1  30    3.6   5 0 0 1 1 2 0 16.4 36.5 16.5 36.4 80.0 100 100 20 408 0 143 0 401 402 399 0 0 0 60 50 AUTO_PARK 0 
b.1 2025-07-18 23:57:08.980 a 2025-07-18-23:56:59 172 067 246 0.1 1.8 4.3 15.7 35.1 730.2 0.00 0 0.0 25.6 24.1 24.4 3.627  -35.3   21.9    2.7  30    3.6   5 0 0 1 1 2 0 16.4 36.6 16.5 36.5 80.0 100 100 20 408 0 143 0 401 401 400 0 0 0 60 50 AUTO_PARK 0 
b.1 2025-07-18 23:58:12.161 a 2025-07-18-23:58:02 159 061 308 0.4 2.2 5.3 15.7 35.2 730.1 0.00 0 0.0 25.7 24.1 24.4 3.626  -36.2   21.9    2.8  30    3.6   5 0 0 1 1 2 0 16.3 36.6 16.5 36.5 80.0 100 100 20 408 0 143 0 401 401 400 0 0 0 59 50 AUTO_PARK 0 
b.1 2025-07-18 23:59:11.759 a 2025-07-18-23:59:02 121 042 319 0.3 3.4 6.4 15.5 35.5 730.1 0.00 0 0.0 24.9 24.1 24.4 3.626  -36.4   21.8    3.9  30    3.6   5 0 0 1 1 2 0 16.3 36.6 16.5 36.5 80.0 100 100 20 408 0 143 0 401 401 400 0 0 0 60 50 AUTO_PARK 0 
